코드,회사명,외인지분율_최근,PBR_최근,시가총액_억,종가_최근,수급동행,지분율기준_6m,변화폭_6m,순위_6m,순매수억_외국인_6m,순매수억_기관_6m,순매수억_개인_6m,순매수억_사모_6m,주가등락pct_6m,주식수변동pct_6m,장외변동pct_6m,개인강도순위_6m,플래그_개인몰림_6m,강도pct_6m,강도순위_6m,플래그_주식수변동_6m,플래그_장외변동_6m,플래그_기관동반_6m,플래그_개인순매도_6m,지분율기준_3m,변화폭_3m,순위_3m,순매수억_외국인_3m,순매수억_기관_3m,순매수억_개인_3m,순매수억_사모_3m,주가등락pct_3m,주식수변동pct_3m,장외변동pct_3m,개인강도순위_3m,플래그_개인몰림_3m,강도pct_3m,강도순위_3m,플래그_주식수변동_3m,플래그_장외변동_3m,플래그_기관동반_3m,플래그_개인순매도_3m,지분율기준_1m,변화폭_1m,순위_1m,순매수억_외국인_1m,순매수억_기관_1m,순매수억_개인_1m,순매수억_사모_1m,주가등락pct_1m,주식수변동pct_1m,장외변동pct_1m,개인강도순위_1m,플래그_개인몰림_1m,강도pct_1m,강도순위_1m,플래그_주식수변동_1m,플래그_장외변동_1m,플래그_기관동반_1m,플래그_개인순매도_1m,지분율기준_1w,변화폭_1w,순위_1w,순매수억_외국인_1w,순매수억_기관_1w,순매수억_개인_1w,순매수억_사모_1w,주가등락pct_1w,주식수변동pct_1w,장외변동pct_1w,개인강도순위_1w,플래그_개인몰림_1w,강도pct_1w,강도순위_1w,플래그_주식수변동_1w,플래그_장외변동_1w,플래그_기관동반_1w,플래그_개인순매도_1w,강도유형
0001A0,덕양에너젠,2.279296875,3.34,2025.0,7950.0,,,,,-94.7,-905.3,1112.7,-585.7,,,,,False,,,False,False,False,False,1.01953125,1.26,332,1.7,-176.1,176.3,-138.9,-55.49,2.73,0.31,113,False,1.064,363,True,False,False,False,1.8896484375,0.39,513,13.1,-8.7,-7.7,-8.9,-28.05,2.32,-0.17,,False,0.619,367,True,False,False,True,2.220703125,0.06,693,1.4,1.0,-2.2,-0.3,-1.73,0.0,0.01,,False,0.064,688,False,False,True,True,지속
000250,삼천당제약,7.58984375,15.51,43185.0,184100.0,,3.650390625,3.94,156,5451.1,-1996.7,-3388.6,-824.9,-27.38,0.0,-1.25,,False,5.186,100,False,True,False,True,6.44140625,1.15,350,741.6,-733.9,-67.8,-115.4,-63.54,0.0,-0.35,,False,1.501,283,False,False,False,True,6.859375,0.73,329,281.6,267.6,-546.6,-71.6,-30.53,0.0,0.15,,False,0.591,384,False,False,True,True,7.41015625,0.18,416,31.3,-20.6,-23.8,-17.8,-4.56,0.0,0.1,,False,0.081,622,False,False,False,True,지속
000440,중앙에너비스,2.830078125,1.19,869.0,13950.0,,1.4599609375,1.37,441,-4.7,0.0,5.5,0.0,-14.84,0.0,-0.15,,False,1.545,418,False,False,False,False,3.189453125,-0.36,1099,-10.3,0.0,10.3,,-34.97,0.0,0.11,656,False,-0.451,1132,False,False,False,False,3.05078125,-0.22,1321,-5.0,0.0,5.0,,-9.42,0.0,0.23,328,False,-0.446,1423,False,False,False,False,2.880859375,-0.05,1326,-2.3,-0.0,2.3,,1.01,0.0,0.16,255,False,-0.214,1512,False,False,False,False,
0004V0,엔비알모션,7.80859375,1.63,592.0,5380.0,,1.6796875,6.13,68,17.2,-381.8,466.6,19.8,-73.07,5.82,0.37,5,True,6.128,65,True,False,False,False,5.44140625,2.37,203,-62.4,-102.4,181.8,18.1,-74.44,5.82,0.81,17,True,2.012,231,True,False,False,False,2.849609375,4.96,14,31.5,-31.7,3.2,-0.9,-53.7,5.82,0.66,152,False,4.76,15,True,False,False,False,4.44921875,3.36,2,17.2,-30.0,15.1,,-16.46,0.0,0.64,9,True,2.722,3,False,False,False,False,
0004Y0,디비금융제14호스팩,0.320068359375,0.0,106.0,1999.0,,0.3798828125,-0.06,1101,-0.1,-3.3,2.8,-2.2,-0.79,0.0,-0.09,237,False,-0.061,1120,False,False,False,False,0.320068359375,0.0,771,0.0,-3.3,3.2,-3.0,-2.49,0.0,-0.1,151,False,-0.0,803,False,False,False,False,0.320068359375,0.0,913,-0.0,-1.8,1.7,-2.2,-0.55,0.0,-0.09,91,False,-0.001,959,False,False,False,False,0.340087890625,-0.02,1215,-0.0,-0.6,0.5,-0.6,-0.55,0.0,-0.05,116,False,-0.004,1046,False,False,False,False,
0007C0,아크릴,5.6796875,2.79,1221.0,15200.0,,3.400390625,2.28,296,22.8,-175.6,365.1,-117.1,-44.93,0.63,0.19,29,False,2.074,325,False,False,False,False,3.890625,1.79,262,31.9,-17.0,1.5,-23.6,-61.52,0.0,-0.6,,False,2.404,189,False,False,False,False,3.0703125,2.61,60,34.5,-8.7,-28.1,-8.1,-32.14,0.0,0.04,,False,2.578,60,False,False,False,True,5.3203125,0.36,206,2.0,-1.8,-0.2,-0.1,0.4,0.0,0.21,,False,0.156,406,False,False,False,True,
0007J0,인벤테라,4.98046875,3.58,603.0,7670.0,,,,,16.6,-214.4,485.9,-61.8,,,,,False,,,False,False,False,False,1.0595703125,3.92,98,22.3,-60.5,72.7,-39.9,-68.37,0.0,0.86,117,False,3.218,135,False,False,False,False,4.21875,0.76,317,6.0,-6.2,1.0,-5.6,-31.4,0.0,-0.06,452,False,0.877,260,False,False,False,False,4.76953125,0.21,368,0.4,0.1,-0.5,0.1,-5.66,0.0,0.15,,False,0.065,682,False,False,True,True,지속
0008Z0,에스엔시스,7.6015625,1.19,2057.0,21800.0,,7.73046875,-0.13,1136,53.7,37.7,-173.4,-2.6,-35.22,0.0,-1.07,,False,0.903,588,False,True,True,True,7.26953125,0.33,569,58.9,73.6,-141.4,19.8,-32.4,0.0,-0.73,,False,1.046,368,False,False,True,True,8.4609375,-0.86,1633,-16.7,0.9,13.0,0.5,-23.78,0.0,-0.27,353,False,-0.624,1502,False,False,True,False,7.21875,0.38,189,1.5,1.1,-2.9,,6.86,0.0,0.31,,False,0.075,651,False,False,True,True,
0009K0,에임드바이오,1.9599609375,7.05,13678.0,21150.0,,0.239990234375,1.72,376,459.8,319.5,698.2,-737.9,-62.03,0.8,-0.25,240,False,1.986,346,False,False,True,False,1.2197265625,0.74,437,106.1,-452.8,348.4,-214.8,-58.77,0.0,-0.0,377,False,0.73,432,False,False,False,False,2.01953125,-0.06,1142,-4.3,15.3,-9.4,-30.1,-26.05,0.0,-0.01,,False,-0.021,1006,False,False,True,True,1.91015625,0.05,725,14.2,-8.5,-6.0,-3.1,-9.81,0.0,-0.05,,False,0.097,574,False,False,False,True,지속
001000,신라섬유,5.55078125,1.61,233.0,960.0,,4.66015625,0.89,564,0.5,-0.0,-1.5,,-55.24,0.0,0.55,,False,0.395,795,False,False,False,True,5.71875,-0.17,978,-4.9,-0.0,4.6,,-52.83,0.0,0.46,612,False,-0.661,1242,False,False,False,False,4.46875,1.08,218,0.3,-0.0,-0.5,,-29.67,0.0,0.51,,False,0.524,424,False,False,False,True,5.16015625,0.39,176,-1.0,-0.0,0.9,,21.83,0.0,0.75,185,False,-0.361,1590,False,False,False,False,스파이크
0010F0,보원케미칼,5.8984375,0.0,249.0,2230.0,,,,,10.9,-114.2,206.0,-91.0,,,,,False,,,False,False,False,False,1.599609375,4.3,85,9.4,-31.2,80.3,-27.7,-73.76,0.0,0.12,15,True,4.163,85,False,False,False,False,5.12109375,0.78,308,1.7,-0.0,-1.8,,-30.42,0.0,-0.08,,False,0.825,278,False,False,False,True,5.26953125,0.63,81,1.5,-0.0,-1.5,,3.72,0.0,-0.0,,False,0.645,54,False,False,False,True,지속
0010V0,제이피아이헬스케어,0.97998046875,0.64,408.0,8000.0,,2.890625,-1.91,1620,-13.6,-0.7,12.9,0.0,-42.2,0.0,-0.52,377,False,-1.71,1629,False,False,False,False,1.490234375,-0.51,1169,-2.4,-0.8,0.8,,-36.51,0.0,-0.32,,False,-0.439,1128,False,False,False,False,1.1904296875,-0.21,1309,-0.5,-0.0,-1.4,,-3.61,0.0,-0.12,,False,-0.097,1134,False,False,False,True,1.099609375,-0.12,1475,-0.1,-0.0,-1.5,,8.99,0.0,-0.09,,False,-0.031,1188,False,False,False,True,스파이크
0011A0,액스비스,6.03125,2.3,868.0,9300.0,,,,,-14.5,-137.9,625.6,-53.5,,,,,False,,,False,False,False,False,2.189453125,3.84,102,37.6,-75.9,116.4,-26.7,-61.33,0.0,0.28,33,False,3.709,108,False,False,False,False,5.4609375,0.57,407,3.7,-9.3,8.7,-4.4,-34.83,0.0,0.36,223,False,0.373,506,False,False,False,False,6.21875,-0.19,1565,-2.8,0.8,2.0,-0.2,2.42,0.0,0.12,229,False,-0.319,1571,False,False,True,False,
0011T0,채비,3.80078125,2.89,2470.0,5260.0,,,,,-421.9,-638.8,1529.6,-257.3,,,,,False,,,False,False,False,False,,,,-421.9,-638.8,1529.6,-257.3,,,,,False,,,False,False,False,False,4.23046875,-0.43,1461,-21.2,-1.3,26.4,0.2,-43.8,0.0,0.3,217,False,-0.634,1510,False,False,False,False,3.76953125,0.03,799,-3.1,-0.0,3.0,-0.0,-5.05,0.0,0.14,382,False,-0.108,1376,False,False,False,False,
0013V0,삼진식품,2.759765625,1.19,500.0,5040.0,,0.320068359375,2.44,268,-1.8,-26.4,90.0,-17.2,-51.4,0.0,0.36,44,False,2.015,338,False,False,False,False,2.109375,0.65,464,-0.5,-9.0,10.3,-8.4,-35.3,0.0,0.08,584,False,0.641,460,False,False,False,False,1.4404296875,1.32,174,6.8,2.3,-9.3,2.5,-11.42,0.0,-0.1,,False,1.376,157,False,False,True,True,2.69921875,0.06,693,1.0,-0.0,-1.0,-0.0,2.34,0.0,-0.13,,False,0.187,344,False,False,False,True,
001540,안국약품,4.98046875,0.8,1521.0,11660.0,,5.078125,-0.1,1119,-2.1,4.4,-6.1,4.9,46.3,0.0,-0.06,,False,-0.5,1352,False,False,True,True,3.439453125,1.54,294,13.9,4.8,-19.0,5.1,42.54,0.0,0.23,,False,1.056,365,False,False,True,True,3.880859375,1.1,215,13.2,-2.0,-4.4,-0.6,6.87,0.0,0.52,,False,0.967,237,False,False,False,True,4.5,0.48,132,3.0,-0.8,-1.1,-0.4,6.58,0.0,0.36,,False,0.189,339,False,False,False,True,
0015G0,그린광학,6.53125,2.87,1881.0,16070.0,,1.0498046875,5.48,89,129.5,-284.1,165.0,-184.3,-38.55,0.0,1.25,192,False,4.291,142,False,True,False,False,3.669921875,2.86,163,75.6,-45.4,-18.9,-35.0,-48.08,0.0,-0.01,,False,2.894,159,False,False,False,True,6.44140625,0.09,754,3.7,6.6,-9.9,1.7,-16.21,0.0,-0.15,,False,0.274,583,False,False,True,True,6.28125,0.25,311,3.5,3.5,-6.8,0.4,9.99,0.0,0.1,,False,0.159,399,False,False,True,True,
0015N0,아로마티카,5.171875,1.55,660.0,5250.0,,1.4501953125,3.72,169,10.5,-64.3,54.9,-34.3,-43.06,-1.09,0.62,198,False,3.053,233,True,False,False,False,4.1484375,1.02,380,-5.2,-30.0,34.8,-14.3,-47.45,-1.09,0.28,163,False,0.739,427,True,False,False,False,4.9609375,0.21,643,-1.8,-9.0,10.1,0.2,-9.95,-1.09,-0.05,155,False,0.242,614,True,False,False,False,3.66015625,1.51,15,3.8,0.5,-3.9,0.5,6.17,0.0,0.94,,False,0.574,69,False,False,True,True,
0015S0,페스카로,3.109375,1.11,691.0,7000.0,,0.47998046875,2.63,254,1.6,-72.8,94.5,-9.6,-62.0,2.11,0.65,184,False,1.965,351,True,False,False,False,2.240234375,0.87,406,6.3,-7.8,2.8,-2.5,-56.36,2.11,-0.42,,False,1.36,304,True,False,False,False,2.33984375,0.77,313,6.1,0.0,-6.3,0.0,-29.08,0.0,-0.05,,False,0.843,267,False,False,False,True,2.83984375,0.27,292,1.5,-0.0,-1.5,-0.0,1.74,0.0,0.07,,False,0.204,314,False,False,False,True,지속
0017J0,세미티에스,1.25,0.0,901.0,2990.0,,,,,-8.3,-153.2,274.0,-25.7,,,,,False,,,False,False,False,False,,,,-8.3,-153.2,274.0,-25.7,,,,,False,,,False,False,False,False,1.41015625,-0.16,1247,-4.3,-0.4,19.1,-1.0,-47.36,0.0,-0.25,117,False,0.071,807,False,False,False,False,0.2099609375,1.04,35,8.3,-3.5,5.3,0.3,-15.18,0.0,0.27,120,False,0.805,38,False,False,False,False,
001810,무림SP,0.66015625,0.13,261.0,1180.0,,0.64013671875,0.02,963,0.1,-0.3,6.9,-0.0,-19.12,0.0,-0.21,498,False,0.212,902,False,False,False,False,0.60986328125,0.05,701,0.4,0.0,2.4,,-45.87,0.0,-0.21,697,False,0.215,618,False,False,False,False,1.1904296875,-0.53,1516,-0.5,-0.0,-0.1,,-1.17,0.0,-0.34,,False,-0.199,1247,False,False,False,True,0.759765625,-0.1,1452,-0.1,0.0,0.1,,0.43,0.0,-0.05,500,False,-0.053,1264,False,False,False,False,
001840,이화공영,0.56982421875,4.03,626.0,2215.0,,1.0498046875,-0.48,1293,,,,,37.07,26.81,-0.26,,False,,,True,False,False,False,0.60009765625,-0.03,880,,,,,0.0,0.0,-0.03,,False,,,False,False,False,False,0.56982421875,0.0,913,,,,,0.0,0.0,0.0,,False,,,False,False,False,False,0.56982421875,0.0,908,,,,,0.0,0.0,0.0,,False,,,False,False,False,False,
002230,피에스텍,8.046875,0.56,838.0,4550.0,,4.8203125,3.23,199,22.5,-1.9,-21.4,-0.0,-59.59,-4.42,0.1,,False,2.837,257,True,False,False,True,5.3984375,2.65,183,25.4,-0.0,-26.0,-0.0,-51.28,-4.42,0.1,,False,2.222,206,True,False,False,True,7.828125,0.22,630,1.4,-0.0,-2.1,,-18.75,-1.52,-0.11,,False,0.205,655,True,False,False,True,7.76171875,0.29,270,1.1,0.0,-1.1,,2.36,-1.52,0.04,,False,0.127,482,True,False,False,True,지속
002290,삼일기업공사,5.83984375,0.55,407.0,3280.0,,4.859375,0.98,543,-5.0,24.2,-19.0,22.5,-5.88,0.0,2.02,,False,-1.046,1519,False,True,True,True,5.69140625,0.15,644,-8.8,8.7,0.0,7.1,-18.81,0.0,1.97,884,False,-1.822,1586,False,True,True,False,4.12890625,1.71,113,0.2,0.1,-0.3,,-6.02,0.0,1.66,,False,0.048,844,False,True,True,True,5.8515625,-0.01,1155,-0.3,0.0,0.2,,-1.8,0.0,0.06,484,False,-0.069,1303,False,False,False,False,
002680,한탑,0.09002685546875,0.32,157.0,2430.0,,1.2197265625,-1.13,1492,-0.1,-0.3,0.2,-0.0,245.17,-80.0,-6.52,,False,-0.173,1188,True,True,False,False,5.0703125,-4.98,1786,-8.3,0.0,8.2,,227.49,-80.0,-7.04,111,False,-3.781,1728,True,True,False,False,1.490234375,-1.4,1702,-0.4,0.0,0.8,,531.17,-80.0,-7.29,640,False,0.034,859,True,True,False,False,1.4296875,-1.34,1790,-0.5,0.0,0.9,,549.73,-80.0,-6.6,424,False,-0.048,1252,True,True,False,False,
002800,신신제약,4.73046875,0.87,653.0,4305.0,,4.30859375,0.42,716,2.2,2.3,-3.5,1.7,-25.65,0.0,0.29,,False,0.273,864,False,False,True,True,6.48046875,-1.75,1574,-16.0,2.0,14.6,1.5,-27.03,0.0,0.03,321,False,-1.707,1560,False,False,True,False,3.619140625,1.11,212,5.1,-0.2,-4.8,,-4.86,0.0,0.31,,False,0.795,289,False,False,False,True,4.671875,0.06,693,1.3,-0.0,-1.2,,1.53,0.0,-0.13,,False,0.197,325,False,False,False,True,스파이크
003100,선광,8.0,0.29,1298.0,19670.0,,3.91015625,4.09,148,56.4,-2.7,-1.7,-0.4,3.64,0.0,0.35,,False,3.766,177,False,False,False,True,5.640625,2.36,204,34.4,-5.5,-14.5,-0.1,-6.78,0.0,0.18,,False,2.188,207,False,False,False,True,7.140625,0.86,281,9.9,-1.5,-8.6,-0.1,2.45,0.0,0.07,,False,0.784,293,False,False,False,True,7.62890625,0.37,199,3.9,-0.2,-3.7,-0.0,4.74,0.0,0.06,,False,0.307,185,False,False,False,True,
003310,대주산업,12.2578125,0.54,602.0,1700.0,,2.029296875,10.23,25,62.6,-0.2,-67.2,-0.1,-48.56,0.0,0.34,,False,9.865,19,False,False,False,True,1.48046875,10.78,16,95.3,-0.0,-101.0,0.0,-55.67,0.0,0.51,,False,10.358,10,False,False,False,True,11.640625,0.62,374,0.6,0.0,-1.4,,-9.28,0.0,0.56,,False,0.176,690,False,False,False,True,12.71875,-0.46,1715,-6.5,-0.0,6.6,,9.68,0.0,0.58,43,False,-1.044,1699,False,False,False,False,
003380,하림지주,9.2890625,0.3,10932.0,9760.0,,7.109375,2.18,314,433.4,-340.7,-99.2,-185.5,-12.07,0.0,-0.78,,False,2.945,246,False,False,False,True,8.4375,0.85,409,142.6,17.9,-240.3,16.9,-27.76,0.0,-0.28,,False,1.137,345,False,False,True,True,9.34375,-0.05,1133,5.2,78.7,-86.3,14.2,-12.15,0.0,-0.14,,False,0.08,799,False,False,True,True,9.5234375,-0.23,1610,-18.5,10.4,16.7,3.2,0.83,0.0,-0.08,331,False,-0.158,1452,False,False,True,False,
0037T0,KB제32호스팩,0.60986328125,0.0,127.0,1999.0,,0.60986328125,0.0,987,0.0,4.3,-5.5,2.4,-0.3,0.0,-0.05,,False,0.001,1076,False,False,True,True,0.60986328125,0.0,771,0.0,0.1,-0.2,-0.3,-0.79,0.0,-0.06,,False,0.0,803,False,False,True,True,0.60986328125,0.0,913,-0.0,-0.9,0.8,-1.6,-0.05,0.0,-0.06,264,False,-0.0,948,False,False,False,False,0.6201171875,-0.01,1155,-0.0,-1.1,1.0,-1.1,0.05,0.0,-0.07,61,False,-0.002,1027,False,False,False,False,
003800,에이스침대,1.8701171875,0.45,3571.0,32200.0,,1.76953125,0.1,889,-1.5,-0.0,14.1,0.1,3.7,0.0,0.13,603,False,-0.025,1099,False,False,False,False,1.91015625,-0.04,893,-3.5,-3.8,4.1,-3.8,-6.26,0.0,0.05,824,False,-0.091,878,False,False,False,False,1.76953125,0.1,747,1.6,-0.0,-2.5,-0.0,-1.23,0.0,0.05,,False,0.046,845,False,False,False,True,1.759765625,0.11,568,1.1,-0.0,-1.4,-0.0,1.58,0.0,0.08,,False,0.031,815,False,False,False,True,스파이크
0039P0,매드업,1.5703125,2.45,950.0,5050.0,,,,,-0.5,-54.5,405.4,-23.1,,,,,False,,,False,False,False,False,,,,-0.5,-54.5,405.4,-23.1,,,,,False,,,False,False,False,False,,,,-0.5,-54.5,405.4,-23.1,,,,,False,,,False,False,False,False,1.48046875,0.09,613,2.2,-14.0,9.3,-10.0,-38.64,0.32,0.01,38,False,-0.005,1058,False,False,False,False,
0041B0,교보18호스팩,0.0,0.0,102.0,2015.0,,0.0,0.0,987,0.0,0.2,-1.1,-1.2,-2.42,0.0,-0.02,,False,0.028,1044,False,False,True,True,0.0,0.0,771,0.0,-0.3,-0.0,-1.9,-2.42,0.0,-0.02,850,False,0.025,751,False,False,False,False,0.0,0.0,913,0.0,1.2,-1.2,0.3,-1.95,0.0,-0.0,,False,0.0,948,False,False,True,True,0.0,0.0,908,-0.0,-0.2,0.2,-0.2,-0.74,0.0,0.0,315,False,-0.0,986,False,False,False,False,
0041J0,엘에스스팩1호,0.0,0.0,82.0,1993.0,,0.0,0.0,987,0.0,4.1,-4.5,1.9,-0.6,0.0,0.04,,False,0.03,1040,False,False,True,True,0.0,0.0,771,-0.0,0.9,-0.9,0.4,-0.85,0.0,0.06,,False,-0.006,819,False,False,True,True,0.0,0.0,913,0.0,-0.1,0.1,-0.3,-0.35,0.0,0.02,476,False,0.001,942,False,False,False,False,0.0,0.0,908,0.0,-0.2,0.2,-0.2,0.15,0.0,0.02,249,False,0.001,974,False,False,False,False,
0041L0,하나35호스팩,0.509765625,0.0,121.0,2005.0,,0.489990234375,0.02,963,0.0,1.0,-1.6,-0.5,0.0,0.0,0.02,,False,0.018,1058,False,False,True,True,0.5,0.01,753,0.0,-0.9,0.9,-1.4,-0.5,0.0,0.0,535,False,0.013,775,False,False,False,False,0.509765625,0.0,913,-0.0,1.0,-0.9,0.0,-0.5,0.0,0.01,,False,-0.008,976,False,False,True,True,0.5400390625,-0.03,1262,-0.0,-0.1,0.2,-0.1,-0.99,0.0,-0.01,321,False,-0.023,1158,False,False,False,False,
0044K0,삼성스팩10호,0.580078125,0.0,150.0,1989.0,,0.64990234375,-0.07,1110,-0.1,-4.6,0.7,-5.2,-1.29,0.0,0.01,557,False,-0.07,1123,False,False,False,False,0.5498046875,0.03,721,0.0,-7.3,6.8,-6.8,-3.68,0.0,-0.0,65,False,0.032,732,False,False,False,False,0.6298828125,-0.05,1133,-0.1,-2.7,2.7,-2.0,-0.55,0.0,0.0,72,False,-0.052,1067,False,False,False,False,0.58984375,-0.01,1155,-0.0,-0.3,0.3,-0.3,-0.55,0.0,-0.0,299,False,-0.009,1082,False,False,False,False,
004590,한국가구,4.5,0.4,786.0,5240.0,,3.75,0.75,608,5.6,0.6,-6.7,0.3,-0.38,0.0,0.25,,False,0.481,762,False,False,True,True,3.890625,0.61,476,5.3,4.9,-11.2,4.3,0.77,0.0,0.16,,False,0.437,529,False,False,True,True,5.19921875,-0.7,1583,-2.8,0.1,3.1,0.2,-16.29,0.0,-0.31,350,False,-0.361,1369,False,False,True,False,4.44921875,0.05,725,0.2,0.1,-0.4,0.1,-0.76,0.0,0.02,,False,0.027,837,False,False,True,True,
004650,창해에탄올,1.9697265625,0.49,850.0,9250.0,,1.580078125,0.39,731,-8.2,-4.8,13.3,-3.4,-2.22,0.0,0.58,516,False,-0.269,1247,False,False,False,False,1.4296875,0.54,505,3.4,0.5,-3.8,1.2,-14.35,0.0,0.15,,False,0.401,540,False,False,True,True,1.5595703125,0.41,504,1.7,0.7,-2.7,0.7,-0.96,0.0,0.18,,False,0.204,656,False,False,True,True,1.91015625,0.06,693,0.3,0.0,-0.3,,-0.43,0.0,0.02,,False,0.04,780,False,False,False,True,
004780,대륙제관,4.328125,0.39,627.0,3940.0,,3.310546875,1.02,531,7.3,14.9,-29.8,0.4,11.14,0.0,-0.15,,False,1.121,522,False,False,True,True,3.169921875,1.16,347,8.2,14.9,-31.2,0.4,-2.96,0.0,-0.2,,False,1.299,317,False,False,True,True,4.0703125,0.26,598,1.1,10.5,-11.9,,-2.11,0.0,0.07,,False,0.18,684,False,False,True,True,4.16015625,0.17,434,0.9,4.0,-5.0,,0.25,0.0,0.02,,False,0.152,421,False,False,True,True,지속
005160,동국산업,1.7099609375,0.33,1291.0,2380.0,,2.810546875,-1.1,1482,-17.7,0.6,17.6,0.1,-7.03,0.0,-0.03,423,False,-1.082,1526,False,False,True,False,2.400390625,-0.69,1258,-11.8,0.2,14.4,0.1,-30.51,0.0,0.1,466,False,-0.796,1299,False,False,True,False,1.76953125,-0.06,1142,1.0,0.0,0.4,,-13.61,0.0,-0.14,605,False,0.082,797,False,False,False,False,1.6396484375,0.07,665,1.5,-0.0,-1.5,,5.08,0.0,-0.04,,False,0.114,522,False,False,False,True,
005290,동진쎄미켐,14.6171875,2.07,22223.0,43600.0,,11.640625,2.98,221,1646.8,-443.6,-1066.5,-607.6,7.52,-0.86,-3.04,,False,5.907,74,False,True,False,True,14.609375,0.01,753,536.5,-273.4,-202.6,-123.6,-23.24,-0.86,-1.65,,False,1.53,279,False,True,False,True,15.9921875,-1.38,1698,-285.1,328.6,-31.9,-66.4,-27.69,0.0,-0.26,,False,-1.096,1626,False,False,True,True,15.0625,-0.45,1712,-127.7,58.0,66.1,-5.9,1.16,0.0,0.11,198,False,-0.552,1645,False,False,True,False,
0054V0,엔에이치스팩32호,0.35009765625,0.0,125.0,2010.0,,0.7099609375,-0.36,1239,-0.5,9.6,-10.2,3.0,0.5,0.0,-0.05,,False,-0.362,1291,False,False,True,True,0.340087890625,0.01,753,0.0,1.9,-2.2,0.4,-2.66,0.0,0.0,,False,0.011,780,False,False,True,True,0.360107421875,-0.01,1065,-0.0,1.3,-1.3,0.0,-1.47,0.0,0.0,,False,-0.013,986,False,False,True,True,0.360107421875,-0.01,1155,-0.0,-0.5,0.4,-0.4,-0.99,0.0,-0.0,168,False,-0.006,1065,False,False,False,False,
005670,푸드웰,3.5,0.59,638.0,6380.0,,3.01953125,0.48,698,3.9,-1.1,-3.2,0.1,3.57,0.0,-0.19,,False,0.645,694,False,False,False,True,3.349609375,0.15,644,1.0,0.1,-2.2,0.0,4.25,0.0,-0.03,,False,0.165,646,False,False,True,True,2.990234375,0.51,447,3.5,-0.5,-3.6,-0.5,-2.0,0.0,-0.07,,False,0.575,393,False,False,False,True,3.330078125,0.17,434,1.3,-0.0,-1.3,,5.28,0.0,-0.03,,False,0.21,305,False,False,False,True,스파이크
005710,대원산업,14.796875,0.36,2126.0,10610.0,,13.8984375,0.9,561,19.6,0.2,-35.7,9.2,-18.38,0.0,0.12,,False,0.77,650,False,False,True,True,13.8203125,0.98,386,17.1,19.4,-43.2,22.3,-17.82,0.0,0.27,,False,0.702,439,False,False,True,True,14.3671875,0.43,491,2.9,3.4,-7.2,3.6,-4.5,0.0,0.29,,False,0.138,733,False,False,True,True,14.8203125,-0.02,1215,2.2,0.1,-2.1,,3.82,0.0,-0.13,,False,0.104,551,False,False,True,True,지속
005860,한일사료,3.130859375,0.58,950.0,2410.0,,1.5595703125,1.57,395,11.3,1.1,-13.5,0.0,-19.4,0.0,0.21,,False,1.369,458,False,False,True,True,4.921875,-1.79,1585,-28.2,-0.1,27.2,,-40.27,0.0,0.42,228,False,-2.204,1641,False,False,False,False,5.19921875,-2.07,1761,-31.0,-0.1,29.5,,-6.41,0.0,0.51,38,False,-2.614,1729,False,False,False,False,5.7890625,-2.66,1809,-34.1,-0.0,32.8,,-0.82,0.0,0.34,6,True,-3.05,1731,False,False,False,False,
005990,매일홀딩스,1.08984375,0.3,1412.0,10620.0,,1.150390625,-0.06,1101,0.5,-4.2,0.1,-1.2,-1.39,0.0,-0.11,721,False,0.031,1038,False,False,False,False,1.150390625,-0.06,905,-0.7,-1.6,1.4,-0.2,-4.67,0.0,-0.03,825,False,-0.052,849,False,False,False,False,1.16015625,-0.07,1151,-0.6,-0.2,0.9,,-2.93,0.0,-0.02,567,False,-0.046,1056,False,False,False,False,1.099609375,-0.01,1155,-0.0,-0.0,0.0,,4.32,0.0,-0.01,698,False,0.0,986,False,False,False,False,
006050,국영지앤엠,9.75,0.35,188.0,540.0,,7.41015625,2.34,285,2.5,-0.0,-3.7,,-57.11,0.0,-0.11,,False,2.278,306,False,False,False,True,8.65625,1.09,368,-2.2,-0.0,-0.7,,-62.81,0.0,-0.19,,False,1.136,346,False,False,False,True,8.09375,1.66,123,1.1,-0.0,-0.9,,-4.42,0.0,0.89,,False,0.707,319,False,False,False,True,9.53125,0.22,348,0.2,-0.0,-0.2,,20.0,0.0,0.09,,False,0.125,489,False,False,False,True,
006140,피제이전자,2.9609375,0.48,675.0,4540.0,,0.669921875,2.29,291,23.9,-5.5,-16.4,-0.5,-54.46,-0.9,-0.14,,False,2.484,278,False,False,False,True,3.810546875,-0.85,1325,-9.5,-1.5,11.2,-0.6,-36.5,-0.9,-0.17,515,False,-0.689,1255,False,False,False,False,3.060546875,-0.1,1188,-0.9,0.1,0.7,,-10.1,0.0,0.02,536,False,-0.121,1163,False,False,True,False,2.98046875,-0.02,1215,0.1,-0.3,0.1,,5.46,0.0,-0.03,571,False,0.012,916,False,False,False,False,
006620,동구바이오제약,2.009765625,0.65,1042.0,3660.0,,3.4296875,-1.42,1549,-18.5,8.1,6.6,-1.2,-29.48,0.0,0.15,569,False,-1.496,1599,False,False,True,False,4.44921875,-2.44,1684,-40.2,7.9,22.2,,-31.46,0.0,0.3,355,False,-2.758,1684,False,False,True,False,1.75,0.26,598,2.6,0.1,-2.9,,-10.84,0.0,-0.02,,False,0.251,603,False,False,True,True,2.060546875,-0.05,1326,0.9,-0.0,-0.9,,-2.01,0.0,-0.14,,False,0.089,602,False,False,False,True,
006730,서부T&D,16.625,0.59,6363.0,9900.0,,16.765625,-0.14,1146,158.2,111.0,-147.1,-162.7,-27.53,-1.0,-0.63,,False,1.045,545,True,False,True,True,20.703125,-4.08,1766,-364.6,187.5,176.4,-29.4,-26.83,-1.0,0.52,220,False,-4.591,1745,True,False,True,False,18.984375,-2.36,1773,-215.8,184.5,33.9,3.2,-13.31,-1.0,0.58,302,False,-3.087,1737,True,False,True,False,17.984375,-1.36,1792,-48.8,33.3,15.8,-4.3,-3.88,0.0,-0.66,223,False,-0.697,1673,False,False,True,False,
0068Y0,비엔케이제3호스팩,0.4599609375,0.0,85.0,1983.0,,0.6201171875,-0.16,1157,-0.1,-2.5,0.5,-4.6,-0.2,0.0,0.04,501,False,-0.12,1152,False,False,False,False,0.469970703125,-0.01,865,-0.0,-0.9,0.4,-0.7,-1.1,0.0,-0.0,640,False,-0.002,809,False,False,False,False,0.4599609375,0.0,913,-0.0,-1.1,1.1,-0.9,-0.85,0.0,0.0,119,False,0.0,948,False,False,False,False,0.469970703125,-0.01,1155,-0.0,-0.5,0.5,-0.5,-0.05,0.0,-0.01,81,False,0.0,986,False,False,False,False,
006910,보성파워텍,7.51171875,2.88,3184.0,6480.0,,14.2109375,-6.7,1776,-402.7,-10.9,401.1,-0.7,20.45,0.0,-0.3,83,False,-6.381,1766,False,False,False,False,7.5,0.01,753,-17.3,-0.4,32.5,0.0,-39.27,0.0,-0.32,,False,0.453,521,False,False,False,False,8.34375,-0.83,1628,-13.9,0.5,15.8,0.1,-27.6,0.0,-1.11,,False,0.345,525,False,True,True,False,7.0390625,0.47,142,6.2,0.0,-6.1,,0.93,0.0,0.3,,False,0.169,374,False,False,False,True,
006920,모헨즈,1.1796875,1.12,340.0,3110.0,,4.5,-3.32,1720,-28.9,3.8,27.7,0.0,-0.32,0.0,-0.35,243,False,-2.986,1711,False,False,True,False,2.55078125,-1.37,1493,-7.9,3.5,4.2,,-43.66,0.0,-0.1,675,False,-1.294,1463,False,False,True,False,1.08984375,0.09,754,1.6,0.2,-1.4,,-19.53,0.0,-0.4,,False,0.476,453,False,False,True,True,0.89990234375,0.28,275,0.9,0.0,-0.9,,-9.46,0.0,0.03,,False,0.25,251,False,False,False,True,
0071M0,삼성스팩11호,0.409912109375,0.0,115.0,1995.0,,0.469970703125,-0.06,1101,-0.1,5.2,-7.0,1.3,-2.21,0.0,-0.03,,False,-0.054,1117,False,False,True,True,0.39990234375,0.01,753,0.0,0.8,-1.0,1.0,-1.72,0.0,-0.01,,False,0.011,780,False,False,True,True,0.429931640625,-0.02,1086,-0.0,-0.7,0.7,-0.7,-1.24,0.0,-0.0,271,False,-0.016,996,False,False,False,False,0.409912109375,0.0,908,0.0,-0.6,0.6,-0.5,-0.75,0.0,-0.0,117,False,0.001,974,False,False,False,False,
0072Z0,KB제33호스팩,5.03125,0.0,156.0,1978.0,,4.98828125,0.04,938,0.1,-2.7,1.4,-1.5,-0.6,0.0,0.0,464,False,0.042,1017,False,False,False,False,5.08984375,-0.06,905,-0.1,-3.1,3.1,-1.0,-1.35,0.0,-0.0,247,False,-0.059,854,False,False,False,False,5.19921875,-0.17,1267,-0.3,-2.0,2.2,-1.4,-0.95,0.0,-0.01,107,False,-0.164,1208,False,False,False,False,5.0390625,-0.01,1155,-0.0,-0.9,0.9,-0.8,-0.85,0.0,-0.01,92,False,-0.001,1018,False,False,False,False,
007330,푸른저축은행,2.279296875,0.37,1543.0,10230.0,,1.4501953125,0.83,581,4.0,15.1,61.9,8.9,2.51,0.0,0.55,229,False,0.261,867,False,False,True,False,2.380859375,-0.1,932,-12.9,13.5,82.4,9.0,-3.85,0.0,0.67,85,False,-0.786,1296,False,False,True,False,2.060546875,0.22,630,-2.5,2.4,0.2,,-4.12,0.0,0.37,637,False,-0.162,1206,False,False,True,False,1.900390625,0.38,189,0.1,0.7,-0.8,,-0.58,0.0,0.37,,False,0.009,931,False,False,True,True,스파이크
007370,진양제약,2.650390625,0.34,551.0,3895.0,,2.3203125,0.33,758,1.3,-0.1,-2.7,0.0,-20.43,0.0,0.05,,False,0.276,859,False,False,False,True,3.2890625,-0.64,1234,-4.6,0.0,4.2,0.0,-17.83,0.0,-0.01,617,False,-0.626,1222,False,False,False,False,2.439453125,0.21,643,0.7,-0.0,-0.8,,-5.0,0.0,0.06,,False,0.14,729,False,False,False,True,2.669921875,-0.02,1215,0.0,-0.0,-0.0,,1.83,0.0,-0.02,,False,0.002,971,False,False,False,False,
007390,네이처셀,7.83984375,25.56,16109.0,25000.0,,8.1015625,-0.26,1204,51.6,475.5,-516.7,8.3,23.46,0.0,-0.46,,False,0.228,889,False,False,True,True,8.8984375,-1.06,1403,-58.8,-60.3,120.2,-7.9,21.36,0.0,-0.62,458,False,-0.453,1133,False,False,False,False,8.7734375,-0.93,1643,-148.4,95.8,51.0,-4.4,-18.17,0.0,0.0,383,False,-0.952,1602,False,False,True,False,8.4375,-0.6,1741,-102.5,13.6,86.7,0.7,-11.5,0.0,0.04,99,False,-0.638,1664,False,False,True,False,
007530,와이엠,0.3701171875,0.72,413.0,1856.0,,0.280029296875,0.09,897,0.3,-0.3,-12.0,,-22.67,0.0,-0.0,,False,0.06,1002,False,False,False,True,0.330078125,0.04,712,0.2,0.0,-4.3,,-22.02,0.0,-0.03,,False,0.033,729,False,False,False,True,0.39990234375,-0.03,1107,-0.1,0.0,-0.9,,-11.62,0.0,-0.0,,False,-0.026,1019,False,False,False,True,0.39990234375,-0.03,1262,-0.0,-0.1,0.1,,-4.23,0.0,-0.02,584,False,-0.008,1078,False,False,False,False,
007680,대원,0.64013671875,0.17,462.0,3495.0,,0.89013671875,-0.25,1199,-1.5,0.5,1.6,0.0,-15.88,-1.66,-0.02,670,False,-0.103,1140,True,False,True,False,0.2900390625,0.35,562,-0.7,-0.0,1.1,0.0,-21.28,-1.66,0.37,868,False,0.053,705,True,False,False,False,0.4599609375,0.18,679,-0.6,-0.4,1.3,0.0,-7.05,-1.66,0.19,538,False,0.059,828,True,False,False,False,0.469970703125,0.17,434,1.0,-0.2,-0.8,-0.2,-16.88,0.0,-0.03,,False,0.211,301,False,False,False,True,
007720,소노스퀘어,1.669921875,0.34,254.0,1258.0,,2.130859375,-0.46,1287,0.8,-0.4,-1.5,,107.93,-80.0,-11.68,,False,0.511,747,True,True,False,True,2.869140625,-1.2,1451,-3.2,0.0,3.6,,198.81,-80.0,-10.79,660,False,-0.414,1113,True,True,False,False,2.640625,-0.97,1649,-0.9,-0.0,0.8,,320.74,-80.0,-11.2,577,False,-0.067,1099,True,True,False,False,2.650390625,-0.98,1776,-0.9,-0.0,0.8,,320.74,-80.0,-11.25,487,False,-0.067,1298,True,True,False,False,
007770,한일화학,2.330078125,0.26,228.0,6500.0,,2.439453125,-0.11,1124,-0.3,-0.1,0.4,,-18.55,0.0,0.05,666,False,-0.129,1160,False,False,False,False,2.44921875,-0.12,943,-0.3,0.0,0.2,,-16.67,0.0,0.01,835,False,-0.104,894,False,False,False,False,2.380859375,-0.05,1133,-0.0,0.0,0.2,,-12.04,0.0,-0.03,550,False,-0.014,989,False,False,False,False,2.349609375,-0.02,1215,-0.0,-0.0,0.1,,-0.76,0.0,-0.0,517,False,-0.016,1116,False,False,False,False,
007820,엠엑스로보틱스,2.8203125,1.01,541.0,2700.0,,3.05078125,-0.23,1185,-26.2,5.6,31.3,-1.7,-46.95,0.0,0.75,348,False,-0.954,1496,False,False,True,False,3.26953125,-0.45,1137,-11.8,-1.7,22.1,-0.7,-45.89,0.0,0.14,291,False,-0.617,1218,False,False,False,False,2.3203125,0.5,455,3.1,-0.6,-2.0,,-22.53,0.0,-0.05,,False,0.557,406,False,False,False,True,2.669921875,0.15,475,-0.2,-0.1,0.4,,1.69,0.0,0.21,427,False,-0.059,1278,False,False,False,False,
008290,원풍물산,3.169921875,0.47,69.0,338.0,,3.310546875,-0.14,1146,-0.7,0.1,1.1,,-24.55,-50.0,-3.81,,False,0.41,788,True,True,True,False,3.75,-0.58,1204,-0.9,-0.2,1.0,,-14.65,-50.0,-3.85,742,False,-0.267,1009,True,True,False,False,3.740234375,-0.57,1538,-0.3,0.0,0.3,,-36.82,0.0,-0.32,429,False,-0.291,1326,False,False,False,False,3.369140625,-0.2,1575,0.2,0.0,-0.1,,20.71,0.0,-0.36,,False,0.323,163,False,False,False,True,
0082N0,카나프테라퓨틱스,5.05859375,10.9,1641.0,12370.0,,,,,73.1,-660.9,862.7,-115.1,,,,,False,,,False,False,False,False,0.75,4.31,84,77.9,-137.7,137.2,-41.6,-68.2,1.31,1.04,189,False,3.275,131,True,True,False,False,3.44921875,1.61,127,11.3,-7.9,-4.3,-7.0,-34.89,0.0,0.97,,False,0.631,360,False,False,False,True,4.921875,0.14,498,0.3,1.4,-1.7,-0.1,-1.28,0.0,0.11,,False,0.027,837,False,False,True,True,지속
008370,원풍,1.3798828125,0.54,574.0,4785.0,,1.2197265625,0.16,853,0.6,-0.4,-0.5,,-1.75,0.0,0.01,,False,0.121,959,False,False,False,True,0.97021484375,0.41,544,2.4,0.0,-2.6,,-9.38,0.0,-0.02,,False,0.395,544,False,False,False,True,1.2900390625,0.09,754,0.6,-0.0,-0.6,,-6.18,0.0,-0.03,,False,0.105,770,False,False,False,True,1.3798828125,0.0,908,0.1,-0.0,-0.1,,-2.05,0.0,-0.01,,False,0.009,931,False,False,False,True,지속
008470,부스타,1.7802734375,0.34,281.0,3340.0,,1.5302734375,0.25,803,0.1,-0.1,-10.8,-0.1,-14.47,0.0,0.21,,False,0.023,1053,False,False,False,True,1.509765625,0.27,593,0.2,0.2,-4.5,,-17.12,0.0,0.22,,False,0.054,704,False,False,True,True,1.73046875,0.05,805,0.1,-0.1,-1.6,,1.67,0.0,0.02,,False,0.032,863,False,False,False,True,1.75,0.03,799,-0.1,0.0,-0.8,,-10.46,0.0,0.07,,False,-0.04,1222,False,False,False,True,
008830,대동기어,2.810546875,1.21,809.0,9000.0,,2.099609375,0.71,617,-13.1,-2.1,20.3,-0.1,-48.54,0.0,-0.62,,False,1.387,455,False,False,False,False,2.05078125,0.76,428,16.4,-2.5,-15.5,,-57.75,0.0,-1.07,,False,1.899,245,False,True,False,True,1.4296875,1.38,159,12.5,-7.2,-4.0,,-34.16,0.0,-0.12,,False,1.481,138,False,False,False,True,2.66015625,0.15,475,2.6,-5.7,3.7,,-10.27,0.0,-0.14,124,False,0.289,214,False,False,False,False,지속
0088D0,메리츠제1호스팩,0.1600341796875,0.0,123.0,2130.0,,0.759765625,-0.6,1339,-0.6,-5.8,5.7,0.7,5.97,0.0,-0.07,141,False,-0.513,1358,False,False,False,False,0.1600341796875,0.0,771,0.0,-2.7,2.7,-0.6,-2.96,0.0,0.05,214,False,0.001,797,False,False,False,False,0.1600341796875,0.0,913,-0.0,-2.7,2.5,-0.7,-1.39,0.0,0.0,61,False,-0.003,966,False,False,False,False,0.1700439453125,-0.01,1155,-0.0,-0.6,0.6,-0.3,0.24,0.0,0.0,121,False,-0.01,1086,False,False,False,False,
0088M0,메쥬,5.16015625,10.84,1285.0,13000.0,,,,,81.4,-162.4,559.2,-116.3,,,,,False,,,False,False,False,False,2.630859375,2.53,191,72.0,-34.0,133.9,-33.8,-65.61,1.69,-0.51,128,False,3.039,145,True,False,False,False,3.810546875,1.35,168,17.9,-19.5,12.5,-12.3,-32.29,0.0,-0.16,175,False,1.305,172,False,False,False,False,5.33984375,-0.18,1552,-4.4,2.8,0.6,-0.2,-10.34,0.0,0.14,468,False,-0.317,1570,False,False,True,False,
0091W0,신영스팩11호,0.1400146484375,0.0,122.0,2015.0,,0.52978515625,-0.39,1255,-0.4,5.7,-6.7,4.1,-0.74,0.0,-0.03,,False,-0.355,1283,False,False,True,True,0.1300048828125,0.01,753,0.0,-0.7,0.4,-0.8,-1.95,0.0,-0.01,708,False,0.02,766,False,False,False,False,0.1300048828125,0.01,883,0.0,-1.8,1.8,-1.9,-0.49,0.0,0.0,97,False,0.006,923,False,False,False,False,0.1700439453125,-0.03,1262,0.0,-0.0,-0.0,-0.0,0.25,0.0,-0.03,,False,0.0,986,False,False,False,False,
009300,삼아제약,2.740234375,0.33,798.0,12520.0,,1.0595703125,1.68,382,5.3,25.2,-29.5,25.2,-18.65,0.0,1.17,,False,0.515,745,False,True,True,True,1.349609375,1.39,310,3.4,7.0,-9.7,7.0,-24.44,0.0,1.06,,False,0.33,572,False,True,True,True,1.6796875,1.06,225,0.1,0.3,-0.4,0.3,-9.28,0.0,1.04,,False,0.013,897,False,True,True,True,2.7109375,0.03,799,0.0,-0.0,-0.0,,1.13,0.0,0.03,,False,0.004,961,False,False,False,False,
0093G0,미래에셋비전스팩8호,0.5400390625,0.0,126.0,1975.0,,0.66015625,-0.12,1129,-0.1,11.5,-12.1,4.6,-0.6,0.0,-0.07,,False,-0.067,1122,False,False,True,True,0.509765625,0.03,721,0.0,1.1,-1.5,-0.3,-1.5,0.0,-0.06,,False,0.027,743,False,False,True,True,0.52978515625,0.01,883,0.0,-1.1,0.9,-0.8,-1.05,0.0,-0.06,232,False,0.007,917,False,False,False,False,0.5400390625,0.0,908,0.0,-0.5,0.4,-0.6,-1.05,0.0,-0.03,169,False,0.001,974,False,False,False,False,지속
009520,포스코엠텍,7.12890625,3.87,4427.0,10630.0,,7.328125,-0.2,1172,83.2,159.1,-239.7,-10.2,-46.26,0.0,-1.21,,False,1.045,545,False,True,True,True,6.78125,0.35,562,31.3,-36.6,0.9,-6.0,-41.98,0.0,-0.09,,False,0.426,533,False,False,False,False,6.890625,0.24,616,2.5,17.6,-20.4,-6.0,-30.02,0.0,0.19,,False,0.05,839,False,False,True,True,6.94921875,0.18,416,2.5,3.1,-5.7,0.2,-2.39,0.0,0.13,,False,0.049,741,False,False,True,True,
009620,삼보산업,2.33984375,10.79,138.0,788.0,,5.12890625,-2.79,1699,-8.9,0.0,0.5,,-46.76,6.63,-1.42,,False,-1.942,1652,True,True,False,False,3.98046875,-1.64,1556,-1.2,0.0,-6.6,,-22.06,6.63,-1.56,,False,-0.42,1115,True,True,False,True,2.7109375,-0.37,1428,-0.4,0.0,-6.2,,45.39,0.0,-0.63,,False,0.167,700,False,False,False,True,2.689453125,-0.35,1687,0.5,-0.0,-0.7,,20.86,0.0,-0.73,,False,0.404,123,False,False,False,True,
0096B0,삼성스팩12호,0.409912109375,0.0,131.0,1988.0,,1.1298828125,-0.72,1374,-1.0,28.4,-29.3,16.4,-9.02,0.0,0.18,,False,-0.703,1426,False,False,True,True,0.389892578125,0.02,733,0.0,7.3,-8.0,5.0,-1.34,0.0,0.03,,False,0.033,729,False,False,True,True,0.409912109375,0.0,913,0.0,3.1,-3.1,1.6,-0.6,0.0,-0.0,,False,0.01,905,False,False,True,True,0.419921875,-0.01,1155,-0.0,0.2,-0.2,0.2,0.05,0.0,-0.01,,False,-0.004,1046,False,False,True,True,
0096D0,미래에셋비전스팩9호,0.68994140625,0.0,109.0,1980.0,,0.990234375,-0.3,1219,-0.3,6.7,-7.2,2.4,0.0,0.0,0.04,,False,-0.313,1266,False,False,True,True,0.66015625,0.03,721,0.0,3.0,-3.8,1.7,-1.25,0.0,-0.1,,False,0.025,751,False,False,True,True,0.68994140625,0.0,913,-0.0,0.8,-0.9,0.6,-2.7,0.0,-0.09,,False,-0.008,976,False,False,True,True,0.68994140625,0.0,908,-0.0,-0.2,0.1,-0.2,-0.95,0.0,-0.04,355,False,-0.004,1046,False,False,False,False,
009730,이렘,2.080078125,0.28,130.0,181.0,,1.8896484375,0.19,833,2.4,0.1,-2.6,,-68.47,16.0,-1.39,,False,1.965,351,True,True,True,True,2.0390625,0.04,712,2.6,0.1,-2.4,,-63.21,0.0,-1.31,,False,1.303,314,False,True,True,True,3.0703125,-0.99,1651,0.4,0.1,-0.5,,-12.98,0.0,-1.28,,False,0.276,580,False,True,True,True,2.080078125,0.0,908,,,,,0.0,0.0,0.0,,False,,,False,False,False,False,
009780,엠에스씨,2.150390625,0.56,1063.0,6040.0,,2.439453125,-0.29,1213,-4.7,-0.1,1.0,,-16.69,0.0,0.11,693,False,-0.405,1316,False,False,False,False,2.560546875,-0.41,1122,-4.6,-0.6,2.3,,-17.37,0.0,0.01,768,False,-0.422,1118,False,False,False,False,2.140625,0.01,883,-0.2,-0.0,-1.0,,-2.89,0.0,0.03,,False,-0.016,996,False,False,False,True,2.140625,0.01,867,-0.0,0.0,-0.1,,-0.66,0.0,0.01,,False,-0.001,1018,False,False,False,True,스파이크
0097F0,미래에셋비전스팩10호,0.35009765625,0.0,130.0,1995.0,,0.740234375,-0.39,1255,-0.5,8.0,-8.9,-6.8,0.45,0.0,0.03,,False,-0.396,1309,False,False,True,True,0.330078125,0.02,733,0.0,2.9,-3.7,0.4,-0.25,0.0,-0.01,,False,0.029,740,False,False,True,True,0.330078125,0.02,855,0.0,0.0,-0.1,-0.1,-0.25,0.0,0.01,,False,0.014,893,False,False,False,True,0.35009765625,0.0,908,-0.0,-0.2,0.1,-0.3,-0.15,0.0,0.0,379,False,-0.002,1027,False,False,False,False,
0098T0,교보19호스팩,0.1600341796875,0.0,107.0,1989.0,,0.7099609375,-0.55,1323,-0.6,-0.6,-0.9,-7.3,-1.53,0.0,0.04,,False,-0.552,1373,False,False,False,True,0.1400146484375,0.02,733,0.0,3.4,-4.0,1.6,-2.74,0.0,-0.0,,False,0.022,760,False,False,True,True,0.1600341796875,0.0,913,-0.0,0.5,-0.6,-0.4,-2.5,0.0,0.0,,False,-0.003,966,False,False,True,True,0.1600341796875,0.0,908,-0.0,-0.5,0.5,-0.5,-0.55,0.0,0.01,122,False,-0.007,1068,False,False,False,False,
0099W0,미래에셋비전스팩11호,0.360107421875,0.0,140.0,1993.0,,0.72998046875,-0.37,1244,-0.5,10.5,-10.6,-5.7,0.45,0.0,0.0,,False,-0.367,1292,False,False,True,True,0.360107421875,0.0,771,0.0,6.3,-6.4,1.3,-0.85,0.0,0.06,,False,0.027,743,False,False,True,True,0.35009765625,0.01,883,0.0,2.0,-1.8,0.5,-0.6,0.0,0.0,,False,0.013,897,False,False,True,True,0.360107421875,0.0,908,-0.0,-0.1,0.0,-0.2,-0.35,0.0,0.0,609,False,0.0,986,False,False,False,False,
0099X0,IBKS제25호스팩,0.029998779296875,0.0,130.0,2180.0,,0.7001953125,-0.67,1362,-0.8,9.1,-9.5,2.3,4.06,0.0,-0.76,,False,-0.597,1394,False,False,True,True,0.040008544921875,-0.01,865,-0.0,5.6,-5.7,2.2,1.16,0.0,-0.07,,False,-0.004,814,False,False,True,True,0.029998779296875,0.0,913,0.0,1.2,-1.2,-0.1,2.83,0.0,-0.0,,False,0.002,938,False,False,True,True,0.029998779296875,0.0,908,,,,,0.0,0.0,0.0,,False,,,False,False,False,False,
010170,대한광통신,4.69140625,21.28,16015.0,10300.0,,1.5400390625,3.15,207,-1440.6,-1095.1,2687.5,-279.5,238.82,17.8,0.55,94,False,3.004,239,True,False,False,False,7.05859375,-2.37,1670,-1954.3,39.9,2022.3,-66.4,-31.42,0.0,1.08,78,False,-3.73,1726,False,True,True,False,1.0400390625,3.65,34,631.5,-81.5,-318.2,-11.8,-46.91,0.0,0.23,,False,3.374,35,False,False,False,True,5.7109375,-1.02,1779,-331.3,-17.7,333.5,-1.5,-3.29,0.0,0.64,18,True,-1.718,1720,False,False,False,False,
0101C0,하나36호스팩,0.7001953125,0.0,153.0,1978.0,,0.64990234375,0.05,929,-0.2,0.3,-1.9,-15.6,0.2,0.0,0.22,,False,-0.15,1170,False,False,True,True,1.0400390625,-0.34,1093,-0.5,2.1,-2.7,2.3,-1.35,0.0,0.02,,False,-0.356,1074,False,False,True,True,0.7099609375,-0.01,1065,-0.0,0.7,-1.5,1.7,-1.1,0.0,0.0,,False,-0.014,989,False,False,True,True,0.7001953125,0.0,908,-0.0,-0.6,0.6,-0.5,-1.1,0.0,0.0,151,False,-0.004,1046,False,False,False,False,
010240,흥국,6.48828125,0.52,647.0,5530.0,,5.01953125,1.47,418,7.6,-1.1,1.3,-0.0,10.82,-5.0,-0.02,623,False,1.181,498,True,False,False,False,6.46875,0.02,733,1.6,-0.0,-1.9,0.0,-6.59,0.0,-0.23,,False,0.264,592,False,False,False,True,5.98828125,0.5,455,3.4,-0.5,-3.1,-0.5,-1.25,0.0,-0.03,,False,0.536,414,False,False,False,True,6.3515625,0.14,498,1.0,-0.0,-0.9,,2.41,0.0,-0.01,,False,0.149,426,False,False,False,True,
010280,아이티센엔텍,0.0,0.61,602.0,4625.0,,1.3701171875,-1.37,1537,-7.0,3.2,5.7,3.4,362.5,-80.0,-10.17,,False,0.656,692,True,True,True,False,2.310546875,-2.31,1664,-12.7,1.2,12.2,3.4,303.93,-80.0,-9.7,701,False,-0.361,1077,True,True,True,False,0.0,0.0,913,-4.3,1.4,4.3,1.4,-15.91,0.0,0.79,239,False,-0.695,1534,False,False,True,False,0.0,0.0,908,0.3,0.2,-0.7,0.2,3.24,0.0,-0.05,,False,0.054,724,False,False,True,True,
010470,오리콤,3.900390625,0.43,572.0,4775.0,,3.060546875,0.84,577,4.1,2.2,-7.2,1.4,-17.53,0.0,0.2,,False,0.622,704,False,False,True,True,3.380859375,0.52,514,2.9,2.0,-5.4,1.2,-21.07,0.0,0.08,,False,0.447,526,False,False,True,True,3.990234375,-0.09,1179,0.3,0.0,-0.6,,-4.02,0.0,-0.07,,False,0.051,838,False,False,False,True,3.83984375,0.06,693,0.4,0.1,-0.2,,-0.52,0.0,0.06,,False,0.068,671,False,False,True,True,
0105P0,유진스팩12호,0.1700439453125,0.0,113.0,1995.0,,0.05999755859375,0.11,881,0.1,13.8,-14.8,8.3,0.3,0.0,0.04,,False,0.1,972,False,False,True,True,0.1500244140625,0.02,733,0.0,4.4,-4.7,2.9,-0.75,0.0,-0.01,,False,0.025,751,False,False,True,True,0.1700439453125,0.0,913,0.0,2.0,-2.0,1.3,-0.5,0.0,-0.01,,False,0.005,930,False,False,True,True,0.1700439453125,0.0,908,0.0,-0.1,0.1,-0.1,-0.5,0.0,-0.0,413,False,0.0,986,False,False,False,False,
011040,경동제약,1.6796875,0.64,1535.0,4990.0,,1.7099609375,-0.03,1080,1.0,-0.3,-0.6,,-12.76,0.0,-0.09,,False,0.082,987,False,False,False,True,1.8603515625,-0.18,989,-2.1,-0.2,2.0,,-11.21,0.0,-0.08,833,False,-0.092,880,False,False,False,False,1.400390625,0.28,581,3.3,-0.0,-3.3,,-4.77,0.0,0.07,,False,0.216,642,False,False,False,True,1.6396484375,0.04,763,2.0,0.1,-2.1,,0.2,0.0,-0.08,,False,0.128,480,False,False,True,True,
011080,형지I&C,0.0,0.38,123.0,2865.0,,2.55078125,-2.55,1682,-0.4,-1.0,1.0,,293.0,-90.0,-42.53,,False,1.459,437,True,True,False,False,2.560546875,-2.56,1699,-3.2,-1.0,4.5,,558.62,-90.0,-24.27,732,False,-0.152,928,True,True,False,False,0.0,0.0,913,-0.4,-1.0,1.9,,-4.34,0.0,0.3,92,False,-0.091,1129,False,False,False,False,0.0,0.0,908,-0.1,-0.1,0.8,,49.61,0.0,0.47,75,False,-0.108,1376,False,False,False,False,
011320,유니크,2.900390625,0.5,681.0,3525.0,,3.990234375,-1.09,1479,-8.3,-4.1,-7.2,-2.1,-17.25,0.0,0.08,,False,-1.082,1526,False,False,False,True,3.880859375,-0.98,1375,-8.4,-0.1,-13.5,0.0,-19.06,0.0,0.09,,False,-1.072,1402,False,False,False,True,3.439453125,-0.54,1522,-4.6,-0.3,1.2,-0.2,-12.42,0.0,0.15,475,False,-0.633,1509,False,False,False,False,3.05078125,-0.15,1513,-0.8,-0.0,0.8,,-2.62,0.0,-0.04,374,False,-0.11,1383,False,False,False,False,
011370,서한,4.1015625,0.15,814.0,807.0,,3.279296875,0.82,585,7.1,0.2,-8.1,-0.2,-6.05,0.0,0.07,,False,0.778,644,False,False,True,True,4.6796875,-0.58,1204,-8.6,0.5,1.0,-0.2,-24.65,0.0,0.23,,False,-0.798,1302,False,False,True,False,4.078125,0.02,855,0.1,-0.0,-1.9,-0.0,-7.56,0.0,-0.05,,False,0.053,837,False,False,False,True,3.939453125,0.16,457,1.5,0.0,-1.8,,0.5,0.0,-0.03,,False,0.192,332,False,False,False,True,
011560,세보엠이씨,12.1796875,0.79,2214.0,21950.0,,10.7421875,1.44,425,16.5,-10.9,-11.8,-19.4,59.75,-4.23,-0.29,,False,1.133,518,True,False,False,True,12.1171875,0.06,692,2.0,10.8,-16.1,6.0,8.13,-2.56,-0.42,,False,0.132,665,True,False,True,True,12.15625,0.02,855,1.1,8.7,-9.2,10.5,-5.79,0.0,-0.07,,False,0.099,781,False,False,True,True,12.2421875,-0.06,1348,-0.3,-0.7,0.6,-0.7,-3.3,0.0,-0.06,601,False,-0.005,1058,False,False,False,False,
0115H0,삼성스팩13호,0.60009765625,0.0,146.0,1986.0,,,,,-24.8,-107.2,128.8,-76.9,,,,,False,,,False,False,False,False,0.56005859375,0.04,712,-0.1,12.0,-12.3,8.6,-1.68,0.0,0.22,,False,-0.036,837,False,False,True,True,0.60986328125,-0.01,1065,0.0,4.0,-4.1,2.5,-0.65,0.0,0.02,,False,0.004,934,False,False,True,True,0.60009765625,0.0,908,0.0,-0.2,0.1,-0.2,-0.45,0.0,-0.0,406,False,0.003,965,False,False,False,False,
0117P0,피스피스스튜디오,4.1015625,0.6,802.0,5660.0,,,,,-5.6,-296.4,662.1,-67.6,,,,,False,,,False,False,False,False,,,,-5.6,-296.4,662.1,-67.6,,,,,False,,,False,False,False,False,1.259765625,2.84,50,22.2,-21.4,-0.0,-20.9,-36.9,0.0,-0.35,,False,3.172,40,False,False,False,False,2.109375,1.99,7,10.1,2.6,-12.6,-2.7,22.25,0.0,0.62,,False,1.385,16,False,False,True,True,
012210,삼미금속,1.1796875,1.5,1441.0,6250.0,,0.360107421875,0.82,585,-33.5,-86.8,128.0,0.6,-23.97,3.87,0.49,165,False,0.331,827,True,False,False,False,0.419921875,0.76,428,14.9,0.8,-8.9,0.0,-57.34,3.87,-0.29,,False,1.108,354,True,False,True,True,0.419921875,0.76,317,12.4,-0.0,-5.9,,-38.3,3.87,-0.04,,False,0.848,265,True,False,False,True,1.0400390625,0.14,498,0.9,-0.0,0.3,,-3.7,0.0,0.07,643,False,0.069,667,False,False,False,False,지속
012340,뉴인텍,4.4609375,0.62,140.0,749.0,,1.6298828125,2.83,234,2.5,-6.7,5.6,0.0,55.39,-65.07,-9.1,690,False,2.987,241,True,True,False,False,4.12890625,0.33,569,-4.1,-2.5,6.6,0.0,160.98,-66.9,-7.49,486,False,-0.218,973,True,True,False,False,1.7802734375,2.68,56,-0.4,-2.6,3.5,0.0,-30.52,65.48,3.09,19,True,0.367,510,True,True,False,False,2.0390625,2.42,3,0.5,-1.4,0.9,0.0,15.59,65.48,2.79,33,False,0.779,40,True,True,False,False,
012620,원일특강,3.220703125,0.18,297.0,6750.0,,2.94921875,0.27,791,-1.0,-0.3,3.9,-0.3,-15.52,0.0,0.67,439,False,-0.325,1275,False,False,False,False,2.94921875,0.27,593,-1.0,-0.8,2.0,,-27.03,0.0,0.57,620,False,-0.308,1037,False,False,False,False,3.1796875,0.04,825,-0.1,-0.1,0.1,,-6.51,0.0,0.08,609,False,-0.035,1037,False,False,False,False,3.220703125,0.0,908,-0.0,0.0,0.0,,0.45,0.0,0.01,690,False,-0.007,1068,False,False,False,False,
012700,리드코프,2.619140625,0.18,771.0,2945.0,,3.580078125,-0.96,1448,-7.8,2.3,5.3,4.1,-16.34,-0.95,-0.1,523,False,-0.891,1478,False,False,True,False,3.73046875,-1.11,1422,-10.1,2.1,7.3,3.4,-22.3,0.0,0.03,499,False,-1.173,1435,False,False,True,False,1.9404296875,0.68,353,4.4,-0.2,-4.7,1.1,0.68,0.0,0.09,,False,0.582,389,False,False,False,True,2.44921875,0.17,434,1.4,0.0,-1.3,,2.79,0.0,-0.01,,False,0.186,345,False,False,False,True,스파이크
012790,신일제약,3.08984375,0.41,646.0,5390.0,,2.76953125,0.32,767,-0.2,4.6,-25.6,3.9,-8.8,0.0,0.08,,False,-0.014,1091,False,False,True,True,2.76953125,0.32,573,-2.2,4.6,-9.9,3.9,-15.12,0.0,0.43,,False,-0.293,1026,False,False,True,True,2.640625,0.45,481,2.7,2.4,-6.1,2.3,-0.37,0.0,-0.03,,False,0.444,473,False,False,True,True,2.970703125,0.12,543,0.7,-0.2,-0.5,,5.27,0.0,0.0,,False,0.111,530,False,False,False,True,스파이크
012860,모베이스전자,5.109375,0.67,1633.0,2230.0,,2.669921875,2.44,268,-23.7,2.8,72.5,-0.0,-48.97,0.0,0.65,,False,1.87,368,False,False,True,False,2.490234375,2.62,184,53.9,1.6,-44.3,-0.9,-44.53,0.0,-0.37,,False,3.058,144,False,False,True,True,3.990234375,1.12,211,20.5,1.5,-22.1,-0.1,-31.07,0.0,0.03,,False,1.1,209,False,False,True,True,5.12890625,-0.02,1215,-0.1,-0.1,0.3,-0.1,0.22,0.0,0.0,564,False,-0.019,1131,False,False,False,False,지속
0129K0,신한제18호스팩,35.75,0.0,111.0,1983.0,,,,,-22.0,-138.8,165.3,-99.7,,,,,False,,,False,False,False,False,,,,-22.0,-138.8,165.3,-99.7,,,,,False,,,False,False,False,False,35.71875,0.03,837,0.0,4.5,-4.0,3.7,-0.5,0.0,0.02,,False,0.02,890,False,False,True,True,35.75,0.0,908,-0.0,0.0,-0.1,0.0,-0.2,0.0,0.01,,False,-0.01,1086,False,False,False,True,
013030,하이록코리아,28.765625,0.8,3642.0,30950.0,,30.21875,-1.45,1556,-40.7,17.9,23.0,11.3,-2.67,0.0,-0.58,547,False,-0.866,1475,False,False,True,False,28.59375,0.17,639,25.6,-74.5,45.4,10.0,-23.58,0.0,-0.44,471,False,0.613,470,False,False,False,False,28.3125,0.45,481,19.0,-25.2,5.6,-3.4,-13.43,0.0,-0.05,505,False,0.5,439,False,False,False,False,28.859375,-0.09,1427,-0.9,-0.1,0.8,-2.6,3.0,0.0,-0.07,587,False,-0.026,1171,False,False,False,False,지속
0130D0,신한제17호스팩,0.389892578125,0.0,106.0,1980.0,,,,,-13.5,-49.9,68.9,-23.3,,,,,False,,,False,False,False,False,1.5595703125,-1.17,1441,-0.8,-7.1,6.0,-15.8,-1.0,0.0,-0.47,36,False,-0.767,1288,False,False,False,False,0.3798828125,0.01,883,0.0,1.9,-2.2,0.5,-0.5,0.0,-0.07,,False,0.012,903,False,False,True,True,0.389892578125,0.0,908,-0.0,0.2,-0.4,0.2,-0.35,0.0,-0.09,,False,-0.002,1027,False,False,True,True,지속
0130H0,엔에이치스팩33호,0.77001953125,0.0,153.0,1990.0,,,,,-8.6,-92.3,106.8,-46.8,,,,,False,,,False,False,False,False,1.7001953125,-0.93,1357,-1.0,15.2,-14.7,7.6,-1.0,0.0,-0.15,,False,-0.665,1245,False,False,True,True,0.81982421875,-0.05,1133,-0.1,2.5,-2.4,2.1,-1.0,0.0,0.0,,False,-0.055,1073,False,False,True,True,0.759765625,0.01,867,-0.2,0.0,0.1,0.0,-0.5,0.0,0.14,422,False,-0.132,1421,False,False,False,False,
013120,동원개발,3.099609375,0.19,2025.0,2230.0,,3.009765625,0.09,897,-2.2,51.1,-29.8,0.4,-21.48,0.0,0.12,,False,-0.058,1118,False,False,True,True,3.01953125,0.08,678,-8.2,-3.6,6.8,0.2,-25.17,0.0,0.38,842,False,-0.336,1058,False,False,False,False,2.9296875,0.17,687,-2.7,-0.5,-14.7,0.3,-5.31,0.0,0.2,,False,-0.077,1112,False,False,False,True,2.7109375,0.39,176,2.8,3.0,-5.6,0.3,-9.35,0.0,0.3,,False,0.095,580,False,False,True,True,스파이크
0131D0,키움히어로제2호스팩,0.35009765625,0.0,124.0,1973.0,,,,,-1.9,-168.5,173.4,-126.5,,,,,False,,,False,False,False,False,,,,-1.9,-168.5,173.4,-126.5,,,,,False,,,False,False,False,False,1.4599609375,-1.11,1668,-1.2,4.6,-3.6,3.0,-0.55,0.0,-0.29,,False,-0.93,1597,False,False,True,True,0.340087890625,0.01,867,0.0,0.1,-0.3,-0.0,-0.1,0.0,-0.13,,False,0.017,889,False,False,True,True,스파이크
0132G0,교보20호스팩,0.07000732421875,0.0,119.0,1991.0,,,,,-2.7,-68.3,76.3,-42.3,,,,,False,,,False,False,False,False,1.0302734375,-0.96,1367,-1.0,-14.3,16.2,-22.2,-1.19,0.0,-0.13,4,True,-0.854,1323,False,False,False,False,0.1400146484375,-0.07,1151,-0.0,0.7,-0.8,0.1,-0.2,0.0,-0.1,,False,-0.033,1036,False,False,True,True,0.07000732421875,0.0,908,-0.0,-0.0,-0.1,-0.0,-0.25,0.0,-0.01,,False,-0.0,986,False,False,False,True,
013310,아진산업,3.83984375,0.28,982.0,2530.0,,4.640625,-0.8,1402,-33.7,1.9,20.7,0.7,-21.55,0.0,1.26,454,False,-2.098,1661,False,True,True,False,5.26171875,-1.42,1507,-26.2,2.2,12.8,0.7,-23.1,0.0,0.32,594,False,-1.726,1567,False,False,True,False,4.73046875,-0.89,1637,-10.6,-0.3,9.3,-0.2,-20.06,0.0,0.15,183,False,-1.028,1617,False,False,False,False,4.26171875,-0.42,1702,1.4,-0.0,-1.6,0.0,0.2,0.0,-0.56,,False,0.137,461,False,False,False,True,
0134X0,대신밸런스제20호스팩,0.0,0.0,133.0,1972.0,,,,,-12.8,-179.5,208.1,-60.4,,,,,False,,,False,False,False,False,,,,-12.8,-179.5,208.1,-60.4,,,,,False,,,False,False,False,False,1.3701171875,-1.37,1697,-1.9,8.6,-6.5,2.2,-0.55,0.0,0.11,,False,-1.43,1663,False,False,True,True,0.2099609375,-0.21,1588,-0.3,0.1,0.1,0.2,-0.45,0.0,-0.04,507,False,-0.191,1490,False,False,True,False,
013720,청보,1.08984375,0.45,262.0,431.0,,1.58984375,-0.5,1301,-5.9,0.0,2.0,,-48.38,0.0,-0.17,,False,-0.713,1431,False,False,False,False,1.5703125,-0.48,1156,-3.0,-0.0,-1.6,,-55.38,0.0,-0.46,,False,-0.403,1105,False,False,False,True,1.2802734375,-0.19,1294,-0.8,-0.0,-2.7,,-13.8,0.0,-0.1,,False,-0.175,1220,False,False,False,True,1.0400390625,0.05,725,,,,,0.0,0.0,0.05,,False,,,False,False,False,False,
013810,스페코,5.23046875,0.58,257.0,1752.0,,3.19921875,2.03,334,8.8,0.5,-96.1,0.1,-29.78,0.0,-0.31,,False,2.206,315,False,False,True,True,6.8984375,-1.67,1562,-5.8,0.5,-81.0,0.1,-41.7,0.0,-0.08,,False,-1.694,1554,False,False,True,True,5.58984375,-0.36,1422,-1.5,0.0,-84.7,,-15.77,0.0,0.13,,False,-0.535,1464,False,False,False,True,5.30078125,-0.07,1370,-0.4,-0.0,-85.7,,-2.18,0.0,0.08,,False,-0.15,1439,False,False,False,True,
013990,아가방컴퍼니,4.6015625,0.56,1184.0,3600.0,,4.98046875,-0.38,1251,-5.1,201.2,-208.3,0.1,-17.05,0.0,-0.22,,False,-0.136,1164,False,False,True,True,4.8203125,-0.22,1014,-2.5,100.8,-110.7,0.2,-28.43,0.0,-0.06,,False,-0.141,923,False,False,True,True,4.0390625,0.56,411,5.2,-0.6,-4.8,-0.4,-11.33,0.0,0.08,,False,0.475,455,False,False,False,True,4.37109375,0.23,333,1.4,-0.0,-1.5,,5.88,0.0,0.1,,False,0.125,489,False,False,False,True,스파이크
014100,메디앙스,1.98046875,0.3,211.0,1790.0,,1.3896484375,0.59,665,0.6,-0.0,-6.8,,4.31,0.0,0.15,,False,0.278,856,False,False,False,True,2.30078125,-0.32,1079,-0.4,-0.0,-5.7,,1.13,0.0,-0.31,,False,-0.182,946,False,False,False,True,1.990234375,-0.01,1065,0.0,-0.0,-5.4,,8.22,0.0,-0.17,,False,0.009,911,False,False,False,True,2.0,-0.02,1215,-0.0,-0.0,-0.9,,3.17,0.0,-0.01,,False,-0.004,1046,False,False,False,True,
014190,원익큐브,4.83984375,0.38,416.0,1176.0,,1.5302734375,3.31,193,25.4,-0.1,-24.6,-0.0,-42.07,-0.01,-0.67,,False,4.024,160,False,False,False,True,5.44921875,-0.61,1218,-0.3,-0.1,0.1,,-35.84,-0.01,-0.78,,False,0.101,675,False,False,False,False,4.6796875,0.16,696,1.4,-0.1,-1.5,,-16.54,0.0,-0.25,,False,0.373,506,False,False,False,True,4.78125,0.06,693,0.6,-0.0,-0.6,,2.44,0.0,-0.1,,False,0.158,401,False,False,False,True,
014470,부방,1.669921875,0.3,586.0,975.0,,1.6103515625,0.06,920,1.4,-0.0,-2.9,,-26.19,0.0,-0.33,,False,0.342,822,False,False,False,True,1.830078125,-0.16,971,-3.2,-0.0,0.9,,-32.15,0.0,0.02,,False,-0.217,972,False,False,False,False,1.3603515625,0.31,563,1.3,-0.0,-2.4,,-20.08,0.0,0.07,,False,0.24,617,False,False,False,True,1.6298828125,0.04,763,0.5,-0.0,-0.6,,2.52,0.0,-0.05,,False,0.09,596,False,False,False,True,
014570,고려제약,2.75,0.44,376.0,3415.0,,2.619140625,0.13,872,0.5,2.2,-3.0,2.3,-17.61,0.0,-0.01,,False,0.107,968,False,False,True,True,2.939453125,-0.19,995,-1.0,2.3,-1.3,2.3,-16.81,0.0,0.03,,False,-0.242,992,False,False,True,True,2.529296875,0.22,630,0.8,0.9,-1.8,0.9,-0.58,0.0,-0.01,,False,0.222,633,False,False,True,True,2.73046875,0.02,827,0.1,0.0,-0.1,0.0,1.04,0.0,0.0,,False,0.017,889,False,False,False,True,스파이크
014620,성광벤드,36.0,1.25,6878.0,25900.0,,29.484375,6.52,60,596.3,53.8,-630.1,-39.4,-10.38,0.0,-0.07,,False,6.592,56,False,False,True,True,29.6875,6.31,35,594.2,-445.1,-124.1,-28.2,-32.46,0.0,0.08,,False,6.24,30,False,False,False,True,34.53125,1.47,145,77.3,-3.7,-72.0,-0.7,-20.92,0.0,0.43,,False,1.056,218,False,False,False,True,35.71875,0.28,275,12.3,-9.3,-2.8,-2.0,2.98,0.0,0.11,,False,0.177,363,False,False,False,True,지속
014940,오리엔탈정공,3.529296875,1.63,2046.0,4490.0,,2.130859375,1.4,433,-1.8,-6.2,8.4,-0.0,-47.73,0.0,0.29,,False,1.144,513,False,False,False,False,1.8095703125,1.72,272,2.5,-1.2,-0.7,-0.1,-34.83,0.0,0.63,,False,1.114,350,False,False,False,True,2.529296875,1.0,236,15.8,-0.0,-15.7,,-22.85,0.0,0.04,,False,0.98,236,False,False,False,True,2.98046875,0.55,102,6.3,-0.4,-5.9,,4.3,0.0,0.25,,False,0.303,192,False,False,False,True,지속
014950,삼익제약,1.099609375,0.74,557.0,5570.0,,1.0,0.1,889,-0.2,-27.1,46.3,-0.7,-67.46,9.12,-0.56,120,False,0.805,629,True,False,False,False,3.029296875,-1.93,1611,-16.3,-25.3,56.3,0.1,-46.29,8.82,-0.87,28,False,-0.947,1363,True,False,False,False,3.169921875,-2.07,1761,-7.7,-17.7,26.3,0.1,-16.11,0.0,-2.35,65,False,0.189,672,False,True,False,False,2.0703125,-0.97,1775,-2.9,0.3,3.0,,34.38,0.0,-0.53,152,False,-0.364,1591,False,False,True,False,
014970,삼륭물산,2.51953125,1.1,629.0,4245.0,,0.60986328125,1.91,347,13.3,0.1,-12.5,0.0,-39.44,-1.98,-0.11,,False,1.98,347,True,False,True,True,1.9697265625,0.55,500,4.4,0.0,-4.8,,-46.06,-1.98,0.05,,False,0.432,532,True,False,False,True,2.720703125,-0.2,1303,-2.9,0.0,2.7,,-18.52,0.0,0.07,428,False,-0.288,1319,False,False,False,False,2.2890625,0.23,333,1.3,0.0,-1.1,,-0.47,0.0,0.07,,False,0.191,333,False,False,False,True,
015710,코콤,1.73046875,0.36,482.0,2750.0,,2.73046875,-1.0,1459,-9.6,-0.1,3.4,,-19.35,0.0,0.24,637,False,-1.249,1555,False,False,False,False,3.099609375,-1.37,1493,-7.6,-0.0,1.9,,-33.41,0.0,-0.23,767,False,-1.156,1431,False,False,False,False,1.650390625,0.08,769,0.9,-0.0,-1.5,,-8.64,0.0,-0.15,,False,0.212,645,False,False,False,True,1.6103515625,0.12,543,0.5,-0.0,-0.7,,4.56,0.0,0.01,,False,0.096,576,False,False,False,True,스파이크
015750,성우하이텍,5.75,0.27,4648.0,5810.0,,9.0625,-3.31,1719,-354.0,138.8,189.2,5.1,-17.94,0.0,0.54,313,False,-3.884,1738,False,False,True,False,4.44140625,1.31,325,52.8,-248.9,193.6,-0.5,-35.8,0.0,0.07,198,False,1.231,328,False,False,False,False,5.671875,0.08,769,14.6,14.4,-30.4,-0.5,-20.74,0.0,-0.25,,False,0.327,543,False,False,True,True,5.55078125,0.2,382,8.2,-3.7,-4.8,-0.0,2.65,0.0,0.03,,False,0.171,370,False,False,False,True,지속
016100,리더스코스메틱,2.2109375,0.75,222.0,1160.0,,2.080078125,0.13,872,-0.8,-0.4,1.2,,-32.12,0.0,-0.2,,False,0.242,878,False,False,False,False,2.23046875,-0.02,874,-0.9,-0.0,0.5,,-23.23,0.0,-0.14,,False,0.047,714,False,False,False,False,2.099609375,0.11,737,-0.1,-0.0,-0.4,,-14.83,0.0,-0.15,,False,0.165,701,False,False,False,True,2.369140625,-0.16,1524,-0.3,0.0,0.3,,9.23,0.0,-0.03,346,False,-0.131,1418,False,False,False,False,
016250,SGC E&C,1.349609375,0.19,580.0,11520.0,,1.5400390625,-0.19,1166,2.0,-0.3,0.1,-0.2,-23.15,0.0,-0.45,,False,0.234,884,False,False,False,False,2.25,-0.9,1351,-4.8,-0.2,5.6,-0.1,-35.96,0.0,-0.29,562,False,-0.611,1215,False,False,False,False,1.5400390625,-0.19,1294,-1.0,0.4,0.5,-0.1,-6.57,0.0,-0.04,543,False,-0.161,1204,False,False,True,False,1.4296875,-0.08,1395,-0.2,0.0,0.2,,-4.64,0.0,-0.05,562,False,-0.032,1191,False,False,False,False,
0164H0,한국제16호스팩,10.796875,0.0,132.0,1951.0,,,,,0.7,-125.3,126.5,-82.2,,,,,False,,,False,False,False,False,,,,0.7,-125.3,126.5,-82.2,,,,,False,,,False,False,False,False,,,,0.7,-125.3,126.5,-82.2,,,,,False,,,False,False,False,False,10.203125,0.59,92,0.5,1.2,-1.7,0.4,-0.36,0.0,0.34,,False,0.375,138,False,False,True,True,
0165X0,메리츠제2호스팩,4.5390625,0.0,141.0,1947.0,,,,,4.7,-161.5,164.7,-96.8,,,,,False,,,False,False,False,False,,,,4.7,-161.5,164.7,-96.8,,,,,False,,,False,False,False,False,,,,4.7,-161.5,164.7,-96.8,,,,,False,,,False,False,False,False,5.51953125,-0.98,1776,-1.2,2.4,-1.5,0.1,-0.15,0.0,-0.26,,False,-0.868,1691,False,False,True,True,
016600,큐캐피탈,0.0,0.25,354.0,2535.0,,2.419921875,-2.42,1672,2.6,-1.6,-2.1,,951.87,-92.17,-54.2,,False,1.781,384,True,True,False,True,4.76171875,-4.76,1782,-8.7,0.3,7.2,,774.14,-92.17,-54.38,634,False,-0.505,1166,True,True,True,False,0.0,0.0,913,3.7,0.1,-4.4,,-25.55,0.0,-1.28,,False,1.126,206,False,True,True,True,0.0,0.0,908,1.6,0.4,-2.0,,-0.98,0.0,-0.46,,False,0.462,99,False,False,True,True,스파이크
016670,디모아,1.0400390625,0.22,255.0,2500.0,,2.220703125,-1.18,1503,-3.1,-0.0,3.1,,-39.1,34.24,-0.0,481,False,-0.812,1459,True,False,False,False,1.009765625,0.03,721,-0.2,0.0,0.1,,-43.76,0.0,-0.06,,False,0.084,683,False,False,False,False,0.83984375,0.2,653,0.3,-0.0,-0.2,,-6.54,0.0,0.01,,False,0.187,674,False,False,False,True,1.01953125,0.02,827,-0.0,-0.0,0.0,,6.16,0.0,0.02,692,False,-0.002,1027,False,False,False,False,
016790,현대사료,2.380859375,2.45,1873.0,994.0,,2.400390625,-0.02,1072,,,,,0.0,0.0,-0.02,,False,,,False,False,False,False,2.380859375,0.0,771,,,,,0.0,0.0,0.0,,False,,,False,False,False,False,2.380859375,0.0,913,,,,,0.0,0.0,0.0,,False,,,False,False,False,False,2.380859375,0.0,908,,,,,0.0,0.0,0.0,,False,,,False,False,False,False,
016920,카스,2.0390625,0.36,268.0,1011.0,,2.759765625,-0.72,1374,-1.7,-0.1,-10.6,-0.1,0.1,0.0,-0.09,,False,-0.742,1436,False,False,False,True,2.640625,-0.6,1210,-1.3,0.0,-11.2,,-5.78,0.0,-0.2,,False,-0.57,1191,False,False,False,True,2.310546875,-0.27,1364,-0.6,-0.0,-10.8,,8.24,0.0,-0.05,,False,-0.249,1295,False,False,False,True,1.990234375,0.05,725,0.2,-0.1,-2.7,,8.01,0.0,-0.01,,False,0.068,671,False,False,False,True,스파이크
017000,신원종합개발,4.37890625,0.22,261.0,2240.0,,4.26953125,0.11,881,-1.0,0.3,-0.2,0.3,-28.55,0.0,0.2,,False,-0.269,1247,False,False,True,True,7.0703125,-2.69,1706,-12.5,0.3,11.6,0.3,-31.29,0.0,0.47,148,False,-3.363,1712,False,False,True,False,4.828125,-0.45,1470,-4.9,-0.2,5.0,-0.2,-12.33,0.0,0.57,142,False,-1.131,1631,False,False,False,False,3.509765625,0.87,48,1.9,-0.0,-2.1,,-9.68,0.0,0.14,,False,0.66,51,False,False,False,True,
017250,인터엠,0.0,0.48,210.0,996.0,,0.0,0.0,987,0.2,-0.6,-6.3,-0.4,-0.8,0.0,-0.13,,False,0.116,963,False,False,False,True,0.0,0.0,771,0.1,-0.0,-2.6,,-10.67,0.0,-0.08,,False,0.057,702,False,False,False,True,0.0,0.0,913,0.0,-0.0,-0.1,,-3.58,0.0,-0.01,,False,0.014,893,False,False,False,True,0.0,0.0,908,-0.0,0.0,0.0,,1.22,0.0,0.01,678,False,-0.007,1068,False,False,False,False,
017480,삼현철강,3.33984375,0.37,723.0,4685.0,,0.990234375,2.35,283,5.9,4.0,-8.9,4.2,7.33,-1.66,1.45,,False,0.86,608,True,True,True,True,1.349609375,1.99,242,3.5,-0.4,-2.2,0.0,-3.3,-1.66,1.42,,False,0.527,500,True,True,False,True,1.6298828125,1.71,113,0.9,0.0,-1.0,,-8.32,0.0,1.56,,False,0.148,723,False,True,False,True,3.25,0.09,613,0.3,-0.1,-0.3,,2.85,0.0,0.04,,False,0.047,752,False,False,False,True,지속
017510,세명전기,5.71875,1.12,1009.0,6620.0,,4.19921875,1.52,405,-5.1,1.9,2.7,0.5,-27.65,0.0,-0.34,,False,1.8,379,False,False,True,False,4.66015625,1.06,371,1.8,1.7,-5.2,-0.4,-35.48,0.0,-0.15,,False,1.106,355,False,False,True,True,5.609375,0.11,737,-5.0,0.7,4.2,0.3,-27.17,0.0,0.14,,False,-0.028,1026,False,False,True,False,4.5390625,1.18,27,9.9,0.0,-9.9,,-2.65,0.0,0.22,,False,0.963,30,False,False,False,True,
017650,대림제지,2.76953125,0.28,799.0,9100.0,,2.259765625,0.51,694,4.1,-1.0,-23.7,-0.3,16.67,0.0,-0.12,,False,0.506,748,False,False,False,True,2.470703125,0.3,583,2.0,-0.3,-10.4,,0.44,0.0,-0.04,,False,0.244,601,False,False,False,True,2.5703125,0.2,653,2.5,-0.0,-0.7,,3.29,0.0,-0.12,,False,0.314,553,False,False,False,True,2.73046875,0.04,763,1.0,-0.0,-1.0,,0.22,0.0,-0.08,,False,0.121,503,False,False,False,True,
017890,한국알콜,20.9375,0.51,2876.0,13520.0,,5.55078125,15.39,13,377.7,-185.7,-228.2,47.2,32.16,0.0,0.73,,False,14.66,6,False,False,False,True,14.7734375,6.16,36,141.1,1.4,-182.1,35.2,10.46,0.0,1.13,,False,5.056,59,False,True,True,True,18.34375,2.59,62,66.9,6.6,-73.3,1.8,9.92,0.0,0.21,,False,2.393,68,False,False,True,True,19.6875,1.25,23,30.6,7.6,-38.3,-0.1,4.24,0.0,0.23,,False,1.018,26,False,False,True,True,
018000,유니슨,1.080078125,2.07,2315.0,892.0,,3.759765625,-2.68,1692,-83.6,-60.9,178.2,1.4,-16.87,5.85,0.49,92,False,-3.257,1722,True,False,False,False,3.5703125,-2.49,1687,-90.8,-38.5,123.5,0.1,-31.44,5.83,0.98,60,False,-3.58,1722,True,False,False,False,1.580078125,-0.5,1494,-23.2,-10.3,31.7,,-8.32,0.0,0.37,122,False,-0.925,1596,False,False,False,False,1.099609375,-0.02,1215,-2.1,-0.0,1.9,,3.6,0.0,0.06,428,False,-0.093,1357,False,False,False,False,
018120,진로발효,0.58984375,1.2,1095.0,16540.0,,0.64013671875,-0.05,1096,0.4,-4.2,3.2,-3.9,-3.84,0.0,-0.09,619,False,0.037,1026,False,False,False,False,0.669921875,-0.08,920,-0.1,-2.1,1.9,-1.8,-7.8,0.0,-0.08,791,False,-0.008,820,False,False,False,False,0.580078125,0.01,883,0.5,-0.2,-0.3,-0.2,-3.67,0.0,-0.03,,False,0.041,853,False,False,False,True,0.5,0.09,613,0.2,-0.0,-0.2,,0.85,0.0,0.08,,False,0.015,903,False,False,False,True,
018290,브이티,6.859375,1.69,4130.0,11820.0,,11.5390625,-4.68,1754,-263.6,102.5,161.6,-3.3,-28.23,0.0,-1.44,311,False,-3.249,1721,False,True,True,False,7.51953125,-0.66,1246,-52.6,-38.9,88.5,-4.6,-26.31,0.0,-0.31,522,False,-0.352,1068,False,False,False,False,5.7890625,1.07,220,40.5,32.9,-72.6,4.5,-6.56,0.0,0.09,,False,0.987,231,False,False,True,True,6.69140625,0.17,434,9.1,8.9,-16.0,2.9,-0.51,0.0,-0.05,,False,0.217,290,False,False,True,True,
018310,삼목에스폼,2.109375,0.31,2087.0,14200.0,,2.529296875,-0.42,1271,-3.7,69.6,-74.4,3.2,-25.89,0.0,-0.17,,False,-0.206,1213,False,False,True,True,2.669921875,-0.56,1187,-3.8,70.6,-76.8,4.1,-25.38,0.0,-0.34,,False,-0.189,955,False,False,True,True,1.98046875,0.13,719,0.0,-6.7,5.6,0.9,-5.52,0.0,0.14,416,False,-0.004,970,False,False,False,False,2.01953125,0.09,613,-0.2,0.4,-0.3,0.3,-3.99,0.0,0.1,,False,-0.007,1068,False,False,True,True,
018620,우진비앤지,2.099609375,0.56,174.0,2510.0,,2.609375,-0.51,1306,-0.6,-0.0,3.6,,213.36,-76.0,-11.35,586,False,0.561,722,True,True,False,False,3.130859375,-1.03,1394,-2.2,0.5,1.5,,237.37,-76.0,-10.04,,False,-0.262,1004,True,True,True,False,2.359375,-0.26,1356,-0.7,-0.0,1.1,,-1.38,19.99,0.53,238,False,-0.482,1433,True,False,False,False,2.240234375,-0.14,1499,-0.3,0.0,0.7,,-11.31,0.0,0.01,173,False,-0.157,1451,False,False,False,False,
018680,서울제약,1.9404296875,0.62,255.0,2185.0,,2.01953125,-0.08,1112,0.2,-0.4,-0.1,,-26.18,0.0,-0.23,,False,0.065,996,False,False,False,True,2.009765625,-0.07,915,-0.1,0.0,0.0,,-22.65,0.0,-0.05,874,False,-0.036,837,False,False,False,False,2.08984375,-0.15,1244,-0.4,0.0,0.4,,-7.42,0.0,-0.01,499,False,-0.14,1183,False,False,False,False,1.9599609375,-0.02,1215,-0.0,0.0,0.0,,-3.32,0.0,-0.0,610,False,-0.016,1116,False,False,False,False,
018700,졸스,0.0,0.52,140.0,1196.0,,0.0,0.0,987,1.2,-0.4,-1.2,,37.63,-66.67,-3.61,,False,1.129,520,True,True,False,True,0.0,0.0,771,-1.6,0.0,2.6,,113.19,-66.67,0.6,734,False,-0.237,988,True,False,False,False,0.0,0.0,913,-1.5,0.0,1.3,,-6.93,0.0,0.91,192,False,-1.013,1613,False,False,False,False,0.0,0.0,908,-1.0,0.0,0.9,,8.83,0.0,0.57,97,False,-0.586,1656,False,False,False,False,
019010,베뉴지,0.60986328125,0.43,2000.0,4150.0,,0.469970703125,0.14,867,-5.7,12.9,8.7,12.0,29.89,0.0,0.34,612,False,-0.196,1206,False,False,True,False,0.7998046875,-0.19,995,-5.5,12.0,4.7,12.0,-18.31,0.0,-0.03,805,False,-0.163,937,False,False,True,False,0.5498046875,0.06,788,3.4,11.8,-13.4,12.0,-19.57,0.0,-0.03,,False,0.112,760,False,False,True,True,0.64013671875,-0.03,1262,-0.1,0.0,0.1,,-7.78,0.0,-0.03,,False,0.001,974,False,False,False,False,
019210,와이지-원,25.875,2.01,8592.0,23100.0,,19.84375,6.03,71,391.8,-312.9,1.7,49.6,331.78,10.78,0.69,,False,8.071,34,True,False,False,False,17.84375,8.03,22,444.7,-438.5,54.8,-65.9,61.54,0.0,0.5,557,False,7.499,17,False,False,False,False,24.1875,1.69,118,76.2,-114.8,66.8,-76.5,29.19,0.0,0.44,191,False,1.263,181,False,False,False,False,25.890625,-0.02,1215,-12.2,30.9,-23.1,17.2,4.05,0.0,0.09,,False,-0.1,1370,False,False,True,True,
019540,일지테크,9.0078125,0.44,872.0,6450.0,,3.30078125,5.71,80,49.1,3.6,-72.5,0.2,25.73,0.0,0.11,,False,5.608,82,False,False,True,True,7.51171875,1.5,299,12.8,2.8,-19.0,-0.5,-8.9,0.0,-0.01,,False,1.538,277,False,False,True,True,7.55078125,1.46,148,11.9,0.2,-13.5,-0.2,0.31,0.0,0.02,,False,1.449,143,False,False,True,True,8.25,0.76,60,7.8,0.2,-8.3,-0.0,13.56,0.0,-0.16,,False,0.914,32,False,False,True,True,
019550,SBI인베스트먼트,6.3203125,0.53,778.0,960.0,,5.98828125,0.33,758,3.9,0.2,-4.8,,35.4,-50.0,-7.07,,False,0.631,702,True,True,True,True,6.78125,-0.46,1141,-7.6,0.3,6.3,,52.38,-50.0,-6.5,741,False,-0.443,1130,True,True,True,False,6.3984375,-0.08,1161,-1.0,0.0,0.6,,-3.81,0.0,0.03,527,False,-0.167,1212,False,False,False,False,6.26953125,0.05,725,0.2,0.1,-0.2,,4.12,0.0,0.03,,False,0.019,875,False,False,True,True,
019570,플루토스,0.759765625,0.39,230.0,481.0,,2.490234375,-1.73,1601,-8.0,0.0,9.6,,79.48,-28.89,-2.82,632,False,0.035,1033,True,True,False,False,3.859375,-3.1,1737,-8.1,0.0,8.0,,22.7,-29.52,-2.5,323,False,-1.572,1521,True,True,False,False,1.6396484375,-0.88,1635,-2.2,0.0,2.5,,62.5,-50.0,-1.77,336,False,-0.371,1375,True,True,False,False,0.77001953125,-0.01,1155,,,,,0.0,0.0,-0.01,,False,,,False,False,False,False,
019660,글로본,0.0,2.48,268.0,1919.0,,0.0,0.0,987,-1.8,-0.0,4.1,,-29.06,0.0,0.35,446,False,-0.343,1279,False,False,False,False,0.0,0.0,771,0.1,-0.0,1.6,,-26.19,0.0,-0.09,667,False,0.065,698,False,False,False,False,0.0,0.0,913,-0.1,-0.0,0.2,,-0.98,0.0,0.03,575,False,-0.043,1051,False,False,False,False,0.0,0.0,908,-0.1,-0.0,0.1,,-1.34,0.0,0.02,574,False,-0.036,1198,False,False,False,False,
019770,서연탑메탈,2.26953125,0.36,367.0,3150.0,,2.2890625,-0.02,1072,-1.1,0.3,0.6,0.4,-18.29,0.0,0.12,675,False,-0.177,1193,False,False,True,False,2.439453125,-0.17,978,0.0,-0.2,-0.1,0.4,-23.91,0.0,-0.18,857,False,-0.021,825,False,False,False,True,2.119140625,0.15,701,0.5,-0.5,-0.1,-0.2,-8.16,0.0,-0.0,,False,0.132,739,False,False,False,True,2.16015625,0.11,568,0.4,-0.0,-0.4,,0.32,0.0,0.01,,False,0.1,563,False,False,False,True,
019990,에너토크,13.8203125,1.21,468.0,4795.0,,9.359375,4.46,128,43.4,-0.7,-42.4,-0.0,-36.57,0.0,-0.42,,False,4.851,115,False,False,False,True,14.8671875,-1.05,1399,-3.6,-0.6,1.1,,-47.94,0.0,-0.05,598,False,-1.038,1396,False,False,False,False,14.0625,-0.24,1342,-1.5,0.0,1.2,,-26.12,0.0,-0.01,503,False,-0.212,1264,False,False,False,False,13.7734375,0.05,725,-0.8,0.0,0.7,,1.16,0.0,0.21,316,False,-0.167,1458,False,False,False,False,
020180,대신정보통신,4.98828125,0.89,346.0,901.0,,6.62890625,-1.64,1591,-7.6,20.0,-15.2,-0.0,-8.06,0.0,-0.91,,False,-0.676,1420,False,False,True,True,4.98828125,0.0,771,4.5,20.0,-29.6,-0.0,-35.13,0.0,-0.69,,False,0.763,418,False,False,True,True,5.6796875,-0.69,1576,-3.2,12.1,-8.7,-0.0,-16.81,0.0,0.19,,False,-0.758,1559,False,False,True,True,4.4609375,0.53,111,1.9,-0.0,-1.9,,2.04,0.0,-0.03,,False,0.554,76,False,False,False,True,
020400,대동금속,2.33984375,0.43,189.0,2965.0,,1.2197265625,1.12,504,-7.0,9.9,-2.8,0.0,-47.52,100.0,2.85,,False,-2.375,1680,True,True,True,True,0.60986328125,1.73,268,-2.3,10.1,-6.5,,-53.74,100.0,3.34,,False,-2.428,1665,True,True,True,True,5.421875,-3.08,1796,-5.7,8.5,-2.3,,-10.29,0.0,-0.41,,False,-2.669,1730,False,False,True,True,2.359375,-0.02,1215,0.9,0.0,-0.3,,-1.5,0.0,-0.39,,False,0.431,109,False,False,False,True,
020710,시공테크,0.0,0.37,738.0,3680.0,,2.099609375,-2.1,1644,-34.0,4.6,25.3,0.6,-6.0,0.0,0.9,278,False,-3.005,1713,False,False,True,False,4.359375,-4.36,1773,-41.6,4.5,33.3,0.5,-38.56,0.0,-0.18,116,False,-4.209,1737,False,False,True,False,0.0,0.0,913,-2.2,-2.1,3.3,-0.6,-5.28,0.0,0.28,321,False,-0.302,1333,False,False,False,False,0.0,0.0,908,0.1,-0.0,-0.1,-0.0,3.52,0.0,-0.02,,False,0.017,889,False,False,False,True,
021040,대호특수강,0.740234375,0.45,199.0,917.0,,1.6796875,-0.94,1442,-3.1,-0.0,-0.8,,-27.51,0.0,-0.11,,False,-0.785,1451,False,False,False,True,1.0498046875,-0.31,1074,-1.9,-0.0,-0.5,,-25.45,0.0,0.05,,False,-0.36,1076,False,False,False,True,0.919921875,-0.18,1286,-0.4,-0.0,-0.3,,-14.62,0.0,-0.06,,False,-0.112,1148,False,False,False,True,0.7099609375,0.03,799,0.0,-0.0,-0.0,,0.44,0.0,0.02,,False,0.01,925,False,False,False,False,
021045,대호특수강우,2.5,0.0,21.0,2510.0,,0.0200042724609375,2.48,263,,0.0,-0.0,,-11.78,0.0,2.46,,False,,,False,True,False,False,0.1400146484375,2.36,204,,0.0,-0.0,,-5.64,0.0,2.35,,False,,,False,True,False,False,2.619140625,-0.12,1208,,-0.0,0.0,,4.15,0.0,-0.13,655,False,,,False,False,False,False,2.5,0.0,908,,,0.0,,25.5,0.0,0.0,,False,,,False,False,False,False,
021080,에이티넘인베스트,11.1328125,0.48,1027.0,2140.0,,7.9296875,3.2,203,50.4,-10.2,-47.0,-0.0,-21.32,0.0,-0.19,,False,3.524,200,False,False,False,True,8.8125,2.32,209,29.5,-0.2,-18.9,-0.0,-35.83,0.0,0.42,,False,2.114,217,False,False,False,True,9.4296875,1.7,117,16.1,-0.5,-12.1,-0.1,-24.51,0.0,0.24,,False,1.505,134,False,False,False,True,11.046875,0.09,613,0.2,0.2,-0.9,0.4,2.39,0.0,0.06,,False,0.023,857,False,False,True,True,
021320,KCC건설,2.9609375,0.19,1132.0,5290.0,,2.2890625,0.67,635,6.5,3.3,-10.7,-0.1,-3.99,0.0,0.05,,False,0.594,712,False,False,True,True,2.6796875,0.28,591,4.1,-5.9,1.6,,-26.73,0.0,-0.07,792,False,0.318,578,False,False,False,False,2.98046875,-0.02,1086,-1.7,-0.0,1.8,,-2.04,0.0,0.14,479,False,-0.16,1201,False,False,False,False,2.9609375,0.0,908,-0.2,0.0,0.2,,-3.29,0.0,0.01,620,False,-0.014,1104,False,False,False,False,지속
021650,한국큐빅,4.44140625,0.36,355.0,2170.0,,4.37890625,0.06,920,0.1,-0.3,-2.8,-0.3,-9.77,0.0,0.03,,False,0.037,1026,False,False,False,True,4.37109375,0.07,683,0.2,0.0,-3.2,,-6.06,0.0,0.02,,False,0.047,714,False,False,False,True,4.44921875,-0.01,1065,-0.0,0.0,-1.4,,5.6,0.0,-0.0,,False,-0.008,976,False,False,False,True,4.44140625,0.0,908,-0.0,0.0,-0.5,,5.34,0.0,0.0,,False,-0.002,1027,False,False,False,True,
021880,메이슨캐피탈,1.240234375,0.36,258.0,1215.0,,1.740234375,-0.5,1301,-7.8,0.0,9.7,,400.0,-90.0,-13.23,437,False,-0.4,1311,True,True,False,False,1.9501953125,-0.71,1270,-8.6,0.0,8.5,,513.64,-90.0,-13.15,496,False,-0.607,1208,True,True,False,False,1.580078125,-0.34,1406,-1.8,-0.0,-0.4,,793.38,-90.0,-13.96,651,False,-0.057,1078,True,True,False,True,1.490234375,-0.25,1628,-1.0,0.0,0.9,,-24.49,0.0,0.12,190,False,-0.343,1584,False,False,False,False,
022220,티케이지애강,1.150390625,0.33,290.0,560.0,,1.33984375,-0.19,1166,2.3,33.0,-35.4,-0.0,-19.54,0.0,-0.97,,False,0.773,647,False,False,True,True,1.8701171875,-0.72,1272,-0.1,5.5,-4.3,-0.0,-37.36,0.0,-0.71,,False,-0.023,829,False,False,True,True,1.0400390625,0.11,737,0.0,-0.6,0.3,,-23.5,0.0,0.09,537,False,0.006,923,False,False,False,False,1.16015625,-0.01,1155,-0.0,0.0,0.0,,-4.6,0.0,0.0,631,False,-0.012,1096,False,False,False,False,
023160,태광,22.9375,0.93,5833.0,22550.0,,20.296875,2.64,252,168.4,-11.0,-163.5,-41.4,-16.94,-2.39,-0.45,,False,2.55,273,True,False,False,True,19.125,3.81,105,320.7,-373.5,60.3,-60.4,-48.92,0.0,-0.17,783,False,3.979,93,False,False,False,False,22.34375,0.59,389,40.3,23.9,-64.4,39.5,-28.41,0.0,-0.37,,False,0.912,250,False,False,True,True,22.546875,0.39,176,16.2,-10.5,-5.3,-0.5,-1.1,0.0,0.11,,False,0.279,223,False,False,False,True,지속
023410,유진기업,3.720703125,0.26,2609.0,3375.0,,5.21875,-1.5,1568,-45.7,-2.0,57.7,-0.6,-4.66,0.0,0.28,286,False,-1.678,1624,False,False,False,False,5.66015625,-1.94,1615,-82.1,-11.4,99.1,-4.4,-17.68,0.0,0.98,123,False,-2.85,1689,False,False,False,False,5.37109375,-1.65,1723,-68.5,-0.7,81.2,0.2,-5.59,0.0,0.84,32,False,-2.431,1723,False,False,False,False,3.619140625,0.1,592,11.6,-0.9,-11.0,0.0,-1.03,0.0,-0.3,,False,0.407,121,False,False,False,True,
023440,제이스코홀딩스,1.490234375,0.85,470.0,521.0,,2.279296875,-0.79,1400,-1.1,-2.7,14.9,-1.4,-23.38,1.72,-0.84,287,False,-0.011,1088,True,False,False,False,1.6201171875,-0.13,952,,,,,0.0,0.0,-0.13,,False,,,False,False,False,False,1.48046875,0.01,883,,,,,0.0,0.0,0.01,,False,,,False,False,False,False,1.48046875,0.01,867,,,,,0.0,0.0,0.01,,False,,,False,False,False,False,
023600,삼보판지,3.669921875,0.22,1321.0,8250.0,,3.759765625,-0.09,1114,-10.3,20.0,-18.7,20.4,-10.71,0.0,0.52,,False,-0.627,1402,False,False,True,True,3.740234375,-0.07,915,-9.5,9.9,-15.2,9.9,-18.15,0.0,0.52,,False,-0.59,1199,False,False,True,True,3.44921875,0.22,630,2.4,2.8,-5.3,2.8,-7.2,0.0,0.04,,False,0.183,680,False,False,True,True,3.560546875,0.11,568,0.8,-0.0,-0.7,-0.0,0.0,0.0,0.05,,False,0.058,710,False,False,False,True,스파이크
023760,한국캐피탈,0.72998046875,0.29,2235.0,708.0,,0.68994140625,0.04,938,-1.3,-0.8,-2.0,-1.2,-9.11,0.0,0.04,715,False,-0.041,1108,False,False,False,True,0.740234375,-0.01,865,-3.6,-4.9,11.3,-4.4,-27.83,0.0,0.08,662,False,-0.118,910,False,False,False,False,0.759765625,-0.03,1107,-0.6,0.1,1.5,,-5.35,0.0,-0.01,564,False,-0.022,1010,False,False,True,False,0.740234375,-0.01,1155,-0.1,0.1,0.0,,1.87,0.0,-0.01,701,False,-0.003,1038,False,False,True,False,
023770,플레이위드,10.703125,1.22,219.0,2450.0,,10.46875,0.23,813,-0.7,-0.2,-5.1,,-21.97,0.0,0.18,,False,-0.184,1199,False,False,False,True,11.171875,-0.47,1148,-1.9,-0.0,-2.1,,-21.6,0.0,-0.04,,False,-0.664,1244,False,False,False,True,9.8984375,0.8,295,1.3,-0.0,-2.1,,-2.0,0.0,-0.02,,False,0.616,370,False,False,False,True,10.3203125,0.38,189,0.7,-0.0,-1.1,,2.08,0.0,-0.14,,False,0.343,153,False,False,False,True,스파이크
023790,동일스틸럭스,0.0,1.02,207.0,1583.0,,1.919921875,-1.92,1622,-10.0,0.2,9.0,,14.13,-50.0,-1.63,499,False,-1.292,1566,True,True,True,False,4.08984375,-4.09,1768,-15.0,0.2,14.1,,52.65,-50.0,-1.76,162,False,-3.367,1713,True,True,True,False,0.239990234375,-0.24,1342,-3.4,0.1,3.4,,35.07,0.0,0.65,170,False,-0.977,1604,False,False,True,False,0.0,0.0,908,-1.1,0.2,0.7,,56.73,0.0,0.62,149,False,-0.578,1653,False,False,True,False,
023900,풍국주정,1.33984375,0.54,931.0,7390.0,,0.919921875,0.42,716,-4.2,-1.1,4.7,-0.1,-17.89,0.0,0.33,,False,0.06,1002,False,False,False,False,1.2802734375,0.06,692,0.5,-1.1,0.9,,-29.15,0.0,-0.04,879,False,0.1,676,False,False,False,False,1.2001953125,0.14,713,1.8,-0.1,-1.8,,-4.03,0.0,-0.07,,False,0.218,639,False,False,False,True,1.5,-0.16,1524,-0.8,-0.0,0.8,,4.82,0.0,-0.08,431,False,-0.084,1333,False,False,False,False,
023910,대한약품,19.296875,0.5,1539.0,25650.0,,18.734375,0.56,675,-1.2,19.3,-23.2,28.8,-8.39,0.0,0.65,,False,-0.152,1172,False,False,True,True,19.375,-0.08,920,-24.7,6.3,16.8,8.7,-12.16,0.0,1.38,460,False,-1.49,1504,False,True,True,False,18.453125,0.84,285,-0.5,-0.1,2.3,0.0,-3.93,0.0,0.88,485,False,-0.04,1045,False,False,False,False,19.015625,0.28,275,2.6,0.1,-2.2,,0.59,0.0,0.12,,False,0.171,370,False,False,True,True,스파이크
024060,흥구석유,0.1400146484375,2.23,1802.0,12010.0,,0.0,0.14,867,-204.8,-6.1,242.1,2.2,-18.58,0.0,0.32,233,False,-0.508,1353,False,False,False,False,0.93994140625,-0.8,1307,-50.4,-3.7,39.4,0.3,-32.91,0.0,0.21,739,False,-1.011,1387,False,False,False,False,2.91015625,-2.77,1787,-97.6,0.1,90.7,-0.0,5.63,0.0,2.1,11,True,-4.778,1752,False,True,True,False,3.890625,-3.75,1814,-62.9,0.2,54.6,,11.41,0.0,-0.68,7,True,-3.133,1732,False,False,True,False,
024120,KB오토시스,7.91015625,0.31,370.0,3220.0,,6.16015625,1.75,372,5.0,-0.1,-6.2,-0.4,-14.13,0.0,0.57,,False,1.151,506,False,False,False,True,7.08984375,0.82,413,0.8,1.1,-3.4,,-16.58,0.0,0.61,,False,0.173,642,False,False,True,True,7.8984375,0.01,883,-0.3,0.0,0.1,,-1.68,0.0,0.06,614,False,-0.065,1094,False,False,False,False,7.83984375,0.07,665,0.3,-0.0,-0.3,,4.38,0.0,-0.01,,False,0.083,617,False,False,False,True,
024740,한일단조,5.37890625,0.5,691.0,2100.0,,2.69921875,2.68,248,17.8,-0.5,-14.9,0.0,-11.21,0.0,-0.82,,False,3.629,191,False,False,False,True,3.650390625,1.73,268,17.6,-0.0,-17.3,,-38.05,0.0,-0.19,,False,1.911,243,False,False,False,True,5.48828125,-0.11,1197,3.2,-0.0,-3.3,,-14.29,0.0,-0.64,,False,0.528,420,False,False,False,True,5.140625,0.24,321,2.0,-0.0,-2.0,,2.94,0.0,-0.06,,False,0.295,202,False,False,False,True,
024800,유성티엔에스,1.1904296875,0.26,1558.0,4205.0,,1.3203125,-0.13,1136,0.2,46.1,-43.7,42.7,60.19,0.0,-0.28,,False,0.149,940,False,False,True,True,1.6298828125,-0.44,1134,-5.1,36.5,-31.6,39.5,3.83,0.0,-0.17,,False,-0.276,1012,False,False,True,True,1.3603515625,-0.17,1267,-2.2,4.7,-2.4,5.3,-9.28,0.0,-0.05,,False,-0.116,1155,False,False,True,True,1.1201171875,0.07,665,1.5,0.5,-2.0,0.5,0.6,0.0,-0.03,,False,0.096,576,False,False,True,True,
024830,세원물산,1.9501953125,0.18,732.0,8770.0,,2.08984375,-0.14,1146,-1.6,-0.1,-24.0,,-19.84,0.0,0.02,,False,-0.157,1176,False,False,False,True,2.310546875,-0.36,1099,-3.3,-0.0,-22.6,,-20.35,0.0,0.02,,False,-0.38,1089,False,False,False,True,1.9501953125,0.0,913,-0.5,-0.0,-25.4,,-15.43,0.0,0.06,,False,-0.065,1094,False,False,False,True,1.9697265625,-0.02,1215,-0.2,-0.0,0.2,,0.8,0.0,0.0,592,False,-0.021,1143,False,False,False,False,
024840,KBI메탈,1.9697265625,1.32,1981.0,4590.0,,4.3203125,-2.35,1663,-88.9,-338.9,537.0,-256.5,157.72,23.63,0.1,8,True,-2.239,1671,True,False,False,False,5.98828125,-4.02,1764,-88.4,-341.6,537.0,-258.2,64.81,23.63,-0.71,2,True,-2.935,1692,True,False,False,False,4.98828125,-3.02,1795,-115.1,-2.7,115.4,,-3.37,3.94,1.0,13,True,-4.002,1749,True,True,False,False,2.140625,-0.17,1542,-2.8,0.0,2.4,,8.77,3.94,0.14,215,False,-0.279,1547,True,False,False,False,
024850,HLB이노베이션,0.0,1.42,3290.0,10360.0,,0.7998046875,-0.8,1402,-44.1,182.4,-56.6,23.1,326.34,-78.03,-5.91,,False,0.491,754,True,True,True,True,1.509765625,-1.51,1521,-46.2,64.9,26.5,-9.1,124.24,-79.82,-7.11,843,False,-0.072,866,True,True,True,False,0.0,0.0,913,-16.3,3.0,17.6,3.9,-25.79,0.0,0.32,347,False,-0.324,1347,False,False,True,False,0.0,0.0,908,-25.7,0.3,26.3,1.8,-15.36,0.0,0.59,86,False,-0.593,1657,False,False,True,False,
024880,케이피에프,5.48828125,0.28,762.0,3780.0,,5.71875,-0.23,1185,17.8,-16.8,-11.9,-3.6,-32.26,0.73,-1.69,,False,1.515,423,False,True,False,True,4.3515625,1.14,353,16.7,0.9,-27.7,0.4,-32.38,0.0,-0.04,,False,1.174,340,False,False,True,True,5.6796875,-0.19,1294,-2.5,1.0,1.8,0.1,-15.44,0.0,0.12,439,False,-0.308,1336,False,False,True,False,5.4296875,0.06,693,-0.3,0.0,0.3,0.0,3.0,0.0,0.11,516,False,-0.049,1255,False,False,False,False,
024910,경창산업,3.029296875,0.48,537.0,1499.0,,1.4501953125,1.58,393,4.9,0.3,-29.7,0.5,-43.43,0.0,0.3,,False,1.268,476,False,False,True,True,4.1015625,-1.07,1407,-8.0,0.3,-11.6,0.3,-28.62,0.0,0.06,,False,-1.131,1421,False,False,True,True,3.19921875,-0.17,1267,-1.6,-0.2,-5.7,-0.2,-11.25,0.0,0.11,,False,-0.286,1317,False,False,False,True,2.880859375,0.15,475,0.8,0.0,-1.2,,2.25,0.0,0.01,,False,0.14,453,False,False,False,True,
024940,PN풍년,7.4609375,0.49,270.0,2700.0,,5.73828125,1.72,376,11.5,-2.1,-11.7,-2.0,-45.12,0.0,-2.09,,False,3.618,192,False,True,False,True,6.94921875,0.51,516,1.2,-0.1,-2.2,,-21.97,0.0,-1.0,,False,1.321,312,False,True,False,True,6.6015625,0.86,281,4.3,-0.1,-4.0,,15.14,0.0,-1.12,,False,1.902,99,False,True,False,True,7.12890625,0.33,233,3.1,0.0,-2.7,,33.66,0.0,-0.99,,False,1.33,17,False,False,False,True,
024950,삼천리자전거,2.7890625,0.42,432.0,3480.0,,4.23828125,-1.45,1556,-15.8,-1.2,16.6,-1.0,-15.53,-6.58,-0.48,361,False,-1.255,1558,True,False,False,False,3.759765625,-0.97,1370,-15.8,-1.2,16.6,-1.0,-15.53,-6.58,0.03,352,False,-1.255,1453,True,False,False,False,3.119140625,-0.33,1396,1.2,-0.4,-0.7,,-6.58,0.0,-0.62,,False,0.307,557,False,False,False,True,2.619140625,0.17,434,0.5,-0.0,-0.2,,10.65,0.0,0.06,,False,0.115,520,False,False,False,True,
025320,시노펙스,0.759765625,2.04,3511.0,3810.0,,2.259765625,-1.5,1568,-55.0,217.2,-113.1,1.2,-33.39,5.05,0.03,,False,-1.481,1596,True,False,True,True,1.8798828125,-1.12,1427,-90.0,-42.1,130.3,-0.1,-37.34,0.01,0.75,177,False,-1.866,1591,False,False,False,False,2.140625,-1.38,1698,-71.4,29.2,43.7,-0.1,-14.86,0.0,0.34,156,False,-1.695,1689,False,False,True,False,0.5400390625,0.22,348,-14.3,0.2,13.7,,-6.39,0.0,0.62,154,False,-0.4,1603,False,False,True,False,
025440,DH오토웨어,11.4375,0.66,347.0,3560.0,,0.0,11.44,20,3.7,-0.3,-4.2,0.0,177.26,-80.0,6.12,,False,0.866,601,True,True,False,True,0.0,11.44,14,-6.4,-0.0,5.4,,307.79,-80.0,17.3,416,False,-1.431,1493,True,True,False,False,0.0,11.44,2,-0.9,-0.0,1.0,,387.67,-80.0,11.71,573,False,-0.057,1078,True,True,False,False,11.5234375,-0.09,1427,-0.3,-0.0,0.3,,3.34,0.0,-0.01,439,False,-0.089,1348,False,False,False,False,
025550,한국선재,4.58984375,0.43,564.0,2210.0,,4.71875,-0.13,1136,2.3,-26.7,26.0,-26.0,-33.03,0.0,-0.3,258,False,0.246,873,False,False,False,False,5.078125,-0.49,1161,-7.8,-26.0,33.4,-26.0,-40.75,0.0,0.45,129,False,-0.892,1340,False,False,False,False,4.58984375,0.0,913,-0.4,-0.0,0.2,,-17.69,0.0,-0.08,,False,0.058,830,False,False,False,False,4.51171875,0.08,642,0.4,-0.0,-0.4,,4.0,0.0,-0.01,,False,0.086,610,False,False,False,True,
025770,한국정보통신,63.3125,0.86,3074.0,8210.0,,62.96875,0.34,751,3.6,-17.7,8.7,0.3,7.88,0.0,0.15,,False,0.186,924,False,False,False,False,62.90625,0.41,544,-0.4,-20.0,17.9,0.3,-25.57,0.0,0.37,846,False,0.037,723,False,False,False,False,63.40625,-0.09,1179,-4.7,14.6,-9.9,-0.5,5.26,0.0,0.08,,False,-0.176,1222,False,False,True,True,63.34375,-0.03,1262,-0.4,6.5,-6.2,-0.0,8.6,0.0,-0.02,,False,-0.012,1096,False,False,True,True,
025870,신라에스지,1.5400390625,0.57,80.0,1999.0,,1.4296875,0.11,881,-0.9,-0.2,0.7,,-64.3,0.0,0.25,635,False,-0.474,1338,False,False,False,False,0.9599609375,0.58,483,0.0,0.0,-0.4,,-56.4,0.0,0.22,,False,0.027,743,False,False,False,True,1.0302734375,0.51,447,0.1,0.0,-0.4,,-35.52,0.0,0.23,,False,0.001,942,False,False,False,True,2.41015625,-0.87,1769,-1.3,0.0,1.2,,5.27,0.0,0.66,23,False,-1.527,1714,False,False,False,False,
025880,케이씨피드,13.390625,0.51,434.0,2595.0,,13.8125,-0.42,1271,1.0,-0.9,-1.8,-0.7,-2.08,0.0,-0.81,,False,0.377,809,False,False,False,True,15.0703125,-1.68,1566,-8.5,-0.7,9.1,-0.8,-16.29,0.0,0.18,242,False,-1.875,1594,False,False,False,False,13.203125,0.19,664,0.6,-0.5,-0.0,-0.5,1.57,0.0,0.01,,False,0.162,704,False,False,False,False,13.4375,-0.05,1326,-0.4,0.0,0.4,,3.39,0.0,0.05,430,False,-0.095,1363,False,False,False,False,스파이크
025900,동화기업,50.78125,0.32,2882.0,5700.0,,50.5,0.28,784,26.5,26.7,-50.8,-0.8,-28.84,0.0,-0.22,,False,0.551,728,False,False,True,True,51.34375,-0.56,1187,-27.7,-13.3,40.2,-0.1,-50.43,0.0,-0.06,590,False,-0.487,1155,False,False,False,False,50.78125,0.0,913,0.5,5.2,-7.7,-0.1,-29.46,0.0,-0.02,,False,0.029,869,False,False,True,True,50.75,0.03,799,2.0,-0.2,-2.4,,-0.35,0.0,-0.03,,False,0.066,677,False,False,False,True,
025950,동신건설,1.3203125,0.95,921.0,10960.0,,0.64990234375,0.67,635,2.6,0.1,-2.3,,-39.28,0.0,-0.28,,False,0.962,566,False,False,True,True,0.830078125,0.49,522,-0.4,0.1,0.9,,-37.01,0.0,-0.1,,False,0.64,462,False,False,True,False,0.740234375,0.58,398,5.6,0.1,-4.7,,-16.84,0.0,-0.31,,False,0.935,243,False,False,True,True,0.3701171875,0.95,44,5.7,-0.0,-5.4,,-16.72,0.0,0.45,,False,0.523,83,False,False,False,True,
025980,아난티,7.609375,0.5,3707.0,3810.0,,6.91015625,0.7,621,-49.3,-20.1,63.0,-119.4,-51.09,2.75,1.46,436,False,-0.637,1405,True,True,False,False,8.2578125,-0.65,1237,-65.6,-65.1,125.0,-3.3,-50.0,0.0,0.36,305,False,-1.044,1397,False,False,False,False,8.140625,-0.53,1516,-26.5,20.7,5.4,-0.0,-25.73,0.0,0.0,622,False,-0.539,1467,False,False,True,False,7.53125,0.08,642,5.9,-0.4,-5.7,,2.01,0.0,-0.07,,False,0.151,423,False,False,False,True,
026040,제이에스티나,3.439453125,0.71,352.0,2130.0,,3.640625,-0.2,1172,-1.3,-7.0,40.6,,-25.91,0.0,0.46,40,False,-0.73,1433,False,False,False,False,6.41015625,-2.97,1725,-13.8,-0.0,29.9,,-33.85,0.0,0.43,24,False,-3.437,1716,False,False,False,False,4.078125,-0.64,1562,-3.6,-0.0,3.3,,-1.39,0.0,0.3,180,False,-1.004,1610,False,False,False,False,3.650390625,-0.21,1588,-1.7,-0.0,1.7,,18.73,0.0,0.3,106,False,-0.514,1635,False,False,False,False,
026150,특수건설,2.169921875,0.75,652.0,3715.0,,2.900390625,-0.73,1378,-7.8,-1.0,8.6,,-39.79,0.0,-0.21,500,False,-0.487,1343,False,False,False,False,3.109375,-0.94,1360,-12.5,-0.8,14.6,,-45.61,0.0,0.02,390,False,-0.937,1357,False,False,False,False,2.150390625,0.02,855,-1.8,-0.8,2.8,,-19.41,0.0,0.1,458,False,-0.067,1099,False,False,False,False,2.25,-0.08,1395,-0.2,0.0,0.2,,-7.36,0.0,-0.05,561,False,-0.031,1188,False,False,False,False,
026910,광진실업,2.359375,2.08,515.0,6500.0,,1.9501953125,0.41,724,-6.0,-0.6,10.3,,139.41,23.78,-0.1,224,False,-0.232,1230,True,False,False,False,4.12890625,-1.77,1579,-7.3,0.0,12.0,,165.31,23.78,-0.44,47,False,-2.036,1615,True,False,False,False,5.0703125,-2.71,1785,-14.2,-0.0,13.3,,47.39,23.78,1.48,10,True,-4.641,1751,True,True,False,False,2.650390625,-0.29,1658,-2.6,-0.0,-1.9,,39.48,6.77,0.32,,False,-0.508,1633,True,False,False,True,
027040,서울전자통신,0.740234375,3.14,276.0,1980.0,,1.4697265625,-0.73,1378,-7.3,-0.6,-0.4,,885.07,-80.0,-7.06,,False,-0.323,1274,True,True,False,True,1.1103515625,-0.37,1105,-1.7,-0.3,-7.3,,186.54,-80.0,-7.78,,False,0.32,577,True,True,False,True,1.259765625,-0.52,1508,-1.9,-0.0,-0.7,,-12.78,0.0,-0.36,,False,-0.635,1511,False,False,False,True,0.60009765625,0.14,498,0.5,-0.0,-0.5,,4.76,0.0,-0.11,,False,0.188,343,False,False,False,True,
027050,코리아나,3.130859375,0.53,552.0,1380.0,,2.349609375,0.78,598,-3.1,-2.3,5.4,-0.5,-36.84,0.0,0.51,,False,0.383,805,False,False,False,False,4.109375,-0.98,1375,-18.8,-0.7,19.3,-0.4,-27.52,0.0,0.66,292,False,-1.653,1544,False,False,False,False,2.2109375,0.92,261,4.0,-0.3,-3.7,,-5.61,0.0,0.11,,False,0.795,289,False,False,False,True,3.099609375,0.03,799,0.7,-0.0,-0.7,,-1.36,0.0,-0.1,,False,0.135,465,False,False,False,True,
027360,아주IB투자,14.78125,1.52,4095.0,3380.0,,0.7998046875,13.98,14,1425.6,11.6,-277.1,30.0,7.3,0.0,-0.36,,False,14.174,7,False,False,True,True,2.939453125,11.84,12,1365.6,34.7,-264.8,30.1,-69.19,0.0,-1.91,,False,13.557,3,False,True,True,True,10.359375,4.42,20,290.1,-19.8,-265.1,-21.7,-53.89,0.0,0.19,,False,4.332,24,False,False,False,True,14.78125,0.0,908,4.0,1.0,-4.5,-0.0,-10.34,0.0,-0.1,,False,0.095,580,False,False,True,True,지속
027580,상보,3.150390625,0.37,170.0,1436.0,,2.810546875,0.34,751,5.6,-0.2,-6.3,,83.87,-80.0,-20.48,,False,1.892,362,True,True,False,True,5.171875,-2.02,1628,-2.9,-0.2,2.0,,121.26,-80.0,-21.62,817,False,-0.331,1050,True,True,False,False,2.33984375,0.81,293,1.1,-0.4,-0.9,,-14.88,0.0,0.07,,False,0.643,356,False,False,False,True,2.869140625,0.28,275,0.4,-0.0,-0.4,,12.1,0.0,0.03,,False,0.252,249,False,False,False,True,
027710,팜스토리,1.66015625,0.41,1175.0,1055.0,,1.349609375,0.31,772,-6.9,17.5,-15.8,1.0,-5.55,0.0,0.39,,False,-0.196,1206,False,False,True,True,3.23046875,-1.57,1537,-26.9,17.5,9.6,1.0,-25.96,0.0,0.07,642,False,-1.677,1551,False,False,True,False,1.6396484375,0.02,855,-0.6,2.7,-2.3,-0.0,-4.52,0.0,0.01,,False,-0.021,1006,False,False,True,True,1.8203125,-0.16,1524,-1.8,0.7,0.6,-0.0,4.98,0.0,-0.06,541,False,-0.138,1425,False,False,True,False,
027830,대성창투,4.078125,0.54,534.0,989.0,,3.939453125,0.14,867,1.7,-0.1,1.9,,-34.55,0.0,-0.24,691,False,0.364,813,False,False,False,False,4.73046875,-0.65,1237,-8.3,-0.0,8.3,,-41.79,0.0,0.09,545,False,-0.755,1282,False,False,False,False,3.51953125,0.56,411,2.9,-0.0,-2.9,,-14.81,0.0,-0.03,,False,0.575,393,False,False,False,True,4.0703125,0.01,867,0.5,-0.0,-0.5,,3.24,0.0,-0.1,,False,0.105,548,False,False,False,True,
028080,휴맥스홀딩스,0.0,0.41,146.0,5760.0,,0.1400146484375,-0.14,1146,-0.0,-0.0,-0.5,,219.29,-79.86,-1.93,,False,0.188,921,True,True,False,True,0.47998046875,-0.48,1156,-0.1,-0.4,0.1,,283.23,-79.86,-2.61,,False,0.012,779,True,True,False,False,0.0,0.0,913,0.1,0.0,-0.2,,-8.43,0.0,-0.17,,False,0.097,783,False,False,False,True,0.0,0.0,908,0.0,0.0,-0.0,,0.35,0.0,-0.01,,False,0.008,939,False,False,False,False,
028300,HLB,18.203125,11.17,47019.0,35300.0,,19.265625,-1.06,1471,-384.7,3300.6,-2617.4,-42.5,-33.77,1.02,0.22,,False,-1.097,1529,True,False,True,True,20.625,-2.42,1681,-710.9,-745.3,1371.5,-23.6,-44.58,0.05,-0.82,174,False,-1.596,1529,False,False,False,False,19.734375,-1.53,1714,-444.6,289.5,107.2,-29.0,-26.99,0.0,-0.39,209,False,-1.141,1632,False,False,True,False,19.59375,-1.39,1794,-416.0,-155.8,584.8,-8.9,-32.38,0.0,-0.32,24,False,-1.072,1700,False,False,False,False,
029480,광무,1.0,0.4,833.0,1395.0,,1.2001953125,-0.2,1172,-0.3,-2.7,-19.2,-0.2,-38.82,-3.49,0.16,,False,-0.205,1211,True,False,False,True,1.9404296875,-0.94,1360,-9.9,-0.2,10.8,,-37.44,0.0,-0.18,484,False,-0.805,1304,False,False,False,False,1.490234375,-0.49,1491,-5.5,0.0,8.1,,-8.46,0.0,0.01,226,False,-0.514,1454,False,False,False,False,0.7900390625,0.21,368,3.6,0.0,-4.2,,-7.12,0.0,-0.2,,False,0.396,127,False,False,False,True,
030350,드래곤플라이,1.76953125,2.73,152.0,973.0,,1.76953125,0.0,987,,,,,0.0,0.0,0.0,,False,,,False,False,False,False,1.76953125,0.0,771,,,,,0.0,0.0,0.0,,False,,,False,False,False,False,1.76953125,0.0,913,,,,,0.0,0.0,0.0,,False,,,False,False,False,False,1.76953125,0.0,908,,,,,0.0,0.0,0.0,,False,,,False,False,False,False,
030520,한글과컴퓨터,4.640625,1.08,4004.0,16560.0,,5.98046875,-1.34,1529,-81.3,66.7,-109.4,-8.1,-28.16,0.0,-0.05,,False,-1.258,1559,False,False,True,True,5.33984375,-0.7,1265,-18.6,-76.7,-35.9,-4.7,-21.33,0.0,-0.3,,False,-0.377,1086,False,False,False,True,5.1796875,-0.54,1522,-27.9,-20.1,-37.4,-0.0,-16.78,0.0,0.03,,False,-0.575,1481,False,False,False,True,4.25,0.39,176,8.9,-8.4,-0.6,,-3.33,0.0,0.18,,False,0.214,297,False,False,False,True,
030530,원익홀딩스,6.328125,1.28,12968.0,16790.0,,3.25,3.08,215,548.1,809.7,-1402.7,-3.4,-60.4,0.0,0.12,,False,3.001,240,False,False,True,True,6.19921875,0.13,654,-89.1,688.8,-605.9,0.6,-45.4,0.0,-0.0,,False,0.18,637,False,False,True,True,5.48828125,0.84,285,115.5,35.4,-145.3,5.7,-38.16,0.0,-0.01,,False,0.883,259,False,False,True,True,6.140625,0.19,402,5.7,-2.1,-6.8,-0.1,-1.0,0.0,0.15,,False,0.033,803,False,False,False,True,
030960,양지사,1.009765625,0.38,805.0,5040.0,,0.39990234375,0.61,658,0.2,0.2,-0.6,0.6,-36.04,0.0,0.38,,False,0.234,884,False,False,True,True,1.0595703125,-0.05,899,-10.7,-0.0,11.0,0.0,-29.61,0.0,0.58,581,False,-0.624,1221,False,False,False,False,0.990234375,0.02,855,-7.6,-0.0,7.8,0.0,-10.48,0.0,0.48,320,False,-0.453,1428,False,False,False,False,0.469970703125,0.54,107,-0.6,-0.0,0.9,,10.53,0.0,0.57,494,False,-0.021,1143,False,False,False,False,
031310,아이즈비전,2.939453125,0.15,279.0,937.0,,1.26953125,1.67,384,1.3,-29.9,49.7,-12.7,-35.87,12.87,-0.05,62,False,2.094,321,True,False,False,False,0.89990234375,2.04,233,11.2,-21.7,26.4,-9.0,-54.29,12.87,0.02,56,False,2.357,192,True,False,False,False,3.1796875,-0.24,1342,-0.5,-0.0,-3.2,,-13.56,0.0,-0.15,,False,-0.087,1126,False,False,False,True,2.83984375,0.1,592,0.3,-0.0,-0.3,,5.52,0.0,-0.0,,False,0.103,555,False,False,False,True,
031330,에스에이엠티,9.359375,2.12,10569.0,10570.0,,7.0703125,2.29,291,13.5,-198.1,206.8,4.7,162.61,0.0,-0.22,,False,2.483,279,False,False,False,False,9.8984375,-0.54,1179,-165.5,-140.9,327.0,13.2,58.95,0.0,0.8,190,False,-1.37,1479,False,False,False,False,9.5,-0.14,1232,-47.7,25.7,18.9,-38.1,-29.34,0.0,0.02,597,False,-0.213,1266,False,False,True,False,9.5625,-0.2,1575,-21.5,-6.9,26.8,-8.0,-4.77,0.0,-0.03,242,False,-0.173,1465,False,False,False,False,
031510,오스템,1.5498046875,0.41,306.0,1094.0,,0.89013671875,0.66,638,2.1,4.0,-7.8,,7.36,0.0,-0.41,,False,0.681,683,False,False,True,True,1.23046875,0.32,573,1.1,4.2,-6.4,,3.21,0.0,-0.35,,False,0.331,571,False,False,True,True,1.7197265625,-0.17,1267,-0.5,4.1,-4.1,,-1.17,0.0,-0.1,,False,-0.176,1222,False,False,True,True,1.5400390625,0.01,867,0.1,1.0,-1.1,,-0.91,0.0,-0.03,,False,0.042,766,False,False,True,True,지속
031860,디에이치엑스컴퍼니,2.73046875,0.59,187.0,693.0,,3.75,-1.02,1464,-1.5,0.0,8.5,,1.46,42.24,-0.13,116,False,0.451,774,True,False,False,False,4.3515625,-1.62,1550,,,,,0.0,42.24,-0.33,,False,,,True,False,False,False,2.73046875,0.0,913,,,,,0.0,0.0,0.0,,False,,,False,False,False,False,2.73046875,0.0,908,,,,,0.0,0.0,0.0,,False,,,False,False,False,False,
031980,피에스케이홀딩스,6.12890625,6.11,30920.0,143400.0,,2.939453125,3.19,205,870.8,1935.0,-2804.1,218.3,170.57,0.0,-1.23,,False,4.443,132,False,True,True,True,4.8515625,1.28,330,405.7,434.6,-878.8,-116.1,16.21,0.0,-0.7,,False,1.95,239,False,False,True,True,6.171875,-0.04,1124,34.0,422.4,-465.9,-104.2,16.4,0.0,-0.34,,False,0.289,576,False,False,True,True,7.23046875,-1.1,1781,-183.7,154.0,25.5,-12.0,24.48,0.0,-0.53,380,False,-0.569,1652,False,False,True,False,
032080,아즈텍WB,1.2001953125,0.2,222.0,1034.0,,0.60009765625,0.6,661,1.1,-0.0,-3.6,,-17.41,0.0,0.11,,False,0.465,768,False,False,False,True,0.77978515625,0.42,540,0.7,0.0,-7.2,,-23.8,0.0,0.02,,False,0.332,569,False,False,False,True,0.91015625,0.29,576,0.5,0.0,-3.0,,-16.07,0.0,0.03,,False,0.234,622,False,False,False,True,1.2099609375,-0.01,1155,-0.1,-0.0,-0.3,,11.66,0.0,0.02,,False,-0.032,1191,False,False,False,True,지속
032190,다우데이타,13.140625,0.43,7005.0,18290.0,,13.8984375,-0.76,1390,-119.2,152.0,-37.3,-17.5,1.78,0.0,0.16,,False,-0.932,1489,False,False,True,True,12.9609375,0.18,634,16.1,-135.6,109.6,-44.4,-27.42,0.0,-0.02,406,False,0.189,632,False,False,False,False,13.140625,0.0,913,-1.5,11.7,-14.3,-0.4,-9.23,0.0,0.03,,False,-0.026,1019,False,False,True,True,13.109375,0.03,799,3.3,1.0,-5.5,0.0,4.39,0.0,-0.01,,False,0.044,762,False,False,True,True,
032280,삼일,1.23046875,0.29,194.0,1198.0,,2.5,-1.27,1515,-2.2,-0.2,-7.4,-0.2,-12.49,0.0,-0.16,,False,-1.018,1515,False,False,False,True,2.08984375,-0.86,1330,-1.4,0.0,-1.9,,-16.22,0.0,-0.21,,False,-0.698,1260,False,False,False,True,1.2998046875,-0.07,1151,-0.3,-0.0,-1.3,,-10.46,0.0,0.07,,False,-0.157,1198,False,False,False,True,1.25,-0.02,1215,-0.1,-0.0,0.1,,-0.17,0.0,0.01,551,False,-0.027,1178,False,False,False,False,
032300,한국파마,1.7099609375,1.22,842.0,7720.0,,0.85009765625,0.86,571,6.8,-0.1,-7.8,,-37.49,0.0,-0.12,,False,0.903,588,False,False,False,True,0.990234375,0.72,440,5.6,0.0,-5.7,,-34.02,0.0,-0.04,,False,0.734,429,False,False,False,True,1.009765625,0.7,344,7.1,0.0,-7.1,,-14.22,0.0,-0.14,,False,0.831,274,False,False,False,True,1.6201171875,0.09,613,0.2,0.0,-0.2,,-0.77,0.0,0.06,,False,0.031,815,False,False,False,True,
032500,케이엠더블유,6.80078125,4.7,6363.0,15080.0,,5.03125,1.77,370,336.0,-163.9,-196.6,-228.1,3.22,3.08,-1.0,,False,3.039,234,True,True,False,True,6.21875,0.58,483,207.3,-286.0,61.1,-86.2,-49.9,1.69,-0.79,518,False,1.462,289,True,False,False,False,6.5390625,0.26,598,73.1,-29.7,-46.1,-11.1,-43.52,0.0,-0.48,,False,0.726,314,False,False,False,True,7.51171875,-0.71,1755,-27.0,-3.1,30.0,-0.7,-0.26,0.0,-0.31,131,False,-0.408,1606,False,False,False,False,
032540,TJ미디어,0.72021484375,0.82,685.0,3280.0,,0.419921875,0.3,775,0.1,-0.3,-1.2,-0.2,-41.32,50.0,0.45,,False,-0.042,1109,True,False,False,True,0.580078125,0.14,650,-0.6,0.0,-0.2,,-16.43,0.0,0.2,,False,-0.077,868,False,False,False,True,0.740234375,-0.02,1086,0.2,-0.0,-0.5,,-7.21,0.0,-0.06,,False,0.031,866,False,False,False,True,0.77001953125,-0.05,1326,-0.1,-0.0,-0.2,,-0.76,0.0,-0.04,,False,-0.01,1086,False,False,False,True,
032580,피델릭스,37.5,3.5,1570.0,4740.0,,35.34375,2.16,316,-15.0,1.6,10.1,2.3,341.75,0.0,0.17,,False,1.821,374,False,False,True,False,36.46875,1.03,377,-19.9,1.6,16.0,2.3,303.75,0.0,0.63,,False,0.417,536,False,False,True,False,40.125,-2.62,1782,-77.8,3.1,64.9,3.0,-5.39,0.0,1.02,25,False,-3.889,1747,False,True,True,False,37.5625,-0.06,1348,-8.2,-0.0,8.5,,-3.07,0.0,0.44,93,False,-0.561,1648,False,False,False,False,
032620,GC메디아이,2.029296875,1.05,1532.0,2935.0,,3.140625,-1.11,1485,-13.9,2.4,0.9,,-23.67,0.0,-0.35,709,False,-0.761,1443,False,False,True,False,3.349609375,-1.32,1482,-33.9,0.9,26.4,,-31.35,0.0,0.44,370,False,-1.761,1575,False,False,True,False,1.9697265625,0.06,788,0.3,-0.0,-1.5,,-5.63,0.0,0.03,,False,0.027,874,False,False,False,True,2.119140625,-0.09,1427,-0.9,-0.1,0.8,,-0.84,0.0,-0.03,501,False,-0.06,1281,False,False,False,False,
032680,소프트센,27.515625,0.36,180.0,865.0,,23.296875,4.22,138,10.0,0.2,-13.6,0.0,216.85,-80.25,-114.76,,False,3.646,188,True,True,True,True,24.453125,3.06,151,7.9,0.2,-7.4,,251.63,-80.25,-108.91,,False,2.611,177,True,True,True,True,24.890625,2.62,59,5.3,0.0,-5.5,,-4.42,0.0,-0.32,,False,2.822,49,False,False,False,True,27.1875,0.33,233,0.8,-0.0,-0.8,,4.09,0.0,-0.12,,False,0.448,104,False,False,False,True,스파이크
032685,소프트센우,0.0999755859375,0.0,7.0,9950.0,,0.1199951171875,-0.02,1072,-0.0,0.0,-0.0,,46.97,-80.02,0.13,,False,-0.12,1152,True,False,False,False,0.029998779296875,0.07,683,0.0,0.0,-0.0,,63.65,-80.02,-0.02,867,False,0.0,803,True,False,False,False,0.0999755859375,0.0,913,0.0,-0.0,0.1,,-50.03,0.0,0.0,257,False,0.0,948,False,False,False,False,0.0999755859375,0.0,908,-0.0,,0.0,,-4.23,0.0,0.0,103,False,-0.001,1018,False,False,False,False,
032750,삼진,3.859375,0.24,266.0,2940.0,,2.599609375,1.26,466,1.6,-0.4,-1.6,-0.2,-17.42,0.0,0.67,,False,0.57,718,False,False,False,True,2.9609375,0.9,399,0.4,-0.3,-0.4,,-20.33,0.0,0.75,,False,0.132,665,False,False,False,True,4.0,-0.14,1232,-0.3,0.1,0.1,,-2.16,0.0,0.0,617,False,-0.131,1172,False,False,True,False,3.76953125,0.09,613,0.2,0.1,-0.3,,5.57,0.0,0.01,,False,0.081,622,False,False,True,True,
032790,엠젠솔루션,0.8798828125,0.7,238.0,926.0,,1.650390625,-0.77,1394,-6.0,0.4,7.1,,-13.86,-50.0,-1.52,494,False,-0.784,1450,True,True,True,False,0.56005859375,0.32,573,2.3,0.6,-4.7,,4.63,-50.0,-2.11,,False,0.604,473,True,True,True,True,0.7099609375,0.17,687,0.5,-0.0,-0.6,,-25.98,0.0,-0.13,,False,0.209,649,False,False,False,True,0.830078125,0.05,725,0.1,-0.0,-0.1,,-8.13,0.0,-0.02,,False,0.048,746,False,False,False,True,스파이크
032800,판타지오,0.0,0.28,188.0,1510.0,,2.08984375,-2.09,1641,-3.2,-0.7,2.4,-0.3,209.43,-72.88,-8.69,720,False,0.201,912,True,True,False,False,2.0390625,-2.04,1632,-3.8,-0.0,2.5,,341.52,-72.88,-6.67,793,False,-0.306,1036,True,True,False,False,0.0,0.0,913,-1.1,0.0,0.9,,-20.82,0.0,0.37,371,False,-0.428,1419,False,False,False,False,0.0,0.0,908,0.4,0.0,-0.4,,-0.46,0.0,-0.19,,False,0.189,339,False,False,False,True,
032820,우리기술,6.51171875,13.05,16903.0,9850.0,,3.900390625,2.61,256,-1645.4,-107.6,1809.8,-203.2,144.11,2.91,-0.25,,False,3.009,237,True,False,False,False,6.71875,-0.21,1010,-68.8,-233.8,280.5,-42.8,-57.36,0.3,-1.33,,False,1.099,357,False,True,False,False,5.8203125,0.69,350,303.5,109.3,-403.0,-7.7,-36.7,0.0,-0.95,,False,1.705,110,False,False,True,True,6.71875,-0.21,1588,-23.0,-28.2,52.7,-15.9,-1.99,0.0,-0.06,187,False,-0.145,1436,False,False,False,False,
032850,비트컴퓨터,4.890625,0.83,660.0,3970.0,,4.62109375,0.27,791,-3.3,-0.1,-37.7,0.4,-14.16,0.0,-0.03,,False,0.221,892,False,False,False,True,4.171875,0.72,440,1.8,0.3,-32.5,0.2,-26.07,0.0,0.22,,False,0.45,523,False,False,True,True,4.12890625,0.76,317,6.1,-0.1,-17.2,0.1,-7.13,0.0,-0.23,,False,0.927,246,False,False,False,True,4.5390625,0.35,215,3.1,-0.1,-4.2,,-1.73,0.0,-0.11,,False,0.462,99,False,False,False,True,지속
032860,더라미,0.72021484375,0.49,256.0,633.0,,0.9501953125,-0.23,1185,-3.4,-0.2,3.0,,-57.0,0.0,0.23,692,False,-0.482,1340,False,False,False,False,1.2099609375,-0.49,1161,-1.9,-0.0,0.1,,-51.94,0.0,-0.24,,False,-0.332,1053,False,False,False,False,0.56005859375,0.16,696,0.4,-0.0,-1.9,,-13.05,0.0,-0.04,,False,0.182,682,False,False,False,True,0.669921875,0.05,725,0.1,-0.0,-0.9,,0.48,0.0,-0.01,,False,0.056,717,False,False,False,True,
032940,원익,4.5390625,0.38,1084.0,5960.0,,3.41015625,1.13,501,-1.5,-0.9,6.3,-1.2,-57.4,0.0,0.75,,False,0.383,805,False,False,False,False,4.3203125,0.22,619,-6.3,-1.3,3.7,-1.2,-40.1,0.0,0.76,725,False,-0.528,1179,False,False,False,False,4.76171875,-0.22,1321,-6.3,0.5,5.0,,-23.49,0.0,0.28,368,False,-0.497,1441,False,False,True,False,4.08984375,0.45,149,2.8,-0.0,-3.1,,12.24,0.0,0.18,,False,0.274,228,False,False,False,True,
032960,동일기연,0.5498046875,0.53,349.0,1983.0,,0.22998046875,0.32,767,1.1,-0.4,-0.8,-0.1,-87.38,327.16,0.51,660,False,-0.096,1135,True,False,False,True,0.39990234375,0.15,644,0.7,-0.7,-0.2,,-87.48,400.0,0.5,727,False,-0.175,944,True,False,False,True,0.52001953125,0.03,837,-0.2,-0.1,0.3,,-82.86,400.0,0.53,335,False,-0.402,1403,True,False,False,False,0.5400390625,0.01,867,-0.3,-0.0,0.3,,-81.81,400.0,0.53,136,False,-0.421,1611,True,False,False,False,
033050,제이엠아이,0.669921875,0.43,250.0,784.0,,0.52001953125,0.15,862,0.6,-0.2,-3.4,,-3.45,-2.27,-0.17,,False,0.264,866,True,False,False,True,0.52978515625,0.14,650,0.2,-0.0,-2.6,,-21.83,-2.27,-0.05,,False,0.139,658,True,False,False,True,0.5498046875,0.12,726,0.2,0.0,-0.9,,-12.89,0.0,-0.04,,False,0.126,745,False,False,False,True,0.669921875,0.0,908,-0.0,0.0,0.0,,1.95,0.0,0.01,699,False,-0.01,1086,False,False,False,False,지속
033100,제룡전기,3.3203125,2.87,6875.0,42800.0,,8.5234375,-5.2,1762,-436.7,958.5,-456.2,-53.3,13.23,0.0,-1.02,,False,-4.163,1742,False,True,True,True,7.171875,-3.85,1757,-324.7,500.1,-115.4,-43.6,-17.21,0.0,-0.95,,False,-2.904,1691,False,False,True,True,4.01171875,-0.69,1576,-119.7,80.8,41.8,-4.7,-22.88,0.0,0.61,417,False,-1.291,1650,False,False,True,False,3.669921875,-0.35,1687,-57.4,50.1,7.1,-5.5,0.23,0.0,0.44,392,False,-0.792,1682,False,False,True,False,
033130,디지틀조선,2.689453125,0.84,770.0,2075.0,,1.6904296875,1.0,540,6.1,-0.1,-33.5,0.0,-2.12,0.0,-0.03,,False,1.046,544,False,False,False,True,3.2109375,-0.52,1172,-5.6,-0.0,-23.0,-0.0,-21.99,0.0,0.09,,False,-0.626,1222,False,False,False,True,3.390625,-0.7,1583,-4.9,0.0,-12.7,,7.18,0.0,0.01,,False,-0.716,1539,False,False,False,True,2.599609375,0.09,613,0.4,0.0,-4.5,,7.74,0.0,0.04,,False,0.052,732,False,False,False,True,
033160,엠케이전자,13.953125,0.91,3878.0,16030.0,,5.78125,8.17,36,294.0,554.4,-806.1,263.0,83.83,7.07,0.64,,False,8.29,30,True,False,True,True,6.98828125,6.96,26,281.0,149.0,-403.0,165.4,-33.21,3.38,1.03,,False,6.168,31,True,True,True,True,8.28125,5.67,8,253.1,-119.3,-133.6,-77.6,-45.84,0.0,-0.16,,False,5.513,7,False,False,False,True,15.890625,-1.94,1804,-107.2,56.8,57.3,19.4,7.15,0.0,0.68,25,False,-2.621,1728,False,False,True,False,
033170,시그네틱스,1.349609375,0.71,373.0,435.0,,1.8798828125,-0.53,1311,2.1,-0.0,-2.5,0.1,-44.23,0.0,-0.15,613,False,-0.391,1307,False,False,False,True,2.9296875,-1.58,1541,-7.2,-0.2,6.5,,-48.4,0.0,0.02,333,False,-1.639,1540,False,False,False,False,1.8896484375,-0.54,1522,-2.8,0.0,2.6,,-24.22,0.0,0.05,282,False,-0.609,1498,False,False,False,False,1.1396484375,0.21,368,0.7,0.0,-0.7,,-5.23,0.0,0.03,,False,0.182,354,False,False,False,True,스파이크
033200,모아텍,79.8125,0.35,243.0,2645.0,,51.5625,28.25,5,-1.7,-0.1,2.6,,-38.13,-35.77,-0.01,572,False,-0.313,1266,True,False,False,False,51.34375,28.47,5,0.3,-0.0,-0.5,,-33.38,-35.77,-0.17,,False,-0.013,822,True,False,False,True,80.3125,-0.5,1494,-1.0,-0.0,1.0,,-15.76,0.0,-0.11,352,False,-0.399,1402,False,False,False,False,79.9375,-0.12,1475,-0.0,-0.0,0.0,,-1.49,0.0,-0.11,621,False,-0.014,1104,False,False,False,False,
033230,인성정보,6.69140625,0.59,516.0,1021.0,,3.400390625,3.29,194,23.3,-0.0,-25.6,,-42.05,0.0,-0.5,,False,3.766,177,False,False,False,True,5.58984375,1.1,365,-5.0,-0.0,4.5,,-49.08,0.0,0.89,,False,0.339,566,False,False,False,False,6.30078125,0.39,513,5.1,-0.0,-5.3,,-19.03,0.0,-0.62,,False,0.985,234,False,False,False,True,6.91015625,-0.22,1597,0.4,0.0,-0.4,,0.49,0.0,-0.31,,False,0.087,606,False,False,False,True,지속
033290,로젠,0.0,0.21,895.0,1594.0,,0.0,0.0,987,3.0,6.5,-7.3,,-24.45,0.0,-0.23,,False,0.261,867,False,False,True,True,0.0,0.0,771,-5.4,-4.7,11.8,,-23.91,0.0,0.47,456,False,-0.432,1123,False,False,False,False,0.0,0.0,913,0.7,-0.1,-0.7,,-2.98,0.0,-0.09,,False,0.086,793,False,False,False,True,0.0,0.0,908,-0.3,-0.0,0.3,,5.77,0.0,0.03,546,False,-0.035,1195,False,False,False,False,
033310,엠투엔,2.3203125,0.38,528.0,1320.0,,1.75,0.57,673,3.4,-1.2,-2.6,,-23.79,-0.92,-0.38,,False,0.878,598,False,False,False,True,2.4296875,-0.11,938,-2.4,1.4,-0.1,,-28.14,0.0,-0.19,,False,0.032,732,False,False,True,True,1.6103515625,0.71,337,3.6,1.4,-5.8,,-5.24,0.0,-0.02,,False,0.725,315,False,False,True,True,2.099609375,0.22,348,0.4,0.4,-0.9,,1.46,0.0,0.14,,False,0.083,617,False,False,True,True,
033320,제이씨현시스템,4.71875,0.45,528.0,2760.0,,4.5,0.22,818,-9.9,0.1,5.3,0.1,-31.6,0.0,0.0,,False,0.237,883,False,False,True,False,3.970703125,0.75,433,9.4,0.1,-9.5,0.1,-46.72,0.0,-0.73,,False,1.44,294,False,False,True,True,4.08984375,0.63,371,3.5,0.1,-3.7,0.1,-16.87,0.0,-0.02,,False,0.652,351,False,False,True,True,4.53125,0.19,402,0.8,-0.0,-0.8,,0.55,0.0,0.05,,False,0.141,450,False,False,False,True,
033340,좋은사람들,7.48828125,0.9,514.0,530.0,,3.3203125,4.17,142,-5.7,-0.0,1.0,-0.0,-68.26,0.0,0.54,,False,3.593,194,False,False,False,False,1.6298828125,5.86,40,37.8,0.0,-39.1,,-70.69,0.0,0.4,,False,5.458,43,False,False,False,True,4.671875,2.82,51,13.7,0.0,-13.3,,-42.08,0.0,-0.39,,False,3.217,39,False,False,False,True,6.359375,1.13,29,2.2,-0.0,-2.1,,6.21,0.0,0.47,,False,0.608,60,False,False,False,True,지속
033500,동성화인텍,16.8125,1.86,4813.0,16050.0,,20.8125,-4.0,1735,-287.2,-159.2,444.0,34.7,-41.85,0.0,-0.53,73,False,-3.465,1730,False,False,False,False,17.125,-0.31,1074,-1.3,-243.1,255.9,-4.4,-39.32,0.0,-0.38,93,False,0.084,683,False,False,False,False,17.203125,-0.39,1437,-18.4,2.2,18.8,-5.5,-20.74,0.0,-0.12,376,False,-0.268,1305,False,False,True,False,16.5625,0.25,311,4.4,-9.8,5.2,-2.7,2.23,0.0,0.16,370,False,0.095,580,False,False,False,False,
033540,파라텍,0.7001953125,0.44,497.0,952.0,,1.2001953125,-0.5,1301,-0.2,-9.5,36.6,,-10.78,38.4,-0.46,51,False,0.024,1050,True,False,False,False,1.48046875,-0.78,1299,-4.0,-6.2,16.1,,-14.23,0.0,-0.36,156,False,-0.675,1249,False,False,False,False,1.259765625,-0.56,1534,-2.6,-0.0,-3.8,,17.1,0.0,-0.18,,False,-0.546,1471,False,False,False,True,0.60986328125,0.09,613,0.9,-0.1,-3.9,,-0.1,0.0,-0.08,,False,0.169,374,False,False,False,True,
033560,블루콤,1.7099609375,0.37,698.0,4080.0,,1.349609375,0.36,745,3.7,29.0,-32.0,-0.2,39.49,0.0,-0.2,,False,0.693,676,False,False,True,True,1.509765625,0.2,629,1.6,10.5,-12.0,-0.2,10.27,0.0,-0.04,,False,0.242,604,False,False,True,True,1.5498046875,0.16,696,1.6,4.5,-5.9,,18.95,0.0,-0.06,,False,0.245,608,False,False,True,True,1.5595703125,0.15,475,1.3,1.1,-2.5,,6.11,0.0,-0.05,,False,0.206,311,False,False,True,True,스파이크
033640,네패스,10.5703125,3.68,4550.0,19730.0,,9.953125,0.62,653,20.6,394.7,-423.2,130.4,26.39,0.0,-1.75,,False,2.094,321,False,True,True,True,11.6015625,-1.03,1394,-56.8,226.3,-191.2,10.2,-24.55,0.0,-1.39,,False,0.146,655,False,True,True,True,8.4765625,2.09,86,93.1,-130.1,40.0,-72.1,-49.35,0.0,0.36,322,False,1.781,106,False,False,False,False,10.828125,-0.26,1638,-21.2,11.9,9.2,0.5,-4.46,0.0,0.17,260,False,-0.433,1615,False,False,True,False,
033790,피노,45.0,3.99,4816.0,5780.0,,58.0,-13.0,1788,-952.1,54.8,963.3,81.7,12.23,22.46,9.69,14,True,-14.916,1784,True,True,True,False,40.46875,4.53,78,156.5,22.9,-170.5,53.1,-40.17,22.46,9.52,,False,3.105,138,True,True,True,True,44.875,0.12,726,54.6,-25.0,-36.2,-5.3,-34.62,1.2,-0.22,,False,0.827,276,True,False,False,True,45.46875,-0.47,1718,-25.6,0.1,21.6,0.1,5.47,0.0,-0.01,143,False,-0.5,1630,False,False,True,False,
033830,티비씨,0.0,0.24,316.0,1671.0,,0.0,0.0,987,,1.1,3.4,,175.29,-81.09,0.0,536,False,,,True,False,True,False,0.0,0.0,771,,0.4,4.1,,162.32,-81.09,0.0,558,False,,,True,False,True,False,0.0,0.0,913,,-0.1,0.8,,317.75,-81.09,0.0,592,False,,,True,False,False,False,0.0,0.0,908,,-0.1,0.1,,2.64,0.0,0.0,575,False,,,False,False,False,False,
034810,해성산업,1.4296875,0.28,2015.0,6380.0,,2.240234375,-0.81,1407,-15.6,-0.6,12.9,-0.3,-24.59,-3.0,-0.08,508,False,-0.776,1449,True,False,False,False,2.0,-0.57,1198,-16.3,-0.3,15.8,-0.3,-18.41,-3.0,0.21,544,False,-0.776,1292,True,False,False,False,1.759765625,-0.33,1396,-8.8,-0.0,8.9,,1.27,0.0,0.14,332,False,-0.427,1418,False,False,False,False,1.4599609375,-0.03,1262,-0.1,-0.0,0.0,,-0.16,0.0,-0.03,687,False,-0.003,1038,False,False,False,False,
03481K,해성산업1우,2.6796875,0.0,82.0,5950.0,,3.419921875,-0.74,1383,-1.4,0.0,1.4,,-31.77,-0.83,0.48,390,False,-1.269,1560,False,False,False,False,1.9697265625,0.71,445,-0.8,0.0,0.8,,-20.67,-0.83,1.48,533,False,-0.793,1298,False,True,False,False,2.759765625,-0.08,1161,-0.1,,0.0,,-5.1,0.0,-0.03,584,False,-0.08,1119,False,False,False,False,2.7109375,-0.03,1262,-0.0,,0.0,,2.94,0.0,-0.01,581,False,-0.025,1167,False,False,False,False,
034940,조아제약,1.8896484375,0.77,194.0,625.0,,2.7109375,-0.82,1410,-5.3,-0.5,6.0,,-35.9,0.0,0.26,405,False,-1.034,1518,False,False,False,False,2.75,-0.86,1330,-6.3,-0.2,6.4,,-30.86,0.0,0.6,349,False,-1.526,1513,False,False,False,False,2.41015625,-0.52,1508,-5.0,-0.2,5.0,,-3.99,0.0,0.57,157,False,-1.185,1638,False,False,False,False,1.740234375,0.15,475,-0.3,-0.1,0.4,,13.64,0.0,0.19,449,False,-0.038,1214,False,False,False,False,
034950,한국기업평가,80.8125,3.41,4590.0,101100.0,,81.0,-0.19,1166,11.1,-21.7,14.1,0.1,4.01,0.0,-0.4,606,False,0.203,909,False,False,False,False,80.4375,0.38,555,15.8,-11.2,-5.5,0.9,-0.88,0.0,0.05,,False,0.321,576,False,False,False,True,80.6875,0.12,726,-1.1,-0.2,1.1,0.9,0.6,0.0,0.15,615,False,-0.027,1024,False,False,False,False,80.75,0.06,693,0.4,-0.2,-0.1,-0.2,-0.59,0.0,0.05,,False,0.009,931,False,False,False,True,지속
035080,그래디언트,3.25,0.24,1073.0,9390.0,,2.9296875,0.32,767,-6.7,16.2,-9.6,-0.1,-11.91,-16.42,-0.05,,False,-0.19,1202,True,False,True,True,3.390625,-0.14,959,-3.5,7.4,-4.1,-0.2,-21.68,0.0,0.04,,False,-0.216,971,False,False,True,True,2.8203125,0.43,491,3.3,-1.6,-1.7,,4.92,0.0,0.09,,False,0.335,537,False,False,False,True,3.2109375,0.04,763,0.3,-0.1,-0.2,,2.62,0.0,0.01,,False,0.027,837,False,False,False,True,
035200,프럼파스트,3.259765625,0.59,264.0,2860.0,,3.880859375,-0.62,1343,-3.4,10.1,-7.7,-0.0,-19.32,-5.25,-0.42,,False,-0.532,1363,True,False,True,True,2.05078125,1.21,340,4.9,2.9,-8.6,,-39.15,-5.25,-0.2,,False,1.129,348,True,False,True,True,3.5390625,-0.28,1373,-1.3,3.0,-2.0,,-4.67,-5.25,-0.15,,False,-0.422,1414,True,False,True,True,3.220703125,0.04,763,-0.1,-0.0,0.1,,2.14,-5.25,-0.09,503,False,-0.047,1247,True,False,False,False,
035290,골드앤에스,1.990234375,0.68,78.0,1641.0,,1.259765625,0.73,614,0.3,-0.6,0.3,,152.46,-80.0,-7.68,,False,0.715,666,True,True,False,False,0.8701171875,1.12,357,1.3,0.1,-1.8,,115.07,-80.0,-8.07,,False,0.955,385,True,True,True,True,0.740234375,1.25,188,0.8,-0.0,-0.8,,-36.27,0.0,-0.0,,False,1.247,184,False,False,False,True,0.66015625,1.33,19,0.8,0.0,-0.9,,-11.15,0.0,0.07,,False,1.249,18,False,False,False,True,
035460,기산텔레콤,5.08984375,0.55,308.0,2065.0,,1.8798828125,3.21,202,7.0,0.9,-6.5,0.1,8.51,2.35,-0.39,,False,3.697,183,True,False,True,True,1.23046875,3.86,101,3.2,0.4,-1.1,0.3,-56.25,2.35,1.9,,False,2.244,202,True,True,True,True,3.220703125,1.87,98,6.6,-0.4,-6.0,-0.2,-25.05,0.0,0.03,,False,1.935,95,False,False,False,True,4.98828125,0.1,592,0.4,-0.0,-0.5,,1.23,0.0,-0.02,,False,0.125,489,False,False,False,True,지속
035600,KG이니시스,7.62109375,0.5,2593.0,9410.0,,6.48046875,1.14,498,57.3,7.9,-66.1,2.8,-4.08,0.0,-0.71,,False,1.77,385,False,False,True,True,8.3984375,-0.78,1299,-10.6,-12.1,17.0,0.2,-18.88,0.0,-0.44,586,False,-0.401,1102,False,False,False,False,6.98046875,0.64,365,9.6,-5.0,-8.0,0.1,-6.92,0.0,0.26,,False,0.362,515,False,False,False,True,7.33984375,0.28,275,4.9,-0.3,-4.7,-0.0,0.64,0.0,0.09,,False,0.189,339,False,False,False,True,스파이크
035610,솔본,1.5,0.62,1311.0,4795.0,,1.48046875,0.02,963,4.7,0.5,-82.5,,33.94,0.0,-0.32,,False,0.342,822,False,False,True,True,1.48046875,0.02,733,3.1,-0.1,-67.5,,31.73,0.0,-0.19,,False,0.192,627,False,False,False,True,1.1904296875,0.31,563,6.0,-0.3,-52.0,,37.2,0.0,-0.19,,False,0.489,447,False,False,False,True,1.23046875,0.27,292,5.6,-0.3,-28.3,,24.55,0.0,-0.19,,False,0.46,101,False,False,False,True,스파이크
035620,바른손이앤에이,2.0703125,0.25,148.0,796.0,,2.05078125,0.02,963,-0.3,-0.4,-7.7,,127.43,-75.0,-9.65,,False,0.736,657,True,True,False,True,2.720703125,-0.65,1237,-2.2,-0.9,-5.2,,227.57,-75.0,-7.94,,False,-0.347,1064,True,True,False,True,2.5703125,-0.5,1494,-1.4,0.2,0.7,,-21.58,0.0,0.41,317,False,-0.997,1609,False,False,True,False,2.140625,-0.07,1370,-0.9,-0.2,0.7,,15.53,0.0,0.54,123,False,-0.609,1659,False,False,False,False,
035760,CJ ENM,12.1328125,0.22,6425.0,29300.0,,17.359375,-5.23,1763,-478.1,122.8,361.0,-18.3,-53.71,0.0,-0.26,129,False,-4.98,1756,False,False,True,False,16.578125,-4.45,1776,-393.9,-146.6,537.6,-13.6,-47.21,0.0,-0.32,40,False,-4.144,1735,False,False,False,False,13.296875,-1.16,1675,-75.2,39.1,36.6,-4.1,-22.49,0.0,-0.12,292,False,-1.044,1620,False,False,True,False,12.9765625,-0.84,1767,-23.0,-7.9,31.1,-5.9,-13.95,0.0,-0.52,130,False,-0.328,1576,False,False,False,False,
035810,이지홀딩스,6.5390625,0.41,2858.0,4430.0,,5.91015625,0.63,650,9.5,50.8,-105.1,-6.4,-6.83,0.0,0.03,,False,0.572,717,False,False,True,True,6.55078125,-0.01,865,-1.0,0.8,-36.8,10.1,-25.04,0.0,-0.06,,False,0.02,766,False,False,True,True,7.0703125,-0.53,1516,-8.6,5.3,2.1,-0.2,-7.42,0.0,-0.24,569,False,-0.288,1319,False,False,True,False,6.5390625,0.0,908,0.6,-0.1,-0.5,,5.73,0.0,-0.02,,False,0.023,857,False,False,False,True,스파이크
035890,서희건설,3.3203125,0.34,4592.0,1998.0,,4.9609375,-1.64,1591,-108.0,69.6,26.9,-38.4,23.11,0.0,0.1,707,False,-1.742,1634,False,False,True,False,4.921875,-1.6,1547,-108.0,69.6,26.9,-38.4,23.11,0.0,0.14,859,False,-1.742,1572,False,False,True,False,3.830078125,-0.51,1502,-23.6,20.3,-2.1,17.9,-17.78,0.0,-0.03,,False,-0.492,1439,False,False,True,True,3.509765625,-0.19,1565,-4.1,3.9,0.2,3.1,-0.35,0.0,-0.1,671,False,-0.089,1348,False,False,True,False,
035900,JYP Ent.,18.984375,2.49,16576.0,46650.0,,11.953125,7.03,50,1379.6,-83.1,-1314.8,26.3,-32.59,0.0,0.92,,False,6.152,63,False,False,False,True,15.7734375,3.21,139,545.1,-275.5,-255.6,4.7,-25.95,0.0,0.57,,False,2.674,173,False,False,False,True,18.375,0.61,381,90.6,44.7,-136.8,1.3,-16.25,0.0,0.1,,False,0.514,429,False,False,True,True,19.125,-0.14,1499,19.9,-49.2,29.4,-8.4,-5.66,0.0,-0.26,296,False,0.12,506,False,False,False,False,
036000,예림당,1.419921875,0.25,639.0,2775.0,,1.3701171875,0.05,929,1.1,-0.7,-5.6,,-8.72,0.0,-0.04,,False,0.113,966,False,False,False,True,2.01953125,-0.6,1210,-4.0,-0.0,1.8,,-15.78,0.0,0.02,728,False,-0.587,1197,False,False,False,False,1.9599609375,-0.54,1522,-4.9,0.0,4.7,,-15.65,0.0,0.26,251,False,-0.683,1529,False,False,False,False,1.400390625,0.02,827,-0.2,-0.0,-0.0,,3.35,0.0,0.05,,False,-0.035,1195,False,False,False,False,
036010,아비코전자,21.59375,0.71,827.0,6220.0,,19.40625,2.19,311,22.9,22.2,-55.1,11.6,-20.36,0.0,0.44,,False,1.807,377,False,False,True,True,20.984375,0.61,476,11.2,5.6,-26.6,-3.2,-39.79,0.0,-0.11,,False,0.693,442,False,False,True,True,21.765625,-0.17,1267,-2.6,-12.4,24.7,-10.8,-49.43,0.0,0.92,39,False,-0.521,1456,False,False,False,False,22.046875,-0.45,1712,-7.9,2.7,5.1,,0.81,0.0,0.46,85,False,-0.917,1692,False,False,True,False,
036030,케이티알파,1.41015625,0.72,2184.0,4455.0,,1.900390625,-0.49,1297,-10.4,8.7,-1.1,-2.1,-8.99,-0.0,-0.05,,False,-0.442,1328,False,False,True,True,1.6796875,-0.27,1044,-5.8,7.9,-2.7,-0.3,-13.5,-0.0,-0.02,,False,-0.251,998,False,False,True,True,1.4599609375,-0.05,1133,-0.8,0.5,0.3,0.0,-2.52,-0.0,-0.01,631,False,-0.04,1045,False,False,True,False,1.3798828125,0.03,799,0.4,0.0,-0.4,,0.91,0.0,0.01,,False,0.018,882,False,False,False,True,스파이크
036090,위지트,1.7900390625,0.35,552.0,1298.0,,2.029296875,-0.24,1191,1.3,0.0,12.4,,106.03,-64.06,-4.68,,False,2.032,332,True,True,False,False,3.890625,-2.1,1643,-10.0,0.0,9.6,,65.56,-64.06,-9.16,,False,-0.017,824,True,True,False,False,1.6298828125,0.16,696,0.7,-0.0,0.9,,-5.32,7.82,0.39,517,False,0.104,773,True,False,False,False,2.0390625,-0.25,1628,-1.6,0.0,1.5,,3.43,0.0,0.02,205,False,-0.275,1543,False,False,False,False,
036120,서울평가정보,1.5400390625,1.73,577.0,1642.0,,1.1201171875,0.42,716,0.1,0.9,-1.3,0.2,-15.45,-1.0,0.28,,False,0.102,971,True,False,True,True,1.9697265625,-0.43,1129,-6.5,1.0,5.2,0.1,-21.62,0.0,0.44,572,False,-0.888,1338,False,False,True,False,1.26953125,0.27,589,1.3,0.7,-2.1,-0.0,-4.92,0.0,0.02,,False,0.246,606,False,False,True,True,1.4697265625,0.07,665,0.3,-0.0,-0.2,,5.05,0.0,0.02,,False,0.046,756,False,False,False,True,
036170,에이치엠넥스,3.2890625,1.25,1715.0,2795.0,,1.509765625,1.78,367,26.2,4.0,5.0,-0.4,85.34,0.0,-0.42,,False,2.044,329,False,False,True,False,0.5,2.79,172,57.7,3.6,-35.1,-0.9,-56.33,0.0,0.09,,False,2.725,171,False,False,True,True,1.3701171875,1.92,95,40.6,2.9,-44.3,-0.0,-30.04,0.0,-0.18,,False,2.098,87,False,False,True,True,3.23046875,0.06,693,-0.0,-0.2,0.2,-0.2,-3.45,0.0,0.06,647,False,0.002,971,False,False,False,False,
036190,금화피에스시,23.625,0.49,1926.0,32100.0,,21.359375,2.27,297,32.9,4.5,-35.4,4.6,5.07,0.0,0.65,,False,1.608,408,False,False,True,True,21.84375,1.78,265,25.1,-8.0,-16.5,5.3,-14.4,0.0,0.57,,False,1.193,336,False,False,False,True,22.84375,0.78,308,5.5,6.3,-11.8,7.2,-1.83,0.0,0.49,,False,0.29,575,False,False,True,True,23.65625,-0.03,1262,-0.5,0.9,-0.4,1.8,-0.16,0.0,-0.01,,False,-0.026,1171,False,False,True,True,지속
036200,유니셈,17.71875,1.02,2597.0,8470.0,,13.6171875,4.1,147,98.0,-125.0,2.1,-23.8,-15.38,0.0,0.6,593,False,3.024,236,False,False,False,False,14.8671875,2.85,165,21.7,-21.1,-14.6,-8.8,-24.31,0.0,1.72,,False,0.883,400,False,True,False,True,18.515625,-0.8,1615,-11.2,-8.7,16.4,-1.7,-25.96,0.0,-0.32,250,False,-0.483,1435,False,False,False,False,16.953125,0.77,59,8.1,-4.2,-4.3,,2.05,0.0,0.48,,False,0.285,217,False,False,False,True,
036220,오상헬스케어,1.2998046875,0.3,866.0,6050.0,,2.1796875,-0.88,1428,-22.4,-26.9,48.3,-0.3,-44.95,-1.38,0.56,193,False,-1.324,1574,True,False,False,False,2.19921875,-0.9,1351,-26.5,-18.6,43.3,-0.1,-30.14,0.0,0.83,157,False,-1.643,1542,False,False,False,False,0.85009765625,0.45,481,3.6,-0.0,-3.5,,-9.43,0.0,0.0,,False,0.453,468,False,False,False,True,1.330078125,-0.03,1262,0.1,-0.0,-0.1,,7.27,0.0,-0.04,,False,0.012,916,False,False,False,True,
036480,대성미생물,2.609375,0.7,247.0,6500.0,,2.01953125,0.59,665,2.2,-0.1,-12.8,,-8.06,0.0,-0.23,,False,0.556,726,False,False,False,True,4.609375,-2.0,1625,-5.2,-0.0,-3.7,,-13.68,0.0,-0.12,,False,-1.99,1606,False,False,False,True,2.779296875,-0.17,1267,-0.3,-0.0,-5.1,,1.09,0.0,-0.09,,False,-0.114,1152,False,False,False,True,2.76953125,-0.16,1524,-0.2,-0.0,-1.7,,6.21,0.0,-0.09,,False,-0.076,1318,False,False,False,True,
036540,SFA반도체,6.94140625,1.95,9243.0,5620.0,,2.439453125,4.5,126,604.7,391.6,-985.0,28.8,2.74,0.0,0.03,,False,4.483,130,False,False,True,True,5.58984375,1.35,318,130.1,107.2,-215.2,39.0,-23.01,0.0,1.01,,False,0.361,558,False,True,True,True,8.5390625,-1.6,1721,-198.2,200.3,-2.4,32.5,-21.94,0.0,0.67,,False,-2.255,1717,False,False,True,True,8.1796875,-1.24,1788,-148.5,113.8,34.3,10.7,12.74,0.0,0.4,161,False,-1.636,1718,False,False,True,False,
036560,KZ정밀,4.48046875,0.32,1840.0,11680.0,,5.0390625,-0.56,1326,-20.7,19.7,0.1,20.0,-17.22,0.0,0.43,724,False,-0.972,1501,False,False,True,False,4.6484375,-0.17,978,-14.1,5.4,7.7,5.5,-22.29,0.0,0.5,698,False,-0.663,1243,False,False,True,False,4.12109375,0.36,531,-1.3,0.4,0.9,0.4,-6.63,0.0,0.43,594,False,-0.07,1103,False,False,True,False,4.48828125,-0.01,1155,-0.1,0.0,0.1,,2.82,0.0,-0.0,668,False,-0.006,1065,False,False,False,False,스파이크
036620,감성코퍼레이션,17.421875,2.62,3496.0,3890.0,,16.234375,1.19,481,78.4,15.3,-4.8,-13.5,-24.61,-0.71,-0.22,574,False,1.414,449,False,False,True,True,16.09375,1.33,322,54.0,-114.7,80.7,-24.1,-29.91,-0.71,-0.09,356,False,1.294,320,False,False,False,False,16.109375,1.31,179,6.8,-20.0,-5.6,-18.9,-20.12,-0.71,0.85,,False,0.351,520,False,False,False,True,17.734375,-0.31,1668,-1.6,-2.1,4.0,-4.3,-3.95,0.0,-0.27,368,False,-0.04,1222,False,False,False,False,
036630,세종텔레콤,0.449951171875,0.41,700.0,7000.0,,1.3701171875,-0.92,1438,-11.3,-0.0,-46.3,0.4,-23.08,0.0,0.07,,False,-0.893,1479,False,False,False,True,1.509765625,-1.06,1403,-11.6,0.5,-4.5,0.4,-38.6,0.0,0.01,,False,-1.037,1395,False,False,True,True,1.080078125,-0.63,1557,-5.3,0.5,4.5,0.4,-20.45,0.0,-0.15,363,False,-0.47,1431,False,False,True,False,0.56982421875,-0.12,1475,0.5,0.5,-1.1,0.4,-24.57,0.0,-0.23,,False,0.113,524,False,False,True,True,
036640,HRS,3.51953125,0.59,782.0,4780.0,,2.25,1.27,462,6.7,-6.5,7.4,,-6.46,0.0,0.36,483,False,0.884,595,False,False,False,False,3.060546875,0.46,527,-0.2,-0.0,0.8,,-9.64,0.0,0.35,,False,0.08,685,False,False,False,False,2.720703125,0.8,295,6.5,-0.0,-6.1,,-0.62,0.0,-0.07,,False,0.869,261,False,False,False,True,3.5,0.02,827,1.5,-0.1,-1.7,,3.91,0.0,-0.17,,False,0.194,331,False,False,False,True,
036670,삼양케이씨아이,3.259765625,0.45,568.0,5280.0,,2.7890625,0.47,702,2.3,-0.8,15.4,,-14.84,-4.52,-0.03,279,False,0.328,829,True,False,False,False,3.4609375,-0.2,1002,-1.9,-0.9,5.6,,-15.52,-4.52,-0.1,530,False,-0.28,1014,True,False,False,False,2.900390625,0.36,531,1.4,-0.9,-2.4,,0.19,-4.52,-0.03,,False,0.238,620,True,False,False,True,3.08984375,0.17,434,0.3,-0.0,-0.3,,3.53,-4.52,-0.03,,False,0.046,756,True,False,False,True,스파이크
036690,코맥스,0.2099609375,4.56,1257.0,2885.0,,0.580078125,-0.37,1244,,,,,0.0,173.92,-0.0,,False,,,True,False,False,False,0.2099609375,0.0,771,,,,,0.0,0.0,0.0,,False,,,False,False,False,False,0.2099609375,0.0,913,,,,,0.0,0.0,0.0,,False,,,False,False,False,False,0.2099609375,0.0,908,,,,,0.0,0.0,0.0,,False,,,False,False,False,False,
036710,심텍홀딩스,24.09375,7.62,1952.0,3695.0,,20.0625,4.03,151,101.3,-2.8,-103.2,-5.3,48.99,0.0,-0.62,,False,4.649,125,False,False,False,True,20.359375,3.73,110,79.8,0.5,-85.0,-2.6,11.63,0.0,0.51,,False,3.228,133,False,False,True,True,23.734375,0.36,531,9.0,-10.1,3.1,-8.8,-23.02,0.0,0.17,410,False,0.266,593,False,False,False,False,23.984375,0.11,568,-1.2,0.2,1.0,,7.57,0.0,0.17,497,False,-0.061,1286,False,False,True,False,
036800,나이스정보통신,27.46875,0.66,2721.0,29900.0,,24.984375,2.48,263,-5.9,-28.0,18.3,-2.8,32.01,-9.0,-0.03,551,False,0.016,1060,True,False,False,False,25.21875,2.25,214,-4.0,6.2,-14.0,-0.1,9.52,-9.0,-0.28,,False,0.024,757,True,False,True,True,24.921875,2.55,64,-4.1,16.3,-18.6,2.9,2.75,-9.0,0.2,,False,-0.12,1158,True,False,True,True,27.640625,-0.17,1542,-3.7,2.6,1.2,-0.0,-0.66,0.0,-0.04,512,False,-0.135,1424,False,False,True,False,
036810,에프에스티,8.6796875,1.85,4709.0,21750.0,,6.19921875,2.48,263,258.0,377.1,-356.9,182.7,-28.92,-1.4,-1.79,,False,4.128,151,True,True,True,True,5.5390625,3.14,143,224.2,-189.1,-31.7,-42.6,-49.24,0.95,-0.18,,False,3.406,122,False,False,False,True,6.921875,1.76,106,93.2,-62.4,-29.1,-88.2,-31.5,0.0,-0.06,,False,1.815,103,False,False,False,True,8.359375,0.32,241,4.7,-12.7,7.9,-11.9,2.35,0.0,0.23,313,False,0.092,591,False,False,False,False,지속
036830,솔브레인홀딩스,6.98828125,0.37,6582.0,32100.0,,4.23828125,2.75,242,330.9,224.2,-353.2,67.9,-15.86,-2.19,-0.6,,False,3.194,223,True,False,True,True,6.0390625,0.95,390,118.9,-120.1,-7.7,43.1,-40.56,0.0,-0.16,877,False,1.106,355,False,False,False,True,7.1015625,-0.11,1197,-2.9,-11.2,10.3,2.9,-28.27,0.0,-0.08,494,False,-0.04,1045,False,False,False,False,6.9609375,0.03,799,4.7,-9.5,3.8,2.0,-4.89,0.0,-0.04,465,False,0.069,667,False,False,False,False,지속
036890,진성티이씨,13.1875,0.92,2994.0,13590.0,,11.9375,1.25,472,64.7,44.6,-116.9,-31.8,-3.75,0.0,-0.32,,False,1.528,421,False,False,True,True,9.7734375,3.41,127,113.9,-149.7,25.6,-44.6,-22.92,0.0,0.43,597,False,2.966,152,False,False,False,False,13.71875,-0.53,1516,-13.3,22.5,-12.1,6.0,-14.04,0.0,-0.16,,False,-0.384,1390,False,False,True,True,13.3515625,-0.16,1524,0.7,7.3,-8.2,1.8,4.38,0.0,-0.19,,False,0.029,824,False,False,True,True,
036930,주성엔지니어링,7.33984375,14.54,87338.0,187900.0,,14.65625,-7.32,1780,-5842.1,4100.3,1774.5,470.4,479.04,-1.67,0.6,,False,-8.006,1777,True,False,True,False,10.40625,-3.07,1733,-4684.8,3308.8,1582.9,419.8,159.89,0.0,0.64,754,False,-3.687,1724,False,False,True,False,8.109375,-0.77,1608,-1722.8,5108.3,-3285.7,477.3,-17.04,0.0,0.94,,False,-1.679,1688,False,False,True,True,6.671875,0.67,72,368.7,64.1,-430.1,80.2,5.33,0.0,0.35,,False,0.341,154,False,False,True,True,
037030,파워넷,7.1015625,0.6,931.0,3650.0,,5.171875,1.93,345,33.6,-36.7,1.2,-20.4,36.96,1.24,-0.04,449,False,2.014,339,True,False,False,False,1.33984375,5.76,41,90.6,4.5,-98.4,1.6,-50.54,0.0,0.27,,False,5.443,45,False,False,True,True,5.390625,1.71,113,19.2,1.0,-20.2,,-35.63,0.0,-0.05,,False,1.697,111,False,False,True,True,6.5703125,0.53,111,3.8,-0.0,-3.6,,-2.28,0.0,0.17,,False,0.375,138,False,False,False,True,지속
037070,파세코,0.6298828125,1.87,1606.0,8030.0,,1.8203125,-1.19,1504,-31.3,0.5,30.8,0.4,8.51,0.0,0.57,322,False,-1.789,1639,False,False,True,False,2.16015625,-1.53,1524,-38.0,0.5,36.0,0.4,-13.28,0.0,0.66,224,False,-2.231,1644,False,False,True,False,0.85986328125,-0.23,1334,-16.8,0.1,15.4,-0.0,18.44,0.0,0.56,224,False,-0.83,1577,False,False,True,False,0.81982421875,-0.19,1565,-8.3,-0.3,7.6,,18.44,0.0,0.09,201,False,-0.32,1572,False,False,False,False,
037230,한국팩키지,2.369140625,0.37,415.0,1391.0,,0.72021484375,1.65,387,5.0,-2.7,-3.2,-1.4,-24.03,0.0,0.1,,False,1.493,428,False,False,False,True,0.449951171875,1.92,248,10.8,-1.3,-10.3,-0.9,-48.0,0.0,0.3,,False,1.615,270,False,False,False,True,2.390625,-0.02,1086,-0.6,-0.3,-0.0,,-11.17,0.0,0.01,,False,-0.049,1062,False,False,False,False,2.029296875,0.34,224,0.9,0.1,-1.0,,1.09,0.0,0.11,,False,0.227,281,False,False,True,True,
037330,인지디스플레,4.58984375,0.22,406.0,926.0,,3.900390625,0.69,629,4.1,-0.9,-4.0,-0.6,-36.75,0.0,0.0,,False,0.642,696,False,False,False,True,4.26953125,0.32,573,1.4,-0.2,-2.4,-0.2,-39.52,0.0,0.08,,False,0.194,625,False,False,False,True,4.5390625,0.05,805,-0.2,0.0,0.1,,-16.43,0.0,0.06,626,False,-0.026,1019,False,False,False,False,4.5,0.09,613,0.4,0.0,-0.4,,-4.14,0.0,0.0,,False,0.087,606,False,False,False,True,
037350,성도이엔지,3.310546875,0.44,1278.0,8400.0,,3.7109375,-0.4,1265,-28.7,-4.6,32.8,-0.5,34.83,-1.68,1.03,315,False,-1.483,1597,True,True,False,False,5.140625,-1.83,1597,-31.4,-2.9,30.2,-0.7,-29.29,0.0,0.42,211,False,-2.261,1651,False,False,False,False,5.28125,-1.97,1758,-38.2,-3.1,41.8,-0.3,-7.59,0.0,0.6,34,False,-2.533,1727,False,False,False,False,3.01953125,0.29,270,0.9,-0.4,-1.5,-0.0,7.55,0.0,0.23,,False,0.06,705,False,False,False,True,
037370,EG,2.9609375,0.42,254.0,2940.0,,2.359375,0.6,661,0.4,-0.1,0.5,0.0,-47.78,0.0,0.07,,False,0.555,727,False,False,False,False,2.9609375,0.0,771,-0.8,-0.1,0.4,,-44.84,0.0,-0.24,,False,0.154,653,False,False,False,False,2.419921875,0.54,428,1.5,-0.1,-1.5,,-20.33,0.0,-0.09,,False,0.602,376,False,False,False,True,2.890625,0.07,665,0.2,-0.0,-0.2,,-2.97,0.0,-0.01,,False,0.08,627,False,False,False,True,
037400,우리엔터프라이즈,2.880859375,0.13,185.0,706.0,,2.060546875,0.82,585,1.6,0.8,-4.4,,-25.92,0.0,-0.47,,False,0.921,581,False,False,True,True,2.310546875,0.57,490,0.2,-0.0,-1.9,,-30.85,0.0,-0.2,,False,0.396,541,False,False,False,True,2.08984375,0.79,305,1.4,0.0,-2.6,,-10.29,0.0,-0.27,,False,0.828,275,False,False,False,True,2.609375,0.27,292,0.3,-0.3,-0.1,,10.14,0.0,0.09,,False,0.184,352,False,False,False,True,
037440,희림,3.490234375,0.53,514.0,3690.0,,5.44140625,-1.95,1624,-24.1,-3.4,59.4,-3.5,-15.95,0.0,-0.41,65,False,-1.766,1638,False,False,False,False,4.890625,-1.4,1497,-9.8,-0.0,9.0,,-37.24,0.0,-0.86,604,False,-0.764,1286,False,False,False,False,4.578125,-1.09,1666,-6.1,0.0,6.0,,-31.79,0.0,-0.48,278,False,-0.667,1522,False,False,False,False,2.919921875,0.57,97,1.1,0.0,-1.8,,-2.64,0.0,0.26,,False,0.215,295,False,False,False,True,
037460,삼지전자,7.55078125,1.08,5720.0,35050.0,,6.53125,1.02,531,110.4,182.4,-302.7,8.0,113.33,0.0,0.25,,False,0.773,647,False,False,True,True,4.73828125,2.81,170,204.6,-0.1,-204.5,-8.4,17.03,0.0,-0.11,,False,2.924,156,False,False,False,True,7.71875,-0.17,1267,-14.7,42.3,-30.4,21.0,-13.99,0.0,0.12,,False,-0.272,1307,False,False,True,True,7.87890625,-0.33,1678,-30.0,13.6,16.2,3.5,4.01,0.0,0.22,197,False,-0.549,1644,False,False,True,False,
037760,쎄니트,0.360107421875,0.89,822.0,2430.0,,0.509765625,-0.15,1152,0.9,-6.1,3.7,-5.8,35.45,0.0,-0.45,575,False,0.133,952,False,False,False,False,0.5,-0.14,959,1.1,-5.8,3.8,-5.8,3.62,0.0,-0.46,654,False,0.155,652,False,False,False,False,0.1700439453125,0.19,664,1.3,-5.8,3.9,-5.8,0.83,0.0,-0.07,316,False,0.18,684,False,False,False,False,0.3798828125,-0.02,1215,-0.1,-0.0,0.1,,-1.62,0.0,-0.01,619,False,-0.014,1104,False,False,False,False,
037950,엘컴텍,0.429931640625,0.6,492.0,2915.0,,1.33984375,-0.91,1435,2.4,-0.0,-6.0,,249.52,-80.0,-10.2,,False,0.788,637,True,True,False,True,1.9697265625,-1.54,1527,-2.9,-0.0,0.9,,311.14,-80.0,-9.05,,False,-0.078,869,True,True,False,False,0.56982421875,-0.14,1232,0.4,0.0,-0.5,,3.92,0.0,-0.26,,False,0.101,776,False,False,False,True,0.6201171875,-0.19,1565,0.1,-0.0,-0.1,,-2.02,0.0,-0.21,,False,0.024,852,False,False,False,True,
038010,제일테크노스,4.48828125,0.35,515.0,5720.0,,3.0,1.49,415,4.3,13.8,-19.8,13.9,-4.35,0.0,0.64,,False,0.849,611,False,False,True,True,3.119140625,1.37,315,3.6,12.5,-18.0,12.3,-14.37,0.0,0.66,,False,0.713,436,False,False,True,True,3.419921875,1.07,220,1.5,3.4,-5.0,3.3,-7.14,0.0,0.76,,False,0.323,546,False,False,True,True,4.30078125,0.19,402,0.9,0.1,-1.2,,1.24,0.0,-0.0,,False,0.19,335,False,False,True,True,지속
038060,루멘스,6.3984375,0.34,357.0,742.0,,5.0,1.4,433,-5.5,-0.7,21.4,,3.34,0.0,0.11,201,False,1.254,479,False,False,False,False,5.390625,1.01,382,-5.0,-0.0,6.1,,-54.95,0.0,0.45,,False,0.585,478,False,False,False,False,5.6015625,0.8,295,3.9,0.0,-4.0,,-16.44,0.0,-0.24,,False,1.043,221,False,False,False,True,6.41015625,-0.01,1155,-0.4,0.0,0.4,,5.85,0.0,0.09,395,False,-0.104,1373,False,False,False,False,
038070,서린바이오,2.130859375,0.46,412.0,4435.0,,2.630859375,-0.5,1301,-5.8,-0.0,5.7,,-32.5,2.2,0.33,472,False,-0.895,1480,True,False,False,False,2.98046875,-0.85,1325,-8.3,-0.0,7.9,,-32.19,2.2,0.46,393,False,-1.344,1472,True,False,False,False,1.6396484375,0.49,461,1.7,0.0,-1.9,,-13.21,0.0,-0.02,,False,0.458,463,False,False,False,True,2.119140625,0.01,867,-0.1,-0.0,0.1,,3.14,0.0,0.02,622,False,-0.018,1123,False,False,False,False,
038110,에코플라스틱,2.98046875,0.22,807.0,1960.0,,2.990234375,-0.01,1063,-54.1,0.3,56.9,0.6,-38.75,0.0,0.62,479,False,-0.654,1412,False,False,True,False,0.81005859375,2.17,217,20.7,0.4,-21.3,0.6,-47.8,0.0,-0.06,,False,2.256,199,False,False,True,True,2.279296875,0.7,344,3.8,-0.5,-3.4,-0.2,-16.95,0.0,0.12,,False,0.568,401,False,False,False,True,2.650390625,0.33,233,2.8,-0.0,-2.7,,-1.06,0.0,-0.0,,False,0.335,160,False,False,False,True,
038290,마크로젠,3.630859375,0.81,1272.0,11730.0,,3.30078125,0.33,758,6.0,5.7,-10.3,0.1,-27.59,0.0,0.05,,False,0.314,836,False,False,True,True,4.51171875,-0.88,1342,-19.0,-0.0,19.9,0.1,-31.88,0.0,0.16,441,False,-1.032,1392,False,False,False,False,2.890625,0.74,327,8.8,-0.1,-8.4,,-15.37,0.0,0.07,,False,0.677,335,False,False,False,True,3.5,0.13,520,1.6,-0.0,-1.6,,0.26,0.0,0.01,,False,0.124,493,False,False,False,True,
038390,레드캡투어,7.03125,0.82,1652.0,9880.0,,7.08984375,-0.06,1101,-8.9,4.6,5.4,0.8,-12.41,0.0,0.45,521,False,-0.494,1348,False,False,True,False,6.78125,0.25,604,2.5,-17.1,15.6,0.4,-8.18,0.0,0.1,461,False,0.154,653,False,False,False,False,6.80859375,0.22,630,3.7,-0.2,-1.7,,-2.08,0.0,0.01,,False,0.215,643,False,False,False,True,6.9609375,0.07,665,0.6,-0.1,0.1,,-1.0,0.0,0.03,648,False,0.035,798,False,False,False,False,스파이크
038460,바이오스마트,6.98828125,0.47,682.0,2700.0,,3.369140625,3.62,172,25.6,-0.1,-24.7,-0.1,-32.42,-3.4,-0.19,,False,3.59,195,True,False,False,True,4.91015625,2.08,229,18.1,-0.0,-16.8,,-39.05,-3.4,0.01,,False,1.958,237,True,False,False,True,7.30859375,-0.32,1393,-3.7,-0.0,4.1,,-2.7,0.0,0.23,274,False,-0.518,1455,False,False,False,False,7.0,-0.01,1155,-0.3,-0.0,0.3,,7.36,0.0,0.03,519,False,-0.041,1229,False,False,False,False,
038500,삼표시멘트,4.0703125,1.04,8191.0,7590.0,,1.240234375,2.83,234,261.4,307.8,-510.5,5.7,60.63,0.0,-0.8,,False,3.602,193,False,False,True,True,1.1396484375,2.93,160,340.6,274.7,-605.0,-3.5,-53.72,0.0,-0.47,,False,3.416,121,False,False,True,True,2.720703125,1.35,168,146.1,18.5,-163.4,-0.1,-34.4,0.0,-0.3,,False,1.654,118,False,False,True,True,3.849609375,0.22,348,25.7,-0.9,-24.6,0.1,-1.56,0.0,-0.08,,False,0.298,196,False,False,False,True,지속
038530,케이바이오랩스,5.05859375,0.37,199.0,862.0,,2.830078125,2.23,304,7.0,0.3,-10.8,,283.11,-80.0,-37.36,,False,5.649,81,True,True,True,True,8.8828125,-3.82,1756,-10.5,-0.7,10.8,,178.06,-80.0,-36.56,606,False,-0.589,1198,True,True,False,False,5.51953125,-0.46,1476,-0.4,-0.0,0.2,,-7.01,0.0,-0.48,,False,-0.074,1107,False,False,False,False,5.3203125,-0.26,1638,0.6,-0.0,-0.1,,3.86,0.0,-0.56,,False,0.303,192,False,False,False,True,
038540,상상인,4.1484375,0.28,1103.0,1993.0,,4.328125,-0.18,1165,0.1,42.5,-20.8,0.0,11.84,0.0,-0.29,,False,0.097,975,False,False,True,True,4.80078125,-0.65,1237,-6.8,27.8,-22.3,0.0,-12.97,0.0,-0.07,,False,-0.596,1200,False,False,True,True,4.12109375,0.03,837,0.7,9.6,-10.8,0.3,5.56,0.0,-0.04,,False,0.065,821,False,False,True,True,4.08984375,0.06,693,0.9,1.5,-2.4,-0.0,-5.77,0.0,-0.03,,False,0.085,612,False,False,True,True,스파이크
038620,위즈코프,3.669921875,0.32,307.0,2025.0,,4.328125,-0.66,1358,-1.7,0.2,-9.6,0.1,244.39,-80.0,-19.74,,False,0.097,975,True,True,True,True,4.6796875,-1.01,1385,-3.1,-0.8,-8.9,0.1,302.58,-80.0,-18.87,,False,-0.189,955,True,True,False,True,3.44921875,0.22,630,1.0,-0.4,-6.5,-0.4,5.8,0.0,-0.04,,False,0.311,554,False,False,False,True,3.4609375,0.21,368,0.8,0.0,-2.4,,13.0,0.0,-0.06,,False,0.265,235,False,False,False,True,스파이크
038680,에스넷,3.720703125,0.6,679.0,3410.0,,4.66015625,-0.94,1442,-22.2,-0.2,11.1,0.2,-1.73,0.0,0.44,,False,-1.344,1576,False,False,False,False,4.6015625,-0.88,1342,-11.8,0.2,0.9,0.2,-39.22,0.0,-0.28,,False,-0.513,1170,False,False,True,False,3.939453125,-0.22,1321,-0.9,-0.0,-11.1,,4.6,0.0,-0.08,,False,-0.152,1195,False,False,False,True,3.669921875,0.05,725,0.4,-0.0,-0.8,,10.71,0.0,0.0,,False,0.049,741,False,False,False,True,
038870,에코심플렉스,1.830078125,0.39,298.0,2125.0,,2.7890625,-0.96,1448,-6.7,-0.3,-13.2,-0.0,-28.33,0.0,-0.08,,False,-0.972,1501,False,False,False,True,2.23046875,-0.4,1115,-3.4,0.0,-10.1,,-33.8,0.0,0.25,,False,-0.717,1265,False,False,False,True,1.9404296875,-0.11,1197,-1.4,-0.0,-10.7,,5.99,0.0,0.19,,False,-0.339,1360,False,False,False,True,1.8095703125,0.02,827,0.6,-0.0,-0.6,,-21.59,0.0,-0.18,,False,0.207,308,False,False,False,True,
038880,아이에이,0.0,0.55,292.0,3885.0,,2.369140625,-2.37,1664,-3.4,0.0,2.4,,2406.45,-98.0,-155.89,,False,0.689,678,True,True,False,False,2.849609375,-2.85,1718,-5.4,-1.0,5.3,,2777.78,-98.0,-140.32,851,False,-0.118,910,True,True,False,False,0.0,0.0,913,-0.5,-0.0,2.4,,479.85,-80.0,0.58,492,False,-0.04,1045,True,False,False,False,0.0,0.0,908,0.2,-0.0,1.8,,62.21,0.0,0.24,147,False,0.175,365,False,False,False,False,
038950,파인디지털,6.19921875,0.26,297.0,2905.0,,3.029296875,3.17,206,10.3,-1.9,-8.6,,-6.59,0.0,-0.0,,False,3.161,225,False,False,False,True,5.4296875,0.77,427,2.6,-0.0,-2.6,,-14.18,0.0,0.02,,False,0.733,430,False,False,False,True,6.23046875,-0.03,1107,-0.1,-0.0,0.0,,-3.65,0.0,-0.02,641,False,-0.016,996,False,False,False,False,6.19140625,0.01,867,0.0,0.0,-0.0,,-2.35,0.0,-0.01,,False,0.014,907,False,False,False,False,
039010,현대에이치티,2.900390625,0.57,677.0,7850.0,,5.4296875,-2.53,1679,-19.5,-7.9,28.3,-7.8,-6.32,0.0,-0.13,196,False,-2.394,1685,False,False,False,False,6.1015625,-3.2,1742,-26.7,-8.6,37.5,-8.5,-20.71,0.0,0.05,68,False,-3.262,1707,False,False,False,False,5.0703125,-2.17,1768,-15.3,-0.0,15.4,,-18.74,0.0,0.01,55,False,-2.153,1711,False,False,False,False,3.2109375,-0.31,1668,-0.5,-0.0,0.5,,-2.73,0.0,-0.25,481,False,-0.058,1277,False,False,False,False,
039020,이건홀딩스,1.2802734375,0.31,567.0,2510.0,,3.4609375,-2.18,1651,-26.1,-2.9,32.0,-3.0,-35.31,0.0,0.41,195,False,-2.596,1697,False,False,False,False,1.669921875,-0.39,1112,-4.5,0.2,4.3,,-27.98,0.0,0.26,592,False,-0.65,1234,False,False,True,False,1.5595703125,-0.28,1373,-1.3,-0.2,1.4,,-18.51,0.0,-0.11,454,False,-0.172,1218,False,False,False,False,1.3798828125,-0.1,1452,-0.2,-0.5,0.6,,-1.95,0.0,-0.08,377,False,-0.024,1165,False,False,False,False,스파이크
039030,이오테크닉스,29.4375,6.16,42379.0,344000.0,,23.515625,5.92,78,3446.2,-733.9,-2681.7,-1109.3,14.1,0.0,-0.23,,False,6.137,64,False,False,False,True,21.125,8.31,21,4490.5,-4470.0,-66.7,-1057.9,-27.2,0.0,0.13,748,False,8.143,15,False,False,False,True,24.4375,5.0,13,2734.7,-3358.6,584.4,-887.7,-30.51,0.0,-0.07,144,False,5.042,13,False,False,False,False,29.703125,-0.27,1645,-141.3,98.8,37.5,-21.2,0.44,0.0,0.03,425,False,-0.293,1558,False,False,True,False,지속
039200,오스코텍,13.546875,6.36,11535.0,30150.0,,8.8515625,4.7,117,615.2,1059.7,-1689.3,437.4,-31.24,0.0,1.84,,False,2.877,251,False,True,True,True,14.0703125,-0.52,1172,-224.3,110.5,85.1,287.7,-46.73,0.0,0.6,692,False,-1.113,1414,False,False,True,False,11.7734375,1.77,105,133.9,34.9,-149.0,-46.5,-22.39,0.0,0.7,,False,1.072,214,False,False,True,True,13.1796875,0.37,199,40.1,-19.0,-13.1,2.2,-3.37,0.0,0.01,,False,0.36,147,False,False,False,True,스파이크
039240,경남스틸,3.220703125,0.47,539.0,1997.0,,7.25,-4.03,1739,-36.2,-0.3,37.9,-0.4,-25.49,0.0,-0.07,149,False,-3.946,1741,False,False,False,False,5.96875,-2.75,1711,-29.3,0.0,29.3,,-31.14,0.0,0.31,142,False,-3.088,1698,False,False,False,False,3.1796875,0.04,825,0.0,0.0,0.0,,-10.05,0.0,-0.08,,False,0.096,786,False,False,False,False,3.2890625,-0.07,1370,0.0,0.0,-0.1,,2.94,0.0,-0.08,,False,0.012,916,False,False,False,True,
039290,인포뱅크,0.320068359375,0.44,300.0,3455.0,,0.56982421875,-0.25,1199,-0.3,5.2,-6.1,,-42.61,0.0,0.06,,False,-0.257,1241,False,False,True,True,1.2099609375,-0.89,1346,-2.9,5.2,-2.6,,-33.04,0.0,0.08,,False,-0.936,1354,False,False,True,True,0.83984375,-0.52,1508,-1.6,4.4,-2.9,,1.92,0.0,-0.02,,False,-0.499,1443,False,False,True,True,0.27001953125,0.05,725,-0.0,0.2,-0.2,,-2.26,0.0,0.06,,False,-0.005,1058,False,False,True,True,
039310,세중,3.5390625,0.21,207.0,1140.0,,5.3984375,-1.86,1615,-8.5,-0.3,10.7,0.1,-15.05,0.0,-0.63,294,False,-1.617,1614,False,False,False,False,3.51953125,0.02,733,-0.1,0.1,-0.4,0.1,-35.52,0.0,-0.41,,False,0.07,694,False,False,True,True,3.900390625,-0.36,1422,-0.2,-0.3,0.5,-0.3,10.79,0.0,-0.27,414,False,-0.12,1158,False,False,False,False,3.720703125,-0.18,1552,0.4,0.0,-0.2,,8.88,0.0,-0.37,,False,0.19,335,False,False,False,True,
039340,한국경제TV,1.2802734375,0.53,1056.0,4800.0,,1.240234375,0.04,938,0.1,0.7,-11.1,-0.1,-11.76,-2.22,0.01,,False,0.013,1064,True,False,True,True,1.330078125,-0.05,899,-1.0,0.3,-4.6,,-5.33,-2.22,0.01,,False,-0.091,878,True,False,True,True,1.240234375,0.04,825,0.3,0.6,-2.1,,1.37,0.0,0.01,,False,0.027,874,False,False,True,True,1.2998046875,-0.02,1215,-0.2,0.5,-0.2,,0.1,0.0,-0.0,,False,-0.018,1123,False,False,True,True,
039420,케이엘넷,8.7890625,0.81,604.0,2630.0,,3.9609375,4.83,113,31.9,14.2,-45.9,1.9,-5.9,-5.0,-0.19,,False,4.569,126,True,False,True,True,6.12890625,2.66,182,19.1,7.9,-26.5,0.4,-15.43,0.0,-0.2,,False,2.85,163,False,False,True,True,8.4375,0.35,540,2.3,3.7,-6.0,-0.3,-2.95,0.0,-0.04,,False,0.4,492,False,False,True,True,8.5703125,0.22,348,1.5,-0.0,-1.5,,2.94,0.0,-0.03,,False,0.247,255,False,False,False,True,지속
039440,에스티아이,3.220703125,1.32,3846.0,24800.0,,0.93017578125,2.29,291,322.3,-281.5,-70.8,-56.7,-17.33,-2.04,-3.34,636,False,5.569,87,True,True,False,True,3.130859375,0.09,669,71.1,9.0,-97.7,13.2,-25.75,0.0,-0.97,,False,1.085,360,False,False,True,True,3.509765625,-0.29,1379,2.8,3.1,-10.1,0.4,-22.01,0.0,-0.27,,False,-0.015,992,False,False,True,True,3.080078125,0.14,498,-5.1,0.4,-0.4,-0.9,3.33,0.0,0.27,,False,-0.129,1412,False,False,True,True,
039560,다산네트웍스,6.19140625,0.34,984.0,2295.0,,4.921875,1.27,462,28.2,-73.5,26.9,-49.1,-28.17,8.27,-0.28,582,False,1.991,344,True,False,False,False,5.62890625,0.56,495,14.3,-10.8,-28.1,-12.7,-55.78,4.77,-0.01,,False,0.777,414,True,False,False,True,5.69140625,0.5,455,5.8,-0.8,-9.3,,-32.5,0.0,0.0,,False,0.493,444,False,False,False,True,6.23046875,-0.04,1301,-0.9,-0.1,0.8,,-3.16,0.0,0.05,432,False,-0.093,1357,False,False,False,False,
039610,화성밸브,3.130859375,0.58,551.0,5290.0,,0.83984375,2.29,291,14.7,0.5,-21.2,0.1,-36.27,0.0,-0.63,,False,2.949,245,False,False,True,True,0.85009765625,2.28,213,12.0,0.5,-20.1,0.1,-43.9,0.0,0.11,,False,2.164,211,False,False,True,True,1.9501953125,1.18,202,7.1,0.4,-6.9,,-23.33,0.0,-0.22,,False,1.42,148,False,False,True,True,2.689453125,0.44,155,2.8,0.1,-2.4,,1.93,0.0,-0.06,,False,0.513,88,False,False,True,True,지속
039740,한국정보공학,2.369140625,0.48,251.0,3125.0,,1.0595703125,1.31,452,1.8,0.2,-0.9,,1.3,0.0,0.04,,False,1.41,450,False,False,True,True,2.919921875,-0.55,1183,-3.0,0.4,2.3,,-25.15,0.0,-0.0,705,False,-0.526,1178,False,False,True,False,2.55078125,-0.18,1286,0.5,0.0,-0.7,,-17.11,0.0,-0.45,,False,0.221,636,False,False,False,True,2.4609375,-0.09,1427,-0.7,-0.0,0.7,,1.79,0.0,0.18,208,False,-0.276,1545,False,False,False,False,
039830,오로라,4.421875,1.05,2037.0,18930.0,,2.759765625,1.66,385,-2.1,56.9,-49.3,28.2,29.22,0.0,1.83,,False,-0.197,1208,False,True,True,True,4.1796875,0.24,610,-16.6,47.3,-33.2,16.9,82.19,0.0,1.59,,False,-1.439,1496,False,True,True,True,3.2890625,1.13,209,14.8,-1.3,-11.3,-6.3,6.65,0.0,0.34,,False,0.803,284,False,False,False,True,3.9609375,0.46,145,-0.1,0.3,-0.3,0.2,0.58,0.0,0.46,,False,0.006,950,False,False,True,True,
039840,디오,15.0390625,0.88,1693.0,12620.0,,13.8671875,1.17,488,-16.8,96.5,-75.2,3.2,-20.98,-6.67,0.92,,False,-0.704,1427,True,False,True,True,14.2265625,0.81,416,-8.9,38.9,-26.3,-0.4,-27.51,0.0,1.18,,False,-0.367,1081,False,True,True,True,14.5390625,0.5,455,6.9,0.0,-5.1,,-6.24,0.0,0.08,,False,0.412,484,False,False,False,True,14.9375,0.1,592,1.0,0.0,-0.9,,1.2,0.0,0.05,,False,0.058,710,False,False,False,True,
039860,나노엔텍,1.3095703125,1.48,1354.0,3555.0,,3.390625,-2.08,1639,-77.5,-2.6,78.3,-1.2,-32.16,0.0,-0.34,325,False,-1.735,1631,False,False,False,False,3.669921875,-2.36,1668,-59.2,0.5,58.9,0.4,-31.77,0.0,-0.09,203,False,-2.259,1650,False,False,True,False,0.72998046875,0.58,398,9.9,-0.4,-9.6,-0.2,-19.02,0.0,-0.12,,False,0.696,324,False,False,False,True,1.23046875,0.08,642,1.7,0.0,-1.7,,-0.97,0.0,-0.04,,False,0.119,508,False,False,False,True,
039980,폴라리스AI,1.5302734375,0.62,587.0,4085.0,,2.580078125,-1.05,1470,-17.7,-0.6,18.6,0.0,138.33,-80.24,-12.14,,False,0.038,1023,True,True,False,False,2.2890625,-0.76,1287,1.8,-2.4,3.3,0.0,175.83,-80.24,-11.89,,False,0.378,548,True,True,False,False,0.0,1.53,137,17.6,-0.2,-18.6,,-35.67,0.0,-1.02,,False,2.554,61,False,True,False,True,1.51953125,0.01,867,2.0,0.0,-2.8,,-3.77,0.0,-0.31,,False,0.321,165,False,False,False,True,
040160,누리플렉스,28.296875,0.92,697.0,5780.0,,28.125,0.17,845,-5.3,-1.0,2.2,-0.3,66.33,0.0,-0.19,,False,0.338,825,False,False,False,False,28.5625,-0.27,1044,-12.7,-0.9,12.7,,-60.57,0.0,-0.05,854,False,-0.113,907,False,False,False,False,28.296875,0.0,913,1.4,0.0,-1.8,,-38.71,0.0,-0.25,,False,0.239,619,False,False,False,True,28.328125,-0.03,1262,-0.2,-0.0,0.1,,-2.36,0.0,-0.02,660,False,-0.011,1094,False,False,False,False,
040300,YTN,0.72998046875,0.42,963.0,2020.0,,0.2900390625,0.44,713,1.4,-0.0,-3.0,,-45.18,0.0,-0.02,,False,0.451,774,False,False,False,True,1.009765625,-0.28,1051,-6.5,-0.0,5.5,,-41.36,0.0,-0.02,775,False,-0.259,1003,False,False,False,False,0.81005859375,-0.08,1161,-0.4,-0.0,0.3,,-13.68,0.0,-0.06,643,False,-0.023,1011,False,False,False,False,0.72998046875,0.0,908,-0.0,-0.0,0.0,,0.0,0.0,0.0,685,False,-0.003,1038,False,False,False,False,
040350,크레오에스지,0.0,3.21,1523.0,7800.0,,0.419921875,-0.42,1271,-6.3,-0.1,-14.5,0.2,641.44,-80.0,-3.35,,False,0.221,892,True,True,False,True,0.919921875,-0.92,1355,-7.0,-0.5,-16.2,0.2,965.57,-80.0,-3.96,,False,-0.111,903,True,True,False,True,0.0,0.0,913,-12.4,0.9,24.1,0.2,-2.62,0.0,0.72,112,False,-0.714,1538,False,False,True,False,0.0,0.0,908,-5.3,-0.0,5.3,,-17.02,0.0,0.31,186,False,-0.314,1567,False,False,False,False,
040420,정상제이엘에스,4.3515625,1.03,905.0,5770.0,,3.099609375,1.25,472,6.7,-6.5,3.9,0.2,0.52,0.0,0.61,579,False,0.731,660,False,False,False,False,4.578125,-0.23,1016,1.9,-5.0,3.1,-0.9,-3.67,0.0,-0.45,706,False,0.211,621,False,False,False,False,3.990234375,0.36,531,6.1,-1.5,-4.9,-0.4,0.0,0.0,-0.31,,False,0.674,338,False,False,False,True,4.1796875,0.17,434,4.9,-0.3,-4.6,-0.0,-0.86,0.0,-0.37,,False,0.54,78,False,False,False,True,스파이크
040610,SG&G,3.0390625,0.13,528.0,3100.0,,2.279296875,0.76,603,8.5,-1.5,-16.7,-0.6,76.54,-50.0,-3.96,,False,1.21,490,True,True,False,True,3.05078125,-0.01,865,4.4,0.2,-6.6,,39.95,-50.0,-4.06,,False,0.477,513,True,True,True,True,2.779296875,0.26,598,1.9,0.1,-2.8,,-3.28,0.0,-0.12,,False,0.37,509,False,False,True,True,2.9296875,0.11,568,0.4,-0.0,-0.4,,1.97,0.0,0.03,,False,0.076,646,False,False,False,True,
040910,아이씨디,2.990234375,0.67,732.0,4025.0,,4.0703125,-1.08,1477,-6.1,-1.3,5.2,-0.1,4.41,-2.15,-0.44,531,False,-0.758,1442,True,False,False,False,4.94140625,-1.95,1617,-14.1,-0.9,13.3,,-29.01,-2.15,-0.39,327,False,-1.658,1547,True,False,False,False,3.80078125,-0.81,1617,-5.5,-0.9,6.0,,-15.08,0.0,-0.06,202,False,-0.774,1562,False,False,False,False,3.0703125,-0.08,1395,-0.3,-0.0,0.1,,5.37,0.0,-0.04,633,False,-0.038,1214,False,False,False,False,
041020,폴라리스오피스,3.1796875,1.51,1351.0,2720.0,,3.189453125,-0.01,1063,-18.3,-1.8,-32.7,0.1,-36.89,-0.08,-0.54,,False,0.389,800,False,False,False,True,2.7109375,0.47,524,15.2,-56.2,-23.1,0.0,-44.49,-0.08,-0.99,,False,1.349,308,False,False,False,True,2.939453125,0.24,616,2.0,-4.9,-53.0,0.3,-17.07,0.0,0.09,,False,0.209,649,False,False,False,True,2.810546875,0.37,199,4.4,-0.1,-4.0,,-3.37,0.0,0.06,,False,0.314,176,False,False,False,True,
041190,우리기술투자,1.6103515625,0.45,3755.0,4470.0,,3.650390625,-2.04,1633,-108.3,122.7,-48.8,-13.6,-40.79,0.0,-0.62,,False,-1.502,1600,False,False,True,True,1.8095703125,-0.2,1002,5.4,-28.9,16.2,3.0,-35.5,0.0,-0.62,,False,0.394,545,False,False,False,False,0.6201171875,0.99,239,42.9,16.2,-58.4,-0.8,-23.06,0.0,-0.13,,False,1.087,212,False,False,True,True,1.2099609375,0.4,171,12.1,-0.1,-12.3,-0.1,2.52,0.0,0.09,,False,0.309,181,False,False,False,True,
041440,현대에버다임,3.0,0.58,1104.0,6190.0,,3.44921875,-0.45,1283,-32.6,0.8,6.2,0.2,-24.33,-0.41,0.19,,False,-0.666,1416,False,False,True,False,3.3203125,-0.32,1079,-25.4,1.0,23.9,0.3,-33.87,-0.41,0.34,625,False,-0.698,1260,False,False,True,False,2.0703125,0.93,258,10.9,-0.5,-11.1,-0.3,-25.78,0.0,-0.02,,False,0.934,244,False,False,False,True,3.0703125,-0.07,1370,0.5,0.0,-0.5,,-2.52,0.0,-0.11,,False,0.042,766,False,False,False,True,
041460,한국전자인증,3.509765625,0.98,658.0,3465.0,,4.28125,-0.77,1394,-5.4,30.9,-26.4,3.7,-9.53,0.0,-0.02,,False,-0.643,1408,False,False,True,True,5.1796875,-1.67,1562,-9.1,31.0,-21.0,3.7,-21.61,0.0,-0.44,,False,-1.171,1434,False,False,True,True,3.6796875,-0.17,1267,-2.1,28.8,-26.5,1.7,0.73,0.0,0.14,,False,-0.282,1313,False,False,True,True,3.490234375,0.02,827,0.1,8.4,-8.5,0.1,3.59,0.0,0.01,,False,0.01,925,False,False,True,True,
041510,에스엠,31.8125,1.58,15820.0,69100.0,,27.53125,4.28,133,694.0,-662.1,-29.2,-97.1,-38.8,0.0,0.98,616,False,3.282,216,False,False,False,True,29.8125,2.0,240,279.0,-468.7,190.5,-49.2,-28.76,0.0,0.57,477,False,1.415,295,False,False,False,False,33.03125,-1.22,1682,-226.7,250.1,-19.9,-3.2,-16.55,0.0,0.02,,False,-1.248,1645,False,False,True,True,32.03125,-0.22,1597,-2.4,-47.0,49.5,-11.1,-7.37,0.0,-0.21,191,False,-0.008,1078,False,False,False,False,
041520,이엘씨,3.05078125,0.6,1079.0,8850.0,,2.2109375,0.84,577,5.8,-1.2,-10.5,-0.9,25.71,0.0,0.19,,False,0.703,673,False,False,False,True,3.33984375,-0.29,1055,-6.4,-0.0,0.1,,-17.75,0.0,0.18,,False,-0.472,1144,False,False,False,False,3.310546875,-0.26,1356,-4.0,-0.0,3.3,,-1.45,0.0,0.13,388,False,-0.392,1396,False,False,False,False,3.009765625,0.04,763,-0.3,-0.0,-0.1,,8.99,0.0,0.07,,False,-0.029,1186,False,False,False,True,
041590,플래스크,1.5498046875,2.8,1161.0,2370.0,,1.5498046875,0.0,987,,,,,0.0,0.0,0.0,,False,,,False,False,False,False,1.5498046875,0.0,771,,,,,0.0,0.0,0.0,,False,,,False,False,False,False,1.5498046875,0.0,913,,,,,0.0,0.0,0.0,,False,,,False,False,False,False,1.5498046875,0.0,908,,,,,0.0,0.0,0.0,,False,,,False,False,False,False,
041830,인바디,34.46875,2.27,7307.0,54200.0,,38.75,-4.28,1745,-257.4,578.5,-295.4,107.2,83.11,0.0,-0.33,,False,-3.935,1740,False,False,True,True,38.09375,-3.62,1751,-249.3,542.4,-278.5,94.2,83.42,0.0,-0.1,,False,-3.502,1720,False,False,True,True,37.40625,-2.94,1794,-220.0,348.0,-120.4,55.7,19.12,0.0,0.06,,False,-2.95,1736,False,False,True,True,35.0,-0.53,1727,-40.8,25.7,13.3,19.5,-2.34,0.0,0.03,292,False,-0.562,1649,False,False,True,False,
041910,폴라리스AI파마,1.73046875,0.57,778.0,5860.0,,1.849609375,-0.12,1129,-18.7,-0.3,7.7,-0.0,-11.08,-1.62,0.27,,False,-0.658,1415,True,False,False,False,3.240234375,-1.51,1521,-21.5,-0.2,8.8,,-18.16,-1.62,-0.29,,False,-1.501,1508,True,False,False,False,1.7099609375,0.02,855,-1.5,-0.0,-13.3,,10.36,0.0,0.15,,False,-0.178,1226,False,False,False,True,1.6103515625,0.12,543,0.6,-0.0,-8.5,,8.52,0.0,0.05,,False,0.08,627,False,False,False,True,
041920,메디아나,3.939453125,1.33,1813.0,9750.0,,2.759765625,1.18,485,-50.7,-40.5,181.7,3.1,-33.63,0.0,0.99,202,False,0.297,844,False,False,False,False,0.740234375,3.2,140,106.0,-7.9,-101.9,0.4,-54.33,0.0,-0.95,,False,4.179,83,False,False,False,True,1.75,2.19,80,39.6,0.4,-39.8,0.1,-27.56,0.0,0.06,,False,2.126,85,False,False,True,True,3.240234375,0.7,69,4.6,-0.1,-4.4,-0.1,4.84,0.0,0.45,,False,0.257,246,False,False,False,True,지속
041930,SY동아,2.240234375,0.36,703.0,4625.0,,2.609375,-0.37,1244,-4.2,-0.3,0.7,,-30.97,-3.8,0.27,614,False,-0.627,1402,True,False,False,False,1.58984375,0.65,464,6.1,-0.1,-5.9,,-29.92,-3.8,0.23,,False,0.414,537,True,False,False,True,2.419921875,-0.18,1286,-1.5,-0.4,1.2,,-16.97,0.0,0.02,512,False,-0.179,1228,False,False,False,False,2.26953125,-0.03,1262,-1.1,-0.0,0.7,,3.35,0.0,0.13,385,False,-0.155,1446,False,False,False,False,
041960,코미팜,3.630859375,7.53,5379.0,7280.0,,5.01953125,-1.39,1541,-85.3,-33.4,109.0,-34.8,-2.54,0.17,0.15,312,False,-1.519,1603,False,False,False,False,4.73828125,-1.11,1422,-55.1,-18.7,69.3,-19.4,-20.09,0.0,-0.16,420,False,-0.951,1366,False,False,False,False,4.26953125,-0.64,1562,-26.8,-8.0,31.6,-9.3,-13.54,0.0,-0.19,290,False,-0.454,1429,False,False,False,False,3.580078125,0.05,725,4.3,-6.8,2.0,-6.8,-1.75,0.0,-0.03,543,False,0.078,636,False,False,False,False,
042000,카페24,18.375,1.47,3900.0,16130.0,,18.671875,-0.3,1219,-124.3,201.8,-77.2,2.9,-49.83,-0.31,0.06,,False,-0.406,1317,False,False,True,True,16.515625,1.86,256,58.8,-37.6,-21.0,-6.1,-41.77,-0.31,0.41,,False,1.408,296,False,False,False,True,17.453125,0.92,261,36.2,19.4,-56.2,0.9,-18.0,0.0,0.03,,False,0.887,257,False,False,True,True,17.734375,0.64,78,16.4,-0.0,-16.4,-0.1,-1.59,0.0,0.23,,False,0.412,117,False,False,False,True,지속
042040,케이피엠테크,0.0,0.16,113.0,4565.0,,2.0,-2.0,1628,-1.1,0.7,-1.4,,2126.83,-98.73,-224.14,,False,0.561,722,True,True,True,True,2.279296875,-2.28,1661,-2.6,-1.8,3.2,,3005.44,-98.73,-184.51,,False,-0.049,847,True,True,False,False,0.389892578125,-0.39,1437,-1.2,-0.2,2.9,,509.48,-90.0,-2.4,474,False,-0.057,1078,True,True,False,False,0.0,0.0,908,0.2,0.1,-0.1,,-20.61,0.0,-0.14,,False,0.32,168,False,False,True,True,
042110,에스씨디,54.0625,0.46,631.0,1306.0,,53.3125,0.75,608,4.0,0.2,-5.6,,5.41,0.0,-0.27,,False,0.977,563,False,False,True,True,53.34375,0.72,440,3.2,0.2,-3.4,,-13.91,0.0,-0.13,,False,0.84,404,False,False,True,True,54.15625,-0.09,1179,-0.0,0.2,0.1,,6.96,0.0,-0.39,,False,0.317,551,False,False,True,False,54.34375,-0.28,1652,-0.7,0.2,0.9,,20.93,0.0,-0.26,645,False,0.012,916,False,False,True,False,
042370,비츠로테크,9.1328125,0.81,2086.0,7960.0,,7.828125,1.3,455,-43.4,0.8,56.1,0.3,-21.5,0.0,-0.32,,False,1.581,413,False,False,True,False,10.421875,-1.29,1475,-109.2,2.2,106.8,-0.2,-54.49,0.0,-0.32,442,False,-0.964,1371,False,False,True,False,8.7890625,0.34,545,14.2,0.5,-12.5,0.1,-31.56,0.0,-0.17,,False,0.534,415,False,False,True,True,9.2109375,-0.08,1395,-1.2,-0.0,1.3,,-1.24,0.0,-0.02,462,False,-0.063,1293,False,False,False,False,
042420,네오위즈홀딩스,4.078125,0.4,1844.0,22650.0,,3.7890625,0.29,777,5.0,37.4,-42.4,-0.0,-7.93,-2.68,0.01,,False,0.144,943,True,False,True,True,4.8515625,-0.77,1294,-14.9,37.3,-21.4,0.2,-0.44,0.0,0.04,,False,-0.842,1315,False,False,True,True,4.26953125,-0.19,1294,-3.7,22.3,-18.0,-0.4,2.26,0.0,0.02,,False,-0.215,1268,False,False,True,True,4.109375,-0.03,1262,-0.5,5.1,-4.6,0.0,6.34,0.0,-0.0,,False,-0.026,1171,False,False,True,True,
042500,링네트,5.62109375,0.69,903.0,4050.0,,4.05859375,1.56,397,-9.6,-1.1,33.8,0.0,8.43,0.0,0.5,617,False,1.086,532,False,False,False,False,5.921875,-0.3,1066,4.3,-0.9,-11.1,0.0,-26.36,0.0,-1.95,,False,1.665,266,False,True,False,True,3.890625,1.73,108,19.6,0.0,-49.3,,-4.71,0.0,-0.41,,False,2.132,84,False,False,False,True,4.5703125,1.05,33,8.5,-0.1,-11.2,,2.79,0.0,0.11,,False,0.943,31,False,False,False,True,
042510,라온시큐어,3.48046875,1.53,844.0,7600.0,,2.5,0.98,543,-6.8,11.0,-4.4,-0.7,-18.1,-0.89,-0.31,,False,1.207,491,False,False,True,True,2.41015625,1.07,370,-0.8,10.8,-9.7,-0.7,-50.68,-0.89,-0.04,,False,1.088,359,False,False,True,True,3.330078125,0.15,701,3.2,13.6,-17.1,0.3,-12.44,0.0,-0.38,,False,0.482,451,False,False,True,True,3.4609375,0.02,827,-1.2,13.4,-12.2,,7.34,0.0,0.17,,False,-0.151,1441,False,False,True,True,
042520,한스바이오메드,5.87109375,9.19,3266.0,22900.0,,6.98046875,-1.11,1485,32.9,382.2,-177.8,152.1,-1.51,0.25,-2.91,,False,1.788,382,False,True,True,True,9.4765625,-3.61,1750,-108.1,112.8,66.2,38.7,-34.01,0.0,-1.27,260,False,-2.385,1658,False,True,True,False,5.9296875,-0.06,1142,17.0,-3.2,-8.6,97.3,-8.58,0.0,-0.51,548,False,0.525,422,False,False,False,True,6.5703125,-0.7,1750,1.3,7.5,-6.5,17.3,-4.18,0.0,-0.73,,False,0.016,897,False,False,True,True,
042600,새로닉스,4.76953125,1.24,1124.0,9050.0,,4.28125,0.49,697,7.4,80.1,-60.9,1.3,-29.02,0.0,-0.19,,False,0.68,684,False,False,True,True,6.33984375,-1.57,1537,-27.2,29.0,-1.3,-1.3,-51.66,0.0,-0.29,736,False,-1.27,1458,False,False,True,True,5.1015625,-0.33,1396,-4.8,-0.7,5.6,,-33.36,0.0,-0.0,349,False,-0.32,1344,False,False,False,False,4.78125,-0.01,1155,-0.2,-0.9,1.1,,-1.95,0.0,-0.0,418,False,-0.011,1094,False,False,False,False,
042940,상지건설,0.0,0.41,412.0,6040.0,,0.0,0.0,987,-5.8,1.1,-0.0,-0.1,-43.55,0.0,-1.27,,False,1.354,462,False,True,True,False,0.0,0.0,771,1.4,0.9,-6.3,0.0,-47.93,0.0,-0.88,,False,1.021,376,False,False,True,True,0.0,0.0,913,1.1,0.1,-1.0,,-28.27,0.0,-0.6,,False,0.578,391,False,False,True,True,0.0,0.0,908,-1.0,0.0,1.0,,-5.63,0.0,0.26,219,False,-0.26,1537,False,False,False,False,
043090,더테크놀로지,1.4296875,0.3,47.0,1140.0,,1.4296875,0.0,987,,,,,200.0,-66.67,-2.86,,False,,,True,True,False,False,1.4296875,0.0,771,,,,,200.0,-66.67,-2.86,,False,,,True,True,False,False,1.4296875,0.0,913,,,,,0.0,0.0,0.0,,False,,,False,False,False,False,1.4296875,0.0,908,,,,,0.0,0.0,0.0,,False,,,False,False,False,False,
043100,알파AI,11.4609375,0.34,105.0,520.0,,1.830078125,9.63,26,13.1,-4.3,-7.6,,-71.89,0.0,0.19,,False,9.134,24,False,False,False,True,11.4765625,-0.02,874,,,,,0.0,0.0,-0.02,,False,,,False,False,False,False,11.4609375,0.0,913,,,,,0.0,0.0,0.0,,False,,,False,False,False,False,11.4609375,0.0,908,,,,,0.0,0.0,0.0,,False,,,False,False,False,False,
043150,바텍,22.5,0.52,2594.0,17460.0,,24.109375,-1.61,1586,-40.4,2.7,33.9,-2.0,-8.06,0.0,-0.34,431,False,-1.302,1569,False,False,True,False,24.0625,-1.56,1535,-45.5,7.3,36.9,-0.6,-26.02,0.0,-0.06,405,False,-1.519,1511,False,False,True,False,22.828125,-0.33,1396,-5.3,0.7,4.0,-0.1,-10.64,0.0,-0.13,489,False,-0.199,1247,False,False,True,False,22.5625,-0.06,1348,0.4,-0.0,-0.5,,-1.24,0.0,-0.08,,False,0.016,897,False,False,False,True,스파이크
043200,파루,2.890625,0.98,236.0,565.0,,3.55078125,-0.66,1358,-13.9,-0.0,11.3,-0.0,-28.57,0.0,0.36,480,False,-1.407,1587,False,False,False,False,4.390625,-1.5,1518,-10.6,0.0,9.3,,-48.07,0.0,0.24,330,False,-1.998,1609,False,False,False,False,2.650390625,0.24,616,-3.1,0.0,2.6,,-22.6,0.0,0.53,451,False,-0.404,1405,False,False,False,False,2.66015625,0.23,333,0.7,-0.0,-0.5,,1.62,0.0,-0.08,,False,0.293,205,False,False,False,True,스파이크
043220,티에스넥스젠,0.0,1.55,282.0,1710.0,,0.0,0.0,987,,,,,0.0,3.54,0.0,,False,,,True,False,False,False,0.0,0.0,771,,,,,0.0,3.54,0.0,,False,,,True,False,False,False,0.0,0.0,913,,,,,0.0,3.54,0.0,,False,,,True,False,False,False,0.0,0.0,908,,,,,0.0,0.0,0.0,,False,,,False,False,False,False,
043260,성호전자,5.12890625,5.04,12758.0,17830.0,,1.6103515625,3.52,176,359.0,1685.7,-2192.5,-23.0,19.83,0.89,0.33,,False,3.268,217,False,False,True,True,2.009765625,3.12,145,435.0,906.9,-1448.1,43.5,-64.23,0.89,0.29,,False,2.91,157,False,False,True,True,1.740234375,3.39,38,561.1,-303.1,-300.5,-54.6,-56.08,0.89,0.01,,False,3.459,33,False,False,False,True,5.05078125,0.08,642,0.2,-16.9,27.6,-17.8,-10.67,0.0,0.07,270,False,0.013,915,False,False,False,False,
043340,에쎈테크,0.919921875,1.49,386.0,812.0,,0.7099609375,0.21,825,-0.8,0.1,1.3,,103.0,-50.0,-1.17,,False,0.316,835,True,True,True,False,1.2802734375,-0.36,1099,-1.5,0.1,1.4,,46.31,-50.0,-1.29,838,False,-0.177,945,True,True,True,False,0.93994140625,-0.02,1086,-0.2,0.0,0.3,,-6.02,0.0,0.05,559,False,-0.05,1065,False,False,False,False,0.91015625,0.01,867,0.1,0.0,-0.1,,3.57,0.0,-0.01,,False,0.025,850,False,False,False,True,스파이크
043360,디지아이,0.58984375,0.46,189.0,2100.0,,0.6201171875,-0.03,1080,-0.3,3.0,-2.3,,-14.46,0.0,-0.1,,False,-0.009,1087,False,False,True,True,0.740234375,-0.15,968,-0.7,2.5,-1.7,,-21.05,0.0,0.03,,False,-0.215,969,False,False,True,True,0.85009765625,-0.26,1356,-0.4,1.0,-0.6,,-15.49,0.0,-0.02,,False,-0.208,1258,False,False,True,True,0.60986328125,-0.02,1215,-0.0,0.0,-0.0,,-3.45,0.0,-0.02,,False,-0.002,1027,False,False,False,False,
043370,피에이치에이,15.15625,0.26,2358.0,11230.0,,13.6484375,1.51,408,34.0,-110.2,67.9,6.7,-2.77,0.0,0.24,362,False,1.278,475,False,False,False,False,14.7265625,0.43,536,15.8,26.9,-47.7,32.3,-14.08,0.0,-0.11,,False,0.539,494,False,False,True,True,15.1875,-0.03,1107,-3.7,1.2,2.6,10.9,-16.51,0.0,0.13,529,False,-0.157,1198,False,False,True,False,15.203125,-0.05,1326,0.8,-1.8,1.0,1.6,3.03,0.0,-0.08,520,False,0.033,803,False,False,False,False,
043590,웰킵스하이텍,0.2099609375,0.45,158.0,1163.0,,0.68017578125,-0.47,1288,-0.3,-0.1,-14.7,,84.02,-50.0,-2.45,,False,0.563,721,True,True,False,True,1.3603515625,-1.15,1435,-1.4,-0.1,-10.3,,61.75,-50.0,-2.23,,False,-0.252,999,True,True,False,True,0.52001953125,-0.31,1386,-0.4,-0.0,-11.6,,11.93,0.0,-0.13,,False,-0.187,1238,False,False,False,True,0.43994140625,-0.23,1610,-0.0,-0.1,-8.0,,-2.76,0.0,-0.3,,False,0.065,682,False,False,False,True,
043610,KT지니뮤직,0.97998046875,0.56,801.0,1379.0,,1.330078125,-0.35,1237,-3.4,-0.9,4.3,-0.8,-26.22,0.0,-0.15,624,False,-0.178,1194,False,False,False,False,1.2099609375,-0.23,1016,-1.8,-0.9,2.6,-0.8,-22.4,0.0,-0.09,779,False,-0.111,903,False,False,False,False,0.72998046875,0.25,609,1.9,0.0,-1.7,,-8.8,0.0,0.03,,False,0.24,617,False,False,False,True,0.9599609375,0.02,827,0.3,0.0,-0.3,,-1.43,0.0,-0.02,,False,0.042,766,False,False,False,True,
043650,국순당,1.1298828125,0.25,665.0,3725.0,,0.83984375,0.29,777,-5.6,-1.4,16.3,-0.0,-6.17,0.0,0.98,292,False,-0.633,1404,False,False,False,False,1.1904296875,-0.06,905,-8.0,-1.2,18.7,,-15.15,0.0,0.93,194,False,-0.969,1373,False,False,False,False,0.89013671875,0.24,616,-5.1,-0.5,8.1,,9.56,0.0,0.82,178,False,-0.566,1479,False,False,False,False,1.1298828125,0.0,908,-0.2,-0.0,0.2,,5.52,0.0,0.02,558,False,-0.018,1123,False,False,False,False,
043710,코스리거글로벌,0.280029296875,1.52,544.0,3145.0,,0.27001953125,0.01,978,-0.7,-0.1,0.8,,299.11,-80.0,-1.17,,False,0.019,1057,True,True,False,False,0.4599609375,-0.18,989,-0.9,-1.1,2.1,,247.51,-80.0,-1.91,858,False,-0.022,828,True,True,False,False,0.27001953125,0.01,883,0.0,0.0,-0.1,,-20.38,0.0,-0.01,,False,0.013,897,False,False,False,True,0.320068359375,-0.04,1301,0.0,0.0,-0.1,,-9.1,0.0,-0.05,,False,0.012,916,False,False,False,True,스파이크
043910,자연과환경,2.900390625,0.43,353.0,3115.0,,5.01953125,-2.12,1646,0.4,0.9,-7.4,0.4,407.33,-90.0,-49.22,,False,0.122,958,True,True,True,True,5.62109375,-2.72,1709,-1.6,0.7,-4.8,0.3,521.76,-90.0,-50.08,,False,-0.338,1060,True,True,True,True,2.109375,0.79,305,2.9,0.0,-4.0,0.0,-0.48,0.0,-0.12,,False,0.851,264,False,False,False,True,2.740234375,0.16,457,0.9,-0.0,-1.3,,0.48,0.0,-0.11,,False,0.271,229,False,False,False,True,
044180,KD,4.8984375,0.39,55.0,205.0,,2.7109375,2.19,311,0.8,0.0,16.1,,-65.49,0.0,-0.88,26,False,2.36,292,False,False,False,False,4.8984375,0.0,771,,,,,0.0,0.0,0.0,,False,,,False,False,False,False,4.91015625,-0.01,1065,,,,,0.0,0.0,-0.01,,False,,,False,False,False,False,4.8984375,0.0,908,,,,,0.0,0.0,0.0,,False,,,False,False,False,False,
044340,위닉스,1.41015625,0.55,903.0,5050.0,,1.7998046875,-0.39,1255,-15.0,0.0,15.1,,1.3,0.0,1.04,349,False,-1.478,1595,False,True,False,False,2.0390625,-0.63,1229,-17.1,0.0,17.4,,-7.17,0.0,1.05,288,False,-1.695,1555,False,True,False,False,1.5,-0.09,1179,-12.5,0.0,12.4,,25.47,0.0,1.05,145,False,-1.13,1630,False,True,False,False,1.5400390625,-0.13,1489,-10.5,0.1,10.2,,62.9,0.0,0.84,46,False,-0.993,1695,False,False,True,False,
044480,빌리언스,0.0,0.6,303.0,911.0,,4.0703125,-4.07,1740,-6.3,0.9,9.9,,220.77,-58.78,-8.8,502,False,-0.314,1268,True,True,True,False,4.62109375,-4.62,1780,-7.0,-0.0,9.8,,104.72,-58.78,-9.83,511,False,-0.636,1228,True,True,False,False,0.0,0.0,913,-1.4,0.0,1.5,,-7.32,0.0,0.39,348,False,-0.345,1362,False,False,False,False,0.0,0.0,908,-0.2,0.0,0.1,,-12.49,0.0,0.05,514,False,-0.047,1247,False,False,False,False,
044490,태웅,4.30078125,0.87,5312.0,26550.0,,3.9296875,0.37,743,117.0,353.4,-468.6,19.7,-5.35,0.0,-1.28,,False,1.716,394,False,True,True,True,4.828125,-0.53,1176,4.4,-205.1,245.4,-41.0,-48.04,0.0,-1.16,140,False,0.629,466,False,True,False,False,5.44140625,-1.14,1673,-66.6,38.4,28.3,-2.9,-36.56,0.0,-0.39,323,False,-0.736,1546,False,False,True,False,4.390625,-0.09,1427,-17.5,4.5,13.2,-0.3,1.34,0.0,0.21,238,False,-0.302,1560,False,False,True,False,
044780,에이치케이,4.28125,0.37,234.0,1266.0,,3.009765625,1.27,462,2.7,-4.9,7.8,-0.2,-3.51,0.0,0.41,264,False,0.793,635,False,False,False,False,5.46875,-1.19,1446,-2.2,-0.0,-4.3,0.0,-23.27,0.0,0.01,,False,-0.851,1320,False,False,False,True,4.58984375,-0.31,1386,-0.5,0.0,0.3,,-2.09,0.0,-0.11,509,False,-0.198,1246,False,False,False,False,4.078125,0.2,382,0.3,0.0,-0.3,,4.11,0.0,0.08,,False,0.123,496,False,False,False,True,스파이크
044960,이글벳,1.2197265625,0.72,385.0,3045.0,,0.3701171875,0.85,575,-2.9,3.1,-0.5,1.7,-26.09,0.0,1.21,,False,-0.404,1315,False,True,True,True,1.5498046875,-0.33,1088,-5.4,2.5,2.8,1.5,-23.11,0.0,0.57,702,False,-0.919,1349,False,False,True,False,0.830078125,0.39,513,1.8,-0.1,-1.8,-0.2,-3.64,0.0,-0.13,,False,0.493,444,False,False,False,True,0.91015625,0.31,249,1.2,-0.1,-1.0,,0.0,0.0,0.0,,False,0.305,188,False,False,False,True,
044990,에이치엔에스하이텍,1.98046875,0.76,839.0,10920.0,,0.2900390625,1.69,380,17.1,-6.2,-0.7,-4.8,-40.65,0.0,-0.24,,False,1.917,358,False,False,False,True,2.849609375,-0.87,1336,-15.2,-3.9,32.0,-1.2,-29.55,0.0,-0.01,222,False,-0.769,1289,False,False,False,False,1.740234375,0.24,616,4.3,-0.1,-4.2,,-23.64,0.0,-0.23,,False,0.474,456,False,False,False,True,1.8603515625,0.12,543,1.4,-0.0,-1.4,,-0.64,0.0,-0.05,,False,0.172,369,False,False,False,True,
045060,오공,3.80078125,0.31,373.0,2200.0,,2.30078125,1.5,410,1.6,0.3,-20.5,0.0,-6.58,0.0,-0.34,,False,0.43,785,False,False,True,True,2.25,1.55,292,2.0,-0.1,-23.0,0.0,-8.52,0.0,-0.39,,False,0.541,492,False,False,False,True,3.240234375,0.56,411,1.2,-2.0,-11.0,-0.4,5.52,0.0,-0.37,,False,0.347,523,False,False,False,True,3.529296875,0.27,292,0.1,-0.2,-0.2,-0.0,0.23,0.0,0.23,,False,0.038,787,False,False,False,True,지속
045100,한양이엔지,18.0,0.8,5390.0,30800.0,,17.046875,0.95,551,141.2,85.2,20.1,8.6,32.76,-2.78,-1.89,459,False,2.285,304,True,True,True,False,15.9609375,2.04,233,53.5,128.0,-174.2,65.2,-9.94,0.0,1.22,,False,0.821,410,False,True,True,True,18.9375,-0.94,1644,-37.1,114.0,-71.4,23.1,-6.38,0.0,-0.28,,False,-0.657,1520,False,False,True,True,18.078125,-0.08,1395,-9.0,13.6,-4.5,-2.6,6.76,0.0,0.06,,False,-0.141,1430,False,False,True,True,
045300,성우테크론,3.19921875,0.34,260.0,2465.0,,1.849609375,1.35,449,3.6,-1.3,-4.4,,-20.48,1.93,0.21,,False,1.195,495,True,False,False,True,3.0390625,0.16,641,0.1,-0.2,0.2,,-20.99,0.0,0.08,836,False,0.067,696,False,False,False,False,3.140625,0.06,788,0.5,-0.2,0.1,,-16.3,0.0,-0.14,649,False,0.195,664,False,False,False,False,3.099609375,0.1,592,0.3,-0.0,0.0,,1.44,0.0,-0.04,656,False,0.139,455,False,False,False,False,
045340,토탈소프트,6.3984375,1.51,554.0,6470.0,,7.94921875,-1.55,1576,1.2,21.6,-27.5,0.9,-7.83,0.0,-1.8,,False,0.134,950,False,True,True,True,5.96875,0.43,536,4.7,8.4,-16.1,0.6,-15.65,0.0,-0.49,,False,0.764,417,False,False,True,True,6.6015625,-0.2,1303,-1.1,-0.2,0.2,-0.0,-11.97,0.0,-0.08,598,False,-0.182,1231,False,False,False,False,6.328125,0.07,665,0.5,-0.0,-0.8,,-1.82,0.0,-0.01,,False,0.085,612,False,False,False,True,
045390,대아티아이,5.48046875,1.17,1801.0,2555.0,,5.578125,-0.1,1119,6.4,1.7,-18.4,-0.6,-39.6,0.0,-0.3,,False,0.246,873,False,False,True,True,6.671875,-1.19,1446,-56.9,0.1,44.7,-0.6,-45.52,0.0,0.59,353,False,-1.806,1583,False,False,True,False,5.5390625,-0.06,1142,1.3,-0.8,1.2,-0.3,-23.73,0.0,-0.07,645,False,0.12,750,False,False,False,False,5.26171875,0.22,348,2.2,0.0,-2.5,,0.59,0.0,0.1,,False,0.118,512,False,False,False,True,
045510,정원엔시스,1.0498046875,0.53,245.0,761.0,,0.60009765625,0.45,709,-0.8,-0.1,0.1,-0.1,-15.82,0.0,-0.05,,False,0.383,805,False,False,False,False,0.97998046875,0.07,683,-1.0,-0.0,-0.4,-0.0,-24.05,0.0,0.09,,False,-0.097,888,False,False,False,True,1.4599609375,-0.41,1449,-0.7,0.0,0.8,,-8.75,0.0,-0.2,406,False,-0.251,1297,False,False,False,False,1.0400390625,0.01,867,0.0,-0.0,-0.0,,5.11,0.0,-0.02,,False,0.017,889,False,False,False,False,
045520,크린앤사이언스,3.939453125,1.05,188.0,2895.0,,2.830078125,1.11,507,1.7,-1.8,-2.4,,-11.2,0.0,-0.08,,False,1.165,503,False,False,False,True,2.939453125,1.0,383,0.4,-0.0,-2.8,,-13.06,0.0,0.46,,False,0.502,506,False,False,False,True,3.26953125,0.67,356,-0.1,-0.0,-1.9,,-10.09,0.0,0.57,,False,0.241,615,False,False,False,True,3.990234375,-0.05,1326,-0.1,0.0,-0.1,,2.84,0.0,0.01,,False,-0.049,1255,False,False,False,True,
045660,에이텍,5.828125,0.58,638.0,7730.0,,6.37109375,-0.54,1316,4.5,0.3,-39.3,0.3,-22.0,0.0,-0.83,,False,0.285,852,False,False,True,True,7.46875,-1.64,1556,-15.4,0.1,-19.2,0.1,-25.02,0.0,0.44,,False,-2.067,1622,False,False,True,True,5.9296875,-0.1,1188,-0.3,0.0,-11.1,,-9.8,0.0,-0.05,,False,-0.043,1051,False,False,False,True,5.5703125,0.26,305,1.3,0.0,-1.3,,-0.77,0.0,0.05,,False,0.204,314,False,False,False,True,스파이크
045970,코아시아,5.98828125,0.94,767.0,2915.0,,5.671875,0.32,767,33.6,2.9,-31.7,1.2,-46.9,0.0,-0.3,,False,0.767,651,False,False,True,True,7.921875,-1.93,1611,-13.9,3.3,10.5,2.9,-45.72,0.0,0.24,262,False,-2.188,1640,False,False,True,False,7.71875,-1.73,1736,-13.7,0.7,13.2,0.7,-25.92,0.0,0.07,77,False,-1.804,1697,False,False,True,False,6.23828125,-0.25,1628,-1.1,-0.0,1.1,,0.87,0.0,-0.08,302,False,-0.171,1463,False,False,False,False,
046070,코다코,0.1099853515625,11.62,1592.0,10280.0,,0.1099853515625,0.0,987,,,,,0.0,0.0,0.0,,False,,,False,False,False,False,0.1099853515625,0.0,771,,,,,0.0,0.0,0.0,,False,,,False,False,False,False,0.1099853515625,0.0,913,,,,,0.0,0.0,0.0,,False,,,False,False,False,False,0.1099853515625,0.0,908,,,,,0.0,0.0,0.0,,False,,,False,False,False,False,
046120,오르비텍,8.453125,2.01,1552.0,4585.0,,5.76953125,2.68,248,-33.4,30.9,7.4,-3.5,12.93,22.21,-0.82,,False,5.068,108,True,False,True,False,2.439453125,6.01,38,145.3,5.4,-152.4,-4.6,-60.17,2.92,-1.26,,False,7.49,18,True,True,True,True,4.30859375,4.14,30,80.9,-30.7,-49.9,0.9,-38.04,0.0,-0.26,,False,4.428,20,False,False,False,True,6.859375,1.59,14,24.6,-30.8,6.2,,-4.58,0.0,0.12,165,False,1.477,14,False,False,False,False,지속
046210,HLB파나진,0.919921875,0.76,550.0,1207.0,,1.7900390625,-0.87,1424,-7.4,0.2,2.0,0.1,-31.03,0.13,-0.16,659,False,-0.772,1446,False,False,True,False,1.7197265625,-0.8,1307,-5.4,-0.1,4.6,-0.1,-52.85,0.13,-0.08,610,False,-0.775,1291,False,False,False,False,1.76953125,-0.85,1631,-6.0,0.0,4.1,,-18.56,0.0,-0.13,345,False,-0.744,1552,False,False,False,False,1.41015625,-0.49,1720,-4.5,0.0,3.1,,-18.5,0.0,0.01,211,False,-0.53,1639,False,False,False,False,
046310,백금T&A,4.87890625,0.52,392.0,2385.0,,3.08984375,1.79,366,7.5,14.9,-14.0,1.3,-46.04,0.0,0.28,,False,1.408,451,False,False,True,True,4.921875,-0.04,893,-6.4,10.3,0.3,1.3,-24.76,0.0,0.79,,False,-0.929,1352,False,False,True,False,4.83984375,0.04,825,0.8,1.8,-2.6,,8.66,0.0,-0.26,,False,0.245,608,False,False,True,True,4.8203125,0.06,693,0.7,1.5,-2.2,,18.36,0.0,-0.12,,False,0.181,357,False,False,True,True,스파이크
046390,삼화네트웍스,0.469970703125,0.52,335.0,1941.0,,2.51953125,-2.05,1636,-7.9,27.3,-19.5,-0.0,71.77,-60.0,-3.45,,False,-0.976,1503,True,True,True,True,1.9296875,-1.46,1514,-5.4,12.7,-7.3,-0.2,89.55,-60.0,-2.96,,False,-0.57,1191,True,True,True,True,0.990234375,-0.52,1508,-2.9,11.9,-8.8,,30.09,0.0,0.1,,False,-0.648,1517,False,False,True,True,0.43994140625,0.03,799,0.1,2.5,-2.5,,3.08,0.0,-0.0,,False,0.032,810,False,False,True,True,
046440,KG파이낸셜,4.69140625,0.41,1532.0,4030.0,,4.640625,0.05,929,7.8,9.3,-20.7,0.2,-11.04,0.0,-0.39,,False,0.352,819,False,False,True,True,4.75,-0.06,905,-6.8,-3.1,8.2,0.0,-26.33,0.0,0.3,644,False,-0.431,1122,False,False,False,False,4.5703125,0.12,726,0.4,-1.0,-1.1,-0.2,-5.18,0.0,0.05,,False,0.026,879,False,False,False,True,4.62890625,0.06,693,2.4,0.3,-2.9,,1.9,0.0,-0.1,,False,0.162,389,False,False,True,True,스파이크
046890,서울반도체,13.921875,0.83,5300.0,9090.0,,9.0703125,4.85,111,373.8,-123.9,-205.5,1.3,51.75,0.0,-1.15,,False,6.013,69,False,True,False,True,7.2890625,6.63,28,497.2,-170.9,-281.7,12.6,-15.36,0.0,-0.56,,False,7.18,20,False,False,False,True,11.2265625,2.7,54,119.9,9.4,-128.6,-0.1,-30.45,0.0,0.76,,False,1.951,93,False,False,True,True,13.6484375,0.27,292,12.5,-0.7,-11.7,0.1,-4.21,0.0,0.06,,False,0.211,301,False,False,False,True,지속
046940,우원개발,6.26171875,0.36,564.0,3120.0,,6.890625,-0.63,1348,-19.3,1.6,17.3,0.3,-4.44,0.0,0.14,484,False,-0.785,1451,False,False,True,False,9.3671875,-3.11,1738,-36.3,1.4,34.5,0.3,-39.06,0.0,0.04,134,False,-3.168,1703,False,False,True,False,7.48828125,-1.23,1686,-18.2,-3.0,21.6,-0.6,-8.5,0.0,0.3,59,False,-1.538,1675,False,False,False,False,4.9296875,1.33,19,2.9,0.3,-3.4,0.3,-11.74,0.0,0.77,,False,0.537,79,False,False,True,True,
046970,우리로,3.380859375,4.92,1946.0,4440.0,,4.859375,-1.48,1562,-149.3,2.9,174.0,-2.3,228.89,0.0,-1.28,506,False,-0.772,1446,False,True,True,False,1.669921875,1.71,275,-19.0,3.6,14.1,-1.4,-68.73,0.0,0.03,,False,1.221,329,False,False,True,False,3.0703125,0.31,563,-13.8,4.7,10.9,0.4,-34.71,0.0,-0.4,,False,0.66,345,False,False,True,False,3.5,-0.12,1475,-7.6,1.4,6.2,,-0.56,0.0,0.17,251,False,-0.292,1556,False,False,True,False,
047080,한빛소프트,3.98046875,1.51,261.0,1051.0,,2.4296875,1.55,399,2.4,-0.3,-2.1,0.3,-12.34,0.0,-0.07,,False,1.621,405,False,False,False,True,3.890625,0.09,669,-4.2,0.2,6.1,0.3,-22.66,0.0,0.51,446,False,-0.511,1169,False,False,True,False,3.55078125,0.43,491,1.3,-0.2,-1.0,-0.2,-22.09,0.0,-0.17,,False,0.619,367,False,False,False,True,3.849609375,0.13,520,0.2,-0.0,-0.2,,3.04,0.0,0.06,,False,0.069,667,False,False,False,True,
047310,파워로직스,5.9609375,0.55,1091.0,2980.0,,2.869140625,3.09,212,90.9,-2.5,-86.1,-0.3,-43.77,0.0,-1.16,,False,4.211,146,False,True,False,True,5.5703125,0.39,553,8.4,-1.9,-3.8,-0.3,-46.88,0.0,0.17,871,False,0.247,598,False,False,False,True,6.62109375,-0.66,1567,-9.1,0.1,10.1,,-25.5,0.0,0.03,213,False,-0.691,1533,False,False,True,False,5.83984375,0.12,543,-0.2,0.0,0.2,,-1.0,0.0,0.15,560,False,-0.037,1205,False,False,False,False,
047560,이스트소프트,4.8984375,1.62,917.0,7800.0,,1.3095703125,3.59,174,48.3,2.4,-54.8,9.4,-55.91,0.18,-0.53,,False,4.133,150,False,False,True,True,2.4609375,2.44,193,30.3,-16.9,-16.0,9.5,-48.75,0.14,-0.44,,False,2.863,161,False,False,False,True,3.73046875,1.17,203,9.0,7.6,-17.2,9.5,-15.31,0.0,0.25,,False,0.987,231,False,False,True,True,4.94921875,-0.05,1326,-1.6,3.8,-2.1,3.8,3.17,0.0,0.13,,False,-0.173,1465,False,False,True,True,
047770,코데즈컴바인,1.2802734375,1.53,1073.0,2835.0,,3.189453125,-1.91,1620,-55.6,-0.1,48.9,-0.0,-4.55,0.0,0.94,265,False,-2.892,1704,False,False,False,False,4.30078125,-3.02,1727,-66.9,0.0,60.7,0.0,-42.55,0.0,1.23,100,False,-4.27,1739,False,True,False,False,2.23046875,-0.95,1645,-23.7,-0.0,23.2,,-18.65,0.0,0.68,93,False,-1.624,1682,False,False,False,False,1.0,0.28,275,-6.9,0.0,7.3,,6.58,0.0,0.86,90,False,-0.564,1650,False,False,False,False,
047820,초록뱀미디어,0.0,0.29,794.0,3245.0,,0.0,0.0,987,-17.3,102.1,-83.7,,-32.61,0.0,1.35,,False,-1.324,1574,False,True,True,True,0.0,0.0,771,-13.4,102.1,-87.9,,-30.44,0.0,1.02,,False,-0.996,1378,False,True,True,True,0.0,0.0,913,0.4,-0.2,-0.2,,-20.27,0.0,-0.06,,False,0.058,830,False,False,False,True,0.0,0.0,908,0.0,-0.1,0.0,,-0.46,0.0,-0.01,680,False,0.006,950,False,False,False,False,스파이크
047920,HLB제약,0.0,2.46,3073.0,9370.0,,0.89990234375,-0.9,1432,-40.5,-3.8,50.8,0.0,-46.4,0.0,-0.36,434,False,-0.577,1388,False,False,False,False,0.07000732421875,-0.07,915,-14.8,-2.3,25.5,,-49.38,0.0,0.14,551,False,-0.246,995,False,False,False,False,0.0,0.0,913,-18.3,0.2,27.1,,-22.18,0.0,0.33,195,False,-0.373,1382,False,False,True,False,0.0,0.0,908,-18.1,0.0,28.5,,-23.45,0.0,0.38,51,False,-0.384,1598,False,False,False,False,
048410,현대바이오,7.05078125,5.65,6292.0,6520.0,,5.53125,1.52,405,-39.1,154.0,-71.1,-22.2,22.33,0.48,-0.45,,False,2.021,337,False,False,True,True,5.08984375,1.96,244,218.5,-119.4,-34.6,-11.0,-52.75,0.0,-0.37,,False,2.31,195,False,False,False,True,6.4296875,0.62,374,92.5,46.1,-131.3,-8.2,-31.87,0.0,-0.64,,False,1.277,179,False,False,True,True,7.12109375,-0.07,1370,18.0,2.9,-20.7,0.2,-4.4,0.0,-0.36,,False,0.293,205,False,False,True,True,지속
048430,유라테크,1.8896484375,0.43,659.0,5720.0,,2.119140625,-0.23,1185,-4.0,-1.0,3.7,0.0,-30.92,0.0,-0.01,678,False,-0.226,1226,False,False,False,False,1.48046875,0.41,544,1.2,-0.0,-3.4,,-32.39,0.0,0.16,,False,0.264,592,False,False,False,True,1.5595703125,0.33,552,1.0,-0.0,-1.9,,-8.63,0.0,0.16,,False,0.172,698,False,False,False,True,1.8701171875,0.02,827,0.2,0.0,-0.2,,1.06,0.0,-0.01,,False,0.028,830,False,False,False,True,지속
048470,대동스틸,2.66015625,0.34,250.0,2590.0,,2.900390625,-0.24,1191,-5.7,-2.8,17.6,0.0,-9.91,-3.5,-0.17,171,False,-0.225,1225,True,False,False,False,3.689453125,-1.03,1394,-7.3,0.0,6.7,0.0,-25.79,0.0,0.26,411,False,-1.349,1475,False,False,False,False,2.880859375,-0.22,1321,-1.0,-0.3,1.1,-0.3,-13.67,0.0,-0.09,443,False,-0.169,1214,False,False,False,False,2.580078125,0.08,642,0.4,-0.0,-0.4,,2.98,0.0,-0.08,,False,0.156,406,False,False,False,True,스파이크
048530,인트론바이오,2.080078125,1.14,775.0,2510.0,,3.349609375,-1.27,1515,-40.1,29.7,42.7,-0.1,-16.61,-9.54,0.44,389,False,-1.917,1651,True,False,True,False,2.330078125,-0.25,1032,-6.1,-0.2,-0.2,,-33.69,-2.28,0.02,,False,-0.332,1053,True,False,False,True,1.7001953125,0.38,520,4.5,-0.2,-6.8,,-7.04,0.0,-0.24,,False,0.602,376,False,False,False,True,2.05078125,0.03,799,1.0,0.0,-1.1,,7.73,0.0,-0.11,,False,0.138,459,False,False,False,True,
048550,SM C&C,3.630859375,1.9,1552.0,1605.0,,2.7890625,0.84,577,13.1,11.1,-31.9,-0.0,25.69,0.0,-0.47,,False,1.174,500,False,False,True,True,2.94921875,0.68,453,7.7,10.9,-26.5,-0.0,34.53,0.0,-0.17,,False,0.699,441,False,False,True,True,3.369140625,0.26,598,4.1,10.2,-19.3,-0.0,33.64,0.0,0.01,,False,0.259,596,False,False,True,True,4.05859375,-0.43,1705,-0.2,-0.4,0.8,,-0.06,0.0,-0.41,477,False,-0.014,1104,False,False,False,False,
048770,TPC로보틱스,6.80859375,1.21,440.0,2800.0,,1.259765625,5.55,84,19.8,-0.5,-23.5,-0.6,-19.66,0.0,0.36,,False,5.11,105,False,False,False,True,3.830078125,2.98,158,12.9,-8.8,-5.2,-9.1,-16.67,0.0,-0.13,,False,3.089,141,False,False,False,True,4.98046875,1.83,101,8.3,-1.5,-6.2,-1.8,-36.29,0.0,0.17,,False,1.636,120,False,False,False,True,6.421875,0.39,176,0.5,-0.1,-0.3,-0.1,-0.71,0.0,0.29,,False,0.116,517,False,False,False,True,
048830,엔피케이,36.78125,0.43,200.0,1068.0,,36.3125,0.47,702,-0.1,0.9,-1.0,-0.1,13.74,0.0,0.17,,False,0.044,1014,False,False,True,True,37.5625,-0.78,1299,-2.1,1.0,0.5,,-8.48,0.0,0.06,760,False,-1.133,1422,False,False,True,False,37.0625,-0.28,1373,-0.7,1.0,-1.1,,25.65,0.0,-0.01,,False,-0.425,1416,False,False,True,True,36.65625,0.12,543,0.1,1.0,-1.2,,13.98,0.0,0.09,,False,0.032,810,False,False,True,True,
048870,시너지이노베이션,13.65625,0.69,1468.0,1666.0,,13.1015625,0.55,682,19.2,0.2,-19.5,-0.4,-27.09,0.0,-0.76,,False,1.247,481,False,False,True,True,13.453125,0.2,629,7.8,0.5,-9.0,-0.4,-20.48,0.0,-0.49,,False,0.657,454,False,False,True,True,12.671875,0.98,242,16.9,0.4,-17.7,,-10.29,0.0,-0.19,,False,1.148,200,False,False,True,True,13.3125,0.34,224,7.2,1.0,-8.2,,-0.06,0.0,-0.16,,False,0.499,89,False,False,True,True,
048910,대원미디어,3.109375,0.56,590.0,4690.0,,2.69921875,0.41,724,3.2,-13.1,8.5,0.6,-38.69,0.0,-0.23,478,False,0.448,777,False,False,False,False,3.080078125,0.03,721,-4.6,-5.1,8.6,0.0,-39.87,0.0,0.04,553,False,-0.187,949,False,False,False,False,2.509765625,0.6,386,2.8,-2.1,-0.6,,-8.93,0.0,0.16,,False,0.455,466,False,False,False,True,3.060546875,0.05,725,0.3,0.0,-0.2,,-0.95,0.0,0.01,,False,0.049,741,False,False,False,True,
049070,인탑스,6.1484375,0.41,2858.0,17360.0,,4.640625,1.51,408,46.0,89.9,-141.9,-2.0,-17.73,-4.28,-0.28,,False,1.534,419,True,False,True,True,6.890625,-0.74,1277,-30.8,106.3,-77.7,-2.6,-3.45,-4.28,-0.02,,False,-0.974,1375,True,False,True,True,6.76953125,-0.62,1550,-22.9,117.1,-93.1,-0.3,-16.14,-4.28,-0.09,,False,-0.782,1566,True,False,True,True,6.05078125,0.1,592,-0.5,26.0,-25.0,,2.42,0.0,0.13,,False,-0.023,1158,False,False,True,True,
049080,기가레인,0.0,2.32,958.0,11290.0,,1.83984375,-1.84,1610,-38.1,-134.5,214.3,-136.9,1952.73,-90.0,-48.76,37,False,2.848,255,True,True,False,False,1.58984375,-1.59,1543,-35.0,-135.5,173.0,-136.9,464.5,-90.0,-44.84,23,False,2.867,160,True,True,False,False,5.3203125,-5.32,1810,-32.0,1.5,28.9,0.1,1036.96,-90.0,-49.48,375,False,-0.381,1389,True,True,True,False,3.7109375,-3.71,1813,-29.9,1.1,27.5,,145.7,0.0,0.22,2,True,-4.045,1736,False,False,True,False,
049120,파인디앤씨,0.0,0.4,208.0,1959.0,,0.52978515625,-0.53,1311,-2.6,1.0,1.7,-0.0,191.52,-80.0,-1.01,,False,-0.167,1183,True,True,True,False,0.39990234375,-0.4,1115,-0.3,0.1,0.2,-0.0,188.09,-80.0,-2.14,,False,0.025,751,True,True,True,False,0.0,0.0,913,0.1,1.3,-1.4,-0.0,-35.13,0.0,-0.21,,False,0.21,647,False,False,True,True,0.0,0.0,908,0.4,0.6,-1.0,,1.29,0.0,-0.2,,False,0.202,319,False,False,True,True,
049180,셀루메드,1.6796875,6.59,840.0,1009.0,,1.599609375,0.08,905,-9.5,0.1,59.4,,-31.92,51.44,0.25,80,False,0.484,760,True,False,True,False,1.7998046875,-0.12,943,,,,,0.0,0.03,-0.12,,False,,,False,False,False,False,1.669921875,0.01,883,,,,,0.0,0.0,0.01,,False,,,False,False,False,False,1.6796875,0.0,908,,,,,0.0,0.0,0.0,,False,,,False,False,False,False,
049430,코메론,23.328125,0.68,1723.0,19040.0,,23.140625,0.19,833,-2.8,154.4,-164.5,4.9,41.04,0.0,0.08,,False,0.137,947,False,False,True,True,23.421875,-0.09,929,-2.8,111.1,-112.2,-0.1,-10.61,0.0,0.01,,False,-0.1,890,False,False,True,True,24.015625,-0.69,1576,-11.1,49.2,-37.5,-0.1,-1.6,0.0,-0.04,,False,-0.643,1514,False,False,True,True,23.46875,-0.14,1499,-2.3,8.4,-6.1,-0.0,-2.41,0.0,-0.01,,False,-0.133,1422,False,False,True,True,
049470,비트플래닛,14.703125,0.57,351.0,1492.0,,46.40625,-31.7,1790,7.3,-3.6,-9.2,0.0,53.18,-80.0,-225.66,,False,1.476,430,True,True,False,True,48.34375,-33.64,1804,-8.8,-0.6,4.1,-0.1,106.08,-80.0,-226.02,847,False,-0.413,1111,True,True,False,False,14.859375,-0.16,1247,-0.3,-0.1,-0.4,-0.1,-13.15,0.0,-0.3,,False,-0.082,1120,False,False,False,True,14.6484375,0.05,725,0.2,-0.1,-0.2,-0.1,13.89,0.0,-0.04,,False,0.065,682,False,False,False,True,
049480,오픈베이스,3.880859375,0.58,570.0,1815.0,,4.30859375,-0.43,1276,-4.5,1.9,3.9,1.2,-22.27,0.0,0.13,599,False,-0.508,1353,False,False,True,False,5.1484375,-1.27,1470,-6.8,1.5,8.5,1.0,-42.11,0.0,-0.29,410,False,-1.067,1400,False,False,True,False,7.7109375,-3.83,1801,-21.2,0.1,20.5,,-15.38,0.0,-0.66,23,False,-3.258,1740,False,False,True,False,5.30859375,-1.43,1795,-1.2,-0.0,1.0,,-15.58,0.0,-1.34,421,False,-0.113,1390,False,True,False,False,
049520,유아이엘,5.6796875,0.57,1133.0,3675.0,,4.76171875,0.92,558,16.5,14.5,-31.3,-0.5,9.54,-4.36,-0.57,,False,1.196,494,True,False,True,True,6.0,-0.32,1079,-3.0,-2.0,1.3,-0.0,-14.24,-4.36,-0.31,804,False,-0.287,1022,True,False,False,False,6.30078125,-0.62,1550,-3.0,-0.0,0.7,,-2.13,0.0,-0.36,579,False,-0.261,1300,False,False,False,False,5.76171875,-0.08,1395,1.4,-0.0,-1.5,,4.7,0.0,-0.21,,False,0.123,496,False,False,False,True,
049550,잉크테크,0.83984375,0.75,588.0,3000.0,,0.580078125,0.26,798,2.1,-1.3,-0.6,,1.01,0.0,-0.06,,False,0.322,830,False,False,False,True,0.77978515625,0.06,692,-0.2,-0.0,-0.3,,-12.66,0.0,0.08,,False,-0.032,833,False,False,False,True,0.7900390625,0.05,805,0.1,-0.0,-0.1,,-3.23,0.0,0.04,,False,0.01,905,False,False,False,True,0.85009765625,-0.01,1155,-0.1,0.0,0.1,,-2.12,0.0,0.01,607,False,-0.018,1123,False,False,False,False,스파이크
049630,재영솔루텍,0.0,1.36,1389.0,5940.0,,4.94140625,-4.94,1758,-238.3,-0.7,240.4,2.4,10.61,-80.0,-25.51,,False,0.042,1017,True,True,False,False,6.640625,-6.64,1797,-32.6,-6.9,45.4,-1.3,102.73,-80.0,-34.86,,False,0.345,564,True,True,False,False,0.0,0.0,913,51.7,-0.3,-51.0,-0.3,-35.71,0.0,-3.1,,False,3.125,43,False,True,False,True,0.0,0.0,908,7.4,-0.0,-7.5,,-4.04,0.0,-0.49,,False,0.477,94,False,False,False,True,
049720,고려신용정보,3.26953125,2.21,1396.0,9760.0,,4.609375,-1.34,1529,-16.8,-3.1,14.2,-0.3,-2.4,0.0,-0.11,426,False,-1.271,1562,False,False,False,False,5.1015625,-1.83,1597,-34.9,-4.6,36.0,-0.6,-5.24,0.0,0.6,181,False,-2.456,1670,False,False,False,False,3.0703125,0.2,653,-0.9,-0.6,0.5,-0.2,-1.71,0.0,0.25,612,False,-0.058,1082,False,False,False,False,3.109375,0.16,457,2.1,-0.0,-2.2,,3.83,0.0,0.01,,False,0.154,415,False,False,False,True,스파이크
049830,승일,0.77978515625,0.25,394.0,6430.0,,0.81982421875,-0.04,1088,-0.2,-0.1,0.7,,-18.5,0.0,-0.01,668,False,-0.036,1104,False,False,False,False,0.759765625,0.02,733,0.2,0.0,0.3,,-13.69,0.0,-0.02,844,False,0.046,716,False,False,False,False,0.77001953125,0.01,883,0.0,0.0,-0.1,,-5.72,0.0,-0.0,,False,0.01,905,False,False,False,True,0.77978515625,0.0,908,-0.0,0.0,0.0,,0.63,0.0,0.0,696,False,-0.004,1046,False,False,False,False,
049950,미래컴퍼니,2.890625,0.77,874.0,9910.0,,4.37109375,-1.48,1562,-5.2,-5.9,10.2,1.2,-36.31,0.0,-0.7,411,False,-0.836,1466,False,False,False,False,4.0390625,-1.15,1435,-12.5,1.1,11.9,-0.4,-33.8,0.0,-0.2,473,False,-0.972,1374,False,False,True,False,2.6796875,0.21,643,1.8,0.0,-2.1,-0.0,-15.15,0.0,0.0,,False,0.207,652,False,False,False,True,2.48046875,0.41,166,2.9,-0.0,-2.8,-0.0,0.61,0.0,0.1,,False,0.32,168,False,False,False,True,스파이크
049960,쎌바이오텍,4.2109375,0.8,1448.0,15400.0,,3.80078125,0.41,724,3.7,-2.3,-0.5,-2.1,17.2,0.0,0.13,,False,0.285,852,False,False,False,True,4.26171875,-0.05,899,-5.0,0.2,4.3,-0.1,-6.95,0.0,0.31,718,False,-0.352,1068,False,False,True,False,4.390625,-0.18,1286,-3.1,0.6,2.6,0.3,-4.94,0.0,0.04,462,False,-0.216,1270,False,False,True,False,4.12890625,0.08,642,0.1,-0.1,0.1,-0.0,3.7,0.0,0.07,670,False,0.008,939,False,False,False,False,
050090,비케이홀딩스,1.2197265625,0.67,89.0,379.0,,2.900390625,-1.68,1596,-1.9,-0.0,0.5,,-59.03,18.95,-0.08,615,False,-1.296,1568,True,False,False,False,2.4609375,-1.24,1462,-1.1,0.0,0.2,,-53.44,18.95,-0.05,726,False,-0.997,1379,True,False,False,False,2.2109375,-0.99,1651,-0.7,0.0,-0.2,,-34.77,18.95,-0.06,585,False,-0.739,1548,True,False,False,True,1.48046875,-0.26,1638,-0.2,,0.2,,1.88,0.0,-0.06,267,False,-0.202,1503,False,False,False,False,
050110,캠시스,1.4599609375,0.33,311.0,1064.0,,3.900390625,-2.44,1674,-14.3,-44.0,56.7,-27.2,167.34,-60.41,-1.58,95,False,-2.955,1710,True,True,False,False,1.2099609375,0.25,604,1.5,-42.1,40.9,-27.2,-58.84,97.94,2.0,3,True,-2.233,1645,True,True,False,False,5.4296875,-3.97,1802,-12.6,-4.3,17.0,-4.0,-11.33,0.0,-0.2,7,True,-3.784,1746,False,False,False,False,4.26953125,-2.81,1811,-10.9,-0.1,11.2,,26.07,0.0,0.37,4,True,-3.183,1733,False,False,False,False,
050120,ES큐브,2.630859375,0.43,397.0,2925.0,,3.310546875,-0.68,1364,-2.4,16.8,-20.7,,2.09,0.0,-0.11,,False,-0.576,1387,False,False,True,True,2.66015625,-0.03,880,-0.6,12.9,-12.7,,-8.31,0.0,0.05,,False,-0.093,883,False,False,True,True,2.560546875,0.07,777,0.1,-0.0,-0.1,,-8.45,0.0,0.03,,False,0.028,872,False,False,False,True,2.619140625,0.01,867,0.1,,-0.1,,3.17,0.0,-0.01,,False,0.019,875,False,False,False,True,
050760,에스폴리텍,3.66015625,0.31,185.0,1132.0,,1.75,1.91,347,0.3,-0.8,-0.1,-0.1,-14.89,0.0,1.19,,False,0.73,661,False,True,False,True,2.240234375,1.42,307,1.4,-0.7,-0.9,-0.0,-18.68,0.0,0.41,,False,0.994,379,False,False,False,True,1.98046875,1.68,120,0.6,0.2,-1.0,-0.0,-1.14,0.0,1.1,,False,0.579,390,False,True,True,True,2.279296875,1.38,18,1.7,-0.3,-1.3,,-11.7,0.0,0.54,,False,0.839,35,False,False,False,True,
050860,아세아텍,0.990234375,0.25,387.0,1720.0,,1.2802734375,-0.29,1213,-0.4,-5.1,3.3,,-8.46,0.0,-0.2,490,False,-0.101,1138,False,False,False,False,1.8603515625,-0.87,1336,-3.8,0.0,3.0,,-15.48,0.0,-0.04,573,False,-0.851,1320,False,False,False,False,1.0,-0.01,1065,0.3,-0.0,-0.4,,-7.97,0.0,-0.11,,False,0.094,789,False,False,False,True,0.97021484375,0.02,827,0.1,0.0,-0.1,,-4.81,0.0,-0.0,,False,0.022,861,False,False,False,True,스파이크
050890,쏠리드,18.34375,1.6,5735.0,9440.0,,9.609375,8.73,34,440.2,122.6,-538.7,-13.4,30.21,0.0,-0.57,,False,9.349,23,False,False,True,True,11.71875,6.62,29,727.2,-116.9,-607.3,-24.8,-43.37,0.0,-2.11,,False,8.744,13,False,True,False,True,14.9921875,3.35,40,302.3,9.7,-307.3,-2.4,-26.31,0.0,-1.1,,False,4.504,18,False,True,True,True,18.6875,-0.34,1682,9.2,3.1,-12.2,0.4,-2.78,0.0,-0.51,,False,0.166,380,False,False,True,True,지속
050960,수산아이앤티,1.330078125,0.58,526.0,7790.0,,1.7001953125,-0.37,1244,-2.1,-0.3,2.3,0.1,-15.23,0.0,-0.01,595,False,-0.359,1287,False,False,False,False,2.119140625,-0.79,1303,-3.7,0.1,3.6,0.1,-23.1,0.0,-0.19,614,False,-0.602,1207,False,False,True,False,1.1396484375,0.19,664,1.0,0.1,-1.2,0.1,-3.23,0.0,-0.02,,False,0.2,659,False,False,True,True,1.169921875,0.16,457,0.5,0.0,-0.5,,1.83,0.0,0.06,,False,0.099,567,False,False,False,True,스파이크
051160,지어소프트,16.984375,0.68,1122.0,7250.0,,8.1015625,8.88,31,107.1,-8.1,-97.1,-1.1,-5.6,0.0,-0.23,,False,9.048,25,False,False,False,True,13.8828125,3.1,149,36.9,-3.0,-33.4,-0.4,-7.41,0.0,-0.11,,False,3.207,136,False,False,False,True,15.46875,1.52,139,15.6,-1.4,-14.6,-1.1,-0.82,0.0,0.07,,False,1.424,147,False,False,False,True,16.765625,0.22,348,3.4,0.0,-3.3,0.0,1.83,0.0,-0.1,,False,0.31,179,False,False,False,True,지속
051360,토비스,18.078125,0.86,2400.0,16090.0,,13.5234375,4.55,124,101.0,-60.5,-52.8,66.3,6.49,-5.74,-0.42,,False,3.91,168,True,False,False,True,17.671875,0.41,544,12.7,31.3,-38.4,35.2,0.06,0.0,0.02,,False,0.373,550,False,False,True,True,18.6875,-0.61,1548,-11.8,5.2,6.9,6.4,-6.18,0.0,-0.09,408,False,-0.506,1450,False,False,True,False,18.078125,0.0,908,,,,,0.0,0.0,0.0,,False,,,False,False,False,False,
051370,인터플렉스,8.1328125,0.5,1563.0,6700.0,,7.578125,0.55,682,44.7,-12.4,-39.5,1.2,-36.91,0.0,0.08,,False,0.486,756,False,False,False,True,9.1171875,-0.98,1375,-16.7,-37.3,56.0,-0.6,-48.58,0.0,0.73,153,False,-1.708,1562,False,False,False,False,10.0234375,-1.89,1748,-32.3,-0.1,32.2,-0.2,-30.35,0.0,0.04,70,False,-1.931,1703,False,False,False,False,8.7578125,-0.62,1743,-9.8,-0.0,9.8,,1.98,0.0,-0.01,84,False,-0.615,1660,False,False,False,False,
051380,피씨디렉트,2.01953125,0.61,258.0,1681.0,,2.80078125,-0.78,1398,1.0,0.0,-9.3,,-16.78,0.0,-0.4,,False,-0.319,1271,False,False,False,True,4.37890625,-2.36,1668,-4.8,0.0,-4.5,,-26.59,0.0,-0.35,,False,-2.061,1620,False,False,False,True,3.7109375,-1.69,1730,-4.1,-0.1,-5.6,,0.3,0.0,-0.1,,False,-1.632,1683,False,False,False,True,2.220703125,-0.2,1575,-0.2,0.0,-1.1,,-1.12,0.0,-0.14,,False,-0.06,1281,False,False,False,True,
051390,YW,2.259765625,0.36,434.0,3825.0,,0.3798828125,1.88,354,5.7,11.4,-13.5,11.9,0.0,0.0,0.77,,False,1.148,510,False,False,True,True,0.509765625,1.75,266,4.8,8.1,-9.4,8.1,-12.47,0.0,0.8,,False,0.953,386,False,False,True,True,1.4404296875,0.82,292,0.5,3.9,-1.1,3.9,-15.66,0.0,0.71,,False,0.108,766,False,False,True,True,2.26953125,-0.01,1155,-0.1,0.0,0.1,,3.38,0.0,0.01,608,False,-0.018,1123,False,False,False,False,지속
051490,나라엠앤디,2.26953125,0.34,383.0,2700.0,,3.08984375,-0.82,1410,-2.8,-1.2,3.6,,-33.25,0.0,-0.44,528,False,-0.511,1356,False,False,False,False,2.869140625,-0.6,1210,-2.0,-0.5,2.1,,-26.43,0.0,-0.34,686,False,-0.393,1097,False,False,False,False,2.58984375,-0.32,1393,-0.2,-0.0,-0.2,,-7.38,0.0,-0.37,,False,-0.038,1041,False,False,False,True,2.41015625,-0.14,1499,0.6,-0.0,-0.6,,2.47,0.0,-0.31,,False,0.162,389,False,False,False,True,스파이크
051500,CJ프레시웨이,18.09375,0.59,2695.0,22700.0,,13.671875,4.42,130,122.4,4.9,-107.1,-43.0,-4.82,0.0,0.25,,False,4.181,148,False,False,True,True,16.03125,2.06,232,56.1,-97.1,48.2,-44.9,-22.39,0.0,0.04,335,False,2.026,229,False,False,False,False,17.484375,0.61,381,13.3,-14.6,3.3,-14.2,-6.58,0.0,0.11,502,False,0.499,441,False,False,False,False,17.96875,0.12,543,3.0,-2.5,-0.4,-3.1,2.02,0.0,0.01,,False,0.113,524,False,False,False,True,지속
051780,큐로홀딩스,0.0,0.78,180.0,2840.0,,1.919921875,-1.92,1622,-2.5,0.1,24.9,,155.86,-75.45,-9.09,255,False,0.189,917,True,True,True,False,2.109375,-2.11,1644,-2.8,0.1,25.6,,290.65,-75.45,-8.73,172,False,-0.165,939,True,True,True,False,0.759765625,-0.76,1601,-2.7,-0.0,3.7,,-9.7,0.0,0.52,79,False,-1.286,1647,False,False,False,False,0.0,0.0,908,-0.2,-0.0,0.2,,-7.79,0.0,0.08,426,False,-0.085,1338,False,False,False,False,
051980,중앙첨단소재,3.830078125,1.14,1189.0,1070.0,,1.599609375,2.23,304,1.3,-0.4,73.5,-0.2,-52.44,0.0,0.35,275,False,1.649,403,False,False,False,False,2.2109375,1.62,282,14.3,-0.2,-13.9,-0.1,-33.79,0.0,-0.31,,False,1.925,242,False,False,False,True,2.119140625,1.71,113,18.7,-0.0,-19.1,,-22.41,0.0,-0.04,,False,1.724,108,False,False,False,True,2.919921875,0.91,46,6.4,0.0,-6.3,,23.7,0.0,0.31,,False,0.607,61,False,False,False,True,지속
052020,에스티큐브,6.48828125,6.9,4983.0,7330.0,,4.0703125,2.42,275,165.7,3.9,-112.6,6.1,-9.06,0.0,-0.49,,False,2.913,248,False,False,True,True,4.55078125,1.94,245,79.6,-8.4,-33.0,-5.9,-56.6,0.0,0.48,,False,1.478,287,False,False,False,True,5.3984375,1.09,217,51.5,0.0,-49.9,-0.6,-34.32,0.0,0.29,,False,0.837,272,False,False,False,True,6.5703125,-0.08,1395,-8.7,-0.0,9.0,,-1.74,0.0,0.07,311,False,-0.158,1452,False,False,False,False,
052220,iMBC,3.609375,0.78,436.0,1894.0,,2.91015625,0.7,621,6.1,-0.0,-6.1,,-41.36,0.0,-0.46,,False,1.147,512,False,False,False,True,4.0703125,-0.46,1141,-5.4,-0.0,5.5,,-40.81,0.0,0.06,631,False,-0.503,1164,False,False,False,False,3.33984375,0.27,589,1.2,0.0,-1.1,,-13.52,0.0,-0.0,,False,0.305,559,False,False,False,True,3.509765625,0.1,592,0.4,-0.0,-0.4,,0.74,0.0,0.01,,False,0.094,585,False,False,False,True,
052260,현대바이오랜드,2.4609375,0.76,1036.0,3455.0,,2.76953125,-0.31,1224,4.1,-0.2,-6.3,,-17.44,0.0,-0.66,,False,0.377,809,False,False,False,True,2.4609375,0.0,771,-3.4,-0.2,0.9,,-19.84,0.0,0.24,876,False,-0.226,977,False,False,False,False,2.099609375,0.36,531,1.5,-0.1,-2.1,,-5.73,0.0,0.2,,False,0.16,706,False,False,False,True,2.349609375,0.11,568,2.0,-0.0,-2.0,,0.0,0.0,-0.08,,False,0.19,335,False,False,False,True,스파이크
052300,오션인더블유,1.490234375,0.09,245.0,1510.0,,1.6201171875,-0.13,1136,-0.5,5.8,-6.0,-0.7,-32.44,-3.68,0.01,,False,-0.357,1286,True,False,True,True,1.990234375,-0.5,1166,-2.4,3.8,-2.0,,-13.27,0.0,0.2,,False,-0.89,1339,False,False,True,True,0.93017578125,0.56,411,0.2,1.9,-2.5,,-2.89,0.0,0.36,,False,0.099,781,False,False,True,True,1.4501953125,0.04,763,0.3,0.5,-0.8,,5.15,0.0,-0.07,,False,0.113,524,False,False,True,True,스파이크
052330,코텍,12.453125,0.44,2195.0,12360.0,,10.9609375,1.49,415,33.5,-4.6,-72.7,0.8,33.05,0.0,-0.2,,False,1.702,396,False,False,False,True,12.1328125,0.32,573,8.6,-2.0,-39.8,1.4,12.06,0.0,0.01,,False,0.318,578,False,False,False,True,12.328125,0.12,726,2.8,-0.4,-16.0,0.2,7.01,0.0,0.02,,False,0.128,744,False,False,False,True,12.359375,0.09,613,2.4,-0.2,-3.9,,7.95,0.0,-0.02,,False,0.112,527,False,False,False,True,
052400,코나아이,3.4296875,2.29,5993.0,41150.0,,3.970703125,-0.54,1316,-21.0,934.9,-982.7,-37.5,-8.56,0.0,-0.15,,False,-0.377,1297,False,False,True,True,4.37109375,-0.94,1360,-108.4,30.7,-17.7,-32.2,-42.12,0.0,0.61,,False,-1.581,1525,False,False,True,True,3.380859375,0.05,805,-1.9,30.8,-80.3,1.9,-13.19,0.0,0.02,,False,0.036,856,False,False,True,True,3.0703125,0.36,206,-4.5,5.9,-9.0,-0.0,1.23,0.0,0.43,,False,-0.074,1312,False,False,True,True,
052420,오성첨단소재,0.0,0.29,883.0,9060.0,,4.01953125,-4.02,1737,-6.9,10.9,-0.6,0.4,530.04,-89.68,-43.67,717,False,0.446,778,True,True,True,True,2.609375,-2.61,1702,-18.4,6.2,14.3,0.4,503.2,-90.0,-23.68,470,False,-0.278,1013,True,True,True,False,0.0,0.0,913,-7.8,13.7,-11.9,0.4,4.62,0.0,0.91,,False,-0.923,1594,False,False,True,True,0.0,0.0,908,-1.3,7.2,-5.6,,6.84,0.0,0.16,,False,-0.16,1456,False,False,True,True,
052460,아이크래프트,1.98046875,0.85,476.0,3260.0,,4.4296875,-2.45,1675,-11.2,-0.2,7.9,0.1,18.76,0.0,-0.13,300,False,-2.539,1694,False,False,False,False,7.0703125,-5.09,1788,-21.9,0.1,21.2,0.1,-19.31,0.0,-0.42,61,False,-4.769,1749,False,False,True,False,3.810546875,-1.83,1746,-6.5,0.1,6.5,0.1,7.06,0.0,-0.3,98,False,-1.493,1669,False,False,True,False,1.900390625,0.08,642,2.0,-0.0,-2.1,,1.88,0.0,-0.37,,False,0.457,102,False,False,False,True,스파이크
052600,한네트,2.869140625,0.89,355.0,3070.0,,3.349609375,-0.48,1293,-5.3,0.3,4.2,0.3,-15.19,0.0,-0.14,694,False,-0.401,1312,False,False,True,False,3.740234375,-0.87,1336,0.4,0.3,-1.6,0.3,-27.68,0.0,-1.35,,False,0.419,535,False,True,True,True,2.380859375,0.49,461,1.5,-0.1,-2.0,-0.1,-3.15,0.0,0.03,,False,0.457,464,False,False,False,True,2.720703125,0.15,475,0.4,0.0,-0.4,,3.19,0.0,0.04,,False,0.106,545,False,False,False,True,지속
052710,아모텍,10.6875,1.62,2481.0,16980.0,,9.1328125,1.55,399,20.8,189.4,-199.8,32.1,64.53,-0.02,-0.73,,False,2.293,303,False,False,True,True,6.7890625,3.9,100,88.3,-175.1,77.9,-9.7,-32.08,-0.02,-1.56,286,False,5.472,42,False,True,False,False,11.25,-0.56,1534,-20.5,-24.5,34.6,-29.2,-44.69,0.0,-1.17,294,False,0.626,364,False,True,False,False,9.8671875,0.82,54,33.5,-31.2,-1.4,-21.4,-2.25,0.0,-0.63,,False,1.458,15,False,False,False,True,지속
052770,아이톡시,3.369140625,1.02,45.0,312.0,,0.7001953125,2.67,250,2.0,-3.5,2.4,-3.5,-70.0,0.0,0.92,453,False,2.724,261,False,False,False,False,3.580078125,-0.21,1010,,,,,0.0,0.0,-0.21,,False,,,False,False,False,False,3.529296875,-0.16,1247,,,,,0.0,0.0,-0.16,,False,,,False,False,False,False,3.369140625,0.0,908,,,,,0.0,0.0,0.0,,False,,,False,False,False,False,
052790,액토즈소프트,52.53125,0.18,461.0,4220.0,,49.5625,2.97,222,5.9,-0.3,-6.9,0.0,-30.25,-3.58,-0.19,,False,1.152,505,True,False,False,True,49.9375,2.59,186,5.4,-0.4,-5.5,,-24.91,-3.58,-0.46,,False,1.037,371,True,False,False,True,52.46875,0.06,788,0.9,-0.3,-0.6,,-3.65,0.0,-0.18,,False,0.224,630,False,False,False,True,52.21875,0.31,249,1.9,-0.0,-1.8,,-3.43,0.0,-0.08,,False,0.395,129,False,False,False,True,지속
052860,아이앤씨,1.150390625,2.0,763.0,4270.0,,3.259765625,-2.11,1645,-18.8,-0.6,15.6,-0.5,65.83,0.02,-0.55,393,False,-1.562,1607,False,False,False,False,3.169921875,-2.02,1628,-25.8,-1.8,22.2,-0.5,-16.11,0.02,0.35,237,False,-2.364,1657,False,False,False,False,1.3603515625,-0.21,1309,-1.6,-0.3,0.7,0.1,-18.67,0.02,-0.06,562,False,-0.165,1209,False,False,False,False,1.1796875,-0.03,1262,-0.1,-0.0,0.2,,7.56,0.02,-0.01,586,False,-0.016,1116,False,False,False,False,
052900,KX하이텍,8.6328125,0.57,914.0,1192.0,,2.58984375,6.04,70,61.3,-87.1,42.2,-36.2,25.74,17.28,0.47,132,False,6.981,49,True,False,False,False,4.05859375,4.57,76,50.0,-64.8,32.6,-36.2,-4.26,10.34,0.51,132,False,5.008,61,True,False,False,False,7.828125,0.8,295,9.3,-28.1,25.7,-16.3,-16.93,4.92,0.53,27,False,0.75,304,True,False,False,False,8.609375,0.02,827,4.7,-4.5,5.2,-4.5,-2.3,4.92,0.03,80,False,0.412,117,True,False,False,False,
053030,바이넥스,7.5390625,1.15,2203.0,6740.0,,4.98046875,2.56,259,104.3,7.7,-111.4,81.4,-52.03,0.0,-1.55,,False,4.136,149,False,True,True,True,3.94921875,3.59,115,126.5,-152.7,27.5,25.8,-42.88,0.0,-1.54,585,False,5.134,54,False,True,False,False,8.2265625,-0.69,1576,12.9,4.5,-15.9,7.2,-16.27,0.0,-1.2,,False,0.537,413,False,True,True,True,8.140625,-0.6,1741,1.2,-0.3,-1.0,-0.0,-2.32,0.0,-0.65,,False,0.044,762,False,False,False,True,지속
053050,지에스이,5.08984375,0.57,552.0,1840.0,,2.650390625,2.44,268,12.4,1.5,-12.7,0.3,-19.83,0.0,-0.32,,False,2.803,258,False,False,True,True,5.37109375,-0.28,1051,-4.2,0.2,3.3,0.3,-31.47,0.0,-0.02,815,False,-0.263,1006,False,False,True,False,4.2890625,0.8,295,2.1,-0.2,-2.4,-0.2,-9.36,0.0,0.36,,False,0.456,465,False,False,False,True,4.94921875,0.14,498,2.8,-0.0,-2.8,,-1.81,0.0,-0.36,,False,0.499,89,False,False,False,True,
053060,세동,8.34375,0.63,255.0,1444.0,,8.25,0.09,897,1.0,-0.6,-9.8,,-2.7,0.0,-1.47,,False,0.738,656,False,True,False,True,9.453125,-1.11,1422,-3.0,-0.5,-7.1,,14.15,0.0,-0.78,,False,-1.138,1424,False,False,False,True,8.6171875,-0.27,1364,-1.1,-0.1,-2.3,,2.63,0.0,0.19,,False,-0.499,1443,False,False,False,True,8.34375,0.0,908,-0.2,-0.0,-0.6,,-6.72,0.0,0.09,,False,-0.081,1329,False,False,False,True,스파이크
053080,케이엔솔,1.0498046875,0.89,1105.0,8500.0,,2.470703125,-1.42,1549,-46.1,-2.4,50.4,-0.9,-29.11,0.0,0.86,241,False,-2.338,1675,False,False,False,False,1.509765625,-0.46,1141,-24.2,-0.2,25.5,-0.2,-37.13,0.0,0.61,428,False,-1.06,1399,False,False,False,False,1.0,0.05,805,-1.6,0.0,1.5,,-27.1,0.0,0.14,542,False,-0.097,1134,False,False,False,False,0.9599609375,0.09,613,-0.9,-0.0,0.9,,-1.05,0.0,0.17,437,False,-0.077,1321,False,False,False,False,
053160,프리엠스,1.099609375,0.69,548.0,9130.0,,3.890625,-2.79,1699,-13.3,0.7,-77.8,0.2,36.27,0.0,-0.47,,False,-2.378,1682,False,False,True,True,3.58984375,-2.49,1687,-11.2,-0.2,-46.9,-0.1,-2.67,0.0,-0.34,,False,-2.132,1629,False,False,False,True,1.23046875,-0.13,1219,-1.5,0.3,-18.9,,-1.19,0.0,0.14,,False,-0.288,1319,False,False,True,True,1.1396484375,-0.04,1301,-0.3,0.0,-5.1,,1.22,0.0,0.01,,False,-0.054,1268,False,False,False,True,
053260,금강철강,0.68017578125,0.57,861.0,4600.0,,0.580078125,0.1,889,-7.6,22.8,-20.2,23.4,17.8,0.0,0.34,,False,-0.163,1181,False,False,True,True,0.580078125,0.1,662,-6.0,17.9,-16.4,18.4,-24.47,0.0,0.13,,False,-0.002,809,False,False,True,True,0.1400146484375,0.54,428,4.4,0.0,-10.1,,-13.21,0.0,0.03,,False,0.531,417,False,False,False,True,0.68017578125,0.0,908,-0.1,0.0,-0.8,,0.66,0.0,0.01,,False,-0.009,1082,False,False,False,True,
053270,구영테크,2.080078125,0.33,511.0,1865.0,,0.93017578125,1.15,495,2.2,-1.8,0.2,0.0,-31.18,0.0,0.67,,False,0.463,770,False,False,False,False,2.75,-0.67,1251,-2.0,-0.0,3.9,,-22.77,0.0,-0.34,580,False,-0.336,1058,False,False,False,False,2.19921875,-0.12,1208,-0.9,-0.0,1.0,,-8.13,0.0,0.04,466,False,-0.151,1193,False,False,False,False,1.8798828125,0.2,382,1.5,-0.6,-0.8,,3.1,0.0,-0.09,,False,0.29,211,False,False,False,True,스파이크
053280,예스24,1.0400390625,0.49,845.0,3380.0,,0.81982421875,0.22,818,0.4,-0.3,-26.5,,-4.11,0.0,0.23,,False,0.003,1073,False,False,False,True,1.26953125,-0.23,1016,-6.1,-0.4,-19.1,,-3.98,0.0,0.47,,False,-0.723,1268,False,False,False,True,1.0498046875,-0.01,1065,-0.8,-0.4,-21.1,,9.21,0.0,0.06,,False,-0.097,1134,False,False,False,True,1.0498046875,-0.01,1155,-0.9,0.0,-3.9,,8.16,0.0,0.11,,False,-0.102,1371,False,False,False,True,스파이크
053290,NE능률,2.060546875,0.36,288.0,1741.0,,2.650390625,-0.59,1333,-0.7,0.0,-1.6,,-9.61,0.0,-0.11,,False,-0.489,1346,False,False,False,True,3.83984375,-1.78,1583,-5.2,0.0,2.7,,-26.69,0.0,-0.04,523,False,-1.765,1576,False,False,False,False,2.76953125,-0.71,1589,-2.1,0.0,0.1,,19.99,0.0,0.04,,False,-0.771,1561,False,False,False,False,2.599609375,-0.54,1731,-1.0,-0.0,-0.1,,24.27,0.0,-0.18,,False,-0.356,1587,False,False,False,True,
053300,한국정보인증,2.080078125,0.83,1713.0,4220.0,,2.7109375,-0.63,1348,-26.2,63.3,-39.9,5.6,-28.84,-4.36,0.12,,False,-0.815,1461,True,False,True,True,2.75,-0.67,1251,-20.6,66.2,-45.8,10.2,-38.39,-4.36,-0.04,,False,-0.73,1271,True,False,True,True,1.490234375,0.59,389,12.1,-1.2,-11.1,-0.7,-20.97,0.0,-0.12,,False,0.702,322,False,False,False,True,2.01953125,0.06,693,2.2,-0.0,-2.2,,4.2,0.0,-0.06,,False,0.124,493,False,False,False,True,스파이크
053350,이니텍,1.7900390625,0.55,831.0,3775.0,,3.1796875,-1.39,1541,-13.5,-1.4,32.7,,-14.79,-4.34,-0.25,177,False,-1.276,1564,True,False,False,False,2.8203125,-1.03,1394,-2.4,0.0,4.1,,0.94,0.0,-0.68,602,False,-0.394,1098,False,False,False,False,1.4296875,0.36,531,1.8,0.0,-0.4,,52.83,0.0,0.32,654,False,0.2,659,False,False,False,True,1.3798828125,0.41,166,1.9,0.0,-1.7,,11.69,0.0,0.18,,False,0.233,274,False,False,False,True,스파이크
053450,세코닉스,5.390625,0.37,528.0,3570.0,,4.19921875,1.19,481,-4.1,-0.1,9.8,,-42.23,0.0,1.01,485,False,0.09,980,False,True,False,False,4.0,1.39,310,7.6,-0.0,-0.6,,-33.77,0.0,-0.11,,False,1.471,288,False,False,False,True,3.669921875,1.72,110,8.6,-0.0,-8.6,,-17.17,0.0,0.11,,False,1.584,127,False,False,False,True,5.46875,-0.08,1395,0.1,-0.0,-0.0,,6.09,0.0,-0.09,,False,0.015,903,False,False,False,False,
053580,웹케시,3.240234375,0.7,802.0,6190.0,,3.859375,-0.62,1343,-2.8,4.9,-4.3,-1.2,-35.59,-5.0,-0.65,,False,-0.158,1178,True,False,True,True,4.2109375,-0.97,1370,-13.7,8.2,-0.2,-0.1,-34.84,-5.0,-0.11,,False,-1.022,1388,True,False,True,True,2.580078125,0.66,358,1.0,8.3,-9.2,-0.1,-6.64,0.0,0.55,,False,0.125,747,False,False,True,True,3.25,-0.01,1155,-0.3,2.8,-2.4,-0.1,3.17,0.0,0.03,,False,-0.041,1229,False,False,True,True,
053610,프로텍,6.19921875,1.72,5994.0,66600.0,,4.2890625,1.91,347,88.5,295.4,-384.6,89.6,86.29,-18.18,-0.78,,False,1.408,451,True,False,True,True,4.7890625,1.41,308,41.5,177.6,-221.6,86.4,6.73,-18.18,-0.29,,False,0.509,503,True,False,True,True,5.69140625,0.51,447,47.0,20.3,-65.7,12.5,-23.27,0.0,-0.18,,False,0.686,330,False,False,True,True,6.0703125,0.13,520,4.4,-0.6,-2.8,-3.5,11.93,0.0,0.07,,False,0.063,690,False,False,False,True,지속
053620,태양,1.1904296875,0.27,560.0,6510.0,,0.60009765625,0.59,665,3.5,-1.1,-12.5,,3.33,0.0,-0.04,,False,0.586,714,False,False,False,True,0.64013671875,0.55,500,3.5,-0.6,-9.0,,-9.96,0.0,-0.08,,False,0.584,479,False,False,False,True,1.1396484375,0.05,805,0.5,0.0,-1.6,,-4.12,0.0,-0.04,,False,0.097,783,False,False,False,True,1.099609375,0.09,613,0.5,0.0,-0.6,,-0.15,0.0,-0.0,,False,0.091,595,False,False,False,True,지속
053700,삼보모터스,0.040008544921875,0.22,1069.0,4000.0,,0.0,0.04,938,10.3,-114.9,135.8,-66.5,-50.86,16.78,-1.11,53,False,1.035,551,True,True,False,False,1.1103515625,-1.07,1407,-21.1,-10.8,49.6,,-34.75,5.59,0.11,102,False,-1.189,1442,True,False,False,False,0.0,0.04,825,-2.1,-9.0,19.6,,-11.21,0.33,0.22,81,False,-0.177,1224,False,False,False,False,0.029998779296875,0.01,867,-0.6,-0.6,4.5,,8.11,0.0,0.06,141,False,-0.049,1255,False,False,False,False,
053800,안랩,26.0,1.26,5830.0,52400.0,,26.234375,-0.23,1185,-67.2,143.4,-73.7,0.1,-12.67,0.0,0.77,,False,-0.969,1499,False,False,True,True,25.9375,0.06,692,40.3,-102.6,66.6,-1.3,-24.06,0.0,-0.33,426,False,0.437,529,False,False,False,False,26.546875,-0.55,1532,-42.7,17.5,26.0,-0.4,-10.88,0.0,0.17,329,False,-0.72,1541,False,False,True,False,25.875,0.12,543,4.9,-0.5,-3.6,,-2.24,0.0,0.05,,False,0.074,654,False,False,False,True,
053950,경남제약,0.0,0.22,242.0,1551.0,,3.16015625,-3.16,1716,-12.0,0.0,8.2,,150.16,-80.0,-14.33,,False,-0.318,1270,True,True,False,False,3.240234375,-3.24,1743,-5.1,-2.2,2.2,,101.69,-80.0,-15.76,,False,-0.1,890,True,True,False,False,0.1700439453125,-0.17,1267,-1.3,-0.2,1.2,,-20.99,0.0,-0.13,602,False,-0.132,1173,False,False,False,False,0.0,0.0,908,0.5,-0.0,-0.5,,0.65,0.0,-0.19,,False,0.195,328,False,False,False,True,스파이크
053980,오상자이엘,2.869140625,0.44,476.0,2505.0,,2.2109375,0.66,638,1.3,-0.9,-0.3,0.1,-23.98,0.0,0.37,,False,0.398,792,False,False,False,True,2.900390625,-0.03,880,-1.2,0.1,0.9,0.0,-23.04,0.0,-0.07,,False,-0.004,814,False,False,True,False,2.140625,0.73,329,2.9,0.0,-3.0,,-7.9,0.0,0.12,,False,0.597,380,False,False,False,True,2.720703125,0.15,475,0.6,0.0,-0.5,,-1.18,0.0,0.05,,False,0.118,512,False,False,False,True,
054040,한국컴퓨터,2.470703125,0.4,801.0,4985.0,,1.0,1.47,418,12.4,-0.8,-5.0,-0.4,3.85,0.0,0.03,,False,1.444,443,False,False,False,True,2.69921875,-0.23,1016,-1.1,0.1,6.1,,-10.66,0.0,0.02,490,False,-0.226,977,False,False,True,False,3.0703125,-0.6,1545,-4.4,-0.0,2.3,,-0.5,0.0,-0.01,401,False,-0.579,1485,False,False,False,False,2.48046875,-0.01,1155,-0.1,-0.0,-0.3,,3.0,0.0,0.01,,False,-0.014,1104,False,False,False,True,
054050,NH농우바이오,2.470703125,0.4,1116.0,6960.0,,2.16015625,0.31,772,2.1,-1.8,12.1,-0.3,-12.23,0.0,0.17,457,False,0.138,945,False,False,False,False,3.060546875,-0.59,1208,-9.7,-0.7,11.2,-0.0,-15.12,0.0,0.19,488,False,-0.788,1297,False,False,False,False,2.279296875,0.19,664,-0.6,-0.1,0.9,-0.0,-4.4,0.0,0.24,555,False,-0.047,1059,False,False,False,False,2.4296875,0.04,763,-0.1,-0.3,0.4,,3.42,0.0,0.04,548,False,-0.003,1038,False,False,False,False,스파이크
054090,삼진엘앤디,2.4296875,0.62,234.0,937.0,,1.9501953125,0.48,698,-2.0,5.8,-4.5,0.3,15.39,0.0,-0.59,,False,1.058,539,False,False,True,True,2.8203125,-0.39,1112,-3.6,5.8,-3.1,0.3,-12.59,0.0,0.1,,False,-0.522,1174,False,False,True,True,2.599609375,-0.17,1267,-0.7,5.7,-5.0,0.3,-0.32,0.0,0.11,,False,-0.267,1303,False,False,True,True,2.33984375,0.09,613,0.3,1.0,-1.3,,2.18,0.0,-0.05,,False,0.144,444,False,False,True,True,
054180,메디콕스,0.0,0.27,127.0,2295.0,,0.0,0.0,987,,,,,0.0,0.0,0.0,,False,,,False,False,False,False,0.0,0.0,771,,,,,0.0,0.0,0.0,,False,,,False,False,False,False,0.0,0.0,913,,,,,0.0,0.0,0.0,,False,,,False,False,False,False,0.0,0.0,908,,,,,0.0,0.0,0.0,,False,,,False,False,False,False,
054210,이랜텍,7.171875,0.66,1793.0,7090.0,,6.578125,0.59,665,27.7,19.2,-44.4,2.1,-18.88,0.0,0.19,,False,0.434,784,False,False,True,True,10.0390625,-2.87,1720,-73.6,36.8,33.0,3.3,-33.11,0.0,0.49,274,False,-3.346,1710,False,False,True,False,8.65625,-1.48,1706,-30.5,8.2,21.0,-0.3,-19.98,0.0,0.18,135,False,-1.663,1684,False,False,True,False,7.6015625,-0.43,1705,-8.3,8.0,0.1,-0.5,5.66,0.0,0.04,602,False,-0.466,1621,False,False,True,False,
054220,비츠로시스,4.828125,0.94,189.0,1500.0,,3.859375,0.97,548,-2.1,-1.7,13.3,-0.6,280.71,-79.0,-25.96,466,False,2.389,289,True,True,False,False,6.80078125,-1.97,1620,-5.2,0.1,3.6,,160.42,-79.68,-27.59,,False,-0.28,1014,True,True,True,False,4.859375,-0.03,1107,0.1,0.0,-0.4,,-5.3,0.0,-0.13,,False,0.1,778,False,False,False,True,4.328125,0.5,126,1.2,-0.0,-0.9,,2.11,0.0,-0.16,,False,0.664,49,False,False,False,True,
054300,팬스타엔터프라이즈,0.72021484375,0.63,563.0,973.0,,1.41015625,-0.69,1367,-3.2,-0.1,2.4,,42.46,-50.0,-2.13,,False,-0.038,1106,True,True,False,False,1.7197265625,-1.0,1382,-5.4,-1.6,6.1,,69.51,-50.0,-2.06,681,False,-0.369,1082,True,True,False,False,0.9599609375,-0.24,1342,-0.9,0.0,0.1,,5.08,0.0,-0.19,,False,-0.095,1133,False,False,False,False,0.72021484375,0.0,908,0.4,-0.0,-0.4,,2.42,0.0,-0.07,,False,0.071,662,False,False,False,True,
054410,케이피티유,0.9599609375,0.38,208.0,3625.0,,1.0,-0.04,1088,1.0,-0.1,-0.7,-0.2,-1.76,0.0,-0.58,,False,0.439,779,False,False,False,True,1.650390625,-0.69,1258,-0.7,1.0,-0.2,,-0.28,0.0,-0.39,,False,-0.406,1107,False,False,True,True,1.1201171875,-0.16,1247,-0.2,0.8,-0.4,,23.72,0.0,-0.07,,False,-0.148,1187,False,False,True,True,0.759765625,0.2,382,0.7,0.8,-1.0,,14.17,0.0,-0.13,,False,0.33,162,False,False,True,True,
054450,텔레칩스,2.23046875,1.03,1517.0,10020.0,,0.0,2.23,304,110.4,5.7,-113.1,12.5,-33.82,0.0,-1.27,,False,3.536,199,False,True,True,True,0.97021484375,1.26,332,71.4,3.6,-74.4,4.3,-25.39,0.0,-0.53,,False,1.779,255,False,False,True,True,4.46875,-2.24,1770,-32.6,3.8,26.8,4.2,-24.03,0.0,-0.11,75,False,-2.152,1710,False,False,True,False,2.44921875,-0.22,1597,-4.9,2.1,2.7,2.1,-0.6,0.0,0.12,274,False,-0.341,1582,False,False,True,False,
054540,삼영엠텍,5.87109375,1.02,819.0,6300.0,,3.51953125,2.35,283,20.2,0.5,-25.5,0.3,-60.05,0.0,-1.41,,False,3.723,181,False,True,True,True,4.58984375,1.28,330,-3.1,-0.0,3.4,0.3,-46.11,0.0,-0.49,,False,1.738,258,False,False,False,False,3.48046875,2.39,71,26.3,-0.1,-26.5,,-32.98,0.0,-0.49,,False,2.867,46,False,False,False,True,5.12890625,0.74,62,3.3,0.2,-3.5,,-1.87,0.0,0.34,,False,0.401,125,False,False,True,True,
054620,APS,3.009765625,0.36,773.0,4200.0,,1.849609375,1.16,491,1.5,0.3,45.4,-0.0,13.51,0.0,0.23,280,False,0.92,582,False,False,True,False,0.6298828125,2.38,198,27.2,0.2,-16.2,,-43.01,0.0,-0.17,,False,2.55,178,False,False,True,True,3.0,0.01,883,0.6,-0.5,0.3,,-7.79,0.0,-0.08,595,False,0.081,798,False,False,False,False,2.9296875,0.08,642,0.7,-0.0,-0.7,,-0.94,0.0,-0.0,,False,0.09,596,False,False,False,True,
054670,대한뉴팜,0.0,0.56,795.0,5540.0,,0.0,0.0,987,4.4,-1.3,-4.5,2.3,-13.84,0.0,-0.68,,False,0.671,687,False,False,False,True,0.1700439453125,-0.17,978,-4.2,-0.9,3.5,,-25.74,0.0,0.23,722,False,-0.387,1094,False,False,False,False,0.0,0.0,913,5.1,-0.9,-4.7,,-4.65,0.0,-0.68,,False,0.674,338,False,False,False,True,0.0200042724609375,-0.02,1215,0.9,-0.0,-0.9,,-1.6,0.0,-0.13,,False,0.11,534,False,False,False,True,
054780,키이스트,8.1875,0.64,252.0,1284.0,,7.8515625,0.34,751,3.0,0.0,-3.9,-0.0,-60.67,0.0,-0.48,,False,0.776,646,False,False,False,True,8.21875,-0.03,880,0.1,0.0,-0.5,-0.0,-56.4,0.0,-0.23,,False,0.165,646,False,False,False,True,8.53125,-0.34,1406,-0.6,-0.0,0.6,-0.0,-20.3,0.0,-0.13,438,False,-0.212,1264,False,False,False,False,8.2890625,-0.1,1452,-0.3,-0.0,0.3,-0.0,-2.36,0.0,0.01,371,False,-0.11,1383,False,False,False,False,
054800,아이디스홀딩스,0.18994140625,0.33,1478.0,14280.0,,0.0,0.19,833,6.1,-2.3,-6.9,-0.6,25.04,0.0,-0.16,,False,0.337,826,False,False,False,True,0.08001708984375,0.11,659,0.8,-6.4,3.6,-4.6,-13.87,0.0,0.07,731,False,0.018,771,False,False,False,False,0.27001953125,-0.08,1161,-0.9,-0.0,0.7,,0.35,0.0,-0.04,587,False,-0.064,1091,False,False,False,False,0.1800537109375,0.01,867,0.3,0.0,-0.3,,2.22,0.0,-0.01,,False,0.022,861,False,False,False,True,
054920,한컴위드,4.3515625,0.52,858.0,3040.0,,2.26953125,2.08,325,-11.4,-4.6,11.0,-0.0,-30.91,0.0,0.26,,False,1.793,381,False,False,False,False,1.9697265625,2.38,198,-17.5,-0.1,15.2,-0.3,-54.49,0.0,1.94,,False,0.473,515,False,True,False,False,3.009765625,1.34,171,12.5,-0.3,-14.7,-0.2,-26.66,0.0,0.05,,False,1.302,174,False,False,False,True,4.078125,0.27,292,0.3,-0.0,-0.3,,5.56,0.0,0.26,,False,0.021,866,False,False,False,True,
054930,유신,2.900390625,0.31,476.0,15850.0,,1.7998046875,1.1,510,6.1,-1.4,-0.5,-0.6,-27.79,0.0,0.2,,False,0.891,592,False,False,False,True,4.25,-1.35,1489,-9.9,1.0,8.9,0.1,-43.59,0.0,0.01,367,False,-1.395,1482,False,False,True,False,2.880859375,0.02,855,-0.1,-1.1,1.2,-0.3,-20.95,0.0,-0.06,508,False,0.096,786,False,False,False,False,2.55078125,0.35,215,-0.1,0.5,-0.4,-0.0,-4.46,0.0,0.37,,False,-0.023,1158,False,False,True,True,
054940,엑사이엔씨,2.490234375,0.38,261.0,788.0,,3.580078125,-1.09,1479,-2.6,-0.0,2.9,-0.0,23.51,0.0,-0.48,560,False,-0.652,1410,False,False,False,False,4.41015625,-1.92,1610,-5.9,0.0,5.7,,1.42,0.0,-0.02,301,False,-1.968,1602,False,False,False,False,5.16015625,-2.67,1784,-6.3,0.0,6.4,,19.76,0.0,-0.46,56,False,-2.278,1719,False,False,False,False,3.490234375,-1.0,1778,-2.8,0.0,4.3,,24.49,0.0,-0.38,34,False,-0.652,1666,False,False,False,False,
054950,제이브이엠,18.5625,1.09,2666.0,22050.0,,16.484375,2.08,325,36.5,7.3,-49.8,-13.5,-12.5,0.0,0.72,,False,1.384,456,False,False,True,True,17.765625,0.8,420,15.3,-33.1,10.7,-4.0,-12.5,0.0,0.11,745,False,0.685,443,False,False,False,False,17.203125,1.36,162,24.7,-6.9,-18.7,-0.3,-2.22,0.0,0.41,,False,0.942,241,False,False,False,True,18.5,0.06,693,8.6,-0.4,-8.2,0.1,3.76,0.0,-0.26,,False,0.321,165,False,False,False,True,
056080,유진로봇,17.234375,15.64,4581.0,11980.0,,15.453125,1.78,367,22.9,616.1,-275.9,-12.5,-44.28,1.93,-2.14,,False,4.362,137,True,True,True,True,17.265625,-0.03,880,0.9,57.0,292.1,6.7,-53.39,1.93,-2.93,191,False,3.291,130,True,True,True,False,14.28125,2.95,48,330.2,31.3,-61.4,13.3,-37.54,1.93,-3.21,,False,6.563,3,True,True,True,True,17.546875,-0.31,1668,124.5,9.6,-7.3,8.4,-1.48,0.0,-3.18,,False,2.864,2,False,True,True,True,
056090,시지메드텍,3.640625,1.17,1100.0,1065.0,,3.66015625,-0.02,1072,-28.0,53.8,-6.3,46.7,-22.88,0.0,0.65,,False,-0.483,1341,False,False,True,True,6.7109375,-3.07,1733,-62.0,7.9,59.2,11.4,-48.05,0.0,0.21,147,False,-3.268,1708,False,False,True,False,7.01953125,-3.38,1798,-61.2,4.4,56.4,4.3,-25.05,0.0,0.58,18,True,-3.92,1748,False,False,True,False,3.2890625,0.35,215,5.9,-0.0,-5.8,-0.0,0.09,0.0,-0.19,,False,0.537,79,False,False,False,True,
056190,SFA,12.9375,0.64,7433.0,20700.0,,9.90625,3.03,219,318.6,28.9,-332.6,7.3,-11.35,0.0,0.27,,False,2.769,260,False,False,True,True,12.3984375,0.54,505,76.1,-122.7,42.9,6.0,-30.19,0.0,-0.01,615,False,0.545,490,False,False,False,False,12.859375,0.08,769,-23.3,8.7,12.3,0.6,-25.27,0.0,0.39,473,False,-0.308,1336,False,False,True,False,12.921875,0.02,827,-1.7,-2.0,2.5,,-1.43,0.0,0.04,537,False,-0.026,1171,False,False,False,False,
056360,코위버,4.0,0.29,484.0,4940.0,,3.98046875,0.02,963,-27.7,0.5,32.3,0.1,-3.14,0.0,-0.01,718,False,0.114,964,False,False,True,False,0.60009765625,3.4,128,4.7,-0.2,2.7,0.1,-54.47,0.0,1.55,,False,2.027,228,False,True,False,False,1.8095703125,2.19,80,9.6,0.8,-10.5,0.1,-30.13,0.0,0.3,,False,1.893,101,False,False,True,True,3.619140625,0.38,189,2.6,-0.0,-2.4,,0.82,0.0,-0.12,,False,0.492,91,False,False,False,True,
056700,신화인터텍,1.2001953125,0.45,437.0,1500.0,,1.9697265625,-0.77,1394,-2.9,-1.3,-1.3,-0.8,-15.06,0.0,0.04,,False,-0.752,1440,False,False,False,True,2.33984375,-1.14,1431,-6.2,-1.2,0.2,-1.0,-23.12,0.0,0.24,,False,-1.357,1477,False,False,False,False,1.599609375,-0.4,1444,-2.0,0.0,-4.2,,-2.91,0.0,0.03,,False,-0.445,1422,False,False,False,True,1.23046875,-0.03,1262,-0.2,0.0,-0.6,,-1.96,0.0,0.01,,False,-0.043,1235,False,False,False,True,
056730,CNT85,1.51953125,0.37,232.0,1567.0,,1.3603515625,0.16,853,0.5,0.2,0.4,,171.58,-80.0,-6.49,,False,0.253,871,True,True,True,False,1.5498046875,-0.03,880,-0.2,0.2,0.4,,223.09,-80.0,-6.4,,False,0.034,727,True,True,True,False,1.5595703125,-0.04,1124,-0.2,0.0,0.3,,-18.13,0.0,0.02,544,False,-0.057,1078,False,False,False,False,1.509765625,0.01,867,0.0,-0.0,0.0,,-3.27,0.0,0.01,,False,0.003,965,False,False,False,False,
057030,YBM넷,2.619140625,0.68,357.0,2190.0,,2.33984375,0.28,784,1.4,-0.0,-1.7,,-24.48,0.0,-0.16,,False,0.398,792,False,False,False,True,2.359375,0.26,600,1.1,-0.0,-1.2,,-22.89,0.0,-0.07,,False,0.31,581,False,False,False,True,2.630859375,-0.01,1065,0.0,-0.0,0.0,,-1.57,0.0,-0.01,652,False,0.01,905,False,False,False,False,2.5703125,0.05,725,0.1,-0.0,-0.1,,-0.9,0.0,0.02,,False,0.032,810,False,False,False,True,
057540,옴니시스템,2.740234375,0.51,557.0,938.0,,4.1484375,-1.41,1547,-6.9,0.2,-32.5,0.1,19.8,-0.09,-0.24,,False,-1.237,1554,False,False,True,True,4.73828125,-2.0,1625,-10.9,0.2,-29.1,0.1,9.32,-0.09,-0.03,,False,-2.039,1616,False,False,True,True,4.08984375,-1.35,1696,-6.7,-0.0,-30.7,-0.0,15.23,0.0,-0.03,,False,-1.314,1652,False,False,False,True,2.83984375,-0.1,1452,-0.4,-0.0,-15.7,-0.0,12.47,0.0,-0.02,,False,-0.085,1338,False,False,False,True,
057680,티사이언티픽,1.5,0.16,295.0,1870.0,,2.349609375,-0.85,1420,2.0,0.9,-3.9,1.1,130.01,-77.83,-12.06,,False,0.605,710,True,True,True,True,2.900390625,-1.4,1497,-0.6,-0.2,-0.2,,202.1,-77.83,-11.94,,False,0.003,794,True,True,False,True,1.8095703125,-0.31,1386,0.4,-0.0,-0.7,,-12.0,10.83,-0.38,,False,0.202,657,True,False,False,True,1.5595703125,-0.06,1348,-0.1,-0.0,0.1,,1.69,0.0,-0.02,545,False,-0.037,1205,False,False,False,False,
058110,멕아이씨에스,5.08984375,0.78,298.0,1855.0,,2.91015625,2.18,314,-1.3,-0.5,3.5,0.3,-0.86,0.0,0.83,,False,1.229,485,False,False,False,False,4.55859375,0.53,511,1.0,0.3,-1.8,0.3,-37.96,0.0,-0.16,,False,0.572,483,False,False,True,True,5.21875,-0.13,1219,-0.1,-0.2,0.3,-0.2,-12.91,0.0,-0.18,639,False,0.032,863,False,False,False,False,4.69921875,0.39,176,0.6,0.0,-0.6,,0.27,0.0,0.21,,False,0.185,349,False,False,False,True,
058400,KNN,0.0,0.32,720.0,544.0,,0.0,0.0,987,,0.1,0.1,,-22.4,0.0,0.0,,False,,,False,False,True,False,0.0,0.0,771,,0.5,-0.9,,-28.52,0.0,0.0,,False,,,False,False,True,True,0.0,0.0,913,,0.5,-0.7,,-6.21,0.0,0.0,,False,,,False,False,True,True,0.0,0.0,908,,,,,0.0,0.0,0.0,,False,,,False,False,False,False,
058450,한주에이알티,2.58984375,1.66,226.0,4500.0,,4.609375,-2.02,1631,-5.6,-0.0,19.9,,381.28,-66.11,-11.02,276,False,-0.563,1379,True,True,False,False,3.220703125,-0.63,1229,-4.5,-0.1,19.2,,595.52,-75.0,-9.55,269,False,-0.31,1038,True,True,False,False,2.830078125,-0.24,1342,-1.3,-0.0,5.6,,-9.64,0.0,-0.06,35,False,-0.377,1386,False,False,False,False,2.669921875,-0.08,1395,0.2,-0.0,-0.0,,0.67,0.0,-0.17,,False,0.077,642,False,False,False,False,
058470,리노공업,32.5625,7.5,55101.0,72300.0,,33.40625,-0.84,1418,-195.3,2181.6,-2191.4,-863.1,11.57,0.0,-3.08,,False,2.196,316,False,True,True,True,22.796875,9.77,19,7570.7,-4092.4,-3626.1,-825.0,-37.13,0.0,-2.39,,False,12.118,5,False,True,False,True,28.328125,4.23,26,2970.5,-3355.1,301.7,-599.5,-23.65,0.0,-0.84,343,False,5.047,12,False,False,False,False,32.25,0.31,249,142.4,-111.3,-44.1,-35.1,3.29,0.0,0.05,,False,0.259,244,False,False,False,True,지속
058610,에스피지,8.34375,5.67,14637.0,66000.0,,3.23046875,5.11,104,1133.4,653.3,-1697.4,-362.7,-31.89,0.0,-0.0,,False,5.155,102,False,False,True,True,7.640625,0.7,446,57.1,17.6,-59.3,-40.7,-42.11,0.0,-0.34,,False,1.049,367,False,False,True,True,7.19140625,1.15,205,287.2,123.8,-393.6,1.2,-32.52,0.0,-0.44,,False,1.635,121,False,False,True,True,8.7265625,-0.38,1696,7.4,3.7,-9.4,3.4,-8.33,0.0,-0.43,,False,0.052,732,False,False,True,True,지속
058630,엠게임,11.7265625,0.67,922.0,4800.0,,12.46875,-0.74,1383,-9.7,0.5,-36.7,4.5,-14.74,-1.75,0.03,,False,-0.958,1497,True,False,True,True,12.6171875,-0.89,1346,-8.2,-8.0,-28.0,-4.4,-8.57,0.0,-0.0,,False,-0.87,1330,False,False,False,True,12.2265625,-0.5,1494,-3.6,1.3,-18.1,2.8,10.85,0.0,-0.13,,False,-0.372,1379,False,False,True,True,11.96875,-0.24,1622,-2.7,0.3,-5.9,0.3,3.34,0.0,0.04,,False,-0.284,1550,False,False,True,True,
058820,CMG제약,6.0390625,0.62,1243.0,839.0,,5.9296875,0.11,881,32.4,6.3,32.0,-0.0,-51.36,0.19,-0.96,383,False,1.053,541,False,False,True,False,6.44921875,-0.41,1122,-23.7,0.1,26.3,,-54.3,0.19,0.25,529,False,-0.697,1259,False,False,True,False,5.58984375,0.45,481,5.0,0.1,-5.1,,-24.48,0.19,0.07,,False,0.381,502,False,False,True,True,6.30078125,-0.26,1638,1.0,-0.0,-1.1,,-3.78,0.0,-0.34,,False,0.07,664,False,False,False,True,
058970,엠로,3.75,1.83,1749.0,14150.0,,1.3095703125,2.44,268,100.0,-100.3,3.9,-6.9,-59.04,0.03,-0.75,335,False,3.322,213,False,False,False,False,3.2109375,0.54,505,41.6,-170.8,126.4,-5.4,-52.83,0.02,-1.46,110,False,2.086,221,False,True,False,False,4.171875,-0.42,1458,1.5,3.6,-5.4,-1.9,-32.3,0.0,-0.51,,False,0.14,729,False,False,True,True,3.5703125,0.18,416,0.6,-0.1,-0.4,-0.0,-5.98,0.0,0.16,,False,0.03,820,False,False,False,True,
059090,미코,22.53125,4.09,4999.0,14960.0,,11.90625,10.62,23,852.5,-270.7,-578.8,5.5,13.51,0.0,-2.95,,False,13.571,9,False,True,False,True,17.796875,4.73,68,433.1,-386.9,-41.8,-23.6,-27.73,0.0,-1.56,,False,6.292,28,False,True,False,True,23.8125,-1.28,1688,-1.9,46.5,-40.5,1.6,-29.1,0.0,-1.54,,False,0.292,572,False,True,True,True,22.265625,0.27,292,15.8,-8.8,-6.8,-3.5,-5.08,0.0,-0.02,,False,0.286,216,False,False,False,True,지속
059100,아이컴포넌트,8.1484375,0.73,354.0,5010.0,,7.48828125,0.66,638,6.8,0.1,15.7,0.0,4.48,0.0,-0.96,173,False,1.582,412,False,False,True,False,9.7734375,-1.62,1550,-6.3,-1.2,7.3,-0.4,-5.83,0.0,-0.0,252,False,-1.662,1548,False,False,False,False,8.640625,-0.49,1491,-1.8,-0.2,1.9,-0.2,4.37,0.0,0.08,268,False,-0.561,1477,False,False,False,False,8.15625,-0.01,1155,0.0,0.0,-0.0,,12.58,0.0,-0.01,,False,0.003,965,False,False,False,False,
059120,아진엑스텍,5.23046875,2.02,833.0,4550.0,,4.19140625,1.04,525,-17.6,-1.0,3.3,0.4,-71.77,87.82,2.93,,False,-0.131,1162,True,True,False,False,3.970703125,1.26,332,-20.4,0.2,9.7,0.5,-40.91,0.0,1.08,,False,0.177,641,False,True,True,False,3.580078125,1.65,125,13.7,0.2,-17.6,0.2,-36.54,0.0,0.29,,False,1.366,160,False,False,True,True,4.83984375,0.39,176,1.3,0.0,-1.2,,-2.78,0.0,0.26,,False,0.134,467,False,False,False,True,지속
059210,메타바이오메드,5.390625,0.86,1069.0,3935.0,,5.94140625,-0.55,1323,-12.8,-24.1,13.7,-9.3,-15.01,-3.28,0.46,425,False,-1.157,1542,True,False,False,False,5.7890625,-0.4,1115,-4.3,-12.9,-5.0,-6.5,-13.99,0.0,0.08,,False,-0.465,1140,False,False,False,True,5.4296875,-0.04,1124,1.5,-2.4,-10.1,-1.7,4.93,0.0,-0.19,,False,0.145,726,False,False,False,True,5.21875,0.17,434,1.9,-0.0,-1.8,,6.5,0.0,-0.01,,False,0.181,357,False,False,False,True,
059270,해성에어로보틱스,3.91015625,1.52,601.0,5380.0,,4.5,-0.59,1333,-31.9,-1.7,125.4,0.5,-54.83,0.0,-0.7,54,False,0.04,1020,False,False,False,False,8.3671875,-4.46,1777,-49.2,-2.9,89.3,-0.4,-46.47,0.0,-0.27,21,False,-4.271,1740,False,False,False,False,2.720703125,1.19,200,8.3,0.6,-8.9,0.1,-32.75,0.0,-0.05,,False,1.232,190,False,False,True,True,3.880859375,0.03,799,0.1,-0.0,-0.0,,-6.27,0.0,0.0,,False,0.02,870,False,False,False,False,
060150,인선이엔티,3.849609375,0.45,1442.0,3165.0,,3.869140625,-0.02,1072,-1.4,-9.3,9.1,-0.0,-26.74,-2.15,-0.01,546,False,-0.115,1148,True,False,False,False,4.28125,-0.43,1129,-12.3,-10.9,22.5,-0.0,-27.99,-2.15,0.16,400,False,-0.65,1234,True,False,False,False,3.310546875,0.54,428,2.3,-5.0,0.5,,-10.72,0.0,0.36,657,False,0.177,686,False,False,False,False,3.75,0.1,592,1.1,-0.0,-1.1,,-4.38,0.0,0.02,,False,0.079,632,False,False,False,True,스파이크
060230,제이케이시냅스,0.830078125,0.14,131.0,1165.0,,2.970703125,-2.14,1648,-5.9,-0.1,30.4,-0.0,-57.01,42.2,-6.11,1,True,0.958,568,True,True,False,False,2.51953125,-1.69,1568,-0.3,0.0,8.3,,138.73,-79.44,-17.72,256,False,0.539,494,True,True,False,False,2.76953125,-1.94,1755,0.6,0.0,-0.4,,366.0,-80.0,-15.15,,False,0.255,599,True,True,False,True,0.77978515625,0.05,725,1.1,0.0,0.5,,3.46,0.0,-0.94,134,False,0.994,28,False,False,False,False,지속
060240,스타코링크,18.96875,97.0,11.0,194.0,,25.4375,-6.47,1774,-1.1,-0.0,0.7,,-90.18,0.0,-2.85,172,False,-6.477,1768,False,True,False,False,25.4375,-6.47,1796,-1.1,-0.0,0.7,,-90.18,0.0,-2.85,105,False,-6.477,1756,False,True,False,False,25.4375,-6.47,1813,-1.1,-0.0,0.7,,-90.18,0.0,-2.85,16,True,-6.477,1756,False,True,False,False,25.4375,-6.47,1820,-1.1,-0.0,0.7,,-90.18,0.0,-2.85,3,True,-6.477,1741,False,True,False,False,
060250,NHN KCP,12.421875,1.59,4988.0,12420.0,,5.76953125,6.65,58,494.2,238.1,-751.2,-11.5,-17.31,0.0,-0.8,,False,7.467,41,False,False,True,True,7.66015625,4.76,66,255.8,-76.4,-174.5,-10.4,-40.86,0.0,0.8,,False,3.958,94,False,False,False,True,11.03125,1.39,155,77.6,-8.5,-68.0,-0.1,-19.25,0.0,-0.09,,False,1.489,136,False,False,False,True,12.1484375,0.27,292,9.2,2.7,-11.7,,1.39,0.0,0.1,,False,0.179,362,False,False,True,True,지속
060260,뉴보텍,4.421875,0.81,185.0,1388.0,,4.140625,0.28,784,-1.0,13.8,-18.2,-0.2,24.6,-1.26,-0.19,,False,0.107,968,True,False,True,True,6.3203125,-1.9,1608,-4.5,13.8,-14.3,-0.2,-4.41,-1.26,-0.03,,False,-2.241,1647,True,False,True,True,6.08984375,-1.67,1726,-3.4,10.0,-9.3,-0.0,-3.94,0.0,0.09,,False,-1.59,1678,False,False,True,True,3.98046875,0.44,155,0.7,-0.0,-0.8,,-3.74,0.0,0.08,,False,0.365,142,False,False,False,True,스파이크
060280,큐렉소,5.44140625,3.46,3342.0,8100.0,,1.5703125,3.87,160,179.4,260.7,-420.9,1.9,-42.92,0.41,-0.27,,False,4.214,145,False,False,True,True,3.08984375,2.35,206,95.8,-45.0,-54.9,-6.0,-48.01,0.0,-0.2,,False,2.54,180,False,False,False,True,4.12109375,1.32,174,62.9,7.0,-69.9,-0.1,-24.79,0.0,-0.33,,False,1.681,114,False,False,True,True,5.3984375,0.04,763,5.0,-1.2,-4.4,-0.7,-0.74,0.0,-0.1,,False,0.145,441,False,False,False,True,지속
060310,3S,1.91015625,1.22,605.0,1140.0,,3.380859375,-1.47,1561,-14.9,-0.6,3.7,,-25.25,0.0,-0.13,,False,-1.401,1586,False,False,False,False,4.69921875,-2.79,1714,-28.7,-0.0,17.1,,-22.34,0.0,0.58,318,False,-3.412,1715,False,False,False,False,2.0390625,-0.13,1219,-2.1,0.0,-8.4,,-13.77,0.0,0.15,,False,-0.282,1313,False,False,False,True,1.5703125,0.34,224,1.9,0.0,-1.9,,1.15,0.0,0.03,,False,0.31,179,False,False,False,True,스파이크
060370,LS마린솔루션,2.189453125,2.17,14000.0,26800.0,,2.4296875,-0.24,1191,163.0,312.4,-498.4,26.8,-7.9,0.0,-1.14,,False,0.865,603,False,True,True,True,3.58984375,-1.4,1497,-67.7,116.7,-52.4,92.9,-17.03,0.0,-0.95,,False,-0.483,1152,False,False,True,True,2.75,-0.56,1534,-60.6,113.8,-61.7,84.8,-15.19,0.0,-0.16,,False,-0.402,1403,False,False,True,True,2.390625,-0.2,1575,-23.0,41.5,-19.8,23.7,-0.56,0.0,-0.04,,False,-0.155,1446,False,False,True,True,
060380,동양에스텍,1.6201171875,0.21,238.0,1209.0,,2.759765625,-1.14,1493,-2.7,-0.1,3.1,,-16.04,0.0,-0.07,417,False,-0.921,1486,False,False,False,False,2.359375,-0.74,1277,-2.6,-0.0,3.5,,-18.26,0.0,0.42,387,False,-0.903,1344,False,False,False,False,1.6103515625,0.01,883,0.0,-0.0,0.2,,-3.59,0.0,0.04,554,False,0.014,893,False,False,False,False,1.6298828125,-0.01,1155,0.1,-0.0,-0.1,,2.63,0.0,-0.04,,False,0.026,846,False,False,False,True,스파이크
060480,국일신동,1.1103515625,0.36,152.0,1368.0,,1.1103515625,0.0,987,-0.3,-0.0,0.4,,-15.66,0.0,0.12,665,False,-0.128,1158,False,False,False,False,1.3203125,-0.21,1010,0.1,0.1,-0.1,,-25.08,0.0,-0.23,,False,0.021,763,False,False,True,True,1.1904296875,-0.08,1161,-0.1,0.1,0.0,,-10.7,0.0,-0.02,628,False,-0.063,1089,False,False,True,False,1.169921875,-0.06,1348,-0.1,0.1,0.1,,-0.15,0.0,0.03,523,False,-0.088,1347,False,False,True,False,
060540,에스에이티,1.4501953125,0.27,280.0,1070.0,,1.5703125,-0.12,1129,0.2,-0.1,-0.3,,-23.3,0.0,-0.12,698,False,-0.07,1123,False,False,False,True,1.6796875,-0.23,1016,-0.3,0.0,0.0,,-20.8,0.0,-0.07,788,False,-0.219,974,False,False,False,False,2.0703125,-0.62,1550,-1.8,-0.0,2.0,,-14.6,0.0,0.05,245,False,-0.607,1496,False,False,False,False,1.4599609375,-0.01,1155,0.1,0.0,-0.1,,2.1,0.0,-0.04,,False,0.035,798,False,False,False,True,
060560,HC홈센타,1.669921875,0.34,487.0,1920.0,,1.900390625,-0.23,1185,-1.2,-1.4,-1.4,,170.04,-80.0,-8.86,,False,0.205,908,True,True,False,True,2.279296875,-0.61,1218,-4.1,-2.7,5.2,,133.58,-80.0,-8.99,809,False,-0.146,926,True,True,False,False,2.98046875,-1.31,1692,-6.1,0.0,6.2,,-4.71,0.0,-0.17,133,False,-1.151,1633,False,False,False,False,1.66015625,0.01,867,-0.0,0.0,-0.0,,-3.86,0.0,0.01,,False,-0.001,1018,False,False,False,False,
060570,드림어스컴퍼니,2.859375,0.43,622.0,839.0,,3.58984375,-0.73,1378,-4.3,1.7,-6.8,4.9,-45.7,0.0,-0.14,,False,-0.619,1400,False,False,True,True,3.650390625,-0.79,1303,-6.6,-4.9,-3.9,1.2,-36.49,0.0,0.06,,False,-0.875,1331,False,False,False,True,2.939453125,-0.08,1161,-0.2,-0.0,-3.1,,-7.5,0.0,-0.06,,False,-0.028,1026,False,False,False,True,2.900390625,-0.04,1301,-0.1,-0.1,-0.1,,-6.05,0.0,-0.03,,False,-0.016,1116,False,False,False,True,
060590,씨티씨바이오,1.76953125,0.96,709.0,2930.0,,1.4404296875,0.33,758,3.2,0.2,-5.3,,-32.95,0.0,0.0,,False,0.378,808,False,False,True,True,2.44921875,-0.68,1254,-8.0,-0.8,7.5,,-27.56,0.0,0.06,574,False,-0.756,1284,False,False,False,False,1.41015625,0.36,531,2.7,0.1,-3.1,,-10.12,0.0,-0.05,,False,0.387,499,False,False,True,True,1.669921875,0.1,592,0.6,-0.1,-0.4,,1.03,0.0,0.02,,False,0.08,627,False,False,False,True,
060720,KH바텍,7.3515625,0.76,2254.0,9520.0,,9.3515625,-2.0,1628,-32.3,60.5,-61.2,-0.6,-33.33,0.0,-1.41,,False,-0.589,1392,False,True,True,True,7.828125,-0.48,1156,12.5,-23.7,-29.1,2.1,-33.61,0.0,-0.69,,False,0.188,633,False,False,False,True,7.87890625,-0.53,1516,-17.4,-9.9,-4.4,1.4,-24.2,0.0,0.22,,False,-0.72,1541,False,False,False,True,7.19140625,0.16,457,0.4,-0.7,-4.7,-0.3,0.53,0.0,0.16,,False,-0.004,1046,False,False,False,True,
060850,영림원소프트랩,1.5302734375,0.78,427.0,5250.0,,1.900390625,-0.37,1244,-2.1,2.2,-9.9,1.6,-19.48,0.0,0.03,,False,-0.41,1318,False,False,True,True,1.900390625,-0.37,1105,-2.0,1.4,-3.1,0.8,-18.22,0.0,-0.03,,False,-0.4,1101,False,False,True,True,1.4404296875,0.09,754,0.3,-0.1,-0.3,0.1,-6.42,0.0,0.01,,False,0.067,816,False,False,False,True,1.51953125,0.01,867,-0.1,0.0,0.1,,5.21,0.0,0.04,559,False,-0.031,1188,False,False,False,False,스파이크
060900,에이전트AI,0.0,0.46,172.0,4310.0,,1.169921875,-1.17,1499,-5.0,-5.2,2.8,,677.98,-95.0,-28.97,162,False,0.302,840,True,True,False,False,1.6298828125,-1.63,1553,-1.5,-0.0,-16.4,,1149.28,-95.0,-32.05,,False,-0.036,837,True,True,False,True,0.0,0.0,913,-0.8,-0.0,-3.1,,-12.84,0.0,0.41,,False,-0.446,1423,False,False,False,True,0.0,0.0,908,-0.3,0.0,-0.3,,-4.12,0.0,0.17,,False,-0.174,1470,False,False,False,True,
061040,알에프텍,0.0,0.22,611.0,6750.0,,3.099609375,-3.1,1712,-4.2,2.9,-10.5,-0.9,247.04,-71.8,-10.19,,False,-0.305,1262,True,True,True,True,2.41015625,-2.41,1679,-2.6,0.5,-11.5,-0.1,213.23,-71.8,-8.32,,False,-0.081,871,True,True,True,True,0.0,0.0,913,-0.3,-0.1,-12.7,,-0.3,0.0,0.03,,False,-0.049,1062,False,False,False,True,0.0,0.0,908,-0.9,0.0,0.8,,-11.3,0.0,0.13,357,False,-0.13,1417,False,False,False,False,
061090,세나테크놀로지,1.830078125,1.42,2444.0,44700.0,,0.72998046875,1.1,510,15.8,35.5,-45.9,-11.5,-4.39,-2.11,0.34,,False,0.915,584,True,False,True,True,1.4501953125,0.38,555,8.8,31.1,-34.7,1.3,10.78,-2.11,-0.01,,False,0.528,498,True,False,True,True,0.81982421875,1.01,233,25.1,-11.9,-16.0,-8.9,12.03,-2.18,-0.19,,False,1.098,210,True,False,False,True,0.7001953125,1.13,29,20.2,2.7,-24.0,-3.6,19.2,0.0,0.32,,False,0.814,37,False,False,True,True,
061250,화일약품,0.0,0.35,726.0,8620.0,,1.8798828125,-1.88,1616,7.5,0.4,-31.9,0.0,710.15,-90.27,-27.32,,False,0.78,642,True,True,True,True,1.830078125,-1.83,1597,0.7,-2.1,-20.0,,814.1,-90.0,-18.46,,False,0.013,775,True,True,False,True,0.0,0.0,913,4.0,-0.2,-11.8,,4.87,0.0,-0.56,,False,0.578,391,False,False,False,True,0.0,0.0,908,0.9,-0.0,-1.4,,1.17,0.0,-0.12,,False,0.121,503,False,False,False,True,
061970,LB세미콘,31.84375,0.93,2364.0,4070.0,,31.625,0.22,818,37.9,102.0,-151.8,131.2,2.01,0.0,-0.38,,False,0.637,699,False,False,True,True,31.28125,0.56,495,33.5,85.7,-133.4,130.9,-17.36,0.0,-0.09,,False,0.581,480,False,False,True,True,34.5,-2.66,1783,-64.9,57.9,6.1,66.7,-23.21,0.0,-0.12,444,False,-2.514,1725,False,False,True,False,32.40625,-0.56,1737,-12.4,15.2,-2.8,15.3,2.91,0.0,-0.05,,False,-0.511,1634,False,False,True,True,
062970,한국첨단소재,6.1796875,3.64,663.0,1162.0,,3.359375,2.82,236,-10.4,-68.5,86.5,-17.5,-50.66,147.58,3.43,68,False,3.135,228,True,True,False,False,2.580078125,3.6,114,35.6,-0.8,-27.8,-0.8,-67.41,0.0,1.5,,False,2.133,215,False,True,False,True,4.37890625,1.8,102,17.9,-0.3,-17.4,-0.1,-42.33,0.0,-0.5,,False,2.338,71,False,False,False,True,6.69921875,-0.52,1724,-5.1,-0.0,6.3,,9.42,0.0,0.14,59,False,-0.669,1670,False,False,False,False,지속
063080,컴투스홀딩스,1.7900390625,0.29,739.0,11200.0,,2.330078125,-0.54,1316,-13.4,6.0,9.4,0.3,-36.72,0.0,0.07,517,False,-0.564,1381,False,False,True,False,1.849609375,-0.06,905,-5.6,-1.7,8.7,0.7,-43.78,0.0,0.21,570,False,-0.262,1004,False,False,False,False,0.9599609375,0.83,287,7.2,-1.2,-5.8,-0.4,-21.62,0.0,-0.1,,False,0.921,248,False,False,False,True,1.419921875,0.37,199,2.3,0.0,-2.4,,0.09,0.0,0.06,,False,0.308,183,False,False,False,True,
063170,서울옥션,3.0703125,0.85,885.0,4980.0,,2.5703125,0.5,696,8.3,-10.3,-20.7,1.1,-34.39,0.0,0.12,,False,0.288,849,False,False,False,True,3.890625,-0.82,1316,-11.4,-12.5,3.8,-0.2,-32.7,0.0,0.09,,False,-0.975,1376,False,False,False,False,3.109375,-0.04,1124,-0.6,-0.1,-16.8,,-2.16,0.0,0.02,,False,-0.074,1107,False,False,False,True,3.140625,-0.07,1370,0.7,0.0,-5.0,,3.53,0.0,-0.15,,False,0.075,651,False,False,False,True,
063440,SM Life Design,2.30078125,0.76,504.0,1113.0,,4.5703125,-2.27,1660,-15.4,10.2,1.2,-0.5,-36.76,-1.54,-0.62,,False,-1.902,1649,True,False,True,False,2.23046875,0.07,683,-0.2,-0.1,-0.2,-0.1,-26.19,-1.54,-0.22,,False,0.191,630,True,False,False,True,1.919921875,0.38,520,1.9,-0.0,-2.0,,-4.38,0.0,-0.03,,False,0.382,501,False,False,False,True,2.310546875,-0.01,1155,0.2,-0.0,-0.1,,0.09,0.0,-0.05,,False,0.037,791,False,False,False,True,
063570,NICE인프라,2.580078125,0.53,1086.0,3180.0,,2.0,0.58,670,10.6,-13.8,-0.6,-3.7,-21.96,0.0,-0.34,,False,0.917,583,False,False,False,True,1.5302734375,1.05,372,7.9,-8.7,-0.6,-3.2,-26.05,0.0,0.24,,False,0.743,424,False,False,False,True,2.0703125,0.51,447,5.1,-0.7,-2.0,-0.7,-8.49,0.0,-0.01,,False,0.49,446,False,False,False,True,2.5390625,0.04,763,0.6,-0.0,-0.6,-0.0,4.61,0.0,-0.01,,False,0.053,728,False,False,False,True,지속
063760,이엘피,3.98046875,0.34,241.0,2580.0,,1.9296875,2.05,329,9.0,-0.4,-10.9,0.4,2.58,0.0,-1.39,,False,2.898,249,False,True,False,True,3.4609375,0.52,514,4.4,0.1,-6.8,0.4,-26.81,0.0,-1.17,,False,1.139,344,False,True,True,True,4.94140625,-0.96,1647,-1.8,-0.4,1.1,-0.2,-6.86,0.0,-0.24,315,False,-0.736,1546,False,False,False,False,4.2109375,-0.23,1610,-0.3,-0.0,0.3,,0.39,0.0,-0.08,327,False,-0.149,1438,False,False,False,False,
064090,인크레더블버즈,1.6796875,0.59,397.0,798.0,,1.41015625,0.27,791,1.8,0.0,2.4,,-41.75,0.0,-0.11,566,False,0.356,815,False,False,False,False,1.7197265625,-0.04,893,,,,,0.0,0.0,-0.04,,False,,,False,False,False,False,1.66015625,0.02,855,,,,,0.0,0.0,0.02,,False,,,False,False,False,False,1.6796875,0.0,908,,,,,0.0,0.0,0.0,,False,,,False,False,False,False,
064240,홈캐스트,1.23046875,0.6,516.0,1487.0,,2.2109375,-0.98,1453,-4.9,-3.5,8.2,0.1,-16.04,-0.98,-0.13,384,False,-0.797,1455,False,False,False,False,2.55078125,-1.32,1482,-10.1,0.0,10.3,0.1,-23.94,0.0,0.35,307,False,-1.549,1516,False,False,False,False,1.3603515625,-0.13,1219,-1.2,0.1,1.8,0.1,-12.84,0.0,0.09,413,False,-0.182,1231,False,False,True,False,1.2900390625,-0.06,1348,-0.2,-0.0,0.2,,0.13,0.0,-0.02,532,False,-0.037,1205,False,False,False,False,
064260,다날,6.51171875,1.01,3094.0,4090.0,,6.44921875,0.06,920,-175.6,-67.7,241.3,-43.8,-41.49,0.76,0.29,365,False,-0.23,1229,False,False,False,False,3.650390625,2.86,163,112.9,0.2,-113.0,-2.4,-50.06,0.0,-0.69,,False,3.509,118,False,False,True,True,5.08984375,1.42,152,80.7,0.6,-80.8,-0.2,-24.12,0.0,-1.01,,False,2.431,67,False,True,True,True,6.78125,-0.27,1645,7.7,0.0,-7.7,-0.0,2.76,0.0,-0.51,,False,0.24,266,False,False,False,True,
064290,인텍플러스,3.98046875,10.33,5009.0,38900.0,,1.3095703125,2.67,250,82.4,1252.2,-1271.2,315.8,181.68,0.11,-0.03,,False,2.688,263,False,False,True,True,0.1800537109375,3.8,106,124.5,1003.5,-1068.5,254.1,46.24,0.11,0.44,,False,3.312,128,False,False,True,True,1.240234375,2.74,53,140.8,47.5,-152.7,111.3,-4.77,0.11,0.08,,False,2.684,54,False,False,True,True,2.9609375,1.02,38,13.8,-101.2,73.1,3.5,0.78,0.0,0.66,26,False,0.304,189,False,False,False,False,지속
064480,브리지텍,6.30859375,0.65,315.0,2635.0,,2.5703125,3.74,168,24.7,0.8,-2.1,0.1,-46.98,0.0,-0.11,,False,3.865,173,False,False,True,True,6.48046875,-0.17,978,-1.1,-0.3,2.1,-0.3,-42.72,0.0,-0.15,720,False,-0.07,861,False,False,False,False,6.80859375,-0.5,1494,-1.3,-0.0,1.2,,-16.48,0.0,-0.22,415,False,-0.338,1358,False,False,False,False,6.609375,-0.3,1664,-0.5,-0.0,0.4,,-3.83,0.0,-0.17,350,False,-0.155,1446,False,False,False,False,
064520,테크엘,0.43994140625,0.37,354.0,1585.0,,0.489990234375,-0.05,1096,-0.0,-0.3,0.9,,-4.46,0.0,-0.13,641,False,0.03,1040,False,False,False,False,0.52001953125,-0.08,920,-0.3,-0.0,0.8,,-9.27,0.0,-0.04,781,False,-0.068,860,False,False,False,False,0.60009765625,-0.16,1247,-0.5,-0.0,0.5,,-0.44,0.0,-0.03,511,False,-0.124,1167,False,False,False,False,0.429931640625,0.01,867,0.0,0.0,-0.0,,-0.25,0.0,0.0,,False,0.009,931,False,False,False,False,스파이크
064550,바이오니아,7.44921875,0.76,1600.0,6200.0,,7.5703125,-0.12,1129,12.7,-4.9,-5.9,-0.0,-48.59,0.0,-0.34,,False,0.241,879,False,False,False,True,9.25,-1.8,1590,-81.8,-0.7,82.6,,-43.74,0.0,0.72,179,False,-2.519,1673,False,False,False,False,6.44921875,1.0,236,14.4,0.0,-14.3,,-21.22,0.0,0.19,,False,0.813,281,False,False,False,True,7.3515625,0.1,592,1.8,-0.0,-1.7,,0.49,0.0,-0.01,,False,0.109,536,False,False,False,True,
064760,티씨케이,67.625,4.63,24036.0,215000.0,,65.4375,2.19,311,882.5,531.6,-1133.5,-97.3,30.15,0.0,-0.27,,False,2.483,279,False,False,True,True,62.375,5.25,53,1517.2,-1169.6,-351.8,-289.5,-29.28,0.0,0.24,,False,5.008,61,False,False,False,True,66.1875,1.44,149,301.6,-306.9,9.6,-100.3,-21.68,0.0,0.31,522,False,1.138,202,False,False,False,False,67.8125,-0.19,1565,-20.3,-98.9,114.5,-2.3,-4.87,0.0,-0.12,128,False,-0.068,1302,False,False,False,False,지속
064800,포니링크,3.240234375,0.25,551.0,2155.0,,4.44140625,-1.2,1507,-7.7,-0.7,12.5,-0.3,167.04,-80.0,-19.69,550,False,0.02,1056,True,True,False,False,4.4296875,-1.19,1446,-7.5,0.1,3.6,,210.52,-80.0,-18.85,,False,-0.089,874,True,True,True,False,3.33984375,-0.1,1188,-0.8,-0.1,0.8,,-16.47,0.0,0.04,493,False,-0.137,1180,False,False,False,False,3.26953125,-0.03,1262,-0.1,0.0,0.1,,2.38,0.0,-0.02,618,False,-0.014,1104,False,False,False,False,
064820,케이프,3.16015625,0.85,2571.0,8330.0,,2.580078125,0.58,670,46.7,35.3,-77.2,34.6,-28.25,-0.13,-0.32,,False,0.849,611,False,False,True,True,1.7197265625,1.44,303,73.0,22.1,-90.8,24.8,-25.16,-0.13,-0.07,,False,1.506,282,False,False,True,True,3.330078125,-0.17,1267,0.3,6.8,-6.6,6.3,-25.02,0.0,-0.24,,False,0.027,874,False,False,True,True,3.05078125,0.11,568,2.2,0.4,-0.7,,2.21,0.0,0.1,,False,0.08,627,False,False,True,True,
064850,에프앤가이드,8.96875,3.51,2419.0,21200.0,,16.09375,-7.12,1778,-199.2,127.5,42.5,81.0,143.68,0.0,-0.41,,False,-6.947,1772,False,False,True,False,11.3515625,-2.38,1672,-68.6,-9.9,64.7,14.7,-27.27,0.0,-0.6,267,False,-1.866,1591,False,False,False,False,10.34375,-1.38,1698,-39.0,-19.2,51.9,-2.5,-15.54,0.0,-0.19,80,False,-1.237,1644,False,False,False,False,8.8203125,0.15,475,2.8,-6.7,3.4,-6.9,-8.23,0.0,0.04,366,False,0.123,496,False,False,False,False,
065060,지엔코,0.6201171875,0.4,204.0,3400.0,,1.740234375,-1.12,1488,-1.0,-0.5,-2.4,-0.3,340.99,-74.83,-5.81,,False,-0.143,1167,True,True,False,True,1.509765625,-0.89,1346,-1.1,-0.6,-0.9,,492.33,-74.83,-5.01,,False,-0.156,931,True,True,False,True,1.33984375,-0.72,1590,-1.1,-0.0,-1.1,,-2.3,0.0,-0.14,,False,-0.644,1516,False,False,False,True,1.009765625,-0.39,1700,-0.7,-0.0,-1.5,,22.74,0.0,-0.02,,False,-0.372,1594,False,False,False,True,
065130,탑엔지니어링,4.7890625,0.29,485.0,3030.0,,2.740234375,2.05,329,12.2,7.4,-18.7,7.1,-14.16,0.0,0.05,,False,1.968,350,False,False,True,True,3.990234375,0.8,420,5.4,8.7,-13.5,7.2,-10.36,0.0,0.13,,False,0.641,460,False,False,True,True,5.6015625,-0.81,1617,-4.0,1.1,3.1,0.8,-9.69,0.0,0.09,247,False,-0.855,1585,False,False,True,False,4.640625,0.15,475,0.3,0.1,-0.4,0.1,2.71,0.0,0.08,,False,0.068,671,False,False,True,True,
065150,대산F&B,0.0999755859375,0.95,231.0,1450.0,,0.0999755859375,0.0,987,,,,,900.0,-90.0,-0.9,,False,,,True,False,False,False,0.0999755859375,0.0,771,,,,,900.0,-90.0,-0.9,,False,,,True,False,False,False,0.0999755859375,0.0,913,,,,,0.0,0.0,0.0,,False,,,False,False,False,False,0.0999755859375,0.0,908,,,,,0.0,0.0,0.0,,False,,,False,False,False,False,
065170,비엘팜텍,1.5703125,10.83,895.0,3205.0,,4.30859375,-2.74,1695,-59.0,-29.3,61.2,-0.5,404.72,4.61,-1.65,245,False,-2.944,1709,True,True,False,False,2.55078125,-0.98,1375,-22.1,-1.0,23.1,-0.5,30.28,0.0,0.78,388,False,-1.582,1526,False,False,False,False,3.30078125,-1.73,1736,-18.2,-0.3,19.1,,84.83,0.0,0.52,71,False,-2.163,1713,False,False,False,False,1.3701171875,0.2,382,-11.9,-0.1,7.7,,-18.03,0.0,1.18,76,False,-1.202,1705,False,True,False,False,
065350,신성델타테크,4.01171875,3.02,7517.0,27350.0,,3.05078125,0.96,550,103.2,473.2,-552.0,-20.1,-54.03,0.0,-0.15,,False,1.091,529,False,False,True,True,2.869140625,1.14,353,147.5,-98.3,-61.4,-7.4,-55.02,0.0,-0.23,,False,1.34,310,False,False,False,True,3.380859375,0.63,371,38.9,41.7,-88.9,-0.3,-34.65,0.0,0.14,,False,0.468,459,False,False,True,True,3.7109375,0.3,259,10.1,0.4,-10.4,-3.2,-1.8,0.0,0.17,,False,0.127,482,False,False,True,True,
065370,위세아이텍,2.94921875,0.63,207.0,2805.0,,3.0390625,-0.09,1114,-1.1,0.0,0.2,,-46.88,0.0,-0.06,,False,-0.072,1126,False,False,False,False,3.119140625,-0.17,978,-2.1,0.0,1.8,,-48.53,0.0,0.28,668,False,-0.49,1160,False,False,False,False,2.91015625,0.04,825,0.1,-0.0,-0.0,,-26.95,0.0,-0.02,,False,0.066,818,False,False,False,False,3.19921875,-0.25,1628,-0.6,-0.0,0.6,,-12.34,0.0,0.04,202,False,-0.281,1549,False,False,False,False,
065420,에스아이리소스,10.3203125,0.93,89.0,125.0,,10.1484375,0.17,845,-8.0,-0.2,8.4,-0.5,-46.35,0.0,0.3,610,False,-0.342,1278,False,False,False,False,10.09375,0.23,614,-6.1,0.2,5.0,,-48.77,0.0,0.14,,False,-0.13,917,False,False,True,False,10.203125,0.12,726,-0.0,,0.0,,-29.78,0.0,0.13,630,False,-0.023,1011,False,False,False,False,10.3203125,0.0,908,-0.0,,0.0,,-29.78,0.0,0.02,611,False,-0.023,1158,False,False,False,False,
065440,이루온,11.796875,0.71,376.0,1380.0,,3.0,8.8,33,45.0,6.7,-61.8,0.1,-0.93,0.0,-0.77,,False,9.648,20,False,False,True,True,1.349609375,10.45,17,56.3,6.2,-103.6,0.1,-57.54,0.0,1.53,,False,9.268,12,False,True,True,True,8.8125,2.98,46,13.0,0.1,-13.2,0.1,-31.51,0.0,0.31,,False,2.752,51,False,False,True,True,11.7421875,0.05,725,0.1,0.0,-0.2,,-2.75,0.0,0.03,,False,0.014,907,False,False,False,True,지속
065450,빅텍,4.75,1.46,908.0,3080.0,,0.0,4.75,116,110.8,-32.7,-67.7,-32.7,-20.82,2.94,-2.45,,False,7.544,40,True,True,False,True,4.4609375,0.29,588,10.6,-31.6,34.3,-27.8,-43.59,2.53,1.12,130,False,-0.575,1194,True,True,False,False,5.55859375,-0.81,1617,-4.1,0.2,1.8,0.2,-15.38,0.0,-0.55,566,False,-0.315,1341,False,False,True,False,4.2109375,0.54,107,3.6,0.0,-3.6,,2.5,0.0,0.14,,False,0.396,127,False,False,False,True,
065500,오리엔트정공,5.23046875,0.9,372.0,1120.0,,6.12109375,-0.89,1430,-25.5,-0.4,26.4,-0.4,-54.0,4.73,-0.16,527,False,-0.561,1377,True,False,False,False,3.349609375,1.88,253,5.0,-0.0,-5.1,,-48.62,0.0,-0.17,,False,1.994,233,False,False,False,True,3.689453125,1.54,135,6.3,-0.0,-6.7,,-23.55,0.0,-0.19,,False,1.644,119,False,False,False,True,5.03125,0.2,382,0.6,0.0,-0.6,,2.38,0.0,0.04,,False,0.161,391,False,False,False,True,
065510,휴비츠,4.0703125,0.71,771.0,7090.0,,3.990234375,0.08,905,-5.9,2.0,6.2,-21.4,-16.39,-5.29,0.58,621,False,-0.71,1430,True,False,True,False,3.849609375,0.22,619,-8.0,22.5,-11.8,-2.8,-12.14,-5.29,0.92,,False,-0.883,1336,True,False,True,True,3.8203125,0.25,609,0.8,21.8,-20.1,-3.4,-1.53,0.0,0.13,,False,0.111,761,False,False,True,True,3.83984375,0.23,333,1.3,6.3,-5.3,,0.0,0.0,0.07,,False,0.16,394,False,False,True,True,
065530,와이어블,1.3203125,0.66,515.0,1077.0,,0.239990234375,1.08,519,3.9,1.3,-3.7,0.3,-16.38,0.0,0.02,,False,1.059,538,False,False,True,True,0.740234375,0.58,483,3.3,1.4,-3.3,0.4,-56.22,0.0,0.04,,False,0.545,490,False,False,True,True,1.4599609375,-0.14,1232,-0.8,0.0,0.7,-0.0,-24.26,0.0,-0.0,523,False,-0.143,1184,False,False,False,False,1.48046875,-0.16,1524,-1.1,0.0,1.1,,1.41,0.0,0.05,253,False,-0.219,1515,False,False,False,False,
065570,삼영이엔씨,0.330078125,0.68,123.0,764.0,,0.330078125,0.0,987,,,,,0.0,0.0,0.0,,False,,,False,False,False,False,0.330078125,0.0,771,,,,,0.0,0.0,0.0,,False,,,False,False,False,False,0.330078125,0.0,913,,,,,0.0,0.0,0.0,,False,,,False,False,False,False,0.330078125,0.0,908,,,,,0.0,0.0,0.0,,False,,,False,False,False,False,
065650,하이퍼코퍼레이션,0.1800537109375,0.89,224.0,2050.0,,2.26953125,-2.09,1641,-3.3,0.2,3.0,,6.44,-17.92,-1.45,495,False,-0.928,1488,True,True,True,False,1.4404296875,-1.26,1467,-3.5,0.2,3.2,,1.99,-50.0,-1.43,609,False,-0.686,1253,True,True,True,False,0.199951171875,-0.02,1086,0.1,0.0,-0.0,,-8.07,0.0,-0.05,,False,0.057,832,False,False,False,False,0.22998046875,-0.05,1326,-0.1,0.0,0.1,,7.11,0.0,-0.01,529,False,-0.044,1240,False,False,False,False,
065660,안트로젠,3.669921875,2.1,1832.0,18310.0,,6.7890625,-3.12,1714,-82.2,-61.8,215.4,-66.1,-51.69,0.0,-1.03,121,False,-2.073,1658,False,True,False,False,3.73046875,-0.06,905,6.7,-1.5,-3.1,-2.1,-50.91,0.0,-0.31,,False,0.243,602,False,False,False,True,4.71875,-1.05,1662,-7.0,0.6,9.1,-0.0,-28.62,0.0,-0.67,295,False,-0.365,1372,False,False,True,False,3.69921875,-0.03,1262,-2.3,0.2,2.0,-0.0,21.82,0.0,0.08,390,False,-0.109,1380,False,False,True,False,
065680,우주일렉트로,9.390625,0.94,2855.0,30900.0,,9.5390625,-0.15,1152,15.3,-0.5,-18.3,0.1,-2.22,0.0,-0.67,,False,0.515,745,False,False,False,True,10.0078125,-0.62,1224,-6.5,0.5,-88.3,0.1,-4.19,0.0,-0.28,,False,-0.303,1034,False,False,True,True,10.203125,-0.81,1617,-18.9,-1.0,-212.1,,-17.6,0.0,-0.16,,False,-0.671,1523,False,False,False,True,9.6171875,-0.23,1610,-8.9,-0.0,-222.7,,15.3,0.0,0.1,,False,-0.329,1577,False,False,False,True,
065690,파커스,1.01953125,0.25,158.0,1125.0,,2.16015625,-1.14,1493,-2.5,26.9,-16.9,,-20.49,0.0,0.01,,False,-1.165,1544,False,False,True,True,2.029296875,-1.01,1385,-2.1,5.5,-2.6,,-26.23,0.0,0.01,,False,-1.069,1401,False,False,True,True,1.1904296875,-0.17,1267,-0.1,0.0,-0.1,,2.09,0.0,-0.18,,False,-0.014,989,False,False,False,True,1.080078125,-0.06,1348,-0.1,0.0,0.1,,-0.18,0.0,-0.0,549,False,-0.06,1281,False,False,False,False,스파이크
065710,서호전기,1.900390625,2.34,2181.0,42350.0,,2.900390625,-1.0,1459,-28.8,-49.0,79.3,-6.4,-19.94,0.0,0.38,188,False,-1.413,1588,False,False,False,False,3.30078125,-1.4,1497,-40.8,-4.4,46.4,-3.1,-8.53,0.0,0.39,231,False,-1.814,1585,False,False,False,False,2.26953125,-0.37,1428,-11.8,-1.9,15.5,-1.4,-11.22,0.0,0.13,254,False,-0.503,1449,False,False,False,False,1.6796875,0.22,348,-1.0,-0.2,1.2,-0.3,-2.87,0.0,0.27,476,False,-0.049,1255,False,False,False,False,
065770,CS,1.900390625,1.06,185.0,1905.0,,3.1796875,-1.28,1522,-10.1,-0.1,11.6,,153.66,-50.0,-3.29,482,False,-0.552,1373,True,True,False,False,2.630859375,-0.73,1273,-5.0,-0.1,4.8,,2.14,-50.0,-1.77,538,False,-0.797,1300,True,True,False,False,4.0,-2.1,1765,-5.6,0.0,5.8,,15.88,0.0,0.08,51,False,-2.162,1712,False,False,False,False,0.8798828125,1.02,38,1.5,0.0,-1.5,,26.16,0.0,-0.14,,False,1.222,20,False,False,False,True,
065950,웰크론,1.150390625,0.89,372.0,1318.0,,2.390625,-1.24,1511,-4.6,-0.3,-0.7,,-17.68,0.0,-1.12,,False,-0.914,1483,False,True,False,True,2.779296875,-1.63,1553,-9.5,0.0,4.0,,-17.26,0.0,-0.31,687,False,-2.043,1617,False,False,False,False,1.73046875,-0.58,1542,-2.7,0.0,1.1,,18.42,0.0,0.02,586,False,-0.62,1501,False,False,False,False,1.650390625,-0.5,1723,-2.8,0.0,2.6,,31.54,0.0,0.15,88,False,-0.655,1669,False,False,False,False,
066130,하츠,1.73046875,0.35,433.0,3380.0,,1.400390625,0.33,758,0.7,0.5,-1.2,,-21.03,0.0,0.22,,False,0.118,962,False,False,True,True,1.900390625,-0.17,978,-2.0,0.2,1.6,,-23.96,0.0,0.19,733,False,-0.343,1062,False,False,True,False,1.6103515625,0.12,726,0.7,0.3,-1.0,,-4.79,0.0,-0.04,,False,0.172,698,False,False,True,True,1.669921875,0.06,693,0.2,-0.0,-0.2,,4.32,0.0,0.0,,False,0.057,713,False,False,False,True,스파이크
066310,큐에스아이,8.578125,0.74,665.0,7170.0,,2.560546875,6.02,72,28.8,-46.3,39.6,-0.1,-5.91,0.0,0.05,,False,5.579,86,False,False,False,False,2.890625,5.69,43,42.9,2.6,-52.8,0.1,-59.88,0.0,-0.26,,False,5.683,37,False,False,True,True,6.21875,2.36,73,18.8,0.0,-19.3,0.1,-25.7,0.0,-0.14,,False,2.485,64,False,False,False,True,8.15625,0.42,162,2.1,0.0,-2.2,,1.27,0.0,0.11,,False,0.308,183,False,False,False,True,지속
066360,체리부로,1.9697265625,0.33,328.0,685.0,,1.2802734375,0.69,629,5.8,-0.3,-4.5,-1.1,-13.51,0.0,-0.12,,False,0.81,625,False,False,False,True,3.5390625,-1.57,1537,-4.9,-1.9,7.2,-1.9,-50.51,0.0,-0.27,270,False,-1.295,1464,False,False,False,False,2.76953125,-0.8,1615,-2.9,-0.0,2.9,,-9.27,0.0,0.04,196,False,-0.843,1581,False,False,False,False,1.9599609375,0.01,867,0.1,0.0,-0.1,,-0.29,0.0,-0.01,,False,0.018,882,False,False,False,True,
066410,버킷스튜디오,0.5,1.21,1596.0,1153.0,,0.5,0.0,987,,,,,0.0,0.0,0.0,,False,,,False,False,False,False,0.5,0.0,771,,,,,0.0,0.0,0.0,,False,,,False,False,False,False,0.5,0.0,913,,,,,0.0,0.0,0.0,,False,,,False,False,False,False,0.5,0.0,908,,,,,0.0,0.0,0.0,,False,,,False,False,False,False,
066430,아이로보틱스,7.73828125,1.8,793.0,2025.0,,3.990234375,3.75,167,20.6,-0.2,-45.6,-0.1,-2.17,0.0,0.18,,False,3.295,215,False,False,False,True,5.359375,2.38,198,18.0,-0.1,-49.7,-0.0,0.75,0.0,-0.07,,False,2.261,198,False,False,False,True,9.6328125,-1.89,1748,-16.1,0.0,11.2,,-48.8,0.0,-0.95,244,False,-1.109,1628,False,False,False,False,7.828125,-0.09,1427,-0.5,0.0,0.4,,-3.34,0.0,-0.06,563,False,-0.037,1205,False,False,False,False,지속
066590,스모트로닉,2.5390625,1.24,977.0,2525.0,,1.4404296875,1.1,510,9.4,-0.2,-14.4,0.1,-31.2,0.0,0.11,,False,0.962,566,False,False,False,True,2.439453125,0.1,662,-1.2,-0.6,-8.0,,-3.44,0.0,0.14,,False,-0.078,869,False,False,False,True,2.509765625,0.03,837,-0.4,-0.1,-9.3,,16.63,0.0,0.06,,False,-0.054,1072,False,False,False,True,2.369140625,0.17,434,0.8,-0.0,-4.4,,6.77,0.0,0.08,,False,0.093,588,False,False,False,True,
066620,국보디자인,13.53125,0.5,1792.0,23900.0,,12.5,1.03,528,17.5,36.0,-61.2,35.9,10.9,0.0,0.09,,False,0.941,575,False,False,True,True,12.2265625,1.3,326,20.2,25.9,-47.6,26.7,1.7,0.0,0.18,,False,1.113,351,False,False,True,True,13.203125,0.33,552,6.3,9.2,-15.5,9.4,-4.59,0.0,0.0,,False,0.337,533,False,False,True,True,13.46875,0.06,693,1.1,1.4,-2.8,1.4,-1.85,0.0,0.01,,False,0.057,713,False,False,True,True,지속
066670,디티씨,0.8798828125,0.24,477.0,2550.0,,1.6201171875,-0.74,1383,-5.9,-4.6,-1.3,-3.3,-16.67,0.0,0.32,,False,-1.061,1523,False,False,False,True,1.580078125,-0.7,1265,-4.0,-2.9,-2.9,,-10.84,0.0,0.01,,False,-0.73,1271,False,False,False,True,0.81005859375,0.07,777,0.5,-0.1,-0.5,,-7.94,0.0,-0.05,,False,0.105,770,False,False,False,True,0.81005859375,0.07,665,0.5,0.0,-0.5,,7.37,0.0,-0.03,,False,0.104,551,False,False,False,True,스파이크
066700,테라젠이텍스,2.08984375,0.51,721.0,1942.0,,1.91015625,0.18,839,5.4,-0.5,-5.7,,-33.83,0.0,-0.29,,False,0.482,761,False,False,False,True,2.26953125,-0.18,989,-5.1,-0.3,5.9,,-37.86,0.0,0.37,621,False,-0.479,1151,False,False,False,False,1.5400390625,0.55,421,0.6,0.0,-0.8,,-18.57,0.0,0.46,,False,0.092,790,False,False,False,True,2.080078125,0.01,867,0.1,-0.1,-0.0,,-3.14,0.0,-0.01,,False,0.015,903,False,False,False,False,스파이크
066790,씨씨에스,0.31005859375,3.55,973.0,1493.0,,0.31005859375,0.0,987,,,,,0.0,0.0,0.0,,False,,,False,False,False,False,0.31005859375,0.0,771,,,,,0.0,0.0,0.0,,False,,,False,False,False,False,0.31005859375,0.0,913,,,,,0.0,0.0,0.0,,False,,,False,False,False,False,0.31005859375,0.0,908,,,,,0.0,0.0,0.0,,False,,,False,False,False,False,
066900,디에이피,0.31005859375,5.71,421.0,1850.0,,0.469970703125,-0.16,1157,-0.7,0.0,-0.2,,-5.61,0.0,-0.26,,False,-0.125,1156,False,False,False,True,0.5400390625,-0.23,1016,-1.0,-0.0,0.4,,28.65,0.0,-0.12,830,False,-0.236,986,False,False,False,False,0.340087890625,-0.03,1107,-0.2,-0.0,0.1,,3.35,0.0,0.02,618,False,-0.048,1060,False,False,False,False,0.300048828125,0.01,867,0.0,0.0,-0.0,,0.87,0.0,0.0,,False,0.006,950,False,False,False,False,스파이크
066910,손오공,0.0,0.63,306.0,2285.0,,0.0,0.0,987,-6.5,0.4,5.4,,280.83,-80.0,1.44,711,False,-0.397,1310,True,True,True,False,0.0,0.0,771,-5.7,0.0,4.9,,265.02,-80.0,1.02,841,False,-0.347,1064,True,True,False,False,0.0,0.0,913,-2.3,0.1,2.0,,-18.68,0.0,0.64,259,False,-0.73,1544,False,False,True,False,0.0,0.0,908,-1.2,0.1,1.3,,20.26,0.0,0.41,133,False,-0.407,1605,False,False,True,False,
066980,한성크린텍,3.900390625,1.46,890.0,1693.0,,2.150390625,1.75,372,5.3,-10.6,2.7,-14.5,38.54,1.28,0.64,,False,1.475,431,True,False,False,False,5.1484375,-1.25,1464,-17.1,-10.6,24.8,-14.5,5.09,1.28,0.75,173,False,-1.78,1579,True,False,False,False,3.0,0.9,266,2.4,-12.4,5.1,-15.3,-13.13,1.28,0.77,272,False,0.15,721,True,False,False,False,3.419921875,0.48,132,-5.1,-12.9,17.4,-12.0,-19.76,1.15,1.13,15,True,-0.615,1660,True,True,False,False,
067000,조이시티,3.359375,0.94,816.0,1168.0,,2.08984375,1.27,462,26.5,22.1,-49.4,2.9,-46.05,0.0,-0.55,,False,1.909,359,False,False,True,True,2.1796875,1.18,344,14.0,-54.7,37.8,-9.0,-56.25,0.0,0.2,180,False,1.026,374,False,False,False,False,3.83984375,-0.48,1485,-5.9,-1.0,4.2,-0.4,6.96,0.0,0.33,269,False,-0.811,1572,False,False,False,False,3.2109375,0.15,475,0.9,0.1,-2.5,,10.92,0.0,0.03,,False,0.122,500,False,False,True,True,
067010,이씨에스,1.900390625,0.46,234.0,2150.0,,2.140625,-0.24,1191,-0.6,-0.0,-0.3,,-7.73,-11.43,-0.32,,False,-0.179,1196,True,False,False,True,2.55078125,-0.65,1237,-2.3,-0.0,2.2,,-9.09,0.0,0.25,497,False,-0.909,1347,False,False,False,False,1.849609375,0.05,805,0.2,0.0,-0.3,,1.42,0.0,-0.07,,False,0.103,775,False,False,False,True,1.8603515625,0.04,763,0.1,0.0,-0.1,,0.47,0.0,-0.02,,False,0.065,682,False,False,False,True,스파이크
067080,대화제약,0.239990234375,2.41,1860.0,9990.0,,0.1400146484375,0.1,889,9.6,-28.4,18.9,0.1,-38.82,0.0,-0.84,488,False,0.944,573,False,False,False,False,0.7998046875,-0.56,1187,-3.7,-42.3,45.5,0.1,-32.64,0.0,-0.81,253,False,0.259,594,False,False,False,False,1.01953125,-0.78,1611,-12.1,-2.3,14.5,,-4.4,0.0,-0.23,255,False,-0.532,1462,False,False,False,False,0.91015625,-0.67,1748,-13.9,-0.0,13.8,,16.84,0.0,0.05,70,False,-0.718,1676,False,False,False,False,
067160,SOOP,28.515625,1.08,5437.0,47300.0,,32.875,-4.36,1748,-394.0,324.6,63.5,-0.7,-28.87,0.0,0.86,416,False,-5.24,1759,False,False,True,False,29.28125,-0.77,1294,-102.3,30.3,70.1,16.1,-21.95,0.0,0.79,487,False,-1.563,1520,False,False,True,False,27.578125,0.94,254,28.5,24.5,-53.4,3.5,-2.07,0.0,0.42,,False,0.52,426,False,False,True,True,28.53125,-0.02,1215,6.0,3.2,-9.1,-0.7,0.0,0.0,-0.13,,False,0.111,530,False,False,True,True,스파이크
067170,오텍,0.7900390625,0.56,696.0,2570.0,,1.7001953125,-0.91,1435,-18.6,-35.1,102.6,-0.0,33.99,13.27,-0.03,25,False,-1.157,1542,True,False,False,False,1.8095703125,-1.02,1391,-17.9,-27.0,96.2,-0.0,11.02,12.29,-0.28,8,True,-1.084,1405,True,False,False,False,0.360107421875,0.43,491,3.7,-5.4,-0.6,,-6.2,2.44,-0.21,,False,0.655,348,True,False,False,True,0.9501953125,-0.16,1524,0.4,-0.1,-0.3,,4.26,0.0,-0.22,,False,0.056,717,False,False,False,True,스파이크
067280,멀티캠퍼스,4.05859375,0.59,1363.0,23000.0,,7.12109375,-3.06,1711,-51.6,-5.0,53.7,-0.5,-24.34,0.0,-0.1,206,False,-3.032,1714,False,False,False,False,4.16015625,-0.1,932,-3.8,-1.5,1.8,-0.7,-21.77,0.0,0.09,822,False,-0.232,982,False,False,False,False,4.1484375,-0.09,1179,-1.2,-0.2,0.6,,-8.73,0.0,-0.03,603,False,-0.077,1112,False,False,False,False,4.1015625,-0.04,1301,-0.5,-0.0,0.3,,-3.36,0.0,-0.0,596,False,-0.039,1220,False,False,False,False,
067290,JW신약,2.869140625,2.7,1104.0,1970.0,,1.490234375,1.38,437,-24.9,-1.5,24.9,-0.0,1.03,4.99,2.12,524,False,-0.707,1429,True,True,False,False,3.0703125,-0.2,1002,-40.5,-1.1,40.3,,-10.05,0.0,2.17,195,False,-2.389,1659,False,True,False,False,2.560546875,0.31,563,-19.0,-0.8,17.3,,9.57,0.0,0.9,318,False,-0.638,1513,False,False,False,False,1.5703125,1.3,22,-17.3,0.1,16.4,,34.65,0.0,2.47,37,False,-1.244,1706,False,True,True,False,
067310,하나마이크론,20.75,5.95,23767.0,35750.0,,14.03125,6.72,55,2060.7,1143.2,-3154.9,-126.5,25.44,0.15,-1.22,,False,8.011,35,False,True,True,True,15.140625,5.61,47,1506.7,371.8,-1840.8,-118.8,3.17,0.02,0.2,,False,5.419,47,False,False,True,True,20.28125,0.47,473,-75.2,-50.4,152.2,-244.6,-28.64,0.02,0.5,283,False,-0.043,1051,False,False,False,False,21.859375,-1.11,1782,-259.2,67.9,191.2,-20.0,1.56,0.0,-0.11,64,False,-0.996,1696,False,False,True,False,
067370,선바이오,0.22998046875,2.6,752.0,6160.0,,0.469970703125,-0.24,1191,-3.4,-2.1,-1.7,-1.4,12.61,0.17,0.49,,False,-0.356,1284,False,False,False,True,0.3798828125,-0.15,968,-3.5,-1.4,-1.2,-1.4,1.82,0.17,0.75,,False,-0.38,1089,False,False,False,True,0.43994140625,-0.21,1309,-2.9,0.0,1.4,-0.0,8.45,0.17,0.06,513,False,-0.311,1339,False,False,False,False,0.25,-0.02,1215,-0.4,0.0,0.5,,0.98,0.0,0.04,456,False,-0.057,1274,False,False,False,False,
067390,아스트,1.76953125,0.65,2085.0,495.0,,2.439453125,-0.67,1362,-13.2,-43.9,110.1,-16.8,-16.95,4.46,-0.07,181,False,-0.544,1368,True,False,False,False,2.48046875,-0.71,1270,-22.4,-4.2,47.3,-4.1,-39.04,2.93,0.2,300,False,-0.878,1332,True,False,False,False,1.990234375,-0.22,1321,-5.1,-0.0,4.3,,-15.82,1.45,0.04,447,False,-0.241,1290,True,False,False,False,1.8701171875,-0.1,1452,-2.3,0.0,2.1,,-0.4,0.0,0.01,387,False,-0.113,1390,False,False,False,False,
067570,엔브이에이치코리아,1.4296875,0.37,770.0,1826.0,,1.3203125,0.11,881,-2.2,-0.6,2.2,,-22.46,0.0,0.37,611,False,-0.32,1272,False,False,False,False,1.4296875,0.0,771,-4.9,-0.6,4.9,,-17.75,0.0,0.49,646,False,-0.516,1171,False,False,False,False,1.3798828125,0.05,805,-0.3,0.1,0.1,,-1.72,0.0,0.09,650,False,-0.031,1032,False,False,True,False,1.3203125,0.11,568,0.3,0.1,-0.4,,0.61,0.0,0.07,,False,0.044,762,False,False,True,True,
067630,HLB생명과학,5.578125,0.98,2902.0,2380.0,,6.9296875,-1.35,1531,-84.5,-3.6,77.8,-0.6,-44.65,0.0,0.4,350,False,-1.698,1627,False,False,False,False,6.55859375,-0.98,1375,-47.7,-0.4,43.2,-0.4,-47.75,0.0,0.07,512,False,-1.0,1380,False,False,False,False,5.53125,0.05,805,-2.6,0.1,0.9,0.0,-27.99,0.0,0.04,,False,-0.002,962,False,False,True,False,5.3515625,0.23,333,-0.3,-0.2,-0.7,-0.2,-25.16,0.0,0.17,,False,0.052,732,False,False,False,True,
067730,로지시스,3.0703125,1.01,213.0,2205.0,,1.599609375,1.47,418,1.8,0.2,-2.0,0.0,-13.53,0.0,-0.01,,False,1.432,446,False,False,True,True,2.830078125,0.24,610,0.9,0.2,-1.4,0.0,-35.62,0.0,-0.65,,False,0.834,405,False,False,True,True,3.41015625,-0.34,1406,0.0,-0.0,-0.4,,-4.75,0.0,-0.36,,False,0.028,872,False,False,False,True,3.150390625,-0.08,1395,-0.1,-0.0,0.1,,4.75,0.0,-0.05,578,False,-0.036,1198,False,False,False,False,
067770,세진티에스,2.630859375,0.36,172.0,2045.0,,2.2890625,0.34,751,0.7,5.0,-5.5,,-10.11,0.0,-0.23,,False,0.529,737,False,False,True,True,2.400390625,0.23,614,0.2,5.4,-6.0,,-11.28,0.0,-0.04,,False,0.23,610,False,False,True,True,1.9697265625,0.66,358,0.9,5.4,-6.5,,19.31,0.0,0.14,,False,0.575,393,False,False,True,True,2.25,0.38,189,0.7,-0.0,-0.8,,-1.92,0.0,-0.02,,False,0.402,124,False,False,False,True,
067900,와이엔텍,3.98046875,0.32,1099.0,6040.0,,3.119140625,0.86,571,11.8,-1.7,-14.3,0.1,-6.07,0.0,0.07,,False,0.809,626,False,False,False,True,4.6796875,-0.7,1265,-9.8,-0.1,7.0,0.0,-16.11,0.0,0.11,599,False,-0.827,1310,False,False,False,False,3.94921875,0.03,837,-0.6,-2.0,1.0,-0.3,-5.63,0.0,0.03,589,False,-0.02,1001,False,False,False,False,3.83984375,0.14,498,2.5,-0.0,-3.5,-0.0,-3.36,0.0,-0.06,,False,0.198,321,False,False,False,True,스파이크
067920,이글루,4.640625,0.69,553.0,5030.0,,4.6484375,-0.01,1063,-2.2,1.4,0.7,1.1,-1.95,0.0,0.01,,False,-0.048,1112,False,False,True,False,4.23828125,0.4,552,4.0,-0.6,-4.1,-0.5,-37.67,0.0,-0.27,,False,0.677,449,False,False,False,True,4.609375,0.03,837,0.6,0.6,-1.8,-0.0,-2.52,0.0,-0.09,,False,0.11,762,False,False,True,True,4.76171875,-0.12,1475,-0.2,0.6,-0.5,-0.0,0.8,0.0,-0.08,,False,-0.037,1205,False,False,True,True,지속
067990,도이치모터스,4.30859375,0.3,1150.0,3940.0,,4.1796875,0.13,872,-3.0,22.0,-10.9,2.6,-6.41,0.0,0.41,,False,-0.227,1227,False,False,True,True,4.96875,-0.66,1246,-6.0,22.2,-2.3,2.6,-14.35,0.0,-0.14,866,False,-0.503,1164,False,False,True,True,4.12109375,0.19,664,1.7,-1.7,0.8,0.2,-9.22,0.0,0.04,553,False,0.148,723,False,False,False,False,4.3203125,-0.01,1155,0.7,-0.3,-0.5,,-1.01,0.0,-0.07,,False,0.062,693,False,False,False,True,스파이크
068050,팬엔터테인먼트,3.689453125,0.46,328.0,1183.0,,2.7109375,0.98,543,3.6,2.9,-9.1,0.0,-35.36,0.0,-0.22,,False,1.154,504,False,False,True,True,3.26953125,0.42,540,0.8,2.8,-5.1,0.0,-29.58,0.0,-0.06,,False,0.45,523,False,False,True,True,3.5390625,0.15,701,0.9,2.7,-3.9,,4.14,0.0,-0.18,,False,0.301,561,False,False,True,True,3.740234375,-0.05,1326,-0.1,0.9,-0.8,,2.96,0.0,-0.01,,False,-0.04,1222,False,False,True,True,
068100,케이웨더,2.51953125,2.01,279.0,2340.0,,3.26953125,-0.75,1387,-1.8,-0.0,-5.1,,-26.88,20.0,0.11,,False,-0.564,1381,True,False,False,True,2.73046875,-0.21,1010,-1.1,-0.0,1.3,,-16.28,0.0,-0.03,761,False,-0.312,1040,False,False,False,False,2.4609375,0.06,788,0.0,0.0,-2.3,,5.17,0.0,0.02,,False,0.042,849,False,False,False,True,2.44921875,0.07,665,0.1,0.0,-1.1,,6.36,0.0,0.0,,False,0.069,667,False,False,False,True,스파이크
068240,다원시스,5.421875,0.0,966.0,2530.0,,10.0234375,-4.6,1752,-73.3,1.7,68.9,-0.9,14.48,0.0,0.42,131,False,-5.099,1758,False,False,True,False,5.48046875,-0.06,905,,,,,0.0,0.0,-0.06,,False,,,False,False,False,False,5.26953125,0.15,701,,,,,0.0,0.0,0.15,,False,,,False,False,False,False,5.37109375,0.05,725,,,,,0.0,0.0,0.05,,False,,,False,False,False,False,
068330,일신바이오,3.66015625,0.62,424.0,960.0,,3.259765625,0.4,729,1.0,-0.0,-1.1,0.4,-40.37,0.0,-0.09,,False,0.384,804,False,False,False,True,4.01171875,-0.35,1094,-7.5,0.3,6.6,0.3,-38.85,0.0,0.49,537,False,-0.939,1358,False,False,True,False,3.099609375,0.56,411,2.2,-0.2,-2.3,-0.2,-16.16,0.0,0.01,,False,0.5,439,False,False,False,True,3.509765625,0.15,475,0.4,0.0,-0.5,,-1.13,0.0,0.04,,False,0.103,555,False,False,False,True,
068760,셀트리온제약,5.078125,4.04,17672.0,39800.0,,4.3203125,0.76,603,241.5,629.2,-848.2,-12.2,-36.12,1.65,0.05,,False,0.797,634,True,False,True,True,5.078125,0.0,771,-18.1,-73.0,92.2,-9.0,-31.85,1.64,0.17,716,False,-0.092,880,True,False,False,False,5.26953125,-0.19,1294,-39.4,87.0,-47.2,-3.5,-9.75,0.0,0.04,,False,-0.222,1272,False,False,True,True,5.1484375,-0.07,1370,-6.3,14.7,-8.8,-0.6,-1.24,0.0,-0.04,,False,-0.036,1198,False,False,True,True,
068790,DMS,5.109375,0.37,1623.0,7190.0,,3.689453125,1.42,431,12.7,-1.6,-43.8,-0.0,13.59,0.0,1.01,,False,0.478,765,False,True,False,True,4.69921875,0.41,544,-11.7,-1.5,14.6,,-15.81,0.0,1.29,467,False,-0.818,1309,False,True,False,False,5.87890625,-0.77,1608,-7.0,-1.7,7.8,,37.48,0.0,-0.16,243,False,-0.606,1495,False,False,False,False,4.96875,0.14,498,2.4,-0.0,-3.3,,14.86,0.0,-0.02,,False,0.16,394,False,False,False,True,
068930,디지털대성,3.609375,1.37,2020.0,7300.0,,3.3203125,0.29,777,6.4,46.4,-44.7,22.5,-6.53,0.0,0.01,,False,0.276,859,False,False,True,True,2.94921875,0.66,459,14.8,1.1,-14.9,20.3,-9.88,0.0,0.03,,False,0.619,469,False,False,True,True,3.830078125,-0.22,1321,-4.2,3.4,0.0,2.4,-6.05,0.0,-0.01,,False,-0.209,1259,False,False,True,False,3.689453125,-0.08,1395,-1.2,1.3,-0.0,0.9,1.39,0.0,-0.02,,False,-0.062,1291,False,False,True,False,
068940,셀피글로벌,1.75,3.44,357.0,778.0,,1.75,0.0,987,,,,,0.0,0.0,0.0,,False,,,False,False,False,False,1.75,0.0,771,,,,,0.0,0.0,0.0,,False,,,False,False,False,False,1.75,0.0,913,,,,,0.0,0.0,0.0,,False,,,False,False,False,False,1.75,0.0,908,,,,,0.0,0.0,0.0,,False,,,False,False,False,False,
069080,웹젠,29.34375,0.48,3496.0,11290.0,,28.25,1.09,515,-105.0,115.9,-117.9,3.0,-8.88,-10.5,0.47,,False,-2.406,1687,True,False,True,True,27.125,2.22,216,-52.5,-22.4,-33.7,2.2,-11.31,-10.5,0.52,,False,-1.322,1470,True,False,False,True,30.421875,-1.08,1665,-41.9,10.9,-52.4,-0.2,0.18,0.0,0.09,,False,-1.162,1635,False,False,True,True,29.609375,-0.27,1645,-2.7,-2.3,4.8,-0.0,-8.58,0.0,-0.2,354,False,-0.067,1298,False,False,False,False,
069140,누리플랜,1.6298828125,0.65,269.0,1780.0,,3.720703125,-2.09,1641,-7.8,-20.1,27.9,-10.9,-33.46,4.81,0.17,57,False,-2.135,1663,True,False,False,False,3.2109375,-1.58,1541,-6.7,-3.3,10.5,-1.2,-14.22,0.0,0.06,161,False,-1.675,1550,False,False,False,False,1.509765625,0.12,726,0.7,-0.1,-0.9,-0.0,8.54,0.0,-0.17,,False,0.273,584,False,False,False,True,1.6298828125,0.0,908,0.1,-0.1,-0.2,-0.0,3.01,0.0,-0.03,,False,0.026,846,False,False,False,True,스파이크
069330,유아이디,1.0400390625,0.73,182.0,1074.0,,1.76953125,-0.73,1378,-1.1,0.1,-7.1,,-0.28,19.46,-0.05,,False,-0.611,1398,True,False,True,True,1.7900390625,-0.75,1283,-1.4,0.1,-4.1,,-9.37,19.46,0.13,,False,-0.847,1318,True,False,True,True,1.08984375,-0.05,1133,-0.7,0.1,-4.3,,17.25,0.0,0.16,,False,-0.333,1355,False,False,True,True,1.1904296875,-0.15,1513,-0.2,0.0,-1.7,,2.29,0.0,-0.07,,False,-0.083,1330,False,False,False,True,
069410,엔텔스,2.419921875,0.5,291.0,2840.0,,3.5,-1.08,1477,-4.0,-0.1,7.1,-0.1,-42.63,0.0,0.12,394,False,-0.653,1411,False,False,False,False,3.859375,-1.44,1509,-9.1,0.0,12.9,0.0,-46.31,0.0,0.93,196,False,-1.615,1534,False,False,False,False,2.099609375,0.32,557,1.2,-0.0,-1.2,,-29.53,0.0,-0.07,,False,0.405,488,False,False,False,True,2.080078125,0.34,224,1.2,-0.0,-1.2,,-4.54,0.0,-0.05,,False,0.392,130,False,False,False,True,
069510,에스텍,57.875,0.46,1391.0,12750.0,,57.21875,0.66,638,6.8,-18.4,6.9,-12.1,-8.34,0.0,0.1,567,False,0.546,731,False,False,False,False,57.125,0.75,433,7.5,-17.4,4.8,-10.8,-17.58,0.0,0.14,703,False,0.598,474,False,False,False,False,57.4375,0.44,489,3.6,-1.9,-3.8,-0.2,4.68,0.0,0.16,,False,0.275,582,False,False,False,True,57.875,0.0,908,0.4,0.0,-0.3,,6.07,0.0,-0.03,,False,0.026,846,False,False,False,True,
069540,빛과전자,1.41015625,2.73,2919.0,2590.0,,1.23046875,0.18,839,-129.7,-202.3,550.3,1.3,74.29,84.77,1.24,6,True,-1.276,1564,True,True,False,False,2.150390625,-0.74,1277,-84.5,-203.0,426.9,2.1,-42.57,15.45,1.16,7,True,-1.966,1601,True,True,False,False,1.1396484375,0.27,589,-60.8,-40.9,159.4,0.4,-29.81,3.72,1.5,9,True,-0.89,1587,True,True,False,False,6.30859375,-4.9,1818,-170.5,-0.8,170.2,,44.69,0.0,0.8,1,True,-5.739,1740,False,False,False,False,
069920,엑시온그룹,0.0,0.23,88.0,949.0,,1.419921875,-1.42,1549,-0.3,-0.0,-0.6,,42.28,-80.0,-12.49,,False,0.318,834,True,True,False,True,1.5498046875,-1.55,1532,0.3,-0.0,1.4,,174.28,-80.0,-10.29,772,False,0.315,580,True,True,False,False,0.0,0.0,913,0.9,0.0,0.9,,-24.08,0.0,-2.27,127,False,1.786,104,False,True,False,False,0.0,0.0,908,-0.6,0.0,1.3,,49.68,0.0,0.41,22,False,-0.456,1618,False,False,False,False,지속
070300,엑스큐어,4.19140625,1.31,637.0,1793.0,,7.8515625,-3.66,1726,-12.9,0.7,46.3,1.0,19.53,52.42,-0.32,45,False,-1.399,1583,True,False,True,False,7.23828125,-3.05,1730,-8.6,0.9,26.9,1.0,-40.33,52.42,0.02,31,False,-1.268,1457,True,False,True,False,4.609375,-0.42,1458,-1.0,1.0,5.7,1.0,3.94,0.0,-0.64,124,False,-0.001,959,False,False,True,False,4.30859375,-0.12,1475,0.9,-0.0,-0.3,-0.0,2.46,0.0,-0.26,,False,0.146,437,False,False,False,True,
070590,인티큐브,1.9697265625,1.82,242.0,1740.0,,2.76953125,-0.8,1402,-1.3,-3.3,2.7,-0.5,-13.43,0.0,-0.21,422,False,-0.715,1432,False,False,False,False,3.23046875,-1.26,1467,-3.6,0.0,1.2,,-17.14,0.0,0.17,639,False,-1.538,1515,False,False,False,False,2.73046875,-0.76,1601,-1.9,-0.0,-0.6,,8.21,0.0,0.08,,False,-0.833,1579,False,False,False,True,2.109375,-0.14,1499,-0.4,-0.0,-1.0,,7.41,0.0,0.03,,False,-0.17,1462,False,False,False,True,
071200,인피니트헬스케어,11.15625,1.17,2252.0,9230.0,,5.66015625,5.5,88,110.2,19.0,-148.5,15.4,57.51,0.0,-0.4,,False,5.943,71,False,False,True,True,7.12109375,4.04,95,79.3,18.7,-106.0,14.8,37.97,0.0,-0.12,,False,4.179,83,False,False,True,True,9.1796875,1.98,91,43.4,-9.0,-49.2,-4.3,25.58,0.0,-0.18,,False,2.173,82,False,False,False,True,9.90625,1.25,23,24.3,-2.0,-34.1,-2.0,16.69,0.0,0.16,,False,1.102,24,False,False,False,True,지속
071280,로체시스템즈,45.125,0.72,990.0,6470.0,,44.46875,0.66,638,7.5,-20.5,101.3,-3.2,-23.61,0.0,-0.12,67,False,0.714,668,False,False,False,False,44.625,0.5,520,6.2,-9.2,21.8,0.8,-30.28,0.0,0.05,340,False,0.425,534,False,False,False,False,45.34375,-0.22,1321,-0.8,0.7,0.1,0.8,-14.19,0.0,-0.16,616,False,-0.048,1060,False,False,True,False,45.0,0.12,543,0.8,-1.2,0.4,-1.1,3.52,0.0,0.05,475,False,0.077,642,False,False,False,False,
071670,에이테크솔루션,1.33984375,0.57,506.0,5060.0,,0.990234375,0.35,748,4.1,-0.1,-10.6,,-54.21,0.0,-0.23,,False,0.608,708,False,False,False,True,2.900390625,-1.56,1535,-12.0,-0.1,11.6,,-43.34,0.0,-0.29,402,False,-1.304,1465,False,False,False,False,2.880859375,-1.54,1717,-12.5,-0.0,12.0,,-18.78,0.0,-0.03,100,False,-1.532,1673,False,False,False,False,1.2900390625,0.05,725,0.3,-0.0,-0.3,,0.8,0.0,0.01,,False,0.048,746,False,False,False,True,
071850,캐스텍코리아,1.66015625,0.62,345.0,1421.0,,0.489990234375,1.17,488,4.2,-3.8,-5.7,,-5.39,0.0,-0.05,,False,1.219,487,False,False,False,True,1.740234375,-0.08,920,-0.3,0.0,-3.5,,-6.82,0.0,-0.01,,False,-0.07,861,False,False,False,True,1.6298828125,0.03,837,0.0,0.0,-1.2,,-5.08,0.0,0.02,,False,0.01,905,False,False,False,True,1.6396484375,0.02,827,0.0,0.0,-0.0,,-1.52,0.0,0.02,,False,0.003,965,False,False,False,False,스파이크
072020,중앙백신,2.23046875,0.81,874.0,9240.0,,2.140625,0.09,897,0.8,-1.3,0.3,0.2,-2.01,0.0,0.05,708,False,0.065,996,False,False,False,False,2.25,-0.02,874,3.3,-0.3,-3.5,0.2,-3.45,0.0,-0.34,,False,0.332,569,False,False,False,True,1.7802734375,0.45,481,1.7,-0.3,-1.7,0.2,-4.25,0.0,0.25,,False,0.197,662,False,False,False,True,2.189453125,0.04,763,0.2,-0.0,-0.2,,-1.28,0.0,0.02,,False,0.02,870,False,False,False,True,스파이크
072470,우리산업홀딩스,2.16015625,0.31,439.0,2325.0,,2.849609375,-0.69,1367,-8.3,0.2,7.1,-1.6,-28.13,0.0,-0.15,529,False,-0.624,1401,False,False,True,False,3.41015625,-1.25,1464,-6.3,-3.0,9.1,-2.9,-38.08,0.0,-0.32,347,False,-1.008,1384,False,False,False,False,2.55078125,-0.39,1437,-1.8,-0.4,2.0,-0.4,-20.78,0.0,-0.05,339,False,-0.371,1375,False,False,False,False,2.1796875,-0.02,1215,-0.1,-0.0,0.1,,1.31,0.0,0.01,583,False,-0.025,1167,False,False,False,False,
072770,멤레이비티,0.759765625,0.93,437.0,1053.0,,1.73046875,-0.97,1451,-4.3,0.6,11.8,,19.66,-48.22,-1.95,345,False,-0.352,1282,True,True,True,False,2.380859375,-1.62,1550,-8.5,0.7,10.9,,34.48,-50.0,-1.73,345,False,-1.155,1429,True,True,True,False,0.56005859375,0.2,653,-0.7,0.2,2.0,,5.72,0.0,0.25,281,False,-0.109,1145,False,False,True,False,0.489990234375,0.27,292,-1.0,0.2,0.8,,38.01,0.0,0.45,340,False,-0.191,1490,False,False,True,False,
072870,메가스터디,18.828125,0.44,1558.0,13070.0,,22.4375,-3.61,1725,-47.7,-6.1,53.2,-0.3,21.36,0.0,-0.03,153,False,-3.59,1731,False,False,False,False,18.984375,-0.16,971,-3.4,-1.1,4.4,-0.3,2.11,0.0,0.06,730,False,-0.226,977,False,False,False,False,18.6875,0.14,713,-1.3,-0.2,1.3,-0.1,-1.13,0.0,0.23,546,False,-0.086,1123,False,False,False,False,18.4375,0.39,176,4.7,-0.7,-3.7,0.0,-1.88,0.0,0.09,,False,0.3,195,False,False,False,True,스파이크
072950,빛샘전자,5.51953125,0.71,589.0,7320.0,,7.51171875,-1.99,1627,-70.9,-19.4,95.1,-17.4,27.75,0.0,0.72,147,False,-2.941,1708,False,False,False,False,5.30859375,0.21,624,-43.5,0.9,42.7,0.7,-55.9,0.0,0.8,619,False,-0.476,1148,False,False,True,False,2.240234375,3.28,41,18.4,0.4,-17.9,0.2,-32.28,0.0,0.4,,False,2.865,47,False,False,True,True,5.01171875,0.51,123,-1.6,-0.8,2.2,-0.7,0.83,0.0,0.63,226,False,-0.16,1456,False,False,False,False,
072990,에이치시티,9.046875,0.52,502.0,3465.0,,10.578125,-1.53,1572,-8.8,-37.2,47.6,-19.7,-37.0,0.64,-0.14,71,False,-1.383,1582,False,False,False,False,11.4609375,-2.41,1679,-13.2,-2.4,14.0,-0.2,-32.85,0.0,-0.34,216,False,-2.123,1627,False,False,False,False,9.2265625,-0.18,1286,-0.8,-0.0,0.3,,-6.48,0.0,-0.04,596,False,-0.15,1191,False,False,False,False,9.203125,-0.16,1524,-0.6,-0.0,0.6,,6.29,0.0,-0.03,351,False,-0.129,1412,False,False,False,False,
073010,케이에스피,3.1796875,1.32,1103.0,2745.0,,2.380859375,0.8,592,15.3,-3.1,-1.8,-2.6,-38.31,0.0,0.12,662,False,0.71,670,False,False,False,True,2.75,0.43,536,8.7,-0.7,-7.1,-1.3,-26.31,0.0,0.18,,False,0.234,608,False,False,False,True,3.44921875,-0.27,1364,-1.0,0.0,1.1,,-29.53,0.0,-0.25,591,False,-0.035,1037,False,False,False,False,3.2109375,-0.03,1262,-0.6,0.0,0.6,,2.43,0.0,0.02,491,False,-0.054,1268,False,False,False,False,
073110,엘엠에스,1.0400390625,0.51,455.0,5110.0,,1.08984375,-0.05,1096,-0.1,-2.4,-20.6,0.1,-14.98,0.0,-0.22,,False,0.06,1002,False,False,False,True,1.330078125,-0.29,1055,-1.8,-1.0,-17.5,0.1,-10.19,0.0,-0.03,,False,-0.349,1067,False,False,False,True,1.2001953125,-0.16,1247,-0.8,-0.8,1.4,0.1,-23.62,0.0,-0.06,424,False,-0.134,1177,False,False,False,False,1.0498046875,-0.01,1155,-0.0,0.0,0.0,,3.65,0.0,-0.0,654,False,-0.01,1086,False,False,False,False,스파이크
073190,듀오백,0.7001953125,0.24,88.0,732.0,,0.990234375,-0.29,1213,-0.9,-0.0,1.1,,-51.04,0.0,0.12,456,False,-0.445,1329,False,False,False,False,1.330078125,-0.63,1229,-1.4,0.2,1.8,,-45.54,0.0,0.16,344,False,-0.797,1300,False,False,True,False,1.0498046875,-0.35,1416,-0.5,0.2,0.3,,-37.54,0.0,-0.06,422,False,-0.243,1292,False,False,True,False,0.68017578125,0.02,827,0.1,-0.0,-0.0,,11.59,0.0,-0.04,,False,0.06,705,False,False,False,False,
073490,LIG아큐버,8.3203125,1.28,2144.0,28200.0,,3.859375,4.46,128,61.9,-73.0,12.3,-9.4,21.81,0.0,0.78,,False,3.639,190,False,False,False,False,3.359375,4.96,58,76.4,-33.1,-47.5,-9.9,-38.09,0.0,1.22,,False,3.727,106,False,True,False,True,6.2890625,2.03,89,37.4,-3.1,-31.0,3.1,-19.89,0.0,0.32,,False,1.71,109,False,False,False,True,8.65625,-0.34,1682,-17.6,2.7,15.3,2.7,21.81,0.0,0.5,69,False,-0.826,1687,False,False,True,False,
073540,에프알텍,2.759765625,0.4,241.0,2110.0,,2.01953125,0.74,611,-4.1,-0.2,7.6,0.0,3.18,0.0,0.63,505,False,0.051,1010,False,False,False,False,1.169921875,1.59,287,1.3,0.4,-1.3,0.1,-54.67,0.0,0.63,,False,1.11,352,False,False,True,True,1.4501953125,1.31,179,3.3,0.1,-3.5,-0.1,-16.93,0.0,-0.07,,False,1.358,163,False,False,True,True,1.7900390625,0.97,43,2.6,-0.0,-2.6,,-3.65,0.0,-0.08,,False,1.045,25,False,False,False,True,지속
073560,우리손에프앤지,3.4296875,0.32,1068.0,1542.0,,1.990234375,1.44,425,16.4,-2.4,-22.8,-3.3,1.65,0.0,0.03,,False,1.365,459,False,False,False,True,2.630859375,0.8,420,7.1,-1.2,-8.6,-1.0,-11.68,0.0,0.1,,False,0.684,445,False,False,False,True,2.919921875,0.51,447,5.3,-0.0,-7.9,,-4.76,0.0,0.01,,False,0.508,434,False,False,False,True,3.1796875,0.25,311,2.3,-0.0,-2.3,,3.35,0.0,0.03,,False,0.217,290,False,False,False,True,지속
073570,리튬포어스,0.22998046875,0.35,197.0,1635.0,,2.779296875,-2.55,1682,-8.0,-0.0,8.0,,81.26,-80.0,-9.66,469,False,-0.815,1461,True,True,False,False,2.630859375,-2.4,1678,-5.6,0.0,5.1,,178.53,-80.0,-8.49,514,False,-0.893,1341,True,True,False,False,0.0,0.23,627,0.5,-0.0,-0.4,,-19.66,0.0,-0.01,,False,0.298,566,False,False,False,True,0.08001708984375,0.15,475,0.1,-0.0,0.1,,3.81,0.0,0.04,,False,0.124,493,False,False,False,False,
073640,테라사이언스,0.6298828125,2.31,696.0,654.0,,0.6298828125,0.0,987,,,,,0.0,0.0,0.0,,False,,,False,False,False,False,0.6298828125,0.0,771,,,,,0.0,0.0,0.0,,False,,,False,False,False,False,0.6298828125,0.0,913,,,,,0.0,0.0,0.0,,False,,,False,False,False,False,0.6298828125,0.0,908,,,,,0.0,0.0,0.0,,False,,,False,False,False,False,
074430,아미노로직스,2.41015625,1.56,875.0,996.0,,1.5498046875,0.86,571,16.3,-3.1,-26.0,-1.0,-40.78,0.0,-0.83,,False,1.449,442,False,False,False,True,2.970703125,-0.56,1187,-2.9,-0.9,-7.3,-0.9,-34.69,0.0,-0.53,,False,-0.109,900,False,False,False,True,2.150390625,0.26,598,3.6,-0.5,-9.0,-0.5,-18.63,0.0,-0.19,,False,0.4,492,False,False,False,True,2.259765625,0.15,475,1.7,-0.0,-1.6,-0.1,-0.8,0.0,-0.03,,False,0.185,349,False,False,False,True,
074600,원익QnC,11.5703125,1.57,7624.0,29000.0,,5.3984375,6.17,66,589.6,577.5,-1148.2,58.7,18.61,0.0,-0.52,,False,6.723,55,False,False,True,True,8.640625,2.93,160,298.8,37.7,-316.6,-43.6,-19.67,0.0,-0.06,,False,3.018,147,False,False,True,True,11.3984375,0.17,687,49.6,-137.1,77.0,-20.9,-27.5,0.0,-0.33,163,False,0.51,433,False,False,False,False,10.7578125,0.81,56,-1.6,-14.4,14.5,15.4,0.0,0.0,0.86,254,False,-0.05,1260,False,False,False,False,지속
075130,플랜티넷,3.859375,0.42,310.0,1921.0,,5.109375,-1.25,1512,-6.4,0.1,4.8,,-18.26,-3.01,0.27,419,False,-1.542,1605,True,False,True,False,4.48828125,-0.63,1229,-2.0,0.1,1.3,,-30.15,-3.01,-0.28,724,False,-0.483,1152,True,False,True,False,3.669921875,0.19,664,0.2,0.1,-0.3,,-4.67,-3.01,0.02,,False,0.057,832,True,False,True,True,3.810546875,0.05,725,-0.2,0.1,0.1,,1.05,-3.01,0.01,508,False,-0.074,1312,True,False,True,False,스파이크
075970,동국알앤에스,2.94921875,0.39,305.0,1660.0,,2.7109375,0.24,807,-0.1,-0.3,-0.5,-0.1,-25.56,0.0,0.14,,False,0.134,950,False,False,False,True,3.830078125,-0.88,1342,-4.9,0.0,4.0,,-27.03,0.0,0.23,504,False,-1.11,1411,False,False,False,False,2.55078125,0.4,509,0.3,-0.0,-0.4,,-10.27,0.0,0.3,,False,0.101,776,False,False,False,True,2.9296875,0.02,827,-0.0,-0.0,0.0,,-0.3,0.0,0.03,664,False,-0.012,1096,False,False,False,False,스파이크
076080,웰크론한텍,1.33984375,1.62,227.0,1004.0,,2.060546875,-0.72,1374,-0.5,-0.7,-0.2,,-2.52,0.0,-0.64,,False,-0.111,1146,False,False,False,True,2.890625,-1.55,1532,-3.2,0.0,1.6,,-22.95,0.0,-0.13,603,False,-1.418,1491,False,False,False,False,2.0390625,-0.7,1583,-1.2,0.0,0.8,,22.74,0.0,-0.1,369,False,-0.598,1488,False,False,False,False,1.5,-0.16,1524,-0.3,-0.0,0.3,,0.8,0.0,-0.04,362,False,-0.124,1404,False,False,False,False,
076610,해성옵틱스,1.6396484375,2.57,587.0,991.0,,2.220703125,-0.58,1329,-35.1,-14.0,107.8,-2.7,38.41,22.47,0.95,18,True,-1.518,1602,True,False,False,False,0.85009765625,0.79,424,5.1,-12.1,8.7,-0.2,-31.84,11.4,-0.33,482,False,1.275,321,True,False,False,False,1.8701171875,-0.23,1334,-5.5,-3.1,8.3,,-19.1,5.16,0.5,150,False,-0.681,1527,True,False,False,False,1.41015625,0.23,333,0.1,-0.0,-0.0,,5.31,0.0,0.21,,False,0.03,820,False,False,False,False,
077360,덕산하이메탈,6.44140625,2.04,4221.0,9290.0,,2.939453125,3.5,177,179.1,431.2,-599.1,77.6,57.72,0.0,-0.68,,False,4.074,157,False,False,True,True,2.1796875,4.26,87,204.9,-299.5,84.5,-7.4,-43.39,0.0,0.27,443,False,3.811,100,False,False,False,False,4.51953125,1.92,95,91.5,-103.2,8.3,-30.9,-35.49,0.0,-0.08,,False,1.969,92,False,False,False,False,7.19921875,-0.76,1763,-34.3,49.3,-15.6,9.4,16.86,0.0,0.01,,False,-0.771,1679,False,False,True,True,지속
078020,LS증권,2.119140625,0.46,3617.0,6520.0,,2.080078125,0.04,938,-11.8,7.0,7.1,5.8,32.52,0.0,-0.14,,False,0.189,917,False,False,True,False,2.5703125,-0.45,1137,4.7,8.6,-11.5,2.1,-14.21,0.0,-0.47,,False,0.031,736,False,False,True,True,2.630859375,-0.51,1502,-19.6,2.1,19.9,,-2.83,0.0,0.04,285,False,-0.546,1471,False,False,True,False,2.01953125,0.1,592,6.1,-0.1,-6.0,,0.77,0.0,-0.06,,False,0.164,385,False,False,False,True,
078070,유비쿼스홀딩스,2.150390625,0.51,1406.0,8240.0,,2.48046875,-0.33,1231,-18.4,-35.7,57.6,-0.8,-21.0,-3.1,-0.62,391,False,0.189,917,True,False,False,False,1.599609375,0.55,500,27.4,-1.0,-30.2,0.3,-51.3,-3.1,-1.06,,False,1.514,280,True,True,False,True,2.169921875,-0.02,1086,7.3,-0.7,-10.6,-0.2,-18.58,0.0,-0.52,,False,0.503,437,False,False,False,True,2.359375,-0.21,1588,-0.0,-0.3,-0.6,,2.74,0.0,-0.2,,False,-0.004,1046,False,False,False,True,
078130,국일제지,0.0,4.0,4775.0,4235.0,,0.260009765625,-0.26,1204,-19.9,38.0,-18.3,38.2,1106.55,-90.0,-1.6,,False,-0.1,1137,True,True,True,True,0.469970703125,-0.47,1148,-18.1,36.3,-18.7,36.6,956.11,-90.0,-3.48,869,False,-0.124,916,True,True,True,True,0.0,0.0,913,-4.4,15.0,-10.5,15.1,11.01,0.0,0.1,,False,-0.098,1137,False,False,True,True,0.0,0.0,908,2.4,1.8,-3.8,1.8,13.24,0.0,-0.05,,False,0.054,724,False,False,True,True,스파이크
078140,대봉엘에스,4.3984375,0.61,875.0,7890.0,,3.490234375,0.91,559,10.0,-0.7,-11.5,0.0,-28.73,0.0,-0.2,,False,1.086,532,False,False,False,True,4.19140625,0.21,624,0.2,-0.2,-2.0,,-25.64,0.0,-0.08,,False,0.296,584,False,False,False,True,3.599609375,0.8,295,7.7,-0.0,-8.8,,-8.47,0.0,-0.14,,False,0.923,247,False,False,False,True,4.4296875,-0.03,1262,0.7,0.0,-0.8,,6.62,0.0,-0.11,,False,0.083,617,False,False,False,True,
078150,HB테크놀러지,2.560546875,0.59,1753.0,1891.0,,1.4599609375,1.1,510,-77.7,-0.5,63.4,-0.3,0.11,0.0,-0.91,,False,2.032,332,False,False,False,False,7.55078125,-4.99,1787,-200.2,-1.0,183.7,0.2,-28.51,0.0,-0.59,83,False,-4.379,1741,False,False,False,False,3.779296875,-1.22,1682,-28.2,0.1,29.6,0.0,-35.02,0.0,-0.32,169,False,-0.899,1589,False,False,True,False,2.720703125,-0.16,1524,-7.3,0.0,9.0,,-1.1,0.0,0.25,110,False,-0.413,1608,False,False,False,False,
078160,메디포스트,3.130859375,1.37,3434.0,8760.0,,2.419921875,0.71,617,146.4,121.0,-263.8,8.8,-40.57,0.0,-1.78,,False,2.387,290,False,True,True,True,2.439453125,0.69,449,47.1,-106.2,32.5,-2.1,-65.1,0.0,-0.59,624,False,1.176,339,False,False,False,False,3.759765625,-0.63,1557,-5.9,-1.6,10.6,0.6,-18.05,0.0,-0.41,404,False,-0.161,1204,False,False,False,False,3.169921875,-0.04,1301,1.5,-0.2,-1.5,,3.3,0.0,-0.08,,False,0.041,773,False,False,False,True,
078340,컴투스,10.828125,0.29,3083.0,25500.0,,8.9609375,1.87,356,41.4,90.1,-136.9,-10.1,-18.14,-5.08,0.52,,False,0.831,616,True,False,True,True,12.2734375,-1.45,1510,-58.0,-36.0,80.7,-10.5,-24.67,0.0,0.11,230,False,-1.575,1522,False,False,False,False,11.1015625,-0.27,1364,-6.1,13.4,-7.5,0.4,-1.92,0.0,-0.08,,False,-0.202,1251,False,False,True,True,11.0078125,-0.18,1552,-1.2,1.0,-0.0,,-1.73,0.0,-0.15,673,False,-0.038,1214,False,False,True,False,
078350,한양디지텍,5.23828125,1.76,3133.0,20550.0,,3.859375,1.38,437,180.3,-95.4,46.9,-34.0,-18.29,0.0,-3.85,269,False,5.166,101,False,True,False,False,3.30078125,1.94,245,157.1,-35.4,-113.4,-13.2,-24.86,0.0,-1.89,,False,3.76,103,False,True,False,True,5.98828125,-0.75,1598,-8.1,-59.4,44.7,-11.9,-17.14,0.0,-0.68,134,False,-0.133,1174,False,False,False,False,5.53125,-0.29,1658,-4.4,-12.9,11.7,-2.6,0.74,0.0,-0.16,166,False,-0.129,1412,False,False,False,False,
078590,휴림에이텍,2.150390625,0.3,209.0,2090.0,,1.5400390625,0.61,658,7.6,0.7,80.6,,190.68,-85.12,-30.96,21,False,2.883,250,True,True,True,False,3.419921875,-1.27,1470,4.6,0.9,-7.7,,202.02,-90.0,-40.37,,False,0.65,456,True,True,True,True,1.25,0.9,266,2.0,-0.0,-0.8,,-27.93,0.0,-0.0,,False,0.911,253,False,False,False,True,2.099609375,0.05,725,-0.2,-0.0,0.3,,1.46,0.0,0.2,329,False,-0.121,1400,False,False,False,False,지속
078600,대주전자재료,17.9375,4.55,11982.0,76300.0,,13.8828125,4.05,149,918.1,1271.9,-2121.3,163.0,24.88,1.44,-1.49,,False,5.993,70,True,True,True,True,15.0703125,2.87,162,834.2,-1605.3,787.0,-111.3,-42.42,1.13,-2.38,120,False,5.442,46,True,True,False,False,14.3828125,3.55,35,382.9,-540.7,163.0,-49.9,-41.44,0.49,0.86,198,False,2.751,52,False,False,False,False,18.6875,-0.75,1760,-130.2,23.1,111.6,11.8,2.28,0.0,0.27,52,False,-1.019,1698,False,False,True,False,지속
078860,아이오케이이엔엠,1.1298828125,0.24,170.0,2745.0,,0.7998046875,0.33,758,-1.8,-0.5,11.4,,155.82,-89.59,-28.79,605,False,2.228,310,True,True,False,False,3.359375,-2.23,1654,-6.4,0.0,5.7,,529.59,-89.59,-29.49,778,False,-0.212,968,True,True,False,False,0.9599609375,0.17,687,-0.2,0.0,0.1,,-14.22,4.06,-0.11,,False,0.213,644,True,False,False,False,1.16015625,-0.03,1262,0.0,-0.0,-0.0,,0.18,0.0,-0.05,,False,0.009,931,False,False,False,False,스파이크
078890,가온그룹,7.7890625,0.53,698.0,3790.0,,6.140625,1.65,387,20.0,-19.4,52.6,-13.5,-34.99,2.09,0.44,103,False,1.35,463,True,False,False,False,9.953125,-2.16,1649,-33.9,1.5,35.1,-0.2,-45.86,0.0,0.77,133,False,-2.967,1694,False,False,True,False,8.6328125,-0.84,1629,-12.3,-1.5,13.1,,-35.76,0.0,0.16,149,False,-1.026,1615,False,False,False,False,8.28125,-0.49,1720,-4.7,0.0,4.8,,-11.03,0.0,0.14,79,False,-0.634,1663,False,False,False,False,
079000,와토스코리아,1.2197265625,0.41,328.0,4555.0,,1.2099609375,0.01,978,-3.7,2.2,2.6,-0.2,-32.32,0.0,0.28,648,False,-0.297,1260,False,False,True,False,0.759765625,0.46,527,-0.2,-0.6,1.6,-0.0,-46.66,0.0,0.21,799,False,0.219,616,False,False,False,False,1.6396484375,-0.42,1458,-2.9,-0.9,3.8,-0.0,-8.26,0.0,0.07,220,False,-0.502,1447,False,False,False,False,1.1396484375,0.08,642,0.5,-0.3,-0.2,,1.11,0.0,-0.08,,False,0.16,394,False,False,False,True,
079170,한창산업,7.44140625,0.34,247.0,4750.0,,6.1796875,1.26,466,3.2,-0.4,-3.1,-0.4,-25.78,0.0,0.14,,False,1.105,523,False,False,False,True,7.71875,-0.28,1051,-2.5,0.1,2.4,0.0,-30.66,0.0,0.2,665,False,-0.505,1166,False,False,True,False,7.23828125,0.2,653,0.6,-0.0,-0.8,,-9.18,0.0,-0.09,,False,0.273,584,False,False,False,True,7.51171875,-0.07,1370,0.1,-0.0,-0.2,,3.26,0.0,-0.11,,False,0.041,773,False,False,False,True,
079190,케스피온,1.830078125,0.81,110.0,571.0,,2.189453125,-0.36,1239,-4.8,-0.2,10.5,,13.52,-50.0,-0.76,297,False,0.294,847,True,False,False,False,3.16015625,-1.33,1484,-5.6,-0.7,7.9,,73.03,-50.0,-3.85,506,False,-0.745,1275,True,True,False,False,2.01953125,-0.19,1294,-0.5,-0.0,-0.6,,-17.6,0.0,-0.9,,False,-0.361,1369,False,False,False,True,1.830078125,0.0,908,,,,,0.0,0.0,0.0,,False,,,False,False,False,False,
079370,제우스,7.76171875,0.89,3012.0,9710.0,,6.58984375,1.17,488,7.8,-115.4,104.0,-127.5,-36.03,0.0,-0.27,304,False,1.404,453,False,False,False,False,4.30859375,3.45,122,119.8,-184.6,69.1,-54.6,-39.95,0.0,-0.24,469,False,3.644,112,False,False,False,False,7.19921875,0.56,411,18.1,25.3,-45.3,-8.0,-16.58,0.0,-0.13,,False,0.675,337,False,False,True,True,7.609375,0.15,475,-4.3,16.4,-13.0,6.9,9.84,0.0,0.26,,False,-0.143,1433,False,False,True,True,
079650,서산,1.5498046875,1.17,818.0,4090.0,,0.89990234375,0.65,645,-0.9,0.1,1.5,0.0,198.76,0.0,-0.4,,False,0.922,580,False,False,True,False,0.75,0.8,420,-0.7,0.4,1.3,0.0,189.25,0.0,-0.25,,False,0.93,392,False,False,True,False,1.4404296875,0.11,737,-6.5,-2.3,9.8,0.0,43.51,0.0,0.37,225,False,-0.343,1361,False,False,False,False,1.5400390625,0.01,867,0.9,0.0,-0.7,,-20.58,0.0,-0.26,,False,0.269,230,False,False,False,True,지속
079810,APS이노베이션,2.609375,0.37,617.0,2865.0,,2.990234375,-0.38,1251,-12.8,-0.7,14.5,-0.0,-42.06,0.0,0.18,493,False,-0.656,1413,False,False,False,False,2.150390625,0.46,527,1.0,-0.4,-3.9,0.0,-52.88,0.0,0.17,,False,0.21,622,False,False,False,True,2.33984375,0.27,589,1.7,-0.0,-1.7,,-25.1,0.0,-0.06,,False,0.301,561,False,False,False,True,2.640625,-0.03,1262,-0.8,0.0,0.8,,0.7,0.0,0.09,358,False,-0.126,1408,False,False,False,False,
079940,가비아,40.21875,2.5,4550.0,33900.0,,40.0,0.22,818,4.3,-19.5,-14.2,-2.0,9.35,-0.85,-0.24,,False,0.062,999,False,False,False,True,39.96875,0.25,604,16.0,-16.9,-29.6,-1.7,4.47,0.0,-0.12,,False,0.365,555,False,False,False,True,40.15625,0.06,788,1.4,-0.8,-8.5,0.7,10.24,0.0,0.04,,False,0.022,885,False,False,False,True,40.09375,0.12,543,4.3,-0.2,-4.2,,8.83,0.0,0.02,,False,0.099,567,False,False,False,True,지속
079950,인베니아,2.990234375,0.36,112.0,812.0,,0.52978515625,2.46,266,-4.5,-9.0,13.3,,-81.96,137.92,4.04,23,False,-3.41,1726,True,True,False,False,3.220703125,-0.23,1016,-0.5,0.0,0.2,,-29.02,0.0,-0.3,,False,-0.045,845,False,False,False,False,3.400390625,-0.41,1449,-1.0,0.1,0.8,,-24.11,0.0,0.21,276,False,-0.705,1536,False,False,True,False,2.919921875,0.07,665,0.1,-0.0,-0.1,,-7.52,0.0,0.01,,False,0.065,682,False,False,False,True,
079960,동양이엔피,7.30859375,0.34,1576.0,20050.0,,7.62890625,-0.32,1227,-0.8,-17.3,22.3,-8.4,-24.77,0.0,-0.26,442,False,-0.09,1132,False,False,False,False,7.55078125,-0.24,1026,-6.2,-6.0,15.2,-3.5,-29.53,0.0,0.12,534,False,-0.391,1095,False,False,False,False,6.98828125,0.32,557,2.1,0.3,-2.4,,-9.48,0.0,0.15,,False,0.155,715,False,False,True,True,7.03125,0.28,275,5.5,0.1,-5.3,,2.82,0.0,-0.07,,False,0.346,151,False,False,True,True,스파이크
079970,투비소프트,1.849609375,0.34,76.0,596.0,,1.8603515625,-0.01,1063,,,,,0.0,0.0,-0.01,,False,,,False,False,False,False,1.8603515625,-0.01,865,,,,,0.0,0.0,-0.01,,False,,,False,False,False,False,1.849609375,0.0,913,,,,,0.0,0.0,0.0,,False,,,False,False,False,False,1.849609375,0.0,908,,,,,0.0,0.0,0.0,,False,,,False,False,False,False,
080010,이상네트웍스,4.28125,0.48,718.0,7300.0,,1.8798828125,2.4,276,17.1,-0.1,-18.0,-0.1,6.73,0.0,-0.06,,False,2.465,282,False,False,False,True,1.8798828125,2.4,196,16.7,0.0,-16.8,,9.12,0.0,0.0,,False,2.394,190,False,False,False,True,3.740234375,0.54,428,4.0,0.0,-3.8,,8.96,0.0,-0.06,,False,0.596,381,False,False,False,True,4.2109375,0.07,665,1.0,0.0,-0.8,,4.29,0.0,-0.07,,False,0.136,462,False,False,False,True,지속
080160,모두투어,11.1015625,1.63,1567.0,8290.0,,13.359375,-2.26,1659,-45.5,15.6,-232.9,7.3,-20.06,0.0,0.3,,False,-2.557,1695,False,False,True,True,13.7890625,-2.69,1706,-68.0,-3.1,20.0,-1.7,-29.57,0.0,0.8,478,False,-3.499,1719,False,False,False,False,12.046875,-0.95,1645,-13.7,-0.3,3.0,,-13.65,0.0,-0.08,471,False,-0.846,1582,False,False,False,False,11.34375,-0.24,1622,-3.5,-0.2,-1.7,,1.34,0.0,0.01,,False,-0.221,1517,False,False,False,True,
080220,제주반도체,1.7900390625,12.15,28209.0,81900.0,,7.28125,-5.49,1767,-1474.5,1815.7,-592.8,153.0,165.48,0.0,-2.64,,False,-2.753,1702,False,True,True,True,0.0,1.79,262,-938.8,973.4,-175.1,143.3,88.49,0.0,-0.2,,False,2.07,223,False,False,True,True,5.2890625,-3.5,1799,-1663.0,628.6,903.1,-71.1,-19.07,0.0,0.04,86,False,-3.586,1743,False,False,True,False,4.01953125,-2.23,1806,-693.4,302.9,384.0,-9.2,5.41,0.0,0.09,30,False,-2.338,1726,False,False,True,False,
080420,모다이노칩,0.1099853515625,0.3,1074.0,1347.0,,0.219970703125,-0.11,1124,0.8,1.1,-2.6,,-35.86,0.0,-0.19,,False,0.06,1002,False,False,True,True,0.1400146484375,-0.03,880,-0.6,0.0,0.3,,-32.82,0.0,-0.02,881,False,-0.034,835,False,False,False,False,0.1099853515625,0.0,913,-0.1,0.0,0.0,,-12.76,0.0,0.0,656,False,-0.004,970,False,False,False,False,0.1099853515625,0.0,908,-0.0,0.0,0.0,,-2.39,0.0,0.0,694,False,-0.002,1027,False,False,False,False,
080470,성창오토텍,9.34375,0.36,216.0,2955.0,,3.390625,5.95,75,16.4,-1.2,-16.0,,-35.2,0.0,0.85,,False,5.147,103,False,False,False,True,8.9765625,0.37,559,-1.3,-0.2,0.5,,-29.39,0.0,0.8,848,False,-0.463,1136,False,False,False,False,9.5078125,-0.16,1247,-0.4,0.0,-0.4,,-7.66,0.0,-0.03,,False,-0.148,1187,False,False,False,True,9.296875,0.05,725,-0.0,-0.0,0.1,,-1.5,0.0,0.06,595,False,-0.01,1086,False,False,False,False,
080520,오디텍,1.919921875,0.26,331.0,2920.0,,1.5302734375,0.39,731,-0.1,-0.7,0.8,-0.7,-7.01,0.0,0.02,,False,0.312,837,False,False,False,False,1.509765625,0.41,544,1.2,-0.0,-1.1,0.0,-33.33,0.0,0.18,,False,0.212,620,False,False,False,True,2.359375,-0.44,1464,-0.5,-0.0,0.6,,-10.98,0.0,-0.33,484,False,-0.123,1166,False,False,False,False,1.8798828125,0.04,763,0.1,-0.0,-0.1,,2.64,0.0,0.01,,False,0.031,815,False,False,False,True,
080530,코디,2.509765625,0.48,282.0,2550.0,,1.150390625,1.36,444,5.8,-9.8,1.1,-4.4,149.76,-80.05,-9.4,704,False,1.143,514,True,True,False,False,2.44921875,0.06,692,0.5,-2.3,0.0,-1.7,212.88,-80.05,-10.23,,False,0.027,743,True,True,False,False,2.759765625,-0.25,1352,-0.8,-0.0,0.6,-0.0,4.51,-0.27,0.02,433,False,-0.288,1319,False,False,False,False,2.580078125,-0.07,1370,-0.2,0.0,0.2,,2.2,0.0,0.01,447,False,-0.076,1318,False,False,False,False,
080580,오킨스전자,12.3125,5.29,2797.0,13260.0,,11.8984375,0.41,724,-28.1,344.7,-205.2,226.9,23.81,4.51,-0.14,,False,1.005,557,True,False,True,True,6.8984375,5.41,50,241.6,33.3,-245.4,222.6,-41.59,2.48,-0.89,,False,6.534,26,True,False,True,True,10.15625,2.16,83,44.1,-29.5,-17.9,-1.8,-28.17,0.0,0.75,,False,1.399,152,False,False,False,True,11.703125,0.61,86,5.5,-15.1,9.8,3.0,7.8,0.0,0.43,163,False,0.18,360,False,False,False,False,지속
080720,한국유니온제약,1.8095703125,0.0,216.0,2725.0,,1.8095703125,0.0,987,,,,,0.0,0.0,0.0,,False,,,False,False,False,False,1.8095703125,0.0,771,,,,,0.0,0.0,0.0,,False,,,False,False,False,False,1.8095703125,0.0,913,,,,,0.0,0.0,0.0,,False,,,False,False,False,False,1.8095703125,0.0,908,,,,,0.0,0.0,0.0,,False,,,False,False,False,False,
081150,티플랙스,7.1484375,0.4,675.0,2780.0,,6.69921875,0.45,709,8.5,26.8,-38.2,0.6,-8.4,0.0,-0.69,,False,1.101,524,False,False,True,True,7.41015625,-0.26,1036,5.4,1.4,-10.9,1.1,-24.15,0.0,-0.54,,False,0.323,575,False,False,True,True,8.40625,-1.26,1687,-6.6,-0.8,4.6,-0.8,-5.12,0.0,-0.23,237,False,-1.038,1619,False,False,False,False,6.94921875,0.2,382,1.7,-0.0,-1.7,,3.54,0.0,-0.05,,False,0.25,251,False,False,False,True,
081180,쎄크,5.48046875,1.4,495.0,5610.0,,1.4697265625,4.01,152,69.1,-96.4,26.8,-34.7,-64.94,0.0,-1.43,179,False,5.469,92,False,True,False,False,6.5703125,-1.09,1411,-19.1,-23.6,44.1,-8.3,-58.44,0.0,0.76,53,False,-1.749,1574,False,False,False,False,5.578125,-0.1,1188,-2.8,-4.6,7.5,-2.8,-27.98,0.0,0.28,141,False,-0.336,1356,False,False,False,False,5.2109375,0.27,292,0.3,-0.0,-0.3,-0.0,6.25,0.0,0.19,,False,0.078,636,False,False,False,True,
081580,성우전자,2.509765625,0.32,364.0,2345.0,,4.83984375,-2.33,1662,-9.6,-3.4,20.8,0.3,-4.48,0.0,0.07,118,False,-2.404,1686,False,False,False,False,4.73046875,-2.22,1652,-8.6,-0.5,9.5,0.4,-32.9,0.0,-0.18,215,False,-2.013,1613,False,False,False,False,2.869140625,-0.36,1422,-0.5,-0.1,0.5,-0.2,-6.39,0.0,-0.27,521,False,-0.107,1144,False,False,False,False,2.439453125,0.07,665,0.2,-0.1,-0.1,,1.96,0.0,0.01,,False,0.064,688,False,False,False,True,스파이크
082210,옵트론텍,9.3671875,1.04,672.0,1921.0,,11.1171875,-1.75,1603,-3.2,-0.4,13.0,,8.84,5.34,-1.46,288,False,-0.773,1448,True,True,False,False,11.0234375,-1.66,1560,-8.4,0.0,12.4,,-0.47,0.0,-1.17,257,False,-1.497,1506,False,True,False,False,10.5703125,-1.2,1681,-7.1,0.0,6.4,,35.76,0.0,-0.98,164,False,-1.235,1643,False,False,False,False,10.0625,-0.7,1750,-1.9,-0.0,3.5,,9.46,0.0,-0.96,105,False,-0.291,1554,False,False,False,False,
082270,젬백스,7.3515625,7.51,4493.0,10150.0,,9.4296875,-2.08,1639,-425.1,425.7,64.1,-2.8,-56.62,3.72,0.54,584,False,-2.376,1681,True,False,True,False,6.19140625,1.16,347,85.9,-67.8,2.6,1.5,-60.43,0.0,0.37,,False,0.817,411,False,False,False,False,7.71875,-0.37,1428,-36.2,24.7,13.5,1.7,-25.97,0.0,0.23,455,False,-0.603,1491,False,False,True,False,7.23046875,0.12,543,0.8,0.2,0.3,0.1,-7.22,0.0,0.11,628,False,0.016,897,False,False,True,False,
082660,코스나인,0.7099609375,2.16,478.0,480.0,,0.7099609375,0.0,987,,,,,0.0,0.0,0.0,,False,,,False,False,False,False,0.7099609375,0.0,771,,,,,0.0,0.0,0.0,,False,,,False,False,False,False,0.7099609375,0.0,913,,,,,0.0,0.0,0.0,,False,,,False,False,False,False,0.7099609375,0.0,908,,,,,0.0,0.0,0.0,,False,,,False,False,False,False,
082800,비보존 제약,0.8701171875,1.73,1463.0,2410.0,,0.66015625,0.21,825,-23.4,-65.4,83.7,-5.6,-41.65,21.19,1.46,119,False,-1.418,1591,True,True,False,False,2.19921875,-1.33,1484,-35.1,-6.5,43.4,-1.7,-24.45,0.0,0.45,209,False,-1.78,1579,False,False,False,False,1.0400390625,-0.17,1267,-8.2,-0.8,7.9,0.2,-36.5,0.0,0.38,287,False,-0.568,1480,False,False,False,False,0.97998046875,-0.11,1463,-0.3,0.0,0.3,,-3.79,0.0,-0.09,591,False,-0.021,1143,False,False,False,False,
082850,우리바이오,6.0,0.26,538.0,1111.0,,1.830078125,4.17,142,39.2,0.0,-40.6,,-43.46,0.0,-0.6,,False,4.775,121,False,False,False,True,4.28125,1.72,272,14.2,0.0,-14.3,,-46.07,0.0,-0.3,,False,2.015,230,False,False,False,True,5.41015625,0.59,389,3.3,-0.0,-3.3,,-17.58,0.0,-0.12,,False,0.689,329,False,False,False,True,5.91015625,0.09,613,0.4,0.0,-0.4,,-1.16,0.0,0.02,,False,0.061,699,False,False,False,True,
082920,비츠로셀,32.65625,3.93,13103.0,28900.0,,32.5,0.16,853,173.0,629.8,-765.4,213.4,44.93,0.0,-0.42,,False,0.606,709,False,False,True,True,29.921875,2.73,177,676.7,72.7,-700.8,-118.0,-48.85,0.0,-0.35,,False,3.102,139,False,False,True,True,30.921875,1.73,108,347.9,-135.0,-206.3,-104.4,-40.35,0.0,-0.18,,False,1.935,95,False,False,False,True,32.90625,-0.25,1628,19.9,-17.6,2.2,-15.1,-8.11,0.0,-0.41,638,False,0.163,387,False,False,False,False,
083310,엘오티베큠,9.65625,0.58,1578.0,8860.0,,10.171875,-0.52,1308,30.0,-14.6,-2.6,-2.5,-29.18,0.0,-0.57,401,False,0.075,991,False,False,False,True,11.6015625,-1.95,1617,-22.7,2.9,16.3,-2.6,-37.39,0.0,-0.07,296,False,-1.809,1584,False,False,True,False,10.78125,-1.12,1670,-23.3,0.0,22.1,0.1,-21.45,0.0,0.28,114,False,-1.404,1660,False,False,False,False,9.5078125,0.15,475,-1.7,-0.0,1.7,,4.36,0.0,0.27,365,False,-0.123,1403,False,False,False,False,
083450,GST,22.3125,2.66,8266.0,44850.0,,9.9609375,12.35,17,707.5,-124.8,-519.3,-17.3,63.09,0.0,1.61,,False,10.704,16,False,True,False,True,18.046875,4.27,86,281.0,-48.3,-180.6,-51.1,7.43,0.0,0.55,,False,3.672,110,False,False,False,True,21.6875,0.62,374,120.9,42.1,-136.9,20.9,-25.0,0.0,-0.71,,False,1.336,168,False,False,True,True,22.203125,0.11,568,-20.3,22.6,-3.4,8.1,3.58,0.0,0.34,,False,-0.231,1521,False,False,True,True,
083470,이엠앤아이,0.389892578125,1.48,153.0,719.0,,2.029296875,-1.64,1591,-1.7,-0.0,-1.6,,-6.74,0.0,-2.1,,False,-0.439,1327,False,True,False,True,3.650390625,-3.26,1744,-4.6,-0.0,3.0,,-43.3,0.0,-1.94,379,False,-2.058,1618,False,True,False,False,1.0703125,-0.68,1572,-0.5,0.0,0.1,,-25.88,0.0,-0.61,,False,-0.116,1155,False,False,False,False,0.81005859375,-0.42,1702,0.1,0.0,-0.2,,-12.85,0.0,-0.59,,False,0.122,500,False,False,False,True,
083500,에프엔에스테크,16.171875,1.28,1155.0,13900.0,,11.40625,4.77,115,62.9,9.6,-40.2,-1.1,4.04,-3.14,0.45,,False,3.839,174,True,False,True,True,13.328125,2.84,167,34.2,20.6,-19.3,1.9,-28.09,-3.14,0.5,,False,1.954,238,True,False,True,True,16.09375,0.08,769,4.0,-42.0,36.6,-10.3,-29.08,0.0,-0.31,33,False,0.371,508,False,False,False,False,16.34375,-0.17,1542,-3.5,0.1,3.3,,7.67,0.0,0.16,195,False,-0.322,1573,False,False,True,False,
083550,케이엠,2.9296875,0.26,363.0,2680.0,,3.19921875,-0.27,1209,-1.7,-0.7,2.7,,-24.08,4.67,0.31,512,False,-0.468,1335,True,False,False,False,3.75,-0.82,1316,-4.8,-0.0,4.9,,-28.25,4.67,0.46,418,False,-1.167,1432,True,False,False,False,3.099609375,-0.17,1267,-0.6,-0.0,0.6,,-1.11,0.0,-0.0,477,False,-0.169,1214,False,False,False,False,2.8203125,0.11,568,-0.2,-0.0,0.2,,6.14,0.0,0.17,492,False,-0.057,1274,False,False,False,False,
083640,인콘,0.0,0.25,185.0,1188.0,,1.7900390625,-1.79,1607,-2.3,-0.4,5.8,0.1,386.89,-80.0,-17.59,,False,1.828,373,True,True,False,False,4.640625,-4.64,1781,-4.7,-1.5,4.3,0.1,208.57,-80.0,-21.69,750,False,-0.313,1043,True,True,False,False,0.389892578125,-0.39,1437,-0.8,-0.2,0.6,-0.3,-7.55,0.0,-0.21,531,False,-0.19,1241,False,False,False,False,0.029998779296875,-0.03,1262,0.2,0.1,-0.3,,6.45,0.0,-0.14,,False,0.107,541,False,False,True,True,스파이크
083650,비에이치아이,14.6484375,7.43,13198.0,42650.0,,19.046875,-4.4,1749,-594.1,555.9,91.1,4.9,-25.04,0.0,-3.3,,False,-1.052,1521,False,True,True,False,20.75,-6.1,1794,-1457.4,-978.7,2422.3,69.9,-56.21,0.0,-1.17,16,True,-4.969,1751,False,True,False,False,13.609375,1.04,228,78.2,-46.3,-31.4,19.7,-37.28,0.0,0.3,,False,0.74,308,False,False,False,True,14.4921875,0.16,457,8.0,-7.1,-1.8,0.3,-5.22,0.0,0.09,,False,0.07,664,False,False,False,True,
083660,CSA 코스믹,0.330078125,1.0,245.0,230.0,,1.5400390625,-1.21,1508,-6.3,-0.2,15.2,-0.2,-49.45,69.73,0.12,187,False,-1.552,1606,True,False,False,False,6.05078125,-5.72,1792,-15.9,0.0,14.6,,-16.06,69.73,0.41,54,False,-6.246,1755,True,False,False,False,1.009765625,-0.68,1572,-1.6,0.0,0.6,,-24.59,69.73,0.14,601,False,-0.746,1553,True,False,False,False,0.8701171875,-0.54,1731,-0.8,0.0,0.6,,5.99,0.0,-0.27,248,False,-0.331,1578,False,False,False,False,
083790,CG인바이츠,2.5703125,0.77,680.0,884.0,,2.390625,0.18,839,2.9,-0.7,-21.2,,-32.0,0.0,-0.13,,False,0.429,786,False,False,False,True,2.689453125,-0.12,943,-1.6,-0.2,-9.9,,-34.32,0.0,-0.01,,False,-0.105,895,False,False,False,True,2.779296875,-0.21,1309,-0.5,-0.0,-6.2,,-8.87,0.0,-0.17,,False,-0.036,1039,False,False,False,True,2.439453125,0.13,520,1.3,-0.0,-1.4,,0.34,0.0,-0.07,,False,0.196,327,False,False,False,True,스파이크
083930,아바코,6.03125,0.66,1499.0,10210.0,,11.9609375,-5.93,1771,-99.5,93.0,7.4,-1.3,-19.03,0.0,-0.29,372,False,-5.672,1762,False,False,True,False,10.53125,-4.5,1778,-91.7,22.4,58.9,-2.4,-30.64,0.0,0.58,114,False,-5.111,1752,False,False,True,False,8.8203125,-2.79,1789,-43.5,-0.3,41.6,-0.1,-20.79,0.0,-0.25,40,False,-2.532,1726,False,False,False,False,5.828125,0.2,382,2.3,-0.0,-2.0,0.0,1.69,0.0,0.06,,False,0.142,448,False,False,False,True,
084110,휴온스글로벌,7.640625,0.61,3469.0,27400.0,,7.359375,0.28,784,-14.9,-21.9,-28.8,2.4,-42.01,0.0,-0.3,,False,0.454,773,False,False,False,True,7.94140625,-0.3,1066,-58.1,15.1,-33.5,-3.3,-48.88,0.0,-0.22,,False,-0.22,975,False,False,True,True,8.3984375,-0.76,1601,-9.1,-3.4,-3.2,,2.05,0.0,-0.5,,False,-0.237,1285,False,False,False,True,7.98046875,-0.34,1682,-6.2,1.5,1.0,,3.2,0.0,-0.16,566,False,-0.182,1477,False,False,True,False,
084180,수성웹툰,6.0703125,0.13,97.0,539.0,,2.8203125,3.25,198,6.3,-0.6,13.1,0.1,-80.11,0.0,-0.3,112,False,2.972,242,False,False,False,False,7.2890625,-1.22,1456,-4.3,-0.1,3.7,,-54.71,0.0,-0.11,381,False,-1.598,1530,False,False,False,False,4.5703125,1.5,141,0.9,-0.1,-0.7,,-11.2,0.0,0.21,,False,1.232,190,False,False,False,True,5.96875,0.1,592,-0.3,-0.1,0.4,,47.27,0.0,0.38,150,False,-0.265,1538,False,False,False,False,
084370,유진테크,36.46875,7.22,33641.0,146800.0,,30.515625,5.95,75,1349.1,213.4,-1616.9,284.8,78.37,0.0,0.67,,False,5.213,95,False,False,True,True,35.0,1.47,300,360.2,206.4,-634.5,320.4,8.82,0.0,0.08,,False,1.296,319,False,False,True,True,37.375,-0.91,1640,-319.4,390.0,-96.3,-6.6,-16.92,0.0,-0.16,,False,-0.806,1570,False,False,True,True,37.28125,-0.81,1766,-227.6,99.4,108.5,34.6,-0.14,0.0,-0.22,181,False,-0.638,1664,False,False,True,False,
084440,유비온,0.0,2.5,184.0,963.0,,0.0,0.0,987,-1.4,11.9,-10.2,-2.1,-12.14,-2.94,0.22,,False,-0.491,1347,True,False,True,True,0.0,0.0,771,-0.9,7.3,-7.0,-0.4,-12.14,-2.94,0.13,,False,-0.403,1105,True,False,True,True,0.0,0.0,913,-0.3,1.8,-1.9,-0.4,-6.05,0.0,0.1,,False,-0.129,1170,False,False,True,True,0.0,0.0,908,-0.2,0.9,-0.7,-0.4,8.08,0.0,0.13,,False,-0.128,1411,False,False,True,True,
084650,랩지노믹스,2.640625,0.36,534.0,719.0,,2.939453125,-0.3,1219,-27.3,28.0,13.5,-0.7,-56.5,0.0,1.12,,False,-1.344,1576,False,True,True,False,7.171875,-4.53,1779,-63.0,27.5,48.5,-0.7,-52.79,0.0,0.24,303,False,-4.729,1748,False,False,True,False,3.080078125,-0.44,1464,-4.1,10.1,-6.2,,-30.93,0.0,0.24,,False,-0.603,1491,False,False,True,True,3.41015625,-0.77,1764,-1.1,0.1,1.1,,-12.21,0.0,-0.59,312,False,-0.181,1475,False,False,True,False,
084730,팅크웨어,2.419921875,0.4,705.0,6350.0,,2.140625,0.28,784,0.6,0.9,-30.8,0.7,-31.43,0.0,-0.05,,False,0.297,844,False,False,True,True,2.580078125,-0.16,971,-0.8,-2.7,-18.6,,-27.26,0.0,-0.22,,False,0.045,717,False,False,False,True,2.029296875,0.39,513,3.1,-2.7,-5.4,,-9.93,0.0,-0.06,,False,0.437,475,False,False,False,True,2.390625,0.03,799,1.0,-0.0,-3.0,,2.58,0.0,-0.11,,False,0.134,467,False,False,False,True,
084850,아이티엠반도체,2.5,1.94,1921.0,8470.0,,2.189453125,0.31,772,-30.8,-0.4,33.1,0.0,-7.53,0.0,1.34,433,False,-0.995,1509,False,True,False,False,1.7099609375,0.79,424,1.7,0.5,-3.0,0.0,-53.89,0.0,0.76,,False,0.039,721,False,False,True,True,2.169921875,0.33,552,-1.2,0.7,-0.5,,-20.92,0.0,0.38,,False,-0.055,1073,False,False,True,True,2.58984375,-0.09,1427,-0.5,0.1,0.1,,-4.94,0.0,-0.06,693,False,-0.027,1178,False,False,True,False,
084990,헬릭스미스,3.7109375,1.13,1611.0,3495.0,,3.19921875,0.51,694,-3.0,0.5,-22.5,0.5,-40.26,0.0,-1.05,,False,0.541,734,False,True,True,True,4.3203125,-0.61,1218,-41.8,1.8,26.4,-1.0,-62.86,0.0,-0.32,785,False,-0.675,1249,False,False,True,False,2.939453125,0.77,313,12.7,0.1,-15.0,,-26.58,0.0,-0.08,,False,0.758,302,False,False,True,True,3.369140625,0.34,224,5.7,-0.0,-6.9,,-5.92,0.0,-0.08,,False,0.355,148,False,False,False,True,
085660,차바이오텍,8.2890625,2.44,8479.0,9120.0,,7.55078125,0.74,611,295.3,-140.4,-122.8,-496.9,-35.55,17.24,0.14,,False,2.053,328,True,False,False,True,7.5390625,0.75,433,110.9,-71.3,-30.5,-5.5,-49.56,0.0,0.01,,False,0.739,427,False,False,False,True,8.2421875,0.05,805,-20.8,51.0,-30.9,-3.2,-26.21,0.0,0.26,,False,-0.205,1254,False,False,True,True,8.171875,0.12,543,5.4,-5.5,-0.6,-2.7,-7.32,0.0,0.05,703,False,0.062,693,False,False,False,True,
085670,뉴프렉스,3.4609375,0.7,756.0,3085.0,,4.46875,-1.01,1461,-0.1,-15.5,8.2,0.1,-43.29,0.2,-0.31,358,False,-0.731,1434,False,False,False,False,5.03125,-1.57,1537,-5.2,-15.9,20.8,0.0,-52.9,0.2,-0.18,192,False,-1.383,1480,False,False,False,False,4.37890625,-0.92,1641,-7.6,-0.1,7.3,,-23.35,0.0,-0.14,210,False,-0.82,1574,False,False,False,False,3.2109375,0.25,311,1.4,-0.0,-1.4,,0.0,0.0,0.07,,False,0.182,354,False,False,False,True,
085810,알티캐스트,0.0,0.42,243.0,1721.0,,0.89990234375,-0.9,1432,0.2,1.1,-3.3,1.3,195.2,-76.75,-6.82,,False,0.664,688,True,True,True,True,1.599609375,-1.6,1547,-2.8,0.4,-1.1,0.6,293.82,-78.43,-6.57,,False,-0.205,963,True,True,True,True,0.0,0.0,913,-0.5,0.0,-2.0,0.3,16.05,7.84,0.17,,False,-0.236,1282,True,False,False,True,0.0,0.0,908,0.0,0.0,0.1,0.0,5.58,-1.1,-0.0,533,False,0.007,943,True,False,False,False,
085910,네오티스,14.828125,3.88,2225.0,16130.0,,10.0,4.83,113,156.2,53.8,-195.3,-29.4,55.1,-1.0,-0.32,,False,4.875,111,True,False,True,True,8.34375,6.48,30,190.8,-109.3,-59.0,-63.0,-35.61,-1.0,-0.07,,False,6.276,29,True,False,False,True,9.3671875,5.46,11,157.4,-124.0,-32.7,-32.6,-42.7,0.0,-0.38,,False,5.722,6,False,False,False,True,17.046875,-2.22,1805,-53.7,-5.9,56.3,-7.6,7.03,0.0,-0.06,10,True,-2.172,1725,False,False,False,False,지속
086040,바이오톡스텍,2.220703125,0.8,333.0,2085.0,,2.169921875,0.05,929,-0.2,-0.0,-0.0,,-21.91,0.0,-0.21,,False,0.245,875,False,False,False,False,2.5390625,-0.32,1079,0.4,0.0,-0.6,,-38.5,0.0,-0.52,,False,0.173,642,False,False,False,True,2.2109375,0.01,883,0.2,-0.0,-0.4,,-12.76,0.0,-0.09,,False,0.083,796,False,False,False,True,2.240234375,-0.02,1215,-0.2,-0.0,0.2,,0.24,0.0,0.04,452,False,-0.057,1274,False,False,False,False,
086060,진바이오텍,3.330078125,0.8,439.0,5100.0,,6.578125,-3.25,1717,-9.2,0.0,-32.9,0.0,22.3,0.0,-0.91,,False,-2.455,1690,False,False,False,True,7.76171875,-4.43,1775,-16.5,-0.0,1.3,,3.76,0.0,-0.02,713,False,-4.432,1743,False,False,False,False,4.671875,-1.34,1695,-5.0,-0.0,-5.1,,28.63,0.0,-0.01,,False,-1.335,1655,False,False,False,True,3.4609375,-0.13,1489,-0.7,-0.0,-1.8,,12.09,0.0,0.03,,False,-0.158,1452,False,False,False,True,
086390,유니테스트,8.0234375,2.15,2168.0,10260.0,,13.84375,-5.82,1770,-166.1,-80.9,251.2,-33.2,-14.43,0.0,-2.08,60,False,-3.799,1736,False,True,False,False,4.98828125,3.04,152,125.3,-257.8,131.3,-107.6,-43.93,0.0,-1.2,84,False,4.197,82,False,True,False,False,6.01171875,2.01,90,56.8,-92.3,34.8,-49.6,-32.72,0.0,-0.31,111,False,2.333,72,False,False,False,False,6.62890625,1.39,17,14.3,-8.7,-5.5,0.4,4.59,0.0,0.78,,False,0.617,58,False,False,False,True,지속
086450,동국제약,15.4609375,1.31,8725.0,19290.0,,15.453125,0.01,978,38.1,-7.6,-39.1,99.0,16.34,0.0,-0.57,,False,0.585,715,False,False,False,True,15.4375,0.02,733,104.4,-392.2,269.1,38.0,-27.62,0.0,-1.17,152,False,1.179,338,False,True,False,False,17.59375,-2.13,1767,-125.7,30.8,75.7,-35.8,-1.08,0.0,-0.73,184,False,-1.404,1660,False,False,True,False,15.5,-0.04,1301,-17.6,11.8,1.4,1.2,5.29,0.0,0.16,594,False,-0.203,1505,False,False,True,False,
086520,에코프로,19.265625,5.49,108621.0,80000.0,,20.015625,-0.75,1387,2414.2,3396.2,-5285.4,-412.2,-15.52,0.0,-1.71,,False,0.995,558,False,True,True,True,19.796875,-0.53,1176,-1306.0,-2616.6,3934.7,-148.7,-46.38,0.0,0.22,239,False,-0.757,1285,False,False,False,False,19.296875,-0.03,1107,-804.9,279.8,509.8,-5.0,-34.75,0.0,0.57,387,False,-0.611,1499,False,False,True,False,19.34375,-0.08,1395,-344.4,259.6,83.8,-12.1,0.76,0.0,0.23,412,False,-0.313,1566,False,False,True,False,
086670,비엠티,2.130859375,1.01,1515.0,15260.0,,3.3203125,-1.19,1504,-4.7,-35.0,74.9,-29.0,22.08,0.0,-1.12,130,False,-0.13,1161,False,True,False,False,2.5390625,-0.41,1122,-5.3,-23.0,62.4,-21.0,-2.18,0.0,-0.04,106,False,-0.409,1110,False,False,False,False,3.720703125,-1.59,1719,-24.3,4.9,17.9,3.9,-14.46,0.0,0.08,129,False,-1.608,1681,False,False,True,False,2.33984375,-0.21,1588,-1.7,0.7,0.8,0.7,4.66,0.0,-0.09,493,False,-0.118,1398,False,False,True,False,
086710,선진뷰티사이언스,1.73046875,1.0,864.0,7080.0,,2.849609375,-1.12,1488,1.4,0.6,-10.6,0.3,-23.87,0.0,-1.37,,False,0.157,935,False,True,True,True,3.400390625,-1.67,1562,-8.8,3.8,-4.1,0.3,-31.06,0.0,-1.06,,False,-0.721,1267,False,True,True,True,1.8203125,-0.09,1179,-3.3,-0.8,-3.8,0.3,-11.94,0.0,0.23,,False,-0.326,1348,False,False,False,True,1.900390625,-0.17,1542,-1.6,-0.0,-1.7,,1.72,0.0,-0.0,,False,-0.169,1461,False,False,False,True,
086820,바이오솔루션,2.669921875,4.46,1530.0,5900.0,,2.5,0.17,845,23.1,-22.4,-4.8,3.7,-23.87,6.72,-0.54,,False,0.874,599,True,False,False,True,3.26953125,-0.6,1210,-12.4,-4.8,11.8,-3.6,-50.71,0.0,-0.26,674,False,-0.383,1092,False,False,False,False,2.25,0.42,500,2.8,-0.9,-3.5,-0.2,-14.24,0.0,0.22,,False,0.196,663,False,False,False,True,2.689453125,-0.02,1215,-0.3,-0.3,0.1,,4.98,0.0,-0.0,640,False,-0.02,1137,False,False,False,False,스파이크
086890,이수앱지스,2.470703125,1.13,1295.0,3175.0,,2.7890625,-0.32,1227,-2.5,-3.1,-3.2,-4.6,-42.06,0.56,0.2,558,False,-0.588,1390,False,False,False,True,2.599609375,-0.13,952,-11.3,-1.8,10.5,-4.4,-35.86,0.01,0.53,480,False,-0.718,1266,False,False,False,False,2.359375,0.11,737,-6.1,-4.5,9.7,-4.4,-6.07,0.0,0.53,231,False,-0.448,1426,False,False,False,False,2.119140625,0.35,215,-0.5,-0.0,0.5,,-7.16,0.0,0.39,538,False,-0.038,1214,False,False,False,False,
086900,메디톡스,15.1015625,1.11,5226.0,71600.0,,12.359375,2.74,243,174.1,38.6,-303.1,30.7,-40.18,0.0,0.32,,False,2.446,284,False,False,True,True,11.6796875,3.42,124,196.3,-299.7,37.1,0.4,-33.02,0.0,0.34,577,False,3.082,142,False,False,False,False,16.0,-0.9,1639,14.0,-0.1,-15.3,14.9,-16.45,0.0,-1.12,,False,0.219,637,False,True,False,True,14.96875,0.13,520,0.7,9.1,-10.9,13.5,0.7,0.0,0.12,,False,0.01,925,False,False,True,True,
086960,MDS테크,2.080078125,0.51,792.0,1862.0,,3.0703125,-0.99,1457,4.1,7.1,63.9,7.5,32.72,-56.5,-7.15,182,False,0.9,590,True,True,True,False,2.6796875,-0.6,1210,4.0,5.2,10.3,7.5,67.0,-58.59,-5.38,827,False,0.408,539,True,True,True,False,0.72021484375,1.36,162,15.4,1.2,-16.8,0.9,-27.83,0.98,-0.35,,False,1.764,107,False,False,True,True,2.080078125,0.0,908,2.8,0.1,-3.1,0.1,-1.27,0.0,-0.34,,False,0.34,155,False,False,True,True,
086980,쇼박스,2.01953125,1.21,1305.0,2090.0,,2.0390625,-0.02,1072,8.0,12.5,-24.3,-0.4,-16.23,-0.32,-0.53,,False,0.577,716,False,False,True,True,2.630859375,-0.61,1218,-4.0,10.4,-12.4,-1.0,-28.67,-0.32,-0.39,,False,-0.204,962,False,False,True,True,2.150390625,-0.13,1219,-3.2,8.0,-4.7,-0.0,-18.04,-0.32,0.04,,False,-0.184,1236,False,False,True,True,2.5703125,-0.55,1735,-3.1,1.6,1.4,,-7.93,-0.32,-0.34,391,False,-0.213,1511,False,False,True,False,
087010,펩트론,5.98046875,19.51,27794.0,119200.0,,5.421875,0.56,675,62.1,1854.9,-1863.3,-470.6,-48.51,0.0,0.21,,False,0.386,802,False,False,True,True,6.2890625,-0.31,1074,-34.7,-1400.1,1520.2,-422.5,-55.52,0.0,-0.53,127,False,0.238,607,False,False,False,False,4.609375,1.37,161,368.8,-639.8,304.1,-183.5,-48.73,0.0,0.39,167,False,1.003,226,False,False,False,False,4.87890625,1.1,31,105.7,-274.0,182.6,-105.7,-25.17,0.0,0.74,74,False,0.392,130,False,False,False,False,
087260,모바일어플라이언스,5.80859375,0.17,81.0,249.0,,1.6103515625,4.2,140,11.7,-0.0,15.9,,-87.79,0.0,1.9,301,False,2.469,281,False,True,False,False,2.76953125,3.04,152,8.0,0.1,26.2,,-88.25,0.0,1.62,99,False,1.587,274,False,True,True,False,10.96875,-5.16,1809,-0.3,0.0,0.3,,-46.1,0.0,-4.15,313,False,-0.782,1566,False,True,False,False,4.08984375,1.72,11,1.2,0.0,-1.7,,-4.23,0.0,0.58,,False,1.241,19,False,False,False,True,
087600,픽셀플러스,0.0,0.32,339.0,4145.0,,0.0,0.0,987,0.6,0.9,-1.5,,-31.83,0.0,-0.16,,False,0.154,936,False,False,True,True,0.1099853515625,-0.11,938,-1.8,0.9,0.9,,-32.6,0.0,0.21,862,False,-0.324,1046,False,False,True,False,0.0,0.0,913,-0.3,0.5,-0.2,,-10.57,0.0,0.1,,False,-0.098,1137,False,False,True,True,0.0,0.0,908,-0.0,0.3,-0.3,,4.8,0.0,0.01,,False,-0.014,1104,False,False,True,True,
088130,동아엘텍,8.1484375,0.52,876.0,5010.0,,6.25,1.9,351,-8.4,3.6,15.8,1.0,37.26,0.0,0.63,,False,1.281,474,False,False,True,False,7.76953125,0.38,555,-31.7,-6.5,34.9,1.4,-34.77,0.0,0.26,797,False,0.12,671,False,False,False,False,5.51953125,2.63,58,27.3,-1.6,-28.0,-0.4,-26.32,0.0,-0.27,,False,2.906,45,False,False,False,True,7.609375,0.54,107,3.9,-0.1,-3.7,-0.0,1.83,0.0,0.11,,False,0.431,109,False,False,False,True,지속
088280,쏘닉스,21.625,1.36,475.0,2745.0,,19.671875,1.95,341,3.7,-32.4,91.0,-0.1,56.77,0.0,0.36,89,False,1.727,390,False,False,False,False,19.25,2.38,198,11.1,-13.7,60.2,-0.3,-47.21,0.0,-0.01,149,False,2.422,187,False,False,False,False,21.515625,0.11,737,0.5,0.0,-1.1,,-18.06,0.0,-0.03,,False,0.155,715,False,False,False,True,21.6875,-0.06,1348,-0.4,-0.0,0.4,,3.78,0.0,0.02,438,False,-0.078,1323,False,False,False,False,
088290,이원컴포텍,1.7802734375,1.98,189.0,2370.0,,6.23046875,-4.45,1750,-0.6,-0.2,-3.3,,190.09,-80.0,-34.75,,False,0.708,671,True,True,False,True,7.62890625,-5.85,1793,-2.9,-0.1,-0.5,,366.54,-80.0,-34.9,,False,-0.671,1246,True,True,False,True,5.7890625,-4.01,1803,-0.4,-0.0,-1.3,,1.94,0.0,-4.65,,False,-0.236,1282,False,True,False,True,1.849609375,-0.07,1370,-0.1,-0.0,0.0,,-5.01,0.0,-0.05,589,False,-0.055,1272,False,False,False,False,
088340,유라클,4.91015625,1.3,280.0,6420.0,,4.71875,0.19,833,-12.7,-0.1,12.7,-0.1,-53.98,0.0,-0.4,,False,0.558,725,False,False,False,False,2.830078125,2.08,229,0.1,-0.5,0.1,-0.5,-49.57,0.0,0.1,,False,1.989,234,False,False,False,False,2.720703125,2.19,80,7.0,-0.0,-7.0,-0.0,-23.84,0.0,-0.17,,False,2.353,70,False,False,False,True,4.1484375,0.76,60,1.3,-0.4,-0.9,-0.4,6.47,0.0,0.29,,False,0.472,98,False,False,False,True,지속
088390,이녹스,0.469970703125,0.39,682.0,7270.0,,1.009765625,-0.54,1316,-11.6,0.9,9.8,-0.3,-18.86,0.0,0.05,590,False,-0.568,1384,False,False,True,False,1.48046875,-1.01,1385,-17.7,0.8,17.8,,-40.46,0.0,0.26,391,False,-1.242,1451,False,False,True,False,0.5,-0.03,1107,-0.0,0.0,0.0,,-17.01,0.0,-0.04,,False,0.013,897,False,False,False,False,0.2900390625,0.18,416,1.0,0.0,-1.0,,-0.14,0.0,0.04,,False,0.146,437,False,False,False,True,
088800,에이스테크,0.27001953125,1.95,1346.0,1782.0,,0.0,0.27,791,-0.8,0.8,155.7,-20.3,-36.13,0.0,-0.26,151,False,0.546,731,False,False,True,False,0.0,0.27,593,7.0,4.6,84.2,-20.1,-68.06,0.0,-0.27,223,False,0.575,482,False,False,True,False,0.199951171875,0.07,777,2.8,-2.9,0.1,-2.9,-33.26,0.0,-0.06,558,False,0.132,739,False,False,False,False,0.320068359375,-0.05,1326,-0.5,-0.0,0.5,,7.03,0.0,-0.01,525,False,-0.042,1232,False,False,False,False,
088910,동우팜투테이블,6.30078125,0.23,559.0,2165.0,,3.0703125,3.23,199,12.8,9.4,-20.1,11.0,7.44,0.0,0.92,,False,2.298,302,False,False,True,True,4.3984375,1.9,251,5.9,6.1,-10.8,5.9,-14.76,0.0,0.82,,False,1.084,361,False,False,True,True,4.3515625,1.95,92,6.9,3.5,-8.6,3.5,-9.03,0.0,0.85,,False,1.216,194,False,False,True,True,6.12890625,0.17,434,1.0,0.0,-1.0,,2.12,0.0,-0.02,,False,0.19,335,False,False,False,True,지속
089010,켐트로닉스,7.6015625,1.51,3538.0,21100.0,,5.76953125,1.83,362,153.8,29.6,-168.2,0.5,-30.13,2.64,-0.95,,False,3.036,235,True,False,True,True,5.55859375,2.04,233,121.3,50.0,-161.5,0.5,-37.76,2.64,-0.2,,False,2.505,183,True,False,True,True,7.109375,0.49,461,36.7,-4.5,-32.0,-0.1,-30.02,0.0,-0.56,,False,1.065,215,False,False,False,True,7.078125,0.52,120,8.3,0.4,-9.3,,1.2,0.0,0.31,,False,0.213,299,False,False,True,True,
089030,테크윙,15.40625,8.18,18230.0,49200.0,,10.4921875,4.91,109,705.1,43.3,-740.1,104.6,1.23,0.0,1.25,,False,3.69,185,False,True,True,True,9.0703125,6.34,33,1048.4,-257.6,-767.0,158.7,-14.29,0.0,1.58,,False,4.818,65,False,True,False,True,15.046875,0.36,531,-163.0,114.6,53.5,223.5,-17.86,0.0,0.86,625,False,-0.498,1442,False,False,True,False,11.7578125,3.65,1,590.3,-114.6,-471.2,22.5,24.71,0.0,0.31,,False,3.346,1,False,False,False,True,지속
089140,넥스턴앤롤코리아,1.7099609375,0.24,335.0,2185.0,,1.669921875,0.04,938,2.4,0.4,-7.9,0.2,-9.34,2.68,-0.61,,False,0.675,686,True,False,True,True,2.349609375,-0.64,1234,-3.5,0.3,1.4,0.3,-2.67,0.0,0.02,821,False,-0.753,1279,False,False,True,False,0.75,0.96,246,3.4,0.3,-4.4,0.3,-9.9,0.0,-0.0,,False,0.932,245,False,False,True,True,1.7900390625,-0.08,1395,-0.6,-0.0,0.4,,2.1,0.0,0.11,364,False,-0.196,1497,False,False,False,False,스파이크
089150,케이씨티,3.8203125,0.9,325.0,1893.0,,5.1796875,-1.36,1533,-18.7,0.3,17.9,0.1,-28.3,0.0,0.03,380,False,-1.399,1583,False,False,True,False,2.0,1.82,258,6.7,0.1,-6.6,0.1,-52.02,0.0,-0.03,,False,1.898,246,False,False,True,True,4.1796875,-0.36,1422,0.3,-0.0,-0.4,,-12.16,0.0,-0.55,,False,0.186,676,False,False,False,True,3.8203125,0.0,908,0.9,-0.0,-0.9,,4.99,0.0,-0.3,,False,0.301,194,False,False,False,True,지속
089230,THE E&M,1.509765625,2.2,610.0,1587.0,,2.189453125,-0.68,1364,-17.5,-0.5,90.4,-0.0,29.02,26.33,0.84,34,False,-1.414,1589,True,False,False,False,1.0,0.51,516,-11.4,-4.3,62.0,-0.0,-51.54,11.85,1.39,37,False,-0.805,1304,True,True,False,False,1.33984375,0.17,687,-1.0,0.0,8.6,-0.0,-28.99,2.67,0.33,148,False,-0.015,992,True,False,False,False,1.7001953125,-0.19,1565,-3.2,0.0,6.1,,19.95,0.0,0.28,50,False,-0.47,1622,False,False,False,False,
089600,KT나스미디어,5.3984375,0.56,1158.0,10010.0,,5.828125,-0.43,1276,-1.0,-8.2,14.4,-16.9,-17.61,0.0,-0.36,400,False,-0.042,1109,False,False,False,False,5.69140625,-0.29,1055,-5.4,-9.0,13.9,-3.0,-15.24,0.0,0.1,450,False,-0.413,1111,False,False,False,False,5.51171875,-0.11,1197,-0.8,0.6,-0.0,-0.8,-3.93,0.0,-0.05,658,False,-0.078,1114,False,False,True,False,5.4609375,-0.06,1348,-0.3,-0.1,0.3,-0.1,-2.15,0.0,-0.04,572,False,-0.021,1143,False,False,False,False,스파이크
089790,제이티,9.171875,0.59,422.0,4090.0,,6.609375,2.56,259,21.1,6.2,-27.8,3.2,-10.31,0.0,-0.4,,False,3.007,238,False,False,True,True,10.3515625,-1.18,1444,-2.9,-1.1,4.7,-0.5,-33.06,0.0,0.07,324,False,-1.195,1444,False,False,False,False,10.9609375,-1.79,1741,-8.4,-0.5,9.0,-0.4,-14.7,0.0,0.05,68,False,-1.806,1698,False,False,False,False,9.171875,0.0,908,-0.8,-0.0,0.8,0.0,4.6,0.0,0.19,281,False,-0.194,1495,False,False,False,False,
089850,유비벨록스,3.310546875,0.44,592.0,4020.0,,3.16015625,0.15,862,3.6,-0.2,-32.7,,-24.44,0.0,-0.38,,False,0.488,755,False,False,False,True,3.76953125,-0.46,1141,-3.5,-0.1,-10.6,,-31.63,0.0,-0.08,,False,-0.42,1115,False,False,False,True,3.44921875,-0.14,1232,-1.0,-0.0,-2.9,,-10.17,0.0,-0.02,,False,-0.153,1196,False,False,False,True,3.240234375,0.07,665,0.5,-0.0,-1.8,,0.5,0.0,-0.01,,False,0.081,622,False,False,False,True,
089890,코세스,0.0,5.12,3939.0,23750.0,,0.280029296875,-0.28,1212,24.1,-231.0,74.1,-89.7,-3.85,0.0,-1.67,339,False,1.257,478,False,True,False,False,2.5,-2.5,1692,-69.8,-291.6,-72.7,-71.6,-18.38,0.0,-1.46,,False,-1.155,1429,False,True,False,True,1.1201171875,-1.12,1670,-40.7,-97.1,-286.3,4.9,-35.81,0.0,-0.55,,False,-0.607,1496,False,False,False,True,0.7998046875,-0.8,1765,-36.6,-11.1,-210.4,-0.1,-14.57,0.0,-0.12,,False,-0.683,1671,False,False,False,True,
089970,브이엠,9.90625,15.87,28512.0,108300.0,,9.25,0.66,638,-1191.4,3767.1,-2311.8,272.3,300.37,7.84,0.48,,False,0.912,585,True,False,True,True,12.3984375,-2.49,1687,-1452.6,3561.7,-1835.9,164.3,115.74,7.84,0.53,,False,-2.253,1649,True,False,True,True,15.0234375,-5.12,1808,-1638.4,2186.5,-460.3,103.2,17.08,6.28,1.14,,False,-5.761,1755,True,True,True,True,14.5703125,-4.66,1817,-1269.2,1685.8,-421.3,-13.9,25.06,6.28,0.7,,False,-4.789,1738,True,False,True,True,
089980,상아프론테크,4.6484375,1.05,2187.0,13680.0,,4.7890625,-0.14,1146,-20.5,19.8,-17.2,-3.0,-10.3,0.0,-0.35,,False,0.176,930,False,False,True,True,3.529296875,1.12,357,44.5,-4.8,-50.8,0.5,-44.39,0.0,-0.39,,False,1.481,286,False,False,False,True,4.37109375,0.28,581,6.1,-2.3,-5.8,-0.2,-31.77,0.0,0.02,,False,0.253,601,False,False,False,True,4.62109375,0.03,799,0.1,-0.3,-2.0,,-0.07,0.0,0.03,,False,0.001,974,False,False,False,True,지속
090150,아이윈,2.140625,0.46,222.0,529.0,,1.759765625,0.38,738,-0.4,-1.0,-4.7,-0.7,-27.24,0.0,0.09,,False,0.213,900,False,False,False,True,3.240234375,-1.1,1417,-2.9,0.0,-1.2,,-43.78,0.0,-0.41,,False,-0.723,1268,False,False,False,True,1.990234375,0.15,701,0.0,-0.0,-0.2,,-15.9,0.0,0.12,,False,0.072,806,False,False,False,True,1.91015625,0.23,333,0.5,-0.0,-0.5,,10.67,0.0,-0.01,,False,0.236,270,False,False,False,True,스파이크
090360,로보스타,5.0390625,6.87,5967.0,61200.0,,1.2001953125,3.84,162,307.6,708.0,-1018.2,-0.3,-22.04,0.0,-0.17,,False,4.031,159,False,False,True,True,3.310546875,1.73,268,182.2,452.8,-642.4,3.5,-4.37,0.0,-0.82,,False,2.547,179,False,False,True,True,4.69140625,0.35,540,12.7,68.6,-149.2,0.2,-42.54,0.0,-0.18,,False,0.513,431,False,False,True,True,4.44140625,0.6,89,15.0,1.3,-15.0,0.1,-10.0,0.0,0.37,,False,0.237,268,False,False,True,True,지속
090410,덕신이피씨,2.859375,0.28,345.0,748.0,,1.7197265625,1.14,498,-0.2,0.0,-3.5,,-39.87,0.0,0.25,,False,0.822,618,False,False,False,True,2.30078125,0.56,495,-2.2,0.0,-3.4,,-44.59,0.0,0.22,,False,0.328,573,False,False,False,True,2.330078125,0.53,436,-2.4,0.0,-0.4,,-18.78,0.0,0.33,,False,0.217,640,False,False,False,True,2.7109375,0.15,475,0.9,-0.0,-1.4,,1.63,0.0,-0.13,,False,0.265,235,False,False,False,True,
090470,제이스로보틱스,2.23046875,0.51,703.0,4025.0,,0.77978515625,1.45,423,14.4,8.1,-56.5,0.1,-14.0,0.0,0.5,,False,1.015,555,False,False,True,True,2.080078125,0.15,644,-0.1,1.2,-7.3,0.1,-53.14,0.0,0.54,,False,-0.354,1072,False,False,True,True,2.83984375,-0.61,1548,-5.0,0.3,5.1,0.1,-30.36,0.0,0.03,253,False,-0.637,1512,False,False,True,False,2.3203125,-0.09,1427,-1.4,-0.0,1.4,,1.77,0.0,0.11,280,False,-0.202,1503,False,False,False,False,
090710,휴림로봇,6.8515625,5.98,7640.0,6390.0,,9.609375,-2.76,1697,-1275.1,802.5,1165.3,-5.4,-42.79,0.09,2.08,150,False,-4.916,1754,False,True,True,False,8.09375,-1.24,1462,-171.6,816.9,-650.4,2.1,-44.63,0.09,0.16,,False,-1.308,1467,False,False,True,True,6.16015625,0.69,350,37.7,87.5,-125.6,0.2,-41.91,0.09,0.22,,False,0.57,399,False,False,True,True,6.5703125,0.28,275,-14.5,-0.8,14.1,-0.0,-4.77,0.0,0.5,276,False,-0.194,1495,False,False,False,False,
090850,현대이지웰,18.0625,1.26,1382.0,6150.0,,8.4375,9.62,27,108.9,8.4,-115.8,10.9,23.87,-5.34,0.73,,False,7.958,37,True,False,True,True,13.2109375,4.85,63,47.8,-15.0,-32.2,-14.1,-1.28,-5.34,0.27,,False,3.648,111,True,False,False,True,16.703125,1.36,162,18.6,-0.8,-16.9,0.4,15.38,0.0,-0.08,,False,1.471,140,False,False,False,True,17.375,0.69,70,9.7,-0.3,-8.7,0.5,8.85,0.0,-0.03,,False,0.726,43,False,False,False,True,지속
091120,이엠텍,6.76953125,0.34,718.0,4190.0,,8.1328125,-1.36,1533,-4.8,-1.7,-4.4,-0.0,-42.52,0.0,-0.39,677,False,-0.816,1463,False,False,False,True,8.7890625,-2.02,1628,-20.3,0.0,20.2,,-35.34,0.0,0.04,248,False,-1.999,1610,False,False,False,False,7.30859375,-0.54,1522,-3.8,-0.0,3.9,,-4.99,0.0,0.02,291,False,-0.521,1456,False,False,False,False,6.7890625,-0.02,1215,0.2,-0.0,0.0,,8.69,0.0,-0.05,689,False,0.029,824,False,False,False,False,
091340,S&K폴리텍,2.830078125,0.25,250.0,2135.0,,2.720703125,0.11,881,1.5,1.5,-3.0,1.3,-5.53,0.0,-0.41,,False,0.493,753,False,False,True,True,2.390625,0.44,534,1.7,1.2,-2.7,1.1,-19.43,0.0,-0.19,,False,0.606,472,False,False,True,True,3.080078125,-0.25,1352,-0.7,-0.0,0.8,,-11.41,0.0,-0.03,421,False,-0.238,1286,False,False,False,False,2.80078125,0.03,799,0.2,-0.0,-0.2,,2.89,0.0,-0.04,,False,0.067,676,False,False,False,True,
091440,한울소재과학,0.75,2.49,928.0,2775.0,,2.33984375,-1.59,1585,-11.3,-3.3,55.5,-3.3,0.54,8.37,-0.07,79,False,-1.512,1601,True,False,False,False,3.01953125,-2.27,1658,-13.3,-3.3,33.2,-3.3,-13.28,5.12,-0.5,74,False,-1.771,1577,True,False,False,False,1.3203125,-0.57,1538,-5.1,-2.6,15.9,-2.6,43.04,0.13,0.01,63,False,-0.643,1514,False,False,False,False,0.83984375,-0.09,1427,-1.2,-1.5,3.4,-1.5,19.61,0.13,0.01,179,False,-0.09,1351,False,False,False,False,
091580,상신이디피,12.171875,1.23,1965.0,14740.0,,6.12109375,6.05,69,128.8,237.9,-369.6,21.5,14.26,0.0,-0.49,,False,6.585,57,False,False,True,True,7.6484375,4.52,79,91.7,136.2,-215.9,-8.4,-35.91,0.0,-0.04,,False,4.633,71,False,False,True,True,13.1484375,-0.98,1650,-20.4,32.8,-14.0,15.2,-21.51,0.0,-0.26,,False,-0.718,1540,False,False,True,True,12.890625,-0.72,1758,-15.6,11.8,3.0,5.5,10.0,0.0,0.04,325,False,-0.76,1678,False,False,True,False,
091590,남화토건,2.869140625,0.41,699.0,5950.0,,1.5703125,1.3,455,13.8,-0.1,-11.8,0.1,56.79,0.0,-0.73,,False,2.177,317,False,False,False,True,1.7001953125,1.17,345,13.7,0.6,-12.9,0.1,34.31,0.0,-0.81,,False,2.107,218,False,False,True,True,1.7998046875,1.07,220,12.9,0.5,-12.0,0.1,70.24,0.0,-0.68,,False,1.909,97,False,False,True,True,1.25,1.62,13,22.1,0.5,-22.6,0.1,-32.92,0.0,-1.09,,False,2.71,4,False,True,True,True,
091700,파트론,26.328125,0.56,2885.0,5770.0,,19.3125,7.02,51,216.4,8.6,-220.4,-6.5,-16.01,-9.09,-0.22,,False,4.838,116,True,False,True,True,24.203125,2.12,225,-45.6,11.9,38.5,-5.4,-30.98,-9.09,1.01,464,False,-1.184,1441,True,True,True,False,26.234375,0.09,754,1.6,-2.3,0.8,-1.1,-12.97,0.0,0.03,635,False,0.069,812,False,False,False,False,26.25,0.08,642,2.0,-0.7,-1.1,-0.9,0.87,0.0,0.02,,False,0.066,677,False,False,False,True,스파이크
091970,LSK아이로봇,0.0,1.55,324.0,4300.0,,2.23046875,-2.23,1655,-8.8,-0.4,-3.8,,619.06,-80.0,-9.41,,False,-0.187,1200,True,True,False,True,2.380859375,-2.38,1672,-8.7,-0.1,5.0,,592.43,-80.0,-9.66,,False,-0.45,1131,True,True,False,False,0.0,0.0,913,-0.9,-0.0,0.6,,51.14,0.0,0.06,,False,-0.06,1084,False,False,False,False,0.0,0.0,908,-0.6,-0.0,1.0,,14.21,0.0,0.12,233,False,-0.124,1404,False,False,False,False,스파이크
092040,아미코젠,2.94921875,0.69,826.0,1169.0,,4.6484375,-1.7,1599,-35.8,-85.9,119.3,-36.4,-24.53,26.78,1.59,17,True,-2.904,1705,True,True,False,False,6.53125,-3.58,1749,-44.8,-0.3,44.7,-0.1,-46.98,0.0,0.02,112,False,-3.509,1721,False,False,False,False,3.58984375,-0.64,1562,-11.4,0.3,10.9,,-9.94,0.0,0.39,168,False,-0.987,1606,False,False,True,False,2.76953125,0.18,416,-0.7,-0.3,0.8,,1.21,0.0,0.27,372,False,-0.087,1344,False,False,False,False,
092070,디엔에프,4.83984375,0.94,1442.0,12460.0,,6.12890625,-1.29,1523,-28.9,90.7,-171.5,9.7,-27.26,0.0,-0.07,,False,-1.254,1556,False,False,True,True,7.62890625,-2.79,1714,-64.8,100.2,-49.9,8.0,-43.23,0.0,0.02,,False,-2.819,1687,False,False,True,True,5.859375,-1.02,1659,-17.7,-1.0,18.5,-0.7,-29.68,0.0,0.07,146,False,-1.062,1621,False,False,False,False,5.03125,-0.19,1565,-3.4,-0.0,3.4,,1.8,0.0,0.04,241,False,-0.228,1518,False,False,False,False,
092130,이크레더블,9.7578125,3.99,1707.0,14170.0,,9.8125,-0.05,1096,-5.8,-0.6,4.6,-0.5,-7.63,0.0,0.23,628,False,-0.315,1269,False,False,False,False,9.5703125,0.19,631,-2.8,-0.5,2.0,-0.5,-5.53,0.0,0.29,820,False,-0.153,929,False,False,False,False,9.7109375,0.05,805,2.2,-0.0,-2.7,,-0.91,0.0,-0.08,,False,0.13,742,False,False,False,True,9.71875,0.04,763,0.6,0.0,-0.6,,-0.56,0.0,0.01,,False,0.033,803,False,False,False,True,
092190,서울바이오시스,4.23046875,3.37,2660.0,5800.0,,0.0,4.23,137,272.2,0.7,-281.6,-0.4,118.46,0.0,-1.41,,False,5.605,84,False,True,True,True,0.0,4.23,89,263.1,0.7,-270.9,0.0,33.49,0.0,-0.79,,False,4.97,63,False,False,True,True,3.119140625,1.11,212,51.2,-0.2,-38.0,,-38.95,0.0,-0.12,,False,1.266,180,False,False,False,True,4.7890625,-0.56,1737,-5.4,0.0,5.4,,-9.94,0.0,-0.37,284,False,-0.192,1492,False,False,False,False,
092300,현우산업,7.859375,0.39,476.0,2360.0,,6.359375,1.5,410,16.7,-1.6,-17.7,-4.1,-23.62,6.12,0.26,,False,1.679,400,True,False,False,True,8.046875,-0.19,995,6.6,1.1,-11.5,-1.6,-31.4,5.77,0.09,,False,0.167,645,True,False,True,True,9.8203125,-1.96,1757,-11.7,1.4,11.4,0.8,-31.89,0.0,0.26,66,False,-2.058,1706,False,False,True,False,8.21875,-0.36,1690,-2.4,0.3,2.1,0.2,1.94,0.0,0.14,132,False,-0.502,1632,False,False,True,False,
092460,한라IMS,0.85009765625,1.34,2664.0,15570.0,,2.470703125,-1.62,1588,-84.1,377.9,-272.1,156.1,-11.58,0.0,0.58,,False,-2.166,1667,False,False,True,True,3.380859375,-2.53,1695,-109.6,372.0,-239.7,140.5,-6.15,0.0,0.66,,False,-3.158,1701,False,False,True,True,0.72021484375,0.13,719,-6.7,13.9,-3.7,-5.6,-21.16,0.0,0.37,,False,-0.219,1271,False,False,True,True,0.8701171875,-0.02,1215,-4.9,11.0,-6.1,6.3,9.49,0.0,0.17,,False,-0.186,1482,False,False,True,True,
092600,앤씨앤,1.900390625,0.29,118.0,2350.0,,1.6103515625,0.29,777,-3.7,-0.2,3.9,,353.67,-80.0,-5.38,,False,-0.273,1252,True,True,False,False,1.5703125,0.33,569,2.4,-0.2,-3.0,,97.15,-80.0,-9.78,,False,0.682,447,True,True,False,True,0.509765625,1.39,155,1.6,-0.0,-1.8,,-20.61,0.0,0.08,,False,1.416,149,False,False,False,True,1.580078125,0.32,241,0.5,-0.0,-0.6,,9.3,0.0,-0.07,,False,0.408,120,False,False,False,True,
092730,네오팜,26.703125,1.53,3069.0,19150.0,,19.78125,6.92,52,212.6,-88.8,-132.4,-48.0,10.37,0.0,0.1,,False,6.836,53,False,False,False,True,24.15625,2.55,189,64.3,-13.9,-61.8,-7.9,6.21,0.0,0.55,,False,2.005,232,False,False,False,True,26.125,0.58,398,16.2,-4.4,-10.5,-11.0,13.31,0.0,0.05,,False,0.529,419,False,False,False,True,26.453125,0.25,311,8.1,-0.2,-6.7,-6.2,1.22,0.0,-0.01,,False,0.265,235,False,False,False,True,지속
092870,엑시콘,11.46875,1.09,2149.0,16470.0,,4.78125,6.69,57,218.7,103.0,-319.1,32.0,-0.3,0.0,-0.96,,False,7.702,39,False,False,True,True,7.828125,3.64,112,106.0,15.5,-120.3,26.3,-48.21,0.0,-0.46,,False,4.062,90,False,False,True,True,7.6484375,3.82,32,99.4,-91.4,-6.8,-2.5,-37.85,0.0,-0.13,,False,3.997,29,False,False,False,True,11.109375,0.36,206,-6.0,-36.1,41.2,0.0,7.86,0.0,0.55,19,True,-0.193,1493,False,False,False,False,지속
093190,빅솔론,10.640625,0.59,1549.0,8050.0,,10.75,-0.11,1124,-2.0,14.4,-25.7,-2.9,34.17,0.0,0.03,,False,-0.116,1149,False,False,True,True,10.6328125,0.01,753,-0.2,-7.9,-8.1,-4.6,4.14,0.0,0.04,,False,-0.009,821,False,False,False,True,10.9296875,-0.29,1379,-4.5,-1.4,2.6,,1.13,0.0,0.03,469,False,-0.3,1332,False,False,False,False,10.640625,0.0,908,-0.1,-0.0,0.1,,3.34,0.0,0.01,681,False,-0.008,1078,False,False,False,False,
093320,케이아이엔엑스,44.28125,3.16,6510.0,133400.0,,41.375,2.91,227,173.4,3.5,-160.6,10.2,13.53,0.0,0.04,,False,2.929,247,False,False,True,True,43.15625,1.12,357,73.6,41.4,-105.6,-2.8,14.41,0.0,-0.17,,False,1.3,316,False,False,True,True,43.6875,0.59,389,44.2,-1.1,-43.0,0.1,6.38,0.0,-0.14,,False,0.739,310,False,False,False,True,44.28125,0.0,908,-1.4,0.5,0.8,0.1,-0.15,0.0,0.02,635,False,-0.019,1131,False,False,True,False,
093380,풍강,1.3603515625,0.35,256.0,2590.0,,0.93994140625,0.42,716,-0.2,0.1,-8.1,,-6.16,0.0,0.41,,False,-0.023,1097,False,False,True,True,0.97021484375,0.39,553,-0.3,-0.1,-5.5,,-6.67,0.0,0.43,,False,-0.063,857,False,False,False,True,1.0400390625,0.32,557,-0.4,0.1,-4.9,,4.44,0.0,0.45,,False,-0.111,1147,False,False,True,True,1.26953125,0.09,613,0.0,0.0,-1.2,,3.6,0.0,0.09,,False,0.004,961,False,False,False,True,
093520,매커스,29.515625,1.36,2335.0,19620.0,,28.953125,0.56,675,-129.0,23.8,35.1,1.6,-7.01,-15.97,-0.83,535,False,-3.42,1728,True,False,True,False,24.578125,4.94,60,16.0,4.0,-35.8,0.2,-19.75,-15.97,-0.25,,False,0.435,531,True,False,True,True,29.421875,0.09,754,3.1,2.3,-7.2,-0.0,-2.87,0.0,-0.03,,False,0.118,751,False,False,True,True,28.984375,0.53,111,9.4,-1.3,-8.0,-0.3,20.37,0.0,0.11,,False,0.416,114,False,False,False,True,
093640,케이알엠,0.0,1.5,1064.0,3240.0,,0.0,0.0,987,-20.8,-2.5,22.2,0.2,-13.6,0.67,0.89,435,False,-0.916,1484,False,False,False,False,0.0,0.0,771,-17.2,-2.4,19.0,0.2,-22.86,0.51,0.96,432,False,-0.953,1368,False,False,False,False,0.0,0.0,913,-1.3,-2.4,3.5,0.2,-1.22,0.51,0.07,412,False,-0.071,1105,False,False,False,False,0.0,0.0,908,0.8,0.0,-0.8,,-1.07,0.0,-0.08,,False,0.076,646,False,False,False,True,
093920,서원인텍,3.310546875,0.42,896.0,4815.0,,2.98046875,0.33,758,-2.7,-0.3,2.6,,-6.14,0.0,0.59,625,False,-0.275,1254,False,False,False,False,3.26953125,0.04,712,-2.2,0.3,0.6,,-7.76,0.0,0.25,863,False,-0.22,975,False,False,True,False,3.140625,0.17,687,1.1,0.3,-2.4,,-1.53,0.0,0.05,,False,0.115,757,False,False,True,True,3.33984375,-0.03,1262,0.3,0.0,-0.4,,0.0,0.0,-0.06,,False,0.033,803,False,False,False,True,
094170,동운아나텍,4.4609375,8.98,6430.0,30750.0,,1.169921875,3.29,194,256.8,8.3,-268.1,1.7,15.17,0.0,-0.37,,False,3.649,187,False,False,True,True,4.41015625,0.05,701,30.4,-2.5,-29.8,-7.7,-18.65,0.0,-0.3,,False,0.354,562,False,False,False,True,5.08984375,-0.63,1557,-30.0,-13.0,44.0,-8.6,-18.76,0.0,-0.27,280,False,-0.368,1374,False,False,False,False,4.44140625,0.02,827,-3.7,-0.1,3.1,,1.15,0.0,0.09,482,False,-0.067,1298,False,False,False,False,
094360,칩스앤미디어,1.58984375,2.56,2253.0,10550.0,,0.429931640625,1.16,491,62.2,4.2,-63.4,3.9,-39.37,0.36,-0.71,,False,1.879,365,False,False,True,True,0.93017578125,0.66,459,22.8,6.3,-30.2,2.5,-39.68,0.1,-0.02,,False,0.674,451,False,False,True,True,1.51953125,0.07,777,-12.7,0.0,10.9,0.7,-27.89,0.0,0.3,464,False,-0.242,1291,False,False,False,False,0.72998046875,0.86,50,6.0,0.1,-6.0,0.1,-11.34,0.0,0.62,,False,0.244,259,False,False,True,True,
094480,갤럭시아머니트리,4.890625,1.61,1918.0,4890.0,,2.599609375,2.29,291,65.1,-5.8,-69.3,1.0,-50.36,0.0,-0.78,,False,2.851,254,False,False,False,True,2.9609375,1.93,247,44.9,-1.3,-46.4,-0.0,-45.61,0.0,-0.49,,False,2.242,203,False,False,False,True,3.640625,1.25,188,27.4,-0.1,-27.5,-0.0,-22.5,0.0,-0.12,,False,1.371,158,False,False,False,True,4.69140625,0.2,382,2.6,-0.0,-2.6,,4.04,0.0,0.06,,False,0.139,455,False,False,False,True,
094820,일진파워,4.69140625,1.13,1662.0,11020.0,,4.171875,0.52,692,8.7,27.8,-94.5,1.0,-17.08,0.0,-0.06,,False,0.551,728,False,False,True,True,5.91015625,-1.22,1456,-14.2,2.6,-91.7,0.3,-40.27,0.0,-0.31,,False,-0.947,1363,False,False,True,True,5.37109375,-0.68,1572,-14.3,-1.4,-24.9,,-26.78,0.0,-0.35,,False,-0.38,1388,False,False,False,True,4.2890625,0.4,171,4.0,-0.7,-3.3,,-0.72,0.0,0.17,,False,0.221,287,False,False,False,True,스파이크
094840,슈프리마에이치큐,12.671875,0.54,1293.0,13190.0,,6.51953125,6.15,67,64.3,48.4,-120.7,0.2,95.99,-6.36,0.03,,False,5.324,93,True,False,True,True,6.33984375,6.33,34,66.1,47.8,-112.5,-0.5,45.58,-5.07,0.05,,False,5.644,38,True,False,True,True,9.9765625,2.7,54,30.9,8.9,-39.2,-0.4,28.68,0.0,0.12,,False,2.661,59,False,False,True,True,11.84375,0.83,52,7.2,1.5,-8.7,,12.06,0.0,0.25,,False,0.578,68,False,False,True,True,지속
094850,참좋은여행,3.080078125,0.59,607.0,4335.0,,5.48828125,-2.41,1668,-13.4,1.7,7.0,1.4,-25.0,0.0,-0.74,509,False,-1.657,1620,False,False,True,False,4.44140625,-1.36,1490,-7.8,1.7,1.5,1.2,-20.02,0.0,-0.32,829,False,-1.059,1398,False,False,True,False,3.560546875,-0.48,1485,-2.4,-0.0,-2.6,,-8.74,0.0,-0.14,,False,-0.357,1368,False,False,False,True,3.259765625,-0.18,1552,-0.1,-0.0,-1.3,,-1.48,0.0,-0.17,,False,-0.012,1096,False,False,False,True,
094860,네오리진,62.1875,1.52,759.0,1429.0,,19.671875,42.52,3,1.4,-0.0,0.3,0.0,39.69,120.84,52.53,,False,1.195,495,True,True,False,False,19.296875,42.89,3,0.1,-0.0,-2.1,0.0,0.63,111.51,52.54,,False,0.357,559,True,True,False,True,9.40625,52.78,1,0.7,-0.0,-3.7,,2.73,0.0,52.6,,False,0.097,783,False,True,False,True,62.09375,0.09,613,0.7,-0.0,-1.7,,0.7,0.0,-0.02,,False,0.088,603,False,False,False,True,지속
094940,푸른로보틱스,5.4609375,1.16,455.0,5440.0,,5.4296875,0.03,953,-23.5,-0.3,4.8,-0.1,-42.98,0.0,0.49,,False,-0.487,1343,False,False,False,False,6.46875,-1.01,1385,-20.5,0.1,10.3,0.1,-46.56,0.0,1.09,,False,-2.06,1619,False,True,True,False,5.91015625,-0.45,1470,-6.5,0.1,-8.9,0.1,-22.51,0.0,0.79,,False,-1.09,1623,False,False,True,True,5.19140625,0.27,292,-0.5,-0.0,-0.5,,4.02,0.0,0.38,,False,-0.109,1380,False,False,False,True,
094970,제이엠티,5.1015625,0.32,459.0,2740.0,,5.5703125,-0.47,1288,-4.1,-2.8,6.2,-0.6,6.0,0.0,0.01,540,False,-0.54,1367,False,False,False,False,4.9296875,0.17,639,-0.3,-2.7,6.3,0.2,-24.83,0.0,0.27,445,False,-0.058,853,False,False,False,False,4.94921875,0.15,701,0.8,-2.3,0.4,-0.4,-9.87,0.0,0.04,498,False,0.134,737,False,False,False,False,5.12109375,-0.02,1215,-0.0,-0.1,-0.2,-0.0,0.74,0.0,-0.03,,False,-0.004,1046,False,False,False,True,
095190,신화프리텍,1.169921875,1.13,1227.0,1880.0,,1.8701171875,-0.7,1370,-7.9,-0.8,-22.0,,-10.69,0.0,-0.29,,False,-0.418,1322,False,False,False,True,2.26953125,-1.1,1417,-19.1,-0.0,-15.8,,-27.97,0.0,0.16,,False,-1.282,1462,False,False,False,True,1.1298828125,0.04,825,-0.4,0.2,-5.2,,-7.84,0.0,0.05,,False,-0.026,1019,False,False,True,True,1.2001953125,-0.03,1262,-0.2,0.0,0.1,,-5.48,0.0,-0.01,636,False,-0.021,1143,False,False,False,False,
095270,웨이브일렉트로,5.44921875,0.88,538.0,3740.0,,2.630859375,2.82,236,29.3,-1.9,-27.9,0.2,-18.7,0.0,0.59,,False,2.374,291,False,False,False,True,3.69921875,1.75,266,33.8,-12.5,-18.7,-8.6,-55.42,0.0,-0.5,,False,2.435,185,False,False,False,True,7.359375,-1.91,1752,-5.0,0.0,3.9,0.1,-15.48,0.0,-0.97,233,False,-0.924,1595,False,False,False,False,5.55859375,-0.11,1463,-1.0,-0.0,1.0,,4.62,0.0,0.07,293,False,-0.176,1473,False,False,False,False,
095340,ISC,31.21875,5.53,30736.0,145000.0,,20.203125,11.02,22,2857.8,-947.6,-255.9,104.2,37.44,0.0,-0.1,,False,11.073,14,False,False,False,True,19.875,11.34,15,3871.9,-3547.1,-299.5,-354.7,-34.68,0.0,0.13,,False,11.209,7,False,False,False,True,21.671875,9.55,4,3522.1,-3525.3,-10.4,-363.2,-27.32,0.0,-0.4,,False,9.94,1,False,False,False,True,30.890625,0.33,233,66.7,-61.5,-10.6,-25.3,2.26,0.0,0.11,,False,0.222,286,False,False,False,True,지속
095500,미래나노텍,2.369140625,0.68,2236.0,7210.0,,2.94921875,-0.58,1329,-12.2,-4.8,22.6,-0.2,-32.68,0.0,-0.39,562,False,-0.171,1187,False,False,False,False,3.169921875,-0.8,1307,-33.4,-7.3,42.5,-0.2,-28.4,0.0,-0.04,452,False,-0.751,1278,False,False,False,False,3.359375,-0.99,1651,-25.7,-0.5,23.6,,-4.88,0.0,-0.11,214,False,-0.871,1586,False,False,False,False,2.0,0.37,199,3.7,0.3,-4.1,,-0.55,0.0,0.21,,False,0.157,403,False,False,True,True,
095610,테스,7.76171875,8.8,37616.0,194300.0,,14.28125,-6.52,1775,-2162.0,4231.1,-1782.3,419.9,287.05,-2.07,-0.02,,False,-6.746,1771,True,False,True,True,10.46875,-2.71,1708,-1711.5,3483.5,-1480.1,310.3,116.37,0.0,0.61,,False,-3.367,1713,False,False,True,True,9.7890625,-2.03,1760,-1490.8,1761.2,-286.5,167.6,14.83,0.0,1.3,,False,-3.342,1741,False,True,True,True,12.8203125,-5.06,1819,-1734.2,1705.8,19.1,195.7,34.0,0.0,-0.46,,False,-4.596,1737,False,False,True,False,
095660,네오위즈,21.125,0.66,3836.0,17730.0,,20.296875,0.83,581,3.6,77.4,-130.7,19.3,-30.74,-1.01,0.41,,False,0.209,904,True,False,True,True,20.5,0.62,472,-0.4,-68.2,66.7,-2.7,-26.58,-1.01,0.33,374,False,0.075,692,True,False,False,False,20.46875,0.66,358,9.1,6.3,-15.5,0.9,-8.56,0.0,0.42,,False,0.234,622,False,False,True,True,21.234375,-0.11,1463,2.0,-0.6,-1.3,,-2.37,0.0,-0.16,,False,0.05,738,False,False,False,True,
095700,제넥신,4.12890625,0.43,1070.0,2350.0,,4.6015625,-0.47,1288,10.7,-7.8,17.6,3.5,-46.77,0.0,-0.31,326,False,-0.219,1222,False,False,False,False,5.62109375,-1.49,1516,-41.1,4.0,42.5,-4.9,-64.18,0.0,0.79,167,False,-2.29,1653,False,False,True,False,4.4609375,-0.33,1396,-3.9,-6.3,9.9,-2.2,-22.95,0.0,-0.05,216,False,-0.289,1323,False,False,False,False,4.109375,0.02,827,-0.4,-0.0,0.3,,1.73,0.0,0.05,576,False,-0.042,1232,False,False,False,False,
095910,에스에너지,5.94921875,0.59,288.0,771.0,,2.830078125,3.12,210,-6.6,-10.9,14.5,-1.1,-32.9,62.85,2.77,588,False,2.012,341,True,True,False,False,2.720703125,3.23,138,20.4,0.1,-20.6,-0.1,-59.72,1.07,-0.5,,False,3.925,95,True,False,True,True,2.5703125,3.38,39,10.9,-0.2,-10.3,-0.1,-42.03,0.0,-0.36,,False,3.775,32,False,False,False,True,5.21875,0.73,66,1.3,-0.0,-1.3,,-2.28,0.0,0.31,,False,0.418,113,False,False,False,True,
096240,크레버스,2.25,1.52,910.0,8470.0,,2.1796875,0.07,910,2.2,-26.0,15.8,-0.0,-26.98,-3.59,-0.43,331,False,0.39,798,True,False,False,False,1.669921875,0.58,483,4.4,-38.7,24.8,,-20.69,0.0,-0.0,200,False,0.572,483,False,False,False,False,2.3203125,-0.07,1151,-0.8,-0.1,-3.9,,-10.94,0.0,-0.03,,False,-0.049,1062,False,False,False,True,2.080078125,0.17,434,2.4,-0.9,-1.7,,1.8,0.0,-0.1,,False,0.266,234,False,False,False,True,지속
096250,와이즈넛,0.0,1.17,796.0,6070.0,,0.0,0.0,987,-3.3,-16.2,-76.9,-2.5,-40.61,0.08,-0.47,,False,0.473,767,False,False,False,True,0.0,0.0,771,-2.7,-66.0,-28.1,-0.7,-46.33,0.08,-0.5,,False,0.513,502,False,False,False,True,1.5400390625,-1.54,1717,-32.6,-7.8,-54.3,0.0,5.75,0.01,1.93,,False,-3.219,1739,False,True,False,True,0.0,0.0,908,-0.5,-0.0,0.6,,-2.88,0.0,0.06,464,False,-0.06,1281,False,False,False,False,
096350,대창솔루션,3.7109375,1.87,601.0,1631.0,,2.099609375,1.61,390,11.0,-7.9,3.6,-2.9,-26.03,0.0,0.11,719,False,1.455,440,False,False,False,False,5.51953125,-1.81,1593,-18.1,-0.3,20.3,0.1,-47.81,0.0,-0.1,261,False,-1.713,1564,False,False,False,False,3.75,-0.04,1124,-1.8,-0.3,2.7,0.1,-19.85,0.0,0.13,402,False,-0.166,1210,False,False,False,False,3.55078125,0.16,457,1.1,-0.4,-0.6,,8.66,0.0,-0.02,,False,0.186,345,False,False,False,True,스파이크
096530,씨젠,18.515625,1.3,14911.0,28550.0,,16.1875,2.33,288,290.9,578.9,-878.8,41.4,18.22,0.0,0.67,,False,1.684,399,False,False,True,True,14.3828125,4.13,94,520.5,95.4,-630.2,40.6,14.66,0.0,0.8,,False,3.373,124,False,False,True,True,17.625,0.89,270,74.9,109.2,-192.6,34.7,0.18,0.0,0.39,,False,0.497,442,False,False,True,True,18.203125,0.31,249,53.5,-2.4,-50.0,1.4,4.77,0.0,-0.04,,False,0.352,149,False,False,False,True,지속
096610,알에프세미,5.0,3.58,516.0,2965.0,,5.0,0.0,987,,,,,0.0,0.0,0.0,,False,,,False,False,False,False,5.0,0.0,771,,,,,0.0,0.0,0.0,,False,,,False,False,False,False,5.0,0.0,913,,,,,0.0,0.0,0.0,,False,,,False,False,False,False,5.0,0.0,908,,,,,0.0,0.0,0.0,,False,,,False,False,False,False,
096630,에스코넥,1.01953125,0.33,292.0,1840.0,,2.2890625,-1.27,1515,-0.2,-0.0,-2.6,0.4,155.91,-80.0,-19.11,,False,1.718,393,True,True,False,True,3.779296875,-2.76,1712,-12.1,-2.2,9.9,,126.32,-80.0,-16.25,818,False,-0.332,1053,True,True,False,False,1.0498046875,-0.03,1107,0.1,-0.0,-3.3,,-21.2,0.0,-0.08,,False,0.034,859,False,False,False,True,0.8798828125,0.14,498,0.3,0.0,-0.6,,6.48,0.0,0.03,,False,0.107,541,False,False,False,True,
096690,에이루트,1.099609375,0.21,209.0,5200.0,,1.0,0.1,889,0.6,-0.1,0.5,,208.24,-83.33,-13.71,,False,1.46,436,True,True,False,False,3.48046875,-2.38,1672,-6.2,-0.0,4.7,,290.39,-83.33,-15.19,571,False,-0.772,1290,True,True,False,False,1.0498046875,0.05,805,0.0,-0.0,-0.4,,-4.94,0.0,-0.05,,False,0.031,866,False,False,False,True,1.0302734375,0.07,665,0.1,-0.0,-0.2,,-2.26,0.0,-0.01,,False,0.06,705,False,False,False,True,스파이크
096870,엘디티,3.560546875,0.98,198.0,2375.0,,4.80859375,-1.25,1512,-2.6,-0.9,-8.9,-0.5,-4.81,0.0,-0.06,,False,-1.37,1581,False,False,False,True,5.01171875,-1.45,1510,-3.8,-0.0,-5.0,,-3.85,0.0,0.45,,False,-2.089,1624,False,False,False,True,4.23046875,-0.67,1570,-1.7,-0.0,-5.4,,35.71,0.0,0.15,,False,-0.922,1593,False,False,False,True,3.08984375,0.47,142,0.5,-0.0,-3.7,,13.1,0.0,0.19,,False,0.279,223,False,False,False,True,
097780,에코볼트,0.3701171875,0.18,288.0,1421.0,,1.4697265625,-1.1,1482,2.3,3.3,-5.4,,77.63,-70.04,-6.72,,False,0.624,703,True,True,True,True,1.9599609375,-1.59,1543,-3.6,-0.6,-5.2,,77.4,-68.0,-4.05,,False,-0.521,1173,True,True,False,True,1.2900390625,-0.92,1641,-2.1,-0.0,-7.4,,5.42,0.0,-0.19,,False,-0.756,1558,False,False,False,True,0.35009765625,0.02,827,-0.1,-0.0,-0.6,,-1.66,0.0,0.04,,False,-0.022,1151,False,False,False,True,스파이크
097800,윈팩,0.0,0.86,540.0,1980.0,,2.130859375,-2.13,1647,-6.1,0.0,1.8,0.1,276.43,-80.0,-10.07,,False,-0.148,1169,True,True,False,False,2.189453125,-2.19,1651,-8.9,0.1,6.9,0.1,317.72,-80.0,-7.49,649,False,-0.646,1231,True,True,True,False,0.0200042724609375,-0.02,1086,-5.5,0.1,5.2,0.1,-31.37,0.0,0.7,242,False,-0.728,1543,False,False,True,False,0.07000732421875,-0.07,1370,-0.5,-0.0,0.4,,11.8,0.0,0.03,454,False,-0.091,1352,False,False,False,False,
097870,효성오앤비,1.9697265625,0.49,410.0,4830.0,,3.130859375,-1.16,1497,-9.0,-0.9,8.8,,-16.72,0.0,-0.14,440,False,-1.08,1525,False,False,False,False,4.03125,-2.06,1638,-11.6,-1.1,12.3,,-26.82,0.0,-0.2,251,False,-1.823,1587,False,False,False,False,1.4296875,0.54,428,3.0,-0.7,-2.9,,-8.52,0.0,-0.23,,False,0.753,303,False,False,False,True,2.05078125,-0.08,1395,0.4,0.0,-0.4,,9.28,0.0,-0.18,,False,0.094,585,False,False,False,True,
098070,한텍,6.03125,1.63,2641.0,23750.0,,1.98046875,4.05,149,121.4,-51.5,30.0,-75.3,-32.53,0.0,0.48,630,False,3.467,206,False,False,False,False,4.21875,1.81,259,66.2,-170.9,109.6,-12.8,-46.93,0.0,-0.66,202,False,2.469,184,False,False,False,False,4.671875,1.36,162,34.6,-35.3,-2.3,-4.0,-29.42,0.0,-0.01,,False,1.36,162,False,False,False,True,5.8984375,0.13,520,1.9,1.1,-3.0,0.4,7.22,0.0,0.06,,False,0.073,657,False,False,True,True,지속
098120,마이크로컨텍솔,12.796875,2.37,1924.0,23150.0,,13.0625,-0.27,1209,23.8,121.3,-139.3,-35.7,43.17,0.0,0.03,,False,-0.249,1237,False,False,True,True,13.8828125,-1.09,1411,13.7,-114.5,103.0,-95.9,-32.21,0.0,-0.55,51,False,-0.583,1196,False,False,False,False,13.8671875,-1.07,1664,-15.6,-16.4,30.2,-11.4,-20.03,0.0,-0.25,94,False,-0.847,1584,False,False,False,False,13.3125,-0.52,1724,-8.7,-0.0,8.8,,7.93,0.0,-0.03,118,False,-0.48,1623,False,False,False,False,
098460,고영,24.9375,5.2,18006.0,26400.0,,15.6328125,9.3,28,2381.1,911.9,-3296.1,58.8,-6.71,-0.66,-2.36,,False,11.501,13,False,True,True,True,20.234375,4.7,70,882.9,116.5,-1011.5,11.0,-10.81,-0.66,0.42,,False,4.15,86,False,False,True,True,22.859375,2.08,87,449.5,-223.4,-223.1,-85.7,-26.15,-0.66,-0.3,,False,2.23,79,False,False,False,True,24.546875,0.39,176,35.1,-21.6,-18.2,-0.8,4.14,0.0,0.2,,False,0.195,328,False,False,False,True,지속
098660,에스티오,0.429931640625,0.89,205.0,1639.0,,0.360107421875,0.07,910,-0.1,8.2,-6.3,,-12.54,0.0,0.05,,False,-0.029,1101,False,False,True,True,0.340087890625,0.09,669,0.0,7.6,-7.4,,-5.8,0.0,0.01,,False,0.028,742,False,False,True,True,0.360107421875,0.07,777,-0.0,5.1,-5.1,,-2.27,0.0,0.06,,False,-0.011,982,False,False,True,True,0.409912109375,0.02,827,-0.0,-0.0,0.0,,-5.15,0.0,0.03,659,False,-0.007,1068,False,False,False,False,
099190,아이센스,25.484375,1.32,4319.0,15020.0,,26.109375,-0.62,1343,51.8,-64.3,49.6,4.1,-0.79,4.16,-0.51,486,False,0.979,562,True,False,False,False,25.4375,0.05,701,-15.9,-17.8,25.4,14.9,-27.61,0.39,0.41,676,False,-0.272,1011,False,False,False,False,25.75,-0.27,1364,-17.6,21.7,-3.9,23.0,-10.44,0.0,0.1,,False,-0.377,1386,False,False,True,True,25.4375,0.05,725,2.0,0.0,-2.6,-0.2,-1.96,0.0,0.0,,False,0.045,759,False,False,False,True,
099220,SDN,2.7109375,0.59,448.0,712.0,,2.69921875,0.01,978,-6.9,0.1,-9.9,,-33.64,-3.08,-0.08,,False,-0.731,1434,True,False,True,True,4.12109375,-1.41,1502,-18.4,0.1,10.6,,-50.28,-3.08,0.76,433,False,-2.263,1652,True,False,True,False,2.4296875,0.28,581,-1.9,0.0,2.8,,-32.13,-3.08,0.12,624,False,0.067,816,True,False,False,False,2.1796875,0.53,111,2.2,-0.0,-2.1,,-5.7,0.0,0.05,,False,0.473,96,False,False,False,True,스파이크
099320,쎄트렉아이,11.1875,3.43,8531.0,77900.0,,7.80859375,3.38,186,602.8,-464.7,-123.6,-307.4,-37.93,0.0,-0.55,,False,3.965,162,False,False,False,True,11.1875,0.0,771,-30.8,-129.2,112.6,-101.7,-55.26,0.0,0.44,861,False,-0.422,1118,False,False,False,False,10.0390625,1.15,205,24.7,89.7,-109.6,-13.6,-29.25,0.0,0.91,,False,0.245,608,False,False,True,True,11.71875,-0.53,1727,-49.3,33.0,16.0,-5.8,-2.01,0.0,0.0,282,False,-0.534,1640,False,False,True,False,
099390,브레인즈컴퍼니,2.51953125,0.45,261.0,3180.0,,1.01953125,1.5,410,3.8,-1.1,-3.3,0.3,-34.57,0.0,0.14,,False,1.287,473,False,False,False,True,1.58984375,0.93,393,2.9,0.0,-3.4,-0.0,-32.7,0.0,-0.11,,False,0.933,391,False,False,False,True,2.509765625,0.01,883,-0.2,0.0,0.3,,-18.88,0.0,0.1,547,False,-0.059,1083,False,False,False,False,2.529296875,-0.01,1155,-0.1,0.0,0.1,,-1.09,0.0,0.03,593,False,-0.036,1198,False,False,False,False,
099410,동방선기,2.859375,0.84,419.0,2990.0,,4.87890625,-2.02,1631,-13.9,-3.3,17.2,0.8,-42.72,0.0,0.2,222,False,-2.202,1669,False,False,False,False,5.23828125,-2.38,1672,-17.6,0.7,25.0,1.1,-37.51,0.0,0.35,95,False,-2.64,1678,False,False,True,False,2.25,0.61,381,2.8,-1.4,-0.3,-0.3,-26.54,0.0,0.04,,False,0.613,373,False,False,False,True,2.75,0.11,568,0.5,-0.0,-0.3,,0.17,0.0,-0.01,,False,0.118,512,False,False,False,True,
099430,바이오플러스,3.259765625,1.34,2345.0,3805.0,,1.25,2.01,335,56.8,-23.7,-119.4,-9.8,-23.9,0.0,0.15,,False,1.898,361,False,False,False,True,2.33984375,0.92,394,20.8,-4.6,-124.4,-4.0,-34.06,0.0,0.13,,False,0.823,409,False,False,False,True,3.16015625,0.1,747,5.6,2.9,-8.1,2.4,-17.37,0.0,-0.14,,False,0.222,633,False,False,True,True,3.1796875,0.08,642,0.7,0.0,0.2,-0.0,-2.06,0.0,0.05,644,False,0.028,830,False,False,False,False,
099440,스맥,6.30859375,1.82,1778.0,2605.0,,2.08984375,4.22,138,84.0,2.2,-319.6,1.3,-57.92,0.0,0.67,,False,3.566,198,False,False,True,True,4.1796875,2.13,224,41.7,-0.4,-282.3,-0.2,-41.85,0.0,0.25,,False,1.859,247,False,False,False,True,6.171875,0.14,713,3.2,-0.0,-17.9,-0.0,-22.93,0.0,-0.02,,False,0.159,709,False,False,False,True,6.359375,-0.05,1326,-3.1,-0.5,2.8,,-2.62,0.0,0.13,308,False,-0.181,1475,False,False,False,False,
099520,DGI,0.93017578125,2.52,581.0,1284.0,,0.93017578125,0.0,987,,,,,0.0,0.0,0.0,,False,,,False,False,False,False,0.93017578125,0.0,771,,,,,0.0,0.0,0.0,,False,,,False,False,False,False,0.93017578125,0.0,913,,,,,0.0,0.0,0.0,,False,,,False,False,False,False,0.93017578125,0.0,908,,,,,0.0,0.0,0.0,,False,,,False,False,False,False,
099750,이지케어텍,0.9501953125,2.21,822.0,6020.0,,2.009765625,-1.06,1471,-11.3,-0.0,-1.6,0.2,-39.5,0.0,-0.03,,False,-0.992,1508,False,False,False,True,1.7099609375,-0.76,1287,-8.0,0.2,1.1,0.2,-31.2,0.0,-0.05,828,False,-0.716,1264,False,False,True,False,1.0302734375,-0.08,1161,-0.4,0.1,0.3,0.2,-13.63,0.0,-0.05,621,False,-0.039,1044,False,False,True,False,0.93994140625,0.01,867,0.1,-0.0,-0.0,,0.5,0.0,0.0,,False,0.006,950,False,False,False,False,
100030,인지소프트,0.5498046875,0.64,561.0,17070.0,,0.64990234375,-0.1,1119,-1.9,0.4,-20.2,-0.5,-15.07,0.0,0.07,,False,-0.261,1243,False,False,True,True,1.0302734375,-0.48,1156,-3.2,-0.4,-16.9,-0.5,-8.08,0.0,-0.09,,False,-0.471,1143,False,False,False,True,0.58984375,-0.04,1124,-0.0,-0.2,-0.3,-0.2,-5.17,0.0,-0.05,,False,0.007,917,False,False,False,True,0.580078125,-0.03,1262,0.0,0.0,-0.0,,-2.46,0.0,-0.03,,False,0.002,971,False,False,False,False,스파이크
100120,뷰웍스,29.515625,0.84,2099.0,23400.0,,30.0625,-0.55,1323,-58.6,68.7,-9.5,-0.3,20.25,-4.15,0.32,,False,-2.046,1656,True,False,True,True,26.734375,2.78,173,65.6,5.7,-71.6,0.1,-21.08,0.0,0.17,,False,2.618,176,False,False,True,True,28.921875,0.59,389,12.7,0.1,-13.9,-0.0,-8.77,0.0,-0.03,,False,0.625,365,False,False,True,True,29.3125,0.2,382,3.3,0.1,-3.3,0.1,2.41,0.0,0.04,,False,0.164,385,False,False,True,True,지속
100130,동국S&C,2.0,0.45,858.0,1501.0,,2.5390625,-0.54,1316,-8.1,0.6,7.3,,-22.75,0.0,0.16,507,False,-0.705,1428,False,False,True,False,2.609375,-0.61,1218,-13.6,-0.1,14.0,,-39.6,0.0,0.64,376,False,-1.259,1455,False,False,False,False,2.01953125,-0.02,1086,-2.4,-0.1,2.4,,-22.03,0.0,0.24,419,False,-0.267,1303,False,False,False,False,2.080078125,-0.08,1395,-0.4,0.0,0.3,,-2.47,0.0,-0.04,547,False,-0.039,1220,False,False,False,False,스파이크
100590,머큐리,6.76171875,0.37,557.0,3250.0,,1.5,5.26,95,13.8,-48.7,55.6,-20.3,1.25,8.27,0.26,346,False,5.47,91,True,False,False,False,1.490234375,5.27,52,18.3,-62.7,70.1,-30.1,-59.63,8.27,1.48,104,False,4.694,69,True,True,False,False,4.1796875,2.58,63,18.7,-0.8,-18.0,,-40.04,0.0,-0.07,,False,2.673,57,False,False,False,True,6.671875,0.09,613,0.0,-0.1,0.0,,1.09,0.0,0.08,,False,0.02,870,False,False,False,False,지속
100660,서암기계공업,1.8896484375,0.57,379.0,3010.0,,1.669921875,0.22,818,0.1,-0.1,1.8,-0.0,-42.34,0.0,0.41,627,False,0.043,1016,False,False,False,False,4.37890625,-2.49,1687,-14.1,0.0,14.1,,-33.77,0.0,0.2,169,False,-2.707,1682,False,False,False,False,3.630859375,-1.74,1739,-10.6,-0.0,10.6,,-14.0,0.0,0.33,60,False,-2.079,1707,False,False,False,False,1.58984375,0.3,259,1.1,-0.0,-1.1,,1.69,0.0,0.0,,False,0.296,200,False,False,False,True,
100700,세운메디칼,2.310546875,0.64,1001.0,2285.0,,1.1796875,1.13,501,5.5,-11.0,5.0,0.2,-2.35,0.0,0.21,,False,0.889,593,False,False,False,False,1.4501953125,0.86,408,10.9,0.0,-10.7,,-21.21,0.0,-0.17,,False,1.019,377,False,False,False,True,1.75,0.56,411,6.4,0.6,-6.8,,-0.22,0.0,-0.08,,False,0.635,358,False,False,True,True,2.0,0.31,249,2.4,0.5,-3.0,,-2.14,0.0,0.08,,False,0.231,278,False,False,True,True,지속
100790,미래에셋벤처투자,7.94140625,1.98,7495.0,14110.0,,2.240234375,5.7,81,710.6,302.1,-644.1,-12.0,14.34,-0.01,-0.76,,False,6.492,59,False,False,True,True,3.30078125,4.64,72,552.2,320.3,-517.4,-14.8,-63.54,-0.01,-0.68,,False,5.311,51,False,False,True,True,2.25,5.69,7,637.0,9.2,-610.1,-2.4,-52.65,-0.01,0.41,,False,5.395,8,False,False,True,True,7.6484375,0.29,270,17.3,-3.0,-14.5,-4.8,-6.31,0.0,0.09,,False,0.204,314,False,False,False,True,
101000,KS인더스트리,2.1796875,0.37,152.0,384.0,,1.419921875,0.76,603,-1.9,0.0,2.5,0.0,-49.07,18.52,-0.51,,False,1.137,516,True,False,False,False,1.1796875,1.0,383,-0.1,0.0,-10.6,,-55.4,0.0,-0.26,,False,0.638,464,False,False,False,True,1.419921875,0.76,317,0.8,0.0,-4.7,,-37.76,0.0,-0.28,,False,0.59,385,False,False,False,True,2.2890625,-0.11,1463,-0.3,0.0,0.4,,16.01,0.0,0.05,231,False,-0.154,1445,False,False,False,False,
101160,월덱스,18.90625,1.49,5168.0,31300.0,,11.8203125,7.09,48,332.1,-39.7,-324.8,31.8,42.27,0.0,0.08,,False,6.943,50,False,False,False,True,12.5390625,6.37,32,300.4,-39.4,-264.8,-12.4,-0.32,0.0,0.4,,False,5.979,33,False,False,False,True,14.2734375,4.63,16,188.7,0.6,-189.7,1.8,18.56,0.0,0.82,,False,3.819,31,False,False,True,True,16.5625,2.34,4,81.9,-4.8,-75.9,-0.0,10.99,0.0,0.77,,False,1.574,13,False,False,False,True,지속
101170,우림피티에스,4.0390625,1.09,923.0,6840.0,,2.58984375,1.45,423,-15.7,-35.2,53.1,-3.6,-69.67,0.0,-0.57,,False,2.031,335,False,False,False,False,5.828125,-1.79,1585,-72.1,-0.3,73.5,-0.5,-48.99,0.0,0.16,250,False,-1.893,1595,False,False,False,False,2.509765625,1.53,137,14.6,0.2,-13.9,0.2,-31.6,0.0,0.21,,False,1.394,153,False,False,True,True,3.8203125,0.22,348,1.0,0.0,-1.0,,-2.98,0.0,0.11,,False,0.107,541,False,False,False,True,
101240,씨큐브,16.015625,0.29,345.0,3035.0,,15.0390625,0.98,543,5.5,-6.7,3.6,-6.5,-24.69,4.56,0.34,552,False,1.617,406,True,False,False,False,14.546875,1.47,300,6.8,-8.7,1.0,-7.7,-29.66,4.56,0.07,789,False,1.834,250,True,False,False,False,15.421875,0.59,389,1.3,-2.9,1.6,-2.3,-9.54,0.0,0.15,359,False,0.43,480,False,False,False,False,15.7421875,0.27,292,0.3,-0.0,-0.3,-0.0,2.88,0.0,0.18,,False,0.09,596,False,False,False,True,지속
101330,모베이스,2.419921875,0.2,757.0,3270.0,,4.25,-1.83,1608,-95.3,-0.2,56.3,-0.1,-56.28,0.0,2.41,363,False,-4.167,1743,False,True,False,False,3.2890625,-0.87,1336,-15.0,-0.0,0.6,,-34.99,0.0,-0.18,,False,-0.66,1240,False,False,False,False,2.2109375,0.21,643,2.0,-0.0,-2.7,,-13.95,0.0,-0.07,,False,0.27,588,False,False,False,True,2.51953125,-0.1,1452,0.1,0.0,-0.1,,2.67,0.0,-0.11,,False,0.004,961,False,False,False,True,
101360,에코앤드림,5.01171875,0.57,1231.0,6920.0,,0.330078125,4.68,118,114.3,25.2,-131.2,-2.3,-60.66,0.0,-0.85,,False,5.511,89,False,False,True,True,1.6103515625,3.4,128,89.7,-119.4,33.4,-0.5,-62.61,0.0,-1.4,455,False,4.777,66,False,True,False,False,4.80078125,0.21,643,4.5,0.1,-4.3,0.3,-36.57,0.0,-0.13,,False,0.343,526,False,False,True,True,4.87890625,0.13,520,-0.1,-0.9,1.1,-0.0,-4.29,0.0,0.15,398,False,-0.02,1137,False,False,False,False,
101400,엔시트론,2.330078125,0.55,203.0,1728.0,,0.89990234375,1.43,427,8.4,-2.7,-9.1,,373.42,-83.33,-27.85,,False,3.957,165,True,True,False,True,4.859375,-2.53,1695,-4.4,-0.4,2.9,,340.82,-83.33,-25.09,757,False,-0.331,1050,True,True,False,False,3.08984375,-0.76,1601,-1.2,0.1,0.4,,-16.12,0.0,-0.27,399,False,-0.626,1503,False,False,True,False,1.8896484375,0.44,155,1.1,-0.8,-0.9,,5.37,0.0,-0.16,,False,0.6,62,False,False,False,True,스파이크
101490,에스앤에스텍,14.9375,3.01,9345.0,43800.0,,11.5234375,3.41,185,692.1,-371.7,-295.8,-494.7,-26.76,0.0,-1.23,,False,4.684,124,False,True,False,True,10.7109375,4.23,89,551.9,-1042.3,498.5,-253.2,-55.76,0.0,-0.09,141,False,4.338,76,False,False,False,False,13.15625,1.78,104,130.7,-134.9,3.7,-85.9,-31.02,0.0,0.67,604,False,1.108,208,False,False,False,False,15.109375,-0.17,1542,-44.7,-28.8,74.7,-1.5,1.04,0.0,0.26,68,False,-0.429,1613,False,False,False,False,지속
101670,하이드로리튬,3.890625,0.86,546.0,962.0,,2.30078125,1.59,392,-1.6,0.2,1.5,0.5,-48.94,4.81,0.27,,False,1.525,422,True,False,True,False,3.380859375,0.51,516,-7.9,0.1,10.2,0.1,-49.63,0.0,0.21,,False,0.365,555,False,False,True,False,2.19921875,1.69,118,9.1,-0.0,-9.3,,-31.19,0.0,0.1,,False,1.579,129,False,False,False,True,3.830078125,0.06,693,-2.1,-0.0,1.8,,3.44,0.0,0.32,220,False,-0.289,1552,False,False,False,False,
101680,한국정밀기계,1.4501953125,0.59,200.0,2385.0,,1.599609375,-0.15,1152,-0.9,-0.3,2.4,-0.0,-40.0,0.0,-0.71,,False,0.186,924,False,False,False,False,2.05078125,-0.6,1210,-3.0,-0.0,2.0,,-28.49,0.0,0.41,526,False,-1.335,1471,False,False,False,False,1.48046875,-0.03,1107,-0.1,-0.0,-0.8,,8.9,0.0,-0.33,,False,-0.008,976,False,False,False,True,1.2001953125,0.25,311,0.5,-0.0,-1.4,,17.78,0.0,-0.35,,False,0.29,211,False,False,False,True,스파이크
101730,위메이드맥스,9.1015625,0.78,3641.0,4345.0,,9.4921875,-0.39,1255,-25.3,59.0,-32.3,0.2,-28.89,0.0,-0.02,,False,-0.346,1281,False,False,True,True,9.328125,-0.23,1016,-20.8,-11.1,32.2,-0.2,-15.3,0.0,0.12,636,False,-0.332,1053,False,False,False,False,9.2109375,-0.11,1197,-3.5,4.2,-0.3,-0.1,22.22,0.0,-0.08,,False,-0.02,1001,False,False,True,True,8.890625,0.21,368,-1.1,-0.0,1.1,,-12.13,0.0,0.23,603,False,-0.016,1116,False,False,False,False,
101930,인화정공,1.009765625,0.91,3062.0,6700.0,,1.2998046875,-0.29,1213,-39.0,53.8,-14.0,-0.0,-86.27,394.91,1.11,682,False,-1.72,1630,True,True,True,True,1.08984375,-0.08,920,-25.1,10.4,15.7,-0.2,-87.12,394.91,1.08,564,False,-1.364,1478,True,True,True,False,0.9501953125,0.06,788,3.8,0.0,-3.3,,-28.34,-1.02,-0.05,,False,0.118,751,True,False,False,True,1.080078125,-0.07,1370,0.9,-0.0,-0.8,,5.68,0.0,-0.09,,False,0.027,837,False,False,False,True,
101970,우양에이치씨,0.64990234375,0.84,1546.0,10450.0,,2.529296875,-1.88,1616,-35.4,16.9,16.7,-1.4,-10.07,0.0,-0.09,537,False,-1.809,1642,False,False,True,False,1.8798828125,-1.23,1461,-22.7,18.1,4.1,-1.5,-20.05,0.0,0.04,819,False,-1.28,1461,False,False,True,False,1.0,-0.35,1416,-6.4,18.6,-11.0,-0.3,12.49,0.0,0.05,,False,-0.408,1408,False,False,True,True,0.6201171875,0.03,799,0.4,1.8,-2.2,-0.2,1.26,0.0,0.0,,False,0.027,837,False,False,True,True,
102120,어보브반도체,5.51171875,1.0,1275.0,7170.0,,3.810546875,1.7,378,54.9,-1.6,-54.0,-2.4,-40.15,0.0,0.23,,False,1.458,438,False,False,False,True,2.740234375,2.77,175,86.8,1.1,-90.3,-0.1,-41.8,0.0,0.03,,False,2.727,170,False,False,True,True,6.0,-0.49,1491,-9.6,0.6,9.3,0.1,-32.29,0.0,0.01,312,False,-0.508,1452,False,False,True,False,5.19140625,0.32,241,1.0,0.1,-1.2,,-0.28,0.0,0.25,,False,0.062,693,False,False,True,True,
102370,케이옥션,1.5,0.79,828.0,3200.0,,1.23046875,0.27,791,0.6,0.1,-38.1,0.2,-12.33,-4.92,0.09,,False,0.083,985,True,False,True,True,1.2802734375,0.22,619,-1.5,0.3,-37.0,0.3,-4.76,-4.92,0.29,,False,-0.187,949,True,False,True,True,1.2900390625,0.21,643,1.2,0.3,-31.4,0.3,10.73,-4.92,-0.0,,False,0.141,728,True,False,True,True,1.2197265625,0.28,275,2.0,-0.0,-7.1,,4.75,-4.92,-0.03,,False,0.237,268,True,False,False,True,
102710,이엔에프테크놀로지,23.09375,1.28,5751.0,40250.0,,14.1796875,8.91,30,712.5,-497.3,-181.7,-230.4,-13.07,0.0,-0.64,,False,9.507,22,False,False,False,True,17.84375,5.25,53,416.4,-540.2,120.9,-153.6,-28.0,0.0,-0.4,246,False,5.617,40,False,False,False,False,22.703125,0.39,513,24.5,-21.8,-8.8,-58.7,-20.61,0.0,-0.04,,False,0.392,496,False,False,False,True,23.359375,-0.27,1645,-20.1,20.6,-0.5,7.2,4.27,0.0,0.07,,False,-0.34,1580,False,False,True,True,
102940,코오롱생명과학,3.609375,0.71,4222.0,32250.0,,5.921875,-2.31,1661,-101.7,-13.8,107.4,-6.8,-29.59,1.42,-0.96,366,False,-1.317,1571,True,False,False,False,4.94140625,-1.33,1484,-53.3,-3.5,56.5,1.2,-45.34,0.0,-0.73,588,False,-0.597,1201,False,False,False,False,3.509765625,0.1,747,2.5,-3.0,0.1,0.4,-35.88,0.0,-0.13,,False,0.232,624,False,False,False,False,2.970703125,0.64,78,31.7,-2.3,-26.9,0.2,-20.57,0.0,-0.04,,False,0.676,47,False,False,False,True,스파이크
103230,에스앤더블류,2.279296875,0.35,186.0,2590.0,,3.44921875,-1.17,1499,-3.8,-0.0,2.7,,-37.82,0.0,-0.39,555,False,-0.95,1495,False,False,False,False,3.099609375,-0.82,1316,-3.7,-0.0,3.6,,-32.38,0.0,-0.01,491,False,-0.942,1360,False,False,False,False,2.48046875,-0.2,1303,-0.0,-0.0,-0.1,,-12.65,0.0,-0.29,,False,0.042,849,False,False,False,True,2.419921875,-0.14,1499,-0.1,0.0,0.1,,-0.77,0.0,-0.07,461,False,-0.078,1323,False,False,False,False,
103840,우양,4.23828125,0.7,323.0,1972.0,,4.66015625,-0.42,1271,-3.7,0.1,2.5,0.1,-34.59,0.0,-0.17,,False,-0.227,1227,False,False,True,False,4.23828125,0.0,771,0.5,0.1,-0.8,0.1,-40.78,0.0,-0.19,,False,0.183,636,False,False,True,True,4.08984375,0.15,701,0.1,-0.0,-0.1,,-10.77,0.0,0.02,,False,0.11,762,False,False,False,True,4.109375,0.13,520,0.3,-0.0,-0.2,,-1.4,0.0,0.04,,False,0.088,603,False,False,False,True,
104040,디에스엠,0.3701171875,0.64,741.0,2765.0,,1.080078125,-0.71,1372,-4.2,-2.6,2.2,-0.2,269.16,-80.0,-3.41,,False,-0.308,1263,True,True,False,False,0.7900390625,-0.42,1126,-2.8,-2.6,7.6,0.1,283.5,-80.0,-2.64,677,False,-0.188,953,True,True,False,False,0.52978515625,-0.16,1247,-1.2,-1.0,4.0,0.1,39.44,0.0,0.0,241,False,-0.185,1237,False,False,False,False,0.6201171875,-0.25,1628,-1.5,-0.5,2.5,,53.36,0.0,0.02,155,False,-0.257,1534,False,False,False,False,
104200,NHN벅스,2.109375,0.7,390.0,2630.0,,4.859375,-2.75,1696,-23.7,-0.0,20.9,-0.0,-52.87,0.0,0.21,249,False,-2.921,1707,False,False,False,False,2.919921875,-0.81,1312,-1.6,-0.0,0.8,,-38.69,0.0,-0.52,784,False,-0.316,1045,False,False,False,False,2.130859375,-0.02,1086,0.2,-0.0,-0.0,,-17.68,0.0,-0.09,,False,0.066,818,False,False,False,False,2.0390625,0.07,665,-0.2,-0.0,0.2,,-4.54,0.0,0.13,478,False,-0.052,1261,False,False,False,False,
104460,디와이피엔에프,3.580078125,0.57,946.0,8990.0,,4.53125,-0.95,1444,-10.8,-14.8,35.8,-14.1,-32.41,0.0,-0.02,239,False,-0.947,1492,False,False,False,False,4.25,-0.67,1251,-10.9,-6.1,15.3,-5.2,-36.82,0.0,0.28,383,False,-0.941,1359,False,False,False,False,3.740234375,-0.16,1247,-1.3,-0.7,1.8,-0.3,-15.82,0.0,-0.05,480,False,-0.105,1142,False,False,False,False,3.580078125,0.0,908,0.6,0.0,-0.6,,1.93,0.0,-0.06,,False,0.066,677,False,False,False,True,스파이크
104480,티케이케미칼,4.66015625,0.11,1385.0,1524.0,,3.23046875,1.43,427,15.9,-22.2,9.5,,-0.91,0.0,-0.17,722,False,1.591,410,False,False,False,False,4.5703125,0.09,669,10.7,1.7,-7.0,,-39.88,0.0,-0.47,,False,0.553,488,False,False,True,True,4.73828125,-0.08,1161,-1.2,-0.6,0.8,,-13.75,0.0,-0.04,600,False,-0.064,1091,False,False,False,False,4.58984375,0.07,665,2.2,0.0,-2.2,,1.8,0.0,-0.09,,False,0.156,406,False,False,False,True,스파이크
104540,코렌텍,3.509765625,0.68,536.0,4000.0,,2.849609375,0.66,638,1.8,2.0,-4.2,1.3,-38.84,4.86,0.42,,False,0.385,803,True,False,True,True,3.759765625,-0.25,1032,-3.7,2.0,0.5,1.4,-30.43,4.86,0.21,,False,-0.289,1024,True,False,True,False,2.599609375,0.91,265,4.1,-0.6,-4.4,-0.4,-4.88,4.86,0.23,,False,0.835,273,True,False,False,True,3.44921875,0.06,693,0.5,-0.0,-0.5,,0.13,0.0,-0.03,,False,0.095,580,False,False,False,True,
104620,노랑풍선,2.919921875,1.34,537.0,3195.0,,2.630859375,0.29,777,1.8,2.0,-3.6,1.4,-36.61,0.0,-0.62,,False,0.936,577,False,False,True,True,3.169921875,-0.25,1032,-4.1,2.0,2.2,1.3,-34.12,0.0,-0.24,,False,0.007,789,False,False,True,False,2.44921875,0.47,473,3.9,-0.0,-3.9,,-20.32,0.0,-0.18,,False,0.662,344,False,False,False,True,2.9609375,-0.04,1301,0.2,-0.0,-0.3,,-2.29,0.0,-0.1,,False,0.041,773,False,False,False,True,지속
104830,원익머트리얼즈,17.96875,0.83,4375.0,34700.0,,15.1328125,2.84,232,229.9,-37.3,-189.6,-67.6,5.47,0.0,-1.64,,False,4.346,138,False,True,False,True,14.7109375,3.26,135,216.7,-254.4,33.0,-78.8,-33.52,0.0,-0.65,531,False,3.85,98,False,False,False,False,16.625,1.34,171,78.3,-99.4,17.7,-55.4,-25.7,0.0,-0.34,331,False,1.626,122,False,False,False,False,17.84375,0.12,543,2.6,-19.2,16.8,-3.3,1.61,0.0,0.06,158,False,0.066,677,False,False,False,False,지속
105330,케이엔더블유,1.26953125,0.82,1006.0,6280.0,,1.7197265625,-0.45,1283,-10.5,1.2,8.1,-0.3,16.73,-0.25,-0.08,640,False,-0.389,1305,False,False,True,False,1.150390625,0.12,656,-0.7,-0.1,0.0,,-30.99,-0.25,-0.02,,False,0.134,663,False,False,False,False,0.509765625,0.76,317,8.7,-0.1,-9.0,,-32.11,0.0,-0.01,,False,0.748,305,False,False,False,True,1.3095703125,-0.04,1301,-0.3,-0.0,0.3,,3.46,0.0,-0.01,550,False,-0.029,1186,False,False,False,False,
105550,엣지파운드리,4.73828125,0.22,311.0,397.0,,1.6103515625,3.13,209,38.3,-13.4,-4.6,-13.1,-71.88,0.0,-0.59,,False,3.701,182,False,False,False,True,5.0,-0.26,1036,-1.8,-0.0,14.8,,-67.11,0.0,-0.34,417,False,0.05,710,False,False,False,False,4.73046875,0.01,883,0.3,-0.0,-0.5,,-22.46,0.0,-0.09,,False,0.087,792,False,False,False,True,4.73046875,0.01,867,0.2,-0.0,-0.2,,1.02,0.0,-0.05,,False,0.055,722,False,False,False,True,
105740,디케이락,8.546875,0.49,665.0,6540.0,,11.421875,-2.88,1702,-13.8,-32.4,45.3,-21.4,-36.75,0.0,-0.31,98,False,-2.641,1698,False,False,False,False,13.9921875,-5.45,1791,-43.2,-9.7,52.5,-9.2,-35.82,0.0,0.01,27,False,-5.512,1754,False,False,False,False,10.25,-1.7,1733,-10.7,-1.3,11.6,-0.4,-12.1,0.0,-0.18,88,False,-1.536,1674,False,False,False,False,8.6328125,-0.09,1427,0.5,-0.1,-0.5,,1.24,0.0,-0.17,,False,0.074,654,False,False,False,True,
105760,포스뱅크,3.08984375,0.44,366.0,3590.0,,1.73046875,1.36,444,7.0,-0.1,-7.4,-0.0,-32.14,0.18,-0.07,,False,1.424,448,False,False,False,True,2.9609375,0.13,654,0.2,0.3,-0.5,0.3,-37.13,0.13,-0.11,,False,0.221,615,False,False,True,True,2.810546875,0.28,581,1.4,-0.2,-1.4,-0.1,-15.73,0.13,-0.11,,False,0.377,504,False,False,False,True,3.109375,-0.02,1215,0.0,0.0,-0.0,,1.27,0.0,-0.02,,False,0.007,943,False,False,False,False,
106080,케이이엠텍,14.2421875,0.32,95.0,1650.0,,1.8798828125,12.36,16,5.4,0.0,0.5,,124.8,-80.0,-16.43,,False,4.206,147,True,True,False,False,14.546875,-0.3,1066,,,,,0.0,0.0,-0.3,,False,,,False,False,False,False,14.2265625,0.02,855,,,,,0.0,0.0,0.02,,False,,,False,False,False,False,14.2421875,0.0,908,,,,,0.0,0.0,0.0,,False,,,False,False,False,False,
106190,하이텍팜,46.4375,0.87,1143.0,10750.0,,44.65625,1.78,367,26.6,-3.7,-32.7,-2.0,-4.27,0.0,0.03,,False,1.743,388,False,False,False,True,45.875,0.56,495,14.5,-11.7,-6.0,-11.7,-45.57,0.0,-0.38,,False,0.938,390,False,False,False,True,46.78125,-0.34,1406,-1.0,-0.4,1.4,-0.4,-22.61,0.0,-0.41,,False,0.068,814,False,False,False,False,46.15625,0.28,275,8.9,0.0,-8.9,,-12.39,0.0,-0.49,,False,0.774,41,False,False,False,True,
106240,파인테크닉스,0.409912109375,0.41,326.0,1365.0,,3.55078125,-3.14,1715,-13.4,-6.8,24.4,-6.8,-30.32,40.46,0.26,63,False,-3.282,1723,True,False,False,False,1.6904296875,-1.28,1472,-6.1,0.0,14.3,,-42.04,4.41,-0.01,107,False,-1.167,1432,True,False,False,False,0.89013671875,-0.48,1485,-1.7,-0.0,2.2,,7.82,0.0,0.23,240,False,-0.537,1465,False,False,False,False,0.3701171875,0.04,763,-0.3,-0.0,0.3,,6.72,0.0,0.13,397,False,-0.092,1354,False,False,False,False,
107600,새빗켐,1.509765625,1.63,741.0,13120.0,,0.56005859375,0.95,551,11.9,-1.5,9.0,-0.0,-54.13,0.36,-0.11,714,False,1.041,548,False,False,False,False,1.5400390625,-0.03,880,-6.7,-8.4,31.5,0.0,-54.76,0.36,-0.14,394,False,0.1,676,False,False,False,False,1.099609375,0.41,504,4.1,0.1,-3.8,0.2,-31.56,0.16,-0.06,,False,0.476,453,False,False,True,True,1.6298828125,-0.12,1475,-0.3,-0.0,0.3,,4.38,0.16,-0.08,521,False,-0.037,1205,False,False,False,False,
107640,한중엔시에스,4.8984375,2.97,2778.0,30650.0,,3.859375,1.04,525,174.9,-294.9,169.7,-55.8,-31.96,0.0,-3.81,137,False,4.799,120,False,True,False,False,4.9296875,-0.03,880,48.7,-371.0,303.5,-57.2,-44.37,0.0,-2.33,29,False,2.268,197,False,True,False,False,2.359375,2.54,65,65.7,-76.6,8.1,-5.2,-31.12,0.0,0.06,516,False,2.46,65,False,False,False,False,3.689453125,1.21,25,27.5,-32.9,5.1,0.2,4.61,0.0,0.22,285,False,0.99,29,False,False,False,False,
108230,톱텍,3.9296875,0.27,1086.0,2855.0,,3.470703125,0.46,706,18.0,-2.2,-22.0,,-35.26,0.0,-0.48,,False,0.939,576,False,False,False,True,4.390625,-0.46,1141,-8.5,-0.4,9.8,,-39.45,0.0,0.05,608,False,-0.516,1171,False,False,False,False,3.5,0.43,491,3.8,-0.1,-4.2,,-18.89,0.0,0.13,,False,0.308,556,False,False,False,True,3.849609375,0.08,642,0.9,0.0,-0.9,,1.96,0.0,-0.01,,False,0.087,606,False,False,False,True,
108380,대양전기공업,5.71875,0.59,1625.0,16990.0,,4.4296875,1.29,457,61.7,-157.1,86.2,-43.9,-37.65,0.0,-1.06,142,False,2.224,311,False,True,False,False,5.69140625,0.03,721,13.8,-89.1,68.7,-24.1,-37.65,0.0,-0.6,115,False,0.591,476,False,False,False,False,5.2109375,0.51,447,10.3,-24.0,11.4,2.2,-20.05,0.0,-0.21,265,False,0.692,327,False,False,False,False,5.48828125,0.23,333,2.0,0.1,-2.2,-0.2,6.52,0.0,0.11,,False,0.125,489,False,False,True,True,
108490,로보티즈,7.94140625,9.21,29307.0,199900.0,,7.01171875,0.93,555,653.3,3302.4,-3867.4,-216.4,-26.24,0.62,0.28,,False,0.749,654,False,False,True,True,8.0390625,-0.1,932,471.4,202.0,-640.5,-87.3,-26.37,0.06,-0.83,,False,0.757,422,False,False,True,True,8.671875,-0.73,1594,-308.8,-442.3,761.1,-146.4,-36.34,0.03,-0.11,69,False,-0.605,1494,False,False,False,False,7.8984375,0.04,763,-20.0,13.4,4.9,32.0,-2.01,0.0,0.12,498,False,-0.08,1328,False,False,True,False,스파이크
108860,셀바스AI,3.5,1.58,1744.0,6480.0,,1.1298828125,2.37,281,28.2,221.2,-244.6,-2.0,-45.45,0.0,-1.41,,False,3.799,175,False,True,True,True,1.650390625,1.85,257,9.9,-58.2,46.6,-1.9,-57.45,0.0,-0.18,672,False,2.051,225,False,False,False,False,2.919921875,0.58,398,19.6,3.7,-23.0,0.1,-35.52,0.0,-0.56,,False,1.156,198,False,False,True,True,2.94921875,0.55,102,4.9,-0.1,-4.9,-0.0,-5.81,0.0,0.28,,False,0.268,231,False,False,False,True,
109080,옵티시스,2.619140625,0.65,460.0,8160.0,,2.76953125,-0.15,1152,-8.9,0.6,12.0,-0.0,-6.31,0.0,-0.46,,False,0.339,824,False,False,True,False,0.0,2.62,184,16.3,0.0,-3.2,-0.1,-50.67,0.0,1.46,,False,2.736,169,False,True,False,True,1.7001953125,0.92,261,3.9,0.1,-4.1,0.1,-22.73,0.0,0.11,,False,0.808,283,False,False,True,True,2.2109375,0.41,166,0.2,-0.0,-0.2,,0.87,0.0,0.37,,False,0.037,791,False,False,False,True,지속
109610,에스와이,1.7197265625,0.55,978.0,2000.0,,2.0703125,-0.35,1237,-10.2,0.1,6.4,0.7,-27.67,0.0,0.17,620,False,-0.547,1370,False,False,True,False,3.490234375,-1.77,1579,-28.4,0.2,28.2,0.7,-32.66,0.0,0.2,258,False,-1.968,1602,False,False,True,False,2.41015625,-0.69,1576,-18.4,0.2,17.2,0.7,-12.66,0.0,0.44,160,False,-1.159,1634,False,False,True,False,1.400390625,0.32,241,0.6,0.7,-1.6,0.7,-11.89,0.0,0.24,,False,0.084,615,False,False,True,True,
109670,씨싸이트,0.89013671875,0.43,230.0,3935.0,,0.830078125,0.06,920,0.0,-0.0,-1.2,,-30.6,0.0,-0.29,,False,0.209,904,False,False,False,True,0.93994140625,-0.05,899,-0.1,-0.0,-1.0,,-21.61,0.0,-0.2,,False,0.033,729,False,False,False,True,1.259765625,-0.37,1428,-0.9,-0.0,0.3,,15.57,0.0,-0.09,576,False,-0.353,1365,False,False,False,False,0.8701171875,0.02,827,0.1,-0.0,-0.1,,-6.97,0.0,-0.02,,False,0.045,759,False,False,False,True,
109740,디에스케이,1.0595703125,1.14,1233.0,4795.0,,1.66015625,-0.6,1339,-8.8,0.2,6.9,0.3,-36.99,0.0,-0.13,583,False,-0.551,1372,False,False,True,False,1.759765625,-0.7,1265,-13.1,0.9,11.1,0.3,-5.05,0.0,0.07,555,False,-0.861,1328,False,False,True,False,1.2197265625,-0.16,1247,-2.4,0.9,1.5,0.3,-25.66,0.0,-0.01,541,False,-0.151,1193,False,False,True,False,1.099609375,-0.04,1301,-0.2,-0.0,0.3,,-4.0,0.0,-0.02,590,False,-0.02,1137,False,False,False,False,
109820,진매트릭스,1.8798828125,1.59,284.0,1394.0,,2.419921875,-0.54,1316,-3.6,-0.2,3.4,,-41.18,0.0,-0.16,589,False,-0.453,1333,False,False,False,False,2.640625,-0.76,1287,-4.9,-0.0,4.7,,-37.77,0.0,-0.04,554,False,-0.785,1295,False,False,False,False,1.48046875,0.4,509,1.0,-0.0,-1.0,,-15.41,0.0,0.03,,False,0.366,512,False,False,False,True,1.740234375,0.14,498,0.4,-0.0,-0.4,,1.38,0.0,-0.01,,False,0.153,418,False,False,False,True,
109860,동일금속,0.0,0.4,663.0,7290.0,,0.0,0.0,987,-0.0,3.4,-1.2,3.5,-6.18,0.0,0.77,,False,-0.0,1080,False,False,True,True,0.0,0.0,771,0.0,3.2,-1.1,3.5,-0.82,0.0,0.77,,False,0.0,803,False,False,True,True,0.0,0.0,913,0.0,0.7,-1.8,0.7,-0.14,0.0,-0.01,,False,0.005,930,False,False,True,True,0.0,0.0,908,-0.0,-0.0,0.0,,-0.68,0.0,0.0,679,False,-0.001,1018,False,False,False,False,
109960,앱토크롬,0.0,0.06,257.0,1699.0,,0.52978515625,-0.53,1311,3.3,-0.0,-3.8,,576.89,-93.15,-27.51,,False,1.212,489,True,True,False,True,1.76953125,-1.77,1579,-1.7,-0.0,1.2,,849.16,-93.15,-26.83,,False,-0.06,855,True,True,False,False,0.0,0.0,913,-0.8,-0.0,0.8,,-7.91,37.07,0.31,341,False,-0.414,1413,True,False,False,False,0.0,0.0,908,-0.2,,0.2,,-1.16,0.0,0.07,445,False,-0.075,1317,False,False,False,False,
110020,전진바이오팜,1.1904296875,0.92,160.0,1762.0,,2.75,-1.56,1579,-5.0,2.0,2.5,,-19.36,0.0,0.2,549,False,-1.871,1646,False,False,True,False,2.380859375,-1.19,1446,-1.9,2.0,-1.0,,-25.02,0.0,-0.38,,False,-0.907,1345,False,False,True,True,1.7099609375,-0.52,1508,-0.9,0.0,0.6,,-3.08,0.0,0.03,362,False,-0.539,1467,False,False,False,False,1.2001953125,-0.01,1155,-0.1,0.0,0.0,,0.97,0.0,0.06,662,False,-0.071,1305,False,False,False,False,
110790,크리스에프앤씨,0.77978515625,0.17,691.0,2950.0,,0.7900390625,-0.01,1063,-0.0,-1.4,-1.3,-0.0,-26.62,0.0,-0.01,,False,0.0,1080,False,False,False,True,0.91015625,-0.13,952,-1.0,-0.0,-1.5,-0.0,-26.8,0.0,-0.02,,False,-0.11,902,False,False,False,True,0.759765625,0.02,855,0.1,0.0,-0.1,,-8.95,0.0,0.0,,False,0.017,891,False,False,False,True,0.759765625,0.02,827,0.1,-0.0,-0.1,,-1.34,0.0,0.0,,False,0.017,889,False,False,False,True,
110990,디아이티,6.671875,1.37,3304.0,17480.0,,7.390625,-0.72,1374,4.5,-17.5,3.3,-3.0,-3.1,0.0,-0.91,631,False,0.014,1063,False,False,False,False,5.890625,0.78,426,59.7,-40.1,-23.8,-1.8,-24.0,0.0,-0.73,,False,1.345,309,False,False,False,True,6.1484375,0.52,441,33.2,-32.6,-6.7,0.5,-26.4,0.0,-0.46,,False,0.842,269,False,False,False,True,6.19140625,0.48,132,4.4,1.6,-6.9,0.1,5.75,0.0,0.33,,False,0.122,500,False,False,True,True,
111710,남화산업,1.16015625,0.38,712.0,3460.0,,0.27001953125,0.89,564,5.1,-0.3,-4.0,-0.0,-16.02,0.0,0.12,,False,0.777,645,False,False,False,True,0.27001953125,0.89,402,5.0,-0.1,-4.0,-0.0,-13.39,0.0,0.14,,False,0.76,419,False,False,False,True,0.409912109375,0.75,325,4.1,-0.1,-3.7,-0.0,-3.08,0.0,0.15,,False,0.644,355,False,False,False,True,0.419921875,0.74,62,4.9,0.0,-4.9,,-15.2,0.0,0.16,,False,0.588,64,False,False,False,True,
112040,위메이드,8.3515625,1.38,5649.0,16640.0,,8.1796875,0.17,845,-45.3,218.8,-176.7,0.2,-38.26,0.0,0.33,,False,-0.133,1163,False,False,True,True,6.9609375,1.39,310,27.4,-43.6,14.2,0.5,-24.54,0.0,0.78,,False,0.635,465,False,False,False,False,8.4765625,-0.12,1208,-38.9,33.4,3.3,0.7,-7.66,0.0,0.14,,False,-0.262,1301,False,False,True,False,8.0703125,0.28,275,-2.5,1.2,1.3,,-9.47,0.0,0.32,554,False,-0.043,1235,False,False,True,False,
112290,와이씨켐,2.7890625,4.11,2020.0,9990.0,,0.72021484375,2.07,327,29.0,-114.4,72.6,-2.8,-50.42,100.0,4.33,61,False,-4.481,1749,True,True,False,False,8.9609375,-6.17,1795,-188.8,-11.6,183.9,1.3,-57.4,100.0,4.55,6,True,-13.157,1758,True,True,False,False,3.240234375,-0.45,1470,-12.0,-1.2,1.0,0.2,-25.56,0.0,-0.26,,False,-0.491,1438,False,False,False,False,2.810546875,-0.02,1215,-3.7,0.0,3.1,,3.1,0.0,0.16,323,False,-0.184,1479,False,False,False,False,
113810,디젠스,2.859375,0.64,152.0,465.0,,3.689453125,-0.83,1415,-4.8,-0.1,4.5,-0.2,-44.38,0.0,0.11,460,False,-1.119,1535,False,False,False,False,3.619140625,-0.76,1287,-2.7,0.1,2.9,,-45.99,0.0,0.07,527,False,-0.753,1279,False,False,True,False,2.369140625,0.49,461,0.5,0.0,-0.9,,-19.27,0.0,-0.13,,False,0.406,486,False,False,False,True,2.859375,0.0,908,,,,,0.0,0.0,0.0,,False,,,False,False,False,False,
114190,강원에너지,1.1103515625,6.27,2163.0,8280.0,,0.31005859375,0.8,592,13.1,43.1,-43.4,0.5,-40.77,0.0,0.1,,False,0.83,617,False,False,True,True,0.5498046875,0.56,495,13.1,4.5,-11.7,,-40.9,0.0,-0.11,,False,0.748,423,False,False,True,True,1.3203125,-0.21,1309,-7.0,-3.3,10.5,,-20.77,0.0,-0.13,449,False,-0.052,1067,False,False,False,False,0.81005859375,0.3,259,5.0,0.0,-5.2,,-4.72,0.0,0.08,,False,0.218,289,False,False,False,True,
114450,그린생명과학,3.150390625,1.05,407.0,2035.0,,4.19140625,-1.04,1467,-26.7,0.5,30.6,0.7,-32.39,0.0,0.46,266,False,-1.562,1607,False,False,True,False,5.03125,-1.88,1604,-31.9,0.8,36.4,0.4,-35.19,0.0,1.34,81,False,-3.185,1705,False,True,True,False,1.9501953125,1.2,196,4.2,-0.1,-4.4,-0.1,-5.35,0.0,-0.18,,False,1.323,170,False,False,False,True,3.060546875,0.09,613,0.4,-0.0,-0.4,,16.15,0.0,-0.03,,False,0.116,517,False,False,False,True,
114630,폴라리스우노,1.490234375,0.22,281.0,1631.0,,3.939453125,-2.45,1675,-12.0,1.4,10.8,,226.85,-80.4,-8.97,337,False,-2.003,1654,True,True,True,False,2.490234375,-1.0,1382,-3.3,-0.6,3.9,,244.82,-80.4,-10.52,795,False,-0.151,927,True,True,False,False,1.75,-0.26,1356,-0.4,0.4,-0.3,,-8.27,0.0,-0.2,,False,-0.13,1171,False,False,True,True,1.5,-0.01,1155,-0.4,0.1,0.2,,-7.54,0.0,0.13,411,False,-0.14,1429,False,False,True,False,
114810,한솔아이원스,6.01171875,1.63,3481.0,12370.0,,8.90625,-2.89,1704,-67.4,309.1,-231.5,111.1,10.74,-1.57,-1.63,,False,-1.663,1621,True,True,True,True,5.37890625,0.63,470,89.7,-152.1,71.9,-33.5,-32.18,-1.57,-1.41,275,False,1.782,253,True,True,False,False,7.91015625,-1.9,1750,-35.7,21.0,16.0,-5.0,-16.48,0.0,-0.94,337,False,-0.954,1603,False,False,True,False,6.23828125,-0.23,1610,3.0,-12.2,6.4,3.9,9.86,0.0,-0.31,290,False,0.078,636,False,False,False,False,
114840,아이패밀리에스씨,4.23046875,1.4,1431.0,8580.0,,7.94140625,-3.71,1727,-57.9,-81.7,153.3,-98.1,-41.87,-3.69,-0.67,74,False,-3.215,1720,True,False,False,False,7.109375,-2.88,1721,-44.8,18.0,31.7,-17.9,-26.98,-3.69,-0.53,308,False,-2.514,1672,True,False,True,False,4.44140625,-0.21,1309,-0.7,3.5,-3.3,0.1,-6.02,-3.69,-0.39,,False,-0.006,972,True,False,True,True,4.359375,-0.13,1489,1.5,2.4,-3.1,1.4,4.51,0.0,-0.23,,False,0.103,555,False,False,True,True,
115160,휴맥스,3.400390625,0.31,277.0,6430.0,,5.5703125,-2.17,1650,0.3,-2.4,-0.2,,610.5,-90.19,-59.09,,False,0.478,765,True,True,False,True,5.69140625,-2.29,1662,-1.1,-2.2,1.2,,791.82,-90.19,-54.68,,False,0.001,797,True,True,False,False,4.1796875,-0.78,1611,2.8,-0.0,-3.6,,-0.62,0.0,-1.84,,False,1.016,224,False,True,False,True,3.30078125,0.1,592,0.2,-0.0,-0.1,,7.89,0.0,0.04,,False,0.063,690,False,False,False,True,스파이크
115180,큐리언트,6.30078125,19.75,6696.0,17850.0,,3.23046875,3.07,216,409.8,-376.7,-125.3,-137.0,-37.37,3.93,-0.29,,False,3.669,186,True,False,False,True,6.01953125,0.28,591,71.6,-303.4,180.8,1.6,-53.09,0.72,-0.59,404,False,0.924,393,False,False,False,False,5.66015625,0.64,365,47.3,-5.5,-49.2,1.6,-31.87,0.06,0.0,,False,0.649,354,False,False,False,True,6.05859375,0.24,321,11.4,0.5,-9.5,3.1,-4.95,0.0,0.07,,False,0.17,372,False,False,True,True,지속
115310,인포바인,8.8984375,0.52,1009.0,6800.0,,8.4296875,0.47,702,-8.6,-11.5,19.6,-10.9,-89.54,364.52,7.46,228,False,-1.741,1633,True,True,False,False,8.359375,0.54,505,-7.3,-3.6,10.9,-1.4,-90.13,364.52,7.47,182,False,-1.734,1570,True,True,False,False,8.3203125,0.58,398,-0.3,0.2,0.0,0.2,-11.8,-7.1,-0.05,,False,-0.011,982,True,False,True,False,8.28125,0.62,82,-0.2,-0.0,0.2,,0.0,-7.1,0.0,605,False,-0.018,1123,True,False,False,False,스파이크
115440,우리넷,4.6796875,0.77,770.0,7130.0,,3.640625,1.04,525,-78.4,20.9,57.7,0.3,-3.12,0.0,0.85,,False,-0.05,1114,False,False,True,False,1.5498046875,3.13,144,-9.2,17.0,-12.1,0.1,-51.63,0.0,1.48,,False,1.773,256,False,True,True,True,2.279296875,2.4,70,10.9,-1.1,-10.3,,-31.84,0.0,0.35,,False,2.092,88,False,False,False,True,4.30078125,0.38,189,0.5,-0.0,-0.6,,2.89,0.0,0.3,,False,0.062,693,False,False,False,True,
115450,HLB테라퓨틱스,4.0703125,1.09,1642.0,1854.0,,5.4609375,-1.39,1541,-22.4,-3.5,26.8,0.2,-43.82,4.97,0.09,364,False,-1.222,1552,True,False,False,False,5.7890625,-1.72,1572,-56.5,-0.5,60.8,-0.0,-51.59,0.0,0.67,184,False,-2.321,1654,False,False,False,False,4.08984375,-0.02,1086,-20.6,-0.2,21.4,,-28.83,0.0,0.98,162,False,-1.004,1610,False,False,False,False,4.2109375,-0.14,1499,-18.9,-0.2,18.7,,-16.86,0.0,0.82,47,False,-0.961,1694,False,False,False,False,
115480,씨유메디칼,0.0,0.36,216.0,1780.0,,0.830078125,-0.83,1415,0.7,0.6,13.7,0.5,207.96,-80.0,-8.82,199,False,0.951,571,True,True,True,False,1.990234375,-1.99,1623,-3.9,0.1,2.7,,208.49,-80.0,-7.36,777,False,-0.488,1156,True,True,True,False,0.0,0.0,913,0.3,0.0,-0.8,,-10.69,0.0,-0.16,,False,0.152,719,False,False,False,True,0.0,0.0,908,-0.1,0.0,0.1,,-1.17,0.0,0.05,539,False,-0.055,1272,False,False,False,False,
115500,케이씨에스,2.73046875,4.89,962.0,8020.0,,0.68994140625,2.04,332,1.4,0.9,-4.3,,-14.68,0.0,0.24,,False,1.84,372,False,False,True,True,1.830078125,0.9,399,-4.6,0.9,4.7,,-54.89,0.0,-0.37,,False,1.246,325,False,False,True,False,2.1796875,0.55,421,-0.4,0.0,-1.0,,-35.06,0.0,0.13,,False,0.416,483,False,False,False,True,2.330078125,0.4,171,1.2,0.0,-1.1,,0.5,0.0,0.3,,False,0.111,530,False,False,False,True,
115530,씨엔플러스,0.0,1.94,153.0,1935.0,,2.560546875,-2.56,1685,-6.2,0.0,5.5,,479.34,-88.4,-10.79,427,False,-1.449,1594,True,True,False,False,2.140625,-2.14,1647,-2.3,0.0,2.0,,421.56,-89.12,-13.2,638,False,-0.75,1277,True,True,False,False,0.0,0.0,913,-0.2,-0.0,0.2,,3.42,0.0,0.09,540,False,-0.145,1185,False,False,False,False,0.0,0.0,908,0.2,0.0,-0.2,,11.4,0.0,-0.12,,False,0.121,503,False,False,False,True,스파이크
115570,스타플렉스,1.099609375,0.28,201.0,2515.0,,0.85986328125,0.24,807,0.2,0.0,-1.1,,-16.31,0.0,0.14,,False,0.085,983,False,False,False,True,0.990234375,0.11,659,0.0,0.0,-0.3,,-23.09,0.0,0.09,,False,-0.005,817,False,False,False,True,1.419921875,-0.32,1393,-0.7,0.0,0.8,,2.03,0.0,0.01,379,False,-0.297,1330,False,False,False,False,1.1201171875,-0.02,1215,-0.0,0.0,0.0,,2.24,0.0,0.0,588,False,-0.022,1151,False,False,False,False,
115610,이미지스,1.7802734375,1.54,164.0,1385.0,,4.01171875,-2.23,1655,-14.0,-0.1,19.7,-0.0,13.62,-50.0,-2.38,261,False,-1.115,1533,True,True,False,False,2.630859375,-0.85,1325,-1.1,-1.2,1.8,,3.44,-50.0,-3.79,,False,0.092,680,True,True,False,False,1.3095703125,0.47,473,0.9,0.1,-1.2,,-29.3,0.0,-0.23,,False,0.601,378,False,False,True,True,1.3798828125,0.4,171,0.5,0.0,-0.5,,8.46,0.0,0.1,,False,0.313,177,False,False,False,True,
117670,알파칩스,0.7900390625,1.33,562.0,8440.0,,3.1796875,-2.39,1666,0.3,-0.0,10.3,0.1,-41.47,0.0,-2.28,445,False,-0.119,1150,False,True,False,False,0.280029296875,0.51,516,5.0,0.1,1.8,0.1,-53.19,0.0,0.27,696,False,0.227,611,False,False,True,False,0.7998046875,-0.01,1065,-1.0,0.1,1.7,0.1,-33.44,0.0,0.13,427,False,-0.15,1191,False,False,True,False,0.64990234375,0.14,498,0.1,-0.0,-0.1,,-1.52,0.0,0.13,,False,0.014,907,False,False,False,True,
117730,티로보틱스,2.25,4.77,2481.0,11000.0,,1.830078125,0.42,716,-66.3,-20.1,78.5,-61.7,-50.34,3.55,0.78,538,False,-0.278,1255,True,False,False,False,1.1298828125,1.12,357,7.7,-7.3,-1.3,-10.8,-42.89,1.69,0.38,,False,0.776,415,True,False,False,True,0.97021484375,1.28,186,37.6,2.5,-39.1,0.6,-34.99,0.0,-0.03,,False,1.324,169,False,False,True,True,1.58984375,0.66,74,6.4,-0.2,-6.1,,-4.1,0.0,0.43,,False,0.231,278,False,False,False,True,
118990,모트렉스,3.919921875,0.52,1303.0,5310.0,,1.76953125,2.15,317,39.8,-1.3,-33.4,0.0,-46.36,-1.31,-0.01,,False,2.236,309,True,False,False,True,2.330078125,1.59,287,17.4,-0.0,-17.5,,-40.14,0.0,0.17,,False,1.403,297,False,False,False,True,2.66015625,1.26,187,16.1,0.0,-15.8,,-24.57,0.0,0.02,,False,1.239,185,False,False,False,True,3.470703125,0.45,149,6.1,0.0,-6.1,,0.95,0.0,-0.03,,False,0.473,96,False,False,False,True,
119500,포메탈,6.37109375,0.57,294.0,2480.0,,2.51953125,3.85,161,10.9,-0.1,-23.4,0.1,-54.5,0.0,-1.65,,False,3.457,207,False,True,False,True,7.12109375,-0.75,1283,-4.1,0.1,3.9,0.1,-40.38,0.0,-0.24,613,False,-0.536,1183,False,False,True,False,5.80859375,0.56,411,2.1,-0.4,-1.4,-0.4,-19.09,0.0,-0.11,,False,0.674,338,False,False,False,True,6.328125,0.04,763,0.6,0.0,-0.6,,0.4,0.0,-0.14,,False,0.182,354,False,False,False,True,
119610,인터로조,6.140625,1.22,1714.0,15020.0,,7.75,-1.61,1586,-54.6,-5.7,58.6,-0.9,-4.09,0.0,0.77,216,False,-2.362,1679,False,False,False,False,10.359375,-4.22,1771,-101.8,1.8,89.8,-1.5,-26.01,0.0,0.44,70,False,-4.674,1747,False,False,True,False,7.421875,-1.28,1688,-24.0,-34.6,42.7,-1.8,-15.57,0.0,0.01,44,False,-1.313,1651,False,False,False,False,6.5,-0.36,1690,-3.3,-2.6,6.1,,-4.27,0.0,-0.17,167,False,-0.188,1486,False,False,False,False,
119830,아이텍,2.619140625,0.75,1486.0,5600.0,,2.98046875,-0.36,1239,-1.2,-54.0,111.8,-24.8,-17.53,13.44,0.26,101,False,-0.256,1239,True,False,False,False,5.609375,-2.99,1726,-54.9,5.5,48.0,-0.7,-21.46,0.72,0.09,185,False,-3.112,1700,False,False,True,False,4.359375,-1.74,1739,-31.2,3.1,25.0,,-13.31,0.0,0.11,115,False,-1.885,1699,False,False,True,False,2.98046875,-0.36,1690,-4.4,0.0,-2.4,,1.82,0.0,-0.08,,False,-0.294,1559,False,False,False,True,
119850,지엔씨에너지,4.4609375,2.51,5584.0,33950.0,,7.140625,-2.68,1692,-100.1,459.2,-335.9,116.6,-2.58,0.0,-1.64,,False,-1.051,1520,False,True,True,True,7.58984375,-3.13,1739,-161.5,327.5,-155.9,136.5,0.0,0.0,-1.16,,False,-1.992,1607,False,True,True,True,4.53125,-0.07,1151,-55.7,240.7,-188.6,155.6,44.47,0.0,0.87,,False,-0.934,1601,False,False,True,True,4.21875,0.24,321,-43.7,155.2,-110.0,88.6,28.6,0.0,1.09,,False,-0.828,1688,False,True,True,True,
120240,대정화금,2.650390625,0.56,1032.0,14350.0,,1.1796875,1.47,418,11.1,0.2,-23.3,0.3,12.2,0.0,0.33,,False,1.148,510,False,False,True,True,2.349609375,0.3,583,2.6,0.3,-12.8,0.3,0.99,0.0,0.06,,False,0.242,604,False,False,True,True,1.9599609375,0.69,350,6.3,-0.0,-12.7,,4.97,0.0,0.07,,False,0.631,360,False,False,False,True,2.220703125,0.43,158,5.3,-0.0,-5.2,,7.09,0.0,-0.1,,False,0.53,82,False,False,False,True,스파이크
121440,골프존홀딩스,5.19921875,0.35,2857.0,6670.0,,2.5703125,2.63,254,79.9,372.2,-441.9,1.9,47.57,0.0,-0.31,,False,3.137,227,False,False,True,True,4.1484375,1.05,372,46.3,372.2,-405.8,2.1,32.6,0.0,-0.35,,False,1.599,271,False,False,True,True,4.23828125,0.96,246,45.2,369.3,-397.1,2.1,38.96,0.0,-0.37,,False,1.528,132,False,False,True,True,3.560546875,1.64,12,47.4,11.0,-56.8,,0.3,0.0,-0.02,,False,1.657,11,False,False,True,True,
121600,나노신소재,6.98046875,2.12,5377.0,43850.0,,7.73828125,-0.76,1390,-71.8,344.5,-256.9,6.2,-12.12,0.42,-0.57,,False,-0.143,1167,False,False,True,True,7.55859375,-0.58,1204,-38.4,-100.0,144.8,-25.9,-42.68,0.42,-0.74,287,False,0.188,633,False,False,False,False,6.9609375,0.02,855,20.0,-11.6,-7.5,-5.1,-27.88,0.07,-0.29,,False,0.321,547,False,False,False,True,7.12890625,-0.15,1513,-6.3,5.7,0.3,-0.0,0.57,0.0,-0.04,617,False,-0.107,1375,False,False,True,False,
121800,비덴트,1.5498046875,0.4,2563.0,3320.0,,1.5,0.05,929,,,,,0.0,0.0,0.05,,False,,,False,False,False,False,1.580078125,-0.03,880,,,,,0.0,0.0,-0.03,,False,,,False,False,False,False,1.5498046875,0.0,913,,,,,0.0,0.0,0.0,,False,,,False,False,False,False,1.5498046875,0.0,908,,,,,0.0,0.0,0.0,,False,,,False,False,False,False,
121850,코이즈,1.5703125,3.73,75.0,1474.0,,3.05078125,-1.48,1562,-11.4,-14.9,25.7,-5.0,-64.48,65.18,4.39,10,True,-8.606,1778,True,True,False,False,3.01953125,-1.45,1510,-2.6,-0.0,2.5,,-52.98,0.0,-0.4,449,False,-1.277,1460,False,False,False,False,1.4404296875,0.13,719,0.0,0.0,-0.2,,-19.63,0.0,-0.39,,False,0.287,577,False,False,False,True,1.3603515625,0.21,368,0.1,,-0.0,,10.58,0.0,0.13,,False,0.135,465,False,False,False,False,
121890,에스디시스템,16.34375,2.28,272.0,2050.0,,11.7421875,4.6,120,6.7,-0.2,-4.2,,23.35,0.0,-0.64,,False,4.703,123,False,False,False,True,18.125,-1.78,1583,-6.4,0.0,5.1,,18.02,0.0,-0.54,397,False,-1.781,1581,False,False,False,False,18.046875,-1.7,1733,-4.1,-0.0,1.1,,3.54,0.0,-0.18,330,False,-1.6,1680,False,False,False,False,16.453125,-0.11,1463,0.2,-0.0,-1.4,,13.76,0.0,-0.21,,False,0.096,576,False,False,False,True,
122310,제노레이,2.30078125,0.5,483.0,3320.0,,1.7001953125,0.6,661,-0.4,-0.0,-1.4,,-18.43,0.0,0.58,,False,-0.075,1127,False,False,False,True,1.16015625,1.14,353,2.6,0.0,-3.5,,-29.81,0.0,0.7,,False,0.386,546,False,False,False,True,2.3203125,-0.02,1086,0.0,-0.0,-0.5,,-9.54,0.0,-0.02,,False,0.001,942,False,False,False,True,2.349609375,-0.05,1326,-0.2,-0.0,0.2,,0.0,0.0,-0.01,526,False,-0.043,1235,False,False,False,False,
122350,삼기,2.0703125,0.72,734.0,1915.0,,2.7109375,-0.64,1351,-17.2,-1.6,18.4,-0.0,5.86,0.0,0.74,355,False,-1.4,1585,False,False,False,False,4.9609375,-2.89,1722,-26.1,-1.4,26.9,,25.33,0.0,0.26,137,False,-3.158,1701,False,False,False,False,4.94140625,-2.87,1791,-24.5,-1.2,25.2,,86.83,0.0,0.32,24,False,-3.172,1738,False,False,False,False,2.119140625,-0.05,1326,-1.4,0.1,0.8,,16.06,0.0,-0.0,,False,-0.064,1295,False,False,True,False,
122450,KX,2.140625,0.31,1179.0,2630.0,,2.119140625,0.02,963,-1.1,-1.5,2.2,-0.7,-24.43,0.0,0.03,700,False,-0.007,1083,False,False,False,False,2.310546875,-0.17,978,-3.1,-0.9,3.9,-0.3,-19.08,0.0,0.01,758,False,-0.182,946,False,False,False,False,2.0390625,0.1,747,1.3,0.3,-1.6,-0.3,-7.88,0.0,-0.01,,False,0.109,765,False,False,True,True,2.060546875,0.08,642,0.9,-0.6,-0.3,-0.3,-1.31,0.0,0.0,,False,0.079,632,False,False,False,True,
122640,예스티,5.28125,4.51,6210.0,28750.0,,2.9609375,2.32,289,232.5,245.2,-562.8,0.6,61.61,1.18,-3.22,,False,5.03,109,True,True,True,True,4.66015625,0.62,472,153.0,-103.7,-141.4,-47.0,-1.2,1.18,-3.49,,False,3.64,113,True,True,False,True,9.90625,-4.62,1805,-132.2,107.8,-16.4,-3.3,-0.52,0.07,-3.87,,False,-1.327,1653,False,True,True,True,6.359375,-1.08,1780,-85.0,-13.4,94.4,-5.5,15.23,0.07,0.19,28,False,-1.301,1708,False,False,False,False,
122690,서진오토모티브,1.48046875,0.25,375.0,1623.0,,0.77001953125,0.71,617,3.4,-12.7,9.2,0.2,-54.85,1.99,0.29,381,False,0.504,750,True,False,False,False,2.369140625,-0.89,1346,-4.2,0.1,4.1,,-33.62,0.0,0.03,483,False,-0.926,1351,False,False,True,False,1.8798828125,-0.4,1444,-1.6,0.0,1.7,,-12.03,0.0,-0.0,340,False,-0.391,1395,False,False,False,False,1.5595703125,-0.08,1395,-0.0,0.0,0.0,,-0.67,0.0,-0.08,675,False,-0.004,1046,False,False,False,False,
122870,와이지엔터테인먼트,11.6796875,1.45,7514.0,40200.0,,10.6484375,1.03,528,-119.8,-75.4,247.8,37.1,-42.07,0.0,0.93,215,False,0.086,982,False,False,False,False,11.6328125,0.05,701,16.5,-167.1,137.8,15.5,-27.57,0.0,-0.34,403,False,0.357,559,False,False,False,False,12.046875,-0.37,1428,-38.9,67.8,-31.6,5.9,-13.17,0.0,0.13,,False,-0.482,1433,False,False,True,True,11.8125,-0.13,1489,-9.3,2.2,5.2,10.1,-2.07,0.0,-0.02,448,False,-0.117,1396,False,False,True,False,
122990,와이솔,11.3125,0.57,1662.0,6240.0,,8.03125,3.28,197,69.6,78.0,-143.4,0.6,4.52,0.0,-0.2,,False,3.492,204,False,False,True,True,9.296875,2.02,237,34.8,55.1,-88.4,0.5,-17.46,0.0,0.56,,False,1.458,290,False,False,True,True,11.640625,-0.33,1396,-8.7,12.3,-3.5,-0.0,-20.1,0.0,0.18,,False,-0.51,1453,False,False,True,True,11.5390625,-0.23,1610,-3.7,2.9,0.8,,5.41,0.0,0.0,502,False,-0.23,1520,False,False,True,False,
123010,알엔티엑스,0.0,1.91,541.0,1554.0,,0.0,0.0,987,-14.0,0.1,24.6,0.1,49.14,6.55,0.97,146,False,-1.019,1516,True,False,True,False,0.0,0.0,771,-5.0,-0.0,11.0,-0.0,-21.87,6.55,-0.53,546,False,0.469,517,True,False,False,False,0.0,0.0,913,5.0,0.0,-6.4,,-27.21,1.73,-0.98,,False,0.988,230,True,False,False,True,0.0,0.0,908,,,,,0.0,0.0,0.0,,False,,,False,False,False,False,
123040,엠에스오토텍,1.16015625,0.47,990.0,1580.0,,1.51953125,-0.36,1239,-11.5,-0.4,10.7,,-33.33,0.0,0.14,554,False,-0.556,1376,False,False,False,False,1.1904296875,-0.03,880,-2.9,0.1,4.7,,-32.91,0.0,0.15,707,False,-0.199,958,False,False,True,False,1.169921875,-0.01,1065,-1.6,-0.3,1.7,,-17.96,0.0,0.1,495,False,-0.12,1158,False,False,False,False,1.1396484375,0.02,827,0.1,0.1,-0.2,,2.86,0.0,0.01,,False,0.01,925,False,False,True,True,지속
123330,제닉,1.9501953125,4.8,2008.0,25200.0,,4.6015625,-2.65,1690,-113.6,154.4,-41.7,35.6,58.29,0.0,0.92,,False,-3.793,1735,False,False,True,True,1.58984375,0.36,561,-15.7,-71.2,88.8,42.0,-17.38,0.0,0.32,98,False,-0.162,936,False,False,False,False,4.48046875,-2.53,1780,-54.6,113.3,-55.8,31.5,18.59,0.0,-0.43,,False,-2.297,1721,False,False,True,True,2.66015625,-0.71,1755,-6.5,6.9,-0.7,-7.6,-9.68,0.0,-0.4,,False,-0.309,1564,False,False,True,True,
123410,코리아에프티,47.1875,0.57,1476.0,5300.0,,49.75,-2.56,1685,-34.6,44.6,-52.1,45.1,-35.68,0.0,-0.17,,False,-2.353,1678,False,False,True,True,49.0625,-1.88,1604,-27.6,13.5,-12.3,-4.3,-26.69,0.0,-0.21,,False,-1.657,1546,False,False,True,True,48.25,-1.06,1663,-16.0,15.2,-5.0,10.3,-13.96,0.0,-0.04,,False,-1.028,1617,False,False,True,True,47.5625,-0.38,1696,-4.1,5.4,-1.6,-0.1,0.57,0.0,-0.1,,False,-0.272,1541,False,False,True,True,
123420,위메이드플레이,3.51953125,0.24,629.0,6050.0,,6.19140625,-2.67,1691,-25.1,-0.2,24.8,,-21.53,-1.43,-0.05,238,False,-2.688,1699,True,False,False,False,5.37890625,-1.86,1601,-21.4,-0.0,21.4,,-22.14,-1.43,0.34,208,False,-2.252,1648,True,False,False,False,3.75,-0.23,1334,-5.5,-0.0,5.2,,-4.57,0.0,0.28,300,False,-0.556,1475,False,False,False,False,3.169921875,0.35,215,2.5,0.0,-2.5,,0.0,0.0,-0.03,,False,0.387,133,False,False,False,True,
123570,이엠넷,27.703125,0.38,375.0,1682.0,,26.921875,0.78,598,0.0,8.9,-8.7,9.1,-12.58,0.0,0.82,,False,-0.008,1085,False,False,True,True,26.984375,0.72,440,-0.5,5.2,-4.6,5.2,-15.9,0.0,0.86,,False,-0.115,908,False,False,True,True,26.984375,0.72,335,-0.2,1.0,-0.7,1.0,-9.72,0.0,0.78,,False,-0.046,1056,False,False,True,True,27.703125,0.0,908,0.0,0.0,-0.1,0.0,-1.0,0.0,-0.01,,False,0.008,939,False,False,False,True,
123750,알톤,0.7900390625,1.37,303.0,2190.0,,1.3701171875,-0.58,1329,-5.0,-1.2,-7.8,-0.9,32.97,8.42,0.2,,False,-0.743,1437,True,False,False,True,1.73046875,-0.94,1360,-4.2,-0.2,-9.9,,0.0,0.0,0.13,,False,-1.215,1446,False,False,False,True,1.3896484375,-0.6,1545,-1.7,-0.2,-12.0,,32.49,0.0,-0.12,,False,-0.578,1484,False,False,False,True,0.990234375,-0.2,1575,-0.6,-0.1,-7.1,,-2.67,0.0,-0.02,,False,-0.176,1473,False,False,False,True,
123840,뉴온,1.009765625,0.13,127.0,2000.0,,0.81005859375,0.2,829,-0.2,-0.5,0.1,,98.22,-87.68,-7.96,,False,0.285,852,True,True,False,False,0.8701171875,0.14,650,-0.5,0.0,0.3,,260.36,-90.0,-7.72,,False,-0.005,817,True,True,False,False,0.740234375,0.27,589,0.2,0.0,-0.2,,-38.65,0.0,0.09,,False,0.165,701,False,False,False,True,0.93994140625,0.07,665,0.1,0.0,-0.1,,-9.09,0.0,0.01,,False,0.056,717,False,False,False,True,
123860,아나패스,4.6796875,2.15,1620.0,13360.0,,5.37109375,-0.69,1367,1.7,-31.9,-38.5,-2.7,-18.88,0.0,0.06,,False,-0.389,1305,False,False,False,True,5.19140625,-0.51,1169,3.3,-14.2,-24.2,-0.9,-25.65,0.0,-0.01,,False,-0.234,985,False,False,False,True,6.0703125,-1.39,1701,-23.1,0.0,13.8,,-17.73,0.0,-0.09,215,False,-1.283,1646,False,False,False,False,4.73046875,-0.05,1326,-1.5,0.0,1.5,,0.68,0.0,0.04,408,False,-0.091,1352,False,False,False,False,
124500,아이티센글로벌,6.98046875,3.77,4734.0,20400.0,,5.62109375,1.36,444,-63.9,578.7,-333.9,11.0,-39.56,0.0,1.08,,False,1.054,540,False,True,True,True,5.87890625,1.1,365,28.9,170.6,-142.3,-38.1,-61.87,0.0,-0.08,,False,1.769,257,False,False,True,True,3.75,3.23,42,188.1,29.1,-187.6,-1.4,-42.05,0.0,0.53,,False,3.268,38,False,False,True,True,6.87109375,0.11,568,2.7,-2.3,-1.4,,1.75,0.0,0.05,,False,0.054,724,False,False,False,True,지속
124560,태웅로직스,3.5703125,0.31,735.0,1897.0,,2.41015625,1.16,491,10.8,-1.6,-8.9,,-24.72,0.0,0.03,,False,1.227,486,False,False,False,True,3.6796875,-0.11,938,-3.8,-0.4,3.1,,-32.97,0.0,0.28,753,False,-0.347,1064,False,False,False,False,3.419921875,0.15,701,1.3,-0.3,-1.2,,-10.94,0.0,-0.06,,False,0.183,680,False,False,False,True,3.44921875,0.12,543,0.5,-0.0,-0.5,,2.6,0.0,0.04,,False,0.076,646,False,False,False,True,스파이크
125020,티씨머티리얼즈,5.78125,2.15,1673.0,4775.0,,0.66015625,5.12,103,116.2,-13.8,35.3,10.5,20.43,0.0,0.68,204,False,4.494,129,False,False,False,False,0.91015625,4.87,62,135.7,13.7,-89.6,4.0,-21.33,0.0,0.31,,False,4.713,67,False,False,True,True,4.7109375,1.07,220,17.0,1.2,-21.2,2.3,-33.5,0.0,-0.18,,False,1.256,182,False,False,True,True,5.37109375,0.41,166,9.8,1.5,-11.4,,6.94,0.0,-0.15,,False,0.586,65,False,False,True,True,
125210,아모그린텍,9.96875,1.21,978.0,5930.0,,4.53125,5.44,90,82.4,30.3,-126.7,4.7,-1.5,0.0,-1.06,,False,6.038,68,False,True,True,True,7.640625,2.33,207,34.7,6.8,-58.2,0.1,-42.87,0.0,-0.37,,False,2.223,205,False,False,True,True,10.3125,-0.34,1406,1.5,-20.1,18.8,-0.2,-36.98,0.0,-0.48,83,False,0.113,758,False,False,False,False,10.1171875,-0.15,1513,-2.4,0.0,2.3,,0.34,0.0,0.09,240,False,-0.237,1525,False,False,False,False,
125490,한라캐스트,3.80078125,2.65,2796.0,7660.0,,0.320068359375,3.48,178,129.5,-431.9,360.4,-85.2,-61.04,0.0,0.37,145,False,3.147,226,False,False,False,False,6.8203125,-3.02,1727,-203.5,89.7,133.3,14.4,-45.71,0.0,0.14,382,False,-3.176,1704,False,False,True,False,2.900390625,0.9,266,37.6,1.3,-42.9,-1.1,-38.67,0.0,-0.29,,False,1.235,187,False,False,True,True,3.740234375,0.06,693,0.8,1.6,-4.5,0.9,1.73,0.0,0.04,,False,0.019,875,False,False,True,True,
126340,비나텍,14.1328125,5.2,4423.0,61600.0,,6.48046875,7.65,41,1002.9,-99.0,-660.9,-15.8,-29.44,6.63,-2.79,,False,11.559,12,True,True,False,True,6.73828125,7.39,24,989.7,-626.4,-350.4,-28.0,-51.53,0.52,-2.17,,False,9.622,11,False,True,False,True,16.625,-2.49,1777,24.8,-77.4,69.9,0.6,-52.8,0.0,-3.3,118,False,0.813,281,False,True,False,False,14.359375,-0.23,1610,22.8,-55.8,34.1,4.8,-9.94,0.0,-0.74,71,False,0.516,87,False,False,False,False,
126600,BGF에코머티리얼즈,0.91015625,0.43,1801.0,2870.0,,1.3095703125,-0.4,1265,-25.4,-9.2,36.3,-0.0,-27.34,0.0,0.15,451,False,-0.564,1381,False,False,False,False,1.51953125,-0.61,1218,-21.7,-4.0,27.9,-0.0,-33.79,0.0,0.06,479,False,-0.671,1246,False,False,False,False,0.81982421875,0.09,754,2.2,0.0,-2.3,,-11.56,0.0,-0.04,,False,0.122,748,False,False,False,True,0.8701171875,0.04,763,1.0,0.0,-1.0,,0.35,0.0,-0.01,,False,0.054,724,False,False,False,True,
126640,화신정공,5.8984375,1.27,1507.0,4300.0,,3.849609375,2.05,329,-28.5,-0.3,-40.7,-0.0,213.41,0.0,0.12,,False,1.788,382,False,False,False,True,5.26953125,0.63,470,-34.5,-0.3,-33.8,-0.1,174.94,0.0,0.51,,False,0.139,658,False,False,False,True,2.380859375,3.52,36,33.1,-0.1,-73.4,,-37.04,0.0,0.22,,False,3.279,37,False,False,False,True,5.390625,0.51,123,-0.2,-0.0,-0.7,,17.17,0.0,0.46,,False,0.041,773,False,False,False,True,
126700,하이비젼시스템,13.2890625,0.47,1369.0,9160.0,,17.3125,-4.02,1737,-68.0,76.7,5.3,53.3,-43.11,0.0,-0.47,302,False,-3.641,1733,False,False,True,False,15.6171875,-2.33,1666,-31.3,-22.8,53.2,15.2,-47.87,0.0,0.02,118,False,-2.434,1667,False,False,False,False,15.78125,-2.49,1777,-36.9,11.2,23.7,22.3,-27.53,0.0,-0.3,101,False,-2.268,1718,False,False,True,False,13.6015625,-0.31,1668,-2.3,3.5,-1.4,6.5,0.88,0.0,-0.13,,False,-0.187,1484,False,False,True,True,
126730,코칩,2.7109375,1.94,1188.0,13550.0,,0.56005859375,2.15,317,2.3,10.0,4.7,-4.7,-11.21,3.14,0.42,,False,2.03,336,True,False,True,False,0.60986328125,2.1,228,7.9,9.6,-7.7,-1.1,-28.68,0.0,0.37,,False,1.714,260,False,False,True,True,2.369140625,0.34,545,-5.9,2.1,3.0,0.3,-41.72,0.0,-0.17,,False,0.52,426,False,False,True,False,2.1796875,0.53,111,4.4,0.0,-4.4,,-4.17,0.0,0.2,,False,0.336,159,False,False,False,True,스파이크
126880,제이엔케이글로벌,2.83984375,0.41,654.0,2820.0,,2.5703125,0.27,791,2.2,-1.8,-6.3,0.2,-20.79,0.0,-0.0,,False,0.32,831,False,False,False,True,3.69921875,-0.86,1330,-11.6,-0.6,5.9,-0.2,-30.02,0.0,0.45,655,False,-1.254,1452,False,False,False,False,2.119140625,0.72,335,3.1,-0.3,-4.5,,-12.42,0.0,0.28,,False,0.449,470,False,False,False,True,2.76953125,0.07,665,-0.2,-0.0,0.3,,0.71,0.0,0.11,531,False,-0.032,1191,False,False,False,False,
127120,제이에스링크,2.94921875,16.19,12073.0,34750.0,,1.1796875,1.77,370,33.9,592.3,-618.5,0.0,90.41,8.87,1.15,,False,0.788,637,True,True,True,True,2.4609375,0.49,522,-28.3,123.2,-90.5,-54.2,-26.3,0.7,0.78,,False,-0.265,1007,False,False,True,True,1.9599609375,0.99,239,84.1,11.8,-91.7,4.4,-3.74,0.35,0.37,,False,0.641,357,False,False,True,True,2.30078125,0.65,77,41.4,-8.1,-21.2,5.5,-6.96,0.0,0.37,,False,0.29,211,False,False,False,True,스파이크
127710,아시아경제,0.18994140625,0.37,440.0,1000.0,,0.0200042724609375,0.17,845,0.4,38.5,-39.2,-0.0,-11.27,26.2,0.04,,False,0.185,927,True,False,True,True,0.389892578125,-0.2,1002,-0.8,16.1,-15.3,,-42.2,0.0,-0.08,,False,-0.123,915,False,False,True,True,0.360107421875,-0.17,1267,-0.9,0.9,0.1,,9.89,0.0,0.02,644,False,-0.187,1238,False,False,True,False,0.320068359375,-0.13,1489,0.1,0.3,-0.4,,1.83,0.0,-0.14,,False,0.019,875,False,False,True,True,
127980,화인써키트,1.33984375,1.01,384.0,3240.0,,0.330078125,1.01,538,7.0,0.0,-8.1,,-42.45,0.0,-0.08,,False,1.062,537,False,False,False,True,0.35009765625,0.99,385,6.8,0.0,-8.0,,-38.17,0.0,-0.09,,False,1.04,370,False,False,False,True,1.4697265625,-0.13,1219,0.2,-0.0,-0.3,,-16.71,0.0,-0.22,,False,0.075,802,False,False,False,True,1.2900390625,0.05,725,0.3,-0.0,-0.3,,5.88,0.0,-0.04,,False,0.09,596,False,False,False,True,지속
128540,에코캡,2.400390625,0.31,349.0,1307.0,,1.8603515625,0.54,687,5.7,0.1,-3.1,0.2,-54.06,0.0,-0.71,,False,1.088,530,False,False,True,True,3.9296875,-1.53,1524,-5.3,-0.0,4.8,0.0,-31.17,0.0,-0.68,507,False,-0.942,1360,False,False,False,False,2.48046875,-0.08,1161,1.1,-0.2,-0.7,-0.2,-13.62,0.0,-0.37,,False,0.34,527,False,False,False,True,2.30078125,0.1,592,0.5,-0.0,-0.5,,2.27,0.0,-0.06,,False,0.158,401,False,False,False,True,스파이크
128660,피제이메탈,2.890625,0.92,680.0,2740.0,,1.01953125,1.87,356,9.8,-1.5,-8.2,0.0,-8.21,0.0,0.3,,False,1.503,426,False,False,False,True,3.2109375,-0.32,1079,-4.1,-0.0,4.6,,-24.1,0.0,0.11,663,False,-0.42,1115,False,False,False,False,2.66015625,0.23,627,-1.3,0.0,1.1,,-3.35,0.0,0.41,482,False,-0.195,1243,False,False,False,False,2.41015625,0.48,132,1.0,0.0,-1.1,,1.86,0.0,0.33,,False,0.146,437,False,False,False,True,
129890,앱코,2.75,0.69,428.0,939.0,,4.12109375,-1.37,1537,-8.4,1.6,6.2,0.2,-4.57,0.0,0.28,399,False,-1.635,1618,False,False,True,False,3.05078125,-0.3,1066,-3.6,0.3,4.6,-0.2,-14.17,0.0,0.35,493,False,-0.615,1216,False,False,True,False,2.259765625,0.49,461,0.8,0.6,-0.5,,-2.59,0.0,0.19,,False,0.297,568,False,False,True,True,2.400390625,0.35,215,1.3,0.5,-1.8,,6.46,0.0,0.05,,False,0.304,189,False,False,True,True,스파이크
129920,대성하이텍,9.8984375,0.93,647.0,3980.0,,2.810546875,7.09,48,63.3,-126.6,143.5,-46.6,-3.63,18.47,-0.13,76,False,9.019,26,True,False,False,False,4.328125,5.57,48,62.0,-171.4,147.8,-79.1,-69.38,18.47,0.57,10,True,6.673,23,True,False,False,False,10.3125,-0.41,1449,4.3,-0.6,-3.6,0.2,-40.33,0.0,-1.29,,False,0.796,288,False,True,False,True,9.296875,0.6,89,1.5,-0.3,-1.2,-0.6,-5.8,0.0,0.37,,False,0.232,276,False,False,False,True,지속
130500,GH신소재,1.740234375,0.32,256.0,1760.0,,2.119140625,-0.38,1251,1.5,-0.0,-1.6,,-31.91,0.0,-0.86,,False,0.531,736,False,False,False,True,3.099609375,-1.36,1490,-2.5,0.0,2.4,,-32.95,0.0,-0.74,600,False,-0.629,1225,False,False,False,False,1.3203125,0.42,500,1.2,-0.0,-1.2,,-15.38,0.0,-0.05,,False,0.468,459,False,False,False,True,1.509765625,0.23,333,0.7,-0.0,-0.7,,0.57,0.0,-0.03,,False,0.263,239,False,False,False,True,스파이크
130580,나이스디앤비,44.15625,0.73,844.0,5480.0,,43.625,0.53,689,8.0,-1.6,-6.1,-0.7,-4.53,0.0,-0.41,,False,0.943,574,False,False,False,True,43.25,0.91,397,7.6,-0.8,-5.7,,-2.66,0.0,0.01,,False,0.9,399,False,False,False,True,43.875,0.28,581,2.5,0.2,-2.8,,-1.26,0.0,-0.02,,False,0.298,566,False,False,True,True,44.125,0.03,799,0.5,0.2,-0.7,,0.18,0.0,-0.03,,False,0.058,710,False,False,True,True,지속
130740,티피씨글로벌,3.30078125,0.34,222.0,1970.0,,2.310546875,0.99,541,-1.4,16.5,-15.5,-0.0,-5.97,0.0,0.59,,False,0.435,783,False,False,True,True,4.23046875,-0.93,1357,-2.9,16.7,-14.7,,-9.43,0.0,0.08,,False,-1.126,1419,False,False,True,True,5.19921875,-1.9,1750,-3.9,8.5,-4.7,,-7.51,0.0,-0.14,,False,-1.718,1691,False,False,True,True,3.58984375,-0.29,1658,-0.3,0.3,-0.0,,6.26,0.0,-0.18,,False,-0.117,1396,False,False,True,False,
131030,옵투스제약,5.2890625,0.57,985.0,5580.0,,4.19921875,1.09,515,-20.3,0.7,82.2,-0.0,-18.78,0.0,0.43,225,False,0.505,749,False,False,True,False,4.58984375,0.7,446,14.6,-1.7,6.4,,-47.9,0.0,-0.37,520,False,0.976,383,False,False,False,False,5.69140625,-0.4,1444,1.0,0.0,-0.9,,-6.22,0.0,-0.56,,False,0.149,722,False,False,False,True,5.109375,0.18,416,3.8,0.0,-3.4,,-2.45,0.0,-0.2,,False,0.38,137,False,False,False,True,
131090,시큐브,4.69140625,0.6,297.0,3880.0,,2.7109375,1.98,337,4.6,11.4,-13.2,-0.1,4.86,-4.27,0.25,,False,1.513,424,True,False,True,True,3.75,0.94,391,2.1,11.6,-16.2,0.1,-15.28,0.0,0.19,,False,0.741,426,False,False,True,True,3.75,0.94,254,2.7,2.0,-5.0,-0.0,0.0,0.0,0.01,,False,0.946,240,False,False,True,True,4.0703125,0.62,82,1.0,0.2,-1.2,,2.37,0.0,0.29,,False,0.331,161,False,False,True,True,스파이크
131100,티엔엔터테인먼트,0.0,0.36,239.0,740.0,,0.0,0.0,987,0.8,1.3,-2.1,,-42.46,0.0,-0.26,,False,0.238,882,False,False,True,True,0.0,0.0,771,0.5,0.6,-1.0,,-42.19,0.0,-0.17,,False,0.157,650,False,False,True,True,0.0,0.0,913,-0.1,0.1,0.1,,-16.29,0.0,0.06,606,False,-0.055,1073,False,False,True,False,0.0,0.0,908,-0.0,-0.0,0.0,,-8.42,0.0,0.01,625,False,-0.009,1082,False,False,False,False,
131180,딜리,16.5625,0.33,222.0,3775.0,,16.5625,0.0,987,-0.4,0.1,-0.0,0.2,277.88,-80.0,-66.28,,False,-0.088,1131,True,True,True,False,16.5625,0.0,771,0.0,0.2,-0.3,0.2,307.67,-80.0,-66.37,,False,0.014,774,True,True,True,True,16.546875,0.02,855,0.0,-0.0,0.0,,-12.51,0.0,0.01,648,False,0.008,914,False,False,False,False,16.546875,0.02,827,0.0,0.0,-0.0,,-1.95,0.0,0.01,,False,0.011,922,False,False,False,False,
131220,대한과학,3.5390625,0.66,295.0,3960.0,,3.33984375,0.2,829,-0.1,-0.1,-0.0,0.0,-16.01,0.0,0.17,,False,-0.012,1089,False,False,False,False,3.740234375,-0.2,1002,-1.3,0.2,1.0,0.2,-15.74,0.0,0.11,746,False,-0.362,1078,False,False,True,False,3.390625,0.15,701,0.1,0.0,-0.1,,4.76,0.0,0.08,,False,0.049,842,False,False,False,True,3.33984375,0.2,382,0.4,0.0,-0.4,,9.39,0.0,0.06,,False,0.145,441,False,False,False,True,스파이크
131290,티에스이,9.1875,7.99,31249.0,282500.0,,9.0625,0.12,878,-277.0,1064.3,-827.0,606.3,375.59,0.0,-1.24,,False,1.365,459,False,True,True,True,12.3203125,-3.13,1739,-550.0,623.5,-110.9,483.4,88.96,0.0,-1.43,,False,-1.707,1560,False,True,True,True,10.6875,-1.5,1710,-315.5,447.1,-147.1,116.7,12.55,0.0,-0.55,,False,-0.932,1600,False,False,True,True,10.1171875,-0.93,1771,-159.0,89.0,48.1,-22.0,26.12,0.0,-0.44,347,False,-0.488,1625,False,False,True,False,
131370,알서포트,19.515625,0.8,794.0,1491.0,,18.40625,1.11,507,5.8,-9.3,2.5,0.2,-36.55,0.0,-0.17,,False,1.25,480,False,False,False,False,18.265625,1.25,335,10.3,0.5,-11.5,0.2,-45.78,0.0,-0.14,,False,1.389,298,False,False,True,True,18.203125,1.31,179,9.4,-0.2,-9.9,-0.1,-11.93,0.0,0.01,,False,1.287,177,False,False,False,True,19.328125,0.19,402,1.2,-0.0,-1.2,,5.74,0.0,0.02,,False,0.163,387,False,False,False,True,지속
131400,이브이첨단소재,2.9296875,0.43,440.0,739.0,,1.6103515625,1.32,451,-13.7,-0.8,13.4,-0.0,-48.86,0.0,-0.09,,False,1.214,488,False,False,False,False,1.5498046875,1.38,313,-6.1,-0.0,5.9,,-52.99,0.0,-0.13,,False,1.322,311,False,False,False,False,0.7001953125,2.23,79,9.4,-0.0,-9.6,,-50.0,0.0,-0.07,,False,2.234,77,False,False,False,True,1.1103515625,1.82,8,8.3,0.0,-8.4,,-23.74,0.0,-0.15,,False,1.945,7,False,False,False,True,스파이크
131760,파인텍,7.80859375,0.54,151.0,1740.0,,4.87109375,2.94,225,-2.9,-0.3,1.4,,135.45,-80.0,-14.41,,False,-0.591,1393,True,True,False,False,5.140625,2.67,181,-4.6,-0.3,4.1,,61.56,-80.0,-11.5,509,False,-1.345,1473,True,True,False,False,6.6015625,1.21,195,1.8,0.0,-0.7,,-27.8,0.0,0.44,,False,1.132,204,False,False,False,True,7.23828125,0.57,97,0.4,-0.0,-0.4,,9.16,0.0,0.31,,False,0.263,239,False,False,False,True,
131970,두산테스나,11.46875,3.82,16795.0,86900.0,,6.55859375,4.91,109,867.3,1349.2,-2293.7,134.4,70.06,0.0,-2.41,,False,7.292,43,False,True,True,True,10.2734375,1.2,342,279.0,772.5,-1133.5,-50.9,-13.53,0.0,-1.7,,False,2.826,165,False,True,True,True,5.94921875,5.52,10,1238.8,-792.1,-392.2,-254.5,-42.18,0.0,-0.38,,False,5.849,5,False,False,False,True,11.0078125,0.46,145,75.1,-109.7,32.7,-45.8,-4.19,0.0,0.02,263,False,0.438,106,False,False,False,False,
133750,메가엠디,3.140625,0.45,315.0,1345.0,,1.75,1.39,436,-0.1,16.4,-16.2,16.6,-23.45,0.0,1.46,,False,0.011,1068,False,True,True,True,2.08984375,1.05,372,-1.0,5.6,-5.0,5.7,-28.42,0.0,1.27,,False,-0.233,983,False,True,True,True,1.9404296875,1.2,196,0.1,1.0,-1.3,1.1,-12.09,0.0,1.17,,False,0.033,862,False,True,True,True,3.08984375,0.05,725,0.1,-0.0,-0.1,,2.2,0.0,0.03,,False,0.021,866,False,False,False,True,
134060,이퓨쳐,1.0595703125,0.77,227.0,4770.0,,0.93017578125,0.13,872,0.2,11.8,-11.3,-2.1,19.1,0.0,-0.05,,False,0.126,953,False,False,True,True,1.2998046875,-0.24,1026,-0.4,15.1,-14.3,,13.84,0.0,-0.08,,False,-0.233,983,False,False,True,True,1.400390625,-0.34,1406,-0.6,7.7,-6.8,,1.49,0.0,-0.07,,False,-0.29,1325,False,False,True,True,1.08984375,-0.03,1262,-0.0,1.3,-1.2,,0.85,0.0,-0.02,,False,-0.015,1113,False,False,True,True,
134580,탑코미디어,1.51953125,1.65,538.0,1091.0,,1.91015625,-0.39,1255,-4.5,0.1,2.1,0.1,-42.0,0.0,-0.08,710,False,-0.321,1273,False,False,True,False,1.9501953125,-0.43,1129,-4.6,0.0,3.6,0.1,-31.38,0.0,-0.09,756,False,-0.353,1070,False,False,False,False,1.33984375,0.18,679,0.9,0.0,-0.8,,-17.47,0.0,-0.03,,False,0.201,658,False,False,False,True,1.5302734375,-0.01,1155,0.0,0.0,-0.1,,6.65,0.0,-0.02,,False,0.009,931,False,False,False,True,
136150,원일티엔아이,1.0400390625,1.28,626.0,7470.0,,0.77978515625,0.26,798,-3.2,1.3,-1.0,0.7,-58.2,0.0,-0.01,,False,0.31,838,False,False,True,True,1.2802734375,-0.24,1026,-11.2,-3.0,12.3,-0.9,-56.26,0.0,0.19,647,False,-0.406,1107,False,False,False,False,0.85009765625,0.19,664,0.2,-0.2,-0.3,-0.1,-40.1,0.0,-0.03,,False,0.241,615,False,False,False,True,0.64990234375,0.39,176,2.4,-0.1,-2.2,-0.1,-5.56,0.0,0.03,,False,0.365,142,False,False,False,True,
136410,아셈스,2.240234375,0.7,526.0,4770.0,,2.73046875,-0.49,1297,-6.2,4.1,3.0,-0.2,-49.47,0.0,-0.01,652,False,-0.499,1351,False,False,True,False,2.099609375,0.14,650,-0.4,-0.6,0.3,-0.1,-39.7,0.0,0.07,,False,0.05,710,False,False,False,False,2.359375,-0.12,1208,-0.4,-0.3,1.0,0.2,-17.47,0.0,-0.06,468,False,-0.069,1102,False,False,False,False,2.169921875,0.07,665,0.0,-0.6,0.8,,-4.31,0.0,0.06,337,False,0.006,950,False,False,False,False,
136480,하림,5.19921875,0.87,2846.0,2680.0,,4.80859375,0.39,731,8.3,-0.6,-7.7,0.2,-10.52,0.0,0.3,,False,0.06,1002,False,False,False,True,9.0703125,-3.87,1758,-143.3,-2.9,145.8,-2.3,-18.91,0.0,0.62,63,False,-4.505,1744,False,False,False,False,5.58984375,-0.39,1437,-8.3,1.4,8.8,-0.0,-6.62,0.0,-0.1,403,False,-0.287,1318,False,False,True,False,5.1796875,0.02,827,1.0,0.0,-0.7,,-1.47,0.0,-0.01,,False,0.029,824,False,False,False,True,스파이크
136540,윈스테크넷,8.28125,0.6,1266.0,10310.0,,7.640625,0.64,648,2.2,-14.0,13.7,-1.2,-6.7,0.0,0.31,515,False,0.32,831,False,False,False,False,8.5703125,-0.29,1055,-8.3,4.6,7.7,-2.5,-16.18,0.0,0.15,765,False,-0.435,1126,False,False,True,False,8.390625,-0.11,1197,-0.8,12.5,-11.1,-1.5,-6.27,0.0,-0.04,,False,-0.066,1097,False,False,True,True,8.2734375,0.01,867,1.3,0.4,-2.0,-0.0,2.28,0.0,-0.09,,False,0.099,567,False,False,True,True,
137080,나래나노텍,1.5703125,0.49,553.0,5160.0,,1.0302734375,0.54,687,1.2,-0.1,-41.2,0.3,36.87,-3.16,0.07,,False,0.485,758,True,False,False,True,1.7998046875,-0.23,1016,-2.0,-1.3,-30.1,-0.2,-11.64,-3.16,-0.05,,False,-0.238,990,True,False,False,True,1.4697265625,0.1,747,0.1,-0.0,-21.9,-0.0,0.19,-3.16,0.03,,False,0.024,882,True,False,False,True,1.5302734375,0.04,763,0.5,-0.0,-7.7,-0.0,-8.02,0.0,-0.05,,False,0.092,591,False,False,False,True,
137400,피엔티,6.53125,1.09,7084.0,29900.0,,4.6484375,1.88,354,454.9,424.2,-883.4,-8.2,-20.37,-0.22,-1.71,,False,3.588,196,False,True,True,True,7.33984375,-0.81,1312,41.1,-114.3,68.5,-28.1,-43.58,0.0,-0.88,607,False,0.069,695,False,False,False,False,5.91015625,0.62,374,-5.2,41.2,-38.1,-1.1,-30.38,0.0,0.78,,False,-0.153,1196,False,False,True,True,6.859375,-0.33,1678,-18.9,2.8,15.3,0.3,-2.13,0.0,-0.08,252,False,-0.257,1534,False,False,True,False,
137940,넥스트아이,0.0,0.42,185.0,2165.0,,22.59375,-22.59,1789,-1.8,-0.0,1.3,,612.17,-90.0,-231.29,,False,0.387,801,True,True,False,False,22.84375,-22.84,1803,-1.0,-0.0,0.6,,707.84,-90.0,-229.21,,False,-0.037,840,True,True,False,False,0.0,0.0,913,1.0,-0.0,-1.1,,14.49,0.0,-0.76,,False,0.573,396,False,False,False,True,0.0,0.0,908,0.8,-0.0,-0.8,,3.84,0.0,-0.42,,False,0.429,111,False,False,False,True,스파이크
137950,제이씨케미칼,4.37109375,0.44,650.0,2920.0,,1.98046875,2.39,278,3.1,-0.2,4.8,3.2,-10.98,0.0,0.39,,False,1.859,369,False,False,False,False,1.9404296875,2.43,194,19.5,-0.4,-20.4,-0.4,-32.41,0.0,-0.29,,False,2.641,175,False,False,False,True,3.69921875,0.67,356,4.7,-0.0,-5.2,,-3.15,0.0,-0.07,,False,0.801,285,False,False,False,True,4.2109375,0.16,457,1.4,0.0,-1.3,,8.75,0.0,-0.03,,False,0.216,294,False,False,False,True,지속
138070,신진에스엠,2.689453125,0.32,259.0,1480.0,,2.939453125,-0.25,1199,-1.1,-0.0,0.2,-0.0,-26.37,0.0,-0.42,,False,-0.127,1157,False,False,False,False,2.76953125,-0.08,920,0.2,-0.2,-0.9,-0.2,-20.0,0.0,-0.62,,False,0.248,597,False,False,False,True,2.400390625,0.29,576,0.6,0.0,-0.9,,0.54,0.0,-0.19,,False,0.324,545,False,False,False,True,2.669921875,0.02,827,-0.0,-0.0,-0.0,,15.62,0.0,0.02,,False,-0.02,1137,False,False,False,False,
138080,오이솔루션,9.9375,3.37,2407.0,19450.0,,7.828125,2.11,323,24.9,103.7,-97.8,-104.7,29.49,5.99,0.31,,False,2.213,314,True,False,True,True,4.30859375,5.63,46,179.5,-214.2,44.1,-140.1,-54.07,0.88,0.48,501,False,5.363,50,False,False,False,False,4.328125,5.61,9,168.1,-53.6,-110.0,-1.8,-38.16,0.0,0.38,,False,5.261,9,False,False,False,True,9.6328125,0.3,259,-0.8,-7.5,8.4,-3.4,-3.95,0.0,0.36,184,False,-0.052,1261,False,False,False,False,지속
138360,앤로보틱스,5.5703125,1.65,1413.0,1835.0,,7.7890625,-2.22,1653,-30.1,1.5,93.7,0.6,13.06,35.74,0.34,148,False,-0.554,1375,True,False,True,False,5.421875,0.15,644,-6.3,1.8,24.4,0.6,-13.85,0.0,-0.02,673,False,0.193,626,False,False,True,False,5.80859375,-0.24,1342,-5.2,1.3,4.8,0.3,-27.18,0.0,0.01,432,False,-0.235,1281,False,False,True,False,5.66015625,-0.09,1427,-3.0,-0.2,4.5,,1.38,0.0,0.1,210,False,-0.186,1482,False,False,False,False,
138610,나이벡,5.4296875,3.69,1693.0,14890.0,,1.16015625,4.27,134,159.9,-79.2,-87.6,-21.1,-57.46,0.02,-0.81,,False,5.079,107,False,False,False,True,4.62109375,0.81,416,20.4,-5.8,-14.6,-1.0,-45.76,0.02,-0.31,,False,1.127,349,False,False,False,True,4.62890625,0.8,295,10.2,1.3,-11.5,0.0,-20.88,0.0,0.25,,False,0.551,410,False,False,True,True,5.12890625,0.3,259,1.8,-1.1,-0.6,,-4.18,0.0,0.2,,False,0.102,560,False,False,False,True,지속
139670,키네마스터,1.509765625,0.82,208.0,1470.0,,1.919921875,-0.41,1267,-0.5,-0.1,-9.8,,-38.49,0.0,-0.32,,False,-0.111,1146,False,False,False,True,1.650390625,-0.14,959,-0.6,-0.0,-5.4,,-30.66,0.0,-0.02,,False,-0.167,941,False,False,False,True,1.4296875,0.08,769,0.2,-0.0,-4.0,,-8.87,0.0,-0.04,,False,0.085,795,False,False,False,True,1.4599609375,0.05,725,0.1,-0.0,-1.1,,2.73,0.0,0.0,,False,0.042,766,False,False,False,True,
140070,서플러스글로벌,1.48046875,0.32,616.0,1666.0,,1.4599609375,0.02,963,4.8,0.1,-6.0,0.1,-19.32,0.0,-0.49,,False,0.39,798,False,False,True,True,1.7197265625,-0.24,1026,1.4,-0.0,-1.4,0.1,-25.29,0.0,-0.3,832,False,-0.057,852,False,False,False,True,1.8095703125,-0.33,1396,-3.1,-0.8,3.7,0.1,-10.62,0.0,0.19,266,False,-0.522,1460,False,False,False,False,1.5400390625,-0.06,1348,0.1,-0.7,0.6,,11.07,0.0,-0.07,403,False,0.011,922,False,False,False,False,
140410,메지온,26.0625,93.46,16169.0,52900.0,,22.6875,3.38,186,1005.1,384.2,-1392.0,21.8,-40.96,0.66,-0.87,,False,4.403,135,False,False,True,True,25.015625,1.05,372,320.6,-38.7,-289.9,-10.5,-42.31,0.57,-0.49,,False,1.687,262,False,False,False,True,25.265625,0.8,295,82.0,-21.9,-53.8,-10.2,-17.47,0.57,0.43,,False,0.527,421,False,False,False,True,25.421875,0.64,78,56.3,-2.5,-45.1,-0.0,-3.29,0.57,0.42,,False,0.365,142,False,False,False,True,지속
140430,카티스,0.77001953125,0.44,179.0,1670.0,,3.869140625,-3.1,1712,-18.4,0.2,17.5,,107.45,-80.0,-7.23,281,False,-2.344,1676,True,True,True,False,1.1396484375,-0.37,1105,1.5,0.2,-2.5,,54.49,-80.0,-7.38,,False,0.356,561,True,True,True,True,0.01000213623046875,0.76,317,1.4,0.0,-1.1,,-27.23,0.0,0.05,,False,0.746,306,False,False,False,True,0.66015625,0.11,568,0.3,-0.0,-0.3,,1.21,0.0,-0.04,,False,0.149,426,False,False,False,True,
140520,대창스틸,0.64990234375,0.28,415.0,1968.0,,0.58984375,0.06,920,0.3,-0.1,-0.6,,-4.47,0.0,0.04,,False,0.012,1067,False,False,False,True,0.56005859375,0.09,669,0.5,0.0,-0.8,,-13.87,0.0,0.02,,False,0.063,700,False,False,False,True,0.85986328125,-0.21,1309,-0.8,0.0,0.6,,-3.05,0.0,-0.05,497,False,-0.196,1245,False,False,False,False,0.7998046875,-0.15,1513,-0.4,-0.1,0.4,,1.76,0.0,-0.06,375,False,-0.085,1338,False,False,False,False,
140670,알에스오토메이션,3.279296875,1.9,1112.0,8660.0,,8.2421875,-4.96,1759,-95.2,44.8,48.9,-2.5,-58.76,0.0,-1.98,581,False,-2.917,1706,False,True,True,False,8.609375,-5.33,1789,-99.8,50.2,53.5,,-48.64,0.0,-1.06,329,False,-4.237,1738,False,True,True,False,2.529296875,0.75,325,7.3,1.2,-8.1,,-29.71,0.0,0.16,,False,0.616,370,False,False,True,True,3.310546875,-0.03,1262,0.3,-0.0,-0.3,,-3.56,0.0,-0.05,,False,0.02,870,False,False,False,True,스파이크
140860,파크시스템스,37.5,7.97,18066.0,258000.0,,28.484375,9.02,29,1370.6,-631.2,-724.0,-321.8,13.66,0.09,2.17,,False,6.879,52,False,True,False,True,30.6875,6.81,27,1104.8,-796.0,-311.3,-43.8,0.58,0.07,1.38,,False,5.452,44,False,True,False,True,35.59375,1.91,97,268.1,-20.7,-239.9,-23.4,3.41,0.0,0.45,,False,1.446,144,False,False,False,True,36.625,0.88,47,111.4,-98.6,-12.3,-36.2,-10.57,0.0,0.26,,False,0.61,59,False,False,False,True,지속
141000,비아트론,4.21875,0.47,1022.0,8440.0,,2.91015625,1.31,452,13.0,20.0,-53.1,1.4,18.37,0.0,0.25,,False,1.065,536,False,False,True,True,6.0390625,-1.82,1595,-21.1,19.4,-10.3,1.4,-27.92,0.0,-0.07,,False,-1.747,1573,False,False,True,True,5.0390625,-0.82,1623,-7.5,0.3,4.2,0.3,-3.76,0.0,-0.08,346,False,-0.743,1551,False,False,True,False,4.2890625,-0.07,1370,-0.2,-0.0,-0.0,,2.93,0.0,-0.05,,False,-0.023,1158,False,False,False,False,
141080,리가켐바이오,10.3671875,7.44,38389.0,103700.0,,11.328125,-0.96,1448,-483.6,3052.7,-2496.9,372.7,-36.38,1.12,-0.62,,False,-0.261,1243,True,False,True,True,10.8984375,-0.53,1176,-412.1,-1138.7,1341.6,-71.8,-47.63,1.12,-0.13,188,False,-0.315,1044,True,False,False,False,11.6796875,-1.31,1692,-845.9,281.0,486.9,-71.9,-25.77,0.0,-0.16,193,False,-1.168,1636,False,False,True,False,9.6328125,0.73,66,252.0,-67.7,-162.6,-10.2,-12.27,0.0,0.06,,False,0.674,48,False,False,False,True,스파이크
142210,유니트론텍,3.150390625,0.81,1135.0,5470.0,,2.51953125,0.63,650,-14.6,5.4,19.8,4.5,-24.13,-1.23,0.35,645,False,0.166,932,True,False,True,False,4.171875,-1.02,1391,-43.3,6.1,34.7,4.6,-2.32,0.0,0.51,500,False,-1.626,1539,False,False,True,False,4.3203125,-1.17,1678,-10.1,0.7,5.0,0.5,-16.62,0.0,-0.22,311,False,-0.931,1599,False,False,True,False,3.400390625,-0.25,1628,-0.1,0.1,-1.2,0.1,3.6,0.0,-0.21,,False,-0.043,1235,False,False,True,True,
142280,녹십자엠에스,3.560546875,1.35,659.0,2750.0,,1.98046875,1.58,393,5.3,-3.6,-0.2,-0.0,-27.34,10.22,0.08,,False,1.859,369,True,False,False,True,2.119140625,1.44,303,3.6,-3.2,1.4,-0.0,-27.63,10.22,0.14,,False,1.648,267,True,False,False,False,2.849609375,0.71,337,4.7,-0.9,-1.5,,-21.09,0.0,0.01,,False,0.695,325,False,False,False,True,3.259765625,0.3,259,1.6,-0.0,-0.1,,0.73,0.0,0.07,,False,0.242,263,False,False,False,True,지속
142760,모아라이프플러스,0.89013671875,0.53,171.0,405.0,,1.2802734375,-0.39,1255,-4.1,-8.2,22.5,-8.0,-74.97,5.69,-2.11,109,False,-0.271,1251,True,True,False,False,1.08984375,-0.2,1002,-2.8,-2.0,4.5,-2.0,-56.22,0.0,-0.12,489,False,-0.454,1134,False,False,False,False,0.09002685546875,0.8,295,1.6,0.1,-1.9,,-33.17,0.0,-0.13,,False,0.853,263,False,False,True,True,0.72021484375,0.17,434,0.2,0.0,-0.2,,2.02,0.0,0.03,,False,0.133,469,False,False,False,True,스파이크
143160,아이디스,2.310546875,0.63,1648.0,15380.0,,2.33984375,-0.03,1080,6.3,-1.2,-108.0,-0.3,-13.98,0.0,-0.27,,False,0.243,876,False,False,False,True,2.9609375,-0.65,1237,-8.3,-0.1,-46.5,,-17.09,0.0,-0.17,,False,-0.484,1154,False,False,False,True,2.400390625,-0.09,1179,-0.8,-0.1,-14.5,,2.19,0.0,-0.04,,False,-0.056,1076,False,False,False,True,2.359375,-0.05,1326,0.3,0.0,-2.6,,3.08,0.0,-0.07,,False,0.018,882,False,False,False,True,스파이크
143240,사람인,23.625,0.63,1728.0,16100.0,,19.90625,3.72,169,31.3,28.9,-69.2,13.7,25.78,-8.34,-0.17,,False,1.878,366,True,False,True,True,23.921875,-0.3,1066,-10.7,27.8,-20.5,12.2,-6.67,0.0,0.31,,False,-0.608,1211,False,False,True,True,23.84375,-0.22,1321,-5.9,13.6,-8.1,3.3,-2.31,0.0,0.14,,False,-0.347,1364,False,False,True,True,23.671875,-0.05,1326,-2.1,2.7,-0.7,0.2,3.6,0.0,0.08,,False,-0.124,1404,False,False,True,True,
143540,영우디에스피,2.810546875,1.43,448.0,1005.0,,2.400390625,0.41,724,5.8,7.8,-14.8,11.3,16.18,0.0,-0.54,,False,0.879,597,False,False,True,True,4.46875,-1.66,1560,-10.9,-1.7,11.1,1.3,-33.31,0.0,0.35,238,False,-2.079,1623,False,False,False,False,4.1015625,-1.29,1691,-7.3,-0.1,7.9,0.1,-11.84,0.0,0.22,90,False,-1.509,1671,False,False,False,False,3.099609375,-0.29,1658,-1.4,0.8,0.9,0.8,2.55,0.0,0.02,259,False,-0.307,1562,False,False,True,False,
144510,지씨셀,3.3203125,1.08,2108.0,13340.0,,3.9609375,-0.64,1351,11.5,0.6,-15.7,2.4,-42.38,0.0,-0.51,679,False,-0.157,1176,False,False,True,True,4.46875,-1.15,1435,-45.0,-4.3,49.0,2.4,-47.38,0.0,0.25,326,False,-1.4,1486,False,False,False,False,3.66015625,-0.34,1406,-5.2,-5.2,9.2,-4.1,-26.58,0.0,-0.14,351,False,-0.229,1277,False,False,False,False,3.599609375,-0.28,1652,-5.1,0.0,5.0,,-1.62,0.0,-0.03,230,False,-0.249,1532,False,False,False,False,
144960,뉴파워프라즈마,7.69921875,1.32,4085.0,9350.0,,5.828125,1.87,356,-10.5,256.6,-142.3,137.9,55.06,0.0,0.64,,False,1.305,471,False,False,True,True,7.19921875,0.5,520,-48.8,261.7,-100.6,137.9,48.65,0.0,0.61,,False,-0.093,883,False,False,True,True,9.5078125,-1.81,1745,-86.6,56.1,89.2,53.7,4.35,0.0,0.26,54,False,-2.085,1708,False,False,True,False,8.890625,-1.19,1785,-51.4,57.8,55.7,41.0,13.06,0.0,-0.01,32,False,-1.192,1704,False,False,True,False,
145020,휴젤,57.59375,2.72,29468.0,239500.0,,55.15625,2.44,268,734.7,795.8,-1507.2,-2.1,5.27,0.0,0.2,,False,2.262,308,False,False,True,True,56.78125,0.81,416,549.7,-60.6,-497.7,27.6,-8.59,0.0,-0.78,,False,1.594,273,False,False,False,True,57.75,-0.16,1247,2.3,137.7,-144.3,-6.7,0.0,0.0,-0.14,,False,-0.007,975,False,False,True,True,57.875,-0.28,1652,-2.6,-24.8,22.0,-10.3,1.48,0.0,-0.26,417,False,-0.018,1123,False,False,False,False,
145170,노브랜드,1.4599609375,0.32,501.0,2965.0,,1.9697265625,-0.51,1306,-9.2,-0.2,-26.6,-0.0,-24.65,0.0,-0.23,,False,-0.36,1289,False,False,False,True,1.419921875,0.04,712,-4.7,-0.0,-16.8,0.0,-34.11,0.0,-0.24,,False,0.243,602,False,False,False,True,0.81005859375,0.65,364,3.9,-0.0,-7.1,,-17.52,0.0,-0.14,,False,0.765,299,False,False,False,True,1.2001953125,0.26,305,0.6,-0.0,-0.6,,-2.31,0.0,0.13,,False,0.126,486,False,False,False,True,
146060,율촌,1.0,0.49,258.0,1075.0,,2.009765625,-1.01,1461,-5.3,2.5,2.8,,-26.42,0.0,-0.33,,False,-0.807,1456,False,False,True,False,3.23046875,-2.23,1654,-9.7,2.5,7.2,,-31.79,0.0,0.23,341,False,-2.522,1674,False,False,True,False,2.650390625,-1.65,1723,-7.4,2.5,5.2,,14.0,0.0,0.3,174,False,-1.915,1702,False,False,True,False,1.6298828125,-0.63,1745,-1.7,2.2,-0.5,,16.59,0.0,-0.06,,False,-0.598,1658,False,False,True,True,
146320,비씨엔씨,1.9296875,1.76,1390.0,10860.0,,4.5390625,-2.61,1689,4.0,-4.1,-41.4,-2.7,-19.97,0.0,-1.58,,False,-0.981,1505,False,True,False,True,2.8203125,-0.89,1346,-1.8,-0.8,-22.4,-0.3,-33.13,0.0,0.19,,False,-1.099,1408,False,False,False,True,4.46875,-2.54,1781,-39.7,-1.0,35.6,0.3,-17.35,0.0,0.11,47,False,-2.593,1728,False,False,False,False,1.8896484375,0.04,763,-0.8,-0.0,-2.7,,9.26,0.0,0.1,,False,-0.059,1278,False,False,False,True,
147760,피엠티,2.4609375,5.75,770.0,3850.0,,2.390625,0.07,910,-7.6,90.4,-92.4,40.8,23.79,84.85,1.13,,False,-0.084,1129,True,True,True,True,1.490234375,0.97,388,-4.5,90.4,-86.6,40.8,5.48,84.85,1.3,,False,0.438,528,True,True,True,True,1.150390625,1.31,179,0.8,-1.8,-1.2,4.3,-37.4,84.85,1.55,488,False,0.378,503,True,True,False,True,1.8798828125,0.58,96,0.6,-0.4,-1.6,0.5,6.06,84.85,1.37,,False,0.133,469,True,True,False,True,
147830,제룡산업,4.37109375,1.4,1262.0,6310.0,,3.720703125,0.65,645,-32.4,15.0,13.5,7.9,1.12,0.0,-0.34,,False,0.881,596,False,False,True,False,5.87109375,-1.5,1518,-52.3,9.6,39.5,7.8,-20.83,0.0,-0.5,683,False,-1.11,1411,False,False,True,False,4.26171875,0.11,737,-3.0,2.1,1.3,1.1,-20.73,0.0,0.18,,False,-0.074,1107,False,False,True,False,3.91015625,0.46,145,1.7,0.1,-1.6,0.1,-2.47,0.0,0.35,,False,0.119,508,False,False,True,True,
148150,세경하이테크,1.8203125,0.6,1052.0,2960.0,,1.4501953125,0.37,743,8.4,-5.0,-4.7,-0.9,-37.62,0.0,-0.04,,False,0.41,788,False,False,False,True,2.439453125,-0.62,1224,-11.8,-1.0,11.5,-0.0,-39.78,0.0,0.09,578,False,-0.711,1263,False,False,False,False,1.3701171875,0.45,481,2.5,-0.6,-3.2,,-17.09,0.0,0.22,,False,0.223,631,False,False,False,True,1.83984375,-0.02,1215,0.5,-0.0,-0.5,,0.68,0.0,-0.07,,False,0.048,746,False,False,False,True,
148250,알엔투테크놀로지,0.990234375,0.54,306.0,2250.0,,0.93017578125,0.06,920,-9.4,-13.9,55.8,,-28.57,44.08,0.3,19,True,-0.188,1201,True,False,False,False,2.240234375,-1.25,1464,-8.1,-13.8,49.5,,-46.3,44.08,0.58,5,True,-1.717,1566,True,False,False,False,0.91015625,0.08,769,1.1,0.0,-0.9,,-17.43,0.0,-0.3,,False,0.353,518,False,False,False,True,1.0595703125,-0.07,1370,0.2,-0.0,-0.2,,-0.22,0.0,-0.15,,False,0.076,646,False,False,False,True,
148780,비큐AI,5.01953125,1.28,144.0,457.0,,4.78125,0.24,807,-10.7,0.0,10.3,,-63.64,0.0,0.03,,False,0.114,964,False,False,False,False,3.69921875,1.32,324,0.5,0.0,-0.5,,-65.9,0.0,-0.26,,False,1.537,278,False,False,False,True,4.2890625,0.73,329,2.0,0.0,-1.9,,-30.44,0.0,-0.54,,False,1.283,178,False,False,False,True,4.73828125,0.28,275,0.2,,-0.2,,15.99,0.0,0.12,,False,0.183,353,False,False,False,True,
148930,에이치와이티씨,0.7099609375,0.5,337.0,3315.0,,1.2998046875,-0.59,1333,-1.5,23.6,-16.6,-0.2,11.99,0.0,-0.21,,False,-0.401,1312,False,False,True,True,1.6796875,-0.97,1370,-3.6,24.5,-20.9,,7.28,0.0,0.06,,False,-1.086,1407,False,False,True,True,1.3603515625,-0.65,1565,-2.3,20.2,-17.8,,11.62,0.0,0.02,,False,-0.683,1529,False,False,True,True,0.91015625,-0.2,1575,-0.4,2.8,-2.4,,-3.91,0.0,-0.07,,False,-0.126,1408,False,False,True,True,
149950,아바텍,3.099609375,0.81,1227.0,8980.0,,1.6904296875,1.41,432,-1.9,12.2,55.0,10.7,-0.22,0.0,0.08,429,False,1.139,515,False,False,True,False,3.119140625,-0.02,874,-17.1,13.5,73.8,7.1,-32.68,0.0,-0.09,193,False,-0.002,809,False,False,True,False,1.6201171875,1.48,144,23.3,-3.8,-28.5,-2.2,-38.58,0.0,-0.06,,False,1.382,156,False,False,False,True,3.3203125,-0.22,1597,-2.4,1.6,-0.5,1.5,0.0,0.0,-0.03,,False,-0.187,1484,False,False,True,True,
149980,하이로닉,1.01953125,0.93,696.0,4045.0,,1.0498046875,-0.03,1080,-3.3,-3.1,2.9,-0.5,-20.53,-7.5,0.13,713,False,-0.212,1216,True,False,False,False,0.919921875,0.1,662,-3.3,-3.1,2.9,-0.5,-20.53,-18.85,0.13,865,False,-0.186,948,True,False,False,False,0.52978515625,0.49,461,3.2,0.0,-4.0,,-23.39,-18.85,-0.05,,False,0.33,538,True,False,False,True,0.89990234375,0.12,543,0.0,0.0,-0.1,,-7.96,0.0,0.11,,False,0.005,957,False,False,False,True,스파이크
150900,파수AI,8.1484375,0.99,381.0,3255.0,,13.1796875,-5.03,1760,-34.5,6.5,25.9,4.0,-16.54,0.0,0.32,218,False,-5.413,1761,False,False,True,False,7.80859375,0.34,567,-6.1,9.8,-4.0,3.6,-35.29,0.0,-0.47,,False,0.588,477,False,False,True,True,8.7109375,-0.56,1534,-0.7,5.5,-4.8,1.5,-10.08,0.0,-0.49,,False,-0.091,1129,False,False,True,True,8.09375,0.05,725,0.2,1.2,-1.4,-0.0,7.96,0.0,0.02,,False,0.042,766,False,False,True,True,
151860,KG에코솔루션,2.279296875,0.16,2594.0,5450.0,,4.23046875,-1.95,1624,-38.3,3.5,-14.1,0.1,-0.37,0.0,-0.41,,False,-1.537,1604,False,False,True,True,4.109375,-1.83,1597,-56.8,4.4,1.2,0.1,-19.5,0.0,0.29,860,False,-2.135,1630,False,False,True,False,2.7890625,-0.51,1502,-14.3,1.4,-19.4,0.5,-3.88,0.0,0.08,,False,-0.549,1474,False,False,True,True,2.3203125,-0.04,1301,-1.4,-0.4,-5.2,0.0,3.81,0.0,0.01,,False,-0.053,1264,False,False,False,True,
153460,네이블,0.0200042724609375,1.16,417.0,6390.0,,0.0,0.02,963,-2.1,-0.6,2.6,0.1,-11.25,0.0,0.28,607,False,-0.273,1252,False,False,False,False,0.1500244140625,-0.13,952,-3.4,0.1,3.8,0.1,-40.56,0.0,0.46,593,False,-0.535,1182,False,False,True,False,0.0,0.02,855,-1.4,-0.2,1.6,-0.2,-8.71,0.0,0.33,366,False,-0.321,1345,False,False,False,False,0.04998779296875,-0.03,1262,-0.4,0.0,0.4,,4.75,0.0,0.06,396,False,-0.094,1361,False,False,False,False,
153490,우리이앤엘하루틴,2.189453125,0.26,232.0,450.0,,2.099609375,0.09,897,0.4,-0.2,-10.0,-0.1,-32.74,0.0,-0.11,,False,0.208,906,False,False,False,True,2.25,-0.06,905,-0.6,0.0,-9.0,,-45.05,0.0,0.04,,False,-0.095,885,False,False,False,True,2.1796875,0.01,883,0.1,-0.0,-1.7,,-34.21,0.0,-0.02,,False,0.032,863,False,False,False,True,2.1796875,0.01,867,0.1,-0.0,-0.1,,2.74,0.0,-0.03,,False,0.035,798,False,False,False,True,
153710,옵티팜,0.81005859375,2.72,689.0,4700.0,,0.91015625,-0.1,1119,0.3,-0.6,-0.7,,-8.74,0.0,-0.22,,False,0.061,1001,False,False,False,True,1.3701171875,-0.56,1187,-4.8,-0.0,4.2,,-13.12,0.0,0.01,632,False,-0.617,1218,False,False,False,False,0.60986328125,0.2,653,1.3,-0.0,-1.3,,-1.67,0.0,-0.0,,False,0.193,667,False,False,False,True,0.759765625,0.05,725,0.3,-0.0,-0.3,,1.08,0.0,0.0,,False,0.048,746,False,False,False,True,스파이크
153890,져스텍,1.6298828125,7.66,928.0,7700.0,,,,,-57.9,-18.8,205.4,-6.3,,,,,False,,,False,False,False,False,,,,-57.9,-18.8,205.4,-6.3,,,,,False,,,False,False,False,False,,,,-57.9,-18.8,205.4,-6.3,,,,,False,,,False,False,False,False,1.1796875,0.45,149,5.7,-5.6,1.0,-3.1,-38.45,0.0,-0.14,663,False,0.569,72,False,False,False,False,
154030,아시아종묘,1.419921875,0.79,189.0,1569.0,,3.189453125,-1.77,1606,-4.7,-0.5,4.8,,-21.55,0.0,0.18,310,False,-1.953,1653,False,False,False,False,3.390625,-1.97,1620,-4.7,-0.0,3.7,,-24.57,0.0,0.09,310,False,-2.062,1621,False,False,False,False,1.26953125,0.15,701,0.4,-0.0,-0.4,,-6.88,0.0,-0.04,,False,0.208,651,False,False,False,True,1.6396484375,-0.22,1597,-0.3,-0.0,0.3,,1.29,0.0,-0.03,300,False,-0.188,1486,False,False,False,False,
154040,다산솔루에타,1.6103515625,0.27,172.0,795.0,,1.98046875,-0.37,1244,0.0,0.0,-12.6,,-33.19,20.42,-0.4,,False,0.185,927,True,False,False,True,2.33984375,-0.73,1273,-1.1,0.0,-9.4,,-32.97,20.42,-0.25,,False,-0.374,1084,True,False,False,True,2.779296875,-1.17,1678,-0.9,0.0,-6.3,,-1.24,20.42,-0.11,,False,-0.688,1531,True,False,False,True,1.650390625,-0.04,1301,0.1,-0.0,-0.3,,2.05,0.0,-0.09,,False,0.047,752,False,False,False,True,
155650,와이엠씨,4.671875,0.45,548.0,2890.0,,4.37890625,0.29,777,1.5,-2.5,-20.8,0.0,-23.65,-2.57,0.03,,False,0.124,957,True,False,False,True,5.140625,-0.47,1148,-3.2,-0.2,2.0,,-27.2,0.0,0.05,680,False,-0.524,1177,False,False,False,False,5.078125,-0.41,1449,-2.3,-0.5,2.8,,-14.37,0.0,0.01,309,False,-0.406,1406,False,False,False,False,4.69140625,-0.02,1215,0.1,-0.0,-0.0,,2.3,0.0,-0.03,,False,0.012,916,False,False,False,False,
156100,엘앤케이바이오,6.109375,2.09,973.0,4355.0,,3.720703125,2.39,278,53.6,-10.1,-9.3,-3.8,-66.16,2.59,0.95,324,False,1.442,444,True,False,False,True,7.640625,-1.53,1524,-29.0,-3.9,64.5,-2.5,-42.92,0.0,0.09,76,False,-1.688,1553,False,False,False,False,5.83984375,0.27,589,1.0,0.5,-1.5,0.2,-18.29,0.0,0.11,,False,0.139,731,False,False,True,True,5.890625,0.22,348,0.5,0.1,-0.6,,-3.97,0.0,0.17,,False,0.053,728,False,False,True,True,
158430,아톤,5.44140625,0.93,933.0,3810.0,,4.69140625,0.75,608,-39.1,-12.4,131.0,0.1,-38.75,0.0,0.49,191,False,0.392,796,False,False,False,False,3.330078125,2.11,227,17.1,6.1,-21.0,0.2,-57.19,0.0,-0.18,,False,2.418,188,False,False,True,True,3.509765625,1.93,93,19.4,-0.0,-17.9,0.2,-29.44,0.0,-0.02,,False,1.895,100,False,False,False,True,4.91015625,0.53,111,2.2,1.0,-3.3,,3.53,0.0,0.29,,False,0.232,276,False,False,True,True,지속
159010,아스플로,2.140625,4.21,2014.0,15100.0,,0.89990234375,1.24,475,-13.1,221.7,-187.9,112.2,195.5,0.0,0.25,,False,0.869,600,False,False,True,True,3.6796875,-1.54,1527,-31.6,220.8,-185.3,112.5,95.34,0.0,0.44,,False,-1.953,1599,False,False,True,True,1.51953125,0.62,374,10.7,3.6,-20.1,-6.7,-29.77,0.0,0.01,,False,0.514,429,False,False,True,True,1.4599609375,0.68,71,10.5,0.8,-12.8,2.0,-2.58,0.0,0.07,,False,0.564,73,False,False,True,True,
159580,제로투세븐,3.150390625,0.52,436.0,2175.0,,2.259765625,0.89,564,5.2,19.8,-24.8,0.0,-43.36,0.0,-0.14,,False,1.033,552,False,False,True,True,2.560546875,0.59,481,2.6,0.0,-2.7,,-44.87,0.0,-0.09,,False,0.647,459,False,False,False,True,2.970703125,0.18,679,1.1,0.0,-1.2,,-17.14,0.0,-0.1,,False,0.267,591,False,False,False,True,3.240234375,-0.09,1427,-0.1,-0.0,0.1,,-0.91,0.0,-0.06,569,False,-0.027,1178,False,False,False,False,
159910,에코글로우,0.830078125,1.66,328.0,3135.0,,1.349609375,-0.52,1308,-4.4,3.6,0.7,,344.05,-80.0,-2.35,,False,-0.692,1425,True,True,True,False,1.6904296875,-0.86,1330,-1.7,-2.4,3.4,,291.88,-80.0,-7.22,782,False,-0.089,874,True,True,False,False,1.0498046875,-0.22,1321,-0.6,-1.3,1.4,,-5.0,0.0,-0.04,344,False,-0.181,1229,False,False,False,False,0.830078125,0.0,908,-0.1,-1.3,1.4,,0.48,0.0,0.02,156,False,-0.019,1131,False,False,False,False,
160190,하이젠알앤엠,4.05078125,4.19,4729.0,15310.0,,0.759765625,3.29,194,284.0,559.7,-554.4,-1.0,-74.23,0.0,0.21,,False,3.073,231,False,False,True,True,2.0390625,2.01,239,115.5,123.6,43.8,11.7,-62.79,0.0,0.21,773,False,1.797,252,False,False,True,False,3.220703125,0.83,287,27.2,4.4,-31.9,1.1,-44.93,0.0,0.37,,False,0.455,466,False,False,True,True,3.939453125,0.11,568,0.2,1.4,-1.2,0.2,-6.99,0.0,0.1,,False,0.007,943,False,False,True,True,
160550,NEW,8.828125,0.34,312.0,1119.0,,9.6875,-0.86,1423,-6.2,0.6,2.6,0.6,-49.25,0.0,-0.44,,False,-0.487,1343,False,False,True,False,8.5234375,0.3,583,0.8,0.0,0.2,,-39.22,0.0,-0.21,,False,0.482,511,False,False,False,False,8.28125,0.55,421,2.0,0.0,-2.2,,-13.66,0.0,-0.13,,False,0.653,350,False,False,False,True,8.921875,-0.09,1427,0.1,0.0,-0.2,,-2.19,0.0,-0.13,,False,0.037,791,False,False,False,True,
160980,싸이맥스,3.8203125,2.1,4075.0,37300.0,,8.96875,-5.15,1761,-204.1,834.6,-620.3,324.1,162.49,0.0,0.81,,False,-5.951,1764,False,False,True,True,4.2890625,-0.47,1148,-42.4,557.5,-513.3,232.0,27.96,0.0,-0.02,,False,-0.432,1123,False,False,True,True,3.759765625,0.06,788,-23.8,73.0,-44.8,22.1,-11.19,0.0,0.11,,False,-0.061,1085,False,False,True,True,5.0390625,-1.22,1787,-52.6,70.3,-17.3,21.7,33.45,0.0,0.14,,False,-1.369,1710,False,False,True,True,
161580,필옵틱스,0.81005859375,5.57,6494.0,27700.0,,0.0,0.81,589,206.1,547.8,-749.3,2.4,-34.05,0.17,-0.47,,False,1.329,465,False,False,True,True,0.43994140625,0.37,559,-46.8,28.0,8.7,-21.9,-39.72,0.0,1.04,664,False,-0.66,1240,False,True,True,False,0.77978515625,0.03,837,-27.7,30.0,-6.6,-13.7,-35.36,0.0,0.17,,False,-0.134,1177,False,False,True,True,0.68994140625,0.12,543,3.1,-1.0,-2.2,0.2,-3.99,0.0,0.08,,False,0.036,795,False,False,False,True,
162300,신스틸,0.56005859375,0.72,624.0,1504.0,,0.43994140625,0.12,878,0.7,0.0,-1.6,0.7,-12.35,0.0,-0.14,,False,0.23,887,False,False,False,True,0.7001953125,-0.14,959,-1.1,-0.7,0.9,,-19.62,0.0,-0.1,831,False,-0.071,864,False,False,False,False,0.429931640625,0.13,719,2.0,-0.8,-1.5,,-8.96,0.0,-0.14,,False,0.268,590,False,False,False,True,0.68017578125,-0.12,1475,-0.3,-0.0,0.2,,-3.53,0.0,-0.08,553,False,-0.04,1222,False,False,False,False,지속
163280,에어레인,4.23046875,0.67,463.0,3405.0,,8.15625,-3.93,1733,-41.7,-5.4,34.3,-5.1,-72.09,100.0,4.22,124,False,-7.835,1775,True,True,False,False,6.05078125,-1.82,1595,-17.9,-2.0,10.2,-0.3,-42.09,0.0,-0.24,710,False,-1.525,1512,False,False,False,False,3.4296875,0.8,295,3.6,-0.8,-5.0,,-22.35,0.0,0.02,,False,0.767,298,False,False,False,True,3.80078125,0.43,158,1.6,-0.0,-1.8,,-0.73,0.0,0.09,,False,0.34,155,False,False,False,True,
163730,핑거,8.4296875,1.67,992.0,8260.0,,4.62109375,3.81,164,101.4,11.0,-110.4,-2.8,-23.8,27.74,-1.72,,False,7.994,36,True,True,True,True,5.44140625,2.99,155,93.6,5.4,-100.1,-2.1,-31.28,27.74,-1.54,,False,7.018,21,True,True,True,True,9.5703125,-1.14,1673,11.3,0.6,-8.8,0.0,-44.93,27.74,-0.15,,False,1.37,159,True,False,True,True,8.2109375,0.22,348,1.5,0.0,0.2,,-9.92,0.0,0.04,582,False,0.141,450,False,False,False,False,지속
166090,하나머티리얼즈,22.5625,2.27,10799.0,54600.0,,16.78125,5.78,79,939.9,-176.0,-760.7,11.7,2.06,0.0,-1.36,,False,7.09,47,False,True,False,True,18.96875,3.59,115,603.7,-506.5,-80.7,31.9,-24.17,0.0,-0.73,,False,4.336,77,False,False,False,True,22.375,0.19,664,43.8,-104.4,60.7,13.4,-22.33,0.0,-0.25,304,False,0.449,470,False,False,False,False,22.5625,0.0,908,-29.0,25.0,4.2,41.9,7.69,0.0,0.24,504,False,-0.245,1530,False,False,True,False,지속
166480,코아스템켐온,0.93994140625,1.63,991.0,1875.0,,3.080078125,-2.14,1648,-45.3,-9.1,45.5,0.1,-9.64,0.0,0.23,244,False,-2.389,1683,False,False,False,False,1.919921875,-0.98,1375,-21.8,-0.1,17.6,0.2,-37.29,0.0,0.13,495,False,-1.11,1411,False,False,False,False,1.0703125,-0.13,1219,-0.8,-0.0,0.7,0.2,-29.64,0.0,-0.02,583,False,-0.079,1116,False,False,False,False,1.0498046875,-0.11,1463,-0.2,0.0,-0.2,,-1.21,0.0,-0.09,,False,-0.02,1137,False,False,False,True,
168330,내츄럴엔도텍,1.259765625,2.36,570.0,1794.0,,1.4599609375,-0.2,1172,1.1,-0.2,-11.4,-0.0,-37.71,0.0,-0.22,,False,0.091,978,False,False,False,True,1.73046875,-0.47,1148,-2.9,0.0,-2.4,,-30.19,0.0,-0.13,,False,-0.346,1063,False,False,False,True,1.2998046875,-0.04,1124,-0.2,0.3,0.7,,-19.91,0.0,-0.01,525,False,-0.028,1026,False,False,True,False,1.26953125,-0.01,1155,0.1,0.0,-0.1,,-1.21,0.0,-0.03,,False,0.016,897,False,False,False,True,스파이크
168360,펨트론,2.740234375,12.29,3348.0,14950.0,,5.30859375,-2.57,1687,-46.2,22.4,248.1,27.2,-6.5,5.19,-1.88,127,False,-0.526,1362,True,True,True,False,3.509765625,-0.77,1294,4.4,-0.8,145.6,-1.9,-33.56,5.19,-0.86,155,False,0.284,586,True,False,False,False,3.150390625,-0.41,1449,-1.2,1.4,23.5,1.2,-30.47,2.22,-0.49,308,False,0.192,670,True,False,True,False,2.150390625,0.59,92,5.1,-2.8,10.9,-0.3,3.46,0.0,0.46,178,False,0.126,486,False,False,False,False,
169330,엠브레인,21.625,1.0,270.0,1474.0,,21.546875,0.08,905,0.8,-0.8,4.2,,-19.14,0.0,1.02,413,False,0.202,911,False,True,False,False,21.53125,0.09,669,0.1,-0.0,4.1,,-30.31,0.0,1.25,427,False,-0.003,812,False,True,False,False,21.640625,-0.02,1086,-0.1,-0.0,0.0,,-14.35,0.0,0.0,638,False,-0.026,1019,False,False,False,False,21.625,0.0,908,-0.0,0.0,-0.0,,-3.03,0.0,0.0,,False,-0.005,1058,False,False,False,False,
170030,현대공업,4.55078125,0.44,733.0,4780.0,,5.73828125,-1.19,1504,-14.0,1.9,12.1,3.3,-25.66,0.0,0.15,415,False,-1.363,1578,False,False,True,False,5.23046875,-0.68,1254,-8.1,3.6,4.3,3.3,-17.73,0.0,-0.08,774,False,-0.64,1229,False,False,True,False,4.30078125,0.25,609,1.0,0.7,-1.6,1.7,-10.65,0.0,0.09,,False,0.16,706,False,False,True,True,4.359375,0.19,402,0.8,-0.9,0.1,0.1,5.05,0.0,0.08,630,False,0.107,541,False,False,False,False,스파이크
170790,파이오링크,3.80078125,0.56,488.0,7630.0,,3.69921875,0.1,889,-4.6,0.3,1.8,0.3,-9.81,0.0,0.02,,False,0.126,953,False,False,True,False,4.44921875,-0.65,1237,-1.0,0.1,-0.8,0.0,-36.94,0.0,-0.67,,False,0.051,707,False,False,True,True,3.25,0.55,421,2.9,0.0,-2.9,0.0,-12.3,0.0,-0.02,,False,0.593,382,False,False,False,True,3.44921875,0.35,215,1.5,-0.0,-1.4,-0.0,-1.8,0.0,0.05,,False,0.317,173,False,False,False,True,지속
170920,엘티씨,1.740234375,4.4,5810.0,55000.0,,7.3203125,-5.58,1768,-340.1,781.7,-464.3,169.3,133.05,0.0,0.52,,False,-6.429,1767,False,False,True,True,5.671875,-3.93,1761,-268.1,711.3,-443.1,139.1,70.28,0.0,0.14,,False,-4.394,1742,False,False,True,True,2.900390625,-1.16,1675,-140.5,144.4,-24.4,64.2,5.36,0.0,0.62,,False,-2.096,1709,False,False,True,True,4.41015625,-2.67,1810,-172.1,87.1,65.4,27.3,28.81,0.0,0.35,39,False,-3.045,1730,False,False,True,False,
171010,램테크놀러지,3.08984375,0.98,391.0,2735.0,,4.0,-0.91,1435,-6.2,0.0,6.1,0.1,-28.12,0.0,-0.03,473,False,-0.865,1474,False,False,False,False,3.970703125,-0.88,1342,-7.5,0.1,7.5,0.1,-27.36,0.0,0.33,422,False,-1.175,1436,False,False,True,False,3.400390625,-0.31,1386,-1.0,0.1,0.9,0.1,-14.4,0.0,-0.09,453,False,-0.225,1274,False,False,True,False,2.91015625,0.18,416,1.1,0.0,-1.2,,4.79,0.0,-0.11,,False,0.292,208,False,False,False,True,스파이크
171090,선익시스템,1.919921875,3.4,5607.0,55500.0,,4.30859375,-2.39,1666,-54.1,334.0,157.7,-118.5,21.98,5.66,-1.44,716,False,-0.841,1470,True,True,True,False,7.328125,-5.41,1790,-442.8,105.6,368.2,-8.3,-43.08,0.0,-1.29,101,False,-4.185,1736,False,True,True,False,1.4296875,0.49,461,20.7,10.3,-27.5,-2.5,-26.1,0.0,0.21,,False,0.292,572,False,False,True,True,1.669921875,0.25,311,8.7,-4.1,2.9,-0.7,7.77,0.0,0.11,472,False,0.145,441,False,False,False,False,
171120,라이온켐텍,2.580078125,0.52,734.0,2045.0,,1.6103515625,0.97,548,1.1,-0.8,-1.5,-0.0,-2.39,0.0,0.17,,False,0.719,665,False,False,False,True,2.23046875,0.35,562,-4.1,-0.6,3.6,-0.0,-5.98,0.0,0.25,,False,0.023,758,False,False,False,False,2.169921875,0.41,504,4.6,-0.0,-4.8,,-1.92,0.0,-0.23,,False,0.629,362,False,False,False,True,2.380859375,0.2,382,1.2,-0.0,-1.2,,0.74,0.0,0.03,,False,0.166,380,False,False,False,True,지속
172670,에이엘티,7.28125,0.84,785.0,8760.0,,7.01953125,0.26,798,18.5,-18.9,-7.2,-20.4,-26.69,0.0,-0.14,561,False,0.353,816,False,False,False,True,4.58984375,2.69,180,46.7,-6.1,-44.3,-4.7,-31.4,0.0,-0.14,,False,2.799,167,False,False,False,True,7.58984375,-0.31,1386,-3.5,-0.6,4.5,0.8,-31.99,0.0,0.08,325,False,-0.363,1371,False,False,False,False,7.5390625,-0.26,1638,-2.6,0.0,2.7,,1.62,0.0,0.07,177,False,-0.325,1574,False,False,False,False,
173130,오파스넷,5.03125,1.25,806.0,6180.0,,6.6484375,-1.62,1588,-6.5,-13.6,12.9,-12.6,-4.92,0.0,-0.83,368,False,-0.84,1468,False,False,False,False,6.19921875,-1.17,1441,-4.9,-6.5,6.9,-7.0,-23.23,0.0,-0.54,532,False,-0.682,1252,False,False,False,False,6.671875,-1.64,1722,-9.2,-0.0,4.6,,-18.15,0.0,-0.49,301,False,-1.081,1622,False,False,False,False,5.23828125,-0.21,1588,-0.4,-0.0,0.3,,-0.48,0.0,-0.16,513,False,-0.046,1244,False,False,False,False,
173940,에프엔씨엔터,1.419921875,1.62,326.0,2115.0,,0.77978515625,0.64,648,4.0,-9.9,6.0,-6.0,-46.52,0.0,-0.1,351,False,0.75,653,False,False,False,False,1.3603515625,0.06,692,0.2,-6.7,6.6,-6.0,-53.62,0.0,-0.01,313,False,0.076,689,False,False,False,False,1.51953125,-0.1,1188,-0.3,-2.6,3.0,-2.4,-26.69,0.0,-0.02,194,False,-0.079,1116,False,False,False,False,1.419921875,0.0,908,0.0,-0.6,0.6,-0.5,-5.37,0.0,-0.01,303,False,0.005,957,False,False,False,False,지속
174900,앱클론,13.2109375,7.43,4379.0,21950.0,,8.609375,4.6,120,35.9,497.8,-504.5,167.6,-60.66,1.13,0.11,,False,4.404,134,True,False,True,True,7.5703125,5.64,44,377.6,-12.8,-344.9,-46.4,-62.09,0.13,-0.77,,False,6.32,27,False,False,False,True,12.3828125,0.83,287,54.6,12.0,-60.9,8.8,-34.18,0.0,-0.46,,False,1.289,176,False,False,True,True,12.546875,0.66,74,20.4,-0.9,-20.5,-0.5,-3.09,0.0,0.19,,False,0.475,95,False,False,False,True,지속
175140,휴먼테크놀로지,1.9697265625,1.41,579.0,2320.0,,1.349609375,0.62,653,7.8,-0.3,-1.6,-0.1,-52.75,0.0,-0.28,,False,0.817,620,False,False,False,True,2.01953125,-0.05,899,-3.2,-0.1,5.0,-0.1,-44.3,0.0,0.25,611,False,-0.353,1070,False,False,False,False,2.560546875,-0.59,1543,-3.7,-0.0,3.4,,-3.13,0.0,-0.01,277,False,-0.632,1507,False,False,False,False,2.05078125,-0.08,1395,-0.3,-0.0,0.3,,0.0,0.0,-0.03,511,False,-0.049,1255,False,False,False,False,
175250,아이큐어,3.400390625,3.08,815.0,2170.0,,3.400390625,0.0,987,,,,,0.0,0.0,0.0,,False,,,False,False,False,False,3.400390625,0.0,771,,,,,0.0,0.0,0.0,,False,,,False,False,False,False,3.380859375,0.02,855,,,,,0.0,0.0,0.02,,False,,,False,False,False,False,3.400390625,0.0,908,,,,,0.0,0.0,0.0,,False,,,False,False,False,False,
176750,듀켐바이오,0.7001953125,3.47,1715.0,6020.0,,0.990234375,-0.29,1213,3.9,-13.2,5.4,-12.7,-34.57,0.12,-0.48,676,False,0.198,915,False,False,False,False,0.990234375,-0.29,1055,-4.1,-1.6,4.3,-0.3,-34.78,0.12,-0.16,801,False,-0.136,921,False,False,False,False,0.85986328125,-0.16,1247,1.3,0.1,-2.2,,-11.86,0.0,-0.24,,False,0.073,805,False,False,True,True,0.7099609375,-0.01,1155,0.2,-0.0,-0.3,,0.84,0.0,-0.02,,False,0.014,907,False,False,False,True,
177350,베셀,1.6103515625,0.32,135.0,681.0,,4.05859375,-2.45,1675,-7.9,4.6,4.7,-0.1,-42.82,0.91,-0.05,,False,-2.452,1689,False,False,True,False,6.53125,-4.92,1785,-10.6,4.6,5.8,,-40.42,0.91,-0.09,328,False,-4.856,1750,False,False,True,False,2.369140625,-0.76,1601,-1.8,4.6,-2.9,,7.58,0.91,0.04,,False,-0.831,1578,False,False,True,True,1.8896484375,-0.28,1652,-0.5,1.0,-0.4,,16.81,0.91,0.15,,False,-0.359,1589,False,False,True,True,
177830,파버나인,1.2998046875,0.37,268.0,2365.0,,0.85009765625,0.45,709,-0.3,4.1,-4.7,-5.7,-20.77,-16.07,0.15,,False,-0.027,1100,True,False,True,True,1.0302734375,0.27,593,0.3,0.9,-1.4,,-16.43,-16.07,-0.23,,False,0.114,673,True,False,True,True,1.2900390625,0.01,883,0.3,-0.0,-0.5,,-8.86,0.0,-0.1,,False,0.113,758,False,False,False,True,1.3095703125,-0.01,1155,0.2,0.0,-0.2,,-2.87,0.0,-0.1,,False,0.085,612,False,False,False,True,스파이크
177900,쓰리에이로직스,2.4609375,0.82,391.0,4060.0,,2.490234375,-0.03,1080,-1.9,-2.1,7.6,-0.9,-34.52,0.45,0.09,489,False,0.001,1076,False,False,False,False,1.919921875,0.54,505,-0.7,-1.0,3.7,-1.0,-38.3,0.45,0.33,717,False,0.075,692,False,False,False,False,2.2109375,0.25,609,0.0,0.0,-0.3,,-27.11,0.0,0.14,,False,0.07,811,False,False,False,True,2.140625,0.32,241,0.1,0.0,-0.1,,1.12,0.0,0.31,,False,0.014,907,False,False,False,True,
178320,서진시스템,18.3125,2.99,25015.0,39300.0,,8.046875,10.27,24,3529.4,908.9,879.8,-1123.3,43.17,13.92,-2.11,476,False,15.222,5,True,True,True,False,13.9921875,4.32,83,1936.9,-127.4,1432.3,-701.8,-21.71,7.44,-1.16,82,False,6.95,22,True,True,False,False,14.1171875,4.2,28,2017.4,-835.0,-1311.3,-313.4,-47.11,0.0,-1.73,,False,5.874,4,False,True,False,True,18.515625,-0.2,1575,-144.9,-4.3,124.6,-34.2,-5.76,0.0,0.4,95,False,-0.545,1643,False,False,False,False,지속
178780,일월지엠엘,1.08984375,1.05,441.0,2365.0,,1.2197265625,-0.13,1136,1.1,0.1,-4.0,0.1,-14.93,0.0,-0.38,,False,0.243,876,False,False,True,True,1.1904296875,-0.1,932,0.3,0.1,0.0,0.1,-10.92,0.0,-0.22,870,False,0.08,685,False,False,True,False,0.89013671875,0.2,653,0.7,0.1,0.8,0.1,7.5,0.0,-0.0,465,False,0.177,686,False,False,True,False,1.080078125,0.01,867,0.0,0.0,0.2,,-1.46,0.0,0.01,499,False,0.001,974,False,False,False,False,
179290,엠아이텍,7.0,1.24,1560.0,4820.0,,5.7890625,1.21,479,14.6,-4.7,-8.6,16.1,-31.14,0.0,0.32,,False,0.904,586,False,False,False,True,6.01953125,0.98,386,11.4,-16.1,4.2,2.8,-30.14,0.0,0.2,798,False,0.771,416,False,False,False,False,6.78125,0.22,630,5.2,3.9,-9.2,3.1,-1.33,0.0,-0.17,,False,0.383,500,False,False,True,True,6.9296875,0.07,665,2.1,4.1,-6.0,3.1,11.96,0.0,-0.08,,False,0.153,418,False,False,True,True,지속
179530,애드바이오텍,1.099609375,2.09,528.0,1959.0,,3.98046875,-2.88,1702,-7.7,-0.0,7.8,,4.76,64.73,-0.4,334,False,-1.67,1623,True,False,False,False,2.279296875,-1.18,1444,-2.0,-0.0,7.8,,-33.14,36.95,-0.46,358,False,-0.281,1016,True,False,False,False,1.7197265625,-0.62,1550,-0.6,0.0,0.7,,-12.15,36.95,-0.12,524,False,-0.088,1127,True,False,False,False,1.1298828125,-0.03,1262,0.2,0.0,-0.2,,-12.74,0.0,-0.07,,False,0.041,773,False,False,False,True,
179900,유티아이,16.09375,0.89,592.0,2990.0,,10.75,5.34,92,118.0,10.9,-147.1,28.9,-86.13,0.0,-0.67,,False,5.87,75,False,False,True,True,12.140625,3.95,97,58.0,-4.1,-72.4,-2.8,-85.41,0.0,-0.04,,False,3.805,102,False,False,False,True,11.84375,4.25,24,64.1,-9.5,-56.1,-12.9,-81.93,0.0,-0.03,,False,4.196,26,False,False,False,True,16.625,-0.53,1727,-3.1,-0.4,3.4,-0.1,-23.53,0.0,-0.13,129,False,-0.405,1604,False,False,False,False,
180400,DXVX,5.05078125,2.3,2156.0,2190.0,,10.2890625,-5.24,1765,16.7,-0.0,-13.4,0.1,-38.83,99.98,-0.52,,False,0.861,606,True,False,False,True,5.4296875,-0.38,1110,-3.6,0.0,-0.9,0.0,-56.46,0.0,-0.36,,False,-0.029,832,False,False,False,True,5.16015625,-0.11,1197,-1.9,-0.2,2.6,-0.2,-16.41,0.0,-0.05,545,False,-0.061,1085,False,False,False,False,5.0703125,-0.02,1215,0.8,-0.0,-0.2,,-8.18,0.0,-0.06,,False,0.039,781,False,False,False,True,
182360,큐브엔터,3.580078125,0.49,832.0,5350.0,,2.69921875,0.88,568,21.8,-8.2,-10.8,3.2,-59.65,0.0,-0.58,,False,1.468,435,False,False,False,True,3.310546875,0.27,593,3.8,2.8,-4.4,2.4,-50.37,0.0,-0.2,,False,0.491,508,False,False,True,True,3.689453125,-0.11,1197,-0.6,-0.2,0.9,-0.0,-21.32,0.0,-0.09,568,False,-0.03,1029,False,False,False,False,3.619140625,-0.04,1301,0.2,-0.2,0.1,,-3.95,0.0,-0.07,651,False,0.029,824,False,False,False,False,
182400,엔케이젠바이오텍코리아,0.0,37.07,2655.0,3670.0,,0.0,0.0,987,,,,,-0.41,1.35,0.0,,False,,,True,False,False,False,0.0,0.0,771,,,,,0.0,0.0,0.0,,False,,,False,False,False,False,0.0,0.0,913,,,,,0.0,0.0,0.0,,False,,,False,False,False,False,0.0,0.0,908,,,,,0.0,0.0,0.0,,False,,,False,False,False,False,
183300,코미코,24.453125,5.27,14772.0,71900.0,,17.203125,7.25,47,1463.2,-188.8,-1255.1,-159.7,-25.18,96.41,8.73,,False,13.728,8,True,True,False,True,18.4375,6.02,37,1167.2,-1158.2,-0.9,-246.5,-52.38,96.41,9.34,,False,11.281,6,True,True,False,True,20.4375,4.02,31,624.8,-394.3,-222.6,-103.8,-33.61,0.0,0.6,,False,3.431,34,False,False,False,True,24.546875,-0.09,1427,26.9,-60.1,33.7,-0.8,-5.27,0.0,-0.29,250,False,0.197,325,False,False,False,False,지속
183490,엔지켐생명과학,2.80078125,0.54,838.0,990.0,,4.26171875,-1.46,1558,-8.0,-21.0,27.8,-1.1,-24.89,-0.5,-0.58,235,False,-0.918,1485,False,False,False,False,3.08984375,-0.29,1055,,,,,0.0,0.0,-0.29,,False,,,False,False,False,False,2.779296875,0.02,855,,,,,0.0,0.0,0.02,,False,,,False,False,False,False,2.80078125,0.0,908,,,,,0.0,0.0,0.0,,False,,,False,False,False,False,
184230,SGA솔루션즈,0.0,1.0,355.0,1881.0,,1.5400390625,-1.54,1575,-3.9,0.3,55.6,0.1,204.86,-78.72,-7.48,72,False,-0.178,1194,True,True,True,False,1.2900390625,-1.29,1475,-6.0,0.3,38.1,0.1,106.02,-79.34,-4.87,79,False,-0.51,1168,True,True,True,False,0.0,0.0,913,-0.5,-0.1,0.3,,-8.91,0.0,0.15,535,False,-0.16,1201,False,False,False,False,0.0,0.0,908,-0.1,-0.0,0.0,,7.92,0.0,0.01,686,False,-0.014,1104,False,False,False,False,
185490,아이진,1.6396484375,1.13,645.0,1491.0,,3.220703125,-1.58,1582,-20.9,-4.9,27.3,-2.3,-6.81,0.0,0.82,183,False,-2.392,1684,False,False,False,False,3.029296875,-1.39,1496,-16.9,-0.2,17.3,-0.1,6.81,0.0,0.34,272,False,-1.735,1571,False,False,False,False,1.6396484375,0.0,913,1.8,-0.7,-0.8,-0.6,6.58,0.0,-0.24,,False,0.269,589,False,False,False,True,1.3896484375,0.25,311,2.0,-0.0,-2.0,,3.54,0.0,-0.05,,False,0.298,196,False,False,False,True,스파이크
186230,그린플러스,2.51953125,0.91,350.0,3205.0,,1.9599609375,0.56,675,3.7,1.2,-9.5,0.4,-39.98,0.0,-0.08,,False,0.736,657,False,False,True,True,2.640625,-0.12,943,-2.0,0.7,-2.2,0.4,-32.24,0.0,0.33,,False,-0.359,1075,False,False,True,True,2.759765625,-0.24,1342,-0.7,1.4,-2.0,0.5,-7.9,0.0,-0.01,,False,-0.188,1240,False,False,True,True,2.669921875,-0.15,1513,-0.2,-0.0,-0.0,-0.1,1.42,0.0,-0.09,,False,-0.06,1281,False,False,False,False,
187220,디티앤씨,2.259765625,0.28,271.0,2355.0,,2.990234375,-0.73,1378,-2.2,-0.5,0.5,-0.5,3.06,-1.48,-0.34,646,False,-0.675,1419,True,False,False,False,2.630859375,-0.37,1105,-2.2,-0.0,1.4,-0.0,-28.31,0.0,0.05,679,False,-0.627,1224,False,False,False,False,1.83984375,0.42,500,1.1,0.2,-1.1,0.2,-15.89,0.0,-0.07,,False,0.432,479,False,False,True,True,2.080078125,0.18,416,0.4,-0.0,-0.4,,0.86,0.0,0.03,,False,0.149,426,False,False,False,True,스파이크
187270,신화콘텍,2.30078125,0.37,293.0,2890.0,,2.890625,-0.59,1333,-0.5,0.2,-0.3,0.3,-21.79,0.0,-0.5,,False,-0.071,1125,False,False,True,True,3.349609375,-1.05,1399,-4.2,0.0,4.8,0.0,-24.05,0.0,0.12,395,False,-1.119,1418,False,False,False,False,2.359375,-0.06,1142,-0.1,0.0,0.1,,-13.6,0.0,-0.03,610,False,-0.031,1032,False,False,False,False,2.1796875,0.12,543,0.1,0.0,-0.1,,4.33,0.0,0.1,,False,0.024,852,False,False,False,True,스파이크
187420,HLB제넥스,0.8798828125,1.2,549.0,1682.0,,1.41015625,-0.53,1311,-1.5,-10.8,12.8,-0.8,-37.7,11.95,-0.15,347,False,-0.3,1261,True,False,False,False,1.6298828125,-0.75,1283,-6.0,-5.0,12.1,,-47.02,11.07,0.14,338,False,-0.859,1327,True,False,False,False,1.0498046875,-0.17,1267,-3.3,-1.7,5.2,,-24.57,0.28,0.2,267,False,-0.372,1379,False,False,False,False,1.009765625,-0.13,1489,-2.5,0.0,2.4,,-11.84,0.1,0.15,209,False,-0.279,1547,False,False,False,False,
187660,페니트리움바이오,5.0,10.77,2282.0,4115.0,,0.1500244140625,4.85,111,4.1,-2.2,44.9,-0.1,73.63,0.0,-0.2,,False,5.081,106,False,False,False,False,1.419921875,3.58,117,179.7,2.1,-191.1,,-73.0,0.0,-0.95,,False,4.526,73,False,False,True,True,5.140625,-0.14,1232,9.0,0.0,-9.1,,-38.4,0.0,-0.44,,False,0.296,569,False,False,False,True,6.51953125,-1.52,1796,-47.2,0.0,47.1,,-12.07,0.0,0.12,20,True,-1.634,1717,False,False,False,False,
187790,나노,4.91015625,2.06,887.0,2875.0,,3.9296875,0.98,543,-10.3,139.8,-137.4,14.1,-12.21,0.0,0.4,,False,0.528,739,False,False,True,True,3.55078125,1.36,317,-1.7,100.3,-99.1,22.7,-20.14,0.0,0.31,,False,1.011,378,False,False,True,True,3.419921875,1.49,142,20.5,-23.9,2.6,3.7,-41.03,0.0,-0.38,642,False,1.849,102,False,False,False,False,4.51171875,0.4,171,1.2,-3.0,1.1,-0.1,-6.81,0.0,0.28,352,False,0.118,512,False,False,False,False,
187870,디바이스,6.78125,1.09,1838.0,13350.0,,2.80078125,3.98,154,29.6,434.0,-435.3,82.7,-7.8,95.69,2.3,,False,5.715,78,True,True,True,True,4.2890625,2.49,192,0.9,420.5,-365.6,67.7,-58.08,95.69,2.64,,False,3.62,115,True,True,True,True,2.150390625,4.63,16,108.5,-100.4,-15.6,-41.2,-41.7,0.0,-0.21,,False,4.708,17,False,False,False,True,6.421875,0.36,206,3.9,-9.6,5.8,-0.1,1.83,0.0,0.11,174,False,0.236,270,False,False,False,False,
188040,바이오포트,3.720703125,0.6,245.0,5230.0,,2.69921875,1.02,531,2.4,-11.8,-1.0,-0.4,-29.8,0.0,-0.09,,False,0.838,614,False,False,False,True,4.83984375,-1.12,1427,-4.0,-0.9,-5.6,-0.1,-13.12,0.0,-0.11,,False,-1.314,1468,False,False,False,True,4.26171875,-0.54,1522,-1.8,-0.4,-5.4,-0.0,-2.06,0.0,0.17,,False,-0.751,1556,False,False,False,True,4.01953125,-0.3,1664,-0.3,-0.2,0.4,,0.77,0.0,-0.17,320,False,-0.127,1410,False,False,False,False,
188260,세니젠,0.47998046875,6.17,286.0,2155.0,,2.060546875,-1.58,1582,-2.3,-0.9,9.9,,12.47,83.49,-0.06,82,False,-1.27,1561,True,False,False,False,4.44921875,-3.97,1762,-5.1,-0.0,5.5,,-2.27,83.49,-0.02,90,False,-3.646,1723,True,False,False,False,0.56005859375,-0.08,1161,-0.1,-0.0,0.2,,31.88,0.0,-0.02,570,False,-0.053,1070,False,False,False,False,0.469970703125,0.01,867,-0.0,0.0,0.1,,2.38,0.0,0.04,573,False,-0.016,1116,False,False,False,False,
189300,인텔리안테크,25.5625,2.41,6754.0,62900.0,,16.71875,8.84,32,1257.8,135.2,-1330.9,-64.4,-8.04,0.04,-1.12,,False,10.011,17,False,True,True,True,20.625,4.94,60,594.6,-675.5,70.5,-118.1,-53.41,0.0,-0.52,,False,5.51,41,False,False,False,False,23.046875,2.52,67,207.4,-16.5,-184.4,26.7,-37.35,0.0,0.22,,False,2.321,73,False,False,False,True,25.71875,-0.16,1524,0.4,3.6,-6.5,-1.6,-5.98,0.0,-0.19,,False,0.038,787,False,False,True,True,
189330,씨이랩,1.900390625,3.3,830.0,8850.0,,2.80078125,-0.9,1432,-22.3,-16.6,36.2,-9.3,103.92,0.0,-0.2,231,False,-0.638,1407,False,False,False,False,5.390625,-3.49,1747,-32.9,-10.9,41.5,-7.4,60.33,0.0,-0.14,86,False,-3.204,1706,False,False,False,False,4.421875,-2.52,1779,-28.2,-3.5,31.5,0.3,4.36,0.0,0.37,28,False,-2.824,1732,False,False,False,False,2.0703125,-0.17,1542,1.9,0.3,-2.3,0.3,-32.6,0.0,-0.43,,False,0.248,254,False,False,True,True,
189690,포시에스,1.5703125,0.57,445.0,1628.0,,1.98046875,-0.41,1267,-3.8,0.2,0.7,0.2,-21.16,0.0,0.14,,False,-0.562,1378,False,False,True,False,2.109375,-0.54,1179,-2.1,0.2,1.8,0.2,-23.75,0.0,-0.25,752,False,-0.289,1024,False,False,True,False,1.3203125,0.25,609,0.9,0.1,-1.0,0.1,-6.44,0.0,0.02,,False,0.236,621,False,False,True,True,1.240234375,0.33,233,0.9,-0.0,-0.9,,-0.73,0.0,0.12,,False,0.207,308,False,False,False,True,스파이크
189860,서전기전,2.689453125,1.02,390.0,4025.0,,4.44921875,-1.76,1604,-22.6,0.0,22.9,-1.8,2.68,0.0,-0.58,333,False,-1.109,1532,False,False,False,False,4.37890625,-1.69,1568,-18.3,0.2,16.0,-1.6,-30.84,0.0,0.11,325,False,-1.778,1578,False,False,True,False,5.6015625,-2.91,1792,-16.0,0.1,16.2,,-20.45,0.0,0.04,29,False,-2.837,1733,False,False,True,False,3.05078125,-0.36,1690,-1.3,0.0,1.2,,5.5,0.0,-0.06,194,False,-0.308,1563,False,False,False,False,
189980,흥국에프엔비,3.23046875,0.46,460.0,1146.0,,1.0302734375,2.2,309,12.8,-1.1,14.3,0.3,-26.4,0.0,0.15,341,False,2.013,340,False,False,False,False,4.3203125,-1.09,1411,-8.1,-0.3,7.5,,-30.67,0.0,0.11,437,False,-1.22,1447,False,False,False,False,3.01953125,0.21,643,0.7,-0.3,-0.5,,-4.5,0.0,0.02,,False,0.173,694,False,False,False,True,3.119140625,0.11,568,0.4,-0.0,-0.4,,2.23,0.0,0.01,,False,0.1,563,False,False,False,True,
190510,나무가,7.1015625,1.07,1837.0,13040.0,,10.828125,-3.73,1728,-86.3,5.5,82.3,-3.2,-51.52,0.28,-1.11,274,False,-2.591,1696,False,True,True,False,8.9609375,-1.86,1601,-49.4,11.0,37.6,0.5,-32.08,0.0,-0.13,448,False,-1.713,1564,False,False,True,False,6.76171875,0.34,545,2.6,10.8,-13.5,0.4,-19.31,0.0,0.21,,False,0.135,736,False,False,True,True,7.19140625,-0.09,1427,-5.1,10.7,-5.5,0.4,7.33,0.0,0.2,,False,-0.291,1554,False,False,True,True,
190650,코리아에셋투자증권,1.41015625,0.44,425.0,6650.0,,1.3095703125,0.1,889,-0.5,-1.9,3.9,-0.4,-7.12,0.0,0.22,587,False,0.04,1020,False,False,False,False,2.720703125,-1.31,1481,-5.1,-0.2,3.7,,-22.13,0.0,-0.3,568,False,-1.007,1383,False,False,False,False,1.76953125,-0.36,1422,-1.7,-0.2,0.4,,-12.84,0.0,0.02,530,False,-0.375,1383,False,False,False,False,1.4404296875,-0.03,1262,-0.1,0.0,0.1,,0.76,0.0,-0.0,565,False,-0.028,1184,False,False,False,False,
191410,육일씨엔에쓰,5.73046875,0.89,188.0,1677.0,,0.68017578125,5.05,105,5.4,0.2,-10.7,,-36.48,0.0,0.62,,False,4.086,155,False,False,True,True,2.41015625,3.32,132,6.5,0.1,-15.9,,-39.68,0.0,-0.41,,False,3.423,120,False,False,True,True,5.76171875,-0.03,1107,-1.3,-0.0,-6.4,,28.7,0.0,0.24,,False,-0.459,1430,False,False,False,True,6.37890625,-0.65,1746,-1.6,-0.0,-5.8,,39.75,0.0,0.16,,False,-0.806,1685,False,False,False,True,
191420,테고사이언스,2.150390625,1.02,523.0,6450.0,,1.349609375,0.8,592,5.4,-2.0,-15.4,-1.7,-55.21,0.0,-0.19,,False,0.836,615,False,False,False,True,1.580078125,0.57,490,3.7,-2.5,-2.3,-1.4,-52.22,0.0,-0.19,,False,0.651,455,False,False,False,True,2.380859375,-0.23,1334,-1.2,-2.4,3.6,-1.4,-18.25,0.0,-0.03,258,False,-0.199,1247,False,False,False,False,2.279296875,-0.13,1489,-1.1,-0.2,1.3,,-3.44,0.0,0.08,237,False,-0.205,1507,False,False,False,False,
192250,케이사인,4.53125,0.54,504.0,7130.0,,2.580078125,1.95,341,13.9,35.2,-55.0,4.4,-24.47,0.0,-0.25,,False,2.22,312,False,False,True,True,2.41015625,2.12,225,8.2,6.4,-15.8,3.9,-55.1,0.0,0.56,,False,1.595,272,False,False,True,True,4.078125,0.45,481,2.7,0.1,-2.9,0.1,-14.71,0.0,-0.08,,False,0.554,409,False,False,True,True,4.5,0.03,799,0.7,-0.0,-0.7,,0.28,0.0,-0.11,,False,0.143,446,False,False,False,True,지속
192390,윈하이텍,1.7001953125,0.28,205.0,1860.0,,1.4296875,0.27,791,0.2,2.3,-4.4,-0.2,-15.26,0.0,-0.26,,False,0.217,896,False,False,True,True,1.8603515625,-0.16,971,-0.5,3.5,-4.8,,-9.71,0.0,-0.35,,False,-0.101,893,False,False,True,True,1.9697265625,-0.27,1364,-0.6,2.0,-3.1,,-1.06,0.0,-0.16,,False,-0.228,1276,False,False,True,True,1.900390625,-0.2,1575,-0.6,0.5,-0.1,,-1.22,0.0,0.08,,False,-0.285,1551,False,False,True,True,
192410,오늘이엔엠,0.52001953125,26.95,923.0,3665.0,,0.5498046875,-0.03,1080,-17.6,-9.6,53.9,-9.5,293.66,-46.02,-1.56,163,False,0.409,790,True,True,False,False,0.81005859375,-0.29,1055,-8.9,0.0,47.2,,-51.9,7.95,-0.45,91,False,-0.044,844,True,False,False,False,1.01953125,-0.5,1494,-6.4,0.0,14.4,,-21.52,0.0,-0.05,96,False,-0.541,1469,False,False,False,False,0.56005859375,-0.04,1301,-0.9,-0.0,1.8,,16.91,0.0,0.05,265,False,-0.086,1342,False,False,False,False,
192440,슈피겐코리아,10.34375,0.32,1825.0,29350.0,,9.2578125,1.09,515,22.1,-4.5,-73.1,4.9,31.91,0.0,-0.28,,False,1.32,468,False,False,False,True,9.7890625,0.55,500,11.5,-2.0,-44.9,4.9,6.73,0.0,-0.09,,False,0.608,471,False,False,False,True,10.3671875,-0.02,1086,-0.8,0.0,-2.4,0.4,-4.4,0.0,0.02,,False,-0.044,1055,False,False,False,True,10.359375,-0.02,1215,-0.2,0.1,-0.7,0.1,4.08,0.0,-0.01,,False,-0.008,1078,False,False,True,True,
193250,링크드,1.0703125,0.39,238.0,1780.0,,1.919921875,-0.85,1420,-3.6,-0.0,2.3,,386.34,-79.3,-9.42,,False,-0.105,1143,True,True,False,False,2.169921875,-1.1,1417,-3.0,-0.0,2.2,,379.78,-80.0,-7.66,693,False,-0.496,1162,True,True,False,False,1.0302734375,0.04,825,0.1,-0.0,-0.6,,27.23,0.0,-0.11,,False,0.157,711,False,False,False,True,1.26953125,-0.2,1575,-0.4,-0.0,-0.2,,36.71,0.0,-0.09,,False,-0.108,1376,False,False,False,True,
194480,데브시스터즈,1.919921875,1.04,1908.0,15730.0,,10.6015625,-8.68,1784,-403.5,-25.1,425.6,-94.9,-51.15,0.0,0.92,27,False,-9.628,1780,False,False,False,False,2.869140625,-0.95,1366,-25.3,-14.7,45.3,-0.1,-32.92,0.0,-0.01,306,False,-0.945,1362,False,False,False,False,3.720703125,-1.8,1743,-25.6,8.7,17.2,0.3,3.08,0.0,-0.5,190,False,-1.288,1648,False,False,True,False,2.169921875,-0.25,1628,-1.6,-0.2,1.7,0.0,-9.44,0.0,-0.17,401,False,-0.083,1330,False,False,False,False,
194700,노바렉스,9.8984375,0.94,2459.0,13470.0,,14.09375,-4.2,1743,-88.2,-13.5,85.0,-19.2,-3.79,-2.67,-1.44,169,False,-3.105,1717,True,True,False,False,11.4375,-1.54,1527,-38.6,32.2,3.5,-14.2,-5.8,-2.67,-0.54,648,False,-1.304,1465,True,False,True,False,10.1875,-0.29,1379,1.1,-16.7,18.2,-13.4,-3.65,0.0,-0.31,211,False,0.071,807,False,False,False,False,10.078125,-0.18,1552,4.3,-12.2,8.2,-5.9,2.28,0.0,-0.34,182,False,0.17,372,False,False,False,False,
195500,마니커에프앤지,2.529296875,0.33,261.0,1631.0,,2.48046875,0.05,929,0.4,-0.5,-0.5,,-41.23,0.0,-0.3,,False,0.215,898,False,False,False,True,3.08984375,-0.56,1187,-4.4,-0.4,4.4,,-41.85,0.0,0.22,494,False,-0.909,1347,False,False,False,False,1.8203125,0.71,337,1.3,-0.4,-1.2,,-12.78,0.0,0.12,,False,0.479,452,False,False,False,True,2.5,0.03,799,0.1,0.0,-0.1,,4.82,0.0,-0.0,,False,0.028,830,False,False,False,True,스파이크
195940,HK이노엔,13.8671875,0.83,10992.0,38800.0,,9.34375,4.52,125,737.7,82.7,-816.7,-87.3,-15.01,0.0,-0.33,,False,4.867,113,False,False,True,True,13.78125,0.09,669,13.4,-190.2,165.1,11.6,-26.65,0.0,0.01,389,False,0.076,689,False,False,False,False,14.1796875,-0.31,1386,-39.5,76.9,-34.9,2.5,-8.17,0.0,0.02,,False,-0.328,1353,False,False,True,True,13.8828125,-0.02,1215,-0.8,-3.0,3.6,-2.8,-1.15,0.0,-0.01,534,False,-0.009,1082,False,False,False,False,
195990,루트K,2.25,0.33,205.0,630.0,,6.05078125,-3.8,1730,-9.6,-0.0,9.8,,233.33,-88.56,-48.56,647,False,-0.156,1174,True,True,False,False,3.259765625,-1.01,1385,-4.6,0.0,4.0,,-55.19,0.0,-0.03,525,False,-0.957,1370,False,False,False,False,2.23046875,0.02,855,-0.5,0.0,-0.1,,-33.75,0.0,0.02,,False,-0.02,1001,False,False,False,True,2.25,0.0,908,,,,,0.0,0.0,0.0,,False,,,False,False,False,False,
196170,알테오젠,14.1015625,33.49,148166.0,276500.0,,13.8828125,0.22,818,1046.9,4807.8,-5626.9,822.7,-41.23,0.15,-0.25,,False,0.486,756,False,False,True,True,14.15625,-0.05,899,345.8,2139.4,-2295.1,907.0,-25.17,0.1,-0.19,,False,0.145,656,False,False,True,True,14.5625,-0.46,1476,-751.8,1623.0,-825.3,285.0,-21.56,0.0,-0.08,,False,-0.386,1391,False,False,True,True,14.0625,0.04,763,31.8,-631.5,532.9,-61.5,-7.83,0.0,0.02,153,False,0.018,882,False,False,False,False,
196300,HLB펩,1.259765625,1.49,388.0,4135.0,,1.75,-0.49,1297,-2.4,-0.0,-0.3,,-50.95,0.89,-0.04,699,False,-0.469,1337,False,False,False,True,2.0,-0.74,1277,-3.5,0.0,3.6,,-43.89,0.89,-0.1,579,False,-0.65,1234,False,False,False,False,1.740234375,-0.48,1485,-2.2,0.0,2.1,,-16.8,0.0,-0.01,319,False,-0.488,1437,False,False,False,False,1.6904296875,-0.43,1705,-1.7,0.0,1.8,,-11.65,0.0,-0.06,144,False,-0.369,1592,False,False,False,False,
196450,코아시아씨엠,1.490234375,0.64,379.0,837.0,,1.7001953125,-0.21,1179,2.7,1.5,-4.6,2.2,5.95,0.0,-0.14,,False,-0.128,1158,False,False,True,True,2.830078125,-1.34,1487,-6.1,-1.9,7.6,1.2,-37.16,0.0,0.1,293,False,-1.499,1507,False,False,False,False,2.369140625,-0.88,1635,-3.4,0.4,2.8,0.4,-12.99,0.0,-0.02,229,False,-0.91,1591,False,False,True,False,1.509765625,-0.02,1215,0.0,-0.0,-0.0,,-6.9,0.0,-0.03,,False,0.009,931,False,False,False,False,
196490,디에이테크놀로지,2.23046875,0.0,691.0,6090.0,,4.26953125,-2.04,1633,,,,,2900.0,-93.64,-64.92,,False,,,True,True,False,False,4.26953125,-2.04,1632,,,,,2900.0,-93.64,-64.92,,False,,,True,True,False,False,2.240234375,-0.01,1065,,,,,0.0,0.0,-0.01,,False,,,False,False,False,False,2.23046875,0.0,908,,,,,0.0,0.0,0.0,,False,,,False,False,False,False,
196700,웹스,3.900390625,0.46,185.0,1290.0,,3.560546875,0.34,751,-1.3,2.2,-2.2,0.5,-31.89,0.0,-0.4,,False,0.349,821,False,False,True,True,4.41015625,-0.51,1169,-0.2,2.2,-3.1,0.4,-39.44,0.0,-0.48,,False,-0.422,1118,False,False,True,True,5.1796875,-1.28,1688,-2.5,1.7,0.6,-0.1,2.38,0.0,0.13,365,False,-1.508,1670,False,False,True,False,5.03125,-1.13,1783,-2.3,1.8,0.5,,29.0,0.0,0.27,170,False,-1.367,1709,False,False,True,False,
197140,디지캡,1.1201171875,0.49,277.0,2125.0,,0.97998046875,0.14,867,0.4,6.8,-10.7,-0.1,-11.09,0.0,-0.08,,False,0.106,970,False,False,True,True,1.2001953125,-0.08,920,-0.0,6.8,-6.9,-0.1,-6.18,0.0,-0.07,,False,-0.051,848,False,False,True,True,1.0595703125,0.06,788,0.0,5.8,-5.8,,1.67,0.0,0.06,,False,0.022,885,False,False,True,True,1.1103515625,0.01,867,0.0,1.2,-1.2,,0.71,0.0,0.01,,False,0.003,965,False,False,True,True,스파이크
198080,캐프,3.990234375,0.36,469.0,2180.0,,2.439453125,1.55,399,8.3,-1.2,-7.0,-0.4,-7.82,0.0,-0.09,,False,1.66,402,False,False,False,True,3.890625,0.1,662,1.3,-0.1,-1.1,0.2,-24.83,0.0,-0.15,,False,0.219,616,False,False,False,True,3.80078125,0.19,664,0.7,0.1,-0.7,0.2,-23.91,0.0,0.03,,False,0.177,686,False,False,True,True,3.779296875,0.21,368,1.4,-0.2,-1.2,,1.87,0.0,-0.08,,False,0.292,208,False,False,False,True,
198440,강동씨앤엘,1.48046875,0.6,809.0,1328.0,,1.099609375,0.38,738,1.7,0.2,11.5,,24.34,0.0,-0.17,643,False,0.56,724,False,False,True,False,1.1796875,0.3,583,0.4,1.1,13.1,,7.97,0.0,-0.09,666,False,0.366,554,False,False,True,False,0.83984375,0.64,365,2.0,1.1,15.1,,20.73,0.0,0.05,205,False,0.587,386,False,False,True,False,0.52978515625,0.95,44,12.7,0.6,-2.5,,-23.63,0.0,-0.25,,False,1.216,21,False,False,True,True,
198940,한주라이트메탈,9.6015625,0.58,267.0,1340.0,,10.7734375,-1.17,1499,-4.1,-5.2,10.1,-5.2,65.02,-48.85,-11.14,305,False,-0.173,1188,True,True,False,False,12.0390625,-2.44,1684,-7.5,-0.8,9.6,-0.8,83.81,-48.85,-10.49,244,False,-1.643,1542,True,True,False,False,10.359375,-0.76,1601,-2.7,0.0,3.0,,-44.28,2.3,-0.08,355,False,-0.356,1367,True,False,False,False,9.78125,-0.18,1552,0.3,-0.0,-0.4,,-5.96,2.3,-0.09,,False,0.129,477,True,False,False,True,
199430,케이엔알시스템,3.640625,4.64,1081.0,9650.0,,2.26953125,1.37,441,45.3,1.9,-40.4,0.6,-68.87,1.81,-1.48,,False,2.957,243,True,True,True,True,1.9599609375,1.68,277,11.5,-0.2,-11.2,-0.2,-59.45,0.48,0.33,,False,1.363,302,False,False,False,True,2.5390625,1.1,215,11.4,-0.2,-11.1,-0.2,-38.06,0.48,0.23,,False,0.888,256,False,False,False,True,3.380859375,0.26,305,2.1,0.0,-2.2,,-6.13,0.48,0.09,,False,0.186,345,False,False,False,True,지속
199480,뱅크웨어글로벌,7.98046875,1.56,279.0,2740.0,,7.359375,0.62,653,-0.7,-0.0,1.3,-0.0,-48.3,0.0,0.22,,False,0.457,772,False,False,False,False,7.37109375,0.61,476,2.1,-0.0,-1.9,-0.0,-48.11,0.0,-0.0,,False,0.592,475,False,False,False,True,7.76171875,0.22,630,0.4,-0.0,-0.6,-0.0,-19.65,0.0,0.03,,False,0.16,706,False,False,False,True,8.0078125,-0.03,1262,-0.2,-0.0,0.2,,0.37,0.0,0.03,470,False,-0.061,1286,False,False,False,False,
199550,레이저옵텍,3.490234375,1.62,409.0,2755.0,,0.77978515625,2.71,244,1.9,-16.4,14.2,0.1,-51.5,21.03,2.44,236,False,0.24,881,True,True,False,False,1.9697265625,1.52,298,-6.0,-16.0,22.0,0.1,-51.75,21.03,2.5,103,False,-0.931,1353,True,True,False,False,3.44921875,0.04,825,0.7,0.1,-0.8,0.1,-29.63,0.0,-0.13,,False,0.159,709,False,False,True,True,3.5703125,-0.08,1395,-0.1,0.0,0.1,,-6.93,0.0,-0.07,632,False,-0.018,1123,False,False,False,False,
199730,바이오인프라,2.58984375,0.48,79.0,1634.0,,1.7099609375,0.88,568,1.2,-1.4,0.4,,-66.2,0.0,-0.38,,False,1.076,534,False,False,False,False,1.9501953125,0.64,468,0.6,-0.9,0.5,,-61.55,0.0,-0.27,,False,0.743,424,False,False,False,False,2.0390625,0.55,421,0.6,-0.3,-0.2,,-46.86,0.0,-0.23,,False,0.697,323,False,False,False,True,2.19921875,0.39,176,0.4,-0.0,-0.4,,-16.33,0.0,-0.05,,False,0.434,108,False,False,False,True,지속
199800,툴젠,1.6904296875,6.99,3918.0,43550.0,,0.6298828125,1.06,524,100.7,-17.8,1.0,-3.9,-26.81,0.33,-0.12,597,False,1.204,492,False,False,False,False,1.8603515625,-0.17,978,40.5,-0.5,32.4,8.6,-52.92,0.04,-0.45,547,False,0.28,587,False,False,False,False,2.69921875,-1.01,1654,-37.2,-0.1,40.2,,1.52,0.0,-0.21,197,False,-0.759,1560,False,False,False,False,1.9697265625,-0.28,1652,-8.2,0.0,8.3,,25.69,0.0,-0.08,261,False,-0.203,1505,False,False,False,False,
199820,제일일렉트릭,4.0,0.97,1524.0,6860.0,,0.64013671875,3.36,189,61.9,0.9,-64.0,-0.8,-30.78,0.0,-0.44,,False,3.769,176,False,False,True,True,2.26953125,1.73,268,23.4,0.1,-25.4,-1.0,-38.8,0.0,-0.02,,False,1.78,254,False,False,True,True,4.48046875,-0.48,1485,-15.3,-1.0,16.8,-0.4,-32.15,0.0,0.2,218,False,-0.682,1528,False,False,False,False,3.970703125,0.03,799,-2.7,-0.0,2.8,,-2.14,0.0,0.21,283,False,-0.185,1481,False,False,False,False,
200130,콜마비앤에이치,4.5,0.67,2465.0,8380.0,,3.2109375,1.29,457,41.1,-13.1,-26.5,-0.4,-31.59,0.0,-0.48,,False,1.748,387,False,False,False,True,2.33984375,2.16,219,63.0,-98.3,34.7,-0.5,-27.88,0.0,-0.28,438,False,2.429,186,False,False,False,False,4.51953125,-0.02,1086,3.7,-0.9,-2.2,-0.1,-9.01,0.0,-0.19,,False,0.174,691,False,False,False,True,4.51171875,-0.01,1155,-0.9,0.0,0.8,,0.96,0.0,0.02,552,False,-0.038,1214,False,False,False,False,
200230,텔콘RF제약,0.0,0.14,161.0,2250.0,,2.91015625,-2.91,1705,3.0,-0.1,-6.3,,123.88,-89.56,-56.71,,False,2.304,300,True,True,False,True,2.7890625,-2.79,1714,1.7,0.0,-2.5,,215.57,-89.56,-47.94,,False,1.939,240,True,True,False,True,4.80078125,-4.8,1807,-3.6,-0.0,3.6,,525.0,-90.0,-46.1,456,False,-0.19,1241,True,True,False,False,0.0,0.0,908,0.9,0.0,-0.9,,3.21,0.0,-0.56,,False,0.558,74,False,False,False,True,
200350,아티스트스튜디오,2.130859375,0.39,192.0,1917.0,,2.369140625,-0.24,1191,-0.6,-0.0,0.1,,-64.1,0.0,-0.6,,False,0.094,977,False,False,False,False,3.619140625,-1.49,1516,-9.1,0.0,8.4,,-64.17,0.0,-0.06,346,False,-1.71,1563,False,False,False,False,1.7900390625,0.34,545,0.2,0.0,-0.8,,-42.43,0.0,-0.1,,False,0.193,667,False,False,False,True,1.8896484375,0.24,321,-0.0,-0.0,0.0,,-0.16,0.0,0.26,613,False,-0.015,1113,False,False,False,False,스파이크
200470,에이팩트,5.73046875,3.07,2156.0,5090.0,,0.740234375,4.99,108,233.8,18.7,-275.3,1.6,-40.12,0.0,0.18,,False,4.855,114,False,False,True,True,1.5400390625,4.19,91,212.0,9.3,-234.4,6.0,-27.6,0.0,0.02,,False,4.229,79,False,False,True,True,7.671875,-1.94,1755,-66.1,-11.0,100.5,-1.0,-56.79,0.0,0.24,22,False,-2.211,1715,False,False,False,False,6.4296875,-0.7,1750,-21.6,0.9,24.1,0.1,-2.86,0.0,0.23,44,False,-0.941,1693,False,False,True,False,
200670,휴메딕스,7.6015625,0.97,2937.0,26150.0,,9.640625,-2.04,1633,-49.7,-282.1,313.6,-107.5,-36.68,0.0,-1.13,70,False,-0.966,1498,False,True,False,False,8.6484375,-1.05,1399,-28.7,-12.6,43.4,-26.8,-25.5,0.0,-0.26,451,False,-0.807,1307,False,False,False,False,8.2890625,-0.69,1576,-18.8,40.2,-20.7,-1.7,-6.94,0.0,-0.07,,False,-0.626,1503,False,False,True,True,7.8203125,-0.22,1597,-3.3,8.3,-4.9,-0.0,0.97,0.0,-0.11,,False,-0.112,1389,False,False,True,True,
200710,에이디테크놀로지,0.9501953125,2.81,3958.0,29400.0,,3.630859375,-2.68,1692,75.4,-37.2,-63.9,55.1,-6.22,0.16,-3.1,398,False,0.359,814,False,True,False,True,5.75,-4.8,1783,-108.4,-107.4,229.3,29.4,-44.42,0.16,-2.37,45,False,-2.419,1663,False,True,False,False,6.671875,-5.72,1812,-188.4,-73.7,257.2,39.3,-24.9,0.0,-1.52,5,True,-4.228,1750,False,True,False,False,2.75,-1.8,1802,-73.7,-7.7,78.0,-11.5,-17.07,0.0,-0.16,21,False,-1.644,1719,False,False,False,False,
200780,비씨월드제약,1.1396484375,0.46,343.0,3220.0,,0.489990234375,0.65,645,1.7,-0.1,-1.4,-0.3,-31.2,9.55,0.26,,False,0.425,787,True,False,False,True,0.7998046875,0.34,567,0.1,-0.2,-0.0,-0.0,-31.27,9.55,0.28,,False,0.091,681,True,False,False,False,1.009765625,0.13,719,0.6,0.0,-0.6,,-7.6,0.0,-0.07,,False,0.173,694,False,False,False,True,1.0595703125,0.08,642,0.1,0.1,-0.1,,0.94,0.0,0.06,,False,0.018,882,False,False,True,True,스파이크
201490,미투온,3.779296875,0.44,658.0,2010.0,,7.859375,-4.08,1741,-95.9,-1.7,93.6,-0.1,-42.82,0.4,0.6,136,False,-4.662,1751,False,False,False,False,1.6298828125,2.15,220,9.4,0.9,-9.0,0.2,-43.93,0.4,0.1,,False,2.141,214,False,False,True,True,2.060546875,1.72,110,10.3,0.5,-10.4,,-14.65,0.4,0.14,,False,1.622,123,False,False,True,True,3.439453125,0.34,224,2.5,-0.0,-2.4,,3.34,0.0,-0.04,,False,0.387,133,False,False,False,True,지속
203400,에이비온,6.87890625,0.89,608.0,675.0,,4.73828125,2.14,320,-1.7,-17.4,12.2,-8.0,-80.69,0.0,-0.56,,False,2.616,268,False,False,False,False,3.48046875,3.4,128,30.7,-0.6,-35.2,-0.3,-74.91,0.0,-0.45,,False,3.756,105,False,False,False,True,6.55078125,0.33,552,2.3,-0.5,-1.9,,-46.77,0.0,-0.11,,False,0.505,436,False,False,False,True,6.75,0.13,520,-0.2,-0.0,0.2,,0.75,0.0,0.15,577,False,-0.022,1151,False,False,False,False,
203450,유니온바이오메트릭스,8.671875,0.78,382.0,2710.0,,8.5390625,0.13,872,-2.1,-0.7,1.9,,-14.24,0.0,0.26,658,False,-0.174,1191,False,False,False,False,8.9296875,-0.26,1036,-1.0,0.0,0.9,,-18.37,0.0,-0.06,770,False,-0.25,997,False,False,False,False,8.6484375,0.02,855,0.0,-0.0,-0.1,,5.04,0.0,-0.01,,False,0.013,897,False,False,False,True,8.59375,0.08,642,0.2,-0.0,-0.1,,-0.18,0.0,0.04,,False,0.041,773,False,False,False,True,스파이크
203650,드림시큐리티,3.759765625,1.66,2100.0,2065.0,,2.5,1.26,466,22.8,-179.1,132.6,-81.5,30.94,6.35,-0.19,262,False,1.696,397,True,False,False,False,2.66015625,1.1,365,15.5,-169.9,150.5,-72.5,-41.75,6.35,0.3,72,False,1.023,375,True,False,False,False,2.880859375,0.88,276,7.8,7.4,-16.1,8.3,-31.4,0.0,0.05,,False,0.798,287,False,False,True,True,3.279296875,0.48,132,6.7,1.4,-7.9,1.4,-1.43,0.0,0.16,,False,0.313,177,False,False,True,True,
204020,그리티,2.509765625,0.44,370.0,1901.0,,2.849609375,-0.34,1234,-1.1,-0.4,-0.8,-0.0,-8.16,0.0,-0.14,,False,-0.206,1213,False,False,False,True,3.33984375,-0.83,1320,-3.4,0.0,2.6,,-13.2,0.0,-0.06,601,False,-0.782,1293,False,False,False,False,2.419921875,0.09,754,0.3,-0.0,-0.5,,-3.7,0.0,0.0,,False,0.089,791,False,False,False,True,2.439453125,0.07,665,0.7,-0.0,-0.5,,2.26,0.0,-0.12,,False,0.189,339,False,False,False,True,스파이크
204270,제이앤티씨,2.609375,3.58,8967.0,15500.0,,2.23046875,0.38,738,85.4,-46.7,-27.6,-146.4,-14.46,0.0,-0.06,642,False,0.451,774,False,False,False,True,3.099609375,-0.49,1161,-19.2,-91.0,122.5,-17.7,-19.02,0.0,-0.12,396,False,-0.373,1083,False,False,False,False,2.80078125,-0.19,1294,-19.3,-7.8,29.2,-5.1,-9.99,0.0,0.09,409,False,-0.236,1282,False,False,False,False,2.5703125,0.04,763,-6.4,0.5,5.3,0.8,-0.39,0.0,0.11,450,False,-0.078,1323,False,False,True,False,
204610,티쓰리,4.4609375,1.62,1652.0,2975.0,,5.98828125,-1.53,1572,-14.9,-5.8,-134.4,4.5,53.35,-5.4,-0.54,,False,-1.254,1556,True,False,False,True,4.078125,0.38,555,7.4,0.1,-86.4,2.1,3.66,0.94,-0.08,,False,0.462,519,False,False,True,True,4.55859375,-0.1,1188,0.7,5.8,-53.1,0.2,19.96,0.0,-0.13,,False,0.007,917,False,False,True,True,4.28125,0.18,416,3.3,-0.5,-8.5,-0.4,-1.0,0.0,-0.02,,False,0.198,321,False,False,False,True,
204620,글로벌텍스프리,11.9296875,2.35,3293.0,4685.0,,18.1875,-6.26,1773,-254.3,397.0,-249.7,137.2,13.44,0.0,0.36,,False,-6.578,1769,False,False,True,True,10.1328125,1.8,260,57.8,136.1,-204.9,-21.6,-11.77,0.0,-0.34,,False,2.106,219,False,False,True,True,9.390625,2.54,65,93.8,-0.1,-85.4,-35.5,-7.59,0.0,-0.2,,False,2.674,56,False,False,False,True,12.0703125,-0.14,1499,1.5,-8.2,9.5,-5.0,-8.85,0.0,-0.19,203,False,0.045,759,False,False,False,False,지속
204840,지엘팜텍,0.89990234375,3.17,631.0,814.0,,2.9609375,-2.06,1638,-14.5,-0.3,14.2,,-24.21,0.0,-0.27,321,False,-1.804,1641,False,False,False,False,2.0,-1.1,1417,-9.2,-0.0,9.3,,-24.63,0.0,0.09,412,False,-1.18,1440,False,False,False,False,0.8701171875,0.03,837,0.2,-0.0,-0.3,,-9.05,0.0,-0.02,,False,0.05,839,False,False,False,True,0.89990234375,0.0,908,0.2,-0.0,-0.2,,-0.37,0.0,-0.03,,False,0.028,830,False,False,False,True,스파이크
205100,엑셈,8.4375,0.93,1127.0,1594.0,,5.078125,3.36,189,36.6,-33.8,-88.4,0.6,-16.81,-1.09,0.09,,False,2.869,253,True,False,False,True,5.69140625,2.75,176,24.4,-76.0,-21.1,0.7,-18.63,-1.09,0.01,,False,2.355,193,True,False,False,True,6.96875,1.47,145,6.8,-30.8,-36.8,0.7,4.05,0.0,0.7,,False,0.681,332,False,False,False,True,8.8671875,-0.43,1705,-3.6,-0.0,-19.8,-0.0,-0.19,0.0,-0.12,,False,-0.314,1567,False,False,False,True,
205470,휴마시스,0.0,0.23,542.0,2195.0,,6.83984375,-6.84,1777,-7.7,-0.0,-31.6,,123.52,-80.93,-40.13,,False,0.749,654,True,True,False,True,6.94921875,-6.95,1798,-16.1,-3.1,-18.9,,174.03,-80.93,-34.9,,False,-0.287,1022,True,True,False,True,0.0,0.0,913,1.5,0.0,-1.5,,-20.9,0.0,-0.29,,False,0.315,552,False,False,False,True,0.0,0.0,908,-0.1,0.0,0.2,,-2.44,0.0,0.04,527,False,-0.022,1151,False,False,False,False,
205500,넥써쓰,0.740234375,3.29,1350.0,1659.0,,2.08984375,-1.35,1531,-6.3,-17.5,56.1,-3.2,-25.77,36.27,-0.26,123,False,-0.667,1417,True,False,False,False,2.330078125,-1.59,1543,-10.8,-8.1,19.1,-0.2,-2.07,26.94,-0.28,319,False,-1.003,1381,True,False,False,False,1.400390625,-0.66,1567,-12.1,-0.6,15.1,-0.2,-24.42,26.94,0.54,121,False,-1.108,1627,True,False,False,False,0.9599609375,-0.22,1597,-1.7,-0.0,3.5,,12.63,26.94,0.11,180,False,-0.155,1446,True,False,False,False,
206400,베노티앤알,0.0,0.45,324.0,863.0,,0.0,0.0,987,-8.4,0.1,-27.3,,-47.85,0.0,1.32,,False,-1.317,1571,False,True,True,True,0.0,0.0,771,0.1,0.1,-5.3,,-31.24,0.0,-0.07,,False,0.076,689,False,False,True,True,0.0,0.0,913,-1.1,0.0,-1.3,,-13.53,0.0,0.31,,False,-0.238,1286,False,False,False,True,0.0,0.0,908,0.3,-0.1,-0.3,,-12.74,0.0,-0.11,,False,0.112,527,False,False,False,True,
206560,덱스터,3.900390625,0.72,269.0,1059.0,,2.169921875,1.73,375,24.4,-27.1,3.1,-0.0,-73.82,0.0,-1.58,532,False,3.208,221,False,True,False,False,4.12109375,-0.22,1014,-3.2,-0.4,3.2,-0.0,-63.36,0.0,-0.01,711,False,-0.293,1026,False,False,False,False,3.919921875,-0.02,1086,-0.2,-0.3,0.5,,-28.83,0.0,0.03,507,False,-0.074,1107,False,False,False,False,3.9609375,-0.06,1348,-0.2,-0.0,0.2,,-2.58,0.0,0.01,440,False,-0.086,1342,False,False,False,False,
206640,바디텍메드,3.779296875,1.05,2473.0,11290.0,,2.41015625,1.37,441,41.7,-55.3,8.4,-3.1,-13.62,-6.72,-0.52,591,False,1.588,411,True,False,False,False,2.91015625,0.87,406,25.3,-27.6,0.5,-3.7,-5.68,0.0,-0.24,886,False,1.097,358,False,False,False,False,2.970703125,0.81,293,22.8,-10.1,-13.4,-3.2,4.93,0.0,-0.18,,False,0.987,231,False,False,False,True,3.5703125,0.21,368,6.1,-2.9,-3.2,0.0,3.01,0.0,-0.04,,False,0.247,255,False,False,False,True,지속
206650,유바이오로직스,6.76953125,1.67,2933.0,7980.0,,7.51953125,-0.75,1387,-16.0,42.0,-66.2,-16.1,-28.88,0.22,-0.58,,False,-0.162,1180,False,False,True,True,8.5625,-1.79,1585,-95.7,28.8,66.0,-7.7,-41.15,0.08,0.21,399,False,-2.005,1611,False,False,True,False,6.23046875,0.54,428,14.4,-3.8,-10.9,,-21.07,0.08,0.05,,False,0.495,443,False,False,False,True,6.48046875,0.29,270,5.9,-1.4,-4.7,,-0.37,0.0,0.09,,False,0.201,320,False,False,False,True,스파이크
207760,미스터블루,2.98046875,0.94,383.0,461.0,,1.48046875,1.5,410,8.1,-1.3,-6.9,0.0,-63.93,0.0,-0.47,,False,1.882,364,False,False,False,True,2.310546875,0.67,454,3.5,-1.1,-3.3,0.0,-56.39,0.0,-0.49,,False,1.109,353,False,False,False,True,2.830078125,0.15,701,1.1,0.0,-1.3,,-25.16,0.0,-0.18,,False,0.338,529,False,False,False,True,3.0390625,-0.06,1348,0.5,-0.0,-0.5,,3.13,0.0,-0.19,,False,0.127,482,False,False,False,True,지속
208140,정다운,1.490234375,0.56,737.0,2255.0,,1.5302734375,-0.04,1088,-3.5,0.5,-5.1,,-10.87,0.0,0.36,,False,-0.356,1284,False,False,True,True,1.6796875,-0.19,995,3.5,0.7,-4.5,,-11.91,0.0,-0.67,,False,0.474,514,False,False,True,True,1.6103515625,-0.12,1208,1.7,0.8,-2.7,,-1.74,0.0,-0.35,,False,0.232,624,False,False,True,True,1.5400390625,-0.05,1326,1.1,-0.3,-0.8,,-0.22,0.0,-0.2,,False,0.152,421,False,False,False,True,
208350,지란지교시큐리티,6.3515625,0.47,241.0,2970.0,,5.3203125,1.03,528,1.7,18.5,-20.6,-1.1,2.59,-4.71,-0.36,,False,0.783,639,True,False,True,True,6.671875,-0.32,1079,-0.8,8.8,-8.6,,-15.5,-4.71,-0.73,,False,-0.252,999,True,False,True,True,6.37890625,-0.03,1107,0.1,2.3,-1.9,,-1.49,0.0,-0.07,,False,0.027,874,False,False,True,True,6.109375,0.24,321,0.4,0.3,-0.5,,-1.82,0.0,0.1,,False,0.142,448,False,False,True,True,
208370,셀바스헬스케어,5.6484375,0.9,640.0,2485.0,,1.080078125,4.57,122,34.3,0.2,-35.3,0.1,-58.31,0.0,-0.32,,False,4.835,117,False,False,True,True,2.5390625,3.11,147,26.4,0.1,-26.8,0.1,-44.78,0.0,-0.53,,False,3.575,116,False,False,True,True,3.41015625,2.24,78,16.3,0.1,-16.7,0.1,-23.54,0.0,-0.1,,False,2.317,74,False,False,True,True,5.26953125,0.38,189,2.3,0.0,-2.3,,-4.05,0.0,0.03,,False,0.344,152,False,False,False,True,지속
208640,썸에이지,0.0,0.9,101.0,727.0,,3.029296875,-3.03,1710,-2.7,-0.1,1.6,,136.81,-90.0,-27.87,,False,-0.38,1299,True,True,False,False,2.119140625,-2.12,1646,-2.5,0.0,1.5,,308.43,-90.0,-18.13,872,False,-0.392,1096,True,True,False,False,0.7001953125,-0.7,1583,0.0,-0.1,0.1,,500.83,-90.0,-7.11,,False,0.011,904,True,True,False,False,0.0,0.0,908,0.4,0.0,-0.4,,3.56,0.0,-0.4,,False,0.411,119,False,False,False,True,지속
208710,포톤,3.890625,0.53,254.0,1925.0,,2.509765625,1.38,437,-0.0,-0.1,2.6,-0.0,-29.1,0.0,-0.68,,False,1.975,348,False,False,False,False,3.05078125,0.84,410,0.5,-0.0,0.1,-0.0,-44.28,0.0,-0.72,,False,1.452,291,False,False,False,False,6.6484375,-2.76,1786,-7.4,0.0,7.2,,-23.15,0.0,-0.43,49,False,-2.327,1722,False,False,False,False,3.900390625,-0.01,1155,0.3,0.0,-0.3,,5.02,0.0,-0.13,,False,0.114,522,False,False,False,True,
208860,다산디엠씨,0.9599609375,0.59,330.0,973.0,,0.89013671875,0.07,910,-0.9,-0.7,4.2,,-25.5,0.0,0.06,548,False,0.022,1054,False,False,False,False,1.1201171875,-0.16,971,-1.2,-0.0,1.8,,-27.98,0.0,0.09,723,False,-0.249,996,False,False,False,False,1.08984375,-0.13,1219,-0.4,-0.0,-1.1,,-0.21,0.0,-0.02,,False,-0.109,1145,False,False,False,True,1.0302734375,-0.07,1370,-0.2,-0.0,-0.6,,-0.92,0.0,0.0,,False,-0.072,1308,False,False,False,True,
209640,와이제이링크,4.66015625,1.21,900.0,3165.0,,0.75,3.91,157,22.2,-30.2,0.6,-16.0,-24.28,0.0,0.02,,False,3.867,172,False,False,False,False,1.650390625,3.01,154,22.0,6.6,-33.5,-13.7,-30.59,0.0,-0.1,,False,3.059,143,False,False,True,True,2.91015625,1.75,107,10.3,18.4,-26.3,-1.6,-36.19,0.0,0.58,,False,1.347,166,False,False,True,True,4.26953125,0.39,176,1.2,-0.1,-1.2,-0.0,-6.77,0.0,0.25,,False,0.139,455,False,False,False,True,
210120,캔버스엔,0.7001953125,2.25,225.0,930.0,,2.009765625,-1.31,1525,-5.5,-0.0,10.1,,-37.08,0.0,-1.49,200,False,-0.768,1445,False,True,False,False,0.0,0.7,446,3.8,-0.0,6.3,,-34.41,0.0,-1.23,205,False,1.205,334,False,True,False,False,0.7001953125,0.0,913,,,,,0.0,0.0,0.0,,False,,,False,False,False,False,0.7001953125,0.0,908,,,,,0.0,0.0,0.0,,False,,,False,False,False,False,
211050,인카금융서비스,1.830078125,2.29,4946.0,10040.0,,4.7890625,-2.96,1708,-176.5,252.7,-76.1,65.0,-16.89,0.0,0.03,,False,-2.993,1712,False,False,True,True,2.919921875,-1.09,1411,-56.3,43.7,4.3,17.2,-17.84,0.0,0.02,887,False,-1.105,1410,False,False,True,False,2.44921875,-0.62,1550,-29.9,58.3,-27.3,-10.4,-0.3,0.0,0.01,,False,-0.627,1505,False,False,True,True,1.919921875,-0.09,1427,6.0,-1.7,-4.2,-9.2,0.5,0.0,-0.21,,False,0.115,520,False,False,False,True,
211270,AP위성,1.990234375,1.08,1187.0,7870.0,,0.72998046875,1.26,466,-1.7,31.3,-25.6,-4.5,-47.5,0.0,0.2,,False,1.024,553,False,False,True,True,3.25,-1.26,1467,-20.6,-6.1,24.7,-5.2,-54.14,0.0,-0.55,457,False,-0.741,1274,False,False,False,False,1.23046875,0.76,317,13.2,-3.5,-10.3,,-34.03,0.0,-0.13,,False,0.855,262,False,False,False,True,2.099609375,-0.11,1463,-3.4,2.6,0.8,,-0.51,0.0,0.17,414,False,-0.276,1545,False,False,True,False,
212560,네오오토,5.28125,1.03,1616.0,11980.0,,4.12109375,1.16,491,-7.1,-12.4,65.1,-0.0,14.1,14.17,0.82,139,False,0.723,662,True,False,False,False,5.23046875,0.05,701,12.1,3.8,23.4,0.0,46.63,14.17,0.02,183,False,0.639,463,True,False,True,False,5.44921875,-0.17,1267,7.4,-0.1,33.5,-0.2,16.88,14.17,0.16,36,False,0.561,404,True,False,False,False,3.240234375,2.04,5,32.3,-0.9,7.6,,9.91,0.0,-0.21,112,False,2.251,6,False,False,False,False,
212710,아이에스티이,8.90625,4.64,985.0,10140.0,,0.9599609375,7.95,38,78.0,1.5,-61.7,5.6,22.02,3.24,0.13,,False,8.295,29,True,False,True,True,1.8798828125,7.03,25,72.6,-0.3,-52.1,4.3,23.96,0.96,-0.13,,False,7.314,19,False,False,False,True,10.0703125,-1.16,1675,-12.3,14.8,-1.2,14.0,0.7,0.96,0.42,,False,-1.202,1642,False,False,True,True,8.046875,0.86,50,6.6,7.2,-15.2,4.3,16.02,0.0,0.23,,False,0.659,52,False,False,True,True,
213420,덕산네오룩스,12.3828125,1.73,7884.0,31750.0,,10.5390625,1.84,361,272.9,1.2,-274.6,-92.4,-10.31,0.0,-0.58,,False,2.408,287,False,False,True,True,11.4921875,0.89,402,193.3,-683.2,476.8,-159.3,-42.69,0.0,-0.7,67,False,1.581,275,False,False,False,False,12.046875,0.34,545,29.1,-80.4,48.8,-22.6,-15.33,0.0,0.04,262,False,0.299,564,False,False,False,False,12.4296875,-0.05,1326,-20.3,25.5,-5.3,6.9,11.01,0.0,0.22,,False,-0.265,1538,False,False,True,True,
214150,클래시스,70.6875,5.2,28769.0,44100.0,,71.125,-0.44,1279,156.9,233.2,-382.0,-95.6,-24.49,-0.41,-0.99,,False,0.277,857,False,False,True,True,70.8125,-0.12,943,-164.8,-96.7,148.1,-120.9,-23.44,0.0,0.47,661,False,-0.601,1205,False,False,False,False,70.375,0.31,563,51.4,88.9,-161.0,-73.4,-1.12,0.0,0.14,,False,0.177,686,False,False,True,True,70.625,0.06,693,35.2,-50.9,16.1,-43.1,-11.98,0.0,-0.06,496,False,0.126,486,False,False,False,False,
214180,헥토이노베이션,14.96875,0.77,1761.0,13550.0,,13.7734375,1.2,480,13.6,-19.1,46.4,-9.8,-14.62,0.0,-0.13,522,False,1.324,467,False,False,False,False,14.03125,0.94,391,25.6,-23.1,-5.8,-7.0,-32.22,0.0,-0.31,,False,1.254,324,False,False,False,True,14.640625,0.33,552,6.3,-0.2,-8.9,0.7,-12.3,0.0,-0.03,,False,0.358,516,False,False,False,True,14.7265625,0.24,321,1.9,-0.1,-1.9,0.7,3.2,0.0,0.14,,False,0.103,555,False,False,False,True,지속
214260,라파스,0.0,2.69,808.0,9060.0,,0.0,0.0,987,11.2,-0.0,-12.0,,-31.0,0.0,-1.08,,False,1.173,501,False,True,False,True,0.0,0.0,771,-3.7,-0.0,2.5,,-11.7,0.0,0.36,755,False,-0.401,1102,False,False,False,False,0.0,0.0,913,-0.4,-0.0,0.6,,19.53,0.0,0.1,518,False,-0.091,1129,False,False,False,False,0.0,0.0,908,1.5,0.0,-1.3,,10.22,0.0,-0.17,,False,0.18,360,False,False,False,True,
214270,FSN,0.0,0.98,623.0,1377.0,,0.0,0.0,987,-18.6,-25.6,46.3,-17.3,-24.01,3.58,2.09,110,False,-2.269,1672,True,True,False,False,0.0,0.0,771,-10.5,-7.6,18.1,-7.0,-36.98,1.16,1.36,171,False,-1.432,1494,True,True,False,False,0.0,0.0,913,-1.8,-5.1,6.6,-4.4,0.95,0.0,0.23,153,False,-0.279,1310,False,False,False,False,0.0,0.0,908,0.2,0.0,-0.2,,2.15,0.0,-0.03,,False,0.028,830,False,False,False,True,
214370,케어젠,4.05859375,14.19,33142.0,61700.0,,3.80078125,0.26,798,408.8,681.3,-1082.0,-20.0,-13.71,0.0,-0.57,,False,0.853,610,False,False,True,True,3.849609375,0.21,624,131.6,-78.1,-65.7,12.5,-37.74,0.0,-0.14,,False,0.339,566,False,False,False,True,4.03125,0.03,837,45.1,54.1,-103.8,9.1,-17.51,0.0,-0.09,,False,0.133,738,False,False,True,True,3.900390625,0.16,457,44.7,-23.6,-16.6,-1.4,4.4,0.0,0.02,,False,0.132,472,False,False,False,True,지속
214430,아이쓰리시스템,3.880859375,3.05,4260.0,58300.0,,2.890625,0.99,541,58.7,-25.6,245.6,-79.3,-37.11,0.0,0.29,115,False,0.715,666,False,False,False,False,3.130859375,0.75,433,26.2,-107.7,282.5,-6.8,-39.52,0.0,0.46,55,False,0.279,588,False,False,False,False,4.2109375,-0.33,1396,-4.9,-15.8,23.0,0.8,-20.25,0.0,-0.21,289,False,-0.119,1157,False,False,False,False,3.560546875,0.32,241,27.8,-32.5,5.3,0.0,4.86,0.0,-0.32,348,False,0.643,57,False,False,False,False,
214450,파마리서치,6.4609375,5.65,34961.0,336500.0,,14.328125,-7.87,1783,-4018.4,2555.8,1351.1,101.9,-20.92,0.0,1.0,164,False,-8.889,1779,False,True,True,False,8.140625,-1.68,1566,-1143.9,2239.8,-1164.9,-254.0,8.55,0.0,1.34,,False,-3.015,1695,False,True,True,True,7.6796875,-1.22,1682,-740.3,1932.0,-1219.2,-330.3,14.07,0.0,0.78,,False,-1.974,1705,False,False,True,True,6.80078125,-0.34,1682,-126.3,171.8,-59.6,-36.5,8.9,0.0,0.05,,False,-0.383,1597,False,False,True,True,
214610,롤링스톤,0.0,1.2,192.0,2290.0,,0.0,0.0,987,1.5,,-1.2,,-36.39,0.0,-0.56,,False,0.604,711,False,False,False,True,0.0,0.0,771,,,,,0.0,0.0,0.0,,False,,,False,False,False,False,0.0,0.0,913,,,,,0.0,0.0,0.0,,False,,,False,False,False,False,0.0,0.0,908,,,,,0.0,0.0,0.0,,False,,,False,False,False,False,
214680,디알텍,1.66015625,1.13,816.0,977.0,,4.0703125,-2.41,1668,-21.8,-0.1,20.2,,-49.09,9.18,-0.11,308,False,-2.084,1660,True,False,False,False,2.76953125,-1.11,1422,-10.9,-0.1,8.9,,-44.17,0.0,-0.4,628,False,-0.736,1273,False,False,False,False,2.099609375,-0.44,1464,-1.9,-0.1,0.3,,-23.73,0.0,-0.32,,False,-0.134,1177,False,False,False,False,1.6904296875,-0.03,1262,0.7,0.0,-0.7,,5.39,0.0,-0.12,,False,0.09,596,False,False,False,True,
215000,골프존,19.484375,0.53,2447.0,39000.0,,19.390625,0.09,897,-8.2,-85.9,85.1,-36.2,-28.18,0.0,0.28,174,False,-0.243,1234,False,False,False,False,18.875,0.61,476,28.6,-134.9,93.1,-17.2,-23.53,0.0,-0.41,125,False,0.98,380,False,False,False,False,21.015625,-1.53,1714,-27.6,-2.5,25.8,2.8,-8.88,0.0,-0.42,161,False,-1.118,1629,False,False,False,False,19.765625,-0.28,1652,-1.4,0.1,0.8,,0.78,0.0,-0.22,544,False,-0.059,1278,False,False,True,False,
215090,솔디펜스,1.580078125,0.58,304.0,1314.0,,0.89013671875,0.69,629,-6.3,1.7,-5.8,-0.5,-57.68,0.0,0.35,,False,0.213,900,False,False,True,True,1.98046875,-0.4,1115,-10.7,-1.2,11.7,,-52.22,0.0,0.09,521,False,-0.572,1193,False,False,False,False,0.7099609375,0.87,279,3.1,-0.5,-2.7,,-27.8,0.0,-0.27,,False,1.078,213,False,False,False,True,1.16015625,0.42,162,0.5,-0.0,-0.4,,10.05,0.0,0.25,,False,0.168,377,False,False,False,True,
215100,로보로보,2.830078125,2.46,736.0,3615.0,,2.130859375,0.7,621,-46.4,-6.0,54.7,0.3,-56.76,0.0,0.57,687,False,0.163,934,False,False,False,False,4.96875,-2.14,1647,-53.2,-1.6,54.2,-0.7,-48.72,0.0,0.05,206,False,-2.215,1643,False,False,False,False,1.509765625,1.32,174,13.2,0.2,-13.3,0.2,-30.08,0.0,-0.26,,False,1.583,128,False,False,True,True,2.470703125,0.36,206,1.7,0.0,-1.7,,-2.03,0.0,0.14,,False,0.212,300,False,False,False,True,
215200,메가스터디교육,29.015625,0.79,3954.0,38150.0,,29.90625,-0.89,1430,-42.4,95.8,-38.7,8.3,-1.04,0.0,-0.04,,False,-0.845,1471,False,False,True,True,29.125,-0.11,938,0.8,-56.3,61.5,-27.6,-15.13,0.0,-0.14,322,False,0.025,751,False,False,False,False,29.484375,-0.47,1483,-3.4,-14.2,18.8,-25.5,-5.69,0.0,-0.38,310,False,-0.085,1122,False,False,False,False,29.234375,-0.22,1597,0.2,3.7,-3.9,-0.0,-0.13,0.0,-0.23,,False,0.007,943,False,False,True,True,
215360,우리산업,2.900390625,0.48,584.0,6400.0,,2.939453125,-0.04,1088,-2.2,-1.5,1.7,,-26.44,0.0,-0.15,,False,0.091,978,False,False,False,False,3.0390625,-0.14,959,-2.0,-0.1,0.8,,-30.21,0.0,-0.04,,False,-0.096,886,False,False,False,False,2.759765625,0.14,713,1.5,-0.0,-1.5,,-12.21,0.0,-0.15,,False,0.277,579,False,False,False,True,2.740234375,0.16,457,0.9,-0.0,-0.9,,1.75,0.0,0.01,,False,0.151,423,False,False,False,True,스파이크
215380,우정바이오,8.1875,1.67,393.0,2335.0,,9.8125,-1.62,1588,-17.1,0.0,13.7,-0.0,19.01,0.0,0.5,375,False,-2.102,1662,False,False,False,False,9.7421875,-1.55,1532,-9.8,-0.0,7.3,,-23.57,0.0,0.33,375,False,-1.85,1590,False,False,False,False,7.9296875,0.26,598,-0.8,-0.0,0.6,,-6.97,0.0,0.45,481,False,-0.211,1262,False,False,False,False,8.28125,-0.09,1427,-0.1,-0.0,0.1,,-6.41,0.0,-0.09,661,False,-0.007,1068,False,False,False,False,
215480,토박스코리아,14.6015625,0.58,181.0,2025.0,,14.796875,-0.2,1172,-0.1,1.5,-17.4,-0.0,-3.34,-2.51,-0.87,,False,-0.156,1174,True,False,True,True,14.8515625,-0.25,1032,-1.0,2.1,-4.8,,-10.99,-2.51,-0.36,,False,-0.601,1205,True,False,True,True,15.7265625,-1.12,1670,-2.0,2.1,-1.7,,-4.03,0.0,-0.13,,False,-1.091,1624,False,False,True,True,14.8515625,-0.25,1628,0.1,2.0,-2.2,,9.28,0.0,-0.29,,False,0.042,766,False,False,True,True,
215600,신라젠,3.80078125,2.6,2868.0,2070.0,,5.51171875,-1.71,1600,-89.2,-1.2,91.4,-0.7,-36.6,0.31,-0.53,409,False,-1.127,1537,False,False,False,False,4.578125,-0.78,1299,-44.6,0.2,46.3,,-47.86,0.31,0.07,502,False,-0.831,1312,False,False,True,False,3.55078125,0.25,609,5.7,-0.0,-6.2,,-19.61,0.0,0.03,,False,0.222,633,False,False,False,True,3.560546875,0.24,321,5.2,-0.0,-5.1,,-1.66,0.0,0.06,,False,0.186,345,False,False,False,True,스파이크
215790,이노인스트루먼트,9.296875,0.97,331.0,821.0,,15.546875,-6.25,1772,-79.6,0.1,77.0,,31.78,0.0,0.17,96,False,-6.628,1770,False,False,True,False,6.44921875,2.85,165,-13.8,-0.2,11.7,,-72.99,0.0,0.53,,False,2.178,209,False,False,False,False,5.51171875,3.79,33,10.6,-0.0,-10.8,,-48.49,0.0,0.55,,False,3.148,41,False,False,False,True,10.46875,-1.17,1784,-7.4,0.0,9.4,,-3.18,0.0,0.46,13,True,-1.578,1716,False,False,False,False,
216050,인크로스,5.1796875,0.45,586.0,4800.0,,3.8203125,1.36,444,-1.6,32.6,-27.6,33.2,-26.49,-5.02,1.32,,False,-0.192,1204,True,True,True,True,3.1796875,2.0,240,-5.9,7.8,-0.8,9.0,-28.89,-5.02,2.55,,False,-0.69,1256,True,True,True,True,2.720703125,2.46,68,0.9,1.3,-2.8,0.8,-13.82,0.0,2.3,,False,0.156,713,False,True,True,True,5.1796875,0.0,908,0.6,0.5,-1.0,,-1.23,0.0,-0.1,,False,0.1,563,False,False,True,True,스파이크
216080,제테마,3.140625,2.45,1659.0,4450.0,,1.7802734375,1.36,444,50.1,-54.3,33.5,-1.1,-38.54,3.55,0.42,385,False,1.128,521,True,False,False,False,5.21875,-2.08,1642,-58.0,-5.7,61.2,1.3,-39.54,0.21,0.0,227,False,-2.135,1630,False,False,False,False,3.599609375,-0.46,1476,-5.1,2.9,5.2,1.3,-7.58,0.0,-0.22,382,False,-0.278,1309,False,False,True,False,3.30078125,-0.16,1524,-2.6,0.0,2.4,,-2.73,0.0,-0.01,334,False,-0.153,1444,False,False,False,False,
217190,제너셈,4.26171875,1.35,677.0,5150.0,,4.96875,-0.71,1372,3.8,-0.0,-20.8,0.6,0.98,0.0,-2.22,,False,-0.167,1183,False,True,False,True,4.94921875,-0.69,1258,0.3,1.4,-17.7,1.3,-23.13,0.0,-1.68,,False,-0.607,1208,False,True,True,True,6.3515625,-2.09,1764,-6.4,0.1,2.1,,-16.26,0.0,-1.66,334,False,-0.993,1607,False,True,True,False,4.1484375,0.11,568,1.7,0.0,-1.8,,2.18,0.0,-0.13,,False,0.233,274,False,False,False,True,
217270,넵튠,2.189453125,0.32,1068.0,2285.0,,1.48046875,0.71,617,7.5,-2.4,-7.3,-0.4,-56.97,0.0,0.01,,False,0.684,680,False,False,False,True,2.310546875,-0.12,943,-4.0,-1.4,4.3,-0.4,-43.02,0.0,0.03,763,False,-0.166,940,False,False,False,False,2.0390625,0.15,701,1.2,-1.2,-0.2,-0.4,-18.97,0.0,0.02,,False,0.126,745,False,False,False,True,2.099609375,0.09,613,1.1,0.0,-1.2,,5.3,0.0,-0.02,,False,0.111,530,False,False,False,True,
217330,싸이토젠,2.2890625,1.98,705.0,3050.0,,2.119140625,0.17,845,-11.3,-0.2,21.4,1.1,-61.0,0.0,0.42,432,False,-0.377,1297,False,False,False,False,5.921875,-3.63,1752,-53.9,-0.4,58.0,-0.2,-26.15,0.0,0.31,73,False,-3.985,1734,False,False,False,False,1.9501953125,0.34,545,2.3,0.1,-2.6,,-26.51,0.0,-0.04,,False,0.349,521,False,False,True,True,2.130859375,0.16,457,1.0,-0.1,-0.9,,4.1,0.0,0.02,,False,0.143,446,False,False,False,True,
217480,에스디생명공학,1.669921875,1.86,548.0,499.0,,1.669921875,0.0,987,,,,,0.0,0.0,0.0,,False,,,False,False,False,False,1.669921875,0.0,771,,,,,0.0,0.0,0.0,,False,,,False,False,False,False,1.669921875,0.0,913,,,,,0.0,0.0,0.0,,False,,,False,False,False,False,1.669921875,0.0,908,,,,,0.0,0.0,0.0,,False,,,False,False,False,False,
217500,러셀,3.5,0.74,439.0,1381.0,,0.7099609375,2.79,238,10.1,10.7,18.6,0.2,-55.02,0.0,0.22,327,False,2.601,270,False,False,True,False,4.80078125,-1.3,1477,-18.6,-21.5,39.2,0.1,-50.68,0.0,-0.36,69,False,-0.883,1336,False,False,False,False,3.029296875,0.47,473,3.0,-4.7,1.4,0.1,-25.23,0.0,-0.04,436,False,0.544,411,False,False,False,False,3.6796875,-0.18,1552,-0.4,-0.0,0.4,,2.68,0.0,-0.08,386,False,-0.096,1365,False,False,False,False,
217730,강스템바이오텍,3.6796875,3.1,2130.0,2265.0,,4.33984375,-0.66,1358,-60.4,-2.5,55.9,-0.1,5.59,0.0,0.7,396,False,-1.364,1580,False,False,False,False,5.37890625,-1.7,1570,-75.8,0.6,73.9,-0.1,-45.88,0.0,0.48,219,False,-2.182,1639,False,False,True,False,3.359375,0.32,557,-25.7,0.2,24.8,,-16.57,0.0,1.2,189,False,-0.908,1590,False,True,True,False,3.619140625,0.06,693,-17.4,0.1,17.2,,-4.23,0.0,0.76,73,False,-0.707,1674,False,False,True,False,
217820,원익피앤이,3.099609375,0.8,872.0,1838.0,,4.16015625,-1.06,1471,-11.6,-0.6,9.9,-0.1,-53.11,0.0,0.16,392,False,-1.363,1578,False,False,False,False,4.9609375,-1.86,1601,-31.1,-0.2,31.2,,-44.8,0.0,0.44,201,False,-2.323,1655,False,False,False,False,3.150390625,-0.05,1133,-1.8,0.1,1.6,,-18.31,0.0,0.12,478,False,-0.182,1231,False,False,True,False,3.109375,-0.01,1155,-0.5,0.2,0.3,,3.49,0.0,0.04,540,False,-0.054,1268,False,False,True,False,
218150,미래생명자원,2.060546875,0.98,414.0,2030.0,,1.8701171875,0.19,833,-3.3,0.0,2.5,-0.0,-30.6,0.0,-0.2,,False,0.241,879,False,False,False,False,4.328125,-2.27,1658,-15.3,0.0,14.7,,-36.36,0.0,-0.11,221,False,-2.238,1646,False,False,False,False,2.7890625,-0.73,1594,-6.2,0.0,5.6,,3.05,0.0,0.23,179,False,-1.026,1615,False,False,False,False,3.720703125,-1.66,1799,-9.0,0.0,8.7,,12.72,0.0,0.18,17,True,-1.852,1723,False,False,False,False,
218410,RFHIC,30.296875,3.46,12281.0,46250.0,,19.15625,11.14,21,1619.0,-200.9,-1326.4,-297.6,26.37,0.19,0.58,,False,10.955,15,False,False,False,True,21.5,8.8,20,1586.1,-626.8,-921.1,-151.2,-50.48,0.0,0.36,,False,8.445,14,False,False,False,True,25.921875,4.38,21,626.7,-357.8,-256.5,-15.5,-44.14,0.0,0.01,,False,4.364,22,False,False,False,True,28.53125,1.77,9,230.5,-242.0,10.0,13.4,-5.61,0.0,0.04,485,False,1.727,10,False,False,False,False,지속
219130,타이거일렉,3.560546875,8.5,4950.0,78400.0,,6.3515625,-2.79,1699,-143.3,162.2,139.2,33.5,205.06,0.0,-0.11,221,False,-2.723,1701,False,False,True,False,6.328125,-2.77,1713,-135.4,154.6,196.4,35.1,113.04,0.0,-0.14,38,False,-2.674,1679,False,False,True,False,6.0,-2.44,1774,-124.9,107.1,68.3,31.1,17.01,0.0,0.32,73,False,-2.776,1731,False,False,True,False,4.05078125,-0.49,1720,-11.0,43.2,-45.4,14.9,15.98,0.0,-0.25,,False,-0.235,1522,False,False,True,True,
219420,링크제니시스,5.08984375,0.84,393.0,3430.0,,6.58984375,-1.5,1568,-6.8,0.4,-3.3,0.4,-38.42,0.0,-0.66,,False,-0.828,1465,False,False,True,True,4.37109375,0.72,440,3.2,0.3,-7.6,0.3,-31.67,0.0,0.07,,False,0.677,449,False,False,True,True,4.3515625,0.74,327,2.3,-0.2,-2.2,-0.2,-24.86,0.0,0.13,,False,0.618,369,False,False,False,True,4.890625,0.2,382,0.5,-0.0,-0.5,,2.08,0.0,0.07,,False,0.129,477,False,False,False,True,
219550,디와이디,5.828125,3.24,456.0,1180.0,,5.37109375,0.46,706,10.9,0.0,14.1,,-7.81,23.65,-1.29,289,False,2.061,326,True,True,False,False,4.71875,1.11,362,9.2,-0.0,-6.8,,-38.06,0.83,-0.94,,False,1.381,299,False,False,False,True,6.2109375,-0.38,1435,-0.6,0.0,0.1,,-11.54,0.0,-0.37,647,False,-0.145,1185,False,False,False,False,5.921875,-0.09,1427,-0.1,-0.0,-0.1,,17.65,0.0,-0.12,,False,-0.028,1184,False,False,False,True,
219750,한국비티비,0.0,1.03,251.0,1915.0,,0.409912109375,-0.41,1267,-0.5,-0.2,2.0,,133.54,-80.0,-2.29,634,False,0.047,1012,True,True,False,False,0.330078125,-0.33,1088,-0.2,0.0,1.1,,113.73,-80.0,-1.62,776,False,-0.004,814,True,True,False,False,0.3701171875,-0.37,1428,0.0,0.0,0.0,,235.38,-80.0,-1.85,,False,0.002,938,True,True,False,False,0.040008544921875,-0.04,1301,-0.0,0.0,0.0,,-4.2,0.0,-0.03,655,False,-0.002,1027,False,False,False,False,
220100,퓨쳐켐,7.3984375,3.52,1857.0,8280.0,,8.3515625,-0.95,1444,-103.6,-68.1,194.0,-40.3,-66.48,0.0,-0.84,185,False,-0.204,1210,False,False,False,False,5.6796875,1.72,272,8.3,-72.9,74.1,-31.4,-57.03,0.0,0.02,365,False,1.635,269,False,False,False,False,6.62890625,0.77,313,9.2,0.8,-6.1,0.0,-28.56,0.0,0.36,,False,0.433,478,False,False,True,True,7.53125,-0.13,1489,-3.2,-0.0,1.8,,-4.5,0.0,0.02,410,False,-0.156,1450,False,False,False,False,
220180,핸디소프트,1.1298828125,0.44,340.0,1422.0,,1.2998046875,-0.17,1162,-0.3,-0.3,-0.8,,-24.6,0.0,0.2,,False,-0.042,1109,False,False,False,True,1.150390625,-0.02,874,-0.0,-0.0,-1.2,,-28.69,0.0,0.33,,False,-0.023,829,False,False,False,True,1.259765625,-0.13,1219,-0.4,-0.0,0.4,,-12.28,0.0,-0.0,514,False,-0.121,1163,False,False,False,False,1.16015625,-0.03,1262,-0.1,-0.0,0.1,,3.42,0.0,0.01,536,False,-0.038,1214,False,False,False,False,
220260,켐트로스,2.5390625,1.62,1073.0,3345.0,,0.6298828125,1.91,347,29.5,1.2,-32.2,0.2,-51.66,20.76,-0.16,,False,2.605,269,True,False,True,True,3.16015625,-0.62,1224,-8.2,0.6,8.7,0.2,-43.31,0.0,-0.42,803,False,-0.158,933,False,False,True,False,1.990234375,0.55,421,5.8,0.6,-6.3,0.2,-28.91,0.0,0.05,,False,0.484,449,False,False,True,True,2.400390625,0.14,498,-1.6,0.0,1.5,,2.76,0.0,0.29,326,False,-0.158,1452,False,False,False,False,
221800,지구홀딩스,3.80078125,1.54,785.0,4810.0,,0.469970703125,3.33,192,23.4,37.8,79.3,43.6,-13.8,20.49,0.09,178,False,3.962,163,True,False,True,False,0.340087890625,3.46,120,30.7,-7.6,-24.4,-6.9,-71.64,2.43,0.49,,False,3.013,149,True,False,False,True,2.599609375,1.2,196,11.9,-0.0,-15.9,,-44.13,0.0,0.04,,False,1.175,196,False,False,False,True,3.689453125,0.11,568,0.7,-0.0,-0.6,,-6.6,0.0,0.04,,False,0.076,646,False,False,False,True,지속
221840,하이즈항공,1.2001953125,0.86,358.0,1913.0,,1.259765625,-0.06,1101,0.6,-0.2,-0.5,1.3,-11.44,0.0,-0.21,,False,0.165,933,False,False,False,True,1.8896484375,-0.69,1258,-4.1,1.8,2.2,1.2,-33.69,0.0,0.22,645,False,-0.857,1326,False,False,True,False,1.330078125,-0.13,1219,0.0,0.0,-0.0,,-10.61,0.0,-0.14,,False,0.006,923,False,False,False,False,1.2099609375,-0.01,1155,-0.0,0.0,0.0,,2.24,0.0,-0.0,669,False,-0.01,1086,False,False,False,False,
221980,케이디켐,1.2998046875,0.35,383.0,9490.0,,0.68017578125,0.62,653,2.3,-0.3,-2.1,,-7.86,0.0,0.04,,False,0.564,719,False,False,False,True,0.759765625,0.54,505,2.0,0.0,-2.1,,-8.75,0.0,0.04,,False,0.493,507,False,False,False,True,1.23046875,0.07,777,0.2,0.0,-0.2,,-4.24,0.0,0.01,,False,0.059,828,False,False,False,True,1.2998046875,0.0,908,0.0,0.0,-0.0,,-2.87,0.0,-0.01,,False,0.007,943,False,False,False,False,지속
222040,코스맥스엔비티,5.0390625,3.64,1615.0,7830.0,,1.419921875,3.62,172,54.0,0.5,-60.0,-15.5,143.93,0.0,-0.18,,False,3.735,180,False,False,True,True,1.7900390625,3.25,136,49.7,-0.2,-54.6,-16.9,72.47,0.0,0.03,,False,3.124,137,False,False,False,True,6.55859375,-1.52,1712,-28.0,17.8,15.2,5.1,18.64,0.0,0.41,151,False,-1.898,1701,False,False,True,False,5.25,-0.21,1588,-8.7,9.4,0.2,-0.4,-1.26,0.0,0.34,,False,-0.52,1636,False,False,True,False,
222080,SFA넥셀,11.328125,1.11,5647.0,7260.0,,8.8125,2.52,262,102.0,136.7,-201.9,-0.5,8.52,0.53,0.25,,False,2.349,293,False,False,True,True,8.7890625,2.54,190,196.2,-67.6,-114.7,-1.9,-42.01,0.0,-0.56,,False,3.093,140,False,False,False,True,10.1328125,1.2,196,110.8,49.3,-157.7,-1.5,-33.03,0.0,-0.45,,False,1.664,116,False,False,True,True,11.203125,0.12,543,11.3,1.3,-12.3,,-3.07,0.0,-0.07,,False,0.198,321,False,False,True,True,지속
222110,팬젠,7.12109375,2.06,617.0,4565.0,,7.41015625,-0.29,1213,-2.7,1.0,19.6,1.0,-13.38,0.15,0.77,342,False,-0.468,1335,False,False,True,False,7.3515625,-0.23,1016,-10.2,-0.0,-5.5,0.0,-37.81,0.15,0.64,,False,-1.209,1445,False,False,False,True,7.28125,-0.16,1247,-1.3,0.0,-0.0,,-2.35,0.0,-0.08,,False,-0.203,1253,False,False,False,False,7.12890625,-0.01,1155,0.1,0.0,-0.1,,-0.33,0.0,-0.02,,False,0.011,922,False,False,False,True,스파이크
222420,쎄노텍,4.80078125,1.09,430.0,889.0,,2.740234375,2.06,328,1.8,-41.2,45.2,-41.2,6.59,6.51,0.16,135,False,2.16,318,True,False,False,False,5.37109375,-0.57,1198,-12.6,0.0,13.1,,-37.04,0.07,0.08,566,False,-0.647,1232,False,False,False,False,2.689453125,2.11,85,9.2,0.0,-9.3,,-29.44,0.0,0.04,,False,2.055,90,False,False,False,True,4.6484375,0.15,475,0.7,-0.0,-0.7,,2.66,0.0,-0.02,,False,0.175,365,False,False,False,True,
222800,심텍,10.6015625,6.97,40236.0,107400.0,,12.0625,-1.46,1558,-1238.5,6069.9,-4959.0,339.5,106.54,0.33,-0.32,,False,-1.134,1539,False,False,True,True,15.4765625,-4.88,1784,-1726.9,4337.8,-2729.5,231.8,41.13,0.33,-1.39,,False,-3.457,1717,False,True,True,True,14.65625,-4.05,1804,-1615.4,2387.0,-852.4,-83.6,-15.17,0.0,-0.53,,False,-3.517,1742,False,False,True,True,10.7734375,-0.17,1542,-257.9,60.2,189.5,-50.7,-8.91,0.0,0.38,113,False,-0.554,1646,False,False,True,False,
222980,한국맥널티,2.080078125,0.7,240.0,2175.0,,2.119140625,-0.04,1088,-0.8,-0.1,-1.1,,-28.45,0.0,-0.72,,False,-0.22,1223,False,False,False,True,2.119140625,-0.04,893,0.0,-0.1,-2.1,,-20.91,0.0,-0.97,,False,0.026,749,False,False,False,True,2.220703125,-0.14,1232,-0.3,-0.1,-1.5,,13.58,0.0,-0.83,,False,-0.12,1158,False,False,False,True,2.0390625,0.04,763,0.1,-0.0,-0.3,,4.57,0.0,-0.07,,False,0.057,713,False,False,False,True,
223250,드림씨아이에스,50.3125,0.94,745.0,3030.0,,50.375,-0.06,1101,15.8,0.3,-18.9,1.5,-50.16,3.37,-0.33,,False,1.754,386,True,False,True,True,50.0625,0.25,604,0.0,0.6,-1.3,1.5,-39.34,0.0,-0.46,,False,0.481,512,False,False,True,True,50.40625,-0.09,1179,0.0,0.1,-1.8,0.1,-22.9,0.0,-0.35,,False,0.056,835,False,False,True,True,50.375,-0.06,1348,0.3,0.0,-0.3,,-1.3,0.0,-0.1,,False,0.038,787,False,False,False,True,
223310,사토시홀딩스,0.0,1.21,205.0,3945.0,,0.0,0.0,987,3.2,-0.9,-4.0,,83.92,-80.0,-8.3,,False,1.635,404,True,True,False,True,0.0,0.0,771,-2.0,-2.9,3.7,,73.41,-80.0,0.32,875,False,-0.063,857,True,False,False,False,0.0,0.0,913,-0.8,0.0,0.2,,-18.83,0.0,0.32,607,False,-0.326,1348,False,False,False,False,0.0,0.0,908,0.1,0.0,-0.1,,-16.42,0.0,-0.03,,False,0.036,795,False,False,False,True,
224060,더코디,0.0,0.2,239.0,4640.0,,0.0,0.0,987,-4.1,0.0,5.7,,50.89,0.0,0.54,412,False,-0.656,1413,False,False,False,False,0.0,0.0,771,-0.2,-0.0,1.5,,-14.07,0.0,0.09,560,False,-0.282,1018,False,False,False,False,0.0,0.0,913,-1.3,-0.0,1.1,,-1.07,0.0,0.32,395,False,-0.39,1394,False,False,False,False,0.0,0.0,908,0.8,0.0,-0.8,,5.94,0.0,-0.36,,False,0.363,145,False,False,False,True,
224110,에이텍모빌리티,3.259765625,0.57,400.0,7870.0,,3.69921875,-0.44,1279,-1.6,5.7,-32.5,-0.1,-19.61,-4.86,-0.11,,False,-0.456,1334,True,False,True,True,5.48828125,-2.23,1654,-11.1,5.9,-23.2,0.1,-15.56,-4.86,0.0,,False,-2.391,1660,True,False,True,True,2.9609375,0.3,571,1.4,5.7,-14.4,0.1,-1.38,0.0,-0.06,,False,0.353,518,False,False,True,True,2.94921875,0.31,249,1.0,2.1,-3.1,,0.9,0.0,0.05,,False,0.262,242,False,False,True,True,스파이크
225190,LK삼양,3.48046875,1.35,447.0,635.0,,0.64013671875,2.84,232,-9.5,-0.3,9.2,-0.1,-54.12,0.0,-0.03,,False,2.871,252,False,False,False,False,1.0595703125,2.42,195,16.2,0.0,-14.4,,-68.64,0.0,-0.29,,False,2.713,172,False,False,False,True,1.169921875,2.31,74,16.8,0.0,-16.8,,-52.4,0.0,-0.19,,False,2.497,63,False,False,False,True,3.150390625,0.33,233,1.5,-0.0,-1.4,,-10.31,0.0,0.05,,False,0.284,219,False,False,False,True,
225220,제놀루션,1.900390625,0.36,260.0,1357.0,,1.7001953125,0.2,829,0.1,0.1,-0.9,,-28.88,0.0,-0.56,,False,0.548,730,False,False,True,True,2.19921875,-0.3,1066,-2.9,0.0,2.0,,-30.41,0.0,-0.19,878,False,-0.365,1080,False,False,False,False,1.009765625,0.89,270,1.7,-0.0,-2.3,,-5.89,0.0,-0.28,,False,0.912,250,False,False,False,True,1.919921875,-0.02,1215,0.0,-0.0,-0.0,,-0.22,0.0,-0.03,,False,0.006,950,False,False,False,False,
225430,케이엠제약,2.390625,0.3,86.0,1538.0,,2.859375,-0.47,1288,-3.6,0.0,3.7,,194.07,-80.0,-13.17,,False,-0.092,1134,True,True,False,False,1.9501953125,0.44,534,-0.8,-0.5,1.5,,197.49,-80.0,-7.77,882,False,0.063,700,True,True,False,False,2.01953125,0.37,527,-0.2,-0.0,-0.1,,-23.29,0.0,-0.13,,False,0.338,529,False,False,False,True,1.8896484375,0.5,126,0.1,-0.0,-0.2,,15.47,0.0,0.37,,False,0.157,403,False,False,False,True,스파이크
225530,HC보광산업,0.58984375,0.79,730.0,2010.0,,0.72998046875,-0.14,1146,-4.8,1.2,-0.7,0.4,-27.44,0.0,0.14,,False,-0.269,1247,False,False,True,True,0.9501953125,-0.36,1099,-5.2,1.2,3.5,0.4,-49.11,0.0,0.04,806,False,-0.407,1109,False,False,True,False,0.64013671875,-0.05,1133,-2.6,1.1,0.7,0.4,-8.22,0.0,0.13,,False,-0.177,1224,False,False,True,False,0.429931640625,0.16,457,-0.4,0.4,-0.1,-0.0,-10.07,0.0,0.21,,False,-0.045,1241,False,False,True,True,
225570,넥슨게임즈,2.890625,2.07,5519.0,8380.0,,3.509765625,-0.62,1343,-36.9,21.0,12.6,0.9,-33.12,0.0,-0.17,570,False,-0.476,1339,False,False,True,False,3.0703125,-0.18,989,-13.1,-51.6,58.8,1.1,-29.99,0.0,0.0,492,False,-0.188,953,False,False,False,False,2.869140625,0.02,855,-5.8,-13.5,18.8,0.8,-14.05,0.0,0.11,394,False,-0.086,1123,False,False,False,False,3.119140625,-0.23,1610,-7.2,0.0,7.3,0.1,-4.45,0.0,-0.1,342,False,-0.131,1418,False,False,False,False,
225590,패션플랫폼,2.0703125,0.22,173.0,3375.0,,1.2802734375,0.79,596,1.3,0.1,-3.9,,304.68,-80.77,-5.01,,False,0.119,961,True,True,True,True,1.1103515625,0.96,389,1.4,0.1,-2.0,,257.9,-80.0,-4.19,,False,0.14,657,True,True,True,True,1.3095703125,0.76,317,0.9,0.0,-1.4,,-14.88,0.0,0.16,,False,0.531,417,False,False,False,True,1.76953125,0.3,259,0.2,0.0,-0.3,,5.47,0.0,0.15,,False,0.149,426,False,False,False,True,지속
226330,신테카바이오,0.8798828125,1.21,386.0,1590.0,,0.0,0.88,568,10.8,-3.8,-10.5,-3.2,-58.97,0.0,-0.49,,False,1.151,506,False,False,False,True,1.6796875,-0.8,1307,-10.8,-8.7,18.5,-8.7,-53.17,0.0,0.42,136,False,-1.405,1487,False,False,False,False,1.419921875,-0.54,1522,-4.4,-8.6,13.1,-8.6,-16.27,0.0,0.18,37,False,-0.741,1549,False,False,False,False,1.83984375,-0.96,1774,-5.8,-8.5,14.3,-8.5,10.42,0.0,0.17,5,True,-1.155,1702,False,False,False,False,
226340,본느,0.580078125,0.41,141.0,1679.0,,2.990234375,-2.41,1668,-5.9,10.2,-4.8,0.0,170.37,-80.0,-4.53,684,False,-2.165,1666,True,True,True,True,1.3203125,-0.74,1277,-1.4,10.2,-6.9,-0.0,154.01,-80.0,-4.36,,False,-0.473,1147,True,True,True,True,0.0,0.58,398,1.3,2.9,-4.4,,-29.45,0.0,-0.33,,False,0.799,286,False,False,True,True,0.409912109375,0.17,434,0.2,-0.0,-0.2,,-1.18,0.0,0.02,,False,0.154,415,False,False,False,True,
226400,오스테오닉,7.109375,1.32,918.0,4445.0,,6.94921875,0.16,853,11.4,1.7,-14.7,6.9,-28.99,0.0,-0.57,,False,0.687,679,False,False,True,True,7.2890625,-0.18,989,3.5,8.5,-15.3,8.7,-35.11,0.0,-0.55,,False,0.213,619,False,False,True,True,7.6484375,-0.54,1522,-6.0,-2.1,7.4,0.9,-1.22,0.0,0.08,201,False,-0.677,1526,False,False,False,False,7.1484375,-0.04,1301,-1.0,0.6,0.5,0.4,4.1,0.0,0.07,515,False,-0.109,1380,False,False,True,False,
226590,엠디바이스,2.419921875,2.6,1242.0,11590.0,,6.66015625,-4.24,1744,-107.5,-33.8,98.4,11.1,-26.41,0.81,0.1,176,False,-4.466,1748,False,False,False,False,2.009765625,0.41,544,-10.1,-65.1,94.9,-48.3,-59.76,0.81,0.32,131,False,0.126,667,False,False,False,False,2.830078125,-0.41,1449,-3.8,-0.6,6.7,,-30.18,0.0,-0.08,305,False,-0.297,1330,False,False,False,False,2.400390625,0.02,827,0.1,-0.1,-0.2,,-1.36,0.0,0.03,,False,-0.003,1038,False,False,False,True,
226950,올릭스,7.03125,20.27,28676.0,136600.0,,7.9609375,-0.93,1439,388.4,3450.6,-3830.3,300.7,0.22,3.98,-1.88,,False,1.302,472,True,True,True,True,8.7578125,-1.73,1573,-198.5,1097.7,-918.0,347.8,-25.23,3.41,-1.03,,False,-0.467,1142,True,True,True,True,9.296875,-2.27,1771,-748.7,1409.3,-721.4,401.7,5.65,3.3,0.41,,False,-2.491,1724,True,False,True,True,7.1796875,-0.15,1513,-47.8,42.5,-41.5,84.4,12.52,3.3,0.27,,False,-0.196,1497,True,False,True,True,
227610,아우딘퓨쳐스,0.0,1.16,259.0,1339.0,,0.01000213623046875,-0.01,1063,-0.3,-0.5,1.3,,71.89,-46.36,-0.2,702,False,0.045,1013,True,False,False,False,0.0,0.0,771,-0.5,-1.1,1.8,,81.19,-49.08,0.01,699,False,-0.06,855,True,False,False,False,0.0,0.0,913,0.5,-0.3,-0.3,,30.63,1.84,-0.35,,False,0.284,578,True,False,False,True,0.0,0.0,908,0.3,-0.3,-0.0,,27.77,0.0,-0.13,672,False,0.136,462,False,False,False,False,
227950,엔투텍,0.77001953125,0.31,396.0,1149.0,,2.619140625,-1.85,1613,-14.3,0.2,10.3,,246.08,-80.0,-9.91,608,False,-1.016,1514,True,True,True,False,1.349609375,-0.58,1204,-1.8,0.5,-1.2,,95.41,-80.0,-6.9,,False,-0.071,864,True,True,True,True,1.0400390625,-0.27,1364,-1.0,0.0,1.0,,-5.82,0.0,-0.04,434,False,-0.21,1261,False,False,False,False,0.580078125,0.19,402,0.7,0.0,-0.8,,-13.02,0.0,0.01,,False,0.176,364,False,False,False,True,스파이크
228340,동양파일,1.5498046875,0.5,573.0,2865.0,,1.3203125,0.23,813,-0.1,-10.7,9.9,-11.6,51.67,0.0,-0.11,253,False,0.038,1023,False,False,False,False,1.8798828125,-0.33,1088,-2.8,-1.0,1.9,-2.4,37.08,0.0,-0.02,540,False,-0.609,1212,False,False,False,False,1.4599609375,0.09,754,0.4,-0.2,-1.6,-1.7,57.85,0.0,-0.34,,False,0.151,720,False,False,False,True,1.75,-0.2,1575,0.7,0.1,-1.4,,-24.01,0.0,-0.42,,False,0.131,476,False,False,True,True,스파이크
228670,레이,3.759765625,0.99,755.0,4830.0,,5.94921875,-2.19,1652,-12.4,5.1,-44.5,1.7,-1.93,0.24,-0.61,,False,-1.651,1619,False,False,True,True,5.55859375,-1.8,1590,-13.1,3.8,5.5,3.9,-54.69,0.24,-0.48,434,False,-1.495,1505,False,False,True,False,4.578125,-0.82,1623,-4.8,-0.2,1.7,0.1,-1.33,0.0,-0.25,486,False,-0.583,1486,False,False,False,False,3.689453125,0.07,665,0.3,-0.0,-2.4,-0.0,6.86,0.0,0.02,,False,0.042,766,False,False,False,True,
228760,지노믹트리,3.220703125,2.47,2936.0,11810.0,,0.1300048828125,3.09,212,159.7,-45.1,-117.1,1.2,-55.01,1.96,-0.5,,False,3.693,184,True,False,False,True,2.619140625,0.6,480,33.3,-6.7,-24.6,-0.6,-33.39,0.0,-0.44,,False,1.044,369,False,False,False,True,3.380859375,-0.16,1247,-5.6,0.6,-0.4,-0.2,-8.38,0.0,-0.0,,False,-0.157,1198,False,False,True,True,3.5703125,-0.35,1687,-9.8,-0.0,5.4,-0.1,11.31,0.0,-0.04,304,False,-0.316,1569,False,False,False,False,
228850,레이언스,2.94921875,0.39,984.0,5930.0,,2.560546875,0.39,731,4.6,2.5,-7.5,3.6,19.44,0.0,-0.07,,False,0.406,791,False,False,True,True,2.380859375,0.57,490,7.4,5.0,-12.2,3.6,-4.51,0.0,-0.16,,False,0.683,446,False,False,True,True,3.05078125,-0.1,1188,-1.2,2.9,-1.5,1.3,-12.79,0.0,0.02,,False,-0.106,1143,False,False,True,True,2.990234375,-0.04,1301,-0.3,0.7,-0.4,,0.0,0.0,-0.01,,False,-0.033,1194,False,False,True,True,
229000,젠큐릭스,1.330078125,1.64,361.0,1541.0,,1.7998046875,-0.47,1288,-25.8,-5.5,130.3,-0.0,-23.33,45.36,1.31,13,True,-1.865,1645,True,True,False,False,3.69921875,-2.37,1670,-25.4,-0.0,27.5,,-40.04,0.0,0.28,164,False,-2.619,1677,False,False,False,False,1.400390625,-0.07,1151,0.9,0.0,-0.9,,-33.0,0.0,-0.28,,False,0.207,652,False,False,False,True,1.3095703125,0.02,827,-0.2,-0.0,0.3,,-2.96,0.0,0.05,486,False,-0.036,1198,False,False,False,False,스파이크
230240,에치에프알,12.90625,1.53,2239.0,16820.0,,6.55078125,6.36,62,130.3,-112.1,-4.1,-9.2,33.6,0.0,0.85,672,False,5.517,88,False,False,False,True,6.4296875,6.48,30,140.9,-149.9,4.2,-75.4,-44.76,0.0,0.96,,False,5.395,48,False,False,False,False,8.5234375,4.38,21,107.9,-68.7,-40.9,-20.9,-34.93,0.0,0.31,,False,4.036,27,False,False,False,True,12.34375,0.56,99,-3.7,-19.9,22.8,0.3,7.96,0.0,0.65,45,False,-0.095,1363,False,False,False,False,
232140,와이씨,8.171875,2.22,8188.0,9980.0,,1.8603515625,6.31,63,1090.1,23.7,-1084.2,-278.9,-34.56,0.0,-0.58,,False,7.03,48,False,False,True,True,4.73828125,3.43,123,546.7,-522.2,-26.0,-191.7,-50.08,0.0,-0.24,714,False,3.685,109,False,False,False,True,7.6484375,0.52,441,32.5,-60.2,28.3,-55.3,-34.98,0.0,0.32,392,False,0.217,640,False,False,False,False,8.140625,0.03,799,-1.1,-17.1,17.9,-1.3,-0.1,0.0,0.06,244,False,-0.026,1171,False,False,False,False,
232680,라온로보틱스,6.4609375,2.81,1115.0,8410.0,,1.2099609375,5.25,97,72.2,-4.2,62.3,-33.5,-44.12,5.77,0.62,194,False,4.724,122,True,False,False,False,2.720703125,3.74,109,68.3,16.8,-83.5,-16.6,-48.37,1.87,0.13,,False,3.541,117,True,False,True,True,6.0703125,0.39,513,6.2,-0.2,-3.3,-0.0,-37.93,0.38,0.28,,False,0.326,544,False,False,False,True,6.6484375,-0.19,1565,-4.0,-0.0,3.5,,1.69,0.0,0.14,192,False,-0.351,1586,False,False,False,False,
232830,아이티센피엔에스,1.919921875,1.43,228.0,1380.0,,2.16015625,-0.24,1191,-3.9,0.4,5.0,-0.1,-36.7,0.0,-0.46,664,False,-0.019,1095,False,False,True,False,3.58984375,-1.67,1562,-10.5,0.5,10.6,-0.1,-64.48,0.0,-0.48,366,False,-1.464,1500,False,False,True,False,2.259765625,-0.34,1406,-1.6,-0.0,0.9,,-42.5,0.0,0.02,377,False,-0.577,1483,False,False,False,False,1.98046875,-0.06,1348,-0.1,-0.0,0.0,,-6.95,0.0,-0.04,614,False,-0.021,1143,False,False,False,False,
234030,싸이닉솔루션,4.30078125,2.02,738.0,3125.0,,1.16015625,3.14,208,18.5,-47.0,29.3,-16.3,-72.47,0.0,0.08,,False,3.062,232,False,False,False,False,1.91015625,2.39,197,24.4,-1.1,-24.5,-0.0,-57.71,0.0,-0.45,,False,2.835,164,False,False,False,True,2.869140625,1.43,151,14.0,-2.2,-11.9,,-31.47,0.0,-0.26,,False,1.678,115,False,False,False,True,4.0,0.3,259,2.4,0.0,-2.3,,-3.1,0.0,0.01,,False,0.296,200,False,False,False,True,지속
234100,폴라리스세원,0.0,0.21,395.0,2705.0,,1.759765625,-1.76,1604,5.7,-7.4,1.2,-0.7,111.0,-79.2,-9.97,592,False,0.203,909,True,True,False,False,1.4501953125,-1.45,1510,10.2,-0.8,-10.1,-0.8,151.86,-79.43,-11.03,,False,0.717,435,True,True,False,True,0.0,0.0,913,-0.1,-0.0,0.2,,-9.68,0.0,-0.01,,False,0.029,869,False,False,False,False,0.0,0.0,908,-0.9,-0.0,0.9,,16.34,0.0,0.24,236,False,-0.239,1526,False,False,False,False,
234300,에스트래픽,3.240234375,0.77,790.0,2905.0,,3.19921875,0.04,938,3.6,-1.0,-9.7,-0.5,-18.17,0.0,-0.51,,False,0.504,750,False,False,False,True,3.189453125,0.05,701,-3.3,-0.9,1.9,-0.6,-19.64,0.0,0.28,837,False,-0.256,1002,False,False,False,False,2.470703125,0.77,313,3.1,-0.2,-4.2,,-3.81,0.0,0.33,,False,0.427,481,False,False,False,True,3.130859375,0.11,568,-0.4,-0.0,0.4,,4.5,0.0,0.16,505,False,-0.047,1247,False,False,False,False,
234340,헥토파이낸셜,8.5390625,1.37,2416.0,17290.0,,3.240234375,5.3,94,78.0,61.5,-146.8,41.4,8.74,0.0,-0.84,,False,6.121,66,False,False,True,True,3.58984375,4.95,59,186.0,-49.0,-139.9,-7.4,-48.77,0.0,-1.62,,False,6.569,25,False,True,False,True,5.5,3.04,45,107.3,-40.5,-66.0,-21.0,-27.35,0.0,-1.0,,False,4.001,28,False,True,False,True,8.09375,0.45,149,13.1,-17.6,4.6,-9.1,3.04,0.0,-0.1,288,False,0.541,77,False,False,False,False,지속
234690,녹십자웰빙,2.740234375,1.27,1453.0,8090.0,,3.380859375,-0.64,1351,-9.6,-0.4,7.5,1.9,-15.29,1.19,0.1,475,False,-0.687,1421,True,False,False,False,5.69140625,-2.95,1724,-65.7,-7.5,67.1,-0.8,-37.77,1.19,0.64,89,False,-3.691,1725,True,False,False,False,3.310546875,-0.57,1538,-7.5,-2.5,11.0,,-3.92,0.0,-0.09,235,False,-0.493,1440,False,False,False,False,2.640625,0.1,592,0.1,0.0,0.0,,6.03,0.0,0.09,691,False,0.01,925,False,False,False,False,
234920,자이글,0.489990234375,3.71,718.0,5310.0,,0.509765625,-0.02,1072,,,,,0.0,0.0,-0.02,,False,,,False,False,False,False,0.489990234375,0.0,771,,,,,0.0,0.0,0.0,,False,,,False,False,False,False,0.47998046875,0.01,883,,,,,0.0,0.0,0.01,,False,,,False,False,False,False,0.5,-0.01,1155,,,,,0.0,0.0,-0.01,,False,,,False,False,False,False,
235980,메드팩토,5.08984375,2.01,924.0,2695.0,,4.26953125,0.82,585,7.9,0.0,-4.6,-0.9,-58.73,0.0,-0.31,,False,1.136,517,False,False,False,True,3.869140625,1.22,339,12.8,0.2,-10.4,,-51.0,0.0,0.04,,False,1.164,343,False,False,True,True,4.30859375,0.78,308,7.4,0.6,-9.6,,-22.11,0.0,0.03,,False,0.74,308,False,False,True,True,4.9296875,0.16,457,0.5,0.4,-1.1,,-3.06,0.0,0.11,,False,0.052,732,False,False,True,True,지속
236200,슈프리마,26.078125,1.23,3351.0,48050.0,,25.6875,0.39,731,-5.9,230.1,-222.3,69.9,30.39,-3.9,-0.08,,False,-0.599,1395,True,False,True,True,24.734375,1.34,320,15.5,113.5,-126.9,38.8,-7.6,0.0,1.09,,False,0.257,595,False,True,True,True,25.109375,0.97,244,15.2,41.2,-54.5,22.1,4.23,0.0,0.51,,False,0.474,456,False,False,True,True,25.5625,0.52,120,11.4,6.1,-15.8,1.9,6.78,0.0,0.18,,False,0.34,155,False,False,True,True,
236810,엔비티,2.830078125,0.79,173.0,1020.0,,2.279296875,0.55,682,-1.0,0.0,-0.0,,-48.22,0.0,-0.52,,False,0.866,601,False,False,False,False,1.0400390625,1.79,262,3.5,0.0,-3.6,,-50.12,0.0,0.03,,False,1.703,261,False,False,False,True,2.130859375,0.7,344,1.2,0.0,-1.3,,-25.38,0.0,-0.04,,False,0.719,316,False,False,False,True,2.880859375,-0.05,1326,-0.1,0.0,0.1,,3.66,0.0,0.02,451,False,-0.074,1312,False,False,False,False,
237690,에스티팜,11.59375,4.34,25949.0,124300.0,,10.890625,0.7,621,215.3,1582.3,-1759.3,73.6,-0.48,0.84,-0.02,,False,0.864,604,False,False,True,True,11.2890625,0.3,583,111.3,304.6,-483.3,61.9,-15.27,0.19,0.01,,False,0.325,574,False,False,True,True,13.28125,-1.69,1730,-474.4,693.9,-273.2,23.0,0.16,0.04,0.05,,False,-1.727,1694,False,False,True,True,11.96875,-0.38,1696,-79.2,36.9,0.7,19.5,4.28,0.01,-0.06,639,False,-0.311,1565,False,False,True,False,
237750,피앤씨테크,0.89990234375,0.62,270.0,4150.0,,2.2890625,-1.39,1541,-6.2,-0.0,-30.7,0.1,3.11,0.0,-0.48,,False,-1.001,1511,False,False,False,True,2.970703125,-2.07,1641,-6.6,0.1,5.8,0.1,-12.26,0.0,-0.71,413,False,-1.413,1490,False,False,True,False,1.5595703125,-0.66,1567,-0.6,0.0,0.4,,-9.78,0.0,-0.53,539,False,-0.168,1213,False,False,False,False,1.1396484375,-0.24,1622,-0.2,0.0,0.2,,3.62,0.0,-0.19,557,False,-0.047,1247,False,False,False,False,
237820,플레이디,1.9296875,0.41,376.0,2930.0,,2.3203125,-0.39,1255,-0.4,-0.0,-0.5,,-34.96,0.0,-0.28,,False,-0.139,1165,False,False,False,True,1.75,0.18,634,1.3,-0.0,-2.1,,-38.57,0.0,-0.03,,False,0.179,638,False,False,False,True,2.33984375,-0.41,1449,-1.6,-0.0,1.4,,-9.15,0.0,-0.02,374,False,-0.397,1401,False,False,False,False,1.9404296875,-0.01,1155,-0.0,-0.0,0.0,,1.38,0.0,-0.01,658,False,-0.007,1068,False,False,False,False,
237880,클리오,1.6103515625,0.77,1941.0,10740.0,,1.0498046875,0.56,675,5.1,-3.1,-3.2,0.8,-17.0,0.0,0.24,,False,0.319,833,False,False,False,True,1.599609375,0.01,753,-6.2,2.9,3.0,0.1,-13.67,0.0,0.16,,False,-0.136,921,False,False,True,False,1.419921875,0.19,664,3.0,7.6,-10.9,1.6,0.94,0.0,-0.03,,False,0.223,631,False,False,True,True,1.23046875,0.38,189,6.1,1.2,-7.4,-0.0,-3.76,0.0,0.07,,False,0.306,187,False,False,True,True,
238090,앤디포스,0.97998046875,0.55,704.0,2310.0,,1.740234375,-0.76,1390,-6.7,0.1,25.4,0.1,26.23,29.52,-0.36,125,False,-0.191,1203,True,False,True,False,1.8203125,-0.84,1323,-9.1,0.1,13.5,0.1,-41.52,0.0,-0.14,368,False,-0.841,1314,False,False,True,False,0.72021484375,0.26,598,2.3,0.1,-2.2,0.1,-7.97,0.0,-0.05,,False,0.319,550,False,False,True,True,1.080078125,-0.1,1452,-0.2,-0.0,0.2,,-5.52,0.0,-0.07,568,False,-0.027,1178,False,False,False,False,
238120,얼라인드,2.830078125,1.17,438.0,3080.0,,2.060546875,0.77,600,-1.3,0.0,1.4,,-13.48,-1.12,0.53,,False,0.143,944,True,False,False,False,3.310546875,-0.48,1156,-2.5,0.0,2.1,,-29.6,-1.12,-0.2,712,False,-0.378,1087,True,False,False,False,2.650390625,0.18,679,0.9,0.0,-0.9,,-4.35,-1.12,-0.06,,False,0.212,645,True,False,False,True,2.650390625,0.18,416,0.9,0.0,-0.9,,-7.37,-1.12,-0.07,,False,0.217,290,True,False,False,True,스파이크
238200,비피도,1.080078125,0.43,198.0,2420.0,,0.9501953125,0.13,872,0.5,-0.4,1.0,,-24.14,0.0,-0.23,573,False,0.22,894,False,False,False,False,1.009765625,0.07,683,-0.1,0.0,0.9,,-18.52,0.0,0.14,669,False,-0.074,867,False,False,False,False,1.3798828125,-0.3,1384,-0.5,0.0,0.7,,-3.59,0.0,0.01,398,False,-0.215,1268,False,False,False,False,1.16015625,-0.08,1395,-0.0,-0.0,0.0,,-5.1,0.0,-0.07,624,False,-0.013,1103,False,False,False,False,
238490,힘스,1.91015625,0.43,255.0,2255.0,,2.109375,-0.2,1172,1.2,0.5,-3.6,0.2,-33.19,0.0,-0.38,,False,0.196,916,False,False,True,True,1.8896484375,0.02,733,-1.5,-1.6,3.6,-0.2,-40.74,0.0,0.49,454,False,-0.488,1156,False,False,False,False,2.0390625,-0.13,1219,-0.8,-0.0,0.8,,-15.38,0.0,0.16,407,False,-0.303,1334,False,False,False,False,1.73046875,0.18,416,-0.1,0.0,0.0,,-1.96,0.0,0.22,629,False,-0.037,1205,False,False,False,False,
239340,이스트에이드,1.9697265625,1.18,170.0,630.0,,1.75,0.22,818,-0.5,0.0,-0.1,,-62.5,0.0,-0.42,,False,0.485,758,False,False,False,True,1.3095703125,0.66,459,1.3,0.0,-1.7,,-60.35,0.0,-0.24,,False,0.76,419,False,False,False,True,1.75,0.22,630,0.3,0.0,-0.6,,-21.15,0.0,-0.12,,False,0.253,601,False,False,False,True,1.98046875,-0.01,1155,-0.1,-0.0,-0.1,,6.78,0.0,0.01,,False,-0.022,1151,False,False,False,True,
239610,에이치엘사이언스,0.81982421875,0.34,296.0,5490.0,,1.1201171875,-0.3,1219,-0.9,-0.7,0.4,,-29.34,0.0,-0.08,674,False,-0.214,1218,False,False,False,False,0.830078125,-0.01,865,0.2,0.0,-0.2,,-34.17,0.0,-0.03,,False,0.03,738,False,False,False,True,0.93994140625,-0.12,1208,-0.1,0.0,0.1,,-6.79,0.0,-0.09,613,False,-0.031,1032,False,False,False,False,0.830078125,-0.01,1155,-0.0,0.0,0.0,,5.37,0.0,0.0,641,False,-0.012,1096,False,False,False,False,
239890,피엔에이치테크,2.900390625,0.62,347.0,3490.0,,2.48046875,0.42,716,7.4,-0.2,-2.4,0.1,-30.75,0.0,-0.51,712,False,0.801,631,False,False,False,True,3.75,-0.85,1325,-0.9,0.9,5.2,0.1,-36.08,0.0,-0.15,337,False,-0.831,1312,False,False,True,False,3.7109375,-0.81,1617,-3.0,-0.0,2.7,,-14.88,0.0,0.01,227,False,-0.81,1571,False,False,False,False,2.9609375,-0.06,1348,-0.2,-0.0,0.2,,-1.27,0.0,0.0,479,False,-0.064,1295,False,False,False,False,
240550,동방메디컬,0.72998046875,1.0,1239.0,5920.0,,2.310546875,-1.58,1582,-24.5,18.6,0.7,20.2,-20.43,0.59,-0.04,651,False,-1.562,1607,False,False,True,False,3.16015625,-2.43,1683,-37.3,38.1,-7.0,28.0,-13.83,0.0,-0.02,,False,-2.44,1669,False,False,True,True,0.97998046875,-0.25,1352,-2.9,12.7,-10.7,7.1,0.68,0.0,-0.02,,False,-0.201,1250,False,False,True,True,0.64013671875,0.09,613,0.4,8.0,-7.5,1.9,5.53,0.0,0.11,,False,0.027,837,False,False,True,True,
240600,유진테크놀로지,1.759765625,0.41,158.0,2285.0,,1.6396484375,0.12,878,-1.8,0.2,1.5,-0.1,-38.9,0.0,0.5,688,False,-0.333,1277,False,False,True,False,1.75,0.01,753,-2.2,0.4,1.5,,-34.62,0.0,0.46,823,False,-0.53,1180,False,False,True,False,1.6298828125,0.13,719,-1.1,0.3,0.4,,-35.81,0.0,0.17,,False,-0.101,1140,False,False,True,False,1.2099609375,0.55,102,0.5,0.3,-0.8,,13.97,0.0,0.2,,False,0.348,150,False,False,True,True,스파이크
240810,원익IPS,15.828125,7.06,69061.0,140700.0,,23.015625,-7.19,1779,-5289.0,4876.5,276.9,-497.6,80.85,0.0,0.58,,False,-7.774,1774,False,False,True,False,17.765625,-1.94,1615,-1758.7,1221.4,391.8,-513.5,16.38,0.0,0.23,626,False,-2.175,1638,False,False,True,False,17.5625,-1.73,1736,-1339.8,-47.6,1257.6,-699.8,-9.87,0.0,0.5,99,False,-2.232,1716,False,False,False,False,19.703125,-3.88,1815,-2429.1,2994.4,-565.3,95.0,34.13,0.0,0.05,,False,-3.918,1735,False,False,True,True,
241520,DSC인베스트먼트,7.69921875,1.59,2067.0,7770.0,,4.76171875,2.94,225,-51.1,-14.7,111.5,-7.1,8.37,-1.48,0.88,683,False,1.82,375,True,False,False,False,4.0,3.7,111,55.2,11.5,-73.5,-2.1,-49.97,-1.48,0.03,,False,3.475,119,True,False,True,True,3.44921875,4.25,24,103.2,-0.6,-105.0,0.2,-33.65,0.0,0.02,,False,4.234,25,False,False,False,True,6.87109375,0.83,52,8.7,0.3,-9.1,,-3.0,0.0,0.43,,False,0.399,126,False,False,True,True,
241690,유니테크노,1.5703125,0.45,612.0,2500.0,,1.5400390625,0.03,953,-3.8,-1.0,6.1,,-30.56,0.0,0.14,594,False,-0.103,1140,False,False,False,False,2.109375,-0.54,1179,-5.1,-0.5,5.9,,-36.14,0.0,0.03,556,False,-0.579,1195,False,False,False,False,1.73046875,-0.16,1247,-0.8,-0.3,1.8,,-13.79,0.0,-0.06,423,False,-0.112,1148,False,False,False,False,1.5400390625,0.03,799,0.1,-0.6,0.5,,-0.6,0.0,0.01,433,False,0.019,875,False,False,False,False,스파이크
241710,코스메카코리아,21.53125,3.58,9057.0,84800.0,,18.078125,3.45,180,292.6,25.5,-288.9,20.5,26.57,0.0,0.02,,False,3.406,211,False,False,True,True,16.90625,4.62,73,344.1,-272.6,-66.5,53.3,0.71,0.0,0.49,,False,4.105,87,False,False,False,True,21.671875,-0.14,1232,-44.3,215.5,-162.1,76.8,25.07,0.0,0.25,,False,-0.292,1327,False,False,True,True,21.84375,-0.31,1668,-13.0,-7.2,20.5,27.7,-0.82,0.0,-0.17,235,False,-0.144,1434,False,False,False,False,
241770,메카로,2.2890625,1.6,3358.0,32950.0,,2.029296875,0.26,798,21.3,12.7,-13.7,5.4,48.42,0.0,0.12,696,False,0.201,912,False,False,True,True,1.0,1.29,329,47.1,7.5,-39.0,2.8,-15.19,0.0,0.35,,False,0.948,387,False,False,True,True,2.310546875,-0.02,1086,-0.8,-0.8,4.2,-0.3,-31.14,0.0,-0.01,533,False,-0.006,972,False,False,False,False,2.259765625,0.03,799,-1.5,1.1,0.4,0.5,-5.04,0.0,0.07,606,False,-0.047,1247,False,False,True,False,지속
241790,티이엠씨씨엔에스,2.66015625,0.4,475.0,4750.0,,3.4609375,-0.8,1402,-4.5,-4.8,10.3,-0.2,-30.96,0.0,0.33,328,False,-0.796,1454,False,False,False,False,5.28125,-2.62,1704,-16.1,-5.1,20.4,-0.4,-38.87,0.0,-0.3,144,False,-2.353,1656,False,False,False,False,3.83984375,-1.18,1680,-8.9,-4.8,13.3,0.0,-23.14,0.0,0.32,52,False,-1.484,1668,False,False,False,False,2.6796875,-0.02,1215,-0.2,-0.1,0.2,,3.26,0.0,0.03,467,False,-0.046,1244,False,False,False,False,
241820,피씨엘,0.0,2.52,168.0,6040.0,,0.0,0.0,987,,,,,0.0,0.0,0.0,,False,,,False,False,False,False,0.0,0.0,771,,,,,0.0,0.0,0.0,,False,,,False,False,False,False,0.0,0.0,913,,,,,0.0,0.0,0.0,,False,,,False,False,False,False,0.0,0.0,908,,,,,0.0,0.0,0.0,,False,,,False,False,False,False,
241840,에이스토리,4.08984375,0.44,222.0,2330.0,,2.169921875,1.92,346,2.5,-0.1,-2.6,,-68.68,0.0,0.15,,False,1.724,391,False,False,False,True,2.7109375,1.38,313,1.8,-0.1,-1.7,,-58.24,0.0,-0.01,,False,1.363,302,False,False,False,True,3.390625,0.7,344,1.5,-0.2,-1.5,,-22.98,0.0,-0.02,,False,0.679,333,False,False,False,True,4.19140625,-0.1,1452,-0.0,-0.0,0.0,,-3.12,0.0,-0.1,652,False,-0.006,1065,False,False,False,False,지속
242040,나무기술,5.53125,3.78,1369.0,3955.0,,3.3203125,2.21,307,-49.5,-74.8,137.1,0.6,159.0,0.0,0.08,220,False,2.325,296,False,False,False,False,1.6103515625,3.92,98,61.0,-0.0,-53.9,0.6,-33.42,0.0,0.24,,False,3.902,96,False,False,False,True,6.28125,-0.75,1598,20.1,0.8,-19.0,0.6,-45.15,0.0,-1.88,,False,1.196,195,False,True,True,True,5.76171875,-0.23,1610,-6.3,0.1,6.2,0.0,-2.59,0.0,0.22,135,False,-0.446,1617,False,False,True,False,
243070,휴온스,15.421875,0.81,3133.0,26150.0,,17.265625,-1.84,1610,-33.8,-34.1,91.3,-6.4,-0.38,0.0,-1.03,259,False,-0.814,1460,False,True,False,False,17.0625,-1.64,1556,-36.3,-24.3,84.9,-1.1,-4.21,0.0,-0.8,217,False,-0.844,1316,False,False,False,False,15.8671875,-0.45,1470,-7.2,0.1,3.3,-0.0,-7.6,0.0,-0.22,532,False,-0.227,1275,False,False,True,False,15.34375,0.08,642,1.6,0.0,-1.6,,-1.32,0.0,0.03,,False,0.05,738,False,False,False,True,
243840,신흥에스이씨,8.9765625,0.55,1670.0,4330.0,,3.4296875,5.55,84,172.1,8.1,-177.8,-2.4,-16.25,0.0,-0.46,,False,6.052,67,False,False,True,True,5.51171875,3.46,120,93.9,-5.3,-83.2,-14.7,-49.36,0.0,0.73,,False,2.861,162,False,False,False,True,9.15625,-0.18,1286,-3.5,0.5,3.5,0.0,-32.24,0.0,0.02,470,False,-0.183,1235,False,False,True,False,9.21875,-0.24,1622,-1.4,-0.4,1.7,,-5.46,0.0,-0.17,405,False,-0.073,1310,False,False,False,False,
244460,올리패스,0.0,7.94,134.0,1651.0,,0.0,0.0,987,,,,,0.0,0.1,0.0,,False,,,False,False,False,False,0.0,0.0,771,,,,,0.0,0.0,0.0,,False,,,False,False,False,False,0.0,0.0,913,,,,,0.0,0.0,0.0,,False,,,False,False,False,False,0.0,0.0,908,,,,,0.0,0.0,0.0,,False,,,False,False,False,False,
245620,EDGC,0.469970703125,0.0,1671.0,741.0,,4.55078125,-4.08,1741,,,,,78.55,62.85,-2.32,,False,,,True,True,False,False,4.55078125,-4.08,1766,,,,,78.55,62.85,-2.32,,False,,,True,True,False,False,0.469970703125,0.0,913,,,,,0.0,0.0,0.0,,False,,,False,False,False,False,0.469970703125,0.0,908,,,,,0.0,0.0,0.0,,False,,,False,False,False,False,
246250,에스엘에스바이오,1.0595703125,3.88,302.0,1969.0,,1.0595703125,0.0,987,,,,,0.0,0.0,0.0,,False,,,False,False,False,False,1.0595703125,0.0,771,,,,,0.0,0.0,0.0,,False,,,False,False,False,False,1.0400390625,0.02,855,,,,,0.0,0.0,0.02,,False,,,False,False,False,False,1.0595703125,0.0,908,,,,,0.0,0.0,0.0,,False,,,False,False,False,False,
246690,TS인베스트먼트,0.08001708984375,0.36,356.0,1499.0,,3.5703125,-3.49,1723,-23.5,-35.2,57.0,-27.2,19.16,-42.67,-3.38,78,False,-1.618,1616,True,True,False,False,4.05078125,-3.97,1762,-26.0,-15.1,40.3,-14.4,-13.15,-49.38,-3.2,77,False,-2.404,1661,True,True,False,False,1.9404296875,-1.86,1747,-3.9,-0.0,3.9,,13.82,-50.0,-3.0,342,False,-0.423,1415,True,True,False,False,0.0,0.08,642,1.0,-0.0,-1.0,,0.74,0.0,-0.19,,False,0.268,231,False,False,False,True,
246710,티앤알바이오팹,2.75,4.29,991.0,2080.0,,0.759765625,1.99,336,23.5,-7.2,-16.9,-0.6,-41.41,0.2,0.22,,False,1.719,392,False,False,False,True,3.509765625,-0.76,1287,-5.6,-2.0,7.5,-0.5,-37.16,0.2,-0.45,653,False,-0.312,1040,False,False,False,False,2.5703125,0.18,679,1.5,0.1,-2.2,,-5.24,0.0,0.02,,False,0.156,713,False,False,True,True,2.51953125,0.23,333,2.2,-0.5,-1.7,,0.73,0.0,0.01,,False,0.215,295,False,False,False,True,
246720,아스타,1.0703125,9.98,994.0,6070.0,,1.330078125,-0.26,1204,-3.0,1.1,1.4,,-24.12,9.83,0.07,701,False,-0.173,1188,True,False,True,False,1.169921875,-0.1,932,,,,,0.0,0.0,-0.1,,False,,,False,False,False,False,1.0595703125,0.01,883,,,,,0.0,0.0,0.01,,False,,,False,False,False,False,1.0703125,0.0,908,,,,,0.0,0.0,0.0,,False,,,False,False,False,False,
246960,SCL사이언스,0.66015625,2.31,565.0,1660.0,,0.759765625,-0.1,1119,-1.7,2.7,-2.3,2.6,-25.73,0.0,0.04,,False,-0.167,1183,False,False,True,True,0.7900390625,-0.13,952,-1.3,-0.5,2.0,-0.4,-27.83,0.0,-0.01,762,False,-0.144,925,False,False,False,False,0.320068359375,0.34,545,1.7,0.9,-2.6,0.8,-4.76,0.0,0.04,,False,0.292,572,False,False,True,True,0.6201171875,0.04,763,0.4,0.2,-0.5,0.1,-4.6,0.0,-0.02,,False,0.061,699,False,False,True,True,
247540,에코프로비엠,14.78125,6.36,109961.0,112400.0,,12.3515625,2.43,273,4571.6,4043.9,-3483.6,75.2,-25.37,0.03,0.11,,False,2.3,301,False,False,True,True,14.25,0.53,511,698.8,-2551.2,3585.4,-230.8,-45.17,0.0,0.15,285,False,0.347,563,False,False,False,False,14.140625,0.64,365,404.5,-30.3,-397.1,50.1,-37.38,0.0,0.29,,False,0.328,541,False,False,False,True,14.6875,0.09,613,-80.5,202.8,-121.7,-30.9,0.81,0.0,0.16,,False,-0.07,1304,False,False,True,True,
247660,나노씨엠에스,1.66015625,0.72,130.0,2995.0,,1.8701171875,-0.21,1179,-0.4,-0.0,0.9,,-37.54,0.0,-0.38,667,False,0.076,988,False,False,False,False,1.8603515625,-0.2,1002,-0.8,-0.0,1.2,,-41.84,0.0,-0.06,671,False,-0.271,1010,False,False,False,False,2.0,-0.34,1406,-0.4,-0.0,0.3,,-23.79,0.0,-0.22,526,False,-0.162,1206,False,False,False,False,1.830078125,-0.17,1542,0.0,-0.0,-0.0,,3.28,0.0,-0.18,,False,0.01,925,False,False,False,False,
250000,보라티알,2.16015625,0.4,371.0,5500.0,,1.76953125,0.39,731,2.0,-0.1,-2.8,,-28.94,0.0,-0.12,,False,0.436,782,False,False,False,True,1.98046875,0.18,634,0.3,0.0,-1.1,,-29.31,0.0,0.02,,False,0.086,682,False,False,False,True,2.05078125,0.11,737,0.4,0.0,-0.6,,-11.86,0.0,0.0,,False,0.107,767,False,False,False,True,2.109375,0.05,725,0.3,-0.0,-0.3,,2.04,0.0,-0.02,,False,0.072,659,False,False,False,True,
250060,모비스,2.109375,2.41,812.0,2525.0,,2.439453125,-0.33,1231,-52.4,0.1,53.7,-0.0,-41.35,0.0,0.32,448,False,-0.533,1364,False,False,True,False,2.55078125,-0.44,1134,-3.9,0.0,3.6,,-53.07,0.0,-0.72,,False,0.344,565,False,False,False,False,2.140625,-0.03,1107,-1.3,0.0,1.3,,-23.25,0.0,-0.08,,False,0.043,848,False,False,False,False,1.8798828125,0.23,333,0.4,0.0,-0.4,,0.0,0.0,0.22,,False,0.014,907,False,False,False,True,
250930,예선테크,0.85986328125,0.79,122.0,370.0,,2.1796875,-1.32,1527,-2.9,0.0,2.3,,-20.77,0.0,-0.46,563,False,-1.031,1517,False,False,False,False,2.970703125,-2.11,1644,-2.3,-0.0,2.3,,-32.48,0.0,-0.78,372,False,-1.355,1476,False,False,False,False,1.0498046875,-0.19,1294,-0.3,-0.0,0.2,,-11.48,0.0,-0.05,496,False,-0.211,1262,False,False,False,False,0.85986328125,0.0,908,,,,,0.0,0.0,0.0,,False,,,False,False,False,False,
251120,바이오에프디엔씨,11.5625,1.02,728.0,8370.0,,11.3515625,0.21,825,-0.1,-0.1,-2.0,-0.6,-44.61,0.0,-0.06,,False,0.214,899,False,False,False,True,11.109375,0.45,531,2.8,-0.6,-2.8,-0.6,-43.9,0.0,-0.05,,False,0.463,518,False,False,False,True,11.5,0.06,788,0.2,-0.0,-0.3,,-9.22,0.0,-0.03,,False,0.071,807,False,False,False,True,11.5234375,0.04,763,0.1,0.0,-0.1,,1.21,0.0,0.02,,False,0.019,875,False,False,False,True,
251370,와이엠티,5.91015625,0.84,1664.0,9240.0,,3.66015625,2.25,301,39.6,-25.6,88.8,-82.6,-17.06,2.21,0.68,167,False,1.597,409,True,False,False,False,6.078125,-0.17,978,-2.1,-3.3,109.8,-58.9,-44.7,1.97,0.12,80,False,-0.201,959,True,False,False,False,5.71875,0.19,664,-0.2,-13.4,14.6,-9.3,-36.28,0.0,0.15,230,False,0.062,826,False,False,False,False,6.01171875,-0.1,1452,-2.8,-0.4,3.0,-0.4,0.33,0.0,0.06,286,False,-0.174,1470,False,False,False,False,
251630,브이원텍,1.6298828125,0.5,535.0,3355.0,,3.0,-1.37,1537,-14.6,-0.1,12.4,0.1,-48.15,0.0,0.28,388,False,-1.612,1613,False,False,False,False,3.33984375,-1.71,1571,-13.2,0.1,12.0,0.1,-42.55,0.0,0.15,302,False,-1.847,1589,False,False,True,False,2.259765625,-0.63,1557,-4.7,0.0,4.0,0.1,-16.12,0.0,-0.06,324,False,-0.576,1482,False,False,False,False,1.5595703125,0.07,665,0.6,-0.0,-0.6,,2.13,0.0,-0.03,,False,0.101,561,False,False,False,True,
251970,펌텍코리아,13.078125,1.77,5202.0,41950.0,,17.40625,-4.33,1747,-174.5,164.4,1.2,97.3,-24.55,0.0,-1.23,639,False,-3.091,1716,False,True,True,False,15.5390625,-2.46,1686,-86.1,118.3,-37.2,59.4,-6.05,0.0,-0.83,,False,-1.62,1535,False,False,True,True,13.671875,-0.59,1543,-39.3,153.2,-110.5,34.1,16.53,0.0,0.16,,False,-0.742,1550,False,False,True,True,13.03125,0.05,725,10.1,-7.8,-1.1,-0.4,-10.17,0.0,-0.15,,False,0.198,321,False,False,False,True,
252500,세화피앤씨,6.171875,0.48,195.0,471.0,,4.87890625,1.29,457,2.6,-1.1,-1.5,,-41.12,0.0,0.04,,False,1.132,519,False,False,False,True,5.3515625,0.82,413,1.8,-0.3,-1.3,,-42.91,0.0,-0.11,,False,0.824,408,False,False,False,True,5.8203125,0.35,540,1.0,-0.3,-0.4,,-32.42,0.0,-0.2,,False,0.501,438,False,False,False,True,6.0390625,0.13,520,0.3,-0.0,0.0,,-7.65,0.0,-0.04,657,False,0.168,377,False,False,False,False,지속
252990,샘씨엔에스,8.3125,5.09,8774.0,14570.0,,6.421875,1.89,352,85.2,574.8,-479.5,86.8,122.44,3.13,-0.05,,False,2.145,319,True,False,True,True,9.1796875,-0.87,1336,-60.0,209.4,-201.0,-110.8,30.09,0.0,-0.22,,False,-0.695,1257,False,False,True,True,8.4296875,-0.12,1208,-43.8,87.5,-69.4,-97.4,-0.34,0.0,0.4,,False,-0.521,1456,False,False,True,True,8.9296875,-0.62,1743,-68.2,158.6,-104.5,25.2,37.19,0.0,0.22,,False,-0.835,1689,False,False,True,True,
253450,스튜디오드래곤,9.078125,0.77,6132.0,20400.0,,8.8984375,0.18,839,41.6,-48.8,11.5,-66.2,-56.32,0.0,-0.17,443,False,0.353,816,False,False,False,False,9.3203125,-0.24,1026,-34.4,-167.8,201.9,-9.0,-43.96,0.0,0.1,234,False,-0.339,1061,False,False,False,False,9.1171875,-0.04,1124,-16.7,22.0,-5.7,0.2,-18.07,0.0,0.2,,False,-0.239,1289,False,False,True,True,9.40625,-0.33,1678,-4.7,-1.3,6.2,,-6.64,0.0,-0.26,393,False,-0.074,1312,False,False,False,False,
253590,네오셈,0.0,3.48,4282.0,9760.0,,0.0,0.0,987,346.9,35.0,-338.5,7.1,-12.86,0.0,-5.68,,False,5.67,80,False,True,True,True,0.0,0.0,771,71.8,-148.0,80.0,-15.3,-43.71,0.0,-1.59,729,False,1.565,276,False,True,False,False,0.0,0.0,913,87.8,16.7,-96.6,2.7,-27.11,0.0,-1.79,,False,1.786,104,False,True,True,True,0.0,0.0,908,19.6,-3.5,-16.4,-0.7,3.83,0.0,-0.43,,False,0.424,112,False,False,False,True,
253840,수젠텍,2.73046875,0.8,672.0,4015.0,,3.310546875,-0.58,1329,-22.8,3.7,19.9,-0.0,-31.01,0.0,-0.14,663,False,-0.325,1275,False,False,True,False,3.4296875,-0.7,1265,-11.5,3.6,7.5,-0.0,-22.79,0.0,-1.08,,False,0.473,515,False,True,True,False,1.599609375,1.13,209,6.2,-0.3,-5.8,,-15.21,0.0,0.14,,False,0.997,228,False,False,False,True,2.560546875,0.17,434,0.4,-0.0,-0.4,,10.91,0.0,0.1,,False,0.072,659,False,False,False,True,지속
254120,자비스,3.220703125,1.03,256.0,833.0,,1.5400390625,1.68,382,7.5,0.1,-7.9,,-41.09,0.0,-0.37,,False,1.969,349,False,False,True,True,2.94921875,0.27,593,2.8,0.1,-3.4,,-39.37,0.0,-0.51,,False,0.732,431,False,False,True,True,3.0,0.22,630,0.4,0.0,-0.4,,-13.05,0.0,-0.17,,False,0.336,535,False,False,False,True,3.640625,-0.42,1702,-0.6,-0.0,0.6,,3.48,0.0,-0.18,222,False,-0.235,1522,False,False,False,False,
254490,미래반도체,3.810546875,2.06,2267.0,15700.0,,1.8701171875,1.94,343,3.1,48.1,-59.3,-6.2,-3.68,0.0,-0.38,,False,2.317,297,False,False,True,True,1.669921875,2.14,221,4.6,47.4,-60.2,-6.5,-14.81,0.0,-0.16,,False,2.29,196,False,False,True,True,2.7890625,1.02,231,29.7,-22.8,-7.5,-2.5,-38.07,0.0,0.02,,False,0.984,235,False,False,False,True,3.810546875,0.0,908,-5.6,0.9,5.6,-1.5,1.16,0.0,0.25,218,False,-0.248,1531,False,False,True,False,
255220,SG,1.830078125,1.27,1572.0,1435.0,,1.990234375,-0.16,1157,-30.0,-125.6,233.8,-112.4,-39.19,5.47,0.24,81,False,-0.211,1215,True,False,False,False,2.0703125,-0.24,1026,-33.4,-13.7,24.9,-11.3,-48.01,0.33,0.38,769,False,-0.619,1220,False,False,False,False,1.6298828125,0.2,653,7.8,-0.0,-22.3,0.0,-34.02,0.0,-0.55,,False,0.736,311,False,False,False,True,1.240234375,0.59,92,6.8,-0.0,-3.4,,-3.76,0.0,0.27,,False,0.323,163,False,False,False,True,
255440,야스,1.6201171875,0.63,914.0,7000.0,,2.76953125,-1.15,1495,-7.2,-6.0,22.7,-1.5,-28.79,0.0,-0.08,314,False,-0.981,1505,False,False,False,False,3.66015625,-2.04,1632,-24.6,-0.3,20.6,0.0,-41.32,0.0,0.06,297,False,-2.098,1625,False,False,False,False,2.4609375,-0.84,1629,-7.5,-0.1,4.2,0.2,-14.11,0.0,-0.04,333,False,-0.805,1569,False,False,False,False,1.740234375,-0.12,1475,-1.3,-0.0,1.3,,-4.24,0.0,0.02,338,False,-0.138,1425,False,False,False,False,
256150,한독크린텍,2.060546875,0.6,380.0,4530.0,,1.830078125,0.23,813,1.1,-0.6,-1.2,,-12.55,0.0,-0.08,,False,0.275,862,False,False,False,True,2.08984375,-0.03,880,0.0,0.1,-1.3,,-15.8,0.0,-0.12,,False,0.019,768,False,False,True,True,1.98046875,0.08,769,0.2,0.1,-1.2,,-7.36,0.0,0.02,,False,0.06,827,False,False,True,True,2.05078125,0.01,867,0.0,-0.0,-0.1,,-0.66,0.0,0.0,,False,0.001,974,False,False,False,True,
256630,포인트엔지니어링,0.56005859375,0.78,529.0,4560.0,,0.5498046875,0.01,978,-0.3,0.5,-1.8,0.1,351.93,-80.0,-2.67,,False,0.073,993,True,True,True,True,0.47998046875,0.08,678,0.0,0.5,-2.0,0.1,347.94,-80.0,-2.53,,False,0.133,664,True,True,True,True,0.5498046875,0.01,883,-0.0,0.1,-0.6,0.1,-0.87,0.0,0.0,,False,0.0,948,False,False,True,True,0.5498046875,0.01,867,-0.0,-0.0,0.0,,9.35,0.0,0.01,,False,0.001,974,False,False,False,False,
256840,한국비엔씨,5.3203125,0.71,1652.0,2415.0,,1.900390625,3.42,184,83.5,-0.4,-84.3,-0.4,-49.64,0.0,-0.66,,False,4.037,158,False,False,False,True,3.740234375,1.58,290,43.4,-9.7,-34.0,0.1,-41.24,0.0,-0.96,,False,2.518,182,False,False,False,True,4.890625,0.43,491,18.3,0.0,-18.0,-0.0,-16.72,0.0,-0.71,,False,1.13,205,False,False,False,True,5.1015625,0.22,348,5.1,0.0,-5.0,,0.63,0.0,-0.08,,False,0.304,189,False,False,False,True,지속
256940,킵스파마,2.560546875,1.96,1217.0,6060.0,,2.640625,-0.08,1112,-7.0,-4.6,15.4,0.1,-41.95,0.0,0.11,526,False,-0.17,1186,False,False,False,False,2.98046875,-0.42,1126,-21.0,-6.5,26.9,0.1,-29.45,0.0,0.61,362,False,-1.029,1390,False,False,False,False,2.1796875,0.38,520,4.7,1.0,-5.8,0.2,-0.82,0.0,-0.02,,False,0.405,488,False,False,True,True,2.330078125,0.23,333,2.3,-0.0,-2.4,,6.88,0.0,0.03,,False,0.203,317,False,False,False,True,
257370,피엔티엠에스,1.1201171875,1.1,238.0,1900.0,,0.8798828125,0.24,807,1.4,-0.1,-2.5,,-40.9,0.0,0.06,,False,0.12,960,False,False,False,True,1.58984375,-0.47,1148,-2.8,0.0,1.2,,-40.35,0.0,0.3,657,False,-0.898,1343,False,False,False,False,1.580078125,-0.46,1476,-2.0,-0.0,1.7,,-23.85,0.0,0.17,260,False,-0.749,1555,False,False,False,False,1.26953125,-0.15,1513,-1.0,0.0,0.8,,-19.66,0.0,0.15,193,False,-0.372,1594,False,False,False,False,
257720,실리콘투,6.55078125,5.17,23640.0,36050.0,,8.28125,-1.73,1601,-301.6,1310.3,-1034.7,806.9,-16.16,7.2,0.3,,False,-1.563,1610,True,False,True,True,7.41015625,-0.86,1330,8.9,-234.9,187.1,278.2,-23.13,7.2,-0.37,528,False,0.001,797,True,False,False,False,6.53125,0.02,855,-103.0,345.5,-265.2,96.3,2.85,0.0,0.28,,False,-0.253,1299,False,False,True,True,6.62109375,-0.07,1370,18.7,40.1,-59.4,26.3,1.41,0.0,-0.16,,False,0.09,596,False,False,True,True,
258610,케일럼,1.3896484375,0.83,373.0,1023.0,,1.3203125,0.07,910,0.5,-0.4,-15.1,,-24.89,0.0,-0.29,,False,0.27,865,False,False,False,True,1.099609375,0.29,588,1.0,0.0,-0.9,,-30.27,0.0,-0.09,,False,0.278,589,False,False,False,True,1.330078125,0.06,788,0.1,0.0,-0.1,,-8.66,0.0,-0.01,,False,0.036,856,False,False,False,True,1.23046875,0.16,457,0.6,0.0,-0.2,,-3.22,0.0,0.01,,False,0.149,426,False,False,False,True,
258790,소프트캠프,3.130859375,1.3,208.0,4170.0,,4.5,-1.37,1537,-5.3,2.5,1.3,1.5,201.52,-80.0,-15.33,680,False,-0.922,1487,True,True,True,False,3.599609375,-0.47,1148,4.2,2.1,-6.8,1.3,114.62,-80.0,-20.74,,False,1.211,333,True,True,True,True,2.5,0.63,371,0.7,0.0,-2.4,,-3.36,0.0,0.13,,False,0.41,485,False,False,False,True,3.880859375,-0.75,1760,-1.0,0.0,0.4,,3.73,0.0,-0.26,247,False,-0.486,1624,False,False,False,False,
258830,세종메디칼,1.6796875,1.2,312.0,412.0,,1.9404296875,-0.26,1204,,,,,0.0,15.2,-0.0,,False,,,True,False,False,False,1.6796875,0.0,771,,,,,0.0,0.0,0.0,,False,,,False,False,False,False,1.6796875,0.0,913,,,,,0.0,0.0,0.0,,False,,,False,False,False,False,1.6796875,0.0,908,,,,,0.0,0.0,0.0,,False,,,False,False,False,False,
259630,엠플러스,7.55859375,1.09,1149.0,9400.0,,12.859375,-5.3,1766,-88.8,-61.9,151.4,-30.6,-17.9,0.53,0.08,38,False,-5.409,1760,False,False,False,False,9.34375,-1.79,1585,-26.6,-31.2,56.6,-19.0,-40.47,1.23,-0.08,119,False,-1.654,1545,True,False,False,False,8.0,-0.44,1464,-4.6,-4.3,9.4,-3.3,-23.7,0.0,-0.08,222,False,-0.375,1383,False,False,False,False,7.640625,-0.08,1395,-2.0,-0.3,2.3,,-0.21,0.0,0.08,277,False,-0.167,1458,False,False,False,False,
260660,알리코제약,4.03125,0.46,367.0,2395.0,,3.8203125,0.21,825,-0.6,-0.0,-0.7,,-42.91,0.0,0.22,,False,-0.105,1143,False,False,False,True,4.890625,-0.86,1330,-8.0,0.0,7.4,,-32.15,0.0,0.41,421,False,-1.32,1469,False,False,False,False,3.439453125,0.59,389,-0.2,0.0,-0.1,,-9.96,0.0,0.45,,False,0.074,803,False,False,False,True,4.0390625,-0.01,1155,-1.2,0.0,1.1,,-0.21,0.0,0.24,239,False,-0.241,1529,False,False,False,False,
260930,씨티케이,3.330078125,0.35,529.0,2735.0,,2.150390625,1.18,485,0.0,0.4,2.3,1.8,-34.88,0.0,0.52,,False,0.635,700,False,False,True,False,2.08984375,1.24,337,3.3,-0.2,-3.0,,-32.64,0.0,0.33,,False,0.904,397,False,False,False,True,2.470703125,0.86,281,4.2,-0.2,-4.2,,-5.69,0.0,-0.06,,False,0.889,255,False,False,False,True,3.330078125,0.0,908,-0.1,-0.0,0.1,,3.4,0.0,0.02,598,False,-0.02,1137,False,False,False,False,
260970,에스앤디,5.828125,1.71,1475.0,51000.0,,3.130859375,2.7,245,23.6,-35.0,3.2,10.4,-26.3,0.0,1.11,580,False,1.569,414,False,True,False,False,6.26171875,-0.43,1129,-21.6,25.7,-10.8,43.0,-16.12,0.0,0.95,,False,-1.398,1484,False,False,True,True,6.1796875,-0.35,1416,-20.8,49.4,-30.5,15.1,2.0,0.0,1.18,,False,-1.468,1666,False,True,True,True,5.171875,0.66,74,-2.1,8.0,-5.6,0.9,0.59,0.0,0.8,,False,-0.141,1430,False,False,True,True,
261200,덴티스,4.609375,0.86,400.0,2530.0,,2.759765625,1.85,360,4.9,-3.0,-2.2,,-38.29,0.0,0.79,,False,0.985,560,False,False,False,True,3.19921875,1.41,308,1.5,-2.7,1.1,,-38.07,0.0,0.98,764,False,0.396,541,False,False,False,False,3.119140625,1.49,142,1.6,-2.8,1.1,,-3.98,0.0,1.14,411,False,0.321,547,False,True,False,False,4.6796875,-0.07,1370,-0.3,-0.0,0.2,,1.61,0.0,-0.01,473,False,-0.078,1323,False,False,False,False,
261520,이지스,2.390625,0.84,434.0,4220.0,,0.419921875,1.97,339,4.8,-20.3,22.9,3.6,-60.15,5.21,0.35,319,False,1.711,395,True,False,False,False,1.509765625,0.88,404,3.4,-7.4,5.5,-4.6,-49.52,0.0,0.14,690,False,0.915,395,False,False,False,False,2.609375,-0.22,1321,-0.7,-0.2,0.9,-0.2,-13.26,0.0,-0.15,520,False,-0.073,1106,False,False,False,False,2.48046875,-0.09,1427,-0.0,0.0,0.0,,5.63,0.0,-0.09,688,False,-0.001,1018,False,False,False,False,
261780,아리바이오랩,0.0,5.71,706.0,2520.0,,0.0,0.0,987,-49.9,-17.4,132.6,,-6.32,4.28,2.21,31,False,-2.503,1691,True,True,False,False,0.52001953125,-0.52,1172,-37.7,0.7,106.3,,-28.0,4.28,2.01,14,True,-2.701,1681,True,True,True,False,0.0,0.0,913,-5.0,-0.0,-5.9,,-12.8,4.09,0.9,,False,-0.655,1519,True,False,False,True,0.0,0.0,908,-2.3,-0.0,-9.1,,-0.98,4.09,0.28,,False,-0.273,1542,True,False,False,True,
262260,에이프로,4.7109375,0.58,430.0,2855.0,,2.4609375,2.25,301,31.7,-27.0,-11.5,-25.1,-42.9,4.21,-0.65,,False,2.401,288,True,False,False,True,4.140625,0.57,490,18.9,-28.3,1.7,-25.1,-47.13,4.21,-0.81,,False,0.826,406,True,False,False,False,6.73046875,-2.02,1759,-9.8,2.3,6.0,2.1,-53.35,0.0,-0.6,154,False,-1.663,1684,False,False,True,False,4.98046875,-0.27,1645,-1.4,-0.5,1.4,-0.0,2.51,0.0,-0.03,196,False,-0.289,1552,False,False,False,False,
262840,아이퀘스트,1.33984375,0.56,309.0,2925.0,,1.4599609375,-0.12,1129,0.3,-1.5,5.2,0.4,68.2,-50.0,-1.88,353,False,0.138,945,True,True,False,False,1.1103515625,0.23,614,-0.3,0.1,-0.6,0.1,64.33,-50.0,-0.88,,False,-0.047,846,True,False,True,True,1.7197265625,-0.38,1435,-0.2,-0.0,-0.1,,-5.49,0.0,-0.34,,False,-0.053,1070,False,False,False,True,1.5703125,-0.23,1610,-0.0,-0.0,-0.0,,4.65,0.0,-0.23,,False,0.001,974,False,False,False,False,
263020,디케이앤디,4.078125,0.55,429.0,3100.0,,3.390625,0.69,629,3.6,-5.0,7.5,-5.0,2.65,0.0,-0.29,525,False,1.088,530,False,False,False,False,5.140625,-1.06,1403,-3.2,-4.6,13.6,-5.6,-6.06,0.0,-0.44,235,False,-0.502,1163,False,False,False,False,5.0390625,-0.96,1647,-1.5,-2.0,-2.9,-0.5,0.0,0.0,-0.68,,False,-0.337,1357,False,False,False,True,3.859375,0.22,348,0.7,-0.0,-1.1,,3.68,0.0,0.12,,False,0.148,434,False,False,False,True,
263050,유틸렉스,12.578125,2.31,353.0,959.0,,11.6484375,0.93,555,3.5,-0.4,0.5,,10.74,0.0,-0.33,657,False,1.245,483,False,False,False,False,12.7265625,-0.15,968,,,,,0.0,0.0,-0.15,,False,,,False,False,False,False,12.6171875,-0.04,1124,,,,,0.0,0.0,-0.04,,False,,,False,False,False,False,12.578125,0.0,908,,,,,0.0,0.0,0.0,,False,,,False,False,False,False,
263600,덕우전자,2.80078125,0.48,507.0,3185.0,,0.990234375,1.81,364,18.9,-4.1,-13.5,-0.1,-33.3,0.0,0.03,,False,1.906,360,False,False,False,True,3.359375,-0.56,1187,-2.3,-1.7,4.5,-0.1,-45.09,0.0,-0.02,565,False,-0.478,1149,False,False,False,False,3.259765625,-0.46,1476,-2.6,-0.0,2.6,,-26.7,0.0,-0.08,358,False,-0.386,1391,False,False,False,False,2.80078125,0.0,908,-0.1,0.0,0.1,,2.08,0.0,0.02,599,False,-0.022,1151,False,False,False,False,
263690,디알젬,15.5390625,0.59,570.0,5030.0,,15.671875,-0.13,1136,1.5,0.0,-1.0,0.1,-7.02,0.0,-0.44,,False,0.304,839,False,False,False,True,15.671875,-0.13,952,-0.2,0.3,-0.6,0.3,-12.67,0.0,-0.15,,False,0.013,775,False,False,True,True,15.2421875,0.3,571,1.5,-0.1,-2.2,-0.2,-4.55,0.0,0.03,,False,0.267,591,False,False,False,True,15.4375,0.1,592,0.5,-0.3,-0.4,,0.6,0.0,0.01,,False,0.092,591,False,False,False,True,스파이크
263700,케어랩스,3.900390625,0.56,385.0,1985.0,,6.8515625,-2.95,1707,-18.3,-1.6,12.7,-0.3,-24.81,0.0,0.37,298,False,-3.429,1729,False,False,False,False,4.62890625,-0.73,1273,-6.6,0.1,1.0,0.0,-24.24,0.0,0.58,,False,-1.408,1489,False,False,True,False,3.470703125,0.43,491,-1.0,0.1,-3.5,,-3.64,0.0,0.54,,False,-0.205,1254,False,False,True,True,3.80078125,0.1,592,-0.3,0.0,0.3,,-4.11,0.0,0.18,453,False,-0.078,1323,False,False,False,False,
263720,디앤씨미디어,1.900390625,0.88,840.0,6770.0,,1.990234375,-0.09,1114,7.1,-13.7,7.4,-13.6,-44.78,0.0,-1.01,447,False,0.966,564,False,True,False,False,1.2802734375,0.62,472,11.6,-20.9,9.4,-1.1,-44.28,0.0,-0.68,430,False,1.305,313,False,False,False,False,1.2001953125,0.7,344,8.9,-18.5,9.6,-0.0,-24.61,0.0,-0.34,132,False,1.049,219,False,False,False,False,1.740234375,0.16,457,2.1,-3.5,1.5,,4.96,0.0,-0.09,289,False,0.25,251,False,False,False,False,
263750,펄어비스,7.91015625,2.62,21461.0,34150.0,,7.58984375,0.32,767,84.5,662.5,-830.0,-209.7,-14.41,-2.19,-0.53,,False,0.659,691,True,False,True,True,5.76953125,2.14,221,616.6,133.4,-763.0,35.9,-38.25,-2.19,-0.19,,False,2.149,213,True,False,True,True,6.859375,1.05,227,120.4,322.4,-445.3,1.4,-14.94,-2.19,0.36,,False,0.532,416,True,False,True,True,8.09375,-0.18,1552,-7.5,46.3,-38.9,-3.5,-6.31,0.0,-0.15,,False,-0.027,1178,False,False,True,True,지속
263770,유에스티,1.400390625,0.45,376.0,1585.0,,1.0400390625,0.36,745,1.0,-0.4,-0.8,,-13.25,0.0,0.06,,False,0.277,857,False,False,False,True,1.51953125,-0.12,943,-0.9,-0.0,0.8,,-24.7,0.0,0.03,802,False,-0.163,937,False,False,False,False,1.4501953125,-0.05,1133,0.0,-0.0,-0.0,,-12.53,0.0,-0.08,,False,0.015,892,False,False,False,False,1.4697265625,-0.07,1370,-0.2,-0.0,0.2,,3.32,0.0,-0.02,506,False,-0.048,1252,False,False,False,False,
263800,데이타솔루션,4.23046875,2.49,878.0,5410.0,,1.7001953125,2.53,261,17.2,2.6,-21.8,1.8,13.42,0.02,-0.22,,False,2.684,264,False,False,True,True,3.150390625,1.08,369,10.9,1.3,-14.3,0.7,-5.09,0.0,-0.68,,False,1.687,262,False,False,True,True,3.150390625,1.08,218,6.5,0.0,-7.8,-0.1,19.29,0.0,-0.18,,False,1.217,193,False,False,False,True,3.029296875,1.2,26,12.7,0.5,17.1,0.3,-29.92,0.0,-0.64,77,False,1.745,9,False,False,True,False,
263810,상신전자,0.93994140625,0.75,398.0,2500.0,,2.439453125,-1.5,1568,-9.0,-0.7,9.7,0.0,-21.14,0.0,0.24,307,False,-1.735,1631,False,False,False,False,2.349609375,-1.41,1502,-7.6,-0.0,7.6,,-20.26,0.0,0.17,316,False,-1.585,1527,False,False,False,False,1.009765625,-0.07,1151,-0.4,0.0,0.3,,-3.1,0.0,0.03,534,False,-0.115,1153,False,False,False,False,0.7900390625,0.15,475,0.7,-0.3,-0.4,,5.04,0.0,-0.02,,False,0.169,374,False,False,False,True,스파이크
263860,지니언스,26.1875,1.67,1090.0,12000.0,,27.359375,-1.17,1499,-22.9,-5.1,14.3,-2.0,-34.07,0.0,0.26,468,False,-1.489,1598,False,False,False,False,25.953125,0.23,614,6.9,0.4,-20.3,-0.6,-31.7,0.0,-0.26,,False,0.484,510,False,False,True,True,26.359375,-0.17,1267,-0.8,1.8,-2.3,0.2,-14.29,0.0,-0.03,,False,-0.038,1041,False,False,True,True,26.125,0.06,693,1.6,-0.1,-1.8,-0.0,-0.08,0.0,-0.08,,False,0.146,437,False,False,False,True,
263920,휴엠앤씨,0.93017578125,0.78,353.0,3600.0,,0.89013671875,0.04,938,0.1,7.9,-12.6,,-3.74,0.0,0.09,,False,0.053,1008,False,False,True,True,0.68994140625,0.24,610,0.5,8.0,-8.6,,-12.09,0.0,0.08,,False,0.16,649,False,False,True,True,0.89013671875,0.04,825,0.2,7.8,-7.6,,9.09,0.0,0.07,,False,0.044,846,False,False,True,True,0.83984375,0.09,613,0.3,2.1,-2.0,,-9.66,0.0,0.09,,False,0.077,642,False,False,True,True,지속
264450,유비쿼스,5.03125,0.72,1402.0,9560.0,,3.720703125,1.31,452,-2.7,-56.0,57.7,-22.5,3.69,0.0,0.44,354,False,0.885,594,False,False,False,False,3.3203125,1.71,275,31.0,12.3,-42.6,-7.1,-38.12,0.0,0.36,,False,1.371,301,False,False,True,True,5.26171875,-0.23,1334,-1.5,9.4,-8.0,0.2,-19.6,0.0,-0.17,,False,-0.052,1067,False,False,True,True,5.109375,-0.08,1395,-0.7,-0.0,0.7,-0.0,1.06,0.0,-0.03,490,False,-0.052,1261,False,False,False,False,
264660,씨앤지하이테크,3.630859375,0.82,1217.0,12520.0,,5.109375,-1.48,1562,-22.1,-38.5,49.9,0.3,-20.86,0.0,-0.35,270,False,-1.184,1548,False,False,False,False,6.23828125,-2.61,1702,-60.8,-39.5,97.0,0.1,-38.17,0.0,0.77,49,False,-3.351,1711,False,False,False,False,5.12890625,-1.5,1710,-16.3,0.2,15.1,,-15.75,0.0,-0.21,128,False,-1.29,1649,False,False,True,False,3.529296875,0.1,592,1.1,0.1,-1.6,,4.33,0.0,0.02,,False,0.081,622,False,False,True,True,
264850,이랜시스,2.349609375,2.18,1175.0,3880.0,,1.23046875,1.12,504,-39.5,0.8,41.7,-0.0,-46.99,0.0,0.94,,False,0.258,869,False,False,True,False,2.490234375,-0.14,959,-39.7,0.7,38.4,-0.0,-36.18,0.0,0.5,623,False,-0.641,1230,False,False,True,False,1.41015625,0.94,254,15.5,0.9,-17.0,,-29.33,0.0,-0.29,,False,1.22,192,False,False,True,True,2.25,0.1,592,-0.0,0.0,-0.0,,4.58,0.0,0.1,,False,-0.001,1018,False,False,False,False,
265520,AP시스템,16.15625,0.8,2979.0,19790.0,,13.9609375,2.2,309,78.4,38.9,-133.4,-20.3,4.49,0.0,-0.43,,False,2.529,275,False,False,True,True,16.296875,-0.14,959,-12.6,113.3,-107.4,16.5,-11.45,0.0,0.04,,False,-0.243,993,False,False,True,True,16.625,-0.47,1483,0.5,-7.1,3.8,-0.4,-20.04,0.0,-0.5,506,False,-0.025,1016,False,False,False,False,15.96875,0.19,402,0.5,0.0,-1.2,0.1,0.2,0.0,0.17,,False,0.007,943,False,False,False,True,
265560,영화테크,1.7802734375,0.79,752.0,7030.0,,0.6298828125,1.15,495,19.1,18.2,-17.3,1.3,-20.2,0.0,-1.23,,False,2.281,305,False,True,True,True,1.1298828125,0.65,464,5.9,-2.1,-3.4,-3.8,-27.53,0.0,-0.13,,False,0.778,413,False,False,False,True,1.0498046875,0.73,329,5.6,-6.7,1.1,-5.6,-10.67,0.0,-0.05,483,False,0.78,296,False,False,False,False,1.5400390625,0.24,321,1.9,-0.0,-1.9,,1.59,0.0,-0.01,,False,0.253,248,False,False,False,True,
265740,엔에프씨,3.91015625,1.4,915.0,5120.0,,3.3203125,0.59,665,10.0,23.4,-22.5,11.1,20.19,0.0,-0.24,,False,1.052,542,False,False,True,True,5.921875,-2.01,1627,-24.6,-39.7,68.0,-20.3,-28.89,0.0,-0.09,30,False,-2.009,1612,False,False,False,False,4.26171875,-0.35,1416,-5.8,-16.0,22.6,-11.6,-0.58,0.0,0.19,45,False,-0.522,1460,False,False,False,False,3.8203125,0.09,613,1.1,-2.2,1.5,-1.9,-0.78,0.0,-0.05,305,False,0.119,508,False,False,False,False,
267320,나인테크,1.509765625,1.23,1125.0,1960.0,,1.6298828125,-0.12,1129,-46.1,0.3,77.0,0.1,-32.41,0.0,1.17,227,False,-1.295,1567,False,True,True,False,1.25,0.26,600,0.4,-8.1,34.9,0.1,-40.87,0.0,-0.17,384,False,0.449,525,False,False,False,False,0.6201171875,0.89,270,10.3,0.4,-10.8,0.2,-27.14,0.0,0.07,,False,0.839,270,False,False,True,True,1.3896484375,0.12,543,0.5,-0.0,-0.7,,-1.9,0.0,0.09,,False,0.031,815,False,False,False,True,
267790,배럴,1.1201171875,0.65,258.0,3355.0,,1.4296875,-0.31,1224,-1.0,-0.2,-6.7,-0.2,-5.09,0.0,0.06,,False,-0.367,1292,False,False,False,True,1.4404296875,-0.32,1079,-1.0,0.1,-5.0,0.1,-5.49,0.0,0.05,,False,-0.378,1087,False,False,True,True,1.6396484375,-0.52,1508,-1.1,-0.1,-4.1,-0.0,-3.59,0.0,-0.12,,False,-0.409,1409,False,False,False,True,1.1298828125,-0.01,1155,-0.1,-0.0,-0.6,,-2.04,0.0,0.03,,False,-0.037,1205,False,False,False,True,
267980,매일유업,13.7578125,0.39,2594.0,33850.0,,13.2265625,0.53,689,10.7,39.5,-49.4,28.8,-0.29,0.0,0.19,,False,0.33,828,False,False,True,True,13.5234375,0.23,614,-4.3,12.5,-11.3,14.0,-7.01,0.0,0.38,,False,-0.157,932,False,False,True,True,13.3203125,0.44,489,-0.6,-0.1,0.5,0.0,-2.31,0.0,0.46,623,False,-0.025,1016,False,False,False,False,13.78125,-0.02,1215,-0.6,-0.7,1.2,,2.27,0.0,-0.0,522,False,-0.021,1143,False,False,False,False,
269620,시스웍,0.5,0.0,1321.0,889.0,,0.5,0.0,987,,,,,0.0,0.0,0.0,,False,,,False,False,False,False,0.5,0.0,771,,,,,0.0,0.0,0.0,,False,,,False,False,False,False,0.5,0.0,913,,,,,0.0,0.0,0.0,,False,,,False,False,False,False,0.5,0.0,908,,,,,0.0,0.0,0.0,,False,,,False,False,False,False,
270520,앱튼,0.0,0.64,605.0,3080.0,,3.4609375,-3.46,1722,-10.4,-0.8,14.7,-0.0,808.55,-90.0,-26.66,428,False,-0.244,1235,True,True,False,False,2.91015625,-2.91,1723,-5.4,-2.8,3.0,,1250.88,-90.0,-27.95,883,False,-0.107,897,True,True,False,False,0.0,0.0,913,-3.2,-1.9,0.3,,203.75,0.0,0.68,,False,-0.562,1478,False,False,False,False,0.0,0.0,908,0.4,-0.8,0.2,,28.33,0.0,-0.08,556,False,0.081,622,False,False,False,False,
270660,에브리봇,0.0,2.1,1306.0,10290.0,,0.0,0.0,987,11.3,78.0,-89.2,-0.1,-56.12,2.58,-0.9,,False,0.954,569,True,False,True,True,0.0,0.0,771,-5.5,27.5,-20.3,0.3,-42.09,0.0,-0.02,,False,0.051,707,False,False,True,True,0.360107421875,-0.36,1422,-0.8,2.6,-1.8,0.3,-31.31,0.0,-0.45,,False,0.117,756,False,False,True,True,0.0,0.0,908,1.9,0.1,-1.8,,0.1,0.0,-0.13,,False,0.132,472,False,False,True,True,
270870,뉴트리,0.9501953125,0.41,432.0,4700.0,,0.93017578125,0.02,963,-1.4,9.8,-9.8,-0.0,-2.69,0.0,0.24,,False,-0.281,1257,False,False,True,True,1.2099609375,-0.26,1036,-2.0,10.5,-9.3,-0.0,-12.8,0.0,0.19,,False,-0.465,1140,False,False,True,True,0.77001953125,0.18,679,0.4,9.3,-9.9,-0.0,15.76,0.0,0.07,,False,0.105,770,False,False,True,True,0.93994140625,0.01,867,-0.0,2.1,-2.1,,0.11,0.0,0.01,,False,-0.002,1027,False,False,True,True,
271830,팸텍,2.41015625,0.46,288.0,975.0,,1.5498046875,0.86,571,-9.6,0.1,14.4,0.0,-44.35,0.0,0.19,697,False,0.48,763,False,False,True,False,3.060546875,-0.65,1237,-16.4,0.1,21.2,0.0,-38.52,0.0,0.38,315,False,-1.03,1391,False,False,True,False,1.6201171875,0.79,305,0.4,0.0,-0.8,,-40.84,0.0,0.35,,False,0.329,540,False,False,False,True,2.3203125,0.09,613,-0.0,0.0,0.0,,-0.81,0.0,0.1,667,False,-0.007,1068,False,False,False,False,
272110,케이엔제이,10.0625,2.32,2303.0,28700.0,,5.890625,4.17,142,118.1,-133.7,2.0,-86.2,38.65,0.0,-0.72,,False,4.811,119,False,False,False,False,13.546875,-3.48,1745,-94.5,-78.5,174.1,-28.8,-32.55,0.0,-0.2,32,False,-3.294,1709,False,False,False,False,11.7421875,-1.68,1729,-53.3,32.9,18.2,23.7,-22.54,0.0,0.52,221,False,-2.187,1714,False,False,True,False,10.4375,-0.38,1696,-15.0,5.1,10.3,5.3,12.55,0.0,0.3,126,False,-0.654,1668,False,False,True,False,
272290,이녹스첨단소재,9.53125,1.02,4237.0,21250.0,,8.8515625,0.68,634,73.0,-116.1,16.3,-128.4,-14.66,0.05,-0.39,,False,1.094,527,False,False,False,False,8.0,1.53,296,87.6,-126.7,24.9,27.5,-38.76,0.0,0.22,689,False,1.303,314,False,False,False,False,8.5234375,1.01,233,33.3,31.2,-69.2,9.5,-26.34,0.0,0.35,,False,0.656,347,False,False,True,True,9.1015625,0.43,158,1.2,6.3,-7.5,4.7,-0.93,0.0,0.4,,False,0.029,824,False,False,True,True,
273060,와이즈버즈,11.8125,0.83,412.0,816.0,,12.15625,-0.34,1234,-2.7,10.3,-8.8,-13.9,-2.16,0.0,-0.08,,False,-0.369,1294,False,False,True,True,14.40625,-2.59,1700,-15.3,22.5,-7.1,-1.6,-23.02,0.0,-0.02,,False,-2.609,1676,False,False,True,True,11.96875,-0.16,1247,-0.5,4.5,-3.0,-0.5,-27.79,0.0,-0.05,,False,-0.115,1153,False,False,True,True,11.78125,0.03,799,0.1,-0.0,-0.1,,-1.09,0.0,0.01,,False,0.023,857,False,False,False,True,
273640,와이엠텍,2.599609375,0.89,548.0,4995.0,,1.3203125,1.28,460,13.0,-11.7,-1.2,-0.5,-36.77,0.0,0.07,,False,1.197,493,False,False,False,True,1.25,1.35,318,12.7,-11.5,-3.2,-0.2,-40.25,0.0,0.06,,False,1.199,335,False,False,False,True,2.689453125,-0.09,1179,-0.5,0.1,0.3,0.1,-29.15,0.0,-0.1,,False,0.002,938,False,False,True,False,2.4609375,0.14,498,0.4,0.0,-0.4,,-1.67,0.0,0.06,,False,0.078,636,False,False,False,True,지속
274090,켄코아에어로스페이스,9.546875,0.79,1335.0,9690.0,,4.109375,5.44,90,9.9,-95.3,73.0,-84.2,-52.15,4.6,0.26,,False,5.207,98,True,False,False,False,6.44140625,3.11,147,6.6,-16.4,-6.3,-19.1,-57.41,0.37,-0.61,,False,3.348,125,False,False,False,True,5.05859375,4.49,19,103.9,-9.0,-109.7,-0.8,-47.25,0.0,-0.98,,False,5.087,10,False,False,False,True,9.7578125,-0.21,1588,-7.2,0.7,6.6,,-4.63,0.0,0.31,119,False,-0.526,1638,False,False,True,False,
274400,이노시뮬레이션,2.509765625,0.6,181.0,1993.0,,1.8896484375,0.62,653,2.2,-0.8,-2.7,0.4,-50.91,0.0,-0.38,,False,0.963,565,False,False,False,True,2.080078125,0.43,536,0.5,-0.0,-2.2,,-53.16,0.0,-0.02,,False,0.396,541,False,False,False,True,1.8701171875,0.64,365,1.2,-0.0,-1.3,,-35.61,0.0,-0.01,,False,0.6,379,False,False,False,True,2.189453125,0.32,241,0.4,-0.0,-0.4,,0.35,0.0,0.11,,False,0.214,297,False,False,False,True,
275630,에스에스알,4.16015625,0.84,208.0,3950.0,,3.140625,1.02,531,1.5,15.1,-30.3,-0.0,38.84,-12.7,-0.45,,False,0.682,681,True,False,True,True,4.1015625,0.06,692,-0.2,5.6,-12.8,-0.0,-13.57,0.0,-0.04,,False,-0.161,934,False,False,True,True,4.2890625,-0.13,1219,-0.0,0.9,-4.3,-0.0,12.7,0.0,-0.2,,False,-0.023,1011,False,False,True,True,4.1796875,-0.02,1215,0.1,0.4,-2.0,,2.86,0.0,-0.08,,False,0.061,699,False,False,True,True,
276040,스코넥,8.3984375,0.54,71.0,327.0,,6.05859375,2.34,285,4.5,-0.0,9.1,-0.0,-68.19,0.0,-0.88,39,False,3.762,179,False,False,False,False,8.65625,-0.26,1036,,,,,0.0,0.0,-0.26,,False,,,False,False,False,False,8.7265625,-0.33,1396,,,,,0.0,0.0,-0.33,,False,,,False,False,False,False,8.3984375,0.0,908,,,,,0.0,0.0,0.0,,False,,,False,False,False,False,
276730,한울앤제주,0.0,2.67,440.0,19260.0,,1.1201171875,-1.12,1488,-3.4,0.6,2.1,,1402.34,-89.69,-15.57,,False,0.646,693,True,True,True,False,1.7900390625,-1.79,1585,-4.7,0.6,2.5,,2411.08,-89.69,-16.11,845,False,-0.131,918,True,True,True,False,0.0,0.0,913,-2.7,0.6,3.0,,33.66,0.0,0.6,256,False,-0.547,1473,False,False,True,False,0.0,0.0,908,0.7,0.6,-1.2,,-3.51,0.0,-0.14,,False,0.157,403,False,False,True,True,
277070,린드먼아시아,1.23046875,0.65,427.0,3120.0,,1.7998046875,-0.57,1328,-2.8,4.9,-2.4,,-30.97,0.0,-0.16,,False,-0.452,1332,False,False,True,True,1.58984375,-0.36,1099,-2.1,4.1,-2.1,,-30.36,0.0,-0.02,,False,-0.354,1072,False,False,True,True,1.3095703125,-0.08,1161,-0.3,1.2,-0.9,,-16.69,0.0,-0.01,,False,-0.079,1116,False,False,True,True,1.23046875,0.0,908,-0.0,0.0,0.0,,6.12,0.0,0.0,684,False,-0.003,1038,False,False,False,False,
277410,인산가,0.0,0.36,242.0,6300.0,,1.490234375,-1.49,1566,3.4,-0.6,-0.7,,442.17,-90.0,-25.66,,False,1.096,526,True,True,False,True,1.7998046875,-1.8,1590,1.1,0.0,0.3,,432.54,-90.0,-23.26,,False,0.546,489,True,True,False,False,2.080078125,-2.08,1763,0.0,-0.0,1.1,,718.18,-90.0,-22.58,,False,0.161,705,True,True,False,False,2.30078125,-2.3,1807,-0.5,-0.0,1.7,,687.5,-90.0,-22.88,463,False,-0.012,1096,True,True,False,False,
277810,레인보우로보틱스,7.26171875,57.54,77017.0,397000.0,,7.3203125,-0.06,1101,-950.7,2640.8,-1693.2,-748.5,-23.51,0.0,1.06,,False,-1.123,1536,False,True,True,True,8.2265625,-0.96,1367,-1061.9,284.3,884.2,-265.2,-35.55,0.0,0.06,429,False,-1.033,1393,False,False,True,False,7.359375,-0.1,1188,-62.0,56.2,55.0,-71.3,-35.55,0.0,-0.1,,False,0.0,948,False,False,True,False,6.83984375,0.42,162,105.6,-92.3,2.6,28.3,-7.89,0.0,0.29,634,False,0.132,472,False,False,False,False,
277880,티에스아이,3.0703125,0.61,620.0,3125.0,,0.81005859375,2.26,299,21.2,-0.4,-22.2,-0.3,-40.7,-1.8,0.4,,False,1.921,357,True,False,False,True,3.16015625,-0.09,929,-1.0,-0.1,1.3,,-40.93,0.0,0.02,814,False,-0.107,897,False,False,False,False,2.830078125,0.24,616,1.3,-0.3,-1.1,,-22.46,0.0,0.02,,False,0.206,654,False,False,False,True,3.05078125,0.02,827,-0.5,0.0,0.5,,0.32,0.0,0.1,442,False,-0.076,1318,False,False,False,False,스파이크
278280,천보,3.5,0.94,4184.0,34150.0,,2.66015625,0.84,577,76.0,-387.1,306.6,-85.0,-31.15,4.98,0.24,111,False,0.564,719,True,False,False,False,4.328125,-0.83,1320,-44.3,-20.7,41.2,-11.2,-46.22,1.89,0.21,505,False,-1.145,1428,True,False,False,False,3.810546875,-0.31,1386,-48.4,21.3,-5.1,4.9,-21.49,0.0,0.59,,False,-1.007,1612,False,False,True,True,3.529296875,-0.03,1262,-2.8,2.2,0.3,-0.0,-3.53,0.0,0.03,653,False,-0.061,1286,False,False,True,False,
278650,HLB바이오스텝,2.41015625,0.37,366.0,2100.0,,3.849609375,-1.44,1552,1.0,-4.5,3.2,,45.33,-79.96,-19.44,,False,0.519,743,True,True,False,False,3.91015625,-1.5,1518,-7.8,-0.3,8.6,,48.41,-80.0,-15.66,787,False,-0.3,1030,True,True,False,False,1.4501953125,0.96,246,2.0,-1.0,-0.9,,-33.23,0.0,0.31,,False,0.65,353,False,False,False,True,1.419921875,0.99,40,1.6,0.0,-1.6,,-26.57,0.0,0.41,,False,0.579,67,False,False,False,True,
279600,미디어젠,0.4599609375,1.04,164.0,3505.0,,0.5,-0.04,1088,-0.6,-0.0,2.8,,-43.1,0.0,-0.22,455,False,-0.102,1139,False,False,False,False,0.449951171875,0.01,753,0.1,0.0,1.7,,-42.64,0.0,-0.31,563,False,0.022,760,False,False,False,False,0.580078125,-0.12,1208,-0.3,-0.0,0.4,,-6.66,0.0,0.1,457,False,-0.182,1231,False,False,False,False,0.4599609375,0.0,908,0.0,0.0,-0.0,,-2.77,0.0,-0.01,,False,0.008,939,False,False,False,False,
281740,레이크머티리얼즈,10.4296875,5.81,7822.0,11900.0,,6.6015625,3.83,163,610.1,369.2,-1000.6,-37.8,-17.93,0.0,-1.02,,False,4.87,112,False,True,True,True,8.2890625,2.14,221,356.2,-181.2,-188.3,-100.1,-45.41,0.0,-0.86,,False,2.984,150,False,False,False,True,9.46875,0.96,246,76.7,-41.5,-35.4,-54.3,-30.57,0.0,0.25,,False,0.717,317,False,False,False,True,10.4765625,-0.05,1326,-3.1,-1.7,4.7,-5.8,-0.17,0.0,-0.0,466,False,-0.04,1222,False,False,False,False,
282720,금양그린파워,0.9501953125,0.84,807.0,6660.0,,1.48046875,-0.53,1311,3.5,5.0,10.1,-7.1,-33.27,0.0,0.34,340,False,-0.873,1476,False,False,True,False,3.33984375,-2.39,1677,-18.7,1.2,16.2,-0.1,-54.97,0.0,0.08,229,False,-2.432,1666,False,False,True,False,2.75,-1.8,1743,-17.0,2.8,11.9,,-26.33,0.0,-0.14,140,False,-1.677,1687,False,False,True,False,0.81005859375,0.14,498,1.6,-0.9,-0.7,,1.52,0.0,-0.05,,False,0.195,328,False,False,False,True,
282880,코윈테크,1.9697265625,0.66,1154.0,9870.0,,1.41015625,0.56,675,34.6,0.8,-34.0,0.4,-44.61,1.96,-0.96,,False,1.548,417,True,False,True,True,3.310546875,-1.34,1487,-17.8,5.7,9.5,0.4,-34.51,1.96,-0.24,678,False,-1.035,1394,True,False,True,False,1.9404296875,0.03,837,1.4,5.6,-7.0,0.3,-21.67,0.0,-0.1,,False,0.129,743,False,False,True,True,1.83984375,0.13,520,1.9,1.7,-3.4,-0.0,1.86,0.0,-0.04,,False,0.166,380,False,False,True,True,스파이크
284620,카이노스메드,9.8515625,31.06,360.0,1087.0,,9.7890625,0.06,920,,,,,0.0,0.0,0.06,,False,,,False,False,False,False,9.84375,0.01,753,,,,,0.0,0.0,0.01,,False,,,False,False,False,False,9.84375,0.01,883,,,,,0.0,0.0,0.01,,False,,,False,False,False,False,9.8515625,0.0,908,,,,,0.0,0.0,0.0,,False,,,False,False,False,False,
285490,노바텍,5.6015625,0.66,1183.0,11190.0,,1.3603515625,4.24,136,96.4,3.9,-10.5,-6.8,-47.95,0.0,-0.34,,False,4.441,133,False,False,True,True,5.28125,0.32,573,12.5,0.5,-15.1,2.3,-49.71,0.0,-0.71,,False,0.919,394,False,False,True,True,5.890625,-0.29,1379,-1.4,0.4,0.7,0.2,-24.54,0.0,-0.21,557,False,-0.12,1158,False,False,True,False,5.66015625,-0.06,1348,-1.8,-0.0,1.8,,1.54,0.0,0.1,319,False,-0.152,1443,False,False,False,False,
285800,진영,2.220703125,0.54,191.0,1093.0,,1.330078125,0.89,564,-1.0,-5.5,5.6,-5.5,-30.07,0.0,-0.74,654,False,1.555,415,False,False,False,False,1.0302734375,1.19,343,4.9,0.0,-4.3,-0.0,-52.06,0.0,-1.06,,False,2.383,191,False,True,False,True,2.380859375,-0.16,1247,0.7,0.0,-1.0,,0.64,0.0,-0.71,,False,0.511,432,False,False,False,True,2.509765625,-0.29,1658,1.9,0.1,-2.2,,32.65,0.0,-1.42,,False,1.137,23,False,True,True,True,
286750,나노실리칸첨단소재,0.64990234375,1.99,546.0,1704.0,,1.009765625,-0.36,1239,-3.2,-0.2,0.0,,2.9,0.0,-0.29,,False,-0.312,1265,False,False,False,False,2.419921875,-1.77,1579,-8.5,-0.2,4.3,,23.48,0.0,-0.36,508,False,-1.642,1541,False,False,False,False,1.1103515625,-0.46,1476,-2.2,-0.2,-0.5,,17.27,0.0,-0.21,,False,-0.328,1353,False,False,False,True,0.8701171875,-0.22,1597,-0.6,-0.2,0.8,,-3.62,0.0,-0.11,336,False,-0.111,1386,False,False,False,False,
287840,인투셀,5.12109375,13.33,3305.0,22000.0,,3.9296875,1.19,481,112.3,-137.6,12.2,-0.1,-59.41,0.14,-0.94,,False,2.214,313,False,False,False,False,4.80859375,0.31,580,19.6,-28.9,16.5,25.1,-49.71,0.0,-0.31,,False,0.701,440,False,False,False,False,6.12890625,-1.01,1654,-18.1,10.9,7.4,9.5,-11.47,0.0,-0.5,450,False,-0.5,1446,False,False,True,False,4.80859375,0.31,249,9.7,-1.7,-7.4,-1.2,0.46,0.0,0.03,,False,0.278,226,False,False,False,True,
288180,케이피항공산업,0.9501953125,0.0,583.0,7880.0,,,,,-2.2,-59.2,40.7,-5.7,,,,,False,,,False,False,False,False,,,,-2.2,-59.2,40.7,-5.7,,,,,False,,,False,False,False,False,0.75,0.2,653,1.7,-5.1,3.3,,-41.93,0.0,-0.17,338,False,0.391,497,False,False,False,False,0.5,0.45,149,4.2,-5.0,0.8,,-10.56,0.0,-0.25,356,False,0.701,45,False,False,False,False,스파이크
288330,파라택시스코리아,51.78125,1.01,441.0,416.0,,34.3125,17.47,6,2.1,-0.9,6.4,-0.0,-61.48,0.0,16.85,578,False,0.808,627,False,True,False,False,34.34375,17.44,6,,,,,0.0,0.0,17.44,,False,,,False,True,False,False,51.78125,0.0,913,,,,,0.0,0.0,0.0,,False,,,False,False,False,False,51.78125,0.0,908,,,,,0.0,0.0,0.0,,False,,,False,False,False,False,
288620,에스프리즘,4.91015625,0.61,281.0,4030.0,,3.08984375,1.82,363,18.0,-1.1,-17.2,,-60.1,0.0,-0.82,,False,2.583,272,False,False,False,True,3.470703125,1.44,303,8.4,0.0,-9.7,,-59.0,0.0,0.24,,False,1.171,342,False,False,False,True,4.890625,0.02,855,0.1,-0.0,-0.1,,-44.64,0.0,-0.05,,False,0.065,821,False,False,False,True,5.01171875,-0.1,1452,-0.3,0.0,0.3,,-9.64,0.0,-0.01,404,False,-0.094,1361,False,False,False,False,
288980,모아데이타,0.77978515625,1.65,313.0,860.0,,2.099609375,-1.32,1527,-10.7,-0.6,9.2,,-4.97,5.28,0.38,320,False,-2.028,1655,True,False,False,False,2.529296875,-1.75,1574,-9.7,-0.6,9.1,,-38.62,5.28,0.2,225,False,-2.171,1636,True,False,False,False,1.8095703125,-1.03,1660,-3.0,0.0,2.7,,-7.92,0.0,-0.42,252,False,-0.78,1564,False,False,False,False,0.83984375,-0.06,1348,0.4,0.0,-0.4,,-9.57,0.0,-0.18,,False,0.106,545,False,False,False,True,
289010,아이스크림에듀,3.029296875,0.3,128.0,919.0,,4.55859375,-1.53,1572,-3.0,-1.5,4.0,-2.0,-45.04,0.0,-0.6,344,False,-1.216,1551,False,False,False,False,3.109375,-0.08,920,-1.3,0.2,0.8,,-44.34,0.0,0.16,834,False,-0.441,1129,False,False,True,False,3.01953125,0.01,883,0.2,0.1,-0.7,,-28.59,0.0,-0.46,,False,0.187,674,False,False,True,True,3.26953125,-0.24,1622,-0.1,0.0,0.0,,2.11,0.0,-0.22,650,False,-0.096,1365,False,False,False,False,
289080,SV인베스트먼트,4.76171875,1.38,1087.0,1807.0,,3.259765625,1.5,410,15.0,-68.4,61.9,-0.2,-8.74,10.78,-0.07,219,False,1.942,355,True,False,False,False,0.0,4.76,66,95.6,-67.9,-20.2,-0.2,-54.82,10.72,-0.08,,False,5.298,52,True,False,False,True,4.98828125,-0.23,1334,-1.7,-0.2,1.6,,-27.86,0.0,-0.02,490,False,-0.166,1210,False,False,False,False,4.69140625,0.07,665,-2.5,0.0,2.5,,3.55,0.0,0.31,232,False,-0.239,1526,False,False,False,False,
289220,자이언트스텝,4.05859375,0.57,299.0,1340.0,,2.359375,1.7,378,18.4,-17.4,-3.2,0.0,-67.71,0.0,-1.49,,False,3.175,224,False,True,False,True,3.01953125,1.04,376,2.8,-1.6,-1.4,0.0,-59.02,0.0,-0.21,,False,1.182,337,False,False,False,True,3.169921875,0.89,270,2.4,-0.3,-2.3,,-22.81,0.0,-0.0,,False,0.843,267,False,False,False,True,4.01171875,0.05,725,0.1,-0.0,-0.1,,3.63,0.0,0.02,,False,0.027,837,False,False,False,True,
289930,웨이비스,10.15625,1.89,1018.0,7740.0,,2.869140625,7.29,43,192.9,-108.3,340.7,-17.2,-26.29,5.03,-0.45,15,True,8.2,31,True,False,False,False,10.7890625,-0.63,1229,2.8,-45.7,194.2,-16.4,-59.48,1.0,0.18,19,True,-0.882,1334,True,False,False,False,11.640625,-1.48,1706,-16.1,-1.0,16.3,-1.2,-31.2,0.0,-0.11,103,False,-1.417,1662,False,False,False,False,10.5,-0.34,1682,-4.3,1.2,2.3,,6.61,0.0,0.05,221,False,-0.431,1614,False,False,True,False,
290090,트윔,0.6201171875,0.46,308.0,4135.0,,0.3701171875,0.25,803,0.6,-0.1,-0.6,,-42.41,0.0,0.08,,False,0.188,921,False,False,False,True,0.6201171875,0.0,771,-0.3,-0.1,0.5,,-39.19,0.0,0.04,849,False,-0.041,842,False,False,False,False,0.56005859375,0.06,788,0.2,-0.1,-0.1,,-19.24,0.0,-0.01,,False,0.063,823,False,False,False,True,0.6201171875,0.0,908,0.0,-0.0,0.0,,-8.11,0.0,0.0,700,False,0.0,986,False,False,False,False,
290120,DH오토리드,1.080078125,0.37,371.0,2345.0,,1.009765625,0.07,910,0.8,-0.2,-3.7,,-26.03,0.01,-0.56,,False,0.098,973,False,False,False,True,2.150390625,-1.07,1407,-4.2,-0.0,1.7,,-15.8,0.01,-0.47,595,False,-1.138,1424,False,False,False,False,1.599609375,-0.52,1508,-2.1,-0.0,2.3,,-7.86,0.0,0.04,279,False,-0.534,1463,False,False,False,False,1.16015625,-0.08,1395,-0.4,-0.0,0.4,,0.21,0.0,0.01,376,False,-0.092,1354,False,False,False,False,
290270,휴네시온,2.630859375,0.49,258.0,2685.0,,2.720703125,-0.09,1114,0.3,1.5,11.0,0.9,-31.85,0.0,-0.44,421,False,0.223,891,False,False,True,False,3.599609375,-0.97,1370,-4.1,2.0,2.1,1.3,-40.33,0.0,-0.08,810,False,-0.851,1320,False,False,True,False,3.16015625,-0.53,1516,-0.6,-0.0,-0.1,,-6.45,0.0,-0.32,,False,-0.209,1259,False,False,False,True,2.630859375,0.0,908,0.1,-0.0,-0.1,,1.13,0.0,-0.04,,False,0.041,773,False,False,False,True,
290520,신도기연,1.0595703125,0.39,233.0,1480.0,,1.2197265625,-0.16,1157,-1.8,0.1,1.6,0.3,-19.13,-1.21,-0.2,,False,0.013,1064,True,False,True,False,1.1298828125,-0.07,915,-1.9,0.1,1.9,0.3,-38.84,-1.21,0.16,759,False,-0.255,1001,True,False,True,False,1.009765625,0.05,805,0.3,-0.2,-0.1,0.0,-21.53,-1.21,-0.09,,False,0.118,751,True,False,False,True,1.080078125,-0.02,1215,0.0,0.0,-0.0,,-0.27,0.0,-0.03,,False,0.015,903,False,False,False,False,
290550,디케이티,5.44140625,2.21,4480.0,22400.0,,3.349609375,2.09,324,-17.4,469.3,-469.1,51.0,220.92,0.0,0.09,,False,1.958,353,False,False,True,True,5.390625,0.05,701,-57.3,388.5,-290.4,30.0,-5.08,0.0,0.37,,False,-0.286,1020,False,False,True,True,8.296875,-2.86,1790,-136.1,189.8,-31.4,51.0,-0.88,0.0,0.1,,False,-2.907,1734,False,False,True,True,6.37890625,-0.94,1773,-66.0,63.9,-0.6,20.4,17.65,0.0,0.58,,False,-1.526,1713,False,False,True,True,
290560,파라택시스이더리움,17.296875,0.81,261.0,1165.0,,1.509765625,15.79,12,0.3,-0.0,0.2,,-86.21,500.0,16.74,,False,-1.145,1541,True,True,False,False,2.01953125,15.28,9,-5.2,-0.0,4.0,,-43.17,0.0,16.85,481,False,-1.473,1502,False,True,False,False,17.6875,-0.39,1437,-1.3,0.0,0.3,,11.06,0.0,-0.2,,False,-0.371,1375,False,False,False,False,17.15625,0.14,498,0.3,0.0,-0.3,,4.58,0.0,0.03,,False,0.109,536,False,False,False,True,스파이크
290650,엘앤씨바이오,21.734375,8.74,19148.0,71000.0,,4.46875,17.27,7,3268.3,590.3,-3780.6,35.9,28.16,8.56,2.05,,False,16.959,3,True,True,True,True,17.5625,4.17,92,715.4,416.1,-1151.4,164.9,-3.4,8.54,1.68,,False,4.22,81,True,True,True,True,21.90625,-0.17,1267,-210.3,653.9,-459.1,225.4,-9.21,0.0,0.72,,False,-0.895,1588,False,False,True,True,21.515625,0.22,348,8.7,14.3,-22.2,20.5,1.72,0.0,0.18,,False,0.039,781,False,False,True,True,
290660,다이나믹솔루션,0.0,0.97,583.0,1360.0,,1.4404296875,-1.44,1552,-14.1,0.5,166.5,-0.1,99.12,-40.58,0.31,11,True,-1.795,1640,True,False,True,False,2.740234375,-2.74,1710,-11.8,1.1,45.0,,22.19,-44.98,-2.37,44,False,-1.578,1524,True,True,True,False,0.669921875,-0.67,1570,-0.1,1.1,-3.8,,44.83,-49.75,-1.46,,False,0.044,846,True,True,True,True,0.0,0.0,908,0.3,-0.2,-0.3,,3.9,0.0,-0.07,,False,0.053,728,False,False,False,True,
290670,대보마그네틱,1.33984375,2.1,397.0,5050.0,,1.9296875,-0.59,1333,-7.5,-0.9,8.4,,-58.91,0.0,-0.21,545,False,-0.427,1325,False,False,False,False,2.0,-0.66,1246,-10.1,-0.5,10.4,,-56.62,0.0,0.05,516,False,-0.755,1282,False,False,False,False,1.259765625,0.08,769,-0.7,-0.5,1.1,,-26.38,0.0,0.03,574,False,0.023,884,False,False,False,False,1.3603515625,-0.02,1215,-0.3,0.0,0.3,,2.75,0.0,0.05,444,False,-0.072,1308,False,False,False,False,
290690,소룩스,0.360107421875,2.48,2433.0,4625.0,,0.68994140625,-0.33,1231,-27.8,-14.3,26.0,-0.2,5.84,7.89,0.03,,False,-0.416,1320,True,False,False,False,1.009765625,-0.65,1237,-26.4,-14.3,30.5,-0.2,19.35,6.61,0.1,709,False,-0.696,1258,True,False,False,False,1.1298828125,-0.77,1608,-12.5,-13.6,-1.2,,-6.0,3.19,-0.2,636,False,-0.558,1476,True,False,False,True,0.81982421875,-0.46,1715,-4.9,0.1,4.2,,1.09,0.0,-0.27,310,False,-0.19,1488,False,False,True,False,
290720,푸드나무,0.419921875,3.01,1089.0,3070.0,,0.83984375,-0.42,1271,-5.1,-0.0,0.8,-0.0,56.23,3.18,1.12,,False,-0.417,1321,True,True,False,False,0.830078125,-0.41,1122,-6.6,0.0,6.1,,-22.28,0.96,1.22,652,False,-0.523,1175,False,True,False,False,0.56982421875,-0.15,1244,-1.8,-0.0,4.5,,-5.25,0.0,0.13,356,False,-0.133,1174,False,False,False,False,0.340087890625,0.08,642,0.7,-0.0,1.2,,-2.07,0.0,0.19,381,False,0.061,699,False,False,False,False,
290740,액트로,14.8984375,0.99,794.0,7890.0,,2.259765625,12.64,15,257.6,-155.6,26.3,-61.1,-64.54,0.0,-0.59,378,False,13.096,10,False,False,False,False,13.8671875,1.03,377,29.7,-69.4,35.6,-12.6,-58.71,0.0,-1.12,265,False,2.129,216,False,True,False,False,14.9765625,-0.08,1161,-2.7,-1.5,3.7,0.2,-35.8,0.0,-0.06,384,False,-0.023,1011,False,False,False,False,14.703125,0.2,382,-1.0,0.1,0.8,-0.4,3.82,0.0,0.33,394,False,-0.134,1423,False,False,True,False,
291230,엔피,0.669921875,1.08,283.0,641.0,,2.359375,-1.69,1597,-1.9,1.5,-0.7,,-44.69,0.0,-1.73,,False,0.126,953,False,True,True,True,0.39990234375,0.27,593,1.0,0.1,-2.2,,-30.1,0.0,0.08,,False,0.225,612,False,False,True,True,0.64013671875,0.03,837,-0.1,-0.1,0.3,,20.72,0.0,0.04,556,False,0.005,930,False,False,False,False,0.7001953125,-0.03,1262,-0.2,-0.1,0.3,,56.34,0.0,0.04,360,False,-0.062,1291,False,False,False,False,
291650,압타머사이언스,20.46875,1.37,574.0,941.0,,3.419921875,17.05,8,-7.0,-0.3,4.2,,-0.95,51.62,19.36,404,False,-1.706,1628,True,True,False,False,3.109375,17.36,7,-6.4,0.2,5.0,,-48.35,51.62,19.59,304,False,-1.84,1588,True,True,True,False,21.6875,-1.22,1682,-6.1,-0.1,6.3,,10.19,0.0,-0.04,125,False,-1.191,1639,False,False,False,False,20.625,-0.16,1524,-0.8,0.0,0.8,,-9.61,0.0,-0.04,363,False,-0.121,1400,False,False,False,False,
291810,핀텔,1.3896484375,0.99,171.0,1501.0,,2.5,-1.11,1485,-7.3,-0.4,7.5,,-38.73,0.0,1.26,271,False,-2.449,1688,False,True,False,False,1.9599609375,-0.57,1198,-5.4,-0.2,5.0,,-30.83,0.0,1.25,332,False,-1.868,1593,False,True,False,False,1.990234375,-0.6,1545,-2.7,-0.0,2.4,,22.93,0.0,0.9,130,False,-1.557,1676,False,False,False,False,1.0498046875,0.34,224,-1.5,-0.6,2.0,,37.08,0.0,0.97,41,False,-0.653,1667,False,False,False,False,
293490,카카오게임즈,4.69140625,0.59,8419.0,7850.0,,9.6015625,-4.91,1757,-385.0,275.4,112.3,-15.1,-45.9,19.44,-0.51,359,False,-3.41,1726,True,False,True,False,7.19921875,-2.51,1694,-156.8,15.8,142.4,13.4,-36.85,19.44,0.05,369,False,-1.669,1549,True,False,True,False,7.01953125,-2.33,1772,-122.9,41.6,80.8,0.1,-13.83,19.44,-0.03,208,False,-1.39,1658,True,False,True,False,4.83984375,-0.15,1513,-10.4,0.9,7.8,1.1,-7.43,0.0,-0.03,416,False,-0.116,1394,False,False,True,False,
293580,나우IB,1.9296875,1.17,1226.0,1291.0,,0.919921875,1.01,538,-13.9,0.0,9.0,0.5,-13.36,0.0,0.27,,False,0.798,633,False,False,False,False,3.140625,-1.21,1454,-43.9,0.3,47.9,0.5,-47.09,0.0,-0.04,336,False,-1.176,1438,False,False,True,False,1.41015625,0.52,441,7.2,0.0,-7.5,,-26.06,0.0,0.01,,False,0.572,397,False,False,False,True,1.759765625,0.17,434,1.6,-0.0,-1.6,,0.62,0.0,0.05,,False,0.128,480,False,False,False,True,
293780,압타바이오,1.76953125,2.53,1193.0,4245.0,,2.779296875,-1.01,1461,-9.0,-11.7,24.9,,-50.41,4.51,0.01,330,False,-0.94,1490,True,False,False,False,2.609375,-0.84,1323,-16.3,-0.6,23.3,,-43.1,0.0,0.27,348,False,-1.118,1416,False,False,False,False,2.220703125,-0.45,1470,-5.8,-0.5,6.1,,-12.83,0.0,0.01,307,False,-0.474,1432,False,False,False,False,2.0,-0.23,1610,-2.3,0.0,2.3,,0.95,0.0,-0.03,268,False,-0.199,1500,False,False,False,False,
294090,이오플로우,20.890625,0.0,623.0,1490.0,,21.40625,-0.52,1308,,,,,0.0,1.78,-0.14,,False,,,True,False,False,False,21.0,-0.11,938,,,,,0.0,0.48,-0.01,,False,,,False,False,False,False,20.890625,0.0,913,,,,,0.0,0.0,0.0,,False,,,False,False,False,False,20.890625,0.0,908,,,,,0.0,0.0,0.0,,False,,,False,False,False,False,
294140,레몬,1.3701171875,5.05,460.0,2050.0,,1.6904296875,-0.32,1227,-3.3,1.4,3.3,,-74.44,0.0,0.05,530,False,-0.395,1308,False,False,True,False,2.91015625,-1.54,1527,-10.6,0.0,11.0,,-44.37,0.0,-0.35,392,False,-1.193,1443,False,False,False,False,1.580078125,-0.21,1309,-1.0,0.0,1.1,,-31.09,0.0,-0.06,460,False,-0.16,1201,False,False,False,False,1.3701171875,0.0,908,0.2,0.0,-0.0,,-4.65,0.0,-0.03,,False,0.034,802,False,False,False,False,
294570,쿠콘,4.3984375,1.05,1792.0,17760.0,,3.279296875,1.12,504,21.9,91.4,-71.7,2.0,-38.55,0.0,-0.43,,False,1.534,419,False,False,True,True,3.029296875,1.37,315,24.5,-0.2,-45.7,0.4,-41.67,0.0,0.02,,False,1.35,307,False,False,False,True,3.2109375,1.19,200,18.3,-0.0,-19.4,-0.1,-21.93,0.0,0.22,,False,0.952,239,False,False,False,True,4.19140625,0.21,368,2.6,-0.1,-2.4,-0.1,0.91,0.0,0.07,,False,0.138,459,False,False,False,True,
294630,서남,0.0,7.13,697.0,2630.0,,1.5595703125,-1.56,1579,-39.1,6.3,36.7,3.4,1.54,0.5,0.11,316,False,-1.631,1617,False,False,True,False,3.740234375,-3.74,1754,-38.1,-0.3,39.9,,-53.62,0.5,-0.51,135,False,-3.102,1699,False,False,False,False,0.85986328125,-0.86,1633,-7.4,0.0,7.0,,-12.33,0.5,-0.06,219,False,-0.82,1574,False,False,False,False,0.0,0.0,908,-0.4,-0.0,0.4,,5.62,0.5,0.06,457,False,-0.063,1293,False,False,False,False,
295310,에이치브이엠,7.6015625,5.49,5011.0,41600.0,,4.828125,2.77,241,338.0,533.4,-842.7,-153.9,-44.75,1.22,-2.19,,False,5.213,95,True,True,True,True,3.970703125,3.63,113,328.6,-47.5,-277.0,-13.0,-53.93,0.16,-0.94,,False,4.608,72,False,False,False,True,2.689453125,4.91,15,323.4,-143.1,-163.4,-10.9,-52.62,0.16,0.23,,False,4.756,16,False,False,False,True,7.109375,0.49,129,23.9,-13.1,-10.9,-1.5,-8.17,0.0,0.04,,False,0.451,103,False,False,False,True,지속
296640,이노에이엑스,2.099609375,0.76,265.0,5110.0,,2.009765625,0.09,897,1.9,3.2,-3.1,2.8,-2.48,0.0,-0.06,,False,0.149,940,False,False,True,True,4.6015625,-2.5,1692,-9.2,1.4,8.0,1.5,-33.12,0.0,-0.07,218,False,-2.423,1664,False,False,True,False,2.359375,-0.26,1356,-0.9,-0.1,1.0,0.1,-12.2,0.0,0.07,393,False,-0.285,1316,False,False,False,False,2.2109375,-0.11,1463,-0.3,-0.2,0.5,-0.2,4.29,0.0,0.03,269,False,-0.105,1374,False,False,False,False,스파이크
297090,씨에스베어링,3.689453125,1.02,1025.0,3760.0,,2.2890625,1.4,433,69.5,80.7,-154.8,-9.9,-36.81,0.0,-0.5,,False,1.933,356,False,False,True,True,6.73828125,-3.05,1730,-35.2,-21.0,57.3,-17.3,-51.79,0.0,-0.2,50,False,-2.832,1688,False,False,False,False,5.91015625,-2.22,1769,-22.1,-3.0,26.7,,-35.84,0.0,-0.46,57,False,-1.72,1692,False,False,False,False,3.650390625,0.04,763,0.2,-0.9,0.8,,1.08,0.0,0.02,459,False,0.024,852,False,False,False,False,
297570,아틀라스링크,0.85009765625,0.78,363.0,1049.0,,1.4697265625,-0.62,1343,-3.8,9.7,-23.4,-0.1,13.77,0.0,-0.31,,False,-0.402,1314,False,False,True,True,1.9697265625,-1.12,1427,-5.1,-1.0,2.0,-0.3,-41.59,0.0,-0.38,691,False,-0.784,1294,False,False,False,False,1.08984375,-0.24,1342,-0.7,-0.0,0.3,,-6.76,0.0,-0.12,571,False,-0.171,1217,False,False,False,False,0.85009765625,0.0,908,-0.2,-0.0,0.1,,-2.87,0.0,0.04,580,False,-0.043,1235,False,False,False,False,
297890,HB솔루션,1.16015625,0.49,1218.0,1665.0,,3.16015625,-2.0,1628,-34.2,-0.4,34.9,0.2,-22.38,0.0,0.11,282,False,-2.069,1657,False,False,False,False,3.060546875,-1.9,1608,-34.1,-0.6,35.3,-0.2,-21.65,0.0,0.08,236,False,-1.968,1602,False,False,False,False,1.240234375,-0.08,1161,-2.7,0.6,2.2,,-13.28,0.0,0.1,491,False,-0.181,1229,False,False,True,False,0.9599609375,0.2,382,-0.9,0.5,0.4,,3.8,0.0,0.28,530,False,-0.077,1321,False,False,True,False,
298060,풍전약품,2.240234375,0.64,231.0,2615.0,,2.509765625,-0.27,1209,1.7,-15.7,2.6,,229.76,-80.0,-17.36,,False,0.782,641,True,True,False,False,3.349609375,-1.11,1422,-2.3,-7.0,1.3,,198.52,-80.0,-16.87,,False,-0.132,919,True,True,False,False,2.130859375,0.11,737,0.1,0.0,-0.7,,-7.1,0.0,0.06,,False,0.069,812,False,False,False,True,2.23046875,0.01,867,-0.0,0.0,-0.0,,-3.33,0.0,0.03,,False,-0.019,1131,False,False,False,False,
298380,에이비엘바이오,13.3515625,26.93,42327.0,75600.0,,12.65625,0.7,621,302.4,707.7,-130.8,-1427.5,-60.75,1.56,-0.05,559,False,0.948,572,True,False,True,True,12.5390625,0.81,416,253.6,-879.4,616.3,-54.6,-53.87,0.0,-0.12,796,False,0.901,398,False,False,False,False,13.609375,-0.26,1356,-313.3,710.1,-380.6,126.6,-23.4,0.0,0.12,,False,-0.366,1373,False,False,True,True,12.53125,0.82,54,220.5,-11.2,-197.0,18.4,-6.09,0.0,0.31,,False,0.518,86,False,False,False,True,지속
298540,더네이쳐홀딩스,8.5390625,0.26,889.0,6140.0,,8.90625,-0.37,1244,-0.1,-12.4,9.2,-0.3,-21.88,0.0,-0.15,462,False,-0.139,1165,False,False,False,False,8.8125,-0.27,1044,-5.9,-0.9,7.6,0.9,-23.06,0.0,0.38,548,False,-0.6,1204,False,False,False,False,8.296875,0.24,616,-0.2,-0.0,0.1,,-2.54,0.0,0.26,634,False,-0.018,999,False,False,False,False,8.46875,0.07,665,0.5,0.0,-0.5,,-4.66,0.0,0.02,,False,0.059,709,False,False,False,True,스파이크
298830,슈어소프트테크,4.73046875,1.88,2029.0,3795.0,,0.9599609375,3.77,165,82.9,-24.9,-55.0,2.4,-56.13,0.0,0.3,,False,3.503,203,False,False,False,True,4.3984375,0.33,569,-25.3,-7.6,31.8,-4.7,-50.65,0.0,-0.04,,False,0.337,568,False,False,False,False,3.849609375,0.88,276,17.2,0.1,-18.1,0.1,-29.72,0.0,0.15,,False,0.728,312,False,False,True,True,4.7109375,0.02,827,-4.4,-0.0,4.5,,-3.19,0.0,0.24,243,False,-0.215,1513,False,False,False,False,
299030,하나기술,0.52001953125,0.98,984.0,12310.0,,0.320068359375,0.2,829,37.8,5.4,-47.3,1.9,-56.04,0.0,-0.0,,False,0.201,912,False,False,True,True,3.0703125,-2.55,1697,-33.3,-3.5,38.8,-0.5,-55.8,0.0,0.1,159,False,-2.693,1680,False,False,False,False,1.0,-0.48,1485,-11.7,0.8,10.4,-0.0,-33.78,0.0,0.48,188,False,-0.986,1605,False,False,True,False,0.83984375,-0.32,1676,-6.9,0.1,6.6,,-2.3,0.0,0.3,89,False,-0.628,1662,False,False,True,False,
299170,더블유에스아이,4.7109375,0.92,546.0,1315.0,,2.109375,2.6,257,-2.7,0.9,1.2,-9.1,-65.39,1.48,0.76,,False,1.844,371,True,False,True,False,4.55859375,0.15,644,-7.8,-0.0,9.8,,-46.98,0.0,0.07,,False,0.265,591,False,False,False,False,3.330078125,1.38,159,7.2,-0.0,-6.9,,-17.81,0.0,0.04,,False,1.387,154,False,False,False,True,4.66015625,0.05,725,0.7,-0.0,-0.7,,-0.53,0.0,-0.09,,False,0.141,450,False,False,False,True,
299660,셀리드,1.669921875,0.45,335.0,1136.0,,4.9296875,-3.26,1718,-40.3,-2.3,43.4,-0.0,-58.31,0.0,-0.98,232,False,-2.346,1677,False,False,False,False,3.130859375,-1.46,1514,-25.0,-2.2,26.6,-0.0,-61.29,0.0,-0.22,334,False,-1.348,1474,False,False,False,False,1.0498046875,0.62,374,2.1,-2.2,-0.5,,-54.01,0.0,-0.34,,False,0.822,279,False,False,False,True,1.4296875,0.24,321,2.1,-0.0,-2.1,,-10.9,0.0,-0.41,,False,0.645,54,False,False,False,True,스파이크
299900,위지윅스튜디오,2.4296875,0.31,399.0,233.0,,3.69921875,-1.27,1515,10.1,-18.3,7.8,,-63.93,0.0,-2.3,379,False,1.044,547,False,True,False,False,3.51953125,-1.09,1411,-10.4,-0.5,10.9,,-48.79,0.0,0.39,320,False,-1.485,1503,False,False,False,False,2.33984375,0.09,754,0.4,-0.1,-0.5,,-22.33,0.0,-0.06,,False,0.132,739,False,False,False,True,2.369140625,0.06,693,,,,,0.0,0.0,0.06,,False,,,False,False,False,False,스파이크
300080,플리토,5.0,6.88,1185.0,7180.0,,5.26171875,-0.26,1204,17.0,-87.4,64.6,-7.2,-55.71,0.0,-1.69,283,False,1.376,457,False,True,False,False,6.62890625,-1.63,1553,-14.9,-0.0,8.8,-1.1,-41.82,0.0,-1.6,,False,-0.052,849,False,True,False,False,3.580078125,1.42,152,15.3,0.8,-16.9,,-10.25,0.0,0.0,,False,1.41,150,False,False,True,True,4.2890625,0.71,68,9.2,-0.0,-9.6,,8.62,0.0,-0.09,,False,0.797,39,False,False,False,True,
300120,라온피플,2.48046875,0.52,243.0,490.0,,2.869140625,-0.39,1255,-6.6,-34.2,53.3,-7.0,-75.86,137.32,1.61,9,True,-0.98,1504,True,True,False,False,4.53125,-2.05,1637,-7.9,-2.6,14.2,-2.0,-57.13,0.0,-0.56,166,False,-1.526,1513,False,False,False,False,2.919921875,-0.44,1464,-1.2,-0.1,1.3,,-12.97,0.0,-0.02,314,False,-0.447,1425,False,False,False,False,2.69921875,-0.22,1597,-0.2,0.0,0.4,,8.17,0.0,-0.06,322,False,-0.074,1312,False,False,False,False,
301300,바이브컴퍼니,2.5,0.4,172.0,1306.0,,2.689453125,-0.19,1166,-0.4,-1.9,1.6,-1.1,-58.67,0.0,-0.19,601,False,-0.195,1205,False,False,False,False,3.26953125,-0.77,1294,-3.2,-0.1,2.9,,-53.52,0.0,0.06,519,False,-1.003,1381,False,False,False,False,3.3203125,-0.82,1623,-2.7,-0.1,2.8,,-24.94,0.0,0.12,173,False,-1.02,1614,False,False,False,False,2.560546875,-0.06,1348,-0.2,-0.0,0.3,,-1.51,0.0,0.08,328,False,-0.111,1386,False,False,False,False,
302430,이노메트리,2.310546875,0.96,569.0,5790.0,,1.3603515625,0.95,551,8.6,10.1,-15.7,0.1,-14.98,0.0,-0.51,,False,1.19,497,False,False,True,True,1.650390625,0.66,459,3.8,9.3,-10.3,-0.3,-26.05,0.0,-0.11,,False,0.509,503,False,False,True,True,2.44921875,-0.14,1232,-0.4,0.1,0.4,0.1,-22.9,0.0,-0.11,629,False,-0.019,1000,False,False,True,False,2.169921875,0.14,498,0.3,-0.0,-0.3,,-5.08,0.0,0.08,,False,0.055,722,False,False,False,True,
302550,리메드,0.0,2.12,850.0,2750.0,,0.0,0.0,987,5.9,39.4,-45.6,0.3,-5.34,-1.87,-0.9,,False,0.814,621,True,False,True,True,0.35009765625,-0.35,1094,-7.2,23.0,-16.6,0.1,-12.56,0.0,0.41,,False,-0.83,1311,False,False,True,True,0.0,0.0,913,-1.8,9.1,-7.2,,-7.09,0.0,0.25,,False,-0.234,1280,False,False,True,True,0.0,0.0,908,-0.7,0.8,-0.0,,0.18,0.0,0.08,,False,-0.084,1333,False,False,True,False,
303030,지니틱스,100.0,1.34,147.0,1610.0,,35.53125,64.47,2,-0.6,-0.1,-4.7,,150.39,-75.3,-46.02,,False,0.713,669,True,True,False,True,29.296875,70.7,2,-2.5,-1.4,7.8,,115.24,-80.0,-46.61,629,False,-0.089,874,True,True,False,False,100.0,0.0,913,-0.7,0.1,4.6,,-19.5,0.0,-0.26,62,False,-0.233,1278,False,False,True,False,100.0,0.0,908,0.5,0.0,-0.6,,11.11,0.0,-0.46,,False,0.318,172,False,False,False,True,
303360,프로티아,2.5390625,1.96,603.0,4680.0,,2.7109375,-0.17,1162,-2.5,-1.8,3.9,-1.0,-16.87,0.02,0.27,541,False,-0.386,1303,False,False,False,False,2.3203125,0.22,619,-2.3,-0.3,2.1,-0.3,-7.14,0.0,0.55,721,False,-0.312,1040,False,False,False,False,1.51953125,1.02,231,1.8,-0.4,-1.6,-0.4,7.96,0.0,0.69,,False,0.338,529,False,False,False,True,1.669921875,0.87,48,0.3,-0.0,-0.3,,15.41,0.0,0.81,,False,0.056,717,False,False,False,True,스파이크
303530,이노뎁,2.98046875,0.52,185.0,2520.0,,3.169921875,-0.19,1166,-0.3,-0.7,2.3,,-53.76,0.0,-0.31,598,False,0.125,956,False,False,False,False,3.669921875,-0.69,1258,-3.0,0.0,5.2,,-55.4,0.0,0.45,354,False,-0.869,1329,False,False,False,False,3.240234375,-0.26,1356,-1.2,0.0,1.5,,-18.45,0.0,0.1,364,False,-0.375,1383,False,False,False,False,3.2890625,-0.31,1668,-1.5,-0.5,3.5,,-29.81,0.0,0.17,31,False,-0.49,1626,False,False,False,False,
303810,동국생명과학,2.7890625,0.58,758.0,2370.0,,3.599609375,-0.81,1407,-14.9,-14.1,25.5,-13.6,-30.09,0.0,0.28,290,False,-1.103,1530,False,False,False,False,2.2109375,0.58,483,-4.7,0.1,3.9,,-32.09,0.0,0.9,751,False,-0.33,1049,False,False,True,False,1.400390625,1.39,155,5.3,-0.0,-5.4,,-18.7,0.0,0.7,,False,0.692,327,False,False,False,True,1.7998046875,0.99,40,2.2,-0.0,-2.2,,-2.07,0.0,0.69,,False,0.297,199,False,False,False,True,
304100,솔트룩스,6.46875,1.96,1380.0,10960.0,,2.0,4.47,127,51.9,82.6,-139.6,-8.9,-58.95,0.0,-0.02,,False,4.524,128,False,False,True,True,1.8701171875,4.6,74,99.9,-124.2,36.6,-2.2,-56.94,0.0,-1.04,468,False,5.64,39,False,True,False,False,5.53125,0.94,254,20.8,1.3,-21.2,-0.0,-31.07,0.0,-0.33,,False,1.294,175,False,False,True,True,5.87109375,0.6,89,3.4,-0.5,-3.1,-0.0,-1.97,0.0,0.36,,False,0.227,281,False,False,False,True,지속
304360,에스바이오메딕스,2.099609375,26.34,2316.0,18700.0,,3.650390625,-1.55,1576,-25.0,4.6,63.2,-23.2,-46.8,1.32,-0.69,273,False,-0.88,1477,True,False,True,False,3.25,-1.15,1435,-40.4,20.3,33.4,8.7,-42.99,0.0,-0.08,364,False,-1.085,1406,False,False,True,False,1.599609375,0.5,455,12.6,-19.2,3.8,-0.7,-29.57,0.0,0.01,500,False,0.489,447,False,False,False,False,1.8798828125,0.22,348,3.2,-0.0,-3.3,0.1,-3.56,0.0,0.09,,False,0.132,472,False,False,False,True,
304840,피플바이오,0.489990234375,0.57,182.0,750.0,,1.98046875,-1.49,1566,-5.4,-0.2,6.5,,-36.17,14.57,-0.46,360,False,-0.9,1481,True,False,False,False,1.0595703125,-0.57,1198,-2.3,-0.2,3.4,,-40.48,3.6,0.11,424,False,-0.615,1216,True,False,False,False,0.60986328125,-0.12,1208,-0.2,-0.0,1.0,,-24.17,0.0,0.01,270,False,-0.148,1187,False,False,False,False,0.72021484375,-0.23,1610,-0.8,0.0,1.5,,-2.34,0.0,0.23,54,False,-0.459,1619,False,False,False,False,
305090,마이크로디지탈,6.19140625,1.37,393.0,2110.0,,2.060546875,4.13,145,37.9,-47.9,9.1,-15.0,-78.94,0.29,-1.38,465,False,5.129,104,False,True,False,False,2.640625,3.55,118,19.7,-30.6,8.9,-2.7,-66.13,0.14,-0.62,591,False,3.816,99,False,False,False,False,6.96875,-0.78,1611,-3.0,-1.3,4.2,-0.3,-18.53,0.0,-0.16,177,False,-0.651,1518,False,False,False,False,6.078125,0.11,568,1.1,0.0,-1.1,,-0.94,0.0,-0.18,,False,0.294,203,False,False,False,True,지속
306040,에스제이그룹,7.30078125,0.13,171.0,1736.0,,1.76953125,5.53,86,15.1,-2.0,-12.6,,-78.83,0.0,-0.36,,False,5.791,76,False,False,False,True,1.759765625,5.54,49,25.4,-0.1,-25.2,,-77.74,0.0,-0.34,,False,5.842,34,False,False,False,True,7.578125,-0.28,1373,-0.6,0.0,0.5,,-15.73,0.0,-0.05,435,False,-0.279,1310,False,False,False,False,7.0703125,0.23,333,0.4,-0.0,-0.4,,1.76,0.0,-0.01,,False,0.242,263,False,False,False,True,지속
306620,지아이에스,2.609375,1.7,835.0,1742.0,,2.169921875,0.44,713,6.4,-102.2,85.2,-59.8,-30.87,6.5,0.64,86,False,-0.175,1192,True,False,False,False,3.619140625,-1.01,1385,-0.8,-57.8,51.2,-30.1,-46.89,4.76,0.32,64,False,-1.388,1481,True,False,False,False,4.0390625,-1.43,1704,-19.1,5.9,13.7,2.9,-32.61,0.0,0.28,113,False,-1.716,1690,False,False,True,False,3.0703125,-0.46,1715,-4.6,-0.0,4.4,,-6.89,0.0,0.05,107,False,-0.54,1641,False,False,False,False,
307180,아이엘,2.689453125,6.58,1567.0,4245.0,,0.449951171875,2.24,303,41.3,-138.1,150.6,-94.8,6.26,20.43,0.49,30,False,2.311,298,True,False,False,False,1.0595703125,1.63,280,53.1,-13.3,-47.1,-15.2,-9.87,6.34,0.11,,False,1.684,264,True,False,False,True,2.119140625,0.57,407,7.8,-1.4,-8.5,-0.6,-35.58,0.08,0.26,,False,0.34,527,False,False,False,True,2.69921875,-0.01,1155,-3.2,0.1,3.2,,4.56,0.0,0.18,275,False,-0.193,1493,False,False,True,False,
307280,원바이오젠,1.7099609375,0.87,376.0,5300.0,,2.509765625,-0.8,1402,-5.2,12.8,-29.1,0.0,-18.96,0.0,0.13,,False,-1.139,1540,False,False,True,True,2.640625,-0.93,1357,-11.1,-0.6,-11.9,0.3,-32.05,0.0,0.98,,False,-2.17,1635,False,False,False,True,1.3095703125,0.4,509,1.6,-0.2,-3.2,-0.2,-15.06,0.0,0.01,,False,0.394,495,False,False,False,True,1.7099609375,0.0,908,0.1,-0.2,0.2,,0.19,0.0,-0.02,518,False,0.016,897,False,False,False,False,
307750,국전,1.7900390625,1.12,1158.0,2145.0,,0.68994140625,1.1,510,4.7,-100.7,118.0,-85.2,-33.8,7.59,0.37,122,False,0.807,628,True,False,False,False,2.0703125,-0.28,1051,-9.9,-0.0,19.2,,-46.77,0.0,-0.1,589,False,-0.203,961,False,False,False,False,1.48046875,0.31,563,3.6,0.0,-3.8,,-14.54,0.0,-0.03,,False,0.328,541,False,False,False,True,1.6103515625,0.18,416,1.2,-0.0,-1.2,,-1.15,0.0,0.08,,False,0.104,551,False,False,False,True,
307870,비투엔,0.43994140625,1.63,644.0,867.0,,0.919921875,-0.48,1293,-12.9,-0.6,52.0,-0.4,-29.68,24.74,0.55,36,False,-0.901,1482,True,False,False,False,0.52001953125,-0.08,920,-3.1,-1.1,-5.4,,-24.74,24.74,0.26,,False,-0.397,1100,True,False,False,True,0.18994140625,0.25,609,0.7,0.3,-8.3,,-11.89,0.0,0.17,,False,0.096,786,False,False,True,True,0.4599609375,-0.02,1215,-0.2,-0.0,0.2,,-12.07,0.0,0.01,570,False,-0.015,1113,False,False,False,False,
307930,컴퍼니케이,1.0,1.11,913.0,5850.0,,1.8701171875,-0.87,1424,-3.8,0.3,4.7,0.0,-15.09,0.0,-0.34,533,False,-0.535,1365,False,False,True,False,1.099609375,-0.1,932,14.3,0.0,-13.3,0.0,-37.57,0.0,-0.43,,False,0.367,553,False,False,False,True,2.310546875,-1.31,1692,-11.2,0.0,11.0,,-18.98,0.0,-0.15,136,False,-1.177,1637,False,False,False,False,1.0595703125,-0.06,1348,-0.5,0.0,0.5,,3.36,0.0,-0.0,488,False,-0.061,1286,False,False,False,False,
308080,바이젠셀,2.359375,2.58,1130.0,5510.0,,1.2802734375,1.08,519,-20.5,-9.4,129.0,0.3,-38.71,0.0,0.4,105,False,0.698,675,False,False,False,False,4.421875,-2.06,1638,-38.3,-6.7,51.0,0.1,-2.13,0.0,0.11,168,False,-2.106,1626,False,False,False,False,0.75,1.61,127,13.0,0.1,-12.8,,-27.4,0.0,0.64,,False,0.998,227,False,False,True,True,2.33984375,0.02,827,-1.8,0.0,1.8,,-0.54,0.0,0.15,353,False,-0.129,1412,False,False,False,False,
308100,형지글로벌,2.279296875,0.27,158.0,656.0,,2.30078125,-0.02,1072,-3.6,-0.1,4.0,-0.0,-51.15,0.0,0.73,491,False,-0.648,1409,False,False,False,False,3.419921875,-1.14,1431,-3.9,-0.0,4.0,,-36.5,0.0,0.44,317,False,-1.558,1518,False,False,False,False,2.8203125,-0.54,1522,-1.3,-0.0,1.4,,13.3,0.0,0.35,186,False,-0.842,1580,False,False,False,False,2.359375,-0.08,1395,-0.1,-0.1,0.2,,36.38,0.0,-0.03,407,False,-0.04,1222,False,False,False,False,
308430,셀비온,3.640625,7.44,1705.0,13210.0,,2.880859375,0.76,603,61.8,5.2,-79.5,-13.9,-41.81,0.57,-0.28,,False,1.15,508,False,False,True,True,4.328125,-0.69,1258,28.8,28.0,-55.6,-3.9,-62.2,0.57,-0.99,,False,0.414,537,False,False,True,True,4.05078125,-0.41,1449,-7.1,8.9,-0.5,1.3,-26.53,0.0,-0.12,,False,-0.292,1327,False,False,True,True,3.529296875,0.11,568,1.3,0.0,-1.3,,-9.02,0.0,0.03,,False,0.078,636,False,False,False,True,스파이크
309710,아이티켐,0.0,4.02,2684.0,21000.0,,0.0,0.0,987,43.0,-79.9,65.7,-28.9,-38.05,0.0,-1.56,338,False,1.475,431,False,True,False,False,0.0,0.0,771,,,,,0.0,0.0,0.0,,False,,,False,False,False,False,0.0,0.0,913,,,,,0.0,0.0,0.0,,False,,,False,False,False,False,0.0,0.0,908,,,,,0.0,0.0,0.0,,False,,,False,False,False,False,
309930,조이웍스앤코,1.7197265625,0.85,168.0,870.0,,1.73046875,-0.01,1063,0.2,-0.7,2.7,,-19.59,-21.36,-0.37,543,False,-0.448,1331,True,False,False,False,1.7197265625,0.0,771,-0.0,-0.2,2.2,,-24.81,-21.36,-0.6,853,False,-0.245,994,True,False,False,False,1.099609375,0.62,374,-1.5,-0.4,1.5,,-46.49,293.19,2.42,26,False,-3.685,1745,True,True,False,False,1.98046875,-0.26,1638,-0.2,0.0,-0.4,,-6.65,0.0,-0.18,,False,-0.084,1333,False,False,False,True,
309960,LB인베스트먼트,2.640625,0.75,955.0,4115.0,,3.4609375,-0.82,1410,-17.5,-0.1,20.0,0.0,-20.41,0.0,0.06,450,False,-0.809,1457,False,False,False,False,3.849609375,-1.21,1454,-16.5,0.0,16.3,,-30.25,0.0,0.02,409,False,-1.235,1450,False,False,False,False,2.55078125,0.09,754,0.6,-0.0,-0.8,,-10.25,0.0,0.01,,False,0.077,801,False,False,False,True,2.5,0.14,498,1.1,-0.0,-1.1,,-4.08,0.0,0.02,,False,0.12,506,False,False,False,True,스파이크
310200,애니플러스,3.419921875,1.18,1424.0,2730.0,,6.33984375,-2.92,1706,-39.9,-8.7,48.5,-5.7,-12.08,0.0,-0.39,197,False,-2.533,1693,False,False,False,False,3.73046875,-0.31,1074,-4.5,-1.8,6.7,-1.3,-2.5,0.0,0.02,659,False,-0.281,1016,False,False,False,False,3.640625,-0.22,1321,-2.3,-0.8,3.7,-0.1,22.97,0.0,-0.05,405,False,-0.195,1243,False,False,False,False,3.439453125,-0.02,1215,1.2,-0.1,-0.2,-0.1,14.47,0.0,-0.11,,False,0.087,606,False,False,False,True,
310210,보로노이,6.98046875,25.64,26821.0,145600.0,,5.3203125,1.66,385,317.6,402.1,-728.2,-312.7,-26.09,0.15,0.03,,False,1.615,407,False,False,True,True,5.8203125,1.16,347,-36.2,574.8,-544.3,-56.3,-51.63,0.1,0.58,,False,0.56,487,False,False,True,True,6.5703125,0.41,504,84.6,83.4,-179.8,-13.7,-27.16,0.1,-0.05,,False,0.453,468,False,False,True,True,6.44140625,0.54,107,184.9,-87.4,-99.1,-1.7,-13.85,0.0,-0.17,,False,0.707,44,False,False,False,True,지속
310870,디와이씨,1.1796875,0.53,301.0,1372.0,,1.830078125,-0.65,1356,-3.4,8.8,11.9,0.0,3.94,5.97,0.06,357,False,-0.788,1453,True,False,True,False,2.8203125,-1.64,1556,-4.3,8.8,11.1,0.0,-22.62,5.97,-0.11,276,False,-1.515,1510,True,False,True,False,2.76953125,-1.59,1719,-4.7,8.8,-4.2,,7.52,5.97,0.26,,False,-1.761,1696,True,False,True,True,1.0,0.18,416,0.4,1.3,-1.8,,17.16,0.0,0.01,,False,0.16,394,False,False,True,True,
311320,지오엘리먼트,1.5400390625,1.89,1110.0,8800.0,,1.51953125,0.02,963,-7.8,42.7,-28.6,32.6,23.08,0.0,0.25,,False,-0.183,1198,False,False,True,True,2.83984375,-1.3,1477,-22.5,43.3,-13.5,32.7,12.82,0.0,0.42,,False,-1.698,1557,False,False,True,True,2.939453125,-1.4,1702,-22.0,40.6,-15.9,30.1,-6.48,0.0,0.29,,False,-1.663,1684,False,False,True,True,1.66015625,-0.12,1475,-2.2,0.9,0.9,0.9,-0.9,0.0,0.09,384,False,-0.209,1509,False,False,True,False,
311390,네오크레마,3.630859375,0.42,311.0,2460.0,,3.470703125,0.16,853,0.8,-0.5,40.7,0.1,-51.48,0.0,-0.32,90,False,0.398,792,False,False,False,False,4.4609375,-0.83,1320,-5.4,0.0,6.6,,-47.32,0.0,-0.15,475,False,-0.655,1238,False,False,False,False,2.970703125,0.66,358,1.8,-0.0,-0.9,,-20.77,0.0,-0.05,,False,0.695,325,False,False,False,True,3.44921875,0.18,416,0.5,0.0,-0.5,,-6.11,0.0,0.01,,False,0.166,380,False,False,False,True,
311690,CJ 바이오사이언스,2.859375,0.94,504.0,3860.0,,2.33984375,0.52,692,5.2,0.0,-4.8,,-54.8,0.0,-0.07,,False,0.589,713,False,False,False,True,2.779296875,0.08,678,-0.6,0.0,0.7,,-52.52,0.0,-0.0,,False,0.065,698,False,False,False,False,2.76953125,0.09,754,1.0,-0.0,-1.0,,-23.87,0.0,-0.1,,False,0.174,691,False,False,False,True,2.869140625,-0.01,1155,0.1,0.0,-0.1,,-9.18,0.0,-0.03,,False,0.022,861,False,False,False,True,지속
312610,에이에프더블류,2.25,0.17,79.0,392.0,,0.990234375,1.26,466,1.7,0.1,-1.8,,-73.35,0.0,-0.32,,False,1.34,464,False,False,True,True,0.9501953125,1.3,326,1.6,0.1,-1.5,,-66.18,0.0,-0.15,,False,1.214,332,False,False,True,True,1.7001953125,0.55,421,0.2,0.1,0.1,,-39.22,0.0,-0.06,,False,0.448,472,False,False,True,False,2.25,0.0,908,-0.0,-0.0,0.2,,-5.54,0.0,-0.05,295,False,0.048,746,False,False,False,False,지속
313760,캐리,6.26171875,0.24,52.0,468.0,,0.64990234375,5.61,83,1.1,-0.1,6.0,,-74.17,0.0,0.06,402,False,5.195,99,False,False,False,False,6.2890625,-0.03,880,,,,,0.0,0.0,-0.03,,False,,,False,False,False,False,6.26953125,-0.01,1065,,,,,0.0,0.0,-0.01,,False,,,False,False,False,False,6.26171875,0.0,908,,,,,0.0,0.0,0.0,,False,,,False,False,False,False,
314130,지놈앤컴퍼니,4.48046875,1.51,1638.0,3625.0,,1.5302734375,2.95,224,61.9,-100.0,158.2,-40.2,-44.14,30.39,0.04,87,False,4.12,152,True,False,False,False,1.3095703125,3.17,142,71.0,-104.0,118.4,-34.6,-48.87,29.48,0.29,41,False,3.996,91,True,False,False,False,3.009765625,1.47,145,23.7,-0.3,-23.0,,-34.57,0.16,0.22,,False,1.233,188,False,False,False,True,4.73046875,-0.25,1628,-3.9,0.1,4.7,,-5.35,0.0,-0.03,214,False,-0.22,1516,False,False,True,False,
314140,알피바이오,1.490234375,0.46,491.0,5670.0,,2.650390625,-1.16,1497,-6.1,-1.0,7.5,-0.4,-11.82,0.0,-0.09,369,False,-1.104,1531,False,False,False,False,2.029296875,-0.54,1179,-3.4,-0.1,3.8,,-9.57,0.0,0.01,575,False,-0.598,1203,False,False,False,False,1.4404296875,0.05,805,0.1,-0.1,-0.1,,4.42,0.0,0.0,,False,0.029,869,False,False,False,True,1.5,-0.01,1155,-0.1,-0.0,0.1,,3.47,0.0,0.0,642,False,-0.026,1171,False,False,False,False,
314930,바이오다인,4.37890625,5.59,2488.0,8360.0,,3.5703125,0.81,589,38.5,10.2,-52.6,12.8,-33.28,0.0,-0.3,,False,0.984,561,False,False,True,True,4.30859375,0.07,683,2.3,13.6,-16.8,12.7,-33.33,0.0,-0.15,,False,0.137,660,False,False,True,True,4.05859375,0.32,557,6.3,1.7,-10.1,0.2,-16.23,0.0,-0.02,,False,0.257,598,False,False,True,True,4.21875,0.16,457,2.3,-0.6,-2.0,-0.4,-2.56,0.0,0.05,,False,0.096,576,False,False,False,True,
315640,딥노이드,4.26953125,1.42,404.0,1374.0,,2.400390625,1.87,356,-5.6,-31.8,41.0,-6.0,-58.49,0.0,0.85,248,False,1.021,554,False,False,False,False,1.9501953125,2.32,209,5.8,-6.3,1.2,-0.1,-62.61,0.0,0.26,,False,2.037,226,False,False,False,False,1.349609375,2.92,49,13.2,-2.2,-11.3,-0.1,-38.39,0.0,0.14,,False,2.718,53,False,False,False,True,3.919921875,0.35,215,1.3,-0.0,-1.3,,-2.55,0.0,0.03,,False,0.319,170,False,False,False,True,
317120,라닉스,3.75,0.94,202.0,1322.0,,1.3701171875,2.38,280,5.6,-0.1,-3.9,-0.0,-38.51,0.0,-0.26,,False,2.952,244,False,False,False,True,3.16015625,0.59,481,3.0,-0.1,-3.5,-0.0,-56.08,0.0,-0.87,,False,1.446,292,False,False,False,True,3.08984375,0.66,358,1.4,-0.1,-1.3,,-22.05,0.0,-0.05,,False,0.716,318,False,False,False,True,3.26953125,0.48,132,0.5,0.0,-0.5,,2.96,0.0,0.22,,False,0.26,243,False,False,False,True,
317240,TS트릴리온,0.0,0.76,227.0,778.0,,2.5,-2.5,1678,-10.1,-0.4,14.1,,62.08,-79.33,-15.0,,False,0.863,605,True,True,False,False,4.05859375,-4.06,1765,-15.2,-1.0,16.5,,151.78,-80.0,-17.33,567,False,-0.609,1212,True,True,False,False,0.1400146484375,-0.14,1232,-2.0,0.1,2.3,,-29.34,0.0,-0.0,367,False,-0.207,1257,False,False,True,False,0.0,0.0,908,0.8,-0.0,-0.3,,11.14,0.0,-0.44,,False,0.436,107,False,False,False,True,스파이크
317330,덕산테코피아,2.73046875,1.8,2076.0,10140.0,,0.83984375,1.89,352,110.6,24.2,-132.1,10.8,-34.87,0.0,-1.32,,False,3.204,222,False,True,True,True,4.62109375,-1.89,1606,-18.4,-127.3,155.7,-18.4,-57.93,0.0,-1.92,94,False,0.05,710,False,True,False,False,2.9609375,-0.23,1334,4.5,-25.0,19.4,-3.7,-37.48,0.0,-0.43,212,False,0.173,694,False,False,False,False,2.7109375,0.02,827,-2.2,-0.0,2.4,-0.0,2.22,0.0,0.14,361,False,-0.114,1392,False,False,False,False,
317530,에피소드컴퍼니,0.3798828125,1.99,532.0,3040.0,,1.25,-0.87,1424,-3.2,-0.0,3.4,,-35.66,42.16,-0.18,553,False,-0.547,1370,True,False,False,False,0.469970703125,-0.09,929,-0.4,0.0,0.2,,-26.21,0.0,-0.16,,False,0.017,772,False,False,False,False,0.39990234375,-0.02,1086,0.0,0.0,-0.1,,2.36,0.0,-0.06,,False,0.038,855,False,False,False,True,0.43994140625,-0.06,1348,0.1,-0.0,-0.1,,2.18,0.0,-0.09,,False,0.027,837,False,False,False,True,
317690,퀀타매트릭스,18.4375,1.1,443.0,2200.0,,20.984375,-2.55,1682,-13.6,-7.3,15.0,-7.1,-51.06,2.82,-0.21,293,False,-1.881,1647,True,False,False,False,19.640625,-1.2,1451,-7.0,-3.3,6.9,-3.4,-44.86,0.0,-0.09,447,False,-1.136,1423,False,False,False,False,18.765625,-0.33,1396,-1.4,-0.1,0.7,-0.3,-23.61,0.0,-0.11,519,False,-0.25,1296,False,False,False,False,18.578125,-0.14,1499,-0.2,0.2,-0.1,,-3.51,0.0,-0.11,,False,-0.035,1195,False,False,True,True,
317770,엑스페릭스,1.1298828125,0.89,801.0,2185.0,,2.490234375,-1.36,1533,-21.9,-2.1,19.2,0.2,-15.31,10.12,0.35,343,False,-1.889,1648,True,False,False,False,3.189453125,-2.06,1638,-26.3,-0.1,23.9,0.2,-40.3,0.43,0.07,254,False,-2.172,1637,False,False,False,False,1.26953125,-0.14,1232,-3.0,0.1,2.9,0.2,-16.28,0.0,0.24,396,False,-0.313,1340,False,False,True,False,1.0,0.13,520,0.4,-0.0,-0.6,,-6.62,0.0,0.07,,False,0.052,732,False,False,False,True,
317830,에스피시스템스,5.21875,0.88,473.0,4390.0,,0.83984375,4.38,131,28.4,-17.4,-7.7,-10.8,-70.79,0.0,0.11,,False,4.299,141,False,False,False,True,3.919921875,1.3,326,3.3,0.1,-2.6,0.1,-57.67,0.0,-0.32,,False,1.638,268,False,False,True,True,3.990234375,1.23,191,8.1,0.1,-8.3,0.1,-35.06,0.0,-0.26,,False,1.494,135,False,False,True,True,5.16015625,0.06,693,0.7,0.0,-0.7,,-4.15,0.0,-0.09,,False,0.153,418,False,False,False,True,
317850,대모,3.169921875,1.02,489.0,5880.0,,2.810546875,0.36,745,-8.5,0.2,8.5,0.2,-21.5,0.0,0.31,,False,0.09,980,False,False,True,False,3.169921875,0.0,771,0.4,0.2,-0.8,0.2,-38.24,0.0,-0.4,,False,0.382,547,False,False,True,True,2.650390625,0.52,441,5.6,-0.3,-5.6,-0.3,-22.94,0.0,-0.67,,False,1.151,199,False,False,False,True,2.9296875,0.24,321,1.9,-0.0,-1.9,,0.17,0.0,-0.15,,False,0.388,132,False,False,False,True,
317870,엔바이오니아,4.12109375,1.14,353.0,3995.0,,3.099609375,1.02,531,3.7,-0.9,-1.8,,-57.9,3.46,0.16,,False,0.994,559,True,False,False,True,3.2109375,0.91,397,1.7,-0.5,-1.8,,-54.34,0.0,0.12,,False,0.669,452,False,False,False,True,3.51953125,0.6,386,1.7,-0.5,-1.4,,-28.41,0.0,0.06,,False,0.516,428,False,False,False,True,3.58984375,0.53,111,1.0,-0.6,-0.4,,0.13,0.0,0.21,,False,0.337,158,False,False,False,True,
318000,KBG,3.779296875,0.54,256.0,2925.0,,3.01953125,0.76,603,1.2,-1.6,-4.4,-0.2,-32.99,0.0,-0.09,,False,0.523,740,False,False,False,True,3.51953125,0.26,600,-1.1,-0.2,-3.5,,-32.99,0.0,0.01,,False,-0.092,880,False,False,False,True,3.19921875,0.58,398,1.5,-0.2,-1.4,,-14.85,0.0,0.01,,False,0.559,405,False,False,False,True,3.650390625,0.13,520,0.2,-0.0,-0.2,,-2.82,0.0,0.04,,False,0.092,591,False,False,False,True,
318010,팜스빌,0.8701171875,0.43,294.0,3710.0,,0.83984375,0.03,953,0.1,-0.2,-5.7,,6.61,0.0,-0.06,,False,0.076,988,False,False,False,True,1.0302734375,-0.16,971,-0.3,0.0,-4.4,,-1.2,0.0,-0.05,,False,-0.121,913,False,False,False,True,0.89013671875,-0.02,1086,0.0,0.0,-2.6,,5.1,0.0,-0.03,,False,0.006,923,False,False,False,True,0.85986328125,0.01,867,0.1,,-1.1,,2.77,0.0,-0.01,,False,0.027,837,False,False,False,True,
318020,포인트모바일,3.58984375,0.45,236.0,1921.0,,2.900390625,0.69,629,3.9,1.3,-6.7,0.8,-46.86,0.0,-0.39,,False,0.892,591,False,False,True,True,3.51953125,0.07,683,0.2,1.2,-2.3,0.7,-45.27,0.0,-0.09,,False,0.027,743,False,False,True,True,3.529296875,0.06,788,-0.2,-0.0,-0.0,,-23.16,0.0,0.08,,False,-0.083,1121,False,False,False,False,3.6796875,-0.09,1427,-0.2,-0.0,0.2,,-0.93,0.0,-0.0,415,False,-0.096,1365,False,False,False,False,
318060,그래피,8.140625,10.25,2168.0,19400.0,,6.16015625,1.98,337,-51.7,-144.7,357.8,11.4,-42.52,0.5,1.53,107,False,0.813,622,False,True,False,False,6.53125,1.61,284,30.5,-17.4,-23.0,11.6,-46.33,0.41,-0.03,,False,1.268,322,False,False,False,True,8.0703125,0.07,777,-20.6,-0.8,20.6,2.5,-13.59,0.0,0.88,199,False,-0.846,1582,False,False,False,False,8.09375,0.05,725,-9.5,-0.5,8.8,2.8,10.6,0.0,0.48,146,False,-0.433,1615,False,False,False,False,
318160,셀바이오휴먼텍,3.279296875,0.88,555.0,5940.0,,5.1796875,-1.9,1618,-12.6,10.3,4.8,-0.7,-22.56,-0.04,0.21,496,False,-2.178,1668,False,False,True,False,5.171875,-1.89,1606,-12.1,13.2,-0.8,0.3,-20.48,-0.04,0.06,,False,-1.995,1608,False,False,True,True,3.51953125,-0.24,1342,-2.0,9.3,-7.6,0.1,2.59,0.0,0.06,,False,-0.372,1379,False,False,True,True,3.1796875,0.1,592,0.4,2.1,-2.5,-0.0,-0.83,0.0,0.04,,False,0.057,713,False,False,True,True,
318410,비비씨,2.4296875,0.42,337.0,6070.0,,1.9697265625,0.46,706,2.3,0.7,-5.3,2.7,-17.97,0.0,-0.2,,False,0.66,690,False,False,True,True,1.3203125,1.11,362,3.5,-5.2,-0.1,-3.7,-17.3,0.0,0.17,852,False,0.942,389,False,False,False,True,2.130859375,0.3,571,0.7,-1.8,-0.4,-1.7,-2.57,0.0,0.06,,False,0.232,624,False,False,False,True,2.25,0.18,416,-0.1,-0.1,0.0,,6.68,0.0,0.2,627,False,-0.019,1131,False,False,False,False,지속
319400,현대무벡스,1.9599609375,13.21,21406.0,19220.0,,3.369140625,-1.41,1547,-1371.4,1770.3,-369.3,-70.5,-31.23,0.0,1.04,,False,-2.508,1692,False,True,True,True,1.23046875,0.73,438,-138.8,1370.0,-1235.3,-53.2,-37.9,0.0,0.63,,False,0.078,687,False,False,True,True,1.6796875,0.28,581,18.1,82.1,-98.2,-16.3,-46.69,0.0,0.1,,False,0.173,694,False,False,True,True,1.6904296875,0.27,292,11.0,-5.0,-2.7,-2.7,-15.52,0.0,0.21,,False,0.05,738,False,False,False,True,
319660,피에스케이,20.5625,10.5,56601.0,195400.0,,25.21875,-4.66,1753,-2971.1,4120.9,-1223.2,333.2,373.7,0.0,-0.07,,False,-4.624,1750,False,False,True,True,24.453125,-3.89,1759,-2868.6,3546.2,-753.2,26.6,119.06,0.0,0.03,,False,-3.961,1733,False,False,True,True,25.296875,-4.73,1806,-2746.7,2928.5,-188.4,-35.2,20.54,0.0,0.05,,False,-4.808,1753,False,False,True,True,24.59375,-4.03,1816,-2066.7,2098.0,-52.7,60.8,28.38,0.0,-0.32,,False,-3.714,1734,False,False,True,True,
320000,한울반도체,0.0,2.62,881.0,13080.0,,1.849609375,-1.85,1613,-25.3,-0.2,54.1,-0.0,544.33,-79.53,-10.25,,False,0.18,929,True,True,False,False,2.380859375,-2.38,1672,-25.4,-2.6,67.9,-0.0,753.23,-79.8,-11.14,503,False,-0.161,934,True,True,False,False,0.0,0.0,913,-11.6,0.0,48.3,-0.0,20.55,0.99,-0.49,50,False,0.459,461,False,False,False,False,0.0,0.0,908,-0.3,-0.0,-0.4,,10.57,0.0,-0.03,,False,0.024,852,False,False,False,True,
321260,프로이천,5.7890625,1.07,475.0,1685.0,,1.5,4.29,132,5.8,2.3,-9.6,0.1,-1.69,0.0,0.31,,False,3.937,166,False,False,True,True,1.9697265625,3.82,104,7.3,2.0,-11.1,-0.1,-40.35,0.0,0.03,,False,3.76,103,False,False,True,True,3.109375,2.68,56,12.4,0.1,-12.4,0.1,-33.66,0.0,0.47,,False,2.233,78,False,False,True,True,5.26953125,0.52,120,1.3,-0.0,-1.3,,1.14,0.0,0.28,,False,0.244,259,False,False,False,True,
321370,센서뷰,2.119140625,5.24,709.0,1373.0,,0.0,2.12,322,-38.7,-45.1,148.5,-35.1,-42.91,14.45,0.7,93,False,1.512,425,True,False,False,False,1.2001953125,0.92,394,12.3,-2.3,-9.2,-3.0,-53.3,0.0,-0.31,,False,1.218,331,False,False,False,True,1.41015625,0.71,337,4.8,-2.9,-1.9,-1.2,-44.53,0.0,0.06,,False,0.654,349,False,False,False,True,1.5595703125,0.56,99,2.0,0.0,-1.9,,-9.97,0.0,0.34,,False,0.224,284,False,False,False,True,
321550,티움바이오,4.87109375,3.02,1181.0,3930.0,,1.9697265625,2.9,228,54.3,-17.2,20.1,-7.0,-35.68,4.09,0.22,296,False,2.692,262,True,False,False,False,5.05859375,-0.19,995,-18.1,-84.5,94.8,2.1,-59.53,2.16,-0.16,46,False,-0.052,849,True,False,False,False,6.3984375,-1.53,1714,-20.0,-0.0,21.8,0.0,-11.88,0.0,0.22,76,False,-1.599,1679,False,False,False,False,4.94921875,-0.08,1395,-1.0,-1.2,2.1,,-2.0,0.0,0.0,287,False,-0.083,1330,False,False,False,False,
321820,아티스트컴퍼니,1.5703125,0.82,336.0,2155.0,,2.41015625,-0.84,1418,-7.8,-0.0,17.0,,-45.17,0.0,-0.32,284,False,-0.614,1399,False,False,False,False,2.76953125,-1.2,1451,-10.6,0.0,19.5,,-59.72,0.0,-0.12,175,False,-1.175,1436,False,False,False,False,0.97998046875,0.59,389,2.1,0.0,-2.7,,-34.7,0.0,-0.12,,False,0.625,365,False,False,False,True,1.4697265625,0.1,592,0.9,0.0,-1.1,,-2.93,0.0,-0.16,,False,0.264,238,False,False,False,True,스파이크
322180,LS티라유텍,3.029296875,1.23,830.0,3860.0,,0.580078125,2.45,267,51.9,-75.3,19.7,-7.0,-61.71,2.74,0.15,430,False,2.429,286,True,False,False,False,3.169921875,-0.14,959,3.7,-6.5,6.2,-7.0,-53.21,2.74,0.15,552,False,-0.228,980,True,False,False,False,3.490234375,-0.46,1476,-3.8,0.3,3.0,0.2,-27.72,2.74,-0.02,389,False,-0.393,1398,True,False,True,False,3.060546875,-0.03,1262,-1.0,0.0,0.9,,2.25,0.0,0.08,378,False,-0.11,1383,False,False,False,False,
322310,오로스테크놀로지,7.62109375,2.63,1691.0,18050.0,,0.35009765625,7.27,46,270.7,49.1,-212.8,28.0,-25.41,0.0,0.73,,False,6.392,60,False,False,True,True,2.44921875,5.17,55,230.2,35.9,-173.5,31.6,-48.21,0.0,0.19,,False,4.826,64,False,False,True,True,7.828125,-0.21,1309,-19.9,16.2,7.5,12.1,-35.3,0.0,1.03,286,False,-1.091,1624,False,True,True,False,8.1484375,-0.53,1727,-8.9,7.4,1.8,7.7,5.93,0.0,0.0,339,False,-0.521,1637,False,False,True,False,
322510,제이엘케이,1.349609375,3.04,1276.0,4960.0,,1.98046875,-0.63,1348,-32.0,62.1,-5.2,1.2,-18.82,0.77,0.52,,False,-1.094,1528,False,False,True,True,0.52001953125,0.83,411,5.2,10.1,-10.0,-2.0,-28.32,0.0,0.19,,False,0.621,467,False,False,True,True,0.93017578125,0.42,500,3.2,4.2,-7.7,,-8.32,0.0,0.11,,False,0.295,570,False,False,True,True,0.89990234375,0.45,149,4.0,0.2,-4.2,,17.95,0.0,0.14,,False,0.315,174,False,False,True,True,
322780,코퍼스코리아,0.0,0.75,201.0,2235.0,,1.099609375,-1.1,1482,-4.1,-5.9,10.0,-5.0,128.29,-79.09,-4.83,186,False,-0.217,1221,True,True,False,False,0.9599609375,-0.96,1367,-2.4,-1.1,2.7,-1.2,349.7,-80.0,-4.61,,False,0.05,710,True,True,False,False,0.0,0.0,913,-1.3,-1.2,2.3,-1.2,19.33,0.0,0.27,181,False,-0.283,1315,False,False,False,False,0.0,0.0,908,-1.4,-0.0,0.8,,33.43,0.0,0.69,172,False,-0.693,1672,False,False,False,False,
323280,태성,5.21875,8.8,11284.0,36950.0,,3.689453125,1.53,403,204.4,854.3,-1046.6,-23.2,-6.1,0.12,0.61,,False,0.933,578,False,False,True,True,6.37109375,-1.15,1435,-363.5,-40.7,402.7,-25.5,-37.48,0.0,0.57,245,False,-1.726,1567,False,False,False,False,4.62890625,0.59,389,-19.5,63.7,-48.5,-14.3,-27.83,0.0,0.65,,False,-0.066,1097,False,False,True,True,4.921875,0.3,259,-42.2,-14.7,55.1,0.0,3.5,0.0,0.63,127,False,-0.341,1582,False,False,False,False,
323350,다원넥스뷰,8.4296875,3.79,713.0,8900.0,,1.1396484375,7.29,43,64.5,-164.5,138.1,-10.8,60.65,0.0,-0.55,33,False,7.144,45,False,False,False,False,5.44140625,2.99,155,44.0,-121.9,60.4,0.9,-27.47,0.0,-0.24,108,False,2.653,174,False,False,False,False,9.25,-0.82,1623,-5.3,0.6,4.5,0.7,-35.51,0.0,0.11,263,False,-0.777,1563,False,False,True,False,8.953125,-0.52,1724,-3.5,0.2,2.9,0.1,0.79,0.0,-0.03,142,False,-0.494,1627,False,False,True,False,
323990,박셀바이오,5.5,1.57,964.0,4145.0,,6.58984375,-1.09,1479,4.9,-0.8,-6.3,-0.0,-54.45,0.0,-0.55,511,False,-0.689,1424,False,False,False,True,6.91015625,-1.41,1502,-31.8,-1.0,32.3,,-48.7,0.0,0.49,240,False,-1.954,1600,False,False,False,False,7.16015625,-1.66,1725,-22.7,-0.6,23.0,,-17.92,0.0,0.04,78,False,-1.722,1693,False,False,False,False,5.578125,-0.08,1395,-1.1,0.0,1.2,,-0.48,0.0,0.04,367,False,-0.111,1386,False,False,False,False,
327260,RF머트리얼즈,19.265625,7.46,4138.0,46000.0,,3.419921875,15.85,11,999.5,-494.1,-507.6,-109.5,88.91,6.66,0.39,,False,16.682,4,True,False,False,True,6.73828125,12.53,11,928.2,-490.9,-412.5,-56.5,-52.18,5.89,0.94,,False,12.655,4,True,False,False,True,19.421875,-0.16,1247,30.6,-26.5,10.5,3.4,-31.95,5.89,0.54,378,False,0.525,422,True,False,False,False,20.90625,-1.64,1797,-82.9,44.7,37.7,-1.1,3.02,0.0,0.17,55,False,-1.813,1722,False,False,True,False,
328130,루닛,12.046875,4.56,7476.0,10040.0,,8.3984375,3.65,171,486.2,97.7,-571.1,-50.2,-74.09,154.5,7.61,407,False,2.845,256,True,True,True,True,11.0234375,1.02,380,-36.4,-540.9,555.4,-59.6,-74.19,154.26,8.26,13,True,-1.507,1509,True,True,False,False,11.8671875,0.18,679,6.5,-3.5,-2.9,-1.1,-30.62,0.1,0.1,,False,0.074,803,False,False,False,True,12.109375,-0.06,1348,5.4,-11.8,7.0,-3.8,-4.83,0.0,-0.13,389,False,0.072,659,False,False,False,False,
328380,솔트웨어,1.08984375,0.72,171.0,2490.0,,2.55078125,-1.46,1558,-5.0,4.8,-0.5,,210.09,-80.0,-9.45,,False,-0.438,1326,True,True,True,True,2.130859375,-1.04,1398,-3.4,4.2,-1.6,,182.31,-80.0,-8.65,,False,-0.187,949,True,True,True,True,0.509765625,0.58,398,0.6,3.7,-4.8,,-17.14,0.0,0.22,,False,0.364,514,False,False,True,True,0.9501953125,0.14,498,0.4,1.0,-1.3,,2.47,0.0,-0.07,,False,0.217,290,False,False,True,True,
330350,위더스제약,0.85009765625,0.86,845.0,6400.0,,3.08984375,-2.24,1657,-19.5,0.0,19.5,0.1,-20.2,-0.02,-1.38,474,False,-0.839,1467,False,True,False,False,4.73828125,-3.89,1759,-46.8,-0.0,47.3,-0.1,-31.7,-0.02,-0.13,97,False,-3.805,1729,False,False,False,False,1.2001953125,-0.35,1416,-2.4,-0.1,3.2,-0.1,-13.04,-0.02,-0.53,,False,0.1,778,False,False,False,False,1.599609375,-0.75,1760,-5.6,-1.0,6.6,-1.0,1.59,0.0,-0.16,72,False,-0.58,1654,False,False,False,False,
330730,스톤브릿지벤처스,2.7109375,0.83,813.0,4465.0,,3.919921875,-1.21,1508,-12.0,-1.7,13.9,-0.3,-16.07,0.0,-0.05,356,False,-1.183,1547,False,False,False,False,4.25,-1.54,1527,-17.2,0.2,17.8,0.2,-31.2,0.0,0.16,273,False,-1.686,1552,False,False,True,False,3.390625,-0.68,1572,-5.6,0.2,7.2,0.2,-16.39,0.0,-0.04,204,False,-0.632,1507,False,False,True,False,2.80078125,-0.09,1427,-0.8,0.0,0.8,,1.94,0.0,0.01,399,False,-0.097,1368,False,False,False,False,
330860,네패스아크,3.220703125,2.59,4362.0,35800.0,,3.779296875,-0.56,1326,-92.4,693.0,-655.8,7.7,121.81,0.0,-0.48,,False,-0.371,1296,False,False,True,True,3.23046875,-0.01,865,-9.4,577.9,-594.1,76.1,7.51,0.0,-1.09,,False,0.825,407,False,True,True,True,3.91015625,-0.69,1576,-23.6,56.3,-32.4,80.4,-34.55,0.0,-0.37,,False,-0.371,1375,False,False,True,True,4.58984375,-1.37,1793,-40.5,19.6,-5.0,-0.9,2.73,0.0,-0.58,,False,-0.79,1681,False,False,True,True,
331380,포커스에이아이,0.77978515625,2.8,759.0,2075.0,,1.58984375,-0.81,1407,-3.7,-50.9,62.0,-0.3,-17.82,32.77,0.35,66,False,-0.945,1491,True,False,False,False,1.9697265625,-1.19,1446,-8.4,-0.0,1.3,,-14.96,12.8,-0.2,,False,-1.103,1409,True,False,False,False,1.0595703125,-0.28,1373,-0.4,-0.0,-5.0,,10.2,12.8,-0.16,,False,-0.02,1001,True,False,False,True,0.9599609375,-0.18,1552,-0.7,-0.0,-3.5,,41.25,0.0,-0.07,,False,-0.114,1392,False,False,False,True,
331520,밸로프,2.9609375,0.6,200.0,1969.0,,2.720703125,0.24,807,-0.1,9.9,0.4,-0.1,252.87,-80.0,-13.94,,False,0.639,697,True,True,True,False,3.599609375,-0.64,1234,-2.2,9.6,1.9,0.0,275.76,-80.0,-14.44,808,False,-0.142,924,True,True,True,False,2.6796875,0.28,581,0.1,-0.1,-0.2,-0.1,-9.05,0.0,0.0,,False,0.182,682,False,False,False,True,3.259765625,-0.3,1664,-0.7,-0.0,0.8,,-1.45,0.0,0.08,157,False,-0.375,1596,False,False,False,False,
331740,아우토크립트,1.5302734375,1.92,604.0,6190.0,,0.6201171875,0.91,559,5.9,28.8,-7.9,2.6,-65.11,0.33,0.29,317,False,0.722,663,False,False,True,True,2.69921875,-1.17,1441,-5.6,-62.0,69.9,-1.5,-62.82,0.01,-1.27,43,False,0.122,670,False,True,False,False,1.2998046875,0.23,627,5.9,-4.2,0.0,-0.2,-41.71,0.01,-0.55,552,False,0.814,280,False,False,False,False,1.2197265625,0.31,249,2.3,-1.3,0.6,-0.3,-11.57,0.0,-0.05,402,False,0.361,146,False,False,False,False,
331920,셀레믹스,1.419921875,3.67,1157.0,10350.0,,2.2109375,-0.79,1400,-36.3,18.1,-20.7,17.0,286.92,36.96,-1.15,,False,-0.359,1287,True,True,True,True,4.5,-3.08,1735,-47.3,25.6,-5.3,13.6,-20.38,36.96,-0.94,,False,-2.813,1686,True,False,True,True,1.099609375,0.32,557,5.9,6.7,-14.7,1.0,-27.57,14.13,-0.14,,False,0.667,343,True,False,True,True,1.580078125,-0.16,1524,-0.2,0.0,0.1,,-5.48,14.13,0.03,,False,0.005,957,True,False,False,False,
332290,누보,3.23046875,0.9,316.0,791.0,,3.150390625,0.08,905,-1.7,-22.5,21.7,-24.4,-30.25,0.0,0.26,161,False,-0.249,1237,False,False,False,False,6.94921875,-3.72,1753,-18.0,0.5,16.4,-0.3,-42.68,0.0,0.05,109,False,-3.818,1730,False,False,True,False,3.73046875,-0.5,1494,-1.2,0.0,0.8,,-21.92,0.0,-0.04,426,False,-0.392,1396,False,False,False,False,3.9296875,-0.7,1750,-1.6,0.0,1.7,,4.91,0.0,-0.17,104,False,-0.496,1628,False,False,False,False,
332370,아이디피,0.91015625,0.91,702.0,5290.0,,1.099609375,-0.19,1166,-2.1,-2.4,-36.4,-0.1,5.8,0.0,0.13,,False,-0.31,1264,False,False,False,True,1.240234375,-0.33,1088,-2.5,-0.4,-30.2,-0.4,-0.75,0.0,0.05,,False,-0.375,1085,False,False,False,True,1.1396484375,-0.23,1334,-1.4,0.1,-8.1,0.1,4.13,0.0,-0.01,,False,-0.206,1256,False,False,True,True,0.89013671875,0.02,827,0.0,-0.0,-0.4,,1.73,0.0,0.01,,False,0.006,950,False,False,False,True,
332570,PS일렉트로닉스,1.7900390625,2.11,2700.0,5780.0,,6.62109375,-4.83,1756,-152.2,-173.2,321.8,-148.0,-27.39,6.67,0.01,24,False,-4.733,1752,True,False,False,False,2.580078125,-0.79,1303,30.7,13.4,-44.5,-5.9,-14.87,-1.17,-1.02,,False,0.224,613,True,True,True,True,2.509765625,-0.72,1590,-17.5,22.1,-5.5,-0.2,-23.54,0.0,0.47,391,False,-1.191,1639,False,False,True,True,3.58984375,-1.8,1802,-23.5,9.0,15.2,,3.4,0.0,-0.96,98,False,-0.838,1690,False,False,True,False,
333050,이노테나,0.56005859375,1.06,260.0,5270.0,,1.509765625,-0.95,1444,-1.8,0.1,1.2,,326.38,-79.99,-6.86,,False,-0.053,1116,True,True,True,False,1.3701171875,-0.81,1312,-1.5,0.1,1.1,,258.5,-79.99,-6.62,,False,0.043,719,True,True,True,False,0.5,0.06,788,-0.1,-0.0,0.1,,0.96,0.04,0.05,627,False,-0.008,976,False,False,False,False,0.7099609375,-0.15,1513,-0.5,-0.0,0.5,,3.33,0.0,0.02,307,False,-0.171,1463,False,False,False,False,
333430,일승,2.009765625,2.02,929.0,3025.0,,2.009765625,0.0,987,-12.4,-5.3,17.2,-4.0,-51.98,0.0,-0.18,681,False,0.154,936,False,False,False,False,2.5,-0.49,1161,-16.7,-0.0,16.1,,-44.6,0.0,-0.1,685,False,-0.418,1114,False,False,False,False,1.4404296875,0.57,407,6.8,0.0,-6.9,,-27.98,0.0,-0.12,,False,0.684,331,False,False,False,True,1.8095703125,0.2,382,0.5,0.0,-0.5,,0.17,0.0,0.15,,False,0.052,732,False,False,False,True,
333620,엔시스,0.83984375,1.08,593.0,5390.0,,1.0595703125,-0.22,1183,-5.0,-0.8,5.6,-0.3,-15.78,4.18,0.27,544,False,-0.484,1342,True,False,False,False,1.5703125,-0.73,1273,-7.7,-0.0,7.5,-0.0,-15.38,4.18,0.26,472,False,-0.98,1377,True,False,False,False,0.85009765625,-0.01,1065,-0.3,0.1,0.3,0.1,-3.23,0.0,0.06,590,False,-0.063,1089,False,False,True,False,0.7900390625,0.05,725,0.1,0.0,-0.1,,7.8,0.0,0.03,,False,0.022,861,False,False,False,True,
334970,프레스티지바이오로직스,41.71875,1.06,1435.0,1845.0,,41.5625,0.16,853,1.8,0.1,-3.0,-0.2,-39.9,0.0,-0.21,,False,0.207,907,False,False,True,True,41.5625,0.16,641,2.4,0.7,-5.5,-0.0,-24.39,0.0,-0.2,,False,0.199,624,False,False,True,True,41.59375,0.12,726,4.2,0.0,-6.5,0.0,-3.3,0.0,-0.29,,False,0.259,596,False,False,False,True,41.84375,-0.12,1475,-0.1,0.3,-0.2,,0.82,0.0,-0.12,,False,-0.007,1068,False,False,True,True,
335810,프리시젼바이오,0.199951171875,0.81,326.0,1486.0,,0.040008544921875,0.16,853,-0.2,-1.0,0.8,,-44.34,22.23,0.02,695,False,0.075,991,True,False,False,False,0.239990234375,-0.04,893,-0.9,0.0,0.4,,-36.22,0.0,-0.02,880,False,-0.111,903,False,False,False,False,0.05999755859375,0.14,713,0.1,0.0,-0.1,,-13.2,0.0,0.08,,False,0.056,835,False,False,False,True,0.199951171875,0.0,908,-0.0,0.0,0.0,,1.09,0.0,0.01,676,False,-0.012,1096,False,False,False,False,
335870,윙스풋,13.421875,0.52,163.0,973.0,,13.046875,0.38,738,0.5,-0.4,-0.0,,-54.74,0.0,-0.07,,False,0.437,780,False,False,False,False,13.1328125,0.29,588,0.3,-0.0,-0.4,,-51.18,0.0,-0.06,,False,0.308,583,False,False,False,True,13.1484375,0.27,589,0.3,-0.0,-0.3,,-35.52,0.0,0.0,,False,0.245,608,False,False,False,True,13.4921875,-0.07,1370,-0.1,0.0,0.1,,-2.6,0.0,0.02,423,False,-0.087,1344,False,False,False,False,
336060,웨이버스,2.369140625,0.66,284.0,590.0,,2.140625,0.23,813,1.2,0.1,0.6,0.1,-39.86,0.0,0.01,633,False,0.147,942,False,False,True,False,3.060546875,-0.69,1258,-2.7,0.1,2.1,0.1,-42.44,0.0,-0.13,637,False,-0.647,1232,False,False,True,False,2.150390625,0.22,630,0.6,0.0,-0.8,,-10.33,0.0,-0.06,,False,0.246,606,False,False,False,True,2.349609375,0.02,827,0.1,-0.0,-0.1,,4.98,0.0,-0.0,,False,0.024,852,False,False,False,True,스파이크
336570,원텍,2.900390625,3.04,4766.0,5320.0,,7.578125,-4.68,1754,-334.6,14.1,333.0,-23.3,-35.52,-0.43,-0.42,126,False,-4.265,1744,False,False,True,False,4.328125,-1.43,1508,-87.5,-144.0,234.1,2.6,-29.82,-0.43,-0.42,139,False,-1.01,1386,False,False,False,False,2.810546875,0.09,754,-1.2,47.5,-46.5,2.8,-19.64,0.0,0.04,,False,0.068,814,False,False,True,True,2.619140625,0.28,275,7.8,-0.2,-7.8,-0.1,-2.92,0.0,0.15,,False,0.149,426,False,False,False,True,
336680,탑런토탈솔루션,0.64013671875,0.53,959.0,2450.0,,0.72998046875,-0.09,1114,-2.5,-0.1,3.3,0.1,-45.19,0.0,-0.02,669,False,-0.061,1120,False,False,False,False,0.3798828125,0.26,600,4.2,-1.1,-2.5,-0.9,-37.82,0.0,-0.11,,False,0.378,548,False,False,False,True,0.56982421875,0.07,777,2.2,-0.0,-1.8,,-18.6,0.0,-0.16,,False,0.226,629,False,False,False,True,0.58984375,0.05,725,1.3,-0.0,-0.9,,-5.22,0.0,-0.09,,False,0.139,455,False,False,False,True,지속
337930,젝시믹스,4.828125,0.77,893.0,3010.0,,3.369140625,1.46,422,19.6,10.4,-37.0,-3.7,-40.51,0.0,-0.07,,False,1.473,434,False,False,True,True,4.359375,0.47,524,7.7,16.5,-26.0,-1.5,-32.66,0.0,-0.35,,False,0.759,421,False,False,True,True,4.890625,-0.06,1142,-0.0,7.7,-8.4,-1.7,-12.75,0.0,-0.12,,False,0.026,879,False,False,True,True,4.7109375,0.12,543,1.3,-0.0,-1.4,-1.2,2.38,0.0,-0.03,,False,0.149,426,False,False,False,True,
338220,뷰노,1.8798828125,2.86,1033.0,7380.0,,2.5390625,-0.66,1358,19.1,-19.8,-4.5,-2.8,-63.56,0.0,-1.01,,False,0.295,846,False,True,False,True,3.25,-1.37,1493,-12.4,6.3,8.3,-4.7,-59.87,0.0,-0.56,744,False,-0.81,1308,False,False,True,False,2.609375,-0.73,1594,-8.7,0.9,7.5,0.2,-15.85,0.0,-0.08,284,False,-0.666,1521,False,False,True,False,1.650390625,0.23,333,1.0,-0.6,-0.4,,-5.02,0.0,0.14,,False,0.093,588,False,False,False,True,
338840,와이바이오로직스,6.48828125,5.76,1552.0,10100.0,,3.7109375,2.78,239,12.8,188.9,-215.0,76.4,-58.94,1.24,0.47,,False,2.333,295,True,False,True,True,3.91015625,2.58,187,15.6,21.9,-53.2,15.9,-61.0,1.24,0.07,,False,2.532,181,True,False,True,True,4.1015625,2.39,71,45.4,-42.6,-4.7,-6.2,-29.76,0.0,-0.35,,False,2.673,57,False,False,False,True,5.4609375,1.03,36,14.0,-12.0,-2.9,-0.8,-3.26,0.0,0.15,,False,0.872,34,False,False,False,True,지속
339950,아이비김영,3.169921875,1.61,1229.0,2735.0,,1.8896484375,1.28,460,12.2,-2.5,-12.2,-5.0,42.75,0.0,-0.13,,False,1.398,454,False,False,False,True,3.640625,-0.47,1148,-2.4,-2.6,4.6,-5.0,6.84,0.0,-0.27,658,False,-0.236,986,False,False,False,False,3.390625,-0.22,1321,-1.4,-2.7,5.8,-2.7,4.59,0.0,-0.08,296,False,-0.138,1181,False,False,False,False,3.240234375,-0.07,1370,0.3,-0.0,0.1,-0.0,1.67,0.0,-0.09,682,False,0.021,866,False,False,False,False,
340360,다보링크,1.4697265625,2.94,455.0,873.0,,0.389892578125,1.08,519,6.3,-0.0,2.7,,-37.73,2.06,-0.15,373,False,1.073,535,True,False,False,False,0.7998046875,0.67,454,4.3,0.0,10.4,,-47.6,0.0,-0.56,263,False,1.06,364,False,False,False,False,0.39990234375,1.07,220,4.4,0.0,7.0,,-32.85,0.0,-0.24,109,False,1.092,211,False,False,False,False,1.4404296875,0.03,799,-0.7,0.0,0.7,,38.35,0.0,0.21,298,False,-0.173,1465,False,False,False,False,
340440,세림B&G,5.390625,0.76,273.0,963.0,,1.9404296875,3.45,180,5.0,0.4,-3.0,0.1,-30.01,0.0,0.24,,False,3.123,229,False,False,True,True,0.89990234375,4.49,80,18.5,0.4,-14.8,0.1,-55.31,0.0,-0.15,,False,4.649,70,False,False,True,True,5.328125,0.06,788,-0.0,-0.1,0.1,,-21.58,0.0,-0.02,,False,0.086,793,False,False,False,False,5.62890625,-0.24,1622,0.3,0.0,-0.3,,-1.73,0.0,-0.37,,False,0.14,453,False,False,False,True,
340450,지씨지놈,3.150390625,1.43,1119.0,4730.0,,1.6298828125,1.52,405,32.3,-145.7,102.8,-160.8,-27.23,0.0,0.07,113,False,1.495,427,False,False,False,False,3.810546875,-0.66,1246,-17.6,-23.2,36.2,-32.3,-40.95,0.0,0.49,232,False,-1.118,1416,False,False,False,False,3.2109375,-0.06,1142,-3.1,-0.8,2.3,,-9.21,0.0,0.04,578,False,-0.138,1181,False,False,False,False,2.8203125,0.33,233,2.2,1.3,-3.5,,4.53,0.0,0.12,,False,0.205,312,False,False,True,True,스파이크
340570,티앤엘,14.21875,2.09,4259.0,52400.0,,12.96875,1.25,472,57.9,139.7,-186.4,31.3,19.09,0.0,-0.02,,False,1.327,466,False,False,True,True,12.34375,1.88,253,101.7,67.6,-160.4,-22.5,-17.35,0.0,-0.27,,False,2.249,201,False,False,True,True,12.859375,1.36,162,70.5,-60.6,-4.2,-56.3,-6.76,0.0,-0.17,,False,1.61,124,False,False,False,True,14.2265625,-0.01,1155,2.2,18.2,-19.0,-0.4,2.95,0.0,-0.05,,False,0.047,752,False,False,True,True,지속
340810,시선AI,1.0595703125,2.08,319.0,2340.0,,2.330078125,-1.27,1515,-11.5,-16.3,33.6,-0.6,-4.1,5.32,0.31,106,False,-1.752,1636,True,False,False,False,1.1201171875,-0.06,905,-1.4,-0.1,8.4,-0.0,-27.67,5.32,0.03,309,False,-0.116,909,True,False,False,False,0.97021484375,0.09,754,0.0,-0.0,-1.1,,-17.02,0.0,0.1,,False,0.036,856,False,False,False,True,0.8798828125,0.18,416,0.7,0.0,-0.4,,3.77,0.0,-0.02,,False,0.219,288,False,False,False,True,
340930,성원에너텍,1.8095703125,1.1,555.0,806.0,,1.3896484375,0.42,716,-21.3,-48.7,66.6,-4.2,-21.52,29.94,2.12,52,False,-1.902,1649,True,True,False,False,1.6904296875,0.12,656,,,,,0.0,0.0,0.12,,False,,,False,False,False,False,1.599609375,0.21,643,,,,,0.0,0.0,0.21,,False,,,False,False,False,False,1.8095703125,0.0,908,,,,,0.0,0.0,0.0,,False,,,False,False,False,False,
342870,오아,1.3203125,0.49,228.0,4175.0,,1.3203125,0.0,987,-2.4,1.7,-0.9,1.0,-45.42,-6.96,0.37,,False,-0.423,1324,True,False,True,True,1.0703125,0.25,604,-0.3,0.5,-1.9,0.8,-35.27,0.0,0.23,,False,0.036,724,False,False,True,True,0.60986328125,0.71,337,0.4,-0.4,-0.8,0.8,-15.06,0.0,0.53,,False,0.21,647,False,False,False,True,1.2099609375,0.11,568,0.1,0.1,-0.2,0.5,6.23,0.0,0.05,,False,0.07,664,False,False,True,True,
344860,이노진,5.9296875,1.03,159.0,1323.0,,7.58984375,-1.66,1595,-3.1,0.0,-2.1,0.0,-27.55,0.0,-0.19,,False,-1.617,1614,False,False,False,True,7.0,-1.07,1407,-2.2,0.0,-3.0,0.0,-19.53,0.0,-0.07,,False,-1.143,1427,False,False,False,True,6.37890625,-0.45,1470,-0.5,-0.1,0.4,-0.1,-12.38,0.0,-0.16,440,False,-0.294,1329,False,False,False,False,6.01171875,-0.08,1395,-0.0,-0.0,0.0,,-0.6,0.0,-0.07,604,False,-0.024,1165,False,False,False,False,
347000,센코,1.759765625,1.12,659.0,1744.0,,2.740234375,-0.98,1453,-9.9,-2.4,11.8,0.0,-19.07,0.0,0.03,418,False,-0.998,1510,False,False,False,False,2.439453125,-0.68,1254,-14.2,1.8,11.9,-0.0,-24.5,0.0,0.94,378,False,-1.606,1531,False,False,True,False,0.75,1.01,233,0.5,-0.0,-0.7,,-0.91,0.0,0.88,,False,0.11,762,False,False,False,True,1.669921875,0.09,613,1.0,-0.0,-1.0,,1.4,0.0,-0.07,,False,0.161,391,False,False,False,True,스파이크
347700,스피어,9.78125,12.73,9738.0,18890.0,,4.62890625,5.15,101,-89.8,-325.1,1298.1,-170.1,9.7,10.48,4.25,99,False,2.66,266,True,True,False,False,6.66015625,3.12,145,159.1,12.5,-74.8,30.2,-59.07,2.92,1.81,,False,1.67,265,True,True,True,True,7.6484375,2.13,84,203.6,24.2,-229.8,131.5,-42.58,0.02,-0.4,,False,2.439,66,False,False,True,True,9.703125,0.08,642,38.6,7.7,-41.7,5.8,1.61,0.0,-0.31,,False,0.387,133,False,False,True,True,지속
347740,피엔케이피부임상연구센타,1.7900390625,0.63,524.0,1747.0,,1.23046875,0.56,675,2.2,-25.8,22.5,-0.8,-29.7,0.0,0.01,189,False,0.521,742,False,False,False,False,2.080078125,-0.29,1055,-2.9,0.0,2.8,0.2,-24.37,0.0,-0.02,738,False,-0.301,1032,False,False,False,False,1.6201171875,0.17,687,1.2,-0.0,-1.3,0.2,-8.82,0.0,-0.1,,False,0.244,612,False,False,False,True,1.8095703125,-0.02,1215,0.0,0.0,-0.1,0.0,0.58,0.0,-0.03,,False,0.009,931,False,False,False,True,
347770,핌스,3.69921875,0.5,233.0,1020.0,,4.76953125,-1.07,1475,-5.0,-0.1,1.8,,-5.03,0.0,-0.35,689,False,-1.168,1546,False,False,False,False,4.48828125,-0.79,1303,-5.5,-0.0,2.6,,-42.14,0.0,0.07,826,False,-1.139,1426,False,False,False,False,4.55078125,-0.85,1631,-3.0,0.0,1.4,,-4.85,0.0,0.26,425,False,-0.995,1608,False,False,False,False,3.5703125,0.13,520,-0.4,-0.0,-1.4,,7.71,0.0,0.3,,False,-0.174,1470,False,False,False,True,
347850,디앤디파마텍,5.6015625,37.62,31490.0,68700.0,,6.91015625,-1.31,1525,-339.3,3409.0,-2962.8,311.6,-25.65,5.29,-0.31,,False,-0.762,1444,True,False,True,True,7.109375,-1.51,1521,-634.6,2006.5,-1338.3,446.2,-15.81,4.64,0.14,,False,-1.467,1501,True,False,True,True,7.51953125,-1.92,1754,-1140.4,1433.1,-325.2,175.5,-25.0,4.64,1.14,,False,-2.927,1735,True,True,True,True,5.890625,-0.29,1658,-432.6,-79.9,499.1,-5.5,-20.67,0.0,0.87,27,False,-1.186,1703,False,False,False,False,
347860,알체라,5.12890625,2.45,596.0,1415.0,,2.73046875,2.4,276,22.0,0.0,1.1,0.1,-30.12,8.89,0.33,629,False,2.505,277,True,False,False,False,4.4609375,0.67,454,12.2,0.1,6.5,0.1,-44.83,8.89,0.33,363,False,0.707,438,True,False,True,False,5.3984375,-0.27,1364,-1.3,-0.0,1.0,,-16.96,2.06,-0.01,515,False,-0.17,1216,True,False,False,False,5.08984375,0.04,763,0.7,-0.0,-0.7,,0.57,0.0,-0.08,,False,0.119,508,False,False,False,True,
347890,엠엑스온,1.1904296875,0.92,707.0,4165.0,,1.0,0.19,833,-4.7,-8.1,12.7,-0.9,-41.26,0.3,0.55,406,False,-0.344,1280,False,False,False,False,1.3603515625,-0.17,978,-3.5,-2.6,6.0,0.0,-25.49,0.0,0.14,618,False,-0.293,1026,False,False,False,False,0.72998046875,0.46,478,1.2,0.4,-1.6,0.1,-19.75,0.0,0.33,,False,0.157,711,False,False,True,True,1.080078125,0.11,568,0.1,0.0,-0.2,,1.59,0.0,0.09,,False,0.017,889,False,False,False,True,
348030,모비릭스,0.66015625,0.58,284.0,2955.0,,0.7900390625,-0.13,1136,0.8,13.0,9.3,-1.0,4.79,0.0,-0.19,285,False,-0.05,1114,False,False,True,False,1.6298828125,-0.97,1370,-3.2,14.0,-16.9,,15.43,0.0,0.27,,False,-1.262,1456,False,False,True,True,1.3603515625,-0.7,1583,-1.3,10.2,-13.9,,7.45,0.0,-0.07,,False,-0.542,1470,False,False,True,True,0.6201171875,0.04,763,0.2,3.2,-3.4,,8.04,0.0,-0.03,,False,0.083,617,False,False,True,True,
348080,큐라티스,3.990234375,0.57,357.0,309.0,,4.96875,-0.98,1453,-3.0,-0.2,3.5,-0.1,-71.83,41.16,-0.07,,False,0.783,639,True,False,False,False,3.109375,0.88,404,2.6,-0.3,-2.6,-0.1,-62.73,0.0,-0.11,,False,0.978,381,False,False,False,True,3.08984375,0.9,266,3.0,-0.0,-3.1,,-30.09,0.0,-0.02,,False,0.912,250,False,False,False,True,3.990234375,0.0,908,,,,,0.0,0.0,0.0,,False,,,False,False,False,False,
348150,고바이오랩,2.7890625,1.98,634.0,3265.0,,2.08984375,0.7,621,1.4,-1.1,-1.4,0.1,-41.59,0.0,0.01,,False,0.682,681,False,False,False,True,3.060546875,-0.27,1044,-3.3,0.1,2.9,0.1,-41.9,0.0,-0.09,794,False,-0.196,957,False,False,True,False,2.1796875,0.61,381,3.5,-0.0,-3.5,,-17.55,0.0,0.03,,False,0.584,388,False,False,False,True,2.7109375,0.08,642,0.7,-0.0,-0.7,,1.71,0.0,-0.03,,False,0.105,548,False,False,False,True,
348210,넥스틴,16.40625,2.68,4138.0,39500.0,,9.1171875,7.29,43,705.4,-621.7,-63.8,-306.6,-45.74,0.0,-2.7,504,False,9.966,18,False,True,False,True,13.09375,3.31,133,307.0,-403.7,96.0,-129.9,-48.43,0.0,-1.79,243,False,5.086,57,False,True,False,False,14.7421875,1.66,123,111.5,-190.0,74.1,-127.9,-33.84,0.0,-0.61,102,False,2.267,75,False,False,False,False,15.4296875,0.98,42,36.4,-32.2,-4.8,-28.8,2.2,0.0,0.09,,False,0.885,33,False,False,False,True,지속
348340,뉴로메카,6.30078125,26.34,3772.0,30400.0,,3.599609375,2.7,245,56.9,433.4,148.7,-44.5,-46.0,9.03,-0.28,,False,3.479,205,True,False,True,False,7.0390625,-0.74,1277,-178.4,204.7,-35.0,-3.6,-54.63,0.38,-0.54,,False,-0.187,949,False,False,True,True,3.880859375,2.42,69,127.0,14.6,-141.3,1.3,-37.45,0.0,-0.42,,False,2.837,48,False,False,True,True,5.7890625,0.51,123,14.9,-7.3,-7.2,-0.0,-5.15,0.0,0.13,,False,0.384,136,False,False,False,True,
348350,위드텍,2.9609375,0.73,944.0,9460.0,,1.580078125,1.38,437,18.7,0.2,-21.2,0.8,11.69,-2.01,-0.35,,False,1.67,401,True,False,True,True,3.359375,-0.4,1115,-1.7,1.0,-1.5,0.8,-11.51,0.0,-0.01,856,False,-0.395,1099,False,False,True,True,3.169921875,-0.21,1309,-1.8,0.6,-1.5,0.4,8.61,0.0,0.07,,False,-0.273,1308,False,False,True,True,2.599609375,0.36,206,2.3,0.5,-5.5,0.2,21.28,0.0,0.12,,False,0.244,259,False,False,True,True,
348370,엔켐,3.220703125,1.09,5138.0,23450.0,,3.66015625,-0.44,1279,-501.4,573.2,-8.0,10.5,-63.76,0.28,4.45,252,False,-4.924,1755,False,True,True,True,5.4609375,-2.24,1657,-498.3,15.2,476.0,13.2,-45.59,0.0,3.23,42,False,-5.507,1753,False,True,True,False,3.009765625,0.21,643,-48.7,-20.8,69.7,-4.2,-36.1,0.0,1.03,131,False,-0.825,1576,False,True,False,False,3.029296875,0.19,402,-31.5,-3.6,34.1,0.0,4.92,0.0,0.77,83,False,-0.584,1655,False,False,False,False,
351320,넥사다이내믹스,2.0390625,1.4,297.0,999.0,,2.890625,-0.85,1420,-4.1,-7.0,8.0,,-11.9,3.04,-0.2,299,False,-1.014,1513,True,False,False,False,3.259765625,-1.22,1456,-6.1,-1.1,7.3,,-28.64,0.0,-0.01,268,False,-1.613,1533,False,False,False,False,2.439453125,-0.4,1444,-1.5,0.0,0.4,,-7.5,0.0,-0.13,461,False,-0.507,1451,False,False,False,False,2.150390625,-0.11,1463,-0.3,-0.0,0.4,,-0.2,0.0,-0.01,359,False,-0.103,1372,False,False,False,False,
351330,이삭엔지니어링,4.5703125,0.89,305.0,3680.0,,5.69140625,-1.12,1488,-13.0,-2.1,13.9,-0.0,-60.93,0.0,0.28,332,False,-1.443,1592,False,False,False,False,4.1015625,0.47,524,1.6,-1.4,-1.3,,-50.67,0.0,-0.08,,False,0.539,494,False,False,False,True,3.859375,0.71,337,2.4,-0.0,-2.2,,-30.04,0.0,-0.02,,False,0.727,313,False,False,False,True,4.2109375,0.36,206,0.7,0.0,-0.7,,-1.6,0.0,0.14,,False,0.223,285,False,False,False,True,
351870,차이커뮤니케이션,1.2802734375,0.37,197.0,1768.0,,1.1201171875,0.16,853,0.1,-0.3,-1.0,-0.3,-61.31,0.0,-0.13,,False,0.275,862,False,False,False,True,1.0302734375,0.25,604,0.4,-0.0,-1.4,,-58.15,0.0,-0.05,,False,0.295,585,False,False,False,True,1.099609375,0.18,679,0.2,0.0,-0.2,,-33.28,0.0,0.01,,False,0.189,672,False,False,False,True,1.3095703125,-0.03,1262,-0.1,0.0,0.1,,-5.2,0.0,0.0,555,False,-0.026,1171,False,False,False,False,
352090,스톰테크,1.6201171875,1.02,953.0,3545.0,,1.1396484375,0.48,698,3.7,-3.0,-6.8,-0.6,3.35,0.0,-0.3,,False,0.391,797,False,False,False,True,1.5,0.12,656,-0.4,-1.0,-0.6,,-5.34,0.0,-0.06,,False,-0.032,833,False,False,False,True,1.5703125,0.05,805,1.0,-0.6,-0.3,,-3.14,0.0,-0.08,,False,0.1,778,False,False,False,True,1.6396484375,-0.02,1215,0.7,-0.0,-0.7,,1.72,0.0,-0.09,,False,0.075,651,False,False,False,True,
352480,씨앤씨인터내셔널,0.199951171875,0.73,2590.0,19000.0,,2.609375,-2.41,1668,-55.6,38.2,20.8,-10.2,-39.0,0.0,-0.73,503,False,-1.664,1622,False,False,True,False,2.419921875,-2.22,1652,-44.7,15.6,28.7,-2.0,-30.15,0.0,-0.81,569,False,-1.406,1488,False,False,True,False,0.93994140625,-0.74,1597,-17.1,31.0,-14.0,-0.2,-4.04,0.0,-0.14,,False,-0.602,1490,False,False,True,True,0.239990234375,-0.04,1301,-1.1,-0.3,1.4,-0.3,-5.71,0.0,0.0,489,False,-0.041,1229,False,False,False,False,
352700,씨앤투스,1.4404296875,0.24,386.0,1468.0,,1.6904296875,-0.25,1199,1.3,-1.8,0.5,-2.1,-34.46,0.0,-0.66,,False,0.291,848,False,False,False,False,1.6298828125,-0.19,995,-0.6,-0.7,0.7,-0.3,-29.08,0.0,-0.26,855,False,-0.043,843,False,False,False,False,1.240234375,0.2,653,0.6,-0.6,-0.3,-0.0,-5.9,0.0,-0.04,,False,0.184,679,False,False,False,True,1.4501953125,-0.01,1155,0.1,-0.8,0.7,,10.63,0.0,-0.05,297,False,0.035,798,False,False,False,False,
352770,셀레스트라,2.8203125,0.0,136.0,5250.0,,2.8203125,0.0,987,,,,,0.0,0.0,0.0,,False,,,False,False,False,False,2.830078125,-0.01,865,,,,,0.0,0.0,-0.01,,False,,,False,False,False,False,2.8203125,0.0,913,,,,,0.0,0.0,0.0,,False,,,False,False,False,False,2.8203125,0.0,908,,,,,0.0,0.0,0.0,,False,,,False,False,False,False,
352910,오비고,0.740234375,1.43,484.0,3830.0,,0.7001953125,0.04,938,-1.7,0.6,1.2,,-40.53,0.0,0.06,,False,-0.082,1128,False,False,True,False,1.16015625,-0.42,1126,-2.5,0.5,2.0,,-28.01,0.0,-0.18,780,False,-0.311,1039,False,False,True,False,0.7001953125,0.04,825,-0.1,0.9,-0.8,,-12.16,0.0,0.04,,False,-0.01,981,False,False,True,True,0.669921875,0.07,665,0.2,0.1,-0.3,,5.36,0.0,0.02,,False,0.049,741,False,False,True,True,
352940,인바이오,1.16015625,0.52,219.0,2015.0,,1.48046875,-0.32,1227,-0.1,-0.3,0.7,,-5.62,0.0,-0.25,626,False,-0.039,1107,False,False,False,False,1.1396484375,0.02,733,0.1,-0.0,0.2,,-14.26,0.0,0.02,839,False,0.026,749,False,False,False,False,1.26953125,-0.11,1197,-0.3,-0.0,0.3,,-2.89,0.0,0.02,510,False,-0.124,1167,False,False,False,False,1.1396484375,0.02,827,0.0,-0.0,-0.1,,0.5,0.0,-0.0,,False,0.021,866,False,False,False,True,
353190,휴럼,1.490234375,0.53,225.0,2855.0,,1.1904296875,0.3,775,1.1,-0.2,-6.9,-0.0,324.22,-80.0,-5.02,,False,0.083,985,True,True,False,True,0.93994140625,0.55,500,1.2,-0.5,-6.8,,346.09,-80.0,-3.91,,False,0.123,669,True,True,False,True,1.509765625,-0.02,1086,-0.0,-0.2,-3.9,,-2.39,0.0,-0.01,,False,0.006,923,False,False,False,True,1.4404296875,0.05,725,0.2,-0.0,-1.0,,7.74,0.0,-0.02,,False,0.073,657,False,False,False,True,지속
353590,오토앤,1.8603515625,1.1,205.0,1594.0,,1.900390625,-0.04,1088,3.2,0.5,-3.6,0.0,-54.78,0.0,-0.71,,False,0.702,674,False,False,True,True,2.44921875,-0.59,1208,-0.5,-0.1,0.5,,-47.04,0.0,-0.42,786,False,-0.201,959,False,False,False,False,2.48046875,-0.62,1550,-0.1,-0.1,0.1,,-22.24,0.0,-0.6,608,False,-0.038,1041,False,False,False,False,2.439453125,-0.58,1739,0.0,-0.0,-0.0,,2.57,0.0,-0.6,,False,0.017,889,False,False,False,False,
353810,이지바이오,6.30859375,1.94,2081.0,6290.0,,4.37109375,1.94,343,54.0,53.3,-122.3,43.3,3.45,0.0,-0.36,,False,2.264,307,False,False,True,True,8.4921875,-2.18,1650,-53.8,39.7,6.0,38.4,-20.98,0.0,0.2,719,False,-2.412,1662,False,False,True,False,6.8203125,-0.51,1502,-9.2,11.4,-3.4,8.6,-3.38,0.0,-0.07,,False,-0.45,1427,False,False,True,True,6.109375,0.2,382,3.2,1.2,-4.6,0.9,4.49,0.0,0.04,,False,0.155,411,False,False,True,True,스파이크
354200,엔젠바이오,0.0,0.61,149.0,1668.0,,1.6904296875,-1.69,1597,-3.4,0.2,8.4,,19.91,-64.31,-6.43,518,False,0.037,1026,True,True,True,False,2.55078125,-2.55,1697,-4.8,0.3,5.3,,-6.66,-66.67,-6.57,541,False,-0.846,1317,True,True,True,False,1.669921875,-1.67,1726,0.1,0.3,-0.5,,90.63,-66.67,-5.47,,False,0.138,733,True,True,True,True,1.26953125,-1.27,1789,-0.2,-0.0,0.2,,126.32,-66.67,-3.65,524,False,-0.045,1241,True,True,False,False,
354320,알멕,13.2578125,1.2,1806.0,28250.0,,1.16015625,12.1,18,371.7,396.5,-721.6,-39.2,-34.61,0.0,0.39,,False,11.667,11,False,False,True,True,1.580078125,11.68,13,376.8,-90.3,-272.1,-117.1,-67.11,0.0,0.42,,False,11.131,8,False,False,False,True,7.421875,5.84,6,145.6,-98.9,-43.3,3.7,-49.46,0.0,0.96,,False,4.836,14,False,False,False,True,14.453125,-1.2,1786,-33.6,-7.7,41.0,0.3,9.71,0.0,0.6,12,True,-1.794,1721,False,False,False,False,
355150,코스텍시스,19.953125,6.06,1433.0,18380.0,,3.19921875,16.75,9,508.3,-108.0,-303.6,-84.0,41.93,0.0,-0.92,,False,17.612,1,False,False,False,True,5.140625,14.81,10,492.7,-97.4,-305.6,-80.5,-3.26,0.0,-0.71,,False,15.535,2,False,False,False,True,19.5,0.45,481,18.9,-1.7,-15.1,3.8,-44.05,0.0,-0.23,,False,0.788,292,False,False,False,True,20.8125,-0.86,1768,-14.1,-0.5,15.1,-0.6,-2.55,0.0,-0.05,48,False,-0.81,1686,False,False,False,False,
355390,크라우드웍스,1.58984375,1.25,251.0,1582.0,,5.58984375,-4.0,1735,-22.0,-0.9,30.1,-0.3,-57.42,16.7,0.15,84,False,-3.897,1739,True,False,False,False,2.2109375,-0.62,1224,-4.0,-0.2,10.8,,-53.26,1.91,-0.27,204,False,-0.284,1019,True,False,False,False,0.85986328125,0.73,329,1.7,-0.1,4.4,,-41.41,0.0,0.12,123,False,0.562,403,False,False,False,False,1.2900390625,0.3,259,0.4,-0.0,-0.4,,-6.94,0.0,0.15,,False,0.154,415,False,False,False,True,
355690,에이텀,3.4609375,10.64,415.0,4415.0,,2.990234375,0.47,702,-5.3,-6.7,11.3,-2.4,8.74,74.01,2.64,160,False,-1.682,1625,True,True,False,False,1.8603515625,1.6,286,-2.8,-5.1,9.8,-1.1,-11.26,74.01,2.77,122,False,-0.879,1333,True,True,False,False,2.529296875,0.93,258,3.8,-0.1,-4.5,,1.26,0.0,0.19,,False,0.652,351,False,False,False,True,3.76953125,-0.31,1668,-2.2,0.0,2.2,,11.49,0.0,0.26,91,False,-0.565,1651,False,False,False,False,
356680,엑스게이트,3.150390625,6.41,3094.0,10840.0,,1.0,2.15,317,61.2,9.6,-5.4,3.8,46.68,0.0,-0.27,,False,2.535,274,False,False,True,True,1.7197265625,1.43,306,41.4,11.0,-32.8,2.5,-35.74,0.0,-0.27,,False,1.854,248,False,False,True,True,0.85009765625,2.3,76,65.3,5.4,-73.4,0.8,-37.3,0.0,0.23,,False,2.112,86,False,False,True,True,2.41015625,0.74,62,17.3,-0.3,-17.1,,-2.17,0.0,0.22,,False,0.521,85,False,False,False,True,스파이크
356860,티엘비,14.5078125,6.19,3766.0,38300.0,,16.875,-2.37,1664,-155.7,622.4,-479.6,258.0,-35.52,0.0,1.11,,False,-3.333,1725,False,True,True,True,16.546875,-2.04,1632,-141.9,82.2,55.5,53.7,-54.83,0.0,0.6,170,False,-2.598,1675,False,False,True,False,14.1015625,0.41,504,-1.5,-148.3,157.1,-14.1,-59.98,0.0,1.81,21,False,-1.339,1656,False,True,False,False,17.6875,-3.18,1812,-288.1,212.5,78.4,65.0,-44.25,0.0,1.84,11,True,-5.024,1739,False,True,True,False,
356890,싸이버원,5.328125,0.64,257.0,2150.0,,4.30859375,1.02,531,-3.3,-0.2,2.6,,-45.57,0.0,0.17,,False,0.704,672,False,False,False,False,3.33984375,1.99,242,0.8,-0.0,-2.0,,-44.44,0.0,0.35,,False,1.36,304,False,False,False,True,2.25,3.08,44,3.7,-0.0,-3.6,,-17.31,0.0,1.63,,False,1.443,145,False,True,False,True,5.140625,0.19,402,0.7,-0.0,-0.7,,3.12,0.0,-0.09,,False,0.284,219,False,False,False,True,
357230,에이치피오,1.0703125,0.59,894.0,2165.0,,0.72021484375,0.35,748,-0.4,-0.2,-4.5,0.1,-10.91,0.0,0.34,,False,-0.049,1113,False,False,False,True,1.01953125,0.05,701,-1.6,-0.8,1.1,-0.4,-13.75,0.0,0.18,812,False,-0.171,942,False,False,False,False,0.97021484375,0.1,747,0.6,-0.0,-0.9,,-4.84,0.0,-0.02,,False,0.079,800,False,False,False,True,0.9501953125,0.12,543,0.8,-0.0,-0.7,,1.64,0.0,0.03,,False,0.093,588,False,False,False,True,
357550,석경에이티,1.349609375,4.56,2018.0,37000.0,,1.4697265625,-0.12,1129,-26.4,2.0,-2.5,0.0,-37.29,0.0,0.45,,False,-0.687,1421,False,False,True,True,1.6103515625,-0.26,1036,-7.7,2.0,-7.5,0.0,-30.71,0.0,-0.21,,False,-0.09,877,False,False,True,True,0.97998046875,0.37,527,6.7,2.3,-11.1,0.0,-15.43,0.0,0.01,,False,0.337,533,False,False,True,True,1.23046875,0.12,543,1.2,0.8,-2.1,-0.0,6.17,0.0,0.06,,False,0.065,682,False,False,True,True,
357580,아모센스,9.453125,1.5,679.0,5760.0,,0.89990234375,8.55,35,76.4,56.7,-147.7,-50.6,-28.54,4.5,0.12,,False,8.61,28,True,False,True,True,4.48046875,4.97,57,79.5,-60.2,-13.0,-67.7,-68.93,0.62,-1.84,271,False,6.648,24,False,True,False,True,10.9375,-1.48,1706,-1.0,-20.9,21.8,-16.3,-42.4,0.0,-1.14,42,False,-0.262,1301,False,True,False,False,9.453125,0.0,908,-1.4,0.3,0.6,-0.0,0.35,0.0,0.17,443,False,-0.173,1465,False,False,True,False,
357780,솔브레인,29.890625,2.11,22675.0,291500.0,,27.0,2.89,229,739.7,-779.3,67.7,-298.2,1.39,0.0,-1.31,556,False,4.305,140,False,True,False,False,22.296875,7.59,23,2012.1,-2611.6,565.3,-258.1,-32.44,0.0,-0.37,212,False,7.901,16,False,False,False,False,23.8125,6.08,5,1765.0,-2094.4,313.6,-140.3,-22.99,0.0,-0.56,126,False,6.605,2,False,False,False,False,29.515625,0.38,189,18.7,-84.7,59.2,-33.2,-1.19,0.0,0.28,216,False,0.083,617,False,False,False,False,지속
357880,SKAI,1.8798828125,10.56,1498.0,2830.0,,1.48046875,0.4,729,-38.8,-3.3,159.4,9.1,51.58,12.88,0.32,58,False,0.188,921,True,False,False,False,0.429931640625,1.45,302,11.6,-0.8,5.3,10.6,-30.21,4.16,0.57,,False,0.914,396,True,False,False,False,0.64990234375,1.23,191,15.6,3.2,-15.9,4.0,-32.05,0.49,0.2,,False,1.157,197,False,False,True,True,2.529296875,-0.65,1746,-10.8,1.7,10.9,1.7,22.51,0.0,0.15,63,False,-0.787,1680,False,False,True,False,
358570,지아이이노베이션,6.76953125,4.01,4723.0,7320.0,,7.21875,-0.45,1283,-174.4,436.7,-156.0,-73.4,-47.03,1.01,0.89,,False,-1.311,1570,True,False,True,True,7.5703125,-0.8,1307,-237.6,109.3,194.5,-26.1,-51.26,0.43,1.24,146,False,-2.017,1614,False,True,True,False,5.2109375,1.56,133,45.7,-134.5,91.9,-27.3,-40.49,0.4,0.67,106,False,0.884,258,False,False,False,False,6.8515625,-0.08,1395,4.8,-5.1,0.7,0.9,-6.63,0.0,-0.2,600,False,0.101,561,False,False,False,False,스파이크
359090,씨엔알리서치,0.8701171875,0.46,227.0,1974.0,,1.0703125,-0.2,1172,0.7,0.0,-1.1,,123.81,-80.0,-6.42,,False,0.302,840,True,True,False,True,1.1396484375,-0.27,1044,0.6,0.0,-1.0,,152.11,-80.0,-6.48,,False,0.245,600,True,True,False,True,1.3798828125,-0.51,1502,-0.2,0.0,0.2,,258.91,-80.0,-5.96,632,False,-0.015,992,True,True,False,False,0.91015625,-0.04,1301,0.1,-0.0,-0.1,,3.19,0.0,-0.08,,False,0.039,781,False,False,False,True,
360070,탑머티리얼,0.0,0.6,677.0,8260.0,,0.0,0.0,987,6.1,0.0,-5.8,-0.5,-58.7,0.58,-0.74,,False,0.722,663,False,False,False,True,0.0,0.0,771,-2.8,1.2,1.4,-0.1,-56.66,0.13,-0.21,,False,0.179,638,False,False,True,False,0.0,0.0,913,5.8,1.1,-7.0,,-33.97,0.05,-0.77,,False,0.76,300,False,False,True,True,0.0,0.0,908,0.2,1.0,-1.3,,-1.31,0.0,-0.04,,False,0.038,787,False,False,True,True,
360350,코셈,7.12890625,2.01,386.0,7090.0,,5.578125,1.55,399,13.0,19.5,5.8,-4.1,11.48,-5.06,-0.43,458,False,1.426,447,True,False,True,False,8.5390625,-1.41,1502,-7.0,0.2,0.4,-3.2,-56.07,-5.06,-0.22,476,False,-1.695,1555,True,False,True,False,7.328125,-0.2,1303,-2.4,-0.0,2.7,,-18.51,-5.23,-0.0,246,False,-0.59,1487,True,False,False,False,7.23828125,-0.11,1463,-0.3,-0.0,0.6,,2.31,0.0,-0.05,317,False,-0.065,1297,False,False,False,False,
361390,제노코,21.0625,2.22,1274.0,13080.0,,19.453125,1.61,390,80.8,42.1,-5.9,-6.0,-45.84,10.63,0.41,,False,3.437,209,True,False,True,True,20.328125,0.73,438,15.2,-17.0,18.1,-10.2,-57.32,0.31,0.32,743,False,0.44,527,False,False,False,False,21.8125,-0.75,1598,-9.0,-0.7,-10.2,0.2,-23.06,0.0,-0.05,,False,-0.69,1532,False,False,False,True,21.421875,-0.36,1690,-5.1,2.0,0.1,,-4.04,0.0,0.0,677,False,-0.358,1588,False,False,True,False,
361570,알비더블유,3.859375,0.67,402.0,1400.0,,3.009765625,0.85,575,2.2,0.1,-6.3,,-24.49,0.0,0.37,,False,0.518,744,False,False,True,True,4.1484375,-0.29,1055,-2.8,0.1,4.2,,-31.37,0.0,0.02,641,False,-0.328,1048,False,False,True,False,3.400390625,0.46,478,1.9,0.6,-2.4,,-19.54,0.0,-0.07,,False,0.54,412,False,False,True,True,3.7109375,0.15,475,0.0,-0.1,0.0,,-0.99,0.0,0.14,637,False,0.007,943,False,False,False,False,스파이크
361670,삼영에스앤씨,1.3603515625,1.03,198.0,3495.0,,1.1201171875,0.24,807,0.2,-0.2,-5.5,,-5.03,0.0,-0.19,,False,0.285,852,False,False,False,True,1.9599609375,-0.6,1210,-1.0,-0.0,-4.7,,5.43,0.0,-0.1,,False,-0.566,1190,False,False,False,True,1.490234375,-0.13,1219,-0.2,0.0,-5.5,,37.06,0.0,-0.07,,False,-0.098,1137,False,False,False,True,1.400390625,-0.04,1301,-0.1,-0.0,-2.8,,10.95,0.0,0.03,,False,-0.067,1298,False,False,False,True,
362320,청담글로벌,0.0,1.04,942.0,4455.0,,0.0,0.0,987,-0.2,-2.0,-36.7,0.0,-21.15,0.48,-1.84,,False,-0.163,1181,False,True,False,True,0.0,0.0,771,-20.8,-1.0,-15.3,0.2,-16.73,0.0,0.14,,False,-1.927,1597,False,False,False,True,0.0,0.0,913,-13.3,-0.1,-13.6,-0.0,0.45,0.0,-0.07,,False,-1.443,1665,False,False,False,True,0.0,0.0,908,-1.2,-0.0,-2.0,-0.0,-5.21,0.0,-0.21,,False,-0.121,1400,False,False,False,True,
362990,드림인사이트,2.169921875,0.62,210.0,1247.0,,3.16015625,-0.99,1457,-3.0,-0.2,1.3,,-31.86,0.0,-0.28,706,False,-0.949,1494,False,False,False,False,1.9296875,0.24,610,0.6,-0.0,-2.8,,-19.13,0.0,-0.21,,False,0.208,623,False,False,False,True,2.310546875,-0.14,1232,-0.4,-0.0,-2.2,,4.97,0.0,-0.06,,False,-0.214,1267,False,False,False,True,2.0,0.17,434,0.2,0.0,-0.8,,0.08,0.0,0.07,,False,0.104,551,False,False,False,True,
363250,진시스템,1.1796875,2.96,290.0,3405.0,,2.619140625,-1.44,1552,-5.7,-11.3,14.7,,-31.42,20.81,-0.06,159,False,-1.416,1590,True,False,False,False,2.4609375,-1.28,1472,-5.5,-0.4,5.3,,-44.9,0.0,-0.14,371,False,-1.453,1498,False,False,False,False,1.3798828125,-0.2,1303,-0.9,-0.0,0.8,,-12.47,0.0,0.02,448,False,-0.238,1286,False,False,False,False,0.89013671875,0.29,270,0.7,0.0,-0.7,,3.03,0.0,0.04,,False,0.245,258,False,False,False,True,스파이크
363260,모비데이즈,3.349609375,0.6,239.0,744.0,,2.220703125,1.13,501,6.1,-0.0,-3.6,0.0,-51.56,0.0,-1.02,,False,1.875,367,False,True,False,True,2.6796875,0.67,454,-0.2,-0.0,-0.6,,-51.25,0.0,-0.02,,False,0.452,522,False,False,False,True,2.669921875,0.68,353,1.7,-0.0,-1.7,,-28.12,0.0,-0.07,,False,0.66,345,False,False,False,True,3.2890625,0.06,693,0.1,0.0,-0.2,,-3.63,0.0,-0.0,,False,0.061,699,False,False,False,True,
364950,에이아이코리아,3.869140625,0.59,339.0,4085.0,,3.5390625,0.33,758,-4.6,-6.4,11.9,-2.2,-43.5,0.0,0.35,441,False,-0.016,1092,False,False,False,False,2.970703125,0.9,399,-0.2,-0.3,1.4,,-43.26,0.0,0.5,,False,0.37,552,False,False,False,False,3.580078125,0.29,576,1.0,1.2,-2.2,,-10.42,0.0,-0.11,,False,0.365,513,False,False,True,True,3.9609375,-0.09,1427,-0.2,0.6,-0.4,,3.16,0.0,-0.04,,False,-0.053,1264,False,False,True,True,
365270,큐라클,1.0703125,5.01,1961.0,8850.0,,3.83984375,-2.77,1698,-111.5,87.4,16.2,9.5,5.86,5.46,0.3,,False,-3.042,1715,True,False,True,False,2.130859375,-1.06,1403,-67.8,98.6,-28.8,46.8,-45.71,1.06,0.56,,False,-1.625,1538,True,False,True,True,0.93994140625,0.13,719,-5.5,36.7,-30.0,25.2,-34.64,0.39,0.11,,False,0.021,889,False,False,True,True,0.72998046875,0.34,224,8.6,-3.8,-4.5,-2.2,-7.23,0.0,-0.1,,False,0.445,105,False,False,False,True,스파이크
365330,에스와이스틸텍,4.6015625,0.79,753.0,1501.0,,2.01953125,2.58,258,8.3,1.5,-10.5,1.5,-54.52,0.0,0.55,,False,2.084,324,False,False,True,True,1.7998046875,2.8,171,40.8,1.5,-43.3,1.5,-61.36,0.0,-0.51,,False,3.244,132,False,False,True,True,5.3203125,-0.72,1590,-9.5,-2.5,11.8,-2.5,-36.26,0.0,-0.41,293,False,-0.327,1350,False,False,False,False,3.4296875,1.17,28,5.9,0.0,-5.9,,-15.72,0.0,0.49,,False,0.7,46,False,False,False,True,
365340,성일하이텍,4.96875,3.09,4148.0,32100.0,,2.650390625,2.32,289,212.8,187.4,-391.2,10.3,-28.35,5.6,-1.41,,False,4.084,156,True,True,True,True,1.5498046875,3.42,124,295.5,-292.6,-4.2,3.4,-53.55,5.28,-1.33,498,False,5.099,56,True,True,False,True,3.970703125,1.0,236,68.7,-133.2,63.0,2.1,-39.89,0.0,-0.38,120,False,1.354,164,False,False,False,False,5.01953125,-0.05,1326,16.1,-38.0,21.5,2.6,-6.0,0.0,-0.43,109,False,0.374,141,False,False,False,False,지속
365590,하이딥,3.609375,14.83,393.0,1068.0,,11.1875,-7.58,1781,-3.2,0.8,2.8,1.1,-71.02,18.92,-5.67,656,False,-0.238,1233,True,True,True,False,4.1796875,-0.57,1198,-2.3,-0.9,2.9,-0.4,-46.73,18.92,0.22,715,False,-0.215,969,True,False,False,False,4.328125,-0.72,1590,-0.2,-0.0,0.3,-0.0,-24.04,18.73,-0.04,619,False,0.01,905,True,False,False,False,3.80078125,-0.19,1565,0.1,-0.1,0.1,-0.0,1.14,0.0,-0.21,616,False,0.022,861,False,False,False,False,스파이크
365660,레몬헬스케어,0.330078125,28.17,718.0,5380.0,,,,,-37.8,-131.6,233.2,-32.5,,,,,False,,,False,False,False,False,,,,-37.8,-131.6,233.2,-32.5,,,,,False,,,False,False,False,False,,,,-37.8,-131.6,233.2,-32.5,,,,,False,,,False,False,False,False,0.449951171875,-0.12,1475,-3.0,0.1,4.7,0.0,-45.38,0.0,0.21,176,False,-0.183,1478,False,False,True,False,
365900,브이씨,1.3203125,0.54,202.0,2760.0,,0.8701171875,0.45,709,0.2,-1.1,2.2,-0.2,0.73,0.0,0.08,471,False,0.299,843,False,False,False,False,1.2197265625,0.1,662,-0.5,-0.0,1.4,,-17.86,0.0,-0.04,635,False,-0.084,872,False,False,False,False,1.349609375,-0.03,1107,-0.6,-0.0,0.6,,11.74,0.0,0.2,472,False,-0.222,1272,False,False,False,False,1.51953125,-0.2,1575,-0.6,-0.0,0.5,,6.77,0.0,0.13,206,False,-0.326,1575,False,False,False,False,
366030,나인앤컴퍼니,0.81005859375,1.38,1144.0,5050.0,,1.849609375,-1.04,1467,-8.6,-0.4,5.8,,-13.23,0.0,-0.23,513,False,-0.84,1468,False,False,False,False,1.3701171875,-0.56,1187,-9.4,0.0,8.5,,-14.55,0.0,0.26,550,False,-0.799,1303,False,False,False,False,1.3203125,-0.51,1502,-5.9,0.0,6.1,,4.12,0.0,-0.04,298,False,-0.502,1447,False,False,False,False,0.89990234375,-0.09,1427,-0.7,0.0,0.7,,-1.56,0.0,-0.03,474,False,-0.061,1286,False,False,False,False,
367000,플래티어,0.85986328125,0.75,252.0,3000.0,,0.89013671875,-0.03,1080,0.5,-0.4,-0.2,,-24.72,0.0,-0.27,,False,0.217,896,False,False,False,True,0.64990234375,0.21,624,0.4,-0.0,-0.5,,-29.16,0.0,0.02,,False,0.157,650,False,False,False,True,0.8701171875,-0.01,1065,-0.1,-0.0,0.0,,1.01,0.0,-0.02,,False,-0.013,986,False,False,False,False,0.85986328125,0.0,908,-0.0,0.0,0.0,,0.17,0.0,0.01,665,False,-0.007,1068,False,False,False,False,
368600,아이씨에이치,2.240234375,0.42,152.0,590.0,,1.5,0.74,611,-5.7,-11.4,16.4,-4.9,-37.23,47.08,2.6,41,False,-2.151,1665,True,True,False,False,2.740234375,-0.5,1166,-1.3,-1.4,2.3,-1.5,-51.76,1.01,0.11,440,False,-0.607,1208,True,False,False,False,2.509765625,-0.27,1364,-0.4,-1.4,2.0,-1.5,-14.99,1.01,-0.1,137,False,-0.172,1218,True,False,False,False,1.9599609375,0.28,275,1.1,0.0,1.7,,-3.44,0.0,-0.46,42,False,0.738,42,False,False,False,False,
368770,파이버프로,3.30078125,8.45,3883.0,11820.0,,3.130859375,0.17,845,-123.2,64.8,149.8,11.8,-9.56,0.0,0.44,463,False,-0.269,1247,False,False,True,False,2.26953125,1.03,377,23.7,-19.7,-13.9,23.3,-50.54,0.0,-0.21,,False,1.263,323,False,False,False,True,2.619140625,0.68,353,37.8,6.6,-61.4,15.7,-21.72,0.0,-0.23,,False,0.916,249,False,False,True,True,3.0,0.3,259,10.1,-2.6,-9.2,0.2,-3.75,0.0,0.06,,False,0.242,263,False,False,False,True,지속
368970,오에스피,1.0400390625,0.5,168.0,2310.0,,1.48046875,-0.44,1279,-0.7,-0.5,2.5,-0.0,20.56,-22.07,-0.47,444,False,-0.237,1232,True,False,False,False,1.099609375,-0.06,905,-0.4,-0.3,1.7,,18.34,-22.07,-0.38,605,False,-0.1,890,True,False,False,False,0.97998046875,0.06,788,-0.4,-0.2,2.0,,-20.89,49.98,0.39,89,False,-0.252,1298,True,False,False,False,1.0595703125,-0.02,1215,0.3,-0.1,-0.0,,4.05,0.0,-0.17,,False,0.155,411,False,False,False,False,
369370,블리츠웨이엔터테인먼트,9.0390625,2.1,374.0,750.0,,8.96875,0.07,910,-6.3,-0.1,14.1,,-46.88,0.0,0.58,371,False,-0.513,1358,False,False,False,False,8.953125,0.09,669,-0.5,-0.1,0.7,,-39.95,0.0,0.12,864,False,0.002,796,False,False,False,False,8.9921875,0.05,805,0.2,-0.1,-0.2,,-13.09,0.0,0.01,,False,0.041,853,False,False,False,True,9.046875,-0.01,1155,0.0,-0.0,-0.0,,-2.6,0.0,-0.02,,False,0.014,907,False,False,False,False,
370090,퓨런티어,7.94921875,1.32,545.0,6370.0,,3.8203125,4.13,145,34.0,-0.3,-35.3,-0.3,-60.31,0.0,0.22,,False,3.911,167,False,False,False,True,6.30078125,1.65,278,14.7,-0.1,-13.6,-0.2,-51.85,0.0,-0.34,,False,1.97,236,False,False,False,True,6.80078125,1.15,205,8.2,0.0,-7.7,,-30.53,0.0,-0.2,,False,1.346,167,False,False,False,True,7.890625,0.06,693,-0.1,0.0,0.1,,-3.92,0.0,0.07,626,False,-0.016,1116,False,False,False,False,
371950,풍원정밀,0.35009765625,10.7,1314.0,5800.0,,1.0,-0.65,1356,-28.2,10.2,73.5,-27.7,-52.18,0.0,0.35,211,False,-0.851,1473,False,False,True,False,0.7001953125,-0.35,1094,-9.1,-24.7,34.5,-0.9,-48.99,0.0,0.05,298,False,-0.384,1093,False,False,False,False,0.320068359375,0.03,837,-1.1,-3.0,4.1,0.0,-20.0,0.0,0.1,420,False,-0.064,1091,False,False,False,False,0.300048828125,0.05,725,0.7,-0.6,-0.1,,3.02,0.0,0.0,,False,0.049,741,False,False,False,True,
372170,윤성에프앤씨,1.650390625,0.71,1254.0,15720.0,,1.0498046875,0.6,661,15.3,0.2,-13.2,0.2,-47.6,0.0,-0.13,,False,0.751,652,False,False,True,True,1.6904296875,-0.04,893,-6.0,-0.8,8.9,-1.6,-50.17,0.0,-0.03,811,False,-0.028,831,False,False,False,False,1.150390625,0.5,455,5.2,0.7,-6.1,,-31.5,0.0,0.09,,False,0.405,488,False,False,True,True,1.509765625,0.14,498,1.2,0.3,-1.6,,2.08,0.0,0.04,,False,0.098,571,False,False,True,True,
372320,큐로셀,1.259765625,67.82,3593.0,23600.0,,2.650390625,-1.39,1541,-74.2,-69.1,180.7,-94.0,-50.52,5.5,-0.31,250,False,-1.013,1512,True,False,False,False,2.5390625,-1.28,1472,-86.4,-10.0,119.3,-20.9,-60.8,1.24,-0.28,343,False,-0.907,1345,True,False,False,False,2.7109375,-1.45,1705,-47.1,-34.5,79.7,2.2,-24.48,0.0,-0.5,85,False,-0.919,1592,False,False,False,False,1.4404296875,-0.18,1552,8.8,-5.6,-1.6,0.5,-13.71,0.0,-0.43,,False,0.247,255,False,False,False,True,
372800,아이티아이즈,0.66015625,1.85,197.0,2795.0,,0.89990234375,-0.24,1191,-0.5,-25.8,19.5,-23.0,-37.4,16.38,0.27,49,False,-0.283,1258,True,False,False,False,1.599609375,-0.94,1360,-3.8,-11.8,8.7,-10.5,-34.24,0.0,0.17,59,False,-1.274,1459,False,False,False,False,0.740234375,-0.08,1161,-1.2,-10.2,6.8,-8.9,-6.99,0.0,0.18,14,True,-0.316,1343,False,False,False,False,0.7099609375,-0.05,1326,-0.1,-1.2,1.5,-1.2,-3.95,0.0,-0.02,67,False,-0.046,1244,False,False,False,False,
373110,엑셀세라퓨틱스,1.240234375,2.87,205.0,1184.0,,5.5390625,-4.3,1746,-14.5,-2.2,24.8,-1.0,-26.91,0.0,-0.48,59,False,-4.349,1745,False,False,False,False,5.33984375,-4.1,1770,-12.7,0.5,16.9,-0.0,-20.05,0.0,-0.42,39,False,-3.904,1731,False,False,True,False,1.1904296875,0.05,805,-0.3,-0.3,-0.6,,-14.64,0.0,0.13,,False,-0.112,1148,False,False,False,True,1.0498046875,0.19,402,0.5,-0.0,-0.4,,4.41,0.0,-0.02,,False,0.238,267,False,False,False,True,스파이크
373160,데이원컴퍼니,0.75,1.0,453.0,3280.0,,1.2900390625,-0.54,1316,-4.5,18.3,-0.5,-0.2,-28.7,0.02,-0.07,,False,-0.495,1349,False,False,True,True,1.8701171875,-1.12,1427,-7.9,13.4,-0.6,-0.2,-33.13,0.02,-0.03,,False,-1.114,1415,False,False,True,True,0.990234375,-0.24,1342,-1.1,3.0,-1.6,-0.2,-13.34,0.0,0.05,,False,-0.233,1278,False,False,True,True,0.7099609375,0.04,763,0.1,0.2,-0.3,,4.79,0.0,0.02,,False,0.019,875,False,False,True,True,
373170,엠아이큐브솔루션,1.1396484375,1.01,239.0,1580.0,,0.990234375,0.15,862,-3.1,0.9,1.8,-0.7,-78.91,200.0,1.11,234,False,-1.199,1549,True,True,True,False,2.73046875,-1.59,1543,-9.7,-0.1,9.3,-0.1,-46.35,0.0,-0.08,314,False,-1.622,1537,False,False,False,False,1.1396484375,0.0,913,-0.1,-0.1,0.2,-0.1,-28.18,0.0,-0.04,,False,0.049,842,False,False,False,False,1.01953125,0.12,543,0.4,0.0,-0.4,,-12.51,0.0,-0.07,,False,0.185,349,False,False,False,True,
373200,엑스플러스,1.080078125,1.5,352.0,1407.0,,1.4697265625,-0.39,1255,-1.4,-18.5,25.3,0.3,141.75,-77.23,-7.08,336,False,0.024,1050,True,True,False,False,0.669921875,0.41,544,5.7,-18.5,10.4,0.3,81.55,-77.74,-5.45,,False,0.65,456,True,True,False,False,0.18994140625,0.89,270,3.0,-0.2,-2.7,-0.0,-51.48,0.0,0.17,,False,0.679,333,False,False,False,True,0.77001953125,0.31,249,2.1,-0.1,-2.1,-0.2,-44.61,0.0,-0.26,,False,0.573,71,False,False,False,True,
376180,피코그램,2.310546875,0.64,255.0,1373.0,,3.130859375,-0.82,1410,-4.8,-0.0,5.2,,-38.29,0.0,-0.24,539,False,-0.544,1368,False,False,False,False,3.25,-0.94,1360,-4.6,-0.9,5.4,,-52.66,0.0,-0.3,539,False,-0.632,1226,False,False,False,False,1.8203125,0.49,461,1.7,-0.0,-1.7,,-24.85,0.0,-0.23,,False,0.677,335,False,False,False,True,2.349609375,-0.04,1301,0.2,-0.0,-0.2,,-2.42,0.0,-0.13,,False,0.095,580,False,False,False,True,
376270,HEM파마,0.77001953125,57.38,2887.0,40050.0,,2.0390625,-1.27,1515,-39.0,-18.6,119.3,3.4,-23.57,0.72,-0.8,260,False,-0.495,1349,False,False,False,False,0.08001708984375,0.69,449,23.7,-63.0,40.8,-5.6,-34.34,0.32,0.19,444,False,0.515,501,False,False,False,False,0.7099609375,0.06,788,1.7,-3.4,1.5,-0.9,-19.5,0.08,0.01,572,False,0.05,839,False,False,False,False,0.5498046875,0.22,348,5.1,-3.3,-1.6,,0.38,0.08,0.05,,False,0.165,384,False,False,False,True,지속
376290,씨유테크,70.25,0.42,481.0,2725.0,,70.0,0.25,803,0.7,1.1,-2.0,0.1,-7.31,0.0,0.07,,False,0.153,938,False,False,True,True,70.0625,0.19,631,0.7,1.6,-2.4,0.1,-3.88,0.0,0.03,,False,0.137,660,False,False,True,True,70.3125,-0.06,1142,-0.3,1.5,-1.4,0.1,9.0,0.0,-0.01,,False,-0.065,1094,False,False,True,True,70.25,0.0,908,-0.1,0.7,-0.6,,5.01,0.0,0.02,,False,-0.023,1158,False,False,True,True,
376300,디어유,5.48828125,2.27,4760.0,20050.0,,5.80078125,-0.31,1224,23.5,63.2,-97.1,-12.3,-41.37,0.0,-0.61,653,False,0.255,870,False,False,True,True,6.25,-0.76,1287,-87.3,-130.8,219.2,-10.5,-41.8,0.0,0.43,150,False,-1.222,1448,False,False,False,False,5.75,-0.26,1356,-17.1,19.0,-2.2,-5.3,-13.95,0.0,0.04,,False,-0.315,1341,False,False,True,True,5.48828125,0.0,908,2.0,-2.6,0.5,3.0,-7.6,0.0,-0.04,597,False,0.039,781,False,False,False,False,
376900,로킷헬스케어,1.6904296875,65.34,7675.0,48350.0,,0.0,1.69,380,587.4,-636.9,58.1,-42.6,-26.96,1.36,-3.23,,False,4.994,110,True,True,False,False,1.3798828125,0.31,580,15.8,-139.3,205.3,-33.9,-53.15,0.86,0.04,312,False,0.25,596,False,False,False,False,3.359375,-1.67,1726,-103.7,-27.1,122.4,-6.0,-4.64,0.0,-0.45,110,False,-1.195,1641,False,False,False,False,2.009765625,-0.32,1676,-30.7,-8.0,39.4,-0.9,36.01,0.0,0.1,102,False,-0.413,1608,False,False,False,False,
376930,노을,5.4296875,1.39,357.0,696.0,,6.98828125,-1.56,1579,10.1,-4.5,-10.5,-0.1,-64.76,0.0,-3.75,,False,2.0,342,False,True,False,True,7.921875,-2.49,1687,3.2,-0.3,-7.9,-0.1,-60.02,0.0,-3.92,,False,1.232,327,False,True,False,True,8.3515625,-2.92,1793,2.3,-0.0,-5.4,,-14.6,0.0,-3.7,,False,0.705,320,False,True,False,True,5.2890625,0.14,498,0.6,-0.0,-1.3,,4.98,0.0,-0.02,,False,0.155,411,False,False,False,True,지속
376980,원티드랩,2.810546875,0.6,252.0,2580.0,,2.470703125,0.34,751,0.2,0.9,-2.1,-0.2,-23.44,0.0,-0.27,,False,0.463,770,False,False,True,True,2.349609375,0.46,527,1.0,1.1,-3.0,0.0,-28.03,0.0,-0.21,,False,0.541,492,False,False,True,True,2.44921875,0.36,531,1.0,0.0,-1.0,0.0,9.09,0.0,-0.07,,False,0.435,477,False,False,False,True,2.6796875,0.13,520,0.2,-0.0,0.1,,13.91,0.0,0.1,535,False,0.071,662,False,False,False,False,
377030,비트맥스,0.0,1.49,215.0,1504.0,,3.599609375,-3.6,1724,-5.5,-1.6,12.4,-0.2,-27.87,-65.92,-14.55,600,False,1.179,499,True,True,False,False,4.08984375,-4.09,1768,-8.0,-0.2,8.0,-0.0,140.26,-66.59,-10.09,582,False,-0.702,1262,True,True,False,False,0.029998779296875,-0.03,1107,-2.3,-0.0,1.8,,-21.83,33.64,1.05,158,False,-1.43,1663,True,True,False,False,0.0,0.0,908,-0.2,-0.0,0.1,,6.14,33.64,0.11,436,False,-0.148,1437,True,False,False,False,
377220,프롬바이오,1.9296875,0.52,145.0,513.0,,3.890625,-1.96,1626,-16.7,-0.8,18.2,,-56.82,0.0,-0.18,257,False,-1.815,1643,False,False,False,False,2.05078125,-0.12,943,-2.4,-0.1,3.3,,-60.48,0.0,-0.03,616,False,-0.099,889,False,False,False,False,1.5,0.43,491,-0.6,-0.1,1.4,,-31.6,0.0,0.26,386,False,0.122,748,False,False,False,False,2.240234375,-0.31,1668,-0.9,-0.0,0.9,,-5.87,0.0,0.11,138,False,-0.415,1610,False,False,False,False,
377330,이지트로닉스,1.7099609375,0.5,195.0,2395.0,,1.6201171875,0.09,897,0.0,0.0,0.0,,-37.47,0.0,-0.18,,False,0.276,859,False,False,False,False,1.6298828125,0.08,678,-0.0,0.0,0.1,,-35.88,0.0,-0.1,,False,0.191,630,False,False,False,False,1.400390625,0.31,563,0.5,-0.0,-0.6,,-22.74,0.0,-0.0,,False,0.299,564,False,False,False,True,1.6396484375,0.07,665,0.2,-0.0,-0.2,,7.16,0.0,-0.03,,False,0.097,574,False,False,False,True,
377450,리파인,2.830078125,0.81,1814.0,10470.0,,3.650390625,-0.82,1410,-5.4,-9.2,11.6,-16.9,-15.56,0.0,-0.5,514,False,-0.384,1301,False,False,False,False,3.26953125,-0.44,1134,-10.7,0.7,8.8,2.1,-14.67,0.0,0.16,650,False,-0.597,1201,False,False,True,False,2.759765625,0.07,777,1.3,-0.5,-1.0,0.7,9.98,0.0,-0.0,,False,0.066,818,False,False,False,True,2.8203125,0.01,867,1.1,-0.7,-0.7,,4.7,0.0,-0.05,,False,0.063,690,False,False,False,True,스파이크
377460,큐에이드,0.0200042724609375,4.46,2532.0,4080.0,,0.0200042724609375,0.0,987,,,,,0.0,0.0,0.0,,False,,,False,False,False,False,0.0200042724609375,0.0,771,,,,,0.0,0.0,0.0,,False,,,False,False,False,False,0.0200042724609375,0.0,913,,,,,0.0,0.0,0.0,,False,,,False,False,False,False,0.0200042724609375,0.0,908,,,,,0.0,0.0,0.0,,False,,,False,False,False,False,
377480,마음AI,0.1600341796875,2.29,590.0,8300.0,,0.22998046875,-0.07,1110,-15.3,-2.5,17.4,-0.7,-59.01,0.0,0.44,534,False,-0.572,1385,False,False,False,False,2.08984375,-1.93,1611,-29.1,-0.1,31.0,-0.1,-47.83,0.0,-0.01,255,False,-1.904,1596,False,False,False,False,0.239990234375,-0.08,1161,-0.3,0.0,-1.2,,-36.64,0.0,-0.26,,False,0.118,751,False,False,False,True,0.09002685546875,0.07,665,-0.2,-0.0,-0.6,,-2.24,0.0,0.11,,False,-0.04,1222,False,False,False,True,
378340,필에너지,1.5595703125,1.81,2314.0,10690.0,,1.4501953125,0.11,881,-7.3,-10.5,15.7,-3.1,-11.94,0.84,-0.15,,False,0.287,851,False,False,False,False,2.4609375,-0.9,1351,-38.8,-4.7,42.5,0.0,-31.82,0.09,-0.14,513,False,-0.746,1276,False,False,False,False,1.509765625,0.05,805,-2.9,0.1,1.8,0.1,-23.26,0.09,0.09,653,False,-0.046,1056,False,False,True,False,1.2197265625,0.34,224,2.6,0.0,-2.7,,-2.91,0.0,0.24,,False,0.103,555,False,False,False,True,
378800,샤페론,6.890625,1.0,247.0,535.0,,2.939453125,3.95,155,8.9,-0.5,-2.1,,-70.89,0.0,-0.51,,False,4.368,136,False,False,False,True,5.28125,1.61,284,-22.3,0.0,29.3,,-70.75,0.0,0.57,283,False,0.967,384,False,False,False,False,1.8701171875,5.02,12,11.7,-0.0,-5.3,,-53.36,0.0,-0.13,,False,5.067,11,False,False,False,True,5.1484375,1.74,10,4.0,-0.0,-2.7,,3.08,0.0,0.13,,False,1.613,12,False,False,False,True,
380540,옵티코어,0.2099609375,8.95,2067.0,8450.0,,1.0400390625,-0.83,1415,-77.4,-0.1,215.5,0.1,203.41,-49.88,2.44,42,False,-2.295,1674,True,True,False,False,0.66015625,-0.45,1137,,,,,100.0,-50.0,-1.11,,False,,,True,True,False,False,0.2099609375,0.0,913,,,,,0.0,0.0,0.0,,False,,,False,False,False,False,0.219970703125,-0.01,1155,,,,,0.0,0.0,-0.01,,False,,,False,False,False,False,
380550,뉴로핏,6.7109375,4.8,978.0,8020.0,,0.7099609375,6.0,73,45.8,-212.0,244.6,-57.0,-67.79,4.83,0.15,128,False,6.299,62,True,False,False,False,0.97998046875,5.73,42,73.9,-45.6,-18.0,-4.3,-63.55,0.89,-0.24,,False,6.106,32,False,False,False,True,4.8515625,1.86,99,27.5,2.1,-29.8,-0.5,-35.48,0.0,-0.55,,False,2.391,69,False,False,True,True,6.21875,0.49,129,6.0,-0.4,-5.6,-0.0,-6.74,0.0,-0.09,,False,0.58,66,False,False,False,True,지속
381620,제닉스로보틱스,2.51953125,1.52,745.0,5680.0,,2.73046875,-0.21,1179,-13.9,4.4,10.2,-2.6,-59.83,0.0,-1.02,,False,0.799,632,False,True,True,False,3.51953125,-1.0,1382,-40.7,5.9,35.5,-0.4,-38.79,0.0,0.51,474,False,-1.553,1517,False,False,True,False,1.5302734375,0.99,239,3.8,5.0,-9.1,0.2,-33.64,0.0,0.35,,False,0.616,370,False,False,True,True,2.6796875,-0.16,1524,-5.4,5.1,0.3,0.2,11.15,0.0,0.55,471,False,-0.715,1675,False,False,True,False,
382150,온코크로스,2.830078125,2.97,402.0,3300.0,,1.400390625,1.43,427,-10.2,-6.4,42.7,-1.1,-63.54,1.39,0.66,291,False,0.804,630,True,False,False,False,0.5,2.33,207,5.4,-4.2,-4.9,,-59.66,0.0,0.52,,False,1.818,251,False,False,False,True,1.91015625,0.92,261,5.2,-0.0,-5.3,,-31.96,0.0,-0.21,,False,1.134,203,False,False,False,True,2.69921875,0.13,520,0.4,-0.0,-0.5,,-3.23,0.0,0.02,,False,0.108,538,False,False,False,True,지속
382480,지아이텍,3.3203125,0.81,690.0,1752.0,,1.2802734375,2.04,332,24.1,-0.9,-24.4,0.1,-22.99,0.0,-0.5,,False,2.518,276,False,False,False,True,3.58984375,-0.27,1044,-0.3,0.5,1.1,0.1,-33.51,0.0,-0.08,740,False,-0.21,967,False,False,True,False,3.970703125,-0.65,1565,-4.8,0.1,4.8,0.1,-15.16,0.0,0.04,249,False,-0.671,1523,False,False,True,False,3.33984375,-0.02,1215,0.3,-0.0,-0.4,,1.8,0.0,-0.06,,False,0.043,765,False,False,False,True,
382800,지앤비에스 에코,15.8984375,1.13,1332.0,4185.0,,8.1484375,7.75,40,201.5,37.1,-247.8,49.1,43.57,0.0,0.66,,False,6.938,51,False,False,True,True,5.5,10.4,18,276.9,-52.8,-224.7,3.1,-43.52,0.0,-0.46,,False,10.789,9,False,False,False,True,14.34375,1.55,134,39.0,0.1,-49.5,0.2,-35.22,0.0,-0.57,,False,2.197,80,False,False,True,True,16.15625,-0.26,1638,-6.4,0.9,5.3,0.9,-5.74,0.0,0.17,171,False,-0.426,1612,False,False,True,False,
382840,원준,1.759765625,0.65,693.0,4535.0,,2.2109375,-0.45,1283,-17.9,-3.7,23.9,-1.1,-39.69,0.0,0.38,387,False,-0.811,1458,False,False,False,False,2.75,-0.99,1381,-25.6,-2.0,27.5,,-50.55,0.0,0.62,289,False,-1.611,1532,False,False,False,False,1.3896484375,0.37,527,-1.7,-0.9,2.6,,-36.93,0.0,0.35,549,False,-0.002,962,False,False,False,False,1.7001953125,0.06,693,-0.6,-0.0,0.6,,-3.2,0.0,0.14,429,False,-0.085,1338,False,False,False,False,스파이크
382900,범한퓨얼셀,3.609375,0.86,1412.0,16120.0,,4.62890625,-1.02,1464,0.3,3.0,13.6,-1.9,-48.25,0.0,-0.93,477,False,-0.119,1150,False,False,True,False,4.828125,-1.22,1456,-26.1,5.5,31.2,-0.1,-46.62,0.0,-0.13,339,False,-1.128,1420,False,False,True,False,3.259765625,0.35,540,-13.1,4.8,14.4,0.1,-47.92,0.0,0.67,248,False,-0.353,1365,False,False,True,False,2.109375,1.5,16,9.3,-6.4,-3.1,-0.2,0.69,0.0,0.85,,False,0.651,53,False,False,False,True,
383310,에코프로에이치엔,9.9296875,1.78,5412.0,25800.0,,7.58984375,2.34,285,110.4,-119.6,-3.1,-8.4,8.86,0.0,-0.14,,False,2.462,283,False,False,False,True,6.94140625,2.99,155,174.5,-207.0,26.7,14.4,-16.5,0.0,0.04,576,False,2.948,154,False,False,False,False,9.21875,0.71,337,37.1,-34.5,-1.5,-0.6,-17.83,0.0,0.41,459,False,0.396,494,False,False,False,True,9.453125,0.48,132,-7.4,-1.2,9.3,-0.0,7.28,0.0,0.65,257,False,-0.173,1465,False,False,False,False,
383930,디티앤씨알오,1.1201171875,0.87,218.0,1709.0,,4.078125,-2.96,1708,-15.6,-0.1,13.2,0.0,-27.89,0.0,0.19,208,False,-3.207,1719,False,False,False,False,3.80078125,-2.68,1705,-12.5,0.0,9.0,0.0,-54.0,0.0,-0.15,187,False,-2.855,1690,False,False,False,False,0.81982421875,0.3,571,0.4,0.0,-0.5,,-30.24,0.0,-0.03,,False,0.265,595,False,False,False,True,1.2802734375,-0.16,1524,-0.3,-0.0,0.3,,1.85,0.0,-0.03,349,False,-0.131,1418,False,False,False,False,
384470,코어라인소프트,3.490234375,3.04,540.0,3010.0,,3.619140625,-0.13,1136,-3.1,-0.0,8.5,0.1,-27.03,0.0,0.93,370,False,-0.524,1361,False,False,False,False,4.58984375,-1.1,1417,-7.1,0.5,6.2,0.1,-17.08,0.0,0.08,453,False,-1.179,1439,False,False,True,False,3.23046875,0.26,598,0.7,-0.0,-1.1,,-12.37,0.0,0.08,,False,0.118,751,False,False,False,True,3.23046875,0.26,305,1.1,-0.0,-1.1,,2.03,0.0,0.05,,False,0.21,305,False,False,False,True,
387570,파인메딕스,1.4697265625,1.19,234.0,4155.0,,2.240234375,-0.77,1394,-4.3,-0.0,3.6,,-44.23,0.0,-0.23,564,False,-0.687,1421,False,False,False,False,1.150390625,0.32,573,-0.6,-0.0,0.4,,-41.4,0.0,-0.02,,False,0.192,627,False,False,False,False,0.68994140625,0.78,308,2.1,-0.0,-2.7,,-32.66,0.0,-0.14,,False,0.791,291,False,False,False,True,1.4296875,0.04,763,0.1,-0.0,-0.1,,-3.82,0.0,-0.02,,False,0.056,717,False,False,False,True,
387690,레메디,0.1600341796875,7.63,1007.0,13200.0,,,,,-28.3,-72.6,157.1,-51.7,,,,,False,,,False,False,False,False,,,,-28.3,-72.6,157.1,-51.7,,,,,False,,,False,False,False,False,,,,-28.3,-72.6,157.1,-51.7,,,,,False,,,False,False,False,False,,,,-28.3,-72.6,157.1,-51.7,,,,,False,,,False,False,False,False,
388050,지투파워,7.48828125,2.98,1255.0,6710.0,,0.0,7.49,42,26.4,15.6,-43.4,7.3,-16.65,0.0,3.97,,False,3.58,197,False,True,True,True,2.6796875,4.81,64,55.7,-40.4,-9.6,-5.8,-55.03,0.0,0.76,,False,4.103,88,False,False,False,True,5.80859375,1.68,120,23.9,-13.8,-7.5,-0.0,-31.46,0.0,-0.12,,False,1.943,94,False,False,False,True,6.1796875,1.31,21,15.9,-19.5,3.6,,-3.87,0.0,0.16,213,False,1.149,22,False,False,False,False,지속
388210,씨엠티엑스,7.1796875,4.49,8332.0,86300.0,,4.75,2.43,273,550.1,-727.5,342.6,26.2,-21.83,4.12,-1.54,226,False,4.284,144,True,True,False,False,5.94921875,1.23,338,122.4,-608.9,509.2,-30.4,-43.19,0.94,0.12,92,False,1.172,341,False,False,False,False,7.3984375,-0.22,1321,-35.6,36.4,-5.7,19.7,-22.39,0.0,0.06,,False,-0.281,1312,False,False,True,True,7.890625,-0.71,1755,-66.3,51.2,12.2,28.2,13.7,0.0,0.09,306,False,-0.799,1684,False,False,True,False,
388610,지에프씨생명과학,3.01953125,1.33,322.0,6040.0,,3.3203125,-0.3,1219,-3.6,4.1,-6.3,5.5,-52.85,1.37,0.62,,False,-0.446,1330,True,False,True,True,3.08984375,-0.07,915,-2.1,-2.6,7.5,-1.9,-38.43,0.41,-0.09,431,False,-0.039,841,False,False,False,False,2.529296875,0.49,461,0.6,-0.0,-1.0,-0.0,-3.05,0.0,0.05,,False,0.307,557,False,False,False,True,3.2890625,-0.27,1645,-1.0,-0.0,1.0,,26.89,0.0,0.08,175,False,-0.345,1585,False,False,False,False,
388720,유일로보틱스,15.140625,7.98,7210.0,61200.0,,14.1171875,1.02,531,-15.0,606.1,-619.6,-25.1,-32.52,0.72,0.83,,False,0.351,820,False,False,True,True,15.5078125,-0.37,1105,-144.3,-7.6,127.0,-14.7,-34.82,0.0,0.84,463,False,-1.257,1454,False,False,False,False,14.859375,0.28,581,-1.2,68.9,-68.3,8.6,-27.32,0.0,0.29,,False,-0.015,992,False,False,True,True,15.0078125,0.13,520,2.1,1.8,-2.9,0.6,-10.66,0.0,0.1,,False,0.033,803,False,False,True,True,
388790,라이콤,2.08984375,5.72,1241.0,4055.0,,1.9501953125,0.14,867,-3.9,6.6,-9.5,-0.2,53.02,0.02,-0.56,,False,0.536,735,False,False,True,True,4.12890625,-2.04,1632,-18.2,-9.1,29.6,-1.1,-51.73,0.02,-0.1,160,False,-1.932,1598,False,False,False,False,3.5703125,-1.48,1706,-23.0,-2.2,22.5,-2.5,-40.63,0.0,-0.15,95,False,-1.525,1672,False,False,False,False,4.73046875,-2.64,1808,-32.2,-0.6,32.1,-0.6,-17.33,0.0,-0.69,14,True,-2.008,1724,False,False,False,False,
388870,파로스아이바이오,1.0703125,4.71,656.0,5070.0,,0.89013671875,0.18,839,-2.4,-4.7,1.5,-5.1,-55.17,0.0,-0.43,649,False,-0.509,1355,False,False,False,False,2.470703125,-1.4,1497,-15.0,4.3,-0.5,,-46.35,0.0,-0.84,,False,-1.428,1492,False,False,True,True,0.5400390625,0.53,436,2.2,0.4,-3.3,,-17.56,0.0,0.06,,False,0.406,486,False,False,True,True,0.81005859375,0.26,305,1.9,0.1,-2.0,,0.0,0.0,-0.02,,False,0.285,217,False,False,True,True,스파이크
389020,자람테크놀로지,2.330078125,3.6,1433.0,20750.0,,1.08984375,1.24,475,-38.2,-199.8,224.9,-182.1,-44.74,11.41,0.13,77,False,1.038,550,True,False,False,False,2.619140625,-0.29,1055,-40.3,-135.8,187.3,1.7,-63.66,3.95,-0.25,35,False,-0.174,943,True,False,False,False,1.2998046875,1.03,230,18.3,-20.5,5.6,-1.2,-36.93,0.0,0.03,361,False,0.993,229,False,False,False,False,2.3203125,0.01,867,-1.0,0.4,2.9,-0.1,-1.66,0.0,0.07,258,False,-0.093,1357,False,False,True,False,
389030,지니너스,3.69921875,8.33,896.0,2275.0,,2.130859375,1.57,395,3.6,1.5,-11.6,-0.4,-30.21,18.11,0.17,,False,1.889,363,True,False,True,True,6.0390625,-2.34,1667,-50.4,-30.3,73.3,-13.0,-59.01,17.82,0.59,75,False,-2.438,1668,True,False,False,False,2.869140625,0.83,287,-0.8,-3.8,4.3,-3.6,-17.57,0.89,0.65,437,False,0.192,670,False,False,False,False,3.58984375,0.11,568,1.0,-0.5,-0.4,0.0,9.38,0.0,-0.01,,False,0.116,517,False,False,False,True,
389140,포바이포,1.330078125,1.71,682.0,4780.0,,6.55859375,-5.23,1763,-99.6,-35.9,132.8,-8.8,-28.34,0.0,0.76,43,False,-6.371,1765,False,False,False,False,1.8896484375,-0.56,1187,-12.9,0.4,8.0,-0.2,-50.36,0.0,-0.23,813,False,-0.634,1227,False,False,True,False,0.77001953125,0.56,411,4.0,-0.3,-3.8,-0.0,-25.55,0.0,-0.02,,False,0.592,383,False,False,False,True,0.85009765625,0.48,132,3.5,0.0,-3.5,,0.53,0.0,-0.01,,False,0.486,92,False,False,False,True,
389260,대명에너지,1.2900390625,1.45,2386.0,13320.0,,0.7099609375,0.58,670,39.9,-30.9,158.1,-8.2,-24.49,0.0,-0.78,143,False,1.318,470,False,False,False,False,0.52978515625,0.76,428,-6.3,-17.5,20.6,-15.5,-42.34,0.0,0.84,510,False,-0.096,886,False,False,False,False,1.1201171875,0.17,687,-2.7,-3.9,4.8,0.2,-19.52,0.0,0.1,561,False,0.034,859,False,False,False,False,0.81005859375,0.48,132,6.2,0.0,-6.3,,7.33,0.0,0.22,,False,0.267,233,False,False,False,True,
389470,인벤티지랩,10.40625,6.52,4478.0,33650.0,,4.109375,6.3,64,377.7,-166.8,174.4,-40.1,-58.61,6.58,1.01,467,False,5.919,73,True,True,False,False,4.41015625,6.0,39,344.8,73.5,-82.0,27.0,-45.73,0.23,1.0,,False,5.021,60,False,True,True,True,9.1171875,1.29,184,46.6,4.5,-51.7,0.6,-27.09,0.0,0.32,,False,0.959,238,False,False,True,True,9.90625,0.5,126,13.4,3.5,-17.2,3.5,-6.53,0.0,0.21,,False,0.292,208,False,False,True,True,
389500,에스비비테크,9.6015625,15.86,2086.0,31300.0,,3.41015625,6.19,65,252.4,216.8,-463.5,-11.6,-44.8,5.2,-0.42,,False,7.101,46,True,False,True,True,3.9609375,5.64,44,275.2,70.5,-348.9,-7.7,-52.07,0.12,-0.16,,False,5.786,35,False,False,True,True,6.640625,2.96,47,86.9,-65.7,-30.9,-0.1,-48.01,0.0,0.14,,False,2.795,50,False,False,False,True,9.78125,-0.18,1552,-7.0,2.0,3.2,,-6.85,0.0,0.13,344,False,-0.306,1561,False,False,True,False,지속
389650,넥스트바이오메디컬,2.25,6.42,3116.0,37650.0,,5.671875,-3.42,1721,-252.9,-11.7,262.6,22.4,-54.09,0.89,0.4,157,False,-3.839,1737,False,False,False,False,1.080078125,1.17,345,28.8,16.8,-50.5,18.9,-42.52,0.89,0.48,,False,0.685,443,False,False,True,True,2.44921875,-0.2,1303,-24.8,28.6,-5.4,25.0,-10.36,0.0,0.52,,False,-0.751,1556,False,False,True,True,1.6904296875,0.56,99,7.0,6.6,-13.4,5.0,-0.13,0.0,0.33,,False,0.225,283,False,False,True,True,
389680,유디엠텍,0.0,1.31,138.0,1662.0,,2.529296875,-2.53,1679,-11.7,-0.9,20.7,0.7,210.07,-79.99,-14.17,542,False,0.249,872,True,True,False,False,3.150390625,-3.15,1741,-8.4,-1.1,14.1,0.7,202.73,-79.99,-13.3,583,False,-0.472,1144,True,True,False,False,0.0,0.0,913,-0.6,0.8,-0.2,0.7,-23.23,0.0,-0.03,,False,-0.021,1006,False,False,True,True,0.0,0.0,908,-0.1,0.1,0.1,0.1,2.53,0.0,0.04,666,False,-0.042,1232,False,False,True,False,
391710,코닉오토메이션,0.990234375,1.8,443.0,1039.0,,1.8603515625,-0.87,1424,-17.3,0.4,14.9,-0.0,-59.33,0.0,0.1,497,False,-0.983,1507,False,False,True,False,1.5595703125,-0.57,1198,-7.5,-0.0,7.5,-0.0,-49.44,0.0,0.01,622,False,-0.563,1189,False,False,False,False,0.3798828125,0.61,381,3.1,-0.0,-3.1,,-37.52,0.0,0.01,,False,0.604,375,False,False,False,True,0.77001953125,0.22,348,0.6,-0.0,-0.6,,-1.24,0.0,0.1,,False,0.123,496,False,False,False,True,
393210,토마토시스템,2.919921875,1.23,323.0,2070.0,,0.66015625,2.26,299,7.6,-4.6,1.8,-4.0,-60.04,0.0,-0.33,,False,2.601,270,False,False,False,False,1.1201171875,1.8,260,8.0,-1.4,-4.7,-1.4,-55.58,0.0,-0.29,,False,2.07,223,False,False,False,True,1.8603515625,1.06,225,3.7,-0.0,-3.6,,-32.9,0.0,0.03,,False,1.058,217,False,False,False,True,2.640625,0.28,275,0.8,-0.0,-0.8,,0.98,0.0,0.04,,False,0.235,272,False,False,False,True,
393890,더블유씨피,5.91015625,0.31,2751.0,8130.0,,2.44921875,3.46,179,83.9,270.9,-345.8,15.5,24.69,0.0,-0.65,,False,4.114,153,False,False,True,True,3.130859375,2.78,173,109.3,118.8,-224.5,5.2,-45.62,0.0,-0.18,,False,2.926,155,False,False,True,True,4.5,1.41,154,42.0,-18.3,-23.7,1.3,-38.08,0.0,0.17,,False,1.256,182,False,False,False,True,5.921875,-0.01,1155,-2.5,0.2,2.2,0.2,-4.8,0.0,0.08,434,False,-0.092,1354,False,False,True,False,지속
393970,대진첨단소재,3.869140625,0.8,504.0,2825.0,,6.08984375,-2.22,1653,-11.4,-0.6,8.3,-0.9,-32.58,20.33,-0.29,519,False,-1.115,1533,True,False,False,False,3.859375,0.01,753,,,,,0.0,0.0,0.01,,False,,,False,False,False,False,3.849609375,0.02,855,,,,,0.0,0.0,0.02,,False,,,False,False,False,False,3.849609375,0.02,827,,,,,0.0,0.0,0.02,,False,,,False,False,False,False,
394280,오픈엣지테크놀로지,2.76953125,15.27,2748.0,10430.0,,5.3515625,-2.58,1688,-23.7,63.6,-41.9,-9.0,-22.45,19.43,-1.38,,False,-0.421,1323,True,True,True,True,3.91015625,-1.14,1431,-10.6,-0.0,8.6,-7.8,-38.43,0.27,-0.94,737,False,-0.237,988,False,False,False,False,2.669921875,0.1,747,-0.2,-1.2,1.8,-0.4,-30.51,0.0,0.09,593,False,0.008,914,False,False,False,False,2.599609375,0.17,434,-4.0,0.8,3.1,0.6,-4.57,0.0,0.31,373,False,-0.141,1430,False,False,True,False,
394420,리센스메디컬,3.560546875,16.09,1321.0,12080.0,,,,,25.0,-206.2,428.0,-1.2,,,,,False,,,False,False,False,False,1.1796875,2.38,198,57.8,-111.5,169.1,12.7,-41.07,0.78,-0.55,26,False,2.9,158,False,False,False,False,3.580078125,-0.02,1086,-6.6,-46.4,77.1,2.6,-35.57,0.0,-0.43,12,True,0.346,524,False,False,False,False,1.5595703125,2.0,6,28.8,-30.4,2.9,-0.7,-11.18,0.0,0.07,273,False,1.93,8,False,False,False,False,스파이크
394800,쓰리빌리언,13.359375,7.94,1878.0,5900.0,,17.09375,-3.73,1728,-207.7,-0.6,193.2,-15.8,-62.42,0.19,-0.43,134,False,-3.308,1724,False,False,False,False,13.921875,-0.56,1187,-70.7,-12.3,84.0,18.2,-51.64,0.19,-0.02,197,False,-0.534,1181,False,False,False,False,12.8203125,0.54,428,7.4,-18.5,14.5,-1.9,-18.84,0.0,0.16,234,False,0.422,482,False,False,False,False,13.578125,-0.22,1597,-4.0,-3.6,10.1,0.5,8.46,0.0,-0.01,96,False,-0.211,1510,False,False,False,False,
396270,넥스트칩,2.7890625,4.11,747.0,2270.0,,3.759765625,-0.97,1451,-5.2,-19.5,-28.1,-0.6,-36.06,0.06,-0.25,,False,-0.756,1441,False,False,False,True,5.80859375,-3.02,1727,-36.3,-1.1,-17.3,0.2,-54.96,0.0,-0.61,,False,-2.513,1671,False,False,False,True,2.939453125,-0.15,1244,-1.3,0.0,0.7,0.2,-35.79,0.0,-0.04,582,False,-0.133,1174,False,False,False,False,3.259765625,-0.47,1718,-4.2,-0.0,4.2,,3.89,0.0,0.07,101,False,-0.542,1642,False,False,False,False,
396300,세아메카닉스,5.3984375,1.06,788.0,2975.0,,3.919921875,1.48,417,7.2,11.0,-22.9,4.8,16.67,0.0,-0.58,,False,2.038,330,False,False,True,True,4.76171875,0.64,468,12.0,11.6,-20.9,4.7,-25.9,0.0,-0.82,,False,1.492,284,False,False,True,True,4.890625,0.51,447,9.1,-2.3,-6.8,,-37.89,0.0,-0.55,,False,1.062,216,False,False,False,True,5.3515625,0.05,725,-1.6,-0.0,1.5,,3.12,0.0,0.24,272,False,-0.205,1507,False,False,False,False,
396470,워트,2.439453125,1.29,850.0,5270.0,,1.509765625,0.93,555,9.4,1.7,-14.4,-0.4,-24.71,0.0,-0.58,,False,1.246,482,False,False,True,True,2.759765625,-0.32,1079,-8.7,-0.3,5.1,-0.1,-31.65,0.0,-0.31,885,False,-0.301,1032,False,False,False,False,2.470703125,-0.03,1107,-0.8,-0.3,0.4,,-23.07,0.0,-0.06,646,False,-0.042,1049,False,False,False,False,2.279296875,0.16,457,0.3,0.0,-0.4,,2.73,0.0,0.12,,False,0.039,781,False,False,False,True,
397030,에이프릴바이오,12.8203125,6.07,5900.0,25200.0,,4.98046875,7.84,39,1023.4,253.9,-1164.7,78.5,-50.1,0.89,-1.58,,False,9.534,21,False,True,True,True,8.3671875,4.45,81,472.7,-69.1,-325.5,-11.0,-58.48,0.31,-0.77,,False,5.208,53,False,False,False,True,11.2265625,1.59,131,73.8,-28.4,-25.0,76.7,-42.07,0.0,-0.37,,False,1.903,98,False,False,False,True,11.75,1.07,32,37.8,-15.1,-22.8,3.3,-5.26,0.0,0.4,,False,0.662,50,False,False,False,True,지속
397810,애드포러스,1.0400390625,0.55,249.0,4820.0,,0.509765625,0.53,689,-0.6,4.8,-3.3,-0.0,-41.22,0.0,0.52,,False,-0.016,1092,False,False,True,True,1.490234375,-0.45,1137,-1.9,0.0,1.8,0.0,-23.85,0.0,-0.07,700,False,-0.381,1091,False,False,False,False,1.0400390625,0.0,913,0.4,0.0,-0.4,,-8.19,0.0,-0.17,,False,0.153,717,False,False,False,True,1.0498046875,-0.01,1155,-0.0,0.0,0.0,,-4.55,0.0,-0.01,697,False,-0.005,1058,False,False,False,False,
398120,에스지헬스케어,3.30078125,0.89,229.0,1934.0,,1.5,1.8,365,7.5,-28.5,39.0,-10.2,-39.56,4.5,-0.24,64,False,2.035,331,True,False,False,False,5.328125,-2.03,1631,-10.4,-3.1,11.5,-0.0,-49.83,0.0,-0.0,241,False,-2.126,1628,False,False,False,False,1.7900390625,1.51,140,2.5,-0.0,-4.1,-0.0,-19.25,0.0,0.47,,False,1.021,223,False,False,False,True,3.099609375,0.2,382,0.7,-0.0,-1.1,-0.0,-7.24,0.0,-0.11,,False,0.315,174,False,False,False,True,스파이크
399720,가온칩스,0.1300048828125,10.55,5900.0,49750.0,,0.6201171875,-0.49,1297,3.2,282.5,-183.2,-18.5,-17.22,2.23,-0.64,,False,0.137,947,True,False,True,True,0.029998779296875,0.1,662,14.4,68.9,9.1,-8.5,-20.27,2.23,-0.16,485,False,0.222,614,True,False,True,False,1.240234375,-1.11,1668,-30.8,-57.5,82.8,-9.7,-11.16,0.17,-0.62,84,False,-0.521,1456,False,False,False,False,0.0,0.13,520,-0.5,22.6,-23.4,-0.8,-10.52,0.17,0.12,,False,-0.005,1058,False,False,True,True,
402030,코난테크놀로지,1.1201171875,4.44,1313.0,10490.0,,0.9501953125,0.17,845,13.8,15.2,-29.8,-2.2,-51.66,0.0,-0.66,,False,0.793,635,False,False,True,True,0.77001953125,0.35,562,8.0,-32.5,23.6,-1.4,-50.4,0.0,-0.16,439,False,0.486,509,False,False,False,False,0.72021484375,0.4,509,3.3,-1.8,-1.0,,-28.54,0.0,0.18,,False,0.23,628,False,False,False,True,1.009765625,0.11,568,0.8,-0.6,-0.2,,-4.64,0.0,0.06,,False,0.053,728,False,False,False,True,
402490,그린리소스,7.8984375,1.69,1206.0,7120.0,,3.69921875,4.2,140,48.3,-35.1,-12.6,-31.7,-17.69,2.27,-0.16,,False,4.455,131,True,False,False,True,3.3203125,4.58,75,48.8,-54.7,16.4,-31.5,-65.85,2.09,-0.38,,False,5.107,55,True,False,False,False,4.48828125,3.41,37,48.6,0.9,-48.4,,-37.43,0.0,0.35,,False,3.144,42,False,False,True,True,7.69140625,0.21,368,-0.6,-0.0,0.0,,-5.7,0.0,0.24,702,False,-0.048,1252,False,False,False,False,지속
403490,우듬지팜,5.01953125,0.62,231.0,502.0,,1.9697265625,3.05,217,14.7,8.9,-19.8,,-64.65,0.0,-0.42,,False,3.335,212,False,False,True,True,3.810546875,1.21,340,2.5,9.0,-7.9,,-61.94,0.0,-0.18,,False,1.234,326,False,False,True,True,4.0703125,0.95,251,2.3,2.1,-2.0,,-31.33,0.0,-0.09,,False,0.938,242,False,False,True,True,4.87109375,0.15,475,0.1,-0.0,-0.1,,-0.79,0.0,0.09,,False,0.06,705,False,False,False,True,지속
403850,더핑크퐁컴퍼니,2.640625,0.79,1452.0,10120.0,,0.0,2.64,252,73.9,-3.1,115.1,-27.8,-59.03,0.0,-1.31,133,False,3.881,171,False,True,False,False,1.51953125,1.12,357,25.8,-40.0,70.2,-36.3,-42.01,0.0,-1.05,126,False,2.091,220,False,True,False,False,1.7099609375,0.93,258,22.9,8.6,-3.0,-1.1,-15.17,0.0,-0.68,,False,1.588,125,False,False,True,True,3.1796875,-0.54,1731,-3.2,0.3,3.0,-1.8,-7.16,0.0,-0.33,264,False,-0.215,1513,False,False,True,False,지속
403870,HPSP,33.28125,11.15,34978.0,42500.0,,26.46875,6.81,54,1841.0,1672.3,-315.9,-248.2,23.19,-1.57,-0.94,520,False,7.21,44,True,False,True,True,28.71875,4.56,77,872.5,-1065.7,189.4,-385.0,-3.74,0.0,0.18,299,False,4.362,75,False,False,False,False,32.0625,1.22,194,1289.3,-5338.5,4045.3,-600.3,-35.9,0.0,-2.08,2,True,3.289,36,False,True,False,False,33.71875,-0.44,1710,46.7,-51.2,2.3,-4.7,8.14,0.0,-0.53,483,False,0.098,571,False,False,False,False,
405000,플라즈맵,15.2265625,2.34,134.0,3485.0,,8.5078125,6.72,55,2.9,-0.9,1.7,,-39.39,0.0,5.57,414,False,1.094,527,False,True,False,False,10.5703125,4.66,71,-1.4,-0.6,2.0,,-56.71,0.0,5.49,361,False,-0.936,1354,False,True,False,False,16.234375,-1.01,1654,-1.0,-0.6,1.6,,-18.95,0.0,-0.33,138,False,-0.709,1537,False,False,False,False,15.40625,-0.18,1552,0.0,-0.3,0.3,,-6.32,0.0,-0.21,262,False,0.032,810,False,False,False,False,
405100,큐알티,6.4609375,1.4,1315.0,10700.0,,4.8203125,1.64,389,38.7,-18.0,-15.5,-9.8,-31.89,0.0,0.26,,False,1.442,444,False,False,False,True,5.83984375,0.62,472,17.9,-24.9,15.4,-17.2,-49.05,0.0,0.07,459,False,0.566,486,False,False,False,False,6.62109375,-0.16,1247,-1.7,-6.6,10.6,-6.7,-30.38,0.0,-0.04,228,False,-0.121,1163,False,False,False,False,6.28125,0.18,416,-0.1,-1.4,2.2,-1.4,3.98,0.0,0.2,301,False,-0.019,1131,False,False,False,False,
405920,나라셀라,0.4599609375,0.35,230.0,1784.0,,0.5,-0.04,1088,0.1,-0.3,-0.8,-0.2,-32.68,0.0,-0.08,,False,0.024,1050,False,False,False,True,0.409912109375,0.05,701,-0.2,-0.0,-0.7,,-32.68,0.0,0.09,,False,-0.07,861,False,False,False,True,0.52001953125,-0.06,1142,-0.2,0.0,-0.4,,-11.24,0.0,0.0,,False,-0.07,1103,False,False,False,True,0.5,-0.04,1301,-0.1,0.0,-0.1,,-0.72,0.0,-0.0,,False,-0.036,1198,False,False,False,True,
406820,뷰티스킨,0.409912109375,0.88,285.0,2015.0,,1.76953125,-1.36,1533,-19.6,-2.6,33.4,-0.1,-57.53,300.0,1.78,7,True,-7.921,1776,True,True,False,False,4.76953125,-4.36,1773,-24.7,-0.2,28.9,-0.1,-3.59,0.0,-0.57,71,False,-3.914,1732,False,False,False,False,0.60009765625,-0.19,1294,1.4,0.0,-2.5,,-4.5,0.0,-1.16,,False,0.634,359,False,True,False,True,0.9599609375,-0.55,1735,0.1,0.0,-0.0,,-4.5,0.0,-0.63,,False,0.074,654,False,False,False,False,
407400,꿈비,3.470703125,0.62,303.0,2070.0,,1.9404296875,1.53,403,5.5,-0.0,-5.1,,-56.65,0.0,-0.27,,False,1.8,379,False,False,False,True,3.470703125,0.0,771,-8.0,-0.0,7.9,,-53.79,0.0,0.23,749,False,-0.3,1030,False,False,False,False,2.990234375,0.48,470,1.4,-0.0,-1.4,,-14.99,0.0,-0.04,,False,0.524,424,False,False,False,True,3.58984375,-0.12,1475,-0.3,0.0,0.3,,3.76,0.0,-0.03,419,False,-0.089,1348,False,False,False,False,
408470,한패스,4.41015625,1.27,597.0,5650.0,,,,,2.1,-171.2,250.6,-84.4,,,,,False,,,False,False,False,False,1.0703125,3.34,131,33.2,-25.7,-10.1,-5.4,-66.61,0.0,-0.59,,False,3.852,97,False,False,False,True,2.869140625,1.54,135,8.7,-11.2,2.0,-2.1,-32.66,0.0,0.06,445,False,1.405,151,False,False,False,False,4.44921875,-0.04,1301,0.2,-0.1,-0.0,-0.1,1.62,0.0,-0.07,649,False,0.029,824,False,False,False,False,지속
408900,스튜디오미르,4.19921875,0.86,329.0,1005.0,,2.939453125,1.26,466,2.4,1.8,-3.2,0.0,-65.52,0.07,-0.03,,False,1.363,461,False,False,True,True,4.19921875,0.0,771,-7.5,1.9,7.0,0.0,-58.39,0.0,-0.11,,False,0.125,668,False,False,True,False,3.640625,0.56,411,1.5,-0.0,-1.5,,-32.32,0.0,0.0,,False,0.555,407,False,False,False,True,4.1796875,0.02,827,0.2,0.0,-0.2,,-2.9,0.0,-0.03,,False,0.048,746,False,False,False,True,지속
408920,메쎄이상,2.9609375,1.54,1254.0,2900.0,,2.529296875,0.43,715,3.4,-3.6,1.6,-3.4,-7.94,0.0,0.13,703,False,0.3,842,False,False,False,False,2.869140625,0.09,669,1.2,0.4,0.0,,-15.08,0.0,-0.04,,False,0.119,672,False,False,True,False,2.990234375,-0.03,1107,0.7,-0.0,-0.4,,-5.69,0.0,-0.09,,False,0.057,832,False,False,False,True,2.919921875,0.04,763,1.1,0.0,-1.1,,-3.33,0.0,-0.05,,False,0.088,603,False,False,False,True,스파이크
411080,샌즈랩,2.390625,1.09,591.0,3870.0,,1.2001953125,1.19,481,4.2,-1.3,-3.0,-0.4,-43.67,0.0,-0.43,,False,1.689,398,False,False,False,True,1.8095703125,0.58,483,0.0,-0.1,-0.6,,-52.69,0.0,-0.28,,False,0.873,401,False,False,False,True,1.0400390625,1.35,168,8.5,0.0,-8.6,,-25.43,0.0,-0.01,,False,1.362,161,False,False,False,True,2.0,0.39,176,1.8,0.0,-1.8,,0.52,0.0,0.08,,False,0.309,181,False,False,False,True,
412350,레이저쎌,2.55078125,3.31,710.0,4860.0,,3.25,-0.7,1370,-13.3,21.0,-16.5,17.0,181.09,12.1,1.25,242,False,-2.271,1673,True,True,True,True,0.6298828125,1.92,248,33.6,24.7,-63.4,17.0,-41.45,9.47,0.55,,False,1.299,317,True,False,True,True,8.0625,-5.51,1811,-41.4,-15.1,58.1,-13.8,-18.18,0.02,0.32,4,True,-5.754,1754,False,False,False,False,3.220703125,-0.67,1748,-9.3,0.1,9.4,0.3,-2.8,0.0,0.49,35,False,-1.152,1701,False,False,True,False,
412540,제일엠앤에스,0.77001953125,0.0,811.0,3935.0,,0.77978515625,-0.01,1063,,,,,0.0,0.0,-0.01,,False,,,False,False,False,False,0.77001953125,0.0,771,,,,,0.0,0.0,0.0,,False,,,False,False,False,False,0.77001953125,0.0,913,,,,,0.0,0.0,0.0,,False,,,False,False,False,False,0.77001953125,0.0,908,,,,,0.0,0.0,0.0,,False,,,False,False,False,False,
413390,엠오티,1.919921875,1.21,731.0,6310.0,,1.5703125,0.35,748,-2.4,-1.6,8.1,0.2,-20.13,0.0,0.65,576,False,-0.154,1173,False,False,False,False,1.259765625,0.66,459,5.2,4.6,-13.4,0.2,-27.39,0.0,0.16,,False,0.528,498,False,False,True,True,1.3896484375,0.53,436,2.7,4.5,-7.0,0.2,-7.88,0.0,0.12,,False,0.436,476,False,False,True,True,1.8798828125,0.04,763,-0.2,2.8,-2.6,,13.08,0.0,0.07,,False,-0.025,1167,False,False,True,True,
413630,씨피시스템,0.2099609375,2.81,1224.0,3360.0,,0.81982421875,-0.61,1342,-24.3,0.2,25.6,0.2,-23.81,-0.0,-0.28,568,False,-0.384,1301,False,False,True,False,1.1298828125,-0.92,1355,-14.3,0.2,15.1,0.3,-17.44,-0.0,-0.31,561,False,-0.65,1234,False,False,True,False,2.119140625,-1.91,1752,-24.6,0.2,26.0,0.2,29.98,-0.0,-0.03,64,False,-1.895,1700,False,False,True,False,1.1396484375,-0.93,1771,-8.3,-0.0,9.9,,68.67,0.0,-0.19,53,False,-0.735,1677,False,False,False,False,
413640,비아이매트릭스,2.1796875,1.39,450.0,6250.0,,6.7109375,-4.53,1751,-34.1,-3.2,47.8,-0.0,-29.78,0.0,0.48,75,False,-4.89,1753,False,False,False,False,4.140625,-1.96,1619,-9.7,-1.5,10.7,0.1,-32.29,0.0,-0.43,294,False,-1.577,1523,False,False,False,False,2.140625,0.04,825,0.1,0.1,-0.7,0.1,-5.16,0.0,-0.01,,False,0.026,879,False,False,True,True,2.169921875,0.01,867,0.0,0.0,-0.3,,4.17,0.0,0.01,,False,0.004,961,False,False,False,True,스파이크
415380,스튜디오삼익,3.169921875,0.61,223.0,1946.0,,4.80859375,-1.64,1591,-3.7,2.0,-0.1,0.0,-12.74,0.0,-0.3,,False,-1.445,1593,False,False,True,True,4.30859375,-1.14,1431,-2.6,2.1,0.1,0.1,-7.33,0.0,-0.23,,False,-1.024,1389,False,False,True,False,3.0,0.17,687,0.5,2.0,-2.7,,10.57,0.0,-0.19,,False,0.273,584,False,False,True,True,3.310546875,-0.14,1499,0.0,1.0,-1.0,,2.96,0.0,-0.14,,False,-0.001,1018,False,False,True,True,
416180,신성에스티,1.5498046875,1.6,1694.0,18740.0,,5.4609375,-3.91,1732,9.6,-3.8,-15.7,-4.6,-42.16,0.0,-4.69,,False,0.779,643,False,True,False,True,1.900390625,-0.35,1094,-19.4,10.7,-2.1,-2.8,-47.87,0.0,-0.02,,False,-0.334,1057,False,False,True,True,1.0703125,0.48,470,4.1,-0.1,-7.0,-0.8,-32.47,0.0,0.17,,False,0.301,561,False,False,False,True,1.3603515625,0.19,402,1.4,-0.0,-1.4,,1.79,0.0,0.11,,False,0.079,632,False,False,False,True,
417010,나노팀,2.419921875,1.82,891.0,4415.0,,0.669921875,1.75,372,7.1,1.4,-8.0,0.1,-35.26,0.0,0.65,,False,1.1,525,False,False,True,True,0.509765625,1.91,250,31.9,1.2,-26.0,0.1,-57.83,0.0,0.57,,False,1.378,300,False,False,True,True,1.7197265625,0.7,344,12.2,1.1,-11.4,0.2,-42.44,0.0,-0.21,,False,0.897,254,False,False,True,True,2.560546875,-0.14,1499,-1.8,0.1,1.6,,-7.44,0.0,0.05,294,False,-0.19,1488,False,False,True,False,
417180,핑거스토리,1.98046875,0.44,138.0,3920.0,,3.810546875,-1.83,1608,-2.5,0.6,1.5,0.3,114.91,-80.0,-15.5,,False,-0.256,1239,True,True,True,False,3.58984375,-1.61,1549,-1.7,0.2,0.5,-0.0,141.23,-80.0,-14.53,,False,-0.286,1020,True,True,True,False,1.9501953125,0.03,837,-0.3,0.0,0.3,,-19.01,0.0,0.12,599,False,-0.05,1065,False,False,False,False,2.150390625,-0.17,1542,-0.3,0.1,0.3,,2.35,0.0,0.07,266,False,-0.239,1526,False,False,True,False,
417200,LS머트리얼즈,8.671875,4.21,7787.0,11510.0,,3.330078125,5.34,92,713.5,398.7,-1112.9,-22.4,-10.01,0.0,-0.96,,False,6.307,61,False,False,True,True,5.828125,2.84,167,321.5,-108.2,-199.4,-13.5,-49.41,0.0,-0.31,,False,3.219,134,False,False,False,True,7.69921875,0.97,244,118.2,10.8,-114.9,-6.4,-35.91,0.0,-0.21,,False,1.304,173,False,False,True,True,8.3515625,0.32,241,26.3,-7.6,-16.9,1.5,-3.68,0.0,0.05,,False,0.319,170,False,False,False,True,지속
417500,제이아이테크,5.3515625,1.33,1047.0,3195.0,,5.12109375,0.23,813,-1.9,-6.7,6.6,-6.6,0.47,0.0,-0.05,686,False,0.288,849,False,False,False,False,5.8984375,-0.55,1183,-2.8,2.9,-4.2,3.0,-35.45,0.0,-0.16,,False,-0.423,1121,False,False,True,True,6.05078125,-0.7,1583,-6.6,2.5,4.0,2.5,-7.53,0.0,-0.09,357,False,-0.6,1489,False,False,True,False,5.890625,-0.54,1731,0.4,-0.0,-0.4,-0.0,2.9,0.0,-0.57,,False,0.028,830,False,False,False,True,
417790,트루엔,3.740234375,0.53,585.0,5590.0,,2.83984375,0.9,561,5.2,12.4,-17.5,-3.1,-27.68,0.0,0.27,,False,0.613,706,False,False,True,True,3.3203125,0.42,540,1.6,9.0,-10.4,-1.7,-27.4,0.0,0.24,,False,0.173,642,False,False,True,True,3.689453125,0.05,805,-0.4,2.0,-2.0,-0.3,-14.0,0.0,0.1,,False,-0.061,1085,False,False,True,True,3.890625,-0.15,1513,-0.6,0.4,0.0,-0.4,-7.6,0.0,-0.06,695,False,-0.093,1357,False,False,True,False,
417840,저스템,6.6015625,4.83,2767.0,12100.0,,1.4404296875,5.16,100,-11.6,303.5,-291.7,71.1,101.67,214.89,7.07,,False,-2.712,1700,True,True,True,True,4.73046875,1.87,255,10.7,305.6,-310.3,26.7,9.8,0.91,0.9,,False,1.131,347,False,False,True,True,7.69921875,-1.1,1667,-53.7,-48.3,85.1,-17.7,-25.77,0.91,0.31,30,False,-1.39,1658,False,False,False,False,8.390625,-1.79,1801,-76.7,23.9,50.2,12.2,18.28,0.0,0.92,16,True,-2.723,1729,False,False,True,False,
417860,오브젠,1.73046875,2.77,299.0,6350.0,,3.01953125,-1.29,1523,-15.9,-2.3,18.0,-1.5,-41.04,0.21,0.79,268,False,-2.081,1659,False,False,False,False,3.720703125,-1.99,1623,-19.6,-1.5,22.0,-1.5,-42.27,0.21,1.06,124,False,-3.035,1696,False,True,False,False,0.8701171875,0.86,281,1.0,-0.0,-0.7,,-36.82,0.21,0.69,,False,0.186,676,False,False,False,True,2.029296875,-0.3,1664,-0.8,-0.0,0.8,,-1.85,0.0,-0.04,217,False,-0.258,1536,False,False,False,False,
417970,모델솔루션,3.029296875,0.94,677.0,10580.0,,0.81982421875,2.21,307,11.9,0.7,-9.1,-0.1,-60.15,0.0,0.47,,False,1.728,389,False,False,True,True,3.580078125,-0.55,1183,-11.1,0.5,10.9,,-44.95,0.0,-0.08,682,False,-0.461,1135,False,False,True,False,2.5703125,0.46,478,4.0,0.6,-4.7,,-27.24,0.0,-0.1,,False,0.572,397,False,False,True,True,3.029296875,0.0,908,0.3,0.1,-0.4,,1.93,0.0,-0.04,,False,0.037,791,False,False,True,True,
418250,시큐레터,0.6201171875,13.05,476.0,6550.0,,0.6201171875,0.0,987,,,,,0.0,0.0,0.0,,False,,,False,False,False,False,0.6201171875,0.0,771,,,,,0.0,0.0,0.0,,False,,,False,False,False,False,0.6201171875,0.0,913,,,,,0.0,0.0,0.0,,False,,,False,False,False,False,0.6201171875,0.0,908,,,,,0.0,0.0,0.0,,False,,,False,False,False,False,
418420,라온텍,4.62109375,6.48,1094.0,3555.0,,2.48046875,2.14,320,57.4,32.6,-82.4,0.3,-27.08,0.97,0.07,,False,2.113,320,False,False,True,True,2.990234375,1.63,280,23.9,24.7,-46.1,-1.9,-51.37,0.97,1.14,,False,0.577,481,False,True,True,True,4.609375,0.01,883,0.7,0.4,-4.9,,-35.01,0.24,0.16,,False,-0.043,1051,False,False,True,True,5.01171875,-0.39,1700,-5.4,-0.0,4.6,,-3.92,0.0,0.11,139,False,-0.499,1629,False,False,False,False,
418470,KT밀리의서재,6.1796875,0.98,849.0,9910.0,,4.83984375,1.34,450,19.2,-58.0,37.7,-36.1,-24.12,0.0,-0.92,207,False,2.057,327,False,False,False,False,3.880859375,2.3,211,20.2,-14.2,-5.6,-4.3,-28.14,0.0,0.27,,False,2.034,227,False,False,False,True,4.859375,1.32,174,11.6,-7.7,-3.6,-2.7,-7.3,0.0,-0.02,,False,1.354,164,False,False,False,True,5.828125,0.35,215,1.7,-0.0,-1.6,-0.0,0.61,0.0,0.14,,False,0.208,307,False,False,False,True,지속
418550,제이오,2.51953125,0.72,1322.0,4130.0,,2.240234375,0.28,784,-11.5,-31.8,89.7,-1.2,-43.66,0.0,0.15,230,False,0.098,973,False,False,False,False,2.830078125,-0.31,1074,-23.6,-29.4,47.0,-1.0,-53.75,0.0,0.13,407,False,-0.463,1136,False,False,False,False,2.94921875,-0.43,1461,-5.9,-0.3,6.5,-0.0,-32.41,0.0,-0.08,360,False,-0.345,1362,False,False,False,False,2.599609375,-0.08,1395,-2.4,0.0,2.3,,-1.9,0.0,0.08,309,False,-0.168,1460,False,False,False,False,
418620,E8,1.6904296875,0.97,141.0,712.0,,3.740234375,-2.05,1636,-8.9,-8.3,17.3,-2.3,-43.27,0.0,1.01,88,False,-3.145,1718,False,True,False,False,5.9609375,-4.27,1772,-12.4,-0.0,12.9,-0.0,-45.19,0.0,0.36,52,False,-4.601,1746,False,False,False,False,2.310546875,-0.62,1550,-2.5,0.0,2.5,,-34.26,0.0,0.16,182,False,-0.815,1573,False,False,False,False,1.599609375,0.09,613,-0.2,-0.0,0.4,,4.71,0.0,0.37,188,False,-0.151,1441,False,False,False,False,스파이크
419050,삼기에너지솔루션즈,1.3095703125,1.3,837.0,1463.0,,1.48046875,-0.17,1162,-21.4,-0.6,21.6,-0.0,-17.67,0.0,0.96,408,False,-1.133,1538,False,False,False,False,1.91015625,-0.6,1210,-27.8,-0.3,27.4,-0.0,-12.08,0.0,1.22,281,False,-1.801,1582,False,True,False,False,0.740234375,0.57,407,-16.3,-0.2,15.5,0.0,5.78,0.0,1.26,261,False,-0.696,1535,False,True,False,False,0.93994140625,0.37,199,-10.4,0.3,8.7,,-8.1,0.0,1.39,57,False,-1.01,1697,False,True,True,False,
419080,엔젯,0.0,1.08,406.0,3730.0,,0.0,0.0,987,1.3,-0.8,0.4,-0.4,-61.9,2.06,-0.11,661,False,0.109,967,True,False,False,False,0.0,0.0,771,-11.6,0.1,11.7,,-35.69,1.75,1.7,282,False,-1.728,1569,True,True,True,False,0.0,0.0,913,1.3,0.1,-1.3,,-12.13,1.75,-0.33,,False,0.367,510,True,False,True,True,0.0,0.0,908,0.3,0.0,-0.3,,-0.53,0.43,-0.07,,False,0.068,671,False,False,False,True,
419120,산돌,3.529296875,0.64,363.0,2555.0,,5.94921875,-2.42,1672,-18.6,0.4,1.8,0.6,-35.64,-6.02,0.17,638,False,-2.793,1703,True,False,True,False,4.2109375,-0.68,1254,-9.4,-0.3,10.2,-0.3,-39.02,-3.37,0.68,280,False,-1.433,1495,True,False,False,False,2.990234375,0.54,428,0.9,0.0,1.4,,-13.97,-3.37,0.02,441,False,0.405,488,True,False,False,False,3.05078125,0.48,132,1.0,-0.0,0.1,,1.19,0.0,0.2,567,False,0.276,227,False,False,False,False,스파이크
419530,SAMG엔터,4.30859375,3.13,2817.0,27600.0,,10.0234375,-5.71,1769,-211.4,63.7,152.0,63.5,-27.27,3.9,-0.51,114,False,-5.054,1757,True,False,True,False,7.390625,-3.08,1735,-115.3,75.7,51.1,36.7,-27.08,2.16,-0.34,207,False,-2.761,1685,True,False,True,False,3.7109375,0.6,386,17.6,-2.6,-3.8,16.7,-0.36,0.0,-0.21,430,False,0.768,297,False,False,False,True,4.44921875,-0.14,1499,-5.7,2.9,2.5,-0.8,5.34,0.0,0.06,420,False,-0.197,1499,False,False,True,False,
419540,비스토스,0.0,0.85,203.0,3410.0,,0.0,0.0,987,-1.0,16.1,-15.9,,225.69,-74.09,-3.48,,False,0.813,622,True,True,True,True,0.8701171875,-0.87,1336,-2.7,16.1,-14.1,,298.83,-74.09,-2.55,,False,-0.297,1029,True,True,True,True,0.0,0.0,913,-1.1,14.3,-13.5,,6.23,29.57,0.44,,False,-0.781,1565,True,False,True,True,0.0,0.0,908,0.9,4.2,-5.0,,10.0,0.0,-0.42,,False,0.416,114,False,False,True,True,
420570,제이투케이바이오,2.119140625,1.44,485.0,8290.0,,1.3203125,0.8,592,4.0,0.7,-4.7,0.3,2.09,0.0,-0.42,,False,1.149,509,False,False,True,True,1.2998046875,0.82,413,1.4,0.7,-2.1,0.3,-0.72,0.0,0.14,,False,0.621,467,False,False,True,True,1.740234375,0.38,520,1.5,0.4,-2.2,0.3,9.08,0.0,0.01,,False,0.32,549,False,False,True,True,1.900390625,0.22,348,0.8,0.0,-0.9,,7.11,0.0,0.03,,False,0.181,357,False,False,False,True,
420770,기가비스,2.279296875,9.78,20636.0,162800.0,,4.12109375,-1.84,1610,-237.0,2079.5,-1833.1,192.5,276.42,0.0,0.0,,False,-1.572,1611,False,False,True,True,2.4609375,-0.18,989,-94.8,1153.4,-1081.7,40.9,88.43,0.0,0.03,,False,-0.207,964,False,False,True,True,2.720703125,-0.44,1464,-111.1,494.3,-386.7,21.1,14.73,0.0,-0.13,,False,-0.327,1350,False,False,True,True,2.26953125,0.01,867,4.7,-17.5,3.3,-1.0,7.46,0.0,-0.05,585,False,0.062,693,False,False,False,False,
424760,벨로크,1.759765625,0.7,199.0,1978.0,,2.740234375,-0.98,1453,-8.5,6.0,5.2,0.0,64.29,-49.16,-2.63,622,False,-1.272,1563,True,True,True,False,4.3515625,-2.59,1700,-10.0,4.7,7.4,0.0,27.94,-49.16,-3.01,360,False,-2.165,1634,True,True,True,False,1.830078125,-0.07,1151,-1.3,-0.1,1.5,,-12.28,0.0,0.44,275,False,-0.486,1436,False,False,False,False,1.75,0.01,867,0.2,-0.1,-0.1,,2.01,0.0,-0.09,,False,0.1,563,False,False,False,True,지속
424870,이뮨온시아,4.03125,8.19,2752.0,3015.0,,1.009765625,3.02,220,90.6,-191.3,102.9,-30.6,-73.78,23.07,0.32,256,False,3.518,202,True,False,False,False,0.740234375,3.29,134,85.6,-195.7,122.8,-31.3,-60.48,22.74,0.71,158,False,3.306,129,True,False,False,False,2.099609375,1.93,93,45.6,-27.9,-13.2,-12.2,-28.13,0.0,0.44,,False,1.485,137,False,False,False,True,3.69921875,0.33,233,7.9,-8.2,0.4,-8.1,-0.66,0.0,0.04,615,False,0.289,214,False,False,False,False,지속
424960,스마트레이더시스템,3.380859375,3.06,585.0,3550.0,,3.720703125,-0.34,1234,-13.9,-2.9,14.9,-0.0,-58.96,0.0,0.51,424,False,-1.06,1522,False,False,False,False,4.23046875,-0.85,1325,-12.5,-0.1,12.5,,-50.07,0.0,-0.03,517,False,-0.849,1319,False,False,False,False,3.220703125,0.16,696,0.3,-0.0,-0.6,,-28.64,0.0,0.01,,False,0.106,768,False,False,False,True,3.25,0.13,520,0.5,-0.0,-0.4,,-2.2,0.0,0.06,,False,0.078,636,False,False,False,True,
424980,마이크로투나노,4.921875,1.57,405.0,6840.0,,4.98046875,-0.06,1101,-4.8,-0.8,14.6,-0.1,-41.34,0.0,0.86,277,False,-0.847,1472,False,False,False,False,6.28125,-1.36,1490,-9.7,0.2,9.6,,-48.8,0.0,0.06,331,False,-1.561,1519,False,False,True,False,5.21875,-0.3,1384,-2.2,-0.4,2.4,,-30.06,0.0,0.12,299,False,-0.439,1421,False,False,False,False,4.98828125,-0.07,1370,-1.2,0.1,1.1,,5.56,0.0,0.23,207,False,-0.292,1556,False,False,True,False,
425040,티이엠씨,5.75,1.01,2089.0,9530.0,,2.66015625,3.09,212,9.5,-63.4,64.8,2.6,16.22,2.78,0.93,374,False,2.306,299,True,False,False,False,2.330078125,3.42,124,41.9,21.3,-71.3,2.4,-25.43,2.78,0.49,,False,3.026,146,True,False,True,True,1.4404296875,4.31,23,104.7,9.6,-108.4,3.1,-45.23,2.56,0.17,,False,4.397,21,True,False,True,True,5.94921875,-0.2,1575,-12.7,1.1,11.6,0.6,2.8,0.0,0.36,108,False,-0.559,1647,False,False,True,False,지속
425420,티에프이,4.03125,4.01,4661.0,37750.0,,1.669921875,2.36,282,61.0,-494.6,537.3,-91.2,6.19,3.23,-0.83,69,False,3.234,219,True,False,False,False,3.83984375,0.19,631,-18.6,-311.1,333.6,-59.1,-36.87,3.23,0.06,88,False,0.242,604,True,False,False,False,2.640625,1.39,155,59.9,-4.5,-50.2,66.4,-30.86,0.0,0.29,,False,1.117,207,False,False,False,True,3.8203125,0.21,368,2.6,3.3,-3.1,0.5,4.57,0.0,0.17,,False,0.047,752,False,False,True,True,스파이크
429270,시지트로닉스,4.890625,1.04,230.0,3565.0,,1.76953125,3.12,210,-9.5,-3.0,10.8,0.1,-12.41,0.0,0.97,,False,1.988,345,False,False,False,False,1.099609375,3.79,107,-0.9,-0.1,4.0,-0.2,-47.19,0.0,2.4,,False,2.074,222,False,True,False,False,4.359375,0.53,436,1.7,-0.1,-1.4,-0.1,-33.36,0.0,0.05,,False,0.555,407,False,False,False,True,4.80859375,0.08,642,-0.2,-0.0,0.3,,2.3,0.0,0.2,343,False,-0.116,1394,False,False,False,False,
430690,한싹,3.470703125,0.75,245.0,2250.0,,1.5,1.97,339,-2.6,-0.1,-0.0,0.0,-50.22,-0.0,-0.79,,False,2.658,267,False,False,False,False,2.900390625,0.57,490,-5.6,-0.0,2.8,0.0,-62.25,-0.0,-0.51,,False,1.028,373,False,False,False,False,1.8896484375,1.58,132,4.4,-0.2,-4.2,,-28.8,0.0,-0.11,,False,1.691,113,False,False,False,True,3.279296875,0.19,402,0.4,0.0,-0.4,,2.27,0.0,0.05,,False,0.147,436,False,False,False,True,
431190,케이쓰리아이,2.5,0.54,184.0,2460.0,,0.93994140625,1.56,397,5.2,-0.0,-4.6,-0.0,-55.68,0.0,-0.24,,False,1.804,378,False,False,False,True,2.8203125,-0.32,1079,1.0,-0.0,-1.0,-0.0,-47.77,0.0,-0.73,,False,0.373,550,False,False,False,True,3.310546875,-0.81,1617,-1.3,-0.1,1.5,-0.0,-5.2,0.0,-0.18,236,False,-0.631,1506,False,False,False,False,2.509765625,-0.01,1155,0.0,-0.0,0.1,,7.42,0.0,-0.01,510,False,0.005,957,False,False,False,False,
432430,와이랩,8.5234375,1.24,342.0,2070.0,,8.8984375,-0.38,1251,-1.6,-0.3,1.3,-0.2,-48.51,0.0,-0.22,618,False,-0.279,1256,False,False,False,False,9.34375,-0.82,1316,-4.2,0.3,3.5,0.3,-38.21,0.0,-0.07,542,False,-0.856,1325,False,False,True,False,8.859375,-0.34,1406,-1.3,-0.1,1.3,,-36.01,0.0,-0.06,397,False,-0.338,1358,False,False,False,False,8.6015625,-0.08,1395,-0.2,-0.0,0.2,,-0.48,0.0,-0.01,446,False,-0.071,1305,False,False,False,False,
432470,케이엔에스,2.26953125,1.13,636.0,7250.0,,3.310546875,-1.04,1467,-1.3,-2.2,5.1,0.1,-38.51,0.0,-2.0,,False,0.904,586,False,True,False,False,1.1396484375,1.13,356,5.1,0.0,-4.4,0.0,-46.65,0.0,0.13,,False,1.051,366,False,False,False,True,1.75,0.52,441,3.6,0.1,-4.2,0.1,-23.44,0.0,-0.05,,False,0.57,399,False,False,True,True,2.119140625,0.15,475,0.6,-0.0,-0.6,,4.47,0.0,0.05,,False,0.099,567,False,False,False,True,지속
432720,퀄리타스반도체,3.05078125,3.17,1153.0,8130.0,,0.0,3.05,217,58.4,-14.8,-48.6,-8.6,-40.35,0.32,-0.21,,False,3.3,214,False,False,False,True,6.80078125,-3.75,1755,-86.9,-5.2,86.2,-3.9,-57.9,0.22,-0.65,145,False,-3.048,1697,False,False,False,False,3.869140625,-0.82,1623,8.5,2.4,-11.0,0.3,-43.5,0.0,-1.43,,False,0.629,362,False,True,True,True,3.189453125,-0.14,1499,-3.1,-0.3,3.4,-0.2,-1.81,0.0,0.12,200,False,-0.271,1540,False,False,False,False,
432980,엠에프씨,1.4697265625,0.75,241.0,2800.0,,0.85986328125,0.61,658,1.6,-3.9,8.1,-0.4,-15.92,0.0,-0.47,306,False,0.621,705,False,False,False,False,1.4501953125,0.02,733,-0.2,-1.0,-6.5,-1.1,-22.44,0.0,-0.3,,False,0.008,787,False,False,False,True,1.6796875,-0.21,1309,-1.1,-1.2,-6.2,-1.1,-15.92,0.0,0.13,,False,-0.388,1393,False,False,False,True,1.33984375,0.13,520,0.4,-0.0,-1.7,,-3.28,0.0,-0.03,,False,0.156,406,False,False,False,True,
434480,모니터랩,3.009765625,0.72,275.0,2230.0,,1.580078125,1.43,427,-0.8,-0.1,-2.2,-0.0,-41.24,0.0,-0.1,,False,1.452,441,False,False,False,True,2.80078125,0.21,624,-6.3,-0.0,2.8,0.0,-51.2,0.0,0.48,,False,-0.331,1050,False,False,False,False,2.029296875,0.98,242,2.9,0.0,-4.2,,-19.2,0.0,-0.1,,False,1.046,220,False,False,False,True,2.8203125,0.19,402,0.4,-0.0,-0.4,,-1.33,0.0,0.04,,False,0.149,426,False,False,False,True,
435570,에르코스,0.77978515625,0.96,523.0,6870.0,,0.6298828125,0.15,862,3.1,-7.7,-15.7,0.1,-42.75,0.0,-0.37,,False,0.523,740,False,False,False,True,2.080078125,-1.3,1477,-8.3,-1.5,-10.5,0.1,-39.68,0.0,-0.33,,False,-0.936,1354,False,False,False,True,0.85986328125,-0.08,1161,-0.4,0.1,-8.3,0.1,0.15,0.0,-0.03,,False,-0.062,1088,False,False,True,True,0.7998046875,-0.02,1215,-0.1,-0.0,-1.2,,10.45,0.0,0.0,,False,-0.021,1143,False,False,False,True,
437730,삼현,2.33984375,6.96,9195.0,29000.0,,1.1201171875,1.22,477,228.6,731.8,-1006.2,-34.3,-55.18,0.0,-0.76,,False,1.947,354,False,False,True,True,1.650390625,0.69,449,27.0,444.3,-489.2,-42.5,-43.58,0.0,0.44,,False,0.247,598,False,False,True,True,2.099609375,0.24,616,5.7,64.8,-72.6,-4.4,-44.23,0.0,0.1,,False,0.142,727,False,False,True,True,2.349609375,-0.01,1155,2.8,1.3,-3.5,0.2,-14.2,0.0,-0.04,,False,0.033,803,False,False,True,True,
438700,버넥트,1.169921875,0.63,190.0,1703.0,,1.759765625,-0.59,1333,0.1,-0.1,2.0,-0.0,-65.56,0.0,-0.82,565,False,0.218,895,False,False,False,False,1.6298828125,-0.46,1141,-2.4,-0.0,4.2,,-49.69,0.0,0.04,419,False,-0.555,1187,False,False,False,False,0.97021484375,0.2,653,0.3,-0.0,0.1,,-32.15,0.0,0.04,565,False,0.147,725,False,False,False,False,1.26953125,-0.1,1452,-0.2,0.0,0.2,,-3.79,0.0,0.0,383,False,-0.084,1333,False,False,False,False,
439090,마녀공장,0.669921875,2.31,2834.0,17290.0,,0.56982421875,0.1,889,1.5,159.0,-160.5,1.2,21.42,0.06,-0.46,,False,0.546,731,False,False,True,True,1.8203125,-1.15,1435,-29.0,156.1,-126.5,1.2,29.61,0.0,-0.27,,False,-0.882,1334,False,False,True,True,1.0703125,-0.4,1444,-22.6,80.5,-58.0,0.9,17.06,0.0,0.4,,False,-0.79,1568,False,False,True,True,0.5400390625,0.13,520,6.1,0.2,-6.6,-0.0,7.19,0.0,-0.1,,False,0.255,247,False,False,True,True,
439580,블루엠텍,4.0,1.29,580.0,1714.0,,1.73046875,2.27,297,30.4,8.5,-36.2,0.1,-61.13,0.0,-0.91,,False,3.219,220,False,False,True,True,3.580078125,0.42,540,-3.7,8.3,-4.6,0.2,-50.68,0.0,-0.14,,False,0.572,483,False,False,True,True,2.400390625,1.6,130,8.9,4.2,-13.1,-0.0,-27.68,0.0,0.15,,False,1.453,142,False,False,True,True,3.380859375,0.62,82,2.3,-0.0,-2.3,,0.0,0.0,0.21,,False,0.413,116,False,False,False,True,
439960,코스모로보틱스,0.0,21.16,3599.0,11090.0,,,,,-308.3,-376.1,1042.6,-105.5,,,,,False,,,False,False,False,False,,,,-308.3,-376.1,1042.6,-105.5,,,,,False,,,False,False,False,False,0.0,0.0,913,93.9,-119.4,41.0,-2.0,-56.59,0.0,-2.11,,False,2.078,89,False,True,False,False,0.0,0.0,908,20.8,-1.9,-0.4,-0.2,-9.17,0.0,-0.49,674,False,0.482,93,False,False,False,True,
440110,파두,27.90625,180.05,35271.0,70400.0,,11.4765625,16.43,10,8019.6,-3097.1,-3750.1,-2497.1,231.29,1.23,-0.24,,False,17.129,2,True,False,False,True,11.5390625,16.37,8,8053.3,-3260.2,-4577.9,-2438.6,22.22,0.05,-0.14,,False,16.588,1,False,False,False,True,25.15625,2.75,52,1197.3,-352.9,-889.5,-260.2,-30.23,0.01,0.1,,False,2.675,55,False,False,False,True,29.546875,-1.64,1797,-577.7,411.4,150.8,6.0,-1.95,0.0,-0.15,148,False,-1.495,1712,False,False,True,False,지속
440290,HB인베스트먼트,0.8798828125,0.53,468.0,1701.0,,0.990234375,-0.11,1124,-1.5,-3.4,7.3,-0.5,-14.52,0.0,0.54,386,False,-0.293,1259,False,False,False,False,1.3701171875,-0.49,1161,-4.5,-3.5,8.1,0.2,-20.88,0.0,0.32,357,False,-0.806,1306,False,False,False,False,0.740234375,0.14,713,0.9,0.6,-1.5,0.3,-7.25,0.0,-0.07,,False,0.2,659,False,False,True,True,0.83984375,0.04,763,0.4,0.3,-0.7,,1.86,0.0,-0.04,,False,0.08,627,False,False,True,True,스파이크
440320,오픈놀,1.7001953125,0.58,205.0,2055.0,,2.19921875,-0.5,1301,-6.7,-0.0,7.3,,-43.93,1.53,-0.01,487,False,-0.637,1405,True,False,False,False,2.919921875,-1.22,1456,-8.6,-0.0,8.5,,-41.62,1.53,-0.06,373,False,-1.397,1483,True,False,False,False,1.509765625,0.19,664,0.3,0.0,-0.5,,-27.0,1.53,-0.06,,False,0.195,664,True,False,False,True,1.740234375,-0.04,1301,0.4,0.0,-0.4,,-2.38,0.0,-0.21,,False,0.168,377,False,False,False,True,스파이크
441270,파인엠텍,5.96875,1.54,2884.0,6860.0,,7.23828125,-1.27,1515,91.3,-217.5,149.0,-117.0,-27.41,6.53,-2.32,91,False,1.549,416,True,True,False,False,7.94921875,-1.98,1622,-28.1,-207.8,232.7,-44.4,-38.75,0.84,-0.94,25,False,-0.955,1369,False,False,False,False,7.48828125,-1.52,1712,-17.0,-51.0,63.8,-29.8,-14.25,0.0,-1.13,53,False,-0.41,1410,False,True,False,False,6.41015625,-0.44,1710,0.8,-1.2,0.1,-3.0,16.27,0.0,-0.47,612,False,0.032,810,False,False,False,False,
443250,레뷰코퍼레이션,0.9599609375,1.36,641.0,5930.0,,1.7001953125,-0.74,1383,-5.1,16.7,-14.7,-1.6,-42.59,-2.84,-0.22,,False,-0.609,1397,True,False,True,True,1.4599609375,-0.5,1166,-4.5,9.7,-8.1,-1.9,-33.37,-2.94,-0.01,,False,-0.562,1188,True,False,True,True,0.77001953125,0.19,664,1.4,0.9,-3.5,0.7,-8.06,-2.94,-0.06,,False,0.219,637,True,False,True,True,0.77001953125,0.19,402,0.2,-0.0,-0.2,,0.68,0.0,0.16,,False,0.03,820,False,False,False,True,스파이크
443670,에스피소프트,2.7109375,0.99,657.0,2735.0,,1.919921875,0.79,596,-7.2,19.8,-12.6,-0.2,-47.1,-2.95,-0.12,,False,0.771,649,True,False,True,True,2.130859375,0.58,483,-4.8,3.1,2.3,,-54.94,-2.95,-0.39,,False,0.842,403,True,False,True,False,1.5498046875,1.16,204,8.7,-0.1,-8.8,,-24.86,-2.95,-0.17,,False,1.237,186,True,False,False,True,2.5390625,0.17,434,0.8,-0.0,-0.8,,2.43,0.0,0.06,,False,0.112,527,False,False,False,True,지속
444530,심플랫폼,1.25,1.97,293.0,4560.0,,2.4609375,-1.21,1508,-7.4,-2.1,2.1,1.0,-42.93,0.43,-0.6,,False,-0.583,1389,False,False,False,False,3.560546875,-2.31,1664,-12.9,-1.3,7.3,1.0,-44.39,0.33,-0.42,398,False,-1.982,1605,False,False,False,False,1.5302734375,-0.28,1373,-1.7,-0.1,1.9,-0.1,-35.59,0.0,-0.01,372,False,-0.289,1323,False,False,False,False,1.330078125,-0.08,1395,0.1,0.0,0.2,,1.11,0.0,-0.11,460,False,0.031,815,False,False,False,False,
445090,에이직랜드,1.3603515625,4.3,2387.0,21850.0,,0.27001953125,1.09,515,101.6,27.2,-135.3,15.5,-23.87,0.5,-1.29,,False,2.336,294,False,True,True,True,0.68994140625,0.67,454,53.8,29.9,-86.3,14.5,-26.43,0.0,-0.41,,False,1.07,362,False,False,True,True,3.05078125,-1.69,1730,-32.3,-4.4,35.8,4.9,-29.29,0.0,-0.25,74,False,-1.475,1667,False,False,False,False,1.3701171875,-0.01,1155,16.3,10.5,-27.1,3.4,2.1,0.0,-0.59,,False,0.594,63,False,False,True,True,
445180,퓨릿,7.21875,1.23,1325.0,7710.0,,1.9599609375,5.26,95,96.6,-17.5,-73.2,-5.2,-12.88,0.0,0.08,,False,5.209,97,False,False,False,True,4.03125,3.19,141,59.5,-15.8,-41.1,-8.6,-19.94,0.0,0.28,,False,2.95,153,False,False,False,True,7.6484375,-0.43,1461,-4.8,-10.6,15.6,-5.6,-18.33,0.0,0.03,139,False,-0.426,1417,False,False,False,False,7.19140625,0.03,799,-0.5,-1.2,1.7,-0.9,3.77,0.0,0.07,341,False,-0.045,1241,False,False,False,False,
445680,큐리옥스바이오시스템즈,9.5,13.34,7079.0,41150.0,,5.5,4.0,153,781.4,1047.8,-1729.2,-131.7,-58.22,0.49,0.18,,False,3.909,169,False,False,True,True,6.66015625,2.84,167,268.8,-189.0,-88.9,-18.1,-54.63,0.49,0.73,,False,2.165,210,False,False,False,True,7.859375,1.64,126,53.5,7.5,-59.9,-0.1,-33.63,0.0,1.13,,False,0.564,402,False,True,True,True,9.4375,0.06,693,17.2,-1.9,-9.9,-0.8,3.65,0.0,-0.11,,False,0.23,280,False,False,False,True,
446540,메가터치,38.53125,2.72,1989.0,6840.0,,5.37109375,33.16,4,100.3,17.2,-122.7,7.7,90.26,40.0,28.38,,False,8.797,27,True,True,True,True,7.3984375,31.13,4,58.4,16.2,-79.1,6.9,17.93,12.0,28.9,,False,3.375,123,True,True,True,True,28.4375,10.09,3,-14.7,12.5,2.6,5.3,-12.31,0.0,10.86,467,False,-0.748,1554,False,True,True,False,38.65625,-0.12,1475,-2.2,8.9,-8.1,3.1,9.44,0.0,-0.0,,False,-0.129,1412,False,False,True,True,
446840,지슨,1.0595703125,7.67,583.0,1059.0,,0.2900390625,0.77,600,4.3,-6.1,24.5,1.8,-35.66,0.47,0.12,210,False,0.632,701,False,False,False,False,1.8095703125,-0.75,1283,-3.7,-2.0,15.0,-1.5,-22.93,0.0,-0.28,279,False,-0.478,1149,False,False,False,False,1.41015625,-0.35,1416,-3.1,-0.9,3.1,-1.0,3.52,0.0,0.06,354,False,-0.41,1410,False,False,False,False,1.0595703125,0.0,908,,,,,0.0,0.0,0.0,,False,,,False,False,False,False,
448280,에코아이,0.740234375,1.79,2246.0,7580.0,,2.140625,-1.4,1546,-47.4,0.5,45.5,-0.1,-25.02,0.0,-0.18,403,False,-1.227,1553,False,False,True,False,2.150390625,-1.41,1502,-47.5,1.2,45.9,0.4,-30.46,0.0,-0.19,408,False,-1.229,1449,False,False,True,False,0.6298828125,0.11,737,3.1,-1.1,-1.8,-0.3,-17.16,0.0,-0.04,,False,0.153,717,False,False,False,True,0.77001953125,-0.03,1262,0.7,-0.0,-0.6,-0.0,14.16,0.0,-0.06,,False,0.026,846,False,False,False,True,
448710,코츠테크놀로지,4.16015625,0.88,554.0,10490.0,,6.41015625,-2.25,1658,-46.5,-42.1,58.8,-32.9,-45.08,0.47,1.43,102,False,-3.657,1734,False,True,False,False,6.4296875,-2.27,1658,-32.6,-22.9,45.3,-18.9,-49.69,0.0,0.66,57,False,-2.754,1683,False,False,False,False,3.19921875,0.96,246,0.6,-2.6,2.2,-2.4,-25.87,0.0,1.01,560,False,0.255,599,False,True,False,False,3.73046875,0.43,158,1.2,0.8,-1.8,0.8,0.96,0.0,0.38,,False,0.211,301,False,False,True,True,
448900,한국피아이엠,4.75,4.57,2636.0,43400.0,,0.5,4.25,135,123.6,414.0,-327.8,-26.6,-49.24,1.17,-0.22,,False,4.561,127,True,False,True,True,3.16015625,1.59,287,45.8,37.4,58.4,29.5,-58.27,0.0,-0.63,385,False,2.325,194,False,False,True,False,2.140625,2.61,60,78.5,-65.4,-9.3,-31.7,-50.96,0.0,0.11,,False,2.525,62,False,False,False,True,5.328125,-0.58,1739,-23.5,4.9,17.8,3.3,-5.65,0.0,0.22,87,False,-0.798,1683,False,False,True,False,지속
450330,하스,1.1201171875,0.77,355.0,4335.0,,1.7998046875,-0.68,1364,-5.0,23.4,-18.1,-6.4,-25.39,0.0,-0.05,,False,-0.588,1390,False,False,True,True,0.89990234375,0.22,619,0.5,0.2,-0.5,-1.4,-42.51,0.0,0.12,,False,0.192,627,False,False,True,True,1.1904296875,-0.07,1151,-0.4,0.0,0.7,,-21.04,0.0,0.01,504,False,-0.086,1123,False,False,False,False,1.1103515625,0.01,867,-0.0,-0.0,0.0,,-9.12,0.0,0.01,683,False,-0.004,1046,False,False,False,False,
450520,인스웨이브,2.099609375,0.65,265.0,1800.0,,1.5302734375,0.57,673,1.8,-0.7,-1.4,-0.6,-44.95,0.0,-0.41,,False,0.932,579,False,False,False,True,2.23046875,-0.13,952,-1.4,-0.0,1.8,,-44.1,0.0,-0.36,,False,0.164,648,False,False,False,False,2.2109375,-0.11,1197,0.6,-0.0,-0.6,,-20.88,0.0,-0.39,,False,0.272,587,False,False,False,True,2.279296875,-0.18,1552,0.2,-0.0,-0.2,,3.45,0.0,-0.29,,False,0.108,538,False,False,False,True,
450950,아스테라시스,0.77001953125,4.96,2329.0,6190.0,,1.41015625,-0.64,1351,-44.2,2.2,45.0,19.6,-50.44,0.32,0.16,492,False,-0.821,1464,False,False,True,False,0.419921875,0.35,562,5.6,2.2,-13.7,1.1,-47.98,0.0,-0.06,,False,0.234,608,False,False,True,True,0.8798828125,-0.11,1197,-2.0,3.0,-2.4,0.3,-11.7,0.0,-0.15,,False,-0.027,1024,False,False,True,True,0.7998046875,-0.03,1262,-0.3,-0.2,0.3,-0.2,-3.13,0.0,-0.02,623,False,-0.014,1104,False,False,False,False,
451220,아이엠티,3.830078125,2.4,742.0,9420.0,,3.759765625,0.07,910,-15.9,-0.4,8.9,-0.2,-1.26,0.0,-1.19,,False,-0.12,1152,False,True,False,False,4.08984375,-0.26,1036,-15.2,-0.4,0.7,-0.1,-30.63,0.0,-0.95,,False,-0.609,1212,False,False,False,False,2.939453125,0.89,270,7.2,-0.4,-8.8,-0.1,-32.71,0.0,0.07,,False,0.674,338,False,False,False,True,3.359375,0.47,142,1.4,0.0,-0.1,,-1.88,0.0,0.41,,False,0.155,411,False,False,False,True,
451250,삐아,1.169921875,1.55,716.0,7000.0,,0.919921875,0.25,803,4.4,21.2,-25.5,0.5,-23.33,0.0,-0.44,,False,0.69,677,False,False,True,True,1.5302734375,-0.36,1099,-1.8,21.2,-19.7,0.5,-20.54,0.0,-0.36,,False,-0.035,836,False,False,True,True,1.349609375,-0.18,1286,-0.7,18.7,-18.0,0.1,-12.17,0.0,-0.11,,False,-0.056,1076,False,False,True,True,0.919921875,0.25,311,3.0,0.3,-3.3,,-3.58,0.0,-0.16,,False,0.407,121,False,False,True,True,
451760,컨텍,5.94921875,1.37,1276.0,7730.0,,0.0,5.95,75,112.2,-75.3,156.0,-75.7,-47.84,8.23,0.94,170,False,5.772,77,True,False,False,False,4.328125,1.62,282,36.8,-10.1,-1.8,-45.0,-64.94,4.58,-0.34,,False,2.164,211,True,False,False,True,4.33984375,1.61,127,28.5,-3.3,-23.4,-0.1,-40.4,1.91,0.28,,False,1.506,133,True,False,False,True,6.37890625,-0.43,1705,-6.3,-0.1,6.3,,-4.57,0.0,0.07,111,False,-0.5,1630,False,False,False,False,
452160,제이엔비,1.3896484375,0.79,309.0,3215.0,,0.97021484375,0.42,716,0.1,0.0,-0.3,,-54.33,0.0,-0.09,,False,0.5,752,False,False,False,True,1.580078125,-0.19,995,-3.1,0.0,3.3,,-48.39,0.0,-0.01,790,False,-0.153,929,False,False,False,False,1.0400390625,0.35,540,1.5,-0.0,-1.4,,-24.62,0.0,-0.13,,False,0.483,450,False,False,False,True,1.1796875,0.21,368,0.3,0.0,-0.3,,5.41,0.0,0.1,,False,0.108,538,False,False,False,True,
452190,한빛레이저,4.05078125,2.63,824.0,3445.0,,1.3603515625,2.69,247,25.7,5.2,-31.5,-0.2,-22.23,2.37,-1.05,,False,3.89,170,True,True,True,True,2.5,1.55,292,6.0,5.2,-12.3,-0.2,-49.78,0.0,-0.36,,False,1.837,249,False,False,True,True,2.8203125,1.23,191,13.9,0.2,-14.2,0.2,-35.37,0.0,-0.21,,False,1.428,146,False,False,True,True,3.830078125,0.22,348,0.7,-0.0,-0.7,,0.44,0.0,0.15,,False,0.061,699,False,False,False,True,
452200,민테크,1.990234375,0.97,321.0,1320.0,,3.01953125,-1.03,1466,-11.4,-8.5,38.2,-0.7,-45.68,2.55,0.1,158,False,-1.165,1544,True,False,False,False,2.189453125,-0.2,1002,-9.0,-10.7,38.5,-0.1,-49.71,2.22,0.5,87,False,-0.764,1286,True,False,False,False,2.560546875,-0.57,1538,-3.3,0.0,5.4,,-41.33,0.41,0.12,207,False,-0.395,1400,False,False,False,False,1.400390625,0.59,92,1.8,0.0,-1.8,,-12.06,0.0,0.04,,False,0.555,75,False,False,False,True,
452280,한선엔지니어링,7.98046875,2.6,1983.0,10300.0,,2.9609375,5.02,106,45.1,359.6,-145.6,218.5,0.88,11.42,-0.16,,False,5.932,72,True,False,True,True,6.33984375,1.64,279,-65.7,199.6,-84.4,98.5,-37.69,0.01,0.64,,False,0.944,388,False,False,True,True,3.4609375,4.52,18,123.1,-130.4,12.1,-71.8,-45.21,0.0,0.37,380,False,3.997,29,False,False,False,False,7.48828125,0.49,129,-1.5,-0.1,2.9,-0.4,-5.42,0.0,0.57,335,False,-0.073,1310,False,False,False,False,
452300,캡스톤파트너스,6.828125,0.91,313.0,2210.0,,3.98046875,2.85,230,-11.7,-28.0,38.9,0.2,-27.06,0.35,1.86,156,False,1.486,429,False,True,False,False,2.01953125,4.81,64,19.3,0.3,-19.1,0.2,-53.08,0.0,0.65,,False,4.223,80,False,False,True,True,4.51953125,2.31,74,6.8,-0.0,-6.5,,-24.05,0.0,0.09,,False,2.164,83,False,False,False,True,6.05078125,0.78,57,1.6,-0.0,-1.5,,2.08,0.0,0.25,,False,0.522,84,False,False,False,True,지속
452400,이닉스,1.2998046875,0.42,513.0,5650.0,,0.91015625,0.39,731,6.4,-0.9,-7.5,-0.3,-46.45,0.0,-0.34,,False,0.733,659,False,False,False,True,1.6298828125,-0.33,1088,-3.4,-0.0,4.0,-0.0,-39.96,0.0,0.06,684,False,-0.305,1035,False,False,False,False,0.990234375,0.31,563,1.6,-0.2,-1.5,-0.2,-19.29,0.0,-0.04,,False,0.338,529,False,False,False,True,1.08984375,0.21,368,0.8,-0.0,-0.8,,4.82,0.0,0.05,,False,0.16,394,False,False,False,True,스파이크
452430,사피엔반도체,3.990234375,18.07,2336.0,28300.0,,5.05078125,-1.06,1471,98.5,-183.5,88.3,-20.0,-16.4,0.45,-3.62,155,False,2.671,265,False,True,False,False,5.2890625,-1.3,1477,6.1,-25.8,25.7,25.4,-17.73,0.45,-0.86,386,False,-0.364,1079,False,False,False,False,5.78125,-1.79,1741,-31.8,-4.8,37.7,-3.2,-19.14,0.0,-0.5,87,False,-1.365,1657,False,False,False,False,4.44140625,-0.45,1712,-9.2,1.4,6.6,0.6,0.18,0.0,-0.08,199,False,-0.398,1602,False,False,True,False,
452450,피아이이,1.5595703125,1.94,1093.0,3035.0,,0.47998046875,1.08,519,4.4,-1.1,-1.7,0.0,-53.09,0.42,0.24,,False,0.819,619,False,False,False,True,0.8701171875,0.69,449,-3.7,0.2,2.1,0.0,-55.17,0.0,0.25,,False,0.365,555,False,False,True,False,0.89990234375,0.66,358,9.1,0.4,-10.1,0.2,-35.84,0.0,-0.1,,False,0.741,307,False,False,True,True,1.2802734375,0.28,275,2.2,-0.0,-2.3,,-0.65,0.0,0.09,,False,0.191,333,False,False,False,True,
453450,그리드위즈,1.419921875,0.95,1264.0,15920.0,,2.19921875,-0.78,1398,-40.1,0.3,41.6,5.3,4.05,0.0,1.05,309,False,-1.748,1635,False,True,True,False,1.580078125,-0.16,971,-21.7,5.7,17.8,5.5,-23.83,0.0,0.8,633,False,-0.896,1342,False,False,True,False,1.0498046875,0.37,527,-4.0,7.0,-2.7,5.7,-6.74,0.0,0.64,,False,-0.271,1306,False,False,True,True,1.240234375,0.18,416,-4.4,7.4,-3.1,5.7,29.01,0.0,0.51,,False,-0.337,1579,False,False,True,True,
453860,에이에스텍,13.5,0.92,624.0,9690.0,,1.509765625,11.99,19,1.5,-1.1,-1.0,-0.6,-39.25,13.92,12.18,685,False,0.032,1036,True,True,False,True,14.3984375,-0.9,1351,-7.2,-0.7,8.8,-0.3,-31.23,0.0,0.07,436,False,-0.919,1349,False,False,False,False,13.90625,-0.41,1449,-2.2,0.1,2.5,0.1,-14.55,0.0,-0.03,370,False,-0.327,1350,False,False,True,False,13.6328125,-0.13,1489,-0.3,0.0,0.3,,-4.15,0.0,-0.08,495,False,-0.053,1264,False,False,False,False,
455180,케이지에이,2.259765625,0.48,203.0,1455.0,,2.900390625,-0.64,1351,-9.8,-19.3,27.4,0.0,-53.88,0.0,0.33,97,False,-1.32,1573,False,False,False,False,2.779296875,-0.52,1172,-3.6,-6.3,8.9,,-51.98,0.0,0.06,143,False,-0.753,1279,False,False,False,False,2.650390625,-0.39,1437,-0.9,-3.7,4.4,,-16.67,0.0,-0.06,67,False,-0.394,1399,False,False,False,False,2.240234375,0.02,827,0.1,-0.0,-0.1,,6.28,0.0,-0.05,,False,0.062,693,False,False,False,True,
455900,엔젤로보틱스,2.369140625,7.68,2532.0,16470.0,,3.130859375,-0.76,1390,-208.6,225.8,-21.2,-2.5,-56.08,1.02,2.81,,False,-3.62,1732,True,True,True,True,2.369140625,0.0,771,-10.2,35.0,-25.4,-9.3,-42.81,0.83,0.11,,False,-0.112,906,False,False,True,True,2.1796875,0.19,664,3.2,-4.3,-0.5,-9.8,-32.91,0.47,0.0,,False,0.174,691,False,False,False,True,2.23046875,0.14,498,-0.1,0.9,-1.8,-0.2,2.36,0.0,0.14,,False,0.003,965,False,False,True,True,
456010,아이씨티케이,6.921875,4.95,2271.0,15660.0,,3.720703125,3.2,203,121.1,-74.1,-6.2,-20.0,2.29,4.32,-0.06,,False,3.522,201,True,False,False,True,4.62109375,2.3,211,169.6,-57.9,-75.8,-11.5,-26.65,4.32,-0.97,,False,3.639,114,True,False,False,True,8.640625,-1.72,1735,-46.0,-15.0,91.3,-12.1,-35.42,3.51,0.39,20,True,-1.945,1704,True,False,False,False,8.2734375,-1.35,1791,-61.0,-0.2,61.0,-0.2,7.04,0.0,1.17,8,True,-2.542,1727,False,True,False,False,
456070,이엔셀,4.80859375,1.81,721.0,6540.0,,1.26953125,3.54,175,33.9,-2.9,-4.5,3.5,-58.5,1.01,0.54,,False,3.099,230,True,False,False,True,3.23046875,1.58,290,10.3,3.2,5.4,3.0,-57.78,0.25,0.23,,False,1.356,306,False,False,True,False,4.328125,0.48,470,4.7,0.5,-11.2,0.6,-28.05,0.0,-0.17,,False,0.613,373,False,False,True,True,4.73046875,0.08,642,0.1,-0.0,0.3,-0.0,-5.08,0.0,0.06,528,False,0.016,897,False,False,False,False,
456160,지투지바이오,8.296875,8.81,5205.0,31300.0,,1.900390625,6.4,61,798.5,-387.6,-364.2,-295.2,-59.77,1.27,-1.47,,False,8.098,33,True,True,False,True,4.4609375,3.84,102,297.1,239.5,-515.4,7.4,-56.89,0.51,-0.59,,False,4.518,74,False,False,True,True,7.4296875,0.87,279,85.9,-93.9,17.1,-24.5,-35.66,0.0,-0.62,528,False,1.564,130,False,False,False,False,7.6796875,0.62,82,16.2,5.5,-21.4,0.2,-0.95,0.0,0.32,,False,0.307,185,False,False,True,True,지속
457370,한켐,5.640625,0.92,564.0,6990.0,,0.97998046875,4.66,119,-2.6,-15.9,31.8,0.8,-24.02,0.44,0.52,,False,4.106,154,False,False,False,False,2.69921875,2.94,159,-15.9,-10.9,39.4,-1.3,-17.76,0.44,0.68,,False,2.233,204,False,False,False,False,5.26171875,0.38,520,-7.9,-6.0,18.0,-0.7,-48.15,0.0,-0.41,501,False,0.827,276,False,False,False,False,5.91015625,-0.27,1645,-2.0,-1.7,3.7,-0.5,-7.17,0.0,0.07,82,False,-0.34,1580,False,False,False,False,
457550,우진엔텍,4.5703125,2.65,1352.0,14510.0,,0.68017578125,3.89,158,66.4,3.8,-73.8,-1.4,-33.74,0.0,0.1,,False,3.992,161,False,False,True,True,0.39990234375,4.17,92,72.1,1.5,-73.6,-0.3,-45.96,0.0,0.25,,False,3.992,92,False,False,True,True,3.23046875,1.34,171,20.5,-1.2,-20.1,,-35.94,0.0,-0.16,,False,1.474,139,False,False,False,True,4.2109375,0.36,206,1.4,-0.7,-0.7,,-4.54,0.0,0.26,,False,0.105,548,False,False,False,True,지속
457600,벡트,4.859375,2.11,380.0,2775.0,,4.03125,0.83,581,2.5,0.0,-4.5,,18.34,0.0,-0.37,,False,0.954,569,False,False,False,True,4.69921875,0.16,641,0.2,0.0,-2.2,,21.98,0.0,-0.24,,False,0.178,640,False,False,False,True,4.828125,0.03,837,0.1,0.0,-1.4,,26.71,0.0,-0.05,,False,0.071,807,False,False,False,True,4.62109375,0.24,321,1.0,0.0,-2.2,,15.15,0.0,0.02,,False,0.294,203,False,False,False,True,
458350,에스팀,3.720703125,1.74,340.0,3915.0,,,,,-18.2,-147.3,299.5,-82.5,,,,,False,,,False,False,False,False,0.6201171875,3.1,149,11.4,-6.2,-5.8,-5.8,-58.79,0.0,-0.08,,False,3.018,147,False,False,False,True,2.279296875,1.44,149,3.8,-0.4,-3.8,-2.3,-22.17,0.0,0.09,,False,1.233,188,False,False,False,True,2.689453125,1.03,36,0.9,0.6,-1.5,-0.1,7.41,0.0,0.75,,False,0.284,219,False,False,True,True,지속
458650,성우,1.0595703125,0.55,1232.0,8190.0,,0.68017578125,0.38,738,4.7,25.2,-29.3,21.0,-24.17,0.0,-0.06,,False,0.465,768,False,False,True,True,0.60986328125,0.45,531,11.2,17.4,-28.5,16.1,-39.11,0.0,-0.08,,False,0.533,497,False,False,True,True,0.93994140625,0.12,726,1.7,2.9,-4.4,2.8,-28.16,0.0,-0.01,,False,0.139,731,False,False,True,True,1.0302734375,0.03,799,0.2,-0.2,-0.1,,2.25,0.0,0.01,,False,0.018,882,False,False,False,True,
458870,씨어스,4.66015625,28.84,11437.0,30050.0,,8.5,-3.84,1731,-698.1,186.2,465.6,41.4,-77.2,200.49,5.04,46,False,-10.371,1783,True,True,True,False,7.71875,-3.06,1732,-323.6,181.6,93.0,178.4,-30.52,0.0,-1.77,735,False,-1.439,1496,False,True,True,False,6.76953125,-2.11,1766,-192.8,-20.7,203.0,10.7,-6.39,0.0,-0.8,104,False,-1.331,1654,False,False,False,False,4.80078125,-0.14,1499,-10.9,-18.7,24.6,-0.8,-7.54,0.0,-0.06,271,False,-0.087,1344,False,False,False,False,
459100,위츠,4.578125,1.2,546.0,4055.0,,4.98828125,-0.41,1267,-1.3,0.0,1.0,,-39.02,0.76,0.02,596,False,-0.411,1319,False,False,False,False,5.12890625,-0.55,1183,-4.3,-0.0,4.2,,-33.42,0.0,0.16,559,False,-0.723,1268,False,False,False,False,4.828125,-0.25,1352,-1.8,0.0,1.8,,-23.78,0.0,0.05,400,False,-0.308,1336,False,False,False,False,4.6484375,-0.07,1370,-0.8,0.0,0.8,,-1.7,0.0,0.07,333,False,-0.144,1434,False,False,False,False,
459510,나우로보틱스,2.140625,9.74,1577.0,12150.0,,1.0302734375,1.11,507,34.2,74.4,-55.2,5.2,-61.18,0.18,-0.85,,False,2.032,332,False,False,True,True,0.60986328125,1.53,296,47.6,-42.5,5.2,1.7,-45.39,0.0,-0.38,,False,1.972,235,False,False,False,False,1.1904296875,0.95,251,13.2,-1.0,-11.2,,-36.02,0.0,0.22,,False,0.783,294,False,False,False,True,1.7197265625,0.42,162,3.0,-0.2,-2.7,,-3.57,0.0,0.25,,False,0.175,365,False,False,False,True,
459550,알트,3.109375,0.55,266.0,1053.0,,0.330078125,2.78,239,1.3,-34.7,46.5,-10.7,-70.91,0.61,0.33,251,False,1.998,343,False,False,False,False,3.869140625,-0.76,1287,-12.1,-8.4,29.0,-3.7,-63.81,0.61,-0.22,165,False,-0.489,1159,False,False,False,False,1.8701171875,1.24,190,2.4,9.8,-11.8,,-36.95,0.0,0.54,,False,0.839,270,False,False,True,True,2.560546875,0.55,102,0.7,-0.0,-0.7,,-1.68,0.0,0.29,,False,0.263,239,False,False,False,True,
460470,아이빔테크놀로지,0.9599609375,1.53,423.0,2800.0,,1.8896484375,-0.93,1439,-6.0,0.4,5.2,0.4,-6.67,0.15,-0.25,510,False,-0.751,1439,False,False,True,False,3.380859375,-2.42,1681,-12.3,0.3,11.8,0.3,-21.13,0.0,-0.24,210,False,-2.214,1642,False,False,True,False,1.58984375,-0.63,1557,-2.1,0.0,2.3,0.0,-31.12,0.0,-0.18,327,False,-0.413,1412,False,False,False,False,0.81982421875,0.14,498,0.5,-0.0,-0.5,,0.0,0.0,0.03,,False,0.11,534,False,False,False,True,
460870,에스엠씨지,3.150390625,1.12,481.0,2395.0,,7.109375,-3.96,1734,-36.0,-55.5,86.8,-11.7,-31.57,0.63,0.46,20,True,-4.43,1746,False,False,False,False,4.91015625,-1.76,1578,-10.4,-17.8,27.0,-7.3,-31.38,0.0,-0.15,66,False,-1.621,1536,False,False,False,False,2.859375,0.29,576,-0.6,-2.4,2.4,-1.2,-2.24,0.0,0.42,273,False,-0.148,1187,False,False,False,False,3.220703125,-0.07,1370,0.1,-0.0,-0.0,-0.0,6.21,0.0,-0.1,,False,0.03,820,False,False,False,False,
460930,현대힘스,2.830078125,1.7,4311.0,12140.0,,2.490234375,0.34,751,-360.2,51.7,284.8,6.1,-37.74,0.0,4.77,138,False,-4.431,1747,False,True,True,False,0.759765625,2.07,231,69.8,-147.5,59.8,8.9,-35.08,0.0,0.16,549,False,1.91,244,False,False,False,False,2.5390625,0.29,576,-5.9,11.5,-7.2,-0.0,-17.64,0.0,0.33,,False,-0.031,1032,False,False,True,True,2.30078125,0.53,111,-16.4,-0.0,16.1,,10.26,0.0,0.9,160,False,-0.371,1593,False,False,False,False,
460940,피앤에스로보틱스,1.7197265625,1.35,591.0,4395.0,,0.64990234375,1.07,523,-10.0,-5.7,13.6,-3.2,-62.53,1.51,1.11,604,False,-0.104,1142,True,True,False,False,3.650390625,-1.93,1611,-30.1,-2.1,29.3,-0.6,-46.34,1.51,0.27,233,False,-2.144,1632,True,False,False,False,2.08984375,-0.37,1428,-3.8,-0.4,2.9,-0.5,-21.66,0.0,-0.0,418,False,-0.407,1407,False,False,False,False,1.8798828125,-0.16,1524,-1.1,0.0,0.4,,8.25,0.0,0.04,435,False,-0.2,1501,False,False,False,False,
461030,아이엠비디엑스,6.03125,1.77,457.0,3185.0,,3.1796875,2.85,230,27.0,-6.6,-18.0,-0.1,-66.22,2.26,0.17,,False,2.795,259,True,False,False,True,5.37890625,0.65,464,3.8,-1.4,-1.9,-0.1,-57.19,0.0,-0.03,,False,0.66,453,False,False,False,True,5.80859375,0.22,630,1.3,-0.1,-0.9,-0.1,-27.61,0.0,-0.07,,False,0.276,580,False,False,False,True,5.96875,0.06,693,-0.1,0.0,0.1,,-7.68,0.0,0.09,579,False,-0.025,1167,False,False,False,False,
461300,아이스크림미디어,5.80859375,0.97,2081.0,15620.0,,5.0,0.81,589,17.2,-55.6,35.4,-35.0,7.72,0.19,0.31,323,False,0.679,685,False,False,False,False,3.76953125,2.04,233,43.4,-91.5,46.2,-62.0,-2.98,0.16,0.32,213,False,1.93,241,False,False,False,False,5.30078125,0.51,447,10.5,-33.2,24.2,-14.0,-10.18,0.0,0.25,143,False,0.459,461,False,False,False,False,6.01953125,-0.21,1588,-0.6,-3.3,1.9,-0.0,-0.57,0.0,-0.18,409,False,-0.027,1178,False,False,False,False,지속
462310,뉴키즈온,1.16015625,0.62,284.0,3465.0,,1.2197265625,-0.06,1101,0.6,13.7,-13.9,-0.5,-29.07,0.0,-0.39,,False,0.173,931,False,False,True,True,1.9697265625,-0.81,1312,-3.1,17.8,-15.1,,-23.09,0.0,-0.01,,False,-0.947,1363,False,False,True,True,1.3701171875,-0.21,1309,-0.6,4.7,-4.2,,1.91,0.0,-0.05,,False,-0.202,1251,False,False,True,True,1.169921875,-0.01,1155,-0.0,1.1,-1.1,,3.12,0.0,-0.01,,False,0.001,974,False,False,True,True,
462350,이노스페이스,3.279296875,3.78,2258.0,6710.0,,4.5390625,-1.26,1514,-68.1,-194.4,270.6,-9.2,-70.83,63.19,0.9,28,False,-0.748,1438,True,False,False,False,3.740234375,-0.46,1141,-21.2,-177.9,201.3,15.1,-59.46,62.3,1.36,11,True,-0.659,1239,True,True,False,False,3.259765625,0.02,855,-11.7,-135.1,150.6,-25.4,-54.66,60.13,1.45,3,True,-0.323,1346,True,True,False,False,3.44921875,-0.17,1542,-4.2,-11.8,17.8,-3.0,-1.18,0.0,0.03,62,False,-0.201,1502,False,False,False,False,
462510,라메디텍,1.48046875,3.0,253.0,2875.0,,0.93017578125,0.55,682,-0.5,1.0,-2.2,-0.2,-54.94,0.0,0.32,,False,0.229,888,False,False,True,True,1.599609375,-0.12,943,-2.0,0.4,0.3,,-44.07,0.0,0.13,,False,-0.238,990,False,False,True,False,1.5595703125,-0.08,1161,-0.5,0.0,-0.6,,-9.02,0.0,-0.02,,False,-0.078,1114,False,False,False,True,1.51953125,-0.04,1301,-0.1,-0.0,0.2,,6.68,0.0,-0.0,455,False,-0.037,1205,False,False,False,False,스파이크
462860,더즌,2.5390625,1.85,1356.0,1890.0,,2.359375,0.18,839,-14.0,-0.2,-12.7,0.8,-50.46,-0.12,-0.52,,False,0.479,764,False,False,False,True,1.2900390625,1.25,335,23.9,0.7,-42.4,-0.1,-51.23,-0.12,-0.54,,False,1.488,285,False,False,True,True,1.66015625,0.88,276,12.4,1.2,-15.1,0.3,-26.89,0.0,-0.07,,False,0.848,265,False,False,True,True,2.310546875,0.23,333,2.9,0.2,-3.2,,1.72,0.0,0.02,,False,0.207,308,False,False,True,True,
462980,아이지넷,2.349609375,1.14,253.0,1385.0,,3.5,-1.15,1495,-2.3,1.1,-6.0,-0.1,-31.44,0.0,0.08,,False,-1.205,1550,False,False,True,True,5.828125,-3.48,1745,-12.1,-0.5,3.8,,-44.04,0.0,0.01,695,False,-3.484,1718,False,False,False,False,1.9599609375,0.39,513,1.0,-0.8,-2.0,,-8.03,0.0,0.05,,False,0.377,504,False,False,False,True,2.30078125,0.05,725,0.2,0.0,0.0,,0.36,0.0,0.05,,False,0.077,642,False,False,False,False,스파이크
463020,뉴엔AI,0.8798828125,1.0,533.0,6000.0,,1.830078125,-0.95,1444,-27.5,40.4,-14.4,-1.2,-61.39,0.0,0.55,,False,-1.592,1612,False,False,True,True,1.1796875,-0.3,1066,-10.4,19.3,-9.6,-0.5,-60.37,0.0,0.21,,False,-0.544,1185,False,False,True,True,0.9599609375,-0.08,1161,-1.7,15.3,-13.7,-0.4,-42.64,0.0,-0.16,,False,0.042,849,False,False,True,True,0.509765625,0.37,199,1.6,0.0,-1.7,,0.17,0.0,0.07,,False,0.298,196,False,False,False,True,스파이크
463480,모티브링크,1.33984375,1.46,536.0,4325.0,,1.3896484375,-0.05,1096,4.5,-0.2,-3.8,,-52.99,0.0,-0.73,,False,0.662,689,False,False,False,True,1.6103515625,-0.27,1044,-1.7,0.0,3.3,,-43.24,0.0,-0.16,704,False,-0.121,913,False,False,False,False,1.099609375,0.24,616,1.4,-0.0,-0.9,,-25.69,0.0,-0.05,,False,0.311,554,False,False,False,True,1.169921875,0.17,434,0.6,-0.0,-0.6,,4.22,0.0,0.07,,False,0.106,545,False,False,False,True,스파이크
464080,에스오에스랩,1.169921875,5.3,1412.0,7870.0,,2.609375,-1.44,1552,-237.3,86.1,140.7,-6.0,-64.47,0.84,4.27,213,False,-5.812,1763,False,True,True,False,4.01953125,-2.85,1718,-93.4,48.1,47.5,-1.0,-51.6,0.0,0.15,423,False,-2.948,1693,False,False,True,False,1.669921875,-0.5,1494,-12.4,-2.6,18.8,,-43.66,0.0,0.33,185,False,-0.603,1491,False,False,False,False,0.97021484375,0.2,382,-0.9,0.1,0.8,,-11.27,0.0,0.27,458,False,-0.071,1305,False,False,True,False,
464280,티디에스팜,2.94921875,0.72,322.0,5820.0,,3.060546875,-0.11,1124,1.2,-1.0,-3.5,0.5,-38.02,0.0,-0.86,,False,0.189,917,False,False,False,True,3.30078125,-0.35,1094,-2.6,0.4,0.6,0.4,-33.26,0.0,-0.13,,False,-0.472,1144,False,False,True,False,2.5703125,0.38,520,1.1,-0.2,-1.3,-0.2,-16.86,0.0,-0.12,,False,0.357,517,False,False,False,True,2.689453125,0.26,305,0.4,-0.0,-0.5,,1.57,0.0,0.1,,False,0.133,469,False,False,False,True,
464490,쿼드메디슨,4.51171875,2.21,689.0,6000.0,,0.75,3.76,166,21.8,-38.7,82.3,-10.7,-54.58,1.24,0.77,214,False,3.246,218,True,False,False,False,2.33984375,2.17,217,16.2,-10.3,-5.4,1.3,-56.04,0.0,0.03,,False,2.187,208,False,False,False,True,3.359375,1.15,205,8.1,-5.4,-1.5,-4.6,-23.76,0.0,0.02,,False,1.148,200,False,False,False,True,4.62109375,-0.11,1463,-0.9,-0.5,1.4,-0.5,12.36,0.0,0.03,256,False,-0.139,1427,False,False,False,False,
464500,아이언디바이스,4.98046875,0.96,255.0,1825.0,,3.759765625,1.22,477,8.0,-0.1,-8.7,-0.2,-42.25,0.21,-0.45,,False,1.474,433,False,False,False,True,4.44921875,0.53,511,4.7,-0.0,-4.6,-0.0,-50.07,0.0,0.04,,False,0.504,505,False,False,False,True,5.5,-0.52,1508,-1.1,-0.0,1.2,,-25.2,0.0,-0.2,390,False,-0.303,1334,False,False,False,False,4.828125,0.15,475,0.2,0.0,-0.3,,0.72,0.0,0.07,,False,0.084,615,False,False,False,True,
464580,닷밀,1.8701171875,0.8,273.0,1485.0,,2.939453125,-1.07,1475,-4.7,-0.3,4.5,-0.1,-39.88,0.0,-0.17,452,False,-0.971,1500,False,False,False,False,2.30078125,-0.43,1129,-2.0,-0.1,2.2,-0.0,-29.62,0.0,-0.01,630,False,-0.464,1138,False,False,False,False,1.599609375,0.27,589,0.5,-0.0,-0.4,-0.0,-16.57,0.0,-0.04,,False,0.248,604,False,False,False,True,2.0,-0.13,1489,-0.4,-0.0,0.4,-0.0,12.24,0.0,0.02,314,False,-0.15,1439,False,False,False,False,
465320,교보15호스팩,0.1600341796875,0.0,89.0,2335.0,,0.1600341796875,0.0,987,,,,,0.0,0.0,0.0,,False,,,False,False,False,False,0.1600341796875,0.0,771,,,,,0.0,0.0,0.0,,False,,,False,False,False,False,0.1600341796875,0.0,913,,,,,0.0,0.0,0.0,,False,,,False,False,False,False,0.1600341796875,0.0,908,,,,,0.0,0.0,0.0,,False,,,False,False,False,False,
465480,인스피언,1.580078125,0.63,355.0,3500.0,,1.0302734375,0.55,682,-0.2,29.7,-28.6,-0.2,-28.43,0.0,0.03,,False,0.529,737,False,False,True,True,1.9697265625,-0.39,1112,-4.7,14.7,-10.1,-0.8,-43.73,0.0,-0.09,,False,-0.324,1046,False,False,True,True,1.33984375,0.24,616,0.9,0.0,-0.9,,-18.22,0.0,-0.05,,False,0.294,571,False,False,False,True,1.4501953125,0.13,520,0.3,0.0,-0.3,,-0.57,0.0,0.04,,False,0.086,610,False,False,False,True,
466100,클로봇,7.05078125,10.23,5957.0,23400.0,,1.91015625,5.14,102,1019.7,915.2,-1542.1,-34.2,-62.62,1.87,-2.44,,False,7.854,38,True,True,True,True,5.03125,2.02,237,219.8,13.9,156.3,-13.6,-49.35,1.87,-0.59,873,False,2.778,168,True,False,True,False,5.2109375,1.84,100,122.3,37.5,-160.3,1.0,-36.41,0.0,0.19,,False,1.656,117,False,False,True,True,6.30859375,0.74,62,15.4,0.9,-13.2,-0.1,-6.96,0.0,0.51,,False,0.234,273,False,False,True,True,
466410,사이냅소프트,2.400390625,0.54,390.0,7750.0,,2.55078125,-0.15,1152,-3.2,-10.1,13.1,-7.3,-38.93,0.0,-0.03,295,False,-0.216,1220,False,False,False,False,1.2900390625,1.11,362,-0.9,-2.8,3.1,-1.6,-37.2,0.0,0.94,670,False,0.051,707,False,False,False,False,1.759765625,0.64,365,2.6,-1.1,-1.8,-0.4,-15.58,0.0,-0.08,,False,0.668,342,False,False,False,True,2.23046875,0.17,434,0.8,-0.6,-0.2,-0.5,-6.63,0.0,-0.04,,False,0.205,312,False,False,False,True,
466690,키움히어로제1호스팩,0.31005859375,0.0,102.0,2000.0,,0.7001953125,-0.39,1255,-0.4,14.5,-14.8,10.2,0.5,0.0,-0.0,,False,-0.36,1289,False,False,True,True,0.280029296875,0.03,721,0.0,3.9,-4.6,3.1,-2.91,0.0,-0.0,,False,0.032,732,False,False,True,True,0.320068359375,-0.01,1065,-0.0,0.9,-1.0,1.1,-0.74,0.0,-0.01,,False,-0.003,966,False,False,True,True,0.31005859375,0.0,908,0.0,-0.4,0.4,-0.4,-0.25,0.0,0.0,159,False,0.0,986,False,False,False,False,
467930,IBKS제23호스팩,0.1199951171875,0.0,89.0,2110.0,,0.01000213623046875,0.11,881,0.0,1.7,-5.3,5.0,-7.05,0.0,0.13,,False,0.01,1070,False,False,True,True,0.040008544921875,0.08,678,-0.0,0.0,-3.3,1.0,-4.95,0.0,0.12,,False,-0.021,825,False,False,False,True,0.029998779296875,0.09,754,-0.0,-0.8,-1.9,0.7,0.24,0.0,0.12,,False,-0.011,982,False,False,False,True,0.1199951171875,0.0,908,-0.1,0.7,-2.3,1.1,0.24,0.0,0.12,,False,-0.099,1369,False,False,True,True,
468530,프로티나,5.12890625,9.29,2659.0,24100.0,,1.240234375,3.89,158,261.5,-522.7,216.2,-180.6,-72.49,0.88,-1.55,352,False,5.606,83,False,True,False,False,3.23046875,1.9,251,146.3,-73.4,-81.5,-28.5,-62.17,0.88,-1.34,,False,3.335,127,False,True,False,True,6.140625,-1.01,1654,-4.0,0.1,1.9,0.1,-33.43,0.0,-1.0,,False,-0.021,1006,False,True,True,False,6.01171875,-0.88,1770,-11.1,-0.8,10.4,-0.4,2.99,0.0,-0.5,162,False,-0.388,1599,False,False,False,False,
468760,유진스팩10호,0.04998779296875,0.0,88.0,2080.0,,0.0,0.05,929,0.1,2.2,-3.2,2.4,-1.65,0.0,-0.01,,False,0.065,996,False,False,True,True,0.0,0.05,701,0.0,2.7,-3.4,1.7,-0.72,0.0,0.01,,False,0.041,720,False,False,True,True,0.029998779296875,0.02,855,-0.0,-0.0,-0.0,0.5,0.0,0.0,0.05,,False,-0.03,1029,False,False,False,False,0.04998779296875,0.0,908,,,,,0.0,0.0,0.0,,False,,,False,False,False,False,
469480,IBKS제24호스팩,0.830078125,0.0,90.0,2130.0,,0.0,0.83,581,0.8,2.9,-3.6,3.0,-4.91,0.0,-0.02,,False,0.855,609,False,False,True,True,0.0,0.83,411,0.8,2.8,-3.5,-0.3,-0.93,0.0,-0.16,,False,0.851,402,False,False,True,True,0.58984375,0.24,616,0.1,0.9,-1.0,0.1,-6.58,0.0,0.08,,False,0.164,703,False,False,True,True,0.830078125,0.0,908,,,,,0.0,0.0,0.0,,False,,,False,False,False,False,
469610,이노테크,1.150390625,1.88,1172.0,13100.0,,0.449951171875,0.7,621,-9.0,-72.4,77.6,-15.4,-48.02,0.74,0.43,144,False,0.234,884,False,False,False,False,3.439453125,-2.29,1662,-45.7,24.3,15.7,22.4,-41.26,0.09,-0.65,351,False,-1.7,1558,False,False,True,False,0.9599609375,0.19,664,-1.5,-3.8,5.0,-4.3,-14.04,0.0,0.11,442,False,0.063,823,False,False,False,False,0.68994140625,0.46,145,2.5,0.7,-3.1,-0.0,-1.06,0.0,0.26,,False,0.203,317,False,False,True,True,
469750,아이비젼웍스,2.75,0.62,226.0,655.0,,2.4609375,0.29,777,-4.6,5.5,-7.0,-0.1,-51.7,0.0,0.25,,False,0.037,1026,False,False,True,True,3.80078125,-1.05,1399,-6.7,5.7,-4.3,-0.0,-48.71,0.0,-0.04,,False,-0.951,1366,False,False,True,True,1.919921875,0.83,287,1.9,0.3,-3.5,-0.0,-43.04,0.0,0.09,,False,0.783,294,False,False,True,True,2.55078125,0.2,382,0.3,-0.0,-0.8,,5.48,0.0,0.04,,False,0.144,444,False,False,False,True,스파이크
469880,하나30호스팩,0.320068359375,0.0,155.0,2115.0,,0.2900390625,0.03,953,0.0,-7.7,6.1,3.4,1.68,0.0,0.01,154,False,0.025,1046,False,False,False,False,0.300048828125,0.02,733,0.0,-10.4,7.6,-1.7,1.68,0.0,0.03,48,False,0.008,787,False,False,False,False,0.43994140625,-0.12,1208,-0.2,-11.0,8.6,-1.5,0.48,0.0,0.01,6,True,-0.112,1148,False,False,False,False,0.320068359375,0.0,908,0.0,-1.4,1.4,0.0,0.48,0.0,0.0,49,False,0.0,986,False,False,False,False,
469900,하나31호스팩,0.409912109375,0.0,117.0,2080.0,,0.3798828125,0.03,953,0.0,2.4,-2.7,3.8,0.73,0.0,0.08,,False,0.026,1045,False,False,True,True,0.39990234375,0.01,753,0.0,-0.7,0.7,-0.0,0.97,0.0,0.07,596,False,0.01,784,False,False,False,False,0.39990234375,0.01,883,0.0,-1.3,1.2,-0.5,0.0,0.0,0.0,159,False,0.007,917,False,False,False,False,0.409912109375,0.0,908,0.0,-0.4,0.4,-0.4,0.24,0.0,0.0,183,False,0.0,986,False,False,False,False,
471050,대신밸런스제17호스팩,0.1600341796875,0.0,127.0,2095.0,,0.1199951171875,0.04,938,0.0,5.8,-6.7,8.9,-4.12,0.0,-0.06,,False,0.036,1031,False,False,True,True,0.0999755859375,0.06,692,0.1,3.9,-4.9,5.9,-0.95,0.0,-0.08,,False,0.077,688,False,False,True,True,0.09002685546875,0.07,777,0.0,0.9,-1.8,1.8,0.0,0.0,-0.02,,False,0.022,885,False,False,True,True,0.1600341796875,0.0,908,-0.0,0.1,-0.7,0.1,0.24,0.0,-0.08,,False,-0.0,986,False,False,True,True,
471820,셀로맥스사이언스,0.60009765625,1.02,484.0,4280.0,,0.72998046875,-0.13,1136,-1.2,8.6,-8.6,0.1,-31.63,-2.4,0.06,,False,-0.214,1218,True,False,True,True,1.6201171875,-1.02,1391,-6.1,10.1,-5.0,0.1,-17.37,0.0,0.1,,False,-1.078,1404,False,False,True,True,0.47998046875,0.12,726,0.5,-0.2,-1.5,-0.2,-8.64,0.0,0.02,,False,0.104,773,False,False,False,True,0.56005859375,0.04,763,0.1,0.0,-0.1,,1.9,0.0,0.02,,False,0.02,870,False,False,False,True,스파이크
472220,신영스팩10호,0.0,0.0,98.0,2095.0,,0.0,0.0,987,0.0,0.5,-1.2,0.6,-5.63,0.0,-0.18,,False,0.001,1076,False,False,True,True,0.0,0.0,771,0.0,1.1,-1.2,-0.3,-2.33,0.0,-0.18,,False,0.004,792,False,False,True,True,0.0,0.0,913,0.0,1.0,-1.2,0.6,0.0,0.0,-0.18,,False,0.004,934,False,False,True,True,0.0,0.0,908,0.0,0.5,-0.7,0.2,0.48,0.0,-0.18,,False,0.0,986,False,False,True,True,
472230,에스케이증권제11호스팩,0.4599609375,0.0,86.0,2080.0,,0.429931640625,0.03,953,0.0,-1.1,1.0,0.1,1.46,0.0,0.03,410,False,0.034,1035,False,False,False,False,0.429931640625,0.03,721,0.0,-1.4,1.1,-0.4,1.22,0.0,-0.0,401,False,0.032,732,False,False,False,False,0.429931640625,0.03,837,0.0,-1.2,0.9,-0.0,0.24,0.0,-0.0,165,False,0.031,866,False,False,False,False,0.43994140625,0.02,827,0.0,-0.0,-0.1,-0.0,0.48,0.0,-0.0,,False,0.025,850,False,False,False,True,
472850,폰드그룹,0.740234375,0.91,2139.0,3715.0,,0.07000732421875,0.67,635,2.8,-0.4,-1.5,2.4,-25.63,78.0,0.6,,False,0.211,903,True,False,False,True,0.8798828125,-0.14,959,-2.9,0.7,6.5,2.8,-33.3,0.0,-0.09,840,False,-0.021,825,False,False,True,False,0.43994140625,0.3,571,6.4,13.1,-14.1,3.6,-22.2,0.0,0.03,,False,0.303,560,False,False,True,True,0.580078125,0.16,457,2.1,-0.0,-1.2,,0.41,0.0,0.09,,False,0.098,571,False,False,False,True,
473000,에스케이증권제12호스팩,0.3798828125,0.0,68.0,2050.0,,0.360107421875,0.02,963,0.0,3.0,-3.1,0.9,0.0,0.0,0.0,,False,0.017,1059,False,False,True,True,0.360107421875,0.02,733,0.0,1.9,-1.9,0.4,0.0,0.0,0.01,,False,0.013,775,False,False,True,True,0.360107421875,0.02,855,0.0,1.4,-1.4,0.5,-1.2,0.0,0.01,,False,0.013,897,False,False,True,True,0.3798828125,0.0,908,-0.0,0.0,-0.0,0.0,-0.24,0.0,0.0,,False,-0.0,986,False,False,False,False,
473050,유안타제15호스팩,0.1099853515625,0.0,146.0,2085.0,,0.05999755859375,0.05,929,0.1,-5.1,5.0,-0.6,1.46,0.0,-0.0,180,False,0.053,1008,False,False,False,False,0.0999755859375,0.01,753,0.0,-3.3,2.8,-0.9,1.21,0.0,-0.0,259,False,0.01,784,False,False,False,False,0.1099853515625,0.0,913,-0.0,-1.7,1.2,-1.3,0.24,0.0,0.02,200,False,-0.02,1001,False,False,False,False,0.1099853515625,0.0,908,-0.0,-0.4,0.4,-0.4,0.48,0.0,0.01,225,False,-0.01,1086,False,False,False,False,
473950,에스케이증권제13호스팩,0.3798828125,0.0,90.0,2030.0,,0.320068359375,0.06,920,0.1,3.4,-3.8,1.2,0.25,0.0,0.0,,False,0.062,999,False,False,True,True,0.35009765625,0.03,721,0.0,2.5,-2.6,1.2,-0.25,0.0,0.0,,False,0.029,740,False,False,True,True,0.3798828125,0.0,913,0.0,1.7,-1.8,0.8,-1.22,0.0,-0.01,,False,0.006,923,False,False,True,True,0.3798828125,0.0,908,-0.0,-0.0,-0.1,-0.0,0.0,0.0,0.0,,False,-0.0,986,False,False,False,True,
473980,노머스,2.990234375,1.22,1275.0,11530.0,,1.83984375,1.15,495,7.5,13.0,-32.6,87.1,-53.69,0.53,0.59,,False,0.644,695,False,False,True,True,2.6796875,0.31,580,2.1,45.4,-63.1,30.4,-39.19,0.02,-0.33,,False,0.65,456,False,False,True,True,3.109375,-0.12,1208,3.5,11.0,-27.9,-8.6,-10.13,0.0,-0.59,,False,0.47,458,False,False,True,True,3.7109375,-0.72,1758,-3.4,7.0,-3.4,-0.2,0.35,0.0,-0.44,,False,-0.275,1543,False,False,True,True,
474170,루미르,4.51953125,1.8,1103.0,6190.0,,1.08984375,3.43,183,33.1,-14.2,76.8,-29.7,-50.4,0.0,0.05,644,False,3.432,210,False,False,False,False,4.41015625,0.11,659,-12.0,-5.2,37.2,-7.0,-57.28,0.0,0.01,462,False,0.111,674,False,False,False,False,3.220703125,1.3,183,19.7,-3.0,-15.9,,-35.39,0.0,-0.08,,False,1.383,155,False,False,False,True,4.3984375,0.12,543,1.4,0.0,-1.1,,-6.64,0.0,0.0,,False,0.118,512,False,False,False,True,
474490,유안타제16호스팩,0.280029296875,0.0,113.0,2055.0,,0.27001953125,0.01,978,0.0,-5.1,4.9,-2.3,0.98,0.0,-0.01,140,False,0.025,1046,False,False,False,False,0.27001953125,0.01,753,0.0,-2.9,2.9,-0.9,0.49,0.0,0.01,178,False,0.004,792,False,False,False,False,0.280029296875,0.0,913,0.0,-1.3,1.3,-0.6,-0.24,0.0,0.0,147,False,0.0,948,False,False,False,False,0.280029296875,0.0,908,0.0,-0.1,0.1,-0.1,0.24,0.0,0.0,441,False,0.0,986,False,False,False,False,
474610,RF시스템즈,8.4765625,1.58,850.0,5900.0,,8.3203125,0.16,853,-40.1,-109.4,144.2,4.0,5.36,7.35,0.78,47,False,-0.099,1136,True,False,False,False,3.4296875,5.05,56,78.3,2.8,-70.8,8.5,-55.34,0.75,-0.17,,False,5.366,49,False,False,True,True,9.5078125,-1.03,1660,-13.9,3.3,14.0,2.7,-38.8,0.75,-0.82,563,False,-0.042,1049,False,False,True,False,7.87109375,0.61,86,2.4,-0.1,-1.7,0.0,-1.83,0.0,0.33,,False,0.279,223,False,False,False,True,지속
474650,링크솔루션,7.7109375,3.23,1263.0,21950.0,,2.19921875,5.51,87,90.7,-54.2,-15.7,-21.9,-67.86,2.28,1.26,,False,4.827,118,True,True,False,True,3.7109375,4.0,96,59.8,6.7,-64.4,-10.1,-64.08,0.19,0.23,,False,3.808,101,False,False,True,True,4.5,3.21,43,52.5,-2.0,-50.3,-1.4,-48.71,0.03,0.28,,False,2.936,44,False,False,False,True,6.66015625,1.05,33,3.9,-1.3,-2.9,-0.3,-8.73,0.0,0.77,,False,0.284,219,False,False,False,True,
474660,신한제12호스팩,1.0,0.0,113.0,2055.0,,0.919921875,0.08,905,0.1,-2.6,2.7,3.6,-2.14,0.0,-0.04,263,False,0.076,988,False,False,False,False,0.93994140625,0.06,692,0.1,-2.2,2.0,2.9,0.49,0.0,-0.04,284,False,0.053,705,False,False,False,False,0.9501953125,0.05,805,0.0,1.0,-1.2,1.3,-0.48,0.0,-0.05,,False,0.042,849,False,False,True,True,0.9599609375,0.04,763,0.0,-0.1,-0.0,-0.1,0.0,0.0,-0.05,,False,0.033,803,False,False,False,False,지속
474930,신한제13호스팩,24.3125,0.0,75.0,2085.0,,24.46875,-0.16,1157,-0.1,2.9,-3.0,2.9,-3.47,0.0,-0.01,,False,-0.15,1170,False,False,True,True,24.328125,-0.02,874,-0.0,2.6,-2.6,2.4,-1.88,0.0,-0.0,,False,-0.015,823,False,False,True,True,24.3125,0.0,913,-0.0,1.0,-1.0,1.5,0.0,0.0,0.0,,False,-0.002,962,False,False,True,True,24.34375,-0.03,1262,-0.0,-0.5,0.5,-0.2,-0.24,0.0,-0.01,78,False,-0.023,1158,False,False,False,False,
475040,스트라드비젼,0.219970703125,6.01,1755.0,3295.0,,,,,-92.1,-256.4,468.2,-126.4,,,,,False,,,False,False,False,False,,,,-92.1,-256.4,468.2,-126.4,,,,,False,,,False,False,False,False,,,,-92.1,-256.4,468.2,-126.4,,,,,False,,,False,False,False,False,0.0,0.22,348,-5.8,-2.7,9.0,0.4,-26.7,0.0,0.56,140,False,-0.253,1533,False,False,False,False,
475230,엔알비,10.578125,0.89,789.0,7240.0,,3.94921875,6.63,59,108.9,-35.2,23.6,-14.5,-57.93,3.7,0.1,267,False,6.791,54,True,False,False,False,7.05859375,3.52,119,43.2,-54.8,10.0,-19.0,-65.11,0.67,-0.17,226,False,3.711,107,False,False,False,False,9.2578125,1.32,174,7.3,-29.0,21.2,0.0,-28.81,0.0,0.21,41,False,1.032,222,False,False,False,False,10.90625,-0.33,1678,-3.6,-0.3,3.8,,6.63,0.0,0.14,115,False,-0.463,1620,False,False,False,False,지속
475240,하나32호스팩,1.8603515625,0.0,67.0,2085.0,,1.8603515625,0.0,987,0.0,2.0,-2.0,1.4,-1.65,0.0,0.03,,False,0.002,1075,False,False,True,True,1.8603515625,0.0,771,0.0,2.2,-2.2,1.0,-0.71,0.0,0.01,,False,0.003,794,False,False,True,True,1.8701171875,-0.01,1065,-0.0,1.1,-1.0,0.7,0.0,0.0,0.02,,False,-0.025,1016,False,False,True,True,1.8603515625,0.0,908,0.0,-0.1,0.1,-0.1,-0.24,0.0,0.0,318,False,0.0,986,False,False,False,False,
475250,하나33호스팩,0.52978515625,0.0,76.0,2065.0,,0.509765625,0.02,963,0.0,1.4,-1.5,2.1,-1.2,0.0,-0.01,,False,0.03,1040,False,False,True,True,0.52978515625,0.0,771,0.0,1.0,-1.0,0.7,-1.43,0.0,0.0,,False,-0.0,803,False,False,True,True,0.52978515625,0.0,913,0.0,0.3,-0.3,0.2,-0.48,0.0,0.0,,False,0.0,948,False,False,True,True,0.52978515625,0.0,908,0.0,-0.2,0.1,-0.1,-0.24,0.0,0.0,291,False,0.0,986,False,False,False,False,
475400,씨메스로보틱스,2.91015625,3.06,1819.0,15410.0,,2.189453125,0.72,615,4.2,100.7,-60.6,-6.0,-57.61,0.9,0.54,705,False,0.225,890,False,False,True,True,2.73046875,0.18,634,-5.7,-87.1,94.7,-6.5,-50.53,0.43,-0.06,176,False,0.267,590,False,False,False,False,1.8701171875,1.04,228,20.3,-16.3,-4.1,-1.2,-37.48,0.43,0.04,,False,1.006,225,False,False,False,True,2.5,0.41,166,6.2,-5.5,-0.1,-1.0,-4.76,0.0,0.09,,False,0.321,165,False,False,False,True,
475430,키스트론,3.01953125,0.39,745.0,4175.0,,1.8798828125,1.14,498,-9.0,-0.7,-34.2,-1.3,-7.94,0.0,1.08,,False,0.084,984,False,True,False,True,2.259765625,0.76,428,-13.8,-0.4,14.5,-1.1,-11.73,0.0,1.28,643,False,-0.493,1161,False,True,False,False,2.0703125,0.95,251,-6.2,1.2,5.5,0.1,-8.74,0.0,0.99,,False,-0.094,1132,False,False,True,False,3.720703125,-0.7,1750,-12.6,1.2,11.3,0.1,-0.48,0.0,0.83,29,False,-1.547,1715,False,False,True,False,
475460,미트박스,4.12109375,0.85,319.0,5650.0,,4.25,-0.13,1136,2.9,-0.0,-19.2,,-31.35,0.6,-0.71,,False,0.61,707,False,False,False,True,5.9296875,-1.81,1593,-5.8,-0.0,-0.7,,-29.02,0.6,-0.37,,False,-1.398,1484,False,False,False,True,4.41015625,-0.29,1379,-0.5,-0.0,-2.9,,-12.94,0.0,-0.16,,False,-0.126,1169,False,False,False,True,3.91015625,0.21,368,0.8,-0.0,-3.1,,1.8,0.0,-0.04,,False,0.251,250,False,False,False,True,스파이크
475580,에이럭스,2.16015625,2.08,965.0,7080.0,,3.08984375,-0.93,1439,-8.8,-16.4,66.7,4.0,-31.92,0.0,0.11,152,False,-0.948,1493,False,False,False,False,4.98046875,-2.82,1717,-52.5,-9.7,67.4,-3.9,-45.66,0.0,1.08,62,False,-3.78,1727,False,True,False,False,3.05078125,-0.89,1637,-10.7,0.1,11.5,0.2,-18.06,0.0,0.1,166,False,-0.93,1597,False,False,True,False,2.029296875,0.13,520,0.4,0.0,-0.4,,1.87,0.0,0.09,,False,0.039,781,False,False,False,True,
475660,에스켐,2.19921875,0.75,272.0,3430.0,,2.630859375,-0.43,1276,-2.6,-13.7,9.6,-4.4,-34.54,0.0,-0.04,246,False,-0.574,1386,False,False,False,False,2.4609375,-0.26,1036,-1.5,-8.2,4.4,-0.5,-38.31,0.0,0.2,350,False,-0.488,1156,False,False,False,False,2.740234375,-0.54,1522,-1.5,-3.0,2.8,,-17.65,0.0,-0.04,171,False,-0.499,1443,False,False,False,False,2.279296875,-0.08,1395,-0.1,-0.0,0.4,,0.29,0.0,0.06,332,False,-0.054,1268,False,False,False,False,
475830,오름테라퓨틱,7.3515625,7.36,9861.0,45400.0,,3.98046875,3.37,188,723.5,424.0,-1101.4,-103.3,-61.88,2.29,-0.72,,False,4.285,143,True,False,True,True,6.4296875,0.92,394,75.4,655.7,-701.9,-56.8,-48.35,2.29,0.43,,False,0.681,448,True,False,True,True,7.8984375,-0.55,1532,-28.6,104.1,-70.3,1.6,-28.73,0.96,-0.3,,False,-0.175,1220,False,False,True,True,7.421875,-0.07,1370,6.4,4.8,-11.3,-1.7,-1.94,0.0,-0.14,,False,0.068,671,False,False,True,True,
475960,토모큐브,2.560546875,12.62,4918.0,36750.0,,3.439453125,-0.88,1428,7.3,-70.3,70.3,-5.2,-20.45,0.46,-0.5,303,False,-0.369,1294,False,False,False,False,4.30859375,-1.75,1574,-109.5,-31.8,146.7,11.3,-35.3,0.0,-0.12,199,False,-1.593,1528,False,False,False,False,2.720703125,-0.16,1247,-11.7,1.3,12.0,1.0,-5.41,0.0,0.11,431,False,-0.245,1294,False,False,True,False,2.669921875,-0.11,1463,-11.1,-2.9,14.9,-2.2,16.11,0.0,0.12,189,False,-0.229,1519,False,False,False,False,
476040,오가노이드사이언스,8.03125,2.05,506.0,7690.0,,3.009765625,5.02,106,33.9,-69.5,35.4,-13.3,-76.77,0.09,-0.43,,False,5.473,90,False,False,False,False,3.76953125,4.26,87,29.9,-23.6,-7.8,-10.5,-67.76,0.0,-0.46,,False,4.706,68,False,False,False,True,6.671875,1.36,162,9.5,-0.2,-9.3,-0.1,-36.6,0.0,-0.19,,False,1.543,131,False,False,False,True,7.78125,0.25,311,0.7,-0.0,-0.7,-0.0,-1.28,0.0,0.1,,False,0.148,434,False,False,False,True,지속
476060,온코닉테라퓨틱스,2.220703125,8.96,6584.0,14500.0,,1.740234375,0.48,698,72.6,132.1,-102.0,22.7,-24.32,2.06,-0.1,,False,0.849,611,True,False,True,True,2.150390625,0.07,683,-173.1,62.2,144.4,9.2,-38.95,1.16,1.79,311,False,-1.459,1499,True,True,True,False,0.5,1.72,110,8.1,15.5,-9.6,-0.0,-10.66,0.0,1.68,,False,0.248,604,False,True,True,True,2.439453125,-0.22,1597,-84.3,11.6,73.0,0.6,33.27,0.0,1.15,36,False,-1.369,1710,False,True,True,False,
476080,M83,2.880859375,0.62,282.0,3490.0,,2.810546875,0.07,910,-3.9,-1.7,4.7,-0.0,-61.27,0.5,-0.89,,False,0.812,624,False,False,False,False,3.439453125,-0.56,1187,-11.9,-0.7,12.5,-0.0,-51.66,0.05,0.49,414,False,-1.074,1403,False,False,False,False,2.41015625,0.47,473,0.8,0.4,-1.4,-0.0,-28.85,0.0,0.06,,False,0.349,521,False,False,True,True,2.8203125,0.06,693,-0.1,-0.0,0.1,,0.29,0.0,0.1,542,False,-0.036,1198,False,False,False,False,스파이크
476830,알지노믹스,8.640625,14.93,4426.0,31550.0,,1.76953125,6.87,53,1642.9,-1663.6,3523.3,-697.8,-79.78,0.8,-0.5,12,True,7.402,42,False,False,False,False,4.26171875,4.38,82,935.4,-1897.3,1266.7,-681.3,-84.57,0.67,0.19,22,False,4.28,78,False,False,False,False,11.421875,-2.78,1788,-162.4,-289.4,456.3,-254.2,-68.92,0.67,-0.93,8,True,-1.745,1695,False,False,False,False,7.96875,0.67,72,22.7,-26.7,2.9,2.1,3.1,0.0,0.1,469,False,0.574,69,False,False,False,False,
477340,에이치엠씨제7호스팩,0.0,0.0,153.0,2040.0,,0.0,0.0,987,0.0,-6.0,5.5,-6.2,0.64,0.0,-0.01,168,False,0.016,1060,False,False,False,False,0.0,0.0,771,0.0,0.0,-0.1,-0.3,0.49,0.0,-0.0,,False,0.001,797,False,False,False,True,0.0,0.0,913,-0.0,-1.5,1.4,-1.2,-0.24,0.0,0.01,176,False,-0.012,985,False,False,False,False,0.0,0.0,908,-0.0,-0.6,0.5,-0.5,0.25,0.0,0.0,164,False,-0.002,1027,False,False,False,False,
477380,미래에셋비전스팩4호,0.409912109375,0.0,167.0,2060.0,,0.3701171875,0.04,938,0.1,-1.0,0.2,-0.0,-2.14,0.0,-0.0,671,False,0.031,1038,False,False,False,False,0.3701171875,0.04,712,0.1,1.2,-1.6,0.4,0.0,0.0,-0.02,,False,0.034,727,False,False,True,True,0.3798828125,0.03,837,0.0,0.6,-0.9,0.1,0.0,0.0,-0.02,,False,0.024,882,False,False,True,True,0.3798828125,0.03,799,0.0,-0.8,0.7,-0.4,-0.24,0.0,-0.02,137,False,0.023,857,False,False,False,False,지속
477470,미래에셋비전스팩5호,0.22998046875,0.0,115.0,2090.0,,0.199951171875,0.03,953,0.0,3.2,-3.2,4.2,-2.11,0.0,0.01,,False,0.029,1043,False,False,True,True,0.18994140625,0.04,712,0.0,3.7,-3.8,4.1,-0.95,0.0,-0.0,,False,0.044,718,False,False,True,True,0.2099609375,0.02,855,0.0,0.6,-0.6,0.5,-0.95,0.0,0.01,,False,0.014,893,False,False,True,True,0.22998046875,0.0,908,-0.0,-0.3,0.3,0.1,0.0,0.0,0.0,204,False,-0.0,986,False,False,False,False,지속
477760,DB금융스팩12호,0.1400146484375,0.0,120.0,2050.0,,0.1300048828125,0.01,978,0.0,2.4,-1.9,4.2,-6.82,0.0,0.01,,False,0.003,1073,False,False,True,True,0.1300048828125,0.01,753,0.0,5.4,-4.9,4.3,-8.07,0.0,-0.0,,False,0.011,780,False,False,True,True,0.1400146484375,0.0,913,-0.0,1.3,-1.3,1.1,-0.97,0.0,0.0,,False,-0.002,962,False,False,True,True,0.1400146484375,0.0,908,0.0,-0.0,-0.0,-0.0,0.0,0.0,0.0,,False,0.0,986,False,False,False,False,
477850,마키나락스,0.0,26.9,4652.0,26200.0,,,,,-290.8,-836.9,1288.8,-46.1,,,,,False,,,False,False,False,False,,,,-290.8,-836.9,1288.8,-46.1,,,,,False,,,False,False,False,False,0.0,0.0,913,6.9,-89.1,87.4,-7.8,31.99,1.21,-0.17,31,False,0.232,624,True,False,False,False,0.0,0.0,908,45.7,2.8,-45.0,1.4,-11.64,0.0,-0.81,,False,0.837,36,False,False,True,True,스파이크
478110,이베스트스팩6호,0.0,0.0,102.0,2035.0,,0.0,0.0,987,-0.0,-1.7,1.2,-1.1,0.49,0.0,0.01,395,False,-0.008,1085,False,False,False,False,0.0,0.0,771,0.0,1.5,-1.6,1.1,0.49,0.0,-0.0,,False,0.001,797,False,False,True,True,0.0,0.0,913,0.0,2.0,-2.0,1.1,-0.49,0.0,-0.0,,False,0.001,942,False,False,True,True,0.0,0.0,908,0.0,-0.1,0.0,-0.1,-0.25,0.0,0.0,509,False,0.0,986,False,False,False,False,
478340,나라스페이스테크놀로지,6.0390625,2.57,1226.0,10600.0,,0.340087890625,5.7,81,102.6,-208.2,295.2,-54.6,-66.51,0.32,-0.87,272,False,6.567,58,False,False,False,False,0.7001953125,5.34,51,108.9,-38.4,-71.8,-23.4,-71.81,0.32,-0.46,,False,5.778,36,False,False,False,True,1.8603515625,4.18,29,75.2,-22.8,-52.5,-7.7,-49.28,0.32,-0.26,,False,4.453,19,False,False,False,True,6.12109375,-0.08,1395,1.8,-0.0,-1.7,,-6.19,0.0,-0.21,,False,0.129,477,False,False,False,True,
478390,KB제29호스팩,0.47998046875,0.0,127.0,2045.0,,0.449951171875,0.03,953,0.0,0.3,-1.7,5.2,-2.39,0.0,0.0,,False,0.035,1033,False,False,True,True,0.4599609375,0.02,733,0.0,0.6,-0.5,2.2,-1.45,0.0,0.01,,False,0.019,768,False,False,True,True,0.47998046875,0.0,913,0.0,-1.2,1.2,-0.4,-0.24,0.0,-0.0,172,False,0.003,936,False,False,False,False,0.47998046875,0.0,908,-0.0,-0.0,0.0,-0.0,0.0,0.0,0.0,646,False,-0.0,986,False,False,False,False,
478440,미래에셋비전스팩6호,0.1600341796875,0.0,142.0,2045.0,,0.18994140625,-0.03,1080,-0.0,-1.1,-0.0,1.5,-0.97,0.0,-0.14,723,False,-0.024,1098,False,False,False,False,0.1600341796875,0.0,771,0.0,0.2,-0.3,0.3,-0.24,0.0,-0.14,,False,0.011,780,False,False,True,True,0.1700439453125,-0.01,1065,-0.0,-1.0,0.8,-0.5,-0.49,0.0,-0.13,288,False,-0.006,972,False,False,False,False,0.1600341796875,0.0,908,-0.0,0.0,-0.2,0.0,0.49,0.0,-0.13,,False,-0.0,986,False,False,False,True,
478560,블랙야크아이앤씨,0.83984375,1.75,669.0,2590.0,,1.0498046875,-0.21,1179,-1.3,-58.4,57.4,-6.4,-21.28,0.0,-0.09,85,False,-0.213,1217,False,False,False,False,1.240234375,-0.4,1115,-3.6,-8.6,11.6,-1.7,-26.63,0.0,-0.03,342,False,-0.464,1138,False,False,False,False,0.77001953125,0.07,777,0.4,-1.8,0.8,-1.0,-7.66,0.0,-0.08,487,False,0.063,823,False,False,False,False,0.85009765625,-0.01,1155,0.1,-1.6,1.6,-1.2,2.37,0.0,-0.03,227,False,0.017,889,False,False,False,False,스파이크
479880,한국제15호스팩,0.4599609375,0.0,140.0,2045.0,,0.419921875,0.04,938,0.0,0.2,-0.8,0.6,-0.73,0.0,-0.12,,False,0.011,1068,False,False,True,True,0.4599609375,0.0,771,0.0,0.8,-1.1,0.4,-0.49,0.0,-0.15,,False,0.005,791,False,False,True,True,0.4599609375,0.0,913,-0.0,0.1,-0.3,0.4,-0.24,0.0,-0.15,,False,0.0,948,False,False,True,True,0.4599609375,0.0,908,-0.0,0.0,-0.3,0.0,-0.49,0.0,-0.15,,False,-0.0,986,False,False,False,True,
479960,위너스일렉,1.8896484375,1.07,455.0,6390.0,,2.109375,-0.22,1183,-1.7,0.8,-1.4,,-36.73,4.01,-0.06,,False,-0.09,1132,True,False,True,True,2.509765625,-0.62,1224,-3.8,0.0,1.4,,-40.17,4.01,-0.17,807,False,-0.402,1104,True,False,False,False,1.990234375,-0.1,1188,-0.4,-0.0,0.4,,-16.91,0.0,-0.04,588,False,-0.068,1101,False,False,False,False,1.98046875,-0.09,1427,-0.5,-0.0,0.6,,3.57,0.0,0.04,345,False,-0.118,1398,False,False,False,False,
481070,에이유브랜즈,1.76953125,3.22,2236.0,15600.0,,0.830078125,0.94,554,11.1,-33.6,18.1,10.6,-25.36,1.2,-0.12,367,False,1.039,549,True,False,False,False,0.6201171875,1.15,350,21.0,-63.0,41.9,-13.1,-13.33,0.49,-0.03,249,False,1.219,330,False,False,False,False,1.509765625,0.26,598,-2.1,-3.2,7.1,-0.5,11.19,0.0,0.37,381,False,-0.09,1128,False,False,False,False,1.41015625,0.36,206,0.0,-1.8,2.2,-0.4,3.93,0.0,0.36,400,False,-0.004,1046,False,False,False,False,
481890,엔에이치스팩31호,0.3701171875,0.0,132.0,2080.0,,0.360107421875,0.01,978,0.0,-6.9,7.2,-2.5,-2.35,0.0,-0.0,108,False,0.015,1062,False,False,False,False,0.340087890625,0.03,721,0.0,-2.3,2.4,-1.4,-2.12,0.0,-0.0,278,False,0.031,736,False,False,False,False,0.3798828125,-0.01,1065,-0.0,-0.7,0.7,-0.5,0.48,0.0,-0.01,297,False,-0.0,948,False,False,False,False,0.3701171875,0.0,908,-0.0,0.0,-0.0,0.1,0.24,0.0,0.0,,False,-0.0,986,False,False,False,False,
482520,교보16호스팩,0.219970703125,0.0,123.0,2020.0,,0.1800537109375,0.04,938,0.0,-7.0,7.1,-5.6,-3.58,0.0,-0.19,104,False,0.038,1023,False,False,False,False,0.1800537109375,0.04,712,0.0,-7.0,7.1,-5.6,-3.58,0.0,-0.19,34,False,0.038,722,False,False,False,False,0.2099609375,0.01,883,0.0,-2.8,2.6,-1.8,-0.25,0.0,-0.19,58,False,0.009,911,False,False,False,False,0.199951171875,0.02,827,0.0,0.1,-0.2,-0.1,-0.25,0.0,-0.05,,False,0.018,882,False,False,True,True,지속
482630,삼양엔씨켐,4.76171875,2.45,2922.0,13350.0,,1.41015625,3.35,191,99.2,-54.8,-22.2,20.1,-50.37,100.0,2.33,,False,3.443,208,True,True,False,True,3.4296875,1.33,322,47.9,9.9,-48.9,46.1,-34.07,0.0,0.39,,False,0.978,381,False,False,True,True,5.55078125,-0.79,1614,-1.8,52.8,-52.2,43.3,-26.12,0.0,-0.61,,False,-0.178,1226,False,False,True,True,4.8515625,-0.09,1427,-12.1,7.0,4.4,0.1,2.38,0.0,0.3,330,False,-0.395,1600,False,False,True,False,
482680,미래에셋비전스팩7호,0.0,0.0,169.0,2055.0,,0.0,0.0,987,0.1,-2.2,2.2,-2.1,1.48,0.0,-0.06,376,False,0.058,1007,False,False,False,False,0.0,0.0,771,0.0,-0.8,0.8,0.3,0.98,0.0,-0.02,651,False,0.023,758,False,False,False,False,0.0,0.0,913,,,,,0.0,0.0,0.0,,False,,,False,False,False,False,0.0,0.0,908,,,,,0.0,0.0,0.0,,False,,,False,False,False,False,
482690,대신밸런스제19호스팩,0.01000213623046875,0.0,116.0,2060.0,,0.0200042724609375,-0.01,1063,-0.0,-6.7,6.7,-1.4,-5.94,0.0,0.01,100,False,-0.016,1092,False,False,False,False,0.0,0.01,753,0.0,-3.8,3.8,-2.0,-3.74,0.0,0.0,121,False,0.009,786,False,False,False,False,0.0200042724609375,-0.01,1065,-0.0,-4.2,4.2,-3.2,-3.06,0.0,0.0,15,True,-0.013,986,False,False,False,False,0.01000213623046875,0.0,908,-0.0,-0.7,0.7,-0.4,0.0,0.0,0.0,94,False,-0.0,986,False,False,False,False,
484120,도우인시스,0.52001953125,1.13,1914.0,17470.0,,0.18994140625,0.33,758,14.2,-14.9,-2.4,-10.3,-27.21,0.63,-0.29,,False,0.638,698,False,False,False,True,0.81005859375,-0.29,1055,-3.9,-5.2,4.4,-2.8,-18.74,0.0,-0.22,816,False,-0.067,859,False,False,False,False,0.7001953125,-0.18,1286,1.6,-2.9,0.5,-1.6,-4.33,0.0,-0.27,633,False,0.106,768,False,False,False,False,0.429931640625,0.09,613,2.6,0.3,-3.2,-0.0,10.57,0.0,-0.05,,False,0.136,462,False,False,True,True,
484130,하나34호스팩,0.39990234375,0.0,92.0,2030.0,,0.3798828125,0.02,963,0.0,2.3,-2.3,1.1,-1.69,0.0,0.02,,False,0.001,1076,False,False,True,True,0.3798828125,0.02,733,0.0,1.6,-1.6,0.2,-0.73,0.0,0.02,,False,0.001,797,False,False,True,True,0.3798828125,0.02,855,0.0,0.5,-0.5,-0.2,-2.17,0.0,0.02,,False,0.001,942,False,False,True,True,0.39990234375,0.0,908,-0.0,-0.2,0.2,-0.2,-0.49,0.0,0.0,228,False,-0.005,1058,False,False,False,False,
484590,삼양컴텍,4.078125,1.61,2522.0,6120.0,,4.55859375,-0.48,1293,-36.5,-323.5,418.5,-175.2,-56.29,0.0,-0.15,55,False,-0.38,1299,False,False,False,False,4.73828125,-0.66,1246,-11.2,-29.4,40.5,-27.9,-49.84,0.0,-0.46,380,False,-0.207,964,False,False,False,False,5.08984375,-1.01,1654,-20.6,-6.3,28.9,-4.6,-29.17,0.0,-0.33,187,False,-0.616,1500,False,False,False,False,3.990234375,0.09,613,0.2,0.5,-0.5,-0.7,5.15,0.0,0.09,,False,-0.002,1027,False,False,True,True,
484810,티엑스알로보틱스,1.98046875,2.31,1276.0,8260.0,,1.259765625,0.72,615,14.1,39.8,-33.2,-0.0,-58.18,0.0,-0.58,,False,1.319,469,False,False,True,True,0.830078125,1.15,350,7.9,12.7,-20.0,0.1,-51.98,0.0,0.45,,False,0.72,434,False,False,True,True,1.5498046875,0.43,491,7.1,1.8,-8.3,0.3,-39.53,0.0,-0.07,,False,0.508,434,False,False,True,True,1.669921875,0.31,249,2.1,-0.2,-1.5,,-2.82,0.0,0.16,,False,0.151,423,False,False,False,True,
486630,KB제30호스팩,0.60009765625,0.0,108.0,2030.0,,0.580078125,0.02,963,0.0,6.3,-6.6,6.7,-2.4,0.0,-0.0,,False,0.025,1046,False,False,True,True,0.580078125,0.02,733,0.0,4.0,-4.0,3.7,-2.87,0.0,0.0,,False,0.019,768,False,False,True,True,0.58984375,0.01,883,0.0,-0.2,0.2,0.5,-0.98,0.0,0.0,463,False,0.006,923,False,False,False,False,0.60009765625,0.0,908,0.0,0.0,-0.0,0.0,0.0,0.0,0.0,,False,0.0,986,False,False,False,False,
486990,노타,1.3603515625,13.13,3610.0,16910.0,,0.58984375,0.77,600,5.5,-287.8,581.8,-224.5,-65.38,0.1,0.52,56,False,0.353,816,False,False,False,False,1.66015625,-0.3,1066,-33.4,-207.0,339.3,-89.8,-50.77,0.0,-0.11,58,False,-0.208,966,False,False,False,False,0.830078125,0.53,436,11.9,-44.9,32.7,-22.1,-38.28,0.0,0.13,303,False,0.391,497,False,False,False,False,0.75,0.61,86,10.2,2.1,-12.3,2.0,-6.11,0.0,0.35,,False,0.258,245,False,False,True,True,
487360,신한제14호스팩,2.44921875,0.0,113.0,2005.0,,2.400390625,0.05,929,0.1,-4.5,4.2,-1.4,-2.67,0.0,-0.1,166,False,0.051,1010,False,False,False,False,2.419921875,0.03,721,0.0,-2.7,2.8,-1.4,-1.96,0.0,-0.19,186,False,0.03,738,False,False,False,False,2.4609375,-0.01,1065,-0.0,-2.4,2.6,-1.3,-1.23,0.0,-0.2,48,False,-0.001,959,False,False,False,False,2.44921875,0.0,908,-0.0,-0.8,1.0,-0.5,-0.5,0.0,0.0,56,False,-0.001,1018,False,False,False,False,
487580,폴레드,2.69921875,2.39,1000.0,3970.0,,,,,6.2,-375.5,635.4,-15.9,,,,,False,,,False,False,False,False,,,,6.2,-375.5,635.4,-15.9,,,,,False,,,False,False,False,False,2.119140625,0.58,398,20.6,-20.6,0.4,0.4,-8.42,0.0,-1.63,,False,2.239,76,False,True,False,False,2.150390625,0.55,102,22.6,-16.4,-5.9,-0.6,20.12,0.0,-1.82,,False,2.373,5,False,True,False,True,
487720,키움제10호스팩,0.360107421875,0.0,85.0,2020.0,,0.2900390625,0.07,910,0.1,2.4,-2.9,3.6,-3.12,0.0,-0.15,,False,0.067,995,False,False,True,True,0.2900390625,0.07,683,0.1,0.7,-1.1,1.1,-2.88,0.0,-0.14,,False,0.067,696,False,False,True,True,0.35009765625,0.01,883,0.0,-0.7,0.4,-0.2,-0.74,0.0,-0.14,326,False,0.007,917,False,False,False,False,0.360107421875,0.0,908,-0.0,-0.5,0.4,-0.5,-0.49,0.0,-0.1,114,False,-0.003,1038,False,False,False,False,
487830,신한제15호스팩,0.07000732421875,0.0,88.0,2020.0,,0.01000213623046875,0.06,920,0.1,2.5,-2.7,1.6,-3.58,0.0,-0.01,,False,0.069,994,False,False,True,True,0.05999755859375,0.01,753,0.0,1.7,-1.8,0.6,-2.18,0.0,-0.0,,False,0.015,773,False,False,True,True,0.07000732421875,0.0,913,0.0,0.8,-0.8,0.0,-0.74,0.0,-0.01,,False,0.009,911,False,False,True,True,0.07000732421875,0.0,908,0.0,-0.5,0.5,-0.4,-0.98,0.0,0.0,100,False,0.0,986,False,False,False,False,
488060,유진스팩11호,0.0,0.0,96.0,2035.0,,0.0,0.0,987,0.0,-0.8,0.8,-2.2,-0.25,0.0,-0.02,470,False,0.021,1055,False,False,False,False,0.0,0.0,771,0.0,-0.5,0.5,-1.3,-0.73,0.0,-0.02,627,False,0.021,763,False,False,False,False,0.0,0.0,913,0.0,-0.5,0.5,-0.5,0.25,0.0,-0.01,306,False,0.008,914,False,False,False,False,0.0,0.0,908,0.0,0.0,-0.0,0.0,-0.25,0.0,0.0,,False,0.0,986,False,False,False,False,
488280,에스투더블유,2.060546875,4.4,1032.0,9550.0,,4.6015625,-2.54,1681,-24.9,-251.9,307.1,-30.0,-65.21,1.35,-2.48,22,False,-0.387,1304,True,True,False,False,0.52001953125,1.54,294,18.8,-86.3,68.2,-2.9,-59.79,0.32,-0.24,264,False,1.718,259,False,False,False,False,0.9501953125,1.11,212,19.1,-6.7,-14.3,-0.9,-38.39,0.0,-0.62,,False,1.587,126,False,False,False,True,1.91015625,0.15,475,1.7,-0.5,-1.2,-0.5,0.0,0.0,-0.0,,False,0.156,406,False,False,False,True,지속
488900,비츠로넥스텍,1.330078125,3.82,2254.0,7780.0,,0.6298828125,0.7,621,28.6,-157.1,125.5,-120.3,-59.31,0.0,-0.53,318,False,1.239,484,False,False,False,False,0.56982421875,0.76,428,30.0,-55.5,24.5,-53.3,-59.73,0.0,-0.28,747,False,1.033,372,False,False,False,False,0.9501953125,0.38,520,11.4,-4.2,-9.0,-3.8,-30.41,0.0,-0.07,,False,0.442,474,False,False,False,True,1.5302734375,-0.2,1575,-4.0,-0.2,4.3,-0.2,7.76,0.0,-0.02,279,False,-0.184,1479,False,False,False,False,
489210,교보17호스팩,0.22998046875,0.0,105.0,2025.0,,0.2099609375,0.02,963,0.0,-4.8,3.5,-3.1,-4.71,0.0,-0.19,190,False,0.013,1064,False,False,False,False,0.18994140625,0.04,712,0.0,-2.3,1.9,-1.9,-4.48,0.0,-0.2,266,False,0.036,724,False,False,False,False,0.219970703125,0.01,883,0.0,-2.9,2.5,-2.2,-1.22,0.0,-0.2,43,False,0.005,930,False,False,False,False,0.22998046875,0.0,908,0.0,-0.5,0.4,-0.4,0.25,0.0,-0.0,145,False,0.001,974,False,False,False,False,
489460,바이오비쥬,1.1103515625,1.53,948.0,6300.0,,0.47998046875,0.63,650,24.4,-13.8,-34.1,-10.0,-40.57,0.0,-1.26,,False,1.011,556,False,True,False,True,1.8798828125,-0.77,1294,-11.2,-5.2,-10.3,-1.0,-28.08,0.0,-0.53,,False,-0.968,1372,False,False,False,True,1.1103515625,0.0,913,-2.6,-0.8,-2.4,-0.1,-10.64,0.0,-0.2,,False,-0.243,1292,False,False,False,True,0.93994140625,0.17,434,1.2,-0.0,-1.6,-0.0,1.61,0.0,0.04,,False,0.127,482,False,False,False,True,스파이크
489480,키움제11호스팩,0.300048828125,0.0,133.0,2015.0,,0.260009765625,0.04,938,0.1,-0.6,0.4,-0.2,-1.95,0.0,-0.04,609,False,0.04,1020,False,False,False,False,0.280029296875,0.02,733,0.0,2.5,-2.8,1.1,-1.47,0.0,-0.05,,False,0.025,751,False,False,True,True,0.300048828125,0.0,913,0.0,0.6,-0.5,0.4,-0.98,0.0,-0.05,,False,0.002,938,False,False,True,True,0.300048828125,0.0,908,-0.0,-0.6,0.6,-0.1,-0.49,0.0,-0.04,125,False,-0.003,1038,False,False,False,False,
489500,엘케이켐,2.91015625,2.02,1224.0,19150.0,,1.73046875,1.18,485,12.9,-1.1,-12.7,3.9,-37.42,1.8,-0.07,,False,1.261,477,True,False,False,True,2.4609375,0.45,531,13.9,5.6,-22.4,4.0,-43.18,1.8,-0.26,,False,0.728,433,True,False,True,True,2.390625,0.52,441,10.2,1.8,-10.0,0.7,-36.9,0.0,-0.09,,False,0.705,320,False,False,True,True,3.130859375,-0.22,1597,-1.6,-1.1,2.7,-1.1,2.41,0.0,-0.08,245,False,-0.139,1427,False,False,False,False,
489730,디비금융제13호스팩,0.27001953125,0.0,127.0,2012.0,,0.22998046875,0.04,938,0.1,-7.6,6.5,-2.5,-1.13,0.0,-0.17,117,False,0.044,1014,False,False,False,False,0.25,0.02,733,0.0,-5.2,4.9,-1.6,-2.8,0.0,-0.17,96,False,0.022,760,False,False,False,False,0.27001953125,0.0,913,0.0,-2.0,1.8,-1.9,-0.4,0.0,-0.17,105,False,0.003,936,False,False,False,False,0.27001953125,0.0,908,0.0,-1.2,1.1,-1.1,-0.4,0.0,-0.11,58,False,0.001,974,False,False,False,False,
490470,세미파이브,5.9609375,2.82,6247.0,18360.0,,0.0,5.96,74,397.6,-329.4,348.9,-168.5,-27.29,0.93,0.42,203,False,5.583,85,False,False,False,False,2.2109375,3.75,108,144.9,-262.8,242.4,-104.6,-49.77,0.49,0.76,295,False,2.967,151,False,False,False,False,3.6796875,2.28,77,183.3,-173.0,5.3,-82.9,-30.32,0.0,0.09,385,False,2.175,81,False,False,False,False,5.87890625,0.08,642,-24.0,9.9,13.5,1.6,-2.24,0.0,0.48,212,False,-0.412,1607,False,False,True,False,
491000,리브스메드,6.03125,5.17,9464.0,37850.0,,1.4697265625,4.56,123,659.5,-259.2,143.2,-48.7,-33.48,1.31,0.71,329,False,3.959,164,True,False,False,False,4.69140625,1.34,320,247.0,-321.4,98.3,-114.6,-39.25,0.2,-0.12,415,False,1.443,293,False,False,False,False,6.1015625,-0.07,1151,-10.6,27.6,-16.8,-6.3,-14.56,0.0,0.06,,False,-0.104,1141,False,False,True,True,6.390625,-0.36,1690,-39.6,17.5,20.9,1.3,2.99,0.0,0.04,246,False,-0.397,1601,False,False,True,False,
492220,KB제31호스팩,1.509765625,0.0,125.0,2015.0,,1.5,0.01,978,0.0,-1.6,1.6,-0.1,-0.49,0.0,0.08,382,False,0.006,1071,False,False,False,False,1.490234375,0.02,733,0.0,-1.4,1.4,-0.2,-2.89,0.0,-0.0,435,False,0.021,763,False,False,False,False,1.509765625,0.0,913,-0.0,-1.7,1.6,-1.7,-0.25,0.0,0.0,116,False,-0.003,966,False,False,False,False,1.509765625,0.0,908,-0.0,-0.3,0.2,-0.3,-0.25,0.0,0.0,278,False,-0.0,986,False,False,False,False,지속
493280,아이엠바이오로직스,3.6796875,3.32,2844.0,19170.0,,,,,82.4,-78.4,228.1,-25.3,,,,,False,,,False,False,False,False,0.9501953125,2.73,177,106.3,-54.0,33.4,-28.2,-68.68,0.41,-0.13,766,False,2.809,166,False,False,False,False,2.390625,1.29,184,42.6,-29.0,1.0,-22.8,-29.91,0.06,-0.11,580,False,1.323,170,False,False,False,False,3.400390625,0.28,275,7.8,-1.1,-2.0,-0.7,-5.57,0.0,0.03,,False,0.243,262,False,False,False,True,지속
493330,지에프아이,1.26953125,1.29,780.0,9950.0,,0.3701171875,0.9,561,15.6,60.9,13.1,45.8,-44.72,2.05,0.05,397,False,0.861,606,True,False,True,False,1.2197265625,0.05,701,6.0,17.6,16.3,11.8,-39.37,2.05,0.02,290,False,0.096,678,True,False,True,False,2.029296875,-0.76,1601,-6.4,0.3,7.2,1.1,-21.16,2.05,0.03,203,False,-0.732,1545,True,False,True,False,1.33984375,-0.07,1370,-0.7,0.6,0.9,0.6,-4.33,0.0,0.01,369,False,-0.084,1333,False,False,True,False,
493790,유안타제17호스팩,0.4599609375,0.0,107.0,2015.0,,0.429931640625,0.03,953,0.0,-3.2,3.3,-2.8,0.75,0.0,-0.01,212,False,0.037,1026,False,False,False,False,0.4599609375,0.0,771,0.0,-1.8,1.9,-0.6,0.5,0.0,0.0,277,False,-0.0,803,False,False,False,False,0.4599609375,0.0,913,0.0,-1.7,1.8,-1.1,0.0,0.0,0.0,82,False,0.0,948,False,False,False,False,0.4599609375,0.0,908,0.0,-0.7,0.8,-0.5,0.25,0.0,0.0,66,False,0.0,986,False,False,False,False,
494120,큐리오시스,4.87890625,7.56,1068.0,14000.0,,1.4404296875,3.44,182,188.8,-149.0,158.8,-32.1,-68.72,0.18,-0.18,217,False,3.645,189,False,False,False,False,5.96875,-1.09,1411,-57.8,-72.9,158.2,6.8,-74.87,0.18,-0.01,154,False,-1.008,1384,False,False,False,False,8.203125,-3.32,1797,-48.1,66.0,-4.2,37.3,-53.26,0.0,-1.0,,False,-2.28,1720,False,True,True,True,6.5390625,-1.66,1799,-19.2,10.2,9.8,4.5,-42.15,0.0,-0.34,65,False,-1.25,1707,False,False,True,False,
496070,신한제16호스팩,0.89990234375,0.0,112.0,1987.0,,0.8701171875,0.03,953,0.0,5.2,-5.1,0.9,-1.63,0.0,-0.14,,False,0.036,1031,False,False,True,True,0.8701171875,0.03,721,0.0,3.0,-3.3,0.1,-2.12,0.0,-0.14,,False,0.036,724,False,False,True,True,0.89013671875,0.01,883,0.0,1.9,-2.0,0.0,-0.65,0.0,-0.13,,False,0.007,917,False,False,True,True,0.89990234375,0.0,908,0.0,-0.4,0.3,-0.7,-0.9,0.0,-0.14,234,False,0.0,986,False,False,False,False,지속
498390,한화플러스제5호스팩,0.300048828125,0.0,101.0,2040.0,,0.1500244140625,0.15,862,0.2,-2.0,0.4,-2.8,1.24,0.0,0.0,585,False,0.15,939,False,False,False,False,0.199951171875,0.1,662,0.1,-4.2,3.1,-2.4,0.49,0.0,0.0,138,False,0.096,678,False,False,False,False,0.27001953125,0.03,837,0.0,-2.6,2.3,-2.2,-0.73,0.0,0.01,46,False,0.022,885,False,False,False,False,0.280029296875,0.02,827,0.0,-1.2,1.1,-1.0,0.25,0.0,0.01,40,False,0.014,907,False,False,False,False,지속
900070,글로벌에스엠,6.421875,,282.0,1051.0,,3.4609375,2.96,223,7.6,-0.5,-9.6,-0.7,155.1,-50.0,-4.73,,False,1.814,376,True,True,False,True,3.7109375,2.71,179,7.7,0.2,-8.6,,76.05,-50.0,-4.07,,False,1.511,281,True,True,True,True,4.62890625,1.79,103,4.0,0.0,-4.3,,-8.37,0.0,0.32,,False,1.462,141,False,False,False,True,6.25,0.17,434,0.5,-0.0,-0.5,,2.24,0.0,0.01,,False,0.161,391,False,False,False,True,
900100,파이온엑스,0.0,,102.0,1930.0,,11.1796875,-11.18,1786,-1.1,0.0,2.0,,225.46,-88.54,-99.55,,False,0.025,1046,True,True,False,False,9.5078125,-9.51,1800,-0.7,0.0,1.5,,361.72,-90.0,-96.48,,False,0.006,790,True,True,False,False,9.8515625,-9.85,1814,-0.4,0.0,0.4,,396.14,-90.0,-98.22,611,False,-0.03,1029,True,True,False,False,0.0,0.0,908,0.0,,-0.0,,-12.27,0.0,-0.05,,False,0.046,756,False,False,False,False,
900110,딥커머스,0.0,,152.0,1240.0,,0.0,0.0,987,-4.9,0.2,8.0,,20.86,-53.24,3.53,247,False,-1.691,1626,True,True,True,False,0.0,0.0,771,-2.5,0.2,2.5,,54.42,-66.67,1.58,688,False,-0.554,1186,True,True,True,False,0.0,0.0,913,-0.3,0.0,0.6,,-27.23,0.0,0.12,446,False,-0.024,1015,False,False,False,False,0.0,0.0,908,0.2,,-0.2,,5.89,0.0,-0.16,,False,0.159,399,False,False,False,True,스파이크
900120,씨엑스아이,0.0,,81.0,1091.0,,0.0,0.0,987,-12.0,-0.0,15.0,,118.64,-75.15,27.43,48,False,-7.27,1773,True,True,False,False,0.0,0.0,771,0.3,-0.0,-0.5,,172.07,-80.0,-1.06,771,False,-0.134,920,True,True,False,True,0.0,0.0,913,0.8,-0.0,-1.5,,179.03,-80.0,-1.79,,False,0.195,664,True,True,False,True,0.0,0.0,908,-0.2,,0.2,,3.02,0.0,0.23,224,False,-0.235,1522,False,False,False,False,
900250,크리스탈신소재,22.984375,,385.0,1075.0,,30.8125,-7.83,1782,-20.9,0.0,22.7,,53.79,-72.58,-80.91,254,False,-2.233,1670,True,True,False,False,26.484375,-3.5,1748,-9.5,0.0,10.7,,74.8,-75.0,-79.44,465,False,-0.854,1323,True,True,False,False,25.453125,-2.47,1776,-1.0,0.0,1.0,,107.13,-75.0,-78.5,551,False,-0.076,1111,True,True,False,False,23.140625,-0.16,1524,-0.4,0.0,0.4,,4.67,0.0,-0.05,388,False,-0.108,1376,False,False,False,False,
900260,로스웰,57.0625,,752.0,1633.0,,51.8125,5.25,97,39.2,-7.0,-32.1,-0.0,3.35,0.0,0.02,,False,5.256,94,False,False,False,True,54.8125,2.25,214,16.8,-1.3,-15.6,-0.0,-2.57,0.0,-0.0,,False,2.254,200,False,False,False,True,56.28125,0.78,308,5.6,-0.0,-5.6,-0.0,0.12,0.0,0.02,,False,0.759,301,False,False,False,True,57.0,0.06,693,0.5,,-0.5,,-1.09,0.0,-0.0,,False,0.066,677,False,False,False,True,지속
900270,헝셩그룹,96.25,,133.0,521.0,,18.65625,77.59,1,0.3,0.1,-0.8,,181.62,-89.53,-92.97,,False,1.17,502,True,True,True,True,19.953125,76.3,1,-4.7,-0.0,4.3,,-53.69,4.74,78.55,359,False,-1.705,1559,True,True,False,False,100.0,-3.75,1800,-3.4,0.0,3.2,,-20.46,4.74,2.12,108,False,-1.571,1677,True,True,False,False,96.3125,-0.06,1348,0.0,,-0.1,,-8.11,0.0,-0.13,,False,0.028,830,False,False,False,True,
900290,GRT,69.3125,,1914.0,2340.0,,78.6875,-9.38,1785,-254.9,-3.1,249.8,0.0,-27.22,1.18,1.24,50,False,-9.727,1781,True,True,False,False,78.125,-8.81,1799,-232.6,-4.5,219.7,,-58.66,1.18,1.08,20,True,-9.101,1757,True,True,False,False,71.75,-2.44,1774,-78.1,-10.8,84.1,,-23.65,0.0,1.23,17,True,-3.683,1744,False,True,False,False,69.5,-0.19,1565,-2.6,-14.4,16.6,,-8.41,0.0,-0.06,60,False,-0.124,1404,False,False,False,False,
900300,오가닉티코스메틱,0.0,,159.0,2040.0,,1.5498046875,-1.55,1576,-128.9,0.0,127.8,-0.0,1107.1,-96.9,861.63,4,True,-28.494,1785,True,True,False,False,13.4765625,-13.48,1802,-104.3,0.0,103.2,-0.0,1136.36,-96.9,302.78,1,True,-22.967,1759,True,True,False,False,0.0,0.0,913,-1.9,0.0,2.1,-0.0,2141.76,-98.0,-0.06,,False,0.001,942,True,False,False,False,0.0,0.0,908,1.0,-0.0,-0.9,,3.55,0.0,-0.61,,False,0.644,56,False,False,False,True,
900310,컬러레이,66.625,,261.0,2035.0,,63.40625,3.22,201,9.1,0.2,-9.2,,247.27,-80.0,-257.57,,False,1.458,438,True,True,True,True,64.0625,2.56,188,6.8,0.2,-7.0,,307.82,-80.0,-257.24,,False,0.712,437,True,True,True,True,64.5625,2.06,88,5.0,0.0,-5.0,,7.67,0.0,0.02,,False,2.044,91,False,False,False,True,66.5,0.12,543,0.5,-0.0,-0.5,,2.26,0.0,-0.09,,False,0.211,301,False,False,False,True,지속
900340,윙입푸드,32.65625,,162.0,1287.0,,45.375,-12.72,1787,-5.3,0.2,3.1,,61.48,-75.0,-146.29,655,False,-0.52,1360,True,True,True,False,45.40625,-12.75,1801,-5.2,0.2,2.9,,95.59,-75.0,-146.85,800,False,-0.523,1175,True,True,True,False,32.4375,0.22,630,0.3,0.0,-0.1,,-26.79,0.0,0.03,,False,0.193,667,False,False,False,True,32.65625,0.0,908,-0.0,,0.1,,0.94,0.0,0.02,480,False,-0.022,1151,False,False,False,False,
950130,엑세스바이오,4.8203125,,811.0,2305.0,,5.0703125,-0.25,1199,-12.3,0.8,10.6,,-40.52,-6.77,-0.11,571,False,-0.603,1396,True,False,True,False,5.19921875,-0.38,1110,-12.6,0.4,12.3,,-30.68,-6.77,-0.13,587,False,-0.676,1251,True,False,True,False,4.55078125,0.27,589,2.6,0.0,-2.6,,-13.67,0.0,-0.11,,False,0.336,535,False,False,False,True,4.76171875,0.06,693,0.8,0.0,-0.8,,-0.65,0.0,-0.04,,False,0.094,585,False,False,False,True,스파이크
950140,잉글우드랩,11.1328125,,1597.0,8040.0,,13.03125,-1.9,1618,-25.7,92.0,-79.2,3.9,-24.86,0.0,-0.84,,False,-1.076,1524,False,False,True,True,11.53125,-0.4,1115,-18.1,-4.0,19.0,0.7,-32.27,0.0,0.23,536,False,-0.688,1254,False,False,False,False,10.921875,0.21,643,3.7,-4.4,-0.2,0.7,-13.36,0.0,-0.05,,False,0.244,612,False,False,False,True,11.09375,0.04,763,1.2,-3.5,2.5,-0.1,-6.84,0.0,-0.05,324,False,0.079,632,False,False,False,False,
950160,코오롱티슈진,5.41015625,,52766.0,62100.0,,5.12890625,0.28,784,395.8,-1114.3,939.3,-452.2,-13.99,2.1,-0.06,420,False,0.437,780,True,False,False,False,5.23046875,0.18,634,-175.6,-475.1,710.1,-167.1,-42.87,0.28,0.31,543,False,-0.109,900,False,False,False,False,4.6796875,0.73,329,157.6,-171.3,18.8,-112.9,-40.91,0.28,0.43,,False,0.33,538,False,False,False,False,4.87890625,0.53,111,307.7,-83.8,-230.0,-20.3,-28.87,0.0,-0.0,,False,0.534,81,False,False,False,True,스파이크
950170,JTC,15.453125,,2510.0,4850.0,,7.44921875,8.0,37,211.7,-30.7,-179.5,-28.2,-7.09,0.0,-0.15,,False,8.172,32,False,False,False,True,12.203125,3.25,136,84.6,-0.4,-83.8,-0.3,9.36,0.0,-0.08,,False,3.341,126,False,False,False,True,13.7734375,1.68,120,42.6,-1.7,-40.8,-0.5,0.83,0.0,-0.01,,False,1.692,112,False,False,False,True,15.0703125,0.38,189,9.5,-0.1,-9.3,,-0.41,0.0,0.01,,False,0.375,138,False,False,False,True,지속
950190,고스트스튜디오,24.171875,,1221.0,9380.0,,19.0,5.17,99,67.8,-0.6,-64.7,0.4,16.38,0.0,-0.5,,False,5.691,79,False,False,False,True,19.453125,4.72,69,61.1,-0.4,-58.6,0.4,11.14,0.0,-0.3,,False,5.072,58,False,False,False,True,19.9375,4.23,26,52.6,-0.2,-51.6,-0.1,-0.74,0.0,-0.14,,False,4.364,22,False,False,False,True,23.390625,0.78,57,12.4,-0.0,-12.3,,3.3,0.0,-0.23,,False,1.014,27,False,False,False,True,
950200,소마젠,0.0,,518.0,2695.0,,0.0,0.0,987,-2.1,-0.1,6.5,,-26.06,0.0,0.2,461,False,-0.205,1211,False,False,False,False,0.0,0.0,771,-3.1,-0.1,7.4,,-24.4,0.0,0.43,425,False,-0.438,1127,False,False,False,False,0.0,0.0,913,-0.6,0.0,0.7,,-4.6,0.0,0.05,581,False,-0.037,1040,False,False,False,False,0.0,0.0,908,0.2,,-0.2,,-1.82,0.0,-0.04,,False,0.036,795,False,False,False,True,
950220,네오이뮨텍,0.449951171875,,467.0,1364.0,,1.0498046875,-0.6,1339,8.7,-1.1,-12.4,-1.1,89.18,-79.19,-9.24,,False,1.05,543,True,True,False,True,2.19921875,-1.75,1574,-1.2,-0.9,-4.2,-0.7,146.65,-79.59,-9.84,,False,-0.119,912,True,True,False,True,0.18994140625,0.26,598,2.4,0.0,-7.9,,-6.89,2.04,-0.32,,False,0.585,387,True,False,False,True,0.2099609375,0.24,321,1.3,0.0,-1.3,,5.9,0.0,-0.05,,False,0.293,205,False,False,False,True,지속
950250,테라뷰,0.0,,813.0,2290.0,,0.0,0.0,987,-403.5,-108.4,535.2,-30.1,-79.18,0.0,10.12,16,True,-10.244,1782,False,True,False,False,0.0,0.0,771,-6.8,-3.6,11.5,-3.6,-68.11,0.0,-0.81,,False,0.799,412,False,False,False,False,0.0,0.0,913,-0.0,0.0,-0.1,0.0,-29.86,0.0,-0.28,,False,0.266,593,False,False,False,True,0.0,0.0,908,1.4,0.0,-1.6,,-4.18,0.0,-0.19,,False,0.174,368,False,False,False,True,
