날짜,코드,종가,외인지분율,외인_억,기관_억,개인_억
2025-07-14,070300,,13.44,0.0,,-0.0
2025-07-15,070300,,13.45,0.4,,-0.4
2025-07-16,070300,,13.64,-0.5,,0.4
2025-07-17,070300,,13.4,-0.1,,0.2
2025-07-18,070300,,13.33,-0.3,,0.3
2025-07-21,070300,,13.17,0.2,,-0.2
2025-07-22,070300,,13.27,0.1,,-0.1
2025-07-23,070300,,13.3,0.1,,-0.1
2025-07-24,070300,,13.36,-0.3,,0.3
2025-07-25,070300,,13.23,0.2,,-0.2
2025-07-28,070300,,13.36,-0.1,,0.2
2025-07-29,070300,,13.23,0.1,,-0.1
2025-07-30,070300,,13.27,0.4,,-0.4
2025-07-31,070300,,13.47,-0.1,,0.1
2025-08-01,070300,,13.4,-0.0,,0.0
2025-08-04,070300,,13.39,0.6,,-0.6
2025-08-05,070300,,13.73,0.3,-0.1,-0.2
2025-08-06,070300,,13.88,0.4,-0.1,-0.3
2025-08-07,070300,,14.12,0.2,,-0.2
2025-08-08,070300,,14.21,0.6,,-0.5
2025-08-11,070300,,14.5,0.2,0.0,-0.2
2025-08-12,070300,,14.57,0.2,,-0.2
2025-08-13,070300,,14.68,0.4,,-0.4
2025-08-14,070300,,14.86,0.1,,-0.1
2025-08-18,070300,,14.89,-0.3,0.2,0.1
2025-08-19,070300,,14.74,-0.1,0.8,-0.8
2025-08-20,070300,,14.71,-1.1,-1.0,2.0
2025-08-21,070300,,14.09,-0.2,-0.1,0.2
2025-08-22,070300,,13.98,0.1,-0.0,-0.1
2025-08-25,070300,,14.07,-0.1,-0.1,0.2
2025-08-26,070300,,13.98,-0.9,-1.2,2.6
2025-08-27,070300,,13.24,-0.0,0.2,-0.2
2025-08-28,070300,,8.33,0.6,-0.8,0.3
2025-08-29,070300,1186.0,8.6,-0.3,-0.0,0.3
2025-09-01,070300,,8.45,-0.6,,0.6
2025-09-02,070300,,8.18,1.0,,-1.0
2025-09-03,070300,,8.67,-0.2,,0.2
2025-09-04,070300,,8.58,0.2,-0.1,-0.1
2025-09-05,070300,,8.68,-0.4,,0.4
2025-09-08,070300,,8.49,0.2,-0.8,0.8
2025-09-09,070300,,8.58,1.3,-0.2,-1.1
2025-09-10,070300,,7.65,0.4,-0.1,-0.3
2025-09-11,070300,,7.78,-2.9,-0.2,3.1
2025-09-12,070300,,6.99,-2.2,-0.4,2.5
2025-09-15,070300,,6.41,2.9,-0.1,-3.0
2025-09-16,070300,,7.19,-0.3,,0.3
2025-09-17,070300,,7.1,-0.3,-0.1,0.4
2025-09-18,070300,,7.04,0.9,-0.2,-0.8
2025-09-19,070300,,7.29,0.2,-0.1,-0.1
2025-09-22,070300,,7.33,-0.4,,0.4
2025-09-23,070300,,7.03,-0.2,,0.2
2025-09-24,070300,,6.97,0.8,,-0.8
2025-09-25,070300,,7.22,0.5,,-0.5
2025-09-26,070300,,7.38,3.0,-0.1,-2.6
2025-09-29,070300,,8.34,0.0,,-0.1
2025-09-30,070300,1312.0,8.35,0.1,-0.1,0.1
2025-10-01,070300,,8.37,0.4,,-0.4
2025-10-02,070300,,8.49,-0.1,-0.1,0.2
2025-10-10,070300,,8.45,0.0,,-0.0
2025-10-13,070300,,8.45,-0.0,-0.2,0.2
2025-10-14,070300,,8.44,-0.3,-0.4,0.6
2025-10-15,070300,,8.35,-0.1,,0.1
2025-10-16,070300,,8.33,-0.1,,0.1
2025-10-17,070300,,8.29,-0.2,,0.2
2025-10-20,070300,,8.22,-0.1,,0.1
2025-10-21,070300,,8.18,-0.3,,0.2
2025-10-22,070300,,8.12,0.2,,-0.2
2025-10-23,070300,,8.17,0.4,,-0.4
2025-10-24,070300,,8.29,-0.5,,0.5
2025-10-27,070300,,8.27,-2.3,,2.2
2025-10-28,070300,,7.6,-0.5,,0.5
2025-10-29,070300,,7.44,0.1,0.0,-0.1
2025-10-30,070300,,7.47,-1.7,,1.6
2025-10-31,070300,1413.0,7.01,0.2,,-0.3
2025-11-03,070300,,7.06,-0.1,,0.1
2025-11-04,070300,,7.04,0.1,,-0.1
2025-11-05,070300,,7.08,-4.1,,4.0
2025-11-06,070300,,5.88,0.5,,-0.7
2025-11-07,070300,,6.05,-0.1,,-0.0
2025-11-10,070300,,6.03,0.4,-0.4,-0.1
2025-11-11,070300,,6.15,-0.0,,0.0
2025-11-12,070300,,6.14,0.4,,-0.4
2025-11-13,070300,,6.27,-0.0,,-0.0
2025-11-14,070300,,6.26,-0.2,,0.1
2025-11-17,070300,,6.21,1.0,,-1.0
2025-11-18,070300,,6.56,-0.1,,0.1
2025-11-19,070300,,6.51,-0.1,,0.1
2025-11-20,070300,,6.51,-0.1,,0.1
2025-11-21,070300,,6.42,-0.0,,0.0
2025-11-24,070300,,6.42,-0.2,,0.1
2025-11-25,070300,,6.36,-0.1,,-0.0
2025-11-26,070300,,6.34,0.1,,-0.1
2025-11-27,070300,,6.41,0.0,,-0.0
2025-11-28,070300,1236.0,6.42,0.2,,-0.3
2025-12-01,070300,,6.52,0.2,,-0.2
2025-12-02,070300,,6.58,0.2,-0.0,-0.2
2025-12-03,070300,,6.66,0.2,,-0.2
2025-12-04,070300,,6.74,0.0,,-0.1
2025-12-05,070300,,6.75,0.7,,-0.7
2025-12-08,070300,,7.0,0.1,,-0.1
2025-12-09,070300,,7.05,-0.3,,0.3
2025-12-10,070300,,6.94,-0.1,,0.1
2025-12-11,070300,,6.91,0.0,,-0.0
2025-12-12,070300,,6.93,0.6,,-0.7
2025-12-15,070300,,7.14,0.2,,-0.2
2025-12-16,070300,,7.21,0.0,,-0.0
2025-12-17,070300,,7.39,-0.1,,0.0
2025-12-18,070300,,7.37,-0.2,,0.2
2025-12-19,070300,,7.3,-0.1,,-0.1
2025-12-22,070300,,7.25,-0.1,,0.1
2025-12-23,070300,,7.23,-0.0,,0.1
2025-12-24,070300,,7.24,0.1,,-0.1
2025-12-26,070300,,7.27,-0.1,,0.1
2025-12-29,070300,,7.24,0.1,,-0.1
2025-12-30,070300,1309.0,7.27,0.4,,-0.4
2026-01-02,070300,,7.39,0.2,,-0.2
2026-01-05,070300,,7.45,1.8,,-2.4
2026-01-06,070300,,7.97,-0.2,-0.0,0.1
2026-01-07,070300,,8.0,0.4,,-0.4
2026-01-08,070300,,8.1,-0.6,,0.5
2026-01-09,070300,,7.96,-0.1,,0.1
2026-01-12,070300,,7.94,-0.2,,0.4
2026-01-13,070300,,7.89,0.1,,-0.1
2026-01-14,070300,,7.93,-0.3,,0.6
2026-01-15,070300,,7.85,-0.4,,0.4
2026-01-16,070300,,7.74,0.3,,-0.4
2026-01-19,070300,,7.84,0.4,,-0.5
2026-01-20,070300,,7.97,0.8,,-0.4
2026-01-21,070300,,8.2,-0.6,,0.6
2026-01-22,070300,,8.03,-0.3,,0.6
2026-01-23,070300,,7.95,-0.4,,0.4
2026-01-26,070300,,7.86,1.4,,-1.4
2026-01-27,070300,,8.23,-0.4,,0.4
2026-01-28,070300,,8.13,-0.1,,0.5
2026-01-29,070300,,8.1,0.4,,-0.2
2026-01-30,070300,1850.0,8.2,0.1,,-0.1
2026-02-02,070300,,8.22,0.1,,0.1
2026-02-03,070300,,8.24,-0.2,,0.5
2026-02-04,070300,,8.19,0.1,,-0.0
2026-02-05,070300,,8.21,0.5,,-0.2
2026-02-06,070300,,8.32,3.9,0.0,-2.1
2026-02-09,070300,,9.18,-0.5,-0.0,0.5
2026-02-10,070300,,9.06,-0.4,-0.0,0.4
2026-02-11,070300,,8.97,1.0,,-0.8
2026-02-12,070300,,9.17,-1.8,,1.8
2026-02-13,070300,,8.77,-0.2,,1.0
2026-02-19,070300,,8.71,-0.6,,0.9
2026-02-20,070300,,8.56,-0.4,,0.4
2026-02-23,070300,,8.47,0.3,,-0.2
2026-02-24,070300,,8.36,1.0,,-0.4
2026-02-25,070300,,8.62,0.1,,0.1
2026-02-26,070300,,8.65,0.5,,-0.4
2026-02-27,070300,1617.0,8.77,-0.1,,0.1
2026-03-03,070300,,8.75,-0.4,,0.5
2026-03-04,070300,,8.63,0.1,,-0.1
2026-03-05,070300,,8.65,-0.0,,0.0
2026-03-06,070300,,8.65,0.2,0.0,-0.2
2026-03-09,070300,,8.7,-0.0,,0.0
2026-03-10,070300,,8.7,-0.1,,0.0
2026-03-11,070300,,8.66,0.2,,-0.2
2026-03-12,070300,,8.73,1.0,,-0.2
2026-03-13,070300,,9.02,-0.4,-0.3,0.5
2026-03-16,070300,,8.91,-0.4,,0.4
2026-03-17,070300,,8.82,-0.8,,0.6
2026-03-18,070300,,8.63,0.1,,-0.1
2026-03-19,070300,,8.7,0.7,,-0.7
2026-03-20,070300,,8.84,-1.1,,1.1
2026-03-23,070300,,8.64,-1.2,,1.4
2026-03-24,070300,,8.39,-0.7,,0.8
2026-03-25,070300,,8.27,-0.1,,0.2
2026-03-26,070300,,8.25,-0.0,,0.2
2026-03-27,070300,,8.24,-0.3,,0.3
2026-03-30,070300,,8.16,0.1,,0.1
2026-03-31,070300,1942.0,8.18,0.3,,-0.1
2026-04-01,070300,,8.24,0.7,,-1.1
2026-04-02,070300,,8.39,-0.6,,0.6
2026-04-03,070300,,8.26,1.3,,-1.3
2026-04-06,070300,,8.56,-0.9,,0.8
2026-04-07,070300,,8.36,0.2,,-0.6
2026-04-08,070300,,8.41,1.0,,-1.2
2026-04-09,070300,,8.64,-0.1,,0.1
2026-04-10,070300,,8.62,1.9,0.0,-0.6
2026-04-13,070300,,9.05,0.1,0.2,-0.2
2026-04-14,070300,,9.09,-12.2,-0.1,16.2
2026-04-15,070300,,7.17,0.4,,1.1
2026-04-16,070300,,7.24,2.3,-0.0,-0.1
2026-04-17,070300,,7.57,1.4,0.4,-2.8
2026-04-20,070300,,7.83,8.0,-0.4,1.2
2026-04-21,070300,,8.99,-0.9,0.2,0.4
2026-04-22,070300,,8.86,-0.4,,0.4
2026-04-23,070300,,8.81,-1.2,,1.2
2026-04-24,070300,,8.71,-5.8,-0.1,5.7
2026-04-27,070300,,7.94,-0.1,0.0,-0.1
2026-04-28,070300,,8.02,0.2,0.3,-0.6
2026-04-29,070300,,8.05,-0.2,0.0,0.1
2026-04-30,070300,2625.0,8.03,0.6,-0.0,-0.7
2026-05-04,070300,,8.18,-0.1,-0.5,0.6
2026-05-06,070300,,8.17,-1.5,0.3,-0.4
2026-05-07,070300,,7.91,0.1,-0.1,-0.3
2026-05-08,070300,,7.95,-2.9,-0.3,3.9
2026-05-11,070300,,7.45,-3.3,0.0,3.0
2026-05-12,070300,,6.88,-0.3,-0.0,0.2
2026-05-13,070300,,6.84,0.6,0.0,-0.7
2026-05-14,070300,,6.95,-0.7,-0.0,0.8
2026-05-15,070300,,6.88,1.2,-0.0,-1.2
2026-05-18,070300,,7.1,0.8,0.0,-0.8
2026-05-19,070300,,7.26,-0.1,-0.0,-0.0
2026-05-20,070300,,7.18,-0.1,-0.0,0.0
2026-05-21,070300,,7.15,-1.3,0.0,1.1
2026-05-22,070300,,5.72,1.6,0.0,-2.0
2026-05-26,070300,,6.0,0.9,-0.0,-0.9
2026-05-27,070300,,6.08,2.3,,-2.2
2026-05-28,070300,,6.53,0.3,-0.0,-0.3
2026-05-29,070300,1650.0,5.44,-0.8,0.0,1.5
2026-06-01,070300,,5.3,-0.5,-0.0,1.7
2026-06-02,070300,,5.14,3.7,-0.0,-1.7
2026-06-04,070300,,5.91,-0.1,-0.0,0.9
2026-06-05,070300,,5.89,0.1,,0.2
2026-06-08,070300,,5.9,-1.6,-0.0,1.6
2026-06-09,070300,,5.58,-0.8,-0.0,1.3
2026-06-10,070300,,5.41,0.1,-0.0,-0.1
2026-06-11,070300,,5.42,-5.6,0.1,5.5
2026-06-12,070300,,4.49,0.2,-0.1,-0.1
2026-06-15,070300,,4.63,-0.2,-0.1,0.2
2026-06-16,070300,,4.61,-1.1,0.0,4.7
2026-06-17,070300,,4.45,-1.4,-0.0,4.4
2026-06-18,070300,,4.2,0.2,-0.0,0.9
2026-06-19,070300,,4.24,-0.1,0.0,0.1
2026-06-22,070300,,4.2,0.4,-0.0,-0.4
2026-06-23,070300,,4.33,0.0,-0.0,0.0
2026-06-24,070300,,4.35,-0.3,-0.0,0.9
2026-06-25,070300,,4.25,0.0,-0.0,0.6
2026-06-26,070300,,4.26,2.4,-0.0,0.5
2026-06-29,070300,,4.8,0.2,-0.0,1.4
2026-06-30,070300,1530.0,4.85,-0.9,-0.0,-0.2
2026-07-01,070300,,4.69,-1.8,1.1,-3.5
2026-07-02,070300,,4.39,0.1,-0.0,-0.3
2026-07-03,070300,,4.4,0.5,-0.0,-0.4
2026-07-06,070300,,4.48,-0.7,-0.0,1.5
2026-07-07,070300,,4.38,-0.4,0.0,0.3
2026-07-08,070300,,4.31,0.0,-0.0,-0.0
2026-07-09,070300,,4.31,-0.1,-0.0,0.1
2026-07-10,070300,,4.3,-0.5,-0.0,0.5
2026-07-13,070300,1524.0,4.23,-0.3,-0.0,1.1
2025-07-14,070590,,3.45,-0.1,,0.1
2025-07-15,070590,,3.41,-0.1,,0.1
2025-07-16,070590,,3.38,0.0,,-0.0
2025-07-17,070590,,3.37,-0.1,,0.0
2025-07-18,070590,,3.34,0.1,,-0.1
2025-07-21,070590,,3.37,-0.3,,0.3
2025-07-22,070590,,3.26,0.1,,-0.1
2025-07-23,070590,,3.31,-0.1,,0.1
2025-07-24,070590,,3.27,-0.2,,0.2
2025-07-25,070590,,3.18,-0.2,,0.1
2025-07-28,070590,,3.12,-0.0,,0.0
2025-07-29,070590,,3.11,-0.2,,0.2
2025-07-30,070590,,3.04,0.0,,-0.0
2025-07-31,070590,,3.05,-0.0,,0.0
2025-08-01,070590,,3.04,-0.4,,0.4
2025-08-04,070590,,2.9,0.3,,-0.3
2025-08-05,070590,,3.0,-0.0,,0.0
2025-08-06,070590,,3.0,0.0,0.0,-0.0
2025-08-07,070590,,2.97,0.0,,-0.0
2025-08-08,070590,,2.98,0.0,,-0.0
2025-08-11,070590,,2.99,-0.0,,0.0
2025-08-12,070590,,2.98,-0.2,,0.2
2025-08-13,070590,,2.91,-0.1,,0.1
2025-08-14,070590,,2.88,-0.0,,0.0
2025-08-18,070590,,2.87,-0.1,,0.1
2025-08-19,070590,,2.83,-0.0,,0.0
2025-08-20,070590,,2.83,-0.0,,0.0
2025-08-21,070590,,2.81,-0.0,,0.0
2025-08-22,070590,,2.79,-0.1,,0.1
2025-08-25,070590,,2.74,0.1,,-0.1
2025-08-26,070590,,2.8,0.1,,-0.1
2025-08-27,070590,,2.78,-0.2,,0.2
2025-08-28,070590,,2.72,-0.1,,0.1
2025-08-29,070590,1801.0,2.7,-0.0,,-0.0
2025-09-01,070590,,2.72,-0.2,-0.1,0.2
2025-09-02,070590,,2.65,0.1,-0.6,0.6
2025-09-03,070590,,2.71,0.1,-1.2,1.1
2025-09-04,070590,,2.7,0.1,0.0,-0.1
2025-09-05,070590,,2.73,-0.1,0.0,0.1
2025-09-08,070590,,2.71,0.6,-0.9,0.3
2025-09-09,070590,,2.94,-0.0,0.0,-0.0
2025-09-10,070590,,2.93,-0.0,,0.1
2025-09-11,070590,,2.92,0.1,,-0.1
2025-09-12,070590,,2.96,-0.0,-0.1,0.1
2025-09-15,070590,,2.96,-0.3,,0.3
2025-09-16,070590,,2.86,0.1,-0.7,0.6
2025-09-17,070590,,2.9,-0.1,-0.1,0.2
2025-09-18,070590,,2.88,-0.0,0.0,0.0
2025-09-19,070590,,2.87,-0.3,,0.3
2025-09-22,070590,,2.76,-0.1,-0.1,0.2
2025-09-23,070590,,2.73,-0.2,,0.2
2025-09-24,070590,,2.65,-0.0,,-0.0
2025-09-25,070590,,2.64,-0.1,,0.1
2025-09-26,070590,,2.62,-0.1,,0.1
2025-09-29,070590,,2.55,1.0,0.0,-1.1
2025-09-30,070590,2220.0,2.9,-0.6,,0.7
2025-10-01,070590,,2.7,0.6,,-0.6
2025-10-02,070590,,2.89,-0.0,-0.0,0.0
2025-10-10,070590,,2.89,-0.0,,0.0
2025-10-13,070590,,2.87,0.6,,-0.6
2025-10-14,070590,,3.09,-0.1,,0.1
2025-10-15,070590,,3.05,0.5,0.0,-0.5
2025-10-16,070590,,3.24,0.2,0.0,-0.2
2025-10-17,070590,,3.3,-0.0,,0.0
2025-10-20,070590,,3.3,-0.3,,0.3
2025-10-21,070590,,3.21,-0.1,,0.1
2025-10-22,070590,,3.19,0.0,,-0.0
2025-10-23,070590,,3.2,-0.2,,0.2
2025-10-24,070590,,3.13,0.1,,-0.1
2025-10-27,070590,,3.16,0.7,-0.0,-0.7
2025-10-28,070590,,3.38,0.1,,-0.1
2025-10-29,070590,,3.41,-0.2,,0.2
2025-10-30,070590,,3.34,0.0,,-0.0
2025-10-31,070590,2300.0,3.35,-0.1,,0.1
2025-11-03,070590,,3.32,-0.1,-0.0,0.2
2025-11-04,070590,,3.28,0.0,,-0.0
2025-11-05,070590,,3.28,0.1,,-0.1
2025-11-06,070590,,3.32,0.0,,-0.0
2025-11-07,070590,,3.34,-0.4,,0.4
2025-11-10,070590,,3.2,0.1,-0.2,0.1
2025-11-11,070590,,3.22,-0.0,,0.0
2025-11-12,070590,,3.21,-0.1,,0.0
2025-11-13,070590,,3.19,0.2,,-0.2
2025-11-14,070590,,3.24,0.2,,-0.2
2025-11-17,070590,,3.3,0.1,,-0.1
2025-11-18,070590,,3.35,-0.0,,0.0
2025-11-19,070590,,3.33,-0.3,,0.3
2025-11-20,070590,,3.23,-0.4,,0.4
2025-11-21,070590,,3.1,-0.2,,0.2
2025-11-24,070590,,3.03,-0.1,,0.1
2025-11-25,070590,,3.0,-0.2,-0.1,0.3
2025-11-26,070590,,2.93,-0.2,,0.2
2025-11-27,070590,,2.87,-0.1,,0.1
2025-11-28,070590,2180.0,2.85,0.5,0.5,-1.0
2025-12-01,070590,,3.0,0.3,0.4,-0.7
2025-12-02,070590,,3.08,-0.1,0.1,-0.0
2025-12-03,070590,,3.05,-0.1,,0.1
2025-12-04,070590,,3.03,0.0,,-0.0
2025-12-05,070590,,3.03,0.1,,-0.1
2025-12-08,070590,,3.06,-0.1,,0.1
2025-12-09,070590,,3.01,0.0,,-0.0
2025-12-10,070590,,3.02,-0.1,-0.0,0.1
2025-12-11,070590,,3.01,-0.1,-0.0,0.1
2025-12-12,070590,,2.97,-0.1,,0.1
2025-12-15,070590,,2.94,-1.6,,1.6
2025-12-16,070590,,2.44,1.1,,-1.1
2025-12-17,070590,,3.09,0.3,,-0.3
2025-12-18,070590,,3.18,0.4,,-0.3
2025-12-19,070590,,3.31,0.3,,-0.4
2025-12-22,070590,,3.4,-0.8,,0.3
2025-12-23,070590,,3.16,-0.2,,0.3
2025-12-24,070590,,3.07,-0.1,,0.1
2025-12-26,070590,,3.05,-0.2,,0.2
2025-12-29,070590,,2.97,-0.2,,0.2
2025-12-30,070590,2155.0,2.92,-0.1,,0.1
2026-01-02,070590,,2.9,0.0,,-0.0
2026-01-05,070590,,2.92,-0.0,,0.0
2026-01-06,070590,,2.91,0.2,,-0.3
2026-01-07,070590,,2.96,-0.0,-0.2,0.2
2026-01-08,070590,,2.95,-0.2,-0.2,0.4
2026-01-09,070590,,2.88,-0.1,-0.0,0.1
2026-01-12,070590,,2.84,0.0,-0.1,0.1
2026-01-13,070590,,2.84,-0.1,-0.2,0.3
2026-01-14,070590,,2.8,-0.1,,0.1
2026-01-15,070590,,2.77,-0.1,-0.2,0.3
2026-01-16,070590,,2.74,-0.0,-0.0,0.1
2026-01-19,070590,,2.73,-0.2,,0.2
2026-01-20,070590,,2.67,0.0,,-0.0
2026-01-21,070590,,2.68,-0.2,0.0,0.2
2026-01-22,070590,,2.61,-0.1,0.0,0.1
2026-01-23,070590,,2.57,0.1,-0.1,-0.0
2026-01-26,070590,,2.62,-0.0,-0.1,0.1
2026-01-27,070590,,2.61,-0.0,-0.0,0.1
2026-01-28,070590,,2.59,-0.1,-0.1,0.2
2026-01-29,070590,,2.55,-0.1,-0.0,0.2
2026-01-30,070590,1960.0,2.5,-0.2,-0.1,0.3
2026-02-02,070590,,2.43,-0.5,-0.0,0.5
2026-02-03,070590,,2.22,-0.2,0.0,0.2
2026-02-04,070590,,2.14,-0.3,,0.2
2026-02-05,070590,,2.03,-0.1,0.0,0.1
2026-02-06,070590,,1.98,-0.1,-0.1,0.2
2026-02-09,070590,,1.93,-0.0,-0.0,0.0
2026-02-10,070590,,1.91,-0.2,,0.2
2026-02-11,070590,,1.85,-0.3,,0.2
2026-02-12,070590,,1.75,-0.1,,0.1
2026-02-13,070590,,1.72,-0.1,,0.5
2026-02-19,070590,,1.66,0.0,,-0.0
2026-02-20,070590,,1.67,0.0,,-0.0
2026-02-23,070590,,1.69,-0.1,,0.1
2026-02-24,070590,,1.39,0.2,,-0.2
2026-02-25,070590,,1.47,0.0,,-0.0
2026-02-26,070590,,1.47,0.1,,-0.0
2026-02-27,070590,1962.0,1.49,0.0,,-0.0
2026-03-03,070590,,1.5,-0.2,,0.2
2026-03-04,070590,,1.43,-0.0,,0.0
2026-03-05,070590,,1.44,0.2,-0.7,0.5
2026-03-06,070590,,1.52,0.1,-0.1,-0.0
2026-03-09,070590,,1.57,0.1,,-0.1
2026-03-10,070590,,1.6,0.1,,-0.1
2026-03-11,070590,,1.63,0.5,,-0.3
2026-03-12,070590,,1.82,0.3,,-0.4
2026-03-13,070590,,1.94,2.3,-2.0,-0.2
2026-03-16,070590,,2.76,0.1,,-0.2
2026-03-17,070590,,2.81,-0.6,,0.6
2026-03-18,070590,,2.6,0.1,,-0.1
2026-03-19,070590,,2.64,0.2,,-0.1
2026-03-20,070590,,2.69,-0.0,,0.0
2026-03-23,070590,,2.68,-0.2,,0.2
2026-03-24,070590,,2.61,-0.0,,0.0
2026-03-25,070590,,2.6,-0.0,,0.0
2026-03-26,070590,,2.58,0.2,,-0.2
2026-03-27,070590,,2.67,0.0,,0.0
2026-03-30,070590,,2.68,0.2,,-0.2
2026-03-31,070590,1933.0,2.76,0.0,,-0.0
2026-04-01,070590,,2.77,0.2,,-0.2
2026-04-02,070590,,2.85,-0.2,,0.2
2026-04-03,070590,,2.77,-0.2,,0.2
2026-04-06,070590,,2.7,0.1,,-0.1
2026-04-07,070590,,2.76,0.2,,-0.2
2026-04-08,070590,,2.85,0.8,,-0.8
2026-04-09,070590,,3.15,0.1,,-0.1
2026-04-10,070590,,3.17,0.2,,-0.1
2026-04-13,070590,,3.23,-0.0,,0.0
2026-04-14,070590,,3.22,-0.0,,0.0
2026-04-15,070590,,3.2,0.1,,-0.1
2026-04-16,070590,,3.23,0.3,,-0.3
2026-04-17,070590,,3.32,0.0,,-0.1
2026-04-20,070590,,3.33,0.1,,-0.0
2026-04-21,070590,,3.35,-0.0,,0.1
2026-04-22,070590,,3.34,0.1,,-0.0
2026-04-23,070590,,3.35,-0.1,,0.1
2026-04-24,070590,,3.3,-0.1,,0.1
2026-04-27,070590,,3.28,-0.2,,0.2
2026-04-28,070590,,3.21,0.0,,-0.0
2026-04-29,070590,,3.21,-0.0,,0.0
2026-04-30,070590,1911.0,3.21,0.0,,-0.0
2026-05-04,070590,,3.22,-0.1,,0.0
2026-05-06,070590,,3.2,-0.1,,0.4
2026-05-07,070590,,3.18,-0.2,,0.2
2026-05-08,070590,,3.11,-0.1,,0.1
2026-05-11,070590,,3.09,0.3,0.0,-0.5
2026-05-12,070590,,3.23,-0.1,0.0,0.1
2026-05-13,070590,,3.19,-0.1,-0.0,0.1
2026-05-14,070590,,3.14,-0.2,-0.0,0.2
2026-05-15,070590,,3.04,-0.1,-0.0,0.1
2026-05-18,070590,,3.01,0.0,0.0,-0.0
2026-05-19,070590,,3.03,0.3,-0.0,-0.4
2026-05-20,070590,,3.17,-0.0,0.0,0.0
2026-05-21,070590,,3.29,-0.2,-0.0,0.1
2026-05-22,070590,,3.22,-0.2,-0.0,0.2
2026-05-26,070590,,3.15,-0.1,0.0,0.1
2026-05-27,070590,,3.11,-0.2,-0.0,0.2
2026-05-28,070590,,3.03,-0.1,-0.0,0.1
2026-05-29,070590,1680.0,2.97,-0.0,-0.0,0.0
2026-06-01,070590,,2.96,-0.0,-0.0,0.0
2026-06-02,070590,,2.94,-0.0,-0.0,0.0
2026-06-04,070590,,2.93,-0.1,-0.0,0.1
2026-06-05,070590,,2.9,-0.1,0.0,0.1
2026-06-08,070590,,2.83,-0.0,0.0,0.0
2026-06-09,070590,,2.82,-0.1,-0.0,0.1
2026-06-10,070590,,2.76,-0.0,0.0,0.0
2026-06-11,070590,,2.75,-0.0,-0.0,0.0
2026-06-12,070590,,2.75,-0.0,0.0,0.0
2026-06-15,070590,,2.74,-0.0,,0.0
2026-06-16,070590,,2.73,-0.0,0.0,0.1
2026-06-17,070590,,2.71,-0.0,-0.0,0.1
2026-06-18,070590,,2.69,-0.0,0.0,0.0
2026-06-19,070590,,2.67,-0.1,0.0,0.1
2026-06-22,070590,,2.62,-0.1,-0.0,0.1
2026-06-23,070590,,2.57,-0.2,-0.0,0.2
2026-06-24,070590,,2.49,-0.1,-0.0,0.0
2026-06-25,070590,,2.48,-0.0,-0.0,0.0
2026-06-26,070590,,2.47,-0.2,-0.0,-0.0
2026-06-29,070590,,2.41,-0.2,,-0.1
2026-06-30,070590,1778.0,2.32,-0.1,-0.0,-0.1
2026-07-01,070590,,2.26,-0.1,0.0,0.1
2026-07-02,070590,,2.23,-0.1,-0.0,-0.1
2026-07-03,070590,,2.21,-0.1,0.0,0.1
2026-07-06,070590,,2.16,-0.0,-0.0,-0.0
2026-07-07,070590,,2.14,-0.1,-0.0,-0.0
2026-07-08,070590,,2.12,-0.0,-0.0,-0.0
2026-07-09,070590,,2.11,-0.0,0.0,0.0
2026-07-10,070590,,2.1,-0.2,-0.0,-0.0
2026-07-13,070590,1741.0,2.03,-0.1,,-0.1
2025-07-14,070960,,1.8,0.1,0.1,-0.2
2025-07-15,070960,,1.81,-0.3,0.1,0.2
2025-07-16,070960,,1.86,-0.4,-0.1,0.4
2025-07-17,070960,,1.84,-0.6,0.0,0.5
2025-07-18,070960,,1.81,1.0,-0.0,-1.0
2025-07-21,070960,,1.86,-0.2,-0.0,0.2
2025-07-22,070960,,1.85,-0.5,-0.2,0.6
2025-07-23,070960,,1.83,2.1,-0.0,-1.4
2025-07-24,070960,,1.93,-0.1,-0.0,0.1
2025-07-25,070960,,1.92,-1.9,-0.1,2.1
2025-07-28,070960,,1.83,0.7,-2.1,1.4
2025-07-29,070960,,1.86,-0.7,-0.4,1.2
2025-07-30,070960,,1.85,-0.1,-0.2,0.4
2025-07-31,070960,,1.84,-6.3,-0.1,6.5
2025-08-01,070960,,1.52,-1.8,-0.0,2.0
2025-08-04,070960,,1.44,0.9,0.2,-1.1
2025-08-05,070960,,1.48,-0.1,0.1,-0.0
2025-08-06,070960,,1.48,0.1,0.2,-0.3
2025-08-07,070960,,1.48,1.2,0.1,-1.3
2025-08-08,070960,,1.54,1.3,-0.0,-1.3
2025-08-11,070960,,1.6,-2.3,-0.3,2.7
2025-08-12,070960,,1.5,-2.3,0.0,2.3
2025-08-13,070960,,1.39,-0.0,0.4,-0.4
2025-08-14,070960,,1.39,-2.3,0.5,1.8
2025-08-18,070960,,1.28,0.4,0.1,-0.5
2025-08-19,070960,,1.3,0.6,0.0,-0.6
2025-08-20,070960,,1.31,1.1,0.0,-1.1
2025-08-21,070960,,1.36,-0.7,0.1,0.6
2025-08-22,070960,,1.31,0.2,0.2,-0.5
2025-08-25,070960,,1.31,-1.1,0.1,1.0
2025-08-26,070960,,1.26,-0.0,0.0,0.0
2025-08-27,070960,,1.26,-0.7,0.1,0.7
2025-08-28,070960,,1.23,0.4,0.0,-0.4
2025-08-29,070960,4175.0,1.25,-0.9,-0.1,-0.1
2025-09-01,070960,,1.21,-0.2,-0.0,-0.5
2025-09-02,070960,,1.19,0.9,0.0,-1.1
2025-09-03,070960,,1.24,0.4,0.0,-0.4
2025-09-04,070960,,1.26,-0.3,0.1,0.3
2025-09-05,070960,,1.24,-1.3,-0.1,1.2
2025-09-08,070960,,1.17,1.0,-0.0,-1.0
2025-09-09,070960,,1.22,0.3,-0.1,-0.3
2025-09-10,070960,,1.23,1.3,-0.0,-1.3
2025-09-11,070960,,1.3,-0.5,-0.0,0.4
2025-09-12,070960,,1.27,0.8,0.0,-0.8
2025-09-15,070960,,1.32,-0.2,0.2,-0.0
2025-09-16,070960,,1.31,0.3,-0.0,-0.3
2025-09-17,070960,,1.32,0.1,-0.1,0.0
2025-09-18,070960,,1.33,0.5,-0.1,-0.4
2025-09-19,070960,,1.36,-0.4,0.3,0.1
2025-09-22,070960,,1.34,0.8,-0.1,-0.7
2025-09-23,070960,,1.38,-0.2,0.0,0.2
2025-09-24,070960,,1.37,-0.8,0.0,0.8
2025-09-25,070960,,1.33,-0.2,0.2,0.0
2025-09-26,070960,,1.3,0.7,0.3,-1.0
2025-09-29,070960,,1.33,-0.0,-0.0,0.1
2025-09-30,070960,3975.0,1.33,-1.1,-0.5,1.5
2025-10-01,070960,,1.28,-0.6,0.1,0.5
2025-10-02,070960,,1.29,0.6,0.1,-0.8
2025-10-10,070960,,1.32,-0.1,-0.3,0.4
2025-10-13,070960,,1.31,0.5,0.3,-0.9
2025-10-14,070960,,1.34,0.9,0.1,-1.0
2025-10-15,070960,,1.39,1.1,-0.4,-0.6
2025-10-16,070960,,1.45,-0.1,0.1,0.0
2025-10-17,070960,,1.56,-0.8,-0.3,1.0
2025-10-20,070960,,1.49,1.8,0.6,-2.4
2025-10-21,070960,,1.58,-0.8,-0.4,1.1
2025-10-22,070960,,1.54,-0.1,-0.2,0.3
2025-10-23,070960,,1.54,-0.3,-0.4,0.6
2025-10-24,070960,,1.53,0.5,0.5,-1.3
2025-10-27,070960,,1.56,1.0,-2.2,0.8
2025-10-28,070960,,1.61,0.9,-0.1,-0.7
2025-10-29,070960,,1.66,-2.9,-1.5,4.2
2025-10-30,070960,,1.5,-0.8,0.1,0.7
2025-10-31,070960,3480.0,1.46,-0.0,-0.4,0.4
2025-11-03,070960,,1.48,1.1,-0.5,-0.6
2025-11-04,070960,,1.54,0.7,-0.2,-0.5
2025-11-05,070960,,1.59,-0.5,-0.1,0.6
2025-11-06,070960,,1.56,-0.5,-0.3,0.7
2025-11-07,070960,,1.57,0.2,-0.1,-0.1
2025-11-10,070960,,1.58,0.5,0.2,-0.7
2025-11-11,070960,,1.62,-0.3,-0.4,0.7
2025-11-12,070960,,1.6,0.7,0.0,-0.7
2025-11-13,070960,,1.64,-0.1,-0.1,0.1
2025-11-14,070960,,1.63,-0.3,-0.1,0.1
2025-11-17,070960,,1.61,0.3,-0.2,-0.1
2025-11-18,070960,,1.64,0.2,0.0,-0.2
2025-11-19,070960,,1.63,0.2,0.0,-0.2
2025-11-20,070960,,1.64,1.7,0.0,-1.7
2025-11-21,070960,,1.74,-0.0,0.2,-0.2
2025-11-24,070960,,1.74,-0.4,-0.3,0.7
2025-11-25,070960,,1.72,0.2,-0.1,-0.1
2025-11-26,070960,,1.73,1.2,-0.4,-0.8
2025-11-27,070960,,1.81,0.1,0.1,-0.2
2025-11-28,070960,3320.0,1.79,0.5,0.0,-0.5
2025-12-01,070960,,1.83,-1.1,-0.2,1.2
2025-12-02,070960,,1.77,-0.2,-0.1,0.3
2025-12-03,070960,,1.75,0.6,-0.3,-0.3
2025-12-04,070960,,1.79,-0.4,-0.1,0.5
2025-12-05,070960,,1.76,0.4,0.1,-0.7
2025-12-08,070960,,1.79,0.1,-0.1,0.0
2025-12-09,070960,,1.8,0.2,0.1,-0.3
2025-12-10,070960,,1.81,0.7,0.0,-0.6
2025-12-11,070960,,1.94,0.9,-0.2,-0.9
2025-12-12,070960,,2.0,-0.7,-0.1,0.2
2025-12-15,070960,,1.96,1.3,1.2,-2.5
2025-12-16,070960,,2.04,-3.5,-0.4,3.3
2025-12-17,070960,,1.83,-0.9,-0.2,0.8
2025-12-18,070960,,1.77,-0.4,0.1,0.2
2025-12-19,070960,,1.63,0.7,-0.0,-1.0
2025-12-22,070960,,1.67,0.6,0.2,-0.8
2025-12-23,070960,,1.71,-1.9,-0.3,1.5
2025-12-24,070960,,1.76,0.5,-0.0,-0.4
2025-12-26,070960,,1.67,-0.2,0.2,0.1
2025-12-29,070960,,1.66,0.6,-0.1,-0.6
2025-12-30,070960,3305.0,1.7,-0.1,-0.0,0.1
2026-01-02,070960,,1.72,0.4,0.1,-0.5
2026-01-05,070960,,1.76,-1.1,0.1,1.0
2026-01-06,070960,,1.7,-0.8,-0.0,0.9
2026-01-07,070960,,1.69,-0.9,0.0,0.9
2026-01-08,070960,,1.6,0.4,0.8,-1.3
2026-01-09,070960,,1.62,-0.4,-0.1,0.4
2026-01-12,070960,,1.57,-0.1,-0.0,0.1
2026-01-13,070960,,1.57,-0.7,-0.4,1.1
2026-01-14,070960,,1.56,-0.2,-0.5,0.7
2026-01-15,070960,,1.55,0.3,-0.3,-0.1
2026-01-16,070960,,1.57,0.3,-0.1,-0.3
2026-01-19,070960,,1.59,-0.1,-0.2,0.3
2026-01-20,070960,,1.58,0.6,-0.1,-0.5
2026-01-21,070960,,1.54,0.5,-0.0,-0.4
2026-01-22,070960,,1.63,0.1,0.2,-0.2
2026-01-23,070960,,1.63,0.3,0.0,-0.3
2026-01-26,070960,,1.65,0.6,-0.0,-0.6
2026-01-27,070960,,1.65,-0.3,0.0,0.2
2026-01-28,070960,,1.65,0.3,-0.0,-0.3
2026-01-29,070960,,1.69,0.7,-0.2,-0.5
2026-01-30,070960,3170.0,1.74,-0.7,-0.2,0.8
2026-02-02,070960,,1.69,-1.5,-0.1,1.6
2026-02-03,070960,,1.59,0.2,-0.1,-0.1
2026-02-04,070960,,1.61,0.7,-0.0,-0.7
2026-02-05,070960,,1.65,0.3,-0.0,-0.3
2026-02-06,070960,,1.67,0.1,0.1,-0.2
2026-02-09,070960,,1.68,-0.7,-0.3,1.0
2026-02-10,070960,,1.64,0.5,-0.1,-0.4
2026-02-11,070960,,1.64,-0.2,0.1,0.1
2026-02-12,070960,,1.62,0.1,-0.3,0.2
2026-02-13,070960,,1.63,-0.2,-0.1,0.3
2026-02-19,070960,,1.62,-0.1,0.9,-0.8
2026-02-20,070960,,1.61,0.1,-0.1,-0.0
2026-02-23,070960,,1.62,0.2,-0.1,-0.1
2026-02-24,070960,,1.68,-0.6,-0.7,1.3
2026-02-25,070960,,1.65,-0.2,-0.1,0.2
2026-02-26,070960,,1.71,-0.3,1.0,-0.8
2026-02-27,070960,3255.0,1.69,-0.5,-0.0,0.5
2026-03-03,070960,,1.7,-0.1,-0.0,0.2
2026-03-04,070960,,1.7,-1.8,0.4,1.3
2026-03-05,070960,,1.59,0.8,-0.0,-0.8
2026-03-06,070960,,1.62,0.2,-0.0,-0.2
2026-03-09,070960,,1.57,-0.1,-0.0,0.1
2026-03-10,070960,,1.52,0.3,-0.0,-0.3
2026-03-11,070960,,1.5,-0.3,-0.1,0.4
2026-03-12,070960,,1.48,0.3,-0.0,-0.2
2026-03-13,070960,,1.5,0.3,-0.1,-0.3
2026-03-16,070960,,1.56,-0.6,-0.1,0.7
2026-03-17,070960,,1.56,-0.3,-0.2,0.5
2026-03-18,070960,,1.54,0.0,-0.1,0.1
2026-03-19,070960,,1.54,0.0,-0.2,0.2
2026-03-20,070960,,1.57,1.1,-1.0,-0.0
2026-03-23,070960,,1.64,-1.0,-0.7,1.6
2026-03-24,070960,,1.57,0.3,-0.0,-0.3
2026-03-25,070960,,1.59,0.3,0.0,-0.3
2026-03-26,070960,,1.65,-0.3,0.0,0.3
2026-03-27,070960,,1.62,-0.2,0.0,0.2
2026-03-30,070960,,1.55,0.5,0.0,-0.5
2026-03-31,070960,2920.0,1.59,-0.1,0.0,0.1
2026-04-01,070960,,1.58,0.8,-0.0,-0.7
2026-04-02,070960,,1.64,-0.6,0.0,0.6
2026-04-03,070960,,1.58,0.1,0.0,-0.1
2026-04-06,070960,,1.59,0.1,0.0,-0.1
2026-04-07,070960,,1.6,-2.5,0.0,2.5
2026-04-08,070960,,1.43,-0.1,-0.0,0.1
2026-04-09,070960,,1.45,-0.1,0.1,0.0
2026-04-10,070960,,1.43,0.4,-0.1,-0.3
2026-04-13,070960,,1.45,0.1,-0.2,0.1
2026-04-14,070960,,1.45,0.6,-0.0,-0.6
2026-04-15,070960,,1.57,0.4,-0.0,-0.4
2026-04-16,070960,,1.6,0.4,-0.1,-0.4
2026-04-17,070960,,1.62,0.1,0.0,-0.1
2026-04-20,070960,,1.62,0.1,0.0,-0.1
2026-04-21,070960,,1.63,-0.4,0.1,0.3
2026-04-22,070960,,1.59,0.1,-0.0,-0.1
2026-04-23,070960,,1.59,-0.3,-0.0,0.3
2026-04-24,070960,,1.57,0.3,-0.0,-0.3
2026-04-27,070960,,1.59,0.9,0.0,-0.9
2026-04-28,070960,,1.65,0.2,-0.0,-0.2
2026-04-29,070960,,1.66,0.3,-0.1,-0.3
2026-04-30,070960,3120.0,1.68,0.0,-0.0,-0.0
2026-05-04,070960,,1.68,-0.4,-0.0,0.4
2026-05-06,070960,,1.65,-1.4,-0.0,0.9
2026-05-07,070960,,1.58,0.3,-0.0,-0.3
2026-05-08,070960,,1.58,0.2,0.0,-0.2
2026-05-11,070960,,1.62,-0.6,0.1,0.6
2026-05-12,070960,,1.55,-0.3,0.0,0.3
2026-05-13,070960,,1.5,0.1,0.0,-0.2
2026-05-14,070960,,1.5,-0.1,-0.2,0.3
2026-05-15,070960,,1.48,0.6,-0.1,-0.5
2026-05-18,070960,,1.44,-0.2,0.0,0.1
2026-05-19,070960,,1.48,0.4,-0.0,-0.4
2026-05-20,070960,,1.56,0.7,-0.0,-0.6
2026-05-21,070960,,1.62,-0.3,0.0,0.2
2026-05-22,070960,,1.58,0.7,0.0,-0.7
2026-05-26,070960,,1.63,-0.6,0.0,0.6
2026-05-27,070960,,1.58,-0.8,0.0,0.8
2026-05-28,070960,,1.51,-0.3,0.1,0.1
2026-05-29,070960,2605.0,1.49,-0.3,-0.0,0.3
2026-06-01,070960,,1.46,-0.7,-0.0,0.8
2026-06-02,070960,,1.4,0.4,-0.0,-0.4
2026-06-04,070960,,1.43,0.1,-0.0,-0.1
2026-06-05,070960,,1.44,0.2,-0.0,-0.2
2026-06-08,070960,,1.46,-0.0,0.0,-0.0
2026-06-09,070960,,1.44,0.3,-0.0,-0.3
2026-06-10,070960,,1.47,-0.2,-0.0,0.2
2026-06-11,070960,,1.46,0.4,-0.2,-0.3
2026-06-12,070960,,1.5,-0.0,-0.0,0.0
2026-06-15,070960,,1.49,0.0,-0.0,0.0
2026-06-16,070960,,1.5,0.4,-0.0,-0.4
2026-06-17,070960,,1.47,1.2,-1.7,0.5
2026-06-18,070960,,1.57,0.2,0.0,-0.3
2026-06-19,070960,,1.59,0.2,-0.0,-0.2
2026-06-22,070960,,1.6,0.3,0.0,-0.3
2026-06-23,070960,,1.63,-0.1,0.0,0.0
2026-06-24,070960,,1.62,-0.0,0.0,-0.0
2026-06-25,070960,,1.63,0.1,0.0,-0.1
2026-06-26,070960,,1.64,0.7,0.0,-0.7
2026-06-29,070960,,1.78,0.1,0.0,-0.1
2026-06-30,070960,2285.0,1.79,0.1,0.0,-0.1
2026-07-01,070960,,1.75,-0.1,0.0,0.1
2026-07-02,070960,,1.74,0.1,-0.0,-0.1
2026-07-03,070960,,1.76,0.3,0.0,-0.3
2026-07-06,070960,,1.78,0.1,0.0,-0.1
2026-07-07,070960,,1.79,0.1,-0.0,-0.1
2026-07-08,070960,,1.8,0.5,0.0,-0.5
2026-07-09,070960,,1.84,-0.0,-0.1,0.1
2026-07-10,070960,,1.84,0.9,-0.2,-0.7
2026-07-13,070960,2125.0,1.91,-0.3,-0.1,0.4
2025-07-14,071050,,36.81,-52.9,36.4,11.2
2025-07-15,071050,,36.75,-74.7,11.3,63.7
2025-07-16,071050,,36.69,20.3,21.8,-36.3
2025-07-17,071050,,36.75,52.1,-16.9,-35.1
2025-07-18,071050,,36.81,-14.5,-14.8,32.4
2025-07-21,071050,,36.81,113.8,-68.6,-41.5
2025-07-22,071050,,36.97,16.4,27.9,-42.2
2025-07-23,071050,,36.97,38.4,-56.5,13.9
2025-07-24,071050,,36.88,13.5,-26.7,12.2
2025-07-25,071050,,36.91,23.8,-7.3,-14.6
2025-07-28,071050,,36.94,174.8,-94.6,-77.6
2025-07-29,071050,,37.19,27.1,3.3,-40.0
2025-07-30,071050,,37.22,-34.5,35.0,-1.1
2025-07-31,071050,,37.19,90.2,-69.3,-21.6
2025-08-01,071050,,37.34,211.9,-150.8,-58.0
2025-08-04,071050,,37.62,46.0,-35.8,-8.6
2025-08-05,071050,,37.72,-72.8,76.5,-4.6
2025-08-06,071050,,37.62,11.9,-23.8,13.0
2025-08-07,071050,,37.62,-40.0,-125.2,165.4
2025-08-08,071050,,37.53,110.1,-142.4,37.1
2025-08-11,071050,,37.69,22.5,-32.3,8.3
2025-08-12,071050,,37.72,19.2,84.4,-103.3
2025-08-13,071050,,37.78,-9.5,-13.1,23.6
2025-08-14,071050,,37.75,72.9,-48.7,-23.6
2025-08-18,071050,,37.84,26.5,-34.0,11.1
2025-08-19,071050,,37.81,27.5,-18.4,-3.2
2025-08-20,071050,,37.84,69.8,-49.0,-8.1
2025-08-21,071050,,37.84,59.2,-33.7,-21.4
2025-08-22,071050,,37.91,25.9,-39.4,15.1
2025-08-25,071050,,37.78,-17.3,40.6,-23.8
2025-08-26,071050,,37.75,14.7,-26.2,14.0
2025-08-27,071050,,37.66,-26.5,16.3,10.1
2025-08-28,071050,,37.62,-92.4,25.3,61.8
2025-08-29,071050,134400.0,37.5,-46.3,53.0,-8.1
2025-09-01,071050,,37.44,4.4,-25.3,22.4
2025-09-02,071050,,37.44,26.8,-46.7,19.0
2025-09-03,071050,,37.47,31.3,-1.0,-30.0
2025-09-04,071050,,37.53,13.5,-25.1,10.4
2025-09-05,071050,,37.53,-1.9,25.0,-18.2
2025-09-08,071050,,37.53,-16.1,10.6,4.1
2025-09-09,071050,,37.5,-135.6,127.5,1.5
2025-09-10,071050,,37.34,-53.3,117.5,-63.0
2025-09-11,071050,,37.28,101.3,-81.8,-13.4
2025-09-12,071050,,37.5,-18.6,10.9,5.3
2025-09-15,071050,,37.47,-63.2,82.8,-18.6
2025-09-16,071050,,37.38,34.1,-20.2,-11.6
2025-09-17,071050,,37.41,10.0,-9.5,-1.8
2025-09-18,071050,,37.5,-119.0,17.5,102.1
2025-09-19,071050,,37.38,-31.6,23.7,5.5
2025-09-22,071050,,37.41,60.9,-1.0,-57.5
2025-09-23,071050,,37.53,-17.8,45.3,-28.9
2025-09-24,071050,,37.44,124.7,-52.6,-70.4
2025-09-25,071050,,37.62,91.0,-49.0,-38.8
2025-09-26,071050,,37.81,16.6,-9.0,-7.9
2025-09-29,071050,,37.81,14.8,-34.0,18.4
2025-09-30,071050,145000.0,37.72,-1.4,-20.1,21.6
2025-10-01,071050,,37.72,-15.9,-8.6,24.9
2025-10-02,071050,,37.69,44.9,-53.5,5.3
2025-10-10,071050,,37.75,-55.6,3.0,49.3
2025-10-13,071050,,37.66,-6.0,-9.1,12.2
2025-10-14,071050,,37.72,77.6,-51.0,-41.9
2025-10-15,071050,,37.84,29.8,-34.3,0.1
2025-10-16,071050,,37.91,82.7,-52.4,-32.0
2025-10-17,071050,,38.0,-118.2,100.1,11.7
2025-10-20,071050,,37.84,50.9,-213.3,146.0
2025-10-21,071050,,37.94,-40.4,-50.9,89.4
2025-10-22,071050,,37.88,-215.6,-14.6,218.7
2025-10-23,071050,,37.62,-159.9,21.4,128.3
2025-10-24,071050,,37.44,-94.4,18.1,71.9
2025-10-27,071050,,37.34,-169.7,-103.2,258.2
2025-10-28,071050,,37.12,-27.0,-28.8,54.6
2025-10-29,071050,,37.22,-57.0,70.7,-12.6
2025-10-30,071050,,37.16,60.5,-108.1,45.9
2025-10-31,071050,182300.0,37.22,-85.1,33.2,28.8
2025-11-03,071050,,37.12,-156.2,7.6,139.5
2025-11-04,071050,,36.94,-61.1,-27.6,80.7
2025-11-05,071050,,36.91,56.5,-101.3,34.2
2025-11-06,071050,,37.0,-106.7,24.9,85.2
2025-11-07,071050,,36.88,37.2,-96.9,55.4
2025-11-10,071050,,36.91,-183.0,68.8,101.8
2025-11-11,071050,,36.72,-104.4,22.0,76.8
2025-11-12,071050,,36.59,-54.5,-78.5,127.2
2025-11-13,071050,,36.5,-97.3,-2.7,91.1
2025-11-14,071050,,36.41,42.0,-113.1,67.7
2025-11-17,071050,,36.38,-11.6,-87.7,105.2
2025-11-18,071050,,36.38,20.5,-140.8,127.5
2025-11-19,071050,,36.38,6.6,-13.2,0.4
2025-11-20,071050,,36.38,-42.8,15.9,24.8
2025-11-21,071050,,36.31,56.8,-25.1,-40.0
2025-11-24,071050,,36.41,-43.4,27.2,6.1
2025-11-25,071050,,36.34,-18.0,17.3,-5.9
2025-11-26,071050,,36.34,-25.2,90.7,-70.1
2025-11-27,071050,,36.31,-15.2,34.6,-21.9
2025-11-28,071050,160400.0,36.28,-74.6,42.4,29.3
2025-12-01,071050,,36.28,-8.5,16.0,-5.0
2025-12-02,071050,,36.25,17.4,-6.3,-11.9
2025-12-03,071050,,36.28,-35.9,23.4,5.1
2025-12-04,071050,,36.25,-16.5,-6.4,22.4
2025-12-05,071050,,36.19,10.3,1.3,-13.4
2025-12-08,071050,,36.19,23.6,-34.1,10.5
2025-12-09,071050,,36.25,79.5,-113.2,33.5
2025-12-10,071050,,36.31,103.7,-119.9,15.8
2025-12-11,071050,,36.44,203.9,-286.4,64.4
2025-12-12,071050,,36.66,38.7,237.5,-265.2
2025-12-15,071050,,36.75,-61.2,-79.4,127.0
2025-12-16,071050,,36.62,-260.5,560.3,-289.3
2025-12-17,071050,,36.31,-215.8,-7.5,217.0
2025-12-18,071050,,35.97,61.0,-84.2,22.2
2025-12-19,071050,,36.19,144.5,-8.5,-131.9
2025-12-22,071050,,36.38,-48.1,-39.8,83.4
2025-12-23,071050,,36.28,104.8,-41.2,-63.1
2025-12-24,071050,,36.41,83.4,-26.1,-57.6
2025-12-26,071050,,36.53,14.6,-58.0,48.6
2025-12-29,071050,,36.53,217.0,53.0,-252.8
2025-12-30,071050,161700.0,36.81,-45.1,-18.6,63.6
2026-01-02,071050,,36.75,46.3,7.4,-51.5
2026-01-05,071050,,36.78,82.3,-26.1,-55.2
2026-01-06,071050,,36.88,150.9,8.5,-151.2
2026-01-07,071050,,37.06,22.6,-65.8,31.0
2026-01-08,071050,,37.09,39.6,-123.7,95.0
2026-01-09,071050,,37.12,44.8,81.7,-119.7
2026-01-12,071050,,37.16,-13.1,21.5,-7.4
2026-01-13,071050,,37.16,38.1,-16.0,-30.9
2026-01-14,071050,,37.22,46.2,-23.1,-24.9
2026-01-15,071050,,37.25,-54.5,78.4,-32.8
2026-01-16,071050,,37.19,133.4,-45.7,-95.9
2026-01-19,071050,,37.38,26.9,-41.3,11.1
2026-01-20,071050,,37.44,77.5,-42.7,-37.0
2026-01-21,071050,,37.56,112.9,-100.9,-13.9
2026-01-22,071050,,37.66,107.3,-8.1,-95.1
2026-01-23,071050,,37.81,149.3,43.2,-178.1
2026-01-26,071050,,38.0,86.8,-52.3,-32.7
2026-01-27,071050,,38.09,40.4,47.9,-83.6
2026-01-28,071050,,38.12,-22.6,8.3,11.7
2026-01-29,071050,,38.09,173.4,-37.6,-162.6
2026-01-30,071050,215500.0,38.25,-199.4,86.4,103.9
2026-02-02,071050,,38.09,184.0,-72.3,-107.9
2026-02-03,071050,,38.28,-20.0,40.3,-20.9
2026-02-04,071050,,38.25,-117.0,22.4,99.4
2026-02-05,071050,,38.12,79.5,6.7,-86.0
2026-02-06,071050,,38.19,-49.4,41.8,11.7
2026-02-09,071050,,38.16,-30.1,177.5,-141.4
2026-02-10,071050,,38.12,-212.0,192.6,29.9
2026-02-11,071050,,37.97,-225.3,225.4,1.4
2026-02-12,071050,,37.78,-159.4,237.2,-62.7
2026-02-13,071050,,37.69,-406.2,331.3,66.9
2026-02-19,071050,,37.34,-469.9,370.5,72.4
2026-02-20,071050,,37.06,-223.8,182.8,68.5
2026-02-23,071050,,36.88,-22.6,-117.2,152.2
2026-02-24,071050,,36.88,-201.6,-51.8,247.0
2026-02-25,071050,,36.75,-220.0,115.1,100.0
2026-02-26,071050,,36.59,-107.0,-84.5,174.3
2026-02-27,071050,258500.0,36.41,86.1,-178.4,89.8
2026-03-03,071050,,36.5,75.2,-21.3,-66.9
2026-03-04,071050,,36.62,37.6,30.5,-83.3
2026-03-05,071050,,36.62,-228.1,128.5,119.3
2026-03-06,071050,,36.41,0.6,-36.2,32.0
2026-03-09,071050,,36.38,72.3,-80.1,1.9
2026-03-10,071050,,36.47,-276.6,62.2,205.1
2026-03-11,071050,,36.22,-160.9,108.4,54.5
2026-03-12,071050,,36.06,-62.3,-70.2,121.2
2026-03-13,071050,,36.0,-104.7,-54.1,161.0
2026-03-16,071050,,35.78,-323.1,94.2,204.0
2026-03-17,071050,,35.53,-172.2,159.6,5.0
2026-03-18,071050,,35.41,-322.7,130.9,179.5
2026-03-19,071050,,35.09,-165.1,23.3,132.9
2026-03-20,071050,,34.94,-25.9,45.1,-10.8
2026-03-23,071050,,34.94,-138.7,-11.5,147.4
2026-03-24,071050,,34.78,146.4,-111.2,-25.8
2026-03-25,071050,,34.88,112.4,-68.3,-45.1
2026-03-26,071050,,34.97,109.1,-84.3,-27.4
2026-03-27,071050,,35.06,59.4,-55.6,-19.9
2026-03-30,071050,,35.16,85.5,-108.9,30.8
2026-03-31,071050,202500.0,35.25,-23.3,54.4,-33.3
2026-04-01,071050,,35.22,-74.2,151.1,-81.4
2026-04-02,071050,,35.16,-43.2,8.5,33.0
2026-04-03,071050,,35.09,-79.4,-14.0,95.7
2026-04-06,071050,,35.03,98.1,11.2,-110.3
2026-04-07,071050,,35.12,-58.6,-9.5,74.8
2026-04-08,071050,,35.06,-143.8,85.1,77.1
2026-04-09,071050,,34.94,153.8,-138.6,7.1
2026-04-10,071050,,35.09,-70.7,56.7,11.8
2026-04-13,071050,,35.03,-295.9,199.3,109.9
2026-04-14,071050,,34.81,-215.2,176.3,42.8
2026-04-15,071050,,34.75,34.4,-2.8,-28.8
2026-04-16,071050,,34.78,-93.2,94.7,-4.2
2026-04-17,071050,,34.69,-30.3,-17.9,49.5
2026-04-20,071050,,34.69,40.5,17.1,-62.0
2026-04-21,071050,,34.69,-86.0,-20.8,106.0
2026-04-22,071050,,34.62,3.5,-154.1,151.3
2026-04-23,071050,,34.66,-67.9,-15.4,70.6
2026-04-24,071050,,34.62,14.6,-5.5,-12.7
2026-04-27,071050,,34.62,-48.0,-31.2,67.6
2026-04-28,071050,,34.59,-14.0,-12.9,22.7
2026-04-29,071050,,34.59,-58.9,-97.2,150.4
2026-04-30,071050,240000.0,34.5,15.6,-41.7,19.6
2026-05-04,071050,,34.53,163.0,33.2,-195.6
2026-05-06,071050,,34.62,-156.2,-156.9,290.3
2026-05-07,071050,,34.47,-229.3,122.8,91.9
2026-05-08,071050,,34.34,-5.2,-21.4,20.8
2026-05-11,071050,,34.34,110.7,-80.7,-22.2
2026-05-12,071050,,34.41,61.6,-42.6,-11.4
2026-05-13,071050,,34.47,-55.4,-47.3,97.9
2026-05-14,071050,,34.44,-57.4,73.7,-14.0
2026-05-15,071050,,34.41,453.8,-157.6,-303.6
2026-05-18,071050,,34.84,-123.4,-67.0,185.5
2026-05-19,071050,,34.72,177.7,-28.9,-137.2
2026-05-20,071050,,34.94,78.5,-64.8,-15.7
2026-05-21,071050,,35.0,-217.4,-37.1,236.7
2026-05-22,071050,,34.84,66.4,8.7,-70.4
2026-05-26,071050,,34.84,58.3,-58.6,-7.4
2026-05-27,071050,,34.81,127.2,-78.7,-44.5
2026-05-28,071050,,34.91,143.0,-70.9,-65.9
2026-05-29,071050,237500.0,35.03,96.6,-81.8,-11.6
2026-06-01,071050,,35.09,35.6,75.6,-102.2
2026-06-02,071050,,35.16,134.7,-24.0,-107.5
2026-06-04,071050,,35.25,80.0,73.0,-151.9
2026-06-05,071050,,35.34,-212.8,264.1,-47.8
2026-06-08,071050,,35.16,39.9,-127.3,79.1
2026-06-09,071050,,35.19,58.6,15.3,-70.6
2026-06-10,071050,,35.25,77.3,-42.5,-39.2
2026-06-11,071050,,35.31,-228.9,254.8,-24.5
2026-06-12,071050,,35.12,-322.4,364.9,-41.1
2026-06-15,071050,,34.91,-111.3,179.7,-55.4
2026-06-16,071050,,34.84,88.7,4.1,-86.2
2026-06-17,071050,,34.91,20.9,-99.7,78.0
2026-06-18,071050,,34.88,183.3,-269.9,83.2
2026-06-19,071050,,35.03,174.7,-48.3,-119.3
2026-06-22,071050,,35.16,38.8,-72.5,36.1
2026-06-23,071050,,35.19,33.9,-35.3,1.1
2026-06-24,071050,,35.22,14.9,-80.9,53.7
2026-06-25,071050,,35.25,135.9,-53.0,-75.6
2026-06-26,071050,,35.38,12.7,-42.6,24.7
2026-06-29,071050,,35.38,-9.3,99.6,-87.1
2026-06-30,071050,221000.0,35.38,-198.5,277.1,-78.7
2026-07-01,071050,,35.22,-40.3,85.1,-49.9
2026-07-02,071050,,35.19,61.6,62.2,-127.9
2026-07-03,071050,,35.25,193.6,121.3,-213.2
2026-07-06,071050,,35.41,-82.0,216.9,-130.4
2026-07-07,071050,,35.38,-147.9,217.3,-72.7
2026-07-08,071050,,35.28,-98.3,76.5,21.3
2026-07-09,071050,,35.12,-27.2,2.3,22.6
2026-07-10,071050,,35.09,110.1,-6.2,-98.1
2026-07-13,071050,237000.0,35.19,38.4,59.4,-96.9
2025-07-14,071055,,17.66,33.3,21.1,-54.0
2025-07-15,071055,,18.2,-8.6,0.8,7.9
2025-07-16,071055,,18.06,-1.0,-0.9,3.4
2025-07-17,071055,,18.05,6.7,-11.5,5.3
2025-07-18,071055,,18.16,33.5,-6.9,-26.2
2025-07-21,071055,,18.75,5.4,0.3,-5.7
2025-07-22,071055,,18.84,9.2,0.2,-10.2
2025-07-23,071055,,19.0,1.5,0.3,-1.1
2025-07-24,071055,,19.03,-3.2,5.1,-2.6
2025-07-25,071055,,18.97,5.6,7.4,-13.3
2025-07-28,071055,,19.08,2.8,-4.7,9.6
2025-07-29,071055,,19.12,-1.3,2.3,-2.0
2025-07-30,071055,,19.11,-1.0,2.4,-1.4
2025-07-31,071055,,19.09,-2.2,1.9,0.3
2025-08-01,071055,,19.05,7.3,1.7,-8.7
2025-08-04,071055,,19.19,6.6,1.0,-6.9
2025-08-05,071055,,19.31,-5.9,0.9,5.0
2025-08-06,071055,,19.2,-3.0,1.8,2.0
2025-08-07,071055,,19.16,-7.3,2.4,3.7
2025-08-08,071055,,19.02,-3.7,4.8,-1.1
2025-08-11,071055,,18.95,-4.3,5.4,-1.9
2025-08-12,071055,,18.88,5.2,8.2,-13.0
2025-08-13,071055,,18.97,-3.4,2.7,0.1
2025-08-14,071055,,18.91,-1.3,4.9,-4.4
2025-08-18,071055,,18.89,1.5,0.1,-0.5
2025-08-19,071055,,18.91,1.6,1.9,-3.6
2025-08-20,071055,,18.94,-6.9,-5.7,12.4
2025-08-21,071055,,18.81,1.1,0.0,-1.2
2025-08-22,071055,,18.83,-2.1,-0.8,2.8
2025-08-25,071055,,18.8,0.5,5.6,-5.8
2025-08-26,071055,,18.91,-3.4,1.5,1.9
2025-08-27,071055,,18.94,-2.0,-1.0,3.0
2025-08-28,071055,,18.89,6.6,-6.6,2.3
2025-08-29,071055,92700.0,19.02,-2.5,-3.7,6.0
2025-09-01,071055,,19.02,-1.3,-1.8,3.1
2025-09-02,071055,,18.89,-2.6,-1.9,4.5
2025-09-03,071055,,18.8,3.6,-2.6,1.3
2025-09-04,071055,,18.86,-2.3,3.6,-1.4
2025-09-05,071055,,18.81,-0.5,2.8,-2.4
2025-09-08,071055,,18.77,-0.2,-0.0,4.4
2025-09-09,071055,,18.77,13.5,3.0,-6.7
2025-09-10,071055,,18.98,5.8,-9.2,3.8
2025-09-11,071055,,19.09,0.3,-1.0,1.1
2025-09-12,071055,,19.09,-1.6,-0.5,3.1
2025-09-15,071055,,19.06,16.0,12.9,-25.5
2025-09-16,071055,,19.31,3.5,8.4,-11.9
2025-09-17,071055,,19.38,-9.6,-7.8,17.4
2025-09-18,071055,,19.22,14.7,0.3,-14.5
2025-09-19,071055,,19.44,-5.2,-3.1,8.5
2025-09-22,071055,,19.38,5.6,1.1,-3.4
2025-09-23,071055,,19.45,-3.1,0.6,2.9
2025-09-24,071055,,19.41,-6.9,1.1,6.0
2025-09-25,071055,,19.3,3.3,-0.5,-2.6
2025-09-26,071055,,19.34,-2.9,0.3,2.7
2025-09-29,071055,,19.3,0.8,0.8,-1.3
2025-09-30,071055,104900.0,19.31,-1.0,0.3,1.0
2025-10-01,071055,,19.3,-2.0,-0.5,1.0
2025-10-02,071055,,19.27,7.1,3.7,-10.9
2025-10-10,071055,,19.38,-3.9,-0.6,5.1
2025-10-13,071055,,19.31,-7.3,0.4,6.8
2025-10-14,071055,,19.2,0.9,-0.9,-0.2
2025-10-15,071055,,19.2,-0.9,9.8,-9.0
2025-10-16,071055,,19.2,-3.9,15.3,-11.6
2025-10-17,071055,,19.14,1.6,-0.6,-1.1
2025-10-20,071055,,19.16,34.8,15.3,-48.5
2025-10-21,071055,,19.66,-0.7,3.8,-3.1
2025-10-22,071055,,19.66,-8.9,2.7,-0.0
2025-10-23,071055,,19.53,0.3,6.3,-6.3
2025-10-24,071055,,19.53,-4.3,3.6,3.4
2025-10-27,071055,,19.47,-12.0,7.3,4.8
2025-10-28,071055,,19.3,-6.2,0.0,6.3
2025-10-29,071055,,19.22,-2.6,5.8,-2.7
2025-10-30,071055,,19.16,1.2,2.3,-4.0
2025-10-31,071055,128900.0,19.19,-4.3,4.9,-0.5
2025-11-03,071055,,19.12,-5.8,1.8,4.0
2025-11-04,071055,,19.05,-8.6,-13.2,19.9
2025-11-05,071055,,18.94,2.2,-4.5,2.1
2025-11-06,071055,,18.95,2.4,1.7,-4.2
2025-11-07,071055,,19.02,-4.4,-5.5,10.1
2025-11-10,071055,,18.95,-1.5,2.5,-1.6
2025-11-11,071055,,18.95,4.9,-0.5,-3.5
2025-11-12,071055,,19.02,8.3,0.3,-9.1
2025-11-13,071055,,19.12,-12.9,0.2,12.4
2025-11-14,071055,,18.95,-4.8,-2.5,7.9
2025-11-17,071055,,18.86,7.3,-18.4,11.1
2025-11-18,071055,,18.88,34.2,-18.6,-15.6
2025-11-19,071055,,19.36,20.9,-11.7,-9.3
2025-11-20,071055,,19.66,5.6,1.6,-7.2
2025-11-21,071055,,19.8,-2.6,0.2,2.2
2025-11-24,071055,,19.77,-1.9,3.1,-1.8
2025-11-25,071055,,19.73,-0.9,1.0,-0.8
2025-11-26,071055,,19.73,4.0,0.6,-8.0
2025-11-27,071055,,19.78,1.8,-0.2,-1.9
2025-11-28,071055,122300.0,19.81,1.8,2.9,-4.7
2025-12-01,071055,,19.83,8.5,-0.1,-8.4
2025-12-02,071055,,19.95,12.9,-1.8,-11.1
2025-12-03,071055,,20.14,20.5,-0.1,-20.6
2025-12-04,071055,,20.41,-2.8,-1.4,4.4
2025-12-05,071055,,20.38,4.3,2.1,-6.5
2025-12-08,071055,,20.48,7.4,-6.3,-0.9
2025-12-09,071055,,20.58,23.4,1.6,-25.4
2025-12-10,071055,,20.89,2.9,-2.8,0.1
2025-12-11,071055,,20.94,-2.7,0.5,-0.7
2025-12-12,071055,,20.89,7.6,1.5,-11.1
2025-12-15,071055,,21.02,-1.3,-2.6,3.0
2025-12-16,071055,,21.0,4.1,-0.1,-3.2
2025-12-17,071055,,21.27,2.2,-26.2,23.8
2025-12-18,071055,,21.3,-1.9,-6.2,7.9
2025-12-19,071055,,21.27,-0.4,-1.0,0.1
2025-12-22,071055,,21.27,-2.2,-1.0,3.1
2025-12-23,071055,,21.23,8.1,1.6,-9.8
2025-12-24,071055,,21.34,4.5,-0.3,-3.8
2025-12-26,071055,,21.41,3.5,1.2,-4.5
2025-12-29,071055,,21.48,8.7,5.1,-15.0
2025-12-30,071055,125600.0,21.59,-6.8,0.1,0.4
2026-01-02,071055,,21.5,3.3,-2.1,-5.9
2026-01-05,071055,,21.55,8.9,-1.7,-8.2
2026-01-06,071055,,22.02,-7.3,0.4,6.7
2026-01-07,071055,,22.02,-5.8,-0.1,5.7
2026-01-08,071055,,21.92,-10.9,-1.1,12.7
2026-01-09,071055,,21.77,-2.5,-1.7,4.1
2026-01-12,071055,,21.73,-9.8,-6.0,15.6
2026-01-13,071055,,21.61,7.3,-2.7,-4.6
2026-01-14,071055,,21.7,19.1,-5.6,-14.7
2026-01-15,071055,,21.95,2.1,-5.8,3.6
2026-01-16,071055,,21.98,25.0,-24.6,-1.6
2026-01-19,071055,,22.3,-7.4,-2.4,8.6
2026-01-20,071055,,22.2,8.2,-0.4,-8.2
2026-01-21,071055,,22.3,0.1,-1.9,1.8
2026-01-22,071055,,22.3,7.6,-2.4,-5.2
2026-01-23,071055,,22.39,20.9,5.3,-28.5
2026-01-26,071055,,22.64,-5.8,4.0,1.6
2026-01-27,071055,,22.56,-2.5,4.2,-1.1
2026-01-28,071055,,22.55,-10.9,-5.2,16.1
2026-01-29,071055,,22.42,15.4,-4.0,-11.8
2026-01-30,071055,150400.0,22.59,-24.7,0.5,21.5
2026-02-02,071055,,22.31,-19.1,-1.7,18.1
2026-02-03,071055,,21.73,4.1,4.6,-8.6
2026-02-04,071055,,21.78,-4.0,0.9,2.8
2026-02-05,071055,,21.19,-2.9,18.6,-15.7
2026-02-06,071055,,21.16,-7.6,3.9,3.6
2026-02-09,071055,,21.06,23.0,0.4,-26.8
2026-02-10,071055,,21.31,19.2,11.7,-29.8
2026-02-11,071055,,21.53,-18.0,7.8,9.1
2026-02-12,071055,,21.33,16.6,5.1,-21.2
2026-02-13,071055,,21.5,-23.4,2.8,20.6
2026-02-19,071055,,21.27,-12.5,7.6,5.5
2026-02-20,071055,,21.16,16.8,24.9,-38.2
2026-02-23,071055,,21.27,24.6,-0.7,-18.5
2026-02-24,071055,,21.5,5.8,-9.6,7.2
2026-02-25,071055,,21.56,73.7,-44.2,-26.8
2026-02-26,071055,,22.23,-31.4,28.1,3.3
2026-02-27,071055,179500.0,21.94,9.6,0.3,-10.0
2026-03-03,071055,,22.03,20.4,17.3,-37.6
2026-03-04,071055,,22.23,13.3,9.4,-22.3
2026-03-05,071055,,22.38,8.4,-3.5,-4.3
2026-03-06,071055,,22.45,5.1,-1.6,-3.8
2026-03-09,071055,,22.84,7.3,0.3,-7.7
2026-03-10,071055,,22.92,-2.4,-1.0,3.1
2026-03-11,071055,,23.48,-0.1,-1.1,1.9
2026-03-12,071055,,23.66,-3.0,-15.2,17.2
2026-03-13,071055,,23.62,-1.0,-1.1,2.1
2026-03-16,071055,,23.61,15.3,-1.3,0.5
2026-03-17,071055,,23.77,3.9,-1.5,-2.6
2026-03-18,071055,,23.94,-6.5,6.6,-0.4
2026-03-19,071055,,24.3,-16.4,-1.3,17.1
2026-03-20,071055,,24.14,67.4,-28.3,-39.0
2026-03-23,071055,,24.66,-18.8,-0.5,17.0
2026-03-24,071055,,25.08,-0.2,-13.7,13.9
2026-03-25,071055,,25.06,3.1,12.7,-15.8
2026-03-26,071055,,25.09,-2.0,-2.2,4.2
2026-03-27,071055,,25.06,30.2,5.9,-36.0
2026-03-30,071055,,25.36,3.9,0.5,-4.4
2026-03-31,071055,150000.0,24.59,6.4,3.2,-9.7
2026-04-01,071055,,24.58,-16.8,17.0,-0.2
2026-04-02,071055,,24.41,-12.2,-0.1,12.3
2026-04-03,071055,,24.27,-2.8,-0.4,3.0
2026-04-06,071055,,24.23,10.8,-0.2,-12.1
2026-04-07,071055,,24.36,2.7,-0.5,-3.0
2026-04-08,071055,,24.39,12.4,9.2,-21.5
2026-04-09,071055,,24.52,-2.1,0.0,2.0
2026-04-10,071055,,24.5,4.6,-0.5,-4.1
2026-04-13,071055,,24.55,-0.9,2.0,-1.9
2026-04-14,071055,,24.53,-3.2,10.8,-7.3
2026-04-15,071055,,24.5,-11.5,8.0,3.3
2026-04-16,071055,,24.38,-7.4,7.1,0.3
2026-04-17,071055,,24.31,-5.1,-0.6,5.5
2026-04-20,071055,,24.27,-3.0,0.2,1.6
2026-04-21,071055,,24.23,-4.4,-0.5,3.8
2026-04-22,071055,,24.19,-3.1,-1.2,4.3
2026-04-23,071055,,24.16,-2.7,-0.3,2.8
2026-04-24,071055,,24.08,-6.4,1.8,4.8
2026-04-27,071055,,24.06,-2.4,-1.6,2.2
2026-04-28,071055,,24.05,-0.0,0.3,-0.2
2026-04-29,071055,,24.05,0.9,-2.0,-1.0
2026-04-30,071055,172100.0,24.05,1.3,-0.6,-0.6
2026-05-04,071055,,24.06,16.0,0.2,-16.0
2026-05-06,071055,,24.22,8.8,9.7,-17.9
2026-05-07,071055,,24.3,-8.7,-0.3,8.7
2026-05-08,071055,,24.2,1.1,-0.7,-0.2
2026-05-11,071055,,24.22,6.5,-0.4,-5.3
2026-05-12,071055,,24.27,-5.5,-1.1,8.0
2026-05-13,071055,,24.22,-0.8,-0.3,0.4
2026-05-14,071055,,24.2,-0.5,3.5,-3.4
2026-05-15,071055,,24.2,-3.1,7.9,-5.8
2026-05-18,071055,,24.11,-8.8,-0.3,8.0
2026-05-19,071055,,24.02,-5.6,-0.6,5.9
2026-05-20,071055,,23.95,-15.1,-0.1,14.7
2026-05-21,071055,,23.8,-1.7,-1.2,-0.0
2026-05-22,071055,,23.78,-4.2,0.2,4.2
2026-05-26,071055,,23.73,-10.5,18.8,-17.1
2026-05-27,071055,,23.64,2.0,6.5,-11.5
2026-05-28,071055,,23.59,-7.6,-0.1,0.8
2026-05-29,071055,165400.0,23.52,-1.9,-0.3,-1.8
2026-06-01,071055,,23.48,-1.1,1.4,-3.8
2026-06-02,071055,,23.48,1.5,2.9,-6.6
2026-06-04,071055,,23.48,2.1,-0.5,-1.6
2026-06-05,071055,,23.52,-3.6,-0.4,3.8
2026-06-08,071055,,23.48,-4.1,-0.2,1.5
2026-06-09,071055,,23.44,5.7,-0.3,-5.5
2026-06-10,071055,,23.5,-5.8,-0.3,3.1
2026-06-11,071055,,23.44,-1.5,1.7,0.2
2026-06-12,071055,,23.42,0.1,-1.3,0.8
2026-06-15,071055,,23.44,-5.6,10.4,-5.0
2026-06-16,071055,,23.38,-1.3,-2.5,1.9
2026-06-17,071055,,23.36,-4.9,5.0,-0.5
2026-06-18,071055,,24.27,2.9,0.4,-3.8
2026-06-19,071055,,23.44,-3.4,5.5,-6.3
2026-06-22,071055,,23.41,-2.2,0.1,0.6
2026-06-23,071055,,23.38,-13.8,12.7,-1.8
2026-06-24,071055,,23.14,-1.0,-0.2,2.7
2026-06-25,071055,,23.12,0.1,0.8,1.0
2026-06-26,071055,,23.12,9.1,1.2,-8.8
2026-06-29,071055,,23.25,12.1,-14.6,2.5
2026-06-30,071055,150400.0,23.38,1.8,0.1,-2.1
2026-07-01,071055,,23.41,16.3,10.1,-26.0
2026-07-02,071055,,23.58,-4.9,1.3,3.0
2026-07-03,071055,,23.53,7.9,-0.8,-7.2
2026-07-06,071055,,23.08,-4.9,3.3,1.7
2026-07-07,071055,,23.03,-8.5,0.3,8.4
2026-07-08,071055,,22.94,-7.1,0.3,5.2
2026-07-09,071055,,22.86,-5.7,0.5,4.8
2026-07-10,071055,,22.8,5.6,-0.4,-5.6
2026-07-13,071055,156500.0,22.86,-6.2,0.0,6.1
2025-07-14,071090,,2.6,-1.8,-0.0,1.7
2025-07-15,071090,,2.39,-2.0,0.0,2.0
2025-07-16,071090,,2.14,0.5,0.0,-0.9
2025-07-17,071090,,2.29,1.0,0.0,-0.9
2025-07-18,071090,,2.61,-8.0,0.0,7.6
2025-07-21,071090,,1.72,-1.6,-0.0,1.9
2025-07-22,071090,,1.57,2.8,-0.0,-2.6
2025-07-23,071090,,1.9,-8.9,-0.0,4.1
2025-07-24,071090,,1.07,31.5,0.3,-30.3
2025-07-25,071090,,3.98,-19.7,-0.0,18.6
2025-07-28,071090,,2.28,-7.6,-0.3,11.1
2025-07-29,071090,,1.27,7.1,0.0,-6.4
2025-07-30,071090,,1.68,-1.5,-0.0,0.9
2025-07-31,071090,,1.47,11.5,0.0,-12.2
2025-08-01,071090,,2.64,5.6,-1.5,-3.2
2025-08-04,071090,,3.18,12.1,0.2,-12.2
2025-08-05,071090,,4.54,-7.5,-0.1,7.8
2025-08-06,071090,,3.77,8.8,-0.0,-8.8
2025-08-07,071090,,4.69,-3.8,-0.0,3.8
2025-08-08,071090,,4.23,-3.3,-0.0,3.3
2025-08-11,071090,,3.9,-7.6,-0.0,8.2
2025-08-12,071090,,3.11,2.5,-0.0,-2.5
2025-08-13,071090,,3.38,-4.4,-0.0,4.4
2025-08-14,071090,,2.96,-1.8,-0.0,1.8
2025-08-18,071090,,2.85,-0.1,-0.0,0.1
2025-08-19,071090,,2.84,0.4,0.0,-0.4
2025-08-20,071090,,2.88,-0.2,0.0,0.2
2025-08-21,071090,,2.89,-0.0,,-0.0
2025-08-22,071090,,2.88,-4.4,-0.0,4.5
2025-08-25,071090,,2.43,-6.5,-0.0,6.5
2025-08-26,071090,,1.7,-5.5,-0.4,5.4
2025-08-27,071090,,1.39,4.0,0.4,-4.4
2025-08-28,071090,,1.82,0.9,-0.0,-0.6
2025-08-29,071090,4585.0,1.93,-1.2,0.0,1.2
2025-09-01,071090,,1.81,3.3,-0.3,-3.1
2025-09-02,071090,,2.18,1.4,,-1.5
2025-09-03,071090,,2.35,-0.1,-0.0,-0.1
2025-09-04,071090,,2.36,-1.7,-0.0,2.1
2025-09-05,071090,,2.21,2.1,-0.0,-2.1
2025-09-08,071090,,2.49,3.5,-0.0,-3.5
2025-09-09,071090,,2.95,-8.4,-0.0,8.5
2025-09-10,071090,,2.04,-1.6,-0.0,1.2
2025-09-11,071090,,1.83,5.2,0.1,-5.1
2025-09-12,071090,,2.37,-3.0,0.1,2.7
2025-09-15,071090,,2.06,0.0,0.0,-0.2
2025-09-16,071090,,2.06,-0.3,0.1,0.4
2025-09-17,071090,,2.05,0.7,-0.0,-0.6
2025-09-18,071090,,2.12,-0.2,0.0,0.2
2025-09-19,071090,,2.1,-0.8,-0.0,0.8
2025-09-22,071090,,2.01,-1.0,-0.0,0.9
2025-09-23,071090,,1.9,1.2,0.0,-1.1
2025-09-24,071090,,2.05,4.8,-0.1,-4.6
2025-09-25,071090,,2.61,-9.6,-0.1,9.8
2025-09-26,071090,,1.54,-1.7,0.1,1.6
2025-09-29,071090,,1.34,1.7,-0.0,-1.7
2025-09-30,071090,4100.0,1.55,2.1,-0.2,-1.9
2025-10-01,071090,,1.81,0.4,-0.1,-0.3
2025-10-02,071090,,1.92,1.7,-0.0,-1.7
2025-10-10,071090,,2.13,1.9,-0.0,-1.9
2025-10-13,071090,,2.37,1.2,-0.2,-0.9
2025-10-14,071090,,2.5,0.2,0.0,-0.2
2025-10-15,071090,,2.52,2.1,0.0,-2.1
2025-10-16,071090,,2.77,-0.1,-0.0,-0.0
2025-10-17,071090,,2.76,-4.9,-0.0,4.9
2025-10-20,071090,,2.23,-3.1,0.0,3.1
2025-10-21,071090,,1.88,1.0,0.0,-1.0
2025-10-22,071090,,2.0,5.0,0.0,-5.0
2025-10-23,071090,,2.57,-0.4,0.0,0.5
2025-10-24,071090,,2.54,0.4,-0.0,-0.4
2025-10-27,071090,,2.58,1.0,-0.0,-1.0
2025-10-28,071090,,2.68,1.7,0.0,-1.7
2025-10-29,071090,,2.79,1.1,0.0,-1.1
2025-10-30,071090,,2.91,-2.9,0.0,2.7
2025-10-31,071090,4145.0,2.63,1.5,0.0,-1.5
2025-11-03,071090,,2.8,3.9,-0.0,-3.9
2025-11-04,071090,,3.27,-0.8,-0.0,0.8
2025-11-05,071090,,3.17,-0.1,-0.0,0.1
2025-11-06,071090,,3.16,1.5,-0.0,-1.5
2025-11-07,071090,,3.35,-0.3,-0.0,0.3
2025-11-10,071090,,3.31,2.2,-0.1,-2.0
2025-11-11,071090,,3.26,0.7,-0.0,-0.7
2025-11-12,071090,,3.35,1.5,-0.0,-1.5
2025-11-13,071090,,3.54,-1.0,-0.0,1.0
2025-11-14,071090,,3.41,-0.6,0.0,0.6
2025-11-17,071090,,3.33,-0.5,0.0,0.5
2025-11-18,071090,,3.27,2.9,0.0,-2.9
2025-11-19,071090,,3.7,1.9,-0.0,-1.9
2025-11-20,071090,,4.16,0.7,-0.0,-0.7
2025-11-21,071090,,4.25,0.0,0.0,-0.1
2025-11-24,071090,,4.26,0.8,0.0,-0.8
2025-11-25,071090,,4.37,0.2,0.0,-0.3
2025-11-26,071090,,4.39,1.0,-0.0,-1.0
2025-11-27,071090,,4.52,-1.6,-0.0,1.6
2025-11-28,071090,3645.0,4.3,2.4,0.0,-2.4
2025-12-01,071090,,4.63,-1.0,-0.0,1.0
2025-12-02,071090,,4.47,0.1,-0.0,-0.1
2025-12-03,071090,,4.48,-0.1,-0.0,0.1
2025-12-04,071090,,4.47,-2.1,-0.0,2.1
2025-12-05,071090,,4.17,2.3,-0.0,-2.3
2025-12-08,071090,,4.49,-0.9,-0.0,0.9
2025-12-09,071090,,4.37,0.1,0.0,-0.0
2025-12-10,071090,,4.37,-0.2,-0.0,0.2
2025-12-11,071090,,4.35,0.8,-0.0,-0.7
2025-12-12,071090,,4.51,2.8,-0.0,-2.8
2025-12-15,071090,,4.88,-1.8,0.0,1.8
2025-12-16,071090,,4.63,-1.3,0.0,1.3
2025-12-17,071090,,4.46,0.7,0.0,-0.7
2025-12-18,071090,,4.54,0.3,-0.0,-0.3
2025-12-19,071090,,4.58,0.7,-0.0,-0.5
2025-12-22,071090,,4.68,1.2,-0.0,-1.2
2025-12-23,071090,,4.84,-1.5,-0.0,1.5
2025-12-24,071090,,4.63,0.4,-0.0,-0.4
2025-12-26,071090,,4.68,1.5,0.0,-1.5
2025-12-29,071090,,4.33,2.7,0.0,-2.6
2025-12-30,071090,3465.0,4.71,-1.0,-0.0,0.9
2026-01-02,071090,,4.57,-0.2,-0.0,0.2
2026-01-05,071090,,4.54,1.4,-0.0,-1.5
2026-01-06,071090,,4.79,-0.7,-0.0,0.7
2026-01-07,071090,,4.7,-3.3,-0.0,3.4
2026-01-08,071090,,4.23,-1.0,-0.0,1.0
2026-01-09,071090,,4.08,1.4,-0.0,-1.4
2026-01-12,071090,,4.28,0.5,-0.0,-0.5
2026-01-13,071090,,4.38,-0.3,-0.0,0.3
2026-01-14,071090,,4.33,0.0,-0.0,-0.0
2026-01-15,071090,,4.33,-2.1,-0.0,2.0
2026-01-16,071090,,4.03,-2.0,0.0,1.9
2026-01-19,071090,,3.74,0.5,0.0,-0.5
2026-01-20,071090,,3.81,1.7,-0.0,-1.7
2026-01-21,071090,,4.05,-21.7,-0.0,21.8
2026-01-22,071090,,1.56,3.5,-0.0,-3.7
2026-01-23,071090,,2.01,2.1,-0.0,-2.1
2026-01-26,071090,,2.34,1.8,0.0,-1.8
2026-01-27,071090,,2.59,-2.0,-0.0,2.0
2026-01-28,071090,,2.33,-1.0,0.0,0.9
2026-01-29,071090,,2.2,1.5,0.0,-1.6
2026-01-30,071090,3640.0,2.77,-0.7,-0.0,0.7
2026-02-02,071090,,2.67,1.0,0.0,-0.8
2026-02-03,071090,,2.81,1.2,-0.0,-1.2
2026-02-04,071090,,2.97,1.9,-0.0,-1.6
2026-02-05,071090,,3.22,-0.9,0.0,0.9
2026-02-06,071090,,3.1,0.6,0.0,-0.6
2026-02-09,071090,,3.18,1.1,-0.0,-1.1
2026-02-10,071090,,3.33,0.9,-0.0,-0.8
2026-02-11,071090,,3.45,0.8,-0.0,-0.9
2026-02-12,071090,,3.55,0.1,-0.0,-0.0
2026-02-13,071090,,3.56,-1.7,,1.7
2026-02-19,071090,,3.33,3.6,-0.0,-3.8
2026-02-20,071090,,3.8,1.1,0.0,-1.1
2026-02-23,071090,,3.93,-0.2,0.0,0.2
2026-02-24,071090,,3.91,-0.9,-0.0,0.9
2026-02-25,071090,,3.79,-0.9,0.0,0.9
2026-02-26,071090,,3.68,-1.8,0.0,1.8
2026-02-27,071090,3640.0,3.44,-5.5,0.0,5.5
2026-03-03,071090,,2.7,1.5,0.0,-1.5
2026-03-04,071090,,2.91,0.5,-0.0,-0.4
2026-03-05,071090,,3.01,2.7,0.0,-2.8
2026-03-06,071090,,3.4,1.0,0.0,-1.0
2026-03-09,071090,,3.54,0.6,-0.0,-0.6
2026-03-10,071090,,3.62,-1.8,-0.0,1.8
2026-03-11,071090,,3.37,1.6,-0.0,-1.6
2026-03-12,071090,,3.58,-0.4,-0.0,0.4
2026-03-13,071090,,3.52,1.5,-0.7,-0.8
2026-03-16,071090,,3.72,0.1,-0.0,-0.1
2026-03-17,071090,,3.74,-0.2,-0.1,0.2
2026-03-18,071090,,3.72,-0.6,-0.0,0.6
2026-03-19,071090,,3.63,-0.6,0.0,0.6
2026-03-20,071090,,3.54,4.4,0.0,-4.4
2026-03-23,071090,,4.13,-2.1,0.0,2.1
2026-03-24,071090,,3.84,0.4,0.0,-0.4
2026-03-25,071090,,3.93,0.7,-0.0,-0.7
2026-03-26,071090,,4.05,-1.0,0.0,1.0
2026-03-27,071090,,3.91,-0.2,0.0,0.4
2026-03-30,071090,,3.88,0.1,0.0,-0.1
2026-03-31,071090,3390.0,3.84,0.3,0.0,-0.1
2026-04-01,071090,,3.88,1.7,-0.0,-1.7
2026-04-02,071090,,4.13,-4.1,-0.0,4.1
2026-04-03,071090,,3.58,-4.2,-0.0,3.9
2026-04-06,071090,,3.05,-0.6,-0.0,0.7
2026-04-07,071090,,2.98,0.2,-0.0,-0.1
2026-04-08,071090,,3.02,1.1,-0.0,-1.4
2026-04-09,071090,,3.2,2.2,-0.0,-2.6
2026-04-10,071090,,3.5,-5.1,-0.0,5.0
2026-04-13,071090,,2.95,-11.8,0.0,11.7
2026-04-14,071090,,1.63,-5.4,-0.0,5.5
2026-04-15,071090,,1.08,10.5,-0.0,-10.5
2026-04-16,071090,,2.35,-12.0,-0.0,12.1
2026-04-17,071090,,1.13,-0.6,-0.0,1.2
2026-04-20,071090,,1.07,8.6,-0.0,-9.1
2026-04-21,071090,,2.01,-6.1,0.0,5.7
2026-04-22,071090,,1.43,-1.6,0.0,1.6
2026-04-23,071090,,1.27,4.9,-0.0,-4.9
2026-04-24,071090,,1.84,1.4,-0.0,-1.4
2026-04-27,071090,,2.0,1.9,-0.0,-2.2
2026-04-28,071090,,2.16,-2.1,-0.0,1.3
2026-04-29,071090,,2.13,7.0,0.0,-7.2
2026-04-30,071090,4620.0,2.84,-4.6,-0.0,4.9
2026-05-04,071090,,2.32,2.8,-0.0,-2.6
2026-05-06,071090,,2.57,-4.8,-0.0,4.7
2026-05-07,071090,,2.06,-1.9,-0.0,2.7
2026-05-08,071090,,1.89,0.3,-0.0,-0.3
2026-05-11,071090,,1.93,3.1,-0.0,-3.0
2026-05-12,071090,,2.29,5.0,0.0,-5.2
2026-05-13,071090,,2.9,-3.7,0.4,3.3
2026-05-14,071090,,2.46,0.1,-0.0,-0.1
2026-05-15,071090,,2.51,-2.8,0.0,2.7
2026-05-18,071090,,2.14,2.5,0.0,-2.7
2026-05-19,071090,,2.45,5.6,0.0,-5.7
2026-05-20,071090,,3.19,-0.3,0.0,0.3
2026-05-21,071090,,3.15,0.5,-0.0,-0.3
2026-05-22,071090,,3.22,0.2,-0.0,-0.2
2026-05-26,071090,,3.24,-0.4,-0.0,0.4
2026-05-27,071090,,3.19,-0.3,-0.0,0.6
2026-05-28,071090,,3.15,2.4,0.0,-2.3
2026-05-29,071090,3510.0,3.48,0.1,0.0,-0.1
2026-06-01,071090,,3.49,0.9,-0.0,-0.9
2026-06-02,071090,,3.64,1.3,-0.0,-1.3
2026-06-04,071090,,3.86,-0.4,0.0,0.4
2026-06-05,071090,,3.8,2.3,-0.0,-2.3
2026-06-08,071090,,4.17,0.4,0.0,-0.4
2026-06-09,071090,,4.23,-0.4,-0.0,0.4
2026-06-10,071090,,4.18,0.2,0.0,-0.3
2026-06-11,071090,,4.23,-0.8,-0.0,0.8
2026-06-12,071090,,4.1,-0.2,-0.0,0.1
2026-06-15,071090,,4.07,-1.6,-0.0,1.5
2026-06-16,071090,,3.72,-1.4,-0.0,1.5
2026-06-17,071090,,3.41,-8.7,-0.0,8.8
2026-06-18,071090,,2.4,-4.7,-0.0,4.6
2026-06-19,071090,,1.76,-0.1,-0.0,0.2
2026-06-22,071090,,1.74,-0.4,-0.0,0.4
2026-06-23,071090,,1.76,-3.8,0.0,3.8
2026-06-24,071090,,1.29,2.6,0.0,-2.5
2026-06-25,071090,,1.68,-0.4,-0.0,0.4
2026-06-26,071090,,1.62,1.0,0.0,-1.0
2026-06-29,071090,,1.79,1.5,0.0,-1.5
2026-06-30,071090,3035.0,2.04,-0.5,0.0,0.5
2026-07-01,071090,,1.96,0.5,-0.0,-0.4
2026-07-02,071090,,2.03,-0.9,0.0,0.9
2026-07-03,071090,,1.89,0.4,-0.0,-0.4
2026-07-06,071090,,1.98,-0.5,-0.0,0.5
2026-07-07,071090,,1.87,0.2,0.0,-0.2
2026-07-08,071090,,1.92,-0.1,0.0,-0.3
2026-07-09,071090,,1.92,0.2,-0.0,-0.2
2026-07-10,071090,,1.96,1.6,-0.0,-1.6
2026-07-13,071090,2900.0,2.22,-0.6,0.0,0.6
2025-07-14,071200,,5.37,-0.5,0.3,0.2
2025-07-15,071200,,5.36,1.7,0.0,-1.7
2025-07-16,071200,,5.46,-1.1,,1.2
2025-07-17,071200,,5.4,0.5,0.0,-0.5
2025-07-18,071200,,5.41,-1.6,-0.0,1.7
2025-07-21,071200,,5.31,0.7,0.0,-0.7
2025-07-22,071200,,5.35,0.1,-0.0,-0.3
2025-07-23,071200,,5.35,-0.6,0.0,0.6
2025-07-24,071200,,5.32,-0.7,-0.0,-0.0
2025-07-25,071200,,5.28,-0.7,-0.0,0.3
2025-07-28,071200,,5.24,-2.0,-0.0,-0.7
2025-07-29,071200,,5.12,1.1,-0.0,-8.2
2025-07-30,071200,,5.17,7.0,0.0,-23.6
2025-07-31,071200,,5.54,1.0,0.3,-1.0
2025-08-01,071200,,5.6,0.5,0.0,-0.3
2025-08-04,071200,,5.63,0.1,0.0,0.1
2025-08-05,071200,,5.63,-0.8,0.0,0.5
2025-08-06,071200,,5.59,0.1,-0.0,-0.7
2025-08-07,071200,,5.6,-0.3,-0.1,0.8
2025-08-08,071200,,5.59,-0.3,,0.5
2025-08-11,071200,,5.57,-2.0,,2.2
2025-08-12,071200,,5.46,0.6,,-0.7
2025-08-13,071200,,5.5,11.0,-0.0,-16.5
2025-08-14,071200,,6.18,-0.5,,0.2
2025-08-18,071200,,6.16,-1.3,-0.3,1.6
2025-08-19,071200,,6.08,0.7,-0.4,-0.2
2025-08-20,071200,,6.13,0.6,-0.0,-0.1
2025-08-21,071200,,6.17,-0.2,-0.0,0.4
2025-08-22,071200,,6.15,0.2,-0.1,0.1
2025-08-25,071200,,6.16,-0.1,,0.0
2025-08-26,071200,,6.16,-0.9,,1.0
2025-08-27,071200,,6.1,-0.2,,0.2
2025-08-28,071200,,6.08,-0.2,,0.2
2025-08-29,071200,6020.0,6.06,-1.3,0.0,1.3
2025-09-01,071200,,5.94,-0.4,,0.3
2025-09-02,071200,,5.91,0.0,0.0,0.2
2025-09-03,071200,,5.92,0.2,,-0.2
2025-09-04,071200,,5.93,0.1,,-0.2
2025-09-05,071200,,5.93,-0.3,0.0,0.3
2025-09-08,071200,,5.92,-0.3,,0.1
2025-09-09,071200,,5.9,-0.1,0.0,-0.1
2025-09-10,071200,,5.9,-0.6,0.0,0.7
2025-09-11,071200,,5.86,-0.1,,-0.3
2025-09-12,071200,,5.85,0.5,,-0.5
2025-09-15,071200,,5.89,-0.4,,0.2
2025-09-16,071200,,5.87,0.1,0.0,-0.0
2025-09-17,071200,,5.87,0.1,,-0.1
2025-09-18,071200,,5.88,-1.6,0.0,1.5
2025-09-19,071200,,5.8,0.1,0.0,-0.1
2025-09-22,071200,,5.81,0.5,0.0,-0.4
2025-09-23,071200,,5.89,-0.1,0.0,0.1
2025-09-24,071200,,5.89,0.6,0.1,-0.8
2025-09-25,071200,,5.93,0.1,-0.0,-0.2
2025-09-26,071200,,5.94,-0.7,,0.7
2025-09-29,071200,,5.89,-0.4,0.0,0.3
2025-09-30,071200,5860.0,5.86,1.3,,-0.8
2025-10-01,071200,,5.96,0.4,0.1,-0.4
2025-10-02,071200,,5.98,0.6,0.0,-0.6
2025-10-10,071200,,6.02,-1.0,-0.0,0.9
2025-10-13,071200,,5.95,-0.1,-0.0,0.1
2025-10-14,071200,,5.95,1.9,-0.0,-1.9
2025-10-15,071200,,6.08,0.0,0.0,-0.0
2025-10-16,071200,,6.08,-0.2,-0.0,0.2
2025-10-17,071200,,6.06,-0.1,-0.0,0.1
2025-10-20,071200,,6.06,,,
2025-10-21,071200,,6.06,,,
2025-10-22,071200,,6.06,,,
2025-10-23,071200,,6.05,,,
2025-10-24,071200,,6.05,,,
2025-10-27,071200,,6.05,,,
2025-10-28,071200,,6.05,,,
2025-10-29,071200,,6.05,,,
2025-10-30,071200,,6.05,,,
2025-10-31,071200,5860.0,6.05,,,
2025-11-03,071200,,6.05,,,
2025-11-04,071200,,6.05,,,
2025-11-05,071200,,6.05,,,
2025-11-06,071200,,6.05,,,
2025-11-07,071200,,6.05,,,
2025-11-10,071200,,6.05,,,
2025-11-11,071200,,6.0,,,
2025-11-12,071200,,6.0,,,
2025-11-13,071200,,6.0,,,
2025-11-14,071200,,6.0,,,
2025-11-17,071200,,6.0,,,
2025-11-18,071200,,5.94,,,
2025-11-19,071200,,5.89,,,
2025-11-20,071200,,5.89,,,
2025-11-21,071200,,5.89,,,
2025-11-24,071200,,5.89,,,
2025-11-25,071200,,5.89,,,
2025-11-26,071200,,5.88,,,
2025-11-27,071200,,5.88,,,
2025-11-28,071200,5860.0,5.88,,,
2025-12-01,071200,,5.88,,,
2025-12-02,071200,,5.88,,,
2025-12-03,071200,,5.88,,,
2025-12-04,071200,,5.88,,,
2025-12-05,071200,,5.88,,,
2025-12-08,071200,,5.88,,,
2025-12-09,071200,,5.88,,,
2025-12-10,071200,,5.88,,,
2025-12-11,071200,,5.88,,,
2025-12-12,071200,,5.88,,,
2025-12-15,071200,,5.88,,,
2025-12-16,071200,,5.88,,,
2025-12-17,071200,,5.88,,,
2025-12-18,071200,,5.88,,,
2025-12-19,071200,,5.66,,,
2025-12-22,071200,,5.66,,,
2025-12-23,071200,,5.66,,,
2025-12-24,071200,,5.66,,,
2025-12-26,071200,,5.66,,,
2025-12-29,071200,,5.66,,,
2025-12-30,071200,5860.0,5.66,,,
2026-01-02,071200,,5.66,,,
2026-01-05,071200,,5.66,,,
2026-01-06,071200,,5.66,,,
2026-01-07,071200,,5.66,,,
2026-01-08,071200,,5.66,,,
2026-01-09,071200,,5.66,,,
2026-01-12,071200,,5.66,,,
2026-01-13,071200,,5.66,,,
2026-01-14,071200,,5.66,,,
2026-01-15,071200,,5.66,,,
2026-01-16,071200,,5.66,,,
2026-01-19,071200,,5.66,,,
2026-01-20,071200,,5.66,,,
2026-01-21,071200,,5.66,-5.2,-0.0,3.0
2026-01-22,071200,,5.28,-2.5,-0.0,2.1
2026-01-23,071200,,5.1,-2.4,0.0,2.4
2026-01-26,071200,,4.92,1.0,,0.7
2026-01-27,071200,,4.99,4.2,-0.0,-4.5
2026-01-28,071200,,5.26,-4.4,-0.0,3.1
2026-01-29,071200,,4.97,4.1,0.0,-3.2
2026-01-30,071200,7010.0,5.18,0.0,0.0,0.1
2026-02-02,071200,,5.17,1.1,-0.0,-1.3
2026-02-03,071200,,5.22,-0.3,-0.0,0.2
2026-02-04,071200,,5.2,0.6,-0.0,-0.8
2026-02-05,071200,,5.22,0.5,-0.3,-0.4
2026-02-06,071200,,5.26,0.7,0.0,-1.1
2026-02-09,071200,,5.3,0.1,,-0.5
2026-02-10,071200,,5.31,0.8,,-0.8
2026-02-11,071200,,5.36,0.2,0.0,-0.3
2026-02-12,071200,,5.37,1.0,,-1.0
2026-02-13,071200,,5.43,0.3,,-0.3
2026-02-19,071200,,5.45,0.4,,-0.4
2026-02-20,071200,,5.47,0.8,,-0.9
2026-02-23,071200,,5.52,-0.4,,0.3
2026-02-24,071200,,5.49,4.3,,-4.3
2026-02-25,071200,,5.75,6.6,,-6.3
2026-02-26,071200,,6.14,-0.0,,-0.4
2026-02-27,071200,7120.0,6.14,1.0,,-0.9
2026-03-03,071200,,6.2,1.1,,-0.9
2026-03-04,071200,,6.26,2.7,-0.0,-2.5
2026-03-05,071200,,6.44,1.6,,-2.0
2026-03-06,071200,,6.54,0.3,0.1,-0.6
2026-03-09,071200,,6.56,0.0,0.1,-0.3
2026-03-10,071200,,6.56,-0.3,,0.3
2026-03-11,071200,,6.54,2.6,,-2.4
2026-03-12,071200,,6.7,1.0,,-0.4
2026-03-13,071200,,6.76,1.2,-0.1,-1.0
2026-03-16,071200,,6.83,-0.6,,0.3
2026-03-17,071200,,6.79,-2.8,,2.5
2026-03-18,071200,,6.62,1.2,,-1.3
2026-03-19,071200,,6.69,-0.2,0.1,0.0
2026-03-20,071200,,6.68,0.4,,-0.4
2026-03-23,071200,,6.7,-1.4,,0.4
2026-03-24,071200,,6.61,0.7,,-0.8
2026-03-25,071200,,6.66,0.1,,0.1
2026-03-26,071200,,6.66,-0.4,,0.4
2026-03-27,071200,,6.63,0.9,,-1.0
2026-03-30,071200,,6.69,0.0,,-0.0
2026-03-31,071200,5960.0,6.69,0.9,-0.1,-1.3
2026-04-01,071200,,6.77,0.7,,-0.7
2026-04-02,071200,,6.82,0.2,-0.0,-0.2
2026-04-03,071200,,6.84,0.0,-0.0,-0.0
2026-04-06,071200,,6.84,-0.2,-0.0,0.2
2026-04-07,071200,,6.82,0.8,-0.0,-1.1
2026-04-08,071200,,6.88,0.3,-0.0,-0.3
2026-04-09,071200,,6.89,-0.1,-0.0,0.1
2026-04-10,071200,,6.89,0.7,,-0.7
2026-04-13,071200,,6.94,1.5,0.1,-4.0
2026-04-14,071200,,7.03,1.0,0.1,-1.1
2026-04-15,071200,,7.09,0.5,0.1,-0.9
2026-04-16,071200,,7.12,4.2,0.2,-7.5
2026-04-17,071200,,7.39,0.0,0.3,-0.3
2026-04-20,071200,,7.39,0.5,0.0,-0.0
2026-04-21,071200,,7.42,0.1,0.1,-0.6
2026-04-22,071200,,7.43,1.5,1.0,-2.4
2026-04-23,071200,,7.52,-0.8,1.2,-0.4
2026-04-24,071200,,7.47,0.9,1.2,-1.8
2026-04-27,071200,,7.52,0.7,0.6,-1.3
2026-04-28,071200,,7.57,4.9,3.8,-8.1
2026-04-29,071200,,7.86,-0.6,0.3,0.9
2026-04-30,071200,7360.0,7.83,0.1,0.7,-0.7
2026-05-04,071200,,7.83,5.2,0.9,-6.2
2026-05-06,071200,,8.01,6.2,-0.0,-5.5
2026-05-07,071200,,8.33,-0.0,0.7,-1.0
2026-05-08,071200,,8.26,1.3,-0.0,-1.2
2026-05-11,071200,,8.33,2.2,0.0,-2.2
2026-05-12,071200,,8.46,3.8,-0.0,-3.9
2026-05-13,071200,,8.68,0.9,-0.0,-0.8
2026-05-14,071200,,8.73,-1.5,-0.0,1.4
2026-05-15,071200,,8.64,9.0,2.2,-5.6
2026-05-18,071200,,9.11,1.0,15.0,-14.8
2026-05-19,071200,,9.17,-3.1,0.0,3.1
2026-05-20,071200,,9.02,-1.5,-0.0,1.4
2026-05-21,071200,,8.93,0.5,0.0,-0.5
2026-05-22,071200,,8.97,0.0,0.0,-0.1
2026-05-26,071200,,8.97,1.0,-0.0,-1.1
2026-05-27,071200,,9.02,-0.5,-0.3,0.7
2026-05-28,071200,,9.0,0.2,0.0,-0.3
2026-05-29,071200,7620.0,9.01,-0.2,-0.0,0.2
2026-06-01,071200,,9.01,0.7,0.0,-0.9
2026-06-02,071200,,9.04,0.6,0.0,-0.6
2026-06-04,071200,,9.08,-0.5,-0.0,0.4
2026-06-05,071200,,9.07,-0.3,-0.0,0.2
2026-06-08,071200,,9.05,-1.9,-0.0,0.1
2026-06-09,071200,,8.94,1.8,-0.0,-1.5
2026-06-10,071200,,9.04,1.1,-0.0,-1.1
2026-06-11,071200,,9.11,0.8,0.0,-0.8
2026-06-12,071200,,9.15,1.2,-0.0,-1.2
2026-06-15,071200,,9.22,-0.6,-0.0,0.6
2026-06-16,071200,,9.18,0.8,0.0,-0.9
2026-06-17,071200,,9.23,5.8,-4.8,-1.1
2026-06-18,071200,,9.55,-0.0,0.0,0.0
2026-06-19,071200,,9.55,0.4,0.0,-0.4
2026-06-22,071200,,9.57,0.3,0.0,-0.2
2026-06-23,071200,,9.59,0.6,0.0,-0.8
2026-06-24,071200,,9.63,-0.0,0.0,-0.0
2026-06-25,071200,,9.63,-1.4,0.0,1.4
2026-06-26,071200,,9.53,0.9,-0.0,-0.9
2026-06-29,071200,,9.6,0.5,-0.0,-0.4
2026-06-30,071200,6540.0,9.63,0.2,0.0,-0.2
2026-07-01,071200,,9.64,0.4,0.0,-0.5
2026-07-02,071200,,9.67,1.3,0.0,-1.2
2026-07-03,071200,,9.74,1.2,0.0,-0.4
2026-07-06,071200,,9.81,0.5,-0.0,-0.5
2026-07-07,071200,,9.84,1.0,0.0,-1.0
2026-07-08,071200,,9.91,0.0,-1.5,-3.0
2026-07-09,071200,,9.91,7.4,-0.8,-5.8
2026-07-10,071200,,10.3,6.3,-0.9,-17.2
2026-07-13,071200,8630.0,10.6,1.8,0.0,-2.3
2025-07-14,071280,,43.28,-0.5,-0.0,0.5
2025-07-15,071280,,43.25,1.1,-0.0,-1.8
2025-07-16,071280,,43.31,1.2,-0.0,-2.1
2025-07-17,071280,,43.38,0.1,-0.0,-0.8
2025-07-18,071280,,43.38,-0.4,-0.0,0.4
2025-07-21,071280,,43.34,0.5,-0.0,-1.0
2025-07-22,071280,,43.38,0.8,-0.1,-0.6
2025-07-23,071280,,43.41,-0.9,-0.1,1.0
2025-07-24,071280,,43.38,-0.8,-0.0,0.7
2025-07-25,071280,,43.31,-0.2,-0.0,0.3
2025-07-28,071280,,43.31,0.8,-0.0,-0.6
2025-07-29,071280,,43.38,0.0,-0.0,-0.2
2025-07-30,071280,,43.38,1.0,-0.0,-2.4
2025-07-31,071280,,43.41,0.1,-0.0,-0.2
2025-08-01,071280,,43.41,-1.5,-0.0,1.4
2025-08-04,071280,,43.34,0.8,-0.0,-0.7
2025-08-05,071280,,43.38,-0.5,-0.1,1.0
2025-08-06,071280,,43.38,-0.3,-0.0,0.2
2025-08-07,071280,,43.34,-0.3,-0.0,-0.1
2025-08-08,071280,,43.41,-0.8,0.0,0.2
2025-08-11,071280,,43.38,0.1,-0.0,-0.1
2025-08-12,071280,,43.38,4.4,-0.0,-4.0
2025-08-13,071280,,43.59,-0.0,-0.0,-0.4
2025-08-14,071280,,43.59,-0.7,-0.0,0.7
2025-08-18,071280,,43.62,-1.5,-0.0,-49.4
2025-08-19,071280,,43.56,-1.4,-0.0,-13.9
2025-08-20,071280,,43.47,2.0,0.1,-1.8
2025-08-21,071280,,43.59,-1.9,0.0,1.9
2025-08-22,071280,,43.47,-1.3,-0.0,2.5
2025-08-25,071280,,43.41,0.1,0.0,0.1
2025-08-26,071280,,43.41,0.3,-0.0,0.2
2025-08-27,071280,,43.41,1.5,-0.1,-1.1
2025-08-28,071280,,43.5,0.7,0.0,-0.2
2025-08-29,071280,12960.0,43.53,0.9,-0.0,-0.5
2025-09-01,071280,,43.59,-2.5,-2.1,4.8
2025-09-02,071280,,43.44,0.6,-0.0,-0.4
2025-09-03,071280,,43.5,0.5,-0.0,-0.2
2025-09-04,071280,,43.5,1.0,-0.0,-0.5
2025-09-05,071280,,43.56,0.2,-1.0,1.1
2025-09-08,071280,,43.56,0.0,-1.0,1.4
2025-09-09,071280,,43.56,1.3,-0.9,0.1
2025-09-10,071280,,43.62,1.8,-0.0,-1.3
2025-09-11,071280,,43.72,0.8,-2.1,1.9
2025-09-12,071280,,43.75,1.8,-1.5,0.2
2025-09-15,071280,,43.84,0.5,0.0,0.1
2025-09-16,071280,,43.88,-0.0,0.0,1.0
2025-09-17,071280,,43.88,-1.1,-0.3,1.7
2025-09-18,071280,,43.81,2.7,0.1,-1.5
2025-09-19,071280,,43.94,-6.8,0.0,7.4
2025-09-22,071280,,43.62,-2.8,-0.0,3.4
2025-09-23,071280,,43.47,-2.5,-0.1,2.7
2025-09-24,071280,,43.34,0.8,0.0,-0.2
2025-09-25,071280,,43.38,-1.8,-0.0,2.2
2025-09-26,071280,,43.31,-3.6,0.0,4.7
2025-09-29,071280,,43.09,-0.2,0.0,0.6
2025-09-30,071280,11870.0,43.09,-1.6,-0.1,1.8
2025-10-01,071280,,43.0,1.6,-0.0,-0.8
2025-10-02,071280,,43.09,10.8,-0.1,-9.5
2025-10-10,071280,,43.62,2.2,0.0,-0.8
2025-10-13,071280,,43.72,-0.4,-0.0,0.8
2025-10-14,071280,,43.69,-4.4,-0.0,4.4
2025-10-15,071280,,43.47,2.3,-2.9,0.8
2025-10-16,071280,,43.59,3.4,-0.7,2.1
2025-10-17,071280,,43.78,-6.8,-2.1,24.4
2025-10-20,071280,,43.41,0.6,-2.2,1.2
2025-10-21,071280,,43.44,6.6,-2.0,21.9
2025-10-22,071280,,43.78,-3.9,-0.0,3.8
2025-10-23,071280,,43.59,-2.7,0.0,2.7
2025-10-24,071280,,43.44,-2.5,-0.1,0.8
2025-10-27,071280,,43.28,-0.8,-0.1,1.1
2025-10-28,071280,,43.22,-0.4,-2.0,2.5
2025-10-29,071280,,43.19,-0.7,-0.1,1.0
2025-10-30,071280,,43.19,0.5,-0.0,-24.8
2025-10-31,071280,11140.0,43.22,-0.1,-0.0,-0.4
2025-11-03,071280,,43.22,4.5,-0.0,-4.5
2025-11-04,071280,,43.44,1.7,-0.0,-1.6
2025-11-05,071280,,43.56,-4.7,0.0,15.8
2025-11-06,071280,,43.28,4.2,4.0,-8.2
2025-11-07,071280,,43.59,-7.3,0.0,7.4
2025-11-10,071280,,43.16,0.3,-0.0,-0.3
2025-11-11,071280,,43.19,1.1,0.0,-0.9
2025-11-12,071280,,43.25,0.1,-0.0,-0.2
2025-11-13,071280,,43.25,-2.2,-0.5,2.9
2025-11-14,071280,,43.12,-1.4,0.0,1.4
2025-11-17,071280,,43.03,0.7,-0.0,-0.7
2025-11-18,071280,,43.09,-1.2,0.5,0.9
2025-11-19,071280,,43.0,0.3,0.0,-0.3
2025-11-20,071280,,43.03,1.9,-0.0,-12.9
2025-11-21,071280,,43.16,-1.1,0.5,0.5
2025-11-24,071280,,43.06,0.6,0.0,-0.9
2025-11-25,071280,,43.12,1.4,-0.0,-1.2
2025-11-26,071280,,43.22,1.2,0.0,-1.0
2025-11-27,071280,,43.31,0.4,-0.0,-0.4
2025-11-28,071280,9210.0,43.31,0.1,-0.0,-0.1
2025-12-01,071280,,43.34,-0.1,-0.0,0.1
2025-12-02,071280,,43.31,-0.1,0.0,0.5
2025-12-03,071280,,43.31,2.4,0.0,-0.4
2025-12-04,071280,,43.47,-4.3,0.0,4.2
2025-12-05,071280,,43.16,-0.0,0.0,0.3
2025-12-08,071280,,43.16,0.3,-0.9,1.0
2025-12-09,071280,,43.19,-0.7,-0.5,1.4
2025-12-10,071280,,43.12,1.2,-0.0,-8.5
2025-12-11,071280,,43.22,0.8,-0.0,-0.5
2025-12-12,071280,,43.28,-0.6,0.0,0.9
2025-12-15,071280,,43.25,-1.4,0.0,1.6
2025-12-16,071280,,43.12,-0.9,-0.1,1.2
2025-12-17,071280,,43.09,-0.1,0.0,-0.1
2025-12-18,071280,,43.06,0.4,-0.0,-0.4
2025-12-19,071280,,43.09,-0.1,-0.0,0.1
2025-12-22,071280,,43.09,0.8,-1.0,3.0
2025-12-23,071280,,43.12,2.1,0.2,4.6
2025-12-24,071280,,43.31,22.9,2.8,-0.6
2025-12-26,071280,,45.12,1.9,-0.4,-1.5
2025-12-29,071280,,45.28,-0.9,-0.1,1.1
2025-12-30,071280,8830.0,45.19,-1.6,-0.6,4.0
2026-01-02,071280,,45.03,2.3,-1.8,-0.5
2026-01-05,071280,,45.19,-0.9,-0.5,2.2
2026-01-06,071280,,45.12,0.3,-0.8,0.5
2026-01-07,071280,,45.09,-3.7,-0.1,3.8
2026-01-08,071280,,44.81,-1.7,-0.1,1.8
2026-01-09,071280,,44.69,-1.3,-0.1,1.4
2026-01-12,071280,,44.59,0.1,0.5,-0.1
2026-01-13,071280,,44.59,-1.4,-0.1,1.2
2026-01-14,071280,,44.47,-0.1,0.6,-0.0
2026-01-15,071280,,44.47,-0.2,-2.0,2.4
2026-01-16,071280,,44.44,-2.8,0.2,3.1
2026-01-19,071280,,44.22,0.5,-0.0,-0.2
2026-01-20,071280,,44.25,1.6,-0.0,-1.0
2026-01-21,071280,,44.38,0.2,-2.3,5.6
2026-01-22,071280,,44.44,-6.5,-0.0,6.8
2026-01-23,071280,,43.97,0.2,-0.4,0.1
2026-01-26,071280,,44.0,0.8,-0.1,33.9
2026-01-27,071280,,44.12,-1.1,-0.2,1.8
2026-01-28,071280,,44.03,-0.3,-0.4,1.5
2026-01-29,071280,,44.03,-0.7,-1.5,3.1
2026-01-30,071280,9790.0,44.0,-1.8,,1.8
2026-02-02,071280,,43.88,-1.2,,1.3
2026-02-03,071280,,43.81,-1.2,-0.0,15.2
2026-02-04,071280,,43.72,-3.0,,3.1
2026-02-05,071280,,43.56,-0.2,-0.3,0.4
2026-02-06,071280,,43.56,1.7,,-1.7
2026-02-09,071280,,43.69,11.4,0.2,-7.9
2026-02-10,071280,,44.38,-3.7,,5.4
2026-02-11,071280,,44.16,-1.7,0.6,4.4
2026-02-12,071280,,44.06,-3.2,,3.1
2026-02-13,071280,,43.84,-1.0,,0.6
2026-02-19,071280,,43.78,1.7,-1.6,-0.1
2026-02-20,071280,,43.88,-2.9,-1.7,4.5
2026-02-23,071280,,43.69,0.3,,-0.7
2026-02-24,071280,,43.72,0.6,,-0.6
2026-02-25,071280,,43.78,-4.9,-0.0,4.4
2026-02-26,071280,,43.44,0.5,0.3,-1.3
2026-02-27,071280,9730.0,43.47,-1.6,0.1,0.6
2026-03-03,071280,,43.38,2.5,0.2,-3.9
2026-03-04,071280,,43.53,1.6,0.1,-1.1
2026-03-05,071280,,43.66,4.5,,-4.6
2026-03-06,071280,,44.0,1.4,,-1.4
2026-03-09,071280,,44.09,-2.8,,2.7
2026-03-10,071280,,43.88,2.1,,-2.0
2026-03-11,071280,,44.06,1.4,,-1.4
2026-03-12,071280,,44.16,-1.3,,-7.6
2026-03-13,071280,,44.06,1.7,-1.2,-0.6
2026-03-16,071280,,44.19,0.1,,-0.1
2026-03-17,071280,,44.19,0.2,,9.9
2026-03-18,071280,,44.19,-1.1,-0.6,1.7
2026-03-19,071280,,44.12,-0.9,,0.8
2026-03-20,071280,,44.06,0.4,,0.4
2026-03-23,071280,,44.06,-0.6,,1.3
2026-03-24,071280,,44.03,1.1,,0.5
2026-03-25,071280,,44.12,1.5,-0.1,-1.4
2026-03-26,071280,,44.19,-2.3,-0.0,2.3
2026-03-27,071280,,44.0,-0.4,,0.4
2026-03-30,071280,,43.97,-0.2,,0.2
2026-03-31,071280,7190.0,43.94,3.1,0.0,1.0
2026-04-01,071280,,44.16,2.4,0.2,-2.5
2026-04-02,071280,,44.38,-0.1,-0.6,0.7
2026-04-03,071280,,44.38,-0.1,,0.1
2026-04-06,071280,,44.38,0.5,-0.5,-0.1
2026-04-07,071280,,44.41,-0.5,,0.5
2026-04-08,071280,,44.31,2.6,,-2.5
2026-04-09,071280,,44.53,-0.3,-0.5,0.9
2026-04-10,071280,,44.5,0.9,,-1.0
2026-04-13,071280,,44.59,0.5,-0.7,-0.2
2026-04-14,071280,,44.62,-0.1,,0.1
2026-04-15,071280,,44.62,0.2,-0.4,0.2
2026-04-16,071280,,44.62,1.6,-0.2,-0.9
2026-04-17,071280,,44.75,-1.1,0.0,1.3
2026-04-20,071280,,44.69,0.2,0.0,-0.2
2026-04-21,071280,,44.69,0.6,-0.0,-0.6
2026-04-22,071280,,44.75,0.4,,-0.4
2026-04-23,071280,,44.78,0.0,0.3,-0.3
2026-04-24,071280,,44.78,2.2,-0.0,-1.6
2026-04-27,071280,,44.91,-0.5,-3.0,3.9
2026-04-28,071280,,44.88,-1.3,-2.9,4.4
2026-04-29,071280,,44.81,0.3,-0.0,-0.4
2026-04-30,071280,9460.0,44.81,2.0,-1.9,-0.1
2026-05-04,071280,,44.97,3.3,-0.3,2.8
2026-05-06,071280,,45.19,2.6,-2.0,8.7
2026-05-07,071280,,45.38,-3.7,-0.0,3.9
2026-05-08,071280,,45.12,2.4,0.0,-0.5
2026-05-11,071280,,45.28,-4.0,-0.0,3.9
2026-05-12,071280,,45.0,-0.7,-0.0,0.5
2026-05-13,071280,,44.97,3.0,0.0,-2.5
2026-05-14,071280,,45.16,0.7,-0.0,0.3
2026-05-15,071280,,45.22,-1.6,-0.0,1.3
2026-05-18,071280,,45.09,2.0,0.0,-1.8
2026-05-19,071280,,45.25,0.4,0.0,-0.5
2026-05-20,071280,,45.28,0.0,0.0,-0.1
2026-05-21,071280,,45.28,1.6,-0.0,-1.6
2026-05-22,071280,,45.41,2.3,-0.0,-2.3
2026-05-26,071280,,45.56,4.1,0.0,-3.9
2026-05-27,071280,,45.84,-3.1,0.0,3.1
2026-05-28,071280,,45.62,-3.2,0.0,3.6
2026-05-29,071280,8100.0,45.38,-2.0,-0.0,2.0
2026-06-01,071280,,45.19,-2.0,0.0,2.0
2026-06-02,071280,,45.03,-1.0,-0.0,1.0
2026-06-04,071280,,44.91,1.9,0.1,-2.4
2026-06-05,071280,,45.09,2.3,-0.0,-2.4
2026-06-08,071280,,45.31,-1.3,0.0,1.3
2026-06-09,071280,,45.16,2.2,-0.0,-2.2
2026-06-10,071280,,45.38,-0.9,-0.0,0.8
2026-06-11,071280,,45.28,-0.7,-0.0,0.6
2026-06-12,071280,,45.22,2.4,-0.0,-2.8
2026-06-15,071280,,45.44,-1.2,0.0,1.2
2026-06-16,071280,,45.34,-1.6,-0.0,1.6
2026-06-17,071280,,45.19,-0.5,0.0,0.5
2026-06-18,071280,,45.16,0.2,-0.0,-0.2
2026-06-19,071280,,45.16,0.8,0.0,-0.8
2026-06-22,071280,,45.25,0.3,-0.0,-0.3
2026-06-23,071280,,45.28,-0.1,-0.0,0.1
2026-06-24,071280,,45.25,0.1,-0.0,-0.0
2026-06-25,071280,,45.28,-0.7,0.4,0.3
2026-06-26,071280,,45.19,0.6,-0.0,-0.4
2026-06-29,071280,,45.22,3.0,1.7,-4.7
2026-06-30,071280,7750.0,45.5,0.1,2.3,-2.6
2026-07-01,071280,,45.53,-1.2,0.9,0.4
2026-07-02,071280,,45.41,-2.7,-1.3,3.9
2026-07-03,071280,,45.16,-1.1,-0.0,1.2
2026-07-06,071280,,45.06,-0.3,-1.5,1.8
2026-07-07,071280,,45.03,-0.1,-0.1,0.3
2026-07-08,071280,,45.03,-0.3,-0.3,0.5
2026-07-09,071280,,45.0,0.3,-0.0,-0.3
2026-07-10,071280,,45.03,1.3,-0.0,-1.3
2026-07-13,071280,6430.0,45.12,-1.0,-0.0,1.1
2025-07-14,071320,,5.39,4.8,-0.3,-4.4
2025-07-15,071320,,5.43,-9.3,3.3,5.7
2025-07-16,071320,,5.32,-3.0,6.9,-3.9
2025-07-17,071320,,5.3,-9.7,13.1,-3.3
2025-07-18,071320,,5.21,-5.7,-3.3,8.6
2025-07-21,071320,,5.15,3.4,-0.2,-3.2
2025-07-22,071320,,5.19,-5.5,-0.2,5.4
2025-07-23,071320,,5.14,-1.7,-2.9,4.6
2025-07-24,071320,,5.12,1.2,-7.0,5.8
2025-07-25,071320,,5.13,5.1,-8.3,1.4
2025-07-28,071320,,5.19,2.5,-4.1,2.8
2025-07-29,071320,,5.21,5.2,-3.6,-1.4
2025-07-30,071320,,5.26,-2.0,4.4,-2.4
2025-07-31,071320,,5.24,-2.8,-0.8,3.4
2025-08-01,071320,,5.21,5.9,-6.5,0.6
2025-08-04,071320,,5.28,-5.4,5.4,0.1
2025-08-05,071320,,5.21,-4.9,8.8,-3.7
2025-08-06,071320,,5.17,2.1,10.0,-12.2
2025-08-07,071320,,5.2,-37.7,22.7,14.3
2025-08-08,071320,,4.74,-5.6,-4.7,10.3
2025-08-11,071320,,4.7,-1.5,4.0,-2.4
2025-08-12,071320,,4.69,-0.4,-2.4,1.9
2025-08-13,071320,,4.68,-0.1,1.2,-1.2
2025-08-14,071320,,4.68,-2.4,-0.8,3.1
2025-08-18,071320,,4.65,2.5,-3.7,1.4
2025-08-19,071320,,4.68,11.4,-8.6,-2.1
2025-08-20,071320,,4.81,-3.6,3.8,-0.1
2025-08-21,071320,,4.78,-6.7,7.4,-0.9
2025-08-22,071320,,4.72,-4.2,1.3,2.6
2025-08-25,071320,,4.67,-3.0,-3.1,5.9
2025-08-26,071320,,4.63,-0.6,0.1,0.4
2025-08-27,071320,,4.65,2.4,-0.3,-2.1
2025-08-28,071320,,4.67,-0.2,1.1,-0.8
2025-08-29,071320,76900.0,4.67,-1.1,-2.9,3.7
2025-09-01,071320,,4.65,12.6,5.0,-17.6
2025-09-02,071320,,4.83,-7.3,3.8,3.6
2025-09-03,071320,,4.75,-5.3,6.9,-1.6
2025-09-04,071320,,4.69,-3.0,-0.1,3.1
2025-09-05,071320,,4.64,-0.9,-0.8,1.5
2025-09-08,071320,,4.63,1.9,2.3,-4.2
2025-09-09,071320,,4.67,0.1,0.4,-0.6
2025-09-10,071320,,4.66,-0.5,3.1,-2.3
2025-09-11,071320,,4.66,0.2,-2.0,2.5
2025-09-12,071320,,4.66,-4.6,0.8,3.8
2025-09-15,071320,,4.63,3.3,-3.4,0.1
2025-09-16,071320,,4.66,-1.5,-0.3,1.8
2025-09-17,071320,,4.65,4.7,2.7,-7.6
2025-09-18,071320,,4.71,-1.4,4.9,-3.0
2025-09-19,071320,,4.68,-9.8,6.9,3.3
2025-09-22,071320,,4.56,-8.1,11.3,-3.2
2025-09-23,071320,,4.48,6.7,14.9,-21.9
2025-09-24,071320,,4.57,-3.7,6.3,-2.6
2025-09-25,071320,,4.52,-3.5,5.4,-1.9
2025-09-26,071320,,4.48,-2.0,7.0,-4.9
2025-09-29,071320,,4.47,0.1,1.9,-1.4
2025-09-30,071320,90300.0,4.46,-1.5,1.2,0.3
2025-10-01,071320,,4.43,-0.2,-1.5,1.8
2025-10-02,071320,,4.43,-2.4,-9.9,12.0
2025-10-10,071320,,4.4,4.4,-12.1,7.7
2025-10-13,071320,,4.44,2.5,-4.5,1.9
2025-10-14,071320,,4.47,2.6,-0.9,-1.8
2025-10-15,071320,,4.5,6.8,-4.1,-2.6
2025-10-16,071320,,4.57,0.8,1.7,-2.3
2025-10-17,071320,,4.58,0.1,6.2,-5.6
2025-10-20,071320,,4.58,1.2,4.2,-5.2
2025-10-21,071320,,4.6,3.5,-2.9,-0.5
2025-10-22,071320,,4.62,39.4,5.1,-43.8
2025-10-23,071320,,5.01,-8.9,3.5,6.5
2025-10-24,071320,,4.87,-6.5,-3.8,10.5
2025-10-27,071320,,4.79,-6.3,3.6,2.6
2025-10-28,071320,,4.72,1.4,6.2,-8.0
2025-10-29,071320,,4.74,-0.3,5.6,-5.3
2025-10-30,071320,,4.74,-2.6,0.7,2.0
2025-10-31,071320,95700.0,4.71,-7.1,11.0,-3.5
2025-11-03,071320,,4.63,8.5,-13.9,5.4
2025-11-04,071320,,4.71,-3.8,-2.2,5.9
2025-11-05,071320,,4.67,-0.5,2.3,-1.7
2025-11-06,071320,,4.68,8.1,1.3,-9.2
2025-11-07,071320,,4.77,10.5,15.6,-26.3
2025-11-10,071320,,4.86,-8.5,6.7,2.1
2025-11-11,071320,,4.73,4.8,-3.9,-1.1
2025-11-12,071320,,4.78,7.1,-10.1,2.8
2025-11-13,071320,,4.82,16.8,-14.4,-1.2
2025-11-14,071320,,4.95,16.3,-12.1,-4.2
2025-11-17,071320,,5.1,10.4,-10.2,-0.6
2025-11-18,071320,,5.18,3.4,-1.2,-2.9
2025-11-19,071320,,5.19,-8.9,8.2,0.1
2025-11-20,071320,,5.11,6.8,-8.7,2.3
2025-11-21,071320,,5.17,0.0,-11.0,11.2
2025-11-24,071320,,5.17,-5.3,-6.2,11.3
2025-11-25,071320,,5.11,5.7,-3.2,-2.6
2025-11-26,071320,,5.17,1.4,-3.7,1.7
2025-11-27,071320,,5.17,-5.3,13.4,-8.2
2025-11-28,071320,107900.0,5.13,-6.0,5.2,0.7
2025-12-01,071320,,5.08,2.3,-6.7,4.3
2025-12-02,071320,,5.14,8.2,-2.7,-4.3
2025-12-03,071320,,5.22,15.3,-7.2,-15.5
2025-12-04,071320,,5.37,-0.4,-0.6,0.9
2025-12-05,071320,,5.36,1.8,4.0,-5.8
2025-12-08,071320,,5.36,0.5,-5.7,0.5
2025-12-09,071320,,5.35,9.5,0.1,-9.9
2025-12-10,071320,,5.43,-3.3,-5.7,7.1
2025-12-11,071320,,5.38,4.6,-7.4,0.3
2025-12-12,071320,,5.41,6.3,-2.4,-3.8
2025-12-15,071320,,5.46,12.0,3.8,-15.9
2025-12-16,071320,,5.58,-15.5,29.4,-14.0
2025-12-17,071320,,5.46,-6.4,-5.1,11.7
2025-12-18,071320,,5.39,-4.1,-7.7,11.8
2025-12-19,071320,,5.34,-4.2,-1.2,5.5
2025-12-22,071320,,5.31,-3.9,-7.3,11.2
2025-12-23,071320,,5.27,0.9,-10.9,10.1
2025-12-24,071320,,5.27,0.6,-8.2,7.6
2025-12-26,071320,,5.28,-3.6,-7.9,11.5
2025-12-29,071320,,5.23,0.7,-4.7,4.4
2025-12-30,071320,96400.0,5.23,0.1,-2.5,2.4
2026-01-02,071320,,5.24,-2.7,-8.8,11.4
2026-01-05,071320,,5.21,6.3,-3.6,-2.3
2026-01-06,071320,,5.28,-0.0,-7.7,7.4
2026-01-07,071320,,5.27,-2.7,-4.3,7.0
2026-01-08,071320,,5.24,0.8,-6.0,5.2
2026-01-09,071320,,5.24,-2.7,5.2,-2.4
2026-01-12,071320,,5.22,0.7,2.2,-2.9
2026-01-13,071320,,5.24,7.9,-3.3,-4.7
2026-01-14,071320,,5.29,1.5,-5.3,3.7
2026-01-15,071320,,5.3,5.6,-0.9,-4.7
2026-01-16,071320,,5.4,2.7,-4.1,1.4
2026-01-19,071320,,5.4,8.8,-4.4,-4.4
2026-01-20,071320,,5.49,32.2,-5.2,-26.9
2026-01-21,071320,,5.79,0.0,5.3,-5.2
2026-01-22,071320,,5.78,7.8,-4.3,-3.5
2026-01-23,071320,,5.83,2.5,-5.6,3.1
2026-01-26,071320,,5.84,3.2,-5.1,2.0
2026-01-27,071320,,5.87,0.6,-4.5,3.8
2026-01-28,071320,,5.85,-4.7,-8.0,12.5
2026-01-29,071320,,5.76,3.9,-4.1,0.2
2026-01-30,071320,99800.0,5.79,3.5,-11.8,7.9
2026-02-02,071320,,5.8,1.7,-2.4,0.8
2026-02-03,071320,,5.82,3.2,-3.6,0.5
2026-02-04,071320,,5.85,21.3,-4.2,-16.7
2026-02-05,071320,,6.06,26.8,6.6,-33.0
2026-02-06,071320,,6.33,-6.2,6.9,-0.7
2026-02-09,071320,,6.27,24.3,-0.8,-24.2
2026-02-10,071320,,6.53,-60.6,-14.0,71.8
2026-02-11,071320,,5.78,-33.2,-27.2,61.1
2026-02-12,071320,,5.46,-14.2,-6.0,19.4
2026-02-13,071320,,5.33,-36.4,0.3,35.5
2026-02-19,071320,,4.97,-28.1,-9.4,37.4
2026-02-20,071320,,4.69,-4.4,-2.0,6.3
2026-02-23,071320,,4.75,-20.1,3.3,16.8
2026-02-24,071320,,4.59,-9.1,2.8,5.9
2026-02-25,071320,,4.53,-11.3,-2.1,11.7
2026-02-26,071320,,4.39,-9.2,-0.9,8.8
2026-02-27,071320,93200.0,4.31,0.2,-2.5,0.2
2026-03-03,071320,,4.35,-18.1,-4.4,21.4
2026-03-04,071320,,4.14,-17.6,-3.0,2.2
2026-03-05,071320,,3.96,3.4,-11.3,2.6
2026-03-06,071320,,4.01,-5.2,0.1,4.2
2026-03-09,071320,,3.94,-6.9,-3.7,10.1
2026-03-10,071320,,3.84,-5.7,-6.6,12.1
2026-03-11,071320,,3.78,-0.8,-3.1,3.8
2026-03-12,071320,,3.8,-7.5,2.4,5.1
2026-03-13,071320,,3.72,-3.3,-7.1,10.4
2026-03-16,071320,,3.68,1.0,-0.8,-0.2
2026-03-17,071320,,3.7,-2.4,0.8,1.5
2026-03-18,071320,,3.67,-1.1,1.2,-1.4
2026-03-19,071320,,3.67,-5.1,-1.0,6.1
2026-03-20,071320,,3.61,6.1,3.4,-10.5
2026-03-23,071320,,3.72,-19.2,6.3,12.7
2026-03-24,071320,,3.53,8.7,59.0,-67.5
2026-03-25,071320,,3.66,-15.7,9.5,6.2
2026-03-26,071320,,3.46,-18.6,-7.9,23.8
2026-03-27,071320,,3.25,-19.7,-35.3,55.2
2026-03-30,071320,,2.98,-4.7,-6.4,39.7
2026-03-31,071320,72200.0,2.94,4.1,-9.0,4.9
2026-04-01,071320,,2.99,1.7,0.1,-2.1
2026-04-02,071320,,3.02,-1.8,0.5,1.4
2026-04-03,071320,,2.99,0.4,-6.7,6.1
2026-04-06,071320,,2.98,0.2,-1.2,0.7
2026-04-07,071320,,2.99,1.6,-8.3,5.6
2026-04-08,071320,,3.04,9.6,-4.6,-5.2
2026-04-09,071320,,3.18,6.4,-51.1,44.7
2026-04-10,071320,,3.25,9.5,-3.9,-5.6
2026-04-13,071320,,3.36,-7.3,-7.2,14.4
2026-04-14,071320,,3.26,4.7,-8.1,3.4
2026-04-15,071320,,3.32,-6.5,-1.9,8.3
2026-04-16,071320,,3.23,2.8,-3.0,0.2
2026-04-17,071320,,3.29,2.7,-5.3,3.4
2026-04-20,071320,,3.31,0.7,-6.2,5.4
2026-04-21,071320,,3.32,-1.9,-1.5,3.2
2026-04-22,071320,,3.29,-3.6,1.2,2.4
2026-04-23,071320,,3.25,2.9,-9.4,6.4
2026-04-24,071320,,3.28,-0.5,-4.9,5.4
2026-04-27,071320,,3.27,-5.9,-3.3,9.1
2026-04-28,071320,,3.19,0.1,0.8,-1.0
2026-04-29,071320,,3.16,0.7,-2.0,1.3
2026-04-30,071320,76500.0,3.17,-5.4,6.8,-1.4
2026-05-04,071320,,3.11,-6.2,0.0,6.1
2026-05-06,071320,,3.0,-6.1,-3.5,9.6
2026-05-07,071320,,2.93,1.6,-0.1,-1.5
2026-05-08,071320,,2.95,0.4,2.4,-3.2
2026-05-11,071320,,2.98,-5.2,-3.6,8.9
2026-05-12,071320,,2.89,6.1,-1.3,-4.8
2026-05-13,071320,,2.98,0.0,-2.1,2.0
2026-05-14,071320,,2.97,7.1,3.4,-10.4
2026-05-15,071320,,3.08,2.4,0.9,-3.2
2026-05-18,071320,,3.11,-2.7,-1.4,4.1
2026-05-19,071320,,3.08,-1.4,1.8,-0.1
2026-05-20,071320,,3.09,-4.3,-1.4,5.7
2026-05-21,071320,,3.06,-0.5,-2.9,3.1
2026-05-22,071320,,3.05,-1.6,-1.7,3.3
2026-05-26,071320,,3.03,-5.4,-1.8,7.2
2026-05-27,071320,,2.96,-1.8,-4.1,7.1
2026-05-28,071320,,2.94,1.4,-1.2,2.0
2026-05-29,071320,71500.0,2.97,-0.4,2.2,-1.7
2026-06-01,071320,,2.97,1.8,-0.1,-2.0
2026-06-02,071320,,2.98,6.6,0.1,-6.8
2026-06-04,071320,,3.1,-3.4,0.4,2.4
2026-06-05,071320,,3.05,-0.0,-0.1,0.0
2026-06-08,071320,,3.03,-3.0,-0.2,2.8
2026-06-09,071320,,2.98,2.7,-0.4,-2.8
2026-06-10,071320,,3.03,1.2,-0.5,-0.7
2026-06-11,071320,,3.05,-4.4,5.5,-1.1
2026-06-12,071320,,3.01,2.2,1.3,-3.5
2026-06-15,071320,,3.04,1.7,0.6,-2.3
2026-06-16,071320,,3.06,-3.5,1.7,1.8
2026-06-17,071320,,3.01,-4.7,2.3,2.4
2026-06-18,071320,,2.95,-4.0,-0.6,4.5
2026-06-19,071320,,2.89,0.1,-1.1,0.8
2026-06-22,071320,,2.88,-1.9,-1.9,3.8
2026-06-23,071320,,2.85,-1.8,-0.1,1.8
2026-06-24,071320,,2.83,-0.9,-0.7,1.5
2026-06-25,071320,,2.82,-0.2,-0.9,1.2
2026-06-26,071320,,2.81,-3.0,0.1,2.9
2026-06-29,071320,,2.76,-1.4,2.4,-1.0
2026-06-30,071320,64600.0,2.75,-2.2,-3.3,5.4
2026-07-01,071320,,2.71,0.2,0.0,-0.2
2026-07-02,071320,,2.72,2.2,0.3,-2.5
2026-07-03,071320,,2.78,-0.9,0.9,-0.0
2026-07-06,071320,,2.78,1.5,-0.5,-1.0
2026-07-07,071320,,2.78,0.8,1.9,-2.6
2026-07-08,071320,,2.79,-0.6,0.8,-0.2
2026-07-09,071320,,2.79,-3.0,2.2,0.8
2026-07-10,071320,,2.74,1.2,-0.1,-1.1
2026-07-13,071320,66700.0,2.76,-0.2,0.1,-0.6
2025-12-30,071460,,,,,
2026-01-30,071460,,,,,
2026-02-27,071460,,,,,
2026-03-31,071460,,,,,
2026-04-30,071460,,,,,
2026-05-29,071460,,,,,
2026-06-30,071460,,,,,
2026-07-13,071460,,,,,
2025-07-14,071670,,1.48,0.4,0.0,-0.4
2025-07-15,071670,,1.55,0.2,0.0,-0.2
2025-07-16,071670,,1.58,-0.5,0.0,0.5
2025-07-17,071670,,1.5,0.4,0.0,-0.0
2025-07-18,071670,,1.57,-0.2,0.0,0.2
2025-07-21,071670,,1.55,0.2,0.0,-0.2
2025-07-22,071670,,1.57,-0.5,0.0,0.8
2025-07-23,071670,,1.49,-0.0,0.0,0.0
2025-07-24,071670,,1.49,-0.3,0.0,0.3
2025-07-25,071670,,1.44,-0.2,0.0,0.2
2025-07-28,071670,,1.41,0.0,0.0,-0.0
2025-07-29,071670,,1.41,0.1,0.0,-0.1
2025-07-30,071670,,1.44,0.9,0.0,-0.9
2025-07-31,071670,,1.58,-0.2,0.0,0.4
2025-08-01,071670,,1.55,-0.9,0.0,0.9
2025-08-04,071670,,1.4,-0.0,0.0,0.4
2025-08-05,071670,,1.4,0.2,0.0,-0.1
2025-08-06,071670,,1.43,0.0,0.0,0.1
2025-08-07,071670,,1.44,0.4,0.0,-0.4
2025-08-08,071670,,1.5,0.0,0.0,-0.0
2025-08-11,071670,,1.5,-0.0,0.0,0.0
2025-08-12,071670,,1.5,0.2,0.0,-0.2
2025-08-13,071670,,1.54,0.7,0.0,-0.7
2025-08-14,071670,,1.64,-0.3,-0.0,0.4
2025-08-18,071670,,1.59,-0.1,-0.0,0.1
2025-08-19,071670,,1.57,-0.1,0.0,0.1
2025-08-20,071670,,1.56,-0.4,0.0,0.4
2025-08-21,071670,,1.49,-0.0,0.0,0.0
2025-08-22,071670,,1.49,0.1,0.0,-0.0
2025-08-25,071670,,1.5,0.1,0.0,-0.0
2025-08-26,071670,,1.55,-0.1,0.0,0.1
2025-08-27,071670,,1.52,-0.2,0.0,0.2
2025-08-28,071670,,1.49,-0.0,0.0,0.0
2025-08-29,071670,6050.0,1.49,-0.1,-0.0,0.2
2025-09-01,071670,,1.47,0.2,0.0,-0.2
2025-09-02,071670,,1.5,-0.0,0.0,0.0
2025-09-03,071670,,1.49,0.1,0.0,-0.1
2025-09-04,071670,,1.5,0.3,-0.0,-0.3
2025-09-05,071670,,1.55,-0.0,0.0,0.0
2025-09-08,071670,,1.55,-0.2,0.0,0.2
2025-09-09,071670,,1.52,0.6,0.0,-0.6
2025-09-10,071670,,1.62,0.0,0.0,-0.0
2025-09-11,071670,,1.62,-0.1,0.0,0.1
2025-09-12,071670,,1.61,-0.1,0.0,0.1
2025-09-15,071670,,1.59,0.0,0.0,-0.0
2025-09-16,071670,,1.59,-0.2,0.0,0.2
2025-09-17,071670,,1.55,-0.1,0.0,0.1
2025-09-18,071670,,1.54,0.6,0.0,-0.6
2025-09-19,071670,,1.63,-0.0,0.0,0.0
2025-09-22,071670,,1.63,-0.2,0.0,0.2
2025-09-23,071670,,1.6,-0.3,0.0,0.3
2025-09-24,071670,,1.55,-0.4,0.0,0.4
2025-09-25,071670,,1.48,0.0,0.0,-0.0
2025-09-26,071670,,1.48,-0.3,0.0,0.3
2025-09-29,071670,,1.43,-0.0,0.0,0.0
2025-09-30,071670,5870.0,1.43,-0.1,0.0,0.1
2025-10-01,071670,,1.41,0.0,0.0,-0.0
2025-10-02,071670,,1.42,0.1,0.0,-0.1
2025-10-10,071670,,1.43,-0.0,0.0,0.0
2025-10-13,071670,,1.43,0.1,0.0,-0.0
2025-10-14,071670,,1.44,0.3,0.0,-0.3
2025-10-15,071670,,1.48,0.6,-0.1,-0.5
2025-10-16,071670,,1.58,0.1,0.0,-0.1
2025-10-17,071670,,1.6,0.3,0.0,-0.2
2025-10-20,071670,,1.64,0.0,-0.0,0.7
2025-10-21,071670,,1.65,0.0,0.0,-0.0
2025-10-22,071670,,1.65,0.2,0.0,-0.2
2025-10-23,071670,,1.66,-0.3,-0.0,0.3
2025-10-24,071670,,1.61,-0.1,0.0,0.1
2025-10-27,071670,,1.59,-0.1,0.0,0.1
2025-10-28,071670,,1.58,0.1,0.0,-0.1
2025-10-29,071670,,1.59,0.4,0.0,-0.4
2025-10-30,071670,,1.65,-0.5,0.0,0.5
2025-10-31,071670,6250.0,1.57,0.2,-0.0,-0.2
2025-11-03,071670,,1.6,-0.1,0.0,-0.2
2025-11-04,071670,,1.59,-0.5,0.0,0.4
2025-11-05,071670,,1.51,-0.3,-0.0,0.3
2025-11-06,071670,,1.46,-0.3,-0.0,0.3
2025-11-07,071670,,1.42,-0.6,0.0,0.6
2025-11-10,071670,,1.32,0.9,-0.8,-0.0
2025-11-11,071670,,1.47,-0.3,0.0,0.3
2025-11-12,071670,,1.42,0.3,0.0,-0.3
2025-11-13,071670,,1.47,-0.1,0.0,0.1
2025-11-14,071670,,1.45,-0.0,-0.0,0.0
2025-11-17,071670,,1.45,-0.4,0.0,0.4
2025-11-18,071670,,1.37,-0.5,0.0,0.5
2025-11-19,071670,,1.32,0.0,0.0,-0.0
2025-11-20,071670,,1.41,0.1,0.0,-0.1
2025-11-21,071670,,1.43,0.0,0.0,-0.0
2025-11-24,071670,,1.44,-0.1,0.0,0.1
2025-11-25,071670,,1.83,0.1,-0.0,-0.1
2025-11-26,071670,,1.83,0.2,0.0,-0.2
2025-11-27,071670,,1.87,-0.2,0.0,0.1
2025-11-28,071670,5520.0,1.84,0.1,0.0,-0.1
2025-12-01,071670,,1.86,-0.2,0.0,0.2
2025-12-02,071670,,1.84,0.0,0.0,0.0
2025-12-03,071670,,1.84,0.0,0.0,-0.0
2025-12-04,071670,,1.84,-0.2,0.0,0.2
2025-12-05,071670,,1.8,0.1,0.0,-0.1
2025-12-08,071670,,1.81,0.0,0.0,-0.0
2025-12-09,071670,,1.82,-0.1,0.0,0.1
2025-12-10,071670,,1.81,0.2,0.0,-0.2
2025-12-11,071670,,1.84,0.2,0.0,-0.2
2025-12-12,071670,,1.89,0.1,0.0,-0.1
2025-12-15,071670,,1.91,0.1,0.0,-0.1
2025-12-16,071670,,1.92,-0.0,0.0,0.0
2025-12-17,071670,,1.93,0.3,0.0,-0.3
2025-12-18,071670,,1.97,-0.3,0.0,0.3
2025-12-19,071670,,1.93,0.2,0.0,-0.2
2025-12-22,071670,,1.96,0.1,0.0,-0.1
2025-12-23,071670,,1.98,-0.2,0.0,0.2
2025-12-24,071670,,1.96,-2.2,-0.0,1.9
2025-12-26,071670,,1.68,-4.6,-0.0,3.6
2025-12-29,071670,,1.18,-2.0,-0.0,3.4
2025-12-30,071670,10310.0,1.1,-1.4,-0.0,0.6
2026-01-02,071670,,0.94,3.4,0.0,-2.8
2026-01-05,071670,,1.28,-2.4,-0.0,2.5
2026-01-06,071670,,1.05,0.2,0.0,-0.7
2026-01-07,071670,,1.06,0.0,0.0,0.0
2026-01-08,071670,,1.09,-0.7,0.0,0.6
2026-01-09,071670,,1.02,-0.0,0.0,-0.1
2026-01-12,071670,,1.02,0.9,-0.0,-0.9
2026-01-13,071670,,1.1,-1.5,0.0,1.7
2026-01-14,071670,,0.96,0.3,-0.0,-1.1
2026-01-15,071670,,0.99,0.5,0.0,-0.1
2026-01-16,071670,,1.04,-1.0,0.0,1.2
2026-01-19,071670,,0.95,1.8,0.0,-1.4
2026-01-20,071670,,1.1,-1.4,-0.0,1.3
2026-01-21,071670,,1.0,0.2,0.0,-0.4
2026-01-22,071670,,1.02,-2.9,0.0,2.4
2026-01-23,071670,,0.82,-2.0,0.0,1.6
2026-01-26,071670,,0.65,1.9,0.0,-2.2
2026-01-27,071670,,0.87,1.3,0.0,-1.4
2026-01-28,071670,,0.98,0.1,0.0,-0.1
2026-01-29,071670,,1.0,0.4,-0.0,-1.4
2026-01-30,071670,10960.0,1.04,-2.0,0.0,1.7
2026-02-02,071670,,0.85,-1.8,0.0,2.4
2026-02-03,071670,,0.68,6.1,-0.0,-8.4
2026-02-04,071670,,1.24,-3.2,-0.0,3.2
2026-02-05,071670,,0.95,0.1,0.0,-0.1
2026-02-06,071670,,0.96,1.4,-0.0,-1.5
2026-02-09,071670,,1.1,4.3,0.0,-4.6
2026-02-10,071670,,1.5,-1.7,-0.0,1.5
2026-02-11,071670,,1.34,1.6,0.0,-2.0
2026-02-12,071670,,1.49,1.3,-0.0,-1.3
2026-02-13,071670,,1.62,-0.9,0.0,0.9
2026-02-19,071670,,1.53,-0.3,-0.0,0.4
2026-02-20,071670,,1.5,3.9,0.0,-3.9
2026-02-23,071670,,1.89,1.1,0.0,-1.1
2026-02-24,071670,,1.99,0.3,0.0,-0.3
2026-02-25,071670,,2.02,-0.7,-0.0,-0.2
2026-02-26,071670,,1.94,-3.1,0.0,3.1
2026-02-27,071670,9750.0,1.63,0.8,-0.0,-0.8
2026-03-03,071670,,1.72,3.6,0.0,-3.6
2026-03-04,071670,,2.11,3.3,0.0,-3.5
2026-03-05,071670,,2.5,2.5,-0.0,-2.5
2026-03-06,071670,,2.78,-0.3,-0.0,0.3
2026-03-09,071670,,2.75,0.0,-0.0,-0.0
2026-03-10,071670,,2.66,-0.2,0.0,0.2
2026-03-11,071670,,2.63,-2.0,0.0,1.9
2026-03-12,071670,,2.41,-0.4,0.0,0.3
2026-03-13,071670,,2.38,0.6,0.0,-0.6
2026-03-16,071670,,2.44,-0.3,0.0,0.3
2026-03-17,071670,,2.41,-1.1,0.0,1.1
2026-03-18,071670,,2.28,-0.1,0.0,0.1
2026-03-19,071670,,2.27,-0.4,0.0,0.5
2026-03-20,071670,,2.22,1.2,0.0,-1.2
2026-03-23,071670,,2.35,-0.9,0.0,1.0
2026-03-24,071670,,2.24,0.5,0.0,-0.5
2026-03-25,071670,,2.29,-0.5,0.0,0.5
2026-03-26,071670,,2.24,-0.1,0.0,0.1
2026-03-27,071670,,2.23,0.1,0.0,-0.1
2026-03-30,071670,,2.25,0.2,0.0,-0.2
2026-03-31,071670,8320.0,2.26,0.2,0.0,-0.2
2026-04-01,071670,,2.29,0.7,-0.0,-0.7
2026-04-02,071670,,2.36,-0.2,0.0,0.2
2026-04-03,071670,,2.32,-0.1,0.0,0.1
2026-04-06,071670,,2.31,0.8,0.0,-0.8
2026-04-07,071670,,2.41,0.0,0.0,-0.0
2026-04-08,071670,,2.41,0.7,0.0,-0.7
2026-04-09,071670,,2.49,0.2,0.0,-0.2
2026-04-10,071670,,2.51,2.8,-0.0,-2.8
2026-04-13,071670,,2.84,-0.5,0.0,0.5
2026-04-14,071670,,2.79,0.8,0.0,-0.8
2026-04-15,071670,,2.88,0.2,0.0,-0.2
2026-04-16,071670,,2.9,-0.5,0.0,0.5
2026-04-17,071670,,2.85,0.2,0.0,-0.2
2026-04-20,071670,,2.87,-0.4,0.0,0.5
2026-04-21,071670,,2.82,-0.2,0.0,0.2
2026-04-22,071670,,2.79,0.5,0.0,-0.7
2026-04-23,071670,,2.85,-1.0,0.0,1.0
2026-04-24,071670,,2.74,0.9,-0.0,-0.8
2026-04-27,071670,,2.86,0.4,0.0,-0.3
2026-04-28,071670,,2.9,-0.8,0.0,0.7
2026-04-29,071670,,2.81,-0.6,-0.0,0.6
2026-04-30,071670,8850.0,2.74,0.5,-0.0,-0.4
2026-05-04,071670,,2.8,0.7,0.0,-0.8
2026-05-06,071670,,2.88,-1.5,-0.0,1.4
2026-05-07,071670,,2.71,0.2,0.0,-0.4
2026-05-08,071670,,2.74,1.0,-0.0,-1.2
2026-05-11,071670,,2.86,-1.2,0.0,1.4
2026-05-12,071670,,2.73,-0.6,0.0,0.8
2026-05-13,071670,,2.66,1.5,-0.0,-1.6
2026-05-14,071670,,2.82,-1.3,-0.0,1.4
2026-05-15,071670,,2.68,-1.4,0.0,1.4
2026-05-18,071670,,2.28,1.3,0.0,-1.3
2026-05-19,071670,,2.44,1.0,0.0,-0.8
2026-05-20,071670,,2.56,-0.3,0.0,0.3
2026-05-21,071670,,2.52,0.3,0.0,-0.4
2026-05-22,071670,,2.57,-0.4,-0.0,0.4
2026-05-26,071670,,2.52,-1.1,-0.0,1.1
2026-05-27,071670,,2.38,-1.1,0.0,1.2
2026-05-28,071670,,2.23,0.7,0.0,-0.7
2026-05-29,071670,6690.0,2.33,0.5,0.0,-0.6
2026-06-01,071670,,2.41,-0.4,-0.0,0.4
2026-06-02,071670,,2.41,1.5,-0.0,-1.6
2026-06-04,071670,,2.67,-0.4,0.0,0.4
2026-06-05,071670,,2.61,1.3,-0.0,-1.3
2026-06-08,071670,,2.76,0.3,-0.0,-0.3
2026-06-09,071670,,2.81,0.5,-0.0,-0.5
2026-06-10,071670,,2.9,-0.2,-0.0,0.2
2026-06-11,071670,,2.87,0.3,-0.0,-0.3
2026-06-12,071670,,2.92,-0.2,0.0,0.2
2026-06-15,071670,,2.89,-0.1,-0.0,0.0
2026-06-16,071670,,2.88,-0.2,0.0,0.2
2026-06-17,071670,,2.85,0.3,0.0,-0.3
2026-06-18,071670,,2.89,0.1,-0.0,-0.1
2026-06-19,071670,,2.82,-1.3,-0.0,1.3
2026-06-22,071670,,2.6,-6.1,0.3,5.6
2026-06-23,071670,,1.72,-0.9,-0.4,1.1
2026-06-24,071670,,1.75,-5.8,-0.0,5.9
2026-06-25,071670,,1.12,0.9,0.0,-0.9
2026-06-26,071670,,1.28,-0.8,0.0,0.8
2026-06-29,071670,,1.16,1.9,-0.0,-1.9
2026-06-30,071670,6340.0,1.46,0.5,-0.0,-0.4
2026-07-01,071670,,1.53,-0.1,0.0,-0.0
2026-07-02,071670,,1.52,-1.2,-0.0,1.1
2026-07-03,071670,,1.3,0.2,0.0,-0.2
2026-07-06,071670,,1.34,-0.0,0.0,0.0
2026-07-07,071670,,1.33,0.2,0.0,-0.2
2026-07-08,071670,,1.38,-0.4,-0.0,0.4
2026-07-09,071670,,1.29,-0.1,-0.0,0.1
2026-07-10,071670,,1.26,0.7,-0.0,-0.7
2026-07-13,071670,4930.0,1.4,-0.4,0.0,0.4
2025-07-14,071840,,2.62,1.6,-0.0,-1.6
2025-07-15,071840,,2.69,0.2,0.0,-0.2
2025-07-16,071840,,2.7,1.6,0.0,-1.7
2025-07-17,071840,,2.77,0.2,0.3,-0.5
2025-07-18,071840,,2.78,0.3,0.0,-0.3
2025-07-21,071840,,2.8,0.2,0.4,-0.6
2025-07-22,071840,,2.81,-0.2,0.1,0.1
2025-07-23,071840,,2.8,-0.5,0.1,0.4
2025-07-24,071840,,2.78,-0.4,-0.2,0.5
2025-07-25,071840,,2.76,0.4,-0.4,-0.0
2025-07-28,071840,,2.78,-1.4,1.0,0.3
2025-07-29,071840,,2.72,0.5,0.3,-0.4
2025-07-30,071840,,2.74,0.7,0.2,-0.9
2025-07-31,071840,,2.77,1.5,-0.0,-1.3
2025-08-01,071840,,2.85,-0.7,0.0,0.7
2025-08-04,071840,,2.81,0.8,0.0,-0.8
2025-08-05,071840,,2.85,2.1,-0.0,-2.1
2025-08-06,071840,,2.71,1.0,0.0,-1.0
2025-08-07,071840,,2.76,0.1,-0.0,-0.1
2025-08-08,071840,,2.76,-0.3,0.0,0.3
2025-08-11,071840,,2.75,1.2,-0.1,-1.1
2025-08-12,071840,,2.81,-0.5,0.0,0.4
2025-08-13,071840,,2.78,-0.1,-0.0,0.1
2025-08-14,071840,,2.78,-0.2,-0.1,0.3
2025-08-18,071840,,2.77,-0.4,0.4,0.0
2025-08-19,071840,,2.75,0.1,0.0,-0.1
2025-08-20,071840,,2.75,-0.2,0.0,0.2
2025-08-21,071840,,2.74,0.1,0.0,-0.1
2025-08-22,071840,,2.74,-0.2,-0.0,0.0
2025-08-25,071840,,2.73,0.0,-0.1,0.0
2025-08-26,071840,,2.78,1.6,0.4,-2.1
2025-08-27,071840,,2.86,2.7,-0.0,-2.7
2025-08-28,071840,,2.99,-0.1,-0.0,0.2
2025-08-29,071840,8350.0,2.99,-0.1,0.0,0.1
2025-09-01,071840,,2.98,-0.3,0.0,0.3
2025-09-02,071840,,2.97,-1.7,0.1,1.6
2025-09-03,071840,,2.88,-1.3,0.0,1.2
2025-09-04,071840,,2.82,-1.0,-0.2,1.2
2025-09-05,071840,,2.77,0.7,-1.4,0.6
2025-09-08,071840,,2.8,-0.3,-0.6,0.9
2025-09-09,071840,,2.79,0.1,-0.3,0.3
2025-09-10,071840,,2.79,0.2,-0.2,-0.2
2025-09-11,071840,,2.81,-0.4,0.1,0.3
2025-09-12,071840,,2.79,-0.5,-0.0,0.8
2025-09-15,071840,,2.76,0.8,-0.0,-0.8
2025-09-16,071840,,2.8,0.1,-0.2,0.1
2025-09-17,071840,,2.81,-0.1,-0.0,0.1
2025-09-18,071840,,2.8,0.7,-1.4,0.4
2025-09-19,071840,,2.84,-0.5,-0.8,1.3
2025-09-22,071840,,2.81,0.2,0.0,-0.2
2025-09-23,071840,,2.82,-0.2,-0.8,1.1
2025-09-24,071840,,2.81,-0.4,-0.9,1.3
2025-09-25,071840,,2.79,0.2,-0.1,-0.1
2025-09-26,071840,,2.8,-0.1,0.1,-0.1
2025-09-29,071840,,2.74,-0.2,0.1,0.1
2025-09-30,071840,7870.0,2.73,0.3,0.2,-0.5
2025-10-01,071840,,2.75,-0.4,-0.5,0.9
2025-10-02,071840,,2.73,-0.4,-0.6,1.0
2025-10-10,071840,,2.71,-0.5,-0.0,0.6
2025-10-13,071840,,2.68,0.3,-0.7,0.4
2025-10-14,071840,,2.69,-0.0,-0.9,0.9
2025-10-15,071840,,2.69,0.9,-0.9,-0.1
2025-10-16,071840,,2.74,0.4,-0.1,-0.3
2025-10-17,071840,,2.76,-0.1,-0.5,0.4
2025-10-20,071840,,2.76,-0.1,0.0,0.1
2025-10-21,071840,,2.8,-0.1,0.1,-0.1
2025-10-22,071840,,2.79,-0.1,-0.1,0.2
2025-10-23,071840,,2.75,-0.0,0.1,-0.1
2025-10-24,071840,,2.75,-0.4,-0.0,0.4
2025-10-27,071840,,2.73,0.2,-0.0,-0.1
2025-10-28,071840,,2.74,0.1,-0.0,-0.1
2025-10-29,071840,,2.74,-0.1,-0.0,0.1
2025-10-30,071840,,2.73,0.3,0.0,-0.3
2025-10-31,071840,7650.0,2.75,-0.8,-0.0,0.8
2025-11-03,071840,,2.71,-0.5,0.0,0.5
2025-11-04,071840,,2.68,0.0,0.1,-0.1
2025-11-05,071840,,2.68,-0.4,-0.2,0.5
2025-11-06,071840,,2.66,0.2,-0.3,0.0
2025-11-07,071840,,2.67,0.3,-0.1,-0.2
2025-11-10,071840,,2.68,0.3,-0.1,-0.2
2025-11-11,071840,,2.66,0.9,0.0,-0.9
2025-11-12,071840,,2.71,0.3,0.0,-0.4
2025-11-13,071840,,2.73,-0.3,0.3,-0.0
2025-11-14,071840,,2.71,-0.0,0.1,-0.0
2025-11-17,071840,,2.71,-0.2,-0.2,0.4
2025-11-18,071840,,2.74,-0.0,-0.7,1.0
2025-11-19,071840,,2.74,0.1,-0.0,-0.1
2025-11-20,071840,,2.74,0.6,0.1,-0.6
2025-11-21,071840,,2.77,0.3,-0.1,-0.2
2025-11-24,071840,,2.79,-0.3,0.0,0.3
2025-11-25,071840,,2.77,-0.1,0.1,0.1
2025-11-26,071840,,2.77,0.2,-0.1,-0.1
2025-11-27,071840,,2.78,0.1,-0.0,-0.1
2025-11-28,071840,7590.0,2.78,0.0,0.0,-0.1
2025-12-01,071840,,2.78,0.1,0.0,-0.1
2025-12-02,071840,,2.84,0.4,0.2,-0.6
2025-12-03,071840,,2.86,0.2,-0.0,-0.2
2025-12-04,071840,,2.87,-0.1,-0.1,0.2
2025-12-05,071840,,2.87,-0.3,-0.0,0.3
2025-12-08,071840,,2.85,-0.3,-0.0,0.3
2025-12-09,071840,,2.84,-0.2,-0.0,0.2
2025-12-10,071840,,2.83,-0.2,0.0,0.2
2025-12-11,071840,,2.82,-0.0,-0.0,0.1
2025-12-12,071840,,2.82,0.1,0.1,-0.2
2025-12-15,071840,,2.82,0.1,0.1,-0.2
2025-12-16,071840,,2.83,-0.2,-0.1,0.4
2025-12-17,071840,,3.05,-0.1,0.1,0.0
2025-12-18,071840,,3.04,-0.1,-0.1,0.2
2025-12-19,071840,,3.04,0.0,0.0,-0.0
2025-12-22,071840,,3.04,-0.1,-0.0,0.1
2025-12-23,071840,,3.03,-0.1,0.0,0.1
2025-12-24,071840,,3.03,-0.0,-0.0,0.0
2025-12-26,071840,,3.03,-0.1,0.0,0.1
2025-12-29,071840,,3.02,-0.2,0.0,0.2
2025-12-30,071840,7550.0,3.01,-0.1,0.0,0.1
2026-01-02,071840,,3.0,-0.1,0.0,0.1
2026-01-05,071840,,3.0,-0.3,-0.0,0.3
2026-01-06,071840,,3.15,-0.3,-0.1,0.3
2026-01-07,071840,,3.21,-0.3,-0.0,0.3
2026-01-08,071840,,3.19,-0.5,-0.0,0.5
2026-01-09,071840,,3.16,-0.2,-0.0,0.2
2026-01-12,071840,,3.15,-0.1,0.0,0.1
2026-01-13,071840,,3.14,-0.3,-0.4,0.8
2026-01-14,071840,,3.28,0.3,-0.6,0.2
2026-01-15,071840,,3.3,-0.1,0.0,0.1
2026-01-16,071840,,3.29,-0.4,-0.0,0.4
2026-01-19,071840,,3.27,-0.2,-0.1,0.1
2026-01-20,071840,,3.26,0.2,-0.2,-0.3
2026-01-21,071840,,3.27,-0.1,-0.1,0.1
2026-01-22,071840,,3.26,0.2,0.0,-0.2
2026-01-23,071840,,3.28,0.3,-0.1,-0.2
2026-01-26,071840,,3.3,0.0,-0.1,0.1
2026-01-27,071840,,3.3,-0.1,-0.1,0.2
2026-01-28,071840,,3.29,-0.4,-0.0,0.4
2026-01-29,071840,,3.27,-0.1,-0.2,0.3
2026-01-30,071840,7260.0,3.26,0.3,0.0,-0.3
2026-02-02,071840,,3.28,-0.4,-0.0,0.4
2026-02-03,071840,,3.26,0.1,0.0,-0.1
2026-02-04,071840,,3.26,0.8,0.0,-0.8
2026-02-05,071840,,3.31,0.1,0.0,-0.2
2026-02-06,071840,,3.31,0.3,-0.8,0.5
2026-02-09,071840,,3.33,-0.3,0.2,0.7
2026-02-10,071840,,3.31,0.2,-0.1,-0.0
2026-02-11,071840,,3.32,0.6,1.5,-1.6
2026-02-12,071840,,3.35,4.7,1.8,-6.6
2026-02-13,071840,,3.57,2.3,0.5,-2.9
2026-02-19,071840,,3.68,-0.1,-0.4,0.5
2026-02-20,071840,,3.68,-0.3,-0.0,-0.6
2026-02-23,071840,,3.66,0.4,-0.3,0.5
2026-02-24,071840,,3.45,-0.2,0.1,0.0
2026-02-25,071840,,3.44,0.3,-0.2,-0.1
2026-02-26,071840,,3.46,-0.2,0.1,-0.4
2026-02-27,071840,8590.0,3.45,0.5,-0.5,-0.0
2026-03-03,071840,,3.47,0.6,-0.1,-0.5
2026-03-04,071840,,3.5,-0.2,-0.4,0.6
2026-03-05,071840,,3.49,0.6,-0.4,-0.3
2026-03-06,071840,,3.53,-0.3,-0.0,0.3
2026-03-09,071840,,3.51,-0.4,0.0,0.5
2026-03-10,071840,,3.49,-0.3,-0.0,0.3
2026-03-11,071840,,3.51,0.0,-0.0,-0.8
2026-03-12,071840,,3.52,0.2,0.0,-0.2
2026-03-13,071840,,3.53,0.1,0.0,-0.1
2026-03-16,071840,,3.53,0.1,-0.0,-0.1
2026-03-17,071840,,3.54,0.5,-0.3,-0.3
2026-03-18,071840,,3.56,0.2,-0.0,-0.2
2026-03-19,071840,,3.3,-0.1,-0.1,0.2
2026-03-20,071840,,3.3,0.4,-0.7,0.3
2026-03-23,071840,,3.32,-0.5,0.0,0.5
2026-03-24,071840,,3.3,0.1,0.0,-0.1
2026-03-25,071840,,3.3,-0.2,0.1,0.1
2026-03-26,071840,,3.29,-0.4,-0.0,0.4
2026-03-27,071840,,3.27,-0.4,0.1,0.3
2026-03-30,071840,,3.25,-1.7,-0.1,1.8
2026-03-31,071840,7760.0,2.96,-0.9,0.0,0.9
2026-04-01,071840,,2.91,-0.4,0.0,0.4
2026-04-02,071840,,2.89,-0.7,-0.1,0.8
2026-04-03,071840,,2.85,-0.2,-0.0,0.3
2026-04-06,071840,,2.84,-0.5,0.0,0.5
2026-04-07,071840,,2.81,-0.2,-0.0,0.3
2026-04-08,071840,,2.8,-0.1,0.0,0.1
2026-04-09,071840,,2.79,0.1,-0.2,0.1
2026-04-10,071840,,2.8,0.2,0.1,-0.3
2026-04-13,071840,,2.81,0.1,-0.0,-0.1
2026-04-14,071840,,2.82,0.3,0.8,-1.1
2026-04-15,071840,,2.84,-0.4,0.4,-0.0
2026-04-16,071840,,2.82,0.3,0.1,-0.4
2026-04-17,071840,,2.83,-0.1,-0.3,0.4
2026-04-20,071840,,2.83,0.0,-0.0,0.0
2026-04-21,071840,,2.83,-0.4,0.0,0.4
2026-04-22,071840,,2.81,-0.0,0.0,0.0
2026-04-23,071840,,2.8,-0.4,-0.7,1.1
2026-04-24,071840,,2.79,0.5,0.1,-0.6
2026-04-27,071840,,2.81,0.1,-0.0,-0.1
2026-04-28,071840,,2.82,1.1,-0.1,-1.0
2026-04-29,071840,,2.87,0.1,0.0,-0.1
2026-04-30,071840,8010.0,2.87,-0.7,0.0,0.7
2026-05-04,071840,,2.84,-1.5,-0.3,1.8
2026-05-06,071840,,2.76,-0.9,-0.4,1.5
2026-05-07,071840,,2.71,-0.6,0.6,-0.1
2026-05-08,071840,,2.67,-0.4,-1.3,1.7
2026-05-11,071840,,2.65,-0.4,0.3,-2.1
2026-05-12,071840,,2.63,-1.7,-0.5,2.2
2026-05-13,071840,,2.53,-0.8,-0.4,1.1
2026-05-14,071840,,2.48,0.2,-0.0,-0.2
2026-05-15,071840,,2.5,-0.1,0.3,-0.5
2026-05-18,071840,,2.49,-0.4,-0.1,0.5
2026-05-19,071840,,2.53,-0.6,-0.2,0.7
2026-05-20,071840,,2.48,-0.4,0.0,0.4
2026-05-21,071840,,2.79,-0.0,-0.0,0.0
2026-05-22,071840,,2.8,0.1,-0.0,-0.1
2026-05-26,071840,,2.8,-0.3,-0.0,0.3
2026-05-27,071840,,2.78,-0.5,0.0,0.5
2026-05-28,071840,,2.75,-0.3,-0.0,0.3
2026-05-29,071840,6790.0,2.73,-0.2,-0.0,0.2
2026-06-01,071840,,2.72,-0.5,0.1,0.4
2026-06-02,071840,,2.69,0.3,-0.2,-0.2
2026-06-04,071840,,2.72,0.1,0.1,-0.2
2026-06-05,071840,,2.72,0.2,-0.2,-0.1
2026-06-08,071840,,2.73,-0.7,0.0,0.7
2026-06-09,071840,,2.68,0.1,-0.0,-0.1
2026-06-10,071840,,2.69,0.8,0.0,-0.8
2026-06-11,071840,,2.74,-0.1,-0.4,0.5
2026-06-12,071840,,2.74,0.3,-0.0,-0.3
2026-06-15,071840,,2.76,-0.6,-0.0,0.6
2026-06-16,071840,,2.72,0.2,0.0,-0.2
2026-06-17,071840,,2.74,-0.3,-0.1,0.4
2026-06-18,071840,,2.72,-0.5,-0.0,0.5
2026-06-19,071840,,2.69,-0.1,-0.0,0.2
2026-06-22,071840,,2.68,-0.5,0.0,0.4
2026-06-23,071840,,2.65,-0.1,0.0,0.1
2026-06-24,071840,,2.64,-0.6,-0.0,0.7
2026-06-25,071840,,2.6,-0.2,0.1,0.1
2026-06-26,071840,,2.54,0.1,-0.1,-0.0
2026-06-29,071840,,2.56,0.2,-0.0,-0.2
2026-06-30,071840,6320.0,2.58,0.0,-0.0,-0.0
2026-07-01,071840,,2.58,-0.0,-0.0,0.0
2026-07-02,071840,,2.57,0.2,0.0,-0.3
2026-07-03,071840,,2.59,0.3,-0.0,-0.3
2026-07-06,071840,,2.61,0.0,-0.0,-0.1
2026-07-07,071840,,2.61,0.3,0.0,-0.3
2026-07-08,071840,,2.63,0.1,0.1,-0.1
2026-07-09,071840,,2.65,0.1,-0.0,-0.1
2026-07-10,071840,,2.66,-0.4,-0.1,0.5
2026-07-13,071840,6100.0,2.62,0.1,0.0,-0.1
2025-07-14,071850,,0.39,-0.0,,-0.2
2025-07-15,071850,,0.39,-0.0,,-0.1
2025-07-16,071850,,0.39,-0.0,,-0.1
2025-07-17,071850,,0.39,-0.0,,-0.1
2025-07-18,071850,,0.39,-0.0,,-0.2
2025-07-21,071850,,0.38,0.0,,-0.0
2025-07-22,071850,,0.38,-0.0,,0.0
2025-07-23,071850,,0.38,-0.0,,0.0
2025-07-24,071850,,0.38,-0.0,,0.0
2025-07-25,071850,,0.38,0.0,,-0.1
2025-07-28,071850,,0.38,0.0,,-0.0
2025-07-29,071850,,0.38,0.0,,-0.2
2025-07-30,071850,,0.38,0.0,,0.0
2025-07-31,071850,,0.38,0.0,,0.0
2025-08-01,071850,,0.38,-0.0,,0.0
2025-08-04,071850,,0.38,-0.0,,-0.0
2025-08-05,071850,,0.38,0.0,,-0.0
2025-08-06,071850,,0.38,0.0,,-0.0
2025-08-07,071850,,0.38,0.0,,-0.5
2025-08-08,071850,,0.39,0.0,,-0.0
2025-08-11,071850,,0.39,-0.0,,0.0
2025-08-12,071850,,0.38,-0.0,,0.0
2025-08-13,071850,,0.38,0.0,,-0.0
2025-08-14,071850,,0.39,0.0,,-0.0
2025-08-18,071850,,0.39,0.0,,-0.7
2025-08-19,071850,,0.39,-0.0,,0.0
2025-08-20,071850,,0.38,0.0,,-0.0
2025-08-21,071850,,0.38,-0.0,,0.0
2025-08-22,071850,,0.38,0.0,,-0.0
2025-08-25,071850,,0.39,-0.0,,0.0
2025-08-26,071850,,0.39,0.0,,-0.0
2025-08-27,071850,,0.39,-0.0,,0.0
2025-08-28,071850,,0.39,-0.0,,0.0
2025-08-29,071850,1625.0,0.39,0.0,,0.0
2025-09-01,071850,,0.39,0.0,,-0.0
2025-09-02,071850,,0.39,0.0,,-0.1
2025-09-03,071850,,0.39,0.0,,-0.2
2025-09-04,071850,,0.4,0.0,,-0.1
2025-09-05,071850,,0.41,-0.0,,-0.0
2025-09-08,071850,,0.41,0.0,,-0.0
2025-09-09,071850,,0.41,-0.0,,-0.2
2025-09-10,071850,,0.41,-0.1,,0.1
2025-09-11,071850,,0.39,-0.0,,0.0
2025-09-12,071850,,0.39,-0.0,,-0.2
2025-09-15,071850,,0.39,0.0,,-0.1
2025-09-16,071850,,0.39,0.0,,-0.3
2025-09-17,071850,,0.39,0.0,,-0.1
2025-09-18,071850,,0.39,-0.0,,0.0
2025-09-19,071850,,0.39,0.0,,-0.0
2025-09-22,071850,,0.39,0.0,,-0.2
2025-09-23,071850,,0.39,-0.0,,-0.1
2025-09-24,071850,,0.39,-0.0,,-0.1
2025-09-25,071850,,0.39,-0.0,,-0.1
2025-09-26,071850,,0.39,-0.0,,-0.6
2025-09-29,071850,,0.39,-0.0,,-0.1
2025-09-30,071850,1694.0,0.39,-0.0,,-0.0
2025-10-01,071850,,0.39,-0.0,,-0.1
2025-10-02,071850,,0.39,-0.0,,-0.1
2025-10-10,071850,,0.39,-0.0,,-0.0
2025-10-13,071850,,0.39,-0.0,,0.0
2025-10-14,071850,,0.39,-0.0,,-0.0
2025-10-15,071850,,0.38,-0.0,,-0.2
2025-10-16,071850,,0.38,-0.0,,-0.4
2025-10-17,071850,,0.38,0.0,,-0.1
2025-10-20,071850,,0.38,0.0,,-0.1
2025-10-21,071850,,0.39,-0.0,,-0.1
2025-10-22,071850,,0.39,-0.0,,-0.0
2025-10-23,071850,,0.38,0.0,,-0.1
2025-10-24,071850,,0.38,-0.0,,-0.0
2025-10-27,071850,,0.38,0.0,,-0.1
2025-10-28,071850,,0.38,-0.0,,0.0
2025-10-29,071850,,0.38,0.0,,-0.0
2025-10-30,071850,,0.38,-0.0,,-0.0
2025-10-31,071850,1625.0,0.38,-0.0,,-0.1
2025-11-03,071850,,0.38,0.0,,-0.4
2025-11-04,071850,,0.39,0.0,,-0.0
2025-11-05,071850,,0.39,0.0,,-0.1
2025-11-06,071850,,0.39,-0.0,,-0.0
2025-11-07,071850,,0.39,-0.0,,-0.1
2025-11-10,071850,,0.38,0.1,-0.2,-0.0
2025-11-11,071850,,0.42,-0.0,,-0.1
2025-11-12,071850,,0.41,0.0,,-0.0
2025-11-13,071850,,0.42,0.0,,-0.1
2025-11-14,071850,,0.42,-0.0,,-0.0
2025-11-17,071850,,0.42,-0.0,,-0.0
2025-11-18,071850,,0.41,-0.0,,-0.1
2025-11-19,071850,,0.41,-0.0,,-0.2
2025-11-20,071850,,0.41,-0.0,,-0.0
2025-11-21,071850,,0.41,-0.0,,-0.0
2025-11-24,071850,,0.41,-0.0,,-0.0
2025-11-25,071850,,0.41,-0.0,,-0.0
2025-11-26,071850,,0.41,0.0,,-0.1
2025-11-27,071850,,0.41,-0.0,,0.0
2025-11-28,071850,1604.0,0.41,-0.0,,0.0
2025-12-01,071850,,0.41,-0.0,,0.0
2025-12-02,071850,,0.42,0.0,,-0.0
2025-12-03,071850,,0.42,-0.0,,-0.0
2025-12-04,071850,,0.42,-0.0,,-0.0
2025-12-05,071850,,0.42,-0.0,,0.0
2025-12-08,071850,,0.42,-0.0,,0.0
2025-12-09,071850,,0.42,0.0,,-0.1
2025-12-10,071850,,0.42,0.0,,-0.0
2025-12-11,071850,,0.42,-0.0,,-0.0
2025-12-12,071850,,0.42,-0.0,,-0.0
2025-12-15,071850,,0.42,-0.0,,0.0
2025-12-16,071850,,0.41,-0.1,,0.1
2025-12-17,071850,,0.45,0.1,,-0.1
2025-12-18,071850,,0.47,0.0,,-0.0
2025-12-19,071850,,0.48,0.0,,-0.0
2025-12-22,071850,,0.48,0.0,,-0.0
2025-12-23,071850,,0.49,0.0,,-0.0
2025-12-24,071850,,0.49,-0.0,,-0.1
2025-12-26,071850,,0.49,-0.0,,-0.0
2025-12-29,071850,,0.49,-0.0,,-0.0
2025-12-30,071850,1543.0,0.5,-0.0,,-0.0
2026-01-02,071850,,0.5,-0.0,,-0.1
2026-01-05,071850,,0.5,-0.0,,-0.0
2026-01-06,071850,,0.5,-0.0,,-0.1
2026-01-07,071850,,0.5,-0.0,,0.0
2026-01-08,071850,,0.49,0.0,,-0.0
2026-01-09,071850,,0.49,-0.0,,-0.0
2026-01-12,071850,,0.49,-0.0,,0.0
2026-01-13,071850,,0.49,0.0,,-0.0
2026-01-14,071850,,0.49,-0.0,,0.0
2026-01-15,071850,,0.49,-0.0,,0.0
2026-01-16,071850,,0.49,-0.0,,-0.0
2026-01-19,071850,,0.49,-0.1,,0.1
2026-01-20,071850,,0.46,0.1,,-0.1
2026-01-21,071850,,0.48,-0.0,,-0.0
2026-01-22,071850,,0.47,-0.0,,-0.0
2026-01-23,071850,,0.47,-0.0,,0.0
2026-01-26,071850,,0.46,0.0,,-0.0
2026-01-27,071850,,0.47,-0.0,,0.0
2026-01-28,071850,,0.46,-0.0,,0.0
2026-01-29,071850,,0.46,0.0,,-0.0
2026-01-30,071850,1531.0,0.46,0.0,,-0.0
2026-02-02,071850,,0.47,-0.0,,0.0
2026-02-03,071850,,0.47,0.0,,0.0
2026-02-04,071850,,0.47,-0.0,,0.0
2026-02-05,071850,,0.47,0.0,,-0.0
2026-02-06,071850,,0.47,-0.0,,0.0
2026-02-09,071850,,0.47,-0.0,,0.0
2026-02-10,071850,,0.46,0.0,,-0.0
2026-02-11,071850,,0.47,0.0,,-0.0
2026-02-12,071850,,0.47,-0.0,,0.0
2026-02-13,071850,,0.47,-0.0,,0.0
2026-02-19,071850,,0.47,0.0,,-0.0
2026-02-20,071850,,0.47,-0.0,,0.0
2026-02-23,071850,,0.48,-0.0,,0.0
2026-02-24,071850,,0.42,0.0,,-0.0
2026-02-25,071850,,0.42,0.0,,0.0
2026-02-26,071850,,0.42,-0.0,,0.0
2026-02-27,071850,1481.0,0.42,0.0,,-0.0
2026-03-03,071850,,0.42,0.0,,-0.0
2026-03-04,071850,,0.42,-0.0,,0.0
2026-03-05,071850,,0.42,-0.0,,0.0
2026-03-06,071850,,0.42,-0.0,,0.0
2026-03-09,071850,,0.41,-0.0,,0.0
2026-03-10,071850,,0.41,0.0,,-0.0
2026-03-11,071850,,0.42,-0.0,,0.0
2026-03-12,071850,,0.42,-0.0,,0.0
2026-03-13,071850,,0.42,4.9,-4.9,-0.1
2026-03-16,071850,,1.81,-0.0,,0.0
2026-03-17,071850,,1.81,-0.0,,0.0
2026-03-18,071850,,1.8,-0.0,,0.0
2026-03-19,071850,,1.79,-0.1,1.1,-0.9
2026-03-20,071850,,1.77,-0.0,,0.0
2026-03-23,071850,,1.77,-0.0,,0.0
2026-03-24,071850,,1.76,0.0,,-0.0
2026-03-25,071850,,1.76,-0.0,,0.0
2026-03-26,071850,,1.76,-0.0,,0.0
2026-03-27,071850,,1.75,-0.0,,0.0
2026-03-30,071850,,1.75,-0.0,,0.0
2026-03-31,071850,1495.0,1.75,0.0,,-0.1
2026-04-01,071850,,1.75,-0.0,,-0.2
2026-04-02,071850,,1.75,-0.0,,-0.1
2026-04-03,071850,,1.75,-0.0,,-0.1
2026-04-06,071850,,1.75,-0.0,,0.0
2026-04-07,071850,,1.75,-0.0,,-0.0
2026-04-08,071850,,1.75,-0.0,,0.0
2026-04-09,071850,,1.74,-0.0,,-0.2
2026-04-10,071850,,1.74,-0.0,,-0.2
2026-04-13,071850,,1.74,-0.0,,0.0
2026-04-14,071850,,1.74,-0.0,,0.0
2026-04-15,071850,,1.74,-0.0,,-0.0
2026-04-16,071850,,1.74,-0.0,,-0.4
2026-04-17,071850,,1.74,-0.0,,-0.1
2026-04-20,071850,,1.73,-0.0,,-0.0
2026-04-21,071850,,1.73,0.0,,-0.0
2026-04-22,071850,,1.73,-0.0,,-0.0
2026-04-23,071850,,1.71,0.0,,-0.0
2026-04-24,071850,,1.71,-0.0,,0.0
2026-04-27,071850,,1.71,-0.0,,-0.0
2026-04-28,071850,,1.71,-0.0,,-0.0
2026-04-29,071850,,1.7,0.0,,-0.1
2026-04-30,071850,1503.0,1.7,0.0,,-0.4
2026-05-04,071850,,1.7,-0.0,,-0.0
2026-05-06,071850,,1.7,-0.0,,-0.2
2026-05-07,071850,,1.69,0.0,,-0.0
2026-05-08,071850,,1.69,-0.0,,0.0
2026-05-11,071850,,1.69,0.0,0.0,-0.0
2026-05-12,071850,,1.69,-0.0,0.0,0.0
2026-05-13,071850,,1.69,-0.0,0.0,0.0
2026-05-14,071850,,1.69,-0.0,,0.0
2026-05-15,071850,,1.69,-0.1,,-0.0
2026-05-18,071850,,1.67,-0.0,,-0.0
2026-05-19,071850,,1.66,-0.0,0.0,-0.1
2026-05-20,071850,,1.66,-0.0,0.0,-0.0
2026-05-21,071850,,1.66,-0.0,,-0.2
2026-05-22,071850,,1.65,-0.0,,0.0
2026-05-26,071850,,1.65,0.0,,0.0
2026-05-27,071850,,1.65,0.0,,-0.1
2026-05-28,071850,,1.65,0.0,0.0,-0.1
2026-05-29,071850,1507.0,1.65,-0.0,-0.0,0.0
2026-06-01,071850,,1.65,-0.0,,-0.1
2026-06-02,071850,,1.65,0.0,,-0.0
2026-06-04,071850,,1.65,-0.0,,0.0
2026-06-05,071850,,1.65,-0.0,0.0,-0.1
2026-06-08,071850,,1.65,-0.0,0.0,-0.0
2026-06-09,071850,,1.65,-0.0,-0.0,0.0
2026-06-10,071850,,1.65,-0.0,-0.0,0.0
2026-06-11,071850,,1.64,-0.1,0.0,0.0
2026-06-12,071850,,1.63,0.0,0.0,-0.1
2026-06-15,071850,,1.63,-0.0,,-0.1
2026-06-16,071850,,1.63,-0.0,0.0,-0.3
2026-06-17,071850,,1.63,-0.0,,0.0
2026-06-18,071850,,1.63,0.0,,-0.3
2026-06-19,071850,,1.63,0.0,0.0,-0.0
2026-06-22,071850,,1.63,-0.0,,-0.2
2026-06-23,071850,,1.64,-0.0,,0.0
2026-06-24,071850,,1.64,-0.0,0.0,-0.0
2026-06-25,071850,,1.63,-0.0,0.0,0.0
2026-06-26,071850,,1.62,-0.0,0.0,-0.0
2026-06-29,071850,,1.62,-0.0,0.0,-0.2
2026-06-30,071850,1458.0,1.62,-0.0,0.0,-0.0
2026-07-01,071850,,1.62,0.0,0.0,-0.1
2026-07-02,071850,,1.62,0.1,-0.0,-0.2
2026-07-03,071850,,1.64,0.0,0.0,-0.1
2026-07-06,071850,,1.64,-0.0,-0.0,-0.1
2026-07-07,071850,,1.64,-0.0,,-0.1
2026-07-08,071850,,1.64,0.0,,-0.0
2026-07-09,071850,,1.64,0.0,,-0.0
2026-07-10,071850,,1.65,-0.0,,0.0
2026-07-13,071850,1423.0,1.65,0.0,0.0,-0.0
2025-07-14,071950,,3.36,-0.4,-0.0,0.4
2025-07-15,071950,,3.22,-0.1,0.0,0.1
2025-07-16,071950,,3.18,-0.0,0.1,-0.0
2025-07-17,071950,,3.18,0.2,0.0,-0.2
2025-07-18,071950,,3.24,0.2,0.0,-0.2
2025-07-21,071950,,3.27,-0.3,,0.3
2025-07-22,071950,,3.17,-0.1,0.1,0.0
2025-07-23,071950,,3.12,1.4,0.0,-1.4
2025-07-24,071950,,3.62,0.5,-0.0,-0.5
2025-07-25,071950,,3.8,-0.3,0.0,0.3
2025-07-28,071950,,3.69,-0.2,0.0,0.2
2025-07-29,071950,,3.6,-0.0,-0.0,0.0
2025-07-30,071950,,3.59,-0.1,0.1,-0.1
2025-07-31,071950,,3.57,0.1,,-0.1
2025-08-01,071950,,3.61,-0.1,0.0,0.1
2025-08-04,071950,,3.58,-0.0,-0.0,0.1
2025-08-05,071950,,3.57,0.1,,-0.1
2025-08-06,071950,,3.61,-0.1,-0.0,0.1
2025-08-07,071950,,3.57,0.0,-0.0,-0.0
2025-08-08,071950,,3.58,0.2,0.1,-0.3
2025-08-11,071950,,3.64,-0.3,0.0,0.3
2025-08-12,071950,,3.55,-0.3,-0.6,0.9
2025-08-13,071950,,3.46,-0.0,-0.1,0.1
2025-08-14,071950,,3.46,0.1,-0.2,0.1
2025-08-18,071950,,3.49,-0.1,0.1,0.0
2025-08-19,071950,,3.46,-0.0,0.0,0.0
2025-08-20,071950,,3.46,0.3,-0.4,0.1
2025-08-21,071950,,3.56,0.2,-1.3,1.1
2025-08-22,071950,,3.62,0.2,-0.0,-0.1
2025-08-25,071950,,3.66,-6.1,-0.0,6.1
2025-08-26,071950,,2.25,-0.7,,0.6
2025-08-27,071950,,2.08,0.1,-0.0,-0.1
2025-08-28,071950,,2.11,-0.5,-0.0,0.5
2025-08-29,071950,8570.0,2.01,-0.1,0.0,0.1
2025-09-01,071950,,1.98,0.1,0.0,-0.1
2025-09-02,071950,,2.02,0.3,0.0,-0.4
2025-09-03,071950,,2.16,0.1,,-0.0
2025-09-04,071950,,2.18,0.6,-0.0,-2.5
2025-09-05,071950,,2.4,-1.5,-0.0,-14.7
2025-09-08,071950,,2.02,1.3,-0.0,-1.3
2025-09-09,071950,,2.46,-2.2,-0.0,4.3
2025-09-10,071950,,1.76,-0.7,-0.0,6.6
2025-09-11,071950,,1.56,1.1,0.0,-1.0
2025-09-12,071950,,1.98,0.2,0.0,3.7
2025-09-15,071950,,2.08,0.5,0.0,-0.8
2025-09-16,071950,,2.33,0.8,-0.0,-0.7
2025-09-17,071950,,2.74,-0.1,0.0,0.1
2025-09-18,071950,,2.68,0.1,,-0.0
2025-09-19,071950,,2.74,-0.1,0.0,0.1
2025-09-22,071950,,2.67,-0.5,0.0,0.5
2025-09-23,071950,,2.48,-0.8,0.0,0.8
2025-09-24,071950,,2.05,-0.4,-0.0,0.4
2025-09-25,071950,,1.83,0.2,0.0,-0.2
2025-09-26,071950,,1.92,0.4,0.0,-0.5
2025-09-29,071950,,2.18,0.9,-0.0,-1.2
2025-09-30,071950,5060.0,2.7,-0.3,-0.0,0.1
2025-10-01,071950,,2.54,-0.2,0.0,0.4
2025-10-02,071950,,2.44,0.7,-0.0,-0.4
2025-10-10,071950,,2.84,,,
2025-10-13,071950,,2.84,1.6,0.0,-1.9
2025-10-14,071950,,3.91,-0.5,,0.5
2025-10-15,071950,,3.58,-0.5,0.0,0.5
2025-10-16,071950,,3.2,-0.1,-0.0,0.1
2025-10-17,071950,,3.15,1.2,0.0,-1.2
2025-10-20,071950,,4.16,0.4,0.0,-0.4
2025-10-21,071950,,4.48,-0.9,0.0,0.9
2025-10-22,071950,,3.79,-0.1,0.0,0.1
2025-10-23,071950,,3.7,-0.2,,0.2
2025-10-24,071950,,3.57,-0.3,,0.3
2025-10-27,071950,,3.33,0.4,0.0,-0.4
2025-10-28,071950,,3.71,-0.0,0.0,0.0
2025-10-29,071950,,3.68,0.1,0.0,-0.1
2025-10-30,071950,,3.77,0.3,0.0,-0.3
2025-10-31,071950,4040.0,4.07,-0.2,0.0,0.1
2025-11-03,071950,,4.08,-3.2,-0.0,3.4
2025-11-04,071950,,2.14,-1.0,0.0,0.9
2025-11-05,071950,,2.8,-0.5,0.0,0.6
2025-11-06,071950,,2.77,0.4,-0.0,-0.4
2025-11-07,071950,,2.98,0.9,-0.0,-0.8
2025-11-10,071950,,3.52,-0.1,-0.2,0.2
2025-11-11,071950,,3.46,1.1,-0.0,-1.0
2025-11-12,071950,,4.1,2.7,0.0,-2.6
2025-11-13,071950,,5.41,-3.9,-0.0,3.9
2025-11-14,071950,,3.64,-1.8,0.0,1.8
2025-11-17,071950,,2.8,-0.2,0.0,0.1
2025-11-18,071950,,3.15,-0.0,0.0,-0.1
2025-11-19,071950,,3.16,1.3,0.0,-0.7
2025-11-20,071950,,4.03,4.1,-0.0,-2.6
2025-11-21,071950,,2.09,-0.4,-0.0,0.4
2025-11-24,071950,,1.95,-0.4,0.0,0.4
2025-11-25,071950,,1.84,1.1,0.0,-1.0
2025-11-26,071950,,2.13,-0.4,-0.1,0.4
2025-11-27,071950,,2.05,0.3,-0.0,-0.3
2025-11-28,071950,4730.0,2.1,1.3,0.0,-1.6
2025-12-01,071950,,2.35,-1.9,,1.4
2025-12-02,071950,,2.12,-0.2,,-0.1
2025-12-03,071950,,2.07,0.0,-0.0,-0.0
2025-12-04,071950,,2.08,-2.0,-0.0,1.9
2025-12-05,071950,,1.63,-0.6,-0.0,0.6
2025-12-08,071950,,1.5,-0.1,-0.0,0.4
2025-12-09,071950,,1.47,0.4,-0.0,0.9
2025-12-10,071950,,1.57,0.9,,-0.8
2025-12-11,071950,,1.78,1.1,-0.0,-1.1
2025-12-12,071950,,2.01,-0.5,-0.0,0.4
2025-12-15,071950,,1.9,-0.1,0.0,0.1
2025-12-16,071950,,1.87,0.2,0.0,-0.2
2025-12-17,071950,,1.93,-0.0,0.0,0.0
2025-12-18,071950,,1.92,0.3,-0.0,-0.2
2025-12-19,071950,,1.98,-0.5,-0.0,0.5
2025-12-22,071950,,1.86,-0.2,-0.0,0.2
2025-12-23,071950,,1.81,-0.1,-0.0,0.1
2025-12-24,071950,,1.79,-0.7,-0.0,0.7
2025-12-26,071950,,1.63,-0.5,0.0,0.5
2025-12-29,071950,,1.52,0.1,-0.0,-0.1
2025-12-30,071950,3570.0,1.54,0.0,0.0,-0.0
2026-01-02,071950,,1.54,-0.6,-0.0,0.6
2026-01-05,071950,,1.38,-0.1,-0.0,0.1
2026-01-06,071950,,1.38,0.5,-0.0,-0.5
2026-01-07,071950,,1.54,0.1,-0.0,-0.1
2026-01-08,071950,,1.54,-0.3,,0.3
2026-01-09,071950,,1.46,0.8,-0.0,-0.8
2026-01-12,071950,,1.6,-0.1,,0.0
2026-01-13,071950,,1.58,0.4,-0.0,-0.6
2026-01-14,071950,,1.7,1.1,-0.0,-1.1
2026-01-15,071950,,2.01,0.0,0.4,-0.6
2026-01-16,071950,,2.01,0.2,0.2,-0.6
2026-01-19,071950,,2.05,-1.3,0.4,0.8
2026-01-20,071950,,1.72,0.4,0.0,-0.3
2026-01-21,071950,,1.82,-0.2,0.1,0.1
2026-01-22,071950,,1.76,1.7,0.4,-2.1
2026-01-23,071950,,2.12,-1.2,0.5,0.7
2026-01-26,071950,,1.89,0.9,0.4,-0.8
2026-01-27,071950,,2.06,-2.2,-0.0,2.2
2026-01-28,071950,,1.66,-0.8,0.3,0.6
2026-01-29,071950,,1.51,-0.1,0.1,-0.0
2026-01-30,071950,4620.0,1.48,-0.8,0.6,0.2
2026-02-02,071950,,1.34,-0.2,0.0,0.2
2026-02-03,071950,,1.3,1.6,0.6,-2.2
2026-02-04,071950,,1.6,-0.5,1.1,-0.6
2026-02-05,071950,,1.51,0.1,0.4,-0.5
2026-02-06,071950,,1.52,-0.2,0.7,-0.5
2026-02-09,071950,,1.48,0.8,0.8,-0.9
2026-02-10,071950,,1.67,1.2,-0.0,-0.2
2026-02-11,071950,,1.94,0.6,-0.0,-0.4
2026-02-12,071950,,2.08,0.7,0.5,-1.2
2026-02-13,071950,,2.23,-1.1,,1.0
2026-02-19,071950,,1.99,-2.6,0.8,2.0
2026-02-20,071950,,1.38,0.2,0.0,0.4
2026-02-23,071950,,1.42,0.9,0.0,-0.9
2026-02-24,071950,,1.63,-0.2,,0.2
2026-02-25,071950,,1.58,-0.3,0.0,0.2
2026-02-26,071950,,1.53,-0.4,0.0,0.3
2026-02-27,071950,3530.0,1.42,0.1,0.0,-0.3
2026-03-03,071950,,1.44,2.9,0.0,-3.0
2026-03-04,071950,,2.23,4.3,0.0,6.5
2026-03-05,071950,,3.77,2.8,-0.0,1.8
2026-03-06,071950,,4.9,-0.5,0.0,0.5
2026-03-09,071950,,4.71,-0.4,0.0,0.4
2026-03-10,071950,,4.53,0.5,-0.0,-0.4
2026-03-11,071950,,4.77,-0.1,-0.0,0.1
2026-03-12,071950,,4.75,-0.5,0.0,0.5
2026-03-13,071950,,4.58,-1.0,0.0,1.0
2026-03-16,071950,,3.87,-0.1,-0.0,0.1
2026-03-17,071950,,3.84,0.2,-0.0,-0.2
2026-03-18,071950,,4.16,-0.4,0.0,0.4
2026-03-19,071950,,4.02,-0.1,0.0,0.1
2026-03-20,071950,,3.99,1.0,0.0,-1.0
2026-03-23,071950,,4.37,-0.2,0.0,0.2
2026-03-24,071950,,4.3,0.1,,-0.1
2026-03-25,071950,,4.33,1.8,-4.0,2.2
2026-03-26,071950,,5.1,-0.3,0.0,0.3
2026-03-27,071950,,4.95,-0.2,0.0,0.8
2026-03-30,071950,,4.87,-0.2,0.0,0.2
2026-03-31,071950,1534.0,4.76,0.5,0.0,-0.4
2026-04-01,071950,,4.99,0.5,-0.0,-0.5
2026-04-02,071950,,5.27,0.3,0.0,-0.3
2026-04-03,071950,,5.42,0.3,-0.0,-0.3
2026-04-06,071950,,5.58,0.2,0.0,-0.2
2026-04-07,071950,,5.44,-0.0,-0.0,0.0
2026-04-08,071950,,5.43,0.4,-0.0,-0.4
2026-04-09,071950,,5.65,-0.1,-0.0,0.1
2026-04-10,071950,,5.57,-0.5,0.0,0.5
2026-04-13,071950,,5.37,0.4,-0.0,-0.4
2026-04-14,071950,,5.58,-0.2,-0.0,0.1
2026-04-15,071950,,5.49,-0.0,-0.0,0.1
2026-04-16,071950,,5.48,0.3,-0.0,-0.3
2026-04-17,071950,,5.65,0.1,,-0.1
2026-04-20,071950,,5.68,-0.2,-0.0,0.2
2026-04-21,071950,,5.6,-0.9,-0.0,0.9
2026-04-22,071950,,5.17,0.0,,0.1
2026-04-23,071950,,5.19,0.1,-0.0,-0.2
2026-04-24,071950,,5.25,-0.1,-0.0,0.1
2026-04-27,071950,,5.21,0.4,0.0,0.1
2026-04-28,071950,,5.41,-0.6,-0.0,0.6
2026-04-29,071950,,5.11,-0.1,0.0,0.1
2026-04-30,071950,1446.0,5.08,-0.8,0.0,0.9
2026-05-04,071950,,4.65,-0.5,-0.0,0.5
2026-05-06,071950,,4.39,-0.1,0.0,0.1
2026-05-07,071950,,4.3,0.2,-0.0,-0.3
2026-05-08,071950,,4.4,0.5,-0.0,-0.6
2026-05-11,071950,,4.71,-0.7,-0.0,1.0
2026-05-12,071950,,4.38,-0.8,0.0,0.9
2026-05-13,071950,,3.88,0.9,-0.0,-0.9
2026-05-14,071950,,4.27,-1.0,0.0,1.0
2026-05-15,071950,,3.77,0.1,0.0,-0.1
2026-05-18,071950,,3.8,0.7,-0.0,-0.3
2026-05-19,071950,,4.15,0.3,-0.0,-0.3
2026-05-20,071950,,4.12,-0.1,0.0,0.1
2026-05-21,071950,,4.17,-0.1,-0.0,0.1
2026-05-22,071950,,4.1,0.5,-0.0,-0.5
2026-05-26,071950,,4.35,-0.6,-0.0,0.5
2026-05-27,071950,,4.13,-0.6,-0.0,0.1
2026-05-28,071950,,3.91,-0.1,-0.0,-0.2
2026-05-29,071950,2230.0,3.89,-1.2,,1.2
2026-06-01,071950,,3.43,-0.5,0.0,0.8
2026-06-02,071950,,3.42,-0.1,-0.0,0.0
2026-06-04,071950,,3.41,0.0,-0.0,-0.5
2026-06-05,071950,,3.44,-1.3,-0.0,1.3
2026-06-08,071950,,3.02,-0.6,-0.0,0.6
2026-06-09,071950,,2.83,-0.9,0.0,0.9
2026-06-10,071950,,2.53,-0.4,0.0,0.4
2026-06-11,071950,,2.51,0.0,-0.0,-0.1
2026-06-12,071950,,2.52,-1.9,-0.0,2.0
2026-06-15,071950,,1.84,-0.3,0.0,0.2
2026-06-16,071950,,1.72,0.0,-0.0,-0.0
2026-06-17,071950,,1.74,0.0,-0.0,-0.1
2026-06-18,071950,,1.76,-0.0,-0.0,0.0
2026-06-19,071950,,1.76,-0.2,0.0,0.2
2026-06-22,071950,,1.68,0.0,-0.0,-0.0
2026-06-23,071950,,1.68,-0.5,-0.0,0.5
2026-06-24,071950,,1.47,0.1,-0.0,-0.0
2026-06-25,071950,,1.5,-0.5,-0.0,0.5
2026-06-26,071950,,1.32,-0.1,-0.0,0.1
2026-06-29,071950,,1.28,-0.1,0.0,0.3
2026-06-30,071950,2025.0,1.26,-0.2,0.0,0.2
2026-07-01,071950,,1.2,0.0,-0.0,-0.0
2026-07-02,071950,,1.21,-0.1,0.1,-0.0
2026-07-03,071950,,1.18,0.0,-0.0,0.3
2026-07-06,071950,,1.19,-0.2,-0.0,0.2
2026-07-07,071950,,1.11,-0.0,0.0,0.0
2026-07-08,071950,,1.1,0.1,0.0,-0.1
2026-07-09,071950,,1.15,-0.0,-0.0,0.0
2026-07-10,071950,,1.13,0.2,-0.0,-0.2
2026-07-13,071950,2220.0,1.2,0.5,0.0,-0.1
2025-07-14,071970,,12.28,9.2,-3.8,-4.3
2025-07-15,071970,,12.14,-6.5,30.2,-22.9
2025-07-16,071970,,12.12,1.0,-18.1,16.5
2025-07-17,071970,,12.1,3.0,3.0,-6.2
2025-07-18,071970,,12.16,-7.3,55.0,-34.5
2025-07-21,071970,,12.17,-3.9,32.7,-25.5
2025-07-22,071970,,12.13,126.6,75.2,-200.6
2025-07-23,071970,,12.89,-80.8,59.0,22.9
2025-07-24,071970,,12.39,-19.2,42.9,-27.7
2025-07-25,071970,,12.27,85.5,127.8,-214.2
2025-07-28,071970,,12.76,-89.5,95.6,-7.7
2025-07-29,071970,,12.24,-25.4,19.4,8.1
2025-07-30,071970,,12.06,15.3,-0.7,-18.3
2025-07-31,071970,,12.16,105.6,-46.9,-56.3
2025-08-01,071970,,12.76,63.6,-27.2,-30.3
2025-08-04,071970,,12.99,-26.8,22.4,11.3
2025-08-05,071970,,12.83,-14.7,53.9,-67.6
2025-08-06,071970,,12.77,-36.3,19.1,14.6
2025-08-07,071970,,12.54,-82.6,94.8,-60.8
2025-08-08,071970,,12.4,-42.6,49.9,-23.9
2025-08-11,071970,,12.26,89.6,-35.2,-53.4
2025-08-12,071970,,12.58,13.7,4.1,-18.4
2025-08-13,071970,,12.56,28.5,-33.9,8.7
2025-08-14,071970,,12.65,78.3,-8.5,-68.8
2025-08-18,071970,,12.82,10.4,-24.9,14.9
2025-08-19,071970,,12.85,60.8,-20.2,-43.2
2025-08-20,071970,,13.05,138.9,-65.6,-70.0
2025-08-21,071970,,13.62,-6.4,1.6,36.2
2025-08-22,071970,,13.57,-6.3,-49.0,56.1
2025-08-25,071970,,13.52,-47.8,-19.3,67.5
2025-08-26,071970,,13.28,-3.3,-43.8,45.7
2025-08-27,071970,,13.23,31.8,91.6,-126.6
2025-08-28,071970,,13.45,-71.1,13.7,56.1
2025-08-29,071970,92000.0,13.16,-15.0,81.1,-61.4
2025-09-01,071970,,13.12,-72.8,33.3,46.0
2025-09-02,071970,,12.91,-74.7,69.4,6.4
2025-09-03,071970,,12.68,7.8,28.8,-33.9
2025-09-04,071970,,12.71,19.8,-18.9,-0.8
2025-09-05,071970,,12.76,19.0,20.7,-40.7
2025-09-08,071970,,12.85,38.9,9.0,-51.3
2025-09-09,071970,,13.02,-5.3,-82.0,82.3
2025-09-10,071970,,12.98,91.0,-19.0,-72.2
2025-09-11,071970,,13.36,87.6,29.9,-116.5
2025-09-12,071970,,13.66,-73.1,7.5,62.6
2025-09-15,071970,,13.34,83.1,-44.8,-34.2
2025-09-16,071970,,13.64,-15.1,-30.8,46.7
2025-09-17,071970,,13.56,7.2,-0.6,-6.2
2025-09-18,071970,,13.52,29.0,-14.5,-13.9
2025-09-19,071970,,13.61,-1.5,-2.6,0.7
2025-09-22,071970,,13.89,60.1,-38.5,-20.8
2025-09-23,071970,,14.35,8.3,-18.3,5.5
2025-09-24,071970,,14.38,-4.7,10.0,-4.3
2025-09-25,071970,,14.36,-15.8,-13.7,33.5
2025-09-26,071970,,14.23,61.0,-12.0,-50.0
2025-09-29,071970,,14.42,7.4,15.7,-24.2
2025-09-30,071970,82900.0,14.47,-98.4,77.6,17.2
2025-10-01,071970,,14.11,-39.3,86.8,-46.5
2025-10-02,071970,,13.97,-34.6,106.4,-71.7
2025-10-10,071970,,13.82,-38.6,33.6,44.0
2025-10-13,071970,,13.66,-49.7,33.8,12.8
2025-10-14,071970,,13.48,28.5,8.9,-24.9
2025-10-15,071970,,13.6,95.9,70.8,-124.6
2025-10-16,071970,,14.01,-18.9,31.5,0.7
2025-10-17,071970,,13.89,-68.1,-6.5,69.2
2025-10-20,071970,,13.61,59.0,-73.0,16.1
2025-10-21,071970,,13.82,141.2,49.4,-189.7
2025-10-22,071970,,14.36,-76.0,44.6,26.1
2025-10-23,071970,,13.84,-4.3,42.1,-34.6
2025-10-24,071970,,13.76,-7.9,12.4,6.4
2025-10-27,071970,,13.72,-101.9,26.8,69.7
2025-10-28,071970,,13.42,28.0,-14.4,-12.4
2025-10-29,071970,,13.49,-26.2,8.0,19.1
2025-10-30,071970,,13.42,-20.2,67.7,-45.5
2025-10-31,071970,99300.0,13.31,18.4,7.7,-27.0
2025-11-03,071970,,13.38,-12.2,-7.3,15.3
2025-11-04,071970,,13.33,-76.0,-86.4,182.0
2025-11-05,071970,,13.04,38.8,-64.4,27.1
2025-11-06,071970,,13.23,7.5,-39.6,31.8
2025-11-07,071970,,13.25,12.4,-17.3,5.2
2025-11-10,071970,,13.28,-37.2,35.3,-5.3
2025-11-11,071970,,13.13,-31.0,-67.2,98.6
2025-11-12,071970,,12.98,29.7,-72.2,43.1
2025-11-13,071970,,13.09,-2.0,-11.5,13.6
2025-11-14,071970,,13.09,387.4,-572.7,177.9
2025-11-17,071970,,14.53,10.7,-42.9,32.8
2025-11-18,071970,,14.58,30.4,-59.5,30.1
2025-11-19,071970,,14.68,6.6,-26.7,18.3
2025-11-20,071970,,14.82,18.5,-13.4,-4.7
2025-11-21,071970,,14.87,16.5,-29.9,14.0
2025-11-24,071970,,14.92,33.0,0.3,-33.7
2025-11-25,071970,,14.96,-3.3,-9.4,13.4
2025-11-26,071970,,14.82,-13.0,22.9,-9.7
2025-11-27,071970,,14.77,8.0,-32.7,24.6
2025-11-28,071970,77500.0,14.79,-9.4,-16.2,24.1
2025-12-01,071970,,14.74,80.1,-76.7,-4.0
2025-12-02,071970,,15.07,86.0,-49.0,-36.8
2025-12-03,071970,,15.4,37.3,16.3,-53.7
2025-12-04,071970,,15.48,30.9,-29.6,3.0
2025-12-05,071970,,15.58,12.8,-12.2,-0.5
2025-12-08,071970,,15.65,42.1,-54.3,10.3
2025-12-09,071970,,15.81,149.8,139.4,-286.5
2025-12-10,071970,,16.45,-37.0,-2.7,38.4
2025-12-11,071970,,16.27,-18.0,27.6,-5.9
2025-12-12,071970,,16.2,31.0,10.8,-41.3
2025-12-15,071970,,16.34,-32.3,-21.5,52.4
2025-12-16,071970,,16.16,-8.9,26.3,-17.7
2025-12-17,071970,,16.14,14.8,-78.8,62.1
2025-12-18,071970,,16.17,20.9,-11.6,-9.8
2025-12-19,071970,,16.27,54.0,32.8,-84.9
2025-12-22,071970,,16.47,268.1,53.4,-312.3
2025-12-23,071970,,17.5,90.2,145.4,-233.4
2025-12-24,071970,,18.11,42.8,23.1,-65.9
2025-12-26,071970,,18.12,-336.4,430.5,-89.6
2025-12-29,071970,,17.06,-29.5,32.1,-3.3
2025-12-30,071970,89500.0,16.94,37.6,-25.2,21.5
2026-01-02,071970,,16.95,-14.5,-29.9,47.0
2026-01-05,071970,,16.86,-1.8,31.3,-23.3
2026-01-06,071970,,16.77,57.1,62.0,-118.8
2026-01-07,071970,,16.98,-72.2,50.9,17.9
2026-01-08,071970,,16.69,55.0,119.4,-173.2
2026-01-09,071970,,16.91,55.6,118.1,-169.0
2026-01-12,071970,,17.14,-97.0,71.7,24.7
2026-01-13,071970,,16.77,31.5,6.6,-37.6
2026-01-14,071970,,16.84,-130.3,-153.7,279.2
2026-01-15,071970,,16.27,0.6,-21.4,19.6
2026-01-16,071970,,16.3,-10.7,-81.3,97.7
2026-01-19,071970,,16.3,66.6,50.9,-111.2
2026-01-20,071970,,16.52,2.5,-19.8,15.1
2026-01-21,071970,,16.52,-58.9,26.8,33.3
2026-01-22,071970,,16.17,-54.6,-60.2,118.9
2026-01-23,071970,,15.96,99.0,-20.6,-77.5
2026-01-26,071970,,16.31,34.5,-33.3,-7.3
2026-01-27,071970,,16.41,-30.1,-8.0,35.3
2026-01-28,071970,,16.28,-5.6,-69.3,87.8
2026-01-29,071970,,16.3,54.4,-79.5,22.3
2026-01-30,071970,88500.0,16.5,-9.1,-34.3,44.8
2026-02-02,071970,,16.47,31.7,-45.3,12.2
2026-02-03,071970,,16.58,-16.9,-13.6,51.3
2026-02-04,071970,,16.53,-6.4,12.0,11.2
2026-02-05,071970,,16.39,-37.1,-85.9,127.7
2026-02-06,071970,,16.22,-12.7,-31.9,41.7
2026-02-09,071970,,16.12,0.2,-4.2,11.2
2026-02-10,071970,,16.17,6.5,3.0,-12.0
2026-02-11,071970,,16.23,9.9,-19.5,12.9
2026-02-12,071970,,16.25,-6.0,9.5,-2.8
2026-02-13,071970,,16.22,62.8,-33.4,-23.6
2026-02-19,071970,,16.47,69.9,-9.3,-59.5
2026-02-20,071970,,16.75,90.1,44.3,-126.6
2026-02-23,071970,,17.09,64.5,-1.8,-61.6
2026-02-24,071970,,17.31,-15.7,2.5,13.1
2026-02-25,071970,,17.2,26.3,-26.1,2.8
2026-02-26,071970,,17.23,-14.7,-46.4,62.1
2026-02-27,071970,87300.0,17.17,53.3,12.0,-65.1
2026-03-03,071970,,17.38,26.5,-37.7,13.0
2026-03-04,071970,,17.41,65.5,-37.6,-24.1
2026-03-05,071970,,17.7,26.8,-7.8,-18.5
2026-03-06,071970,,17.8,-0.8,-31.1,36.9
2026-03-09,071970,,17.78,33.4,-17.4,-15.9
2026-03-10,071970,,17.94,-41.4,-14.6,55.2
2026-03-11,071970,,17.75,51.0,24.8,-76.3
2026-03-12,071970,,18.03,-21.7,50.7,-27.4
2026-03-13,071970,,17.94,-37.2,-4.1,39.6
2026-03-16,071970,,17.84,13.8,-2.5,-10.6
2026-03-17,071970,,17.91,-10.2,4.4,5.5
2026-03-18,071970,,17.83,-14.9,-3.1,18.3
2026-03-19,071970,,17.7,-27.3,-13.1,40.0
2026-03-20,071970,,17.59,48.8,6.9,-54.5
2026-03-23,071970,,17.83,-52.2,-13.6,65.2
2026-03-24,071970,,17.58,2.8,5.1,-7.9
2026-03-25,071970,,17.61,-40.7,-24.5,63.0
2026-03-26,071970,,17.48,15.0,47.8,-61.4
2026-03-27,071970,,17.64,-25.5,-15.4,41.9
2026-03-30,071970,,17.47,-3.1,-50.1,51.6
2026-03-31,071970,68700.0,17.48,11.1,-17.0,6.3
2026-04-01,071970,,17.47,33.8,-1.4,-26.9
2026-04-02,071970,,17.61,9.7,-3.3,-5.9
2026-04-03,071970,,17.73,47.2,18.3,-64.1
2026-04-06,071970,,18.0,17.1,-5.5,-9.1
2026-04-07,071970,,18.08,0.3,9.1,-9.4
2026-04-08,071970,,18.11,-15.7,48.6,-35.4
2026-04-09,071970,,18.06,9.2,-3.5,-5.8
2026-04-10,071970,,18.09,0.3,22.1,-22.4
2026-04-13,071970,,18.09,46.4,71.5,-117.3
2026-04-14,071970,,18.39,4.4,29.5,-33.8
2026-04-15,071970,,18.41,-7.4,31.1,-23.6
2026-04-16,071970,,18.38,-29.0,18.2,11.2
2026-04-17,071970,,18.2,-90.4,94.5,-21.5
2026-04-20,071970,,17.72,21.6,56.0,-79.7
2026-04-21,071970,,17.92,-9.5,177.7,-163.9
2026-04-22,071970,,18.02,-11.6,-15.5,41.2
2026-04-23,071970,,17.88,48.6,-24.9,-26.3
2026-04-24,071970,,17.98,471.5,146.5,-613.5
2026-04-27,071970,,19.75,-162.0,62.0,119.9
2026-04-28,071970,,19.05,-136.7,-25.4,179.1
2026-04-29,071970,,18.62,-50.7,-27.6,77.9
2026-04-30,071970,105800.0,18.44,60.2,-35.8,-22.4
2026-05-04,071970,,18.66,48.4,-14.8,-30.5
2026-05-06,071970,,18.78,7.6,-99.9,93.0
2026-05-07,071970,,18.75,-29.0,-12.2,38.6
2026-05-08,071970,,18.64,30.9,-91.8,62.6
2026-05-11,071970,,18.7,-52.0,-61.0,112.7
2026-05-12,071970,,18.47,61.4,-64.8,2.4
2026-05-13,071970,,18.78,-48.3,-29.1,77.7
2026-05-14,071970,,18.47,-37.5,-24.9,62.7
2026-05-15,071970,,18.27,-16.3,-23.8,37.9
2026-05-18,071970,,18.17,-9.6,-58.4,67.2
2026-05-19,071970,,18.08,-48.2,-28.3,74.4
2026-05-20,071970,,17.86,-20.1,4.6,12.8
2026-05-21,071970,,17.75,-118.0,-6.2,124.1
2026-05-22,071970,,17.23,-88.0,44.0,39.8
2026-05-26,071970,,16.86,-73.0,-35.4,110.0
2026-05-27,071970,,16.53,-18.4,-44.3,62.1
2026-05-28,071970,,16.42,-2.8,-49.2,52.1
2026-05-29,071970,71100.0,16.38,-9.6,-27.9,37.5
2026-06-01,071970,,16.31,-4.1,-10.3,13.9
2026-06-02,071970,,16.33,12.9,-29.8,17.5
2026-06-04,071970,,16.42,-29.5,6.5,23.0
2026-06-05,071970,,16.23,-8.2,5.0,2.5
2026-06-08,071970,,16.19,1.7,-11.0,7.7
2026-06-09,071970,,16.22,-0.4,12.3,-12.0
2026-06-10,071970,,16.23,-17.2,13.3,4.7
2026-06-11,071970,,16.14,-15.0,3.1,10.9
2026-06-12,071970,,16.06,-52.6,42.5,9.4
2026-06-15,071970,,15.83,-33.4,27.5,7.4
2026-06-16,071970,,15.61,-40.7,13.1,26.9
2026-06-17,071970,,15.38,-38.9,38.8,0.3
2026-06-18,071970,,15.28,53.9,-68.8,14.8
2026-06-19,071970,,15.58,5.4,0.1,-5.4
2026-06-22,071970,,15.59,11.0,-14.2,2.4
2026-06-23,071970,,15.66,28.2,-28.5,-1.7
2026-06-24,071970,,15.82,18.0,-11.8,-6.6
2026-06-25,071970,,15.95,-0.1,-1.5,2.0
2026-06-26,071970,,15.94,35.1,-12.9,-23.2
2026-06-29,071970,,16.14,4.2,2.3,-6.8
2026-06-30,071970,58600.0,16.03,-23.2,11.8,10.7
2026-07-01,071970,,15.84,-99.4,129.5,-35.4
2026-07-02,071970,,15.43,-80.0,51.3,28.3
2026-07-03,071970,,15.01,-88.6,50.6,33.0
2026-07-06,071970,,14.56,-43.5,36.4,7.5
2026-07-07,071970,,14.36,-3.0,13.0,-9.0
2026-07-08,071970,,14.42,43.7,-21.9,-21.4
2026-07-09,071970,,14.65,35.2,-7.5,-27.9
2026-07-10,071970,,14.89,-3.0,23.6,-20.7
2026-07-13,071970,59600.0,14.91,-27.6,8.4,18.5
2025-07-14,072020,,2.15,-0.0,,0.0
2025-07-15,072020,,2.15,0.3,,-0.3
2025-07-16,072020,,2.25,-0.2,,0.2
2025-07-17,072020,,2.23,1.1,,-1.1
2025-07-18,072020,,2.34,0.7,,-0.7
2025-07-21,072020,,2.42,-0.6,-0.0,0.6
2025-07-22,072020,,2.35,-0.8,,0.8
2025-07-23,072020,,2.27,-0.4,,0.4
2025-07-24,072020,,2.22,-0.4,-0.1,0.4
2025-07-25,072020,,2.18,-0.2,,0.2
2025-07-28,072020,,2.16,-0.6,,0.6
2025-07-29,072020,,2.09,-0.0,,0.0
2025-07-30,072020,,2.09,0.1,,-0.1
2025-07-31,072020,,2.11,0.1,,-0.1
2025-08-01,072020,,2.12,-0.3,,0.3
2025-08-04,072020,,2.09,-0.0,,0.0
2025-08-05,072020,,2.09,0.7,,-0.7
2025-08-06,072020,,2.16,0.0,,-0.0
2025-08-07,072020,,2.16,0.0,,-0.0
2025-08-08,072020,,2.17,0.9,,-0.9
2025-08-11,072020,,2.26,-0.3,0.1,0.2
2025-08-12,072020,,2.22,0.0,0.1,-0.1
2025-08-13,072020,,2.22,-0.2,0.0,0.1
2025-08-14,072020,,2.21,-0.1,0.0,0.1
2025-08-18,072020,,2.19,-0.5,0.0,0.5
2025-08-19,072020,,2.14,-0.3,,0.2
2025-08-20,072020,,2.11,-0.7,,0.7
2025-08-21,072020,,2.04,0.1,,-0.1
2025-08-22,072020,,2.06,0.2,-0.2,0.0
2025-08-25,072020,,2.08,0.1,,-0.1
2025-08-26,072020,,2.1,0.1,,-0.1
2025-08-27,072020,,2.11,-0.2,,0.2
2025-08-28,072020,,2.09,-0.2,,0.2
2025-08-29,072020,9710.0,2.07,-0.0,,0.0
2025-09-01,072020,,2.06,-0.1,,0.0
2025-09-02,072020,,2.05,0.1,,0.0
2025-09-03,072020,,2.06,-0.1,,0.1
2025-09-04,072020,,2.05,0.0,,-0.0
2025-09-05,072020,,2.05,0.2,,-0.2
2025-09-08,072020,,2.08,0.0,,-0.0
2025-09-09,072020,,2.08,0.2,,-0.1
2025-09-10,072020,,2.09,0.0,,-0.0
2025-09-11,072020,,2.1,-0.1,,0.1
2025-09-12,072020,,2.08,0.0,,-0.0
2025-09-15,072020,,2.08,0.3,,-0.3
2025-09-16,072020,,2.12,-0.4,,0.4
2025-09-17,072020,,2.08,-0.2,,0.2
2025-09-18,072020,,2.06,0.1,,-0.1
2025-09-19,072020,,2.06,-0.3,,0.3
2025-09-22,072020,,2.05,-0.0,,0.0
2025-09-23,072020,,2.04,0.0,,-0.0
2025-09-24,072020,,2.08,0.3,,-0.3
2025-09-25,072020,,2.11,0.3,,-0.3
2025-09-26,072020,,2.14,-0.1,0.0,0.1
2025-09-29,072020,,2.12,0.3,-0.1,-0.2
2025-09-30,072020,9690.0,2.15,0.1,-0.0,-0.0
2025-10-01,072020,,2.16,-0.2,-0.1,0.3
2025-10-02,072020,,2.13,-0.2,-0.1,0.3
2025-10-10,072020,,2.11,-0.3,0.0,0.3
2025-10-13,072020,,2.07,-0.2,-0.0,0.2
2025-10-14,072020,,2.05,-0.5,-0.0,0.5
2025-10-15,072020,,2.0,0.3,-0.1,-0.2
2025-10-16,072020,,2.03,0.1,-0.1,0.0
2025-10-17,072020,,1.99,-0.1,,0.1
2025-10-20,072020,,1.98,-0.1,,0.3
2025-10-21,072020,,1.96,0.2,,-0.2
2025-10-22,072020,,1.99,-0.2,,0.2
2025-10-23,072020,,1.96,-0.2,,0.2
2025-10-24,072020,,1.94,-0.3,,0.2
2025-10-27,072020,,1.91,-0.2,,0.2
2025-10-28,072020,,1.9,0.1,,-0.1
2025-10-29,072020,,1.91,-0.4,,0.3
2025-10-30,072020,,1.87,-0.5,0.5,-0.0
2025-10-31,072020,9770.0,1.81,-0.1,0.1,-0.1
2025-11-03,072020,,1.8,-0.4,0.1,-0.4
2025-11-04,072020,,1.76,-0.4,0.1,-0.4
2025-11-05,072020,,1.72,0.1,0.0,-0.8
2025-11-06,072020,,1.73,-0.5,0.1,-0.3
2025-11-07,072020,,1.67,-0.1,0.0,-0.6
2025-11-10,072020,,1.66,0.7,-0.7,-0.6
2025-11-11,072020,,1.64,-0.4,0.1,-0.6
2025-11-12,072020,,1.6,0.1,-0.1,-0.7
2025-11-13,072020,,1.61,0.3,0.0,-1.0
2025-11-14,072020,,1.62,0.2,-0.1,-0.7
2025-11-17,072020,,1.64,0.1,0.1,-0.9
2025-11-18,072020,,1.66,-0.3,-0.0,-0.3
2025-11-19,072020,,1.67,0.0,-0.0,-0.7
2025-11-20,072020,,1.67,0.0,0.0,-0.9
2025-11-21,072020,,1.67,0.1,-0.1,-0.3
2025-11-24,072020,,1.68,0.3,-0.2,-0.1
2025-11-25,072020,,1.73,0.6,-0.2,-0.3
2025-11-26,072020,,1.77,0.4,-0.4,0.0
2025-11-27,072020,,1.81,0.3,,-0.4
2025-11-28,072020,9980.0,1.85,0.3,,-0.3
2025-12-01,072020,,1.88,-0.5,,0.5
2025-12-02,072020,,1.84,0.0,,-0.0
2025-12-03,072020,,1.85,0.1,,-0.1
2025-12-04,072020,,1.85,-0.1,,0.1
2025-12-05,072020,,1.84,0.4,,-0.4
2025-12-08,072020,,1.88,-0.2,,0.2
2025-12-09,072020,,1.85,-0.1,,0.1
2025-12-10,072020,,1.84,0.5,,-0.5
2025-12-11,072020,,1.9,0.7,,-0.7
2025-12-12,072020,,1.97,-0.2,,0.2
2025-12-15,072020,,1.95,0.2,,-0.3
2025-12-16,072020,,1.98,0.8,,-0.8
2025-12-17,072020,,2.43,0.0,,-0.0
2025-12-18,072020,,2.41,0.5,,-0.5
2025-12-19,072020,,2.46,0.2,,-0.2
2025-12-22,072020,,2.47,0.4,,-0.4
2025-12-23,072020,,2.51,-0.2,,0.2
2025-12-24,072020,,2.53,-0.2,,0.2
2025-12-26,072020,,2.48,0.9,,-0.9
2025-12-29,072020,,2.21,-1.5,,1.5
2025-12-30,072020,9800.0,2.06,-0.2,,0.2
2026-01-02,072020,,2.03,-0.9,,0.8
2026-01-05,072020,,1.94,-0.9,,0.9
2026-01-06,072020,,2.14,-0.6,,0.6
2026-01-07,072020,,2.1,-0.3,,0.3
2026-01-08,072020,,2.07,-0.3,,0.3
2026-01-09,072020,,2.03,0.4,,-0.4
2026-01-12,072020,,2.12,-0.0,,0.0
2026-01-13,072020,,2.12,-0.1,,0.1
2026-01-14,072020,,2.11,0.3,,-0.3
2026-01-15,072020,,2.14,-0.5,,0.5
2026-01-16,072020,,2.08,-0.6,,0.6
2026-01-19,072020,,2.01,-0.1,-0.1,0.2
2026-01-20,072020,,2.0,0.2,,-0.2
2026-01-21,072020,,2.02,-1.1,,1.1
2026-01-22,072020,,1.9,0.1,,-0.1
2026-01-23,072020,,1.92,0.4,,-0.4
2026-01-26,072020,,1.96,1.2,,-1.2
2026-01-27,072020,,2.22,-0.2,,0.2
2026-01-28,072020,,2.4,-0.4,,0.3
2026-01-29,072020,,2.37,0.4,,-0.4
2026-01-30,072020,9550.0,2.48,-0.9,,0.9
2026-02-02,072020,,2.38,-0.7,,0.7
2026-02-03,072020,,2.38,-0.9,,0.9
2026-02-04,072020,,2.23,0.1,,-0.1
2026-02-05,072020,,2.24,0.6,,-0.6
2026-02-06,072020,,2.31,-0.3,,0.3
2026-02-09,072020,,2.28,0.3,,-0.3
2026-02-10,072020,,2.31,1.1,,-1.1
2026-02-11,072020,,2.44,0.0,,-0.0
2026-02-12,072020,,2.44,0.7,,-0.7
2026-02-13,072020,,2.52,0.7,,-0.7
2026-02-19,072020,,2.59,-0.5,,0.5
2026-02-20,072020,,2.54,-0.3,,0.3
2026-02-23,072020,,2.51,0.7,,-0.6
2026-02-24,072020,,2.58,-0.4,,0.4
2026-02-25,072020,,2.53,-1.4,,1.4
2026-02-26,072020,,2.38,-1.7,,1.7
2026-02-27,072020,9500.0,2.19,0.2,,-0.2
2026-03-03,072020,,2.21,-1.0,,1.2
2026-03-04,072020,,2.1,-1.0,,0.8
2026-03-05,072020,,2.0,0.2,,-0.2
2026-03-06,072020,,2.02,0.2,,-0.2
2026-03-09,072020,,2.04,-0.1,,0.1
2026-03-10,072020,,2.03,-0.0,,0.0
2026-03-11,072020,,2.06,-0.1,,0.1
2026-03-12,072020,,2.05,-0.4,,-0.2
2026-03-13,072020,,2.0,1.3,-1.0,-0.3
2026-03-16,072020,,2.15,0.2,,-0.2
2026-03-17,072020,,2.18,-1.0,,1.3
2026-03-18,072020,,2.06,0.1,,-0.1
2026-03-19,072020,,2.07,-0.2,,0.2
2026-03-20,072020,,2.05,0.1,,0.1
2026-03-23,072020,,2.06,0.4,,-0.4
2026-03-24,072020,,2.11,-0.1,,0.1
2026-03-25,072020,,2.08,0.5,,-0.5
2026-03-26,072020,,2.14,0.3,,-0.3
2026-03-27,072020,,2.17,0.0,,-0.1
2026-03-30,072020,,2.17,-0.0,,0.0
2026-03-31,072020,9000.0,2.36,-0.3,,0.3
2026-04-01,072020,,2.33,0.6,,-0.6
2026-04-02,072020,,2.41,-0.5,,0.5
2026-04-03,072020,,2.14,0.1,,-0.1
2026-04-06,072020,,2.15,0.2,,-0.2
2026-04-07,072020,,2.18,0.1,,-0.1
2026-04-08,072020,,2.19,0.0,,-0.0
2026-04-09,072020,,2.19,0.0,,-0.0
2026-04-10,072020,,2.19,-0.1,,0.5
2026-04-13,072020,,2.18,0.4,,-0.4
2026-04-14,072020,,2.22,0.4,,-0.4
2026-04-15,072020,,2.27,-0.2,,0.2
2026-04-16,072020,,2.25,0.1,,-0.0
2026-04-17,072020,,2.26,5.6,,-5.7
2026-04-20,072020,,2.87,-0.2,,0.2
2026-04-21,072020,,2.85,-0.9,,0.9
2026-04-22,072020,,2.75,0.0,,-0.0
2026-04-23,072020,,2.8,-0.2,,0.2
2026-04-24,072020,,2.78,0.6,,-0.5
2026-04-27,072020,,2.84,-0.1,,0.1
2026-04-28,072020,,2.83,0.3,,-0.3
2026-04-29,072020,,2.86,2.0,,-2.4
2026-04-30,072020,10080.0,3.07,0.5,0.0,-0.8
2026-05-04,072020,,3.12,-0.8,0.0,0.7
2026-05-06,072020,,3.04,-0.6,-0.0,0.6
2026-05-07,072020,,2.98,0.2,0.0,-0.3
2026-05-08,072020,,3.0,1.8,,-1.9
2026-05-11,072020,,3.19,-0.7,-0.0,0.6
2026-05-12,072020,,3.12,0.0,0.0,-0.0
2026-05-13,072020,,3.12,-0.1,-0.0,0.2
2026-05-14,072020,,3.11,2.0,-0.0,-2.0
2026-05-15,072020,,3.32,-0.4,-0.0,0.6
2026-05-18,072020,,2.91,-0.6,0.0,0.8
2026-05-19,072020,,2.84,-0.4,-0.0,0.5
2026-05-20,072020,,2.8,-0.5,-0.0,0.5
2026-05-21,072020,,2.75,-0.6,-0.0,0.6
2026-05-22,072020,,2.68,0.8,0.0,-0.8
2026-05-26,072020,,2.76,-0.4,0.0,0.5
2026-05-27,072020,,2.72,-1.0,-0.0,1.1
2026-05-28,072020,,2.6,-1.4,-0.0,1.3
2026-05-29,072020,9450.0,2.45,-0.4,0.0,0.4
2026-06-01,072020,,2.41,-0.0,-0.0,0.0
2026-06-02,072020,,2.4,-0.2,-0.0,0.2
2026-06-04,072020,,2.06,-0.1,-0.0,0.1
2026-06-05,072020,,2.05,-0.1,0.0,0.1
2026-06-08,072020,,2.04,-2.5,-0.0,2.5
2026-06-09,072020,,1.75,0.3,0.0,-0.3
2026-06-10,072020,,1.79,-0.1,0.0,0.1
2026-06-11,072020,,1.78,0.2,-0.0,-0.2
2026-06-12,072020,,1.8,0.9,-0.0,-0.8
2026-06-15,072020,,1.9,-1.2,0.0,1.2
2026-06-16,072020,,1.78,-0.2,0.0,0.1
2026-06-17,072020,,1.75,0.1,-0.4,0.4
2026-06-18,072020,,1.76,-0.0,0.0,0.0
2026-06-19,072020,,1.76,0.1,-0.0,-0.2
2026-06-22,072020,,1.77,0.3,-0.0,-0.3
2026-06-23,072020,,1.81,-0.4,0.0,0.2
2026-06-24,072020,,1.76,0.2,-0.0,-0.3
2026-06-25,072020,,1.78,0.3,-0.0,-0.4
2026-06-26,072020,,1.82,0.0,-0.0,-0.0
2026-06-29,072020,,1.9,0.5,0.0,-0.3
2026-06-30,072020,9420.0,1.96,-0.0,0.0,0.0
2026-07-01,072020,,1.95,-0.1,0.2,-0.1
2026-07-02,072020,,1.94,0.2,0.0,-0.2
2026-07-03,072020,,1.96,0.1,-0.0,-0.1
2026-07-06,072020,,1.97,-0.1,-0.0,0.1
2026-07-07,072020,,1.96,-0.1,,0.1
2026-07-08,072020,,2.15,0.3,0.0,-0.3
2026-07-09,072020,,2.19,0.2,0.0,-0.3
2026-07-10,072020,,2.2,0.1,-0.0,-0.1
2026-07-13,072020,9200.0,2.21,-0.2,,0.2
2025-07-14,072130,,5.27,-0.4,-0.0,0.4
2025-07-15,072130,,5.21,0.6,-0.0,-0.6
2025-07-16,072130,,5.3,-0.3,-0.0,0.3
2025-07-17,072130,,5.27,0.7,-0.2,-0.5
2025-07-18,072130,,5.37,-0.5,0.2,0.3
2025-07-21,072130,,5.3,0.5,-0.1,-0.4
2025-07-22,072130,,5.36,0.7,-0.6,-0.1
2025-07-23,072130,,5.45,-0.6,0.1,0.5
2025-07-24,072130,,5.37,-3.6,0.8,2.7
2025-07-25,072130,,4.88,-1.4,-0.1,1.4
2025-07-28,072130,,4.68,1.6,0.0,-1.6
2025-07-29,072130,,4.92,-0.4,-0.9,1.2
2025-07-30,072130,,4.86,1.3,-0.9,-1.5
2025-07-31,072130,,5.06,0.6,0.3,-0.8
2025-08-01,072130,,5.14,-1.4,0.5,0.8
2025-08-04,072130,,4.97,1.0,-0.4,-0.6
2025-08-05,072130,,5.12,0.3,0.4,-0.7
2025-08-06,072130,,5.17,0.7,-0.1,-0.6
2025-08-07,072130,,5.27,0.3,-0.3,-0.1
2025-08-08,072130,,5.31,-0.2,0.1,0.6
2025-08-11,072130,,5.29,0.8,-0.1,-0.6
2025-08-12,072130,,5.4,4.8,-0.2,-4.3
2025-08-13,072130,,6.06,-1.8,-0.0,1.7
2025-08-14,072130,,5.81,-0.7,0.0,0.6
2025-08-18,072130,,5.8,0.3,-0.1,-1.2
2025-08-19,072130,,5.84,0.0,0.1,-0.4
2025-08-20,072130,,5.84,0.1,-0.2,0.0
2025-08-21,072130,,5.86,0.2,0.1,-0.4
2025-08-22,072130,,5.69,0.2,0.0,-0.3
2025-08-25,072130,,5.71,0.6,-0.0,-0.6
2025-08-26,072130,,5.8,-0.9,-0.4,1.0
2025-08-27,072130,,5.7,-0.5,0.4,0.1
2025-08-28,072130,,5.63,-0.0,-0.0,-0.1
2025-08-29,072130,5470.0,5.62,-0.3,-0.1,0.1
2025-09-01,072130,,5.58,0.3,-0.0,-0.6
2025-09-02,072130,,5.63,1.2,-0.0,-0.4
2025-09-03,072130,,5.81,0.2,0.1,-0.1
2025-09-04,072130,,5.83,-1.1,-0.0,0.8
2025-09-05,072130,,5.72,0.5,-0.2,-0.6
2025-09-08,072130,,5.79,0.8,-0.1,-1.1
2025-09-09,072130,,5.91,3.1,0.1,-3.8
2025-09-10,072130,,6.37,1.4,0.1,-1.9
2025-09-11,072130,,6.56,3.8,-0.2,-3.8
2025-09-12,072130,,7.11,-3.4,0.2,2.8
2025-09-15,072130,,6.63,0.5,-0.1,-0.8
2025-09-16,072130,,6.69,0.7,-0.1,-1.0
2025-09-17,072130,,6.79,3.8,-1.2,-2.8
2025-09-18,072130,,7.31,-1.2,0.7,0.4
2025-09-19,072130,,7.15,0.7,-0.6,-0.4
2025-09-22,072130,,7.25,3.1,-1.3,-2.1
2025-09-23,072130,,7.69,-0.3,1.2,-0.8
2025-09-24,072130,,7.65,-1.0,0.5,0.2
2025-09-25,072130,,7.51,-0.0,-0.6,0.2
2025-09-26,072130,,7.5,0.2,-1.6,0.7
2025-09-29,072130,,7.53,-0.0,0.2,-0.4
2025-09-30,072130,5220.0,7.53,-1.7,-0.2,1.1
2025-10-01,072130,,7.28,-0.7,-0.3,0.7
2025-10-02,072130,,7.18,-0.6,-0.5,0.6
2025-10-10,072130,,7.1,-0.4,0.9,-0.4
2025-10-13,072130,,7.04,-1.4,-0.0,0.9
2025-10-14,072130,,6.84,-1.0,-0.2,0.7
2025-10-15,072130,,6.7,0.9,0.2,-1.2
2025-10-16,072130,,6.83,1.6,-0.6,-1.1
2025-10-17,072130,,7.12,-0.4,0.4,0.0
2025-10-20,072130,,7.06,-1.2,0.0,0.7
2025-10-21,072130,,6.89,0.1,-0.4,-0.1
2025-10-22,072130,,6.91,0.8,0.0,-1.2
2025-10-23,072130,,7.05,2.1,0.2,-2.5
2025-10-24,072130,,7.34,-1.2,-0.4,1.0
2025-10-27,072130,,7.17,0.1,0.6,-1.1
2025-10-28,072130,,7.18,0.1,-0.8,0.1
2025-10-29,072130,,7.2,0.2,0.7,-1.2
2025-10-30,072130,,7.23,-0.1,-0.8,0.2
2025-10-31,072130,5360.0,7.23,-0.9,0.8,-0.2
2025-11-03,072130,,7.1,-0.3,-0.5,0.2
2025-11-04,072130,,7.05,-0.2,0.0,-0.2
2025-11-05,072130,,7.01,-0.1,0.1,-0.6
2025-11-06,072130,,6.99,-1.8,-0.1,1.4
2025-11-07,072130,,6.72,-0.6,-0.7,1.2
2025-11-10,072130,,6.64,-0.2,0.2,0.0
2025-11-11,072130,,6.61,-1.0,0.1,0.9
2025-11-12,072130,,6.46,-0.6,-0.0,0.6
2025-11-13,072130,,6.37,-0.5,0.2,0.3
2025-11-14,072130,,6.29,-0.1,0.0,0.1
2025-11-17,072130,,6.34,-0.8,-0.1,0.9
2025-11-18,072130,,6.21,-0.7,0.0,0.6
2025-11-19,072130,,6.13,0.0,0.1,-0.2
2025-11-20,072130,,6.14,0.1,-0.1,-0.0
2025-11-21,072130,,6.16,0.3,0.1,-0.4
2025-11-24,072130,,6.2,0.0,-0.4,0.4
2025-11-25,072130,,6.2,1.6,0.2,-1.7
2025-11-26,072130,,6.44,-3.3,0.2,3.2
2025-11-27,072130,,5.94,0.9,-0.1,0.2
2025-11-28,072130,4925.0,6.08,-0.1,0.0,0.0
2025-12-01,072130,,6.07,0.8,0.1,-0.9
2025-12-02,072130,,6.2,-0.5,0.0,0.4
2025-12-03,072130,,6.12,0.9,-0.3,-0.6
2025-12-04,072130,,6.27,-0.7,0.2,0.5
2025-12-05,072130,,6.16,0.5,-0.4,-0.1
2025-12-08,072130,,6.24,-0.6,0.4,0.6
2025-12-09,072130,,6.15,-0.6,0.0,0.5
2025-12-10,072130,,6.06,-0.1,-0.2,0.3
2025-12-11,072130,,6.04,0.4,0.1,-0.4
2025-12-12,072130,,6.1,-0.1,0.0,0.1
2025-12-15,072130,,6.08,0.0,-0.1,0.1
2025-12-16,072130,,6.09,-0.6,-0.0,0.6
2025-12-17,072130,,6.0,0.4,-0.0,-0.4
2025-12-18,072130,,6.06,-0.7,0.1,0.6
2025-12-19,072130,,5.95,-0.9,-0.0,0.9
2025-12-22,072130,,5.81,-0.1,-0.1,0.2
2025-12-23,072130,,5.79,-0.8,0.1,0.7
2025-12-24,072130,,5.67,-0.3,-0.3,-0.5
2025-12-26,072130,,5.63,-0.1,0.3,-0.1
2025-12-29,072130,,5.61,-1.0,0.0,0.7
2025-12-30,072130,4555.0,5.45,-0.9,-0.1,0.4
2026-01-02,072130,,5.31,-0.1,0.1,0.0
2026-01-05,072130,,5.3,0.6,-0.2,0.1
2026-01-06,072130,,5.39,-0.2,0.2,-0.0
2026-01-07,072130,,5.37,-1.7,0.0,1.4
2026-01-08,072130,,5.08,-0.3,-0.0,0.3
2026-01-09,072130,,5.02,4.1,-0.2,3.4
2026-01-12,072130,,5.77,0.3,0.2,-0.4
2026-01-13,072130,,5.84,-0.0,0.1,-0.2
2026-01-14,072130,,5.84,-0.3,-0.0,-0.4
2026-01-15,072130,,5.79,-0.8,-0.0,0.4
2026-01-16,072130,,5.65,-0.8,0.0,0.7
2026-01-19,072130,,5.51,0.1,0.1,-0.1
2026-01-20,072130,,5.53,1.1,-0.0,-1.2
2026-01-21,072130,,5.73,0.4,0.0,-0.4
2026-01-22,072130,,5.79,0.3,0.0,-0.1
2026-01-23,072130,,5.85,0.0,-0.0,-0.0
2026-01-26,072130,,5.85,0.5,0.2,-0.4
2026-01-27,072130,,5.94,0.8,-0.3,-0.0
2026-01-28,072130,,6.09,-12.4,0.3,11.9
2026-01-29,072130,,4.04,1.0,0.0,-1.5
2026-01-30,072130,4580.0,4.21,0.1,0.1,-0.1
2026-02-02,072130,,4.23,-0.9,-0.1,0.5
2026-02-03,072130,,4.08,0.6,-0.1,-0.0
2026-02-04,072130,,4.19,1.3,0.2,-1.6
2026-02-05,072130,,4.41,0.6,0.0,-0.3
2026-02-06,072130,,4.5,-0.4,0.2,0.0
2026-02-09,072130,,4.43,-0.6,-0.2,-0.3
2026-02-10,072130,,4.34,1.6,0.1,-1.8
2026-02-11,072130,,4.62,1.5,0.1,-1.1
2026-02-12,072130,,4.87,0.4,-0.2,-0.2
2026-02-13,072130,,4.99,-0.7,0.1,-0.2
2026-02-19,072130,,4.88,-0.6,0.1,-0.2
2026-02-20,072130,,4.78,-0.8,0.0,0.6
2026-02-23,072130,,4.65,-0.2,-0.1,-0.4
2026-02-24,072130,,4.65,0.1,0.1,-0.5
2026-02-25,072130,,4.68,-0.5,0.0,0.2
2026-02-26,072130,,4.6,-1.1,-0.1,-0.1
2026-02-27,072130,4590.0,4.41,0.3,-0.1,-1.2
2026-03-03,072130,,4.45,0.5,0.4,-1.1
2026-03-04,072130,,4.52,-1.4,-0.1,-2.2
2026-03-05,072130,,4.38,0.9,0.2,-1.2
2026-03-06,072130,,4.54,0.8,-0.1,-0.5
2026-03-09,072130,,4.67,1.4,-0.5,-1.0
2026-03-10,072130,,4.9,0.8,-0.2,-0.9
2026-03-11,072130,,5.12,0.2,-0.0,-0.2
2026-03-12,072130,,5.15,-4.1,0.1,3.8
2026-03-13,072130,,4.64,2.7,0.0,-2.6
2026-03-16,072130,,5.04,1.5,0.2,-2.2
2026-03-17,072130,,5.27,1.0,-0.0,-1.2
2026-03-18,072130,,5.43,2.0,-0.1,-1.6
2026-03-19,072130,,5.72,-0.0,-0.2,0.0
2026-03-20,072130,,5.72,2.4,0.0,-2.2
2026-03-23,072130,,6.07,0.4,0.0,-0.2
2026-03-24,072130,,6.13,-1.2,0.1,1.1
2026-03-25,072130,,5.96,17.3,-0.1,7.4
2026-03-26,072130,,8.26,2.7,0.0,-2.6
2026-03-27,072130,,8.66,-1.4,0.0,1.6
2026-03-30,072130,,8.51,0.0,-0.0,-0.1
2026-03-31,072130,5050.0,8.57,0.2,0.0,-0.5
2026-04-01,072130,,8.59,-3.2,-0.0,4.3
2026-04-02,072130,,8.12,-0.1,-0.0,-0.7
2026-04-03,072130,,8.11,0.7,-0.0,-0.6
2026-04-06,072130,,8.13,0.8,-0.7,-0.4
2026-04-07,072130,,8.25,0.7,-0.0,-0.5
2026-04-08,072130,,8.35,1.1,-0.0,-1.5
2026-04-09,072130,,8.51,-1.6,-0.0,1.7
2026-04-10,072130,,8.28,1.5,0.0,-1.2
2026-04-13,072130,,8.49,6.8,-0.1,-5.2
2026-04-14,072130,,9.36,5.5,-0.0,-6.8
2026-04-15,072130,,10.03,-1.4,-0.0,1.5
2026-04-16,072130,,9.58,1.7,-0.0,-1.2
2026-04-17,072130,,9.8,-1.1,-0.0,0.9
2026-04-20,072130,,9.65,-0.8,0.2,0.7
2026-04-21,072130,,9.55,-1.6,0.2,1.2
2026-04-22,072130,,9.32,-0.8,-0.0,0.9
2026-04-23,072130,,9.22,0.1,-0.2,0.0
2026-04-24,072130,,9.23,-1.7,0.0,1.6
2026-04-27,072130,,8.98,0.0,0.0,-0.2
2026-04-28,072130,,8.99,0.9,-0.0,-0.9
2026-04-29,072130,,9.13,-1.2,-0.0,1.3
2026-04-30,072130,5230.0,9.07,-1.5,-0.0,1.5
2026-05-04,072130,,8.84,-3.2,-0.0,3.0
2026-05-06,072130,,8.37,-1.6,-0.0,2.4
2026-05-07,072130,,8.11,-0.8,-0.0,0.5
2026-05-08,072130,,7.98,0.6,-0.2,-0.6
2026-05-11,072130,,8.08,-0.4,-0.0,0.8
2026-05-12,072130,,8.02,-2.3,-0.0,2.6
2026-05-13,072130,,7.63,-0.5,-0.1,0.6
2026-05-14,072130,,7.56,-0.3,-0.0,0.3
2026-05-15,072130,,7.51,0.3,-0.0,-0.3
2026-05-18,072130,,7.55,-0.7,0.0,0.3
2026-05-19,072130,,7.42,-3.0,0.0,-0.7
2026-05-20,072130,,6.93,-1.8,-0.0,-0.8
2026-05-21,072130,,6.68,-0.1,-0.0,0.1
2026-05-22,072130,,6.67,0.1,-0.0,-0.0
2026-05-26,072130,,6.68,-2.1,-0.0,-2.2
2026-05-27,072130,,6.33,-1.7,-0.1,-1.4
2026-05-28,072130,,6.0,-0.4,0.0,-2.0
2026-05-29,072130,4790.0,5.94,-1.4,-0.0,0.3
2026-06-01,072130,,5.71,-0.5,-0.0,0.5
2026-06-02,072130,,5.63,-0.3,-0.0,-1.1
2026-06-04,072130,,5.67,-1.0,0.0,-0.5
2026-06-05,072130,,5.49,-0.5,0.0,-0.2
2026-06-08,072130,,5.41,-2.0,0.0,-1.8
2026-06-09,072130,,5.07,0.8,-0.0,-1.3
2026-06-10,072130,,5.2,-0.1,0.0,-1.5
2026-06-11,072130,,5.18,0.2,0.0,-0.3
2026-06-12,072130,,5.22,-0.2,-0.0,0.1
2026-06-15,072130,,5.18,-0.2,-0.0,-1.6
2026-06-16,072130,,5.15,-0.6,-0.0,0.4
2026-06-17,072130,,5.06,-0.1,-0.0,-0.9
2026-06-18,072130,,5.04,-0.8,-0.0,0.5
2026-06-19,072130,,4.91,-1.0,-0.0,-0.7
2026-06-22,072130,,4.74,-0.3,0.0,-0.2
2026-06-23,072130,,4.69,-0.6,-0.0,-0.8
2026-06-24,072130,,4.59,0.0,0.0,-1.8
2026-06-25,072130,,4.59,0.1,-0.0,-0.4
2026-06-26,072130,,4.6,0.9,0.0,-1.3
2026-06-29,072130,,4.74,-0.1,0.0,-6.2
2026-06-30,072130,5330.0,4.73,-0.0,0.0,0.0
2026-07-01,072130,,4.73,0.7,0.0,-0.7
2026-07-02,072130,,4.84,0.3,0.0,-0.3
2026-07-03,072130,,4.88,-0.6,-0.0,0.6
2026-07-06,072130,,4.78,-1.3,-0.0,1.3
2026-07-07,072130,,4.58,0.5,0.0,-1.5
2026-07-08,072130,,4.66,-0.1,0.0,-0.7
2026-07-09,072130,,4.65,-1.0,0.0,-0.1
2026-07-10,072130,,4.5,0.8,-0.0,-1.7
2026-07-13,072130,5230.0,4.62,0.2,0.0,-0.3
2025-07-14,072470,,1.52,1.2,0.0,-1.1
2025-07-15,072470,,1.69,-0.6,-0.0,0.7
2025-07-16,072470,,1.59,-1.2,,1.3
2025-07-17,072470,,1.41,0.4,,-0.4
2025-07-18,072470,,1.48,-0.5,,0.5
2025-07-21,072470,,1.49,0.2,,-0.2
2025-07-22,072470,,1.53,0.8,,-0.8
2025-07-23,072470,,1.66,0.3,,-0.3
2025-07-24,072470,,1.7,0.5,0.0,-0.5
2025-07-25,072470,,1.78,-2.9,0.0,2.7
2025-07-28,072470,,1.39,-0.4,0.0,0.4
2025-07-29,072470,,1.32,0.2,0.0,-0.2
2025-07-30,072470,,1.35,0.8,0.0,-0.8
2025-07-31,072470,,1.51,0.8,0.0,-0.8
2025-08-01,072470,,1.64,0.1,0.0,-0.1
2025-08-04,072470,,1.66,1.0,-0.0,-1.0
2025-08-05,072470,,1.82,0.0,0.0,-0.1
2025-08-06,072470,,1.83,0.5,-0.0,-0.5
2025-08-07,072470,,1.91,0.2,,-0.2
2025-08-08,072470,,1.95,-0.2,,0.2
2025-08-11,072470,,1.91,0.5,,-0.5
2025-08-12,072470,,2.0,0.0,,-0.0
2025-08-13,072470,,2.0,0.2,,-0.2
2025-08-14,072470,,2.03,0.0,,-0.0
2025-08-18,072470,,2.04,-0.1,,0.1
2025-08-19,072470,,2.03,0.5,,-0.4
2025-08-20,072470,,2.11,-0.2,,0.2
2025-08-21,072470,,2.08,0.3,,-0.5
2025-08-22,072470,,2.13,-0.1,,-0.2
2025-08-25,072470,,2.12,-0.0,,0.0
2025-08-26,072470,,2.12,0.0,,-0.0
2025-08-27,072470,,2.12,-0.5,,0.5
2025-08-28,072470,,2.03,0.2,,-0.2
2025-08-29,072470,3285.0,2.06,-0.3,,0.3
2025-09-01,072470,,2.02,-0.1,,0.1
2025-09-02,072470,,2.0,0.1,,-0.0
2025-09-03,072470,,2.02,0.4,,-0.4
2025-09-04,072470,,2.08,-0.2,,0.2
2025-09-05,072470,,2.05,-0.2,,0.2
2025-09-08,072470,,2.02,0.3,,-0.3
2025-09-09,072470,,2.07,-0.1,,0.1
2025-09-10,072470,,1.84,0.5,,-0.6
2025-09-11,072470,,1.93,-0.1,,0.0
2025-09-12,072470,,1.92,-0.2,,0.3
2025-09-15,072470,,1.88,0.1,,-0.0
2025-09-16,072470,,1.9,-0.2,,0.2
2025-09-17,072470,,1.87,-0.1,,0.1
2025-09-18,072470,,1.86,-0.1,,0.1
2025-09-19,072470,,1.84,-0.1,,0.1
2025-09-22,072470,,1.82,-0.2,,0.1
2025-09-23,072470,,1.8,0.1,0.2,-0.3
2025-09-24,072470,,1.81,0.2,0.2,-0.4
2025-09-25,072470,,1.84,-0.2,0.2,-0.0
2025-09-26,072470,,1.81,-0.3,0.2,0.0
2025-09-29,072470,,1.76,-1.0,0.2,0.8
2025-09-30,072470,3190.0,1.65,0.3,0.2,-0.4
2025-10-01,072470,,1.71,-1.9,0.2,1.7
2025-10-02,072470,,1.44,1.6,0.1,-1.7
2025-10-10,072470,,1.7,-1.8,,1.7
2025-10-13,072470,,1.46,-0.7,,0.8
2025-10-14,072470,,1.36,0.1,,-0.2
2025-10-15,072470,,1.38,0.6,,-0.6
2025-10-16,072470,,1.47,-0.2,,0.3
2025-10-17,072470,,1.44,0.1,,-0.1
2025-10-20,072470,,1.46,0.1,,-0.1
2025-10-21,072470,,1.47,0.0,,-0.0
2025-10-22,072470,,1.48,-0.4,,-0.0
2025-10-23,072470,,1.47,-5.6,,5.7
2025-10-24,072470,,0.8,2.0,,-1.9
2025-10-27,072470,,1.06,-0.9,,0.9
2025-10-28,072470,,0.94,-0.3,,0.2
2025-10-29,072470,,0.91,-0.1,,0.1
2025-10-30,072470,,0.9,2.0,,-2.0
2025-10-31,072470,3700.0,1.19,-0.7,0.0,0.7
2025-11-03,072470,,1.12,0.3,0.0,-0.3
2025-11-04,072470,,1.17,1.0,,-1.0
2025-11-05,072470,,1.31,1.3,,-1.2
2025-11-06,072470,,1.51,0.4,,-0.4
2025-11-07,072470,,1.57,0.7,,-0.7
2025-11-10,072470,,1.67,1.1,,-1.1
2025-11-11,072470,,1.82,0.3,,-0.4
2025-11-12,072470,,1.88,0.3,,-0.3
2025-11-13,072470,,1.92,0.1,,-0.1
2025-11-14,072470,,1.94,-0.2,,0.2
2025-11-17,072470,,1.91,-0.4,,0.5
2025-11-18,072470,,1.85,0.7,,-0.7
2025-11-19,072470,,1.96,0.5,,-0.5
2025-11-20,072470,,2.04,0.4,,-0.3
2025-11-21,072470,,2.1,0.3,,-0.2
2025-11-24,072470,,2.15,0.4,,-0.2
2025-11-25,072470,,2.21,0.6,-0.1,-0.6
2025-11-26,072470,,2.31,0.2,-0.0,-0.1
2025-11-27,072470,,2.39,0.3,,-0.3
2025-11-28,072470,3405.0,2.44,1.2,,-1.2
2025-12-01,072470,,2.63,0.5,,-0.5
2025-12-02,072470,,2.7,0.1,,-0.1
2025-12-03,072470,,2.71,-0.3,,0.3
2025-12-04,072470,,2.67,-0.0,,0.0
2025-12-05,072470,,2.66,-0.1,,0.1
2025-12-08,072470,,2.65,0.1,,-0.2
2025-12-09,072470,,2.67,0.2,,-0.3
2025-12-10,072470,,2.71,0.3,0.0,-0.3
2025-12-11,072470,,2.75,0.4,-0.1,-0.3
2025-12-12,072470,,2.8,-0.1,,0.1
2025-12-15,072470,,2.79,-0.2,,0.2
2025-12-16,072470,,2.76,-0.1,,0.1
2025-12-17,072470,,2.8,0.2,,-0.2
2025-12-18,072470,,2.82,0.5,,-0.5
2025-12-19,072470,,2.9,0.4,,-0.4
2025-12-22,072470,,2.96,-0.1,,0.1
2025-12-23,072470,,2.95,-0.4,,0.4
2025-12-24,072470,,2.88,-0.0,,0.0
2025-12-26,072470,,2.88,-0.4,,0.4
2025-12-29,072470,,2.82,0.2,,-0.2
2025-12-30,072470,3205.0,2.85,0.0,,-0.0
2026-01-02,072470,,2.86,0.1,,-0.1
2026-01-05,072470,,2.88,-0.2,,0.2
2026-01-06,072470,,2.85,-0.1,,0.1
2026-01-07,072470,,2.87,-0.2,-0.1,0.3
2026-01-08,072470,,2.84,-0.1,-0.1,0.2
2026-01-09,072470,,2.82,-0.1,-0.2,0.2
2026-01-12,072470,,2.81,-0.1,-0.2,0.3
2026-01-13,072470,,2.83,0.2,-0.2,-0.1
2026-01-14,072470,,2.87,-0.1,,0.1
2026-01-15,072470,,2.85,0.5,-0.1,-0.4
2026-01-16,072470,,2.94,0.4,-0.2,-0.2
2026-01-19,072470,,3.0,-2.7,,2.7
2026-01-20,072470,,2.62,0.7,,-0.6
2026-01-21,072470,,2.73,1.0,-0.1,-1.0
2026-01-22,072470,,2.89,0.7,0.0,-0.7
2026-01-23,072470,,3.0,0.3,-0.1,-0.2
2026-01-26,072470,,3.04,0.6,-0.1,-0.5
2026-01-27,072470,,3.13,0.2,-0.1,-0.0
2026-01-28,072470,,3.16,-0.1,,0.1
2026-01-29,072470,,3.14,0.8,,-0.8
2026-01-30,072470,3300.0,3.26,-0.3,,0.4
2026-02-02,072470,,3.21,-0.2,,0.2
2026-02-03,072470,,3.17,-0.3,,0.3
2026-02-04,072470,,3.13,0.0,0.3,-0.3
2026-02-05,072470,,3.13,-0.0,,0.0
2026-02-06,072470,,3.13,-0.4,,0.4
2026-02-09,072470,,3.06,0.1,,-0.1
2026-02-10,072470,,3.07,0.4,,-0.4
2026-02-11,072470,,3.17,-0.3,,0.3
2026-02-12,072470,,3.14,-1.1,,1.1
2026-02-13,072470,,2.98,0.6,,-0.6
2026-02-19,072470,,3.06,0.4,,-0.4
2026-02-20,072470,,3.12,0.1,,-0.1
2026-02-23,072470,,3.13,0.3,,-0.3
2026-02-24,072470,,3.17,0.1,,-0.1
2026-02-25,072470,,3.25,-6.6,0.0,6.2
2026-02-26,072470,,2.51,-0.3,-0.0,0.5
2026-02-27,072470,4700.0,2.58,3.2,0.9,-4.1
2026-03-03,072470,,3.01,-10.9,0.7,8.2
2026-03-04,072470,,1.87,5.0,1.6,-6.8
2026-03-05,072470,,2.54,1.5,0.7,-2.2
2026-03-06,072470,,2.74,2.7,,-2.7
2026-03-09,072470,,3.11,1.0,0.0,-1.0
2026-03-10,072470,,3.25,0.9,-0.4,-0.5
2026-03-11,072470,,3.27,-5.0,-0.2,5.2
2026-03-12,072470,,2.68,-0.2,-0.2,0.4
2026-03-13,072470,,2.66,0.2,-0.3,0.1
2026-03-16,072470,,2.68,1.1,-0.3,-0.8
2026-03-17,072470,,2.83,0.8,,0.3
2026-03-18,072470,,2.95,1.1,,-0.7
2026-03-19,072470,,3.09,0.3,0.3,-0.6
2026-03-20,072470,,3.14,0.4,0.0,-0.4
2026-03-23,072470,,3.19,0.1,0.0,-0.0
2026-03-24,072470,,3.21,1.1,0.0,-1.1
2026-03-25,072470,,3.36,-0.6,,0.7
2026-03-26,072470,,3.27,-0.4,0.4,-0.0
2026-03-27,072470,,3.21,0.9,-0.2,-0.7
2026-03-30,072470,,3.34,1.0,-0.0,-0.9
2026-03-31,072470,3490.0,3.49,0.1,0.2,-0.3
2026-04-01,072470,,3.5,0.5,,-0.5
2026-04-02,072470,,3.57,-0.9,0.2,0.9
2026-04-03,072470,,3.43,0.3,,-0.3
2026-04-06,072470,,3.48,-0.3,,0.3
2026-04-07,072470,,3.43,0.6,-0.0,-0.6
2026-04-08,072470,,3.53,0.3,,-0.4
2026-04-09,072470,,3.57,0.0,0.1,-0.1
2026-04-10,072470,,3.58,-0.1,0.0,0.0
2026-04-13,072470,,3.56,-0.1,,0.1
2026-04-14,072470,,3.54,-0.1,,0.1
2026-04-15,072470,,3.49,-0.6,0.0,0.5
2026-04-16,072470,,3.41,0.0,0.0,-0.0
2026-04-17,072470,,3.41,0.1,0.0,-0.1
2026-04-20,072470,,3.42,-0.4,0.0,0.4
2026-04-21,072470,,3.36,-0.0,-0.8,0.8
2026-04-22,072470,,3.34,-0.2,,0.1
2026-04-23,072470,,3.32,0.3,,-0.2
2026-04-24,072470,,3.36,-0.1,,0.0
2026-04-27,072470,,3.35,-0.1,0.1,0.1
2026-04-28,072470,,3.34,-0.2,,0.2
2026-04-29,072470,,3.1,-0.6,,0.7
2026-04-30,072470,3970.0,3.02,0.3,0.0,-0.3
2026-05-04,072470,,3.06,-0.1,0.2,-0.0
2026-05-06,072470,,3.04,0.2,-0.0,-0.2
2026-05-07,072470,,3.06,0.5,0.0,-0.6
2026-05-08,072470,,3.13,0.3,-0.0,-0.6
2026-05-11,072470,,3.18,-0.3,0.0,0.3
2026-05-12,072470,,3.15,-2.2,-0.0,2.3
2026-05-13,072470,,2.85,-0.3,0.0,0.3
2026-05-14,072470,,2.82,0.8,-0.0,-0.6
2026-05-15,072470,,2.93,-0.6,-0.0,0.6
2026-05-18,072470,,2.85,-0.2,-0.3,0.5
2026-05-19,072470,,2.78,0.3,-0.2,-0.1
2026-05-20,072470,,2.83,0.3,-0.3,0.0
2026-05-21,072470,,2.91,0.3,-0.4,0.1
2026-05-22,072470,,2.95,-0.3,-0.5,0.8
2026-05-26,072470,,2.9,-0.1,-0.4,0.6
2026-05-27,072470,,2.88,-0.9,-0.3,1.2
2026-05-28,072470,,2.73,-0.0,0.0,0.0
2026-05-29,072470,3290.0,2.72,-0.3,0.0,0.3
2026-06-01,072470,,2.67,-0.7,0.3,0.3
2026-06-02,072470,,2.55,0.1,0.0,-0.1
2026-06-04,072470,,2.56,0.1,-0.0,-0.1
2026-06-05,072470,,2.59,-0.1,-0.0,0.1
2026-06-08,072470,,2.57,-0.2,-0.0,0.2
2026-06-09,072470,,2.53,0.5,-0.0,-0.5
2026-06-10,072470,,2.62,-0.2,-0.0,0.3
2026-06-11,072470,,2.58,0.1,-0.0,-0.1
2026-06-12,072470,,2.59,-0.1,0.0,0.1
2026-06-15,072470,,2.58,-0.2,-0.0,0.2
2026-06-16,072470,,2.55,-0.1,0.0,0.1
2026-06-17,072470,,2.53,-0.1,-0.0,0.1
2026-06-18,072470,,2.51,-0.3,-0.0,0.3
2026-06-19,072470,,2.45,-0.2,-0.0,0.3
2026-06-22,072470,,2.4,-0.1,-0.0,0.1
2026-06-23,072470,,2.38,-0.3,0.0,0.3
2026-06-24,072470,,2.32,0.0,,-0.0
2026-06-25,072470,,2.33,-0.2,0.0,0.1
2026-06-26,072470,,2.29,0.1,-0.0,-0.1
2026-06-29,072470,,2.31,-0.0,0.0,-0.0
2026-06-30,072470,2445.0,2.3,0.2,-0.0,-0.2
2026-07-01,072470,,2.34,-0.2,-0.3,0.5
2026-07-02,072470,,2.3,-0.0,-0.1,0.1
2026-07-03,072470,,2.29,-0.1,,0.1
2026-07-06,072470,,2.27,-0.2,,0.2
2026-07-07,072470,,2.22,0.0,,-0.0
2026-07-08,072470,,2.23,-0.2,-0.0,0.2
2026-07-09,072470,,2.18,-0.1,,0.1
2026-07-10,072470,,2.16,-0.0,0.0,0.0
2026-07-13,072470,2330.0,2.16,-0.0,-0.0,0.0
2025-12-30,072520,,,,,
2026-01-30,072520,,,,,
2026-02-27,072520,,,,,
2026-03-31,072520,,,,,
2026-04-30,072520,,,,,
2026-05-29,072520,,,,,
2026-06-30,072520,,,,,
2026-07-13,072520,,,,,
2025-07-14,072710,,2.64,-0.3,-0.4,0.5
2025-07-15,072710,,2.63,-1.5,0.1,1.0
2025-07-16,072710,,2.6,-2.4,0.1,0.9
2025-07-17,072710,,2.54,-0.3,1.4,-3.4
2025-07-18,072710,,2.53,-2.7,-0.0,2.6
2025-07-21,072710,,2.46,-1.5,-0.3,1.7
2025-07-22,072710,,2.43,-0.5,0.0,0.5
2025-07-23,072710,,2.41,-0.8,-0.0,0.8
2025-07-24,072710,,2.39,-1.4,-3.9,5.3
2025-07-25,072710,,2.36,1.5,0.0,-1.5
2025-07-28,072710,,2.4,-0.9,-0.4,1.1
2025-07-29,072710,,2.38,0.5,0.2,-1.0
2025-07-30,072710,,2.39,0.6,-0.2,0.4
2025-07-31,072710,,2.41,1.9,-0.6,-1.3
2025-08-01,072710,,2.45,1.7,-0.0,-1.4
2025-08-04,072710,,2.5,1.2,0.5,-1.6
2025-08-05,072710,,2.53,0.8,0.7,-1.3
2025-08-06,072710,,2.55,0.6,1.7,-2.2
2025-08-07,072710,,2.57,0.5,1.6,-2.0
2025-08-08,072710,,2.58,-0.8,3.6,-2.8
2025-08-11,072710,,2.56,-0.1,-1.0,0.3
2025-08-12,072710,,2.56,1.7,0.5,-2.7
2025-08-13,072710,,2.6,0.9,-1.5,-0.3
2025-08-14,072710,,2.63,-0.4,-0.8,0.7
2025-08-18,072710,,2.61,0.9,-3.1,1.3
2025-08-19,072710,,2.64,3.2,-0.9,-4.1
2025-08-20,072710,,2.73,-0.0,-1.0,0.7
2025-08-21,072710,,2.73,5.9,0.4,-7.1
2025-08-22,072710,,2.89,-1.5,0.0,-2.9
2025-08-25,072710,,2.85,-1.1,-0.1,-0.9
2025-08-26,072710,,2.85,-0.6,-1.2,-0.0
2025-08-27,072710,,2.84,-0.6,-0.2,-0.7
2025-08-28,072710,,2.82,5.3,0.7,-6.0
2025-08-29,072710,79700.0,2.96,-0.8,0.0,0.3
2025-09-01,072710,,2.94,6.1,0.8,-7.3
2025-09-02,072710,,3.1,0.5,-0.2,-0.6
2025-09-03,072710,,3.11,1.6,0.0,-1.6
2025-09-04,072710,,3.15,0.1,0.0,-0.3
2025-09-05,072710,,3.08,-1.1,0.2,0.8
2025-09-08,072710,,3.05,0.3,-0.1,-1.5
2025-09-09,072710,,3.06,-0.7,0.2,-0.5
2025-09-10,072710,,3.04,1.1,-0.0,-1.9
2025-09-11,072710,,3.07,3.3,-0.2,-4.1
2025-09-12,072710,,3.15,-14.8,-0.8,15.9
2025-09-15,072710,,2.81,-8.4,-30.5,45.6
2025-09-16,072710,,2.66,-50.1,-20.0,80.4
2025-09-17,072710,,1.96,-21.4,-0.3,21.4
2025-09-18,072710,,1.88,5.1,-0.5,-4.1
2025-09-19,072710,,1.96,5.6,17.2,-22.8
2025-09-22,072710,,2.06,5.9,-17.8,13.9
2025-09-23,072710,,2.17,-5.4,-1.1,5.9
2025-09-24,072710,,2.07,-4.3,-1.1,5.4
2025-09-25,072710,,1.99,7.4,-1.3,-8.5
2025-09-26,072710,,2.14,-0.4,-0.4,4.3
2025-09-29,072710,,2.13,7.6,-2.1,-5.7
2025-09-30,072710,97000.0,2.3,9.3,-1.6,-5.1
2025-10-01,072710,,2.51,-19.9,0.2,17.7
2025-10-02,072710,,2.1,18.6,-0.7,-18.6
2025-10-10,072710,,2.51,3.4,0.9,-8.1
2025-10-13,072710,,2.59,-0.4,-1.1,1.8
2025-10-14,072710,,2.58,7.1,-0.7,-6.1
2025-10-15,072710,,2.74,-1.5,-1.1,2.6
2025-10-16,072710,,2.71,0.8,0.1,-1.1
2025-10-17,072710,,2.72,3.8,-0.6,-3.7
2025-10-20,072710,,2.81,2.1,-0.3,-2.1
2025-10-21,072710,,2.87,3.3,-0.0,-3.3
2025-10-22,072710,,2.94,1.2,1.0,-3.0
2025-10-23,072710,,2.97,0.4,1.0,3.8
2025-10-24,072710,,2.98,-3.7,4.4,-0.9
2025-10-27,072710,,2.89,3.1,4.4,-8.2
2025-10-28,072710,,2.96,-4.6,-0.1,3.3
2025-10-29,072710,,2.86,5.4,0.8,-5.3
2025-10-30,072710,,2.98,7.1,-0.9,-6.8
2025-10-31,072710,94100.0,3.06,5.3,-0.4,-5.0
2025-11-03,072710,,3.18,5.5,-1.0,-5.4
2025-11-04,072710,,3.31,6.6,0.7,-7.3
2025-11-05,072710,,3.46,7.0,-0.3,-7.5
2025-11-06,072710,,3.62,10.2,0.6,-10.8
2025-11-07,072710,,3.86,-4.3,-1.4,5.4
2025-11-10,072710,,3.71,11.8,1.4,-14.1
2025-11-11,072710,,3.95,-4.6,-0.7,5.3
2025-11-12,072710,,3.87,1.8,0.4,-2.9
2025-11-13,072710,,3.91,-0.6,-0.1,0.2
2025-11-14,072710,,3.9,-2.8,-0.6,3.6
2025-11-17,072710,,3.84,-1.1,-0.3,1.2
2025-11-18,072710,,3.97,-8.8,-0.3,9.1
2025-11-19,072710,,3.76,3.2,2.3,-5.8
2025-11-20,072710,,3.87,5.2,0.1,-5.3
2025-11-21,072710,,3.99,-1.8,-0.1,1.2
2025-11-24,072710,,3.95,-2.8,0.3,3.0
2025-11-25,072710,,3.88,-2.1,0.0,2.1
2025-11-26,072710,,3.83,8.2,-1.4,-7.1
2025-11-27,072710,,4.02,0.1,-1.0,0.8
2025-11-28,072710,94100.0,3.87,2.4,0.0,-2.1
2025-12-01,072710,,3.93,-0.9,0.1,0.9
2025-12-02,072710,,4.02,5.0,0.2,-5.2
2025-12-03,072710,,4.13,4.3,1.4,-5.4
2025-12-04,072710,,4.23,-3.2,2.6,2.2
2025-12-05,072710,,4.16,-0.4,0.2,0.2
2025-12-08,072710,,4.15,-4.9,1.2,3.6
2025-12-09,072710,,3.97,-1.4,-0.0,1.5
2025-12-10,072710,,3.94,5.0,1.6,-6.4
2025-12-11,072710,,4.05,4.1,-0.6,-3.5
2025-12-12,072710,,4.15,4.4,0.2,-4.3
2025-12-15,072710,,4.25,-7.7,0.8,7.0
2025-12-16,072710,,4.07,-5.5,2.9,2.6
2025-12-17,072710,,4.0,-2.8,0.5,2.2
2025-12-18,072710,,3.93,3.9,1.4,5.0
2025-12-19,072710,,4.02,-0.2,-0.3,1.0
2025-12-22,072710,,4.02,2.9,0.9,-3.6
2025-12-23,072710,,4.08,1.4,-0.1,-1.1
2025-12-24,072710,,4.15,-2.8,0.8,2.0
2025-12-26,072710,,4.05,-2.6,-0.4,2.9
2025-12-29,072710,,3.99,-1.2,0.6,0.7
2025-12-30,072710,90500.0,3.97,-1.7,-0.0,1.7
2026-01-02,072710,,3.72,-2.8,3.9,-0.5
2026-01-05,072710,,3.65,-2.6,0.3,1.6
2026-01-06,072710,,3.62,0.3,0.4,-0.7
2026-01-07,072710,,3.71,-4.3,2.3,2.3
2026-01-08,072710,,3.6,2.0,-4.5,2.4
2026-01-09,072710,,3.65,0.0,-1.0,0.6
2026-01-12,072710,,3.66,0.4,-0.0,-0.4
2026-01-13,072710,,3.71,-1.3,-1.5,2.8
2026-01-14,072710,,3.67,4.5,0.8,-5.3
2026-01-15,072710,,3.86,-3.4,0.5,2.8
2026-01-16,072710,,3.76,-0.2,0.3,0.2
2026-01-19,072710,,3.77,-3.3,-0.4,3.7
2026-01-20,072710,,3.67,3.5,0.2,-3.7
2026-01-21,072710,,3.77,-4.5,0.1,4.0
2026-01-22,072710,,3.64,1.6,-0.0,-1.6
2026-01-23,072710,,3.69,1.5,0.1,-2.0
2026-01-26,072710,,3.75,0.0,0.6,-0.8
2026-01-27,072710,,3.74,-5.8,0.7,4.6
2026-01-28,072710,,3.6,-7.9,4.2,4.0
2026-01-29,072710,,3.37,-6.2,3.3,2.6
2026-01-30,072710,88500.0,3.25,1.4,-0.1,-1.2
2026-02-02,072710,,3.33,-4.2,-0.3,4.5
2026-02-03,072710,,3.15,3.3,-0.4,-3.0
2026-02-04,072710,,3.25,3.7,-0.1,-3.7
2026-02-05,072710,,3.18,-0.5,-0.0,0.3
2026-02-06,072710,,3.06,-4.6,2.7,1.6
2026-02-09,072710,,2.91,4.3,-0.1,-4.2
2026-02-10,072710,,3.11,7.2,0.3,-8.2
2026-02-11,072710,,3.41,1.0,-0.1,-1.0
2026-02-12,072710,,3.39,1.1,0.4,-1.4
2026-02-13,072710,,3.42,3.6,0.4,-4.0
2026-02-19,072710,,3.47,1.3,1.0,-1.8
2026-02-20,072710,,3.49,5.4,1.1,-6.0
2026-02-23,072710,,3.63,-2.3,0.5,1.4
2026-02-24,072710,,3.49,-0.9,3.3,-2.3
2026-02-25,072710,,3.43,0.8,3.7,-5.3
2026-02-26,072710,,3.38,-4.9,3.1,1.6
2026-02-27,072710,101000.0,3.24,-1.3,5.3,-4.7
2026-03-03,072710,,3.2,4.0,4.5,-7.9
2026-03-04,072710,,3.36,-6.9,5.0,1.7
2026-03-05,072710,,3.18,-2.3,4.5,-2.3
2026-03-06,072710,,3.13,-2.5,4.6,-2.0
2026-03-09,072710,,3.07,-0.8,2.1,-1.2
2026-03-10,072710,,3.04,-3.0,2.9,0.1
2026-03-11,072710,,2.93,2.4,2.6,-5.0
2026-03-12,072710,,3.0,-3.1,4.3,-1.2
2026-03-13,072710,,2.94,-0.6,-2.5,3.3
2026-03-16,072710,,2.93,-1.7,2.1,-0.4
2026-03-17,072710,,2.88,2.4,2.9,-5.6
2026-03-18,072710,,3.01,-3.0,-0.3,3.4
2026-03-19,072710,,2.92,2.8,0.0,-3.0
2026-03-20,072710,,2.98,4.2,2.9,-7.8
2026-03-23,072710,,2.98,5.9,-0.0,-5.4
2026-03-24,072710,,3.1,-1.6,-1.2,2.8
2026-03-25,072710,,3.05,0.7,-0.0,-0.6
2026-03-26,072710,,3.06,-0.6,0.0,0.6
2026-03-27,072710,,3.04,4.0,0.1,-3.6
2026-03-30,072710,,3.15,3.4,2.6,-6.0
2026-03-31,072710,91000.0,3.21,-1.8,-0.1,2.0
2026-04-01,072710,,3.15,1.9,0.1,-2.0
2026-04-02,072710,,3.2,-1.8,-0.0,1.5
2026-04-03,072710,,3.15,0.7,0.1,-0.9
2026-04-06,072710,,3.17,0.3,1.0,-1.4
2026-04-07,072710,,3.18,-0.8,1.5,-0.8
2026-04-08,072710,,3.17,1.5,1.7,-3.3
2026-04-09,072710,,3.24,-0.9,-0.5,1.4
2026-04-10,072710,,3.21,1.7,-0.0,-1.7
2026-04-13,072710,,3.25,-1.1,0.3,0.9
2026-04-14,072710,,3.23,-0.5,-0.0,0.8
2026-04-15,072710,,3.25,1.9,1.3,-3.3
2026-04-16,072710,,3.29,0.3,-0.1,-0.2
2026-04-17,072710,,3.29,0.0,-0.0,-0.1
2026-04-20,072710,,3.29,-0.7,-0.1,0.7
2026-04-21,072710,,3.26,-1.3,-0.1,1.3
2026-04-22,072710,,3.19,0.8,-0.3,-0.8
2026-04-23,072710,,3.22,0.9,-0.3,-0.6
2026-04-24,072710,,3.24,2.0,-0.4,-1.7
2026-04-27,072710,,3.3,0.4,-0.0,-0.9
2026-04-28,072710,,3.31,0.8,-0.3,-0.7
2026-04-29,072710,,3.33,-0.2,-0.0,0.5
2026-04-30,072710,97600.0,3.22,0.0,-0.0,-1.6
2026-05-04,072710,,3.22,-1.6,0.1,1.6
2026-05-06,072710,,3.18,2.6,-0.4,-1.3
2026-05-07,072710,,3.2,0.8,0.1,-0.8
2026-05-08,072710,,3.21,0.4,-0.2,-0.1
2026-05-11,072710,,3.23,2.8,-0.6,-2.1
2026-05-12,072710,,3.29,-0.7,-0.1,0.8
2026-05-13,072710,,3.28,-0.0,-1.4,2.9
2026-05-14,072710,,3.27,4.4,-0.4,-4.1
2026-05-15,072710,,3.4,4.0,3.2,-7.1
2026-05-18,072710,,3.52,-1.4,0.3,1.5
2026-05-19,072710,,3.51,-0.4,-0.0,0.4
2026-05-20,072710,,3.49,-0.1,-0.0,0.1
2026-05-21,072710,,3.52,0.8,-0.7,-0.4
2026-05-22,072710,,3.54,1.4,-0.5,-1.0
2026-05-26,072710,,3.58,-2.9,0.3,2.7
2026-05-27,072710,,3.49,-2.9,0.3,2.5
2026-05-28,072710,,3.42,-1.6,-0.7,2.2
2026-05-29,072710,91400.0,3.38,-0.1,0.1,0.1
2026-06-01,072710,,3.38,-0.4,-0.7,1.0
2026-06-02,072710,,3.35,0.5,-0.1,-1.1
2026-06-04,072710,,3.37,-2.2,-0.0,1.3
2026-06-05,072710,,3.26,-1.6,0.3,1.2
2026-06-08,072710,,3.18,-1.7,-0.1,1.8
2026-06-09,072710,,3.16,1.0,0.3,-1.4
2026-06-10,072710,,3.2,-0.6,0.0,0.5
2026-06-11,072710,,3.18,0.5,-0.1,-0.5
2026-06-12,072710,,3.19,1.8,0.8,-2.9
2026-06-15,072710,,3.24,-0.7,0.3,0.5
2026-06-16,072710,,3.21,-0.4,0.1,0.4
2026-06-17,072710,,3.19,-0.3,-0.0,0.8
2026-06-18,072710,,3.18,-0.8,0.0,0.8
2026-06-19,072710,,3.15,0.2,-0.8,0.6
2026-06-22,072710,,3.16,1.2,-0.3,-0.7
2026-06-23,072710,,3.2,0.0,-0.3,0.2
2026-06-24,072710,,3.2,-0.9,-0.0,0.8
2026-06-25,072710,,3.16,1.6,-0.3,-1.1
2026-06-26,072710,,3.21,-0.8,-0.0,1.1
2026-06-29,072710,,3.2,1.1,-0.3,-0.8
2026-06-30,072710,85700.0,3.26,0.0,0.0,-0.1
2026-07-01,072710,,3.25,0.2,0.1,-0.4
2026-07-02,072710,,3.26,1.4,1.1,-2.8
2026-07-03,072710,,3.33,0.7,0.3,-0.9
2026-07-06,072710,,3.35,1.8,0.3,-2.0
2026-07-07,072710,,3.4,2.3,-0.1,-2.6
2026-07-08,072710,,3.47,2.3,0.3,-2.7
2026-07-09,072710,,3.55,-0.4,-0.0,0.4
2026-07-10,072710,,3.54,0.7,0.3,-1.1
2026-07-13,072710,89200.0,3.55,-0.4,0.0,0.4
2025-07-14,072770,,1.52,0.3,-0.0,-0.3
2025-07-15,072770,,1.6,-0.4,0.0,0.4
2025-07-16,072770,,1.51,0.4,-0.0,-0.4
2025-07-17,072770,,1.6,-0.8,0.0,0.8
2025-07-18,072770,,1.43,-0.0,0.0,-0.1
2025-07-21,072770,,1.42,0.1,0.0,-0.1
2025-07-22,072770,,1.41,0.5,0.0,-0.5
2025-07-23,072770,,1.52,1.6,-0.0,-1.7
2025-07-24,072770,,1.88,-1.3,0.0,1.3
2025-07-25,072770,,1.59,0.1,0.0,-0.0
2025-07-28,072770,,1.59,-0.1,-0.0,0.1
2025-07-29,072770,,1.56,-0.2,0.0,0.2
2025-07-30,072770,,1.52,-0.0,0.0,0.1
2025-07-31,072770,,1.51,-0.0,-0.0,0.0
2025-08-01,072770,,1.51,0.0,-0.0,-0.0
2025-08-04,072770,,1.39,0.5,0.0,-0.5
2025-08-05,072770,,1.52,0.2,0.0,-0.2
2025-08-06,072770,,1.58,0.3,-0.0,-0.3
2025-08-07,072770,,1.66,0.9,0.0,-0.9
2025-08-08,072770,,1.79,0.0,0.0,-0.1
2025-08-11,072770,,1.8,-0.3,-0.0,0.2
2025-08-12,072770,,1.73,-0.2,-0.0,0.2
2025-08-13,072770,,1.68,0.1,-0.0,0.0
2025-08-14,072770,,1.71,0.8,0.0,-0.0
2025-08-18,072770,,2.15,2.3,0.0,-3.5
2025-08-19,072770,,2.57,-9.6,-0.0,24.4
2025-08-20,072770,,1.01,0.7,0.0,-0.7
2025-08-21,072770,,1.12,1.6,-0.0,-2.2
2025-08-22,072770,,1.45,0.1,0.4,-0.1
2025-08-25,072770,,1.47,-0.0,0.0,-0.1
2025-08-26,072770,,1.47,-0.0,-0.4,0.3
2025-08-27,072770,,1.46,-0.2,0.0,0.3
2025-08-28,072770,,1.44,0.1,0.0,-0.1
2025-08-29,072770,1266.0,1.46,-0.0,,0.0
2025-09-01,072770,,1.45,0.0,-0.0,-0.2
2025-09-02,072770,,1.47,-0.4,0.0,0.3
2025-09-03,072770,,1.42,1.0,0.0,6.1
2025-09-04,072770,,1.59,0.4,0.0,-0.5
2025-09-05,072770,,1.67,-0.2,0.0,0.2
2025-09-08,072770,,1.65,2.3,0.0,-1.2
2025-09-09,072770,,1.94,-2.3,0.0,2.9
2025-09-10,072770,,1.66,0.8,,-0.4
2025-09-11,072770,,1.75,-6.3,0.0,7.0
2025-09-12,072770,,1.02,0.5,0.0,0.6
2025-09-15,072770,,1.06,6.2,-0.0,-6.2
2025-09-16,072770,,1.69,-6.0,0.0,6.1
2025-09-17,072770,,1.13,-1.1,0.0,1.0
2025-09-18,072770,,1.02,-3.3,0.0,3.3
2025-09-19,072770,,0.71,-0.5,0.0,0.8
2025-09-22,072770,,0.66,1.5,0.0,-2.0
2025-09-23,072770,,0.82,3.5,0.0,-3.7
2025-09-24,072770,,1.23,0.4,0.0,-0.4
2025-09-25,072770,,1.28,-0.1,0.0,0.1
2025-09-26,072770,,1.27,-2.6,0.0,2.5
2025-09-29,072770,,0.99,-1.1,,1.2
2025-09-30,072770,1050.0,0.86,0.3,,-0.3
2025-10-01,072770,,0.9,0.1,0.0,-0.1
2025-10-02,072770,,0.92,1.7,0.0,-1.7
2025-10-10,072770,,1.13,1.2,0.0,-1.2
2025-10-13,072770,,1.27,-1.5,0.0,1.2
2025-10-14,072770,,1.09,-0.6,0.0,0.5
2025-10-15,072770,,1.01,3.6,-0.0,-3.7
2025-10-16,072770,,1.56,0.1,0.0,-0.0
2025-10-17,072770,,1.58,0.1,0.0,-0.1
2025-10-20,072770,,1.59,-1.2,0.0,1.1
2025-10-21,072770,,1.4,1.3,0.0,-1.2
2025-10-22,072770,,1.61,0.7,0.0,-0.7
2025-10-23,072770,,2.02,-1.2,0.0,1.2
2025-10-24,072770,,1.84,-0.2,0.0,0.1
2025-10-27,072770,,1.81,-0.4,0.1,0.2
2025-10-28,072770,,1.74,1.9,-0.1,-1.8
2025-10-29,072770,,2.05,-0.8,0.0,0.8
2025-10-30,072770,,1.92,-3.8,-0.0,2.0
2025-10-31,072770,1053.0,1.4,-0.7,0.5,2.5
2025-11-03,072770,,1.36,-1.6,0.1,1.6
2025-11-04,072770,,1.16,4.7,0.0,-4.7
2025-11-05,072770,,1.75,-1.5,-0.0,1.5
2025-11-06,072770,,1.55,3.8,-0.0,-3.8
2025-11-07,072770,,1.96,3.8,0.0,-4.9
2025-11-10,072770,,2.33,-1.6,-0.0,1.6
2025-11-11,072770,,2.16,-1.7,0.0,1.1
2025-11-12,072770,,1.97,1.1,0.0,-1.2
2025-11-13,072770,,2.09,2.8,-0.0,-3.1
2025-11-14,072770,,2.4,-1.4,0.0,1.4
2025-11-17,072770,,2.25,-3.6,0.0,3.6
2025-11-18,072770,,1.91,4.8,0.0,-5.0
2025-11-19,072770,,2.39,2.9,-0.1,-3.4
2025-11-20,072770,,2.79,-7.4,0.0,7.4
2025-11-21,072770,,1.85,-0.4,-0.0,0.4
2025-11-24,072770,,1.79,0.0,0.0,-0.0
2025-11-25,072770,,1.79,-0.3,0.0,0.3
2025-11-26,072770,,1.76,-0.5,0.0,0.5
2025-11-27,072770,,1.69,-2.0,-0.0,1.8
2025-11-28,072770,1047.0,1.34,-1.2,0.0,1.2
2025-12-01,072770,,1.2,1.3,-0.0,-0.5
2025-12-02,072770,,1.35,2.2,0.0,-4.5
2025-12-03,072770,,1.65,-3.4,0.0,6.3
2025-12-04,072770,,1.19,3.1,0.0,-3.3
2025-12-05,072770,,1.59,1.0,-0.0,-0.9
2025-12-08,072770,,1.71,-2.3,0.0,2.3
2025-12-09,072770,,1.42,0.6,-0.0,-0.5
2025-12-10,072770,,1.49,0.3,-0.0,-0.3
2025-12-11,072770,,1.53,-1.5,-0.0,1.5
2025-12-12,072770,,1.32,1.9,0.0,-1.9
2025-12-15,072770,,1.58,-2.5,0.0,2.5
2025-12-16,072770,,1.25,1.0,0.0,-1.0
2025-12-17,072770,,1.38,-0.1,0.0,0.1
2025-12-18,072770,,1.37,-0.2,-0.0,0.2
2025-12-19,072770,,1.35,0.6,0.0,-0.6
2025-12-22,072770,,1.42,0.0,-0.0,-0.0
2025-12-23,072770,,1.58,-0.7,0.0,0.7
2025-12-24,072770,,1.5,-0.1,-0.0,0.1
2025-12-26,072770,,1.23,-0.9,0.0,0.9
2025-12-29,072770,,1.09,-0.5,,0.5
2025-12-30,072770,810.0,1.01,1.7,,-1.8
2026-01-02,072770,,1.28,0.6,,-0.5
2026-01-05,072770,,1.37,0.3,0.0,-0.3
2026-01-06,072770,,1.42,-0.6,,0.6
2026-01-07,072770,,1.33,0.2,,-0.2
2026-01-08,072770,,1.37,0.1,,-0.1
2026-01-09,072770,,1.39,1.5,,-1.5
2026-01-12,072770,,1.61,0.7,-0.1,-0.6
2026-01-13,072770,,1.71,-0.9,0.0,0.9
2026-01-14,072770,,1.58,1.1,0.0,-1.1
2026-01-15,072770,,1.73,0.1,0.0,-0.1
2026-01-16,072770,,1.74,-1.8,0.0,1.8
2026-01-19,072770,,1.48,-1.5,,1.6
2026-01-20,072770,,1.24,2.3,0.0,-2.3
2026-01-21,072770,,1.59,0.1,0.0,0.1
2026-01-22,072770,,1.6,0.1,0.0,0.0
2026-01-23,072770,,1.62,0.5,-0.0,-0.4
2026-01-26,072770,,1.7,0.3,0.0,-0.2
2026-01-27,072770,,1.74,-0.9,-0.0,0.3
2026-01-28,072770,,1.63,-3.3,-0.0,3.2
2026-01-29,072770,,1.17,3.4,0.0,-3.1
2026-01-30,072770,903.0,1.69,-1.8,-0.0,1.7
2026-02-02,072770,,1.45,0.7,-0.0,-0.6
2026-02-03,072770,,1.54,-1.1,,1.1
2026-02-04,072770,,1.37,-0.9,-0.0,0.9
2026-02-05,072770,,1.23,0.3,,-0.3
2026-02-06,072770,,1.28,-0.7,,0.7
2026-02-09,072770,,1.15,0.3,,-0.3
2026-02-10,072770,,1.2,-0.3,,0.4
2026-02-11,072770,,1.14,-0.2,,0.2
2026-02-12,072770,,1.12,0.2,,-0.1
2026-02-13,072770,,1.11,-0.9,,0.8
2026-02-19,072770,,0.98,-0.4,,0.4
2026-02-20,072770,,0.92,0.6,,-0.5
2026-02-23,072770,,1.02,-0.1,,0.3
2026-02-24,072770,,1.05,0.6,,-0.5
2026-02-25,072770,,0.99,0.2,,-0.2
2026-02-26,072770,,1.04,0.9,,-0.9
2026-02-27,072770,829.0,1.18,1.2,,-1.2
2026-03-03,072770,,1.36,-0.5,,0.4
2026-03-04,072770,,1.28,0.8,,-0.8
2026-03-05,072770,,1.41,0.2,,-0.8
2026-03-06,072770,,1.45,0.3,,0.2
2026-03-09,072770,,1.51,-0.2,,0.3
2026-03-10,072770,,1.47,-0.5,,0.4
2026-03-11,072770,,1.39,-1.0,,2.9
2026-03-12,072770,,1.23,1.7,,1.1
2026-03-13,072770,,1.51,0.8,,-0.8
2026-03-16,072770,,1.65,0.1,,-0.1
2026-03-17,072770,,1.67,0.7,,-0.7
2026-03-18,072770,,1.81,1.3,,-1.3
2026-03-19,072770,,2.02,-1.2,,1.2
2026-03-20,072770,,1.86,-0.2,,0.3
2026-03-23,072770,,1.83,-0.2,,0.2
2026-03-24,072770,,1.8,-0.0,,0.0
2026-03-25,072770,,1.81,-0.0,,0.0
2026-03-26,072770,,1.8,1.1,,-1.0
2026-03-27,072770,,1.97,-0.8,,0.9
2026-03-30,072770,,1.84,0.0,,-0.1
2026-03-31,072770,725.0,1.85,-0.0,,0.0
2026-04-01,072770,,1.85,1.1,,-1.1
2026-04-02,072770,,2.01,-0.5,,0.5
2026-04-03,072770,,1.93,0.5,,-0.5
2026-04-06,072770,,2.01,0.4,,-0.4
2026-04-07,072770,,2.08,-0.3,,0.3
2026-04-08,072770,,2.03,0.3,,-0.3
2026-04-09,072770,,2.08,1.9,,-2.1
2026-04-10,072770,,2.36,1.9,,-2.0
2026-04-13,072770,,2.63,-0.8,,0.8
2026-04-14,072770,,2.51,-0.7,,0.7
2026-04-15,072770,,2.41,-0.2,,0.2
2026-04-16,072770,,2.38,0.6,,-0.6
2026-04-17,072770,,2.47,-0.2,,0.3
2026-04-20,072770,,2.44,-0.1,,0.2
2026-04-21,072770,,2.42,-1.2,,2.5
2026-04-22,072770,,2.22,-2.5,,2.6
2026-04-23,072770,,1.78,-0.3,,0.3
2026-04-24,072770,,1.72,-0.3,1.0,-0.8
2026-04-27,072770,,1.67,-0.0,1.0,-1.1
2026-04-28,072770,,1.67,,,
2026-04-29,072770,,1.67,,,
2026-04-30,072770,707.0,1.67,,,
2026-05-04,072770,,1.67,,,
2026-05-06,072770,,1.67,,,
2026-05-07,072770,,1.67,,,
2026-05-08,072770,,1.67,,,
2026-05-11,072770,,1.67,,,
2026-05-12,072770,,1.67,,,
2026-05-13,072770,,1.67,,,
2026-05-14,072770,,1.67,,,
2026-05-15,072770,,1.67,,,
2026-05-18,072770,,1.67,,,
2026-05-19,072770,,1.67,,,
2026-05-20,072770,,1.67,,,
2026-05-21,072770,,1.67,,,
2026-05-22,072770,,0.94,-0.7,-0.2,1.1
2026-05-26,072770,,0.82,-1.1,-0.3,1.3
2026-05-27,072770,,0.58,0.9,-0.9,0.1
2026-05-28,072770,,0.83,0.6,0.0,-0.4
2026-05-29,072770,1003.0,0.96,-1.1,-0.0,0.7
2026-06-01,072770,,0.75,-1.4,0.0,1.7
2026-06-02,072770,,0.52,-0.1,0.0,0.1
2026-06-04,072770,,0.58,-0.2,0.0,0.2
2026-06-05,072770,,0.52,0.3,-0.0,-0.3
2026-06-08,072770,,0.59,-0.0,0.0,-0.0
2026-06-09,072770,,0.59,-0.0,0.0,0.0
2026-06-10,072770,,0.58,0.1,-0.0,-0.0
2026-06-11,072770,,0.6,-0.0,-0.0,0.0
2026-06-12,072770,,0.6,-0.0,0.0,-0.0
2026-06-15,072770,,0.6,-0.1,-0.0,0.1
2026-06-16,072770,,0.56,-0.2,0.0,0.2
2026-06-17,072770,,0.54,0.3,-0.0,-0.4
2026-06-18,072770,,0.63,0.1,-0.0,-0.1
2026-06-19,072770,,0.65,0.1,0.0,-0.1
2026-06-22,072770,,0.68,0.2,-0.0,-0.2
2026-06-23,072770,,0.74,0.1,0.0,-0.2
2026-06-24,072770,,0.77,-0.2,0.0,1.0
2026-06-25,072770,,0.69,-0.1,-0.0,0.8
2026-06-26,072770,,0.68,-0.3,0.0,0.4
2026-06-29,072770,,0.56,0.3,-0.0,-0.2
2026-06-30,072770,770.0,0.63,-0.2,0.0,0.2
2026-07-01,072770,,0.58,-0.0,-0.0,0.0
2026-07-02,072770,,0.57,0.3,,-0.3
2026-07-03,072770,,0.65,-0.2,-0.0,0.2
2026-07-06,072770,,0.59,0.2,0.0,-0.2
2026-07-07,072770,,0.66,0.1,-0.0,-0.0
2026-07-08,072770,,0.68,-0.6,0.0,0.6
2026-07-09,072770,,0.49,0.3,0.0,-0.2
2026-07-10,072770,,0.56,0.0,-0.0,-0.0
2026-07-13,072770,714.0,0.58,-0.0,0.0,0.0
2025-07-14,072870,,25.34,0.6,0.0,-0.7
2025-07-15,072870,,25.39,-0.3,-0.0,0.1
2025-07-16,072870,,25.38,-0.4,0.0,0.3
2025-07-17,072870,,25.34,-0.0,-0.0,0.0
2025-07-18,072870,,25.34,-0.0,0.0,-0.0
2025-07-21,072870,,25.34,0.6,-0.0,-0.5
2025-07-22,072870,,25.38,-0.1,0.0,-0.4
2025-07-23,072870,,25.38,-0.9,0.1,-0.2
2025-07-24,072870,,25.31,-0.2,0.0,-0.0
2025-07-25,072870,,25.3,-0.1,-0.0,-0.1
2025-07-28,072870,,25.3,-0.7,-0.0,-0.8
2025-07-29,072870,,25.23,0.1,-0.2,0.1
2025-07-30,072870,,25.23,0.2,-0.1,-0.3
2025-07-31,072870,,25.27,0.1,0.0,-0.1
2025-08-01,072870,,25.27,-0.3,0.0,-0.4
2025-08-04,072870,,25.23,0.1,0.0,-0.4
2025-08-05,072870,,25.25,0.2,0.0,-0.4
2025-08-06,072870,,25.27,0.3,-0.0,-1.4
2025-08-07,072870,,25.28,0.1,-0.0,-0.0
2025-08-08,072870,,25.28,-0.0,0.0,-0.4
2025-08-11,072870,,25.28,-0.5,0.0,0.5
2025-08-12,072870,,25.23,0.2,-0.0,-0.2
2025-08-13,072870,,25.27,-0.3,-0.0,0.2
2025-08-14,072870,,25.23,-0.0,-0.0,0.0
2025-08-18,072870,,25.23,-0.3,0.0,0.3
2025-08-19,072870,,25.2,-0.3,0.0,0.3
2025-08-20,072870,,25.19,0.7,0.0,-0.4
2025-08-21,072870,,25.23,0.5,0.0,-0.6
2025-08-22,072870,,25.3,-0.0,0.0,-0.2
2025-08-25,072870,,25.28,-0.1,0.0,0.0
2025-08-26,072870,,25.3,0.0,-0.0,0.0
2025-08-27,072870,,25.3,-0.2,0.0,0.2
2025-08-28,072870,,25.28,-0.1,-0.0,0.1
2025-08-29,072870,10950.0,25.27,-0.3,-0.0,0.3
2025-09-01,072870,,25.23,0.2,-0.1,0.2
2025-09-02,072870,,25.27,0.0,0.0,-0.1
2025-09-03,072870,,25.27,0.2,-0.3,0.1
2025-09-04,072870,,25.28,0.1,-0.3,0.3
2025-09-05,072870,,25.28,0.1,-0.0,-0.1
2025-09-08,072870,,25.3,-0.0,-0.1,0.1
2025-09-09,072870,,25.3,-0.3,-0.0,0.2
2025-09-10,072870,,25.27,-0.4,-0.3,0.7
2025-09-11,072870,,25.23,0.0,-0.2,0.2
2025-09-12,072870,,25.23,-0.5,0.0,0.5
2025-09-15,072870,,25.06,-0.6,0.0,0.4
2025-09-16,072870,,25.03,-0.1,-0.0,0.0
2025-09-17,072870,,25.02,0.1,-0.0,-0.2
2025-09-18,072870,,25.03,0.0,0.0,-0.0
2025-09-19,072870,,25.03,-0.1,0.2,-0.5
2025-09-22,072870,,25.03,0.0,0.6,-0.6
2025-09-23,072870,,25.06,-0.3,0.2,0.0
2025-09-24,072870,,25.05,-0.3,0.3,0.2
2025-09-25,072870,,25.03,0.1,0.2,-0.3
2025-09-26,072870,,25.02,-0.1,-0.0,0.1
2025-09-29,072870,,25.02,0.6,0.0,-1.2
2025-09-30,072870,11210.0,25.05,0.2,0.0,-0.2
2025-10-01,072870,,25.06,0.0,-0.0,-0.0
2025-10-02,072870,,25.06,0.2,-0.0,-0.0
2025-10-10,072870,,25.08,-0.5,0.2,0.4
2025-10-13,072870,,25.05,0.1,0.3,0.6
2025-10-14,072870,,25.05,-0.0,-0.2,0.2
2025-10-15,072870,,25.05,0.0,0.4,-0.5
2025-10-16,072870,,25.05,-0.2,0.1,0.2
2025-10-17,072870,,25.03,-0.4,-0.3,0.7
2025-10-20,072870,,25.0,-0.1,0.0,0.1
2025-10-21,072870,,24.98,0.2,0.0,-0.3
2025-10-22,072870,,25.02,0.0,0.1,-0.1
2025-10-23,072870,,25.0,-0.0,0.0,0.0
2025-10-24,072870,,25.0,-0.0,-0.0,0.1
2025-10-27,072870,,25.0,-0.1,0.0,0.1
2025-10-28,072870,,24.98,-0.3,0.0,0.3
2025-10-29,072870,,24.97,-0.4,-0.0,0.4
2025-10-30,072870,,24.94,-0.3,0.0,0.2
2025-10-31,072870,11260.0,24.91,-0.3,-0.1,0.4
2025-11-03,072870,,24.89,-0.6,-0.9,1.3
2025-11-04,072870,,24.84,-0.1,-0.0,0.1
2025-11-05,072870,,24.84,-0.2,-0.0,0.2
2025-11-06,072870,,24.83,-0.2,0.0,0.1
2025-11-07,072870,,24.81,-0.0,0.0,0.0
2025-11-10,072870,,24.81,-0.0,-0.0,-0.0
2025-11-11,072870,,24.75,-0.2,-0.0,0.2
2025-11-12,072870,,24.73,0.4,0.0,-0.6
2025-11-13,072870,,24.77,0.2,0.0,-0.2
2025-11-14,072870,,24.78,0.5,0.1,-0.6
2025-11-17,072870,,24.81,-0.1,-0.2,0.3
2025-11-18,072870,,24.83,0.1,-0.1,0.0
2025-11-19,072870,,24.94,0.2,0.0,-0.2
2025-11-20,072870,,24.94,0.2,0.2,-0.7
2025-11-21,072870,,24.95,0.1,-0.2,0.0
2025-11-24,072870,,24.97,0.2,0.0,-0.2
2025-11-25,072870,,24.98,0.2,0.1,-0.6
2025-11-26,072870,,25.0,0.3,-0.1,-0.2
2025-11-27,072870,,25.02,-0.1,-0.1,0.2
2025-11-28,072870,11490.0,25.02,0.2,2.7,-2.9
2025-12-01,072870,,25.02,-0.1,-0.1,0.1
2025-12-02,072870,,25.09,-0.5,0.3,0.2
2025-12-03,072870,,25.06,0.0,0.1,-0.1
2025-12-04,072870,,25.06,-0.3,0.0,0.2
2025-12-05,072870,,25.05,-0.1,0.0,0.5
2025-12-08,072870,,25.05,-0.3,0.2,-0.1
2025-12-09,072870,,25.02,-0.1,0.0,0.1
2025-12-10,072870,,25.02,0.1,0.2,-0.3
2025-12-11,072870,,25.03,0.4,0.0,-0.5
2025-12-12,072870,,25.05,0.1,-0.0,-0.5
2025-12-15,072870,,25.06,0.1,-0.1,-0.5
2025-12-16,072870,,25.06,-3.3,3.0,0.3
2025-12-17,072870,,25.05,-1.5,0.1,1.3
2025-12-18,072870,,24.8,-0.7,-0.0,0.7
2025-12-19,072870,,24.73,-1.4,-0.2,1.6
2025-12-22,072870,,24.64,-2.7,0.1,2.5
2025-12-23,072870,,24.44,-3.6,-0.0,3.4
2025-12-24,072870,,24.19,-1.4,0.1,1.5
2025-12-26,072870,,23.84,-3.3,-0.0,3.6
2025-12-29,072870,,23.61,-6.2,2.7,3.4
2025-12-30,072870,10970.0,23.14,-4.1,0.0,4.2
2026-01-02,072870,,22.81,-1.0,-0.0,1.1
2026-01-05,072870,,22.75,-0.4,-0.0,0.4
2026-01-06,072870,,22.95,-3.8,0.0,3.6
2026-01-07,072870,,22.7,-2.2,-0.0,2.1
2026-01-08,072870,,22.53,-0.3,-0.4,0.7
2026-01-09,072870,,22.5,-0.5,0.0,0.4
2026-01-12,072870,,22.47,-0.3,0.0,0.3
2026-01-13,072870,,22.52,-0.4,0.0,0.4
2026-01-14,072870,,22.48,-0.7,-0.0,1.1
2026-01-15,072870,,22.44,-1.0,0.3,0.7
2026-01-16,072870,,22.34,-1.6,0.2,1.4
2026-01-19,072870,,22.23,-1.2,0.2,0.9
2026-01-20,072870,,22.14,-0.2,0.1,0.1
2026-01-21,072870,,22.12,-2.1,-0.3,2.3
2026-01-22,072870,,21.95,-0.3,0.1,0.1
2026-01-23,072870,,21.94,-3.0,-0.1,3.0
2026-01-26,072870,,21.7,-2.2,-0.0,2.2
2026-01-27,072870,,21.59,-2.2,0.1,1.9
2026-01-28,072870,,21.44,-0.7,-0.1,0.5
2026-01-29,072870,,21.38,-0.7,-0.0,0.7
2026-01-30,072870,11080.0,21.31,-0.5,0.1,0.7
2026-02-02,072870,,21.28,-0.6,-5.0,5.7
2026-02-03,072870,,21.23,-0.3,-0.0,0.3
2026-02-04,072870,,21.2,0.1,-0.0,-0.0
2026-02-05,072870,,21.2,0.6,0.0,-0.8
2026-02-06,072870,,21.27,-0.2,-0.1,0.3
2026-02-09,072870,,21.23,0.1,-0.0,-0.0
2026-02-10,072870,,21.25,-0.1,-0.0,0.1
2026-02-11,072870,,21.23,-0.1,0.0,0.0
2026-02-12,072870,,21.23,0.3,-0.0,-0.3
2026-02-13,072870,,21.27,-1.3,-0.0,1.2
2026-02-19,072870,,21.16,-1.0,0.1,0.9
2026-02-20,072870,,21.09,-0.4,-0.1,0.8
2026-02-23,072870,,21.06,1.0,0.0,-1.3
2026-02-24,072870,,21.12,-1.1,-0.0,1.1
2026-02-25,072870,,21.05,-1.5,0.0,1.8
2026-02-26,072870,,20.94,-2.9,-0.1,2.9
2026-02-27,072870,11510.0,20.73,-2.5,0.0,2.5
2026-03-03,072870,,20.55,-2.4,0.0,2.4
2026-03-04,072870,,20.38,-6.0,0.1,5.9
2026-03-05,072870,,19.91,-2.1,0.1,2.0
2026-03-06,072870,,19.77,-2.6,-0.1,2.7
2026-03-09,072870,,19.56,-2.8,-0.0,2.8
2026-03-10,072870,,19.34,-1.5,-0.0,1.5
2026-03-11,072870,,19.23,-2.1,-0.0,2.1
2026-03-12,072870,,19.33,-3.0,0.0,3.0
2026-03-13,072870,,19.11,1.5,0.1,-3.1
2026-03-16,072870,,19.2,2.5,-0.1,-2.1
2026-03-17,072870,,19.38,0.9,-0.0,-0.6
2026-03-18,072870,,19.44,0.3,-0.1,0.0
2026-03-19,072870,,19.16,-1.2,-0.0,2.0
2026-03-20,072870,,19.08,3.0,0.1,-2.7
2026-03-23,072870,,19.27,0.8,0.3,-0.7
2026-03-24,072870,,19.33,-0.2,-0.2,-1.4
2026-03-25,072870,,19.31,-4.7,0.0,3.0
2026-03-26,072870,,19.02,0.2,-0.2,-0.4
2026-03-27,072870,,19.02,0.1,0.0,-0.1
2026-03-30,072870,,19.03,2.1,-0.0,-2.0
2026-03-31,072870,12110.0,19.17,-0.7,0.0,0.7
2026-04-01,072870,,19.06,0.5,0.0,-0.6
2026-04-02,072870,,19.09,-1.2,-0.0,1.3
2026-04-03,072870,,19.02,-0.3,0.0,0.3
2026-04-06,072870,,18.98,2.1,0.0,-1.9
2026-04-07,072870,,19.12,-0.3,0.0,0.2
2026-04-08,072870,,19.11,-1.9,-0.1,2.3
2026-04-09,072870,,18.98,-0.3,0.0,0.2
2026-04-10,072870,,18.95,0.3,-0.0,-0.3
2026-04-13,072870,,18.98,-0.1,-0.0,0.2
2026-04-14,072870,,18.98,2.2,-0.0,-1.5
2026-04-15,072870,,19.12,-2.0,0.0,3.7
2026-04-16,072870,,18.98,-0.6,-0.0,0.6
2026-04-17,072870,,18.95,0.3,-0.0,-0.0
2026-04-20,072870,,18.97,0.5,0.0,-0.5
2026-04-21,072870,,19.02,1.5,-0.2,-1.3
2026-04-22,072870,,19.09,-2.0,0.2,1.8
2026-04-23,072870,,18.97,-0.9,-0.2,1.1
2026-04-24,072870,,18.92,-0.5,-0.0,0.5
2026-04-27,072870,,18.89,-0.6,0.0,0.6
2026-04-28,072870,,18.84,1.1,-0.0,-1.0
2026-04-29,072870,,18.91,0.1,-0.0,-0.1
2026-04-30,072870,13520.0,18.92,-0.1,-0.0,0.2
2026-05-04,072870,,18.91,-1.6,0.0,1.6
2026-05-06,072870,,18.81,-2.4,0.0,2.4
2026-05-07,072870,,18.66,0.4,-0.0,-0.3
2026-05-08,072870,,18.69,0.6,-0.0,-0.6
2026-05-11,072870,,18.72,0.6,-0.1,-0.7
2026-05-12,072870,,18.77,0.3,-0.2,-0.0
2026-05-13,072870,,18.78,-0.2,-0.0,0.2
2026-05-14,072870,,18.77,0.8,-0.3,-0.6
2026-05-15,072870,,18.81,1.3,0.0,-1.4
2026-05-18,072870,,18.73,0.1,-0.0,-0.1
2026-05-19,072870,,18.67,0.1,0.1,-0.2
2026-05-20,072870,,18.75,-0.4,-0.1,0.4
2026-05-21,072870,,18.78,-0.9,-0.0,0.9
2026-05-22,072870,,18.73,0.2,-0.1,-0.2
2026-05-26,072870,,18.73,-1.6,-0.0,1.6
2026-05-27,072870,,18.62,-0.8,-0.0,0.5
2026-05-28,072870,,18.58,-0.6,-0.0,0.4
2026-05-29,072870,12440.0,18.55,0.0,0.1,-0.2
2026-06-01,072870,,18.55,-0.5,-0.1,1.0
2026-06-02,072870,,18.52,1.2,-0.1,-1.2
2026-06-04,072870,,18.59,-0.3,-0.0,0.4
2026-06-05,072870,,18.8,-0.2,0.0,0.3
2026-06-08,072870,,18.8,-1.1,-0.0,0.5
2026-06-09,072870,,18.7,2.9,0.1,-2.8
2026-06-10,072870,,18.91,-0.3,-0.1,0.3
2026-06-11,072870,,18.89,0.0,-0.0,0.1
2026-06-12,072870,,18.69,1.5,-0.0,-1.5
2026-06-15,072870,,18.77,-1.5,0.0,1.4
2026-06-16,072870,,18.69,0.7,-0.0,-0.7
2026-06-17,072870,,18.72,0.7,0.1,-1.1
2026-06-18,072870,,18.77,-0.2,-0.1,0.3
2026-06-19,072870,,18.77,-1.0,-0.0,1.0
2026-06-22,072870,,18.69,-0.1,-0.0,0.2
2026-06-23,072870,,18.69,0.1,0.2,-0.4
2026-06-24,072870,,18.69,-1.0,0.2,0.8
2026-06-25,072870,,18.62,-0.1,-0.3,0.1
2026-06-26,072870,,18.78,-0.4,-0.2,0.5
2026-06-29,072870,,18.61,1.7,-0.0,-1.7
2026-06-30,072870,13300.0,18.72,-6.1,0.1,6.0
2026-07-01,072870,,18.33,0.4,-0.1,-0.3
2026-07-02,072870,,18.36,0.7,-0.0,-0.7
2026-07-03,072870,,18.41,-0.2,0.1,0.2
2026-07-06,072870,,18.39,-0.6,-0.2,0.9
2026-07-07,072870,,18.34,0.3,-0.0,-0.3
2026-07-08,072870,,18.38,0.9,0.6,-1.5
2026-07-09,072870,,18.44,-1.1,0.1,1.0
2026-07-10,072870,,18.36,3.5,-0.7,-2.1
2026-07-13,072870,13100.0,18.58,-0.9,0.1,0.5
2025-07-14,072950,,3.11,-0.0,,0.0
2025-07-15,072950,,3.1,0.1,0.1,-0.1
2025-07-16,072950,,3.12,-0.0,0.0,-0.0
2025-07-17,072950,,3.11,-0.1,0.0,0.1
2025-07-18,072950,,3.08,0.3,0.0,-0.3
2025-07-21,072950,,3.16,-0.1,0.0,0.1
2025-07-22,072950,,3.13,-0.1,,0.1
2025-07-23,072950,,3.11,-0.0,,0.0
2025-07-24,072950,,3.1,0.1,,-0.2
2025-07-25,072950,,3.13,0.1,,-0.1
2025-07-28,072950,,3.16,-0.1,,-0.0
2025-07-29,072950,,3.14,0.1,,-0.1
2025-07-30,072950,,3.16,0.3,,-0.3
2025-07-31,072950,,3.22,0.6,,-1.2
2025-08-01,072950,,3.37,0.2,,-0.3
2025-08-04,072950,,3.41,0.1,,-0.1
2025-08-05,072950,,3.43,-0.1,,0.2
2025-08-06,072950,,3.41,-0.0,,0.0
2025-08-07,072950,,3.41,-0.1,,0.1
2025-08-08,072950,,3.39,0.0,,-0.0
2025-08-11,072950,,3.4,-0.0,,0.0
2025-08-12,072950,,3.4,-0.3,-0.1,-0.8
2025-08-13,072950,,3.35,0.9,,-0.9
2025-08-14,072950,,3.55,0.7,,-0.7
2025-08-18,072950,,3.71,0.3,,-0.3
2025-08-19,072950,,3.78,-0.1,,0.8
2025-08-20,072950,,3.76,0.2,0.1,-0.3
2025-08-21,072950,,3.81,0.3,0.1,-0.3
2025-08-22,072950,,3.87,0.2,,-0.2
2025-08-25,072950,,3.92,0.4,,-0.4
2025-08-26,072950,,4.12,0.8,,-0.7
2025-08-27,072950,,4.37,-0.2,,0.2
2025-08-28,072950,,4.33,-0.1,,0.1
2025-08-29,072950,5420.0,4.3,0.3,,-0.4
2025-09-01,072950,,4.42,0.2,,-0.3
2025-09-02,072950,,4.38,0.1,,-0.1
2025-09-03,072950,,4.37,0.0,,0.1
2025-09-04,072950,,4.38,0.1,,-0.1
2025-09-05,072950,,4.42,-0.1,,0.1
2025-09-08,072950,,4.39,-0.2,,0.2
2025-09-09,072950,,4.35,0.1,0.0,-0.1
2025-09-10,072950,,4.36,0.1,0.0,-0.1
2025-09-11,072950,,4.38,-0.1,0.1,-0.1
2025-09-12,072950,,4.37,0.1,0.0,-0.2
2025-09-15,072950,,4.4,-0.2,0.0,0.2
2025-09-16,072950,,4.35,0.3,0.1,-0.1
2025-09-17,072950,,4.41,0.0,0.0,0.0
2025-09-18,072950,,4.42,0.3,-0.1,0.1
2025-09-19,072950,,4.49,-0.4,0.0,0.6
2025-09-22,072950,,4.39,-4.6,0.0,4.8
2025-09-23,072950,,3.4,1.3,-0.2,-0.9
2025-09-24,072950,,3.71,0.5,-0.2,-0.2
2025-09-25,072950,,3.82,1.2,-0.2,-0.9
2025-09-26,072950,,4.12,-0.2,-0.2,0.2
2025-09-29,072950,,4.08,0.7,-0.2,-0.5
2025-09-30,072950,5260.0,4.24,0.5,-0.0,-0.5
2025-10-01,072950,,4.37,0.9,,-0.9
2025-10-02,072950,,4.59,2.7,-0.3,-2.5
2025-10-10,072950,,5.27,0.7,0.0,-0.6
2025-10-13,072950,,5.43,0.3,,-0.2
2025-10-14,072950,,5.5,-0.3,,0.3
2025-10-15,072950,,5.43,-0.1,,0.1
2025-10-16,072950,,5.41,-0.7,,0.7
2025-10-17,072950,,5.25,0.2,,-0.2
2025-10-20,072950,,5.3,-0.0,,0.0
2025-10-21,072950,,5.3,0.0,-0.0,0.1
2025-10-22,072950,,5.3,-0.7,,0.7
2025-10-23,072950,,5.11,0.1,,-0.1
2025-10-24,072950,,5.12,-0.4,,0.4
2025-10-27,072950,,5.02,0.4,,-0.4
2025-10-28,072950,,5.1,0.1,-0.0,-0.1
2025-10-29,072950,,5.13,0.1,,-0.1
2025-10-30,072950,,5.16,-0.2,,0.2
2025-10-31,072950,4890.0,5.1,-0.9,,0.9
2025-11-03,072950,,4.87,0.4,,-0.4
2025-11-04,072950,,4.97,0.1,-0.1,0.0
2025-11-05,072950,,4.98,-0.2,,0.2
2025-11-06,072950,,4.93,0.2,,-0.2
2025-11-07,072950,,4.99,-0.2,,0.2
2025-11-10,072950,,4.93,-0.1,,0.1
2025-11-11,072950,,4.91,0.5,,-0.5
2025-11-12,072950,,5.03,-0.1,,0.1
2025-11-13,072950,,5.0,-0.0,,0.0
2025-11-14,072950,,4.99,1.9,,-1.9
2025-11-17,072950,,5.44,3.5,0.4,-3.9
2025-11-18,072950,,6.19,-5.1,3.4,1.9
2025-11-19,072950,,5.43,3.0,,-3.2
2025-11-20,072950,,6.02,6.7,0.0,-7.1
2025-11-21,072950,,7.42,1.0,,-1.1
2025-11-24,072950,,7.64,1.0,0.0,-1.1
2025-11-25,072950,,7.84,-0.1,,0.1
2025-11-26,072950,,7.8,-0.3,,0.3
2025-11-27,072950,,7.73,0.8,,-0.8
2025-11-28,072950,5790.0,7.9,0.8,,-0.8
2025-12-01,072950,,8.07,1.0,,-1.0
2025-12-02,072950,,8.28,-0.4,,0.4
2025-12-03,072950,,8.2,-0.4,,0.4
2025-12-04,072950,,8.11,0.2,,-0.2
2025-12-05,072950,,8.16,2.5,0.0,-2.3
2025-12-08,072950,,8.73,-0.5,,0.5
2025-12-09,072950,,8.61,-0.2,,0.2
2025-12-10,072950,,8.56,-0.2,,0.0
2025-12-11,072950,,8.52,0.2,,-0.3
2025-12-12,072950,,8.57,-0.4,,0.2
2025-12-15,072950,,8.49,0.8,,-0.9
2025-12-16,072950,,8.66,-0.9,,0.9
2025-12-17,072950,,8.64,-0.1,,0.1
2025-12-18,072950,,8.62,0.1,,-0.4
2025-12-19,072950,,8.66,0.6,,-0.8
2025-12-22,072950,,8.8,-0.2,,0.0
2025-12-23,072950,,8.76,-0.6,0.1,0.4
2025-12-24,072950,,8.62,-0.4,,0.2
2025-12-26,072950,,8.53,-0.6,,0.3
2025-12-29,072950,,8.21,0.3,-0.0,-0.3
2025-12-30,072950,5280.0,8.29,-0.1,,0.0
2026-01-02,072950,,8.27,0.1,0.0,-0.2
2026-01-05,072950,,8.29,-0.8,-0.0,0.7
2026-01-06,072950,,8.11,-0.3,0.0,0.3
2026-01-07,072950,,8.04,-0.0,-0.0,-0.0
2026-01-08,072950,,8.03,0.5,0.0,-0.5
2026-01-09,072950,,8.14,1.8,-0.1,-1.7
2026-01-12,072950,,8.52,-3.2,0.0,3.2
2026-01-13,072950,,7.85,-2.3,0.0,2.1
2026-01-14,072950,,7.37,0.7,-0.0,-0.6
2026-01-15,072950,,7.51,0.4,-0.0,-0.4
2026-01-16,072950,,7.59,0.2,-0.0,-0.2
2026-01-19,072950,,7.64,0.9,-0.1,-0.8
2026-01-20,072950,,7.83,-0.5,0.0,0.5
2026-01-21,072950,,7.72,-0.4,0.0,0.4
2026-01-22,072950,,7.63,-0.3,-0.0,0.3
2026-01-23,072950,,7.56,-0.1,0.0,0.1
2026-01-26,072950,,7.54,-0.1,-0.0,0.1
2026-01-27,072950,,7.51,-0.1,0.0,0.0
2026-01-28,072950,,7.5,-0.0,-0.0,0.0
2026-01-29,072950,,7.49,0.2,0.0,-0.4
2026-01-30,072950,5590.0,7.54,-0.7,0.2,1.0
2026-02-02,072950,,7.39,-0.4,0.0,0.4
2026-02-03,072950,,7.29,-0.2,0.3,-0.1
2026-02-04,072950,,7.26,0.3,0.3,-0.6
2026-02-05,072950,,7.33,0.1,-0.0,-0.1
2026-02-06,072950,,7.36,-0.9,0.3,0.6
2026-02-09,072950,,7.15,1.9,1.3,-3.2
2026-02-10,072950,,7.57,-0.6,-0.2,0.9
2026-02-11,072950,,7.45,0.2,-0.2,0.0
2026-02-12,072950,,7.48,0.8,-0.0,-0.8
2026-02-13,072950,,7.64,-0.5,-0.3,0.4
2026-02-19,072950,,7.62,2.6,-0.0,-2.8
2026-02-20,072950,,8.12,0.4,-0.7,0.6
2026-02-23,072950,,8.2,0.3,-0.0,-0.3
2026-02-24,072950,,8.25,2.7,2.0,-4.5
2026-02-25,072950,,8.74,-4.7,-0.5,5.3
2026-02-26,072950,,7.89,1.2,-1.2,-0.1
2026-02-27,072950,6360.0,8.12,0.3,-0.0,-1.2
2026-03-03,072950,,8.17,0.9,0.3,-1.3
2026-03-04,072950,,8.35,0.4,1.8,-2.3
2026-03-05,072950,,8.44,2.6,-0.2,-2.3
2026-03-06,072950,,8.96,0.9,0.7,-1.5
2026-03-09,072950,,9.15,-1.8,0.4,1.3
2026-03-10,072950,,8.8,-0.1,0.9,-0.7
2026-03-11,072950,,8.78,-2.5,0.0,2.0
2026-03-12,072950,,8.46,-6.0,1.0,5.2
2026-03-13,072950,,7.71,-2.5,1.0,1.4
2026-03-16,072950,,7.29,-4.0,-0.3,4.2
2026-03-17,072950,,6.66,-2.1,-0.0,2.1
2026-03-18,072950,,6.32,2.2,-0.2,-2.0
2026-03-19,072950,,6.69,1.7,-0.2,-1.5
2026-03-20,072950,,7.0,0.2,-0.0,-0.2
2026-03-23,072950,,7.04,-0.7,-0.1,0.8
2026-03-24,072950,,6.93,-7.3,-1.0,8.4
2026-03-25,072950,,5.88,-4.1,0.0,4.2
2026-03-26,072950,,5.37,-0.0,0.0,0.1
2026-03-27,072950,,5.41,-2.1,-0.0,2.2
2026-03-30,072950,,5.0,1.4,-0.3,-1.0
2026-03-31,072950,6700.0,5.25,0.1,0.0,-0.1
2026-04-01,072950,,5.3,8.4,0.7,-9.1
2026-04-02,072950,,6.68,-0.7,0.0,0.7
2026-04-03,072950,,6.44,0.6,0.0,-0.6
2026-04-06,072950,,6.45,-2.0,-0.7,2.5
2026-04-07,072950,,6.13,0.6,-0.8,0.2
2026-04-08,072950,,6.25,0.1,-1.7,1.0
2026-04-09,072950,,6.44,-11.5,0.0,12.5
2026-04-10,072950,,4.67,2.8,-0.2,-2.6
2026-04-13,072950,,5.08,1.0,-5.6,5.3
2026-04-14,072950,,5.17,7.0,-0.1,-10.1
2026-04-15,072950,,5.68,-11.4,-2.2,17.9
2026-04-16,072950,,5.31,-2.3,-14.5,20.2
2026-04-17,072950,,5.31,-21.6,,24.7
2026-04-20,072950,,3.58,-2.5,-0.0,2.5
2026-04-21,072950,,3.41,-2.7,0.0,4.9
2026-04-22,072950,,3.17,-0.1,,-0.3
2026-04-23,072950,,3.17,5.3,,-7.0
2026-04-24,072950,,3.71,-8.3,,7.9
2026-04-27,072950,,2.91,-0.5,,-0.3
2026-04-28,072950,,2.86,-2.0,0.0,3.7
2026-04-29,072950,,2.68,-1.7,-0.1,2.2
2026-04-30,072950,12110.0,2.51,-5.3,-0.1,4.5
2026-05-04,072950,,1.99,-6.6,0.0,7.8
2026-05-06,072950,,1.45,-0.0,-0.0,0.1
2026-05-07,072950,,1.48,17.2,-0.0,-25.0
2026-05-08,072950,,3.05,-6.8,0.0,9.2
2026-05-11,072950,,2.62,-23.8,0.0,23.8
2026-05-12,072950,,1.21,-16.2,0.0,16.1
2026-05-13,072950,,0.14,2.3,0.0,-2.3
2026-05-14,072950,,0.6,12.9,-0.0,-13.0
2026-05-15,072950,,1.68,-11.6,0.0,11.2
2026-05-18,072950,,0.75,3.1,0.3,-3.5
2026-05-19,072950,,1.06,6.7,-0.0,-7.7
2026-05-20,072950,,1.7,-10.4,0.0,12.4
2026-05-21,072950,,1.0,-4.8,-0.0,4.8
2026-05-22,072950,,0.6,13.8,-0.0,-14.8
2026-05-26,072950,,1.73,8.8,0.0,-14.4
2026-05-27,072950,,2.42,-14.6,0.0,19.5
2026-05-28,072950,,1.17,-0.4,0.0,0.1
2026-05-29,072950,12030.0,1.26,-4.1,-0.0,4.8
2026-06-01,072950,,0.86,7.6,0.0,-8.0
2026-06-02,072950,,1.71,4.9,0.2,-5.6
2026-06-04,072950,,2.25,-8.0,0.0,8.4
2026-06-05,072950,,1.41,4.6,0.0,-4.4
2026-06-08,072950,,1.96,5.4,0.0,-5.1
2026-06-09,072950,,2.63,0.5,0.0,-0.8
2026-06-10,072950,,2.71,-2.9,0.0,3.4
2026-06-11,072950,,2.36,0.5,0.0,-0.5
2026-06-12,072950,,2.43,1.8,-0.0,-2.3
2026-06-15,072950,,2.64,-3.4,0.0,3.5
2026-06-16,072950,,2.24,0.6,-0.0,0.2
2026-06-17,072950,,1.95,0.1,0.1,-0.3
2026-06-18,072950,,2.12,-0.5,0.0,0.7
2026-06-19,072950,,2.07,3.5,0.4,-3.3
2026-06-22,072950,,2.53,4.2,0.0,-4.5
2026-06-23,072950,,3.1,4.3,0.0,-4.5
2026-06-24,072950,,3.73,1.7,0.0,-1.6
2026-06-25,072950,,4.0,1.4,0.0,-1.0
2026-06-26,072950,,4.23,4.2,0.0,-4.2
2026-06-29,072950,,4.92,1.0,-0.0,-0.9
2026-06-30,072950,7970.0,5.08,-1.4,-0.0,1.3
2026-07-01,072950,,4.87,0.3,0.6,-1.6
2026-07-02,072950,,4.92,-0.9,-0.2,1.8
2026-07-03,072950,,4.78,-0.1,-0.1,0.3
2026-07-06,072950,,4.77,-0.3,-0.0,0.3
2026-07-07,072950,,4.72,0.4,0.0,-0.4
2026-07-08,072950,,4.79,0.9,0.3,-1.1
2026-07-09,072950,,5.01,1.1,0.0,-1.1
2026-07-10,072950,,5.2,-4.1,-0.6,4.6
2026-07-13,072950,7260.0,4.62,0.6,-0.2,-0.3
2025-07-14,072990,,7.86,0.0,,-0.3
2025-07-15,072990,,7.86,-0.6,,0.0
2025-07-16,072990,,7.78,-0.8,-0.2,0.7
2025-07-17,072990,,7.66,0.5,,-0.6
2025-07-18,072990,,7.72,-0.5,,0.4
2025-07-21,072990,,7.64,0.1,,-0.1
2025-07-22,072990,,7.66,0.4,,-0.8
2025-07-23,072990,,7.71,-0.2,,0.1
2025-07-24,072990,,7.68,0.0,,-0.1
2025-07-25,072990,,7.69,0.0,,-0.0
2025-07-28,072990,,7.69,-3.0,-0.3,4.0
2025-07-29,072990,,7.29,0.7,14.4,-8.0
2025-07-30,072990,,7.5,4.9,1.0,-5.5
2025-07-31,072990,,8.07,1.7,5.2,-7.0
2025-08-01,072990,,8.27,1.3,,-2.7
2025-08-04,072990,,8.43,0.7,2.5,-3.8
2025-08-05,072990,,8.51,0.7,0.7,-1.6
2025-08-06,072990,,8.6,0.9,0.2,-0.9
2025-08-07,072990,,8.71,-0.8,0.0,0.5
2025-08-08,072990,,8.62,-0.1,0.2,-0.5
2025-08-11,072990,,8.61,-0.1,0.0,0.1
2025-08-12,072990,,8.6,0.0,-0.3,0.2
2025-08-13,072990,,8.6,-0.3,,0.1
2025-08-14,072990,,8.56,-0.6,,0.2
2025-08-18,072990,,8.48,-0.8,0.0,-0.3
2025-08-19,072990,,8.38,0.5,-0.0,-0.7
2025-08-20,072990,,8.45,-0.3,,0.1
2025-08-21,072990,,8.41,0.1,,-0.1
2025-08-22,072990,,8.42,-0.5,,0.0
2025-08-25,072990,,8.36,0.1,,-0.2
2025-08-26,072990,,8.37,0.3,,-0.4
2025-08-27,072990,,8.41,0.0,,-0.1
2025-08-28,072990,,8.42,0.4,,-0.5
2025-08-29,072990,10520.0,8.47,0.1,,-0.1
2025-09-01,072990,,8.48,0.8,0.0,-0.8
2025-09-02,072990,,8.58,0.4,,-0.5
2025-09-03,072990,,8.63,-0.3,,0.0
2025-09-04,072990,,8.59,-0.0,0.0,1.0
2025-09-05,072990,,8.59,0.1,,-0.2
2025-09-08,072990,,8.61,-0.2,-0.0,0.2
2025-09-09,072990,,8.59,0.7,0.0,-1.0
2025-09-10,072990,,8.68,-1.1,-0.0,1.1
2025-09-11,072990,,8.54,0.6,,-0.5
2025-09-12,072990,,8.61,0.5,-0.0,-0.2
2025-09-15,072990,,8.67,1.1,0.0,-1.7
2025-09-16,072990,,8.79,0.3,,-0.3
2025-09-17,072990,,8.83,0.4,,-0.4
2025-09-18,072990,,8.87,-1.0,,1.0
2025-09-19,072990,,8.76,0.2,,-0.4
2025-09-22,072990,,8.78,0.1,,-0.1
2025-09-23,072990,,8.8,0.4,0.0,-0.6
2025-09-24,072990,,8.85,2.2,-0.0,-2.1
2025-09-25,072990,,9.1,1.6,0.0,-1.4
2025-09-26,072990,,9.28,-0.4,0.2,0.0
2025-09-29,072990,,9.23,0.3,-1.0,1.9
2025-09-30,072990,11880.0,9.26,-0.6,0.1,0.7
2025-10-01,072990,,9.2,1.0,0.9,-0.2
2025-10-02,072990,,9.31,0.7,0.0,0.5
2025-10-10,072990,,9.39,-0.9,0.1,0.8
2025-10-13,072990,,9.29,-0.9,0.1,1.0
2025-10-14,072990,,9.19,-0.3,0.1,0.1
2025-10-15,072990,,9.17,0.5,,-0.5
2025-10-16,072990,,9.22,-0.6,0.0,0.5
2025-10-17,072990,,9.16,-0.8,0.1,0.7
2025-10-20,072990,,9.07,-0.0,,0.1
2025-10-21,072990,,9.06,-0.2,,0.1
2025-10-22,072990,,9.04,1.3,0.0,-1.3
2025-10-23,072990,,9.19,-0.1,0.0,0.1
2025-10-24,072990,,9.18,0.3,0.0,-0.4
2025-10-27,072990,,9.22,1.2,0.0,-1.2
2025-10-28,072990,,9.36,1.0,,-1.0
2025-10-29,072990,,9.48,-0.1,0.0,0.1
2025-10-30,072990,,9.47,-0.4,-0.2,0.6
2025-10-31,072990,11150.0,9.42,1.0,,-0.8
2025-11-03,072990,,9.54,-0.5,,0.5
2025-11-04,072990,,9.48,0.7,,-0.7
2025-11-05,072990,,9.57,-1.0,-0.0,1.0
2025-11-06,072990,,9.44,0.2,,-0.2
2025-11-07,072990,,9.46,0.2,0.0,0.0
2025-11-10,072990,,9.48,3.4,0.4,-3.6
2025-11-11,072990,,9.75,0.3,0.0,-0.3
2025-11-12,072990,,9.78,-1.6,-0.7,2.9
2025-11-13,072990,,9.69,4.5,-0.0,-3.0
2025-11-14,072990,,10.14,2.2,0.3,-1.0
2025-11-17,072990,,10.36,3.2,0.0,-2.9
2025-11-18,072990,,10.69,2.6,-0.0,-1.5
2025-11-19,072990,,10.94,0.0,-0.0,0.9
2025-11-20,072990,,10.95,-1.1,,1.6
2025-11-21,072990,,10.83,1.5,,-1.5
2025-11-24,072990,,10.99,-0.7,-0.3,1.1
2025-11-25,072990,,10.92,0.7,-0.1,-0.7
2025-11-26,072990,,10.98,-3.7,-0.0,3.6
2025-11-27,072990,,10.15,-1.2,0.0,2.0
2025-11-28,072990,6070.0,9.88,0.4,0.2,-0.6
2025-12-01,072990,,9.97,-0.5,,1.0
2025-12-02,072990,,9.88,-0.4,-0.1,1.0
2025-12-03,072990,,9.8,-1.0,,1.2
2025-12-04,072990,,9.58,-0.4,,0.5
2025-12-05,072990,,9.51,0.2,0.0,-0.2
2025-12-08,072990,,9.57,-1.1,0.0,1.2
2025-12-09,072990,,9.33,-0.7,0.0,0.7
2025-12-10,072990,,9.17,-0.2,,0.2
2025-12-11,072990,,9.53,-0.6,0.2,0.5
2025-12-12,072990,,9.39,0.3,0.2,-0.5
2025-12-15,072990,,9.46,-0.8,0.4,0.4
2025-12-16,072990,,10.46,-0.9,0.1,1.3
2025-12-17,072990,,10.35,0.3,,0.6
2025-12-18,072990,,10.38,-0.0,0.1,0.4
2025-12-19,072990,,10.38,0.4,0.0,0.2
2025-12-22,072990,,10.43,0.5,,-0.5
2025-12-23,072990,,10.48,0.2,0.0,-0.2
2025-12-24,072990,,10.53,0.1,0.5,-0.6
2025-12-26,072990,,10.32,-0.5,,0.8
2025-12-29,072990,,10.26,-1.0,,1.0
2025-12-30,072990,5640.0,10.13,0.4,0.1,-0.2
2026-01-02,072990,,10.19,0.8,0.1,-0.9
2026-01-05,072990,,10.28,0.5,,-0.5
2026-01-06,072990,,10.34,-0.4,0.1,0.2
2026-01-07,072990,,10.3,-0.5,,0.5
2026-01-08,072990,,10.43,0.0,-0.0,0.1
2026-01-09,072990,,10.43,2.3,,-1.9
2026-01-12,072990,,10.71,-0.6,,0.6
2026-01-13,072990,,10.6,-0.2,,0.6
2026-01-14,072990,,10.58,0.0,,-0.0
2026-01-15,072990,,10.58,-0.3,,0.3
2026-01-16,072990,,10.54,-0.1,,0.1
2026-01-19,072990,,10.53,-0.1,,0.1
2026-01-20,072990,,10.52,0.2,,-0.1
2026-01-21,072990,,10.55,-0.0,0.6,-0.7
2026-01-22,072990,,10.55,-0.3,-0.5,0.7
2026-01-23,072990,,10.52,0.1,,-0.3
2026-01-26,072990,,10.53,-0.3,,0.3
2026-01-27,072990,,10.49,0.9,-0.2,-0.7
2026-01-28,072990,,10.59,-0.1,0.4,-0.3
2026-01-29,072990,,10.57,0.0,,-0.0
2026-01-30,072990,6140.0,10.58,-2.0,-0.7,2.6
2026-02-02,072990,,10.35,-2.3,0.0,2.1
2026-02-03,072990,,10.08,0.5,,-0.5
2026-02-04,072990,,10.15,2.7,,-2.7
2026-02-05,072990,,10.46,-1.9,-0.4,2.3
2026-02-06,072990,,10.24,-0.4,-0.4,0.8
2026-02-09,072990,,10.19,1.6,,-1.6
2026-02-10,072990,,10.37,-0.2,-0.0,0.2
2026-02-11,072990,,10.35,-0.8,-0.2,0.9
2026-02-12,072990,,10.27,0.3,,-0.3
2026-02-13,072990,,10.3,0.6,-0.2,-0.2
2026-02-19,072990,,10.37,2.5,-0.2,-1.2
2026-02-20,072990,,10.65,-0.8,-0.2,1.1
2026-02-23,072990,,10.56,-0.1,-0.0,0.1
2026-02-24,072990,,10.55,0.3,-0.1,-0.3
2026-02-25,072990,,10.59,-0.5,-0.1,0.6
2026-02-26,072990,,10.53,1.8,0.1,-1.8
2026-02-27,072990,5960.0,10.73,-0.6,-0.0,0.8
2026-03-03,072990,,10.67,-0.2,,0.2
2026-03-04,072990,,10.65,-0.7,0.0,1.0
2026-03-05,072990,,10.56,0.6,-1.0,0.4
2026-03-06,072990,,10.63,0.8,,-0.8
2026-03-09,072990,,10.74,0.2,-0.6,0.5
2026-03-10,072990,,10.76,-0.7,,0.7
2026-03-11,072990,,10.66,-2.4,-1.5,3.9
2026-03-12,072990,,10.32,0.6,-0.0,-0.7
2026-03-13,072990,,10.42,1.7,-1.4,-0.3
2026-03-16,072990,,10.66,0.2,-1.2,1.4
2026-03-17,072990,,10.69,1.8,-4.6,2.7
2026-03-18,072990,,10.95,0.6,-1.4,0.8
2026-03-19,072990,,11.03,-0.3,,0.3
2026-03-20,072990,,10.99,-0.1,,0.1
2026-03-23,072990,,10.97,-1.9,0.0,1.9
2026-03-24,072990,,10.68,-0.4,-0.9,1.3
2026-03-25,072990,,10.62,1.8,-4.4,2.6
2026-03-26,072990,,10.89,-0.9,-1.8,2.8
2026-03-27,072990,,10.75,0.4,-0.7,0.3
2026-03-30,072990,,10.82,0.3,-2.5,2.1
2026-03-31,072990,4275.0,10.87,1.0,-4.3,3.2
2026-04-01,072990,,11.04,4.6,-5.8,1.2
2026-04-02,072990,,11.77,-0.8,-0.0,0.8
2026-04-03,072990,,11.63,0.2,,-0.2
2026-04-06,072990,,11.67,-0.2,,0.2
2026-04-07,072990,,11.64,-0.4,-0.0,0.5
2026-04-08,072990,,11.57,-1.0,-0.4,1.4
2026-04-09,072990,,11.41,-1.4,,1.4
2026-04-10,072990,,11.19,-2.1,0.0,3.1
2026-04-13,072990,,11.0,-0.7,,0.7
2026-04-14,072990,,10.91,2.7,,-2.1
2026-04-15,072990,,11.27,1.4,-0.0,-1.4
2026-04-16,072990,,11.46,-1.4,-0.0,1.4
2026-04-17,072990,,11.28,0.2,,-0.2
2026-04-20,072990,,11.31,-0.2,-0.2,0.4
2026-04-21,072990,,11.28,-0.6,-0.0,0.6
2026-04-22,072990,,11.2,-0.8,-0.4,1.2
2026-04-23,072990,,11.1,0.1,,0.1
2026-04-24,072990,,11.11,0.0,-0.7,0.7
2026-04-27,072990,,11.12,-0.3,-0.6,1.4
2026-04-28,072990,,11.08,-0.8,-0.0,0.7
2026-04-29,072990,,10.97,-0.2,-0.2,0.5
2026-04-30,072990,4705.0,10.93,-1.4,-0.0,1.4
2026-05-04,072990,,10.73,-0.1,-0.0,0.2
2026-05-06,072990,,10.73,-2.8,-0.0,2.3
2026-05-07,072990,,10.32,0.2,0.0,-0.4
2026-05-08,072990,,10.35,-0.0,-0.0,0.2
2026-05-11,072990,,10.35,0.1,-0.0,-0.3
2026-05-12,072990,,10.36,-0.8,-0.0,0.6
2026-05-13,072990,,10.24,0.1,-0.0,-0.2
2026-05-14,072990,,10.25,0.0,-0.0,-0.1
2026-05-15,072990,,10.25,0.9,-0.0,-1.3
2026-05-18,072990,,10.21,-1.0,-0.0,0.8
2026-05-19,072990,,10.06,0.1,0.0,-0.2
2026-05-20,072990,,10.07,0.7,-0.0,-0.7
2026-05-21,072990,,10.28,-4.2,-0.1,4.4
2026-05-22,072990,,9.56,1.2,-0.1,-1.1
2026-05-26,072990,,9.76,0.4,0.0,-0.4
2026-05-27,072990,,9.82,-0.4,-0.0,0.3
2026-05-28,072990,,9.75,-0.7,-0.0,0.8
2026-05-29,072990,4000.0,9.62,-0.8,-0.0,0.6
2026-06-01,072990,,9.49,-0.6,-0.0,0.6
2026-06-02,072990,,9.37,0.3,0.0,-0.3
2026-06-04,072990,,9.42,0.1,-0.0,-0.1
2026-06-05,072990,,9.44,-0.2,-0.0,0.2
2026-06-08,072990,,9.4,-0.5,-0.0,0.5
2026-06-09,072990,,9.3,0.0,-0.0,-0.0
2026-06-10,072990,,9.3,-0.1,-0.0,0.1
2026-06-11,072990,,9.28,0.0,0.0,-0.0
2026-06-12,072990,,9.28,-0.1,0.0,0.2
2026-06-15,072990,,9.25,-0.1,0.0,0.2
2026-06-16,072990,,9.23,-0.0,0.0,0.0
2026-06-17,072990,,9.22,0.0,-0.0,-0.0
2026-06-18,072990,,9.22,-0.1,-0.0,0.1
2026-06-19,072990,,9.19,-0.3,-0.0,0.2
2026-06-22,072990,,9.13,0.2,-0.0,-0.2
2026-06-23,072990,,9.17,-0.1,0.0,0.0
2026-06-24,072990,,9.16,0.2,0.0,-0.2
2026-06-25,072990,,9.2,-0.3,-0.0,0.3
2026-06-26,072990,,9.15,0.4,0.0,-0.5
2026-06-29,072990,,9.23,0.3,-0.0,-0.4
2026-06-30,072990,3270.0,9.3,-0.0,-0.0,-0.0
2026-07-01,072990,,9.3,-0.2,-0.0,0.2
2026-07-02,072990,,9.25,-0.0,0.0,0.0
2026-07-03,072990,,9.24,0.1,-0.0,-0.0
2026-07-06,072990,,9.26,-0.1,,0.1
2026-07-07,072990,,9.22,-0.1,-0.0,0.1
2026-07-08,072990,,9.21,-0.1,-0.0,0.0
2026-07-09,072990,,9.2,-0.0,0.0,0.0
2026-07-10,072990,,9.2,-0.1,-0.0,0.1
2026-07-13,072990,3285.0,9.18,-0.3,0.0,0.3
2025-07-14,073010,,2.33,-0.1,,0.1
2025-07-15,073010,,2.32,0.5,,-0.5
2025-07-16,073010,,2.42,-0.6,0.4,0.2
2025-07-17,073010,,2.38,-0.6,,0.6
2025-07-18,073010,,2.34,-0.7,-0.3,0.9
2025-07-21,073010,,2.31,2.0,-0.1,-1.9
2025-07-22,073010,,2.42,0.2,,-0.2
2025-07-23,073010,,2.44,-0.8,,0.8
2025-07-24,073010,,2.39,-0.3,,0.3
2025-07-25,073010,,2.37,5.4,,-5.4
2025-07-28,073010,,2.68,-1.7,,2.2
2025-07-29,073010,,2.58,-1.1,,1.2
2025-07-30,073010,,2.52,2.2,,-8.6
2025-07-31,073010,,2.64,3.3,,-8.6
2025-08-01,073010,,2.81,2.5,,-6.3
2025-08-04,073010,,2.95,1.5,,-2.6
2025-08-05,073010,,3.04,3.1,,-4.2
2025-08-06,073010,,3.2,-0.7,,0.4
2025-08-07,073010,,3.16,-8.4,0.0,8.6
2025-08-08,073010,,2.81,24.0,0.4,-24.4
2025-08-11,073010,,3.92,-10.2,0.1,8.5
2025-08-12,073010,,3.47,1.7,-0.6,-1.7
2025-08-13,073010,,3.57,0.5,0.0,-2.8
2025-08-14,073010,,3.59,38.1,6.8,-24.8
2025-08-18,073010,,5.39,-10.4,-0.7,3.4
2025-08-19,073010,,4.87,-8.5,,8.9
2025-08-20,073010,,4.42,3.0,,-3.2
2025-08-21,073010,,4.58,0.3,,-2.0
2025-08-22,073010,,4.6,-5.0,,4.8
2025-08-25,073010,,4.34,-3.7,,3.7
2025-08-26,073010,,4.15,-5.9,,5.9
2025-08-27,073010,,3.82,-0.7,0.1,-0.1
2025-08-28,073010,,3.78,-0.1,,0.2
2025-08-29,073010,5520.0,3.77,24.7,-0.1,-26.8
2025-09-01,073010,,4.93,-13.8,,13.5
2025-09-02,073010,,4.3,4.7,-0.0,2.4
2025-09-03,073010,,4.48,-20.4,,19.3
2025-09-04,073010,,3.56,-9.9,-0.3,9.9
2025-09-05,073010,,3.27,-26.4,,26.9
2025-09-08,073010,,2.34,-0.5,,0.5
2025-09-09,073010,,2.28,32.6,0.0,-26.0
2025-09-10,073010,,3.49,-17.4,-0.0,18.1
2025-09-11,073010,,2.86,-29.0,-0.0,32.3
2025-09-12,073010,,1.89,-46.6,,46.3
2025-09-15,073010,,0.37,18.1,0.6,-19.2
2025-09-16,073010,,1.02,-6.2,0.4,7.5
2025-09-17,073010,,0.81,-1.6,,3.4
2025-09-18,073010,,0.75,10.3,0.0,-9.9
2025-09-19,073010,,1.17,-0.2,-1.0,1.1
2025-09-22,073010,,1.19,12.0,0.5,-11.9
2025-09-23,073010,,1.74,-7.8,,10.5
2025-09-24,073010,,1.44,3.9,2.1,-1.6
2025-09-25,073010,,1.61,-20.3,0.3,19.7
2025-09-26,073010,,0.79,11.0,0.7,-11.9
2025-09-29,073010,,1.32,2.1,-0.0,-2.1
2025-09-30,073010,6020.0,1.42,-8.6,,8.1
2025-10-01,073010,,1.05,-3.8,0.0,3.6
2025-10-02,073010,,0.96,4.7,0.0,-4.6
2025-10-10,073010,,1.18,-4.2,0.0,4.3
2025-10-13,073010,,1.01,-1.8,0.0,1.4
2025-10-14,073010,,0.94,3.1,0.0,-3.1
2025-10-15,073010,,1.08,5.9,,-5.9
2025-10-16,073010,,1.33,0.6,0.0,-0.9
2025-10-17,073010,,1.37,-5.7,,5.3
2025-10-20,073010,,1.14,1.3,,-1.5
2025-10-21,073010,,1.2,9.2,-1.3,-7.3
2025-10-22,073010,,1.58,-2.4,,2.6
2025-10-23,073010,,1.46,-5.5,,5.0
2025-10-24,073010,,1.31,-4.6,,4.5
2025-10-27,073010,,1.14,-4.5,,4.4
2025-10-28,073010,,0.97,-1.6,,1.5
2025-10-29,073010,,0.93,4.4,-0.0,-4.6
2025-10-30,073010,,1.13,-3.4,,3.3
2025-10-31,073010,5880.0,0.91,-0.0,,0.1
2025-11-03,073010,,0.95,-0.2,,0.2
2025-11-04,073010,,0.95,3.6,-0.0,-3.6
2025-11-05,073010,,1.11,7.0,,-7.1
2025-11-06,073010,,1.48,-0.3,,0.5
2025-11-07,073010,,1.47,-1.7,,1.7
2025-11-10,073010,,1.35,-1.3,,1.3
2025-11-11,073010,,1.14,-1.5,,1.5
2025-11-12,073010,,1.07,1.9,,-1.9
2025-11-13,073010,,1.15,-0.1,,0.0
2025-11-14,073010,,1.15,-0.8,,0.7
2025-11-17,073010,,0.98,-2.3,1.0,1.8
2025-11-18,073010,,0.87,4.5,,-4.6
2025-11-19,073010,,1.1,3.9,,-4.0
2025-11-20,073010,,1.44,1.5,,-1.0
2025-11-21,073010,,1.48,2.0,,-2.0
2025-11-24,073010,,1.59,3.5,,-3.5
2025-11-25,073010,,1.78,1.4,,-1.5
2025-11-26,073010,,1.85,2.2,,-2.2
2025-11-27,073010,,2.04,-1.2,,1.3
2025-11-28,073010,4670.0,1.97,1.4,,-1.2
2025-12-01,073010,,2.05,-1.5,,1.5
2025-12-02,073010,,1.97,1.0,,-1.0
2025-12-03,073010,,2.02,-0.4,,0.2
2025-12-04,073010,,2.0,-0.4,,1.2
2025-12-05,073010,,1.98,2.6,,-2.8
2025-12-08,073010,,2.12,1.1,,-1.1
2025-12-09,073010,,2.17,-2.3,,2.2
2025-12-10,073010,,2.06,-2.8,,2.7
2025-12-11,073010,,1.91,1.0,,-0.9
2025-12-12,073010,,1.96,1.7,,-1.7
2025-12-15,073010,,2.06,-0.6,,1.0
2025-12-16,073010,,2.03,0.7,-0.2,-0.6
2025-12-17,073010,,2.06,1.2,,-1.3
2025-12-18,073010,,2.12,3.5,,-0.1
2025-12-19,073010,,2.2,1.5,,-1.5
2025-12-22,073010,,2.28,1.6,,-1.6
2025-12-23,073010,,2.37,-1.5,,1.4
2025-12-24,073010,,2.29,-0.0,,0.0
2025-12-26,073010,,2.19,0.1,-0.1,0.0
2025-12-29,073010,,1.82,3.3,,-3.3
2025-12-30,073010,4200.0,2.01,2.0,,-2.0
2026-01-02,073010,,2.1,0.8,,-0.8
2026-01-05,073010,,2.12,1.5,0.0,-1.6
2026-01-06,073010,,2.33,-0.2,-0.2,0.2
2026-01-07,073010,,2.37,-1.6,0.1,1.4
2026-01-08,073010,,2.27,-1.0,,0.9
2026-01-09,073010,,2.21,1.2,,-1.3
2026-01-12,073010,,2.28,-1.9,,1.9
2026-01-13,073010,,2.41,-0.2,,0.2
2026-01-14,073010,,2.4,-0.8,,0.7
2026-01-15,073010,,2.38,-0.8,,0.9
2026-01-16,073010,,2.33,-0.8,,0.9
2026-01-19,073010,,2.28,2.1,-0.0,-2.1
2026-01-20,073010,,2.4,0.6,,-0.1
2026-01-21,073010,,2.44,-3.1,,3.7
2026-01-22,073010,,2.26,-1.1,0.0,1.0
2026-01-23,073010,,2.2,1.0,,-0.9
2026-01-26,073010,,2.25,3.1,0.0,-3.0
2026-01-27,073010,,2.42,-3.2,,3.1
2026-01-28,073010,,2.25,0.8,,-1.0
2026-01-29,073010,,2.29,4.0,,-4.0
2026-01-30,073010,4500.0,2.51,-1.9,-1.2,3.1
2026-02-02,073010,,2.42,0.7,,-0.8
2026-02-03,073010,,2.46,4.0,,-3.9
2026-02-04,073010,,2.69,-4.6,,5.9
2026-02-05,073010,,2.41,-1.7,,1.7
2026-02-06,073010,,2.3,0.7,,-0.7
2026-02-09,073010,,2.35,1.1,,-1.1
2026-02-10,073010,,2.41,3.1,,-3.1
2026-02-11,073010,,2.61,-0.5,,0.6
2026-02-12,073010,,2.57,1.3,,-1.3
2026-02-13,073010,,2.66,-1.3,,1.3
2026-02-19,073010,,2.58,3.3,,-3.3
2026-02-20,073010,,2.79,4.6,,-4.6
2026-02-23,073010,,3.07,-1.4,-0.1,2.7
2026-02-24,073010,,2.98,-3.1,,3.0
2026-02-25,073010,,2.8,1.5,,-1.4
2026-02-26,073010,,2.89,-1.0,,5.8
2026-02-27,073010,3805.0,2.83,1.4,,-1.2
2026-03-03,073010,,2.92,0.3,0.3,-0.7
2026-03-04,073010,,2.94,3.8,,-3.8
2026-03-05,073010,,3.23,1.6,-0.1,-1.5
2026-03-06,073010,,3.34,-0.8,,0.8
2026-03-09,073010,,3.28,2.8,-0.3,-2.6
2026-03-10,073010,,3.48,0.4,,0.5
2026-03-11,073010,,3.47,-0.7,,0.7
2026-03-12,073010,,3.43,-7.2,,6.8
2026-03-13,073010,,2.97,-2.9,-0.2,3.6
2026-03-16,073010,,2.78,-4.2,,4.3
2026-03-17,073010,,2.5,-0.0,-0.0,0.0
2026-03-18,073010,,2.5,-0.2,,0.1
2026-03-19,073010,,2.42,-1.2,,1.1
2026-03-20,073010,,2.33,2.7,,-2.6
2026-03-23,073010,,2.51,-0.5,,0.6
2026-03-24,073010,,2.48,-0.5,,0.5
2026-03-25,073010,,2.45,0.6,,-0.6
2026-03-26,073010,,2.49,-0.9,,0.8
2026-03-27,073010,,2.43,0.3,,-0.3
2026-03-30,073010,,2.46,3.6,,-3.6
2026-03-31,073010,3265.0,2.72,0.9,,-0.9
2026-04-01,073010,,2.79,1.2,,-1.2
2026-04-02,073010,,2.88,-1.8,,1.8
2026-04-03,073010,,2.74,1.7,,-1.7
2026-04-06,073010,,2.87,-2.7,,2.7
2026-04-07,073010,,2.68,-1.8,-0.0,1.7
2026-04-08,073010,,2.55,1.4,,-1.4
2026-04-09,073010,,2.65,-1.0,,1.0
2026-04-10,073010,,2.58,1.5,,-1.5
2026-04-13,073010,,2.69,0.3,,-0.3
2026-04-14,073010,,2.71,1.3,-0.8,-0.5
2026-04-15,073010,,2.79,-0.7,,0.6
2026-04-16,073010,,2.75,-0.4,,0.3
2026-04-17,073010,,2.73,3.3,,-2.1
2026-04-20,073010,,2.94,-11.7,-0.8,12.0
2026-04-21,073010,,2.27,-6.3,,5.6
2026-04-22,073010,,1.98,3.2,5.8,-7.9
2026-04-23,073010,,2.24,-4.8,-0.6,4.4
2026-04-24,073010,,2.01,-0.1,0.8,0.5
2026-04-27,073010,,2.06,-1.5,,1.3
2026-04-28,073010,,2.0,-0.1,-0.7,0.1
2026-04-29,073010,,2.03,-4.5,-0.6,4.7
2026-04-30,073010,5870.0,1.87,3.1,-0.0,-3.7
2026-05-04,073010,,2.01,8.2,-0.0,-6.7
2026-05-06,073010,,2.34,-2.8,-0.4,2.7
2026-05-07,073010,,2.23,0.3,-1.6,1.8
2026-05-08,073010,,2.34,3.9,0.2,-4.5
2026-05-11,073010,,2.6,6.7,-0.2,-6.4
2026-05-12,073010,,2.88,14.3,0.3,-14.9
2026-05-13,073010,,3.55,-5.4,-0.0,5.4
2026-05-14,073010,,3.3,2.3,0.3,-2.8
2026-05-15,073010,,3.41,4.6,0.4,-4.8
2026-05-18,073010,,3.57,4.3,0.0,-4.3
2026-05-19,073010,,3.78,4.2,-0.0,-4.1
2026-05-20,073010,,4.01,2.0,0.0,-1.9
2026-05-21,073010,,4.13,-4.2,-0.9,5.3
2026-05-22,073010,,3.91,-4.1,-0.0,3.8
2026-05-26,073010,,3.69,-1.9,-0.0,1.8
2026-05-27,073010,,3.59,0.4,-0.7,0.2
2026-05-28,073010,,3.62,1.1,-0.0,-0.8
2026-05-29,073010,4010.0,3.67,2.0,-1.9,-0.1
2026-06-01,073010,,3.8,4.4,-0.0,-4.2
2026-06-02,073010,,4.09,2.0,-0.0,-2.0
2026-06-04,073010,,4.22,-2.5,-0.0,2.7
2026-06-05,073010,,4.06,0.9,-0.0,-0.9
2026-06-08,073010,,4.12,-3.0,0.0,3.0
2026-06-09,073010,,3.9,0.6,-0.0,-0.6
2026-06-10,073010,,3.95,-2.5,-0.0,2.5
2026-06-11,073010,,3.77,0.5,-0.0,-0.5
2026-06-12,073010,,3.81,-0.5,-0.0,0.5
2026-06-15,073010,,3.78,-5.1,-0.0,5.0
2026-06-16,073010,,3.45,-1.6,-0.0,1.5
2026-06-17,073010,,3.35,-2.1,-0.0,2.1
2026-06-18,073010,,3.22,0.0,-0.0,-0.1
2026-06-19,073010,,3.22,-1.4,-0.0,1.4
2026-06-22,073010,,3.11,0.9,0.0,-0.9
2026-06-23,073010,,3.18,-0.6,-0.0,0.7
2026-06-24,073010,,3.01,1.0,-0.0,-1.0
2026-06-25,073010,,3.1,-0.2,0.0,0.2
2026-06-26,073010,,3.09,1.0,-0.0,-1.0
2026-06-29,073010,,3.17,1.0,0.0,-1.0
2026-06-30,073010,3065.0,3.26,-0.4,0.0,0.4
2026-07-01,073010,,3.22,0.9,0.0,-0.9
2026-07-02,073010,,3.29,0.3,-0.0,-0.5
2026-07-03,073010,,3.32,-1.0,,1.1
2026-07-06,073010,,3.23,0.1,-0.0,-0.1
2026-07-07,073010,,3.24,-0.8,-0.0,1.0
2026-07-08,073010,,3.18,0.4,0.0,-0.4
2026-07-09,073010,,3.21,0.4,-0.0,-0.4
2026-07-10,073010,,3.25,0.1,-0.0,-0.1
2026-07-13,073010,2670.0,3.16,0.1,0.0,-0.1
2025-07-14,073110,,1.52,0.2,,-0.2
2025-07-15,073110,,1.56,-0.1,,0.1
2025-07-16,073110,,1.54,0.2,,-0.2
2025-07-17,073110,,1.57,0.2,,-0.2
2025-07-18,073110,,1.6,-0.2,,0.2
2025-07-21,073110,,1.57,0.3,-0.0,-0.5
2025-07-22,073110,,1.63,0.2,,-0.0
2025-07-23,073110,,1.66,0.0,,-0.1
2025-07-24,073110,,1.67,-0.4,,0.3
2025-07-25,073110,,1.6,0.2,,-0.3
2025-07-28,073110,,1.65,-0.3,,0.4
2025-07-29,073110,,1.6,0.0,0.1,-0.1
2025-07-30,073110,,1.6,-0.1,0.1,-0.0
2025-07-31,073110,,1.6,0.2,0.1,-0.3
2025-08-01,073110,,1.64,-0.3,0.1,0.2
2025-08-04,073110,,1.59,0.2,,-0.4
2025-08-05,073110,,1.62,0.0,,-0.0
2025-08-06,073110,,1.63,0.4,,-0.4
2025-08-07,073110,,1.69,-0.1,,0.1
2025-08-08,073110,,1.68,0.5,,-0.4
2025-08-11,073110,,1.76,0.0,0.0,-0.0
2025-08-12,073110,,1.77,-0.3,,0.4
2025-08-13,073110,,1.72,-0.2,,0.2
2025-08-14,073110,,1.68,-0.1,,0.1
2025-08-18,073110,,1.67,-0.1,0.0,0.1
2025-08-19,073110,,1.65,-0.3,,0.3
2025-08-20,073110,,1.6,-0.5,,0.5
2025-08-21,073110,,1.52,0.0,,-0.0
2025-08-22,073110,,1.52,-0.1,-0.0,0.1
2025-08-25,073110,,1.51,0.0,,-0.0
2025-08-26,073110,,1.51,-0.0,,0.0
2025-08-27,073110,,1.51,-0.1,,0.1
2025-08-28,073110,,1.5,-0.0,,0.0
2025-08-29,073110,6470.0,1.49,0.0,,-0.0
2025-09-01,073110,,1.49,-0.0,,0.0
2025-09-02,073110,,1.49,-0.0,,0.1
2025-09-03,073110,,1.48,0.0,,-0.0
2025-09-04,073110,,1.48,0.3,-0.0,0.4
2025-09-05,073110,,1.54,-0.0,,0.0
2025-09-08,073110,,1.53,0.0,,-0.0
2025-09-09,073110,,1.54,-0.7,-0.0,0.6
2025-09-10,073110,,1.42,0.0,,0.0
2025-09-11,073110,,1.42,-0.1,-0.0,0.1
2025-09-12,073110,,1.4,-0.0,,0.0
2025-09-15,073110,,1.4,-0.1,,0.1
2025-09-16,073110,,1.39,-0.1,,0.1
2025-09-17,073110,,1.37,-0.0,,0.0
2025-09-18,073110,,1.37,0.0,,-0.0
2025-09-19,073110,,1.37,-0.1,,0.1
2025-09-22,073110,,1.35,-0.1,,0.1
2025-09-23,073110,,1.33,-0.1,-0.0,0.1
2025-09-24,073110,,1.31,-0.3,-0.5,0.7
2025-09-25,073110,,1.26,-0.1,,0.1
2025-09-26,073110,,1.25,-0.2,0.1,0.0
2025-09-29,073110,,1.21,-0.1,,0.1
2025-09-30,073110,5960.0,1.2,-0.2,,0.1
2025-10-01,073110,,1.17,-0.1,-0.0,0.1
2025-10-02,073110,,1.16,-0.0,-0.0,0.0
2025-10-10,073110,,1.16,-0.1,,0.1
2025-10-13,073110,,1.14,-0.0,-0.0,0.0
2025-10-14,073110,,1.14,-0.1,-0.1,0.2
2025-10-15,073110,,1.13,0.0,,-0.0
2025-10-16,073110,,1.13,-0.0,-0.3,0.3
2025-10-17,073110,,1.13,-0.0,-0.0,0.0
2025-10-20,073110,,1.12,-0.0,,0.0
2025-10-21,073110,,1.12,-0.1,,0.1
2025-10-22,073110,,1.1,0.0,,-0.0
2025-10-23,073110,,1.45,-0.1,,0.0
2025-10-24,073110,,1.44,-0.0,,0.0
2025-10-27,073110,,1.43,-0.1,-0.0,0.0
2025-10-28,073110,,1.42,-0.1,,0.0
2025-10-29,073110,,1.41,-0.0,-0.0,0.0
2025-10-30,073110,,1.4,-0.3,,0.2
2025-10-31,073110,5540.0,1.35,0.1,,-0.2
2025-11-03,073110,,1.36,-0.1,,-0.0
2025-11-04,073110,,1.33,0.8,-0.0,-0.4
2025-11-05,073110,,1.49,-0.3,,0.2
2025-11-06,073110,,1.43,-0.1,,0.3
2025-11-07,073110,,1.41,-0.1,,0.1
2025-11-10,073110,,1.39,0.1,-0.1,0.0
2025-11-11,073110,,1.41,-0.1,,0.1
2025-11-12,073110,,1.4,-0.0,,0.0
2025-11-13,073110,,1.4,-0.0,,0.0
2025-11-14,073110,,1.39,-0.0,,0.0
2025-11-17,073110,,1.39,-0.1,,0.1
2025-11-18,073110,,1.37,-0.0,,0.0
2025-11-19,073110,,1.45,0.0,,-0.0
2025-11-20,073110,,1.45,0.0,,-0.0
2025-11-21,073110,,1.45,-0.0,,-0.2
2025-11-24,073110,,1.45,0.1,-1.1,0.6
2025-11-25,073110,,1.47,0.0,,-0.0
2025-11-26,073110,,1.47,0.0,,-0.0
2025-11-27,073110,,1.48,-0.0,,0.0
2025-11-28,073110,5170.0,1.47,-0.0,,0.0
2025-12-01,073110,,1.47,-0.0,,0.0
2025-12-02,073110,,1.51,0.0,,-0.0
2025-12-03,073110,,1.51,-0.0,,0.0
2025-12-04,073110,,1.51,-0.0,,0.0
2025-12-05,073110,,1.5,-0.0,,0.0
2025-12-08,073110,,1.5,-0.0,-0.0,0.1
2025-12-09,073110,,1.49,-0.0,,0.0
2025-12-10,073110,,1.48,-0.0,,0.0
2025-12-11,073110,,1.47,-0.1,,0.1
2025-12-12,073110,,1.46,-0.0,,0.0
2025-12-15,073110,,1.45,-0.0,,0.0
2025-12-16,073110,,1.44,-0.0,,0.0
2025-12-17,073110,,1.43,-0.0,,0.0
2025-12-18,073110,,1.43,-0.0,,0.0
2025-12-19,073110,,1.42,-0.0,,0.4
2025-12-22,073110,,1.42,-0.0,-0.0,0.2
2025-12-23,073110,,1.5,-0.0,,0.0
2025-12-24,073110,,1.15,-0.0,,0.0
2025-12-26,073110,,1.14,-0.0,,0.0
2025-12-29,073110,,1.14,-0.0,,0.0
2025-12-30,073110,4990.0,1.13,-0.1,,0.1
2026-01-02,073110,,1.11,-0.0,,0.0
2026-01-05,073110,,1.1,-0.0,,0.0
2026-01-06,073110,,1.11,-0.0,-0.0,0.0
2026-01-07,073110,,1.1,-0.0,,0.0
2026-01-08,073110,,1.09,-0.0,,0.0
2026-01-09,073110,,1.08,-0.0,,0.0
2026-01-12,073110,,1.08,-0.0,,0.0
2026-01-13,073110,,1.07,0.0,,-0.0
2026-01-14,073110,,1.07,0.1,,-0.2
2026-01-15,073110,,1.09,-0.4,,0.3
2026-01-16,073110,,1.01,-0.3,,0.4
2026-01-19,073110,,0.94,0.2,-0.9,0.4
2026-01-20,073110,,1.0,-0.1,,0.3
2026-01-21,073110,,1.01,-0.1,,0.1
2026-01-22,073110,,1.01,-0.0,-0.0,0.1
2026-01-23,073110,,1.0,0.0,,-0.0
2026-01-26,073110,,1.03,0.0,,-0.0
2026-01-27,073110,,1.04,0.1,,-0.1
2026-01-28,073110,,1.07,0.3,-0.0,-0.2
2026-01-29,073110,,1.13,0.1,,-0.1
2026-01-30,073110,5170.0,1.14,0.4,,-0.4
2026-02-02,073110,,1.22,0.1,,-0.1
2026-02-03,073110,,1.24,-0.0,,0.0
2026-02-04,073110,,1.23,0.0,,-0.1
2026-02-05,073110,,1.24,-0.0,,0.0
2026-02-06,073110,,1.24,-0.0,,-0.0
2026-02-09,073110,,1.23,0.1,,-0.1
2026-02-10,073110,,1.25,0.1,,-0.1
2026-02-11,073110,,1.28,-0.1,,0.1
2026-02-12,073110,,1.26,-0.0,,-0.0
2026-02-13,073110,,1.26,-0.1,,0.1
2026-02-19,073110,,1.25,-0.0,,0.0
2026-02-20,073110,,1.24,0.0,,-0.0
2026-02-23,073110,,1.25,0.5,0.0,-0.5
2026-02-24,073110,,1.36,-0.1,,0.1
2026-02-25,073110,,1.25,0.1,,-0.2
2026-02-26,073110,,1.28,-0.2,,0.2
2026-02-27,073110,5430.0,1.23,-0.2,,0.2
2026-03-03,073110,,1.19,0.0,,-0.0
2026-03-04,073110,,1.19,-0.3,,0.3
2026-03-05,073110,,1.14,-0.0,-0.0,0.0
2026-03-06,073110,,1.14,0.0,-0.0,-0.0
2026-03-09,073110,,1.14,0.0,,-0.0
2026-03-10,073110,,1.15,-0.2,,0.2
2026-03-11,073110,,1.14,0.1,,-0.1
2026-03-12,073110,,1.15,0.0,-0.0,-0.0
2026-03-13,073110,,1.15,0.9,-0.9,-0.0
2026-03-16,073110,,1.36,-0.0,,0.0
2026-03-17,073110,,1.35,0.0,,-0.0
2026-03-18,073110,,1.36,0.0,,-0.0
2026-03-19,073110,,1.36,0.0,,-0.0
2026-03-20,073110,,1.37,-0.0,,0.0
2026-03-23,073110,,1.34,-0.0,,0.0
2026-03-24,073110,,1.33,0.0,-0.0,-0.0
2026-03-25,073110,,1.28,-0.1,,0.1
2026-03-26,073110,,1.26,-0.1,,0.1
2026-03-27,073110,,1.24,-0.0,,0.0
2026-03-30,073110,,1.24,-0.0,,0.0
2026-03-31,073110,5090.0,1.24,0.0,,-0.1
2026-04-01,073110,,1.24,-0.0,,-0.8
2026-04-02,073110,,1.24,0.1,,-0.4
2026-04-03,073110,,1.26,0.0,,-0.0
2026-04-06,073110,,1.26,0.0,,-0.8
2026-04-07,073110,,1.27,0.0,,-0.1
2026-04-08,073110,,1.28,0.1,-0.1,-0.0
2026-04-09,073110,,1.29,0.0,,-0.1
2026-04-10,073110,,1.3,0.0,,-0.0
2026-04-13,073110,,1.3,0.1,0.9,-1.1
2026-04-14,073110,,1.32,-0.1,,-0.0
2026-04-15,073110,,1.3,0.1,-0.2,0.1
2026-04-16,073110,,1.33,0.1,-0.2,-0.2
2026-04-17,073110,,1.35,-0.3,,-0.5
2026-04-20,073110,,1.3,0.0,,-0.3
2026-04-21,073110,,1.3,0.1,,-0.1
2026-04-22,073110,,1.24,0.1,,-0.3
2026-04-23,073110,,1.26,0.1,,-0.3
2026-04-24,073110,,1.28,0.3,-0.0,-0.3
2026-04-27,073110,,1.33,-0.1,-0.0,0.0
2026-04-28,073110,,1.31,-0.2,,0.0
2026-04-29,073110,,1.27,-0.0,,-0.2
2026-04-30,073110,5880.0,1.26,0.1,,-0.3
2026-05-04,073110,,1.28,0.1,,-0.4
2026-05-06,073110,,1.3,0.0,,-0.6
2026-05-07,073110,,1.3,0.2,,-1.1
2026-05-08,073110,,1.33,0.1,-0.0,-0.8
2026-05-11,073110,,1.34,0.0,0.0,-0.0
2026-05-12,073110,,1.34,-0.4,0.0,-1.2
2026-05-13,073110,,1.26,-0.0,,-0.1
2026-05-14,073110,,1.26,0.1,0.0,-0.2
2026-05-15,073110,,1.27,0.1,0.0,-0.2
2026-05-18,073110,,1.28,-0.0,-0.0,-0.1
2026-05-19,073110,,1.28,-0.3,0.0,0.1
2026-05-20,073110,,1.22,-0.9,0.0,-0.2
2026-05-21,073110,,1.14,0.3,-0.7,-0.2
2026-05-22,073110,,1.19,0.2,,-0.4
2026-05-26,073110,,1.23,-0.2,,-0.0
2026-05-27,073110,,1.19,-0.3,,-0.4
2026-05-28,073110,,1.12,0.6,,-1.4
2026-05-29,073110,6100.0,1.23,-0.6,-0.0,-0.3
2026-06-01,073110,,1.13,-1.2,-0.0,-1.9
2026-06-02,073110,,0.9,-0.1,-0.0,-0.5
2026-06-04,073110,,0.93,-0.0,,-0.0
2026-06-05,073110,,0.93,-0.2,0.5,-1.0
2026-06-08,073110,,0.89,0.1,-0.0,-1.5
2026-06-09,073110,,0.91,0.4,-0.0,-0.4
2026-06-10,073110,,0.97,0.2,-0.0,-0.2
2026-06-11,073110,,1.01,0.3,-0.0,-0.7
2026-06-12,073110,,1.06,0.6,-0.0,-0.8
2026-06-15,073110,,1.16,0.2,0.1,-0.5
2026-06-16,073110,,1.2,-0.2,0.0,-1.5
2026-06-17,073110,,1.17,0.0,-0.0,-0.0
2026-06-18,073110,,1.18,-0.6,0.0,0.6
2026-06-19,073110,,1.07,-0.4,-0.0,0.4
2026-06-22,073110,,0.99,0.2,-0.5,0.2
2026-06-23,073110,,1.04,-0.1,-0.0,0.1
2026-06-24,073110,,1.02,-0.1,0.0,0.1
2026-06-25,073110,,1.0,-0.1,-0.0,0.1
2026-06-26,073110,,0.97,-0.0,,-0.0
2026-06-29,073110,,0.97,-0.0,-0.0,0.0
2026-06-30,073110,5220.0,0.97,-0.1,0.0,0.1
2026-07-01,073110,,0.96,-0.0,0.1,-0.1
2026-07-02,073110,,0.95,0.4,-0.1,-0.3
2026-07-03,073110,,1.04,-0.0,-0.0,0.0
2026-07-06,073110,,1.03,0.0,,-0.0
2026-07-07,073110,,1.03,0.1,,-0.1
2026-07-08,073110,,1.06,-0.0,-0.2,0.2
2026-07-09,073110,,1.05,-0.0,,0.0
2026-07-10,073110,,1.04,0.0,-0.0,-0.0
2026-07-13,073110,4950.0,1.05,0.0,-0.0,-0.0
2025-07-14,073190,,1.3,-0.1,-0.0,0.1
2025-07-15,073190,,1.26,0.0,0.0,-0.0
2025-07-16,073190,,1.26,-0.1,0.0,0.1
2025-07-17,073190,,1.22,0.2,0.0,-0.3
2025-07-18,073190,,1.31,0.0,-0.0,-0.1
2025-07-21,073190,,1.32,0.8,0.0,-0.9
2025-07-22,073190,,1.64,-0.2,-0.0,0.1
2025-07-23,073190,,1.56,0.1,0.0,-0.2
2025-07-24,073190,,1.62,0.0,-0.0,-0.0
2025-07-25,073190,,1.63,-0.0,0.0,-0.0
2025-07-28,073190,,1.63,-0.1,-0.0,0.0
2025-07-29,073190,,1.58,0.4,-0.0,-0.3
2025-07-30,073190,,1.73,0.5,-0.0,-0.5
2025-07-31,073190,,1.92,-0.1,-0.0,0.1
2025-08-01,073190,,1.88,-0.2,0.0,0.2
2025-08-04,073190,,1.79,-0.2,-0.0,0.2
2025-08-05,073190,,1.7,0.5,0.0,-1.0
2025-08-06,073190,,1.88,0.2,0.0,-0.2
2025-08-07,073190,,1.94,0.1,0.0,-0.1
2025-08-08,073190,,1.97,-0.2,-0.0,-0.2
2025-08-11,073190,,2.02,-0.4,0.0,0.5
2025-08-12,073190,,1.83,-0.1,0.0,-0.1
2025-08-13,073190,,1.78,-0.0,0.0,-0.1
2025-08-14,073190,,1.77,0.1,-0.0,-0.1
2025-08-18,073190,,1.8,-0.1,0.0,-0.4
2025-08-19,073190,,1.77,-0.1,0.0,0.2
2025-08-20,073190,,1.75,0.0,0.0,-0.2
2025-08-21,073190,,1.76,-0.1,0.0,-0.0
2025-08-22,073190,,1.73,-0.0,-0.0,-0.2
2025-08-25,073190,,1.72,-0.2,-0.0,0.2
2025-08-26,073190,,1.63,0.0,0.0,-0.1
2025-08-27,073190,,1.64,-0.1,-0.0,0.2
2025-08-28,073190,,1.59,0.2,0.0,-0.2
2025-08-29,073190,2170.0,1.66,0.7,-0.0,-0.7
2025-09-01,073190,,1.96,-0.5,0.0,0.5
2025-09-02,073190,,1.74,0.0,0.0,0.0
2025-09-03,073190,,1.76,0.2,-0.0,0.0
2025-09-04,073190,,1.85,0.0,0.0,0.1
2025-09-05,073190,,1.86,-0.0,-0.0,0.0
2025-09-08,073190,,1.85,-0.1,0.0,0.1
2025-09-09,073190,,1.83,-0.0,0.1,-0.0
2025-09-10,073190,,1.81,-0.0,0.0,0.0
2025-09-11,073190,,1.8,-0.1,-0.0,-0.1
2025-09-12,073190,,1.74,-0.1,-0.0,0.1
2025-09-15,073190,,1.69,-0.3,0.1,0.0
2025-09-16,073190,,1.56,0.0,-0.0,0.0
2025-09-17,073190,,1.56,-0.0,-0.1,0.2
2025-09-18,073190,,1.56,0.0,0.0,-0.4
2025-09-19,073190,,1.57,-0.1,0.1,0.0
2025-09-22,073190,,1.52,0.0,-0.1,0.1
2025-09-23,073190,,1.53,-0.1,-0.0,0.1
2025-09-24,073190,,1.47,-0.0,0.0,0.0
2025-09-25,073190,,1.46,-0.0,0.0,0.0
2025-09-26,073190,,1.45,-0.1,-0.0,0.1
2025-09-29,073190,,1.39,0.0,0.0,0.0
2025-09-30,073190,1885.0,1.39,-0.2,0.0,-0.6
2025-10-01,073190,,1.32,0.0,0.1,-0.1
2025-10-02,073190,,1.32,-0.1,0.0,-0.1
2025-10-10,073190,,1.27,-0.0,0.1,-0.0
2025-10-13,073190,,1.26,-0.1,-0.1,0.2
2025-10-14,073190,,1.22,0.0,-0.0,0.0
2025-10-15,073190,,1.22,-0.0,0.0,-0.0
2025-10-16,073190,,1.21,-0.0,0.0,0.0
2025-10-17,073190,,1.2,-0.0,-0.0,0.1
2025-10-20,073190,,1.19,-0.0,0.0,0.1
2025-10-21,073190,,1.17,-0.1,-0.0,0.2
2025-10-22,073190,,1.11,-0.2,0.0,0.1
2025-10-23,073190,,1.02,0.0,-0.0,-0.0
2025-10-24,073190,,1.03,-0.1,-0.0,0.1
2025-10-27,073190,,0.99,0.0,0.0,0.2
2025-10-28,073190,,0.99,0.1,0.1,-0.2
2025-10-29,073190,,1.05,0.1,0.4,0.2
2025-10-30,073190,,1.1,-0.0,-0.0,0.0
2025-10-31,073190,1740.0,1.1,0.1,0.1,-0.1
2025-11-03,073190,,1.14,-0.1,-0.0,0.1
2025-11-04,073190,,1.11,-0.0,-0.0,0.0
2025-11-05,073190,,1.11,-0.1,0.0,0.1
2025-11-06,073190,,1.07,0.0,0.0,-0.0
2025-11-07,073190,,1.07,0.0,-0.0,-0.0
2025-11-10,073190,,1.07,-0.0,0.0,-0.0
2025-11-11,073190,,1.05,-0.1,0.0,0.1
2025-11-12,073190,,0.99,0.1,0.1,-0.2
2025-11-13,073190,,1.04,0.0,-0.0,0.0
2025-11-14,073190,,1.04,0.0,-0.0,0.0
2025-11-17,073190,,1.04,-0.0,-0.0,0.1
2025-11-18,073190,,1.02,-0.0,-0.0,0.0
2025-11-19,073190,,1.01,-0.0,0.0,0.0
2025-11-20,073190,,1.0,0.0,-0.0,0.0
2025-11-21,073190,,1.0,-0.0,0.0,0.0
2025-11-24,073190,,1.0,-0.0,0.0,-0.0
2025-11-25,073190,,0.99,-0.0,0.0,-0.0
2025-11-26,073190,,0.99,0.0,0.0,-0.0
2025-11-27,073190,,0.99,-0.0,0.0,0.0
2025-11-28,073190,1564.0,0.98,-0.0,-0.0,0.0
2025-12-01,073190,,0.98,0.0,0.0,0.0
2025-12-02,073190,,1.0,-0.0,-0.0,0.3
2025-12-03,073190,,1.0,-0.1,-0.6,1.9
2025-12-04,073190,,0.96,0.0,0.0,-0.0
2025-12-05,073190,,0.97,0.1,0.1,-0.2
2025-12-08,073190,,1.01,-0.1,-0.1,0.2
2025-12-09,073190,,0.96,-0.0,-0.0,0.1
2025-12-10,073190,,0.95,-0.0,0.0,0.0
2025-12-11,073190,,0.94,0.0,0.1,-0.1
2025-12-12,073190,,0.96,-0.0,0.1,-0.0
2025-12-15,073190,,0.95,0.1,-0.0,-0.0
2025-12-16,073190,,0.98,-0.0,0.1,-0.1
2025-12-17,073190,,0.98,-0.0,0.0,-0.0
2025-12-18,073190,,0.97,-0.0,0.1,-0.1
2025-12-19,073190,,0.96,-0.0,-0.1,0.1
2025-12-22,073190,,0.95,-0.0,0.0,-0.0
2025-12-23,073190,,0.94,-0.0,0.0,-0.0
2025-12-24,073190,,0.94,-0.0,0.0,-0.0
2025-12-26,073190,,0.93,-0.0,-0.0,0.0
2025-12-29,073190,,0.93,-0.0,-0.1,0.1
2025-12-30,073190,1577.0,0.92,0.0,-0.2,0.2
2026-01-02,073190,,0.93,-0.0,,0.0
2026-01-05,073190,,0.92,0.0,,-0.0
2026-01-06,073190,,0.93,0.0,,-0.0
2026-01-07,073190,,0.93,-0.0,,0.0
2026-01-08,073190,,0.93,0.1,,-0.1
2026-01-09,073190,,0.97,-0.0,,-0.0
2026-01-12,073190,,0.97,0.1,,-0.1
2026-01-13,073190,,1.02,-0.0,,0.0
2026-01-14,073190,,1.01,-0.0,,0.0
2026-01-15,073190,,0.99,0.0,,-0.0
2026-01-16,073190,,1.02,-0.0,,-0.0
2026-01-19,073190,,1.01,0.0,-0.0,0.0
2026-01-20,073190,,1.03,-0.0,,0.0
2026-01-21,073190,,1.03,-0.0,,-0.0
2026-01-22,073190,,1.02,-0.0,,0.0
2026-01-23,073190,,1.0,0.0,,-0.0
2026-01-26,073190,,1.0,0.0,,-0.1
2026-01-27,073190,,1.01,-0.0,,-0.1
2026-01-28,073190,,1.01,0.0,,-0.2
2026-01-29,073190,,1.03,-0.0,,0.0
2026-01-30,073190,1553.0,1.02,0.1,,0.2
2026-02-02,073190,,1.08,0.0,,-0.0
2026-02-03,073190,,1.1,-0.0,,-0.2
2026-02-04,073190,,1.09,0.0,,0.0
2026-02-05,073190,,1.1,-0.0,,0.0
2026-02-06,073190,,1.1,-0.0,,0.0
2026-02-09,073190,,1.08,-0.0,,0.0
2026-02-10,073190,,1.08,0.1,,-0.0
2026-02-11,073190,,1.11,-0.1,,0.1
2026-02-12,073190,,1.06,-0.1,,0.2
2026-02-13,073190,,1.03,0.3,,-0.6
2026-02-19,073190,,1.19,-0.1,,0.1
2026-02-20,073190,,1.16,-0.0,,0.1
2026-02-23,073190,,1.14,-0.0,,0.0
2026-02-24,073190,,1.14,0.0,,-0.0
2026-02-25,073190,,1.14,-0.1,,0.1
2026-02-26,073190,,1.08,-0.0,,-0.0
2026-02-27,073190,1117.0,1.08,0.1,,-0.1
2026-03-03,073190,,1.2,-0.5,,0.5
2026-03-04,073190,,0.89,-0.1,,0.1
2026-03-05,073190,,0.83,0.1,,-0.1
2026-03-06,073190,,0.89,0.0,,-0.0
2026-03-09,073190,,0.89,0.2,,-0.2
2026-03-10,073190,,1.06,-0.0,,-0.0
2026-03-11,073190,,1.06,0.1,,-0.1
2026-03-12,073190,,1.12,-0.0,,0.0
2026-03-13,073190,,1.1,0.3,-0.2,-0.1
2026-03-16,073190,,1.29,-0.0,,0.0
2026-03-17,073190,,1.27,0.0,,-0.0
2026-03-18,073190,,1.28,0.0,,0.0
2026-03-19,073190,,1.28,0.0,,-0.0
2026-03-20,073190,,1.29,0.1,,-0.1
2026-03-23,073190,,1.34,0.0,,-0.1
2026-03-24,073190,,1.36,0.0,,-0.0
2026-03-25,073190,,1.36,0.2,,-0.2
2026-03-26,073190,,1.48,-0.1,,0.1
2026-03-27,073190,,1.42,-0.1,,0.0
2026-03-30,073190,,1.36,0.1,,0.0
2026-03-31,073190,1230.0,1.4,-0.1,,0.1
2026-04-01,073190,,1.36,-0.0,,0.0
2026-04-02,073190,,1.33,0.0,,-0.0
2026-04-03,073190,,1.34,-0.0,,0.0
2026-04-06,073190,,1.34,-0.0,,0.0
2026-04-07,073190,,1.33,-0.0,,0.0
2026-04-08,073190,,1.32,-0.0,,0.0
2026-04-09,073190,,1.32,-0.0,,-0.0
2026-04-10,073190,,1.32,-0.0,,0.0
2026-04-13,073190,,1.29,0.0,,-0.0
2026-04-14,073190,,1.3,0.0,,-0.1
2026-04-15,073190,,1.33,-0.0,,-0.0
2026-04-16,073190,,1.33,0.1,,-0.1
2026-04-17,073190,,1.37,-0.0,,0.1
2026-04-20,073190,,1.37,-0.1,,0.1
2026-04-21,073190,,1.32,-0.1,,0.1
2026-04-22,073190,,1.26,-0.1,,0.1
2026-04-23,073190,,1.22,-0.0,,-0.2
2026-04-24,073190,,1.19,0.1,,-0.1
2026-04-27,073190,,1.24,-0.0,,0.2
2026-04-28,073190,,1.23,0.0,,-0.0
2026-04-29,073190,,1.25,0.0,,0.0
2026-04-30,073190,1300.0,1.25,-0.0,,0.0
2026-05-04,073190,,1.24,0.1,,-0.1
2026-05-06,073190,,1.28,-0.0,0.0,0.0
2026-05-07,073190,,1.26,0.0,0.0,0.0
2026-05-08,073190,,1.28,-0.0,-0.0,-0.0
2026-05-11,073190,,1.27,0.0,0.0,-0.0
2026-05-12,073190,,1.27,-0.1,0.0,0.1
2026-05-13,073190,,1.21,0.2,-0.0,-0.3
2026-05-14,073190,,1.37,0.1,0.0,-0.1
2026-05-15,073190,,1.44,0.1,-0.0,-0.1
2026-05-18,073190,,1.48,-0.0,0.0,-0.0
2026-05-19,073190,,1.48,-0.0,0.0,0.0
2026-05-20,073190,,1.52,0.1,0.0,1.0
2026-05-21,073190,,1.74,0.1,0.0,-0.1
2026-05-22,073190,,1.78,0.0,,-0.1
2026-05-26,073190,,1.81,-0.0,0.0,0.0
2026-05-27,073190,,1.79,0.0,-0.0,-0.0
2026-05-28,073190,,1.82,-0.0,,0.1
2026-05-29,073190,999.0,1.8,-0.0,-0.0,0.0
2026-06-01,073190,,1.79,-0.0,0.0,-0.0
2026-06-02,073190,,1.79,0.0,0.0,-0.0
2026-06-04,073190,,1.8,-0.0,-0.0,0.0
2026-06-05,073190,,1.79,0.1,0.0,0.0
2026-06-08,073190,,1.84,-0.0,-0.0,-0.0
2026-06-09,073190,,1.83,0.0,-0.0,-0.0
2026-06-10,073190,,1.84,0.1,0.0,-0.1
2026-06-11,073190,,1.93,0.0,0.0,-0.0
2026-06-12,073190,,1.97,-0.8,-0.0,0.8
2026-06-15,073190,,1.32,-0.4,-0.0,-0.6
2026-06-16,073190,,1.05,-0.1,,0.8
2026-06-17,073190,,0.98,-0.5,0.1,-0.1
2026-06-18,073190,,0.65,-0.0,,0.0
2026-06-19,073190,,0.64,0.1,0.0,-0.1
2026-06-22,073190,,0.74,-0.2,0.0,0.5
2026-06-23,073190,,0.63,-0.0,,0.2
2026-06-24,073190,,0.61,0.0,,-0.1
2026-06-25,073190,,0.65,0.0,,-0.0
2026-06-26,073190,,0.66,0.0,,-0.0
2026-06-29,073190,,0.67,0.0,,0.0
2026-06-30,073190,791.0,0.69,0.0,,-0.0
2026-07-01,073190,,0.71,0.0,0.0,-0.0
2026-07-02,073190,,0.71,-0.0,0.1,-0.0
2026-07-03,073190,,0.71,0.1,,-0.1
2026-07-06,073190,,0.79,-0.0,,0.0
2026-07-07,073190,,0.78,-0.1,0.0,0.1
2026-07-08,073190,,0.67,0.0,0.0,-0.0
2026-07-09,073190,,0.68,0.0,,-0.0
2026-07-10,073190,,0.69,0.0,0.0,-0.0
2026-07-13,073190,656.0,0.69,0.0,-0.0,-0.0
2025-07-14,073240,,8.35,11.6,-12.0,0.3
2025-07-15,073240,,8.45,-9.8,2.4,7.3
2025-07-16,073240,,8.37,-27.3,-0.0,25.7
2025-07-17,073240,,8.15,-7.6,3.9,3.7
2025-07-18,073240,,8.1,-10.0,5.9,4.1
2025-07-21,073240,,8.02,-10.3,2.5,7.7
2025-07-22,073240,,7.95,-11.7,2.4,9.3
2025-07-23,073240,,7.86,0.6,5.1,-5.6
2025-07-24,073240,,7.82,-9.6,1.3,8.2
2025-07-25,073240,,7.76,-7.0,4.3,2.4
2025-07-28,073240,,7.71,-4.9,4.5,0.4
2025-07-29,073240,,7.67,-16.1,3.0,12.7
2025-07-30,073240,,7.56,-5.6,4.7,0.9
2025-07-31,073240,,7.52,-20.4,5.8,14.4
2025-08-01,073240,,7.34,-7.5,1.6,3.6
2025-08-04,073240,,7.28,2.3,1.7,-3.9
2025-08-05,073240,,7.3,-0.8,1.5,-0.6
2025-08-06,073240,,7.29,7.7,1.2,-9.1
2025-08-07,073240,,7.4,0.9,3.4,-4.2
2025-08-08,073240,,7.41,-5.6,2.5,3.1
2025-08-11,073240,,7.35,-3.3,4.0,-0.7
2025-08-12,073240,,7.37,-3.6,1.8,1.8
2025-08-13,073240,,7.34,2.4,0.5,-2.9
2025-08-14,073240,,7.38,8.0,2.9,-11.6
2025-08-18,073240,,7.43,-4.2,4.8,-0.7
2025-08-19,073240,,7.41,1.9,2.9,-5.0
2025-08-20,073240,,7.44,-2.9,5.0,-2.1
2025-08-21,073240,,7.4,16.5,-14.3,-1.9
2025-08-22,073240,,7.53,-5.3,2.0,2.9
2025-08-25,073240,,7.47,-6.0,4.0,1.6
2025-08-26,073240,,7.43,3.0,1.8,-4.9
2025-08-27,073240,,7.46,1.0,2.6,-3.5
2025-08-28,073240,,7.47,0.6,2.2,-2.7
2025-08-29,073240,4960.0,7.47,4.2,1.9,-6.1
2025-09-01,073240,,7.5,0.9,1.2,-2.2
2025-09-02,073240,,7.51,4.4,-3.6,-0.8
2025-09-03,073240,,7.55,2.3,0.3,-2.6
2025-09-04,073240,,7.56,3.4,0.8,-4.2
2025-09-05,073240,,7.58,-12.2,0.3,11.8
2025-09-08,073240,,7.48,-1.5,3.3,-2.7
2025-09-09,073240,,7.48,-3.5,3.0,0.5
2025-09-10,073240,,7.45,0.1,6.5,-6.6
2025-09-11,073240,,7.45,-8.6,16.1,-7.8
2025-09-12,073240,,7.39,-2.6,-1.2,3.7
2025-09-15,073240,,7.35,-3.5,5.3,-2.0
2025-09-16,073240,,7.33,-20.6,-0.1,19.8
2025-09-17,073240,,7.17,-2.6,1.7,0.7
2025-09-18,073240,,7.15,-0.9,2.7,-1.9
2025-09-19,073240,,7.14,-4.3,2.2,2.1
2025-09-22,073240,,7.07,-6.3,3.4,2.0
2025-09-23,073240,,7.04,-14.4,-1.1,14.8
2025-09-24,073240,,6.98,-4.7,4.5,0.5
2025-09-25,073240,,6.94,-4.8,2.7,1.9
2025-09-26,073240,,6.91,-10.9,1.3,9.0
2025-09-29,073240,,6.82,-1.3,1.9,-0.7
2025-09-30,073240,4725.0,6.81,-1.5,0.1,1.4
2025-10-01,073240,,6.81,-3.0,-0.8,3.6
2025-10-02,073240,,6.79,-9.3,6.8,2.0
2025-10-10,073240,,6.83,-17.8,-0.2,17.0
2025-10-13,073240,,6.8,-6.7,-4.6,10.9
2025-10-14,073240,,6.74,-0.6,-2.1,2.4
2025-10-15,073240,,6.73,-4.4,3.3,1.5
2025-10-16,073240,,6.7,-4.1,6.2,-2.7
2025-10-17,073240,,6.68,3.9,1.3,-6.4
2025-10-20,073240,,6.72,2.3,6.5,-8.8
2025-10-21,073240,,6.75,5.2,6.0,-11.0
2025-10-22,073240,,6.79,-3.1,7.4,-4.3
2025-10-23,073240,,6.76,-1.9,-0.3,2.2
2025-10-24,073240,,6.75,-1.1,5.8,-4.6
2025-10-27,073240,,6.74,-3.0,3.8,-0.5
2025-10-28,073240,,6.72,1.0,-1.1,0.1
2025-10-29,073240,,6.73,1.3,4.2,-5.4
2025-10-30,073240,,6.75,-0.8,-10.8,10.8
2025-10-31,073240,4720.0,6.73,-1.4,2.6,-1.3
2025-11-03,073240,,6.72,-2.1,1.7,-0.2
2025-11-04,073240,,6.7,-3.2,-1.3,4.0
2025-11-05,073240,,6.67,8.7,1.3,-10.9
2025-11-06,073240,,6.74,64.1,0.3,-65.5
2025-11-07,073240,,7.26,59.2,-39.8,-19.1
2025-11-10,073240,,7.68,119.7,-22.0,-98.1
2025-11-11,073240,,8.57,22.1,8.9,-28.0
2025-11-12,073240,,8.71,7.8,-1.1,-6.2
2025-11-13,073240,,8.74,7.4,-3.3,-4.3
2025-11-14,073240,,8.65,13.3,2.7,-16.0
2025-11-17,073240,,8.6,-6.0,2.2,4.4
2025-11-18,073240,,8.54,9.6,1.0,-10.9
2025-11-19,073240,,8.61,-1.6,5.1,-3.3
2025-11-20,073240,,8.6,-0.1,2.5,-1.8
2025-11-21,073240,,8.59,-2.3,6.7,-4.8
2025-11-24,073240,,8.56,-1.8,5.7,-3.8
2025-11-25,073240,,8.55,0.9,0.8,-1.7
2025-11-26,073240,,8.56,3.1,5.9,-10.9
2025-11-27,073240,,8.59,10.3,9.7,-20.3
2025-11-28,073240,5860.0,8.66,3.4,2.7,-6.4
2025-12-01,073240,,8.69,-1.4,3.0,-1.2
2025-12-02,073240,,8.67,0.8,-3.4,1.4
2025-12-03,073240,,8.65,20.5,0.9,-21.9
2025-12-04,073240,,8.79,-2.7,-3.2,3.7
2025-12-05,073240,,8.76,-1.7,-0.4,-2.6
2025-12-08,073240,,8.75,3.7,-0.7,-0.6
2025-12-09,073240,,8.67,6.6,-1.9,-5.3
2025-12-10,073240,,8.7,3.5,2.3,-5.9
2025-12-11,073240,,8.72,1.4,0.5,-1.3
2025-12-12,073240,,8.72,-3.7,8.0,-5.5
2025-12-15,073240,,8.7,5.0,-0.9,-4.4
2025-12-16,073240,,8.73,-5.3,4.4,0.8
2025-12-17,073240,,8.69,1.4,9.2,-11.0
2025-12-18,073240,,8.49,-9.0,10.7,-2.0
2025-12-19,073240,,8.4,-1.4,9.2,-7.9
2025-12-22,073240,,8.4,-1.6,8.4,-7.5
2025-12-23,073240,,8.39,-8.8,-1.4,9.6
2025-12-24,073240,,8.35,0.5,4.3,-5.8
2025-12-26,073240,,8.33,-1.7,1.2,0.1
2025-12-29,073240,,8.31,4.9,-1.4,-4.2
2025-12-30,073240,5860.0,8.34,2.9,2.3,-6.4
2026-01-02,073240,,8.35,-6.1,0.6,3.7
2026-01-05,073240,,8.31,7.2,2.8,-10.0
2026-01-06,073240,,8.36,3.2,0.3,-3.1
2026-01-07,073240,,8.38,25.0,-12.7,-10.3
2026-01-08,073240,,8.54,11.7,-3.1,-6.6
2026-01-09,073240,,8.62,-3.4,3.8,-0.3
2026-01-12,073240,,8.6,1.6,1.2,-2.9
2026-01-13,073240,,8.61,-1.0,-1.6,2.3
2026-01-14,073240,,8.59,6.6,0.3,-7.0
2026-01-15,073240,,8.62,5.5,9.7,-14.8
2026-01-16,073240,,8.68,13.6,5.2,-21.6
2026-01-19,073240,,8.79,8.0,-4.5,-3.6
2026-01-20,073240,,8.84,12.9,-4.6,-8.6
2026-01-21,073240,,8.92,17.3,-3.6,-13.7
2026-01-22,073240,,8.99,10.9,1.7,-12.6
2026-01-23,073240,,9.06,-3.6,11.1,-7.5
2026-01-26,073240,,9.03,5.5,-4.6,-0.8
2026-01-27,073240,,9.06,5.5,-0.7,-5.6
2026-01-28,073240,,9.08,8.9,-0.8,-7.2
2026-01-29,073240,,9.13,1.2,7.6,-8.6
2026-01-30,073240,6020.0,9.11,5.7,-1.4,-4.1
2026-02-02,073240,,9.16,1.6,-11.2,8.0
2026-02-03,073240,,9.16,2.0,-1.5,-0.7
2026-02-04,073240,,9.17,14.7,4.0,-18.4
2026-02-05,073240,,9.21,-10.1,-8.4,18.5
2026-02-06,073240,,9.14,10.0,1.9,-11.9
2026-02-09,073240,,9.19,155.1,-79.6,-72.4
2026-02-10,073240,,10.05,149.0,-79.7,-68.4
2026-02-11,073240,,10.78,93.3,-41.5,-50.6
2026-02-12,073240,,11.26,-24.7,0.2,24.4
2026-02-13,073240,,11.13,5.2,-6.9,1.9
2026-02-19,073240,,11.14,9.9,-8.9,-1.1
2026-02-20,073240,,11.19,-2.7,3.7,-1.1
2026-02-23,073240,,11.18,20.7,-11.5,-8.9
2026-02-24,073240,,11.29,3.1,2.9,-6.0
2026-02-25,073240,,11.2,10.8,-9.0,-1.8
2026-02-26,073240,,11.24,-0.6,1.6,-0.8
2026-02-27,073240,6980.0,11.24,6.0,-0.1,-6.6
2026-03-03,073240,,11.27,14.0,1.1,-13.9
2026-03-04,073240,,11.34,13.5,-17.8,4.4
2026-03-05,073240,,11.4,6.1,-6.4,0.2
2026-03-06,073240,,11.44,8.1,-12.8,4.7
2026-03-09,073240,,11.48,7.7,-5.5,-2.2
2026-03-10,073240,,11.53,-1.8,-0.8,2.6
2026-03-11,073240,,11.52,-6.3,-0.5,6.9
2026-03-12,073240,,11.47,-5.3,-3.4,8.4
2026-03-13,073240,,11.44,-3.1,-8.9,12.0
2026-03-16,073240,,11.42,3.2,-4.9,1.8
2026-03-17,073240,,11.44,11.1,-6.8,-4.5
2026-03-18,073240,,11.51,-0.7,11.7,-10.4
2026-03-19,073240,,11.52,-1.4,-4.9,6.3
2026-03-20,073240,,11.5,7.3,-3.1,-4.1
2026-03-23,073240,,11.55,2.2,-6.9,4.6
2026-03-24,073240,,11.55,5.9,7.1,-12.6
2026-03-25,073240,,11.61,-3.7,2.6,1.1
2026-03-26,073240,,11.59,0.5,0.2,-0.8
2026-03-27,073240,,11.58,8.4,-1.8,-6.4
2026-03-30,073240,,11.66,-4.5,-0.3,4.3
2026-03-31,073240,5950.0,11.63,-3.2,4.3,-1.1
2026-04-01,073240,,11.61,-6.0,11.3,-5.3
2026-04-02,073240,,11.57,5.9,-1.4,-4.5
2026-04-03,073240,,11.58,-4.4,-2.3,6.8
2026-04-06,073240,,11.54,-3.7,3.5,0.2
2026-04-07,073240,,11.51,-0.2,-5.2,5.4
2026-04-08,073240,,11.5,3.9,8.7,-11.7
2026-04-09,073240,,11.55,-2.4,5.0,-2.7
2026-04-10,073240,,11.54,-13.2,2.3,9.9
2026-04-13,073240,,11.45,-10.6,-1.8,12.4
2026-04-14,073240,,11.38,-2.6,3.0,-0.4
2026-04-15,073240,,11.36,-16.0,3.8,12.2
2026-04-16,073240,,11.26,-14.4,0.5,13.9
2026-04-17,073240,,11.16,-13.7,-3.2,15.4
2026-04-20,073240,,11.08,-7.7,-1.7,9.4
2026-04-21,073240,,11.06,-9.7,-1.8,12.0
2026-04-22,073240,,11.0,-3.8,-3.2,7.0
2026-04-23,073240,,10.98,-9.4,-3.8,13.2
2026-04-24,073240,,10.93,-1.4,-1.3,2.7
2026-04-27,073240,,10.98,-4.4,-0.7,5.1
2026-04-28,073240,,10.95,-44.1,-5.2,49.0
2026-04-29,073240,,10.67,-10.8,-7.9,18.5
2026-04-30,073240,5820.0,10.57,-26.4,-7.4,33.7
2026-05-04,073240,,10.39,-21.0,-11.2,32.0
2026-05-06,073240,,10.26,-8.4,-17.5,25.0
2026-05-07,073240,,10.27,-12.4,-1.5,13.0
2026-05-08,073240,,10.21,5.3,-9.8,4.7
2026-05-11,073240,,10.24,0.4,-10.3,10.0
2026-05-12,073240,,10.26,-4.6,-2.2,6.2
2026-05-13,073240,,10.22,-7.7,-12.1,18.8
2026-05-14,073240,,10.17,-11.0,14.7,-3.7
2026-05-15,073240,,10.1,5.0,-6.3,1.3
2026-05-18,073240,,9.99,-12.2,1.9,9.9
2026-05-19,073240,,9.91,-11.1,-3.6,14.7
2026-05-20,073240,,9.82,-2.0,-1.5,3.6
2026-05-21,073240,,9.8,2.6,-3.3,0.6
2026-05-22,073240,,9.82,4.9,-4.1,-1.1
2026-05-26,073240,,9.86,-2.5,-3.7,6.2
2026-05-27,073240,,9.83,8.3,-12.7,6.2
2026-05-28,073240,,9.89,2.1,-2.8,0.8
2026-05-29,073240,4700.0,9.9,-3.9,-1.9,5.8
2026-06-01,073240,,9.89,5.9,-1.4,-4.7
2026-06-02,073240,,9.95,-0.2,7.3,-7.2
2026-06-04,073240,,9.99,-5.3,4.3,1.0
2026-06-05,073240,,9.98,-4.4,-3.5,7.9
2026-06-08,073240,,9.96,-10.0,-2.4,10.7
2026-06-09,073240,,9.87,0.3,4.3,-4.5
2026-06-10,073240,,9.89,-5.2,1.6,3.5
2026-06-11,073240,,9.85,57.4,-69.6,11.6
2026-06-12,073240,,10.31,11.0,1.3,-12.3
2026-06-15,073240,,10.41,5.0,4.1,-9.0
2026-06-16,073240,,10.46,0.6,1.7,-2.4
2026-06-17,073240,,10.46,1.2,-2.7,1.0
2026-06-18,073240,,10.46,1.2,-2.9,1.7
2026-06-19,073240,,10.44,-1.4,-2.1,3.9
2026-06-22,073240,,10.42,0.1,-4.3,4.3
2026-06-23,073240,,10.41,-6.9,-3.1,10.3
2026-06-24,073240,,10.32,-5.7,-1.1,6.6
2026-06-25,073240,,10.27,-95.4,-30.1,124.2
2026-06-26,073240,,9.44,-78.3,-24.2,102.3
2026-06-29,073240,,8.8,-55.4,-17.9,70.9
2026-06-30,073240,4880.0,8.11,-14.0,-4.1,13.2
2026-07-01,073240,,8.03,-49.8,-10.3,55.9
2026-07-02,073240,,7.71,10.2,4.9,-16.0
2026-07-03,073240,,7.87,18.1,6.2,-20.2
2026-07-06,073240,,8.01,-5.7,-7.0,17.6
2026-07-07,073240,,8.03,-96.9,-44.3,138.8
2026-07-08,073240,,7.2,-74.0,-13.5,85.5
2026-07-09,073240,,6.61,-56.4,44.6,9.6
2026-07-10,073240,,6.25,87.1,-139.5,97.1
2026-07-13,073240,7160.0,6.83,-28.8,-39.5,62.0
2025-07-14,073490,,4.03,-1.1,-0.0,1.0
2025-07-15,073490,,3.96,-0.3,-0.0,0.4
2025-07-16,073490,,3.97,0.1,-0.0,-0.1
2025-07-17,073490,,3.98,0.7,-0.1,-0.7
2025-07-18,073490,,4.02,-0.8,0.0,0.7
2025-07-21,073490,,3.96,0.1,-0.1,0.0
2025-07-22,073490,,3.96,-0.9,-0.1,1.0
2025-07-23,073490,,3.91,-0.4,-0.1,0.5
2025-07-24,073490,,3.88,-0.1,-0.0,0.6
2025-07-25,073490,,3.87,-0.1,0.0,0.1
2025-07-28,073490,,3.86,0.1,-0.0,-0.1
2025-07-29,073490,,3.87,-0.6,-0.0,0.6
2025-07-30,073490,,3.83,0.5,-0.3,-0.2
2025-07-31,073490,,3.87,0.4,0.0,-0.4
2025-08-01,073490,,3.97,-1.7,-0.0,1.7
2025-08-04,073490,,3.85,0.7,0.0,-0.6
2025-08-05,073490,,3.9,-0.1,-0.2,0.3
2025-08-06,073490,,3.9,0.3,-0.0,-0.2
2025-08-07,073490,,3.9,0.1,0.0,-0.1
2025-08-08,073490,,3.9,0.6,0.1,-0.5
2025-08-11,073490,,3.94,0.9,-0.0,-0.9
2025-08-12,073490,,4.0,-0.6,-0.0,0.7
2025-08-13,073490,,3.96,0.1,0.0,-0.1
2025-08-14,073490,,3.96,-0.2,0.0,0.5
2025-08-18,073490,,3.95,-0.5,-0.0,0.5
2025-08-19,073490,,3.91,-1.5,-0.1,1.7
2025-08-20,073490,,3.81,-0.2,-0.0,0.2
2025-08-21,073490,,3.79,-0.5,-0.0,0.5
2025-08-22,073490,,3.76,-0.1,-0.1,0.2
2025-08-25,073490,,3.75,0.2,-0.0,-0.2
2025-08-26,073490,,3.86,0.0,0.2,-0.2
2025-08-27,073490,,3.85,0.1,0.0,-0.1
2025-08-28,073490,,3.86,-0.4,0.0,0.3
2025-08-29,073490,19010.0,3.84,-0.1,0.2,-0.1
2025-09-01,073490,,3.87,-0.7,-0.7,1.4
2025-09-02,073490,,3.72,0.0,0.0,-0.0
2025-09-03,073490,,3.72,-0.2,-0.0,0.3
2025-09-04,073490,,3.67,2.1,-0.0,-2.0
2025-09-05,073490,,3.81,6.7,2.1,-9.1
2025-09-08,073490,,4.24,0.1,-0.0,-0.0
2025-09-09,073490,,4.25,0.0,-0.1,0.0
2025-09-10,073490,,4.25,0.3,0.2,-0.5
2025-09-11,073490,,4.27,1.6,-0.8,-0.5
2025-09-12,073490,,4.37,0.5,0.8,-1.2
2025-09-15,073490,,4.39,0.2,0.2,-0.4
2025-09-16,073490,,4.4,-0.6,-0.0,0.6
2025-09-17,073490,,4.37,1.5,-0.1,-1.4
2025-09-18,073490,,4.46,0.8,0.0,-0.8
2025-09-19,073490,,4.51,1.9,0.0,-1.9
2025-09-22,073490,,4.62,0.6,0.0,-0.7
2025-09-23,073490,,4.66,1.4,-0.0,-1.4
2025-09-24,073490,,4.74,0.3,0.0,-0.4
2025-09-25,073490,,4.76,0.8,0.1,-0.9
2025-09-26,073490,,4.81,-1.1,-0.8,2.0
2025-09-29,073490,,4.74,-0.0,-0.1,0.1
2025-09-30,073490,20550.0,4.74,-0.1,-0.0,0.2
2025-10-01,073490,,4.73,-0.1,-0.0,0.1
2025-10-02,073490,,4.72,0.1,-0.1,-0.0
2025-10-10,073490,,4.73,-0.2,0.4,-0.3
2025-10-13,073490,,4.72,2.0,-1.3,-1.0
2025-10-14,073490,,4.84,0.1,-0.1,0.1
2025-10-15,073490,,4.85,2.4,1.8,-4.2
2025-10-16,073490,,4.99,-3.6,-0.1,3.7
2025-10-17,073490,,4.79,-4.3,-0.5,4.8
2025-10-20,073490,,4.37,-3.1,0.0,3.1
2025-10-21,073490,,4.18,0.7,0.3,-1.2
2025-10-22,073490,,4.22,-0.4,-1.0,1.5
2025-10-23,073490,,4.2,-0.9,-0.1,1.0
2025-10-24,073490,,4.11,-0.8,0.3,0.5
2025-10-27,073490,,4.06,1.6,-0.6,-1.0
2025-10-28,073490,,4.16,-0.3,0.0,0.4
2025-10-29,073490,,4.14,-8.5,1.1,7.0
2025-10-30,073490,,3.68,-1.5,0.0,-0.7
2025-10-31,073490,23400.0,3.6,-1.1,1.2,0.1
2025-11-03,073490,,3.54,-1.4,1.2,0.2
2025-11-04,073490,,3.46,-1.3,0.4,3.0
2025-11-05,073490,,3.39,0.1,0.4,-0.3
2025-11-06,073490,,3.4,-1.0,1.2,-0.2
2025-11-07,073490,,3.35,-1.8,-0.3,2.1
2025-11-10,073490,,3.22,0.3,0.6,-0.8
2025-11-11,073490,,3.08,1.6,0.4,-2.1
2025-11-12,073490,,3.16,-0.5,-0.4,0.9
2025-11-13,073490,,3.13,-2.7,-0.1,2.7
2025-11-14,073490,,2.98,-1.7,-0.4,2.1
2025-11-17,073490,,2.88,0.9,0.3,-1.1
2025-11-18,073490,,2.94,-3.3,2.0,1.3
2025-11-19,073490,,2.74,-1.1,0.2,0.9
2025-11-20,073490,,2.68,-1.0,0.2,0.9
2025-11-21,073490,,2.62,-0.8,0.0,0.8
2025-11-24,073490,,2.57,-2.0,-1.5,3.4
2025-11-25,073490,,2.44,0.5,-0.6,0.1
2025-11-26,073490,,2.48,1.2,0.2,-1.7
2025-11-27,073490,,2.55,-1.0,-0.8,1.8
2025-11-28,073490,22650.0,2.49,2.3,0.4,-2.7
2025-12-01,073490,,4.06,-1.1,-0.7,1.8
2025-12-02,073490,,4.07,0.6,0.2,-0.8
2025-12-03,073490,,4.1,2.1,0.1,-2.2
2025-12-04,073490,,4.21,-0.7,-0.4,1.1
2025-12-05,073490,,4.18,-0.5,0.3,0.2
2025-12-08,073490,,4.15,-0.3,0.1,0.2
2025-12-09,073490,,4.13,-0.1,-0.1,0.3
2025-12-10,073490,,4.13,0.2,-0.0,-0.2
2025-12-11,073490,,4.14,2.3,0.2,-2.5
2025-12-12,073490,,4.28,-0.2,0.3,-0.2
2025-12-15,073490,,4.26,0.3,0.2,-0.4
2025-12-16,073490,,4.22,-2.5,0.2,2.4
2025-12-17,073490,,4.08,-0.7,0.3,0.4
2025-12-18,073490,,3.97,-1.3,0.3,1.0
2025-12-19,073490,,3.89,0.8,0.2,-1.0
2025-12-22,073490,,3.94,9.7,0.9,-10.9
2025-12-23,073490,,4.47,-5.0,-0.5,5.5
2025-12-24,073490,,4.19,-3.3,0.0,3.3
2025-12-26,073490,,2.64,-1.1,-0.0,3.5
2025-12-29,073490,,2.58,0.5,0.0,0.6
2025-12-30,073490,22400.0,2.61,-0.7,-0.3,1.0
2026-01-02,073490,,2.56,16.5,-1.3,-14.9
2026-01-05,073490,,3.47,2.3,1.8,-4.0
2026-01-06,073490,,3.79,-0.4,-0.9,2.1
2026-01-07,073490,,4.3,-0.0,-3.8,3.8
2026-01-08,073490,,4.3,-12.0,-1.8,14.0
2026-01-09,073490,,3.65,-1.4,0.4,0.9
2026-01-12,073490,,3.57,-2.3,0.9,1.4
2026-01-13,073490,,3.45,-1.5,0.2,1.3
2026-01-14,073490,,3.95,-1.6,-0.1,0.8
2026-01-15,073490,,3.86,0.1,0.3,-0.5
2026-01-16,073490,,3.87,-4.0,-0.4,4.6
2026-01-19,073490,,3.64,4.4,0.3,-3.2
2026-01-20,073490,,3.88,6.8,0.3,-5.3
2026-01-21,073490,,4.23,1.8,-5.6,3.6
2026-01-22,073490,,4.31,-5.0,-0.2,5.0
2026-01-23,073490,,4.08,0.3,-0.7,0.6
2026-01-26,073490,,4.1,-1.1,4.7,-3.8
2026-01-27,073490,,4.05,0.2,0.7,-1.1
2026-01-28,073490,,4.06,2.0,-0.6,-1.1
2026-01-29,073490,,4.06,-1.0,-0.0,1.5
2026-01-30,073490,29650.0,4.01,-0.2,0.1,-1.2
2026-02-02,073490,,4.0,3.1,-0.5,-2.7
2026-02-03,073490,,4.14,3.0,1.0,-4.0
2026-02-04,073490,,4.27,-2.8,-1.7,4.5
2026-02-05,073490,,3.83,0.4,1.4,-1.9
2026-02-06,073490,,3.84,3.5,-1.3,-2.5
2026-02-09,073490,,3.98,9.9,1.6,-11.3
2026-02-10,073490,,4.36,-12.0,0.4,5.2
2026-02-11,073490,,3.89,9.1,3.1,-12.2
2026-02-12,073490,,4.23,-0.8,-2.4,3.3
2026-02-13,073490,,4.12,1.2,-0.3,-1.2
2026-02-19,073490,,4.16,-1.2,-0.8,2.8
2026-02-20,073490,,4.12,-3.4,0.1,3.0
2026-02-23,073490,,4.0,7.4,-0.1,-6.2
2026-02-24,073490,,4.33,0.9,-1.2,-0.3
2026-02-25,073490,,4.37,-2.9,0.2,2.7
2026-02-26,073490,,4.26,5.3,0.2,-5.4
2026-02-27,073490,34950.0,4.46,3.0,0.4,2.1
2026-03-03,073490,,4.57,4.1,-2.4,-2.2
2026-03-04,073490,,4.73,7.0,-2.6,-5.1
2026-03-05,073490,,5.03,6.4,-1.6,-4.4
2026-03-06,073490,,5.29,-2.0,-1.1,3.1
2026-03-09,073490,,5.21,-6.0,0.0,6.0
2026-03-10,073490,,5.0,13.4,2.8,-15.0
2026-03-11,073490,,5.72,30.9,22.8,-56.3
2026-03-12,073490,,6.43,-15.8,-0.3,14.9
2026-03-13,073490,,6.02,7.2,-20.0,11.0
2026-03-16,073490,,6.25,1.4,-0.6,1.1
2026-03-17,073490,,5.93,-19.9,-1.0,19.7
2026-03-18,073490,,5.38,-2.7,-1.5,5.5
2026-03-19,073490,,5.32,-13.3,1.8,13.1
2026-03-20,073490,,4.92,1.0,-0.4,-0.7
2026-03-23,073490,,4.96,-3.7,2.3,1.1
2026-03-24,073490,,4.84,-5.7,-0.9,6.8
2026-03-25,073490,,4.65,20.3,12.3,-31.2
2026-03-26,073490,,5.24,-27.9,-1.2,27.8
2026-03-27,073490,,4.38,-14.2,11.6,2.8
2026-03-30,073490,,3.99,-8.5,-6.1,15.0
2026-03-31,073490,38050.0,3.71,6.8,-0.3,-6.2
2026-04-01,073490,,3.96,22.0,-3.9,-19.0
2026-04-02,073490,,4.64,6.4,-0.6,-5.9
2026-04-03,073490,,4.89,-1.2,-2.3,5.3
2026-04-06,073490,,4.82,-23.4,-1.6,24.7
2026-04-07,073490,,4.09,-10.1,6.9,3.3
2026-04-08,073490,,3.77,-1.5,-1.1,2.8
2026-04-09,073490,,3.72,-5.4,-8.4,13.6
2026-04-10,073490,,3.55,2.9,-1.4,-1.8
2026-04-13,073490,,3.64,29.2,-19.6,-5.5
2026-04-14,073490,,4.48,-25.2,-16.3,41.5
2026-04-15,073490,,3.79,-15.3,-2.9,17.7
2026-04-16,073490,,3.36,0.4,-1.0,0.4
2026-04-17,073490,,3.38,18.4,3.9,-23.4
2026-04-20,073490,,3.95,-7.8,-0.9,8.5
2026-04-21,073490,,3.73,49.5,-12.2,-35.6
2026-04-22,073490,,4.98,7.5,16.2,-25.9
2026-04-23,073490,,5.32,-17.4,6.5,9.8
2026-04-24,073490,,4.96,-23.3,1.7,22.0
2026-04-27,073490,,4.43,-20.3,1.7,18.3
2026-04-28,073490,,4.13,-15.5,-6.9,22.5
2026-04-29,073490,,3.99,-48.2,2.4,43.8
2026-04-30,073490,52600.0,3.03,-15.8,-2.0,18.3
2026-05-04,073490,,2.72,-9.9,-2.8,13.1
2026-05-06,073490,,2.64,1.8,1.0,-2.6
2026-05-07,073490,,2.69,13.2,-17.9,2.0
2026-05-08,073490,,3.01,-1.3,1.8,1.2
2026-05-11,073490,,2.98,-1.8,-9.7,10.4
2026-05-12,073490,,2.93,3.7,4.3,-7.1
2026-05-13,073490,,3.17,-3.5,0.5,2.1
2026-05-14,073490,,3.06,9.6,-11.8,0.3
2026-05-15,073490,,3.33,22.3,0.2,-23.8
2026-05-18,073490,,3.92,19.8,-8.9,-14.1
2026-05-19,073490,,4.54,8.5,-4.7,-3.9
2026-05-20,073490,,4.64,23.8,-0.5,-23.4
2026-05-21,073490,,5.42,-5.7,-0.0,8.6
2026-05-22,073490,,5.26,7.7,0.1,-10.2
2026-05-26,073490,,5.44,-36.9,0.3,37.7
2026-05-27,073490,,4.43,5.5,-0.2,-4.8
2026-05-28,073490,,4.55,-2.3,-0.1,2.3
2026-05-29,073490,42200.0,4.46,1.2,0.4,-1.1
2026-06-01,073490,,4.51,8.0,0.4,-7.9
2026-06-02,073490,,4.77,17.2,0.4,-16.6
2026-06-04,073490,,5.33,-4.3,1.5,2.9
2026-06-05,073490,,5.19,12.1,-1.5,-11.3
2026-06-08,073490,,5.63,21.1,-0.8,-20.7
2026-06-09,073490,,6.0,0.1,0.1,-0.1
2026-06-10,073490,,6.03,7.6,-2.0,-4.2
2026-06-11,073490,,6.32,5.1,0.0,-5.1
2026-06-12,073490,,6.52,-4.9,9.8,-4.8
2026-06-15,073490,,6.34,-2.5,-0.4,3.0
2026-06-16,073490,,6.29,-3.1,-0.2,3.3
2026-06-17,073490,,6.18,1.8,0.6,-2.4
2026-06-18,073490,,6.19,4.4,-2.3,-2.2
2026-06-19,073490,,6.45,14.7,-1.1,-13.9
2026-06-22,073490,,7.06,4.5,-0.3,-4.0
2026-06-23,073490,,7.26,9.8,0.8,-8.0
2026-06-24,073490,,7.7,4.8,-0.0,-4.5
2026-06-25,073490,,7.93,-1.6,-0.1,1.7
2026-06-26,073490,,7.86,14.2,0.3,-14.8
2026-06-29,073490,,8.58,1.1,-0.1,-0.9
2026-06-30,073490,26900.0,8.64,-1.7,0.4,1.3
2026-07-01,073490,,8.51,-2.8,-0.0,2.9
2026-07-02,073490,,8.38,-2.1,-3.6,5.7
2026-07-03,073490,,8.27,5.4,-0.0,-5.3
2026-07-06,073490,,8.56,-0.4,-0.2,0.9
2026-07-07,073490,,8.54,3.1,-0.0,-3.1
2026-07-08,073490,,8.71,-1.1,-0.1,1.1
2026-07-09,073490,,8.66,0.9,-0.1,-0.8
2026-07-10,073490,,8.71,1.3,-0.0,-1.2
2026-07-13,073490,25250.0,8.74,-3.5,0.0,3.6
2025-07-14,073540,,1.57,0.0,,-0.1
2025-07-15,073540,,1.56,0.0,,0.0
2025-07-16,073540,,1.56,0.1,,-0.1
2025-07-17,073540,,1.61,-0.0,,0.0
2025-07-18,073540,,1.59,0.0,,-0.0
2025-07-21,073540,,1.59,0.0,,-0.0
2025-07-22,073540,,1.61,-0.1,,0.1
2025-07-23,073540,,1.58,-0.0,,0.0
2025-07-24,073540,,1.56,-0.1,,0.1
2025-07-25,073540,,1.53,0.0,,-0.0
2025-07-28,073540,,1.55,-0.1,,0.1
2025-07-29,073540,,1.49,-0.0,,-0.0
2025-07-30,073540,,1.49,0.0,,-0.0
2025-07-31,073540,,1.5,0.0,,0.0
2025-08-01,073540,,1.52,-0.1,,0.1
2025-08-04,073540,,1.48,-0.0,,0.0
2025-08-05,073540,,1.46,-0.0,,0.0
2025-08-06,073540,,1.45,0.0,,-0.0
2025-08-07,073540,,1.45,-0.0,,-0.0
2025-08-08,073540,,1.44,-0.1,,0.0
2025-08-11,073540,,1.39,0.0,,-0.0
2025-08-12,073540,,1.41,0.1,,-0.1
2025-08-13,073540,,1.43,0.0,,-0.0
2025-08-14,073540,,1.7,0.0,,-0.0
2025-08-18,073540,,1.72,-0.0,,0.0
2025-08-19,073540,,1.72,-0.0,,-0.0
2025-08-20,073540,,1.7,-0.1,,0.1
2025-08-21,073540,,1.68,0.1,,-0.1
2025-08-22,073540,,1.7,0.0,,-0.0
2025-08-25,073540,,1.72,0.1,,-0.1
2025-08-26,073540,,1.8,-0.0,,-0.0
2025-08-27,073540,,1.8,-0.0,,0.0
2025-08-28,073540,,1.78,0.1,,-0.1
2025-08-29,073540,1864.0,1.84,-0.0,,0.0
2025-09-01,073540,,1.84,0.1,,-0.1
2025-09-02,073540,,1.91,-0.0,,0.3
2025-09-03,073540,,1.96,-0.9,,2.1
2025-09-04,073540,,1.67,1.6,,-0.3
2025-09-05,073540,,2.23,0.1,,0.1
2025-09-08,073540,,2.23,-1.1,,1.1
2025-09-09,073540,,1.86,-0.5,,0.5
2025-09-10,073540,,1.68,-0.2,,0.2
2025-09-11,073540,,1.61,0.1,,-0.1
2025-09-12,073540,,1.65,0.2,,-0.2
2025-09-15,073540,,1.71,0.3,,-0.3
2025-09-16,073540,,1.82,0.1,,-0.1
2025-09-17,073540,,1.84,0.0,,-0.0
2025-09-18,073540,,1.85,-0.2,-0.1,0.3
2025-09-19,073540,,1.77,0.1,,-0.1
2025-09-22,073540,,1.81,0.1,-0.2,0.1
2025-09-23,073540,,1.85,-0.1,-0.0,0.1
2025-09-24,073540,,1.82,0.1,-0.1,0.0
2025-09-25,073540,,1.85,0.6,-0.2,-0.5
2025-09-26,073540,,2.07,-0.3,-0.2,-0.0
2025-09-29,073540,,1.95,0.1,-0.1,-0.1
2025-09-30,073540,2435.0,1.99,0.1,-0.1,-0.0
2025-10-01,073540,,2.04,-0.1,-0.1,0.0
2025-10-02,073540,,2.0,0.1,-0.1,0.0
2025-10-10,073540,,2.04,0.1,-0.2,-0.3
2025-10-13,073540,,2.06,0.2,0.0,-0.1
2025-10-14,073540,,2.15,-0.2,-0.1,0.3
2025-10-15,073540,,2.09,0.2,-0.1,-0.1
2025-10-16,073540,,2.17,1.0,-0.1,-0.9
2025-10-17,073540,,2.54,-1.3,,1.3
2025-10-20,073540,,2.07,0.3,,-0.4
2025-10-21,073540,,2.18,0.1,,-0.0
2025-10-22,073540,,2.21,0.0,,-0.0
2025-10-23,073540,,2.57,0.1,,-0.1
2025-10-24,073540,,2.61,0.0,,-0.0
2025-10-27,073540,,2.62,0.1,,-0.1
2025-10-28,073540,,2.68,-0.0,,-0.0
2025-10-29,073540,,2.67,0.2,,-0.1
2025-10-30,073540,,2.73,-0.2,,0.2
2025-10-31,073540,2050.0,2.66,0.2,,-0.2
2025-11-03,073540,,2.74,-0.1,,0.1
2025-11-04,073540,,2.69,0.0,,-0.0
2025-11-05,073540,,2.7,-0.0,,-0.0
2025-11-06,073540,,2.68,-0.1,,0.1
2025-11-07,073540,,2.34,0.0,,-0.1
2025-11-10,073540,,2.36,0.0,,-0.0
2025-11-11,073540,,2.36,-0.0,,0.0
2025-11-12,073540,,2.34,0.0,,-0.0
2025-11-13,073540,,2.34,-0.0,,0.0
2025-11-14,073540,,2.34,0.0,,-0.1
2025-11-17,073540,,2.36,0.3,,-0.3
2025-11-18,073540,,2.54,-0.0,,-0.1
2025-11-19,073540,,2.52,-0.0,,0.0
2025-11-20,073540,,2.5,0.1,,-0.1
2025-11-21,073540,,2.54,-0.1,,0.1
2025-11-24,073540,,2.5,-0.1,,0.1
2025-11-25,073540,,2.46,-0.0,,0.0
2025-11-26,073540,,2.46,-0.0,,0.1
2025-11-27,073540,,2.45,-0.0,,0.0
2025-11-28,073540,1966.0,2.43,-0.0,,0.0
2025-12-01,073540,,2.42,-0.0,,0.0
2025-12-02,073540,,2.4,-0.0,,-0.0
2025-12-03,073540,,2.4,0.0,,-0.0
2025-12-04,073540,,2.4,-0.2,,0.2
2025-12-05,073540,,2.32,0.0,,-0.1
2025-12-08,073540,,2.33,0.0,,0.0
2025-12-09,073540,,2.33,-0.3,,0.3
2025-12-10,073540,,2.2,0.2,,-0.2
2025-12-11,073540,,2.26,0.0,,0.1
2025-12-12,073540,,2.28,-0.0,,0.0
2025-12-15,073540,,2.26,0.0,,0.2
2025-12-16,073540,,2.28,0.0,,-0.0
2025-12-17,073540,,2.29,0.0,,-0.0
2025-12-18,073540,,2.3,0.1,,-0.1
2025-12-19,073540,,2.32,0.0,,-0.0
2025-12-22,073540,,2.34,0.1,,-0.1
2025-12-23,073540,,2.37,0.0,,-0.0
2025-12-24,073540,,2.37,0.1,,-0.1
2025-12-26,073540,,2.41,-0.0,,-0.8
2025-12-29,073540,,2.4,0.0,,-0.0
2025-12-30,073540,2030.0,2.4,-0.0,,0.1
2026-01-02,073540,,2.38,-0.0,0.0,0.0
2026-01-05,073540,,2.38,0.0,0.0,-0.0
2026-01-06,073540,,2.39,0.0,0.0,-0.0
2026-01-07,073540,,2.43,-0.0,-0.0,0.0
2026-01-08,073540,,2.42,0.0,0.0,-0.0
2026-01-09,073540,,2.42,-0.0,-0.0,0.0
2026-01-12,073540,,2.41,0.0,0.0,-0.0
2026-01-13,073540,,2.43,-0.1,0.0,0.0
2026-01-14,073540,,2.03,-0.0,0.0,0.0
2026-01-15,073540,,2.02,-0.0,0.0,-0.0
2026-01-16,073540,,2.02,-0.0,-0.0,0.0
2026-01-19,073540,,2.01,0.1,-0.2,0.1
2026-01-20,073540,,2.08,-0.0,0.0,0.0
2026-01-21,073540,,2.06,-0.2,-0.0,0.2
2026-01-22,073540,,2.0,-0.1,0.0,0.0
2026-01-23,073540,,1.97,-0.1,0.0,0.1
2026-01-26,073540,,1.95,-0.0,0.0,0.0
2026-01-27,073540,,1.93,-0.0,-0.0,0.0
2026-01-28,073540,,1.93,0.0,-0.0,-0.0
2026-01-29,073540,,1.93,-0.1,-0.0,0.1
2026-01-30,073540,1997.0,1.89,0.1,-0.0,-0.1
2026-02-02,073540,,1.92,-0.0,0.0,0.0
2026-02-03,073540,,1.91,0.0,-0.0,-0.0
2026-02-04,073540,,1.92,-0.0,-0.0,0.0
2026-02-05,073540,,1.9,0.0,0.0,-0.0
2026-02-06,073540,,1.91,0.0,-0.0,-0.0
2026-02-09,073540,,1.93,-0.0,0.0,0.0
2026-02-10,073540,,1.92,-0.0,0.0,0.0
2026-02-11,073540,,1.92,0.0,0.0,-0.0
2026-02-12,073540,,1.92,-0.0,0.0,-0.0
2026-02-13,073540,,1.92,0.0,0.0,-0.0
2026-02-19,073540,,1.93,-0.4,-0.0,0.3
2026-02-20,073540,,1.78,0.1,0.0,-0.1
2026-02-23,073540,,1.81,0.0,0.0,-0.0
2026-02-24,073540,,1.81,0.0,0.0,-0.0
2026-02-25,073540,,1.82,-0.1,0.0,0.1
2026-02-26,073540,,1.79,0.0,0.0,-0.0
2026-02-27,073540,2020.0,1.8,-0.0,0.0,-0.0
2026-03-03,073540,,1.79,-0.1,0.0,0.1
2026-03-04,073540,,1.74,-0.2,0.0,0.2
2026-03-05,073540,,1.64,-0.1,-0.0,0.1
2026-03-06,073540,,1.61,-0.1,0.1,-0.0
2026-03-09,073540,,1.58,-0.1,0.1,-0.1
2026-03-10,073540,,1.55,0.0,-0.0,-0.0
2026-03-11,073540,,1.55,0.1,-0.0,-0.1
2026-03-12,073540,,1.6,-0.4,-0.0,1.0
2026-03-13,073540,,1.48,1.1,-0.4,-1.3
2026-03-16,073540,,1.88,-0.7,0.0,0.7
2026-03-17,073540,,1.73,-0.1,0.0,0.1
2026-03-18,073540,,1.74,1.5,0.0,-1.5
2026-03-19,073540,,2.38,0.7,0.0,-0.7
2026-03-20,073540,,2.66,-0.4,0.0,0.4
2026-03-23,073540,,2.52,-0.0,0.0,0.0
2026-03-24,073540,,2.51,0.6,-0.0,-0.3
2026-03-25,073540,,2.78,-1.0,-0.0,1.0
2026-03-26,073540,,2.45,-0.1,0.0,0.1
2026-03-27,073540,,2.41,-0.2,-0.0,0.6
2026-03-30,073540,,2.36,-0.6,0.0,0.7
2026-03-31,073540,2560.0,2.16,-0.2,0.0,0.2
2026-04-01,073540,,2.1,1.5,-0.1,-1.3
2026-04-02,073540,,2.52,1.4,0.0,-1.5
2026-04-03,073540,,2.94,-2.7,-0.0,2.7
2026-04-06,073540,,2.15,-1.1,0.0,1.1
2026-04-07,073540,,1.85,-0.1,0.0,0.1
2026-04-08,073540,,1.82,-0.9,-0.2,-2.5
2026-04-09,073540,,1.6,-1.7,-0.0,5.0
2026-04-10,073540,,1.2,0.2,0.0,2.6
2026-04-13,073540,,1.31,-1.3,0.0,1.1
2026-04-14,073540,,1.06,-0.3,-0.0,0.8
2026-04-15,073540,,1.13,-0.1,,0.2
2026-04-16,073540,,1.17,0.5,,-1.2
2026-04-17,073540,,1.28,0.1,,-0.6
2026-04-20,073540,,1.5,0.4,,-0.8
2026-04-21,073540,,1.58,0.1,,-0.1
2026-04-22,073540,,1.6,-0.2,,0.8
2026-04-23,073540,,1.56,0.3,,0.3
2026-04-24,073540,,1.61,-0.2,,0.4
2026-04-27,073540,,1.57,-0.3,,0.5
2026-04-28,073540,,1.51,-0.3,,0.4
2026-04-29,073540,,1.46,0.3,,-0.5
2026-04-30,073540,4060.0,1.52,-1.3,0.0,1.4
2026-05-04,073540,,1.43,-0.1,-0.0,0.2
2026-05-06,073540,,1.4,-0.3,0.0,0.3
2026-05-07,073540,,1.35,-1.1,0.0,1.0
2026-05-08,073540,,1.19,0.2,0.0,-0.2
2026-05-11,073540,,1.23,-1.6,-0.0,1.6
2026-05-12,073540,,0.91,-0.2,0.0,0.2
2026-05-13,073540,,0.93,0.6,0.0,-0.6
2026-05-14,073540,,1.02,2.1,-0.0,-2.1
2026-05-15,073540,,1.51,0.6,0.3,-0.9
2026-05-18,073540,,1.66,0.2,-0.0,-0.2
2026-05-19,073540,,1.74,0.3,0.0,-0.3
2026-05-20,073540,,1.7,-1.1,-0.0,1.1
2026-05-21,073540,,1.56,-0.2,0.0,0.2
2026-05-22,073540,,1.5,0.1,-0.0,-0.3
2026-05-26,073540,,1.53,-0.6,0.0,0.6
2026-05-27,073540,,1.39,-0.4,0.0,0.6
2026-05-28,073540,,1.28,0.7,0.3,-1.1
2026-05-29,073540,3040.0,1.49,0.4,-0.0,-0.4
2026-06-01,073540,,1.59,-0.4,0.0,0.4
2026-06-02,073540,,1.47,0.7,0.0,-0.7
2026-06-04,073540,,1.71,-0.8,,0.8
2026-06-05,073540,,1.47,-0.3,0.0,0.2
2026-06-08,073540,,1.38,0.2,-0.0,-0.2
2026-06-09,073540,,1.44,-0.1,,0.1
2026-06-10,073540,,1.39,0.2,0.0,-0.2
2026-06-11,073540,,1.48,-0.0,-0.0,-0.0
2026-06-12,073540,,1.49,0.1,0.0,-0.1
2026-06-15,073540,,1.51,-0.2,0.0,0.2
2026-06-16,073540,,1.45,0.0,-0.4,0.3
2026-06-17,073540,,1.45,0.2,-0.2,-0.1
2026-06-18,073540,,1.43,-0.1,0.0,0.1
2026-06-19,073540,,1.45,-0.2,0.0,0.2
2026-06-22,073540,,1.38,0.3,-0.0,-0.3
2026-06-23,073540,,1.49,0.2,0.0,-0.2
2026-06-24,073540,,1.59,-0.4,,0.4
2026-06-25,073540,,1.45,-0.4,0.0,0.4
2026-06-26,073540,,1.32,-0.0,-0.0,0.0
2026-06-29,073540,,1.33,0.8,0.3,-1.1
2026-06-30,073540,2315.0,1.68,0.1,0.0,-0.1
2026-07-01,073540,,1.72,0.0,-0.0,0.0
2026-07-02,073540,,1.72,0.1,-0.0,-0.1
2026-07-03,073540,,1.74,-0.1,0.0,0.1
2026-07-06,073540,,1.71,0.3,0.0,-0.3
2026-07-07,073540,,1.81,0.1,0.0,-0.1
2026-07-08,073540,,1.84,-0.1,0.0,0.1
2026-07-09,073540,,1.79,-0.1,-0.0,0.1
2026-07-10,073540,,1.75,2.4,0.0,-2.4
2026-07-13,073540,1992.0,2.7,-0.3,-0.0,0.3
2025-07-14,073560,,1.95,0.5,-0.0,-0.5
2025-07-15,073560,,2.0,-0.7,-0.0,0.7
2025-07-16,073560,,1.93,-1.1,0.0,1.1
2025-07-17,073560,,1.83,-0.9,0.0,0.9
2025-07-18,073560,,1.74,-0.3,0.0,0.3
2025-07-21,073560,,1.72,-0.3,0.1,0.2
2025-07-22,073560,,1.69,-0.2,-0.1,0.3
2025-07-23,073560,,1.67,0.1,-0.0,-0.1
2025-07-24,073560,,1.68,-0.4,0.0,0.4
2025-07-25,073560,,1.64,-0.1,-0.0,0.1
2025-07-28,073560,,1.63,-0.9,0.0,0.9
2025-07-29,073560,,1.55,-0.1,0.0,0.1
2025-07-30,073560,,1.52,0.4,-0.0,-0.4
2025-07-31,073560,,1.56,1.1,0.0,-1.2
2025-08-01,073560,,1.67,-1.0,0.0,1.6
2025-08-04,073560,,1.56,0.5,0.1,-0.6
2025-08-05,073560,,1.61,-0.1,-0.0,0.2
2025-08-06,073560,,1.6,1.1,-0.0,-1.1
2025-08-07,073560,,1.7,0.5,0.0,-0.5
2025-08-08,073560,,1.75,-0.1,-0.0,0.2
2025-08-11,073560,,1.74,0.1,0.2,-0.3
2025-08-12,073560,,1.74,-0.4,0.0,0.4
2025-08-13,073560,,1.7,1.9,0.0,-1.9
2025-08-14,073560,,1.88,-0.5,-0.0,0.5
2025-08-18,073560,,1.83,-0.6,0.1,0.5
2025-08-19,073560,,1.79,0.8,-0.0,-0.8
2025-08-20,073560,,1.85,0.8,0.0,-0.9
2025-08-21,073560,,1.92,2.2,-0.0,-4.7
2025-08-22,073560,,2.13,1.7,-0.0,-5.8
2025-08-25,073560,,2.27,-0.5,-0.0,-2.2
2025-08-26,073560,,2.23,-0.4,-0.0,-4.3
2025-08-27,073560,,2.2,-1.1,0.0,-1.5
2025-08-28,073560,,2.1,0.5,-0.0,-3.7
2025-08-29,073560,1602.0,2.15,-1.3,-0.0,-0.1
2025-09-01,073560,,2.03,-0.3,0.1,-1.2
2025-09-02,073560,,2.0,-0.1,-0.0,0.1
2025-09-03,073560,,2.0,-0.7,-0.1,0.7
2025-09-04,073560,,1.94,-0.2,-0.0,0.2
2025-09-05,073560,,1.92,-0.5,-0.0,0.5
2025-09-08,073560,,1.87,-0.4,0.0,0.3
2025-09-09,073560,,1.84,0.5,0.1,-0.5
2025-09-10,073560,,1.88,-0.1,0.0,0.0
2025-09-11,073560,,1.87,-0.2,0.0,0.1
2025-09-12,073560,,1.86,-0.4,0.0,0.4
2025-09-15,073560,,1.82,-0.1,0.1,0.0
2025-09-16,073560,,1.81,-1.0,0.1,0.9
2025-09-17,073560,,1.72,-0.4,0.1,0.4
2025-09-18,073560,,1.69,0.0,0.1,-0.1
2025-09-19,073560,,1.69,-0.5,0.1,0.3
2025-09-22,073560,,1.64,1.2,0.1,-1.3
2025-09-23,073560,,1.79,-0.4,0.1,0.3
2025-09-24,073560,,1.75,-0.2,0.1,-0.1
2025-09-25,073560,,1.73,-0.1,0.1,-0.1
2025-09-26,073560,,1.73,-0.0,0.1,-0.1
2025-09-29,073560,,1.73,-0.1,0.2,-0.2
2025-09-30,073560,1494.0,1.72,-0.2,0.1,0.1
2025-10-01,073560,,1.7,-0.1,0.1,-0.1
2025-10-02,073560,,1.71,0.5,0.1,-0.6
2025-10-10,073560,,1.76,-0.4,-0.0,0.4
2025-10-13,073560,,1.72,-0.2,-0.1,0.3
2025-10-14,073560,,1.68,-0.1,0.0,0.1
2025-10-15,073560,,1.68,0.2,0.1,-0.2
2025-10-16,073560,,1.69,-0.3,-0.1,0.4
2025-10-17,073560,,1.67,0.1,0.0,-0.1
2025-10-20,073560,,1.68,0.0,0.2,-0.2
2025-10-21,073560,,1.68,0.1,0.3,-0.4
2025-10-22,073560,,1.69,-0.2,0.4,-0.2
2025-10-23,073560,,1.67,0.1,0.0,-0.1
2025-10-24,073560,,1.68,-0.2,-0.2,0.3
2025-10-27,073560,,1.66,-0.1,0.1,0.1
2025-10-28,073560,,1.65,-0.3,-0.2,0.5
2025-10-29,073560,,1.62,0.1,0.2,-0.3
2025-10-30,073560,,1.63,0.2,-0.0,-0.2
2025-10-31,073560,1420.0,1.65,0.4,-0.1,-0.3
2025-11-03,073560,,1.7,0.6,-0.1,-0.5
2025-11-04,073560,,1.76,0.4,-0.1,-0.3
2025-11-05,073560,,1.8,0.5,0.0,-0.5
2025-11-06,073560,,1.85,0.1,-0.1,-0.0
2025-11-07,073560,,1.87,0.4,0.1,-0.5
2025-11-10,073560,,1.91,0.1,0.1,-0.2
2025-11-11,073560,,1.92,-0.0,-0.0,0.0
2025-11-12,073560,,1.92,0.5,0.1,-0.6
2025-11-13,073560,,1.97,-0.1,0.1,-0.0
2025-11-14,073560,,1.96,0.0,-0.3,0.3
2025-11-17,073560,,1.97,0.5,-0.0,-0.5
2025-11-18,073560,,2.03,0.3,-0.2,-0.1
2025-11-19,073560,,2.25,0.8,0.1,-1.0
2025-11-20,073560,,2.32,0.8,0.0,-0.8
2025-11-21,073560,,2.4,0.8,0.0,-0.8
2025-11-24,073560,,2.47,-0.5,-0.0,0.6
2025-11-25,073560,,2.42,0.1,-0.2,0.0
2025-11-26,073560,,2.44,-0.0,-0.1,0.1
2025-11-27,073560,,2.43,-0.2,0.2,0.1
2025-11-28,073560,1501.0,2.41,0.6,0.1,-0.7
2025-12-01,073560,,2.47,-0.2,-0.1,0.3
2025-12-02,073560,,2.47,0.3,-0.2,0.3
2025-12-03,073560,,2.5,0.4,0.1,-0.4
2025-12-04,073560,,2.54,0.3,-0.2,-0.1
2025-12-05,073560,,2.56,-0.4,-0.0,0.4
2025-12-08,073560,,2.53,-0.2,-0.1,0.3
2025-12-09,073560,,2.51,0.1,-0.1,0.0
2025-12-10,073560,,2.52,0.7,0.0,-0.7
2025-12-11,073560,,2.58,0.3,-0.0,-0.3
2025-12-12,073560,,2.61,-0.1,-0.1,0.3
2025-12-15,073560,,2.6,0.5,-0.1,-0.5
2025-12-16,073560,,2.65,-0.2,-0.4,0.6
2025-12-17,073560,,2.62,-0.2,0.0,0.2
2025-12-18,073560,,2.6,-0.2,-0.0,0.3
2025-12-19,073560,,2.33,0.5,0.1,-0.6
2025-12-22,073560,,2.21,-0.3,0.0,0.3
2025-12-23,073560,,2.16,0.0,-0.1,0.1
2025-12-24,073560,,2.17,0.1,-0.2,0.1
2025-12-26,073560,,2.08,-0.1,-0.2,0.2
2025-12-29,073560,,2.07,-1.0,-0.1,1.1
2025-12-30,073560,1510.0,1.96,-0.2,-0.0,0.3
2026-01-02,073560,,1.94,-0.2,-0.1,0.3
2026-01-05,073560,,1.92,-0.6,-0.1,0.8
2026-01-06,073560,,2.11,-0.2,-0.0,0.3
2026-01-07,073560,,2.2,-0.5,0.1,0.4
2026-01-08,073560,,2.04,-0.7,0.1,0.6
2026-01-09,073560,,1.97,-0.2,0.1,0.1
2026-01-12,073560,,1.95,0.1,0.1,-0.2
2026-01-13,073560,,1.96,0.1,0.2,-0.3
2026-01-14,073560,,1.98,0.1,-0.2,0.1
2026-01-15,073560,,1.99,-0.4,-0.0,0.4
2026-01-16,073560,,1.95,-1.0,0.1,0.9
2026-01-19,073560,,1.85,-0.2,-0.1,0.2
2026-01-20,073560,,1.84,0.6,-0.2,-0.3
2026-01-21,073560,,1.89,-0.0,,0.0
2026-01-22,073560,,1.89,0.0,,-0.0
2026-01-23,073560,,1.89,-0.1,0.2,-0.1
2026-01-26,073560,,1.88,2.7,,-2.5
2026-01-27,073560,,2.13,0.9,,-0.9
2026-01-28,073560,,2.21,0.2,,-0.3
2026-01-29,073560,,2.23,-1.4,0.2,1.2
2026-01-30,073560,1642.0,2.11,-0.6,0.1,0.5
2026-02-02,073560,,2.06,-0.9,,0.9
2026-02-03,073560,,1.99,0.3,,-0.3
2026-02-04,073560,,2.02,0.5,,-0.6
2026-02-05,073560,,2.06,0.5,,-0.4
2026-02-06,073560,,2.11,-0.0,,0.1
2026-02-09,073560,,2.11,-0.4,,0.4
2026-02-10,073560,,2.08,0.3,,-0.3
2026-02-11,073560,,2.1,0.0,,-0.0
2026-02-12,073560,,2.1,0.4,,-0.4
2026-02-13,073560,,2.13,-0.6,,0.5
2026-02-19,073560,,2.08,0.2,,-0.2
2026-02-20,073560,,2.1,1.3,,-1.3
2026-02-23,073560,,2.21,11.8,7.0,-18.5
2026-02-24,073560,,3.09,-0.3,,0.3
2026-02-25,073560,,3.07,-1.4,-3.3,4.5
2026-02-26,073560,,2.96,-2.0,-3.3,5.2
2026-02-27,073560,1916.0,2.82,-1.1,,1.1
2026-03-03,073560,,2.73,0.5,0.0,-0.6
2026-03-04,073560,,2.77,1.0,,-1.1
2026-03-05,073560,,2.85,1.7,,-4.3
2026-03-06,073560,,2.99,0.9,0.0,-4.0
2026-03-09,073560,,3.06,-1.2,-0.0,1.2
2026-03-10,073560,,2.7,-2.0,,2.0
2026-03-11,073560,,2.53,-0.7,,0.7
2026-03-12,073560,,2.47,0.3,,-0.3
2026-03-13,073560,,2.5,0.9,-1.4,0.4
2026-03-16,073560,,2.58,-0.6,,0.7
2026-03-17,073560,,2.52,-0.3,,0.3
2026-03-18,073560,,2.5,-0.2,,0.2
2026-03-19,073560,,2.48,-1.8,,1.8
2026-03-20,073560,,2.32,0.7,,-0.7
2026-03-23,073560,,2.38,-1.1,,1.1
2026-03-24,073560,,2.28,-0.2,,0.3
2026-03-25,073560,,2.26,-1.5,,1.4
2026-03-26,073560,,2.14,-0.1,0.0,0.1
2026-03-27,073560,,2.13,-0.4,,0.4
2026-03-30,073560,,2.1,-0.4,,0.4
2026-03-31,073560,1616.0,2.2,-0.0,,0.0
2026-04-01,073560,,2.2,0.2,,-0.1
2026-04-02,073560,,2.21,-0.7,,0.7
2026-04-03,073560,,2.15,1.1,,-1.1
2026-04-06,073560,,2.25,0.3,,-0.3
2026-04-07,073560,,2.28,-0.0,,0.0
2026-04-08,073560,,2.26,0.5,,-0.5
2026-04-09,073560,,2.3,-0.1,,0.1
2026-04-10,073560,,2.29,1.6,,-1.6
2026-04-13,073560,,2.57,0.6,,-0.7
2026-04-14,073560,,2.62,0.0,-0.1,-0.1
2026-04-15,073560,,2.62,0.2,-0.2,0.0
2026-04-16,073560,,2.63,0.4,-0.2,-0.2
2026-04-17,073560,,2.66,0.5,-0.3,-0.3
2026-04-20,073560,,2.56,-0.8,-0.1,1.3
2026-04-21,073560,,2.5,-2.2,-0.1,2.3
2026-04-22,073560,,2.32,-0.7,-0.0,0.8
2026-04-23,073560,,2.26,1.1,-0.1,-1.0
2026-04-24,073560,,2.56,0.0,-0.1,0.1
2026-04-27,073560,,2.56,0.2,-0.2,-0.1
2026-04-28,073560,,2.58,0.6,-0.0,-0.9
2026-04-29,073560,,2.63,-0.2,-0.2,0.9
2026-04-30,073560,1777.0,2.61,-0.0,-0.0,0.0
2026-05-04,073560,,2.61,0.4,0.0,-0.4
2026-05-06,073560,,2.64,-1.3,-0.0,1.3
2026-05-07,073560,,2.54,1.0,-0.0,-0.9
2026-05-08,073560,,2.62,0.4,0.0,-0.4
2026-05-11,073560,,2.65,-1.6,0.0,1.8
2026-05-12,073560,,2.51,2.1,-0.0,-2.2
2026-05-13,073560,,2.69,-0.4,0.0,0.4
2026-05-14,073560,,2.66,0.7,0.0,-0.7
2026-05-15,073560,,2.71,0.2,-0.0,-0.2
2026-05-18,073560,,2.72,0.5,-0.0,-0.6
2026-05-19,073560,,2.76,0.1,0.0,-0.0
2026-05-20,073560,,2.78,-0.4,-0.0,0.4
2026-05-21,073560,,2.75,-0.7,-0.0,0.5
2026-05-22,073560,,2.7,0.6,-0.0,-0.6
2026-05-26,073560,,2.75,-0.7,0.0,0.7
2026-05-27,073560,,2.7,0.4,0.0,-0.4
2026-05-28,073560,,2.73,0.8,-0.0,-0.8
2026-05-29,073560,1577.0,2.8,-0.6,0.0,0.6
2026-06-01,073560,,2.75,-0.3,-0.0,0.4
2026-06-02,073560,,2.72,0.9,-0.0,-1.0
2026-06-04,073560,,2.79,-0.2,-0.0,-0.1
2026-06-05,073560,,2.79,-0.2,-0.0,0.2
2026-06-08,073560,,2.77,-0.4,0.0,0.4
2026-06-09,073560,,2.74,0.1,-0.0,-0.1
2026-06-10,073560,,2.75,1.4,0.0,-1.4
2026-06-11,073560,,2.87,-0.0,0.0,0.0
2026-06-12,073560,,2.87,-0.0,-0.0,0.0
2026-06-15,073560,,2.87,0.6,-0.0,-0.7
2026-06-16,073560,,2.92,0.0,0.0,-0.0
2026-06-17,073560,,2.93,-0.3,-0.0,0.3
2026-06-18,073560,,2.91,0.3,0.0,-0.3
2026-06-19,073560,,2.93,1.7,-0.0,-1.8
2026-06-22,073560,,3.1,-0.1,0.0,0.1
2026-06-23,073560,,3.08,-0.6,0.0,0.6
2026-06-24,073560,,3.03,0.2,-0.0,-0.2
2026-06-25,073560,,3.05,-0.1,0.0,0.1
2026-06-26,073560,,3.03,-0.2,0.0,0.2
2026-06-29,073560,,3.07,0.8,-0.0,-0.8
2026-06-30,073560,1529.0,3.13,-0.1,0.0,-0.0
2026-07-01,073560,,3.12,-0.0,-0.0,-0.0
2026-07-02,073560,,3.12,0.1,0.0,-0.2
2026-07-03,073560,,3.13,0.0,0.0,-0.1
2026-07-06,073560,,3.13,-0.1,-0.0,-1.5
2026-07-07,073560,,3.12,0.1,0.0,-0.1
2026-07-08,073560,,3.13,0.5,-0.0,-1.1
2026-07-09,073560,,3.18,0.8,0.0,-0.8
2026-07-10,073560,,3.25,0.3,-0.0,-0.3
2026-07-13,073560,1540.0,3.26,0.2,0.0,-0.3
2025-07-14,073570,,5.12,-0.0,,0.0
2025-07-15,073570,,5.11,-0.1,,0.1
2025-07-16,073570,,5.09,-0.1,,0.1
2025-07-17,073570,,5.08,-0.2,,0.2
2025-07-18,073570,,5.03,0.1,,0.1
2025-07-21,073570,,5.06,-0.1,,0.1
2025-07-22,073570,,5.05,-0.2,,-2.2
2025-07-23,073570,,5.02,-5.2,0.0,7.9
2025-07-24,073570,,4.4,-9.6,-0.0,9.3
2025-07-25,073570,,3.11,-3.0,,2.6
2025-07-28,073570,,2.72,-2.5,,1.7
2025-07-29,073570,,2.36,-1.1,,1.0
2025-07-30,073570,,2.19,-1.6,-0.0,1.2
2025-07-31,073570,,1.99,-0.8,,0.5
2025-08-01,073570,,1.89,-0.8,,-0.7
2025-08-04,073570,,1.76,1.4,,-1.5
2025-08-05,073570,,2.0,-1.0,,0.6
2025-08-06,073570,,1.86,-0.7,,0.6
2025-08-07,073570,,1.76,-1.1,,1.0
2025-08-08,073570,,1.57,0.4,,0.3
2025-08-11,073570,,1.63,-1.1,0.0,2.3
2025-08-12,073570,,1.5,1.6,0.1,-0.9
2025-08-13,073570,,1.75,-2.0,-0.1,3.5
2025-08-14,073570,,1.67,-1.1,,1.1
2025-08-18,073570,,1.58,-1.1,,1.1
2025-08-19,073570,,1.44,-0.3,0.0,-0.2
2025-08-20,073570,,1.37,-0.4,0.0,0.2
2025-08-21,073570,,1.33,-0.0,,-0.2
2025-08-22,073570,,1.36,0.1,,-0.3
2025-08-25,073570,,1.22,0.9,,-0.9
2025-08-26,073570,,1.37,-0.4,,0.3
2025-08-27,073570,,1.31,-0.8,,0.9
2025-08-28,073570,,1.23,0.1,,-0.3
2025-08-29,073570,1180.0,1.24,1.0,,-1.1
2025-09-01,073570,,1.38,0.6,,-0.7
2025-09-02,073570,,1.47,2.4,,-2.4
2025-09-03,073570,,1.83,-0.1,,0.0
2025-09-04,073570,,1.81,-4.5,,5.5
2025-09-05,073570,,1.3,2.3,-0.0,-2.5
2025-09-08,073570,,1.6,-0.4,0.0,0.6
2025-09-09,073570,,1.54,-1.2,,1.3
2025-09-10,073570,,1.38,1.2,,-0.8
2025-09-11,073570,,1.59,-1.1,,1.2
2025-09-12,073570,,1.45,0.9,,-0.8
2025-09-15,073570,,1.55,-2.1,-0.0,2.0
2025-09-16,073570,,1.29,-0.9,0.0,0.6
2025-09-17,073570,,1.18,0.2,,0.1
2025-09-18,073570,,1.2,-0.4,0.0,0.4
2025-09-19,073570,,1.14,-0.3,,0.3
2025-09-22,073570,,1.1,0.5,,-0.6
2025-09-23,073570,,1.17,-0.8,,0.8
2025-09-24,073570,,1.07,-0.1,,0.2
2025-09-25,073570,,1.05,-0.1,0.0,0.2
2025-09-26,073570,,1.05,0.1,,-0.2
2025-09-29,073570,,1.06,0.2,,-0.2
2025-09-30,073570,1171.0,1.08,-0.5,,0.3
2025-10-01,073570,,1.0,0.4,0.0,-0.4
2025-10-02,073570,,1.05,0.1,,-0.2
2025-10-10,073570,,1.07,0.2,,-0.3
2025-10-13,073570,,1.09,2.1,,-1.7
2025-10-14,073570,,1.36,0.6,,-1.1
2025-10-15,073570,,1.6,-0.5,,0.7
2025-10-16,073570,,1.53,2.9,,-2.8
2025-10-17,073570,,1.92,-1.3,,1.0
2025-10-20,073570,,1.74,0.0,,-0.3
2025-10-21,073570,,1.75,0.0,0.0,0.0
2025-10-22,073570,,1.75,3.1,-0.0,-2.8
2025-10-23,073570,,2.33,-2.4,,2.3
2025-10-24,073570,,1.99,3.2,,-3.1
2025-10-27,073570,,2.46,-2.6,,2.5
2025-10-28,073570,,2.1,-1.2,,1.6
2025-10-29,073570,,1.93,-1.8,,1.7
2025-10-30,073570,,1.67,-1.2,,1.0
2025-10-31,073570,1090.0,1.5,-0.0,,0.2
2025-11-03,073570,,1.58,0.6,,-0.7
2025-11-04,073570,,1.6,0.3,,-0.1
2025-11-05,073570,,1.66,-0.2,,0.1
2025-11-06,073570,,1.6,-0.0,,0.1
2025-11-07,073570,,1.6,-0.5,,0.4
2025-11-10,073570,,1.52,0.4,,-0.4
2025-11-11,073570,,1.76,-0.2,,0.1
2025-11-12,073570,,1.73,0.2,0.0,-0.0
2025-11-13,073570,,1.76,0.4,,-0.3
2025-11-14,073570,,1.82,-0.7,,0.6
2025-11-17,073570,,1.71,-0.1,,0.1
2025-11-18,073570,,1.7,-2.6,0.0,2.9
2025-11-19,073570,,1.4,1.0,,-1.1
2025-11-20,073570,,1.58,0.1,,-0.1
2025-11-21,073570,,1.6,-0.4,,0.4
2025-11-24,073570,,1.54,-0.3,,0.2
2025-11-25,073570,,1.49,-0.3,,0.3
2025-11-26,073570,,1.44,1.1,,-1.1
2025-11-27,073570,,1.65,0.0,,-0.0
2025-11-28,073570,991.0,1.68,0.5,,-0.5
2025-12-01,073570,,1.78,0.6,,-0.6
2025-12-02,073570,,1.89,0.6,,-0.6
2025-12-03,073570,,1.99,0.4,,-0.4
2025-12-04,073570,,2.06,-0.3,,0.3
2025-12-05,073570,,1.95,0.1,,-0.2
2025-12-08,073570,,1.98,1.0,,-1.0
2025-12-09,073570,,2.15,-0.7,0.0,0.6
2025-12-10,073570,,2.03,-0.0,,0.1
2025-12-11,073570,,2.02,0.7,,-0.6
2025-12-12,073570,,2.13,-0.5,,0.5
2025-12-15,073570,,2.05,-0.4,,0.3
2025-12-16,073570,,1.99,-0.4,,0.3
2025-12-17,073570,,1.94,-0.3,,0.4
2025-12-18,073570,,1.95,0.9,,-0.7
2025-12-19,073570,,2.14,0.6,,-0.6
2025-12-22,073570,,2.26,0.3,,-0.3
2025-12-23,073570,,2.32,-0.2,,0.2
2025-12-24,073570,,2.12,0.1,,-0.1
2025-12-26,073570,,2.1,1.1,,-1.0
2025-12-29,073570,,2.3,0.5,,-0.5
2025-12-30,073570,903.0,2.38,0.4,,-0.4
2026-01-02,073570,,2.46,0.1,,-0.1
2026-01-05,073570,,2.4,1.0,0.0,-0.9
2026-01-06,073570,,2.57,0.3,,-0.2
2026-01-07,073570,,2.72,1.1,,-1.1
2026-01-08,073570,,2.9,0.1,-0.0,-0.1
2026-01-09,073570,,2.91,0.0,,-0.0
2026-01-12,073570,,2.92,-0.2,0.0,0.2
2026-01-13,073570,,2.88,0.2,,-0.2
2026-01-14,073570,,2.78,0.0,,-0.0
2026-01-15,073570,,2.78,-0.4,,0.4
2026-01-16,073570,,2.71,-0.1,,0.1
2026-01-19,073570,,2.7,-0.1,0.0,0.1
2026-01-20,073570,,2.68,0.0,,-0.1
2026-01-21,073570,,2.68,-0.1,,0.1
2026-01-22,073570,,2.66,-3.6,0.0,3.2
2026-01-23,073570,,2.12,-0.1,-0.0,-0.2
2026-01-26,073570,,2.14,1.6,-0.0,-1.3
2026-01-27,073570,,2.43,1.1,-0.0,-1.0
2026-01-28,073570,,2.61,-1.3,,1.3
2026-01-29,073570,,2.44,1.3,,-1.3
2026-01-30,073570,961.0,2.67,-0.8,,1.1
2026-02-02,073570,,2.55,0.2,,-0.2
2026-02-03,073570,,2.59,-0.3,,0.5
2026-02-04,073570,,2.54,0.3,,-0.3
2026-02-05,073570,,2.6,-1.0,,1.1
2026-02-06,073570,,2.42,0.0,-0.0,-0.1
2026-02-09,073570,,2.43,0.2,,-0.2
2026-02-10,073570,,2.47,0.5,,-0.5
2026-02-11,073570,,2.56,-0.1,,0.1
2026-02-12,073570,,2.53,-0.1,,0.2
2026-02-13,073570,,2.5,-0.9,,0.8
2026-02-19,073570,,2.31,1.5,,-1.5
2026-02-20,073570,,2.66,-0.6,,0.7
2026-02-23,073570,,2.51,0.3,,-0.2
2026-02-24,073570,,2.57,-0.1,,0.0
2026-02-25,073570,,2.55,-0.1,,0.1
2026-02-26,073570,,2.53,-0.5,,0.5
2026-02-27,073570,669.0,2.41,0.4,,-0.0
2026-03-03,073570,,2.52,0.7,,-0.8
2026-03-04,073570,,2.71,0.9,,-0.8
2026-03-05,073570,,2.97,0.8,,-0.8
2026-03-06,073570,,3.19,0.7,,-0.7
2026-03-09,073570,,3.38,-0.2,-0.0,0.2
2026-03-10,073570,,3.31,0.2,,-0.2
2026-03-11,073570,,3.16,-0.0,,0.1
2026-03-12,073570,,3.15,0.3,,-0.3
2026-03-13,073570,,3.23,0.1,,-0.1
2026-03-16,073570,,3.27,0.4,,-0.4
2026-03-17,073570,,3.39,0.0,,-0.0
2026-03-18,073570,,3.39,0.3,,-0.2
2026-03-19,073570,,3.49,0.0,,-0.0
2026-03-20,073570,,3.51,0.3,,-0.3
2026-03-23,073570,,3.59,-0.1,,0.1
2026-03-24,073570,,3.55,0.4,,-0.4
2026-03-25,073570,,3.66,0.1,,-0.1
2026-03-26,073570,,3.69,0.0,,-0.0
2026-03-27,073570,,3.7,0.1,,-0.1
2026-03-30,073570,,3.73,0.1,,-0.1
2026-03-31,073570,720.0,3.77,0.3,,-0.5
2026-04-01,073570,,3.79,-0.3,,0.5
2026-04-02,073570,,3.72,-4.8,0.0,4.7
2026-04-03,073570,,2.64,0.4,,-0.5
2026-04-06,073570,,2.75,-1.1,-0.1,1.3
2026-04-07,073570,,2.55,-0.0,,-0.0
2026-04-08,073570,,2.7,-0.2,,0.2
2026-04-09,073570,,2.73,-0.2,,0.2
2026-04-10,073570,,2.7,-0.1,,0.0
2026-04-13,073570,,2.68,0.3,,-0.3
2026-04-14,073570,,2.77,-0.1,,0.1
2026-04-15,073570,,2.72,-0.3,,0.2
2026-04-16,073570,,2.63,0.9,,-0.9
2026-04-17,073570,,2.89,-1.8,,1.8
2026-04-20,073570,,2.43,0.0,,-0.1
2026-04-21,073570,,2.43,2.6,,-3.9
2026-04-22,073570,,3.06,-3.8,,5.2
2026-04-23,073570,,2.37,-0.3,,0.3
2026-04-24,073570,,2.31,-0.3,0.0,0.2
2026-04-27,073570,,2.29,-0.9,,0.8
2026-04-28,073570,,2.1,-0.7,-0.0,1.0
2026-04-29,073570,,2.0,,,
2026-04-30,073570,821.0,2.0,,,
2026-05-04,073570,,2.0,,,
2026-05-06,073570,,2.0,,,
2026-05-07,073570,,2.0,,,
2026-05-08,073570,,2.0,,,
2026-05-11,073570,,2.0,,,
2026-05-12,073570,,2.0,,,
2026-05-13,073570,,2.0,,,
2026-05-14,073570,,2.0,,,
2026-05-15,073570,,2.0,,,
2026-05-18,073570,,2.0,,,
2026-05-19,073570,,2.0,,,
2026-05-20,073570,,0.09,0.5,-0.0,-0.9
2026-05-21,073570,,0.27,-0.0,-0.0,0.0
2026-05-22,073570,,0.26,-0.1,-0.0,-0.1
2026-05-26,073570,,0.23,-1.1,0.0,1.3
2026-05-27,073570,,0.0,0.5,-0.0,-0.6
2026-05-28,073570,,0.13,0.4,0.0,-0.2
2026-05-29,073570,2650.0,0.23,-0.5,-0.0,0.6
2026-06-01,073570,,0.07,-0.0,0.0,-0.0
2026-06-02,073570,,0.07,-0.4,-0.0,0.3
2026-06-04,073570,,0.0,-0.3,0.0,0.2
2026-06-05,073570,,0.0,-0.3,-0.0,-0.0
2026-06-08,073570,,0.0,0.1,-0.0,-0.1
2026-06-09,073570,,0.0,-0.0,0.0,-0.0
2026-06-10,073570,,0.0,0.1,-0.0,-0.1
2026-06-11,073570,,0.0,0.5,-0.0,-0.4
2026-06-12,073570,,0.0,-0.0,0.0,0.0
2026-06-15,073570,,0.0,-0.1,-0.0,0.1
2026-06-16,073570,,0.0,-0.1,-0.0,0.1
2026-06-17,073570,,0.0,0.1,0.0,-0.0
2026-06-18,073570,,0.0,-0.1,-0.0,0.1
2026-06-19,073570,,0.0,-0.1,0.0,0.1
2026-06-22,073570,,0.0,0.0,-0.0,-0.1
2026-06-23,073570,,0.0,-0.0,0.0,0.0
2026-06-24,073570,,0.0,0.1,-0.0,-0.1
2026-06-25,073570,,0.0,0.1,0.0,0.0
2026-06-26,073570,,0.0,0.0,-0.0,-0.0
2026-06-29,073570,,0.0,0.6,0.0,-0.4
2026-06-30,073570,1618.0,0.18,-0.1,-0.0,0.1
2026-07-01,073570,,0.11,0.2,0.0,-0.3
2026-07-02,073570,,0.22,-0.1,-0.0,0.1
2026-07-03,073570,,0.17,-0.0,-0.0,-0.0
2026-07-06,073570,,0.16,0.0,-0.0,-0.0
2026-07-07,073570,,0.17,-0.1,0.0,0.0
2026-07-08,073570,,0.13,-0.1,-0.0,0.0
2026-07-09,073570,,0.08,-0.0,-0.0,0.0
2026-07-10,073570,,0.06,0.3,0.0,-0.3
2026-07-13,073570,1600.0,0.21,-0.2,0.0,0.2
2025-07-14,073640,,0.63,,,
2025-07-15,073640,,0.63,,,
2025-07-16,073640,,0.63,,,
2025-07-17,073640,,0.63,,,
2025-07-18,073640,,0.63,,,
2025-07-21,073640,,0.63,,,
2025-07-22,073640,,0.63,,,
2025-07-23,073640,,0.63,,,
2025-07-24,073640,,0.63,,,
2025-07-25,073640,,0.63,,,
2025-07-28,073640,,0.63,,,
2025-07-29,073640,,0.63,,,
2025-07-30,073640,,0.63,,,
2025-07-31,073640,,0.63,,,
2025-08-01,073640,,0.63,,,
2025-08-04,073640,,0.63,,,
2025-08-05,073640,,0.63,,,
2025-08-06,073640,,0.63,,,
2025-08-07,073640,,0.63,,,
2025-08-08,073640,,0.63,,,
2025-08-11,073640,,0.63,,,
2025-08-12,073640,,0.63,,,
2025-08-13,073640,,0.63,,,
2025-08-14,073640,,0.63,,,
2025-08-18,073640,,0.63,,,
2025-08-19,073640,,0.63,,,
2025-08-20,073640,,0.63,,,
2025-08-21,073640,,0.63,,,
2025-08-22,073640,,0.63,,,
2025-08-25,073640,,0.63,,,
2025-08-26,073640,,0.63,,,
2025-08-27,073640,,0.63,,,
2025-08-28,073640,,0.63,,,
2025-08-29,073640,654.0,0.63,,,
2025-09-01,073640,,0.63,,,
2025-09-02,073640,,0.63,,,
2025-09-03,073640,,0.63,,,
2025-09-04,073640,,0.63,,,
2025-09-05,073640,,0.63,,,
2025-09-08,073640,,0.63,,,
2025-09-09,073640,,0.63,,,
2025-09-10,073640,,0.63,,,
2025-09-11,073640,,0.63,,,
2025-09-12,073640,,0.63,,,
2025-09-15,073640,,0.63,,,
2025-09-16,073640,,0.63,,,
2025-09-17,073640,,0.63,,,
2025-09-18,073640,,0.63,,,
2025-09-19,073640,,0.63,,,
2025-09-22,073640,,0.63,,,
2025-09-23,073640,,0.63,,,
2025-09-24,073640,,0.63,,,
2025-09-25,073640,,0.63,,,
2025-09-26,073640,,0.63,,,
2025-09-29,073640,,0.63,,,
2025-09-30,073640,654.0,0.63,,,
2025-10-01,073640,,0.63,,,
2025-10-02,073640,,0.63,,,
2025-10-10,073640,,0.63,,,
2025-10-13,073640,,0.63,,,
2025-10-14,073640,,0.63,,,
2025-10-15,073640,,0.63,,,
2025-10-16,073640,,0.63,,,
2025-10-17,073640,,0.63,,,
2025-10-20,073640,,0.63,,,
2025-10-21,073640,,0.63,,,
2025-10-22,073640,,0.63,,,
2025-10-23,073640,,0.63,,,
2025-10-24,073640,,0.63,,,
2025-10-27,073640,,0.63,,,
2025-10-28,073640,,0.63,,,
2025-10-29,073640,,0.63,,,
2025-10-30,073640,,0.63,,,
2025-10-31,073640,654.0,0.63,,,
2025-11-03,073640,,0.63,,,
2025-11-04,073640,,0.63,,,
2025-11-05,073640,,0.63,,,
2025-11-06,073640,,0.63,,,
2025-11-07,073640,,0.63,,,
2025-11-10,073640,,0.63,,,
2025-11-11,073640,,0.63,,,
2025-11-12,073640,,0.63,,,
2025-11-13,073640,,0.63,,,
2025-11-14,073640,,0.63,,,
2025-11-17,073640,,0.63,,,
2025-11-18,073640,,0.63,,,
2025-11-19,073640,,0.63,,,
2025-11-20,073640,,0.63,,,
2025-11-21,073640,,0.63,,,
2025-11-24,073640,,0.63,,,
2025-11-25,073640,,0.63,,,
2025-11-26,073640,,0.63,,,
2025-11-27,073640,,0.63,,,
2025-11-28,073640,654.0,0.63,,,
2025-12-01,073640,,0.63,,,
2025-12-02,073640,,0.63,,,
2025-12-03,073640,,0.63,,,
2025-12-04,073640,,0.63,,,
2025-12-05,073640,,0.63,,,
2025-12-08,073640,,0.63,,,
2025-12-09,073640,,0.63,,,
2025-12-10,073640,,0.63,,,
2025-12-11,073640,,0.63,,,
2025-12-12,073640,,0.63,,,
2025-12-15,073640,,0.63,,,
2025-12-16,073640,,0.63,,,
2025-12-17,073640,,0.63,,,
2025-12-18,073640,,0.63,,,
2025-12-19,073640,,0.63,,,
2025-12-22,073640,,0.63,,,
2025-12-23,073640,,0.63,,,
2025-12-24,073640,,0.63,,,
2025-12-26,073640,,0.63,,,
2025-12-29,073640,,0.63,,,
2025-12-30,073640,654.0,0.63,,,
2026-01-02,073640,,0.63,,,
2026-01-05,073640,,0.63,,,
2026-01-06,073640,,0.63,,,
2026-01-07,073640,,0.66,,,
2026-01-08,073640,,0.63,,,
2026-01-09,073640,,0.63,,,
2026-01-12,073640,,0.63,,,
2026-01-13,073640,,0.63,,,
2026-01-14,073640,,0.63,,,
2026-01-15,073640,,0.63,,,
2026-01-16,073640,,0.63,,,
2026-01-19,073640,,0.63,,,
2026-01-20,073640,,0.63,,,
2026-01-21,073640,,0.63,,,
2026-01-22,073640,,0.63,,,
2026-01-23,073640,,0.63,,,
2026-01-26,073640,,0.63,,,
2026-01-27,073640,,0.63,,,
2026-01-28,073640,,0.63,,,
2026-01-29,073640,,0.63,,,
2026-01-30,073640,654.0,0.63,,,
2026-02-02,073640,,0.63,,,
2026-02-03,073640,,0.63,,,
2026-02-04,073640,,0.63,,,
2026-02-05,073640,,0.63,,,
2026-02-06,073640,,0.63,,,
2026-02-09,073640,,0.63,,,
2026-02-10,073640,,0.63,,,
2026-02-11,073640,,0.63,,,
2026-02-12,073640,,0.63,,,
2026-02-13,073640,,0.63,,,
2026-02-19,073640,,0.63,,,
2026-02-20,073640,,0.63,,,
2026-02-23,073640,,0.63,,,
2026-02-24,073640,,0.63,,,
2026-02-25,073640,,0.63,,,
2026-02-26,073640,,0.63,,,
2026-02-27,073640,654.0,0.63,,,
2026-03-03,073640,,0.63,,,
2026-03-04,073640,,0.63,,,
2026-03-05,073640,,0.63,,,
2026-03-06,073640,,0.63,,,
2026-03-09,073640,,0.63,,,
2026-03-10,073640,,0.63,,,
2026-03-11,073640,,0.63,,,
2026-03-12,073640,,0.63,,,
2026-03-13,073640,,0.63,,,
2026-03-16,073640,,0.63,,,
2026-03-17,073640,,0.63,,,
2026-03-18,073640,,0.63,,,
2026-03-19,073640,,0.63,,,
2026-03-20,073640,,0.63,,,
2026-03-23,073640,,0.63,,,
2026-03-24,073640,,0.63,,,
2026-03-25,073640,,0.63,,,
2026-03-26,073640,,0.63,,,
2026-03-27,073640,,0.63,,,
2026-03-30,073640,,0.63,,,
2026-03-31,073640,654.0,0.63,,,
2026-04-01,073640,,0.63,,,
2026-04-02,073640,,0.63,,,
2026-04-03,073640,,0.63,,,
2026-04-06,073640,,0.63,,,
2026-04-07,073640,,0.63,,,
2026-04-08,073640,,0.63,,,
2026-04-09,073640,,0.63,,,
2026-04-10,073640,,0.63,,,
2026-04-13,073640,,0.63,,,
2026-04-14,073640,,0.63,,,
2026-04-15,073640,,0.63,,,
2026-04-16,073640,,0.63,,,
2026-04-17,073640,,0.63,,,
2026-04-20,073640,,0.63,,,
2026-04-21,073640,,0.63,,,
2026-04-22,073640,,0.63,,,
2026-04-23,073640,,0.63,,,
2026-04-24,073640,,0.63,,,
2026-04-27,073640,,0.63,,,
2026-04-28,073640,,0.63,,,
2026-04-29,073640,,0.63,,,
2026-04-30,073640,654.0,0.63,,,
2026-05-04,073640,,0.63,,,
2026-05-06,073640,,0.63,,,
2026-05-07,073640,,0.63,,,
2026-05-08,073640,,0.63,,,
2026-05-11,073640,,0.63,,,
2026-05-12,073640,,0.63,,,
2026-05-13,073640,,0.63,,,
2026-05-14,073640,,0.63,,,
2026-05-15,073640,,0.63,,,
2026-05-18,073640,,0.63,,,
2026-05-19,073640,,0.63,,,
2026-05-20,073640,,0.63,,,
2026-05-21,073640,,0.63,,,
2026-05-22,073640,,0.63,,,
2026-05-26,073640,,0.63,,,
2026-05-27,073640,,0.63,,,
2026-05-28,073640,,0.63,,,
2026-05-29,073640,654.0,0.63,,,
2026-06-01,073640,,0.63,,,
2026-06-02,073640,,0.63,,,
2026-06-04,073640,,0.63,,,
2026-06-05,073640,,0.63,,,
2026-06-08,073640,,0.63,,,
2026-06-09,073640,,0.63,,,
2026-06-10,073640,,0.63,,,
2026-06-11,073640,,0.63,,,
2026-06-12,073640,,0.63,,,
2026-06-15,073640,,0.63,,,
2026-06-16,073640,,0.63,,,
2026-06-17,073640,,0.63,,,
2026-06-18,073640,,0.63,,,
2026-06-19,073640,,0.63,,,
2026-06-22,073640,,0.63,,,
2026-06-23,073640,,0.63,,,
2026-06-24,073640,,0.63,,,
2026-06-25,073640,,0.63,,,
2026-06-26,073640,,0.63,,,
2026-06-29,073640,,0.63,,,
2026-06-30,073640,654.0,0.63,,,
2026-07-01,073640,,0.63,,,
2026-07-02,073640,,0.63,,,
2026-07-03,073640,,0.63,,,
2026-07-06,073640,,0.63,,,
2026-07-07,073640,,0.63,,,
2026-07-08,073640,,0.63,,,
2026-07-09,073640,,0.63,,,
2026-07-10,073640,,0.63,,,
2026-07-13,073640,654.0,0.63,,,
2025-07-14,074430,,1.07,-0.4,,0.4
2025-07-15,074430,,1.03,-0.3,,0.3
2025-07-16,074430,,1.03,-0.4,,0.4
2025-07-17,074430,,0.99,-0.2,,0.2
2025-07-18,074430,,0.97,-0.4,,0.3
2025-07-21,074430,,0.96,-0.4,,0.4
2025-07-22,074430,,0.92,0.0,,-0.1
2025-07-23,074430,,0.92,-0.1,-0.1,0.2
2025-07-24,074430,,0.92,-0.1,-0.2,0.1
2025-07-25,074430,,0.91,-0.3,,0.4
2025-07-28,074430,,0.88,-0.0,,0.1
2025-07-29,074430,,0.88,0.3,-0.0,-0.3
2025-07-30,074430,,0.91,0.1,,-0.1
2025-07-31,074430,,0.92,0.2,,-0.2
2025-08-01,074430,,0.95,-0.4,,0.5
2025-08-04,074430,,0.9,-0.0,,0.0
2025-08-05,074430,,0.9,0.3,,-0.3
2025-08-06,074430,,0.93,0.0,,-0.0
2025-08-07,074430,,0.93,0.3,,-0.3
2025-08-08,074430,,0.97,0.5,0.0,-0.5
2025-08-11,074430,,1.01,1.6,,-1.5
2025-08-12,074430,,1.17,-0.4,,0.4
2025-08-13,074430,,1.12,0.3,-0.0,-0.3
2025-08-14,074430,,1.15,-0.0,,0.0
2025-08-18,074430,,1.15,-0.3,,0.2
2025-08-19,074430,,1.12,0.1,,-0.0
2025-08-20,074430,,1.13,-0.2,,0.2
2025-08-21,074430,,1.11,-0.1,,0.1
2025-08-22,074430,,1.11,-0.2,,0.2
2025-08-25,074430,,1.08,-0.0,,0.0
2025-08-26,074430,,1.11,-0.0,,0.0
2025-08-27,074430,,1.12,-0.2,,0.2
2025-08-28,074430,,1.11,0.0,,-0.0
2025-08-29,074430,1033.0,1.11,-0.1,,0.2
2025-09-01,074430,,1.12,-0.4,,0.4
2025-09-02,074430,,1.04,0.1,,-0.1
2025-09-03,074430,,1.05,0.3,,-0.3
2025-09-04,074430,,1.08,-0.1,,0.1
2025-09-05,074430,,1.07,-0.1,,0.2
2025-09-08,074430,,1.04,0.5,,-0.5
2025-09-09,074430,,1.09,0.0,,-0.0
2025-09-10,074430,,1.08,0.0,,-0.0
2025-09-11,074430,,1.08,-0.0,,0.1
2025-09-12,074430,,1.07,-0.1,,0.1
2025-09-15,074430,,1.06,0.1,,-0.2
2025-09-16,074430,,1.08,-0.2,,0.2
2025-09-17,074430,,1.05,0.2,,-0.2
2025-09-18,074430,,1.07,0.3,,-0.3
2025-09-19,074430,,1.1,-0.1,,0.1
2025-09-22,074430,,1.09,-0.2,,0.2
2025-09-23,074430,,1.07,-0.5,,0.5
2025-09-24,074430,,1.01,-0.1,,0.1
2025-09-25,074430,,1.0,0.3,,-0.3
2025-09-26,074430,,1.03,-0.6,,0.6
2025-09-29,074430,,0.96,0.2,,-0.2
2025-09-30,074430,995.0,0.98,-0.1,,0.1
2025-10-01,074430,,0.98,0.1,,-0.1
2025-10-02,074430,,0.98,0.2,,-0.2
2025-10-10,074430,,1.01,-0.6,,0.7
2025-10-13,074430,,0.94,0.2,,-0.2
2025-10-14,074430,,0.96,0.1,,-0.1
2025-10-15,074430,,0.96,0.5,,-0.5
2025-10-16,074430,,1.02,0.1,,-0.1
2025-10-17,074430,,1.04,-0.4,,0.4
2025-10-20,074430,,0.99,-0.0,,0.0
2025-10-21,074430,,0.99,0.0,,-0.0
2025-10-22,074430,,0.99,0.3,,-0.3
2025-10-23,074430,,1.02,-0.1,,0.2
2025-10-24,074430,,1.01,-0.1,,0.1
2025-10-27,074430,,1.0,0.1,,-0.1
2025-10-28,074430,,1.01,0.3,,-0.3
2025-10-29,074430,,1.05,-0.1,,0.1
2025-10-30,074430,,1.03,0.0,,-0.0
2025-10-31,074430,918.0,1.04,-0.5,,0.5
2025-11-03,074430,,0.98,0.0,,-0.1
2025-11-04,074430,,0.98,0.2,,-0.2
2025-11-05,074430,,1.01,0.4,,-0.4
2025-11-06,074430,,1.06,-0.1,,0.1
2025-11-07,074430,,1.05,-0.2,,0.2
2025-11-10,074430,,1.02,0.2,-0.1,-0.1
2025-11-11,074430,,1.05,-0.4,,0.4
2025-11-12,074430,,1.03,0.5,,-0.5
2025-11-13,074430,,1.08,0.0,,-0.0
2025-11-14,074430,,1.09,-0.4,,0.3
2025-11-17,074430,,1.04,0.2,,-0.2
2025-11-18,074430,,1.07,-0.2,,0.2
2025-11-19,074430,,1.27,-0.1,,0.1
2025-11-20,074430,,1.25,0.2,,-0.2
2025-11-21,074430,,1.28,-0.0,,0.0
2025-11-24,074430,,1.28,0.5,,-0.5
2025-11-25,074430,,1.34,0.4,,-0.4
2025-11-26,074430,,1.39,0.1,,-0.1
2025-11-27,074430,,1.4,-0.2,,0.2
2025-11-28,074430,939.0,1.38,0.8,,-0.8
2025-12-01,074430,,1.47,0.4,,-0.4
2025-12-02,074430,,1.52,0.0,,0.0
2025-12-03,074430,,1.52,0.1,,-0.1
2025-12-04,074430,,1.54,-0.1,,0.2
2025-12-05,074430,,1.52,0.0,,0.0
2025-12-08,074430,,1.53,0.2,,-0.1
2025-12-09,074430,,1.55,0.0,,0.0
2025-12-10,074430,,1.55,0.0,,0.0
2025-12-11,074430,,1.55,-0.2,,0.2
2025-12-12,074430,,1.53,-0.1,,0.2
2025-12-15,074430,,1.51,0.0,,-0.0
2025-12-16,074430,,1.51,-0.1,,0.2
2025-12-17,074430,,1.85,0.2,,-0.2
2025-12-18,074430,,1.88,0.0,,-0.0
2025-12-19,074430,,1.88,0.2,,-0.1
2025-12-22,074430,,1.9,0.1,,-0.1
2025-12-23,074430,,1.92,-0.2,,0.2
2025-12-24,074430,,1.9,-0.0,,0.0
2025-12-26,074430,,1.9,-0.1,,0.1
2025-12-29,074430,,1.89,-0.1,,0.1
2025-12-30,074430,1194.0,1.87,-1.6,,1.4
2026-01-02,074430,,1.71,-3.3,,2.6
2026-01-05,074430,,1.46,-1.5,,1.9
2026-01-06,074430,,1.39,0.7,,-0.2
2026-01-07,074430,,1.51,-0.0,,-0.6
2026-01-08,074430,,1.51,0.6,,-1.7
2026-01-09,074430,,1.55,0.1,,-0.1
2026-01-12,074430,,1.56,-1.1,-0.1,0.3
2026-01-13,074430,,1.49,1.2,-0.1,-1.5
2026-01-14,074430,,1.57,-0.3,0.0,0.1
2026-01-15,074430,,1.55,0.3,-0.0,-0.1
2026-01-16,074430,,1.58,-0.6,0.0,0.5
2026-01-19,074430,,1.54,0.8,,-0.8
2026-01-20,074430,,1.6,2.5,-0.0,-2.2
2026-01-21,074430,,1.76,-0.9,-0.0,1.5
2026-01-22,074430,,1.7,-0.7,0.0,0.8
2026-01-23,074430,,1.65,-0.7,-0.0,0.3
2026-01-26,074430,,1.61,-0.7,-0.0,0.4
2026-01-27,074430,,1.57,-0.0,0.0,0.1
2026-01-28,074430,,1.57,2.3,,-1.8
2026-01-29,074430,,1.73,1.0,,-1.1
2026-01-30,074430,1532.0,1.81,0.8,,-1.0
2026-02-02,074430,,1.86,-0.9,,0.9
2026-02-03,074430,,1.8,1.2,,-1.3
2026-02-04,074430,,1.89,-2.2,,2.1
2026-02-05,074430,,1.73,-0.8,,0.7
2026-02-06,074430,,1.67,1.6,,-1.6
2026-02-09,074430,,1.8,0.9,,-1.0
2026-02-10,074430,,1.87,1.0,,-1.0
2026-02-11,074430,,1.94,-0.1,,0.2
2026-02-12,074430,,1.93,0.5,,-0.6
2026-02-13,074430,,1.97,0.3,,-0.3
2026-02-19,074430,,1.99,0.3,,-0.3
2026-02-20,074430,,2.01,0.4,,-0.5
2026-02-23,074430,,2.1,1.3,,-1.3
2026-02-24,074430,,2.21,1.7,,-1.7
2026-02-25,074430,,1.97,-0.9,,0.8
2026-02-26,074430,,1.91,-2.0,,1.9
2026-02-27,074430,1519.0,1.77,0.5,,-0.4
2026-03-03,074430,,1.8,3.2,0.5,-3.6
2026-03-04,074430,,2.05,1.4,1.1,-2.3
2026-03-05,074430,,2.17,0.6,-0.2,-0.5
2026-03-06,074430,,2.22,0.6,,-0.6
2026-03-09,074430,,2.27,1.3,-0.1,-1.3
2026-03-10,074430,,2.38,1.2,0.0,-1.2
2026-03-11,074430,,2.49,0.3,0.0,0.0
2026-03-12,074430,,2.51,1.2,0.0,-1.3
2026-03-13,074430,,2.61,1.8,-2.2,0.4
2026-03-16,074430,,2.76,-0.2,0.0,0.2
2026-03-17,074430,,2.74,-0.0,-0.6,0.7
2026-03-18,074430,,2.74,-0.3,0.0,-0.2
2026-03-19,074430,,2.58,-0.3,0.0,-0.1
2026-03-20,074430,,2.58,-0.0,0.0,-0.1
2026-03-23,074430,,2.57,0.6,0.0,-0.6
2026-03-24,074430,,2.63,1.4,,-1.4
2026-03-25,074430,,2.74,-0.0,,0.4
2026-03-26,074430,,2.74,0.4,,-0.4
2026-03-27,074430,,2.78,0.7,,-0.7
2026-03-30,074430,,2.84,-0.3,-0.6,1.2
2026-03-31,074430,1364.0,2.95,-3.0,,2.9
2026-04-01,074430,,2.71,1.6,,-1.8
2026-04-02,074430,,2.84,-1.1,,1.2
2026-04-03,074430,,2.75,0.8,,-0.9
2026-04-06,074430,,2.81,0.2,,-0.2
2026-04-07,074430,,2.83,0.3,,-0.3
2026-04-08,074430,,2.85,0.5,,-0.3
2026-04-09,074430,,2.89,-0.4,,0.4
2026-04-10,074430,,2.86,-0.0,,0.0
2026-04-13,074430,,2.86,-0.2,,0.4
2026-04-14,074430,,2.85,0.6,,-0.9
2026-04-15,074430,,2.98,-0.1,,-0.6
2026-04-16,074430,,2.97,-0.3,,-0.1
2026-04-17,074430,,2.95,0.1,,-0.2
2026-04-20,074430,,2.93,-1.1,,0.4
2026-04-21,074430,,2.85,-1.2,,1.3
2026-04-22,074430,,2.76,-0.0,,0.1
2026-04-23,074430,,2.7,-0.0,,0.7
2026-04-24,074430,,2.7,0.1,,-0.4
2026-04-27,074430,,2.7,-1.3,,1.5
2026-04-28,074430,,2.6,-0.1,,0.4
2026-04-29,074430,,2.58,0.2,-0.0,-0.2
2026-04-30,074430,1387.0,2.6,-0.5,0.0,0.5
2026-05-04,074430,,2.56,-0.4,0.0,0.3
2026-05-06,074430,,2.53,-0.8,0.0,0.8
2026-05-07,074430,,2.46,0.1,-0.0,-0.1
2026-05-08,074430,,2.47,-0.4,0.0,0.4
2026-05-11,074430,,2.44,-0.1,-0.0,0.2
2026-05-12,074430,,2.43,0.0,0.0,0.0
2026-05-13,074430,,2.43,0.3,-0.0,-0.4
2026-05-14,074430,,2.46,-0.3,-0.0,0.3
2026-05-15,074430,,2.43,-0.3,-0.4,0.7
2026-05-18,074430,,2.28,0.3,-0.0,-0.3
2026-05-19,074430,,2.31,0.4,-0.0,-0.8
2026-05-20,074430,,2.34,0.3,0.0,-0.5
2026-05-21,074430,,2.39,-0.3,-0.0,0.3
2026-05-22,074430,,2.37,0.6,-0.0,-0.6
2026-05-26,074430,,2.43,-0.5,0.0,0.4
2026-05-27,074430,,2.25,-0.5,-0.0,0.5
2026-05-28,074430,,2.21,0.6,-0.0,-0.6
2026-05-29,074430,1193.0,2.26,0.2,-0.0,0.1
2026-06-01,074430,,2.27,-0.4,0.0,0.6
2026-06-02,074430,,2.23,0.6,0.0,-0.7
2026-06-04,074430,,2.3,-0.4,-0.0,-1.3
2026-06-05,074430,,2.25,0.1,-0.0,-1.2
2026-06-08,074430,,2.38,-1.1,-0.0,-0.2
2026-06-09,074430,,2.21,0.1,-0.0,-0.4
2026-06-10,074430,,2.22,-0.4,-0.0,-0.2
2026-06-11,074430,,2.18,0.3,-0.0,-0.3
2026-06-12,074430,,2.21,-0.1,0.0,0.0
2026-06-15,074430,,2.2,-0.6,-0.0,0.6
2026-06-16,074430,,2.15,0.0,0.0,-0.0
2026-06-17,074430,,2.15,-0.2,-0.0,-0.0
2026-06-18,074430,,2.13,-0.3,-0.0,0.1
2026-06-19,074430,,1.99,-0.4,-0.0,0.3
2026-06-22,074430,,1.96,3.3,0.0,-3.4
2026-06-23,074430,,2.31,0.1,-0.0,-1.2
2026-06-24,074430,,2.3,0.3,0.0,-1.0
2026-06-25,074430,,2.33,0.1,-0.0,-1.9
2026-06-26,074430,,2.34,0.0,-0.0,-0.3
2026-06-29,074430,,2.35,0.4,-0.0,-0.5
2026-06-30,074430,1136.0,2.39,-0.4,-0.1,0.3
2026-07-01,074430,,2.35,-0.4,-0.1,-0.4
2026-07-02,074430,,2.3,0.1,-0.0,-0.3
2026-07-03,074430,,2.32,-0.1,-0.1,0.1
2026-07-06,074430,,2.31,-0.2,-0.0,0.2
2026-07-07,074430,,2.29,0.0,-0.1,0.0
2026-07-08,074430,,2.29,-0.3,-0.1,0.3
2026-07-09,074430,,2.26,-0.2,-0.1,0.3
2026-07-10,074430,,2.24,0.1,-0.0,-0.1
2026-07-13,074430,1000.0,2.24,0.0,0.0,-0.0
2025-07-14,074600,,5.33,-3.5,1.6,2.0
2025-07-15,074600,,5.25,5.5,5.2,-10.9
2025-07-16,074600,,5.47,0.6,-5.1,4.4
2025-07-17,074600,,5.51,-2.2,-0.3,2.4
2025-07-18,074600,,5.37,-5.4,0.0,5.3
2025-07-21,074600,,5.13,0.2,-0.0,0.0
2025-07-22,074600,,5.12,-10.7,-1.0,11.7
2025-07-23,074600,,4.87,-1.8,-0.2,2.2
2025-07-24,074600,,4.86,2.6,-17.1,14.0
2025-07-25,074600,,4.89,-0.7,-1.4,2.0
2025-07-28,074600,,4.86,71.7,11.6,-87.0
2025-07-29,074600,,6.54,-12.0,3.6,8.3
2025-07-30,074600,,6.19,-9.6,-0.3,9.9
2025-07-31,074600,,6.18,-7.3,-8.7,15.8
2025-08-01,074600,,5.99,-31.8,-13.4,45.1
2025-08-04,074600,,5.2,-8.2,0.3,7.6
2025-08-05,074600,,5.01,-5.9,-1.0,6.8
2025-08-06,074600,,4.88,-0.9,-0.0,0.2
2025-08-07,074600,,4.92,1.2,-0.0,-1.3
2025-08-08,074600,,4.93,24.6,-2.7,-22.2
2025-08-11,074600,,5.52,0.2,-0.2,0.1
2025-08-12,074600,,5.53,6.4,-0.8,-4.8
2025-08-13,074600,,5.67,-9.6,-6.3,16.3
2025-08-14,074600,,5.45,5.1,-4.7,-0.1
2025-08-18,074600,,5.55,-7.7,-1.4,9.3
2025-08-19,074600,,5.39,-6.7,-0.5,7.2
2025-08-20,074600,,5.23,-12.6,-0.3,12.9
2025-08-21,074600,,4.95,-17.5,-0.2,17.6
2025-08-22,074600,,4.58,-4.3,-1.2,5.5
2025-08-25,074600,,4.49,-0.5,-2.7,3.1
2025-08-26,074600,,4.5,8.4,-4.0,-4.4
2025-08-27,074600,,4.7,1.6,-2.0,0.4
2025-08-28,074600,,4.74,3.1,-2.3,-0.8
2025-08-29,074600,17810.0,4.81,7.3,-3.7,-3.6
2025-09-01,074600,,5.01,-17.3,-5.2,22.2
2025-09-02,074600,,4.54,-14.0,-8.3,22.3
2025-09-03,074600,,4.22,-1.2,-0.4,1.6
2025-09-04,074600,,4.2,2.6,-2.3,-0.3
2025-09-05,074600,,4.25,5.3,-0.5,-4.9
2025-09-08,074600,,4.44,2.4,-1.8,-0.6
2025-09-09,074600,,4.62,16.2,-10.4,-6.8
2025-09-10,074600,,4.97,74.5,24.6,-98.8
2025-09-11,074600,,6.66,31.9,-7.1,-26.8
2025-09-12,074600,,7.35,14.5,19.5,-33.8
2025-09-15,074600,,7.64,-26.3,34.9,-13.0
2025-09-16,074600,,6.9,-2.4,12.1,-9.3
2025-09-17,074600,,6.84,13.2,2.5,-16.4
2025-09-18,074600,,7.11,-31.3,35.7,-9.9
2025-09-19,074600,,6.5,-9.1,3.9,5.1
2025-09-22,074600,,6.42,-20.7,9.3,11.9
2025-09-23,074600,,5.76,-5.7,14.2,-8.1
2025-09-24,074600,,5.67,1.3,2.2,-3.6
2025-09-25,074600,,5.72,-11.1,9.5,2.2
2025-09-26,074600,,5.57,24.6,1.4,-23.1
2025-09-29,074600,,5.86,1.6,4.5,-3.0
2025-09-30,074600,23750.0,5.87,3.6,8.3,-11.6
2025-10-01,074600,,5.86,-31.8,51.8,-21.4
2025-10-02,074600,,5.38,-66.9,17.6,50.0
2025-10-10,074600,,4.36,-25.6,-1.7,26.7
2025-10-13,074600,,4.04,1.9,-8.6,4.9
2025-10-14,074600,,4.04,-1.5,-13.6,14.9
2025-10-15,074600,,3.97,-5.4,-0.9,4.9
2025-10-16,074600,,3.86,6.2,-1.5,-4.0
2025-10-17,074600,,3.97,29.7,-19.3,-8.6
2025-10-20,074600,,4.46,5.5,-0.8,-3.1
2025-10-21,074600,,4.54,21.6,-14.3,-6.5
2025-10-22,074600,,4.87,16.1,-4.2,-11.0
2025-10-23,074600,,5.1,20.7,-0.8,-16.9
2025-10-24,074600,,5.5,-5.3,0.7,4.1
2025-10-27,074600,,5.35,-7.9,-1.0,9.0
2025-10-28,074600,,5.18,8.1,-6.9,-1.8
2025-10-29,074600,,5.35,4.9,-5.7,0.6
2025-10-30,074600,,5.44,5.3,0.1,-5.8
2025-10-31,074600,23450.0,5.49,-1.7,3.7,-2.7
2025-11-03,074600,,5.53,15.3,-8.2,-11.4
2025-11-04,074600,,5.82,-4.2,5.1,-2.1
2025-11-05,074600,,5.66,-18.4,0.5,20.4
2025-11-06,074600,,5.33,14.0,1.3,-14.5
2025-11-07,074600,,5.6,0.4,-1.5,1.7
2025-11-10,074600,,5.54,10.6,-3.9,-6.5
2025-11-11,074600,,5.68,2.0,-0.0,-0.8
2025-11-12,074600,,5.78,-14.3,-2.3,16.6
2025-11-13,074600,,5.5,14.6,-18.8,3.9
2025-11-14,074600,,5.75,-3.7,-31.3,34.7
2025-11-17,074600,,5.58,4.4,-4.9,0.3
2025-11-18,074600,,5.69,7.5,-12.7,6.6
2025-11-19,074600,,5.91,-1.4,0.8,0.7
2025-11-20,074600,,5.79,3.2,-14.7,11.4
2025-11-21,074600,,5.83,-2.6,-13.9,16.3
2025-11-24,074600,,5.78,2.0,1.6,-3.5
2025-11-25,074600,,5.84,1.4,-5.0,3.4
2025-11-26,074600,,5.84,6.0,-7.8,1.8
2025-11-27,074600,,5.97,6.0,-9.4,3.3
2025-11-28,074600,20300.0,6.08,-9.7,6.5,1.0
2025-12-01,074600,,5.88,4.8,3.8,-8.5
2025-12-02,074600,,6.09,-17.1,28.2,-11.3
2025-12-03,074600,,5.76,-2.5,1.7,0.6
2025-12-04,074600,,5.81,-1.2,-0.9,2.1
2025-12-05,074600,,5.8,2.9,2.1,-5.6
2025-12-08,074600,,5.86,8.9,-23.4,14.1
2025-12-09,074600,,6.03,5.4,-6.0,0.6
2025-12-10,074600,,6.11,2.1,-10.7,8.5
2025-12-11,074600,,6.13,20.3,-31.6,11.1
2025-12-12,074600,,6.41,15.8,-31.2,15.0
2025-12-15,074600,,6.76,9.8,-17.9,8.0
2025-12-16,074600,,6.93,-8.1,-0.9,9.1
2025-12-17,074600,,6.71,1.3,-4.4,3.0
2025-12-18,074600,,6.64,1.8,4.6,-6.1
2025-12-19,074600,,6.68,-2.6,2.2,0.2
2025-12-22,074600,,6.6,-0.5,8.6,-8.1
2025-12-23,074600,,6.62,-2.5,3.8,1.6
2025-12-24,074600,,6.86,-6.4,1.2,5.2
2025-12-26,074600,,6.59,-0.2,6.9,-6.8
2025-12-29,074600,,6.45,-16.2,14.8,1.1
2025-12-30,074600,21450.0,6.19,-12.9,9.9,1.2
2026-01-02,074600,,5.94,3.3,-0.8,-3.0
2026-01-05,074600,,6.02,-40.6,-7.5,49.3
2026-01-06,074600,,5.15,-1.7,-6.1,7.7
2026-01-07,074600,,5.16,-0.1,-2.4,3.4
2026-01-08,074600,,5.21,0.5,-5.7,4.3
2026-01-09,074600,,5.23,5.3,20.5,-25.3
2026-01-12,074600,,5.42,-16.5,22.4,-6.0
2026-01-13,074600,,5.06,-1.1,-1.0,2.3
2026-01-14,074600,,5.08,13.8,13.2,-27.1
2026-01-15,074600,,5.4,9.1,46.7,-62.3
2026-01-16,074600,,5.36,-0.8,14.1,-11.0
2026-01-19,074600,,5.35,-2.4,-6.5,8.7
2026-01-20,074600,,5.27,0.6,-0.3,0.2
2026-01-21,074600,,5.23,8.8,20.3,-30.9
2026-01-22,074600,,5.4,-6.3,-2.1,10.3
2026-01-23,074600,,5.22,-4.8,41.3,-36.8
2026-01-26,074600,,5.1,-9.9,52.5,-40.4
2026-01-27,074600,,5.06,15.8,48.9,-64.3
2026-01-28,074600,,5.33,-2.1,45.8,-44.1
2026-01-29,074600,,5.27,17.7,44.4,-59.7
2026-01-30,074600,28500.0,5.42,30.4,49.9,-77.7
2026-02-02,074600,,6.12,13.2,-6.2,-7.9
2026-02-03,074600,,6.36,2.2,13.5,-14.7
2026-02-04,074600,,6.33,-18.2,-7.4,24.2
2026-02-05,074600,,5.74,12.5,4.8,-17.2
2026-02-06,074600,,6.0,5.4,20.0,-25.3
2026-02-09,074600,,6.02,-27.6,36.8,-11.0
2026-02-10,074600,,5.56,-12.7,-5.7,18.0
2026-02-11,074600,,5.62,-3.2,1.4,1.9
2026-02-12,074600,,5.57,7.9,0.3,-9.1
2026-02-13,074600,,5.7,-3.4,-4.7,7.9
2026-02-19,074600,,5.57,46.4,56.8,-99.9
2026-02-20,074600,,6.22,-29.1,2.8,26.2
2026-02-23,074600,,5.73,-21.1,-8.5,31.6
2026-02-24,074600,,5.39,7.3,-10.8,2.0
2026-02-25,074600,,5.5,11.4,-13.8,-3.5
2026-02-26,074600,,5.59,10.1,16.9,-34.9
2026-02-27,074600,31150.0,5.8,-4.9,0.8,-0.8
2026-03-03,074600,,5.71,40.7,-5.2,-36.8
2026-03-04,074600,,6.33,26.7,5.7,-31.1
2026-03-05,074600,,6.49,59.1,5.6,-59.7
2026-03-06,074600,,7.44,63.9,88.7,-146.6
2026-03-09,074600,,8.42,-16.5,15.0,1.7
2026-03-10,074600,,8.18,-113.7,0.5,108.9
2026-03-11,074600,,6.53,-8.1,-23.3,32.3
2026-03-12,074600,,6.51,4.2,3.4,-6.9
2026-03-13,074600,,6.52,10.8,21.5,-32.6
2026-03-16,074600,,6.77,-6.2,19.3,-10.3
2026-03-17,074600,,6.76,-32.1,-17.9,50.2
2026-03-18,074600,,6.43,2.9,-3.6,1.2
2026-03-19,074600,,6.43,17.6,-16.3,-1.7
2026-03-20,074600,,6.58,21.8,18.0,-36.4
2026-03-23,074600,,6.93,17.3,-7.5,-9.9
2026-03-24,074600,,7.19,19.3,-4.9,-14.7
2026-03-25,074600,,7.36,40.4,56.6,-96.1
2026-03-26,074600,,7.97,-26.9,9.4,16.9
2026-03-27,074600,,7.52,-7.2,-2.0,9.5
2026-03-30,074600,,7.36,25.4,-19.1,-6.4
2026-03-31,074600,29800.0,7.75,21.1,-4.1,-17.1
2026-04-01,074600,,8.11,-5.1,22.3,-21.4
2026-04-02,074600,,8.08,14.5,-11.4,-3.1
2026-04-03,074600,,8.19,-0.1,-9.0,8.4
2026-04-06,074600,,8.03,10.8,-10.2,-0.3
2026-04-07,074600,,8.2,-15.2,29.9,-12.5
2026-04-08,074600,,8.04,11.6,-0.7,-10.0
2026-04-09,074600,,8.21,5.0,-13.8,9.4
2026-04-10,074600,,8.23,4.4,-9.6,4.8
2026-04-13,074600,,8.25,19.4,9.3,-28.5
2026-04-14,074600,,8.62,24.1,9.4,-35.1
2026-04-15,074600,,8.78,-3.7,-9.5,11.3
2026-04-16,074600,,8.64,21.3,-12.2,-10.5
2026-04-17,074600,,8.93,9.3,-25.7,15.7
2026-04-20,074600,,8.96,9.9,9.4,-21.1
2026-04-21,074600,,9.1,17.3,-17.5,2.8
2026-04-22,074600,,9.02,25.7,0.0,-24.5
2026-04-23,074600,,9.37,22.9,-27.8,5.5
2026-04-24,074600,,9.41,71.9,17.3,-83.4
2026-04-27,074600,,10.56,-42.7,-15.9,59.7
2026-04-28,074600,,9.76,32.8,-8.2,-20.0
2026-04-29,074600,,10.11,6.2,2.3,-5.1
2026-04-30,074600,37850.0,10.09,16.8,-13.6,2.4
2026-05-04,074600,,10.29,3.8,7.3,-9.8
2026-05-06,074600,,10.31,3.3,-15.3,12.5
2026-05-07,074600,,10.17,11.7,2.4,-14.2
2026-05-08,074600,,10.33,10.1,10.6,-20.7
2026-05-11,074600,,10.52,-5.8,-7.1,11.0
2026-05-12,074600,,10.35,38.8,15.6,-51.1
2026-05-13,074600,,10.9,-8.7,-9.3,16.8
2026-05-14,074600,,10.77,-14.1,27.3,-10.1
2026-05-15,074600,,10.66,1.9,-8.3,5.8
2026-05-18,074600,,10.54,6.7,10.0,-14.3
2026-05-19,074600,,10.72,-24.9,34.0,-8.9
2026-05-20,074600,,10.51,12.5,-8.3,-6.2
2026-05-21,074600,,10.81,-1.8,11.9,-10.0
2026-05-22,074600,,10.85,14.3,3.7,-17.7
2026-05-26,074600,,11.0,-2.8,-8.1,11.4
2026-05-27,074600,,10.94,-35.5,5.5,30.9
2026-05-28,074600,,10.41,45.5,-55.0,7.1
2026-05-29,074600,32900.0,10.96,-24.8,5.4,19.1
2026-06-01,074600,,10.64,22.3,-26.9,5.3
2026-06-02,074600,,10.95,4.0,-2.3,-1.8
2026-06-04,074600,,11.03,3.4,43.0,-44.3
2026-06-05,074600,,11.21,-34.2,47.0,-20.3
2026-06-08,074600,,10.69,-27.0,2.5,25.3
2026-06-09,074600,,10.21,32.6,1.5,-38.5
2026-06-10,074600,,10.74,-0.0,1.5,-1.6
2026-06-11,074600,,10.68,11.8,3.3,-13.0
2026-06-12,074600,,10.94,91.4,122.7,-207.8
2026-06-15,074600,,11.94,-44.9,25.2,20.7
2026-06-16,074600,,11.4,-10.5,14.5,-0.6
2026-06-17,074600,,11.24,-23.4,23.2,0.3
2026-06-18,074600,,10.99,45.5,-58.7,13.0
2026-06-19,074600,,11.53,49.9,-69.7,21.0
2026-06-22,074600,,12.04,36.1,7.3,-44.5
2026-06-23,074600,,12.61,-11.9,-5.8,19.4
2026-06-24,074600,,12.32,-26.0,1.9,22.3
2026-06-25,074600,,11.95,-5.0,-15.4,20.5
2026-06-26,074600,,11.79,-5.7,-2.9,5.5
2026-06-29,074600,,11.72,-6.4,33.4,-26.8
2026-06-30,074600,35150.0,11.75,-16.2,1.7,6.6
2026-07-01,074600,,11.57,25.8,11.5,-36.3
2026-07-02,074600,,11.89,-45.2,3.1,41.5
2026-07-03,074600,,11.09,-10.8,-14.9,25.8
2026-07-06,074600,,10.81,-13.4,-11.0,24.1
2026-07-07,074600,,10.59,-13.0,28.4,-14.9
2026-07-08,074600,,10.45,25.0,-17.5,-6.3
2026-07-09,074600,,10.76,45.9,-37.2,-8.6
2026-07-10,074600,,11.39,-2.2,20.3,-18.1
2026-07-13,074600,30250.0,11.37,10.2,4.3,-15.0
2025-07-14,074610,,4.54,,,
2025-07-15,074610,,4.54,,,
2025-07-16,074610,,4.54,,,
2025-07-17,074610,,4.54,,,
2025-07-18,074610,,4.54,,,
2025-07-21,074610,,4.49,,,
2025-07-22,074610,,4.49,,,
2025-07-23,074610,,4.49,,,
2025-07-24,074610,,4.49,,,
2025-07-25,074610,,4.49,,,
2025-07-28,074610,,4.49,,,
2025-07-29,074610,,4.49,,,
2025-07-30,074610,,4.5,,,
2025-07-31,074610,,4.5,,,
2025-08-01,074610,,4.5,,,
2025-08-04,074610,,4.5,,,
2025-08-05,074610,,4.5,,,
2025-08-06,074610,,4.5,,,
2025-08-07,074610,,4.5,,,
2025-08-08,074610,,4.5,,,
2025-08-11,074610,,4.5,,,
2025-08-12,074610,,4.5,,,
2025-08-13,074610,,4.5,,,
2025-08-14,074610,,4.5,,,
2025-08-18,074610,,4.5,,,
2025-08-19,074610,,4.5,,,
2025-08-20,074610,,4.42,,,
2025-08-21,074610,,4.42,,,
2025-08-22,074610,,4.42,,,
2025-08-25,074610,,4.42,,,
2025-08-26,074610,,4.42,,,
2025-08-27,074610,,4.42,,,
2025-08-28,074610,,4.42,,,
2025-08-29,074610,511.0,4.42,,,
2025-09-01,074610,,4.42,,,
2025-09-02,074610,,4.42,,,
2025-09-03,074610,,4.42,,,
2025-09-04,074610,,4.42,,,
2025-09-05,074610,,4.42,,,
2025-09-08,074610,,4.42,,,
2025-09-09,074610,,4.42,,,
2025-09-10,074610,,4.42,,,
2025-09-11,074610,,4.42,,,
2025-09-12,074610,,4.42,,,
2025-09-15,074610,,4.42,,,
2025-09-16,074610,,4.42,,,
2025-09-17,074610,,4.42,,,
2025-09-18,074610,,4.42,,,
2025-09-19,074610,,4.42,,,
2025-09-22,074610,,4.42,,,
2025-09-23,074610,,4.42,,,
2025-09-24,074610,,4.42,,,
2025-09-25,074610,,4.42,,,
2025-09-26,074610,,4.42,,,
2025-09-29,074610,,4.42,,,
2025-09-30,074610,511.0,4.42,,,
2025-10-01,074610,,4.42,,,
2025-10-02,074610,,4.42,,,
2025-10-10,074610,,4.42,,,
2025-10-13,074610,,4.42,,,
2025-10-14,074610,,4.42,,,
2025-10-15,074610,,4.42,,,
2025-10-16,074610,,4.42,,,
2025-10-17,074610,,4.42,,,
2025-10-20,074610,,4.42,,,
2025-10-21,074610,,4.42,,,
2025-10-22,074610,,4.42,,,
2025-10-23,074610,,4.42,,,
2025-10-24,074610,,4.41,,,
2025-10-27,074610,,4.41,,,
2025-10-28,074610,,4.41,,,
2025-10-29,074610,,4.41,,,
2025-10-30,074610,,4.41,,,
2025-10-31,074610,511.0,4.41,,,
2025-11-03,074610,,4.41,,,
2025-11-04,074610,,4.41,,,
2025-11-05,074610,,4.41,,,
2025-11-06,074610,,4.41,,,
2025-11-07,074610,,4.41,,,
2025-11-10,074610,,4.41,,,
2025-11-11,074610,,4.16,,,
2025-11-12,074610,,4.16,,,
2025-11-13,074610,,4.16,,,
2025-11-14,074610,,4.16,,,
2025-11-17,074610,,4.16,,,
2025-11-18,074610,,4.16,,,
2025-11-19,074610,,4.16,,,
2025-11-20,074610,,4.15,,,
2025-11-21,074610,,4.15,,,
2025-11-24,074610,,4.15,,,
2025-11-25,074610,,4.15,,,
2025-11-26,074610,,4.15,,,
2025-11-27,074610,,4.15,,,
2025-11-28,074610,511.0,4.15,,,
2025-12-01,074610,,4.15,,,
2025-12-02,074610,,4.15,,,
2025-12-03,074610,,4.15,,,
2025-12-04,074610,,4.15,,,
2025-12-05,074610,,4.15,,,
2025-12-08,074610,,4.15,,,
2025-12-09,074610,,4.15,,,
2025-12-10,074610,,4.15,,,
2025-12-11,074610,,4.15,,,
2025-12-12,074610,,4.15,,,
2025-12-15,074610,,4.15,,,
2025-12-16,074610,,4.15,,,
2025-12-17,074610,,4.15,,,
2025-12-18,074610,,4.15,,,
2025-12-19,074610,,4.15,,,
2025-12-22,074610,,4.15,,,
2025-12-23,074610,,4.15,,,
2025-12-24,074610,,4.15,,,
2025-12-26,074610,,4.15,,,
2025-12-29,074610,,4.19,,,
2025-12-30,074610,5110.0,2.72,,,
2026-01-02,074610,,2.72,,,
2026-01-05,074610,,2.72,,,
2026-01-06,074610,,2.72,,,
2026-01-07,074610,,2.73,,,
2026-01-08,074610,,2.73,,,
2026-01-09,074610,,2.73,,,
2026-01-12,074610,,2.73,,,
2026-01-13,074610,,2.73,,,
2026-01-14,074610,,2.73,,,
2026-01-15,074610,,2.73,,,
2026-01-16,074610,,2.73,,,
2026-01-19,074610,,2.73,,,
2026-01-20,074610,,2.73,,,
2026-01-21,074610,,2.73,,,
2026-01-22,074610,,2.73,,,
2026-01-23,074610,,2.73,,,
2026-01-26,074610,,2.73,,,
2026-01-27,074610,,2.73,,,
2026-01-28,074610,,2.73,,,
2026-01-29,074610,,2.73,,,
2026-01-30,074610,5110.0,2.73,,,
2026-02-02,074610,,2.73,,,
2026-02-03,074610,,2.73,,,
2026-02-04,074610,,2.73,,,
2026-02-05,074610,,2.73,,,
2026-02-06,074610,,2.73,,,
2026-02-09,074610,,2.73,,,
2026-02-10,074610,,2.73,,,
2026-02-11,074610,,2.73,,,
2026-02-12,074610,,2.73,,,
2026-02-13,074610,,2.73,,,
2026-02-19,074610,,2.73,,,
2026-02-20,074610,,2.73,,,
2026-02-23,074610,,2.73,,,
2026-02-24,074610,,2.73,,,
2026-02-25,074610,,2.73,,,
2026-02-26,074610,,2.73,,,
2026-02-27,074610,5110.0,2.73,,,
2026-03-03,074610,,2.73,,,
2026-03-04,074610,,2.73,,,
2026-03-05,074610,,2.73,,,
2026-03-06,074610,,2.73,,,
2026-03-09,074610,,2.73,,,
2026-03-10,074610,,2.73,,,
2026-03-11,074610,,2.73,,,
2026-03-12,074610,,2.73,,,
2026-03-13,074610,,2.29,,,
2026-03-16,074610,,2.29,,,
2026-03-17,074610,,2.29,,,
2026-03-18,074610,,2.29,,,
2026-03-19,074610,,2.29,,,
2026-03-20,074610,,2.29,,,
2026-03-23,074610,,2.29,,,
2026-03-24,074610,,2.29,,,
2026-03-25,074610,,2.29,,,
2026-03-26,074610,,2.29,,,
2026-03-27,074610,,2.29,,,
2026-03-30,074610,,2.29,,,
2026-03-31,074610,5110.0,2.29,,,
2026-04-01,074610,,2.29,,,
2026-04-02,074610,,2.29,,,
2026-04-03,074610,,2.29,,,
2026-04-06,074610,,2.29,,,
2026-04-07,074610,,2.29,,,
2026-04-08,074610,,2.29,,,
2026-04-09,074610,,2.29,,,
2026-04-10,074610,,2.29,,,
2026-04-13,074610,,2.29,,,
2026-04-14,074610,,2.29,,,
2026-04-15,074610,,2.29,,,
2026-04-16,074610,,2.29,,,
2026-04-17,074610,,2.29,,,
2026-04-20,074610,,2.29,,,
2026-04-21,074610,,2.29,,,
2026-04-22,074610,,2.29,,,
2026-04-23,074610,,2.29,,,
2026-04-24,074610,,2.29,,,
2026-04-27,074610,,2.29,,,
2026-04-28,074610,,2.29,,,
2026-04-29,074610,,2.29,,,
2026-04-30,074610,5110.0,2.29,,,
2026-05-04,074610,,2.29,,,
2026-05-06,074610,,2.29,,,
2026-05-07,074610,,2.29,,,
2026-05-08,074610,,2.29,,,
2026-05-11,074610,,2.29,,,
2026-05-12,074610,,2.29,,,
2026-05-13,074610,,2.29,,,
2026-05-14,074610,,2.29,,,
2026-05-15,074610,,2.29,,,
2026-05-18,074610,,2.29,,,
2026-05-19,074610,,2.29,,,
2026-05-20,074610,,2.29,,,
2026-05-21,074610,,2.29,,,
2026-05-22,074610,,2.29,,,
2026-05-26,074610,,2.29,,,
2026-05-27,074610,,2.29,,,
2026-05-28,074610,,2.29,,,
2026-05-29,074610,5110.0,2.29,,,
2026-06-01,074610,,2.29,,,
2026-06-02,074610,,2.29,,,
2026-06-04,074610,,2.29,,,
2026-06-05,074610,,2.29,,,
2026-06-08,074610,,2.29,,,
2026-06-09,074610,,2.29,,,
2026-06-10,074610,,2.29,,,
2026-06-11,074610,,2.29,,,
2026-06-12,074610,,2.29,,,
2026-06-15,074610,,2.29,,,
2026-06-16,074610,,2.29,,,
2026-06-17,074610,,2.29,,,
2026-06-18,074610,,2.29,,,
2026-06-19,074610,,2.29,,,
2026-06-22,074610,,2.29,,,
2026-06-23,074610,,2.29,,,
2026-06-24,074610,,2.29,,,
2026-06-25,074610,,2.29,,,
2026-06-26,074610,,2.29,,,
2026-06-29,074610,,2.29,,,
2026-06-30,074610,5110.0,2.29,,,
2026-07-01,074610,,2.29,,,
2026-07-02,074610,,2.29,,,
2026-07-03,074610,,2.29,,,
2026-07-06,074610,,2.29,,,
2026-07-07,074610,,2.29,,,
2026-07-08,074610,,2.29,,,
2026-07-09,074610,,2.29,,,
2026-07-10,074610,,2.29,,,
2026-07-13,074610,5110.0,2.29,,,
2025-07-14,075130,,8.51,-0.6,,0.5
2025-07-15,075130,,8.42,0.1,,-0.1
2025-07-16,075130,,8.44,0.4,,-0.4
2025-07-17,075130,,8.53,0.4,,-0.4
2025-07-18,075130,,8.6,0.1,,-0.1
2025-07-21,075130,,8.62,-1.1,,1.1
2025-07-22,075130,,8.4,-0.1,,0.1
2025-07-23,075130,,8.38,-0.3,,0.4
2025-07-24,075130,,8.32,-0.5,,0.4
2025-07-25,075130,,8.22,-0.3,,0.3
2025-07-28,075130,,8.16,-0.0,,-0.1
2025-07-29,075130,,8.15,0.0,,0.0
2025-07-30,075130,,8.15,-0.3,,0.3
2025-07-31,075130,,8.08,0.1,,-0.1
2025-08-01,075130,,8.23,-0.2,,0.2
2025-08-04,075130,,8.2,0.2,,-0.2
2025-08-05,075130,,8.25,-0.0,,0.0
2025-08-06,075130,,8.24,0.1,,-0.1
2025-08-07,075130,,8.28,0.1,,-0.1
2025-08-08,075130,,8.37,-0.5,,0.5
2025-08-11,075130,,8.28,-0.3,,0.3
2025-08-12,075130,,8.22,-0.2,,0.2
2025-08-13,075130,,8.19,0.2,,-0.2
2025-08-14,075130,,8.23,0.7,,-0.7
2025-08-18,075130,,8.52,-8.6,-0.3,9.6
2025-08-19,075130,,6.84,1.6,,-1.5
2025-08-20,075130,,7.18,0.6,,-0.6
2025-08-21,075130,,7.29,1.2,,-1.2
2025-08-22,075130,,7.55,0.2,,-0.2
2025-08-25,075130,,7.6,0.9,,-0.9
2025-08-26,075130,,7.78,-0.0,,0.0
2025-08-27,075130,,7.78,-0.2,,0.2
2025-08-28,075130,,7.75,0.1,,-0.1
2025-08-29,075130,2825.0,7.76,-0.5,,0.5
2025-09-01,075130,,7.66,-0.6,,0.6
2025-09-02,075130,,7.54,0.5,,-0.4
2025-09-03,075130,,7.65,-0.1,,0.1
2025-09-04,075130,,7.63,0.2,,-0.2
2025-09-05,075130,,7.68,-0.3,-0.0,0.3
2025-09-08,075130,,7.62,0.2,,-0.2
2025-09-09,075130,,7.68,0.1,,-0.1
2025-09-10,075130,,7.7,1.1,,-1.1
2025-09-11,075130,,7.93,-0.1,,0.1
2025-09-12,075130,,7.91,0.4,,-0.5
2025-09-15,075130,,7.99,0.2,,-0.2
2025-09-16,075130,,8.04,0.1,,-0.1
2025-09-17,075130,,8.05,-0.0,,0.0
2025-09-18,075130,,8.05,0.6,-0.1,-0.5
2025-09-19,075130,,8.17,-0.4,,0.4
2025-09-22,075130,,8.09,-0.5,-0.2,0.6
2025-09-23,075130,,8.0,-0.0,-0.1,0.1
2025-09-24,075130,,7.99,-0.1,-0.1,0.3
2025-09-25,075130,,7.96,-0.1,-0.1,0.0
2025-09-26,075130,,7.94,-0.5,-0.1,0.6
2025-09-29,075130,,7.84,-0.3,-0.2,0.4
2025-09-30,075130,2790.0,7.78,-0.3,-0.2,0.5
2025-10-01,075130,,7.72,-0.3,-0.0,0.3
2025-10-02,075130,,7.65,0.6,-0.1,-0.4
2025-10-10,075130,,7.78,0.0,-0.1,0.1
2025-10-13,075130,,7.78,-0.2,-0.0,0.2
2025-10-14,075130,,7.75,-0.4,0.0,0.4
2025-10-15,075130,,7.66,0.4,-0.1,-0.3
2025-10-16,075130,,7.78,-0.9,-0.1,1.0
2025-10-17,075130,,7.58,-1.2,,1.2
2025-10-20,075130,,7.32,0.2,,-0.2
2025-10-21,075130,,7.38,-0.6,,0.6
2025-10-22,075130,,7.25,-0.2,,0.2
2025-10-23,075130,,7.19,0.1,,-0.1
2025-10-24,075130,,7.2,-0.5,,0.5
2025-10-27,075130,,7.09,-0.1,,0.1
2025-10-28,075130,,7.06,0.2,,-0.2
2025-10-29,075130,,7.11,-0.2,,0.2
2025-10-30,075130,,7.07,-0.3,,0.3
2025-10-31,075130,2510.0,6.99,0.1,,-0.1
2025-11-03,075130,,7.09,-0.6,,0.5
2025-11-04,075130,,6.94,-0.2,,0.2
2025-11-05,075130,,6.91,-0.7,,0.5
2025-11-06,075130,,6.73,-0.1,,0.1
2025-11-07,075130,,6.71,2.3,-2.4,0.0
2025-11-10,075130,,7.27,-0.1,,0.1
2025-11-11,075130,,7.17,-0.2,,0.2
2025-11-12,075130,,7.11,0.1,,-0.1
2025-11-13,075130,,7.13,-0.3,,0.2
2025-11-14,075130,,7.07,-0.6,,0.6
2025-11-17,075130,,6.92,-0.3,,0.3
2025-11-18,075130,,6.84,0.1,,-0.1
2025-11-19,075130,,6.94,-0.0,,-0.0
2025-11-20,075130,,6.92,0.2,,-0.2
2025-11-21,075130,,6.96,0.2,,-0.2
2025-11-24,075130,,7.0,-0.0,,0.0
2025-11-25,075130,,7.0,0.1,,-0.1
2025-11-26,075130,,7.01,0.1,,-0.1
2025-11-27,075130,,7.03,-0.1,,0.1
2025-11-28,075130,2445.0,7.01,-0.1,,0.1
2025-12-01,075130,,6.98,-0.3,,0.3
2025-12-02,075130,,6.91,-0.3,,0.3
2025-12-03,075130,,6.84,0.2,,-0.2
2025-12-04,075130,,6.89,-0.1,,0.1
2025-12-05,075130,,6.86,-0.1,,0.1
2025-12-08,075130,,6.82,-0.2,,0.2
2025-12-09,075130,,6.76,-0.2,,0.2
2025-12-10,075130,,6.72,-0.2,,0.2
2025-12-11,075130,,6.68,-0.3,,0.3
2025-12-12,075130,,6.6,-0.0,,0.0
2025-12-15,075130,,6.6,-0.1,,0.1
2025-12-16,075130,,6.54,-0.3,,0.3
2025-12-17,075130,,6.46,0.1,,-0.1
2025-12-18,075130,,6.47,-0.2,,0.2
2025-12-19,075130,,6.43,-0.2,,0.2
2025-12-22,075130,,6.39,0.0,,-0.0
2025-12-23,075130,,6.39,-0.4,,0.4
2025-12-24,075130,,6.29,-0.3,,0.3
2025-12-26,075130,,6.12,-0.5,,0.5
2025-12-29,075130,,6.01,-0.3,,0.3
2025-12-30,075130,2490.0,5.94,-0.2,,0.2
2026-01-02,075130,,5.36,-0.1,,0.1
2026-01-05,075130,,5.33,-0.1,,0.1
2026-01-06,075130,,5.3,-0.2,,0.2
2026-01-07,075130,,5.36,-0.7,,0.7
2026-01-08,075130,,5.19,-0.3,,0.3
2026-01-09,075130,,5.1,-0.0,,0.0
2026-01-12,075130,,5.09,-0.1,,0.1
2026-01-13,075130,,5.06,-0.1,,0.1
2026-01-14,075130,,5.12,-0.1,,0.0
2026-01-15,075130,,5.11,-0.2,,0.2
2026-01-16,075130,,5.04,-0.1,,0.1
2026-01-19,075130,,5.01,-0.1,,0.1
2026-01-20,075130,,4.99,-0.1,,0.1
2026-01-21,075130,,4.97,-0.4,,0.3
2026-01-22,075130,,4.88,0.1,,-0.1
2026-01-23,075130,,4.89,-0.0,,0.0
2026-01-26,075130,,4.89,0.1,,-0.1
2026-01-27,075130,,4.92,0.0,,-0.0
2026-01-28,075130,,4.92,-0.1,,0.1
2026-01-29,075130,,4.89,-0.4,,0.4
2026-01-30,075130,2395.0,4.79,-0.3,,-0.1
2026-02-02,075130,,4.71,-0.4,,0.4
2026-02-03,075130,,4.62,-0.2,,-0.0
2026-02-04,075130,,4.57,-0.1,,0.0
2026-02-05,075130,,4.53,0.3,,-0.3
2026-02-06,075130,,4.6,-0.2,,0.2
2026-02-09,075130,,4.54,-0.2,,0.2
2026-02-10,075130,,4.49,0.1,,-0.1
2026-02-11,075130,,4.52,-0.0,,0.0
2026-02-12,075130,,4.51,-0.1,,0.1
2026-02-13,075130,,4.49,-0.2,,0.2
2026-02-19,075130,,4.45,-0.2,,0.2
2026-02-20,075130,,4.41,-0.1,,0.2
2026-02-23,075130,,4.38,0.1,,-0.1
2026-02-24,075130,,4.4,-0.0,,0.0
2026-02-25,075130,,4.4,-0.1,,0.1
2026-02-26,075130,,4.36,-0.5,,0.5
2026-02-27,075130,2300.0,4.23,-0.3,,0.3
2026-03-03,075130,,4.22,-0.5,,0.4
2026-03-04,075130,,4.1,-0.7,,0.7
2026-03-05,075130,,3.93,0.6,,-0.6
2026-03-06,075130,,4.12,0.0,,-0.1
2026-03-09,075130,,4.13,0.2,,-0.2
2026-03-10,075130,,4.2,0.4,,-0.4
2026-03-11,075130,,4.31,-0.3,,0.3
2026-03-12,075130,,4.23,-0.1,,0.1
2026-03-13,075130,,4.2,-0.1,,0.1
2026-03-16,075130,,4.19,-0.1,,0.1
2026-03-17,075130,,4.16,-0.0,,0.0
2026-03-18,075130,,4.15,-0.1,,0.1
2026-03-19,075130,,4.13,0.0,,-0.0
2026-03-20,075130,,4.13,0.1,,-0.1
2026-03-23,075130,,4.16,-0.1,,0.1
2026-03-24,075130,,4.13,0.0,,-0.0
2026-03-25,075130,,4.14,0.2,,-0.2
2026-03-26,075130,,4.18,-0.1,,0.1
2026-03-27,075130,,4.17,-0.0,,0.0
2026-03-30,075130,,4.16,0.0,,-0.0
2026-03-31,075130,2195.0,4.19,0.0,,-0.0
2026-04-01,075130,,4.2,0.2,,-0.2
2026-04-02,075130,,4.25,-0.0,,0.0
2026-04-03,075130,,4.24,0.0,,-0.0
2026-04-06,075130,,4.24,-0.1,,0.1
2026-04-07,075130,,4.22,-0.0,,0.0
2026-04-08,075130,,4.22,-0.2,,0.2
2026-04-09,075130,,4.17,0.0,,-0.0
2026-04-10,075130,,4.17,0.7,,-0.7
2026-04-13,075130,,4.35,0.0,,-0.0
2026-04-14,075130,,4.35,0.1,,-0.1
2026-04-15,075130,,4.53,-0.2,,0.4
2026-04-16,075130,,4.49,-0.9,,0.6
2026-04-17,075130,,4.28,-2.1,,2.1
2026-04-20,075130,,3.79,0.5,,-0.6
2026-04-21,075130,,3.91,0.8,,-1.0
2026-04-22,075130,,4.1,0.4,,-0.4
2026-04-23,075130,,4.2,0.0,,-0.1
2026-04-24,075130,,4.2,-0.0,,0.0
2026-04-27,075130,,4.19,-0.0,,0.0
2026-04-28,075130,,4.19,0.1,,-0.1
2026-04-29,075130,,4.25,-0.4,-0.0,0.4
2026-04-30,075130,2500.0,4.09,-0.1,0.0,0.1
2026-05-04,075130,,4.04,-0.4,0.0,0.5
2026-05-06,075130,,3.94,-0.2,-0.0,-0.1
2026-05-07,075130,,3.88,-0.1,0.0,0.0
2026-05-08,075130,,3.85,0.2,-0.0,-0.2
2026-05-11,075130,,3.89,0.1,-0.0,-0.1
2026-05-12,075130,,3.93,-0.3,-0.0,0.3
2026-05-13,075130,,3.81,-0.2,0.0,0.1
2026-05-14,075130,,3.76,0.1,-0.0,-0.1
2026-05-15,075130,,3.79,0.1,0.0,-0.1
2026-05-18,075130,,3.83,0.3,0.0,-0.3
2026-05-19,075130,,3.91,-0.0,0.0,-0.0
2026-05-20,075130,,3.92,0.3,0.0,-0.2
2026-05-21,075130,,4.0,-0.1,-0.0,0.1
2026-05-22,075130,,3.97,0.1,0.0,-0.2
2026-05-26,075130,,4.0,-0.2,,0.2
2026-05-27,075130,,3.95,-0.2,-0.0,0.2
2026-05-28,075130,,3.91,0.2,-0.0,-0.2
2026-05-29,075130,2070.0,3.97,-0.1,-0.0,0.1
2026-06-01,075130,,3.93,-0.6,0.0,0.7
2026-06-02,075130,,3.74,0.1,0.0,-0.1
2026-06-04,075130,,3.77,0.0,0.0,-0.1
2026-06-05,075130,,3.78,0.1,-0.0,-0.0
2026-06-08,075130,,3.8,-0.2,-0.0,0.3
2026-06-09,075130,,3.73,0.1,-0.0,-0.1
2026-06-10,075130,,3.75,-0.1,0.0,0.1
2026-06-11,075130,,3.71,0.0,-0.0,-0.0
2026-06-12,075130,,3.72,-0.1,0.0,0.1
2026-06-15,075130,,3.69,-0.1,0.0,0.1
2026-06-16,075130,,3.67,-0.0,0.0,0.0
2026-06-17,075130,,3.66,-0.0,0.0,0.0
2026-06-18,075130,,3.68,0.0,0.0,0.0
2026-06-19,075130,,3.67,-0.2,0.0,0.2
2026-06-22,075130,,3.61,0.6,0.0,-0.7
2026-06-23,075130,,3.8,-0.3,0.0,0.3
2026-06-24,075130,,3.71,-0.2,-0.0,0.2
2026-06-25,075130,,3.64,0.1,0.0,-0.1
2026-06-26,075130,,3.65,-0.0,-0.0,0.1
2026-06-29,075130,,3.65,0.2,0.0,-0.2
2026-06-30,075130,1906.0,3.71,0.0,,-0.0
2026-07-01,075130,,3.71,0.2,0.0,-0.2
2026-07-02,075130,,3.75,-0.1,0.0,0.1
2026-07-03,075130,,3.72,-0.0,0.0,0.0
2026-07-06,075130,,3.71,0.0,0.0,-0.0
2026-07-07,075130,,3.72,0.0,0.0,-0.0
2026-07-08,075130,,3.73,0.2,-0.0,-0.2
2026-07-09,075130,,3.81,-0.0,-0.0,0.0
2026-07-10,075130,,3.92,0.1,0.0,-0.1
2026-07-13,075130,1900.0,3.96,-0.1,-0.0,0.1
2025-07-14,075180,,65.81,-0.0,-0.0,0.0
2025-07-15,075180,,65.81,-0.0,0.0,0.0
2025-07-16,075180,,65.81,0.0,0.0,-0.0
2025-07-17,075180,,65.81,-0.0,0.0,-0.0
2025-07-18,075180,,65.81,-0.0,0.0,-0.0
2025-07-21,075180,,65.81,-0.0,-0.0,0.0
2025-07-22,075180,,65.81,0.0,-0.0,0.0
2025-07-23,075180,,65.81,0.0,-0.0,-0.0
2025-07-24,075180,,65.81,-0.0,0.0,-0.0
2025-07-25,075180,,65.81,-0.0,-0.0,-0.1
2025-07-28,075180,,65.81,-0.0,0.0,-0.1
2025-07-29,075180,,65.81,0.0,0.0,-0.0
2025-07-30,075180,,65.81,0.0,-0.0,-0.0
2025-07-31,075180,,65.81,-0.0,0.0,0.0
2025-08-01,075180,,65.81,0.0,0.0,0.1
2025-08-04,075180,,65.81,-0.0,0.0,-0.0
2025-08-05,075180,,65.81,0.0,-0.0,0.0
2025-08-06,075180,,65.81,0.0,0.0,0.0
2025-08-07,075180,,65.81,0.0,-0.0,-0.0
2025-08-08,075180,,65.81,-0.0,0.0,-0.0
2025-08-11,075180,,65.81,0.0,-0.2,0.2
2025-08-12,075180,,65.81,-0.0,0.0,0.0
2025-08-13,075180,,65.81,-0.0,-0.1,0.1
2025-08-14,075180,,65.81,-0.1,0.1,-0.0
2025-08-18,075180,,65.81,0.0,0.0,0.1
2025-08-19,075180,,65.81,0.0,-0.0,0.0
2025-08-20,075180,,65.81,0.0,0.0,0.1
2025-08-21,075180,,65.81,-0.0,-0.0,0.1
2025-08-22,075180,,65.81,0.0,0.0,0.0
2025-08-25,075180,,65.81,0.0,-0.0,0.1
2025-08-26,075180,,65.81,-0.0,-0.0,0.0
2025-08-27,075180,,65.81,-0.0,0.0,0.0
2025-08-28,075180,,65.81,-0.0,0.2,-0.1
2025-08-29,075180,3140.0,65.81,0.0,0.0,-0.0
2025-09-01,075180,,65.81,0.0,0.0,0.2
2025-09-02,075180,,65.81,-0.0,-0.0,0.1
2025-09-03,075180,,65.81,-0.0,0.0,0.0
2025-09-04,075180,,65.81,-0.0,0.3,-0.0
2025-09-05,075180,,65.81,0.0,0.3,-0.3
2025-09-08,075180,,65.81,-0.0,0.0,0.0
2025-09-09,075180,,65.81,0.0,0.0,-0.0
2025-09-10,075180,,65.81,-0.0,0.0,0.0
2025-09-11,075180,,65.81,-0.0,0.2,-0.1
2025-09-12,075180,,65.81,0.0,0.0,-0.0
2025-09-15,075180,,65.81,-0.0,0.1,-0.1
2025-09-16,075180,,65.81,-0.0,-0.0,0.0
2025-09-17,075180,,65.81,-0.0,0.1,-0.0
2025-09-18,075180,,65.81,-0.0,0.0,0.0
2025-09-19,075180,,65.81,-0.0,4.7,-4.5
2025-09-22,075180,,65.81,-0.0,-0.0,0.0
2025-09-23,075180,,65.81,-0.0,-0.0,0.0
2025-09-24,075180,,65.81,0.0,0.0,-0.0
2025-09-25,075180,,65.81,0.0,-0.1,0.1
2025-09-26,075180,,65.81,-0.0,0.1,-0.1
2025-09-29,075180,,65.81,-0.0,0.1,-0.1
2025-09-30,075180,3210.0,65.81,-0.0,-0.1,0.1
2025-10-01,075180,,65.81,0.0,0.0,-0.0
2025-10-02,075180,,65.81,-0.0,-0.0,0.0
2025-10-10,075180,,65.81,0.0,-0.0,0.0
2025-10-13,075180,,65.81,0.0,0.1,-0.1
2025-10-14,075180,,65.81,0.0,0.1,-0.0
2025-10-15,075180,,65.81,-0.0,-0.0,0.0
2025-10-16,075180,,65.81,0.0,-0.0,0.0
2025-10-17,075180,,65.81,-0.0,-0.1,0.1
2025-10-20,075180,,65.81,0.0,0.0,-0.0
2025-10-21,075180,,65.81,-0.0,0.0,-0.0
2025-10-22,075180,,65.81,0.0,-0.0,0.0
2025-10-23,075180,,65.81,-0.0,0.0,-0.0
2025-10-24,075180,,65.81,-0.0,0.0,-0.0
2025-10-27,075180,,65.81,-0.0,-0.0,0.0
2025-10-28,075180,,65.81,0.0,0.0,-0.0
2025-10-29,075180,,65.81,-0.0,-0.0,0.0
2025-10-30,075180,,65.81,-0.0,0.0,0.0
2025-10-31,075180,3130.0,65.81,-0.0,0.1,-0.1
2025-11-03,075180,,65.81,-0.0,-0.0,0.0
2025-11-04,075180,,65.81,0.0,-0.1,0.1
2025-11-05,075180,,65.81,0.0,-0.0,-0.0
2025-11-06,075180,,65.81,-0.0,0.0,-0.0
2025-11-07,075180,,65.81,0.0,0.2,-0.3
2025-11-10,075180,,65.81,-0.0,0.0,-0.0
2025-11-11,075180,,65.81,-0.0,-0.0,0.0
2025-11-12,075180,,65.81,0.0,0.0,-0.0
2025-11-13,075180,,65.81,-0.0,-0.0,0.0
2025-11-14,075180,,65.81,-0.0,-0.0,0.0
2025-11-17,075180,,65.81,-0.0,-0.0,0.0
2025-11-18,075180,,65.81,-0.0,-0.0,0.1
2025-11-19,075180,,65.81,-0.0,0.0,-0.0
2025-11-20,075180,,65.81,-0.0,0.0,-0.0
2025-11-21,075180,,65.81,-0.0,0.1,-0.1
2025-11-24,075180,,65.75,-0.0,0.1,-0.1
2025-11-25,075180,,65.75,-0.0,0.0,-0.1
2025-11-26,075180,,65.75,-0.0,0.1,-0.1
2025-11-27,075180,,65.75,0.0,1.3,-1.3
2025-11-28,075180,3175.0,65.75,-0.0,0.0,-0.0
2025-12-01,075180,,65.75,-0.0,0.0,-0.2
2025-12-02,075180,,65.75,0.0,-0.0,-0.0
2025-12-03,075180,,65.75,-0.0,-0.0,0.0
2025-12-04,075180,,65.75,0.0,0.0,-0.1
2025-12-05,075180,,65.75,-0.0,-0.1,0.0
2025-12-08,075180,,65.75,0.0,-0.0,0.0
2025-12-09,075180,,65.75,-0.0,-0.0,-0.1
2025-12-10,075180,,65.75,0.0,-0.1,0.0
2025-12-11,075180,,65.75,-0.0,-0.0,-0.0
2025-12-12,075180,,65.75,-0.0,-0.1,0.0
2025-12-15,075180,,65.75,0.0,0.2,-0.3
2025-12-16,075180,,65.75,0.0,-0.0,0.0
2025-12-17,075180,,65.81,0.0,0.2,-0.2
2025-12-18,075180,,65.81,0.0,-0.0,0.1
2025-12-19,075180,,65.81,-0.0,-0.1,0.1
2025-12-22,075180,,65.81,-0.0,-0.1,0.1
2025-12-23,075180,,65.81,-0.0,-0.1,0.1
2025-12-24,075180,,65.81,-0.0,0.0,-1.6
2025-12-26,075180,,65.81,-0.0,-0.0,-0.2
2025-12-29,075180,,65.81,-0.0,0.0,-0.1
2025-12-30,075180,3370.0,65.75,0.0,0.2,-0.3
2026-01-02,075180,,65.75,0.0,-0.1,0.0
2026-01-05,075180,,65.75,0.0,-0.0,0.0
2026-01-06,075180,,65.81,-0.0,-0.0,0.0
2026-01-07,075180,,65.81,0.0,0.2,-0.2
2026-01-08,075180,,65.81,-0.0,0.0,-0.0
2026-01-09,075180,,65.81,0.0,-0.0,0.0
2026-01-12,075180,,65.81,0.0,-0.0,-0.0
2026-01-13,075180,,65.81,0.0,0.0,-0.0
2026-01-14,075180,,65.81,0.0,0.0,-0.0
2026-01-15,075180,,65.81,-0.0,-0.1,0.1
2026-01-16,075180,,65.81,-0.0,-0.1,0.0
2026-01-19,075180,,65.81,-0.0,0.1,-0.1
2026-01-20,075180,,65.81,0.0,0.0,-0.0
2026-01-21,075180,,65.81,0.0,-0.0,0.0
2026-01-22,075180,,65.81,0.0,0.0,-0.0
2026-01-23,075180,,65.81,0.0,-0.0,0.0
2026-01-26,075180,,65.81,-0.0,-0.0,0.0
2026-01-27,075180,,65.81,-0.0,-0.1,0.1
2026-01-28,075180,,65.81,-0.0,-0.1,0.1
2026-01-29,075180,,65.81,0.0,0.1,-0.0
2026-01-30,075180,3120.0,65.81,-0.0,-0.0,0.0
2026-02-02,075180,,65.81,-0.0,-0.1,0.1
2026-02-03,075180,,65.81,-0.0,-0.0,0.0
2026-02-04,075180,,65.81,-0.0,-0.0,0.0
2026-02-05,075180,,65.81,0.0,0.0,-0.0
2026-02-06,075180,,65.81,0.0,-0.0,0.0
2026-02-09,075180,,65.81,0.0,-0.1,0.1
2026-02-10,075180,,65.81,-0.0,-0.0,0.0
2026-02-11,075180,,65.81,0.0,-0.0,0.0
2026-02-12,075180,,65.81,-0.0,-0.0,0.0
2026-02-13,075180,,65.81,-0.0,-0.0,0.0
2026-02-19,075180,,65.81,-0.0,0.0,0.0
2026-02-20,075180,,65.81,-0.0,0.0,0.0
2026-02-23,075180,,65.81,-0.0,0.0,0.0
2026-02-24,075180,,65.81,0.0,0.0,-0.0
2026-02-25,075180,,65.81,-0.0,0.1,-0.1
2026-02-26,075180,,65.81,-0.0,-0.1,0.1
2026-02-27,075180,3210.0,65.81,0.0,0.0,-0.0
2026-03-03,075180,,65.81,-0.0,0.0,-0.0
2026-03-04,075180,,65.81,0.0,-0.0,-0.7
2026-03-05,075180,,65.81,-0.0,0.0,0.0
2026-03-06,075180,,65.81,-0.0,0.0,-0.0
2026-03-09,075180,,65.81,0.0,-0.2,0.2
2026-03-10,075180,,65.81,-0.0,-1.1,1.1
2026-03-11,075180,,65.81,-0.0,-0.1,0.1
2026-03-12,075180,,65.81,-0.0,-0.1,0.1
2026-03-13,075180,,65.81,0.0,-0.3,0.3
2026-03-16,075180,,65.81,-0.0,-0.2,0.2
2026-03-17,075180,,65.81,0.0,-0.4,0.4
2026-03-18,075180,,65.81,-0.0,-0.1,0.1
2026-03-19,075180,,65.81,0.0,0.0,-0.0
2026-03-20,075180,,65.81,-0.0,-0.2,0.2
2026-03-23,075180,,65.81,0.0,-0.0,-0.0
2026-03-24,075180,,65.81,-0.0,-0.5,0.5
2026-03-25,075180,,65.81,-0.0,0.0,0.0
2026-03-26,075180,,65.81,-0.0,0.0,-0.1
2026-03-27,075180,,65.81,-0.0,-0.0,0.0
2026-03-30,075180,,65.81,-0.0,-0.1,0.1
2026-03-31,075180,3035.0,65.81,-0.0,-0.0,-0.0
2026-04-01,075180,,65.81,-0.0,-0.1,0.1
2026-04-02,075180,,65.81,-0.0,-0.0,0.0
2026-04-03,075180,,65.81,-0.0,-0.0,0.0
2026-04-06,075180,,65.81,-0.0,-0.0,0.0
2026-04-07,075180,,65.81,-0.0,0.0,-0.0
2026-04-08,075180,,65.81,-0.0,0.0,-0.0
2026-04-09,075180,,65.81,-0.0,-0.0,0.0
2026-04-10,075180,,65.81,0.0,-0.0,-0.0
2026-04-13,075180,,65.81,0.0,0.0,-0.0
2026-04-14,075180,,65.81,-0.0,-0.0,0.0
2026-04-15,075180,,65.81,0.0,-0.0,-0.0
2026-04-16,075180,,65.81,0.0,-0.1,0.0
2026-04-17,075180,,65.81,0.0,0.0,-0.0
2026-04-20,075180,,65.81,-0.0,-0.0,0.0
2026-04-21,075180,,65.81,0.0,0.0,-0.0
2026-04-22,075180,,65.81,-0.0,-0.0,0.0
2026-04-23,075180,,65.81,-0.0,-0.0,0.0
2026-04-24,075180,,65.81,-0.0,-0.1,0.1
2026-04-27,075180,,65.81,-0.0,-0.0,-0.0
2026-04-28,075180,,65.81,0.0,-0.0,0.0
2026-04-29,075180,,65.81,0.0,-0.0,0.0
2026-04-30,075180,3040.0,65.81,0.0,-0.0,0.0
2026-05-04,075180,,65.81,0.0,-0.7,0.7
2026-05-06,075180,,65.81,0.0,0.1,-0.1
2026-05-07,075180,,65.81,-0.0,-0.0,0.0
2026-05-08,075180,,65.81,-0.0,-0.1,0.1
2026-05-11,075180,,65.81,-0.0,0.0,0.0
2026-05-12,075180,,65.81,-0.0,-0.1,0.0
2026-05-13,075180,,65.81,0.0,-0.0,0.0
2026-05-14,075180,,65.81,0.0,-0.0,0.0
2026-05-15,075180,,65.81,-0.0,-0.0,0.0
2026-05-18,075180,,65.81,-0.0,-0.0,-0.0
2026-05-19,075180,,65.81,-0.0,0.0,0.0
2026-05-20,075180,,65.88,0.0,0.0,-0.0
2026-05-21,075180,,66.0,-0.0,0.2,-0.2
2026-05-22,075180,,66.0,-0.0,-0.0,0.0
2026-05-26,075180,,66.0,0.0,-0.0,-0.1
2026-05-27,075180,,66.0,0.0,0.0,-0.1
2026-05-28,075180,,66.0,-0.0,-0.0,-0.0
2026-05-29,075180,2840.0,66.0,-0.0,-0.0,-0.1
2026-06-01,075180,,66.0,0.0,-0.1,0.0
2026-06-02,075180,,66.0,0.0,-0.1,-0.1
2026-06-04,075180,,66.0,-0.0,-0.0,0.0
2026-06-05,075180,,66.0,-0.0,0.0,-0.2
2026-06-08,075180,,66.0,0.0,-0.1,-0.0
2026-06-09,075180,,66.06,-0.0,-0.1,-0.2
2026-06-10,075180,,66.06,-0.0,-0.1,-0.1
2026-06-11,075180,,66.06,0.0,-0.0,-0.1
2026-06-12,075180,,66.06,-0.0,-0.0,-0.0
2026-06-15,075180,,66.06,0.0,0.0,-0.0
2026-06-16,075180,,66.06,-0.0,0.1,-0.1
2026-06-17,075180,,66.06,-0.0,-0.1,-0.0
2026-06-18,075180,,66.06,0.0,-0.0,-0.0
2026-06-19,075180,,66.06,-0.0,-0.0,-0.1
2026-06-22,075180,,66.06,0.0,-0.1,-0.2
2026-06-23,075180,,66.06,-0.0,0.1,-0.2
2026-06-24,075180,,66.06,-0.0,-0.1,-0.4
2026-06-25,075180,,66.06,-0.0,0.0,-0.0
2026-06-26,075180,,66.06,-0.0,-0.0,-0.4
2026-06-29,075180,,66.0,-0.0,0.0,0.0
2026-06-30,075180,2960.0,66.0,-0.0,-0.1,0.0
2026-07-01,075180,,66.0,0.0,0.0,-0.0
2026-07-02,075180,,66.0,-0.0,0.0,-0.1
2026-07-03,075180,,66.0,0.0,-0.0,0.0
2026-07-06,075180,,66.06,0.0,0.0,-0.1
2026-07-07,075180,,66.06,0.0,-0.1,-0.2
2026-07-08,075180,,66.06,-0.0,-0.1,0.0
2026-07-09,075180,,66.0,-0.0,0.0,-0.0
2026-07-10,075180,,66.0,-0.0,0.0,-0.0
2026-07-13,075180,2925.0,66.0,-0.0,0.0,-0.0
2025-07-14,075580,,6.07,13.5,-9.2,-3.7
2025-07-15,075580,,6.33,4.4,-8.0,3.6
2025-07-16,075580,,6.35,-8.3,4.3,3.9
2025-07-17,075580,,6.16,-2.9,0.4,2.4
2025-07-18,075580,,6.07,0.4,-1.9,1.7
2025-07-21,075580,,6.07,-9.3,9.5,-0.4
2025-07-22,075580,,5.96,-4.2,-15.2,19.4
2025-07-23,075580,,5.84,0.7,3.2,-4.3
2025-07-24,075580,,5.97,5.7,-0.3,-5.9
2025-07-25,075580,,6.06,-11.3,12.7,-1.2
2025-07-28,075580,,5.83,-26.8,-15.0,39.3
2025-07-29,075580,,5.39,1.7,1.6,-0.9
2025-07-30,075580,,5.41,-15.7,-1.4,17.2
2025-07-31,075580,,5.24,-11.7,-4.6,16.6
2025-08-01,075580,,5.07,4.3,8.4,-12.7
2025-08-04,075580,,5.12,18.9,-10.8,-9.0
2025-08-05,075580,,5.39,-32.9,-6.8,39.5
2025-08-06,075580,,4.95,-9.6,-3.6,13.1
2025-08-07,075580,,4.86,-13.8,7.2,6.9
2025-08-08,075580,,4.76,42.2,-5.7,-37.8
2025-08-11,075580,,5.32,1.4,-14.7,14.0
2025-08-12,075580,,5.35,21.4,-8.1,-13.1
2025-08-13,075580,,5.67,0.8,-1.8,0.9
2025-08-14,075580,,5.67,6.9,-2.5,-4.5
2025-08-18,075580,,5.78,81.7,3.5,-85.2
2025-08-19,075580,,7.03,-53.7,-5.3,59.1
2025-08-20,075580,,6.27,0.8,-20.3,19.9
2025-08-21,075580,,6.17,11.5,-7.6,-3.4
2025-08-22,075580,,6.35,0.6,-4.1,3.2
2025-08-25,075580,,6.33,-15.1,-10.5,28.2
2025-08-26,075580,,6.1,-2.5,-0.7,2.8
2025-08-27,075580,,6.05,-14.0,19.1,-5.5
2025-08-28,075580,,6.03,-22.3,-19.3,40.5
2025-08-29,075580,15200.0,5.63,25.9,2.6,-29.3
2025-09-01,075580,,6.04,-57.4,14.1,36.9
2025-09-02,075580,,5.26,47.1,-29.8,-18.1
2025-09-03,075580,,5.69,-22.5,-3.7,25.5
2025-09-04,075580,,5.52,-24.5,4.8,19.0
2025-09-05,075580,,5.12,27.0,1.0,-28.6
2025-09-08,075580,,5.52,46.3,-44.3,-0.7
2025-09-09,075580,,5.84,-20.4,-37.0,62.6
2025-09-10,075580,,5.88,-10.4,-36.7,22.4
2025-09-11,075580,,5.83,-72.5,-32.3,98.4
2025-09-12,075580,,5.11,7.2,-31.6,24.3
2025-09-15,075580,,5.27,56.8,-22.5,-34.1
2025-09-16,075580,,5.86,-9.4,-14.3,22.6
2025-09-17,075580,,5.74,-9.6,-4.7,14.5
2025-09-18,075580,,5.62,70.5,-13.0,-61.7
2025-09-19,075580,,6.19,60.0,-19.7,-40.0
2025-09-22,075580,,6.56,57.2,-16.8,-38.8
2025-09-23,075580,,7.0,-118.2,-4.9,121.3
2025-09-24,075580,,6.08,-43.8,-3.8,46.1
2025-09-25,075580,,5.72,-5.8,-2.3,9.6
2025-09-26,075580,,5.69,99.7,-4.4,-94.8
2025-09-29,075580,,6.43,-5.2,0.9,2.6
2025-09-30,075580,21600.0,6.39,-78.3,-2.6,78.2
2025-10-01,075580,,5.78,-18.0,-7.1,25.3
2025-10-02,075580,,5.67,23.6,-18.4,-4.5
2025-10-10,075580,,5.88,13.6,-13.0,0.5
2025-10-13,075580,,6.01,-30.3,-3.0,33.9
2025-10-14,075580,,5.76,3.8,-3.6,0.4
2025-10-15,075580,,5.8,23.7,-3.9,-20.0
2025-10-16,075580,,6.0,-40.4,5.1,30.7
2025-10-17,075580,,5.68,-50.2,-5.8,56.4
2025-10-20,075580,,5.26,13.7,-0.8,-12.6
2025-10-21,075580,,5.39,3.4,10.4,-13.9
2025-10-22,075580,,5.45,-23.2,10.8,6.7
2025-10-23,075580,,5.34,-64.3,-3.3,66.2
2025-10-24,075580,,4.9,-14.5,-0.4,12.3
2025-10-27,075580,,4.86,9.8,9.9,-17.4
2025-10-28,075580,,5.0,-28.4,-1.4,29.9
2025-10-29,075580,,4.82,10.8,0.7,-11.9
2025-10-30,075580,,4.92,-33.8,-4.4,39.8
2025-10-31,075580,22050.0,4.69,12.3,-0.5,-11.5
2025-11-03,075580,,4.8,1.6,-4.0,1.7
2025-11-04,075580,,4.84,26.8,-6.0,-19.2
2025-11-05,075580,,5.07,25.2,-0.6,-24.9
2025-11-06,075580,,5.31,-9.4,-7.5,18.5
2025-11-07,075580,,5.23,30.3,0.1,-29.7
2025-11-10,075580,,5.55,3.6,0.1,-4.3
2025-11-11,075580,,5.54,-15.0,-2.8,18.2
2025-11-12,075580,,5.41,-1.9,-3.4,5.6
2025-11-13,075580,,5.42,3.7,1.1,-4.9
2025-11-14,075580,,5.45,2.3,74.3,-75.7
2025-11-17,075580,,5.48,-1.2,-7.3,10.6
2025-11-18,075580,,5.48,13.3,1.0,-14.7
2025-11-19,075580,,5.6,3.5,-6.3,3.1
2025-11-20,075580,,5.6,-1.8,-1.7,3.3
2025-11-21,075580,,5.59,12.7,0.9,-13.4
2025-11-24,075580,,5.71,14.1,0.2,-14.0
2025-11-25,075580,,5.82,0.0,0.2,-0.1
2025-11-26,075580,,5.82,5.4,0.2,-5.6
2025-11-27,075580,,5.88,-6.3,-0.5,6.6
2025-11-28,075580,17610.0,5.77,10.9,-6.2,-4.4
2025-12-01,075580,,5.88,11.4,-3.7,-8.0
2025-12-02,075580,,6.0,6.0,-2.3,-2.9
2025-12-03,075580,,6.06,-10.8,-5.7,16.1
2025-12-04,075580,,5.93,5.2,-12.3,7.0
2025-12-05,075580,,5.91,21.0,-0.3,-20.4
2025-12-08,075580,,6.12,0.7,-0.1,-0.2
2025-12-09,075580,,6.11,6.8,4.9,-11.9
2025-12-10,075580,,6.17,-19.6,-2.5,22.2
2025-12-11,075580,,5.98,2.9,-11.4,8.5
2025-12-12,075580,,6.0,13.9,-0.3,-13.6
2025-12-15,075580,,6.14,-4.8,-1.2,6.9
2025-12-16,075580,,6.04,-23.9,0.9,23.1
2025-12-17,075580,,5.79,-4.3,-1.8,6.0
2025-12-18,075580,,5.56,9.1,0.7,-9.8
2025-12-19,075580,,5.66,18.9,3.2,-21.9
2025-12-22,075580,,5.85,18.8,1.6,-21.0
2025-12-23,075580,,6.03,-11.6,6.2,5.1
2025-12-24,075580,,5.92,-15.0,1.5,13.0
2025-12-26,075580,,5.79,-7.2,-1.0,9.6
2025-12-29,075580,,5.72,9.9,-2.5,-7.4
2025-12-30,075580,17400.0,5.81,-2.2,1.1,1.0
2026-01-02,075580,,5.79,-1.5,-2.0,3.2
2026-01-05,075580,,5.78,14.7,-3.3,-11.1
2026-01-06,075580,,5.94,10.4,0.6,-11.1
2026-01-07,075580,,6.06,6.1,9.1,-15.2
2026-01-08,075580,,6.15,-24.4,2.0,18.1
2026-01-09,075580,,5.86,27.0,19.1,-46.9
2026-01-12,075580,,6.19,-30.2,5.3,24.6
2026-01-13,075580,,5.84,0.2,0.1,-0.7
2026-01-14,075580,,5.84,5.1,-2.4,-2.0
2026-01-15,075580,,5.9,-16.8,4.9,11.9
2026-01-16,075580,,5.74,-7.2,-0.4,8.2
2026-01-19,075580,,5.65,14.2,3.3,-17.7
2026-01-20,075580,,5.9,-14.0,0.5,16.3
2026-01-21,075580,,5.78,-7.3,-1.0,8.5
2026-01-22,075580,,5.69,-10.2,-6.3,16.3
2026-01-23,075580,,5.52,15.6,-0.6,-16.4
2026-01-26,075580,,5.77,2.7,-4.9,3.6
2026-01-27,075580,,5.69,-4.8,-0.8,3.5
2026-01-28,075580,,5.62,7.3,-1.2,-5.9
2026-01-29,075580,,5.68,8.3,-4.1,-2.3
2026-01-30,075580,19380.0,5.77,20.6,4.9,-25.6
2026-02-02,075580,,5.94,-7.4,-0.2,7.5
2026-02-03,075580,,5.82,12.9,0.6,-13.3
2026-02-04,075580,,5.99,6.6,0.5,-7.1
2026-02-05,075580,,5.92,-27.5,-0.3,27.6
2026-02-06,075580,,5.6,-13.7,-0.4,13.9
2026-02-09,075580,,5.48,7.8,-8.1,0.5
2026-02-10,075580,,5.57,2.5,-1.4,-1.1
2026-02-11,075580,,5.43,1.0,-5.6,4.6
2026-02-12,075580,,5.43,-1.8,-3.2,5.0
2026-02-13,075580,,5.4,13.9,-9.9,-4.1
2026-02-19,075580,,5.6,18.8,2.8,-21.5
2026-02-20,075580,,5.86,43.4,5.2,-49.4
2026-02-23,075580,,6.37,-1.2,-3.3,4.9
2026-02-24,075580,,6.3,-18.3,-1.1,19.7
2026-02-25,075580,,6.08,-1.6,1.2,0.4
2026-02-26,075580,,6.05,4.0,-8.2,4.9
2026-02-27,075580,19730.0,6.07,6.1,0.8,-7.1
2026-03-03,075580,,6.21,-43.8,-1.0,45.5
2026-03-04,075580,,5.64,3.1,-0.4,-2.1
2026-03-05,075580,,5.8,10.3,-9.5,-0.8
2026-03-06,075580,,5.98,-12.7,-0.8,13.8
2026-03-09,075580,,5.81,1.1,0.7,-1.7
2026-03-10,075580,,5.84,-3.2,0.5,2.8
2026-03-11,075580,,5.71,12.6,-0.6,-12.1
2026-03-12,075580,,5.9,-5.0,1.0,3.9
2026-03-13,075580,,5.79,-13.0,0.4,12.9
2026-03-16,075580,,5.62,-7.3,1.4,5.8
2026-03-17,075580,,5.5,4.6,1.8,-6.4
2026-03-18,075580,,5.55,-0.2,-0.3,0.4
2026-03-19,075580,,5.56,-0.4,-0.1,-0.1
2026-03-20,075580,,5.55,23.4,1.0,-24.1
2026-03-23,075580,,5.82,-20.8,0.2,20.2
2026-03-24,075580,,5.58,1.2,-0.2,-0.6
2026-03-25,075580,,5.59,3.5,7.6,-11.1
2026-03-26,075580,,5.63,-9.2,7.6,1.1
2026-03-27,075580,,5.55,-15.7,1.3,14.4
2026-03-30,075580,,5.35,-7.4,3.1,4.3
2026-03-31,075580,15520.0,5.27,-6.4,-5.7,16.5
2026-04-01,075580,,5.19,8.5,4.8,-13.1
2026-04-02,075580,,5.34,-9.4,0.0,9.1
2026-04-03,075580,,5.19,30.8,3.6,-33.1
2026-04-06,075580,,5.61,-14.2,-0.2,14.5
2026-04-07,075580,,5.4,-5.6,0.0,5.4
2026-04-08,075580,,5.31,17.4,1.1,-18.3
2026-04-09,075580,,5.54,-8.5,1.6,6.8
2026-04-10,075580,,5.41,2.9,-0.1,-2.8
2026-04-13,075580,,5.44,-6.7,-0.1,6.9
2026-04-14,075580,,5.35,3.6,-8.3,4.7
2026-04-15,075580,,5.41,-0.3,-0.6,0.7
2026-04-16,075580,,5.37,-0.6,-0.6,1.1
2026-04-17,075580,,5.37,15.1,0.2,-17.9
2026-04-20,075580,,5.61,-22.0,8.8,12.0
2026-04-21,075580,,5.36,3.3,3.5,-7.6
2026-04-22,075580,,5.39,-2.8,-1.0,3.0
2026-04-23,075580,,5.35,12.8,4.3,-16.7
2026-04-24,075580,,5.46,-29.1,2.0,29.0
2026-04-27,075580,,5.1,-17.2,3.7,13.3
2026-04-28,075580,,4.94,13.4,-1.9,-11.6
2026-04-29,075580,,5.09,8.5,1.4,-10.3
2026-04-30,075580,20550.0,5.19,6.1,-0.3,-7.3
2026-05-04,075580,,5.27,6.1,-0.1,-5.9
2026-05-06,075580,,5.33,-8.1,-2.7,12.7
2026-05-07,075580,,5.22,-0.6,-0.2,3.0
2026-05-08,075580,,5.25,-16.9,-8.2,24.3
2026-05-11,075580,,5.06,10.2,-1.0,-8.6
2026-05-12,075580,,5.21,3.5,-1.4,-2.4
2026-05-13,075580,,5.14,-2.4,-0.2,1.8
2026-05-14,075580,,5.1,-8.4,-2.6,11.9
2026-05-15,075580,,4.99,-0.9,-14.5,15.0
2026-05-18,075580,,4.96,-4.9,-1.4,6.1
2026-05-19,075580,,4.92,-4.2,2.2,2.1
2026-05-20,075580,,4.85,-3.3,-4.2,6.1
2026-05-21,075580,,4.78,1.7,-2.2,0.1
2026-05-22,075580,,4.82,-4.6,1.0,3.7
2026-05-26,075580,,4.77,-7.3,-1.2,8.7
2026-05-27,075580,,4.66,-3.4,-1.4,4.7
2026-05-28,075580,,4.62,-4.1,-2.1,6.4
2026-05-29,075580,14930.0,4.57,-1.4,-10.4,11.7
2026-06-01,075580,,4.56,8.0,4.8,-12.8
2026-06-02,075580,,4.82,-4.5,7.3,-2.8
2026-06-04,075580,,4.78,-6.6,8.5,-2.0
2026-06-05,075580,,4.71,-3.5,8.5,-4.9
2026-06-08,075580,,4.67,2.5,5.2,-7.6
2026-06-09,075580,,4.69,-0.1,3.9,-3.9
2026-06-10,075580,,4.74,-0.1,3.7,-3.6
2026-06-11,075580,,4.73,-39.2,54.5,-15.3
2026-06-12,075580,,4.3,-9.1,6.6,2.0
2026-06-15,075580,,4.19,2.5,8.2,-10.7
2026-06-16,075580,,4.22,-5.2,7.1,-1.4
2026-06-17,075580,,4.16,-0.1,5.1,-5.9
2026-06-18,075580,,4.15,-3.7,3.9,0.1
2026-06-19,075580,,4.13,-6.6,4.2,2.5
2026-06-22,075580,,4.05,-2.9,3.4,-0.2
2026-06-23,075580,,4.05,-3.2,2.5,0.8
2026-06-24,075580,,4.04,4.2,5.9,-10.0
2026-06-25,075580,,4.12,-2.7,3.8,-1.2
2026-06-26,075580,,4.07,0.4,3.9,-4.3
2026-06-29,075580,,4.07,-1.2,4.6,-3.4
2026-06-30,075580,13210.0,4.08,-12.3,4.3,7.5
2026-07-01,075580,,3.85,0.0,1.6,-1.6
2026-07-02,075580,,3.86,-5.1,3.5,1.8
2026-07-03,075580,,3.76,-0.5,2.0,-1.2
2026-07-06,075580,,3.75,-3.5,2.3,1.1
2026-07-07,075580,,3.7,-1.8,0.0,1.8
2026-07-08,075580,,3.69,8.1,1.9,-11.3
2026-07-09,075580,,3.84,4.7,0.4,-5.1
2026-07-10,075580,,3.95,1.5,0.4,-1.9
2026-07-13,075580,11350.0,3.98,-0.8,0.2,0.7
2025-07-14,075970,,2.07,0.1,0.0,-0.1
2025-07-15,075970,,2.08,0.0,0.0,-0.3
2025-07-16,075970,,2.07,-0.3,0.0,0.2
2025-07-17,075970,,2.01,-0.1,0.0,0.1
2025-07-18,075970,,2.0,-0.0,0.0,0.0
2025-07-21,075970,,1.99,0.0,0.0,-0.1
2025-07-22,075970,,2.0,-0.1,0.0,0.1
2025-07-23,075970,,1.97,-0.2,0.0,0.2
2025-07-24,075970,,1.92,-0.2,0.0,0.2
2025-07-25,075970,,1.88,-0.0,0.0,0.0
2025-07-28,075970,,1.88,-0.1,0.0,0.2
2025-07-29,075970,,1.85,-0.1,0.0,0.1
2025-07-30,075970,,1.83,0.1,0.0,-0.1
2025-07-31,075970,,1.85,0.0,0.0,-0.0
2025-08-01,075970,,1.85,-0.5,0.0,0.4
2025-08-04,075970,,1.74,0.1,0.0,-0.0
2025-08-05,075970,,1.76,-0.0,0.0,0.0
2025-08-06,075970,,1.75,0.0,0.0,-0.0
2025-08-07,075970,,1.76,0.0,0.0,-0.0
2025-08-08,075970,,1.76,0.0,0.0,-0.0
2025-08-11,075970,,1.77,0.0,0.0,-0.0
2025-08-12,075970,,1.77,0.1,0.0,-0.1
2025-08-13,075970,,1.8,-0.1,0.0,0.0
2025-08-14,075970,,1.79,-0.0,0.0,0.0
2025-08-18,075970,,1.78,-0.1,0.0,0.1
2025-08-19,075970,,1.77,-0.1,0.0,0.1
2025-08-20,075970,,1.76,0.0,0.0,-0.0
2025-08-21,075970,,1.76,-0.0,0.0,0.0
2025-08-22,075970,,1.76,-0.0,0.0,0.0
2025-08-25,075970,,1.76,0.1,0.0,-0.1
2025-08-26,075970,,1.81,-0.0,0.0,0.0
2025-08-27,075970,,1.82,-0.0,0.0,0.0
2025-08-28,075970,,1.81,0.0,0.0,-0.0
2025-08-29,075970,2370.0,1.82,0.0,0.0,-0.0
2025-09-01,075970,,1.77,0.0,0.0,-0.0
2025-09-02,075970,,1.8,0.2,0.0,-0.2
2025-09-03,075970,,1.85,0.0,0.0,-0.0
2025-09-04,075970,,1.85,0.0,0.0,-0.0
2025-09-05,075970,,1.86,0.0,0.0,-0.0
2025-09-08,075970,,1.86,0.0,0.0,-0.1
2025-09-09,075970,,1.87,-0.2,0.0,0.2
2025-09-10,075970,,1.83,0.3,0.0,-0.3
2025-09-11,075970,,1.89,0.1,0.0,-0.1
2025-09-12,075970,,1.88,0.3,0.0,-0.3
2025-09-15,075970,,1.91,0.2,0.0,-0.2
2025-09-16,075970,,1.95,0.1,0.0,-0.1
2025-09-17,075970,,1.91,-0.0,0.0,0.1
2025-09-18,075970,,1.9,0.0,0.0,-0.0
2025-09-19,075970,,1.87,-0.0,,0.0
2025-09-22,075970,,1.86,-0.1,0.0,0.0
2025-09-23,075970,,1.79,-0.2,0.1,0.0
2025-09-24,075970,,1.75,0.0,0.2,-0.2
2025-09-25,075970,,1.75,-0.1,0.0,0.1
2025-09-26,075970,,1.72,-0.1,0.2,-0.2
2025-09-29,075970,,1.69,0.0,0.0,0.0
2025-09-30,075970,2300.0,1.7,-0.1,0.2,-0.1
2025-10-01,075970,,1.67,0.0,0.0,-0.0
2025-10-02,075970,,1.67,0.0,0.1,-0.1
2025-10-10,075970,,1.68,0.5,0.1,-0.3
2025-10-13,075970,,1.78,-1.0,-0.0,1.6
2025-10-14,075970,,1.6,-1.1,,1.2
2025-10-15,075970,,1.44,-0.1,,0.5
2025-10-16,075970,,1.42,-0.4,,0.4
2025-10-17,075970,,1.33,-0.5,,0.6
2025-10-20,075970,,1.23,0.5,,-0.5
2025-10-21,075970,,1.35,-0.5,,0.5
2025-10-22,075970,,1.25,-0.3,,0.3
2025-10-23,075970,,1.19,-0.3,,0.3
2025-10-24,075970,,1.12,0.4,,-0.4
2025-10-27,075970,,1.2,1.8,,-1.8
2025-10-28,075970,,1.61,0.7,,-0.7
2025-10-29,075970,,1.74,0.6,,-0.6
2025-10-30,075970,,1.87,-0.6,,0.6
2025-10-31,075970,2385.0,1.74,0.7,,-0.7
2025-11-03,075970,,1.91,0.8,0.0,-0.7
2025-11-04,075970,,2.09,0.1,,-0.2
2025-11-05,075970,,2.12,-0.2,,0.2
2025-11-06,075970,,2.08,0.2,,-0.2
2025-11-07,075970,,2.11,-0.1,,0.1
2025-11-10,075970,,2.09,0.7,-0.2,-0.5
2025-11-11,075970,,2.25,-0.3,,0.3
2025-11-12,075970,,2.17,0.6,,-0.6
2025-11-13,075970,,2.31,-0.3,,0.3
2025-11-14,075970,,2.24,-0.1,,0.1
2025-11-17,075970,,2.22,-0.5,,0.5
2025-11-18,075970,,2.13,-0.3,,0.3
2025-11-19,075970,,2.05,0.2,,-0.2
2025-11-20,075970,,2.1,0.6,,-0.6
2025-11-21,075970,,2.19,-0.1,,0.1
2025-11-24,075970,,2.16,-0.1,,0.1
2025-11-25,075970,,2.15,-0.1,-0.0,0.1
2025-11-26,075970,,2.12,0.1,,-0.1
2025-11-27,075970,,2.15,0.2,,-0.2
2025-11-28,075970,2295.0,2.21,0.2,,-0.2
2025-12-01,075970,,2.25,-0.0,,0.0
2025-12-02,075970,,2.25,0.3,,-0.4
2025-12-03,075970,,2.32,0.2,,-0.2
2025-12-04,075970,,2.37,-0.2,,0.2
2025-12-05,075970,,2.31,0.2,,-0.2
2025-12-08,075970,,2.36,0.1,,-0.0
2025-12-09,075970,,2.38,-0.1,,0.1
2025-12-10,075970,,2.35,-0.3,-0.0,0.3
2025-12-11,075970,,2.29,-0.0,-0.0,0.1
2025-12-12,075970,,2.28,0.1,,-0.1
2025-12-15,075970,,2.31,0.3,,-0.3
2025-12-16,075970,,2.39,0.0,,-0.0
2025-12-17,075970,,2.6,0.2,,-0.2
2025-12-18,075970,,2.65,0.0,,-0.0
2025-12-19,075970,,2.66,0.1,,-0.1
2025-12-22,075970,,2.68,-0.0,,-0.0
2025-12-23,075970,,2.68,-0.0,,0.0
2025-12-24,075970,,2.66,0.2,,-0.2
2025-12-26,075970,,2.64,0.2,,-0.2
2025-12-29,075970,,2.48,-0.2,,0.2
2025-12-30,075970,2260.0,2.43,-0.0,,0.0
2026-01-02,075970,,2.43,0.1,,-0.1
2026-01-05,075970,,2.45,-0.1,,0.1
2026-01-06,075970,,2.44,-0.2,,0.1
2026-01-07,075970,,2.44,-3.3,-0.0,3.0
2026-01-08,075970,,1.76,1.6,-0.2,-1.3
2026-01-09,075970,,2.19,0.5,-0.1,-0.4
2026-01-12,075970,,2.31,0.5,-0.1,-0.4
2026-01-13,075970,,2.43,0.3,-0.2,-0.1
2026-01-14,075970,,2.67,0.1,,-0.1
2026-01-15,075970,,2.71,-0.2,-0.2,0.4
2026-01-16,075970,,2.66,-0.8,-0.1,0.9
2026-01-19,075970,,2.46,0.1,,-0.4
2026-01-20,075970,,2.5,0.5,,-0.5
2026-01-21,075970,,2.63,-0.4,,0.0
2026-01-22,075970,,2.52,0.3,,-0.8
2026-01-23,075970,,2.6,0.1,,-0.1
2026-01-26,075970,,2.63,0.3,,-0.2
2026-01-27,075970,,2.7,-0.0,,0.0
2026-01-28,075970,,2.7,0.0,,1.0
2026-01-29,075970,,2.7,-0.4,,0.4
2026-01-30,075970,2225.0,2.61,-0.4,-0.0,0.3
2026-02-02,075970,,2.52,-0.1,,0.2
2026-02-03,075970,,2.49,0.1,,-0.1
2026-02-04,075970,,2.5,0.2,,-0.2
2026-02-05,075970,,2.56,0.1,,-0.1
2026-02-06,075970,,2.58,0.1,,-0.1
2026-02-09,075970,,2.61,0.2,,-0.2
2026-02-10,075970,,2.64,0.2,,-0.2
2026-02-11,075970,,2.7,0.2,,-0.2
2026-02-12,075970,,2.75,0.3,,-0.3
2026-02-13,075970,,2.83,-0.1,,0.1
2026-02-19,075970,,2.81,-0.3,,0.4
2026-02-20,075970,,2.75,-0.2,,0.2
2026-02-23,075970,,2.69,0.3,,-0.3
2026-02-24,075970,,2.76,0.0,,-0.0
2026-02-25,075970,,2.76,-0.4,,0.4
2026-02-26,075970,,2.8,0.3,,-0.4
2026-02-27,075970,2295.0,2.81,-0.1,,0.1
2026-03-03,075970,,2.79,-0.0,,0.0
2026-03-04,075970,,2.78,0.1,,-0.0
2026-03-05,075970,,2.82,0.5,,-0.5
2026-03-06,075970,,2.94,0.2,,-0.2
2026-03-09,075970,,2.99,0.2,-0.2,-0.1
2026-03-10,075970,,3.04,-0.4,,0.4
2026-03-11,075970,,2.9,-0.3,,0.3
2026-03-12,075970,,2.84,0.2,,-0.2
2026-03-13,075970,,2.89,0.1,,-0.1
2026-03-16,075970,,2.93,0.1,,-0.1
2026-03-17,075970,,2.93,-0.0,,0.0
2026-03-18,075970,,2.91,-0.0,,0.0
2026-03-19,075970,,2.91,0.1,,-0.1
2026-03-20,075970,,2.93,0.3,,-0.3
2026-03-23,075970,,3.03,0.0,,-0.0
2026-03-24,075970,,3.02,-0.1,,0.1
2026-03-25,075970,,2.99,0.3,,-0.3
2026-03-26,075970,,3.07,1.0,,-1.0
2026-03-27,075970,,3.31,0.0,,0.1
2026-03-30,075970,,3.31,0.3,,-0.3
2026-03-31,075970,2180.0,3.38,-0.5,,0.5
2026-04-01,075970,,3.27,0.7,,-0.8
2026-04-02,075970,,3.45,-0.1,,0.1
2026-04-03,075970,,3.42,0.2,,-0.2
2026-04-06,075970,,3.48,0.1,,-0.1
2026-04-07,075970,,3.5,-0.0,,0.0
2026-04-08,075970,,3.49,-0.1,,0.1
2026-04-09,075970,,3.47,-0.3,,0.3
2026-04-10,075970,,3.4,0.6,,-0.6
2026-04-13,075970,,3.55,0.3,,-0.3
2026-04-14,075970,,3.62,0.5,,-0.4
2026-04-15,075970,,3.74,0.3,,-0.4
2026-04-16,075970,,3.83,0.5,,-0.4
2026-04-17,075970,,3.94,0.2,,-0.2
2026-04-20,075970,,3.99,0.1,,-0.1
2026-04-21,075970,,4.02,-0.3,,0.3
2026-04-22,075970,,3.96,-0.5,,0.4
2026-04-23,075970,,3.85,-1.1,,1.1
2026-04-24,075970,,3.61,0.6,,-0.6
2026-04-27,075970,,3.78,0.2,,-0.3
2026-04-28,075970,,3.83,-0.5,,0.4
2026-04-29,075970,,3.72,-0.8,-0.0,0.9
2026-04-30,075970,2410.0,3.53,0.1,0.0,-0.2
2026-05-04,075970,,3.56,-0.4,0.0,0.1
2026-05-06,075970,,3.47,-0.6,0.0,0.4
2026-05-07,075970,,3.33,-0.1,0.0,0.2
2026-05-08,075970,,3.3,0.1,-0.0,-0.1
2026-05-11,075970,,3.33,-0.8,0.0,0.8
2026-05-12,075970,,3.14,-0.8,-0.0,0.8
2026-05-13,075970,,2.93,-0.0,0.0,-0.0
2026-05-14,075970,,2.91,-0.1,-0.0,0.1
2026-05-15,075970,,2.87,-0.3,0.0,0.3
2026-05-18,075970,,2.8,-0.2,0.0,0.2
2026-05-19,075970,,2.75,-0.1,-0.0,0.1
2026-05-20,075970,,2.75,0.4,0.0,-0.4
2026-05-21,075970,,2.86,-0.4,0.0,0.4
2026-05-22,075970,,2.76,0.2,0.0,-0.2
2026-05-26,075970,,2.8,-0.1,,0.1
2026-05-27,075970,,2.78,-0.4,0.0,0.4
2026-05-28,075970,,2.67,0.2,-0.0,-0.4
2026-05-29,075970,1842.0,2.73,0.7,0.0,-0.8
2026-06-01,075970,,2.96,-0.5,-0.0,0.5
2026-06-02,075970,,2.82,0.1,-0.0,-0.1
2026-06-04,075970,,2.86,-0.2,0.0,0.2
2026-06-05,075970,,2.8,-0.1,0.0,0.1
2026-06-08,075970,,2.77,0.1,-0.0,-0.1
2026-06-09,075970,,2.8,-0.1,0.0,0.1
2026-06-10,075970,,2.78,-0.1,0.0,0.1
2026-06-11,075970,,2.74,-0.0,-0.0,0.0
2026-06-12,075970,,2.73,0.0,0.0,-0.1
2026-06-15,075970,,2.74,-0.1,-0.0,0.1
2026-06-16,075970,,2.55,0.2,-0.0,-0.2
2026-06-17,075970,,2.76,-0.0,0.0,0.0
2026-06-18,075970,,2.76,0.0,0.0,-0.0
2026-06-19,075970,,2.76,-0.1,-0.0,0.1
2026-06-22,075970,,2.74,0.1,-0.0,-0.1
2026-06-23,075970,,2.77,0.1,-0.0,-0.1
2026-06-24,075970,,2.82,-0.1,0.0,0.1
2026-06-25,075970,,2.8,-0.0,-0.0,0.0
2026-06-26,075970,,2.8,-0.0,-0.0,0.0
2026-06-29,075970,,2.78,0.1,0.0,-0.2
2026-06-30,075970,1717.0,2.82,-0.0,-0.0,0.0
2026-07-01,075970,,2.82,0.0,0.0,-0.0
2026-07-02,075970,,2.83,-0.1,,0.1
2026-07-03,075970,,2.85,0.0,,-0.0
2026-07-06,075970,,2.86,0.1,-0.0,-0.1
2026-07-07,075970,,2.88,0.2,,-0.2
2026-07-08,075970,,2.93,-0.0,0.0,0.0
2026-07-09,075970,,2.93,0.0,,-0.1
2026-07-10,075970,,2.94,-0.0,0.0,0.0
2026-07-13,075970,1670.0,2.94,-0.0,0.0,0.0
2025-07-14,076080,,0.9,-0.0,,0.0
2025-07-15,076080,,0.9,0.2,,-0.2
2025-07-16,076080,,0.96,-0.0,,0.0
2025-07-17,076080,,0.96,-0.1,,0.1
2025-07-18,076080,,0.94,-0.1,,0.1
2025-07-21,076080,,0.92,0.3,,-0.3
2025-07-22,076080,,0.99,-0.5,,0.5
2025-07-23,076080,,0.85,-0.0,,0.0
2025-07-24,076080,,0.84,-0.1,-0.0,0.1
2025-07-25,076080,,0.82,0.1,,-0.1
2025-07-28,076080,,0.84,0.0,,-0.0
2025-07-29,076080,,0.84,-0.0,,-0.0
2025-07-30,076080,,0.84,0.1,,-0.1
2025-07-31,076080,,0.87,-0.1,,0.2
2025-08-01,076080,,0.84,-0.1,,0.1
2025-08-04,076080,,0.82,0.0,,-0.0
2025-08-05,076080,,0.84,0.1,,-0.1
2025-08-06,076080,,0.87,0.1,,-0.1
2025-08-07,076080,,0.91,0.0,,-0.1
2025-08-08,076080,,0.92,-0.0,,0.0
2025-08-11,076080,,0.92,0.3,,-0.3
2025-08-12,076080,,1.01,0.8,,-0.8
2025-08-13,076080,,1.21,0.0,,-0.1
2025-08-14,076080,,1.22,-0.2,,0.1
2025-08-18,076080,,1.17,-0.1,,0.1
2025-08-19,076080,,1.16,0.2,,-0.1
2025-08-20,076080,,1.2,0.2,,-0.2
2025-08-21,076080,,1.25,-0.0,,-0.0
2025-08-22,076080,,1.25,-0.1,-0.0,0.1
2025-08-25,076080,,1.22,-0.1,,0.0
2025-08-26,076080,,1.23,-0.2,,0.2
2025-08-27,076080,,1.19,-0.0,,0.0
2025-08-28,076080,,1.18,-0.1,,0.1
2025-08-29,076080,1585.0,1.16,0.0,,-0.0
2025-09-01,076080,,1.17,-1.5,,1.5
2025-09-02,076080,,0.85,0.5,,-0.5
2025-09-03,076080,,0.98,0.1,,-0.1
2025-09-04,076080,,1.0,0.2,,-0.2
2025-09-05,076080,,1.06,0.2,,-0.1
2025-09-08,076080,,1.11,0.2,,-0.2
2025-09-09,076080,,1.15,0.2,,-0.1
2025-09-10,076080,,1.2,-0.1,,0.1
2025-09-11,076080,,1.17,-0.2,,0.2
2025-09-12,076080,,1.12,0.1,,-0.1
2025-09-15,076080,,1.14,-0.1,,0.1
2025-09-16,076080,,1.13,-0.0,,0.0
2025-09-17,076080,,1.12,-0.1,,0.1
2025-09-18,076080,,1.09,0.0,,-0.0
2025-09-19,076080,,1.1,-0.2,,0.2
2025-09-22,076080,,1.05,-0.1,,0.2
2025-09-23,076080,,1.02,-0.1,,0.1
2025-09-24,076080,,0.98,0.1,,-0.1
2025-09-25,076080,,1.02,0.1,,-0.1
2025-09-26,076080,,1.04,0.0,,-0.1
2025-09-29,076080,,1.05,0.0,,0.0
2025-09-30,076080,1444.0,1.05,-0.1,,0.1
2025-10-01,076080,,1.03,-0.1,,0.0
2025-10-02,076080,,1.01,0.0,,-0.0
2025-10-10,076080,,1.02,-0.1,,0.1
2025-10-13,076080,,0.98,-0.0,,0.0
2025-10-14,076080,,0.97,-0.2,,0.2
2025-10-15,076080,,0.91,0.1,-0.0,-0.1
2025-10-16,076080,,0.95,0.4,,-0.3
2025-10-17,076080,,1.06,0.1,,-0.1
2025-10-20,076080,,1.12,0.1,,-0.1
2025-10-21,076080,,1.15,-0.1,,0.1
2025-10-22,076080,,1.12,0.0,,-0.0
2025-10-23,076080,,1.12,-0.1,,0.0
2025-10-24,076080,,1.1,0.3,0.0,-0.3
2025-10-27,076080,,1.19,-0.2,0.0,0.2
2025-10-28,076080,,1.14,-0.0,0.0,0.1
2025-10-29,076080,,1.13,0.2,0.0,-0.1
2025-10-30,076080,,1.2,0.1,0.0,-0.1
2025-10-31,076080,1263.0,1.24,-0.0,0.0,0.1
2025-11-03,076080,,1.22,-0.1,0.0,0.1
2025-11-04,076080,,1.18,0.0,0.0,-0.0
2025-11-05,076080,,1.21,-0.1,0.0,0.1
2025-11-06,076080,,1.14,0.3,0.0,-0.2
2025-11-07,076080,,1.23,0.9,-0.9,0.0
2025-11-10,076080,,1.57,-0.1,-0.0,0.0
2025-11-11,076080,,1.56,-0.1,0.0,0.1
2025-11-12,076080,,1.52,0.1,0.0,-0.2
2025-11-13,076080,,1.57,-0.0,0.0,0.0
2025-11-14,076080,,1.56,-0.0,0.0,0.1
2025-11-17,076080,,1.55,0.2,0.0,-0.2
2025-11-18,076080,,1.6,0.0,0.0,-0.0
2025-11-19,076080,,1.62,-0.0,0.0,0.0
2025-11-20,076080,,1.61,0.1,0.0,-0.1
2025-11-21,076080,,1.63,0.2,0.0,-0.2
2025-11-24,076080,,1.71,-0.1,-0.0,0.1
2025-11-25,076080,,1.68,0.0,0.0,0.0
2025-11-26,076080,,1.68,0.0,0.0,-0.0
2025-11-27,076080,,1.7,0.0,0.0,-0.0
2025-11-28,076080,1205.0,1.7,-0.0,0.0,0.0
2025-12-01,076080,,1.7,-0.0,0.0,0.0
2025-12-02,076080,,1.69,-0.0,0.0,0.0
2025-12-03,076080,,1.69,-0.1,0.0,0.1
2025-12-04,076080,,1.67,0.0,0.0,-0.0
2025-12-05,076080,,1.67,0.0,0.0,-0.0
2025-12-08,076080,,1.68,-0.1,0.0,0.0
2025-12-09,076080,,1.66,-0.1,0.0,0.1
2025-12-10,076080,,1.64,-0.1,0.0,0.1
2025-12-11,076080,,1.61,-0.0,0.0,0.0
2025-12-12,076080,,1.61,-0.0,0.0,0.0
2025-12-15,076080,,1.59,-0.1,0.0,0.1
2025-12-16,076080,,1.57,-0.1,0.0,0.1
2025-12-17,076080,,2.09,-0.0,0.0,0.0
2025-12-18,076080,,2.09,-0.0,0.0,0.0
2025-12-19,076080,,2.08,0.0,0.0,-0.0
2025-12-22,076080,,2.09,-0.0,0.0,0.0
2025-12-23,076080,,2.09,-0.0,0.0,0.0
2025-12-24,076080,,2.08,0.1,0.0,-0.1
2025-12-26,076080,,2.13,-0.1,0.0,0.1
2025-12-29,076080,,2.09,-0.0,0.0,0.0
2025-12-30,076080,1180.0,2.05,-0.1,0.0,0.1
2026-01-02,076080,,2.03,-0.0,0.0,-0.0
2026-01-05,076080,,2.03,-0.0,0.0,0.0
2026-01-06,076080,,2.08,0.0,0.0,0.0
2026-01-07,076080,,2.08,-0.0,0.0,0.0
2026-01-08,076080,,2.08,-0.0,0.0,-0.0
2026-01-09,076080,,2.07,-0.0,0.0,0.0
2026-01-12,076080,,2.06,-0.0,0.0,0.0
2026-01-13,076080,,2.05,0.0,0.0,0.0
2026-01-14,076080,,2.06,0.0,0.0,-0.0
2026-01-15,076080,,2.06,-0.0,0.0,0.0
2026-01-16,076080,,2.04,-0.0,0.0,0.0
2026-01-19,076080,,2.02,0.1,0.0,-0.0
2026-01-20,076080,,2.05,-0.0,0.0,0.0
2026-01-21,076080,,2.04,-0.0,0.0,0.0
2026-01-22,076080,,2.02,-0.0,0.0,0.0
2026-01-23,076080,,2.01,-0.0,0.0,0.0
2026-01-26,076080,,2.01,-0.0,0.0,0.1
2026-01-27,076080,,1.99,0.5,-0.0,-1.0
2026-01-28,076080,,2.18,-2.4,,2.8
2026-01-29,076080,,1.58,0.1,,-0.1
2026-01-30,076080,1325.0,1.62,-0.1,0.0,0.3
2026-02-02,076080,,1.6,-0.1,0.0,0.1
2026-02-03,076080,,1.5,0.0,,-0.0
2026-02-04,076080,,1.53,0.4,0.0,-0.4
2026-02-05,076080,,1.64,0.2,0.0,-0.2
2026-02-06,076080,,1.7,0.2,0.0,-0.2
2026-02-09,076080,,1.77,0.3,0.0,-0.3
2026-02-10,076080,,1.86,0.2,0.0,-0.2
2026-02-11,076080,,1.93,-0.1,0.0,0.1
2026-02-12,076080,,1.88,0.3,0.0,-0.3
2026-02-13,076080,,1.98,0.2,0.0,-0.2
2026-02-19,076080,,2.04,0.2,,-0.2
2026-02-20,076080,,2.12,-0.3,,0.3
2026-02-23,076080,,2.09,0.0,,-0.0
2026-02-24,076080,,2.12,0.3,,-0.3
2026-02-25,076080,,2.23,0.1,,-0.1
2026-02-26,076080,,1.73,-0.4,,0.4
2026-02-27,076080,1135.0,1.58,0.2,,-0.3
2026-03-03,076080,,1.67,-0.1,,0.2
2026-03-04,076080,,1.62,-0.0,,0.1
2026-03-05,076080,,1.6,0.2,,-0.2
2026-03-06,076080,,1.7,0.1,,-0.1
2026-03-09,076080,,1.72,0.2,-0.1,-0.2
2026-03-10,076080,,1.82,0.2,,-0.2
2026-03-11,076080,,1.93,-0.2,,0.2
2026-03-12,076080,,1.86,0.3,,-0.3
2026-03-13,076080,,1.97,0.6,-0.6,0.0
2026-03-16,076080,,2.21,0.1,,-0.1
2026-03-17,076080,,2.23,0.3,0.0,-0.3
2026-03-18,076080,,2.35,0.1,0.0,-0.1
2026-03-19,076080,,2.37,-0.1,0.0,0.1
2026-03-20,076080,,2.32,0.7,0.0,-0.7
2026-03-23,076080,,2.56,-0.1,-0.0,0.1
2026-03-24,076080,,2.55,0.3,0.0,-0.3
2026-03-25,076080,,2.67,0.1,0.0,-0.1
2026-03-26,076080,,2.69,-0.5,0.0,0.5
2026-03-27,076080,,2.51,0.4,0.0,-0.3
2026-03-30,076080,,2.64,0.1,0.0,-0.1
2026-03-31,076080,1244.0,2.68,0.2,-0.0,-0.2
2026-04-01,076080,,2.76,-0.0,0.0,0.0
2026-04-02,076080,,2.75,0.0,0.0,-0.0
2026-04-03,076080,,2.76,-0.0,0.0,0.1
2026-04-06,076080,,2.74,0.3,0.0,-0.3
2026-04-07,076080,,2.85,-0.1,0.0,0.1
2026-04-08,076080,,2.81,0.5,0.0,-0.5
2026-04-09,076080,,3.0,-0.3,-0.0,0.2
2026-04-10,076080,,2.9,0.1,0.0,-0.1
2026-04-13,076080,,2.94,-0.9,0.0,0.9
2026-04-14,076080,,2.64,0.3,0.0,-0.3
2026-04-15,076080,,2.74,0.4,0.0,-0.4
2026-04-16,076080,,2.89,-0.1,0.0,0.1
2026-04-17,076080,,2.85,0.0,0.0,-0.0
2026-04-20,076080,,2.85,0.1,0.0,0.1
2026-04-21,076080,,2.89,0.2,0.0,-0.1
2026-04-22,076080,,2.94,-0.1,0.0,0.1
2026-04-23,076080,,2.82,-0.0,0.0,-0.0
2026-04-24,076080,,2.82,0.1,0.0,-0.1
2026-04-27,076080,,2.86,-0.0,0.0,-0.0
2026-04-28,076080,,2.85,0.2,0.0,-0.2
2026-04-29,076080,,2.87,-0.1,0.0,0.2
2026-04-30,076080,1265.0,2.84,0.0,-0.0,-0.0
2026-05-04,076080,,2.84,-0.1,0.0,0.2
2026-05-06,076080,,2.81,-0.2,-0.0,0.2
2026-05-07,076080,,2.74,0.0,0.0,-0.0
2026-05-08,076080,,2.75,0.8,0.0,-0.8
2026-05-11,076080,,3.07,-0.2,-0.0,-0.0
2026-05-12,076080,,3.0,-0.6,0.0,0.5
2026-05-13,076080,,2.74,-0.2,-0.0,0.0
2026-05-14,076080,,2.65,-0.7,-0.0,0.5
2026-05-15,076080,,2.35,-0.3,-0.0,0.1
2026-05-18,076080,,2.25,0.1,0.0,-0.1
2026-05-19,076080,,2.28,0.1,0.0,-0.2
2026-05-20,076080,,2.33,-0.0,-0.0,0.0
2026-05-21,076080,,2.34,-0.2,-0.0,0.2
2026-05-22,076080,,2.23,0.1,0.0,-0.1
2026-05-26,076080,,2.26,-0.3,0.0,0.3
2026-05-27,076080,,2.11,-0.2,0.0,0.2
2026-05-28,076080,,2.03,0.2,-0.0,-0.2
2026-05-29,076080,916.0,2.13,-0.0,0.0,-0.1
2026-06-01,076080,,2.12,-0.1,-0.0,-0.0
2026-06-02,076080,,2.1,0.5,,-0.6
2026-06-04,076080,,2.45,-0.0,0.0,-0.1
2026-06-05,076080,,2.45,0.0,-0.0,0.0
2026-06-08,076080,,2.45,-0.2,-0.0,0.1
2026-06-09,076080,,2.34,-0.2,0.0,0.2
2026-06-10,076080,,2.25,-0.1,-0.0,0.1
2026-06-11,076080,,2.19,-0.1,0.0,0.1
2026-06-12,076080,,2.12,-0.1,,0.1
2026-06-15,076080,,2.06,-0.0,0.0,0.0
2026-06-16,076080,,2.04,-0.2,0.0,0.1
2026-06-17,076080,,1.96,-0.0,-0.0,0.1
2026-06-18,076080,,1.93,-0.1,0.0,0.1
2026-06-19,076080,,1.89,0.1,-0.0,-0.1
2026-06-22,076080,,1.92,-0.1,-0.0,0.0
2026-06-23,076080,,1.86,0.1,-0.0,-0.1
2026-06-24,076080,,1.89,-0.1,0.0,-0.1
2026-06-25,076080,,1.85,-0.1,0.0,0.0
2026-06-26,076080,,1.79,-0.0,-0.0,0.0
2026-06-29,076080,,1.76,0.0,,-0.0
2026-06-30,076080,850.0,1.77,0.2,-0.0,-0.2
2026-07-01,076080,,1.88,-0.2,0.0,0.1
2026-07-02,076080,,1.79,-0.2,-0.0,0.2
2026-07-03,076080,,1.72,-0.1,-0.0,0.1
2026-07-06,076080,,1.65,-0.1,,0.1
2026-07-07,076080,,1.62,-0.1,-0.0,0.1
2026-07-08,076080,,1.58,-0.2,,0.2
2026-07-09,076080,,1.5,-0.0,-0.0,0.0
2026-07-10,076080,,1.48,-0.3,-0.0,0.3
2026-07-13,076080,1001.0,1.37,-0.0,-0.0,0.0
2025-07-14,076610,,1.62,-0.1,,0.1
2025-07-15,076610,,1.6,-0.5,,0.6
2025-07-16,076610,,1.42,-0.2,,0.3
2025-07-17,076610,,1.33,-0.7,,0.6
2025-07-18,076610,,1.08,-0.2,,0.2
2025-07-21,076610,,1.01,0.1,,-0.3
2025-07-22,076610,,1.04,0.0,,-0.1
2025-07-23,076610,,1.06,-0.0,-0.3,0.2
2025-07-24,076610,,1.05,0.2,0.2,-0.3
2025-07-25,076610,,1.12,-0.2,0.2,0.0
2025-07-28,076610,,1.03,-0.0,-0.1,0.1
2025-07-29,076610,,1.04,-0.0,-0.2,0.2
2025-07-30,076610,,1.04,4.7,-0.3,-4.0
2025-07-31,076610,,2.61,-4.1,-0.0,4.1
2025-08-01,076610,,1.31,-1.2,-0.0,1.2
2025-08-04,076610,,0.94,-0.9,0.0,0.9
2025-08-05,076610,,0.66,0.2,-0.4,0.2
2025-08-06,076610,,0.73,1.1,-0.3,-0.8
2025-08-07,076610,,1.13,-0.5,0.3,0.2
2025-08-08,076610,,1.09,0.1,,-0.1
2025-08-11,076610,,1.14,0.4,,-0.4
2025-08-12,076610,,1.28,0.1,,-0.1
2025-08-13,076610,,1.31,0.2,,-0.2
2025-08-14,076610,,1.39,-0.2,,0.2
2025-08-18,076610,,1.31,0.4,,-0.4
2025-08-19,076610,,1.48,0.1,,-0.1
2025-08-20,076610,,1.52,-0.6,,0.6
2025-08-21,076610,,1.28,-0.1,,0.1
2025-08-22,076610,,1.23,0.4,-0.1,-0.4
2025-08-25,076610,,1.4,0.0,,0.1
2025-08-26,076610,,1.79,-0.1,,2.4
2025-08-27,076610,,1.77,0.2,,0.2
2025-08-28,076610,,1.87,0.1,-0.3,2.0
2025-08-29,076610,567.0,1.9,-1.1,-0.2,3.8
2025-09-01,076610,,1.75,-1.0,,1.2
2025-09-02,076610,,0.96,0.3,,-0.3
2025-09-03,076610,,1.27,1.3,,-1.3
2025-09-04,076610,,1.76,0.6,,-0.6
2025-09-05,076610,,1.99,0.3,,-0.3
2025-09-08,076610,,1.85,-0.2,,0.2
2025-09-09,076610,,1.75,0.2,,-0.2
2025-09-10,076610,,1.55,-0.4,,0.4
2025-09-11,076610,,1.41,-0.3,,0.3
2025-09-12,076610,,1.3,-0.2,-0.3,0.5
2025-09-15,076610,,1.23,-0.3,,0.3
2025-09-16,076610,,1.11,-0.3,,0.3
2025-09-17,076610,,1.0,-0.1,,0.1
2025-09-18,076610,,0.95,0.1,,-0.1
2025-09-19,076610,,1.0,-0.2,,0.2
2025-09-22,076610,,0.92,0.5,,-0.6
2025-09-23,076610,,1.12,0.2,,-0.3
2025-09-24,076610,,1.19,0.0,,-0.1
2025-09-25,076610,,1.19,-0.2,,0.2
2025-09-26,076610,,1.12,0.0,,-0.0
2025-09-29,076610,,1.12,0.1,,-0.1
2025-09-30,076610,550.0,1.14,-0.2,,0.2
2025-10-01,076610,,1.05,-0.1,,0.1
2025-10-02,076610,,1.01,1.0,,-1.0
2025-10-10,076610,,1.4,-0.1,,0.1
2025-10-13,076610,,1.38,0.7,,-0.7
2025-10-14,076610,,1.64,0.3,,-0.3
2025-10-15,076610,,1.76,0.2,,-0.2
2025-10-16,076610,,1.85,0.6,,-0.6
2025-10-17,076610,,2.07,-0.2,,0.2
2025-10-20,076610,,2.0,0.2,,-0.2
2025-10-21,076610,,2.08,-0.6,,0.6
2025-10-22,076610,,1.84,0.0,,-0.0
2025-10-23,076610,,1.85,-0.3,,0.3
2025-10-24,076610,,1.74,0.0,,-0.0
2025-10-27,076610,,1.76,0.2,,-0.2
2025-10-28,076610,,1.84,0.3,,-0.3
2025-10-29,076610,,1.95,0.9,,-0.9
2025-10-30,076610,,2.3,0.0,,0.0
2025-10-31,076610,562.0,2.31,0.1,,-0.1
2025-11-03,076610,,2.37,0.5,,-0.5
2025-11-04,076610,,2.56,-0.0,,0.0
2025-11-05,076610,,2.55,0.2,,-0.2
2025-11-06,076610,,2.62,-0.1,,0.1
2025-11-07,076610,,2.57,0.6,-1.0,0.4
2025-11-10,076610,,2.79,0.1,,-0.1
2025-11-11,076610,,2.83,-0.4,,0.4
2025-11-12,076610,,2.67,-0.2,,0.2
2025-11-13,076610,,2.61,0.2,,-0.2
2025-11-14,076610,,2.71,-0.1,,0.1
2025-11-17,076610,,2.65,-0.0,,0.0
2025-11-18,076610,,2.65,-0.4,,0.4
2025-11-19,076610,,2.49,0.0,,-0.0
2025-11-20,076610,,2.51,0.0,,-0.0
2025-11-21,076610,,2.53,-0.0,,0.0
2025-11-24,076610,,2.51,-0.1,,0.1
2025-11-25,076610,,2.47,-0.1,,0.1
2025-11-26,076610,,2.45,-0.0,,0.0
2025-11-27,076610,,2.44,0.0,,-0.0
2025-11-28,076610,501.0,2.44,0.0,,-0.0
2025-12-01,076610,,2.46,0.2,,-0.2
2025-12-02,076610,,2.55,-0.0,,0.0
2025-12-03,076610,,2.54,-0.0,,0.0
2025-12-04,076610,,2.53,0.0,,-0.0
2025-12-05,076610,,2.54,-0.3,,0.3
2025-12-08,076610,,2.41,-0.2,,0.2
2025-12-09,076610,,2.33,-0.2,,0.2
2025-12-10,076610,,2.26,-0.1,,0.1
2025-12-11,076610,,2.22,0.1,,-0.1
2025-12-12,076610,,2.25,-0.0,,0.0
2025-12-15,076610,,2.24,-0.2,,0.2
2025-12-16,076610,,2.17,0.0,,-0.0
2025-12-17,076610,,2.58,0.1,,-0.1
2025-12-18,076610,,2.6,0.0,,-0.1
2025-12-19,076610,,2.62,-0.0,,0.0
2025-12-22,076610,,2.6,-0.1,,0.1
2025-12-23,076610,,2.58,-0.1,,0.1
2025-12-24,076610,,2.37,0.3,,-0.3
2025-12-26,076610,,2.48,-0.2,,0.2
2025-12-29,076610,,2.39,0.2,,-0.2
2025-12-30,076610,641.0,2.46,0.3,,-0.3
2026-01-02,076610,,2.56,-0.9,,1.0
2026-01-05,076610,,2.3,-0.3,,0.3
2026-01-06,076610,,2.21,-0.2,,0.3
2026-01-07,076610,,2.2,-0.1,,0.1
2026-01-08,076610,,2.16,0.0,-0.0,-0.0
2026-01-09,076610,,2.17,-0.0,,0.0
2026-01-12,076610,,2.16,0.1,,0.3
2026-01-13,076610,,2.2,-0.0,,0.0
2026-01-14,076610,,2.19,0.1,,-0.4
2026-01-15,076610,,2.22,1.8,,-1.5
2026-01-16,076610,,2.73,-0.7,,0.7
2026-01-19,076610,,2.54,-0.0,,-0.2
2026-01-20,076610,,2.53,13.0,0.0,-13.2
2026-01-21,076610,,4.83,-19.2,-1.1,22.3
2026-01-22,076610,,2.3,-1.3,-2.0,4.5
2026-01-23,076610,,2.06,-4.8,,4.9
2026-01-26,076610,,1.64,-1.4,,1.3
2026-01-27,076610,,1.72,6.1,0.1,-6.4
2026-01-28,076610,,2.51,-8.8,-0.1,8.5
2026-01-29,076610,,1.58,-1.2,,0.9
2026-01-30,076610,1410.0,1.42,1.9,,-1.8
2026-02-02,076610,,1.72,-0.2,,0.3
2026-02-03,076610,,1.73,-0.2,,0.2
2026-02-04,076610,,1.71,3.0,,-3.4
2026-02-05,076610,,2.32,0.5,,-0.6
2026-02-06,076610,,2.41,-7.4,,7.6
2026-02-09,076610,,1.36,0.2,,38.6
2026-02-10,076610,,1.65,6.9,,5.8
2026-02-11,076610,,2.72,1.7,,2.0
2026-02-12,076610,,3.03,1.1,,-1.1
2026-02-13,076610,,3.24,2.2,,-2.1
2026-02-19,076610,,3.65,1.3,,-1.3
2026-02-20,076610,,3.92,1.1,,-0.9
2026-02-23,076610,,4.15,-14.9,0.0,15.3
2026-02-24,076610,,1.55,0.6,0.1,-1.3
2026-02-25,076610,,1.99,-11.3,-0.1,12.1
2026-02-26,076610,,0.85,-2.1,,1.7
2026-02-27,076610,1294.0,0.8,0.8,,-1.0
2026-03-03,076610,,1.06,3.1,,-3.1
2026-03-04,076610,,1.6,11.3,0.0,-11.4
2026-03-05,076610,,3.72,-1.7,-0.0,1.7
2026-03-06,076610,,3.54,1.0,,-1.0
2026-03-09,076610,,3.72,1.2,,-1.3
2026-03-10,076610,,3.99,-2.7,,2.5
2026-03-11,076610,,3.55,0.7,,-0.3
2026-03-12,076610,,3.67,-0.6,,0.6
2026-03-13,076610,,3.57,0.4,,-0.2
2026-03-16,076610,,3.65,-6.5,,6.6
2026-03-17,076610,,2.54,2.3,-0.0,-2.4
2026-03-18,076610,,2.84,-0.8,,0.7
2026-03-19,076610,,2.76,-9.2,0.1,7.4
2026-03-20,076610,,1.57,11.0,-0.1,-10.7
2026-03-23,076610,,2.89,-8.0,,8.0
2026-03-24,076610,,1.88,17.9,1.5,-19.6
2026-03-25,076610,,3.71,-8.4,1.4,9.9
2026-03-26,076610,,2.94,3.9,,-3.8
2026-03-27,076610,,3.26,-4.7,0.0,4.6
2026-03-30,076610,,2.71,1.0,,-2.7
2026-03-31,076610,1465.0,2.84,5.0,-1.7,-3.3
2026-04-01,076610,,3.53,-5.5,-0.4,5.9
2026-04-02,076610,,2.87,0.8,0.0,-0.8
2026-04-03,076610,,3.0,-3.0,0.3,1.7
2026-04-06,076610,,2.59,1.5,0.0,-1.5
2026-04-07,076610,,2.7,-10.8,0.0,10.8
2026-04-08,076610,,1.35,0.5,,0.2
2026-04-09,076610,,1.49,-1.4,,1.3
2026-04-10,076610,,1.36,4.9,0.0,-5.2
2026-04-13,076610,,2.02,-3.4,,3.6
2026-04-14,076610,,1.65,-7.3,,7.3
2026-04-15,076610,,0.77,0.3,-0.0,-0.3
2026-04-16,076610,,0.85,-0.2,,0.2
2026-04-17,076610,,0.85,1.1,,-1.3
2026-04-20,076610,,1.0,0.1,,0.2
2026-04-21,076610,,1.14,3.1,1.0,-4.3
2026-04-22,076610,,1.65,-3.3,,3.3
2026-04-23,076610,,1.27,-0.0,,-0.0
2026-04-24,076610,,1.26,4.7,,-5.2
2026-04-27,076610,,1.73,-1.1,,1.5
2026-04-28,076610,,1.59,-2.5,-1.2,4.1
2026-04-29,076610,,1.16,1.2,0.0,-1.3
2026-04-30,076610,1739.0,1.31,14.4,0.2,-10.6
2026-05-04,076610,,3.06,-1.9,0.2,1.5
2026-05-06,076610,,2.88,33.1,2.2,-35.6
2026-05-07,076610,,5.53,7.5,0.0,-7.6
2026-05-08,076610,,6.08,6.6,-0.0,-6.9
2026-05-11,076610,,6.49,-25.4,,25.0
2026-05-12,076610,,4.46,0.8,,0.1
2026-05-13,076610,,4.41,-2.3,,2.5
2026-05-14,076610,,4.25,-0.5,,-0.7
2026-05-15,076610,,4.21,1.0,,0.2
2026-05-18,076610,,4.3,-0.8,,0.8
2026-05-19,076610,,4.27,-0.3,,-0.0
2026-05-20,076610,,4.24,-1.2,,1.1
2026-05-21,076610,,4.16,1.8,,-1.8
2026-05-22,076610,,4.3,-1.5,,1.7
2026-05-26,076610,,4.18,6.8,,-8.3
2026-05-27,076610,,4.49,-37.1,0.0,38.5
2026-05-28,076610,,1.56,3.2,-0.0,-3.0
2026-05-29,076610,1929.0,1.86,-2.0,0.0,1.9
2026-06-01,076610,,1.68,4.1,0.0,-4.0
2026-06-02,076610,,2.13,2.4,-0.0,-3.9
2026-06-04,076610,,2.25,-1.1,-0.0,1.0
2026-06-05,076610,,2.21,1.3,-0.0,-1.3
2026-06-08,076610,,2.4,0.7,0.0,-0.7
2026-06-09,076610,,2.5,-3.0,-0.0,3.1
2026-06-10,076610,,2.09,0.4,-0.0,-0.2
2026-06-11,076610,,2.12,-1.1,-0.0,1.0
2026-06-12,076610,,1.95,-1.5,-3.9,5.4
2026-06-15,076610,,1.75,1.0,-3.8,2.9
2026-06-16,076610,,1.87,2.2,-3.6,1.5
2026-06-17,076610,,2.14,-3.0,-3.1,5.9
2026-06-18,076610,,1.79,-0.2,-0.0,0.1
2026-06-19,076610,,1.77,1.9,-0.0,-1.9
2026-06-22,076610,,2.11,1.9,-0.0,-1.9
2026-06-23,076610,,2.41,0.5,0.0,-0.4
2026-06-24,076610,,2.38,0.2,0.0,-0.3
2026-06-25,076610,,2.44,-5.1,-0.0,5.1
2026-06-26,076610,,1.67,-0.8,-0.0,0.8
2026-06-29,076610,,1.51,1.0,-0.0,-1.1
2026-06-30,076610,1075.0,1.78,-0.7,0.0,0.7
2026-07-01,076610,,1.67,0.1,-0.0,-0.1
2026-07-02,076610,,1.69,-1.9,-0.0,1.9
2026-07-03,076610,,1.39,0.2,-0.0,-0.3
2026-07-06,076610,,1.42,0.0,0.0,-0.1
2026-07-07,076610,,1.42,-0.6,-0.0,0.6
2026-07-08,076610,,1.33,0.5,0.0,-0.5
2026-07-09,076610,,1.41,0.3,-0.0,-0.2
2026-07-10,076610,,1.47,1.5,-0.0,-1.5
2026-07-13,076610,941.0,1.72,-0.8,0.0,0.8
2025-07-14,077360,,2.07,-0.2,-0.0,0.2
2025-07-15,077360,,2.06,0.5,0.0,-0.5
2025-07-16,077360,,2.14,1.2,-0.0,-1.2
2025-07-17,077360,,2.2,-0.3,0.0,0.4
2025-07-18,077360,,2.19,-1.4,-0.0,1.4
2025-07-21,077360,,2.12,0.6,0.0,-0.6
2025-07-22,077360,,2.15,1.2,0.2,-1.4
2025-07-23,077360,,2.21,0.4,0.1,-0.5
2025-07-24,077360,,2.24,-1.3,-0.0,1.3
2025-07-25,077360,,2.17,-0.4,0.0,0.3
2025-07-28,077360,,2.15,3.1,-0.0,-3.0
2025-07-29,077360,,2.31,-0.7,0.0,1.3
2025-07-30,077360,,2.27,-19.8,-0.6,16.8
2025-07-31,077360,,1.41,-4.0,-0.2,8.1
2025-08-01,077360,,1.23,-2.7,-0.0,2.5
2025-08-04,077360,,1.1,-6.6,-0.0,6.3
2025-08-05,077360,,1.11,-6.7,0.2,6.5
2025-08-06,077360,,0.79,-1.9,0.1,1.8
2025-08-07,077360,,0.7,-1.1,0.0,1.1
2025-08-08,077360,,0.65,-2.4,0.1,2.4
2025-08-11,077360,,0.54,-0.2,-0.1,0.1
2025-08-12,077360,,0.53,2.9,-0.0,-2.9
2025-08-13,077360,,0.67,4.1,-0.2,-3.7
2025-08-14,077360,,0.86,-6.1,0.0,6.2
2025-08-18,077360,,0.57,1.8,-6.4,5.1
2025-08-19,077360,,0.69,0.6,-0.0,-0.6
2025-08-20,077360,,0.71,1.4,-0.0,-1.4
2025-08-21,077360,,0.78,0.1,-0.0,-0.1
2025-08-22,077360,,0.87,-1.2,-0.0,1.2
2025-08-25,077360,,0.81,2.8,-0.0,-2.9
2025-08-26,077360,,0.95,0.3,-0.0,-0.3
2025-08-27,077360,,0.97,0.4,-0.0,-0.5
2025-08-28,077360,,0.99,-0.0,-0.0,0.0
2025-08-29,077360,4455.0,0.99,0.4,-0.0,-0.3
2025-09-01,077360,,1.02,-0.2,0.1,0.3
2025-09-02,077360,,1.01,-0.7,-0.0,0.7
2025-09-03,077360,,0.98,1.5,-0.0,-1.2
2025-09-04,077360,,1.05,-0.3,-0.0,0.3
2025-09-05,077360,,1.04,1.0,0.1,-1.1
2025-09-08,077360,,1.08,3.0,-0.0,-3.1
2025-09-09,077360,,1.23,4.8,-0.0,-4.8
2025-09-10,077360,,1.45,1.9,0.2,-2.3
2025-09-11,077360,,1.54,-6.0,-0.3,6.0
2025-09-12,077360,,1.27,6.3,-0.2,-6.1
2025-09-15,077360,,1.55,-0.5,-0.1,0.4
2025-09-16,077360,,1.53,5.5,-0.0,-4.4
2025-09-17,077360,,1.77,1.4,18.6,-21.1
2025-09-18,077360,,1.88,-2.8,21.9,-19.1
2025-09-19,077360,,1.83,2.6,-1.5,-2.4
2025-09-22,077360,,1.93,-7.9,1.9,5.3
2025-09-23,077360,,1.65,3.8,1.7,-5.9
2025-09-24,077360,,1.81,-8.8,1.0,6.6
2025-09-25,077360,,1.51,-3.0,0.7,2.2
2025-09-26,077360,,1.44,6.0,-0.0,-5.9
2025-09-29,077360,,1.7,4.7,1.8,-6.5
2025-09-30,077360,6180.0,1.87,-3.5,0.2,2.9
2025-10-01,077360,,1.75,0.1,-1.0,0.5
2025-10-02,077360,,1.91,-0.2,8.0,-11.5
2025-10-10,077360,,1.9,5.5,0.6,3.6
2025-10-13,077360,,2.09,-3.3,-14.8,16.9
2025-10-14,077360,,2.0,3.6,-22.6,18.4
2025-10-15,077360,,2.16,7.7,0.8,-8.9
2025-10-16,077360,,2.42,3.2,-1.1,-1.9
2025-10-17,077360,,2.54,-3.4,-1.4,5.1
2025-10-20,077360,,2.43,-6.6,-2.5,8.2
2025-10-21,077360,,2.23,-0.3,0.1,0.6
2025-10-22,077360,,2.22,-0.2,-6.4,6.6
2025-10-23,077360,,2.19,5.1,-5.4,0.4
2025-10-24,077360,,2.37,3.2,-2.7,-0.0
2025-10-27,077360,,2.46,3.8,-4.4,1.0
2025-10-28,077360,,2.48,-1.2,-1.9,2.8
2025-10-29,077360,,2.44,-16.1,-0.5,16.5
2025-10-30,077360,,1.93,-8.3,-0.7,8.6
2025-10-31,077360,6610.0,1.59,-2.8,1.9,1.0
2025-11-03,077360,,1.49,16.6,0.2,-16.5
2025-11-04,077360,,2.05,0.4,-1.4,1.3
2025-11-05,077360,,2.07,3.0,-1.4,-1.2
2025-11-06,077360,,2.18,37.0,9.4,-45.6
2025-11-07,077360,,3.31,-19.5,-1.3,22.3
2025-11-10,077360,,2.67,0.7,-0.8,-0.5
2025-11-11,077360,,2.76,0.0,-3.6,3.3
2025-11-12,077360,,2.74,-4.7,-3.4,9.0
2025-11-13,077360,,2.6,-11.0,-4.0,14.6
2025-11-14,077360,,2.24,-5.5,-5.0,8.9
2025-11-17,077360,,2.06,6.9,-1.9,-5.3
2025-11-18,077360,,2.32,11.3,-2.3,-8.8
2025-11-19,077360,,2.82,2.5,-1.3,-0.9
2025-11-20,077360,,3.01,-3.4,-0.2,4.0
2025-11-21,077360,,2.88,4.8,-0.3,-4.4
2025-11-24,077360,,3.07,3.1,-0.4,-4.9
2025-11-25,077360,,3.2,1.8,-0.5,-0.8
2025-11-26,077360,,3.27,-2.3,0.3,1.9
2025-11-27,077360,,3.21,-1.2,-0.2,1.4
2025-11-28,077360,5780.0,3.16,0.9,0.3,-1.2
2025-12-01,077360,,3.22,0.3,-0.4,0.4
2025-12-02,077360,,3.23,3.2,0.3,-1.6
2025-12-03,077360,,3.36,4.1,-1.9,-1.8
2025-12-04,077360,,3.58,-0.1,-0.3,0.3
2025-12-05,077360,,3.57,1.7,-0.0,-1.7
2025-12-08,077360,,3.59,-2.6,-0.3,3.0
2025-12-09,077360,,3.49,-5.0,-1.5,6.0
2025-12-10,077360,,3.3,-4.1,-1.0,5.0
2025-12-11,077360,,3.19,-0.5,5.2,-3.2
2025-12-12,077360,,3.13,-3.7,2.4,1.3
2025-12-15,077360,,2.99,-3.6,0.1,3.4
2025-12-16,077360,,2.86,-2.7,1.4,1.3
2025-12-17,077360,,2.83,-4.6,0.8,4.0
2025-12-18,077360,,2.67,-3.1,0.6,2.3
2025-12-19,077360,,2.54,0.4,0.0,-0.5
2025-12-22,077360,,2.56,21.7,2.1,-23.8
2025-12-23,077360,,3.33,-7.3,1.0,6.5
2025-12-24,077360,,2.87,-6.1,-0.2,6.3
2025-12-26,077360,,2.64,2.7,0.2,-2.6
2025-12-29,077360,,2.74,1.0,0.1,-1.1
2025-12-30,077360,6090.0,2.78,-3.3,-0.4,3.7
2026-01-02,077360,,2.66,1.9,-0.2,-1.7
2026-01-05,077360,,2.73,-0.9,-1.1,0.7
2026-01-06,077360,,2.72,2.5,-1.2,-1.3
2026-01-07,077360,,3.02,-1.5,-0.2,4.9
2026-01-08,077360,,2.96,-0.1,-3.4,3.4
2026-01-09,077360,,2.96,3.9,-8.9,5.0
2026-01-12,077360,,3.11,0.9,1.3,-2.1
2026-01-13,077360,,3.14,-5.2,0.2,4.9
2026-01-14,077360,,2.94,-0.4,1.1,-0.8
2026-01-15,077360,,2.94,-1.7,-0.5,2.1
2026-01-16,077360,,2.88,2.1,-5.5,3.5
2026-01-19,077360,,2.96,0.7,-0.0,-1.0
2026-01-20,077360,,2.99,4.5,0.7,-5.1
2026-01-21,077360,,3.15,14.7,16.4,-24.7
2026-01-22,077360,,3.71,23.6,25.3,-46.4
2026-01-23,077360,,4.35,5.9,-1.0,-4.9
2026-01-26,077360,,4.54,-7.5,1.3,6.2
2026-01-27,077360,,4.33,-8.4,3.9,4.3
2026-01-28,077360,,4.1,0.4,9.8,-10.3
2026-01-29,077360,,4.12,-23.3,-1.3,23.6
2026-01-30,077360,8890.0,3.5,1.2,-0.4,-0.2
2026-02-02,077360,,3.55,-17.1,22.2,-5.9
2026-02-03,077360,,3.16,-29.3,9.6,19.8
2026-02-04,077360,,2.49,55.0,164.1,-220.8
2026-02-05,077360,,3.79,-25.7,58.0,-36.8
2026-02-06,077360,,3.35,-22.5,55.2,-31.8
2026-02-09,077360,,2.87,-37.6,-17.8,54.3
2026-02-10,077360,,2.13,9.9,8.1,-19.8
2026-02-11,077360,,2.3,11.1,3.8,-13.4
2026-02-12,077360,,2.53,3.0,2.1,-3.7
2026-02-13,077360,,2.6,-12.9,37.1,-22.3
2026-02-19,077360,,2.32,39.4,15.3,-53.1
2026-02-20,077360,,3.04,27.3,4.7,-30.8
2026-02-23,077360,,3.5,-31.2,24.6,3.7
2026-02-24,077360,,3.03,-17.8,37.3,-14.8
2026-02-25,077360,,2.67,-21.5,-1.5,23.8
2026-02-26,077360,,2.35,11.0,-29.6,18.1
2026-02-27,077360,11710.0,2.52,20.7,-43.3,28.8
2026-03-03,077360,,2.92,14.6,-2.0,-13.6
2026-03-04,077360,,3.23,12.9,4.8,-14.7
2026-03-05,077360,,3.54,1.3,12.6,-13.5
2026-03-06,077360,,3.58,-7.3,20.0,-13.8
2026-03-09,077360,,3.45,-16.8,8.0,8.6
2026-03-10,077360,,3.1,-33.0,62.2,-29.7
2026-03-11,077360,,2.31,15.9,123.9,-139.8
2026-03-12,077360,,2.69,-10.6,31.1,-21.7
2026-03-13,077360,,2.54,-33.2,29.6,2.9
2026-03-16,077360,,2.01,-9.9,-5.9,19.0
2026-03-17,077360,,1.86,8.6,-25.7,19.1
2026-03-18,077360,,2.01,-8.7,9.6,-0.9
2026-03-19,077360,,1.86,3.4,-12.5,9.0
2026-03-20,077360,,1.92,0.5,-9.6,8.3
2026-03-23,077360,,1.9,19.4,-15.1,-4.3
2026-03-24,077360,,2.27,12.0,-23.3,11.0
2026-03-25,077360,,2.5,-12.0,23.4,-10.1
2026-03-26,077360,,2.51,-12.3,-17.1,29.3
2026-03-27,077360,,2.23,-2.1,0.8,1.4
2026-03-30,077360,,2.13,15.3,-15.4,0.5
2026-03-31,077360,9900.0,2.46,23.8,-20.7,-3.4
2026-04-01,077360,,2.98,5.9,11.7,-17.6
2026-04-02,077360,,3.11,1.9,-5.4,3.5
2026-04-03,077360,,3.13,-22.7,17.1,5.6
2026-04-06,077360,,2.66,-6.7,-10.5,17.4
2026-04-07,077360,,2.53,-22.8,38.4,-16.1
2026-04-08,077360,,2.2,7.1,34.9,-41.5
2026-04-09,077360,,2.38,1.1,6.1,-7.5
2026-04-10,077360,,2.4,-12.3,7.9,4.4
2026-04-13,077360,,2.2,4.1,4.4,-10.0
2026-04-14,077360,,2.27,3.3,-3.5,-0.3
2026-04-15,077360,,2.38,-11.9,-10.0,22.1
2026-04-16,077360,,2.18,69.2,62.0,-127.1
2026-04-17,077360,,3.22,35.4,0.0,-37.8
2026-04-20,077360,,4.16,-47.8,10.6,37.4
2026-04-21,077360,,3.52,-27.3,-30.8,58.4
2026-04-22,077360,,3.18,-0.4,-16.7,17.6
2026-04-23,077360,,3.18,-7.9,34.4,-30.2
2026-04-24,077360,,3.17,-1.4,32.8,-31.6
2026-04-27,077360,,3.25,-47.1,-61.4,110.4
2026-04-28,077360,,2.66,-12.9,-3.5,12.5
2026-04-29,077360,,2.5,59.0,28.5,-89.0
2026-04-30,077360,18360.0,3.23,-21.4,88.0,-63.5
2026-05-04,077360,,2.98,-21.0,3.6,12.9
2026-05-06,077360,,2.74,-22.9,-10.7,39.8
2026-05-07,077360,,2.48,0.1,-16.0,15.4
2026-05-08,077360,,2.43,20.2,-9.3,-11.3
2026-05-11,077360,,2.66,6.8,-28.5,16.0
2026-05-12,077360,,2.76,51.6,-48.3,-6.4
2026-05-13,077360,,3.34,-1.2,17.2,-16.4
2026-05-14,077360,,3.33,30.8,-31.6,-1.8
2026-05-15,077360,,3.71,18.4,3.9,-24.0
2026-05-18,077360,,3.77,23.2,-16.7,-6.4
2026-05-19,077360,,4.06,30.0,-30.6,7.0
2026-05-20,077360,,4.45,29.7,-15.6,-14.4
2026-05-21,077360,,4.88,21.8,1.6,-18.4
2026-05-22,077360,,5.14,82.5,-47.4,-40.8
2026-05-26,077360,,6.09,-85.7,-18.2,107.9
2026-05-27,077360,,5.03,-23.0,-15.8,34.2
2026-05-28,077360,,4.73,23.8,-32.3,5.5
2026-05-29,077360,12990.0,5.07,54.6,-96.5,37.0
2026-06-01,077360,,6.0,69.6,-60.9,-8.8
2026-06-02,077360,,6.71,17.4,1.4,-19.0
2026-06-04,077360,,6.67,-20.1,54.2,-35.0
2026-06-05,077360,,6.3,-44.7,55.2,-5.4
2026-06-08,077360,,5.63,-55.6,58.0,-2.4
2026-06-09,077360,,4.68,8.5,14.3,-21.1
2026-06-10,077360,,4.77,-6.9,-2.4,15.3
2026-06-11,077360,,4.7,-3.2,6.5,-5.1
2026-06-12,077360,,4.71,-3.2,-12.1,20.1
2026-06-15,077360,,4.67,-10.4,0.4,9.7
2026-06-16,077360,,4.52,-5.9,-1.7,7.8
2026-06-17,077360,,4.44,-0.3,-2.3,2.5
2026-06-18,077360,,4.45,14.6,-21.1,5.8
2026-06-19,077360,,4.68,45.1,-48.3,-2.3
2026-06-22,077360,,5.47,16.9,-32.1,15.1
2026-06-23,077360,,5.77,-2.3,1.3,1.0
2026-06-24,077360,,5.73,-8.4,9.1,-0.0
2026-06-25,077360,,5.56,1.2,-4.9,4.5
2026-06-26,077360,,5.6,33.0,-25.6,-9.9
2026-06-29,077360,,6.3,3.6,-1.0,-2.7
2026-06-30,077360,10850.0,6.36,-5.6,-0.7,7.6
2026-07-01,077360,,6.23,-24.1,29.0,-0.7
2026-07-02,077360,,5.77,-21.4,0.6,20.5
2026-07-03,077360,,5.34,3.0,-0.1,-2.9
2026-07-06,077360,,5.41,25.3,-21.9,-3.5
2026-07-07,077360,,6.0,38.1,-41.9,3.5
2026-07-08,077360,,6.95,9.3,-2.9,-6.5
2026-07-09,077360,,7.2,-2.0,10.2,-8.3
2026-07-10,077360,,7.15,-6.1,18.5,-12.7
2026-07-13,077360,9010.0,7.0,-13.9,16.0,-2.1
2025-07-14,077500,,58.75,0.1,-0.0,-0.0
2025-07-15,077500,,58.75,1.4,0.0,-1.5
2025-07-16,077500,,58.88,-0.1,0.1,-0.4
2025-07-17,077500,,58.88,-0.8,0.2,0.4
2025-07-18,077500,,58.81,-0.6,0.2,1.0
2025-07-21,077500,,58.75,-0.7,-0.0,0.7
2025-07-22,077500,,58.72,0.0,-0.4,0.4
2025-07-23,077500,,58.72,-1.3,-0.0,1.6
2025-07-24,077500,,58.62,-2.2,-0.2,2.0
2025-07-25,077500,,58.44,-0.9,-0.2,1.5
2025-07-28,077500,,58.38,-0.1,-0.1,0.3
2025-07-29,077500,,58.34,-0.4,-0.0,0.4
2025-07-30,077500,,58.31,3.3,-0.0,-3.2
2025-07-31,077500,,58.56,1.3,-0.0,-1.2
2025-08-01,077500,,58.66,-2.6,-0.0,2.5
2025-08-04,077500,,58.47,-0.6,0.2,0.4
2025-08-05,077500,,58.41,-0.1,-0.0,0.1
2025-08-06,077500,,58.41,-0.3,-0.0,0.3
2025-08-07,077500,,58.38,0.1,-0.0,-0.1
2025-08-08,077500,,58.38,-0.0,0.1,-0.3
2025-08-11,077500,,58.38,-0.4,0.3,0.2
2025-08-12,077500,,58.34,0.1,0.1,-0.3
2025-08-13,077500,,58.38,0.9,0.3,-1.2
2025-08-14,077500,,58.41,-1.3,-0.0,1.3
2025-08-18,077500,,58.31,-2.1,0.0,2.0
2025-08-19,077500,,58.16,-0.9,0.0,0.9
2025-08-20,077500,,58.09,-1.2,0.0,1.4
2025-08-21,077500,,57.97,-0.1,0.0,0.1
2025-08-22,077500,,57.97,0.0,-0.0,0.1
2025-08-25,077500,,57.97,8.7,0.2,-8.5
2025-08-26,077500,,58.66,4.5,0.2,-4.7
2025-08-27,077500,,59.0,0.6,-0.0,-0.6
2025-08-28,077500,,59.03,-0.2,-0.0,-0.4
2025-08-29,077500,5900.0,59.03,0.4,0.3,-0.7
2025-09-01,077500,,59.06,-1.2,-0.1,1.3
2025-09-02,077500,,58.97,-0.2,-0.1,0.3
2025-09-03,077500,,58.94,0.7,-0.1,-0.6
2025-09-04,077500,,59.0,0.1,0.2,-0.3
2025-09-05,077500,,59.0,-0.1,-0.0,0.1
2025-09-08,077500,,59.0,0.2,-0.3,0.1
2025-09-09,077500,,59.0,6.5,1.1,-7.0
2025-09-10,077500,,59.5,0.9,2.5,-3.5
2025-09-11,077500,,59.56,1.1,0.2,-1.3
2025-09-12,077500,,59.62,0.4,0.7,-0.5
2025-09-15,077500,,59.66,-1.6,1.1,0.9
2025-09-16,077500,,59.56,9.2,4.7,-13.2
2025-09-17,077500,,60.12,-11.8,0.5,11.2
2025-09-18,077500,,59.38,-4.5,4.3,0.2
2025-09-19,077500,,59.09,-7.2,2.0,5.1
2025-09-22,077500,,58.66,-2.3,0.7,1.6
2025-09-23,077500,,58.59,0.3,-0.0,-0.2
2025-09-24,077500,,58.66,2.3,0.0,-2.3
2025-09-25,077500,,58.81,0.8,0.0,-0.8
2025-09-26,077500,,58.84,2.9,1.8,-4.7
2025-09-29,077500,,59.06,0.1,-0.1,0.1
2025-09-30,077500,6810.0,59.06,-1.5,3.4,-1.7
2025-10-01,077500,,58.97,-3.0,0.9,2.0
2025-10-02,077500,,58.78,0.6,2.5,-3.0
2025-10-10,077500,,58.81,2.0,4.6,-6.5
2025-10-13,077500,,58.94,-7.5,-0.8,8.1
2025-10-14,077500,,58.5,-0.1,-0.2,0.3
2025-10-15,077500,,58.47,6.6,-0.2,-4.9
2025-10-16,077500,,58.91,-0.5,-0.2,0.5
2025-10-17,077500,,58.88,-0.5,-0.0,0.7
2025-10-20,077500,,58.84,2.1,0.7,-2.9
2025-10-21,077500,,58.97,-0.4,-0.2,0.7
2025-10-22,077500,,58.94,-0.4,0.0,0.3
2025-10-23,077500,,58.91,-0.6,-0.0,0.6
2025-10-24,077500,,58.88,1.2,-0.0,-1.2
2025-10-27,077500,,58.97,0.4,-0.1,-0.5
2025-10-28,077500,,59.0,-3.6,-0.0,3.6
2025-10-29,077500,,58.75,-0.1,0.0,0.1
2025-10-30,077500,,58.75,0.1,0.0,-0.2
2025-10-31,077500,7690.0,58.75,7.4,4.1,-11.1
2025-11-03,077500,,59.28,-21.3,0.4,20.9
2025-11-04,077500,,58.0,-2.8,0.2,3.0
2025-11-05,077500,,57.84,0.5,0.3,-0.5
2025-11-06,077500,,57.88,2.7,0.0,-2.8
2025-11-07,077500,,58.06,-5.4,0.0,5.2
2025-11-10,077500,,57.66,0.9,-0.6,-0.3
2025-11-11,077500,,57.62,1.9,-1.7,-0.2
2025-11-12,077500,,57.75,-0.1,-0.3,0.5
2025-11-13,077500,,57.75,-4.4,0.0,4.4
2025-11-14,077500,,57.41,-2.4,-1.8,4.2
2025-11-17,077500,,57.25,-0.1,-1.2,1.3
2025-11-18,077500,,57.22,-0.7,-0.4,1.1
2025-11-19,077500,,57.19,-1.0,0.0,0.9
2025-11-20,077500,,57.09,-0.9,0.1,0.8
2025-11-21,077500,,57.03,-1.1,0.0,1.0
2025-11-24,077500,,56.94,-0.4,0.0,0.4
2025-11-25,077500,,56.91,-0.4,-0.0,0.4
2025-11-26,077500,,56.88,0.2,0.0,-0.2
2025-11-27,077500,,56.88,0.8,-0.1,-0.7
2025-11-28,077500,6300.0,56.94,1.7,0.1,-1.7
2025-12-01,077500,,57.09,-0.5,0.0,0.6
2025-12-02,077500,,57.06,-1.0,0.1,0.9
2025-12-03,077500,,56.97,0.6,-0.0,-0.6
2025-12-04,077500,,57.03,-2.6,0.2,2.7
2025-12-05,077500,,56.84,-1.2,0.0,1.1
2025-12-08,077500,,56.75,0.1,-0.1,-0.1
2025-12-09,077500,,56.75,0.3,0.0,-0.3
2025-12-10,077500,,56.78,0.1,-1.4,1.3
2025-12-11,077500,,56.78,0.7,-0.0,-0.7
2025-12-12,077500,,56.84,1.0,0.2,-1.3
2025-12-15,077500,,56.91,0.1,-0.1,0.2
2025-12-16,077500,,56.91,-2.2,0.1,2.1
2025-12-17,077500,,56.75,0.8,0.1,-1.0
2025-12-18,077500,,56.81,-0.8,0.1,0.7
2025-12-19,077500,,56.75,-0.5,0.1,0.5
2025-12-22,077500,,56.72,1.9,0.0,-2.1
2025-12-23,077500,,56.84,0.3,0.4,-0.8
2025-12-24,077500,,56.88,-0.9,0.0,0.9
2025-12-26,077500,,56.88,1.0,0.1,-1.2
2025-12-29,077500,,56.94,-0.1,-1.3,1.4
2025-12-30,077500,6600.0,56.94,0.5,-0.1,0.3
2026-01-02,077500,,56.97,1.4,-0.4,-1.1
2026-01-05,077500,,57.06,2.0,-0.3,-2.3
2026-01-06,077500,,57.19,2.1,-0.1,-2.1
2026-01-07,077500,,57.38,0.6,-0.0,-0.6
2026-01-08,077500,,57.41,-0.7,-0.1,1.3
2026-01-09,077500,,57.38,-1.4,-0.1,1.5
2026-01-12,077500,,57.25,1.3,-0.2,-1.1
2026-01-13,077500,,57.34,-0.6,-0.5,1.1
2026-01-14,077500,,57.38,-1.5,0.0,1.4
2026-01-15,077500,,57.25,-0.7,0.0,0.7
2026-01-16,077500,,57.19,-1.0,0.1,0.9
2026-01-19,077500,,57.12,1.6,0.0,-1.7
2026-01-20,077500,,57.22,2.8,-1.1,-1.6
2026-01-21,077500,,57.44,-2.5,-0.0,2.5
2026-01-22,077500,,57.25,1.0,-0.2,-0.8
2026-01-23,077500,,57.31,1.3,-0.0,-1.0
2026-01-26,077500,,57.41,2.4,-0.9,-1.5
2026-01-27,077500,,57.59,-1.9,-1.5,3.3
2026-01-28,077500,,57.44,3.5,-0.2,-3.1
2026-01-29,077500,,57.69,2.1,-0.1,-2.1
2026-01-30,077500,6470.0,57.84,0.3,-0.0,-0.5
2026-02-02,077500,,57.88,-4.2,-0.0,4.4
2026-02-03,077500,,57.56,6.8,-0.0,-9.8
2026-02-04,077500,,58.03,1.8,-0.0,-1.7
2026-02-05,077500,,58.16,-2.9,-0.1,2.9
2026-02-06,077500,,57.97,-2.0,0.0,2.5
2026-02-09,077500,,57.81,5.9,-0.0,-8.5
2026-02-10,077500,,58.22,-10.8,-0.0,7.7
2026-02-11,077500,,57.5,0.6,0.0,-2.7
2026-02-12,077500,,57.53,0.1,-0.0,2.0
2026-02-13,077500,,57.56,0.7,0.0,-0.7
2026-02-19,077500,,57.59,4.8,-0.1,-4.8
2026-02-20,077500,,57.94,-1.4,-0.0,1.4
2026-02-23,077500,,57.84,1.5,0.0,2.4
2026-02-24,077500,,57.94,2.4,0.1,-2.5
2026-02-25,077500,,58.09,-4.1,0.1,3.4
2026-02-26,077500,,57.84,1.7,0.1,-1.8
2026-02-27,077500,6730.0,57.94,-1.1,0.3,0.9
2026-03-03,077500,,57.88,2.0,0.0,-1.0
2026-03-04,077500,,58.03,-5.0,0.0,5.6
2026-03-05,077500,,57.62,3.9,-0.1,-3.8
2026-03-06,077500,,57.94,3.3,0.0,-3.3
2026-03-09,077500,,58.16,-4.7,0.0,5.1
2026-03-10,077500,,57.78,2.1,-0.0,-2.1
2026-03-11,077500,,57.97,3.7,-0.0,-3.6
2026-03-12,077500,,58.22,-0.5,0.0,3.4
2026-03-13,077500,,58.19,-0.2,0.0,0.1
2026-03-16,077500,,58.19,-0.0,0.0,0.0
2026-03-17,077500,,58.19,0.5,-0.0,-0.5
2026-03-18,077500,,58.22,3.2,-0.1,-3.7
2026-03-19,077500,,58.44,1.0,-2.0,0.9
2026-03-20,077500,,58.53,-0.2,0.0,0.1
2026-03-23,077500,,58.5,2.4,0.1,-2.1
2026-03-24,077500,,58.69,-2.5,0.0,2.5
2026-03-25,077500,,58.5,6.9,-0.0,-6.9
2026-03-26,077500,,59.0,-4.0,0.0,4.0
2026-03-27,077500,,58.69,-1.8,0.0,1.8
2026-03-30,077500,,58.56,-2.5,0.0,2.4
2026-03-31,077500,5640.0,58.38,-4.1,0.0,4.1
2026-04-01,077500,,58.03,4.0,-0.0,-3.7
2026-04-02,077500,,58.38,-3.8,0.0,3.8
2026-04-03,077500,,58.06,0.3,0.0,-0.4
2026-04-06,077500,,58.09,-3.3,-0.3,3.6
2026-04-07,077500,,57.81,-1.1,-0.2,1.3
2026-04-08,077500,,57.72,6.6,-0.6,-5.9
2026-04-09,077500,,58.25,-0.9,0.0,0.9
2026-04-10,077500,,58.16,5.3,-0.2,-5.1
2026-04-13,077500,,58.56,1.5,0.2,-1.8
2026-04-14,077500,,58.69,4.6,-1.8,-2.8
2026-04-15,077500,,59.09,0.5,-0.1,-0.6
2026-04-16,077500,,59.12,1.8,0.0,-1.8
2026-04-17,077500,,59.25,-0.4,0.2,0.3
2026-04-20,077500,,59.22,-0.4,0.1,0.3
2026-04-21,077500,,59.19,-2.3,-2.0,4.1
2026-04-22,077500,,59.03,4.4,1.6,-5.8
2026-04-23,077500,,59.31,2.4,1.6,-4.1
2026-04-24,077500,,59.47,8.1,0.5,-8.6
2026-04-27,077500,,60.0,-1.9,0.6,1.5
2026-04-28,077500,,59.88,1.4,0.7,-2.2
2026-04-29,077500,,59.97,0.7,0.7,-1.4
2026-04-30,077500,7330.0,60.03,2.4,0.2,-2.6
2026-05-04,077500,,60.19,5.4,1.8,-7.1
2026-05-06,077500,,60.53,-4.9,-0.3,5.9
2026-05-07,077500,,60.28,2.0,-3.4,1.7
2026-05-08,077500,,60.38,0.3,-0.3,0.4
2026-05-11,077500,,60.41,-0.3,-0.2,0.5
2026-05-12,077500,,60.41,6.8,-0.8,-5.4
2026-05-13,077500,,60.84,-3.9,-1.2,5.2
2026-05-14,077500,,60.59,0.6,1.1,-2.1
2026-05-15,077500,,60.62,7.0,0.4,-7.9
2026-05-18,077500,,61.16,0.1,-2.5,2.6
2026-05-19,077500,,61.22,0.5,-2.5,2.2
2026-05-20,077500,,61.25,2.5,-1.7,-0.8
2026-05-21,077500,,61.44,3.3,-2.6,-0.6
2026-05-22,077500,,61.66,2.7,0.8,-3.5
2026-05-26,077500,,61.81,-16.9,0.3,16.6
2026-05-27,077500,,60.81,-14.8,0.1,14.7
2026-05-28,077500,,59.97,-2.7,-1.3,3.9
2026-05-29,077500,7300.0,59.81,-4.0,0.2,3.9
2026-06-01,077500,,59.75,-3.9,0.1,3.7
2026-06-02,077500,,59.5,-4.2,0.4,3.9
2026-06-04,077500,,59.25,-13.9,0.2,13.8
2026-06-05,077500,,58.41,-4.6,0.4,4.3
2026-06-08,077500,,58.12,-0.2,0.2,0.1
2026-06-09,077500,,58.09,-0.3,0.1,0.1
2026-06-10,077500,,58.09,-2.2,0.1,2.1
2026-06-11,077500,,57.94,0.7,-0.2,-0.5
2026-06-12,077500,,57.97,18.1,4.3,-20.9
2026-06-15,077500,,59.03,-9.7,-1.2,11.0
2026-06-16,077500,,58.47,-2.6,-0.3,2.9
2026-06-17,077500,,58.31,-4.6,-0.2,4.8
2026-06-18,077500,,58.03,-0.5,-0.8,1.2
2026-06-19,077500,,58.0,-0.1,-0.7,0.6
2026-06-22,077500,,58.0,-0.1,-0.2,0.4
2026-06-23,077500,,57.97,-4.4,0.2,4.2
2026-06-24,077500,,57.69,-1.6,-0.2,0.6
2026-06-25,077500,,57.56,-1.7,-0.1,1.7
2026-06-26,077500,,57.47,-0.2,0.1,0.2
2026-06-29,077500,,57.44,0.4,0.0,-0.4
2026-06-30,077500,6400.0,57.47,-0.9,0.1,0.8
2026-07-01,077500,,57.41,0.2,-0.1,-0.1
2026-07-02,077500,,57.44,-4.0,-0.1,4.1
2026-07-03,077500,,57.12,1.9,-0.3,-1.6
2026-07-06,077500,,57.28,0.4,-0.0,-0.4
2026-07-07,077500,,57.31,0.4,0.0,-0.4
2026-07-08,077500,,57.34,1.5,-0.0,-1.5
2026-07-09,077500,,57.44,-0.5,-0.0,0.5
2026-07-10,077500,,57.41,2.1,-0.1,-2.0
2026-07-13,077500,5510.0,57.59,-1.8,0.0,1.9
2025-07-14,077970,,2.99,-0.6,-2.0,2.6
2025-07-15,077970,,2.98,7.8,-15.4,7.6
2025-07-16,077970,,3.06,-0.1,-7.8,7.6
2025-07-17,077970,,3.06,4.1,-5.0,0.8
2025-07-18,077970,,3.09,-2.5,-1.2,3.2
2025-07-21,077970,,3.06,2.0,1.5,-3.1
2025-07-22,077970,,3.16,-12.2,-1.1,12.7
2025-07-23,077970,,2.95,3.2,-12.6,9.3
2025-07-24,077970,,3.0,0.1,10.7,-10.5
2025-07-25,077970,,3.08,-17.5,31.6,-16.2
2025-07-28,077970,,2.85,-50.2,38.4,11.4
2025-07-29,077970,,2.31,-5.4,26.2,-20.4
2025-07-30,077970,,2.25,4.9,5.1,-9.9
2025-07-31,077970,,2.32,0.8,13.9,-12.7
2025-08-01,077970,,2.35,-21.8,9.6,12.5
2025-08-04,077970,,2.11,9.1,4.2,-13.7
2025-08-05,077970,,2.25,17.8,21.0,-38.6
2025-08-06,077970,,2.5,1.4,11.2,-13.0
2025-08-07,077970,,2.45,41.1,8.5,-51.5
2025-08-08,077970,,2.88,0.2,42.0,-43.3
2025-08-11,077970,,2.81,-2.7,-8.9,10.1
2025-08-12,077970,,2.79,47.6,-2.8,-43.8
2025-08-13,077970,,3.27,44.5,-14.9,-29.3
2025-08-14,077970,,3.66,58.3,97.9,-157.9
2025-08-18,077970,,3.8,824.5,-260.4,-38.9
2025-08-19,077970,,9.5,-43.4,21.9,14.4
2025-08-20,077970,,9.02,70.4,-61.7,-12.9
2025-08-21,077970,,9.41,-15.4,-21.6,36.1
2025-08-22,077970,,9.12,-74.7,20.7,63.0
2025-08-25,077970,,8.4,-0.8,36.4,-35.8
2025-08-26,077970,,8.37,-64.2,23.8,40.2
2025-08-27,077970,,7.84,-161.5,71.9,89.3
2025-08-28,077970,,6.57,17.3,143.1,-158.3
2025-08-29,077970,43300.0,6.7,7.9,48.8,-57.6
2025-09-01,077970,,6.8,8.2,10.9,-17.8
2025-09-02,077970,,6.9,-17.0,-39.6,64.9
2025-09-03,077970,,6.78,-24.3,-3.4,25.8
2025-09-04,077970,,6.63,-6.2,26.1,-21.2
2025-09-05,077970,,6.62,-9.0,-25.1,31.5
2025-09-08,077970,,6.52,60.7,-1.8,-57.9
2025-09-09,077970,,6.88,83.8,-195.3,112.6
2025-09-10,077970,,7.31,88.9,-102.0,10.0
2025-09-11,077970,,7.91,71.1,-14.7,-57.4
2025-09-12,077970,,8.33,9.8,-61.5,51.6
2025-09-15,077970,,8.35,111.2,-31.8,-79.2
2025-09-16,077970,,9.02,53.8,-36.5,-17.2
2025-09-17,077970,,9.34,-6.3,-8.3,14.7
2025-09-18,077970,,9.23,41.2,1.6,-42.5
2025-09-19,077970,,9.22,35.1,-1.0,-32.2
2025-09-22,077970,,9.37,118.9,-43.8,-70.5
2025-09-23,077970,,10.1,-15.5,-0.9,14.9
2025-09-24,077970,,10.01,-20.9,15.0,4.3
2025-09-25,077970,,9.87,359.9,14.4,2.4
2025-09-26,077970,,12.26,64.4,-26.6,-36.0
2025-09-29,077970,,12.54,-23.1,15.3,8.3
2025-09-30,077970,39550.0,12.42,-132.7,55.6,75.7
2025-10-01,077970,,11.59,-123.0,31.9,88.6
2025-10-02,077970,,10.84,-6.4,-5.0,9.9
2025-10-10,077970,,10.81,-12.1,-6.4,17.5
2025-10-13,077970,,10.73,-12.1,2.3,9.4
2025-10-14,077970,,10.65,10.8,-8.6,-0.8
2025-10-15,077970,,10.73,-22.9,38.4,-15.4
2025-10-16,077970,,10.64,-60.9,-3.3,63.6
2025-10-17,077970,,10.25,-28.6,-1.5,33.7
2025-10-20,077970,,10.06,3.6,-6.7,2.8
2025-10-21,077970,,10.09,-56.0,-27.3,83.0
2025-10-22,077970,,9.76,-49.2,3.3,43.8
2025-10-23,077970,,9.45,-26.4,-0.1,25.8
2025-10-24,077970,,9.28,5.7,3.4,-11.0
2025-10-27,077970,,9.32,-82.8,-1.2,82.8
2025-10-28,077970,,8.79,-94.5,-32.4,126.2
2025-10-29,077970,,8.15,39.9,-11.2,-28.0
2025-10-30,077970,,8.43,-112.5,-46.2,156.3
2025-10-31,077970,35350.0,7.62,33.5,-4.6,-27.6
2025-11-03,077970,,7.88,32.7,-25.8,-10.7
2025-11-04,077970,,8.11,35.3,5.1,-41.4
2025-11-05,077970,,8.36,34.5,-10.9,-23.5
2025-11-06,077970,,8.62,4.5,7.5,-12.1
2025-11-07,077970,,8.65,42.9,-27.3,-16.2
2025-11-10,077970,,8.95,-11.9,13.0,-1.2
2025-11-11,077970,,8.83,1.0,-8.4,7.4
2025-11-12,077970,,8.84,12.7,-8.1,-4.6
2025-11-13,077970,,8.95,-5.4,7.8,-2.8
2025-11-14,077970,,8.91,69.0,-110.6,37.9
2025-11-17,077970,,9.43,19.8,-10.6,-8.2
2025-11-18,077970,,9.6,37.3,-18.7,-18.3
2025-11-19,077970,,9.91,31.9,-18.6,-13.2
2025-11-20,077970,,10.18,-3.2,24.7,-21.9
2025-11-21,077970,,10.16,-23.1,16.9,5.7
2025-11-24,077970,,9.98,-9.9,22.9,-13.7
2025-11-25,077970,,9.9,-11.7,11.9,-1.1
2025-11-26,077970,,9.84,-27.4,52.0,-24.9
2025-11-27,077970,,9.64,-58.4,71.3,-13.2
2025-11-28,077970,32550.0,9.21,-45.9,28.8,17.3
2025-12-01,077970,,8.87,-21.9,11.8,9.5
2025-12-02,077970,,8.73,-7.0,37.0,-29.1
2025-12-03,077970,,8.54,-46.3,45.2,-1.9
2025-12-04,077970,,8.2,-27.0,31.4,-4.9
2025-12-05,077970,,8.0,-9.1,14.1,-4.4
2025-12-08,077970,,8.04,-31.9,46.6,-13.3
2025-12-09,077970,,7.82,14.5,103.7,-117.6
2025-12-10,077970,,7.91,-42.9,37.6,5.4
2025-12-11,077970,,7.64,-25.6,39.2,-14.2
2025-12-12,077970,,7.47,4.8,61.5,-69.3
2025-12-15,077970,,7.5,-46.1,55.9,-8.8
2025-12-16,077970,,7.2,-2.3,41.3,-37.7
2025-12-17,077970,,7.19,-3.1,35.9,-30.9
2025-12-18,077970,,7.17,-7.5,31.1,-23.2
2025-12-19,077970,,7.12,-10.4,16.9,-3.6
2025-12-22,077970,,7.05,0.2,32.0,-32.7
2025-12-23,077970,,7.05,-1.6,12.8,-10.6
2025-12-24,077970,,7.08,-75.3,-33.3,107.1
2025-12-26,077970,,6.56,17.8,-25.0,6.5
2025-12-29,077970,,6.69,18.0,-12.8,-5.6
2025-12-30,077970,34000.0,6.82,1.1,-8.2,6.8
2026-01-02,077970,,6.82,20.5,-29.4,8.5
2026-01-05,077970,,6.99,4.7,-18.6,13.9
2026-01-06,077970,,7.02,-14.0,-2.4,16.5
2026-01-07,077970,,6.93,-2.7,-4.5,7.2
2026-01-08,077970,,6.89,3.4,9.5,-20.8
2026-01-09,077970,,6.94,49.8,40.2,-91.4
2026-01-12,077970,,7.31,5.6,5.8,-10.0
2026-01-13,077970,,7.24,14.4,-17.8,6.2
2026-01-14,077970,,7.3,14.5,-20.2,7.6
2026-01-15,077970,,7.38,-20.3,34.7,-14.5
2026-01-16,077970,,7.25,-25.4,-1.6,26.7
2026-01-19,077970,,7.04,8.0,-3.7,-4.7
2026-01-20,077970,,7.07,8.5,-5.5,-2.9
2026-01-21,077970,,7.14,-9.2,41.2,-36.8
2026-01-22,077970,,7.09,-34.5,-2.7,35.6
2026-01-23,077970,,6.72,-12.8,31.0,-18.8
2026-01-26,077970,,6.76,-15.6,-5.4,18.4
2026-01-27,077970,,6.57,-4.8,-1.5,5.8
2026-01-28,077970,,6.52,-9.0,-41.5,52.8
2026-01-29,077970,,6.5,-14.1,-22.9,37.8
2026-01-30,077970,33900.0,6.36,-25.1,-22.8,47.4
2026-02-02,077970,,6.17,0.4,-6.5,6.8
2026-02-03,077970,,6.18,-11.4,-0.6,12.4
2026-02-04,077970,,6.13,-9.8,-9.5,18.8
2026-02-05,077970,,6.04,-27.5,-49.4,78.3
2026-02-06,077970,,5.78,-8.4,0.6,11.1
2026-02-09,077970,,5.52,1.5,-13.8,10.3
2026-02-10,077970,,5.54,-6.1,5.8,-3.9
2026-02-11,077970,,5.5,10.0,-22.7,11.8
2026-02-12,077970,,5.56,-2.2,4.1,-1.7
2026-02-13,077970,,5.55,-11.5,9.1,2.6
2026-02-19,077970,,5.45,-16.2,2.8,11.8
2026-02-20,077970,,5.32,42.5,32.3,-82.6
2026-02-23,077970,,5.79,-14.6,-15.1,29.7
2026-02-24,077970,,5.78,-35.1,-6.6,41.5
2026-02-25,077970,,5.46,-16.9,-0.4,16.2
2026-02-26,077970,,5.33,-32.3,-15.2,47.3
2026-02-27,077970,32950.0,4.97,-5.9,-41.5,47.2
2026-03-03,077970,,4.91,-8.1,2.9,5.8
2026-03-04,077970,,4.89,3.3,-12.6,8.8
2026-03-05,077970,,4.91,6.0,-0.2,-5.7
2026-03-06,077970,,4.96,-7.8,-1.5,13.3
2026-03-09,077970,,4.85,24.1,1.2,-19.3
2026-03-10,077970,,5.14,-20.5,12.2,7.6
2026-03-11,077970,,4.87,37.5,47.6,-85.9
2026-03-12,077970,,5.23,-11.4,21.9,-10.4
2026-03-13,077970,,5.13,-23.0,29.3,-6.2
2026-03-16,077970,,4.92,-12.9,23.4,-10.4
2026-03-17,077970,,4.84,-5.7,34.6,-30.0
2026-03-18,077970,,4.81,3.1,29.3,-30.6
2026-03-19,077970,,4.89,-5.4,-0.4,5.7
2026-03-20,077970,,4.83,3.0,5.6,-7.5
2026-03-23,077970,,4.86,-7.5,-0.0,7.3
2026-03-24,077970,,4.78,10.0,5.5,-15.7
2026-03-25,077970,,4.87,-9.8,48.2,-38.2
2026-03-26,077970,,4.95,-12.2,6.1,3.3
2026-03-27,077970,,4.89,-15.9,-3.6,18.7
2026-03-30,077970,,4.73,-3.3,-3.2,6.4
2026-03-31,077970,30650.0,4.7,-6.9,7.1,-0.2
2026-04-01,077970,,4.64,-4.2,6.8,-4.4
2026-04-02,077970,,4.64,-12.7,24.1,-13.1
2026-04-03,077970,,4.59,43.4,30.9,-72.6
2026-04-06,077970,,5.04,-3.9,8.1,-6.6
2026-04-07,077970,,4.98,-7.6,5.0,3.3
2026-04-08,077970,,4.9,-13.7,-20.2,34.4
2026-04-09,077970,,4.77,-14.6,-10.3,23.9
2026-04-10,077970,,4.63,-8.5,-32.8,39.5
2026-04-13,077970,,4.58,20.0,-19.7,-0.5
2026-04-14,077970,,4.75,11.5,-6.2,-0.6
2026-04-15,077970,,4.83,14.1,-16.8,4.6
2026-04-16,077970,,4.93,-10.4,-7.4,17.5
2026-04-17,077970,,4.84,61.0,106.3,-192.5
2026-04-20,077970,,5.52,-5.9,52.0,-49.3
2026-04-21,077970,,5.28,-138.0,158.1,-9.5
2026-04-22,077970,,4.61,-4.9,-49.7,54.2
2026-04-23,077970,,4.58,-2.0,-22.0,14.2
2026-04-24,077970,,4.57,-21.4,-1.7,35.6
2026-04-27,077970,,4.46,-70.8,31.6,35.8
2026-04-28,077970,,4.23,84.8,-50.7,-29.7
2026-04-29,077970,,4.63,-22.4,83.2,-60.4
2026-04-30,077970,61600.0,4.63,0.4,-22.0,26.2
2026-05-04,077970,,4.66,15.5,-66.2,42.4
2026-05-06,077970,,4.64,102.8,-72.3,-33.5
2026-05-07,077970,,5.18,-49.0,44.4,9.3
2026-05-08,077970,,5.07,25.9,-11.1,-16.8
2026-05-11,077970,,5.25,62.1,-47.1,-16.3
2026-05-12,077970,,5.56,75.9,-26.6,-43.6
2026-05-13,077970,,5.98,16.6,-45.9,27.9
2026-05-14,077970,,6.0,9.4,-7.7,-1.6
2026-05-15,077970,,6.01,62.2,-86.6,21.5
2026-05-18,077970,,6.31,-21.1,14.6,8.4
2026-05-19,077970,,6.2,-7.1,-19.1,31.5
2026-05-20,077970,,6.1,-142.8,-33.8,174.7
2026-05-21,077970,,4.67,-0.4,22.1,-41.3
2026-05-22,077970,,4.71,-175.9,197.7,-16.6
2026-05-26,077970,,3.79,-47.7,-47.3,97.6
2026-05-27,077970,,3.41,17.5,-33.3,12.4
2026-05-28,077970,,3.53,50.8,-46.2,-11.3
2026-05-29,077970,40400.0,3.97,39.4,-40.9,1.0
2026-06-01,077970,,4.21,67.6,-48.4,-20.2
2026-06-02,077970,,4.64,49.4,-41.2,-10.7
2026-06-04,077970,,5.11,-9.6,-26.1,35.8
2026-06-05,077970,,4.91,37.4,-23.8,-7.3
2026-06-08,077970,,5.24,39.8,-28.7,-9.9
2026-06-09,077970,,5.6,-2.7,2.1,0.0
2026-06-10,077970,,5.56,-15.0,6.4,8.6
2026-06-11,077970,,5.38,11.6,-28.6,20.1
2026-06-12,077970,,5.42,50.5,-113.7,65.4
2026-06-15,077970,,5.8,-21.9,16.0,10.6
2026-06-16,077970,,5.65,2.7,-32.6,29.3
2026-06-17,077970,,5.64,-47.7,1.6,44.9
2026-06-18,077970,,5.23,2.0,-42.0,37.0
2026-06-19,077970,,5.16,27.5,-27.9,1.2
2026-06-22,077970,,5.38,-26.7,-10.1,38.3
2026-06-23,077970,,4.96,27.8,-32.7,2.0
2026-06-24,077970,,5.2,8.7,-12.0,3.6
2026-06-25,077970,,5.3,27.2,-37.6,9.0
2026-06-26,077970,,5.53,9.7,-2.4,-6.8
2026-06-29,077970,,5.72,18.0,-12.4,-6.5
2026-06-30,077970,29300.0,5.92,-18.0,3.8,16.3
2026-07-01,077970,,5.68,1.4,-0.7,0.2
2026-07-02,077970,,5.69,-13.2,-3.5,20.3
2026-07-03,077970,,5.43,1.3,-2.3,1.1
2026-07-06,077970,,5.43,-9.3,9.5,-0.3
2026-07-07,077970,,5.33,-10.9,-6.0,16.7
2026-07-08,077970,,5.2,9.1,-7.1,-3.0
2026-07-09,077970,,5.32,5.4,4.4,-9.7
2026-07-10,077970,,5.4,11.3,-6.0,-5.3
2026-07-13,077970,25500.0,5.53,6.9,-7.8,0.9
2025-07-14,078000,,1.68,-0.9,-0.0,0.9
2025-07-15,078000,,1.62,-1.0,-0.0,1.1
2025-07-16,078000,,1.55,-0.1,0.0,-0.1
2025-07-17,078000,,1.54,-1.6,-0.0,1.6
2025-07-18,078000,,1.43,0.5,-0.0,-0.5
2025-07-21,078000,,1.46,-0.9,0.0,0.9
2025-07-22,078000,,1.39,-2.7,0.0,2.7
2025-07-23,078000,,1.21,1.1,-0.0,-1.1
2025-07-24,078000,,1.28,-1.0,0.1,1.0
2025-07-25,078000,,1.21,-0.0,-0.1,0.1
2025-07-28,078000,,1.21,0.4,-0.0,-0.4
2025-07-29,078000,,1.24,-0.1,-0.0,0.1
2025-07-30,078000,,1.23,-0.3,0.0,0.3
2025-07-31,078000,,1.21,-0.2,-0.0,0.2
2025-08-01,078000,,1.2,-0.4,-0.0,0.4
2025-08-04,078000,,1.17,-0.1,0.0,0.1
2025-08-05,078000,,1.16,0.0,-0.0,0.3
2025-08-06,078000,,1.16,-0.1,-0.0,0.1
2025-08-07,078000,,1.15,-0.4,0.0,0.3
2025-08-08,078000,,1.13,-0.2,0.1,-0.1
2025-08-11,078000,,1.11,2.6,0.1,-2.6
2025-08-12,078000,,1.31,0.5,-0.2,-0.3
2025-08-13,078000,,1.35,-0.5,-0.0,0.5
2025-08-14,078000,,1.31,-0.3,-0.0,0.3
2025-08-18,078000,,1.29,-0.2,0.1,0.0
2025-08-19,078000,,1.27,-0.4,0.3,0.1
2025-08-20,078000,,1.24,0.2,-0.2,-0.0
2025-08-21,078000,,1.26,-0.1,0.0,0.1
2025-08-22,078000,,1.25,-0.1,-0.0,0.1
2025-08-25,078000,,1.24,-0.5,-0.0,0.5
2025-08-26,078000,,1.2,-0.3,0.0,0.3
2025-08-27,078000,,1.18,-0.2,0.1,0.1
2025-08-28,078000,,1.17,-0.3,-0.0,0.3
2025-08-29,078000,14410.0,1.15,-0.4,-0.0,0.4
2025-09-01,078000,,1.12,-0.7,-0.0,0.5
2025-09-02,078000,,1.07,-0.4,-0.0,0.4
2025-09-03,078000,,1.04,-0.8,-0.5,1.3
2025-09-04,078000,,0.98,-0.7,-0.0,0.7
2025-09-05,078000,,0.93,0.2,0.0,-0.2
2025-09-08,078000,,0.94,-0.2,0.2,0.0
2025-09-09,078000,,0.93,-0.1,-0.2,-1.8
2025-09-10,078000,,0.92,0.7,0.0,-0.7
2025-09-11,078000,,0.97,-0.6,0.2,0.5
2025-09-12,078000,,0.92,-0.5,-0.0,0.5
2025-09-15,078000,,0.89,0.3,-0.1,-0.1
2025-09-16,078000,,0.91,-0.1,-0.1,0.2
2025-09-17,078000,,0.9,-0.2,-0.1,0.3
2025-09-18,078000,,0.88,-0.1,0.2,0.2
2025-09-19,078000,,0.88,0.2,-0.1,-0.1
2025-09-22,078000,,0.89,0.3,0.0,-0.3
2025-09-23,078000,,0.91,-2.9,0.5,1.7
2025-09-24,078000,,0.77,-1.4,-0.4,3.3
2025-09-25,078000,,0.7,-0.6,0.2,-0.0
2025-09-26,078000,,0.67,1.2,-0.1,-1.1
2025-09-29,078000,,0.75,0.3,1.0,-1.4
2025-09-30,078000,15540.0,0.8,1.2,0.2,-1.3
2025-10-01,078000,,0.88,0.9,-0.3,-0.6
2025-10-02,078000,,0.94,1.4,-0.3,-1.5
2025-10-10,078000,,1.04,0.5,-0.3,-0.2
2025-10-13,078000,,1.08,-0.0,-0.0,0.1
2025-10-14,078000,,1.08,1.4,-0.4,-1.0
2025-10-15,078000,,1.17,0.4,0.2,-0.5
2025-10-16,078000,,1.2,-0.2,-0.1,0.2
2025-10-17,078000,,1.19,-1.5,-0.1,1.5
2025-10-20,078000,,1.08,0.2,-0.2,-0.0
2025-10-21,078000,,1.09,0.4,0.0,-0.4
2025-10-22,078000,,1.12,0.3,0.4,-0.7
2025-10-23,078000,,1.14,0.2,-0.2,0.0
2025-10-24,078000,,1.16,0.5,0.2,-0.9
2025-10-27,078000,,1.19,-0.5,0.1,0.2
2025-10-28,078000,,1.16,0.0,-0.2,0.1
2025-10-29,078000,,1.16,1.5,0.9,-2.4
2025-10-30,078000,,1.26,0.3,-0.8,0.5
2025-10-31,078000,15720.0,1.3,-0.4,0.0,0.3
2025-11-03,078000,,1.27,0.2,-0.2,-0.0
2025-11-04,078000,,1.29,-0.8,0.6,0.2
2025-11-05,078000,,1.23,-1.7,0.3,1.4
2025-11-06,078000,,1.11,-0.8,-0.3,1.0
2025-11-07,078000,,1.06,-0.6,-0.4,1.0
2025-11-10,078000,,1.02,-0.2,0.4,-0.2
2025-11-11,078000,,1.01,0.4,-0.1,-0.3
2025-11-12,078000,,1.03,1.1,-0.5,-0.5
2025-11-13,078000,,1.1,-0.2,-0.0,0.2
2025-11-14,078000,,1.09,-0.0,0.3,-0.2
2025-11-17,078000,,1.09,0.0,1.1,-1.1
2025-11-18,078000,,1.09,-0.4,-0.2,0.6
2025-11-19,078000,,1.07,0.1,-0.0,-0.1
2025-11-20,078000,,1.08,0.0,0.1,-0.1
2025-11-21,078000,,1.08,-0.1,0.1,-0.0
2025-11-24,078000,,1.07,-0.3,-0.4,0.7
2025-11-25,078000,,1.05,0.4,0.0,-0.5
2025-11-26,078000,,1.08,0.6,0.1,-0.7
2025-11-27,078000,,1.12,0.7,0.6,-1.3
2025-11-28,078000,16300.0,1.17,0.3,-0.5,0.2
2025-12-01,078000,,1.19,1.4,2.2,-3.5
2025-12-02,078000,,1.28,-0.0,-0.3,0.3
2025-12-03,078000,,1.28,-0.0,-0.3,0.3
2025-12-04,078000,,1.28,0.0,-0.2,0.1
2025-12-05,078000,,1.28,0.1,-0.1,0.0
2025-12-08,078000,,1.29,-0.4,-0.1,0.7
2025-12-09,078000,,1.26,0.4,-0.1,-0.3
2025-12-10,078000,,1.29,-0.5,-0.1,0.7
2025-12-11,078000,,1.25,0.2,-0.1,-0.1
2025-12-12,078000,,1.27,-0.0,-0.1,0.6
2025-12-15,078000,,1.27,1.3,-0.1,0.2
2025-12-16,078000,,1.36,-0.7,-0.1,1.2
2025-12-17,078000,,1.33,0.1,-0.3,1.5
2025-12-18,078000,,1.34,0.5,-0.1,0.2
2025-12-19,078000,,1.37,-0.2,-0.4,1.8
2025-12-22,078000,,1.36,0.3,0.7,1.7
2025-12-23,078000,,1.38,-0.3,-0.5,0.8
2025-12-24,078000,,1.36,1.1,0.1,-1.2
2025-12-26,078000,,1.44,2.1,-0.1,-2.1
2025-12-29,078000,,1.55,-0.2,-0.8,1.0
2025-12-30,078000,15320.0,1.53,0.2,0.0,-0.3
2026-01-02,078000,,1.53,-0.5,-0.1,0.6
2026-01-05,078000,,1.49,-0.3,-0.4,0.6
2026-01-06,078000,,1.47,-0.2,0.1,0.1
2026-01-07,078000,,1.46,-0.4,0.1,0.3
2026-01-08,078000,,1.43,-0.4,-0.0,0.4
2026-01-09,078000,,1.4,0.3,-0.0,-0.2
2026-01-12,078000,,1.41,-0.2,-0.0,0.2
2026-01-13,078000,,1.4,-0.0,-0.0,0.0
2026-01-14,078000,,1.53,0.3,-0.0,-0.3
2026-01-15,078000,,1.55,0.3,-0.0,-0.4
2026-01-16,078000,,1.58,-0.5,-0.0,0.5
2026-01-19,078000,,1.54,0.3,-0.3,0.0
2026-01-20,078000,,1.56,1.2,-0.0,-1.2
2026-01-21,078000,,1.64,-0.2,-0.0,0.2
2026-01-22,078000,,1.63,0.1,-0.0,-0.1
2026-01-23,078000,,1.63,2.3,-0.0,-2.3
2026-01-26,078000,,1.79,0.3,-0.1,-0.3
2026-01-27,078000,,1.81,-0.2,-0.1,0.2
2026-01-28,078000,,1.8,-0.1,0.0,0.1
2026-01-29,078000,,1.79,-0.5,-0.0,0.5
2026-01-30,078000,15300.0,1.76,-1.5,-0.0,1.5
2026-02-02,078000,,1.65,-0.1,0.0,0.1
2026-02-03,078000,,1.64,0.2,-0.0,-0.2
2026-02-04,078000,,1.66,-0.2,0.0,0.1
2026-02-05,078000,,1.65,-0.7,0.0,0.8
2026-02-06,078000,,1.6,-0.9,-0.0,1.0
2026-02-09,078000,,1.53,-0.2,-0.0,0.2
2026-02-10,078000,,1.52,0.1,-0.0,-0.0
2026-02-11,078000,,1.52,0.1,0.0,-0.2
2026-02-12,078000,,1.53,-0.0,-0.0,0.0
2026-02-13,078000,,1.54,2.0,-0.1,-1.9
2026-02-19,078000,,1.67,-0.0,-0.0,0.0
2026-02-20,078000,,1.67,0.9,-0.0,-0.9
2026-02-23,078000,,1.73,1.5,-0.8,-0.6
2026-02-24,078000,,1.82,-4.4,0.0,4.1
2026-02-25,078000,,1.65,-10.7,-0.2,10.9
2026-02-26,078000,,1.26,-3.8,0.0,3.8
2026-02-27,078000,19000.0,1.27,0.6,0.6,-1.0
2026-03-03,078000,,1.3,3.3,0.3,-3.5
2026-03-04,078000,,1.35,3.8,0.6,-4.4
2026-03-05,078000,,1.59,2.9,-0.2,-2.7
2026-03-06,078000,,1.77,1.5,-1.0,-0.5
2026-03-09,078000,,1.86,0.5,0.0,-0.5
2026-03-10,078000,,1.89,-0.2,-0.1,0.4
2026-03-11,078000,,1.88,-1.3,-0.6,1.9
2026-03-12,078000,,1.8,-5.5,0.3,5.2
2026-03-13,078000,,1.49,-6.6,0.0,6.7
2026-03-16,078000,,1.12,0.6,0.2,-0.8
2026-03-17,078000,,1.15,0.0,-0.0,-0.0
2026-03-18,078000,,1.15,0.7,-0.0,-0.7
2026-03-19,078000,,1.2,-0.0,0.0,0.0
2026-03-20,078000,,1.19,0.3,0.0,-0.3
2026-03-23,078000,,1.21,0.8,0.0,-0.8
2026-03-24,078000,,1.25,0.4,-0.1,-0.3
2026-03-25,078000,,1.27,2.0,-0.2,-1.8
2026-03-26,078000,,1.39,-0.4,0.0,0.4
2026-03-27,078000,,1.37,0.1,0.0,-0.1
2026-03-30,078000,,1.38,-0.2,0.0,0.2
2026-03-31,078000,16550.0,1.36,0.2,0.0,-0.3
2026-04-01,078000,,1.38,0.4,-0.0,-0.4
2026-04-02,078000,,1.4,0.5,-0.0,-0.4
2026-04-03,078000,,1.43,0.3,-0.0,-0.3
2026-04-06,078000,,1.45,0.2,-0.0,-0.2
2026-04-07,078000,,1.46,0.0,-0.0,-0.0
2026-04-08,078000,,1.46,0.5,-0.0,-0.5
2026-04-09,078000,,1.49,-0.3,-0.0,0.3
2026-04-10,078000,,1.48,0.5,-0.0,-0.5
2026-04-13,078000,,1.51,-0.3,0.0,0.2
2026-04-14,078000,,1.49,0.5,-0.0,-0.5
2026-04-15,078000,,1.52,0.2,-0.0,-0.2
2026-04-16,078000,,1.53,0.3,-0.0,-0.3
2026-04-17,078000,,1.55,-0.2,0.2,-0.0
2026-04-20,078000,,1.54,-0.1,-0.2,0.3
2026-04-21,078000,,1.54,-0.2,-0.0,0.2
2026-04-22,078000,,1.52,0.1,-0.0,-0.0
2026-04-23,078000,,1.52,0.0,-0.0,-0.0
2026-04-24,078000,,1.53,0.2,0.1,-0.3
2026-04-27,078000,,1.54,-0.3,-0.0,0.4
2026-04-28,078000,,1.52,-0.1,0.0,0.1
2026-04-29,078000,,1.37,-0.1,0.0,0.1
2026-04-30,078000,16900.0,1.37,-0.1,-0.0,0.1
2026-05-04,078000,,1.36,-0.3,0.2,0.1
2026-05-06,078000,,1.34,-0.2,-0.0,0.2
2026-05-07,078000,,1.33,0.1,-0.0,-0.1
2026-05-08,078000,,1.34,-0.0,0.1,-0.0
2026-05-11,078000,,1.34,-0.5,-0.0,0.5
2026-05-12,078000,,1.33,0.0,-0.1,-0.1
2026-05-13,078000,,1.33,0.5,-0.7,0.2
2026-05-14,078000,,1.37,0.6,-0.1,-0.6
2026-05-15,078000,,1.42,-0.5,0.0,0.6
2026-05-18,078000,,1.38,0.1,-0.0,-0.0
2026-05-19,078000,,1.34,0.1,0.0,-0.1
2026-05-20,078000,,1.39,0.0,0.0,-0.1
2026-05-21,078000,,1.45,-0.9,0.0,0.9
2026-05-22,078000,,1.38,0.1,-0.0,-0.1
2026-05-26,078000,,1.39,0.3,0.0,-0.4
2026-05-27,078000,,1.41,-0.3,-0.0,0.3
2026-05-28,078000,,1.39,-0.0,0.0,0.0
2026-05-29,078000,14190.0,1.39,-0.2,-0.2,0.4
2026-06-01,078000,,1.37,-0.2,-0.0,0.2
2026-06-02,078000,,1.36,0.4,0.0,-0.4
2026-06-04,078000,,1.38,0.0,0.0,-0.1
2026-06-05,078000,,1.39,0.1,0.0,-0.1
2026-06-08,078000,,1.39,-0.2,0.0,0.2
2026-06-09,078000,,1.37,-0.2,-0.0,0.2
2026-06-10,078000,,1.36,-0.0,0.0,0.0
2026-06-11,078000,,1.36,0.1,-0.2,0.0
2026-06-12,078000,,1.37,0.1,0.0,-0.1
2026-06-15,078000,,1.37,-0.2,-0.0,0.2
2026-06-16,078000,,1.36,0.1,-0.0,-0.1
2026-06-17,078000,,1.37,-0.1,-0.0,0.1
2026-06-18,078000,,1.36,-0.2,-0.1,0.3
2026-06-19,078000,,1.34,-0.2,-0.0,0.2
2026-06-22,078000,,1.33,-0.2,-0.0,0.2
2026-06-23,078000,,1.31,0.0,-0.3,0.2
2026-06-24,078000,,1.31,0.2,0.0,-0.2
2026-06-25,078000,,1.33,0.0,-0.0,-0.0
2026-06-26,078000,,1.33,0.3,0.0,-0.3
2026-06-29,078000,,1.36,0.2,0.0,-0.2
2026-06-30,078000,13060.0,1.37,-0.1,-0.0,0.0
2026-07-01,078000,,1.37,2.5,0.0,-3.2
2026-07-02,078000,,1.57,-0.2,0.0,0.1
2026-07-03,078000,,1.55,0.9,0.0,-0.9
2026-07-06,078000,,1.63,0.1,-0.0,-0.1
2026-07-07,078000,,1.63,0.3,-0.1,-0.3
2026-07-08,078000,,1.66,-0.0,0.0,0.0
2026-07-09,078000,,1.66,-0.2,0.0,0.2
2026-07-10,078000,,1.65,-0.1,-0.0,0.1
2026-07-13,078000,12560.0,1.64,-0.5,0.0,0.5
2025-07-14,078020,,2.29,-14.7,3.1,12.8
2025-07-15,078020,,1.88,-9.6,0.7,8.7
2025-07-16,078020,,1.69,-0.5,1.4,0.6
2025-07-17,078020,,1.67,-1.2,0.1,-0.3
2025-07-18,078020,,1.63,0.7,0.4,-0.9
2025-07-21,078020,,1.67,-1.3,0.1,1.2
2025-07-22,078020,,1.63,-4.2,-0.1,4.6
2025-07-23,078020,,1.49,-2.0,-0.4,2.4
2025-07-24,078020,,1.43,2.0,-0.7,0.2
2025-07-25,078020,,1.5,-1.0,0.0,1.0
2025-07-28,078020,,1.47,1.4,-4.0,2.4
2025-07-29,078020,,1.52,-1.5,0.2,1.2
2025-07-30,078020,,1.46,-1.0,0.0,1.0
2025-07-31,078020,,1.43,0.7,0.0,-0.7
2025-08-01,078020,,1.45,-0.9,0.0,1.2
2025-08-04,078020,,1.42,-0.2,0.0,0.2
2025-08-05,078020,,1.41,-0.5,-0.1,0.6
2025-08-06,078020,,1.4,1.0,0.0,0.8
2025-08-07,078020,,1.43,-0.2,0.0,0.2
2025-08-08,078020,,1.42,0.8,-0.0,-0.8
2025-08-11,078020,,1.45,0.7,0.0,-0.7
2025-08-12,078020,,1.48,0.8,0.0,-0.8
2025-08-13,078020,,1.51,-0.8,0.0,0.8
2025-08-14,078020,,1.48,-0.7,-0.0,0.7
2025-08-18,078020,,1.45,2.2,-0.0,-2.1
2025-08-19,078020,,1.53,-0.8,0.0,0.8
2025-08-20,078020,,1.5,0.9,-0.2,-0.7
2025-08-21,078020,,1.53,-0.3,-0.9,1.2
2025-08-22,078020,,1.52,-0.1,-0.0,0.1
2025-08-25,078020,,1.52,0.8,0.0,-0.8
2025-08-26,078020,,1.73,-0.4,0.0,2.1
2025-08-27,078020,,1.8,-0.5,0.0,0.5
2025-08-28,078020,,1.78,1.3,0.0,-1.3
2025-08-29,078020,5060.0,1.83,0.6,0.0,-0.6
2025-09-01,078020,,1.95,-0.3,-0.0,0.3
2025-09-02,078020,,1.76,-0.4,0.0,0.3
2025-09-03,078020,,1.87,-0.6,0.0,0.6
2025-09-04,078020,,1.76,0.4,0.0,-0.4
2025-09-05,078020,,1.78,-0.1,-0.0,0.1
2025-09-08,078020,,1.7,2.6,0.0,-2.5
2025-09-09,078020,,1.79,2.8,-0.0,-2.9
2025-09-10,078020,,1.89,1.3,-0.0,-1.6
2025-09-11,078020,,1.93,-0.4,-0.0,0.6
2025-09-12,078020,,1.92,-0.5,-0.0,0.2
2025-09-15,078020,,1.9,0.6,0.0,-0.6
2025-09-16,078020,,1.92,-1.0,-0.0,1.0
2025-09-17,078020,,1.89,0.4,-0.0,-0.4
2025-09-18,078020,,1.9,-0.3,0.0,0.3
2025-09-19,078020,,1.89,-0.4,0.0,0.4
2025-09-22,078020,,1.88,-0.2,0.0,0.2
2025-09-23,078020,,1.87,-0.7,-0.0,0.7
2025-09-24,078020,,1.83,0.7,0.0,-0.9
2025-09-25,078020,,1.86,-0.1,-0.0,0.5
2025-09-26,078020,,1.85,2.0,-0.0,-2.0
2025-09-29,078020,,1.86,0.1,-0.0,-0.1
2025-09-30,078020,5160.0,1.86,-1.9,2.2,-0.3
2025-10-01,078020,,1.79,0.6,0.0,-0.6
2025-10-02,078020,,1.81,0.2,0.2,-0.4
2025-10-10,078020,,1.82,-0.0,-0.2,0.2
2025-10-13,078020,,1.81,-0.3,0.1,0.1
2025-10-14,078020,,1.8,0.6,-0.9,0.3
2025-10-15,078020,,1.82,1.0,-0.0,-1.0
2025-10-16,078020,,1.86,0.4,0.0,-0.4
2025-10-17,078020,,1.86,-0.5,-1.0,0.8
2025-10-20,078020,,1.84,2.1,0.5,-2.5
2025-10-21,078020,,1.91,0.6,-0.2,-0.3
2025-10-22,078020,,1.93,-0.4,-0.4,0.8
2025-10-23,078020,,1.92,-0.6,-0.3,0.4
2025-10-24,078020,,1.87,-0.3,0.1,0.1
2025-10-27,078020,,1.87,0.9,-0.7,-0.1
2025-10-28,078020,,1.9,-0.4,-0.4,0.8
2025-10-29,078020,,1.89,-0.3,0.1,-0.2
2025-10-30,078020,,1.85,0.1,-0.3,-0.7
2025-10-31,078020,5490.0,1.86,-0.3,-0.2,0.5
2025-11-03,078020,,1.85,1.1,1.5,-2.6
2025-11-04,078020,,1.88,-2.0,-0.3,2.3
2025-11-05,078020,,1.81,0.8,0.1,-0.9
2025-11-06,078020,,1.84,0.8,-0.1,-0.7
2025-11-07,078020,,1.87,-1.2,0.0,1.1
2025-11-10,078020,,1.83,3.9,-0.9,-3.3
2025-11-11,078020,,1.89,-1.1,-0.3,1.2
2025-11-12,078020,,1.85,2.4,0.4,-2.8
2025-11-13,078020,,1.93,-1.0,-0.2,1.1
2025-11-14,078020,,1.9,-5.7,-0.3,6.0
2025-11-17,078020,,1.7,-0.9,0.2,0.6
2025-11-18,078020,,1.67,-4.0,-0.2,4.0
2025-11-19,078020,,1.64,0.3,0.2,1.1
2025-11-20,078020,,1.77,0.5,-0.1,-0.4
2025-11-21,078020,,1.78,-0.6,-0.1,0.7
2025-11-24,078020,,1.76,-0.9,0.1,0.8
2025-11-25,078020,,1.73,-0.6,0.0,0.3
2025-11-26,078020,,1.71,0.5,-0.0,-0.5
2025-11-27,078020,,1.73,-0.1,-0.0,0.1
2025-11-28,078020,4765.0,1.72,-0.0,0.1,-0.1
2025-12-01,078020,,1.72,-0.5,-0.1,0.5
2025-12-02,078020,,1.72,-0.1,0.1,0.0
2025-12-03,078020,,1.71,-0.1,-0.0,0.1
2025-12-04,078020,,1.71,-0.6,-0.1,0.7
2025-12-05,078020,,1.69,0.2,0.1,0.1
2025-12-08,078020,,1.7,0.9,-0.5,-0.7
2025-12-09,078020,,1.73,0.6,-0.9,0.2
2025-12-10,078020,,1.75,-0.1,0.0,-0.0
2025-12-11,078020,,1.75,0.6,-0.1,-0.0
2025-12-12,078020,,1.77,0.8,0.1,-1.2
2025-12-15,078020,,1.8,0.1,-0.2,0.3
2025-12-16,078020,,1.81,-0.1,-0.1,0.2
2025-12-17,078020,,1.92,-0.4,-0.0,0.3
2025-12-18,078020,,1.91,0.1,0.0,-0.3
2025-12-19,078020,,1.91,1.3,0.1,-1.2
2025-12-22,078020,,1.96,0.3,-0.1,0.3
2025-12-23,078020,,1.97,0.5,0.0,-0.5
2025-12-24,078020,,2.1,0.4,-0.1,-0.3
2025-12-26,078020,,2.06,0.0,0.1,-0.1
2025-12-29,078020,,2.01,0.2,0.1,-0.2
2025-12-30,078020,4800.0,2.02,-0.2,-0.1,0.3
2026-01-02,078020,,1.95,-0.6,-0.0,0.4
2026-01-05,078020,,1.92,0.9,0.2,-1.1
2026-01-06,078020,,1.95,2.4,0.1,-2.5
2026-01-07,078020,,2.11,-0.6,-0.2,0.9
2026-01-08,078020,,2.09,-1.5,0.0,1.5
2026-01-09,078020,,2.03,-0.6,-0.1,0.6
2026-01-12,078020,,2.01,0.4,0.0,-0.7
2026-01-13,078020,,2.02,0.2,0.0,-0.3
2026-01-14,078020,,2.03,1.3,0.0,-1.4
2026-01-15,078020,,2.08,1.0,0.4,-0.9
2026-01-16,078020,,2.12,0.3,-0.1,-1.0
2026-01-19,078020,,2.13,0.6,-0.3,0.5
2026-01-20,078020,,2.15,1.9,0.2,-1.6
2026-01-21,078020,,2.21,-3.5,-0.3,3.4
2026-01-22,078020,,2.09,0.6,0.5,-1.2
2026-01-23,078020,,2.11,1.6,2.7,-4.2
2026-01-26,078020,,2.17,-0.5,-0.2,1.4
2026-01-27,078020,,2.13,0.7,-0.8,-1.0
2026-01-28,078020,,2.17,0.5,-0.8,0.1
2026-01-29,078020,,2.19,6.1,5.3,-11.3
2026-01-30,078020,5700.0,2.4,0.8,-0.4,-0.4
2026-02-02,078020,,2.42,6.9,-1.7,-6.5
2026-02-03,078020,,2.64,3.3,1.4,-4.1
2026-02-04,078020,,2.75,4.7,-0.2,-4.2
2026-02-05,078020,,2.89,1.1,1.4,-0.8
2026-02-06,078020,,2.93,-1.1,1.3,-2.2
2026-02-09,078020,,2.9,-7.8,-2.8,10.3
2026-02-10,078020,,2.66,0.8,-2.2,1.2
2026-02-11,078020,,2.69,4.2,-3.1,-1.3
2026-02-12,078020,,2.81,3.3,-0.3,-2.9
2026-02-13,078020,,2.91,38.9,2.1,-39.7
2026-02-19,078020,,3.84,-61.8,-5.8,67.5
2026-02-20,078020,,2.6,-4.7,0.9,3.0
2026-02-23,078020,,2.52,-14.7,-2.9,16.3
2026-02-24,078020,,2.11,-5.4,1.0,4.2
2026-02-25,078020,,1.99,-10.8,0.5,12.7
2026-02-26,078020,,1.77,-12.1,-1.5,13.3
2026-02-27,078020,8060.0,1.67,-2.3,-0.6,2.7
2026-03-03,078020,,1.77,8.4,0.2,-8.6
2026-03-04,078020,,2.07,9.1,0.7,-8.0
2026-03-05,078020,,2.35,6.8,-0.4,-6.4
2026-03-06,078020,,2.52,-0.7,-0.6,1.3
2026-03-09,078020,,2.5,2.2,0.7,-3.0
2026-03-10,078020,,2.56,0.9,-0.8,-0.1
2026-03-11,078020,,2.55,-0.9,-0.1,1.0
2026-03-12,078020,,2.55,0.5,0.2,-1.9
2026-03-13,078020,,2.63,-2.4,-0.2,2.5
2026-03-16,078020,,2.56,1.1,-0.0,-1.1
2026-03-17,078020,,2.6,5.2,1.9,-6.8
2026-03-18,078020,,2.72,-7.3,0.1,7.1
2026-03-19,078020,,2.38,0.8,-0.3,0.8
2026-03-20,078020,,2.39,14.9,3.7,-18.1
2026-03-23,078020,,2.72,-5.9,-1.8,7.5
2026-03-24,078020,,2.58,-4.6,0.2,4.3
2026-03-25,078020,,2.47,-8.3,-0.0,8.0
2026-03-26,078020,,2.29,-7.1,-0.2,6.8
2026-03-27,078020,,2.11,-0.3,0.1,0.2
2026-03-30,078020,,2.1,3.0,-0.1,-3.1
2026-03-31,078020,6680.0,2.18,2.8,0.3,-2.8
2026-04-01,078020,,2.26,3.7,0.1,-3.8
2026-04-02,078020,,2.36,-5.9,-0.2,6.1
2026-04-03,078020,,2.2,1.1,-0.0,-1.1
2026-04-06,078020,,2.23,-1.1,-0.0,1.2
2026-04-07,078020,,2.2,-0.4,0.0,0.2
2026-04-08,078020,,2.19,11.4,-0.0,-11.3
2026-04-09,078020,,2.47,-1.8,0.1,1.7
2026-04-10,078020,,2.41,3.7,2.2,-5.8
2026-04-13,078020,,2.51,-2.0,0.3,1.7
2026-04-14,078020,,2.46,1.8,-0.4,-1.4
2026-04-15,078020,,2.5,2.7,-0.0,-2.9
2026-04-16,078020,,2.57,0.7,-0.4,-0.1
2026-04-17,078020,,2.58,2.0,-0.5,-1.3
2026-04-20,078020,,2.63,2.7,1.5,-4.0
2026-04-21,078020,,2.69,1.4,-0.0,-1.5
2026-04-22,078020,,2.73,2.8,0.1,-2.9
2026-04-23,078020,,2.79,1.7,-0.1,-2.3
2026-04-24,078020,,2.83,6.0,0.3,-6.2
2026-04-27,078020,,2.97,3.3,-0.2,-2.4
2026-04-28,078020,,3.07,4.1,0.9,-4.9
2026-04-29,078020,,3.16,4.6,-0.1,-4.4
2026-04-30,078020,7840.0,3.27,5.3,0.9,-6.3
2026-05-04,078020,,3.39,-1.0,-1.1,2.4
2026-05-06,078020,,3.37,-3.7,0.3,0.7
2026-05-07,078020,,3.29,-5.1,-1.9,9.4
2026-05-08,078020,,3.18,0.7,0.3,-0.5
2026-05-11,078020,,3.2,-5.1,0.2,5.5
2026-05-12,078020,,3.09,4.1,1.1,-5.3
2026-05-13,078020,,3.18,0.9,-0.4,-0.4
2026-05-14,078020,,3.2,-2.5,-0.2,2.5
2026-05-15,078020,,3.14,2.0,0.3,-2.0
2026-05-18,078020,,2.69,0.2,-0.1,-0.4
2026-05-19,078020,,2.63,-0.2,-0.6,1.2
2026-05-20,078020,,2.63,2.5,-0.4,-2.2
2026-05-21,078020,,2.81,0.1,-0.9,0.8
2026-05-22,078020,,2.87,-0.1,-0.5,0.5
2026-05-26,078020,,2.7,-2.9,-0.4,3.2
2026-05-27,078020,,2.6,1.5,-1.8,-0.7
2026-05-28,078020,,2.64,-1.1,0.0,0.5
2026-05-29,078020,6860.0,2.62,-0.3,-0.1,0.5
2026-06-01,078020,,2.61,1.9,-3.0,1.2
2026-06-02,078020,,2.66,2.7,-0.0,-2.6
2026-06-04,078020,,2.73,-1.8,0.0,1.8
2026-06-05,078020,,2.7,4.8,11.1,-15.7
2026-06-08,078020,,2.85,-5.6,2.9,2.6
2026-06-09,078020,,2.69,-2.3,-3.0,5.3
2026-06-10,078020,,2.62,0.2,0.0,-0.2
2026-06-11,078020,,2.63,-1.5,0.0,1.4
2026-06-12,078020,,2.59,4.2,0.2,-4.4
2026-06-15,078020,,2.7,-2.6,-0.2,2.8
2026-06-16,078020,,2.63,0.5,2.3,-3.1
2026-06-17,078020,,2.64,-0.2,-0.0,0.2
2026-06-18,078020,,2.64,-0.6,0.1,0.5
2026-06-19,078020,,2.62,-2.1,-0.1,2.4
2026-06-22,078020,,2.56,1.8,0.1,-1.9
2026-06-23,078020,,2.68,0.5,1.0,-1.4
2026-06-24,078020,,2.63,-1.2,-0.1,1.3
2026-06-25,078020,,2.59,-0.4,-0.0,0.5
2026-06-26,078020,,2.58,-3.9,0.0,3.8
2026-06-29,078020,,2.46,0.4,-0.0,-0.4
2026-06-30,078020,6630.0,2.47,-10.3,0.0,9.8
2026-07-01,078020,,2.18,-0.8,0.1,3.0
2026-07-02,078020,,2.16,-1.7,2.2,-0.4
2026-07-03,078020,,2.13,-0.7,-0.5,1.2
2026-07-06,078020,,2.12,-4.0,-0.5,4.8
2026-07-07,078020,,2.01,0.4,-0.0,-0.4
2026-07-08,078020,,2.03,-0.1,0.0,0.1
2026-07-09,078020,,2.02,-2.7,-0.1,2.8
2026-07-10,078020,,1.95,1.6,0.0,-1.7
2026-07-13,078020,6550.0,1.99,-0.0,-0.0,0.1
2025-07-14,078070,,3.38,0.2,0.0,-1.1
2025-07-15,078070,,3.28,-0.1,-0.0,0.1
2025-07-16,078070,,3.26,-0.1,-0.0,0.1
2025-07-17,078070,,3.23,0.1,-0.0,-0.1
2025-07-18,078070,,3.24,-0.1,-0.0,0.1
2025-07-21,078070,,3.23,-0.0,0.0,0.0
2025-07-22,078070,,3.23,-0.0,0.0,0.0
2025-07-23,078070,,3.23,-0.0,0.0,0.1
2025-07-24,078070,,3.23,-0.1,-0.0,0.1
2025-07-25,078070,,3.22,-0.1,-0.0,-1.2
2025-07-28,078070,,3.22,-0.0,-0.0,0.1
2025-07-29,078070,,3.21,0.1,-0.0,-0.1
2025-07-30,078070,,3.22,0.1,-0.0,-0.1
2025-07-31,078070,,3.23,0.0,0.0,-0.0
2025-08-01,078070,,3.23,-0.1,0.0,0.0
2025-08-04,078070,,3.23,0.1,-0.0,-0.1
2025-08-05,078070,,3.23,-0.0,0.0,0.0
2025-08-06,078070,,3.23,0.2,-0.0,-0.2
2025-08-07,078070,,3.24,0.0,0.0,-0.0
2025-08-08,078070,,3.24,0.0,-0.0,-0.0
2025-08-11,078070,,3.25,0.0,0.0,0.1
2025-08-12,078070,,3.25,0.1,0.0,-0.2
2025-08-13,078070,,3.25,0.1,0.1,-0.1
2025-08-14,078070,,3.26,0.0,0.1,-0.1
2025-08-18,078070,,3.26,-0.0,0.1,-0.1
2025-08-19,078070,,3.26,-0.0,0.1,-0.1
2025-08-20,078070,,3.25,0.3,0.2,-10.1
2025-08-21,078070,,3.07,0.0,0.0,-0.1
2025-08-22,078070,,3.01,-0.1,0.0,0.1
2025-08-25,078070,,2.96,-0.1,0.0,0.1
2025-08-26,078070,,2.94,-0.1,0.0,0.1
2025-08-27,078070,,2.93,0.3,0.0,-10.0
2025-08-28,078070,,2.68,-0.9,-0.0,0.9
2025-08-29,078070,10020.0,2.37,0.2,0.0,-0.2
2025-09-01,078070,,2.32,0.4,-0.0,-10.1
2025-09-02,078070,,2.12,4.0,0.0,-4.0
2025-09-03,078070,,2.1,0.2,-0.0,-0.1
2025-09-04,078070,,2.02,-0.1,0.0,-5.8
2025-09-05,078070,,1.86,0.4,-0.0,-0.4
2025-09-08,078070,,1.85,0.6,-0.0,-0.6
2025-09-09,078070,,1.88,0.8,-0.0,-0.8
2025-09-10,078070,,1.9,0.7,0.0,-1.3
2025-09-11,078070,,1.89,-0.1,-0.0,0.1
2025-09-12,078070,,1.89,0.1,0.0,-4.0
2025-09-15,078070,,1.84,0.2,-0.0,-0.2
2025-09-16,078070,,1.73,0.4,0.0,-0.4
2025-09-17,078070,,1.72,0.9,-0.0,-0.9
2025-09-18,078070,,1.56,3.2,-0.0,-3.1
2025-09-19,078070,,1.72,-1.0,0.0,1.0
2025-09-22,078070,,1.67,0.3,0.0,-0.3
2025-09-23,078070,,1.69,0.3,0.0,-0.3
2025-09-24,078070,,1.7,-0.1,-0.0,0.1
2025-09-25,078070,,1.7,-0.6,-0.0,0.6
2025-09-26,078070,,1.67,0.9,-0.0,-0.9
2025-09-29,078070,,1.72,-0.2,-0.0,0.2
2025-09-30,078070,10700.0,1.7,-0.4,0.0,0.4
2025-10-01,078070,,1.68,-0.0,-0.0,0.0
2025-10-02,078070,,1.68,0.6,0.0,-0.6
2025-10-10,078070,,1.71,2.3,0.0,-2.3
2025-10-13,078070,,1.83,2.0,-0.0,-1.9
2025-10-14,078070,,1.93,0.8,0.0,-0.8
2025-10-15,078070,,1.97,2.1,-0.0,-2.1
2025-10-16,078070,,2.08,0.9,-0.0,-0.9
2025-10-17,078070,,2.12,-0.8,0.0,0.8
2025-10-20,078070,,2.08,-1.8,-0.0,1.8
2025-10-21,078070,,1.99,-0.7,0.0,0.7
2025-10-22,078070,,1.96,0.0,0.0,-0.0
2025-10-23,078070,,1.96,-0.3,-0.0,0.3
2025-10-24,078070,,1.94,0.3,-0.0,-0.3
2025-10-27,078070,,1.96,1.3,-0.0,-1.4
2025-10-28,078070,,2.03,0.9,0.0,-1.0
2025-10-29,078070,,2.08,0.6,-0.2,-0.5
2025-10-30,078070,,2.11,-0.1,-0.0,0.1
2025-10-31,078070,10720.0,2.11,-0.4,-0.2,0.6
2025-11-03,078070,,2.09,-0.2,-0.5,0.6
2025-11-04,078070,,2.07,0.4,-0.4,0.1
2025-11-05,078070,,2.09,-0.4,0.0,0.4
2025-11-06,078070,,2.07,-0.3,-0.0,0.3
2025-11-07,078070,,2.06,0.8,-1.0,0.2
2025-11-10,078070,,2.1,-0.0,0.0,0.0
2025-11-11,078070,,2.06,-0.3,0.2,0.2
2025-11-12,078070,,2.04,1.0,0.0,-1.1
2025-11-13,078070,,2.1,1.2,0.0,-1.2
2025-11-14,078070,,2.16,2.8,0.0,-2.8
2025-11-17,078070,,2.31,1.6,-0.0,-1.6
2025-11-18,078070,,2.39,-0.4,-0.0,0.4
2025-11-19,078070,,2.37,-0.5,0.0,0.5
2025-11-20,078070,,2.35,-0.1,0.0,0.1
2025-11-21,078070,,2.34,0.0,-0.0,0.0
2025-11-24,078070,,2.34,0.3,0.0,-0.3
2025-11-25,078070,,2.36,0.1,-0.0,-1.7
2025-11-26,078070,,2.36,3.0,-0.0,-3.3
2025-11-27,078070,,2.53,0.5,-0.0,-0.5
2025-11-28,078070,10600.0,2.55,0.4,-0.0,-0.4
2025-12-01,078070,,2.58,0.7,-0.0,-0.7
2025-12-02,078070,,2.63,-0.1,-0.0,0.1
2025-12-03,078070,,2.63,0.6,0.0,-0.6
2025-12-04,078070,,2.66,-0.4,0.0,0.4
2025-12-05,078070,,2.64,-0.3,-0.0,0.3
2025-12-08,078070,,2.62,-0.3,0.0,0.3
2025-12-09,078070,,2.6,-0.5,-0.0,0.5
2025-12-10,078070,,2.58,-0.0,0.0,0.0
2025-12-11,078070,,2.58,-0.9,-0.0,0.9
2025-12-12,078070,,2.53,-1.0,-0.0,1.0
2025-12-15,078070,,2.47,-0.2,0.0,0.2
2025-12-16,078070,,2.46,-0.5,0.0,0.5
2025-12-17,078070,,2.58,-0.2,0.0,0.2
2025-12-18,078070,,2.55,-0.3,-0.0,0.3
2025-12-19,078070,,2.54,-1.3,0.0,-0.6
2025-12-22,078070,,2.47,0.2,-0.0,-0.2
2025-12-23,078070,,2.48,-0.1,-0.0,-1.0
2025-12-24,078070,,2.47,0.3,-0.0,-0.3
2025-12-26,078070,,2.49,0.3,0.0,-0.3
2025-12-29,078070,,2.38,-0.1,-0.0,0.1
2025-12-30,078070,10800.0,2.37,0.2,-0.0,-0.2
2026-01-02,078070,,2.39,0.0,-0.0,-0.0
2026-01-05,078070,,2.39,0.5,0.0,-0.5
2026-01-06,078070,,2.42,-0.1,0.0,0.1
2026-01-07,078070,,2.54,-0.1,0.0,0.1
2026-01-08,078070,,2.54,-0.1,-0.4,0.5
2026-01-09,078070,,2.53,-0.3,-0.0,-0.4
2026-01-12,078070,,2.52,-0.3,0.0,0.1
2026-01-13,078070,,2.54,-0.4,0.0,0.4
2026-01-14,078070,,2.51,-0.6,-0.0,0.7
2026-01-15,078070,,2.48,-0.7,0.0,0.7
2026-01-16,078070,,2.44,-0.8,-0.3,1.1
2026-01-19,078070,,2.4,-0.2,0.0,0.2
2026-01-20,078070,,2.39,-0.3,0.0,0.3
2026-01-21,078070,,2.37,0.3,0.1,-0.4
2026-01-22,078070,,2.39,-0.4,0.1,0.3
2026-01-23,078070,,2.37,-0.2,-0.1,0.2
2026-01-26,078070,,2.36,0.8,-0.2,-0.6
2026-01-27,078070,,2.4,0.1,-0.0,-0.0
2026-01-28,078070,,2.41,0.5,-0.0,-0.5
2026-01-29,078070,,2.43,0.6,-0.0,-0.6
2026-01-30,078070,10790.0,2.46,0.3,0.0,-0.4
2026-02-02,078070,,2.48,1.4,-0.0,-1.3
2026-02-03,078070,,2.55,0.1,-0.0,-0.0
2026-02-04,078070,,2.56,0.7,-0.0,-0.6
2026-02-05,078070,,2.59,-0.2,-0.0,0.2
2026-02-06,078070,,2.59,-0.0,0.0,0.0
2026-02-09,078070,,2.59,0.9,0.0,-0.9
2026-02-10,078070,,2.63,1.5,0.0,-1.5
2026-02-11,078070,,2.71,0.3,-0.0,-0.3
2026-02-12,078070,,2.72,-0.1,0.0,0.1
2026-02-13,078070,,2.71,-0.3,0.0,0.3
2026-02-19,078070,,2.7,1.0,-0.0,0.8
2026-02-20,078070,,2.75,1.1,0.0,-1.3
2026-02-23,078070,,2.8,1.1,-0.8,1.6
2026-02-24,078070,,2.84,-2.7,0.0,2.8
2026-02-25,078070,,2.71,-0.1,0.0,0.9
2026-02-26,078070,,2.71,0.2,-0.0,-0.8
2026-02-27,078070,11870.0,2.72,0.0,0.0,-0.0
2026-03-03,078070,,2.72,1.7,0.0,-1.0
2026-03-04,078070,,2.8,2.2,0.9,-3.2
2026-03-05,078070,,2.92,7.7,1.6,-5.3
2026-03-06,078070,,3.33,4.6,0.0,-4.3
2026-03-09,078070,,3.56,2.4,-0.2,-2.2
2026-03-10,078070,,3.69,1.3,-0.0,-1.3
2026-03-11,078070,,3.64,2.2,-1.4,-0.9
2026-03-12,078070,,3.74,-29.6,-9.9,38.9
2026-03-13,078070,,2.58,-6.7,-0.1,6.6
2026-03-16,078070,,2.3,-1.8,-5.5,7.2
2026-03-17,078070,,2.23,-4.2,-3.8,7.4
2026-03-18,078070,,2.12,0.4,-6.9,6.4
2026-03-19,078070,,2.28,-9.0,-1.6,10.4
2026-03-20,078070,,1.99,-6.7,0.0,6.5
2026-03-23,078070,,1.74,5.0,0.1,-5.1
2026-03-24,078070,,2.02,4.7,0.3,-5.1
2026-03-25,078070,,2.21,9.2,-9.1,0.3
2026-03-26,078070,,2.53,1.3,0.7,-0.9
2026-03-27,078070,,2.57,-14.4,0.3,13.9
2026-03-30,078070,,2.08,-9.2,0.2,8.5
2026-03-31,078070,14530.0,1.77,-2.9,-0.8,3.7
2026-04-01,078070,,1.7,5.3,0.0,-5.9
2026-04-02,078070,,1.89,5.4,0.0,-5.7
2026-04-03,078070,,2.1,-5.5,-0.2,5.6
2026-04-06,078070,,1.9,0.1,0.0,-0.1
2026-04-07,078070,,1.9,-11.7,0.0,11.5
2026-04-08,078070,,1.52,24.0,-0.1,-23.1
2026-04-09,078070,,2.3,-13.1,0.0,12.9
2026-04-10,078070,,1.86,0.4,0.0,-0.4
2026-04-13,078070,,1.88,-3.5,2.4,1.0
2026-04-14,078070,,1.76,7.3,0.0,-8.0
2026-04-15,078070,,1.97,-12.1,-0.7,13.5
2026-04-16,078070,,1.6,-6.0,0.0,6.7
2026-04-17,078070,,1.48,-5.2,0.0,5.4
2026-04-20,078070,,1.32,-0.3,-0.4,0.3
2026-04-21,078070,,1.31,-1.6,0.0,1.3
2026-04-22,078070,,1.26,-1.7,0.0,2.2
2026-04-23,078070,,1.21,1.2,-0.0,-1.0
2026-04-24,078070,,1.26,0.5,-0.0,-0.6
2026-04-27,078070,,1.28,-2.8,0.0,3.1
2026-04-28,078070,,1.18,0.2,-0.0,-0.6
2026-04-29,078070,,1.15,0.2,0.0,0.2
2026-04-30,078070,15440.0,1.18,-0.4,0.0,0.3
2026-05-04,078070,,1.23,1.6,0.1,-1.3
2026-05-06,078070,,1.29,1.7,0.0,-2.0
2026-05-07,078070,,1.38,-1.8,0.0,1.8
2026-05-08,078070,,1.37,1.4,-0.0,-0.8
2026-05-11,078070,,1.42,0.4,0.0,-0.5
2026-05-12,078070,,1.43,7.7,-0.0,-7.5
2026-05-13,078070,,1.75,-4.6,-0.0,4.5
2026-05-14,078070,,1.58,-2.7,-0.0,2.7
2026-05-15,078070,,1.47,2.1,0.0,-2.1
2026-05-18,078070,,1.55,0.7,0.0,-0.7
2026-05-19,078070,,1.58,5.5,0.0,-5.5
2026-05-20,078070,,1.46,3.9,0.3,-4.2
2026-05-21,078070,,1.57,0.7,-0.4,-0.3
2026-05-22,078070,,1.68,1.2,0.9,-2.2
2026-05-26,078070,,1.73,-1.0,0.0,0.9
2026-05-27,078070,,1.69,3.0,-0.0,-3.1
2026-05-28,078070,,1.67,2.8,0.0,-2.7
2026-05-29,078070,12050.0,1.78,0.5,-0.0,-0.3
2026-06-01,078070,,1.76,2.7,-0.1,-2.6
2026-06-02,078070,,1.9,2.7,-0.3,-2.4
2026-06-04,078070,,1.97,0.5,0.0,-0.5
2026-06-05,078070,,2.0,3.0,-0.0,-3.0
2026-06-08,078070,,2.19,-0.4,-0.0,0.4
2026-06-09,078070,,2.24,-0.1,-0.0,0.1
2026-06-10,078070,,2.23,-0.5,-0.0,0.4
2026-06-11,078070,,2.2,1.3,-0.4,-1.2
2026-06-12,078070,,2.28,-0.4,0.0,0.4
2026-06-15,078070,,2.26,-1.5,0.0,1.4
2026-06-16,078070,,2.17,-0.2,0.0,0.1
2026-06-17,078070,,2.15,0.4,-0.2,-0.4
2026-06-18,078070,,2.18,0.4,-0.2,-0.4
2026-06-19,078070,,2.2,0.3,-0.0,-0.2
2026-06-22,078070,,2.25,-1.2,0.0,1.2
2026-06-23,078070,,2.18,3.1,0.0,-3.1
2026-06-24,078070,,2.29,2.4,0.0,-2.4
2026-06-25,078070,,2.44,0.2,0.0,-0.2
2026-06-26,078070,,2.45,0.5,0.0,-0.5
2026-06-29,078070,,2.44,2.0,-0.0,-1.9
2026-06-30,078070,8220.0,2.47,-0.3,0.0,0.3
2026-07-01,078070,,2.4,-0.3,-0.0,0.3
2026-07-02,078070,,2.37,0.6,-0.0,-0.6
2026-07-03,078070,,2.41,0.4,-0.0,-0.4
2026-07-06,078070,,2.43,-0.6,0.0,0.1
2026-07-07,078070,,2.39,-0.3,0.0,-0.3
2026-07-08,078070,,2.35,0.2,0.0,-1.5
2026-07-09,078070,,2.36,-0.3,-0.0,0.0
2026-07-10,078070,,2.33,-0.3,0.0,0.2
2026-07-13,078070,7980.0,2.31,-1.1,-0.3,1.0
2025-07-14,078130,,0.84,,,
2025-07-15,078130,,0.84,,,
2025-07-16,078130,,0.84,,,
2025-07-17,078130,,0.84,,,
2025-07-18,078130,,0.84,,,
2025-07-21,078130,,0.84,-11.1,-2.5,4.7
2025-07-22,078130,,0.66,-3.9,1.9,4.1
2025-07-23,078130,,0.6,-14.1,1.8,21.4
2025-07-24,078130,,0.43,-7.9,-1.1,8.6
2025-07-25,078130,,0.34,-2.7,-2.0,4.8
2025-07-28,078130,,0.28,0.6,0.2,-1.2
2025-07-29,078130,,0.29,-1.2,-0.2,1.4
2025-07-30,078130,,0.27,0.0,0.0,-0.0
2025-07-31,078130,,0.27,0.1,-0.1,-0.1
2025-08-01,078130,,0.27,0.9,,-0.9
2025-08-04,078130,,0.28,-0.4,0.0,0.4
2025-08-05,078130,,0.28,-0.5,0.0,0.3
2025-08-06,078130,,0.27,1.4,-0.0,-1.2
2025-08-07,078130,,0.29,-2.0,0.0,1.6
2025-08-08,078130,,0.26,-0.2,0.0,0.7
2025-08-11,078130,,0.26,-0.4,0.0,0.4
2025-08-12,078130,,0.25,0.2,0.1,-0.3
2025-08-13,078130,,0.26,0.8,0.0,-0.9
2025-08-14,078130,,0.28,-0.8,0.0,0.8
2025-08-18,078130,,0.26,0.5,0.0,-0.5
2025-08-19,078130,,0.27,-1.1,0.0,1.1
2025-08-20,078130,,0.25,1.5,0.0,-1.5
2025-08-21,078130,,0.29,-4.0,0.0,3.6
2025-08-22,078130,,0.23,-2.0,-0.2,2.5
2025-08-25,078130,,0.2,0.7,0.0,-0.7
2025-08-26,078130,,0.21,-1.5,-0.0,1.6
2025-08-27,078130,,0.18,0.3,0.0,-0.3
2025-08-28,078130,,0.19,0.1,0.0,-0.2
2025-08-29,078130,483.0,0.19,-0.0,0.0,0.0
2025-09-01,078130,,0.18,-0.7,0.0,0.6
2025-09-02,078130,,0.17,0.9,-0.0,-0.9
2025-09-03,078130,,0.18,0.0,0.0,-0.1
2025-09-04,078130,,0.18,0.7,0.0,-0.7
2025-09-05,078130,,0.19,-0.0,0.0,0.0
2025-09-08,078130,,0.19,-0.4,0.0,0.3
2025-09-09,078130,,0.18,1.5,0.0,-1.5
2025-09-10,078130,,0.21,0.3,-0.0,-0.3
2025-09-11,078130,,0.22,-0.5,0.0,0.5
2025-09-12,078130,,0.21,-0.3,0.0,0.3
2025-09-15,078130,,0.2,1.4,0.0,-1.4
2025-09-16,078130,,0.23,-0.4,0.0,0.4
2025-09-17,078130,,0.22,-0.6,,0.6
2025-09-18,078130,,0.21,0.5,0.0,-0.5
2025-09-19,078130,,0.22,-0.7,0.0,0.8
2025-09-22,078130,,0.21,0.2,0.0,-0.2
2025-09-23,078130,,0.21,-2.4,-0.0,2.3
2025-09-24,078130,,0.17,-0.7,0.0,0.7
2025-09-25,078130,,0.15,-0.3,0.0,0.3
2025-09-26,078130,,0.15,0.3,0.0,-0.3
2025-09-29,078130,,0.15,0.5,0.0,-0.5
2025-09-30,078130,441.0,0.16,0.4,0.0,-0.4
2025-10-01,078130,,0.17,-0.1,0.0,0.1
2025-10-02,078130,,0.17,0.9,0.0,-0.9
2025-10-10,078130,,0.19,-0.0,0.0,0.0
2025-10-13,078130,,0.19,0.7,0.0,-0.7
2025-10-14,078130,,0.2,0.8,0.0,-0.8
2025-10-15,078130,,0.22,1.4,0.0,-1.4
2025-10-16,078130,,0.27,-1.7,0.0,1.7
2025-10-17,078130,,0.23,0.1,0.0,0.0
2025-10-20,078130,,0.28,0.8,0.0,-0.9
2025-10-21,078130,,0.32,0.2,0.0,-0.2
2025-10-22,078130,,0.33,-1.7,-0.0,1.5
2025-10-23,078130,,0.31,1.1,0.0,-1.0
2025-10-24,078130,,0.33,0.0,0.0,0.2
2025-10-27,078130,,0.33,-0.3,0.0,0.2
2025-10-28,078130,,0.33,-0.5,0.0,0.5
2025-10-29,078130,,0.32,-0.0,0.0,0.0
2025-10-30,078130,,0.32,-0.8,0.0,0.7
2025-10-31,078130,381.0,0.3,-1.1,0.0,1.2
2025-11-03,078130,,0.27,-0.2,0.5,-0.3
2025-11-04,078130,,0.27,0.7,0.0,-0.8
2025-11-05,078130,,0.29,1.4,0.0,-1.4
2025-11-06,078130,,0.32,0.5,0.0,-0.5
2025-11-07,078130,,0.33,-0.1,0.0,0.2
2025-11-10,078130,,0.33,0.4,0.0,-0.4
2025-11-11,078130,,0.34,-0.5,0.0,0.4
2025-11-12,078130,,0.33,1.1,0.0,-1.1
2025-11-13,078130,,0.36,0.6,0.0,-0.6
2025-11-14,078130,,0.36,-0.0,0.0,0.1
2025-11-17,078130,,0.36,-1.4,0.0,1.4
2025-11-18,078130,,0.33,-0.9,0.0,0.9
2025-11-19,078130,,0.31,0.1,0.0,-0.1
2025-11-20,078130,,0.33,1.8,0.0,-1.8
2025-11-21,078130,,0.37,-1.1,0.0,1.1
2025-11-24,078130,,0.34,0.5,0.0,-0.5
2025-11-25,078130,,0.36,-0.1,0.0,0.1
2025-11-26,078130,,0.35,1.8,0.0,-1.8
2025-11-27,078130,,0.4,-0.1,-0.0,0.1
2025-11-28,078130,379.0,0.4,0.8,0.0,-0.8
2025-12-01,078130,,0.42,-0.3,0.9,-0.6
2025-12-02,078130,,0.4,-0.1,0.0,0.1
2025-12-03,078130,,0.4,-0.3,0.0,0.3
2025-12-04,078130,,0.39,-0.2,0.0,0.2
2025-12-05,078130,,0.39,-0.2,0.0,0.2
2025-12-08,078130,,0.38,-0.3,0.0,0.2
2025-12-09,078130,,0.38,-0.3,0.0,0.3
2025-12-10,078130,,0.37,-0.2,0.0,0.2
2025-12-11,078130,,0.36,-0.7,-0.8,1.5
2025-12-12,078130,,0.35,-0.2,0.0,0.1
2025-12-15,078130,,0.34,-0.9,0.0,0.8
2025-12-16,078130,,0.32,-0.0,-0.0,0.0
2025-12-17,078130,,0.32,0.0,0.0,-0.0
2025-12-18,078130,,0.32,-0.3,-0.0,0.3
2025-12-19,078130,,0.27,0.1,0.0,-0.1
2025-12-22,078130,,0.27,0.9,-0.0,-0.9
2025-12-23,078130,,0.29,-0.3,0.0,0.3
2025-12-24,078130,,0.24,-0.2,0.0,0.2
2025-12-26,078130,,0.24,-0.1,0.0,0.1
2025-12-29,078130,,0.24,-0.3,0.0,0.3
2025-12-30,078130,348.0,0.23,-0.2,0.0,0.2
2026-01-02,078130,,0.23,-0.1,0.0,0.1
2026-01-05,078130,,0.22,-0.2,0.0,0.2
2026-01-06,078130,,0.22,-0.0,0.0,0.0
2026-01-07,078130,,0.25,0.0,0.0,-0.0
2026-01-08,078130,,0.25,-0.2,-0.0,0.1
2026-01-09,078130,,0.24,0.0,0.0,-0.1
2026-01-12,078130,,0.24,0.1,0.0,-0.1
2026-01-13,078130,,0.24,-0.4,0.0,0.4
2026-01-14,078130,,0.25,0.5,0.0,-0.4
2026-01-15,078130,,0.26,0.3,0.0,-0.4
2026-01-16,078130,,0.27,-0.1,0.0,0.1
2026-01-19,078130,,0.26,0.2,0.0,-0.2
2026-01-20,078130,,0.27,0.2,0.0,-0.2
2026-01-21,078130,,0.27,-0.1,0.0,0.2
2026-01-22,078130,,0.26,-0.6,0.0,0.6
2026-01-23,078130,,0.25,0.1,0.0,-0.1
2026-01-26,078130,,0.25,0.7,0.0,-0.7
2026-01-27,078130,,0.27,0.8,0.0,-0.8
2026-01-28,078130,,0.29,1.0,-0.0,-0.9
2026-01-29,078130,,0.32,2.1,0.0,-2.1
2026-01-30,078130,360.0,0.36,-0.2,0.0,0.2
2026-02-02,078130,,0.36,-0.3,0.0,0.4
2026-02-03,078130,,0.35,-0.4,0.0,0.5
2026-02-04,078130,,0.34,1.4,0.0,-1.4
2026-02-05,078130,,0.37,1.0,0.0,-1.0
2026-02-06,078130,,0.4,-0.2,0.0,0.2
2026-02-09,078130,,0.39,0.5,0.0,-0.4
2026-02-10,078130,,0.4,0.8,0.0,-0.8
2026-02-11,078130,,0.42,0.2,0.0,-0.2
2026-02-12,078130,,0.43,-0.6,0.0,0.7
2026-02-13,078130,,0.41,-2.5,0.0,2.5
2026-02-19,078130,,0.35,-0.5,0.1,0.4
2026-02-20,078130,,0.33,0.3,0.0,-0.3
2026-02-23,078130,,0.34,0.6,0.0,-0.6
2026-02-24,078130,,0.36,0.1,0.0,-0.1
2026-02-25,078130,,0.36,0.1,0.0,-0.1
2026-02-26,078130,,0.36,-0.2,0.0,0.3
2026-02-27,078130,311.0,0.36,0.3,0.0,-0.3
2026-03-03,078130,,0.36,0.5,0.0,-0.4
2026-03-04,078130,,0.38,0.8,0.1,-0.9
2026-03-05,078130,,0.41,0.1,0.0,-0.1
2026-03-06,078130,,0.41,0.0,0.0,-0.0
2026-03-09,078130,,0.41,0.0,0.1,-0.1
2026-03-10,078130,,0.41,-0.1,0.2,-0.0
2026-03-11,078130,,0.39,-0.2,0.1,0.1
2026-03-12,078130,,0.38,0.8,0.0,-0.8
2026-03-13,078130,,0.4,0.3,0.2,-0.5
2026-03-16,078130,,0.41,1.0,0.1,-1.1
2026-03-17,078130,,0.44,0.4,0.0,-0.4
2026-03-18,078130,,0.46,-0.7,0.2,0.1
2026-03-19,078130,,0.43,-0.5,-0.0,0.5
2026-03-20,078130,,0.42,0.5,-0.1,-0.4
2026-03-23,078130,,0.43,0.7,0.0,-0.7
2026-03-24,078130,,0.45,-0.4,0.0,0.4
2026-03-25,078130,,0.44,1.1,0.0,-1.1
2026-03-26,078130,,0.47,-2.1,-0.8,2.9
2026-03-27,078130,,0.42,-0.6,,0.5
2026-03-30,078130,,0.4,-0.8,0.3,0.5
2026-03-31,078130,315.0,0.38,-0.1,0.2,-0.1
2026-04-01,078130,,0.38,0.3,-0.0,-0.3
2026-04-02,078130,,0.39,0.1,0.0,-0.1
2026-04-03,078130,,0.39,0.4,,-0.4
2026-04-06,078130,,0.4,-0.2,0.0,0.2
2026-04-07,078130,,0.39,0.0,0.1,-0.2
2026-04-08,078130,,0.4,0.5,0.0,-0.5
2026-04-09,078130,,0.41,0.2,0.0,-0.2
2026-04-10,078130,,0.41,1.3,0.1,-1.4
2026-04-13,078130,,0.45,-0.1,0.2,0.1
2026-04-14,078130,,0.45,0.9,0.1,-1.0
2026-04-15,078130,,0.48,-0.7,0.1,0.6
2026-04-16,078130,,0.47,-9.8,0.3,9.6
2026-04-17,078130,,0.28,0.4,0.1,-0.5
2026-04-20,078130,,0.29,-1.1,0.3,0.6
2026-04-21,078130,,0.26,4.7,-0.4,-4.4
2026-04-22,078130,,0.36,-6.6,-0.5,7.3
2026-04-23,078130,,0.3,-6.1,0.0,6.4
2026-04-24,078130,,0.2,-2.1,0.0,2.3
2026-04-27,078130,,0.16,-0.2,0.6,-0.6
2026-04-28,078130,,0.18,,,
2026-04-29,078130,,0.18,,,
2026-04-30,078130,436.0,0.18,,,
2026-05-04,078130,,0.18,,,
2026-05-06,078130,,0.18,,,
2026-05-07,078130,,0.18,,,
2026-05-08,078130,,0.18,,,
2026-05-11,078130,,0.18,,,
2026-05-12,078130,,0.18,,,
2026-05-13,078130,,0.18,,,
2026-05-14,078130,,0.18,,,
2026-05-15,078130,,0.18,,,
2026-05-18,078130,,0.18,,,
2026-05-19,078130,,0.18,,,
2026-05-20,078130,,0.0,-0.6,0.2,0.6
2026-05-21,078130,,0.0,-2.0,1.6,0.3
2026-05-22,078130,,0.0,1.5,0.9,-3.0
2026-05-26,078130,,0.0,1.3,0.6,-2.5
2026-05-27,078130,,0.0,-1.9,2.2,0.3
2026-05-28,078130,,0.0,0.8,1.4,-2.4
2026-05-29,078130,3495.0,0.0,-1.1,1.4,-0.2
2026-06-01,078130,,0.0,0.6,0.9,-1.5
2026-06-02,078130,,0.0,0.8,1.3,-2.3
2026-06-04,078130,,0.0,-0.9,1.1,0.0
2026-06-05,078130,,0.0,0.6,1.7,-2.3
2026-06-08,078130,,0.0,0.3,0.4,-0.7
2026-06-09,078130,,0.0,0.1,0.9,-0.9
2026-06-10,078130,,0.0,-0.1,1.6,-1.3
2026-06-11,078130,,0.0,-0.3,1.1,-0.7
2026-06-12,078130,,0.0,-1.8,2.2,-0.3
2026-06-15,078130,,0.0,0.8,0.2,-1.8
2026-06-16,078130,,0.0,-0.8,1.5,-0.6
2026-06-17,078130,,0.0,-0.3,1.2,-0.9
2026-06-18,078130,,0.0,-2.1,0.4,1.6
2026-06-19,078130,,0.0,-0.0,0.2,-0.2
2026-06-22,078130,,0.0,0.3,1.7,-2.0
2026-06-23,078130,,0.0,-0.6,1.0,-0.4
2026-06-24,078130,,0.0,-0.6,2.2,-1.6
2026-06-25,078130,,0.0,-0.3,0.7,-0.4
2026-06-26,078130,,0.0,-0.4,1.2,-0.9
2026-06-29,078130,,0.0,-0.9,0.9,-0.1
2026-06-30,078130,4005.0,0.0,-0.1,0.0,0.0
2026-07-01,078130,,0.0,-0.8,-0.1,0.7
2026-07-02,078130,,0.0,-0.1,1.5,-1.3
2026-07-03,078130,,0.0,-0.0,0.4,-0.4
2026-07-06,078130,,0.0,0.1,0.0,-0.1
2026-07-07,078130,,0.0,-0.2,0.9,-0.7
2026-07-08,078130,,0.0,-0.4,0.7,-0.4
2026-07-09,078130,,0.0,-0.5,0.3,0.2
2026-07-10,078130,,0.0,1.8,-1.3,-0.2
2026-07-13,078130,4005.0,0.0,1.1,1.2,-2.3
2025-07-14,078140,,3.01,-0.1,0.0,0.1
2025-07-15,078140,,3.04,1.7,-0.0,-1.7
2025-07-16,078140,,3.14,-2.2,0.1,2.1
2025-07-17,078140,,2.98,4.2,0.2,-4.7
2025-07-18,078140,,3.12,-1.5,1.2,0.2
2025-07-21,078140,,3.1,-1.0,,-0.5
2025-07-22,078140,,3.02,-1.9,-0.2,3.5
2025-07-23,078140,,2.87,-0.0,0.0,-0.0
2025-07-24,078140,,2.87,-0.9,,0.9
2025-07-25,078140,,2.78,-0.2,-0.0,0.0
2025-07-28,078140,,2.76,-0.5,0.0,0.5
2025-07-29,078140,,2.73,1.4,-0.0,-1.2
2025-07-30,078140,,2.79,-1.0,-0.0,1.0
2025-07-31,078140,,2.72,0.3,0.0,-0.3
2025-08-01,078140,,2.75,-3.6,-0.1,3.8
2025-08-04,078140,,2.47,0.4,,-0.4
2025-08-05,078140,,2.5,1.9,,-1.9
2025-08-06,078140,,2.66,0.7,,-0.6
2025-08-07,078140,,2.71,1.2,,-1.2
2025-08-08,078140,,2.82,0.4,,-0.4
2025-08-11,078140,,2.82,0.1,0.0,-0.1
2025-08-12,078140,,2.84,-0.0,,0.0
2025-08-13,078140,,2.81,1.4,,-1.5
2025-08-14,078140,,2.91,0.2,,-0.2
2025-08-18,078140,,2.92,0.3,-0.0,-0.2
2025-08-19,078140,,2.94,0.2,,-0.3
2025-08-20,078140,,2.96,-1.0,,0.9
2025-08-21,078140,,2.87,0.4,-0.0,-0.4
2025-08-22,078140,,2.91,-0.0,,0.0
2025-08-25,078140,,2.92,-1.0,,1.0
2025-08-26,078140,,2.9,0.2,,-0.2
2025-08-27,078140,,2.93,-0.1,,0.1
2025-08-28,078140,,2.88,0.4,0.0,-0.7
2025-08-29,078140,13110.0,2.91,-0.6,,0.3
2025-09-01,078140,,2.86,-0.6,,-2.0
2025-09-02,078140,,2.86,0.5,,0.3
2025-09-03,078140,,2.91,-4.1,-0.0,5.6
2025-09-04,078140,,2.57,1.7,,-1.8
2025-09-05,078140,,2.69,-0.1,,0.1
2025-09-08,078140,,2.7,3.1,0.0,-3.1
2025-09-09,078140,,2.93,0.1,,-0.1
2025-09-10,078140,,2.94,0.6,0.0,-1.6
2025-09-11,078140,,2.98,-0.0,,0.0
2025-09-12,078140,,2.98,0.5,,-0.5
2025-09-15,078140,,3.02,-0.6,,0.6
2025-09-16,078140,,2.95,-0.0,,0.0
2025-09-17,078140,,2.94,-0.4,-0.0,0.4
2025-09-18,078140,,2.91,-0.2,,0.2
2025-09-19,078140,,2.91,0.5,,-0.5
2025-09-22,078140,,2.96,0.8,,-0.8
2025-09-23,078140,,3.05,-1.1,0.0,1.1
2025-09-24,078140,,2.97,-1.0,0.0,1.0
2025-09-25,078140,,2.88,-0.5,,0.5
2025-09-26,078140,,2.71,-1.0,,1.0
2025-09-29,078140,,2.64,0.9,,-0.9
2025-09-30,078140,13100.0,2.72,0.4,,-0.4
2025-10-01,078140,,2.75,0.2,,-0.2
2025-10-02,078140,,2.77,0.8,0.0,-0.8
2025-10-10,078140,,2.84,-0.6,,0.6
2025-10-13,078140,,2.78,-1.0,,0.9
2025-10-14,078140,,2.7,-0.1,0.0,0.0
2025-10-15,078140,,2.69,1.2,,-1.1
2025-10-16,078140,,2.82,0.4,,-0.4
2025-10-17,078140,,2.89,-0.2,0.0,0.2
2025-10-20,078140,,2.87,0.5,-0.0,-0.5
2025-10-21,078140,,2.92,0.1,,-0.1
2025-10-22,078140,,2.94,0.9,,-0.9
2025-10-23,078140,,3.02,0.7,0.0,-0.7
2025-10-24,078140,,3.06,-0.3,-0.0,0.3
2025-10-27,078140,,3.02,0.8,-0.1,-0.7
2025-10-28,078140,,3.1,-0.5,,0.5
2025-10-29,078140,,3.04,-1.1,,1.0
2025-10-30,078140,,2.93,0.1,-0.0,-0.1
2025-10-31,078140,12190.0,2.95,0.5,-0.0,-0.4
2025-11-03,078140,,2.99,0.3,,-0.3
2025-11-04,078140,,3.0,0.9,,-0.9
2025-11-05,078140,,3.06,-1.9,,1.9
2025-11-06,078140,,2.88,0.8,-0.1,-0.7
2025-11-07,078140,,2.97,-0.3,,0.3
2025-11-10,078140,,2.95,2.1,-0.2,-1.9
2025-11-11,078140,,2.95,-0.0,,0.0
2025-11-12,078140,,2.95,1.9,,-1.8
2025-11-13,078140,,3.15,0.7,,-0.6
2025-11-14,078140,,3.2,0.8,,-0.8
2025-11-17,078140,,3.27,-0.8,,0.8
2025-11-18,078140,,3.18,-0.7,0.0,0.7
2025-11-19,078140,,3.0,-0.1,0.0,0.1
2025-11-20,078140,,2.99,1.8,,-1.7
2025-11-21,078140,,3.2,-0.1,0.0,0.1
2025-11-24,078140,,3.2,-0.3,,0.3
2025-11-25,078140,,3.18,-0.4,,0.4
2025-11-26,078140,,3.15,1.3,0.0,-1.4
2025-11-27,078140,,3.33,0.1,,-0.1
2025-11-28,078140,12470.0,3.35,0.6,,-0.6
2025-12-01,078140,,3.41,0.3,0.0,-0.3
2025-12-02,078140,,3.42,0.4,,-0.4
2025-12-03,078140,,3.44,0.5,-0.0,-0.5
2025-12-04,078140,,3.5,0.0,0.0,-0.0
2025-12-05,078140,,3.49,0.3,,-0.3
2025-12-08,078140,,3.51,0.3,,-0.3
2025-12-09,078140,,3.53,-0.2,,0.2
2025-12-10,078140,,3.52,0.2,,-0.2
2025-12-11,078140,,3.56,-0.4,,0.5
2025-12-12,078140,,3.47,-0.9,,0.9
2025-12-15,078140,,3.39,-0.3,-0.0,0.3
2025-12-16,078140,,3.37,-0.1,,0.1
2025-12-17,078140,,3.35,1.4,0.1,-1.5
2025-12-18,078140,,3.45,-0.7,0.3,0.4
2025-12-19,078140,,3.41,0.6,0.0,-0.6
2025-12-22,078140,,3.44,-0.3,0.0,0.3
2025-12-23,078140,,3.4,-0.5,0.0,0.4
2025-12-24,078140,,3.39,-0.2,0.0,0.2
2025-12-26,078140,,3.35,0.8,-0.0,-0.8
2025-12-29,078140,,3.43,0.0,-0.0,0.0
2025-12-30,078140,11650.0,3.42,0.7,-0.0,-0.6
2026-01-02,078140,,3.46,1.6,-0.0,-1.5
2026-01-05,078140,,3.58,1.1,-0.0,-1.1
2026-01-06,078140,,3.69,0.3,-0.0,-0.3
2026-01-07,078140,,3.68,-1.2,0.0,1.1
2026-01-08,078140,,3.58,-0.5,,0.5
2026-01-09,078140,,3.54,0.2,,-0.3
2026-01-12,078140,,3.56,0.1,-0.0,-0.0
2026-01-13,078140,,3.64,-1.7,-0.0,1.6
2026-01-14,078140,,3.5,-0.2,-0.0,0.2
2026-01-15,078140,,3.49,0.5,-0.0,-0.5
2026-01-16,078140,,3.53,1.7,-0.0,-1.7
2026-01-19,078140,,3.67,0.4,-0.0,-0.4
2026-01-20,078140,,3.7,-2.9,-0.0,3.1
2026-01-21,078140,,3.48,1.2,-0.0,-1.3
2026-01-22,078140,,3.58,0.2,-0.0,-0.2
2026-01-23,078140,,3.59,0.1,-0.0,-0.2
2026-01-26,078140,,3.6,0.5,-0.0,-0.5
2026-01-27,078140,,3.64,0.6,-0.0,-0.8
2026-01-28,078140,,3.68,1.0,-0.0,-1.1
2026-01-29,078140,,3.76,1.1,-0.0,-1.0
2026-01-30,078140,12080.0,3.84,-0.2,,0.2
2026-02-02,078140,,3.82,-0.8,0.0,0.8
2026-02-03,078140,,3.76,0.2,0.0,-0.2
2026-02-04,078140,,3.77,0.8,0.0,-0.8
2026-02-05,078140,,3.83,0.4,0.0,-0.4
2026-02-06,078140,,3.86,-0.2,0.0,0.2
2026-02-09,078140,,3.84,1.5,-0.0,-1.7
2026-02-10,078140,,3.96,2.2,-0.0,-2.0
2026-02-11,078140,,4.12,-0.6,-0.0,0.6
2026-02-12,078140,,4.07,-0.2,-0.0,0.2
2026-02-13,078140,,4.06,-0.6,-0.0,0.6
2026-02-19,078140,,4.01,0.4,-0.1,-0.4
2026-02-20,078140,,4.04,0.1,,-0.1
2026-02-23,078140,,4.03,1.2,,-1.2
2026-02-24,078140,,4.13,0.8,-0.0,-0.8
2026-02-25,078140,,4.19,-1.0,,1.0
2026-02-26,078140,,4.11,-1.5,-0.0,1.5
2026-02-27,078140,11170.0,3.99,0.4,0.0,-0.4
2026-03-03,078140,,4.02,0.7,,-0.7
2026-03-04,078140,,4.08,-5.1,0.0,5.0
2026-03-05,078140,,3.62,1.6,,-1.6
2026-03-06,078140,,3.76,-0.1,,0.1
2026-03-09,078140,,3.75,-0.6,-0.1,0.7
2026-03-10,078140,,3.6,0.6,-0.1,-0.5
2026-03-11,078140,,3.65,-0.5,,0.6
2026-03-12,078140,,3.61,0.2,-0.0,-0.2
2026-03-13,078140,,3.63,-0.0,-0.1,0.1
2026-03-16,078140,,3.63,-0.6,-0.0,0.6
2026-03-17,078140,,3.58,0.7,-0.0,-0.7
2026-03-18,078140,,3.64,-0.3,-0.0,0.3
2026-03-19,078140,,3.61,-0.5,-0.0,0.5
2026-03-20,078140,,3.56,0.4,-0.0,-0.4
2026-03-23,078140,,3.59,-0.9,-0.0,0.9
2026-03-24,078140,,3.51,0.3,-0.0,-0.3
2026-03-25,078140,,3.54,0.8,-0.0,-0.8
2026-03-26,078140,,3.61,1.7,-0.0,-1.7
2026-03-27,078140,,3.76,1.0,0.0,-1.0
2026-03-30,078140,,3.85,0.7,0.0,-0.7
2026-03-31,078140,9560.0,3.91,0.7,0.0,-0.7
2026-04-01,078140,,3.98,1.6,0.0,-1.6
2026-04-02,078140,,4.13,0.1,-0.0,-0.1
2026-04-03,078140,,4.14,0.3,-0.0,-0.3
2026-04-06,078140,,4.17,0.8,-0.0,-0.8
2026-04-07,078140,,4.24,-0.2,-0.0,0.2
2026-04-08,078140,,4.22,-0.6,-0.0,0.6
2026-04-09,078140,,4.17,-0.1,-0.0,0.1
2026-04-10,078140,,4.16,0.4,-0.0,-0.4
2026-04-13,078140,,4.2,0.3,-0.0,-0.3
2026-04-14,078140,,4.22,0.2,-0.0,-0.2
2026-04-15,078140,,4.24,-0.6,-0.0,0.6
2026-04-16,078140,,4.19,0.1,-0.0,-0.0
2026-04-17,078140,,4.2,-0.2,,0.2
2026-04-20,078140,,4.19,-0.1,-0.0,0.1
2026-04-21,078140,,4.18,-0.4,-0.0,0.4
2026-04-22,078140,,4.15,0.0,-0.0,0.0
2026-04-23,078140,,4.15,0.1,-0.0,-0.1
2026-04-24,078140,,4.15,-0.2,,0.3
2026-04-27,078140,,4.13,0.1,,-0.1
2026-04-28,078140,,4.14,-0.4,-0.0,0.4
2026-04-29,078140,,4.15,-1.0,,0.9
2026-04-30,078140,10880.0,4.09,-0.4,,0.4
2026-05-04,078140,,4.09,-1.2,,1.2
2026-05-06,078140,,4.0,-1.5,,1.5
2026-05-07,078140,,3.84,0.3,,-0.4
2026-05-08,078140,,3.87,-0.3,,0.3
2026-05-11,078140,,3.84,-0.6,0.0,0.6
2026-05-12,078140,,3.8,-0.0,-0.0,0.0
2026-05-13,078140,,3.83,0.4,-0.0,-0.4
2026-05-14,078140,,3.85,0.3,0.0,-0.4
2026-05-15,078140,,3.86,-0.6,0.0,0.6
2026-05-18,078140,,3.76,0.1,-0.0,-0.1
2026-05-19,078140,,3.76,-0.0,-0.0,0.0
2026-05-20,078140,,3.76,-0.4,0.0,0.3
2026-05-21,078140,,3.73,-0.3,-0.0,0.3
2026-05-22,078140,,3.7,0.9,-0.0,-1.0
2026-05-26,078140,,3.79,-0.5,0.0,0.7
2026-05-27,078140,,3.74,-1.1,-0.2,1.1
2026-05-28,078140,,3.64,-1.6,0.0,1.4
2026-05-29,078140,8930.0,3.49,-0.4,-0.0,0.4
2026-06-01,078140,,3.45,-0.2,-0.0,0.2
2026-06-02,078140,,3.42,0.6,-0.0,-0.7
2026-06-04,078140,,3.49,-0.1,-0.0,0.0
2026-06-05,078140,,3.47,0.3,0.0,-0.4
2026-06-08,078140,,3.51,0.0,-0.0,-0.1
2026-06-09,078140,,3.51,0.6,-0.0,-0.5
2026-06-10,078140,,3.57,0.2,-0.0,-0.1
2026-06-11,078140,,3.59,0.3,-0.0,-0.6
2026-06-12,078140,,3.63,0.4,0.0,-0.5
2026-06-15,078140,,3.67,-0.7,-0.0,0.7
2026-06-16,078140,,3.6,0.1,-0.0,-0.1
2026-06-17,078140,,3.61,0.3,-0.0,-0.3
2026-06-18,078140,,3.63,-0.1,-0.0,-0.1
2026-06-19,078140,,3.63,-0.0,-0.0,-0.1
2026-06-22,078140,,3.62,1.5,0.0,-1.6
2026-06-23,078140,,3.82,1.5,-0.0,-1.6
2026-06-24,078140,,3.99,1.0,0.0,-1.0
2026-06-25,078140,,4.11,0.3,-0.0,-0.3
2026-06-26,078140,,4.12,0.0,0.0,0.0
2026-06-29,078140,,4.12,1.0,-0.0,-1.1
2026-06-30,078140,7500.0,4.24,-0.0,-0.0,-0.0
2026-07-01,078140,,4.24,-0.0,0.0,-0.1
2026-07-02,078140,,4.23,0.4,-0.0,-0.4
2026-07-03,078140,,4.29,0.1,-0.0,-0.1
2026-07-06,078140,,4.3,0.8,0.0,-0.9
2026-07-07,078140,,4.4,0.4,0.0,-0.4
2026-07-08,078140,,4.44,0.0,-0.0,-0.1
2026-07-09,078140,,4.43,-0.1,-0.0,0.0
2026-07-10,078140,,4.42,-0.2,-0.0,0.2
2026-07-13,078140,7450.0,4.37,0.3,0.0,-0.4
2025-07-14,078150,,0.0,-3.8,-0.0,3.8
2025-07-15,078150,,0.0,2.0,0.0,-2.0
2025-07-16,078150,,0.0,-1.9,0.0,1.9
2025-07-17,078150,,0.0,0.4,-0.0,-0.4
2025-07-18,078150,,0.0,-0.5,0.0,0.8
2025-07-21,078150,,0.0,3.4,-0.0,-3.4
2025-07-22,078150,,0.0,-0.9,,1.9
2025-07-23,078150,,0.0,-2.3,-0.0,2.3
2025-07-24,078150,,0.0,-2.3,-0.0,2.3
2025-07-25,078150,,0.0,-1.7,-0.0,1.7
2025-07-28,078150,,0.0,0.5,-0.0,-0.4
2025-07-29,078150,,0.0,-0.0,-0.9,1.1
2025-07-30,078150,,0.0,2.3,-0.0,-2.2
2025-07-31,078150,,0.0,-0.4,-0.0,0.4
2025-08-01,078150,,0.0,-0.3,0.0,0.3
2025-08-04,078150,,0.0,2.7,-0.0,-2.7
2025-08-05,078150,,0.0,3.0,,-2.9
2025-08-06,078150,,0.0,2.1,-0.9,-1.2
2025-08-07,078150,,0.0,2.6,-0.0,-2.5
2025-08-08,078150,,0.0,5.2,0.0,-5.2
2025-08-11,078150,,0.23,1.2,-0.0,-1.2
2025-08-12,078150,,0.3,3.3,0.0,-3.3
2025-08-13,078150,,0.4,15.5,-0.0,-16.0
2025-08-14,078150,,1.24,-6.0,0.0,6.4
2025-08-18,078150,,0.91,-2.8,,2.8
2025-08-19,078150,,0.87,-3.2,-0.0,2.9
2025-08-20,078150,,0.58,-3.7,-0.0,3.7
2025-08-21,078150,,0.37,-2.6,,2.4
2025-08-22,078150,,0.4,-1.6,0.1,1.4
2025-08-25,078150,,0.24,1.7,0.1,-1.7
2025-08-26,078150,,0.27,0.7,-0.0,-0.7
2025-08-27,078150,,0.37,1.2,0.0,-1.2
2025-08-28,078150,,0.37,-0.7,-0.0,0.7
2025-08-29,078150,1805.0,0.33,0.1,-0.0,-0.0
2025-09-01,078150,,0.39,-1.6,,1.6
2025-09-02,078150,,0.17,0.9,-0.0,-0.8
2025-09-03,078150,,0.29,3.6,-0.0,-3.8
2025-09-04,078150,,0.5,5.9,-1.8,-4.2
2025-09-05,078150,,0.83,6.9,-0.0,-6.8
2025-09-08,078150,,1.22,5.2,-0.0,-4.6
2025-09-09,078150,,1.51,4.7,-0.0,-4.9
2025-09-10,078150,,1.66,5.2,-0.0,-4.7
2025-09-11,078150,,1.94,2.4,,-2.4
2025-09-12,078150,,2.01,6.4,-0.0,-6.4
2025-09-15,078150,,2.37,2.8,-0.0,-2.6
2025-09-16,078150,,2.52,3.4,-0.0,-3.5
2025-09-17,078150,,2.69,-2.9,-0.0,3.2
2025-09-18,078150,,2.51,5.2,0.3,-5.4
2025-09-19,078150,,2.73,-1.8,,1.7
2025-09-22,078150,,2.7,1.3,-0.0,-1.6
2025-09-23,078150,,2.63,1.7,-0.0,-2.1
2025-09-24,078150,,2.7,4.0,-0.0,-4.1
2025-09-25,078150,,2.78,-0.1,,0.1
2025-09-26,078150,,2.71,-0.2,,0.3
2025-09-29,078150,,2.51,3.9,-0.3,-3.5
2025-09-30,078150,2070.0,2.72,-2.3,-2.1,4.0
2025-10-01,078150,,2.6,9.5,0.0,-9.5
2025-10-02,078150,,3.09,1.3,-0.0,-1.3
2025-10-10,078150,,3.15,2.5,0.0,-2.4
2025-10-13,078150,,3.28,4.3,0.0,-4.2
2025-10-14,078150,,3.49,-5.7,,5.6
2025-10-15,078150,,3.2,2.6,-0.8,-1.8
2025-10-16,078150,,3.33,1.5,-0.0,-0.4
2025-10-17,078150,,3.41,-0.7,-0.0,0.7
2025-10-20,078150,,3.37,0.0,,0.6
2025-10-21,078150,,3.37,0.4,,0.4
2025-10-22,078150,,3.39,-20.5,-4.1,24.9
2025-10-23,078150,,2.32,6.5,,-6.4
2025-10-24,078150,,2.65,1.6,,-1.5
2025-10-27,078150,,2.73,8.7,-6.9,-1.3
2025-10-28,078150,,3.18,-38.5,0.0,38.5
2025-10-29,078150,,1.2,0.1,0.0,0.0
2025-10-30,078150,,1.18,-6.7,-0.0,6.7
2025-10-31,078150,1987.0,0.78,4.0,,-4.0
2025-11-03,078150,,1.0,39.9,,-40.4
2025-11-04,078150,,2.97,-12.0,0.0,12.5
2025-11-05,078150,,2.47,-18.8,0.0,18.8
2025-11-06,078150,,1.46,14.5,-0.0,-15.8
2025-11-07,078150,,2.07,-17.6,-0.0,17.7
2025-11-10,078150,,1.14,1.1,-0.7,-0.5
2025-11-11,078150,,1.12,11.9,-0.1,-11.7
2025-11-12,078150,,1.59,0.3,0.0,0.4
2025-11-13,078150,,1.69,-12.5,0.5,12.0
2025-11-14,078150,,1.01,-10.0,,9.9
2025-11-17,078150,,0.48,-9.6,,9.6
2025-11-18,078150,,0.0,-4.7,0.0,5.1
2025-11-19,078150,,0.0,-0.8,,0.8
2025-11-20,078150,,0.0,3.1,-0.0,-3.0
2025-11-21,078150,,0.1,-1.5,0.0,1.5
2025-11-24,078150,,0.02,-1.8,0.0,1.8
2025-11-25,078150,,0.0,-2.1,,2.1
2025-11-26,078150,,0.0,3.3,,-3.3
2025-11-27,078150,,0.0,2.2,0.0,-2.1
2025-11-28,078150,2000.0,0.1,10.5,0.0,-10.3
2025-12-01,078150,,0.67,6.4,0.0,-6.6
2025-12-02,078150,,1.05,8.8,-0.0,-8.3
2025-12-03,078150,,1.51,7.6,0.0,-7.0
2025-12-04,078150,,1.91,-1.0,-0.0,1.0
2025-12-05,078150,,1.85,-6.3,-0.0,6.7
2025-12-08,078150,,1.51,0.3,,-0.2
2025-12-09,078150,,1.52,-5.9,0.0,6.0
2025-12-10,078150,,1.2,-4.1,,4.1
2025-12-11,078150,,0.97,0.4,,-0.5
2025-12-12,078150,,0.99,-2.5,,2.5
2025-12-15,078150,,0.85,-1.4,0.0,1.6
2025-12-16,078150,,0.77,-6.7,,7.2
2025-12-17,078150,,0.63,-2.6,-0.0,2.5
2025-12-18,078150,,0.49,-1.3,0.0,1.4
2025-12-19,078150,,0.41,-1.0,,1.2
2025-12-22,078150,,0.35,2.6,-0.0,-2.7
2025-12-23,078150,,0.5,-3.5,0.0,3.5
2025-12-24,078150,,0.3,-1.7,0.0,1.6
2025-12-26,078150,,0.2,1.1,0.0,-1.0
2025-12-29,078150,,0.02,1.8,-0.0,-1.8
2025-12-30,078150,1857.0,0.12,-0.2,-0.0,0.2
2026-01-02,078150,,0.11,21.4,-0.0,-21.4
2026-01-05,078150,,1.29,4.0,-0.0,-4.0
2026-01-06,078150,,1.6,5.8,-0.0,-5.7
2026-01-07,078150,,1.94,2.2,-0.0,-2.2
2026-01-08,078150,,2.02,-1.2,-0.3,1.8
2026-01-09,078150,,1.96,-2.4,-0.0,2.6
2026-01-12,078150,,1.82,-0.3,-0.0,0.3
2026-01-13,078150,,1.83,-3.9,-0.0,4.6
2026-01-14,078150,,1.61,-2.6,-0.0,3.3
2026-01-15,078150,,1.46,-2.5,-0.0,2.7
2026-01-16,078150,,1.31,1.9,0.0,-1.6
2026-01-19,078150,,1.41,7.3,-0.0,-7.4
2026-01-20,078150,,1.81,10.8,-0.0,-10.9
2026-01-21,078150,,2.38,-3.4,0.0,3.4
2026-01-22,078150,,2.2,3.0,-0.0,-3.2
2026-01-23,078150,,2.36,4.3,-0.0,-4.0
2026-01-26,078150,,2.58,17.2,-0.0,-17.2
2026-01-27,078150,,3.47,-3.5,0.0,3.7
2026-01-28,078150,,3.29,11.8,-0.0,-11.5
2026-01-29,078150,,3.89,10.8,0.0,-8.0
2026-01-30,078150,2105.0,4.43,-9.0,-0.2,9.4
2026-02-02,078150,,3.9,2.9,-0.0,-2.9
2026-02-03,078150,,4.04,6.7,-0.0,-6.6
2026-02-04,078150,,4.38,7.6,,-7.8
2026-02-05,078150,,4.76,-9.7,0.0,10.1
2026-02-06,078150,,4.27,5.9,0.0,-5.6
2026-02-09,078150,,4.55,13.7,-0.0,-14.3
2026-02-10,078150,,5.24,-10.7,0.0,10.8
2026-02-11,078150,,4.22,-7.3,0.0,7.3
2026-02-12,078150,,3.84,-4.5,0.0,4.4
2026-02-13,078150,,3.59,-0.4,0.0,0.4
2026-02-19,078150,,3.57,8.1,-0.0,-8.9
2026-02-20,078150,,3.97,-6.0,0.0,5.7
2026-02-23,078150,,3.64,3.8,-0.0,-3.5
2026-02-24,078150,,3.83,15.2,-0.0,-15.3
2026-02-25,078150,,4.59,-14.2,-0.0,14.4
2026-02-26,078150,,3.87,11.1,3.7,-14.3
2026-02-27,078150,2110.0,4.42,-21.3,-1.5,22.9
2026-03-03,078150,,3.28,21.1,-2.6,-18.4
2026-03-04,078150,,4.34,-9.6,-0.0,9.7
2026-03-05,078150,,3.78,12.8,0.0,-12.8
2026-03-06,078150,,4.43,17.2,-0.0,-17.0
2026-03-09,078150,,5.34,-17.2,-0.1,17.2
2026-03-10,078150,,4.16,17.7,-0.0,-17.7
2026-03-11,078150,,5.1,14.9,-0.0,-14.9
2026-03-12,078150,,5.87,-5.5,-0.0,5.5
2026-03-13,078150,,5.58,8.5,-0.0,-8.6
2026-03-16,078150,,6.02,-1.9,-0.0,1.5
2026-03-17,078150,,5.92,9.0,0.0,-10.8
2026-03-18,078150,,6.37,5.0,,-5.9
2026-03-19,078150,,6.61,-0.5,0.3,0.1
2026-03-20,078150,,6.59,1.3,-0.3,-0.1
2026-03-23,078150,,6.65,-2.4,0.0,4.3
2026-03-24,078150,,6.54,-0.4,,0.2
2026-03-25,078150,,6.51,23.6,,-25.3
2026-03-26,078150,,7.59,-23.3,0.0,25.5
2026-03-27,078150,,6.49,-2.5,-0.0,2.6
2026-03-30,078150,,6.35,-0.2,,0.1
2026-03-31,078150,2005.0,6.34,-0.5,0.0,0.4
2026-04-01,078150,,6.3,5.2,0.0,-5.0
2026-04-02,078150,,6.56,-0.5,0.0,0.5
2026-04-03,078150,,6.53,2.1,-0.0,-3.0
2026-04-06,078150,,6.64,4.9,0.0,-5.2
2026-04-07,078150,,6.88,-9.0,,9.5
2026-04-08,078150,,6.43,30.0,0.5,-30.1
2026-04-09,078150,,7.87,-12.8,0.1,13.2
2026-04-10,078150,,7.25,24.6,0.5,-24.8
2026-04-13,078150,,8.36,-15.0,0.1,14.4
2026-04-14,078150,,7.69,-0.5,-1.0,1.5
2026-04-15,078150,,7.67,-2.9,0.0,2.6
2026-04-16,078150,,7.55,-22.4,1.0,21.4
2026-04-17,078150,,6.72,-17.9,,18.4
2026-04-20,078150,,5.98,-10.0,0.0,8.3
2026-04-21,078150,,5.57,-12.7,-1.3,14.1
2026-04-22,078150,,5.05,5.8,0.0,-4.8
2026-04-23,078150,,5.3,2.4,0.0,-2.8
2026-04-24,078150,,5.4,25.0,,-24.8
2026-04-27,078150,,6.4,-37.9,0.0,36.0
2026-04-28,078150,,5.06,-32.3,0.2,31.7
2026-04-29,078150,,3.84,-4.3,-0.2,4.6
2026-04-30,078150,2850.0,3.68,4.1,0.0,-4.2
2026-05-04,078150,,3.84,40.7,-0.0,-40.6
2026-05-06,078150,,5.26,42.2,-0.0,-38.3
2026-05-07,078150,,6.44,-50.1,-0.0,40.1
2026-05-08,078150,,5.35,-3.0,-0.0,3.4
2026-05-11,078150,,5.44,-81.1,0.1,85.1
2026-05-12,078150,,4.16,-23.4,0.0,17.9
2026-05-13,078150,,3.54,-1.0,-0.1,1.5
2026-05-14,078150,,3.54,7.3,0.0,-20.8
2026-05-15,078150,,3.96,26.2,0.0,-30.6
2026-05-18,078150,,4.67,-4.5,0.1,2.8
2026-05-19,078150,,4.49,-6.9,0.0,12.1
2026-05-20,078150,,4.31,7.9,-0.1,-9.8
2026-05-21,078150,,4.55,-4.7,0.0,4.9
2026-05-22,078150,,4.43,-5.6,-0.0,5.6
2026-05-26,078150,,4.31,-12.4,-0.0,5.6
2026-05-27,078150,,4.01,-48.4,0.0,60.4
2026-05-28,078150,,2.72,19.3,0.0,-19.2
2026-05-29,078150,3220.0,3.3,21.1,0.3,-20.9
2026-06-01,078150,,4.0,-7.3,-0.2,6.6
2026-06-02,078150,,3.87,5.5,0.0,-5.6
2026-06-04,078150,,4.04,-13.5,-0.0,13.4
2026-06-05,078150,,3.58,-1.2,0.0,1.2
2026-06-08,078150,,3.59,6.3,-0.0,-8.2
2026-06-09,078150,,3.83,-1.8,-0.0,3.0
2026-06-10,078150,,3.77,5.1,-0.0,-4.6
2026-06-11,078150,,4.0,0.0,-0.0,1.8
2026-06-12,078150,,4.02,-1.2,-0.0,1.3
2026-06-15,078150,,3.97,-5.5,0.0,5.6
2026-06-16,078150,,3.78,-4.0,0.0,4.0
2026-06-17,078150,,3.64,3.8,-0.0,-3.9
2026-06-18,078150,,3.78,8.2,-0.0,-8.5
2026-06-19,078150,,4.1,-51.2,0.0,51.4
2026-06-22,078150,,2.28,8.2,-0.0,-8.2
2026-06-23,078150,,2.63,-3.0,-0.0,3.2
2026-06-24,078150,,2.5,5.0,-0.0,-5.2
2026-06-25,078150,,2.75,3.1,-0.0,-2.9
2026-06-26,078150,,2.88,11.8,0.0,-11.7
2026-06-29,078150,,3.45,0.2,-0.0,-0.3
2026-06-30,078150,2260.0,3.52,-4.4,-0.0,4.5
2026-07-01,078150,,3.3,0.3,0.0,-1.3
2026-07-02,078150,,3.32,-6.7,0.0,7.5
2026-07-03,078150,,2.99,1.1,-0.0,-1.2
2026-07-06,078150,,3.06,-0.1,-0.0,-0.2
2026-07-07,078150,,2.68,-1.3,0.0,1.4
2026-07-08,078150,,2.6,2.0,-0.0,-2.0
2026-07-09,078150,,2.72,2.1,-0.0,-2.1
2026-07-10,078150,,2.83,1.3,-0.0,-1.2
2026-07-13,078150,1927.0,2.91,-3.9,0.0,5.5
2025-07-14,078160,,3.78,0.4,-0.0,-0.5
2025-07-15,078160,,3.79,-0.3,0.0,0.3
2025-07-16,078160,,3.82,-0.6,,0.6
2025-07-17,078160,,3.78,-0.6,-0.1,0.8
2025-07-18,078160,,3.75,-1.4,-1.6,2.9
2025-07-21,078160,,3.71,0.3,-0.0,-0.3
2025-07-22,078160,,3.71,0.5,-0.3,-0.3
2025-07-23,078160,,3.73,0.2,-0.2,0.8
2025-07-24,078160,,3.74,-3.1,-0.0,3.1
2025-07-25,078160,,3.66,-0.8,0.0,0.8
2025-07-28,078160,,3.63,-0.9,-0.0,0.9
2025-07-29,078160,,3.6,-0.4,-0.0,0.4
2025-07-30,078160,,3.59,0.1,-0.0,-0.1
2025-07-31,078160,,3.6,0.0,0.0,-0.0
2025-08-01,078160,,3.65,-0.8,-0.0,0.7
2025-08-04,078160,,3.62,1.5,-0.0,-1.5
2025-08-05,078160,,3.67,0.7,-0.1,-0.6
2025-08-06,078160,,3.69,0.7,0.0,-0.8
2025-08-07,078160,,3.7,-0.7,-0.1,0.8
2025-08-08,078160,,3.68,0.5,-0.2,-0.4
2025-08-11,078160,,3.71,-0.2,-0.0,0.2
2025-08-12,078160,,3.7,0.7,0.0,-0.6
2025-08-13,078160,,3.72,1.6,-1.6,0.1
2025-08-14,078160,,3.75,0.5,-0.7,0.2
2025-08-18,078160,,3.77,1.1,-0.0,-1.1
2025-08-19,078160,,3.81,-0.7,-0.0,0.7
2025-08-20,078160,,3.78,-0.7,0.0,0.7
2025-08-21,078160,,3.75,-0.8,-0.0,0.8
2025-08-22,078160,,3.73,0.1,0.0,-0.1
2025-08-25,078160,,3.73,-0.1,-0.5,0.6
2025-08-26,078160,,3.75,1.2,-0.0,-1.0
2025-08-27,078160,,3.81,0.3,0.0,-0.3
2025-08-28,078160,,3.78,0.4,-0.0,-0.7
2025-08-29,078160,10580.0,3.79,-0.5,-0.4,1.0
2025-09-01,078160,,3.78,-1.8,-0.2,1.9
2025-09-02,078160,,3.72,1.3,-0.3,-0.9
2025-09-03,078160,,3.78,6.4,0.1,-6.2
2025-09-04,078160,,3.98,1.9,-3.4,1.5
2025-09-05,078160,,4.05,13.2,-0.8,-12.6
2025-09-08,078160,,4.44,-3.4,2.3,0.9
2025-09-09,078160,,4.35,-1.8,,1.8
2025-09-10,078160,,4.28,0.4,-0.1,-0.3
2025-09-11,078160,,4.3,-0.2,0.0,0.3
2025-09-12,078160,,4.29,27.7,-0.2,-25.3
2025-09-15,078160,,4.95,-10.9,-1.0,12.0
2025-09-16,078160,,4.67,-6.8,-2.5,9.1
2025-09-17,078160,,4.5,-1.7,-0.0,1.6
2025-09-18,078160,,4.41,-2.3,0.0,2.3
2025-09-19,078160,,4.36,-1.7,0.0,1.6
2025-09-22,078160,,4.3,0.7,-0.0,-0.7
2025-09-23,078160,,4.34,-1.2,2.9,-0.5
2025-09-24,078160,,4.3,-4.0,1.0,4.0
2025-09-25,078160,,4.11,-6.4,3.0,3.4
2025-09-26,078160,,3.99,-1.8,,1.9
2025-09-29,078160,,3.95,-1.6,1.5,0.2
2025-09-30,078160,13610.0,3.91,-0.6,0.0,0.6
2025-10-01,078160,,3.91,-1.4,0.7,0.6
2025-10-02,078160,,3.89,-0.8,-0.7,1.3
2025-10-10,078160,,3.86,-2.2,1.3,0.7
2025-10-13,078160,,3.85,-1.1,0.0,1.2
2025-10-14,078160,,3.82,-1.3,-0.1,1.4
2025-10-15,078160,,3.8,6.5,-0.1,-6.6
2025-10-16,078160,,3.96,2.9,-2.9,0.0
2025-10-17,078160,,4.01,4.3,2.7,-6.2
2025-10-20,078160,,4.09,-4.9,-0.3,5.4
2025-10-21,078160,,3.95,-5.2,-0.0,5.2
2025-10-22,078160,,3.34,1.0,-1.7,0.7
2025-10-23,078160,,3.37,-2.0,1.4,0.7
2025-10-24,078160,,3.32,-1.0,-4.5,5.5
2025-10-27,078160,,3.29,2.5,-2.3,-2.8
2025-10-28,078160,,3.34,8.8,5.0,-13.2
2025-10-29,078160,,3.52,0.8,-0.0,-4.0
2025-10-30,078160,,3.51,-6.9,-2.6,9.3
2025-10-31,078160,17290.0,3.43,-1.6,0.0,1.4
2025-11-03,078160,,3.42,-6.0,-0.0,5.9
2025-11-04,078160,,3.3,2.5,0.0,-4.0
2025-11-05,078160,,3.35,-3.0,-0.1,3.3
2025-11-06,078160,,3.29,-1.5,0.0,1.6
2025-11-07,078160,,3.26,0.0,0.3,-0.5
2025-11-10,078160,,3.26,-1.5,-0.0,1.5
2025-11-11,078160,,3.2,-1.1,-0.0,1.3
2025-11-12,078160,,2.86,1.5,-0.0,-1.8
2025-11-13,078160,,2.91,-1.8,0.0,1.8
2025-11-14,078160,,2.88,-4.9,0.7,5.2
2025-11-17,078160,,2.79,6.9,2.1,-9.1
2025-11-18,078160,,2.95,-3.1,-1.1,4.1
2025-11-19,078160,,2.9,-6.3,,6.0
2025-11-20,078160,,2.77,2.0,0.0,-2.1
2025-11-21,078160,,2.82,0.3,,-0.2
2025-11-24,078160,,2.83,0.7,-0.0,-1.4
2025-11-25,078160,,2.85,-0.4,,0.3
2025-11-26,078160,,3.04,6.8,,-4.8
2025-11-27,078160,,3.18,9.3,1.7,-11.1
2025-11-28,078160,18750.0,3.35,4.6,3.5,-5.9
2025-12-01,078160,,3.44,0.7,-0.2,-2.4
2025-12-02,078160,,3.52,3.6,-0.0,-3.7
2025-12-03,078160,,3.58,-2.2,0.0,3.1
2025-12-04,078160,,3.5,1.0,-0.0,-0.4
2025-12-05,078160,,3.5,0.2,-0.5,0.6
2025-12-08,078160,,3.51,3.5,-0.7,-2.0
2025-12-09,078160,,3.55,-1.0,0.0,1.0
2025-12-10,078160,,3.53,-0.7,-0.5,1.2
2025-12-11,078160,,3.51,-2.2,-0.0,2.7
2025-12-12,078160,,3.48,-2.9,0.3,3.3
2025-12-15,078160,,3.43,-0.1,-0.0,0.8
2025-12-16,078160,,3.43,0.9,-0.3,0.8
2025-12-17,078160,,3.45,8.1,5.2,-13.5
2025-12-18,078160,,3.27,6.3,-0.0,-5.8
2025-12-19,078160,,3.33,-44.1,0.1,44.2
2025-12-22,078160,,2.54,-14.1,2.4,13.6
2025-12-23,078160,,2.27,-2.0,0.0,2.1
2025-12-24,078160,,2.27,-2.4,0.0,2.5
2025-12-26,078160,,2.22,4.0,2.0,-3.9
2025-12-29,078160,,2.33,7.1,2.3,-9.3
2025-12-30,078160,18190.0,2.47,2.3,-0.0,-0.7
2026-01-02,078160,,2.5,-14.5,-2.1,16.8
2026-01-05,078160,,2.15,0.5,0.7,-2.4
2026-01-06,078160,,2.19,-1.3,9.8,-6.5
2026-01-07,078160,,2.24,-1.7,0.0,1.9
2026-01-08,078160,,2.19,-1.4,-1.0,2.3
2026-01-09,078160,,2.25,-0.5,1.5,-1.0
2026-01-12,078160,,2.39,-0.9,0.2,0.6
2026-01-13,078160,,2.45,-1.7,-1.7,3.3
2026-01-14,078160,,2.41,1.0,0.1,-1.2
2026-01-15,078160,,2.42,-0.3,-0.8,1.0
2026-01-16,078160,,2.4,-0.8,3.5,-2.6
2026-01-19,078160,,2.38,-2.1,-0.2,2.5
2026-01-20,078160,,2.35,0.6,-0.3,-0.2
2026-01-21,078160,,2.36,4.1,-0.9,-3.2
2026-01-22,078160,,2.42,1.9,2.3,-3.7
2026-01-23,078160,,2.46,9.6,7.8,-17.3
2026-01-26,078160,,2.67,-11.7,20.4,-8.8
2026-01-27,078160,,2.48,27.3,-4.3,-15.2
2026-01-28,078160,,2.45,28.1,62.3,-92.5
2026-01-29,078160,,2.73,14.0,41.2,-65.7
2026-01-30,078160,24000.0,2.66,22.4,22.2,-45.5
2026-02-02,078160,,2.55,5.8,43.6,-49.0
2026-02-03,078160,,2.48,-15.7,16.8,-1.3
2026-02-04,078160,,2.2,-17.2,0.6,16.4
2026-02-05,078160,,1.83,11.2,3.2,-15.1
2026-02-06,078160,,1.93,24.2,-32.6,8.7
2026-02-09,078160,,2.03,-0.7,-0.1,-1.5
2026-02-10,078160,,2.01,-0.5,8.0,-7.4
2026-02-11,078160,,2.12,-2.6,-26.0,30.0
2026-02-12,078160,,2.22,13.2,-7.8,-5.5
2026-02-13,078160,,2.33,-1.4,-1.7,3.0
2026-02-19,078160,,2.49,4.4,-5.2,10.6
2026-02-20,078160,,2.58,-5.8,-2.0,13.9
2026-02-23,078160,,2.5,28.4,-32.5,4.2
2026-02-24,078160,,2.9,20.8,-31.5,10.5
2026-02-25,078160,,3.18,7.1,-9.1,2.8
2026-02-26,078160,,3.26,28.7,-39.6,9.7
2026-02-27,078160,21950.0,3.66,-12.6,8.3,1.3
2026-03-03,078160,,3.45,-3.9,5.4,-0.8
2026-03-04,078160,,3.4,-2.3,3.8,0.1
2026-03-05,078160,,3.39,-4.8,13.4,-9.0
2026-03-06,078160,,3.32,-9.5,12.5,-3.3
2026-03-09,078160,,3.22,-3.2,-5.8,9.2
2026-03-10,078160,,3.23,-7.1,10.2,-2.8
2026-03-11,078160,,3.16,-11.3,1.6,8.2
2026-03-12,078160,,3.01,3.3,-4.2,0.1
2026-03-13,078160,,3.05,0.5,2.6,-2.9
2026-03-16,078160,,3.1,-6.8,2.7,5.1
2026-03-17,078160,,2.97,-18.0,34.3,-16.0
2026-03-18,078160,,2.79,-28.9,13.5,26.0
2026-03-19,078160,,2.3,-12.4,11.2,0.9
2026-03-20,078160,,2.14,-12.7,-9.8,22.4
2026-03-23,078160,,1.98,6.1,-0.6,-5.0
2026-03-24,078160,,2.09,-1.0,5.2,-3.8
2026-03-25,078160,,2.04,2.8,4.6,-4.8
2026-03-26,078160,,2.09,39.3,42.1,-81.9
2026-03-27,078160,,2.67,-9.0,14.0,4.8
2026-03-30,078160,,2.46,-7.2,8.3,-1.1
2026-03-31,078160,21200.0,2.37,-4.1,-0.8,5.1
2026-04-01,078160,,2.23,-2.7,-9.1,12.0
2026-04-02,078160,,2.16,-6.9,-16.3,23.2
2026-04-03,078160,,2.24,-6.2,-24.9,31.7
2026-04-06,078160,,2.16,0.2,0.6,-0.9
2026-04-07,078160,,2.19,-3.7,0.7,3.0
2026-04-08,078160,,2.15,-1.0,-0.2,1.2
2026-04-09,078160,,2.13,-3.2,-0.2,3.4
2026-04-10,078160,,2.08,-4.3,12.2,-7.9
2026-04-13,078160,,2.04,11.9,40.2,-51.5
2026-04-14,078160,,2.39,6.2,13.0,-19.0
2026-04-15,078160,,2.4,5.5,6.6,-13.1
2026-04-16,078160,,2.44,13.2,-5.9,-7.5
2026-04-17,078160,,2.61,0.3,2.7,-2.9
2026-04-20,078160,,2.63,1.6,0.3,-2.1
2026-04-21,078160,,2.64,-9.6,13.3,-1.9
2026-04-22,078160,,2.45,13.6,-4.5,-9.3
2026-04-23,078160,,2.64,18.3,25.4,-47.1
2026-04-24,078160,,2.79,-18.0,4.7,12.4
2026-04-27,078160,,2.54,8.7,-3.5,-4.9
2026-04-28,078160,,2.59,5.6,6.8,-13.3
2026-04-29,078160,,2.64,-17.2,23.9,-13.5
2026-04-30,078160,27900.0,2.38,-9.4,16.6,-5.8
2026-05-04,078160,,2.27,-26.4,-3.1,29.9
2026-05-06,078160,,1.9,18.2,-2.3,-18.0
2026-05-07,078160,,2.26,0.8,-15.8,14.5
2026-05-08,078160,,2.23,1.3,-3.0,1.9
2026-05-11,078160,,2.22,-34.4,14.1,19.6
2026-05-12,078160,,1.74,7.3,-7.6,-1.2
2026-05-13,078160,,1.75,-24.2,-31.1,56.4
2026-05-14,078160,,1.57,35.1,-71.0,23.4
2026-05-15,078160,,1.96,-15.5,17.5,-3.7
2026-05-18,078160,,1.69,48.9,-48.5,-2.2
2026-05-19,078160,,2.87,15.9,-22.6,6.0
2026-05-20,078160,,3.14,12.9,-1.1,-12.6
2026-05-21,078160,,3.4,5.3,-11.0,4.6
2026-05-22,078160,,3.55,14.9,-1.4,-12.7
2026-05-26,078160,,3.86,-10.0,-0.0,9.8
2026-05-27,078160,,3.51,-1.9,-0.2,1.6
2026-05-28,078160,,3.43,-1.5,2.8,-1.4
2026-05-29,078160,12320.0,3.42,1.6,0.1,-1.6
2026-06-01,078160,,3.45,8.4,-6.0,-3.0
2026-06-02,078160,,3.72,3.7,0.0,-3.1
2026-06-04,078160,,3.84,-3.3,0.1,2.8
2026-06-05,078160,,3.68,-1.3,0.1,1.0
2026-06-08,078160,,3.61,2.0,-0.0,-2.0
2026-06-09,078160,,3.66,2.5,0.0,-2.4
2026-06-10,078160,,3.76,3.2,-0.0,-3.3
2026-06-11,078160,,3.84,0.5,0.1,-0.3
2026-06-12,078160,,3.79,0.4,-0.0,0.3
2026-06-15,078160,,3.86,-2.7,-0.1,2.8
2026-06-16,078160,,3.76,-2.5,-0.3,2.8
2026-06-17,078160,,3.66,-1.4,0.3,1.1
2026-06-18,078160,,3.59,-0.9,0.2,0.6
2026-06-19,078160,,3.59,2.6,0.1,-2.3
2026-06-22,078160,,3.74,0.2,0.0,1.6
2026-06-23,078160,,3.71,3.5,-0.1,-3.3
2026-06-24,078160,,3.81,-0.8,0.1,1.3
2026-06-25,078160,,3.77,0.9,0.1,-1.1
2026-06-26,078160,,3.81,-2.7,-0.1,2.9
2026-06-29,078160,,3.7,4.4,-1.7,-2.5
2026-06-30,078160,8940.0,3.85,-1.8,0.1,1.6
2026-07-01,078160,,3.77,-0.4,1.8,-1.5
2026-07-02,078160,,3.79,-1.1,-0.0,1.3
2026-07-03,078160,,3.74,-0.2,-0.1,0.2
2026-07-06,078160,,3.72,-1.5,0.1,1.3
2026-07-07,078160,,3.66,-0.3,-0.2,0.5
2026-07-08,078160,,3.64,-8.6,-1.8,10.9
2026-07-09,078160,,3.17,0.6,-0.1,-0.5
2026-07-10,078160,,3.16,1.8,0.0,-1.8
2026-07-13,078160,8450.0,3.17,-2.1,0.0,2.0
2025-07-14,078340,,14.93,-5.3,-2.7,8.0
2025-07-15,078340,,14.81,-3.4,-0.9,4.3
2025-07-16,078340,,14.75,-2.6,-1.8,4.2
2025-07-17,078340,,14.68,-1.9,-0.6,2.4
2025-07-18,078340,,14.65,-0.8,1.7,-0.8
2025-07-21,078340,,14.64,0.4,0.6,-0.9
2025-07-22,078340,,14.66,-2.7,-2.9,5.5
2025-07-23,078340,,14.6,-4.0,-6.6,10.2
2025-07-24,078340,,14.51,-8.3,-3.6,11.0
2025-07-25,078340,,14.34,0.8,0.6,-1.4
2025-07-28,078340,,14.37,-0.3,-1.9,2.0
2025-07-29,078340,,14.32,-1.0,-0.4,1.6
2025-07-30,078340,,14.29,-0.2,-0.5,0.7
2025-07-31,078340,,14.29,1.2,-1.5,0.3
2025-08-01,078340,,14.42,-0.8,-0.3,1.1
2025-08-04,078340,,14.4,3.0,-1.8,-1.1
2025-08-05,078340,,14.47,0.3,-1.0,0.8
2025-08-06,078340,,14.47,0.7,0.6,-1.2
2025-08-07,078340,,14.48,4.4,-2.1,-2.3
2025-08-08,078340,,14.59,-2.4,-0.5,2.9
2025-08-11,078340,,14.46,1.7,-1.7,0.1
2025-08-12,078340,,14.49,2.2,-2.8,0.4
2025-08-13,078340,,14.52,-19.9,-7.1,26.7
2025-08-14,078340,,14.06,0.9,-2.3,1.4
2025-08-18,078340,,13.81,1.9,-0.8,-1.1
2025-08-19,078340,,13.85,4.7,0.3,-5.1
2025-08-20,078340,,13.96,0.3,-3.3,3.0
2025-08-21,078340,,13.95,1.2,-3.8,2.5
2025-08-22,078340,,13.98,-0.4,-0.1,0.6
2025-08-25,078340,,13.97,-0.4,-0.2,0.6
2025-08-26,078340,,13.99,5.6,-1.5,-4.3
2025-08-27,078340,,14.14,0.4,-3.6,3.3
2025-08-28,078340,,14.1,1.7,-1.3,-0.4
2025-08-29,078340,39300.0,14.14,2.1,-1.3,-0.8
2025-09-01,078340,,14.18,-1.0,-0.7,1.6
2025-09-02,078340,,14.16,-1.2,0.2,1.2
2025-09-03,078340,,14.14,0.1,-0.3,0.2
2025-09-04,078340,,14.14,0.9,-0.3,-0.6
2025-09-05,078340,,14.16,2.8,-0.5,-2.3
2025-09-08,078340,,14.28,6.7,2.4,-9.2
2025-09-09,078340,,14.38,3.9,1.9,-5.8
2025-09-10,078340,,14.47,1.0,2.4,-3.4
2025-09-11,078340,,14.49,1.5,-2.6,0.9
2025-09-12,078340,,14.49,3.8,-0.9,-2.9
2025-09-15,078340,,14.57,-1.2,-1.0,2.2
2025-09-16,078340,,14.53,-0.7,2.1,-1.4
2025-09-17,078340,,14.51,4.6,1.5,-5.9
2025-09-18,078340,,14.6,5.1,1.9,-6.5
2025-09-19,078340,,14.69,-7.6,-6.8,14.2
2025-09-22,078340,,14.49,-6.0,-1.4,7.1
2025-09-23,078340,,14.37,-2.1,-0.7,2.8
2025-09-24,078340,,14.32,-13.9,-0.3,14.1
2025-09-25,078340,,14.04,-6.4,-0.4,6.8
2025-09-26,078340,,13.9,-12.0,-0.2,11.1
2025-09-29,078340,,13.62,1.0,-0.7,-0.4
2025-09-30,078340,36550.0,13.64,-10.5,-0.4,10.9
2025-10-01,078340,,13.42,-2.2,-1.1,3.3
2025-10-02,078340,,13.39,-0.3,-3.1,3.4
2025-10-10,078340,,13.33,-7.2,-0.7,7.9
2025-10-13,078340,,13.17,-8.1,-3.2,11.3
2025-10-14,078340,,12.99,-6.2,-3.9,10.0
2025-10-15,078340,,12.86,0.5,0.9,-1.2
2025-10-16,078340,,12.87,-2.9,-3.5,6.3
2025-10-17,078340,,12.8,-5.5,-0.1,5.3
2025-10-20,078340,,12.68,-2.5,0.9,1.6
2025-10-21,078340,,12.68,-0.4,-1.9,2.3
2025-10-22,078340,,12.66,0.1,0.3,-0.5
2025-10-23,078340,,12.67,-2.7,0.0,2.6
2025-10-24,078340,,12.61,-3.5,1.8,1.6
2025-10-27,078340,,12.53,2.0,0.5,-2.4
2025-10-28,078340,,12.59,-3.3,1.0,2.3
2025-10-29,078340,,12.5,-14.3,1.6,12.3
2025-10-30,078340,,12.18,-20.2,-2.0,21.6
2025-10-31,078340,34100.0,11.7,-1.8,1.9,-1.3
2025-11-03,078340,,11.66,-0.6,1.2,-1.3
2025-11-04,078340,,11.69,-0.9,-0.0,1.0
2025-11-05,078340,,11.65,-1.3,0.4,-1.1
2025-11-06,078340,,11.63,-0.1,0.2,-0.1
2025-11-07,078340,,11.63,-5.6,0.7,3.8
2025-11-10,078340,,11.47,4.9,1.9,-7.0
2025-11-11,078340,,11.59,-6.8,-1.5,6.9
2025-11-12,078340,,11.39,8.8,1.3,-7.7
2025-11-13,078340,,11.64,0.3,0.1,-0.7
2025-11-14,078340,,11.65,-2.5,-1.1,3.5
2025-11-17,078340,,11.53,-6.3,2.3,3.7
2025-11-18,078340,,11.36,-8.1,-0.5,6.2
2025-11-19,078340,,11.15,0.7,0.1,-1.0
2025-11-20,078340,,11.15,-1.6,-0.5,1.8
2025-11-21,078340,,11.12,1.4,1.1,-2.4
2025-11-24,078340,,11.17,-1.4,-0.1,-0.0
2025-11-25,078340,,11.11,-1.3,-0.1,1.3
2025-11-26,078340,,11.04,0.8,0.1,-1.0
2025-11-27,078340,,11.07,-0.4,-0.7,1.1
2025-11-28,078340,31150.0,11.05,-3.2,2.6,0.5
2025-12-01,078340,,10.97,-2.6,2.9,-1.1
2025-12-02,078340,,11.19,-3.8,2.1,1.7
2025-12-03,078340,,11.09,-3.8,0.6,3.2
2025-12-04,078340,,11.0,-7.4,1.5,7.0
2025-12-05,078340,,10.81,-5.4,1.9,3.2
2025-12-08,078340,,10.67,-7.0,0.3,6.7
2025-12-09,078340,,10.49,-3.0,-0.6,3.6
2025-12-10,078340,,10.41,-7.3,-0.5,7.8
2025-12-11,078340,,10.22,-4.6,-3.5,8.1
2025-12-12,078340,,10.1,-2.3,-3.8,6.1
2025-12-15,078340,,9.77,-2.2,-1.3,3.4
2025-12-16,078340,,9.71,-7.8,0.4,7.1
2025-12-17,078340,,9.49,-6.7,-3.0,8.5
2025-12-18,078340,,9.31,-2.6,0.5,2.1
2025-12-19,078340,,9.23,1.3,-0.9,-0.6
2025-12-22,078340,,9.28,0.6,0.2,-0.8
2025-12-23,078340,,9.3,-0.1,0.5,-0.4
2025-12-24,078340,,9.9,0.5,-0.4,-0.0
2025-12-26,078340,,9.68,-1.2,-0.6,1.9
2025-12-29,078340,,9.54,-2.0,-0.0,2.0
2025-12-30,078340,29050.0,9.33,1.4,-0.7,-0.7
2026-01-02,078340,,9.04,7.5,1.5,-9.0
2026-01-05,078340,,9.24,-1.6,-0.5,2.1
2026-01-06,078340,,9.19,-10.0,0.4,8.7
2026-01-07,078340,,8.94,-6.6,-0.1,6.4
2026-01-08,078340,,8.74,-3.6,0.0,3.5
2026-01-09,078340,,8.64,-0.7,0.1,0.6
2026-01-12,078340,,8.58,2.6,-0.0,-2.5
2026-01-13,078340,,8.78,2.4,-0.2,-2.3
2026-01-14,078340,,8.91,1.8,0.7,-2.4
2026-01-15,078340,,8.96,1.7,0.0,-1.7
2026-01-16,078340,,9.01,1.5,-1.9,0.4
2026-01-19,078340,,9.04,5.4,-1.3,-4.4
2026-01-20,078340,,9.19,3.4,1.5,-4.8
2026-01-21,078340,,9.26,-2.2,2.6,-1.1
2026-01-22,078340,,9.2,11.7,-2.4,-9.3
2026-01-23,078340,,9.5,-4.0,12.7,-8.2
2026-01-26,078340,,9.34,-4.1,30.4,-26.1
2026-01-27,078340,,9.23,18.9,28.2,-46.8
2026-01-28,078340,,10.29,0.3,30.6,-30.6
2026-01-29,078340,,10.25,6.3,26.9,-29.2
2026-01-30,078340,36900.0,10.5,-2.4,8.3,-5.7
2026-02-02,078340,,10.4,14.2,-6.0,-4.4
2026-02-03,078340,,10.68,-9.4,7.7,1.8
2026-02-04,078340,,10.43,1.1,-5.1,4.0
2026-02-05,078340,,10.41,3.8,-3.8,0.1
2026-02-06,078340,,10.5,0.9,-2.3,1.4
2026-02-09,078340,,10.5,-0.5,3.7,-3.4
2026-02-10,078340,,10.5,0.6,-0.1,-0.4
2026-02-11,078340,,10.53,-2.0,0.2,1.8
2026-02-12,078340,,10.46,-1.5,10.0,-8.4
2026-02-13,078340,,10.47,-7.9,-1.5,8.7
2026-02-19,078340,,10.22,-4.0,10.3,-6.3
2026-02-20,078340,,10.15,-1.7,2.5,-0.8
2026-02-23,078340,,10.11,-0.8,-1.5,2.0
2026-02-24,078340,,10.09,0.8,-0.4,-0.5
2026-02-25,078340,,10.14,1.7,-1.1,-0.6
2026-02-26,078340,,10.24,4.1,-1.1,-2.9
2026-02-27,078340,35900.0,10.33,1.8,2.6,-4.4
2026-03-03,078340,,10.37,0.1,-0.8,0.7
2026-03-04,078340,,10.36,-2.1,1.4,1.0
2026-03-05,078340,,10.41,0.7,5.3,-6.0
2026-03-06,078340,,10.45,3.4,1.4,-4.8
2026-03-09,078340,,10.58,9.6,5.1,-14.7
2026-03-10,078340,,10.84,2.3,-5.6,3.3
2026-03-11,078340,,10.84,-7.7,-9.2,16.8
2026-03-12,078340,,10.61,9.0,-12.0,2.9
2026-03-13,078340,,10.85,8.4,1.2,-9.7
2026-03-16,078340,,11.09,0.4,-0.6,0.2
2026-03-17,078340,,11.09,-1.2,1.2,-0.2
2026-03-18,078340,,11.0,-0.8,1.1,-0.3
2026-03-19,078340,,11.02,-8.0,-8.4,16.2
2026-03-20,078340,,10.79,3.9,-0.8,-3.1
2026-03-23,078340,,10.91,1.9,-1.6,-0.3
2026-03-24,078340,,10.97,0.2,-0.7,0.4
2026-03-25,078340,,10.97,2.8,-0.8,-2.0
2026-03-26,078340,,11.03,3.2,-4.2,1.2
2026-03-27,078340,,11.21,3.8,0.8,-4.6
2026-03-30,078340,,11.32,2.5,2.5,-5.1
2026-03-31,078340,31450.0,11.39,0.5,0.2,-0.8
2026-04-01,078340,,11.39,7.1,9.7,-16.7
2026-04-02,078340,,11.61,3.3,1.5,-4.8
2026-04-03,078340,,11.69,2.7,1.1,-3.8
2026-04-06,078340,,11.72,-3.7,-4.7,8.4
2026-04-07,078340,,11.59,2.7,1.3,-3.9
2026-04-08,078340,,11.7,-0.3,5.8,-5.4
2026-04-09,078340,,11.67,5.4,-2.8,-2.6
2026-04-10,078340,,11.82,3.4,-1.5,-1.9
2026-04-13,078340,,12.63,1.2,-1.7,0.6
2026-04-14,078340,,12.0,2.8,-1.0,-1.8
2026-04-15,078340,,12.3,1.8,-6.6,4.8
2026-04-16,078340,,12.27,4.0,-0.4,-3.6
2026-04-17,078340,,12.39,-0.2,-1.6,1.9
2026-04-20,078340,,12.37,-2.4,-2.5,4.1
2026-04-21,078340,,12.29,-2.9,-2.0,4.9
2026-04-22,078340,,11.91,4.4,-0.1,-4.2
2026-04-23,078340,,12.08,1.6,-1.0,-0.6
2026-04-24,078340,,12.12,0.4,-0.4,0.0
2026-04-27,078340,,12.13,-1.9,-5.7,7.1
2026-04-28,078340,,12.02,4.2,-2.5,-1.8
2026-04-29,078340,,12.11,3.6,-0.1,-3.5
2026-04-30,078340,32750.0,12.18,-3.2,-4.2,7.3
2026-05-04,078340,,12.07,-2.6,-2.5,1.4
2026-05-06,078340,,12.07,-10.8,-8.0,18.8
2026-05-07,078340,,11.73,-7.9,-2.3,8.0
2026-05-08,078340,,11.53,-0.7,-8.6,9.3
2026-05-11,078340,,11.5,-2.7,-3.2,5.4
2026-05-12,078340,,11.4,-5.0,-2.0,7.1
2026-05-13,078340,,11.22,-11.0,-3.5,13.1
2026-05-14,078340,,10.92,-4.2,-0.6,4.9
2026-05-15,078340,,10.81,-8.0,-2.4,10.4
2026-05-18,078340,,10.43,-1.5,-1.5,2.8
2026-05-19,078340,,10.38,-2.1,3.6,-1.4
2026-05-20,078340,,10.34,-6.5,-1.7,6.7
2026-05-21,078340,,10.35,-3.4,-1.1,2.7
2026-05-22,078340,,10.25,2.8,2.2,-5.1
2026-05-26,078340,,10.36,-0.0,-1.4,1.2
2026-05-27,078340,,10.38,-0.4,-1.3,1.3
2026-05-28,078340,,10.36,4.9,2.5,-7.2
2026-05-29,078340,26550.0,10.48,1.0,2.1,-2.5
2026-06-01,078340,,10.51,8.0,3.0,-12.3
2026-06-02,078340,,10.78,-3.6,4.3,-0.6
2026-06-04,078340,,10.64,-6.2,1.1,5.7
2026-06-05,078340,,10.91,-4.7,-0.5,5.2
2026-06-08,078340,,10.94,-0.5,0.8,-0.2
2026-06-09,078340,,11.0,1.0,0.4,-1.4
2026-06-10,078340,,11.04,1.1,-2.0,1.0
2026-06-11,078340,,11.06,1.2,-3.0,1.9
2026-06-12,078340,,10.98,2.4,-2.4,-0.1
2026-06-15,078340,,11.05,2.1,-0.2,-2.0
2026-06-16,078340,,11.1,2.1,-1.0,-1.0
2026-06-17,078340,,11.18,0.0,-0.0,0.1
2026-06-18,078340,,11.12,0.3,-0.9,0.6
2026-06-19,078340,,11.13,-4.6,-0.1,4.7
2026-06-22,078340,,10.92,3.3,1.1,-4.3
2026-06-23,078340,,11.02,-1.4,1.8,-0.3
2026-06-24,078340,,10.98,-0.4,1.0,-0.6
2026-06-25,078340,,10.99,-1.1,-1.4,2.5
2026-06-26,078340,,10.94,0.4,2.1,-2.5
2026-06-29,078340,,10.97,1.7,3.4,-5.1
2026-06-30,078340,26050.0,11.05,-2.4,0.2,2.2
2026-07-01,078340,,10.97,1.1,0.1,-1.2
2026-07-02,078340,,10.91,0.8,0.1,-1.0
2026-07-03,078340,,11.06,-3.0,0.8,2.2
2026-07-06,078340,,10.93,0.4,0.3,-0.8
2026-07-07,078340,,10.95,0.8,1.2,-2.0
2026-07-08,078340,,10.99,0.7,0.9,-1.5
2026-07-09,078340,,11.01,-1.6,2.0,-0.4
2026-07-10,078340,,10.95,-0.1,3.9,-3.7
2026-07-13,078340,25950.0,10.96,0.2,-0.8,0.5
2025-07-14,078350,,3.02,-1.8,-1.1,2.9
2025-07-15,078350,,2.89,1.6,-1.1,-0.4
2025-07-16,078350,,3.01,-0.3,,0.3
2025-07-17,078350,,2.99,0.9,-0.9,0.0
2025-07-18,078350,,3.05,0.0,1.6,-1.6
2025-07-21,078350,,3.05,0.3,0.3,-0.4
2025-07-22,078350,,3.06,-1.4,,1.4
2025-07-23,078350,,2.97,-1.8,,1.8
2025-07-24,078350,,2.83,-2.3,0.5,1.7
2025-07-25,078350,,2.67,0.1,,-0.1
2025-07-28,078350,,2.67,2.0,,-2.0
2025-07-29,078350,,2.82,0.3,,-0.3
2025-07-30,078350,,2.83,3.9,,-3.9
2025-07-31,078350,,3.1,-0.7,,0.7
2025-08-01,078350,,3.05,-5.2,,6.2
2025-08-04,078350,,2.67,-0.8,,0.8
2025-08-05,078350,,2.61,0.1,0.0,-0.1
2025-08-06,078350,,2.62,1.0,,-1.0
2025-08-07,078350,,2.69,0.3,-0.2,-0.1
2025-08-08,078350,,2.72,3.8,,-3.8
2025-08-11,078350,,2.98,1.1,,-1.1
2025-08-12,078350,,3.06,3.7,,-3.8
2025-08-13,078350,,3.31,3.1,0.0,-3.1
2025-08-14,078350,,3.52,-3.6,-1.2,7.0
2025-08-18,078350,,3.26,1.8,-2.5,0.6
2025-08-19,078350,,3.39,1.2,,-1.1
2025-08-20,078350,,3.48,0.7,-1.8,1.2
2025-08-21,078350,,3.53,1.0,,-0.8
2025-08-22,078350,,3.6,-0.0,,0.2
2025-08-25,078350,,3.6,2.0,-2.3,0.5
2025-08-26,078350,,3.77,0.8,,-0.7
2025-08-27,078350,,3.86,-0.4,-1.0,1.8
2025-08-28,078350,,3.83,-1.1,,1.2
2025-08-29,078350,9040.0,3.75,-0.8,,0.9
2025-09-01,078350,,3.71,-2.9,,2.8
2025-09-02,078350,,3.45,-0.6,,0.8
2025-09-03,078350,,3.4,0.2,,-0.0
2025-09-04,078350,,3.41,0.0,,0.1
2025-09-05,078350,,3.41,0.9,,-0.6
2025-09-08,078350,,3.47,0.8,,-0.3
2025-09-09,078350,,3.53,13.7,-0.0,-14.0
2025-09-10,078350,,4.44,6.2,-0.0,-6.2
2025-09-11,078350,,4.81,4.4,1.3,-2.8
2025-09-12,078350,,5.09,6.6,17.2,-24.0
2025-09-15,078350,,5.51,-21.4,-3.7,23.4
2025-09-16,078350,,4.41,-1.8,1.9,-1.3
2025-09-17,078350,,4.32,-4.4,10.7,-6.7
2025-09-18,078350,,4.12,-15.3,16.5,-2.9
2025-09-19,078350,,3.43,-1.9,4.3,-2.7
2025-09-22,078350,,3.35,-6.4,0.1,3.4
2025-09-23,078350,,3.08,7.0,-0.3,-7.3
2025-09-24,078350,,3.38,4.5,9.1,-14.0
2025-09-25,078350,,3.61,3.1,-3.3,0.3
2025-09-26,078350,,3.74,20.6,-1.5,-22.4
2025-09-29,078350,,4.64,9.2,-1.8,-9.8
2025-09-30,078350,17050.0,5.01,-5.0,1.8,2.1
2025-10-01,078350,,4.82,-5.1,0.2,4.7
2025-10-02,078350,,4.63,-10.8,16.7,-5.6
2025-10-10,078350,,4.25,-1.1,0.7,-5.3
2025-10-13,078350,,4.23,6.5,-1.9,-4.8
2025-10-14,078350,,4.47,0.6,3.4,-4.3
2025-10-15,078350,,4.5,17.7,16.7,-32.5
2025-10-16,078350,,5.1,-7.5,4.8,5.1
2025-10-17,078350,,4.85,4.5,-3.7,3.5
2025-10-20,078350,,5.0,-0.7,-9.2,9.0
2025-10-21,078350,,4.99,-1.6,-5.7,7.5
2025-10-22,078350,,4.94,7.1,0.5,-9.0
2025-10-23,078350,,5.19,8.6,-7.9,-0.8
2025-10-24,078350,,5.48,-10.7,12.4,-3.0
2025-10-27,078350,,5.14,-3.6,-2.0,6.3
2025-10-28,078350,,5.03,31.0,2.4,-27.9
2025-10-29,078350,,5.92,-22.5,10.5,12.6
2025-10-30,078350,,5.29,-6.6,-4.1,14.5
2025-10-31,078350,22800.0,5.11,-3.8,-5.6,11.4
2025-11-03,078350,,5.0,7.5,0.2,-5.8
2025-11-04,078350,,5.22,-10.0,18.0,-7.6
2025-11-05,078350,,4.95,-4.1,-1.2,5.9
2025-11-06,078350,,4.89,5.1,10.9,-15.6
2025-11-07,078350,,5.03,-16.8,-9.3,30.8
2025-11-10,078350,,4.67,-0.8,6.3,-5.1
2025-11-11,078350,,4.81,-1.3,5.7,-3.5
2025-11-12,078350,,4.78,6.9,-6.7,-1.2
2025-11-13,078350,,4.98,36.0,30.3,-65.6
2025-11-14,078350,,5.92,-30.6,-8.9,40.3
2025-11-17,078350,,5.24,-0.2,-6.6,5.2
2025-11-18,078350,,5.27,10.0,-0.8,-9.0
2025-11-19,078350,,5.55,-4.9,50.0,-42.6
2025-11-20,078350,,5.44,-47.6,45.6,2.5
2025-11-21,078350,,4.35,-13.5,-22.6,35.4
2025-11-24,078350,,3.92,4.8,24.5,-27.6
2025-11-25,078350,,4.13,2.3,16.5,-18.1
2025-11-26,078350,,4.22,-10.5,2.8,6.8
2025-11-27,078350,,3.91,0.3,-0.2,-0.5
2025-11-28,078350,21400.0,3.92,-0.7,-4.8,5.4
2025-12-01,078350,,3.96,5.0,0.7,-6.3
2025-12-02,078350,,4.06,1.2,-3.3,1.6
2025-12-03,078350,,4.1,-1.6,-1.0,2.0
2025-12-04,078350,,4.04,1.5,2.7,-4.3
2025-12-05,078350,,4.07,-2.4,-0.0,2.3
2025-12-08,078350,,4.0,0.4,-2.8,3.2
2025-12-09,078350,,4.01,-0.1,1.2,-1.2
2025-12-10,078350,,4.01,-1.7,4.6,-2.9
2025-12-11,078350,,3.95,-3.6,3.1,0.8
2025-12-12,078350,,3.9,1.5,3.1,-4.7
2025-12-15,078350,,3.94,4.5,-3.7,-1.0
2025-12-16,078350,,4.09,12.0,-2.0,-9.4
2025-12-17,078350,,4.52,4.1,3.3,-7.2
2025-12-18,078350,,4.66,-1.4,2.4,-1.0
2025-12-19,078350,,4.61,-2.3,1.0,1.7
2025-12-22,078350,,4.53,-0.3,11.8,-10.7
2025-12-23,078350,,4.53,-5.3,2.5,2.8
2025-12-24,078350,,4.36,-3.3,6.6,-3.2
2025-12-26,078350,,4.26,0.1,-0.6,-0.8
2025-12-29,078350,,4.26,-7.7,-0.0,8.0
2025-12-30,078350,21550.0,4.02,-10.0,5.1,4.9
2026-01-02,078350,,3.71,0.3,-8.9,8.2
2026-01-05,078350,,3.72,1.9,4.0,-4.7
2026-01-06,078350,,3.7,2.9,-9.0,6.1
2026-01-07,078350,,3.78,-1.9,-12.4,13.6
2026-01-08,078350,,3.69,-4.0,-1.6,5.6
2026-01-09,078350,,3.48,8.6,-1.0,-8.0
2026-01-12,078350,,3.81,-1.9,15.3,-13.5
2026-01-13,078350,,3.74,0.4,1.5,-2.0
2026-01-14,078350,,3.7,4.1,7.3,-8.6
2026-01-15,078350,,3.86,-1.6,-6.7,7.4
2026-01-16,078350,,3.78,4.4,-6.0,2.2
2026-01-19,078350,,3.9,-3.7,-10.2,13.6
2026-01-20,078350,,3.83,9.0,-29.5,19.8
2026-01-21,078350,,4.11,2.2,-0.4,-3.9
2026-01-22,078350,,3.97,0.3,-4.3,3.3
2026-01-23,078350,,3.95,5.5,1.4,-7.1
2026-01-26,078350,,4.26,7.1,1.1,-8.2
2026-01-27,078350,,4.49,0.2,16.0,-17.5
2026-01-28,078350,,4.45,-13.5,6.9,3.6
2026-01-29,078350,,3.98,3.5,3.4,-5.8
2026-01-30,078350,26800.0,4.12,-10.7,2.3,8.2
2026-02-02,078350,,3.71,8.2,2.7,-10.9
2026-02-03,078350,,4.01,-16.9,27.2,-8.1
2026-02-04,078350,,3.58,-21.4,3.9,17.4
2026-02-05,078350,,3.0,3.5,-11.3,8.8
2026-02-06,078350,,3.26,4.1,-3.6,-0.9
2026-02-09,078350,,3.36,12.3,22.4,-34.5
2026-02-10,078350,,3.62,-2.8,-16.1,19.4
2026-02-11,078350,,3.47,-9.5,3.3,6.9
2026-02-12,078350,,3.2,-24.0,-31.9,54.3
2026-02-13,078350,,2.59,9.6,-24.7,16.0
2026-02-19,078350,,2.86,4.3,-4.9,0.6
2026-02-20,078350,,2.95,7.2,-0.5,-6.1
2026-02-23,078350,,3.11,16.1,-0.5,-15.5
2026-02-24,078350,,3.59,110.1,44.3,16.5
2026-02-25,078350,,6.27,-46.4,-8.6,55.1
2026-02-26,078350,,4.69,-3.3,-3.6,7.5
2026-02-27,078350,25750.0,4.47,-5.3,-5.3,10.4
2026-03-03,078350,,4.28,20.0,-22.9,4.4
2026-03-04,078350,,4.77,17.0,4.4,-22.9
2026-03-05,078350,,5.65,9.4,-7.8,-1.3
2026-03-06,078350,,5.81,3.6,0.3,-4.0
2026-03-09,078350,,5.95,-13.8,-2.3,14.9
2026-03-10,078350,,5.28,11.1,-2.2,-8.8
2026-03-11,078350,,5.69,-1.9,4.1,-2.3
2026-03-12,078350,,5.77,1.2,-0.4,-0.5
2026-03-13,078350,,5.76,-1.8,-0.1,1.5
2026-03-16,078350,,5.7,-2.9,0.3,-0.7
2026-03-17,078350,,5.61,-7.7,-6.6,13.3
2026-03-18,078350,,5.25,5.6,15.4,-20.6
2026-03-19,078350,,5.41,-5.1,20.6,-15.3
2026-03-20,078350,,5.39,-8.2,-0.5,8.2
2026-03-23,078350,,4.93,7.1,2.9,-9.1
2026-03-24,078350,,5.16,-2.1,0.7,0.9
2026-03-25,078350,,5.12,53.9,38.4,-104.0
2026-03-26,078350,,6.72,-8.3,13.2,-15.3
2026-03-27,078350,,6.41,-44.8,38.4,-12.8
2026-03-30,078350,,5.31,-34.2,6.1,28.1
2026-03-31,078350,27950.0,4.48,-18.2,-6.2,21.3
2026-04-01,078350,,3.96,12.8,-10.5,-8.6
2026-04-02,078350,,4.33,-11.5,-16.4,25.1
2026-04-03,078350,,4.09,-8.0,-6.0,12.5
2026-04-06,078350,,3.77,10.8,-6.0,3.5
2026-04-07,078350,,4.13,2.6,-10.0,7.7
2026-04-08,078350,,4.01,0.5,-6.8,7.9
2026-04-09,078350,,4.0,14.3,-16.0,2.2
2026-04-10,078350,,4.33,-6.2,-8.6,12.4
2026-04-13,078350,,3.97,6.5,-11.0,4.7
2026-04-14,078350,,4.18,-3.3,-3.6,7.4
2026-04-15,078350,,3.92,-24.9,-11.0,40.1
2026-04-16,078350,,3.3,-0.6,-23.6,25.4
2026-04-17,078350,,3.22,-20.3,-1.3,22.7
2026-04-20,078350,,2.61,35.5,-5.4,-18.5
2026-04-21,078350,,3.76,-14.7,-34.6,41.9
2026-04-22,078350,,3.07,66.6,-18.9,-64.8
2026-04-23,078350,,5.38,30.3,11.7,-46.9
2026-04-24,078350,,6.11,12.0,-0.9,-13.8
2026-04-27,078350,,6.21,-6.2,0.7,0.3
2026-04-28,078350,,5.97,9.1,4.2,-15.9
2026-04-29,078350,,6.14,-1.7,-0.4,1.1
2026-04-30,078350,30950.0,6.09,9.5,-0.7,-6.8
2026-05-04,078350,,6.3,-0.6,3.0,-2.2
2026-05-06,078350,,6.26,-6.9,-9.1,15.0
2026-05-07,078350,,5.97,-8.0,11.1,-2.9
2026-05-08,078350,,5.67,24.0,-26.5,1.7
2026-05-11,078350,,6.24,-29.9,24.4,5.7
2026-05-12,078350,,5.49,-21.2,-4.2,24.8
2026-05-13,078350,,4.95,5.8,-10.4,9.4
2026-05-14,078350,,4.96,21.1,36.2,-71.6
2026-05-15,078350,,5.89,28.8,36.0,-61.4
2026-05-18,078350,,6.5,4.6,39.7,-20.1
2026-05-19,078350,,6.66,0.9,19.1,-10.8
2026-05-20,078350,,6.72,-9.3,11.5,2.8
2026-05-21,078350,,6.45,-12.1,6.3,6.9
2026-05-22,078350,,6.23,-24.2,48.9,-23.8
2026-05-26,078350,,5.54,-7.8,14.2,-5.0
2026-05-27,078350,,5.38,16.7,-7.9,2.3
2026-05-28,078350,,5.7,19.7,-15.2,-4.5
2026-05-29,078350,31550.0,6.05,7.8,-21.2,10.4
2026-06-01,078350,,5.98,34.0,-55.2,19.8
2026-06-02,078350,,6.62,39.5,-23.5,-16.3
2026-06-04,078350,,7.47,-16.9,18.6,2.6
2026-06-05,078350,,7.07,5.0,-9.0,2.3
2026-06-08,078350,,7.14,17.6,-6.2,-10.9
2026-06-09,078350,,7.68,-2.5,7.8,-4.2
2026-06-10,078350,,7.68,2.9,-0.8,-2.1
2026-06-11,078350,,7.72,-5.7,-1.7,5.5
2026-06-12,078350,,7.33,-16.9,2.8,15.1
2026-06-15,078350,,6.77,-19.5,-11.0,38.1
2026-06-16,078350,,5.99,-1.8,-7.8,15.9
2026-06-17,078350,,5.78,11.4,-27.7,16.5
2026-06-18,078350,,6.15,6.5,-7.8,1.7
2026-06-19,078350,,6.25,3.9,-8.7,4.6
2026-06-22,078350,,6.29,0.5,-1.6,-3.6
2026-06-23,078350,,6.4,3.1,13.3,-19.9
2026-06-24,078350,,6.61,-1.3,-1.3,1.7
2026-06-25,078350,,6.55,-22.3,-11.0,23.8
2026-06-26,078350,,5.65,23.7,2.5,-22.2
2026-06-29,078350,,6.45,7.3,-5.4,-2.1
2026-06-30,078350,23950.0,6.7,-7.0,1.7,3.9
2026-07-01,078350,,6.41,-18.4,-0.2,15.6
2026-07-02,078350,,5.8,-12.8,-1.3,15.7
2026-07-03,078350,,5.7,5.3,-5.3,0.1
2026-07-06,078350,,5.81,-1.5,-1.7,3.8
2026-07-07,078350,,5.68,1.5,4.0,-5.4
2026-07-08,078350,,5.67,-1.0,-1.2,1.7
2026-07-09,078350,,5.53,-2.6,5.3,-2.8
2026-07-10,078350,,5.48,-0.9,-3.1,3.8
2026-07-13,078350,22150.0,5.38,-5.7,-0.6,5.8
2025-07-14,078520,,10.03,-13.4,1.6,11.6
2025-07-15,078520,,9.38,2.6,1.3,-3.6
2025-07-16,078520,,9.53,-9.0,1.2,7.0
2025-07-17,078520,,9.15,5.5,3.0,-13.1
2025-07-18,078520,,9.36,-11.6,0.8,9.9
2025-07-21,078520,,8.96,-0.6,1.6,-2.7
2025-07-22,078520,,8.93,5.7,4.7,-10.0
2025-07-23,078520,,9.19,-0.5,6.1,-4.7
2025-07-24,078520,,9.17,-6.6,1.1,8.3
2025-07-25,078520,,8.89,-2.5,1.1,1.2
2025-07-28,078520,,8.89,29.1,11.9,-41.6
2025-07-29,078520,,10.01,-12.0,5.5,5.4
2025-07-30,078520,,9.55,-20.2,1.6,18.6
2025-07-31,078520,,8.75,-7.5,-0.2,8.0
2025-08-01,078520,,8.45,-1.9,5.2,-2.8
2025-08-04,078520,,8.37,-3.0,1.8,1.0
2025-08-05,078520,,8.31,1.4,2.0,-4.5
2025-08-06,078520,,8.4,-8.0,7.5,0.1
2025-08-07,078520,,8.1,-4.0,8.1,-3.3
2025-08-08,078520,,8.08,8.0,9.6,-18.8
2025-08-11,078520,,8.36,-7.2,5.2,2.7
2025-08-12,078520,,8.18,3.2,4.8,-8.3
2025-08-13,078520,,8.3,-1.2,4.7,-1.3
2025-08-14,078520,,8.27,23.5,11.1,-33.2
2025-08-18,078520,,9.13,-12.9,17.4,-4.6
2025-08-19,078520,,8.84,-9.3,13.4,-4.3
2025-08-20,078520,,8.53,-5.5,5.4,-0.2
2025-08-21,078520,,8.37,-11.9,1.7,9.8
2025-08-22,078520,,8.01,-0.5,8.5,-7.8
2025-08-25,078520,,7.99,38.3,7.8,-45.5
2025-08-26,078520,,9.21,-14.5,10.6,1.8
2025-08-27,078520,,8.77,-14.3,17.7,-3.0
2025-08-28,078520,,8.35,11.3,42.5,-53.1
2025-08-29,078520,13720.0,8.66,-5.5,4.6,1.8
2025-09-01,078520,,8.51,6.0,20.5,-23.7
2025-09-02,078520,,8.67,-11.2,21.6,-6.0
2025-09-03,078520,,8.39,-10.7,5.0,5.0
2025-09-04,078520,,8.11,13.2,2.7,-11.7
2025-09-05,078520,,8.47,1.2,3.9,-5.7
2025-09-08,078520,,8.56,-1.9,2.2,-0.6
2025-09-09,078520,,8.51,2.9,8.9,-7.3
2025-09-10,078520,,8.59,-22.9,-5.9,29.4
2025-09-11,078520,,7.96,32.6,-24.7,-8.3
2025-09-12,078520,,8.91,19.2,-10.8,-8.1
2025-09-15,078520,,9.47,59.1,-51.1,-9.3
2025-09-16,078520,,11.32,3.1,-9.9,6.7
2025-09-17,078520,,11.43,-1.7,-0.8,2.3
2025-09-18,078520,,11.37,-12.5,-2.0,14.3
2025-09-19,078520,,10.97,8.7,-1.0,-7.6
2025-09-22,078520,,11.26,-5.1,-6.0,10.8
2025-09-23,078520,,11.09,0.9,-0.9,-0.3
2025-09-24,078520,,11.13,5.4,-9.9,5.9
2025-09-25,078520,,11.32,-1.0,-2.9,4.0
2025-09-26,078520,,11.26,-2.4,1.0,1.4
2025-09-29,078520,,11.12,3.8,-1.2,-2.6
2025-09-30,078520,11000.0,11.25,-2.0,1.4,0.7
2025-10-01,078520,,11.18,4.2,1.0,-5.0
2025-10-02,078520,,11.33,9.4,-3.0,-6.6
2025-10-10,078520,,11.67,21.7,-13.1,-8.6
2025-10-13,078520,,12.46,-0.7,1.7,-0.6
2025-10-14,078520,,12.44,4.0,-2.3,-1.6
2025-10-15,078520,,12.61,-1.1,2.4,-1.3
2025-10-16,078520,,12.6,2.9,-2.4,-2.4
2025-10-17,078520,,12.68,7.1,-1.3,-6.0
2025-10-20,078520,,12.95,4.8,-3.6,-1.1
2025-10-21,078520,,13.08,0.9,-4.1,3.1
2025-10-22,078520,,13.11,-0.6,-3.0,3.5
2025-10-23,078520,,13.09,-17.0,12.4,5.3
2025-10-24,078520,,12.47,-7.9,-3.2,11.2
2025-10-27,078520,,12.18,-6.7,-0.2,6.9
2025-10-28,078520,,11.93,-3.1,2.0,1.2
2025-10-29,078520,,11.81,3.1,-2.2,-0.7
2025-10-30,078520,,11.93,-6.8,0.7,6.0
2025-10-31,078520,9740.0,11.31,0.4,-1.5,1.2
2025-11-03,078520,,11.34,4.3,4.1,-8.2
2025-11-04,078520,,11.52,-3.0,2.5,0.5
2025-11-05,078520,,11.33,0.7,2.0,-3.6
2025-11-06,078520,,11.36,-3.5,-0.3,3.8
2025-11-07,078520,,11.22,2.6,1.6,-4.2
2025-11-10,078520,,11.32,-0.0,2.1,-1.9
2025-11-11,078520,,11.32,4.9,-5.5,0.6
2025-11-12,078520,,11.52,3.6,3.2,-6.8
2025-11-13,078520,,11.66,-9.5,-4.8,14.8
2025-11-14,078520,,11.25,3.0,1.8,-4.7
2025-11-17,078520,,11.37,6.5,-0.5,-6.1
2025-11-18,078520,,11.66,1.1,2.8,-3.9
2025-11-19,078520,,11.71,-1.9,9.6,-7.8
2025-11-20,078520,,11.64,18.4,15.4,-35.5
2025-11-21,078520,,12.36,-29.8,3.4,26.6
2025-11-24,078520,,11.24,-5.3,8.3,-3.1
2025-11-25,078520,,11.09,-0.5,2.0,-1.5
2025-11-26,078520,,11.09,-2.7,1.7,1.0
2025-11-27,078520,,10.98,5.3,-5.1,-0.2
2025-11-28,078520,9800.0,11.2,-0.4,9.3,-8.9
2025-12-01,078520,,11.18,-3.4,4.6,-1.2
2025-12-02,078520,,11.06,-2.6,3.0,-0.5
2025-12-03,078520,,10.96,-4.7,1.1,3.6
2025-12-04,078520,,10.79,-2.1,2.7,-0.7
2025-12-05,078520,,10.71,-1.3,0.5,0.7
2025-12-08,078520,,10.66,8.5,6.7,-15.0
2025-12-09,078520,,10.98,-4.3,2.0,2.3
2025-12-10,078520,,10.82,-8.0,2.4,5.6
2025-12-11,078520,,10.51,-0.6,0.6,0.0
2025-12-12,078520,,10.48,-10.3,2.3,8.0
2025-12-15,078520,,10.04,48.6,-2.0,-45.6
2025-12-16,078520,,11.76,13.3,5.3,-20.0
2025-12-17,078520,,12.21,0.9,5.0,-7.6
2025-12-18,078520,,12.24,-4.7,2.3,2.2
2025-12-19,078520,,12.08,-0.4,-3.5,3.8
2025-12-22,078520,,12.08,-5.9,3.0,2.7
2025-12-23,078520,,11.88,2.3,-0.3,-3.0
2025-12-24,078520,,11.99,-0.5,1.1,-0.4
2025-12-26,078520,,11.95,-0.4,0.7,-0.4
2025-12-29,078520,,11.94,-4.6,-1.7,6.3
2025-12-30,078520,10470.0,11.8,-4.7,2.0,2.5
2026-01-02,078520,,11.63,-6.4,2.4,3.4
2026-01-05,078520,,11.38,-3.7,1.9,1.6
2026-01-06,078520,,11.27,-5.9,0.6,4.8
2026-01-07,078520,,11.01,-1.1,1.3,-0.0
2026-01-08,078520,,10.98,-2.6,0.9,1.6
2026-01-09,078520,,10.87,-0.2,1.8,-1.7
2026-01-12,078520,,10.87,9.3,5.5,-14.8
2026-01-13,078520,,11.21,-4.0,-1.3,5.3
2026-01-14,078520,,11.03,-1.6,2.0,-0.5
2026-01-15,078520,,10.97,-2.8,-3.5,6.3
2026-01-16,078520,,10.84,0.1,-5.1,4.8
2026-01-19,078520,,10.86,4.6,-3.7,-1.1
2026-01-20,078520,,11.06,1.8,-2.6,0.8
2026-01-21,078520,,11.12,-2.1,0.6,1.1
2026-01-22,078520,,11.01,6.4,2.4,-8.8
2026-01-23,078520,,11.42,-1.2,0.8,0.2
2026-01-26,078520,,11.34,-2.2,-2.1,3.9
2026-01-27,078520,,11.18,-0.8,-0.0,0.6
2026-01-28,078520,,11.13,0.2,0.0,-0.4
2026-01-29,078520,,11.15,0.9,0.3,-1.5
2026-01-30,078520,10600.0,11.14,-2.7,5.9,-3.1
2026-02-02,078520,,11.05,-0.1,-0.3,0.4
2026-02-03,078520,,11.05,-2.7,-1.1,3.7
2026-02-04,078520,,10.96,1.1,0.1,-1.3
2026-02-05,078520,,10.98,1.8,-0.3,-1.5
2026-02-06,078520,,10.99,-0.3,-0.1,0.4
2026-02-09,078520,,10.95,9.9,5.3,-15.2
2026-02-10,078520,,11.44,2.0,-0.0,-2.0
2026-02-11,078520,,11.51,-5.5,0.4,4.8
2026-02-12,078520,,11.22,8.6,-1.4,-6.7
2026-02-13,078520,,11.48,0.5,-1.7,1.1
2026-02-19,078520,,11.48,2.1,-0.4,-1.8
2026-02-20,078520,,11.58,0.4,2.1,-2.7
2026-02-23,078520,,11.59,2.8,2.4,-5.0
2026-02-24,078520,,11.65,-3.9,2.5,1.2
2026-02-25,078520,,11.5,0.4,1.8,-2.8
2026-02-26,078520,,11.53,-2.3,1.2,0.7
2026-02-27,078520,11490.0,11.37,-0.8,1.1,-0.2
2026-03-03,078520,,11.34,0.9,2.1,-3.5
2026-03-04,078520,,11.39,-5.4,2.0,2.1
2026-03-05,078520,,11.27,3.4,-1.0,-2.3
2026-03-06,078520,,11.39,-4.6,5.8,-1.2
2026-03-09,078520,,11.2,-3.3,5.4,-2.5
2026-03-10,078520,,11.03,-3.0,6.2,-3.2
2026-03-11,078520,,10.87,-6.8,7.9,-1.1
2026-03-12,078520,,10.64,-1.7,6.3,-4.5
2026-03-13,078520,,10.59,-4.7,7.0,-2.2
2026-03-16,078520,,10.47,-8.1,10.2,-1.9
2026-03-17,078520,,10.22,2.3,17.7,-19.7
2026-03-18,078520,,10.37,-7.5,17.8,-10.4
2026-03-19,078520,,10.02,-3.4,17.5,-13.9
2026-03-20,078520,,9.9,7.3,11.1,-18.6
2026-03-23,078520,,10.12,2.0,7.0,-9.0
2026-03-24,078520,,10.21,11.7,5.3,-16.7
2026-03-25,078520,,10.54,-2.9,6.8,-3.1
2026-03-26,078520,,10.42,-0.5,3.1,-2.4
2026-03-27,078520,,10.41,3.9,0.4,-4.3
2026-03-30,078520,,10.53,0.8,-3.5,2.6
2026-03-31,078520,11980.0,10.49,3.0,-1.6,-1.5
2026-04-01,078520,,10.56,1.2,-0.7,-0.7
2026-04-02,078520,,10.58,11.1,-3.6,-6.9
2026-04-03,078520,,10.92,0.1,1.0,-1.2
2026-04-06,078520,,10.91,-0.3,3.3,-3.0
2026-04-07,078520,,10.89,-4.5,3.1,1.2
2026-04-08,078520,,10.74,-2.5,-1.6,4.0
2026-04-09,078520,,10.64,0.2,0.6,-1.0
2026-04-10,078520,,10.65,-1.5,1.3,0.1
2026-04-13,078520,,10.59,-1.0,1.7,-0.7
2026-04-14,078520,,10.55,-3.9,-0.4,4.4
2026-04-15,078520,,10.42,-0.1,-10.1,9.5
2026-04-16,078520,,10.34,3.8,1.2,-5.2
2026-04-17,078520,,10.52,-0.7,2.1,-1.8
2026-04-20,078520,,10.49,-3.3,0.6,2.1
2026-04-21,078520,,10.47,-3.4,-3.5,6.4
2026-04-22,078520,,10.36,2.8,-3.0,0.2
2026-04-23,078520,,10.43,1.7,0.1,-2.7
2026-04-24,078520,,10.55,-3.4,-8.3,10.5
2026-04-27,078520,,10.31,3.5,-4.6,1.2
2026-04-28,078520,,10.46,12.9,-6.4,-6.7
2026-04-29,078520,,10.82,-2.0,-9.2,10.9
2026-04-30,078520,14920.0,10.67,5.2,-5.8,0.2
2026-05-04,078520,,10.82,3.8,-4.3,0.5
2026-05-06,078520,,10.9,-2.8,-1.9,4.4
2026-05-07,078520,,10.8,3.0,-3.7,-0.3
2026-05-08,078520,,10.89,0.5,0.3,-1.1
2026-05-11,078520,,10.92,3.6,-0.6,-2.0
2026-05-12,078520,,11.0,-0.7,0.6,-0.0
2026-05-13,078520,,10.94,-5.6,2.0,3.3
2026-05-14,078520,,10.72,11.7,5.1,-16.5
2026-05-15,078520,,11.15,-2.9,-2.7,5.0
2026-05-18,078520,,11.06,-2.0,-0.1,2.0
2026-05-19,078520,,10.95,-1.7,0.3,1.2
2026-05-20,078520,,10.89,0.1,2.0,-2.0
2026-05-21,078520,,10.9,-0.3,-0.1,0.6
2026-05-22,078520,,10.99,0.3,1.7,-2.2
2026-05-26,078520,,11.02,-3.1,0.5,2.6
2026-05-27,078520,,10.91,-0.8,1.7,-0.9
2026-05-28,078520,,10.85,-1.4,1.8,-0.6
2026-05-29,078520,12320.0,10.82,-0.6,-2.7,3.2
2026-06-01,078520,,10.72,6.0,-3.1,-3.0
2026-06-02,078520,,10.93,2.9,1.2,-3.3
2026-06-04,078520,,11.05,-0.3,0.9,-0.5
2026-06-05,078520,,11.04,0.3,0.1,-0.2
2026-06-08,078520,,11.03,-1.2,0.0,1.2
2026-06-09,078520,,11.04,0.8,-1.3,0.4
2026-06-10,078520,,11.09,0.6,-2.0,1.1
2026-06-11,078520,,11.08,0.0,-0.2,-0.3
2026-06-12,078520,,11.09,1.6,-4.2,2.4
2026-06-15,078520,,11.11,-0.3,-0.5,0.8
2026-06-16,078520,,11.09,2.0,-3.7,1.7
2026-06-17,078520,,11.12,0.6,-0.7,0.1
2026-06-18,078520,,11.14,1.1,-2.5,1.3
2026-06-19,078520,,11.18,4.2,-0.9,-2.0
2026-06-22,078520,,11.34,2.2,-0.4,-1.6
2026-06-23,078520,,11.45,-0.3,0.0,0.3
2026-06-24,078520,,11.38,-0.1,-0.0,0.0
2026-06-25,078520,,11.37,-0.5,-0.0,0.6
2026-06-26,078520,,11.31,0.4,-0.2,-0.3
2026-06-29,078520,,11.3,5.3,-0.0,-5.6
2026-06-30,078520,9860.0,11.53,-0.1,-0.2,0.2
2026-07-01,078520,,11.52,-0.1,2.4,-2.1
2026-07-02,078520,,11.48,-0.6,-0.5,1.1
2026-07-03,078520,,11.39,-0.8,-0.0,0.8
2026-07-06,078520,,11.13,-0.5,-0.0,0.2
2026-07-07,078520,,11.15,0.8,0.3,-1.2
2026-07-08,078520,,11.13,-2.6,-1.2,3.5
2026-07-09,078520,,10.89,-0.6,-2.3,2.9
2026-07-10,078520,,10.85,3.6,-1.6,-1.8
2026-07-13,078520,9870.0,11.04,0.5,-1.1,0.9
2025-07-14,078590,,1.91,0.2,,-0.2
2025-07-15,078590,,1.98,-0.1,,0.1
2025-07-16,078590,,1.95,-0.1,,0.1
2025-07-17,078590,,1.92,-0.0,,0.0
2025-07-18,078590,,1.9,-0.1,,0.1
2025-07-21,078590,,1.88,0.1,,-0.1
2025-07-22,078590,,1.92,-0.1,,0.1
2025-07-23,078590,,1.9,-0.0,,0.0
2025-07-24,078590,,1.89,-0.1,,0.1
2025-07-25,078590,,1.86,-0.3,,0.3
2025-07-28,078590,,1.76,-0.2,,0.2
2025-07-29,078590,,1.67,-0.1,,0.0
2025-07-30,078590,,1.65,0.0,,-0.1
2025-07-31,078590,,1.66,-0.0,,0.0
2025-08-01,078590,,1.65,-0.2,,0.2
2025-08-04,078590,,1.6,0.0,,-0.0
2025-08-05,078590,,1.61,0.0,,-0.0
2025-08-06,078590,,1.61,-0.0,-0.1,0.1
2025-08-07,078590,,1.61,0.0,,-0.0
2025-08-08,078590,,1.62,0.1,,-0.1
2025-08-11,078590,,1.65,-0.0,,0.0
2025-08-12,078590,,1.65,0.0,,0.0
2025-08-13,078590,,1.65,-0.0,,0.0
2025-08-14,078590,,1.65,-0.0,,0.0
2025-08-18,078590,,1.64,-0.0,,0.0
2025-08-19,078590,,1.63,-0.0,,0.1
2025-08-20,078590,,1.62,0.0,,-0.0
2025-08-21,078590,,1.62,-0.0,,0.0
2025-08-22,078590,,1.62,0.1,,-0.1
2025-08-25,078590,,1.65,0.0,,-0.0
2025-08-26,078590,,1.66,-0.1,,0.1
2025-08-27,078590,,1.63,-0.1,,0.1
2025-08-28,078590,,1.6,-0.1,,0.1
2025-08-29,078590,460.0,1.56,-0.1,,0.2
2025-09-01,078590,,1.51,-0.1,,0.1
2025-09-02,078590,,1.48,0.0,,-0.1
2025-09-03,078590,,1.49,-0.0,,0.0
2025-09-04,078590,,1.48,-0.0,,-0.0
2025-09-05,078590,,1.48,0.0,,-0.0
2025-09-08,078590,,1.48,0.0,,-0.0
2025-09-09,078590,,1.49,-0.0,,0.0
2025-09-10,078590,,1.48,-0.0,,0.0
2025-09-11,078590,,1.46,0.1,,-0.1
2025-09-12,078590,,1.48,-0.1,,0.1
2025-09-15,078590,,1.46,0.5,,-0.4
2025-09-16,078590,,1.62,0.3,,-0.2
2025-09-17,078590,,1.75,-0.1,,0.1
2025-09-18,078590,,1.72,-0.1,,0.1
2025-09-19,078590,,1.68,-0.1,,0.1
2025-09-22,078590,,1.64,0.2,,-0.2
2025-09-23,078590,,1.71,-0.1,,0.1
2025-09-24,078590,,1.67,0.1,,-0.1
2025-09-25,078590,,1.71,0.1,,-0.1
2025-09-26,078590,,1.75,-0.0,,0.0
2025-09-29,078590,,1.47,0.1,,-0.1
2025-09-30,078590,477.0,1.5,-0.4,,0.4
2025-10-01,078590,,1.38,0.1,,-0.1
2025-10-02,078590,,1.4,0.3,,-0.3
2025-10-10,078590,,1.5,-0.3,,0.3
2025-10-13,078590,,1.41,-0.0,,0.0
2025-10-14,078590,,1.4,0.2,,-0.2
2025-10-15,078590,,1.47,0.2,,-0.2
2025-10-16,078590,,1.52,0.1,,-0.1
2025-10-17,078590,,1.56,-0.2,,0.2
2025-10-20,078590,,1.51,-1.1,,0.8
2025-10-21,078590,,1.26,0.4,,-0.1
2025-10-22,078590,,1.38,-2.5,,2.0
2025-10-23,078590,,1.08,-0.5,,0.3
2025-10-24,078590,,1.0,-0.0,,0.1
2025-10-27,078590,,1.0,1.5,,-1.5
2025-10-28,078590,,1.32,0.1,,-0.1
2025-10-29,078590,,1.34,-0.5,,0.5
2025-10-30,078590,,1.25,-1.3,,1.3
2025-10-31,078590,934.0,1.03,0.3,0.0,-0.4
2025-11-03,078590,,1.25,-1.1,-0.0,1.3
2025-11-04,078590,,1.1,-0.7,,0.4
2025-11-05,078590,,1.0,-0.6,,0.7
2025-11-06,078590,,1.13,-1.5,,1.5
2025-11-07,078590,,0.89,0.1,,-0.0
2025-11-10,078590,,0.92,0.0,,0.0
2025-11-11,078590,,0.93,-1.0,,1.0
2025-11-12,078590,,0.75,1.9,,-1.9
2025-11-13,078590,,1.08,-1.1,,1.1
2025-11-14,078590,,0.88,1.7,,-1.7
2025-11-17,078590,,1.23,-4.5,0.0,5.9
2025-11-18,078590,,0.56,1.2,,-1.0
2025-11-19,078590,,0.79,-1.3,,1.1
2025-11-20,078590,,0.6,0.6,,-0.6
2025-11-21,078590,,0.72,1.4,,-1.3
2025-11-24,078590,,0.99,0.4,,-0.4
2025-11-25,078590,,1.12,-0.9,,0.8
2025-11-26,078590,,0.96,0.4,,-0.4
2025-11-27,078590,,1.03,-2.0,,2.0
2025-11-28,078590,818.0,0.68,1.1,,-1.1
2025-12-01,078590,,0.88,-0.2,,0.2
2025-12-02,078590,,0.84,0.0,,-0.0
2025-12-03,078590,,0.85,0.4,,-0.4
2025-12-04,078590,,0.93,0.6,,-0.6
2025-12-05,078590,,1.04,0.0,,-0.0
2025-12-08,078590,,1.05,-0.3,,1.9
2025-12-09,078590,,1.0,0.1,,-0.1
2025-12-10,078590,,1.02,0.2,,-0.2
2025-12-11,078590,,1.05,0.8,,-0.8
2025-12-12,078590,,1.2,1.2,,-1.1
2025-12-15,078590,,1.43,-0.0,,0.0
2025-12-16,078590,,1.43,-0.9,,0.9
2025-12-17,078590,,1.26,0.2,,-0.2
2025-12-18,078590,,1.29,0.0,,-0.0
2025-12-19,078590,,1.3,-0.0,,0.0
2025-12-22,078590,,1.29,0.5,,-0.5
2025-12-23,078590,,1.39,0.5,,-0.4
2025-12-24,078590,,1.6,0.3,,-0.3
2025-12-26,078590,,1.65,0.1,,-0.1
2025-12-29,078590,,1.66,-0.9,,0.8
2025-12-30,078590,793.0,1.58,0.8,,-0.7
2026-01-02,078590,,1.74,-1.5,,1.4
2026-01-05,078590,,1.46,-0.9,,1.0
2026-01-06,078590,,1.3,0.3,,-0.3
2026-01-07,078590,,1.39,1.5,,-1.6
2026-01-08,078590,,1.73,-0.5,,0.5
2026-01-09,078590,,1.61,-0.2,,0.3
2026-01-12,078590,,1.55,-0.3,,0.2
2026-01-13,078590,,1.5,0.2,,-0.1
2026-01-14,078590,,1.56,-0.2,,0.2
2026-01-15,078590,,1.54,2.1,,0.7
2026-01-16,078590,,1.88,1.0,,2.3
2026-01-19,078590,,2.08,-1.1,,4.2
2026-01-20,078590,,1.85,-1.3,,5.3
2026-01-21,078590,,1.39,14.9,,50.8
2026-01-22,078590,,3.59,-0.2,0.0,1.5
2026-01-23,078590,,3.57,5.3,-0.0,-3.7
2026-01-26,078590,,4.11,-19.2,,19.5
2026-01-27,078590,,2.26,0.3,,-0.1
2026-01-28,078590,,2.27,1.8,,-1.8
2026-01-29,078590,,2.35,5.4,,-5.6
2026-01-30,078590,910.0,3.07,3.2,,-2.7
2026-02-02,078590,,3.51,-0.8,-0.0,1.0
2026-02-03,078590,,3.42,0.8,,-0.8
2026-02-04,078590,,3.43,2.5,-0.0,-2.6
2026-02-05,078590,,3.82,-0.7,,0.4
2026-02-06,078590,,3.71,-2.9,,2.7
2026-02-09,078590,,3.26,-1.3,,1.2
2026-02-10,078590,,3.07,-7.5,,7.4
2026-02-11,078590,,1.93,0.4,,10.4
2026-02-12,078590,,2.0,-0.1,,3.0
2026-02-13,078590,,1.94,-0.8,,0.8
2026-02-19,078590,,1.8,1.3,-0.0,-1.2
2026-02-20,078590,,2.05,-3.3,-0.0,3.3
2026-02-23,078590,,1.49,-1.1,,0.8
2026-02-24,078590,,1.3,-1.0,,0.9
2026-02-25,078590,,1.14,-1.9,,2.3
2026-02-26,078590,,0.84,-0.3,,0.2
2026-02-27,078590,705.0,0.83,0.2,,-0.2
2026-03-03,078590,,0.88,7.8,,-7.8
2026-03-04,078590,,2.32,2.8,,-2.7
2026-03-05,078590,,2.88,0.1,,-0.0
2026-03-06,078590,,2.9,0.0,,0.1
2026-03-09,078590,,2.9,-0.1,,0.1
2026-03-10,078590,,2.88,0.8,,-0.8
2026-03-11,078590,,2.95,-3.6,,3.4
2026-03-12,078590,,2.29,1.9,,-2.1
2026-03-13,078590,,2.72,0.4,-0.1,-0.2
2026-03-16,078590,,2.84,1.1,,-1.1
2026-03-17,078590,,3.08,-3.7,,4.1
2026-03-18,078590,,2.38,0.8,0.0,-1.7
2026-03-19,078590,,2.41,-11.5,,10.4
2026-03-20,078590,,1.31,9.9,,-8.6
2026-03-23,078590,,2.62,-5.6,,4.4
2026-03-24,078590,,2.0,5.9,,-5.7
2026-03-25,078590,,2.71,3.9,,-4.0
2026-03-26,078590,,3.17,-0.2,,0.2
2026-03-27,078590,,3.21,5.1,,-4.5
2026-03-30,078590,,3.94,2.8,,-2.9
2026-03-31,078590,750.0,4.36,8.7,,-8.7
2026-04-01,078590,,5.55,-5.1,,4.0
2026-04-02,078590,,4.84,-10.5,,10.6
2026-04-03,078590,,3.29,0.1,,-0.8
2026-04-06,078590,,3.3,1.1,,-0.6
2026-04-07,078590,,3.48,0.4,,-0.2
2026-04-08,078590,,3.02,-1.6,,1.3
2026-04-09,078590,,2.85,-1.4,,1.4
2026-04-10,078590,,2.67,-0.7,,-0.0
2026-04-13,078590,,2.58,0.8,,-0.9
2026-04-14,078590,,2.7,-0.5,,1.2
2026-04-15,078590,,3.19,1.7,,-0.9
2026-04-16,078590,,3.42,-2.0,,2.0
2026-04-17,078590,,3.14,0.0,,-0.1
2026-04-20,078590,,3.14,0.8,,-1.2
2026-04-21,078590,,3.26,0.9,,-0.8
2026-04-22,078590,,3.42,1.6,,-1.6
2026-04-23,078590,,3.66,-3.5,0.2,2.9
2026-04-24,078590,,3.16,-0.6,,0.3
2026-04-27,078590,,3.38,-0.3,,-0.1
2026-04-28,078590,,2.8,3.6,,-3.7
2026-04-29,078590,,3.48,,,
2026-04-30,078590,525.0,3.48,,,
2026-05-04,078590,,3.49,,,
2026-05-06,078590,,3.49,,,
2026-05-07,078590,,3.49,,,
2026-05-08,078590,,3.49,,,
2026-05-11,078590,,3.49,,,
2026-05-12,078590,,3.49,,,
2026-05-13,078590,,3.49,,,
2026-05-14,078590,,3.49,,,
2026-05-15,078590,,3.49,,,
2026-05-18,078590,,3.49,,,
2026-05-19,078590,,3.49,,,
2026-05-20,078590,,3.49,,,
2026-05-21,078590,,3.49,,,
2026-05-22,078590,,3.49,,,
2026-05-26,078590,,3.49,,,
2026-05-27,078590,,19.45,-0.1,0.8,-2.5
2026-05-28,078590,,1.91,-0.0,0.0,0.1
2026-05-29,078590,3825.0,1.92,1.0,-0.0,-1.1
2026-06-01,078590,,1.85,-0.5,0.0,0.5
2026-06-02,078590,,1.75,1.5,-0.0,-1.5
2026-06-04,078590,,1.74,-1.1,-0.0,1.4
2026-06-05,078590,,1.37,0.3,0.0,-0.4
2026-06-08,078590,,1.46,0.0,-0.0,0.0
2026-06-09,078590,,1.46,-0.5,-0.0,0.6
2026-06-10,078590,,1.27,0.8,-0.0,-0.8
2026-06-11,078590,,1.59,-0.1,-0.0,0.0
2026-06-12,078590,,1.55,-0.6,0.0,0.5
2026-06-15,078590,,1.37,-0.3,0.0,0.4
2026-06-16,078590,,1.25,-0.1,-0.0,0.1
2026-06-17,078590,,1.23,-0.0,-0.0,0.0
2026-06-18,078590,,1.23,-0.1,-0.0,0.2
2026-06-19,078590,,1.19,0.1,-0.0,-0.1
2026-06-22,078590,,1.24,0.3,-0.0,-0.3
2026-06-23,078590,,1.37,0.6,0.0,-0.5
2026-06-24,078590,,1.62,-0.3,-0.0,0.4
2026-06-25,078590,,1.52,-0.1,0.0,0.1
2026-06-26,078590,,1.47,1.0,-0.0,-0.2
2026-06-29,078590,,1.96,-0.0,-0.0,0.0
2026-06-30,078590,2230.0,1.94,-0.0,0.0,0.0
2026-07-01,078590,,1.93,0.3,0.0,-0.3
2026-07-02,078590,,2.04,-0.1,-0.0,0.1
2026-07-03,078590,,1.99,-0.2,-0.0,0.3
2026-07-06,078590,,1.88,0.1,-0.0,-0.1
2026-07-07,078590,,1.94,0.1,0.0,-0.1
2026-07-08,078590,,2.0,0.2,-0.0,-0.2
2026-07-09,078590,,2.1,0.3,-0.0,-0.3
2026-07-10,078590,,2.28,0.1,0.0,-0.0
2026-07-13,078590,2090.0,2.29,0.2,0.0,-0.2
2025-07-14,078600,,17.66,-10.5,2.1,8.2
2025-07-15,078600,,17.53,-20.2,-3.0,22.4
2025-07-16,078600,,17.31,-11.5,3.3,10.1
2025-07-17,078600,,17.12,-13.8,-2.5,14.9
2025-07-18,078600,,16.97,173.0,30.0,-200.9
2025-07-21,078600,,18.45,-21.3,20.7,-2.0
2025-07-22,078600,,18.19,-43.0,2.0,38.5
2025-07-23,078600,,17.81,-32.3,19.1,11.9
2025-07-24,078600,,17.7,-23.6,5.1,18.3
2025-07-25,078600,,17.48,-12.8,-4.6,16.7
2025-07-28,078600,,17.31,-15.3,6.4,8.9
2025-07-29,078600,,17.2,-5.2,5.8,-2.6
2025-07-30,078600,,17.16,14.8,5.0,-19.3
2025-07-31,078600,,17.36,-32.1,-43.3,73.9
2025-08-01,078600,,17.09,1.2,-16.8,16.0
2025-08-04,078600,,17.11,-1.9,-1.1,2.0
2025-08-05,078600,,17.12,49.1,3.5,-52.5
2025-08-06,078600,,17.59,-2.0,4.5,-2.5
2025-08-07,078600,,17.55,-3.8,0.7,2.7
2025-08-08,078600,,17.55,-13.4,1.7,11.8
2025-08-11,078600,,17.42,10.5,-15.3,4.9
2025-08-12,078600,,17.55,7.2,-4.1,-3.4
2025-08-13,078600,,17.62,-4.2,-2.5,6.4
2025-08-14,078600,,17.58,-8.2,-7.5,16.3
2025-08-18,078600,,17.55,-26.6,-32.4,57.6
2025-08-19,078600,,17.3,-23.6,-1.2,25.0
2025-08-20,078600,,16.84,-11.9,-5.2,17.0
2025-08-21,078600,,16.59,-13.1,-2.5,15.7
2025-08-22,078600,,16.55,-18.1,1.5,16.3
2025-08-25,078600,,16.38,-1.9,-0.2,2.4
2025-08-26,078600,,16.77,-2.9,-3.5,6.0
2025-08-27,078600,,16.91,-11.3,0.1,10.8
2025-08-28,078600,,16.8,-11.6,-0.9,13.5
2025-08-29,078600,69300.0,16.69,-31.9,-5.8,37.4
2025-09-01,078600,,16.38,-16.5,-17.6,30.4
2025-09-02,078600,,16.22,-7.8,-11.3,20.1
2025-09-03,078600,,16.14,-3.2,-15.1,18.2
2025-09-04,078600,,16.11,-8.2,-5.1,11.8
2025-09-05,078600,,15.97,2.0,-14.8,12.7
2025-09-08,078600,,16.0,0.5,1.0,-1.6
2025-09-09,078600,,16.02,-8.9,-4.1,14.4
2025-09-10,078600,,15.92,-1.8,-5.2,6.9
2025-09-11,078600,,15.93,-9.9,1.6,8.8
2025-09-12,078600,,15.76,3.4,-8.0,4.4
2025-09-15,078600,,15.8,0.7,-14.9,12.0
2025-09-16,078600,,15.8,0.7,-9.8,8.9
2025-09-17,078600,,15.81,-3.7,-0.3,4.1
2025-09-18,078600,,15.78,12.3,-7.0,-3.9
2025-09-19,078600,,15.93,-14.2,-2.3,16.6
2025-09-22,078600,,15.79,1.1,4.8,-5.9
2025-09-23,078600,,15.8,13.1,1.3,-14.3
2025-09-24,078600,,15.95,-26.2,-1.2,26.0
2025-09-25,078600,,15.68,6.3,-29.0,23.4
2025-09-26,078600,,15.77,-40.2,-4.9,45.5
2025-09-29,078600,,15.4,-5.5,-2.7,8.2
2025-09-30,078600,66000.0,15.18,-4.1,-8.3,12.3
2025-10-01,078600,,15.13,-7.4,-0.6,8.4
2025-10-02,078600,,15.1,-4.2,-11.3,15.1
2025-10-10,078600,,15.08,9.4,-10.0,0.7
2025-10-13,078600,,15.21,10.7,-3.4,-7.5
2025-10-14,078600,,15.49,-2.5,-5.6,7.4
2025-10-15,078600,,15.49,-3.3,-1.2,4.2
2025-10-16,078600,,15.45,43.8,-4.8,-39.2
2025-10-17,078600,,16.16,31.2,35.7,-67.9
2025-10-20,078600,,16.22,-9.8,-3.6,14.9
2025-10-21,078600,,16.17,23.6,0.7,-25.9
2025-10-22,078600,,16.42,-51.9,-12.4,61.0
2025-10-23,078600,,16.11,11.7,-3.5,-8.0
2025-10-24,078600,,16.19,162.9,66.0,-224.0
2025-10-27,078600,,17.66,-149.2,2.0,146.4
2025-10-28,078600,,16.25,-2.1,-17.3,18.9
2025-10-29,078600,,16.2,7.6,-0.5,-7.7
2025-10-30,078600,,16.31,22.6,-15.7,-6.6
2025-10-31,078600,75600.0,16.5,-8.6,-12.2,21.1
2025-11-03,078600,,16.31,-4.6,1.8,2.0
2025-11-04,078600,,16.28,2.1,10.4,-15.0
2025-11-05,078600,,16.33,-19.8,-22.9,43.2
2025-11-06,078600,,16.14,15.3,6.6,-19.9
2025-11-07,078600,,16.27,-28.5,-15.2,43.3
2025-11-10,078600,,15.95,12.0,3.5,-16.7
2025-11-11,078600,,16.06,-5.3,-4.3,9.0
2025-11-12,078600,,15.99,12.9,-4.8,-8.2
2025-11-13,078600,,16.16,11.3,1.7,-11.0
2025-11-14,078600,,16.23,15.3,-47.5,31.7
2025-11-17,078600,,16.03,-15.3,-4.8,20.0
2025-11-18,078600,,15.94,-44.8,-4.4,49.2
2025-11-19,078600,,15.53,-12.4,-7.3,19.9
2025-11-20,078600,,15.41,7.5,-8.0,-0.4
2025-11-21,078600,,15.5,-14.4,-8.3,23.0
2025-11-24,078600,,15.41,-1.1,1.6,-0.3
2025-11-25,078600,,15.45,-2.3,0.6,2.1
2025-11-26,078600,,15.45,9.7,4.8,-15.2
2025-11-27,078600,,15.57,9.9,-0.2,-9.7
2025-11-28,078600,73600.0,15.67,18.4,10.2,-28.4
2025-12-01,078600,,15.87,25.4,12.0,-37.4
2025-12-02,078600,,15.89,19.5,18.7,-37.6
2025-12-03,078600,,16.06,16.9,5.6,-21.6
2025-12-04,078600,,16.25,98.4,13.7,-2.6
2025-12-05,078600,,17.08,-13.2,-1.4,14.2
2025-12-08,078600,,16.88,14.5,3.2,-18.6
2025-12-09,078600,,16.91,6.2,13.2,-19.3
2025-12-10,078600,,16.94,-7.3,-0.7,7.6
2025-12-11,078600,,16.91,23.4,-24.2,0.8
2025-12-12,078600,,17.19,-9.3,17.5,-8.1
2025-12-15,078600,,17.14,3.5,-2.1,-1.6
2025-12-16,078600,,17.23,-56.6,-11.9,69.0
2025-12-17,078600,,16.59,-32.4,4.1,28.1
2025-12-18,078600,,16.23,-52.1,-7.2,58.9
2025-12-19,078600,,15.59,-22.9,-6.0,28.6
2025-12-22,078600,,15.36,-7.5,-2.4,8.9
2025-12-23,078600,,15.3,-10.6,0.2,10.5
2025-12-24,078600,,15.17,-17.3,3.8,16.1
2025-12-26,078600,,15.02,-17.3,6.1,12.3
2025-12-29,078600,,14.85,-13.1,-5.3,18.5
2025-12-30,078600,63500.0,14.71,-41.9,-11.6,52.6
2026-01-02,078600,,14.23,-13.9,-13.8,27.7
2026-01-05,078600,,14.06,17.3,-30.4,11.6
2026-01-06,078600,,14.44,-10.1,-8.5,18.1
2026-01-07,078600,,14.32,-5.5,-26.2,34.4
2026-01-08,078600,,14.12,12.5,-19.0,6.5
2026-01-09,078600,,14.23,-11.5,-0.6,11.3
2026-01-12,078600,,14.1,-5.1,3.5,1.5
2026-01-13,078600,,14.07,-10.8,-0.6,10.8
2026-01-14,078600,,14.01,-12.1,-9.3,21.7
2026-01-15,078600,,13.88,2.9,-7.5,4.8
2026-01-16,078600,,13.94,-21.8,-14.7,43.2
2026-01-19,078600,,13.65,18.7,5.7,-24.8
2026-01-20,078600,,13.93,-17.7,14.7,3.1
2026-01-21,078600,,13.68,-20.1,8.6,11.0
2026-01-22,078600,,13.32,28.2,37.3,-67.5
2026-01-23,078600,,13.87,-219.2,60.4,151.7
2026-01-26,078600,,11.43,20.9,121.5,-138.8
2026-01-27,078600,,11.69,-8.7,83.5,-73.2
2026-01-28,078600,,11.66,41.2,90.8,-136.5
2026-01-29,078600,,11.5,27.3,76.7,-100.0
2026-01-30,078600,75800.0,11.89,7.4,52.3,-51.4
2026-02-02,078600,,11.81,44.5,-27.9,-15.7
2026-02-03,078600,,12.74,-16.5,28.5,-12.8
2026-02-04,078600,,12.31,8.6,14.9,-22.8
2026-02-05,078600,,12.38,4.6,-20.6,13.6
2026-02-06,078600,,12.35,11.3,-7.1,0.7
2026-02-09,078600,,12.47,269.9,260.7,-522.2
2026-02-10,078600,,14.89,-44.9,328.9,-274.1
2026-02-11,078600,,14.6,-20.7,28.9,-10.2
2026-02-12,078600,,14.23,-68.1,11.7,57.5
2026-02-13,078600,,13.63,43.3,-33.9,-7.4
2026-02-19,078600,,13.97,7.0,170.6,-173.9
2026-02-20,078600,,14.21,-27.3,36.2,-8.0
2026-02-23,078600,,13.85,-49.1,10.8,31.6
2026-02-24,078600,,13.23,28.1,88.7,-123.4
2026-02-25,078600,,13.37,-72.7,30.3,53.8
2026-02-26,078600,,13.11,-29.5,11.1,18.1
2026-02-27,078600,100700.0,12.9,82.4,42.3,-124.0
2026-03-03,078600,,13.68,27.2,15.1,-50.4
2026-03-04,078600,,13.8,97.0,31.1,-124.3
2026-03-05,078600,,14.53,19.5,220.9,-242.6
2026-03-06,078600,,14.65,1.2,354.3,-352.4
2026-03-09,078600,,14.63,-68.4,77.9,-10.6
2026-03-10,078600,,13.73,-116.2,-21.4,128.0
2026-03-11,078600,,12.69,-4.8,-39.5,53.5
2026-03-12,078600,,12.79,-14.3,93.5,-81.6
2026-03-13,078600,,12.84,-62.4,31.1,31.8
2026-03-16,078600,,12.4,-39.3,56.7,-18.2
2026-03-17,078600,,12.18,-61.4,130.5,-72.6
2026-03-18,078600,,11.63,-60.0,58.1,7.6
2026-03-19,078600,,11.58,-12.7,53.1,-39.2
2026-03-20,078600,,11.73,-24.8,119.2,-107.6
2026-03-23,078600,,11.66,-69.8,76.1,2.9
2026-03-24,078600,,11.25,-2.5,4.3,0.0
2026-03-25,078600,,11.25,60.5,84.5,-137.3
2026-03-26,078600,,11.68,40.3,131.8,-171.9
2026-03-27,078600,,11.97,-38.5,91.7,-53.7
2026-03-30,078600,,11.85,-48.1,1.5,52.7
2026-03-31,078600,126100.0,11.55,-5.6,25.4,-16.0
2026-04-01,078600,,11.53,-22.7,-20.9,39.6
2026-04-02,078600,,11.37,59.1,-47.2,-12.1
2026-04-03,078600,,11.64,-5.9,74.3,-67.2
2026-04-06,078600,,11.89,-24.1,32.8,-5.8
2026-04-07,078600,,11.79,60.6,-18.0,-38.3
2026-04-08,078600,,12.13,46.7,-70.8,25.5
2026-04-09,078600,,12.25,61.8,-56.5,-5.5
2026-04-10,078600,,12.42,102.8,-1.2,-101.3
2026-04-13,078600,,13.2,-48.2,16.0,32.0
2026-04-14,078600,,12.84,-48.5,-218.3,263.3
2026-04-15,078600,,12.52,366.4,52.9,-417.6
2026-04-16,078600,,15.07,-108.1,27.8,83.3
2026-04-17,078600,,14.02,-14.9,26.9,-4.8
2026-04-20,078600,,13.89,-34.4,6.3,21.8
2026-04-21,078600,,13.69,193.3,107.6,-310.4
2026-04-22,078600,,14.96,-119.2,-44.3,163.9
2026-04-23,078600,,14.05,-92.8,4.6,90.6
2026-04-24,078600,,13.62,-92.1,95.5,-5.1
2026-04-27,078600,,13.09,-199.4,-118.4,304.7
2026-04-28,078600,,12.34,-39.8,-124.0,161.7
2026-04-29,078600,,12.16,-2.6,-36.8,39.0
2026-04-30,078600,158500.0,11.96,-2.6,-65.6,69.0
2026-05-04,078600,,11.08,0.8,-108.0,113.2
2026-05-06,078600,,10.99,-2.2,-121.8,125.5
2026-05-07,078600,,10.96,-67.1,-58.1,130.3
2026-05-08,078600,,9.71,20.9,-28.3,13.9
2026-05-11,078600,,9.76,159.0,-229.5,69.9
2026-05-12,078600,,10.52,21.7,101.2,-107.0
2026-05-13,078600,,10.84,50.3,-100.7,32.5
2026-05-14,078600,,11.02,-45.2,120.6,-79.6
2026-05-15,078600,,10.93,-107.4,149.8,-22.3
2026-05-18,078600,,10.65,82.0,-38.4,-53.6
2026-05-19,078600,,10.84,-13.6,-67.4,80.7
2026-05-20,078600,,10.72,176.9,-116.4,-65.3
2026-05-21,078600,,12.55,-93.9,-83.4,176.8
2026-05-22,078600,,12.07,310.9,87.2,-395.1
2026-05-26,078600,,13.9,79.3,-14.4,-68.2
2026-05-27,078600,,14.25,-60.2,-63.3,121.4
2026-05-28,078600,,13.31,-24.7,36.9,-5.7
2026-05-29,078600,153100.0,13.12,-47.5,47.5,2.6
2026-06-01,078600,,12.74,69.2,-135.0,53.2
2026-06-02,078600,,12.91,46.4,-109.8,54.0
2026-06-04,078600,,13.3,-16.7,1.3,13.0
2026-06-05,078600,,13.18,43.8,-17.0,-20.9
2026-06-08,078600,,13.49,74.2,-17.2,-62.1
2026-06-09,078600,,13.82,125.1,-16.9,-80.4
2026-06-10,078600,,14.57,6.8,27.7,-28.3
2026-06-11,078600,,14.58,40.4,-81.6,42.5
2026-06-12,078600,,14.73,1.9,-49.8,51.4
2026-06-15,078600,,14.65,-26.5,-51.5,79.3
2026-06-16,078600,,14.38,51.4,19.8,-77.8
2026-06-17,078600,,14.62,-102.1,-35.8,142.1
2026-06-18,078600,,13.82,-20.7,-103.8,121.2
2026-06-19,078600,,13.67,89.2,-82.4,-4.0
2026-06-22,078600,,14.42,26.8,-9.9,-18.1
2026-06-23,078600,,14.65,106.8,-76.0,-29.8
2026-06-24,078600,,15.4,25.2,6.7,-30.1
2026-06-25,078600,,15.44,85.3,-48.5,-36.3
2026-06-26,078600,,15.9,65.2,-28.9,-39.3
2026-06-29,078600,,16.62,-14.9,47.7,-28.1
2026-06-30,078600,97300.0,16.47,-2.9,-6.9,9.3
2026-07-01,078600,,16.16,10.9,-21.2,8.1
2026-07-02,078600,,16.16,26.3,-37.1,9.2
2026-07-03,078600,,16.31,74.9,-68.7,-7.5
2026-07-06,078600,,17.12,36.8,-42.0,3.9
2026-07-07,078600,,17.62,49.2,-12.5,-36.7
2026-07-08,078600,,18.19,56.6,-53.9,-2.9
2026-07-09,078600,,18.69,0.5,9.4,-9.8
2026-07-10,078600,,18.7,2.4,-15.1,12.3
2026-07-13,078600,81000.0,18.7,-56.1,23.5,37.7
2025-07-14,078860,,0.27,0.1,,0.2
2025-07-15,078860,,0.29,-0.1,,0.4
2025-07-16,078860,,0.28,-0.0,,0.2
2025-07-17,078860,,0.27,0.8,,-0.9
2025-07-18,078860,,0.39,-0.1,,0.1
2025-07-21,078860,,0.37,-0.4,,0.4
2025-07-22,078860,,0.32,-0.1,,0.1
2025-07-23,078860,,0.31,-0.1,,0.1
2025-07-24,078860,,0.29,-0.1,,0.1
2025-07-25,078860,,0.28,0.1,,-0.1
2025-07-28,078860,,0.3,3.1,,-3.1
2025-07-29,078860,,0.64,1.6,,-1.7
2025-07-30,078860,,0.81,-0.1,,0.3
2025-07-31,078860,,0.8,-0.5,,0.5
2025-08-01,078860,,0.79,-0.5,,0.5
2025-08-04,078860,,0.73,0.4,,-0.4
2025-08-05,078860,,0.78,0.1,,-0.1
2025-08-06,078860,,0.79,-0.6,,0.6
2025-08-07,078860,,0.73,-0.2,,0.2
2025-08-08,078860,,0.72,0.7,-0.1,-0.6
2025-08-11,078860,,0.8,-0.5,,0.5
2025-08-12,078860,,0.74,-0.0,,0.0
2025-08-13,078860,,0.74,0.1,,-0.3
2025-08-14,078860,,0.75,3.4,,-3.5
2025-08-18,078860,,1.15,-0.2,,0.2
2025-08-19,078860,,1.12,-0.4,,0.4
2025-08-20,078860,,1.08,1.1,,-1.1
2025-08-21,078860,,1.21,-0.7,,0.7
2025-08-22,078860,,1.12,0.5,,-0.4
2025-08-25,078860,,1.18,-0.2,,0.2
2025-08-26,078860,,1.15,-0.2,,0.1
2025-08-27,078860,,1.12,-0.2,,0.2
2025-08-28,078860,,1.1,0.2,,-0.1
2025-08-29,078860,1418.0,1.13,-0.1,,-0.0
2025-09-01,078860,,1.12,-0.0,,0.0
2025-09-02,078860,,1.12,-0.1,,0.1
2025-09-03,078860,,1.11,-0.7,,0.7
2025-09-04,078860,,1.03,-0.1,,0.1
2025-09-05,078860,,1.02,-0.2,,0.2
2025-09-08,078860,,1.0,-0.3,,0.4
2025-09-09,078860,,0.96,0.0,,0.1
2025-09-10,078860,,0.96,-0.2,,0.2
2025-09-11,078860,,0.94,-0.1,,0.1
2025-09-12,078860,,0.93,-0.3,,0.3
2025-09-15,078860,,0.89,0.1,,-0.1
2025-09-16,078860,,0.91,-0.0,,0.0
2025-09-17,078860,,0.91,-0.2,,0.2
2025-09-18,078860,,0.88,-0.0,,0.0
2025-09-19,078860,,0.88,-0.1,,0.1
2025-09-22,078860,,0.87,-0.2,,0.2
2025-09-23,078860,,0.85,-0.0,,0.1
2025-09-24,078860,,0.84,0.0,,-0.0
2025-09-25,078860,,0.84,-0.0,,0.1
2025-09-26,078860,,0.84,-0.0,,0.0
2025-09-29,078860,,0.84,-0.0,,0.0
2025-09-30,078860,1447.0,0.83,0.6,-0.8,0.3
2025-10-01,078860,,0.9,0.2,-0.6,0.4
2025-10-02,078860,,0.92,0.2,,-0.2
2025-10-10,078860,,0.94,-0.2,,0.2
2025-10-13,078860,,0.92,0.0,,-0.1
2025-10-14,078860,,0.92,-0.2,,0.2
2025-10-15,078860,,0.91,-0.1,,0.1
2025-10-16,078860,,0.9,-0.2,,0.2
2025-10-17,078860,,0.88,-0.0,,0.0
2025-10-20,078860,,0.87,0.2,,-0.2
2025-10-21,078860,,0.9,-0.1,,0.1
2025-10-22,078860,,0.88,0.0,,-0.0
2025-10-23,078860,,0.88,0.1,,-0.1
2025-10-24,078860,,0.9,0.2,,-0.2
2025-10-27,078860,,0.94,-0.2,-0.0,0.2
2025-10-28,078860,,0.9,-0.1,,0.1
2025-10-29,078860,,0.88,-0.1,,0.1
2025-10-30,078860,,0.87,-0.3,,0.3
2025-10-31,078860,1297.0,0.83,-0.1,,0.1
2025-11-03,078860,,0.82,-0.3,,0.3
2025-11-04,078860,,0.77,-0.1,,0.1
2025-11-05,078860,,0.75,-0.7,,0.7
2025-11-06,078860,,0.66,-0.0,,0.0
2025-11-07,078860,,0.66,-0.0,,0.0
2025-11-10,078860,,0.65,-0.0,,0.0
2025-11-11,078860,,0.65,-0.2,,0.2
2025-11-12,078860,,0.63,0.2,,-0.2
2025-11-13,078860,,0.66,-0.0,,0.0
2025-11-14,078860,,0.66,-0.2,,0.2
2025-11-17,078860,,0.63,-0.0,,0.0
2025-11-18,078860,,0.62,0.0,,-0.0
2025-11-19,078860,,0.62,-0.1,,0.1
2025-11-20,078860,,0.62,0.6,,-0.6
2025-11-21,078860,,0.7,0.6,,-0.6
2025-11-24,078860,,0.77,-0.1,,0.8
2025-11-25,078860,,0.76,-0.0,,0.5
2025-11-26,078860,,0.76,-0.2,,0.3
2025-11-27,078860,,0.73,-0.0,,0.2
2025-11-28,078860,1270.0,0.73,-0.0,,-0.0
2025-12-01,078860,,0.73,0.1,,-0.1
2025-12-02,078860,,0.74,-0.0,,0.0
2025-12-03,078860,,0.74,0.0,,-0.0
2025-12-04,078860,,0.74,-0.2,,0.1
2025-12-05,078860,,0.72,-0.0,,0.0
2025-12-08,078860,,0.72,-0.0,,0.0
2025-12-09,078860,,0.71,-0.1,,0.1
2025-12-10,078860,,0.7,0.0,,-0.0
2025-12-11,078860,,0.7,0.0,,-0.0
2025-12-12,078860,,0.71,-0.1,,0.1
2025-12-15,078860,,0.7,0.0,,-0.0
2025-12-16,078860,,0.71,0.0,,-0.0
2025-12-17,078860,,0.71,0.1,,-0.1
2025-12-18,078860,,0.72,-0.0,,0.0
2025-12-19,078860,,0.72,-0.1,,0.1
2025-12-22,078860,,0.7,-0.2,,0.2
2025-12-23,078860,,0.67,0.0,,-0.0
2025-12-24,078860,,0.69,-0.0,,0.0
2025-12-26,078860,,0.68,-0.1,,0.1
2025-12-29,078860,,0.67,-0.0,,0.0
2025-12-30,078860,1057.0,0.67,0.2,,-0.2
2026-01-02,078860,,0.71,-0.1,-0.0,0.1
2026-01-05,078860,,0.7,-0.0,,0.0
2026-01-06,078860,,0.69,0.1,,-0.1
2026-01-07,078860,,0.72,0.3,,0.4
2026-01-08,078860,,0.77,-0.2,,0.4
2026-01-09,078860,,0.74,0.0,,-0.0
2026-01-12,078860,,0.75,0.0,,0.5
2026-01-13,078860,,0.76,0.3,,-0.3
2026-01-14,078860,,0.82,-0.1,,0.1
2026-01-15,078860,,0.8,-0.0,,0.0
2026-01-16,078860,,0.79,-0.2,,0.2
2026-01-19,078860,,0.77,0.1,,-0.1
2026-01-20,078860,,0.78,-0.1,,0.2
2026-01-21,078860,,0.77,-0.2,,0.2
2026-01-22,078860,,0.74,-0.1,,0.1
2026-01-23,078860,,0.73,-0.1,,0.1
2026-01-26,078860,,0.71,0.1,,-0.1
2026-01-27,078860,,0.73,-0.2,,0.5
2026-01-28,078860,,0.7,0.5,,-0.1
2026-01-29,078860,,0.79,-0.1,,0.2
2026-01-30,078860,1013.0,0.78,-0.3,,0.5
2026-02-02,078860,,0.72,-0.1,,0.1
2026-02-03,078860,,0.7,-0.1,,0.2
2026-02-04,078860,,0.69,0.1,,0.4
2026-02-05,078860,,0.71,0.4,,1.5
2026-02-06,078860,,0.77,0.3,,1.1
2026-02-09,078860,,0.83,-0.2,,0.3
2026-02-10,078860,,0.81,-0.0,,0.1
2026-02-11,078860,,0.8,0.5,,-0.5
2026-02-12,078860,,0.88,-0.2,,0.2
2026-02-13,078860,,0.85,-0.1,,0.1
2026-02-19,078860,,0.84,-0.1,,0.1
2026-02-20,078860,,0.83,-0.2,,0.2
2026-02-23,078860,,0.8,-0.8,,0.9
2026-02-24,078860,,0.65,0.6,,-0.3
2026-02-25,078860,,0.8,3.0,,2.6
2026-02-26,078860,,1.85,0.4,,-0.4
2026-02-27,078860,407.0,2.07,1.0,,-1.0
2026-03-03,078860,,2.52,0.7,,-1.0
2026-03-04,078860,,2.85,0.5,,-0.5
2026-03-05,078860,,3.14,0.9,,-0.8
2026-03-06,078860,,3.51,0.5,,-0.5
2026-03-09,078860,,3.72,0.6,,-0.5
2026-03-10,078860,,4.0,0.0,,-0.0
2026-03-11,078860,,4.0,0.1,,-0.1
2026-03-12,078860,,4.04,-0.0,0.0,0.0
2026-03-13,078860,,4.03,0.0,,-0.0
2026-03-16,078860,,4.04,0.3,,-0.3
2026-03-17,078860,,4.15,0.1,,-0.1
2026-03-18,078860,,4.19,0.0,,-0.0
2026-03-19,078860,,4.19,0.0,,-0.0
2026-03-20,078860,,4.2,0.1,,-0.1
2026-03-23,078860,,4.25,0.0,,-0.0
2026-03-24,078860,,4.26,0.1,0.0,-0.1
2026-03-25,078860,,4.32,-0.1,,-0.2
2026-03-26,078860,,4.3,-0.0,,-0.7
2026-03-27,078860,,4.33,-0.1,0.0,-0.3
2026-03-30,078860,,4.32,-2.8,0.0,2.4
2026-03-31,078860,531.0,3.56,0.7,-0.1,-0.6
2026-04-01,078860,,3.78,-0.1,,0.0
2026-04-02,078860,,3.74,-1.0,,1.4
2026-04-03,078860,,3.44,0.3,,-0.4
2026-04-06,078860,,3.55,-0.2,,0.3
2026-04-07,078860,,3.47,-0.0,-0.1,0.2
2026-04-08,078860,,3.46,-0.5,-0.1,0.5
2026-04-09,078860,,3.28,0.2,-0.3,0.0
2026-04-10,078860,,3.36,,,
2026-04-13,078860,,3.36,,,
2026-04-14,078860,,3.36,,,
2026-04-15,078860,,3.36,,,
2026-04-16,078860,,3.36,,,
2026-04-17,078860,,3.36,,,
2026-04-20,078860,,3.36,,,
2026-04-21,078860,,3.36,,,
2026-04-22,078860,,3.36,,,
2026-04-23,078860,,3.36,,,
2026-04-24,078860,,3.36,,,
2026-04-27,078860,,3.36,,,
2026-04-28,078860,,3.36,,,
2026-04-29,078860,,3.36,,,
2026-04-30,078860,4065.0,4.49,-0.6,0.0,0.5
2026-05-04,078860,,3.13,-1.1,0.0,1.1
2026-05-06,078860,,2.66,-0.2,-0.0,0.2
2026-05-07,078860,,2.56,-0.7,-0.0,0.7
2026-05-08,078860,,2.35,-1.5,-0.0,1.7
2026-05-11,078860,,1.85,0.3,-0.0,-1.1
2026-05-12,078860,,1.96,-0.2,0.0,0.0
2026-05-13,078860,,1.9,-0.4,0.0,0.4
2026-05-14,078860,,1.75,-0.6,0.0,0.6
2026-05-15,078860,,1.53,-0.1,0.0,0.4
2026-05-18,078860,,1.39,0.1,0.0,-0.1
2026-05-19,078860,,1.52,0.0,-0.0,-0.0
2026-05-20,078860,,1.54,0.1,-0.0,-0.0
2026-05-21,078860,,1.57,-0.3,0.0,0.5
2026-05-22,078860,,1.46,0.0,-0.0,-0.1
2026-05-26,078860,,1.48,-0.0,0.0,0.0
2026-05-27,078860,,1.46,-0.1,-0.0,0.0
2026-05-28,078860,,1.43,-0.3,-0.0,0.2
2026-05-29,078860,4090.0,1.32,-0.2,-0.0,0.2
2026-06-01,078860,,1.23,-0.2,0.0,0.2
2026-06-02,078860,,1.15,-0.2,0.0,0.2
2026-06-04,078860,,1.09,-0.0,0.0,0.0
2026-06-05,078860,,1.09,-0.0,-0.0,0.0
2026-06-08,078860,,1.08,-0.1,-0.0,0.1
2026-06-09,078860,,1.05,-0.0,0.0,0.0
2026-06-10,078860,,1.03,-0.1,-0.0,-0.4
2026-06-11,078860,,0.99,-0.0,-0.0,-0.1
2026-06-12,078860,,0.97,-0.1,0.0,0.0
2026-06-15,078860,,0.93,0.1,-0.0,-0.1
2026-06-16,078860,,0.96,0.1,-0.0,0.4
2026-06-17,078860,,1.03,0.0,-0.0,-0.0
2026-06-18,078860,,1.03,-0.0,0.0,0.0
2026-06-19,078860,,1.03,0.3,0.0,-0.3
2026-06-22,078860,,1.17,1.0,-0.0,-1.1
2026-06-23,078860,,1.84,0.1,-0.0,-0.1
2026-06-24,078860,,1.92,-0.3,0.0,0.2
2026-06-25,078860,,1.77,-1.4,-0.0,1.5
2026-06-26,078860,,1.17,-0.1,0.0,0.1
2026-06-29,078860,,1.12,-0.0,-0.0,0.0
2026-06-30,078860,3050.0,1.09,-0.1,-0.0,0.1
2026-07-01,078860,,1.04,-0.2,,0.2
2026-07-02,078860,,0.93,0.3,0.0,-0.3
2026-07-03,078860,,1.08,0.0,-0.0,-0.0
2026-07-06,078860,,1.1,0.1,-0.0,-0.1
2026-07-07,078860,,1.13,-0.0,0.0,0.0
2026-07-08,078860,,1.12,0.1,-0.0,-0.1
2026-07-09,078860,,1.16,0.0,,0.0
2026-07-10,078860,,1.21,0.0,,-0.0
2026-07-13,078860,2640.0,1.22,-0.0,,0.0
2025-07-14,078890,,4.76,-0.1,0.0,0.1
2025-07-15,078890,,4.75,-0.1,0.1,-0.0
2025-07-16,078890,,4.73,0.3,0.0,-0.5
2025-07-17,078890,,4.79,0.6,0.0,-0.5
2025-07-18,078890,,4.89,-0.3,-0.0,0.3
2025-07-21,078890,,4.82,-0.3,0.0,0.3
2025-07-22,078890,,4.77,0.4,0.2,-0.7
2025-07-23,078890,,4.85,-0.0,0.0,0.0
2025-07-24,078890,,4.84,-0.4,-0.1,0.2
2025-07-25,078890,,4.78,-0.1,0.0,0.0
2025-07-28,078890,,4.77,-0.2,0.1,-0.1
2025-07-29,078890,,4.74,-0.1,0.1,-0.1
2025-07-30,078890,,4.72,1.2,0.0,-2.0
2025-07-31,078890,,4.92,0.6,-0.0,-0.8
2025-08-01,078890,,5.01,-0.3,,0.1
2025-08-04,078890,,4.95,0.4,0.0,-0.4
2025-08-05,078890,,5.02,0.2,0.0,-0.5
2025-08-06,078890,,5.06,0.8,0.0,-0.9
2025-08-07,078890,,5.2,0.1,0.0,-0.1
2025-08-08,078890,,5.21,0.0,0.0,-0.1
2025-08-11,078890,,5.22,0.2,0.0,-0.3
2025-08-12,078890,,5.25,0.3,0.0,-0.4
2025-08-13,078890,,5.3,-0.0,0.0,-0.1
2025-08-14,078890,,5.29,0.2,0.0,-0.2
2025-08-18,078890,,5.32,-0.6,0.0,0.5
2025-08-19,078890,,5.23,-0.1,-0.0,-0.2
2025-08-20,078890,,5.21,-0.6,0.1,-0.4
2025-08-21,078890,,5.11,-0.1,-0.0,0.0
2025-08-22,078890,,5.09,3.2,-0.4,-3.4
2025-08-25,078890,,5.61,0.3,0.0,-0.6
2025-08-26,078890,,5.68,-0.3,0.0,-0.6
2025-08-27,078890,,5.63,0.1,0.0,-0.3
2025-08-28,078890,,5.65,-0.0,-0.0,-0.3
2025-08-29,078890,3450.0,5.65,-0.1,,-0.2
2025-09-01,078890,,5.65,-0.2,0.0,0.0
2025-09-02,078890,,5.58,-0.3,0.0,0.1
2025-09-03,078890,,5.55,0.1,-0.0,-0.2
2025-09-04,078890,,5.57,0.1,0.0,-0.2
2025-09-05,078890,,5.59,-0.3,0.0,0.2
2025-09-08,078890,,5.55,-0.0,0.0,-0.1
2025-09-09,078890,,5.54,-0.0,,-0.1
2025-09-10,078890,,5.54,0.2,-0.0,-0.3
2025-09-11,078890,,5.57,-0.2,0.0,-0.1
2025-09-12,078890,,5.54,-0.2,,-0.1
2025-09-15,078890,,5.52,-0.4,0.0,-0.0
2025-09-16,078890,,5.46,0.2,-0.0,-0.5
2025-09-17,078890,,5.49,-0.2,,-0.0
2025-09-18,078890,,5.46,0.3,0.0,-0.9
2025-09-19,078890,,5.49,2.7,0.0,-4.1
2025-09-22,078890,,5.87,0.8,0.0,-2.8
2025-09-23,078890,,5.95,-1.0,-0.3,0.1
2025-09-24,078890,,5.82,-1.2,-0.0,0.8
2025-09-25,078890,,5.65,0.6,-0.2,-0.8
2025-09-26,078890,,5.74,0.1,-0.2,-0.6
2025-09-29,078890,,5.75,-1.4,-0.6,2.4
2025-09-30,078890,4210.0,5.58,0.2,0.0,-1.3
2025-10-01,078890,,5.6,0.2,0.0,-1.1
2025-10-02,078890,,5.63,0.1,-0.0,-0.4
2025-10-10,078890,,5.64,-1.7,0.0,0.7
2025-10-13,078890,,5.42,1.0,-0.0,-0.8
2025-10-14,078890,,5.55,1.2,-0.0,-1.7
2025-10-15,078890,,5.71,1.5,0.0,-1.6
2025-10-16,078890,,5.91,-2.8,0.0,1.9
2025-10-17,078890,,5.52,-1.7,0.0,0.8
2025-10-20,078890,,5.29,0.1,-0.0,-0.3
2025-10-21,078890,,5.31,-0.1,0.0,-0.3
2025-10-22,078890,,5.3,-0.2,0.0,-0.2
2025-10-23,078890,,5.26,-0.2,-0.0,-0.6
2025-10-24,078890,,5.24,0.9,-0.0,-1.5
2025-10-27,078890,,5.36,0.3,0.0,-1.2
2025-10-28,078890,,5.41,0.1,0.0,-1.0
2025-10-29,078890,,5.42,1.1,-0.0,-1.7
2025-10-30,078890,,5.57,0.6,0.0,-1.0
2025-10-31,078890,4170.0,5.65,-0.2,-0.0,-0.5
2025-11-03,078890,,5.62,0.2,-0.0,-0.7
2025-11-04,078890,,5.65,-1.0,0.0,0.6
2025-11-05,078890,,5.51,-0.5,0.3,-0.1
2025-11-06,078890,,5.44,1.2,0.1,-2.2
2025-11-07,078890,,5.6,-0.3,-1.2,0.5
2025-11-10,078890,,5.57,1.2,0.0,-1.4
2025-11-11,078890,,5.68,-3.0,0.0,2.7
2025-11-12,078890,,5.26,3.5,-0.0,-3.6
2025-11-13,078890,,5.72,2.5,-0.0,-2.6
2025-11-14,078890,,6.03,7.3,0.4,-7.9
2025-11-17,078890,,6.84,-1.8,-0.0,2.2
2025-11-18,078890,,6.63,-4.2,-0.0,3.9
2025-11-19,078890,,6.15,-7.0,0.8,6.2
2025-11-20,078890,,5.36,2.1,0.9,-2.9
2025-11-21,078890,,5.62,-5.6,0.6,4.4
2025-11-24,078890,,5.03,-3.7,0.4,2.9
2025-11-25,078890,,4.64,-4.0,-0.0,3.8
2025-11-26,078890,,4.65,-1.5,-0.0,1.5
2025-11-27,078890,,4.47,-2.0,0.0,2.1
2025-11-28,078890,4775.0,4.24,-0.5,,0.4
2025-12-01,078890,,4.19,0.2,0.4,-0.6
2025-12-02,078890,,4.21,-1.0,-0.0,1.0
2025-12-03,078890,,4.09,-0.9,-0.1,0.6
2025-12-04,078890,,3.99,-1.2,0.0,0.9
2025-12-05,078890,,3.84,-0.5,0.2,-0.1
2025-12-08,078890,,3.79,0.6,0.0,-0.9
2025-12-09,078890,,3.86,1.1,0.0,-1.5
2025-12-10,078890,,3.99,-0.1,0.0,-0.3
2025-12-11,078890,,3.98,-0.5,,0.1
2025-12-12,078890,,3.92,1.4,-0.0,-1.7
2025-12-15,078890,,4.09,2.8,-0.0,-3.2
2025-12-16,078890,,4.39,-0.3,-0.0,-0.2
2025-12-17,078890,,4.45,0.4,0.0,-0.6
2025-12-18,078890,,4.5,0.2,-0.1,-3.4
2025-12-19,078890,,4.52,5.7,-0.0,-7.9
2025-12-22,078890,,5.12,13.7,-0.1,-15.5
2025-12-23,078890,,6.36,-4.5,-0.0,4.5
2025-12-24,078890,,5.93,-1.7,-0.0,1.6
2025-12-26,078890,,5.77,1.6,0.0,-1.6
2025-12-29,078890,,5.84,3.1,-0.1,-3.0
2025-12-30,078890,5830.0,6.12,-0.2,-0.0,0.3
2026-01-02,078890,,6.1,-1.9,0.0,1.9
2026-01-05,078890,,5.92,-0.1,0.0,0.1
2026-01-06,078890,,5.9,-1.2,0.0,1.1
2026-01-07,078890,,5.79,1.4,0.0,2.0
2026-01-08,078890,,5.93,-2.3,0.0,5.9
2026-01-09,078890,,5.67,1.3,-0.0,-1.3
2026-01-12,078890,,5.81,3.9,2.0,-6.1
2026-01-13,078890,,6.18,-0.3,0.6,-0.2
2026-01-14,078890,,6.15,-0.1,-0.3,0.6
2026-01-15,078890,,6.14,0.3,0.0,-0.3
2026-01-16,078890,,6.16,5.9,1.6,-8.7
2026-01-19,078890,,6.66,0.4,-0.9,-1.4
2026-01-20,078890,,6.67,-7.8,1.4,11.6
2026-01-21,078890,,5.98,-7.5,6.3,2.8
2026-01-22,078890,,5.31,0.9,-0.0,-1.3
2026-01-23,078890,,5.37,4.8,0.0,-2.1
2026-01-26,078890,,5.78,-0.2,4.5,-1.1
2026-01-27,078890,,5.79,2.4,4.5,-3.1
2026-01-28,078890,,5.99,1.8,1.3,0.8
2026-01-29,078890,,5.69,1.6,-0.0,6.8
2026-01-30,078890,6470.0,5.83,-1.8,0.1,3.8
2026-02-02,078890,,5.68,5.5,-0.4,-2.8
2026-02-03,078890,,6.17,0.9,0.0,3.5
2026-02-04,078890,,6.24,1.3,-0.0,4.9
2026-02-05,078890,,6.36,1.8,-2.9,5.8
2026-02-06,078890,,6.53,3.6,-6.7,4.1
2026-02-09,078890,,6.79,-1.4,-0.7,4.4
2026-02-10,078890,,6.64,1.9,-6.2,4.1
2026-02-11,078890,,6.82,-0.1,-4.4,3.7
2026-02-12,078890,,6.81,-2.4,-1.9,4.1
2026-02-13,078890,,6.59,-2.2,0.0,2.1
2026-02-19,078890,,6.38,14.2,-3.4,-4.6
2026-02-20,078890,,7.64,-0.0,-0.0,0.2
2026-02-23,078890,,7.63,-2.3,-0.0,2.3
2026-02-24,078890,,7.43,11.3,-6.5,-4.9
2026-02-25,078890,,8.39,9.0,-2.6,-5.5
2026-02-26,078890,,9.1,17.9,-0.6,-21.6
2026-02-27,078890,7810.0,10.41,7.5,-4.7,-7.0
2026-03-03,078890,,10.93,1.9,-1.4,-0.5
2026-03-04,078890,,11.06,19.2,5.6,-25.1
2026-03-05,078890,,12.56,-18.5,0.9,16.6
2026-03-06,078890,,11.1,1.9,0.6,-2.3
2026-03-09,078890,,11.24,2.8,0.5,-2.7
2026-03-10,078890,,11.5,-2.9,-0.7,3.6
2026-03-11,078890,,11.27,0.9,-7.3,6.3
2026-03-12,078890,,11.35,0.9,-0.1,-3.8
2026-03-13,078890,,11.4,-5.7,0.2,5.6
2026-03-16,078890,,10.94,-0.7,-0.1,0.9
2026-03-17,078890,,10.88,-3.0,0.0,2.7
2026-03-18,078890,,10.64,-3.5,0.0,3.4
2026-03-19,078890,,10.35,-1.3,0.8,0.5
2026-03-20,078890,,10.23,-2.0,0.0,1.9
2026-03-23,078890,,10.06,-1.1,0.1,1.0
2026-03-24,078890,,9.97,2.8,-0.1,-2.7
2026-03-25,078890,,10.2,0.3,-0.3,2.9
2026-03-26,078890,,10.22,-21.8,0.0,23.9
2026-03-27,078890,,8.36,1.2,0.0,0.8
2026-03-30,078890,,8.48,3.1,0.3,-3.4
2026-03-31,078890,5750.0,8.75,-4.5,0.1,4.7
2026-04-01,078890,,8.31,7.3,0.3,-7.6
2026-04-02,078890,,8.96,-1.4,-0.0,1.4
2026-04-03,078890,,8.83,1.1,0.0,-0.6
2026-04-06,078890,,8.93,0.3,0.0,-0.0
2026-04-07,078890,,8.96,-0.2,-0.5,0.8
2026-04-08,078890,,8.94,3.6,0.0,-3.7
2026-04-09,078890,,9.28,-1.2,0.0,1.2
2026-04-10,078890,,9.17,1.1,-0.0,-1.1
2026-04-13,078890,,9.27,1.5,-0.0,-1.5
2026-04-14,078890,,9.4,7.7,2.3,-20.8
2026-04-15,078890,,10.09,-2.1,0.1,11.2
2026-04-16,078890,,9.95,-0.6,0.0,2.9
2026-04-17,078890,,9.89,-4.7,-0.0,4.6
2026-04-20,078890,,9.57,-2.4,0.2,3.4
2026-04-21,078890,,9.39,-0.4,-0.2,0.6
2026-04-22,078890,,9.34,-3.0,0.5,2.6
2026-04-23,078890,,9.1,0.9,0.0,0.5
2026-04-24,078890,,9.17,-2.2,0.0,2.3
2026-04-27,078890,,8.99,-2.4,0.0,2.2
2026-04-28,078890,,8.8,-5.6,-0.0,5.6
2026-04-29,078890,,8.36,0.5,0.0,-0.6
2026-04-30,078890,6740.0,8.4,-7.2,-0.0,7.0
2026-05-04,078890,,7.83,-8.4,0.2,7.6
2026-05-06,078890,,7.17,25.6,2.2,-29.1
2026-05-07,078890,,9.0,-4.9,-0.1,11.2
2026-05-08,078890,,8.6,21.9,-0.2,-21.3
2026-05-11,078890,,9.98,-8.1,1.7,-13.6
2026-05-12,078890,,9.63,13.8,0.5,-17.6
2026-05-13,078890,,10.41,-3.4,0.0,4.7
2026-05-14,078890,,10.22,3.7,0.7,-6.1
2026-05-15,078890,,10.56,7.8,0.2,-10.5
2026-05-18,078890,,11.09,-7.9,0.0,7.1
2026-05-19,078890,,10.57,-15.6,-0.8,21.1
2026-05-20,078890,,9.8,2.5,0.1,-3.0
2026-05-21,078890,,10.02,2.8,0.0,-4.2
2026-05-22,078890,,10.28,7.0,-0.0,-5.1
2026-05-26,078890,,10.78,-2.1,-2.1,23.9
2026-05-27,078890,,10.76,-13.9,0.0,13.9
2026-05-28,078890,,9.95,1.6,0.4,-2.0
2026-05-29,078890,6980.0,10.09,1.1,0.0,-1.3
2026-06-01,078890,,10.18,-2.0,0.3,1.5
2026-06-02,078890,,10.03,-1.0,0.0,0.9
2026-06-04,078890,,9.94,-6.1,0.0,5.9
2026-06-05,078890,,9.45,1.4,0.3,-1.8
2026-06-08,078890,,9.57,1.1,0.0,-1.4
2026-06-09,078890,,9.68,-3.2,-0.1,3.1
2026-06-10,078890,,9.38,-0.2,-0.9,1.2
2026-06-11,078890,,9.37,-1.6,-0.0,1.6
2026-06-12,078890,,9.22,-2.7,-0.0,2.7
2026-06-15,078890,,8.97,-3.7,0.0,3.7
2026-06-16,078890,,8.63,-0.4,-0.0,0.3
2026-06-17,078890,,8.59,-12.8,-0.1,12.6
2026-06-18,078890,,7.52,-3.1,0.1,3.0
2026-06-19,078890,,7.25,0.3,-1.3,0.9
2026-06-22,078890,,7.28,2.3,0.0,-2.3
2026-06-23,078890,,7.51,2.9,-0.0,-3.0
2026-06-24,078890,,7.82,-0.0,0.0,0.1
2026-06-25,078890,,7.81,0.2,0.0,-0.2
2026-06-26,078890,,7.84,4.6,0.0,-4.9
2026-06-29,078890,,8.45,0.2,-0.0,-0.2
2026-06-30,078890,4775.0,8.47,-2.0,-0.0,2.0
2026-07-01,078890,,8.24,-1.4,-0.0,1.3
2026-07-02,078890,,8.08,-0.1,-0.0,0.0
2026-07-03,078890,,8.07,-0.1,-0.0,0.1
2026-07-06,078890,,8.06,0.5,0.0,-0.3
2026-07-07,078890,,8.11,0.9,-0.2,-0.7
2026-07-08,078890,,8.23,0.4,-0.0,-0.4
2026-07-09,078890,,8.28,-0.2,-0.0,0.2
2026-07-10,078890,,8.25,0.9,-0.0,-0.9
2026-07-13,078890,4185.0,8.37,-2.2,0.0,2.2
2025-07-14,078930,,16.47,-60.3,91.8,-31.6
2025-07-15,078930,,16.34,-48.7,38.1,10.8
2025-07-16,078930,,16.23,-97.7,59.4,38.6
2025-07-17,078930,,16.0,-69.5,27.5,41.7
2025-07-18,078930,,15.86,40.8,1.2,-40.8
2025-07-21,078930,,15.95,6.7,-27.1,18.4
2025-07-22,078930,,15.96,-26.8,21.5,9.6
2025-07-23,078930,,15.91,-19.1,15.1,4.8
2025-07-24,078930,,15.83,-33.9,12.4,19.9
2025-07-25,078930,,15.75,-8.2,8.7,1.5
2025-07-28,078930,,15.73,45.2,-9.4,-34.4
2025-07-29,078930,,15.84,10.2,9.1,-17.4
2025-07-30,078930,,15.86,5.9,12.4,-15.8
2025-07-31,078930,,15.88,4.6,-8.4,3.6
2025-08-01,078930,,15.86,53.1,-47.9,-3.2
2025-08-04,078930,,15.99,-5.2,12.6,-7.2
2025-08-05,078930,,15.98,-1.5,-2.8,3.2
2025-08-06,078930,,15.97,4.1,-10.4,5.8
2025-08-07,078930,,15.98,-8.2,-14.7,22.2
2025-08-08,078930,,15.96,11.8,-8.0,-3.9
2025-08-11,078930,,15.99,26.9,-37.4,10.9
2025-08-12,078930,,16.05,5.5,-7.6,1.8
2025-08-13,078930,,16.05,11.2,-8.3,-2.6
2025-08-14,078930,,16.08,25.7,-33.7,8.1
2025-08-18,078930,,16.14,-21.8,-15.5,36.7
2025-08-19,078930,,16.05,7.7,-11.9,4.3
2025-08-20,078930,,16.08,-1.9,-6.1,4.8
2025-08-21,078930,,16.06,-22.0,-1.3,23.1
2025-08-22,078930,,16.02,-12.2,-4.6,15.2
2025-08-25,078930,,15.99,-18.8,2.9,15.2
2025-08-26,078930,,15.94,-14.5,-8.4,24.2
2025-08-27,078930,,15.91,3.5,-12.1,7.6
2025-08-28,078930,,15.92,-43.1,57.4,-14.6
2025-08-29,078930,45500.0,15.66,-16.9,3.9,12.9
2025-09-01,078930,,15.61,-10.2,6.9,4.1
2025-09-02,078930,,15.59,-4.2,-14.7,18.9
2025-09-03,078930,,15.58,1.3,-14.2,12.0
2025-09-04,078930,,15.58,11.2,-5.6,-5.5
2025-09-05,078930,,15.61,-3.3,1.3,2.0
2025-09-08,078930,,15.6,-7.5,13.6,-4.7
2025-09-09,078930,,15.58,-7.9,-1.5,5.0
2025-09-10,078930,,15.57,-25.4,14.7,10.9
2025-09-11,078930,,15.5,-5.0,-1.1,6.2
2025-09-12,078930,,15.49,-17.9,3.3,14.9
2025-09-15,078930,,15.44,18.2,23.1,-40.4
2025-09-16,078930,,15.5,-29.1,-5.8,35.1
2025-09-17,078930,,15.43,-6.8,-1.6,10.6
2025-09-18,078930,,15.41,0.7,-0.3,-1.6
2025-09-19,078930,,15.41,-18.4,-22.2,40.0
2025-09-22,078930,,15.36,-2.5,-8.8,11.2
2025-09-23,078930,,15.35,3.3,-2.2,-0.6
2025-09-24,078930,,15.36,-19.5,10.8,4.0
2025-09-25,078930,,15.31,-23.6,3.7,4.1
2025-09-26,078930,,15.25,-20.6,-5.1,3.8
2025-09-29,078930,,15.2,-1.5,15.1,-13.6
2025-09-30,078930,45950.0,15.21,-5.2,0.1,5.1
2025-10-01,078930,,15.2,1.1,-18.7,16.5
2025-10-02,078930,,15.2,23.9,-33.9,11.1
2025-10-10,078930,,15.25,15.1,-28.0,11.7
2025-10-13,078930,,15.29,11.0,-22.9,11.4
2025-10-14,078930,,15.32,12.4,-13.8,2.6
2025-10-15,078930,,15.32,11.0,-16.3,2.3
2025-10-16,078930,,15.35,12.7,-12.5,0.3
2025-10-17,078930,,15.37,9.9,-31.9,20.1
2025-10-20,078930,,15.4,11.0,-13.3,3.6
2025-10-21,078930,,15.47,-1.9,-8.5,9.7
2025-10-22,078930,,15.45,15.4,45.6,-62.9
2025-10-23,078930,,15.53,1.2,-3.9,2.7
2025-10-24,078930,,15.53,-12.7,21.4,-8.4
2025-10-27,078930,,15.51,-11.9,17.0,-7.0
2025-10-28,078930,,15.49,12.5,-1.4,-10.9
2025-10-29,078930,,15.57,21.4,14.0,-35.2
2025-10-30,078930,,15.63,33.2,-22.7,-10.6
2025-10-31,078930,47950.0,15.7,5.5,-3.5,-2.1
2025-11-03,078930,,15.71,45.4,-33.8,-11.7
2025-11-04,078930,,15.82,7.2,-11.6,4.8
2025-11-05,078930,,15.83,-8.6,-9.1,18.4
2025-11-06,078930,,15.8,50.6,17.1,-65.9
2025-11-07,078930,,15.92,51.4,2.5,-49.7
2025-11-10,078930,,16.03,55.3,173.8,-233.9
2025-11-11,078930,,16.16,19.6,18.7,-39.8
2025-11-12,078930,,16.19,72.8,51.0,-128.9
2025-11-13,078930,,16.33,46.9,2.8,-48.3
2025-11-14,078930,,16.41,22.9,6.6,-30.6
2025-11-17,078930,,16.36,-8.6,30.2,-21.1
2025-11-18,078930,,16.33,44.6,3.6,-47.0
2025-11-19,078930,,16.42,-8.2,66.9,-55.3
2025-11-20,078930,,16.42,10.6,77.7,-76.1
2025-11-21,078930,,16.52,-35.5,38.2,-1.1
2025-11-24,078930,,16.44,31.9,12.4,-39.9
2025-11-25,078930,,16.52,33.2,-9.8,-24.7
2025-11-26,078930,,16.62,59.4,-51.7,-9.4
2025-11-27,078930,,16.73,13.7,0.1,-16.3
2025-11-28,078930,56400.0,16.77,20.5,-20.7,-2.8
2025-12-01,078930,,16.8,9.7,-8.5,-4.1
2025-12-02,078930,,16.81,6.2,-2.3,-8.9
2025-12-03,078930,,16.83,25.5,18.3,-14.1
2025-12-04,078930,,17.05,30.4,-7.4,-1.0
2025-12-05,078930,,17.11,-6.5,-2.4,6.9
2025-12-08,078930,,17.02,15.2,-9.1,-6.1
2025-12-09,078930,,17.03,31.5,-35.6,4.0
2025-12-10,078930,,17.09,10.8,-28.5,17.9
2025-12-11,078930,,17.09,206.4,-228.9,20.2
2025-12-12,078930,,17.56,25.6,-28.6,3.7
2025-12-15,078930,,17.62,12.3,11.5,-22.6
2025-12-16,078930,,17.55,117.1,-83.4,-32.2
2025-12-17,078930,,17.77,46.8,8.0,-49.6
2025-12-18,078930,,17.86,18.8,-5.4,-13.6
2025-12-19,078930,,17.88,42.1,4.3,-46.4
2025-12-22,078930,,17.98,-1.7,14.0,-12.8
2025-12-23,078930,,17.97,5.2,28.1,-25.1
2025-12-24,078930,,17.97,5.8,-5.5,0.4
2025-12-26,078930,,17.97,13.1,-8.8,-4.8
2025-12-29,078930,,17.98,-14.6,-12.5,27.2
2025-12-30,078930,56300.0,17.95,-32.7,22.7,9.8
2026-01-02,078930,,17.89,-32.1,-15.5,41.5
2026-01-05,078930,,17.83,11.0,23.9,-39.7
2026-01-06,078930,,17.91,-23.7,-20.8,37.3
2026-01-07,078930,,17.84,5.0,-16.9,9.5
2026-01-08,078930,,17.86,29.2,-63.1,27.8
2026-01-09,078930,,17.91,-24.7,7.1,17.5
2026-01-12,078930,,17.86,3.3,17.8,-21.4
2026-01-13,078930,,17.86,9.0,-16.0,8.0
2026-01-14,078930,,17.88,9.7,-18.0,8.4
2026-01-15,078930,,17.91,8.9,9.6,-20.7
2026-01-16,078930,,17.92,-6.9,4.9,2.1
2026-01-19,078930,,17.91,21.4,-13.4,-2.9
2026-01-20,078930,,17.95,42.7,-6.8,-32.0
2026-01-21,078930,,18.03,14.9,-3.4,-12.4
2026-01-22,078930,,18.05,52.4,-32.1,-16.7
2026-01-23,078930,,18.16,41.7,-12.7,-27.0
2026-01-26,078930,,18.23,28.4,-32.2,3.6
2026-01-27,078930,,18.27,70.8,0.9,-70.4
2026-01-28,078930,,18.41,15.8,12.3,-13.5
2026-01-29,078930,,18.44,61.0,-9.5,-32.4
2026-01-30,078930,68700.0,18.55,69.2,-26.4,-44.4
2026-02-02,078930,,18.66,-5.7,-0.4,5.1
2026-02-03,078930,,18.84,-41.3,75.1,-33.5
2026-02-04,078930,,18.78,3.4,28.0,-31.5
2026-02-05,078930,,18.69,-27.6,36.1,-11.3
2026-02-06,078930,,18.64,-18.8,29.3,-10.5
2026-02-09,078930,,18.62,13.7,25.2,-40.6
2026-02-10,078930,,18.64,-13.9,-17.4,31.0
2026-02-11,078930,,18.66,-17.4,29.8,-11.3
2026-02-12,078930,,18.66,-74.7,55.8,19.5
2026-02-13,078930,,18.53,-26.7,59.5,-29.4
2026-02-19,078930,,18.5,-47.2,50.5,-4.0
2026-02-20,078930,,18.44,-69.7,59.9,8.1
2026-02-23,078930,,18.33,-58.4,-57.6,115.1
2026-02-24,078930,,18.23,-27.8,27.9,0.2
2026-02-25,078930,,18.11,1.3,36.2,-41.0
2026-02-26,078930,,18.2,-32.6,-43.4,69.6
2026-02-27,078930,68700.0,18.05,57.6,-38.1,-19.9
2026-03-03,078930,,18.14,-128.4,-172.4,302.0
2026-03-04,078930,,17.94,14.0,-29.2,15.0
2026-03-05,078930,,18.05,33.3,40.4,-73.8
2026-03-06,078930,,18.12,31.0,-19.5,-11.1
2026-03-09,078930,,18.19,23.0,-11.6,-10.5
2026-03-10,078930,,18.25,-3.5,-17.4,22.1
2026-03-11,078930,,18.27,85.8,-26.1,-59.5
2026-03-12,078930,,18.47,-34.3,51.1,-17.1
2026-03-13,078930,,18.41,-16.5,-3.9,20.2
2026-03-16,078930,,18.38,43.9,-32.0,-11.8
2026-03-17,078930,,18.48,64.6,-32.0,-32.2
2026-03-18,078930,,18.53,-9.5,55.5,-45.5
2026-03-19,078930,,18.55,14.5,-21.4,6.1
2026-03-20,078930,,18.56,55.2,23.2,-78.0
2026-03-23,078930,,18.7,7.2,-8.3,-1.6
2026-03-24,078930,,18.72,20.6,-10.4,-10.2
2026-03-25,078930,,18.77,26.3,29.1,-57.3
2026-03-26,078930,,18.81,14.6,-13.4,-1.2
2026-03-27,078930,,18.84,-6.4,11.3,-5.1
2026-03-30,078930,,18.83,5.6,18.1,-18.9
2026-03-31,078930,63800.0,18.81,-19.5,14.5,6.7
2026-04-01,078930,,18.78,2.3,15.7,-18.2
2026-04-02,078930,,18.8,-1.8,-70.3,70.1
2026-04-03,078930,,18.75,13.1,-6.0,-7.0
2026-04-06,078930,,18.77,4.3,22.8,-26.8
2026-04-07,078930,,18.8,13.0,-16.2,3.3
2026-04-08,078930,,18.83,40.9,-2.9,-44.0
2026-04-09,078930,,18.91,29.3,11.4,-41.0
2026-04-10,078930,,18.98,58.2,32.5,-91.6
2026-04-13,078930,,19.09,15.6,68.0,-67.5
2026-04-14,078930,,19.12,-14.4,22.9,-6.2
2026-04-15,078930,,19.11,4.0,-13.4,10.7
2026-04-16,078930,,19.09,5.3,15.5,-18.6
2026-04-17,078930,,19.12,45.9,-49.4,4.0
2026-04-20,078930,,19.19,28.4,-32.1,3.6
2026-04-21,078930,,19.22,19.7,-19.8,-2.7
2026-04-22,078930,,19.27,31.5,-29.8,-1.8
2026-04-23,078930,,19.3,42.4,40.2,-81.9
2026-04-24,078930,,19.41,4.3,5.1,-9.9
2026-04-27,078930,,19.41,-5.0,24.8,-23.7
2026-04-28,078930,,19.41,-8.2,58.3,-51.9
2026-04-29,078930,,19.38,-45.7,101.6,-55.9
2026-04-30,078930,81900.0,19.31,-12.7,47.3,-32.9
2026-05-04,078930,,19.31,-16.5,-8.5,15.9
2026-05-06,078930,,19.31,58.7,-73.3,7.2
2026-05-07,078930,,19.38,38.6,-26.9,-10.1
2026-05-08,078930,,19.42,23.2,-9.8,-16.3
2026-05-11,078930,,19.44,45.1,-41.2,-3.7
2026-05-12,078930,,19.48,23.3,-51.1,26.6
2026-05-13,078930,,19.44,-33.6,-38.8,66.4
2026-05-14,078930,,19.38,92.6,-52.8,-41.7
2026-05-15,078930,,19.53,257.5,-160.3,-103.4
2026-05-18,078930,,19.91,3.8,-8.1,3.7
2026-05-19,078930,,19.89,61.8,-0.4,-62.2
2026-05-20,078930,,20.0,11.5,-14.6,4.1
2026-05-21,078930,,20.03,106.1,-83.6,-23.1
2026-05-22,078930,,20.16,25.3,-16.2,-9.4
2026-05-26,078930,,20.2,23.4,-29.4,9.0
2026-05-27,078930,,20.23,36.6,-54.1,18.6
2026-05-28,078930,,20.3,71.3,-54.9,-16.1
2026-05-29,078930,72500.0,20.39,21.8,-35.5,17.2
2026-06-01,078930,,20.42,54.3,-9.0,-47.5
2026-06-02,078930,,20.52,42.4,-3.3,-39.3
2026-06-04,078930,,20.56,46.1,-17.9,-30.0
2026-06-05,078930,,20.66,5.0,-6.3,-0.7
2026-06-08,078930,,20.66,-12.3,6.6,4.6
2026-06-09,078930,,20.62,51.3,-20.4,-30.4
2026-06-10,078930,,20.7,18.2,-9.8,-9.5
2026-06-11,078930,,20.73,3.2,-7.4,3.1
2026-06-12,078930,,20.73,19.3,-20.2,1.4
2026-06-15,078930,,20.77,13.9,-5.7,-8.5
2026-06-16,078930,,20.8,34.7,1.3,-36.2
2026-06-17,078930,,20.88,-38.2,-24.7,60.2
2026-06-18,078930,,20.78,43.8,-89.5,45.3
2026-06-19,078930,,20.84,15.9,-9.7,-10.4
2026-06-22,078930,,20.84,38.2,-31.1,-6.9
2026-06-23,078930,,20.91,41.4,-20.2,-20.8
2026-06-24,078930,,20.98,10.1,-10.0,1.4
2026-06-25,078930,,20.98,55.9,-31.1,-26.3
2026-06-26,078930,,21.08,10.1,-10.4,-1.0
2026-06-29,078930,,21.09,-24.2,38.1,-14.3
2026-06-30,078930,66300.0,21.06,18.5,-8.1,-11.6
2026-07-01,078930,,21.09,-36.2,38.8,-2.3
2026-07-02,078930,,21.06,-166.3,231.8,-61.8
2026-07-03,078930,,20.84,-9.9,10.4,-4.5
2026-07-06,078930,,20.81,-19.5,23.2,-4.8
2026-07-07,078930,,20.8,-98.0,165.1,-70.2
2026-07-08,078930,,20.69,-35.7,66.1,-31.8
2026-07-09,078930,,20.62,-9.7,17.8,-9.4
2026-07-10,078930,,20.62,9.7,67.7,-74.2
2026-07-13,078930,79500.0,20.66,-82.3,106.0,-24.4
2025-07-14,078935,,18.38,4.8,2.5,-7.8
2025-07-15,078935,,18.92,-1.5,0.0,1.5
2025-07-16,078935,,18.75,5.8,-1.3,-4.6
2025-07-17,078935,,19.39,2.0,0.0,-2.0
2025-07-18,078935,,18.88,2.0,-0.1,-1.9
2025-07-21,078935,,19.11,0.3,0.4,-0.7
2025-07-22,078935,,19.16,0.9,-1.6,0.7
2025-07-23,078935,,19.27,-0.6,-0.1,0.7
2025-07-24,078935,,19.19,-0.6,-0.9,2.5
2025-07-25,078935,,19.11,0.0,-1.0,1.0
2025-07-28,078935,,19.11,-1.0,-2.6,3.3
2025-07-29,078935,,18.98,0.3,-0.1,-0.2
2025-07-30,078935,,19.02,0.1,-1.3,1.1
2025-07-31,078935,,19.02,-0.7,0.0,0.5
2025-08-01,078935,,18.94,0.0,0.2,-0.3
2025-08-04,078935,,18.94,1.1,0.0,-1.2
2025-08-05,078935,,18.31,-0.4,0.0,0.4
2025-08-06,078935,,18.27,0.5,0.0,-0.6
2025-08-07,078935,,18.31,-1.1,0.0,0.9
2025-08-08,078935,,18.19,-1.2,0.0,1.1
2025-08-11,078935,,18.03,-0.5,-0.2,0.6
2025-08-12,078935,,17.95,-0.1,0.0,0.1
2025-08-13,078935,,17.95,-0.3,0.0,0.2
2025-08-14,078935,,17.91,-0.3,0.0,0.3
2025-08-18,078935,,17.88,-1.0,-0.0,1.2
2025-08-19,078935,,17.75,0.3,0.0,-0.4
2025-08-20,078935,,17.8,-0.1,0.0,-0.4
2025-08-21,078935,,17.78,-0.1,0.0,0.1
2025-08-22,078935,,17.77,0.0,-1.0,1.0
2025-08-25,078935,,17.77,0.7,-1.0,0.2
2025-08-26,078935,,18.3,0.1,-1.0,1.0
2025-08-27,078935,,18.28,-0.6,-0.1,0.7
2025-08-28,078935,,18.19,0.4,0.0,-0.8
2025-08-29,078935,42400.0,18.23,-0.4,-0.3,0.7
2025-09-01,078935,,18.19,0.0,0.0,-0.1
2025-09-02,078935,,17.8,-0.5,0.0,0.4
2025-09-03,078935,,17.73,0.1,-0.3,0.2
2025-09-04,078935,,17.77,0.4,0.0,-0.4
2025-09-05,078935,,17.81,0.0,-0.0,0.0
2025-09-08,078935,,17.81,0.3,0.0,-0.3
2025-09-09,078935,,17.84,0.9,-0.0,-0.9
2025-09-10,078935,,17.97,0.6,-0.8,0.4
2025-09-11,078935,,18.05,-0.7,-0.6,1.2
2025-09-12,078935,,17.95,-0.0,-0.3,0.3
2025-09-15,078935,,17.95,0.1,-0.0,-0.1
2025-09-16,078935,,17.97,-0.5,-0.3,0.7
2025-09-17,078935,,17.91,-0.3,-0.0,0.2
2025-09-18,078935,,17.88,-0.1,0.0,0.1
2025-09-19,078935,,17.86,-1.0,-0.0,1.0
2025-09-22,078935,,17.73,0.4,-0.7,0.1
2025-09-23,078935,,17.8,-0.6,-0.0,0.9
2025-09-24,078935,,17.7,-0.8,-0.0,1.6
2025-09-25,078935,,17.59,-0.4,0.0,0.5
2025-09-26,078935,,17.56,-1.6,-0.0,1.6
2025-09-29,078935,,17.34,0.3,-0.0,-0.3
2025-09-30,078935,43350.0,17.2,-0.2,0.0,0.2
2025-10-01,078935,,17.17,-0.2,-0.0,0.1
2025-10-02,078935,,17.16,0.4,-0.6,0.6
2025-10-10,078935,,17.2,-0.5,-0.0,0.7
2025-10-13,078935,,17.14,0.2,-0.0,-0.2
2025-10-14,078935,,17.17,0.0,-0.7,0.9
2025-10-15,078935,,17.17,0.7,0.0,-0.4
2025-10-16,078935,,17.27,0.3,-0.2,0.2
2025-10-17,078935,,17.31,-0.2,0.0,0.1
2025-10-20,078935,,17.28,0.7,-0.0,-0.7
2025-10-21,078935,,17.38,-0.1,-0.0,0.0
2025-10-22,078935,,17.36,1.9,0.1,-2.0
2025-10-23,078935,,17.59,-0.4,0.0,0.4
2025-10-24,078935,,17.55,-0.5,0.0,0.4
2025-10-27,078935,,17.48,0.0,-0.0,-0.5
2025-10-28,078935,,17.48,-0.2,0.0,0.2
2025-10-29,078935,,17.45,1.1,-0.0,-1.1
2025-10-30,078935,,17.59,0.1,0.0,0.2
2025-10-31,078935,43900.0,17.59,-0.1,0.0,0.1
2025-11-03,078935,,17.59,1.3,-0.0,-0.6
2025-11-04,078935,,17.77,0.0,0.0,-0.0
2025-11-05,078935,,17.77,-1.2,-0.0,1.4
2025-11-06,078935,,17.59,2.5,-0.0,-3.0
2025-11-07,078935,,17.92,-0.0,-2.4,2.3
2025-11-10,078935,,17.91,2.6,0.7,-3.9
2025-11-11,078935,,18.05,0.5,0.0,-0.7
2025-11-12,078935,,18.11,1.7,0.7,-3.2
2025-11-13,078935,,18.31,0.4,1.6,-1.8
2025-11-14,078935,,18.36,0.2,0.6,-0.4
2025-11-17,078935,,18.38,0.4,0.1,-0.4
2025-11-18,078935,,18.44,-0.7,0.0,0.8
2025-11-19,078935,,18.34,0.2,0.5,-0.6
2025-11-20,078935,,18.38,1.8,-0.0,-2.3
2025-11-21,078935,,18.56,-0.7,0.0,-0.3
2025-11-24,078935,,18.48,-0.9,0.0,1.2
2025-11-25,078935,,18.39,-0.6,0.0,0.5
2025-11-26,078935,,18.31,0.1,0.2,-0.4
2025-11-27,078935,,18.31,-0.3,0.0,0.0
2025-11-28,078935,47500.0,18.3,-0.2,0.8,-0.6
2025-12-01,078935,,18.27,-0.5,0.0,0.5
2025-12-02,078935,,18.23,2.0,0.0,-3.2
2025-12-03,078935,,18.45,0.3,-0.0,-1.0
2025-12-04,078935,,18.5,-0.1,0.0,-0.2
2025-12-05,078935,,18.48,0.2,-1.5,-0.2
2025-12-08,078935,,18.52,-0.8,0.0,-0.1
2025-12-09,078935,,18.44,-0.1,-0.0,0.1
2025-12-10,078935,,18.42,-0.5,0.0,0.1
2025-12-11,078935,,18.36,-0.3,0.0,-0.9
2025-12-12,078935,,18.31,1.2,-0.9,-0.3
2025-12-15,078935,,18.45,-0.1,0.0,0.0
2025-12-16,078935,,18.45,-0.6,-0.0,1.1
2025-12-17,078935,,18.91,-0.3,0.0,0.3
2025-12-18,078935,,18.88,-0.8,0.0,0.8
2025-12-19,078935,,18.78,-0.3,0.0,0.3
2025-12-22,078935,,18.73,0.1,0.0,-0.4
2025-12-23,078935,,18.75,-0.2,-0.0,0.6
2025-12-24,078935,,18.73,-0.0,-0.0,0.0
2025-12-26,078935,,18.72,-1.0,-1.0,1.8
2025-12-29,078935,,18.61,-0.1,-0.0,0.1
2025-12-30,078935,48100.0,18.59,0.7,-0.0,-0.7
2026-01-02,078935,,18.67,-0.3,-0.0,1.9
2026-01-05,078935,,18.62,0.6,0.1,-0.8
2026-01-06,078935,,18.7,0.2,-0.5,0.3
2026-01-07,078935,,18.73,-0.4,-0.3,0.7
2026-01-08,078935,,18.69,-0.8,0.0,0.9
2026-01-09,078935,,18.58,0.8,-0.2,-0.7
2026-01-12,078935,,18.69,0.9,-0.0,-0.3
2026-01-13,078935,,18.78,0.7,-0.2,-0.5
2026-01-14,078935,,18.86,0.9,-0.7,-0.2
2026-01-15,078935,,18.95,-0.3,0.0,0.3
2026-01-16,078935,,18.94,-0.3,-0.0,0.3
2026-01-19,078935,,18.89,0.2,0.0,-0.2
2026-01-20,078935,,18.91,0.3,0.4,-0.9
2026-01-21,078935,,18.94,-0.4,0.0,0.5
2026-01-22,078935,,18.91,0.4,-0.0,-0.4
2026-01-23,078935,,18.95,0.3,0.3,-0.6
2026-01-26,078935,,18.98,0.5,0.0,-0.5
2026-01-27,078935,,19.05,0.8,-0.0,-0.9
2026-01-28,078935,,19.12,-0.3,-0.0,0.3
2026-01-29,078935,,19.09,0.7,-0.0,-0.6
2026-01-30,078935,55300.0,19.17,0.3,-0.0,-0.5
2026-02-02,078935,,19.2,0.6,0.3,-0.9
2026-02-03,078935,,19.27,0.0,0.1,-0.1
2026-02-04,078935,,19.27,0.1,0.0,-0.3
2026-02-05,078935,,19.28,-0.2,0.0,0.2
2026-02-06,078935,,19.27,-0.1,0.3,-0.0
2026-02-09,078935,,19.25,0.1,1.5,-1.4
2026-02-10,078935,,19.27,-0.1,-0.0,0.1
2026-02-11,078935,,19.25,0.5,0.0,-1.2
2026-02-12,078935,,19.3,-0.2,-0.0,0.1
2026-02-13,078935,,19.28,-0.4,-0.0,0.2
2026-02-19,078935,,19.23,0.2,-0.0,-0.2
2026-02-20,078935,,19.25,-0.7,0.7,-0.1
2026-02-23,078935,,19.19,-2.8,-0.0,2.9
2026-02-24,078935,,18.41,-0.2,-0.0,1.0
2026-02-25,078935,,18.45,0.5,0.5,-0.9
2026-02-26,078935,,18.5,-6.0,-0.0,5.4
2026-02-27,078935,56500.0,17.73,-1.3,0.0,1.2
2026-03-03,078935,,17.62,-3.3,0.0,3.4
2026-03-04,078935,,17.3,1.8,-0.0,-2.1
2026-03-05,078935,,17.5,1.1,-0.4,-0.4
2026-03-06,078935,,17.62,0.6,0.0,-0.6
2026-03-09,078935,,17.69,0.8,-0.0,-0.7
2026-03-10,078935,,17.77,-0.4,-0.1,-0.1
2026-03-11,078935,,18.12,1.2,0.0,-1.2
2026-03-12,078935,,19.36,-0.3,0.0,0.3
2026-03-13,078935,,19.34,-0.2,0.0,0.3
2026-03-16,078935,,19.31,-0.1,0.0,0.2
2026-03-17,078935,,19.3,-0.2,-0.0,0.2
2026-03-18,078935,,19.27,0.2,0.0,-0.3
2026-03-19,078935,,19.3,-0.0,0.0,0.2
2026-03-20,078935,,19.31,0.8,0.0,-0.5
2026-03-23,078935,,19.38,-0.4,0.0,0.4
2026-03-24,078935,,19.34,0.0,-0.0,-0.2
2026-03-25,078935,,19.34,-0.8,-0.0,0.8
2026-03-26,078935,,19.27,-0.3,0.0,0.3
2026-03-27,078935,,19.23,0.1,-0.0,-0.0
2026-03-30,078935,,19.23,-0.0,-0.0,0.0
2026-03-31,078935,52000.0,19.23,0.6,-0.4,-0.2
2026-04-01,078935,,19.3,0.0,0.0,-0.1
2026-04-02,078935,,19.3,0.3,0.0,-0.5
2026-04-03,078935,,19.33,0.0,-0.0,-0.0
2026-04-06,078935,,19.33,0.6,0.0,-0.6
2026-04-07,078935,,19.41,-0.3,0.0,0.2
2026-04-08,078935,,19.38,0.1,0.0,-0.1
2026-04-09,078935,,19.38,0.8,-0.0,-0.9
2026-04-10,078935,,19.47,0.6,-0.0,-0.5
2026-04-13,078935,,19.53,-2.1,0.0,2.1
2026-04-14,078935,,19.31,0.2,0.0,-0.2
2026-04-15,078935,,19.33,-0.4,-0.4,0.7
2026-04-16,078935,,19.3,1.5,-0.0,-1.5
2026-04-17,078935,,19.45,-0.2,-0.5,0.5
2026-04-20,078935,,19.44,0.2,-0.0,-0.1
2026-04-21,078935,,19.45,0.2,-0.1,-0.1
2026-04-22,078935,,19.47,0.2,-0.0,-0.3
2026-04-23,078935,,19.5,1.9,0.0,-2.0
2026-04-24,078935,,19.69,0.0,0.0,-0.0
2026-04-27,078935,,19.69,-0.2,0.2,-0.1
2026-04-28,078935,,19.67,0.6,0.0,-0.6
2026-04-29,078935,,19.67,0.7,0.5,-1.9
2026-04-30,078935,57900.0,19.73,-0.5,0.1,-0.4
2026-05-04,078935,,19.7,0.9,0.1,-0.3
2026-05-06,078935,,19.8,-1.3,0.8,0.5
2026-05-07,078935,,19.66,0.4,0.1,-0.5
2026-05-08,078935,,19.7,0.2,0.1,-0.4
2026-05-11,078935,,19.72,-1.3,0.0,1.3
2026-05-12,078935,,19.59,-1.3,-0.1,2.3
2026-05-13,078935,,19.45,-1.4,0.0,1.5
2026-05-14,078935,,19.31,1.2,-0.0,-1.3
2026-05-15,078935,,19.44,3.0,3.0,-6.1
2026-05-18,078935,,18.88,0.1,1.0,-1.1
2026-05-19,078935,,18.86,-1.2,0.0,1.3
2026-05-20,078935,,18.73,-1.5,2.6,-1.1
2026-05-21,078935,,19.02,1.2,0.4,-1.6
2026-05-22,078935,,19.14,-0.1,1.7,-1.5
2026-05-26,078935,,19.12,-1.0,0.0,1.0
2026-05-27,078935,,19.03,-1.1,1.7,-0.6
2026-05-28,078935,,18.92,-0.8,1.7,-1.1
2026-05-29,078935,54700.0,18.91,0.4,0.0,-0.6
2026-06-01,078935,,18.94,-2.4,0.1,2.7
2026-06-02,078935,,18.69,0.1,-0.0,-0.1
2026-06-04,078935,,18.69,0.1,0.1,-0.3
2026-06-05,078935,,18.7,-1.4,-4.5,5.8
2026-06-08,078935,,18.55,-0.2,-4.8,4.6
2026-06-09,078935,,18.53,0.4,0.0,-0.4
2026-06-10,078935,,18.56,-1.0,0.0,0.9
2026-06-11,078935,,18.45,0.2,0.0,-0.2
2026-06-12,078935,,18.47,-0.8,-0.1,0.8
2026-06-15,078935,,18.39,-0.9,-1.2,2.0
2026-06-16,078935,,18.3,0.7,0.3,-1.1
2026-06-17,078935,,18.38,-0.4,0.4,0.0
2026-06-18,078935,,18.33,-0.2,-0.2,0.4
2026-06-19,078935,,18.31,-0.7,0.0,0.5
2026-06-22,078935,,18.23,-0.7,0.0,0.2
2026-06-23,078935,,18.16,-1.7,0.0,1.6
2026-06-24,078935,,17.98,-0.3,-0.0,0.3
2026-06-25,078935,,17.95,-0.2,0.0,0.1
2026-06-26,078935,,17.94,1.1,0.0,-1.1
2026-06-29,078935,,18.05,0.4,-0.0,-0.5
2026-06-30,078935,52200.0,18.09,-0.3,0.0,0.3
2026-07-01,078935,,18.06,1.1,0.0,-1.1
2026-07-02,078935,,18.19,-0.1,0.7,-0.6
2026-07-03,078935,,18.17,0.7,0.1,-0.5
2026-07-06,078935,,18.23,0.0,0.0,-0.0
2026-07-07,078935,,18.25,0.8,-2.4,2.6
2026-07-08,078935,,18.31,-0.5,0.4,0.3
2026-07-09,078935,,18.27,0.8,0.0,-0.8
2026-07-10,078935,,18.36,-0.3,0.9,-0.6
2026-07-13,078935,54400.0,18.33,-0.6,5.0,-4.5
2025-12-30,078940,,,,,
2026-01-30,078940,,,,,
2026-02-27,078940,,,,,
2026-03-31,078940,,,,,
2026-04-30,078940,,,,,
2026-05-29,078940,,,,,
2026-06-30,078940,,,,,
2026-07-13,078940,,,,,
2025-07-14,079000,,1.06,0.0,0.0,-0.1
2025-07-15,079000,,1.06,-0.0,0.0,0.0
2025-07-16,079000,,1.06,0.0,0.0,-0.0
2025-07-17,079000,,1.06,-0.0,-0.0,0.0
2025-07-18,079000,,1.06,-0.0,0.0,0.0
2025-07-21,079000,,1.05,-0.0,0.0,0.0
2025-07-22,079000,,1.05,0.0,0.0,-0.0
2025-07-23,079000,,1.05,-0.0,0.0,0.0
2025-07-24,079000,,1.05,0.0,0.0,-0.1
2025-07-25,079000,,1.06,-0.1,-0.0,0.1
2025-07-28,079000,,1.04,0.0,0.0,-0.0
2025-07-29,079000,,1.04,-0.1,0.6,-0.5
2025-07-30,079000,,1.03,-0.2,0.0,0.3
2025-07-31,079000,,0.99,-0.2,0.0,0.1
2025-08-01,079000,,0.95,0.2,0.0,-0.1
2025-08-04,079000,,0.99,0.0,-0.0,-0.0
2025-08-05,079000,,0.99,0.3,0.0,-0.2
2025-08-06,079000,,1.07,0.4,0.5,-1.0
2025-08-07,079000,,1.18,-0.0,0.3,-0.3
2025-08-08,079000,,1.18,0.1,-0.0,-0.0
2025-08-11,079000,,1.19,0.4,0.0,-0.4
2025-08-12,079000,,1.3,-0.1,-0.1,0.1
2025-08-13,079000,,1.27,-0.2,0.1,0.2
2025-08-14,079000,,1.21,0.0,0.1,-0.1
2025-08-18,079000,,1.22,-0.1,0.0,0.1
2025-08-19,079000,,1.19,0.1,0.0,-0.0
2025-08-20,079000,,1.2,0.1,0.0,-0.0
2025-08-21,079000,,1.22,0.0,0.1,-0.1
2025-08-22,079000,,1.23,0.2,0.6,-0.8
2025-08-25,079000,,1.27,-0.0,-0.0,0.0
2025-08-26,079000,,1.27,-0.1,0.0,0.1
2025-08-27,079000,,1.26,-0.0,0.2,-0.2
2025-08-28,079000,,1.26,0.1,-0.0,-0.1
2025-08-29,079000,5500.0,1.27,-0.0,0.0,0.0
2025-09-01,079000,,1.27,0.1,-0.0,-0.1
2025-09-02,079000,,1.29,0.2,0.0,-0.2
2025-09-03,079000,,1.33,0.0,0.0,-0.0
2025-09-04,079000,,1.34,-0.0,0.0,0.0
2025-09-05,079000,,1.34,0.0,-0.0,-0.0
2025-09-08,079000,,1.34,0.0,0.0,-0.0
2025-09-09,079000,,1.35,0.2,0.3,-0.4
2025-09-10,079000,,1.41,-0.0,0.1,-0.1
2025-09-11,079000,,1.41,-0.0,0.1,-0.0
2025-09-12,079000,,1.4,-0.2,-0.0,0.1
2025-09-15,079000,,1.35,-0.0,0.1,-0.1
2025-09-16,079000,,1.35,-0.0,0.2,-0.2
2025-09-17,079000,,1.35,0.2,0.8,-1.0
2025-09-18,079000,,1.39,-0.1,0.0,0.1
2025-09-19,079000,,1.38,-0.4,4.3,-3.8
2025-09-22,079000,,1.28,0.1,0.0,-0.1
2025-09-23,079000,,1.3,-0.0,0.0,0.0
2025-09-24,079000,,1.29,0.1,1.2,-1.2
2025-09-25,079000,,1.3,-0.1,0.0,0.0
2025-09-26,079000,,1.29,0.1,2.0,-2.1
2025-09-29,079000,,1.31,0.2,-0.0,-0.2
2025-09-30,079000,5480.0,1.36,0.1,0.0,-0.2
2025-10-01,079000,,1.39,0.2,-0.0,-0.1
2025-10-02,079000,,1.43,-0.0,0.0,0.0
2025-10-10,079000,,1.42,-0.1,-0.0,0.1
2025-10-13,079000,,1.41,-0.1,-0.0,0.1
2025-10-14,079000,,1.39,-0.0,0.0,0.0
2025-10-15,079000,,1.39,-0.0,-0.0,0.1
2025-10-16,079000,,1.39,-0.1,0.0,0.1
2025-10-17,079000,,1.36,0.0,0.0,-0.0
2025-10-20,079000,,1.37,0.0,0.0,-0.0
2025-10-21,079000,,1.38,0.1,-0.0,-0.1
2025-10-22,079000,,1.4,-0.0,-0.0,0.0
2025-10-23,079000,,1.4,0.1,-0.0,-0.1
2025-10-24,079000,,1.42,-0.1,0.0,0.1
2025-10-27,079000,,1.41,0.0,0.0,-0.0
2025-10-28,079000,,1.41,-0.0,-0.0,0.0
2025-10-29,079000,,1.4,-0.0,-0.0,0.1
2025-10-30,079000,,1.4,-0.1,-0.0,0.1
2025-10-31,079000,5410.0,1.38,0.0,0.0,-0.0
2025-11-03,079000,,1.45,-0.0,-0.0,0.0
2025-11-04,079000,,1.45,0.0,-0.0,0.0
2025-11-05,079000,,1.45,0.0,0.0,-0.0
2025-11-06,079000,,1.46,-0.0,0.0,0.0
2025-11-07,079000,,1.45,-0.0,-0.0,0.1
2025-11-10,079000,,1.43,0.2,-0.2,-0.0
2025-11-11,079000,,1.48,-1.2,1.5,-0.4
2025-11-12,079000,,1.19,0.0,0.1,-0.1
2025-11-13,079000,,1.19,0.1,0.1,-0.1
2025-11-14,079000,,1.21,-0.0,0.0,0.0
2025-11-17,079000,,1.21,0.0,0.5,-0.6
2025-11-18,079000,,1.21,-0.0,0.0,0.0
2025-11-19,079000,,1.21,0.1,0.1,-0.2
2025-11-20,079000,,1.22,0.0,0.0,-0.0
2025-11-21,079000,,1.23,-0.0,0.0,-0.0
2025-11-24,079000,,1.23,-0.0,-0.0,0.0
2025-11-25,079000,,1.23,-0.0,0.1,-0.1
2025-11-26,079000,,1.23,-0.0,0.2,-0.1
2025-11-27,079000,,1.23,-0.0,0.0,-0.0
2025-11-28,079000,5480.0,1.22,-0.0,0.0,-0.0
2025-12-01,079000,,1.22,-0.0,0.1,-0.1
2025-12-02,079000,,1.23,-0.0,0.0,-0.0
2025-12-03,079000,,1.22,-0.2,0.2,0.1
2025-12-04,079000,,1.18,-0.0,0.0,-0.0
2025-12-05,079000,,1.17,-0.0,0.1,-0.1
2025-12-08,079000,,1.16,-0.0,0.1,-0.1
2025-12-09,079000,,1.16,-0.0,0.1,-0.1
2025-12-10,079000,,1.16,-0.0,0.0,-0.0
2025-12-11,079000,,1.16,0.0,0.0,-0.0
2025-12-12,079000,,1.16,0.0,0.0,-0.0
2025-12-15,079000,,1.17,0.0,0.5,-0.5
2025-12-16,079000,,1.17,-0.0,0.1,-0.1
2025-12-17,079000,,1.25,-0.0,0.0,0.0
2025-12-18,079000,,1.24,0.0,0.3,-0.4
2025-12-19,079000,,1.24,0.2,0.2,-0.3
2025-12-22,079000,,1.28,0.0,-0.0,-0.0
2025-12-23,079000,,1.28,0.1,0.0,-0.1
2025-12-24,079000,,1.3,0.1,0.1,-0.3
2025-12-26,079000,,1.32,-0.0,-0.0,0.1
2025-12-29,079000,,1.23,-0.0,0.1,-0.1
2025-12-30,079000,6400.0,1.23,-0.3,1.6,-1.3
2026-01-02,079000,,1.17,0.0,0.3,-0.4
2026-01-05,079000,,1.18,0.3,-0.0,-0.2
2026-01-06,079000,,1.23,0.1,0.5,-0.5
2026-01-07,079000,,1.25,0.2,0.9,-1.1
2026-01-08,079000,,1.3,-0.1,-0.1,0.2
2026-01-09,079000,,1.29,-0.0,-0.2,0.2
2026-01-12,079000,,1.28,-0.2,0.3,-0.2
2026-01-13,079000,,1.24,-0.1,-0.1,0.2
2026-01-14,079000,,1.22,-0.1,-0.1,0.2
2026-01-15,079000,,1.21,-0.1,0.1,-0.0
2026-01-16,079000,,1.2,-0.1,-0.1,0.2
2026-01-19,079000,,1.18,-0.0,0.0,-0.0
2026-01-20,079000,,1.18,-0.0,-0.0,0.1
2026-01-21,079000,,1.18,-0.0,0.0,0.0
2026-01-22,079000,,1.18,-0.1,0.1,-0.0
2026-01-23,079000,,1.16,-0.0,-0.1,0.1
2026-01-26,079000,,1.16,-0.0,0.0,-0.0
2026-01-27,079000,,1.15,-0.1,-0.0,0.1
2026-01-28,079000,,1.13,0.0,-0.0,-0.0
2026-01-29,079000,,1.13,-0.0,0.1,-0.1
2026-01-30,079000,6580.0,1.13,-0.0,0.5,-0.4
2026-02-02,079000,,1.12,0.0,0.4,-0.4
2026-02-03,079000,,1.13,0.3,0.4,-0.9
2026-02-04,079000,,1.2,0.3,-0.2,0.1
2026-02-05,079000,,1.26,0.0,0.4,-0.4
2026-02-06,079000,,1.26,0.3,0.3,-0.5
2026-02-09,079000,,1.32,0.1,0.2,-0.4
2026-02-10,079000,,1.34,0.2,-0.6,0.5
2026-02-11,079000,,1.38,0.0,0.2,-0.2
2026-02-12,079000,,1.39,-0.3,0.4,-0.1
2026-02-13,079000,,1.34,0.0,0.7,-0.7
2026-02-19,079000,,1.34,1.9,0.8,-1.8
2026-02-20,079000,,1.63,0.5,-1.9,1.5
2026-02-23,079000,,1.74,0.5,0.0,-0.4
2026-02-24,079000,,1.72,0.5,1.0,-1.4
2026-02-25,079000,,1.78,-0.2,-0.2,0.4
2026-02-26,079000,,1.76,0.3,0.2,-0.2
2026-02-27,079000,11320.0,1.85,-2.0,-0.3,2.3
2026-03-03,079000,,1.61,0.3,0.2,-0.5
2026-03-04,079000,,1.63,0.9,0.1,-1.0
2026-03-05,079000,,1.76,0.1,-0.1,-0.0
2026-03-06,079000,,1.77,1.6,-0.0,-1.5
2026-03-09,079000,,2.01,-0.1,-0.0,0.1
2026-03-10,079000,,1.99,-1.8,-0.8,2.5
2026-03-11,079000,,1.74,-0.3,0.5,-0.2
2026-03-12,079000,,1.69,-0.5,-0.1,0.6
2026-03-13,079000,,1.62,0.1,-0.1,0.0
2026-03-16,079000,,1.63,0.3,0.3,-0.7
2026-03-17,079000,,1.68,-0.3,0.3,-0.0
2026-03-18,079000,,1.65,0.3,0.6,-0.9
2026-03-19,079000,,1.7,-0.5,0.3,0.2
2026-03-20,079000,,1.61,-0.2,-0.0,0.3
2026-03-23,079000,,1.57,0.2,-0.5,0.3
2026-03-24,079000,,1.6,-0.0,-0.1,0.1
2026-03-25,079000,,1.59,0.1,-0.2,0.1
2026-03-26,079000,,1.62,-0.8,0.9,-0.1
2026-03-27,079000,,1.47,-0.2,0.1,0.1
2026-03-30,079000,,1.44,0.0,0.0,-0.0
2026-03-31,079000,7070.0,1.44,0.1,0.0,-0.1
2026-04-01,079000,,1.45,0.7,-1.2,0.5
2026-04-02,079000,,1.59,-0.7,-0.0,0.8
2026-04-03,079000,,1.45,0.3,0.3,-0.6
2026-04-06,079000,,1.51,0.3,0.3,-0.6
2026-04-07,079000,,1.56,-3.4,0.0,3.6
2026-04-08,079000,,1.03,-0.1,-0.2,0.2
2026-04-09,079000,,1.04,-1.1,-0.2,1.3
2026-04-10,079000,,0.87,-0.5,0.3,0.0
2026-04-13,079000,,0.81,-0.3,-0.4,0.2
2026-04-14,079000,,0.78,0.1,-0.2,-0.0
2026-04-15,079000,,0.77,-0.2,0.7,-0.5
2026-04-16,079000,,0.76,-0.0,-0.2,0.1
2026-04-17,079000,,0.76,-0.2,0.1,0.4
2026-04-20,079000,,0.72,-0.2,0.0,0.2
2026-04-21,079000,,0.69,0.1,-0.1,-0.2
2026-04-22,079000,,0.71,0.1,-0.1,0.0
2026-04-23,079000,,0.72,-0.5,0.5,0.1
2026-04-24,079000,,0.63,-0.1,0.2,-0.0
2026-04-27,079000,,0.7,0.2,0.0,-0.2
2026-04-28,079000,,0.75,-0.1,-0.0,0.1
2026-04-29,079000,,0.68,-0.1,-0.1,0.2
2026-04-30,079000,7900.0,0.66,0.4,-0.2,-0.2
2026-05-04,079000,,0.72,-0.1,-0.4,0.4
2026-05-06,079000,,0.71,-0.5,-0.1,0.6
2026-05-07,079000,,0.62,-0.1,0.0,0.2
2026-05-08,079000,,0.6,-0.0,0.7,-0.1
2026-05-11,079000,,0.6,0.7,0.3,-0.9
2026-05-12,079000,,0.74,0.1,0.0,-0.2
2026-05-13,079000,,0.76,0.6,-0.2,-0.4
2026-05-14,079000,,0.88,0.2,-0.2,0.0
2026-05-15,079000,,0.93,0.6,-0.1,-0.5
2026-05-18,079000,,1.05,0.1,0.1,-0.2
2026-05-19,079000,,1.07,-0.1,-0.0,-0.1
2026-05-20,079000,,1.05,-0.1,-0.1,0.4
2026-05-21,079000,,1.12,0.2,-0.0,-0.2
2026-05-22,079000,,1.17,0.0,-0.1,0.1
2026-05-26,079000,,1.17,-0.1,0.0,0.0
2026-05-27,079000,,1.15,-0.2,-0.2,0.4
2026-05-28,079000,,1.11,0.2,0.2,-0.4
2026-05-29,079000,5890.0,1.16,-0.0,-0.4,0.4
2026-06-01,079000,,1.15,0.3,-0.1,-0.2
2026-06-02,079000,,1.22,0.3,-0.3,0.1
2026-06-04,079000,,1.28,-0.3,0.7,-0.4
2026-06-05,079000,,1.21,-0.0,-0.2,0.2
2026-06-08,079000,,1.2,0.2,0.3,-0.5
2026-06-09,079000,,1.26,0.0,-0.0,-0.0
2026-06-10,079000,,1.24,0.4,0.1,-0.4
2026-06-11,079000,,1.32,0.3,0.0,-0.3
2026-06-12,079000,,1.41,0.4,-0.1,-0.3
2026-06-15,079000,,1.52,0.4,-0.1,-0.4
2026-06-16,079000,,1.64,-0.2,0.0,0.1
2026-06-17,079000,,1.54,0.2,-0.1,-0.1
2026-06-18,079000,,1.61,-0.9,0.2,0.8
2026-06-19,079000,,1.43,-1.3,-1.1,2.4
2026-06-22,079000,,1.12,-0.8,0.5,0.3
2026-06-23,079000,,1.03,-0.1,-0.5,0.5
2026-06-24,079000,,1.05,-1.4,-0.2,1.5
2026-06-25,079000,,0.88,-0.3,1.0,-0.7
2026-06-26,079000,,0.81,0.9,0.1,-1.4
2026-06-29,079000,,1.05,0.9,-0.5,-0.3
2026-06-30,079000,4620.0,1.29,-0.3,0.2,0.2
2026-07-01,079000,,1.18,0.2,0.3,-0.5
2026-07-02,079000,,1.23,-0.2,-0.7,1.0
2026-07-03,079000,,1.17,-0.1,0.2,0.0
2026-07-06,079000,,1.15,0.3,-0.1,-0.3
2026-07-07,079000,,1.25,-0.1,-0.0,0.2
2026-07-08,079000,,1.22,-0.3,0.0,0.3
2026-07-09,079000,,1.14,-0.1,0.1,0.0
2026-07-10,079000,,1.11,0.4,-0.3,-0.1
2026-07-13,079000,4585.0,1.25,-0.3,0.2,0.1
2025-07-14,079160,,5.31,1.1,-0.2,-0.9
2025-07-15,079160,,5.32,-4.5,-0.1,4.3
2025-07-16,079160,,5.27,-3.0,-0.6,3.9
2025-07-17,079160,,5.22,-1.5,-0.1,1.6
2025-07-18,079160,,5.22,-1.3,0.2,1.1
2025-07-21,079160,,5.2,0.1,-0.5,0.7
2025-07-22,079160,,5.2,-4.0,-0.5,4.3
2025-07-23,079160,,5.14,-12.3,-0.1,11.8
2025-07-24,079160,,4.99,-3.7,-0.1,4.6
2025-07-25,079160,,4.94,-0.3,0.7,-0.5
2025-07-28,079160,,4.94,-7.9,-0.4,8.6
2025-07-29,079160,,4.85,-4.1,-0.2,4.3
2025-07-30,079160,,4.78,-2.3,-0.3,2.6
2025-07-31,079160,,4.75,-1.0,0.0,1.0
2025-08-01,079160,,4.74,-3.6,-0.8,4.4
2025-08-04,079160,,4.7,0.2,-2.1,1.5
2025-08-05,079160,,4.71,-4.0,-1.5,5.3
2025-08-06,079160,,4.59,3.4,-2.1,-1.3
2025-08-07,079160,,4.65,-4.2,-2.6,6.8
2025-08-08,079160,,4.58,-5.3,-1.0,5.8
2025-08-11,079160,,4.52,0.7,-3.4,2.7
2025-08-12,079160,,4.52,-6.0,-0.8,7.3
2025-08-13,079160,,4.45,-4.6,-1.2,8.1
2025-08-14,079160,,4.39,-1.2,-1.5,2.7
2025-08-18,079160,,4.37,-1.6,-0.9,2.3
2025-08-19,079160,,4.34,-0.8,-0.5,1.9
2025-08-20,079160,,4.33,-3.1,-0.6,3.6
2025-08-21,079160,,4.3,-0.2,-0.9,1.3
2025-08-22,079160,,4.29,-0.6,-1.3,1.9
2025-08-25,079160,,4.28,1.1,-0.7,-0.4
2025-08-26,079160,,4.34,-1.0,-1.2,2.2
2025-08-27,079160,,4.35,-3.6,-1.5,5.1
2025-08-28,079160,,4.3,-2.5,-1.0,3.5
2025-08-29,079160,4635.0,4.27,-6.2,-1.1,6.6
2025-09-01,079160,,4.19,-0.6,-1.6,2.3
2025-09-02,079160,,4.18,-5.8,-1.0,6.8
2025-09-03,079160,,4.1,-4.5,-0.7,5.7
2025-09-04,079160,,4.04,3.3,-0.9,-2.3
2025-09-05,079160,,4.09,2.9,-1.5,-1.3
2025-09-08,079160,,4.19,-2.2,1.9,0.3
2025-09-09,079160,,4.2,-6.9,-0.9,7.8
2025-09-10,079160,,4.12,2.9,-0.9,-1.9
2025-09-11,079160,,4.16,33.7,-12.4,-20.9
2025-09-12,079160,,4.56,3.5,-4.0,1.1
2025-09-15,079160,,4.6,0.6,-1.2,0.6
2025-09-16,079160,,4.61,-3.4,-0.5,4.1
2025-09-17,079160,,4.57,6.5,-1.4,-5.1
2025-09-18,079160,,4.64,1.3,-1.6,0.2
2025-09-19,079160,,4.66,3.2,-1.4,-1.9
2025-09-22,079160,,4.69,32.1,-65.8,34.7
2025-09-23,079160,,5.03,-3.3,-0.5,4.7
2025-09-24,079160,,4.99,-4.5,-0.7,5.3
2025-09-25,079160,,4.92,-9.3,-0.9,10.2
2025-09-26,079160,,4.81,-12.6,-0.8,13.4
2025-09-29,079160,,4.65,-5.4,-0.1,5.5
2025-09-30,079160,4900.0,4.59,-3.7,-0.4,4.1
2025-10-01,079160,,4.54,-3.6,-0.8,4.5
2025-10-02,079160,,4.5,-2.4,-1.3,3.7
2025-10-10,079160,,4.47,-2.4,-0.4,2.7
2025-10-13,079160,,4.44,7.7,2.9,-10.9
2025-10-14,079160,,4.53,6.4,-0.1,-6.2
2025-10-15,079160,,4.6,-3.8,-0.2,4.0
2025-10-16,079160,,4.56,-5.1,-0.3,5.2
2025-10-17,079160,,4.5,-4.4,0.0,4.0
2025-10-20,079160,,4.44,1.6,-0.0,-1.9
2025-10-21,079160,,4.48,-0.4,-4.0,4.2
2025-10-22,079160,,4.47,2.0,0.0,-2.0
2025-10-23,079160,,4.49,0.1,-0.0,-0.4
2025-10-24,079160,,4.5,-1.2,-0.0,1.4
2025-10-27,079160,,4.48,2.5,-0.0,-2.5
2025-10-28,079160,,4.51,1.4,-0.0,-1.0
2025-10-29,079160,,4.53,-6.2,-0.0,6.3
2025-10-30,079160,,4.45,-8.0,-0.7,8.8
2025-10-31,079160,4995.0,4.36,-3.6,-0.4,5.0
2025-11-03,079160,,4.31,-7.1,-0.0,7.1
2025-11-04,079160,,4.23,-3.9,-0.1,4.1
2025-11-05,079160,,4.18,-0.7,-0.3,1.3
2025-11-06,079160,,4.17,-2.3,-0.0,2.2
2025-11-07,079160,,4.14,-8.2,-0.0,8.2
2025-11-10,079160,,4.04,7.8,-0.1,-7.7
2025-11-11,079160,,4.12,-1.4,-0.5,2.0
2025-11-12,079160,,4.16,0.9,0.0,-0.9
2025-11-13,079160,,4.17,4.1,-0.0,-4.0
2025-11-14,079160,,4.24,25.6,-0.0,-25.4
2025-11-17,079160,,4.54,17.2,0.4,-17.1
2025-11-18,079160,,5.04,6.9,-0.2,-6.9
2025-11-19,079160,,5.11,10.9,-1.6,-9.0
2025-11-20,079160,,5.23,16.6,-4.2,-12.2
2025-11-21,079160,,5.41,2.9,-6.2,3.2
2025-11-24,079160,,5.13,2.3,-8.7,5.7
2025-11-25,079160,,5.15,6.7,-2.9,-3.7
2025-11-26,079160,,5.16,8.0,-1.4,-6.5
2025-11-27,079160,,5.25,8.8,-7.7,-0.8
2025-11-28,079160,5720.0,5.35,2.9,-1.3,-0.7
2025-12-01,079160,,5.38,34.5,-17.7,-16.2
2025-12-02,079160,,5.73,47.2,-14.6,-29.1
2025-12-03,079160,,6.17,-75.9,-2.5,78.3
2025-12-04,079160,,5.39,-3.6,-2.7,5.1
2025-12-05,079160,,5.35,-7.0,-0.1,7.3
2025-12-08,079160,,5.31,-5.2,-0.0,5.3
2025-12-09,079160,,5.36,1.2,-2.4,1.7
2025-12-10,079160,,5.37,-4.6,-0.1,4.7
2025-12-11,079160,,5.33,37.8,-3.2,-33.6
2025-12-12,079160,,5.7,14.6,-2.7,-11.2
2025-12-15,079160,,5.84,-15.0,0.4,14.7
2025-12-16,079160,,5.69,2.0,-0.3,-2.3
2025-12-17,079160,,5.71,-9.0,0.1,8.7
2025-12-18,079160,,5.47,-1.3,-0.1,1.4
2025-12-19,079160,,5.46,1.0,-2.3,1.3
2025-12-22,079160,,5.47,-0.9,-0.1,0.9
2025-12-23,079160,,5.47,-1.3,-0.1,1.6
2025-12-24,079160,,5.46,1.3,0.1,-0.1
2025-12-26,079160,,5.47,-7.0,0.9,6.4
2025-12-29,079160,,5.4,-2.0,-0.3,2.3
2025-12-30,079160,5950.0,5.38,-4.3,3.2,1.1
2026-01-02,079160,,5.34,-5.2,1.4,4.0
2026-01-05,079160,,5.28,-2.8,0.0,2.8
2026-01-06,079160,,5.26,-1.1,-0.2,1.4
2026-01-07,079160,,5.27,2.4,-0.9,-1.5
2026-01-08,079160,,5.29,-1.7,0.6,1.1
2026-01-09,079160,,5.28,-2.1,-0.9,3.0
2026-01-12,079160,,5.25,8.9,0.4,-9.3
2026-01-13,079160,,5.42,24.3,-1.9,-22.4
2026-01-14,079160,,5.58,2.0,-0.4,-1.7
2026-01-15,079160,,5.58,-1.7,-0.0,1.7
2026-01-16,079160,,5.56,-9.4,-0.7,10.1
2026-01-19,079160,,5.47,-1.6,0.3,2.3
2026-01-20,079160,,5.45,9.3,1.8,-11.5
2026-01-21,079160,,5.55,12.9,1.0,-13.9
2026-01-22,079160,,5.67,5.6,0.3,-5.8
2026-01-23,079160,,5.73,-0.6,2.0,-1.2
2026-01-26,079160,,5.72,-2.8,1.7,1.1
2026-01-27,079160,,5.69,-4.5,0.0,5.0
2026-01-28,079160,,5.65,4.5,0.7,-5.3
2026-01-29,079160,,5.69,5.2,0.4,-5.6
2026-01-30,079160,6050.0,5.74,5.1,-0.9,-4.6
2026-02-02,079160,,5.8,-7.1,-0.5,7.5
2026-02-03,079160,,5.72,-4.1,-1.4,5.3
2026-02-04,079160,,5.68,-19.0,-3.1,21.8
2026-02-05,079160,,5.48,20.4,-0.2,-20.2
2026-02-06,079160,,5.69,7.0,-1.4,-5.7
2026-02-09,079160,,5.76,20.3,-0.8,-17.7
2026-02-10,079160,,6.06,23.1,-0.3,-22.9
2026-02-11,079160,,6.29,7.7,-0.2,-7.2
2026-02-12,079160,,6.37,4.2,0.0,-4.2
2026-02-13,079160,,6.41,-10.8,-1.6,12.5
2026-02-19,079160,,6.46,-0.1,0.0,-1.2
2026-02-20,079160,,6.46,-8.0,-0.2,8.1
2026-02-23,079160,,6.38,10.7,-0.3,-9.6
2026-02-24,079160,,6.49,-7.3,0.3,6.9
2026-02-25,079160,,6.41,-11.9,-6.7,18.3
2026-02-26,079160,,6.29,-7.1,-4.5,11.8
2026-02-27,079160,5540.0,6.21,-1.5,0.1,1.6
2026-03-03,079160,,6.2,-0.5,0.0,0.4
2026-03-04,079160,,6.19,8.3,0.2,-8.1
2026-03-05,079160,,6.29,-6.0,0.7,5.5
2026-03-06,079160,,6.22,-5.5,-0.1,5.6
2026-03-09,079160,,6.15,6.4,-0.0,-6.3
2026-03-10,079160,,6.23,-13.2,-0.0,13.2
2026-03-11,079160,,6.17,4.1,0.1,-4.4
2026-03-12,079160,,6.22,-3.5,-0.7,4.2
2026-03-13,079160,,6.18,-0.7,0.1,0.7
2026-03-16,079160,,6.17,0.1,0.9,-1.0
2026-03-17,079160,,6.17,2.1,-0.6,-1.4
2026-03-18,079160,,6.14,-4.7,-3.1,7.8
2026-03-19,079160,,6.05,-4.3,-1.9,6.2
2026-03-20,079160,,5.98,6.2,0.6,-6.0
2026-03-23,079160,,6.06,-1.3,-1.9,2.5
2026-03-24,079160,,6.04,5.4,0.1,-5.4
2026-03-25,079160,,6.11,-7.9,-1.9,9.8
2026-03-26,079160,,5.93,0.2,0.0,-0.2
2026-03-27,079160,,5.93,-0.4,0.2,-0.1
2026-03-30,079160,,5.8,2.0,-0.9,-1.1
2026-03-31,079160,4805.0,5.83,6.5,1.9,-8.4
2026-04-01,079160,,5.89,0.8,-0.9,0.1
2026-04-02,079160,,5.9,-1.4,-3.5,4.9
2026-04-03,079160,,5.88,-2.4,-1.7,4.0
2026-04-06,079160,,5.84,-0.4,0.1,0.2
2026-04-07,079160,,5.84,-3.8,-0.2,3.9
2026-04-08,079160,,5.79,1.8,-1.1,-0.8
2026-04-09,079160,,5.81,-4.5,-0.8,5.3
2026-04-10,079160,,5.75,0.8,0.8,-1.7
2026-04-13,079160,,5.76,0.5,1.0,-1.5
2026-04-14,079160,,5.83,-2.4,-3.5,5.8
2026-04-15,079160,,5.83,-1.0,0.9,-0.2
2026-04-16,079160,,5.81,1.4,1.8,-4.2
2026-04-17,079160,,5.85,2.7,-2.0,-0.8
2026-04-20,079160,,5.74,0.9,-0.3,-0.7
2026-04-21,079160,,5.75,1.1,-1.1,-0.2
2026-04-22,079160,,5.76,-2.5,1.4,1.0
2026-04-23,079160,,5.73,-4.1,-1.2,5.4
2026-04-24,079160,,5.71,4.3,0.0,-3.8
2026-04-27,079160,,6.15,-3.2,0.1,3.3
2026-04-28,079160,,6.11,-1.4,0.2,1.3
2026-04-29,079160,,6.12,0.6,0.3,-1.0
2026-04-30,079160,4935.0,6.1,1.7,1.1,-3.0
2026-05-04,079160,,6.12,-1.3,-2.3,3.6
2026-05-06,079160,,6.1,-19.5,-0.8,19.7
2026-05-07,079160,,6.22,1.3,-0.3,-1.1
2026-05-08,079160,,6.24,-1.8,6.1,-4.1
2026-05-11,079160,,6.21,-17.0,-1.4,18.0
2026-05-12,079160,,6.0,14.9,4.4,-21.9
2026-05-13,079160,,5.97,-7.0,-2.0,10.1
2026-05-14,079160,,5.89,3.7,0.0,-3.8
2026-05-15,079160,,5.94,-2.2,0.3,2.1
2026-05-18,079160,,5.88,0.4,-0.1,-0.1
2026-05-19,079160,,5.92,-0.8,-1.0,2.3
2026-05-20,079160,,5.91,-9.7,-2.2,12.3
2026-05-21,079160,,5.82,-3.1,1.0,2.1
2026-05-22,079160,,5.78,0.4,-3.5,3.1
2026-05-26,079160,,5.4,-14.3,-3.7,17.7
2026-05-27,079160,,5.21,-7.2,-0.2,7.3
2026-05-28,079160,,5.17,-5.6,-0.8,6.4
2026-05-29,079160,4560.0,5.1,-0.1,1.1,-1.0
2026-06-01,079160,,5.1,-10.1,0.2,9.8
2026-06-02,079160,,5.05,0.6,-1.5,0.8
2026-06-04,079160,,5.06,-1.9,0.1,1.8
2026-06-05,079160,,5.04,-4.0,4.4,-0.4
2026-06-08,079160,,4.99,-6.9,-0.4,7.6
2026-06-09,079160,,4.89,-4.3,0.1,3.9
2026-06-10,079160,,4.83,0.6,-0.1,-0.5
2026-06-11,079160,,4.84,1.1,-0.3,-0.8
2026-06-12,079160,,4.86,-0.2,2.3,-2.3
2026-06-15,079160,,4.85,4.2,2.7,-7.4
2026-06-16,079160,,4.91,-0.4,-1.7,2.2
2026-06-17,079160,,4.89,-7.1,-0.2,6.7
2026-06-18,079160,,4.78,-1.2,-0.3,1.3
2026-06-19,079160,,4.76,-1.8,2.5,-0.7
2026-06-22,079160,,4.74,-1.1,0.3,0.8
2026-06-23,079160,,4.72,-5.8,1.7,4.3
2026-06-24,079160,,4.59,-2.4,0.5,1.8
2026-06-25,079160,,4.7,-3.8,-1.8,5.4
2026-06-26,079160,,4.65,-7.2,-1.8,9.1
2026-06-29,079160,,4.58,0.8,-1.4,0.5
2026-06-30,079160,4355.0,4.59,-2.8,-3.4,6.4
2026-07-01,079160,,4.55,1.4,-1.4,0.1
2026-07-02,079160,,4.59,4.5,0.0,-3.9
2026-07-03,079160,,4.71,2.3,1.4,-3.5
2026-07-06,079160,,4.74,1.4,1.8,-3.3
2026-07-07,079160,,4.9,2.8,0.0,-2.8
2026-07-08,079160,,4.94,-5.1,0.3,4.7
2026-07-09,079160,,4.77,-1.7,1.6,0.0
2026-07-10,079160,,4.7,-0.7,0.6,0.0
2026-07-13,079160,4395.0,4.69,-2.8,1.0,1.6
2025-07-14,079170,,6.11,0.7,,-0.9
2025-07-15,079170,,6.27,-0.0,,0.1
2025-07-16,079170,,6.26,0.0,,0.2
2025-07-17,079170,,6.26,0.0,,-0.0
2025-07-18,079170,,6.26,-0.2,,0.2
2025-07-21,079170,,6.22,0.4,,-0.8
2025-07-22,079170,,6.33,0.0,,-0.1
2025-07-23,079170,,6.34,0.2,,0.1
2025-07-24,079170,,6.4,0.0,,-0.0
2025-07-25,079170,,6.41,-0.2,0.0,0.1
2025-07-28,079170,,6.38,0.5,,-0.4
2025-07-29,079170,,6.52,0.3,,-0.3
2025-07-30,079170,,6.59,0.8,,-0.8
2025-07-31,079170,,6.8,0.5,,-0.5
2025-08-01,079170,,6.94,-0.1,,0.1
2025-08-04,079170,,6.92,0.0,,0.0
2025-08-05,079170,,6.92,0.1,,-0.1
2025-08-06,079170,,6.94,-0.1,,0.1
2025-08-07,079170,,6.91,0.1,,-0.1
2025-08-08,079170,,6.94,0.0,,-0.0
2025-08-11,079170,,6.95,0.0,,-0.0
2025-08-12,079170,,6.96,-0.1,,0.1
2025-08-13,079170,,6.92,-0.0,,0.0
2025-08-14,079170,,6.92,0.3,,-0.3
2025-08-18,079170,,7.01,0.2,,-0.2
2025-08-19,079170,,7.05,-0.0,0.1,-0.0
2025-08-20,079170,,7.04,-0.1,0.0,0.1
2025-08-21,079170,,7.02,-0.0,,0.0
2025-08-22,079170,,7.02,0.0,,-0.0
2025-08-25,079170,,7.02,-0.0,0.0,0.0
2025-08-26,079170,,7.01,-0.2,,0.2
2025-08-27,079170,,6.97,0.1,,-0.1
2025-08-28,079170,,7.0,0.1,,-0.1
2025-08-29,079170,7330.0,7.04,-0.0,,0.0
2025-09-01,079170,,7.02,0.0,,0.0
2025-09-02,079170,,7.03,-0.1,,0.1
2025-09-03,079170,,7.0,-0.0,,0.0
2025-09-04,079170,,7.0,-0.0,,0.0
2025-09-05,079170,,7.0,-0.0,,0.0
2025-09-08,079170,,6.99,-0.0,,0.0
2025-09-09,079170,,6.98,0.7,0.0,-0.7
2025-09-10,079170,,7.16,-0.1,,0.1
2025-09-11,079170,,7.13,-0.1,,0.1
2025-09-12,079170,,7.12,-0.1,0.0,0.1
2025-09-15,079170,,7.09,0.1,0.0,-0.1
2025-09-16,079170,,7.1,-0.0,0.0,-0.0
2025-09-17,079170,,7.1,-0.1,,0.1
2025-09-18,079170,,7.06,-0.0,,0.0
2025-09-19,079170,,7.06,-0.1,,0.1
2025-09-22,079170,,7.03,-0.1,,0.1
2025-09-23,079170,,7.02,-0.1,,0.1
2025-09-24,079170,,7.0,0.0,,-0.0
2025-09-25,079170,,7.0,-0.1,,0.1
2025-09-26,079170,,6.98,-0.1,,0.1
2025-09-29,079170,,6.95,0.0,,-0.0
2025-09-30,079170,7210.0,6.96,-0.1,,0.1
2025-10-01,079170,,6.94,0.0,,-0.0
2025-10-02,079170,,6.94,0.0,-0.0,-0.0
2025-10-10,079170,,6.95,0.0,,-0.0
2025-10-13,079170,,6.96,0.0,,-0.0
2025-10-14,079170,,6.96,-0.2,,0.2
2025-10-15,079170,,6.9,0.1,,-0.1
2025-10-16,079170,,6.94,-0.1,,0.1
2025-10-17,079170,,6.9,-0.1,,0.1
2025-10-20,079170,,6.89,0.0,0.0,-0.0
2025-10-21,079170,,6.9,-0.2,,0.2
2025-10-22,079170,,6.85,-0.1,,0.1
2025-10-23,079170,,6.83,-0.0,,0.0
2025-10-24,079170,,6.82,-0.1,,0.1
2025-10-27,079170,,6.79,-0.1,,0.1
2025-10-28,079170,,6.77,-0.1,,0.1
2025-10-29,079170,,6.75,-0.0,,0.0
2025-10-30,079170,,6.74,0.0,,-0.0
2025-10-31,079170,7290.0,6.75,0.1,,-0.1
2025-11-03,079170,,6.77,-0.2,,0.2
2025-11-04,079170,,6.7,-0.1,,0.1
2025-11-05,079170,,6.67,-0.2,,0.2
2025-11-06,079170,,6.6,0.0,,-0.0
2025-11-07,079170,,6.61,-0.1,,0.1
2025-11-10,079170,,6.59,0.3,-0.4,0.1
2025-11-11,079170,,6.68,-0.1,,0.1
2025-11-12,079170,,6.66,0.0,,-0.0
2025-11-13,079170,,6.66,0.0,,-0.0
2025-11-14,079170,,6.67,-0.1,,0.0
2025-11-17,079170,,6.65,-0.1,,0.1
2025-11-18,079170,,6.62,-0.3,,0.3
2025-11-19,079170,,6.65,-0.1,,0.1
2025-11-20,079170,,6.62,0.0,,-0.0
2025-11-21,079170,,6.63,-0.0,,0.0
2025-11-24,079170,,6.62,-0.1,,0.1
2025-11-25,079170,,6.59,-0.0,,0.0
2025-11-26,079170,,6.58,-0.0,,0.0
2025-11-27,079170,,6.58,-0.5,,0.5
2025-11-28,079170,6700.0,6.44,-0.4,,0.4
2025-12-01,079170,,6.33,-0.0,,0.0
2025-12-02,079170,,6.33,-0.1,,0.1
2025-12-03,079170,,6.29,-0.1,,0.1
2025-12-04,079170,,6.28,-0.1,,0.1
2025-12-05,079170,,6.24,-0.1,,0.1
2025-12-08,079170,,6.22,-0.1,,0.1
2025-12-09,079170,,6.18,-0.1,,0.1
2025-12-10,079170,,6.16,-0.1,,0.1
2025-12-11,079170,,6.13,-0.1,,0.1
2025-12-12,079170,,6.11,-0.1,,0.1
2025-12-15,079170,,6.09,-0.1,,0.3
2025-12-16,079170,,6.06,-0.1,,0.1
2025-12-17,079170,,6.21,-0.0,,0.0
2025-12-18,079170,,6.21,0.9,,-0.9
2025-12-19,079170,,6.48,-0.2,,0.2
2025-12-22,079170,,6.43,-0.0,,0.0
2025-12-23,079170,,6.42,-0.2,,0.2
2025-12-24,079170,,6.37,-0.1,,0.1
2025-12-26,079170,,6.33,-0.2,,0.5
2025-12-29,079170,,6.12,-0.2,,0.2
2025-12-30,079170,6500.0,6.07,0.1,,-0.2
2026-01-02,079170,,6.09,0.2,0.0,-0.3
2026-01-05,079170,,6.16,0.3,0.0,-0.4
2026-01-06,079170,,6.26,0.0,-0.0,0.1
2026-01-07,079170,,6.26,-0.0,-0.2,0.2
2026-01-08,079170,,6.25,-0.1,-0.0,0.1
2026-01-09,079170,,6.22,0.0,0.0,-0.0
2026-01-12,079170,,6.22,-0.1,-0.0,0.1
2026-01-13,079170,,6.21,-0.0,0.0,0.0
2026-01-14,079170,,6.2,-0.1,0.0,0.1
2026-01-15,079170,,6.18,-0.1,0.0,0.1
2026-01-16,079170,,6.16,-0.1,-0.0,0.1
2026-01-19,079170,,6.13,-0.1,-0.0,0.1
2026-01-20,079170,,6.1,-0.1,-0.0,0.1
2026-01-21,079170,,6.08,-0.1,0.0,0.1
2026-01-22,079170,,6.06,-0.1,-0.0,0.1
2026-01-23,079170,,6.04,0.0,0.0,-0.0
2026-01-26,079170,,6.04,-0.0,-0.0,0.1
2026-01-27,079170,,6.03,-0.1,0.0,0.1
2026-01-28,079170,,6.0,-0.1,0.0,0.0
2026-01-29,079170,,5.99,-0.0,-0.0,0.1
2026-01-30,079170,6430.0,5.98,-0.1,-0.1,0.2
2026-02-02,079170,,5.94,-0.0,0.0,-0.0
2026-02-03,079170,,5.93,-0.1,-0.0,0.1
2026-02-04,079170,,5.9,0.2,-0.0,-0.2
2026-02-05,079170,,5.97,0.1,0.0,-0.1
2026-02-06,079170,,6.0,0.0,-0.0,-0.0
2026-02-09,079170,,6.01,0.1,0.0,-0.1
2026-02-10,079170,,6.05,0.2,-0.0,-0.2
2026-02-11,079170,,6.1,-0.0,0.0,0.0
2026-02-12,079170,,6.09,0.1,-0.0,-0.0
2026-02-13,079170,,6.11,-0.1,-0.0,0.1
2026-02-19,079170,,6.09,-0.1,-0.0,0.1
2026-02-20,079170,,6.08,-0.1,0.0,0.1
2026-02-23,079170,,6.03,0.2,-0.1,-0.1
2026-02-24,079170,,6.08,0.2,-0.0,-0.2
2026-02-25,079170,,6.15,0.0,-0.0,-0.0
2026-02-26,079170,,6.16,-0.3,-0.0,0.3
2026-02-27,079170,6390.0,6.06,-0.2,0.0,0.2
2026-03-03,079170,,6.01,0.5,0.0,-0.4
2026-03-04,079170,,6.14,-0.8,-0.0,0.7
2026-03-05,079170,,5.92,-0.1,0.0,0.1
2026-03-06,079170,,5.89,0.7,0.0,-0.7
2026-03-09,079170,,6.16,0.1,,-0.1
2026-03-10,079170,,6.19,0.4,-0.0,-0.4
2026-03-11,079170,,6.33,0.2,0.1,-0.2
2026-03-12,079170,,6.4,-0.0,-0.1,0.2
2026-03-13,079170,,6.38,0.1,-0.0,-0.1
2026-03-16,079170,,6.43,0.2,-0.0,-0.2
2026-03-17,079170,,6.47,-0.0,-0.0,0.0
2026-03-18,079170,,6.46,-0.1,-0.0,0.1
2026-03-19,079170,,6.43,0.0,-0.0,-0.0
2026-03-20,079170,,6.43,0.6,-0.0,-0.6
2026-03-23,079170,,6.6,0.4,-0.0,-0.4
2026-03-24,079170,,6.71,-0.1,-0.0,0.1
2026-03-25,079170,,6.69,0.3,-0.0,-0.3
2026-03-26,079170,,6.77,0.7,0.0,-0.7
2026-03-27,079170,,6.98,-0.8,-0.0,0.8
2026-03-30,079170,,6.75,-0.1,0.0,0.1
2026-03-31,079170,6390.0,6.73,-0.6,0.0,0.6
2026-04-01,079170,,6.56,0.1,-0.0,-0.0
2026-04-02,079170,,6.58,-0.7,-0.0,0.7
2026-04-03,079170,,6.38,0.6,-0.0,-0.6
2026-04-06,079170,,6.57,0.3,-0.0,-0.3
2026-04-07,079170,,6.66,-0.2,0.0,0.1
2026-04-08,079170,,6.62,0.4,-0.0,-0.4
2026-04-09,079170,,6.73,-0.3,-0.0,0.3
2026-04-10,079170,,6.65,-0.0,0.0,0.0
2026-04-13,079170,,6.63,3.7,0.0,-3.7
2026-04-14,079170,,7.64,-0.4,-0.0,0.3
2026-04-15,079170,,7.52,0.7,-0.2,-0.5
2026-04-16,079170,,7.72,0.5,-0.0,-0.4
2026-04-17,079170,,7.86,-0.4,0.0,0.4
2026-04-20,079170,,7.74,-2.0,0.0,2.0
2026-04-21,079170,,7.18,0.1,-0.0,-0.2
2026-04-22,079170,,7.22,-0.3,-0.0,0.3
2026-04-23,079170,,7.14,-0.1,0.0,0.1
2026-04-24,079170,,7.11,0.0,-0.0,0.1
2026-04-27,079170,,7.12,-0.1,-0.0,0.1
2026-04-28,079170,,7.1,-0.3,0.0,0.3
2026-04-29,079170,,7.02,0.0,-0.0,-0.0
2026-04-30,079170,6770.0,7.03,-0.4,-0.0,0.4
2026-05-04,079170,,6.93,-0.2,0.2,-0.0
2026-05-06,079170,,6.86,-1.0,0.0,1.1
2026-05-07,079170,,6.56,-0.1,-0.0,0.1
2026-05-08,079170,,6.52,-0.2,0.0,0.2
2026-05-11,079170,,6.47,-0.3,-0.0,0.3
2026-05-12,079170,,6.4,-0.4,-0.0,0.4
2026-05-13,079170,,6.16,-0.0,0.0,0.0
2026-05-14,079170,,6.17,0.0,-0.0,0.0
2026-05-15,079170,,6.17,0.2,0.0,-0.2
2026-05-18,079170,,6.22,0.4,-0.0,-0.5
2026-05-19,079170,,6.38,0.1,-0.0,-0.1
2026-05-20,079170,,6.43,0.1,-0.0,-0.1
2026-05-21,079170,,6.58,-0.3,0.0,0.3
2026-05-22,079170,,6.48,0.2,-0.0,-0.1
2026-05-26,079170,,6.55,0.4,-0.0,-0.4
2026-05-27,079170,,6.69,-0.0,0.0,0.0
2026-05-28,079170,,6.69,0.1,-0.0,-0.1
2026-05-29,079170,5780.0,6.75,-0.1,0.0,0.1
2026-06-01,079170,,6.74,1.0,-0.2,-0.8
2026-06-02,079170,,7.07,-0.1,-0.0,0.1
2026-06-04,079170,,7.04,-0.0,0.0,-0.0
2026-06-05,079170,,7.03,0.3,0.0,-0.4
2026-06-08,079170,,7.16,0.4,-0.0,-0.4
2026-06-09,079170,,7.31,0.1,0.0,-0.1
2026-06-10,079170,,7.34,-0.0,0.1,-0.0
2026-06-11,079170,,7.32,-0.1,-0.0,0.1
2026-06-12,079170,,7.3,0.0,-0.0,-0.0
2026-06-15,079170,,7.31,-0.2,-0.0,0.2
2026-06-16,079170,,7.24,-0.1,0.0,0.1
2026-06-17,079170,,7.2,-0.0,-0.0,0.0
2026-06-18,079170,,7.19,0.0,-0.0,-0.0
2026-06-19,079170,,7.19,0.1,-0.0,-0.1
2026-06-22,079170,,7.24,0.0,0.0,-0.0
2026-06-23,079170,,7.26,-0.0,0.0,0.0
2026-06-24,079170,,7.25,0.9,-0.0,-0.9
2026-06-25,079170,,7.65,-0.0,0.0,-0.0
2026-06-26,079170,,7.64,-0.1,-0.0,0.2
2026-06-29,079170,,7.58,0.1,-0.0,-0.1
2026-06-30,079170,4605.0,7.62,-0.1,0.0,0.1
2026-07-01,079170,,7.57,-0.0,-0.0,-0.0
2026-07-02,079170,,7.56,-0.0,0.0,0.0
2026-07-03,079170,,7.58,0.0,-0.0,-0.0
2026-07-06,079170,,7.6,0.0,0.0,-0.0
2026-07-07,079170,,7.6,-0.1,-0.0,0.1
2026-07-08,079170,,7.58,-0.2,0.0,0.1
2026-07-09,079170,,7.51,-0.1,-0.0,0.1
2026-07-10,079170,,7.47,0.0,-0.0,0.0
2026-07-13,079170,4650.0,7.46,-0.1,0.0,0.1
2025-07-14,079190,,0.88,0.1,,0.0
2025-07-15,079190,,0.78,0.0,,-0.0
2025-07-16,079190,,0.81,0.0,,-0.0
2025-07-17,079190,,0.82,-0.0,,0.0
2025-07-18,079190,,0.81,-0.0,,0.0
2025-07-21,079190,,0.81,0.0,,-0.0
2025-07-22,079190,,0.82,-0.0,,0.0
2025-07-23,079190,,0.81,-0.0,,0.0
2025-07-24,079190,,0.8,-0.0,,0.0
2025-07-25,079190,,0.8,-0.1,,0.0
2025-07-28,079190,,0.76,0.0,,-0.0
2025-07-29,079190,,0.76,0.0,,-0.0
2025-07-30,079190,,0.78,-0.1,,0.1
2025-07-31,079190,,0.76,0.0,,-0.0
2025-08-01,079190,,0.76,-0.0,,0.0
2025-08-04,079190,,0.75,-0.0,,0.0
2025-08-05,079190,,0.75,-0.0,,0.0
2025-08-06,079190,,0.75,-0.0,,0.0
2025-08-07,079190,,0.74,0.0,,-0.0
2025-08-08,079190,,0.74,-0.0,,0.0
2025-08-11,079190,,0.73,-0.0,,-0.0
2025-08-12,079190,,0.73,-0.0,,0.0
2025-08-13,079190,,0.73,0.0,,-0.0
2025-08-14,079190,,0.74,0.1,,-0.1
2025-08-18,079190,,0.77,0.0,,-0.0
2025-08-19,079190,,0.77,-0.0,,0.0
2025-08-20,079190,,0.77,0.0,,-0.0
2025-08-21,079190,,0.77,0.0,,-0.0
2025-08-22,079190,,0.78,0.0,,-0.0
2025-08-25,079190,,0.79,-0.0,,0.0
2025-08-26,079190,,0.78,0.0,,-0.0
2025-08-27,079190,,0.78,0.0,,-0.0
2025-08-28,079190,,0.78,0.0,,-0.0
2025-08-29,079190,464.0,0.79,0.0,,0.0
2025-09-01,079190,,0.79,0.0,,-0.0
2025-09-02,079190,,0.8,-0.2,,0.2
2025-09-03,079190,,0.71,0.0,,-0.0
2025-09-04,079190,,0.72,0.0,,-0.0
2025-09-05,079190,,0.74,0.0,,-0.0
2025-09-08,079190,,0.75,-0.0,,0.0
2025-09-09,079190,,0.73,-0.0,,0.0
2025-09-10,079190,,0.72,-0.0,,-0.0
2025-09-11,079190,,0.71,0.0,,-0.0
2025-09-12,079190,,0.72,0.0,,-0.0
2025-09-15,079190,,0.74,-0.2,,0.2
2025-09-16,079190,,0.62,-0.0,,0.0
2025-09-17,079190,,0.62,-0.0,,0.0
2025-09-18,079190,,0.62,0.1,,-0.1
2025-09-19,079190,,0.66,-0.0,,0.3
2025-09-22,079190,,0.64,-0.0,,0.0
2025-09-23,079190,,0.64,0.0,,-0.0
2025-09-24,079190,,0.64,-0.0,,0.0
2025-09-25,079190,,0.64,0.0,,-0.0
2025-09-26,079190,,0.64,-0.0,,0.0
2025-09-29,079190,,0.64,0.0,,0.2
2025-09-30,079190,501.0,0.65,0.1,,-0.1
2025-10-01,079190,,0.71,-0.0,,0.0
2025-10-02,079190,,0.71,-0.0,,0.0
2025-10-10,079190,,0.7,0.1,,-0.1
2025-10-13,079190,,0.73,0.3,0.0,-0.3
2025-10-14,079190,,0.86,2.7,-0.0,-2.4
2025-10-15,079190,,2.02,-1.4,,1.7
2025-10-16,079190,,1.42,0.0,,-0.1
2025-10-17,079190,,1.44,-0.3,,0.2
2025-10-20,079190,,1.29,0.3,,-0.3
2025-10-21,079190,,1.44,0.5,,-0.6
2025-10-22,079190,,1.7,0.9,,-1.0
2025-10-23,079190,,2.13,-0.1,,0.1
2025-10-24,079190,,2.09,-0.3,,0.3
2025-10-27,079190,,1.95,0.2,,-0.2
2025-10-28,079190,,2.07,0.0,,-0.0
2025-10-29,079190,,2.08,0.0,,-0.0
2025-10-30,079190,,2.1,0.1,,-0.1
2025-10-31,079190,495.0,2.14,-0.0,,0.0
2025-11-03,079190,,2.11,0.1,,-0.2
2025-11-04,079190,,2.17,0.1,,-0.1
2025-11-05,079190,,2.25,-0.2,,0.2
2025-11-06,079190,,2.15,0.0,,-0.0
2025-11-07,079190,,2.17,-0.0,,-0.0
2025-11-10,079190,,2.16,0.3,-0.3,-0.0
2025-11-11,079190,,2.31,-0.2,,0.1
2025-11-12,079190,,2.23,0.1,,-0.1
2025-11-13,079190,,2.29,-0.2,,0.2
2025-11-14,079190,,2.21,-0.1,,0.1
2025-11-17,079190,,2.17,0.1,,0.1
2025-11-18,079190,,2.23,0.1,,-0.1
2025-11-19,079190,,2.36,-0.0,,-0.0
2025-11-20,079190,,2.35,-0.0,,0.0
2025-11-21,079190,,2.35,-0.0,,0.0
2025-11-24,079190,,2.34,-0.1,,0.1
2025-11-25,079190,,2.28,0.0,,-0.0
2025-11-26,079190,,2.29,-0.0,,0.0
2025-11-27,079190,,2.29,-0.1,,0.1
2025-11-28,079190,484.0,2.24,-0.0,,0.0
2025-12-01,079190,,2.23,0.0,,-0.0
2025-12-02,079190,,2.27,-0.0,,0.0
2025-12-03,079190,,2.25,0.0,,-0.0
2025-12-04,079190,,2.25,-0.0,,-0.0
2025-12-05,079190,,2.25,0.1,,-0.1
2025-12-08,079190,,2.28,-0.0,,-0.0
2025-12-09,079190,,2.26,-0.0,,0.0
2025-12-10,079190,,2.24,0.0,,-0.0
2025-12-11,079190,,2.24,-0.0,,0.0
2025-12-12,079190,,2.22,-0.0,,-0.3
2025-12-15,079190,,2.2,-0.1,,0.0
2025-12-16,079190,,2.15,-0.1,,0.0
2025-12-17,079190,,2.56,-0.0,,-0.0
2025-12-18,079190,,2.54,-0.0,,-0.1
2025-12-19,079190,,2.54,-0.1,,0.0
2025-12-22,079190,,2.51,0.0,,-0.0
2025-12-23,079190,,2.51,-0.0,,0.0
2025-12-24,079190,,2.5,-0.0,,0.0
2025-12-26,079190,,2.47,-0.1,0.0,0.1
2025-12-29,079190,,2.42,0.1,,-0.1
2025-12-30,079190,457.0,2.49,-0.2,,-0.1
2026-01-02,079190,,2.39,0.0,,-0.5
2026-01-05,079190,,2.39,0.1,,-0.5
2026-01-06,079190,,2.53,0.0,,-0.0
2026-01-07,079190,,2.55,-0.0,,-0.1
2026-01-08,079190,,2.55,-0.3,,-0.1
2026-01-09,079190,,2.4,-0.2,,-1.0
2026-01-12,079190,,2.3,-0.1,,-0.2
2026-01-13,079190,,2.27,-0.2,,0.0
2026-01-14,079190,,2.19,-0.0,,0.0
2026-01-15,079190,,2.19,-0.0,,-0.1
2026-01-16,079190,,2.17,0.0,,0.0
2026-01-19,079190,,2.19,-0.0,,0.0
2026-01-20,079190,,2.18,-0.3,,-0.0
2026-01-21,079190,,2.13,0.6,,-1.2
2026-01-22,079190,,2.47,0.1,,-0.1
2026-01-23,079190,,2.54,-0.5,,0.5
2026-01-26,079190,,2.29,0.3,,-0.3
2026-01-27,079190,,2.42,-0.0,,0.1
2026-01-28,079190,,2.41,0.1,,0.0
2026-01-29,079190,,2.44,-0.2,,0.9
2026-01-30,079190,465.0,2.31,0.1,,0.5
2026-02-02,079190,,2.39,-0.1,,0.1
2026-02-03,079190,,2.34,0.1,,-0.1
2026-02-04,079190,,2.37,-0.1,,0.1
2026-02-05,079190,,2.34,-0.1,,0.1
2026-02-06,079190,,2.26,0.0,,-0.0
2026-02-09,079190,,2.27,0.0,,-0.0
2026-02-10,079190,,2.29,-0.0,,0.0
2026-02-11,079190,,2.27,0.1,,-0.1
2026-02-12,079190,,2.3,-0.1,,0.1
2026-02-13,079190,,2.22,0.1,,-0.1
2026-02-19,079190,,2.3,0.4,,-0.7
2026-02-20,079190,,2.61,0.1,,-0.2
2026-02-23,079190,,2.66,-0.2,0.0,0.1
2026-02-24,079190,,2.14,0.7,,-0.0
2026-02-25,079190,,2.58,-0.4,,1.2
2026-02-26,079190,,2.44,0.1,,-0.2
2026-02-27,079190,448.0,2.63,0.1,,-0.1
2026-03-03,079190,,2.72,0.2,,-0.3
2026-03-04,079190,,2.83,0.3,0.0,-0.4
2026-03-05,079190,,3.06,0.2,0.0,-0.2
2026-03-06,079190,,3.19,0.4,0.0,-0.4
2026-03-09,079190,,3.42,-0.0,0.0,-0.0
2026-03-10,079190,,3.42,0.1,0.0,-0.1
2026-03-11,079190,,3.47,0.0,0.0,-0.0
2026-03-12,079190,,3.49,0.2,0.0,-0.2
2026-03-13,079190,,3.61,-0.1,0.0,0.1
2026-03-16,079190,,3.56,-0.0,0.0,0.0
2026-03-17,079190,,3.55,0.0,0.0,-0.0
2026-03-18,079190,,3.57,-0.1,0.0,0.1
2026-03-19,079190,,3.51,0.1,0.0,-0.1
2026-03-20,079190,,3.61,0.2,0.0,-0.2
2026-03-23,079190,,3.76,-0.1,0.0,0.1
2026-03-24,079190,,3.72,0.2,0.0,-0.2
2026-03-25,079190,,3.83,-0.0,0.0,0.0
2026-03-26,079190,,3.81,-0.2,0.0,0.2
2026-03-27,079190,,3.7,-0.0,0.0,0.4
2026-03-30,079190,,3.7,0.0,0.0,-0.0
2026-03-31,079190,387.0,3.71,-0.1,0.0,0.1
2026-04-01,079190,,3.65,-0.0,0.0,0.0
2026-04-02,079190,,3.62,-0.1,0.0,0.1
2026-04-03,079190,,3.59,-0.0,0.0,0.0
2026-04-06,079190,,3.58,-3.2,0.0,5.5
2026-04-07,079190,,1.64,1.4,0.0,-1.4
2026-04-08,079190,,2.71,0.6,0.5,-1.0
2026-04-09,079190,,3.16,,,
2026-04-10,079190,,3.16,,,
2026-04-13,079190,,3.16,,,
2026-04-14,079190,,3.16,,,
2026-04-15,079190,,3.16,,,
2026-04-16,079190,,3.16,,,
2026-04-17,079190,,3.16,,,
2026-04-20,079190,,3.16,,,
2026-04-21,079190,,3.16,,,
2026-04-22,079190,,3.16,,,
2026-04-23,079190,,3.16,,,
2026-04-24,079190,,3.16,,,
2026-04-27,079190,,3.16,,,
2026-04-28,079190,,3.16,,,
2026-04-29,079190,,3.16,,,
2026-04-30,079190,330.0,3.16,,,
2026-05-04,079190,,3.15,-0.2,-0.5,0.6
2026-05-06,079190,,3.02,-0.9,-0.1,0.7
2026-05-07,079190,,2.6,-4.5,-0.1,5.7
2026-05-08,079190,,0.94,5.3,-0.0,-2.1
2026-05-11,079190,,3.36,-4.8,,4.4
2026-05-12,079190,,1.03,0.4,0.0,-0.4
2026-05-13,079190,,1.25,-0.7,0.0,0.7
2026-05-14,079190,,0.88,0.6,0.0,-0.4
2026-05-15,079190,,1.4,5.2,0.1,-5.0
2026-05-18,079190,,3.66,-7.4,-0.1,7.5
2026-05-19,079190,,0.65,0.3,0.0,-0.3
2026-05-20,079190,,1.12,-0.0,-0.0,-0.1
2026-05-21,079190,,1.19,0.1,0.0,-0.3
2026-05-22,079190,,1.29,0.5,,-0.5
2026-05-26,079190,,1.55,0.4,-0.0,-0.6
2026-05-27,079190,,1.7,-0.4,0.0,0.5
2026-05-28,079190,,1.45,0.2,0.0,-0.2
2026-05-29,079190,798.0,1.58,0.1,-0.0,-0.4
2026-06-01,079190,,1.7,0.6,-0.0,-0.4
2026-06-02,079190,,2.12,-0.1,-0.0,-0.1
2026-06-04,079190,,2.03,0.1,0.0,-0.3
2026-06-05,079190,,2.1,-0.4,-0.0,0.4
2026-06-08,079190,,1.83,-0.2,0.0,0.1
2026-06-09,079190,,1.7,0.5,-0.0,-0.5
2026-06-10,079190,,2.04,-0.0,0.0,-0.0
2026-06-11,079190,,2.04,0.1,-0.0,-0.2
2026-06-12,079190,,2.1,0.7,-0.0,-0.9
2026-06-15,079190,,2.58,-0.7,0.0,1.1
2026-06-16,079190,,2.02,0.2,0.0,-0.4
2026-06-17,079190,,2.17,0.2,0.0,-0.3
2026-06-18,079190,,2.32,-0.1,-0.0,0.0
2026-06-19,079190,,2.23,-0.1,-0.0,-0.6
2026-06-22,079190,,2.17,0.0,0.0,0.0
2026-06-23,079190,,2.17,0.2,-0.0,-0.3
2026-06-24,079190,,2.31,-0.1,-0.0,0.0
2026-06-25,079190,,2.26,0.4,0.0,-0.2
2026-06-26,079190,,2.65,-0.7,-0.0,0.5
2026-06-29,079190,,2.1,-0.3,-0.0,0.2
2026-06-30,079190,571.0,1.83,,,
2026-07-01,079190,,1.83,,,
2026-07-02,079190,,1.83,,,
2026-07-03,079190,,1.83,,,
2026-07-06,079190,,1.83,,,
2026-07-07,079190,,1.83,,,
2026-07-08,079190,,1.83,,,
2026-07-09,079190,,1.83,,,
2026-07-10,079190,,1.83,,,
2026-07-13,079190,571.0,1.83,,,
2025-07-14,079370,,3.61,-4.7,-1.0,5.8
2025-07-15,079370,,3.45,0.4,-1.2,1.1
2025-07-16,079370,,3.46,0.7,-0.9,0.1
2025-07-17,079370,,3.48,-1.6,3.1,-1.4
2025-07-18,079370,,3.47,-1.9,1.6,-0.1
2025-07-21,079370,,3.52,-0.7,0.7,0.0
2025-07-22,079370,,3.51,-3.6,-0.8,4.0
2025-07-23,079370,,3.39,-2.2,-0.5,3.0
2025-07-24,079370,,3.34,-1.0,-0.2,1.2
2025-07-25,079370,,3.31,-0.5,-0.1,0.6
2025-07-28,079370,,3.3,2.6,-0.2,-2.5
2025-07-29,079370,,3.37,-2.7,5.2,-2.7
2025-07-30,079370,,3.31,0.6,-0.6,-0.4
2025-07-31,079370,,3.33,1.2,-3.0,1.8
2025-08-01,079370,,3.41,-4.4,-0.0,3.6
2025-08-04,079370,,3.28,1.2,-1.5,0.3
2025-08-05,079370,,3.33,1.3,-2.5,1.0
2025-08-06,079370,,3.35,1.3,0.3,-1.7
2025-08-07,079370,,3.4,1.9,-0.2,-1.7
2025-08-08,079370,,3.48,1.1,0.4,-1.7
2025-08-11,079370,,3.52,1.4,-0.4,-1.3
2025-08-12,079370,,3.57,1.3,-1.1,-0.6
2025-08-13,079370,,3.6,4.8,-1.6,-3.4
2025-08-14,079370,,3.75,0.7,-1.0,0.5
2025-08-18,079370,,3.76,-0.6,-0.6,1.2
2025-08-19,079370,,3.73,-1.9,-0.1,2.1
2025-08-20,079370,,3.72,-1.2,1.1,-0.0
2025-08-21,079370,,3.7,-2.9,0.1,2.8
2025-08-22,079370,,3.6,-1.5,0.1,1.4
2025-08-25,079370,,3.67,0.0,0.2,-0.2
2025-08-26,079370,,3.68,10.2,-1.4,-9.3
2025-08-27,079370,,4.0,5.8,-0.5,-5.3
2025-08-28,079370,,4.13,4.8,2.0,-6.7
2025-08-29,079370,12500.0,4.27,0.2,-0.4,0.3
2025-09-01,079370,,4.29,-0.8,0.5,0.2
2025-09-02,079370,,4.27,1.1,0.3,-1.7
2025-09-03,079370,,4.3,0.3,-0.1,-0.1
2025-09-04,079370,,4.29,7.5,0.9,-8.2
2025-09-05,079370,,4.4,0.1,-0.5,0.2
2025-09-08,079370,,4.56,1.0,-0.3,-1.2
2025-09-09,079370,,4.62,4.2,0.9,-5.2
2025-09-10,079370,,4.72,-0.5,1.0,-0.4
2025-09-11,079370,,4.68,35.1,-33.1,-1.5
2025-09-12,079370,,5.55,2.0,-2.1,-0.1
2025-09-15,079370,,5.53,2.8,-0.6,-1.9
2025-09-16,079370,,5.46,-1.8,0.8,2.1
2025-09-17,079370,,5.21,5.5,-0.1,-5.3
2025-09-18,079370,,5.33,52.6,19.6,-66.6
2025-09-19,079370,,6.74,-12.7,0.6,13.7
2025-09-22,079370,,6.37,-24.5,0.6,24.7
2025-09-23,079370,,5.63,6.9,-4.2,-2.3
2025-09-24,079370,,5.71,9.7,-4.7,-4.9
2025-09-25,079370,,5.95,1.6,-2.5,0.9
2025-09-26,079370,,5.94,3.7,0.5,-4.0
2025-09-29,079370,,6.0,28.1,0.5,-31.6
2025-09-30,079370,16030.0,6.68,-4.1,-1.3,8.0
2025-10-01,079370,,6.47,-1.4,-1.8,3.2
2025-10-02,079370,,6.44,12.8,-2.9,-7.0
2025-10-10,079370,,6.81,-6.5,2.1,4.7
2025-10-13,079370,,6.73,2.0,-0.7,-1.7
2025-10-14,079370,,6.74,0.9,-1.6,0.4
2025-10-15,079370,,6.73,1.7,-0.0,-0.7
2025-10-16,079370,,6.75,7.0,-0.2,-6.3
2025-10-17,079370,,6.91,15.7,-1.5,-13.9
2025-10-20,079370,,7.22,0.2,0.7,-0.8
2025-10-21,079370,,7.23,1.4,4.3,-5.6
2025-10-22,079370,,7.19,5.1,-11.4,5.7
2025-10-23,079370,,7.33,6.1,-5.6,-0.8
2025-10-24,079370,,7.44,1.2,9.1,-10.4
2025-10-27,079370,,7.48,10.0,-4.9,-5.0
2025-10-28,079370,,7.66,-0.6,-4.4,4.7
2025-10-29,079370,,7.6,13.4,-4.8,-9.7
2025-10-30,079370,,7.91,11.2,-8.1,-5.6
2025-10-31,079370,15480.0,8.13,4.0,2.1,-6.2
2025-11-03,079370,,8.32,-1.8,2.4,-0.9
2025-11-04,079370,,8.29,-3.2,0.1,3.4
2025-11-05,079370,,8.19,-4.6,1.2,3.1
2025-11-06,079370,,8.06,4.4,0.2,-5.7
2025-11-07,079370,,8.17,-7.1,0.1,7.0
2025-11-10,079370,,7.94,1.9,0.2,-2.1
2025-11-11,079370,,7.95,1.4,-3.1,1.6
2025-11-12,079370,,7.95,6.9,-8.9,1.9
2025-11-13,079370,,8.11,-1.6,-0.4,1.1
2025-11-14,079370,,8.07,-3.0,-0.5,3.5
2025-11-17,079370,,7.91,1.4,2.6,-4.0
2025-11-18,079370,,7.98,-3.0,-0.4,2.4
2025-11-19,079370,,7.92,-7.7,4.6,3.1
2025-11-20,079370,,7.74,-7.3,-1.0,8.2
2025-11-21,079370,,7.54,-6.5,3.0,3.4
2025-11-24,079370,,7.36,-0.0,0.9,-0.8
2025-11-25,079370,,7.38,-0.4,0.1,0.2
2025-11-26,079370,,7.38,-3.8,0.2,1.7
2025-11-27,079370,,7.25,-0.7,-0.5,1.2
2025-11-28,079370,14190.0,7.23,3.6,3.5,-6.7
2025-12-01,079370,,7.39,-15.5,3.1,12.4
2025-12-02,079370,,6.71,-13.1,4.9,8.2
2025-12-03,079370,,6.37,-5.3,3.9,1.5
2025-12-04,079370,,6.41,1.5,3.6,-5.1
2025-12-05,079370,,6.47,-14.8,4.0,10.9
2025-12-08,079370,,6.09,-3.6,0.1,3.5
2025-12-09,079370,,6.01,3.4,-4.8,2.5
2025-12-10,079370,,6.17,-0.5,1.0,-0.5
2025-12-11,079370,,6.16,6.5,-3.7,-2.9
2025-12-12,079370,,6.3,-7.3,0.7,6.6
2025-12-15,079370,,6.12,2.7,1.3,-4.0
2025-12-16,079370,,6.2,-0.1,3.1,-3.1
2025-12-17,079370,,6.26,-6.4,0.9,5.3
2025-12-18,079370,,6.1,-1.5,1.2,0.4
2025-12-19,079370,,6.06,-1.9,1.7,0.2
2025-12-22,079370,,6.01,1.9,1.5,-3.3
2025-12-23,079370,,6.08,-1.1,-0.0,0.6
2025-12-24,079370,,6.27,-1.3,1.1,0.3
2025-12-26,079370,,6.13,-1.1,2.8,-1.4
2025-12-29,079370,,6.02,-0.5,-0.2,-0.2
2025-12-30,079370,14760.0,6.01,4.5,4.5,-8.9
2026-01-02,079370,,6.14,1.1,1.7,-2.4
2026-01-05,079370,,6.18,-3.9,-1.0,4.0
2026-01-06,079370,,6.17,16.8,-0.9,-14.9
2026-01-07,079370,,6.69,-3.3,1.8,2.8
2026-01-08,079370,,6.57,4.1,-0.6,-3.7
2026-01-09,079370,,6.67,-2.9,1.4,1.5
2026-01-12,079370,,6.57,-3.5,-0.0,3.4
2026-01-13,079370,,6.57,1.5,-1.0,-0.8
2026-01-14,079370,,6.6,1.5,-2.0,-0.1
2026-01-15,079370,,6.59,-0.2,1.3,-1.2
2026-01-16,079370,,6.63,-3.1,-2.6,5.7
2026-01-19,079370,,6.65,16.3,0.7,-16.4
2026-01-20,079370,,7.09,-10.2,4.1,6.1
2026-01-21,079370,,6.73,-6.0,1.6,3.8
2026-01-22,079370,,6.6,-7.1,-1.6,9.0
2026-01-23,079370,,6.07,-9.0,11.3,-3.9
2026-01-26,079370,,5.78,-8.2,31.4,-23.0
2026-01-27,079370,,5.62,-38.4,37.7,15.1
2026-01-28,079370,,5.06,-18.9,41.5,-27.0
2026-01-29,079370,,4.84,-16.6,4.2,12.0
2026-01-30,079370,19710.0,4.55,1.8,40.3,-44.1
2026-02-02,079370,,4.65,4.9,-26.9,22.2
2026-02-03,079370,,4.61,15.2,11.1,-26.3
2026-02-04,079370,,4.84,-6.1,-0.3,5.2
2026-02-05,079370,,4.67,-2.9,-13.8,15.8
2026-02-06,079370,,4.56,22.7,-1.0,-21.7
2026-02-09,079370,,5.07,6.4,-6.4,0.7
2026-02-10,079370,,5.14,-8.8,-0.3,8.2
2026-02-11,079370,,4.91,1.8,-1.3,-0.6
2026-02-12,079370,,4.95,-5.4,-1.5,5.8
2026-02-13,079370,,4.85,-10.4,-1.8,14.4
2026-02-19,079370,,4.66,7.0,16.0,-22.7
2026-02-20,079370,,4.78,-11.8,-0.1,11.6
2026-02-23,079370,,4.57,-3.5,-2.4,6.2
2026-02-24,079370,,4.44,3.0,-8.3,2.0
2026-02-25,079370,,4.59,-18.7,0.2,18.6
2026-02-26,079370,,4.27,-1.5,0.4,-0.5
2026-02-27,079370,17980.0,4.26,-8.2,-9.6,17.4
2026-03-03,079370,,4.2,21.8,1.7,-24.6
2026-03-04,079370,,4.68,8.0,7.9,-16.8
2026-03-05,079370,,4.87,75.6,-19.9,-58.7
2026-03-06,079370,,6.27,-0.9,-3.2,1.9
2026-03-09,079370,,6.26,-39.9,6.6,33.4
2026-03-10,079370,,5.47,16.4,-4.6,-12.1
2026-03-11,079370,,5.73,-17.1,-10.4,26.3
2026-03-12,079370,,5.42,2.0,-4.6,5.7
2026-03-13,079370,,5.46,-0.6,9.3,-8.9
2026-03-16,079370,,5.45,-14.2,-3.7,18.0
2026-03-17,079370,,5.23,-1.8,-0.8,4.6
2026-03-18,079370,,5.3,23.7,7.1,-31.5
2026-03-19,079370,,5.52,-14.6,-6.2,20.6
2026-03-20,079370,,5.27,-20.6,2.1,17.7
2026-03-23,079370,,4.9,-2.8,-4.3,7.1
2026-03-24,079370,,4.91,1.5,-0.8,-2.3
2026-03-25,079370,,4.98,24.5,-1.2,-22.4
2026-03-26,079370,,5.44,-34.1,-0.3,33.8
2026-03-27,079370,,4.91,-6.8,3.6,2.4
2026-03-30,079370,,4.83,-0.9,-2.6,2.7
2026-03-31,079370,14460.0,4.87,-4.5,2.4,1.6
2026-04-01,079370,,4.71,-7.1,1.9,6.0
2026-04-02,079370,,4.65,-2.8,-2.1,4.8
2026-04-03,079370,,4.59,-11.7,-2.2,13.9
2026-04-06,079370,,4.34,-8.8,-6.9,16.1
2026-04-07,079370,,4.15,-0.9,0.4,0.5
2026-04-08,079370,,4.12,11.9,6.7,-19.4
2026-04-09,079370,,4.38,-2.5,-5.5,7.6
2026-04-10,079370,,4.32,0.1,-2.4,2.3
2026-04-13,079370,,4.32,-0.2,-2.7,3.1
2026-04-14,079370,,4.32,9.6,-7.9,-1.6
2026-04-15,079370,,4.56,-14.2,-8.9,21.8
2026-04-16,079370,,4.31,15.3,-2.0,-12.3
2026-04-17,079370,,4.61,-17.6,-2.0,19.5
2026-04-20,079370,,4.26,-7.9,-3.2,11.2
2026-04-21,079370,,4.11,-1.1,-2.1,3.6
2026-04-22,079370,,4.09,10.1,-3.2,-6.7
2026-04-23,079370,,4.29,7.9,-3.6,-4.3
2026-04-24,079370,,4.46,15.9,-7.4,-8.4
2026-04-27,079370,,4.76,-2.4,-1.2,1.1
2026-04-28,079370,,4.72,-3.4,-12.9,16.1
2026-04-29,079370,,4.58,4.9,-5.7,1.4
2026-04-30,079370,16110.0,4.68,4.1,-9.5,5.1
2026-05-04,079370,,4.77,23.8,2.5,-24.5
2026-05-06,079370,,5.27,3.8,-9.7,7.1
2026-05-07,079370,,5.36,-15.3,-0.8,15.8
2026-05-08,079370,,5.07,-11.4,-1.9,13.5
2026-05-11,079370,,4.84,-4.5,-5.4,10.1
2026-05-12,079370,,4.75,2.9,-1.5,-1.1
2026-05-13,079370,,4.8,7.4,-3.2,-4.7
2026-05-14,079370,,4.96,-11.0,-4.2,15.3
2026-05-15,079370,,4.72,-4.9,-0.9,6.2
2026-05-18,079370,,4.62,6.4,3.2,-9.8
2026-05-19,079370,,4.77,-1.1,-0.1,1.1
2026-05-20,079370,,4.72,1.9,3.6,-5.6
2026-05-21,079370,,4.77,6.3,-0.9,-4.6
2026-05-22,079370,,4.92,-3.5,1.5,2.4
2026-05-26,079370,,4.84,-4.6,-1.6,7.8
2026-05-27,079370,,4.73,-12.1,-9.5,23.0
2026-05-28,079370,,4.37,-1.1,1.9,-0.6
2026-05-29,079370,12050.0,4.27,0.1,0.1,-0.7
2026-06-01,079370,,4.27,5.6,2.7,-9.0
2026-06-02,079370,,4.43,3.3,4.7,-8.5
2026-06-04,079370,,4.47,-8.8,4.3,5.1
2026-06-05,079370,,4.24,3.5,-4.1,0.8
2026-06-08,079370,,4.38,1.7,-1.6,-0.6
2026-06-09,079370,,4.44,5.4,-0.8,-4.7
2026-06-10,079370,,4.54,2.1,-5.7,3.4
2026-06-11,079370,,4.57,95.0,-120.5,25.3
2026-06-12,079370,,7.28,9.8,-10.9,3.4
2026-06-15,079370,,7.33,-5.0,-1.4,6.6
2026-06-16,079370,,7.2,-4.8,1.2,3.3
2026-06-17,079370,,7.03,-3.8,1.0,2.9
2026-06-18,079370,,6.93,1.6,-0.4,-1.7
2026-06-19,079370,,6.93,-5.4,9.4,-3.9
2026-06-22,079370,,6.77,3.7,0.4,-4.0
2026-06-23,079370,,6.86,0.3,6.2,-6.4
2026-06-24,079370,,6.86,-3.1,2.4,0.5
2026-06-25,079370,,6.76,-0.3,0.5,-0.7
2026-06-26,079370,,6.76,12.3,2.8,-15.1
2026-06-29,079370,,7.19,7.8,-5.9,-1.4
2026-06-30,079370,10510.0,7.44,4.9,-10.8,5.1
2026-07-01,079370,,7.59,1.5,-3.9,2.4
2026-07-02,079370,,7.63,-10.3,4.4,5.5
2026-07-03,079370,,7.33,0.4,1.0,-1.4
2026-07-06,079370,,7.33,-3.0,2.0,1.3
2026-07-07,079370,,7.23,2.9,-2.7,-0.2
2026-07-08,079370,,7.33,7.4,-0.5,-6.8
2026-07-09,079370,,7.61,5.4,2.9,-8.5
2026-07-10,079370,,7.81,2.4,6.7,-9.1
2026-07-13,079370,9680.0,7.86,-4.9,3.1,0.7
2025-07-14,079430,,4.53,0.8,-0.0,-0.8
2025-07-15,079430,,4.58,-0.0,0.2,0.0
2025-07-16,079430,,4.66,-0.3,0.1,0.1
2025-07-17,079430,,4.65,-0.0,0.2,-0.2
2025-07-18,079430,,4.65,-0.3,0.0,0.5
2025-07-21,079430,,4.63,-0.1,0.1,0.0
2025-07-22,079430,,4.62,-0.5,0.2,0.5
2025-07-23,079430,,4.59,-0.4,0.1,0.3
2025-07-24,079430,,4.57,-0.4,0.0,0.4
2025-07-25,079430,,4.54,-0.6,0.0,0.7
2025-07-28,079430,,4.51,-0.5,0.0,0.5
2025-07-29,079430,,4.47,0.3,-0.0,-0.2
2025-07-30,079430,,4.49,-0.0,-0.0,-0.0
2025-07-31,079430,,4.49,-0.0,0.0,0.0
2025-08-01,079430,,4.49,-0.5,0.0,2.3
2025-08-04,079430,,4.45,0.3,0.0,-0.2
2025-08-05,079430,,4.47,-0.1,-0.0,0.1
2025-08-06,079430,,4.3,0.3,-0.0,-0.3
2025-08-07,079430,,4.31,0.1,-0.0,-0.1
2025-08-08,079430,,4.32,-0.1,0.0,-0.0
2025-08-11,079430,,4.32,-0.3,0.1,0.1
2025-08-12,079430,,4.3,-0.2,0.0,0.2
2025-08-13,079430,,4.29,-0.5,0.0,0.4
2025-08-14,079430,,4.26,-0.1,0.0,0.1
2025-08-18,079430,,4.25,-0.0,-0.9,0.9
2025-08-19,079430,,4.24,-0.0,0.0,-0.0
2025-08-20,079430,,4.24,0.2,-0.1,0.1
2025-08-21,079430,,4.26,-0.2,-0.0,0.2
2025-08-22,079430,,4.25,-0.2,-0.0,0.2
2025-08-25,079430,,4.23,0.1,-0.0,-0.1
2025-08-26,079430,,4.28,-0.1,0.2,-0.1
2025-08-27,079430,,4.31,-0.3,0.0,0.3
2025-08-28,079430,,4.29,-0.2,-0.0,0.2
2025-08-29,079430,7250.0,4.28,-0.3,-0.0,0.3
2025-09-01,079430,,4.27,-0.1,0.0,0.1
2025-09-02,079430,,4.22,-0.1,0.0,0.1
2025-09-03,079430,,4.19,0.1,-0.0,-0.1
2025-09-04,079430,,4.2,0.0,-0.0,0.0
2025-09-05,079430,,4.2,0.3,-0.0,-0.3
2025-09-08,079430,,4.2,0.1,0.0,-0.1
2025-09-09,079430,,4.2,-0.1,-0.0,0.1
2025-09-10,079430,,4.19,0.1,-0.0,-0.0
2025-09-11,079430,,4.2,-0.3,0.0,0.3
2025-09-12,079430,,4.18,-0.5,0.0,0.5
2025-09-15,079430,,4.15,0.1,-0.1,-0.0
2025-09-16,079430,,4.16,-0.5,-0.0,0.0
2025-09-17,079430,,4.12,-0.2,-0.0,0.2
2025-09-18,079430,,4.11,0.6,-0.0,-0.5
2025-09-19,079430,,4.15,-0.2,0.2,0.0
2025-09-22,079430,,4.14,0.1,-0.0,-0.1
2025-09-23,079430,,4.14,-0.5,0.1,-0.0
2025-09-24,079430,,4.11,-1.3,-0.3,1.0
2025-09-25,079430,,4.02,-0.2,-0.0,0.1
2025-09-26,079430,,4.0,-0.4,0.0,-0.2
2025-09-29,079430,,3.97,1.2,-1.1,-0.1
2025-09-30,079430,7070.0,4.05,-0.5,-0.1,0.4
2025-10-01,079430,,4.02,-0.7,-0.1,0.6
2025-10-02,079430,,3.97,-0.2,-0.6,0.5
2025-10-10,079430,,3.96,-1.3,-0.0,0.2
2025-10-13,079430,,3.87,-0.3,0.0,0.0
2025-10-14,079430,,3.84,-1.6,-0.5,1.5
2025-10-15,079430,,3.73,0.5,-0.2,-0.4
2025-10-16,079430,,3.77,-1.0,-0.6,1.6
2025-10-17,079430,,3.66,-1.0,-0.7,0.9
2025-10-20,079430,,3.6,-0.2,-0.2,0.5
2025-10-21,079430,,3.58,0.2,-0.0,-0.1
2025-10-22,079430,,3.6,0.8,0.0,-0.8
2025-10-23,079430,,3.66,0.6,-0.4,-0.2
2025-10-24,079430,,3.7,-0.2,0.1,0.1
2025-10-27,079430,,3.7,-0.1,1.0,-0.9
2025-10-28,079430,,3.69,-0.4,0.5,0.1
2025-10-29,079430,,3.66,-0.6,-0.0,0.6
2025-10-30,079430,,3.62,-1.0,-0.5,1.6
2025-10-31,079430,6610.0,3.54,-0.5,-0.6,1.0
2025-11-03,079430,,3.51,-1.1,-0.8,2.1
2025-11-04,079430,,3.43,0.4,-0.1,-0.4
2025-11-05,079430,,3.46,-0.4,0.6,-0.1
2025-11-06,079430,,3.43,-0.3,0.3,-0.0
2025-11-07,079430,,3.4,-1.0,-0.0,1.0
2025-11-10,079430,,3.33,0.6,-0.0,-0.6
2025-11-11,079430,,3.3,-0.5,-0.0,0.5
2025-11-12,079430,,3.27,-0.1,0.7,-0.6
2025-11-13,079430,,3.26,0.0,0.6,-0.6
2025-11-14,079430,,3.26,0.1,0.4,-0.5
2025-11-17,079430,,3.27,-0.3,-0.0,0.3
2025-11-18,079430,,3.25,-0.5,-0.0,0.5
2025-11-19,079430,,3.21,0.0,0.0,0.1
2025-11-20,079430,,3.49,0.4,0.1,-0.5
2025-11-21,079430,,3.53,-0.2,0.0,0.2
2025-11-24,079430,,3.51,-0.4,0.0,0.3
2025-11-25,079430,,3.48,0.1,-0.0,1.0
2025-11-26,079430,,3.88,5.8,-0.0,-4.1
2025-11-27,079430,,4.34,-0.3,-0.0,0.3
2025-11-28,079430,6170.0,4.32,0.2,-0.0,0.0
2025-12-01,079430,,4.36,-0.4,-0.0,0.4
2025-12-02,079430,,4.33,0.0,-0.0,0.1
2025-12-03,079430,,4.34,0.3,-0.0,-0.2
2025-12-04,079430,,4.36,-0.3,-0.0,0.4
2025-12-05,079430,,4.34,0.4,-0.0,-0.2
2025-12-08,079430,,4.37,-1.2,-0.4,1.6
2025-12-09,079430,,4.27,-0.2,0.0,0.2
2025-12-10,079430,,4.26,0.0,-0.0,0.0
2025-12-11,079430,,4.26,0.9,-0.0,-0.9
2025-12-12,079430,,4.33,0.3,0.0,-0.4
2025-12-15,079430,,4.35,-0.2,-0.0,0.1
2025-12-16,079430,,4.34,-0.8,-0.0,0.9
2025-12-17,079430,,4.27,-0.2,0.0,-0.5
2025-12-18,079430,,4.26,-0.9,-0.0,1.0
2025-12-19,079430,,4.19,0.3,0.0,-0.3
2025-12-22,079430,,4.21,-0.1,-0.0,0.1
2025-12-23,079430,,4.21,-0.3,-0.0,0.8
2025-12-24,079430,,4.18,0.0,-0.0,-0.0
2025-12-26,079430,,4.19,-0.3,0.0,0.3
2025-12-29,079430,,4.17,-0.3,0.0,0.3
2025-12-30,079430,6890.0,4.14,5.7,0.0,-5.4
2026-01-02,079430,,4.56,-1.0,-0.0,1.1
2026-01-05,079430,,4.48,0.0,-0.2,0.2
2026-01-06,079430,,4.48,-0.3,-0.1,0.3
2026-01-07,079430,,4.52,-2.2,-0.0,2.2
2026-01-08,079430,,4.36,-0.4,-0.0,0.6
2026-01-09,079430,,4.33,-0.3,-0.0,0.3
2026-01-12,079430,,4.31,-0.4,0.0,0.4
2026-01-13,079430,,4.38,-0.8,0.0,0.7
2026-01-14,079430,,4.32,0.2,-0.0,-0.2
2026-01-15,079430,,4.34,0.0,-0.0,0.0
2026-01-16,079430,,4.34,-0.4,-0.2,0.6
2026-01-19,079430,,4.3,-0.5,-0.0,0.3
2026-01-20,079430,,4.27,-0.2,-0.0,0.1
2026-01-21,079430,,4.25,-1.0,0.0,0.9
2026-01-22,079430,,4.18,-0.4,-0.0,0.4
2026-01-23,079430,,4.15,0.3,-0.0,-0.3
2026-01-26,079430,,4.17,-0.3,0.0,0.3
2026-01-27,079430,,4.22,-0.2,-0.1,0.3
2026-01-28,079430,,4.26,-1.1,-0.0,1.1
2026-01-29,079430,,3.79,0.7,-0.0,-0.7
2026-01-30,079430,6570.0,3.84,0.2,-0.0,-0.2
2026-02-02,079430,,3.85,-1.0,0.0,1.0
2026-02-03,079430,,3.78,-0.1,-0.0,0.1
2026-02-04,079430,,3.77,1.1,-0.0,-1.1
2026-02-05,079430,,3.85,1.7,0.4,-2.9
2026-02-06,079430,,3.97,0.4,-0.2,-0.5
2026-02-09,079430,,4.01,-0.7,-0.3,1.0
2026-02-10,079430,,3.96,2.6,0.1,-2.6
2026-02-11,079430,,4.14,1.7,-0.1,-1.7
2026-02-12,079430,,4.26,-0.1,-0.0,0.1
2026-02-13,079430,,4.25,-0.7,-0.0,0.7
2026-02-19,079430,,4.2,0.2,-0.0,-0.2
2026-02-20,079430,,4.22,-2.4,-0.0,2.2
2026-02-23,079430,,4.11,3.6,-0.0,-3.5
2026-02-24,079430,,4.36,-0.1,-0.0,-0.3
2026-02-25,079430,,4.37,0.1,0.0,-0.3
2026-02-26,079430,,4.37,0.1,0.0,-0.1
2026-02-27,079430,7560.0,4.38,-1.8,0.0,1.9
2026-03-03,079430,,4.26,2.7,0.0,-2.7
2026-03-04,079430,,4.44,0.9,0.0,-0.9
2026-03-05,079430,,4.51,-0.1,-0.0,0.1
2026-03-06,079430,,4.5,-0.3,-0.0,0.4
2026-03-09,079430,,4.48,-1.9,-0.3,2.0
2026-03-10,079430,,4.35,-0.4,-0.0,0.4
2026-03-11,079430,,4.33,-0.4,-0.0,0.4
2026-03-12,079430,,4.46,-0.3,-0.1,0.4
2026-03-13,079430,,4.44,0.3,-0.3,0.1
2026-03-16,079430,,4.46,2.3,-0.0,-2.3
2026-03-17,079430,,4.61,-0.6,0.0,0.5
2026-03-18,079430,,4.57,0.2,0.1,-0.2
2026-03-19,079430,,4.32,-0.2,-0.1,0.3
2026-03-20,079430,,4.31,0.4,0.0,-0.4
2026-03-23,079430,,4.33,-0.5,0.0,0.5
2026-03-24,079430,,4.3,-0.5,0.0,0.5
2026-03-25,079430,,4.27,0.2,-0.0,-0.2
2026-03-26,079430,,4.29,-0.4,0.0,0.3
2026-03-27,079430,,4.26,0.1,0.0,-0.1
2026-03-30,079430,,4.27,-0.0,-0.0,0.0
2026-03-31,079430,6810.0,4.28,-0.5,0.0,0.5
2026-04-01,079430,,4.18,-0.4,0.0,0.4
2026-04-02,079430,,4.28,-1.2,0.2,1.0
2026-04-03,079430,,4.03,-0.5,-0.2,0.7
2026-04-06,079430,,4.0,-0.3,0.1,0.3
2026-04-07,079430,,3.97,-0.2,-0.1,0.3
2026-04-08,079430,,3.95,1.1,0.0,-1.1
2026-04-09,079430,,4.03,0.2,-0.0,-0.2
2026-04-10,079430,,4.05,0.6,0.0,-0.7
2026-04-13,079430,,4.09,-0.5,0.0,0.5
2026-04-14,079430,,4.05,0.1,-0.0,-0.1
2026-04-15,079430,,4.06,0.7,-0.0,-0.7
2026-04-16,079430,,4.11,0.1,-0.0,-0.1
2026-04-17,079430,,4.11,0.8,-0.0,-0.1
2026-04-20,079430,,4.16,-0.0,-0.0,0.0
2026-04-21,079430,,4.16,-10.5,-0.0,16.8
2026-04-22,079430,,3.57,-3.8,-0.0,4.5
2026-04-23,079430,,3.34,-1.0,0.0,1.0
2026-04-24,079430,,3.45,0.9,-0.0,-1.0
2026-04-27,079430,,3.51,0.2,-0.0,-0.2
2026-04-28,079430,,3.53,0.2,-0.0,-0.1
2026-04-29,079430,,3.52,1.3,-0.0,-1.3
2026-04-30,079430,7980.0,3.63,-0.5,-0.0,0.4
2026-05-04,079430,,3.6,0.8,-0.0,-0.6
2026-05-06,079430,,3.65,-0.1,0.0,0.1
2026-05-07,079430,,3.7,-1.5,-0.0,1.6
2026-05-08,079430,,3.65,2.1,-0.0,-2.0
2026-05-11,079430,,3.86,-2.4,0.0,1.2
2026-05-12,079430,,3.69,-0.0,0.0,0.0
2026-05-13,079430,,3.78,-1.5,-0.0,1.1
2026-05-14,079430,,3.68,0.6,-0.0,-0.7
2026-05-15,079430,,3.76,-0.8,0.1,-0.4
2026-05-18,079430,,3.61,-0.0,0.0,-0.4
2026-05-19,079430,,3.58,-1.5,-0.1,1.4
2026-05-20,079430,,3.47,-1.2,-0.0,1.2
2026-05-21,079430,,3.38,-1.2,-0.0,1.2
2026-05-22,079430,,3.3,0.2,-0.0,-0.2
2026-05-26,079430,,3.31,-1.3,0.0,0.9
2026-05-27,079430,,3.22,-2.2,-0.0,1.7
2026-05-28,079430,,3.05,-0.8,0.0,0.7
2026-05-29,079430,6790.0,2.98,-0.8,-0.0,0.8
2026-06-01,079430,,2.92,-1.0,0.0,-0.1
2026-06-02,079430,,2.85,1.1,-0.0,-1.1
2026-06-04,079430,,2.91,-0.2,0.0,0.0
2026-06-05,079430,,3.23,2.2,0.0,-2.6
2026-06-08,079430,,3.57,-0.9,0.0,0.7
2026-06-09,079430,,3.5,0.4,-0.0,-0.4
2026-06-10,079430,,3.53,-0.3,0.0,0.3
2026-06-11,079430,,3.5,-0.6,-0.2,0.7
2026-06-12,079430,,3.28,1.4,0.0,-1.4
2026-06-15,079430,,3.39,-1.4,0.0,1.3
2026-06-16,079430,,3.28,0.6,-0.0,-0.6
2026-06-17,079430,,3.33,0.9,-2.1,1.3
2026-06-18,079430,,3.4,-0.7,-0.6,1.2
2026-06-19,079430,,3.34,0.9,-0.0,-1.1
2026-06-22,079430,,3.42,0.2,-0.0,-0.4
2026-06-23,079430,,3.44,-1.3,0.0,1.0
2026-06-24,079430,,3.17,0.6,0.0,-0.6
2026-06-25,079430,,3.22,-1.3,-0.0,1.3
2026-06-26,079430,,3.11,1.8,0.0,-1.9
2026-06-29,079430,,3.27,0.5,-0.0,-0.5
2026-06-30,079430,5780.0,3.32,-0.2,-0.0,0.2
2026-07-01,079430,,3.25,0.5,0.0,-0.5
2026-07-02,079430,,3.29,0.2,0.0,-0.6
2026-07-03,079430,,3.4,-0.6,-0.0,0.6
2026-07-06,079430,,3.36,0.6,-0.0,-0.7
2026-07-07,079430,,3.41,0.3,0.0,-0.3
2026-07-08,079430,,3.43,0.3,0.0,-0.4
2026-07-09,079430,,3.46,-0.6,0.0,0.6
2026-07-10,079430,,3.41,0.2,-0.0,-0.2
2026-07-13,079430,5600.0,3.43,-0.0,0.0,0.0
2025-07-14,079550,,31.91,-74.2,79.4,10.7
2025-07-15,079550,,31.73,-4.4,99.2,-101.0
2025-07-16,079550,,31.67,-85.0,82.3,-3.4
2025-07-17,079550,,31.56,-56.5,72.7,-14.0
2025-07-18,079550,,31.53,-44.3,111.7,-64.4
2025-07-21,079550,,31.47,-59.3,52.5,5.7
2025-07-22,079550,,31.44,56.1,-136.8,91.2
2025-07-23,079550,,31.41,108.4,-94.8,-21.8
2025-07-24,079550,,31.66,-70.2,-46.6,113.3
2025-07-25,079550,,31.64,79.9,19.3,-100.2
2025-07-28,079550,,31.58,-48.6,-10.2,65.2
2025-07-29,079550,,31.53,98.0,122.9,-219.4
2025-07-30,079550,,31.52,-36.9,27.0,5.6
2025-07-31,079550,,31.45,138.1,-22.4,-123.0
2025-08-01,079550,,31.73,-143.0,-74.8,211.2
2025-08-04,079550,,31.69,-30.0,19.0,9.5
2025-08-05,079550,,31.66,65.1,-27.0,-31.5
2025-08-06,079550,,31.67,-169.1,-9.2,176.2
2025-08-07,079550,,31.53,-218.5,101.9,112.9
2025-08-08,079550,,31.38,-518.5,-1070.2,1544.5
2025-08-11,079550,,30.94,305.4,-102.3,-198.3
2025-08-12,079550,,31.39,126.4,-26.2,-101.4
2025-08-13,079550,,31.69,237.3,-124.3,-110.3
2025-08-14,079550,,32.03,124.3,-31.5,-93.8
2025-08-18,079550,,32.12,92.5,17.1,-109.4
2025-08-19,079550,,32.19,61.0,-92.4,28.4
2025-08-20,079550,,32.38,146.1,-101.1,-47.3
2025-08-21,079550,,32.5,16.7,2.6,-21.3
2025-08-22,079550,,32.56,177.7,57.2,-233.0
2025-08-25,079550,,32.66,-123.2,48.7,67.8
2025-08-26,079550,,32.53,180.2,-67.5,-112.8
2025-08-27,079550,,32.72,-496.0,58.7,434.4
2025-08-28,079550,,32.16,-28.2,47.0,-18.9
2025-08-29,079550,489500.0,32.66,-34.9,-32.9,65.1
2025-09-01,079550,,32.62,35.9,-23.1,-14.0
2025-09-02,079550,,32.59,54.2,50.4,-103.8
2025-09-03,079550,,32.59,-83.9,13.8,68.1
2025-09-04,079550,,32.56,-139.7,-14.4,151.5
2025-09-05,079550,,32.34,-253.5,-113.4,358.8
2025-09-08,079550,,32.06,23.6,-51.5,24.9
2025-09-09,079550,,32.12,-134.1,-42.8,166.9
2025-09-10,079550,,31.97,15.1,38.0,-66.1
2025-09-11,079550,,31.91,-189.7,242.6,-49.0
2025-09-12,079550,,31.77,11.7,12.5,-24.9
2025-09-15,079550,,31.84,-73.7,-67.9,138.2
2025-09-16,079550,,31.73,330.4,201.5,-514.4
2025-09-17,079550,,32.03,-123.4,-61.1,172.5
2025-09-18,079550,,31.89,-148.6,35.6,104.6
2025-09-19,079550,,31.69,-7.2,-18.9,26.4
2025-09-22,079550,,31.73,-440.0,-55.1,486.4
2025-09-23,079550,,31.3,-80.3,-11.5,84.5
2025-09-24,079550,,31.2,-64.7,-8.4,58.3
2025-09-25,079550,,31.19,39.1,-16.7,-22.1
2025-09-26,079550,,31.23,-9.1,21.1,-11.5
2025-09-29,079550,,31.2,55.3,117.9,-195.0
2025-09-30,079550,513000.0,31.3,-149.3,214.5,-70.0
2025-10-01,079550,,31.16,-59.4,20.3,57.2
2025-10-02,079550,,31.09,-93.0,70.0,16.5
2025-10-10,079550,,31.06,-321.7,-111.7,462.6
2025-10-13,079550,,30.69,-118.6,-18.3,150.1
2025-10-14,079550,,30.62,-19.2,-66.6,61.6
2025-10-15,079550,,30.61,33.7,23.9,-58.4
2025-10-16,079550,,30.64,-71.8,-42.3,103.2
2025-10-17,079550,,30.56,171.4,-96.0,-74.7
2025-10-20,079550,,30.8,3.9,-43.3,36.1
2025-10-21,079550,,30.81,-78.5,-9.0,88.0
2025-10-22,079550,,30.69,-50.8,-43.9,90.9
2025-10-23,079550,,30.45,-227.6,85.4,132.7
2025-10-24,079550,,30.25,-275.0,544.7,-266.0
2025-10-27,079550,,30.02,-86.5,162.1,-80.8
2025-10-28,079550,,29.97,-148.5,193.3,-50.3
2025-10-29,079550,,29.81,49.6,129.6,-177.9
2025-10-30,079550,,29.88,123.6,22.7,-148.2
2025-10-31,079550,519000.0,30.0,-6.5,134.6,-137.5
2025-11-03,079550,,30.0,-52.8,144.5,-94.6
2025-11-04,079550,,29.98,74.9,55.4,-130.8
2025-11-05,079550,,30.08,-89.4,-79.6,161.5
2025-11-06,079550,,30.02,-66.5,69.1,-5.8
2025-11-07,079550,,29.95,-673.0,-857.6,1518.6
2025-11-10,079550,,29.09,138.5,10.3,-145.4
2025-11-11,079550,,29.38,167.7,-43.2,-123.8
2025-11-12,079550,,29.56,81.0,-153.4,71.8
2025-11-13,079550,,29.59,97.3,-76.0,-24.3
2025-11-14,079550,,29.69,23.8,43.2,-70.2
2025-11-17,079550,,29.45,55.5,157.1,-197.1
2025-11-18,079550,,29.48,-217.5,-28.1,254.2
2025-11-19,079550,,29.19,77.5,-50.2,-22.3
2025-11-20,079550,,29.31,140.6,31.2,-169.1
2025-11-21,079550,,29.62,-40.2,-1.5,42.8
2025-11-24,079550,,29.44,142.9,3.2,-137.5
2025-11-25,079550,,29.67,34.4,-60.3,34.3
2025-11-26,079550,,29.66,-14.0,64.8,-48.8
2025-11-27,079550,,29.64,-3.4,-16.3,17.7
2025-11-28,079550,383000.0,29.62,18.0,-73.9,55.5
2025-12-01,079550,,29.64,158.8,-173.9,22.3
2025-12-02,079550,,29.81,40.7,-45.5,10.9
2025-12-03,079550,,29.88,7.8,13.1,-21.3
2025-12-04,079550,,29.98,-61.8,-15.0,73.4
2025-12-05,079550,,29.89,-3.1,7.2,-4.4
2025-12-08,079550,,29.8,-28.2,53.8,-31.6
2025-12-09,079550,,29.73,-70.3,32.4,42.7
2025-12-10,079550,,29.69,-25.6,19.6,2.4
2025-12-11,079550,,29.59,59.2,-166.7,104.9
2025-12-12,079550,,29.66,49.9,-52.2,4.9
2025-12-15,079550,,29.61,4.9,62.7,-69.1
2025-12-16,079550,,29.56,-89.7,78.6,10.3
2025-12-17,079550,,29.38,-19.3,87.5,-68.4
2025-12-18,079550,,29.23,-16.4,40.5,-25.1
2025-12-19,079550,,29.23,109.7,306.9,-406.6
2025-12-22,079550,,29.41,-68.9,47.1,22.3
2025-12-23,079550,,29.33,-26.8,58.5,-26.1
2025-12-24,079550,,29.42,64.7,-7.1,-55.8
2025-12-26,079550,,29.5,10.3,-60.4,45.1
2025-12-29,079550,,29.53,147.4,170.5,-312.6
2025-12-30,079550,421000.0,29.75,-97.6,49.2,54.4
2026-01-02,079550,,29.62,-100.4,177.3,-85.7
2026-01-05,079550,,29.52,-116.8,186.4,-89.1
2026-01-06,079550,,29.39,-6.5,215.1,-212.6
2026-01-07,079550,,29.44,26.2,67.3,-104.7
2026-01-08,079550,,29.44,82.8,310.4,-383.2
2026-01-09,079550,,29.55,-65.7,263.2,-195.9
2026-01-12,079550,,29.45,-21.1,191.2,-162.2
2026-01-13,079550,,29.44,-2.6,182.1,-146.2
2026-01-14,079550,,29.34,213.3,-85.1,-130.0
2026-01-15,079550,,29.55,256.8,-96.8,-143.8
2026-01-16,079550,,29.75,180.6,-149.1,-17.5
2026-01-19,079550,,29.91,93.3,50.0,-143.2
2026-01-20,079550,,30.02,43.8,48.0,-87.7
2026-01-21,079550,,30.16,-69.7,77.3,-5.1
2026-01-22,079550,,29.98,21.1,-7.7,-7.8
2026-01-23,079550,,30.0,78.0,-57.2,-16.9
2026-01-26,079550,,30.06,-13.6,-27.8,48.7
2026-01-27,079550,,30.05,-71.9,13.0,62.6
2026-01-28,079550,,29.98,106.5,-2.4,-104.0
2026-01-29,079550,,30.0,11.7,12.2,-22.7
2026-01-30,079550,481500.0,30.0,-653.4,-460.3,1104.1
2026-02-02,079550,,29.34,119.7,-181.7,63.3
2026-02-03,079550,,29.45,19.1,-25.1,15.2
2026-02-04,079550,,29.48,-42.6,-14.9,62.0
2026-02-05,079550,,29.44,-193.8,-159.9,341.4
2026-02-06,079550,,29.2,-67.2,46.5,14.0
2026-02-09,079550,,29.12,-71.3,75.8,-9.2
2026-02-10,079550,,29.05,-60.8,52.8,-6.0
2026-02-11,079550,,29.02,-75.2,33.3,42.4
2026-02-12,079550,,28.94,-107.8,20.1,86.6
2026-02-13,079550,,28.81,-47.5,22.6,21.7
2026-02-19,079550,,28.77,-90.3,-159.7,255.5
2026-02-20,079550,,28.69,-68.5,125.7,-74.5
2026-02-23,079550,,28.64,22.2,79.0,-89.2
2026-02-24,079550,,28.69,37.6,384.2,-414.2
2026-02-25,079550,,28.78,-122.4,63.7,55.0
2026-02-26,079550,,28.62,8.0,13.8,-17.5
2026-02-27,079550,509000.0,28.61,-86.8,140.5,-49.7
2026-03-03,079550,,28.55,121.6,602.1,-761.0
2026-03-04,079550,,28.88,-2619.4,-576.3,3192.4
2026-03-05,079550,,27.08,-1426.2,1037.0,397.4
2026-03-06,079550,,26.44,-2167.4,416.6,1741.5
2026-03-09,079550,,25.14,-1192.1,-350.0,1499.7
2026-03-10,079550,,24.27,212.9,-500.2,277.1
2026-03-11,079550,,24.38,524.6,-81.8,-470.5
2026-03-12,079550,,24.7,-108.2,389.8,-284.6
2026-03-13,079550,,24.77,-47.4,-193.8,251.1
2026-03-16,079550,,24.7,81.4,348.7,-459.9
2026-03-17,079550,,24.67,-61.7,-69.4,140.3
2026-03-18,079550,,24.56,214.9,-143.5,-66.2
2026-03-19,079550,,24.66,-408.3,96.2,303.7
2026-03-20,079550,,24.41,-123.7,-149.3,288.3
2026-03-23,079550,,24.14,331.4,38.4,-330.4
2026-03-24,079550,,24.44,-57.4,97.3,-50.3
2026-03-25,079550,,24.41,-152.0,563.5,-451.2
2026-03-26,079550,,24.25,138.3,440.7,-585.4
2026-03-27,079550,,24.38,-45.2,174.3,-120.8
2026-03-30,079550,,24.41,-177.4,-31.1,193.1
2026-03-31,079550,611000.0,24.19,-87.1,-127.1,224.8
2026-04-01,079550,,24.11,370.7,509.0,-1187.9
2026-04-02,079550,,24.5,-103.4,611.0,-161.7
2026-04-03,079550,,24.25,48.4,624.1,-693.1
2026-04-06,079550,,24.28,-461.5,-55.0,506.1
2026-04-07,079550,,23.94,288.8,139.1,-433.2
2026-04-08,079550,,24.08,295.5,127.0,-412.1
2026-04-09,079550,,24.31,338.3,255.0,-645.8
2026-04-10,079550,,24.31,186.5,168.2,-351.4
2026-04-13,079550,,24.41,-1077.5,80.9,973.6
2026-04-14,079550,,23.84,299.1,-289.9,-3.5
2026-04-15,079550,,23.92,-227.9,-351.9,539.5
2026-04-16,079550,,23.84,-160.5,-159.8,325.9
2026-04-17,079550,,23.72,10.6,82.7,-99.5
2026-04-20,079550,,23.72,662.9,183.5,-837.2
2026-04-21,079550,,24.12,133.0,-127.1,0.3
2026-04-22,079550,,24.12,296.4,-275.5,-17.1
2026-04-23,079550,,24.2,-507.4,-231.1,686.2
2026-04-24,079550,,23.91,154.8,239.7,-409.6
2026-04-27,079550,,23.98,-931.1,-184.9,1115.6
2026-04-28,079550,,23.47,-319.5,-181.1,477.9
2026-04-29,079550,,23.22,521.1,554.7,-1081.5
2026-04-30,079550,941000.0,23.62,57.4,-552.2,483.4
2026-05-04,079550,,23.42,143.3,48.8,-188.2
2026-05-06,079550,,23.48,280.2,9.2,-292.5
2026-05-07,079550,,23.67,-728.1,-216.1,1020.4
2026-05-08,079550,,23.17,-76.2,-852.9,911.2
2026-05-11,079550,,22.89,-45.3,18.3,0.1
2026-05-12,079550,,22.89,-82.8,343.9,-259.9
2026-05-13,079550,,23.02,-192.3,122.8,73.1
2026-05-14,079550,,22.94,289.1,-100.7,-178.0
2026-05-15,079550,,23.2,206.8,96.3,-279.8
2026-05-18,079550,,23.3,-270.9,235.8,37.9
2026-05-19,079550,,23.19,86.0,398.1,-492.7
2026-05-20,079550,,23.31,57.6,150.1,-206.6
2026-05-21,079550,,23.41,158.2,159.0,-346.9
2026-05-22,079550,,23.53,480.8,372.1,-887.9
2026-05-26,079550,,23.88,79.7,116.2,-167.9
2026-05-27,079550,,23.91,-166.8,111.8,63.2
2026-05-28,079550,,23.81,123.5,-21.2,-95.2
2026-05-29,079550,801000.0,23.89,-3.5,-31.4,4.6
2026-06-01,079550,,23.92,330.2,-178.8,-142.2
2026-06-02,079550,,24.14,3.5,318.1,-331.4
2026-06-04,079550,,24.03,-189.0,122.0,74.8
2026-06-05,079550,,23.88,167.5,16.4,-165.0
2026-06-08,079550,,23.97,452.5,-156.2,-269.4
2026-06-09,079550,,24.3,411.5,-83.5,-333.3
2026-06-10,079550,,24.59,119.3,190.7,-314.1
2026-06-11,079550,,24.64,185.0,-199.3,32.8
2026-06-12,079550,,24.7,430.6,-177.1,-268.9
2026-06-15,079550,,25.02,317.8,98.1,-405.5
2026-06-16,079550,,25.31,466.1,779.5,-1318.5
2026-06-17,079550,,25.73,-232.6,175.1,80.5
2026-06-18,079550,,25.56,187.2,-239.2,62.8
2026-06-19,079550,,25.56,316.9,-214.1,-98.2
2026-06-22,079550,,25.73,60.7,-201.5,135.5
2026-06-23,079550,,25.73,62.5,98.7,-156.8
2026-06-24,079550,,25.77,-282.2,171.1,98.6
2026-06-25,079550,,25.56,-164.0,87.2,102.9
2026-06-26,079550,,25.44,-136.7,304.8,-110.5
2026-06-29,079550,,25.41,-147.7,78.6,64.4
2026-06-30,079550,719000.0,25.3,3.8,-82.6,76.8
2026-07-01,079550,,25.28,-86.9,125.8,-65.7
2026-07-02,079550,,25.27,-184.3,66.4,102.7
2026-07-03,079550,,25.12,210.8,-58.3,-150.6
2026-07-06,079550,,25.25,3.7,25.2,-32.8
2026-07-07,079550,,25.41,-116.7,41.9,62.3
2026-07-08,079550,,25.39,-283.9,-78.1,358.1
2026-07-09,079550,,25.22,-204.4,141.6,61.1
2026-07-10,079550,,25.08,213.8,-31.5,-181.4
2026-07-13,079550,725000.0,25.3,182.0,-44.8,-135.9
2025-07-14,079650,,0.53,-0.0,,0.0
2025-07-15,079650,,0.52,-0.0,,0.0
2025-07-16,079650,,0.52,-0.0,,0.0
2025-07-17,079650,,0.52,-0.0,,0.0
2025-07-18,079650,,0.52,0.0,,-0.0
2025-07-21,079650,,0.52,-0.0,,0.0
2025-07-22,079650,,0.52,0.0,,-0.0
2025-07-23,079650,,0.52,-0.0,,-0.0
2025-07-24,079650,,0.52,-0.0,,0.0
2025-07-25,079650,,0.52,0.0,,-0.1
2025-07-28,079650,,0.52,-0.1,,0.1
2025-07-29,079650,,0.5,-0.1,,0.1
2025-07-30,079650,,0.47,0.0,,-0.0
2025-07-31,079650,,0.48,0.0,,-0.0
2025-08-01,079650,,0.48,-0.1,,0.0
2025-08-04,079650,,0.46,0.0,,-0.0
2025-08-05,079650,,0.47,-0.0,,-0.0
2025-08-06,079650,,0.46,-0.0,,0.0
2025-08-07,079650,,0.46,0.0,,-0.0
2025-08-08,079650,,0.47,-0.0,,0.0
2025-08-11,079650,,0.46,0.1,,-0.1
2025-08-12,079650,,0.48,-0.0,,0.1
2025-08-13,079650,,0.47,-0.0,,0.0
2025-08-14,079650,,0.47,0.0,,-0.0
2025-08-18,079650,,0.47,-0.0,,0.0
2025-08-19,079650,,0.46,0.0,,-0.0
2025-08-20,079650,,0.46,0.1,,-0.0
2025-08-21,079650,,0.48,0.1,,-0.1
2025-08-22,079650,,0.5,-0.1,,0.1
2025-08-25,079650,,0.46,0.0,,-0.0
2025-08-26,079650,,0.49,0.0,,-0.0
2025-08-27,079650,,0.51,0.0,,-0.0
2025-08-28,079650,,0.52,0.1,,-0.1
2025-08-29,079650,1697.0,0.53,-0.1,,0.1
2025-09-01,079650,,0.53,-0.0,,0.0
2025-09-02,079650,,0.49,0.0,,-0.0
2025-09-03,079650,,0.51,0.0,,-0.0
2025-09-04,079650,,0.52,-0.0,,0.0
2025-09-05,079650,,0.51,-0.0,,0.0
2025-09-08,079650,,0.5,-0.0,,-0.0
2025-09-09,079650,,0.48,-0.0,,-0.0
2025-09-10,079650,,0.48,0.0,,-0.0
2025-09-11,079650,,0.49,-0.0,,0.0
2025-09-12,079650,,0.48,0.0,,-0.0
2025-09-15,079650,,0.48,0.0,,-0.0
2025-09-16,079650,,0.48,0.0,,-0.0
2025-09-17,079650,,0.48,0.0,,-0.0
2025-09-18,079650,,0.48,-0.0,,0.0
2025-09-19,079650,,0.48,-0.0,,0.0
2025-09-22,079650,,0.48,-0.0,,0.0
2025-09-23,079650,,0.48,0.0,,-0.0
2025-09-24,079650,,0.48,0.0,,0.0
2025-09-25,079650,,0.48,0.0,,-0.0
2025-09-26,079650,,0.48,0.0,,-0.0
2025-09-29,079650,,0.48,-0.0,,0.0
2025-09-30,079650,1553.0,0.48,-0.0,,0.0
2025-10-01,079650,,0.47,0.0,,0.0
2025-10-02,079650,,0.47,0.0,,-0.0
2025-10-10,079650,,0.48,-0.0,,0.0
2025-10-13,079650,,0.48,0.0,,-0.0
2025-10-14,079650,,0.47,-0.0,,0.0
2025-10-15,079650,,0.46,0.0,,-0.0
2025-10-16,079650,,0.47,-0.0,,0.0
2025-10-17,079650,,0.46,0.0,,-0.0
2025-10-20,079650,,0.46,0.0,,-0.1
2025-10-21,079650,,0.48,0.1,,-0.2
2025-10-22,079650,,0.5,0.0,,-0.1
2025-10-23,079650,,0.51,0.0,,-0.0
2025-10-24,079650,,0.52,0.1,,-0.1
2025-10-27,079650,,0.54,0.2,,-0.5
2025-10-28,079650,,0.61,0.0,,-0.1
2025-10-29,079650,,0.62,0.4,,-0.9
2025-10-30,079650,,0.72,0.1,,-0.1
2025-10-31,079650,1840.0,0.74,0.0,,-0.0
2025-11-03,079650,,0.75,0.1,,-0.1
2025-11-04,079650,,0.78,0.1,,-0.0
2025-11-05,079650,,0.8,-0.0,,0.0
2025-11-06,079650,,0.79,-0.0,,0.0
2025-11-07,079650,,0.78,-0.1,,0.1
2025-11-10,079650,,0.76,0.3,-0.3,-0.0
2025-11-11,079650,,0.86,0.1,,-0.1
2025-11-12,079650,,0.88,-0.0,,0.1
2025-11-13,079650,,0.88,-0.1,,0.0
2025-11-14,079650,,0.86,-0.1,,0.1
2025-11-17,079650,,0.84,0.0,,-0.0
2025-11-18,079650,,0.85,-0.0,,0.0
2025-11-19,079650,,0.88,-0.0,,0.0
2025-11-20,079650,,0.87,0.0,,0.0
2025-11-21,079650,,0.88,-0.0,,-0.0
2025-11-24,079650,,0.88,-0.0,,0.0
2025-11-25,079650,,0.86,-0.9,,1.0
2025-11-26,079650,,0.59,0.0,,-0.1
2025-11-27,079650,,0.61,0.0,,-0.0
2025-11-28,079650,1465.0,0.61,0.0,,-0.0
2025-12-01,079650,,0.62,-0.0,,0.0
2025-12-02,079650,,0.62,-0.0,,0.0
2025-12-03,079650,,0.62,-0.0,,0.0
2025-12-04,079650,,0.61,0.0,,-0.0
2025-12-05,079650,,0.61,-0.0,,0.0
2025-12-08,079650,,0.6,-0.0,,0.0
2025-12-09,079650,,0.6,0.0,,0.0
2025-12-10,079650,,0.6,-0.0,,0.0
2025-12-11,079650,,0.6,0.0,,-0.0
2025-12-12,079650,,0.61,-0.0,,0.0
2025-12-15,079650,,0.6,0.0,,0.0
2025-12-16,079650,,0.6,-0.0,,-0.0
2025-12-17,079650,,0.82,-0.0,,0.0
2025-12-18,079650,,0.82,-0.0,,0.0
2025-12-19,079650,,0.82,0.0,,-0.0
2025-12-22,079650,,0.83,-0.0,,0.0
2025-12-23,079650,,0.83,-0.0,,0.0
2025-12-24,079650,,0.83,0.1,,-0.1
2025-12-26,079650,,0.86,0.0,,-0.0
2025-12-29,079650,,0.86,-0.0,,0.0
2025-12-30,079650,1425.0,0.86,-0.0,,0.0
2026-01-02,079650,,0.85,-0.0,,0.0
2026-01-05,079650,,0.85,-0.0,,0.0
2026-01-06,079650,,0.88,0.0,,-0.0
2026-01-07,079650,,0.89,0.0,,-0.0
2026-01-08,079650,,0.9,0.0,,-0.0
2026-01-09,079650,,0.9,-0.0,,0.0
2026-01-12,079650,,0.9,0.0,,-0.0
2026-01-13,079650,,0.9,-0.0,,0.0
2026-01-14,079650,,0.91,-0.0,,-0.0
2026-01-15,079650,,0.9,0.0,,-0.0
2026-01-16,079650,,0.91,-0.0,,0.0
2026-01-19,079650,,0.9,-0.0,,0.0
2026-01-20,079650,,0.9,0.0,,0.0
2026-01-21,079650,,0.9,-0.0,,0.0
2026-01-22,079650,,0.9,-0.0,,0.0
2026-01-23,079650,,0.9,-0.0,,0.0
2026-01-26,079650,,0.9,-0.0,,0.0
2026-01-27,079650,,0.89,-0.0,,0.0
2026-01-28,079650,,0.89,-0.0,,0.0
2026-01-29,079650,,0.88,-0.0,,0.0
2026-01-30,079650,1395.0,0.87,0.0,,-0.0
2026-02-02,079650,,0.88,-0.0,,0.0
2026-02-03,079650,,0.87,-0.0,,0.0
2026-02-04,079650,,0.86,-0.0,,0.0
2026-02-05,079650,,0.86,-0.0,,-0.0
2026-02-06,079650,,0.86,-0.2,,0.2
2026-02-09,079650,,0.8,1.1,,-1.1
2026-02-10,079650,,1.19,0.0,,-0.0
2026-02-11,079650,,1.19,0.0,,-0.0
2026-02-12,079650,,1.21,-0.0,,-0.0
2026-02-13,079650,,1.21,-1.0,,1.0
2026-02-19,079650,,0.91,0.0,,-0.0
2026-02-20,079650,,0.92,0.2,,-0.2
2026-02-23,079650,,1.03,-0.0,,0.0
2026-02-24,079650,,1.04,-0.0,,0.0
2026-02-25,079650,,1.04,-0.0,,0.0
2026-02-26,079650,,1.04,-0.1,,0.1
2026-02-27,079650,1574.0,1.0,-0.1,,0.1
2026-03-03,079650,,0.74,-0.3,,0.1
2026-03-04,079650,,0.67,-0.0,,-0.0
2026-03-05,079650,,0.66,0.1,,-0.2
2026-03-06,079650,,0.69,0.0,,-0.0
2026-03-09,079650,,0.7,-0.0,,0.0
2026-03-10,079650,,0.69,-0.0,,0.0
2026-03-11,079650,,0.69,-0.0,,0.1
2026-03-12,079650,,0.68,-0.0,,0.0
2026-03-13,079650,,0.67,0.2,-0.2,0.0
2026-03-16,079650,,0.75,0.2,,-0.2
2026-03-17,079650,,0.79,0.0,,-0.1
2026-03-18,079650,,0.8,-0.0,,0.0
2026-03-19,079650,,0.79,0.1,,-0.0
2026-03-20,079650,,0.81,0.0,,-0.0
2026-03-23,079650,,0.81,-0.0,,0.0
2026-03-24,079650,,0.8,-0.0,,0.0
2026-03-25,079650,,0.8,0.0,,-0.0
2026-03-26,079650,,0.8,0.0,,0.0
2026-03-27,079650,,0.8,-0.0,,0.0
2026-03-30,079650,,0.8,0.0,,-0.0
2026-03-31,079650,1494.0,0.8,-0.0,,0.0
2026-04-01,079650,,0.8,-0.0,,0.0
2026-04-02,079650,,0.8,-0.0,,0.0
2026-04-03,079650,,0.8,-0.0,,0.0
2026-04-06,079650,,0.79,-0.0,,0.0
2026-04-07,079650,,0.78,-0.1,,0.1
2026-04-08,079650,,0.76,0.0,,-0.0
2026-04-09,079650,,0.76,-0.0,,0.0
2026-04-10,079650,,0.76,-0.0,,0.0
2026-04-13,079650,,0.76,-0.0,,0.0
2026-04-14,079650,,0.76,-0.0,,0.0
2026-04-15,079650,,0.75,-0.0,,0.0
2026-04-16,079650,,0.75,0.0,,-0.0
2026-04-17,079650,,0.75,0.1,,-0.1
2026-04-20,079650,,0.79,-0.4,,0.4
2026-04-21,079650,,0.64,0.2,,-0.2
2026-04-22,079650,,0.68,0.1,,-0.1
2026-04-23,079650,,0.68,-0.2,,0.2
2026-04-24,079650,,0.62,0.0,,0.0
2026-04-27,079650,,0.62,0.0,,-0.0
2026-04-28,079650,,0.65,0.1,,-0.1
2026-04-29,079650,,0.64,0.0,,-0.0
2026-04-30,079650,1300.0,0.64,-0.0,,-0.0
2026-05-04,079650,,0.64,-0.0,,-0.0
2026-05-06,079650,,0.64,0.1,,-0.2
2026-05-07,079650,,0.68,0.3,-0.0,-0.5
2026-05-08,079650,,0.79,-0.2,0.0,0.2
2026-05-11,079650,,0.71,-0.0,-0.0,0.1
2026-05-12,079650,,0.7,0.1,0.0,-0.2
2026-05-13,079650,,0.76,0.0,0.0,-0.0
2026-05-14,079650,,0.76,0.0,-0.0,-0.1
2026-05-15,079650,,0.76,0.1,0.0,-0.1
2026-05-18,079650,,0.79,-0.1,-0.0,0.1
2026-05-19,079650,,0.76,0.0,0.0,-0.0
2026-05-20,079650,,0.76,0.1,-0.0,0.1
2026-05-21,079650,,0.86,0.1,,0.0
2026-05-22,079650,,0.88,-0.0,0.0,0.0
2026-05-26,079650,,0.87,-0.0,-0.0,0.0
2026-05-27,079650,,0.86,-0.0,0.0,0.0
2026-05-28,079650,,0.86,-0.1,-0.0,0.2
2026-05-29,079650,1045.0,0.81,-0.0,0.0,0.0
2026-06-01,079650,,0.8,0.0,-0.0,0.0
2026-06-02,079650,,0.8,-0.0,0.0,0.0
2026-06-04,079650,,0.79,0.0,0.0,-0.0
2026-06-05,079650,,0.79,-0.0,-0.0,0.0
2026-06-08,079650,,0.78,-0.1,0.0,0.1
2026-06-09,079650,,0.75,-0.0,0.0,0.0
2026-06-10,079650,,0.73,0.4,0.0,-0.2
2026-06-11,079650,,0.88,-0.5,-0.0,0.5
2026-06-12,079650,,0.76,1.2,0.0,-1.2
2026-06-15,079650,,1.28,,0.0,0.2
2026-06-16,079650,,1.44,4.9,2.6,-7.6
2026-06-17,079650,,2.37,-1.2,-3.2,5.0
2026-06-18,079650,,2.2,-0.0,0.3,-1.3
2026-06-19,079650,,2.07,,,
2026-06-22,079650,,2.17,0.0,-0.4,0.1
2026-06-23,079650,,2.18,-0.0,0.0,0.7
2026-06-24,079650,,2.17,,,
2026-06-25,079650,,2.17,-0.3,0.9,-0.8
2026-06-26,079650,,2.15,-0.8,0.0,1.3
2026-06-29,079650,,2.03,-2.0,0.0,1.5
2026-06-30,079650,4265.0,1.81,-0.7,0.2,0.5
2026-07-01,079650,,1.77,5.5,-0.3,-4.7
2026-07-02,079650,,2.35,-2.0,,0.7
2026-07-03,079650,,2.12,-3.5,0.0,3.5
2026-07-06,079650,,1.72,-1.1,-0.0,1.3
2026-07-07,079650,,1.55,-0.2,2.9,-3.1
2026-07-08,079650,,1.52,0.0,-3.1,5.9
2026-07-09,079650,,1.54,-0.8,0.4,-0.1
2026-07-10,079650,,1.54,4.1,-0.0,-3.7
2026-07-13,079650,5610.0,1.93,-2.3,0.1,1.9
2025-07-14,079810,,2.52,-3.1,0.6,2.5
2025-07-15,079810,,2.32,1.3,0.6,-1.8
2025-07-16,079810,,2.48,0.1,0.6,-0.7
2025-07-17,079810,,2.49,-1.7,0.6,1.2
2025-07-18,079810,,2.39,-1.7,0.6,1.2
2025-07-21,079810,,2.29,6.8,0.6,-7.7
2025-07-22,079810,,2.7,-3.3,0.6,2.9
2025-07-23,079810,,2.5,-1.3,0.6,0.7
2025-07-24,079810,,2.42,-2.6,0.6,2.0
2025-07-25,079810,,2.26,0.2,0.6,-0.8
2025-07-28,079810,,2.27,-1.2,0.6,0.7
2025-07-29,079810,,2.21,0.9,0.6,-1.5
2025-07-30,079810,,2.27,3.1,0.4,-3.4
2025-07-31,079810,,2.47,0.7,0.0,-0.6
2025-08-01,079810,,2.52,-0.4,-3.0,3.4
2025-08-04,079810,,2.49,0.3,,-0.4
2025-08-05,079810,,2.51,-0.4,,0.3
2025-08-06,079810,,2.49,-0.9,,0.9
2025-08-07,079810,,2.43,-0.4,,0.4
2025-08-08,079810,,2.43,-1.5,,1.4
2025-08-11,079810,,2.34,0.1,,-0.2
2025-08-12,079810,,2.35,0.6,,-0.7
2025-08-13,079810,,2.39,1.1,,-1.0
2025-08-14,079810,,2.47,0.1,,-0.1
2025-08-18,079810,,2.51,0.1,,-0.1
2025-08-19,079810,,2.53,0.4,,-0.4
2025-08-20,079810,,2.55,0.6,,-0.6
2025-08-21,079810,,2.59,-0.5,,0.5
2025-08-22,079810,,2.55,0.1,-0.0,-0.2
2025-08-25,079810,,2.56,0.4,,-0.4
2025-08-26,079810,,2.61,-0.7,,0.7
2025-08-27,079810,,2.55,0.1,,-0.1
2025-08-28,079810,,2.56,-2.3,,2.2
2025-08-29,079810,6210.0,2.4,-0.7,,0.7
2025-09-01,079810,,2.36,0.1,,0.1
2025-09-02,079810,,2.35,-0.2,,0.1
2025-09-03,079810,,2.35,0.1,,-0.1
2025-09-04,079810,,2.36,0.5,,-0.5
2025-09-05,079810,,2.4,-0.5,,0.5
2025-09-08,079810,,2.35,0.4,,-0.5
2025-09-09,079810,,2.39,-0.2,,0.2
2025-09-10,079810,,2.37,0.2,,-0.3
2025-09-11,079810,,2.39,-0.1,,0.1
2025-09-12,079810,,2.38,0.3,,-0.4
2025-09-15,079810,,2.38,0.1,,-0.2
2025-09-16,079810,,2.39,-0.4,,0.4
2025-09-17,079810,,2.36,0.1,,-0.1
2025-09-18,079810,,2.34,1.0,,-1.0
2025-09-19,079810,,2.41,-1.8,,1.9
2025-09-22,079810,,2.26,-0.6,,0.6
2025-09-23,079810,,2.22,0.9,,-1.0
2025-09-24,079810,,2.28,-0.4,,0.3
2025-09-25,079810,,2.16,1.0,,-0.9
2025-09-26,079810,,2.25,-3.3,0.0,3.3
2025-09-29,079810,,2.01,0.4,-0.3,-0.1
2025-09-30,079810,5810.0,2.07,-0.3,,0.0
2025-10-01,079810,,2.06,0.3,-0.1,-0.2
2025-10-02,079810,,2.08,2.1,,-2.2
2025-10-10,079810,,2.25,-0.3,,0.2
2025-10-13,079810,,2.23,1.5,,-1.4
2025-10-14,079810,,2.33,1.4,-0.0,-1.4
2025-10-15,079810,,2.44,1.6,-0.2,-1.3
2025-10-16,079810,,2.55,1.4,,-1.5
2025-10-17,079810,,2.68,0.0,0.2,-0.2
2025-10-20,079810,,2.67,0.9,,-0.8
2025-10-21,079810,,2.75,0.6,,-0.4
2025-10-22,079810,,2.81,-0.2,,0.3
2025-10-23,079810,,2.78,-1.2,,1.2
2025-10-24,079810,,2.69,4.7,,-4.7
2025-10-27,079810,,2.97,-2.2,,2.3
2025-10-28,079810,,2.83,0.4,,-0.4
2025-10-29,079810,,2.86,0.2,-0.0,-0.1
2025-10-30,079810,,2.87,-0.4,,0.3
2025-10-31,079810,6310.0,2.84,-1.1,0.0,1.1
2025-11-03,079810,,2.77,1.3,-0.1,-0.9
2025-11-04,079810,,2.86,-1.7,,1.7
2025-11-05,079810,,2.74,-3.6,,3.6
2025-11-06,079810,,2.47,1.7,,-1.7
2025-11-07,079810,,2.59,-3.1,-0.9,4.0
2025-11-10,079810,,2.35,0.2,,-0.2
2025-11-11,079810,,2.22,-0.3,,0.2
2025-11-12,079810,,2.2,1.5,,-1.5
2025-11-13,079810,,2.31,0.2,,-0.2
2025-11-14,079810,,2.31,-2.5,,2.1
2025-11-17,079810,,2.12,-1.3,,0.9
2025-11-18,079810,,2.02,0.4,,-0.6
2025-11-19,079810,,2.06,-0.5,,0.5
2025-11-20,079810,,2.02,0.1,,-0.1
2025-11-21,079810,,2.02,-0.7,,0.6
2025-11-24,079810,,1.96,0.1,,-0.1
2025-11-25,079810,,1.97,0.2,,-0.4
2025-11-26,079810,,1.98,1.1,,-1.0
2025-11-27,079810,,2.07,0.6,,-0.8
2025-11-28,079810,5460.0,2.12,0.4,,-0.4
2025-12-01,079810,,2.16,-0.3,,0.3
2025-12-02,079810,,2.25,-0.2,,0.2
2025-12-03,079810,,2.23,-0.3,,0.1
2025-12-04,079810,,2.24,-0.1,,0.2
2025-12-05,079810,,2.23,1.5,,-1.5
2025-12-08,079810,,2.33,0.6,0.0,-0.2
2025-12-09,079810,,2.38,-0.0,,0.0
2025-12-10,079810,,2.38,-1.1,,1.1
2025-12-11,079810,,2.29,0.1,,-0.5
2025-12-12,079810,,2.3,-0.3,,0.3
2025-12-15,079810,,2.27,0.5,,-0.6
2025-12-16,079810,,2.31,-1.1,,1.1
2025-12-17,079810,,2.7,-0.2,,-0.1
2025-12-18,079810,,2.68,0.0,,-0.5
2025-12-19,079810,,2.65,0.7,,-0.5
2025-12-22,079810,,2.72,-1.1,,1.0
2025-12-23,079810,,2.62,-0.7,,0.7
2025-12-24,079810,,2.55,-0.0,,0.5
2025-12-26,079810,,2.55,-1.0,,1.0
2025-12-29,079810,,2.53,0.8,,-0.9
2025-12-30,079810,5060.0,2.59,-0.9,1.8,-0.9
2026-01-02,079810,,2.5,0.9,0.4,-1.2
2026-01-05,079810,,2.58,-1.0,-0.2,1.2
2026-01-06,079810,,2.49,-0.3,0.0,0.2
2026-01-07,079810,,2.55,-0.9,-0.1,0.1
2026-01-08,079810,,2.47,0.7,0.0,-0.7
2026-01-09,079810,,2.53,0.6,1.3,-1.9
2026-01-12,079810,,2.59,1.3,-1.1,-1.2
2026-01-13,079810,,2.71,1.7,0.1,-1.8
2026-01-14,079810,,3.03,-0.4,-0.1,0.7
2026-01-15,079810,,2.99,-0.2,-0.2,0.4
2026-01-16,079810,,2.97,-1.0,0.0,1.1
2026-01-19,079810,,2.87,1.4,0.2,-1.6
2026-01-20,079810,,3.01,2.6,-0.1,-2.6
2026-01-21,079810,,3.25,-1.3,-0.1,1.3
2026-01-22,079810,,3.13,1.4,0.6,-2.0
2026-01-23,079810,,3.25,-1.5,-0.7,2.2
2026-01-26,079810,,3.12,1.5,0.3,-1.8
2026-01-27,079810,,3.25,-0.5,0.2,-0.2
2026-01-28,079810,,3.21,2.7,-0.1,-2.6
2026-01-29,079810,,3.43,0.2,-0.2,0.1
2026-01-30,079810,5620.0,3.45,0.3,-0.3,-0.2
2026-02-02,079810,,3.47,0.3,0.1,-0.6
2026-02-03,079810,,3.49,0.2,0.3,-0.3
2026-02-04,079810,,3.5,1.6,-0.1,-1.5
2026-02-05,079810,,3.64,-0.9,-0.4,1.3
2026-02-06,079810,,3.56,-0.2,0.1,0.1
2026-02-09,079810,,3.55,1.4,0.0,-1.6
2026-02-10,079810,,3.68,1.6,-0.1,-1.5
2026-02-11,079810,,3.78,-1.2,-0.1,1.3
2026-02-12,079810,,3.68,-0.1,0.1,0.0
2026-02-13,079810,,3.67,-1.2,-0.1,1.2
2026-02-19,079810,,3.57,2.9,0.2,-3.1
2026-02-20,079810,,3.82,0.2,-0.0,-0.2
2026-02-23,079810,,3.84,-1.7,-0.2,2.0
2026-02-24,079810,,3.21,1.9,0.2,-2.1
2026-02-25,079810,,3.37,-0.5,-0.2,0.8
2026-02-26,079810,,3.32,-1.8,-0.0,1.9
2026-02-27,079810,4895.0,3.16,0.4,0.2,-0.6
2026-03-03,079810,,3.2,0.0,-0.2,0.2
2026-03-04,079810,,3.2,0.0,0.3,-0.4
2026-03-05,079810,,3.21,1.8,0.2,-2.1
2026-03-06,079810,,3.38,0.9,0.1,-0.9
2026-03-09,079810,,3.47,-0.4,-0.4,0.8
2026-03-10,079810,,3.42,-0.0,-0.0,-0.0
2026-03-11,079810,,3.36,-0.1,-0.1,0.3
2026-03-12,079810,,3.37,0.4,-0.1,-0.3
2026-03-13,079810,,3.41,0.1,-0.0,-0.1
2026-03-16,079810,,3.42,0.6,0.1,-0.6
2026-03-17,079810,,3.49,0.8,0.1,-1.0
2026-03-18,079810,,3.59,-0.1,-0.2,0.4
2026-03-19,079810,,3.58,-0.4,-0.0,0.4
2026-03-20,079810,,3.54,0.2,0.0,-0.2
2026-03-23,079810,,3.56,-0.2,0.0,0.2
2026-03-24,079810,,3.53,1.1,0.2,-1.5
2026-03-25,079810,,3.66,1.1,-0.1,-1.0
2026-03-26,079810,,3.77,-1.4,-0.3,1.7
2026-03-27,079810,,3.62,0.2,0.0,-0.1
2026-03-30,079810,,3.64,-0.1,0.0,0.0
2026-03-31,079810,4235.0,3.63,-0.7,0.1,0.6
2026-04-01,079810,,3.55,2.3,0.2,-2.4
2026-04-02,079810,,3.8,-1.6,-0.1,1.7
2026-04-03,079810,,3.62,-0.1,-0.2,0.3
2026-04-06,079810,,3.61,-1.5,1.1,0.4
2026-04-07,079810,,3.47,-3.2,-0.3,3.5
2026-04-08,079810,,3.14,0.2,-0.3,0.2
2026-04-09,079810,,3.18,-9.6,1.0,13.9
2026-04-10,079810,,2.42,2.1,-0.3,-2.5
2026-04-13,079810,,2.68,0.3,-0.5,0.2
2026-04-14,079810,,2.92,-4.4,-0.8,5.4
2026-04-15,079810,,2.65,-10.4,-0.2,10.6
2026-04-16,079810,,2.15,-0.3,0.2,0.0
2026-04-17,079810,,2.15,-1.0,0.1,0.7
2026-04-20,079810,,2.08,-2.6,0.1,2.4
2026-04-21,079810,,1.88,13.0,0.7,-13.9
2026-04-22,079810,,2.63,5.6,-0.4,-6.0
2026-04-23,079810,,2.97,0.0,0.3,-0.4
2026-04-24,079810,,2.97,0.3,,-0.4
2026-04-27,079810,,2.99,0.4,,-0.7
2026-04-28,079810,,3.02,-12.3,-0.6,13.8
2026-04-29,079810,,2.22,-3.1,-0.1,2.9
2026-04-30,079810,6670.0,2.02,-5.0,0.1,4.9
2026-05-04,079810,,1.68,-3.4,-0.1,3.5
2026-05-06,079810,,1.45,2.1,0.3,-2.5
2026-05-07,079810,,1.6,-1.1,-0.5,1.5
2026-05-08,079810,,1.52,0.7,0.2,-0.6
2026-05-11,079810,,1.57,3.7,-0.1,-4.0
2026-05-12,079810,,1.89,3.4,0.4,-3.9
2026-05-13,079810,,2.14,-2.9,-0.3,3.5
2026-05-14,079810,,1.9,-1.6,0.0,1.5
2026-05-15,079810,,1.76,-2.1,0.2,1.3
2026-05-18,079810,,1.6,3.4,0.1,-3.7
2026-05-19,079810,,1.91,2.0,0.3,-2.2
2026-05-20,079810,,2.1,0.4,0.4,-0.9
2026-05-21,079810,,2.13,1.3,-0.4,-0.9
2026-05-22,079810,,2.26,0.4,-0.6,0.1
2026-05-26,079810,,2.3,-0.3,-0.2,0.0
2026-05-27,079810,,2.27,-4.7,-0.1,3.9
2026-05-28,079810,,1.82,3.6,0.0,-2.9
2026-05-29,079810,4450.0,2.18,0.2,0.0,-0.3
2026-06-01,079810,,2.2,-0.5,0.0,0.3
2026-06-02,079810,,2.15,2.9,0.0,-2.7
2026-06-04,079810,,2.48,-2.4,-0.0,2.5
2026-06-05,079810,,2.19,0.9,0.0,-1.0
2026-06-08,079810,,2.45,-0.4,-0.0,0.5
2026-06-09,079810,,2.36,0.7,0.0,-0.7
2026-06-10,079810,,2.43,-1.5,-0.0,1.5
2026-06-11,079810,,2.2,0.4,0.0,-0.4
2026-06-12,079810,,2.24,0.8,0.1,-0.9
2026-06-15,079810,,2.34,-1.2,-0.1,1.0
2026-06-16,079810,,2.34,-0.8,-0.0,0.9
2026-06-17,079810,,1.99,-0.3,0.0,0.4
2026-06-18,079810,,1.8,-0.5,-0.0,0.5
2026-06-19,079810,,1.91,0.5,-0.0,-0.5
2026-06-22,079810,,2.09,-0.7,0.0,0.8
2026-06-23,079810,,1.99,1.2,0.1,-1.2
2026-06-24,079810,,2.14,0.6,-0.1,-0.4
2026-06-25,079810,,2.23,-0.9,0.0,0.9
2026-06-26,079810,,2.09,2.5,-0.0,-2.6
2026-06-29,079810,,2.67,1.6,0.0,-1.9
2026-06-30,079810,3110.0,2.91,-1.4,0.0,1.6
2026-07-01,079810,,2.69,-0.6,-0.0,0.5
2026-07-02,079810,,2.61,-0.4,-0.0,0.4
2026-07-03,079810,,2.55,0.3,0.0,-0.3
2026-07-06,079810,,2.59,0.0,-0.0,-0.0
2026-07-07,079810,,2.6,0.2,-0.0,-0.2
2026-07-08,079810,,2.62,0.1,0.0,-0.1
2026-07-09,079810,,2.64,0.4,-0.0,-0.4
2026-07-10,079810,,2.69,0.3,0.0,-0.3
2026-07-13,079810,2865.0,2.73,-1.2,-0.0,1.1
2025-07-14,079900,,0.67,-12.0,0.9,11.6
2025-07-15,079900,,0.51,-3.8,-2.7,6.4
2025-07-16,079900,,0.51,-8.1,2.4,5.6
2025-07-17,079900,,0.36,-3.0,1.2,2.5
2025-07-18,079900,,0.31,-7.0,-0.1,7.0
2025-07-21,079900,,0.23,2.3,4.5,-7.9
2025-07-22,079900,,0.33,-2.3,0.5,1.8
2025-07-23,079900,,0.3,0.7,0.1,-1.2
2025-07-24,079900,,0.33,-3.4,-6.0,9.7
2025-07-25,079900,,0.27,-4.7,-5.7,10.4
2025-07-28,079900,,0.19,-4.5,-13.2,17.4
2025-07-29,079900,,0.12,0.2,0.2,-0.4
2025-07-30,079900,,0.15,-4.0,0.1,3.9
2025-07-31,079900,,0.1,-1.5,-0.1,1.6
2025-08-01,079900,,0.08,-2.9,-2.9,5.9
2025-08-04,079900,,0.04,10.7,0.2,-10.7
2025-08-05,079900,,0.22,3.8,-1.2,-2.3
2025-08-06,079900,,0.28,7.1,-0.6,-6.4
2025-08-07,079900,,0.4,4.9,-2.4,-3.4
2025-08-08,079900,,0.44,1.3,10.5,-12.7
2025-08-11,079900,,0.44,-26.9,-4.5,26.7
2025-08-12,079900,,0.17,-8.9,11.6,-2.5
2025-08-13,079900,,0.08,-0.6,-0.3,2.1
2025-08-14,079900,,0.11,-3.3,2.6,0.8
2025-08-18,079900,,0.09,-6.8,-11.0,17.3
2025-08-19,079900,,0.05,-3.4,4.2,-1.3
2025-08-20,079900,,0.01,0.7,-7.6,6.7
2025-08-21,079900,,0.02,-0.4,0.1,0.8
2025-08-22,079900,,0.02,6.1,-6.3,0.4
2025-08-25,079900,,0.17,3.6,0.7,-4.4
2025-08-26,079900,,0.24,-0.4,0.4,-0.1
2025-08-27,079900,,0.22,-3.0,2.1,0.9
2025-08-28,079900,,0.13,1.0,0.5,-1.5
2025-08-29,079900,49400.0,0.17,-0.8,0.5,0.8
2025-09-01,079900,,0.17,-0.1,2.8,-2.7
2025-09-02,079900,,0.18,2.6,-0.0,-2.8
2025-09-03,079900,,0.23,-2.0,1.5,0.4
2025-09-04,079900,,0.17,0.2,-2.0,1.4
2025-09-05,079900,,0.19,-1.6,0.0,1.6
2025-09-08,079900,,0.15,1.7,0.2,-1.9
2025-09-09,079900,,0.18,-1.2,-0.0,1.5
2025-09-10,079900,,0.15,0.5,-0.0,-0.4
2025-09-11,079900,,0.16,-3.6,-1.5,5.1
2025-09-12,079900,,0.1,3.6,0.1,-0.3
2025-09-15,079900,,0.17,-2.9,-0.1,3.0
2025-09-16,079900,,0.1,-2.4,-1.9,4.1
2025-09-17,079900,,0.07,-1.4,0.1,1.4
2025-09-18,079900,,0.05,1.3,0.1,-1.4
2025-09-19,079900,,0.09,4.0,0.3,-3.9
2025-09-22,079900,,0.18,-7.6,-2.2,9.9
2025-09-23,079900,,0.02,-3.9,-0.5,4.3
2025-09-24,079900,,0.0,-0.2,1.5,-0.7
2025-09-25,079900,,0.0,0.1,-0.0,0.1
2025-09-26,079900,,0.0,1.3,0.2,-1.0
2025-09-29,079900,,0.0,2.1,-0.9,-1.0
2025-09-30,079900,45350.0,0.04,0.4,0.2,-0.7
2025-10-01,079900,,0.05,-0.9,-1.5,2.6
2025-10-02,079900,,0.01,2.6,-3.1,0.4
2025-10-10,079900,,0.07,3.2,-0.1,-3.1
2025-10-13,079900,,0.15,1.8,-2.7,0.8
2025-10-14,079900,,0.15,0.8,-3.6,2.8
2025-10-15,079900,,0.15,5.8,-3.2,-2.8
2025-10-16,079900,,0.32,-0.9,-3.9,4.8
2025-10-17,079900,,0.24,-5.7,-8.4,14.9
2025-10-20,079900,,0.14,-4.8,-5.0,9.9
2025-10-21,079900,,0.09,-1.1,-1.4,1.3
2025-10-22,079900,,0.09,3.2,-2.4,-0.9
2025-10-23,079900,,0.17,1.2,-2.1,0.6
2025-10-24,079900,,0.16,1.2,1.9,-3.0
2025-10-27,079900,,0.15,0.5,-3.3,2.5
2025-10-28,079900,,0.17,-2.4,-3.4,5.9
2025-10-29,079900,,0.1,3.3,-4.3,1.0
2025-10-30,079900,,0.18,-3.2,-2.5,5.3
2025-10-31,079900,46900.0,0.12,1.5,-1.4,-0.0
2025-11-03,079900,,0.16,3.0,0.1,-3.3
2025-11-04,079900,,0.26,-5.3,1.3,3.9
2025-11-05,079900,,0.11,-5.1,0.3,6.1
2025-11-06,079900,,0.03,-0.0,-0.2,0.3
2025-11-07,079900,,0.03,0.2,-0.0,-0.3
2025-11-10,079900,,0.07,1.3,-0.1,-1.1
2025-11-11,079900,,0.12,0.5,-0.2,0.4
2025-11-12,079900,,0.12,2.7,0.2,-2.4
2025-11-13,079900,,0.2,0.1,-0.1,0.2
2025-11-14,079900,,0.19,-2.7,-0.1,3.0
2025-11-17,079900,,0.15,-1.9,-3.1,5.1
2025-11-18,079900,,0.12,-2.8,0.5,2.4
2025-11-19,079900,,0.04,2.1,-1.0,-1.1
2025-11-20,079900,,0.08,3.8,-3.6,-0.4
2025-11-21,079900,,0.19,-2.7,-2.0,4.5
2025-11-24,079900,,0.05,-1.8,0.6,1.6
2025-11-25,079900,,0.06,-6.7,-2.6,9.1
2025-11-26,079900,,0.0,0.2,-0.1,-1.5
2025-11-27,079900,,0.0,2.6,0.1,-2.8
2025-11-28,079900,47650.0,0.02,1.4,0.1,-1.6
2025-12-01,079900,,0.05,-1.3,0.0,1.7
2025-12-02,079900,,0.02,2.4,-0.0,-2.4
2025-12-03,079900,,0.1,-3.3,-0.5,3.8
2025-12-04,079900,,0.04,5.9,0.3,-6.0
2025-12-05,079900,,0.15,-0.1,0.0,0.1
2025-12-08,079900,,0.15,-0.4,0.1,0.3
2025-12-09,079900,,0.11,-0.6,-0.1,0.8
2025-12-10,079900,,0.1,3.1,2.0,-5.1
2025-12-11,079900,,0.16,5.8,3.5,-9.9
2025-12-12,079900,,0.26,23.7,2.1,-26.7
2025-12-15,079900,,0.73,2.0,6.0,-2.6
2025-12-16,079900,,0.71,-5.1,-10.3,10.7
2025-12-17,079900,,0.51,-3.1,2.7,0.5
2025-12-18,079900,,0.43,0.9,-3.4,2.5
2025-12-19,079900,,0.39,1.2,-0.2,2.1
2025-12-22,079900,,0.39,-0.2,-2.6,3.8
2025-12-23,079900,,0.38,-1.1,-1.8,6.3
2025-12-24,079900,,0.31,-1.0,0.0,0.8
2025-12-26,079900,,0.29,-2.3,0.1,2.3
2025-12-29,079900,,0.27,18.3,-3.0,-15.4
2025-12-30,079900,47950.0,0.67,-17.6,-0.1,18.0
2026-01-02,079900,,0.3,-2.2,4.2,-3.0
2026-01-05,079900,,0.27,7.6,2.8,-9.8
2026-01-06,079900,,0.45,-5.3,-3.8,9.4
2026-01-07,079900,,0.25,1.1,-2.2,1.1
2026-01-08,079900,,0.27,-3.7,-5.7,9.3
2026-01-09,079900,,0.23,4.6,1.7,-6.3
2026-01-12,079900,,0.34,12.8,5.2,-18.1
2026-01-13,079900,,0.6,-10.9,-0.1,11.9
2026-01-14,079900,,0.35,-1.5,-0.6,1.8
2026-01-15,079900,,0.32,11.5,1.8,-13.4
2026-01-16,079900,,0.59,1.7,1.2,-3.5
2026-01-19,079900,,0.56,10.8,5.2,-16.2
2026-01-20,079900,,0.8,2.1,-0.3,-1.7
2026-01-21,079900,,0.75,-3.4,0.4,0.7
2026-01-22,079900,,0.68,4.1,-2.2,-1.0
2026-01-23,079900,,0.74,-17.2,0.7,16.9
2026-01-26,079900,,0.61,-4.6,0.7,3.3
2026-01-27,079900,,0.46,-6.7,-0.8,7.5
2026-01-28,079900,,0.35,0.4,-1.3,0.4
2026-01-29,079900,,0.35,7.4,0.6,-8.1
2026-01-30,079900,50600.0,0.44,-8.0,-2.0,9.9
2026-02-02,079900,,0.28,5.8,-3.7,-1.9
2026-02-03,079900,,0.4,3.0,-1.9,2.4
2026-02-04,079900,,0.42,11.4,-118.2,107.5
2026-02-05,079900,,0.47,-13.7,-1.3,17.7
2026-02-06,079900,,0.16,5.6,-3.5,3.1
2026-02-09,079900,,0.16,4.2,0.4,-2.9
2026-02-10,079900,,0.21,-5.9,1.1,4.6
2026-02-11,079900,,0.25,6.7,11.1,-18.0
2026-02-12,079900,,0.38,-6.3,-59.2,64.3
2026-02-13,079900,,0.19,8.5,-1.9,-2.3
2026-02-19,079900,,0.31,-1.1,-0.9,2.7
2026-02-20,079900,,0.29,-4.1,-0.2,4.9
2026-02-23,079900,,0.24,-0.4,-2.9,3.4
2026-02-24,079900,,0.19,-1.9,0.4,1.0
2026-02-25,079900,,0.16,-3.4,-0.1,3.5
2026-02-26,079900,,0.11,-5.0,-0.3,4.8
2026-02-27,079900,59900.0,0.07,2.1,0.0,-2.0
2026-03-03,079900,,0.15,5.5,2.1,-6.9
2026-03-04,079900,,0.3,16.4,-2.6,-13.9
2026-03-05,079900,,0.58,15.0,-3.7,-11.4
2026-03-06,079900,,0.76,-7.3,0.9,6.5
2026-03-09,079900,,0.63,1.4,-1.0,-0.4
2026-03-10,079900,,0.63,9.0,-1.1,-7.8
2026-03-11,079900,,0.8,4.9,-1.7,-4.7
2026-03-12,079900,,0.87,2.0,-0.2,-2.9
2026-03-13,079900,,0.87,-0.2,0.5,-0.4
2026-03-16,079900,,0.87,-3.0,-0.9,3.8
2026-03-17,079900,,0.83,-0.6,-1.0,2.0
2026-03-18,079900,,0.83,3.4,-2.3,-1.6
2026-03-19,079900,,0.87,-3.1,-0.6,3.5
2026-03-20,079900,,0.81,8.1,-0.3,-8.3
2026-03-23,079900,,0.96,-14.5,1.6,13.3
2026-03-24,079900,,0.68,-2.0,0.8,1.2
2026-03-25,079900,,0.67,4.8,-2.2,-2.6
2026-03-26,079900,,0.71,1.7,-17.2,15.5
2026-03-27,079900,,0.78,2.7,1.5,-4.2
2026-03-30,079900,,0.84,-1.3,1.9,-0.5
2026-03-31,079900,52700.0,0.82,-1.2,-1.6,2.8
2026-04-01,079900,,0.8,28.1,2.6,-29.8
2026-04-02,079900,,1.23,-28.1,4.7,23.1
2026-04-03,079900,,0.76,-6.9,1.1,5.8
2026-04-06,079900,,0.66,-1.4,-0.7,2.1
2026-04-07,079900,,0.63,-22.0,-3.3,21.8
2026-04-08,079900,,0.36,-2.9,-22.5,40.5
2026-04-09,079900,,0.56,8.8,5.1,-14.0
2026-04-10,079900,,0.58,-23.4,-25.4,51.6
2026-04-13,079900,,0.14,-0.7,-10.7,11.2
2026-04-14,079900,,0.18,-0.9,-5.1,5.2
2026-04-15,079900,,0.14,-0.2,-4.0,3.3
2026-04-16,079900,,0.13,14.0,-3.2,-10.9
2026-04-17,079900,,0.37,2.2,-0.7,-2.5
2026-04-20,079900,,0.38,-7.4,0.1,8.4
2026-04-21,079900,,0.21,4.5,-0.1,-6.7
2026-04-22,079900,,0.36,-8.4,0.8,7.7
2026-04-23,079900,,0.26,-5.6,-0.1,7.0
2026-04-24,079900,,0.15,3.0,-0.1,-1.3
2026-04-27,079900,,0.29,3.8,-0.0,-3.2
2026-04-28,079900,,0.38,-5.8,0.0,6.5
2026-04-29,079900,,0.18,0.6,0.5,0.9
2026-04-30,079900,64100.0,0.2,-10.2,-0.1,10.6
2026-05-04,079900,,0.05,2.1,-3.5,1.2
2026-05-06,079900,,0.09,16.1,-1.7,-13.3
2026-05-07,079900,,0.44,-14.8,-6.0,20.3
2026-05-08,079900,,0.37,-4.5,1.0,4.5
2026-05-11,079900,,0.33,-0.1,-0.1,-0.1
2026-05-12,079900,,0.28,-1.6,2.4,-0.8
2026-05-13,079900,,0.26,0.5,-1.3,0.8
2026-05-14,079900,,0.23,1.8,0.5,-2.1
2026-05-15,079900,,0.25,-11.1,-3.7,14.4
2026-05-18,079900,,0.12,-0.2,-0.7,1.6
2026-05-19,079900,,0.1,1.6,2.3,-3.8
2026-05-20,079900,,0.15,2.8,0.1,-3.1
2026-05-21,079900,,0.22,4.6,-3.8,-0.2
2026-05-22,079900,,0.27,-3.4,-3.2,7.0
2026-05-26,079900,,0.17,-3.4,-0.7,4.0
2026-05-27,079900,,0.06,0.5,0.2,0.0
2026-05-28,079900,,0.07,6.5,1.3,-7.6
2026-05-29,079900,60200.0,0.19,-6.4,-4.6,11.6
2026-06-01,079900,,0.09,-6.2,-0.2,6.1
2026-06-02,079900,,0.04,-0.7,0.3,0.4
2026-06-04,079900,,0.02,0.3,0.5,-0.9
2026-06-05,079900,,0.03,0.7,-1.7,0.8
2026-06-08,079900,,0.06,6.0,-1.5,-5.1
2026-06-09,079900,,0.17,2.9,-0.0,-2.8
2026-06-10,079900,,0.24,-1.7,-2.0,3.7
2026-06-11,079900,,0.21,-0.5,4.4,-3.8
2026-06-12,079900,,0.24,11.6,-7.7,-3.8
2026-06-15,079900,,0.4,-11.6,-2.1,13.4
2026-06-16,079900,,0.13,-9.4,-4.8,15.3
2026-06-17,079900,,0.03,-2.9,-2.5,5.5
2026-06-18,079900,,0.02,0.7,-0.6,-0.2
2026-06-19,079900,,0.0,8.8,-7.8,-0.9
2026-06-22,079900,,0.14,-0.0,-0.3,0.5
2026-06-23,079900,,0.14,6.4,-1.0,-5.6
2026-06-24,079900,,0.28,4.7,1.3,-6.8
2026-06-25,079900,,0.44,1.4,-1.8,-0.3
2026-06-26,079900,,0.45,1.5,0.9,-2.4
2026-06-29,079900,,0.49,14.5,-0.2,-14.5
2026-06-30,079900,39200.0,0.86,-1.0,0.5,0.8
2026-07-01,079900,,0.77,-2.2,-0.0,2.4
2026-07-02,079900,,0.65,-3.3,-0.2,3.5
2026-07-03,079900,,0.53,2.8,-0.2,-2.7
2026-07-06,079900,,0.64,0.7,-0.0,-0.9
2026-07-07,079900,,0.64,-6.1,-3.8,9.9
2026-07-08,079900,,0.45,2.3,-0.0,-2.3
2026-07-09,079900,,0.55,4.7,0.2,-4.9
2026-07-10,079900,,0.69,8.8,-0.1,-8.8
2026-07-13,079900,33400.0,0.86,0.7,-0.0,-0.7
2025-07-14,079940,,37.75,-3.8,3.8,1.5
2025-07-15,079940,,37.66,-0.8,0.0,1.1
2025-07-16,079940,,37.62,0.2,0.0,-0.2
2025-07-17,079940,,37.62,1.6,-0.0,-0.5
2025-07-18,079940,,37.66,-0.1,-0.0,-0.2
2025-07-21,079940,,37.69,-0.1,0.0,0.0
2025-07-22,079940,,37.66,0.5,-0.0,-0.8
2025-07-23,079940,,37.69,-0.9,-0.0,0.7
2025-07-24,079940,,37.66,-0.4,-0.0,-0.5
2025-07-25,079940,,37.66,0.3,-0.0,-0.4
2025-07-28,079940,,37.66,0.2,-0.0,-1.8
2025-07-29,079940,,37.69,0.9,1.3,-2.2
2025-07-30,079940,,37.72,-2.2,0.0,2.1
2025-07-31,079940,,37.69,0.4,-0.0,-0.4
2025-08-01,079940,,37.72,-0.6,0.1,1.3
2025-08-04,079940,,37.72,-0.0,0.0,0.4
2025-08-05,079940,,37.72,-0.4,-1.1,-0.5
2025-08-06,079940,,37.69,4.0,0.0,-3.1
2025-08-07,079940,,37.81,1.6,-0.4,-1.1
2025-08-08,079940,,37.88,0.6,-0.0,-0.5
2025-08-11,079940,,37.88,0.9,1.7,-2.6
2025-08-12,079940,,37.91,-2.2,-0.0,2.2
2025-08-13,079940,,37.84,-0.8,-0.7,0.5
2025-08-14,079940,,37.81,0.3,-0.0,-0.3
2025-08-18,079940,,37.78,4.8,1.5,-3.5
2025-08-19,079940,,37.94,-0.3,-0.0,0.3
2025-08-20,079940,,37.94,3.0,-2.4,-1.5
2025-08-21,079940,,38.03,1.0,1.3,-2.0
2025-08-22,079940,,38.09,2.0,0.0,-2.0
2025-08-25,079940,,38.19,0.2,0.0,-0.2
2025-08-26,079940,,38.19,4.3,0.0,-2.0
2025-08-27,079940,,38.31,2.3,0.0,-0.8
2025-08-28,079940,,38.38,6.5,0.0,-2.1
2025-08-29,079940,25000.0,38.59,2.9,0.0,0.8
2025-09-01,079940,,38.66,1.4,-0.0,-1.3
2025-09-02,079940,,38.69,2.4,0.1,-1.2
2025-09-03,079940,,38.78,-0.0,-0.0,0.1
2025-09-04,079940,,38.78,0.7,0.0,-0.5
2025-09-05,079940,,38.78,0.9,0.0,-0.9
2025-09-08,079940,,38.81,6.7,-0.1,-2.0
2025-09-09,079940,,39.0,1.3,-0.0,-0.0
2025-09-10,079940,,39.03,25.8,-0.6,-4.9
2025-09-11,079940,,39.72,8.7,-0.0,-9.1
2025-09-12,079940,,39.94,-1.6,0.7,9.4
2025-09-15,079940,,39.88,0.5,-0.1,-0.4
2025-09-16,079940,,39.91,7.5,3.8,-8.6
2025-09-17,079940,,40.09,-0.8,-0.0,0.9
2025-09-18,079940,,40.09,0.8,2.9,-3.7
2025-09-19,079940,,40.09,3.8,0.1,4.4
2025-09-22,079940,,40.19,-0.9,-0.0,0.9
2025-09-23,079940,,40.12,-0.2,-0.0,0.2
2025-09-24,079940,,40.12,-3.7,0.0,3.8
2025-09-25,079940,,40.03,0.3,1.1,-1.4
2025-09-26,079940,,40.03,-1.6,0.5,1.0
2025-09-29,079940,,40.0,-5.2,0.3,5.0
2025-09-30,079940,27150.0,39.88,0.4,-0.1,-0.4
2025-10-01,079940,,39.88,0.3,0.2,-0.5
2025-10-02,079940,,39.88,1.6,-0.2,-1.3
2025-10-10,079940,,39.94,0.4,0.2,-1.4
2025-10-13,079940,,39.94,0.6,0.0,-0.7
2025-10-14,079940,,39.97,0.4,-0.0,-0.4
2025-10-15,079940,,39.97,1.4,-1.5,0.2
2025-10-16,079940,,40.06,-2.8,-1.4,2.1
2025-10-17,079940,,40.03,0.5,-0.0,-0.6
2025-10-20,079940,,39.97,2.5,-1.8,-0.8
2025-10-21,079940,,40.06,1.1,-0.1,-1.2
2025-10-22,079940,,40.09,0.5,-1.7,1.2
2025-10-23,079940,,40.09,-0.0,1.2,-1.3
2025-10-24,079940,,40.09,1.4,0.2,-1.5
2025-10-27,079940,,40.12,1.9,-1.9,-0.0
2025-10-28,079940,,40.19,0.6,-1.5,0.9
2025-10-29,079940,,40.22,6.3,0.1,-6.4
2025-10-30,079940,,40.38,-0.0,-0.2,0.2
2025-10-31,079940,27100.0,40.38,-2.8,0.3,2.4
2025-11-03,079940,,40.31,-0.4,-1.0,1.3
2025-11-04,079940,,40.28,-5.2,-0.7,5.8
2025-11-05,079940,,40.16,-1.6,1.3,0.0
2025-11-06,079940,,40.12,-0.0,0.6,-0.5
2025-11-07,079940,,40.12,-1.7,0.4,1.2
2025-11-10,079940,,40.06,2.1,0.6,-2.6
2025-11-11,079940,,40.09,-1.4,0.1,1.2
2025-11-12,079940,,40.06,1.3,-0.1,-1.3
2025-11-13,079940,,40.12,3.9,0.6,1.8
2025-11-14,079940,,40.19,-8.0,-0.1,8.1
2025-11-17,079940,,39.88,-5.8,-0.5,5.6
2025-11-18,079940,,39.72,-2.8,3.7,-1.0
2025-11-19,079940,,39.66,-0.9,0.1,0.6
2025-11-20,079940,,39.62,2.1,0.1,-2.2
2025-11-21,079940,,39.69,2.1,0.0,-2.1
2025-11-24,079940,,39.75,4.9,-0.0,-4.8
2025-11-25,079940,,39.88,-6.8,35.2,-10.0
2025-11-26,079940,,39.72,-3.2,8.5,-5.1
2025-11-27,079940,,39.59,0.9,3.5,-4.0
2025-11-28,079940,32150.0,39.53,-11.4,7.0,4.4
2025-12-01,079940,,39.34,4.8,2.7,-7.4
2025-12-02,079940,,39.44,1.5,3.7,-4.9
2025-12-03,079940,,39.47,1.1,5.1,-6.0
2025-12-04,079940,,39.5,0.3,0.9,-1.1
2025-12-05,079940,,39.47,-2.8,3.3,-0.5
2025-12-08,079940,,39.38,4.5,-1.9,-2.5
2025-12-09,079940,,39.5,1.6,1.0,-2.6
2025-12-10,079940,,39.56,5.6,-0.3,-5.3
2025-12-11,079940,,39.69,-2.4,0.6,2.0
2025-12-12,079940,,39.62,-3.1,6.7,-3.2
2025-12-15,079940,,39.56,-2.1,0.5,1.6
2025-12-16,079940,,39.38,4.5,2.6,-7.2
2025-12-17,079940,,39.5,-1.1,0.5,0.8
2025-12-18,079940,,39.47,9.8,0.5,-10.2
2025-12-19,079940,,39.81,-4.1,0.6,3.6
2025-12-22,079940,,39.72,0.1,0.3,-0.4
2025-12-23,079940,,39.81,0.2,0.2,-0.4
2025-12-24,079940,,39.81,5.6,0.5,-6.0
2025-12-26,079940,,39.94,2.1,0.1,-2.3
2025-12-29,079940,,39.97,-1.1,0.4,0.7
2025-12-30,079940,32250.0,39.97,-0.3,0.0,0.3
2026-01-02,079940,,39.94,3.9,0.6,-4.5
2026-01-05,079940,,40.03,0.1,0.7,-0.6
2026-01-06,079940,,40.06,0.7,0.2,-0.9
2026-01-07,079940,,40.0,1.1,-0.1,-0.8
2026-01-08,079940,,38.94,0.1,0.4,-0.5
2026-01-09,079940,,40.03,-2.0,1.2,0.7
2026-01-12,079940,,39.97,0.2,0.0,-0.3
2026-01-13,079940,,40.0,0.0,-0.0,-0.0
2026-01-14,079940,,40.0,0.6,-0.1,-0.5
2026-01-15,079940,,40.0,0.2,0.2,-0.4
2026-01-16,079940,,40.34,0.1,-0.4,0.3
2026-01-19,079940,,40.34,2.4,-0.5,-1.9
2026-01-20,079940,,40.41,2.1,-0.5,-1.6
2026-01-21,079940,,40.47,-0.5,-0.1,0.5
2026-01-22,079940,,40.47,2.3,0.3,-3.1
2026-01-23,079940,,40.53,2.7,0.2,-3.0
2026-01-26,079940,,40.62,4.2,-1.2,-3.0
2026-01-27,079940,,40.72,1.0,-1.5,0.5
2026-01-28,079940,,40.75,2.1,-1.1,-1.0
2026-01-29,079940,,40.81,2.8,0.0,-2.9
2026-01-30,079940,33500.0,40.88,-5.8,-0.1,5.9
2026-02-02,079940,,40.72,0.6,1.2,-1.7
2026-02-03,079940,,40.78,-0.3,-0.0,0.3
2026-02-04,079940,,39.47,-1.1,0.1,1.0
2026-02-05,079940,,40.62,1.3,-0.1,-1.3
2026-02-06,079940,,40.66,-4.3,2.3,1.9
2026-02-09,079940,,40.56,-3.3,2.1,1.1
2026-02-10,079940,,40.47,0.1,0.5,-0.6
2026-02-11,079940,,40.47,-0.9,-1.0,1.9
2026-02-12,079940,,40.44,0.4,-1.0,1.5
2026-02-13,079940,,40.47,-1.4,0.2,0.5
2026-02-19,079940,,40.44,1.5,1.0,-2.7
2026-02-20,079940,,40.44,0.5,-0.6,0.4
2026-02-23,079940,,40.44,-0.4,-0.6,1.0
2026-02-24,079940,,40.44,-1.2,0.2,1.0
2026-02-25,079940,,40.38,-4.3,0.5,3.9
2026-02-26,079940,,40.22,-3.1,0.6,2.2
2026-02-27,079940,31900.0,40.12,3.1,-1.9,-2.9
2026-03-03,079940,,40.22,0.1,0.5,-0.3
2026-03-04,079940,,40.22,-1.4,0.0,1.0
2026-03-05,079940,,40.19,0.4,-0.3,-0.3
2026-03-06,079940,,40.19,-0.5,-0.0,0.5
2026-03-09,079940,,40.19,0.2,0.1,-0.3
2026-03-10,079940,,40.19,0.5,-0.1,-0.4
2026-03-11,079940,,40.19,-2.6,0.4,2.2
2026-03-12,079940,,40.06,-0.8,0.8,0.1
2026-03-13,079940,,40.03,-0.1,0.1,0.1
2026-03-16,079940,,40.03,-1.6,0.1,1.5
2026-03-17,079940,,40.0,-1.2,0.6,0.6
2026-03-18,079940,,39.94,-5.5,1.1,4.3
2026-03-19,079940,,39.78,-4.2,-1.7,5.9
2026-03-20,079940,,39.62,3.1,-0.6,-2.5
2026-03-23,079940,,39.72,-3.0,0.7,2.3
2026-03-24,079940,,39.59,-1.0,0.3,0.7
2026-03-25,079940,,39.53,0.5,-0.1,-0.4
2026-03-26,079940,,39.53,-0.3,0.1,0.2
2026-03-27,079940,,39.5,1.0,0.2,-1.3
2026-03-30,079940,,39.5,-0.3,0.2,0.0
2026-03-31,079940,25250.0,39.47,-0.8,-0.4,1.1
2026-04-01,079940,,39.44,4.3,0.8,-4.5
2026-04-02,079940,,39.59,0.3,-1.3,1.0
2026-04-03,079940,,39.66,-0.9,-0.1,1.0
2026-04-06,079940,,39.62,-0.0,-0.8,0.8
2026-04-07,079940,,39.81,0.8,-0.4,-0.4
2026-04-08,079940,,39.84,2.1,0.1,-2.2
2026-04-09,079940,,39.91,0.7,0.2,-0.9
2026-04-10,079940,,39.94,1.2,0.1,-1.4
2026-04-13,079940,,39.97,-0.1,-0.6,0.6
2026-04-14,079940,,39.94,0.4,0.1,-0.6
2026-04-15,079940,,39.97,0.8,-1.7,0.9
2026-04-16,079940,,39.97,-4.0,0.6,7.9
2026-04-17,079940,,39.88,-0.1,0.8,1.3
2026-04-20,079940,,39.88,-0.4,-0.6,0.9
2026-04-21,079940,,39.84,0.8,-0.6,-1.0
2026-04-22,079940,,39.91,0.8,-0.7,-0.4
2026-04-23,079940,,39.94,-0.9,0.0,0.7
2026-04-24,079940,,39.91,0.4,-0.4,0.0
2026-04-27,079940,,39.91,-0.9,-1.2,2.0
2026-04-28,079940,,39.84,-1.1,-2.3,2.5
2026-04-29,079940,,39.81,-0.4,-0.1,0.3
2026-04-30,079940,30050.0,39.78,0.1,-0.1,-0.9
2026-05-04,079940,,39.78,5.0,-0.5,-5.3
2026-05-06,079940,,39.91,0.8,-0.5,-1.2
2026-05-07,079940,,39.94,4.5,-1.2,-3.7
2026-05-08,079940,,40.06,-0.2,0.0,-0.5
2026-05-11,079940,,40.03,1.4,-0.3,-2.9
2026-05-12,079940,,40.06,1.6,-0.3,-2.2
2026-05-13,079940,,40.06,2.6,-0.6,-2.2
2026-05-14,079940,,40.12,0.6,-0.1,-1.8
2026-05-15,079940,,40.12,-3.4,0.6,-0.0
2026-05-18,079940,,40.03,-0.7,-0.2,0.3
2026-05-19,079940,,40.0,-2.1,0.1,0.4
2026-05-20,079940,,40.0,-4.6,0.2,-1.4
2026-05-21,079940,,39.88,-1.6,-0.3,0.2
2026-05-22,079940,,39.88,0.2,-0.3,-0.6
2026-05-26,079940,,39.88,-1.4,-0.9,2.5
2026-05-27,079940,,39.84,4.5,0.2,-5.0
2026-05-28,079940,,40.0,0.9,-0.9,-0.5
2026-05-29,079940,31650.0,40.0,0.9,-0.8,-0.0
2026-06-01,079940,,40.03,1.1,0.2,-1.2
2026-06-02,079940,,40.06,0.1,-0.2,-0.1
2026-06-04,079940,,40.06,1.6,0.1,-1.9
2026-06-05,079940,,40.12,0.5,-0.0,-0.4
2026-06-08,079940,,40.12,0.7,0.0,-0.7
2026-06-09,079940,,40.12,0.5,0.0,-0.5
2026-06-10,079940,,40.12,-0.1,0.0,0.1
2026-06-11,079940,,40.12,0.3,-0.3,-0.0
2026-06-12,079940,,40.16,1.2,-0.4,-0.6
2026-06-15,079940,,40.19,0.7,-3.7,2.5
2026-06-16,079940,,40.16,0.6,-1.0,0.3
2026-06-17,079940,,40.16,1.0,-0.7,-0.5
2026-06-18,079940,,40.22,0.5,-0.3,-0.3
2026-06-19,079940,,40.22,-0.4,-0.1,0.4
2026-06-22,079940,,40.19,-0.3,-0.1,0.3
2026-06-23,079940,,40.19,-2.4,0.1,1.4
2026-06-24,079940,,40.12,-1.5,-0.3,1.1
2026-06-25,079940,,40.09,0.9,0.1,-2.2
2026-06-26,079940,,40.12,-0.4,-0.0,-1.0
2026-06-29,079940,,40.09,0.8,0.1,-0.9
2026-06-30,079940,29650.0,40.16,0.3,-0.1,-0.6
2026-07-01,079940,,40.12,-0.5,0.0,-1.0
2026-07-02,079940,,40.12,-0.8,-0.0,0.3
2026-07-03,079940,,40.09,0.5,0.4,-1.0
2026-07-06,079940,,40.09,-0.1,0.0,0.1
2026-07-07,079940,,40.09,-0.4,0.4,-0.6
2026-07-08,079940,,40.12,-0.3,-0.0,0.3
2026-07-09,079940,,40.09,0.1,-0.0,-0.0
2026-07-10,079940,,40.09,0.9,0.0,-0.9
2026-07-13,079940,30950.0,40.12,-1.0,-0.0,0.9
2025-07-14,079950,,0.96,0.6,,-0.6
2025-07-15,079950,,1.34,-0.2,,0.2
2025-07-16,079950,,1.19,-0.0,,0.0
2025-07-17,079950,,1.16,0.2,,-0.2
2025-07-18,079950,,1.3,0.1,,-0.1
2025-07-21,079950,,1.34,-0.1,,0.1
2025-07-22,079950,,1.27,-0.0,,0.0
2025-07-23,079950,,1.25,-0.1,,0.1
2025-07-24,079950,,1.19,-0.0,,0.0
2025-07-25,079950,,1.17,0.1,,-0.0
2025-07-28,079950,,1.2,-0.0,,0.0
2025-07-29,079950,,1.2,0.0,,-0.0
2025-07-30,079950,,1.2,0.0,,-0.0
2025-07-31,079950,,1.2,-0.0,,0.0
2025-08-01,079950,,1.19,-0.0,,0.0
2025-08-04,079950,,1.19,0.1,,-0.1
2025-08-05,079950,,1.24,0.0,,-0.0
2025-08-06,079950,,1.24,0.0,,-0.0
2025-08-07,079950,,1.24,0.0,,0.1
2025-08-08,079950,,1.25,-0.0,,0.0
2025-08-11,079950,,1.24,0.0,,-0.0
2025-08-12,079950,,1.26,-0.0,,0.0
2025-08-13,079950,,1.25,0.0,,0.1
2025-08-14,079950,,1.3,0.2,,-0.2
2025-08-18,079950,,1.42,-0.0,,0.0
2025-08-19,079950,,1.4,-0.0,,0.0
2025-08-20,079950,,1.38,0.1,,-0.1
2025-08-21,079950,,1.43,-0.0,,0.0
2025-08-22,079950,,1.42,-0.0,,0.0
2025-08-25,079950,,1.42,-0.0,,0.0
2025-08-26,079950,,1.41,0.1,,-0.1
2025-08-27,079950,,1.47,-0.0,,0.0
2025-08-28,079950,,1.44,0.0,,-0.0
2025-08-29,079950,627.0,1.46,-0.0,,0.0
2025-09-01,079950,,1.46,0.0,,-0.0
2025-09-02,079950,,1.46,0.0,,-0.0
2025-09-03,079950,,1.47,-0.0,,0.0
2025-09-04,079950,,1.45,-0.0,,0.0
2025-09-05,079950,,1.45,-0.0,,0.0
2025-09-08,079950,,1.45,-0.0,,0.0
2025-09-09,079950,,1.43,-0.0,,0.0
2025-09-10,079950,,1.43,0.0,,-0.0
2025-09-11,079950,,1.46,0.0,,-0.0
2025-09-12,079950,,1.46,-0.1,,0.1
2025-09-15,079950,,1.42,-0.1,,0.0
2025-09-16,079950,,1.37,-0.0,,0.0
2025-09-17,079950,,1.36,-0.0,,0.0
2025-09-18,079950,,1.36,0.0,,-0.0
2025-09-19,079950,,1.36,0.0,,-0.0
2025-09-22,079950,,1.36,-0.1,,0.1
2025-09-23,079950,,1.25,-0.2,,0.2
2025-09-24,079950,,1.08,0.0,,-0.0
2025-09-25,079950,,1.09,-0.1,,0.1
2025-09-26,079950,,1.1,0.3,,-0.3
2025-09-29,079950,,1.34,0.3,,-0.3
2025-09-30,079950,549.0,1.53,-0.1,,0.1
2025-10-01,079950,,1.46,-0.1,,0.4
2025-10-02,079950,,1.36,0.1,,0.4
2025-10-10,079950,,1.46,-0.2,,0.3
2025-10-13,079950,,1.28,-0.0,,0.2
2025-10-14,079950,,1.24,0.0,,0.3
2025-10-15,079950,,1.25,-0.1,,0.2
2025-10-16,079950,,1.18,0.1,,0.7
2025-10-17,079950,,1.24,-0.1,,0.2
2025-10-20,079950,,1.12,0.0,,0.2
2025-10-21,079950,,1.12,0.2,,0.7
2025-10-22,079950,,1.31,0.1,,0.4
2025-10-23,079950,,1.4,0.0,,0.2
2025-10-24,079950,,1.42,0.0,,0.7
2025-10-27,079950,,1.46,-0.0,,0.9
2025-10-28,079950,,1.45,-0.0,,0.0
2025-10-29,079950,,1.43,-0.0,,0.0
2025-10-30,079950,,1.4,-0.2,,0.2
2025-10-31,079950,504.0,1.27,0.0,,-0.0
2025-11-03,079950,,1.27,0.1,,-0.1
2025-11-04,079950,,1.36,0.4,,-0.4
2025-11-05,079950,,1.66,-0.0,,0.1
2025-11-06,079950,,1.69,0.1,,-0.1
2025-11-07,079950,,1.79,-0.5,,0.5
2025-11-10,079950,,1.37,0.1,,-0.1
2025-11-11,079950,,1.48,-0.1,,0.1
2025-11-12,079950,,1.4,0.0,,-0.0
2025-11-13,079950,,1.4,0.0,,-0.0
2025-11-14,079950,,1.41,-0.2,,0.1
2025-11-17,079950,,1.27,0.1,,-0.1
2025-11-18,079950,,1.34,-0.1,,0.2
2025-11-19,079950,,1.27,,,
2025-11-20,079950,,1.27,,,
2025-11-21,079950,,1.27,,,
2025-11-24,079950,,1.27,,,
2025-11-25,079950,,1.27,,,
2025-11-26,079950,,1.27,,,
2025-11-27,079950,,1.27,,,
2025-11-28,079950,490.0,1.27,,,
2025-12-01,079950,,1.27,,,
2025-12-02,079950,,1.27,,,
2025-12-03,079950,,1.27,,,
2025-12-04,079950,,1.27,,,
2025-12-05,079950,,1.27,,,
2025-12-08,079950,,1.27,,,
2025-12-09,079950,,1.27,,,
2025-12-10,079950,,1.27,,,
2025-12-11,079950,,1.27,,,
2025-12-12,079950,,0.93,-0.1,-0.0,0.1
2025-12-15,079950,,0.57,-0.0,,0.0
2025-12-16,079950,,0.55,0.2,,-0.2
2025-12-17,079950,,0.76,-0.1,,0.1
2025-12-18,079950,,0.39,-0.0,,0.0
2025-12-19,079950,,0.37,0.0,0.0,-0.0
2025-12-22,079950,,0.44,0.3,0.0,-0.3
2025-12-23,079950,,0.8,-0.0,-0.0,0.0
2025-12-24,079950,,0.76,-0.0,,0.0
2025-12-26,079950,,0.74,0.0,,-0.5
2025-12-29,079950,,0.76,0.9,-0.0,-0.3
2025-12-30,079950,1193.0,1.89,-0.2,,0.2
2026-01-02,079950,,1.62,-1.0,,1.1
2026-01-05,079950,,0.53,0.3,,-0.7
2026-01-06,079950,,1.16,-1.2,,1.7
2026-01-07,079950,,0.44,0.1,,-0.9
2026-01-08,079950,,0.53,1.0,,-1.1
2026-01-09,079950,,1.0,,,
2026-01-12,079950,,1.0,-0.1,,-0.0
2026-01-13,079950,,0.98,-1.9,,6.4
2026-01-14,079950,,0.6,,,
2026-01-15,079950,,0.53,-0.4,,0.5
2026-01-16,079950,,0.51,0.9,,-1.0
2026-01-19,079950,,0.91,0.4,,-0.1
2026-01-20,079950,,1.47,0.5,,-0.6
2026-01-21,079950,,2.25,1.7,,-1.7
2026-01-22,079950,,3.18,1.2,,-1.2
2026-01-23,079950,,3.83,0.2,,-0.2
2026-01-26,079950,,3.97,0.8,,-0.8
2026-01-27,079950,,4.39,-0.7,,0.6
2026-01-28,079950,,3.69,-0.4,,0.4
2026-01-29,079950,,3.51,0.3,,-0.3
2026-01-30,079950,3110.0,3.36,-1.5,,1.4
2026-02-02,079950,,2.6,0.8,,-0.8
2026-02-03,079950,,3.16,0.3,,-0.3
2026-02-04,079950,,3.53,-0.9,,0.9
2026-02-05,079950,,3.28,-0.4,,0.4
2026-02-06,079950,,3.14,0.6,,-0.7
2026-02-09,079950,,3.62,0.2,,-0.2
2026-02-10,079950,,3.83,-2.1,,2.0
2026-02-11,079950,,2.61,-0.3,,0.3
2026-02-12,079950,,2.4,0.2,-0.3,0.2
2026-02-13,079950,,2.73,1.3,-0.3,-1.1
2026-02-19,079950,,3.82,4.4,-7.5,3.2
2026-02-20,079950,,8.26,0.6,-0.4,-0.3
2026-02-23,079950,,7.53,1.1,-0.0,-1.1
2026-02-24,079950,,8.22,-0.6,,0.6
2026-02-25,079950,,8.0,0.2,,-0.2
2026-02-26,079950,,8.08,-1.2,,1.3
2026-02-27,079950,1437.0,7.48,0.7,,-0.8
2026-03-03,079950,,7.87,0.4,,-0.4
2026-03-04,079950,,8.06,1.2,,-1.2
2026-03-05,079950,,8.81,1.4,,-1.4
2026-03-06,079950,,9.6,-0.0,0.0,0.0
2026-03-09,079950,,9.59,-0.2,,0.1
2026-03-10,079950,,9.43,0.7,,-0.7
2026-03-11,079950,,9.93,-1.6,,1.8
2026-03-12,079950,,9.04,-8.9,,8.9
2026-03-13,079950,,4.54,1.1,-0.5,-0.6
2026-03-16,079950,,5.17,0.5,,-0.5
2026-03-17,079950,,5.5,1.9,,-1.7
2026-03-18,079950,,6.47,-9.7,,9.5
2026-03-19,079950,,2.71,-1.9,,1.9
2026-03-20,079950,,1.9,0.8,,-1.4
2026-03-23,079950,,2.3,0.2,,-0.1
2026-03-24,079950,,2.62,2.1,,-1.7
2026-03-25,079950,,3.57,0.5,,-0.4
2026-03-26,079950,,4.18,-0.4,,0.5
2026-03-27,079950,,3.89,0.1,,-0.1
2026-03-30,079950,,3.96,0.0,,0.0
2026-03-31,079950,1020.0,3.97,-0.1,,0.1
2026-04-01,079950,,3.9,0.2,,-0.3
2026-04-02,079950,,4.07,-0.7,0.0,0.7
2026-04-03,079950,,3.56,0.2,,-0.2
2026-04-06,079950,,3.73,-0.3,,0.3
2026-04-07,079950,,3.48,0.3,,-0.3
2026-04-08,079950,,3.65,0.8,,-0.8
2026-04-09,079950,,4.2,-0.3,,0.2
2026-04-10,079950,,4.02,0.6,,-0.6
2026-04-13,079950,,4.47,-0.3,,0.3
2026-04-14,079950,,4.24,0.2,,-0.3
2026-04-15,079950,,4.37,-1.7,,1.7
2026-04-16,079950,,3.22,0.4,,-0.3
2026-04-17,079950,,3.52,-1.0,,1.0
2026-04-20,079950,,3.04,0.5,,-0.6
2026-04-21,079950,,3.34,-0.4,,0.0
2026-04-22,079950,,3.11,-0.8,,0.9
2026-04-23,079950,,2.69,0.3,-0.0,-0.2
2026-04-24,079950,,2.85,0.5,,-0.5
2026-04-27,079950,,3.42,-0.0,,0.1
2026-04-28,079950,,3.41,-0.1,,0.2
2026-04-29,079950,,3.29,-0.1,,0.1
2026-04-30,079950,1110.0,3.25,0.6,,-0.6
2026-05-04,079950,,3.66,0.3,-0.0,-0.3
2026-05-06,079950,,3.85,-0.3,0.0,0.3
2026-05-07,079950,,3.62,-0.1,-0.0,0.1
2026-05-08,079950,,3.56,0.0,0.0,-0.0
2026-05-11,079950,,3.58,0.0,-0.0,0.0
2026-05-12,079950,,3.59,-0.2,-0.0,0.2
2026-05-13,079950,,3.47,0.0,0.0,-0.0
2026-05-14,079950,,3.47,0.3,-0.0,-0.3
2026-05-15,079950,,3.76,-0.6,-0.0,0.7
2026-05-18,079950,,3.32,0.2,-0.0,-0.2
2026-05-19,079950,,3.45,0.1,-0.0,-0.1
2026-05-20,079950,,3.5,0.3,-0.0,-0.4
2026-05-21,079950,,3.75,1.1,-0.0,-1.2
2026-05-22,079950,,4.5,-0.8,0.0,0.9
2026-05-26,079950,,4.04,0.7,-0.0,-0.8
2026-05-27,079950,,4.51,-0.2,0.0,0.2
2026-05-28,079950,,3.91,-0.1,0.0,0.1
2026-05-29,079950,897.0,3.8,-0.5,0.0,0.4
2026-06-01,079950,,3.46,-0.1,0.0,0.1
2026-06-02,079950,,3.5,0.2,-0.0,-0.2
2026-06-04,079950,,3.68,0.1,-0.0,-0.2
2026-06-05,079950,,3.55,-0.2,-0.0,0.2
2026-06-08,079950,,3.28,0.1,-0.0,-0.2
2026-06-09,079950,,3.39,0.2,0.0,-0.2
2026-06-10,079950,,3.53,-0.1,-0.0,0.1
2026-06-11,079950,,3.32,0.0,-0.0,-0.0
2026-06-12,079950,,3.35,0.2,0.0,-0.2
2026-06-15,079950,,3.46,-0.1,,0.1
2026-06-16,079950,,3.4,0.3,-0.0,-0.3
2026-06-17,079950,,3.59,0.0,0.0,-0.0
2026-06-18,079950,,3.59,0.1,-0.0,-0.0
2026-06-19,079950,,3.64,0.5,-0.0,-0.7
2026-06-22,079950,,3.95,-0.7,0.0,0.6
2026-06-23,079950,,3.48,-0.5,-0.0,0.5
2026-06-24,079950,,3.12,-0.0,0.0,0.0
2026-06-25,079950,,3.09,-0.1,-0.0,0.1
2026-06-26,079950,,3.02,-0.1,-0.0,0.2
2026-06-29,079950,,2.96,-0.0,-0.0,0.1
2026-06-30,079950,1020.0,2.94,0.0,0.0,0.0
2026-07-01,079950,,2.95,-0.0,-0.0,0.0
2026-07-02,079950,,2.93,-0.1,0.1,0.0
2026-07-03,079950,,2.87,0.0,-0.0,-0.0
2026-07-06,079950,,2.88,0.0,-0.0,0.0
2026-07-07,079950,,2.89,0.0,-0.0,-0.0
2026-07-08,079950,,2.96,-0.1,-0.0,0.1
2026-07-09,079950,,2.92,-0.1,0.0,0.1
2026-07-10,079950,,2.87,0.0,-0.0,-0.0
2026-07-13,079950,860.0,2.88,0.1,-0.0,-0.1
2025-07-14,079960,,7.81,-0.1,0.9,-0.8
2025-07-15,079960,,7.81,-1.3,-0.0,1.3
2025-07-16,079960,,7.82,-1.0,0.8,-2.4
2025-07-17,079960,,7.77,0.2,-0.1,-1.4
2025-07-18,079960,,7.78,-1.9,0.2,0.5
2025-07-21,079960,,7.69,-0.4,-0.1,-0.1
2025-07-22,079960,,7.67,0.7,-0.1,-2.5
2025-07-23,079960,,7.71,2.6,0.2,-2.2
2025-07-24,079960,,7.83,1.3,0.6,-2.0
2025-07-25,079960,,7.89,-3.8,-0.0,3.7
2025-07-28,079960,,7.72,-3.8,-0.0,3.7
2025-07-29,079960,,7.53,-0.7,-0.0,0.3
2025-07-30,079960,,7.5,-0.3,-0.9,0.7
2025-07-31,079960,,7.49,0.5,-1.0,0.5
2025-08-01,079960,,7.51,2.4,-0.0,-2.5
2025-08-04,079960,,7.64,5.9,-0.1,-6.1
2025-08-05,079960,,7.95,2.1,-1.1,-1.0
2025-08-06,079960,,8.06,-0.2,-0.0,0.5
2025-08-07,079960,,8.05,-0.4,-0.0,0.3
2025-08-08,079960,,8.03,-1.0,-0.0,1.0
2025-08-11,079960,,7.98,2.6,-0.1,-2.5
2025-08-12,079960,,8.11,1.6,-0.0,-1.5
2025-08-13,079960,,8.19,1.5,-0.5,-4.0
2025-08-14,079960,,8.27,-2.0,0.0,-1.5
2025-08-18,079960,,8.16,1.4,-0.0,-4.8
2025-08-19,079960,,8.24,0.1,-0.0,-0.9
2025-08-20,079960,,8.25,-2.8,0.1,2.7
2025-08-21,079960,,8.09,-1.6,-0.0,1.6
2025-08-22,079960,,7.99,0.3,-0.7,-1.2
2025-08-25,079960,,8.02,0.1,-0.9,0.8
2025-08-26,079960,,8.03,2.1,-0.0,-3.8
2025-08-27,079960,,8.15,-3.1,-0.0,2.9
2025-08-28,079960,,7.98,-0.6,-0.0,0.5
2025-08-29,079960,21600.0,7.94,-1.2,-0.0,1.1
2025-09-01,079960,,7.87,1.3,-0.0,-1.4
2025-09-02,079960,,7.94,-0.4,-0.0,0.4
2025-09-03,079960,,7.92,-1.3,0.0,1.4
2025-09-04,079960,,7.85,-0.9,-0.0,0.8
2025-09-05,079960,,7.8,-1.1,-0.0,1.0
2025-09-08,079960,,7.74,-0.8,-0.0,0.8
2025-09-09,079960,,7.69,-0.9,-0.1,1.0
2025-09-10,079960,,7.64,-0.4,-0.2,0.4
2025-09-11,079960,,7.62,0.0,-0.1,-0.0
2025-09-12,079960,,7.62,0.3,-0.1,-0.4
2025-09-15,079960,,7.73,0.1,-0.2,0.1
2025-09-16,079960,,7.74,-1.5,-0.2,1.6
2025-09-17,079960,,7.66,-0.5,-0.1,0.6
2025-09-18,079960,,7.63,-0.2,-0.1,0.3
2025-09-19,079960,,7.62,-0.4,-0.1,0.7
2025-09-22,079960,,7.6,-0.3,-0.2,0.4
2025-09-23,079960,,7.58,-0.1,-0.1,0.8
2025-09-24,079960,,7.58,-0.8,-0.0,0.8
2025-09-25,079960,,7.53,1.2,-0.0,-0.5
2025-09-26,079960,,7.6,1.4,-0.1,-1.4
2025-09-29,079960,,7.69,0.5,-0.1,-0.4
2025-09-30,079960,21200.0,7.72,-1.4,0.5,1.1
2025-10-01,079960,,7.63,-0.1,-0.1,0.1
2025-10-02,079960,,7.63,-0.7,-0.1,0.9
2025-10-10,079960,,7.58,-0.1,-0.0,0.2
2025-10-13,079960,,7.73,-0.9,-0.0,0.9
2025-10-14,079960,,7.67,-0.7,-0.0,0.7
2025-10-15,079960,,7.63,1.0,-0.0,-0.9
2025-10-16,079960,,7.69,-0.5,-0.0,0.6
2025-10-17,079960,,7.65,-0.3,-0.0,0.3
2025-10-20,079960,,7.63,0.0,0.2,-0.2
2025-10-21,079960,,7.63,-0.3,0.5,-0.3
2025-10-22,079960,,7.62,0.2,0.1,-0.3
2025-10-23,079960,,7.59,0.8,-0.2,0.1
2025-10-24,079960,,7.64,-0.7,0.2,0.6
2025-10-27,079960,,7.6,-0.3,-0.7,1.3
2025-10-28,079960,,7.58,-0.0,-0.0,0.1
2025-10-29,079960,,7.58,0.4,0.1,-0.5
2025-10-30,079960,,7.6,-0.5,-0.5,1.3
2025-10-31,079960,21400.0,7.57,0.2,0.0,-0.3
2025-11-03,079960,,7.58,1.7,0.6,-2.3
2025-11-04,079960,,7.69,-0.0,-0.4,1.3
2025-11-05,079960,,7.69,0.2,-0.2,-0.1
2025-11-06,079960,,7.7,1.1,0.3,-1.3
2025-11-07,079960,,7.76,0.3,-0.2,-0.1
2025-11-10,079960,,7.78,1.4,0.2,-1.3
2025-11-11,079960,,7.76,1.4,-0.1,-1.0
2025-11-12,079960,,7.84,0.9,-0.1,-0.8
2025-11-13,079960,,7.9,-0.1,0.3,-0.2
2025-11-14,079960,,7.89,3.4,1.8,-5.0
2025-11-17,079960,,8.07,-2.7,-1.2,4.6
2025-11-18,079960,,7.95,-3.8,0.0,3.6
2025-11-19,079960,,7.74,-2.1,0.3,2.7
2025-11-20,079960,,7.62,10.0,3.4,-14.4
2025-11-21,079960,,8.13,-2.2,0.1,1.5
2025-11-24,079960,,8.02,-3.2,-0.1,3.3
2025-11-25,079960,,7.85,-1.0,1.4,-0.3
2025-11-26,079960,,7.8,0.1,0.9,-0.6
2025-11-27,079960,,7.8,-5.1,0.7,4.2
2025-11-28,079960,24400.0,7.54,-0.7,-0.0,0.5
2025-12-01,079960,,7.5,-0.2,0.9,-0.8
2025-12-02,079960,,7.49,-0.3,-0.1,0.3
2025-12-03,079960,,7.47,-0.4,-0.2,0.5
2025-12-04,079960,,7.45,-0.0,-0.1,0.1
2025-12-05,079960,,7.45,0.6,-1.9,1.3
2025-12-08,079960,,7.49,-0.7,0.1,2.9
2025-12-09,079960,,7.45,1.9,-0.3,-1.9
2025-12-10,079960,,7.55,-0.3,-0.3,0.6
2025-12-11,079960,,7.53,2.8,-1.6,-1.7
2025-12-12,079960,,7.68,-0.6,-0.4,1.4
2025-12-15,079960,,7.65,-1.7,0.2,1.6
2025-12-16,079960,,7.56,0.1,-0.1,-0.1
2025-12-17,079960,,7.57,-0.2,0.2,-0.3
2025-12-18,079960,,7.56,-0.8,0.7,0.0
2025-12-19,079960,,7.37,0.5,0.1,-0.6
2025-12-22,079960,,7.39,0.2,0.1,0.1
2025-12-23,079960,,7.4,-2.0,-0.2,3.2
2025-12-24,079960,,7.25,-0.0,-0.0,-0.3
2025-12-26,079960,,7.25,-2.4,-0.1,2.2
2025-12-29,079960,,6.84,-1.5,0.0,1.6
2025-12-30,079960,25550.0,6.77,0.1,0.0,-0.7
2026-01-02,079960,,6.76,-0.2,0.2,-2.1
2026-01-05,079960,,6.75,1.1,-0.2,-2.4
2026-01-06,079960,,6.85,0.2,-0.2,-0.7
2026-01-07,079960,,7.04,-0.2,-0.1,-1.9
2026-01-08,079960,,7.03,-0.4,0.0,0.3
2026-01-09,079960,,7.01,-0.0,-0.1,-0.7
2026-01-12,079960,,7.0,1.5,0.1,-2.5
2026-01-13,079960,,7.08,-1.1,-0.2,0.8
2026-01-14,079960,,7.32,6.4,-0.3,-4.9
2026-01-15,079960,,7.63,-1.5,0.6,1.1
2026-01-16,079960,,7.56,-2.3,0.7,3.1
2026-01-19,079960,,7.46,-4.5,-0.7,5.1
2026-01-20,079960,,7.26,-1.7,0.7,0.7
2026-01-21,079960,,7.18,-0.2,-2.3,2.0
2026-01-22,079960,,7.18,-1.0,0.2,1.2
2026-01-23,079960,,7.13,1.1,0.2,-1.1
2026-01-26,079960,,7.18,3.8,0.3,-5.2
2026-01-27,079960,,7.34,1.5,0.2,-1.5
2026-01-28,079960,,7.41,-5.1,-0.8,6.0
2026-01-29,079960,,7.19,2.7,-0.7,-2.4
2026-01-30,079960,31400.0,7.29,-2.0,0.2,2.8
2026-02-02,079960,,7.21,-0.8,-0.2,1.0
2026-02-03,079960,,7.18,1.0,0.0,-1.0
2026-02-04,079960,,7.22,1.9,0.3,-2.3
2026-02-05,079960,,7.3,-2.7,-0.6,3.2
2026-02-06,079960,,7.19,-0.1,-0.4,0.6
2026-02-09,079960,,7.18,2.8,0.1,-2.3
2026-02-10,079960,,7.29,0.4,0.1,-1.1
2026-02-11,079960,,7.31,-1.0,0.1,1.0
2026-02-12,079960,,7.27,-1.1,2.2,-2.0
2026-02-13,079960,,7.23,-3.2,1.2,2.1
2026-02-19,079960,,7.11,1.5,-0.2,-0.5
2026-02-20,079960,,7.16,-2.8,-0.3,2.1
2026-02-23,079960,,7.06,1.4,-0.6,-0.8
2026-02-24,079960,,7.11,-1.9,-0.9,2.9
2026-02-25,079960,,7.04,-3.8,0.0,3.8
2026-02-26,079960,,6.9,1.1,0.1,-2.4
2026-02-27,079960,33000.0,6.94,-1.6,-0.8,2.3
2026-03-03,079960,,6.88,3.6,-0.8,-1.4
2026-03-04,079960,,7.03,6.4,-0.7,-6.7
2026-03-05,079960,,7.32,1.5,-1.2,0.4
2026-03-06,079960,,7.39,0.5,-1.4,0.7
2026-03-09,079960,,7.41,1.1,0.0,-1.4
2026-03-10,079960,,7.46,-0.4,-0.0,0.4
2026-03-11,079960,,7.39,5.0,-0.1,-3.8
2026-03-12,079960,,7.58,-5.4,-0.6,6.1
2026-03-13,079960,,7.37,2.6,0.2,-3.2
2026-03-16,079960,,7.47,-0.3,-0.0,0.4
2026-03-17,079960,,7.46,2.7,0.2,-2.6
2026-03-18,079960,,7.59,-0.7,-0.2,0.9
2026-03-19,079960,,7.28,-3.0,-0.9,3.9
2026-03-20,079960,,7.16,2.3,0.1,-2.3
2026-03-23,079960,,7.25,-1.3,0.0,1.4
2026-03-24,079960,,7.19,0.1,0.4,-0.5
2026-03-25,079960,,7.2,4.4,-0.2,-4.2
2026-03-26,079960,,7.39,-0.5,-0.3,1.2
2026-03-27,079960,,7.36,-0.6,0.1,0.1
2026-03-30,079960,,7.34,0.3,0.2,-0.1
2026-03-31,079960,26700.0,7.35,1.8,-0.2,-1.5
2026-04-01,079960,,7.44,1.4,-0.4,-0.6
2026-04-02,079960,,7.5,0.4,0.2,-1.1
2026-04-03,079960,,7.53,0.4,-0.8,0.3
2026-04-06,079960,,7.54,-1.6,-0.3,2.0
2026-04-07,079960,,7.47,1.5,-1.3,0.3
2026-04-08,079960,,7.54,1.0,0.3,-1.2
2026-04-09,079960,,7.58,-1.0,-0.8,1.7
2026-04-10,079960,,7.54,1.5,-0.0,-1.4
2026-04-13,079960,,7.61,-0.2,-0.1,0.4
2026-04-14,079960,,7.6,2.3,-0.2,-2.1
2026-04-15,079960,,7.7,-3.2,-0.2,3.6
2026-04-16,079960,,7.55,-0.3,-0.1,0.3
2026-04-17,079960,,7.54,-1.0,0.0,0.9
2026-04-20,079960,,7.5,-0.6,-0.2,1.0
2026-04-21,079960,,7.47,-1.2,0.2,1.4
2026-04-22,079960,,7.42,-8.9,0.1,9.8
2026-04-23,079960,,7.06,-0.2,-0.3,0.5
2026-04-24,079960,,7.06,-0.0,-0.4,0.3
2026-04-27,079960,,7.1,0.6,0.2,-0.8
2026-04-28,079960,,7.12,0.8,-0.2,-0.5
2026-04-29,079960,,7.15,7.9,-0.2,-4.4
2026-04-30,079960,34000.0,7.45,-1.7,0.2,1.4
2026-05-04,079960,,7.39,3.0,-0.3,-7.3
2026-05-06,079960,,7.5,5.4,-1.6,-3.9
2026-05-07,079960,,7.68,-0.7,0.2,1.0
2026-05-08,079960,,7.66,0.1,0.0,-0.1
2026-05-11,079960,,7.66,6.3,0.4,-6.5
2026-05-12,079960,,7.89,8.7,-0.6,-5.2
2026-05-13,079960,,8.2,-1.9,-1.1,2.4
2026-05-14,079960,,8.13,-5.4,-2.9,8.1
2026-05-15,079960,,7.93,-17.3,6.6,11.5
2026-05-18,079960,,7.05,1.5,-0.7,-1.0
2026-05-19,079960,,7.12,1.4,-0.5,-1.3
2026-05-20,079960,,7.2,2.2,-0.4,-1.9
2026-05-21,079960,,7.34,-1.2,-0.8,2.1
2026-05-22,079960,,7.27,1.1,-1.0,-0.1
2026-05-26,079960,,7.33,-2.9,-1.2,4.1
2026-05-27,079960,,7.18,-1.2,-0.1,1.2
2026-05-28,079960,,7.12,2.2,0.0,-2.1
2026-05-29,079960,22200.0,7.24,-0.7,-1.6,2.5
2026-06-01,079960,,7.2,1.1,0.4,-1.5
2026-06-02,079960,,7.27,1.4,-0.4,-1.3
2026-06-04,079960,,7.36,-0.1,0.0,0.1
2026-06-05,079960,,7.35,-2.1,-0.0,2.2
2026-06-08,079960,,7.23,-1.7,0.0,1.7
2026-06-09,079960,,7.12,-0.0,0.1,-0.0
2026-06-10,079960,,7.22,-1.4,-0.2,1.4
2026-06-11,079960,,7.13,0.3,0.1,-0.1
2026-06-12,079960,,7.1,-0.0,-0.2,0.4
2026-06-15,079960,,7.1,-1.9,0.2,1.4
2026-06-16,079960,,6.99,-0.0,-0.2,0.2
2026-06-17,079960,,6.97,-0.6,-0.1,1.0
2026-06-18,079960,,6.94,-1.4,-0.0,1.4
2026-06-19,079960,,6.85,-1.6,-0.0,1.4
2026-06-22,079960,,6.75,-0.3,0.2,0.9
2026-06-23,079960,,6.76,-0.6,-0.2,1.1
2026-06-24,079960,,6.72,0.6,0.0,0.3
2026-06-25,079960,,6.76,-0.9,-0.0,1.7
2026-06-26,079960,,6.69,0.5,0.0,-0.5
2026-06-29,079960,,6.91,3.0,-0.0,-1.9
2026-06-30,079960,20000.0,7.11,-0.5,-0.0,0.9
2026-07-01,079960,,7.07,-0.3,-0.1,-0.4
2026-07-02,079960,,7.06,0.5,0.1,-2.1
2026-07-03,079960,,7.09,0.4,-0.1,-1.5
2026-07-06,079960,,7.11,0.3,-0.0,-0.3
2026-07-07,079960,,7.13,-0.4,0.2,-0.6
2026-07-08,079960,,7.1,-1.2,0.3,0.9
2026-07-09,079960,,7.03,-0.8,0.1,0.7
2026-07-10,079960,,6.98,2.2,-0.1,-1.8
2026-07-13,079960,19950.0,7.12,0.1,0.3,-0.4
2025-07-14,079970,,2.27,,,
2025-07-15,079970,,2.27,,,
2025-07-16,079970,,2.27,,,
2025-07-17,079970,,2.27,,,
2025-07-18,079970,,2.27,,,
2025-07-21,079970,,2.26,,,
2025-07-22,079970,,2.26,,,
2025-07-23,079970,,2.26,,,
2025-07-24,079970,,2.26,,,
2025-07-25,079970,,2.26,,,
2025-07-28,079970,,2.26,,,
2025-07-29,079970,,2.26,,,
2025-07-30,079970,,2.26,,,
2025-07-31,079970,,2.26,,,
2025-08-01,079970,,2.26,,,
2025-08-04,079970,,2.26,,,
2025-08-05,079970,,2.26,,,
2025-08-06,079970,,2.26,,,
2025-08-07,079970,,2.26,,,
2025-08-08,079970,,2.26,,,
2025-08-11,079970,,2.26,,,
2025-08-12,079970,,2.26,,,
2025-08-13,079970,,2.26,,,
2025-08-14,079970,,2.26,,,
2025-08-18,079970,,2.26,,,
2025-08-19,079970,,2.26,,,
2025-08-20,079970,,2.09,,,
2025-08-21,079970,,2.09,,,
2025-08-22,079970,,2.09,,,
2025-08-25,079970,,2.09,,,
2025-08-26,079970,,2.09,,,
2025-08-27,079970,,2.09,,,
2025-08-28,079970,,2.09,,,
2025-08-29,079970,596.0,2.09,,,
2025-09-01,079970,,2.09,,,
2025-09-02,079970,,2.09,,,
2025-09-03,079970,,2.09,,,
2025-09-04,079970,,2.09,,,
2025-09-05,079970,,2.09,,,
2025-09-08,079970,,2.09,,,
2025-09-09,079970,,2.09,,,
2025-09-10,079970,,2.09,,,
2025-09-11,079970,,2.09,,,
2025-09-12,079970,,2.09,,,
2025-09-15,079970,,2.09,,,
2025-09-16,079970,,2.09,,,
2025-09-17,079970,,2.09,,,
2025-09-18,079970,,2.09,,,
2025-09-19,079970,,2.09,,,
2025-09-22,079970,,2.09,,,
2025-09-23,079970,,2.09,,,
2025-09-24,079970,,2.09,,,
2025-09-25,079970,,2.09,,,
2025-09-26,079970,,2.09,,,
2025-09-29,079970,,2.09,,,
2025-09-30,079970,596.0,2.09,,,
2025-10-01,079970,,2.09,,,
2025-10-02,079970,,2.09,,,
2025-10-10,079970,,2.09,,,
2025-10-13,079970,,2.09,,,
2025-10-14,079970,,2.09,,,
2025-10-15,079970,,2.09,,,
2025-10-16,079970,,2.09,,,
2025-10-17,079970,,2.09,,,
2025-10-20,079970,,2.09,,,
2025-10-21,079970,,2.09,,,
2025-10-22,079970,,2.09,,,
2025-10-23,079970,,2.09,,,
2025-10-24,079970,,1.95,,,
2025-10-27,079970,,1.95,,,
2025-10-28,079970,,1.95,,,
2025-10-29,079970,,1.95,,,
2025-10-30,079970,,1.95,,,
2025-10-31,079970,596.0,1.95,,,
2025-11-03,079970,,1.95,,,
2025-11-04,079970,,1.95,,,
2025-11-05,079970,,1.95,,,
2025-11-06,079970,,1.95,,,
2025-11-07,079970,,1.95,,,
2025-11-10,079970,,1.95,,,
2025-11-11,079970,,1.95,,,
2025-11-12,079970,,1.95,,,
2025-11-13,079970,,1.95,,,
2025-11-14,079970,,1.95,,,
2025-11-17,079970,,1.95,,,
2025-11-18,079970,,1.95,,,
2025-11-19,079970,,1.95,,,
2025-11-20,079970,,1.95,,,
2025-11-21,079970,,1.95,,,
2025-11-24,079970,,1.95,,,
2025-11-25,079970,,1.95,,,
2025-11-26,079970,,1.95,,,
2025-11-27,079970,,1.86,,,
2025-11-28,079970,596.0,1.86,,,
2025-12-01,079970,,1.86,,,
2025-12-02,079970,,1.86,,,
2025-12-03,079970,,1.86,,,
2025-12-04,079970,,1.86,,,
2025-12-05,079970,,1.86,,,
2025-12-08,079970,,1.86,,,
2025-12-09,079970,,1.86,,,
2025-12-10,079970,,1.86,,,
2025-12-11,079970,,1.86,,,
2025-12-12,079970,,1.86,,,
2025-12-15,079970,,1.86,,,
2025-12-16,079970,,1.86,,,
2025-12-17,079970,,1.86,,,
2025-12-18,079970,,1.86,,,
2025-12-19,079970,,1.86,,,
2025-12-22,079970,,1.86,,,
2025-12-23,079970,,1.86,,,
2025-12-24,079970,,1.86,,,
2025-12-26,079970,,1.86,,,
2025-12-29,079970,,1.86,,,
2025-12-30,079970,596.0,1.86,,,
2026-01-02,079970,,1.86,,,
2026-01-05,079970,,1.86,,,
2026-01-06,079970,,1.86,,,
2026-01-07,079970,,1.86,,,
2026-01-08,079970,,1.86,,,
2026-01-09,079970,,1.86,,,
2026-01-12,079970,,1.86,,,
2026-01-13,079970,,1.86,,,
2026-01-14,079970,,1.86,,,
2026-01-15,079970,,1.86,,,
2026-01-16,079970,,1.86,,,
2026-01-19,079970,,1.86,,,
2026-01-20,079970,,1.86,,,
2026-01-21,079970,,1.86,,,
2026-01-22,079970,,1.86,,,
2026-01-23,079970,,1.86,,,
2026-01-26,079970,,1.86,,,
2026-01-27,079970,,1.86,,,
2026-01-28,079970,,1.86,,,
2026-01-29,079970,,1.86,,,
2026-01-30,079970,596.0,1.86,,,
2026-02-02,079970,,1.86,,,
2026-02-03,079970,,1.86,,,
2026-02-04,079970,,1.86,,,
2026-02-05,079970,,1.86,,,
2026-02-06,079970,,1.86,,,
2026-02-09,079970,,1.86,,,
2026-02-10,079970,,1.86,,,
2026-02-11,079970,,1.86,,,
2026-02-12,079970,,1.86,,,
2026-02-13,079970,,1.86,,,
2026-02-19,079970,,1.86,,,
2026-02-20,079970,,1.86,,,
2026-02-23,079970,,1.86,,,
2026-02-24,079970,,1.86,,,
2026-02-25,079970,,1.86,,,
2026-02-26,079970,,1.86,,,
2026-02-27,079970,596.0,1.86,,,
2026-03-03,079970,,1.86,,,
2026-03-04,079970,,1.86,,,
2026-03-05,079970,,1.86,,,
2026-03-06,079970,,1.86,,,
2026-03-09,079970,,1.86,,,
2026-03-10,079970,,1.86,,,
2026-03-11,079970,,1.86,,,
2026-03-12,079970,,1.86,,,
2026-03-13,079970,,1.86,,,
2026-03-16,079970,,1.86,,,
2026-03-17,079970,,1.86,,,
2026-03-18,079970,,1.86,,,
2026-03-19,079970,,1.86,,,
2026-03-20,079970,,1.86,,,
2026-03-23,079970,,1.86,,,
2026-03-24,079970,,1.86,,,
2026-03-25,079970,,1.86,,,
2026-03-26,079970,,1.86,,,
2026-03-27,079970,,1.86,,,
2026-03-30,079970,,1.86,,,
2026-03-31,079970,596.0,1.86,,,
2026-04-01,079970,,1.86,,,
2026-04-02,079970,,1.86,,,
2026-04-03,079970,,1.86,,,
2026-04-06,079970,,1.86,,,
2026-04-07,079970,,1.86,,,
2026-04-08,079970,,1.86,,,
2026-04-09,079970,,1.86,,,
2026-04-10,079970,,1.86,,,
2026-04-13,079970,,1.86,,,
2026-04-14,079970,,1.86,,,
2026-04-15,079970,,1.86,,,
2026-04-16,079970,,1.86,,,
2026-04-17,079970,,1.86,,,
2026-04-20,079970,,1.86,,,
2026-04-21,079970,,1.86,,,
2026-04-22,079970,,1.85,,,
2026-04-23,079970,,1.85,,,
2026-04-24,079970,,1.85,,,
2026-04-27,079970,,1.85,,,
2026-04-28,079970,,1.85,,,
2026-04-29,079970,,1.85,,,
2026-04-30,079970,596.0,1.85,,,
2026-05-04,079970,,1.85,,,
2026-05-06,079970,,1.85,,,
2026-05-07,079970,,1.85,,,
2026-05-08,079970,,1.85,,,
2026-05-11,079970,,1.85,,,
2026-05-12,079970,,1.85,,,
2026-05-13,079970,,1.85,,,
2026-05-14,079970,,1.85,,,
2026-05-15,079970,,1.85,,,
2026-05-18,079970,,1.85,,,
2026-05-19,079970,,1.85,,,
2026-05-20,079970,,1.85,,,
2026-05-21,079970,,1.85,,,
2026-05-22,079970,,1.85,,,
2026-05-26,079970,,1.85,,,
2026-05-27,079970,,1.85,,,
2026-05-28,079970,,1.85,,,
2026-05-29,079970,596.0,1.85,,,
2026-06-01,079970,,1.85,,,
2026-06-02,079970,,1.85,,,
2026-06-04,079970,,1.85,,,
2026-06-05,079970,,1.85,,,
2026-06-08,079970,,1.85,,,
2026-06-09,079970,,1.85,,,
2026-06-10,079970,,1.85,,,
2026-06-11,079970,,1.85,,,
2026-06-12,079970,,1.85,,,
2026-06-15,079970,,1.85,,,
2026-06-16,079970,,1.85,,,
2026-06-17,079970,,1.85,,,
2026-06-18,079970,,1.85,,,
2026-06-19,079970,,1.85,,,
2026-06-22,079970,,1.85,,,
2026-06-23,079970,,1.85,,,
2026-06-24,079970,,1.85,,,
2026-06-25,079970,,1.85,,,
2026-06-26,079970,,1.85,,,
2026-06-29,079970,,1.85,,,
2026-06-30,079970,596.0,1.85,,,
2026-07-01,079970,,1.85,,,
2026-07-02,079970,,1.85,,,
2026-07-03,079970,,1.85,,,
2026-07-06,079970,,1.85,,,
2026-07-07,079970,,1.85,,,
2026-07-08,079970,,1.85,,,
2026-07-09,079970,,1.85,,,
2026-07-10,079970,,1.85,,,
2026-07-13,079970,596.0,1.85,,,
2025-07-14,079980,,2.16,0.2,0.1,-0.3
2025-07-15,079980,,2.17,0.5,0.0,-0.5
2025-07-16,079980,,2.21,-0.0,-0.1,0.1
2025-07-17,079980,,2.21,0.0,0.0,-0.0
2025-07-18,079980,,2.21,0.2,-0.0,-0.2
2025-07-21,079980,,2.23,-0.3,-0.0,0.3
2025-07-22,079980,,2.2,-0.6,0.1,0.5
2025-07-23,079980,,2.15,-0.1,-0.1,0.2
2025-07-24,079980,,2.14,-0.6,0.0,0.6
2025-07-25,079980,,2.08,-0.1,0.0,0.0
2025-07-28,079980,,2.07,-0.1,-0.1,0.2
2025-07-29,079980,,2.06,0.1,-0.0,-0.0
2025-07-30,079980,,2.07,0.1,-0.0,-0.1
2025-07-31,079980,,2.08,-0.1,0.0,0.1
2025-08-01,079980,,2.07,-0.7,0.0,0.7
2025-08-04,079980,,2.0,-0.1,0.0,0.1
2025-08-05,079980,,1.99,-0.2,-0.0,0.2
2025-08-06,079980,,1.98,0.0,-0.0,-0.0
2025-08-07,079980,,1.98,0.1,-0.0,-0.1
2025-08-08,079980,,1.99,1.1,0.1,-1.2
2025-08-11,079980,,2.09,0.5,0.1,-0.2
2025-08-12,079980,,2.13,-1.6,0.1,1.5
2025-08-13,079980,,2.03,0.8,0.1,-0.9
2025-08-14,079980,,2.1,0.2,0.1,-0.3
2025-08-18,079980,,2.12,-0.2,0.0,0.2
2025-08-19,079980,,2.11,-0.3,0.0,0.3
2025-08-20,079980,,2.08,-0.3,-0.0,0.3
2025-08-21,079980,,2.05,-0.3,0.1,0.1
2025-08-22,079980,,2.03,0.1,-0.1,0.0
2025-08-25,079980,,2.03,-0.1,-0.0,0.1
2025-08-26,079980,,2.03,-0.3,-0.0,0.3
2025-08-27,079980,,1.99,-0.1,0.0,0.1
2025-08-28,079980,,1.98,-0.5,-0.0,0.5
2025-08-29,079980,3090.0,1.94,-0.8,0.0,0.8
2025-09-01,079980,,1.86,-0.3,-0.0,0.3
2025-09-02,079980,,1.84,-0.1,-0.0,0.1
2025-09-03,079980,,1.83,-0.2,0.1,0.0
2025-09-04,079980,,1.81,0.3,-0.1,-0.2
2025-09-05,079980,,1.84,-0.2,-0.0,0.2
2025-09-08,079980,,1.82,-0.1,0.0,0.1
2025-09-09,079980,,1.81,-0.0,-0.0,0.1
2025-09-10,079980,,1.81,0.1,0.0,-0.1
2025-09-11,079980,,1.82,-0.0,-0.0,0.0
2025-09-12,079980,,1.82,-0.1,0.0,0.1
2025-09-15,079980,,1.81,-0.3,0.1,0.2
2025-09-16,079980,,1.78,-0.2,-0.0,0.2
2025-09-17,079980,,1.76,-0.3,-0.0,0.3
2025-09-18,079980,,1.73,1.5,-1.1,-0.4
2025-09-19,079980,,1.87,-0.4,0.1,0.3
2025-09-22,079980,,1.86,-0.5,0.0,0.5
2025-09-23,079980,,1.81,0.3,-0.1,-0.2
2025-09-24,079980,,1.84,-0.1,-0.0,0.1
2025-09-25,079980,,1.83,0.1,-0.0,-0.1
2025-09-26,079980,,1.83,-0.2,0.0,0.2
2025-09-29,079980,,1.81,0.0,-0.0,-0.0
2025-09-30,079980,2940.0,1.81,-0.1,0.0,0.1
2025-10-01,079980,,1.8,-0.2,0.0,0.2
2025-10-02,079980,,1.78,0.1,-0.1,-0.0
2025-10-10,079980,,1.79,-0.3,-0.0,0.3
2025-10-13,079980,,1.76,0.2,0.1,-0.3
2025-10-14,079980,,1.78,0.1,0.0,-0.1
2025-10-15,079980,,1.79,0.3,-0.0,-0.2
2025-10-16,079980,,1.82,-0.3,0.0,0.2
2025-10-17,079980,,1.79,-0.4,-0.0,0.4
2025-10-20,079980,,1.75,0.5,-0.0,-0.5
2025-10-21,079980,,1.82,0.4,0.1,-0.5
2025-10-22,079980,,1.86,-0.0,-0.0,0.0
2025-10-23,079980,,1.85,-0.0,-0.1,0.1
2025-10-24,079980,,1.85,-0.1,0.1,0.0
2025-10-27,079980,,1.84,-0.1,0.1,0.1
2025-10-28,079980,,1.82,-0.5,0.0,0.5
2025-10-29,079980,,1.77,-0.4,0.1,0.3
2025-10-30,079980,,1.73,-0.5,-0.2,0.7
2025-10-31,079980,2665.0,1.68,-0.1,-0.1,0.2
2025-11-03,079980,,1.67,0.4,-0.0,-0.4
2025-11-04,079980,,1.71,0.9,-0.0,-0.9
2025-11-05,079980,,1.82,0.1,0.0,-0.2
2025-11-06,079980,,1.84,0.3,-0.0,-0.3
2025-11-07,079980,,1.87,1.2,-1.4,0.2
2025-11-10,079980,,2.0,0.1,0.0,-0.1
2025-11-11,079980,,2.02,0.1,-0.0,-0.1
2025-11-12,079980,,2.03,0.5,-0.0,-0.5
2025-11-13,079980,,2.08,-0.1,-0.0,0.1
2025-11-14,079980,,2.07,0.3,0.0,-0.3
2025-11-17,079980,,2.12,0.1,0.0,-0.1
2025-11-18,079980,,2.13,-0.4,0.1,0.3
2025-11-19,079980,,2.09,-0.1,-0.0,0.2
2025-11-20,079980,,2.08,0.6,0.0,-0.7
2025-11-21,079980,,2.15,-0.1,0.1,0.1
2025-11-24,079980,,2.13,-0.3,-0.0,0.4
2025-11-25,079980,,2.1,-0.3,0.0,0.3
2025-11-26,079980,,2.07,0.3,0.1,-0.4
2025-11-27,079980,,2.1,0.3,-0.1,-0.2
2025-11-28,079980,2710.0,2.13,0.2,-0.1,-0.1
2025-12-01,079980,,2.18,-0.0,-0.0,0.0
2025-12-02,079980,,2.19,-0.1,-0.0,0.1
2025-12-03,079980,,2.18,0.4,0.0,-0.4
2025-12-04,079980,,2.24,-0.1,-0.0,0.1
2025-12-05,079980,,2.22,0.2,-0.0,-0.2
2025-12-08,079980,,2.24,-0.2,-0.0,0.2
2025-12-09,079980,,2.21,-0.2,0.0,0.2
2025-12-10,079980,,2.19,-0.0,-0.0,0.0
2025-12-11,079980,,2.19,0.3,-0.0,-0.3
2025-12-12,079980,,2.22,0.1,-0.0,-0.1
2025-12-15,079980,,2.23,0.2,0.0,-0.2
2025-12-16,079980,,2.25,-0.1,0.0,0.1
2025-12-17,079980,,2.5,-0.0,-0.0,0.1
2025-12-18,079980,,2.41,-0.0,-0.0,0.0
2025-12-19,079980,,2.4,0.1,-0.0,-0.1
2025-12-22,079980,,2.42,-0.1,-0.0,0.1
2025-12-23,079980,,2.4,-0.3,-0.0,0.3
2025-12-24,079980,,2.37,-0.1,-0.0,0.1
2025-12-26,079980,,2.37,-0.1,0.0,0.1
2025-12-29,079980,,2.35,0.1,0.0,-0.1
2025-12-30,079980,2670.0,2.36,-2.4,2.4,-0.0
2026-01-02,079980,,2.1,-0.0,0.2,-0.2
2026-01-05,079980,,2.1,-0.4,-0.1,0.5
2026-01-06,079980,,2.09,0.3,0.1,-0.4
2026-01-07,079980,,2.15,-0.5,-0.0,0.5
2026-01-08,079980,,2.09,-0.5,-0.0,0.5
2026-01-09,079980,,2.03,-0.1,-0.1,0.2
2026-01-12,079980,,2.02,0.0,0.1,-0.2
2026-01-13,079980,,2.21,0.2,0.0,-0.2
2026-01-14,079980,,2.23,0.2,0.1,-0.3
2026-01-15,079980,,2.25,-0.1,-0.0,0.1
2026-01-16,079980,,2.24,0.1,0.0,-0.1
2026-01-19,079980,,2.25,-0.2,0.0,0.2
2026-01-20,079980,,2.23,0.6,-0.1,-0.5
2026-01-21,079980,,2.29,-0.1,0.1,-0.1
2026-01-22,079980,,2.29,0.4,-0.1,-0.4
2026-01-23,079980,,2.34,0.4,0.1,-0.5
2026-01-26,079980,,2.38,0.1,-0.2,0.0
2026-01-27,079980,,2.4,0.2,0.3,-0.4
2026-01-28,079980,,2.42,0.1,-0.1,0.0
2026-01-29,079980,,2.43,-0.1,0.0,0.0
2026-01-30,079980,2520.0,2.42,-0.4,-0.1,0.5
2026-02-02,079980,,2.37,-4.2,-0.2,4.4
2026-02-03,079980,,1.88,0.2,0.3,-0.3
2026-02-04,079980,,1.9,0.2,0.0,-0.3
2026-02-05,079980,,1.92,-0.4,0.9,-0.6
2026-02-06,079980,,1.89,-0.1,0.3,-0.4
2026-02-09,079980,,1.88,0.1,-0.2,0.1
2026-02-10,079980,,1.89,-0.0,-0.1,0.2
2026-02-11,079980,,1.89,1.1,0.1,-1.2
2026-02-12,079980,,2.0,0.2,-0.2,-0.0
2026-02-13,079980,,2.02,0.9,-0.1,-0.8
2026-02-19,079980,,2.11,-0.0,-0.5,0.5
2026-02-20,079980,,2.1,0.6,-0.4,-0.2
2026-02-23,079980,,2.24,0.3,-0.1,-0.2
2026-02-24,079980,,2.28,0.4,0.1,-0.6
2026-02-25,079980,,2.34,0.1,-0.2,0.1
2026-02-26,079980,,2.09,-0.6,0.0,0.6
2026-02-27,079980,2795.0,2.03,-0.4,0.0,0.4
2026-03-03,079980,,1.99,1.4,0.0,-1.5
2026-03-04,079980,,2.14,0.8,0.2,-1.0
2026-03-05,079980,,2.24,0.3,-0.1,-0.3
2026-03-06,079980,,2.28,-0.0,-0.0,0.1
2026-03-09,079980,,2.27,0.1,0.1,-0.2
2026-03-10,079980,,2.29,-0.4,-0.1,0.4
2026-03-11,079980,,2.26,0.4,-0.1,-0.3
2026-03-12,079980,,2.3,0.2,-0.0,-0.2
2026-03-13,079980,,2.33,0.5,-0.0,-0.4
2026-03-16,079980,,2.38,0.1,0.0,-0.1
2026-03-17,079980,,2.4,-0.2,0.0,0.2
2026-03-18,079980,,2.37,-0.2,0.1,0.1
2026-03-19,079980,,2.34,-0.1,-0.1,0.2
2026-03-20,079980,,2.33,0.8,-0.2,-0.6
2026-03-23,079980,,2.43,0.0,-0.3,0.3
2026-03-24,079980,,2.43,0.2,-0.4,0.2
2026-03-25,079980,,2.48,0.6,-0.0,-0.5
2026-03-26,079980,,2.54,-0.9,0.0,0.9
2026-03-27,079980,,2.45,-2.4,0.1,2.3
2026-03-30,079980,,2.2,-1.2,0.1,1.1
2026-03-31,079980,2680.0,2.08,0.2,0.1,-0.3
2026-04-01,079980,,2.11,0.8,0.0,-0.8
2026-04-02,079980,,2.19,-1.5,-0.3,1.0
2026-04-03,079980,,2.08,-6.7,-0.3,6.5
2026-04-06,079980,,1.59,-1.2,0.5,-0.7
2026-04-07,079980,,1.57,0.9,0.1,-0.2
2026-04-08,079980,,1.79,0.3,-0.1,0.0
2026-04-09,079980,,1.83,1.1,-0.1,-1.0
2026-04-10,079980,,1.93,1.6,0.0,-1.5
2026-04-13,079980,,2.07,-3.0,-0.1,3.3
2026-04-14,079980,,1.83,-0.4,-1.2,1.6
2026-04-15,079980,,1.8,1.1,0.3,-1.3
2026-04-16,079980,,2.11,0.9,-0.4,-1.1
2026-04-17,079980,,2.19,-0.1,0.2,-0.2
2026-04-20,079980,,2.19,-0.8,-0.2,0.7
2026-04-21,079980,,2.12,1.6,2.1,-4.3
2026-04-22,079980,,2.26,-2.9,0.1,2.8
2026-04-23,079980,,1.93,-2.7,2.1,-0.0
2026-04-24,079980,,1.7,1.0,1.9,-2.0
2026-04-27,079980,,1.79,-1.3,0.0,1.9
2026-04-28,079980,,1.67,3.3,0.4,-2.6
2026-04-29,079980,,2.0,0.0,-0.1,0.1
2026-04-30,079980,3485.0,2.0,2.0,2.0,-4.1
2026-05-04,079980,,2.18,-1.6,-0.1,1.8
2026-05-06,079980,,2.04,-0.2,0.0,0.1
2026-05-07,079980,,2.02,1.6,0.2,-1.8
2026-05-08,079980,,2.16,-0.3,-0.2,0.5
2026-05-11,079980,,2.14,-0.1,-0.0,0.3
2026-05-12,079980,,2.13,1.2,0.1,-1.5
2026-05-13,079980,,2.25,-1.9,-0.1,1.9
2026-05-14,079980,,2.05,-0.1,-0.4,0.4
2026-05-15,079980,,2.05,-0.9,0.2,0.7
2026-05-18,079980,,1.91,1.9,0.3,-2.2
2026-05-19,079980,,2.11,1.3,-1.9,0.4
2026-05-20,079980,,2.25,-0.1,-0.0,0.2
2026-05-21,079980,,2.34,-1.8,-0.0,1.7
2026-05-22,079980,,2.14,0.1,0.1,-0.1
2026-05-26,079980,,2.15,-0.4,-4.3,4.3
2026-05-27,079980,,2.1,-1.1,0.0,1.1
2026-05-28,079980,,1.97,-0.3,-0.0,0.4
2026-05-29,079980,2180.0,1.93,-1.3,-0.0,1.6
2026-06-01,079980,,1.75,-0.4,0.0,0.4
2026-06-02,079980,,1.7,-1.4,-0.0,1.5
2026-06-04,079980,,1.5,-1.4,-0.0,1.4
2026-06-05,079980,,1.34,0.2,0.0,-0.2
2026-06-08,079980,,1.37,-1.2,0.0,1.1
2026-06-09,079980,,1.34,0.6,-0.0,-0.6
2026-06-10,079980,,1.47,-0.4,-0.0,0.4
2026-06-11,079980,,1.29,-0.1,-0.0,0.1
2026-06-12,079980,,1.28,-0.3,0.0,0.4
2026-06-15,079980,,1.23,-0.5,-0.3,0.8
2026-06-16,079980,,1.16,0.1,-0.3,0.2
2026-06-17,079980,,1.18,-0.1,-0.3,0.4
2026-06-18,079980,,1.16,-0.4,0.0,0.4
2026-06-19,079980,,1.1,0.1,-0.0,-0.1
2026-06-22,079980,,1.12,0.1,0.1,-0.2
2026-06-23,079980,,1.14,-0.3,0.1,0.3
2026-06-24,079980,,1.1,0.3,-0.0,-0.3
2026-06-25,079980,,1.16,-0.1,0.1,-0.0
2026-06-26,079980,,1.14,0.6,-0.2,-0.4
2026-06-29,079980,,1.25,0.8,0.1,-0.9
2026-06-30,079980,1790.0,1.38,-0.5,-0.1,0.6
2026-07-01,079980,,1.29,0.3,-0.1,-0.2
2026-07-02,079980,,1.34,0.0,0.4,-0.5
2026-07-03,079980,,1.39,0.5,-0.4,-0.1
2026-07-06,079980,,1.46,0.1,-0.0,-0.0
2026-07-07,079980,,1.47,0.1,0.0,-0.2
2026-07-08,079980,,1.49,-0.1,0.0,0.0
2026-07-09,079980,,1.48,-0.7,-0.0,0.8
2026-07-10,079980,,1.37,0.3,-0.0,-0.3
2026-07-13,079980,1984.0,1.42,-0.0,-0.0,-0.0
