날짜,코드,종가,외인지분율,외인_억,기관_억,개인_억
2025-07-14,340360,,0.44,-0.3,,0.3
2025-07-15,340360,,0.4,-0.2,,-0.0
2025-07-16,340360,,0.36,0.3,,-0.1
2025-07-17,340360,,0.41,0.2,,-0.2
2025-07-18,340360,,0.44,-0.8,,0.8
2025-07-21,340360,,0.32,-0.0,,0.0
2025-07-22,340360,,0.32,0.5,,-0.5
2025-07-23,340360,,0.4,-0.3,,0.3
2025-07-24,340360,,0.36,1.1,,-1.1
2025-07-25,340360,,0.52,-0.9,,0.9
2025-07-28,340360,,0.39,-0.2,,0.2
2025-07-29,340360,,0.36,0.2,,-0.2
2025-07-30,340360,,0.39,5.0,,-4.9
2025-07-31,340360,,1.09,1.4,,-2.0
2025-08-01,340360,,1.28,1.2,,-2.5
2025-08-04,340360,,1.44,-3.6,0.0,3.8
2025-08-05,340360,,0.99,9.1,0.0,-10.2
2025-08-06,340360,,2.06,-4.5,,4.6
2025-08-07,340360,,1.55,-0.9,,0.9
2025-08-08,340360,,1.44,0.5,,0.5
2025-08-11,340360,,1.5,-3.9,,3.8
2025-08-12,340360,,1.03,2.1,,-2.2
2025-08-13,340360,,1.33,3.1,,-3.1
2025-08-14,340360,,1.8,-1.4,0.4,1.2
2025-08-18,340360,,1.66,-1.3,,1.0
2025-08-19,340360,,1.47,-3.3,,3.2
2025-08-20,340360,,1.01,-0.5,-0.0,0.5
2025-08-21,340360,,0.93,-0.0,,0.0
2025-08-22,340360,,0.93,-0.6,,0.6
2025-08-25,340360,,0.85,-0.3,,0.4
2025-08-26,340360,,0.8,2.1,,-1.9
2025-08-27,340360,,1.18,-1.0,-0.4,1.4
2025-08-28,340360,,1.04,-1.1,,1.4
2025-08-29,340360,1626.0,0.9,-0.7,,0.9
2025-09-01,340360,,0.8,0.0,,0.0
2025-09-02,340360,,0.8,-0.1,,0.2
2025-09-03,340360,,0.79,0.4,,-0.3
2025-09-04,340360,,0.84,-0.2,,0.2
2025-09-05,340360,,0.81,-0.5,,0.6
2025-09-08,340360,,0.74,1.5,,-1.4
2025-09-09,340360,,0.94,-0.3,,0.4
2025-09-10,340360,,0.9,-0.6,,0.7
2025-09-11,340360,,0.82,5.0,-0.0,-4.7
2025-09-12,340360,,1.46,-2.3,,2.5
2025-09-15,340360,,1.16,-6.4,,6.4
2025-09-16,340360,,0.33,-0.1,-0.0,0.1
2025-09-17,340360,,0.31,0.3,,-0.3
2025-09-18,340360,,0.35,0.5,,-0.5
2025-09-19,340360,,0.42,-0.6,,0.6
2025-09-22,340360,,0.34,2.7,,-2.7
2025-09-23,340360,,0.7,-0.8,,0.8
2025-09-24,340360,,0.6,4.7,,-7.2
2025-09-25,340360,,1.2,-8.5,-0.0,8.6
2025-09-26,340360,,0.22,0.6,0.0,-0.8
2025-09-29,340360,,0.31,0.5,0.2,-0.5
2025-09-30,340360,1599.0,0.38,-0.5,-0.0,0.5
2025-10-01,340360,,0.3,0.2,0.1,-0.3
2025-10-02,340360,,0.34,-0.1,0.1,0.2
2025-10-10,340360,,0.33,-0.4,-0.3,1.8
2025-10-13,340360,,0.29,0.5,,-0.5
2025-10-14,340360,,0.25,-0.2,,0.2
2025-10-15,340360,,0.23,-0.2,,0.1
2025-10-16,340360,,0.19,1.3,,-1.1
2025-10-17,340360,,0.37,-0.3,,-0.0
2025-10-20,340360,,0.33,1.2,,-1.2
2025-10-21,340360,,0.51,0.6,,-0.3
2025-10-22,340360,,0.6,-0.1,,0.1
2025-10-23,340360,,0.59,0.1,,-0.1
2025-10-24,340360,,0.6,-0.9,,1.0
2025-10-27,340360,,0.48,-1.4,,1.4
2025-10-28,340360,,0.26,1.8,,-1.6
2025-10-29,340360,,0.54,0.6,,0.3
2025-10-30,340360,,0.63,0.1,,0.5
2025-10-31,340360,1438.0,0.64,0.3,,-0.2
2025-11-03,340360,,0.69,-0.8,,1.0
2025-11-04,340360,,0.55,0.9,,0.7
2025-11-05,340360,,0.7,1.4,,-0.9
2025-11-06,340360,,0.93,0.2,,-0.2
2025-11-07,340360,,0.97,0.1,,0.7
2025-11-10,340360,,1.0,-0.3,,0.3
2025-11-11,340360,,0.95,-0.1,,0.1
2025-11-12,340360,,0.93,0.8,,-0.7
2025-11-13,340360,,1.08,0.6,,-0.6
2025-11-14,340360,,1.19,-0.6,,0.6
2025-11-17,340360,,1.08,0.4,,-0.4
2025-11-18,340360,,1.15,-0.9,,0.8
2025-11-19,340360,,1.0,-0.6,,1.1
2025-11-20,340360,,0.9,-1.0,,1.1
2025-11-21,340360,,0.72,-0.2,,0.2
2025-11-24,340360,,0.7,-0.3,,0.3
2025-11-25,340360,,0.65,-0.3,,0.3
2025-11-26,340360,,0.61,1.8,,-1.7
2025-11-27,340360,,0.95,-0.1,,0.1
2025-11-28,340360,1413.0,0.92,2.1,,-2.1
2025-12-01,340360,,1.33,0.5,0.0,-1.4
2025-12-02,340360,,1.27,-2.8,,1.9
2025-12-03,340360,,0.86,-0.9,,0.9
2025-12-04,340360,,0.72,-0.6,,0.6
2025-12-05,340360,,0.64,-0.1,,0.0
2025-12-08,340360,,0.63,0.2,,0.2
2025-12-09,340360,,0.66,-0.4,,0.4
2025-12-10,340360,,0.62,-0.2,,0.3
2025-12-11,340360,,0.57,0.9,,-0.9
2025-12-12,340360,,0.73,0.4,,-0.3
2025-12-15,340360,,0.78,-0.3,,0.2
2025-12-16,340360,,0.74,0.8,,-0.8
2025-12-17,340360,,0.89,0.1,,-0.1
2025-12-18,340360,,0.91,-1.5,,1.5
2025-12-19,340360,,0.66,-0.7,,0.7
2025-12-22,340360,,0.55,0.6,,-0.5
2025-12-23,340360,,0.64,0.1,,-0.1
2025-12-24,340360,,0.66,-0.4,,0.4
2025-12-26,340360,,0.6,-0.4,,0.4
2025-12-29,340360,,0.46,-0.5,,0.4
2025-12-30,340360,1415.0,0.39,-0.1,,0.1
2026-01-02,340360,,0.38,-0.4,-0.0,0.4
2026-01-05,340360,,0.32,-0.1,,0.1
2026-01-06,340360,,0.3,3.2,,-3.3
2026-01-07,340360,,0.72,-0.7,,0.8
2026-01-08,340360,,0.62,-0.3,,0.3
2026-01-09,340360,,0.59,-0.4,,0.4
2026-01-12,340360,,0.53,-0.7,,0.7
2026-01-13,340360,,0.44,-0.3,,0.3
2026-01-14,340360,,0.41,-0.1,,0.1
2026-01-15,340360,,0.39,0.7,,-0.7
2026-01-16,340360,,0.48,0.3,,-0.2
2026-01-19,340360,,0.52,1.7,,-1.7
2026-01-20,340360,,0.75,-0.5,,0.5
2026-01-21,340360,,0.69,0.3,,-0.4
2026-01-22,340360,,0.72,2.8,,-2.4
2026-01-23,340360,,1.09,-0.9,,0.9
2026-01-26,340360,,0.96,0.0,,0.0
2026-01-27,340360,,0.96,2.5,,-2.3
2026-01-28,340360,,1.33,-1.7,,1.8
2026-01-29,340360,,1.07,-4.3,,3.9
2026-01-30,340360,1410.0,0.49,-0.6,-0.0,1.2
2026-02-02,340360,,0.44,-0.0,,-1.7
2026-02-03,340360,,0.57,12.2,,-15.7
2026-02-04,340360,,1.96,5.8,,-5.6
2026-02-05,340360,,2.64,-5.0,,5.1
2026-02-06,340360,,2.03,-2.7,,2.6
2026-02-09,340360,,1.69,-1.5,,1.5
2026-02-10,340360,,1.51,-1.3,,1.6
2026-02-11,340360,,1.34,0.5,,0.3
2026-02-12,340360,,1.4,-0.5,,0.5
2026-02-13,340360,,1.34,0.6,,-0.5
2026-02-19,340360,,1.42,-4.0,,4.4
2026-02-20,340360,,0.89,2.9,,-2.9
2026-02-23,340360,,1.26,-0.4,,0.4
2026-02-24,340360,,1.2,4.1,,-4.2
2026-02-25,340360,,1.68,-8.3,,8.2
2026-02-26,340360,,0.65,-1.4,,2.0
2026-02-27,340360,1610.0,0.48,0.1,,0.3
2026-03-03,340360,,0.49,0.4,,-0.4
2026-03-04,340360,,0.58,1.6,,-1.5
2026-03-05,340360,,0.79,0.4,,-0.4
2026-03-06,340360,,0.85,-0.2,,0.2
2026-03-09,340360,,0.83,0.5,,-0.4
2026-03-10,340360,,0.89,3.8,,-3.8
2026-03-11,340360,,1.34,-3.7,,3.8
2026-03-12,340360,,0.88,1.5,,-1.6
2026-03-13,340360,,1.06,12.5,,-12.9
2026-03-16,340360,,2.44,-3.7,,3.5
2026-03-17,340360,,1.98,4.5,,-4.6
2026-03-18,340360,,2.41,-6.0,,5.9
2026-03-19,340360,,1.81,6.5,0.0,-6.5
2026-03-20,340360,,2.47,2.4,,-2.9
2026-03-23,340360,,2.65,-3.0,,3.1
2026-03-24,340360,,2.33,6.5,,-6.6
2026-03-25,340360,,3.09,-3.1,,3.0
2026-03-26,340360,,2.74,-3.6,-0.0,3.5
2026-03-27,340360,,2.3,0.9,,-0.9
2026-03-30,340360,,2.41,-1.1,,1.1
2026-03-31,340360,1633.0,2.28,-1.7,,1.8
2026-04-01,340360,,2.04,1.9,,-1.9
2026-04-02,340360,,2.26,-3.9,,3.8
2026-04-03,340360,,1.8,1.4,,-1.4
2026-04-06,340360,,1.96,-1.1,,1.1
2026-04-07,340360,,1.88,-0.2,,0.2
2026-04-08,340360,,1.85,-1.3,,1.3
2026-04-09,340360,,1.7,-0.4,,-1.6
2026-04-10,340360,,1.53,-4.0,,4.1
2026-04-13,340360,,1.07,5.8,0.1,-6.1
2026-04-14,340360,,1.7,-6.4,-0.0,6.5
2026-04-15,340360,,0.97,-3.2,-0.1,2.7
2026-04-16,340360,,0.8,-2.4,,2.7
2026-04-17,340360,,0.59,0.5,,-0.4
2026-04-20,340360,,0.67,1.3,,-1.4
2026-04-21,340360,,0.82,-1.8,,2.0
2026-04-22,340360,,0.56,0.5,,-0.6
2026-04-23,340360,,0.63,0.3,,0.3
2026-04-24,340360,,0.59,0.4,,-0.4
2026-04-27,340360,,0.61,0.4,,-0.9
2026-04-28,340360,,0.61,-0.7,,0.9
2026-04-29,340360,,0.52,-0.3,,0.1
2026-04-30,340360,1554.0,0.49,-0.1,,0.0
2026-05-04,340360,,0.48,0.1,-0.0,0.5
2026-05-06,340360,,0.49,-0.0,-0.0,-0.4
2026-05-07,340360,,0.51,0.4,-0.0,-0.7
2026-05-08,340360,,0.55,-0.6,-0.0,0.3
2026-05-11,340360,,0.48,0.1,0.0,-0.1
2026-05-12,340360,,0.5,0.6,-0.0,0.2
2026-05-13,340360,,0.59,2.0,0.0,-2.0
2026-05-14,340360,,0.89,-1.3,-0.0,1.4
2026-05-15,340360,,0.72,-0.2,-0.0,-0.1
2026-05-18,340360,,0.7,4.4,-0.0,-5.4
2026-05-19,340360,,1.24,-2.1,0.0,2.2
2026-05-20,340360,,0.98,-0.4,0.0,0.5
2026-05-21,340360,,0.93,-0.5,0.0,0.5
2026-05-22,340360,,0.87,-0.0,-0.0,-0.1
2026-05-26,340360,,0.87,-0.4,-0.0,0.4
2026-05-27,340360,,0.81,-0.5,-0.0,0.6
2026-05-28,340360,,0.75,-0.2,0.0,0.3
2026-05-29,340360,1584.0,0.71,2.0,-0.0,-2.0
2026-06-01,340360,,0.96,-0.8,0.0,0.9
2026-06-02,340360,,0.86,-0.2,-0.0,0.4
2026-06-04,340360,,0.82,-1.1,0.0,1.1
2026-06-05,340360,,0.67,-0.3,-0.0,0.4
2026-06-08,340360,,0.63,-0.4,-0.0,0.5
2026-06-09,340360,,0.62,-0.2,0.0,0.3
2026-06-10,340360,,0.56,-0.0,-0.0,0.0
2026-06-11,340360,,0.53,0.3,-0.0,-0.3
2026-06-12,340360,,0.52,0.4,0.0,-0.6
2026-06-15,340360,,0.57,-0.9,0.0,4.5
2026-06-16,340360,,0.4,-0.5,-0.0,0.5
2026-06-17,340360,,0.34,1.0,0.0,-1.1
2026-06-18,340360,,0.5,-0.7,-0.0,0.7
2026-06-19,340360,,0.41,-0.3,-0.0,0.3
2026-06-22,340360,,0.36,0.2,-0.0,0.3
2026-06-23,340360,,0.4,-0.1,0.0,0.2
2026-06-24,340360,,0.39,-0.0,0.0,0.0
2026-06-25,340360,,0.39,-0.1,-0.0,0.1
2026-06-26,340360,,0.38,-0.1,-0.0,0.1
2026-06-29,340360,,0.36,0.3,-0.0,-0.4
2026-06-30,340360,1207.0,0.4,0.2,-0.0,-0.2
2026-07-01,340360,,0.43,-0.2,-0.0,0.1
2026-07-02,340360,,0.41,5.3,0.0,7.0
2026-07-03,340360,,1.53,1.8,-0.0,-3.1
2026-07-06,340360,,2.12,-2.2,0.0,2.0
2026-07-07,340360,,1.59,-0.4,-0.0,0.8
2026-07-08,340360,,1.44,-0.0,0.0,0.1
2026-07-09,340360,,1.44,0.5,,-0.5
2026-07-10,340360,,1.59,0.0,-0.0,-0.0
2026-07-13,340360,653.0,1.59,-0.4,0.0,0.4
2025-07-14,340440,,0.67,-0.7,,0.6
2025-07-15,340440,,0.57,-0.6,,0.8
2025-07-16,340440,,0.46,0.8,,-0.8
2025-07-17,340440,,0.63,-1.0,,1.0
2025-07-18,340440,,0.43,0.0,,-0.0
2025-07-21,340440,,0.58,0.9,,-0.9
2025-07-22,340440,,0.77,0.6,,-0.6
2025-07-23,340440,,0.89,-0.7,,0.7
2025-07-24,340440,,0.75,0.3,,-0.3
2025-07-25,340440,,0.82,0.7,,-0.7
2025-07-28,340440,,0.96,-0.2,,0.1
2025-07-29,340440,,0.92,0.5,,-0.4
2025-07-30,340440,,1.04,0.2,,-0.2
2025-07-31,340440,,1.09,0.1,,-0.1
2025-08-01,340440,,1.11,-0.4,0.1,0.2
2025-08-04,340440,,1.15,-0.4,-0.1,0.4
2025-08-05,340440,,1.12,-1.3,,1.2
2025-08-06,340440,,0.89,-1.6,,1.6
2025-08-07,340440,,0.64,-0.8,,0.8
2025-08-08,340440,,0.5,-0.7,,0.7
2025-08-11,340440,,0.36,1.0,,-1.0
2025-08-12,340440,,0.56,-1.1,,1.1
2025-08-13,340440,,0.35,0.8,,-0.9
2025-08-14,340440,,0.51,0.7,,-0.6
2025-08-18,340440,,0.64,0.9,,-0.9
2025-08-19,340440,,0.84,-0.3,,0.3
2025-08-20,340440,,0.78,0.5,,-0.5
2025-08-21,340440,,0.9,-0.5,,0.5
2025-08-22,340440,,0.84,0.3,,-0.3
2025-08-25,340440,,0.89,0.1,,-0.1
2025-08-26,340440,,0.92,-0.0,,0.0
2025-08-27,340440,,0.92,-0.0,,0.0
2025-08-28,340440,,0.91,0.3,,-0.3
2025-08-29,340440,1604.0,0.97,0.2,,-0.2
2025-09-01,340440,,1.01,0.3,,-0.3
2025-09-02,340440,,1.06,0.6,,-0.6
2025-09-03,340440,,1.2,0.1,,-0.1
2025-09-04,340440,,1.23,-3.2,,3.2
2025-09-05,340440,,0.63,-0.3,,0.2
2025-09-08,340440,,0.62,0.8,,-0.9
2025-09-09,340440,,0.79,2.3,,-2.4
2025-09-10,340440,,1.31,-0.1,,0.1
2025-09-11,340440,,1.29,0.2,,-0.1
2025-09-12,340440,,1.33,0.6,,-0.6
2025-09-15,340440,,1.46,-0.1,,0.1
2025-09-16,340440,,1.45,-3.0,,3.1
2025-09-17,340440,,0.9,1.3,,-1.3
2025-09-18,340440,,1.17,0.5,,-0.5
2025-09-19,340440,,1.28,-0.4,,0.4
2025-09-22,340440,,1.19,-0.2,,0.2
2025-09-23,340440,,1.16,-0.1,,0.1
2025-09-24,340440,,1.15,0.6,,-0.6
2025-09-25,340440,,1.26,0.4,,-0.4
2025-09-26,340440,,1.35,-0.1,,0.1
2025-09-29,340440,,1.32,0.0,,-0.0
2025-09-30,340440,1606.0,1.33,0.1,,-0.1
2025-10-01,340440,,1.36,-0.0,,0.0
2025-10-02,340440,,1.36,0.2,,-0.2
2025-10-10,340440,,1.4,0.8,,-0.8
2025-10-13,340440,,1.59,-0.7,,0.7
2025-10-14,340440,,1.42,0.1,,-0.1
2025-10-15,340440,,1.44,0.5,,-0.5
2025-10-16,340440,,1.56,-0.8,,0.8
2025-10-17,340440,,1.38,-0.4,,0.4
2025-10-20,340440,,1.28,0.2,,-0.1
2025-10-21,340440,,1.32,-0.1,,0.1
2025-10-22,340440,,1.31,0.2,,-0.2
2025-10-23,340440,,1.35,-0.3,,0.3
2025-10-24,340440,,1.29,-0.0,,0.0
2025-10-27,340440,,1.28,-0.0,,0.0
2025-10-28,340440,,1.28,0.1,,-0.1
2025-10-29,340440,,1.29,0.1,,-0.0
2025-10-30,340440,,1.31,-0.1,,0.1
2025-10-31,340440,1417.0,1.29,0.2,,-0.2
2025-11-03,340440,,1.34,-0.1,,0.1
2025-11-04,340440,,1.31,0.2,,-0.2
2025-11-05,340440,,1.38,0.3,,-0.3
2025-11-06,340440,,1.47,0.1,,-0.1
2025-11-07,340440,,1.49,0.6,,-0.6
2025-11-10,340440,,1.65,1.4,-0.7,-0.7
2025-11-11,340440,,1.99,-1.0,,0.9
2025-11-12,340440,,1.74,0.5,,-0.4
2025-11-13,340440,,1.87,-4.7,0.0,4.6
2025-11-14,340440,,0.83,0.5,,-0.5
2025-11-17,340440,,1.05,1.1,,-1.1
2025-11-18,340440,,1.37,-0.1,,0.1
2025-11-19,340440,,1.34,-2.0,,2.0
2025-11-20,340440,,0.93,-0.1,,0.1
2025-11-21,340440,,0.91,0.3,,-0.3
2025-11-24,340440,,1.0,0.4,,-0.4
2025-11-25,340440,,1.1,-1.0,,1.0
2025-11-26,340440,,0.86,0.6,,-0.6
2025-11-27,340440,,1.02,0.0,,-0.0
2025-11-28,340440,1393.0,1.03,0.7,,-0.7
2025-12-01,340440,,1.2,0.5,,-0.5
2025-12-02,340440,,1.31,-2.7,0.0,2.6
2025-12-03,340440,,0.77,-0.8,,0.8
2025-12-04,340440,,0.62,0.1,,-0.1
2025-12-05,340440,,0.64,1.2,0.0,-1.2
2025-12-08,340440,,0.9,0.2,,-0.2
2025-12-09,340440,,0.95,-0.8,,0.8
2025-12-10,340440,,0.79,1.0,,-1.0
2025-12-11,340440,,1.03,1.5,,-1.7
2025-12-12,340440,,1.37,-0.5,,0.7
2025-12-15,340440,,1.26,0.2,,-0.2
2025-12-16,340440,,1.3,-0.6,,0.6
2025-12-17,340440,,1.29,0.7,,-0.7
2025-12-18,340440,,1.45,0.1,,-0.1
2025-12-19,340440,,1.47,0.1,,-0.1
2025-12-22,340440,,1.48,0.1,,-0.1
2025-12-23,340440,,1.5,-0.5,,0.5
2025-12-24,340440,,1.39,0.7,,-0.7
2025-12-26,340440,,1.57,0.3,,-0.3
2025-12-29,340440,,1.65,0.3,,-0.3
2025-12-30,340440,1459.0,1.73,0.0,,-0.0
2026-01-02,340440,,1.73,0.5,,-0.5
2026-01-05,340440,,1.85,-0.1,,0.1
2026-01-06,340440,,1.85,0.2,,-0.2
2026-01-07,340440,,1.89,-0.2,,0.3
2026-01-08,340440,,1.83,-0.1,,0.1
2026-01-09,340440,,1.8,0.3,,-0.3
2026-01-12,340440,,1.89,-0.1,,0.1
2026-01-13,340440,,1.86,-0.0,,0.0
2026-01-14,340440,,1.93,0.0,,-0.0
2026-01-15,340440,,1.94,0.1,,-0.1
2026-01-16,340440,,1.96,0.2,,-0.2
2026-01-19,340440,,2.01,-3.6,,3.6
2026-01-20,340440,,1.2,1.0,,-1.0
2026-01-21,340440,,1.41,0.0,,-0.0
2026-01-22,340440,,1.41,0.9,,-0.8
2026-01-23,340440,,1.62,0.1,,-0.1
2026-01-26,340440,,1.65,1.5,,-1.5
2026-01-27,340440,,2.0,-0.2,,0.2
2026-01-28,340440,,1.96,0.1,0.0,-0.1
2026-01-29,340440,,1.98,0.1,0.0,-0.1
2026-01-30,340440,1377.0,2.01,-0.1,0.0,0.1
2026-02-02,340440,,1.98,-0.3,0.0,0.3
2026-02-03,340440,,1.9,-0.1,0.0,0.1
2026-02-04,340440,,1.87,0.1,0.0,-0.1
2026-02-05,340440,,1.9,-0.1,0.0,0.1
2026-02-06,340440,,1.88,-0.1,0.0,0.1
2026-02-09,340440,,1.84,0.1,0.0,-0.1
2026-02-10,340440,,1.88,0.1,-0.0,-0.1
2026-02-11,340440,,1.9,0.2,0.0,-0.2
2026-02-12,340440,,1.94,0.0,0.0,-0.0
2026-02-13,340440,,1.95,-0.1,0.0,0.1
2026-02-19,340440,,1.92,0.0,0.0,0.0
2026-02-20,340440,,1.93,-0.1,0.0,0.1
2026-02-23,340440,,1.92,-0.3,0.0,0.3
2026-02-24,340440,,1.86,0.1,0.0,-0.1
2026-02-25,340440,,1.77,-0.1,0.0,0.1
2026-02-26,340440,,1.75,-0.2,0.0,0.2
2026-02-27,340440,1283.0,1.69,-0.3,0.0,0.3
2026-03-03,340440,,1.61,0.0,0.0,-0.0
2026-03-04,340440,,1.62,0.1,0.0,-0.1
2026-03-05,340440,,1.65,0.3,0.0,-0.3
2026-03-06,340440,,1.73,0.3,0.0,-0.3
2026-03-09,340440,,1.82,-0.1,-0.0,0.1
2026-03-10,340440,,1.8,0.2,0.0,-0.2
2026-03-11,340440,,1.88,-0.2,0.0,0.2
2026-03-12,340440,,1.82,0.0,0.0,-0.0
2026-03-13,340440,,1.83,0.1,0.0,-0.1
2026-03-16,340440,,1.87,0.0,0.0,-0.0
2026-03-17,340440,,1.87,-0.2,0.0,0.1
2026-03-18,340440,,1.83,-3.1,-0.0,3.1
2026-03-19,340440,,1.18,-1.8,,1.7
2026-03-20,340440,,0.82,-0.1,-0.0,0.1
2026-03-23,340440,,0.81,-2.7,-0.0,2.1
2026-03-24,340440,,0.4,4.7,-0.0,-4.0
2026-03-25,340440,,1.44,-5.7,,5.7
2026-03-26,340440,,0.33,-1.5,0.0,1.5
2026-03-27,340440,,0.1,14.7,,-14.7
2026-03-30,340440,,2.32,-3.1,,2.6
2026-03-31,340440,1810.0,2.03,3.3,0.5,-4.3
2026-04-01,340440,,2.67,-0.4,0.3,0.5
2026-04-02,340440,,2.5,-6.8,-0.9,7.0
2026-04-03,340440,,1.31,-1.3,,1.9
2026-04-06,340440,,1.24,7.4,,-6.9
2026-04-07,340440,,2.51,1.6,,-4.6
2026-04-08,340440,,2.92,6.3,,-4.2
2026-04-09,340440,,3.95,-14.9,0.0,14.8
2026-04-10,340440,,1.45,4.2,,-4.0
2026-04-13,340440,,2.16,-4.4,,4.2
2026-04-14,340440,,1.48,0.7,0.2,-1.1
2026-04-15,340440,,1.8,-6.3,,6.4
2026-04-16,340440,,0.9,-3.7,-0.2,3.8
2026-04-17,340440,,0.4,0.7,,-0.8
2026-04-20,340440,,0.51,2.1,,-2.1
2026-04-21,340440,,0.84,-2.5,,2.6
2026-04-22,340440,,0.43,3.4,,-3.4
2026-04-23,340440,,0.92,3.5,,-3.4
2026-04-24,340440,,1.53,3.9,,-4.0
2026-04-27,340440,,2.27,-9.8,,9.8
2026-04-28,340440,,0.75,3.6,,0.8
2026-04-29,340440,,1.32,3.9,-0.0,-3.9
2026-04-30,340440,2510.0,1.81,-4.7,0.2,4.7
2026-05-04,340440,,1.31,3.8,-0.0,-4.0
2026-05-06,340440,,1.89,-4.3,-0.2,4.5
2026-05-07,340440,,1.24,1.3,0.0,-1.6
2026-05-08,340440,,1.5,-0.8,-0.0,0.9
2026-05-11,340440,,1.37,-1.3,-0.0,1.3
2026-05-12,340440,,1.12,-2.6,-0.0,2.6
2026-05-13,340440,,0.79,5.1,-0.0,-5.1
2026-05-14,340440,,1.75,0.8,0.0,-1.0
2026-05-15,340440,,2.14,-1.1,0.3,1.0
2026-05-18,340440,,1.92,2.5,0.0,-2.5
2026-05-19,340440,,2.47,2.8,0.0,-2.8
2026-05-20,340440,,3.1,2.9,0.6,-3.6
2026-05-21,340440,,3.81,0.4,0.0,-0.4
2026-05-22,340440,,3.99,0.2,-0.0,-0.2
2026-05-26,340440,,3.89,-0.0,0.0,0.0
2026-05-27,340440,,3.88,2.0,0.0,-2.2
2026-05-28,340440,,4.39,-3.2,-0.0,3.4
2026-05-29,340440,1383.0,3.7,3.1,0.0,-3.1
2026-06-01,340440,,4.5,1.8,-0.0,-1.8
2026-06-02,340440,,5.0,1.0,-0.0,-1.0
2026-06-04,340440,,5.23,0.5,-0.3,-0.1
2026-06-05,340440,,5.35,0.5,0.0,-0.6
2026-06-08,340440,,5.5,0.7,-0.0,-0.7
2026-06-09,340440,,5.72,0.6,-0.1,-0.4
2026-06-10,340440,,5.89,-0.8,-0.1,0.9
2026-06-11,340440,,5.67,-2.4,-0.0,2.3
2026-06-12,340440,,5.09,0.4,-0.0,-0.4
2026-06-15,340440,,5.2,0.4,0.0,-0.4
2026-06-16,340440,,5.33,0.1,-0.0,-0.1
2026-06-17,340440,,5.36,0.2,-0.1,-0.2
2026-06-18,340440,,5.43,0.1,-0.0,-0.1
2026-06-19,340440,,5.44,0.2,-0.0,-0.3
2026-06-22,340440,,5.53,0.4,-0.0,-0.5
2026-06-23,340440,,5.67,0.5,0.0,-0.5
2026-06-24,340440,,5.83,0.8,-0.0,-0.8
2026-06-25,340440,,6.1,0.2,-0.0,-0.1
2026-06-26,340440,,6.16,1.0,0.0,-1.0
2026-06-29,340440,,6.57,0.1,0.0,-0.1
2026-06-30,340440,981.0,6.65,-0.1,-0.0,0.1
2026-07-01,340440,,6.6,0.2,-0.0,-0.2
2026-07-02,340440,,6.71,-0.2,-0.0,0.3
2026-07-03,340440,,6.61,0.5,-0.0,-0.5
2026-07-06,340440,,6.79,0.2,0.1,-0.2
2026-07-07,340440,,6.86,0.3,-0.0,-0.3
2026-07-08,340440,,6.99,-3.9,-0.1,3.9
2026-07-09,340440,,5.63,-0.8,-0.0,0.8
2026-07-10,340440,,5.38,1.4,-0.0,-1.4
2026-07-13,340440,941.0,5.89,-0.5,0.0,0.5
2025-07-14,340450,,0.55,-3.0,0.0,2.8
2025-07-15,340450,,0.37,-0.9,0.0,0.5
2025-07-16,340450,,0.36,-1.5,-1.7,3.2
2025-07-17,340450,,0.28,0.8,0.0,-0.7
2025-07-18,340450,,0.33,-0.8,-0.0,0.8
2025-07-21,340450,,0.36,-1.4,0.0,1.4
2025-07-22,340450,,0.29,-0.2,-0.0,0.1
2025-07-23,340450,,0.28,-1.0,-0.0,1.0
2025-07-24,340450,,0.24,-0.7,0.0,0.7
2025-07-25,340450,,0.2,-0.4,-0.0,0.4
2025-07-28,340450,,0.18,-0.0,0.0,0.0
2025-07-29,340450,,0.18,0.1,-0.0,-0.2
2025-07-30,340450,,0.21,-0.1,0.0,-0.3
2025-07-31,340450,,0.21,-0.6,0.0,0.6
2025-08-01,340450,,0.16,0.2,,-0.2
2025-08-04,340450,,0.17,1.0,0.0,-1.1
2025-08-05,340450,,0.26,-0.9,-0.0,0.9
2025-08-06,340450,,0.19,-0.2,-0.0,0.2
2025-08-07,340450,,0.18,-0.4,0.0,0.4
2025-08-08,340450,,0.16,-0.2,-0.0,0.2
2025-08-11,340450,,0.15,0.2,-0.0,-0.2
2025-08-12,340450,,0.16,0.1,0.0,-0.1
2025-08-13,340450,,0.16,0.4,-0.3,-0.2
2025-08-14,340450,,0.2,-0.3,,0.3
2025-08-18,340450,,0.17,-0.4,-0.0,0.4
2025-08-19,340450,,0.15,0.9,0.0,-0.9
2025-08-20,340450,,0.2,2.3,-0.0,-2.3
2025-08-21,340450,,0.39,-0.3,0.0,0.3
2025-08-22,340450,,0.32,-3.9,-0.0,3.8
2025-08-25,340450,,0.12,1.8,-0.0,-1.8
2025-08-26,340450,,0.25,0.2,0.0,-0.2
2025-08-27,340450,,0.28,0.4,0.0,-0.4
2025-08-28,340450,,0.32,1.0,-0.0,-0.9
2025-08-29,340450,7600.0,0.4,0.8,-0.0,-0.8
2025-09-01,340450,,0.44,0.0,-0.0,-0.0
2025-09-02,340450,,0.42,0.7,,-0.7
2025-09-03,340450,,0.47,1.1,-0.0,-1.0
2025-09-04,340450,,0.57,1.1,0.9,-2.2
2025-09-05,340450,,0.65,1.4,-0.0,-1.4
2025-09-08,340450,,0.77,0.1,0.1,-0.2
2025-09-09,340450,,0.77,1.3,0.0,-1.3
2025-09-10,340450,,0.85,-0.1,-0.0,0.1
2025-09-11,340450,,0.84,0.2,,-0.2
2025-09-12,340450,,0.85,1.1,-1.1,0.1
2025-09-15,340450,,0.9,-2.9,-0.5,3.6
2025-09-16,340450,,0.63,-1.7,-0.3,1.9
2025-09-17,340450,,0.55,0.7,-1.1,0.5
2025-09-18,340450,,0.58,0.5,-1.8,1.3
2025-09-19,340450,,0.63,-0.0,-1.1,1.1
2025-09-22,340450,,0.61,0.7,-1.1,0.4
2025-09-23,340450,,0.63,1.2,-0.2,-1.1
2025-09-24,340450,,0.71,-1.4,-1.1,2.5
2025-09-25,340450,,0.62,0.7,,-0.7
2025-09-26,340450,,0.65,-0.6,-0.2,0.8
2025-09-29,340450,,0.61,0.5,,-0.5
2025-09-30,340450,7560.0,0.65,0.2,-0.1,-0.1
2025-10-01,340450,,0.67,-0.9,-0.0,0.2
2025-10-02,340450,,0.61,0.8,-0.1,-0.7
2025-10-10,340450,,0.69,-0.4,,0.3
2025-10-13,340450,,0.63,-0.2,,0.2
2025-10-14,340450,,0.62,-1.1,-0.1,1.2
2025-10-15,340450,,0.55,1.4,,-1.5
2025-10-16,340450,,0.69,0.0,,-0.1
2025-10-17,340450,,0.68,-0.0,,0.0
2025-10-20,340450,,0.71,-0.3,,0.3
2025-10-21,340450,,0.69,0.1,,-0.1
2025-10-22,340450,,0.68,0.5,,-0.5
2025-10-23,340450,,0.72,0.7,,-0.8
2025-10-24,340450,,1.06,-0.5,,0.5
2025-10-27,340450,,1.04,-5.1,,4.7
2025-10-28,340450,,0.62,-0.4,,0.4
2025-10-29,340450,,0.6,-1.7,,1.2
2025-10-30,340450,,0.5,-0.1,,-0.4
2025-10-31,340450,7120.0,0.52,0.7,,-0.7
2025-11-03,340450,,0.57,0.3,,-1.3
2025-11-04,340450,,0.62,1.0,0.1,-1.0
2025-11-05,340450,,0.65,0.0,,-0.1
2025-11-06,340450,,1.08,0.4,0.1,-0.5
2025-11-07,340450,,1.23,-1.8,,1.8
2025-11-10,340450,,1.08,1.2,,-1.3
2025-11-11,340450,,1.03,-0.1,0.1,0.0
2025-11-12,340450,,1.02,1.5,0.1,-1.6
2025-11-13,340450,,1.16,0.7,,-1.2
2025-11-14,340450,,1.19,0.7,,-0.7
2025-11-17,340450,,1.25,-0.3,,0.2
2025-11-18,340450,,1.26,-0.7,-2.0,2.3
2025-11-19,340450,,1.21,0.2,,-0.1
2025-11-20,340450,,1.19,0.7,,-0.7
2025-11-21,340450,,1.25,-0.3,,0.3
2025-11-24,340450,,1.21,0.7,,-0.7
2025-11-25,340450,,1.26,0.4,,-0.4
2025-11-26,340450,,1.3,1.4,0.1,-1.5
2025-11-27,340450,,1.47,0.8,,-0.8
2025-11-28,340450,7020.0,1.55,2.3,,-2.3
2025-12-01,340450,,1.85,1.6,0.8,0.0
2025-12-02,340450,,1.96,3.6,1.5,-5.0
2025-12-03,340450,,2.31,7.5,3.2,-10.3
2025-12-04,340450,,2.92,-2.0,0.2,2.3
2025-12-05,340450,,2.67,0.5,0.1,-0.6
2025-12-08,340450,,2.61,-7.2,0.0,7.2
2025-12-09,340450,,2.05,6.2,-13.1,6.9
2025-12-10,340450,,2.57,1.4,-4.2,2.9
2025-12-11,340450,,2.68,-0.9,-12.0,12.3
2025-12-12,340450,,2.48,-1.5,-0.4,2.0
2025-12-15,340450,,2.49,-0.3,-0.2,0.3
2025-12-16,340450,,2.5,-0.0,0.1,-0.3
2025-12-17,340450,,2.38,-0.9,-2.4,3.0
2025-12-18,340450,,2.22,-1.7,0.0,1.6
2025-12-19,340450,,2.03,5.8,,-5.9
2025-12-22,340450,,2.48,-1.9,,2.0
2025-12-23,340450,,2.37,-2.5,-0.0,2.4
2025-12-24,340450,,2.14,-1.0,,1.0
2025-12-26,340450,,2.08,-2.4,0.0,2.4
2025-12-29,340450,,1.88,1.1,,-1.0
2025-12-30,340450,6820.0,2.0,-1.3,-0.0,1.3
2026-01-02,340450,,1.91,-3.2,0.0,3.2
2026-01-05,340450,,1.7,0.7,-0.0,-0.7
2026-01-06,340450,,1.93,-0.3,0.0,-0.1
2026-01-07,340450,,1.98,1.1,-0.0,-1.2
2026-01-08,340450,,2.08,0.2,-0.0,-0.3
2026-01-09,340450,,2.09,-0.1,-0.0,0.2
2026-01-12,340450,,2.1,0.0,-0.0,-0.0
2026-01-13,340450,,2.14,-1.7,0.0,1.7
2026-01-14,340450,,1.8,-1.9,0.0,2.5
2026-01-15,340450,,1.63,-0.1,0.0,0.1
2026-01-16,340450,,1.62,-0.2,-0.0,0.2
2026-01-19,340450,,1.6,-0.8,-0.0,0.6
2026-01-20,340450,,1.55,23.2,-0.0,-22.2
2026-01-21,340450,,2.91,-10.8,-0.0,10.7
2026-01-22,340450,,2.24,3.2,-0.0,-3.3
2026-01-23,340450,,2.44,1.7,1.6,-2.9
2026-01-26,340450,,2.54,2.7,1.6,-2.7
2026-01-27,340450,,2.69,5.5,0.8,-6.5
2026-01-28,340450,,2.99,3.3,-2.3,-0.9
2026-01-29,340450,,3.17,5.4,-6.3,0.8
2026-01-30,340450,8230.0,3.46,15.4,-17.1,1.6
2026-02-02,340450,,4.24,8.0,-22.5,12.8
2026-02-03,340450,,4.63,-5.3,-20.5,19.5
2026-02-04,340450,,4.37,10.4,-21.2,9.2
2026-02-05,340450,,4.85,-0.8,-7.3,8.1
2026-02-06,340450,,4.82,-6.4,-1.3,7.4
2026-02-09,340450,,4.51,0.4,1.7,-2.2
2026-02-10,340450,,4.53,6.3,-0.3,-6.9
2026-02-11,340450,,4.82,-9.9,0.0,9.8
2026-02-12,340450,,4.36,7.5,0.0,-6.2
2026-02-13,340450,,4.71,-2.4,-0.6,3.4
2026-02-19,340450,,4.59,4.7,0.1,-5.3
2026-02-20,340450,,4.81,4.2,-0.5,-2.8
2026-02-23,340450,,5.0,-9.6,-0.2,11.3
2026-02-24,340450,,4.52,3.0,-8.7,5.9
2026-02-25,340450,,4.66,-2.8,-0.8,3.1
2026-02-26,340450,,4.53,-6.1,0.3,5.1
2026-02-27,340450,8230.0,4.23,2.6,-0.0,-2.5
2026-03-03,340450,,4.36,5.7,-1.6,-4.2
2026-03-04,340450,,4.67,4.2,-0.0,-4.2
2026-03-05,340450,,4.93,4.9,0.8,-5.0
2026-03-06,340450,,5.21,-0.7,0.0,0.7
2026-03-09,340450,,5.17,-0.1,0.0,2.2
2026-03-10,340450,,5.17,-0.7,-0.0,0.7
2026-03-11,340450,,5.02,-5.0,-0.0,5.0
2026-03-12,340450,,4.71,0.8,-0.0,-0.8
2026-03-13,340450,,4.75,-1.8,-0.0,1.8
2026-03-16,340450,,4.65,-3.4,-0.0,3.3
2026-03-17,340450,,4.47,-2.1,-0.0,0.9
2026-03-18,340450,,4.12,-2.5,-0.0,2.5
2026-03-19,340450,,3.97,-3.2,-0.0,3.2
2026-03-20,340450,,3.79,-1.9,-0.0,1.0
2026-03-23,340450,,3.69,-2.1,-0.0,2.1
2026-03-24,340450,,3.57,0.8,-0.0,-1.5
2026-03-25,340450,,3.61,6.1,-0.2,-6.6
2026-03-26,340450,,3.93,-3.0,-4.4,7.1
2026-03-27,340450,,3.78,-0.7,-3.7,4.3
2026-03-30,340450,,3.74,2.1,-4.4,2.4
2026-03-31,340450,7650.0,3.84,-2.2,0.0,2.2
2026-04-01,340450,,3.73,1.6,-1.6,-0.4
2026-04-02,340450,,3.81,-0.1,-1.9,2.5
2026-04-03,340450,,3.82,0.4,0.6,-1.0
2026-04-06,340450,,4.03,-0.0,-0.1,0.4
2026-04-07,340450,,4.12,0.9,0.0,0.9
2026-04-08,340450,,4.17,-2.9,-0.0,3.0
2026-04-09,340450,,4.0,-0.8,-0.6,1.3
2026-04-10,340450,,3.96,-1.1,-0.1,1.2
2026-04-13,340450,,3.9,-1.0,-0.0,1.0
2026-04-14,340450,,3.84,-0.9,0.0,0.9
2026-04-15,340450,,3.79,0.3,-0.0,-0.3
2026-04-16,340450,,3.81,6.0,-1.5,-5.0
2026-04-17,340450,,4.13,0.5,-9.1,8.1
2026-04-20,340450,,4.15,2.5,-5.8,3.6
2026-04-21,340450,,4.28,0.6,-0.4,0.1
2026-04-22,340450,,4.31,-2.6,-0.0,2.7
2026-04-23,340450,,4.17,0.5,-0.1,-0.7
2026-04-24,340450,,4.2,14.1,-4.9,-10.2
2026-04-27,340450,,4.93,-5.6,-1.0,6.5
2026-04-28,340450,,4.65,1.5,3.3,-4.4
2026-04-29,340450,,4.72,3.3,1.4,-4.9
2026-04-30,340450,8470.0,4.89,-4.9,0.2,4.5
2026-05-04,340450,,4.65,6.5,-6.4,0.3
2026-05-06,340450,,4.97,-3.1,-0.2,5.1
2026-05-07,340450,,4.81,-2.6,-0.0,3.0
2026-05-08,340450,,4.66,-1.6,0.0,1.4
2026-05-11,340450,,4.58,-1.6,-0.2,2.1
2026-05-12,340450,,4.53,-2.1,-0.2,2.1
2026-05-13,340450,,4.41,-1.8,1.3,0.1
2026-05-14,340450,,4.3,-2.4,-1.3,3.7
2026-05-15,340450,,4.15,-3.2,-0.0,2.4
2026-05-18,340450,,3.96,-6.4,2.7,3.8
2026-05-19,340450,,3.57,-2.3,0.0,2.3
2026-05-20,340450,,3.45,-2.9,-0.0,2.1
2026-05-21,340450,,3.26,0.9,0.0,-1.4
2026-05-22,340450,,3.33,4.0,-0.0,-3.6
2026-05-26,340450,,3.57,-1.7,0.0,1.2
2026-05-27,340450,,3.47,0.6,0.6,-1.4
2026-05-28,340450,,3.51,-3.5,0.0,3.0
2026-05-29,340450,6020.0,3.28,-6.1,0.4,5.1
2026-06-01,340450,,2.87,2.8,-1.6,-1.6
2026-06-02,340450,,3.08,2.6,-1.1,-1.6
2026-06-04,340450,,3.28,-2.1,-0.0,1.7
2026-06-05,340450,,3.13,0.9,-0.1,-1.0
2026-06-08,340450,,3.2,-1.4,-0.0,1.0
2026-06-09,340450,,3.08,1.1,0.2,-1.3
2026-06-10,340450,,3.17,0.1,0.0,-0.2
2026-06-11,340450,,3.18,1.3,0.0,-1.3
2026-06-12,340450,,3.28,-0.2,-0.1,0.8
2026-06-15,340450,,3.26,-0.8,0.0,1.2
2026-06-16,340450,,3.21,0.6,0.1,-0.3
2026-06-17,340450,,3.25,-3.8,-0.6,4.3
2026-06-18,340450,,2.96,-4.2,-0.0,4.2
2026-06-19,340450,,2.62,-2.8,-0.0,2.7
2026-06-22,340450,,2.39,-0.4,0.0,-0.0
2026-06-23,340450,,2.35,-1.2,-0.8,2.0
2026-06-24,340450,,2.24,2.6,-0.7,-1.9
2026-06-25,340450,,2.49,-0.0,-0.0,-0.3
2026-06-26,340450,,2.49,-0.6,-0.1,0.5
2026-06-29,340450,,2.47,5.5,0.2,-5.7
2026-06-30,340450,4915.0,2.97,-1.9,-0.2,2.0
2026-07-01,340450,,2.8,-1.1,0.1,1.0
2026-07-02,340450,,2.71,-0.6,-0.1,0.5
2026-07-03,340450,,2.65,0.9,-0.0,-0.9
2026-07-06,340450,,2.74,1.2,-0.0,-1.3
2026-07-07,340450,,2.92,-0.2,,0.1
2026-07-08,340450,,2.83,-0.1,0.0,0.0
2026-07-09,340450,,2.82,1.3,-0.0,-1.4
2026-07-10,340450,,2.95,1.4,-0.0,-1.3
2026-07-13,340450,4450.0,3.07,-0.2,0.0,0.2
2025-07-14,340570,,10.93,-12.6,2.9,9.6
2025-07-15,340570,,10.72,-7.8,-9.4,16.8
2025-07-16,340570,,10.95,-3.9,-7.7,11.2
2025-07-17,340570,,10.86,-0.6,-3.6,4.1
2025-07-18,340570,,10.98,-0.9,-3.5,4.4
2025-07-21,340570,,10.98,-5.0,-1.2,5.8
2025-07-22,340570,,10.88,-4.6,1.4,3.2
2025-07-23,340570,,10.77,-4.0,2.3,1.7
2025-07-24,340570,,10.68,-8.9,-0.2,8.9
2025-07-25,340570,,10.49,1.1,3.5,-4.9
2025-07-28,340570,,10.53,-13.1,0.6,12.5
2025-07-29,340570,,10.16,2.2,0.9,-3.6
2025-07-30,340570,,10.22,-4.7,-0.9,6.1
2025-07-31,340570,,10.13,13.3,-0.5,-14.5
2025-08-01,340570,,10.51,-3.2,-0.7,4.3
2025-08-04,340570,,10.42,-5.6,1.1,5.0
2025-08-05,340570,,10.29,-4.3,1.8,2.4
2025-08-06,340570,,10.36,-9.4,2.4,6.7
2025-08-07,340570,,10.15,-0.9,0.9,-0.3
2025-08-08,340570,,10.15,-4.9,9.0,-4.2
2025-08-11,340570,,10.07,-10.3,4.1,5.7
2025-08-12,340570,,9.85,-12.6,0.8,12.1
2025-08-13,340570,,9.52,10.0,-1.8,-7.5
2025-08-14,340570,,9.73,8.6,-0.3,-8.1
2025-08-18,340570,,9.94,3.0,-21.2,18.0
2025-08-19,340570,,10.01,-1.3,0.4,0.8
2025-08-20,340570,,9.97,-1.1,3.3,-2.5
2025-08-21,340570,,9.96,3.5,-0.0,-3.9
2025-08-22,340570,,10.05,-0.2,-5.7,5.7
2025-08-25,340570,,10.09,1.6,-1.5,-0.0
2025-08-26,340570,,10.17,1.0,-0.5,-0.6
2025-08-27,340570,,10.25,0.7,0.5,-1.3
2025-08-28,340570,,10.19,1.7,-4.5,2.8
2025-08-29,340570,53000.0,10.23,2.8,-8.9,6.0
2025-09-01,340570,,10.33,8.6,-10.0,1.3
2025-09-02,340570,,10.54,3.8,1.5,-5.2
2025-09-03,340570,,10.64,6.4,-15.3,8.8
2025-09-04,340570,,10.83,17.8,-19.1,1.3
2025-09-05,340570,,11.13,2.4,-2.9,1.7
2025-09-08,340570,,11.23,-1.9,-3.4,5.1
2025-09-09,340570,,11.11,-2.8,2.2,0.6
2025-09-10,340570,,10.99,-3.4,1.0,2.5
2025-09-11,340570,,10.9,-0.3,0.9,-0.9
2025-09-12,340570,,10.89,-2.4,0.5,2.4
2025-09-15,340570,,10.82,-2.7,0.8,1.7
2025-09-16,340570,,10.76,-3.7,-11.6,14.9
2025-09-17,340570,,10.67,-0.7,-3.7,4.2
2025-09-18,340570,,10.58,1.5,-6.8,5.4
2025-09-19,340570,,10.62,-1.0,-2.5,4.1
2025-09-22,340570,,10.62,2.5,-8.2,6.3
2025-09-23,340570,,10.72,2.5,-8.0,5.7
2025-09-24,340570,,10.77,0.6,-1.9,1.3
2025-09-25,340570,,10.75,4.1,0.7,-5.0
2025-09-26,340570,,10.83,-10.2,-1.9,12.1
2025-09-29,340570,,10.44,0.7,-0.4,-0.2
2025-09-30,340570,49450.0,10.36,-0.1,0.4,-0.3
2025-10-01,340570,,10.35,2.5,-0.6,-1.8
2025-10-02,340570,,10.69,-7.3,-8.3,15.5
2025-10-10,340570,,10.49,4.6,-4.1,-0.5
2025-10-13,340570,,10.64,7.1,-3.0,-4.1
2025-10-14,340570,,10.82,-2.4,2.6,-0.0
2025-10-15,340570,,10.72,4.3,-5.5,1.3
2025-10-16,340570,,10.85,4.5,-3.9,-0.6
2025-10-17,340570,,10.99,0.6,-5.1,4.6
2025-10-20,340570,,10.97,6.7,-5.4,-1.3
2025-10-21,340570,,11.18,0.8,-0.9,1.1
2025-10-22,340570,,11.17,5.1,-3.2,-2.0
2025-10-23,340570,,11.3,-2.1,-0.1,2.1
2025-10-24,340570,,11.18,-2.9,0.0,2.9
2025-10-27,340570,,11.1,1.8,-1.4,-0.8
2025-10-28,340570,,11.13,-0.3,-2.6,2.6
2025-10-29,340570,,11.1,7.2,-14.6,7.2
2025-10-30,340570,,11.29,2.3,-2.6,0.1
2025-10-31,340570,46000.0,11.34,-4.2,-5.4,9.4
2025-11-03,340570,,11.21,2.6,-2.3,0.2
2025-11-04,340570,,11.28,5.6,-3.7,-2.1
2025-11-05,340570,,11.43,2.3,-3.3,1.0
2025-11-06,340570,,11.5,6.7,-1.0,-5.6
2025-11-07,340570,,11.73,-3.0,5.2,-2.3
2025-11-10,340570,,11.62,7.6,-1.8,-5.8
2025-11-11,340570,,11.81,3.4,-1.4,-2.4
2025-11-12,340570,,11.94,4.8,-1.6,-3.2
2025-11-13,340570,,12.07,-0.7,-0.2,1.0
2025-11-14,340570,,12.01,-1.7,0.5,1.3
2025-11-17,340570,,11.95,-1.8,-0.6,2.4
2025-11-18,340570,,11.92,1.0,-1.6,0.6
2025-11-19,340570,,11.99,-0.9,13.1,-12.7
2025-11-20,340570,,11.99,-2.3,-0.6,3.0
2025-11-21,340570,,11.91,-2.0,-0.8,2.7
2025-11-24,340570,,11.83,1.4,-0.7,-0.6
2025-11-25,340570,,11.87,-1.1,-1.6,2.7
2025-11-26,340570,,11.84,9.3,-5.9,-3.0
2025-11-27,340570,,12.28,5.4,-0.7,-4.2
2025-11-28,340570,46950.0,12.44,2.3,-0.8,-1.5
2025-12-01,340570,,12.54,-0.0,-3.3,3.2
2025-12-02,340570,,12.63,7.7,-2.6,-5.5
2025-12-03,340570,,12.86,1.1,-4.3,3.9
2025-12-04,340570,,13.08,-8.3,1.6,4.7
2025-12-05,340570,,12.89,-6.4,-1.0,7.3
2025-12-08,340570,,12.68,-0.5,-1.3,1.7
2025-12-09,340570,,12.65,0.8,-4.3,3.0
2025-12-10,340570,,12.67,0.8,-3.0,2.1
2025-12-11,340570,,12.25,0.9,0.9,-2.2
2025-12-12,340570,,12.32,-2.0,-0.8,2.8
2025-12-15,340570,,12.25,-0.1,-1.9,2.1
2025-12-16,340570,,12.24,5.3,-7.4,2.2
2025-12-17,340570,,11.82,1.8,-1.8,-0.1
2025-12-18,340570,,11.85,1.4,-0.9,-0.5
2025-12-19,340570,,11.89,-0.5,0.0,0.4
2025-12-22,340570,,11.87,4.7,0.2,-4.4
2025-12-23,340570,,12.04,7.3,0.6,-7.6
2025-12-24,340570,,12.3,7.0,2.0,-8.5
2025-12-26,340570,,12.52,4.9,1.1,-5.1
2025-12-29,340570,,12.43,-4.9,-0.0,5.1
2025-12-30,340570,49050.0,12.24,-0.5,-0.0,0.5
2026-01-02,340570,,12.26,-4.6,1.4,3.2
2026-01-05,340570,,12.1,-0.6,-0.2,1.6
2026-01-06,340570,,12.88,-1.9,-0.2,2.0
2026-01-07,340570,,13.14,-3.0,-0.3,3.3
2026-01-08,340570,,13.05,-2.1,-0.2,2.5
2026-01-09,340570,,12.99,0.9,-0.8,-0.1
2026-01-12,340570,,13.01,-0.4,0.1,1.0
2026-01-13,340570,,13.06,-1.8,-0.3,2.2
2026-01-14,340570,,13.03,-1.5,-0.1,1.9
2026-01-15,340570,,12.97,-1.4,-2.7,4.0
2026-01-16,340570,,12.87,-3.1,3.4,-0.1
2026-01-19,340570,,12.77,-0.4,0.0,0.2
2026-01-20,340570,,12.76,0.1,-0.4,0.2
2026-01-21,340570,,12.76,-2.5,-0.3,2.8
2026-01-22,340570,,12.69,3.7,-2.3,-1.5
2026-01-23,340570,,12.82,12.6,0.5,-13.5
2026-01-26,340570,,13.25,-2.9,-0.4,2.8
2026-01-27,340570,,13.11,-0.1,-0.5,1.0
2026-01-28,340570,,13.12,0.8,-0.9,-1.3
2026-01-29,340570,,13.15,0.7,-3.8,0.8
2026-01-30,340570,55000.0,13.16,1.2,12.2,-14.7
2026-02-02,340570,,13.16,-7.1,5.0,0.3
2026-02-03,340570,,13.07,-1.6,-1.1,3.1
2026-02-04,340570,,12.98,2.7,1.3,-3.4
2026-02-05,340570,,12.42,3.4,0.1,-3.5
2026-02-06,340570,,12.48,4.0,0.1,-4.0
2026-02-09,340570,,12.56,1.5,-0.6,-0.9
2026-02-10,340570,,12.62,2.6,3.1,-5.7
2026-02-11,340570,,12.66,-2.3,3.3,-1.9
2026-02-12,340570,,12.53,1.1,-4.5,2.5
2026-02-13,340570,,12.55,3.7,-2.4,4.3
2026-02-19,340570,,12.68,5.8,-0.5,-5.1
2026-02-20,340570,,12.83,-3.1,-0.6,3.7
2026-02-23,340570,,12.74,-0.0,-0.8,1.6
2026-02-24,340570,,12.72,1.3,1.6,-2.8
2026-02-25,340570,,12.74,-1.7,-0.3,2.4
2026-02-26,340570,,12.92,-1.2,-1.4,2.3
2026-02-27,340570,54700.0,12.88,-0.8,-0.3,1.3
2026-03-03,340570,,12.83,-7.6,-0.4,8.3
2026-03-04,340570,,12.62,7.0,-10.4,-6.9
2026-03-05,340570,,12.94,-0.8,-0.2,-0.9
2026-03-06,340570,,12.9,2.9,-1.2,-1.7
2026-03-09,340570,,13.03,1.8,-1.0,-1.0
2026-03-10,340570,,13.03,-0.3,-0.0,0.4
2026-03-11,340570,,13.15,-1.4,-1.8,2.1
2026-03-12,340570,,12.81,-0.3,0.1,0.1
2026-03-13,340570,,12.8,-0.1,0.9,-0.8
2026-03-16,340570,,12.81,-4.1,-0.2,4.3
2026-03-17,340570,,12.68,-3.3,-0.6,4.0
2026-03-18,340570,,12.74,-4.4,-0.6,5.5
2026-03-19,340570,,12.61,-16.5,-3.6,20.3
2026-03-20,340570,,12.14,-2.1,-0.7,2.7
2026-03-23,340570,,12.12,1.7,-1.6,-0.4
2026-03-24,340570,,12.12,1.7,1.5,-1.8
2026-03-25,340570,,12.22,-8.0,0.0,8.6
2026-03-26,340570,,12.04,-12.5,-0.0,6.9
2026-03-27,340570,,11.73,2.3,2.9,-3.6
2026-03-30,340570,,11.81,-3.4,2.2,1.2
2026-03-31,340570,49950.0,11.74,1.3,3.3,-4.5
2026-04-01,340570,,11.77,-6.7,-1.7,8.0
2026-04-02,340570,,11.65,14.5,15.0,-32.8
2026-04-03,340570,,12.11,-7.2,14.1,-7.0
2026-04-06,340570,,11.91,-9.7,-4.5,14.3
2026-04-07,340570,,11.61,-3.0,1.1,2.0
2026-04-08,340570,,11.5,1.0,0.3,6.1
2026-04-09,340570,,11.61,7.4,3.3,-10.2
2026-04-10,340570,,11.8,1.0,-0.3,-0.7
2026-04-13,340570,,11.81,28.1,9.6,-38.1
2026-04-14,340570,,12.8,0.6,8.7,10.1
2026-04-15,340570,,12.67,-11.1,6.3,5.0
2026-04-16,340570,,12.34,-30.9,22.1,3.6
2026-04-17,340570,,11.84,2.4,9.6,-12.2
2026-04-20,340570,,11.92,-3.3,11.0,-7.1
2026-04-21,340570,,11.84,5.8,-1.8,-4.6
2026-04-22,340570,,12.07,-0.4,-0.2,0.8
2026-04-23,340570,,12.1,-1.5,1.3,0.3
2026-04-24,340570,,12.07,-4.2,15.6,-11.3
2026-04-27,340570,,12.0,-7.7,9.5,-1.9
2026-04-28,340570,,11.79,-0.3,0.3,-0.1
2026-04-29,340570,,11.95,5.6,1.8,-7.4
2026-04-30,340570,61200.0,11.99,-5.1,13.9,-8.2
2026-05-04,340570,,11.89,-7.1,7.9,-0.9
2026-05-06,340570,,11.68,-21.0,-1.8,22.7
2026-05-07,340570,,11.2,0.7,0.2,-0.9
2026-05-08,340570,,11.22,5.2,0.5,-5.4
2026-05-11,340570,,11.29,5.7,-1.2,-3.4
2026-05-12,340570,,11.41,-2.1,0.2,2.3
2026-05-13,340570,,11.15,-2.5,-1.6,4.0
2026-05-14,340570,,11.13,-7.3,11.3,-4.1
2026-05-15,340570,,10.94,50.3,-3.9,-49.6
2026-05-18,340570,,12.03,5.0,-2.5,-1.9
2026-05-19,340570,,12.11,-10.4,11.9,0.2
2026-05-20,340570,,11.79,3.6,6.6,-11.1
2026-05-21,340570,,11.93,1.2,4.2,-6.0
2026-05-22,340570,,11.94,-4.2,7.5,-2.0
2026-05-26,340570,,11.83,11.2,-1.4,-9.9
2026-05-27,340570,,12.26,-2.3,-1.0,3.2
2026-05-28,340570,,12.24,1.7,-1.2,-1.2
2026-05-29,340570,56100.0,12.26,2.9,1.1,-3.3
2026-06-01,340570,,12.34,5.3,-1.8,-3.4
2026-06-02,340570,,12.47,15.1,1.0,-14.8
2026-06-04,340570,,12.76,-3.4,3.6,0.1
2026-06-05,340570,,13.19,-3.5,5.3,-1.7
2026-06-08,340570,,12.97,-1.0,1.2,0.5
2026-06-09,340570,,12.98,7.9,9.0,-16.3
2026-06-10,340570,,13.27,-7.0,10.3,-3.0
2026-06-11,340570,,13.11,-2.2,4.4,-3.4
2026-06-12,340570,,12.94,1.0,0.0,-0.8
2026-06-15,340570,,12.93,-1.7,-2.4,3.9
2026-06-16,340570,,12.86,-1.3,-0.4,1.7
2026-06-17,340570,,12.63,3.5,0.7,-0.2
2026-06-18,340570,,12.68,2.2,-2.6,0.6
2026-06-19,340570,,12.72,6.6,-3.5,-3.9
2026-06-22,340570,,12.81,0.2,-6.5,6.1
2026-06-23,340570,,12.84,-1.6,-8.4,9.1
2026-06-24,340570,,12.76,1.7,-9.0,7.3
2026-06-25,340570,,12.77,3.1,-3.5,0.4
2026-06-26,340570,,12.83,4.7,3.4,-4.4
2026-06-29,340570,,12.96,9.7,-4.2,-6.2
2026-06-30,340570,55600.0,13.19,-3.2,1.4,1.3
2026-07-01,340570,,13.12,5.0,-14.9,9.3
2026-07-02,340570,,13.22,7.2,-13.6,5.7
2026-07-03,340570,,13.41,19.3,-1.4,-16.6
2026-07-06,340570,,13.89,4.3,-8.9,4.3
2026-07-07,340570,,13.94,13.0,-9.3,-3.7
2026-07-08,340570,,14.27,-0.7,-3.1,3.8
2026-07-09,340570,,14.23,-6.8,4.7,2.0
2026-07-10,340570,,14.03,6.9,9.8,-15.8
2026-07-13,340570,52700.0,14.24,1.1,4.8,-5.7
2025-07-14,340810,,0.97,-0.4,0.0,0.4
2025-07-15,340810,,1.27,0.6,0.0,-0.6
2025-07-16,340810,,1.38,0.7,-0.2,-0.5
2025-07-17,340810,,1.51,-2.1,-0.5,2.4
2025-07-18,340810,,1.11,0.7,0.0,-0.7
2025-07-21,340810,,1.34,0.1,-0.8,0.8
2025-07-22,340810,,1.36,-0.7,-0.2,1.0
2025-07-23,340810,,1.23,-1.9,-0.4,2.3
2025-07-24,340810,,0.87,-0.3,0.0,0.2
2025-07-25,340810,,0.81,0.4,-0.0,-0.5
2025-07-28,340810,,0.89,0.0,0.0,-0.1
2025-07-29,340810,,0.9,0.1,0.0,-0.0
2025-07-30,340810,,0.91,-0.2,0.0,0.1
2025-07-31,340810,,0.88,0.3,-0.0,-0.5
2025-08-01,340810,,1.06,0.3,-0.3,-0.1
2025-08-04,340810,,1.11,0.5,0.0,-0.5
2025-08-05,340810,,1.22,0.3,0.0,-0.1
2025-08-06,340810,,1.28,0.8,0.0,-0.8
2025-08-07,340810,,1.44,-0.4,-0.0,0.5
2025-08-08,340810,,1.36,-0.8,0.0,0.8
2025-08-11,340810,,1.2,0.2,0.0,-0.2
2025-08-12,340810,,1.24,0.1,-0.0,-0.1
2025-08-13,340810,,1.26,0.7,0.0,-0.9
2025-08-14,340810,,1.41,0.3,0.0,-0.4
2025-08-18,340810,,1.49,0.4,0.1,-0.4
2025-08-19,340810,,1.59,0.4,0.0,-0.3
2025-08-20,340810,,1.65,0.9,-0.0,-0.9
2025-08-21,340810,,1.85,-0.4,0.0,0.3
2025-08-22,340810,,1.8,1.4,0.0,-1.4
2025-08-25,340810,,2.13,-0.1,0.0,0.1
2025-08-26,340810,,2.08,-0.7,0.0,0.7
2025-08-27,340810,,1.93,-0.7,0.0,0.7
2025-08-28,340810,,1.79,0.3,-0.0,-0.4
2025-08-29,340810,3400.0,1.87,0.4,0.0,-0.4
2025-09-01,340810,,1.98,0.2,-0.0,-0.3
2025-09-02,340810,,2.02,0.5,-0.0,-0.3
2025-09-03,340810,,2.15,0.1,0.0,-0.1
2025-09-04,340810,,2.17,0.0,0.0,-0.0
2025-09-05,340810,,2.18,-0.2,0.0,0.2
2025-09-08,340810,,2.13,0.6,-0.0,-0.6
2025-09-09,340810,,2.25,0.5,0.0,-0.5
2025-09-10,340810,,2.32,-0.3,0.0,0.3
2025-09-11,340810,,2.25,0.0,-0.0,-0.1
2025-09-12,340810,,2.26,0.3,-0.0,-0.3
2025-09-15,340810,,2.33,-0.3,-0.0,0.3
2025-09-16,340810,,2.27,0.0,0.0,-0.0
2025-09-17,340810,,2.27,-0.0,0.0,0.0
2025-09-18,340810,,2.26,0.7,-0.0,-0.7
2025-09-19,340810,,2.4,-0.2,-0.0,0.2
2025-09-22,340810,,2.36,-0.5,0.0,0.4
2025-09-23,340810,,2.26,-0.4,-0.0,0.3
2025-09-24,340810,,2.18,-0.9,0.0,0.8
2025-09-25,340810,,1.99,-0.1,-0.0,-0.2
2025-09-26,340810,,1.97,-0.3,0.0,-1.0
2025-09-29,340810,,1.92,1.0,0.0,-0.8
2025-09-30,340810,3645.0,2.12,-0.4,0.0,0.2
2025-10-01,340810,,2.04,-0.3,0.0,0.3
2025-10-02,340810,,1.97,0.2,0.0,-0.3
2025-10-10,340810,,2.02,0.2,0.0,-0.3
2025-10-13,340810,,2.07,1.3,-0.0,-1.4
2025-10-14,340810,,2.36,-0.6,0.0,0.4
2025-10-15,340810,,2.23,0.3,0.0,-0.3
2025-10-16,340810,,2.37,-0.1,0.0,-0.2
2025-10-17,340810,,2.35,-0.1,0.0,-0.5
2025-10-20,340810,,2.31,0.3,-0.0,-0.2
2025-10-21,340810,,2.37,0.1,0.0,-0.2
2025-10-22,340810,,2.38,-3.7,0.0,4.1
2025-10-23,340810,,1.59,0.6,0.0,-0.7
2025-10-24,340810,,1.72,-0.2,-0.0,0.1
2025-10-27,340810,,1.67,0.7,0.0,-0.7
2025-10-28,340810,,1.84,-0.5,0.0,0.5
2025-10-29,340810,,1.71,0.0,0.0,-0.1
2025-10-30,340810,,1.72,0.0,0.0,-0.5
2025-10-31,340810,3290.0,1.73,0.4,0.0,-0.5
2025-11-03,340810,,1.84,1.3,-0.0,-1.3
2025-11-04,340810,,2.13,-0.5,0.0,0.5
2025-11-05,340810,,2.02,-0.8,-0.0,0.6
2025-11-06,340810,,1.83,-0.3,0.0,0.3
2025-11-07,340810,,1.77,-0.2,0.0,0.2
2025-11-10,340810,,1.71,-0.0,-0.0,0.0
2025-11-11,340810,,1.87,0.0,0.0,-0.0
2025-11-12,340810,,1.87,0.2,-0.0,-0.3
2025-11-13,340810,,1.93,-0.3,-0.0,0.3
2025-11-14,340810,,1.85,-0.3,0.0,0.1
2025-11-17,340810,,1.77,-0.2,0.0,0.1
2025-11-18,340810,,1.75,0.1,0.0,-0.2
2025-11-19,340810,,1.78,0.3,0.0,-0.3
2025-11-20,340810,,1.86,0.4,0.0,-0.4
2025-11-21,340810,,1.98,-0.4,0.0,0.1
2025-11-24,340810,,1.87,0.0,0.0,-0.1
2025-11-25,340810,,1.88,0.1,0.0,-0.2
2025-11-26,340810,,1.88,0.3,-0.0,-0.3
2025-11-27,340810,,1.97,0.1,-0.0,-0.2
2025-11-28,340810,2895.0,1.99,0.1,0.0,-0.0
2025-12-01,340810,,2.0,-0.1,0.0,0.0
2025-12-02,340810,,1.98,0.3,-0.0,-0.4
2025-12-03,340810,,2.05,0.0,0.0,0.1
2025-12-04,340810,,2.06,0.2,-0.0,-0.2
2025-12-05,340810,,2.12,0.1,0.0,-0.2
2025-12-08,340810,,2.15,0.0,0.0,-0.1
2025-12-09,340810,,2.16,-0.1,-0.0,0.3
2025-12-10,340810,,2.13,0.1,-0.0,-0.1
2025-12-11,340810,,2.14,-0.1,0.0,0.1
2025-12-12,340810,,2.12,-0.1,-0.0,0.1
2025-12-15,340810,,2.08,-0.0,0.0,-0.4
2025-12-16,340810,,2.07,-0.2,0.0,-0.1
2025-12-17,340810,,2.1,-0.0,0.0,-0.3
2025-12-18,340810,,2.09,-0.1,-0.0,0.0
2025-12-19,340810,,2.07,0.1,-0.0,-0.2
2025-12-22,340810,,2.1,0.6,-0.0,-0.5
2025-12-23,340810,,2.25,-0.2,0.0,0.2
2025-12-24,340810,,2.2,-0.1,0.0,-0.2
2025-12-26,340810,,2.19,-0.0,0.0,0.0
2025-12-29,340810,,2.19,0.1,-0.0,-0.2
2025-12-30,340810,2815.0,2.22,0.5,-0.0,-0.5
2026-01-02,340810,,2.35,0.2,,-0.2
2026-01-05,340810,,2.4,-0.1,-0.0,-0.0
2026-01-06,340810,,2.38,0.3,,-0.3
2026-01-07,340810,,2.47,-0.0,,0.8
2026-01-08,340810,,2.2,-0.3,-0.1,0.4
2026-01-09,340810,,2.1,0.0,,-0.0
2026-01-12,340810,,2.1,0.0,,-0.1
2026-01-13,340810,,2.17,0.2,,-0.2
2026-01-14,340810,,2.22,0.4,,-0.4
2026-01-15,340810,,2.33,0.5,,-0.5
2026-01-16,340810,,2.49,-1.9,,1.9
2026-01-19,340810,,2.0,-0.1,-2.4,1.8
2026-01-20,340810,,2.02,-3.9,-6.7,13.5
2026-01-21,340810,,1.34,-0.6,,0.7
2026-01-22,340810,,1.23,0.2,,-0.3
2026-01-23,340810,,1.27,1.6,,-1.7
2026-01-26,340810,,1.89,-0.1,,0.2
2026-01-27,340810,,1.86,-2.9,-6.7,12.3
2026-01-28,340810,,1.57,0.7,,-1.5
2026-01-29,340810,,1.72,-0.3,,0.3
2026-01-30,340810,3750.0,1.68,-0.4,,0.4
2026-02-02,340810,,1.61,1.6,,-1.6
2026-02-03,340810,,1.94,-0.7,,0.6
2026-02-04,340810,,1.99,-2.3,,2.7
2026-02-05,340810,,1.51,-0.2,,-0.1
2026-02-06,340810,,1.46,1.6,,-1.5
2026-02-09,340810,,1.84,0.6,,-0.6
2026-02-10,340810,,1.97,-0.1,,0.1
2026-02-11,340810,,1.95,-0.4,,0.5
2026-02-12,340810,,1.87,-0.2,,0.3
2026-02-13,340810,,1.81,0.4,,-0.4
2026-02-19,340810,,1.9,1.8,,-1.8
2026-02-20,340810,,2.34,-1.5,,1.5
2026-02-23,340810,,1.97,0.0,,-0.1
2026-02-24,340810,,1.91,-0.7,,1.3
2026-02-25,340810,,1.74,-0.3,,0.3
2026-02-26,340810,,1.67,0.8,,-1.4
2026-02-27,340810,2885.0,1.87,-0.3,,0.3
2026-03-03,340810,,1.83,1.0,,-1.0
2026-03-04,340810,,2.15,1.0,,-1.7
2026-03-05,340810,,2.46,-0.1,,-0.7
2026-03-06,340810,,2.5,0.3,,-0.3
2026-03-09,340810,,2.61,-0.8,-0.1,-0.8
2026-03-10,340810,,2.38,0.3,,-0.3
2026-03-11,340810,,2.46,-0.2,,0.2
2026-03-12,340810,,2.4,-0.1,-0.3,0.3
2026-03-13,340810,,2.37,-0.6,,0.6
2026-03-16,340810,,2.19,-0.3,-0.1,0.4
2026-03-17,340810,,2.1,0.2,,-0.2
2026-03-18,340810,,2.18,-0.6,,0.5
2026-03-19,340810,,2.01,-0.2,,0.1
2026-03-20,340810,,2.0,0.7,,-0.6
2026-03-23,340810,,2.21,0.2,,-0.1
2026-03-24,340810,,2.26,-1.9,,1.9
2026-03-25,340810,,1.76,0.3,,-0.5
2026-03-26,340810,,1.61,-0.4,,0.4
2026-03-27,340810,,1.61,-0.8,,0.9
2026-03-30,340810,,1.37,0.0,,-0.0
2026-03-31,340810,2450.0,1.38,-0.1,,0.2
2026-04-01,340810,,1.32,0.8,,-0.7
2026-04-02,340810,,1.56,-0.4,,0.4
2026-04-03,340810,,1.45,-0.0,,-0.0
2026-04-06,340810,,1.45,-0.9,,0.6
2026-04-07,340810,,1.37,-0.1,,-0.0
2026-04-08,340810,,1.4,2.8,,-2.8
2026-04-09,340810,,2.14,-0.0,,0.0
2026-04-10,340810,,1.93,0.0,,-0.1
2026-04-13,340810,,1.94,-0.7,,0.7
2026-04-14,340810,,1.78,-3.0,,3.0
2026-04-15,340810,,1.07,0.2,,-1.6
2026-04-16,340810,,1.12,0.9,,-1.0
2026-04-17,340810,,1.33,-1.0,,0.9
2026-04-20,340810,,1.09,0.2,,0.1
2026-04-21,340810,,1.14,0.6,,-0.7
2026-04-22,340810,,1.29,0.1,,-0.1
2026-04-23,340810,,1.31,0.2,,0.2
2026-04-24,340810,,1.37,0.4,,-0.4
2026-04-27,340810,,1.48,0.3,,-0.4
2026-04-28,340810,,1.49,0.2,,-0.2
2026-04-29,340810,,1.35,-0.4,-0.0,0.7
2026-04-30,340810,3335.0,1.26,-0.1,-0.0,6.6
2026-05-04,340810,,1.35,-0.6,0.0,2.1
2026-05-06,340810,,1.22,-1.4,-0.0,1.6
2026-05-07,340810,,0.9,0.4,0.0,-0.6
2026-05-08,340810,,1.0,0.9,-0.0,-0.9
2026-05-11,340810,,1.21,0.4,0.0,-0.7
2026-05-12,340810,,1.31,0.1,0.0,-0.3
2026-05-13,340810,,1.36,0.1,-0.1,0.2
2026-05-14,340810,,1.38,0.1,0.0,-0.6
2026-05-15,340810,,1.41,-0.5,-0.0,0.3
2026-05-18,340810,,1.28,-0.1,0.0,0.0
2026-05-19,340810,,1.25,-0.0,-0.0,-0.2
2026-05-20,340810,,1.25,-0.4,-0.0,0.4
2026-05-21,340810,,1.15,0.8,0.0,-0.3
2026-05-22,340810,,1.35,0.6,-0.0,-0.2
2026-05-26,340810,,1.49,-0.1,0.1,0.1
2026-05-27,340810,,1.48,0.0,-0.0,0.0
2026-05-28,340810,,1.39,-0.1,-0.0,0.2
2026-05-29,340810,3185.0,1.4,0.9,-0.0,-1.0
2026-06-01,340810,,1.6,0.2,0.0,-0.3
2026-06-02,340810,,1.64,0.4,-0.0,-0.3
2026-06-04,340810,,1.74,-1.9,-0.0,1.5
2026-06-05,340810,,1.38,-0.0,0.0,0.5
2026-06-08,340810,,1.37,-1.2,-0.0,1.0
2026-06-09,340810,,1.25,-0.3,-0.0,0.2
2026-06-10,340810,,1.21,-0.2,-0.0,0.1
2026-06-11,340810,,1.1,-0.3,0.0,0.3
2026-06-12,340810,,1.02,0.3,-0.0,-0.4
2026-06-15,340810,,1.09,-0.3,-0.0,0.4
2026-06-16,340810,,0.97,0.2,0.0,-0.2
2026-06-17,340810,,1.05,-0.2,-0.0,0.2
2026-06-18,340810,,1.0,-0.6,-0.0,0.7
2026-06-19,340810,,0.84,-1.0,0.0,1.0
2026-06-22,340810,,0.55,-0.1,-0.0,0.1
2026-06-23,340810,,0.55,0.0,0.0,-1.0
2026-06-24,340810,,0.55,-0.5,0.0,0.5
2026-06-25,340810,,0.4,-0.1,0.0,0.1
2026-06-26,340810,,0.36,0.3,-0.0,-0.3
2026-06-29,340810,,0.47,0.4,-0.0,-0.6
2026-06-30,340810,2475.0,0.6,1.5,0.0,-1.8
2026-07-01,340810,,1.02,-0.1,-0.0,0.0
2026-07-02,340810,,0.99,-0.3,-0.0,0.2
2026-07-03,340810,,0.91,-0.3,0.0,0.4
2026-07-06,340810,,0.82,0.0,-0.0,-0.0
2026-07-07,340810,,0.84,0.1,0.0,-0.2
2026-07-08,340810,,0.89,-0.0,-0.0,0.0
2026-07-09,340810,,0.88,0.0,0.0,-0.0
2026-07-10,340810,,0.93,0.3,-0.0,-0.3
2026-07-13,340810,2250.0,1.03,-0.2,0.0,0.3
2025-07-14,340930,,0.96,-0.0,,-0.0
2025-07-15,340930,,1.01,-0.3,,0.3
2025-07-16,340930,,1.0,0.0,,0.0
2025-07-17,340930,,1.01,-0.0,,0.0
2025-07-18,340930,,0.95,-2.4,,2.3
2025-07-21,340930,,0.58,2.9,0.1,-3.1
2025-07-22,340930,,1.1,1.3,-0.1,-0.9
2025-07-23,340930,,1.4,-0.5,-0.0,0.4
2025-07-24,340930,,1.35,-1.2,0.0,1.2
2025-07-25,340930,,1.21,-1.0,,1.1
2025-07-28,340930,,1.12,-0.4,,0.6
2025-07-29,340930,,1.07,0.6,,-0.6
2025-07-30,340930,,1.17,-4.0,0.0,3.1
2025-07-31,340930,,0.61,-0.4,0.0,0.4
2025-08-01,340930,,0.58,0.6,0.0,-0.6
2025-08-04,340930,,0.68,0.4,,-0.4
2025-08-05,340930,,0.75,1.2,,-1.2
2025-08-06,340930,,0.94,0.0,,-0.2
2025-08-07,340930,,0.94,-0.2,,0.1
2025-08-08,340930,,0.95,-0.6,,0.7
2025-08-11,340930,,0.85,6.1,-0.0,-6.3
2025-08-12,340930,,1.77,1.3,,-1.0
2025-08-13,340930,,1.96,-0.5,0.0,0.4
2025-08-14,340930,,1.9,-1.0,,1.0
2025-08-18,340930,,1.71,-0.8,,0.8
2025-08-19,340930,,1.58,-1.2,,1.1
2025-08-20,340930,,1.4,-0.0,,0.0
2025-08-21,340930,,1.4,-0.1,,0.0
2025-08-22,340930,,1.39,-0.1,,0.2
2025-08-25,340930,,1.37,0.0,,-0.0
2025-08-26,340930,,1.37,0.0,,-0.0
2025-08-27,340930,,1.44,0.1,,-0.1
2025-08-28,340930,,1.46,-0.3,,0.3
2025-08-29,340930,1701.0,1.41,-1.1,,1.1
2025-09-01,340930,,1.24,0.3,,-0.5
2025-09-02,340930,,1.3,0.1,,-0.0
2025-09-03,340930,,1.31,-0.3,,0.3
2025-09-04,340930,,1.26,-1.5,,1.5
2025-09-05,340930,,1.03,0.2,,-0.1
2025-09-08,340930,,1.07,0.3,,-0.3
2025-09-09,340930,,1.13,0.2,,-0.2
2025-09-10,340930,,1.16,0.9,,-0.9
2025-09-11,340930,,1.32,-0.1,,0.1
2025-09-12,340930,,1.3,0.2,,-0.2
2025-09-15,340930,,1.34,-0.3,,0.3
2025-09-16,340930,,1.3,-0.2,,0.2
2025-09-17,340930,,1.27,0.1,,-0.1
2025-09-18,340930,,1.29,0.0,,0.0
2025-09-19,340930,,1.27,-0.0,,0.1
2025-09-22,340930,,1.27,0.3,,-0.3
2025-09-23,340930,,1.32,0.4,,-0.4
2025-09-24,340930,,1.39,-0.9,,0.6
2025-09-25,340930,,1.23,0.2,,-0.2
2025-09-26,340930,,1.27,-0.2,,0.2
2025-09-29,340930,,1.23,0.1,,-0.1
2025-09-30,340930,1617.0,1.25,0.0,,-0.1
2025-10-01,340930,,1.22,0.1,,-0.0
2025-10-02,340930,,1.21,0.1,,-0.1
2025-10-10,340930,,1.22,0.5,,-0.5
2025-10-13,340930,,1.31,1.7,,-1.6
2025-10-14,340930,,1.6,-1.2,0.0,1.1
2025-10-15,340930,,1.36,0.8,,-0.8
2025-10-16,340930,,1.55,-0.5,,0.5
2025-10-17,340930,,1.44,6.0,-0.0,-5.6
2025-10-20,340930,,2.54,-10.9,,11.1
2025-10-21,340930,,0.81,0.3,,0.2
2025-10-22,340930,,0.88,-0.3,,0.3
2025-10-23,340930,,0.83,0.5,,-0.3
2025-10-24,340930,,0.95,3.4,,-3.6
2025-10-27,340930,,1.55,0.1,,-0.4
2025-10-28,340930,,1.73,-7.8,,8.0
2025-10-29,340930,,0.88,2.1,,-2.1
2025-10-30,340930,,1.17,2.6,0.2,-2.7
2025-10-31,340930,2490.0,1.47,0.0,-0.2,0.2
2025-11-03,340930,,1.47,-0.1,-0.0,0.1
2025-11-04,340930,,1.46,-1.8,,1.0
2025-11-05,340930,,1.36,-0.7,0.0,1.1
2025-11-06,340930,,1.32,-0.3,,0.2
2025-11-07,340930,,1.35,-1.2,0.0,1.5
2025-11-10,340930,,1.22,2.3,,-2.7
2025-11-11,340930,,1.49,8.3,5.7,-14.1
2025-11-12,340930,,2.28,-4.2,-2.7,6.4
2025-11-13,340930,,1.85,5.4,,-4.9
2025-11-14,340930,,1.33,-1.7,,2.3
2025-11-17,340930,,1.88,-2.3,,2.4
2025-11-18,340930,,1.8,0.1,,-0.1
2025-11-19,340930,,1.82,1.0,,-0.9
2025-11-20,340930,,1.97,1.3,,-1.2
2025-11-21,340930,,2.14,1.3,,-0.8
2025-11-24,340930,,2.34,2.5,,-2.5
2025-11-25,340930,,2.74,-0.8,,0.8
2025-11-26,340930,,2.61,-2.6,,2.6
2025-11-27,340930,,2.2,1.2,,-1.2
2025-11-28,340930,1889.0,2.38,-1.0,,1.0
2025-12-01,340930,,2.24,-2.4,,2.4
2025-12-02,340930,,1.86,1.6,,-1.6
2025-12-03,340930,,2.13,-1.5,,1.5
2025-12-04,340930,,1.91,-8.7,,8.3
2025-12-05,340930,,0.8,-1.6,,2.2
2025-12-08,340930,,0.6,-0.4,,-0.2
2025-12-09,340930,,0.55,-1.3,,1.4
2025-12-10,340930,,0.36,-0.3,,0.2
2025-12-11,340930,,0.32,1.1,,-1.0
2025-12-12,340930,,0.49,1.1,,-1.1
2025-12-15,340930,,0.66,0.1,,-0.1
2025-12-16,340930,,0.69,-2.3,-0.3,2.6
2025-12-17,340930,,0.34,0.2,,-0.0
2025-12-18,340930,,0.44,1.6,,-1.5
2025-12-19,340930,,0.75,-0.2,-0.0,0.2
2025-12-22,340930,,0.72,0.5,,-0.5
2025-12-23,340930,,0.81,-0.8,,0.8
2025-12-24,340930,,0.67,-0.5,,0.5
2025-12-26,340930,,0.6,1.5,-0.0,-1.6
2025-12-29,340930,,0.85,1.9,-0.1,-1.7
2025-12-30,340930,1777.0,1.17,0.3,0.2,-0.4
2026-01-02,340930,,1.22,2.0,-0.0,-1.9
2026-01-05,340930,,1.54,6.1,0.1,-6.7
2026-01-06,340930,,2.38,4.4,0.5,-4.7
2026-01-07,340930,,2.92,-6.7,-0.6,7.5
2026-01-08,340930,,1.58,-0.1,-49.3,50.6
2026-01-09,340930,,0.66,-1.1,-25.3,26.5
2026-01-12,340930,,1.2,-1.5,-3.7,5.1
2026-01-13,340930,,1.1,-0.7,-1.5,2.0
2026-01-14,340930,,1.16,0.9,-0.9,-0.2
2026-01-15,340930,,1.39,1.5,-1.4,0.3
2026-01-16,340930,,1.78,-1.0,-1.6,2.6
2026-01-19,340930,,1.63,-0.6,-2.0,2.6
2026-01-20,340930,,1.36,2.3,-1.3,-1.4
2026-01-21,340930,,1.88,-3.0,-0.6,3.7
2026-01-22,340930,,1.34,13.9,-10.0,-8.7
2026-01-23,340930,,3.56,-19.2,-3.3,27.7
2026-01-26,340930,,1.19,0.6,-0.8,0.4
2026-01-27,340930,,1.17,10.7,-17.6,7.2
2026-01-28,340930,,2.77,-6.4,-0.2,6.6
2026-01-29,340930,,1.86,5.1,-7.8,2.3
2026-01-30,340930,1466.0,2.47,0.2,-0.2,0.0
2026-02-02,340930,,2.77,-8.8,-0.1,9.0
2026-02-03,340930,,1.98,-9.1,-1.3,10.9
2026-02-04,340930,,1.19,10.1,-2.6,-7.9
2026-02-05,340930,,2.33,-6.6,,7.0
2026-02-06,340930,,1.88,1.3,,-1.3
2026-02-09,340930,,2.05,3.0,,-2.9
2026-02-10,340930,,2.4,-7.4,0.8,6.2
2026-02-11,340930,,1.66,-1.3,,1.3
2026-02-12,340930,,1.58,2.3,,-2.3
2026-02-13,340930,,1.81,-3.5,0.3,3.0
2026-02-19,340930,,1.49,1.4,-0.3,-0.9
2026-02-20,340930,,1.69,-4.1,,1.3
2026-02-23,340930,,1.23,2.5,,-2.6
2026-02-24,340930,,1.62,-1.1,,1.2
2026-02-25,340930,,1.41,0.1,,-0.1
2026-02-26,340930,,1.47,-0.7,,0.8
2026-02-27,340930,1187.0,1.46,1.4,,-1.4
2026-03-03,340930,,1.64,-3.3,,3.3
2026-03-04,340930,,1.36,1.6,,-1.4
2026-03-05,340930,,1.6,2.8,,-2.8
2026-03-06,340930,,1.99,-1.2,,1.3
2026-03-09,340930,,1.83,0.0,,-0.1
2026-03-10,340930,,1.84,2.6,,-3.1
2026-03-11,340930,,2.21,-2.4,,2.1
2026-03-12,340930,,1.9,-0.3,,0.1
2026-03-13,340930,,1.87,-0.8,,0.8
2026-03-16,340930,,1.75,-0.7,,0.8
2026-03-17,340930,,1.72,-0.1,0.0,0.1
2026-03-18,340930,,1.73,1.2,-0.0,-1.2
2026-03-19,340930,,1.92,-1.1,0.0,0.8
2026-03-20,340930,,1.78,-0.2,,0.1
2026-03-23,340930,,1.75,-1.4,,1.6
2026-03-24,340930,,1.59,2.1,,-2.3
2026-03-25,340930,,1.97,0.9,-0.0,-0.7
2026-03-26,340930,,2.11,-4.8,,4.9
2026-03-27,340930,,1.51,0.5,,-0.6
2026-03-30,340930,,1.65,-1.2,,1.1
2026-03-31,340930,806.0,1.43,2.3,,-2.5
2026-04-01,340930,,1.8,,,
2026-04-02,340930,,1.89,,,
2026-04-03,340930,,1.89,,,
2026-04-06,340930,,1.89,,,
2026-04-07,340930,,1.89,,,
2026-04-08,340930,,1.69,,,
2026-04-09,340930,,1.69,,,
2026-04-10,340930,,1.69,,,
2026-04-13,340930,,1.69,,,
2026-04-14,340930,,1.69,,,
2026-04-15,340930,,1.69,,,
2026-04-16,340930,,1.69,,,
2026-04-17,340930,,1.69,,,
2026-04-20,340930,,1.69,,,
2026-04-21,340930,,1.69,,,
2026-04-22,340930,,1.69,,,
2026-04-23,340930,,1.69,,,
2026-04-24,340930,,1.69,,,
2026-04-27,340930,,1.69,,,
2026-04-28,340930,,1.69,,,
2026-04-29,340930,,1.69,,,
2026-04-30,340930,806.0,1.69,,,
2026-05-04,340930,,1.7,,,
2026-05-06,340930,,1.7,,,
2026-05-07,340930,,1.71,,,
2026-05-08,340930,,1.71,,,
2026-05-11,340930,,1.75,,,
2026-05-12,340930,,1.75,,,
2026-05-13,340930,,1.75,,,
2026-05-14,340930,,1.75,,,
2026-05-15,340930,,1.76,,,
2026-05-18,340930,,1.65,,,
2026-05-19,340930,,1.65,,,
2026-05-20,340930,,1.66,,,
2026-05-21,340930,,1.59,,,
2026-05-22,340930,,1.6,,,
2026-05-26,340930,,1.6,,,
2026-05-27,340930,,1.82,,,
2026-05-28,340930,,1.66,,,
2026-05-29,340930,806.0,1.62,,,
2026-06-01,340930,,1.62,,,
2026-06-02,340930,,1.66,,,
2026-06-04,340930,,1.6,,,
2026-06-05,340930,,1.59,,,
2026-06-08,340930,,1.59,,,
2026-06-09,340930,,1.59,,,
2026-06-10,340930,,1.6,,,
2026-06-11,340930,,1.6,,,
2026-06-12,340930,,1.6,,,
2026-06-15,340930,,1.6,,,
2026-06-16,340930,,1.6,,,
2026-06-17,340930,,1.6,,,
2026-06-18,340930,,1.6,,,
2026-06-19,340930,,1.6,,,
2026-06-22,340930,,1.6,,,
2026-06-23,340930,,1.6,,,
2026-06-24,340930,,1.8,,,
2026-06-25,340930,,1.8,,,
2026-06-26,340930,,1.8,,,
2026-06-29,340930,,1.8,,,
2026-06-30,340930,806.0,1.8,,,
2026-07-01,340930,,1.8,,,
2026-07-02,340930,,1.81,,,
2026-07-03,340930,,1.81,,,
2026-07-06,340930,,1.81,,,
2026-07-07,340930,,1.81,,,
2026-07-08,340930,,1.81,,,
2026-07-09,340930,,1.81,,,
2026-07-10,340930,,1.82,,,
2026-07-13,340930,806.0,1.82,,,
2025-09-09,342870,,0.16,-0.0,-44.2,89.3
2025-09-10,342870,,0.22,-0.0,-5.4,16.2
2025-09-11,342870,,0.22,-0.0,-1.5,1.7
2025-09-12,342870,,0.22,0.0,-0.1,-0.1
2025-09-15,342870,,0.23,0.1,-0.1,-0.8
2025-09-16,342870,,0.24,1.4,0.4,-1.3
2025-09-17,342870,,0.44,-1.2,0.1,1.1
2025-09-18,342870,,0.28,-0.4,0.9,-0.4
2025-09-19,342870,,0.22,0.8,0.1,-0.9
2025-09-22,342870,,0.33,-0.5,0.1,0.5
2025-09-23,342870,,0.25,0.2,0.1,-0.3
2025-09-24,342870,,0.28,0.1,0.9,-1.0
2025-09-25,342870,,0.3,-0.4,0.0,0.3
2025-09-26,342870,,0.25,-0.2,0.4,-2.6
2025-09-29,342870,,0.23,0.4,,-0.4
2025-09-30,342870,12220.0,0.29,-0.3,-0.1,0.2
2025-10-01,342870,,0.24,-0.1,0.7,1.1
2025-10-02,342870,,0.24,0.1,1.9,-1.1
2025-10-10,342870,,0.25,-0.2,0.0,0.2
2025-10-13,342870,,0.21,3.4,-0.4,-3.0
2025-10-14,342870,,0.75,-2.1,0.0,2.1
2025-10-15,342870,,0.42,0.4,0.0,-0.4
2025-10-16,342870,,0.48,0.9,-0.0,-0.9
2025-10-17,342870,,0.62,-1.6,1.1,0.5
2025-10-20,342870,,0.36,0.5,0.0,-0.5
2025-10-21,342870,,0.45,-0.7,0.0,0.7
2025-10-22,342870,,0.33,0.3,0.0,-0.1
2025-10-23,342870,,0.38,-0.1,0.2,-0.1
2025-10-24,342870,,0.36,-0.4,0.6,-0.2
2025-10-27,342870,,0.3,-0.1,0.0,0.1
2025-10-28,342870,,0.29,0.0,,-0.0
2025-10-29,342870,,0.29,-0.1,,0.1
2025-10-30,342870,,0.28,0.4,,-0.4
2025-10-31,342870,9650.0,0.35,0.2,,-0.2
2025-11-03,342870,,0.38,0.3,0.0,-0.3
2025-11-04,342870,,0.43,0.6,,-0.6
2025-11-05,342870,,0.54,0.3,,-0.3
2025-11-06,342870,,0.61,-0.3,-1.2,1.5
2025-11-07,342870,,0.55,0.2,,-0.2
2025-11-10,342870,,0.58,1.4,,-1.3
2025-11-11,342870,,0.85,0.2,,-0.2
2025-11-12,342870,,0.89,0.4,-0.1,-0.4
2025-11-13,342870,,0.98,-0.6,-0.1,0.7
2025-11-14,342870,,0.86,-0.1,,0.1
2025-11-17,342870,,0.85,0.7,,-0.7
2025-11-18,342870,,1.0,-0.2,,0.1
2025-11-19,342870,,0.96,0.2,,-0.1
2025-11-20,342870,,1.0,0.5,,-0.5
2025-11-21,342870,,1.1,0.2,,-0.2
2025-11-24,342870,,1.14,0.4,,-0.4
2025-11-25,342870,,1.24,0.1,,-0.1
2025-11-26,342870,,1.26,1.0,,-1.0
2025-11-27,342870,,1.48,0.1,,-0.2
2025-11-28,342870,8420.0,1.51,0.8,,-0.8
2025-12-01,342870,,1.57,-0.1,,0.2
2025-12-02,342870,,1.55,-0.1,,0.1
2025-12-03,342870,,1.53,-0.0,,0.0
2025-12-04,342870,,1.53,0.0,-0.0,0.0
2025-12-05,342870,,1.53,-0.2,-0.0,0.2
2025-12-08,342870,,1.49,0.1,,-0.0
2025-12-09,342870,,1.5,-0.0,,0.0
2025-12-10,342870,,1.5,-0.1,,0.0
2025-12-11,342870,,1.49,0.2,,-0.2
2025-12-12,342870,,1.53,0.2,,-0.2
2025-12-15,342870,,1.57,-0.2,,0.2
2025-12-16,342870,,1.53,-0.1,,0.1
2025-12-17,342870,,1.5,0.2,,-0.3
2025-12-18,342870,,1.55,-0.2,0.0,0.2
2025-12-19,342870,,1.52,1.1,0.2,-1.3
2025-12-22,342870,,1.76,0.2,,-0.2
2025-12-23,342870,,1.8,-0.6,0.4,0.1
2025-12-24,342870,,1.68,-0.0,0.4,0.2
2025-12-26,342870,,1.68,0.0,0.4,-0.4
2025-12-29,342870,,1.68,0.3,,-0.3
2025-12-30,342870,7600.0,1.74,0.0,,-0.1
2026-01-02,342870,,1.75,0.1,,-0.1
2026-01-05,342870,,1.79,-0.2,,0.2
2026-01-06,342870,,1.75,-0.3,1.2,-0.8
2026-01-07,342870,,1.68,-0.3,0.1,0.2
2026-01-08,342870,,1.61,-1.0,0.0,1.0
2026-01-09,342870,,1.37,-0.1,0.4,-0.3
2026-01-12,342870,,1.34,-0.3,-0.1,0.4
2026-01-13,342870,,1.28,-0.1,0.2,-0.2
2026-01-14,342870,,1.26,0.3,-0.3,-0.0
2026-01-15,342870,,1.32,-0.5,0.0,0.6
2026-01-16,342870,,1.2,-0.0,0.1,-0.1
2026-01-19,342870,,1.2,0.1,0.1,-0.3
2026-01-20,342870,,1.23,-0.1,,0.1
2026-01-21,342870,,1.21,-0.1,0.1,-0.0
2026-01-22,342870,,1.19,0.3,0.0,-0.3
2026-01-23,342870,,1.26,0.1,,-0.1
2026-01-26,342870,,1.29,-0.0,,0.1
2026-01-27,342870,,1.2,-0.2,,0.1
2026-01-28,342870,,1.17,-0.2,,0.2
2026-01-29,342870,,1.12,-0.4,,0.3
2026-01-30,342870,7150.0,1.04,-0.6,-0.0,0.6
2026-02-02,342870,,0.91,-0.3,,0.3
2026-02-03,342870,,0.85,-0.1,,0.1
2026-02-04,342870,,0.83,0.4,0.8,-1.2
2026-02-05,342870,,0.93,0.1,,-0.0
2026-02-06,342870,,0.94,-0.0,0.1,-0.1
2026-02-09,342870,,0.94,0.1,,-0.1
2026-02-10,342870,,0.96,-0.1,,0.1
2026-02-11,342870,,0.94,0.1,,-0.1
2026-02-12,342870,,0.96,-0.3,,0.3
2026-02-13,342870,,0.89,-0.2,,0.2
2026-02-19,342870,,0.85,-0.1,-0.0,0.2
2026-02-20,342870,,0.82,-0.2,-0.0,0.2
2026-02-23,342870,,0.77,0.1,,-0.1
2026-02-24,342870,,0.8,0.1,,-0.2
2026-02-25,342870,,0.83,0.0,,0.0
2026-02-26,342870,,0.83,-0.1,0.0,0.1
2026-02-27,342870,7150.0,0.81,-0.2,-0.1,0.3
2026-03-03,342870,,0.76,-0.2,0.0,0.2
2026-03-04,342870,,0.72,-0.3,,0.3
2026-03-05,342870,,0.65,0.2,,-0.2
2026-03-06,342870,,0.71,-0.8,-0.2,1.1
2026-03-09,342870,,0.54,-0.1,0.0,0.1
2026-03-10,342870,,0.51,1.0,-0.4,-0.6
2026-03-11,342870,,0.75,0.1,0.0,-0.1
2026-03-12,342870,,1.02,0.3,0.1,-0.4
2026-03-13,342870,,1.08,0.0,0.1,-0.1
2026-03-16,342870,,1.09,-0.0,0.0,0.0
2026-03-17,342870,,1.08,-0.0,0.0,0.0
2026-03-18,342870,,1.08,-0.1,0.0,0.1
2026-03-19,342870,,1.06,-0.0,0.1,-0.1
2026-03-20,342870,,1.05,0.1,0.0,-0.1
2026-03-23,342870,,1.07,-0.1,0.2,-0.1
2026-03-24,342870,,1.04,-0.0,0.0,0.0
2026-03-25,342870,,1.04,0.0,-0.0,-0.0
2026-03-26,342870,,1.04,0.0,0.0,0.0
2026-03-27,342870,,1.19,0.0,0.0,-0.0
2026-03-30,342870,,1.2,0.0,0.0,-0.0
2026-03-31,342870,6360.0,1.2,-0.1,0.1,0.0
2026-04-01,342870,,1.17,0.0,0.0,-0.0
2026-04-02,342870,,1.18,-0.1,0.2,-0.1
2026-04-03,342870,,1.16,-0.0,,0.0
2026-04-06,342870,,1.15,-0.0,,0.0
2026-04-07,342870,,1.14,-0.0,,0.0
2026-04-08,342870,,1.13,-0.1,,0.1
2026-04-09,342870,,1.11,-0.1,,0.1
2026-04-10,342870,,1.08,0.0,0.0,-0.0
2026-04-13,342870,,1.08,-0.1,-0.0,0.1
2026-04-14,342870,,1.06,-0.0,0.0,0.0
2026-04-15,342870,,1.06,0.1,,-0.1
2026-04-16,342870,,1.07,0.0,0.0,-0.0
2026-04-17,342870,,1.08,-0.0,,0.0
2026-04-20,342870,,1.07,0.0,-0.0,0.0
2026-04-21,342870,,1.08,0.0,,-0.0
2026-04-22,342870,,1.08,-0.4,,0.4
2026-04-23,342870,,0.97,0.3,0.0,-0.5
2026-04-24,342870,,1.04,0.1,0.1,-0.3
2026-04-27,342870,,1.06,-0.1,0.0,0.1
2026-04-28,342870,,0.77,-0.0,0.0,0.0
2026-04-29,342870,,0.76,-0.0,0.0,0.0
2026-04-30,342870,6810.0,0.76,0.0,0.3,-0.3
2026-05-04,342870,,0.76,-0.1,-0.0,0.1
2026-05-06,342870,,0.73,-0.0,0.0,0.0
2026-05-07,342870,,0.72,-0.1,0.0,0.1
2026-05-08,342870,,0.69,0.0,-0.0,0.0
2026-05-11,342870,,0.69,-0.2,0.0,0.2
2026-05-12,342870,,0.64,-0.1,0.1,0.1
2026-05-13,342870,,0.6,0.0,0.1,-0.2
2026-05-14,342870,,0.6,0.0,0.1,-0.1
2026-05-15,342870,,0.61,0.0,-0.0,-0.0
2026-05-18,342870,,0.62,-0.0,0.1,-0.1
2026-05-19,342870,,0.62,0.2,0.0,-0.2
2026-05-20,342870,,0.67,-0.1,0.0,0.0
2026-05-21,342870,,0.65,0.1,0.0,-0.2
2026-05-22,342870,,0.67,0.1,0.0,-0.1
2026-05-26,342870,,0.69,-0.2,-0.0,0.2
2026-05-27,342870,,0.63,-0.0,-0.0,0.0
2026-05-28,342870,,0.62,0.0,-0.0,-0.0
2026-05-29,342870,5600.0,0.62,-0.2,0.0,-0.1
2026-06-01,342870,,0.57,-0.0,-0.0,-0.2
2026-06-02,342870,,0.56,0.1,,-0.0
2026-06-04,342870,,0.58,-0.0,0.0,0.0
2026-06-05,342870,,0.57,-0.0,0.0,0.0
2026-06-08,342870,,0.57,-0.0,-0.0,0.0
2026-06-09,342870,,0.57,-0.0,-0.0,0.0
2026-06-10,342870,,0.56,0.1,-0.0,-0.1
2026-06-11,342870,,0.59,0.0,0.0,-0.1
2026-06-12,342870,,0.6,-0.0,-0.0,0.0
2026-06-15,342870,,0.6,0.0,0.0,-0.0
2026-06-16,342870,,0.61,0.1,-0.0,-0.1
2026-06-17,342870,,0.63,-0.0,0.0,0.0
2026-06-18,342870,,1.08,-0.0,-0.0,0.0
2026-06-19,342870,,1.07,-0.0,0.0,-0.1
2026-06-22,342870,,1.06,0.1,-0.0,-0.1
2026-06-23,342870,,1.11,0.1,0.0,-0.1
2026-06-24,342870,,1.15,0.0,-0.1,0.1
2026-06-25,342870,,1.17,0.0,-0.0,0.0
2026-06-26,342870,,1.18,-0.1,-0.4,0.4
2026-06-29,342870,,1.14,0.1,0.0,-0.1
2026-06-30,342870,4020.0,1.2,0.0,0.0,-0.0
2026-07-01,342870,,1.21,-0.0,-0.0,-0.0
2026-07-02,342870,,1.2,-0.0,0.0,-0.0
2026-07-03,342870,,1.2,-0.0,-0.0,0.0
2026-07-06,342870,,1.19,-0.0,0.2,-0.2
2026-07-07,342870,,1.19,-0.0,,0.0
2026-07-08,342870,,1.18,0.1,0.2,-0.4
2026-07-09,342870,,1.21,0.0,-0.4,-0.2
2026-07-10,342870,,1.23,0.4,-0.4,0.0
2026-07-13,342870,4180.0,1.39,-0.2,0.4,-0.2
2025-07-14,344820,,8.84,-1.8,-0.4,2.1
2025-07-15,344820,,8.81,-5.0,0.2,4.7
2025-07-16,344820,,8.72,-4.6,-1.0,5.6
2025-07-17,344820,,8.63,-1.8,-1.0,2.7
2025-07-18,344820,,8.6,-2.5,0.1,2.3
2025-07-21,344820,,8.55,-0.2,-2.3,2.5
2025-07-22,344820,,8.55,-2.4,2.7,-0.1
2025-07-23,344820,,8.51,-0.4,1.5,-1.1
2025-07-24,344820,,8.5,-2.3,2.4,-0.1
2025-07-25,344820,,8.46,-2.5,0.5,2.0
2025-07-28,344820,,8.41,-1.0,0.1,0.8
2025-07-29,344820,,8.39,1.2,0.0,-1.3
2025-07-30,344820,,8.38,-0.1,1.6,-1.4
2025-07-31,344820,,8.38,2.6,-3.1,0.6
2025-08-01,344820,,8.43,-2.9,-1.1,3.7
2025-08-04,344820,,8.41,-0.6,-0.3,0.8
2025-08-05,344820,,8.86,-0.4,-0.1,0.5
2025-08-06,344820,,8.46,-1.2,-0.1,1.3
2025-08-07,344820,,8.44,-4.1,-0.2,4.7
2025-08-08,344820,,8.34,-1.5,-1.0,2.3
2025-08-11,344820,,8.31,-1.8,-0.3,2.1
2025-08-12,344820,,8.32,0.3,-0.8,0.4
2025-08-13,344820,,8.2,-2.6,-0.0,2.4
2025-08-14,344820,,8.15,-0.3,-0.5,0.8
2025-08-18,344820,,8.14,-1.5,-0.1,1.5
2025-08-19,344820,,8.1,-1.4,-0.5,2.6
2025-08-20,344820,,8.07,-2.1,-2.5,4.8
2025-08-21,344820,,8.03,0.3,-0.4,0.1
2025-08-22,344820,,8.03,-2.3,-1.3,3.6
2025-08-25,344820,,7.99,0.5,-0.6,-0.1
2025-08-26,344820,,8.05,-1.9,-4.7,6.9
2025-08-27,344820,,8.03,-1.2,0.0,1.1
2025-08-28,344820,,8.0,-1.0,0.3,1.2
2025-08-29,344820,29700.0,7.98,-1.3,3.5,-1.4
2025-09-01,344820,,7.98,-2.0,-0.1,2.9
2025-09-02,344820,,7.89,-1.8,-0.3,1.9
2025-09-03,344820,,7.89,-1.4,-1.5,2.8
2025-09-04,344820,,7.86,-2.9,-0.3,3.1
2025-09-05,344820,,7.8,-1.5,-6.5,8.9
2025-09-08,344820,,7.76,9.9,-6.1,-2.7
2025-09-09,344820,,7.97,-0.8,-3.0,3.9
2025-09-10,344820,,7.96,0.1,-0.4,0.4
2025-09-11,344820,,7.95,-0.2,-2.1,2.4
2025-09-12,344820,,7.93,-0.7,-1.7,2.7
2025-09-15,344820,,7.91,-2.5,-0.5,3.0
2025-09-16,344820,,7.86,-6.6,-2.2,7.9
2025-09-17,344820,,7.72,-4.1,-6.2,10.2
2025-09-18,344820,,7.57,-2.8,-2.7,5.5
2025-09-19,344820,,7.52,-0.9,-5.2,5.9
2025-09-22,344820,,7.5,-4.2,-8.3,11.2
2025-09-23,344820,,7.4,-4.0,-4.9,9.0
2025-09-24,344820,,7.62,-2.2,-0.2,2.3
2025-09-25,344820,,7.58,-3.0,-0.9,4.4
2025-09-26,344820,,7.6,1.5,-0.4,-1.1
2025-09-29,344820,,7.48,-0.9,-0.7,1.1
2025-09-30,344820,27700.0,7.43,-1.2,-0.1,1.7
2025-10-01,344820,,7.4,0.1,-3.9,3.6
2025-10-02,344820,,7.41,2.4,-6.5,4.0
2025-10-10,344820,,7.46,3.5,-3.6,-0.4
2025-10-13,344820,,7.54,0.1,-4.2,4.0
2025-10-14,344820,,7.55,1.4,-0.8,-0.7
2025-10-15,344820,,7.58,1.2,-1.9,0.6
2025-10-16,344820,,7.61,-2.0,-3.5,5.2
2025-10-17,344820,,7.56,-4.9,-2.8,5.9
2025-10-20,344820,,7.45,-1.9,-2.0,3.5
2025-10-21,344820,,7.41,-2.9,-3.9,6.5
2025-10-22,344820,,7.34,5.6,-8.0,2.4
2025-10-23,344820,,7.47,-9.4,-2.8,12.1
2025-10-24,344820,,7.24,1.3,0.5,-1.8
2025-10-27,344820,,7.27,-0.6,-1.2,1.8
2025-10-28,344820,,7.26,1.2,-4.4,3.2
2025-10-29,344820,,7.29,-3.5,-2.4,5.7
2025-10-30,344820,,7.2,-7.0,-4.4,11.3
2025-10-31,344820,25950.0,6.94,-1.2,-2.5,3.5
2025-11-03,344820,,6.91,-3.6,-1.3,3.9
2025-11-04,344820,,6.82,3.8,-1.5,-2.0
2025-11-05,344820,,6.92,-0.3,-3.1,3.3
2025-11-06,344820,,6.91,2.8,-2.0,0.5
2025-11-07,344820,,6.98,-2.4,-0.0,2.5
2025-11-10,344820,,6.92,5.5,-2.2,-2.1
2025-11-11,344820,,6.98,0.4,-1.8,1.4
2025-11-12,344820,,6.99,3.0,-0.7,-2.6
2025-11-13,344820,,7.06,0.2,-1.1,0.9
2025-11-14,344820,,7.07,-4.7,-1.2,5.8
2025-11-17,344820,,6.96,1.5,-1.1,-0.1
2025-11-18,344820,,7.02,-5.6,-2.2,7.3
2025-11-19,344820,,6.97,0.8,-1.1,0.4
2025-11-20,344820,,6.98,2.1,-0.4,-2.0
2025-11-21,344820,,7.03,-0.6,-0.7,1.2
2025-11-24,344820,,7.01,1.2,-4.0,2.8
2025-11-25,344820,,7.05,1.5,-1.0,-0.0
2025-11-26,344820,,7.06,0.7,-0.7,0.7
2025-11-27,344820,,7.08,4.2,-1.3,-1.7
2025-11-28,344820,27450.0,7.18,4.8,-1.4,-3.9
2025-12-01,344820,,7.28,-1.1,-1.1,2.2
2025-12-02,344820,,7.26,-0.1,-1.1,1.2
2025-12-03,344820,,7.26,6.4,-1.8,-4.6
2025-12-04,344820,,7.41,-1.3,-1.6,2.9
2025-12-05,344820,,7.38,0.9,-2.5,1.6
2025-12-08,344820,,7.4,-7.1,-2.2,9.2
2025-12-09,344820,,7.23,-0.2,-1.5,1.7
2025-12-10,344820,,7.23,-2.8,-2.9,5.7
2025-12-11,344820,,7.16,2.0,-2.2,1.0
2025-12-12,344820,,7.21,3.6,-4.6,0.9
2025-12-15,344820,,7.45,-3.3,-2.5,5.5
2025-12-16,344820,,7.37,-5.3,-1.2,6.4
2025-12-17,344820,,7.15,-0.2,-1.1,1.7
2025-12-18,344820,,7.15,-2.6,-1.4,4.6
2025-12-19,344820,,7.09,1.5,-2.0,0.5
2025-12-22,344820,,7.12,0.4,-1.0,1.2
2025-12-23,344820,,7.13,-0.8,-1.0,1.8
2025-12-24,344820,,7.22,-0.8,-1.4,2.0
2025-12-26,344820,,7.16,-0.4,-1.4,1.7
2025-12-29,344820,,7.15,-0.8,-1.4,2.1
2025-12-30,344820,26500.0,7.13,-3.2,1.5,1.6
2026-01-02,344820,,7.02,-3.6,0.7,3.3
2026-01-05,344820,,6.94,-3.2,-3.5,6.4
2026-01-06,344820,,7.14,-1.9,-3.3,5.2
2026-01-07,344820,,7.21,-4.3,-3.6,7.8
2026-01-08,344820,,7.12,-2.7,-2.7,5.3
2026-01-09,344820,,7.06,-1.2,-2.2,3.4
2026-01-12,344820,,7.04,2.0,-3.2,1.3
2026-01-13,344820,,7.17,-2.6,-5.8,8.4
2026-01-14,344820,,7.14,1.9,-1.5,-0.5
2026-01-15,344820,,7.2,-0.4,-1.7,2.2
2026-01-16,344820,,7.19,2.8,-1.8,-1.1
2026-01-19,344820,,7.22,0.8,-1.9,1.1
2026-01-20,344820,,7.24,7.1,-4.8,-2.5
2026-01-21,344820,,7.42,-0.8,-3.1,3.7
2026-01-22,344820,,7.38,5.0,-4.9,-0.1
2026-01-23,344820,,7.51,3.3,-4.7,1.4
2026-01-26,344820,,7.61,-0.2,-1.3,1.5
2026-01-27,344820,,7.58,0.7,-2.6,1.9
2026-01-28,344820,,7.59,0.8,-4.9,3.8
2026-01-29,344820,,7.59,4.4,-2.4,-2.3
2026-01-30,344820,26900.0,7.7,1.7,-2.6,0.9
2026-02-02,344820,,7.73,-3.9,-2.2,7.2
2026-02-03,344820,,7.62,-3.0,-2.1,5.7
2026-02-04,344820,,7.55,7.3,-2.9,-4.9
2026-02-05,344820,,7.34,2.9,-2.6,-0.6
2026-02-06,344820,,7.41,-4.8,-2.0,6.8
2026-02-09,344820,,7.26,1.9,-2.1,0.1
2026-02-10,344820,,7.3,3.1,-0.6,-3.1
2026-02-11,344820,,7.42,0.4,1.3,-1.6
2026-02-12,344820,,7.32,-4.6,0.8,3.4
2026-02-13,344820,,7.24,-1.1,1.1,-0.1
2026-02-19,344820,,7.22,-3.4,2.4,-0.2
2026-02-20,344820,,7.13,-4.5,0.9,3.1
2026-02-23,344820,,7.01,-3.8,1.8,2.1
2026-02-24,344820,,6.96,-6.9,2.4,4.6
2026-02-25,344820,,6.83,2.8,1.5,-4.8
2026-02-26,344820,,6.91,-20.1,1.1,18.9
2026-02-27,344820,29000.0,6.42,-3.5,0.6,2.8
2026-03-03,344820,,6.18,9.9,0.9,-9.2
2026-03-04,344820,,6.94,-4.4,-2.6,6.9
2026-03-05,344820,,6.82,-7.4,2.3,4.6
2026-03-06,344820,,6.63,-4.1,2.7,1.4
2026-03-09,344820,,6.54,-0.2,-6.0,5.7
2026-03-10,344820,,6.63,-1.0,-4.1,5.1
2026-03-11,344820,,6.53,3.9,-3.2,-0.7
2026-03-12,344820,,6.61,-0.8,-0.9,1.6
2026-03-13,344820,,6.59,0.1,-1.8,1.7
2026-03-16,344820,,6.59,-5.0,-1.9,6.2
2026-03-17,344820,,6.46,-0.2,-2.7,2.7
2026-03-18,344820,,6.63,0.8,-0.5,-0.4
2026-03-19,344820,,6.14,-3.0,-3.0,5.9
2026-03-20,344820,,6.07,7.4,0.0,-7.4
2026-03-23,344820,,6.26,0.6,-1.7,1.1
2026-03-24,344820,,6.29,-4.5,-1.7,5.6
2026-03-25,344820,,6.15,-2.0,-2.1,3.9
2026-03-26,344820,,6.1,-5.6,-1.9,6.9
2026-03-27,344820,,5.93,-4.0,-1.4,5.0
2026-03-30,344820,,5.57,-3.2,-0.7,3.7
2026-03-31,344820,24700.0,5.49,-2.7,-0.7,2.9
2026-04-01,344820,,5.42,0.1,-3.3,3.0
2026-04-02,344820,,5.55,-2.9,-1.4,4.1
2026-04-03,344820,,5.4,0.9,-0.7,-0.2
2026-04-06,344820,,5.42,-0.2,-1.3,1.5
2026-04-07,344820,,5.42,-0.0,-1.4,1.4
2026-04-08,344820,,5.42,-2.4,-0.8,3.2
2026-04-09,344820,,5.36,-2.3,0.5,1.8
2026-04-10,344820,,5.3,5.5,0.9,-6.5
2026-04-13,344820,,5.5,-0.5,1.4,-0.9
2026-04-14,344820,,5.54,0.6,0.5,-1.2
2026-04-15,344820,,5.64,-1.5,0.6,0.9
2026-04-16,344820,,5.56,-3.1,0.1,3.0
2026-04-17,344820,,5.48,0.4,2.1,-2.6
2026-04-20,344820,,5.5,-5.5,0.4,4.6
2026-04-21,344820,,5.36,3.2,0.1,-3.4
2026-04-22,344820,,5.4,-3.6,0.4,3.3
2026-04-23,344820,,5.3,0.0,-0.2,0.2
2026-04-24,344820,,5.28,2.5,0.7,-3.5
2026-04-27,344820,,5.35,0.2,0.3,-0.4
2026-04-28,344820,,5.34,-0.9,0.2,0.7
2026-04-29,344820,,5.32,1.6,-0.0,-1.6
2026-04-30,344820,29300.0,5.39,-1.3,0.4,0.2
2026-05-04,344820,,5.36,-3.5,-0.4,3.2
2026-05-06,344820,,5.26,-2.3,-0.5,2.3
2026-05-07,344820,,5.21,3.3,0.0,-3.5
2026-05-08,344820,,5.16,-1.4,-0.1,2.4
2026-05-11,344820,,5.13,-1.9,-0.5,2.4
2026-05-12,344820,,5.1,-2.0,-1.4,3.1
2026-05-13,344820,,5.04,-3.5,-2.0,5.4
2026-05-14,344820,,4.95,1.8,-2.7,1.1
2026-05-15,344820,,5.0,1.3,-0.0,-1.4
2026-05-18,344820,,5.03,-0.2,-0.4,0.7
2026-05-19,344820,,5.03,1.2,-0.9,-0.3
2026-05-20,344820,,5.06,-3.1,-2.0,4.8
2026-05-21,344820,,5.38,-0.3,0.3,0.0
2026-05-22,344820,,5.23,0.2,-0.1,0.0
2026-05-26,344820,,5.24,-1.7,-0.2,1.8
2026-05-27,344820,,5.19,-3.4,-0.6,3.9
2026-05-28,344820,,5.1,-1.4,-1.3,2.5
2026-05-29,344820,25200.0,5.03,-0.6,-1.4,1.9
2026-06-01,344820,,5.01,-5.5,-1.8,6.9
2026-06-02,344820,,4.87,-0.1,-1.6,1.6
2026-06-04,344820,,4.87,-3.0,-2.0,5.0
2026-06-05,344820,,4.79,-1.1,-2.1,3.0
2026-06-08,344820,,4.74,-0.6,-1.2,0.2
2026-06-09,344820,,4.72,0.2,-1.4,1.1
2026-06-10,344820,,4.73,0.3,-1.2,0.7
2026-06-11,344820,,4.7,1.9,-8.8,6.3
2026-06-12,344820,,4.74,0.6,0.0,-0.8
2026-06-15,344820,,4.77,1.3,-1.4,-0.1
2026-06-16,344820,,4.8,0.2,-0.3,-0.1
2026-06-17,344820,,4.8,-1.7,-1.1,3.0
2026-06-18,344820,,4.76,-3.4,-1.3,4.8
2026-06-19,344820,,4.67,-6.5,-1.5,7.9
2026-06-22,344820,,4.49,-1.0,-2.2,3.2
2026-06-23,344820,,4.45,-1.7,-2.5,4.1
2026-06-24,344820,,4.4,-1.1,-1.8,2.8
2026-06-25,344820,,4.37,-2.0,-2.5,4.5
2026-06-26,344820,,4.31,-3.0,-1.7,4.6
2026-06-29,344820,,4.23,1.7,-1.5,-0.3
2026-06-30,344820,22000.0,4.26,-0.2,-0.1,0.1
2026-07-01,344820,,4.25,0.4,0.5,-1.0
2026-07-02,344820,,4.27,0.8,-0.0,-0.8
2026-07-03,344820,,4.37,0.5,0.2,-0.4
2026-07-06,344820,,4.4,-0.1,0.1,-0.0
2026-07-07,344820,,4.39,0.8,-0.3,-0.6
2026-07-08,344820,,4.42,0.8,-0.7,0.3
2026-07-09,344820,,4.42,-0.9,-0.8,2.5
2026-07-10,344820,,4.39,1.7,-1.6,-0.2
2026-07-13,344820,22700.0,4.45,1.0,-1.0,-0.1
2025-07-14,344860,,11.12,-0.0,,-0.6
2025-07-15,344860,,11.12,-0.3,,-0.3
2025-07-16,344860,,11.02,0.1,,-0.5
2025-07-17,344860,,11.04,0.2,,-0.7
2025-07-18,344860,,11.14,-0.5,,-0.1
2025-07-21,344860,,10.94,0.4,-0.2,-0.7
2025-07-22,344860,,11.08,-0.5,,0.2
2025-07-23,344860,,10.87,-0.2,-0.1,0.1
2025-07-24,344860,,10.78,-0.0,,-0.2
2025-07-25,344860,,10.76,-0.3,,0.3
2025-07-28,344860,,10.62,-0.3,,0.3
2025-07-29,344860,,10.5,0.0,,-0.0
2025-07-30,344860,,10.5,-0.2,,0.2
2025-07-31,344860,,10.42,-0.1,,0.1
2025-08-01,344860,,10.44,-0.2,,0.2
2025-08-04,344860,,10.36,-0.0,,0.0
2025-08-05,344860,,10.34,0.2,,-0.2
2025-08-06,344860,,10.45,-0.0,,0.0
2025-08-07,344860,,10.44,0.3,,-0.3
2025-08-08,344860,,10.84,-0.0,,0.0
2025-08-11,344860,,10.83,-0.1,,0.1
2025-08-12,344860,,10.77,-0.2,,0.2
2025-08-13,344860,,10.7,-0.1,,0.1
2025-08-14,344860,,10.63,-0.1,,0.1
2025-08-18,344860,,10.61,-0.1,,0.1
2025-08-19,344860,,10.55,0.0,,0.0
2025-08-20,344860,,10.56,0.0,,0.0
2025-08-21,344860,,10.56,0.1,,-0.1
2025-08-22,344860,,10.59,-0.0,,0.0
2025-08-25,344860,,10.59,-0.0,,0.0
2025-08-26,344860,,10.58,-0.0,,0.0
2025-08-27,344860,,10.57,-0.0,,0.0
2025-08-28,344860,,10.56,0.1,,-0.1
2025-08-29,344860,1742.0,10.59,-0.2,,0.3
2025-09-01,344860,,10.47,-0.0,,0.0
2025-09-02,344860,,10.47,-0.0,,0.0
2025-09-03,344860,,10.46,-0.0,,0.0
2025-09-04,344860,,10.46,-0.0,,0.0
2025-09-05,344860,,10.46,-0.0,,0.0
2025-09-08,344860,,10.45,0.0,,-0.0
2025-09-09,344860,,10.46,0.0,,-0.0
2025-09-10,344860,,10.46,-0.0,,0.0
2025-09-11,344860,,10.46,0.0,,-0.0
2025-09-12,344860,,10.47,-0.0,,0.0
2025-09-15,344860,,10.46,0.0,,-0.0
2025-09-16,344860,,10.47,0.0,,0.0
2025-09-17,344860,,10.47,-0.0,-0.1,0.1
2025-09-18,344860,,10.46,-0.0,-0.0,0.0
2025-09-19,344860,,10.45,-0.0,-0.1,0.1
2025-09-22,344860,,10.43,0.0,,-0.1
2025-09-23,344860,,10.46,-0.0,,0.0
2025-09-24,344860,,10.46,0.0,,-0.0
2025-09-25,344860,,10.46,-0.2,,0.2
2025-09-26,344860,,10.34,-0.1,,0.1
2025-09-29,344860,,10.32,0.0,,-0.0
2025-09-30,344860,1774.0,10.32,-0.0,,0.0
2025-10-01,344860,,10.31,-0.1,-0.1,0.1
2025-10-02,344860,,10.28,0.0,,-0.0
2025-10-10,344860,,10.3,-0.0,,-0.0
2025-10-13,344860,,10.3,-0.0,,0.0
2025-10-14,344860,,10.29,-0.5,,0.5
2025-10-15,344860,,10.04,-0.4,,0.4
2025-10-16,344860,,9.82,0.0,,-0.0
2025-10-17,344860,,9.84,-1.2,,1.1
2025-10-20,344860,,9.26,-2.1,,2.1
2025-10-21,344860,,8.21,0.1,,-0.1
2025-10-22,344860,,8.25,-0.0,-0.3,0.3
2025-10-23,344860,,8.23,-0.1,-0.2,0.2
2025-10-24,344860,,8.2,-0.0,,-0.0
2025-10-27,344860,,8.2,0.0,,-0.0
2025-10-28,344860,,8.21,-0.0,,0.0
2025-10-29,344860,,8.2,-0.1,,0.1
2025-10-30,344860,,8.17,0.1,,-0.0
2025-10-31,344860,1610.0,8.2,-0.0,,-0.0
2025-11-03,344860,,8.19,0.0,,0.0
2025-11-04,344860,,8.19,0.0,,-0.0
2025-11-05,344860,,8.2,-0.0,,0.0
2025-11-06,344860,,8.19,0.0,,-0.0
2025-11-07,344860,,8.2,-0.0,,0.0
2025-11-10,344860,,8.19,0.0,,-0.0
2025-11-11,344860,,8.2,0.0,,-0.0
2025-11-12,344860,,8.22,0.0,,-0.1
2025-11-13,344860,,8.22,0.0,,0.0
2025-11-14,344860,,8.22,-0.0,,0.0
2025-11-17,344860,,8.21,0.0,,-0.0
2025-11-18,344860,,8.21,-0.1,,0.1
2025-11-19,344860,,8.17,-0.0,,-0.0
2025-11-20,344860,,8.17,0.1,,-0.1
2025-11-21,344860,,8.2,-0.0,,0.0
2025-11-24,344860,,8.19,-0.0,,0.0
2025-11-25,344860,,8.18,-0.0,,0.0
2025-11-26,344860,,8.17,0.0,,-0.0
2025-11-27,344860,,8.17,-0.0,,0.0
2025-11-28,344860,1611.0,8.17,-0.0,,-0.0
2025-12-01,344860,,8.16,0.0,,-0.0
2025-12-02,344860,,8.17,-0.0,,0.0
2025-12-03,344860,,8.16,-0.0,,0.0
2025-12-04,344860,,8.16,0.0,,-0.0
2025-12-05,344860,,8.16,0.5,-0.0,-0.5
2025-12-08,344860,,8.4,-0.1,,0.1
2025-12-09,344860,,8.36,0.1,,-0.1
2025-12-10,344860,,8.4,-0.1,,0.1
2025-12-11,344860,,8.35,-0.2,,0.2
2025-12-12,344860,,8.24,-0.2,,0.2
2025-12-15,344860,,8.14,0.0,,-0.1
2025-12-16,344860,,8.15,-0.6,,0.6
2025-12-17,344860,,7.84,-0.4,-0.0,0.4
2025-12-18,344860,,7.73,-0.5,-0.0,0.5
2025-12-19,344860,,7.7,0.5,-0.0,-0.6
2025-12-22,344860,,7.8,0.6,,-0.6
2025-12-23,344860,,8.06,-0.1,,0.1
2025-12-24,344860,,8.03,-0.6,,0.5
2025-12-26,344860,,7.81,0.1,,-0.1
2025-12-29,344860,,7.85,-1.3,,1.2
2025-12-30,344860,1864.0,7.3,0.4,,-0.2
2026-01-02,344860,,7.47,0.2,,-0.2
2026-01-05,344860,,7.55,-0.1,,0.0
2026-01-06,344860,,7.52,0.1,,-0.0
2026-01-07,344860,,7.55,-0.2,,0.2
2026-01-08,344860,,7.48,0.3,,-0.3
2026-01-09,344860,,7.62,-0.2,,0.2
2026-01-12,344860,,7.54,-0.1,,0.0
2026-01-13,344860,,7.51,0.3,,-0.4
2026-01-14,344860,,7.68,-0.2,,0.2
2026-01-15,344860,,7.59,-0.8,,0.7
2026-01-16,344860,,7.29,0.9,,-0.8
2026-01-19,344860,,7.67,-0.4,,0.4
2026-01-20,344860,,7.47,0.0,,-0.0
2026-01-21,344860,,7.49,0.1,,-0.1
2026-01-22,344860,,7.55,-0.2,,0.2
2026-01-23,344860,,7.47,-0.1,,0.0
2026-01-26,344860,,7.44,0.3,,-0.3
2026-01-27,344860,,7.56,0.0,,0.0
2026-01-28,344860,,7.56,-0.1,,0.1
2026-01-29,344860,,7.5,-0.1,,0.1
2026-01-30,344860,1721.0,7.44,-0.1,,0.1
2026-02-02,344860,,7.39,0.0,,0.0
2026-02-03,344860,,7.39,0.0,,-0.0
2026-02-04,344860,,7.41,0.1,,-0.1
2026-02-05,344860,,7.47,0.0,,0.0
2026-02-06,344860,,7.49,-0.0,,0.0
2026-02-09,344860,,7.48,0.1,,-0.1
2026-02-10,344860,,7.51,-0.0,,0.1
2026-02-11,344860,,7.54,-0.0,,0.0
2026-02-12,344860,,7.53,0.2,,-0.2
2026-02-13,344860,,7.61,-0.2,,0.3
2026-02-19,344860,,7.49,0.6,,-0.6
2026-02-20,344860,,7.81,0.4,,-0.4
2026-02-23,344860,,8.02,0.1,,-0.1
2026-02-24,344860,,8.07,-0.0,,0.0
2026-02-25,344860,,8.05,-0.1,,0.1
2026-02-26,344860,,7.98,-0.1,,0.1
2026-02-27,344860,1640.0,7.95,-0.1,,0.1
2026-03-03,344860,,7.95,-0.1,,0.1
2026-03-04,344860,,7.89,0.2,,-0.2
2026-03-05,344860,,8.0,0.4,,-0.4
2026-03-06,344860,,8.24,0.3,,-0.3
2026-03-09,344860,,8.4,-0.1,,0.1
2026-03-10,344860,,8.33,-0.0,,-0.0
2026-03-11,344860,,8.33,-0.1,,0.0
2026-03-12,344860,,8.3,-0.1,,0.1
2026-03-13,344860,,8.26,0.0,,-0.0
2026-03-16,344860,,8.29,0.0,,0.0
2026-03-17,344860,,8.3,0.0,,-0.0
2026-03-18,344860,,8.31,-0.1,,0.1
2026-03-19,344860,,8.25,-0.0,,0.0
2026-03-20,344860,,8.24,-0.0,,-0.0
2026-03-23,344860,,8.23,-0.0,,0.0
2026-03-24,344860,,8.22,0.1,,-0.1
2026-03-25,344860,,8.27,-0.1,,0.0
2026-03-26,344860,,8.24,-0.1,,0.2
2026-03-27,344860,,8.18,-0.0,,0.0
2026-03-30,344860,,8.17,-0.5,,0.5
2026-03-31,344860,1515.0,7.91,-0.2,,0.2
2026-04-01,344860,,7.82,-0.8,,0.8
2026-04-02,344860,,7.4,-0.1,,0.1
2026-04-03,344860,,7.34,0.1,,-0.1
2026-04-06,344860,,7.38,0.0,,-0.0
2026-04-07,344860,,7.4,-0.6,,0.6
2026-04-08,344860,,7.08,-0.0,,0.0
2026-04-09,344860,,7.06,-0.0,,-0.1
2026-04-10,344860,,7.05,-0.0,,0.0
2026-04-13,344860,,7.03,-0.1,,0.1
2026-04-14,344860,,7.0,-0.0,,0.1
2026-04-15,344860,,7.0,0.0,,-0.0
2026-04-16,344860,,7.0,0.0,,0.0
2026-04-17,344860,,7.0,-0.0,,0.0
2026-04-20,344860,,7.0,-0.1,,0.1
2026-04-21,344860,,6.95,-0.0,,0.1
2026-04-22,344860,,6.94,-0.0,,0.0
2026-04-23,344860,,6.93,0.0,,-0.0
2026-04-24,344860,,6.93,-0.0,,-0.0
2026-04-27,344860,,6.93,-0.0,,0.0
2026-04-28,344860,,6.91,-0.0,,0.0
2026-04-29,344860,,6.91,0.1,,-0.1
2026-04-30,344860,1543.0,6.95,-0.1,,0.1
2026-05-04,344860,,6.92,-0.1,,0.1
2026-05-06,344860,,6.87,-0.5,0.0,0.5
2026-05-07,344860,,6.61,0.0,-0.0,-0.0
2026-05-08,344860,,6.63,0.0,-0.0,-0.0
2026-05-11,344860,,6.65,-0.0,0.0,0.1
2026-05-12,344860,,6.62,-0.1,0.0,0.1
2026-05-13,344860,,6.58,-0.0,0.0,0.0
2026-05-14,344860,,6.57,0.1,-0.0,-0.1
2026-05-15,344860,,6.62,0.1,0.0,-0.2
2026-05-18,344860,,6.7,-0.0,-0.0,0.0
2026-05-19,344860,,6.69,0.0,0.0,-0.0
2026-05-20,344860,,6.77,-1.0,0.1,0.6
2026-05-21,344860,,6.32,0.1,0.0,-0.6
2026-05-22,344860,,6.39,0.7,-0.0,-1.2
2026-05-26,344860,,6.79,0.2,-0.0,-0.7
2026-05-27,344860,,6.88,-0.3,0.0,-0.0
2026-05-28,344860,,6.72,-0.1,0.0,-0.0
2026-05-29,344860,1410.0,6.68,-0.3,-0.0,-0.1
2026-06-01,344860,,6.53,0.2,-0.0,-0.5
2026-06-02,344860,,6.65,-0.1,0.0,-0.1
2026-06-04,344860,,6.51,-0.1,-0.0,-0.1
2026-06-05,344860,,6.46,0.2,-0.0,-0.2
2026-06-08,344860,,6.66,0.0,-0.0,0.0
2026-06-09,344860,,6.68,-0.2,0.0,-0.2
2026-06-10,344860,,6.56,-0.2,-0.0,-0.1
2026-06-11,344860,,6.44,-0.1,,-0.2
2026-06-12,344860,,6.4,0.0,-0.0,-0.2
2026-06-15,344860,,6.42,-0.1,0.0,-0.4
2026-06-16,344860,,6.38,-0.3,0.0,-0.1
2026-06-17,344860,,6.22,-0.0,-0.0,0.0
2026-06-18,344860,,6.2,-0.1,0.0,0.0
2026-06-19,344860,,6.15,-0.1,0.0,-0.0
2026-06-22,344860,,6.09,0.1,-0.0,-0.2
2026-06-23,344860,,6.18,0.2,-0.0,-0.2
2026-06-24,344860,,6.3,-0.1,0.0,0.1
2026-06-25,344860,,6.25,-0.0,0.0,0.0
2026-06-26,344860,,6.24,0.0,0.0,-0.0
2026-06-29,344860,,6.26,-0.0,,0.0
2026-06-30,344860,1418.0,6.24,-0.2,-0.0,0.2
2026-07-01,344860,,6.1,-0.0,0.0,0.0
2026-07-02,344860,,6.18,-0.1,-0.0,0.1
2026-07-03,344860,,6.13,0.0,-0.0,0.0
2026-07-06,344860,,6.13,-0.1,-0.0,0.1
2026-07-07,344860,,6.07,-0.1,-0.0,0.1
2026-07-08,344860,,6.03,-0.0,-0.1,0.1
2026-07-09,344860,,6.01,0.1,,-0.1
2026-07-10,344860,,6.04,0.0,-0.0,-0.0
2026-07-13,344860,1272.0,6.06,0.1,0.0,-0.0
2025-07-14,347000,,3.66,-0.3,,0.3
2025-07-15,347000,,3.63,-0.1,,0.1
2025-07-16,347000,,3.67,0.1,,-0.1
2025-07-17,347000,,3.69,-0.2,,0.1
2025-07-18,347000,,3.67,0.3,,-0.3
2025-07-21,347000,,3.72,-0.1,,0.1
2025-07-22,347000,,3.71,-0.6,,0.6
2025-07-23,347000,,3.64,-0.4,,0.4
2025-07-24,347000,,3.59,-0.1,,0.1
2025-07-25,347000,,3.57,-0.2,,-0.0
2025-07-28,347000,,3.54,-0.0,,0.0
2025-07-29,347000,,3.54,0.1,,-0.1
2025-07-30,347000,,3.55,0.3,,-0.3
2025-07-31,347000,,3.58,-0.2,,0.2
2025-08-01,347000,,3.56,-0.2,,0.2
2025-08-04,347000,,3.47,0.7,,-0.7
2025-08-05,347000,,3.56,-0.0,,0.0
2025-08-06,347000,,3.56,0.0,,-0.0
2025-08-07,347000,,3.56,0.4,,-0.4
2025-08-08,347000,,3.55,0.2,,-0.2
2025-08-11,347000,,3.58,0.1,,-0.1
2025-08-12,347000,,3.6,0.1,,-0.1
2025-08-13,347000,,3.59,-0.2,,0.2
2025-08-14,347000,,3.57,-0.3,,0.3
2025-08-18,347000,,3.16,-0.3,,0.3
2025-08-19,347000,,3.12,-0.4,,0.4
2025-08-20,347000,,3.07,-0.4,,0.4
2025-08-21,347000,,2.62,0.0,0.0,-0.0
2025-08-22,347000,,2.62,0.2,,-0.2
2025-08-25,347000,,2.65,0.1,,-0.1
2025-08-26,347000,,2.67,-0.1,,0.1
2025-08-27,347000,,2.66,-0.7,0.0,0.7
2025-08-28,347000,,2.57,-5.2,-0.7,5.7
2025-08-29,347000,2330.0,1.99,-0.6,,0.4
2025-09-01,347000,,1.93,-7.1,-1.2,8.0
2025-09-02,347000,,1.14,-0.8,,0.6
2025-09-03,347000,,1.2,-0.6,,0.5
2025-09-04,347000,,2.03,-1.3,0.0,1.3
2025-09-05,347000,,1.76,-0.2,,0.2
2025-09-08,347000,,1.74,1.1,,-1.0
2025-09-09,347000,,1.87,0.4,,-0.4
2025-09-10,347000,,1.9,0.9,0.0,-0.9
2025-09-11,347000,,2.02,0.4,,-0.4
2025-09-12,347000,,2.07,0.8,0.0,-0.7
2025-09-15,347000,,2.16,-0.2,,0.2
2025-09-16,347000,,2.14,-0.0,,0.0
2025-09-17,347000,,2.13,-0.8,,0.8
2025-09-18,347000,,2.04,0.7,,-0.7
2025-09-19,347000,,2.12,-0.0,,0.1
2025-09-22,347000,,2.11,-0.5,,0.5
2025-09-23,347000,,2.05,0.5,0.0,-0.5
2025-09-24,347000,,2.11,-0.1,0.2,-0.1
2025-09-25,347000,,2.1,0.4,0.0,-0.3
2025-09-26,347000,,2.15,1.2,0.0,-1.2
2025-09-29,347000,,2.3,0.4,0.0,-0.4
2025-09-30,347000,2325.0,2.35,-0.3,0.1,0.2
2025-10-01,347000,,2.29,-0.1,0.1,-0.0
2025-10-02,347000,,2.28,0.3,0.0,-0.2
2025-10-10,347000,,2.31,0.2,,-0.2
2025-10-13,347000,,2.33,0.2,,-0.2
2025-10-14,347000,,2.35,-0.4,,0.4
2025-10-15,347000,,2.3,-0.0,,0.0
2025-10-16,347000,,2.3,-0.2,0.0,0.2
2025-10-17,347000,,2.27,-0.5,0.1,0.4
2025-10-20,347000,,2.21,-0.4,,0.4
2025-10-21,347000,,2.16,-0.4,0.0,0.4
2025-10-22,347000,,2.11,-0.0,0.0,0.0
2025-10-23,347000,,2.11,0.2,,-0.2
2025-10-24,347000,,2.14,-0.1,0.0,0.1
2025-10-27,347000,,2.07,0.2,0.0,-0.2
2025-10-28,347000,,2.09,-0.4,0.0,0.4
2025-10-29,347000,,2.04,-0.2,0.3,-0.1
2025-10-30,347000,,2.02,-0.2,,0.1
2025-10-31,347000,2125.0,2.0,0.2,0.0,-0.5
2025-11-03,347000,,2.03,-0.5,0.2,0.4
2025-11-04,347000,,1.97,0.3,,-0.3
2025-11-05,347000,,2.02,0.1,,-0.1
2025-11-06,347000,,2.03,-0.1,,0.1
2025-11-07,347000,,1.99,-0.4,,0.4
2025-11-10,347000,,1.93,0.3,,-0.3
2025-11-11,347000,,1.93,0.1,,-0.1
2025-11-12,347000,,1.94,0.4,,-0.4
2025-11-13,347000,,1.85,-0.3,0.0,0.3
2025-11-14,347000,,1.79,-0.0,0.0,-0.3
2025-11-17,347000,,1.79,0.8,,-0.8
2025-11-18,347000,,1.9,0.9,,-0.9
2025-11-19,347000,,2.02,0.5,,-0.5
2025-11-20,347000,,2.09,0.2,,-0.2
2025-11-21,347000,,2.11,0.2,,-0.2
2025-11-24,347000,,2.06,-0.0,,0.0
2025-11-25,347000,,2.06,-0.1,,0.1
2025-11-26,347000,,2.05,0.0,,-0.0
2025-11-27,347000,,2.05,0.1,,-0.1
2025-11-28,347000,2125.0,2.06,0.3,,-0.3
2025-12-01,347000,,2.11,0.1,0.0,-0.1
2025-12-02,347000,,2.14,-0.0,0.0,-0.0
2025-12-03,347000,,2.13,0.1,0.0,-0.1
2025-12-04,347000,,2.15,-0.0,0.0,-0.0
2025-12-05,347000,,2.15,0.3,0.0,-0.3
2025-12-08,347000,,2.19,0.0,0.0,-0.0
2025-12-09,347000,,2.19,0.0,0.0,-0.1
2025-12-10,347000,,2.19,-0.1,0.0,-0.4
2025-12-11,347000,,2.18,0.4,0.0,-0.6
2025-12-12,347000,,2.23,0.0,0.0,-0.2
2025-12-15,347000,,2.24,0.1,0.0,-0.1
2025-12-16,347000,,2.26,-0.1,0.0,0.1
2025-12-17,347000,,2.24,0.1,0.0,-0.1
2025-12-18,347000,,2.25,0.1,0.0,-0.1
2025-12-19,347000,,2.26,0.1,0.0,-0.2
2025-12-22,347000,,2.27,-2.0,-0.0,2.0
2025-12-23,347000,,2.04,0.5,,-0.5
2025-12-24,347000,,2.1,0.1,0.0,-0.2
2025-12-26,347000,,2.12,-0.2,,-0.3
2025-12-29,347000,,2.1,0.3,,-0.5
2025-12-30,347000,2210.0,2.14,-0.1,,0.1
2026-01-02,347000,,2.12,0.0,,-0.3
2026-01-05,347000,,2.12,-0.0,,0.0
2026-01-06,347000,,2.15,-0.5,,0.5
2026-01-07,347000,,2.11,-0.2,,0.2
2026-01-08,347000,,2.08,-0.5,-0.0,0.5
2026-01-09,347000,,2.02,0.0,0.0,0.0
2026-01-12,347000,,2.02,0.2,,-0.2
2026-01-13,347000,,2.76,-0.2,,0.2
2026-01-14,347000,,2.74,0.0,,-0.0
2026-01-15,347000,,2.74,0.2,,-0.2
2026-01-16,347000,,2.76,0.1,,-0.1
2026-01-19,347000,,2.77,0.6,,-0.6
2026-01-20,347000,,2.95,0.8,,-0.7
2026-01-21,347000,,3.06,-0.3,,0.3
2026-01-22,347000,,3.03,0.2,,-0.3
2026-01-23,347000,,3.05,-0.3,,0.3
2026-01-26,347000,,2.49,0.4,,-0.4
2026-01-27,347000,,2.52,0.1,,-0.1
2026-01-28,347000,,2.54,0.7,,-0.7
2026-01-29,347000,,2.63,0.3,,-0.0
2026-01-30,347000,2105.0,2.66,-1.4,,1.4
2026-02-02,347000,,2.49,-0.9,0.0,0.9
2026-02-03,347000,,2.37,-1.4,0.0,1.3
2026-02-04,347000,,2.2,0.6,0.0,-0.6
2026-02-05,347000,,2.27,-0.0,,-0.1
2026-02-06,347000,,2.27,0.5,,-0.6
2026-02-09,347000,,2.34,1.0,,-1.0
2026-02-10,347000,,2.46,-0.2,,0.2
2026-02-11,347000,,2.44,-0.2,,0.1
2026-02-12,347000,,2.44,0.2,-0.1,0.3
2026-02-13,347000,,2.46,-0.9,,0.9
2026-02-19,347000,,2.37,1.0,,-1.2
2026-02-20,347000,,2.48,1.3,,-1.4
2026-02-23,347000,,2.63,1.3,,-1.2
2026-02-24,347000,,2.78,-0.2,,0.3
2026-02-25,347000,,2.75,-0.1,,0.2
2026-02-26,347000,,2.74,0.7,,-0.6
2026-02-27,347000,2300.0,2.81,0.2,,-0.2
2026-03-03,347000,,2.83,0.7,,-1.4
2026-03-04,347000,,2.91,0.3,,0.1
2026-03-05,347000,,2.96,0.3,0.0,-0.4
2026-03-06,347000,,3.0,-0.0,0.1,-0.2
2026-03-09,347000,,2.99,-1.3,,1.2
2026-03-10,347000,,2.83,0.0,,-0.1
2026-03-11,347000,,2.88,0.3,,-0.5
2026-03-12,347000,,2.91,-0.3,,0.3
2026-03-13,347000,,2.88,2.2,-1.9,-0.1
2026-03-16,347000,,3.14,-0.2,,0.4
2026-03-17,347000,,3.12,-0.0,,0.0
2026-03-18,347000,,3.1,-0.2,,0.2
2026-03-19,347000,,2.59,-0.3,,0.2
2026-03-20,347000,,2.56,0.4,,-0.4
2026-03-23,347000,,2.61,0.1,,-0.2
2026-03-24,347000,,2.72,0.2,,-0.2
2026-03-25,347000,,2.64,-0.0,,-0.2
2026-03-26,347000,,2.64,-0.9,,0.8
2026-03-27,347000,,2.53,0.9,,-0.6
2026-03-30,347000,,2.64,0.1,,-0.1
2026-03-31,347000,2105.0,2.66,-0.6,,0.5
2026-04-01,347000,,2.59,1.0,,-1.2
2026-04-02,347000,,2.71,0.5,,-0.5
2026-04-03,347000,,2.77,0.4,,-0.4
2026-04-06,347000,,2.82,-0.1,,0.1
2026-04-07,347000,,2.81,-0.1,,0.0
2026-04-08,347000,,2.8,-0.2,,0.2
2026-04-09,347000,,2.78,-0.0,,0.0
2026-04-10,347000,,2.77,0.7,,-0.7
2026-04-13,347000,,2.86,0.6,,-0.6
2026-04-14,347000,,2.93,-11.8,-2.4,15.1
2026-04-15,347000,,1.69,6.5,,-7.2
2026-04-16,347000,,2.44,0.7,0.0,-0.7
2026-04-17,347000,,2.52,-0.2,,-0.1
2026-04-20,347000,,2.49,-0.3,0.0,0.4
2026-04-21,347000,,2.46,0.2,0.0,-0.2
2026-04-22,347000,,2.48,-0.0,0.0,-0.0
2026-04-23,347000,,2.48,-0.1,0.0,-0.1
2026-04-24,347000,,2.47,-0.5,0.0,0.5
2026-04-27,347000,,2.41,-2.8,0.0,2.8
2026-04-28,347000,,2.09,-4.4,0.0,4.1
2026-04-29,347000,,1.61,-0.6,-0.0,1.2
2026-04-30,347000,2405.0,1.57,-1.0,-0.0,1.0
2026-05-04,347000,,1.46,-2.2,-0.0,2.3
2026-05-06,347000,,1.22,-1.5,-0.0,1.1
2026-05-07,347000,,1.07,-1.3,0.0,1.7
2026-05-08,347000,,0.93,1.2,-0.0,-1.2
2026-05-11,347000,,1.06,1.0,0.0,-1.0
2026-05-12,347000,,1.18,2.1,0.0,-2.1
2026-05-13,347000,,1.39,0.3,-0.0,-0.3
2026-05-14,347000,,1.73,-0.0,-0.0,0.1
2026-05-15,347000,,1.57,1.4,1.1,-2.5
2026-05-18,347000,,1.2,0.2,-0.0,-0.3
2026-05-19,347000,,1.23,-0.1,-0.0,0.1
2026-05-20,347000,,1.22,-1.2,0.1,1.1
2026-05-21,347000,,1.2,-0.2,0.0,0.2
2026-05-22,347000,,1.18,0.1,-0.0,-0.1
2026-05-26,347000,,1.18,-0.5,-0.0,0.5
2026-05-27,347000,,1.23,-1.5,0.4,1.2
2026-05-28,347000,,1.04,-0.6,0.0,0.5
2026-05-29,347000,1882.0,0.94,-0.8,0.2,0.7
2026-06-01,347000,,0.79,-0.1,0.0,0.1
2026-06-02,347000,,0.78,0.8,0.0,-0.9
2026-06-04,347000,,0.89,-0.3,-0.0,0.3
2026-06-05,347000,,0.85,-0.2,-0.0,0.2
2026-06-08,347000,,0.9,-0.8,0.0,0.8
2026-06-09,347000,,0.78,0.2,0.0,-0.1
2026-06-10,347000,,0.81,0.1,-0.0,-0.1
2026-06-11,347000,,0.82,0.1,-0.0,-0.1
2026-06-12,347000,,0.83,-0.4,0.0,0.4
2026-06-15,347000,,0.78,-0.3,-0.0,0.3
2026-06-16,347000,,0.75,-0.2,0.0,0.2
2026-06-17,347000,,0.73,0.1,0.0,-0.1
2026-06-18,347000,,0.75,-0.3,-0.0,0.3
2026-06-19,347000,,0.72,-0.4,0.0,0.3
2026-06-22,347000,,0.62,0.2,-0.0,-0.2
2026-06-23,347000,,0.67,0.4,0.0,-0.5
2026-06-24,347000,,0.83,0.0,-0.0,-0.0
2026-06-25,347000,,0.85,0.3,-0.0,-0.3
2026-06-26,347000,,1.0,-0.0,-0.0,0.0
2026-06-29,347000,,0.78,0.3,-0.0,-0.3
2026-06-30,347000,1716.0,0.82,-1.8,-0.0,1.8
2026-07-01,347000,,0.55,0.6,-0.0,-0.7
2026-07-02,347000,,0.66,0.2,0.0,-0.2
2026-07-03,347000,,1.68,-0.0,-0.0,0.0
2026-07-06,347000,,1.68,-0.1,-0.0,0.1
2026-07-07,347000,,1.66,-0.3,-0.0,0.3
2026-07-08,347000,,1.62,0.3,0.0,-0.4
2026-07-09,347000,,1.67,-0.1,-0.0,0.1
2026-07-10,347000,,1.66,0.3,-0.0,-0.3
2026-07-13,347000,1715.0,1.66,-0.1,0.0,0.1
2025-07-14,347700,,1.47,25.3,-17.3,-6.8
2025-07-15,347700,,2.1,53.4,-18.3,-32.1
2025-07-16,347700,,3.3,-11.6,3.5,9.5
2025-07-17,347700,,3.02,-1.4,4.4,-3.4
2025-07-18,347700,,3.01,-3.6,14.8,-11.8
2025-07-21,347700,,2.95,-6.9,8.4,-1.0
2025-07-22,347700,,2.78,-1.5,3.0,-1.3
2025-07-23,347700,,2.75,-4.2,2.0,1.5
2025-07-24,347700,,2.66,-5.0,0.0,3.9
2025-07-25,347700,,2.5,5.8,-10.3,4.0
2025-07-28,347700,,2.66,-12.0,10.7,3.1
2025-07-29,347700,,2.43,-4.6,8.8,-1.0
2025-07-30,347700,,2.35,-5.6,-1.1,9.2
2025-07-31,347700,,2.19,-2.5,-6.3,8.1
2025-08-01,347700,,2.19,-0.0,-0.4,0.8
2025-08-04,347700,,2.19,-76.7,-55.4,127.1
2025-08-05,347700,,0.69,-2.1,-6.7,7.4
2025-08-06,347700,,0.8,-5.0,2.5,2.7
2025-08-07,347700,,0.69,-2.0,-10.4,12.2
2025-08-08,347700,,0.66,-1.4,-1.6,1.6
2025-08-11,347700,,0.65,0.2,-7.6,5.5
2025-08-12,347700,,0.67,-5.3,-0.9,5.7
2025-08-13,347700,,0.51,2.6,6.7,-9.4
2025-08-14,347700,,0.56,-2.7,7.3,-6.4
2025-08-18,347700,,0.5,-6.0,2.6,4.1
2025-08-19,347700,,0.39,-0.9,-3.2,3.6
2025-08-20,347700,,0.39,11.8,-9.3,-3.6
2025-08-21,347700,,0.74,-3.4,1.0,2.3
2025-08-22,347700,,0.62,0.4,4.0,-4.9
2025-08-25,347700,,0.64,-7.9,1.9,5.6
2025-08-26,347700,,0.44,-1.0,4.2,-3.2
2025-08-27,347700,,0.43,34.7,20.5,-51.8
2025-08-28,347700,,1.29,-15.9,-2.9,19.4
2025-08-29,347700,11660.0,0.83,-2.2,2.0,0.1
2025-09-01,347700,,0.75,0.3,-3.6,3.2
2025-09-02,347700,,0.73,0.9,-0.1,-0.9
2025-09-03,347700,,0.71,-1.6,0.2,2.4
2025-09-04,347700,,0.67,-0.4,2.5,-1.9
2025-09-05,347700,,0.67,-1.1,1.9,-0.9
2025-09-08,347700,,0.63,-3.4,1.3,1.9
2025-09-09,347700,,0.54,1.6,2.5,-4.1
2025-09-10,347700,,0.58,-4.5,5.4,-0.8
2025-09-11,347700,,0.48,-1.5,2.6,-1.2
2025-09-12,347700,,0.46,-2.2,4.5,-2.3
2025-09-15,347700,,0.41,2.5,12.6,-14.3
2025-09-16,347700,,0.49,-1.6,2.2,-1.3
2025-09-17,347700,,0.44,-0.8,5.3,-4.6
2025-09-18,347700,,0.41,0.3,1.8,-2.3
2025-09-19,347700,,0.43,-1.3,-8.1,8.9
2025-09-22,347700,,0.4,1.5,-7.4,5.2
2025-09-23,347700,,0.44,3.7,-6.0,2.8
2025-09-24,347700,,0.52,6.8,-4.9,-1.4
2025-09-25,347700,,0.68,-2.1,-4.4,6.1
2025-09-26,347700,,0.62,1.7,-3.3,1.3
2025-09-29,347700,,0.7,-3.5,2.8,1.3
2025-09-30,347700,10420.0,0.61,-6.4,-3.1,10.6
2025-10-01,347700,,0.44,6.2,3.4,-9.6
2025-10-02,347700,,0.6,1.9,5.6,-7.9
2025-10-10,347700,,0.66,-1.2,-1.8,2.4
2025-10-13,347700,,0.61,21.7,0.0,-21.7
2025-10-14,347700,,1.32,-2.6,3.6,-0.6
2025-10-15,347700,,1.25,2.9,-1.9,0.1
2025-10-16,347700,,1.27,-7.5,-15.2,22.4
2025-10-17,347700,,0.92,-2.3,-15.2,18.5
2025-10-20,347700,,0.84,-0.7,-3.6,3.4
2025-10-21,347700,,0.83,-2.2,-7.2,9.1
2025-10-22,347700,,0.77,1.3,1.3,-2.6
2025-10-23,347700,,0.84,-1.4,1.4,-0.0
2025-10-24,347700,,0.78,6.6,-3.5,-2.0
2025-10-27,347700,,0.93,14.0,-16.1,1.4
2025-10-28,347700,,1.37,6.0,-4.2,-1.1
2025-10-29,347700,,1.53,9.0,-10.3,1.1
2025-10-30,347700,,1.86,-3.1,7.5,-4.3
2025-10-31,347700,8240.0,1.77,-6.4,7.1,-0.6
2025-11-03,347700,,1.53,-11.3,7.9,3.3
2025-11-04,347700,,1.19,-5.3,7.2,0.6
2025-11-05,347700,,1.06,-3.1,0.9,2.0
2025-11-06,347700,,1.0,-0.1,3.1,-3.0
2025-11-07,347700,,1.01,-3.6,-4.0,7.8
2025-11-10,347700,,0.82,8.3,-6.8,-1.8
2025-11-11,347700,,1.08,10.8,-5.7,-5.7
2025-11-12,347700,,1.46,-1.4,-1.7,3.8
2025-11-13,347700,,1.51,1.0,-3.9,2.4
2025-11-14,347700,,1.51,-7.1,1.5,5.4
2025-11-17,347700,,1.28,3.6,5.9,-8.8
2025-11-18,347700,,1.57,-6.6,22.6,-16.1
2025-11-19,347700,,1.42,-4.5,14.6,-9.5
2025-11-20,347700,,1.32,-3.0,5.9,-1.8
2025-11-21,347700,,1.24,-2.0,-1.3,3.3
2025-11-24,347700,,1.19,-1.2,2.3,-0.9
2025-11-25,347700,,1.15,0.3,-1.0,0.7
2025-11-26,347700,,1.16,-1.2,-1.8,3.0
2025-11-27,347700,,1.13,-0.1,0.0,0.7
2025-11-28,347700,8800.0,1.13,-0.2,0.2,-0.0
2025-12-01,347700,,1.12,0.1,-2.9,2.8
2025-12-02,347700,,1.12,0.1,-1.1,1.0
2025-12-03,347700,,1.13,0.1,-4.2,4.3
2025-12-04,347700,,1.13,1.0,-18.5,20.8
2025-12-05,347700,,1.17,6.8,-8.0,1.6
2025-12-08,347700,,1.4,10.7,-0.7,-9.9
2025-12-09,347700,,1.84,-10.3,9.3,1.0
2025-12-10,347700,,1.46,0.8,-5.6,4.8
2025-12-11,347700,,1.48,20.6,36.9,-50.6
2025-12-12,347700,,2.12,13.7,82.1,-84.2
2025-12-15,347700,,2.5,6.2,2.4,-11.0
2025-12-16,347700,,2.61,125.3,-39.5,-85.9
2025-12-17,347700,,4.18,3.9,-25.1,17.3
2025-12-18,347700,,4.19,-3.7,-20.6,23.0
2025-12-19,347700,,4.13,2.8,-26.6,28.9
2025-12-22,347700,,4.17,11.7,-131.3,130.6
2025-12-23,347700,,4.36,-20.8,-35.3,60.6
2025-12-24,347700,,3.88,6.0,-29.8,24.4
2025-12-26,347700,,3.98,-0.5,4.6,-11.9
2025-12-29,347700,,3.98,21.4,-107.5,84.5
2025-12-30,347700,14690.0,4.32,13.5,-11.6,-9.2
2026-01-02,347700,,4.52,120.5,-51.7,-61.7
2026-01-05,347700,,5.95,-82.7,-66.4,196.4
2026-01-06,347700,,5.01,,,
2026-01-07,347700,,5.01,-12.4,-156.4,151.8
2026-01-08,347700,,4.7,11.3,-39.8,29.7
2026-01-09,347700,,4.99,24.5,-5.5,0.3
2026-01-12,347700,,5.32,10.5,-40.6,87.7
2026-01-13,347700,,5.0,-41.2,-38.8,149.6
2026-01-14,347700,,4.52,8.4,-17.1,29.3
2026-01-15,347700,,4.63,-30.1,-24.3,80.1
2026-01-16,347700,,4.27,25.3,16.9,14.4
2026-01-19,347700,,4.58,83.5,-3.9,-34.1
2026-01-20,347700,,5.56,80.3,-1.4,-77.4
2026-01-21,347700,,6.42,-44.9,-8.0,81.2
2026-01-22,347700,,5.91,13.3,18.3,-19.5
2026-01-23,347700,,6.06,220.6,6.6,-166.7
2026-01-26,347700,,7.97,7.1,4.6,5.6
2026-01-27,347700,,8.04,-0.4,-29.8,64.0
2026-01-28,347700,,8.01,12.7,-96.0,119.9
2026-01-29,347700,,7.78,47.0,45.3,-93.1
2026-01-30,347700,27200.0,8.23,-53.5,26.8,47.5
2026-02-02,347700,,7.8,-82.7,-13.8,113.8
2026-02-03,347700,,7.16,-94.5,-3.6,98.6
2026-02-04,347700,,6.82,-80.0,22.0,60.0
2026-02-05,347700,,5.97,-7.9,-8.3,13.0
2026-02-06,347700,,5.9,202.5,47.4,-236.1
2026-02-09,347700,,7.56,-85.5,27.3,53.2
2026-02-10,347700,,6.99,-46.3,-38.1,81.1
2026-02-11,347700,,6.84,7.8,2.3,-8.6
2026-02-12,347700,,6.86,-5.4,51.1,-29.7
2026-02-13,347700,,7.45,107.7,-29.5,-31.8
2026-02-19,347700,,8.11,-122.0,-46.4,167.4
2026-02-20,347700,,7.54,88.3,-203.8,211.4
2026-02-23,347700,,7.94,-11.1,-36.6,38.5
2026-02-24,347700,,7.96,-10.0,-49.6,62.9
2026-02-25,347700,,7.91,-12.9,19.1,-7.8
2026-02-26,347700,,7.91,2.7,-47.7,44.2
2026-02-27,347700,42900.0,7.92,4.5,-1.5,-1.3
2026-03-03,347700,,7.95,97.0,-29.8,-11.7
2026-03-04,347700,,8.31,27.7,-43.0,14.4
2026-03-05,347700,,8.49,250.4,28.3,-264.9
2026-03-06,347700,,10.1,-143.0,20.8,114.9
2026-03-09,347700,,9.12,41.5,10.6,-49.0
2026-03-10,347700,,9.29,-70.2,5.5,64.5
2026-03-11,347700,,8.92,-76.8,32.4,89.2
2026-03-12,347700,,8.59,35.3,70.6,-92.2
2026-03-13,347700,,8.88,-18.1,-86.0,96.0
2026-03-16,347700,,8.69,-17.7,33.2,-12.3
2026-03-17,347700,,8.56,-98.2,-2.0,97.6
2026-03-18,347700,,8.08,-88.8,-107.8,192.4
2026-03-19,347700,,7.58,-29.3,-16.8,43.8
2026-03-20,347700,,7.41,357.9,-39.0,-147.6
2026-03-23,347700,,9.3,-9.4,16.3,-5.8
2026-03-24,347700,,9.0,-44.8,-24.5,74.0
2026-03-25,347700,,8.56,-121.4,71.2,57.3
2026-03-26,347700,,7.61,-290.7,-53.1,378.4
2026-03-27,347700,,6.36,-15.8,58.3,-44.8
2026-03-30,347700,,6.3,-29.5,-14.9,40.7
2026-03-31,347700,43200.0,6.16,98.8,-29.1,-77.7
2026-04-01,347700,,6.71,134.1,127.5,-255.7
2026-04-02,347700,,7.48,-11.6,-32.0,45.3
2026-04-03,347700,,7.45,-90.6,59.8,27.7
2026-04-06,347700,,6.92,1.6,-76.7,69.3
2026-04-07,347700,,6.92,4.6,-2.6,-10.1
2026-04-08,347700,,6.98,45.7,135.5,-178.9
2026-04-09,347700,,7.43,-146.6,-30.9,179.8
2026-04-10,347700,,6.51,-209.0,-113.2,320.9
2026-04-13,347700,,5.36,15.1,-23.8,6.6
2026-04-14,347700,,5.47,72.3,57.0,-134.7
2026-04-15,347700,,7.18,-73.0,-7.7,83.7
2026-04-16,347700,,6.66,-92.7,-1.6,91.6
2026-04-17,347700,,6.09,-61.7,3.7,74.8
2026-04-20,347700,,5.68,-68.2,-73.5,131.8
2026-04-21,347700,,5.21,14.6,-43.5,21.8
2026-04-22,347700,,5.25,36.8,-68.6,34.1
2026-04-23,347700,,5.86,-123.9,-32.5,156.3
2026-04-24,347700,,5.18,-23.6,22.6,1.6
2026-04-27,347700,,5.03,-13.1,-9.4,21.8
2026-04-28,347700,,4.87,-55.7,-39.1,92.9
2026-04-29,347700,,4.33,-2.2,4.2,-3.1
2026-04-30,347700,42200.0,4.35,-29.8,192.1,-161.4
2026-05-04,347700,,4.44,-77.4,101.9,-17.7
2026-05-06,347700,,3.96,-24.1,-3.0,33.6
2026-05-07,347700,,3.82,-16.7,-35.4,51.0
2026-05-08,347700,,3.75,28.7,24.9,-51.6
2026-05-11,347700,,3.97,279.3,81.9,-364.1
2026-05-12,347700,,5.98,1.0,13.0,13.0
2026-05-13,347700,,5.94,-32.2,-18.2,47.0
2026-05-14,347700,,6.97,7.1,-14.0,10.2
2026-05-15,347700,,6.92,-3.0,42.2,-41.2
2026-05-18,347700,,6.88,-40.8,164.7,-111.5
2026-05-19,347700,,6.3,-184.4,-44.4,251.8
2026-05-20,347700,,4.76,8.3,-70.4,58.5
2026-05-21,347700,,4.81,3.7,-40.5,35.9
2026-05-22,347700,,4.84,-56.7,-2.5,38.4
2026-05-26,347700,,4.56,730.7,-31.5,-657.5
2026-05-27,347700,,8.28,-46.6,-6.2,75.7
2026-05-28,347700,,7.58,-137.7,-79.9,214.6
2026-05-29,347700,38950.0,6.81,-141.8,-37.8,176.6
2026-06-01,347700,,5.78,-26.7,-55.0,65.0
2026-06-02,347700,,5.85,67.7,-43.2,-11.9
2026-06-04,347700,,6.8,26.9,-9.6,-17.0
2026-06-05,347700,,6.47,6.4,-33.5,24.8
2026-06-08,347700,,6.51,-25.0,-4.7,34.8
2026-06-09,347700,,7.75,24.7,-1.6,-21.2
2026-06-10,347700,,7.81,-68.6,46.6,18.0
2026-06-11,347700,,7.28,-87.4,90.7,10.1
2026-06-12,347700,,6.94,83.5,71.3,-168.2
2026-06-15,347700,,7.66,40.0,-40.8,7.8
2026-06-16,347700,,7.65,-56.4,-32.9,79.7
2026-06-17,347700,,7.02,-6.2,-69.4,75.6
2026-06-18,347700,,7.01,3.0,-21.3,30.8
2026-06-19,347700,,7.13,73.1,-24.2,-56.5
2026-06-22,347700,,8.03,86.9,-43.3,-49.6
2026-06-23,347700,,8.91,69.6,-10.9,-68.1
2026-06-24,347700,,9.71,-31.3,24.5,5.6
2026-06-25,347700,,9.33,35.3,-13.4,-16.5
2026-06-26,347700,,9.65,48.5,-8.4,-44.6
2026-06-29,347700,,10.44,-32.1,50.9,-26.1
2026-06-30,347700,23350.0,10.16,-152.2,141.8,21.4
2026-07-01,347700,,8.69,-47.6,180.9,-139.3
2026-07-02,347700,,8.22,-54.9,-12.4,48.6
2026-07-03,347700,,7.88,19.7,-38.0,29.3
2026-07-06,347700,,8.18,-2.2,5.6,1.7
2026-07-07,347700,,8.19,111.2,-105.4,1.0
2026-07-08,347700,,9.25,41.9,-37.5,-2.1
2026-07-09,347700,,9.7,2.4,-3.0,0.8
2026-07-10,347700,,9.73,5.9,28.5,-34.7
2026-07-13,347700,19890.0,9.79,11.7,1.2,-11.9
2025-07-14,347740,,2.3,-0.5,0.3,0.2
2025-07-15,347740,,2.25,2.8,0.2,-3.1
2025-07-16,347740,,2.54,-0.3,0.1,0.3
2025-07-17,347740,,2.5,1.5,,-1.5
2025-07-18,347740,,2.66,0.3,,-0.3
2025-07-21,347740,,2.7,0.0,,-0.1
2025-07-22,347740,,2.7,-0.6,,0.7
2025-07-23,347740,,2.63,-0.1,0.2,-0.1
2025-07-24,347740,,2.62,-0.3,0.0,0.3
2025-07-25,347740,,2.59,-0.8,,0.8
2025-07-28,347740,,2.5,-2.2,-0.0,2.5
2025-07-29,347740,,2.26,1.2,,-1.2
2025-07-30,347740,,2.39,-0.6,,0.6
2025-07-31,347740,,2.32,0.8,,-0.8
2025-08-01,347740,,2.41,-0.5,,0.5
2025-08-04,347740,,2.36,-0.5,,0.6
2025-08-05,347740,,2.3,0.7,,-0.3
2025-08-06,347740,,2.38,0.4,,-0.4
2025-08-07,347740,,2.42,1.1,-0.0,-1.4
2025-08-08,347740,,2.55,-0.5,,0.3
2025-08-11,347740,,2.49,0.1,0.0,0.2
2025-08-12,347740,,2.49,-0.3,,0.5
2025-08-13,347740,,2.46,-0.0,,0.0
2025-08-14,347740,,2.45,-0.3,,0.3
2025-08-18,347740,,2.41,-0.6,,0.5
2025-08-19,347740,,2.33,1.6,,-1.5
2025-08-20,347740,,2.53,3.8,3.1,-7.4
2025-08-21,347740,,2.95,4.0,-4.3,0.5
2025-08-22,347740,,3.37,-0.6,1.3,-0.4
2025-08-25,347740,,3.31,-1.7,0.9,0.6
2025-08-26,347740,,3.12,-0.8,1.1,-0.1
2025-08-27,347740,,3.03,-0.7,1.4,-0.7
2025-08-28,347740,,2.94,-0.9,0.6,0.3
2025-08-29,347740,3010.0,2.85,-0.9,0.4,0.5
2025-09-01,347740,,2.75,-0.4,0.7,-0.2
2025-09-02,347740,,2.7,-1.7,0.6,1.1
2025-09-03,347740,,2.52,-0.5,1.0,-0.6
2025-09-04,347740,,2.47,-0.3,-0.0,0.3
2025-09-05,347740,,2.44,0.6,-0.1,-0.6
2025-09-08,347740,,2.51,0.1,-0.0,-0.1
2025-09-09,347740,,2.52,1.0,0.0,-1.2
2025-09-10,347740,,2.62,0.4,-0.0,-0.2
2025-09-11,347740,,2.67,2.1,0.1,-2.2
2025-09-12,347740,,2.9,-3.1,0.0,3.1
2025-09-15,347740,,2.56,-0.4,-0.0,0.1
2025-09-16,347740,,2.52,-1.2,0.0,1.2
2025-09-17,347740,,2.38,0.4,0.4,-0.8
2025-09-18,347740,,2.43,0.3,0.2,-0.3
2025-09-19,347740,,2.46,-0.3,-0.0,0.3
2025-09-22,347740,,2.43,-0.1,0.2,-0.1
2025-09-23,347740,,2.42,-0.0,0.1,-0.1
2025-09-24,347740,,2.42,4.0,-0.4,-3.3
2025-09-25,347740,,2.72,0.6,-0.0,-0.6
2025-09-26,347740,,2.79,-0.8,0.0,0.7
2025-09-29,347740,,2.7,-0.0,0.0,-0.0
2025-09-30,347740,2780.0,2.7,0.1,0.2,-0.2
2025-10-01,347740,,2.71,0.0,0.2,-0.3
2025-10-02,347740,,2.71,-0.1,-0.0,0.2
2025-10-10,347740,,2.7,0.1,-0.0,-0.1
2025-10-13,347740,,2.71,-0.4,0.0,0.3
2025-10-14,347740,,2.65,-0.3,0.1,0.3
2025-10-15,347740,,2.61,0.3,0.6,-0.8
2025-10-16,347740,,2.65,-0.5,0.6,-0.1
2025-10-17,347740,,2.59,-0.9,0.6,0.3
2025-10-20,347740,,2.48,-0.2,0.1,0.1
2025-10-21,347740,,2.45,0.3,,-0.3
2025-10-22,347740,,2.49,-0.6,,0.6
2025-10-23,347740,,2.42,-0.6,0.1,0.5
2025-10-24,347740,,2.33,-0.0,0.2,-0.2
2025-10-27,347740,,2.32,0.3,-0.0,-0.2
2025-10-28,347740,,2.34,0.2,0.6,-0.8
2025-10-29,347740,,2.37,-0.4,0.3,0.0
2025-10-30,347740,,2.32,-0.7,1.5,-0.8
2025-10-31,347740,2745.0,2.24,-0.7,0.6,0.1
2025-11-03,347740,,2.15,-1.0,-0.0,0.9
2025-11-04,347740,,2.02,0.1,-0.0,-0.0
2025-11-05,347740,,2.03,-0.4,0.4,-0.2
2025-11-06,347740,,1.98,0.1,-0.0,-0.1
2025-11-07,347740,,2.0,-0.5,0.6,-0.1
2025-11-10,347740,,1.93,1.0,0.2,-1.3
2025-11-11,347740,,2.03,-0.1,-0.0,0.1
2025-11-12,347740,,2.02,0.2,0.0,-0.2
2025-11-13,347740,,2.04,-0.1,0.0,0.0
2025-11-14,347740,,2.02,-0.0,-0.0,0.1
2025-11-17,347740,,2.01,-0.5,0.0,0.5
2025-11-18,347740,,1.95,-0.3,-0.0,0.2
2025-11-19,347740,,1.95,-0.3,-0.0,0.3
2025-11-20,347740,,1.92,0.4,-0.0,-0.4
2025-11-21,347740,,1.97,0.0,1.0,-1.0
2025-11-24,347740,,1.97,-0.4,-0.1,0.5
2025-11-25,347740,,1.91,-0.7,-0.4,1.0
2025-11-26,347740,,1.82,0.4,-0.4,0.0
2025-11-27,347740,,1.87,0.3,-0.6,0.2
2025-11-28,347740,2425.0,1.91,0.6,-0.0,-0.6
2025-12-01,347740,,2.0,-0.2,0.0,0.2
2025-12-02,347740,,1.97,-0.2,0.2,-0.1
2025-12-03,347740,,1.95,-0.0,-0.0,0.0
2025-12-04,347740,,1.94,-0.3,0.5,-0.1
2025-12-05,347740,,1.9,-0.0,0.1,-0.0
2025-12-08,347740,,1.89,0.1,-0.1,-0.1
2025-12-09,347740,,1.91,-0.2,0.5,-0.3
2025-12-10,347740,,1.87,-0.3,0.4,-0.2
2025-12-11,347740,,1.84,-0.0,0.4,-0.3
2025-12-12,347740,,1.83,-0.2,0.5,-0.3
2025-12-15,347740,,1.81,-0.3,,0.3
2025-12-16,347740,,1.76,-0.3,,0.3
2025-12-17,347740,,1.99,-0.2,0.5,-0.3
2025-12-18,347740,,1.92,-0.2,0.4,-0.2
2025-12-19,347740,,1.89,0.4,0.2,-0.7
2025-12-22,347740,,1.95,-0.8,0.2,0.5
2025-12-23,347740,,1.85,-0.2,0.3,-0.1
2025-12-24,347740,,1.82,-0.2,,0.2
2025-12-26,347740,,1.72,0.0,-0.0,-0.0
2025-12-29,347740,,1.46,-0.1,0.2,-0.1
2025-12-30,347740,2560.0,1.44,-0.3,0.6,-0.3
2026-01-02,347740,,1.4,-0.1,-0.0,0.1
2026-01-05,347740,,1.39,-0.3,0.3,0.1
2026-01-06,347740,,1.43,-0.3,-0.1,0.4
2026-01-07,347740,,1.4,-0.4,-0.0,0.4
2026-01-08,347740,,1.35,-0.4,0.3,0.0
2026-01-09,347740,,1.3,0.0,0.1,-0.1
2026-01-12,347740,,1.3,0.0,0.1,-0.1
2026-01-13,347740,,1.3,-0.4,0.6,-0.1
2026-01-14,347740,,1.24,-0.1,0.4,-0.3
2026-01-15,347740,,1.23,-0.1,0.3,-0.2
2026-01-16,347740,,1.22,-0.3,0.3,-0.0
2026-01-19,347740,,1.18,-0.2,-0.0,0.2
2026-01-20,347740,,1.15,0.4,-0.1,-0.3
2026-01-21,347740,,1.2,-0.1,0.0,0.0
2026-01-22,347740,,1.19,0.3,-0.0,-0.3
2026-01-23,347740,,1.23,0.5,0.0,-0.5
2026-01-26,347740,,1.3,-0.0,-0.0,-0.2
2026-01-27,347740,,1.3,0.1,0.0,-0.2
2026-01-28,347740,,1.32,0.1,0.0,-0.2
2026-01-29,347740,,1.34,0.5,-0.0,-0.3
2026-01-30,347740,2420.0,1.41,-0.3,0.1,0.1
2026-02-02,347740,,1.37,-0.4,-0.0,0.5
2026-02-03,347740,,1.32,0.1,-0.0,-0.1
2026-02-04,347740,,1.33,0.1,-0.0,-0.1
2026-02-05,347740,,1.35,-0.1,-0.0,0.1
2026-02-06,347740,,1.33,0.2,0.0,-0.2
2026-02-09,347740,,1.36,0.4,-0.0,-0.3
2026-02-10,347740,,1.41,0.0,0.0,-0.0
2026-02-11,347740,,1.42,-0.2,0.0,0.2
2026-02-12,347740,,1.39,-0.0,-0.0,0.0
2026-02-13,347740,,1.39,0.0,-0.0,-0.0
2026-02-19,347740,,1.39,0.3,-0.0,-0.3
2026-02-20,347740,,1.43,-0.1,0.0,0.1
2026-02-23,347740,,1.42,0.3,-3.8,3.5
2026-02-24,347740,,1.46,-0.1,,0.1
2026-02-25,347740,,1.45,-0.0,-0.0,-0.0
2026-02-26,347740,,1.45,-0.7,-0.0,0.7
2026-02-27,347740,2370.0,1.35,-0.4,-0.0,0.4
2026-03-03,347740,,1.3,0.1,0.0,-0.1
2026-03-04,347740,,1.31,0.8,-0.1,-0.6
2026-03-05,347740,,1.43,-0.1,-3.6,3.7
2026-03-06,347740,,1.43,0.5,-3.3,2.8
2026-03-09,347740,,1.5,-0.0,-0.1,0.1
2026-03-10,347740,,1.5,0.1,-0.6,0.5
2026-03-11,347740,,1.51,1.0,-0.6,-0.4
2026-03-12,347740,,1.66,-0.3,-0.6,0.8
2026-03-13,347740,,1.62,1.0,-1.7,0.7
2026-03-16,347740,,1.78,-0.3,-1.1,1.4
2026-03-17,347740,,1.73,0.7,-1.1,0.4
2026-03-18,347740,,1.84,-0.2,-0.6,0.8
2026-03-19,347740,,1.81,-0.3,-1.1,1.3
2026-03-20,347740,,1.76,0.4,-0.6,0.1
2026-03-23,347740,,1.82,0.0,-0.6,0.5
2026-03-24,347740,,1.83,0.5,-0.6,0.1
2026-03-25,347740,,1.91,0.1,-0.6,0.4
2026-03-26,347740,,1.93,-0.1,-0.9,1.0
2026-03-27,347740,,1.92,-0.2,-1.1,1.3
2026-03-30,347740,,1.88,0.5,-0.5,0.0
2026-03-31,347740,2000.0,1.97,-0.3,-0.5,0.9
2026-04-01,347740,,1.91,0.9,-0.6,-0.3
2026-04-02,347740,,2.06,-0.6,-1.2,1.8
2026-04-03,347740,,1.96,0.7,-1.0,0.3
2026-04-06,347740,,2.07,0.0,,-0.6
2026-04-07,347740,,2.07,0.3,,-0.3
2026-04-08,347740,,2.11,-0.2,,0.1
2026-04-09,347740,,2.09,0.0,,-0.0
2026-04-10,347740,,2.09,0.2,,-0.2
2026-04-13,347740,,2.12,0.4,,-0.4
2026-04-14,347740,,2.19,-0.4,,0.4
2026-04-15,347740,,2.13,-0.4,0.1,0.3
2026-04-16,347740,,2.08,-0.3,,0.2
2026-04-17,347740,,2.03,0.1,,-0.1
2026-04-20,347740,,2.04,-0.1,,0.1
2026-04-21,347740,,2.02,-0.5,,0.6
2026-04-22,347740,,1.95,-0.6,,0.6
2026-04-23,347740,,1.86,-1.1,0.0,1.2
2026-04-24,347740,,1.71,-1.1,-0.2,1.2
2026-04-27,347740,,1.57,-0.7,0.0,0.7
2026-04-28,347740,,1.48,-0.2,,0.2
2026-04-29,347740,,1.45,-0.1,0.0,0.0
2026-04-30,347740,2495.0,1.44,-0.0,-0.0,0.1
2026-05-04,347740,,1.44,0.1,0.0,-0.1
2026-05-06,347740,,1.45,0.2,0.0,-0.2
2026-05-07,347740,,1.47,0.3,0.0,-0.3
2026-05-08,347740,,1.52,0.0,-0.0,-0.0
2026-05-11,347740,,1.52,-0.4,-0.0,0.4
2026-05-12,347740,,1.47,-0.5,-0.0,0.5
2026-05-13,347740,,1.41,0.0,0.2,-0.2
2026-05-14,347740,,1.41,-0.2,-0.0,0.2
2026-05-15,347740,,1.38,0.3,0.0,-0.3
2026-05-18,347740,,1.42,0.5,0.0,-0.6
2026-05-19,347740,,1.53,0.5,0.0,-0.5
2026-05-20,347740,,1.57,-0.0,0.0,0.0
2026-05-21,347740,,1.65,0.1,-0.0,-0.1
2026-05-22,347740,,1.66,0.2,-0.0,-0.2
2026-05-26,347740,,1.68,-0.2,,0.2
2026-05-27,347740,,1.65,0.4,0.0,-0.4
2026-05-28,347740,,1.71,0.3,0.0,-0.2
2026-05-29,347740,1989.0,1.75,-0.4,-0.0,0.5
2026-06-01,347740,,1.68,-0.6,0.0,0.6
2026-06-02,347740,,1.58,0.0,-0.0,-0.0
2026-06-04,347740,,1.58,-0.2,-0.0,0.2
2026-06-05,347740,,1.55,0.4,0.0,-0.5
2026-06-08,347740,,1.63,-0.8,0.0,0.8
2026-06-09,347740,,1.47,0.5,-0.0,-0.5
2026-06-10,347740,,1.58,-0.2,-0.0,0.2
2026-06-11,347740,,1.52,0.6,-0.0,-0.6
2026-06-12,347740,,1.62,0.1,-0.0,-0.1
2026-06-15,347740,,1.64,-0.1,0.0,0.1
2026-06-16,347740,,1.62,-0.3,-0.0,0.3
2026-06-17,347740,,1.56,0.3,-0.2,-0.1
2026-06-18,347740,,1.62,-0.2,-0.0,0.2
2026-06-19,347740,,1.58,-0.4,0.0,0.5
2026-06-22,347740,,1.5,0.7,0.0,-0.8
2026-06-23,347740,,1.67,-0.1,-0.0,0.1
2026-06-24,347740,,1.62,0.0,0.0,-0.0
2026-06-25,347740,,1.63,0.6,-0.0,-0.7
2026-06-26,347740,,1.75,0.5,0.0,-0.5
2026-06-29,347740,,1.85,0.2,-0.0,-0.2
2026-06-30,347740,1720.0,1.89,-0.0,0.0,0.0
2026-07-01,347740,,1.89,0.0,0.1,-0.1
2026-07-02,347740,,1.89,0.1,0.0,-0.1
2026-07-03,347740,,1.91,-0.6,-0.0,0.6
2026-07-06,347740,,1.78,0.2,0.1,-0.2
2026-07-07,347740,,1.82,-0.0,,0.0
2026-07-08,347740,,1.81,-0.0,,0.0
2026-07-09,347740,,1.81,-0.1,-0.0,0.1
2026-07-10,347740,,1.8,-0.1,-0.0,0.1
2026-07-13,347740,1718.0,1.79,-0.1,0.0,0.0
2025-07-14,347770,,1.06,0.1,0.0,0.0
2025-07-15,347770,,1.07,-0.1,,0.0
2025-07-16,347770,,1.06,-0.0,0.0,-0.0
2025-07-17,347770,,1.05,0.0,,-0.3
2025-07-18,347770,,1.06,0.1,-0.0,-0.2
2025-07-21,347770,,1.12,0.1,0.0,-0.1
2025-07-22,347770,,1.15,-0.0,0.0,0.0
2025-07-23,347770,,1.14,0.0,,-0.1
2025-07-24,347770,,1.14,-0.0,0.0,0.0
2025-07-25,347770,,1.12,-0.0,,0.0
2025-07-28,347770,,1.12,0.0,0.0,-0.0
2025-07-29,347770,,1.12,0.0,0.0,-0.1
2025-07-30,347770,,1.12,0.0,0.0,0.0
2025-07-31,347770,,1.12,-0.0,0.0,-0.0
2025-08-01,347770,,1.12,-0.0,,0.0
2025-08-04,347770,,1.11,0.1,-0.0,-0.1
2025-08-05,347770,,1.15,-0.2,-0.0,0.3
2025-08-06,347770,,1.09,0.1,0.0,-0.1
2025-08-07,347770,,1.11,-1.1,0.0,0.8
2025-08-08,347770,,0.88,0.4,0.0,-0.4
2025-08-11,347770,,0.99,-0.3,0.0,0.3
2025-08-12,347770,,0.91,-0.3,0.0,0.2
2025-08-13,347770,,0.85,-0.4,1.4,-8.7
2025-08-14,347770,,0.8,1.8,0.1,-0.7
2025-08-18,347770,,1.18,-0.1,0.0,0.1
2025-08-19,347770,,1.15,0.8,0.0,-0.9
2025-08-20,347770,,1.33,0.0,-0.0,-0.0
2025-08-21,347770,,1.34,-0.9,-0.0,0.8
2025-08-22,347770,,1.16,0.7,0.0,-0.6
2025-08-25,347770,,1.3,-0.1,0.0,0.1
2025-08-26,347770,,1.29,0.1,0.0,-0.3
2025-08-27,347770,,1.32,0.2,0.0,-0.2
2025-08-28,347770,,1.36,0.4,0.0,-0.4
2025-08-29,347770,1978.0,1.45,0.0,,-0.0
2025-09-01,347770,,1.46,-0.2,,0.2
2025-09-02,347770,,1.4,0.2,0.0,-0.3
2025-09-03,347770,,1.44,-0.1,0.0,0.0
2025-09-04,347770,,1.42,0.1,0.0,-0.3
2025-09-05,347770,,1.45,-0.0,0.0,0.0
2025-09-08,347770,,1.44,0.1,0.0,-0.1
2025-09-09,347770,,1.46,0.1,,-0.1
2025-09-10,347770,,1.49,0.1,0.0,-0.1
2025-09-11,347770,,1.52,0.2,0.0,-0.2
2025-09-12,347770,,1.55,0.3,,-0.4
2025-09-15,347770,,1.64,0.6,0.0,-0.8
2025-09-16,347770,,1.78,-0.1,0.5,-1.7
2025-09-17,347770,,1.81,0.6,0.0,-0.6
2025-09-18,347770,,1.95,0.5,0.0,-0.5
2025-09-19,347770,,2.06,0.5,0.0,-0.5
2025-09-22,347770,,2.17,-0.1,0.0,0.0
2025-09-23,347770,,2.16,-0.1,0.0,0.1
2025-09-24,347770,,2.14,0.2,-0.0,-0.3
2025-09-25,347770,,2.2,-0.1,-0.0,0.1
2025-09-26,347770,,2.17,0.2,0.0,-0.2
2025-09-29,347770,,2.21,0.1,0.0,-0.0
2025-09-30,347770,1996.0,2.23,-0.0,0.0,0.0
2025-10-01,347770,,2.23,0.2,0.0,-0.2
2025-10-02,347770,,2.26,0.0,0.0,0.0
2025-10-10,347770,,2.26,0.1,0.0,-0.0
2025-10-13,347770,,2.28,-0.1,0.0,0.1
2025-10-14,347770,,2.26,-0.2,0.0,-0.1
2025-10-15,347770,,2.21,0.2,-0.0,-0.3
2025-10-16,347770,,2.25,-0.2,0.0,0.2
2025-10-17,347770,,2.2,-0.2,0.0,0.1
2025-10-20,347770,,2.32,0.2,0.0,-0.1
2025-10-21,347770,,2.35,0.4,-0.0,-0.4
2025-10-22,347770,,2.43,-0.2,0.0,0.2
2025-10-23,347770,,2.37,-0.2,0.0,0.1
2025-10-24,347770,,2.33,-0.2,0.0,0.2
2025-10-27,347770,,2.35,0.3,-0.0,-0.2
2025-10-28,347770,,2.41,-0.1,0.0,0.1
2025-10-29,347770,,2.4,-0.3,-0.0,0.3
2025-10-30,347770,,2.33,-0.0,0.0,-0.1
2025-10-31,347770,1796.0,2.32,-0.0,0.0,0.0
2025-11-03,347770,,2.32,0.2,0.0,-0.2
2025-11-04,347770,,2.37,0.4,0.0,-0.4
2025-11-05,347770,,2.47,-0.0,0.0,-0.0
2025-11-06,347770,,2.47,0.1,0.0,-0.0
2025-11-07,347770,,2.47,1.6,-1.8,0.2
2025-11-10,347770,,2.91,0.3,0.0,-0.3
2025-11-11,347770,,2.98,1.9,0.0,-2.0
2025-11-12,347770,,3.51,0.4,0.0,-0.5
2025-11-13,347770,,3.61,0.0,0.0,-0.1
2025-11-14,347770,,3.6,0.1,0.0,-0.1
2025-11-17,347770,,3.63,-0.0,0.0,-0.0
2025-11-18,347770,,3.64,-0.1,0.0,0.1
2025-11-19,347770,,3.62,0.1,0.0,-0.1
2025-11-20,347770,,3.65,0.2,0.0,-0.2
2025-11-21,347770,,3.72,-0.2,0.0,0.2
2025-11-24,347770,,3.65,-0.1,0.0,0.0
2025-11-25,347770,,3.62,-0.2,0.0,0.2
2025-11-26,347770,,3.55,0.1,0.0,-0.1
2025-11-27,347770,,3.59,-0.0,0.0,0.0
2025-11-28,347770,1402.0,3.58,0.1,,-0.1
2025-12-01,347770,,3.62,0.0,0.0,-0.0
2025-12-02,347770,,3.63,-0.0,0.0,0.0
2025-12-03,347770,,3.62,-0.3,-2.0,7.2
2025-12-04,347770,,3.53,1.1,-0.6,-0.6
2025-12-05,347770,,3.95,-0.1,-0.0,0.1
2025-12-08,347770,,4.0,0.7,0.0,-0.7
2025-12-09,347770,,4.27,0.4,-0.0,-0.4
2025-12-10,347770,,4.44,0.1,-0.3,0.2
2025-12-11,347770,,4.48,0.6,-0.4,-0.2
2025-12-12,347770,,4.7,1.1,0.0,-1.1
2025-12-15,347770,,5.1,0.2,-0.0,-0.2
2025-12-16,347770,,5.17,-0.4,0.0,0.4
2025-12-17,347770,,5.12,0.1,0.0,-0.1
2025-12-18,347770,,5.16,-0.0,0.0,0.0
2025-12-19,347770,,5.14,-0.1,0.0,0.1
2025-12-22,347770,,5.1,-0.0,0.0,0.0
2025-12-23,347770,,5.1,-0.2,0.0,0.2
2025-12-24,347770,,5.03,-0.0,-0.0,0.1
2025-12-26,347770,,5.03,-0.0,-0.0,0.0
2025-12-29,347770,,5.02,0.2,0.0,-0.2
2025-12-30,347770,1128.0,5.09,-0.0,0.0,0.0
2026-01-02,347770,,5.08,0.0,0.0,-0.0
2026-01-05,347770,,5.09,0.0,-0.0,0.0
2026-01-06,347770,,5.09,-0.1,0.0,0.1
2026-01-07,347770,,5.07,-0.1,0.1,0.0
2026-01-08,347770,,5.05,-0.3,0.0,0.3
2026-01-09,347770,,4.94,-0.1,,0.1
2026-01-12,347770,,4.9,-0.1,-0.0,0.1
2026-01-13,347770,,4.87,-0.2,0.0,0.2
2026-01-14,347770,,4.8,-0.1,-0.0,0.1
2026-01-15,347770,,4.77,-0.2,0.0,0.2
2026-01-16,347770,,4.7,-0.1,-0.0,0.0
2026-01-19,347770,,4.68,0.0,0.0,-0.0
2026-01-20,347770,,4.68,-0.0,0.0,0.0
2026-01-21,347770,,4.68,-0.1,,0.1
2026-01-22,347770,,4.63,0.0,0.1,-0.2
2026-01-23,347770,,4.64,0.2,0.0,-0.2
2026-01-26,347770,,4.72,0.2,-0.0,-0.2
2026-01-27,347770,,4.79,-0.1,0.0,0.1
2026-01-28,347770,,4.74,-0.0,0.0,0.4
2026-01-29,347770,,4.73,-0.1,0.0,0.1
2026-01-30,347770,1060.0,4.69,-0.1,0.0,0.1
2026-02-02,347770,,4.65,-0.2,,0.2
2026-02-03,347770,,4.55,-0.1,-0.0,0.0
2026-02-04,347770,,4.51,-0.1,0.0,0.0
2026-02-05,347770,,4.49,-0.1,0.0,0.1
2026-02-06,347770,,4.42,-0.2,0.0,0.2
2026-02-09,347770,,4.36,-0.0,0.0,-0.0
2026-02-10,347770,,4.35,-0.1,0.0,0.1
2026-02-11,347770,,4.31,-1.8,0.0,1.5
2026-02-12,347770,,3.67,0.4,,-0.4
2026-02-13,347770,,3.84,-0.1,0.0,0.1
2026-02-19,347770,,3.82,0.0,0.0,-0.0
2026-02-20,347770,,3.83,-0.3,0.0,0.3
2026-02-23,347770,,3.72,0.4,0.0,-0.4
2026-02-24,347770,,3.79,0.2,-0.0,-0.2
2026-02-25,347770,,3.88,0.1,0.0,-0.1
2026-02-26,347770,,3.91,0.1,-0.0,-0.1
2026-02-27,347770,1081.0,3.95,-0.2,,0.2
2026-03-03,347770,,3.86,0.1,0.0,-0.1
2026-03-04,347770,,3.92,-0.2,0.0,0.2
2026-03-05,347770,,3.81,0.1,0.0,-0.1
2026-03-06,347770,,3.84,0.3,-0.0,-0.3
2026-03-09,347770,,3.96,-0.0,-0.0,0.0
2026-03-10,347770,,3.95,-1.3,0.0,1.3
2026-03-11,347770,,3.47,-0.2,0.0,0.3
2026-03-12,347770,,3.38,0.1,0.0,-0.1
2026-03-13,347770,,3.43,1.5,-0.0,-1.2
2026-03-16,347770,,3.96,-0.4,,0.3
2026-03-17,347770,,3.82,0.3,0.0,-0.5
2026-03-18,347770,,3.94,0.3,-0.1,-0.0
2026-03-19,347770,,4.03,-0.3,-0.0,0.4
2026-03-20,347770,,3.93,0.1,-0.0,-0.1
2026-03-23,347770,,3.97,-0.4,-0.0,0.3
2026-03-24,347770,,3.89,0.8,-0.0,-0.8
2026-03-25,347770,,4.09,0.1,0.0,-0.1
2026-03-26,347770,,4.11,0.2,0.0,-0.1
2026-03-27,347770,,4.16,-0.3,0.0,0.3
2026-03-30,347770,,4.08,0.2,0.0,-0.3
2026-03-31,347770,1877.0,4.12,-0.1,0.0,0.1
2026-04-01,347770,,4.09,-0.6,0.0,0.5
2026-04-02,347770,,3.97,0.1,0.0,-0.1
2026-04-03,347770,,3.99,0.8,0.0,-0.7
2026-04-06,347770,,4.21,0.4,-0.1,-0.3
2026-04-07,347770,,4.32,-0.2,0.0,0.0
2026-04-08,347770,,4.29,0.2,-0.0,-0.2
2026-04-09,347770,,4.33,-0.5,0.0,0.4
2026-04-10,347770,,4.21,0.4,0.0,-0.4
2026-04-13,347770,,4.33,-0.5,0.0,0.5
2026-04-14,347770,,4.2,0.4,-0.0,-0.5
2026-04-15,347770,,4.3,0.8,0.0,-0.9
2026-04-16,347770,,4.49,0.3,-0.0,-0.3
2026-04-17,347770,,4.55,0.3,0.0,-0.3
2026-04-20,347770,,4.62,-0.1,0.0,0.1
2026-04-21,347770,,4.61,0.5,0.0,-0.6
2026-04-22,347770,,4.74,0.1,0.0,0.2
2026-04-23,347770,,4.75,0.5,0.0,-0.5
2026-04-24,347770,,4.86,0.2,-0.0,-0.2
2026-04-27,347770,,4.89,0.5,0.0,-0.6
2026-04-28,347770,,5.01,1.4,0.0,-1.8
2026-04-29,347770,,5.34,0.5,-0.0,-0.8
2026-04-30,347770,2110.0,5.46,-2.1,0.0,2.1
2026-05-04,347770,,5.08,-1.2,-0.0,1.0
2026-05-06,347770,,4.83,-3.6,-0.0,4.1
2026-05-07,347770,,4.13,-0.3,-0.0,-0.7
2026-05-08,347770,,4.09,-0.2,-0.0,0.3
2026-05-11,347770,,4.04,-0.7,-0.0,0.8
2026-05-12,347770,,3.89,0.3,0.0,-0.2
2026-05-13,347770,,3.95,0.1,0.0,-0.1
2026-05-14,347770,,3.98,0.1,-0.0,-0.0
2026-05-15,347770,,4.02,0.2,-0.0,-0.2
2026-05-18,347770,,4.07,0.5,-0.0,-0.5
2026-05-19,347770,,4.19,-0.1,0.0,0.0
2026-05-20,347770,,4.22,0.5,-0.0,-0.5
2026-05-21,347770,,4.56,-0.4,-0.0,0.3
2026-05-22,347770,,4.45,0.1,-0.0,-0.1
2026-05-26,347770,,4.47,0.0,0.0,-0.1
2026-05-27,347770,,4.48,-0.0,-0.0,0.1
2026-05-28,347770,,4.48,0.0,0.0,-0.0
2026-05-29,347770,1542.0,4.45,0.2,0.0,-0.3
2026-06-01,347770,,4.5,-0.1,-0.0,0.1
2026-06-02,347770,,4.48,0.3,-0.0,-0.3
2026-06-04,347770,,4.58,0.2,0.0,-0.3
2026-06-05,347770,,4.65,0.2,-0.0,-0.2
2026-06-08,347770,,4.73,0.2,0.0,-0.2
2026-06-09,347770,,4.8,-0.1,-0.0,0.1
2026-06-10,347770,,4.76,-0.2,-0.0,0.2
2026-06-11,347770,,4.7,-0.1,0.0,0.1
2026-06-12,347770,,4.68,-0.1,0.0,0.1
2026-06-15,347770,,4.65,-0.3,-0.0,0.2
2026-06-16,347770,,4.55,0.1,-0.0,-0.1
2026-06-17,347770,,4.58,-2.1,0.0,2.7
2026-06-18,347770,,3.95,-0.0,-0.0,-0.0
2026-06-19,347770,,3.94,-0.1,0.0,0.1
2026-06-22,347770,,3.88,-0.1,-0.0,0.1
2026-06-23,347770,,3.85,-0.0,-0.0,0.0
2026-06-24,347770,,3.85,-0.1,-0.0,0.1
2026-06-25,347770,,3.8,-0.2,-0.0,0.2
2026-06-26,347770,,3.7,-0.1,0.0,0.1
2026-06-29,347770,,3.64,0.1,0.0,-0.0
2026-06-30,347770,1036.0,3.66,0.0,0.0,-0.0
2026-07-01,347770,,3.68,-0.1,-0.0,0.0
2026-07-02,347770,,3.65,0.2,-0.0,-0.2
2026-07-03,347770,,3.74,-0.2,0.0,0.2
2026-07-06,347770,,3.65,-0.0,,0.0
2026-07-07,347770,,3.63,0.0,-0.0,-0.0
2026-07-08,347770,,3.64,-0.2,0.0,0.1
2026-07-09,347770,,3.57,0.4,-0.0,-0.5
2026-07-10,347770,,3.76,0.2,-0.0,-0.7
2026-07-13,347770,1017.0,3.85,-0.3,0.0,-0.2
2025-07-14,347850,,2.65,-72.6,-10.1,84.1
2025-07-15,347850,,2.14,132.1,-28.1,-95.5
2025-07-16,347850,,3.21,-14.8,-18.1,31.2
2025-07-17,347850,,3.04,-112.6,64.6,46.9
2025-07-18,347850,,2.28,-76.5,78.2,18.0
2025-07-21,347850,,1.64,-80.0,-22.0,91.6
2025-07-22,347850,,1.09,111.5,-24.8,-95.5
2025-07-23,347850,,1.93,-44.9,-17.9,62.8
2025-07-24,347850,,1.55,-3.6,85.3,-84.8
2025-07-25,347850,,1.79,-26.5,38.4,-17.5
2025-07-28,347850,,1.59,12.7,-21.5,6.9
2025-07-29,347850,,1.61,1.8,-69.8,70.7
2025-07-30,347850,,1.46,66.6,-88.8,22.0
2025-07-31,347850,,1.92,15.4,19.7,-23.5
2025-08-01,347850,,2.14,83.1,-104.5,18.5
2025-08-04,347850,,2.89,-72.1,66.7,2.5
2025-08-05,347850,,2.31,-57.8,62.7,3.1
2025-08-06,347850,,1.93,-41.9,21.2,19.7
2025-08-07,347850,,1.5,7.4,-42.4,33.7
2025-08-08,347850,,1.69,-18.1,-20.4,40.6
2025-08-11,347850,,1.41,6.5,4.7,-15.0
2025-08-12,347850,,1.56,21.0,-7.6,-12.9
2025-08-13,347850,,1.67,15.1,48.7,-74.0
2025-08-14,347850,,1.88,-60.1,93.4,-37.3
2025-08-18,347850,,1.18,-31.6,3.2,25.3
2025-08-19,347850,,0.97,55.4,-13.9,-44.0
2025-08-20,347850,,1.4,10.4,-36.0,19.9
2025-08-21,347850,,1.58,-35.7,0.1,36.1
2025-08-22,347850,,1.26,9.3,-1.6,-7.7
2025-08-25,347850,,1.29,-6.6,7.2,-0.5
2025-08-26,347850,,1.34,35.6,-8.2,-29.3
2025-08-27,347850,,1.68,-59.3,-0.4,56.2
2025-08-28,347850,,1.31,-24.8,9.4,13.3
2025-08-29,347850,157400.0,1.14,193.0,36.4,-215.9
2025-09-01,347850,,2.41,-328.5,-30.0,388.7
2025-09-02,347850,,0.28,137.5,-24.5,-129.3
2025-09-03,347850,,1.11,-56.0,21.1,25.4
2025-09-04,347850,,0.82,-47.7,-19.0,63.5
2025-09-05,347850,,0.54,51.8,-19.6,-25.9
2025-09-08,347850,,0.82,-24.9,50.2,-30.2
2025-09-09,347850,,0.71,-34.2,30.6,0.5
2025-09-10,347850,,0.55,-24.4,-43.1,58.3
2025-09-11,347850,,0.5,-13.5,-11.4,27.1
2025-09-12,347850,,0.42,17.5,-44.3,25.3
2025-09-15,347850,,0.53,116.3,-10.7,-91.7
2025-09-16,347850,,1.19,-76.4,-31.9,100.8
2025-09-17,347850,,0.83,113.4,18.9,-134.0
2025-09-18,347850,,1.51,-135.8,-35.3,167.0
2025-09-19,347850,,0.72,81.8,-2.0,-78.4
2025-09-22,347850,,1.35,453.8,-44.3,145.6
2025-09-23,347850,,3.46,-328.5,38.2,338.6
2025-09-24,347850,,2.11,-138.0,-145.3,278.2
2025-09-25,347850,,1.43,27.5,-27.2,-18.8
2025-09-26,347850,,1.38,52.7,106.2,-157.3
2025-09-29,347850,,1.46,-74.8,96.4,-20.3
2025-09-30,347850,201000.0,1.16,-38.8,20.4,19.3
2025-10-01,347850,,0.95,-28.3,30.2,-5.7
2025-10-02,347850,,0.82,29.8,-68.4,23.0
2025-10-10,347850,,0.98,21.1,-30.0,-0.9
2025-10-13,347850,,1.08,-16.0,-88.0,114.8
2025-10-14,347850,,1.0,15.0,-43.5,30.5
2025-10-15,347850,,1.08,-11.5,-108.2,123.0
2025-10-16,347850,,1.02,68.1,-170.0,100.2
2025-10-17,347850,,1.42,26.8,-76.7,55.0
2025-10-20,347850,,1.55,-22.9,26.0,-11.6
2025-10-21,347850,,1.41,-57.2,-24.1,79.2
2025-10-22,347850,,1.11,-42.9,24.8,16.9
2025-10-23,347850,,0.88,7.3,1.4,-14.2
2025-10-24,347850,,0.81,-3.3,-29.9,32.0
2025-10-27,347850,,0.79,274.8,-34.6,-258.1
2025-10-28,347850,,2.16,-101.8,-1.8,110.5
2025-10-29,347850,,1.92,-283.5,-62.3,362.4
2025-10-30,347850,,0.59,711.1,7.4,-359.2
2025-10-31,347850,278000.0,3.62,486.6,-43.6,-342.1
2025-11-03,347850,,5.44,37.3,-1.7,-41.0
2025-11-04,347850,,5.31,94.7,77.1,-186.0
2025-11-05,347850,,5.4,-114.8,16.3,85.1
2025-11-06,347850,,5.0,-70.4,53.0,11.2
2025-11-07,347850,,4.34,62.3,43.7,-114.0
2025-11-10,347850,,4.49,-25.1,-161.1,187.5
2025-11-11,347850,,4.19,-14.4,-16.3,26.3
2025-11-12,347850,,4.17,-82.6,180.5,-77.6
2025-11-13,347850,,4.45,-105.6,-268.8,374.7
2025-11-14,347850,,3.21,31.4,37.5,-70.4
2025-11-17,347850,,3.13,7.0,2.6,-10.7
2025-11-18,347850,,3.51,-43.2,15.6,33.3
2025-11-19,347850,,3.04,47.7,-12.0,-28.5
2025-11-20,347850,,3.6,-94.5,3.9,77.0
2025-11-21,347850,,2.63,101.4,59.6,-123.9
2025-11-24,347850,,3.65,134.1,89.2,-195.6
2025-11-25,347850,,4.74,-38.0,-29.4,59.0
2025-11-26,347850,,4.38,22.2,2.6,-25.5
2025-11-27,347850,,4.63,18.7,-33.2,19.5
2025-11-28,347850,94800.0,4.82,59.1,-30.1,-28.1
2025-12-01,347850,,5.4,39.8,-2.6,-38.1
2025-12-02,347850,,5.79,16.6,-13.3,-4.1
2025-12-03,347850,,5.95,106.9,54.7,-152.9
2025-12-04,347850,,7.02,-10.6,86.5,-25.0
2025-12-05,347850,,10.5,-180.7,99.6,113.3
2025-12-08,347850,,10.8,-345.4,-231.8,600.0
2025-12-09,347850,,10.13,93.6,-109.6,-12.9
2025-12-10,347850,,10.39,46.5,64.8,-136.0
2025-12-11,347850,,10.62,-575.9,580.3,-10.4
2025-12-12,347850,,9.13,-265.3,63.1,206.8
2025-12-15,347850,,8.49,144.3,71.0,-203.3
2025-12-16,347850,,8.86,48.4,312.9,-323.0
2025-12-17,347850,,8.91,-567.9,84.3,498.8
2025-12-18,347850,,7.25,38.5,75.4,-100.4
2025-12-19,347850,,7.09,36.8,27.7,-62.1
2025-12-22,347850,,7.15,-85.1,-26.7,120.9
2025-12-23,347850,,6.94,-137.2,-7.3,155.5
2025-12-24,347850,,6.67,-13.0,-1.8,11.0
2025-12-26,347850,,6.65,406.5,145.0,-527.6
2025-12-29,347850,,7.64,104.3,25.1,-123.1
2025-12-30,347850,91800.0,7.89,-443.9,-109.8,598.9
2026-01-02,347850,,6.79,-177.5,-81.0,236.5
2026-01-05,347850,,6.29,282.2,-12.5,-276.2
2026-01-06,347850,,7.06,370.8,8.7,-359.6
2026-01-07,347850,,7.99,84.8,-91.1,15.4
2026-01-08,347850,,8.06,174.1,63.9,-231.9
2026-01-09,347850,,8.48,-468.5,-22.0,460.5
2026-01-12,347850,,7.17,4.6,-7.5,5.7
2026-01-13,347850,,7.28,-237.8,-203.3,444.3
2026-01-14,347850,,6.72,30.7,-192.3,161.5
2026-01-15,347850,,6.91,-105.7,-70.7,173.0
2026-01-16,347850,,6.9,-111.9,-92.6,198.5
2026-01-19,347850,,6.74,-9.5,11.1,-2.7
2026-01-20,347850,,6.73,-43.5,16.2,22.4
2026-01-21,347850,,6.66,103.5,-226.2,169.0
2026-01-22,347850,,7.0,9.3,-116.1,96.0
2026-01-23,347850,,7.01,48.2,170.3,-219.1
2026-01-26,347850,,7.13,212.3,516.1,-691.7
2026-01-27,347850,,7.67,17.1,255.5,-275.8
2026-01-28,347850,,7.72,122.7,335.8,-453.7
2026-01-29,347850,,7.82,15.8,288.0,-302.3
2026-01-30,347850,94500.0,7.81,-3.6,212.7,-204.3
2026-02-02,347850,,7.83,124.7,-141.7,22.0
2026-02-03,347850,,8.18,-55.3,69.7,-13.9
2026-02-04,347850,,7.96,-87.0,-60.2,149.7
2026-02-05,347850,,7.66,-67.6,-102.7,169.7
2026-02-06,347850,,7.46,64.4,-201.6,138.7
2026-02-09,347850,,7.64,13.8,-48.3,32.7
2026-02-10,347850,,7.7,-10.4,-16.9,30.6
2026-02-11,347850,,7.63,-22.7,70.6,-53.1
2026-02-12,347850,,7.58,15.6,106.6,-121.1
2026-02-13,347850,,7.58,-33.9,7.2,25.5
2026-02-19,347850,,7.47,117.8,179.2,-294.3
2026-02-20,347850,,7.85,-126.9,-9.2,136.4
2026-02-23,347850,,7.2,79.8,44.0,-121.6
2026-02-24,347850,,7.45,40.4,71.0,-120.5
2026-02-25,347850,,7.6,2.2,-23.1,20.2
2026-02-26,347850,,7.59,30.3,21.8,-43.5
2026-02-27,347850,92400.0,7.61,84.5,97.1,-177.1
2026-03-03,347850,,7.97,-4.1,-57.5,67.7
2026-03-04,347850,,7.86,99.7,39.6,-143.7
2026-03-05,347850,,8.28,27.8,126.0,-151.2
2026-03-06,347850,,8.51,-39.2,24.8,5.3
2026-03-09,347850,,8.37,1.2,-26.0,26.3
2026-03-10,347850,,8.35,-3.8,22.5,-21.0
2026-03-11,347850,,8.34,-15.0,-41.3,59.4
2026-03-12,347850,,8.13,-17.7,-55.1,71.3
2026-03-13,347850,,8.05,402.2,192.3,-573.3
2026-03-16,347850,,9.46,-132.7,74.5,56.7
2026-03-17,347850,,8.68,-121.0,28.4,90.1
2026-03-18,347850,,8.19,-151.5,-1.1,153.8
2026-03-19,347850,,7.76,-58.3,-56.7,113.8
2026-03-20,347850,,7.6,-82.9,-72.2,149.8
2026-03-23,347850,,7.32,-79.7,-53.5,137.9
2026-03-24,347850,,7.05,-22.0,34.1,-13.2
2026-03-25,347850,,6.92,40.6,-11.1,-30.4
2026-03-26,347850,,6.98,40.4,40.1,-82.2
2026-03-27,347850,,7.2,-29.3,0.5,28.5
2026-03-30,347850,,7.16,-65.0,-46.6,113.6
2026-03-31,347850,67800.0,6.72,-10.8,0.2,13.1
2026-04-01,347850,,6.82,11.6,44.6,-52.9
2026-04-02,347850,,6.91,-43.1,-61.3,101.3
2026-04-03,347850,,6.87,14.6,-90.6,75.4
2026-04-06,347850,,6.82,100.4,-113.5,11.7
2026-04-07,347850,,7.21,26.9,-10.0,-17.0
2026-04-08,347850,,7.2,-34.9,-13.6,42.4
2026-04-09,347850,,7.05,24.6,-67.6,42.3
2026-04-10,347850,,6.98,30.1,-12.0,-18.0
2026-04-13,347850,,7.07,4.3,-2.0,-8.9
2026-04-14,347850,,7.19,35.4,-31.2,-6.3
2026-04-15,347850,,7.39,-105.9,169.9,-68.6
2026-04-16,347850,,7.11,-78.2,-6.9,84.6
2026-04-17,347850,,5.97,-66.2,6.0,64.2
2026-04-20,347850,,5.72,54.8,15.1,-68.3
2026-04-21,347850,,6.12,-114.5,-44.3,171.0
2026-04-22,347850,,5.72,-27.7,-69.5,95.4
2026-04-23,347850,,5.58,24.6,-56.8,32.2
2026-04-24,347850,,5.66,110.7,52.3,-160.7
2026-04-27,347850,,6.01,4.8,-33.1,30.9
2026-04-28,347850,,6.03,9.1,-103.2,94.7
2026-04-29,347850,,6.03,-41.9,-13.6,56.6
2026-04-30,347850,74200.0,5.84,21.2,-103.4,78.0
2026-05-04,347850,,6.0,27.1,-27.3,-0.4
2026-05-06,347850,,5.98,71.4,-174.6,101.4
2026-05-07,347850,,6.23,16.3,-26.0,10.0
2026-05-08,347850,,6.63,22.8,-21.9,-0.9
2026-05-11,347850,,6.72,39.9,-56.5,11.8
2026-05-12,347850,,6.83,27.2,-31.0,7.6
2026-05-13,347850,,6.77,-59.0,-108.8,169.5
2026-05-14,347850,,6.44,42.4,-40.1,-5.6
2026-05-15,347850,,6.57,55.7,-22.7,-28.3
2026-05-18,347850,,6.82,11.5,-23.4,12.3
2026-05-19,347850,,6.8,76.8,-18.9,-61.0
2026-05-20,347850,,7.13,84.3,-49.8,-33.2
2026-05-21,347850,,7.86,12.7,-1.3,-11.0
2026-05-22,347850,,7.88,-44.9,31.6,1.8
2026-05-26,347850,,7.8,-69.2,34.6,37.3
2026-05-27,347850,,7.67,-36.4,525.8,-476.9
2026-05-28,347850,,7.61,257.8,706.9,-852.1
2026-05-29,347850,94600.0,7.86,-162.5,150.9,1.2
2026-06-01,347850,,7.34,5.7,-66.3,34.5
2026-06-02,347850,,7.51,17.0,141.0,-161.4
2026-06-04,347850,,7.72,105.6,87.0,-205.9
2026-06-05,347850,,7.93,-32.9,131.9,-96.9
2026-06-08,347850,,7.66,-28.4,-37.7,73.6
2026-06-09,347850,,7.41,170.4,-23.9,-152.5
2026-06-10,347850,,7.7,-2.6,-85.1,82.4
2026-06-11,347850,,7.75,152.6,-19.4,-136.3
2026-06-12,347850,,8.21,31.8,-262.9,223.9
2026-06-15,347850,,8.15,-89.1,-173.9,245.0
2026-06-16,347850,,7.52,-173.2,385.4,-196.9
2026-06-17,347850,,7.18,158.9,657.6,-837.0
2026-06-18,347850,,7.96,-188.0,162.8,9.5
2026-06-19,347850,,7.46,-308.8,234.6,48.9
2026-06-22,347850,,6.71,-21.3,-109.2,105.3
2026-06-23,347850,,6.39,111.0,-2.7,-122.3
2026-06-24,347850,,6.85,-76.8,113.9,-25.1
2026-06-25,347850,,6.96,-69.4,-225.2,293.2
2026-06-26,347850,,6.77,24.1,-28.2,-17.1
2026-06-29,347850,,6.86,118.6,313.2,-398.2
2026-06-30,347850,87500.0,7.17,-47.9,35.5,31.0
2026-07-01,347850,,6.89,-20.3,196.4,-169.4
2026-07-02,347850,,7.12,-265.4,50.7,247.3
2026-07-03,347850,,6.46,-134.5,-68.3,194.2
2026-07-06,347850,,6.11,-61.1,-279.2,321.0
2026-07-07,347850,,5.81,232.9,279.8,-486.7
2026-07-08,347850,,6.41,-130.1,59.2,66.9
2026-07-09,347850,,5.89,-29.8,122.1,-85.6
2026-07-10,347850,,5.8,-196.1,36.4,152.5
2026-07-13,347850,77000.0,5.3,-152.0,-18.2,174.9
2025-07-14,347860,,0.57,-1.0,,1.0
2025-07-15,347860,,0.52,-2.1,0.0,1.8
2025-07-16,347860,,0.41,0.0,0.0,-0.1
2025-07-17,347860,,0.43,3.0,,-3.1
2025-07-18,347860,,0.71,1.6,,-1.7
2025-07-21,347860,,0.91,-3.4,,3.9
2025-07-22,347860,,0.62,0.5,,-0.5
2025-07-23,347860,,0.66,-1.6,,1.6
2025-07-24,347860,,0.54,2.4,,-2.4
2025-07-25,347860,,0.76,-0.2,,0.3
2025-07-28,347860,,0.74,-0.9,,0.8
2025-07-29,347860,,0.66,3.7,,-4.1
2025-07-30,347860,,1.0,-0.2,,0.4
2025-07-31,347860,,0.98,-0.1,,-0.4
2025-08-01,347860,,0.99,-1.7,,1.7
2025-08-04,347860,,0.84,-0.4,,0.4
2025-08-05,347860,,0.8,-4.2,,4.1
2025-08-06,347860,,0.41,0.9,,-1.0
2025-08-07,347860,,0.51,0.4,,-0.4
2025-08-08,347860,,0.56,0.5,,-0.5
2025-08-11,347860,,0.61,1.5,,-1.7
2025-08-12,347860,,0.74,1.0,,-0.9
2025-08-13,347860,,0.83,-1.3,,1.3
2025-08-14,347860,,0.72,-2.0,,2.0
2025-08-18,347860,,0.54,0.7,,-0.7
2025-08-19,347860,,0.61,0.5,,-0.5
2025-08-20,347860,,0.66,-0.3,,0.3
2025-08-21,347860,,0.64,0.6,,-0.6
2025-08-22,347860,,0.69,0.8,,-0.7
2025-08-25,347860,,0.77,10.1,-0.1,-9.9
2025-08-26,347860,,1.69,-1.1,0.0,1.2
2025-08-27,347860,,1.58,-0.7,0.0,0.7
2025-08-28,347860,,1.52,-0.5,,0.5
2025-08-29,347860,2765.0,1.47,-0.6,0.0,0.6
2025-09-01,347860,,1.42,-1.0,,0.9
2025-09-02,347860,,1.31,2.3,-0.1,-2.2
2025-09-03,347860,,1.52,-0.6,,0.6
2025-09-04,347860,,1.47,-0.3,-0.0,0.3
2025-09-05,347860,,1.44,0.4,0.1,-0.7
2025-09-08,347860,,1.47,1.3,,-1.3
2025-09-09,347860,,1.59,0.6,-0.3,-0.3
2025-09-10,347860,,1.65,2.0,,-2.0
2025-09-11,347860,,1.83,2.9,-1.2,-1.2
2025-09-12,347860,,2.07,-3.0,,2.5
2025-09-15,347860,,1.8,-2.1,,2.2
2025-09-16,347860,,1.61,-1.8,0.0,1.9
2025-09-17,347860,,1.45,-0.4,-0.0,0.3
2025-09-18,347860,,1.41,-1.1,,1.1
2025-09-19,347860,,1.31,3.9,0.1,-4.3
2025-09-22,347860,,1.65,-0.7,,0.7
2025-09-23,347860,,1.59,8.8,-0.6,-8.4
2025-09-24,347860,,2.28,-5.1,0.0,5.5
2025-09-25,347860,,1.86,-2.6,,2.5
2025-09-26,347860,,1.65,-2.1,,2.2
2025-09-29,347860,,1.46,-0.7,,0.8
2025-09-30,347860,2905.0,1.4,0.2,,-0.2
2025-10-01,347860,,1.42,-0.5,-0.0,0.3
2025-10-02,347860,,1.39,-1.1,,1.0
2025-10-10,347860,,1.29,2.3,,-2.1
2025-10-13,347860,,1.51,2.8,,-2.8
2025-10-14,347860,,1.76,-3.2,,2.8
2025-10-15,347860,,1.46,-1.1,0.0,1.1
2025-10-16,347860,,1.35,-0.3,,0.4
2025-10-17,347860,,1.3,-0.4,,0.5
2025-10-20,347860,,1.26,1.0,,-1.1
2025-10-21,347860,,1.36,-0.1,-0.0,0.5
2025-10-22,347860,,1.35,-0.8,,0.8
2025-10-23,347860,,1.27,-1.1,,1.1
2025-10-24,347860,,1.17,0.1,,-0.2
2025-10-27,347860,,1.18,-0.4,,0.5
2025-10-28,347860,,1.14,-0.3,,0.4
2025-10-29,347860,,1.11,0.7,,-0.8
2025-10-30,347860,,1.18,-2.6,,2.5
2025-10-31,347860,2710.0,0.95,2.1,,-2.2
2025-11-03,347860,,1.16,7.0,,-7.1
2025-11-04,347860,,1.79,0.2,0.0,-0.2
2025-11-05,347860,,1.81,0.2,0.2,-0.4
2025-11-06,347860,,1.83,-2.7,,2.8
2025-11-07,347860,,1.57,-3.2,,3.2
2025-11-10,347860,,1.24,-0.7,,0.7
2025-11-11,347860,,1.17,0.7,,-0.7
2025-11-12,347860,,1.25,0.8,,-0.8
2025-11-13,347860,,1.33,-0.5,,0.5
2025-11-14,347860,,1.29,-0.5,,0.5
2025-11-17,347860,,1.23,0.9,,-0.9
2025-11-18,347860,,1.41,0.3,,-0.3
2025-11-19,347860,,1.44,1.1,0.0,-0.9
2025-11-20,347860,,1.58,2.1,,-2.0
2025-11-21,347860,,1.79,-0.9,,0.8
2025-11-24,347860,,1.69,0.5,,-0.4
2025-11-25,347860,,1.8,0.7,,-0.7
2025-11-26,347860,,1.82,0.9,,-0.9
2025-11-27,347860,,1.92,1.0,,-1.1
2025-11-28,347860,2430.0,2.03,2.9,,-2.9
2025-12-01,347860,,2.34,-1.3,,1.5
2025-12-02,347860,,2.2,-0.3,,0.6
2025-12-03,347860,,2.17,0.0,,-0.1
2025-12-04,347860,,2.17,0.3,,-0.3
2025-12-05,347860,,2.2,0.8,,-0.8
2025-12-08,347860,,2.29,-0.2,,0.4
2025-12-09,347860,,2.26,0.1,,-0.2
2025-12-10,347860,,2.27,0.2,,-0.3
2025-12-11,347860,,2.29,0.9,,-1.0
2025-12-12,347860,,2.39,2.0,,-1.9
2025-12-15,347860,,2.61,-1.1,,1.1
2025-12-16,347860,,2.49,0.2,,-0.2
2025-12-17,347860,,2.51,0.3,,-0.3
2025-12-18,347860,,2.54,0.5,,-0.5
2025-12-19,347860,,2.39,1.9,,-1.8
2025-12-22,347860,,2.59,4.0,,-4.0
2025-12-23,347860,,3.01,-2.8,,2.8
2025-12-24,347860,,2.72,-1.6,,1.6
2025-12-26,347860,,2.54,-0.6,,0.6
2025-12-29,347860,,2.48,2.6,,-2.6
2025-12-30,347860,2390.0,2.76,0.6,,-0.6
2026-01-02,347860,,2.82,4.3,,-4.3
2026-01-05,347860,,3.28,-6.3,,6.2
2026-01-06,347860,,2.59,-0.4,,0.4
2026-01-07,347860,,2.54,-1.3,,1.2
2026-01-08,347860,,2.39,0.6,-0.0,-0.6
2026-01-09,347860,,2.47,0.3,,-0.6
2026-01-12,347860,,2.5,0.2,,-0.2
2026-01-13,347860,,2.53,1.6,,-1.6
2026-01-14,347860,,2.73,-0.1,,0.1
2026-01-15,347860,,2.73,3.0,,-3.0
2026-01-16,347860,,3.11,-1.0,,1.0
2026-01-19,347860,,2.98,1.8,,-1.8
2026-01-20,347860,,3.22,0.3,,-0.3
2026-01-21,347860,,2.98,-0.9,,0.9
2026-01-22,347860,,2.76,0.5,,-0.5
2026-01-23,347860,,2.83,2.2,,-2.2
2026-01-26,347860,,3.12,0.9,,-0.9
2026-01-27,347860,,3.24,-1.0,,1.0
2026-01-28,347860,,3.06,-1.3,,1.3
2026-01-29,347860,,2.91,0.7,,-0.7
2026-01-30,347860,2010.0,3.0,-1.6,,1.6
2026-02-02,347860,,2.8,-3.1,,3.1
2026-02-03,347860,,2.38,-2.2,,2.0
2026-02-04,347860,,2.08,0.7,,-0.7
2026-02-05,347860,,2.18,-2.2,,2.3
2026-02-06,347860,,1.86,0.5,,-0.6
2026-02-09,347860,,1.94,0.8,0.0,-0.8
2026-02-10,347860,,2.06,0.2,,-0.2
2026-02-11,347860,,2.1,-0.5,,0.4
2026-02-12,347860,,2.03,0.1,,-0.1
2026-02-13,347860,,2.04,-1.3,,1.3
2026-02-19,347860,,1.85,0.7,,0.7
2026-02-20,347860,,1.96,0.4,,-0.6
2026-02-23,347860,,2.02,1.3,,0.2
2026-02-24,347860,,2.2,1.9,-0.0,-0.8
2026-02-25,347860,,2.49,0.3,,-0.0
2026-02-26,347860,,2.53,-0.5,,0.5
2026-02-27,347860,1645.0,2.47,0.9,,-0.4
2026-03-03,347860,,2.61,0.8,,-0.7
2026-03-04,347860,,2.74,1.7,,-1.8
2026-03-05,347860,,3.05,0.5,,-0.6
2026-03-06,347860,,3.14,0.3,,-0.4
2026-03-09,347860,,3.2,0.5,-0.0,-0.4
2026-03-10,347860,,3.29,0.3,,-0.3
2026-03-11,347860,,3.35,-0.8,,0.7
2026-03-12,347860,,3.22,0.5,,-0.5
2026-03-13,347860,,3.31,-0.2,,0.4
2026-03-16,347860,,3.28,-0.1,,0.1
2026-03-17,347860,,3.26,0.4,,-0.4
2026-03-18,347860,,3.33,-1.1,,1.1
2026-03-19,347860,,3.08,-0.1,,0.1
2026-03-20,347860,,3.07,1.2,,-1.2
2026-03-23,347860,,3.24,-1.9,,1.8
2026-03-24,347860,,2.98,1.7,,-1.7
2026-03-25,347860,,3.22,1.8,,-1.8
2026-03-26,347860,,3.46,-0.5,0.0,0.6
2026-03-27,347860,,3.39,1.3,,-1.3
2026-03-30,347860,,3.57,-0.0,,0.1
2026-03-31,347860,1789.0,3.56,0.0,,-0.0
2026-04-01,347860,,3.57,3.1,,-3.1
2026-04-02,347860,,3.98,-3.1,,3.0
2026-04-03,347860,,3.55,-0.4,,0.4
2026-04-06,347860,,3.49,0.7,,-0.7
2026-04-07,347860,,3.59,0.2,,-0.2
2026-04-08,347860,,3.62,1.6,,-1.6
2026-04-09,347860,,3.85,1.0,,-1.0
2026-04-10,347860,,3.99,3.2,,-3.3
2026-04-13,347860,,4.44,3.1,0.3,-3.6
2026-04-14,347860,,4.81,-6.7,-0.3,6.2
2026-04-15,347860,,4.2,2.3,,-3.1
2026-04-16,347860,,4.46,-0.6,,2.2
2026-04-17,347860,,4.42,8.0,,-8.0
2026-04-20,347860,,5.18,1.8,-0.0,-2.3
2026-04-21,347860,,5.33,3.5,,-3.6
2026-04-22,347860,,5.6,3.5,0.0,-4.2
2026-04-23,347860,,6.06,-0.5,0.0,0.8
2026-04-24,347860,,5.88,1.5,0.1,-1.6
2026-04-27,347860,,6.03,0.5,-0.1,0.1
2026-04-28,347860,,6.08,8.7,-0.2,-8.8
2026-04-29,347860,,6.81,-6.7,0.0,6.8
2026-04-30,347860,2700.0,6.21,-1.1,-0.0,1.1
2026-05-04,347860,,6.2,-0.2,0.0,0.6
2026-05-06,347860,,6.17,0.5,0.0,-0.5
2026-05-07,347860,,6.13,3.1,0.2,7.3
2026-05-08,347860,,6.45,0.0,0.3,1.2
2026-05-11,347860,,6.05,0.6,-0.0,-0.6
2026-05-12,347860,,6.15,-0.1,0.3,-0.0
2026-05-13,347860,,6.14,-0.9,-0.0,1.0
2026-05-14,347860,,6.04,1.6,0.4,-2.0
2026-05-15,347860,,6.24,1.6,-0.0,-1.5
2026-05-18,347860,,6.43,2.0,-0.0,-2.0
2026-05-19,347860,,6.68,0.5,0.0,-0.5
2026-05-20,347860,,6.74,0.3,-0.0,-0.3
2026-05-21,347860,,6.78,-4.6,-0.0,4.6
2026-05-22,347860,,6.19,0.8,-0.9,0.2
2026-05-26,347860,,6.28,-1.9,-0.0,1.9
2026-05-27,347860,,6.05,0.7,0.0,-0.3
2026-05-28,347860,,6.14,0.4,0.0,-0.2
2026-05-29,347860,1871.0,6.25,-0.7,0.0,0.7
2026-06-01,347860,,6.19,-6.8,0.0,12.6
2026-06-02,347860,,5.44,-0.6,0.0,0.6
2026-06-04,347860,,5.53,-0.4,-0.0,0.5
2026-06-05,347860,,5.48,-0.0,0.0,0.0
2026-06-08,347860,,5.48,-0.4,-0.0,0.4
2026-06-09,347860,,5.46,-0.2,-0.0,0.1
2026-06-10,347860,,5.47,-0.4,0.0,0.7
2026-06-11,347860,,5.41,0.1,-0.0,-0.1
2026-06-12,347860,,5.43,-0.0,0.0,0.0
2026-06-15,347860,,5.42,-0.0,-0.0,0.0
2026-06-16,347860,,5.4,-0.6,-0.0,0.7
2026-06-17,347860,,5.33,-0.0,0.0,0.0
2026-06-18,347860,,5.29,-0.6,0.0,0.6
2026-06-19,347860,,5.21,-0.8,-0.0,0.9
2026-06-22,347860,,5.08,0.5,-0.0,-0.5
2026-06-23,347860,,5.23,-0.1,-0.0,0.0
2026-06-24,347860,,5.26,-0.3,0.0,0.3
2026-06-25,347860,,5.17,-0.4,-0.0,0.4
2026-06-26,347860,,5.17,-0.3,0.0,0.3
2026-06-29,347860,,5.1,1.0,-0.0,-1.0
2026-06-30,347860,1459.0,5.16,-0.2,0.0,0.3
2026-07-01,347860,,5.12,0.3,-0.0,-0.5
2026-07-02,347860,,5.17,-0.8,0.0,0.9
2026-07-03,347860,,5.06,-0.4,-0.0,0.5
2026-07-06,347860,,5.01,0.3,-0.0,-0.3
2026-07-07,347860,,5.06,-0.2,0.0,-0.1
2026-07-08,347860,,5.03,0.4,0.0,-0.4
2026-07-09,347860,,5.09,-0.2,-0.0,0.3
2026-07-10,347860,,5.05,0.6,-0.0,-0.6
2026-07-13,347860,1368.0,5.15,-0.4,0.0,0.4
2025-07-14,347890,,0.21,0.0,-0.9,0.8
2025-07-15,347890,,0.21,0.1,-0.2,0.1
2025-07-16,347890,,0.23,-0.1,-0.2,0.2
2025-07-17,347890,,0.22,-0.1,-0.4,0.4
2025-07-18,347890,,0.21,-0.0,-0.2,0.2
2025-07-21,347890,,0.21,0.1,0.0,-0.1
2025-07-22,347890,,0.22,-0.0,-0.1,0.1
2025-07-23,347890,,0.22,-0.1,0.0,0.2
2025-07-24,347890,,0.21,-0.1,-0.0,0.1
2025-07-25,347890,,0.2,-0.1,-2.4,2.4
2025-07-28,347890,,0.2,0.2,0.1,-0.4
2025-07-29,347890,,0.22,0.4,-0.3,-0.1
2025-07-30,347890,,0.26,0.5,0.0,-0.6
2025-07-31,347890,,0.32,0.2,-0.0,-0.3
2025-08-01,347890,,0.34,0.1,0.0,-0.1
2025-08-04,347890,,0.35,0.5,-0.5,0.0
2025-08-05,347890,,0.41,0.3,0.0,-0.4
2025-08-06,347890,,0.44,0.2,0.0,-0.2
2025-08-07,347890,,0.47,0.2,-0.1,-0.1
2025-08-08,347890,,0.49,0.5,-0.0,-0.5
2025-08-11,347890,,0.53,-0.3,-0.4,0.7
2025-08-12,347890,,0.5,-0.5,-0.0,0.5
2025-08-13,347890,,0.45,0.7,-1.0,0.3
2025-08-14,347890,,0.53,0.1,-0.3,0.2
2025-08-18,347890,,0.54,0.1,-0.0,-0.1
2025-08-19,347890,,0.54,0.0,-0.0,0.2
2025-08-20,347890,,0.54,0.1,-0.0,-0.1
2025-08-21,347890,,0.56,0.1,-0.0,-0.1
2025-08-22,347890,,0.57,-0.4,-0.1,0.5
2025-08-25,347890,,0.52,-0.1,0.0,0.1
2025-08-26,347890,,0.52,-1.1,0.0,1.1
2025-08-27,347890,,0.4,0.2,0.0,-0.2
2025-08-28,347890,,0.42,-0.0,0.0,-0.1
2025-08-29,347890,5940.0,0.42,0.1,0.0,0.2
2025-09-01,347890,,0.43,-0.7,-1.6,2.4
2025-09-02,347890,,0.38,-0.1,-0.1,0.2
2025-09-03,347890,,0.37,-0.5,0.0,0.4
2025-09-04,347890,,0.33,1.6,0.0,-1.4
2025-09-05,347890,,0.48,-1.0,-0.0,1.0
2025-09-08,347890,,0.39,0.1,-0.2,0.0
2025-09-09,347890,,0.41,-0.1,0.0,0.2
2025-09-10,347890,,0.39,0.9,0.0,-0.9
2025-09-11,347890,,0.47,0.3,-0.0,-0.3
2025-09-12,347890,,0.5,-0.1,-0.0,0.2
2025-09-15,347890,,0.49,5.3,-0.0,-5.3
2025-09-16,347890,,0.96,3.0,0.0,-3.0
2025-09-17,347890,,1.22,-1.3,0.0,1.4
2025-09-18,347890,,1.11,-2.0,0.0,2.0
2025-09-19,347890,,0.93,-0.7,-0.2,0.9
2025-09-22,347890,,0.87,0.2,-0.1,-0.1
2025-09-23,347890,,0.89,0.8,-0.1,-0.7
2025-09-24,347890,,0.97,0.8,-0.0,-0.8
2025-09-25,347890,,1.04,0.6,-0.0,-0.6
2025-09-26,347890,,1.1,-0.3,-0.0,0.3
2025-09-29,347890,,1.07,0.3,-0.0,-0.3
2025-09-30,347890,6420.0,1.09,-0.5,-0.0,0.4
2025-10-01,347890,,1.05,-0.0,-0.0,0.0
2025-10-02,347890,,1.05,0.3,-0.1,-0.2
2025-10-10,347890,,1.08,-0.2,-0.0,0.3
2025-10-13,347890,,1.06,-0.2,-0.1,0.3
2025-10-14,347890,,1.04,0.4,-0.0,-0.4
2025-10-15,347890,,1.08,1.1,-0.0,-1.1
2025-10-16,347890,,1.17,-0.6,-0.1,0.7
2025-10-17,347890,,1.12,-0.4,-0.3,0.7
2025-10-20,347890,,1.08,-0.1,-0.0,0.1
2025-10-21,347890,,1.07,-0.2,-0.1,0.3
2025-10-22,347890,,1.05,-0.3,-0.0,0.3
2025-10-23,347890,,1.39,-0.4,-0.0,0.5
2025-10-24,347890,,1.35,-0.2,0.0,0.3
2025-10-27,347890,,1.33,-0.3,-0.0,0.3
2025-10-28,347890,,1.31,-0.1,-0.1,0.1
2025-10-29,347890,,1.3,0.8,-0.0,-0.8
2025-10-30,347890,,1.38,0.5,-0.0,-0.5
2025-10-31,347890,6140.0,1.43,0.2,-0.1,-0.0
2025-11-03,347890,,1.45,0.4,-0.1,-0.3
2025-11-04,347890,,1.49,-0.2,-0.1,0.3
2025-11-05,347890,,1.47,0.3,-0.1,-0.3
2025-11-06,347890,,1.5,0.2,0.1,-0.3
2025-11-07,347890,,1.52,-0.1,0.2,-0.1
2025-11-10,347890,,1.51,0.7,-0.2,-0.5
2025-11-11,347890,,1.58,-0.3,-0.2,0.5
2025-11-12,347890,,1.55,0.2,0.1,-0.3
2025-11-13,347890,,1.58,-0.1,0.2,-0.1
2025-11-14,347890,,1.57,-0.9,0.0,0.9
2025-11-17,347890,,1.48,-0.3,0.0,0.3
2025-11-18,347890,,1.45,-1.2,0.0,1.2
2025-11-19,347890,,1.33,-2.8,-0.2,3.0
2025-11-20,347890,,1.07,1.5,-0.0,-1.6
2025-11-21,347890,,1.22,0.3,0.0,-0.3
2025-11-24,347890,,1.25,-0.1,-0.0,0.1
2025-11-25,347890,,1.24,0.3,-0.0,-0.3
2025-11-26,347890,,1.27,0.3,-0.6,0.3
2025-11-27,347890,,1.3,0.3,0.1,-0.4
2025-11-28,347890,6290.0,1.33,1.6,0.0,-1.6
2025-12-01,347890,,1.48,-0.2,0.0,0.2
2025-12-02,347890,,1.46,0.2,-0.0,-0.2
2025-12-03,347890,,1.49,0.1,-0.0,-0.1
2025-12-04,347890,,1.49,-1.3,0.8,0.5
2025-12-05,347890,,1.37,-1.0,-0.3,1.2
2025-12-08,347890,,1.28,-0.0,-0.0,0.0
2025-12-09,347890,,1.28,-0.1,0.0,0.0
2025-12-10,347890,,1.28,-0.2,0.2,-0.1
2025-12-11,347890,,1.26,0.7,-0.0,-0.6
2025-12-12,347890,,1.32,0.3,-0.1,-0.2
2025-12-15,347890,,1.35,0.4,0.0,-0.3
2025-12-16,347890,,1.38,-0.3,-0.1,0.3
2025-12-17,347890,,1.35,0.6,-0.0,-0.5
2025-12-18,347890,,1.4,0.3,-0.1,-0.1
2025-12-19,347890,,1.43,0.2,0.0,-0.3
2025-12-22,347890,,1.45,-0.3,0.0,0.3
2025-12-23,347890,,1.43,-0.3,0.0,0.4
2025-12-24,347890,,1.39,0.1,0.1,-0.1
2025-12-26,347890,,1.04,0.0,-0.0,0.1
2025-12-29,347890,,1.04,0.5,0.0,-0.5
2025-12-30,347890,6420.0,1.08,-0.3,0.1,0.1
2026-01-02,347890,,1.06,0.3,0.6,-0.9
2026-01-05,347890,,1.09,-3.5,0.1,3.3
2026-01-06,347890,,0.91,-1.8,0.1,1.7
2026-01-07,347890,,0.76,0.1,-0.0,-0.1
2026-01-08,347890,,0.77,0.3,0.1,-0.4
2026-01-09,347890,,0.8,-0.4,0.0,0.4
2026-01-12,347890,,0.77,0.6,-0.0,-0.5
2026-01-13,347890,,0.82,0.8,-0.0,-0.7
2026-01-14,347890,,1.03,-0.4,0.1,0.3
2026-01-15,347890,,1.0,4.5,-0.1,-4.4
2026-01-16,347890,,1.38,-0.4,0.1,0.4
2026-01-19,347890,,1.35,0.4,-0.0,-0.4
2026-01-20,347890,,1.38,-1.3,-0.6,2.0
2026-01-21,347890,,1.28,0.8,-0.0,-0.8
2026-01-22,347890,,1.35,-1.2,-0.7,1.9
2026-01-23,347890,,1.25,-0.4,-0.0,0.4
2026-01-26,347890,,1.21,0.2,-0.2,0.1
2026-01-27,347890,,1.23,-0.6,-0.0,0.6
2026-01-28,347890,,1.18,0.2,-0.0,-0.2
2026-01-29,347890,,1.19,0.8,-0.1,-0.6
2026-01-30,347890,6800.0,1.26,-1.1,-0.1,1.2
2026-02-02,347890,,1.17,0.3,-0.0,-0.3
2026-02-03,347890,,1.19,0.9,0.0,-1.0
2026-02-04,347890,,1.27,-0.1,0.1,-0.0
2026-02-05,347890,,1.26,-0.5,0.4,0.1
2026-02-06,347890,,1.22,-0.6,0.0,0.6
2026-02-09,347890,,1.16,0.3,-0.1,-0.3
2026-02-10,347890,,1.18,-0.1,0.0,0.1
2026-02-11,347890,,1.18,-0.2,0.0,0.1
2026-02-12,347890,,1.16,0.1,-0.1,0.0
2026-02-13,347890,,1.17,-0.8,-0.0,0.8
2026-02-19,347890,,1.09,0.3,-0.0,-0.3
2026-02-20,347890,,1.12,-0.4,-0.0,0.4
2026-02-23,347890,,1.09,0.0,0.1,-0.1
2026-02-24,347890,,1.09,0.0,-0.0,-0.0
2026-02-25,347890,,1.09,1.2,-0.3,-0.9
2026-02-26,347890,,1.2,-1.5,0.1,1.4
2026-02-27,347890,6070.0,1.06,0.1,-0.3,0.2
2026-03-03,347890,,1.07,-0.2,0.0,0.2
2026-03-04,347890,,1.05,-0.0,0.0,-0.0
2026-03-05,347890,,1.05,0.4,0.0,-0.4
2026-03-06,347890,,1.09,-0.0,0.0,0.0
2026-03-09,347890,,1.09,0.0,-0.0,0.0
2026-03-10,347890,,1.09,0.3,-0.4,0.1
2026-03-11,347890,,1.13,0.1,-0.0,-0.1
2026-03-12,347890,,1.15,0.3,-0.0,-0.3
2026-03-13,347890,,1.18,0.7,-0.7,-0.0
2026-03-16,347890,,1.25,-0.1,0.0,0.1
2026-03-17,347890,,1.24,-0.2,-0.2,0.4
2026-03-18,347890,,1.22,0.9,-0.0,-0.9
2026-03-19,347890,,1.32,0.1,-0.0,-0.1
2026-03-20,347890,,1.32,0.8,-0.3,-0.5
2026-03-23,347890,,1.41,-0.6,-0.1,0.7
2026-03-24,347890,,1.34,0.0,-0.2,0.2
2026-03-25,347890,,1.34,0.5,-0.1,-0.5
2026-03-26,347890,,1.39,-0.0,-0.0,0.1
2026-03-27,347890,,1.38,-0.1,0.0,0.1
2026-03-30,347890,,1.37,-0.3,0.0,0.3
2026-03-31,347890,5200.0,1.34,-0.3,-1.0,1.3
2026-04-01,347890,,1.31,0.2,-0.0,-0.2
2026-04-02,347890,,1.33,0.3,-0.1,-0.2
2026-04-03,347890,,1.37,-0.0,0.0,0.0
2026-04-06,347890,,1.37,0.1,0.0,-0.1
2026-04-07,347890,,1.38,-0.1,-0.0,0.1
2026-04-08,347890,,1.37,0.0,0.0,-0.0
2026-04-09,347890,,1.37,-0.2,0.0,0.2
2026-04-10,347890,,1.35,0.1,0.0,-0.1
2026-04-13,347890,,1.36,0.1,-0.7,0.5
2026-04-14,347890,,1.38,-0.0,0.0,-0.0
2026-04-15,347890,,1.37,-0.1,-0.0,0.2
2026-04-16,347890,,1.36,-0.3,-0.0,0.3
2026-04-17,347890,,1.33,0.6,-2.0,1.4
2026-04-20,347890,,1.39,0.8,-2.3,1.4
2026-04-21,347890,,1.48,0.2,-0.6,0.4
2026-04-22,347890,,1.51,-2.7,-0.3,3.0
2026-04-23,347890,,1.24,-0.8,0.4,0.3
2026-04-24,347890,,1.16,-0.3,0.0,0.3
2026-04-27,347890,,1.13,-0.5,0.0,0.5
2026-04-28,347890,,1.08,-0.4,-0.0,0.5
2026-04-29,347890,,1.04,1.1,-0.0,-1.1
2026-04-30,347890,6040.0,1.15,-0.1,0.3,-0.2
2026-05-04,347890,,1.14,0.5,0.1,-0.5
2026-05-06,347890,,1.19,-0.9,0.3,0.7
2026-05-07,347890,,1.1,0.5,0.4,-0.8
2026-05-08,347890,,1.14,-0.3,-0.0,0.0
2026-05-11,347890,,1.12,0.3,-0.0,-0.2
2026-05-12,347890,,1.15,0.5,-0.0,-0.4
2026-05-13,347890,,1.19,0.4,0.0,-0.5
2026-05-14,347890,,1.24,-0.2,0.7,-0.5
2026-05-15,347890,,1.22,0.1,-0.0,-0.1
2026-05-18,347890,,1.18,-0.1,-0.0,0.1
2026-05-19,347890,,1.17,-0.0,0.0,-0.0
2026-05-20,347890,,1.17,-0.5,0.0,0.4
2026-05-21,347890,,1.17,0.1,,-0.1
2026-05-22,347890,,1.18,-0.0,-0.1,0.1
2026-05-26,347890,,1.18,0.3,0.0,-0.3
2026-05-27,347890,,1.21,1.6,-0.3,-1.3
2026-05-28,347890,,1.37,-0.7,-0.0,0.8
2026-05-29,347890,5410.0,1.29,0.0,-0.0,-0.0
2026-06-01,347890,,1.29,-1.3,-0.0,1.3
2026-06-02,347890,,1.15,0.2,0.0,-0.3
2026-06-04,347890,,1.17,0.1,0.0,-0.2
2026-06-05,347890,,1.21,0.1,0.1,-0.2
2026-06-08,347890,,1.23,-0.3,0.0,0.3
2026-06-09,347890,,1.19,-0.2,-0.0,0.2
2026-06-10,347890,,1.16,-0.0,-0.0,0.0
2026-06-11,347890,,1.16,-0.1,,0.1
2026-06-12,347890,,1.16,-0.0,0.0,-0.0
2026-06-15,347890,,1.15,-4.3,0.3,4.3
2026-06-16,347890,,0.73,1.5,0.3,-1.9
2026-06-17,347890,,0.93,1.8,0.1,-1.9
2026-06-18,347890,,1.14,0.0,-0.0,-0.0
2026-06-19,347890,,1.14,-0.8,0.0,0.8
2026-06-22,347890,,1.05,-0.1,0.0,0.1
2026-06-23,347890,,1.03,-0.2,0.2,-0.0
2026-06-24,347890,,1.01,-0.9,0.0,0.9
2026-06-25,347890,,0.9,-0.4,0.0,0.4
2026-06-26,347890,,0.85,0.2,-0.0,-0.2
2026-06-29,347890,,0.88,0.5,-0.0,-0.6
2026-06-30,347890,4350.0,0.96,-0.3,0.0,0.3
2026-07-01,347890,,0.92,0.3,0.1,-0.4
2026-07-02,347890,,0.95,0.5,0.0,-0.6
2026-07-03,347890,,1.02,-0.0,-0.0,0.0
2026-07-06,347890,,1.02,0.1,0.0,0.1
2026-07-07,347890,,1.03,0.1,0.0,-0.1
2026-07-08,347890,,1.05,0.2,0.0,-0.2
2026-07-09,347890,,1.08,0.0,-0.0,0.0
2026-07-10,347890,,1.09,0.1,-0.0,-0.1
2026-07-13,347890,3950.0,1.1,-0.2,0.0,0.2
2025-07-14,348030,,0.34,-0.0,-0.0,0.0
2025-07-15,348030,,0.34,0.1,-0.0,-0.0
2025-07-16,348030,,0.35,-0.0,-0.0,0.0
2025-07-17,348030,,0.34,-0.0,-0.0,0.0
2025-07-18,348030,,0.34,-0.0,-0.0,0.1
2025-07-21,348030,,0.34,-0.0,-0.0,0.0
2025-07-22,348030,,0.34,0.0,-0.0,-0.0
2025-07-23,348030,,0.34,-0.0,-0.0,0.0
2025-07-24,348030,,0.34,-0.0,-0.0,0.0
2025-07-25,348030,,0.34,-0.0,-0.0,0.0
2025-07-28,348030,,0.33,-0.0,-0.0,0.0
2025-07-29,348030,,0.33,0.0,-0.0,0.0
2025-07-30,348030,,0.33,-0.0,-0.0,0.0
2025-07-31,348030,,0.33,-0.0,-0.0,0.0
2025-08-01,348030,,0.33,0.0,-0.0,-0.0
2025-08-04,348030,,0.33,0.0,-0.0,-0.0
2025-08-05,348030,,0.33,-0.0,-0.0,0.0
2025-08-06,348030,,0.33,0.0,-0.0,0.0
2025-08-07,348030,,0.33,0.0,-0.0,0.0
2025-08-08,348030,,0.33,-0.0,-0.0,0.0
2025-08-11,348030,,0.33,-0.0,-0.0,0.0
2025-08-12,348030,,0.33,-0.0,-0.0,0.1
2025-08-13,348030,,0.33,0.0,-0.0,-0.1
2025-08-14,348030,,0.33,-0.0,-0.0,0.0
2025-08-18,348030,,0.32,-0.0,-0.0,0.0
2025-08-19,348030,,0.32,-0.0,-0.0,0.1
2025-08-20,348030,,0.31,0.0,-0.0,0.0
2025-08-21,348030,,0.31,-0.0,-0.0,0.0
2025-08-22,348030,,0.31,0.0,-0.0,-0.3
2025-08-25,348030,,0.31,-0.0,-0.0,0.0
2025-08-26,348030,,0.3,-0.0,-0.0,0.0
2025-08-27,348030,,0.3,0.0,-0.0,0.0
2025-08-28,348030,,0.3,-0.0,-0.0,0.0
2025-08-29,348030,4165.0,0.3,-0.0,-0.0,0.0
2025-09-01,348030,,0.3,0.0,-0.0,0.0
2025-09-02,348030,,0.3,0.0,-0.0,-0.0
2025-09-03,348030,,0.3,-0.0,-0.0,0.0
2025-09-04,348030,,0.3,-0.0,-0.0,-0.6
2025-09-05,348030,,0.3,0.0,-0.0,-0.0
2025-09-08,348030,,0.3,-0.0,-0.0,0.0
2025-09-09,348030,,0.3,-0.0,-0.0,-0.3
2025-09-10,348030,,0.29,0.0,-0.0,-0.2
2025-09-11,348030,,0.29,0.0,-0.0,0.0
2025-09-12,348030,,0.29,0.0,-0.0,-4.6
2025-09-15,348030,,0.29,-0.0,-0.0,0.0
2025-09-16,348030,,0.29,-0.0,-0.0,0.0
2025-09-17,348030,,0.28,0.0,-0.0,0.0
2025-09-18,348030,,0.28,0.0,-0.0,0.0
2025-09-19,348030,,0.28,-0.0,-0.0,0.0
2025-09-22,348030,,0.28,0.0,-0.0,0.0
2025-09-23,348030,,0.28,-0.0,-0.0,0.0
2025-09-24,348030,,0.28,-0.0,-0.0,0.0
2025-09-25,348030,,0.28,0.0,-0.0,0.0
2025-09-26,348030,,0.28,-0.0,-0.0,0.0
2025-09-29,348030,,0.26,-0.0,-0.0,0.0
2025-09-30,348030,4160.0,0.26,0.0,-0.0,0.0
2025-10-01,348030,,0.27,-0.0,-0.0,0.0
2025-10-02,348030,,0.26,-0.0,-0.0,0.0
2025-10-10,348030,,0.26,-0.0,-0.0,0.0
2025-10-13,348030,,0.26,-0.0,-0.0,0.0
2025-10-14,348030,,0.26,-0.0,-0.0,0.0
2025-10-15,348030,,0.26,0.0,-0.0,-0.0
2025-10-16,348030,,0.27,0.0,-0.0,0.0
2025-10-17,348030,,0.27,0.0,-0.0,0.0
2025-10-20,348030,,0.27,-0.0,-0.0,0.0
2025-10-21,348030,,0.27,0.0,-0.0,0.0
2025-10-22,348030,,0.27,-0.0,-0.0,0.0
2025-10-23,348030,,0.27,-0.0,-0.0,0.0
2025-10-24,348030,,0.27,-0.0,-0.0,0.0
2025-10-27,348030,,0.27,0.0,-0.0,-0.0
2025-10-28,348030,,0.27,0.0,-0.0,0.0
2025-10-29,348030,,0.27,0.0,-0.0,0.0
2025-10-30,348030,,0.28,-0.0,-0.0,0.0
2025-10-31,348030,3735.0,0.27,-0.0,-0.0,0.0
2025-11-03,348030,,0.27,-0.0,-0.0,0.0
2025-11-04,348030,,0.27,-0.0,-0.0,0.0
2025-11-05,348030,,0.27,-0.0,-0.0,0.0
2025-11-06,348030,,0.26,-0.0,-0.0,0.0
2025-11-07,348030,,0.26,0.9,-0.9,0.0
2025-11-10,348030,,0.53,0.0,-0.0,-0.0
2025-11-11,348030,,0.53,-0.0,-0.0,0.0
2025-11-12,348030,,0.53,-0.1,-0.0,0.1
2025-11-13,348030,,0.51,-0.0,-0.0,-3.3
2025-11-14,348030,,0.5,0.0,-0.0,0.0
2025-11-17,348030,,0.5,0.0,-0.0,0.0
2025-11-18,348030,,0.5,0.0,-0.0,0.0
2025-11-19,348030,,0.51,-0.0,-0.0,0.0
2025-11-20,348030,,0.5,-0.0,-0.0,0.0
2025-11-21,348030,,0.5,-0.0,-0.0,0.0
2025-11-24,348030,,0.49,-0.0,-0.0,0.0
2025-11-25,348030,,0.49,0.0,-0.0,0.0
2025-11-26,348030,,0.5,0.0,-0.0,0.0
2025-11-27,348030,,0.58,0.0,-0.0,0.0
2025-11-28,348030,3545.0,0.58,-0.0,-0.0,0.0
2025-12-01,348030,,0.58,-0.0,-0.0,0.0
2025-12-02,348030,,0.58,-0.0,-0.0,0.0
2025-12-03,348030,,0.58,0.0,-0.0,-0.0
2025-12-04,348030,,0.58,-0.0,-0.0,0.0
2025-12-05,348030,,0.58,0.0,-0.0,0.0
2025-12-08,348030,,0.58,-0.1,-0.0,0.1
2025-12-09,348030,,0.56,-0.0,-0.0,0.0
2025-12-10,348030,,0.55,0.0,-0.0,0.0
2025-12-11,348030,,0.56,-0.0,-0.0,0.1
2025-12-12,348030,,0.54,0.0,-0.0,0.0
2025-12-15,348030,,0.55,0.0,-0.0,0.0
2025-12-16,348030,,0.55,-0.0,-0.0,0.0
2025-12-17,348030,,0.77,-0.0,-0.0,0.0
2025-12-18,348030,,0.77,0.1,-0.0,-0.0
2025-12-19,348030,,0.78,0.0,-0.0,0.0
2025-12-22,348030,,0.79,0.0,-0.0,-0.0
2025-12-23,348030,,0.79,0.0,-0.0,-0.0
2025-12-24,348030,,0.81,0.0,-0.0,-0.0
2025-12-26,348030,,0.81,-0.0,-0.0,0.0
2025-12-29,348030,,0.81,-0.0,-0.0,0.0
2025-12-30,348030,3200.0,0.81,-0.0,-0.0,0.0
2026-01-02,348030,,0.8,-0.0,-0.0,0.0
2026-01-05,348030,,0.8,0.0,-0.0,-0.0
2026-01-06,348030,,0.81,-0.0,-0.0,0.0
2026-01-07,348030,,0.8,-0.0,-0.0,-0.0
2026-01-08,348030,,0.8,-0.0,-0.0,0.0
2026-01-09,348030,,0.8,-0.0,-0.0,0.0
2026-01-12,348030,,0.8,-0.0,-0.0,0.0
2026-01-13,348030,,0.79,0.0,-0.0,-0.0
2026-01-14,348030,,0.8,-0.0,-0.0,0.0
2026-01-15,348030,,0.79,0.0,-0.0,0.0
2026-01-16,348030,,0.8,0.0,-0.0,-0.0
2026-01-19,348030,,0.81,-0.1,-0.0,0.1
2026-01-20,348030,,0.78,0.0,-0.0,-0.0
2026-01-21,348030,,0.78,-0.0,0.0,0.0
2026-01-22,348030,,0.77,0.0,-0.0,0.0
2026-01-23,348030,,0.77,0.1,-0.0,-0.0
2026-01-26,348030,,0.81,0.0,-0.0,-0.0
2026-01-27,348030,,0.82,0.0,-0.0,-0.0
2026-01-28,348030,,0.83,-0.1,-0.0,0.1
2026-01-29,348030,,0.8,0.0,-0.0,-0.0
2026-01-30,348030,2775.0,0.81,0.1,-0.0,-0.0
2026-02-02,348030,,0.84,-0.1,-0.0,0.1
2026-02-03,348030,,0.81,0.0,-0.0,0.0
2026-02-04,348030,,0.82,0.0,-0.0,0.0
2026-02-05,348030,,0.83,-0.0,-0.0,-0.0
2026-02-06,348030,,0.82,-0.0,-0.0,0.0
2026-02-09,348030,,0.82,0.1,-0.0,-0.1
2026-02-10,348030,,0.85,0.0,0.0,-0.0
2026-02-11,348030,,0.85,0.0,-0.0,-0.0
2026-02-12,348030,,0.85,-0.0,-0.0,0.0
2026-02-13,348030,,0.85,-0.0,-0.0,0.0
2026-02-19,348030,,0.84,0.0,-0.0,0.0
2026-02-20,348030,,0.85,0.0,-0.0,0.0
2026-02-23,348030,,0.87,-0.1,-0.0,0.1
2026-02-24,348030,,0.61,-0.1,-0.0,0.1
2026-02-25,348030,,0.58,-0.0,-0.1,0.1
2026-02-26,348030,,0.58,-0.1,-0.2,0.3
2026-02-27,348030,2820.0,0.54,-0.1,-0.1,0.3
2026-03-03,348030,,0.49,-0.1,-0.1,0.2
2026-03-04,348030,,0.45,-0.0,-0.0,0.1
2026-03-05,348030,,0.44,-0.1,-0.0,0.1
2026-03-06,348030,,0.42,-0.0,-0.0,0.0
2026-03-09,348030,,0.42,-0.0,-0.0,0.0
2026-03-10,348030,,0.42,-0.0,-0.0,0.0
2026-03-11,348030,,0.4,0.0,-0.1,0.0
2026-03-12,348030,,0.41,-0.0,-0.0,0.0
2026-03-13,348030,,0.4,0.0,-0.0,-0.0
2026-03-16,348030,,0.41,-0.0,0.0,-0.0
2026-03-17,348030,,0.41,0.0,-0.0,-0.0
2026-03-18,348030,,0.41,-0.0,0.0,-0.0
2026-03-19,348030,,0.41,-0.0,0.0,0.0
2026-03-20,348030,,0.4,0.0,0.0,-0.0
2026-03-23,348030,,0.41,-0.0,0.0,0.0
2026-03-24,348030,,0.41,-0.0,0.0,0.0
2026-03-25,348030,,0.41,0.0,0.0,-0.0
2026-03-26,348030,,0.42,-0.0,-0.0,0.0
2026-03-27,348030,,0.41,0.0,,-0.0
2026-03-30,348030,,0.41,0.7,-0.0,-0.5
2026-03-31,348030,2650.0,0.67,-0.2,0.0,0.1
2026-04-01,348030,,0.61,-0.1,-0.0,-0.3
2026-04-02,348030,,0.56,0.0,,-0.2
2026-04-03,348030,,0.57,-0.1,,0.1
2026-04-06,348030,,0.53,-0.6,-0.0,0.5
2026-04-07,348030,,0.35,5.6,0.0,24.7
2026-04-08,348030,,2.12,-0.4,0.0,0.4
2026-04-09,348030,,1.97,-0.4,0.0,0.3
2026-04-10,348030,,1.8,-0.3,0.0,0.3
2026-04-13,348030,,1.67,-0.2,0.0,0.1
2026-04-14,348030,,1.6,-0.2,-0.0,0.2
2026-04-15,348030,,1.5,0.3,0.0,-0.4
2026-04-16,348030,,1.63,0.4,0.0,-0.5
2026-04-17,348030,,1.81,-0.6,0.0,0.7
2026-04-20,348030,,1.55,0.5,,-0.5
2026-04-21,348030,,1.76,-0.3,,0.1
2026-04-22,348030,,1.76,0.0,0.0,-0.1
2026-04-23,348030,,1.75,0.1,,-0.1
2026-04-24,348030,,1.79,-0.0,0.0,0.0
2026-04-27,348030,,1.77,0.1,0.0,-0.1
2026-04-28,348030,,1.82,0.2,0.0,-0.3
2026-04-29,348030,,1.88,-0.2,0.0,0.0
2026-04-30,348030,2480.0,1.82,-0.2,-0.0,0.3
2026-05-04,348030,,1.72,0.0,0.0,-0.0
2026-05-06,348030,,1.72,-0.2,0.0,0.2
2026-05-07,348030,,1.64,-0.3,0.0,0.2
2026-05-08,348030,,1.51,0.0,-0.0,-0.0
2026-05-11,348030,,1.52,-0.2,0.0,0.3
2026-05-12,348030,,1.4,-0.3,0.0,0.3
2026-05-13,348030,,1.26,-0.1,0.0,0.1
2026-05-14,348030,,1.21,0.0,0.0,-0.1
2026-05-15,348030,,1.22,-0.2,-0.0,0.2
2026-05-18,348030,,1.13,0.2,-0.0,-0.2
2026-05-19,348030,,1.22,-0.1,-0.0,0.2
2026-05-20,348030,,1.17,-0.0,0.0,0.6
2026-05-21,348030,,1.21,0.1,-0.0,-0.3
2026-05-22,348030,,1.25,-0.0,0.0,0.0
2026-05-26,348030,,1.25,-0.0,0.0,-0.0
2026-05-27,348030,,1.25,-0.1,-0.0,0.1
2026-05-28,348030,,1.22,-0.1,0.0,0.1
2026-05-29,348030,2415.0,1.15,-0.1,-0.0,0.1
2026-06-01,348030,,1.1,-0.2,0.0,0.2
2026-06-02,348030,,1.02,0.0,-0.0,-0.1
2026-06-04,348030,,1.05,-0.3,-0.0,0.1
2026-06-05,348030,,0.91,1.6,0.2,-1.8
2026-06-08,348030,,1.59,-0.8,1.4,-0.6
2026-06-09,348030,,1.3,-0.9,0.8,0.0
2026-06-10,348030,,0.98,1.3,0.8,-2.5
2026-06-11,348030,,1.53,-0.1,0.2,-0.2
2026-06-12,348030,,1.48,0.3,0.3,-0.4
2026-06-15,348030,,1.59,-0.6,0.1,0.3
2026-06-16,348030,,1.36,-0.3,0.1,0.2
2026-06-17,348030,,1.25,-0.3,0.1,0.1
2026-06-18,348030,,1.15,-0.0,0.1,-5.2
2026-06-19,348030,,1.14,0.5,0.1,-0.6
2026-06-22,348030,,1.35,-0.1,0.1,0.0
2026-06-23,348030,,1.29,-0.2,0.7,-0.5
2026-06-24,348030,,1.2,-0.6,0.7,-0.1
2026-06-25,348030,,0.91,-0.1,0.8,-0.6
2026-06-26,348030,,0.87,-0.1,0.8,-0.7
2026-06-29,348030,,0.85,-0.0,0.1,-0.1
2026-06-30,348030,2555.0,0.83,-0.2,0.1,0.1
2026-07-01,348030,,0.76,-0.1,0.3,-0.1
2026-07-02,348030,,0.74,-0.0,0.4,-0.3
2026-07-03,348030,,0.72,-0.2,0.4,-0.2
2026-07-06,348030,,0.64,0.1,0.7,-1.0
2026-07-07,348030,,0.7,-0.2,0.7,-0.5
2026-07-08,348030,,0.63,-0.0,0.3,-0.2
2026-07-09,348030,,0.62,0.0,0.7,-0.7
2026-07-10,348030,,0.64,0.3,0.7,-1.0
2026-07-13,348030,2850.0,0.73,0.1,0.3,-0.4
2025-07-14,348080,,4.41,-0.1,,0.1
2025-07-15,348080,,4.39,0.8,,-0.9
2025-07-16,348080,,4.5,0.2,,-0.3
2025-07-17,348080,,4.54,0.9,,-0.9
2025-07-18,348080,,4.66,-0.2,,0.1
2025-07-21,348080,,4.66,-0.6,,0.6
2025-07-22,348080,,4.58,-0.2,,0.2
2025-07-23,348080,,4.55,-0.1,,0.0
2025-07-24,348080,,4.54,0.3,,-0.3
2025-07-25,348080,,4.57,-0.4,,0.4
2025-07-28,348080,,4.52,-0.8,,0.8
2025-07-29,348080,,4.41,-0.2,,0.2
2025-07-30,348080,,4.38,-0.3,,0.3
2025-07-31,348080,,4.34,0.1,,-0.1
2025-08-01,348080,,4.46,0.5,,-0.5
2025-08-04,348080,,4.54,-0.1,,0.1
2025-08-05,348080,,4.52,-0.1,,0.1
2025-08-06,348080,,4.5,0.2,,-0.2
2025-08-07,348080,,4.53,-0.5,,0.6
2025-08-08,348080,,4.45,1.7,,-1.7
2025-08-11,348080,,4.71,-0.6,,0.6
2025-08-12,348080,,4.62,1.2,,-1.2
2025-08-13,348080,,4.79,-0.3,,0.3
2025-08-14,348080,,4.75,-0.3,,0.3
2025-08-18,348080,,4.71,0.1,,-0.0
2025-08-19,348080,,4.72,-0.1,,0.3
2025-08-20,348080,,4.71,0.1,,-0.1
2025-08-21,348080,,4.72,0.3,,-0.3
2025-08-22,348080,,4.76,0.2,,-0.2
2025-08-25,348080,,4.79,0.4,,-0.4
2025-08-26,348080,,4.85,-0.1,,0.1
2025-08-27,348080,,4.84,-4.0,0.2,3.5
2025-08-28,348080,,4.37,-1.7,0.1,1.8
2025-08-29,348080,1073.0,4.19,2.0,,-2.1
2025-09-01,348080,,4.44,1.0,,-1.0
2025-09-02,348080,,4.57,-0.1,,0.1
2025-09-03,348080,,4.56,0.4,,-0.4
2025-09-04,348080,,4.61,0.2,,-0.2
2025-09-05,348080,,4.64,0.2,,-0.2
2025-09-08,348080,,4.66,0.7,,-0.7
2025-09-09,348080,,4.76,-0.4,,0.4
2025-09-10,348080,,4.7,0.1,,-0.1
2025-09-11,348080,,4.71,-0.5,,0.5
2025-09-12,348080,,4.65,-0.0,,-0.1
2025-09-15,348080,,4.65,0.4,0.1,-0.4
2025-09-16,348080,,4.7,0.6,,-0.6
2025-09-17,348080,,4.78,0.2,,-0.2
2025-09-18,348080,,4.81,-0.3,,0.2
2025-09-19,348080,,4.77,0.0,,0.2
2025-09-22,348080,,4.77,0.2,,-0.2
2025-09-23,348080,,4.8,-0.0,,0.0
2025-09-24,348080,,4.8,-0.3,,0.3
2025-09-25,348080,,4.76,-0.1,,0.1
2025-09-26,348080,,4.75,0.1,,-0.1
2025-09-29,348080,,4.76,0.1,,-0.1
2025-09-30,348080,952.0,4.78,-0.2,,0.2
2025-10-01,348080,,4.75,-0.4,,0.4
2025-10-02,348080,,4.69,0.1,0.0,-0.1
2025-10-10,348080,,4.71,-0.4,,0.4
2025-10-13,348080,,4.66,-0.4,,0.4
2025-10-14,348080,,4.61,-0.5,,0.5
2025-10-15,348080,,4.54,0.2,,-0.2
2025-10-16,348080,,4.57,-0.2,,0.2
2025-10-17,348080,,4.54,0.5,,-0.5
2025-10-20,348080,,4.6,0.1,,-0.1
2025-10-21,348080,,4.61,-0.2,,0.2
2025-10-22,348080,,4.58,-0.2,,0.2
2025-10-23,348080,,4.56,-0.1,,0.1
2025-10-24,348080,,4.55,0.0,,-0.0
2025-10-27,348080,,4.55,0.2,,-0.2
2025-10-28,348080,,4.58,-0.1,,0.1
2025-10-29,348080,,4.56,-0.6,,0.6
2025-10-30,348080,,4.47,0.3,,-0.3
2025-10-31,348080,890.0,4.51,-0.3,,0.3
2025-11-03,348080,,4.46,-0.5,,0.5
2025-11-04,348080,,4.38,0.3,,-0.3
2025-11-05,348080,,4.43,0.4,,-0.4
2025-11-06,348080,,4.49,-0.2,,0.2
2025-11-07,348080,,4.47,2.3,-2.5,0.2
2025-11-10,348080,,4.83,-0.3,,0.3
2025-11-11,348080,,4.78,-0.2,,0.3
2025-11-12,348080,,4.75,0.5,,-0.5
2025-11-13,348080,,4.82,0.6,,-0.6
2025-11-14,348080,,4.43,-0.5,,0.5
2025-11-17,348080,,4.37,-0.1,,0.1
2025-11-18,348080,,4.35,-0.0,,0.0
2025-11-19,348080,,4.35,-0.0,,0.0
2025-11-20,348080,,4.35,0.1,,-0.1
2025-11-21,348080,,4.37,-0.2,,0.2
2025-11-24,348080,,4.34,0.3,,-0.3
2025-11-25,348080,,4.38,0.0,,-0.0
2025-11-26,348080,,4.39,0.0,,-0.0
2025-11-27,348080,,4.47,-0.2,,0.2
2025-11-28,348080,1023.0,4.45,0.8,,-0.9
2025-12-01,348080,,4.55,0.3,,-0.3
2025-12-02,348080,,4.58,0.1,,-0.1
2025-12-03,348080,,4.59,0.1,,-0.1
2025-12-04,348080,,4.6,-0.9,,0.8
2025-12-05,348080,,4.51,1.1,,-1.0
2025-12-08,348080,,4.63,-0.8,,0.8
2025-12-09,348080,,4.54,0.4,,-0.4
2025-12-10,348080,,4.58,1.2,,-1.4
2025-12-11,348080,,4.7,0.2,,-0.1
2025-12-12,348080,,4.72,0.3,,-0.2
2025-12-15,348080,,4.75,1.7,,-1.6
2025-12-16,348080,,4.89,-1.0,,1.0
2025-12-17,348080,,4.8,0.4,,-0.3
2025-12-18,348080,,4.84,0.5,,-0.8
2025-12-19,348080,,4.88,-0.6,,0.7
2025-12-22,348080,,4.82,-0.6,,0.8
2025-12-23,348080,,4.76,0.5,,-0.6
2025-12-24,348080,,4.81,0.1,,-0.1
2025-12-26,348080,,4.83,0.9,,-0.7
2025-12-29,348080,,4.92,1.5,,-1.5
2025-12-30,348080,1300.0,5.06,-1.5,,1.5
2026-01-02,348080,,4.91,0.2,0.2,-0.3
2026-01-05,348080,,4.93,0.3,,-0.3
2026-01-06,348080,,4.96,-0.0,,0.1
2026-01-07,348080,,4.96,-0.1,,0.1
2026-01-08,348080,,4.95,-0.3,,0.2
2026-01-09,348080,,4.92,0.6,,-0.5
2026-01-12,348080,,4.98,-0.4,,0.4
2026-01-13,348080,,4.93,0.0,,-0.0
2026-01-14,348080,,4.94,0.3,,-0.3
2026-01-15,348080,,4.97,-0.0,,0.0
2026-01-16,348080,,4.97,-0.2,,0.0
2026-01-19,348080,,4.95,-0.4,,0.3
2026-01-20,348080,,4.91,-0.2,,0.3
2026-01-21,348080,,4.88,0.4,,-0.3
2026-01-22,348080,,4.93,0.2,,-0.1
2026-01-23,348080,,4.95,0.4,,-0.4
2026-01-26,348080,,5.0,-0.2,,0.2
2026-01-27,348080,,4.98,0.3,,-0.3
2026-01-28,348080,,5.02,-0.9,0.1,1.0
2026-01-29,348080,,4.92,0.7,,-0.7
2026-01-30,348080,1012.0,4.99,-0.7,,0.7
2026-02-02,348080,,4.91,0.4,,-0.4
2026-02-03,348080,,4.95,-0.1,,0.1
2026-02-04,348080,,4.94,0.8,-0.0,-0.8
2026-02-05,348080,,5.03,-0.1,-0.0,0.1
2026-02-06,348080,,5.01,-0.4,0.0,0.4
2026-02-09,348080,,4.96,0.4,-0.0,-0.4
2026-02-10,348080,,5.01,0.3,-0.0,-0.3
2026-02-11,348080,,5.04,0.1,0.0,-0.2
2026-02-12,348080,,5.05,0.2,0.0,-0.2
2026-02-13,348080,,5.07,-0.4,0.1,0.5
2026-02-19,348080,,5.02,-0.4,0.0,0.4
2026-02-20,348080,,4.98,0.4,0.0,-0.4
2026-02-23,348080,,5.02,0.0,-0.0,0.0
2026-02-24,348080,,5.03,0.0,,-0.0
2026-02-25,348080,,5.03,0.1,,-0.1
2026-02-26,348080,,5.05,0.1,,-0.1
2026-02-27,348080,1100.0,5.06,0.1,0.0,-0.2
2026-03-03,348080,,5.08,-0.2,,0.2
2026-03-04,348080,,5.06,1.0,,-1.0
2026-03-05,348080,,5.18,2.5,-0.0,-2.4
2026-03-06,348080,,5.45,-1.6,0.0,-0.1
2026-03-09,348080,,5.3,-3.7,-0.0,3.9
2026-03-10,348080,,4.96,-0.2,0.0,1.4
2026-03-11,348080,,4.93,1.2,0.1,-1.4
2026-03-12,348080,,5.05,0.6,,-0.6
2026-03-13,348080,,5.1,0.0,-0.1,0.0
2026-03-16,348080,,5.1,-0.9,0.0,0.9
2026-03-17,348080,,3.88,-0.0,,0.0
2026-03-18,348080,,3.88,-0.9,-0.0,0.9
2026-03-19,348080,,3.81,-0.6,-0.0,0.6
2026-03-20,348080,,3.76,-0.5,-0.0,0.5
2026-03-23,348080,,3.72,0.5,,-0.4
2026-03-24,348080,,3.76,-0.3,,0.3
2026-03-25,348080,,3.74,-0.9,,0.9
2026-03-26,348080,,3.66,-0.0,0.0,0.0
2026-03-27,348080,,3.65,-0.1,0.0,0.0
2026-03-30,348080,,3.65,-0.3,,0.4
2026-03-31,348080,926.0,3.62,-0.6,-0.0,0.7
2026-04-01,348080,,3.56,0.1,,0.2
2026-04-02,348080,,3.26,-0.2,,0.2
2026-04-03,348080,,3.24,-0.2,,0.2
2026-04-06,348080,,3.23,-0.4,-0.0,0.4
2026-04-07,348080,,3.19,-0.0,-0.0,0.0
2026-04-08,348080,,3.19,-0.2,,0.2
2026-04-09,348080,,3.17,-0.3,,0.3
2026-04-10,348080,,3.14,-0.2,,0.2
2026-04-13,348080,,3.12,-0.1,,0.1
2026-04-14,348080,,3.12,0.3,,-0.3
2026-04-15,348080,,3.15,-0.4,,0.4
2026-04-16,348080,,3.11,-0.0,,-0.0
2026-04-17,348080,,3.12,0.2,-0.1,-0.3
2026-04-20,348080,,3.15,-1.6,0.0,1.6
2026-04-21,348080,,3.01,-0.4,,0.4
2026-04-22,348080,,2.97,-0.3,,0.3
2026-04-23,348080,,2.95,-0.0,,-0.0
2026-04-24,348080,,2.95,-1.1,0.0,1.1
2026-04-27,348080,,2.85,-0.0,,0.0
2026-04-28,348080,,2.84,0.2,,-0.2
2026-04-29,348080,,2.86,-0.2,-0.0,0.2
2026-04-30,348080,848.0,2.88,-0.1,0.0,0.1
2026-05-04,348080,,2.83,-0.3,0.0,0.3
2026-05-06,348080,,2.79,-0.4,0.0,0.4
2026-05-07,348080,,2.75,0.7,,-0.7
2026-05-08,348080,,2.83,0.2,-0.0,-0.2
2026-05-11,348080,,2.84,0.1,0.0,-0.1
2026-05-12,348080,,2.85,1.6,-0.0,-1.6
2026-05-13,348080,,3.04,-0.1,0.0,0.2
2026-05-14,348080,,3.02,0.2,-0.0,-0.2
2026-05-15,348080,,3.05,1.5,-0.0,-1.5
2026-05-18,348080,,3.26,0.3,0.0,-0.3
2026-05-19,348080,,3.3,0.0,0.0,-0.0
2026-05-20,348080,,3.25,0.4,-0.0,-0.4
2026-05-21,348080,,3.32,-0.0,0.0,0.0
2026-05-22,348080,,3.31,0.2,-0.0,-0.2
2026-05-26,348080,,3.34,-0.4,0.0,0.3
2026-05-27,348080,,3.3,-0.0,-0.2,0.2
2026-05-28,348080,,3.29,0.1,-0.0,-0.1
2026-05-29,348080,532.0,3.28,-0.1,-0.0,0.1
2026-06-01,348080,,3.27,-0.1,-0.1,0.2
2026-06-02,348080,,3.25,-0.0,0.0,0.0
2026-06-04,348080,,3.25,-0.1,-0.0,0.1
2026-06-05,348080,,3.24,-0.1,0.0,0.1
2026-06-08,348080,,3.21,0.0,0.0,-0.0
2026-06-09,348080,,3.22,-0.1,-0.0,0.1
2026-06-10,348080,,3.2,-0.1,-0.0,0.1
2026-06-11,348080,,3.18,-0.1,0.0,0.1
2026-06-12,348080,,3.16,-0.0,0.0,0.0
2026-06-15,348080,,3.16,-0.3,0.0,0.3
2026-06-16,348080,,3.09,-0.0,0.0,0.0
2026-06-17,348080,,3.07,0.9,0.0,-0.8
2026-06-18,348080,,3.25,-0.0,-0.0,0.0
2026-06-19,348080,,3.25,-0.1,-0.0,0.1
2026-06-22,348080,,3.22,-0.0,-0.0,0.0
2026-06-23,348080,,3.22,0.2,-0.0,-0.2
2026-06-24,348080,,3.26,0.0,,-0.0
2026-06-25,348080,,3.26,-0.0,-0.0,0.0
2026-06-26,348080,,3.26,0.2,0.0,-0.2
2026-06-29,348080,,3.31,0.6,,-0.6
2026-06-30,348080,309.0,3.48,1.4,0.0,-1.4
2026-07-01,348080,,3.99,,,
2026-07-02,348080,,3.99,,,
2026-07-03,348080,,3.99,,,
2026-07-06,348080,,3.99,,,
2026-07-07,348080,,3.99,,,
2026-07-08,348080,,3.99,,,
2026-07-09,348080,,3.99,,,
2026-07-10,348080,,3.99,,,
2026-07-13,348080,309.0,3.99,,,
2025-07-14,348150,,2.09,-1.5,,1.5
2025-07-15,348150,,1.95,1.6,,-1.6
2025-07-16,348150,,2.14,1.4,,-1.4
2025-07-17,348150,,2.27,-0.8,,0.8
2025-07-18,348150,,2.2,2.0,,-2.0
2025-07-21,348150,,2.47,1.1,,-1.1
2025-07-22,348150,,2.57,0.2,,-0.2
2025-07-23,348150,,2.59,0.4,,-0.4
2025-07-24,348150,,2.63,1.2,,-1.2
2025-07-25,348150,,2.75,-0.9,,0.9
2025-07-28,348150,,2.66,0.1,,-0.1
2025-07-29,348150,,2.67,0.1,,-0.1
2025-07-30,348150,,2.68,0.2,,-0.2
2025-07-31,348150,,2.7,0.2,,-0.2
2025-08-01,348150,,2.72,-1.5,,1.5
2025-08-04,348150,,2.57,0.4,,-0.3
2025-08-05,348150,,2.61,0.4,,-0.4
2025-08-06,348150,,2.65,0.3,,-0.3
2025-08-07,348150,,2.67,0.1,,-0.1
2025-08-08,348150,,2.69,-0.0,,0.0
2025-08-11,348150,,2.68,0.1,,-0.1
2025-08-12,348150,,2.69,0.0,,-0.1
2025-08-13,348150,,2.7,0.9,,-0.9
2025-08-14,348150,,2.79,-0.2,,0.2
2025-08-18,348150,,2.77,-0.2,,0.2
2025-08-19,348150,,2.75,0.0,,-0.0
2025-08-20,348150,,2.75,0.1,,-0.1
2025-08-21,348150,,2.76,-0.3,,0.3
2025-08-22,348150,,2.71,0.3,,-0.3
2025-08-25,348150,,2.74,0.1,,-0.2
2025-08-26,348150,,2.78,-0.7,,0.6
2025-08-27,348150,,2.69,-7.0,-1.4,7.8
2025-08-28,348150,,2.08,-5.3,-0.6,6.6
2025-08-29,348150,5650.0,1.63,-2.7,-0.4,3.1
2025-09-01,348150,,1.4,-0.2,-0.4,0.6
2025-09-02,348150,,1.38,0.7,-1.2,-0.0
2025-09-03,348150,,1.67,0.4,,-0.3
2025-09-04,348150,,1.89,-7.8,-0.2,8.8
2025-09-05,348150,,1.36,-4.8,,4.9
2025-09-08,348150,,1.0,-0.8,0.0,0.5
2025-09-09,348150,,0.94,0.6,0.7,-0.7
2025-09-10,348150,,0.99,-0.7,0.0,0.8
2025-09-11,348150,,0.93,-1.2,0.0,1.1
2025-09-12,348150,,0.88,-1.5,0.0,1.5
2025-09-15,348150,,0.76,-3.8,-0.7,4.3
2025-09-16,348150,,0.43,-3.1,,3.1
2025-09-17,348150,,0.23,-0.4,,0.4
2025-09-18,348150,,0.23,0.2,-0.0,-0.2
2025-09-19,348150,,0.25,1.2,0.0,-1.2
2025-09-22,348150,,0.35,-0.6,,0.6
2025-09-23,348150,,0.3,-1.1,0.0,1.2
2025-09-24,348150,,0.22,3.0,0.5,-3.2
2025-09-25,348150,,0.48,1.1,,-1.1
2025-09-26,348150,,0.58,2.1,0.2,-2.3
2025-09-29,348150,,0.82,1.1,,-1.1
2025-09-30,348150,5660.0,0.92,0.5,0.0,-0.5
2025-10-01,348150,,0.97,0.1,0.1,-0.2
2025-10-02,348150,,0.99,1.0,,-1.0
2025-10-10,348150,,1.08,1.4,0.4,-1.8
2025-10-13,348150,,1.21,-0.4,,0.4
2025-10-14,348150,,1.17,1.1,,-1.0
2025-10-15,348150,,1.28,-0.0,,0.0
2025-10-16,348150,,1.28,1.0,0.0,-1.0
2025-10-17,348150,,1.38,-0.7,0.6,0.1
2025-10-20,348150,,1.31,0.2,,-0.2
2025-10-21,348150,,1.33,-0.5,,0.5
2025-10-22,348150,,1.28,0.7,,-0.7
2025-10-23,348150,,1.34,-0.5,,0.5
2025-10-24,348150,,1.29,0.7,,-0.7
2025-10-27,348150,,1.36,0.2,,-0.2
2025-10-28,348150,,1.38,0.2,,-0.2
2025-10-29,348150,,1.4,1.9,-1.6,-0.4
2025-10-30,348150,,1.59,-0.7,,0.6
2025-10-31,348150,5030.0,1.52,0.1,,0.1
2025-11-03,348150,,1.53,-0.5,,0.3
2025-11-04,348150,,1.47,-0.1,,0.1
2025-11-05,348150,,1.47,0.3,,-0.3
2025-11-06,348150,,1.5,-0.2,,0.2
2025-11-07,348150,,1.48,-0.1,,0.1
2025-11-10,348150,,1.47,0.6,,-0.6
2025-11-11,348150,,1.48,-0.3,,0.3
2025-11-12,348150,,1.45,1.7,,-1.6
2025-11-13,348150,,1.62,0.8,,-0.8
2025-11-14,348150,,1.7,0.3,,-0.2
2025-11-17,348150,,1.73,-0.3,,0.3
2025-11-18,348150,,1.71,0.8,,-0.8
2025-11-19,348150,,1.79,0.3,,-0.3
2025-11-20,348150,,1.82,1.7,,-1.7
2025-11-21,348150,,1.99,-0.6,,0.6
2025-11-24,348150,,1.93,0.2,,-0.3
2025-11-25,348150,,1.96,0.5,,-0.5
2025-11-26,348150,,2.0,1.0,-0.2,-0.8
2025-11-27,348150,,2.1,-0.1,,0.1
2025-11-28,348150,5490.0,2.1,3.4,,-3.3
2025-12-01,348150,,2.42,-0.1,,0.1
2025-12-02,348150,,2.41,0.8,,-0.8
2025-12-03,348150,,2.49,-0.4,,0.4
2025-12-04,348150,,2.45,0.0,,-0.0
2025-12-05,348150,,2.46,-0.0,,-0.0
2025-12-08,348150,,2.45,0.4,,-0.4
2025-12-09,348150,,2.49,0.6,,-0.6
2025-12-10,348150,,2.54,-1.7,-0.2,1.9
2025-12-11,348150,,2.42,-0.6,,0.5
2025-12-12,348150,,2.37,-2.3,,2.3
2025-12-15,348150,,2.19,1.7,,-1.5
2025-12-16,348150,,2.32,0.9,,-0.9
2025-12-17,348150,,2.53,0.3,,-0.5
2025-12-18,348150,,2.57,-0.5,,0.5
2025-12-19,348150,,2.52,-0.8,,0.7
2025-12-22,348150,,2.46,1.3,,-1.2
2025-12-23,348150,,2.56,-0.4,,0.4
2025-12-24,348150,,2.53,-7.2,,6.7
2025-12-26,348150,,1.98,1.8,,-1.8
2025-12-29,348150,,2.14,1.1,,-1.1
2025-12-30,348150,5730.0,2.24,-0.6,-0.4,1.1
2026-01-02,348150,,2.19,0.3,,-0.3
2026-01-05,348150,,2.21,1.8,,-1.8
2026-01-06,348150,,2.36,-0.9,,0.9
2026-01-07,348150,,2.28,-0.8,,0.8
2026-01-08,348150,,2.21,0.3,-0.4,0.1
2026-01-09,348150,,2.23,-0.4,,0.5
2026-01-12,348150,,2.2,-1.2,,1.1
2026-01-13,348150,,2.1,-0.6,0.0,0.6
2026-01-14,348150,,2.09,-0.0,0.0,-0.1
2026-01-15,348150,,2.09,0.7,0.0,-0.7
2026-01-16,348150,,2.15,-1.0,0.0,1.0
2026-01-19,348150,,2.06,0.3,0.0,-0.3
2026-01-20,348150,,2.08,4.3,0.0,-4.3
2026-01-21,348150,,2.46,-3.3,0.0,3.3
2026-01-22,348150,,2.16,-0.6,0.0,0.6
2026-01-23,348150,,2.1,7.4,0.0,-7.5
2026-01-26,348150,,2.76,1.9,0.0,-1.9
2026-01-27,348150,,2.93,0.1,0.0,-0.1
2026-01-28,348150,,2.94,0.8,0.0,-0.8
2026-01-29,348150,,3.01,2.4,0.0,-2.5
2026-01-30,348150,6220.0,3.22,1.1,-0.0,-1.1
2026-02-02,348150,,3.3,1.3,,-1.1
2026-02-03,348150,,3.41,-1.1,,1.3
2026-02-04,348150,,3.32,0.8,,-0.3
2026-02-05,348150,,3.36,-0.2,,0.2
2026-02-06,348150,,3.34,-2.2,,2.2
2026-02-09,348150,,3.14,2.5,,-2.6
2026-02-10,348150,,3.35,2.9,,-2.9
2026-02-11,348150,,3.59,-1.0,,0.8
2026-02-12,348150,,3.5,-0.1,,-0.0
2026-02-13,348150,,3.5,-1.5,,1.4
2026-02-19,348150,,3.35,-2.1,,2.0
2026-02-20,348150,,3.15,-2.7,,2.7
2026-02-23,348150,,2.86,-0.2,,0.2
2026-02-24,348150,,2.8,-1.0,,1.0
2026-02-25,348150,,2.65,-0.1,,0.1
2026-02-26,348150,,2.65,-1.0,,1.0
2026-02-27,348150,4855.0,2.54,-1.5,,1.4
2026-03-03,348150,,2.39,0.3,,-0.3
2026-03-04,348150,,2.42,1.2,,-1.2
2026-03-05,348150,,2.56,1.6,,-1.6
2026-03-06,348150,,2.74,0.1,,-0.1
2026-03-09,348150,,2.75,-0.7,,0.7
2026-03-10,348150,,2.66,0.0,,-0.0
2026-03-11,348150,,2.67,0.0,,-0.0
2026-03-12,348150,,2.67,-0.5,,0.5
2026-03-13,348150,,2.62,-0.3,,0.3
2026-03-16,348150,,2.58,0.0,,-0.0
2026-03-17,348150,,2.59,0.5,,-0.5
2026-03-18,348150,,2.64,-0.4,,0.4
2026-03-19,348150,,2.57,-0.7,,0.7
2026-03-20,348150,,2.49,1.0,,-1.0
2026-03-23,348150,,2.6,-0.7,,0.7
2026-03-24,348150,,2.52,0.4,,-0.4
2026-03-25,348150,,2.56,4.5,,-4.9
2026-03-26,348150,,2.97,-14.8,-1.2,13.3
2026-03-27,348150,,2.03,-5.3,,1.6
2026-03-30,348150,,1.78,-2.2,,4.8
2026-03-31,348150,5740.0,1.66,4.1,0.3,-1.2
2026-04-01,348150,,2.15,2.8,-0.3,-2.5
2026-04-02,348150,,2.4,2.9,,-2.9
2026-04-03,348150,,2.68,2.2,0.0,-2.3
2026-04-06,348150,,2.86,1.1,,-1.1
2026-04-07,348150,,2.97,1.8,,-1.8
2026-04-08,348150,,3.15,0.1,,-0.1
2026-04-09,348150,,3.16,-1.5,,1.5
2026-04-10,348150,,3.02,1.6,,-1.5
2026-04-13,348150,,3.18,-1.5,,1.4
2026-04-14,348150,,3.04,0.2,,-0.2
2026-04-15,348150,,3.07,0.5,,-0.6
2026-04-16,348150,,3.06,-0.0,,0.0
2026-04-17,348150,,3.06,0.0,-0.0,-0.1
2026-04-20,348150,,3.06,0.1,,-0.0
2026-04-21,348150,,3.07,-1.6,,1.6
2026-04-22,348150,,2.92,0.1,0.0,-0.1
2026-04-23,348150,,2.96,0.1,,-0.1
2026-04-24,348150,,2.98,0.2,,-0.2
2026-04-27,348150,,2.99,-0.6,,0.7
2026-04-28,348150,,2.93,0.3,,-0.3
2026-04-29,348150,,2.96,0.4,0.0,-0.5
2026-04-30,348150,5320.0,3.01,-1.0,-0.0,1.0
2026-05-04,348150,,2.91,-0.4,0.0,0.4
2026-05-06,348150,,2.87,0.3,0.4,-0.7
2026-05-07,348150,,2.91,-0.3,-0.1,0.4
2026-05-08,348150,,2.87,-0.1,0.0,0.0
2026-05-11,348150,,2.87,-0.3,-0.0,0.4
2026-05-12,348150,,2.83,0.1,0.3,-0.5
2026-05-13,348150,,2.85,-0.5,0.0,0.5
2026-05-14,348150,,2.79,-0.2,0.0,0.2
2026-05-15,348150,,2.77,0.0,0.0,-0.1
2026-05-18,348150,,2.75,0.3,0.0,-0.3
2026-05-19,348150,,2.79,0.9,0.2,-1.1
2026-05-20,348150,,2.9,-0.4,-0.0,0.4
2026-05-21,348150,,2.86,-0.6,0.0,0.6
2026-05-22,348150,,2.78,1.0,-0.8,-0.3
2026-05-26,348150,,2.9,-1.4,-0.0,1.4
2026-05-27,348150,,2.74,-0.2,0.0,0.1
2026-05-28,348150,,2.62,-0.6,0.0,0.6
2026-05-29,348150,3905.0,2.55,-0.2,-0.0,0.2
2026-06-01,348150,,2.53,-0.8,0.0,0.8
2026-06-02,348150,,2.41,-0.6,-0.0,0.7
2026-06-04,348150,,2.31,0.0,0.0,-0.0
2026-06-05,348150,,2.32,-0.5,-0.0,0.5
2026-06-08,348150,,2.27,-0.4,0.0,0.4
2026-06-09,348150,,2.21,0.5,-0.0,-0.5
2026-06-10,348150,,2.28,-0.1,0.0,0.1
2026-06-11,348150,,2.27,-0.5,-0.0,0.5
2026-06-12,348150,,2.21,0.1,0.0,-0.2
2026-06-15,348150,,2.24,-0.5,-0.0,0.5
2026-06-16,348150,,2.18,0.5,-0.0,-0.6
2026-06-17,348150,,2.25,0.4,0.0,-0.5
2026-06-18,348150,,2.3,-0.5,0.0,0.6
2026-06-19,348150,,2.23,-0.3,-0.0,0.4
2026-06-22,348150,,2.19,0.2,-0.0,-0.2
2026-06-23,348150,,2.22,0.1,-0.0,-0.1
2026-06-24,348150,,2.24,0.4,-0.0,-0.4
2026-06-25,348150,,2.3,0.3,0.0,-0.3
2026-06-26,348150,,2.36,1.3,0.0,-1.4
2026-06-29,348150,,2.58,0.7,-0.0,-0.7
2026-06-30,348150,3225.0,2.68,0.2,0.0,-0.2
2026-07-01,348150,,2.71,0.1,-0.0,-0.0
2026-07-02,348150,,2.72,0.0,-0.0,-0.0
2026-07-03,348150,,2.72,0.2,,-0.2
2026-07-06,348150,,2.77,-0.3,,0.3
2026-07-07,348150,,2.73,-0.3,-0.0,0.3
2026-07-08,348150,,2.68,0.2,0.0,-0.2
2026-07-09,348150,,2.71,0.1,0.0,-0.1
2026-07-10,348150,,2.72,-0.0,0.0,0.0
2026-07-13,348150,3190.0,2.7,0.3,-0.0,-0.3
2025-07-14,348210,,11.84,5.7,-12.6,4.4
2025-07-15,348210,,11.96,4.2,-3.1,-1.6
2025-07-16,348210,,12.12,-3.3,-2.6,3.8
2025-07-17,348210,,12.05,-1.8,0.3,0.1
2025-07-18,348210,,11.99,-5.3,0.1,3.1
2025-07-21,348210,,11.89,-2.1,0.2,0.4
2025-07-22,348210,,11.85,-10.4,-1.0,9.3
2025-07-23,348210,,11.63,-6.1,-1.3,6.1
2025-07-24,348210,,11.49,-2.5,0.4,1.5
2025-07-25,348210,,11.43,-2.3,-2.6,4.7
2025-07-28,348210,,11.39,2.8,-0.6,-2.0
2025-07-29,348210,,11.47,1.1,-0.8,-0.2
2025-07-30,348210,,11.47,0.3,-0.9,0.7
2025-07-31,348210,,11.48,1.4,-1.2,-0.2
2025-08-01,348210,,11.73,-3.7,0.6,3.0
2025-08-04,348210,,11.65,2.4,1.1,-3.8
2025-08-05,348210,,11.7,-0.1,-1.2,1.3
2025-08-06,348210,,11.7,-1.2,0.5,1.1
2025-08-07,348210,,11.77,-8.1,-1.8,10.2
2025-08-08,348210,,11.59,-1.5,0.2,1.3
2025-08-11,348210,,11.56,0.3,-2.3,2.5
2025-08-12,348210,,11.66,1.0,-2.8,1.8
2025-08-13,348210,,11.68,2.3,-2.8,0.5
2025-08-14,348210,,11.72,2.0,-5.2,3.2
2025-08-18,348210,,11.76,-7.1,-4.0,10.3
2025-08-19,348210,,11.6,-5.5,-2.5,7.9
2025-08-20,348210,,11.45,-9.3,-0.1,10.0
2025-08-21,348210,,11.24,-10.2,-2.4,12.0
2025-08-22,348210,,10.9,-1.4,0.4,0.3
2025-08-25,348210,,10.87,-1.7,-0.4,2.1
2025-08-26,348210,,10.83,0.4,-7.9,7.0
2025-08-27,348210,,10.82,-0.4,-0.3,0.8
2025-08-28,348210,,10.81,-0.3,-1.1,1.4
2025-08-29,348210,42550.0,10.8,0.8,-1.3,1.0
2025-09-01,348210,,10.85,-7.9,-3.3,11.2
2025-09-02,348210,,10.65,-0.4,-1.8,2.1
2025-09-03,348210,,10.67,-1.7,-0.1,1.5
2025-09-04,348210,,10.63,0.8,1.2,-2.0
2025-09-05,348210,,10.65,1.7,2.7,-4.3
2025-09-08,348210,,10.76,-5.2,5.0,0.5
2025-09-09,348210,,10.63,0.2,1.5,-1.7
2025-09-10,348210,,10.63,1.9,0.6,-3.0
2025-09-11,348210,,10.68,-6.2,14.3,-8.1
2025-09-12,348210,,10.56,-0.9,0.3,0.7
2025-09-15,348210,,10.74,-2.7,1.3,1.0
2025-09-16,348210,,10.7,0.6,2.3,-2.8
2025-09-17,348210,,10.69,4.2,-0.4,-3.8
2025-09-18,348210,,10.78,0.5,4.8,-5.7
2025-09-19,348210,,10.92,1.1,0.9,-2.1
2025-09-22,348210,,10.9,-0.6,-5.9,5.9
2025-09-23,348210,,10.9,2.0,2.3,-4.0
2025-09-24,348210,,11.0,6.1,3.0,-9.2
2025-09-25,348210,,11.13,-3.4,2.5,0.9
2025-09-26,348210,,11.03,8.3,-3.2,-5.0
2025-09-29,348210,,11.26,0.4,1.1,-1.2
2025-09-30,348210,49500.0,11.24,1.7,-3.4,1.6
2025-10-01,348210,,11.29,-0.9,8.9,-8.7
2025-10-02,348210,,11.36,-2.2,9.9,-7.7
2025-10-10,348210,,11.33,-13.7,4.2,8.7
2025-10-13,348210,,11.02,-5.7,8.0,-1.8
2025-10-14,348210,,10.94,-8.0,-0.2,8.1
2025-10-15,348210,,10.85,-7.4,2.8,4.6
2025-10-16,348210,,10.53,1.7,-0.4,-1.1
2025-10-17,348210,,10.63,-3.5,-4.5,8.3
2025-10-20,348210,,10.56,0.1,49.0,-48.9
2025-10-21,348210,,10.78,21.4,109.4,-71.2
2025-10-22,348210,,11.08,-26.8,51.5,3.9
2025-10-23,348210,,10.53,2.5,31.8,-5.7
2025-10-24,348210,,10.68,-11.1,13.1,0.1
2025-10-27,348210,,10.45,0.0,12.1,-10.8
2025-10-28,348210,,10.46,-8.4,16.7,-8.4
2025-10-29,348210,,10.3,-3.0,64.4,-41.5
2025-10-30,348210,,10.32,-15.6,78.2,-50.2
2025-10-31,348210,65900.0,10.1,-22.8,52.7,-19.6
2025-11-03,348210,,9.67,-18.2,67.2,-21.4
2025-11-04,348210,,9.35,-9.6,31.0,-10.1
2025-11-05,348210,,9.23,1.8,45.5,-25.8
2025-11-06,348210,,9.39,-7.9,27.3,-5.1
2025-11-07,348210,,9.52,-2.6,17.4,4.7
2025-11-10,348210,,9.54,15.6,2.2,-16.1
2025-11-11,348210,,9.73,-5.6,16.9,-16.4
2025-11-12,348210,,9.66,4.8,2.0,-6.9
2025-11-13,348210,,9.72,-4.8,15.0,-10.4
2025-11-14,348210,,9.73,-25.2,18.7,5.6
2025-11-17,348210,,9.37,1.1,15.5,-15.1
2025-11-18,348210,,9.41,-5.2,19.9,-14.6
2025-11-19,348210,,9.37,-8.3,10.5,-1.9
2025-11-20,348210,,9.2,-5.2,5.4,-0.5
2025-11-21,348210,,9.12,-5.4,-3.3,8.7
2025-11-24,348210,,9.05,-7.0,10.9,-3.7
2025-11-25,348210,,8.98,-16.3,8.9,7.4
2025-11-26,348210,,8.7,-1.8,5.0,-6.0
2025-11-27,348210,,8.66,15.5,15.2,-35.3
2025-11-28,348210,65600.0,8.98,-15.1,20.3,-5.1
2025-12-01,348210,,8.77,1.7,8.5,-11.2
2025-12-02,348210,,8.69,3.2,40.0,-44.4
2025-12-03,348210,,8.71,2.4,18.3,-20.8
2025-12-04,348210,,8.82,24.7,72.4,-96.2
2025-12-05,348210,,9.37,36.5,-28.3,-8.3
2025-12-08,348210,,9.82,8.6,-22.0,12.8
2025-12-09,348210,,9.89,-5.2,2.0,3.2
2025-12-10,348210,,9.82,-6.5,6.2,0.3
2025-12-11,348210,,9.69,-10.4,23.3,-12.7
2025-12-12,348210,,9.57,-16.7,-16.7,33.4
2025-12-15,348210,,9.31,7.4,-4.4,-3.4
2025-12-16,348210,,9.42,1.2,-0.4,-0.8
2025-12-17,348210,,9.39,-2.9,6.3,-3.5
2025-12-18,348210,,9.34,-6.8,7.8,-1.0
2025-12-19,348210,,9.29,-3.3,4.5,-1.2
2025-12-22,348210,,9.23,-8.1,9.3,-1.1
2025-12-23,348210,,9.06,-6.2,22.8,-15.9
2025-12-24,348210,,8.79,-0.6,49.5,-44.3
2025-12-26,348210,,8.84,-3.4,31.3,-27.1
2025-12-29,348210,,8.72,-9.8,15.3,-5.1
2025-12-30,348210,71900.0,8.57,4.6,14.9,-19.0
2026-01-02,348210,,8.58,4.6,6.1,-10.2
2026-01-05,348210,,8.64,2.0,-5.0,3.9
2026-01-06,348210,,8.68,13.0,1.6,-14.4
2026-01-07,348210,,8.9,9.1,-14.6,5.7
2026-01-08,348210,,9.0,6.5,-8.7,2.4
2026-01-09,348210,,9.09,-0.1,-3.2,3.5
2026-01-12,348210,,9.04,-2.5,11.3,-8.9
2026-01-13,348210,,9.01,-2.4,14.9,-13.5
2026-01-14,348210,,9.2,-6.0,12.4,-6.3
2026-01-15,348210,,9.12,0.6,7.4,-7.8
2026-01-16,348210,,9.19,1.9,-3.8,2.4
2026-01-19,348210,,9.23,14.1,3.2,-17.2
2026-01-20,348210,,9.49,4.2,16.8,-21.4
2026-01-21,348210,,9.63,-9.4,22.4,-12.8
2026-01-22,348210,,9.48,-0.2,-9.9,10.3
2026-01-23,348210,,9.37,-8.0,25.1,-15.9
2026-01-26,348210,,9.24,0.1,67.2,-66.4
2026-01-27,348210,,9.33,42.7,50.2,-92.1
2026-01-28,348210,,9.82,13.6,100.0,-112.4
2026-01-29,348210,,9.91,15.7,40.4,-49.4
2026-01-30,348210,98500.0,10.09,7.9,86.9,-88.0
2026-02-02,348210,,10.22,28.3,-40.5,9.9
2026-02-03,348210,,10.54,-18.8,0.8,20.5
2026-02-04,348210,,10.24,18.5,-19.3,-1.1
2026-02-05,348210,,10.03,39.8,-62.4,18.3
2026-02-06,348210,,10.55,10.0,-9.8,-0.4
2026-02-09,348210,,10.7,-2.4,10.8,-8.3
2026-02-10,348210,,10.68,18.9,-41.5,21.8
2026-02-11,348210,,10.85,18.3,-29.8,11.4
2026-02-12,348210,,11.06,10.8,-4.1,-7.4
2026-02-13,348210,,11.19,-11.9,-41.0,52.9
2026-02-19,348210,,11.01,14.8,12.0,-26.8
2026-02-20,348210,,11.25,-2.8,3.5,-0.9
2026-02-23,348210,,11.15,0.1,-12.4,14.1
2026-02-24,348210,,11.12,7.5,-11.2,4.1
2026-02-25,348210,,11.24,-3.4,-20.9,24.6
2026-02-26,348210,,11.11,-6.5,1.7,5.5
2026-02-27,348210,82300.0,11.06,-15.9,-6.7,22.4
2026-03-03,348210,,10.81,27.1,30.9,-55.8
2026-03-04,348210,,11.25,19.5,12.2,-31.9
2026-03-05,348210,,11.51,15.0,18.8,-27.5
2026-03-06,348210,,11.7,-11.6,-3.8,13.5
2026-03-09,348210,,11.5,-29.0,17.2,11.6
2026-03-10,348210,,11.15,9.0,-2.6,-6.5
2026-03-11,348210,,11.21,-7.2,-19.6,27.2
2026-03-12,348210,,11.06,3.6,-23.0,18.3
2026-03-13,348210,,11.1,-4.3,-24.3,28.0
2026-03-16,348210,,11.02,8.4,-5.5,-3.0
2026-03-17,348210,,11.14,3.6,-16.7,13.4
2026-03-18,348210,,10.93,6.5,-18.2,12.6
2026-03-19,348210,,10.99,15.9,-21.1,5.9
2026-03-20,348210,,11.15,-8.8,-13.9,22.7
2026-03-23,348210,,11.0,1.6,-15.2,13.9
2026-03-24,348210,,11.02,8.1,-18.7,12.0
2026-03-25,348210,,11.11,17.0,-19.3,2.5
2026-03-26,348210,,11.32,6.7,-27.0,20.5
2026-03-27,348210,,11.43,-8.1,-1.2,9.3
2026-03-30,348210,,11.36,5.8,-12.9,7.0
2026-03-31,348210,62500.0,11.43,16.1,-13.9,-2.3
2026-04-01,348210,,11.57,3.8,4.1,-7.9
2026-04-02,348210,,11.63,13.1,-12.7,-0.4
2026-04-03,348210,,11.77,-6.5,-22.6,28.9
2026-04-06,348210,,11.62,-1.7,-3.8,5.5
2026-04-07,348210,,11.8,-1.3,-2.4,3.7
2026-04-08,348210,,11.82,25.5,7.6,-33.2
2026-04-09,348210,,12.19,18.7,-18.1,-0.7
2026-04-10,348210,,12.44,3.9,-7.5,4.6
2026-04-13,348210,,12.51,33.3,-2.9,-30.1
2026-04-14,348210,,13.0,2.3,-46.8,43.5
2026-04-15,348210,,12.93,14.3,-41.1,26.8
2026-04-16,348210,,13.09,10.5,-21.8,10.6
2026-04-17,348210,,13.22,10.3,0.3,-10.6
2026-04-20,348210,,13.35,14.2,-3.3,-11.0
2026-04-21,348210,,13.48,12.4,-15.8,3.2
2026-04-22,348210,,13.64,15.8,-25.7,9.7
2026-04-23,348210,,13.81,1.7,1.8,-3.3
2026-04-24,348210,,13.85,-15.6,-6.2,21.6
2026-04-27,348210,,13.55,8.9,5.0,-13.8
2026-04-28,348210,,13.78,-5.7,-9.5,15.1
2026-04-29,348210,,13.66,6.5,-14.4,7.8
2026-04-30,348210,69700.0,13.74,-4.2,-15.7,20.0
2026-05-04,348210,,13.37,5.7,-7.3,1.7
2026-05-06,348210,,13.44,3.1,-10.6,6.9
2026-05-07,348210,,13.25,4.3,-3.0,-0.9
2026-05-08,348210,,13.31,0.3,4.4,-2.6
2026-05-11,348210,,13.29,-2.6,3.4,-0.1
2026-05-12,348210,,13.25,29.5,-8.4,-21.2
2026-05-13,348210,,13.71,16.6,-6.6,-9.5
2026-05-14,348210,,13.94,29.2,-3.7,-26.6
2026-05-15,348210,,14.42,-23.1,-19.5,42.6
2026-05-18,348210,,13.88,2.6,-3.7,1.4
2026-05-19,348210,,13.89,-9.9,-3.8,16.5
2026-05-20,348210,,13.63,0.8,-7.1,6.4
2026-05-21,348210,,13.38,-3.9,2.6,1.2
2026-05-22,348210,,13.03,-19.3,33.9,-14.3
2026-05-26,348210,,12.8,16.8,19.7,-36.2
2026-05-27,348210,,12.91,5.9,5.8,-11.6
2026-05-28,348210,,12.95,8.4,9.6,-17.3
2026-05-29,348210,67400.0,13.06,-9.8,4.0,6.0
2026-06-01,348210,,12.9,4.1,1.3,-5.4
2026-06-02,348210,,12.97,-1.7,-6.0,7.7
2026-06-04,348210,,12.94,12.2,4.1,-16.1
2026-06-05,348210,,13.45,-3.7,-1.7,4.5
2026-06-08,348210,,13.19,-15.7,-3.4,17.9
2026-06-09,348210,,13.16,21.2,-19.6,-2.3
2026-06-10,348210,,13.55,20.7,-37.2,16.8
2026-06-11,348210,,13.86,18.8,-10.7,-7.7
2026-06-12,348210,,14.14,25.2,-32.9,7.6
2026-06-15,348210,,14.48,1.3,-1.0,-0.3
2026-06-16,348210,,14.74,14.3,-32.9,18.4
2026-06-17,348210,,14.85,4.1,-11.7,7.3
2026-06-18,348210,,14.9,29.3,-46.9,17.1
2026-06-19,348210,,15.6,12.8,-30.0,17.5
2026-06-22,348210,,15.75,32.5,-30.6,-3.4
2026-06-23,348210,,16.14,15.0,-17.9,2.1
2026-06-24,348210,,16.38,9.8,-16.9,7.3
2026-06-25,348210,,16.55,7.3,-12.2,5.0
2026-06-26,348210,,16.56,-0.1,5.1,-4.6
2026-06-29,348210,,16.59,-12.7,23.1,-10.3
2026-06-30,348210,49350.0,16.41,-2.9,0.4,2.2
2026-07-01,348210,,16.3,-3.7,-0.2,3.9
2026-07-02,348210,,16.22,-9.1,-4.3,13.3
2026-07-03,348210,,15.92,-9.0,-0.1,8.1
2026-07-06,348210,,15.44,-5.6,-4.0,9.5
2026-07-07,348210,,15.29,-0.6,-3.1,3.7
2026-07-08,348210,,15.36,2.3,-2.4,0.2
2026-07-09,348210,,15.43,5.9,-6.0,-0.1
2026-07-10,348210,,15.57,11.5,-11.3,-0.5
2026-07-13,348210,37950.0,15.87,11.4,-12.7,1.3
2025-07-14,348340,,0.15,-1.2,0.4,0.8
2025-07-15,348340,,0.11,1.2,1.7,-2.8
2025-07-16,348340,,0.29,-0.8,0.1,0.6
2025-07-17,348340,,0.24,-1.1,1.0,0.0
2025-07-18,348340,,0.22,-0.1,0.3,-0.1
2025-07-21,348340,,0.22,2.4,-0.3,-2.0
2025-07-22,348340,,0.33,-2.0,0.8,1.1
2025-07-23,348340,,0.25,-4.6,0.4,4.1
2025-07-24,348340,,0.04,-1.3,0.2,1.1
2025-07-25,348340,,0.0,-0.8,-0.4,1.1
2025-07-28,348340,,0.0,-0.3,-0.2,0.4
2025-07-29,348340,,0.0,-0.2,0.1,0.0
2025-07-30,348340,,0.0,0.7,0.2,-0.9
2025-07-31,348340,,0.09,-1.2,0.1,1.1
2025-08-01,348340,,0.05,-0.8,0.3,0.6
2025-08-04,348340,,0.01,-0.4,-0.1,0.5
2025-08-05,348340,,0.0,0.0,0.5,-0.6
2025-08-06,348340,,0.01,0.6,0.1,-0.6
2025-08-07,348340,,0.05,1.3,0.9,-2.3
2025-08-08,348340,,0.15,-0.0,0.5,-0.4
2025-08-11,348340,,0.14,1.5,-0.1,-1.4
2025-08-12,348340,,0.21,0.5,0.3,-0.9
2025-08-13,348340,,0.23,-0.6,1.1,-0.5
2025-08-14,348340,,0.19,1.9,0.6,-2.5
2025-08-18,348340,,0.27,-1.1,0.2,0.9
2025-08-19,348340,,0.27,-0.9,0.7,0.1
2025-08-20,348340,,0.2,0.2,-0.1,-0.1
2025-08-21,348340,,0.21,-0.2,-0.5,0.7
2025-08-22,348340,,0.24,0.8,0.0,-0.7
2025-08-25,348340,,0.29,3.6,-2.5,-1.2
2025-08-26,348340,,0.43,2.5,-0.5,-2.2
2025-08-27,348340,,0.55,1.2,-1.1,-0.1
2025-08-28,348340,,0.59,-3.5,1.2,2.5
2025-08-29,348340,22350.0,0.45,1.1,0.0,-1.1
2025-09-01,348340,,0.51,-4.1,-0.2,4.0
2025-09-02,348340,,0.34,7.0,10.6,-17.3
2025-09-03,348340,,0.61,-3.2,18.1,-16.3
2025-09-04,348340,,0.53,2.0,-0.5,-2.3
2025-09-05,348340,,0.59,2.2,-0.5,-1.6
2025-09-08,348340,,0.73,-4.4,5.2,-0.8
2025-09-09,348340,,0.55,2.9,-0.9,-1.3
2025-09-10,348340,,0.69,-6.0,-0.6,6.6
2025-09-11,348340,,0.44,-2.1,5.0,-3.1
2025-09-12,348340,,0.37,3.5,11.3,-14.6
2025-09-15,348340,,0.54,-4.4,1.9,2.6
2025-09-16,348340,,0.32,-1.9,1.5,0.3
2025-09-17,348340,,0.29,0.1,-0.1,-0.0
2025-09-18,348340,,0.36,1.4,1.0,-2.3
2025-09-19,348340,,0.41,0.1,-9.2,8.9
2025-09-22,348340,,0.37,6.8,0.0,-7.5
2025-09-23,348340,,0.61,-7.5,-6.0,13.9
2025-09-24,348340,,0.35,0.2,-7.5,6.8
2025-09-25,348340,,0.38,-1.3,-7.2,8.3
2025-09-26,348340,,0.29,0.7,-4.0,3.6
2025-09-29,348340,,0.32,4.9,-2.7,-2.3
2025-09-30,348340,27800.0,0.62,0.9,0.8,0.7
2025-10-01,348340,,0.48,-5.7,6.2,3.0
2025-10-02,348340,,0.31,-2.9,-0.2,3.7
2025-10-10,348340,,0.26,10.1,0.2,-7.9
2025-10-13,348340,,0.62,-6.4,-5.4,14.4
2025-10-14,348340,,0.34,3.5,-24.2,26.1
2025-10-15,348340,,0.44,19.8,1.0,-19.0
2025-10-16,348340,,1.31,-11.2,-2.1,12.4
2025-10-17,348340,,0.76,-7.3,1.4,5.9
2025-10-20,348340,,0.53,20.5,2.5,-23.0
2025-10-21,348340,,1.35,-8.9,2.2,6.6
2025-10-22,348340,,1.04,-3.0,1.6,3.8
2025-10-23,348340,,0.85,-2.8,2.9,-0.1
2025-10-24,348340,,0.76,-9.1,1.1,9.7
2025-10-27,348340,,0.48,0.7,0.1,-0.8
2025-10-28,348340,,0.5,-0.3,0.5,-0.3
2025-10-29,348340,,0.49,-1.9,1.5,0.3
2025-10-30,348340,,0.43,0.4,0.6,-0.9
2025-10-31,348340,31900.0,0.43,133.7,-8.9,-125.7
2025-11-03,348340,,4.79,-29.5,18.0,2.8
2025-11-04,348340,,3.57,8.0,10.4,-16.7
2025-11-05,348340,,3.67,-24.0,2.9,21.0
2025-11-06,348340,,2.9,-28.1,5.5,22.8
2025-11-07,348340,,2.03,-8.0,3.0,5.0
2025-11-10,348340,,1.92,-7.3,0.9,5.6
2025-11-11,348340,,1.66,-1.5,0.3,1.0
2025-11-12,348340,,1.8,-3.5,1.1,2.4
2025-11-13,348340,,1.7,-5.4,2.3,3.0
2025-11-14,348340,,1.59,-8.6,1.0,7.5
2025-11-17,348340,,1.24,-4.7,1.5,3.3
2025-11-18,348340,,1.06,-1.5,0.2,1.3
2025-11-19,348340,,1.19,-2.1,2.3,-0.5
2025-11-20,348340,,1.1,-6.7,0.9,1.8
2025-11-21,348340,,0.91,2.0,-0.5,-2.3
2025-11-24,348340,,0.81,-7.1,-0.4,7.5
2025-11-25,348340,,0.56,-1.2,0.3,0.9
2025-11-26,348340,,0.51,1.1,0.8,-1.7
2025-11-27,348340,,0.55,1.0,1.5,1.5
2025-11-28,348340,30750.0,0.66,51.9,2.0,-54.3
2025-12-01,348340,,2.73,-26.3,-0.3,27.0
2025-12-02,348340,,1.37,-2.7,2.2,0.2
2025-12-03,348340,,1.26,0.5,0.0,-0.1
2025-12-04,348340,,1.18,0.7,-4.0,2.8
2025-12-05,348340,,1.21,12.2,-6.2,-5.8
2025-12-08,348340,,1.62,5.3,1.6,-6.4
2025-12-09,348340,,1.86,3.1,4.0,-7.6
2025-12-10,348340,,1.78,-0.4,1.6,-0.2
2025-12-11,348340,,1.66,2.8,2.9,-6.5
2025-12-12,348340,,1.71,15.4,-2.3,-12.2
2025-12-15,348340,,2.26,9.0,5.3,-12.5
2025-12-16,348340,,2.48,-9.8,0.0,10.8
2025-12-17,348340,,2.06,-4.9,0.3,5.0
2025-12-18,348340,,1.84,2.5,0.8,0.5
2025-12-19,348340,,1.92,24.9,1.4,-27.9
2025-12-22,348340,,3.02,2.1,2.9,-4.5
2025-12-23,348340,,3.1,-4.2,0.6,3.8
2025-12-24,348340,,2.76,-4.2,2.0,2.8
2025-12-26,348340,,2.5,-2.6,2.2,0.9
2025-12-29,348340,,2.43,50.2,-1.5,-48.3
2025-12-30,348340,32900.0,4.42,-56.0,2.6,53.3
2026-01-02,348340,,2.3,2.8,5.4,-8.5
2026-01-05,348340,,2.41,-11.5,4.4,5.9
2026-01-06,348340,,2.14,-10.4,24.4,-13.7
2026-01-07,348340,,1.67,-6.3,13.5,-6.3
2026-01-08,348340,,1.54,-8.9,19.0,-9.7
2026-01-09,348340,,1.33,64.6,23.6,-84.0
2026-01-12,348340,,3.78,-47.2,17.5,29.8
2026-01-13,348340,,1.75,67.7,2.7,-75.5
2026-01-14,348340,,3.77,17.3,14.2,-24.4
2026-01-15,348340,,3.6,27.3,35.4,-62.7
2026-01-16,348340,,3.92,-43.5,75.2,-46.3
2026-01-19,348340,,3.05,58.5,-38.0,-55.0
2026-01-20,348340,,3.59,,,
2026-01-21,348340,,3.69,-31.5,234.6,-161.4
2026-01-22,348340,,3.44,78.1,85.7,-159.6
2026-01-23,348340,,4.03,,,
2026-01-26,348340,,4.03,-82.6,-9.1,429.1
2026-01-27,348340,,3.42,32.6,-8.4,15.3
2026-01-28,348340,,3.57,-1.3,-9.6,3.5
2026-01-29,348340,,3.53,-37.8,6.2,34.6
2026-01-30,348340,91800.0,3.23,47.7,50.5,-103.4
2026-02-02,348340,,3.68,90.6,35.4,156.0
2026-02-03,348340,,4.65,-38.2,36.0,-1.0
2026-02-04,348340,,4.0,-32.8,18.9,12.6
2026-02-05,348340,,3.56,-44.8,17.8,13.5
2026-02-06,348340,,3.41,20.3,-66.5,48.3
2026-02-09,348340,,3.59,-13.6,62.8,-48.4
2026-02-10,348340,,3.97,-20.0,3.7,22.0
2026-02-11,348340,,3.81,-13.6,-5.6,16.4
2026-02-12,348340,,3.34,-5.5,13.1,-8.5
2026-02-13,348340,,3.31,-2.0,2.2,-1.6
2026-02-19,348340,,3.3,10.8,-0.1,-10.6
2026-02-20,348340,,3.42,-2.9,-3.5,12.4
2026-02-23,348340,,3.28,77.6,-24.7,-53.2
2026-02-24,348340,,4.13,-2.9,-4.6,-1.9
2026-02-25,348340,,4.11,-8.3,4.1,17.6
2026-02-26,348340,,3.96,-119.3,-27.2,133.0
2026-02-27,348340,81700.0,2.72,44.4,-5.8,-37.7
2026-03-03,348340,,3.15,43.4,-5.6,-24.5
2026-03-04,348340,,3.58,125.7,-1.9,-123.7
2026-03-05,348340,,5.11,17.3,2.2,-21.1
2026-03-06,348340,,5.31,-28.4,9.2,21.9
2026-03-09,348340,,5.02,4.1,-2.4,-5.1
2026-03-10,348340,,5.11,6.1,-8.5,2.2
2026-03-11,348340,,5.24,15.3,14.4,-30.1
2026-03-12,348340,,5.53,-48.7,5.3,44.2
2026-03-13,348340,,5.0,12.6,-108.5,91.2
2026-03-16,348340,,5.24,13.0,-23.5,11.0
2026-03-17,348340,,5.39,37.8,-1.2,-33.1
2026-03-18,348340,,5.83,12.0,0.6,-13.1
2026-03-19,348340,,5.88,-2.4,0.4,1.4
2026-03-20,348340,,5.8,-4.6,7.4,-3.9
2026-03-23,348340,,5.75,29.4,11.6,-41.3
2026-03-24,348340,,6.13,23.4,2.3,-22.4
2026-03-25,348340,,6.42,12.1,0.0,-9.7
2026-03-26,348340,,6.57,5.0,3.1,-8.1
2026-03-27,348340,,6.75,5.6,2.3,-8.0
2026-03-30,348340,,6.75,-3.2,0.6,4.4
2026-03-31,348340,59900.0,6.71,15.1,3.5,-14.3
2026-04-01,348340,,6.91,24.8,-1.8,-22.6
2026-04-02,348340,,7.23,-19.9,8.7,10.1
2026-04-03,348340,,6.99,-42.7,4.6,40.8
2026-04-06,348340,,6.4,38.7,1.9,-40.8
2026-04-07,348340,,6.96,11.2,3.4,-14.7
2026-04-08,348340,,7.11,19.3,-2.6,-15.1
2026-04-09,348340,,7.58,84.2,-157.8,71.8
2026-04-10,348340,,8.74,-8.8,2.9,5.5
2026-04-13,348340,,8.47,2.3,1.3,-4.2
2026-04-14,348340,,8.03,-40.8,1.5,39.0
2026-04-15,348340,,7.52,-37.7,4.7,34.1
2026-04-16,348340,,7.04,-45.9,7.8,36.0
2026-04-17,348340,,6.5,-29.1,6.6,21.9
2026-04-20,348340,,6.16,-9.4,2.7,4.8
2026-04-21,348340,,6.05,3.2,3.8,-6.8
2026-04-22,348340,,6.12,-22.4,-2.6,24.9
2026-04-23,348340,,6.05,-25.0,1.1,26.4
2026-04-24,348340,,5.75,3.6,4.1,-8.2
2026-04-27,348340,,5.8,-45.3,22.0,19.2
2026-04-28,348340,,5.2,11.5,9.0,-21.0
2026-04-29,348340,,5.33,-44.5,-0.7,44.2
2026-04-30,348340,64800.0,4.8,-41.6,4.8,39.4
2026-05-04,348340,,4.28,45.0,1.6,-45.7
2026-05-06,348340,,4.82,-27.8,-3.2,30.8
2026-05-07,348340,,4.47,-11.0,2.7,7.3
2026-05-08,348340,,4.33,79.7,-16.1,-63.1
2026-05-11,348340,,5.27,10.6,12.5,-19.8
2026-05-12,348340,,5.49,-84.7,3.4,77.4
2026-05-13,348340,,4.49,-77.7,26.9,42.6
2026-05-14,348340,,3.7,-102.8,14.5,94.1
2026-05-15,348340,,2.56,-37.3,18.9,15.6
2026-05-18,348340,,2.16,6.3,15.4,-22.3
2026-05-19,348340,,2.24,-7.8,15.7,-6.6
2026-05-20,348340,,2.17,9.0,1.0,-11.6
2026-05-21,348340,,2.38,38.5,-1.1,-37.6
2026-05-22,348340,,2.89,-11.5,5.5,4.8
2026-05-26,348340,,2.75,4.8,-3.0,-2.2
2026-05-27,348340,,2.81,0.2,-13.7,11.6
2026-05-28,348340,,2.8,19.9,-0.3,-17.2
2026-05-29,348340,53300.0,3.1,16.2,-13.2,-0.6
2026-06-01,348340,,3.36,24.2,-12.0,-11.0
2026-06-02,348340,,3.74,-20.8,27.3,-7.8
2026-06-04,348340,,3.43,7.6,14.7,-22.1
2026-06-05,348340,,3.55,40.4,12.3,-53.7
2026-06-08,348340,,4.27,-8.1,6.3,1.8
2026-06-09,348340,,4.14,-5.3,5.8,0.4
2026-06-10,348340,,4.05,5.1,1.3,-6.1
2026-06-11,348340,,4.15,2.1,2.2,-4.4
2026-06-12,348340,,4.2,1.3,18.5,-20.3
2026-06-15,348340,,4.23,-21.7,-1.0,23.6
2026-06-16,348340,,3.88,-0.6,-3.7,4.1
2026-06-17,348340,,3.88,6.3,2.1,-8.4
2026-06-18,348340,,3.98,9.8,0.1,-9.6
2026-06-19,348340,,4.24,-0.2,-8.0,8.3
2026-06-22,348340,,4.5,16.6,-4.2,-13.2
2026-06-23,348340,,4.03,25.3,-2.6,-24.5
2026-06-24,348340,,4.58,4.6,6.8,-10.6
2026-06-25,348340,,4.7,2.1,-1.7,0.9
2026-06-26,348340,,4.75,20.1,-5.8,-14.3
2026-06-29,348340,,5.35,6.7,3.1,-9.2
2026-06-30,348340,37700.0,5.45,-3.7,1.1,2.3
2026-07-01,348340,,5.38,-1.5,4.7,-3.4
2026-07-02,348340,,5.19,2.3,1.5,-3.6
2026-07-03,348340,,5.25,0.3,4.8,-5.7
2026-07-06,348340,,5.3,0.5,27.0,-27.2
2026-07-07,348340,,5.31,6.6,-4.9,-1.6
2026-07-08,348340,,5.49,11.4,-7.2,-4.2
2026-07-09,348340,,5.79,4.7,5.3,-9.9
2026-07-10,348340,,5.91,3.5,-3.2,-0.3
2026-07-13,348340,30650.0,6.0,2.9,0.4,-3.0
2025-07-14,348350,,0.31,-0.9,-0.0,0.9
2025-07-15,348350,,0.26,-1.0,0.0,0.8
2025-07-16,348350,,0.26,1.0,0.0,-1.1
2025-07-17,348350,,0.37,-2.7,0.0,2.7
2025-07-18,348350,,0.18,0.9,0.0,-0.9
2025-07-21,348350,,0.28,0.9,0.2,-1.1
2025-07-22,348350,,0.38,0.7,0.0,-0.7
2025-07-23,348350,,0.46,0.9,-0.3,-0.7
2025-07-24,348350,,0.56,-1.2,-0.0,1.2
2025-07-25,348350,,0.44,0.6,0.0,-0.7
2025-07-28,348350,,0.51,1.9,0.0,-2.0
2025-07-29,348350,,0.7,3.1,0.0,-3.5
2025-07-30,348350,,0.98,-1.1,0.0,1.3
2025-07-31,348350,,0.87,-0.7,0.0,0.7
2025-08-01,348350,,0.8,-0.0,-0.0,0.2
2025-08-04,348350,,0.8,1.2,-0.0,-1.2
2025-08-05,348350,,0.93,0.2,0.0,-0.2
2025-08-06,348350,,0.95,0.4,-0.0,-0.4
2025-08-07,348350,,0.99,3.3,0.0,-3.2
2025-08-08,348350,,1.31,-0.6,0.0,0.5
2025-08-11,348350,,1.25,-0.3,0.0,0.3
2025-08-12,348350,,1.22,0.2,0.0,-0.2
2025-08-13,348350,,1.25,2.0,-0.0,-2.0
2025-08-14,348350,,1.44,-0.9,0.0,0.9
2025-08-18,348350,,1.34,0.2,0.0,-0.3
2025-08-19,348350,,1.36,1.0,-0.0,-1.0
2025-08-20,348350,,1.48,1.7,0.0,-1.7
2025-08-21,348350,,1.67,0.5,-0.0,-0.4
2025-08-22,348350,,1.73,-0.2,-0.0,0.2
2025-08-25,348350,,1.71,0.4,-0.0,-0.4
2025-08-26,348350,,1.75,0.0,0.0,-0.0
2025-08-27,348350,,1.75,0.0,-0.0,-0.0
2025-08-28,348350,,1.76,0.1,0.0,-0.1
2025-08-29,348350,8740.0,1.76,-0.1,-0.0,0.1
2025-09-01,348350,,1.75,-0.1,0.0,0.1
2025-09-02,348350,,1.74,0.4,-0.0,-0.4
2025-09-03,348350,,1.79,0.2,-0.0,-0.2
2025-09-04,348350,,1.81,0.4,0.0,-0.4
2025-09-05,348350,,1.86,0.2,0.0,0.0
2025-09-08,348350,,1.88,0.1,-0.0,-0.1
2025-09-09,348350,,1.88,0.2,-0.0,-0.2
2025-09-10,348350,,1.9,0.1,-0.0,0.1
2025-09-11,348350,,1.91,0.6,0.0,-0.6
2025-09-12,348350,,1.97,0.0,0.0,0.0
2025-09-15,348350,,1.97,-0.1,-0.0,0.1
2025-09-16,348350,,1.96,0.2,0.0,-0.2
2025-09-17,348350,,1.98,-0.2,0.0,0.2
2025-09-18,348350,,1.96,0.6,-0.0,-0.6
2025-09-19,348350,,1.96,-0.3,0.0,0.3
2025-09-22,348350,,1.93,-0.4,0.0,0.4
2025-09-23,348350,,1.89,-0.3,,0.4
2025-09-24,348350,,1.86,-0.0,,0.0
2025-09-25,348350,,1.85,0.1,,-0.1
2025-09-26,348350,,1.82,-1.0,,1.0
2025-09-29,348350,,1.71,0.4,,-0.4
2025-09-30,348350,9130.0,1.76,-8.2,,8.2
2025-10-01,348350,,0.98,3.0,0.0,-3.0
2025-10-02,348350,,1.31,4.4,-0.0,-4.4
2025-10-10,348350,,1.77,1.6,0.0,-1.6
2025-10-13,348350,,1.94,0.4,0.0,-0.4
2025-10-14,348350,,1.99,-2.0,0.0,2.1
2025-10-15,348350,,1.78,1.0,-0.0,-1.2
2025-10-16,348350,,1.89,-0.1,0.0,0.0
2025-10-17,348350,,1.88,-0.4,0.0,0.4
2025-10-20,348350,,1.84,0.1,0.0,-0.1
2025-10-21,348350,,1.85,-1.1,0.0,1.3
2025-10-22,348350,,1.75,-0.9,-0.0,0.9
2025-10-23,348350,,1.65,0.2,0.0,-0.2
2025-10-24,348350,,1.68,-2.0,-0.0,2.0
2025-10-27,348350,,1.48,-0.9,0.0,0.9
2025-10-28,348350,,1.38,-0.1,-0.0,0.1
2025-10-29,348350,,1.37,-0.7,0.0,0.6
2025-10-30,348350,,1.29,-1.3,0.0,1.3
2025-10-31,348350,8790.0,1.14,-0.4,0.0,0.4
2025-11-03,348350,,1.1,0.4,0.0,-0.5
2025-11-04,348350,,1.15,0.7,-0.0,-0.6
2025-11-05,348350,,1.22,-0.2,0.0,0.2
2025-11-06,348350,,1.21,-0.9,0.0,0.9
2025-11-07,348350,,1.1,0.3,0.0,-0.3
2025-11-10,348350,,1.13,-0.4,-0.2,0.6
2025-11-11,348350,,0.88,-0.1,0.0,0.1
2025-11-12,348350,,0.87,0.3,-0.0,-0.3
2025-11-13,348350,,0.9,-0.1,0.0,0.1
2025-11-14,348350,,0.89,-0.6,-0.0,0.6
2025-11-17,348350,,0.83,1.0,-0.0,-1.0
2025-11-18,348350,,0.94,-1.0,0.1,0.9
2025-11-19,348350,,0.83,-0.1,-0.1,0.2
2025-11-20,348350,,0.82,0.5,-0.0,-0.5
2025-11-21,348350,,0.88,-0.4,-0.0,0.4
2025-11-24,348350,,0.82,-0.2,0.0,0.2
2025-11-25,348350,,0.85,0.3,0.0,-0.4
2025-11-26,348350,,0.89,0.3,-0.0,-0.3
2025-11-27,348350,,0.93,0.3,-0.0,-0.3
2025-11-28,348350,8440.0,0.98,0.9,-0.0,-0.9
2025-12-01,348350,,1.06,0.4,-0.0,-0.4
2025-12-02,348350,,1.11,0.2,0.0,-0.2
2025-12-03,348350,,1.13,0.5,-0.0,-0.5
2025-12-04,348350,,1.2,-0.3,-0.0,0.3
2025-12-05,348350,,1.16,0.4,0.0,-0.4
2025-12-08,348350,,1.21,-0.1,-0.0,0.1
2025-12-09,348350,,1.2,0.4,-0.0,-0.4
2025-12-10,348350,,1.25,0.5,0.0,-0.5
2025-12-11,348350,,1.3,0.3,-0.0,-0.3
2025-12-12,348350,,1.34,0.3,-0.0,-0.3
2025-12-15,348350,,1.37,0.0,-0.0,-0.0
2025-12-16,348350,,1.38,-0.5,0.0,0.3
2025-12-17,348350,,1.32,0.0,-0.0,-0.1
2025-12-18,348350,,1.33,0.0,0.1,-0.2
2025-12-19,348350,,1.33,0.3,-0.1,-0.2
2025-12-22,348350,,1.37,0.5,0.0,-0.5
2025-12-23,348350,,1.42,-0.5,0.0,0.4
2025-12-24,348350,,1.37,0.1,,-0.2
2025-12-26,348350,,1.38,0.0,,-0.2
2025-12-29,348350,,1.39,0.1,,-0.1
2025-12-30,348350,8520.0,1.4,0.1,,-0.5
2026-01-02,348350,,1.42,0.3,,-0.3
2026-01-05,348350,,1.45,0.8,,-0.8
2026-01-06,348350,,1.54,0.1,,-0.1
2026-01-07,348350,,1.55,0.1,,-0.1
2026-01-08,348350,,1.56,0.1,,-0.1
2026-01-09,348350,,1.57,-0.1,,0.2
2026-01-12,348350,,1.56,-1.5,,1.4
2026-01-13,348350,,1.44,1.1,,-1.0
2026-01-14,348350,,1.57,0.1,0.0,-0.2
2026-01-15,348350,,1.58,-0.2,0.6,-0.3
2026-01-16,348350,,1.55,-0.1,,0.2
2026-01-19,348350,,1.54,1.3,,-1.3
2026-01-20,348350,,1.68,-0.3,,0.3
2026-01-21,348350,,1.65,-1.9,,1.8
2026-01-22,348350,,1.22,-1.0,,1.1
2026-01-23,348350,,1.11,-0.3,,0.3
2026-01-26,348350,,1.08,1.2,,-1.2
2026-01-27,348350,,1.2,-0.2,-0.2,0.4
2026-01-28,348350,,0.98,0.5,-0.5,-0.0
2026-01-29,348350,,1.04,1.0,-0.0,-1.3
2026-01-30,348350,9170.0,1.19,-0.4,,0.4
2026-02-02,348350,,1.16,0.0,,0.0
2026-02-03,348350,,1.12,0.5,,-0.6
2026-02-04,348350,,1.2,1.0,,-1.0
2026-02-05,348350,,1.31,-0.3,,0.3
2026-02-06,348350,,1.28,0.2,,-0.2
2026-02-09,348350,,1.3,0.7,,-0.7
2026-02-10,348350,,1.38,-0.5,,0.5
2026-02-11,348350,,1.32,-1.1,-0.0,0.8
2026-02-12,348350,,1.21,-0.5,,0.5
2026-02-13,348350,,1.15,-0.0,,0.0
2026-02-19,348350,,1.15,1.9,,-1.7
2026-02-20,348350,,1.35,1.8,,-1.7
2026-02-23,348350,,1.54,-0.9,,0.8
2026-02-24,348350,,1.45,0.3,,-0.4
2026-02-25,348350,,1.48,7.0,-0.0,-7.2
2026-02-26,348350,,2.15,-0.3,,0.2
2026-02-27,348350,9920.0,2.13,1.7,,-1.8
2026-03-03,348350,,2.3,1.8,,-1.7
2026-03-04,348350,,2.48,0.6,,-0.7
2026-03-05,348350,,2.55,2.7,,-2.6
2026-03-06,348350,,2.84,0.8,,-0.8
2026-03-09,348350,,2.92,-1.1,,1.1
2026-03-10,348350,,2.8,-3.3,,3.3
2026-03-11,348350,,2.49,0.0,,-0.0
2026-03-12,348350,,2.49,-0.0,,-0.0
2026-03-13,348350,,2.48,0.1,-0.1,0.1
2026-03-16,348350,,2.49,-0.2,,0.2
2026-03-17,348350,,2.47,0.2,,-0.3
2026-03-18,348350,,2.5,1.8,,-1.8
2026-03-19,348350,,2.68,0.8,,-0.7
2026-03-20,348350,,2.76,1.3,,-1.2
2026-03-23,348350,,2.88,-4.2,,4.1
2026-03-24,348350,,2.51,1.3,,-1.3
2026-03-25,348350,,2.63,1.7,,-1.7
2026-03-26,348350,,2.8,-0.6,,0.6
2026-03-27,348350,,2.74,0.8,,-0.8
2026-03-30,348350,,2.82,-0.2,,0.2
2026-03-31,348350,9560.0,2.81,-0.1,,0.1
2026-04-01,348350,,2.8,1.1,,-1.2
2026-04-02,348350,,2.91,-1.2,,1.2
2026-04-03,348350,,2.79,0.1,,-0.1
2026-04-06,348350,,2.8,-0.2,,0.2
2026-04-07,348350,,2.78,-0.3,,0.3
2026-04-08,348350,,2.75,2.3,,-2.0
2026-04-09,348350,,2.99,-0.8,,0.8
2026-04-10,348350,,2.91,0.3,,-0.3
2026-04-13,348350,,2.94,0.5,,-0.5
2026-04-14,348350,,2.99,0.4,,-0.3
2026-04-15,348350,,3.03,3.7,,-3.7
2026-04-16,348350,,3.36,-1.2,,1.2
2026-04-17,348350,,3.26,0.0,,-0.0
2026-04-20,348350,,3.26,-1.1,,1.1
2026-04-21,348350,,3.15,-0.8,,0.8
2026-04-22,348350,,3.06,-0.9,0.4,0.5
2026-04-23,348350,,2.97,-1.2,,1.1
2026-04-24,348350,,2.86,1.1,,-1.6
2026-04-27,348350,,2.96,0.9,,-0.8
2026-04-28,348350,,3.04,-0.1,,0.1
2026-04-29,348350,,3.02,0.2,,-0.2
2026-04-30,348350,11050.0,3.04,0.3,-0.0,-0.3
2026-05-04,348350,,3.07,1.9,-0.0,-1.7
2026-05-06,348350,,3.23,1.1,0.0,-1.2
2026-05-07,348350,,3.33,0.3,-0.0,-0.3
2026-05-08,348350,,3.36,0.9,-0.0,-1.0
2026-05-11,348350,,3.44,-0.9,-0.0,1.0
2026-05-12,348350,,3.36,0.5,0.0,-0.5
2026-05-13,348350,,3.41,0.7,0.0,-0.7
2026-05-14,348350,,3.47,-0.6,-0.0,0.6
2026-05-15,348350,,3.42,0.8,0.0,-0.8
2026-05-18,348350,,3.48,-3.2,0.0,3.3
2026-05-19,348350,,3.15,0.0,0.0,0.1
2026-05-20,348350,,3.15,1.9,-0.0,-2.0
2026-05-21,348350,,3.37,1.7,0.0,-1.2
2026-05-22,348350,,3.54,2.1,0.0,-2.0
2026-05-26,348350,,3.74,-1.9,-0.0,1.9
2026-05-27,348350,,3.57,1.6,0.0,-1.5
2026-05-28,348350,,3.71,-0.9,0.0,0.9
2026-05-29,348350,10570.0,3.62,0.2,0.0,-0.2
2026-06-01,348350,,3.64,-0.6,0.0,0.6
2026-06-02,348350,,3.58,0.3,-0.0,-0.3
2026-06-04,348350,,3.62,-0.4,0.0,0.4
2026-06-05,348350,,3.57,-0.8,-0.0,0.8
2026-06-08,348350,,3.48,-1.9,-0.0,1.9
2026-06-09,348350,,3.24,0.1,-0.0,-0.1
2026-06-10,348350,,3.25,-0.2,0.0,0.2
2026-06-11,348350,,3.23,-0.2,0.0,0.1
2026-06-12,348350,,3.21,0.6,-0.0,-0.6
2026-06-15,348350,,3.28,-1.0,0.0,1.0
2026-06-16,348350,,3.17,-0.5,-0.0,0.5
2026-06-17,348350,,3.11,0.1,-0.1,0.0
2026-06-18,348350,,3.12,0.1,-0.0,-0.0
2026-06-19,348350,,3.13,-1.0,0.0,1.1
2026-06-22,348350,,3.0,0.0,-0.0,-0.1
2026-06-23,348350,,3.01,-1.6,-0.0,1.6
2026-06-24,348350,,2.81,-0.2,0.0,0.2
2026-06-25,348350,,2.78,-0.4,-0.0,0.4
2026-06-26,348350,,2.73,0.5,-0.0,-0.5
2026-06-29,348350,,2.8,0.3,-0.0,-0.3
2026-06-30,348350,7930.0,2.84,0.1,0.0,-0.1
2026-07-01,348350,,2.84,-0.1,0.1,0.0
2026-07-02,348350,,2.82,-1.0,0.0,1.0
2026-07-03,348350,,2.7,-0.4,-0.0,0.5
2026-07-06,348350,,2.64,-0.6,-0.0,0.6
2026-07-07,348350,,2.56,-0.1,-0.0,0.1
2026-07-08,348350,,2.55,0.3,-0.0,-0.3
2026-07-09,348350,,2.6,0.0,0.0,-0.0
2026-07-10,348350,,2.6,2.3,-0.0,-2.2
2026-07-13,348350,8910.0,2.86,-0.7,0.3,0.4
2025-07-14,348370,,7.11,-9.2,1.1,20.2
2025-07-15,348370,,7.03,-20.0,-2.6,24.9
2025-07-16,348370,,6.85,-30.9,-1.9,35.7
2025-07-17,348370,,6.45,-21.1,0.8,19.7
2025-07-18,348370,,6.28,61.3,9.3,-71.7
2025-07-21,348370,,6.97,14.5,7.8,-12.2
2025-07-22,348370,,7.05,-8.7,-10.0,17.2
2025-07-23,348370,,6.92,-46.0,-0.3,47.3
2025-07-24,348370,,6.57,43.8,2.0,-41.7
2025-07-25,348370,,6.99,-37.6,2.6,24.8
2025-07-28,348370,,6.69,-10.9,5.4,5.3
2025-07-29,348370,,6.62,-9.0,-2.0,14.0
2025-07-30,348370,,6.53,116.8,13.1,-118.5
2025-07-31,348370,,7.52,-101.9,11.5,89.5
2025-08-01,348370,,6.7,-10.2,-1.8,12.0
2025-08-04,348370,,6.64,-28.0,2.6,27.7
2025-08-05,348370,,6.41,-4.7,3.3,0.6
2025-08-06,348370,,6.41,-57.3,15.3,38.6
2025-08-07,348370,,6.01,110.6,4.3,-116.4
2025-08-08,348370,,6.88,-51.6,1.8,45.1
2025-08-11,348370,,6.49,102.2,-5.4,-112.0
2025-08-12,348370,,7.14,-122.5,-3.4,120.4
2025-08-13,348370,,6.38,-76.7,-2.6,80.1
2025-08-14,348370,,5.91,-75.4,1.7,72.7
2025-08-18,348370,,5.53,-56.8,-10.6,66.2
2025-08-19,348370,,5.16,-0.0,-12.7,13.3
2025-08-20,348370,,5.24,-60.9,-0.8,59.9
2025-08-21,348370,,4.82,-7.3,-3.1,11.7
2025-08-22,348370,,4.8,-39.7,-2.5,38.9
2025-08-25,348370,,4.61,25.5,5.0,-18.0
2025-08-26,348370,,4.83,-32.8,-9.0,47.1
2025-08-27,348370,,4.6,-11.3,0.7,11.4
2025-08-28,348370,,4.49,-66.5,6.1,58.4
2025-08-29,348370,74900.0,4.1,-13.6,-11.5,33.2
2025-09-01,348370,,4.03,42.0,-2.9,-22.4
2025-09-02,348370,,4.39,-3.0,0.4,17.8
2025-09-03,348370,,4.32,-2.3,-2.0,3.6
2025-09-04,348370,,4.22,-34.1,0.6,33.0
2025-09-05,348370,,3.94,-3.8,-0.1,5.2
2025-09-08,348370,,3.94,1.0,0.3,23.3
2025-09-09,348370,,3.98,-23.0,3.1,19.3
2025-09-10,348370,,3.83,-7.6,8.3,-0.4
2025-09-11,348370,,3.87,-9.4,4.5,2.9
2025-09-12,348370,,3.92,50.3,94.4,-142.6
2025-09-15,348370,,4.32,-54.9,95.3,-36.9
2025-09-16,348370,,3.89,-43.2,101.1,-55.9
2025-09-17,348370,,3.66,-27.9,-2.4,30.7
2025-09-18,348370,,3.49,5.1,8.3,-14.9
2025-09-19,348370,,3.55,8.8,-7.0,-1.4
2025-09-22,348370,,3.6,-0.2,1.1,-0.9
2025-09-23,348370,,3.63,13.1,0.7,-13.6
2025-09-24,348370,,3.74,-17.7,-3.5,13.3
2025-09-25,348370,,3.61,-2.1,3.2,-1.9
2025-09-26,348370,,3.61,0.9,-3.5,4.0
2025-09-29,348370,,3.64,13.9,-1.1,-12.8
2025-09-30,348370,71600.0,3.69,-3.7,-0.4,4.0
2025-10-01,348370,,3.68,3.9,0.4,-5.0
2025-10-02,348370,,3.74,6.4,-10.9,3.9
2025-10-10,348370,,3.81,15.6,-3.0,-11.5
2025-10-13,348370,,3.98,10.3,-2.0,-2.6
2025-10-14,348370,,3.82,26.6,-14.5,-14.6
2025-10-15,348370,,4.04,-13.1,3.8,9.1
2025-10-16,348370,,3.94,33.0,5.2,-36.4
2025-10-17,348370,,4.2,-30.8,26.8,2.2
2025-10-20,348370,,3.89,22.0,11.9,-34.8
2025-10-21,348370,,4.13,44.3,8.8,-52.7
2025-10-22,348370,,4.41,-61.9,6.0,53.3
2025-10-23,348370,,4.11,-17.1,-0.8,17.2
2025-10-24,348370,,4.01,152.9,41.3,-183.0
2025-10-27,348370,,4.9,-104.0,56.9,41.5
2025-10-28,348370,,4.34,-3.2,25.2,-22.6
2025-10-29,348370,,4.29,-13.2,3.6,13.7
2025-10-30,348370,,4.27,22.5,-7.5,-15.2
2025-10-31,348370,86100.0,4.5,-8.6,12.4,-3.2
2025-11-03,348370,,4.47,-19.1,7.6,13.8
2025-11-04,348370,,4.36,-20.4,0.3,19.9
2025-11-05,348370,,4.23,19.6,-8.6,-10.8
2025-11-06,348370,,4.37,-4.8,-0.4,4.6
2025-11-07,348370,,4.3,13.6,-6.7,-6.6
2025-11-10,348370,,4.41,-7.6,11.3,-4.7
2025-11-11,348370,,4.37,-19.0,8.3,10.7
2025-11-12,348370,,4.24,12.6,24.9,-36.8
2025-11-13,348370,,4.27,-13.2,7.1,6.2
2025-11-14,348370,,4.19,37.8,-57.2,20.0
2025-11-17,348370,,4.4,-92.6,-55.5,148.7
2025-11-18,348370,,3.94,13.3,-21.4,13.0
2025-11-19,348370,,4.02,-1.2,-7.6,11.6
2025-11-20,348370,,4.01,-17.2,0.2,15.9
2025-11-21,348370,,3.8,-12.0,-8.3,13.7
2025-11-24,348370,,3.78,-4.3,0.6,3.6
2025-11-25,348370,,3.73,4.7,-3.1,-2.2
2025-11-26,348370,,3.75,12.5,11.7,-23.1
2025-11-27,348370,,3.89,-24.2,-1.9,25.9
2025-11-28,348370,76000.0,3.77,6.0,30.6,-42.6
2025-12-01,348370,,3.78,9.9,23.2,-35.5
2025-12-02,348370,,3.88,-8.4,12.5,-3.7
2025-12-03,348370,,3.84,-9.4,0.5,11.1
2025-12-04,348370,,3.78,-5.1,5.3,-0.6
2025-12-05,348370,,3.75,-7.7,12.1,-1.2
2025-12-08,348370,,3.73,30.1,-1.2,-27.0
2025-12-09,348370,,3.95,-21.0,-2.7,22.7
2025-12-10,348370,,3.77,-2.6,-3.8,6.1
2025-12-11,348370,,3.74,15.7,-17.4,1.2
2025-12-12,348370,,3.83,-0.2,12.6,-12.1
2025-12-15,348370,,3.77,-0.5,5.2,-4.8
2025-12-16,348370,,3.93,-4.4,9.1,-4.3
2025-12-17,348370,,3.87,1.8,8.0,-9.9
2025-12-18,348370,,3.89,-1.7,-0.2,2.2
2025-12-19,348370,,3.82,11.3,9.7,-19.0
2025-12-22,348370,,3.93,-9.0,8.9,-0.0
2025-12-23,348370,,3.85,6.1,1.9,-7.8
2025-12-24,348370,,3.74,-52.9,13.0,47.8
2025-12-26,348370,,3.38,-5.7,12.5,-7.6
2025-12-29,348370,,3.36,-2.3,-2.7,4.2
2025-12-30,348370,62900.0,3.3,-7.9,-12.2,19.9
2026-01-02,348370,,3.37,10.1,-5.9,-3.3
2026-01-05,348370,,3.54,7.7,1.1,-9.4
2026-01-06,348370,,3.56,-18.1,4.6,13.8
2026-01-07,348370,,3.43,2.4,-5.3,2.4
2026-01-08,348370,,3.49,3.4,-4.6,1.3
2026-01-09,348370,,3.52,-5.8,6.4,-1.4
2026-01-12,348370,,3.5,1.7,8.5,-10.1
2026-01-13,348370,,3.52,14.0,17.0,-31.9
2026-01-14,348370,,3.84,-14.5,-1.2,15.8
2026-01-15,348370,,3.66,-7.1,7.5,-0.6
2026-01-16,348370,,3.65,-16.3,-12.0,29.3
2026-01-19,348370,,3.49,-0.4,6.6,-6.1
2026-01-20,348370,,3.52,15.9,10.6,-19.6
2026-01-21,348370,,3.65,-8.6,8.3,3.8
2026-01-22,348370,,3.58,58.7,16.4,-61.4
2026-01-23,348370,,4.22,-43.0,49.4,-4.8
2026-01-26,348370,,3.72,40.5,156.0,-194.4
2026-01-27,348370,,4.17,5.5,101.6,-104.6
2026-01-28,348370,,4.18,29.5,177.1,-184.5
2026-01-29,348370,,4.56,-70.9,90.3,-16.0
2026-01-30,348370,96100.0,4.28,256.3,74.8,-311.6
2026-02-02,348370,,5.44,-86.8,-75.4,142.5
2026-02-03,348370,,4.82,-32.7,56.5,-19.6
2026-02-04,348370,,4.56,-2.5,12.2,-9.4
2026-02-05,348370,,4.49,31.0,-34.5,4.7
2026-02-06,348370,,4.72,13.6,-19.7,3.1
2026-02-09,348370,,4.96,13.0,38.9,-52.0
2026-02-10,348370,,5.0,-18.7,-1.2,19.7
2026-02-11,348370,,4.89,-21.9,-1.8,23.2
2026-02-12,348370,,4.73,-11.7,10.3,1.5
2026-02-13,348370,,4.69,-22.5,-23.2,46.4
2026-02-19,348370,,4.57,2.2,70.9,-72.1
2026-02-20,348370,,4.64,-8.3,9.0,-1.8
2026-02-23,348370,,4.61,-36.2,-15.5,52.1
2026-02-24,348370,,4.34,11.1,2.7,11.1
2026-02-25,348370,,4.43,10.9,-3.0,-7.3
2026-02-26,348370,,4.54,-8.1,5.6,2.5
2026-02-27,348370,76000.0,4.49,24.8,17.1,-42.7
2026-03-03,348370,,4.66,-66.5,-48.3,113.3
2026-03-04,348370,,4.21,24.8,-20.7,-5.6
2026-03-05,348370,,4.39,-8.1,56.8,-49.7
2026-03-06,348370,,4.12,26.8,6.7,-32.7
2026-03-09,348370,,4.33,-8.6,-10.1,17.9
2026-03-10,348370,,4.22,-32.9,1.0,32.5
2026-03-11,348370,,3.88,-57.2,-24.6,81.2
2026-03-12,348370,,3.87,-41.0,-16.9,57.1
2026-03-13,348370,,3.58,-8.7,-14.6,23.2
2026-03-16,348370,,3.63,-0.6,-20.4,21.1
2026-03-17,348370,,3.71,15.0,-7.3,-8.5
2026-03-18,348370,,4.02,-27.4,7.4,21.1
2026-03-19,348370,,3.81,-30.5,-17.8,48.0
2026-03-20,348370,,3.5,-10.7,-10.8,20.5
2026-03-23,348370,,3.32,56.9,-6.6,-51.1
2026-03-24,348370,,4.01,145.3,-44.5,-103.7
2026-03-25,348370,,7.01,-22.5,-19.1,34.8
2026-03-26,348370,,6.48,-135.0,4.5,132.2
2026-03-27,348370,,4.66,8.3,1.9,-10.6
2026-03-30,348370,,4.83,11.3,1.1,-12.9
2026-03-31,348370,40950.0,5.16,-19.2,31.7,-11.8
2026-04-01,348370,,4.85,-19.5,9.0,9.6
2026-04-02,348370,,4.67,5.5,-11.8,6.0
2026-04-03,348370,,4.69,13.5,-5.6,-6.6
2026-04-06,348370,,4.99,2.4,-3.5,0.1
2026-04-07,348370,,5.21,-22.2,-1.5,23.8
2026-04-08,348370,,4.98,4.3,18.4,-26.9
2026-04-09,348370,,4.99,3.8,-16.8,11.9
2026-04-10,348370,,5.01,-1.2,-3.4,4.7
2026-04-13,348370,,5.17,1.8,-8.2,6.2
2026-04-14,348370,,5.19,23.4,1.9,-24.7
2026-04-15,348370,,5.62,-6.3,5.9,1.3
2026-04-16,348370,,5.46,47.5,-3.8,-37.8
2026-04-17,348370,,6.14,-56.4,-1.0,57.6
2026-04-20,348370,,5.2,-20.1,-4.7,24.7
2026-04-21,348370,,5.17,44.2,2.5,-49.5
2026-04-22,348370,,6.22,-92.7,-7.3,99.4
2026-04-23,348370,,4.95,-91.2,18.9,76.8
2026-04-24,348370,,4.21,-32.8,12.2,15.9
2026-04-27,348370,,3.81,-9.4,0.5,8.5
2026-04-28,348370,,3.98,-42.0,-9.7,51.1
2026-04-29,348370,,3.71,-1.2,-8.8,10.8
2026-04-30,348370,44300.0,3.68,-16.3,-14.2,29.4
2026-05-04,348370,,3.71,11.6,-2.8,-8.9
2026-05-06,348370,,3.83,-2.2,-4.9,7.1
2026-05-07,348370,,3.81,-2.3,-3.8,5.4
2026-05-08,348370,,3.8,-2.4,-6.4,8.9
2026-05-11,348370,,3.8,17.2,-13.0,-3.6
2026-05-12,348370,,4.11,13.2,-13.5,1.2
2026-05-13,348370,,4.21,-11.3,-6.9,17.8
2026-05-14,348370,,4.14,-9.5,-1.6,10.9
2026-05-15,348370,,4.07,-6.9,-8.2,14.1
2026-05-18,348370,,3.72,-0.5,-0.8,2.1
2026-05-19,348370,,3.81,-6.7,3.5,2.9
2026-05-20,348370,,3.61,4.3,3.6,-8.1
2026-05-21,348370,,3.78,-2.3,6.0,-3.6
2026-05-22,348370,,3.68,-18.9,10.0,8.1
2026-05-26,348370,,3.47,-10.5,0.7,9.8
2026-05-27,348370,,3.43,-3.2,-6.1,9.9
2026-05-28,348370,,3.49,-14.0,3.0,11.0
2026-05-29,348370,35100.0,3.34,-5.8,10.5,-4.9
2026-06-01,348370,,3.32,-3.6,6.7,-2.5
2026-06-02,348370,,3.26,-20.2,2.7,17.4
2026-06-04,348370,,2.99,-9.1,2.9,5.8
2026-06-05,348370,,2.91,0.7,-8.3,6.4
2026-06-08,348370,,2.92,2.5,-4.3,0.9
2026-06-09,348370,,3.04,-0.7,-5.5,6.3
2026-06-10,348370,,3.16,0.1,-6.1,6.0
2026-06-11,348370,,3.23,-16.4,54.1,-37.4
2026-06-12,348370,,3.19,-20.6,10.1,10.3
2026-06-15,348370,,2.92,-4.2,20.9,-16.1
2026-06-16,348370,,3.01,-10.0,5.1,4.8
2026-06-17,348370,,2.91,1.2,-1.9,0.6
2026-06-18,348370,,3.04,-10.1,-13.4,22.6
2026-06-19,348370,,2.84,-1.2,-0.9,2.5
2026-06-22,348370,,2.82,-0.7,1.1,0.5
2026-06-23,348370,,2.91,1.3,0.1,-1.2
2026-06-24,348370,,2.89,-5.8,6.2,0.8
2026-06-25,348370,,2.92,1.4,-4.3,2.4
2026-06-26,348370,,2.91,9.0,0.4,-9.7
2026-06-29,348370,,3.15,-4.1,23.6,-18.9
2026-06-30,348370,27450.0,3.43,7.4,-19.9,11.9
2026-07-01,348370,,3.45,-6.3,-7.5,14.0
2026-07-02,348370,,3.21,-3.8,-9.7,13.2
2026-07-03,348370,,3.04,-4.6,1.6,2.9
2026-07-06,348370,,2.89,-0.5,-2.2,2.8
2026-07-07,348370,,2.89,0.0,2.4,-2.0
2026-07-08,348370,,2.94,1.7,-2.8,1.1
2026-07-09,348370,,3.03,-2.1,10.1,-7.9
2026-07-10,348370,,3.0,3.8,7.6,-11.7
2026-07-13,348370,21450.0,3.09,0.6,-2.1,1.3
2025-07-14,348950,,9.54,-0.1,-2.4,1.9
2025-07-15,348950,,9.54,1.0,-2.4,0.8
2025-07-16,348950,,9.56,4.0,-2.0,-2.5
2025-07-17,348950,,9.63,5.5,-4.9,-0.9
2025-07-18,348950,,9.74,-2.0,-0.2,2.3
2025-07-21,348950,,9.7,-0.7,-2.2,2.3
2025-07-22,348950,,9.69,-0.1,-1.8,1.6
2025-07-23,348950,,9.69,-0.5,-2.6,2.9
2025-07-24,348950,,9.68,0.1,-1.0,0.7
2025-07-25,348950,,9.68,-1.5,-0.1,1.1
2025-07-28,348950,,9.65,-0.7,-1.6,2.2
2025-07-29,348950,,9.64,3.5,-3.9,0.2
2025-07-30,348950,,9.71,-2.6,-3.6,6.0
2025-07-31,348950,,9.66,2.4,-5.2,2.5
2025-08-01,348950,,9.71,1.3,-3.8,1.9
2025-08-04,348950,,9.73,-0.1,-0.6,-0.1
2025-08-05,348950,,9.73,0.2,-0.8,0.4
2025-08-06,348950,,9.74,-0.2,-2.5,2.4
2025-08-07,348950,,9.73,5.2,-3.1,-2.3
2025-08-08,348950,,9.83,7.5,-1.4,-6.0
2025-08-11,348950,,9.98,-2.0,-0.8,2.3
2025-08-12,348950,,9.94,0.1,-0.7,0.5
2025-08-13,348950,,9.94,-0.6,0.3,0.3
2025-08-14,348950,,9.93,13.6,-20.3,6.8
2025-08-18,348950,,10.2,-1.0,-1.3,2.0
2025-08-19,348950,,10.18,0.8,1.5,-2.2
2025-08-20,348950,,10.19,0.9,-0.1,-0.6
2025-08-21,348950,,10.21,0.5,0.3,-0.8
2025-08-22,348950,,10.22,1.6,2.8,-4.3
2025-08-25,348950,,10.25,2.3,1.2,-4.0
2025-08-26,348950,,10.3,9.4,0.5,-8.9
2025-08-27,348950,,10.47,-6.5,2.6,3.9
2025-08-28,348950,,10.35,7.1,0.5,-7.0
2025-08-29,348950,2710.0,10.48,-2.9,1.5,1.4
2025-09-01,348950,,10.43,6.0,-0.5,-5.4
2025-09-02,348950,,10.54,0.9,1.3,-2.1
2025-09-03,348950,,10.56,-1.8,1.7,0.7
2025-09-04,348950,,10.52,9.4,0.5,-9.1
2025-09-05,348950,,10.69,-3.1,3.0,0.0
2025-09-08,348950,,10.63,10.8,-1.3,-8.7
2025-09-09,348950,,10.82,-0.0,2.1,-1.4
2025-09-10,348950,,10.99,-2.6,3.6,-0.3
2025-09-11,348950,,10.93,0.5,2.2,-2.5
2025-09-12,348950,,10.94,0.6,1.2,-1.5
2025-09-15,348950,,10.95,-1.4,4.9,-3.5
2025-09-16,348950,,10.95,-1.8,3.2,-1.3
2025-09-17,348950,,10.92,-0.3,0.5,0.1
2025-09-18,348950,,10.92,-0.6,5.7,-5.4
2025-09-19,348950,,10.91,15.5,-0.0,-13.6
2025-09-22,348950,,11.2,-12.2,4.3,7.5
2025-09-23,348950,,10.99,-6.9,1.4,4.7
2025-09-24,348950,,10.87,0.0,2.4,-2.9
2025-09-25,348950,,10.87,2.1,0.1,-2.6
2025-09-26,348950,,10.91,-0.5,0.2,2.0
2025-09-29,348950,,10.9,-1.9,2.6,-0.6
2025-09-30,348950,2995.0,10.87,2.4,1.1,-2.8
2025-10-01,348950,,10.91,-0.8,2.0,-1.5
2025-10-02,348950,,10.9,5.7,1.2,-7.6
2025-10-10,348950,,10.99,2.3,3.0,-4.5
2025-10-13,348950,,11.03,-3.7,4.0,-0.8
2025-10-14,348950,,10.97,-2.3,2.6,-0.3
2025-10-15,348950,,10.93,4.7,4.6,-8.6
2025-10-16,348950,,11.01,-2.0,4.7,-3.6
2025-10-17,348950,,10.97,-1.7,2.2,-0.8
2025-10-20,348950,,10.95,4.5,3.1,-7.4
2025-10-21,348950,,11.02,-4.7,5.3,0.3
2025-10-22,348950,,10.94,2.3,0.6,-0.0
2025-10-23,348950,,10.98,-0.5,0.8,2.1
2025-10-24,348950,,10.97,-3.3,2.9,0.1
2025-10-27,348950,,10.92,-2.5,3.2,0.1
2025-10-28,348950,,10.87,3.5,1.5,-5.0
2025-10-29,348950,,10.93,0.9,0.4,-0.2
2025-10-30,348950,,10.92,-1.5,1.0,-0.6
2025-10-31,348950,2880.0,10.89,-2.6,0.8,1.0
2025-11-03,348950,,10.85,2.8,1.3,-4.4
2025-11-04,348950,,10.9,2.4,0.7,-3.2
2025-11-05,348950,,10.94,3.7,1.4,-5.0
2025-11-06,348950,,11.0,1.4,3.2,-4.9
2025-11-07,348950,,11.03,-1.2,4.1,-2.9
2025-11-10,348950,,11.01,0.9,0.4,-1.6
2025-11-11,348950,,11.0,1.3,2.7,-4.0
2025-11-12,348950,,11.02,2.3,1.1,-3.6
2025-11-13,348950,,11.06,-1.2,-2.6,3.7
2025-11-14,348950,,11.04,-1.5,-0.3,1.6
2025-11-17,348950,,11.01,-0.4,0.9,-0.2
2025-11-18,348950,,11.0,0.0,1.8,-1.7
2025-11-19,348950,,11.0,3.9,0.5,-4.4
2025-11-20,348950,,11.07,1.6,-0.5,-0.9
2025-11-21,348950,,11.1,-0.3,0.8,-0.3
2025-11-24,348950,,11.09,0.1,0.8,-0.5
2025-11-25,348950,,11.09,-2.7,6.2,-3.1
2025-11-26,348950,,11.05,4.8,0.3,-4.7
2025-11-27,348950,,11.13,7.3,-3.7,-3.6
2025-11-28,348950,2955.0,11.25,-2.1,-4.5,6.5
2025-12-01,348950,,11.22,2.4,-2.5,0.1
2025-12-02,348950,,11.27,4.7,-2.3,-2.0
2025-12-03,348950,,11.35,8.6,-3.8,-4.9
2025-12-04,348950,,11.49,3.5,2.2,-5.7
2025-12-05,348950,,11.55,3.3,2.4,-5.7
2025-12-08,348950,,11.59,-1.8,1.8,0.1
2025-12-09,348950,,11.56,-2.8,2.6,0.2
2025-12-10,348950,,11.5,-1.4,-0.5,1.9
2025-12-11,348950,,11.48,0.3,-6.5,6.1
2025-12-12,348950,,11.48,-3.3,-6.6,9.7
2025-12-15,348950,,11.42,-5.5,-0.7,6.4
2025-12-16,348950,,11.33,-2.5,-3.6,6.3
2025-12-17,348950,,11.29,-4.6,-0.8,6.8
2025-12-18,348950,,11.21,-0.8,-2.4,2.8
2025-12-19,348950,,11.19,1.9,1.3,-0.1
2025-12-22,348950,,11.23,-5.5,3.2,2.1
2025-12-23,348950,,11.13,-0.5,-0.7,0.6
2025-12-24,348950,,11.12,2.3,1.5,-3.6
2025-12-26,348950,,11.57,-0.2,3.5,-3.3
2025-12-29,348950,,11.17,0.7,-1.2,1.4
2025-12-30,348950,2800.0,11.18,0.7,0.4,-1.0
2026-01-02,348950,,11.19,0.8,3.0,-3.8
2026-01-05,348950,,11.21,0.5,3.1,-3.6
2026-01-06,348950,,11.22,2.6,2.2,-4.6
2026-01-07,348950,,11.26,0.5,3.0,-3.8
2026-01-08,348950,,11.27,-0.6,2.6,-1.7
2026-01-09,348950,,11.26,-1.0,2.7,-1.6
2026-01-12,348950,,11.24,-0.8,3.7,-3.5
2026-01-13,348950,,11.23,-1.2,2.6,-2.4
2026-01-14,348950,,11.21,2.0,1.6,-3.6
2026-01-15,348950,,11.24,3.3,0.6,-4.2
2026-01-16,348950,,11.3,-0.2,2.2,-1.2
2026-01-19,348950,,11.3,0.8,1.4,-1.8
2026-01-20,348950,,11.31,3.2,0.0,-0.5
2026-01-21,348950,,11.61,1.6,1.3,-0.1
2026-01-22,348950,,11.5,-0.1,2.3,-2.2
2026-01-23,348950,,11.4,-0.3,3.5,-1.9
2026-01-26,348950,,11.39,-8.2,-3.7,10.5
2026-01-27,348950,,11.22,-0.6,-0.6,3.3
2026-01-28,348950,,11.2,-3.5,0.3,-1.5
2026-01-29,348950,,11.13,-0.0,1.0,-0.5
2026-01-30,348950,2330.0,11.18,-2.5,1.6,0.2
2026-02-02,348950,,11.12,-0.6,2.8,-0.5
2026-02-03,348950,,11.11,-4.0,1.4,0.2
2026-02-04,348950,,11.02,4.8,-1.5,-3.5
2026-02-05,348950,,11.27,-3.3,-0.1,2.0
2026-02-06,348950,,11.45,2.4,1.4,-3.6
2026-02-09,348950,,11.5,-5.0,1.8,2.3
2026-02-10,348950,,11.4,-0.3,0.1,7.4
2026-02-11,348950,,11.39,0.3,-1.6,0.5
2026-02-12,348950,,11.4,-0.4,-18.6,17.6
2026-02-13,348950,,11.4,12.5,-5.2,-5.2
2026-02-19,348950,,11.7,-0.5,-13.7,18.1
2026-02-20,348950,,11.69,1.4,-2.5,4.9
2026-02-23,348950,,11.72,14.5,-9.6,0.5
2026-02-24,348950,,12.08,-7.5,3.6,5.2
2026-02-25,348950,,11.9,-2.8,-2.6,11.1
2026-02-26,348950,,11.83,-2.2,-6.4,21.3
2026-02-27,348950,1881.0,11.77,25.5,-22.1,2.7
2026-03-03,348950,,12.45,13.3,-4.7,-10.2
2026-03-04,348950,,12.8,5.0,-1.5,-5.2
2026-03-05,348950,,12.92,-0.5,1.8,-1.4
2026-03-06,348950,,12.91,-0.5,-0.6,0.6
2026-03-09,348950,,12.89,4.1,-15.0,12.4
2026-03-10,348950,,13.02,5.4,-12.3,6.5
2026-03-11,348950,,13.19,0.4,-6.3,6.7
2026-03-12,348950,,13.2,4.9,0.3,-2.3
2026-03-13,348950,,13.35,1.3,-4.9,3.5
2026-03-16,348950,,13.39,-2.4,-6.2,7.7
2026-03-17,348950,,13.32,1.7,0.3,-0.8
2026-03-18,348950,,13.37,-0.4,-10.0,11.3
2026-03-19,348950,,13.18,3.8,-8.5,6.0
2026-03-20,348950,,13.31,7.3,-1.8,-4.1
2026-03-23,348950,,13.55,-10.5,-0.7,10.9
2026-03-24,348950,,13.37,2.4,0.9,-3.4
2026-03-25,348950,,13.51,4.9,-2.9,-1.8
2026-03-26,348950,,13.67,-5.9,2.6,4.7
2026-03-27,348950,,13.48,-2.5,0.5,3.4
2026-03-30,348950,,13.4,-1.2,0.1,1.0
2026-03-31,348950,1520.0,13.36,-1.5,1.0,1.3
2026-04-01,348950,,13.31,3.6,-1.0,-3.1
2026-04-02,348950,,13.42,-1.1,1.2,0.4
2026-04-03,348950,,13.39,-4.1,2.4,1.5
2026-04-06,348950,,13.26,-4.8,-0.2,5.0
2026-04-07,348950,,13.12,-1.7,0.9,0.8
2026-04-08,348950,,13.07,-0.0,1.0,-2.0
2026-04-09,348950,,13.07,-3.4,0.9,1.9
2026-04-10,348950,,12.97,2.2,-0.6,-1.9
2026-04-13,348950,,13.03,4.2,0.6,-5.3
2026-04-14,348950,,13.14,-4.2,1.0,3.2
2026-04-15,348950,,13.03,-19.1,-7.4,21.4
2026-04-16,348950,,12.41,-1.6,-7.9,15.4
2026-04-17,348950,,12.32,7.9,-22.4,13.9
2026-04-20,348950,,12.57,10.4,-10.4,-0.5
2026-04-21,348950,,13.02,4.5,-7.2,2.1
2026-04-22,348950,,13.1,2.6,-4.3,1.4
2026-04-23,348950,,13.2,-1.3,-0.1,1.4
2026-04-24,348950,,13.15,-1.7,0.8,1.3
2026-04-27,348950,,13.08,-1.3,-1.5,3.2
2026-04-28,348950,,13.02,,,
2026-04-29,348950,,13.02,,,
2026-04-30,348950,1182.0,13.02,,,
2026-05-04,348950,,13.02,,,
2026-05-06,348950,,13.02,,,
2026-05-07,348950,,13.02,,,
2026-05-08,348950,,13.02,,,
2026-05-11,348950,,13.02,,,
2026-05-12,348950,,13.02,,,
2026-05-13,348950,,13.02,,,
2026-05-14,348950,,13.02,,,
2026-05-15,348950,,13.02,,,
2026-05-18,348950,,13.02,,,
2026-05-19,348950,,13.02,,,
2026-05-20,348950,,13.02,,,
2026-05-21,348950,,13.02,,,
2026-05-22,348950,,13.18,,,
2026-05-26,348950,,13.18,,,
2026-05-27,348950,,13.18,,,
2026-05-28,348950,,13.18,,,
2026-05-29,348950,1182.0,13.18,,,
2026-06-01,348950,,13.18,,,
2026-06-02,348950,,13.33,,,
2026-06-04,348950,,13.33,,,
2026-06-05,348950,,13.33,,,
2026-06-08,348950,,13.33,,,
2026-06-09,348950,,13.33,,,
2026-06-10,348950,,13.31,,,
2026-06-11,348950,,13.25,,,
2026-06-12,348950,,13.25,,,
2026-06-15,348950,,13.25,,,
2026-06-16,348950,,13.25,,,
2026-06-17,348950,,13.25,,,
2026-06-18,348950,,13.25,,,
2026-06-19,348950,,13.25,,,
2026-06-22,348950,,13.25,,,
2026-06-23,348950,,13.25,,,
2026-06-24,348950,,13.25,,,
2026-06-25,348950,,13.25,,,
2026-06-26,348950,,13.25,,,
2026-06-29,348950,,13.25,,,
2026-06-30,348950,1182.0,13.03,,,
2026-07-01,348950,,13.03,,,
2026-07-02,348950,,13.03,,,
2026-07-03,348950,,13.03,,,
2026-07-06,348950,,13.04,,,
2026-07-07,348950,,13.04,,,
2026-07-08,348950,,13.04,,,
2026-07-09,348950,,13.04,,,
2026-07-10,348950,,13.04,,,
2026-07-13,348950,1182.0,13.04,,,
