날짜,코드,종가,외인지분율,외인_억,기관_억,개인_억
2025-07-14,270520,1526.0,2.99,2.7,0.1,-3.5
2025-07-15,270520,1449.0,3.09,-6.4,0.1,5.4
2025-07-16,270520,1423.0,2.86,-3.1,0.2,2.8
2025-07-17,270520,1407.0,2.76,-2.7,0.2,2.1
2025-07-18,270520,1410.0,2.66,-2.8,-0.2,3.3
2025-07-21,270520,1415.0,2.57,0.1,-0.1,0.1
2025-07-22,270520,1402.0,2.57,-3.0,-1.2,4.1
2025-07-23,270520,1343.0,2.47,-4.7,-0.4,5.1
2025-07-24,270520,1371.0,2.3,-1.3,1.0,0.9
2025-07-25,270520,1420.0,2.24,1.2,0.2,-0.6
2025-07-28,270520,1397.0,2.28,-1.6,0.3,2.2
2025-07-29,270520,1439.0,2.22,1.4,0.6,-1.6
2025-07-30,270520,1395.0,2.27,-6.1,1.3,4.0
2025-07-31,270520,1379.0,2.04,0.1,-2.6,2.4
2025-08-01,270520,1319.0,2.06,-1.4,-1.4,2.8
2025-08-04,270520,1301.0,2.01,-0.4,-0.3,0.8
2025-08-05,270520,1316.0,1.99,0.7,-1.2,0.4
2025-08-06,270520,1292.0,2.02,-0.9,-0.0,1.0
2025-08-07,270520,1292.0,1.98,-0.5,-0.0,0.9
2025-08-08,270520,1286.0,1.97,0.4,-0.0,-0.2
2025-08-11,270520,1304.0,1.98,0.7,-0.1,-0.7
2025-08-12,270520,1257.0,2.02,-1.8,-0.1,2.8
2025-08-13,270520,1160.0,1.94,-1.3,-0.0,1.3
2025-08-14,270520,1225.0,1.9,-0.1,0.2,-0.1
2025-08-18,270520,1284.0,1.89,2.3,-0.6,-2.0
2025-08-19,270520,1205.0,1.99,-3.7,-0.1,4.0
2025-08-20,270520,1213.0,1.83,-0.2,0.0,0.2
2025-08-21,270520,1191.0,1.82,-1.4,-0.1,1.5
2025-08-22,270520,1166.0,1.76,0.1,-0.0,-0.2
2025-08-25,270520,1153.0,1.83,-1.0,-0.1,1.3
2025-08-26,270520,1125.0,1.79,-0.3,-0.1,0.7
2025-08-27,270520,1114.0,1.78,0.1,0.0,-0.1
2025-08-28,270520,1105.0,1.79,0.0,0.0,-0.1
2025-08-29,270520,1100.0,1.79,0.4,0.0,-0.4
2025-09-01,270520,1051.0,1.83,-0.1,0.0,0.2
2025-09-02,270520,1074.0,1.83,0.1,0.0,-0.1
2025-09-03,270520,1111.0,1.84,-0.4,-0.1,0.0
2025-09-04,270520,1153.0,1.82,1.4,-0.7,-0.8
2025-09-05,270520,1133.0,1.88,-2.0,0.0,1.9
2025-09-08,270520,1100.0,1.79,-1.5,-0.0,2.3
2025-09-09,270520,1101.0,1.72,0.3,0.0,-0.3
2025-09-10,270520,1108.0,1.73,0.5,-0.1,0.2
2025-09-11,270520,1050.0,1.76,1.1,-3.6,2.7
2025-09-12,270520,1070.0,1.88,0.5,0.0,-0.6
2025-09-15,270520,1025.0,2.01,-5.6,0.0,5.9
2025-09-16,270520,1022.0,1.72,0.1,-0.0,0.4
2025-09-17,270520,1008.0,1.72,-0.9,-0.0,1.1
2025-09-18,270520,1005.0,1.68,0.2,-0.0,-0.2
2025-09-19,270520,982.0,1.69,-1.9,-0.0,1.9
2025-09-22,270520,945.0,1.59,0.4,-0.0,-0.5
2025-09-23,270520,951.0,1.62,1.5,0.0,-1.5
2025-09-24,270520,965.0,1.71,0.3,-0.0,-0.3
2025-09-25,270520,948.0,1.7,-0.9,0.0,0.8
2025-09-26,270520,927.0,1.65,0.3,0.0,-0.4
2025-09-29,270520,920.0,1.7,0.4,0.0,-0.4
2025-09-30,270520,915.0,1.71,0.2,-0.0,-0.2
2025-10-01,270520,925.0,1.72,-0.1,0.0,0.0
2025-10-02,270520,933.0,1.73,1.3,0.0,-0.8
2025-10-10,270520,883.0,1.79,-1.3,0.0,1.3
2025-10-13,270520,880.0,1.72,0.7,0.0,-0.9
2025-10-14,270520,864.0,1.79,1.4,0.0,-1.6
2025-10-15,270520,881.0,1.88,0.8,-0.1,-0.5
2025-10-16,270520,855.0,1.92,-0.8,-0.1,1.1
2025-10-17,270520,824.0,1.83,1.9,0.0,-1.7
2025-10-20,270520,832.0,1.95,0.6,0.0,-0.5
2025-10-21,270520,797.0,1.99,-0.1,0.0,0.7
2025-10-22,270520,799.0,1.99,1.8,0.0,-1.9
2025-10-23,270520,777.0,2.11,-0.0,-0.0,0.3
2025-10-24,270520,764.0,2.11,3.2,-0.0,-2.6
2025-10-27,270520,739.0,2.32,1.2,0.0,-0.6
2025-10-28,270520,706.0,2.4,1.2,0.0,-1.6
2025-10-29,270520,719.0,2.49,3.0,0.1,-2.7
2025-10-30,270520,657.0,2.7,7.1,-0.0,-5.8
2025-10-31,270520,650.0,3.27,-0.0,0.0,0.0
2025-11-03,270520,624.0,3.25,2.5,0.0,-2.6
2025-11-04,270520,625.0,3.45,1.1,0.0,-1.2
2025-11-05,270520,616.0,3.55,-0.4,0.0,0.8
2025-11-06,270520,575.0,3.52,1.2,0.0,-0.1
2025-11-07,270520,570.0,3.62,0.5,0.0,-0.4
2025-11-10,270520,583.0,3.66,1.5,0.0,-1.2
2025-11-11,270520,537.0,3.77,-1.2,0.0,2.1
2025-11-12,270520,531.0,3.66,0.3,-0.0,0.0
2025-11-13,270520,537.0,3.69,0.3,0.0,-0.3
2025-11-14,270520,516.0,3.72,-0.6,0.0,0.9
2025-11-17,270520,493.0,3.66,5.1,0.0,-3.5
2025-11-18,270520,487.0,4.2,2.3,-0.0,-0.0
2025-11-19,270520,484.0,4.44,1.1,-0.0,-1.0
2025-11-20,270520,468.0,4.56,-1.2,0.0,2.8
2025-11-21,270520,478.0,4.43,0.8,0.0,-0.4
2025-11-24,270520,447.0,4.47,-1.3,-0.0,1.7
2025-11-25,270520,450.0,4.22,1.5,-0.0,-1.3
2025-11-26,270520,465.0,4.39,-0.2,-0.0,0.1
2025-11-27,270520,452.0,4.37,-1.5,-0.0,1.6
2025-11-28,270520,464.0,4.2,1.1,0.0,-0.7
2025-12-01,270520,419.0,4.33,-4.8,-0.0,6.1
2025-12-02,270520,415.0,3.77,0.6,-0.0,-0.9
2025-12-03,270520,417.0,3.84,0.1,-0.0,-0.2
2025-12-04,270520,397.0,3.86,-0.7,0.0,0.9
2025-12-05,270520,388.0,3.77,2.3,-0.0,-2.4
2025-12-08,270520,378.0,4.07,-1.8,0.0,1.7
2025-12-09,270520,399.0,3.84,0.0,-0.0,0.0
2025-12-10,270520,397.0,3.84,-1.1,0.0,1.0
2025-12-11,270520,411.0,3.7,0.6,-0.0,0.2
2025-12-12,270520,378.0,3.77,-3.6,-1.2,5.0
2025-12-15,270520,353.0,3.31,-0.3,-0.1,0.5
2025-12-16,270520,368.0,3.27,-0.0,-0.0,0.1
2025-12-17,270520,355.0,3.37,-0.2,-0.0,0.3
2025-12-18,270520,350.0,3.34,0.4,0.0,-0.4
2025-12-19,270520,369.0,3.27,1.2,,-1.2
2025-12-22,270520,355.0,3.44,-1.0,-0.0,1.3
2025-12-23,270520,340.0,3.3,-0.0,,0.1
2025-12-24,270520,343.0,3.29,0.4,-0.0,-0.4
2025-12-26,270520,338.0,3.35,1.2,,-1.2
2025-12-29,270520,354.0,3.54,1.7,-0.0,-1.6
2025-12-30,270520,347.0,3.78,-0.2,0.0,0.2
2026-01-02,270520,362.0,3.75,0.5,-0.0,-0.1
2026-01-05,270520,377.0,3.82,-0.3,-0.0,0.4
2026-01-06,270520,355.0,3.78,-1.9,0.0,1.9
2026-01-07,270520,346.0,3.59,-0.2,-0.0,0.2
2026-01-08,270520,335.0,3.57,-0.9,,0.9
2026-01-09,270520,337.0,3.43,-0.2,0.0,0.2
2026-01-12,270520,380.0,3.41,1.4,0.0,-1.5
2026-01-13,270520,360.0,3.62,-1.1,0.0,1.1
2026-01-14,270520,355.0,3.47,-0.0,-0.0,0.1
2026-01-15,270520,339.0,3.46,-1.4,-0.0,1.4
2026-01-16,270520,363.0,3.24,0.6,0.0,-0.5
2026-01-19,270520,387.0,3.34,1.6,-0.0,-1.5
2026-01-20,270520,455.0,3.55,-1.5,0.1,3.0
2026-01-21,270520,399.0,3.39,-1.2,-0.1,1.2
2026-01-22,270520,373.0,3.23,-0.3,-0.0,2.0
2026-01-23,270520,368.0,3.18,0.6,,2.2
2026-01-26,270520,385.0,3.27,0.0,0.0,-0.0
2026-01-27,270520,382.0,3.27,-0.9,0.0,0.9
2026-01-28,270520,390.0,3.16,0.1,0.0,-0.2
2026-01-29,270520,392.0,3.18,1.3,-0.0,-1.3
2026-01-30,270520,380.0,3.35,-0.9,0.0,0.7
2026-02-02,270520,355.0,3.23,-1.5,-0.0,1.5
2026-02-03,270520,368.0,3.01,1.0,-0.0,-1.0
2026-02-04,270520,342.0,3.15,-0.7,,0.9
2026-02-05,270520,370.0,3.04,2.0,0.0,-2.5
2026-02-06,270520,359.0,3.36,0.9,-0.0,-0.9
2026-02-09,270520,338.0,3.5,-3.5,0.0,3.3
2026-02-10,270520,338.0,2.98,-0.1,0.0,0.4
2026-02-11,270520,267.0,2.96,-0.7,,0.9
2026-02-12,270520,260.0,2.94,-1.3,-0.0,1.0
2026-02-13,270520,238.0,2.75,2.5,,-2.5
2026-02-19,270520,212.0,3.28,1.9,0.0,-1.5
2026-02-20,270520,219.0,3.73,-1.2,-0.0,2.0
2026-02-23,270520,227.0,3.51,0.2,,0.0
2026-02-24,270520,254.0,3.46,0.1,0.0,0.3
2026-02-25,270520,220.0,3.51,-2.1,0.0,1.9
2026-02-26,270520,225.0,3.06,-1.2,0.0,1.1
2026-02-27,270520,219.0,2.79,-0.6,0.0,0.6
2026-03-03,270520,201.0,2.64,0.8,,-0.7
2026-03-04,270520,183.0,2.84,2.5,-0.0,-2.3
2026-03-05,270520,212.0,3.55,0.9,-0.0,-0.8
2026-03-06,270520,207.0,3.77,-0.1,0.0,0.1
2026-03-09,270520,205.0,3.74,0.6,-0.0,-0.6
2026-03-10,270520,206.0,3.89,-0.2,,0.1
2026-03-11,270520,205.0,3.73,0.3,0.0,-0.2
2026-03-12,270520,202.0,3.81,0.5,0.0,-0.5
2026-03-13,270520,203.0,3.93,0.4,,-0.4
2026-03-16,270520,202.0,4.04,0.0,0.0,-0.0
2026-03-17,270520,206.0,4.04,-0.5,-0.0,0.5
2026-03-18,270520,200.0,3.94,-0.9,,0.9
2026-03-19,270520,196.0,3.7,0.0,,-0.0
2026-03-20,270520,222.0,3.76,3.1,-0.0,-3.1
2026-03-23,270520,206.0,4.5,-1.3,,1.3
2026-03-24,270520,200.0,4.21,-0.0,,0.1
2026-03-25,270520,195.0,4.22,-0.4,,0.4
2026-03-26,270520,202.0,4.14,0.8,,-0.7
2026-03-27,270520,195.0,4.34,-0.2,,0.2
2026-03-30,270520,189.0,4.3,-0.3,,0.3
2026-03-31,270520,178.0,4.23,1.0,,-1.0
2026-04-01,270520,173.0,4.5,-0.4,,0.3
2026-04-02,270520,174.0,4.39,0.4,0.0,-0.4
2026-04-03,270520,166.0,4.5,-1.4,,1.5
2026-04-06,270520,156.0,4.06,0.1,,-0.1
2026-04-07,270520,153.0,4.08,0.3,,-0.3
2026-04-08,270520,145.0,4.19,0.3,-0.0,-0.3
2026-04-09,270520,188.0,4.3,0.5,,-0.7
2026-04-10,270520,244.0,4.47,-3.6,1.0,3.2
2026-04-13,270520,228.0,3.71,-3.7,0.9,2.8
2026-04-14,270520,228.0,2.95,,,
2026-04-15,270520,228.0,2.92,,,
2026-04-16,270520,228.0,2.91,,,
2026-04-17,270520,228.0,2.91,,,
2026-04-20,270520,228.0,2.91,,,
2026-04-21,270520,228.0,2.91,,,
2026-04-22,270520,228.0,2.91,,,
2026-04-23,270520,228.0,2.91,,,
2026-04-24,270520,228.0,2.91,,,
2026-04-27,270520,228.0,2.91,,,
2026-04-28,270520,228.0,2.91,,,
2026-04-29,270520,228.0,2.91,,,
2026-04-30,270520,228.0,2.91,,,
2026-05-04,270520,228.0,2.91,,,
2026-05-06,270520,228.0,2.91,,,
2026-05-07,270520,228.0,2.91,,,
2026-05-08,270520,1880.0,0.36,-0.9,-0.8,1.7
2026-05-11,270520,1463.0,0.0,-0.0,0.1,-0.1
2026-05-12,270520,1445.0,0.0,-0.1,-0.0,0.2
2026-05-13,270520,1878.0,0.0,0.0,-0.1,0.2
2026-05-14,270520,1645.0,0.0,-1.3,-0.0,1.0
2026-05-15,270520,1487.0,0.0,-0.1,-0.0,0.0
2026-05-18,270520,1381.0,0.0,0.2,0.0,-0.2
2026-05-19,270520,1355.0,0.0,-0.5,-0.0,0.5
2026-05-20,270520,1322.0,0.0,-0.1,-0.0,0.1
2026-05-21,270520,1339.0,0.0,0.0,-0.0,-0.1
2026-05-22,270520,1416.0,0.0,0.1,0.0,-0.2
2026-05-26,270520,1609.0,0.0,0.3,-0.0,-0.2
2026-05-27,270520,1461.0,0.0,-0.1,0.0,0.1
2026-05-28,270520,1405.0,0.0,-0.1,-0.0,0.1
2026-05-29,270520,1396.0,0.0,0.1,-0.0,0.0
2026-06-01,270520,1252.0,0.0,-0.0,0.0,-0.0
2026-06-02,270520,1096.0,0.0,0.2,-0.0,-0.3
2026-06-04,270520,1096.0,0.0,0.1,0.0,-0.1
2026-06-05,270520,1089.0,0.0,-0.2,-0.0,0.2
2026-06-08,270520,940.0,0.0,-0.1,-0.0,0.1
2026-06-09,270520,981.0,0.0,0.0,0.0,-0.0
2026-06-10,270520,955.0,0.0,-0.2,-0.0,0.2
2026-06-11,270520,968.0,0.0,0.2,0.0,-0.2
2026-06-12,270520,978.0,0.0,0.1,-0.0,-0.1
2026-06-15,270520,975.0,0.0,-0.1,-0.0,0.1
2026-06-16,270520,1014.0,0.0,0.3,-0.0,-0.3
2026-06-17,270520,983.0,0.0,0.0,-0.0,-0.0
2026-06-18,270520,936.0,0.0,-0.2,-0.0,0.2
2026-06-19,270520,841.0,0.0,-0.1,0.0,0.2
2026-06-22,270520,798.0,0.0,0.3,0.0,-0.3
2026-06-23,270520,771.0,0.0,0.1,-0.0,-0.1
2026-06-24,270520,760.0,0.0,0.1,0.0,-0.1
2026-06-25,270520,988.0,0.0,0.0,-0.0,-0.0
2026-06-26,270520,1284.0,0.0,-0.1,0.0,0.1
2026-06-29,270520,1669.0,0.0,0.7,-0.0,-5.5
2026-06-30,270520,2165.0,0.0,-3.4,-0.0,4.1
2026-07-01,270520,2510.0,0.0,-0.7,0.0,1.0
2026-07-02,270520,2610.0,0.0,0.1,-0.3,0.5
2026-07-03,270520,2520.0,0.0,0.4,-0.2,-0.3
2026-07-06,270520,2700.0,0.0,-0.2,-0.4,0.4
2026-07-07,270520,2600.0,0.0,-0.4,-0.2,0.7
2026-07-08,270520,2425.0,0.0,-0.1,-0.0,-0.4
2026-07-09,270520,2400.0,0.0,0.0,,-0.3
2026-07-10,270520,2400.0,0.0,0.1,-0.0,-0.1
2026-07-13,270520,2485.0,0.0,-0.3,,0.3
2025-07-14,270660,16190.0,0.0,-0.5,-0.1,0.5
2025-07-15,270660,16600.0,0.0,1.0,1.1,-2.2
2025-07-16,270660,16440.0,0.0,-0.5,0.1,0.3
2025-07-17,270660,17140.0,0.0,-2.6,-0.5,3.2
2025-07-18,270660,16800.0,0.0,1.0,-0.0,-1.2
2025-07-21,270660,17560.0,0.0,0.1,-0.0,0.1
2025-07-22,270660,17200.0,0.0,-0.9,0.2,0.7
2025-07-23,270660,17090.0,0.0,-1.3,0.3,1.0
2025-07-24,270660,16940.0,0.0,-1.0,0.3,0.8
2025-07-25,270660,16790.0,0.0,-0.2,0.0,0.2
2025-07-28,270660,16650.0,0.0,1.1,0.1,-1.1
2025-07-29,270660,16800.0,0.0,-0.1,0.2,0.0
2025-07-30,270660,16820.0,0.0,-0.2,0.2,-0.0
2025-07-31,270660,16690.0,0.0,-0.3,0.2,0.2
2025-08-01,270660,16090.0,0.0,-0.6,0.1,0.4
2025-08-04,270660,16130.0,0.0,1.0,0.1,-1.0
2025-08-05,270660,16320.0,0.0,-0.2,0.2,0.1
2025-08-06,270660,16300.0,0.0,0.2,0.1,-0.4
2025-08-07,270660,16410.0,0.0,-0.4,0.4,-0.1
2025-08-08,270660,16380.0,0.0,-0.5,0.2,0.3
2025-08-11,270660,16500.0,0.0,-0.1,0.1,-0.0
2025-08-12,270660,16570.0,0.0,0.1,0.3,-0.5
2025-08-13,270660,16560.0,0.0,-0.2,0.6,-0.4
2025-08-14,270660,16620.0,0.0,0.1,0.4,-0.6
2025-08-18,270660,16570.0,0.0,-0.3,0.2,-0.0
2025-08-19,270660,16120.0,0.0,0.3,0.8,-1.1
2025-08-20,270660,15630.0,0.0,0.0,0.2,-0.2
2025-08-21,270660,15310.0,0.0,0.0,-0.3,0.2
2025-08-22,270660,15450.0,0.0,0.2,-0.0,-0.2
2025-08-25,270660,16400.0,0.0,3.0,1.9,-4.9
2025-08-26,270660,16530.0,0.0,4.3,-0.5,-3.8
2025-08-27,270660,16280.0,0.0,0.3,-1.5,1.2
2025-08-28,270660,16250.0,0.0,-1.5,0.4,1.1
2025-08-29,270660,16160.0,0.0,-0.5,0.0,0.4
2025-09-01,270660,15870.0,0.0,-1.0,0.2,0.8
2025-09-02,270660,16670.0,0.0,-1.6,0.2,1.4
2025-09-03,270660,16350.0,0.0,0.8,-0.1,-0.7
2025-09-04,270660,16120.0,0.0,0.5,0.1,-0.6
2025-09-05,270660,16400.0,0.0,2.0,-1.1,-0.9
2025-09-08,270660,16450.0,0.0,0.9,-1.4,0.4
2025-09-09,270660,16390.0,0.0,0.9,-0.0,-0.9
2025-09-10,270660,16510.0,0.0,0.0,0.2,-0.2
2025-09-11,270660,16660.0,0.0,0.3,3.5,-3.8
2025-09-12,270660,16720.0,0.0,8.2,-7.0,-0.8
2025-09-15,270660,17760.0,0.02,-9.7,0.9,9.3
2025-09-16,270660,17440.0,0.0,-5.7,0.6,5.2
2025-09-17,270660,16930.0,0.0,0.5,-0.6,0.0
2025-09-18,270660,18670.0,0.0,8.9,5.6,-16.1
2025-09-19,270660,19290.0,0.0,10.2,-7.4,-5.3
2025-09-22,270660,19270.0,0.3,-10.1,-0.7,10.9
2025-09-23,270660,18300.0,0.0,-4.5,-2.0,6.6
2025-09-24,270660,17590.0,0.0,-1.1,-1.9,2.9
2025-09-25,270660,18230.0,0.0,-1.1,-2.5,3.0
2025-09-26,270660,20400.0,0.0,4.4,-3.2,1.3
2025-09-29,270660,19510.0,0.0,-7.5,-1.4,9.9
2025-09-30,270660,19190.0,0.0,-4.1,-0.1,4.4
2025-10-01,270660,18400.0,0.0,-0.6,0.0,0.3
2025-10-02,270660,18360.0,0.0,-0.4,0.3,0.1
2025-10-10,270660,19450.0,0.0,3.3,-0.4,-2.7
2025-10-13,270660,20650.0,0.0,3.7,-1.0,-2.4
2025-10-14,270660,19980.0,0.0,3.0,-0.4,-4.4
2025-10-15,270660,21850.0,0.0,12.6,0.0,-12.3
2025-10-16,270660,21350.0,0.34,-10.2,0.0,9.5
2025-10-17,270660,20150.0,0.0,-1.9,0.1,1.8
2025-10-20,270660,23850.0,0.0,21.1,-0.5,-23.1
2025-10-21,270660,22200.0,0.52,-3.5,-0.8,4.1
2025-10-22,270660,22350.0,0.33,-19.5,-1.2,19.5
2025-10-23,270660,21550.0,0.0,-2.9,0.9,2.1
2025-10-24,270660,21700.0,0.0,-2.8,-0.2,2.9
2025-10-27,270660,21100.0,0.0,2.0,2.0,-3.9
2025-10-28,270660,20750.0,0.0,-5.1,-0.0,5.2
2025-10-29,270660,21300.0,0.0,-0.1,0.4,-0.3
2025-10-30,270660,20000.0,0.0,-1.1,0.2,1.0
2025-10-31,270660,20900.0,0.0,3.6,0.5,-5.1
2025-11-03,270660,22100.0,0.0,10.4,1.8,-13.6
2025-11-04,270660,21550.0,0.0,-4.1,0.9,3.2
2025-11-05,270660,20050.0,0.0,-1.5,-1.0,2.5
2025-11-06,270660,19300.0,0.0,-0.9,0.8,0.3
2025-11-07,270660,18900.0,0.0,3.0,0.1,-3.1
2025-11-10,270660,19160.0,0.0,-1.6,0.2,1.3
2025-11-11,270660,19330.0,0.0,-1.4,0.4,0.9
2025-11-12,270660,19440.0,0.0,-1.5,0.4,1.2
2025-11-13,270660,19200.0,0.0,0.0,-2.5,6.4
2025-11-14,270660,18370.0,0.0,-1.8,-2.8,4.5
2025-11-17,270660,18430.0,0.0,0.7,0.5,-1.2
2025-11-18,270660,17920.0,0.0,-0.3,0.9,-0.6
2025-11-19,270660,18450.0,0.0,-0.3,0.3,0.1
2025-11-20,270660,18690.0,0.0,0.9,-1.0,-0.0
2025-11-21,270660,18140.0,0.0,1.3,-0.1,-1.3
2025-11-24,270660,18050.0,0.0,-0.3,-0.1,0.4
2025-11-25,270660,17690.0,0.0,-0.2,0.1,0.2
2025-11-26,270660,17870.0,0.0,1.5,0.2,-1.8
2025-11-27,270660,18380.0,0.0,2.2,0.3,-2.8
2025-11-28,270660,19320.0,0.0,11.2,-0.8,-10.6
2025-12-01,270660,19320.0,0.26,1.4,0.6,-2.2
2025-12-02,270660,19550.0,0.16,-2.2,0.3,1.8
2025-12-03,270660,19880.0,0.02,4.7,-0.1,-4.7
2025-12-04,270660,20300.0,0.26,-3.3,0.2,2.1
2025-12-05,270660,19610.0,0.0,2.0,-0.5,-1.4
2025-12-08,270660,20050.0,0.05,1.8,-0.1,-1.6
2025-12-09,270660,19890.0,0.27,1.5,-0.1,-1.4
2025-12-10,270660,19770.0,0.36,0.5,-0.1,-0.3
2025-12-11,270660,19800.0,0.32,2.6,0.3,-2.6
2025-12-12,270660,21500.0,0.37,13.5,27.3,-40.6
2025-12-15,270660,21200.0,1.1,-9.7,0.5,9.3
2025-12-16,270660,20000.0,0.45,-0.1,-0.6,1.2
2025-12-17,270660,19480.0,0.41,-0.3,-0.4,1.1
2025-12-18,270660,18600.0,0.0,0.9,-1.0,0.4
2025-12-19,270660,18910.0,0.08,-1.1,0.2,0.9
2025-12-22,270660,20750.0,0.0,21.6,-0.2,-21.1
2025-12-23,270660,20750.0,1.19,3.2,-0.2,-2.3
2025-12-24,270660,19960.0,1.31,-7.7,0.2,7.4
2025-12-26,270660,21200.0,0.8,-0.5,-0.0,1.0
2025-12-29,270660,22050.0,0.84,9.1,1.9,-11.0
2025-12-30,270660,23150.0,1.07,-39.6,-5.5,46.9
2026-01-02,270660,23300.0,0.0,5.7,0.2,-6.6
2026-01-05,270660,21750.0,0.0,-0.6,0.6,-0.6
2026-01-06,270660,20950.0,0.0,-0.3,0.8,-0.8
2026-01-07,270660,21450.0,0.0,-6.1,0.0,6.0
2026-01-08,270660,21500.0,0.0,-2.2,0.6,1.8
2026-01-09,270660,20950.0,0.0,1.8,0.3,-2.0
2026-01-12,270660,20800.0,0.0,-0.5,0.4,0.2
2026-01-13,270660,21400.0,0.0,-0.2,-1.1,1.4
2026-01-14,270660,21700.0,0.0,2.8,-42.6,39.0
2026-01-15,270660,23450.0,0.0,25.0,-4.0,-19.6
2026-01-16,270660,23000.0,0.3,28.7,2.4,-31.0
2026-01-19,270660,24900.0,1.23,0.7,0.1,0.1
2026-01-20,270660,23600.0,0.98,-18.3,4.0,15.5
2026-01-21,270660,25900.0,0.01,44.3,6.4,-52.8
2026-01-22,270660,26650.0,2.18,-50.7,2.2,47.5
2026-01-23,270660,26700.0,0.0,9.0,6.3,-15.9
2026-01-26,270660,28100.0,0.01,57.5,0.5,-57.8
2026-01-27,270660,26950.0,2.28,-39.6,6.8,32.6
2026-01-28,270660,26300.0,0.38,-16.5,-2.4,18.4
2026-01-29,270660,25800.0,0.0,1.8,0.4,-2.1
2026-01-30,270660,26400.0,0.0,-2.3,25.4,-23.2
2026-02-02,270660,24550.0,0.0,-3.9,5.8,-1.7
2026-02-03,270660,26200.0,0.0,27.3,-13.5,-13.9
2026-02-04,270660,27650.0,0.93,-8.9,-4.9,13.7
2026-02-05,270660,26850.0,0.43,-15.8,1.4,14.5
2026-02-06,270660,25350.0,0.0,-3.7,0.3,3.1
2026-02-09,270660,25900.0,0.0,-1.2,0.3,0.9
2026-02-10,270660,25600.0,0.0,-6.5,-0.0,6.5
2026-02-11,270660,24850.0,0.0,1.1,1.0,-2.0
2026-02-12,270660,23950.0,0.0,2.2,-2.8,0.6
2026-02-13,270660,23100.0,0.0,2.9,1.0,-3.4
2026-02-19,270660,23850.0,0.0,1.8,0.3,-2.1
2026-02-20,270660,23650.0,0.0,-2.4,0.1,2.3
2026-02-23,270660,23300.0,0.0,-1.5,-0.4,2.0
2026-02-24,270660,23850.0,0.0,3.8,-0.2,-3.6
2026-02-25,270660,24200.0,0.0,1.9,-0.4,-1.6
2026-02-26,270660,23850.0,0.0,-5.2,-0.9,6.6
2026-02-27,270660,22800.0,0.0,-1.1,-0.3,1.4
2026-03-03,270660,20800.0,0.0,4.1,-0.5,-3.6
2026-03-04,270660,16800.0,0.0,17.2,-0.2,-16.6
2026-03-05,270660,18620.0,0.62,8.1,0.1,-8.3
2026-03-06,270660,18820.0,1.08,-0.6,-0.2,0.9
2026-03-09,270660,17270.0,0.92,-1.2,-0.9,2.1
2026-03-10,270660,18390.0,0.82,2.9,-0.3,-2.6
2026-03-11,270660,18860.0,0.97,-6.6,0.1,6.3
2026-03-12,270660,18470.0,0.65,-3.3,0.4,2.9
2026-03-13,270660,18720.0,0.46,-6.8,9.6,-2.9
2026-03-16,270660,18110.0,0.11,-2.3,-0.2,2.2
2026-03-17,270660,18570.0,0.0,2.3,0.0,-2.3
2026-03-18,270660,19090.0,0.03,-0.1,-0.1,0.2
2026-03-19,270660,18460.0,0.07,-1.4,0.1,1.3
2026-03-20,270660,18500.0,0.0,0.2,-0.1,-0.2
2026-03-23,270660,17030.0,0.0,-1.4,0.6,0.8
2026-03-24,270660,17510.0,0.0,2.5,-0.1,-2.4
2026-03-25,270660,17590.0,0.13,1.5,-0.1,-1.5
2026-03-26,270660,16770.0,0.2,-2.5,0.2,2.4
2026-03-27,270660,16890.0,0.03,1.5,0.3,-1.8
2026-03-30,270660,16050.0,0.12,-0.3,0.1,0.2
2026-03-31,270660,15480.0,0.09,0.9,0.1,-1.0
2026-04-01,270660,16780.0,0.14,2.3,0.1,-2.3
2026-04-02,270660,15990.0,0.29,-9.5,0.4,9.2
2026-04-03,270660,16460.0,0.0,-1.2,0.3,0.9
2026-04-06,270660,16100.0,0.0,-1.3,0.2,1.1
2026-04-07,270660,15900.0,0.0,0.5,0.1,-0.6
2026-04-08,270660,17080.0,0.0,4.4,-0.3,-4.1
2026-04-09,270660,16790.0,0.0,-1.7,0.1,1.5
2026-04-10,270660,16900.0,0.0,-0.2,0.0,0.2
2026-04-13,270660,16530.0,0.0,-0.2,0.0,0.2
2026-04-14,270660,17150.0,0.0,4.0,0.5,-4.5
2026-04-15,270660,17340.0,0.0,-0.2,0.7,-0.4
2026-04-16,270660,17770.0,0.0,0.2,0.3,-0.7
2026-04-17,270660,17890.0,0.0,-2.5,0.3,2.3
2026-04-20,270660,17760.0,0.0,0.6,0.0,-0.6
2026-04-21,270660,17860.0,0.0,0.9,0.1,-0.2
2026-04-22,270660,17920.0,0.0,-0.1,0.4,-0.3
2026-04-23,270660,17870.0,0.0,-0.9,0.3,0.7
2026-04-24,270660,18150.0,0.0,1.1,-0.4,-1.0
2026-04-27,270660,18960.0,0.0,-0.5,1.2,-0.7
2026-04-28,270660,19050.0,0.0,-1.4,-0.0,1.5
2026-04-29,270660,18940.0,0.0,-1.5,0.2,1.4
2026-04-30,270660,19160.0,0.0,-3.3,-0.1,3.3
2026-05-04,270660,19140.0,0.0,-1.1,0.4,1.2
2026-05-06,270660,18570.0,0.0,0.9,-0.9,0.0
2026-05-07,270660,18640.0,0.0,1.1,-0.3,-0.8
2026-05-08,270660,18650.0,0.0,-0.9,-0.1,1.1
2026-05-11,270660,18280.0,0.0,3.4,-0.8,-2.7
2026-05-12,270660,17570.0,0.0,0.4,-0.8,0.7
2026-05-13,270660,17450.0,0.0,-0.3,0.4,-0.1
2026-05-14,270660,17630.0,0.0,0.2,0.3,-0.5
2026-05-15,270660,17380.0,0.0,-0.7,-0.1,0.8
2026-05-18,270660,16900.0,0.0,1.0,0.7,-1.7
2026-05-19,270660,16140.0,0.0,1.0,-0.1,-0.9
2026-05-20,270660,15090.0,0.0,-0.2,0.1,0.1
2026-05-21,270660,16270.0,0.0,3.2,-0.2,-3.1
2026-05-22,270660,16190.0,0.08,-0.5,0.1,0.4
2026-05-26,270660,16030.0,0.0,-1.2,-0.2,1.3
2026-05-27,270660,15200.0,0.0,-1.6,-0.3,1.9
2026-05-28,270660,14680.0,0.0,0.6,0.0,-0.6
2026-05-29,270660,14100.0,0.0,0.5,-0.8,0.3
2026-06-01,270660,14110.0,0.0,0.2,-1.7,1.5
2026-06-02,270660,14170.0,0.0,1.4,-0.4,-1.0
2026-06-04,270660,14210.0,0.0,0.2,0.6,-0.8
2026-06-05,270660,13630.0,0.02,-0.3,0.6,-0.3
2026-06-08,270660,12300.0,0.0,1.7,0.3,-2.0
2026-06-09,270660,12720.0,0.14,1.8,0.4,-2.3
2026-06-10,270660,12430.0,0.34,0.7,0.2,-0.8
2026-06-11,270660,12380.0,0.4,0.6,-0.0,-0.6
2026-06-12,270660,16090.0,0.47,2.7,2.7,-5.4
2026-06-15,270660,16570.0,0.75,-6.2,25.6,-18.7
2026-06-16,270660,14980.0,0.36,-5.8,-2.7,8.3
2026-06-17,270660,14500.0,0.03,-0.7,0.2,0.9
2026-06-18,270660,13830.0,0.0,-1.3,0.3,1.0
2026-06-19,270660,13050.0,0.0,-0.6,-0.2,0.7
2026-06-22,270660,12850.0,0.0,0.4,-0.1,-0.3
2026-06-23,270660,11830.0,0.0,0.5,0.1,-0.7
2026-06-24,270660,11650.0,0.0,0.5,0.3,-0.7
2026-06-25,270660,11490.0,0.0,-0.6,0.0,0.6
2026-06-26,270660,10410.0,0.0,0.7,0.2,-0.9
2026-06-29,270660,11170.0,0.0,1.6,-0.1,-1.5
2026-06-30,270660,14520.0,0.0,5.2,0.3,-5.9
2026-07-01,270660,13400.0,0.22,-9.5,1.4,7.9
2026-07-02,270660,12000.0,0.0,-0.9,-0.0,0.9
2026-07-03,270660,11780.0,0.0,0.3,0.1,-0.5
2026-07-06,270660,11380.0,0.0,0.3,0.1,-0.4
2026-07-07,270660,11000.0,0.0,0.0,0.0,-0.2
2026-07-08,270660,10320.0,0.0,0.6,-0.1,-0.6
2026-07-09,270660,10280.0,0.0,0.7,0.0,-0.7
2026-07-10,270660,11190.0,0.0,1.5,0.0,-1.5
2026-07-13,270660,10510.0,0.0,-0.1,0.0,0.1
2025-07-14,270870,6480.0,1.77,-0.9,-0.3,1.3
2025-07-15,270870,6880.0,1.64,0.3,-7.0,5.9
2025-07-16,270870,6820.0,1.72,-0.5,-1.3,1.8
2025-07-17,270870,6590.0,1.67,-0.7,-2.2,2.9
2025-07-18,270870,6220.0,1.61,0.7,0.2,-0.9
2025-07-21,270870,6450.0,1.81,-0.4,0.0,0.4
2025-07-22,270870,6270.0,1.74,-1.4,0.0,1.4
2025-07-23,270870,6160.0,1.49,-0.9,0.2,0.8
2025-07-24,270870,5940.0,1.33,0.1,-0.3,0.3
2025-07-25,270870,5940.0,1.34,-0.5,0.0,0.4
2025-07-28,270870,5830.0,1.27,0.6,0.0,-0.8
2025-07-29,270870,5790.0,1.37,0.1,0.4,-0.6
2025-07-30,270870,5840.0,1.39,0.1,,-0.6
2025-07-31,270870,5870.0,1.41,0.5,0.0,-0.5
2025-08-01,270870,5660.0,1.5,-0.2,0.0,0.2
2025-08-04,270870,5770.0,1.46,0.4,-0.0,-0.4
2025-08-05,270870,5800.0,1.54,-0.2,-0.0,0.2
2025-08-06,270870,5940.0,1.5,0.2,0.0,-0.2
2025-08-07,270870,5910.0,1.54,-0.4,,0.4
2025-08-08,270870,5890.0,1.46,0.3,,-0.2
2025-08-11,270870,5760.0,1.51,-0.2,0.0,0.2
2025-08-12,270870,5720.0,1.48,0.1,,-0.1
2025-08-13,270870,5710.0,1.5,-0.2,0.0,0.2
2025-08-14,270870,5720.0,1.46,-0.1,0.0,0.1
2025-08-18,270870,5470.0,1.44,-1.3,0.5,0.9
2025-08-19,270870,5650.0,1.18,0.6,-1.0,0.4
2025-08-20,270870,5630.0,1.33,-0.0,,0.0
2025-08-21,270870,5560.0,1.33,0.1,,-0.2
2025-08-22,270870,5630.0,1.36,0.1,,-0.1
2025-08-25,270870,5620.0,1.38,0.4,,-0.4
2025-08-26,270870,5530.0,1.46,0.1,,-0.1
2025-08-27,270870,5530.0,1.47,-0.4,,0.4
2025-08-28,270870,5400.0,1.39,-0.2,,0.2
2025-08-29,270870,5390.0,1.36,-0.3,,0.3
2025-09-01,270870,5290.0,1.3,0.1,,0.6
2025-09-02,270870,5290.0,1.31,0.1,,0.2
2025-09-03,270870,5310.0,1.33,-0.0,,0.0
2025-09-04,270870,5280.0,1.32,0.1,,-0.1
2025-09-05,270870,5390.0,1.34,-0.0,,0.0
2025-09-08,270870,5360.0,1.34,0.0,,-0.0
2025-09-09,270870,5350.0,1.35,0.0,,-0.0
2025-09-10,270870,5380.0,1.35,0.0,,-0.1
2025-09-11,270870,5380.0,1.36,0.0,,0.0
2025-09-12,270870,5380.0,1.36,-0.0,,0.0
2025-09-15,270870,5400.0,1.36,-0.1,,0.1
2025-09-16,270870,5370.0,1.34,-0.2,,0.3
2025-09-17,270870,5330.0,1.3,-0.2,,0.2
2025-09-18,270870,5390.0,1.26,-0.2,,0.2
2025-09-19,270870,5400.0,1.21,-0.2,,0.2
2025-09-22,270870,5410.0,1.16,-0.0,,0.0
2025-09-23,270870,5380.0,1.16,-0.0,,0.0
2025-09-24,270870,5330.0,1.15,-0.1,,0.1
2025-09-25,270870,5320.0,1.13,-0.0,,0.1
2025-09-26,270870,5260.0,1.12,-0.2,,0.2
2025-09-29,270870,5340.0,1.08,0.1,,-0.1
2025-09-30,270870,5310.0,1.1,-0.0,,0.0
2025-10-01,270870,5380.0,1.1,0.0,,-0.0
2025-10-02,270870,5320.0,1.1,0.1,,-0.0
2025-10-10,270870,5280.0,1.11,-0.0,,0.2
2025-10-13,270870,5250.0,1.11,0.3,,0.1
2025-10-14,270870,5220.0,1.18,0.1,,-0.1
2025-10-15,270870,5260.0,1.19,0.2,,-0.2
2025-10-16,270870,5270.0,1.23,-0.0,,0.0
2025-10-17,270870,5100.0,1.22,-0.3,,0.3
2025-10-20,270870,5170.0,1.16,0.2,,-0.2
2025-10-21,270870,5090.0,1.2,0.0,,-0.0
2025-10-22,270870,5070.0,1.2,-0.0,,0.0
2025-10-23,270870,5030.0,1.2,-0.0,,0.0
2025-10-24,270870,5030.0,1.19,0.1,,-0.1
2025-10-27,270870,5080.0,1.21,0.0,,-0.0
2025-10-28,270870,5040.0,1.22,-0.0,,0.0
2025-10-29,270870,5010.0,1.21,-0.3,,0.3
2025-10-30,270870,4900.0,1.14,-0.7,,0.6
2025-10-31,270870,4900.0,0.99,0.1,,-0.1
2025-11-03,270870,4745.0,1.01,-0.1,,0.1
2025-11-04,270870,4740.0,0.98,0.2,,-0.2
2025-11-05,270870,4620.0,1.01,0.0,,0.0
2025-11-06,270870,4620.0,1.02,0.2,,-0.2
2025-11-07,270870,4710.0,1.07,0.0,,-0.0
2025-11-10,270870,4960.0,1.08,0.3,-0.3,-0.1
2025-11-11,270870,5050.0,1.14,-0.4,,0.3
2025-11-12,270870,5050.0,1.07,0.1,,-0.2
2025-11-13,270870,5040.0,1.08,-0.1,,0.1
2025-11-14,270870,5030.0,1.06,0.1,,-0.1
2025-11-17,270870,5040.0,1.08,1.1,,-1.1
2025-11-18,270870,5030.0,1.36,0.1,,-0.3
2025-11-19,270870,5000.0,1.38,0.1,,-0.2
2025-11-20,270870,5160.0,1.39,0.5,,-0.5
2025-11-21,270870,5090.0,1.51,-0.3,,0.2
2025-11-24,270870,5000.0,1.44,0.0,,-0.1
2025-11-25,270870,4950.0,1.45,-0.2,,0.2
2025-11-26,270870,5040.0,1.41,0.1,,-0.1
2025-11-27,270870,4985.0,1.42,-0.4,,0.3
2025-11-28,270870,5110.0,1.34,0.5,,-0.4
2025-12-01,270870,5100.0,1.45,0.1,,-0.1
2025-12-02,270870,5150.0,1.46,0.1,,-0.3
2025-12-03,270870,5290.0,1.48,0.0,,-0.0
2025-12-04,270870,5140.0,1.48,-0.1,,0.1
2025-12-05,270870,5170.0,1.46,0.4,,-0.5
2025-12-08,270870,5280.0,1.54,0.4,,-0.4
2025-12-09,270870,5240.0,1.62,-0.2,,0.2
2025-12-10,270870,5340.0,1.58,-0.0,,-0.0
2025-12-11,270870,5310.0,1.58,-0.3,,0.3
2025-12-12,270870,5320.0,1.53,-0.3,,0.2
2025-12-15,270870,5410.0,1.47,-0.2,,-0.3
2025-12-16,270870,5340.0,1.42,-0.2,,0.2
2025-12-17,270870,5390.0,1.58,0.0,,-0.0
2025-12-18,270870,5290.0,1.23,-0.1,,0.1
2025-12-19,270870,5340.0,1.2,0.3,,-0.3
2025-12-22,270870,5350.0,1.27,-0.1,,0.0
2025-12-23,270870,5350.0,1.26,-0.1,,0.2
2025-12-24,270870,5350.0,1.25,-0.1,,0.1
2025-12-26,270870,5320.0,1.21,-0.4,,0.9
2025-12-29,270870,5130.0,0.95,-0.1,,0.1
2025-12-30,270870,5130.0,0.93,-0.1,,0.1
2026-01-02,270870,5180.0,0.9,0.6,,-0.4
2026-01-05,270870,5050.0,1.04,-0.2,,0.3
2026-01-06,270870,4920.0,0.99,-0.1,,0.2
2026-01-07,270870,4865.0,0.97,0.2,,-0.4
2026-01-08,270870,4855.0,1.01,-0.2,,0.3
2026-01-09,270870,4815.0,0.96,-0.2,,0.1
2026-01-12,270870,4890.0,0.92,0.1,,-0.0
2026-01-13,270870,4855.0,0.93,-0.1,,0.1
2026-01-14,270870,4850.0,0.91,0.1,,-0.1
2026-01-15,270870,4830.0,0.93,-0.0,,0.0
2026-01-16,270870,4775.0,0.93,-0.1,,0.1
2026-01-19,270870,4860.0,0.9,-0.3,,0.3
2026-01-20,270870,4885.0,0.85,0.3,,-0.3
2026-01-21,270870,4910.0,0.91,-0.1,,0.1
2026-01-22,270870,4870.0,0.88,0.0,,-0.0
2026-01-23,270870,4915.0,0.89,0.1,,-0.1
2026-01-26,270870,4980.0,0.92,0.2,,-0.1
2026-01-27,270870,4995.0,0.97,0.1,,-0.1
2026-01-28,270870,4950.0,0.99,-0.2,,0.2
2026-01-29,270870,4915.0,0.95,-0.1,-0.2,0.3
2026-01-30,270870,4865.0,0.93,-0.4,,0.3
2026-02-02,270870,4785.0,0.84,-0.3,,0.3
2026-02-03,270870,4845.0,0.77,-0.1,,0.1
2026-02-04,270870,4900.0,0.74,0.1,,-0.0
2026-02-05,270870,4870.0,0.76,0.1,,-0.0
2026-02-06,270870,4755.0,0.77,-0.2,,0.2
2026-02-09,270870,4870.0,0.73,0.2,,-0.1
2026-02-10,270870,4915.0,0.77,0.0,,-0.0
2026-02-11,270870,4995.0,0.78,-0.0,,0.0
2026-02-12,270870,4945.0,0.77,-0.0,,0.0
2026-02-13,270870,4850.0,0.76,-0.2,,0.2
2026-02-19,270870,4935.0,0.73,0.1,,-0.1
2026-02-20,270870,4870.0,0.75,0.1,,-0.0
2026-02-23,270870,4780.0,0.77,0.4,,-0.7
2026-02-24,270870,4885.0,0.87,0.4,,-0.3
2026-02-25,270870,4875.0,0.94,-0.1,,0.1
2026-02-26,270870,4755.0,0.93,-0.7,,0.7
2026-02-27,270870,4690.0,0.77,-0.4,,0.4
2026-03-03,270870,4420.0,0.68,0.1,,-0.1
2026-03-04,270870,4000.0,0.7,-0.0,,0.0
2026-03-05,270870,4285.0,0.7,-0.0,,0.0
2026-03-06,270870,4280.0,0.7,-0.1,,0.1
2026-03-09,270870,4095.0,0.68,0.5,-0.1,-0.4
2026-03-10,270870,4145.0,0.8,0.0,,-0.0
2026-03-11,270870,4150.0,0.8,0.0,,-0.0
2026-03-12,270870,4300.0,0.81,0.0,,-0.0
2026-03-13,270870,4380.0,0.81,0.3,-0.4,0.0
2026-03-16,270870,4355.0,0.89,-0.0,,0.0
2026-03-17,270870,4315.0,0.88,-0.0,,-0.1
2026-03-18,270870,4300.0,0.87,0.0,,-0.0
2026-03-19,270870,4245.0,0.87,0.1,,-0.1
2026-03-20,270870,4340.0,0.89,0.1,,-0.1
2026-03-23,270870,4150.0,0.9,-0.0,,0.0
2026-03-24,270870,4255.0,0.9,-0.0,,-0.0
2026-03-25,270870,4255.0,0.9,0.1,,-0.1
2026-03-26,270870,4295.0,0.91,0.0,0.0,-0.0
2026-03-27,270870,4315.0,0.92,-0.0,,0.0
2026-03-30,270870,4200.0,0.91,-0.0,,0.0
2026-03-31,270870,4190.0,0.9,-0.0,,0.0
2026-04-01,270870,4365.0,0.95,0.0,,-0.1
2026-04-02,270870,4160.0,0.95,-0.1,,0.1
2026-04-03,270870,4200.0,0.92,0.0,,-0.0
2026-04-06,270870,4580.0,0.92,-0.6,,0.5
2026-04-07,270870,4520.0,0.81,0.3,,-0.3
2026-04-08,270870,4595.0,0.91,0.1,,-0.1
2026-04-09,270870,4510.0,0.94,0.0,,-0.0
2026-04-10,270870,4615.0,0.94,0.3,,-0.4
2026-04-13,270870,4805.0,1.02,0.0,,-0.0
2026-04-14,270870,5010.0,1.02,0.8,,-0.8
2026-04-15,270870,5250.0,1.2,0.0,,0.0
2026-04-16,270870,5390.0,1.21,-0.1,,0.1
2026-04-17,270870,4760.0,1.19,-1.6,,1.4
2026-04-20,270870,4675.0,0.84,0.6,,-0.6
2026-04-21,270870,4595.0,0.99,-0.1,,0.1
2026-04-22,270870,4500.0,0.97,-0.2,,0.2
2026-04-23,270870,4425.0,0.91,0.0,,-0.0
2026-04-24,270870,4430.0,0.91,0.2,,-0.3
2026-04-27,270870,4450.0,0.97,0.1,,-0.1
2026-04-28,270870,4430.0,1.0,-0.2,,0.2
2026-04-29,270870,4430.0,0.94,0.0,,-0.0
2026-04-30,270870,4370.0,0.95,-0.3,,0.3
2026-05-04,270870,4300.0,0.88,-0.1,,0.2
2026-05-06,270870,4235.0,0.84,-0.1,,0.1
2026-05-07,270870,4200.0,0.82,-0.0,,-0.2
2026-05-08,270870,4200.0,0.81,-0.0,,0.0
2026-05-11,270870,4245.0,0.8,-0.5,0.0,0.5
2026-05-12,270870,4120.0,0.67,-0.1,0.0,0.1
2026-05-13,270870,4100.0,0.64,-0.1,-0.0,0.1
2026-05-14,270870,4110.0,0.62,0.0,-0.0,-0.0
2026-05-15,270870,4145.0,0.63,-0.0,-0.0,-0.0
2026-05-18,270870,4200.0,0.64,-0.1,-0.0,0.1
2026-05-19,270870,4095.0,0.6,0.0,0.0,0.0
2026-05-20,270870,4000.0,0.6,-0.0,-0.0,0.1
2026-05-21,270870,3945.0,0.6,-0.1,0.0,-0.1
2026-05-22,270870,4045.0,0.58,0.1,0.0,-0.1
2026-05-26,270870,4000.0,0.6,-0.1,0.0,0.1
2026-05-27,270870,3995.0,0.58,-0.1,0.0,0.1
2026-05-28,270870,3890.0,0.55,0.0,-0.0,-0.0
2026-05-29,270870,3810.0,0.56,0.1,0.0,-0.1
2026-06-01,270870,3540.0,0.6,-0.1,-0.0,0.0
2026-06-02,270870,3515.0,0.58,0.1,-0.0,-0.1
2026-06-04,270870,3500.0,0.62,-0.1,0.0,0.1
2026-06-05,270870,3390.0,0.79,-0.0,-0.0,0.1
2026-06-08,270870,3200.0,0.78,0.1,0.0,-0.1
2026-06-09,270870,3695.0,0.83,0.2,0.1,-0.2
2026-06-10,270870,3615.0,0.84,-0.1,0.0,-0.0
2026-06-11,270870,3510.0,0.82,-0.0,0.0,-0.1
2026-06-12,270870,3790.0,0.82,-0.1,0.3,-0.3
2026-06-15,270870,3915.0,0.79,-0.1,0.3,-0.2
2026-06-16,270870,4060.0,0.77,0.2,0.4,-0.5
2026-06-17,270870,4140.0,0.82,-0.0,0.4,-0.3
2026-06-18,270870,4145.0,0.81,-0.1,0.4,-0.3
2026-06-19,270870,4170.0,0.79,-0.0,0.3,-0.3
2026-06-22,270870,4160.0,0.78,0.0,0.4,-0.4
2026-06-23,270870,3855.0,0.78,-0.1,0.4,-0.4
2026-06-24,270870,3900.0,0.75,-0.0,0.4,-0.4
2026-06-25,270870,4140.0,0.74,0.1,0.4,-0.5
2026-06-26,270870,4125.0,0.76,0.0,0.5,-0.5
2026-06-29,270870,4190.0,0.77,0.0,0.4,-0.4
2026-06-30,270870,4300.0,0.78,0.1,0.4,-0.5
2026-07-01,270870,4380.0,0.8,-0.0,0.5,-0.4
2026-07-02,270870,4410.0,0.79,-0.1,0.5,-0.4
2026-07-03,270870,4500.0,0.78,0.1,0.4,-0.5
2026-07-06,270870,4660.0,0.8,0.3,0.4,-0.7
2026-07-07,270870,4555.0,0.89,0.0,0.5,-0.5
2026-07-08,270870,4625.0,0.95,0.2,0.5,-0.7
2026-07-09,270870,4695.0,0.94,-0.0,0.5,-0.4
2026-07-10,270870,4705.0,0.94,0.0,0.5,-0.5
2026-07-13,270870,4715.0,0.95,0.0,0.5,-0.5
2025-07-14,271560,121000.0,30.42,34.9,-9.2,-25.8
2025-07-15,271560,118800.0,30.5,49.7,-18.7,-33.8
2025-07-16,271560,114000.0,30.52,-35.0,-16.7,46.6
2025-07-17,271560,114700.0,30.41,27.3,-38.8,7.5
2025-07-18,271560,114700.0,30.47,20.6,-24.4,19.1
2025-07-21,271560,114000.0,30.53,10.7,-26.8,15.7
2025-07-22,271560,113700.0,30.55,1.2,-9.1,7.9
2025-07-23,271560,112700.0,30.55,-7.4,-14.9,19.4
2025-07-24,271560,112700.0,30.56,30.6,-36.3,6.0
2025-07-25,271560,112000.0,30.66,13.0,-15.2,1.2
2025-07-28,271560,110500.0,30.69,15.2,-26.5,11.5
2025-07-29,271560,110900.0,30.7,14.5,-23.2,10.0
2025-07-30,271560,111500.0,30.73,19.3,-28.6,9.7
2025-07-31,271560,111300.0,30.78,13.0,-20.4,7.5
2025-08-01,271560,109500.0,30.81,36.8,-35.9,-1.0
2025-08-04,271560,109500.0,30.86,-2.1,-6.4,7.7
2025-08-05,271560,109700.0,30.91,34.0,-45.1,10.0
2025-08-06,271560,110800.0,30.97,31.2,-27.2,-4.0
2025-08-07,271560,111100.0,31.05,43.6,-55.2,10.3
2025-08-08,271560,112000.0,31.16,53.2,-41.8,-11.0
2025-08-11,271560,109500.0,31.27,-7.0,-43.4,45.4
2025-08-12,271560,108700.0,31.28,12.5,-40.0,26.9
2025-08-13,271560,108500.0,31.3,10.5,-25.4,14.2
2025-08-14,271560,109500.0,31.31,61.5,-36.9,-24.8
2025-08-18,271560,108200.0,31.5,-2.7,-15.1,15.3
2025-08-19,271560,108000.0,31.48,16.0,-20.3,4.6
2025-08-20,271560,107000.0,31.53,-24.5,8.2,10.6
2025-08-21,271560,106700.0,31.5,22.7,-28.7,4.7
2025-08-22,271560,106300.0,31.61,14.6,-12.2,-2.5
2025-08-25,271560,106100.0,31.66,0.4,-19.7,16.7
2025-08-26,271560,107500.0,31.7,21.0,-8.8,-12.6
2025-08-27,271560,107000.0,31.84,16.7,-36.1,19.4
2025-08-28,271560,107200.0,31.89,18.7,-18.4,-0.4
2025-08-29,271560,107800.0,31.94,11.9,-16.1,3.2
2025-09-01,271560,108200.0,31.95,-0.4,-12.2,16.3
2025-09-02,271560,107700.0,31.97,9.0,-32.6,23.2
2025-09-03,271560,108200.0,31.98,17.6,-12.6,-4.8
2025-09-04,271560,107400.0,32.03,-8.1,-11.3,19.4
2025-09-05,271560,108400.0,31.97,36.2,-21.2,-14.7
2025-09-08,271560,106200.0,32.06,-6.7,-41.7,46.8
2025-09-09,271560,107900.0,32.03,29.1,-23.6,-6.8
2025-09-10,271560,108300.0,32.41,3.5,15.8,-19.9
2025-09-11,271560,110400.0,32.44,-13.6,30.7,-17.3
2025-09-12,271560,109900.0,32.41,-30.0,-2.4,33.0
2025-09-15,271560,111200.0,32.31,6.5,-8.9,2.2
2025-09-16,271560,108800.0,32.34,-12.6,-17.7,27.8
2025-09-17,271560,108000.0,32.31,-4.9,-23.3,27.4
2025-09-18,271560,109600.0,32.28,-4.2,2.9,0.2
2025-09-19,271560,108500.0,32.25,-10.4,-22.3,31.7
2025-09-22,271560,107100.0,32.22,-12.7,-5.3,17.2
2025-09-23,271560,106100.0,32.19,-9.6,-33.4,41.6
2025-09-24,271560,104600.0,32.19,-7.7,-49.6,55.6
2025-09-25,271560,104700.0,32.16,-21.6,-25.6,46.6
2025-09-26,271560,103700.0,32.12,-17.3,-2.8,20.3
2025-09-29,271560,105000.0,32.12,6.7,-6.2,-1.2
2025-09-30,271560,103600.0,32.16,10.1,-32.7,22.3
2025-10-01,271560,104900.0,32.16,29.6,-14.1,-14.8
2025-10-02,271560,103300.0,32.28,-27.6,-34.0,61.3
2025-10-10,271560,105000.0,32.19,91.8,-38.2,-49.0
2025-10-13,271560,102100.0,32.47,-37.2,-34.4,71.5
2025-10-14,271560,100800.0,32.34,15.8,-80.4,63.4
2025-10-15,271560,101100.0,32.38,-9.5,-9.6,19.0
2025-10-16,271560,101500.0,32.34,3.1,-1.2,-1.6
2025-10-17,271560,100500.0,32.38,14.8,-23.3,8.4
2025-10-20,271560,100600.0,32.41,5.6,-30.3,25.0
2025-10-21,271560,100400.0,32.41,0.2,-55.0,54.2
2025-10-22,271560,102200.0,32.41,-0.1,-4.5,4.5
2025-10-23,271560,101500.0,32.44,12.7,-11.1,-1.8
2025-10-24,271560,101200.0,32.47,4.8,-19.6,16.0
2025-10-27,271560,102000.0,32.5,16.1,-22.7,6.8
2025-10-28,271560,102000.0,32.53,10.8,-17.8,7.5
2025-10-29,271560,100800.0,32.56,-26.4,-36.2,57.5
2025-10-30,271560,100500.0,32.53,9.3,-24.2,14.9
2025-10-31,271560,99300.0,32.56,-63.8,-3.7,66.6
2025-11-03,271560,99800.0,32.38,20.1,-24.4,6.8
2025-11-04,271560,101900.0,32.22,35.4,-7.6,-27.8
2025-11-05,271560,101800.0,32.38,28.5,-13.7,-13.7
2025-11-06,271560,101700.0,32.44,13.8,11.3,-25.3
2025-11-07,271560,103600.0,32.47,-7.9,63.9,-55.6
2025-11-10,271560,103400.0,32.75,4.9,5.6,-10.6
2025-11-11,271560,103100.0,32.78,8.0,-6.7,-1.1
2025-11-12,271560,106500.0,32.88,55.3,6.6,-61.0
2025-11-13,271560,106700.0,33.03,-0.4,-4.0,5.2
2025-11-14,271560,105400.0,33.03,-2.8,31.1,-26.3
2025-11-17,271560,105400.0,33.03,-5.3,-6.0,10.0
2025-11-18,271560,104900.0,33.03,-2.6,1.7,-0.3
2025-11-19,271560,105200.0,33.03,-21.2,33.4,-12.4
2025-11-20,271560,105500.0,33.0,-4.1,16.9,-11.7
2025-11-21,271560,104800.0,32.97,17.7,-5.6,-11.4
2025-11-24,271560,102300.0,33.03,-94.9,12.5,82.4
2025-11-25,271560,102700.0,32.88,21.5,-0.1,-21.6
2025-11-26,271560,106700.0,32.88,10.8,38.3,-47.4
2025-11-27,271560,104900.0,32.84,-13.9,10.2,3.9
2025-11-28,271560,105500.0,32.69,0.6,9.0,-9.4
2025-12-01,271560,106000.0,32.16,5.3,-4.7,-2.1
2025-12-02,271560,104000.0,31.91,-28.6,-9.2,37.7
2025-12-03,271560,104500.0,31.73,11.8,-15.3,4.4
2025-12-04,271560,104500.0,31.72,3.4,-1.6,-3.1
2025-12-05,271560,104100.0,31.73,13.0,-22.4,8.8
2025-12-08,271560,104200.0,31.77,28.1,-14.6,-12.5
2025-12-09,271560,100900.0,31.8,-107.4,-1.6,105.4
2025-12-10,271560,101500.0,31.5,-13.8,16.4,-3.1
2025-12-11,271560,101600.0,31.45,23.3,-23.5,0.0
2025-12-12,271560,103800.0,31.48,-20.5,55.8,-35.1
2025-12-15,271560,104700.0,31.45,23.2,25.1,-48.3
2025-12-16,271560,105000.0,31.52,8.0,38.2,-43.5
2025-12-17,271560,104800.0,31.55,12.1,2.5,-14.7
2025-12-18,271560,106100.0,31.48,14.8,23.0,-38.4
2025-12-19,271560,106000.0,31.53,0.3,9.8,-9.8
2025-12-22,271560,106800.0,31.55,-4.7,11.1,-5.9
2025-12-23,271560,106000.0,31.52,18.0,-2.9,-14.8
2025-12-24,271560,107700.0,31.59,-14.5,50.8,-34.6
2025-12-26,271560,106700.0,31.58,15.2,-5.5,-9.7
2025-12-29,271560,105400.0,31.61,-1.6,0.3,1.3
2025-12-30,271560,105700.0,31.59,14.8,-8.7,-5.0
2026-01-02,271560,103100.0,31.73,-10.1,-9.5,20.6
2026-01-05,271560,104000.0,31.7,6.9,2.6,-8.9
2026-01-06,271560,103800.0,31.92,24.2,-24.7,1.1
2026-01-07,271560,104400.0,32.03,14.5,-25.3,9.7
2026-01-08,271560,104500.0,32.09,22.9,-13.6,-7.6
2026-01-09,271560,103100.0,32.12,13.0,-26.5,13.5
2026-01-12,271560,106500.0,32.16,36.3,9.5,-45.5
2026-01-13,271560,106600.0,32.25,1.1,19.7,-21.2
2026-01-14,271560,107300.0,32.31,4.4,17.5,-23.2
2026-01-15,271560,108500.0,32.34,-7.8,38.0,-26.5
2026-01-16,271560,109300.0,32.34,14.1,19.8,-33.7
2026-01-19,271560,113100.0,32.41,86.2,52.8,-135.8
2026-01-20,271560,115200.0,32.62,42.5,22.7,-62.5
2026-01-21,271560,117000.0,32.72,34.1,51.7,-82.0
2026-01-22,271560,115600.0,32.62,34.6,-4.4,-29.1
2026-01-23,271560,116400.0,32.88,5.4,2.7,-8.8
2026-01-26,271560,109900.0,32.91,-58.5,-17.9,70.9
2026-01-27,271560,111000.0,32.75,2.7,3.6,-6.2
2026-01-28,271560,117000.0,32.78,232.1,-67.0,-151.5
2026-01-29,271560,118100.0,33.34,-10.2,34.7,-23.4
2026-01-30,271560,117500.0,33.34,45.7,-33.3,-12.7
2026-02-02,271560,117800.0,33.47,81.4,54.0,-132.3
2026-02-03,271560,118000.0,33.62,-17.4,19.6,-3.6
2026-02-04,271560,122000.0,33.59,44.8,14.9,-58.1
2026-02-05,271560,123400.0,33.69,10.3,26.7,-35.4
2026-02-06,271560,124000.0,33.69,18.9,10.1,-29.1
2026-02-09,271560,126500.0,33.75,74.3,10.3,-75.6
2026-02-10,271560,128200.0,33.88,28.4,4.3,-32.0
2026-02-11,271560,130000.0,33.97,41.3,-10.0,-29.3
2026-02-12,271560,138600.0,34.06,226.6,-106.4,-111.0
2026-02-13,271560,139200.0,34.53,60.7,-46.2,-13.3
2026-02-19,271560,137000.0,34.78,82.9,-55.7,-27.6
2026-02-20,271560,139500.0,34.94,53.3,-24.3,-29.7
2026-02-23,271560,136000.0,35.06,22.5,-45.7,20.6
2026-02-24,271560,137400.0,35.09,-4.4,34.2,-29.7
2026-02-25,271560,141000.0,35.09,34.9,-10.1,-28.4
2026-02-26,271560,135800.0,35.16,12.3,-52.0,37.9
2026-02-27,271560,133400.0,35.19,32.8,-43.0,8.6
2026-03-03,271560,131200.0,35.25,25.6,14.5,-41.3
2026-03-04,271560,123600.0,35.31,48.1,14.3,-61.1
2026-03-05,271560,124100.0,35.41,35.2,-53.3,18.1
2026-03-06,271560,126500.0,35.44,13.2,15.2,-27.4
2026-03-09,271560,126000.0,35.5,33.1,-12.9,-20.0
2026-03-10,271560,128500.0,35.59,3.9,-7.9,-1.9
2026-03-11,271560,129000.0,35.59,-5.6,7.4,-1.4
2026-03-12,271560,130100.0,35.59,2.5,2.7,-5.2
2026-03-13,271560,129300.0,35.59,14.8,-12.1,-4.7
2026-03-16,271560,129000.0,35.62,32.1,-35.3,3.1
2026-03-17,271560,131100.0,35.69,-6.4,8.0,-1.5
2026-03-18,271560,134000.0,35.66,11.6,6.6,-14.4
2026-03-19,271560,130600.0,35.69,33.6,-52.4,18.7
2026-03-20,271560,137800.0,35.75,52.0,-29.8,-25.4
2026-03-23,271560,129600.0,35.88,-2.7,-29.9,29.9
2026-03-24,271560,133400.0,35.88,27.3,-11.7,-15.0
2026-03-25,271560,134100.0,35.94,-12.5,12.5,0.5
2026-03-26,271560,132200.0,35.91,-2.0,3.2,-1.0
2026-03-27,271560,134500.0,35.91,-13.8,33.1,-19.2
2026-03-30,271560,127000.0,35.91,34.3,-52.8,17.0
2026-03-31,271560,128000.0,35.94,23.2,-7.9,-14.7
2026-04-01,271560,131800.0,36.03,-16.3,14.2,2.0
2026-04-02,271560,130000.0,35.94,61.5,-57.8,-2.6
2026-04-03,271560,129800.0,36.06,35.3,-25.9,-8.6
2026-04-06,271560,131200.0,36.12,35.0,0.2,-14.3
2026-04-07,271560,130000.0,36.19,42.0,-36.7,-4.9
2026-04-08,271560,130000.0,36.28,-20.0,3.0,17.5
2026-04-09,271560,130400.0,36.22,16.3,-21.0,4.0
2026-04-10,271560,132400.0,36.25,27.7,-10.3,-16.8
2026-04-13,271560,131400.0,36.34,13.3,-13.1,0.5
2026-04-14,271560,131400.0,36.38,14.4,-15.9,1.4
2026-04-15,271560,138000.0,36.38,82.8,-44.6,-38.0
2026-04-16,271560,137700.0,36.59,30.1,-33.7,5.4
2026-04-17,271560,136900.0,36.69,35.3,-37.0,1.6
2026-04-20,271560,135000.0,36.75,9.5,-18.8,11.3
2026-04-21,271560,135400.0,36.78,6.8,-14.7,7.7
2026-04-22,271560,137100.0,36.81,-13.4,21.7,-8.4
2026-04-23,271560,145500.0,36.78,6.8,85.2,-91.7
2026-04-24,271560,141800.0,36.84,2.6,-27.3,24.9
2026-04-27,271560,141400.0,36.84,29.7,-22.1,-6.7
2026-04-28,271560,141200.0,36.88,8.8,-0.8,-6.9
2026-04-29,271560,146000.0,36.91,-8.6,-26.2,34.6
2026-04-30,271560,143600.0,36.88,-11.9,9.1,2.8
2026-05-04,271560,142800.0,36.84,-7.8,8.2,-0.2
2026-05-06,271560,139200.0,36.84,23.9,-26.7,2.4
2026-05-07,271560,140000.0,36.88,19.8,-5.4,-14.6
2026-05-08,271560,141200.0,36.94,18.7,-5.3,-13.2
2026-05-11,271560,139600.0,36.88,15.6,-17.8,3.8
2026-05-12,271560,139100.0,36.94,23.5,-7.6,-15.1
2026-05-13,271560,137800.0,37.0,-1.1,-0.2,0.4
2026-05-14,271560,143200.0,37.0,-4.8,31.8,-26.0
2026-05-15,271560,141000.0,37.0,9.9,3.7,-12.5
2026-05-18,271560,136200.0,37.0,-25.0,14.6,8.2
2026-05-19,271560,137600.0,36.94,30.6,-14.7,-15.3
2026-05-20,271560,134600.0,37.0,15.7,-16.0,0.6
2026-05-21,271560,136400.0,37.06,88.0,-72.5,-15.3
2026-05-22,271560,136900.0,37.22,50.9,-50.2,0.7
2026-05-26,271560,137300.0,37.31,29.3,-22.8,-5.6
2026-05-27,271560,133300.0,37.38,8.6,-25.7,17.7
2026-05-28,271560,134200.0,37.38,79.9,-20.9,-55.3
2026-05-29,271560,129600.0,37.5,34.1,-46.3,12.6
2026-06-01,271560,127700.0,37.59,47.3,-45.1,-1.5
2026-06-02,271560,128400.0,37.66,17.6,-8.0,-9.9
2026-06-04,271560,131000.0,37.72,49.0,-33.8,-16.3
2026-06-05,271560,132600.0,37.81,15.4,-1.4,-11.2
2026-06-08,271560,128000.0,37.84,10.2,-1.7,-7.6
2026-06-09,271560,132900.0,37.88,-9.7,15.8,-6.1
2026-06-10,271560,132500.0,37.88,25.0,-19.8,-5.1
2026-06-11,271560,138100.0,37.91,-3.2,35.5,-31.7
2026-06-12,271560,135500.0,37.94,37.0,-30.7,-6.6
2026-06-15,271560,133800.0,38.0,4.4,-5.2,1.8
2026-06-16,271560,134000.0,38.0,63.5,-48.3,-15.8
2026-06-17,271560,135100.0,38.12,25.7,-9.0,-16.6
2026-06-18,271560,134000.0,38.16,36.1,-34.7,-0.7
2026-06-19,271560,134000.0,38.25,67.2,-55.4,-10.4
2026-06-22,271560,130100.0,38.38,36.7,-37.1,1.8
2026-06-23,271560,125500.0,38.47,23.4,-26.4,0.5
2026-06-24,271560,125400.0,38.53,40.6,-36.1,-3.9
2026-06-25,271560,124800.0,38.62,72.8,-71.7,-0.5
2026-06-26,271560,126400.0,38.75,20.8,13.1,-32.3
2026-06-29,271560,137900.0,38.81,57.7,-15.3,-40.7
2026-06-30,271560,131900.0,38.94,6.8,-11.2,4.1
2026-07-01,271560,136700.0,38.94,19.8,-8.5,-12.5
2026-07-02,271560,139000.0,38.97,29.6,46.8,-75.8
2026-07-03,271560,136300.0,39.03,1.0,13.4,-12.2
2026-07-06,271560,136900.0,39.03,7.7,-1.6,-5.7
2026-07-07,271560,139500.0,39.06,-25.1,40.8,-14.4
2026-07-08,271560,140300.0,38.97,-25.2,34.6,-4.9
2026-07-09,271560,135500.0,38.94,8.4,-18.4,9.9
2026-07-10,271560,137100.0,38.94,-13.2,26.2,-12.6
2026-07-13,271560,133700.0,38.75,-14.6,8.0,6.9
2025-07-14,271830,1758.0,0.89,0.6,,-0.6
2025-07-15,271830,1824.0,1.0,-0.2,,0.2
2025-07-16,271830,1829.0,0.97,0.3,0.0,-0.5
2025-07-17,271830,1977.0,1.02,-1.4,-0.1,0.9
2025-07-18,271830,1910.0,0.83,0.3,,-0.1
2025-07-21,271830,1915.0,0.89,0.3,,-0.3
2025-07-22,271830,1944.0,0.95,0.9,,-0.9
2025-07-23,271830,1880.0,1.11,-0.5,,0.4
2025-07-24,271830,1835.0,1.02,-0.1,,0.1
2025-07-25,271830,1780.0,1.0,-0.3,,0.3
2025-07-28,271830,1826.0,0.94,-0.3,,0.3
2025-07-29,271830,1793.0,0.88,-0.4,,0.4
2025-07-30,271830,1864.0,0.8,0.1,,-0.1
2025-07-31,271830,1848.0,0.82,-0.1,,0.1
2025-08-01,271830,1803.0,0.8,-0.2,,0.2
2025-08-04,271830,1799.0,0.76,0.2,,-0.2
2025-08-05,271830,1796.0,0.8,-0.0,,0.0
2025-08-06,271830,1806.0,0.8,0.1,,-0.1
2025-08-07,271830,1884.0,0.82,0.8,,-0.8
2025-08-08,271830,1862.0,0.95,-0.2,,0.2
2025-08-11,271830,1864.0,0.91,-0.1,0.0,0.1
2025-08-12,271830,1835.0,0.9,-1.1,,1.0
2025-08-13,271830,1895.0,0.71,0.9,,-0.9
2025-08-14,271830,1866.0,0.87,-0.1,,0.1
2025-08-18,271830,1875.0,0.85,0.1,,-0.2
2025-08-19,271830,1850.0,0.87,-0.3,,0.3
2025-08-20,271830,1818.0,0.82,-0.1,,0.1
2025-08-21,271830,1873.0,0.8,0.2,0.0,-0.2
2025-08-22,271830,1902.0,0.83,0.0,-1.1,1.1
2025-08-25,271830,1878.0,0.84,-0.1,-0.0,0.0
2025-08-26,271830,1871.0,0.83,-0.1,,0.1
2025-08-27,271830,1886.0,0.81,0.0,,-0.0
2025-08-28,271830,1861.0,0.82,-0.0,,0.0
2025-08-29,271830,1887.0,0.81,-0.1,,0.1
2025-09-01,271830,1860.0,0.8,-0.1,,0.1
2025-09-02,271830,1868.0,0.79,0.1,,-0.1
2025-09-03,271830,1893.0,0.8,-0.0,-0.1,0.1
2025-09-04,271830,1870.0,0.8,-0.0,-0.1,-0.0
2025-09-05,271830,1835.0,0.8,-0.0,-0.0,0.0
2025-09-08,271830,1845.0,0.8,-0.0,-0.0,0.0
2025-09-09,271830,1863.0,0.79,0.1,-0.0,-0.1
2025-09-10,271830,1835.0,0.81,0.0,-0.0,-0.0
2025-09-11,271830,1842.0,0.82,-0.1,-0.0,0.1
2025-09-12,271830,1839.0,0.8,-0.1,-0.0,0.1
2025-09-15,271830,1851.0,0.8,0.0,-0.4,0.4
2025-09-16,271830,1849.0,0.81,-0.1,-0.0,0.1
2025-09-17,271830,1816.0,0.78,-0.0,0.0,0.0
2025-09-18,271830,1869.0,0.77,-0.1,-0.1,0.1
2025-09-19,271830,1853.0,0.76,0.1,-0.2,0.1
2025-09-22,271830,1879.0,0.78,0.3,-0.3,-0.1
2025-09-23,271830,1859.0,0.85,-0.2,-0.1,0.2
2025-09-24,271830,1880.0,0.81,-0.1,0.0,0.1
2025-09-25,271830,1845.0,0.79,-0.1,-0.0,0.2
2025-09-26,271830,1805.0,0.77,-0.3,,0.4
2025-09-29,271830,1839.0,0.69,0.1,,-0.1
2025-09-30,271830,1806.0,0.72,-0.0,,0.0
2025-10-01,271830,1849.0,0.71,-0.2,-0.2,0.4
2025-10-02,271830,1931.0,0.67,0.9,-1.3,0.4
2025-10-10,271830,2305.0,0.82,0.6,-3.9,2.9
2025-10-13,271830,2535.0,0.95,4.6,0.0,-4.7
2025-10-14,271830,2600.0,1.59,2.0,,-2.0
2025-10-15,271830,2650.0,1.87,1.6,,-1.5
2025-10-16,271830,2470.0,2.08,2.3,,-2.4
2025-10-17,271830,2565.0,2.39,1.1,,-1.0
2025-10-20,271830,2875.0,2.54,6.1,0.1,-6.1
2025-10-21,271830,2810.0,3.27,-5.2,,5.2
2025-10-22,271830,2845.0,2.66,0.4,,-0.4
2025-10-23,271830,2700.0,2.71,-1.1,,1.1
2025-10-24,271830,2720.0,2.58,0.0,-0.0,-0.0
2025-10-27,271830,2600.0,2.58,0.7,-0.1,-0.6
2025-10-28,271830,2540.0,2.67,1.4,,-1.6
2025-10-29,271830,2620.0,2.86,-0.3,,0.3
2025-10-30,271830,2515.0,2.81,-0.7,-0.0,0.7
2025-10-31,271830,2440.0,2.72,-0.2,,0.0
2025-11-03,271830,2340.0,2.69,1.4,,-1.5
2025-11-04,271830,2270.0,2.89,0.1,,-0.2
2025-11-05,271830,2220.0,2.91,0.9,,-0.9
2025-11-06,271830,2190.0,3.05,-0.1,,-0.0
2025-11-07,271830,2120.0,3.05,1.8,-2.4,0.5
2025-11-10,271830,2120.0,3.34,-0.3,-0.0,-0.1
2025-11-11,271830,2140.0,3.29,-0.2,,0.2
2025-11-12,271830,2110.0,3.25,-0.3,,0.3
2025-11-13,271830,2085.0,3.2,-0.3,,0.3
2025-11-14,271830,2010.0,3.15,-0.3,,0.3
2025-11-17,271830,1961.0,3.09,0.3,,-0.4
2025-11-18,271830,1775.0,3.14,1.7,,-1.8
2025-11-19,271830,1760.0,3.47,-0.2,,0.2
2025-11-20,271830,1718.0,3.44,-0.1,,0.2
2025-11-21,271830,1690.0,3.42,-0.5,,0.4
2025-11-24,271830,1630.0,3.32,-0.2,,0.1
2025-11-25,271830,1616.0,3.27,0.1,,-0.0
2025-11-26,271830,1615.0,3.29,-0.1,,0.2
2025-11-27,271830,1614.0,3.26,0.2,,-0.2
2025-11-28,271830,1673.0,3.31,0.0,,-0.0
2025-12-01,271830,1656.0,3.31,-0.4,,0.4
2025-12-02,271830,1648.0,3.23,-0.1,,0.1
2025-12-03,271830,1715.0,3.2,0.1,,-0.1
2025-12-04,271830,1616.0,3.23,0.5,,-0.6
2025-12-05,271830,1617.0,3.33,-0.3,,0.3
2025-12-08,271830,2100.0,3.27,-1.4,,-0.6
2025-12-09,271830,2300.0,3.03,-15.5,-0.0,18.4
2025-12-10,271830,2175.0,0.81,1.3,,-0.8
2025-12-11,271830,2150.0,1.02,-0.5,,0.3
2025-12-12,271830,2155.0,0.96,-2.2,0.0,2.1
2025-12-15,271830,2095.0,0.67,0.5,0.1,-0.7
2025-12-16,271830,2050.0,0.76,1.1,-0.1,-0.9
2025-12-17,271830,1978.0,0.97,1.3,,-1.2
2025-12-18,271830,1867.0,1.18,0.9,,-0.8
2025-12-19,271830,1856.0,1.34,0.5,,-0.5
2025-12-22,271830,1895.0,1.44,-0.7,,0.7
2025-12-23,271830,1805.0,1.3,0.1,,-0.2
2025-12-24,271830,1766.0,1.34,1.5,0.0,-1.5
2025-12-26,271830,1787.0,1.63,-0.1,0.0,0.2
2025-12-29,271830,1825.0,1.62,0.2,0.0,-0.2
2025-12-30,271830,1790.0,1.65,-0.1,0.0,0.2
2026-01-02,271830,1790.0,1.63,0.2,0.0,-0.2
2026-01-05,271830,1832.0,1.67,-0.4,-0.0,0.4
2026-01-06,271830,1873.0,1.6,-1.0,0.0,0.9
2026-01-07,271830,1795.0,1.43,0.5,0.0,-0.6
2026-01-08,271830,1741.0,1.53,-1.1,0.0,1.1
2026-01-09,271830,1763.0,1.32,0.3,0.0,-0.3
2026-01-12,271830,1780.0,1.37,0.4,-0.0,-0.4
2026-01-13,271830,1765.0,1.46,0.5,0.0,-0.5
2026-01-14,271830,1747.0,1.56,-0.1,0.0,0.0
2026-01-15,271830,1752.0,1.55,0.4,-0.0,-0.4
2026-01-16,271830,1697.0,1.66,-0.1,-0.0,0.1
2026-01-19,271830,1702.0,1.64,1.2,-0.0,-1.2
2026-01-20,271830,1740.0,1.88,0.7,0.0,-0.6
2026-01-21,271830,1660.0,2.01,-1.3,0.0,1.2
2026-01-22,271830,1710.0,1.76,1.0,-0.0,-1.0
2026-01-23,271830,1711.0,1.97,0.6,0.0,-0.6
2026-01-26,271830,1722.0,2.08,0.8,-0.0,-0.8
2026-01-27,271830,1750.0,2.24,0.1,-0.0,-0.1
2026-01-28,271830,1768.0,2.26,-0.7,0.0,0.7
2026-01-29,271830,1776.0,2.12,0.1,-0.0,-0.0
2026-01-30,271830,1768.0,2.13,-0.4,0.0,0.4
2026-02-02,271830,1700.0,2.06,-1.0,0.0,0.9
2026-02-03,271830,1690.0,1.86,0.1,-0.0,-0.1
2026-02-04,271830,1653.0,1.87,0.2,0.0,-0.2
2026-02-05,271830,1605.0,1.91,0.6,-0.0,-0.6
2026-02-06,271830,1602.0,2.04,-0.2,0.0,0.2
2026-02-09,271830,1639.0,2.0,0.3,-0.0,-0.2
2026-02-10,271830,1620.0,2.06,-0.2,0.0,0.2
2026-02-11,271830,1632.0,2.02,0.3,-0.0,-0.3
2026-02-12,271830,1661.0,2.1,0.0,-0.0,-0.0
2026-02-13,271830,1633.0,2.1,-0.5,0.0,0.4
2026-02-19,271830,1678.0,2.0,0.2,-0.0,-0.2
2026-02-20,271830,1650.0,2.05,0.0,0.0,-0.1
2026-02-23,271830,1654.0,2.06,0.3,-0.0,-0.3
2026-02-24,271830,1646.0,2.11,0.8,0.0,0.1
2026-02-25,271830,1701.0,2.29,-0.5,0.0,0.6
2026-02-26,271830,1678.0,2.19,-1.5,-0.0,1.5
2026-02-27,271830,1652.0,1.9,-0.1,-0.0,0.1
2026-03-03,271830,1530.0,1.92,-0.2,0.0,0.2
2026-03-04,271830,1370.0,1.89,0.8,0.0,-0.8
2026-03-05,271830,1512.0,2.13,0.8,-0.0,-0.8
2026-03-06,271830,1528.0,2.33,0.3,0.0,-0.4
2026-03-09,271830,1448.0,2.41,-0.1,-0.0,0.1
2026-03-10,271830,1542.0,2.39,-0.1,0.0,-0.4
2026-03-11,271830,1589.0,2.38,-0.0,0.0,-0.1
2026-03-12,271830,1600.0,2.37,-0.0,-0.0,0.2
2026-03-13,271830,1620.0,2.36,0.1,0.0,-0.2
2026-03-16,271830,1577.0,2.38,-0.3,-0.0,0.2
2026-03-17,271830,1630.0,2.32,0.4,-0.0,-0.4
2026-03-18,271830,1678.0,2.4,0.6,-0.0,-0.6
2026-03-19,271830,1651.0,2.52,-0.0,0.0,0.0
2026-03-20,271830,1680.0,2.51,0.7,0.0,-0.6
2026-03-23,271830,1606.0,2.65,0.1,0.0,-0.1
2026-03-24,271830,1659.0,2.66,-0.1,-0.0,0.1
2026-03-25,271830,1685.0,2.65,0.5,0.0,-0.6
2026-03-26,271830,1610.0,2.76,0.1,-0.0,-0.2
2026-03-27,271830,1589.0,2.78,0.4,0.0,-0.4
2026-03-30,271830,1542.0,2.86,0.4,-0.0,-0.3
2026-03-31,271830,1481.0,2.94,-0.2,0.0,0.2
2026-04-01,271830,1498.0,2.9,0.4,-0.0,-0.4
2026-04-02,271830,1463.0,2.99,-0.2,0.0,0.2
2026-04-03,271830,1443.0,2.95,-0.0,0.0,-0.0
2026-04-06,271830,1415.0,2.95,0.0,-0.0,-0.0
2026-04-07,271830,1415.0,2.95,-0.1,0.0,0.1
2026-04-08,271830,1444.0,2.93,-0.2,-0.0,0.2
2026-04-09,271830,1409.0,2.88,-0.3,-0.0,0.4
2026-04-10,271830,1448.0,2.8,0.4,-0.0,-0.4
2026-04-13,271830,1457.0,2.9,0.2,0.0,-0.2
2026-04-14,271830,1509.0,2.95,0.4,-0.0,-0.3
2026-04-15,271830,1506.0,3.01,0.2,0.0,-0.2
2026-04-16,271830,1586.0,3.06,0.9,0.0,-1.0
2026-04-17,271830,1595.0,3.26,0.1,-0.0,-0.0
2026-04-20,271830,1582.0,3.29,0.1,0.0,-0.1
2026-04-21,271830,1593.0,3.31,0.1,0.0,-0.1
2026-04-22,271830,1620.0,3.32,0.0,-0.0,-0.0
2026-04-23,271830,1610.0,3.33,0.0,-0.0,0.0
2026-04-24,271830,1656.0,3.33,0.8,-0.0,-0.9
2026-04-27,271830,1648.0,3.5,0.2,0.0,-0.2
2026-04-28,271830,1643.0,3.55,0.1,0.0,-0.1
2026-04-29,271830,1632.0,3.56,0.2,0.0,-0.2
2026-04-30,271830,1570.0,3.61,0.1,-0.0,-0.1
2026-05-04,271830,1621.0,3.63,0.0,0.3,-0.4
2026-05-06,271830,1601.0,3.64,-0.1,0.0,0.1
2026-05-07,271830,1558.0,3.6,0.2,-0.0,-0.4
2026-05-08,271830,1563.0,3.64,-0.1,-0.0,0.1
2026-05-11,271830,1490.0,3.63,-0.4,0.0,0.6
2026-05-12,271830,1441.0,3.54,0.5,-0.0,-0.3
2026-05-13,271830,1466.0,3.63,-0.2,0.0,0.7
2026-05-14,271830,1425.0,3.58,0.3,-0.0,-0.4
2026-05-15,271830,1383.0,3.66,0.1,0.0,-0.1
2026-05-18,271830,1294.0,3.68,1.3,-0.0,-1.3
2026-05-19,271830,1290.0,4.02,0.2,0.0,-0.2
2026-05-20,271830,1257.0,4.03,-0.1,-0.0,0.1
2026-05-21,271830,1230.0,4.01,-0.3,0.0,0.2
2026-05-22,271830,1285.0,3.92,0.1,-0.0,-0.1
2026-05-26,271830,1287.0,3.94,-0.5,-0.0,0.5
2026-05-27,271830,1204.0,3.82,-0.3,-0.0,0.4
2026-05-28,271830,1178.0,3.74,-0.0,0.0,0.0
2026-05-29,271830,1075.0,3.73,0.3,-0.0,-0.2
2026-06-01,271830,1397.0,3.83,0.0,-0.2,0.0
2026-06-02,271830,1816.0,3.84,-0.1,0.0,0.3
2026-06-04,271830,2360.0,3.82,-13.5,-0.0,11.5
2026-06-05,271830,2085.0,1.78,-6.2,,12.1
2026-06-08,271830,2710.0,1.63,-1.3,0.0,2.0
2026-06-09,271830,2130.0,1.83,-0.3,-0.0,0.4
2026-06-10,271830,2250.0,1.76,2.8,0.4,-3.2
2026-06-11,271830,1960.0,2.05,-4.2,-0.4,4.7
2026-06-12,271830,1835.0,1.41,1.2,,-1.6
2026-06-15,271830,1738.0,1.63,-0.1,,0.6
2026-06-16,271830,1648.0,1.62,2.4,,-2.4
2026-06-17,271830,1609.0,2.1,1.8,0.0,-1.8
2026-06-18,271830,1554.0,2.48,-1.4,,1.5
2026-06-19,271830,1422.0,2.2,0.6,,-0.7
2026-06-22,271830,1295.0,2.35,0.3,,-0.3
2026-06-23,271830,1324.0,2.43,-2.9,0.0,3.0
2026-06-24,271830,1184.0,1.71,1.4,0.0,-1.9
2026-06-25,271830,1200.0,2.1,-1.2,-0.0,1.1
2026-06-26,271830,1068.0,1.78,1.5,0.0,-1.5
2026-06-29,271830,1144.0,2.23,2.1,0.0,-2.1
2026-06-30,271830,1126.0,2.88,-1.1,-0.0,1.1
2026-07-01,271830,1117.0,2.57,0.3,0.0,-0.4
2026-07-02,271830,1034.0,2.67,-0.2,-0.0,0.2
2026-07-03,271830,1141.0,2.61,0.2,0.0,-0.2
2026-07-06,271830,1145.0,2.68,-1.2,-0.0,1.3
2026-07-07,271830,1047.0,2.35,-0.1,-0.0,0.1
2026-07-08,271830,988.0,2.32,-0.0,0.0,0.0
2026-07-09,271830,983.0,2.32,0.3,-0.0,-0.3
2026-07-10,271830,1020.0,2.43,0.3,-0.0,-0.3
2026-07-13,271830,973.0,2.54,-0.5,0.0,0.5
2025-07-14,271940,17530.0,4.1,-0.5,1.7,-1.3
2025-07-15,271940,17150.0,4.07,-4.1,1.5,2.5
2025-07-16,271940,17630.0,4.0,-0.9,2.0,-1.0
2025-07-17,271940,17070.0,3.99,-6.1,2.0,3.8
2025-07-18,271940,17350.0,3.87,-0.8,2.1,-1.3
2025-07-21,271940,17120.0,3.86,-0.9,1.1,-0.2
2025-07-22,271940,16630.0,3.85,-0.1,1.1,-0.7
2025-07-23,271940,16490.0,3.84,3.8,0.4,-4.3
2025-07-24,271940,16920.0,3.91,0.5,1.2,-1.7
2025-07-25,271940,17280.0,3.91,-0.1,1.4,-1.1
2025-07-28,271940,17200.0,3.9,0.3,1.3,-1.5
2025-07-29,271940,17050.0,3.91,-1.0,1.4,-0.5
2025-07-30,271940,16980.0,3.89,-0.5,0.8,-0.4
2025-07-31,271940,16600.0,3.89,-0.9,1.4,-0.5
2025-08-01,271940,16010.0,3.86,0.3,1.5,-1.7
2025-08-04,271940,16350.0,3.88,1.0,1.0,-1.9
2025-08-05,271940,16500.0,3.89,-0.3,0.7,-0.4
2025-08-06,271940,17280.0,3.89,1.6,0.4,-2.2
2025-08-07,271940,17170.0,3.92,0.0,0.9,-1.0
2025-08-08,271940,17260.0,3.92,-0.0,0.4,-0.4
2025-08-11,271940,17190.0,3.93,0.7,-0.2,-0.4
2025-08-12,271940,17460.0,3.93,0.8,0.7,-1.4
2025-08-13,271940,17430.0,3.93,-1.0,1.5,-0.5
2025-08-14,271940,17650.0,3.91,4.3,1.2,-5.5
2025-08-18,271940,17600.0,3.97,-1.6,2.1,-0.6
2025-08-19,271940,17230.0,3.91,-0.0,0.6,-0.5
2025-08-20,271940,16900.0,3.91,-0.4,0.4,-0.0
2025-08-21,271940,16770.0,3.89,-0.3,1.2,-1.0
2025-08-22,271940,17360.0,3.88,0.2,2.5,-2.7
2025-08-25,271940,17840.0,3.89,1.7,-0.2,-1.6
2025-08-26,271940,17700.0,3.93,0.1,0.0,-0.1
2025-08-27,271940,17120.0,3.94,-8.7,0.3,8.4
2025-08-28,271940,17000.0,3.78,-0.8,1.0,0.3
2025-08-29,271940,17990.0,3.79,7.8,1.4,-8.8
2025-09-01,271940,17160.0,3.95,-4.6,0.3,4.3
2025-09-02,271940,17370.0,3.84,-1.6,0.4,1.2
2025-09-03,271940,18000.0,3.81,-0.8,0.5,0.4
2025-09-04,271940,17080.0,3.79,-5.8,0.2,5.6
2025-09-05,271940,16890.0,3.7,-2.7,0.3,2.3
2025-09-08,271940,16910.0,3.65,-1.4,1.6,-0.2
2025-09-09,271940,17100.0,3.63,0.3,0.4,-0.7
2025-09-10,271940,17620.0,3.64,3.9,0.8,-4.7
2025-09-11,271940,18500.0,3.71,6.8,4.7,-11.4
2025-09-12,271940,19690.0,3.83,-1.5,2.8,-1.4
2025-09-15,271940,19290.0,3.79,3.0,1.3,-4.2
2025-09-16,271940,18340.0,3.86,-5.5,-1.8,7.3
2025-09-17,271940,18170.0,3.75,-0.4,0.9,-0.5
2025-09-18,271940,18240.0,3.74,-1.4,0.8,0.6
2025-09-19,271940,18250.0,3.71,-0.7,1.0,-0.3
2025-09-22,271940,17940.0,3.7,-2.9,0.8,2.1
2025-09-23,271940,18080.0,3.65,-1.9,0.2,1.7
2025-09-24,271940,18060.0,3.62,-2.0,0.6,1.4
2025-09-25,271940,17520.0,3.6,-0.9,-0.2,1.1
2025-09-26,271940,16980.0,3.58,-1.3,0.5,0.8
2025-09-29,271940,16950.0,3.57,0.0,0.5,-0.5
2025-09-30,271940,16900.0,3.57,-2.0,0.6,1.3
2025-10-01,271940,16930.0,3.53,-1.2,0.2,0.9
2025-10-02,271940,17370.0,3.5,0.4,0.2,-0.6
2025-10-10,271940,17630.0,3.52,1.9,0.2,-2.2
2025-10-13,271940,18160.0,3.55,1.2,1.1,-2.3
2025-10-14,271940,18960.0,3.57,6.1,1.5,-7.5
2025-10-15,271940,19910.0,3.68,5.7,2.3,-7.9
2025-10-16,271940,20000.0,3.78,8.3,1.2,-9.0
2025-10-17,271940,19800.0,3.92,3.5,1.5,-5.0
2025-10-20,271940,19430.0,3.98,-0.0,1.1,-1.2
2025-10-21,271940,19300.0,3.97,0.8,2.7,-3.7
2025-10-22,271940,18920.0,3.98,-1.9,0.6,1.4
2025-10-23,271940,18510.0,3.97,-2.5,-0.7,3.2
2025-10-24,271940,18580.0,3.91,-1.3,0.4,0.8
2025-10-27,271940,18540.0,3.89,-1.7,-0.6,0.8
2025-10-28,271940,19500.0,3.84,-0.4,0.6,-0.2
2025-10-29,271940,20650.0,3.83,-0.3,1.7,-1.4
2025-10-30,271940,19350.0,3.84,-1.3,-3.2,4.4
2025-10-31,271940,19170.0,3.79,-4.6,0.7,3.7
2025-11-03,271940,18900.0,3.71,-0.2,-0.3,0.5
2025-11-04,271940,19120.0,3.71,0.5,-0.4,-0.3
2025-11-05,271940,18270.0,3.72,-1.4,-1.0,2.3
2025-11-06,271940,17250.0,3.7,-4.0,-4.5,8.3
2025-11-07,271940,16560.0,3.63,-2.9,-1.0,3.8
2025-11-10,271940,16590.0,3.57,0.3,-0.9,0.3
2025-11-11,271940,16740.0,3.53,-1.9,-2.5,4.3
2025-11-12,271940,16700.0,3.49,1.3,-4.0,2.7
2025-11-13,271940,16450.0,3.52,-1.4,-2.9,4.3
2025-11-14,271940,15800.0,3.49,-4.2,-1.5,5.7
2025-11-17,271940,15300.0,3.44,0.3,-1.5,1.2
2025-11-18,271940,14950.0,3.46,-2.6,-1.2,3.8
2025-11-19,271940,14560.0,3.43,-1.4,-0.2,1.6
2025-11-20,271940,14940.0,3.59,-0.4,-0.4,0.8
2025-11-21,271940,14470.0,3.6,0.7,-0.8,0.1
2025-11-24,271940,14210.0,3.61,0.3,-0.9,0.7
2025-11-25,271940,14610.0,3.61,1.0,-0.4,-0.6
2025-11-26,271940,14500.0,3.64,-1.3,-0.2,1.5
2025-11-27,271940,14570.0,3.61,0.8,-1.0,0.3
2025-11-28,271940,14490.0,3.63,-0.4,-1.0,1.5
2025-12-01,271940,14590.0,3.62,-0.7,-1.1,1.8
2025-12-02,271940,14750.0,3.6,-1.4,-1.2,2.6
2025-12-03,271940,14930.0,3.57,0.8,-1.7,0.9
2025-12-04,271940,14570.0,3.59,-0.1,-4.0,4.0
2025-12-05,271940,15370.0,3.57,3.3,-5.9,2.5
2025-12-08,271940,14790.0,3.63,-5.4,-2.6,7.9
2025-12-09,271940,14670.0,3.52,-3.5,-1.7,5.2
2025-12-10,271940,14540.0,3.45,-1.0,0.2,0.8
2025-12-11,271940,14540.0,3.43,-0.2,-1.0,1.3
2025-12-12,271940,15020.0,3.43,0.9,0.0,-0.9
2025-12-15,271940,14610.0,3.45,-0.0,-0.9,0.9
2025-12-16,271940,14090.0,3.44,-3.4,-0.8,4.1
2025-12-17,271940,14030.0,3.37,-0.5,-1.0,1.8
2025-12-18,271940,13950.0,3.36,-0.4,-0.2,0.6
2025-12-19,271940,14100.0,3.35,0.5,-0.2,0.3
2025-12-22,271940,14490.0,3.36,1.2,-0.1,-1.1
2025-12-23,271940,14110.0,3.39,0.9,-0.2,-0.7
2025-12-24,271940,14000.0,3.44,-0.6,-1.0,1.6
2025-12-26,271940,13770.0,3.4,-2.4,-0.3,2.7
2025-12-29,271940,13710.0,3.35,1.3,-0.3,-1.2
2025-12-30,271940,13400.0,3.38,-1.3,-1.1,2.3
2026-01-02,271940,13820.0,3.35,-0.3,-0.2,0.6
2026-01-05,271940,14190.0,3.35,1.1,-0.6,-0.5
2026-01-06,271940,13950.0,3.37,-0.3,-0.7,0.9
2026-01-07,271940,13560.0,3.37,-1.1,-1.2,2.2
2026-01-08,271940,13230.0,3.35,-1.2,-1.2,2.4
2026-01-09,271940,13400.0,3.33,1.0,-0.0,-0.9
2026-01-12,271940,13400.0,3.36,0.4,-0.6,0.1
2026-01-13,271940,13530.0,3.36,0.8,-1.1,0.3
2026-01-14,271940,13290.0,3.36,-0.5,-0.6,1.0
2026-01-15,271940,13530.0,3.36,1.0,-0.1,-0.8
2026-01-16,271940,13390.0,3.39,-0.7,-0.5,1.2
2026-01-19,271940,13520.0,3.37,1.8,-0.6,-1.2
2026-01-20,271940,13670.0,3.42,2.3,-1.0,-1.4
2026-01-21,271940,13430.0,3.28,-3.2,-1.1,4.4
2026-01-22,271940,13860.0,3.22,3.3,-0.8,-2.5
2026-01-23,271940,13850.0,3.29,0.2,0.4,-0.6
2026-01-26,271940,13760.0,3.29,0.2,-1.2,1.0
2026-01-27,271940,13860.0,3.29,-2.0,-0.3,2.3
2026-01-28,271940,14740.0,3.25,1.3,-0.9,-0.8
2026-01-29,271940,14550.0,3.26,0.8,-1.5,0.6
2026-01-30,271940,14200.0,3.28,-0.2,-1.7,1.8
2026-02-02,271940,13480.0,3.14,-3.3,-1.4,4.5
2026-02-03,271940,13850.0,3.08,-0.0,-1.0,1.0
2026-02-04,271940,14190.0,3.07,4.2,-1.7,-2.6
2026-02-05,271940,13730.0,3.16,-0.5,-1.8,2.3
2026-02-06,271940,13540.0,3.15,-0.7,-1.3,1.9
2026-02-09,271940,13950.0,3.13,1.7,-0.8,-0.9
2026-02-10,271940,14100.0,3.18,1.3,-0.3,-1.1
2026-02-11,271940,13970.0,3.2,0.4,-1.0,0.6
2026-02-12,271940,14090.0,3.21,1.8,-0.6,-1.3
2026-02-13,271940,14310.0,3.25,-0.2,-0.6,0.7
2026-02-19,271940,14690.0,3.25,2.2,-1.6,-0.8
2026-02-20,271940,14980.0,3.28,0.6,-1.6,1.0
2026-02-23,271940,14560.0,3.29,-0.1,-2.2,2.4
2026-02-24,271940,14610.0,3.27,-1.9,-1.1,3.0
2026-02-25,271940,16300.0,3.22,-2.2,-5.7,8.5
2026-02-26,271940,15770.0,3.19,-4.7,-1.6,6.4
2026-02-27,271940,16020.0,3.09,-1.2,-1.0,2.4
2026-03-03,271940,18150.0,3.09,-11.8,-0.8,12.4
2026-03-04,271940,15300.0,2.92,-6.2,-0.7,6.5
2026-03-05,271940,17340.0,3.01,4.1,-1.4,-2.9
2026-03-06,271940,18870.0,3.1,-0.6,-1.8,2.4
2026-03-09,271940,17350.0,3.06,-2.6,-0.9,3.7
2026-03-10,271940,17050.0,3.03,0.3,-0.9,0.4
2026-03-11,271940,16670.0,3.03,0.7,-0.0,-0.6
2026-03-12,271940,18090.0,3.03,2.1,-1.7,-0.4
2026-03-13,271940,18040.0,3.07,-11.5,-0.6,12.1
2026-03-16,271940,16880.0,2.88,-2.4,-1.5,3.6
2026-03-17,271940,16520.0,2.85,-1.5,-1.8,3.3
2026-03-18,271940,16800.0,2.88,0.9,-2.0,1.0
2026-03-19,271940,16400.0,2.92,0.0,-1.5,1.0
2026-03-20,271940,17500.0,2.91,0.4,-0.5,1.1
2026-03-23,271940,16440.0,2.94,-0.4,-1.4,1.5
2026-03-24,271940,16620.0,2.92,-0.1,-1.6,1.7
2026-03-25,271940,16480.0,2.94,-0.9,-1.7,2.7
2026-03-26,271940,16180.0,2.91,-1.0,-1.0,2.0
2026-03-27,271940,15880.0,2.9,-0.5,-1.0,1.4
2026-03-30,271940,15380.0,2.9,0.5,-1.0,0.5
2026-03-31,271940,15340.0,2.95,1.0,-0.1,-0.8
2026-04-01,271940,16000.0,2.97,0.6,-1.1,0.5
2026-04-02,271940,15380.0,2.97,-0.1,-1.0,1.2
2026-04-03,271940,15840.0,2.96,0.9,-1.3,0.3
2026-04-06,271940,16000.0,2.98,-3.4,-0.8,4.2
2026-04-07,271940,15830.0,2.9,-2.0,-1.5,3.5
2026-04-08,271940,15850.0,2.89,-1.1,-1.6,2.7
2026-04-09,271940,15900.0,2.86,-0.0,-1.0,1.0
2026-04-10,271940,16090.0,2.91,2.4,-0.6,-1.8
2026-04-13,271940,15940.0,2.97,0.0,-0.7,0.7
2026-04-14,271940,16430.0,2.96,3.8,-0.4,-3.5
2026-04-15,271940,16680.0,3.07,0.9,-1.5,0.6
2026-04-16,271940,16760.0,3.02,0.3,-1.3,1.0
2026-04-17,271940,16900.0,3.02,1.4,-1.4,-0.1
2026-04-20,271940,17140.0,3.04,2.0,-0.9,-1.1
2026-04-21,271940,17170.0,3.09,-1.0,-1.5,2.9
2026-04-22,271940,17170.0,3.07,2.7,-1.3,-1.2
2026-04-23,271940,16970.0,3.12,0.0,-1.1,1.0
2026-04-24,271940,17460.0,3.1,9.7,0.5,-10.0
2026-04-27,271940,17700.0,3.24,-1.1,0.3,0.6
2026-04-28,271940,18320.0,3.22,2.1,2.2,-5.1
2026-04-29,271940,18360.0,3.28,-1.4,0.7,0.9
2026-04-30,271940,18280.0,3.23,1.9,0.2,-2.1
2026-05-04,271940,18040.0,3.23,-0.4,0.2,0.3
2026-05-06,271940,18940.0,3.2,6.7,0.4,-6.8
2026-05-07,271940,18210.0,3.35,-4.2,0.0,4.3
2026-05-08,271940,17800.0,3.26,4.2,-0.4,-1.7
2026-05-11,271940,17180.0,3.33,1.3,-0.7,-0.6
2026-05-12,271940,16480.0,3.33,-0.8,-2.1,3.0
2026-05-13,271940,16320.0,3.24,0.9,-1.2,0.2
2026-05-14,271940,16350.0,3.27,2.2,-1.1,-1.2
2026-05-15,271940,15780.0,3.31,-2.3,0.4,2.0
2026-05-18,271940,15640.0,3.17,0.1,0.3,-0.4
2026-05-19,271940,15040.0,3.22,-0.3,0.2,0.1
2026-05-20,271940,14260.0,3.2,0.4,-0.1,-0.3
2026-05-21,271940,14550.0,3.23,-2.9,-0.7,3.7
2026-05-22,271940,15600.0,3.16,2.2,-0.3,-1.9
2026-05-26,271940,14900.0,3.2,-2.7,-0.2,2.8
2026-05-27,271940,14550.0,3.13,1.3,-0.5,-0.8
2026-05-28,271940,14350.0,3.16,2.0,-0.8,-1.2
2026-05-29,271940,14130.0,3.2,2.4,-0.9,-1.6
2026-06-01,271940,14010.0,3.25,2.7,-1.2,-1.5
2026-06-02,271940,13330.0,3.3,3.0,-0.0,-3.0
2026-06-04,271940,13640.0,3.34,0.7,-0.5,-0.2
2026-06-05,271940,13730.0,3.35,0.4,0.3,-0.6
2026-06-08,271940,12630.0,3.38,-0.3,0.0,0.3
2026-06-09,271940,12510.0,3.37,-2.2,0.3,2.0
2026-06-10,271940,12980.0,3.29,1.7,0.2,-1.9
2026-06-11,271940,12300.0,3.35,-3.5,-0.1,3.6
2026-06-12,271940,13510.0,3.25,-1.5,3.7,-2.2
2026-06-15,271940,13320.0,3.23,-0.6,-0.6,1.1
2026-06-16,271940,13040.0,3.23,0.2,-1.3,0.9
2026-06-17,271940,12780.0,3.23,-0.2,-0.4,0.5
2026-06-18,271940,12290.0,3.22,-2.5,-0.2,2.5
2026-06-19,271940,12000.0,3.16,-4.8,2.2,2.6
2026-06-22,271940,11040.0,3.11,-1.3,0.0,1.3
2026-06-23,271940,10240.0,3.18,0.2,-0.2,0.1
2026-06-24,271940,10230.0,3.19,-0.0,-0.1,0.1
2026-06-25,271940,10000.0,3.19,-0.6,-0.2,0.8
2026-06-26,271940,9480.0,3.17,0.6,-0.1,-0.5
2026-06-29,271940,10300.0,3.2,2.4,0.0,-2.4
2026-06-30,271940,10070.0,3.28,0.1,-0.2,0.1
2026-07-01,271940,10470.0,3.29,-0.1,-0.0,0.1
2026-07-02,271940,9940.0,3.29,-0.2,-0.0,0.2
2026-07-03,271940,10300.0,3.28,1.0,0.0,-1.0
2026-07-06,271940,10100.0,3.31,0.2,-0.2,-0.1
2026-07-07,271940,10070.0,3.28,0.9,-0.0,-0.8
2026-07-08,271940,9500.0,3.3,-0.5,0.1,0.4
2026-07-09,271940,10360.0,3.27,-0.9,0.1,0.8
2026-07-10,271940,10300.0,3.22,1.1,-0.6,-0.5
2026-07-13,271940,9860.0,3.27,-0.7,0.3,0.4
2025-07-14,271980,15420.0,1.67,-0.3,-0.0,0.2
2025-07-15,271980,15550.0,1.67,0.5,0.0,-0.5
2025-07-16,271980,15450.0,1.68,0.3,0.0,-0.3
2025-07-17,271980,15450.0,1.68,1.6,0.0,-1.2
2025-07-18,271980,15430.0,1.77,0.3,0.0,-0.4
2025-07-21,271980,15230.0,1.77,-0.0,0.1,0.0
2025-07-22,271980,14970.0,1.77,0.4,0.0,-0.3
2025-07-23,271980,14810.0,1.79,0.1,0.0,-0.1
2025-07-24,271980,14420.0,1.8,-0.4,0.0,0.3
2025-07-25,271980,14280.0,1.77,0.3,-0.2,-0.0
2025-07-28,271980,14080.0,1.79,0.1,-0.0,-0.1
2025-07-29,271980,14350.0,1.79,-0.0,0.2,-0.1
2025-07-30,271980,14140.0,1.78,-0.2,-0.2,0.3
2025-07-31,271980,13980.0,1.78,0.1,0.0,-0.1
2025-08-01,271980,13520.0,1.85,-0.2,0.2,0.0
2025-08-04,271980,13840.0,1.77,0.2,0.1,-0.2
2025-08-05,271980,13960.0,1.78,-0.1,-0.0,0.1
2025-08-06,271980,13980.0,1.77,0.3,-0.0,-0.2
2025-08-07,271980,13840.0,1.79,0.4,-0.0,-0.4
2025-08-08,271980,13900.0,1.83,0.1,-0.0,-0.1
2025-08-11,271980,13690.0,1.83,0.1,-0.3,0.2
2025-08-12,271980,13740.0,1.84,0.3,-0.3,0.0
2025-08-13,271980,14000.0,1.86,0.4,0.0,-0.4
2025-08-14,271980,14160.0,1.89,0.4,0.0,-0.4
2025-08-18,271980,13800.0,1.97,-0.1,0.1,0.1
2025-08-19,271980,13980.0,1.96,0.3,-0.0,-0.3
2025-08-20,271980,13720.0,1.97,-0.6,0.0,0.6
2025-08-21,271980,13580.0,1.93,-0.3,0.1,0.2
2025-08-22,271980,13400.0,1.91,0.5,-0.1,-0.4
2025-08-25,271980,13480.0,1.94,0.2,-0.0,-0.2
2025-08-26,271980,13500.0,1.95,0.2,-0.0,-0.2
2025-08-27,271980,13600.0,1.97,-0.1,0.0,0.1
2025-08-28,271980,13540.0,1.97,0.3,-0.0,-0.3
2025-08-29,271980,13430.0,1.98,-0.4,-0.0,0.5
2025-09-01,271980,12960.0,1.96,-1.1,0.0,1.0
2025-09-02,271980,12960.0,1.89,0.5,-0.0,-0.5
2025-09-03,271980,13000.0,1.93,0.9,-0.0,-0.8
2025-09-04,271980,13500.0,1.97,0.5,-0.0,-0.5
2025-09-05,271980,13750.0,1.98,0.1,-0.0,-0.0
2025-09-08,271980,13840.0,2.0,0.2,-0.0,-0.1
2025-09-09,271980,14160.0,2.0,0.5,-0.0,-0.5
2025-09-10,271980,14140.0,2.03,0.3,-0.1,-0.2
2025-09-11,271980,13980.0,2.04,0.3,-0.3,0.0
2025-09-12,271980,13780.0,2.06,0.7,0.0,-0.7
2025-09-15,271980,14140.0,2.1,0.2,-0.0,-0.2
2025-09-16,271980,13870.0,2.09,-0.1,0.1,0.0
2025-09-17,271980,14580.0,2.09,-7.4,-0.2,7.5
2025-09-18,271980,14110.0,1.78,2.7,0.0,-2.8
2025-09-19,271980,14350.0,1.9,0.4,-0.0,-0.3
2025-09-22,271980,14400.0,1.91,0.3,0.1,-0.4
2025-09-23,271980,14520.0,1.91,0.1,-0.1,-0.0
2025-09-24,271980,14500.0,1.89,0.9,-0.0,-0.8
2025-09-25,271980,14290.0,1.92,-0.3,-0.0,0.3
2025-09-26,271980,15150.0,1.9,1.7,-0.0,-1.8
2025-09-29,271980,14970.0,1.83,1.9,1.0,-2.7
2025-09-30,271980,14700.0,1.92,0.6,0.0,-0.6
2025-10-01,271980,15250.0,1.87,0.8,0.0,-1.0
2025-10-02,271980,15150.0,1.91,0.2,0.0,-0.2
2025-10-10,271980,16600.0,1.92,0.6,-0.1,-1.0
2025-10-13,271980,15540.0,1.92,-3.5,-0.5,4.2
2025-10-14,271980,15010.0,1.76,-0.8,0.9,-0.1
2025-10-15,271980,14790.0,1.73,0.2,-0.5,0.4
2025-10-16,271980,14510.0,1.74,-0.4,-0.1,0.5
2025-10-17,271980,14210.0,1.72,0.1,-0.2,0.1
2025-10-20,271980,14510.0,1.74,0.2,0.2,-0.4
2025-10-21,271980,14600.0,1.75,-0.1,-0.2,0.3
2025-10-22,271980,14460.0,1.75,0.3,0.3,-0.7
2025-10-23,271980,14340.0,1.76,-0.2,-0.4,0.6
2025-10-24,271980,14270.0,1.75,-0.3,-0.0,0.3
2025-10-27,271980,14700.0,1.77,2.0,0.4,-2.4
2025-10-28,271980,14600.0,1.87,-0.3,0.1,0.2
2025-10-29,271980,14590.0,1.86,-0.1,-0.2,0.3
2025-10-30,271980,14420.0,1.88,-0.4,-0.3,0.7
2025-10-31,271980,14380.0,1.84,0.6,0.4,-1.1
2025-11-03,271980,14070.0,1.87,-0.5,-0.4,0.9
2025-11-04,271980,14030.0,1.81,0.9,0.4,-1.4
2025-11-05,271980,13860.0,1.87,0.7,0.3,-1.0
2025-11-06,271980,13980.0,1.9,1.0,0.3,-1.3
2025-11-07,271980,13540.0,1.96,-0.2,0.0,0.1
2025-11-10,271980,13950.0,1.92,0.3,0.1,-0.4
2025-11-11,271980,13800.0,1.79,0.0,0.0,-0.0
2025-11-12,271980,14190.0,1.79,0.8,0.1,-0.9
2025-11-13,271980,14600.0,1.84,0.4,0.0,-0.6
2025-11-14,271980,14700.0,1.85,0.8,0.1,-0.9
2025-11-17,271980,14420.0,1.9,0.4,0.4,-0.9
2025-11-18,271980,14200.0,1.92,-0.2,-0.6,0.7
2025-11-19,271980,14060.0,1.91,0.7,-0.3,-0.4
2025-11-20,271980,14420.0,1.93,0.7,-0.1,-0.7
2025-11-21,271980,14400.0,1.97,0.6,0.3,-0.9
2025-11-24,271980,14100.0,2.0,0.0,-0.1,0.1
2025-11-25,271980,14000.0,2.02,-0.0,0.1,-0.1
2025-11-26,271980,14130.0,2.01,1.1,0.2,-1.3
2025-11-27,271980,14380.0,2.06,0.9,0.2,-1.1
2025-11-28,271980,15020.0,2.12,2.2,-0.1,-2.6
2025-12-01,271980,15750.0,2.27,4.2,0.8,-5.0
2025-12-02,271980,15950.0,2.5,2.0,-0.4,-1.5
2025-12-03,271980,15980.0,2.58,2.0,0.4,-2.4
2025-12-04,271980,15700.0,2.66,1.2,0.4,-1.6
2025-12-05,271980,15450.0,2.66,0.6,-0.1,-0.5
2025-12-08,271980,15450.0,2.67,-0.1,-0.3,0.4
2025-12-09,271980,15700.0,2.64,2.1,-0.7,-1.4
2025-12-10,271980,15110.0,2.74,-1.2,-0.2,1.3
2025-12-11,271980,15650.0,2.67,1.7,0.4,-2.1
2025-12-12,271980,16040.0,2.76,0.2,-0.5,0.3
2025-12-15,271980,16530.0,2.75,1.3,0.3,-1.9
2025-12-16,271980,16040.0,2.87,-1.7,-0.3,2.0
2025-12-17,271980,16020.0,2.79,-0.8,0.2,0.8
2025-12-18,271980,15710.0,2.71,-0.1,-0.1,0.1
2025-12-19,271980,16080.0,2.71,0.7,0.3,-1.0
2025-12-22,271980,15690.0,2.74,-1.1,-0.4,1.5
2025-12-23,271980,15310.0,2.68,-0.1,-0.1,0.5
2025-12-24,271980,15490.0,2.66,0.0,0.3,-0.4
2025-12-26,271980,15710.0,2.69,-0.0,0.1,-0.1
2025-12-29,271980,15600.0,2.68,0.3,-0.2,-0.0
2025-12-30,271980,15150.0,2.69,0.0,-0.2,0.2
2026-01-02,271980,15110.0,2.55,0.6,0.1,-0.7
2026-01-05,271980,15780.0,2.57,1.8,-0.0,-1.8
2026-01-06,271980,16070.0,2.65,1.9,0.0,-1.9
2026-01-07,271980,15930.0,2.75,-1.0,0.4,0.6
2026-01-08,271980,15820.0,2.71,-0.4,-0.1,0.3
2026-01-09,271980,15430.0,2.69,-0.8,-0.0,1.5
2026-01-12,271980,15110.0,2.66,-0.6,0.0,0.5
2026-01-13,271980,14830.0,2.63,-2.7,-0.0,2.7
2026-01-14,271980,14870.0,2.58,-0.0,-0.5,0.6
2026-01-15,271980,14890.0,2.58,-0.3,-0.0,0.3
2026-01-16,271980,14920.0,2.57,-0.2,0.0,0.2
2026-01-19,271980,14530.0,2.56,-0.9,-0.0,0.9
2026-01-20,271980,14700.0,2.52,0.5,-0.0,-0.5
2026-01-21,271980,14280.0,2.54,-1.3,-0.0,1.5
2026-01-22,271980,14210.0,2.48,-0.1,-0.0,0.1
2026-01-23,271980,14550.0,2.47,2.1,-0.0,-2.0
2026-01-26,271980,14780.0,2.57,0.7,0.0,-0.7
2026-01-27,271980,14920.0,2.59,0.3,-0.4,0.2
2026-01-28,271980,14810.0,2.61,0.0,-0.0,-0.3
2026-01-29,271980,14880.0,2.61,0.1,-0.0,-0.0
2026-01-30,271980,14560.0,2.61,-0.1,-0.0,0.1
2026-02-02,271980,14190.0,2.61,-0.3,-0.3,0.6
2026-02-03,271980,14370.0,2.59,-0.2,-0.0,0.2
2026-02-04,271980,14460.0,2.59,1.0,-0.0,-1.0
2026-02-05,271980,14400.0,2.63,0.3,0.0,-0.2
2026-02-06,271980,14500.0,2.65,-0.8,-0.5,1.3
2026-02-09,271980,14580.0,2.61,-0.7,-0.0,0.6
2026-02-10,271980,14730.0,2.57,1.2,-0.1,-1.0
2026-02-11,271980,14890.0,2.63,-0.1,-0.0,0.1
2026-02-12,271980,14860.0,2.62,-0.2,-0.0,0.2
2026-02-13,271980,14800.0,2.61,-0.9,-0.0,0.9
2026-02-19,271980,14680.0,2.57,3.0,-0.0,-3.0
2026-02-20,271980,14790.0,2.71,0.2,0.0,-0.2
2026-02-23,271980,14970.0,2.72,1.7,0.0,-1.7
2026-02-24,271980,17390.0,2.8,-13.6,-0.0,13.2
2026-02-25,271980,16880.0,2.3,9.5,0.1,-9.2
2026-02-26,271980,15910.0,2.69,-0.6,0.0,0.5
2026-02-27,271980,15830.0,2.66,-1.0,0.0,1.0
2026-03-03,271980,15280.0,2.62,4.6,0.0,-4.2
2026-03-04,271980,14040.0,2.82,-0.7,-0.0,1.4
2026-03-05,271980,15000.0,2.79,1.2,-0.0,-1.3
2026-03-06,271980,14450.0,2.85,-1.2,0.0,1.1
2026-03-09,271980,13730.0,2.79,0.0,-0.1,0.1
2026-03-10,271980,14150.0,2.79,0.5,0.0,-0.8
2026-03-11,271980,14620.0,2.82,1.2,-0.0,-1.1
2026-03-12,271980,14560.0,2.97,-0.6,-0.0,0.7
2026-03-13,271980,14950.0,2.94,0.1,-0.1,-0.2
2026-03-16,271980,14750.0,2.94,-2.0,-0.0,2.0
2026-03-17,271980,14540.0,2.84,-0.8,-0.0,0.8
2026-03-18,271980,14430.0,2.81,-1.1,-0.0,1.1
2026-03-19,271980,14430.0,2.75,-0.1,0.0,0.1
2026-03-20,271980,14340.0,2.75,0.4,0.0,-0.2
2026-03-23,271980,13830.0,2.74,-0.8,0.0,0.8
2026-03-24,271980,13700.0,2.7,0.5,-0.0,-0.5
2026-03-25,271980,13950.0,2.73,0.2,-0.0,-0.2
2026-03-26,271980,14270.0,2.73,-1.2,0.0,1.2
2026-03-27,271980,14220.0,2.67,-0.6,1.3,-0.7
2026-03-30,271980,13680.0,2.65,-0.4,-0.0,0.4
2026-03-31,271980,13950.0,2.63,-1.2,-0.0,1.3
2026-04-01,271980,13950.0,2.57,-2.2,-0.0,2.2
2026-04-02,271980,13730.0,2.46,-1.2,-0.0,1.2
2026-04-03,271980,13440.0,2.4,-0.7,-0.0,0.7
2026-04-06,271980,13130.0,2.36,0.5,-1.2,0.7
2026-04-07,271980,13390.0,2.39,0.1,-0.2,0.0
2026-04-08,271980,13150.0,2.4,-1.3,-0.8,2.1
2026-04-09,271980,13040.0,2.33,-0.3,-0.1,0.4
2026-04-10,271980,13230.0,2.32,0.6,-0.0,-0.6
2026-04-13,271980,13370.0,2.35,0.0,0.0,-0.1
2026-04-14,271980,13420.0,2.35,-0.1,-0.0,0.1
2026-04-15,271980,13570.0,2.34,0.6,-0.0,-0.7
2026-04-16,271980,14040.0,2.37,0.9,-0.0,-0.9
2026-04-17,271980,14340.0,2.41,-3.1,-0.0,3.4
2026-04-20,271980,14270.0,2.27,-0.1,0.2,-0.1
2026-04-21,271980,14070.0,2.24,-0.2,-0.2,0.4
2026-04-22,271980,13860.0,2.23,0.4,-0.0,-0.6
2026-04-23,271980,13850.0,2.24,0.2,-0.0,-0.2
2026-04-24,271980,13900.0,2.25,0.3,-0.0,-0.3
2026-04-27,271980,14080.0,2.26,0.2,-0.0,-0.2
2026-04-28,271980,14010.0,2.27,-0.3,-0.0,0.5
2026-04-29,271980,14260.0,2.26,-3.8,-0.0,3.8
2026-04-30,271980,14000.0,2.08,0.1,-0.0,-0.1
2026-05-04,271980,13960.0,2.08,-0.6,-0.2,0.9
2026-05-06,271980,13610.0,2.05,-0.4,-0.7,1.0
2026-05-07,271980,13600.0,2.03,-0.2,-0.2,0.2
2026-05-08,271980,13720.0,2.01,0.4,0.0,-0.5
2026-05-11,271980,13170.0,2.04,-0.1,-0.0,0.7
2026-05-12,271980,13230.0,2.03,-0.7,-0.3,0.7
2026-05-13,271980,13720.0,1.99,0.3,0.7,-1.0
2026-05-14,271980,14180.0,2.01,3.3,0.2,-3.5
2026-05-15,271980,13800.0,2.17,1.0,0.4,-1.7
2026-05-18,271980,13970.0,2.18,0.2,1.4,-1.8
2026-05-19,271980,13880.0,2.19,2.4,-0.2,-2.2
2026-05-20,271980,12950.0,2.31,-0.9,-0.2,1.3
2026-05-21,271980,13120.0,2.27,-0.9,0.2,0.7
2026-05-22,271980,12900.0,2.22,0.5,-0.2,-0.5
2026-05-26,271980,12270.0,2.24,-5.7,-2.0,7.8
2026-05-27,271980,12030.0,1.93,-0.3,-0.0,0.4
2026-05-28,271980,11830.0,1.91,-0.3,0.0,0.3
2026-05-29,271980,11830.0,1.9,-0.2,-0.0,0.2
2026-06-01,271980,11370.0,1.88,-1.3,-0.0,1.3
2026-06-02,271980,10990.0,1.81,-0.2,0.0,0.2
2026-06-04,271980,10670.0,1.79,-0.6,-0.1,0.6
2026-06-05,271980,10180.0,1.78,0.7,0.0,-0.7
2026-06-08,271980,9700.0,1.82,0.1,0.0,-0.1
2026-06-09,271980,10180.0,1.82,0.6,-0.0,-0.6
2026-06-10,271980,10150.0,1.87,-0.3,0.0,0.3
2026-06-11,271980,10150.0,1.85,-0.4,-0.0,0.4
2026-06-12,271980,10230.0,1.82,-0.1,-0.0,0.0
2026-06-15,271980,10700.0,1.81,-0.5,-0.0,0.6
2026-06-16,271980,10590.0,1.78,-0.4,-0.0,0.3
2026-06-17,271980,10840.0,1.76,1.0,-1.0,-0.1
2026-06-18,271980,10730.0,1.82,-0.4,-0.0,0.5
2026-06-19,271980,10480.0,1.79,-0.6,-0.0,0.6
2026-06-22,271980,10230.0,1.75,-0.0,-0.0,0.1
2026-06-23,271980,9550.0,1.75,0.1,0.0,-0.0
2026-06-24,271980,9670.0,1.76,0.4,0.0,-0.3
2026-06-25,271980,9770.0,1.79,0.7,-0.0,-0.7
2026-06-26,271980,9840.0,1.83,0.2,0.0,-0.2
2026-06-29,271980,10430.0,1.84,-0.0,-0.0,0.0
2026-06-30,271980,10210.0,1.84,-0.2,-0.0,0.2
2026-07-01,271980,10130.0,1.82,0.1,-0.0,-0.1
2026-07-02,271980,9980.0,1.8,0.3,0.0,-0.4
2026-07-03,271980,10190.0,1.82,-0.0,-0.0,0.0
2026-07-06,271980,10180.0,1.82,0.1,-0.0,-0.1
2026-07-07,271980,10270.0,1.83,-0.0,0.0,-0.0
2026-07-08,271980,10170.0,1.83,0.1,0.0,-0.1
2026-07-09,271980,10170.0,1.84,0.0,0.0,-0.0
2026-07-10,271980,10230.0,1.84,-0.0,-0.0,0.0
2026-07-13,271980,9910.0,1.84,0.1,0.0,-0.1
2025-07-14,272110,18300.0,5.73,-0.9,-0.0,0.9
2025-07-15,272110,18350.0,5.67,2.4,-1.0,-1.4
2025-07-16,272110,19000.0,5.9,1.6,0.5,-2.2
2025-07-17,272110,18670.0,6.0,-4.5,4.6,-0.1
2025-07-18,272110,18050.0,5.7,-1.7,-0.4,3.0
2025-07-21,272110,18450.0,5.58,0.9,-0.0,-0.8
2025-07-22,272110,17830.0,5.64,-3.5,-0.7,4.1
2025-07-23,272110,18160.0,5.4,-0.0,-0.0,0.0
2025-07-24,272110,17550.0,5.4,-4.3,1.5,2.7
2025-07-25,272110,17700.0,5.09,-0.6,-0.0,0.8
2025-07-28,272110,17860.0,5.05,0.1,0.0,-0.1
2025-07-29,272110,18070.0,5.05,0.2,1.3,-1.5
2025-07-30,272110,18070.0,5.07,0.9,-1.8,0.6
2025-07-31,272110,17800.0,5.13,0.9,-2.0,1.1
2025-08-01,272110,16750.0,5.19,-0.5,-0.3,0.7
2025-08-04,272110,17250.0,5.15,1.0,0.4,-1.3
2025-08-05,272110,17500.0,5.23,0.9,-1.3,0.4
2025-08-06,272110,17510.0,5.29,-0.1,,0.2
2025-08-07,272110,18270.0,5.28,3.8,-1.9,-1.8
2025-08-08,272110,18350.0,5.54,3.3,-0.5,-2.6
2025-08-11,272110,18940.0,5.76,3.5,0.8,-4.3
2025-08-12,272110,18510.0,5.99,1.4,-0.2,-1.2
2025-08-13,272110,18820.0,6.08,1.6,-0.2,-1.3
2025-08-14,272110,17980.0,6.18,1.1,0.0,-1.1
2025-08-18,272110,17400.0,6.26,-2.0,,1.9
2025-08-19,272110,17140.0,6.12,-0.8,-0.0,0.7
2025-08-20,272110,16690.0,6.07,-4.8,0.4,4.3
2025-08-21,272110,16990.0,5.71,-1.5,0.6,1.1
2025-08-22,272110,16730.0,5.6,-2.1,1.0,1.0
2025-08-25,272110,17490.0,5.44,-1.1,4.0,-2.9
2025-08-26,272110,17500.0,5.39,0.1,1.3,-1.4
2025-08-27,272110,17190.0,5.39,1.8,-0.2,-1.5
2025-08-28,272110,16550.0,5.52,-0.1,-0.0,0.5
2025-08-29,272110,16530.0,5.52,-0.6,-0.0,0.6
2025-09-01,272110,15930.0,5.47,-2.7,,2.6
2025-09-02,272110,15710.0,5.26,-0.2,0.0,0.0
2025-09-03,272110,16180.0,5.24,0.4,-0.6,0.4
2025-09-04,272110,16230.0,5.27,-0.5,-1.0,1.7
2025-09-05,272110,16250.0,5.23,-0.7,-0.2,0.9
2025-09-08,272110,16240.0,5.18,-0.7,-0.0,0.9
2025-09-09,272110,17180.0,5.12,5.7,-4.1,-1.2
2025-09-10,272110,17660.0,5.54,3.8,-2.2,-0.5
2025-09-11,272110,17930.0,5.82,4.5,-2.1,-2.2
2025-09-12,272110,20850.0,6.13,36.6,12.7,-49.6
2025-09-15,272110,21850.0,8.42,-3.8,-1.0,4.8
2025-09-16,272110,21700.0,8.21,4.6,0.0,-4.5
2025-09-17,272110,22150.0,8.48,-1.7,-1.3,1.1
2025-09-18,272110,23750.0,8.38,-7.8,0.1,7.6
2025-09-19,272110,23500.0,7.96,-2.5,-1.3,3.5
2025-09-22,272110,24200.0,7.83,-1.8,0.1,0.6
2025-09-23,272110,24650.0,7.74,-6.6,2.1,8.9
2025-09-24,272110,26600.0,7.41,8.7,-1.3,-7.1
2025-09-25,272110,28950.0,7.83,-0.9,26.5,-12.0
2025-09-26,272110,27700.0,7.79,11.7,-2.0,-8.8
2025-09-29,272110,28600.0,8.32,0.5,19.9,5.5
2025-09-30,272110,27700.0,8.33,1.5,-2.0,0.7
2025-10-01,272110,28200.0,8.41,-8.5,7.2,1.3
2025-10-02,272110,28800.0,8.03,-21.8,27.0,13.3
2025-10-10,272110,29450.0,7.11,3.0,0.7,2.4
2025-10-13,272110,28050.0,7.26,26.9,-22.8,-2.3
2025-10-14,272110,27300.0,8.45,3.4,2.8,-5.6
2025-10-15,272110,27950.0,8.63,1.0,-0.1,-5.1
2025-10-16,272110,26850.0,8.68,5.0,-10.0,5.0
2025-10-17,272110,27200.0,8.92,-3.6,-5.9,10.1
2025-10-20,272110,26850.0,8.76,-1.2,-8.7,11.5
2025-10-21,272110,25250.0,8.7,16.3,-0.1,-14.4
2025-10-22,272110,24950.0,9.49,11.3,-6.9,-4.2
2025-10-23,272110,25950.0,10.24,-14.1,18.8,-4.9
2025-10-24,272110,25850.0,9.57,-12.2,1.7,8.6
2025-10-27,272110,26100.0,8.99,2.7,-1.1,0.5
2025-10-28,272110,25150.0,9.13,16.4,-0.0,-15.7
2025-10-29,272110,26050.0,9.93,-3.7,5.4,-1.8
2025-10-30,272110,26000.0,9.76,-5.3,1.6,7.9
2025-10-31,272110,26050.0,9.5,1.5,0.8,-2.1
2025-11-03,272110,26750.0,9.57,3.9,18.7,-22.1
2025-11-04,272110,27200.0,9.76,-10.8,6.8,4.0
2025-11-05,272110,26150.0,9.27,-14.7,12.3,1.0
2025-11-06,272110,27750.0,8.55,3.5,10.5,-14.4
2025-11-07,272110,26650.0,8.71,-19.4,7.1,12.6
2025-11-10,272110,27950.0,7.81,-2.1,0.1,2.2
2025-11-11,272110,28700.0,7.69,-9.5,8.1,3.5
2025-11-12,272110,28750.0,7.19,-12.4,2.9,8.9
2025-11-13,272110,29950.0,6.64,-0.5,-0.2,7.8
2025-11-14,272110,27300.0,6.62,-18.4,4.5,14.0
2025-11-17,272110,29250.0,5.8,2.7,7.1,-10.0
2025-11-18,272110,29100.0,6.05,-3.3,-2.3,5.2
2025-11-19,272110,27950.0,5.91,-4.0,-4.0,7.9
2025-11-20,272110,26250.0,5.73,-13.9,-4.4,18.6
2025-11-21,272110,23550.0,5.09,2.7,-2.9,1.1
2025-11-24,272110,23300.0,5.23,15.0,-10.9,-4.4
2025-11-25,272110,23400.0,6.05,3.2,-8.5,4.9
2025-11-26,272110,22900.0,6.22,1.7,-6.9,4.1
2025-11-27,272110,22350.0,6.53,3.2,-9.3,5.4
2025-11-28,272110,22400.0,6.71,0.9,-7.4,6.4
2025-12-01,272110,23700.0,6.77,-9.2,2.2,5.4
2025-12-02,272110,23150.0,6.65,-3.8,-2.7,6.3
2025-12-03,272110,24100.0,6.44,-3.0,1.4,1.4
2025-12-04,272110,23000.0,6.34,-4.9,-7.2,11.6
2025-12-05,272110,23900.0,6.04,0.5,,-1.1
2025-12-08,272110,24150.0,6.07,0.4,0.6,-1.2
2025-12-09,272110,23800.0,6.09,3.5,-0.6,-2.7
2025-12-10,272110,23850.0,6.28,-0.6,4.4,-3.8
2025-12-11,272110,23150.0,6.25,2.2,-0.4,-2.0
2025-12-12,272110,22750.0,6.37,-0.4,-0.1,1.7
2025-12-15,272110,22600.0,6.35,4.8,-0.9,-4.1
2025-12-16,272110,21700.0,6.62,-0.6,0.1,0.0
2025-12-17,272110,23150.0,6.59,5.2,0.1,-5.3
2025-12-18,272110,22500.0,6.88,-1.7,-0.4,2.2
2025-12-19,272110,22600.0,6.78,2.1,-0.3,-1.8
2025-12-22,272110,23200.0,6.9,3.2,-6.4,3.0
2025-12-23,272110,22400.0,7.07,-4.3,-0.5,4.3
2025-12-24,272110,21950.0,6.65,-1.3,0.1,1.2
2025-12-26,272110,21700.0,6.57,6.8,-7.0,0.1
2025-12-29,272110,21800.0,6.97,1.7,-3.2,1.6
2025-12-30,272110,21600.0,7.06,2.1,-4.7,2.6
2026-01-02,272110,23150.0,7.19,-0.3,1.6,-1.4
2026-01-05,272110,23500.0,7.17,-15.1,-8.0,22.0
2026-01-06,272110,23850.0,6.39,0.3,-6.6,4.5
2026-01-07,272110,20950.0,6.42,-30.2,-11.8,39.9
2026-01-08,272110,20300.0,4.7,6.5,-7.8,1.8
2026-01-09,272110,19800.0,5.1,6.4,-14.9,8.3
2026-01-12,272110,20700.0,5.5,4.6,0.8,-4.8
2026-01-13,272110,20500.0,5.78,-1.8,3.6,-1.4
2026-01-14,272110,20850.0,6.04,-2.5,2.5,-0.1
2026-01-15,272110,20700.0,5.89,-0.8,0.9,0.7
2026-01-16,272110,20900.0,5.87,-4.2,-0.4,4.7
2026-01-19,272110,22950.0,5.61,11.9,0.3,-10.7
2026-01-20,272110,22900.0,6.28,-3.4,0.6,2.2
2026-01-21,272110,22350.0,5.97,-3.7,-0.6,4.1
2026-01-22,272110,22850.0,5.76,-9.3,-0.7,9.2
2026-01-23,272110,23100.0,5.27,2.6,-1.8,-1.6
2026-01-26,272110,24600.0,5.41,18.1,-10.9,-6.7
2026-01-27,272110,27200.0,6.32,-5.7,13.7,-10.8
2026-01-28,272110,28500.0,6.04,5.2,3.0,-5.7
2026-01-29,272110,28850.0,6.28,22.1,-2.9,-19.1
2026-01-30,272110,28000.0,7.27,8.0,6.2,-11.9
2026-02-02,272110,25850.0,7.61,12.7,-0.2,-13.8
2026-02-03,272110,29050.0,8.21,-1.0,27.4,-24.4
2026-02-04,272110,30200.0,8.18,-12.8,13.8,-1.1
2026-02-05,272110,28200.0,7.64,7.0,-13.5,5.5
2026-02-06,272110,32200.0,7.95,17.5,10.4,-27.1
2026-02-09,272110,37750.0,8.73,-16.1,2.7,16.0
2026-02-10,272110,35050.0,8.16,26.6,-22.2,-4.6
2026-02-11,272110,33550.0,9.1,-14.0,-2.7,17.1
2026-02-12,272110,33350.0,8.58,-8.7,4.9,3.2
2026-02-13,272110,31650.0,8.26,8.9,3.4,-15.1
2026-02-19,272110,35250.0,8.61,3.5,-1.1,-0.5
2026-02-20,272110,33900.0,8.73,-6.3,-6.4,11.4
2026-02-23,272110,33350.0,8.5,3.3,-2.7,-0.7
2026-02-24,272110,33500.0,8.71,6.5,-5.0,-1.6
2026-02-25,272110,32300.0,8.96,2.4,-15.4,12.6
2026-02-26,272110,33100.0,9.03,4.6,-4.0,-1.1
2026-02-27,272110,32900.0,9.2,2.0,0.9,-2.4
2026-03-03,272110,31600.0,9.32,7.3,1.5,-9.4
2026-03-04,272110,28000.0,9.56,4.0,-0.7,-6.0
2026-03-05,272110,32450.0,9.72,13.8,-7.7,-6.0
2026-03-06,272110,33950.0,10.26,12.4,-2.0,-11.6
2026-03-09,272110,29900.0,10.73,-9.3,-6.8,15.3
2026-03-10,272110,32800.0,10.33,10.8,2.1,-12.7
2026-03-11,272110,34400.0,10.74,-4.8,3.2,2.2
2026-03-12,272110,36100.0,10.56,-7.7,-4.0,11.5
2026-03-13,272110,38150.0,10.29,-15.5,0.7,10.0
2026-03-16,272110,38250.0,9.78,2.2,-0.8,-1.7
2026-03-17,272110,38900.0,9.88,16.1,-21.2,3.8
2026-03-18,272110,37700.0,10.39,1.3,-8.4,7.8
2026-03-19,272110,38050.0,10.08,4.5,-2.3,-3.8
2026-03-20,272110,36400.0,10.23,23.1,-3.5,-19.5
2026-03-23,272110,34550.0,11.02,35.1,-19.3,-17.0
2026-03-24,272110,34950.0,12.27,14.1,-21.3,6.3
2026-03-25,272110,36400.0,12.78,5.2,-0.8,-7.2
2026-03-26,272110,35650.0,12.96,-3.1,0.5,2.3
2026-03-27,272110,35650.0,12.85,-9.4,-2.7,11.2
2026-03-30,272110,34400.0,12.52,8.2,-0.1,-8.6
2026-03-31,272110,32300.0,12.82,11.4,2.2,-11.3
2026-04-01,272110,35000.0,13.25,2.8,-1.6,-0.9
2026-04-02,272110,32200.0,13.37,-2.6,-0.1,2.1
2026-04-03,272110,31750.0,13.26,-5.1,-2.1,6.0
2026-04-06,272110,31550.0,13.05,-3.0,-0.3,3.3
2026-04-07,272110,31450.0,12.94,-1.9,-1.7,3.3
2026-04-08,272110,34500.0,12.86,-4.7,-0.3,5.4
2026-04-09,272110,33700.0,12.68,-5.0,-0.0,4.7
2026-04-10,272110,34650.0,12.43,-5.5,0.3,2.4
2026-04-13,272110,35300.0,12.21,-2.5,-0.5,2.5
2026-04-14,272110,40300.0,12.13,59.6,16.1,-70.5
2026-04-15,272110,40100.0,14.0,-14.5,14.6,0.0
2026-04-16,272110,42550.0,13.55,-2.2,15.6,-13.2
2026-04-17,272110,40150.0,13.5,-5.0,2.3,4.3
2026-04-20,272110,39400.0,13.21,5.2,6.8,-11.3
2026-04-21,272110,40250.0,13.38,-15.6,17.4,-0.4
2026-04-22,272110,39000.0,12.9,7.0,-1.6,-5.0
2026-04-23,272110,39750.0,13.12,4.8,-6.6,-1.4
2026-04-24,272110,39250.0,13.27,-7.6,-1.4,7.2
2026-04-27,272110,39350.0,13.03,-7.3,-0.5,7.8
2026-04-28,272110,42650.0,12.8,2.3,1.6,-5.1
2026-04-29,272110,41300.0,12.78,-13.8,-4.5,19.5
2026-04-30,272110,40100.0,12.33,-0.0,0.2,0.1
2026-05-04,272110,41100.0,12.33,-7.9,-0.2,8.8
2026-05-06,272110,43100.0,12.09,-12.7,-2.8,18.4
2026-05-07,272110,39950.0,11.73,-22.3,-8.9,30.3
2026-05-08,272110,38250.0,11.05,8.4,-19.4,10.4
2026-05-11,272110,40200.0,11.28,-15.6,-5.5,19.6
2026-05-12,272110,37250.0,10.78,6.9,-11.9,5.0
2026-05-13,272110,37000.0,11.01,14.1,-21.6,8.5
2026-05-14,272110,37800.0,11.49,2.8,-1.2,-1.1
2026-05-15,272110,34550.0,11.59,-8.0,0.7,6.9
2026-05-18,272110,34050.0,11.27,10.6,0.4,-10.0
2026-05-19,272110,32900.0,11.36,-2.4,-1.1,3.5
2026-05-20,272110,32550.0,11.25,0.9,-2.5,1.2
2026-05-21,272110,33600.0,11.39,7.3,-11.3,2.3
2026-05-22,272110,35950.0,11.66,-5.4,-0.7,6.3
2026-05-26,272110,35900.0,11.47,-0.9,-7.2,10.9
2026-05-27,272110,33750.0,11.43,4.0,-2.5,-1.3
2026-05-28,272110,32600.0,11.58,-5.4,-0.0,6.9
2026-05-29,272110,32300.0,11.38,15.4,-29.7,12.8
2026-06-01,272110,30650.0,11.99,1.5,0.2,-1.4
2026-06-02,272110,29750.0,12.04,6.2,1.0,-7.2
2026-06-04,272110,30700.0,12.31,-0.5,0.2,-0.8
2026-06-05,272110,30350.0,12.3,-10.2,-3.5,13.7
2026-06-08,272110,29850.0,11.88,-8.8,-1.6,9.2
2026-06-09,272110,33350.0,11.53,1.9,0.2,-1.8
2026-06-10,272110,32400.0,11.61,-3.9,-0.0,2.2
2026-06-11,272110,35650.0,11.46,-5.4,-0.3,6.6
2026-06-12,272110,38600.0,11.27,26.4,1.4,-24.8
2026-06-15,272110,37350.0,12.11,-11.1,-1.6,13.0
2026-06-16,272110,37050.0,11.74,2.8,4.1,-7.9
2026-06-17,272110,36700.0,11.83,-1.0,0.1,0.9
2026-06-18,272110,35800.0,11.63,-1.8,6.2,-5.4
2026-06-19,272110,33750.0,11.74,-1.7,-0.0,1.6
2026-06-22,272110,34000.0,11.68,-6.2,2.2,3.5
2026-06-23,272110,30650.0,11.46,-5.6,8.8,-2.7
2026-06-24,272110,30050.0,11.24,-6.9,5.1,1.2
2026-06-25,272110,28900.0,10.96,0.7,-0.1,-0.6
2026-06-26,272110,28100.0,10.98,-4.0,4.7,-0.9
2026-06-29,272110,30550.0,10.81,-2.7,-0.2,2.0
2026-06-30,272110,30600.0,10.69,2.0,-4.4,2.2
2026-07-01,272110,31300.0,10.77,1.8,-6.5,4.1
2026-07-02,272110,27900.0,10.84,-10.2,5.6,4.8
2026-07-03,272110,28250.0,10.4,-2.1,-0.4,2.6
2026-07-06,272110,27150.0,10.32,-4.0,0.2,4.1
2026-07-07,272110,26150.0,10.23,2.4,-0.1,-2.4
2026-07-08,272110,24100.0,10.4,0.6,0.0,-0.2
2026-07-09,272110,25500.0,10.44,0.4,6.5,-6.8
2026-07-10,272110,28400.0,10.46,-0.2,-1.7,1.9
2026-07-13,272110,29150.0,10.44,0.7,0.7,-1.4
2025-07-14,272210,53500.0,7.61,14.1,-38.6,24.1
2025-07-15,272210,55000.0,7.65,75.1,-20.2,-57.6
2025-07-16,272210,55200.0,7.83,39.2,-16.2,-25.8
2025-07-17,272210,55400.0,7.86,-4.1,-17.3,28.7
2025-07-18,272210,55700.0,7.87,-71.2,3.5,65.5
2025-07-21,272210,56600.0,7.81,-26.3,-32.0,51.6
2025-07-22,272210,55700.0,7.82,-34.4,-1.9,36.1
2025-07-23,272210,54900.0,7.94,-81.8,-12.5,94.9
2025-07-24,272210,55300.0,7.9,-5.4,-27.3,36.9
2025-07-25,272210,57100.0,7.92,-15.2,92.7,-77.7
2025-07-28,272210,57800.0,7.93,-211.4,47.7,138.7
2025-07-29,272210,56500.0,7.73,-261.6,-20.3,288.3
2025-07-30,272210,55400.0,7.44,-80.7,-5.1,76.5
2025-07-31,272210,59400.0,7.37,363.4,250.6,-635.7
2025-08-01,272210,59900.0,7.79,-552.6,-32.5,571.5
2025-08-04,272210,57700.0,7.2,-93.9,34.8,57.9
2025-08-05,272210,58000.0,7.11,65.7,-8.6,-59.8
2025-08-06,272210,56800.0,7.13,-75.2,-0.9,73.8
2025-08-07,272210,56700.0,7.06,-3.0,43.5,-48.4
2025-08-08,272210,52800.0,7.06,-181.8,-91.6,273.8
2025-08-11,272210,51700.0,6.87,100.6,-38.9,-51.5
2025-08-12,272210,51700.0,7.01,-44.4,27.7,18.2
2025-08-13,272210,51900.0,6.97,-6.0,-1.0,11.6
2025-08-14,272210,54500.0,7.0,-10.7,161.1,-150.3
2025-08-18,272210,53300.0,7.01,-15.4,-19.2,34.4
2025-08-19,272210,50200.0,6.98,7.5,-130.0,123.1
2025-08-20,272210,49250.0,7.02,80.7,-10.7,-64.9
2025-08-21,272210,51100.0,7.15,-14.2,87.7,-72.8
2025-08-22,272210,53300.0,7.14,130.5,50.6,-179.8
2025-08-25,272210,53200.0,7.22,-104.4,-44.0,147.1
2025-08-26,272210,51700.0,7.09,48.6,-266.4,214.9
2025-08-27,272210,50800.0,7.04,-24.1,-128.5,154.7
2025-08-28,272210,51400.0,7.01,44.8,37.8,-83.1
2025-08-29,272210,50900.0,7.06,-19.5,-6.8,25.2
2025-09-01,272210,51100.0,7.04,-43.1,0.1,43.4
2025-09-02,272210,54400.0,7.0,46.5,174.1,-226.5
2025-09-03,272210,53100.0,7.1,-233.0,-63.5,291.7
2025-09-04,272210,53300.0,6.82,26.8,-5.9,-25.5
2025-09-05,272210,52400.0,6.85,-3.7,6.9,-1.2
2025-09-08,272210,51900.0,6.86,-15.1,-3.1,12.8
2025-09-09,272210,51700.0,6.86,-14.2,-13.6,26.1
2025-09-10,272210,53600.0,6.84,161.8,39.5,-203.5
2025-09-11,272210,54600.0,7.12,42.7,81.4,-123.7
2025-09-12,272210,54800.0,7.19,102.4,44.1,-147.7
2025-09-15,272210,55800.0,7.32,136.3,-48.4,-99.5
2025-09-16,272210,59600.0,7.45,434.3,189.7,-627.3
2025-09-17,272210,57600.0,7.94,-7.8,-78.4,81.3
2025-09-18,272210,59100.0,7.87,140.5,-7.9,-110.0
2025-09-19,272210,59600.0,7.99,170.8,-102.3,-64.2
2025-09-22,272210,57500.0,8.2,-187.9,-66.7,242.8
2025-09-23,272210,58600.0,8.02,75.8,44.8,-114.7
2025-09-24,272210,60400.0,8.13,206.8,202.3,-401.7
2025-09-25,272210,59500.0,8.34,5.0,64.0,-74.2
2025-09-26,272210,57900.0,8.33,16.9,23.5,-47.0
2025-09-29,272210,59300.0,8.32,41.7,14.1,-58.0
2025-09-30,272210,59500.0,8.37,26.8,48.0,-75.4
2025-10-01,272210,60700.0,8.38,107.7,70.9,-165.6
2025-10-02,272210,59800.0,8.49,-108.7,34.2,73.9
2025-10-10,272210,57900.0,8.36,-107.6,-96.4,179.6
2025-10-13,272210,55400.0,8.24,-9.1,-114.0,137.8
2025-10-14,272210,51500.0,8.22,0.9,-281.2,302.6
2025-10-15,272210,53400.0,8.22,85.4,-28.0,-65.3
2025-10-16,272210,52700.0,8.13,-53.4,-38.5,98.8
2025-10-17,272210,51300.0,8.06,-29.6,-121.8,146.9
2025-10-20,272210,52700.0,8.0,-7.7,-28.2,34.8
2025-10-21,272210,53700.0,7.95,-8.6,-34.6,37.2
2025-10-22,272210,55100.0,7.98,-19.7,-4.3,19.5
2025-10-23,272210,55800.0,7.96,25.4,-2.1,-9.1
2025-10-24,272210,55000.0,7.98,-30.1,-32.0,64.4
2025-10-27,272210,56300.0,7.94,172.2,24.5,-193.9
2025-10-28,272210,55800.0,8.14,-81.8,-4.9,82.3
2025-10-29,272210,55000.0,8.03,-35.2,-38.5,77.9
2025-10-30,272210,63000.0,8.0,445.1,312.3,-750.5
2025-10-31,272210,59900.0,8.51,-269.0,-101.3,366.0
2025-11-03,272210,59400.0,8.21,-144.4,-160.1,301.7
2025-11-04,272210,59300.0,8.1,32.4,5.1,-38.9
2025-11-05,272210,54500.0,8.19,-294.1,-56.9,343.4
2025-11-06,272210,52700.0,7.93,-110.1,-47.4,157.1
2025-11-07,272210,52500.0,7.87,-33.8,-15.1,51.2
2025-11-10,272210,53100.0,7.82,-46.2,5.2,39.5
2025-11-11,272210,52900.0,7.81,-27.4,28.3,-9.2
2025-11-12,272210,53800.0,7.85,27.0,30.9,-64.5
2025-11-13,272210,54300.0,7.88,-94.1,3.0,72.8
2025-11-14,272210,53100.0,7.81,80.1,-50.3,-26.0
2025-11-17,272210,53400.0,7.89,-9.2,-22.7,31.2
2025-11-18,272210,50400.0,7.9,-71.9,-145.7,216.5
2025-11-19,272210,50200.0,7.83,-31.8,13.1,23.3
2025-11-20,272210,50500.0,7.79,-8.7,-26.1,34.9
2025-11-21,272210,48600.0,7.78,-2.6,-3.1,5.6
2025-11-24,272210,47400.0,7.75,195.9,-123.8,-73.5
2025-11-25,272210,46200.0,8.0,44.5,-56.9,14.0
2025-11-26,272210,46650.0,8.06,18.5,-14.5,-6.2
2025-11-27,272210,46350.0,8.08,-40.8,-11.6,51.7
2025-11-28,272210,46200.0,8.03,-9.1,0.1,8.9
2025-12-01,272210,45350.0,7.99,64.1,-26.3,-37.3
2025-12-02,272210,45550.0,7.95,39.3,5.3,-39.0
2025-12-03,272210,46800.0,7.99,-41.4,18.3,23.4
2025-12-04,272210,46150.0,7.95,-54.4,-28.1,82.0
2025-12-05,272210,47200.0,7.87,24.5,35.5,-64.6
2025-12-08,272210,48350.0,7.9,-19.2,24.1,-0.3
2025-12-09,272210,48350.0,7.84,-26.0,7.6,18.2
2025-12-10,272210,47500.0,7.84,-40.9,-29.6,70.1
2025-12-11,272210,48050.0,7.81,-60.6,60.3,1.3
2025-12-12,272210,53100.0,7.78,195.8,417.7,-589.2
2025-12-15,272210,52700.0,7.99,55.2,114.9,-165.0
2025-12-16,272210,50300.0,8.03,-71.4,-107.5,176.2
2025-12-17,272210,49750.0,7.91,-42.0,-12.4,53.8
2025-12-18,272210,48950.0,7.74,-50.3,-5.6,58.0
2025-12-19,272210,54300.0,7.7,354.7,307.3,-657.2
2025-12-22,272210,56800.0,8.01,226.1,295.5,-513.7
2025-12-23,272210,58800.0,8.24,274.7,159.2,-430.2
2025-12-24,272210,56300.0,8.42,127.8,38.8,-167.8
2025-12-26,272210,54700.0,8.53,-55.1,-6.0,81.2
2025-12-29,272210,55400.0,8.49,-31.5,8.0,24.6
2025-12-30,272210,54400.0,8.51,-30.9,20.9,15.5
2026-01-02,272210,55300.0,8.46,-24.7,3.1,21.2
2026-01-05,272210,58000.0,8.41,113.2,4.1,-120.1
2026-01-06,272210,60300.0,8.53,263.0,73.0,-338.7
2026-01-07,272210,58500.0,8.86,76.7,-24.9,-49.6
2026-01-08,272210,60300.0,8.92,186.3,38.7,-230.0
2026-01-09,272210,76900.0,9.12,1414.7,408.7,-1799.3
2026-01-12,272210,77700.0,10.19,103.1,45.7,-144.8
2026-01-13,272210,88700.0,9.92,-122.3,181.0,-70.7
2026-01-14,272210,88200.0,9.59,109.6,42.7,-158.8
2026-01-15,272210,96500.0,9.66,192.8,81.5,-263.8
2026-01-16,272210,90900.0,9.77,-186.4,-192.6,373.1
2026-01-19,272210,90800.0,9.56,-72.6,29.2,70.6
2026-01-20,272210,90500.0,9.58,27.3,15.1,-48.2
2026-01-21,272210,88800.0,9.59,73.5,54.1,-117.1
2026-01-22,272210,88300.0,9.66,167.6,-47.6,-133.5
2026-01-23,272210,90400.0,9.67,158.4,89.9,-240.1
2026-01-26,272210,88800.0,9.75,7.3,-58.2,54.5
2026-01-27,272210,87600.0,9.67,-30.5,-16.9,51.2
2026-01-28,272210,89000.0,9.65,104.7,-41.4,-57.3
2026-01-29,272210,92800.0,9.63,142.1,144.5,-290.5
2026-01-30,272210,94200.0,9.73,-433.1,-17.1,439.9
2026-02-02,272210,92900.0,9.37,78.2,71.0,-157.5
2026-02-03,272210,119500.0,9.42,990.2,245.4,-1219.0
2026-02-04,272210,123000.0,10.0,-9.5,71.2,-50.9
2026-02-05,272210,111300.0,9.86,-465.9,-298.4,748.0
2026-02-06,272210,103000.0,9.7,-206.9,-45.8,257.7
2026-02-09,272210,104400.0,9.55,-222.2,-18.7,224.9
2026-02-10,272210,101300.0,9.48,-37.3,-151.8,176.8
2026-02-11,272210,101400.0,9.45,-14.6,46.6,-29.3
2026-02-12,272210,105800.0,9.47,-205.4,432.2,-234.7
2026-02-13,272210,103400.0,9.29,10.7,-35.0,18.2
2026-02-19,272210,106400.0,9.31,53.1,59.3,-111.6
2026-02-20,272210,116500.0,9.34,100.3,21.3,-128.3
2026-02-23,272210,111300.0,9.35,-325.4,-168.8,498.5
2026-02-24,272210,110800.0,9.16,-123.5,-66.1,190.9
2026-02-25,272210,111400.0,9.09,73.5,10.9,-79.8
2026-02-26,272210,110600.0,9.13,109.7,-79.5,-37.0
2026-02-27,272210,113600.0,9.19,-109.3,-297.0,399.1
2026-03-03,272210,146700.0,9.14,549.3,248.8,-767.4
2026-03-04,272210,116000.0,9.28,-989.6,-376.6,1345.9
2026-03-05,272210,150800.0,8.84,735.1,444.4,-1455.6
2026-03-06,272210,158900.0,9.15,-654.5,-126.1,717.7
2026-03-09,272210,162700.0,8.76,-886.8,63.8,809.7
2026-03-10,272210,156200.0,8.41,-76.1,-118.3,198.4
2026-03-11,272210,147700.0,8.4,-291.5,-243.3,520.4
2026-03-12,272210,152300.0,8.3,-126.2,595.0,-461.4
2026-03-13,272210,144400.0,8.27,-33.1,-391.0,421.7
2026-03-16,272210,140000.0,8.21,-48.4,-95.6,143.6
2026-03-17,272210,138900.0,8.16,182.5,-41.1,-136.7
2026-03-18,272210,139800.0,8.25,143.0,42.5,-192.1
2026-03-19,272210,141000.0,8.32,-615.3,-139.8,757.8
2026-03-20,272210,136000.0,8.09,-41.9,-55.8,114.4
2026-03-23,272210,124000.0,8.15,136.2,-110.4,-33.9
2026-03-24,272210,127300.0,8.27,106.3,167.8,-270.1
2026-03-25,272210,136600.0,8.37,301.4,14.0,-308.2
2026-03-26,272210,129700.0,8.5,-77.1,-13.5,91.1
2026-03-27,272210,124100.0,8.41,97.7,-98.5,4.2
2026-03-30,272210,120700.0,8.43,146.2,31.4,-184.9
2026-03-31,272210,114100.0,8.5,88.2,71.3,-145.2
2026-04-01,272210,128800.0,8.56,-204.3,34.4,170.2
2026-04-02,272210,129200.0,8.58,400.0,-21.2,-367.6
2026-04-03,272210,135400.0,8.79,225.5,67.8,-291.8
2026-04-06,272210,127600.0,8.9,-255.3,-229.7,469.6
2026-04-07,272210,131700.0,8.84,429.3,65.5,-482.5
2026-04-08,272210,130600.0,9.05,-52.4,6.7,53.3
2026-04-09,272210,137100.0,9.04,23.5,363.6,-378.8
2026-04-10,272210,133300.0,9.04,21.1,-343.8,323.6
2026-04-13,272210,131900.0,9.03,-382.8,-164.9,541.9
2026-04-14,272210,133100.0,8.88,157.8,63.0,-217.4
2026-04-15,272210,131500.0,8.92,58.7,-91.9,28.1
2026-04-16,272210,131800.0,9.03,49.4,-18.5,-29.1
2026-04-17,272210,129500.0,9.06,-73.4,-35.1,106.8
2026-04-20,272210,130500.0,9.01,35.4,28.0,-64.4
2026-04-21,272210,131400.0,9.04,207.4,-63.7,-141.6
2026-04-22,272210,134100.0,9.16,-8.5,-157.8,162.2
2026-04-23,272210,130100.0,9.11,-232.5,-141.7,368.9
2026-04-24,272210,130400.0,9.0,14.3,48.4,-59.6
2026-04-27,272210,126100.0,9.02,-317.4,-338.9,650.5
2026-04-28,272210,119900.0,8.87,-315.4,-428.7,733.3
2026-04-29,272210,118100.0,8.72,-166.1,-222.0,387.7
2026-04-30,272210,117300.0,8.58,-8.1,-8.3,19.2
2026-05-04,272210,119700.0,8.58,131.6,59.3,-193.2
2026-05-06,272210,122200.0,8.67,173.0,-35.9,-135.9
2026-05-07,272210,116700.0,8.78,-212.7,7.8,199.6
2026-05-08,272210,115900.0,8.59,-46.3,7.1,35.1
2026-05-11,272210,116100.0,8.57,86.3,77.9,-159.2
2026-05-12,272210,111700.0,8.64,77.4,4.2,-76.2
2026-05-13,272210,109600.0,8.68,65.3,-65.6,-3.5
2026-05-14,272210,116100.0,8.71,-7.1,365.5,-357.9
2026-05-15,272210,104300.0,8.73,-189.5,-149.3,354.7
2026-05-18,272210,106100.0,8.6,126.9,-18.2,-115.6
2026-05-19,272210,104100.0,8.66,0.1,4.0,-2.7
2026-05-20,272210,101600.0,8.67,191.4,-35.9,-146.6
2026-05-21,272210,103800.0,8.79,76.6,28.8,-127.9
2026-05-22,272210,109400.0,8.84,44.9,24.9,-75.0
2026-05-26,272210,115000.0,8.92,153.4,19.1,-159.1
2026-05-27,272210,109600.0,9.05,-36.4,-60.3,113.7
2026-05-28,272210,105900.0,9.01,86.6,-34.5,-41.0
2026-05-29,272210,105000.0,9.06,81.0,-20.2,-67.1
2026-06-01,272210,102000.0,9.1,161.8,-120.3,-39.2
2026-06-02,272210,97400.0,9.22,189.1,-128.3,-63.6
2026-06-04,272210,96100.0,9.29,70.1,-24.8,-44.5
2026-06-05,272210,94600.0,9.39,132.1,-40.4,-90.5
2026-06-08,272210,86500.0,9.47,128.3,-50.4,-73.0
2026-06-09,272210,86600.0,9.55,31.7,-39.5,0.6
2026-06-10,272210,91600.0,9.57,-9.4,43.6,-44.5
2026-06-11,272210,88600.0,9.48,-73.3,34.0,52.7
2026-06-12,272210,96000.0,9.34,339.1,-134.5,-233.4
2026-06-15,272210,99500.0,9.57,65.7,-23.0,-17.4
2026-06-16,272210,106400.0,9.6,-74.0,42.0,33.0
2026-06-17,272210,105300.0,9.55,25.7,94.5,-107.6
2026-06-18,272210,96100.0,9.63,-76.7,-143.1,218.2
2026-06-19,272210,91100.0,9.56,98.6,-228.0,120.5
2026-06-22,272210,89500.0,9.63,42.4,-2.7,-39.7
2026-06-23,272210,81900.0,9.68,66.8,-7.8,-60.3
2026-06-24,272210,82600.0,9.73,97.0,-15.3,-87.7
2026-06-25,272210,79000.0,9.79,43.3,-45.0,7.1
2026-06-26,272210,73600.0,9.85,139.9,-49.1,-92.7
2026-06-29,272210,77500.0,10.03,42.1,40.9,-73.2
2026-06-30,272210,73000.0,10.08,9.9,-126.6,114.8
2026-07-01,272210,77000.0,10.06,-20.9,72.0,-49.9
2026-07-02,272210,74100.0,10.06,-44.0,32.7,21.8
2026-07-03,272210,75500.0,10.01,47.0,14.6,-63.2
2026-07-06,272210,80900.0,10.04,-143.7,39.3,96.7
2026-07-07,272210,70400.0,9.91,-0.7,-174.6,170.1
2026-07-08,272210,64900.0,9.83,96.9,-52.5,-45.9
2026-07-09,272210,64700.0,9.9,127.9,-24.3,-103.6
2026-07-10,272210,71700.0,10.02,-52.4,221.3,-168.1
2026-07-13,272210,66500.0,9.99,-56.0,-10.7,62.5
2025-07-14,272290,23500.0,14.66,-3.4,-3.4,6.9
2025-07-15,272290,24300.0,14.59,2.6,0.3,-3.4
2025-07-16,272290,25050.0,14.72,-11.3,3.4,8.1
2025-07-17,272290,25100.0,14.43,-15.7,-0.0,13.5
2025-07-18,272290,24900.0,14.1,-7.4,5.0,2.6
2025-07-21,272290,29500.0,13.96,7.2,-3.2,-6.0
2025-07-22,272290,29100.0,14.11,-32.1,31.0,1.7
2025-07-23,272290,28000.0,13.56,-26.2,1.3,25.2
2025-07-24,272290,29000.0,13.11,-42.7,60.2,-17.3
2025-07-25,272290,28250.0,12.36,-11.8,10.2,1.6
2025-07-28,272290,27400.0,12.18,11.4,-6.3,-6.1
2025-07-29,272290,27050.0,12.41,18.8,-2.9,-15.8
2025-07-30,272290,27050.0,12.75,-12.4,-5.4,16.9
2025-07-31,272290,27150.0,12.49,-15.0,-3.0,16.1
2025-08-01,272290,26100.0,12.23,4.0,-12.5,7.7
2025-08-04,272290,26150.0,12.31,-2.3,0.6,1.7
2025-08-05,272290,24600.0,12.27,-57.8,-16.5,74.0
2025-08-06,272290,24650.0,11.1,-17.9,-0.2,18.0
2025-08-07,272290,24500.0,11.09,-5.5,-4.8,10.1
2025-08-08,272290,24550.0,10.99,-2.2,-7.6,9.6
2025-08-11,272290,25600.0,10.98,-9.4,-0.9,10.0
2025-08-12,272290,24900.0,10.8,-9.9,-6.6,16.3
2025-08-13,272290,26850.0,10.59,15.5,32.2,-49.1
2025-08-14,272290,26050.0,10.96,-16.6,-17.3,36.2
2025-08-18,272290,24950.0,10.59,-18.3,-1.6,22.2
2025-08-19,272290,24350.0,10.26,-2.0,-18.5,20.3
2025-08-20,272290,23300.0,10.26,0.5,-16.7,15.6
2025-08-21,272290,23200.0,10.29,-5.9,-1.9,7.3
2025-08-22,272290,23050.0,10.16,-6.5,-0.5,6.8
2025-08-25,272290,24100.0,10.04,5.5,3.3,-8.9
2025-08-26,272290,24400.0,10.19,4.2,-7.7,3.6
2025-08-27,272290,24650.0,10.28,6.7,-11.9,5.1
2025-08-28,272290,24200.0,10.41,1.1,-2.9,1.7
2025-08-29,272290,23800.0,10.41,8.5,-10.2,2.1
2025-09-01,272290,23150.0,10.58,1.2,-6.6,5.1
2025-09-02,272290,23100.0,10.63,8.3,-21.9,13.5
2025-09-03,272290,23650.0,10.85,3.8,0.5,-4.2
2025-09-04,272290,23700.0,10.94,-0.9,-0.9,1.7
2025-09-05,272290,23650.0,10.84,-3.2,-2.7,5.9
2025-09-08,272290,23500.0,10.81,-1.9,-1.2,3.0
2025-09-09,272290,24000.0,10.99,-11.4,-10.4,21.3
2025-09-10,272290,23950.0,10.75,0.3,-3.7,3.1
2025-09-11,272290,24200.0,10.81,29.0,-36.8,7.0
2025-09-12,272290,24300.0,11.53,-6.4,-2.6,9.0
2025-09-15,272290,24200.0,11.37,-4.0,-1.7,5.6
2025-09-16,272290,24950.0,11.28,-2.1,2.9,-1.8
2025-09-17,272290,24850.0,11.24,-1.0,-5.1,6.0
2025-09-18,272290,24700.0,11.2,-4.6,-1.1,5.0
2025-09-19,272290,24700.0,11.11,1.6,-11.9,10.3
2025-09-22,272290,25200.0,11.15,-0.3,1.8,-2.7
2025-09-23,272290,24800.0,11.18,-2.0,-2.3,5.0
2025-09-24,272290,24300.0,11.16,2.7,-7.8,5.6
2025-09-25,272290,24050.0,11.22,2.8,-7.8,4.8
2025-09-26,272290,23150.0,11.23,-11.5,-4.6,15.8
2025-09-29,272290,23500.0,10.9,2.6,-5.0,2.3
2025-09-30,272290,23600.0,10.94,4.0,-8.3,4.1
2025-10-01,272290,24100.0,11.02,8.0,2.8,-10.7
2025-10-02,272290,24200.0,11.13,1.8,2.0,-3.8
2025-10-10,272290,24350.0,11.17,0.3,-9.0,8.9
2025-10-13,272290,24400.0,11.16,6.4,-5.3,-1.4
2025-10-14,272290,24050.0,11.3,1.5,-6.3,3.9
2025-10-15,272290,24300.0,11.32,3.5,-1.7,-1.9
2025-10-16,272290,25050.0,11.39,-3.1,-6.8,8.6
2025-10-17,272290,25000.0,11.31,9.7,-0.9,-9.0
2025-10-20,272290,25100.0,11.68,1.4,-1.0,-1.1
2025-10-21,272290,25000.0,11.63,6.2,-0.1,-5.6
2025-10-22,272290,25200.0,11.73,1.3,1.6,-2.9
2025-10-23,272290,24800.0,11.71,-1.5,-1.7,3.1
2025-10-24,272290,25750.0,11.63,8.1,-1.2,-7.1
2025-10-27,272290,25650.0,11.87,-4.8,-3.6,8.4
2025-10-28,272290,25300.0,11.77,3.0,1.1,-4.2
2025-10-29,272290,25500.0,11.85,5.7,0.6,-6.7
2025-10-30,272290,24900.0,11.97,-6.0,-0.9,6.8
2025-10-31,272290,24650.0,11.68,-2.5,1.7,0.9
2025-11-03,272290,24900.0,11.64,5.2,0.2,-5.5
2025-11-04,272290,25400.0,11.74,20.8,0.8,-22.1
2025-11-05,272290,24250.0,12.21,-22.6,-2.8,24.9
2025-11-06,272290,24250.0,11.67,9.5,-0.4,-8.9
2025-11-07,272290,23350.0,11.87,-25.4,-5.0,30.4
2025-11-10,272290,23900.0,11.22,2.1,0.3,-2.3
2025-11-11,272290,24350.0,11.28,19.8,-0.2,-19.8
2025-11-12,272290,25050.0,11.76,15.1,-1.1,-13.7
2025-11-13,272290,25200.0,12.08,1.0,4.3,-5.1
2025-11-14,272290,24000.0,12.12,-8.6,-4.7,13.3
2025-11-17,272290,23900.0,11.6,-8.8,-2.7,11.7
2025-11-18,272290,22950.0,11.43,-17.5,-8.8,25.6
2025-11-19,272290,22150.0,11.01,-10.4,-2.3,12.4
2025-11-20,272290,23300.0,10.78,9.9,1.6,-11.1
2025-11-21,272290,22150.0,11.08,-20.4,-3.1,23.2
2025-11-24,272290,21700.0,10.53,-8.7,-1.3,10.7
2025-11-25,272290,21950.0,10.33,1.8,-0.2,-1.7
2025-11-26,272290,22850.0,10.42,9.5,-0.1,-9.6
2025-11-27,272290,23200.0,10.71,8.9,-0.3,-9.0
2025-11-28,272290,24050.0,10.99,11.9,3.6,-15.4
2025-12-01,272290,24400.0,11.3,14.4,5.7,-20.3
2025-12-02,272290,24400.0,11.7,6.4,4.1,-10.5
2025-12-03,272290,25400.0,11.84,31.3,-8.0,-23.2
2025-12-04,272290,25550.0,12.6,12.6,6.7,-19.1
2025-12-05,272290,25400.0,12.9,2.2,5.5,-8.0
2025-12-08,272290,25250.0,12.91,8.0,-6.7,-1.2
2025-12-09,272290,24750.0,13.07,-0.1,-2.3,2.4
2025-12-10,272290,24350.0,13.06,-1.4,-0.8,2.2
2025-12-11,272290,24150.0,13.0,10.5,-11.8,1.2
2025-12-12,272290,24000.0,13.2,-5.7,1.7,4.0
2025-12-15,272290,23700.0,12.94,-1.3,-0.8,2.1
2025-12-16,272290,23100.0,12.85,-9.2,-1.6,10.3
2025-12-17,272290,23300.0,12.63,-8.2,2.9,5.4
2025-12-18,272290,22850.0,12.22,-7.9,-1.3,9.3
2025-12-19,272290,23250.0,12.02,-8.1,-1.1,9.5
2025-12-22,272290,24500.0,11.83,3.9,6.0,-9.9
2025-12-23,272290,23550.0,12.03,-10.5,1.2,9.4
2025-12-24,272290,23300.0,12.22,-8.9,1.5,7.5
2025-12-26,272290,23100.0,11.81,-9.8,5.0,4.8
2025-12-29,272290,23000.0,11.56,-7.6,-0.5,8.3
2025-12-30,272290,22750.0,11.24,-4.6,-1.0,5.4
2026-01-02,272290,23650.0,10.86,6.1,-0.9,-5.3
2026-01-05,272290,23600.0,11.01,-4.1,-0.6,4.7
2026-01-06,272290,23300.0,11.07,-1.9,-2.4,4.2
2026-01-07,272290,22600.0,10.95,-12.4,-6.5,18.4
2026-01-08,272290,22000.0,10.62,-14.6,0.3,14.3
2026-01-09,272290,22250.0,10.18,-6.9,-0.7,7.5
2026-01-12,272290,25700.0,10.04,24.4,-22.2,-4.2
2026-01-13,272290,25600.0,10.88,-87.8,1.4,86.1
2026-01-14,272290,25200.0,9.1,-13.2,2.5,11.2
2026-01-15,272290,24900.0,8.85,-9.2,2.5,7.0
2026-01-16,272290,24050.0,8.67,-11.4,-1.3,12.6
2026-01-19,272290,24850.0,8.42,-8.0,17.1,-9.2
2026-01-20,272290,25500.0,8.27,-0.8,17.7,-16.8
2026-01-21,272290,25000.0,8.28,-8.8,3.6,5.0
2026-01-22,272290,26850.0,8.21,-4.0,8.6,-4.8
2026-01-23,272290,27550.0,8.04,-1.5,3.0,-4.1
2026-01-26,272290,29200.0,7.97,-13.8,36.5,-24.4
2026-01-27,272290,29800.0,7.72,-14.0,31.9,-18.9
2026-01-28,272290,31000.0,7.46,16.9,46.2,-65.5
2026-01-29,272290,32600.0,7.86,20.6,76.4,-94.6
2026-01-30,272290,32700.0,8.25,-5.8,38.6,-33.5
2026-02-02,272290,35500.0,8.09,29.8,9.7,-36.8
2026-02-03,272290,38200.0,8.77,-13.6,-78.8,90.6
2026-02-04,272290,38150.0,8.26,-9.9,-52.6,60.1
2026-02-05,272290,34950.0,8.42,5.0,-33.0,29.9
2026-02-06,272290,37850.0,8.45,-13.5,-12.6,26.9
2026-02-09,272290,42050.0,8.21,8.2,-1.9,-25.3
2026-02-10,272290,39300.0,8.33,26.5,-36.4,14.5
2026-02-11,272290,37800.0,8.3,-4.7,-22.4,27.1
2026-02-12,272290,37700.0,8.21,-8.4,-19.6,27.4
2026-02-13,272290,37700.0,8.06,-31.3,15.6,17.0
2026-02-19,272290,36900.0,7.63,-5.8,2.3,3.4
2026-02-20,272290,36000.0,7.55,16.8,-1.8,-12.8
2026-02-23,272290,35450.0,7.77,14.5,-1.7,-13.2
2026-02-24,272290,36550.0,8.01,-10.6,2.7,8.5
2026-02-25,272290,35700.0,7.86,-16.9,-3.7,21.4
2026-02-26,272290,35350.0,7.95,13.2,-0.1,-11.8
2026-02-27,272290,34950.0,8.18,16.0,1.9,1.0
2026-03-03,272290,33600.0,8.43,19.6,3.3,-25.0
2026-03-04,272290,27850.0,8.85,31.4,-8.8,-22.0
2026-03-05,272290,31250.0,9.4,13.7,4.9,-18.4
2026-03-06,272290,35400.0,9.63,-18.9,10.6,7.0
2026-03-09,272290,32350.0,9.23,-37.5,-1.4,35.4
2026-03-10,272290,33900.0,8.55,-3.9,-4.1,3.7
2026-03-11,272290,34150.0,8.53,18.7,-9.6,-8.2
2026-03-12,272290,33550.0,8.83,-9.1,-9.0,15.9
2026-03-13,272290,33650.0,8.62,-0.6,2.2,-1.5
2026-03-16,272290,32600.0,8.59,6.8,-2.6,-4.1
2026-03-17,272290,31800.0,8.67,-1.7,-0.3,2.8
2026-03-18,272290,32500.0,8.92,10.7,0.9,-11.6
2026-03-19,272290,31350.0,8.88,1.8,-11.5,9.3
2026-03-20,272290,33100.0,8.89,12.7,4.3,-17.3
2026-03-23,272290,30500.0,9.14,-13.9,-3.1,16.8
2026-03-24,272290,31250.0,8.89,8.4,-1.0,-7.4
2026-03-25,272290,33200.0,9.02,23.6,-0.2,-23.3
2026-03-26,272290,32900.0,9.32,-88.3,-10.5,97.9
2026-03-27,272290,32200.0,7.41,-13.4,-1.4,14.5
2026-03-30,272290,29950.0,7.2,-12.1,-1.9,13.8
2026-03-31,272290,28650.0,7.01,14.6,3.7,-18.8
2026-04-01,272290,31100.0,7.41,14.9,2.7,-17.3
2026-04-02,272290,29050.0,8.3,-3.7,-4.5,8.3
2026-04-03,272290,29250.0,8.13,-6.1,-2.4,9.6
2026-04-06,272290,28900.0,7.73,-1.1,-6.0,7.2
2026-04-07,272290,29100.0,7.71,-0.3,1.3,-0.8
2026-04-08,272290,31150.0,7.7,17.0,7.6,-24.9
2026-04-09,272290,30750.0,8.06,-9.7,-3.1,12.7
2026-04-10,272290,31500.0,7.85,-4.1,-4.5,8.4
2026-04-13,272290,31450.0,7.77,1.8,-0.8,-1.7
2026-04-14,272290,32050.0,7.8,4.7,-1.2,-3.9
2026-04-15,272290,32500.0,7.97,3.5,-8.1,5.6
2026-04-16,272290,34700.0,8.0,21.0,19.0,-44.8
2026-04-17,272290,36850.0,8.38,22.8,60.4,-81.9
2026-04-20,272290,35800.0,8.88,-19.5,3.8,15.8
2026-04-21,272290,36300.0,8.45,-1.7,10.0,-8.1
2026-04-22,272290,35650.0,8.36,-1.2,-4.9,8.0
2026-04-23,272290,34600.0,8.31,8.1,-3.2,-2.6
2026-04-24,272290,35900.0,8.45,4.5,8.7,-13.7
2026-04-27,272290,35400.0,8.58,-19.2,-3.6,22.4
2026-04-28,272290,35200.0,8.19,-9.4,-15.3,24.7
2026-04-29,272290,35350.0,8.03,6.2,1.1,-7.2
2026-04-30,272290,34300.0,8.12,5.6,-5.1,-0.9
2026-05-04,272290,36300.0,8.18,31.2,6.8,-43.8
2026-05-06,272290,36000.0,8.82,-16.2,2.5,15.6
2026-05-07,272290,38250.0,8.46,39.5,9.9,-51.5
2026-05-08,272290,37500.0,9.21,-37.2,-5.2,40.6
2026-05-11,272290,35750.0,8.43,-7.3,-20.8,27.6
2026-05-12,272290,34500.0,8.27,52.4,-12.2,-40.8
2026-05-13,272290,34100.0,9.36,21.5,-18.5,-2.1
2026-05-14,272290,33350.0,9.68,21.9,-37.7,15.8
2026-05-15,272290,30600.0,9.96,-2.7,-19.2,21.1
2026-05-18,272290,31950.0,9.58,-17.2,-19.3,33.4
2026-05-19,272290,33600.0,9.17,-22.7,23.8,1.3
2026-05-20,272290,30100.0,8.5,-26.6,-11.5,37.8
2026-05-21,272290,32050.0,7.97,24.2,-20.1,-3.5
2026-05-22,272290,34000.0,8.41,38.8,-15.1,-23.2
2026-05-26,272290,35450.0,9.11,5.7,-7.7,2.1
2026-05-27,272290,32750.0,9.19,-14.4,-18.4,32.5
2026-05-28,272290,31150.0,8.84,-8.4,-43.7,52.0
2026-05-29,272290,30300.0,8.53,-14.1,3.3,11.3
2026-06-01,272290,29450.0,8.35,-4.1,-12.7,17.4
2026-06-02,272290,28050.0,8.61,-1.7,10.3,-8.8
2026-06-04,272290,29500.0,8.51,0.1,2.5,-2.8
2026-06-05,272290,27800.0,8.29,-9.8,0.2,9.5
2026-06-08,272290,25800.0,8.06,-7.3,7.7,-2.8
2026-06-09,272290,27350.0,7.93,5.6,-0.6,-5.2
2026-06-10,272290,26450.0,8.03,-2.0,-2.1,1.6
2026-06-11,272290,27950.0,8.06,7.4,-7.5,0.0
2026-06-12,272290,28900.0,8.26,8.7,-3.0,-5.7
2026-06-15,272290,29200.0,8.67,-4.9,-1.4,6.4
2026-06-16,272290,28850.0,8.52,-2.3,-0.2,1.9
2026-06-17,272290,29050.0,8.48,3.0,1.2,-1.6
2026-06-18,272290,29100.0,8.75,3.9,-0.1,-5.9
2026-06-19,272290,27450.0,8.81,-0.9,0.1,-1.2
2026-06-22,272290,27200.0,8.8,8.2,2.1,-9.9
2026-06-23,272290,24700.0,9.02,3.8,2.8,-6.3
2026-06-24,272290,26000.0,9.09,1.2,7.6,-9.0
2026-06-25,272290,24550.0,9.22,1.2,-4.2,1.7
2026-06-26,272290,23100.0,9.18,9.8,3.5,-13.4
2026-06-29,272290,25750.0,9.44,9.2,7.3,-16.5
2026-06-30,272290,24900.0,9.72,-5.1,-0.8,3.3
2026-07-01,272290,25400.0,9.56,4.0,-2.8,-0.8
2026-07-02,272290,23500.0,9.44,-4.0,0.8,3.3
2026-07-03,272290,23650.0,9.33,-0.7,0.7,-0.2
2026-07-06,272290,23000.0,9.26,-0.3,0.3,-0.0
2026-07-07,272290,22400.0,9.22,-3.5,1.4,2.2
2026-07-08,272290,20900.0,9.12,-0.9,-0.4,1.1
2026-07-09,272290,21450.0,9.1,3.1,5.2,-8.4
2026-07-10,272290,22700.0,9.23,-0.8,3.1,-2.2
2026-07-13,272290,21500.0,9.25,-1.2,0.5,0.9
2025-07-14,272450,9490.0,4.89,8.4,-10.9,2.4
2025-07-15,272450,9460.0,5.11,-0.1,0.2,-0.2
2025-07-16,272450,9340.0,5.1,-3.0,-1.6,4.6
2025-07-17,272450,9200.0,5.03,-2.8,-1.8,4.5
2025-07-18,272450,9180.0,4.94,-2.3,-3.7,5.9
2025-07-21,272450,9190.0,4.89,-1.1,0.3,0.7
2025-07-22,272450,9160.0,4.89,-2.4,-0.4,2.9
2025-07-23,272450,9180.0,4.83,-0.5,-2.2,2.6
2025-07-24,272450,9150.0,4.81,-3.3,-0.1,3.4
2025-07-25,272450,9080.0,4.74,-1.4,-1.2,3.7
2025-07-28,272450,8980.0,4.71,-5.4,-4.1,9.4
2025-07-29,272450,8940.0,4.58,0.8,-2.7,1.8
2025-07-30,272450,8970.0,4.59,1.1,-0.2,-0.9
2025-07-31,272450,8970.0,4.62,-0.5,-0.2,0.6
2025-08-01,272450,8710.0,4.6,-11.4,-0.2,11.2
2025-08-04,272450,8750.0,4.34,-3.8,-0.1,3.6
2025-08-05,272450,8830.0,4.26,-4.1,0.1,3.8
2025-08-06,272450,9000.0,4.16,-1.8,0.3,1.7
2025-08-07,272450,8990.0,4.13,0.1,0.1,-0.2
2025-08-08,272450,8990.0,4.13,2.1,0.9,-3.0
2025-08-11,272450,8840.0,4.18,-2.9,-0.0,2.9
2025-08-12,272450,8770.0,4.11,-1.8,-0.2,2.1
2025-08-13,272450,8920.0,4.06,-1.2,0.5,0.7
2025-08-14,272450,8950.0,4.04,0.2,-0.2,-0.0
2025-08-18,272450,8820.0,4.05,-1.6,0.1,1.5
2025-08-19,272450,8760.0,4.01,-1.7,-0.1,1.8
2025-08-20,272450,8660.0,3.97,-1.9,-0.4,2.3
2025-08-21,272450,8600.0,3.93,-0.6,-0.7,1.3
2025-08-22,272450,8650.0,3.91,-2.0,-1.4,3.4
2025-08-25,272450,8680.0,3.87,-0.5,-0.0,0.6
2025-08-26,272450,8540.0,3.86,-4.4,-1.2,5.6
2025-08-27,272450,8540.0,3.76,-1.5,0.1,1.4
2025-08-28,272450,8570.0,3.72,-0.2,0.2,0.1
2025-08-29,272450,8510.0,3.72,-0.7,-0.7,1.5
2025-09-01,272450,8350.0,3.7,-0.8,-0.0,0.8
2025-09-02,272450,8370.0,3.68,-1.2,0.1,1.1
2025-09-03,272450,8290.0,3.65,-1.9,-0.2,2.0
2025-09-04,272450,8380.0,3.61,-1.1,-0.2,0.9
2025-09-05,272450,8360.0,3.58,-0.7,-0.1,0.8
2025-09-08,272450,8370.0,3.57,-0.4,-0.6,0.9
2025-09-09,272450,8500.0,3.56,0.2,0.0,-0.3
2025-09-10,272450,8500.0,3.57,0.5,0.1,-0.6
2025-09-11,272450,8600.0,3.58,-1.5,1.0,0.5
2025-09-12,272450,8520.0,3.54,-1.4,-2.0,3.3
2025-09-15,272450,8420.0,3.51,-1.2,-2.0,3.2
2025-09-16,272450,8420.0,3.48,-2.1,-0.2,2.3
2025-09-17,272450,8450.0,3.43,2.6,-0.0,-2.5
2025-09-18,272450,8440.0,3.5,-0.8,0.0,0.7
2025-09-19,272450,8420.0,3.48,-2.5,-0.3,2.8
2025-09-22,272450,8360.0,3.42,-2.8,-0.2,2.9
2025-09-23,272450,8230.0,3.35,-4.2,-0.1,4.1
2025-09-24,272450,8150.0,3.26,-2.3,-0.3,2.5
2025-09-25,272450,8040.0,3.2,-1.9,-0.1,2.0
2025-09-26,272450,7940.0,3.16,-1.4,0.3,0.9
2025-09-29,272450,7950.0,3.13,-1.8,-0.0,1.7
2025-09-30,272450,7940.0,3.08,-0.9,-0.6,1.5
2025-10-01,272450,7900.0,3.06,-1.1,-0.1,1.1
2025-10-02,272450,7940.0,3.03,-1.4,-0.2,1.6
2025-10-10,272450,7770.0,3.0,-1.6,0.1,1.5
2025-10-13,272450,7660.0,2.96,-1.6,-0.2,1.7
2025-10-14,272450,7660.0,2.92,-1.2,0.2,0.9
2025-10-15,272450,7760.0,2.89,-0.2,0.3,-0.1
2025-10-16,272450,7710.0,2.89,-1.7,-1.7,3.5
2025-10-17,272450,7600.0,2.85,-1.2,-0.6,1.7
2025-10-20,272450,7530.0,2.81,-0.7,-0.8,1.5
2025-10-21,272450,7460.0,2.8,-0.7,-0.5,1.2
2025-10-22,272450,7400.0,2.77,0.7,-5.8,4.8
2025-10-23,272450,7360.0,2.81,0.5,-0.0,-0.5
2025-10-24,272450,7330.0,2.82,-2.0,-1.2,3.2
2025-10-27,272450,7320.0,2.77,-0.8,0.4,0.4
2025-10-28,272450,7330.0,2.78,-0.3,0.1,0.1
2025-10-29,272450,7240.0,2.76,-4.0,-2.5,6.5
2025-10-30,272450,7240.0,2.62,-1.1,-1.8,2.7
2025-10-31,272450,7210.0,2.61,-1.3,-0.5,1.7
2025-11-03,272450,7000.0,2.56,-4.0,-1.9,5.8
2025-11-04,272450,6980.0,2.45,0.6,-0.5,-0.3
2025-11-05,272450,6840.0,2.48,0.1,-0.2,-0.1
2025-11-06,272450,7040.0,2.5,1.7,-0.0,-1.7
2025-11-07,272450,6920.0,2.56,-2.3,-1.0,3.3
2025-11-10,272450,7210.0,2.45,1.7,1.2,-2.9
2025-11-11,272450,7100.0,2.51,0.3,-0.6,0.3
2025-11-12,272450,7160.0,2.51,0.5,-1.1,0.1
2025-11-13,272450,7120.0,2.52,-2.2,-0.5,2.4
2025-11-14,272450,6950.0,2.46,-2.2,-2.9,5.0
2025-11-17,272450,6850.0,2.4,-2.9,-2.2,5.0
2025-11-18,272450,6570.0,2.32,-3.0,-0.3,3.7
2025-11-19,272450,6750.0,2.23,0.8,2.7,-4.1
2025-11-20,272450,7170.0,2.27,1.5,1.5,-3.1
2025-11-21,272450,7000.0,2.36,-1.9,-0.1,2.1
2025-11-24,272450,6740.0,2.31,-3.6,-0.9,4.4
2025-11-25,272450,6610.0,2.19,-2.4,-1.0,3.3
2025-11-26,272450,6650.0,2.1,-0.3,-0.6,0.8
2025-11-27,272450,6700.0,2.07,-0.0,-1.2,1.2
2025-11-28,272450,6700.0,2.08,-0.1,0.1,0.1
2025-12-01,272450,6660.0,2.08,-0.2,-0.0,0.3
2025-12-02,272450,6670.0,2.07,-0.5,0.1,0.4
2025-12-03,272450,6800.0,2.06,0.5,0.2,-0.7
2025-12-04,272450,6750.0,2.09,-1.4,0.3,1.0
2025-12-05,272450,6680.0,2.04,-2.0,0.0,1.9
2025-12-08,272450,7080.0,1.98,-9.6,-1.1,10.6
2025-12-09,272450,6970.0,1.74,-0.8,-0.1,0.9
2025-12-10,272450,6830.0,1.73,0.5,0.2,-0.4
2025-12-11,272450,6870.0,1.77,-0.8,-0.6,1.3
2025-12-12,272450,7050.0,1.73,2.2,-1.3,-1.8
2025-12-15,272450,7010.0,1.83,-0.9,-0.6,1.0
2025-12-16,272450,6980.0,1.78,-0.0,0.9,-1.0
2025-12-17,272450,7010.0,1.78,-0.6,1.1,-0.6
2025-12-18,272450,6900.0,1.76,-1.2,0.5,0.6
2025-12-19,272450,6950.0,1.71,0.2,0.4,-0.6
2025-12-22,272450,7000.0,1.73,1.5,0.6,-2.1
2025-12-23,272450,6890.0,1.79,-0.7,-0.9,1.6
2025-12-24,272450,7040.0,1.76,0.5,0.3,-1.2
2025-12-26,272450,6990.0,1.78,-0.7,-0.1,1.5
2025-12-29,272450,6970.0,1.74,0.4,-0.1,-0.4
2025-12-30,272450,6930.0,1.75,-0.5,-0.0,0.5
2026-01-02,272450,6910.0,1.74,-0.2,0.1,0.1
2026-01-05,272450,6850.0,1.73,-1.6,0.0,1.5
2026-01-06,272450,6800.0,1.69,-1.1,0.3,1.0
2026-01-07,272450,6680.0,1.66,-0.9,0.2,1.5
2026-01-08,272450,6690.0,1.63,-0.6,2.1,-1.5
2026-01-09,272450,6690.0,1.61,-0.4,-0.1,0.5
2026-01-12,272450,6620.0,1.6,-1.1,-0.0,1.1
2026-01-13,272450,6570.0,1.57,-0.2,-0.1,0.0
2026-01-14,272450,6610.0,1.57,2.0,0.0,-2.0
2026-01-15,272450,6750.0,1.63,3.6,-0.5,-3.2
2026-01-16,272450,7050.0,1.73,10.3,6.6,-16.8
2026-01-19,272450,7050.0,2.01,-1.0,-1.1,1.7
2026-01-20,272450,7030.0,1.98,1.5,-0.0,-1.5
2026-01-21,272450,6850.0,2.02,-3.9,0.1,3.6
2026-01-22,272450,6970.0,1.92,4.5,0.3,-4.7
2026-01-23,272450,6990.0,2.04,1.7,0.1,-1.7
2026-01-26,272450,6930.0,2.09,-2.1,-0.9,3.0
2026-01-27,272450,6910.0,2.03,-2.3,-3.3,5.8
2026-01-28,272450,6880.0,1.96,0.2,-2.5,2.1
2026-01-29,272450,6880.0,1.97,-1.2,-0.3,1.5
2026-01-30,272450,6780.0,1.93,-0.6,1.2,-0.5
2026-02-02,272450,6580.0,1.91,-7.4,-0.2,7.3
2026-02-03,272450,6700.0,1.7,1.5,-0.1,-1.2
2026-02-04,272450,6910.0,1.74,5.7,-0.3,-5.4
2026-02-05,272450,7010.0,1.91,7.9,0.2,-8.4
2026-02-06,272450,6900.0,2.12,-4.1,-0.2,4.2
2026-02-09,272450,7090.0,2.01,11.3,0.2,-11.3
2026-02-10,272450,7320.0,2.31,7.3,5.5,-11.9
2026-02-11,272450,7310.0,2.51,-0.4,-0.5,0.8
2026-02-12,272450,7250.0,2.5,1.5,-1.3,-0.4
2026-02-13,272450,7240.0,2.53,-0.4,-0.2,0.5
2026-02-19,272450,7200.0,2.52,1.9,-1.2,-0.7
2026-02-20,272450,7130.0,2.57,0.2,-0.1,0.0
2026-02-23,272450,7400.0,2.58,4.7,1.8,-6.4
2026-02-24,272450,7300.0,2.7,-2.6,-0.0,2.7
2026-02-25,272450,7470.0,2.64,-6.0,2.4,3.6
2026-02-26,272450,7170.0,2.49,-11.4,0.1,11.1
2026-02-27,272450,7070.0,2.19,-3.2,-0.5,3.3
2026-03-03,272450,6710.0,2.1,-5.0,-1.1,6.0
2026-03-04,272450,6100.0,1.96,-4.1,-1.0,4.3
2026-03-05,272450,6370.0,1.84,-1.2,-0.3,1.5
2026-03-06,272450,6380.0,1.8,-3.4,1.4,2.0
2026-03-09,272450,5970.0,1.7,-0.9,-3.2,4.1
2026-03-10,272450,6310.0,1.67,2.3,-0.0,-2.2
2026-03-11,272450,6360.0,1.74,-0.7,-0.1,0.8
2026-03-12,272450,6420.0,1.72,0.7,-0.1,-0.6
2026-03-13,272450,6500.0,1.74,-1.9,1.8,0.1
2026-03-16,272450,6340.0,1.68,3.7,0.0,-4.0
2026-03-17,272450,6490.0,1.8,2.0,-0.2,-1.7
2026-03-18,272450,6470.0,1.85,-3.6,-0.1,3.6
2026-03-19,272450,6220.0,1.75,-6.6,-0.1,6.6
2026-03-20,272450,6500.0,1.55,2.1,2.5,-4.6
2026-03-23,272450,6190.0,1.61,-5.6,0.1,6.1
2026-03-24,272450,6310.0,1.44,-0.9,-0.4,1.3
2026-03-25,272450,6420.0,1.41,2.1,0.1,-2.2
2026-03-26,272450,6310.0,1.47,-0.0,-0.8,0.8
2026-03-27,272450,6320.0,1.47,-0.9,2.1,-1.3
2026-03-30,272450,6170.0,1.44,-0.3,0.0,0.3
2026-03-31,272450,6060.0,1.43,-1.0,-0.7,1.7
2026-04-01,272450,6310.0,1.4,2.2,0.3,-2.5
2026-04-02,272450,6070.0,1.47,-1.0,0.1,0.9
2026-04-03,272450,6100.0,1.43,-0.6,0.1,0.5
2026-04-06,272450,6130.0,1.42,-0.8,0.0,0.7
2026-04-07,272450,6130.0,1.39,-0.1,0.0,0.0
2026-04-08,272450,6510.0,1.39,3.5,3.5,-7.0
2026-04-09,272450,6490.0,1.49,-0.0,0.1,-0.1
2026-04-10,272450,6550.0,1.49,1.5,1.0,-2.4
2026-04-13,272450,6410.0,1.53,-0.8,-0.8,1.5
2026-04-14,272450,6470.0,1.51,-0.6,0.0,0.6
2026-04-15,272450,6580.0,1.49,1.5,-0.1,-1.2
2026-04-16,272450,6740.0,1.53,2.1,-0.1,-2.2
2026-04-17,272450,6740.0,1.6,-0.7,1.0,-0.3
2026-04-20,272450,6680.0,1.57,-0.2,-0.2,0.5
2026-04-21,272450,6700.0,1.57,0.8,-0.0,-0.8
2026-04-22,272450,6580.0,1.59,-1.1,-0.0,1.0
2026-04-23,272450,6450.0,1.56,-1.1,0.0,0.9
2026-04-24,272450,6430.0,1.53,0.1,-3.1,3.0
2026-04-27,272450,6380.0,1.53,-2.3,-2.4,4.8
2026-04-28,272450,6360.0,1.46,-1.3,-0.6,1.8
2026-04-29,272450,6400.0,1.42,1.1,-2.6,1.4
2026-04-30,272450,6280.0,1.46,-0.5,0.8,-0.3
2026-05-04,272450,6300.0,1.44,-0.7,-2.1,2.7
2026-05-06,272450,6170.0,1.42,-3.9,-1.1,4.8
2026-05-07,272450,6580.0,1.3,2.3,9.1,-11.2
2026-05-08,272450,6600.0,1.37,1.2,-0.1,-1.1
2026-05-11,272450,6300.0,1.41,-7.1,0.2,5.6
2026-05-12,272450,6150.0,1.19,-3.0,0.1,2.2
2026-05-13,272450,6150.0,1.1,-1.7,-0.5,2.1
2026-05-14,272450,6360.0,1.05,1.7,-0.3,-1.5
2026-05-15,272450,6110.0,1.1,-0.3,-3.4,3.9
2026-05-18,272450,6080.0,1.09,-1.3,0.1,1.2
2026-05-19,272450,6070.0,1.05,1.1,0.0,-1.0
2026-05-20,272450,5770.0,1.09,-11.1,-3.3,14.2
2026-05-21,272450,6060.0,0.75,5.0,1.1,-5.9
2026-05-22,272450,6220.0,0.91,5.8,-3.4,-2.4
2026-05-26,272450,6210.0,1.09,-2.2,-1.1,3.1
2026-05-27,272450,6150.0,1.02,0.5,0.3,-0.8
2026-05-28,272450,6130.0,1.04,1.9,0.0,-2.1
2026-05-29,272450,6130.0,1.1,-0.7,0.0,0.5
2026-06-01,272450,5910.0,1.08,-3.2,-0.6,3.6
2026-06-02,272450,5700.0,0.97,-2.0,-0.2,3.6
2026-06-04,272450,5630.0,0.91,-1.4,-0.0,2.5
2026-06-05,272450,5620.0,0.86,-1.0,2.4,-1.4
2026-06-08,272450,5310.0,0.83,-1.9,-0.4,2.0
2026-06-09,272450,5410.0,0.76,-0.3,-0.1,0.1
2026-06-10,272450,5320.0,0.75,0.6,-0.6,0.2
2026-06-11,272450,5270.0,0.77,0.1,-1.4,1.4
2026-06-12,272450,5510.0,0.77,4.2,-3.1,-1.1
2026-06-15,272450,6200.0,0.91,-0.5,6.4,-5.2
2026-06-16,272450,6090.0,0.9,3.0,-0.1,-3.0
2026-06-17,272450,6270.0,1.0,0.1,0.0,-0.7
2026-06-18,272450,6050.0,1.0,-3.9,-0.0,3.9
2026-06-19,272450,6050.0,0.89,1.0,1.2,-2.6
2026-06-22,272450,5800.0,0.92,-0.7,0.0,0.8
2026-06-23,272450,5610.0,0.89,1.8,1.5,-3.3
2026-06-24,272450,5720.0,0.96,1.1,-0.1,-1.0
2026-06-25,272450,5950.0,0.99,2.2,0.3,-2.4
2026-06-26,272450,5660.0,1.06,-2.5,0.1,2.5
2026-06-29,272450,5860.0,0.98,2.4,0.0,-2.4
2026-06-30,272450,5670.0,1.06,-1.7,-1.2,2.7
2026-07-01,272450,5720.0,1.0,1.1,0.0,-1.2
2026-07-02,272450,5650.0,1.04,2.2,-0.2,-2.2
2026-07-03,272450,5700.0,1.11,0.2,0.0,-0.4
2026-07-06,272450,5680.0,1.12,0.2,0.2,-0.4
2026-07-07,272450,5650.0,1.13,2.9,0.1,-3.0
2026-07-08,272450,5390.0,1.23,-1.0,-0.1,1.9
2026-07-09,272450,5290.0,1.19,-2.2,-1.4,3.7
2026-07-10,272450,5420.0,1.11,2.0,-0.2,-1.6
2026-07-13,272450,5190.0,1.18,-2.9,-0.1,3.0
2025-07-14,272550,14420.0,5.1,-0.9,-0.3,1.2
2025-07-15,272550,14650.0,5.06,-1.8,1.0,0.7
2025-07-16,272550,14480.0,4.99,-1.9,1.1,0.9
2025-07-17,272550,14300.0,4.9,-1.2,1.0,0.1
2025-07-18,272550,14140.0,4.85,-0.7,0.1,0.4
2025-07-21,272550,14160.0,4.82,-0.3,0.2,0.1
2025-07-22,272550,14150.0,4.8,-0.9,0.4,0.4
2025-07-23,272550,14100.0,4.76,-0.6,-0.0,0.6
2025-07-24,272550,13980.0,4.74,-0.4,0.1,0.3
2025-07-25,272550,13840.0,4.72,-0.2,-0.0,0.2
2025-07-28,272550,13660.0,4.71,-0.3,0.0,0.5
2025-07-29,272550,13710.0,4.69,-0.9,0.7,0.1
2025-07-30,272550,13890.0,4.65,-0.3,-0.0,0.3
2025-07-31,272550,13860.0,4.64,-0.1,0.3,-0.2
2025-08-01,272550,13520.0,4.63,-1.0,0.5,0.5
2025-08-04,272550,13600.0,4.59,-0.1,0.1,-0.0
2025-08-05,272550,13790.0,4.58,-0.1,0.3,-0.1
2025-08-06,272550,13940.0,4.57,-0.8,1.8,-1.0
2025-08-07,272550,13920.0,4.53,-0.2,0.3,-0.1
2025-08-08,272550,13910.0,4.53,-0.3,0.5,-0.1
2025-08-11,272550,13810.0,4.51,-0.3,0.4,-0.1
2025-08-12,272550,13800.0,4.5,0.1,0.4,-0.3
2025-08-13,272550,13800.0,4.5,-0.8,-0.0,0.9
2025-08-14,272550,13800.0,4.46,-0.8,-0.0,0.8
2025-08-18,272550,13670.0,4.42,-2.6,1.4,1.1
2025-08-19,272550,13520.0,4.3,-1.0,0.8,0.2
2025-08-20,272550,13510.0,4.25,-1.2,1.2,0.1
2025-08-21,272550,13360.0,4.19,-0.2,-0.1,0.4
2025-08-22,272550,13350.0,4.18,-0.8,0.9,-0.0
2025-08-25,272550,13370.0,4.14,-0.7,0.2,0.5
2025-08-26,272550,13600.0,4.12,-1.5,1.7,-0.2
2025-08-27,272550,13600.0,4.06,-0.5,-0.3,0.8
2025-08-28,272550,13520.0,4.03,-1.0,0.6,0.3
2025-08-29,272550,13420.0,3.98,-0.6,0.1,0.5
2025-09-01,272550,13100.0,3.96,-0.5,-0.5,1.1
2025-09-02,272550,13120.0,3.94,-0.5,-0.0,0.5
2025-09-03,272550,13090.0,4.02,-0.3,0.1,0.2
2025-09-04,272550,13280.0,4.0,-0.1,0.1,0.0
2025-09-05,272550,13280.0,4.0,-0.2,-0.1,0.1
2025-09-08,272550,13250.0,3.99,0.2,-0.0,-0.2
2025-09-09,272550,13190.0,4.0,-0.1,-0.0,0.1
2025-09-10,272550,13310.0,3.99,0.4,-0.0,-0.4
2025-09-11,272550,13260.0,4.01,-0.2,-0.0,0.2
2025-09-12,272550,13250.0,4.0,0.0,-0.0,-0.0
2025-09-15,272550,13430.0,4.01,0.2,0.0,-0.2
2025-09-16,272550,13410.0,4.01,-0.6,0.3,0.3
2025-09-17,272550,13350.0,3.99,-0.2,-0.9,1.1
2025-09-18,272550,13350.0,3.98,0.4,-0.1,-0.3
2025-09-19,272550,13340.0,4.0,-0.7,-0.0,0.7
2025-09-22,272550,13780.0,3.96,0.7,1.4,-2.1
2025-09-23,272550,13610.0,3.99,-0.2,0.2,0.0
2025-09-24,272550,13470.0,3.98,-0.5,-0.2,0.7
2025-09-25,272550,13440.0,3.96,-0.5,-0.0,0.5
2025-09-26,272550,13430.0,3.93,-0.2,0.0,0.2
2025-09-29,272550,13410.0,3.92,0.1,0.0,-0.1
2025-09-30,272550,13350.0,3.93,-0.1,-0.3,0.4
2025-10-01,272550,14370.0,3.92,3.5,3.1,-6.6
2025-10-02,272550,14210.0,4.09,0.5,2.4,-2.9
2025-10-10,272550,14570.0,4.11,-0.1,1.6,-1.4
2025-10-13,272550,14650.0,4.11,-1.8,1.6,0.2
2025-10-14,272550,15000.0,4.03,-0.7,2.3,-1.6
2025-10-15,272550,15140.0,4.0,-0.8,1.7,-1.0
2025-10-16,272550,15180.0,3.96,-3.0,1.2,2.0
2025-10-17,272550,14950.0,3.83,-1.1,1.8,-0.8
2025-10-20,272550,14900.0,3.79,-0.1,1.6,-1.3
2025-10-21,272550,14740.0,3.78,-0.4,1.2,-1.0
2025-10-22,272550,14640.0,3.76,-0.6,1.5,-0.9
2025-10-23,272550,14900.0,3.73,-0.0,2.2,-1.8
2025-10-24,272550,14800.0,3.73,-0.6,0.2,0.4
2025-10-27,272550,14840.0,3.72,-1.2,1.5,-0.3
2025-10-28,272550,14840.0,3.66,-1.2,1.0,0.1
2025-10-29,272550,14680.0,3.61,-0.6,1.5,-0.9
2025-10-30,272550,14410.0,3.58,0.7,2.6,-2.4
2025-10-31,272550,14180.0,3.62,-0.8,1.3,-0.5
2025-11-03,272550,14050.0,3.6,1.4,0.3,-1.7
2025-11-04,272550,14190.0,3.67,-0.8,1.4,-0.6
2025-11-05,272550,14070.0,3.63,-1.2,1.1,-0.0
2025-11-06,272550,14010.0,3.58,-0.7,0.9,-0.1
2025-11-07,272550,13780.0,3.53,-1.5,-0.3,1.4
2025-11-10,272550,13800.0,3.47,0.0,0.1,0.5
2025-11-11,272550,13850.0,3.35,-0.8,0.2,0.5
2025-11-12,272550,13980.0,3.31,0.1,-0.4,0.3
2025-11-13,272550,14150.0,3.32,-1.2,1.6,-0.4
2025-11-14,272550,13950.0,3.26,-0.2,-0.1,0.3
2025-11-17,272550,13710.0,3.25,-0.4,-0.2,0.6
2025-11-18,272550,13590.0,3.39,-0.9,-0.1,1.1
2025-11-19,272550,13700.0,3.52,0.0,0.0,-0.0
2025-11-20,272550,13780.0,3.59,0.2,0.0,-0.3
2025-11-21,272550,13770.0,3.6,0.4,-0.1,-0.4
2025-11-24,272550,13730.0,3.62,-0.0,0.1,-0.2
2025-11-25,272550,13560.0,3.62,-0.4,-0.2,0.6
2025-11-26,272550,13940.0,3.6,0.5,-0.0,-0.5
2025-11-27,272550,13900.0,3.62,0.3,0.1,-0.4
2025-11-28,272550,14050.0,3.64,0.1,-0.0,-0.1
2025-12-01,272550,14060.0,3.66,0.2,0.2,-0.6
2025-12-02,272550,14160.0,3.69,-0.0,-0.0,0.0
2025-12-03,272550,14150.0,3.69,-0.3,-0.1,0.4
2025-12-04,272550,13940.0,3.74,-1.2,-0.0,1.2
2025-12-05,272550,14050.0,3.69,-0.5,0.0,0.5
2025-12-08,272550,13900.0,3.66,-0.4,-0.0,0.5
2025-12-09,272550,14000.0,3.64,-0.9,1.2,-0.3
2025-12-10,272550,13800.0,3.6,-1.8,-0.4,2.2
2025-12-11,272550,14000.0,3.51,0.3,-0.1,-0.2
2025-12-12,272550,14190.0,3.53,0.5,-0.0,-0.5
2025-12-15,272550,14150.0,3.55,0.3,0.1,-0.3
2025-12-16,272550,14190.0,3.57,-0.7,2.0,-1.3
2025-12-17,272550,14210.0,3.54,-0.4,0.0,1.3
2025-12-18,272550,14130.0,3.49,-0.0,-0.1,0.1
2025-12-19,272550,14280.0,3.48,0.5,-0.3,-0.2
2025-12-22,272550,14420.0,3.51,-0.1,0.9,-0.7
2025-12-23,272550,14350.0,3.5,-1.0,0.4,0.6
2025-12-24,272550,14290.0,3.46,-0.7,0.7,0.0
2025-12-26,272550,14310.0,3.29,0.2,0.0,-0.2
2025-12-29,272550,13720.0,2.99,-2.5,-0.1,3.1
2025-12-30,272550,13610.0,2.84,-0.5,-0.3,0.8
2026-01-02,272550,13370.0,2.69,-1.2,-0.6,0.8
2026-01-05,272550,13350.0,2.63,-0.6,-0.4,0.8
2026-01-06,272550,13170.0,2.66,-1.4,-1.2,-1.8
2026-01-07,272550,13010.0,2.64,-0.2,-0.4,0.3
2026-01-08,272550,12980.0,2.64,-0.3,-0.3,0.4
2026-01-09,272550,12920.0,2.63,-0.1,-0.1,0.2
2026-01-12,272550,12870.0,2.62,-0.5,-0.2,0.6
2026-01-13,272550,12860.0,2.6,-1.4,-0.1,1.4
2026-01-14,272550,12830.0,2.64,-0.1,-0.4,0.5
2026-01-15,272550,12590.0,2.64,-1.7,-1.0,2.7
2026-01-16,272550,12520.0,2.55,-0.3,-1.5,1.9
2026-01-19,272550,12250.0,2.53,0.1,-0.8,0.2
2026-01-20,272550,12340.0,2.54,1.6,-0.7,-0.9
2026-01-21,272550,12180.0,2.62,-0.9,-0.5,0.5
2026-01-22,272550,12260.0,2.57,0.9,-0.4,-0.6
2026-01-23,272550,12380.0,2.62,0.6,-0.6,0.1
2026-01-26,272550,12520.0,2.65,-0.2,-0.4,0.4
2026-01-27,272550,12460.0,2.63,-0.0,-0.3,0.4
2026-01-28,272550,12450.0,2.63,0.1,-0.4,-0.1
2026-01-29,272550,12600.0,2.64,0.3,-0.4,-0.1
2026-01-30,272550,12350.0,2.65,0.1,-2.4,2.3
2026-02-02,272550,12180.0,2.66,-0.9,-0.5,1.3
2026-02-03,272550,12310.0,2.61,0.3,0.1,-0.3
2026-02-04,272550,12490.0,2.63,1.3,0.0,-0.6
2026-02-05,272550,12460.0,2.7,1.1,-0.1,-1.0
2026-02-06,272550,12340.0,2.76,-0.0,-0.5,0.3
2026-02-09,272550,12340.0,2.75,0.8,0.0,-0.8
2026-02-10,272550,12600.0,2.8,0.8,-0.2,-0.6
2026-02-11,272550,12550.0,2.84,0.2,-0.6,0.4
2026-02-12,272550,12610.0,2.85,0.4,-0.0,-0.4
2026-02-13,272550,12640.0,2.87,-0.0,-0.2,0.2
2026-02-19,272550,12620.0,2.87,0.1,-0.8,0.6
2026-02-20,272550,12730.0,2.87,-0.0,-0.3,0.7
2026-02-23,272550,12740.0,2.87,0.1,0.2,-0.8
2026-02-24,272550,12750.0,2.88,0.1,-0.1,0.1
2026-02-25,272550,12840.0,2.88,-1.1,-0.2,-0.6
2026-02-26,272550,12560.0,2.83,-0.6,0.2,0.5
2026-02-27,272550,12410.0,2.8,-0.9,-0.4,1.2
2026-03-03,272550,12220.0,2.75,-0.5,0.2,-0.4
2026-03-04,272550,11260.0,2.72,-0.1,-0.1,0.1
2026-03-05,272550,11750.0,2.73,-0.4,-0.4,0.0
2026-03-06,272550,11500.0,2.71,-0.2,-0.1,0.4
2026-03-09,272550,11200.0,2.69,-0.3,-0.0,0.3
2026-03-10,272550,11410.0,2.69,-0.3,-0.1,0.5
2026-03-11,272550,11640.0,2.7,0.1,-0.0,-0.0
2026-03-12,272550,11620.0,2.78,-0.1,-0.1,0.2
2026-03-13,272550,11700.0,2.78,0.4,0.0,-0.2
2026-03-16,272550,11550.0,2.8,-0.0,-0.1,0.1
2026-03-17,272550,11500.0,2.8,0.0,-0.4,0.4
2026-03-18,272550,11600.0,2.85,-0.4,-0.1,0.5
2026-03-19,272550,11540.0,2.83,-0.0,-0.1,0.2
2026-03-20,272550,11780.0,2.83,0.5,-0.1,-0.4
2026-03-23,272550,12210.0,2.85,-4.5,-6.8,11.7
2026-03-24,272550,14040.0,2.63,-5.4,-10.1,15.0
2026-03-25,272550,14260.0,2.41,-4.3,-21.3,42.6
2026-03-26,272550,15280.0,2.22,11.1,-9.7,0.4
2026-03-27,272550,13600.0,2.79,-25.7,-8.8,34.3
2026-03-30,272550,13280.0,1.9,1.4,-6.9,8.3
2026-03-31,272550,12430.0,1.97,-0.1,-1.0,5.1
2026-04-01,272550,12220.0,1.97,0.5,-1.1,0.6
2026-04-02,272550,12200.0,2.0,-10.6,0.1,10.3
2026-04-03,272550,11870.0,1.6,1.0,-0.2,-0.8
2026-04-06,272550,11990.0,1.69,-4.9,-0.1,4.9
2026-04-07,272550,11500.0,1.48,-0.9,0.2,1.0
2026-04-08,272550,11500.0,1.48,2.3,0.2,-3.2
2026-04-09,272550,11500.0,1.61,-0.6,-0.0,0.1
2026-04-10,272550,11650.0,1.6,2.1,0.3,-2.4
2026-04-13,272550,12020.0,1.72,-2.4,-0.2,2.9
2026-04-14,272550,12040.0,1.59,-0.4,-0.1,0.4
2026-04-15,272550,12030.0,1.59,-0.4,-0.0,0.4
2026-04-16,272550,12080.0,1.57,3.7,0.1,-4.3
2026-04-17,272550,11990.0,1.83,0.3,-0.1,-0.3
2026-04-20,272550,11990.0,1.85,-0.3,-0.0,0.4
2026-04-21,272550,11800.0,1.83,-1.8,0.0,1.8
2026-04-22,272550,11820.0,1.73,-0.7,-0.1,0.7
2026-04-23,272550,11710.0,1.76,-1.2,0.1,1.1
2026-04-24,272550,11910.0,1.72,1.0,0.0,-1.1
2026-04-27,272550,11950.0,1.77,-0.3,-0.8,1.2
2026-04-28,272550,11930.0,1.75,0.1,-0.2,0.2
2026-04-29,272550,11920.0,1.76,0.3,-0.1,-0.2
2026-04-30,272550,11750.0,1.78,-1.3,-0.8,2.2
2026-05-04,272550,11610.0,1.71,-1.6,-0.0,2.1
2026-05-06,272550,11170.0,1.62,-0.5,-0.0,0.5
2026-05-07,272550,11100.0,1.59,0.3,0.0,-0.2
2026-05-08,272550,11100.0,1.61,-1.4,-0.1,1.4
2026-05-11,272550,10970.0,1.52,-1.2,-0.1,1.2
2026-05-12,272550,10470.0,1.45,0.8,0.4,-1.2
2026-05-13,272550,10360.0,1.52,0.5,-0.2,-0.3
2026-05-14,272550,10640.0,1.56,0.8,-0.2,-0.6
2026-05-15,272550,10350.0,1.58,0.8,0.0,-0.3
2026-05-18,272550,10310.0,1.65,0.3,-0.0,-0.3
2026-05-19,272550,10200.0,1.7,1.6,-0.6,-1.0
2026-05-20,272550,9900.0,1.78,-0.6,-0.8,1.4
2026-05-21,272550,9960.0,1.75,0.4,0.0,-0.8
2026-05-22,272550,10270.0,1.78,0.2,-0.1,-0.2
2026-05-26,272550,10100.0,1.79,-0.8,-0.0,0.9
2026-05-27,272550,10010.0,1.75,-0.3,-0.4,0.7
2026-05-28,272550,9860.0,1.71,-0.3,-0.0,0.3
2026-05-29,272550,9600.0,1.55,-1.0,-0.3,1.3
2026-06-01,272550,9330.0,1.46,1.5,0.0,-1.5
2026-06-02,272550,9010.0,1.67,2.7,-2.5,-0.2
2026-06-04,272550,9080.0,1.86,-0.5,-0.0,0.2
2026-06-05,272550,8890.0,1.85,-0.0,-0.0,0.1
2026-06-08,272550,8540.0,1.83,1.1,0.0,-1.2
2026-06-09,272550,8770.0,1.91,1.0,-0.0,-1.0
2026-06-10,272550,8800.0,1.99,0.3,-0.0,-0.3
2026-06-11,272550,8890.0,2.01,0.3,-0.5,0.2
2026-06-12,272550,9160.0,2.03,0.1,0.0,-0.2
2026-06-15,272550,9250.0,2.04,-0.6,-0.0,0.6
2026-06-16,272550,9270.0,2.0,1.6,-1.5,-0.3
2026-06-17,272550,9180.0,2.1,0.7,-0.9,0.2
2026-06-18,272550,8830.0,2.15,-0.2,-0.8,1.1
2026-06-19,272550,8680.0,2.13,-0.2,-0.2,0.4
2026-06-22,272550,8520.0,2.12,0.0,-0.1,0.1
2026-06-23,272550,8210.0,2.12,-0.0,-0.1,0.2
2026-06-24,272550,8110.0,2.11,0.3,-0.0,-0.3
2026-06-25,272550,8100.0,2.14,0.2,0.0,-0.3
2026-06-26,272550,7900.0,2.16,-0.4,-0.2,0.6
2026-06-29,272550,8550.0,2.13,1.5,-0.0,-1.5
2026-06-30,272550,8300.0,2.25,-0.8,0.2,0.6
2026-07-01,272550,8420.0,2.18,0.4,-0.1,-0.3
2026-07-02,272550,8370.0,2.21,-0.1,-0.7,0.8
2026-07-03,272550,8610.0,2.2,0.0,0.3,-0.3
2026-07-06,272550,8670.0,2.2,0.3,-0.3,-0.1
2026-07-07,272550,8700.0,2.22,0.6,-0.1,-0.4
2026-07-08,272550,8730.0,2.25,-0.5,0.0,0.5
2026-07-09,272550,8540.0,2.21,-0.3,0.0,0.3
2026-07-10,272550,8670.0,2.18,0.1,-0.0,-0.2
2026-07-13,272550,8590.0,2.19,-0.4,-0.0,0.4
2025-07-14,273060,1140.0,2.99,0.5,,-0.6
2025-07-15,273060,1116.0,3.08,-0.8,,0.9
2025-07-16,273060,1126.0,2.94,0.3,,-0.3
2025-07-17,273060,1119.0,2.99,-0.1,,0.1
2025-07-18,273060,1088.0,2.97,-0.5,,0.5
2025-07-21,273060,1110.0,2.88,0.2,,-0.2
2025-07-22,273060,1086.0,2.93,-0.6,,0.6
2025-07-23,273060,1067.0,2.84,-0.3,,0.3
2025-07-24,273060,1063.0,2.78,-0.4,,0.3
2025-07-25,273060,1121.0,2.71,-0.1,,0.1
2025-07-28,273060,1095.0,2.7,-1.3,,1.0
2025-07-29,273060,1066.0,2.46,-0.2,,0.1
2025-07-30,273060,1053.0,2.42,-0.3,,0.6
2025-07-31,273060,1070.0,2.36,0.2,,-0.2
2025-08-01,273060,1023.0,2.4,-0.7,,0.8
2025-08-04,273060,1036.0,2.27,0.4,,-0.4
2025-08-05,273060,1035.0,2.34,-0.1,,0.1
2025-08-06,273060,1027.0,2.32,-0.1,,0.1
2025-08-07,273060,1031.0,2.3,0.0,,0.0
2025-08-08,273060,1032.0,2.31,58.4,,-0.0
2025-08-11,273060,1080.0,13.52,-1.2,,1.2
2025-08-12,273060,1095.0,13.3,1.1,,-1.0
2025-08-13,273060,1090.0,13.49,0.2,,-0.2
2025-08-14,273060,1105.0,13.53,-4.9,,5.0
2025-08-18,273060,1091.0,12.75,1.3,,-1.3
2025-08-19,273060,1086.0,12.99,1.8,,-1.8
2025-08-20,273060,1078.0,13.33,0.0,,-0.0
2025-08-21,273060,1106.0,13.3,0.9,,-1.0
2025-08-22,273060,1082.0,13.47,-0.1,,0.1
2025-08-25,273060,1092.0,13.45,0.6,,-0.6
2025-08-26,273060,1090.0,13.55,0.4,,-0.4
2025-08-27,273060,1066.0,13.62,-1.1,,1.1
2025-08-28,273060,1065.0,13.42,-0.1,,0.1
2025-08-29,273060,1064.0,13.39,-0.1,,0.1
2025-09-01,273060,1093.0,13.38,0.2,,-0.2
2025-09-02,273060,1068.0,13.41,0.1,,-0.1
2025-09-03,273060,1055.0,13.43,-0.1,,0.1
2025-09-04,273060,1074.0,13.41,0.5,,-0.4
2025-09-05,273060,1058.0,13.5,-0.5,,0.5
2025-09-08,273060,1058.0,13.42,-0.3,,0.3
2025-09-09,273060,1059.0,13.36,0.1,,-0.1
2025-09-10,273060,1065.0,13.39,0.2,,-0.2
2025-09-11,273060,1050.0,13.43,-0.2,,0.2
2025-09-12,273060,1049.0,13.39,-0.3,,0.3
2025-09-15,273060,1058.0,13.33,-0.2,,0.2
2025-09-16,273060,1064.0,13.3,-7.9,,8.0
2025-09-17,273060,1299.0,11.95,2.1,-13.5,11.1
2025-09-18,273060,1233.0,12.4,-3.2,-0.1,3.7
2025-09-19,273060,1193.0,11.89,0.1,0.0,-0.2
2025-09-22,273060,1164.0,11.92,-0.2,,0.1
2025-09-23,273060,1170.0,11.88,-1.9,0.1,1.9
2025-09-24,273060,1131.0,11.56,1.5,0.2,-1.9
2025-09-25,273060,1139.0,11.82,0.8,0.2,-0.8
2025-09-26,273060,1112.0,11.97,0.0,0.2,-0.3
2025-09-29,273060,1121.0,11.98,0.9,0.1,-0.9
2025-09-30,273060,1081.0,12.13,-0.0,0.2,-0.2
2025-10-01,273060,1090.0,12.12,1.0,0.2,-1.3
2025-10-02,273060,1085.0,12.32,0.1,0.2,-0.3
2025-10-10,273060,1074.0,12.33,-0.0,0.1,-0.1
2025-10-13,273060,1068.0,12.33,-0.4,,0.5
2025-10-14,273060,1038.0,12.25,0.0,,-0.0
2025-10-15,273060,1063.0,12.25,0.4,,-0.4
2025-10-16,273060,1118.0,12.32,0.9,,-0.9
2025-10-17,273060,1093.0,12.48,-0.4,,0.4
2025-10-20,273060,1070.0,12.41,0.2,,-0.3
2025-10-21,273060,1088.0,12.45,0.3,,-0.2
2025-10-22,273060,1062.0,12.5,-1.0,,1.0
2025-10-23,273060,1060.0,12.32,-0.4,,0.4
2025-10-24,273060,1052.0,12.26,-0.4,,0.4
2025-10-27,273060,1120.0,12.18,-1.4,,1.5
2025-10-28,273060,1117.0,11.94,1.0,,-1.0
2025-10-29,273060,1097.0,12.12,-0.3,,0.3
2025-10-30,273060,1083.0,12.06,0.6,,-0.6
2025-10-31,273060,1039.0,12.17,0.7,,-0.8
2025-11-03,273060,1006.0,12.31,-0.5,-0.0,0.5
2025-11-04,273060,1005.0,12.21,-0.1,,0.1
2025-11-05,273060,982.0,12.19,-1.4,,1.4
2025-11-06,273060,985.0,11.9,0.3,,-0.3
2025-11-07,273060,977.0,11.96,0.1,,-0.1
2025-11-10,273060,992.0,11.98,0.2,,-0.2
2025-11-11,273060,981.0,12.02,0.1,,-0.1
2025-11-12,273060,989.0,12.03,0.3,,-0.3
2025-11-13,273060,1020.0,12.1,0.4,,-0.2
2025-11-14,273060,1000.0,12.17,-0.2,,0.2
2025-11-17,273060,970.0,12.13,-0.1,,-0.0
2025-11-18,273060,942.0,12.13,-0.2,,0.1
2025-11-19,273060,937.0,12.1,0.4,,-0.3
2025-11-20,273060,950.0,12.17,0.2,,-0.2
2025-11-21,273060,959.0,12.22,-0.1,,0.1
2025-11-24,273060,944.0,12.2,-0.1,,0.1
2025-11-25,273060,941.0,12.17,-0.1,-0.1,0.1
2025-11-26,273060,964.0,12.15,0.2,,-0.2
2025-11-27,273060,970.0,12.19,-0.2,,0.2
2025-11-28,273060,1017.0,12.14,0.5,,-0.4
2025-12-01,273060,972.0,12.24,-0.5,,0.4
2025-12-02,273060,973.0,12.15,-0.0,,0.0
2025-12-03,273060,971.0,12.15,0.1,,-0.1
2025-12-04,273060,969.0,12.16,-0.2,,0.2
2025-12-05,273060,967.0,12.11,-0.1,,0.1
2025-12-08,273060,971.0,12.09,0.0,,-0.0
2025-12-09,273060,963.0,12.09,-0.0,,0.0
2025-12-10,273060,964.0,12.09,0.0,-0.0,0.0
2025-12-11,273060,971.0,12.09,0.0,-0.0,0.0
2025-12-12,273060,976.0,12.09,-0.1,,0.1
2025-12-15,273060,994.0,12.07,0.1,,-0.1
2025-12-16,273060,949.0,12.09,-0.2,,0.2
2025-12-17,273060,947.0,12.04,0.0,,0.1
2025-12-18,273060,931.0,12.04,0.1,,-0.1
2025-12-19,273060,952.0,12.06,0.6,,-0.6
2025-12-22,273060,955.0,12.18,0.1,,-0.1
2025-12-23,273060,917.0,12.2,-0.3,,0.3
2025-12-24,273060,905.0,12.15,-0.0,,-0.0
2025-12-26,273060,886.0,12.14,-0.1,,0.1
2025-12-29,273060,897.0,12.12,0.1,,-0.2
2025-12-30,273060,885.0,12.15,0.2,,-0.1
2026-01-02,273060,894.0,12.19,0.0,,-0.0
2026-01-05,273060,890.0,12.19,0.2,,-0.2
2026-01-06,273060,873.0,12.24,-0.0,,0.0
2026-01-07,273060,854.0,12.23,-0.2,-0.0,0.1
2026-01-08,273060,839.0,12.19,-0.0,-0.1,0.1
2026-01-09,273060,845.0,12.18,-0.0,-0.1,0.1
2026-01-12,273060,862.0,12.18,0.0,-0.2,0.2
2026-01-13,273060,846.0,12.19,-0.1,-0.1,0.1
2026-01-14,273060,835.0,12.17,-0.1,,0.1
2026-01-15,273060,834.0,12.16,0.0,-0.2,0.2
2026-01-16,273060,831.0,12.17,-0.0,-0.0,0.1
2026-01-19,273060,832.0,12.16,-0.1,,0.2
2026-01-20,273060,860.0,12.13,-0.2,,0.2
2026-01-21,273060,831.0,12.08,-0.3,-0.1,0.4
2026-01-22,273060,899.0,12.02,-2.2,-0.1,2.3
2026-01-23,273060,905.0,11.58,2.2,0.0,-2.1
2026-01-26,273060,912.0,12.05,0.0,0.0,-0.0
2026-01-27,273060,1099.0,12.05,-2.0,-11.9,13.8
2026-01-28,273060,1061.0,11.77,0.2,-0.0,-0.1
2026-01-29,273060,1144.0,11.8,1.5,,-1.9
2026-01-30,273060,1350.0,12.06,9.3,-0.0,-9.9
2026-02-02,273060,1362.0,13.52,1.4,,-1.3
2026-02-03,273060,1308.0,13.73,-1.2,,1.3
2026-02-04,273060,1340.0,13.54,-0.2,,0.1
2026-02-05,273060,1380.0,13.49,-2.2,,2.1
2026-02-06,273060,1367.0,13.16,0.0,,-0.0
2026-02-09,273060,1349.0,13.17,0.6,,-0.6
2026-02-10,273060,1305.0,13.26,2.6,,-2.3
2026-02-11,273060,1325.0,13.65,1.0,,-1.0
2026-02-12,273060,1294.0,13.8,1.0,,-1.0
2026-02-13,273060,1278.0,13.94,1.3,,-1.1
2026-02-19,273060,1234.0,14.15,0.3,,-0.2
2026-02-20,273060,1222.0,14.21,0.8,,-0.7
2026-02-23,273060,1224.0,14.33,0.3,,-0.4
2026-02-24,273060,1213.0,14.38,0.4,,-0.3
2026-02-25,273060,1232.0,14.45,-0.1,,0.1
2026-02-26,273060,1287.0,14.43,-2.8,,2.8
2026-02-27,273060,1248.0,14.01,-1.2,,1.0
2026-03-03,273060,1143.0,13.82,0.2,,-0.3
2026-03-04,273060,972.0,13.85,2.8,,-2.8
2026-03-05,273060,1052.0,14.4,6.2,,-6.0
2026-03-06,273060,1169.0,15.6,-0.0,,0.1
2026-03-09,273060,1080.0,15.6,-1.7,,1.7
2026-03-10,273060,1069.0,15.26,-0.5,,0.4
2026-03-11,273060,1067.0,15.17,0.1,,-0.1
2026-03-12,273060,1103.0,15.2,-0.0,,0.0
2026-03-13,273060,1107.0,15.19,-0.0,,0.0
2026-03-16,273060,1065.0,15.19,-0.8,,0.7
2026-03-17,273060,1110.0,15.05,0.0,,0.0
2026-03-18,273060,1110.0,15.06,-0.5,,0.5
2026-03-19,273060,1079.0,14.97,-0.4,,0.3
2026-03-20,273060,1109.0,14.9,-1.2,,0.9
2026-03-23,273060,1073.0,14.72,0.1,,-0.1
2026-03-24,273060,1098.0,14.74,0.1,,-0.1
2026-03-25,273060,1087.0,14.75,0.0,,-0.1
2026-03-26,273060,1057.0,14.76,-0.1,,0.3
2026-03-27,273060,1063.0,14.74,-0.1,,0.1
2026-03-30,273060,1031.0,14.73,-0.2,,0.2
2026-03-31,273060,1016.0,14.69,0.1,,-0.3
2026-04-01,273060,1033.0,14.71,0.2,,-0.2
2026-04-02,273060,997.0,14.76,-0.7,,0.6
2026-04-03,273060,982.0,14.62,-0.2,,0.2
2026-04-06,273060,990.0,14.58,0.1,,-0.1
2026-04-07,273060,962.0,14.61,-0.3,,0.3
2026-04-08,273060,983.0,14.56,-0.4,,0.4
2026-04-09,273060,982.0,14.48,-0.2,,0.1
2026-04-10,273060,990.0,14.44,-0.1,,0.1
2026-04-13,273060,980.0,14.42,-0.1,,0.1
2026-04-14,273060,997.0,14.39,0.2,,-0.3
2026-04-15,273060,997.0,14.43,-0.1,,0.1
2026-04-16,273060,1060.0,14.41,-0.1,,0.0
2026-04-17,273060,1223.0,14.39,0.9,,-1.8
2026-04-20,273060,1153.0,14.55,-0.2,,0.1
2026-04-21,273060,1137.0,14.52,-0.5,,0.5
2026-04-22,273060,1097.0,14.43,-0.1,,0.1
2026-04-23,273060,1088.0,14.41,-0.1,,0.1
2026-04-24,273060,1108.0,14.4,-1.3,1.8,-0.6
2026-04-27,273060,1070.0,14.17,-0.1,0.4,-0.4
2026-04-28,273060,1084.0,14.15,-0.5,0.1,0.4
2026-04-29,273060,1072.0,14.06,0.2,0.1,-0.3
2026-04-30,273060,1070.0,14.1,-0.2,0.0,0.2
2026-05-04,273060,1076.0,14.05,-0.7,0.0,0.8
2026-05-06,273060,1063.0,13.93,0.0,1.0,-1.0
2026-05-07,273060,1102.0,13.93,0.2,0.6,-1.0
2026-05-08,273060,1215.0,13.97,-0.9,-1.5,2.4
2026-05-11,273060,1244.0,13.89,-1.3,0.0,0.6
2026-05-12,273060,1250.0,13.68,-0.5,-0.0,0.2
2026-05-13,273060,1187.0,13.6,-0.7,1.0,-0.3
2026-05-14,273060,1197.0,13.49,-1.0,0.3,0.9
2026-05-15,273060,1105.0,13.34,0.2,0.0,-0.1
2026-05-18,273060,1229.0,13.37,-0.3,1.2,-0.7
2026-05-19,273060,1160.0,13.33,-0.4,1.2,-0.5
2026-05-20,273060,1165.0,13.26,-0.9,1.2,-0.3
2026-05-21,273060,1162.0,13.11,-0.7,1.2,-0.5
2026-05-22,273060,1189.0,12.99,0.2,1.2,-1.4
2026-05-26,273060,1177.0,13.03,-0.9,1.2,-0.2
2026-05-27,273060,1063.0,12.88,-0.4,0.0,0.4
2026-05-28,273060,1060.0,12.81,-0.0,0.5,-0.5
2026-05-29,273060,1052.0,12.8,-0.4,0.5,-0.1
2026-06-01,273060,1020.0,12.72,-1.0,0.8,0.2
2026-06-02,273060,1040.0,12.53,0.1,0.2,-0.3
2026-06-04,273060,1176.0,12.54,-1.3,0.8,0.7
2026-06-05,273060,1133.0,12.31,-0.2,0.4,-0.1
2026-06-08,273060,1033.0,12.27,-0.7,0.4,0.3
2026-06-09,273060,1101.0,12.15,-0.1,0.5,-0.5
2026-06-10,273060,1077.0,12.14,-0.7,0.6,0.1
2026-06-11,273060,1096.0,12.03,-0.1,0.5,-0.5
2026-06-12,273060,1113.0,12.01,0.4,0.6,-1.1
2026-06-15,273060,1134.0,12.07,-0.6,0.5,0.0
2026-06-16,273060,1130.0,11.97,-0.4,0.6,-0.1
2026-06-17,273060,1169.0,11.9,-0.1,0.9,-0.9
2026-06-18,273060,1126.0,11.89,0.3,1.3,-1.3
2026-06-19,273060,1178.0,11.94,0.7,0.8,-1.1
2026-06-22,273060,1062.0,12.05,-0.9,1.4,-0.5
2026-06-23,273060,977.0,11.9,0.9,0.4,-1.4
2026-06-24,273060,956.0,12.08,-0.6,0.1,0.5
2026-06-25,273060,922.0,11.97,-0.3,0.0,0.3
2026-06-26,273060,874.0,11.9,-0.1,-0.0,0.4
2026-06-29,273060,907.0,11.88,0.1,0.1,-0.2
2026-06-30,273060,879.0,11.9,-0.5,0.0,0.5
2026-07-01,273060,872.0,11.79,-0.0,-0.5,0.5
2026-07-02,273060,850.0,11.79,0.2,-0.0,-0.2
2026-07-03,273060,863.0,11.83,0.0,-0.0,0.0
2026-07-06,273060,847.0,11.84,-0.1,,0.1
2026-07-07,273060,857.0,11.82,-0.1,-0.0,0.1
2026-07-08,273060,826.0,11.79,-0.1,0.0,0.1
2026-07-09,273060,825.0,11.78,-0.0,-0.0,0.0
2026-07-10,273060,837.0,11.77,-0.0,,0.0
2026-07-13,273060,837.0,11.76,-0.0,0.0,0.0
2025-07-14,273640,9520.0,0.91,0.1,0.0,-0.1
2025-07-15,273640,9510.0,0.91,-0.0,0.0,0.0
2025-07-16,273640,9390.0,0.94,-0.1,,0.0
2025-07-17,273640,9390.0,0.92,0.1,,-0.1
2025-07-18,273640,9540.0,0.93,0.2,0.0,-0.2
2025-07-21,273640,9550.0,0.98,0.2,0.0,-0.2
2025-07-22,273640,9330.0,1.0,-0.7,0.0,0.7
2025-07-23,273640,9320.0,0.93,-0.1,,0.1
2025-07-24,273640,9300.0,0.92,-0.2,-0.1,0.3
2025-07-25,273640,9150.0,0.89,-0.1,,0.1
2025-07-28,273640,9220.0,0.89,0.1,0.0,-0.1
2025-07-29,273640,9380.0,0.89,0.1,-0.0,-0.1
2025-07-30,273640,9470.0,0.9,0.5,-0.0,-0.6
2025-07-31,273640,9530.0,0.95,0.6,0.0,-0.6
2025-08-01,273640,9060.0,1.0,-0.8,0.0,0.8
2025-08-04,273640,9080.0,0.92,0.1,0.0,-0.1
2025-08-05,273640,9520.0,0.93,0.5,0.0,-0.5
2025-08-06,273640,9650.0,0.98,0.7,0.0,-0.7
2025-08-07,273640,9610.0,1.05,0.3,0.0,-0.4
2025-08-08,273640,9620.0,1.08,0.0,0.0,-0.1
2025-08-11,273640,9730.0,1.08,0.3,0.0,-0.3
2025-08-12,273640,9620.0,1.11,0.0,0.0,-0.0
2025-08-13,273640,9750.0,1.11,0.3,0.0,-0.4
2025-08-14,273640,9910.0,1.15,0.2,0.0,-0.2
2025-08-18,273640,9630.0,1.17,-0.2,0.0,0.2
2025-08-19,273640,9520.0,1.14,-0.1,0.0,0.1
2025-08-20,273640,9300.0,1.13,-0.3,0.0,0.3
2025-08-21,273640,9360.0,1.11,-0.0,0.0,0.0
2025-08-22,273640,9330.0,1.11,0.1,0.0,-0.1
2025-08-25,273640,9320.0,1.11,0.1,0.0,-0.1
2025-08-26,273640,9230.0,1.14,-0.2,0.0,0.2
2025-08-27,273640,9300.0,1.12,-0.1,0.0,0.1
2025-08-28,273640,9200.0,1.11,-0.1,0.0,0.1
2025-08-29,273640,9070.0,1.1,0.0,0.0,-0.0
2025-09-01,273640,8820.0,1.12,-0.3,0.0,0.5
2025-09-02,273640,8820.0,1.07,0.0,0.0,-0.0
2025-09-03,273640,8960.0,1.06,0.0,0.0,-0.0
2025-09-04,273640,8990.0,1.06,-0.0,-0.0,0.1
2025-09-05,273640,8950.0,1.06,-0.0,0.0,0.0
2025-09-08,273640,8870.0,1.06,-0.1,0.0,0.1
2025-09-09,273640,8880.0,1.05,-0.1,0.0,0.1
2025-09-10,273640,8970.0,1.04,0.1,0.0,-0.1
2025-09-11,273640,8980.0,1.05,0.0,0.0,0.1
2025-09-12,273640,9030.0,1.05,-0.0,,0.0
2025-09-15,273640,8980.0,1.05,-0.0,0.0,0.0
2025-09-16,273640,8900.0,1.05,-0.1,0.0,0.1
2025-09-17,273640,8860.0,1.04,-0.3,,0.3
2025-09-18,273640,9150.0,1.01,0.6,0.0,-0.6
2025-09-19,273640,9000.0,1.07,-0.1,0.0,0.1
2025-09-22,273640,8990.0,1.06,-0.1,0.0,0.1
2025-09-23,273640,8880.0,1.05,-0.1,0.0,0.0
2025-09-24,273640,8880.0,1.05,-0.1,0.0,0.1
2025-09-25,273640,8900.0,1.03,0.1,0.0,-0.1
2025-09-26,273640,8600.0,1.04,-1.0,0.0,1.0
2025-09-29,273640,8800.0,0.93,0.1,-0.0,-0.0
2025-09-30,273640,8600.0,0.94,-0.3,0.0,0.3
2025-10-01,273640,8540.0,0.91,-0.0,0.0,0.0
2025-10-02,273640,8730.0,0.91,0.2,-0.0,-0.2
2025-10-10,273640,8520.0,0.93,0.1,-0.0,-0.1
2025-10-13,273640,8510.0,0.94,0.1,0.0,-0.1
2025-10-14,273640,8650.0,0.95,-0.2,0.0,0.1
2025-10-15,273640,8600.0,0.93,0.3,0.0,-0.3
2025-10-16,273640,8870.0,0.96,0.5,0.0,-0.5
2025-10-17,273640,9050.0,1.01,0.2,-0.0,-0.2
2025-10-20,273640,9010.0,1.03,-0.0,-0.0,0.0
2025-10-21,273640,8900.0,1.03,-0.3,0.0,0.3
2025-10-22,273640,8940.0,1.0,0.6,0.0,-0.6
2025-10-23,273640,8980.0,1.06,0.2,-0.0,-0.1
2025-10-24,273640,9280.0,1.08,0.7,-0.0,-0.7
2025-10-27,273640,9180.0,1.15,0.1,-0.0,-0.1
2025-10-28,273640,9320.0,1.18,0.1,0.0,-0.1
2025-10-29,273640,9200.0,1.19,0.1,0.0,-0.1
2025-10-30,273640,8970.0,1.2,-0.1,0.0,0.1
2025-10-31,273640,8910.0,1.19,0.0,-0.0,-0.0
2025-11-03,273640,8750.0,1.19,0.6,-0.0,-0.6
2025-11-04,273640,9090.0,1.26,0.2,0.0,-0.2
2025-11-05,273640,8780.0,1.28,-0.9,-0.0,0.9
2025-11-06,273640,8960.0,1.18,0.6,0.0,-0.6
2025-11-07,273640,8680.0,1.24,-1.2,0.0,1.2
2025-11-10,273640,8900.0,1.12,0.9,-0.8,-0.1
2025-11-11,273640,8890.0,1.21,0.6,0.0,-0.7
2025-11-12,273640,8950.0,1.27,0.2,-0.0,-0.1
2025-11-13,273640,8940.0,1.29,0.1,0.0,-0.1
2025-11-14,273640,8700.0,1.3,-0.6,0.0,0.6
2025-11-17,273640,8390.0,1.24,-1.1,0.0,1.1
2025-11-18,273640,7780.0,1.12,-2.0,0.0,1.9
2025-11-19,273640,7500.0,0.9,0.2,0.0,-0.2
2025-11-20,273640,7810.0,0.97,0.4,0.0,-0.4
2025-11-21,273640,7530.0,1.02,-0.5,0.0,0.5
2025-11-24,273640,7520.0,0.96,-0.3,-0.0,0.3
2025-11-25,273640,7370.0,0.93,-0.0,-0.0,0.0
2025-11-26,273640,7500.0,0.92,1.6,0.0,-1.6
2025-11-27,273640,7870.0,1.12,-1.7,0.0,1.7
2025-11-28,273640,7910.0,0.93,0.4,,-0.4
2025-12-01,273640,7900.0,0.98,0.3,0.0,-0.2
2025-12-02,273640,8150.0,1.06,0.1,0.0,-0.4
2025-12-03,273640,8200.0,1.08,0.2,-0.0,-0.2
2025-12-04,273640,8050.0,1.11,-0.1,-0.1,0.2
2025-12-05,273640,8150.0,1.09,0.0,0.0,-0.0
2025-12-08,273640,8160.0,1.09,0.0,0.0,-0.0
2025-12-09,273640,8100.0,1.09,0.0,0.0,-0.0
2025-12-10,273640,8400.0,1.1,1.0,-0.0,-1.0
2025-12-11,273640,8210.0,1.2,-0.1,,0.1
2025-12-12,273640,8240.0,1.19,0.1,0.0,-0.2
2025-12-15,273640,8070.0,1.2,0.0,-0.0,-0.0
2025-12-16,273640,8150.0,1.21,0.3,-0.0,-0.3
2025-12-17,273640,8220.0,1.42,0.4,0.0,-0.4
2025-12-18,273640,8080.0,1.45,-0.3,0.0,0.1
2025-12-19,273640,8150.0,1.41,0.3,0.0,-0.4
2025-12-22,273640,8280.0,1.44,1.1,-0.1,-1.1
2025-12-23,273640,8290.0,1.57,-0.4,0.0,0.5
2025-12-24,273640,8100.0,1.52,-0.9,0.0,0.7
2025-12-26,273640,8350.0,1.42,1.0,-0.0,-1.0
2025-12-29,273640,8250.0,1.36,0.1,-0.0,-0.1
2025-12-30,273640,8280.0,1.37,-0.3,0.0,0.3
2026-01-02,273640,8400.0,1.4,-0.7,0.0,0.7
2026-01-05,273640,8430.0,1.32,0.2,-0.0,-0.2
2026-01-06,273640,8300.0,1.33,-0.1,0.0,0.5
2026-01-07,273640,8110.0,1.31,-0.4,0.0,0.4
2026-01-08,273640,7960.0,1.26,-0.7,-0.0,0.6
2026-01-09,273640,7930.0,1.18,0.3,,-0.4
2026-01-12,273640,8010.0,1.22,0.7,0.0,-0.8
2026-01-13,273640,8060.0,1.29,0.0,0.0,-0.0
2026-01-14,273640,7890.0,1.3,0.1,,-0.3
2026-01-15,273640,7900.0,1.32,-0.1,0.0,0.1
2026-01-16,273640,7890.0,1.3,-0.3,0.0,0.3
2026-01-19,273640,7760.0,1.27,-0.6,-0.0,0.6
2026-01-20,273640,8070.0,1.2,1.5,-0.0,-1.5
2026-01-21,273640,7870.0,1.37,-0.4,0.0,0.4
2026-01-22,273640,8190.0,1.32,1.3,0.0,-1.0
2026-01-23,273640,8170.0,1.47,-0.1,-0.0,0.4
2026-01-26,273640,8350.0,1.45,-0.1,0.0,0.1
2026-01-27,273640,8300.0,1.44,0.2,0.0,-0.2
2026-01-28,273640,8330.0,1.46,0.1,0.0,-0.0
2026-01-29,273640,8460.0,1.47,0.2,0.0,-1.0
2026-01-30,273640,8300.0,1.49,-0.4,0.0,0.4
2026-02-02,273640,7990.0,1.45,-0.3,0.0,1.3
2026-02-03,273640,8110.0,1.42,0.5,0.0,-0.5
2026-02-04,273640,8220.0,1.48,0.8,0.0,-0.7
2026-02-05,273640,8000.0,1.56,0.3,,-0.3
2026-02-06,273640,7850.0,1.6,-0.2,-0.0,0.2
2026-02-09,273640,8110.0,1.57,0.9,-0.0,-0.9
2026-02-10,273640,8240.0,1.67,0.9,0.0,-0.9
2026-02-11,273640,8330.0,1.77,0.1,0.0,-0.1
2026-02-12,273640,8300.0,1.78,-0.1,,0.1
2026-02-13,273640,8070.0,1.77,-0.3,0.0,0.3
2026-02-19,273640,8250.0,1.74,0.6,0.0,0.1
2026-02-20,273640,8200.0,1.81,0.2,0.0,-0.2
2026-02-23,273640,8250.0,1.83,0.2,0.0,-0.2
2026-02-24,273640,8270.0,1.84,0.6,-0.0,-0.6
2026-02-25,273640,8110.0,1.91,-0.4,-0.2,0.5
2026-02-26,273640,7830.0,1.87,-2.8,0.0,3.0
2026-02-27,273640,7590.0,1.55,-3.5,0.0,3.4
2026-03-03,273640,7350.0,1.14,-0.6,0.0,0.5
2026-03-04,273640,6450.0,1.08,-1.2,0.0,1.2
2026-03-05,273640,7120.0,0.92,0.0,0.0,-0.0
2026-03-06,273640,7200.0,0.92,0.2,0.0,0.1
2026-03-09,273640,6800.0,0.95,-0.1,0.0,0.1
2026-03-10,273640,7130.0,0.94,0.3,0.0,-0.3
2026-03-11,273640,7150.0,0.98,-0.2,0.0,0.2
2026-03-12,273640,7250.0,0.96,0.0,0.0,-0.0
2026-03-13,273640,7220.0,0.96,0.1,,-0.1
2026-03-16,273640,7120.0,0.98,-0.3,0.0,0.3
2026-03-17,273640,7180.0,0.93,0.3,0.0,-0.3
2026-03-18,273640,7280.0,0.98,0.0,0.0,-0.0
2026-03-19,273640,7110.0,0.98,-0.2,0.0,0.2
2026-03-20,273640,7290.0,0.95,0.1,0.0,-0.0
2026-03-23,273640,7000.0,0.96,0.1,-0.0,-0.1
2026-03-24,273640,7140.0,0.97,0.3,0.0,-0.3
2026-03-25,273640,7360.0,1.01,0.6,0.0,-0.6
2026-03-26,273640,7290.0,1.08,-0.4,0.0,0.4
2026-03-27,273640,7280.0,1.03,0.2,0.0,-0.2
2026-03-30,273640,7230.0,1.05,0.0,-0.0,-0.0
2026-03-31,273640,7220.0,1.06,0.1,0.0,-0.1
2026-04-01,273640,7210.0,1.07,0.3,-0.0,-0.3
2026-04-02,273640,6990.0,1.1,-0.2,0.0,0.2
2026-04-03,273640,7100.0,1.07,0.1,0.0,-0.1
2026-04-06,273640,7170.0,1.08,0.3,-0.0,-0.3
2026-04-07,273640,7310.0,1.11,0.2,-0.0,-0.2
2026-04-08,273640,7390.0,1.15,0.1,0.0,-0.1
2026-04-09,273640,7410.0,1.15,0.0,0.0,-0.0
2026-04-10,273640,7590.0,1.15,1.4,0.0,-1.4
2026-04-13,273640,7660.0,1.33,-0.4,-0.0,0.5
2026-04-14,273640,7820.0,1.28,-0.5,-0.1,0.6
2026-04-15,273640,7900.0,1.22,0.2,-0.0,-0.2
2026-04-16,273640,8360.0,1.25,0.4,0.0,-0.4
2026-04-17,273640,8180.0,1.29,-0.6,0.0,0.6
2026-04-20,273640,8020.0,1.23,0.4,,-0.5
2026-04-21,273640,8540.0,1.28,0.5,0.0,-0.5
2026-04-22,273640,10150.0,1.33,-6.1,-8.7,14.7
2026-04-23,273640,9900.0,0.79,7.0,-2.6,-4.9
2026-04-24,273640,10400.0,1.49,-7.2,0.0,7.6
2026-04-27,273640,11870.0,0.93,-0.3,-0.0,0.2
2026-04-28,273640,11660.0,0.97,0.0,-0.0,-0.0
2026-04-29,273640,11960.0,0.97,-0.0,-0.1,0.1
2026-04-30,273640,12250.0,1.03,0.0,-0.1,-0.5
2026-05-04,273640,12250.0,1.03,-1.5,-0.1,0.4
2026-05-06,273640,12370.0,0.93,0.8,-0.0,0.0
2026-05-07,273640,13070.0,0.99,3.6,-0.0,-3.7
2026-05-08,273640,13290.0,1.23,0.8,-0.0,-1.1
2026-05-11,273640,12660.0,1.29,-3.4,0.0,3.5
2026-05-12,273640,11750.0,1.05,7.0,-0.0,-7.5
2026-05-13,273640,11450.0,1.58,-0.8,0.0,1.3
2026-05-14,273640,11160.0,1.52,1.7,0.2,-2.4
2026-05-15,273640,10340.0,1.66,5.9,0.0,-6.0
2026-05-18,273640,10000.0,2.11,3.1,0.3,-3.3
2026-05-19,273640,9350.0,2.4,6.4,0.3,-7.0
2026-05-20,273640,8960.0,3.02,1.0,0.0,-1.1
2026-05-21,273640,9110.0,3.12,-1.1,-0.0,1.2
2026-05-22,273640,9590.0,3.02,-1.2,-0.0,1.2
2026-05-26,273640,9450.0,2.88,-3.3,-0.8,4.3
2026-05-27,273640,8790.0,2.56,-2.1,0.0,2.4
2026-05-28,273640,8640.0,2.34,1.6,-0.0,-1.6
2026-05-29,273640,8000.0,2.54,-0.6,0.0,0.7
2026-06-01,273640,7540.0,2.47,1.3,0.0,-1.3
2026-06-02,273640,7280.0,2.63,0.2,-0.0,-0.2
2026-06-04,273640,7420.0,2.65,-1.0,-0.0,0.8
2026-06-05,273640,7110.0,2.54,0.2,0.0,-0.2
2026-06-08,273640,6560.0,2.56,1.3,0.2,-1.5
2026-06-09,273640,6730.0,2.75,0.5,-0.0,-0.5
2026-06-10,273640,6570.0,2.82,0.2,-0.0,-0.2
2026-06-11,273640,6590.0,2.85,-0.3,-0.0,0.3
2026-06-12,273640,6830.0,2.81,-0.2,-0.2,0.4
2026-06-15,273640,6920.0,2.78,-0.7,-0.0,0.7
2026-06-16,273640,7050.0,2.69,-0.1,-0.0,0.0
2026-06-17,273640,7000.0,2.68,-0.3,-0.0,0.3
2026-06-18,273640,6660.0,2.64,-1.5,-0.0,1.6
2026-06-19,273640,6430.0,2.43,-0.7,-0.0,0.6
2026-06-22,273640,6080.0,2.34,-0.1,0.0,0.1
2026-06-23,273640,5600.0,2.32,0.9,0.0,-1.0
2026-06-24,273640,5550.0,2.36,0.3,0.0,-0.4
2026-06-25,273640,5360.0,2.47,-0.3,-0.0,0.3
2026-06-26,273640,5130.0,2.48,0.3,-0.0,-0.3
2026-06-29,273640,5620.0,2.54,0.4,-0.0,-0.4
2026-06-30,273640,5760.0,2.61,-0.3,0.0,0.3
2026-07-01,273640,5650.0,2.47,-0.4,0.1,0.3
2026-07-02,273640,5510.0,2.4,0.2,0.0,-0.2
2026-07-03,273640,5500.0,2.43,0.1,-0.0,-0.1
2026-07-06,273640,5400.0,2.44,0.5,0.0,-0.5
2026-07-07,273640,5450.0,2.52,-0.2,-0.0,0.2
2026-07-08,273640,5160.0,2.5,-0.2,0.0,0.2
2026-07-09,273640,5080.0,2.46,0.4,-0.0,-0.4
2026-07-10,273640,5330.0,2.53,0.3,0.0,-0.3
2026-07-13,273640,4935.0,2.59,-0.7,0.0,0.7
2025-07-14,274090,11800.0,4.4,-2.8,0.0,2.8
2025-07-15,274090,12000.0,4.18,0.8,0.1,-0.8
2025-07-16,274090,11890.0,4.21,-0.9,0.1,0.8
2025-07-17,274090,11930.0,4.15,-0.3,0.2,0.1
2025-07-18,274090,11960.0,4.19,0.4,-1.4,1.0
2025-07-21,274090,11820.0,4.22,0.3,-0.0,-0.2
2025-07-22,274090,11500.0,4.24,-1.3,0.1,1.3
2025-07-23,274090,11530.0,4.15,2.6,0.0,-2.8
2025-07-24,274090,11630.0,4.32,-0.2,-0.1,0.3
2025-07-25,274090,11980.0,4.31,3.4,0.0,-3.3
2025-07-28,274090,11900.0,4.58,0.8,-0.1,-0.7
2025-07-29,274090,12090.0,4.67,1.1,-0.0,-1.0
2025-07-30,274090,11980.0,4.72,-0.4,0.0,0.3
2025-07-31,274090,11820.0,4.74,0.0,0.0,-1.2
2025-08-01,274090,11570.0,4.82,-22.4,-0.0,22.3
2025-08-04,274090,11490.0,3.27,3.8,0.1,-3.9
2025-08-05,274090,11650.0,3.62,3.8,-0.0,-3.8
2025-08-06,274090,11620.0,4.05,3.1,0.0,-3.1
2025-08-07,274090,11530.0,4.33,-0.2,0.0,0.2
2025-08-08,274090,11280.0,4.27,-1.4,-0.4,2.0
2025-08-11,274090,11120.0,4.12,1.2,-0.0,-1.1
2025-08-12,274090,10880.0,4.12,-0.0,-0.0,0.1
2025-08-13,274090,10780.0,4.06,1.7,-0.0,-1.7
2025-08-14,274090,10900.0,4.18,0.4,0.0,-0.4
2025-08-18,274090,10540.0,4.21,1.4,-0.1,-1.4
2025-08-19,274090,10400.0,4.35,-0.3,0.1,0.5
2025-08-20,274090,10080.0,4.33,1.8,-0.0,-1.8
2025-08-21,274090,10110.0,4.51,-0.4,-0.0,0.4
2025-08-22,274090,10350.0,4.45,0.1,0.0,-0.2
2025-08-25,274090,10390.0,4.46,-0.3,0.0,0.3
2025-08-26,274090,10530.0,4.44,-0.1,0.8,-0.7
2025-08-27,274090,10620.0,4.43,-0.4,0.5,-0.2
2025-08-28,274090,10620.0,4.39,-0.7,0.6,0.2
2025-08-29,274090,10670.0,4.33,-0.9,0.5,0.4
2025-09-01,274090,10620.0,4.23,-0.1,1.2,-1.2
2025-09-02,274090,10750.0,4.23,1.0,0.2,-0.6
2025-09-03,274090,10900.0,4.36,0.4,0.4,-0.7
2025-09-04,274090,10910.0,4.41,-0.3,0.2,0.1
2025-09-05,274090,10800.0,4.39,0.4,-0.1,-0.3
2025-09-08,274090,10980.0,4.4,1.0,0.0,-1.0
2025-09-09,274090,11090.0,4.47,0.4,0.2,-0.5
2025-09-10,274090,11170.0,4.49,0.6,0.0,-0.8
2025-09-11,274090,11360.0,4.57,2.3,0.3,-2.6
2025-09-12,274090,11390.0,4.73,0.1,1.2,-1.2
2025-09-15,274090,11260.0,4.77,-0.4,1.3,-1.0
2025-09-16,274090,11480.0,4.71,-0.9,0.3,0.6
2025-09-17,274090,11690.0,4.6,-1.9,0.8,1.0
2025-09-18,274090,11820.0,4.44,1.9,1.4,-3.3
2025-09-19,274090,11890.0,4.58,1.9,0.0,-1.9
2025-09-22,274090,11740.0,4.79,-0.3,-0.1,0.4
2025-09-23,274090,11440.0,4.68,2.5,-0.1,-2.4
2025-09-24,274090,11320.0,4.88,1.0,-0.2,-0.8
2025-09-25,274090,11130.0,4.95,0.8,0.1,-0.7
2025-09-26,274090,10750.0,4.83,-0.2,-0.1,0.2
2025-09-29,274090,10850.0,4.77,0.0,-0.0,-0.0
2025-09-30,274090,10790.0,4.77,-0.4,0.0,0.2
2025-10-01,274090,10680.0,4.74,0.5,-0.1,-0.4
2025-10-02,274090,10710.0,4.8,1.0,0.1,-1.2
2025-10-10,274090,10960.0,4.87,-0.2,-0.1,0.3
2025-10-13,274090,10990.0,4.85,0.0,-0.4,0.4
2025-10-14,274090,11190.0,4.86,0.7,-0.8,-0.6
2025-10-15,274090,11350.0,4.95,1.4,-0.2,-1.2
2025-10-16,274090,11050.0,5.07,-0.3,-0.8,1.2
2025-10-17,274090,10850.0,5.03,-1.9,-0.1,2.0
2025-10-20,274090,11040.0,4.85,0.8,0.2,-1.1
2025-10-21,274090,11100.0,4.92,2.0,-0.1,-1.8
2025-10-22,274090,11080.0,5.1,-0.5,-0.1,0.6
2025-10-23,274090,10730.0,5.06,0.6,-0.0,-0.5
2025-10-24,274090,10620.0,5.08,-1.1,0.1,1.7
2025-10-27,274090,10620.0,4.98,0.3,0.3,-0.6
2025-10-28,274090,10510.0,5.02,-0.6,-0.6,1.2
2025-10-29,274090,10700.0,4.95,1.4,0.0,-1.3
2025-10-30,274090,10940.0,5.07,0.1,0.1,-0.2
2025-10-31,274090,11650.0,5.0,4.2,2.9,-7.4
2025-11-03,274090,12010.0,5.49,1.4,-1.3,-0.0
2025-11-04,274090,11450.0,5.53,-4.9,0.6,4.2
2025-11-05,274090,11060.0,5.07,-3.8,-0.1,3.9
2025-11-06,274090,10680.0,4.71,-1.8,-0.1,1.9
2025-11-07,274090,10390.0,4.58,-3.4,-0.4,3.7
2025-11-10,274090,10680.0,4.31,0.2,0.1,-0.5
2025-11-11,274090,10740.0,4.14,2.3,-0.3,-2.0
2025-11-12,274090,10900.0,4.33,-0.0,-0.3,0.4
2025-11-13,274090,10710.0,4.32,-0.1,0.1,-0.1
2025-11-14,274090,10700.0,4.32,-0.0,-0.1,-0.0
2025-11-17,274090,10780.0,4.38,0.3,0.1,-0.4
2025-11-18,274090,10530.0,4.49,-1.2,0.2,1.1
2025-11-19,274090,10320.0,4.41,-0.0,0.3,-0.3
2025-11-20,274090,10580.0,4.43,1.8,0.2,-2.0
2025-11-21,274090,10320.0,4.57,-1.1,-0.0,1.0
2025-11-24,274090,10150.0,4.46,-0.4,-0.5,0.9
2025-11-25,274090,10190.0,4.41,0.3,0.0,-0.4
2025-11-26,274090,10290.0,4.43,-0.2,-0.0,0.2
2025-11-27,274090,10100.0,4.43,-3.7,-0.2,3.8
2025-11-28,274090,10160.0,4.13,0.4,0.1,-0.5
2025-12-01,274090,9960.0,4.18,-2.0,-0.1,2.1
2025-12-02,274090,9850.0,4.01,-0.5,0.0,0.4
2025-12-03,274090,9940.0,3.97,0.6,0.5,-1.1
2025-12-04,274090,9850.0,4.03,-0.8,-0.2,1.0
2025-12-05,274090,9690.0,3.95,-0.7,0.0,0.7
2025-12-08,274090,9970.0,3.9,0.6,0.4,-1.0
2025-12-09,274090,9850.0,3.99,-0.2,0.0,0.2
2025-12-10,274090,9850.0,3.98,0.0,-0.3,0.1
2025-12-11,274090,10270.0,3.98,1.0,0.3,-1.1
2025-12-12,274090,10990.0,4.05,8.6,-2.2,-6.5
2025-12-15,274090,11270.0,4.78,-0.3,-4.6,4.7
2025-12-16,274090,10680.0,4.56,1.0,1.7,-2.6
2025-12-17,274090,10700.0,4.63,-2.7,-1.7,4.3
2025-12-18,274090,12230.0,4.42,-4.3,2.0,3.0
2025-12-19,274090,11670.0,4.17,-1.1,-1.6,2.9
2025-12-22,274090,15170.0,4.21,2.3,6.4,-15.2
2025-12-23,274090,14860.0,4.61,-13.3,-1.3,16.8
2025-12-24,274090,18860.0,3.89,-8.6,-0.5,26.6
2025-12-26,274090,17540.0,3.73,0.4,1.5,-1.5
2025-12-29,274090,17630.0,3.69,14.0,9.4,-23.1
2025-12-30,274090,17780.0,4.3,-7.6,-2.7,10.1
2026-01-02,274090,18710.0,3.84,8.8,1.2,-9.0
2026-01-05,274090,20450.0,4.27,8.8,1.6,-14.8
2026-01-06,274090,21400.0,4.87,-13.0,-0.6,8.1
2026-01-07,274090,20950.0,4.69,-18.6,1.2,14.5
2026-01-08,274090,21000.0,4.04,-4.0,-3.3,7.9
2026-01-09,274090,21200.0,3.9,4.9,3.3,-8.9
2026-01-12,274090,21900.0,3.98,13.7,5.7,-20.0
2026-01-13,274090,21600.0,4.36,8.1,-5.1,-3.7
2026-01-14,274090,19890.0,4.66,-13.7,-6.6,19.5
2026-01-15,274090,20250.0,4.11,14.9,-12.2,0.1
2026-01-16,274090,19780.0,4.68,1.0,-1.9,-2.7
2026-01-19,274090,20950.0,4.73,2.4,0.9,-2.8
2026-01-20,274090,22450.0,4.82,1.8,4.7,-4.3
2026-01-21,274090,22750.0,4.86,7.0,-0.0,-7.5
2026-01-22,274090,23200.0,5.11,-12.3,5.6,6.8
2026-01-23,274090,23150.0,4.69,1.9,-0.2,-2.6
2026-01-26,274090,24400.0,4.67,-1.0,1.7,-0.8
2026-01-27,274090,24200.0,4.65,-23.3,-0.2,21.9
2026-01-28,274090,24100.0,3.96,-13.6,1.1,16.4
2026-01-29,274090,29850.0,3.54,40.5,3.5,-31.8
2026-01-30,274090,29800.0,4.87,-9.4,0.6,9.2
2026-02-02,274090,27450.0,4.33,-5.7,-2.1,7.8
2026-02-03,274090,28200.0,4.23,-19.3,-14.0,36.3
2026-02-04,274090,26950.0,3.78,-6.9,-1.6,8.6
2026-02-05,274090,24750.0,3.62,6.7,4.2,-8.6
2026-02-06,274090,25150.0,3.81,-10.0,0.7,8.8
2026-02-09,274090,26700.0,3.65,16.3,-0.6,-15.8
2026-02-10,274090,26750.0,4.1,-2.1,3.9,-1.7
2026-02-11,274090,25750.0,4.04,-15.6,-1.1,17.7
2026-02-12,274090,26300.0,3.64,9.5,-5.3,-4.9
2026-02-13,274090,26550.0,3.85,-18.7,-4.4,22.7
2026-02-19,274090,26250.0,3.32,-1.8,1.0,0.8
2026-02-20,274090,25800.0,3.38,-9.7,-4.3,13.7
2026-02-23,274090,22450.0,3.07,-2.3,0.5,2.2
2026-02-24,274090,22700.0,3.01,2.4,-5.0,2.0
2026-02-25,274090,23150.0,3.41,-1.5,-3.4,4.0
2026-02-26,274090,23250.0,3.57,21.1,-3.1,-18.1
2026-02-27,274090,22300.0,4.24,8.1,-1.4,-7.3
2026-03-03,274090,20650.0,4.51,52.1,-6.0,-45.6
2026-03-04,274090,16990.0,6.32,41.8,-1.4,-40.6
2026-03-05,274090,19300.0,7.66,25.9,-11.3,-14.4
2026-03-06,274090,20150.0,8.65,1.6,-0.2,-1.0
2026-03-09,274090,19660.0,8.72,1.1,-0.4,-0.6
2026-03-10,274090,21050.0,8.76,-14.4,-3.7,11.8
2026-03-11,274090,22700.0,8.25,19.7,0.7,-20.8
2026-03-12,274090,22900.0,8.87,-25.6,-0.3,26.0
2026-03-13,274090,22200.0,8.05,-11.6,0.3,10.8
2026-03-16,274090,21100.0,7.67,26.4,0.7,-27.3
2026-03-17,274090,21100.0,8.57,-3.2,0.4,2.8
2026-03-18,274090,21650.0,8.47,-11.4,-0.8,11.8
2026-03-19,274090,20700.0,7.4,3.4,0.0,-3.6
2026-03-20,274090,21000.0,7.5,4.3,-0.4,-3.9
2026-03-23,274090,19750.0,7.66,7.9,-2.4,-5.6
2026-03-24,274090,20700.0,7.95,6.7,-0.9,-5.8
2026-03-25,274090,24300.0,8.18,-29.6,-13.2,42.4
2026-03-26,274090,23850.0,7.33,-28.1,-0.4,28.5
2026-03-27,274090,23450.0,6.52,-6.0,-0.1,6.1
2026-03-30,274090,22300.0,6.34,-3.5,-0.1,3.7
2026-03-31,274090,20100.0,6.37,12.9,-0.5,-12.5
2026-04-01,274090,21700.0,6.83,6.7,-8.7,0.8
2026-04-02,274090,18710.0,7.05,-55.8,-3.5,57.4
2026-04-03,274090,19540.0,5.17,20.2,-0.8,-19.2
2026-04-06,274090,18650.0,6.12,-3.9,-0.8,4.7
2026-04-07,274090,18200.0,5.98,4.0,-0.5,-3.9
2026-04-08,274090,20400.0,6.18,19.5,0.3,-20.4
2026-04-09,274090,19510.0,6.91,-7.2,0.4,6.7
2026-04-10,274090,19800.0,6.63,-3.7,-0.6,4.0
2026-04-13,274090,21500.0,6.57,10.8,-2.8,-8.3
2026-04-14,274090,23900.0,6.95,-7.4,-1.8,9.7
2026-04-15,274090,23400.0,6.75,-10.5,0.1,10.2
2026-04-16,274090,22750.0,6.44,-5.2,0.0,5.4
2026-04-17,274090,24000.0,6.27,14.6,1.2,-17.2
2026-04-20,274090,23750.0,6.63,-26.5,2.2,26.7
2026-04-21,274090,23800.0,5.85,-4.9,-1.1,4.7
2026-04-22,274090,23750.0,5.77,-16.2,1.6,14.2
2026-04-23,274090,23050.0,5.28,5.7,0.3,-6.4
2026-04-24,274090,22950.0,5.47,10.3,0.2,-11.8
2026-04-27,274090,23350.0,5.8,-3.5,-3.9,7.7
2026-04-28,274090,23200.0,5.69,1.6,9.1,-11.6
2026-04-29,274090,22650.0,5.75,-6.4,1.2,5.6
2026-04-30,274090,21650.0,5.54,6.1,-3.0,-3.1
2026-05-04,274090,21950.0,5.74,11.1,-3.4,-7.4
2026-05-06,274090,21450.0,6.1,7.9,-1.4,-6.0
2026-05-07,274090,20900.0,6.37,-2.7,-1.9,4.3
2026-05-08,274090,21850.0,6.28,-0.6,4.5,-3.5
2026-05-11,274090,22450.0,6.27,-21.3,1.8,19.3
2026-05-12,274090,21150.0,5.58,-7.0,0.8,6.1
2026-05-13,274090,21450.0,5.44,-12.4,1.3,10.9
2026-05-14,274090,21000.0,5.02,-7.0,-0.3,7.4
2026-05-15,274090,19990.0,4.76,-2.9,-0.8,3.7
2026-05-18,274090,25950.0,4.64,23.6,5.5,-27.5
2026-05-19,274090,28450.0,5.36,-27.3,2.8,23.8
2026-05-20,274090,24150.0,4.81,54.8,-1.2,-51.4
2026-05-21,274090,25550.0,6.41,-6.8,3.5,3.8
2026-05-22,274090,28500.0,6.52,2.8,-0.4,-2.8
2026-05-26,274090,34250.0,6.63,71.4,-3.2,-69.3
2026-05-27,274090,32550.0,8.24,-157.1,3.3,155.5
2026-05-28,274090,29900.0,5.23,-4.2,-0.0,2.7
2026-05-29,274090,26750.0,5.1,3.2,0.2,-2.9
2026-06-01,274090,25100.0,5.19,28.1,-5.8,-26.5
2026-06-02,274090,23700.0,6.01,10.7,-11.3,-2.5
2026-06-04,274090,22800.0,6.31,-11.1,-3.7,13.2
2026-06-05,274090,21750.0,5.83,9.4,-0.4,-9.4
2026-06-08,274090,20300.0,6.24,6.9,-1.6,-6.0
2026-06-09,274090,22300.0,6.49,-0.9,-0.8,1.7
2026-06-10,274090,22500.0,6.47,16.9,-1.3,-10.8
2026-06-11,274090,21100.0,7.13,-65.7,-1.8,70.6
2026-06-12,274090,20700.0,4.85,0.9,-0.1,-0.7
2026-06-15,274090,18100.0,4.83,7.1,-1.1,-5.8
2026-06-16,274090,18370.0,5.06,-6.0,1.8,3.9
2026-06-17,274090,17700.0,4.85,1.4,-3.0,1.4
2026-06-18,274090,16300.0,4.92,27.6,-1.3,-34.5
2026-06-19,274090,14840.0,6.16,33.2,-1.5,-35.4
2026-06-22,274090,14050.0,7.78,23.1,-0.7,-22.0
2026-06-23,274090,12050.0,8.9,21.4,-0.7,-23.3
2026-06-24,274090,12190.0,10.05,2.7,-0.2,-2.7
2026-06-25,274090,12000.0,9.94,1.5,-0.3,-1.1
2026-06-26,274090,11200.0,10.03,7.7,-0.9,-9.5
2026-06-29,274090,12150.0,10.59,2.6,-0.1,-2.6
2026-06-30,274090,12240.0,10.63,-8.0,0.0,9.3
2026-07-01,274090,12740.0,10.14,-2.6,-0.1,3.0
2026-07-02,274090,11550.0,9.99,-1.4,-0.4,2.1
2026-07-03,274090,11730.0,9.94,1.1,-0.0,-1.2
2026-07-06,274090,11360.0,10.01,-2.6,0.1,2.7
2026-07-07,274090,10610.0,9.67,3.7,-0.0,-3.6
2026-07-08,274090,9670.0,9.92,-2.3,-0.2,2.2
2026-07-09,274090,10160.0,9.76,2.2,-0.1,-0.9
2026-07-10,274090,10860.0,9.89,2.9,0.1,-2.9
2026-07-13,274090,10120.0,10.05,-3.6,0.0,3.6
2025-07-14,274400,5100.0,1.45,-0.0,,0.0
2025-07-15,274400,5090.0,1.45,0.1,,-0.1
2025-07-16,274400,5100.0,1.46,-0.1,,0.1
2025-07-17,274400,5080.0,1.43,0.0,,-0.1
2025-07-18,274400,5070.0,1.44,-0.1,,0.1
2025-07-21,274400,5060.0,1.54,-0.0,,0.0
2025-07-22,274400,4990.0,1.54,-0.1,,0.1
2025-07-23,274400,4955.0,1.52,0.1,,-0.1
2025-07-24,274400,4890.0,1.55,-0.1,,0.1
2025-07-25,274400,4835.0,1.53,-0.3,,0.3
2025-07-28,274400,4800.0,1.46,-0.1,,0.0
2025-07-29,274400,4870.0,1.44,-0.1,,0.1
2025-07-30,274400,4865.0,1.42,-0.0,,0.1
2025-07-31,274400,4880.0,1.42,0.0,,-0.0
2025-08-01,274400,4710.0,1.39,-0.2,,0.1
2025-08-04,274400,4750.0,1.35,0.0,,-0.0
2025-08-05,274400,4800.0,1.36,0.1,,-0.1
2025-08-06,274400,4800.0,1.37,0.1,,-0.1
2025-08-07,274400,4770.0,1.39,0.2,,-0.2
2025-08-08,274400,4745.0,1.43,0.0,,-0.0
2025-08-11,274400,4710.0,1.44,-0.1,-0.0,0.1
2025-08-12,274400,4745.0,1.42,0.0,,0.0
2025-08-13,274400,4720.0,1.42,-0.1,,0.1
2025-08-14,274400,4775.0,1.4,0.1,,-0.1
2025-08-18,274400,4705.0,1.42,-0.2,,0.2
2025-08-19,274400,4700.0,1.39,-0.0,,0.0
2025-08-20,274400,4705.0,1.38,-0.0,,0.0
2025-08-21,274400,4610.0,1.37,0.1,,-0.1
2025-08-22,274400,4575.0,1.4,-0.0,,0.0
2025-08-25,274400,4620.0,1.39,-0.1,,0.1
2025-08-26,274400,4665.0,1.39,-0.1,,0.1
2025-08-27,274400,4600.0,1.37,-0.1,,0.1
2025-08-28,274400,4535.0,1.35,0.0,,-0.0
2025-08-29,274400,4510.0,1.36,-0.1,,0.1
2025-09-01,274400,4520.0,1.33,-0.2,,0.2
2025-09-02,274400,4510.0,1.28,0.1,,-0.1
2025-09-03,274400,4540.0,1.29,-0.0,,0.0
2025-09-04,274400,4590.0,1.29,-0.0,,0.0
2025-09-05,274400,4585.0,1.28,-0.1,-0.0,0.1
2025-09-08,274400,4545.0,1.26,-0.1,,0.0
2025-09-09,274400,4595.0,1.24,-0.0,,0.0
2025-09-10,274400,4555.0,1.23,-0.1,,0.2
2025-09-11,274400,4430.0,1.21,-0.1,,0.0
2025-09-12,274400,4640.0,1.2,0.2,,-0.2
2025-09-15,274400,4590.0,1.25,-0.1,,0.1
2025-09-16,274400,4560.0,1.23,-0.1,,0.1
2025-09-17,274400,4525.0,1.21,-0.0,,0.0
2025-09-18,274400,4505.0,1.21,0.0,,-0.1
2025-09-19,274400,4500.0,1.22,0.0,,0.0
2025-09-22,274400,4440.0,1.22,-0.0,,0.0
2025-09-23,274400,4365.0,1.22,-0.0,,0.0
2025-09-24,274400,4425.0,1.19,-0.0,,0.1
2025-09-25,274400,4425.0,1.19,0.0,,-0.0
2025-09-26,274400,4425.0,1.19,0.0,,-0.0
2025-09-29,274400,4415.0,1.19,0.0,,-0.0
2025-09-30,274400,4385.0,1.2,-0.0,,0.0
2025-10-01,274400,4290.0,1.19,0.0,,-0.0
2025-10-02,274400,4270.0,1.19,0.0,,-0.0
2025-10-10,274400,4110.0,1.2,-0.1,-0.7,0.9
2025-10-13,274400,4105.0,1.16,0.0,,-0.0
2025-10-14,274400,4075.0,1.17,-0.0,,0.0
2025-10-15,274400,4190.0,1.17,-0.0,,0.0
2025-10-16,274400,4160.0,1.17,-0.1,,0.1
2025-10-17,274400,4120.0,1.15,-0.0,,0.0
2025-10-20,274400,4095.0,1.14,0.0,,0.0
2025-10-21,274400,4115.0,1.14,-0.1,,0.1
2025-10-22,274400,4110.0,1.11,-0.0,,0.0
2025-10-23,274400,4095.0,1.11,0.0,,-0.0
2025-10-24,274400,4090.0,1.12,0.0,,-0.0
2025-10-27,274400,4100.0,1.13,0.1,,-0.1
2025-10-28,274400,4100.0,1.14,-0.1,,0.1
2025-10-29,274400,4040.0,1.12,-0.0,,0.1
2025-10-30,274400,3995.0,1.11,-0.1,,0.0
2025-10-31,274400,3995.0,1.1,-0.1,,0.1
2025-11-03,274400,3885.0,1.08,-0.4,,0.4
2025-11-04,274400,3845.0,0.98,0.1,,-0.1
2025-11-05,274400,3890.0,1.02,-0.1,,0.1
2025-11-06,274400,3900.0,0.99,-0.1,,0.1
2025-11-07,274400,3860.0,0.97,-0.1,,0.1
2025-11-10,274400,3890.0,0.95,0.5,-0.5,-0.1
2025-11-11,274400,3965.0,1.1,-0.4,,0.4
2025-11-12,274400,3975.0,1.02,0.1,,-0.1
2025-11-13,274400,4030.0,1.03,0.1,,-0.0
2025-11-14,274400,4030.0,1.05,0.1,,-0.1
2025-11-17,274400,4065.0,1.08,-0.0,,-0.0
2025-11-18,274400,3915.0,1.1,-0.0,,0.0
2025-11-19,274400,3900.0,1.16,-0.0,,0.0
2025-11-20,274400,3945.0,1.15,0.1,,-0.1
2025-11-21,274400,3820.0,1.19,0.0,,-0.1
2025-11-24,274400,3810.0,1.2,0.0,,0.1
2025-11-25,274400,3790.0,1.21,-0.1,,0.1
2025-11-26,274400,3835.0,1.19,0.0,,-0.0
2025-11-27,274400,3805.0,1.19,-0.0,,0.1
2025-11-28,274400,3890.0,1.17,0.0,,-0.0
2025-12-01,274400,3950.0,1.18,-0.0,,0.0
2025-12-02,274400,4025.0,1.19,-0.0,,0.0
2025-12-03,274400,4000.0,1.18,-0.0,,0.0
2025-12-04,274400,4025.0,1.17,-0.0,,0.0
2025-12-05,274400,3980.0,1.16,0.0,,-0.0
2025-12-08,274400,3955.0,1.16,-0.0,,0.0
2025-12-09,274400,3860.0,1.15,-0.1,,0.1
2025-12-10,274400,3930.0,1.13,0.1,,-0.1
2025-12-11,274400,3890.0,1.15,0.0,,-0.0
2025-12-12,274400,3905.0,1.15,-0.0,,0.0
2025-12-15,274400,3875.0,1.14,0.0,,-0.0
2025-12-16,274400,3830.0,1.14,-0.0,,-0.0
2025-12-17,274400,3885.0,1.62,0.0,,0.0
2025-12-18,274400,3820.0,1.62,0.0,,-0.0
2025-12-19,274400,3975.0,1.63,-0.3,,0.3
2025-12-22,274400,4120.0,1.55,0.1,,-0.1
2025-12-23,274400,4215.0,1.57,-0.0,,0.0
2025-12-24,274400,4110.0,1.57,0.0,,-0.0
2025-12-26,274400,4175.0,1.63,-0.1,,0.0
2025-12-29,274400,4200.0,1.61,-0.0,,0.0
2025-12-30,274400,4200.0,1.61,-0.0,,0.0
2026-01-02,274400,4210.0,1.6,0.0,,-0.0
2026-01-05,274400,4205.0,1.61,-0.0,,0.0
2026-01-06,274400,4130.0,1.6,0.0,,-0.0
2026-01-07,274400,4065.0,1.64,0.0,,-0.0
2026-01-08,274400,3970.0,1.64,0.0,,-0.1
2026-01-09,274400,4010.0,1.65,0.0,,-0.0
2026-01-12,274400,3965.0,1.66,0.0,,-0.0
2026-01-13,274400,3930.0,1.67,-0.0,,-0.0
2026-01-14,274400,4030.0,1.88,0.0,,-0.0
2026-01-15,274400,4060.0,1.89,0.0,,-0.0
2026-01-16,274400,3970.0,1.9,-0.0,,0.0
2026-01-19,274400,3870.0,1.89,0.1,-0.0,-0.1
2026-01-20,274400,3885.0,1.93,0.2,,-0.2
2026-01-21,274400,3970.0,1.98,-0.4,,0.4
2026-01-22,274400,3970.0,1.86,-0.0,,0.0
2026-01-23,274400,3965.0,1.86,0.0,,0.0
2026-01-26,274400,4010.0,1.86,0.2,,-0.2
2026-01-27,274400,4185.0,1.88,0.7,,-0.6
2026-01-28,274400,4065.0,2.06,0.0,,-0.0
2026-01-29,274400,4145.0,2.06,0.2,,-0.1
2026-01-30,274400,4080.0,2.11,-0.2,0.2,-0.0
2026-02-02,274400,3920.0,2.06,-0.2,,0.2
2026-02-03,274400,3935.0,1.99,-0.2,-0.0,0.2
2026-02-04,274400,3990.0,1.94,-0.1,,0.1
2026-02-05,274400,3965.0,1.93,0.1,,-0.1
2026-02-06,274400,3900.0,1.95,-0.1,,0.1
2026-02-09,274400,3915.0,1.93,-0.1,,0.1
2026-02-10,274400,3965.0,1.91,0.1,,-0.1
2026-02-11,274400,3945.0,1.94,0.1,,-0.0
2026-02-12,274400,3930.0,1.95,0.0,,-0.0
2026-02-13,274400,3870.0,1.96,-0.3,,0.3
2026-02-19,274400,3870.0,1.88,-0.0,,0.0
2026-02-20,274400,3855.0,1.87,-0.0,,0.0
2026-02-23,274400,3845.0,1.92,-0.1,,0.1
2026-02-24,274400,3805.0,1.92,-0.1,,0.0
2026-02-25,274400,3790.0,1.43,-0.1,,0.1
2026-02-26,274400,3675.0,1.4,-0.4,,0.4
2026-02-27,274400,3560.0,1.28,-0.2,,0.2
2026-03-03,274400,3440.0,1.22,0.1,,-0.1
2026-03-04,274400,3020.0,1.24,0.6,,-0.6
2026-03-05,274400,3270.0,1.44,0.1,,-0.1
2026-03-06,274400,3445.0,1.47,0.1,,-0.0
2026-03-09,274400,3335.0,1.49,-0.2,,0.2
2026-03-10,274400,3345.0,1.43,0.0,,-0.0
2026-03-11,274400,3465.0,1.43,-0.1,,0.1
2026-03-12,274400,3420.0,1.41,-0.1,,0.1
2026-03-13,274400,3415.0,1.38,1.2,-1.2,-0.0
2026-03-16,274400,3430.0,1.78,0.1,,-0.1
2026-03-17,274400,3775.0,1.81,-1.3,,1.3
2026-03-18,274400,3900.0,1.44,-0.0,,0.0
2026-03-19,274400,3745.0,1.44,-0.0,,0.0
2026-03-20,274400,3750.0,1.42,-0.0,,0.0
2026-03-23,274400,3565.0,1.42,0.2,,-0.2
2026-03-24,274400,3690.0,1.47,0.0,,-0.0
2026-03-25,274400,3730.0,1.49,0.1,,-0.1
2026-03-26,274400,3700.0,1.51,-0.0,0.2,-0.2
2026-03-27,274400,3750.0,1.51,0.1,,-0.1
2026-03-30,274400,3840.0,1.54,0.3,,-0.3
2026-03-31,274400,3645.0,1.62,0.1,,-0.1
2026-04-01,274400,3665.0,1.66,0.3,,-0.1
2026-04-02,274400,3740.0,1.76,-0.0,,0.0
2026-04-03,274400,3720.0,1.75,-0.0,,0.0
2026-04-06,274400,3735.0,1.74,-0.1,,0.1
2026-04-07,274400,3690.0,1.72,-0.0,,0.1
2026-04-08,274400,3710.0,1.71,0.1,,-0.0
2026-04-09,274400,3690.0,1.73,-0.1,,0.1
2026-04-10,274400,3820.0,1.71,0.1,,-0.1
2026-04-13,274400,4000.0,1.73,0.7,,-0.7
2026-04-14,274400,3980.0,1.92,0.2,,-0.2
2026-04-15,274400,4255.0,1.97,0.4,,-0.5
2026-04-16,274400,4255.0,2.08,-0.2,,0.2
2026-04-17,274400,4095.0,2.04,0.1,,-0.1
2026-04-20,274400,4135.0,2.06,0.1,,-0.1
2026-04-21,274400,4170.0,2.08,0.1,,-0.1
2026-04-22,274400,4120.0,2.11,0.0,-0.0,0.0
2026-04-23,274400,4065.0,2.05,0.1,,-0.1
2026-04-24,274400,4000.0,2.07,0.0,,0.0
2026-04-27,274400,4120.0,2.08,0.2,,-0.2
2026-04-28,274400,4135.0,2.12,-0.0,,0.0
2026-04-29,274400,4060.0,2.09,-0.0,,0.0
2026-04-30,274400,4060.0,2.09,-0.0,,0.1
2026-05-04,274400,3985.0,2.07,0.1,,-0.1
2026-05-06,274400,3875.0,2.09,0.1,,-0.5
2026-05-07,274400,3800.0,2.11,-0.0,0.0,-0.3
2026-05-08,274400,3880.0,2.11,-0.3,0.0,-0.1
2026-05-11,274400,3740.0,2.03,-0.3,-0.0,-0.1
2026-05-12,274400,3695.0,1.95,-0.4,0.0,0.4
2026-05-13,274400,3620.0,1.83,-0.0,-0.0,0.1
2026-05-14,274400,3525.0,1.82,0.2,0.0,-0.3
2026-05-15,274400,3395.0,1.88,-0.1,-0.0,0.1
2026-05-18,274400,3285.0,1.86,-0.0,-0.0,-0.0
2026-05-19,274400,3340.0,1.86,0.2,0.0,-0.3
2026-05-20,274400,3360.0,1.95,-0.2,-0.0,0.2
2026-05-21,274400,3360.0,2.08,-0.2,0.0,0.2
2026-05-22,274400,3375.0,2.01,0.1,0.0,-0.1
2026-05-26,274400,3235.0,2.04,-0.2,-0.0,0.3
2026-05-27,274400,3070.0,1.96,0.1,0.0,-0.1
2026-05-28,274400,3185.0,1.98,0.0,-0.0,-0.0
2026-05-29,274400,3145.0,2.0,-0.0,,0.0
2026-06-01,274400,2995.0,1.93,-0.0,0.0,0.0
2026-06-02,274400,3000.0,1.92,0.1,-0.0,-0.1
2026-06-04,274400,2935.0,1.95,-0.0,-0.0,-0.0
2026-06-05,274400,2910.0,1.95,0.0,-0.0,-0.0
2026-06-08,274400,2750.0,1.95,-0.1,0.0,0.1
2026-06-09,274400,2890.0,1.93,-0.0,-0.0,0.0
2026-06-10,274400,2705.0,1.93,-0.1,-0.0,0.1
2026-06-11,274400,2815.0,1.86,0.1,0.0,-0.1
2026-06-12,274400,2955.0,1.91,-0.1,-0.0,0.1
2026-06-15,274400,2920.0,1.89,-0.1,-0.0,0.0
2026-06-16,274400,3095.0,1.87,-0.1,0.0,0.1
2026-06-17,274400,2990.0,1.85,-0.1,-0.0,0.1
2026-06-18,274400,2765.0,1.81,0.1,0.0,-0.1
2026-06-19,274400,2775.0,1.86,0.0,-0.0,-0.0
2026-06-22,274400,2660.0,1.88,-0.1,-0.0,0.1
2026-06-23,274400,2215.0,1.85,0.2,0.0,-0.2
2026-06-24,274400,2325.0,1.94,0.1,-0.0,-0.2
2026-06-25,274400,2330.0,2.01,-0.1,,0.1
2026-06-26,274400,2145.0,2.02,-0.2,0.0,0.2
2026-06-29,274400,2300.0,1.95,0.1,-0.0,-0.1
2026-06-30,274400,2265.0,1.98,0.1,-0.0,-0.1
2026-07-01,274400,2360.0,2.02,0.1,0.0,-0.1
2026-07-02,274400,2340.0,2.06,-0.0,-0.0,-0.0
2026-07-03,274400,2335.0,2.06,-0.0,0.0,-0.0
2026-07-06,274400,2520.0,2.06,0.2,-0.0,-0.2
2026-07-07,274400,2180.0,2.14,0.0,0.0,-0.0
2026-07-08,274400,2190.0,2.14,0.1,0.0,-0.1
2026-07-09,274400,1986.0,2.19,0.1,-0.0,-0.1
2026-07-10,274400,2090.0,2.27,0.2,0.0,-0.2
2026-07-13,274400,1968.0,2.39,0.0,-0.0,-0.0
2025-07-14,275630,3370.0,2.77,-0.0,0.0,-0.3
2025-07-15,275630,3400.0,2.76,0.0,0.0,-0.1
2025-07-16,275630,3380.0,2.77,-0.0,0.0,0.0
2025-07-17,275630,3400.0,2.75,-0.0,0.0,-0.1
2025-07-18,275630,3415.0,2.75,-0.0,0.0,-0.1
2025-07-21,275630,3350.0,2.74,0.0,-0.0,-0.1
2025-07-22,275630,3255.0,2.75,0.0,0.0,-0.2
2025-07-23,275630,3225.0,2.78,-0.0,-0.0,0.0
2025-07-24,275630,3295.0,2.76,0.0,0.0,-0.0
2025-07-25,275630,3320.0,2.77,-0.0,-0.0,0.0
2025-07-28,275630,3295.0,2.76,-0.0,0.0,-0.0
2025-07-29,275630,3235.0,2.75,0.0,-0.0,-0.1
2025-07-30,275630,3205.0,2.75,0.0,0.0,-0.0
2025-07-31,275630,3225.0,2.76,0.0,-0.0,0.0
2025-08-01,275630,3210.0,2.76,0.0,0.0,-0.0
2025-08-04,275630,3210.0,2.78,0.0,-0.0,0.0
2025-08-05,275630,3210.0,2.78,0.0,0.0,-0.2
2025-08-06,275630,3180.0,2.79,-0.0,0.0,-0.1
2025-08-07,275630,3185.0,2.78,-0.0,0.0,0.0
2025-08-08,275630,3200.0,2.78,-0.0,0.0,-0.0
2025-08-11,275630,3190.0,2.78,-0.0,-0.0,0.0
2025-08-12,275630,3190.0,2.78,0.0,0.0,-0.0
2025-08-13,275630,3190.0,2.78,0.0,0.0,-0.0
2025-08-14,275630,3205.0,2.79,-0.0,-0.0,0.0
2025-08-18,275630,3220.0,2.78,0.0,-0.0,0.0
2025-08-19,275630,3195.0,2.8,-0.0,0.0,0.1
2025-08-20,275630,3205.0,2.79,-0.1,-0.0,0.5
2025-08-21,275630,3180.0,2.74,0.0,0.0,-0.0
2025-08-22,275630,3210.0,2.74,-0.0,-0.0,0.0
2025-08-25,275630,3215.0,2.73,-0.0,0.0,0.0
2025-08-26,275630,3220.0,2.72,0.0,0.0,-0.0
2025-08-27,275630,3215.0,2.73,-0.0,0.0,-0.0
2025-08-28,275630,3285.0,2.73,-0.0,-0.0,0.0
2025-08-29,275630,3410.0,2.72,-0.0,-0.0,0.0
2025-09-01,275630,3335.0,2.72,-0.0,0.0,0.0
2025-09-02,275630,3305.0,2.69,0.0,-0.0,-0.0
2025-09-03,275630,3305.0,2.69,-0.0,0.0,0.0
2025-09-04,275630,3180.0,2.69,0.1,0.0,-0.2
2025-09-05,275630,3290.0,2.77,0.1,-0.0,0.0
2025-09-08,275630,3380.0,2.81,-0.0,-0.0,-0.0
2025-09-09,275630,3420.0,2.8,0.0,0.0,-0.0
2025-09-10,275630,3475.0,2.82,0.0,0.0,-0.0
2025-09-11,275630,3380.0,2.84,-0.0,0.0,-0.0
2025-09-12,275630,3425.0,2.83,-0.0,0.0,0.0
2025-09-15,275630,3475.0,2.83,-0.0,0.0,-0.0
2025-09-16,275630,3440.0,2.83,0.0,-0.0,-0.0
2025-09-17,275630,3460.0,2.83,-0.0,0.0,0.0
2025-09-18,275630,3425.0,2.82,-0.0,0.0,0.0
2025-09-19,275630,3490.0,2.82,-0.0,0.0,0.0
2025-09-22,275630,3450.0,2.82,-0.0,0.0,0.0
2025-09-23,275630,3485.0,2.81,-0.1,0.0,0.1
2025-09-24,275630,3425.0,2.75,-0.0,0.0,0.0
2025-09-25,275630,3455.0,2.75,-0.0,0.0,0.0
2025-09-26,275630,3320.0,2.74,0.0,-0.0,0.0
2025-09-29,275630,3380.0,2.75,-0.0,0.0,0.0
2025-09-30,275630,3460.0,2.75,-0.0,0.0,0.0
2025-10-01,275630,3500.0,2.75,0.0,0.0,-0.0
2025-10-02,275630,3510.0,2.75,-0.0,0.0,0.0
2025-10-10,275630,3525.0,2.74,-0.0,-0.0,0.0
2025-10-13,275630,3380.0,2.73,0.0,0.0,-0.0
2025-10-14,275630,3480.0,2.74,-0.0,-0.0,0.0
2025-10-15,275630,3415.0,2.74,0.0,-0.0,0.0
2025-10-16,275630,3450.0,2.75,-0.0,-0.0,0.0
2025-10-17,275630,3360.0,2.74,-0.0,-0.0,0.0
2025-10-20,275630,3410.0,2.73,0.0,0.0,-0.0
2025-10-21,275630,3450.0,2.75,0.0,0.0,-0.0
2025-10-22,275630,3480.0,2.75,-0.0,0.0,0.0
2025-10-23,275630,3480.0,2.74,-0.0,-0.0,0.0
2025-10-24,275630,3460.0,2.74,-0.0,0.0,0.0
2025-10-27,275630,3470.0,2.73,-0.0,-0.0,0.0
2025-10-28,275630,3395.0,2.73,0.1,0.0,-0.1
2025-10-29,275630,3385.0,2.79,-0.0,-0.0,0.1
2025-10-30,275630,3335.0,2.77,-0.0,-0.0,0.0
2025-10-31,275630,3255.0,2.77,0.0,0.0,-0.0
2025-11-03,275630,3380.0,2.79,-0.0,-0.0,0.0
2025-11-04,275630,3150.0,2.78,-0.0,0.0,0.0
2025-11-05,275630,3160.0,2.78,0.1,0.0,-0.1
2025-11-06,275630,3315.0,2.83,-0.0,0.0,0.0
2025-11-07,275630,3300.0,2.82,-0.0,0.0,0.0
2025-11-10,275630,3290.0,2.81,0.2,-0.2,-0.0
2025-11-11,275630,3215.0,2.89,-0.0,0.0,0.0
2025-11-12,275630,3285.0,2.89,0.0,0.0,-0.0
2025-11-13,275630,3280.0,2.89,0.0,-0.0,-0.0
2025-11-14,275630,3255.0,2.9,-0.0,-0.0,0.0
2025-11-17,275630,3070.0,2.88,0.0,0.0,-0.0
2025-11-18,275630,2985.0,2.89,0.0,-0.0,-0.0
2025-11-19,275630,2925.0,2.91,-0.0,0.0,-0.0
2025-11-20,275630,2965.0,2.9,0.0,-0.0,0.0
2025-11-21,275630,2975.0,2.92,-0.0,0.0,0.0
2025-11-24,275630,2935.0,2.9,-0.0,0.0,-0.0
2025-11-25,275630,2930.0,2.9,0.0,-0.0,0.0
2025-11-26,275630,2890.0,2.9,-0.0,0.0,-0.0
2025-11-27,275630,2840.0,2.9,-0.0,0.0,0.0
2025-11-28,275630,2915.0,2.9,-0.0,-0.0,0.0
2025-12-01,275630,2960.0,2.9,-0.0,0.0,0.0
2025-12-02,275630,2990.0,2.87,-0.0,0.0,0.0
2025-12-03,275630,2960.0,2.86,-0.0,-0.0,0.0
2025-12-04,275630,2985.0,2.86,0.0,0.0,-0.0
2025-12-05,275630,2975.0,2.86,-0.0,0.0,0.0
2025-12-08,275630,2970.0,2.84,0.0,0.0,0.0
2025-12-09,275630,2965.0,2.84,0.0,0.0,-0.0
2025-12-10,275630,2920.0,2.84,-0.0,-0.0,0.0
2025-12-11,275630,2925.0,2.84,-0.0,0.0,-0.0
2025-12-12,275630,2915.0,2.84,-0.0,-0.0,0.0
2025-12-15,275630,2960.0,2.82,0.0,-0.0,0.0
2025-12-16,275630,2940.0,2.82,-0.0,0.0,0.0
2025-12-17,275630,2915.0,2.97,0.0,0.0,-0.1
2025-12-18,275630,2915.0,3.0,-0.0,-0.0,0.0
2025-12-19,275630,2875.0,3.0,0.0,0.0,-0.0
2025-12-22,275630,2900.0,3.01,-0.0,0.0,0.0
2025-12-23,275630,2870.0,3.01,0.0,0.0,-0.0
2025-12-24,275630,2900.0,3.01,-0.0,-0.0,0.0
2025-12-26,275630,2820.0,3.0,0.0,-0.0,-0.0
2025-12-29,275630,2825.0,3.01,0.0,0.0,-0.0
2025-12-30,275630,2810.0,3.01,0.0,-0.0,0.0
2026-01-02,275630,2800.0,3.01,0.1,0.0,-0.1
2026-01-05,275630,2760.0,3.05,-0.0,0.0,0.1
2026-01-06,275630,2770.0,3.03,0.0,0.0,-0.0
2026-01-07,275630,2745.0,3.1,0.0,-0.0,0.0
2026-01-08,275630,2815.0,3.11,-0.0,0.0,-0.0
2026-01-09,275630,2745.0,3.11,0.0,-0.0,-0.0
2026-01-12,275630,2745.0,3.13,-0.0,0.0,0.0
2026-01-13,275630,2735.0,3.1,0.0,0.0,-0.0
2026-01-14,275630,2765.0,3.13,0.0,0.0,-0.0
2026-01-15,275630,2845.0,3.14,-0.1,0.0,0.1
2026-01-16,275630,2800.0,3.1,0.0,0.0,-0.0
2026-01-19,275630,2880.0,3.11,0.0,-0.0,-0.0
2026-01-20,275630,2890.0,3.11,-0.0,0.0,0.0
2026-01-21,275630,2875.0,3.09,0.0,0.0,-0.0
2026-01-22,275630,2840.0,3.1,0.0,-0.0,0.0
2026-01-23,275630,2840.0,3.1,0.0,0.0,-0.0
2026-01-26,275630,2885.0,3.11,0.0,0.0,-0.0
2026-01-27,275630,2855.0,3.12,0.0,-0.0,0.0
2026-01-28,275630,2825.0,3.12,0.0,0.0,-0.0
2026-01-29,275630,2855.0,3.13,-0.1,0.0,0.1
2026-01-30,275630,2795.0,3.08,0.0,0.0,-0.0
2026-02-02,275630,2775.0,3.09,-0.1,0.0,0.1
2026-02-03,275630,2810.0,3.02,-0.1,-0.0,-0.0
2026-02-04,275630,2755.0,2.99,0.0,0.0,0.1
2026-02-05,275630,2730.0,2.99,0.1,-0.0,-0.1
2026-02-06,275630,2755.0,3.02,0.0,0.0,0.0
2026-02-09,275630,2750.0,3.03,-0.0,-0.0,0.0
2026-02-10,275630,2805.0,3.03,0.0,-0.0,0.0
2026-02-11,275630,2780.0,3.03,-0.0,0.0,0.0
2026-02-12,275630,2800.0,3.02,0.0,0.0,-0.0
2026-02-13,275630,2750.0,3.03,-0.0,0.0,0.0
2026-02-19,275630,2730.0,3.02,0.1,0.0,-0.1
2026-02-20,275630,2675.0,3.11,0.0,0.0,-0.0
2026-02-23,275630,2725.0,3.15,-0.2,0.0,0.2
2026-02-24,275630,2760.0,3.03,0.0,-0.0,-0.0
2026-02-25,275630,2755.0,2.89,-0.1,-0.0,0.1
2026-02-26,275630,2775.0,2.85,-0.0,0.0,0.0
2026-02-27,275630,2785.0,2.84,-0.0,-0.0,0.0
2026-03-03,275630,2510.0,2.84,0.1,0.0,-0.1
2026-03-04,275630,2200.0,2.93,0.1,-0.0,-0.1
2026-03-05,275630,2290.0,3.04,0.0,0.0,-0.0
2026-03-06,275630,2315.0,3.05,-0.0,-0.0,-0.0
2026-03-09,275630,2340.0,3.06,0.0,0.0,-0.0
2026-03-10,275630,2320.0,3.08,0.0,-0.0,-0.0
2026-03-11,275630,2375.0,3.09,-0.1,0.0,0.1
2026-03-12,275630,2480.0,3.0,0.1,-0.0,-0.1
2026-03-13,275630,2455.0,3.03,0.0,-0.0,0.0
2026-03-16,275630,2480.0,3.05,-0.0,-0.0,-0.4
2026-03-17,275630,2545.0,3.05,0.0,0.0,-0.4
2026-03-18,275630,2610.0,3.06,0.0,-0.0,-0.4
2026-03-19,275630,2600.0,3.3,0.0,-0.0,-0.4
2026-03-20,275630,2745.0,3.33,0.1,0.0,-0.5
2026-03-23,275630,3010.0,3.4,-0.1,0.2,-0.2
2026-03-24,275630,3080.0,3.32,0.1,0.0,-0.4
2026-03-25,275630,3070.0,3.4,0.1,0.3,-0.6
2026-03-26,275630,3375.0,3.44,0.2,0.6,-0.9
2026-03-27,275630,3505.0,3.53,-0.1,0.7,-0.8
2026-03-30,275630,3665.0,3.5,-0.2,0.7,-0.9
2026-03-31,275630,3800.0,3.4,0.2,0.7,-1.3
2026-04-01,275630,3750.0,3.51,-0.1,0.8,-0.9
2026-04-02,275630,3785.0,3.46,0.4,0.8,-1.4
2026-04-03,275630,3805.0,3.67,-0.2,0.7,-0.8
2026-04-06,275630,3870.0,3.58,0.0,0.6,-0.9
2026-04-07,275630,3875.0,3.6,0.2,0.6,-1.1
2026-04-08,275630,4090.0,3.68,0.5,0.6,-1.1
2026-04-09,275630,4220.0,3.9,-0.1,0.6,-0.8
2026-04-10,275630,4190.0,3.88,-0.3,0.6,-0.4
2026-04-13,275630,4010.0,3.73,0.0,0.4,-1.0
2026-04-14,275630,3970.0,3.75,0.0,0.3,-0.6
2026-04-15,275630,4205.0,4.04,0.1,0.2,-0.5
2026-04-16,275630,4570.0,4.1,0.6,0.2,-0.9
2026-04-17,275630,4170.0,4.37,-0.8,0.4,0.2
2026-04-20,275630,4130.0,4.02,-0.0,0.1,-0.3
2026-04-21,275630,4025.0,4.01,0.1,0.1,-0.4
2026-04-22,275630,4050.0,4.04,-0.1,0.1,-0.2
2026-04-23,275630,3955.0,4.02,-0.0,0.1,-0.2
2026-04-24,275630,4125.0,4.0,-0.0,0.1,-0.3
2026-04-27,275630,4075.0,3.98,-0.1,0.1,-0.2
2026-04-28,275630,4070.0,3.93,-0.1,0.1,-0.1
2026-04-29,275630,4165.0,3.89,-0.0,0.1,-0.2
2026-04-30,275630,4170.0,3.89,0.0,0.1,-0.3
2026-05-04,275630,4105.0,3.89,-0.1,0.1,-0.2
2026-05-06,275630,4100.0,3.88,-0.1,0.1,-0.2
2026-05-07,275630,4170.0,3.85,-0.0,0.1,-0.2
2026-05-08,275630,4065.0,3.84,0.0,0.1,-0.3
2026-05-11,275630,4100.0,3.87,-0.1,0.1,-0.1
2026-05-12,275630,4050.0,3.83,0.4,0.1,-0.5
2026-05-13,275630,4105.0,4.0,0.2,0.1,-0.5
2026-05-14,275630,4095.0,4.11,0.4,0.1,-0.5
2026-05-15,275630,4100.0,4.27,0.8,0.1,-1.0
2026-05-18,275630,4070.0,4.64,-0.0,0.1,-0.0
2026-05-19,275630,4140.0,4.48,0.1,0.1,-0.3
2026-05-20,275630,4045.0,4.68,0.1,0.1,-0.3
2026-05-21,275630,4200.0,4.72,0.2,0.1,-0.5
2026-05-22,275630,4275.0,4.8,0.2,0.1,-0.4
2026-05-26,275630,4070.0,4.91,-0.2,0.1,-0.0
2026-05-27,275630,3915.0,4.82,-0.1,0.1,-0.1
2026-05-28,275630,3750.0,4.78,0.1,0.1,-0.2
2026-05-29,275630,3680.0,4.81,0.2,0.0,-0.3
2026-06-01,275630,3315.0,4.9,-0.0,0.1,-0.1
2026-06-02,275630,3495.0,4.89,-0.0,0.3,-0.3
2026-06-04,275630,3670.0,4.88,-0.2,0.4,-0.2
2026-06-05,275630,3820.0,4.78,-0.2,0.4,-0.2
2026-06-08,275630,3610.0,4.7,-0.3,0.2,0.1
2026-06-09,275630,3745.0,4.57,-0.2,0.2,0.0
2026-06-10,275630,3755.0,4.48,-0.2,0.2,0.0
2026-06-11,275630,3815.0,4.39,0.0,0.1,-0.1
2026-06-12,275630,3795.0,4.4,-0.1,0.1,0.0
2026-06-15,275630,3720.0,4.34,-0.1,0.1,-0.0
2026-06-16,275630,3505.0,4.29,-0.0,0.1,-0.1
2026-06-17,275630,3405.0,4.26,0.1,-0.1,-0.0
2026-06-18,275630,3660.0,4.31,0.0,-0.1,0.1
2026-06-19,275630,3515.0,4.33,-0.1,0.1,0.0
2026-06-22,275630,3275.0,4.29,0.0,0.1,-0.1
2026-06-23,275630,3050.0,4.31,0.0,0.0,-0.1
2026-06-24,275630,3055.0,4.3,-0.0,0.0,-0.0
2026-06-25,275630,2900.0,4.31,-0.0,0.1,-0.0
2026-06-26,275630,2555.0,4.32,0.0,-0.0,0.0
2026-06-29,275630,2645.0,4.32,-0.0,-0.0,0.0
2026-06-30,275630,2915.0,4.31,-0.0,0.1,-0.1
2026-07-01,275630,3035.0,4.3,-0.1,0.0,0.1
2026-07-02,275630,3275.0,4.24,-0.0,0.1,-0.1
2026-07-03,275630,3295.0,4.22,-0.1,0.1,-0.0
2026-07-06,275630,3680.0,4.2,0.1,0.0,-0.4
2026-07-07,275630,3655.0,4.24,0.1,0.1,-0.5
2026-07-08,275630,3940.0,4.26,-0.2,0.1,-0.7
2026-07-09,275630,3840.0,4.18,0.0,0.1,-0.5
2026-07-10,275630,3930.0,4.18,-0.1,0.1,-0.4
2026-07-13,275630,3940.0,4.16,0.0,0.1,-0.4
2025-07-14,276040,3210.0,0.54,-0.8,,6.3
2025-07-15,276040,3240.0,0.36,0.2,,4.9
2025-07-16,276040,3300.0,0.31,-0.2,,-1.7
2025-07-17,276040,2490.0,0.21,0.9,3.4,5.2
2025-07-18,276040,2345.0,0.46,-0.6,-1.9,0.9
2025-07-21,276040,2320.0,0.28,-0.4,-0.3,1.3
2025-07-22,276040,2385.0,0.17,0.1,-0.3,-3.2
2025-07-23,276040,2405.0,0.22,0.3,-0.0,-1.7
2025-07-24,276040,2315.0,0.32,0.4,-0.0,0.6
2025-07-25,276040,2220.0,0.46,0.2,,-0.2
2025-07-28,276040,2130.0,0.52,0.0,,-0.1
2025-07-29,276040,2070.0,0.52,0.2,-0.1,1.6
2025-07-30,276040,2005.0,0.58,-0.3,-0.0,2.1
2025-07-31,276040,1954.0,0.5,0.4,-0.1,-0.3
2025-08-01,276040,1948.0,0.69,0.5,,-0.6
2025-08-04,276040,1969.0,0.89,-0.3,-0.0,0.3
2025-08-05,276040,2020.0,0.78,0.4,-0.0,-0.4
2025-08-06,276040,1997.0,0.94,-0.2,,0.2
2025-08-07,276040,1979.0,0.86,-0.4,-0.4,0.7
2025-08-08,276040,1969.0,0.72,0.3,-0.5,-0.5
2025-08-11,276040,1676.0,0.85,3.0,-10.6,7.9
2025-08-12,276040,1625.0,2.2,-0.4,-4.2,4.1
2025-08-13,276040,1684.0,1.62,2.3,0.0,-1.5
2025-08-14,276040,1746.0,2.24,5.6,0.0,-4.5
2025-08-18,276040,1656.0,3.73,-2.2,-0.0,2.2
2025-08-19,276040,1657.0,3.12,0.7,-0.1,-0.6
2025-08-20,276040,1657.0,3.32,-0.2,0.0,0.2
2025-08-21,276040,1665.0,3.25,0.2,0.0,-0.3
2025-08-22,276040,1691.0,3.29,0.7,0.0,-0.7
2025-08-25,276040,1675.0,3.49,-0.6,0.0,0.7
2025-08-26,276040,1701.0,3.32,0.9,0.0,-0.9
2025-08-27,276040,1700.0,3.56,0.2,0.0,-0.2
2025-08-28,276040,1730.0,3.61,0.8,0.0,-0.6
2025-08-29,276040,1700.0,3.89,-0.4,0.0,0.7
2025-09-01,276040,1660.0,3.79,-1.0,0.0,1.1
2025-09-02,276040,1720.0,3.5,2.1,0.0,-1.9
2025-09-03,276040,1691.0,4.07,-0.0,0.0,-0.1
2025-09-04,276040,1690.0,4.12,-0.7,0.0,0.7
2025-09-05,276040,1668.0,3.94,-0.0,0.0,0.0
2025-09-08,276040,1665.0,3.99,0.3,0.0,0.0
2025-09-09,276040,1634.0,4.08,-0.5,0.0,0.5
2025-09-10,276040,1667.0,3.91,0.1,0.0,-0.1
2025-09-11,276040,1673.0,3.93,0.5,0.0,-0.6
2025-09-12,276040,1648.0,4.08,-0.2,0.0,0.3
2025-09-15,276040,1652.0,4.03,0.6,0.0,-0.5
2025-09-16,276040,1673.0,4.18,0.8,0.0,-0.8
2025-09-17,276040,1663.0,4.41,-0.0,0.0,0.0
2025-09-18,276040,1662.0,4.4,0.6,0.0,-0.7
2025-09-19,276040,1643.0,4.56,-0.4,0.0,0.2
2025-09-22,276040,1650.0,4.46,-0.2,0.0,0.2
2025-09-23,276040,1637.0,4.39,0.2,0.0,-0.2
2025-09-24,276040,1677.0,4.44,1.1,-0.0,-1.1
2025-09-25,276040,1708.0,4.73,1.1,0.0,-1.0
2025-09-26,276040,1704.0,5.03,-0.8,0.0,0.7
2025-09-29,276040,1715.0,4.82,0.4,0.0,-0.4
2025-09-30,276040,1713.0,4.92,0.1,0.0,-0.2
2025-10-01,276040,1730.0,4.95,0.7,0.0,-0.6
2025-10-02,276040,1756.0,5.14,0.8,0.0,-0.6
2025-10-10,276040,1725.0,5.34,-0.8,0.0,0.7
2025-10-13,276040,1704.0,5.12,-0.3,0.0,0.2
2025-10-14,276040,1682.0,5.03,-0.6,0.0,0.6
2025-10-15,276040,1645.0,4.86,-0.9,0.0,0.8
2025-10-16,276040,1619.0,4.59,-0.4,0.0,0.5
2025-10-17,276040,1600.0,4.48,-2.5,0.0,2.3
2025-10-20,276040,1577.0,3.73,-0.7,0.0,0.7
2025-10-21,276040,1594.0,3.53,-0.2,,0.1
2025-10-22,276040,1630.0,3.48,0.1,0.0,-0.1
2025-10-23,276040,1608.0,3.51,-0.2,0.0,0.1
2025-10-24,276040,1598.0,3.46,-0.9,0.0,0.7
2025-10-27,276040,1569.0,3.3,-0.3,0.0,0.3
2025-10-28,276040,1611.0,3.19,1.8,-0.0,-1.7
2025-10-29,276040,1665.0,3.71,1.3,,-1.3
2025-10-30,276040,1600.0,4.07,-0.6,,1.0
2025-10-31,276040,1570.0,3.91,-0.5,,0.5
2025-11-03,276040,1533.0,3.75,-1.1,,0.9
2025-11-04,276040,1560.0,3.44,0.2,,-0.1
2025-11-05,276040,1509.0,3.5,-0.4,,0.1
2025-11-06,276040,1533.0,3.39,0.5,,-0.5
2025-11-07,276040,1499.0,3.53,0.8,-1.0,0.2
2025-11-10,276040,1509.0,3.77,0.1,,-0.1
2025-11-11,276040,1471.0,3.8,-1.0,,0.8
2025-11-12,276040,1471.0,3.49,0.8,,-0.8
2025-11-13,276040,1452.0,3.74,0.0,,-0.0
2025-11-14,276040,1408.0,3.75,0.1,,-0.1
2025-11-17,276040,1390.0,3.78,-0.2,,0.3
2025-11-18,276040,1384.0,3.72,0.3,,-0.3
2025-11-19,276040,1374.0,3.82,-0.2,,0.0
2025-11-20,276040,1399.0,3.77,0.4,,-0.4
2025-11-21,276040,1400.0,3.92,0.0,,0.0
2025-11-24,276040,1387.0,3.92,-0.0,,0.0
2025-11-25,276040,1398.0,3.92,1.1,,-1.1
2025-11-26,276040,1398.0,4.28,0.3,,-0.3
2025-11-27,276040,1384.0,4.41,-0.0,,-0.0
2025-11-28,276040,1366.0,4.4,0.0,,-0.0
2025-12-01,276040,1616.0,4.41,-0.3,-0.0,-0.1
2025-12-02,276040,1658.0,4.44,2.8,,-2.4
2025-12-03,276040,1670.0,5.22,1.0,,-1.1
2025-12-04,276040,1679.0,5.5,-0.4,,0.5
2025-12-05,276040,1727.0,5.37,1.6,,-1.3
2025-12-08,276040,1737.0,5.8,-2.7,,2.6
2025-12-09,276040,1728.0,5.07,-0.1,,0.1
2025-12-10,276040,1728.0,5.04,-0.4,,0.6
2025-12-11,276040,1707.0,4.92,0.1,,-0.2
2025-12-12,276040,1729.0,4.96,0.6,,-0.4
2025-12-15,276040,1746.0,5.11,0.9,,-0.9
2025-12-16,276040,1723.0,5.34,-1.0,,1.0
2025-12-17,276040,1723.0,5.42,-0.2,,-0.0
2025-12-18,276040,1723.0,5.36,0.0,,-0.2
2025-12-19,276040,1620.0,5.36,-0.4,,-0.1
2025-12-22,276040,1626.0,5.28,-0.1,,-0.2
2025-12-23,276040,1598.0,5.26,-0.2,,-0.2
2025-12-24,276040,1570.0,5.22,-0.1,,-0.0
2025-12-26,276040,1525.0,5.23,1.0,,-1.1
2025-12-29,276040,1500.0,5.54,-0.0,,-0.0
2025-12-30,276040,1474.0,5.54,0.2,,0.2
2026-01-02,276040,1460.0,5.6,0.2,,-0.2
2026-01-05,276040,1465.0,5.66,-0.0,,0.0
2026-01-06,276040,1460.0,5.65,-0.3,,0.3
2026-01-07,276040,1409.0,5.54,-0.4,,0.3
2026-01-08,276040,1390.0,5.39,-0.2,-0.0,0.2
2026-01-09,276040,1375.0,5.32,0.2,,-0.2
2026-01-12,276040,1297.0,5.39,-0.3,,0.3
2026-01-13,276040,1227.0,5.29,-0.2,,0.1
2026-01-14,276040,1020.0,5.21,1.4,,0.3
2026-01-15,276040,1028.0,6.06,-3.3,,3.4
2026-01-16,276040,1092.0,4.65,3.1,,-2.1
2026-01-19,276040,1066.0,5.98,-0.1,,0.3
2026-01-20,276040,1110.0,5.94,1.1,,-1.0
2026-01-21,276040,1060.0,6.43,-0.6,,0.8
2026-01-22,276040,1029.0,6.16,-0.2,,0.1
2026-01-23,276040,1055.0,6.06,1.2,,-1.1
2026-01-26,276040,1117.0,6.61,1.3,,-1.1
2026-01-27,276040,1105.0,7.16,-0.1,,0.1
2026-01-28,276040,1228.0,7.1,0.4,,0.5
2026-01-29,276040,1231.0,7.32,-0.3,,0.3
2026-01-30,276040,1158.0,7.21,-1.1,,1.0
2026-02-02,276040,1094.0,6.78,-2.0,,2.3
2026-02-03,276040,1110.0,6.0,-0.1,,0.1
2026-02-04,276040,1091.0,5.94,0.6,,-0.7
2026-02-05,276040,1075.0,6.2,0.1,,-0.1
2026-02-06,276040,1046.0,6.27,-0.5,,0.5
2026-02-09,276040,1080.0,6.06,0.6,,-0.5
2026-02-10,276040,1031.0,6.32,-0.2,,0.1
2026-02-11,276040,1085.0,6.69,0.4,,-0.2
2026-02-12,276040,1089.0,6.94,0.0,,-0.0
2026-02-13,276040,1036.0,6.95,-0.4,,0.3
2026-02-19,276040,1019.0,6.77,-0.4,,0.3
2026-02-20,276040,990.0,6.57,-1.1,,1.0
2026-02-23,276040,880.0,6.07,1.9,,-1.9
2026-02-24,276040,873.0,6.7,0.5,,0.4
2026-02-25,276040,939.0,7.26,-0.7,,1.0
2026-02-26,276040,905.0,7.01,-0.1,,-0.1
2026-02-27,276040,809.0,6.93,-0.6,,0.5
2026-03-03,276040,864.0,6.59,1.0,,-0.8
2026-03-04,276040,702.0,7.23,-0.7,,0.6
2026-03-05,276040,739.0,6.8,0.4,,-0.4
2026-03-06,276040,744.0,7.08,-0.2,0.0,0.3
2026-03-09,276040,710.0,6.95,-0.2,,0.3
2026-03-10,276040,853.0,6.83,-0.3,,0.5
2026-03-11,276040,849.0,6.71,-0.0,-0.0,0.2
2026-03-12,276040,898.0,6.7,0.2,0.0,0.1
2026-03-13,276040,842.0,6.78,-0.5,,0.6
2026-03-16,276040,817.0,6.5,-0.1,,-0.1
2026-03-17,276040,815.0,6.47,0.2,,-0.2
2026-03-18,276040,813.0,6.56,0.1,,-0.2
2026-03-19,276040,813.0,6.62,-0.1,,0.1
2026-03-20,276040,811.0,6.57,0.6,0.0,-0.3
2026-03-23,276040,721.0,6.91,-0.3,,0.2
2026-03-24,276040,615.0,6.73,1.6,,-1.8
2026-03-25,276040,576.0,8.01,0.2,,-0.2
2026-03-26,276040,508.0,8.14,0.8,-0.0,-0.7
2026-03-27,276040,500.0,8.8,0.7,-0.0,-0.7
2026-03-30,276040,420.0,9.4,-0.0,0.0,0.3
2026-03-31,276040,433.0,9.4,-1.2,0.0,1.5
2026-04-01,276040,470.0,8.52,0.8,0.0,-0.7
2026-04-02,276040,428.0,9.29,-0.5,0.0,0.4
2026-04-03,276040,453.0,8.81,-0.6,-0.0,1.6
2026-04-06,276040,347.0,8.43,0.0,,0.1
2026-04-07,276040,327.0,8.48,0.0,-0.0,7.7
2026-04-08,276040,327.0,9.07,,,
2026-04-09,276040,327.0,9.07,,,
2026-04-10,276040,327.0,9.07,,,
2026-04-13,276040,327.0,9.07,,,
2026-04-14,276040,327.0,9.07,,,
2026-04-15,276040,327.0,8.53,,,
2026-04-16,276040,327.0,8.66,,,
2026-04-17,276040,327.0,8.7,,,
2026-04-20,276040,327.0,8.71,,,
2026-04-21,276040,327.0,8.71,,,
2026-04-22,276040,327.0,8.72,,,
2026-04-23,276040,327.0,8.77,,,
2026-04-24,276040,327.0,8.77,,,
2026-04-27,276040,327.0,8.77,,,
2026-04-28,276040,327.0,8.77,,,
2026-04-29,276040,327.0,8.87,,,
2026-04-30,276040,327.0,8.87,,,
2026-05-04,276040,327.0,8.87,,,
2026-05-06,276040,327.0,8.87,,,
2026-05-07,276040,327.0,8.87,,,
2026-05-08,276040,327.0,8.87,,,
2026-05-11,276040,327.0,8.87,,,
2026-05-12,276040,327.0,8.87,,,
2026-05-13,276040,327.0,8.77,,,
2026-05-14,276040,327.0,8.77,,,
2026-05-15,276040,327.0,8.76,,,
2026-05-18,276040,327.0,8.76,,,
2026-05-19,276040,327.0,8.76,,,
2026-05-20,276040,327.0,8.76,,,
2026-05-21,276040,327.0,8.76,,,
2026-05-22,276040,327.0,8.76,,,
2026-05-26,276040,327.0,8.76,,,
2026-05-27,276040,327.0,8.75,,,
2026-05-28,276040,327.0,8.75,,,
2026-05-29,276040,327.0,8.75,,,
2026-06-01,276040,327.0,8.75,,,
2026-06-02,276040,327.0,8.75,,,
2026-06-04,276040,327.0,8.75,,,
2026-06-05,276040,327.0,8.75,,,
2026-06-08,276040,327.0,8.75,,,
2026-06-09,276040,327.0,8.75,,,
2026-06-10,276040,327.0,8.75,,,
2026-06-11,276040,327.0,8.75,,,
2026-06-12,276040,327.0,8.75,,,
2026-06-15,276040,327.0,8.75,,,
2026-06-16,276040,327.0,8.73,,,
2026-06-17,276040,327.0,8.58,,,
2026-06-18,276040,327.0,8.57,,,
2026-06-19,276040,327.0,8.57,,,
2026-06-22,276040,327.0,8.57,,,
2026-06-23,276040,327.0,8.59,,,
2026-06-24,276040,327.0,8.76,,,
2026-06-25,276040,327.0,8.8,,,
2026-06-26,276040,327.0,8.83,,,
2026-06-29,276040,327.0,8.83,,,
2026-06-30,276040,327.0,8.83,,,
2026-07-01,276040,327.0,8.4,,,
2026-07-02,276040,327.0,8.4,,,
2026-07-03,276040,327.0,8.4,,,
2026-07-06,276040,327.0,8.4,,,
2026-07-07,276040,327.0,8.4,,,
2026-07-08,276040,327.0,8.4,,,
2026-07-09,276040,327.0,8.4,,,
2026-07-10,276040,327.0,8.4,,,
2026-07-13,276040,327.0,8.4,,,
2025-07-14,276730,2150.0,2.11,-0.1,,0.1
2025-07-15,276730,2145.0,2.09,-0.1,,0.1
2025-07-16,276730,2085.0,2.05,-0.2,,0.3
2025-07-17,276730,2115.0,1.97,-0.1,,0.0
2025-07-18,276730,2105.0,1.96,-0.0,,0.0
2025-07-21,276730,2095.0,2.02,-0.3,,0.2
2025-07-22,276730,2065.0,1.94,-0.2,,0.2
2025-07-23,276730,2010.0,1.88,-0.1,,0.1
2025-07-24,276730,2020.0,1.86,0.2,,-0.2
2025-07-25,276730,2005.0,1.93,-0.1,,0.1
2025-07-28,276730,1980.0,1.9,-0.2,,0.2
2025-07-29,276730,1989.0,1.84,0.2,,-0.2
2025-07-30,276730,1972.0,1.9,-0.0,,-0.0
2025-07-31,276730,1955.0,1.9,-0.0,,0.1
2025-08-01,276730,1870.0,1.89,-0.5,,0.6
2025-08-04,276730,1898.0,1.74,0.2,,-0.2
2025-08-05,276730,1932.0,1.79,0.2,,-0.2
2025-08-06,276730,1945.0,1.87,0.1,,-0.1
2025-08-07,276730,2055.0,1.89,-1.0,,1.0
2025-08-08,276730,2230.0,1.67,2.1,,-2.2
2025-08-11,276730,2465.0,2.35,-0.7,0.0,1.1
2025-08-12,276730,2400.0,2.52,0.2,-0.0,-0.2
2025-08-13,276730,2355.0,2.58,-0.1,,0.1
2025-08-14,276730,2265.0,2.56,-0.2,,0.2
2025-08-18,276730,2415.0,2.49,0.5,,-0.5
2025-08-19,276730,2230.0,2.64,0.1,,-0.1
2025-08-20,276730,2160.0,2.66,-2.4,,2.5
2025-08-21,276730,2140.0,1.99,0.6,,-0.6
2025-08-22,276730,2120.0,2.16,0.3,,-0.3
2025-08-25,276730,2125.0,2.24,0.4,,-0.4
2025-08-26,276730,2045.0,2.36,0.2,,-0.2
2025-08-27,276730,2150.0,2.43,-0.6,,0.6
2025-08-28,276730,2120.0,2.25,-0.0,,0.0
2025-08-29,276730,2135.0,2.24,-0.1,,0.1
2025-09-01,276730,2020.0,2.21,-0.1,,-0.0
2025-09-02,276730,2185.0,2.18,0.7,,-0.6
2025-09-03,276730,2260.0,2.39,-0.1,,0.1
2025-09-04,276730,2100.0,2.35,-0.8,,0.8
2025-09-05,276730,2095.0,2.1,-0.1,,0.1
2025-09-08,276730,2120.0,2.06,0.1,,-0.1
2025-09-09,276730,2105.0,2.09,-0.1,,0.1
2025-09-10,276730,2090.0,2.07,-0.1,,0.2
2025-09-11,276730,2090.0,2.03,-0.2,,0.2
2025-09-12,276730,2065.0,1.98,-0.3,,0.3
2025-09-15,276730,2065.0,1.89,-0.1,,0.1
2025-09-16,276730,2030.0,1.85,-0.5,,0.5
2025-09-17,276730,2055.0,1.7,-0.0,,0.0
2025-09-18,276730,2100.0,1.69,0.1,,-0.1
2025-09-19,276730,2090.0,1.72,0.1,,-0.1
2025-09-22,276730,2070.0,1.74,-0.1,,0.1
2025-09-23,276730,2025.0,1.71,-0.2,,0.2
2025-09-24,276730,2040.0,1.66,0.1,,-0.1
2025-09-25,276730,2045.0,1.69,-0.1,,0.1
2025-09-26,276730,2005.0,1.68,-0.2,,0.1
2025-09-29,276730,1996.0,1.63,-0.0,,0.0
2025-09-30,276730,1977.0,1.63,-0.1,,0.1
2025-10-01,276730,1956.0,1.6,-0.1,-0.4,0.5
2025-10-02,276730,1985.0,1.58,0.1,,-0.1
2025-10-10,276730,1923.0,1.61,-0.1,,0.2
2025-10-13,276730,1928.0,1.56,0.0,,0.0
2025-10-14,276730,1897.0,1.56,-0.2,,0.2
2025-10-15,276730,1895.0,1.49,0.1,,-0.1
2025-10-16,276730,1873.0,1.52,-0.4,,0.4
2025-10-17,276730,1902.0,1.39,0.7,,-0.7
2025-10-20,276730,1849.0,1.63,-0.2,,0.2
2025-10-21,276730,1831.0,1.56,-0.3,,0.3
2025-10-22,276730,1970.0,1.44,0.8,,-0.8
2025-10-23,276730,1940.0,2.02,-0.2,,0.2
2025-10-24,276730,1960.0,1.64,0.0,,-0.0
2025-10-27,276730,1946.0,1.65,-0.1,,0.1
2025-10-28,276730,1928.0,1.62,0.0,,-0.0
2025-10-29,276730,1864.0,1.63,-0.3,,0.2
2025-10-30,276730,1866.0,1.54,-0.2,,0.3
2025-10-31,276730,1800.0,1.46,-0.2,,0.2
2025-11-03,276730,1870.0,1.38,0.3,,-0.3
2025-11-04,276730,1861.0,1.48,0.0,,-0.0
2025-11-05,276730,1847.0,1.5,-0.2,,0.2
2025-11-06,276730,1816.0,1.43,-0.2,,0.2
2025-11-07,276730,1985.0,1.37,1.2,,-1.1
2025-11-10,276730,2100.0,1.77,1.4,-0.6,-0.7
2025-11-11,276730,2250.0,2.19,0.7,,-0.7
2025-11-12,276730,2250.0,2.4,0.2,,-0.2
2025-11-13,276730,2085.0,2.45,0.2,,-0.2
2025-11-14,276730,2055.0,2.5,-0.3,,0.3
2025-11-17,276730,2270.0,2.42,0.1,,-0.1
2025-11-18,276730,2040.0,2.46,-0.8,,0.8
2025-11-19,276730,2000.0,2.22,-0.5,,0.5
2025-11-20,276730,1996.0,2.06,-0.0,,0.0
2025-11-21,276730,1915.0,2.05,-0.2,,0.2
2025-11-24,276730,1886.0,1.99,-0.2,,0.1
2025-11-25,276730,1826.0,1.95,-0.3,,0.3
2025-11-26,276730,1969.0,1.86,-0.3,,0.3
2025-11-27,276730,1870.0,1.8,-0.1,,0.0
2025-11-28,276730,1842.0,1.78,-0.2,,0.2
2025-12-01,276730,1845.0,1.72,-0.1,,0.0
2025-12-02,276730,1840.0,1.7,-0.0,,0.0
2025-12-03,276730,1842.0,1.69,-0.2,,0.2
2025-12-04,276730,1836.0,1.76,-0.1,,0.1
2025-12-05,276730,1805.0,1.72,-0.3,,0.4
2025-12-08,276730,1801.0,1.59,-0.2,,0.2
2025-12-09,276730,1808.0,1.5,-0.1,,0.1
2025-12-10,276730,1780.0,1.48,-0.1,,0.1
2025-12-11,276730,1786.0,1.44,-0.0,,0.0
2025-12-12,276730,1760.0,1.42,-0.2,,0.2
2025-12-15,276730,1721.0,1.36,-0.2,,0.1
2025-12-16,276730,1709.0,1.29,-0.1,,0.2
2025-12-17,276730,1720.0,0.87,-0.0,,0.0
2025-12-18,276730,1660.0,0.87,-0.1,,0.1
2025-12-19,276730,1610.0,0.83,-0.1,,0.5
2025-12-22,276730,1436.0,0.78,-0.6,,0.6
2025-12-23,276730,1300.0,0.79,0.7,0.0,-0.7
2025-12-24,276730,1279.0,1.06,-0.2,0.0,0.2
2025-12-26,276730,1286.0,1.07,-0.0,,0.0
2025-12-29,276730,1340.0,1.06,0.4,,-0.4
2025-12-30,276730,1323.0,1.22,-0.1,,0.1
2026-01-02,276730,1394.0,0.98,0.1,,-0.1
2026-01-05,276730,1325.0,1.02,-0.2,-0.0,0.2
2026-01-06,276730,1283.0,0.97,-0.2,-0.0,0.2
2026-01-07,276730,1296.0,0.9,0.1,-0.0,-0.1
2026-01-08,276730,1243.0,0.93,-0.3,-0.0,0.3
2026-01-09,276730,1294.0,0.84,0.5,-0.0,-0.5
2026-01-12,276730,1302.0,1.01,-0.1,,0.1
2026-01-13,276730,1304.0,0.99,0.0,,-0.0
2026-01-14,276730,1282.0,1.15,-0.1,,0.1
2026-01-15,276730,1282.0,1.12,0.0,,-0.0
2026-01-16,276730,1330.0,1.13,0.2,,-0.2
2026-01-19,276730,1280.0,1.19,-0.2,,0.2
2026-01-20,276730,1281.0,1.11,0.2,,-0.2
2026-01-21,276730,1271.0,1.18,-0.1,,0.1
2026-01-22,276730,1270.0,1.13,0.1,,-0.1
2026-01-23,276730,1271.0,1.16,0.0,,-0.0
2026-01-26,276730,1274.0,1.17,-0.0,,-0.0
2026-01-27,276730,1250.0,1.15,-0.6,,0.5
2026-01-28,276730,1229.0,0.95,-0.1,,0.1
2026-01-29,276730,1195.0,0.91,-0.3,,0.2
2026-01-30,276730,1200.0,0.81,0.0,,-0.0
2026-02-02,276730,1177.0,0.82,-0.0,,0.0
2026-02-03,276730,1137.0,0.81,0.0,,-0.0
2026-02-04,276730,1143.0,0.83,0.2,,-0.2
2026-02-05,276730,1143.0,0.9,,,
2026-02-06,276730,1145.0,0.81,0.3,,-0.3
2026-02-09,276730,1095.0,0.96,-0.1,,0.1
2026-02-10,276730,1062.0,0.92,0.1,,-0.2
2026-02-11,276730,1130.0,0.98,0.5,,-0.5
2026-02-12,276730,1132.0,1.17,-0.1,,0.1
2026-02-13,276730,1010.0,1.15,1.0,,-1.0
2026-02-19,276730,1007.0,1.65,0.2,,-0.1
2026-02-20,276730,997.0,1.73,0.2,,-0.1
2026-02-23,276730,980.0,1.81,-0.1,,0.1
2026-02-24,276730,1024.0,1.84,0.2,,-0.2
2026-02-25,276730,1000.0,1.71,0.1,,-0.1
2026-02-26,276730,986.0,1.86,-0.3,,0.3
2026-02-27,276730,970.0,1.74,0.1,,-0.1
2026-03-03,276730,906.0,1.78,0.1,,-0.1
2026-03-04,276730,787.0,1.84,-0.2,,0.2
2026-03-05,276730,798.0,1.73,0.1,,-0.1
2026-03-06,276730,792.0,1.77,0.2,,-0.2
2026-03-09,276730,731.0,1.91,-0.0,,0.0
2026-03-10,276730,759.0,1.9,0.0,,-0.0
2026-03-11,276730,750.0,1.92,-0.1,,0.2
2026-03-12,276730,686.0,1.85,-0.1,,0.1
2026-03-13,276730,650.0,1.76,0.1,,-0.1
2026-03-16,276730,670.0,1.81,0.1,,-0.1
2026-03-17,276730,871.0,1.86,-0.0,,-0.1
2026-03-18,276730,798.0,1.86,-0.6,,1.0
2026-03-19,276730,722.0,1.56,-0.4,,0.4
2026-03-20,276730,670.0,1.34,-0.1,,0.1
2026-03-23,276730,680.0,1.25,0.2,,-0.3
2026-03-24,276730,722.0,1.41,0.3,0.0,-0.2
2026-03-25,276730,752.0,1.6,-0.1,,0.4
2026-03-26,276730,698.0,1.52,-0.2,,0.2
2026-03-27,276730,710.0,1.41,-0.1,,0.3
2026-03-30,276730,708.0,1.39,0.1,,-0.1
2026-03-31,276730,733.0,1.45,0.3,,-0.4
2026-04-01,276730,769.0,1.66,0.2,,-0.2
2026-04-02,276730,732.0,1.82,-0.1,,0.1
2026-04-03,276730,777.0,1.77,0.3,,-0.3
2026-04-06,276730,810.0,1.96,0.1,,-0.1
2026-04-07,276730,870.0,2.04,-0.0,-0.0,0.0
2026-04-08,276730,843.0,2.03,-0.3,0.0,0.2
2026-04-09,276730,767.0,1.91,-0.2,,0.2
2026-04-10,276730,767.0,1.79,,,
2026-04-13,276730,767.0,1.79,,,
2026-04-14,276730,767.0,1.79,,,
2026-04-15,276730,767.0,1.79,,,
2026-04-16,276730,767.0,1.79,,,
2026-04-17,276730,767.0,1.79,,,
2026-04-20,276730,767.0,1.79,,,
2026-04-21,276730,767.0,1.79,,,
2026-04-22,276730,767.0,1.79,,,
2026-04-23,276730,767.0,1.79,,,
2026-04-24,276730,767.0,1.79,,,
2026-04-27,276730,767.0,1.79,,,
2026-04-28,276730,767.0,1.79,,,
2026-04-29,276730,767.0,1.79,,,
2026-04-30,276730,767.0,1.79,,,
2026-05-04,276730,767.0,1.79,,,
2026-05-06,276730,12020.0,0.0,-0.8,0.1,0.6
2026-05-07,276730,13350.0,0.0,-2.1,-0.1,0.9
2026-05-08,276730,13500.0,0.0,-0.3,-0.0,-0.1
2026-05-11,276730,14340.0,0.0,0.2,0.0,-0.3
2026-05-12,276730,14500.0,0.0,-0.2,0.0,-2.9
2026-05-13,276730,15290.0,0.0,1.0,-0.0,-1.1
2026-05-14,276730,13720.0,0.0,-0.5,0.0,0.2
2026-05-15,276730,13410.0,0.0,0.2,-0.0,0.5
2026-05-18,276730,13390.0,0.0,0.2,-0.0,-0.3
2026-05-19,276730,14130.0,0.0,0.1,0.0,-0.1
2026-05-20,276730,12700.0,0.0,-0.4,0.0,0.4
2026-05-21,276730,13490.0,0.0,-0.0,-0.0,0.0
2026-05-22,276730,13150.0,0.0,-0.1,-0.0,0.1
2026-05-26,276730,13730.0,0.0,0.3,-0.0,0.3
2026-05-27,276730,13700.0,0.0,0.7,-0.0,-0.0
2026-05-28,276730,12900.0,0.0,-0.1,-0.0,0.6
2026-05-29,276730,13480.0,0.0,-0.3,0.0,0.7
2026-06-01,276730,12790.0,0.0,-0.3,0.0,0.6
2026-06-02,276730,12230.0,0.0,0.3,-0.0,-0.3
2026-06-04,276730,13670.0,0.0,0.8,0.0,-0.8
2026-06-05,276730,13200.0,0.0,-0.5,-0.0,0.5
2026-06-08,276730,12510.0,0.0,-0.1,-0.0,0.1
2026-06-09,276730,12500.0,0.0,-0.4,0.0,0.4
2026-06-10,276730,13300.0,0.0,0.2,-0.0,-0.2
2026-06-11,276730,13880.0,0.0,0.6,-0.0,-0.6
2026-06-12,276730,14940.0,0.0,0.5,0.0,-0.5
2026-06-15,276730,14420.0,0.0,-0.7,-0.0,0.8
2026-06-16,276730,14410.0,0.0,-0.0,-0.0,0.1
2026-06-17,276730,14330.0,0.0,-0.7,0.0,0.7
2026-06-18,276730,16920.0,0.0,0.6,0.0,-0.0
2026-06-19,276730,19470.0,0.0,-0.2,-0.0,0.7
2026-06-22,276730,22400.0,0.0,0.5,-0.0,-0.5
2026-06-23,276730,20600.0,0.0,0.2,-0.0,-0.2
2026-06-24,276730,18300.0,0.0,-0.4,0.0,0.4
2026-06-25,276730,18300.0,0.0,0.0,0.0,-0.0
2026-06-26,276730,18600.0,0.0,0.3,-0.0,-0.3
2026-06-29,276730,19650.0,0.0,-0.9,-0.0,0.9
2026-06-30,276730,20300.0,0.0,0.2,0.0,-0.2
2026-07-01,276730,22200.0,0.0,0.4,-0.0,-0.4
2026-07-02,276730,20750.0,0.0,-1.8,-0.0,1.8
2026-07-03,276730,20050.0,0.0,-0.4,,0.4
2026-07-06,276730,19950.0,0.0,0.1,0.0,-0.2
2026-07-07,276730,19390.0,0.0,-0.3,-0.0,0.3
2026-07-08,276730,19450.0,0.0,-0.3,-0.0,0.3
2026-07-09,276730,19960.0,0.0,-0.6,,0.5
2026-07-10,276730,19320.0,0.0,-0.1,0.0,0.0
2026-07-13,276730,18540.0,0.0,0.2,-0.0,-0.1
2025-07-14,277070,5130.0,1.41,0.7,,-0.7
2025-07-15,277070,5100.0,1.5,0.3,,-0.3
2025-07-16,277070,5000.0,1.54,-0.5,,0.5
2025-07-17,277070,5040.0,1.47,0.0,,-0.0
2025-07-18,277070,4965.0,1.47,-0.0,,0.0
2025-07-21,277070,5030.0,1.49,0.2,,-0.2
2025-07-22,277070,5270.0,1.52,-5.7,0.3,5.2
2025-07-23,277070,5180.0,0.83,0.2,0.2,-0.3
2025-07-24,277070,5090.0,0.85,-0.0,-0.0,0.1
2025-07-25,277070,4980.0,0.85,0.5,-0.0,-0.4
2025-07-28,277070,5000.0,0.91,0.3,0.0,-0.4
2025-07-29,277070,5180.0,0.96,0.4,0.4,-0.8
2025-07-30,277070,5100.0,1.01,0.1,0.5,-0.5
2025-07-31,277070,5430.0,1.02,3.7,1.0,-4.5
2025-08-01,277070,5200.0,1.54,-0.3,,0.2
2025-08-04,277070,5330.0,1.5,-0.7,0.0,0.7
2025-08-05,277070,5300.0,1.4,-0.6,-0.0,0.6
2025-08-06,277070,5180.0,1.32,-0.3,-0.0,0.3
2025-08-07,277070,5240.0,1.28,-0.1,0.0,0.1
2025-08-08,277070,5380.0,1.26,-0.3,-0.0,0.3
2025-08-11,277070,5290.0,1.23,0.1,0.0,-0.1
2025-08-12,277070,5260.0,1.24,0.1,-0.0,-0.1
2025-08-13,277070,5320.0,1.26,0.2,-0.3,0.2
2025-08-14,277070,5230.0,1.28,0.1,,-0.1
2025-08-18,277070,5170.0,1.29,0.1,,-0.1
2025-08-19,277070,5190.0,1.31,0.3,,-0.4
2025-08-20,277070,5050.0,1.36,-0.0,,0.0
2025-08-21,277070,5340.0,1.35,-2.9,-0.0,2.9
2025-08-22,277070,5470.0,1.03,3.1,,-3.0
2025-08-25,277070,5430.0,1.45,2.1,,-2.0
2025-08-26,277070,5520.0,1.73,0.6,,-0.6
2025-08-27,277070,5310.0,1.83,-0.9,-0.0,0.9
2025-08-28,277070,5360.0,1.71,0.1,,-0.1
2025-08-29,277070,5460.0,1.72,-0.6,,0.7
2025-09-01,277070,5500.0,1.64,-0.1,,0.1
2025-09-02,277070,5420.0,1.62,0.1,,-0.1
2025-09-03,277070,5440.0,1.61,0.1,,-0.2
2025-09-04,277070,5390.0,1.63,0.1,,-0.1
2025-09-05,277070,5500.0,1.64,0.7,,-0.7
2025-09-08,277070,5460.0,1.73,-0.4,,0.5
2025-09-09,277070,5580.0,1.67,0.3,0.5,-0.7
2025-09-10,277070,5700.0,1.7,0.4,,-0.4
2025-09-11,277070,5600.0,1.76,-0.2,,0.2
2025-09-12,277070,5650.0,1.74,0.6,,-0.6
2025-09-15,277070,5570.0,1.81,0.3,,-0.4
2025-09-16,277070,5710.0,1.86,0.4,0.5,-0.8
2025-09-17,277070,5660.0,1.91,-0.4,,0.5
2025-09-18,277070,5830.0,1.85,-0.6,,0.5
2025-09-19,277070,5700.0,1.78,-0.1,,0.1
2025-09-22,277070,5860.0,1.77,0.3,0.5,-0.8
2025-09-23,277070,5760.0,1.81,0.7,,-0.6
2025-09-24,277070,5740.0,1.89,0.0,0.5,-0.5
2025-09-25,277070,5550.0,1.9,0.3,,-0.3
2025-09-26,277070,5550.0,1.93,0.1,0.5,-0.6
2025-09-29,277070,5650.0,1.94,0.3,,-0.3
2025-09-30,277070,5530.0,1.98,-0.2,,0.2
2025-10-01,277070,5550.0,1.96,-0.7,0.3,0.4
2025-10-02,277070,5670.0,1.86,1.2,0.3,-1.5
2025-10-10,277070,5540.0,2.01,-0.4,,0.3
2025-10-13,277070,5500.0,1.97,0.2,,-0.2
2025-10-14,277070,5630.0,2.0,0.4,0.4,-0.8
2025-10-15,277070,5730.0,2.05,0.5,0.4,-1.0
2025-10-16,277070,5550.0,2.12,-0.2,,0.2
2025-10-17,277070,5470.0,2.09,-0.1,0.6,-0.5
2025-10-20,277070,5440.0,2.07,0.5,,-0.5
2025-10-21,277070,5350.0,2.14,-0.1,,0.1
2025-10-22,277070,5280.0,2.12,0.1,,-0.1
2025-10-23,277070,5210.0,2.12,0.2,,-0.2
2025-10-24,277070,5100.0,2.14,-0.1,,-0.1
2025-10-27,277070,5170.0,2.13,0.4,,-0.3
2025-10-28,277070,5130.0,2.2,-0.1,,0.1
2025-10-29,277070,5000.0,2.17,0.0,,-0.1
2025-10-30,277070,4975.0,2.17,-0.1,,0.2
2025-10-31,277070,5000.0,2.15,0.0,,0.0
2025-11-03,277070,5000.0,2.16,-0.1,,0.1
2025-11-04,277070,4985.0,2.14,-0.3,0.2,0.0
2025-11-05,277070,5070.0,2.1,-0.3,0.4,-0.1
2025-11-06,277070,5200.0,2.06,-0.1,0.3,-0.2
2025-11-07,277070,5050.0,2.05,-0.4,0.2,0.2
2025-11-10,277070,5250.0,1.99,-0.0,0.1,-0.1
2025-11-11,277070,5010.0,1.99,-0.5,,0.5
2025-11-12,277070,5250.0,1.91,0.4,0.2,-0.5
2025-11-13,277070,5150.0,1.97,-0.2,,0.2
2025-11-14,277070,5040.0,1.95,-0.3,,0.3
2025-11-17,277070,4735.0,1.9,0.3,,-0.4
2025-11-18,277070,4650.0,1.94,1.3,,-1.2
2025-11-19,277070,4720.0,2.15,-0.0,,0.0
2025-11-20,277070,4745.0,2.15,-0.0,,0.0
2025-11-21,277070,4720.0,2.14,-0.0,0.2,-0.1
2025-11-24,277070,4730.0,2.14,-0.1,0.2,-0.2
2025-11-25,277070,4695.0,2.13,-0.3,0.2,0.1
2025-11-26,277070,4690.0,2.08,0.1,0.2,-0.3
2025-11-27,277070,4730.0,2.09,0.0,0.2,-0.3
2025-11-28,277070,4850.0,2.09,-0.0,0.1,-0.1
2025-12-01,277070,4820.0,2.09,-0.3,,0.3
2025-12-02,277070,4810.0,2.04,-0.1,,0.1
2025-12-03,277070,4825.0,2.02,-0.1,,0.1
2025-12-04,277070,4805.0,2.0,-0.2,,0.2
2025-12-05,277070,4795.0,1.97,-0.1,,0.1
2025-12-08,277070,4715.0,1.96,-0.3,,0.3
2025-12-09,277070,4720.0,1.92,0.1,,-0.1
2025-12-10,277070,4720.0,1.93,-0.0,,0.0
2025-12-11,277070,4720.0,1.92,0.1,,-0.1
2025-12-12,277070,4635.0,1.93,-0.1,,0.1
2025-12-15,277070,4710.0,1.92,0.2,,-0.2
2025-12-16,277070,4680.0,1.94,0.0,,-0.0
2025-12-17,277070,4700.0,1.94,-0.0,0.2,-0.2
2025-12-18,277070,4820.0,1.94,0.2,0.2,-0.4
2025-12-19,277070,5030.0,1.97,-0.0,0.0,-0.0
2025-12-22,277070,5120.0,1.96,-0.1,,0.1
2025-12-23,277070,4940.0,1.95,-0.4,,0.4
2025-12-24,277070,4925.0,1.89,-0.1,,0.1
2025-12-26,277070,4860.0,1.87,-0.2,,0.0
2025-12-29,277070,4830.0,1.84,1.0,,-1.1
2025-12-30,277070,4980.0,2.0,0.1,0.3,-0.3
2026-01-02,277070,4960.0,2.01,-0.0,,0.0
2026-01-05,277070,4980.0,2.0,-0.2,0.2,0.1
2026-01-06,277070,4995.0,1.93,-0.1,0.0,0.1
2026-01-07,277070,4895.0,1.92,-0.2,,0.2
2026-01-08,277070,4835.0,1.89,-0.2,,0.2
2026-01-09,277070,4830.0,1.86,-0.0,0.0,0.0
2026-01-12,277070,4885.0,1.86,-0.0,,0.0
2026-01-13,277070,4800.0,1.85,-0.2,,0.2
2026-01-14,277070,4665.0,1.81,-0.0,,-0.0
2026-01-15,277070,4520.0,1.8,-0.7,,0.7
2026-01-16,277070,4470.0,1.69,0.2,,-0.2
2026-01-19,277070,4475.0,1.73,-0.4,,0.3
2026-01-20,277070,4520.0,1.67,0.1,,-0.0
2026-01-21,277070,4385.0,1.68,-0.1,,0.1
2026-01-22,277070,4420.0,1.66,-0.1,,0.1
2026-01-23,277070,4505.0,1.65,0.1,,-0.1
2026-01-26,277070,4590.0,1.66,0.1,,-0.1
2026-01-27,277070,4675.0,1.67,-0.1,,0.1
2026-01-28,277070,4670.0,1.66,-0.1,,0.1
2026-01-29,277070,4800.0,1.64,-0.1,,0.1
2026-01-30,277070,4850.0,1.62,-0.0,,0.0
2026-02-02,277070,4785.0,1.62,-0.1,,0.1
2026-02-03,277070,4805.0,1.6,0.0,,-0.0
2026-02-04,277070,4805.0,1.6,0.0,,-0.0
2026-02-05,277070,4830.0,1.61,-0.1,,0.1
2026-02-06,277070,4830.0,1.58,-0.0,,0.0
2026-02-09,277070,4930.0,1.58,-0.1,,0.1
2026-02-10,277070,5150.0,1.57,0.3,,-0.3
2026-02-11,277070,5160.0,1.6,0.1,,-0.1
2026-02-12,277070,5170.0,1.62,0.0,,-0.0
2026-02-13,277070,5200.0,1.62,-0.0,,0.0
2026-02-19,277070,5190.0,1.62,-0.0,,0.1
2026-02-20,277070,5220.0,1.61,0.1,,-0.1
2026-02-23,277070,5220.0,1.63,0.1,,-0.1
2026-02-24,277070,5290.0,1.64,0.1,,-0.1
2026-02-25,277070,5250.0,1.65,-0.1,,0.1
2026-02-26,277070,5190.0,1.63,0.0,,-0.0
2026-02-27,277070,5190.0,1.64,-0.1,,0.1
2026-03-03,277070,4925.0,1.62,-0.2,,0.2
2026-03-04,277070,4050.0,1.6,0.7,,-0.7
2026-03-05,277070,4050.0,1.72,1.4,,-1.4
2026-03-06,277070,4090.0,1.97,0.1,,-0.1
2026-03-09,277070,3985.0,1.98,-0.1,,0.1
2026-03-10,277070,4095.0,1.95,-0.1,,0.1
2026-03-11,277070,4120.0,1.94,0.1,,-0.1
2026-03-12,277070,4130.0,1.95,-0.0,,0.0
2026-03-13,277070,4150.0,1.95,0.0,-0.0,-0.0
2026-03-16,277070,4070.0,1.95,-0.3,,0.3
2026-03-17,277070,4070.0,1.9,0.1,,-0.1
2026-03-18,277070,4135.0,1.91,0.0,,-0.0
2026-03-19,277070,4030.0,1.91,0.0,,-0.0
2026-03-20,277070,4135.0,1.92,0.0,,-0.0
2026-03-23,277070,4055.0,1.92,-0.3,,0.3
2026-03-24,277070,4055.0,1.87,-0.1,,0.1
2026-03-25,277070,4090.0,1.84,0.0,,-0.0
2026-03-26,277070,4065.0,1.85,-0.0,,0.0
2026-03-27,277070,4090.0,1.85,0.0,,-0.0
2026-03-30,277070,4055.0,1.85,0.1,,-0.1
2026-03-31,277070,4045.0,1.86,-0.0,,0.0
2026-04-01,277070,4175.0,1.85,-0.0,,0.0
2026-04-02,277070,4220.0,1.85,-0.2,0.2,-0.1
2026-04-03,277070,4225.0,1.81,0.0,0.2,-0.2
2026-04-06,277070,4315.0,1.81,-0.3,0.0,0.3
2026-04-07,277070,4265.0,1.76,-0.2,,0.1
2026-04-08,277070,4260.0,1.74,-0.0,0.0,0.0
2026-04-09,277070,4220.0,1.73,-0.2,,0.2
2026-04-10,277070,4245.0,1.7,-0.1,,0.1
2026-04-13,277070,4200.0,1.68,-0.2,,0.2
2026-04-14,277070,4375.0,1.65,-0.1,0.1,0.0
2026-04-15,277070,4400.0,1.63,-0.2,0.1,0.1
2026-04-16,277070,4480.0,1.59,-0.1,0.2,-0.1
2026-04-17,277070,4540.0,1.58,-0.1,,0.1
2026-04-20,277070,4425.0,1.57,-0.2,,0.2
2026-04-21,277070,4375.0,1.53,-0.1,,0.1
2026-04-22,277070,4550.0,1.53,-0.1,,0.0
2026-04-23,277070,4475.0,1.52,-0.1,,0.1
2026-04-24,277070,4435.0,1.51,-0.0,,0.1
2026-04-27,277070,4450.0,1.5,-0.1,,0.1
2026-04-28,277070,4320.0,1.49,-0.3,,0.3
2026-04-29,277070,4335.0,1.43,0.0,,-0.0
2026-04-30,277070,4280.0,1.43,-0.0,,0.0
2026-05-04,277070,4255.0,1.43,-0.7,,0.7
2026-05-06,277070,4215.0,1.3,-0.0,,0.1
2026-05-07,277070,4230.0,1.29,-0.1,,0.1
2026-05-08,277070,4185.0,1.28,-0.0,,0.0
2026-05-11,277070,4100.0,1.28,0.1,0.0,-0.1
2026-05-12,277070,3950.0,1.29,-0.0,0.0,0.0
2026-05-13,277070,4035.0,1.29,-0.0,0.0,0.0
2026-05-14,277070,4085.0,1.28,-0.0,0.0,0.0
2026-05-15,277070,3990.0,1.28,-0.1,0.0,0.1
2026-05-18,277070,3965.0,1.27,-0.1,0.2,-0.1
2026-05-19,277070,4025.0,1.25,0.0,0.1,-0.2
2026-05-20,277070,3890.0,1.25,-0.0,0.0,0.0
2026-05-21,277070,3955.0,1.25,-0.0,0.0,0.0
2026-05-22,277070,4010.0,1.24,0.1,0.0,-0.1
2026-05-26,277070,4010.0,1.26,-0.0,-0.0,0.0
2026-05-27,277070,3965.0,1.25,-0.1,0.2,-0.1
2026-05-28,277070,3945.0,1.24,-0.0,0.2,-0.2
2026-05-29,277070,3885.0,1.24,-0.1,0.2,-0.1
2026-06-01,277070,3735.0,1.22,-0.0,0.2,-0.2
2026-06-02,277070,3545.0,1.22,0.5,0.2,-0.7
2026-06-04,277070,3645.0,1.32,-0.2,0.4,-0.2
2026-06-05,277070,3660.0,1.29,0.2,0.4,-0.6
2026-06-08,277070,3470.0,1.33,-0.1,0.4,-0.3
2026-06-09,277070,3545.0,1.31,0.0,0.1,-0.1
2026-06-10,277070,3500.0,1.31,-0.0,-0.0,0.0
2026-06-11,277070,3495.0,1.31,0.0,0.0,-0.0
2026-06-12,277070,3540.0,1.32,-0.0,,0.0
2026-06-15,277070,3625.0,1.31,0.0,0.4,-0.4
2026-06-16,277070,3745.0,1.31,-0.0,0.0,-0.0
2026-06-17,277070,3625.0,1.31,-0.0,0.0,0.0
2026-06-18,277070,3530.0,1.3,0.0,-0.0,0.0
2026-06-19,277070,3450.0,1.3,-0.0,0.0,0.0
2026-06-22,277070,3250.0,1.3,0.1,0.0,-0.1
2026-06-23,277070,3100.0,1.32,-0.0,-0.0,0.0
2026-06-24,277070,3060.0,1.31,-0.3,0.6,-0.3
2026-06-25,277070,3305.0,1.24,-0.0,0.3,-0.3
2026-06-26,277070,3055.0,1.24,0.1,0.3,-0.4
2026-06-29,277070,3165.0,1.25,0.0,0.0,-0.0
2026-06-30,277070,3170.0,1.26,-0.0,,0.0
2026-07-01,277070,3215.0,1.26,-0.0,-0.0,0.0
2026-07-02,277070,3195.0,1.25,-0.0,0.0,0.0
2026-07-03,277070,3115.0,1.25,-0.0,-0.0,0.0
2026-07-06,277070,3075.0,1.25,-0.0,0.0,0.0
2026-07-07,277070,3115.0,1.24,0.0,-0.0,-0.0
2026-07-08,277070,3000.0,1.24,-0.0,,0.0
2026-07-09,277070,2940.0,1.23,-0.0,-0.0,0.0
2026-07-10,277070,3055.0,1.23,0.0,,-0.0
2026-07-13,277070,3120.0,1.24,-0.0,0.0,0.0
2025-07-14,277410,1390.0,0.77,0.7,-0.0,-0.6
2025-07-15,277410,1377.0,0.9,0.0,0.0,-0.1
2025-07-16,277410,1348.0,0.91,1.1,0.0,-1.2
2025-07-17,277410,1388.0,1.13,0.6,,-0.6
2025-07-18,277410,1375.0,1.24,0.0,0.1,-0.1
2025-07-21,277410,1381.0,1.37,0.0,,-0.0
2025-07-22,277410,1369.0,1.38,0.4,0.0,-0.4
2025-07-23,277410,1372.0,1.46,-0.8,0.0,0.7
2025-07-24,277410,1350.0,1.31,-0.7,0.1,0.5
2025-07-25,277410,1350.0,1.18,0.5,,-0.4
2025-07-28,277410,1342.0,1.29,0.1,-0.1,-0.0
2025-07-29,277410,1325.0,1.3,0.4,,0.2
2025-07-30,277410,1339.0,1.38,0.2,,0.0
2025-07-31,277410,1338.0,1.43,0.3,,-0.3
2025-08-01,277410,1300.0,1.48,-0.3,,0.2
2025-08-04,277410,1317.0,1.42,0.0,0.2,-0.2
2025-08-05,277410,1317.0,1.43,0.2,,-0.2
2025-08-06,277410,1338.0,1.46,0.3,,-0.3
2025-08-07,277410,1327.0,1.52,-0.0,,0.0
2025-08-08,277410,1334.0,1.52,0.4,,-0.4
2025-08-11,277410,1308.0,1.6,0.0,,-0.0
2025-08-12,277410,1301.0,1.61,-0.2,,0.2
2025-08-13,277410,1296.0,1.56,-0.4,,0.3
2025-08-14,277410,1295.0,1.49,-0.3,,0.3
2025-08-18,277410,1292.0,1.43,-0.0,,0.0
2025-08-19,277410,1284.0,1.43,-0.1,,0.1
2025-08-20,277410,1272.0,1.4,0.2,,-0.1
2025-08-21,277410,1268.0,1.44,0.1,,-0.2
2025-08-22,277410,1284.0,1.47,0.1,-0.1,0.0
2025-08-25,277410,1288.0,1.49,-0.1,,0.1
2025-08-26,277410,1271.0,1.48,-0.1,,0.1
2025-08-27,277410,1257.0,1.47,0.0,,0.1
2025-08-28,277410,1253.0,1.47,0.1,,-0.1
2025-08-29,277410,1251.0,1.5,-0.2,,0.2
2025-09-01,277410,1238.0,1.46,-0.3,,0.3
2025-09-02,277410,1239.0,1.4,-0.0,,0.0
2025-09-03,277410,1240.0,1.4,0.1,,0.1
2025-09-04,277410,1244.0,1.42,0.0,,-0.0
2025-09-05,277410,1246.0,1.43,0.1,,-0.1
2025-09-08,277410,1249.0,1.45,-0.2,,0.2
2025-09-09,277410,1241.0,1.4,-0.2,,0.2
2025-09-10,277410,1255.0,1.36,-0.0,,0.0
2025-09-11,277410,1263.0,1.36,-0.1,,0.1
2025-09-12,277410,1269.0,1.34,0.1,,-0.1
2025-09-15,277410,1259.0,1.36,-0.0,,0.0
2025-09-16,277410,1249.0,1.36,-0.0,,0.0
2025-09-17,277410,1241.0,1.35,-0.3,,0.3
2025-09-18,277410,1240.0,1.29,0.2,,-0.2
2025-09-19,277410,1242.0,1.27,-0.2,,0.2
2025-09-22,277410,1226.0,1.23,-0.4,,0.5
2025-09-23,277410,1212.0,1.13,-0.5,,0.8
2025-09-24,277410,1197.0,1.01,-0.4,,0.6
2025-09-25,277410,1214.0,0.93,0.1,,-0.1
2025-09-26,277410,1202.0,0.96,-0.2,,0.2
2025-09-29,277410,1216.0,0.9,0.2,,-0.2
2025-09-30,277410,1225.0,0.95,-0.3,,0.3
2025-10-01,277410,1228.0,0.9,-0.0,,0.0
2025-10-02,277410,1223.0,0.89,0.1,,-0.1
2025-10-10,277410,1214.0,0.91,-0.3,,0.3
2025-10-13,277410,1206.0,0.86,-0.1,,0.1
2025-10-14,277410,1205.0,0.84,0.2,,-0.2
2025-10-15,277410,1219.0,0.88,0.4,,-0.4
2025-10-16,277410,1208.0,0.96,0.1,,-0.1
2025-10-17,277410,1195.0,0.98,-0.3,,0.3
2025-10-20,277410,1195.0,0.95,-0.1,,0.1
2025-10-21,277410,1186.0,0.93,-0.6,,0.8
2025-10-22,277410,1196.0,0.79,0.1,,-0.1
2025-10-23,277410,1200.0,0.95,0.0,,-0.1
2025-10-24,277410,1188.0,0.95,-0.2,,-0.0
2025-10-27,277410,1173.0,0.92,-0.2,,-0.2
2025-10-28,277410,1179.0,0.87,-0.2,,0.2
2025-10-29,277410,1167.0,0.83,-0.3,,0.3
2025-10-30,277410,1145.0,0.76,-0.3,,0.3
2025-10-31,277410,1139.0,0.7,-0.1,,0.6
2025-11-03,277410,1194.0,0.67,-0.5,,0.5
2025-11-04,277410,1170.0,0.56,-0.2,,0.2
2025-11-05,277410,1175.0,0.52,-0.0,,0.0
2025-11-06,277410,1182.0,0.52,-0.1,,0.2
2025-11-07,277410,1179.0,0.49,-0.1,,0.1
2025-11-10,277410,1187.0,0.48,0.5,-0.5,-0.1
2025-11-11,277410,1177.0,0.59,-0.1,,0.1
2025-11-12,277410,1190.0,0.57,0.2,,-0.2
2025-11-13,277410,1192.0,0.61,0.0,,-0.0
2025-11-14,277410,1175.0,0.61,-0.1,,0.1
2025-11-17,277410,1210.0,0.6,0.2,,-0.2
2025-11-18,277410,1181.0,0.64,-0.2,,0.2
2025-11-19,277410,1180.0,0.59,0.1,,-0.1
2025-11-20,277410,1192.0,0.76,0.2,,-0.2
2025-11-21,277410,1183.0,0.81,-0.0,,-0.0
2025-11-24,277410,1183.0,0.8,0.1,,-0.1
2025-11-25,277410,1174.0,0.82,-0.1,,0.1
2025-11-26,277410,1179.0,0.79,0.1,,-0.1
2025-11-27,277410,1167.0,0.81,0.0,,-0.0
2025-11-28,277410,1185.0,0.82,0.4,,-0.4
2025-12-01,277410,1182.0,0.9,-0.0,,-0.0
2025-12-02,277410,1180.0,0.91,-0.0,,0.0
2025-12-03,277410,1204.0,0.9,0.1,,-0.1
2025-12-04,277410,1235.0,0.96,-0.1,,0.1
2025-12-05,277410,1228.0,0.95,0.1,,-0.1
2025-12-08,277410,1241.0,0.95,-0.3,,0.2
2025-12-09,277410,1229.0,0.89,-0.1,,0.1
2025-12-10,277410,1222.0,0.88,0.1,,-0.1
2025-12-11,277410,1218.0,0.89,0.1,,-0.1
2025-12-12,277410,1220.0,0.92,0.0,,-0.0
2025-12-15,277410,1215.0,0.92,0.0,,-0.0
2025-12-16,277410,1197.0,0.92,0.4,,-0.3
2025-12-17,277410,1238.0,1.5,0.1,,-0.1
2025-12-18,277410,1213.0,1.52,0.5,,-0.5
2025-12-19,277410,1225.0,1.62,0.3,,-0.3
2025-12-22,277410,1251.0,1.69,-0.3,,0.3
2025-12-23,277410,1245.0,1.62,-0.3,,0.3
2025-12-24,277410,1249.0,1.57,0.1,,-0.1
2025-12-26,277410,1237.0,1.42,-0.3,,0.6
2025-12-29,277410,1218.0,0.85,-0.0,,0.0
2025-12-30,277410,1217.0,0.84,0.2,,-0.1
2026-01-02,277410,1220.0,0.88,0.1,,-0.1
2026-01-05,277410,1201.0,0.91,-0.2,,0.2
2026-01-06,277410,1194.0,0.99,-0.1,,0.1
2026-01-07,277410,1176.0,1.52,-0.1,,0.1
2026-01-08,277410,1159.0,1.49,0.2,-0.3,0.1
2026-01-09,277410,1169.0,1.53,-0.1,,0.1
2026-01-12,277410,1170.0,1.52,-0.1,,0.1
2026-01-13,277410,1169.0,1.51,-0.2,,0.2
2026-01-14,277410,1180.0,1.47,0.1,,-0.1
2026-01-15,277410,1162.0,1.49,-0.1,,0.1
2026-01-16,277410,1156.0,1.46,-0.1,,0.1
2026-01-19,277410,1141.0,1.43,0.2,-0.0,-0.2
2026-01-20,277410,1155.0,1.48,0.2,,-0.2
2026-01-21,277410,1136.0,1.52,-0.2,,0.2
2026-01-22,277410,1136.0,1.48,-0.1,,0.1
2026-01-23,277410,1142.0,1.47,-0.0,,0.0
2026-01-26,277410,1159.0,1.46,0.2,,-0.2
2026-01-27,277410,1170.0,1.5,-0.1,,0.1
2026-01-28,277410,1172.0,1.48,-0.1,,0.1
2026-01-29,277410,1165.0,1.45,-0.1,,0.1
2026-01-30,277410,1151.0,1.42,-0.6,,0.6
2026-02-02,277410,1145.0,1.28,-0.6,,0.6
2026-02-03,277410,1146.0,1.19,-0.2,,0.2
2026-02-04,277410,1147.0,1.13,0.2,,-0.2
2026-02-05,277410,1187.0,1.18,0.5,,-0.6
2026-02-06,277410,1185.0,1.29,0.4,,-0.4
2026-02-09,277410,1174.0,1.39,-0.1,,0.1
2026-02-10,277410,1175.0,1.38,0.1,,-0.1
2026-02-11,277410,1186.0,1.4,0.1,,-0.2
2026-02-12,277410,1188.0,1.43,0.3,,-0.3
2026-02-13,277410,1196.0,1.49,-0.2,,0.2
2026-02-19,277410,1194.0,1.45,-0.0,,0.0
2026-02-20,277410,1187.0,1.45,-0.0,,0.0
2026-02-23,277410,1186.0,1.45,0.2,,-0.2
2026-02-24,277410,1187.0,1.48,0.5,,-0.3
2026-02-25,277410,1196.0,1.6,-0.0,,0.1
2026-02-26,277410,1171.0,1.59,-0.4,,0.4
2026-02-27,277410,1184.0,1.5,-0.3,,0.4
2026-03-03,277410,1151.0,1.43,-0.3,,0.3
2026-03-04,277410,1095.0,1.36,-0.2,,0.4
2026-03-05,277410,1104.0,1.34,0.1,,-0.1
2026-03-06,277410,1100.0,1.37,-0.1,,0.1
2026-03-09,277410,1067.0,1.36,-0.1,-0.1,0.2
2026-03-10,277410,1086.0,1.47,-0.1,,0.0
2026-03-11,277410,1127.0,1.49,0.1,,0.2
2026-03-12,277410,1112.0,1.52,-0.1,,0.0
2026-03-13,277410,1104.0,1.52,0.6,-0.5,-0.1
2026-03-16,277410,1122.0,1.73,0.0,,0.0
2026-03-17,277410,1130.0,1.27,-0.1,,0.1
2026-03-18,277410,1132.0,1.25,-0.1,,0.1
2026-03-19,277410,1127.0,1.24,0.0,,-0.0
2026-03-20,277410,1138.0,1.24,0.1,,-0.1
2026-03-23,277410,1136.0,1.26,0.1,,-0.1
2026-03-24,277410,1132.0,1.28,0.1,,-0.1
2026-03-25,277410,1152.0,1.29,0.2,,-0.2
2026-03-26,277410,1141.0,1.34,-0.0,,0.0
2026-03-27,277410,1138.0,1.33,-0.0,,0.0
2026-03-30,277410,1120.0,1.32,0.1,,-0.1
2026-03-31,277410,1113.0,1.32,0.1,,-0.1
2026-04-01,277410,1126.0,1.38,0.0,,-0.0
2026-04-02,277410,1116.0,1.39,-0.1,,0.1
2026-04-03,277410,1116.0,1.35,0.0,,-0.0
2026-04-06,277410,1105.0,1.35,0.1,,-0.1
2026-04-07,277410,1100.0,1.39,0.1,,-0.1
2026-04-08,277410,1117.0,1.4,0.1,,-0.1
2026-04-09,277410,1109.0,1.43,0.0,,-0.0
2026-04-10,277410,1130.0,1.43,0.8,,-0.7
2026-04-13,277410,1151.0,1.61,0.5,,-0.5
2026-04-14,277410,1163.0,1.73,0.2,,-0.1
2026-04-15,277410,1169.0,1.75,0.2,,-0.2
2026-04-16,277410,1183.0,1.8,0.2,,-0.2
2026-04-17,277410,1182.0,1.84,0.2,,-0.3
2026-04-20,277410,1190.0,1.9,0.2,,-0.2
2026-04-21,277410,1172.0,1.94,-0.4,,0.4
2026-04-22,277410,1173.0,1.86,-0.0,,0.1
2026-04-23,277410,1152.0,1.83,0.1,,-0.1
2026-04-24,277410,1162.0,1.85,0.1,,-0.1
2026-04-27,277410,1155.0,1.87,-0.1,,0.1
2026-04-28,277410,1142.0,1.86,-0.1,,0.1
2026-04-29,277410,1130.0,1.83,-0.0,0.0,0.0
2026-04-30,277410,1134.0,1.83,-0.1,,0.1
2026-05-04,277410,1105.0,1.82,-0.6,0.0,0.7
2026-05-06,277410,1100.0,1.67,-0.5,-0.0,0.5
2026-05-07,277410,1082.0,1.56,-0.2,0.0,0.1
2026-05-08,277410,1066.0,1.52,0.1,0.0,-0.1
2026-05-11,277410,1055.0,1.55,-0.5,-0.0,0.6
2026-05-12,277410,1040.0,1.43,0.7,0.0,-0.6
2026-05-13,277410,1067.0,1.6,-0.1,0.0,0.1
2026-05-14,277410,1048.0,1.51,0.0,0.0,-0.0
2026-05-15,277410,1023.0,1.51,-0.2,0.0,0.2
2026-05-18,277410,1007.0,1.46,0.3,-0.0,-0.2
2026-05-19,277410,992.0,1.53,-0.0,0.0,0.0
2026-05-20,277410,960.0,1.52,0.1,-0.0,-0.1
2026-05-21,277410,945.0,1.55,0.5,-0.0,-0.6
2026-05-22,277410,986.0,1.7,0.2,-0.0,-0.2
2026-05-26,277410,980.0,1.76,-0.0,-0.0,0.0
2026-05-27,277410,970.0,1.76,0.1,-0.0,-0.1
2026-05-28,277410,955.0,1.82,0.1,-0.0,-0.1
2026-05-29,277410,934.0,1.83,-0.3,-0.0,0.3
2026-06-01,277410,881.0,1.76,0.1,0.0,-0.0
2026-06-02,277410,880.0,1.78,0.5,-0.0,-0.5
2026-06-04,277410,861.0,1.93,0.1,-0.0,-0.1
2026-06-05,277410,866.0,1.95,0.1,0.0,-0.1
2026-06-08,277410,839.0,1.98,0.1,0.0,-0.1
2026-06-09,277410,835.0,2.0,0.1,0.0,-0.0
2026-06-10,277410,824.0,2.02,-0.1,0.0,0.1
2026-06-11,277410,816.0,1.99,0.1,-0.0,-0.1
2026-06-12,277410,833.0,2.02,0.2,0.0,-0.2
2026-06-15,277410,804.0,2.08,-0.0,-0.0,0.0
2026-06-16,277410,770.0,2.08,0.2,0.0,-0.2
2026-06-17,277410,804.0,2.13,0.5,0.0,-0.6
2026-06-18,277410,776.0,2.3,0.2,-0.0,-0.2
2026-06-19,277410,800.0,2.37,-0.2,-0.0,0.2
2026-06-22,277410,800.0,2.3,,,
2026-06-23,277410,800.0,2.3,,,
2026-06-24,277410,800.0,2.3,,,
2026-06-25,277410,800.0,2.3,,,
2026-06-26,277410,800.0,2.3,,,
2026-06-29,277410,800.0,2.3,,,
2026-06-30,277410,800.0,2.3,,,
2026-07-01,277410,800.0,2.3,,,
2026-07-02,277410,800.0,2.3,,,
2026-07-03,277410,800.0,2.3,,,
2026-07-06,277410,800.0,2.3,,,
2026-07-07,277410,800.0,2.3,,,
2026-07-08,277410,800.0,2.3,,,
2026-07-09,277410,800.0,2.3,,,
2026-07-10,277410,800.0,2.3,,,
2026-07-13,277410,6040.0,0.0,-0.2,0.0,1.2
2025-07-14,277810,267000.0,4.65,-27.2,-10.2,36.1
2025-07-15,277810,274000.0,4.6,-12.5,4.2,3.7
2025-07-16,277810,276000.0,4.59,13.6,7.0,-26.4
2025-07-17,277810,273000.0,4.63,-196.6,5.3,181.6
2025-07-18,277810,274000.0,4.18,-22.4,-2.5,35.7
2025-07-21,277810,276500.0,4.19,33.8,14.5,-48.3
2025-07-22,277810,269500.0,4.25,-35.3,-15.9,52.6
2025-07-23,277810,268000.0,4.18,-34.0,-15.9,50.4
2025-07-24,277810,266000.0,4.13,-42.2,-5.9,45.5
2025-07-25,277810,267000.0,4.03,10.7,-16.0,2.3
2025-07-28,277810,267500.0,4.05,-41.7,-6.6,38.8
2025-07-29,277810,269000.0,3.96,-43.8,3.0,42.9
2025-07-30,277810,281000.0,3.91,260.9,58.1,-306.0
2025-07-31,277810,277000.0,4.59,-34.4,9.5,22.6
2025-08-01,277810,260000.0,4.48,-183.0,-43.2,220.5
2025-08-04,277810,261500.0,4.07,-38.0,-7.6,37.4
2025-08-05,277810,271500.0,4.02,141.7,12.4,-157.2
2025-08-06,277810,275000.0,4.35,93.9,5.2,-100.6
2025-08-07,277810,279000.0,4.56,74.1,19.6,-89.8
2025-08-08,277810,278500.0,4.7,64.8,4.2,-61.9
2025-08-11,277810,278500.0,4.81,-2.3,-5.8,6.2
2025-08-12,277810,272000.0,4.81,-13.3,-13.8,28.9
2025-08-13,277810,270000.0,4.77,-11.2,-11.0,21.9
2025-08-14,277810,272500.0,4.78,15.6,14.0,-28.8
2025-08-18,277810,266000.0,4.82,-66.2,-17.0,84.0
2025-08-19,277810,261000.0,4.65,-79.4,-17.1,95.1
2025-08-20,277810,253500.0,4.38,-81.0,-3.0,85.4
2025-08-21,277810,254000.0,4.21,-1.7,-4.6,5.5
2025-08-22,277810,263000.0,4.24,74.0,2.9,-77.2
2025-08-25,277810,289500.0,4.47,752.1,159.7,-919.1
2025-08-26,277810,287000.0,6.06,163.6,-0.6,-153.1
2025-08-27,277810,287000.0,6.29,21.2,24.4,-48.1
2025-08-28,277810,278000.0,6.27,-125.3,-4.4,130.2
2025-08-29,277810,273500.0,5.96,-42.5,-10.5,51.8
2025-09-01,277810,268000.0,5.86,-102.0,-14.1,119.3
2025-09-02,277810,275500.0,5.64,-43.2,-5.9,43.5
2025-09-03,277810,275500.0,5.58,-22.0,0.3,19.0
2025-09-04,277810,279500.0,5.52,52.4,10.6,-63.7
2025-09-05,277810,276500.0,5.67,-6.7,-7.7,13.8
2025-09-08,277810,276500.0,5.64,-38.5,3.2,29.6
2025-09-09,277810,278500.0,5.58,36.9,4.7,-39.5
2025-09-10,277810,288000.0,5.58,155.2,64.0,-233.9
2025-09-11,277810,289000.0,5.93,-33.9,34.1,-13.2
2025-09-12,277810,294500.0,5.82,69.6,12.1,-84.2
2025-09-15,277810,299000.0,5.98,-176.1,45.3,130.4
2025-09-16,277810,290000.0,5.65,-139.6,0.9,137.6
2025-09-17,277810,285000.0,5.32,-112.1,-2.7,117.6
2025-09-18,277810,296000.0,5.12,46.2,25.8,-68.1
2025-09-19,277810,310000.0,5.21,376.8,34.5,-418.9
2025-09-22,277810,314500.0,5.94,-44.4,52.3,-23.9
2025-09-23,277810,307000.0,5.74,-64.9,-17.3,82.1
2025-09-24,277810,293500.0,5.67,-219.3,-78.6,289.6
2025-09-25,277810,319500.0,5.28,491.7,83.2,-558.1
2025-09-26,277810,314000.0,6.25,-227.4,70.4,147.9
2025-09-29,277810,313000.0,5.68,-139.7,10.7,125.5
2025-09-30,277810,309000.0,5.48,-87.9,-32.0,110.5
2025-10-01,277810,307500.0,5.34,-39.2,-14.9,57.0
2025-10-02,277810,307500.0,5.29,29.0,-24.3,2.4
2025-10-10,277810,329500.0,5.36,292.5,35.1,-320.5
2025-10-13,277810,344000.0,5.91,177.5,36.1,-200.1
2025-10-14,277810,337000.0,6.24,-54.9,77.8,-68.8
2025-10-15,277810,348500.0,6.14,25.9,61.0,-80.0
2025-10-16,277810,343500.0,6.21,-231.6,0.8,235.6
2025-10-17,277810,331500.0,5.87,-67.7,-11.8,61.8
2025-10-20,277810,353500.0,5.8,277.3,60.9,-329.8
2025-10-21,277810,339500.0,6.18,-141.2,2.1,188.7
2025-10-22,277810,339000.0,5.88,-53.6,6.2,45.2
2025-10-23,277810,332500.0,5.9,-138.8,-16.0,147.1
2025-10-24,277810,339000.0,5.75,61.6,15.8,-83.5
2025-10-27,277810,342000.0,5.87,32.0,-3.0,-29.2
2025-10-28,277810,343000.0,5.94,-6.0,12.5,-10.5
2025-10-29,277810,345000.0,5.96,-21.2,6.4,12.1
2025-10-30,277810,352000.0,5.96,158.5,-7.3,-154.9
2025-10-31,277810,436500.0,6.2,1070.2,78.2,-1128.4
2025-11-03,277810,485500.0,7.6,-186.8,184.2,-41.9
2025-11-04,277810,494500.0,7.19,586.3,13.3,-496.5
2025-11-05,277810,458000.0,7.89,-387.4,-48.3,445.5
2025-11-06,277810,418500.0,7.31,-105.8,-80.7,212.7
2025-11-07,277810,404500.0,7.14,246.4,-37.7,-207.2
2025-11-10,277810,404500.0,7.47,-171.6,12.4,141.5
2025-11-11,277810,399500.0,7.21,-56.1,30.3,26.2
2025-11-12,277810,394000.0,7.17,-78.0,-60.3,137.5
2025-11-13,277810,401500.0,7.05,-57.5,27.6,30.5
2025-11-14,277810,378500.0,6.97,-93.1,-41.9,130.5
2025-11-17,277810,379000.0,6.9,-55.5,1.5,49.8
2025-11-18,277810,375500.0,6.81,-87.5,-32.1,116.0
2025-11-19,277810,384000.0,6.75,-306.2,102.0,202.3
2025-11-20,277810,391000.0,6.35,-23.0,24.0,-0.4
2025-11-21,277810,365500.0,6.36,-68.2,-25.0,86.0
2025-11-24,277810,366000.0,6.23,-4.4,4.9,-1.6
2025-11-25,277810,361500.0,6.24,10.4,-20.1,5.0
2025-11-26,277810,373500.0,6.22,72.3,23.3,-100.7
2025-11-27,277810,383500.0,6.35,-15.8,0.2,2.2
2025-11-28,277810,435000.0,6.34,426.3,418.2,-857.1
2025-12-01,277810,425500.0,7.02,126.8,235.6,-320.6
2025-12-02,277810,444500.0,7.11,-144.1,209.1,-68.3
2025-12-03,277810,444500.0,6.85,39.6,1.5,-36.2
2025-12-04,277810,472500.0,6.82,342.2,127.0,-485.4
2025-12-05,277810,438500.0,7.1,-41.3,-234.7,261.1
2025-12-08,277810,445500.0,6.95,2.4,-2.7,-12.1
2025-12-09,277810,459000.0,6.9,86.4,-14.4,-72.0
2025-12-10,277810,471500.0,6.97,201.1,121.7,-317.7
2025-12-11,277810,470000.0,7.31,186.0,-53.0,-128.8
2025-12-12,277810,479000.0,7.51,245.3,-34.8,-198.5
2025-12-15,277810,478500.0,7.8,50.3,0.8,-51.8
2025-12-16,277810,460000.0,7.83,87.8,-55.3,-16.8
2025-12-17,277810,447000.0,7.87,80.9,-23.9,-44.3
2025-12-18,277810,434500.0,7.71,21.6,-56.9,27.6
2025-12-19,277810,450500.0,7.65,22.2,9.4,-46.3
2025-12-22,277810,472500.0,7.65,238.4,14.5,-262.7
2025-12-23,277810,502000.0,8.13,520.1,40.2,-541.5
2025-12-24,277810,482500.0,8.55,-116.5,38.6,76.2
2025-12-26,277810,473500.0,8.34,-108.3,34.0,74.3
2025-12-29,277810,475500.0,8.13,10.5,-29.0,21.6
2025-12-30,277810,470500.0,8.13,-59.3,-41.6,97.0
2026-01-02,277810,493500.0,7.97,382.7,58.1,-425.5
2026-01-05,277810,476500.0,8.46,-265.4,-113.0,403.8
2026-01-06,277810,460000.0,8.15,-335.1,-86.0,414.6
2026-01-07,277810,466000.0,7.71,289.1,56.9,-336.8
2026-01-08,277810,447000.0,8.19,-377.5,-113.9,492.3
2026-01-09,277810,445000.0,7.66,-8.2,-38.4,48.6
2026-01-12,277810,444000.0,7.69,-26.4,18.7,16.7
2026-01-13,277810,453500.0,7.67,-2.5,4.4,-8.3
2026-01-14,277810,459000.0,7.42,-79.9,113.9,-35.9
2026-01-15,277810,519000.0,7.32,1476.6,324.8,-1731.0
2026-01-16,277810,493000.0,9.33,-453.0,267.1,170.8
2026-01-19,277810,516000.0,8.64,243.4,218.6,-474.9
2026-01-20,277810,523000.0,8.88,126.2,363.3,-497.0
2026-01-21,277810,514000.0,9.03,-115.8,171.6,-54.6
2026-01-22,277810,501000.0,8.64,-137.7,82.6,67.8
2026-01-23,277810,539000.0,8.37,303.7,353.3,-650.4
2026-01-26,277810,679000.0,8.79,565.3,1049.5,-1667.7
2026-01-27,277810,650000.0,9.33,-29.3,229.0,-208.5
2026-01-28,277810,695000.0,9.21,-83.5,608.6,-543.8
2026-01-29,277810,760000.0,9.11,58.1,740.7,-754.5
2026-01-30,277810,728000.0,9.03,-256.7,134.4,141.6
2026-02-02,277810,712000.0,8.75,321.6,-76.5,-234.1
2026-02-03,277810,756000.0,9.09,195.0,402.9,-596.8
2026-02-04,277810,757000.0,9.25,11.0,-113.7,88.1
2026-02-05,277810,711000.0,9.2,-191.1,-206.1,395.9
2026-02-06,277810,658000.0,9.09,10.3,-335.3,336.2
2026-02-09,277810,687000.0,9.02,-77.7,241.2,-166.4
2026-02-10,277810,668000.0,9.06,-271.4,-87.5,353.8
2026-02-11,277810,671000.0,8.79,-44.0,23.5,16.2
2026-02-12,277810,675000.0,8.75,3.6,0.6,7.8
2026-02-13,277810,670000.0,8.8,-40.0,-42.5,71.5
2026-02-19,277810,718000.0,8.72,218.2,413.7,-636.6
2026-02-20,277810,712000.0,8.93,49.2,79.9,-120.5
2026-02-23,277810,695000.0,8.92,14.9,-102.7,81.1
2026-02-24,277810,729000.0,8.96,23.3,106.5,-143.6
2026-02-25,277810,788000.0,8.87,331.1,226.3,-543.6
2026-02-26,277810,880000.0,9.25,759.5,-77.0,-701.7
2026-02-27,277810,860000.0,9.76,122.6,-88.0,-32.4
2026-03-03,277810,840000.0,9.77,-160.8,9.4,127.6
2026-03-04,277810,704000.0,9.64,137.5,181.3,-314.5
2026-03-05,277810,837000.0,9.76,167.2,480.5,-628.3
2026-03-06,277810,832000.0,9.94,-415.4,-122.9,492.9
2026-03-09,277810,739000.0,9.55,-44.9,-270.8,288.3
2026-03-10,277810,766000.0,9.47,-146.7,321.6,-152.3
2026-03-11,277810,748000.0,9.37,-422.7,-95.2,518.4
2026-03-12,277810,760000.0,9.06,-215.4,225.7,-5.6
2026-03-13,277810,751000.0,8.94,131.4,-24.2,-100.1
2026-03-16,277810,720000.0,9.12,-25.7,-204.0,224.0
2026-03-17,277810,721000.0,9.11,161.5,-104.7,-55.4
2026-03-18,277810,740000.0,9.23,173.2,-131.8,-44.0
2026-03-19,277810,718000.0,9.4,141.3,-276.8,151.6
2026-03-20,277810,659000.0,9.5,-312.7,-563.8,891.5
2026-03-23,277810,594000.0,9.2,61.6,-399.3,331.1
2026-03-24,277810,602000.0,9.24,118.4,-306.1,183.9
2026-03-25,277810,605000.0,9.36,34.6,-131.6,105.8
2026-03-26,277810,558000.0,9.37,225.6,-562.9,332.2
2026-03-27,277810,567000.0,9.53,81.9,-349.6,262.4
2026-03-30,277810,538000.0,9.58,31.6,-98.2,63.9
2026-03-31,277810,521000.0,9.58,-153.8,70.5,82.0
2026-04-01,277810,561000.0,9.33,-51.5,55.8,-7.0
2026-04-02,277810,543000.0,9.26,-260.0,24.3,211.2
2026-04-03,277810,540000.0,8.93,-120.4,5.3,119.3
2026-04-06,277810,542000.0,8.76,-19.0,-60.8,82.1
2026-04-07,277810,545000.0,8.76,-56.0,22.1,35.5
2026-04-08,277810,606000.0,8.71,-99.1,288.7,-193.9
2026-04-09,277810,579000.0,8.6,-147.7,-183.4,323.8
2026-04-10,277810,589000.0,8.46,-81.9,-60.2,139.5
2026-04-13,277810,586000.0,8.38,21.7,-54.6,31.6
2026-04-14,277810,603000.0,8.53,-18.0,-20.4,36.8
2026-04-15,277810,611000.0,8.45,-185.3,70.4,122.3
2026-04-16,277810,616000.0,8.23,-96.1,38.4,62.0
2026-04-17,277810,615000.0,8.15,-187.8,16.7,167.8
2026-04-20,277810,608000.0,7.88,-78.4,-38.7,114.1
2026-04-21,277810,601000.0,7.82,-188.6,-149.2,333.8
2026-04-22,277810,596000.0,7.83,-115.7,-75.8,193.0
2026-04-23,277810,600000.0,7.72,-137.5,-7.8,148.3
2026-04-24,277810,612000.0,7.62,76.3,2.5,-78.1
2026-04-27,277810,669000.0,7.71,160.8,176.7,-347.4
2026-04-28,277810,668000.0,7.99,-245.2,-58.1,288.9
2026-04-29,277810,664000.0,7.51,-150.2,-77.8,226.0
2026-04-30,277810,664000.0,7.2,-519.8,-18.9,533.6
2026-05-04,277810,685000.0,6.71,142.0,26.7,-181.1
2026-05-06,277810,702000.0,6.85,123.0,-28.6,-90.0
2026-05-07,277810,697000.0,7.06,-121.4,59.3,67.3
2026-05-08,277810,784000.0,6.88,1630.9,365.8,-1954.9
2026-05-11,277810,865000.0,8.42,497.4,272.2,-720.9
2026-05-12,277810,855000.0,8.67,174.3,122.4,-279.4
2026-05-13,277810,878000.0,8.61,117.6,-39.6,-89.6
2026-05-14,277810,841000.0,8.6,-282.1,-48.4,333.7
2026-05-15,277810,810000.0,8.32,59.8,152.3,-200.9
2026-05-18,277810,746000.0,8.43,-374.1,-158.4,524.3
2026-05-19,277810,666000.0,8.17,-194.9,-236.5,432.1
2026-05-20,277810,638000.0,8.21,-8.1,-174.9,191.2
2026-05-21,277810,743000.0,8.28,-129.6,115.5,22.5
2026-05-22,277810,754000.0,8.23,-13.8,91.1,-83.0
2026-05-26,277810,772000.0,8.12,16.7,57.7,-75.6
2026-05-27,277810,732000.0,8.14,-131.2,-160.9,288.4
2026-05-28,277810,700000.0,8.06,-190.9,-56.7,237.1
2026-05-29,277810,702000.0,7.92,-212.4,55.0,156.5
2026-06-01,277810,789000.0,7.83,263.7,309.4,-577.1
2026-06-02,277810,763000.0,8.1,-544.2,189.5,332.0
2026-06-04,277810,714000.0,7.6,-59.6,-58.5,115.6
2026-06-05,277810,668000.0,7.53,-11.7,-60.8,99.9
2026-06-08,277810,610000.0,7.51,-6.0,15.8,-5.3
2026-06-09,277810,623000.0,7.48,-40.8,-14.0,50.7
2026-06-10,277810,598000.0,7.37,-55.0,-46.0,105.6
2026-06-11,277810,605000.0,7.33,50.6,-170.7,116.7
2026-06-12,277810,624000.0,7.36,-17.7,15.5,-16.2
2026-06-15,277810,660000.0,7.38,-19.4,61.2,-23.5
2026-06-16,277810,616000.0,7.36,-277.1,-197.1,473.0
2026-06-17,277810,625000.0,6.95,-5.3,-18.5,24.4
2026-06-18,277810,615000.0,6.98,-40.7,-66.4,113.1
2026-06-19,277810,590000.0,6.94,-26.3,-116.4,143.5
2026-06-22,277810,573000.0,6.9,75.5,-27.7,-42.6
2026-06-23,277810,503000.0,7.0,4.1,-41.6,40.3
2026-06-24,277810,515000.0,6.94,-30.2,33.9,-4.4
2026-06-25,277810,516000.0,6.92,-4.1,-8.6,12.2
2026-06-26,277810,480000.0,6.91,35.4,39.1,-75.1
2026-06-29,277810,516000.0,6.95,-83.8,102.6,-19.5
2026-06-30,277810,519000.0,6.91,-71.8,39.2,31.7
2026-07-01,277810,519000.0,6.78,-57.0,58.3,-0.5
2026-07-02,277810,485000.0,6.69,-167.0,128.8,37.1
2026-07-03,277810,492500.0,6.51,35.7,-10.1,-11.7
2026-07-06,277810,480000.0,6.56,-1.0,-13.3,15.5
2026-07-07,277810,459500.0,6.56,26.0,15.7,-39.5
2026-07-08,277810,428500.0,6.62,113.9,-28.6,-83.5
2026-07-09,277810,431000.0,6.84,29.0,62.0,-88.4
2026-07-10,277810,453500.0,6.93,-1.1,70.4,-53.1
2026-07-13,277810,415000.0,6.94,34.5,-84.1,48.9
2025-07-14,277880,5340.0,1.21,-0.0,,-0.5
2025-07-15,277880,5370.0,1.2,-0.7,,0.8
2025-07-16,277880,5330.0,1.14,-0.4,,0.1
2025-07-17,277880,5320.0,1.11,0.2,,-0.2
2025-07-18,277880,5320.0,1.12,0.6,,-0.9
2025-07-21,277880,5440.0,1.18,1.2,,-1.2
2025-07-22,277880,5360.0,1.28,-0.8,,0.8
2025-07-23,277880,5360.0,1.21,-0.1,,0.1
2025-07-24,277880,5330.0,1.2,0.3,,-0.3
2025-07-25,277880,5250.0,1.22,-0.5,,0.5
2025-07-28,277880,5370.0,1.17,0.6,,-1.0
2025-07-29,277880,5310.0,1.23,0.1,,-0.1
2025-07-30,277880,5430.0,1.24,1.2,,-1.2
2025-07-31,277880,5350.0,1.35,-0.5,,0.3
2025-08-01,277880,5110.0,1.31,-1.8,,2.0
2025-08-04,277880,5190.0,1.14,-0.1,,0.1
2025-08-05,277880,5370.0,1.13,1.4,,-1.4
2025-08-06,277880,5430.0,1.26,0.3,,-0.3
2025-08-07,277880,5390.0,1.28,0.3,,-0.3
2025-08-08,277880,5380.0,1.31,0.3,,-0.3
2025-08-11,277880,5580.0,1.34,1.5,,-1.5
2025-08-12,277880,5500.0,1.47,0.1,,-0.1
2025-08-13,277880,5790.0,1.48,-0.4,0.6,-0.1
2025-08-14,277880,5620.0,1.44,-1.3,-0.8,2.5
2025-08-18,277880,5490.0,1.33,-0.1,0.1,-0.6
2025-08-19,277880,5500.0,1.32,-0.3,0.0,-0.2
2025-08-20,277880,5470.0,1.29,-0.5,-0.0,0.0
2025-08-21,277880,5400.0,1.24,-0.3,-0.1,0.1
2025-08-22,277880,5440.0,1.22,-0.0,-0.0,-0.2
2025-08-25,277880,5510.0,1.22,0.8,0.0,-1.2
2025-08-26,277880,5520.0,1.29,0.2,0.0,-0.5
2025-08-27,277880,5530.0,1.31,-0.1,0.0,-0.2
2025-08-28,277880,5500.0,1.3,-0.5,0.0,0.1
2025-08-29,277880,5340.0,1.25,-1.4,-1.1,2.0
2025-09-01,277880,5340.0,1.12,-0.0,0.0,-0.4
2025-09-02,277880,5390.0,1.12,0.5,,-0.5
2025-09-03,277880,5390.0,1.17,-0.0,0.1,-0.4
2025-09-04,277880,5520.0,1.16,2.1,0.0,-2.3
2025-09-05,277880,5470.0,1.35,-0.1,-0.2,-0.2
2025-09-08,277880,5460.0,1.35,0.4,-0.2,-0.4
2025-09-09,277880,5500.0,1.38,-0.2,-0.0,-0.1
2025-09-10,277880,5460.0,1.36,0.1,,-0.6
2025-09-11,277880,5440.0,1.37,0.4,-0.6,-0.8
2025-09-12,277880,5490.0,1.4,0.3,,-0.6
2025-09-15,277880,5550.0,1.43,-0.6,,0.6
2025-09-16,277880,5490.0,1.37,-0.6,,0.1
2025-09-17,277880,5500.0,1.32,0.6,,-1.1
2025-09-18,277880,5560.0,1.52,1.0,,-1.3
2025-09-19,277880,5420.0,1.6,-1.2,,1.2
2025-09-22,277880,5390.0,1.49,-1.0,,0.5
2025-09-23,277880,5380.0,1.4,0.2,,-0.5
2025-09-24,277880,5230.0,1.42,-0.4,,0.2
2025-09-25,277880,5270.0,1.38,-0.1,,-1.0
2025-09-26,277880,5100.0,1.37,-2.0,,2.0
2025-09-29,277880,5080.0,1.17,-0.5,-0.0,0.5
2025-09-30,277880,5020.0,1.12,-1.3,,0.3
2025-10-01,277880,5020.0,0.99,-0.2,,0.3
2025-10-02,277880,5090.0,0.97,-0.0,,0.0
2025-10-10,277880,4980.0,0.97,-0.2,,0.2
2025-10-13,277880,5100.0,0.94,0.1,,-0.0
2025-10-14,277880,5140.0,0.95,0.5,,-0.5
2025-10-15,277880,5150.0,1.0,1.2,,-1.2
2025-10-16,277880,5500.0,1.12,-2.2,,5.7
2025-10-17,277880,5610.0,0.98,6.2,,-5.9
2025-10-20,277880,5600.0,1.69,1.8,,-1.8
2025-10-21,277880,5710.0,1.86,0.0,,-0.1
2025-10-22,277880,5840.0,1.86,-0.1,,0.0
2025-10-23,277880,5880.0,2.08,-1.2,0.0,1.2
2025-10-24,277880,6100.0,1.98,-0.0,0.5,-1.0
2025-10-27,277880,6080.0,1.97,0.9,0.0,-1.4
2025-10-28,277880,6480.0,2.05,3.1,0.0,-3.1
2025-10-29,277880,6300.0,2.29,-0.4,-0.0,1.1
2025-10-30,277880,6010.0,2.26,3.9,0.0,-3.9
2025-10-31,277880,6060.0,2.58,0.2,-0.1,-0.4
2025-11-03,277880,5930.0,2.6,2.4,-0.4,-1.9
2025-11-04,277880,5930.0,2.8,-0.1,,-0.0
2025-11-05,277880,5780.0,2.79,0.9,-0.7,-0.7
2025-11-06,277880,5830.0,2.87,0.4,,-0.9
2025-11-07,277880,5580.0,2.93,-1.9,,1.7
2025-11-10,277880,5690.0,2.75,-0.1,,-0.4
2025-11-11,277880,5590.0,2.58,0.0,,0.0
2025-11-12,277880,5680.0,2.58,0.6,,-0.9
2025-11-13,277880,5730.0,2.64,0.2,,-0.4
2025-11-14,277880,5500.0,2.65,-2.9,,2.4
2025-11-17,277880,5410.0,2.4,-0.1,,-0.4
2025-11-18,277880,5210.0,2.39,-0.3,,-0.2
2025-11-19,277880,5120.0,2.41,0.2,,-0.7
2025-11-20,277880,5210.0,2.43,-0.1,-0.0,-0.4
2025-11-21,277880,5040.0,2.43,-0.5,,0.0
2025-11-24,277880,5010.0,2.38,-1.0,,0.6
2025-11-25,277880,5000.0,2.28,-1.2,,0.7
2025-11-26,277880,5240.0,2.17,1.2,,-1.1
2025-11-27,277880,5270.0,2.28,0.4,,-0.9
2025-11-28,277880,5350.0,2.32,0.6,,-0.6
2025-12-01,277880,5320.0,2.4,0.0,,-0.5
2025-12-02,277880,5350.0,2.4,-0.2,,0.1
2025-12-03,277880,5420.0,2.39,0.4,,-0.4
2025-12-04,277880,5300.0,2.43,-0.3,,0.3
2025-12-05,277880,5280.0,2.4,-0.1,,0.0
2025-12-08,277880,5420.0,2.4,0.9,,-1.4
2025-12-09,277880,5580.0,2.48,-2.5,,1.2
2025-12-10,277880,5530.0,2.25,-0.8,,-0.8
2025-12-11,277880,5540.0,2.18,-0.5,,0.5
2025-12-12,277880,5550.0,2.14,0.3,,-0.3
2025-12-15,277880,5460.0,2.17,-0.0,,0.1
2025-12-16,277880,5250.0,2.12,-0.4,,0.5
2025-12-17,277880,5170.0,2.08,-0.3,,0.3
2025-12-18,277880,5070.0,2.05,-0.8,,0.5
2025-12-19,277880,5090.0,1.98,-0.3,,0.0
2025-12-22,277880,5040.0,1.95,0.4,,-0.4
2025-12-23,277880,5010.0,1.99,-1.4,,1.4
2025-12-24,277880,4970.0,1.85,-1.6,,1.7
2025-12-26,277880,4970.0,1.69,-0.4,,0.3
2025-12-29,277880,4935.0,1.65,-0.9,,0.1
2025-12-30,277880,4820.0,1.55,-1.5,,1.7
2026-01-02,277880,4860.0,1.4,-0.5,,0.6
2026-01-05,277880,5200.0,1.36,-8.1,,6.6
2026-01-06,277880,5100.0,0.67,1.5,,-1.4
2026-01-07,277880,4965.0,0.84,-0.3,,0.5
2026-01-08,277880,4855.0,0.81,-0.8,-0.2,1.0
2026-01-09,277880,4790.0,0.72,-0.6,,0.6
2026-01-12,277880,4865.0,0.67,0.7,,-0.7
2026-01-13,277880,4890.0,0.79,1.0,0.0,-1.0
2026-01-14,277880,4885.0,0.89,-0.9,0.0,0.9
2026-01-15,277880,5270.0,0.81,4.4,0.3,-4.7
2026-01-16,277880,5220.0,1.23,0.5,0.6,-1.6
2026-01-19,277880,5400.0,1.29,1.5,-0.0,-1.8
2026-01-20,277880,5420.0,1.43,1.4,,-2.4
2026-01-21,277880,5360.0,1.56,0.8,-0.1,-1.7
2026-01-22,277880,5740.0,1.65,-2.1,-0.1,3.1
2026-01-23,277880,5630.0,1.5,-0.9,-0.0,0.0
2026-01-26,277880,5870.0,1.42,1.9,-0.0,-2.0
2026-01-27,277880,5870.0,1.58,-0.1,-0.0,-1.5
2026-01-28,277880,5930.0,1.57,1.6,-0.0,-2.7
2026-01-29,277880,6210.0,1.7,4.9,0.0,-5.8
2026-01-30,277880,6180.0,2.1,0.4,-0.0,-0.8
2026-02-02,277880,5950.0,2.13,2.8,-0.0,-2.2
2026-02-03,277880,6050.0,2.33,2.2,0.1,-1.0
2026-02-04,277880,5980.0,2.51,0.2,-0.0,-0.1
2026-02-05,277880,5730.0,2.52,1.5,0.0,-1.5
2026-02-06,277880,5630.0,2.65,0.2,-0.1,-0.1
2026-02-09,277880,5600.0,2.67,-1.2,-0.3,1.6
2026-02-10,277880,5870.0,2.57,1.2,,-1.2
2026-02-11,277880,5760.0,2.67,-1.3,,1.2
2026-02-12,277880,5810.0,2.56,0.2,-0.0,-0.1
2026-02-13,277880,5640.0,2.58,-0.4,,0.4
2026-02-19,277880,5730.0,2.55,0.4,-0.3,-0.2
2026-02-20,277880,5790.0,2.58,0.9,,-0.8
2026-02-23,277880,5660.0,2.66,-0.7,,0.7
2026-02-24,277880,5800.0,2.6,1.1,,-1.1
2026-02-25,277880,5860.0,2.7,-0.5,,0.7
2026-02-26,277880,5830.0,2.66,-5.2,,5.3
2026-02-27,277880,5670.0,2.23,-0.0,,0.0
2026-03-03,277880,5360.0,2.23,2.2,,-2.2
2026-03-04,277880,4900.0,2.43,-1.1,,1.0
2026-03-05,277880,5090.0,2.31,-0.8,,0.6
2026-03-06,277880,5350.0,2.28,0.8,,-0.8
2026-03-09,277880,5030.0,2.36,-0.5,-0.0,0.5
2026-03-10,277880,5270.0,2.3,-2.1,,2.2
2026-03-11,277880,5350.0,2.15,2.9,,-2.6
2026-03-12,277880,5400.0,2.41,0.1,,-0.1
2026-03-13,277880,4720.0,2.42,3.8,,-4.8
2026-03-16,277880,4470.0,2.8,-4.0,,2.6
2026-03-17,277880,4785.0,2.31,-6.6,,12.3
2026-03-18,277880,4870.0,1.64,3.7,,-4.4
2026-03-19,277880,4665.0,2.01,-0.4,,0.4
2026-03-20,277880,4815.0,1.98,2.3,,-2.5
2026-03-23,277880,4595.0,2.22,0.4,,-0.8
2026-03-24,277880,4750.0,2.26,1.4,,-1.5
2026-03-25,277880,4925.0,2.37,2.7,,-2.8
2026-03-26,277880,4850.0,2.65,-1.6,,1.7
2026-03-27,277880,4975.0,2.49,1.3,,-1.3
2026-03-30,277880,5080.0,2.63,2.4,,-2.0
2026-03-31,277880,4870.0,2.87,-0.9,,0.9
2026-04-01,277880,4965.0,2.78,0.9,,-0.4
2026-04-02,277880,4800.0,2.87,-0.5,,1.0
2026-04-03,277880,4890.0,2.82,0.0,,-0.0
2026-04-06,277880,4930.0,2.83,0.4,,-0.4
2026-04-07,277880,4940.0,2.87,0.6,,-0.6
2026-04-08,277880,5050.0,2.94,1.7,,-1.6
2026-04-09,277880,5000.0,3.1,-0.2,,0.2
2026-04-10,277880,5030.0,3.08,0.3,,-0.4
2026-04-13,277880,5120.0,3.12,0.2,,-0.2
2026-04-14,277880,5200.0,3.14,-0.1,,0.1
2026-04-15,277880,5230.0,3.13,0.3,,-0.4
2026-04-16,277880,5290.0,3.16,1.1,,-1.3
2026-04-17,277880,5420.0,3.27,-0.3,,-0.1
2026-04-20,277880,5480.0,3.25,-0.1,,0.2
2026-04-21,277880,5850.0,3.24,0.5,,-1.0
2026-04-22,277880,5780.0,3.29,0.0,,0.2
2026-04-23,277880,5640.0,3.29,0.3,,0.3
2026-04-24,277880,5670.0,3.32,1.0,,-1.0
2026-04-27,277880,5700.0,3.4,-0.7,,0.7
2026-04-28,277880,5630.0,3.34,-0.4,,0.5
2026-04-29,277880,5710.0,3.31,0.6,0.0,-0.5
2026-04-30,277880,5620.0,3.35,0.6,-0.0,-0.6
2026-05-04,277880,5750.0,3.4,1.7,-0.0,-1.9
2026-05-06,277880,5870.0,3.54,-2.8,0.0,3.1
2026-05-07,277880,5960.0,3.3,0.6,0.0,-0.6
2026-05-08,277880,5890.0,3.35,0.6,0.0,-0.6
2026-05-11,277880,5640.0,3.4,-1.8,0.0,1.8
2026-05-12,277880,5480.0,3.24,1.9,0.0,-1.9
2026-05-13,277880,5530.0,3.42,1.2,-0.0,-1.2
2026-05-14,277880,5320.0,3.53,-1.0,0.0,1.0
2026-05-15,277880,5010.0,3.44,0.6,0.0,-0.6
2026-05-18,277880,4940.0,3.49,-0.5,-0.0,0.5
2026-05-19,277880,4725.0,3.43,-0.0,0.0,0.1
2026-05-20,277880,4575.0,3.42,-0.4,0.0,0.2
2026-05-21,277880,4860.0,3.41,-0.9,-0.0,1.2
2026-05-22,277880,4935.0,3.31,0.3,0.0,-0.5
2026-05-26,277880,4885.0,3.35,-0.4,0.0,0.3
2026-05-27,277880,4645.0,3.16,0.7,0.2,-0.9
2026-05-28,277880,4565.0,3.24,-0.1,-0.0,0.1
2026-05-29,277880,4425.0,3.23,-0.5,-0.0,0.5
2026-06-01,277880,4115.0,3.17,-1.8,0.0,1.8
2026-06-02,277880,3965.0,2.95,0.3,-0.0,-0.3
2026-06-04,277880,4030.0,2.99,-0.2,0.0,0.1
2026-06-05,277880,3905.0,2.97,-0.2,-0.0,0.2
2026-06-08,277880,3560.0,2.95,-0.5,-0.0,0.5
2026-06-09,277880,3800.0,2.88,0.6,0.0,-0.6
2026-06-10,277880,3790.0,2.96,-0.8,-0.0,0.8
2026-06-11,277880,3850.0,2.86,-0.5,-0.0,0.5
2026-06-12,277880,3995.0,2.8,0.8,-0.0,-0.8
2026-06-15,277880,4035.0,2.89,-0.5,0.0,0.5
2026-06-16,277880,4030.0,2.83,-0.2,0.0,0.1
2026-06-17,277880,4050.0,2.81,0.5,-0.3,-0.2
2026-06-18,277880,3970.0,2.87,-0.4,-0.0,0.5
2026-06-19,277880,3880.0,2.82,-0.7,0.0,0.7
2026-06-22,277880,3725.0,2.73,0.3,-0.0,-0.3
2026-06-23,277880,3470.0,2.77,0.6,-0.0,-0.6
2026-06-24,277880,3485.0,2.85,-0.1,-0.0,0.1
2026-06-25,277880,3335.0,2.82,-0.1,0.0,0.1
2026-06-26,277880,3115.0,2.81,0.3,0.0,-0.3
2026-06-29,277880,3495.0,2.87,0.3,-0.0,-0.3
2026-06-30,277880,3405.0,2.94,-0.1,-0.0,0.0
2026-07-01,277880,3380.0,2.91,0.2,-0.0,-0.2
2026-07-02,277880,3285.0,2.93,0.6,-0.0,-0.7
2026-07-03,277880,3365.0,3.03,0.3,-0.0,-0.3
2026-07-06,277880,3365.0,3.08,0.3,0.0,-0.3
2026-07-07,277880,3320.0,3.13,-0.3,-0.0,0.3
2026-07-08,277880,3115.0,3.09,-0.2,0.0,0.2
2026-07-09,277880,3115.0,3.05,0.3,-0.0,-0.3
2026-07-10,277880,3260.0,3.09,0.6,,-0.6
2026-07-13,277880,3055.0,3.19,-1.5,0.0,1.5
2025-07-14,278280,40350.0,4.27,-1.1,-1.0,2.1
2025-07-15,278280,40100.0,4.24,-1.3,-0.6,1.9
2025-07-16,278280,39950.0,4.2,-1.4,-0.3,1.7
2025-07-17,278280,40200.0,4.17,-0.1,-0.1,0.2
2025-07-18,278280,41300.0,4.15,3.6,-0.4,-3.0
2025-07-21,278280,46400.0,4.25,-23.1,-12.8,34.4
2025-07-22,278280,44400.0,3.38,5.5,1.9,-7.4
2025-07-23,278280,46200.0,3.53,-7.9,4.8,2.7
2025-07-24,278280,48200.0,3.32,4.6,0.5,-5.8
2025-07-25,278280,46250.0,3.38,-8.8,-3.3,12.0
2025-07-28,278280,45600.0,3.12,-2.4,-0.3,2.7
2025-07-29,278280,45450.0,2.68,4.4,-3.7,-0.6
2025-07-30,278280,46200.0,2.78,-1.9,-1.3,2.5
2025-07-31,278280,44950.0,2.72,-0.3,0.2,-0.0
2025-08-01,278280,42500.0,2.76,1.6,-4.9,2.9
2025-08-04,278280,43400.0,2.84,-2.6,1.1,1.6
2025-08-05,278280,46500.0,2.78,3.6,0.5,-4.2
2025-08-06,278280,46200.0,2.96,0.4,-0.4,-0.4
2025-08-07,278280,45800.0,2.95,0.7,-1.5,-0.2
2025-08-08,278280,45850.0,2.95,0.1,0.0,-0.1
2025-08-11,278280,48900.0,3.08,5.3,1.0,-7.5
2025-08-12,278280,48900.0,3.12,2.9,-0.9,-1.3
2025-08-13,278280,48950.0,3.17,-3.7,1.0,2.7
2025-08-14,278280,49200.0,3.09,-0.6,-1.8,2.5
2025-08-18,278280,47350.0,3.08,-0.3,-0.9,0.6
2025-08-19,278280,46000.0,3.03,-0.5,-4.2,4.7
2025-08-20,278280,44600.0,2.92,1.4,0.9,-2.3
2025-08-21,278280,44100.0,2.95,-3.5,-0.2,3.6
2025-08-22,278280,43750.0,2.87,-4.0,0.5,3.4
2025-08-25,278280,45300.0,2.77,-0.9,-0.7,1.4
2025-08-26,278280,44550.0,2.75,-0.4,-0.2,0.6
2025-08-27,278280,44750.0,2.91,-3.6,-0.6,4.2
2025-08-28,278280,43900.0,2.83,-4.1,-0.5,4.5
2025-08-29,278280,42950.0,2.74,-4.3,3.2,1.1
2025-09-01,278280,41200.0,2.64,-0.4,0.3,-0.4
2025-09-02,278280,40900.0,2.62,-1.3,2.0,-0.6
2025-09-03,278280,41100.0,2.63,-1.6,0.9,0.7
2025-09-04,278280,41600.0,2.56,-1.2,-0.3,1.3
2025-09-05,278280,41450.0,2.72,-1.9,0.5,0.9
2025-09-08,278280,42200.0,2.7,-0.8,0.4,0.4
2025-09-09,278280,42250.0,2.7,-0.9,0.5,0.4
2025-09-10,278280,42100.0,2.71,-0.5,1.0,-0.6
2025-09-11,278280,41800.0,2.76,-2.9,2.2,0.7
2025-09-12,278280,43350.0,2.78,2.1,1.7,-3.1
2025-09-15,278280,43250.0,2.87,-0.7,-0.7,1.4
2025-09-16,278280,43700.0,2.84,-1.3,-0.2,1.4
2025-09-17,278280,44400.0,2.79,2.4,-3.1,0.7
2025-09-18,278280,44500.0,2.86,0.9,-0.3,-0.6
2025-09-19,278280,43650.0,2.88,0.7,-1.6,0.9
2025-09-22,278280,43200.0,2.89,-0.9,-1.2,2.1
2025-09-23,278280,43400.0,2.86,1.9,-0.1,-2.0
2025-09-24,278280,42500.0,2.91,0.1,-1.5,1.4
2025-09-25,278280,43600.0,2.9,3.3,0.0,-3.4
2025-09-26,278280,41950.0,3.0,-0.7,-0.6,1.3
2025-09-29,278280,42050.0,2.96,1.4,0.5,-1.9
2025-09-30,278280,41500.0,3.0,0.4,-0.0,-0.3
2025-10-01,278280,41250.0,3.0,2.4,-5.7,2.8
2025-10-02,278280,44600.0,3.08,-3.3,11.0,-7.4
2025-10-10,278280,42550.0,3.03,-2.0,-1.2,2.4
2025-10-13,278280,43000.0,2.96,5.6,-7.9,1.8
2025-10-14,278280,43950.0,3.1,5.7,-1.7,-3.1
2025-10-15,278280,44600.0,3.2,0.5,1.3,-2.5
2025-10-16,278280,49250.0,3.22,15.1,3.9,-18.8
2025-10-17,278280,59600.0,3.69,-0.9,-1.4,1.3
2025-10-20,278280,58300.0,3.07,-2.2,-1.5,4.1
2025-10-21,278280,57000.0,2.85,2.2,-3.3,1.3
2025-10-22,278280,57900.0,2.79,-17.3,-2.1,20.3
2025-10-23,278280,58500.0,2.43,-14.5,0.2,14.2
2025-10-24,278280,68400.0,2.24,21.5,23.3,-44.6
2025-10-27,278280,78200.0,2.68,-30.4,6.7,22.0
2025-10-28,278280,79400.0,2.24,14.5,3.0,-15.8
2025-10-29,278280,77200.0,2.34,-7.6,-1.1,8.5
2025-10-30,278280,71200.0,2.27,16.2,-6.5,-9.6
2025-10-31,278280,72100.0,2.53,-20.3,22.0,-1.8
2025-11-03,278280,73600.0,2.28,-5.2,2.7,2.0
2025-11-04,278280,72900.0,2.2,-3.0,-8.8,11.9
2025-11-05,278280,69700.0,2.1,11.3,-0.0,-10.3
2025-11-06,278280,69100.0,2.29,-1.0,0.1,0.5
2025-11-07,278280,66200.0,2.26,9.5,-7.9,-1.6
2025-11-10,278280,67300.0,2.42,0.7,-4.3,3.1
2025-11-11,278280,66700.0,2.42,-4.8,-0.3,4.9
2025-11-12,278280,66800.0,2.33,5.2,-3.5,-2.1
2025-11-13,278280,69100.0,2.36,-2.4,2.8,-0.5
2025-11-14,278280,65600.0,2.32,-7.2,2.8,4.3
2025-11-17,278280,61500.0,2.18,8.0,-7.3,-0.2
2025-11-18,278280,57000.0,2.33,19.8,-11.0,-6.6
2025-11-19,278280,55300.0,2.68,-1.9,-2.4,5.1
2025-11-20,278280,55900.0,2.61,-1.5,-0.7,2.4
2025-11-21,278280,54000.0,2.58,0.5,-1.7,1.3
2025-11-24,278280,52000.0,2.52,-2.3,1.5,0.8
2025-11-25,278280,52000.0,2.41,-0.9,2.4,-1.5
2025-11-26,278280,54200.0,2.39,0.8,-12.9,11.4
2025-11-27,278280,56500.0,2.39,-15.1,-8.6,23.5
2025-11-28,278280,57200.0,2.08,-7.1,2.2,4.9
2025-12-01,278280,58200.0,1.98,-0.8,-4.3,5.2
2025-12-02,278280,58400.0,1.96,0.6,0.2,-0.6
2025-12-03,278280,57700.0,1.97,1.4,-4.3,2.7
2025-12-04,278280,56800.0,2.01,-1.5,-1.1,2.2
2025-12-05,278280,57400.0,1.96,-0.5,0.2,0.4
2025-12-08,278280,64400.0,1.95,10.3,-6.1,-3.5
2025-12-09,278280,68000.0,2.13,-21.3,-5.0,26.0
2025-12-10,278280,65200.0,1.75,6.3,-20.1,13.7
2025-12-11,278280,63600.0,1.88,4.1,-8.6,4.5
2025-12-12,278280,64500.0,1.95,-5.7,6.5,-0.5
2025-12-15,278280,57700.0,1.87,6.5,-108.3,107.9
2025-12-16,278280,53200.0,2.05,-4.5,-11.6,15.7
2025-12-17,278280,52400.0,1.82,-2.2,-11.7,13.9
2025-12-18,278280,49950.0,1.97,-0.7,-10.9,11.2
2025-12-19,278280,51800.0,1.91,-1.4,-4.2,7.3
2025-12-22,278280,52000.0,1.83,-0.1,-6.4,6.5
2025-12-23,278280,52000.0,1.75,-0.8,-2.1,2.7
2025-12-24,278280,52000.0,1.8,-2.9,-5.0,7.5
2025-12-26,278280,51000.0,1.8,4.0,-2.9,-1.1
2025-12-29,278280,50900.0,1.84,5.5,-7.7,2.1
2025-12-30,278280,49150.0,1.97,2.7,-8.1,5.4
2026-01-02,278280,48350.0,2.08,5.7,-6.3,0.4
2026-01-05,278280,49800.0,2.21,6.3,-5.2,-1.1
2026-01-06,278280,50100.0,2.25,-1.0,-7.1,8.0
2026-01-07,278280,49200.0,2.23,5.8,-14.3,8.5
2026-01-08,278280,48850.0,2.34,5.4,-9.7,4.4
2026-01-09,278280,47950.0,2.42,-1.2,-4.4,5.6
2026-01-12,278280,49650.0,2.4,12.0,-1.7,-10.5
2026-01-13,278280,50300.0,2.64,7.9,-7.2,-0.5
2026-01-14,278280,49300.0,2.77,-4.0,-6.1,9.9
2026-01-15,278280,49600.0,2.66,5.6,-5.1,-0.5
2026-01-16,278280,47700.0,2.78,-13.3,-6.7,19.4
2026-01-19,278280,48950.0,2.52,11.2,-5.6,-5.1
2026-01-20,278280,50200.0,2.75,10.8,-7.1,-3.8
2026-01-21,278280,48650.0,3.02,-3.4,-5.9,9.2
2026-01-22,278280,52200.0,2.83,8.7,-9.3,-0.3
2026-01-23,278280,52500.0,3.06,-12.1,-6.0,17.8
2026-01-26,278280,56200.0,2.71,-4.6,-2.3,5.9
2026-01-27,278280,57300.0,2.76,-9.6,-11.6,19.9
2026-01-28,278280,61000.0,2.47,17.8,4.9,-7.3
2026-01-29,278280,62500.0,2.76,10.3,-10.5,7.8
2026-01-30,278280,58800.0,2.93,9.6,-14.8,12.9
2026-02-02,278280,55100.0,2.7,25.7,-24.5,-1.3
2026-02-03,278280,56200.0,3.23,-3.9,-7.0,10.8
2026-02-04,278280,56200.0,3.11,37.6,-59.4,21.7
2026-02-05,278280,53600.0,3.67,-6.8,-23.4,29.6
2026-02-06,278280,51600.0,3.36,6.0,-16.0,10.1
2026-02-09,278280,54600.0,3.58,31.9,-39.3,7.5
2026-02-10,278280,53700.0,4.12,10.0,-19.1,8.9
2026-02-11,278280,53000.0,4.33,5.2,-20.7,15.2
2026-02-12,278280,53500.0,4.4,7.1,-22.0,14.7
2026-02-13,278280,51100.0,4.6,-6.9,-23.2,29.8
2026-02-19,278280,54400.0,4.44,27.1,-9.3,-17.9
2026-02-20,278280,53000.0,4.92,-4.8,-19.9,24.7
2026-02-23,278280,52200.0,4.79,-0.3,-19.2,19.4
2026-02-24,278280,52900.0,4.68,14.5,-15.8,1.7
2026-02-25,278280,54400.0,4.94,3.3,-2.8,-0.4
2026-02-26,278280,54600.0,5.17,-17.3,-0.4,16.8
2026-02-27,278280,53900.0,4.77,1.4,2.7,-4.1
2026-03-03,278280,49000.0,4.88,-6.0,-2.7,8.2
2026-03-04,278280,40500.0,4.79,-4.1,-0.9,4.8
2026-03-05,278280,45800.0,4.6,1.6,4.2,-5.7
2026-03-06,278280,49450.0,4.64,3.4,-0.6,-2.7
2026-03-09,278280,45950.0,4.75,-8.4,-0.6,8.6
2026-03-10,278280,47900.0,4.55,-0.4,-2.9,3.2
2026-03-11,278280,47550.0,4.52,-11.2,-5.7,16.4
2026-03-12,278280,49200.0,4.32,-11.6,20.2,-8.2
2026-03-13,278280,47700.0,4.16,-7.6,-1.1,8.7
2026-03-16,278280,46800.0,4.06,-1.7,-1.0,2.5
2026-03-17,278280,47550.0,4.04,6.9,-0.7,-6.0
2026-03-18,278280,48300.0,4.19,-0.6,0.2,-0.8
2026-03-19,278280,47000.0,4.27,-1.4,-5.1,6.3
2026-03-20,278280,47700.0,4.21,2.5,-1.9,-0.7
2026-03-23,278280,45050.0,4.6,2.8,-2.3,1.8
2026-03-24,278280,47000.0,4.67,4.7,-1.1,-3.3
2026-03-25,278280,48350.0,4.79,4.6,-1.9,-2.7
2026-03-26,278280,47500.0,4.89,-0.9,-1.4,2.3
2026-03-27,278280,52000.0,4.85,20.0,-0.7,-19.1
2026-03-30,278280,51100.0,5.25,-19.8,-0.8,20.6
2026-03-31,278280,48400.0,4.83,-2.9,0.9,1.6
2026-04-01,278280,51100.0,4.76,5.9,2.2,-7.6
2026-04-02,278280,49850.0,4.91,-4.2,-2.5,6.5
2026-04-03,278280,50700.0,4.82,0.1,-0.0,-0.5
2026-04-06,278280,52500.0,4.8,-2.7,12.7,-9.8
2026-04-07,278280,52700.0,4.78,-0.3,16.6,-16.7
2026-04-08,278280,53800.0,4.83,-13.2,8.6,6.9
2026-04-09,278280,53200.0,4.59,0.6,-3.4,2.4
2026-04-10,278280,54000.0,4.68,8.7,-0.3,-8.8
2026-04-13,278280,64600.0,4.88,23.4,22.4,-47.8
2026-04-14,278280,62500.0,5.45,-12.3,-29.9,40.4
2026-04-15,278280,61500.0,4.62,-18.0,-0.4,15.7
2026-04-16,278280,63500.0,4.33,7.2,7.7,-14.5
2026-04-17,278280,66000.0,4.51,9.4,29.4,-38.2
2026-04-20,278280,66600.0,4.69,-28.3,19.8,4.9
2026-04-21,278280,67600.0,4.29,-12.1,11.3,1.6
2026-04-22,278280,70000.0,4.16,-8.5,5.6,2.3
2026-04-23,278280,67100.0,3.5,13.9,-2.5,-4.3
2026-04-24,278280,67600.0,3.78,9.5,1.2,-11.1
2026-04-27,278280,68200.0,3.87,9.3,0.7,-12.9
2026-04-28,278280,65900.0,3.99,-7.6,-11.9,21.9
2026-04-29,278280,66300.0,3.49,12.9,1.2,-14.0
2026-04-30,278280,62600.0,3.65,6.1,-10.4,3.0
2026-05-04,278280,65600.0,3.71,33.1,-4.7,-28.5
2026-05-06,278280,63900.0,4.32,-9.6,-8.7,29.6
2026-05-07,278280,62300.0,4.42,7.5,0.4,-8.1
2026-05-08,278280,60800.0,4.52,6.0,-1.2,-4.8
2026-05-11,278280,58800.0,4.64,0.2,-4.4,4.4
2026-05-12,278280,56000.0,4.62,-3.5,-5.5,9.0
2026-05-13,278280,55500.0,4.54,1.3,-18.3,16.3
2026-05-14,278280,55000.0,4.51,7.3,-20.0,12.5
2026-05-15,278280,51700.0,4.6,7.1,-22.5,14.7
2026-05-18,278280,50600.0,4.6,-1.5,-0.8,1.3
2026-05-19,278280,48300.0,4.57,-9.8,0.3,9.3
2026-05-20,278280,45850.0,4.26,-3.6,-3.3,6.3
2026-05-21,278280,48700.0,4.3,-0.9,-1.3,2.0
2026-05-22,278280,50100.0,4.32,11.4,2.9,-14.5
2026-05-26,278280,50600.0,4.66,-11.0,-0.2,11.2
2026-05-27,278280,48000.0,4.39,-7.8,-3.1,10.6
2026-05-28,278280,48750.0,4.22,-4.1,-0.6,4.8
2026-05-29,278280,49250.0,4.08,-5.2,-6.1,11.0
2026-06-01,278280,47950.0,4.09,-5.0,5.1,0.3
2026-06-02,278280,44450.0,3.98,-0.2,3.6,-4.0
2026-06-04,278280,43500.0,3.96,-3.5,-2.0,6.9
2026-06-05,278280,40950.0,3.88,5.6,-7.9,1.3
2026-06-08,278280,37850.0,3.98,1.3,0.2,-1.5
2026-06-09,278280,39750.0,4.03,8.3,-7.9,-0.9
2026-06-10,278280,39650.0,4.2,-1.1,-2.3,3.4
2026-06-11,278280,42850.0,4.12,-21.7,25.9,-3.7
2026-06-12,278280,42550.0,3.69,2.8,-6.7,3.5
2026-06-15,278280,43800.0,3.76,-0.2,0.0,-0.1
2026-06-16,278280,43500.0,3.81,-3.8,2.7,0.6
2026-06-17,278280,43050.0,3.76,-0.3,-0.1,0.4
2026-06-18,278280,40800.0,4.2,1.4,-2.5,0.8
2026-06-19,278280,42850.0,4.13,-9.4,-3.5,5.5
2026-06-22,278280,42800.0,4.0,-7.0,2.2,4.8
2026-06-23,278280,41400.0,3.88,-6.2,2.6,-3.7
2026-06-24,278280,40950.0,3.68,-6.6,1.1,1.2
2026-06-25,278280,38700.0,3.49,-3.3,-1.7,1.2
2026-06-26,278280,37800.0,3.54,-2.5,5.3,-10.9
2026-06-29,278280,41000.0,3.52,2.5,4.5,-6.1
2026-06-30,278280,40700.0,3.63,-1.2,0.4,0.9
2026-07-01,278280,39000.0,3.59,-2.4,-0.1,2.5
2026-07-02,278280,37500.0,3.53,-0.4,-0.2,0.1
2026-07-03,278280,37200.0,3.51,-1.7,-0.0,1.6
2026-07-06,278280,36450.0,3.71,-2.0,-0.2,1.4
2026-07-07,278280,35450.0,3.64,-2.6,1.4,1.0
2026-07-08,278280,34150.0,3.54,-1.2,1.5,-0.4
2026-07-09,278280,35400.0,3.53,-2.6,8.4,-5.9
2026-07-10,278280,36700.0,3.51,-0.6,3.9,-3.3
2026-07-13,278280,37500.0,3.52,-0.7,-0.4,1.0
2025-07-14,278470,174200.0,23.94,-373.7,140.7,220.9
2025-07-15,278470,176100.0,23.28,-29.5,-47.8,84.3
2025-07-16,278470,172200.0,23.27,71.6,-168.7,78.6
2025-07-17,278470,177800.0,23.39,40.2,-25.3,-21.9
2025-07-18,278470,170000.0,23.45,227.2,-362.6,139.4
2025-07-21,278470,172100.0,23.88,10.7,-16.9,5.5
2025-07-22,278470,177800.0,23.86,-100.8,-28.1,120.0
2025-07-23,278470,179300.0,23.7,-6.8,-132.7,127.9
2025-07-24,278470,173900.0,23.69,-212.0,-3.1,203.5
2025-07-25,278470,171700.0,23.31,111.8,-133.8,24.9
2025-07-28,278470,167500.0,23.52,133.9,-145.7,15.4
2025-07-29,278470,181300.0,23.73,60.1,154.8,-222.8
2025-07-30,278470,174600.0,23.86,-169.9,56.1,110.1
2025-07-31,278470,183700.0,23.55,194.5,86.8,-280.2
2025-08-01,278470,172000.0,23.91,-347.4,-45.7,391.9
2025-08-04,278470,178600.0,23.27,-72.3,116.8,-48.2
2025-08-05,278470,187300.0,23.12,-123.7,185.5,-48.4
2025-08-06,278470,208500.0,22.94,-340.8,289.1,60.8
2025-08-07,278470,219500.0,22.52,386.4,-161.6,-213.3
2025-08-08,278470,230000.0,23.05,401.1,-338.7,-65.5
2025-08-11,278470,226000.0,23.45,274.7,-243.0,-27.1
2025-08-12,278470,219500.0,23.73,240.9,-77.0,-150.1
2025-08-13,278470,208500.0,23.98,119.3,-409.4,308.9
2025-08-14,278470,213500.0,24.17,27.6,-72.9,46.6
2025-08-18,278470,214500.0,24.16,58.9,63.4,-118.4
2025-08-19,278470,217000.0,24.62,-123.2,57.9,49.7
2025-08-20,278470,213000.0,24.44,-72.0,-6.7,79.1
2025-08-21,278470,218500.0,24.19,58.1,55.5,-122.2
2025-08-22,278470,228000.0,24.28,38.4,129.9,-181.4
2025-08-25,278470,226000.0,24.33,-175.4,-17.2,186.8
2025-08-26,278470,225500.0,24.09,-55.3,-96.8,146.1
2025-08-27,278470,219000.0,24.05,-80.7,-123.1,218.4
2025-08-28,278470,223500.0,24.3,125.6,-14.6,-113.2
2025-08-29,278470,227000.0,24.47,209.7,-10.8,-196.7
2025-09-01,278470,225500.0,24.75,-177.2,14.2,150.5
2025-09-02,278470,220000.0,24.39,-7.3,-143.0,151.4
2025-09-03,278470,212000.0,24.34,-54.1,-452.4,508.3
2025-09-04,278470,217500.0,24.23,303.2,-69.1,-234.1
2025-09-05,278470,215500.0,24.69,55.2,-78.7,31.5
2025-09-08,278470,223000.0,24.75,169.2,10.3,-179.7
2025-09-09,278470,230000.0,24.98,102.2,102.3,-202.3
2025-09-10,278470,227500.0,25.12,-51.0,5.8,49.5
2025-09-11,278470,229500.0,25.02,338.3,-288.1,-39.0
2025-09-12,278470,218000.0,25.41,-587.1,-174.6,787.0
2025-09-15,278470,215500.0,24.55,365.5,-236.6,-114.4
2025-09-16,278470,213000.0,25.06,168.0,-198.8,34.7
2025-09-17,278470,217000.0,25.27,86.3,-87.0,-1.7
2025-09-18,278470,217000.0,25.38,-70.1,0.9,66.0
2025-09-19,278470,223500.0,25.17,395.4,49.0,-431.4
2025-09-22,278470,225000.0,25.7,65.4,128.6,-187.7
2025-09-23,278470,218000.0,25.52,-148.1,-92.8,239.5
2025-09-24,278470,217500.0,25.34,86.5,-14.0,-75.9
2025-09-25,278470,223500.0,25.45,-50.4,292.4,-262.1
2025-09-26,278470,225000.0,25.45,-82.5,255.9,-169.2
2025-09-29,278470,246500.0,25.27,161.2,342.5,-502.0
2025-09-30,278470,250000.0,25.47,-233.8,332.9,-91.0
2025-10-01,278470,261000.0,25.2,148.9,40.3,-192.9
2025-10-02,278470,255000.0,25.41,345.6,-312.2,-20.4
2025-10-10,278470,257000.0,25.77,121.9,-13.6,-98.0
2025-10-13,278470,259000.0,26.09,132.2,-21.1,-111.2
2025-10-14,278470,247000.0,26.38,144.9,-178.4,53.7
2025-10-15,278470,248000.0,26.52,-8.6,10.5,-6.5
2025-10-16,278470,242500.0,26.55,-21.4,-86.7,103.4
2025-10-17,278470,239500.0,26.5,98.2,-82.4,-14.3
2025-10-20,278470,234500.0,26.56,-10.6,-67.2,84.8
2025-10-21,278470,231500.0,26.69,201.1,-330.2,131.6
2025-10-22,278470,236500.0,26.91,-197.9,83.0,116.9
2025-10-23,278470,242500.0,26.44,-323.2,104.0,209.2
2025-10-24,278470,238500.0,26.06,-175.9,19.9,156.6
2025-10-27,278470,242500.0,25.92,102.8,-81.7,-20.0
2025-10-28,278470,246500.0,26.11,-58.9,-72.7,119.9
2025-10-29,278470,239000.0,26.06,-21.6,-41.4,72.1
2025-10-30,278470,253500.0,26.16,184.8,129.7,-320.4
2025-10-31,278470,255000.0,26.41,25.9,53.6,-80.7
2025-11-03,278470,272500.0,26.41,62.1,131.7,-202.5
2025-11-04,278470,276000.0,26.48,-47.2,-9.5,55.8
2025-11-05,278470,261500.0,26.38,-220.0,-25.9,265.7
2025-11-06,278470,234000.0,26.22,-748.8,-283.6,1030.1
2025-11-07,278470,234000.0,25.44,114.4,167.9,-260.8
2025-11-10,278470,220500.0,25.59,135.9,-402.4,287.5
2025-11-11,278470,212500.0,25.8,432.1,-373.9,-37.4
2025-11-12,278470,211000.0,26.47,70.3,-65.4,-7.9
2025-11-13,278470,213500.0,26.62,45.1,14.0,-62.1
2025-11-14,278470,219500.0,26.62,-101.8,411.4,-299.2
2025-11-17,278470,218500.0,26.23,-15.7,-11.4,32.9
2025-11-18,278470,215000.0,26.25,106.0,5.3,-104.7
2025-11-19,278470,224500.0,26.56,154.4,147.9,-299.8
2025-11-20,278470,237000.0,26.73,212.8,241.5,-444.8
2025-11-21,278470,238000.0,27.09,-162.6,119.9,47.1
2025-11-24,278470,247500.0,26.83,87.7,538.9,-614.3
2025-11-25,278470,250500.0,27.0,27.4,113.2,-145.3
2025-11-26,278470,250000.0,27.14,85.9,-0.3,-88.0
2025-11-27,278470,266000.0,27.23,210.4,365.3,-572.7
2025-11-28,278470,255500.0,27.64,-204.6,59.6,146.2
2025-12-01,278470,252500.0,27.25,-33.9,84.6,-58.3
2025-12-02,278470,247500.0,27.16,120.4,-147.8,20.2
2025-12-03,278470,245000.0,27.28,184.0,-149.9,-32.1
2025-12-04,278470,247500.0,27.23,-1.6,29.3,-24.0
2025-12-05,278470,254500.0,27.22,281.4,77.5,-358.5
2025-12-08,278470,269500.0,27.34,445.5,143.5,-560.6
2025-12-09,278470,260000.0,27.88,-148.1,-26.5,169.0
2025-12-10,278470,252000.0,27.66,-35.1,-24.4,59.5
2025-12-11,278470,253500.0,27.55,73.7,-60.1,-13.9
2025-12-12,278470,247500.0,27.66,-62.0,-33.9,94.2
2025-12-15,278470,251000.0,27.53,108.4,15.3,-124.2
2025-12-16,278470,264000.0,27.69,605.9,229.1,-825.0
2025-12-17,278470,256500.0,28.44,-154.5,-11.3,164.6
2025-12-18,278470,243500.0,28.2,-274.9,33.7,238.5
2025-12-19,278470,243000.0,27.91,-139.9,36.0,101.7
2025-12-22,278470,244000.0,27.81,-81.0,31.1,47.2
2025-12-23,278470,236000.0,27.73,-15.3,-110.5,104.9
2025-12-24,278470,233000.0,27.75,4.0,-50.0,50.0
2025-12-26,278470,230000.0,27.61,56.0,-34.6,-17.2
2025-12-29,278470,234500.0,27.67,-58.6,-41.9,98.5
2025-12-30,278470,231000.0,27.61,-42.2,-30.1,73.4
2026-01-02,278470,233000.0,27.53,-39.6,-38.1,69.6
2026-01-05,278470,235000.0,27.45,-52.0,73.4,-26.3
2026-01-06,278470,216500.0,27.39,-280.5,-369.0,633.1
2026-01-07,278470,219500.0,27.03,46.9,-333.8,281.0
2026-01-08,278470,217000.0,27.03,156.0,-240.7,88.2
2026-01-09,278470,228500.0,27.3,-178.2,301.5,-133.2
2026-01-12,278470,223000.0,27.22,-81.2,-25.9,105.7
2026-01-13,278470,223500.0,27.08,21.5,14.5,-34.1
2026-01-14,278470,230000.0,27.02,24.9,105.0,-128.0
2026-01-15,278470,237500.0,27.09,99.4,100.4,-208.7
2026-01-16,278470,240500.0,27.33,102.7,136.1,-228.2
2026-01-19,278470,237000.0,27.48,37.1,-18.3,-11.8
2026-01-20,278470,247000.0,27.53,355.2,155.5,-501.2
2026-01-21,278470,256500.0,27.98,310.7,124.4,-429.7
2026-01-22,278470,286000.0,28.31,773.2,193.3,-965.9
2026-01-23,278470,276500.0,29.19,228.1,-177.4,-45.4
2026-01-26,278470,278000.0,29.31,137.1,-41.7,-95.9
2026-01-27,278470,276000.0,29.47,180.0,-148.4,-31.7
2026-01-28,278470,271000.0,29.66,149.9,-186.5,42.0
2026-01-29,278470,276500.0,29.8,122.0,-53.7,-71.2
2026-01-30,278470,270000.0,29.92,38.2,-193.9,149.5
2026-02-02,278470,274000.0,29.98,250.2,-31.6,-204.7
2026-02-03,278470,272000.0,30.27,-329.5,126.8,203.4
2026-02-04,278470,264000.0,29.83,-505.0,-97.4,594.9
2026-02-05,278470,278000.0,29.22,963.4,-12.5,-920.0
2026-02-06,278470,256500.0,30.2,-419.2,-37.3,464.0
2026-02-09,278470,266000.0,29.62,289.9,3.2,-298.2
2026-02-10,278470,275500.0,29.98,418.2,79.2,-499.7
2026-02-11,278470,282000.0,30.33,300.0,42.2,-342.2
2026-02-12,278470,282000.0,30.62,177.4,-74.1,-103.6
2026-02-13,278470,272000.0,30.75,285.1,-90.7,-180.4
2026-02-19,278470,285500.0,31.06,521.7,-66.7,-455.4
2026-02-20,278470,288500.0,31.56,318.5,-73.4,-241.7
2026-02-23,278470,297500.0,31.77,243.9,-43.7,-194.1
2026-02-24,278470,295000.0,31.94,207.2,-142.0,-64.2
2026-02-25,278470,302000.0,32.03,506.6,-92.0,-400.2
2026-02-26,278470,317000.0,32.53,530.5,-132.3,-381.8
2026-02-27,278470,312500.0,33.06,50.3,-97.0,51.3
2026-03-03,278470,285500.0,33.03,153.1,-120.7,-28.4
2026-03-04,278470,267000.0,33.19,74.6,53.5,-132.8
2026-03-05,278470,283000.0,33.31,127.1,-48.9,-70.3
2026-03-06,278470,306000.0,33.41,261.9,-45.2,-211.5
2026-03-09,278470,296500.0,33.62,118.9,-81.5,-40.1
2026-03-10,278470,301500.0,33.69,67.4,-112.3,42.3
2026-03-11,278470,319000.0,33.78,305.4,84.9,-400.0
2026-03-12,278470,322500.0,34.12,-36.0,62.5,-26.7
2026-03-13,278470,342500.0,34.22,205.5,82.0,-276.1
2026-03-16,278470,328500.0,34.34,-38.3,-54.4,94.1
2026-03-17,278470,349000.0,34.12,393.3,-20.4,-356.5
2026-03-18,278470,362000.0,34.69,80.3,67.3,-140.3
2026-03-19,278470,369000.0,34.84,-40.7,83.0,-40.1
2026-03-20,278470,359500.0,34.84,233.2,-323.6,96.2
2026-03-23,278470,324500.0,35.03,1.6,-342.4,341.7
2026-03-24,278470,332500.0,34.94,-30.2,54.9,-26.3
2026-03-25,278470,328500.0,34.81,-3.4,-103.6,106.2
2026-03-26,278470,310000.0,34.78,52.2,-116.2,63.6
2026-03-27,278470,327000.0,34.84,12.2,77.7,-88.8
2026-03-30,278470,326000.0,34.81,38.5,94.0,-123.6
2026-03-31,278470,337000.0,34.88,-232.9,372.5,-150.6
2026-04-01,278470,344500.0,34.72,-16.6,110.2,-96.1
2026-04-02,278470,339500.0,34.84,-17.0,110.9,-91.9
2026-04-03,278470,327000.0,34.81,-94.7,-48.6,139.3
2026-04-06,278470,336000.0,34.75,191.7,-47.1,-142.6
2026-04-07,278470,318000.0,34.94,229.9,-313.9,84.3
2026-04-08,278470,335500.0,35.16,-69.4,-15.4,62.4
2026-04-09,278470,365500.0,35.0,731.9,-444.6,-263.4
2026-04-10,278470,393000.0,35.47,492.4,-76.2,-406.7
2026-04-13,278470,399500.0,35.91,165.3,-83.9,-80.1
2026-04-14,278470,386000.0,36.0,771.3,-252.4,-512.6
2026-04-15,278470,413000.0,36.5,555.6,-206.7,-344.1
2026-04-16,278470,414500.0,36.97,-79.2,70.1,13.3
2026-04-17,278470,419500.0,36.94,121.7,-41.7,-80.0
2026-04-20,278470,414500.0,36.97,60.8,-131.3,69.3
2026-04-21,278470,410000.0,37.03,97.4,-212.0,116.4
2026-04-22,278470,434000.0,37.09,266.0,-39.0,-222.8
2026-04-23,278470,436000.0,37.31,20.4,30.3,-46.5
2026-04-24,278470,450000.0,37.31,60.3,85.0,-133.5
2026-04-27,278470,449000.0,37.31,4.7,-25.4,24.5
2026-04-28,278470,459000.0,37.31,-11.9,55.2,-49.8
2026-04-29,278470,451000.0,37.34,-187.7,-34.8,210.8
2026-04-30,278470,424500.0,37.22,-0.5,-123.5,120.8
2026-05-04,278470,428500.0,37.19,-207.2,-81.3,285.6
2026-05-06,278470,422000.0,37.06,98.0,-127.4,21.1
2026-05-07,278470,401500.0,37.16,-297.2,-318.6,617.2
2026-05-08,278470,434000.0,36.88,201.2,215.6,-406.6
2026-05-11,278470,438000.0,37.12,680.0,-215.1,-461.0
2026-05-12,278470,415500.0,37.56,-45.2,-186.5,237.1
2026-05-13,278470,402000.0,37.47,50.5,-287.7,236.8
2026-05-14,278470,425000.0,37.47,268.5,85.8,-364.2
2026-05-15,278470,404000.0,37.59,55.2,-133.7,75.0
2026-05-18,278470,402000.0,37.59,-4.0,49.9,-46.3
2026-05-19,278470,397500.0,37.56,-19.1,66.9,-47.2
2026-05-20,278470,390000.0,37.56,-2.3,37.0,-31.5
2026-05-21,278470,399500.0,37.59,-92.2,53.0,34.6
2026-05-22,278470,391000.0,37.53,-182.9,-93.4,272.5
2026-05-26,278470,389500.0,37.34,76.3,-44.2,-33.5
2026-05-27,278470,385000.0,37.38,92.4,-58.8,-20.8
2026-05-28,278470,400500.0,37.47,-35.0,198.1,-168.5
2026-05-29,278470,395500.0,37.47,29.8,-32.5,-5.0
2026-06-01,278470,426500.0,37.53,286.9,92.7,-377.0
2026-06-02,278470,401000.0,37.78,-54.0,20.5,27.7
2026-06-04,278470,405000.0,37.72,98.2,-96.3,-4.6
2026-06-05,278470,389000.0,37.84,-17.6,-44.9,69.7
2026-06-08,278470,366000.0,37.88,56.7,-61.3,5.2
2026-06-09,278470,405000.0,37.97,-132.7,328.7,-186.2
2026-06-10,278470,410500.0,37.97,-19.0,160.5,-144.9
2026-06-11,278470,410500.0,38.0,-479.3,448.4,29.7
2026-06-12,278470,394000.0,37.75,-144.5,-133.1,273.5
2026-06-15,278470,416000.0,37.66,247.2,-44.0,-206.2
2026-06-16,278470,399500.0,37.88,-80.2,-83.4,165.3
2026-06-17,278470,408500.0,37.81,72.3,-13.3,-57.4
2026-06-18,278470,378000.0,37.88,-521.3,-384.2,891.3
2026-06-19,278470,385500.0,37.44,132.0,1.3,-128.3
2026-06-22,278470,373000.0,37.59,66.2,-100.2,41.7
2026-06-23,278470,355500.0,37.62,2.7,90.4,-81.9
2026-06-24,278470,371000.0,37.66,-18.2,68.4,-57.3
2026-06-25,278470,381000.0,37.72,-25.9,46.7,-29.6
2026-06-26,278470,363000.0,37.75,-71.0,5.9,60.1
2026-06-29,278470,386000.0,37.69,-86.9,134.0,-56.9
2026-06-30,278470,385500.0,37.69,-137.1,190.3,-59.0
2026-07-01,278470,408000.0,37.62,127.8,153.9,-286.5
2026-07-02,278470,402000.0,37.75,-436.6,438.0,-11.0
2026-07-03,278470,382500.0,37.47,-202.3,77.4,115.5
2026-07-06,278470,378500.0,37.28,-123.7,-32.9,149.3
2026-07-07,278470,410000.0,37.16,-82.2,392.5,-321.7
2026-07-08,278470,385500.0,37.16,-233.1,24.1,195.9
2026-07-09,278470,365500.0,36.94,-256.4,-139.4,394.3
2026-07-10,278470,375000.0,36.69,165.9,-139.4,-21.2
2026-07-13,278470,380000.0,36.88,142.3,47.4,-190.3
2025-07-14,278650,1475.0,1.65,0.3,-0.0,-0.3
2025-07-15,278650,1474.0,1.67,-0.2,0.0,0.2
2025-07-16,278650,1473.0,1.72,0.1,0.0,-0.1
2025-07-17,278650,1506.0,1.73,1.2,-0.0,-1.2
2025-07-18,278650,1496.0,1.82,-0.7,-0.0,0.7
2025-07-21,278650,1447.0,1.77,-0.5,-0.0,0.5
2025-07-22,278650,1444.0,1.73,-0.5,-0.0,0.5
2025-07-23,278650,1453.0,1.69,-0.1,-0.0,0.2
2025-07-24,278650,1432.0,1.68,-0.6,0.0,0.6
2025-07-25,278650,1430.0,1.63,-0.3,-0.0,0.3
2025-07-28,278650,1408.0,1.61,-0.8,0.0,0.8
2025-07-29,278650,1389.0,1.55,0.1,0.0,-0.1
2025-07-30,278650,1389.0,1.55,-0.6,0.0,0.6
2025-07-31,278650,1380.0,1.5,-0.2,-0.0,0.2
2025-08-01,278650,1344.0,1.48,0.1,0.1,-0.2
2025-08-04,278650,1350.0,1.5,0.1,0.0,-0.1
2025-08-05,278650,1362.0,1.5,-0.0,0.0,-0.0
2025-08-06,278650,1355.0,1.5,0.1,-0.0,-0.2
2025-08-07,278650,1316.0,1.51,0.0,-0.0,0.0
2025-08-08,278650,1297.0,1.52,0.2,0.0,-0.2
2025-08-11,278650,1286.0,1.53,1.1,0.0,-1.1
2025-08-12,278650,1318.0,1.63,0.6,-0.0,-0.6
2025-08-13,278650,1365.0,1.69,0.9,0.0,-0.9
2025-08-14,278650,1378.0,1.77,0.1,-0.0,-0.0
2025-08-18,278650,1309.0,1.77,0.4,0.0,-0.4
2025-08-19,278650,1285.0,1.81,-0.1,0.0,0.1
2025-08-20,278650,1293.0,1.8,0.8,0.0,-0.7
2025-08-21,278650,1285.0,1.87,0.1,0.0,-0.1
2025-08-22,278650,1256.0,1.88,-0.3,0.0,0.3
2025-08-25,278650,1249.0,1.85,-0.1,-0.0,0.0
2025-08-26,278650,1244.0,1.86,0.1,0.0,-0.1
2025-08-27,278650,1249.0,1.87,0.3,-0.0,-0.3
2025-08-28,278650,1258.0,1.9,0.1,0.0,-0.0
2025-08-29,278650,1246.0,1.9,0.1,0.0,-0.1
2025-09-01,278650,1246.0,1.92,0.2,0.0,-0.2
2025-09-02,278650,1287.0,1.93,0.6,0.0,-0.6
2025-09-03,278650,1297.0,1.99,0.2,0.0,-0.2
2025-09-04,278650,1311.0,2.0,0.4,0.0,-0.4
2025-09-05,278650,1354.0,2.04,1.3,0.0,-1.3
2025-09-08,278650,1316.0,2.15,-0.8,0.0,0.9
2025-09-09,278650,1309.0,2.08,-0.0,0.0,0.0
2025-09-10,278650,1310.0,2.07,-0.0,0.0,0.0
2025-09-11,278650,1319.0,2.07,0.3,-0.0,-0.3
2025-09-12,278650,1322.0,2.1,0.2,,-0.2
2025-09-15,278650,1353.0,2.12,0.4,-0.0,-0.4
2025-09-16,278650,1360.0,2.15,-0.3,0.0,0.3
2025-09-17,278650,1364.0,2.13,0.2,0.0,-0.2
2025-09-18,278650,1365.0,2.15,0.2,0.0,-0.2
2025-09-19,278650,1376.0,2.16,-2.5,0.0,2.4
2025-09-22,278650,1367.0,1.96,-0.2,0.0,0.2
2025-09-23,278650,1342.0,1.94,-0.1,0.0,0.1
2025-09-24,278650,1314.0,1.92,-0.1,0.0,0.1
2025-09-25,278650,1343.0,1.91,-0.3,-0.0,0.3
2025-09-26,278650,1355.0,1.89,-1.8,0.0,1.8
2025-09-29,278650,1380.0,1.73,0.5,-0.3,-0.3
2025-09-30,278650,1352.0,1.78,-1.5,0.0,1.5
2025-10-01,278650,1342.0,1.65,-0.9,0.1,0.7
2025-10-02,278650,1369.0,1.57,1.5,0.1,-1.5
2025-10-10,278650,1359.0,1.7,-1.5,-0.0,1.5
2025-10-13,278650,1385.0,1.58,0.8,-0.0,-0.8
2025-10-14,278650,1334.0,1.64,-0.2,-0.0,0.1
2025-10-15,278650,1329.0,1.63,-0.1,0.0,0.1
2025-10-16,278650,1323.0,1.62,-0.1,-0.0,0.1
2025-10-17,278650,1312.0,1.61,-0.6,0.0,0.3
2025-10-20,278650,1326.0,1.56,-0.3,-0.0,0.3
2025-10-21,278650,1341.0,1.53,1.4,0.1,-1.5
2025-10-22,278650,1338.0,1.65,0.2,0.1,-0.3
2025-10-23,278650,1321.0,2.19,-0.1,0.0,-0.1
2025-10-24,278650,1340.0,2.18,1.2,0.0,-1.3
2025-10-27,278650,1319.0,2.29,2.4,-0.4,-2.0
2025-10-28,278650,1307.0,2.49,-0.5,-0.0,0.5
2025-10-29,278650,1299.0,2.45,-0.8,-0.0,0.9
2025-10-30,278650,1293.0,2.38,-0.3,0.0,0.3
2025-10-31,278650,1230.0,2.36,-1.2,-0.0,1.1
2025-11-03,278650,1211.0,2.25,-0.7,-0.0,0.8
2025-11-04,278650,1574.0,2.18,15.2,0.0,-15.5
2025-11-05,278650,1648.0,3.34,-21.0,0.0,23.1
2025-11-06,278650,1599.0,2.1,-0.3,0.0,3.4
2025-11-07,278650,1472.0,2.09,2.2,-0.0,-0.9
2025-11-10,278650,1406.0,2.25,-4.4,0.0,4.4
2025-11-11,278650,1456.0,1.86,4.1,0.0,-4.0
2025-11-12,278650,1481.0,2.19,0.1,0.0,-0.2
2025-11-13,278650,1589.0,2.2,1.5,0.0,-1.8
2025-11-14,278650,1525.0,2.28,0.7,-0.0,-0.7
2025-11-17,278650,1537.0,2.33,-0.3,0.0,0.4
2025-11-18,278650,1480.0,2.31,2.8,0.0,-2.8
2025-11-19,278650,1486.0,2.53,1.0,-0.0,-1.0
2025-11-20,278650,1450.0,2.6,-1.4,0.0,1.4
2025-11-21,278650,1413.0,2.5,0.6,0.0,-0.6
2025-11-24,278650,1385.0,2.55,0.6,-0.0,-0.4
2025-11-25,278650,1409.0,2.6,0.8,-0.0,-0.9
2025-11-26,278650,1470.0,2.66,1.5,0.0,-1.5
2025-11-27,278650,1446.0,2.78,0.3,-0.0,-0.3
2025-11-28,278650,1495.0,2.8,1.1,-0.0,-1.1
2025-12-01,278650,1521.0,2.89,0.1,-0.0,-0.1
2025-12-02,278650,1583.0,2.99,1.5,0.0,-1.4
2025-12-03,278650,1529.0,3.1,-0.7,0.0,0.7
2025-12-04,278650,1509.0,3.05,0.1,-0.0,-0.1
2025-12-05,278650,1518.0,3.06,0.2,-0.0,-0.1
2025-12-08,278650,1550.0,3.07,0.3,-0.0,-0.4
2025-12-09,278650,1584.0,3.1,1.0,-0.0,-0.9
2025-12-10,278650,1540.0,3.17,-0.0,-0.0,0.1
2025-12-11,278650,1581.0,3.16,2.2,0.0,-2.2
2025-12-12,278650,1555.0,3.32,-0.4,-0.0,0.4
2025-12-15,278650,1520.0,3.29,-0.1,0.0,0.1
2025-12-16,278650,1480.0,3.29,-0.1,-0.0,0.2
2025-12-17,278650,1467.0,3.81,0.2,-0.0,0.1
2025-12-18,278650,1443.0,3.8,-0.0,0.0,0.0
2025-12-19,278650,1471.0,3.79,-0.1,-0.0,0.3
2025-12-22,278650,1460.0,3.78,-0.5,-0.0,0.8
2025-12-23,278650,1451.0,3.74,0.2,0.0,-0.2
2025-12-24,278650,1432.0,3.76,-1.2,0.0,1.5
2025-12-26,278650,1396.0,3.68,-0.7,0.0,0.8
2025-12-29,278650,1418.0,3.62,0.9,-0.0,-0.8
2025-12-30,278650,1454.0,3.69,1.6,-0.0,-1.7
2026-01-02,278650,1499.0,3.81,1.2,0.0,-1.2
2026-01-05,278650,1522.0,3.91,2.7,-0.0,-2.7
2026-01-06,278650,1502.0,4.11,-1.7,0.0,1.7
2026-01-07,278650,1486.0,4.01,-0.5,0.0,0.5
2026-01-08,278650,1423.0,3.97,-1.2,-0.1,1.3
2026-01-09,278650,1404.0,3.88,-0.8,-0.0,0.8
2026-01-12,278650,1500.0,3.81,2.2,-0.0,-2.2
2026-01-13,278650,1443.0,3.98,-1.0,0.0,1.0
2026-01-14,278650,1420.0,3.97,-1.4,0.0,1.4
2026-01-15,278650,1445.0,3.85,-0.1,0.0,0.1
2026-01-16,278650,1440.0,3.85,-0.3,-0.0,0.3
2026-01-19,278650,1402.0,3.83,-0.2,0.0,0.2
2026-01-20,278650,1493.0,3.81,4.0,-0.0,-4.0
2026-01-21,278650,1427.0,4.12,-1.9,-0.0,1.9
2026-01-22,278650,1477.0,3.96,4.1,-0.0,-4.1
2026-01-23,278650,1588.0,4.28,3.8,0.0,-3.8
2026-01-26,278650,1607.0,4.67,-3.4,0.0,3.4
2026-01-27,278650,1664.0,4.43,0.7,-0.0,-0.7
2026-01-28,278650,1596.0,4.51,-0.8,0.0,0.8
2026-01-29,278650,1572.0,4.45,0.4,0.0,-0.4
2026-01-30,278650,1445.0,4.48,-2.5,0.0,2.5
2026-02-02,278650,1381.0,4.27,-3.5,-0.0,3.5
2026-02-03,278650,1396.0,3.98,-1.5,-0.0,1.5
2026-02-04,278650,1358.0,3.85,-0.5,0.0,0.4
2026-02-05,278650,1310.0,3.82,-1.1,0.0,1.1
2026-02-06,278650,1286.0,3.72,-0.8,-0.0,0.9
2026-02-09,278650,1297.0,3.65,-0.8,-0.0,0.8
2026-02-10,278650,1306.0,3.58,0.2,0.0,-0.3
2026-02-11,278650,1293.0,3.6,-0.8,0.0,0.8
2026-02-12,278650,1288.0,3.52,-0.1,0.0,0.1
2026-02-13,278650,1263.0,3.51,-1.7,0.0,1.7
2026-02-19,278650,1272.0,3.36,0.3,-0.0,-0.3
2026-02-20,278650,1244.0,3.38,-1.0,0.0,1.0
2026-02-23,278650,1233.0,3.29,-0.3,0.0,0.3
2026-02-24,278650,1259.0,2.92,0.9,-0.0,-0.9
2026-02-25,278650,1245.0,3.01,-0.6,0.0,0.1
2026-02-26,278650,1218.0,2.73,-1.5,-0.0,1.6
2026-02-27,278650,1202.0,2.59,-0.6,-0.0,0.6
2026-03-03,278650,1213.0,2.53,-0.2,0.0,0.2
2026-03-04,278650,1099.0,2.46,-0.4,-0.0,0.5
2026-03-05,278650,1232.0,2.42,1.4,0.0,-1.4
2026-03-06,278650,1221.0,2.55,0.9,0.0,-1.0
2026-03-09,278650,1210.0,2.64,1.9,-1.0,-0.8
2026-03-10,278650,1224.0,2.82,0.9,-0.0,-0.9
2026-03-11,278650,1241.0,2.9,0.3,-0.0,-0.3
2026-03-12,278650,1250.0,2.93,0.9,-0.0,-0.9
2026-03-13,278650,1222.0,3.02,3.4,-3.2,-0.3
2026-03-16,278650,1217.0,3.33,0.6,-0.0,-0.6
2026-03-17,278650,1241.0,3.39,1.3,0.0,-1.3
2026-03-18,278650,1256.0,3.51,0.7,0.0,-0.7
2026-03-19,278650,1276.0,3.47,-0.9,-0.0,1.0
2026-03-20,278650,1283.0,3.38,0.2,-0.0,-0.2
2026-03-23,278650,1228.0,3.39,0.0,0.0,-0.1
2026-03-24,278650,1246.0,3.39,0.4,0.0,-0.5
2026-03-25,278650,1282.0,3.42,0.9,0.0,-0.9
2026-03-26,278650,1278.0,3.5,-0.4,0.0,0.4
2026-03-27,278650,1294.0,3.46,1.2,0.0,-1.2
2026-03-30,278650,1259.0,3.57,-1.5,-0.0,1.5
2026-03-31,278650,1190.0,3.43,-0.1,0.0,0.1
2026-04-01,278650,1229.0,3.42,1.3,-0.0,-1.3
2026-04-02,278650,1191.0,3.54,-0.5,0.0,0.5
2026-04-03,278650,1191.0,3.49,-0.4,0.0,0.4
2026-04-06,278650,1197.0,3.45,-0.3,-0.0,0.4
2026-04-07,278650,1197.0,3.42,-0.1,-0.0,0.2
2026-04-08,278650,1243.0,3.4,1.0,-0.0,-1.0
2026-04-09,278650,1258.0,3.5,0.1,-0.0,-0.1
2026-04-10,278650,1288.0,3.5,1.2,-0.0,-1.2
2026-04-13,278650,1288.0,3.61,0.6,0.0,-0.7
2026-04-14,278650,1364.0,3.67,0.6,0.0,-0.7
2026-04-15,278650,1425.0,3.72,2.3,0.0,-2.5
2026-04-16,278650,1415.0,3.91,1.4,0.0,-1.4
2026-04-17,278650,1405.0,4.03,-1.1,0.0,1.2
2026-04-20,278650,1375.0,3.94,0.1,0.0,-0.0
2026-04-21,278650,1319.0,3.95,-0.9,0.0,0.8
2026-04-22,278650,1297.0,3.85,-0.2,1.4,-1.1
2026-04-23,278650,1272.0,3.83,-0.8,1.5,-0.1
2026-04-24,278650,1272.0,3.76,,,
2026-04-27,278650,1272.0,3.76,,,
2026-04-28,278650,1272.0,3.76,,,
2026-04-29,278650,1272.0,3.76,,,
2026-04-30,278650,1272.0,3.76,,,
2026-05-04,278650,1272.0,3.76,,,
2026-05-06,278650,1272.0,3.76,,,
2026-05-07,278650,1272.0,3.76,,,
2026-05-08,278650,1272.0,3.76,,,
2026-05-11,278650,1272.0,3.76,,,
2026-05-12,278650,1272.0,3.76,,,
2026-05-13,278650,1272.0,3.76,,,
2026-05-14,278650,1272.0,3.76,,,
2026-05-15,278650,1272.0,3.76,,,
2026-05-18,278650,4785.0,1.48,-4.0,-1.8,5.8
2026-05-19,278650,4255.0,0.93,-0.9,-0.4,1.3
2026-05-20,278650,3830.0,1.36,-0.4,0.0,0.4
2026-05-21,278650,3780.0,1.31,0.4,-0.0,-0.5
2026-05-22,278650,4080.0,1.36,0.6,0.0,-0.9
2026-05-26,278650,4000.0,1.44,-1.0,0.0,1.3
2026-05-27,278650,3715.0,1.3,-0.2,-0.0,0.2
2026-05-28,278650,3660.0,1.26,-0.1,-0.0,0.1
2026-05-29,278650,3355.0,1.25,-0.6,0.0,0.6
2026-06-01,278650,3435.0,1.14,0.9,0.0,-0.9
2026-06-02,278650,3235.0,1.3,0.3,0.0,-0.3
2026-06-04,278650,3115.0,1.35,-0.1,0.0,0.1
2026-06-05,278650,3150.0,1.33,0.7,-0.0,-0.6
2026-06-08,278650,2920.0,1.45,-0.5,0.0,0.5
2026-06-09,278650,2975.0,1.34,-0.1,0.0,0.1
2026-06-10,278650,2985.0,1.32,0.4,0.0,-0.4
2026-06-11,278650,2990.0,1.4,0.1,0.0,-0.1
2026-06-12,278650,2950.0,1.41,0.2,-0.1,-0.1
2026-06-15,278650,3090.0,1.44,0.0,0.0,-0.0
2026-06-16,278650,3145.0,1.45,-2.3,0.0,2.3
2026-06-17,278650,3435.0,1.06,2.1,-1.0,-1.1
2026-06-18,278650,3250.0,1.43,-0.8,0.0,0.8
2026-06-19,278650,3000.0,1.29,-0.8,0.0,0.8
2026-06-22,278650,3010.0,1.14,0.3,0.0,-0.3
2026-06-23,278650,2820.0,1.2,-0.0,-0.0,0.0
2026-06-24,278650,2785.0,1.2,-0.5,0.0,0.5
2026-06-25,278650,2635.0,1.09,0.2,0.0,-0.2
2026-06-26,278650,2510.0,1.14,0.4,-0.0,-0.4
2026-06-29,278650,2790.0,1.28,0.5,0.0,-0.5
2026-06-30,278650,2860.0,1.38,-0.0,0.0,0.0
2026-07-01,278650,2905.0,1.38,-0.4,0.0,0.4
2026-07-02,278650,2845.0,1.3,-0.1,0.0,0.1
2026-07-03,278650,2895.0,1.36,0.0,0.0,-0.0
2026-07-06,278650,2960.0,1.37,-0.2,0.0,0.2
2026-07-07,278650,2935.0,1.34,0.0,0.0,-0.0
2026-07-08,278650,2780.0,1.45,-0.2,-0.0,0.2
2026-07-09,278650,2860.0,1.42,-0.2,0.0,0.2
2026-07-10,278650,2010.0,1.38,2.1,0.0,-2.1
2026-07-13,278650,1933.0,1.95,0.6,0.0,-0.6
2025-12-30,279570,,,,,
2026-01-30,279570,,,,,
2026-02-27,279570,,,,,
2026-03-05,279570,8330.0,0.37,-160.6,-2070.8,3611.9
2026-03-06,279570,7750.0,0.0,-8.8,18.2,267.1
2026-03-09,279570,6930.0,0.0,-4.6,16.1,29.3
2026-03-10,279570,7510.0,0.0,78.8,-8.5,259.2
2026-03-11,279570,7480.0,0.14,2.0,6.1,-21.3
2026-03-12,279570,7260.0,0.15,-29.0,0.6,57.2
2026-03-13,279570,7110.0,0.07,-43.7,-10.2,80.7
2026-03-16,279570,6900.0,0.05,-3.3,-4.4,13.3
2026-03-17,279570,7040.0,0.06,33.8,12.9,-47.2
2026-03-18,279570,6950.0,0.19,-47.7,-2.7,47.5
2026-03-19,279570,6710.0,0.06,-17.1,-7.3,24.9
2026-03-20,279570,6600.0,0.01,18.1,-92.6,80.7
2026-03-23,279570,6150.0,0.09,-22.9,-6.8,31.9
2026-03-24,279570,6120.0,0.04,0.5,-29.8,15.4
2026-03-25,279570,6320.0,0.05,40.2,-4.2,-34.7
2026-03-26,279570,6370.0,0.21,-15.8,4.7,11.1
2026-03-27,279570,6270.0,0.18,-2.3,-0.8,2.9
2026-03-30,279570,6080.0,0.18,-1.8,0.7,-0.4
2026-03-31,279570,5970.0,0.19,-4.5,4.8,-0.8
2026-04-01,279570,6080.0,0.17,5.0,-2.8,-3.4
2026-04-02,279570,5790.0,0.19,-18.4,-3.8,18.4
2026-04-03,279570,5880.0,0.17,2.2,-1.0,-1.4
2026-04-06,279570,6180.0,0.18,40.9,-11.7,-25.9
2026-04-07,279570,5950.0,0.34,-27.1,-4.6,31.4
2026-04-08,279570,6220.0,0.25,28.9,5.3,-33.3
2026-04-09,279570,6070.0,0.37,-13.5,5.9,7.9
2026-04-10,279570,6250.0,0.32,16.9,6.8,-24.8
2026-04-13,279570,6420.0,0.4,4.6,5.1,-11.0
2026-04-14,279570,6340.0,0.42,-13.1,-16.2,30.5
2026-04-15,279570,6390.0,0.39,19.7,-4.8,-17.6
2026-04-16,279570,6370.0,0.47,-1.3,2.6,-0.5
2026-04-17,279570,6310.0,0.46,-5.2,-1.3,8.0
2026-04-20,279570,6310.0,0.44,5.6,0.9,-6.7
2026-04-21,279570,6340.0,0.46,4.7,5.6,-10.4
2026-04-22,279570,6370.0,0.51,23.3,6.0,-28.1
2026-04-23,279570,6360.0,0.6,-3.4,3.1,3.2
2026-04-24,279570,6510.0,0.59,25.0,-7.7,-20.7
2026-04-27,279570,6370.0,0.68,-45.8,-2.6,50.9
2026-04-28,279570,6250.0,0.51,-15.6,0.5,13.6
2026-04-29,279570,6280.0,0.45,-6.5,16.4,-6.3
2026-04-30,279570,6220.0,0.42,-0.7,3.3,-1.6
2026-05-04,279570,6290.0,0.42,16.5,-0.8,-14.9
2026-05-06,279570,6080.0,0.48,-63.9,-1.7,71.4
2026-05-07,279570,6000.0,0.23,-7.9,10.4,-3.1
2026-05-08,279570,5950.0,0.22,-9.6,5.3,4.2
2026-05-11,279570,5790.0,0.18,-37.3,-11.7,50.9
2026-05-12,279570,5490.0,0.04,-6.1,-62.4,66.0
2026-05-13,279570,5590.0,0.04,-5.8,26.7,-21.1
2026-05-14,279570,5550.0,0.02,-4.4,16.5,-12.8
2026-05-15,279570,5430.0,0.0,-11.0,21.7,-6.2
2026-05-18,279570,5490.0,0.0,4.9,29.5,-33.3
2026-05-19,279570,5470.0,0.0,-1.5,21.4,-19.3
2026-05-20,279570,5320.0,0.0,-2.1,18.6,-14.2
2026-05-21,279570,5290.0,0.0,-7.1,11.3,-4.2
2026-05-22,279570,5530.0,0.0,10.8,16.6,-28.5
2026-05-26,279570,5670.0,0.0,-3.1,13.9,-12.8
2026-05-27,279570,5530.0,0.0,0.4,22.1,-23.6
2026-05-28,279570,5780.0,0.0,3.3,28.6,-28.9
2026-05-29,279570,5790.0,0.0,-18.0,32.5,-15.1
2026-06-01,279570,5600.0,0.0,-2.2,24.0,-17.2
2026-06-02,279570,5590.0,0.0,6.2,18.9,-25.4
2026-06-04,279570,5590.0,0.0,-2.9,16.6,-13.1
2026-06-05,279570,5570.0,0.0,-8.5,10.5,-1.0
2026-06-08,279570,5450.0,0.0,-3.5,36.3,-28.8
2026-06-09,279570,5780.0,0.0,21.3,31.4,-52.0
2026-06-10,279570,6030.0,0.02,-0.7,45.2,-43.7
2026-06-11,279570,6220.0,0.03,8.6,60.7,-87.8
2026-06-12,279570,6570.0,0.1,101.6,142.5,-240.7
2026-06-15,279570,6980.0,0.51,37.7,171.0,-207.3
2026-06-16,279570,6880.0,0.65,-36.3,151.6,-105.1
2026-06-17,279570,7200.0,0.51,63.7,85.1,-154.3
2026-06-18,279570,6880.0,0.73,1.7,83.1,-47.7
2026-06-19,279570,6950.0,0.72,-11.3,80.3,-66.7
2026-06-22,279570,6280.0,0.67,9.0,22.1,-12.8
2026-06-23,279570,6050.0,0.69,0.3,20.0,-22.4
2026-06-24,279570,5870.0,0.7,-16.7,22.4,-0.3
2026-06-25,279570,6140.0,0.62,-12.4,27.5,-22.1
2026-06-26,279570,5610.0,0.58,-44.8,3.0,48.9
2026-06-29,279570,5640.0,0.39,-13.5,-1.3,14.6
2026-06-30,279570,5680.0,0.33,8.3,-5.7,-5.3
2026-07-01,279570,5600.0,0.37,-12.5,5.8,11.1
2026-07-02,279570,5600.0,0.32,2.7,12.3,-15.4
2026-07-03,279570,5630.0,0.35,-1.7,-0.0,2.2
2026-07-06,279570,5600.0,0.34,-11.6,4.2,7.4
2026-07-07,279570,5470.0,0.29,-10.2,-0.5,10.1
2026-07-08,279570,5320.0,0.24,-5.8,-2.0,8.1
2026-07-09,279570,5300.0,0.22,2.7,-1.4,-1.3
2026-07-10,279570,5520.0,0.23,8.9,18.5,-27.5
2026-07-13,279570,5650.0,0.27,13.5,25.7,-38.9
2025-07-14,279600,13160.0,0.49,0.1,-0.0,0.1
2025-07-15,279600,13600.0,0.51,0.3,0.0,-0.8
2025-07-16,279600,13400.0,0.56,-1.0,-0.0,0.8
2025-07-17,279600,13500.0,0.39,-0.1,,0.3
2025-07-18,279600,13240.0,0.38,-0.2,0.0,-0.0
2025-07-21,279600,12730.0,0.34,-0.7,0.0,1.3
2025-07-22,279600,12450.0,0.23,-0.1,,0.1
2025-07-23,279600,12700.0,0.21,0.4,0.0,-0.3
2025-07-24,279600,12570.0,0.27,-0.0,,-0.0
2025-07-25,279600,12830.0,0.26,-0.1,,0.1
2025-07-28,279600,12900.0,0.25,-0.2,0.0,-0.0
2025-07-29,279600,13230.0,0.22,1.1,,-1.1
2025-07-30,279600,12550.0,0.4,-0.8,,1.5
2025-07-31,279600,12600.0,0.26,0.9,,-0.7
2025-08-01,279600,12630.0,0.41,0.1,,0.1
2025-08-04,279600,13400.0,0.42,4.7,0.0,-1.5
2025-08-05,279600,12830.0,1.18,-3.7,,4.3
2025-08-06,279600,12510.0,0.58,-0.1,,0.0
2025-08-07,279600,12350.0,0.56,-0.6,,0.3
2025-08-08,279600,12080.0,0.46,-0.4,-0.0,-0.9
2025-08-11,279600,11970.0,0.39,-0.0,0.0,0.0
2025-08-12,279600,11810.0,0.38,0.0,0.0,-0.0
2025-08-13,279600,11820.0,0.39,-0.0,,0.1
2025-08-14,279600,12220.0,0.38,0.3,0.0,-0.1
2025-08-18,279600,11770.0,0.43,-0.1,0.0,-0.0
2025-08-19,279600,11640.0,0.42,-0.0,0.0,0.0
2025-08-20,279600,11300.0,0.41,-0.1,,0.1
2025-08-21,279600,11280.0,0.4,0.0,,0.0
2025-08-22,279600,11280.0,0.41,0.0,0.0,-0.0
2025-08-25,279600,11340.0,0.41,0.0,0.0,-0.0
2025-08-26,279600,11390.0,0.41,0.1,,-0.1
2025-08-27,279600,11320.0,0.43,-0.1,,0.1
2025-08-28,279600,11320.0,0.42,-0.0,,0.0
2025-08-29,279600,11500.0,0.41,-0.2,-0.0,0.1
2025-09-01,279600,11250.0,0.38,-0.0,0.0,0.0
2025-09-02,279600,11070.0,0.37,0.0,,-0.0
2025-09-03,279600,10900.0,0.38,0.0,,-0.0
2025-09-04,279600,10900.0,0.39,0.1,,-0.1
2025-09-05,279600,10920.0,0.4,-0.0,,0.0
2025-09-08,279600,10930.0,0.39,0.0,,-0.0
2025-09-09,279600,10720.0,0.39,-0.0,,-0.0
2025-09-10,279600,10720.0,0.39,-0.1,,0.1
2025-09-11,279600,10570.0,0.38,-0.1,,0.1
2025-09-12,279600,11510.0,0.37,0.2,,-0.6
2025-09-15,279600,10960.0,0.4,-0.0,,-0.0
2025-09-16,279600,10830.0,0.39,-0.0,,0.0
2025-09-17,279600,10800.0,0.39,-0.0,0.0,0.0
2025-09-18,279600,10680.0,0.38,0.1,,0.0
2025-09-19,279600,10600.0,0.39,-0.0,,-0.0
2025-09-22,279600,10290.0,0.39,-0.1,,0.1
2025-09-23,279600,10300.0,0.37,0.2,,-0.2
2025-09-24,279600,10210.0,0.4,0.0,0.0,-0.0
2025-09-25,279600,10120.0,0.4,0.0,,-0.0
2025-09-26,279600,9820.0,0.4,-0.1,0.0,0.1
2025-09-29,279600,10000.0,0.39,0.0,,0.0
2025-09-30,279600,10290.0,0.39,-0.0,,0.0
2025-10-01,279600,10110.0,0.39,-0.0,,0.0
2025-10-02,279600,10180.0,0.39,-0.0,,0.0
2025-10-10,279600,10010.0,0.38,-0.1,,0.1
2025-10-13,279600,9690.0,0.36,-0.0,,0.0
2025-10-14,279600,9330.0,0.35,0.1,,-0.1
2025-10-15,279600,9780.0,0.37,-0.0,,0.1
2025-10-16,279600,9690.0,0.36,-0.0,,0.0
2025-10-17,279600,9900.0,0.36,-0.0,,-0.0
2025-10-20,279600,9770.0,0.36,0.0,,-0.0
2025-10-21,279600,9590.0,0.36,-0.0,,0.0
2025-10-22,279600,9400.0,0.35,-0.0,,0.0
2025-10-23,279600,9450.0,0.34,0.0,,-0.0
2025-10-24,279600,9360.0,0.34,-0.1,,0.1
2025-10-27,279600,9350.0,0.32,0.0,0.0,-0.5
2025-10-28,279600,8970.0,0.33,-0.0,,-0.1
2025-10-29,279600,9020.0,0.33,-0.2,,-0.6
2025-10-30,279600,8170.0,0.28,-0.3,0.0,0.3
2025-10-31,279600,7800.0,0.21,-0.1,,-0.1
2025-11-03,279600,7100.0,0.18,1.0,,-1.7
2025-11-04,279600,7080.0,0.48,0.0,,-0.9
2025-11-05,279600,7430.0,0.48,0.2,,-0.2
2025-11-06,279600,7760.0,0.55,0.0,,-0.0
2025-11-07,279600,7890.0,0.56,-0.0,,0.0
2025-11-10,279600,8240.0,0.55,-0.0,,0.1
2025-11-11,279600,7970.0,0.54,-0.0,,0.0
2025-11-12,279600,8090.0,0.54,-0.0,,0.0
2025-11-13,279600,7920.0,0.53,-0.1,,0.1
2025-11-14,279600,7760.0,0.51,-0.1,,0.1
2025-11-17,279600,7560.0,0.49,-0.0,,0.0
2025-11-18,279600,7250.0,0.48,-0.0,,0.0
2025-11-19,279600,7350.0,0.48,0.0,,-0.0
2025-11-20,279600,7290.0,0.48,0.0,,-0.0
2025-11-21,279600,7100.0,0.48,0.0,,-0.0
2025-11-24,279600,7230.0,0.48,-0.0,,0.0
2025-11-25,279600,7090.0,0.48,-0.0,,0.0
2025-11-26,279600,7010.0,0.48,-0.0,,0.0
2025-11-27,279600,6620.0,0.48,0.1,,-0.1
2025-11-28,279600,7540.0,0.5,-0.7,,0.6
2025-12-01,279600,7240.0,0.33,-0.5,,0.5
2025-12-02,279600,7190.0,0.22,-0.1,,0.2
2025-12-03,279600,7170.0,0.18,-0.0,,0.0
2025-12-04,279600,7070.0,0.17,-0.0,,0.0
2025-12-05,279600,7410.0,0.17,0.0,,-0.0
2025-12-08,279600,7360.0,0.17,0.2,,-0.2
2025-12-09,279600,7230.0,0.24,-0.1,-0.0,0.1
2025-12-10,279600,7100.0,0.22,-0.1,,0.1
2025-12-11,279600,7160.0,0.2,0.0,,-0.0
2025-12-12,279600,7230.0,0.21,-0.0,,0.0
2025-12-15,279600,7190.0,0.2,0.1,,-0.1
2025-12-16,279600,7080.0,0.23,0.0,,-0.0
2025-12-17,279600,7060.0,0.26,0.1,,-0.1
2025-12-18,279600,7080.0,0.28,0.0,,-0.0
2025-12-19,279600,7090.0,0.28,0.2,,-0.2
2025-12-22,279600,7110.0,0.35,-0.0,,0.0
2025-12-23,279600,7000.0,0.34,0.1,,-0.1
2025-12-24,279600,7320.0,0.37,0.0,,-0.3
2025-12-26,279600,7290.0,0.37,0.0,,-0.2
2025-12-29,279600,6990.0,0.38,-0.0,,-0.0
2025-12-30,279600,7070.0,0.38,-0.1,,0.1
2026-01-02,279600,7030.0,0.36,-0.0,,0.0
2026-01-05,279600,7210.0,0.36,-0.1,,0.1
2026-01-06,279600,7170.0,0.36,-0.0,,0.0
2026-01-07,279600,7050.0,0.36,-0.0,,0.0
2026-01-08,279600,6960.0,0.35,-0.0,,0.0
2026-01-09,279600,6860.0,0.35,-0.0,,0.0
2026-01-12,279600,6840.0,0.35,0.0,,-0.0
2026-01-13,279600,6750.0,0.36,-0.0,,0.0
2026-01-14,279600,6330.0,0.35,0.5,,-0.5
2026-01-15,279600,6160.0,0.5,-0.0,,0.0
2026-01-16,279600,6200.0,0.49,-0.0,,0.1
2026-01-19,279600,6160.0,0.49,-0.0,-0.0,0.1
2026-01-20,279600,6390.0,0.47,-0.0,,0.0
2026-01-21,279600,6050.0,0.46,-0.0,,0.0
2026-01-22,279600,6040.0,0.45,-0.0,,0.0
2026-01-23,279600,6220.0,0.44,0.0,,-0.0
2026-01-26,279600,6650.0,0.45,-0.2,,0.1
2026-01-27,279600,6950.0,0.44,0.2,,-0.2
2026-01-28,279600,7050.0,0.49,-0.0,,0.1
2026-01-29,279600,7150.0,0.48,0.0,,-0.0
2026-01-30,279600,7300.0,0.49,-0.0,,0.0
2026-02-02,279600,6960.0,0.49,-0.0,,0.0
2026-02-03,279600,7370.0,0.48,0.1,,-0.2
2026-02-04,279600,7080.0,0.53,-0.1,,0.0
2026-02-05,279600,6950.0,0.51,0.0,,0.0
2026-02-06,279600,6730.0,0.51,0.0,,0.0
2026-02-09,279600,6550.0,0.52,0.1,,-0.1
2026-02-10,279600,6590.0,0.54,-0.1,,0.1
2026-02-11,279600,6320.0,0.51,0.1,,-0.1
2026-02-12,279600,6630.0,0.53,0.0,,-0.0
2026-02-13,279600,6760.0,0.54,-0.1,,0.1
2026-02-19,279600,6730.0,0.51,0.0,,-0.0
2026-02-20,279600,6500.0,0.52,-0.1,,0.1
2026-02-23,279600,6170.0,0.49,-0.1,,0.1
2026-02-24,279600,6090.0,0.43,-0.0,,0.0
2026-02-25,279600,6040.0,0.43,0.1,,0.1
2026-02-26,279600,6030.0,0.45,0.1,,-0.0
2026-02-27,279600,5860.0,0.46,-0.1,,0.0
2026-03-03,279600,5520.0,0.45,-0.1,,0.1
2026-03-04,279600,4930.0,0.42,0.1,,-0.1
2026-03-05,279600,5120.0,0.46,0.0,,-0.0
2026-03-06,279600,4960.0,0.46,0.0,,-0.0
2026-03-09,279600,5060.0,0.47,0.0,,-0.0
2026-03-10,279600,5020.0,0.48,0.0,,-0.0
2026-03-11,279600,5200.0,0.49,0.0,,-0.0
2026-03-12,279600,5310.0,0.5,-0.0,,0.0
2026-03-13,279600,6070.0,0.5,0.5,-0.6,0.1
2026-03-16,279600,5440.0,0.69,-0.1,,0.1
2026-03-17,279600,5420.0,0.65,0.0,,-0.0
2026-03-18,279600,5200.0,0.66,-0.0,,0.0
2026-03-19,279600,6760.0,0.66,-1.2,,1.2
2026-03-20,279600,8780.0,0.24,0.1,-0.0,-0.1
2026-03-23,279600,7100.0,0.26,-0.4,0.0,0.8
2026-03-24,279600,6520.0,0.17,0.4,,-0.4
2026-03-25,279600,6580.0,0.29,0.1,,-0.1
2026-03-26,279600,6100.0,0.31,0.1,,-0.1
2026-03-27,279600,6220.0,0.37,0.3,,-0.3
2026-03-30,279600,6570.0,0.6,-0.4,,0.3
2026-03-31,279600,6280.0,0.47,-0.2,,-0.1
2026-04-01,279600,6550.0,0.42,0.0,0.6,-0.6
2026-04-02,279600,6200.0,0.5,-0.0,,0.0
2026-04-03,279600,6360.0,0.5,0.0,,-0.0
2026-04-06,279600,6370.0,0.51,0.0,,-0.0
2026-04-07,279600,6210.0,0.42,-0.0,,0.0
2026-04-08,279600,6250.0,0.4,0.1,,-0.1
2026-04-09,279600,6150.0,0.43,-0.0,,0.0
2026-04-10,279600,6250.0,0.42,-0.0,,0.0
2026-04-13,279600,6120.0,0.42,-0.0,,0.0
2026-04-14,279600,6110.0,0.42,0.0,,-0.0
2026-04-15,279600,6140.0,0.43,0.1,,-0.1
2026-04-16,279600,6110.0,0.45,0.0,,-0.0
2026-04-17,279600,6160.0,0.46,-0.0,,0.0
2026-04-20,279600,6100.0,0.45,0.0,,-0.0
2026-04-21,279600,6150.0,0.46,0.0,,-0.0
2026-04-22,279600,6090.0,0.47,-0.0,,0.0
2026-04-23,279600,6130.0,0.47,-0.1,,0.1
2026-04-24,279600,6030.0,0.45,-0.0,,0.0
2026-04-27,279600,5900.0,0.45,0.0,-0.0,-0.0
2026-04-28,279600,5930.0,0.45,-0.0,,0.0
2026-04-29,279600,5890.0,0.45,-0.0,,0.0
2026-04-30,279600,5830.0,0.44,-0.0,,0.0
2026-05-04,279600,5760.0,0.44,-0.0,,0.0
2026-05-06,279600,5550.0,0.42,-0.0,,0.0
2026-05-07,279600,4980.0,0.42,0.1,,0.3
2026-05-08,279600,5330.0,0.48,0.3,0.0,0.4
2026-05-11,279600,5010.0,0.63,0.2,0.0,0.4
2026-05-12,279600,4750.0,0.7,-0.0,0.0,-0.0
2026-05-13,279600,5000.0,0.7,0.1,0.0,-0.1
2026-05-14,279600,4875.0,0.73,-0.1,-0.0,0.1
2026-05-15,279600,4885.0,0.7,0.0,0.0,-0.0
2026-05-18,279600,4465.0,0.7,-0.1,0.0,0.0
2026-05-19,279600,4510.0,0.66,0.0,0.0,-0.0
2026-05-20,279600,4535.0,0.67,-0.0,-0.0,0.0
2026-05-21,279600,4545.0,0.67,0.2,-0.0,-0.2
2026-05-22,279600,4450.0,0.75,-0.1,0.0,0.0
2026-05-26,279600,4770.0,0.73,0.1,0.0,-0.0
2026-05-27,279600,5050.0,0.76,0.0,-0.1,0.0
2026-05-28,279600,4670.0,0.73,-0.1,-0.0,0.1
2026-05-29,279600,4540.0,0.66,-0.0,0.0,0.0
2026-06-01,279600,4410.0,0.66,-0.3,0.0,0.3
2026-06-02,279600,4400.0,0.54,0.0,0.0,-0.0
2026-06-04,279600,4235.0,0.54,-0.0,0.0,0.0
2026-06-05,279600,4220.0,0.52,-0.0,-0.0,0.0
2026-06-08,279600,3995.0,0.52,-0.0,0.0,0.0
2026-06-09,279600,3900.0,0.5,-0.0,0.0,0.0
2026-06-10,279600,3695.0,0.48,-0.0,0.0,0.0
2026-06-11,279600,3640.0,0.47,0.0,0.0,-0.0
2026-06-12,279600,3800.0,0.48,-0.0,,0.0
2026-06-15,279600,3765.0,0.48,0.2,0.0,-0.2
2026-06-16,279600,3755.0,0.58,0.1,-0.0,-0.1
2026-06-17,279600,3920.0,0.64,0.0,-0.0,-0.0
2026-06-18,279600,3725.0,0.67,0.0,0.0,-0.0
2026-06-19,279600,3800.0,0.67,-0.0,0.0,0.0
2026-06-22,279600,3435.0,0.65,-0.0,-0.0,0.0
2026-06-23,279600,3375.0,0.64,-0.0,-0.0,0.0
2026-06-24,279600,3345.0,0.64,-0.0,0.0,0.0
2026-06-25,279600,3340.0,0.61,-0.0,0.0,0.0
2026-06-26,279600,3110.0,0.6,-0.0,0.0,0.0
2026-06-29,279600,3245.0,0.6,0.0,-0.0,-0.0
2026-06-30,279600,3410.0,0.61,-0.0,,-0.0
2026-07-01,279600,3430.0,0.6,-0.0,0.0,0.0
2026-07-02,279600,3400.0,0.6,0.0,0.0,-0.0
2026-07-03,279600,3750.0,0.6,-0.0,-0.0,-0.0
2026-07-06,279600,3670.0,0.6,-0.2,,0.2
2026-07-07,279600,4005.0,0.51,-0.0,0.0,0.0
2026-07-08,279600,3660.0,0.49,-0.1,,0.1
2026-07-09,279600,3605.0,0.46,-0.0,,0.0
2026-07-10,279600,3500.0,0.45,-0.0,0.0,0.0
2026-07-13,279600,3330.0,0.45,0.0,-0.0,-0.0
