날짜,코드,종가,외인지분율,외인_억,기관_억,개인_억
2025-07-14,900070,,3.17,0.1,,-0.0
2025-07-15,900070,,3.2,0.0,,0.0
2025-07-16,900070,,3.2,-0.0,,0.0
2025-07-17,900070,,3.19,-0.0,,-0.0
2025-07-18,900070,,3.18,-0.0,,0.1
2025-07-21,900070,,3.16,0.1,,0.0
2025-07-22,900070,,3.2,0.0,,-0.0
2025-07-23,900070,,3.21,0.1,,-0.1
2025-07-24,900070,,3.24,-0.1,,0.1
2025-07-25,900070,,3.21,-0.1,,0.2
2025-07-28,900070,,3.16,0.1,,-0.1
2025-07-29,900070,,3.19,0.1,,-0.1
2025-07-30,900070,,3.24,-0.0,,-0.0
2025-07-31,900070,,3.24,0.0,,-0.0
2025-08-01,900070,,3.24,-0.1,,0.1
2025-08-04,900070,,3.21,0.1,,-0.1
2025-08-05,900070,,3.23,0.0,,0.0
2025-08-06,900070,,3.23,0.0,,0.0
2025-08-07,900070,,3.24,0.0,,-0.0
2025-08-08,900070,,3.24,-0.0,,0.0
2025-08-11,900070,,3.23,0.0,,-0.1
2025-08-12,900070,,3.25,0.1,,-0.1
2025-08-13,900070,,3.3,-0.0,,-0.0
2025-08-14,900070,,3.29,-0.0,,0.0
2025-08-18,900070,,3.28,-0.0,,0.0
2025-08-19,900070,,3.28,0.1,,-0.1
2025-08-20,900070,,3.3,-0.1,,0.1
2025-08-21,900070,,3.27,0.0,,-0.0
2025-08-22,900070,,3.29,0.0,,-0.0
2025-08-25,900070,,3.29,0.0,,-0.0
2025-08-26,900070,,3.29,-0.0,,0.0
2025-08-27,900070,,3.29,-0.0,,0.0
2025-08-28,900070,,3.29,0.0,,-0.0
2025-08-29,900070,441.0,3.31,0.0,,-0.0
2025-09-01,900070,,3.31,-0.0,,0.0
2025-09-02,900070,,3.3,-0.0,,0.0
2025-09-03,900070,,3.3,-0.0,,0.0
2025-09-04,900070,,3.28,-0.0,,0.0
2025-09-05,900070,,3.28,0.0,,-0.0
2025-09-08,900070,,3.29,0.0,,-0.0
2025-09-09,900070,,3.3,-0.0,,0.0
2025-09-10,900070,,3.29,0.1,,-0.1
2025-09-11,900070,,3.34,0.0,,-0.0
2025-09-12,900070,,3.34,-0.0,,0.0
2025-09-15,900070,,3.34,-0.0,,0.0
2025-09-16,900070,,3.34,-0.0,,0.0
2025-09-17,900070,,3.33,-0.1,,0.1
2025-09-18,900070,,3.31,-0.0,-0.1,0.1
2025-09-19,900070,,3.31,0.0,,-0.0
2025-09-22,900070,,3.31,-0.0,-0.0,0.1
2025-09-23,900070,,3.3,0.1,,-0.1
2025-09-24,900070,,3.34,-0.0,,0.0
2025-09-25,900070,,3.34,-0.0,,0.0
2025-09-26,900070,,3.34,-0.0,,0.0
2025-09-29,900070,,3.34,-0.0,,0.0
2025-09-30,900070,451.0,3.34,-0.0,,0.0
2025-10-01,900070,,3.33,-0.0,,0.0
2025-10-02,900070,,3.33,-0.0,,0.0
2025-10-10,900070,,3.33,-0.0,,0.0
2025-10-13,900070,,3.33,0.0,,-0.0
2025-10-14,900070,,3.34,-0.0,,0.0
2025-10-15,900070,,3.34,0.0,,-0.0
2025-10-16,900070,,3.35,0.0,,-0.0
2025-10-17,900070,,3.35,-0.0,,0.0
2025-10-20,900070,,3.35,-0.0,,0.0
2025-10-21,900070,,3.35,-0.0,,0.0
2025-10-22,900070,,3.35,0.0,,-0.0
2025-10-23,900070,,3.35,-0.0,,0.0
2025-10-24,900070,,3.34,-0.0,,0.0
2025-10-27,900070,,3.34,0.0,,-0.0
2025-10-28,900070,,3.34,-0.0,,0.0
2025-10-29,900070,,3.34,-0.0,,0.0
2025-10-30,900070,,3.34,-0.0,,0.0
2025-10-31,900070,433.0,3.33,-0.0,,-0.0
2025-11-03,900070,,3.33,-0.0,-0.0,0.1
2025-11-04,900070,,3.33,-0.0,,0.0
2025-11-05,900070,,3.33,-0.0,,0.0
2025-11-06,900070,,3.32,-0.0,,0.0
2025-11-07,900070,,3.31,-0.0,,0.0
2025-11-10,900070,,3.3,0.0,,-0.0
2025-11-11,900070,,3.31,-0.0,,0.0
2025-11-12,900070,,3.3,-0.1,,0.1
2025-11-13,900070,,3.28,0.0,,-0.0
2025-11-14,900070,,3.28,0.0,,-0.0
2025-11-17,900070,,3.28,0.0,,0.0
2025-11-18,900070,,3.28,-0.0,,0.0
2025-11-19,900070,,3.28,-0.0,,0.0
2025-11-20,900070,,3.28,-0.0,,0.0
2025-11-21,900070,,3.28,-0.0,,0.0
2025-11-24,900070,,3.28,-0.0,,0.0
2025-11-25,900070,,3.27,-0.0,-0.0,0.0
2025-11-26,900070,,3.27,-0.0,,0.0
2025-11-27,900070,,3.26,-0.0,,0.0
2025-11-28,900070,420.0,3.25,0.0,,-0.0
2025-12-01,900070,,3.26,0.0,,-0.0
2025-12-02,900070,,3.26,-0.0,,-0.0
2025-12-03,900070,,3.26,0.0,,-0.0
2025-12-04,900070,,3.26,0.0,,-0.0
2025-12-05,900070,,3.26,0.0,,-0.0
2025-12-08,900070,,3.26,0.0,,-0.0
2025-12-09,900070,,3.27,0.0,,-0.0
2025-12-10,900070,,3.27,-0.0,-0.0,0.0
2025-12-11,900070,,3.27,-0.0,-0.0,-1.4
2025-12-12,900070,,3.27,0.0,,-0.0
2025-12-15,900070,,3.27,0.0,,-0.0
2025-12-16,900070,,3.28,0.0,,-0.0
2025-12-17,900070,,3.42,0.0,,-0.0
2025-12-18,900070,,3.42,-0.0,,0.0
2025-12-19,900070,,3.42,0.0,,-0.0
2025-12-22,900070,,3.43,0.0,,-0.0
2025-12-23,900070,,3.44,-0.0,,0.0
2025-12-24,900070,,3.42,0.0,,-0.0
2025-12-26,900070,,3.43,0.0,,-0.0
2025-12-29,900070,,3.44,0.0,,-0.0
2025-12-30,900070,422.0,3.44,0.0,,-0.0
2026-01-02,900070,,3.44,-0.0,,-0.0
2026-01-05,900070,,3.44,0.0,,-0.0
2026-01-06,900070,,3.47,0.0,,-0.0
2026-01-07,900070,,3.47,-0.0,-0.1,0.1
2026-01-08,900070,,3.47,-0.0,0.0,0.0
2026-01-09,900070,,3.47,-0.0,-0.2,0.2
2026-01-12,900070,,3.45,0.0,,-0.0
2026-01-13,900070,,3.45,0.0,-0.1,0.1
2026-01-14,900070,,3.46,0.0,,-0.0
2026-01-15,900070,,3.46,0.0,0.0,-0.0
2026-01-16,900070,,3.47,0.0,-0.2,0.2
2026-01-19,900070,,3.48,-0.0,-0.1,0.1
2026-01-20,900070,,3.48,0.0,,-0.0
2026-01-21,900070,,3.5,-0.0,0.0,0.0
2026-01-22,900070,,3.49,0.0,0.0,-0.0
2026-01-23,900070,,3.5,0.0,-0.0,0.0
2026-01-26,900070,,3.5,0.0,,-0.0
2026-01-27,900070,,3.51,0.0,-0.0,-0.0
2026-01-28,900070,,3.51,0.1,-0.1,0.0
2026-01-29,900070,,3.54,0.0,-0.1,0.0
2026-01-30,900070,430.0,3.55,0.1,-0.0,-0.1
2026-02-02,900070,,3.6,0.1,-0.1,0.0
2026-02-03,900070,,3.63,0.1,-0.0,-0.1
2026-02-04,900070,,3.67,0.1,-0.0,-0.1
2026-02-05,900070,,3.72,0.1,0.0,-0.0
2026-02-06,900070,,3.75,0.1,-0.0,-0.1
2026-02-09,900070,,3.77,0.0,-0.0,-0.0
2026-02-10,900070,,3.79,0.0,0.0,-0.0
2026-02-11,900070,,3.79,-0.1,-0.0,0.1
2026-02-12,900070,,3.77,-1.1,0.0,0.8
2026-02-13,900070,,3.39,-0.2,-0.0,0.5
2026-02-19,900070,,3.31,0.0,0.0,-0.3
2026-02-20,900070,,3.31,0.6,-0.0,-0.5
2026-02-23,900070,,3.53,-0.5,0.0,0.2
2026-02-24,900070,,3.31,-0.3,-0.0,0.3
2026-02-25,900070,,3.26,-0.3,0.0,0.3
2026-02-26,900070,,3.17,0.0,-0.0,-0.0
2026-02-27,900070,582.0,3.17,0.2,-0.0,-0.2
2026-03-03,900070,,3.22,0.6,0.1,-0.7
2026-03-04,900070,,3.41,0.3,0.0,-0.3
2026-03-05,900070,,3.53,0.0,-0.0,0.0
2026-03-06,900070,,3.54,0.3,-0.0,-0.3
2026-03-09,900070,,3.65,0.2,-0.0,-0.2
2026-03-10,900070,,3.72,-0.3,-0.0,0.1
2026-03-11,900070,,3.6,0.1,0.0,-0.1
2026-03-12,900070,,3.64,0.2,0.1,-0.2
2026-03-13,900070,,3.7,0.0,-0.1,0.0
2026-03-16,900070,,3.72,0.0,0.0,-0.0
2026-03-17,900070,,3.73,-0.6,0.0,0.6
2026-03-18,900070,,3.55,0.1,0.0,0.1
2026-03-19,900070,,3.59,0.2,-0.0,-0.2
2026-03-20,900070,,3.66,0.1,-0.0,-0.2
2026-03-23,900070,,3.69,0.0,-0.0,-0.0
2026-03-24,900070,,3.7,0.1,0.0,-0.1
2026-03-25,900070,,3.73,0.2,-0.0,-0.1
2026-03-26,900070,,3.79,-0.1,0.0,0.1
2026-03-27,900070,,3.76,0.1,0.0,-0.1
2026-03-30,900070,,3.81,0.2,-0.0,-0.2
2026-03-31,900070,522.0,3.89,-0.0,0.0,0.0
2026-04-01,900070,,3.87,0.0,-0.0,-0.0
2026-04-02,900070,,3.88,0.0,0.0,-0.1
2026-04-03,900070,,3.89,0.1,-0.0,-0.1
2026-04-06,900070,,3.92,0.0,-0.0,-0.4
2026-04-07,900070,,3.93,-0.0,0.0,-0.0
2026-04-08,900070,,3.92,-0.0,-0.0,-0.1
2026-04-09,900070,,3.92,-0.1,0.0,0.1
2026-04-10,900070,,3.88,0.1,-0.0,-0.1
2026-04-13,900070,,3.91,0.1,0.0,-0.1
2026-04-14,900070,,3.94,-0.6,-0.0,0.5
2026-04-15,900070,,3.78,-0.2,0.0,-0.1
2026-04-16,900070,,3.71,-0.2,-0.0,0.3
2026-04-17,900070,,3.65,0.2,-0.0,-0.2
2026-04-20,900070,,3.75,0.1,-0.0,-0.1
2026-04-21,900070,,3.79,1.2,0.0,-1.2
2026-04-22,900070,,4.17,-0.8,0.0,0.5
2026-04-23,900070,,3.95,-0.1,-0.0,0.1
2026-04-24,900070,,3.91,0.4,-0.0,-0.4
2026-04-27,900070,,4.02,0.2,0.4,-0.5
2026-04-28,900070,,4.08,-0.3,0.7,-0.7
2026-04-29,900070,,4.0,,,
2026-04-30,900070,610.0,4.0,,,
2026-05-04,900070,,4.0,,,
2026-05-06,900070,,4.0,,,
2026-05-07,900070,,4.0,,,
2026-05-08,900070,,4.0,,,
2026-05-11,900070,,4.0,,,
2026-05-12,900070,,4.0,,,
2026-05-13,900070,,4.0,,,
2026-05-14,900070,,4.0,,,
2026-05-15,900070,,4.0,,,
2026-05-18,900070,,4.0,,,
2026-05-19,900070,,4.0,,,
2026-05-20,900070,,4.0,,,
2026-05-21,900070,,4.0,,,
2026-05-22,900070,,4.0,,,
2026-05-26,900070,,4.0,,,
2026-05-27,900070,,4.0,,,
2026-05-28,900070,,4.0,,,
2026-05-29,900070,610.0,4.0,,,
2026-06-01,900070,,4.0,,,
2026-06-02,900070,,4.0,,,
2026-06-04,900070,,4.0,,,
2026-06-05,900070,,4.0,,,
2026-06-08,900070,,4.0,,,
2026-06-09,900070,,4.0,,,
2026-06-10,900070,,4.0,,,
2026-06-11,900070,,4.0,,,
2026-06-12,900070,,3.91,1.3,-0.9,-0.4
2026-06-15,900070,,4.34,0.8,-0.0,-0.9
2026-06-16,900070,,4.63,0.7,0.0,-0.5
2026-06-17,900070,,4.89,0.4,0.0,-0.4
2026-06-18,900070,,5.02,0.6,-0.0,-0.6
2026-06-19,900070,,5.21,0.0,0.0,-0.0
2026-06-22,900070,,5.22,-0.0,-0.0,0.0
2026-06-23,900070,,5.22,0.0,0.0,-0.0
2026-06-24,900070,,5.22,0.6,-0.0,-0.6
2026-06-25,900070,,5.43,-0.0,0.0,0.0
2026-06-26,900070,,5.42,-0.0,-0.0,0.0
2026-06-29,900070,,5.41,-0.0,0.0,-0.0
2026-06-30,900070,1048.0,5.41,-0.0,-0.0,-0.0
2026-07-01,900070,,5.4,0.0,-0.0,-0.0
2026-07-02,900070,,5.41,-0.0,-0.0,0.0
2026-07-03,900070,,5.4,1.4,-0.0,-1.7
2026-07-06,900070,,5.93,0.4,0.0,-0.2
2026-07-07,900070,,6.08,0.2,0.0,-0.2
2026-07-08,900070,,6.2,0.1,0.0,-0.1
2026-07-09,900070,,6.25,-0.0,0.0,-0.0
2026-07-10,900070,,6.24,0.0,-0.0,-0.0
2026-07-13,900070,1014.0,6.25,0.0,0.0,-0.0
2025-07-14,900100,,11.11,-0.0,,0.0
2025-07-15,900100,,10.91,-0.1,,0.0
2025-07-16,900100,,10.89,-0.0,,-0.0
2025-07-17,900100,,10.88,0.0,,0.0
2025-07-18,900100,,10.89,-0.0,,0.0
2025-07-21,900100,,10.88,-0.0,,-0.1
2025-07-22,900100,,10.88,-0.0,,0.0
2025-07-23,900100,,10.87,-0.1,,-0.0
2025-07-24,900100,,10.85,-0.1,,0.1
2025-07-25,900100,,10.83,-0.1,,0.2
2025-07-28,900100,,10.81,0.0,,0.2
2025-07-29,900100,,10.81,0.0,,-0.0
2025-07-30,900100,,10.8,0.0,,-0.0
2025-07-31,900100,,10.81,-0.7,,0.6
2025-08-01,900100,,10.68,0.2,,-0.1
2025-08-04,900100,,10.73,-0.0,,0.0
2025-08-05,900100,,10.73,-0.5,,0.7
2025-08-06,900100,,10.65,-0.2,,0.2
2025-08-07,900100,,10.62,-0.1,,-0.5
2025-08-08,900100,,10.6,-0.1,,0.1
2025-08-11,900100,,10.58,-1.1,,0.8
2025-08-12,900100,,10.43,0.0,,-0.1
2025-08-13,900100,,10.44,0.1,,-0.0
2025-08-14,900100,,10.44,0.4,,-0.5
2025-08-18,900100,,10.51,0.2,,-0.2
2025-08-19,900100,,10.55,0.3,,-0.3
2025-08-20,900100,,10.6,0.5,,-0.5
2025-08-21,900100,,10.7,0.2,,-0.1
2025-08-22,900100,,10.73,0.2,,-0.2
2025-08-25,900100,,10.78,-1.5,,1.4
2025-08-26,900100,,10.46,0.9,,-0.9
2025-08-27,900100,,10.66,-0.1,0.0,0.1
2025-08-28,900100,,10.63,0.2,,-0.2
2025-08-29,900100,804.0,10.67,1.7,,-1.7
2025-09-01,900100,,11.1,-0.8,,0.8
2025-09-02,900100,,10.9,-0.5,,0.5
2025-09-03,900100,,10.76,-0.0,,0.0
2025-09-04,900100,,10.75,-0.0,,0.0
2025-09-05,900100,,10.74,0.1,,-0.1
2025-09-08,900100,,10.75,0.1,,-0.1
2025-09-09,900100,,10.8,0.1,,-0.1
2025-09-10,900100,,10.83,-0.1,,0.1
2025-09-11,900100,,10.81,-0.1,,0.1
2025-09-12,900100,,10.78,-0.2,,0.2
2025-09-15,900100,,10.75,-0.1,,0.1
2025-09-16,900100,,10.72,0.1,,-0.1
2025-09-17,900100,,10.74,-0.0,,-0.0
2025-09-18,900100,,10.74,-0.1,,0.1
2025-09-19,900100,,10.72,0.0,,-0.0
2025-09-22,900100,,10.73,-0.0,,0.0
2025-09-23,900100,,10.72,-0.0,,0.0
2025-09-24,900100,,10.71,0.0,,-0.0
2025-09-25,900100,,10.72,0.0,,-0.0
2025-09-26,900100,,10.73,-0.0,,0.0
2025-09-29,900100,,10.73,-0.0,,0.0
2025-09-30,900100,938.0,10.72,-0.8,,0.9
2025-10-01,900100,,10.54,-0.6,-0.0,0.2
2025-10-02,900100,,10.49,-0.0,,0.1
2025-10-10,900100,,10.5,-0.2,,0.3
2025-10-13,900100,,10.45,0.2,,-0.1
2025-10-14,900100,,10.5,0.1,,-0.1
2025-10-15,900100,,10.89,-0.1,,0.1
2025-10-16,900100,,10.85,-0.1,,0.1
2025-10-17,900100,,10.82,-0.0,,-0.0
2025-10-20,900100,,10.82,-0.0,,0.0
2025-10-21,900100,,10.81,0.0,,-0.0
2025-10-22,900100,,10.81,-0.0,,0.0
2025-10-23,900100,,10.8,-0.0,,0.0
2025-10-24,900100,,10.8,0.0,,-0.1
2025-10-27,900100,,10.8,0.0,,-0.0
2025-10-28,900100,,10.8,-0.1,,0.1
2025-10-29,900100,,10.78,0.2,,-0.2
2025-10-30,900100,,10.84,0.0,,0.0
2025-10-31,900100,680.0,10.85,0.0,,0.0
2025-11-03,900100,,10.85,-0.0,,0.2
2025-11-04,900100,,10.84,0.1,,0.1
2025-11-05,900100,,10.86,0.1,,-0.0
2025-11-06,900100,,10.88,-0.0,,0.0
2025-11-07,900100,,10.88,0.0,,0.1
2025-11-10,900100,,10.88,0.1,,-0.2
2025-11-11,900100,,10.92,0.1,,-0.1
2025-11-12,900100,,10.95,0.1,,-0.1
2025-11-13,900100,,10.97,-0.1,,0.1
2025-11-14,900100,,10.92,-0.1,,0.1
2025-11-17,900100,,10.9,-0.0,,0.0
2025-11-18,900100,,10.9,-0.1,,0.0
2025-11-19,900100,,10.87,0.0,,-0.1
2025-11-20,900100,,10.88,-0.0,,-0.0
2025-11-21,900100,,10.87,0.1,,-0.1
2025-11-24,900100,,10.89,0.1,,-0.1
2025-11-25,900100,,10.92,0.0,-0.0,-0.1
2025-11-26,900100,,10.93,0.0,,-0.0
2025-11-27,900100,,10.99,0.0,,-0.0
2025-11-28,900100,534.0,11.0,0.1,,-0.1
2025-12-01,900100,,11.03,0.0,,-0.0
2025-12-02,900100,,11.09,-0.0,,0.0
2025-12-03,900100,,11.09,-0.0,,-0.0
2025-12-04,900100,,11.08,0.0,,-0.0
2025-12-05,900100,,11.1,-0.1,,0.1
2025-12-08,900100,,11.05,-0.0,,0.0
2025-12-09,900100,,11.05,-0.0,,0.0
2025-12-10,900100,,11.04,-0.0,,0.0
2025-12-11,900100,,11.03,-0.0,,0.0
2025-12-12,900100,,11.03,0.0,,-0.0
2025-12-15,900100,,11.04,-0.1,,0.3
2025-12-16,900100,,11.02,-0.1,,0.0
2025-12-17,900100,,11.27,-0.2,,-0.2
2025-12-18,900100,,11.22,-0.3,,0.2
2025-12-19,900100,,11.16,-0.2,,0.2
2025-12-22,900100,,11.08,0.0,,0.0
2025-12-23,900100,,11.08,0.0,,-0.0
2025-12-24,900100,,11.09,0.1,,-0.1
2025-12-26,900100,,11.15,-0.1,,0.0
2025-12-29,900100,,11.12,0.0,,-0.0
2025-12-30,900100,574.0,11.14,0.0,,-0.0
2026-01-02,900100,,11.14,0.0,,-0.0
2026-01-05,900100,,11.15,-0.0,,0.0
2026-01-06,900100,,11.15,0.0,,0.0
2026-01-07,900100,,11.17,0.0,,-0.0
2026-01-08,900100,,11.17,0.0,,-0.0
2026-01-09,900100,,11.17,-0.0,,0.0
2026-01-12,900100,,11.17,0.0,,0.0
2026-01-13,900100,,11.17,-0.0,,0.0
2026-01-14,900100,,11.17,0.0,,-0.0
2026-01-15,900100,,11.18,0.0,,-0.0
2026-01-16,900100,,11.18,0.0,,-0.0
2026-01-19,900100,,11.18,0.0,,-0.0
2026-01-20,900100,,11.18,0.0,,-0.0
2026-01-21,900100,,11.2,0.0,,-0.0
2026-01-22,900100,,11.2,0.0,,-0.0
2026-01-23,900100,,11.2,0.1,,-0.1
2026-01-26,900100,,11.22,0.1,,-0.1
2026-01-27,900100,,11.25,0.1,,-0.1
2026-01-28,900100,,11.28,0.0,,-0.0
2026-01-29,900100,,11.28,-0.0,,-0.0
2026-01-30,900100,543.0,11.28,-0.0,,0.0
2026-02-02,900100,,11.28,0.0,,0.3
2026-02-03,900100,,11.28,-0.0,,0.0
2026-02-04,900100,,11.27,-0.0,,0.0
2026-02-05,900100,,11.27,0.0,,-0.1
2026-02-06,900100,,11.27,-0.0,,0.0
2026-02-09,900100,,11.27,0.0,,-0.0
2026-02-10,900100,,11.27,-0.0,,0.0
2026-02-11,900100,,11.27,0.0,,-0.0
2026-02-12,900100,,11.29,0.0,,-0.0
2026-02-13,900100,,11.3,0.0,,-0.0
2026-02-19,900100,,11.31,0.0,,-0.1
2026-02-20,900100,,11.34,-0.0,,0.0
2026-02-23,900100,,11.36,0.0,,-0.0
2026-02-24,900100,,11.38,0.0,,0.1
2026-02-25,900100,,11.1,-0.0,,0.0
2026-02-26,900100,,11.09,-0.0,,0.0
2026-02-27,900100,463.0,11.08,-0.0,,-0.0
2026-03-03,900100,,11.08,0.0,,-0.0
2026-03-04,900100,,11.08,0.1,,-0.1
2026-03-05,900100,,11.12,0.1,,-0.1
2026-03-06,900100,,11.16,0.1,,-0.1
2026-03-09,900100,,11.21,0.0,,-0.0
2026-03-10,900100,,11.23,0.1,,-0.1
2026-03-11,900100,,11.26,0.0,,-0.0
2026-03-12,900100,,11.26,0.0,0.0,-0.0
2026-03-13,900100,,11.26,0.0,,-0.0
2026-03-16,900100,,10.14,-0.0,,0.0
2026-03-17,900100,,9.82,-0.0,,0.0
2026-03-18,900100,,9.8,-0.0,,0.0
2026-03-19,900100,,9.8,0.0,,-0.0
2026-03-20,900100,,9.8,-0.0,,0.0
2026-03-23,900100,,9.8,0.0,,-0.0
2026-03-24,900100,,9.8,-0.0,,0.0
2026-03-25,900100,,9.8,0.0,,-0.0
2026-03-26,900100,,9.82,0.0,,-0.0
2026-03-27,900100,,9.82,0.0,,-0.0
2026-03-30,900100,,9.82,0.0,,-0.0
2026-03-31,900100,369.0,9.83,0.0,,-0.0
2026-04-01,900100,,9.84,0.0,,-0.0
2026-04-02,900100,,9.85,0.0,,-0.0
2026-04-03,900100,,9.87,0.0,,0.0
2026-04-06,900100,,9.87,0.0,,-0.0
2026-04-07,900100,,9.88,0.0,,-0.0
2026-04-08,900100,,9.9,0.1,-0.0,-0.1
2026-04-09,900100,,9.95,-0.0,0.0,-0.5
2026-04-10,900100,,9.95,-0.3,-0.0,0.8
2026-04-13,900100,,9.83,-0.2,,0.1
2026-04-14,900100,,9.75,-0.4,,0.5
2026-04-15,900100,,9.63,-0.3,,0.2
2026-04-16,900100,,9.51,-0.0,,-0.0
2026-04-17,900100,,9.51,-0.0,,-0.1
2026-04-20,900100,,9.51,-0.0,,-0.3
2026-04-21,900100,,9.49,-0.1,,-2.4
2026-04-22,900100,,9.47,-0.3,,4.5
2026-04-23,900100,,9.41,-0.0,,-0.1
2026-04-24,900100,,9.42,-0.1,,0.1
2026-04-27,900100,,9.41,-0.2,,0.0
2026-04-28,900100,,9.4,0.0,,0.1
2026-04-29,900100,,9.4,0.0,,-0.0
2026-04-30,900100,513.0,9.63,0.0,,-0.1
2026-05-04,900100,,9.64,0.1,,-0.1
2026-05-06,900100,,9.66,0.0,,-0.0
2026-05-07,900100,,9.67,0.0,,-0.1
2026-05-08,900100,,9.67,0.0,,-0.0
2026-05-11,900100,,9.67,0.0,,-0.1
2026-05-12,900100,,9.67,0.0,,-0.0
2026-05-13,900100,,9.67,0.0,0.0,-0.0
2026-05-14,900100,,9.67,0.0,,0.0
2026-05-15,900100,,9.67,-0.0,,0.0
2026-05-18,900100,,9.67,-0.0,,0.0
2026-05-19,900100,,9.66,0.0,,-0.0
2026-05-20,900100,,9.66,0.1,,-0.1
2026-05-21,900100,,9.7,-0.0,,0.0
2026-05-22,900100,,9.74,0.0,,-0.0
2026-05-26,900100,,9.76,0.1,,-0.1
2026-05-27,900100,,9.81,0.1,,-0.1
2026-05-28,900100,,9.88,-0.1,0.0,0.2
2026-05-29,900100,389.0,9.85,,,
2026-06-01,900100,,9.85,,,
2026-06-02,900100,,9.85,,,
2026-06-04,900100,,9.85,,,
2026-06-05,900100,,9.85,,,
2026-06-08,900100,,9.85,,,
2026-06-09,900100,,9.85,,,
2026-06-10,900100,,9.85,,,
2026-06-11,900100,,9.85,,,
2026-06-12,900100,,9.85,,,
2026-06-15,900100,,9.85,,,
2026-06-16,900100,,9.85,,,
2026-06-17,900100,,9.85,,,
2026-06-18,900100,,9.85,,,
2026-06-19,900100,,9.85,,,
2026-06-22,900100,,9.85,,,
2026-06-23,900100,,0.0,0.0,-0.0,-0.0
2026-06-24,900100,,0.0,-0.1,0.0,0.1
2026-06-25,900100,,0.0,-0.1,-0.0,0.1
2026-06-26,900100,,0.0,-0.1,0.0,0.1
2026-06-29,900100,,0.0,-0.1,0.0,0.1
2026-06-30,900100,2560.0,0.0,-0.0,0.0,0.0
2026-07-01,900100,,0.0,0.0,-0.0,-0.0
2026-07-02,900100,,0.0,-0.0,-0.0,0.1
2026-07-03,900100,,0.0,-0.0,,0.0
2026-07-06,900100,,0.0,-0.0,,0.0
2026-07-07,900100,,0.0,-0.0,,0.0
2026-07-08,900100,,0.0,-0.0,,0.0
2026-07-09,900100,,0.0,-0.0,,0.0
2026-07-10,900100,,0.0,-0.0,,0.0
2026-07-13,900100,2005.0,0.0,-0.0,,0.0
2025-07-14,900110,,0.0,-0.9,0.0,0.7
2025-07-15,900110,,0.0,-0.0,,0.0
2025-07-16,900110,,0.0,-0.5,0.0,-0.5
2025-07-17,900110,,0.0,0.0,,-0.0
2025-07-18,900110,,0.0,0.3,,-0.2
2025-07-21,900110,,0.0,-0.6,-0.0,1.7
2025-07-22,900110,,0.0,5.3,,-5.7
2025-07-23,900110,,0.0,-4.7,,4.6
2025-07-24,900110,,0.0,-0.1,0.0,0.1
2025-07-25,900110,,0.0,1.8,0.0,-1.6
2025-07-28,900110,,0.0,-1.0,,1.0
2025-07-29,900110,,0.0,-0.1,-0.0,0.4
2025-07-30,900110,,0.0,2.4,,-2.8
2025-07-31,900110,,0.0,2.9,,-3.0
2025-08-01,900110,,0.0,-1.5,,1.5
2025-08-04,900110,,0.0,0.4,,-0.4
2025-08-05,900110,,0.0,-1.3,,1.3
2025-08-06,900110,,0.0,0.7,,-0.7
2025-08-07,900110,,0.0,-1.5,,1.6
2025-08-08,900110,,0.0,0.2,,-0.2
2025-08-11,900110,,0.0,1.8,,-1.8
2025-08-12,900110,,0.0,-2.3,,2.2
2025-08-13,900110,,0.0,-0.5,,0.5
2025-08-14,900110,,0.0,1.3,,-1.3
2025-08-18,900110,,0.0,-2.0,,2.0
2025-08-19,900110,,0.0,2.4,,-2.6
2025-08-20,900110,,0.0,-0.7,,0.8
2025-08-21,900110,,0.0,-1.0,,1.2
2025-08-22,900110,,0.0,0.5,,-0.5
2025-08-25,900110,,0.0,-0.5,,0.7
2025-08-26,900110,,0.0,1.5,,-1.3
2025-08-27,900110,,0.0,-4.1,,4.0
2025-08-28,900110,,0.0,0.5,,-0.5
2025-08-29,900110,77.0,0.0,-0.4,,0.6
2025-09-01,900110,,0.0,,,
2025-09-02,900110,,0.0,,,
2025-09-03,900110,,0.0,,,
2025-09-04,900110,,0.0,,,
2025-09-05,900110,,0.0,,,
2025-09-08,900110,,0.0,,,
2025-09-09,900110,,0.0,,,
2025-09-10,900110,,0.0,,,
2025-09-11,900110,,0.0,,,
2025-09-12,900110,,0.0,,,
2025-09-15,900110,,0.0,,,
2025-09-16,900110,,0.0,,,
2025-09-17,900110,,0.0,,,
2025-09-18,900110,,0.0,,,
2025-09-19,900110,,0.0,,,
2025-09-22,900110,,0.0,,,
2025-09-23,900110,,0.0,,,
2025-09-24,900110,,0.0,,,
2025-09-25,900110,,0.0,-0.4,-0.0,0.4
2025-09-26,900110,,0.0,1.4,-0.0,-1.4
2025-09-29,900110,,0.0,-0.2,,0.1
2025-09-30,900110,1470.0,0.0,-0.0,-0.0,0.2
2025-10-01,900110,,0.0,-0.1,,-0.1
2025-10-02,900110,,0.0,0.2,-0.0,-0.3
2025-10-10,900110,,0.0,0.1,,0.0
2025-10-13,900110,,0.0,0.1,,-0.0
2025-10-14,900110,,0.0,0.7,,-0.7
2025-10-15,900110,,0.0,0.5,,-0.4
2025-10-16,900110,,0.0,0.2,,-0.2
2025-10-17,900110,,0.0,-0.3,,0.3
2025-10-20,900110,,0.0,0.1,,-0.1
2025-10-21,900110,,0.0,-0.5,,0.6
2025-10-22,900110,,0.0,0.3,,-0.3
2025-10-23,900110,,0.0,0.2,,-0.1
2025-10-24,900110,,0.0,-0.3,,0.3
2025-10-27,900110,,0.0,0.7,,-0.7
2025-10-28,900110,,0.0,-0.3,,0.3
2025-10-29,900110,,0.0,0.1,,-0.1
2025-10-30,900110,,0.0,-1.1,0.0,1.0
2025-10-31,900110,1485.0,0.0,2.4,,-2.5
2025-11-03,900110,,0.0,0.7,,-0.5
2025-11-04,900110,,0.0,-0.9,,0.9
2025-11-05,900110,,0.0,0.3,,-0.3
2025-11-06,900110,,0.0,-0.3,,0.3
2025-11-07,900110,,0.0,0.0,,-0.0
2025-11-10,900110,,0.0,-0.2,,0.2
2025-11-11,900110,,0.0,0.1,,-0.1
2025-11-12,900110,,0.0,0.2,,-0.2
2025-11-13,900110,,0.0,-0.2,,0.2
2025-11-14,900110,,0.0,0.3,,-0.3
2025-11-17,900110,,0.0,-0.6,,0.6
2025-11-18,900110,,0.0,0.8,,-0.8
2025-11-19,900110,,0.0,0.3,,-0.3
2025-11-20,900110,,0.0,0.1,,-0.1
2025-11-21,900110,,0.0,-0.2,,0.2
2025-11-24,900110,,0.0,-0.1,,0.1
2025-11-25,900110,,0.0,-0.0,,0.0
2025-11-26,900110,,0.0,0.5,,-0.5
2025-11-27,900110,,0.0,-0.0,,-0.0
2025-11-28,900110,1139.0,0.0,0.3,,-0.3
2025-12-01,900110,,0.0,-0.1,,0.1
2025-12-02,900110,,0.0,0.1,,-0.1
2025-12-03,900110,,0.0,0.2,,-0.2
2025-12-04,900110,,0.0,-0.0,,0.0
2025-12-05,900110,,0.0,0.6,,-0.6
2025-12-08,900110,,0.0,-0.1,,0.1
2025-12-09,900110,,0.0,-0.0,,-0.0
2025-12-10,900110,,0.0,0.0,,0.0
2025-12-11,900110,,0.0,0.0,,-0.0
2025-12-12,900110,,0.0,0.1,,-0.1
2025-12-15,900110,,0.0,-0.0,,-0.0
2025-12-16,900110,,0.0,-0.1,,0.1
2025-12-17,900110,,0.0,-0.0,,0.0
2025-12-18,900110,,0.0,-0.0,,0.0
2025-12-19,900110,,0.0,0.1,,-0.1
2025-12-22,900110,,0.0,-0.0,,-0.0
2025-12-23,900110,,0.0,-0.0,,0.0
2025-12-24,900110,,0.0,-0.1,,0.1
2025-12-26,900110,,0.0,-0.0,,0.1
2025-12-29,900110,,0.0,0.0,,-0.1
2025-12-30,900110,1112.0,0.0,0.0,,-0.0
2026-01-02,900110,,0.0,0.2,,0.3
2026-01-05,900110,,0.0,0.3,,1.2
2026-01-06,900110,,0.0,0.2,,-0.3
2026-01-07,900110,,0.0,-0.2,,0.2
2026-01-08,900110,,0.0,-0.2,,0.2
2026-01-09,900110,,0.0,-0.2,,0.4
2026-01-12,900110,,0.0,-0.3,,0.3
2026-01-13,900110,,0.0,-0.1,,0.1
2026-01-14,900110,,0.0,-0.1,,0.4
2026-01-15,900110,,0.0,-0.1,,0.4
2026-01-16,900110,,0.0,0.1,,-0.2
2026-01-19,900110,,0.0,0.1,,0.1
2026-01-20,900110,,0.0,0.2,,0.0
2026-01-21,900110,,0.0,0.0,,-0.0
2026-01-22,900110,,0.0,0.1,,-0.1
2026-01-23,900110,,0.0,0.0,,1.6
2026-01-26,900110,,0.0,-0.1,,0.6
2026-01-27,900110,,0.0,0.4,,0.1
2026-01-28,900110,,0.0,-0.2,,0.5
2026-01-29,900110,,0.0,-0.1,,0.1
2026-01-30,900110,955.0,0.0,-0.2,,0.2
2026-02-02,900110,,0.0,-0.1,,0.1
2026-02-03,900110,,0.0,0.1,,-0.1
2026-02-04,900110,,0.0,0.1,,-0.1
2026-02-05,900110,,0.0,0.0,,0.0
2026-02-06,900110,,0.0,0.2,,-0.2
2026-02-09,900110,,0.0,0.0,,-0.1
2026-02-10,900110,,0.0,0.2,,-0.1
2026-02-11,900110,,0.0,0.0,,-0.1
2026-02-12,900110,,0.0,0.2,,-0.2
2026-02-13,900110,,0.0,-0.4,,0.4
2026-02-19,900110,,0.0,-0.3,,0.3
2026-02-20,900110,,0.0,-0.3,,0.3
2026-02-23,900110,,0.0,0.2,,-0.2
2026-02-24,900110,,0.0,-1.2,,1.2
2026-02-25,900110,,0.0,-1.8,,1.8
2026-02-26,900110,,0.0,-0.1,,0.1
2026-02-27,900110,903.0,0.0,-0.4,,0.4
2026-03-03,900110,,0.0,-0.0,,0.0
2026-03-04,900110,,0.0,-0.2,,0.2
2026-03-05,900110,,0.0,0.0,,-0.0
2026-03-06,900110,,0.0,1.0,,-1.0
2026-03-09,900110,,0.0,0.1,,-0.1
2026-03-10,900110,,0.0,0.1,,-0.1
2026-03-11,900110,,0.0,0.2,,-0.2
2026-03-12,900110,,0.0,0.2,,-0.2
2026-03-13,900110,,0.0,0.2,,-0.2
2026-03-16,900110,,0.0,0.1,,-0.1
2026-03-17,900110,,0.0,0.0,,-0.0
2026-03-18,900110,,0.0,0.0,,-0.0
2026-03-19,900110,,0.0,0.0,,-0.0
2026-03-20,900110,,0.0,0.0,,-0.0
2026-03-23,900110,,0.0,-0.0,,-0.0
2026-03-24,900110,,0.0,0.0,,-0.0
2026-03-25,900110,,0.0,0.1,,-0.1
2026-03-26,900110,,0.0,0.0,,-0.0
2026-03-27,900110,,0.0,-0.0,,0.0
2026-03-30,900110,,0.0,0.0,,-0.0
2026-03-31,900110,770.0,0.0,0.0,,-0.0
2026-04-01,900110,,0.0,0.2,,-0.2
2026-04-02,900110,,0.0,0.1,,-0.1
2026-04-03,900110,,0.0,-0.0,,0.0
2026-04-06,900110,,0.0,-0.1,,0.1
2026-04-07,900110,,0.0,-0.1,,0.1
2026-04-08,900110,,0.0,0.1,,-0.1
2026-04-09,900110,,0.0,-0.0,,0.0
2026-04-10,900110,,0.0,-0.1,,0.1
2026-04-13,900110,,0.0,0.0,,0.0
2026-04-14,900110,,0.0,0.0,,-0.0
2026-04-15,900110,,0.0,-0.3,,0.3
2026-04-16,900110,,0.0,-0.7,,0.7
2026-04-17,900110,,0.0,-0.3,,0.3
2026-04-20,900110,,0.0,-0.2,,0.2
2026-04-21,900110,,0.0,-0.1,,0.1
2026-04-22,900110,,0.0,-0.1,,0.1
2026-04-23,900110,,0.0,0.0,,-0.0
2026-04-24,900110,,0.0,0.5,,-0.5
2026-04-27,900110,,0.0,-0.1,,0.1
2026-04-28,900110,,0.0,-0.0,,-0.0
2026-04-29,900110,,0.0,-0.0,,-0.0
2026-04-30,900110,777.0,0.0,-0.1,,0.1
2026-05-04,900110,,0.0,0.0,0.2,-0.3
2026-05-06,900110,,0.0,-0.1,0.2,-0.2
2026-05-07,900110,,0.0,-0.4,,0.4
2026-05-08,900110,,0.0,0.0,,0.0
2026-05-11,900110,,0.0,-0.5,,0.5
2026-05-12,900110,,0.0,0.0,,-0.0
2026-05-13,900110,,0.0,-0.1,,0.1
2026-05-14,900110,,0.0,-0.1,,0.0
2026-05-15,900110,,0.0,0.1,,-0.1
2026-05-18,900110,,0.0,0.1,0.4,-0.5
2026-05-19,900110,,0.0,,,
2026-05-20,900110,,0.0,,,
2026-05-21,900110,,0.0,,,
2026-05-22,900110,,0.0,,,
2026-05-26,900110,,0.0,,,
2026-05-27,900110,,0.0,,,
2026-05-28,900110,,0.0,,,
2026-05-29,900110,713.0,0.0,,,
2026-06-01,900110,,0.0,,,
2026-06-02,900110,,0.0,,,
2026-06-04,900110,,0.0,,,
2026-06-05,900110,,0.0,,,
2026-06-08,900110,,0.0,,,
2026-06-09,900110,,0.0,,,
2026-06-10,900110,,0.0,,,
2026-06-11,900110,,0.0,,,
2026-06-12,900110,,0.0,,,
2026-06-15,900110,,0.0,,,
2026-06-16,900110,,0.0,-1.0,-0.6,1.8
2026-06-17,900110,,0.0,-0.7,,0.7
2026-06-18,900110,,0.0,-0.3,0.0,0.4
2026-06-19,900110,,0.0,0.0,,-0.0
2026-06-22,900110,,0.0,-0.0,,0.1
2026-06-23,900110,,0.0,0.2,,-0.0
2026-06-24,900110,,0.0,-0.1,0.0,0.1
2026-06-25,900110,,0.0,-0.0,-0.0,0.0
2026-06-26,900110,,0.0,-0.1,,0.1
2026-06-29,900110,,0.0,0.1,0.0,-0.1
2026-06-30,900110,1159.0,0.0,0.1,0.0,-0.1
2026-07-01,900110,,0.0,-0.1,,0.1
2026-07-02,900110,,0.0,0.1,,-0.0
2026-07-03,900110,,0.0,0.0,,-0.0
2026-07-06,900110,,0.0,-0.0,,0.0
2026-07-07,900110,,0.0,0.1,,-0.1
2026-07-08,900110,,0.0,0.1,,-0.1
2026-07-09,900110,,0.0,0.1,,-0.1
2026-07-10,900110,,0.0,0.1,,-0.1
2026-07-13,900110,1164.0,0.0,0.0,,-0.0
2025-07-14,900120,,0.0,,,
2025-07-15,900120,,0.0,,,
2025-07-16,900120,,0.0,,,
2025-07-17,900120,,0.0,,,
2025-07-18,900120,,0.0,,,
2025-07-21,900120,,0.0,,,
2025-07-22,900120,,0.0,,,
2025-07-23,900120,,0.0,,,
2025-07-24,900120,,0.0,,,
2025-07-25,900120,,0.0,,,
2025-07-28,900120,,0.0,,,
2025-07-29,900120,,0.0,,,
2025-07-30,900120,,0.0,,,
2025-07-31,900120,,0.0,,,
2025-08-01,900120,,0.0,-0.0,-0.0,0.1
2025-08-04,900120,,0.0,0.0,-0.0,-0.1
2025-08-05,900120,,0.0,-0.0,,-0.1
2025-08-06,900120,,0.0,-0.0,,-0.1
2025-08-07,900120,,0.0,0.0,,0.0
2025-08-08,900120,,0.0,0.0,,-0.0
2025-08-11,900120,,0.0,0.0,,-0.0
2025-08-12,900120,,0.0,0.1,,0.0
2025-08-13,900120,,0.0,-0.0,,0.0
2025-08-14,900120,,0.0,-0.0,,0.1
2025-08-18,900120,,0.0,-0.0,,0.2
2025-08-19,900120,,0.0,-0.1,-0.0,0.1
2025-08-20,900120,,0.0,0.0,,-0.0
2025-08-21,900120,,0.0,0.1,,-0.1
2025-08-22,900120,,0.0,-0.2,,0.2
2025-08-25,900120,,0.0,0.1,,-0.1
2025-08-26,900120,,0.0,-0.0,,-0.1
2025-08-27,900120,,0.0,0.0,,-0.0
2025-08-28,900120,,0.0,0.0,-0.0,-0.0
2025-08-29,900120,591.0,0.0,-0.4,,0.4
2025-09-01,900120,,0.0,-0.4,,0.3
2025-09-02,900120,,0.0,0.2,,-0.1
2025-09-03,900120,,0.0,0.1,,-0.1
2025-09-04,900120,,0.0,0.1,,-0.1
2025-09-05,900120,,0.0,0.0,,-0.0
2025-09-08,900120,,0.0,0.1,,-0.1
2025-09-09,900120,,0.0,0.0,,-0.0
2025-09-10,900120,,0.0,0.0,,-0.0
2025-09-11,900120,,0.0,0.6,,-0.6
2025-09-12,900120,,0.0,-0.0,,0.0
2025-09-15,900120,,0.0,0.1,,-0.0
2025-09-16,900120,,0.0,-0.0,,0.0
2025-09-17,900120,,0.0,-0.0,,0.1
2025-09-18,900120,,0.0,0.4,,-0.4
2025-09-19,900120,,0.0,0.0,,-0.0
2025-09-22,900120,,0.0,0.1,,-0.1
2025-09-23,900120,,0.0,-0.0,,0.0
2025-09-24,900120,,0.0,0.1,,-0.0
2025-09-25,900120,,0.0,-0.0,,0.0
2025-09-26,900120,,0.0,-0.1,,0.1
2025-09-29,900120,,0.0,-0.0,,-0.0
2025-09-30,900120,612.0,0.0,-0.0,,0.0
2025-10-01,900120,,0.0,0.0,,-0.0
2025-10-02,900120,,0.0,0.0,,-0.0
2025-10-10,900120,,0.0,0.0,,-0.0
2025-10-13,900120,,0.0,0.2,,-0.2
2025-10-14,900120,,0.0,0.1,,-0.1
2025-10-15,900120,,0.0,0.1,,-0.1
2025-10-16,900120,,0.0,-1.0,,0.9
2025-10-17,900120,,0.0,0.2,,-0.2
2025-10-20,900120,,0.0,0.2,,-0.1
2025-10-21,900120,,0.0,0.2,-0.0,-0.2
2025-10-22,900120,,0.0,0.4,,-0.4
2025-10-23,900120,,0.0,0.6,,-0.6
2025-10-24,900120,,0.0,-0.0,,0.1
2025-10-27,900120,,0.0,-0.2,,0.2
2025-10-28,900120,,0.0,0.0,,-0.0
2025-10-29,900120,,0.0,-0.0,,0.0
2025-10-30,900120,,0.0,0.4,,-0.4
2025-10-31,900120,636.0,0.0,-0.5,,0.4
2025-11-03,900120,,0.0,0.0,,0.1
2025-11-04,900120,,0.0,-0.3,,0.3
2025-11-05,900120,,0.0,-0.1,,0.0
2025-11-06,900120,,0.0,-0.1,,0.1
2025-11-07,900120,,0.0,-0.1,,0.1
2025-11-10,900120,,0.0,0.2,,-0.2
2025-11-11,900120,,0.0,-0.1,,0.1
2025-11-12,900120,,0.0,0.1,,-0.1
2025-11-13,900120,,0.0,0.1,,-0.1
2025-11-14,900120,,0.0,0.1,,-0.1
2025-11-17,900120,,0.0,-0.1,,0.2
2025-11-18,900120,,0.0,-0.0,,0.1
2025-11-19,900120,,0.0,-0.1,,0.1
2025-11-20,900120,,0.0,-0.1,,0.1
2025-11-21,900120,,0.0,-0.1,,0.1
2025-11-24,900120,,0.0,0.1,,-0.1
2025-11-25,900120,,0.0,0.0,,-0.0
2025-11-26,900120,,0.0,0.0,,-0.1
2025-11-27,900120,,0.0,0.1,,-0.1
2025-11-28,900120,536.0,0.0,0.0,,-0.0
2025-12-01,900120,,0.0,-0.0,,0.0
2025-12-02,900120,,0.0,0.1,,-0.1
2025-12-03,900120,,0.0,0.0,,-0.0
2025-12-04,900120,,0.0,-0.1,,0.1
2025-12-05,900120,,0.0,0.0,,-0.0
2025-12-08,900120,,0.0,0.0,,-0.0
2025-12-09,900120,,0.0,-0.0,,0.0
2025-12-10,900120,,0.0,-0.1,,0.1
2025-12-11,900120,,0.0,0.0,,-0.0
2025-12-12,900120,,0.0,0.0,,-0.0
2025-12-15,900120,,0.0,-0.3,,0.3
2025-12-16,900120,,0.0,-0.2,,0.3
2025-12-17,900120,,0.0,-0.1,,0.2
2025-12-18,900120,,0.0,-0.1,,0.1
2025-12-19,900120,,0.0,-0.0,,0.0
2025-12-22,900120,,0.0,-0.1,,0.1
2025-12-23,900120,,0.0,-0.0,,0.0
2025-12-24,900120,,0.0,0.0,,-0.0
2025-12-26,900120,,0.0,-0.0,,0.0
2025-12-29,900120,,0.0,-0.0,,0.0
2025-12-30,900120,528.0,0.0,-0.0,,0.0
2026-01-02,900120,,0.0,-0.2,,0.2
2026-01-05,900120,,0.0,-0.2,,0.0
2026-01-06,900120,,0.0,0.0,,-0.0
2026-01-07,900120,,0.0,-0.0,,0.0
2026-01-08,900120,,0.0,-0.1,,0.1
2026-01-09,900120,,0.0,-0.1,,0.1
2026-01-12,900120,,0.0,0.0,,-0.0
2026-01-13,900120,,0.0,-0.0,,0.0
2026-01-14,900120,,0.0,-0.0,,0.0
2026-01-15,900120,,0.0,-0.0,,-0.0
2026-01-16,900120,,0.0,-0.0,,0.0
2026-01-19,900120,,0.0,0.0,,-0.0
2026-01-20,900120,,0.0,-0.1,,0.0
2026-01-21,900120,,0.0,-0.0,,-0.0
2026-01-22,900120,,0.0,-0.3,,0.3
2026-01-23,900120,,0.0,-0.0,,0.0
2026-01-26,900120,,0.0,-0.0,,0.0
2026-01-27,900120,,0.0,-0.1,,0.1
2026-01-28,900120,,0.0,0.0,,-0.0
2026-01-29,900120,,0.0,-0.1,,0.1
2026-01-30,900120,517.0,0.0,-0.1,,-0.1
2026-02-02,900120,,0.0,-0.3,,-0.1
2026-02-03,900120,,0.0,-0.0,,0.0
2026-02-04,900120,,0.0,-0.2,,0.2
2026-02-05,900120,,0.0,-0.2,,0.2
2026-02-06,900120,,0.0,-0.1,,-0.1
2026-02-09,900120,,0.0,-0.0,,-0.0
2026-02-10,900120,,0.0,0.1,,-0.1
2026-02-11,900120,,0.0,-0.0,,0.0
2026-02-12,900120,,0.0,-3.4,,3.3
2026-02-13,900120,,0.0,-5.9,,9.2
2026-02-19,900120,,0.0,-0.6,,0.6
2026-02-20,900120,,0.0,-0.1,,0.1
2026-02-23,900120,,0.0,-0.4,,0.4
2026-02-24,900120,,0.0,-0.5,,0.5
2026-02-25,900120,,0.0,-0.3,,0.3
2026-02-26,900120,,0.0,0.0,,-0.0
2026-02-27,900120,458.0,0.0,-0.0,,0.0
2026-03-03,900120,,0.0,-0.0,,0.0
2026-03-04,900120,,0.0,-0.0,,0.0
2026-03-05,900120,,0.0,0.0,,-0.0
2026-03-06,900120,,0.0,0.0,,-0.0
2026-03-09,900120,,0.0,0.0,,-0.0
2026-03-10,900120,,0.0,0.0,,-0.0
2026-03-11,900120,,0.0,0.0,,-0.0
2026-03-12,900120,,0.0,-0.0,,-0.3
2026-03-13,900120,,0.0,-0.2,,1.7
2026-03-16,900120,,0.0,-0.4,,0.1
2026-03-17,900120,,0.0,-0.1,,0.3
2026-03-18,900120,,0.0,0.1,,-0.0
2026-03-19,900120,,0.0,0.4,,-0.4
2026-03-20,900120,,0.0,0.0,,-0.0
2026-03-23,900120,,0.0,0.3,,-0.3
2026-03-24,900120,,0.0,-0.0,,0.1
2026-03-25,900120,,0.0,0.1,,-0.1
2026-03-26,900120,,0.0,0.2,,-0.1
2026-03-27,900120,,0.0,0.1,,-0.0
2026-03-30,900120,,0.0,0.1,,-0.1
2026-03-31,900120,353.0,0.0,0.0,,0.0
2026-04-01,900120,,0.0,0.0,,-0.1
2026-04-02,900120,,0.0,0.0,,-0.0
2026-04-03,900120,,0.0,-0.0,,0.0
2026-04-06,900120,,0.0,-0.0,,0.0
2026-04-07,900120,,0.0,-0.0,,0.0
2026-04-08,900120,,0.0,-0.0,,0.0
2026-04-09,900120,,0.0,-0.1,,0.1
2026-04-10,900120,,0.0,0.0,,-0.0
2026-04-13,900120,,0.0,0.1,,-0.1
2026-04-14,900120,,0.0,-0.1,,0.1
2026-04-15,900120,,0.0,-0.0,,0.0
2026-04-16,900120,,0.0,-0.0,,-0.0
2026-04-17,900120,,0.0,0.0,,-0.0
2026-04-20,900120,,0.0,-0.1,,0.1
2026-04-21,900120,,0.0,-0.0,,0.0
2026-04-22,900120,,0.0,-0.0,,0.0
2026-04-23,900120,,0.0,-0.0,,-0.0
2026-04-24,900120,,0.0,-0.4,,0.9
2026-04-27,900120,,0.0,-0.1,,0.1
2026-04-28,900120,,0.0,0.0,,-0.0
2026-04-29,900120,,0.0,0.0,,-0.0
2026-04-30,900120,411.0,0.0,-0.0,,0.0
2026-05-04,900120,,0.0,-0.0,,-0.0
2026-05-06,900120,,0.0,-0.0,,-0.1
2026-05-07,900120,,0.0,-0.0,,-0.0
2026-05-08,900120,,0.0,0.0,,-0.0
2026-05-11,900120,,0.0,-0.0,,0.0
2026-05-12,900120,,0.0,,,
2026-05-13,900120,,0.0,,,
2026-05-14,900120,,0.0,,,
2026-05-15,900120,,0.0,,,
2026-05-18,900120,,0.0,,,
2026-05-19,900120,,0.0,,,
2026-05-20,900120,,0.0,,,
2026-05-21,900120,,0.0,,,
2026-05-22,900120,,0.0,,,
2026-05-26,900120,,0.0,,,
2026-05-27,900120,,0.0,,,
2026-05-28,900120,,0.0,,,
2026-05-29,900120,391.0,0.0,,,
2026-06-01,900120,,0.0,,,
2026-06-02,900120,,0.0,,,
2026-06-04,900120,,0.0,,,
2026-06-05,900120,,0.0,,,
2026-06-08,900120,,0.0,,,
2026-06-09,900120,,0.0,,,
2026-06-10,900120,,0.0,,,
2026-06-11,900120,,0.0,,,
2026-06-12,900120,,0.0,,,
2026-06-15,900120,,0.0,,,
2026-06-16,900120,,0.0,,,
2026-06-17,900120,,0.0,,,
2026-06-18,900120,,0.0,,,
2026-06-19,900120,,0.0,,,
2026-06-22,900120,,0.0,,,
2026-06-23,900120,,0.0,,,
2026-06-24,900120,,0.0,,,
2026-06-25,900120,,0.0,,,
2026-06-26,900120,,0.0,0.3,-0.0,-0.3
2026-06-29,900120,,0.0,0.4,0.0,-0.5
2026-06-30,900120,1126.0,0.0,0.1,-0.0,-0.1
2026-07-01,900120,,0.0,0.1,,-0.4
2026-07-02,900120,,0.0,0.1,0.0,-0.0
2026-07-03,900120,,0.0,0.0,-0.0,-0.2
2026-07-06,900120,,0.0,0.0,0.0,-0.0
2026-07-07,900120,,0.0,0.0,-0.0,-0.0
2026-07-08,900120,,0.0,0.0,-0.0,0.0
2026-07-09,900120,,0.0,0.0,-0.0,-0.0
2026-07-10,900120,,0.0,0.0,,-0.0
2026-07-13,900120,1042.0,0.0,0.0,,0.0
2025-07-14,900140,,10.85,5.8,-0.0,-5.8
2025-07-15,900140,,10.99,-3.1,0.0,2.7
2025-07-16,900140,,10.91,-6.8,0.0,5.9
2025-07-17,900140,,10.74,-2.0,0.0,2.3
2025-07-18,900140,,10.69,-0.5,0.0,0.7
2025-07-21,900140,,10.68,0.6,0.0,-0.4
2025-07-22,900140,,10.69,5.5,0.0,-5.5
2025-07-23,900140,,10.83,-1.6,0.0,1.5
2025-07-24,900140,,10.79,-2.8,0.0,2.0
2025-07-25,900140,,10.71,-1.2,0.0,1.2
2025-07-28,900140,,10.68,-1.6,0.0,1.3
2025-07-29,900140,,10.64,-1.0,0.0,1.1
2025-07-30,900140,,10.61,2.8,0.0,-2.7
2025-07-31,900140,,10.68,-0.6,,0.3
2025-08-01,900140,,10.7,-3.2,0.0,3.1
2025-08-04,900140,,10.62,-0.9,0.0,0.6
2025-08-05,900140,,10.59,-0.4,0.0,0.4
2025-08-06,900140,,10.58,1.7,0.0,-1.7
2025-08-07,900140,,10.63,0.2,0.0,-0.2
2025-08-08,900140,,10.63,-1.4,0.0,1.4
2025-08-11,900140,,10.59,0.3,0.0,-0.3
2025-08-12,900140,,10.6,0.3,0.0,-0.3
2025-08-13,900140,,10.61,-0.5,0.0,0.4
2025-08-14,900140,,10.6,-1.0,0.0,0.8
2025-08-18,900140,,10.57,1.5,0.0,-1.5
2025-08-19,900140,,10.61,0.5,0.0,-0.5
2025-08-20,900140,,10.62,1.0,0.0,-1.0
2025-08-21,900140,,10.65,0.8,0.0,-0.8
2025-08-22,900140,,10.68,-1.3,0.0,1.3
2025-08-25,900140,,10.64,0.4,0.0,-0.5
2025-08-26,900140,,10.65,0.1,0.0,-0.1
2025-08-27,900140,,10.65,-0.2,0.0,0.2
2025-08-28,900140,,10.65,-1.4,,1.6
2025-08-29,900140,1821.0,10.61,-0.9,,0.9
2025-09-01,900140,,10.58,-0.1,0.0,0.0
2025-09-02,900140,,10.58,-0.2,0.0,0.4
2025-09-03,900140,,10.57,0.8,0.0,-0.7
2025-09-04,900140,,10.6,-0.5,0.0,0.5
2025-09-05,900140,,10.59,-1.1,0.0,1.0
2025-09-08,900140,,10.57,-0.9,,1.0
2025-09-09,900140,,10.55,0.3,0.0,-0.3
2025-09-10,900140,,10.56,1.5,0.0,-1.4
2025-09-11,900140,,10.6,-1.4,,1.2
2025-09-12,900140,,10.56,2.6,0.0,-2.6
2025-09-15,900140,,10.65,-2.5,0.0,2.3
2025-09-16,900140,,10.58,-3.7,0.0,3.5
2025-09-17,900140,,10.46,1.3,0.0,-1.6
2025-09-18,900140,,10.48,1.2,0.0,-1.2
2025-09-19,900140,,10.51,-1.1,0.0,0.5
2025-09-22,900140,,10.48,-2.0,0.0,2.2
2025-09-23,900140,,10.45,0.2,-0.1,-0.1
2025-09-24,900140,,10.45,0.1,-0.0,-0.0
2025-09-25,900140,,10.46,3.1,-0.0,-3.1
2025-09-26,900140,,10.55,-1.4,0.0,1.1
2025-09-29,900140,,10.51,-0.8,-0.0,0.7
2025-09-30,900140,1696.0,10.49,1.0,-0.0,-0.9
2025-10-01,900140,,10.52,-0.5,0.0,0.4
2025-10-02,900140,,10.5,1.5,-0.0,-1.6
2025-10-10,900140,,10.55,-2.9,0.0,2.6
2025-10-13,900140,,10.47,2.2,-0.0,-2.2
2025-10-14,900140,,10.53,3.4,-0.0,-3.3
2025-10-15,900140,,10.63,-1.5,-0.0,1.5
2025-10-16,900140,,10.59,-0.9,,1.0
2025-10-17,900140,,10.57,0.2,-0.0,-0.2
2025-10-20,900140,,10.57,0.6,,-0.6
2025-10-21,900140,,10.59,1.6,-0.0,-1.6
2025-10-22,900140,,10.63,-1.6,-0.0,1.6
2025-10-23,900140,,10.59,-2.2,0.0,1.8
2025-10-24,900140,,10.52,1.4,0.0,-1.3
2025-10-27,900140,,10.54,-1.8,,1.7
2025-10-28,900140,,10.48,-0.2,0.0,0.5
2025-10-29,900140,,10.46,-2.8,,2.8
2025-10-30,900140,,10.38,-2.0,,2.0
2025-10-31,900140,1658.0,10.31,-2.0,,1.2
2025-11-03,900140,,10.25,0.8,0.0,-0.8
2025-11-04,900140,,10.28,-1.9,,1.9
2025-11-05,900140,,10.22,0.9,0.0,-0.9
2025-11-06,900140,,10.25,0.9,,-0.9
2025-11-07,900140,,10.27,-4.0,0.0,4.0
2025-11-10,900140,,10.14,1.3,,-1.3
2025-11-11,900140,,10.19,-0.7,0.0,0.7
2025-11-12,900140,,10.17,1.4,,-1.4
2025-11-13,900140,,10.21,0.4,,-0.3
2025-11-14,900140,,10.22,1.1,,-1.1
2025-11-17,900140,,10.26,-2.9,0.0,2.9
2025-11-18,900140,,10.18,-1.8,,1.8
2025-11-19,900140,,10.12,-0.7,,0.7
2025-11-20,900140,,10.3,2.0,0.0,-2.0
2025-11-21,900140,,10.37,0.1,0.0,-0.1
2025-11-24,900140,,10.37,-0.6,0.0,0.6
2025-11-25,900140,,10.35,-1.2,,1.2
2025-11-26,900140,,10.31,2.8,,-2.8
2025-11-27,900140,,10.41,0.4,,-0.3
2025-11-28,900140,1618.0,10.43,-0.0,,0.0
2025-12-01,900140,,10.41,1.6,,-1.6
2025-12-02,900140,,10.56,0.1,,-0.1
2025-12-03,900140,,10.56,0.0,,-0.1
2025-12-04,900140,,10.58,-1.1,0.0,1.2
2025-12-05,900140,,10.55,1.4,,-1.4
2025-12-08,900140,,10.57,-1.7,,1.7
2025-12-09,900140,,10.52,0.1,,-0.1
2025-12-10,900140,,10.52,0.2,0.0,-0.2
2025-12-11,900140,,10.53,1.5,,-1.5
2025-12-12,900140,,10.59,0.8,,-0.8
2025-12-15,900140,,10.61,1.3,,-1.3
2025-12-16,900140,,10.64,-0.7,,0.8
2025-12-17,900140,,11.16,0.2,,-0.2
2025-12-18,900140,,11.17,-1.3,,1.3
2025-12-19,900140,,11.12,0.7,0.0,-0.7
2025-12-22,900140,,11.14,-0.2,0.0,-0.0
2025-12-23,900140,,11.14,-0.9,,0.3
2025-12-24,900140,,11.11,0.6,,-0.6
2025-12-26,900140,,11.13,-1.0,0.0,1.0
2025-12-29,900140,,11.09,2.3,-0.0,-2.3
2025-12-30,900140,1600.0,11.17,0.8,,-1.8
2026-01-02,900140,,11.2,-4.6,,4.6
2026-01-05,900140,,11.04,0.7,0.0,-0.7
2026-01-06,900140,,11.07,-0.7,0.0,0.7
2026-01-07,900140,,11.07,-1.1,,1.1
2026-01-08,900140,,11.03,0.5,0.0,-0.1
2026-01-09,900140,,11.05,0.8,0.0,-0.8
2026-01-12,900140,,11.08,1.0,0.0,-1.0
2026-01-13,900140,,11.11,1.0,-0.0,-1.0
2026-01-14,900140,,11.17,-0.6,0.0,0.6
2026-01-15,900140,,11.13,0.1,-0.0,-0.3
2026-01-16,900140,,11.13,-1.8,0.0,1.8
2026-01-19,900140,,11.07,3.9,-0.0,-3.8
2026-01-20,900140,,11.21,1.2,0.0,-1.2
2026-01-21,900140,,11.25,0.3,-0.0,-0.2
2026-01-22,900140,,11.26,1.6,0.0,-1.6
2026-01-23,900140,,11.31,1.1,-0.0,-0.8
2026-01-26,900140,,11.35,1.4,0.0,-1.4
2026-01-27,900140,,11.4,-1.8,0.0,1.8
2026-01-28,900140,,11.34,0.7,0.0,-1.2
2026-01-29,900140,,11.37,2.7,-0.0,-2.9
2026-01-30,900140,1488.0,11.46,-2.9,0.0,3.0
2026-02-02,900140,,11.36,-2.8,0.0,2.8
2026-02-03,900140,,11.26,-1.1,0.0,1.0
2026-02-04,900140,,11.21,3.3,-0.0,-3.3
2026-02-05,900140,,11.33,1.1,0.1,-1.2
2026-02-06,900140,,11.37,-1.0,-0.1,1.1
2026-02-09,900140,,11.34,2.1,-0.0,-2.1
2026-02-10,900140,,11.42,2.1,0.0,-2.2
2026-02-11,900140,,11.01,-2.0,-0.0,2.1
2026-02-12,900140,,10.93,-2.0,0.1,1.4
2026-02-13,900140,,10.87,-1.6,0.1,1.5
2026-02-19,900140,,10.82,1.3,-0.0,-1.2
2026-02-20,900140,,10.86,0.1,0.1,-0.2
2026-02-23,900140,,10.87,0.6,-0.1,-0.4
2026-02-24,900140,,10.84,0.6,-0.0,-0.6
2026-02-25,900140,,10.86,-0.6,-0.0,0.3
2026-02-26,900140,,10.88,-3.9,0.0,4.0
2026-02-27,900140,1580.0,10.76,-0.3,-0.0,0.2
2026-03-03,900140,,10.75,-1.2,0.0,1.1
2026-03-04,900140,,10.71,-0.3,-0.0,0.5
2026-03-05,900140,,10.7,1.5,-0.0,-1.4
2026-03-06,900140,,10.75,-3.6,0.0,3.9
2026-03-09,900140,,10.62,-2.5,0.0,2.6
2026-03-10,900140,,10.52,-2.1,0.0,2.0
2026-03-11,900140,,10.44,-0.7,-0.1,0.8
2026-03-12,900140,,10.41,0.1,0.0,-0.1
2026-03-13,900140,,10.41,-0.6,0.0,0.5
2026-03-16,900140,,10.39,-2.0,-0.0,2.0
2026-03-17,900140,,10.32,-0.0,-0.0,0.0
2026-03-18,900140,,10.32,1.7,0.0,-2.0
2026-03-19,900140,,10.21,-1.4,-0.0,1.4
2026-03-20,900140,,10.16,2.9,0.1,-3.1
2026-03-23,900140,,10.26,-2.4,-0.0,2.4
2026-03-24,900140,,10.18,1.7,-0.1,-1.4
2026-03-25,900140,,10.24,-0.5,-0.0,0.5
2026-03-26,900140,,10.24,-0.7,0.0,0.7
2026-03-27,900140,,10.23,0.1,0.0,0.0
2026-03-30,900140,,10.25,-0.2,0.0,0.2
2026-03-31,900140,1599.0,10.26,1.9,0.0,-1.9
2026-04-01,900140,,10.85,-1.1,0.0,1.1
2026-04-02,900140,,10.8,0.6,-0.0,-0.2
2026-04-03,900140,,10.9,1.7,0.0,-1.9
2026-04-06,900140,,10.94,-0.5,0.2,0.3
2026-04-07,900140,,10.92,-0.1,0.0,0.0
2026-04-08,900140,,10.92,5.3,-0.2,-5.1
2026-04-09,900140,,11.1,-0.6,0.0,0.5
2026-04-10,900140,,11.08,1.8,0.0,-2.0
2026-04-13,900140,,11.14,-1.8,-0.0,1.8
2026-04-14,900140,,11.08,3.8,0.1,-4.1
2026-04-15,900140,,11.22,-0.8,-0.0,0.4
2026-04-16,900140,,11.18,-0.2,-0.0,0.2
2026-04-17,900140,,11.17,0.6,-0.0,-0.7
2026-04-20,900140,,11.19,-2.3,0.0,2.1
2026-04-21,900140,,11.13,-0.1,-0.0,-0.1
2026-04-22,900140,,11.1,0.1,0.0,-0.1
2026-04-23,900140,,11.1,0.2,-0.0,-0.2
2026-04-24,900140,,11.1,1.2,-0.0,-1.1
2026-04-27,900140,,11.14,-1.0,0.0,1.2
2026-04-28,900140,,11.11,1.5,0.0,-1.8
2026-04-29,900140,,11.16,1.1,-0.1,-0.9
2026-04-30,900140,1702.0,11.18,0.5,0.0,-0.4
2026-05-04,900140,,11.2,-0.6,0.1,-0.4
2026-05-06,900140,,11.18,-1.1,-0.1,0.6
2026-05-07,900140,,11.15,0.7,-0.0,-0.7
2026-05-08,900140,,11.17,-2.2,0.1,2.1
2026-05-11,900140,,11.1,3.2,-0.0,-3.4
2026-05-12,900140,,11.2,8.4,0.9,-12.2
2026-05-13,900140,,11.45,-3.4,-0.1,4.2
2026-05-14,900140,,11.35,0.9,-0.1,-0.2
2026-05-15,900140,,11.38,-0.8,-0.3,1.7
2026-05-18,900140,,11.22,-0.1,-0.5,0.6
2026-05-19,900140,,11.24,1.6,-0.0,-1.9
2026-05-20,900140,,11.3,-2.7,0.0,2.7
2026-05-21,900140,,11.21,-1.2,0.0,1.2
2026-05-22,900140,,11.17,0.9,-0.0,-0.9
2026-05-26,900140,,11.19,-4.9,0.1,4.7
2026-05-27,900140,,11.03,-2.8,-0.0,2.7
2026-05-28,900140,,10.91,0.0,-0.1,0.0
2026-05-29,900140,1459.0,10.91,-1.9,-0.0,1.8
2026-06-01,900140,,10.84,-3.1,-0.0,3.2
2026-06-02,900140,,10.73,0.6,0.0,0.5
2026-06-04,900140,,10.74,1.2,0.0,-1.2
2026-06-05,900140,,10.79,0.6,0.0,-0.6
2026-06-08,900140,,10.99,-1.5,-0.1,1.5
2026-06-09,900140,,10.94,2.8,-0.0,-2.7
2026-06-10,900140,,11.04,-0.9,0.1,0.8
2026-06-11,900140,,11.01,-0.2,0.0,0.2
2026-06-12,900140,,11.0,1.3,-0.1,-1.2
2026-06-15,900140,,11.05,-0.3,-0.0,0.4
2026-06-16,900140,,11.04,0.2,0.1,-0.3
2026-06-17,900140,,11.05,-0.4,-0.1,0.5
2026-06-18,900140,,11.03,-2.4,-0.0,2.4
2026-06-19,900140,,10.94,-1.4,0.0,1.5
2026-06-22,900140,,10.88,-0.8,0.0,0.8
2026-06-23,900140,,10.85,1.9,0.0,-1.9
2026-06-24,900140,,10.93,-0.0,0.0,-0.0
2026-06-25,900140,,10.94,-0.5,-0.0,0.5
2026-06-26,900140,,10.92,2.4,0.0,-2.4
2026-06-29,900140,,11.02,0.9,-0.0,-0.9
2026-06-30,900140,1233.0,11.06,-0.1,-0.0,0.1
2026-07-01,900140,,11.05,0.4,-0.0,-0.4
2026-07-02,900140,,11.07,0.6,0.0,-0.7
2026-07-03,900140,,11.09,1.1,0.0,-1.0
2026-07-06,900140,,11.14,3.5,-0.0,-3.8
2026-07-07,900140,,11.29,0.1,0.0,-0.1
2026-07-08,900140,,11.29,0.2,0.0,-0.3
2026-07-09,900140,,11.3,1.0,-0.0,-1.0
2026-07-10,900140,,11.35,0.6,0.0,-0.6
2026-07-13,900140,1236.0,11.37,0.4,-0.0,-0.4
2025-07-14,900250,,34.16,0.2,,-0.5
2025-07-15,900250,,34.19,-0.3,,0.4
2025-07-16,900250,,34.16,-0.6,,0.7
2025-07-17,900250,,34.12,-1.5,,1.2
2025-07-18,900250,,34.0,-11.5,,11.5
2025-07-21,900250,,33.09,0.3,,-0.4
2025-07-22,900250,,33.12,-0.2,,0.6
2025-07-23,900250,,33.12,0.1,,-0.3
2025-07-24,900250,,33.12,-1.4,,1.6
2025-07-25,900250,,33.0,-0.7,,0.5
2025-07-28,900250,,32.94,-0.9,,0.9
2025-07-29,900250,,32.88,-0.2,,0.4
2025-07-30,900250,,32.84,-0.9,,0.8
2025-07-31,900250,,32.78,-0.3,,0.2
2025-08-01,900250,,32.75,-1.8,,1.8
2025-08-04,900250,,32.59,-0.2,,0.3
2025-08-05,900250,,32.56,-0.5,,0.5
2025-08-06,900250,,32.53,-0.0,,0.0
2025-08-07,900250,,32.53,-1.7,,1.7
2025-08-08,900250,,32.38,-0.9,,0.9
2025-08-11,900250,,32.28,-0.2,,0.2
2025-08-12,900250,,32.28,0.3,,-0.3
2025-08-13,900250,,32.31,-1.9,,1.9
2025-08-14,900250,,32.12,-1.2,,1.2
2025-08-18,900250,,32.06,0.5,,-0.5
2025-08-19,900250,,32.09,-0.1,,0.1
2025-08-20,900250,,32.09,-0.2,,0.2
2025-08-21,900250,,32.06,0.1,,-0.1
2025-08-22,900250,,32.09,-0.4,,0.4
2025-08-25,900250,,32.03,-0.8,,0.8
2025-08-26,900250,,31.95,-0.3,,0.3
2025-08-27,900250,,31.94,-0.4,,0.4
2025-08-28,900250,,31.91,-0.0,,-0.1
2025-08-29,900250,819.0,31.91,-0.3,,0.2
2025-09-01,900250,,31.88,-0.5,,0.6
2025-09-02,900250,,31.83,-0.4,,0.1
2025-09-03,900250,,31.8,-0.2,,0.1
2025-09-04,900250,,31.78,0.3,,-0.1
2025-09-05,900250,,31.81,1.4,,-1.7
2025-09-08,900250,,31.94,-0.1,,-0.2
2025-09-09,900250,,31.94,0.0,,-0.1
2025-09-10,900250,,31.94,1.1,,-1.1
2025-09-11,900250,,32.03,0.0,,-0.1
2025-09-12,900250,,32.03,0.7,,-0.6
2025-09-15,900250,,32.12,0.5,,-0.5
2025-09-16,900250,,32.16,-0.1,,0.2
2025-09-17,900250,,32.16,0.3,,-0.1
2025-09-18,900250,,32.19,-1.0,,0.4
2025-09-19,900250,,32.09,-0.1,,0.1
2025-09-22,900250,,32.09,-0.3,,0.3
2025-09-23,900250,,32.06,-0.3,,0.3
2025-09-24,900250,,31.97,0.1,,-0.1
2025-09-25,900250,,31.98,-0.2,,0.2
2025-09-26,900250,,31.95,-0.4,,0.4
2025-09-29,900250,,31.91,-0.4,,0.4
2025-09-30,900250,815.0,31.88,0.5,,-0.5
2025-10-01,900250,,31.91,0.2,,-0.2
2025-10-02,900250,,31.95,0.1,,-0.1
2025-10-10,900250,,31.95,0.1,,-0.2
2025-10-13,900250,,31.95,-0.8,,0.8
2025-10-14,900250,,31.89,-0.6,,0.6
2025-10-15,900250,,31.83,-0.3,,0.3
2025-10-16,900250,,31.81,-0.0,,0.0
2025-10-17,900250,,31.81,0.5,,-0.5
2025-10-20,900250,,31.84,-0.8,,0.7
2025-10-21,900250,,31.78,-0.4,,0.4
2025-10-22,900250,,31.73,0.0,,0.0
2025-10-23,900250,,31.75,-1.4,,1.0
2025-10-24,900250,,31.62,-0.3,,0.3
2025-10-27,900250,,31.56,-0.0,,-0.0
2025-10-28,900250,,31.56,-0.4,,0.4
2025-10-29,900250,,31.52,-0.1,,0.1
2025-10-30,900250,,31.52,-1.6,,1.7
2025-10-31,900250,802.0,31.38,-0.8,,0.8
2025-11-03,900250,,31.28,0.9,,-0.4
2025-11-04,900250,,31.38,0.2,,-0.2
2025-11-05,900250,,31.42,0.2,,-0.2
2025-11-06,900250,,31.44,0.2,,-0.2
2025-11-07,900250,,31.45,-0.5,,0.4
2025-11-10,900250,,31.41,-0.6,,1.3
2025-11-11,900250,,31.3,-0.7,,0.7
2025-11-12,900250,,31.23,0.4,,-0.4
2025-11-13,900250,,31.27,0.3,,-0.4
2025-11-14,900250,,31.3,-0.7,,0.7
2025-11-17,900250,,31.23,-1.7,,1.7
2025-11-18,900250,,31.06,-0.2,,0.0
2025-11-19,900250,,31.05,0.5,,-0.4
2025-11-20,900250,,31.09,0.4,,-0.4
2025-11-21,900250,,31.12,-0.6,,0.8
2025-11-24,900250,,31.06,-0.7,,0.8
2025-11-25,900250,,30.98,0.3,,-0.3
2025-11-26,900250,,31.02,-0.0,,0.1
2025-11-27,900250,,31.02,-1.3,,1.3
2025-11-28,900250,727.0,30.88,-0.7,,0.8
2025-12-01,900250,,30.81,-1.1,,1.0
2025-12-02,900250,,30.7,-0.2,,0.2
2025-12-03,900250,,30.69,-0.2,,0.2
2025-12-04,900250,,30.66,-0.3,,0.3
2025-12-05,900250,,30.62,0.1,,-0.1
2025-12-08,900250,,30.64,-0.8,,0.8
2025-12-09,900250,,30.56,-0.6,,0.6
2025-12-10,900250,,30.5,0.1,,-0.1
2025-12-11,900250,,30.5,0.7,,-0.9
2025-12-12,900250,,30.58,1.0,,-1.0
2025-12-15,900250,,30.69,0.0,,-0.0
2025-12-16,900250,,30.69,-0.8,,0.8
2025-12-17,900250,,31.27,-0.7,,0.8
2025-12-18,900250,,31.19,-0.4,,0.4
2025-12-19,900250,,31.14,0.0,,-0.0
2025-12-22,900250,,31.14,-0.4,,0.4
2025-12-23,900250,,31.11,-0.4,,0.4
2025-12-24,900250,,31.06,-0.0,,0.0
2025-12-26,900250,,31.08,-0.4,,0.1
2025-12-29,900250,,31.05,-0.5,,0.5
2025-12-30,900250,705.0,30.98,-0.1,,0.3
2026-01-02,900250,,30.97,0.9,,-1.0
2026-01-05,900250,,31.06,-0.4,,0.3
2026-01-06,900250,,31.05,-0.6,,0.7
2026-01-07,900250,,31.02,-0.3,,0.1
2026-01-08,900250,,30.95,-0.4,,0.4
2026-01-09,900250,,30.92,-0.5,,0.4
2026-01-12,900250,,30.86,0.8,,-0.8
2026-01-13,900250,,30.95,-0.1,,0.1
2026-01-14,900250,,30.94,-1.2,,1.2
2026-01-15,900250,,30.81,-0.7,,0.7
2026-01-16,900250,,30.73,-1.8,,1.7
2026-01-19,900250,,30.55,1.4,,-1.4
2026-01-20,900250,,30.7,0.4,,-0.5
2026-01-21,900250,,30.75,-1.1,,1.0
2026-01-22,900250,,30.62,-0.1,,0.0
2026-01-23,900250,,30.59,1.5,,-1.3
2026-01-26,900250,,30.77,0.9,,-1.0
2026-01-27,900250,,30.88,0.0,,0.0
2026-01-28,900250,,30.88,-0.9,,0.8
2026-01-29,900250,,30.77,0.6,,-0.7
2026-01-30,900250,691.0,30.84,0.3,,-0.3
2026-02-02,900250,,30.88,-1.1,,1.2
2026-02-03,900250,,30.75,0.3,,-0.4
2026-02-04,900250,,30.8,0.7,,-0.8
2026-02-05,900250,,30.88,-0.2,,0.6
2026-02-06,900250,,28.12,-0.3,,0.3
2026-02-09,900250,,28.09,-1.1,,1.5
2026-02-10,900250,,27.98,-0.4,,0.4
2026-02-11,900250,,27.95,-1.5,,1.3
2026-02-12,900250,,27.8,0.1,,-0.2
2026-02-13,900250,,27.8,-2.4,,2.4
2026-02-19,900250,,27.53,0.5,,-0.4
2026-02-20,900250,,27.58,0.7,,-0.8
2026-02-23,900250,,27.69,-3.0,,2.9
2026-02-24,900250,,27.39,-1.2,,1.2
2026-02-25,900250,,26.66,-0.3,,0.5
2026-02-26,900250,,26.62,-1.8,,1.7
2026-02-27,900250,645.0,26.44,0.6,,-0.8
2026-03-03,900250,,26.48,2.2,,-2.2
2026-03-04,900250,,26.73,0.8,,-0.6
2026-03-05,900250,,26.84,0.4,,-0.4
2026-03-06,900250,,26.91,0.3,,-0.3
2026-03-09,900250,,26.94,-0.4,,0.4
2026-03-10,900250,,26.89,-0.8,,0.8
2026-03-11,900250,,26.8,-1.3,,0.9
2026-03-12,900250,,26.66,-0.3,,0.1
2026-03-13,900250,,26.62,-0.2,,0.3
2026-03-16,900250,,26.59,-1.0,,1.0
2026-03-17,900250,,26.48,-0.7,,0.7
2026-03-18,900250,,26.41,-0.5,,0.5
2026-03-19,900250,,26.34,0.5,,-0.5
2026-03-20,900250,,26.41,0.3,,-0.3
2026-03-23,900250,,26.44,0.1,,-0.1
2026-03-24,900250,,26.45,0.5,,-0.5
2026-03-25,900250,,26.52,0.0,,0.1
2026-03-26,900250,,26.52,-0.4,,0.4
2026-03-27,900250,,26.45,0.2,,-0.2
2026-03-30,900250,,26.48,0.0,,-0.0
2026-03-31,900250,553.0,26.48,0.2,,-0.2
2026-04-01,900250,,26.52,0.4,,-0.3
2026-04-02,900250,,26.56,0.0,,0.1
2026-04-03,900250,,26.56,-0.2,,0.3
2026-04-06,900250,,26.55,-1.0,,0.9
2026-04-07,900250,,26.41,-0.4,,0.6
2026-04-08,900250,,26.38,-0.7,,0.5
2026-04-09,900250,,26.27,0.6,,-0.3
2026-04-10,900250,,26.34,0.9,,-0.6
2026-04-13,900250,,26.45,0.3,,-0.3
2026-04-14,900250,,26.52,-0.9,,1.1
2026-04-15,900250,,26.41,0.8,,-0.7
2026-04-16,900250,,26.48,-1.9,,2.0
2026-04-17,900250,,26.28,-0.4,,0.4
2026-04-20,900250,,26.23,0.7,,-0.7
2026-04-21,900250,,26.31,-1.7,,1.7
2026-04-22,900250,,26.12,0.6,,-0.6
2026-04-23,900250,,26.16,-0.2,,0.2
2026-04-24,900250,,26.14,1.6,,-1.6
2026-04-27,900250,,26.31,-3.4,,3.3
2026-04-28,900250,,25.95,0.3,,-0.3
2026-04-29,900250,,25.98,-0.4,,1.2
2026-04-30,900250,617.0,25.94,-0.2,,0.2
2026-05-04,900250,,25.91,-1.6,,1.6
2026-05-06,900250,,25.72,-2.1,,2.1
2026-05-07,900250,,25.47,1.0,,-0.6
2026-05-08,900250,,25.59,-1.1,,1.1
2026-05-11,900250,,25.45,-2.0,,1.9
2026-05-12,900250,,25.22,-0.4,,0.4
2026-05-13,900250,,25.17,-0.7,,0.7
2026-05-14,900250,,25.06,-1.2,,1.1
2026-05-15,900250,,24.92,0.4,,-0.3
2026-05-18,900250,,24.98,1.4,,-1.4
2026-05-19,900250,,25.17,1.1,,-1.1
2026-05-20,900250,,25.31,-0.2,,0.2
2026-05-21,900250,,25.3,-1.4,,1.4
2026-05-22,900250,,25.09,0.5,,-0.5
2026-05-26,900250,,25.16,1.1,2.7,-3.7
2026-05-27,900250,,25.31,-3.6,-2.8,6.4
2026-05-28,900250,,25.02,3.2,,-3.2
2026-05-29,900250,519.0,25.45,,,
2026-06-01,900250,,25.45,,,
2026-06-02,900250,,25.45,,,
2026-06-04,900250,,25.45,,,
2026-06-05,900250,,25.45,,,
2026-06-08,900250,,25.45,,,
2026-06-09,900250,,25.45,,,
2026-06-10,900250,,25.45,,,
2026-06-11,900250,,25.45,,,
2026-06-12,900250,,25.45,,,
2026-06-15,900250,,25.45,,,
2026-06-16,900250,,25.45,,,
2026-06-17,900250,,25.45,,,
2026-06-18,900250,,25.45,,,
2026-06-19,900250,,25.45,,,
2026-06-22,900250,,25.45,,,
2026-06-23,900250,,40.0,0.5,,-0.5
2026-06-24,900250,,22.64,-0.4,0.0,0.4
2026-06-25,900250,,22.77,0.2,0.0,-0.1
2026-06-26,900250,,22.73,1.4,0.0,-1.5
2026-06-29,900250,,22.98,-0.3,0.0,0.4
2026-06-30,900250,1300.0,22.98,-0.7,0.0,0.7
2026-07-01,900250,,22.84,0.4,-0.0,-0.4
2026-07-02,900250,,22.98,-0.5,0.0,0.5
2026-07-03,900250,,22.95,-0.2,-0.0,0.2
2026-07-06,900250,,22.94,-0.3,0.0,0.3
2026-07-07,900250,,22.91,-0.3,-0.0,0.2
2026-07-08,900250,,23.23,-0.4,-0.0,0.4
2026-07-09,900250,,23.14,-0.1,0.0,0.1
2026-07-10,900250,,23.11,-0.1,,0.1
2026-07-13,900250,1041.0,23.09,-0.3,0.0,0.3
2025-07-14,900260,,51.78,0.6,,-0.5
2025-07-15,900260,,51.94,0.7,,-0.7
2025-07-16,900260,,52.19,0.9,,-0.9
2025-07-17,900260,,52.44,0.3,,-0.3
2025-07-18,900260,,52.56,-0.1,,0.1
2025-07-21,900260,,52.53,0.2,,-0.2
2025-07-22,900260,,52.59,12.2,0.0,-9.2
2025-07-23,900260,,55.66,-1.0,,0.7
2025-07-24,900260,,55.44,1.2,,-1.0
2025-07-25,900260,,55.78,1.1,,-1.2
2025-07-28,900260,,56.06,0.4,,-0.6
2025-07-29,900260,,56.16,1.5,,-1.4
2025-07-30,900260,,56.59,0.1,,-0.1
2025-07-31,900260,,56.59,0.1,,0.1
2025-08-01,900260,,56.62,-0.7,,0.7
2025-08-04,900260,,56.47,0.0,,-0.1
2025-08-05,900260,,56.47,0.3,,-0.4
2025-08-06,900260,,56.56,-0.0,,-0.0
2025-08-07,900260,,56.56,0.2,,-0.1
2025-08-08,900260,,56.59,0.0,,0.0
2025-08-11,900260,,56.62,0.1,,-0.0
2025-08-12,900260,,56.62,0.3,,-0.3
2025-08-13,900260,,56.72,-0.3,,0.4
2025-08-14,900260,,56.62,-0.0,,-0.0
2025-08-18,900260,,56.62,0.1,,0.1
2025-08-19,900260,,56.66,1.3,,-1.3
2025-08-20,900260,,57.0,1.0,,-0.9
2025-08-21,900260,,57.25,-0.2,,0.2
2025-08-22,900260,,57.19,0.5,,-0.4
2025-08-25,900260,,57.31,0.2,,-0.2
2025-08-26,900260,,57.38,0.2,,-0.2
2025-08-27,900260,,57.44,0.1,,-0.0
2025-08-28,900260,,57.44,0.4,,-0.2
2025-08-29,900260,1025.0,57.56,0.2,,-0.2
2025-09-01,900260,,57.62,0.1,,-0.1
2025-09-02,900260,,57.62,-0.0,,0.1
2025-09-03,900260,,57.62,0.4,,-0.4
2025-09-04,900260,,57.75,0.3,,-0.1
2025-09-05,900260,,57.84,0.4,,-0.2
2025-09-08,900260,,57.94,0.1,,-0.1
2025-09-09,900260,,57.97,0.5,,-0.5
2025-09-10,900260,,58.09,-0.1,,0.1
2025-09-11,900260,,58.09,-0.1,,0.1
2025-09-12,900260,,58.06,0.1,,-0.1
2025-09-15,900260,,58.16,0.1,,-0.1
2025-09-16,900260,,58.16,0.2,,-0.2
2025-09-17,900260,,58.22,0.1,,-0.1
2025-09-18,900260,,58.22,0.1,,-0.0
2025-09-19,900260,,58.25,0.5,,-0.5
2025-09-22,900260,,58.38,0.4,,-0.4
2025-09-23,900260,,58.5,-0.0,,0.1
2025-09-24,900260,,58.5,0.2,,-0.2
2025-09-25,900260,,58.53,0.1,,-0.0
2025-09-26,900260,,58.56,0.1,,-0.1
2025-09-29,900260,,58.59,-0.0,,0.0
2025-09-30,900260,1080.0,58.59,0.1,,-0.1
2025-10-01,900260,,58.62,0.3,,-0.4
2025-10-02,900260,,58.69,0.0,,-0.0
2025-10-10,900260,,58.72,0.0,,-0.0
2025-10-13,900260,,58.72,-0.0,,0.0
2025-10-14,900260,,58.72,-0.0,,0.0
2025-10-15,900260,,58.69,0.2,,-0.2
2025-10-16,900260,,58.75,0.1,,-0.1
2025-10-17,900260,,58.78,0.1,,-0.1
2025-10-20,900260,,58.81,0.2,,-0.2
2025-10-21,900260,,58.88,0.0,,-0.0
2025-10-22,900260,,58.88,0.2,,-0.3
2025-10-23,900260,,58.94,0.3,,-0.2
2025-10-24,900260,,59.0,0.2,,-0.2
2025-10-27,900260,,59.06,0.2,,-0.2
2025-10-28,900260,,59.12,0.1,,-0.1
2025-10-29,900260,,59.12,-0.0,,0.0
2025-10-30,900260,,59.12,0.6,,-0.5
2025-10-31,900260,1022.0,59.28,0.2,,-0.2
2025-11-03,900260,,59.34,0.5,,-0.6
2025-11-04,900260,,59.47,0.6,,-0.2
2025-11-05,900260,,59.62,0.0,,-0.0
2025-11-06,900260,,59.62,0.1,,-0.1
2025-11-07,900260,,59.69,0.4,,-0.3
2025-11-10,900260,,59.78,0.3,,-0.3
2025-11-11,900260,,59.88,0.3,,-0.0
2025-11-12,900260,,60.0,0.0,,-0.0
2025-11-13,900260,,60.0,1.1,,-0.3
2025-11-14,900260,,60.31,0.8,,-0.4
2025-11-17,900260,,60.5,-0.0,,0.1
2025-11-18,900260,,60.53,0.5,,-0.4
2025-11-19,900260,,60.66,0.3,,-0.1
2025-11-20,900260,,60.75,0.2,,-0.2
2025-11-21,900260,,47.59,0.3,,-0.2
2025-11-24,900260,,47.66,0.2,,-0.1
2025-11-25,900260,,47.72,0.1,,-0.1
2025-11-26,900260,,47.75,0.1,,-0.1
2025-11-27,900260,,47.78,0.0,,0.0
2025-11-28,900260,912.0,47.78,0.4,,-0.1
2025-12-01,900260,,47.88,0.5,,-0.5
2025-12-02,900260,,48.03,0.2,,-0.1
2025-12-03,900260,,48.09,0.0,,0.1
2025-12-04,900260,,48.09,0.0,,0.0
2025-12-05,900260,,48.09,0.0,,0.0
2025-12-08,900260,,48.09,-0.0,,0.8
2025-12-09,900260,,48.09,-0.1,,0.1
2025-12-10,900260,,48.06,0.1,,-0.1
2025-12-11,900260,,48.09,-0.0,,0.1
2025-12-12,900260,,48.09,0.0,0.1,-0.2
2025-12-15,900260,,48.09,19.8,0.4,-20.0
2025-12-16,900260,,50.84,0.3,5.6,-5.9
2025-12-17,900260,,51.03,0.1,5.8,-5.5
2025-12-18,900260,,51.03,0.3,5.4,-5.4
2025-12-19,900260,,51.03,0.0,3.9,-3.9
2025-12-22,900260,,51.03,0.2,3.1,-2.8
2025-12-23,900260,,51.0,0.3,5.3,-5.5
2025-12-24,900260,,51.03,1.3,1.4,-2.7
2025-12-26,900260,,51.22,-0.5,2.8,-2.3
2025-12-29,900260,,51.12,0.2,0.0,-0.2
2025-12-30,900260,1572.0,51.16,0.3,3.3,-3.6
2026-01-02,900260,,51.19,0.4,-0.0,-0.4
2026-01-05,900260,,51.25,0.2,0.0,-0.2
2026-01-06,900260,,51.28,0.2,0.0,-0.2
2026-01-07,900260,,51.31,-0.0,0.0,0.0
2026-01-08,900260,,51.31,0.5,3.2,-3.8
2026-01-09,900260,,51.38,0.7,2.1,-2.8
2026-01-12,900260,,51.47,1.0,0.0,-1.0
2026-01-13,900260,,51.59,0.3,1.4,-1.7
2026-01-14,900260,,51.59,1.7,-0.2,-0.8
2026-01-15,900260,,51.81,1.7,0.6,-0.3
2026-01-16,900260,,52.0,0.6,-0.1,-0.5
2026-01-19,900260,,52.06,0.2,0.0,-0.2
2026-01-20,900260,,52.09,0.6,0.1,-0.7
2026-01-21,900260,,52.16,0.5,0.1,-0.6
2026-01-22,900260,,52.22,0.4,-0.1,-0.3
2026-01-23,900260,,52.28,-0.0,-0.0,0.0
2026-01-26,900260,,52.28,0.7,0.0,-0.7
2026-01-27,900260,,52.38,0.1,0.0,-0.1
2026-01-28,900260,,52.38,0.8,,-0.8
2026-01-29,900260,,52.5,0.7,,-0.7
2026-01-30,900260,1589.0,52.59,0.6,,-0.7
2026-02-02,900260,,52.69,0.1,,-0.1
2026-02-03,900260,,52.69,0.1,,-0.2
2026-02-04,900260,,52.66,0.5,,-0.6
2026-02-05,900260,,52.75,0.2,,-0.2
2026-02-06,900260,,52.78,2.0,-0.3,-1.5
2026-02-09,900260,,53.06,0.2,-0.4,0.2
2026-02-10,900260,,53.06,0.2,-0.0,-0.2
2026-02-11,900260,,53.09,0.2,-0.0,-0.2
2026-02-12,900260,,53.12,0.8,-0.4,-0.4
2026-02-13,900260,,53.25,0.4,0.0,-0.4
2026-02-19,900260,,53.28,1.7,0.0,-1.7
2026-02-20,900260,,53.53,0.1,-0.0,-0.1
2026-02-23,900260,,53.53,0.5,,-0.5
2026-02-24,900260,,53.47,0.0,0.0,-0.0
2026-02-25,900260,,53.47,0.3,-0.1,-0.2
2026-02-26,900260,,53.53,0.2,-0.1,-0.1
2026-02-27,900260,1772.0,53.56,0.1,-0.0,-0.1
2026-03-03,900260,,53.56,0.0,0.0,-0.1
2026-03-04,900260,,53.56,4.9,-4.3,-0.5
2026-03-05,900260,,54.19,-0.2,-0.0,0.3
2026-03-06,900260,,54.16,0.2,0.0,-0.1
2026-03-09,900260,,54.19,0.1,,-0.1
2026-03-10,900260,,54.19,0.0,0.0,-0.0
2026-03-11,900260,,54.19,-0.0,0.0,0.1
2026-03-12,900260,,54.19,0.1,0.0,-0.1
2026-03-13,900260,,54.22,0.0,0.0,-0.0
2026-03-16,900260,,54.22,-0.2,-0.1,0.3
2026-03-17,900260,,54.19,0.0,0.0,-0.0
2026-03-18,900260,,54.19,0.2,0.0,-0.2
2026-03-19,900260,,54.22,0.0,,-0.0
2026-03-20,900260,,54.22,1.6,0.0,-1.5
2026-03-23,900260,,54.41,0.4,0.0,-0.3
2026-03-24,900260,,54.47,-0.0,0.0,-0.0
2026-03-25,900260,,54.47,0.2,0.0,-0.2
2026-03-26,900260,,54.5,0.0,0.0,-0.0
2026-03-27,900260,,54.5,0.1,,-0.1
2026-03-30,900260,,54.5,0.2,0.0,-0.1
2026-03-31,900260,1654.0,54.53,0.4,,-0.4
2026-04-01,900260,,54.59,0.9,,-0.9
2026-04-02,900260,,54.69,0.5,,-0.4
2026-04-03,900260,,54.75,-0.0,,-0.0
2026-04-06,900260,,54.75,0.0,,-0.0
2026-04-07,900260,,54.75,0.0,,-0.0
2026-04-08,900260,,54.75,-0.0,0.0,0.0
2026-04-09,900260,,54.75,0.1,0.0,-0.1
2026-04-10,900260,,54.78,0.0,,-0.0
2026-04-13,900260,,54.78,0.0,,-0.0
2026-04-14,900260,,54.78,0.1,0.0,-0.1
2026-04-15,900260,,54.78,0.1,,-0.1
2026-04-16,900260,,54.81,0.0,0.0,-0.0
2026-04-17,900260,,54.81,-0.0,,0.0
2026-04-20,900260,,54.81,-0.0,0.0,0.0
2026-04-21,900260,,54.81,0.1,0.0,-0.1
2026-04-22,900260,,54.81,0.1,0.0,-0.1
2026-04-23,900260,,54.81,0.2,0.0,-0.2
2026-04-24,900260,,54.84,0.2,,-0.2
2026-04-27,900260,,54.88,0.1,0.0,-0.1
2026-04-28,900260,,54.88,0.1,0.0,-0.1
2026-04-29,900260,,54.88,-0.0,0.0,0.0
2026-04-30,900260,1620.0,54.88,0.7,0.0,-0.7
2026-05-04,900260,,54.97,-0.0,-0.0,0.0
2026-05-06,900260,,54.97,0.2,,-0.2
2026-05-07,900260,,55.0,0.1,,-0.1
2026-05-08,900260,,55.03,0.1,0.0,-0.2
2026-05-11,900260,,55.03,-0.0,,0.0
2026-05-12,900260,,55.03,0.4,,-0.4
2026-05-13,900260,,55.09,0.8,0.0,-0.8
2026-05-14,900260,,55.19,0.1,0.0,-0.1
2026-05-15,900260,,55.22,0.6,-0.0,-0.6
2026-05-18,900260,,55.31,-0.0,,0.0
2026-05-19,900260,,55.31,0.8,0.0,-0.8
2026-05-20,900260,,55.41,-0.0,0.0,0.0
2026-05-21,900260,,55.41,0.4,,-0.4
2026-05-22,900260,,55.44,0.0,0.0,-0.0
2026-05-26,900260,,55.44,0.9,0.0,-0.9
2026-05-27,900260,,55.56,0.8,-0.0,-0.8
2026-05-28,900260,,55.66,1.7,0.0,-1.7
2026-05-29,900260,1634.0,55.88,-0.0,-0.0,0.0
2026-06-01,900260,,55.88,0.2,0.0,-0.2
2026-06-02,900260,,55.91,0.3,,-0.3
2026-06-04,900260,,55.97,-0.0,,0.0
2026-06-05,900260,,55.97,-0.0,,0.0
2026-06-08,900260,,55.97,0.3,,-0.3
2026-06-09,900260,,56.0,0.0,-0.3,0.3
2026-06-10,900260,,56.0,1.2,-1.0,-0.2
2026-06-11,900260,,56.16,0.1,,-0.1
2026-06-12,900260,,56.16,-0.0,,0.0
2026-06-15,900260,,56.16,0.9,,-0.9
2026-06-16,900260,,56.28,0.1,,-0.1
2026-06-17,900260,,56.28,0.0,,-0.0
2026-06-18,900260,,56.31,-0.0,,0.0
2026-06-19,900260,,56.28,0.0,,-0.0
2026-06-22,900260,,56.28,0.0,,-0.0
2026-06-23,900260,,56.31,-0.0,,0.0
2026-06-24,900260,,56.31,1.9,,-1.9
2026-06-25,900260,,56.56,-0.0,,0.0
2026-06-26,900260,,56.56,0.1,,-0.1
2026-06-29,900260,,56.56,0.1,,-0.1
2026-06-30,900260,1652.0,56.56,0.8,,-0.8
2026-07-01,900260,,56.66,2.0,0.0,-2.0
2026-07-02,900260,,56.97,-0.0,,0.0
2026-07-03,900260,,56.97,0.0,,-0.0
2026-07-06,900260,,56.97,0.0,,-0.0
2026-07-07,900260,,56.97,0.1,0.0,-0.1
2026-07-08,900260,,56.97,0.1,-0.0,-0.1
2026-07-09,900260,,57.0,0.0,,-0.0
2026-07-10,900260,,57.0,0.1,,-0.1
2026-07-13,900260,1653.0,57.0,-0.0,,0.0
2025-07-14,900270,,30.45,-2.4,,2.3
2025-07-15,900270,,29.94,-0.6,,0.7
2025-07-16,900270,,29.81,3.8,0.0,-4.0
2025-07-17,900270,,30.62,-2.2,,2.4
2025-07-18,900270,,30.16,-1.8,,1.8
2025-07-21,900270,,29.75,0.7,,-0.8
2025-07-22,900270,,29.91,0.3,,-0.4
2025-07-23,900270,,29.97,-0.1,,0.1
2025-07-24,900270,,30.0,-1.3,,1.3
2025-07-25,900270,,29.69,-8.6,0.0,0.9
2025-07-28,900270,,27.53,-0.0,,3.1
2025-07-29,900270,,27.53,-0.0,,2.0
2025-07-30,900270,,27.53,0.1,,-0.0
2025-07-31,900270,,27.55,0.4,,2.8
2025-08-01,900270,,27.64,-0.1,,0.1
2025-08-04,900270,,27.62,0.5,,-0.6
2025-08-05,900270,,27.77,-0.2,,0.2
2025-08-06,900270,,27.7,0.7,,-0.7
2025-08-07,900270,,27.88,0.0,,-0.0
2025-08-08,900270,,27.88,-0.1,,0.1
2025-08-11,900270,,27.86,-0.4,0.0,0.4
2025-08-12,900270,,27.77,-0.1,,0.1
2025-08-13,900270,,27.73,-0.5,0.0,0.5
2025-08-14,900270,,27.61,0.0,0.0,-0.0
2025-08-18,900270,,27.61,-0.4,,0.5
2025-08-19,900270,,27.52,2.2,-0.0,-2.1
2025-08-20,900270,,28.02,0.4,,-0.2
2025-08-21,900270,,28.09,-0.0,0.0,0.0
2025-08-22,900270,,28.09,0.4,0.0,-0.3
2025-08-25,900270,,28.19,-7.4,0.0,0.8
2025-08-26,900270,,26.31,-0.1,,0.7
2025-08-27,900270,,26.3,-1.1,,2.9
2025-08-28,900270,,26.05,-0.1,,2.1
2025-08-29,900270,231.0,26.03,0.2,0.0,0.5
2025-09-01,900270,,26.08,-2.1,0.0,2.4
2025-09-02,900270,,25.59,2.9,,-1.3
2025-09-03,900270,,26.27,-1.1,0.0,1.4
2025-09-04,900270,,25.98,1.9,,-1.9
2025-09-05,900270,,26.44,0.8,,-0.8
2025-09-08,900270,,26.62,-0.0,,0.0
2025-09-09,900270,,26.61,-0.1,,0.1
2025-09-10,900270,,26.59,-0.3,,0.3
2025-09-11,900270,,26.55,-0.8,,0.8
2025-09-12,900270,,26.38,0.0,-0.0,-0.0
2025-09-15,900270,,26.38,0.8,0.0,-0.8
2025-09-16,900270,,26.56,-1.9,,1.8
2025-09-17,900270,,26.11,-0.7,,0.6
2025-09-18,900270,,25.95,2.3,,-2.3
2025-09-19,900270,,26.48,0.1,,-0.0
2025-09-22,900270,,26.52,3.5,0.0,-3.6
2025-09-23,900270,,27.3,-5.2,-0.0,2.0
2025-09-24,900270,,26.06,-0.2,-0.0,3.7
2025-09-25,900270,,26.02,0.3,-0.0,0.0
2025-09-26,900270,,26.09,-0.4,-0.0,0.5
2025-09-29,900270,,25.98,0.1,-0.0,-0.1
2025-09-30,900270,230.0,26.02,-1.3,0.0,1.4
2025-10-01,900270,,25.72,-0.3,-0.0,0.4
2025-10-02,900270,,25.64,0.0,-0.0,0.1
2025-10-10,900270,,25.64,1.1,-0.0,-1.1
2025-10-13,900270,,25.88,0.9,-0.0,-0.9
2025-10-14,900270,,26.5,0.5,-0.0,-0.5
2025-10-15,900270,,26.61,0.4,0.0,-0.4
2025-10-16,900270,,26.7,0.8,0.0,-0.8
2025-10-17,900270,,26.88,-2.7,0.0,2.7
2025-10-20,900270,,26.27,1.0,0.0,-1.0
2025-10-21,900270,,26.48,-0.1,0.0,0.1
2025-10-22,900270,,26.45,-1.1,-0.0,1.1
2025-10-23,900270,,26.22,1.3,0.0,-1.3
2025-10-24,900270,,26.52,-0.2,0.0,0.1
2025-10-27,900270,,26.48,0.4,,-0.5
2025-10-28,900270,,26.56,-0.2,-0.0,0.2
2025-10-29,900270,,26.5,-1.3,-0.0,1.3
2025-10-30,900270,,26.2,-3.3,-0.0,3.4
2025-10-31,900270,230.0,25.53,-3.2,0.0,2.8
2025-11-03,900270,,24.8,-0.5,-0.0,0.2
2025-11-04,900270,,24.67,1.3,0.0,-1.3
2025-11-05,900270,,24.98,1.1,-0.0,-1.0
2025-11-06,900270,,25.3,-0.4,0.0,0.4
2025-11-07,900270,,25.19,-1.5,-0.0,1.5
2025-11-10,900270,,24.78,0.4,,-0.3
2025-11-11,900270,,24.88,-1.1,,1.0
2025-11-12,900270,,24.59,1.1,,-1.0
2025-11-13,900270,,24.88,-0.3,,0.3
2025-11-14,900270,,24.8,-0.6,,0.6
2025-11-17,900270,,24.62,-0.5,,0.4
2025-11-18,900270,,24.52,-0.6,,0.6
2025-11-19,900270,,24.34,-0.8,,0.8
2025-11-20,900270,,24.14,2.1,,-2.1
2025-11-21,900270,,24.69,0.6,,-0.6
2025-11-24,900270,,24.84,-0.6,,0.5
2025-11-25,900270,,24.7,0.1,,-0.1
2025-11-26,900270,,24.7,-0.0,,0.0
2025-11-27,900270,,24.7,0.2,,-0.2
2025-11-28,900270,204.0,24.75,0.1,,-0.0
2025-12-01,900270,,24.78,0.1,,-0.0
2025-12-02,900270,,24.8,-0.0,,0.0
2025-12-03,900270,,24.8,-0.1,,0.1
2025-12-04,900270,,24.78,0.0,,-0.0
2025-12-05,900270,,24.78,0.0,,-0.0
2025-12-08,900270,,24.78,0.0,,0.0
2025-12-09,900270,,24.8,0.4,,-0.4
2025-12-10,900270,,24.89,0.5,,-0.5
2025-12-11,900270,,25.02,-0.1,,-0.0
2025-12-12,900270,,25.0,0.0,,-0.1
2025-12-15,900270,,25.02,0.3,,-0.3
2025-12-16,900270,,25.09,-0.6,,0.6
2025-12-17,900270,,24.94,-0.6,,3.8
2025-12-18,900270,,24.8,-1.8,,3.2
2025-12-19,900270,,24.31,-0.6,,0.6
2025-12-22,900270,,24.16,0.1,,-0.1
2025-12-23,900270,,24.17,0.0,,-0.0
2025-12-24,900270,,24.06,1.4,,-1.2
2025-12-26,900270,,24.45,-0.4,,0.4
2025-12-29,900270,,24.34,-0.1,,0.2
2025-12-30,900270,198.0,24.31,0.1,,-0.0
2026-01-02,900270,,24.33,-0.7,,0.8
2026-01-05,900270,,18.59,2.2,,-2.2
2026-01-06,900270,,19.05,-0.7,,0.6
2026-01-07,900270,,18.95,-0.1,,0.2
2026-01-08,900270,,18.94,0.2,,-0.2
2026-01-09,900270,,18.97,-0.1,,0.1
2026-01-12,900270,,18.95,-0.4,,0.4
2026-01-13,900270,,18.84,-0.8,,0.7
2026-01-14,900270,,18.69,-0.2,,0.1
2026-01-15,900270,,18.66,0.0,,0.0
2026-01-16,900270,,18.66,0.2,,-0.2
2026-01-19,900270,,18.7,-0.3,,0.3
2026-01-20,900270,,18.62,0.3,,-0.2
2026-01-21,900270,,18.7,-0.1,,-0.3
2026-01-22,900270,,18.69,1.0,,-1.0
2026-01-23,900270,,18.92,0.2,,-0.1
2026-01-26,900270,,18.95,0.2,,-0.3
2026-01-27,900270,,19.0,-0.3,,0.3
2026-01-28,900270,,18.94,0.4,,-0.4
2026-01-29,900270,,19.02,-0.0,,0.0
2026-01-30,900270,176.0,19.02,-0.1,,0.3
2026-02-02,900270,,18.98,-0.5,,0.5
2026-02-03,900270,,18.86,0.0,,-0.1
2026-02-04,900270,,18.88,1.0,,-0.9
2026-02-05,900270,,19.11,-0.3,,0.3
2026-02-06,900270,,19.05,-0.1,,0.0
2026-02-09,900270,,19.02,1.1,,-1.3
2026-02-10,900270,,19.27,-0.1,,0.3
2026-02-11,900270,,19.25,-1.1,,1.1
2026-02-12,900270,,18.98,0.2,,-0.2
2026-02-13,900270,,19.02,-1.3,,1.3
2026-02-19,900270,,18.69,3.2,,-2.9
2026-02-20,900270,,19.69,0.9,2.1,-3.0
2026-02-23,900270,,19.97,,,
2026-02-24,900270,,19.97,,,
2026-02-25,900270,,19.97,,,
2026-02-26,900270,,19.97,,,
2026-02-27,900270,138.0,19.97,,,
2026-03-03,900270,,19.97,,,
2026-03-04,900270,,19.97,,,
2026-03-05,900270,,19.97,,,
2026-03-06,900270,,19.97,,,
2026-03-09,900270,,19.97,,,
2026-03-10,900270,,19.97,,,
2026-03-11,900270,,19.97,,,
2026-03-12,900270,,19.97,,,
2026-03-13,900270,,19.97,,,
2026-03-16,900270,,19.97,,,
2026-03-17,900270,,19.97,,,
2026-03-18,900270,,19.97,,,
2026-03-19,900270,,19.97,,,
2026-03-20,900270,,49.31,-0.6,-1.0,1.5
2026-03-23,900270,,19.66,-0.8,-1.0,1.8
2026-03-24,900270,,19.44,0.2,,-0.2
2026-03-25,900270,,19.48,0.0,-0.0,0.0
2026-03-26,900270,,19.48,-0.3,0.0,0.3
2026-03-27,900270,,19.39,0.2,,-0.2
2026-03-30,900270,,19.45,0.1,0.0,-0.1
2026-03-31,900270,1045.0,19.48,0.2,,-0.2
2026-04-01,900270,,19.73,0.1,0.0,-0.2
2026-04-02,900270,,19.88,0.0,0.0,-0.1
2026-04-03,900270,,19.88,0.2,,-0.2
2026-04-06,900270,,19.97,0.0,,-0.0
2026-04-07,900270,,19.98,0.4,-0.0,-0.4
2026-04-08,900270,,20.16,0.6,,-0.7
2026-04-09,900270,,20.42,-0.3,,0.4
2026-04-10,900270,,20.3,-0.1,,0.1
2026-04-13,900270,,20.27,-0.1,,0.1
2026-04-14,900270,,19.95,0.0,,-0.0
2026-04-15,900270,,19.95,-0.0,,0.0
2026-04-16,900270,,19.95,0.5,,-0.5
2026-04-17,900270,,20.14,0.1,,-0.1
2026-04-20,900270,,20.19,0.3,,-0.3
2026-04-21,900270,,20.28,0.3,,-0.3
2026-04-22,900270,,20.39,0.2,,-0.1
2026-04-23,900270,,20.44,0.3,,-0.3
2026-04-24,900270,,20.55,1.4,,-1.5
2026-04-27,900270,,21.05,-0.3,-0.0,0.4
2026-04-28,900270,,82.38,-0.0,,0.1
2026-04-29,900270,,82.38,0.0,-0.0,0.0
2026-04-30,900270,1092.0,82.38,0.0,0.0,-0.0
2026-05-04,900270,,82.38,-0.3,0.0,0.3
2026-05-06,900270,,82.25,-0.3,-0.0,0.3
2026-05-07,900270,,82.19,-0.2,-0.0,0.2
2026-05-08,900270,,82.06,0.0,-0.0,-0.0
2026-05-11,900270,,82.06,-0.1,0.0,0.1
2026-05-12,900270,,82.06,-0.5,0.0,0.4
2026-05-13,900270,,81.88,0.3,-0.0,-0.3
2026-05-14,900270,,82.0,0.2,0.0,-0.3
2026-05-15,900270,,82.0,0.0,-0.0,-0.0
2026-05-18,900270,,82.0,-0.0,-0.0,0.0
2026-05-19,900270,,82.0,-0.0,,0.1
2026-05-20,900270,,82.0,-0.2,,0.3
2026-05-21,900270,,81.88,-0.1,-0.0,0.1
2026-05-22,900270,,81.88,-0.1,-0.0,0.1
2026-05-26,900270,,81.81,-0.1,,0.1
2026-05-27,900270,,81.81,-0.3,,0.2
2026-05-28,900270,,81.69,-0.4,,0.4
2026-05-29,900270,820.0,81.5,0.1,,-0.1
2026-06-01,900270,,81.5,0.1,,-0.2
2026-06-02,900270,,81.62,-0.1,0.5,-0.7
2026-06-04,900270,,81.56,-3.5,-0.5,4.3
2026-06-05,900270,,80.12,0.8,,-0.7
2026-06-08,900270,,81.0,0.2,,-0.2
2026-06-09,900270,,81.19,0.2,,-0.2
2026-06-10,900270,,81.31,0.6,0.0,-0.6
2026-06-11,900270,,81.44,-0.0,,0.1
2026-06-12,900270,,100.0,0.6,,-0.6
2026-06-15,900270,,100.0,-0.2,,0.2
2026-06-16,900270,,100.0,-0.1,,0.1
2026-06-17,900270,,100.0,0.0,,-0.0
2026-06-18,900270,,100.0,-0.0,,0.0
2026-06-19,900270,,100.0,-0.1,,0.1
2026-06-22,900270,,100.0,-0.0,,0.0
2026-06-23,900270,,100.0,-0.7,0.0,0.7
2026-06-24,900270,,100.0,-1.0,-0.0,1.1
2026-06-25,900270,,100.0,-1.2,0.0,1.2
2026-06-26,900270,,100.0,-0.8,,0.9
2026-06-29,900270,,100.0,0.4,,-0.5
2026-06-30,900270,606.0,100.0,0.3,,-0.3
2026-07-01,900270,,100.0,-0.0,,-0.0
2026-07-02,900270,,100.0,0.0,0.0,-0.3
2026-07-03,900270,,96.44,-0.0,0.0,0.0
2026-07-06,900270,,96.44,-0.0,,0.1
2026-07-07,900270,,96.44,-0.0,,-0.0
2026-07-08,900270,,96.44,-0.2,,0.1
2026-07-09,900270,,96.31,-0.1,,0.1
2026-07-10,900270,,96.25,-0.0,,0.0
2026-07-13,900270,543.0,96.25,0.0,,-0.0
2025-12-30,900280,,,,,
2026-01-30,900280,,,,,
2026-02-27,900280,,,,,
2026-03-31,900280,,,,,
2026-04-30,900280,,,,,
2026-05-29,900280,,,,,
2026-06-30,900280,,,,,
2026-07-13,900280,,,,,
2025-07-14,900290,,79.31,0.4,-0.0,-0.3
2025-07-15,900290,,79.31,-0.6,-0.0,0.6
2025-07-16,900290,,79.25,0.2,0.9,-1.5
2025-07-17,900290,,79.25,-3.6,-0.0,3.4
2025-07-18,900290,,79.12,-3.3,-0.0,3.5
2025-07-21,900290,,79.0,0.8,-0.9,0.2
2025-07-22,900290,,79.0,-1.4,-0.0,1.5
2025-07-23,900290,,78.94,-1.4,-0.0,1.3
2025-07-24,900290,,78.88,0.1,-0.0,-0.0
2025-07-25,900290,,78.94,-2.1,0.0,1.7
2025-07-28,900290,,78.81,0.3,-0.0,-0.3
2025-07-29,900290,,78.81,-0.7,-0.0,0.6
2025-07-30,900290,,78.81,-0.2,0.0,0.3
2025-07-31,900290,,78.81,-0.0,-0.0,-0.2
2025-08-01,900290,,78.81,-1.0,0.0,0.8
2025-08-04,900290,,78.75,-0.1,-0.0,0.1
2025-08-05,900290,,78.75,-0.6,0.0,0.6
2025-08-06,900290,,78.75,0.1,-0.0,0.0
2025-08-07,900290,,78.75,-0.1,0.0,0.0
2025-08-08,900290,,78.75,0.1,-0.0,-0.1
2025-08-11,900290,,78.75,0.0,0.0,-0.1
2025-08-12,900290,,78.75,-0.3,-0.0,0.3
2025-08-13,900290,,78.69,0.3,-0.0,-0.4
2025-08-14,900290,,78.75,-0.1,-0.0,0.0
2025-08-18,900290,,78.75,-0.1,0.0,-0.2
2025-08-19,900290,,78.75,-0.0,-0.0,0.1
2025-08-20,900290,,78.75,-0.2,-0.0,0.8
2025-08-21,900290,,78.69,0.5,-0.0,-0.5
2025-08-22,900290,,78.75,-0.4,0.0,0.0
2025-08-25,900290,,78.69,0.6,-0.0,-0.5
2025-08-26,900290,,78.75,0.1,0.0,-0.1
2025-08-27,900290,,78.75,-0.1,0.0,0.1
2025-08-28,900290,,78.75,-1.0,-0.0,1.0
2025-08-29,900290,3100.0,78.69,-0.3,-0.0,0.1
2025-09-01,900290,,78.69,-5.0,0.0,5.1
2025-09-02,900290,,78.5,-0.6,-0.0,0.6
2025-09-03,900290,,78.5,0.1,0.0,0.1
2025-09-04,900290,,78.5,0.4,-0.0,-0.4
2025-09-05,900290,,78.5,0.5,-0.0,-0.7
2025-09-08,900290,,78.5,0.3,0.0,-0.3
2025-09-09,900290,,78.56,-0.0,-0.0,-0.3
2025-09-10,900290,,78.56,0.0,-0.0,0.5
2025-09-11,900290,,78.56,-0.0,-0.0,-0.3
2025-09-12,900290,,78.56,0.7,-0.0,-1.0
2025-09-15,900290,,78.56,-0.3,0.0,0.2
2025-09-16,900290,,78.56,0.3,-0.0,-0.6
2025-09-17,900290,,78.56,-0.1,-0.0,0.4
2025-09-18,900290,,78.56,0.3,-0.0,-0.1
2025-09-19,900290,,78.56,-0.3,-0.0,0.6
2025-09-22,900290,,78.56,-0.2,0.0,0.2
2025-09-23,900290,,78.56,-0.3,,0.2
2025-09-24,900290,,78.56,0.1,-0.1,-0.1
2025-09-25,900290,,78.56,-0.0,,-0.6
2025-09-26,900290,,78.56,-0.1,,0.1
2025-09-29,900290,,78.56,-0.2,,0.2
2025-09-30,900290,3050.0,78.56,-0.1,,0.1
2025-10-01,900290,,78.56,0.3,-0.0,-0.3
2025-10-02,900290,,78.56,0.3,-0.0,-0.2
2025-10-10,900290,,78.56,0.0,-0.0,0.0
2025-10-13,900290,,78.56,0.1,-0.0,0.6
2025-10-14,900290,,78.56,-0.3,0.0,0.1
2025-10-15,900290,,78.5,-0.1,-0.0,0.1
2025-10-16,900290,,78.5,-0.6,-0.0,0.6
2025-10-17,900290,,78.5,0.6,-0.0,-0.6
2025-10-20,900290,,78.5,0.2,0.0,-0.2
2025-10-21,900290,,78.56,0.0,0.0,-0.0
2025-10-22,900290,,78.56,0.2,-0.0,-0.4
2025-10-23,900290,,78.56,-0.0,0.0,-0.0
2025-10-24,900290,,78.56,-1.0,-0.0,1.0
2025-10-27,900290,,78.5,0.8,-0.0,-0.8
2025-10-28,900290,,78.5,0.4,-0.0,-0.4
2025-10-29,900290,,78.56,-0.8,0.0,0.6
2025-10-30,900290,,78.5,0.4,-0.0,-0.3
2025-10-31,900290,2800.0,78.5,0.3,0.0,-0.1
2025-11-03,900290,,78.5,-1.1,0.0,2.7
2025-11-04,900290,,78.5,0.3,-0.0,0.1
2025-11-05,900290,,78.5,-0.1,0.0,0.5
2025-11-06,900290,,78.56,0.7,-0.0,-0.6
2025-11-07,900290,,78.56,-0.2,0.0,0.3
2025-11-10,900290,,78.56,0.3,0.0,-0.3
2025-11-11,900290,,78.56,-0.5,0.0,0.4
2025-11-12,900290,,78.5,0.1,0.0,-0.1
2025-11-13,900290,,78.56,0.2,-0.0,-0.2
2025-11-14,900290,,78.56,-1.0,0.0,1.0
2025-11-17,900290,,78.5,-0.2,0.0,0.2
2025-11-18,900290,,78.5,-0.7,0.0,0.7
2025-11-19,900290,,78.5,0.2,-0.0,-0.5
2025-11-20,900290,,78.5,0.4,0.0,-0.4
2025-11-21,900290,,78.5,-0.1,-0.0,0.1
2025-11-24,900290,,78.5,0.0,0.0,-0.0
2025-11-25,900290,,78.5,-0.5,0.0,0.5
2025-11-26,900290,,78.5,0.6,-0.0,-0.8
2025-11-27,900290,,78.5,0.3,-0.0,-0.3
2025-11-28,900290,2790.0,78.5,0.4,-0.0,-0.4
2025-12-01,900290,,78.5,0.3,-0.0,-0.3
2025-12-02,900290,,78.56,0.3,-0.0,-0.3
2025-12-03,900290,,78.56,6.1,-0.0,-6.1
2025-12-04,900290,,78.81,0.5,-0.0,-0.4
2025-12-05,900290,,78.75,2.8,-0.0,-3.5
2025-12-08,900290,,78.88,-1.9,0.0,1.7
2025-12-09,900290,,78.81,1.3,-0.0,-1.3
2025-12-10,900290,,78.81,0.9,0.0,-0.9
2025-12-11,900290,,78.88,0.5,-0.0,-0.5
2025-12-12,900290,,78.88,0.6,-0.0,-1.5
2025-12-15,900290,,78.94,0.2,-0.0,-0.2
2025-12-16,900290,,78.94,-1.5,0.0,1.5
2025-12-17,900290,,78.88,-0.8,-0.0,0.8
2025-12-18,900290,,78.81,0.4,-0.0,-0.4
2025-12-19,900290,,78.88,-0.0,-0.0,0.0
2025-12-22,900290,,78.88,-0.4,0.0,0.4
2025-12-23,900290,,78.81,0.3,-0.0,-0.4
2025-12-24,900290,,78.81,1.5,,-1.5
2025-12-26,900290,,78.88,-0.9,,0.9
2025-12-29,900290,,78.88,-1.1,,1.1
2025-12-30,900290,3110.0,78.81,-0.6,,0.5
2026-01-02,900290,,78.81,1.2,-0.0,-1.0
2026-01-05,900290,,78.81,-1.7,0.0,2.0
2026-01-06,900290,,78.75,-5.7,0.0,5.8
2026-01-07,900290,,78.56,1.4,-0.0,-1.3
2026-01-08,900290,,78.62,-1.0,0.0,0.7
2026-01-09,900290,,78.62,1.1,-0.0,-1.2
2026-01-12,900290,,78.62,-0.5,0.0,0.4
2026-01-13,900290,,78.62,-1.9,-0.0,1.9
2026-01-14,900290,,78.56,3.1,0.0,-3.2
2026-01-15,900290,,78.69,-0.3,-0.0,0.3
2026-01-16,900290,,78.69,-1.0,-0.0,1.1
2026-01-19,900290,,78.62,0.9,0.0,-0.9
2026-01-20,900290,,78.69,-1.2,0.0,1.2
2026-01-21,900290,,78.62,-1.1,-0.0,1.0
2026-01-22,900290,,78.56,1.7,-0.0,-1.6
2026-01-23,900290,,78.62,0.3,0.0,-0.3
2026-01-26,900290,,78.62,2.1,-0.0,-1.8
2026-01-27,900290,,78.69,-6.3,0.0,6.1
2026-01-28,900290,,78.5,-4.5,0.0,4.2
2026-01-29,900290,,78.38,3.6,-0.0,-4.6
2026-01-30,900290,3485.0,78.5,0.4,-0.0,-0.7
2026-02-02,900290,,78.5,-0.4,0.0,-0.0
2026-02-03,900290,,78.5,-2.3,-0.0,2.3
2026-02-04,900290,,78.44,2.8,-0.0,-2.7
2026-02-05,900290,,78.5,-0.0,-0.0,0.0
2026-02-06,900290,,78.5,-0.1,-0.0,0.1
2026-02-09,900290,,78.5,2.6,0.0,-2.1
2026-02-10,900290,,78.56,-2.1,-0.0,2.0
2026-02-11,900290,,78.5,0.9,0.0,-4.3
2026-02-12,900290,,78.56,1.1,-0.0,-2.6
2026-02-13,900290,,78.56,-2.4,-0.0,1.0
2026-02-19,900290,,78.5,-6.4,0.1,7.1
2026-02-20,900290,,78.31,0.7,-0.0,-0.1
2026-02-23,900290,,78.31,3.2,1.7,-4.3
2026-02-24,900290,,78.44,-2.8,0.5,2.2
2026-02-25,900290,,78.31,3.6,0.3,-4.0
2026-02-26,900290,,78.5,-0.3,-0.1,0.4
2026-02-27,900290,5440.0,78.44,5.2,-0.1,-4.9
2026-03-03,900290,,78.56,5.5,0.4,2.4
2026-03-04,900290,,78.69,-1.8,0.4,1.9
2026-03-05,900290,,78.62,0.7,0.8,-0.5
2026-03-06,900290,,78.62,5.5,-0.1,-8.8
2026-03-09,900290,,78.75,-3.7,0.1,9.4
2026-03-10,900290,,78.62,-7.2,-0.1,7.1
2026-03-11,900290,,78.5,13.3,1.1,-10.3
2026-03-12,900290,,78.75,-4.7,-0.0,4.1
2026-03-13,900290,,78.69,-1.4,0.0,1.2
2026-03-16,900290,,78.62,2.5,-0.1,-2.4
2026-03-17,900290,,78.69,1.1,-0.0,-0.9
2026-03-18,900290,,78.69,1.9,0.0,-0.2
2026-03-19,900290,,78.75,0.5,-0.0,-0.6
2026-03-20,900290,,78.75,-3.8,-0.0,3.4
2026-03-23,900290,,78.69,-1.3,0.3,1.6
2026-03-24,900290,,78.62,-6.0,0.0,5.9
2026-03-25,900290,,78.5,-1.4,0.0,0.6
2026-03-26,900290,,78.5,0.4,-0.0,-0.4
2026-03-27,900290,,78.5,0.3,0.0,-0.8
2026-03-30,900290,,78.5,7.1,0.1,-7.1
2026-03-31,900290,5190.0,78.69,4.9,-0.0,-5.0
2026-04-01,900290,,78.81,-2.2,0.0,2.2
2026-04-02,900290,,78.75,-1.1,0.0,1.0
2026-04-03,900290,,78.81,0.0,-0.3,0.2
2026-04-06,900290,,78.81,-1.6,-0.0,1.5
2026-04-07,900290,,78.75,1.8,-0.3,-1.6
2026-04-08,900290,,78.81,-1.0,0.1,0.9
2026-04-09,900290,,78.81,-0.5,-0.0,0.5
2026-04-10,900290,,78.81,0.9,-0.0,-0.8
2026-04-13,900290,,78.75,-7.5,-3.3,10.8
2026-04-14,900290,,78.56,-12.7,0.0,12.3
2026-04-15,900290,,78.25,-6.5,-0.0,6.9
2026-04-16,900290,,78.12,-2.1,-0.0,1.9
2026-04-17,900290,,78.06,-3.5,0.0,3.4
2026-04-20,900290,,78.0,-8.4,-0.0,8.5
2026-04-21,900290,,77.81,-17.3,0.1,14.8
2026-04-22,900290,,77.38,3.0,-0.1,-4.0
2026-04-23,900290,,77.5,-1.0,-0.1,-1.3
2026-04-24,900290,,77.44,-6.3,-0.0,6.4
2026-04-27,900290,,77.25,4.3,-0.0,-4.5
2026-04-28,900290,,77.38,-14.9,-0.0,13.5
2026-04-29,900290,,76.94,4.9,-1.8,-3.0
2026-04-30,900290,3880.0,77.06,-2.0,-3.7,5.8
2026-05-04,900290,,77.0,-5.3,-0.0,5.7
2026-05-06,900290,,76.81,-4.5,0.0,3.8
2026-05-07,900290,,76.69,3.6,0.0,-4.1
2026-05-08,900290,,75.94,-2.1,-0.0,2.0
2026-05-11,900290,,75.81,3.4,0.1,-4.2
2026-05-12,900290,,75.94,0.5,-0.1,-1.6
2026-05-13,900290,,76.0,-0.8,-0.0,0.5
2026-05-14,900290,,75.94,-0.1,0.1,0.0
2026-05-15,900290,,75.94,-0.7,-0.1,0.8
2026-05-18,900290,,75.94,-0.8,0.0,0.8
2026-05-19,900290,,75.88,-1.6,0.0,1.6
2026-05-20,900290,,75.81,-0.0,0.0,0.1
2026-05-21,900290,,75.81,0.4,0.1,-0.6
2026-05-22,900290,,75.88,-6.6,-0.2,6.8
2026-05-26,900290,,75.62,-10.3,0.0,10.2
2026-05-27,900290,,75.25,-9.6,0.0,9.1
2026-05-28,900290,,74.94,-2.4,-0.0,2.2
2026-05-29,900290,3600.0,74.81,-5.1,0.0,4.9
2026-06-01,900290,,74.69,-15.1,0.1,15.7
2026-06-02,900290,,74.19,-4.5,-0.0,4.7
2026-06-04,900290,,74.0,-2.7,0.1,2.5
2026-06-05,900290,,73.94,-47.2,36.3,11.2
2026-06-08,900290,,71.94,-0.1,-3.4,2.9
2026-06-09,900290,,71.94,-0.2,-3.9,4.1
2026-06-10,900290,,71.94,-1.7,-3.2,4.5
2026-06-11,900290,,71.88,3.9,-3.6,-0.7
2026-06-12,900290,,72.0,-1.8,-3.8,5.7
2026-06-15,900290,,71.94,-3.8,-3.5,6.7
2026-06-16,900290,,71.75,2.2,-3.0,0.7
2026-06-17,900290,,71.88,2.1,-3.3,1.2
2026-06-18,900290,,71.94,1.8,-4.1,2.0
2026-06-19,900290,,72.0,0.8,-9.3,8.3
2026-06-22,900290,,73.19,-52.2,34.0,17.7
2026-06-23,900290,,70.94,-3.4,-4.8,7.0
2026-06-24,900290,,70.81,-0.9,-3.4,3.9
2026-06-25,900290,,70.75,7.0,-3.5,-3.7
2026-06-26,900290,,71.12,2.2,-2.4,0.2
2026-06-29,900290,,71.25,-2.2,-2.9,4.9
2026-06-30,900290,2930.0,71.12,-2.3,-3.0,5.2
2026-07-01,900290,,71.0,-0.8,-3.1,3.3
2026-07-02,900290,,71.0,0.4,-3.0,3.5
2026-07-03,900290,,71.0,0.1,-3.8,4.6
2026-07-06,900290,,71.0,0.2,-5.9,5.7
2026-07-07,900290,,71.0,-32.2,29.4,2.8
2026-07-08,900290,,69.25,4.4,-4.4,-2.0
2026-07-09,900290,,69.5,-0.3,-2.7,2.8
2026-07-10,900290,,69.5,0.1,-2.7,2.5
2026-07-13,900290,2510.0,69.5,-2.5,-3.2,5.7
2025-07-14,900300,,7.98,1.0,0.0,-1.2
2025-07-15,900300,,8.15,-1.5,,1.4
2025-07-16,900300,,7.89,0.6,,-0.7
2025-07-17,900300,,7.99,0.7,,-0.7
2025-07-18,900300,,8.1,-0.9,,0.9
2025-07-21,900300,,7.95,-0.2,,0.2
2025-07-22,900300,,7.92,-0.8,,0.9
2025-07-23,900300,,7.77,0.2,,-0.2
2025-07-24,900300,,7.82,-0.2,,0.2
2025-07-25,900300,,7.77,-0.3,,0.3
2025-07-28,900300,,7.71,-4.5,,4.6
2025-07-29,900300,,6.81,0.1,,-0.1
2025-07-30,900300,,6.82,0.0,,-0.0
2025-07-31,900300,,6.83,0.0,,-0.0
2025-08-01,900300,,6.83,-0.3,,0.3
2025-08-04,900300,,6.77,0.6,,-0.6
2025-08-05,900300,,6.89,-27.9,,27.5
2025-08-06,900300,,1.22,-3.9,,3.8
2025-08-07,900300,,0.27,-4.4,,4.2
2025-08-08,900300,,0.0,-7.5,,7.5
2025-08-11,900300,,0.0,-0.7,,0.6
2025-08-12,900300,,0.0,-3.2,,3.2
2025-08-13,900300,,0.0,-0.9,,0.9
2025-08-14,900300,,0.0,-0.4,,0.3
2025-08-18,900300,,0.0,-0.6,,0.5
2025-08-19,900300,,0.0,-0.3,,0.3
2025-08-20,900300,,0.0,-1.2,,1.1
2025-08-21,900300,,0.0,0.1,,0.0
2025-08-22,900300,,0.0,-0.2,,0.2
2025-08-25,900300,,0.0,0.3,,-0.3
2025-08-26,900300,,0.0,-0.5,,0.5
2025-08-27,900300,,0.0,-0.7,,0.8
2025-08-28,900300,,0.0,-2.5,,2.4
2025-08-29,900300,345.0,0.0,-0.0,,0.2
2025-09-01,900300,,0.0,-0.6,,0.5
2025-09-02,900300,,0.0,0.3,,-0.3
2025-09-03,900300,,0.0,-0.1,,0.1
2025-09-04,900300,,0.0,-0.1,,0.1
2025-09-05,900300,,0.0,-6.9,,6.2
2025-09-08,900300,,0.0,-0.4,,0.4
2025-09-09,900300,,0.0,0.1,,-0.2
2025-09-10,900300,,0.0,-0.4,,0.4
2025-09-11,900300,,0.0,-0.2,,0.2
2025-09-12,900300,,0.0,0.3,,-0.4
2025-09-15,900300,,0.0,0.1,,-0.2
2025-09-16,900300,,0.0,0.7,,-0.7
2025-09-17,900300,,0.0,-0.2,,0.2
2025-09-18,900300,,0.0,0.9,,-0.9
2025-09-19,900300,,0.0,-0.0,,-0.0
2025-09-22,900300,,0.0,1.3,,-1.3
2025-09-23,900300,,0.0,-0.6,,0.5
2025-09-24,900300,,0.0,-0.1,,0.1
2025-09-25,900300,,0.0,0.2,,-0.2
2025-09-26,900300,,0.0,-0.2,,0.0
2025-09-29,900300,,0.0,-0.0,,0.3
2025-09-30,900300,354.0,0.0,0.1,,-0.2
2025-10-01,900300,,0.0,-0.0,,0.0
2025-10-02,900300,,0.0,0.2,,-0.2
2025-10-10,900300,,0.0,-0.1,,0.1
2025-10-13,900300,,0.0,0.4,,-0.4
2025-10-14,900300,,0.0,-0.0,,0.0
2025-10-15,900300,,0.0,0.2,,-0.2
2025-10-16,900300,,0.0,0.1,,-0.1
2025-10-17,900300,,0.0,0.0,,-0.0
2025-10-20,900300,,0.0,-0.1,,0.1
2025-10-21,900300,,0.0,0.4,,-0.4
2025-10-22,900300,,0.0,-0.4,,0.4
2025-10-23,900300,,0.0,0.2,,-0.2
2025-10-24,900300,,0.0,0.3,,-0.3
2025-10-27,900300,,0.0,0.8,,-0.8
2025-10-28,900300,,0.0,0.0,,0.0
2025-10-29,900300,,0.0,0.2,,-0.2
2025-10-30,900300,,0.0,-0.1,0.0,1.0
2025-10-31,900300,410.0,0.0,-6.1,0.0,6.0
2025-11-03,900300,,0.0,1.8,,-1.9
2025-11-04,900300,,0.0,0.5,,-0.6
2025-11-05,900300,,0.0,1.6,,-1.7
2025-11-06,900300,,0.0,-0.2,,0.2
2025-11-07,900300,,0.0,-3.0,,3.3
2025-11-10,900300,,0.0,0.4,,-0.4
2025-11-11,900300,,0.0,-0.2,,0.0
2025-11-12,900300,,0.0,-0.1,,0.0
2025-11-13,900300,,0.0,-0.3,,0.3
2025-11-14,900300,,0.0,-0.6,,0.5
2025-11-17,900300,,0.0,0.2,,-0.2
2025-11-18,900300,,0.0,-0.6,,0.6
2025-11-19,900300,,0.0,-3.3,,3.2
2025-11-20,900300,,0.0,1.1,,-1.2
2025-11-21,900300,,0.0,-1.1,,1.3
2025-11-24,900300,,0.0,-0.5,,0.3
2025-11-25,900300,,0.0,-0.1,,0.0
2025-11-26,900300,,0.0,0.3,,-0.3
2025-11-27,900300,,0.0,-0.1,,0.1
2025-11-28,900300,342.0,0.0,0.7,,-0.7
2025-12-01,900300,,0.0,-0.1,,0.1
2025-12-02,900300,,0.0,0.8,,-0.6
2025-12-03,900300,,0.0,0.6,,-0.6
2025-12-04,900300,,0.0,-0.8,,0.7
2025-12-05,900300,,0.0,0.3,,-0.3
2025-12-08,900300,,0.0,-1.8,,1.8
2025-12-09,900300,,0.0,-1.2,,1.2
2025-12-10,900300,,0.0,-2.1,,2.1
2025-12-11,900300,,0.0,-1.3,,1.2
2025-12-12,900300,,0.0,-1.2,,1.2
2025-12-15,900300,,12.03,-1.9,,1.9
2025-12-16,900300,,11.79,-2.3,,2.2
2025-12-17,900300,,11.49,-1.9,,2.0
2025-12-18,900300,,11.23,-1.2,,1.2
2025-12-19,900300,,11.06,-0.5,,0.5
2025-12-22,900300,,10.99,-1.3,,1.4
2025-12-23,900300,,10.8,-0.6,,0.6
2025-12-24,900300,,10.72,-1.1,,1.1
2025-12-26,900300,,10.56,-2.8,,2.8
2025-12-29,900300,,10.13,-0.8,,0.7
2025-12-30,900300,237.0,10.0,-2.8,,2.7
2026-01-02,900300,,9.54,-18.0,,17.8
2026-01-05,900300,,6.76,-6.0,,5.9
2026-01-06,900300,,5.77,-6.7,,6.6
2026-01-07,900300,,4.54,-3.1,,2.9
2026-01-08,900300,,3.95,-3.5,,3.2
2026-01-09,900300,,3.22,0.6,,-0.6
2026-01-12,900300,,3.36,-1.3,,1.2
2026-01-13,900300,,3.09,-4.1,,4.2
2026-01-14,900300,,2.18,-2.9,,2.4
2026-01-15,900300,,1.55,-6.5,,6.4
2026-01-16,900300,,0.05,-2.6,,2.5
2026-01-19,900300,,0.0,-3.0,,3.0
2026-01-20,900300,,0.0,0.6,,-0.6
2026-01-21,900300,,0.0,-6.4,,6.3
2026-01-22,900300,,0.0,0.7,,-0.8
2026-01-23,900300,,0.0,-1.0,,0.9
2026-01-26,900300,,0.0,0.2,,-0.2
2026-01-27,900300,,0.0,-2.1,,2.1
2026-01-28,900300,,0.0,-1.4,,1.2
2026-01-29,900300,,0.0,-3.2,,3.1
2026-01-30,900300,133.0,0.0,-0.0,,-0.1
2026-02-02,900300,,0.0,0.9,,-1.0
2026-02-03,900300,,0.0,0.5,,-0.5
2026-02-04,900300,,0.0,-1.1,,1.6
2026-02-05,900300,,0.0,0.5,,-0.6
2026-02-06,900300,,0.0,0.2,,-0.2
2026-02-09,900300,,0.0,-10.9,,11.4
2026-02-10,900300,,0.0,-4.5,,3.7
2026-02-11,900300,,0.0,-0.8,,1.1
2026-02-12,900300,,0.0,-0.9,,0.8
2026-02-13,900300,,0.0,0.2,,-0.3
2026-02-19,900300,,0.0,0.9,,-1.1
2026-02-20,900300,,0.0,0.0,,-0.1
2026-02-23,900300,,0.0,0.7,,-0.8
2026-02-24,900300,,0.0,-2.2,,1.6
2026-02-25,900300,,0.0,-1.6,,1.9
2026-02-26,900300,,0.0,0.6,,-1.1
2026-02-27,900300,128.0,11.97,0.2,0.0,0.1
2026-03-03,900300,,12.06,0.0,,0.1
2026-03-04,900300,,12.06,2.3,,-2.3
2026-03-05,900300,,12.87,-0.0,,-0.0
2026-03-06,900300,,12.86,-0.2,,0.1
2026-03-09,900300,,12.81,1.5,,-1.6
2026-03-10,900300,,13.32,0.1,,-0.1
2026-03-11,900300,,13.35,0.6,,-0.5
2026-03-12,900300,,13.58,1.2,,-1.3
2026-03-13,900300,,13.97,-0.1,,0.1
2026-03-16,900300,,13.93,0.1,,-0.1
2026-03-17,900300,,13.98,1.1,,-0.8
2026-03-18,900300,,14.32,-0.3,,0.3
2026-03-19,900300,,14.24,0.6,,-0.5
2026-03-20,900300,,14.41,-0.1,,0.2
2026-03-23,900300,,14.36,0.8,,-0.8
2026-03-24,900300,,14.64,0.3,,-0.3
2026-03-25,900300,,14.64,0.3,-0.0,-0.3
2026-03-26,900300,,14.73,-0.6,,0.5
2026-03-27,900300,,14.54,0.5,,-0.6
2026-03-30,900300,,14.71,0.4,,-0.4
2026-03-31,900300,112.0,14.85,0.4,,-0.4
2026-04-01,900300,,14.97,0.2,,-0.2
2026-04-02,900300,,15.06,0.1,,-0.1
2026-04-03,900300,,15.08,-0.3,,0.3
2026-04-06,900300,,14.97,-0.0,,-0.0
2026-04-07,900300,,14.97,0.5,,-0.6
2026-04-08,900300,,15.18,0.5,,-0.5
2026-04-09,900300,,15.37,0.3,,-0.1
2026-04-10,900300,,15.45,-5.2,,6.1
2026-04-13,900300,,13.92,-1.7,,0.7
2026-04-14,900300,,13.56,-0.1,,0.0
2026-04-15,900300,,13.57,-0.4,,0.3
2026-04-16,900300,,13.48,8.1,,-6.6
2026-04-17,900300,,15.64,-11.0,,11.6
2026-04-20,900300,,13.08,-1.2,,1.1
2026-04-21,900300,,12.75,-0.2,,0.4
2026-04-22,900300,,12.7,-0.4,,0.3
2026-04-23,900300,,12.57,1.4,,-1.5
2026-04-24,900300,,13.2,-10.3,,9.7
2026-04-27,900300,,11.51,-5.9,,7.8
2026-04-28,900300,,10.62,6.5,0.0,-6.6
2026-04-29,900300,,11.4,-9.7,0.0,9.7
2026-04-30,900300,218.0,10.21,-24.0,,23.5
2026-05-04,900300,,6.58,0.2,,-0.2
2026-05-06,900300,,6.61,-0.4,,-0.0
2026-05-07,900300,,6.54,-17.7,,17.1
2026-05-08,900300,,2.23,-13.7,,13.5
2026-05-11,900300,,0.0,-0.8,,0.5
2026-05-12,900300,,0.0,-0.7,0.0,0.8
2026-05-13,900300,,0.0,-3.1,,2.5
2026-05-14,900300,,0.0,-1.9,,1.9
2026-05-15,900300,,0.0,0.0,,-0.1
2026-05-18,900300,,0.0,-2.5,0.0,2.5
2026-05-19,900300,,0.0,-5.4,0.0,5.3
2026-05-20,900300,,0.0,-1.3,-0.0,0.9
2026-05-21,900300,,0.0,-1.2,,1.0
2026-05-22,900300,,0.0,0.8,0.0,-0.5
2026-05-26,900300,,0.0,,,
2026-05-27,900300,,0.0,,,
2026-05-28,900300,,0.0,,,
2026-05-29,900300,91.0,0.0,,,
2026-06-01,900300,,0.0,,,
2026-06-02,900300,,0.0,,,
2026-06-04,900300,,0.0,,,
2026-06-05,900300,,0.0,,,
2026-06-08,900300,,0.0,,,
2026-06-09,900300,,0.0,,,
2026-06-10,900300,,0.0,,,
2026-06-11,900300,,0.0,,,
2026-06-12,900300,,0.0,,,
2026-06-15,900300,,0.0,,,
2026-06-16,900300,,0.0,,,
2026-06-17,900300,,0.0,,,
2026-06-18,900300,,0.0,,,
2026-06-19,900300,,0.0,,,
2026-06-22,900300,,15.29,,,
2026-06-23,900300,,15.29,,,
2026-06-24,900300,,0.0,-2.8,-0.0,3.1
2026-06-25,900300,,0.0,-0.0,0.0,-0.0
2026-06-26,900300,,0.0,-0.1,0.0,0.0
2026-06-29,900300,,0.0,1.2,0.0,-1.2
2026-06-30,900300,2200.0,0.0,0.2,-0.0,-0.3
2026-07-01,900300,,0.0,0.4,-0.0,-0.3
2026-07-02,900300,,0.0,-0.0,0.0,0.0
2026-07-03,900300,,0.0,0.0,1.1,-1.5
2026-07-06,900300,,0.0,-1.5,-1.1,3.0
2026-07-07,900300,,0.0,-0.2,0.0,0.2
2026-07-08,900300,,0.0,-0.0,-0.0,0.1
2026-07-09,900300,,0.0,0.1,0.0,-0.1
2026-07-10,900300,,0.0,0.4,-0.0,-0.4
2026-07-13,900300,2010.0,0.0,0.8,0.0,-0.8
2025-07-14,900310,,62.88,0.0,,0.0
2025-07-15,900310,,62.88,-0.0,0.1,-0.1
2025-07-16,900310,,62.88,0.0,0.0,-0.0
2025-07-17,900310,,62.88,-0.0,,0.0
2025-07-18,900310,,62.88,-0.0,,0.0
2025-07-21,900310,,62.88,-0.0,,0.0
2025-07-22,900310,,62.84,-0.0,,0.1
2025-07-23,900310,,62.84,0.0,,-0.0
2025-07-24,900310,,62.84,-0.0,,0.0
2025-07-25,900310,,62.84,-0.3,,0.3
2025-07-28,900310,,62.78,-0.0,,0.0
2025-07-29,900310,,62.78,-0.0,,0.0
2025-07-30,900310,,62.78,0.0,,-0.0
2025-07-31,900310,,62.78,0.0,,-0.0
2025-08-01,900310,,62.78,0.0,,0.0
2025-08-04,900310,,62.78,0.0,,-0.0
2025-08-05,900310,,62.78,-0.0,,0.0
2025-08-06,900310,,62.78,0.0,,-0.0
2025-08-07,900310,,62.78,-0.0,,0.0
2025-08-08,900310,,62.78,0.0,,-0.0
2025-08-11,900310,,62.78,0.0,,-0.0
2025-08-12,900310,,62.78,-0.0,,0.0
2025-08-13,900310,,62.78,-0.0,,-0.0
2025-08-14,900310,,62.78,-0.0,,0.0
2025-08-18,900310,,62.78,0.0,-0.1,0.1
2025-08-19,900310,,62.78,0.0,,-0.0
2025-08-20,900310,,62.78,0.0,,-0.0
2025-08-21,900310,,62.78,-0.0,,-0.0
2025-08-22,900310,,62.78,0.0,,0.0
2025-08-25,900310,,62.78,0.0,,-0.0
2025-08-26,900310,,62.78,-0.0,,0.0
2025-08-27,900310,,62.78,0.0,,-0.0
2025-08-28,900310,,62.78,-0.0,,0.0
2025-08-29,900310,685.0,62.78,0.0,,0.0
2025-09-01,900310,,62.78,-0.0,,0.0
2025-09-02,900310,,62.78,-0.0,,0.0
2025-09-03,900310,,62.78,-0.0,,0.0
2025-09-04,900310,,62.78,-0.0,,0.0
2025-09-05,900310,,62.78,-0.0,,0.0
2025-09-08,900310,,62.78,-0.0,,0.0
2025-09-09,900310,,62.78,0.0,,-0.0
2025-09-10,900310,,62.78,-0.0,,0.0
2025-09-11,900310,,62.78,0.0,,-0.0
2025-09-12,900310,,62.78,-0.0,,0.0
2025-09-15,900310,,62.78,-0.0,,0.0
2025-09-16,900310,,62.78,0.0,,-0.0
2025-09-17,900310,,62.78,-0.0,,0.1
2025-09-18,900310,,62.78,-0.0,,0.1
2025-09-19,900310,,62.78,0.0,,-0.0
2025-09-22,900310,,62.78,0.0,,-0.0
2025-09-23,900310,,62.78,-0.0,,0.0
2025-09-24,900310,,62.78,0.0,,-0.0
2025-09-25,900310,,62.78,-0.0,,0.0
2025-09-26,900310,,62.78,0.0,,-0.0
2025-09-29,900310,,62.78,-0.0,,0.0
2025-09-30,900310,697.0,62.78,-0.0,,0.0
2025-10-01,900310,,62.78,0.0,,-0.0
2025-10-02,900310,,62.78,0.0,,-0.0
2025-10-10,900310,,62.78,-0.0,,0.0
2025-10-13,900310,,62.78,0.0,,-0.0
2025-10-14,900310,,62.78,-0.0,,0.0
2025-10-15,900310,,62.78,-0.0,,0.0
2025-10-16,900310,,62.78,-0.0,,0.0
2025-10-17,900310,,62.78,-0.0,,0.0
2025-10-20,900310,,62.78,-0.0,,-0.0
2025-10-21,900310,,62.78,0.0,,-0.0
2025-10-22,900310,,62.78,0.0,,0.0
2025-10-23,900310,,62.78,-0.0,,0.0
2025-10-24,900310,,62.78,-0.0,,0.0
2025-10-27,900310,,62.78,-0.0,,0.0
2025-10-28,900310,,62.78,-0.0,,0.0
2025-10-29,900310,,62.78,0.0,,-0.0
2025-10-30,900310,,62.78,-0.0,0.0,-0.0
2025-10-31,900310,700.0,62.78,0.1,,-0.1
2025-11-03,900310,,62.81,0.1,,-0.1
2025-11-04,900310,,62.84,-0.1,,0.1
2025-11-05,900310,,62.81,0.2,,-0.2
2025-11-06,900310,,62.88,-0.3,,0.3
2025-11-07,900310,,62.81,-0.1,,0.1
2025-11-10,900310,,62.78,0.0,,0.0
2025-11-11,900310,,62.81,0.1,,-0.1
2025-11-12,900310,,62.81,0.0,,-0.0
2025-11-13,900310,,62.84,-0.0,,0.0
2025-11-14,900310,,62.84,0.0,,0.0
2025-11-17,900310,,62.84,0.0,,-0.0
2025-11-18,900310,,62.84,0.1,,-0.2
2025-11-19,900310,,62.88,0.1,,-0.1
2025-11-20,900310,,62.91,0.0,,-0.0
2025-11-21,900310,,62.91,0.0,,-0.0
2025-11-24,900310,,62.94,0.0,,-0.0
2025-11-25,900310,,62.94,0.2,,-0.2
2025-11-26,900310,,63.0,-0.0,,0.1
2025-11-27,900310,,63.0,-0.0,,0.0
2025-11-28,900310,580.0,63.0,0.0,,-0.0
2025-12-01,900310,,63.0,0.0,,-0.0
2025-12-02,900310,,63.06,-0.0,,0.0
2025-12-03,900310,,63.06,0.0,,-0.0
2025-12-04,900310,,63.06,-0.0,,0.0
2025-12-05,900310,,63.06,-0.0,,0.0
2025-12-08,900310,,63.06,0.1,,-0.1
2025-12-09,900310,,63.06,-0.0,,0.0
2025-12-10,900310,,63.06,-0.0,,0.0
2025-12-11,900310,,63.06,-0.0,,0.0
2025-12-12,900310,,63.06,0.0,,0.0
2025-12-15,900310,,63.06,0.0,,-0.0
2025-12-16,900310,,63.06,-0.1,,0.1
2025-12-17,900310,,63.28,0.1,,-0.1
2025-12-18,900310,,63.31,-0.0,,0.0
2025-12-19,900310,,63.31,-0.0,,0.0
2025-12-22,900310,,63.31,-0.0,,0.0
2025-12-23,900310,,63.31,-0.0,,0.0
2025-12-24,900310,,63.28,-0.0,,0.0
2025-12-26,900310,,63.28,-0.0,,0.0
2025-12-29,900310,,63.28,-0.0,,0.0
2025-12-30,900310,572.0,63.28,0.0,,-0.0
2026-01-02,900310,,63.25,0.0,,-0.0
2026-01-05,900310,,63.25,0.0,,-0.0
2026-01-06,900310,,63.34,-0.0,,0.0
2026-01-07,900310,,63.41,-0.0,,0.0
2026-01-08,900310,,63.41,-0.0,,0.0
2026-01-09,900310,,63.41,0.0,,-0.0
2026-01-12,900310,,63.41,0.0,,-0.0
2026-01-13,900310,,63.41,0.0,,-0.0
2026-01-14,900310,,63.41,-0.0,,0.0
2026-01-15,900310,,63.41,0.0,,-0.0
2026-01-16,900310,,63.41,0.0,,-0.0
2026-01-19,900310,,63.41,0.0,,-0.0
2026-01-20,900310,,63.41,0.0,,-0.0
2026-01-21,900310,,63.41,-0.0,,0.0
2026-01-22,900310,,63.41,0.0,,-0.0
2026-01-23,900310,,63.44,-0.0,,0.0
2026-01-26,900310,,63.41,0.0,,-0.0
2026-01-27,900310,,63.44,0.0,,0.0
2026-01-28,900310,,63.44,0.0,,0.0
2026-01-29,900310,,63.44,0.0,,-0.0
2026-01-30,900310,563.0,63.44,-0.0,,0.0
2026-02-02,900310,,63.44,0.0,0.0,-0.0
2026-02-03,900310,,63.44,0.0,-0.0,-0.0
2026-02-04,900310,,63.44,-0.0,0.0,0.0
2026-02-05,900310,,63.44,0.0,-0.0,-0.0
2026-02-06,900310,,63.44,0.0,0.0,-0.0
2026-02-09,900310,,63.44,-0.0,0.0,-0.0
2026-02-10,900310,,63.44,-0.0,-0.0,0.0
2026-02-11,900310,,63.44,0.0,0.0,-0.0
2026-02-12,900310,,63.44,-0.0,-0.0,0.0
2026-02-13,900310,,63.44,0.2,-0.0,-0.2
2026-02-19,900310,,63.5,-0.0,0.0,0.0
2026-02-20,900310,,63.5,0.0,0.0,-0.0
2026-02-23,900310,,63.53,-0.0,-0.0,0.0
2026-02-24,900310,,63.53,-0.0,-0.0,0.0
2026-02-25,900310,,63.53,-0.0,0.0,0.0
2026-02-26,900310,,63.28,0.0,0.0,-0.0
2026-02-27,900310,544.0,63.28,-0.0,0.0,0.0
2026-03-03,900310,,63.28,-0.1,0.0,0.0
2026-03-04,900310,,63.25,0.4,,-0.4
2026-03-05,900310,,63.41,0.3,-0.0,-0.3
2026-03-06,900310,,63.5,0.2,-0.0,-0.2
2026-03-09,900310,,63.56,-0.0,0.0,0.0
2026-03-10,900310,,63.56,-0.0,0.0,0.0
2026-03-11,900310,,63.56,-0.0,-0.0,-0.0
2026-03-12,900310,,63.56,0.0,0.0,-0.0
2026-03-13,900310,,63.56,0.0,-0.0,-0.0
2026-03-16,900310,,63.56,0.0,0.0,-0.0
2026-03-17,900310,,63.56,-0.0,0.0,0.0
2026-03-18,900310,,63.56,-0.0,-0.0,0.0
2026-03-19,900310,,63.56,0.0,-0.0,-0.0
2026-03-20,900310,,63.56,0.0,0.0,-0.0
2026-03-23,900310,,63.56,0.0,0.0,-0.0
2026-03-24,900310,,63.56,0.0,-0.0,0.0
2026-03-25,900310,,63.56,0.1,-0.0,-0.2
2026-03-26,900310,,63.62,0.1,0.0,-0.1
2026-03-27,900310,,63.62,0.1,0.0,-0.1
2026-03-30,900310,,63.66,0.1,-0.0,-0.0
2026-03-31,900310,496.0,63.69,0.1,-0.0,-0.1
2026-04-01,900310,,63.81,0.1,-0.0,-0.1
2026-04-02,900310,,63.84,0.1,0.0,-0.1
2026-04-03,900310,,63.91,0.0,0.0,-0.0
2026-04-06,900310,,63.91,-0.0,-0.0,0.0
2026-04-07,900310,,63.91,0.1,0.0,-0.1
2026-04-08,900310,,63.94,0.0,-0.0,0.0
2026-04-09,900310,,63.94,-0.1,0.0,0.0
2026-04-10,900310,,63.94,0.3,-0.0,-0.2
2026-04-13,900310,,64.0,0.1,-0.0,-0.1
2026-04-14,900310,,64.0,-0.0,-0.0,0.0
2026-04-15,900310,,64.0,0.0,0.0,-0.1
2026-04-16,900310,,64.06,0.1,0.0,-0.1
2026-04-17,900310,,64.06,0.0,-0.0,-0.0
2026-04-20,900310,,64.06,0.0,-0.0,0.0
2026-04-21,900310,,64.06,0.1,0.0,-0.1
2026-04-22,900310,,64.12,0.1,0.0,-0.1
2026-04-23,900310,,64.12,0.0,-0.0,-0.0
2026-04-24,900310,,64.12,-0.1,0.0,0.1
2026-04-27,900310,,64.12,0.0,0.1,-0.1
2026-04-28,900310,,64.12,-0.0,-0.1,0.1
2026-04-29,900310,,64.06,-0.2,0.0,0.2
2026-04-30,900310,539.0,64.06,0.2,0.0,-0.2
2026-05-04,900310,,64.12,-0.0,-0.0,0.0
2026-05-06,900310,,64.12,0.0,0.0,-0.1
2026-05-07,900310,,64.12,0.0,-0.0,0.0
2026-05-08,900310,,64.12,0.1,0.0,-0.1
2026-05-11,900310,,64.12,0.1,-0.0,-0.1
2026-05-12,900310,,64.19,0.1,0.0,-0.1
2026-05-13,900310,,64.19,-0.1,0.4,-0.3
2026-05-14,900310,,64.19,0.2,0.4,-0.6
2026-05-15,900310,,64.25,,,
2026-05-18,900310,,64.25,,,
2026-05-19,900310,,64.25,,,
2026-05-20,900310,,64.25,,,
2026-05-21,900310,,64.25,,,
2026-05-22,900310,,64.25,,,
2026-05-26,900310,,64.25,,,
2026-05-27,900310,,64.25,,,
2026-05-28,900310,,64.25,,,
2026-05-29,900310,520.0,64.25,,,
2026-06-01,900310,,64.25,,,
2026-06-02,900310,,64.25,,,
2026-06-04,900310,,64.25,,,
2026-06-05,900310,,64.25,,,
2026-06-08,900310,,64.25,,,
2026-06-09,900310,,64.25,,,
2026-06-10,900310,,100.0,-0.1,-0.6,0.7
2026-06-11,900310,,64.12,0.2,-0.0,-0.2
2026-06-12,900310,,64.25,0.5,-0.0,-0.5
2026-06-15,900310,,64.44,0.4,0.0,-0.4
2026-06-16,900310,,64.56,0.2,-0.0,-0.2
2026-06-17,900310,,64.69,1.0,0.0,-1.0
2026-06-18,900310,,65.06,1.1,0.0,-1.1
2026-06-19,900310,,65.5,-0.0,-0.0,0.0
2026-06-22,900310,,65.5,0.4,0.0,-0.4
2026-06-23,900310,,65.62,0.8,-0.0,-0.8
2026-06-24,900310,,66.0,-0.1,-0.0,0.1
2026-06-25,900310,,65.94,0.3,0.0,-0.3
2026-06-26,900310,,66.06,0.2,-0.0,-0.2
2026-06-29,900310,,66.12,0.0,-0.0,-0.0
2026-06-30,900310,1912.0,66.12,0.2,,-0.2
2026-07-01,900310,,66.19,0.2,0.0,-0.2
2026-07-02,900310,,66.25,0.2,-0.0,-0.2
2026-07-03,900310,,66.38,0.2,-0.0,-0.2
2026-07-06,900310,,66.44,0.0,0.0,-0.0
2026-07-07,900310,,66.44,0.0,0.0,-0.0
2026-07-08,900310,,66.44,0.2,-0.0,-0.1
2026-07-09,900310,,66.5,-0.0,0.0,0.0
2026-07-10,900310,,66.5,0.0,-0.0,-0.0
2026-07-13,900310,2030.0,66.5,0.1,-0.0,-0.1
2025-07-14,900340,,44.91,0.3,,-0.3
2025-07-15,900340,,44.94,0.3,,-0.3
2025-07-16,900340,,45.12,-0.1,,-0.0
2025-07-17,900340,,45.12,0.9,,-0.9
2025-07-18,900340,,45.28,-0.4,,0.4
2025-07-21,900340,,45.22,-0.5,,0.5
2025-07-22,900340,,45.12,0.0,,-0.0
2025-07-23,900340,,45.12,0.4,,-0.4
2025-07-24,900340,,45.19,-0.4,,0.4
2025-07-25,900340,,45.12,-0.0,,-0.1
2025-07-28,900340,,45.12,-0.2,,0.3
2025-07-29,900340,,45.09,0.0,,-0.0
2025-07-30,900340,,45.12,-0.0,,0.1
2025-07-31,900340,,45.12,0.1,,-0.1
2025-08-01,900340,,45.12,-1.0,,0.8
2025-08-04,900340,,44.97,0.2,,-0.1
2025-08-05,900340,,45.0,0.0,,-0.0
2025-08-06,900340,,45.0,0.3,,-0.3
2025-08-07,900340,,45.06,0.3,,-0.3
2025-08-08,900340,,45.12,0.3,,-0.3
2025-08-11,900340,,45.16,-0.3,,0.2
2025-08-12,900340,,45.12,0.4,,-0.4
2025-08-13,900340,,45.19,-0.2,,0.2
2025-08-14,900340,,45.16,-0.0,,-0.0
2025-08-18,900340,,45.16,-0.2,,0.2
2025-08-19,900340,,45.12,0.1,,-0.1
2025-08-20,900340,,45.12,0.0,,-0.0
2025-08-21,900340,,45.12,0.6,,-0.6
2025-08-22,900340,,45.22,0.4,,-0.4
2025-08-25,900340,,45.28,0.6,,-0.6
2025-08-26,900340,,45.41,0.1,,-0.0
2025-08-27,900340,,45.41,-0.2,,0.2
2025-08-28,900340,,45.38,-0.0,,0.0
2025-08-29,900340,1117.0,45.38,-0.7,,0.7
2025-09-01,900340,,45.25,-0.7,,0.6
2025-09-02,900340,,45.12,0.1,,-0.0
2025-09-03,900340,,45.16,0.0,,0.0
2025-09-04,900340,,45.16,0.0,,-0.0
2025-09-05,900340,,45.16,-0.3,,0.3
2025-09-08,900340,,45.12,0.3,,-0.3
2025-09-09,900340,,45.16,0.4,,-0.4
2025-09-10,900340,,45.22,0.1,,-0.1
2025-09-11,900340,,45.19,0.2,,-0.2
2025-09-12,900340,,45.22,0.1,,-0.0
2025-09-15,900340,,45.28,-0.2,,0.2
2025-09-16,900340,,45.25,0.1,,-0.1
2025-09-17,900340,,45.25,0.1,,-0.1
2025-09-18,900340,,45.28,0.2,,-0.2
2025-09-19,900340,,45.31,-0.1,,0.1
2025-09-22,900340,,45.31,-0.2,,0.0
2025-09-23,900340,,45.28,-0.2,,0.2
2025-09-24,900340,,45.19,-0.4,,0.4
2025-09-25,900340,,45.09,0.3,,-0.3
2025-09-26,900340,,45.12,-0.3,,0.4
2025-09-29,900340,,44.97,0.2,,-0.2
2025-09-30,900340,1103.0,45.0,-0.1,,0.1
2025-10-01,900340,,44.97,-0.7,,0.5
2025-10-02,900340,,44.84,-0.1,,-0.1
2025-10-10,900340,,44.84,-0.5,,0.5
2025-10-13,900340,,44.69,-0.2,,0.2
2025-10-14,900340,,44.66,-0.4,,0.4
2025-10-15,900340,,44.59,0.1,,-0.1
2025-10-16,900340,,44.59,-0.1,,0.1
2025-10-17,900340,,44.66,0.1,,0.3
2025-10-20,900340,,44.91,-0.0,,0.0
2025-10-21,900340,,44.88,-0.3,,0.3
2025-10-22,900340,,44.84,0.3,,-0.3
2025-10-23,900340,,44.91,-0.2,,0.2
2025-10-24,900340,,44.88,-0.0,,0.0
2025-10-27,900340,,44.88,0.3,,-0.3
2025-10-28,900340,,44.91,0.1,,-0.1
2025-10-29,900340,,44.94,-0.2,,0.2
2025-10-30,900340,,44.91,-2.0,,1.9
2025-10-31,900340,970.0,44.5,0.1,,0.0
2025-11-03,900340,,44.53,0.6,,-0.6
2025-11-04,900340,,44.66,0.2,,-0.2
2025-11-05,900340,,44.72,0.4,,-0.4
2025-11-06,900340,,44.78,-0.0,,0.0
2025-11-07,900340,,44.78,-0.2,,0.2
2025-11-10,900340,,44.75,0.3,,-0.4
2025-11-11,900340,,44.78,-0.0,,0.0
2025-11-12,900340,,44.78,0.5,,-0.1
2025-11-13,900340,,44.88,0.1,,-0.1
2025-11-14,900340,,44.91,0.1,,-0.1
2025-11-17,900340,,44.94,-0.0,,0.0
2025-11-18,900340,,44.94,-0.0,,0.0
2025-11-19,900340,,44.91,0.8,,-0.8
2025-11-20,900340,,45.12,0.1,,0.0
2025-11-21,900340,,45.16,0.1,,-0.1
2025-11-24,900340,,45.19,0.0,,-0.0
2025-11-25,900340,,45.19,-0.1,,0.1
2025-11-26,900340,,45.16,0.1,,-0.1
2025-11-27,900340,,45.22,0.0,,-0.0
2025-11-28,900340,853.0,45.22,0.0,,-0.0
2025-12-01,900340,,45.22,-0.0,,0.0
2025-12-02,900340,,45.22,-0.0,,0.0
2025-12-03,900340,,45.22,0.1,,-0.1
2025-12-04,900340,,45.22,-0.0,,0.0
2025-12-05,900340,,45.22,-0.0,,0.0
2025-12-08,900340,,45.22,0.1,,-0.1
2025-12-09,900340,,45.22,0.0,,-0.0
2025-12-10,900340,,45.25,0.0,,-0.0
2025-12-11,900340,,45.25,-0.0,,0.0
2025-12-12,900340,,45.25,0.1,,-0.2
2025-12-15,900340,,45.28,-0.0,,0.0
2025-12-16,900340,,45.28,-0.1,,0.1
2025-12-17,900340,,45.25,0.1,,-0.1
2025-12-18,900340,,45.28,0.1,,-0.1
2025-12-19,900340,,45.28,0.1,,-0.1
2025-12-22,900340,,45.31,0.1,,-0.1
2025-12-23,900340,,45.34,-0.0,,0.0
2025-12-24,900340,,45.34,-0.0,,0.0
2025-12-26,900340,,45.38,0.1,,-0.1
2025-12-29,900340,,45.41,0.0,,0.1
2025-12-30,900340,800.0,45.34,-0.0,,-0.0
2026-01-02,900340,,45.34,0.0,,-0.0
2026-01-05,900340,,45.34,-0.1,,0.1
2026-01-06,900340,,45.34,-0.0,,0.0
2026-01-07,900340,,45.38,-0.1,,0.1
2026-01-08,900340,,45.38,0.0,,-0.0
2026-01-09,900340,,45.38,0.0,,-0.0
2026-01-12,900340,,45.38,-0.0,,-0.0
2026-01-13,900340,,45.38,-0.0,,0.0
2026-01-14,900340,,45.38,-0.0,,-0.0
2026-01-15,900340,,45.38,-0.0,,-0.1
2026-01-16,900340,,45.38,-0.1,,0.1
2026-01-19,900340,,45.34,-0.1,,0.1
2026-01-20,900340,,45.34,0.1,,-0.1
2026-01-21,900340,,45.34,-0.0,,-0.0
2026-01-22,900340,,45.34,-0.0,,0.3
2026-01-23,900340,,45.34,0.1,,-0.1
2026-01-26,900340,,45.34,-0.0,,0.0
2026-01-27,900340,,45.34,-0.1,,0.1
2026-01-28,900340,,45.31,0.0,,-0.0
2026-01-29,900340,,45.31,0.0,,-0.0
2026-01-30,900340,750.0,45.31,-0.1,,0.0
2026-02-02,900340,,45.31,-0.1,,0.1
2026-02-03,900340,,45.28,-0.0,,-0.0
2026-02-04,900340,,45.28,-0.1,,0.1
2026-02-05,900340,,45.25,0.0,,-0.0
2026-02-06,900340,,45.25,0.0,,0.1
2026-02-09,900340,,45.25,0.1,,-0.1
2026-02-10,900340,,45.28,0.0,,-0.0
2026-02-11,900340,,45.28,0.0,,-0.0
2026-02-12,900340,,45.28,-0.0,,0.0
2026-02-13,900340,,45.28,-0.1,,0.1
2026-02-19,900340,,45.28,0.0,,-0.0
2026-02-20,900340,,45.28,0.0,,-0.0
2026-02-23,900340,,45.28,-0.1,,0.1
2026-02-24,900340,,45.25,0.2,,-0.2
2026-02-25,900340,,45.31,-0.0,,-0.0
2026-02-26,900340,,45.31,0.0,,-0.0
2026-02-27,900340,703.0,45.31,-0.0,,0.0
2026-03-03,900340,,45.31,-0.1,,0.0
2026-03-04,900340,,45.28,-0.2,,0.2
2026-03-05,900340,,45.22,-0.1,,0.1
2026-03-06,900340,,45.19,0.1,,-0.1
2026-03-09,900340,,45.22,0.0,,-0.0
2026-03-10,900340,,45.25,0.0,,-0.0
2026-03-11,900340,,45.25,0.0,,0.0
2026-03-12,900340,,45.25,0.0,,-0.0
2026-03-13,900340,,45.25,-0.3,,0.3
2026-03-16,900340,,45.16,-0.1,,0.1
2026-03-17,900340,,45.16,-0.0,,0.0
2026-03-18,900340,,45.12,0.0,,-0.0
2026-03-19,900340,,45.16,0.0,,-0.0
2026-03-20,900340,,45.16,-0.0,,-0.0
2026-03-23,900340,,45.16,0.0,,-0.0
2026-03-24,900340,,45.16,0.0,,-0.0
2026-03-25,900340,,45.16,0.0,,-0.1
2026-03-26,900340,,45.16,0.0,,-0.0
2026-03-27,900340,,45.19,0.0,,-0.0
2026-03-30,900340,,45.19,0.1,,-0.0
2026-03-31,900340,607.0,45.22,0.1,,-0.1
2026-04-01,900340,,45.28,0.2,,-0.2
2026-04-02,900340,,45.34,0.1,,-0.0
2026-04-03,900340,,45.34,0.2,,-0.2
2026-04-06,900340,,45.41,0.0,,-0.0
2026-04-07,900340,,45.41,0.0,,-0.0
2026-04-08,900340,,45.44,0.1,,-0.1
2026-04-09,900340,,45.44,-0.1,,0.1
2026-04-10,900340,,45.44,0.0,,-0.0
2026-04-13,900340,,45.44,-0.0,,-0.0
2026-04-14,900340,,45.44,0.1,,-0.1
2026-04-15,900340,,45.47,-0.3,,0.3
2026-04-16,900340,,45.41,-0.1,,0.1
2026-04-17,900340,,45.38,0.1,,-0.2
2026-04-20,900340,,45.44,-0.0,,0.0
2026-04-21,900340,,45.44,0.0,,0.0
2026-04-22,900340,,45.44,-0.1,,-0.0
2026-04-23,900340,,45.41,0.0,,-0.0
2026-04-24,900340,,45.41,0.1,,-0.0
2026-04-27,900340,,45.44,-0.2,,0.2
2026-04-28,900340,,45.38,-0.1,,0.1
2026-04-29,900340,,45.34,-0.1,,0.0
2026-04-30,900340,707.0,45.22,0.1,0.2,-0.2
2026-05-04,900340,,45.22,0.0,0.6,-0.7
2026-05-06,900340,,45.25,,,
2026-05-07,900340,,45.25,,,
2026-05-08,900340,,45.25,,,
2026-05-11,900340,,45.25,,,
2026-05-12,900340,,45.25,,,
2026-05-13,900340,,45.25,,,
2026-05-14,900340,,45.25,,,
2026-05-15,900340,,45.25,,,
2026-05-18,900340,,45.25,,,
2026-05-19,900340,,45.25,,,
2026-05-20,900340,,45.25,,,
2026-05-21,900340,,45.25,,,
2026-05-22,900340,,45.25,,,
2026-05-26,900340,,45.25,,,
2026-05-27,900340,,45.25,,,
2026-05-28,900340,,45.25,,,
2026-05-29,900340,742.0,45.25,,,
2026-06-01,900340,,45.25,,,
2026-06-02,900340,,34.69,-2.8,-0.6,1.1
2026-06-04,900340,,33.31,-2.1,-0.0,2.1
2026-06-05,900340,,32.41,-0.2,-0.0,0.2
2026-06-08,900340,,32.56,-0.1,0.0,0.1
2026-06-09,900340,,32.53,-0.1,-0.0,0.1
2026-06-10,900340,,32.5,-0.0,0.0,0.0
2026-06-11,900340,,32.47,-0.0,,-0.0
2026-06-12,900340,,32.47,-0.0,-0.0,0.0
2026-06-15,900340,,32.44,-0.0,,0.0
2026-06-16,900340,,32.44,-0.0,,0.0
2026-06-17,900340,,32.44,-0.0,,0.0
2026-06-18,900340,,32.41,-0.0,0.0,0.0
2026-06-19,900340,,32.41,-0.0,,0.0
2026-06-22,900340,,32.41,-0.0,,0.0
2026-06-23,900340,,32.38,-0.0,,0.0
2026-06-24,900340,,32.38,-0.0,,0.0
2026-06-25,900340,,32.38,0.1,0.0,-0.1
2026-06-26,900340,,32.41,0.0,,-0.0
2026-06-29,900340,,32.44,0.0,-0.0,0.0
2026-06-30,900340,1412.0,32.44,0.1,0.0,-0.1
2026-07-01,900340,,32.53,-0.0,0.0,0.0
2026-07-02,900340,,32.53,-0.0,-0.0,0.0
2026-07-03,900340,,32.5,0.1,,-0.1
2026-07-06,900340,,32.56,0.1,,-0.1
2026-07-07,900340,,32.62,-0.0,,0.0
2026-07-08,900340,,32.62,0.1,,-0.1
2026-07-09,900340,,32.66,-0.0,,0.0
2026-07-10,900340,,32.66,-0.0,,0.0
2026-07-13,900340,1264.0,32.66,-0.0,,0.0
