날짜,코드,종가,외인지분율,외인_억,기관_억,개인_억
2025-07-14,450050,2055.0,0.01,-0.0,0.0,0.0
2025-07-15,450050,2055.0,0.01,-0.0,-0.0,0.0
2025-07-16,450050,2060.0,0.01,-0.0,0.1,-0.0
2025-07-17,450050,2055.0,0.01,0.0,0.0,-0.0
2025-07-18,450050,2055.0,0.01,0.0,0.2,-0.2
2025-07-21,450050,2062.0,0.01,0.0,0.5,-0.3
2025-07-22,450050,2065.0,0.02,0.0,0.3,-0.3
2025-07-23,450050,2060.0,0.02,0.0,0.6,-0.6
2025-07-24,450050,2065.0,0.02,,0.0,-0.0
2025-07-25,450050,2065.0,0.02,-0.0,0.3,-0.3
2025-07-28,450050,2065.0,0.0,0.0,0.0,-0.0
2025-07-29,450050,2065.0,0.01,0.0,0.3,-0.3
2025-07-30,450050,2070.0,0.01,0.0,0.0,-0.0
2025-07-31,450050,2070.0,0.01,0.0,0.0,-0.0
2025-08-01,450050,2070.0,0.01,,0.0,-0.0
2025-08-04,450050,2070.0,0.01,,0.0,-0.0
2025-08-05,450050,2070.0,0.01,-0.0,-0.0,0.0
2025-08-06,450050,2065.0,0.0,0.0,0.0,-0.0
2025-08-07,450050,2065.0,0.0,0.0,-0.2,0.2
2025-08-08,450050,2070.0,0.0,-0.0,0.0,-0.0
2025-08-11,450050,2075.0,0.0,0.0,-0.1,0.1
2025-08-12,450050,2075.0,0.01,0.0,0.0,-0.0
2025-08-13,450050,2070.0,0.01,-0.0,0.0,-0.0
2025-08-14,450050,2065.0,0.01,-0.0,0.0,0.0
2025-08-18,450050,2070.0,0.0,,0.0,0.0
2025-08-19,450050,2060.0,0.0,,0.0,-0.0
2025-08-20,450050,2070.0,0.0,0.0,0.1,0.1
2025-08-21,450050,2070.0,0.0,-0.0,0.0,-0.0
2025-08-22,450050,2065.0,0.0,0.0,0.1,-0.1
2025-08-25,450050,2070.0,0.0,-0.0,0.1,-0.1
2025-08-26,450050,2065.0,0.0,-0.0,-0.0,-0.1
2025-08-27,450050,2060.0,0.0,-0.0,-0.1,0.1
2025-08-28,450050,2055.0,0.0,0.0,0.3,-0.3
2025-08-29,450050,2060.0,0.0,-0.0,0.0,-0.0
2025-09-01,450050,2065.0,0.0,-0.0,0.0,-0.0
2025-09-02,450050,2065.0,0.0,,0.0,-0.0
2025-09-03,450050,2070.0,0.0,,0.0,-0.0
2025-09-04,450050,2070.0,0.0,-0.0,0.0,-0.0
2025-09-05,450050,2075.0,0.0,0.0,0.0,-0.0
2025-09-08,450050,2080.0,0.0,-0.0,-0.0,0.0
2025-09-09,450050,2085.0,0.0,0.0,-0.0,0.0
2025-09-10,450050,2080.0,0.0,0.0,0.1,-0.1
2025-09-11,450050,2080.0,0.0,0.0,-0.0,0.0
2025-09-12,450050,2085.0,0.0,0.0,0.1,-0.1
2025-09-15,450050,2085.0,0.0,0.0,-0.0,0.0
2025-09-16,450050,2085.0,0.0,0.0,0.0,-0.0
2025-09-17,450050,2090.0,0.02,-0.0,0.0,0.0
2025-09-18,450050,2090.0,0.02,0.0,-0.0,0.0
2025-09-19,450050,2085.0,0.02,0.0,0.0,0.0
2025-09-22,450050,2085.0,0.02,0.0,0.0,-0.0
2025-09-23,450050,2090.0,0.03,0.0,-0.0,-0.0
2025-09-24,450050,2100.0,0.05,-0.0,0.0,-0.0
2025-09-25,450050,2100.0,0.04,-0.0,0.0,-0.0
2025-09-26,450050,2090.0,0.04,,-0.0,0.0
2025-09-29,450050,2100.0,0.04,0.0,-0.0,0.0
2025-09-30,450050,2095.0,0.04,0.0,-0.0,0.0
2025-10-01,450050,2090.0,0.04,0.0,-0.2,0.6
2025-10-02,450050,2095.0,0.05,0.0,0.1,-0.1
2025-10-10,450050,2090.0,0.05,0.0,0.1,-0.1
2025-10-13,450050,2095.0,0.05,0.0,-0.0,0.0
2025-10-14,450050,2095.0,0.05,0.0,-0.0,0.0
2025-10-15,450050,2095.0,0.05,0.0,0.0,-0.0
2025-10-16,450050,2095.0,0.05,0.0,0.1,-0.1
2025-10-17,450050,2095.0,0.05,0.0,0.0,-0.0
2025-10-20,450050,2090.0,0.05,-0.0,0.1,-0.1
2025-10-21,450050,2100.0,0.05,0.1,0.5,-0.6
2025-10-22,450050,2090.0,0.12,-0.1,0.1,-0.0
2025-10-23,450050,2095.0,0.05,0.0,0.0,-0.0
2025-10-24,450050,2095.0,0.05,0.0,0.0,-0.0
2025-10-27,450050,2100.0,0.05,0.0,0.0,-0.0
2025-10-28,450050,2100.0,0.05,0.0,0.1,-0.1
2025-10-29,450050,2100.0,0.05,0.0,0.4,-0.4
2025-10-30,450050,2100.0,0.05,0.0,-0.0,-0.0
2025-10-31,450050,2100.0,0.05,0.0,0.0,-0.0
2025-11-03,450050,2095.0,0.05,-0.0,0.0,0.0
2025-11-04,450050,2095.0,0.05,0.0,0.0,-0.0
2025-11-05,450050,2105.0,0.05,0.0,0.3,-0.3
2025-11-06,450050,2100.0,0.05,0.0,0.1,-0.1
2025-11-07,450050,2105.0,0.05,-0.0,0.0,-0.0
2025-11-10,450050,2105.0,0.05,0.0,0.0,0.0
2025-11-11,450050,2105.0,0.05,-0.0,0.0,-0.0
2025-11-12,450050,2105.0,0.05,0.0,0.0,0.0
2025-11-13,450050,2100.0,0.05,0.0,-0.1,0.1
2025-11-14,450050,2102.0,0.05,0.0,0.0,-0.0
2025-11-17,450050,2105.0,0.05,-0.0,-0.0,0.0
2025-11-18,450050,2110.0,0.05,-0.0,0.0,0.0
2025-11-19,450050,2100.0,0.05,-0.0,0.0,0.0
2025-11-20,450050,2105.0,0.05,-0.0,0.0,-0.1
2025-11-21,450050,2105.0,0.05,-0.0,0.6,-0.6
2025-11-24,450050,2105.0,0.05,-0.0,0.0,-0.0
2025-11-25,450050,2105.0,0.05,0.0,0.0,-0.0
2025-11-26,450050,2105.0,0.05,0.0,0.0,0.0
2025-11-27,450050,2110.0,0.05,-0.0,0.6,-1.1
2025-11-28,450050,2100.0,0.05,0.0,0.2,-0.2
2025-12-01,450050,2105.0,0.05,-0.0,0.0,-0.0
2025-12-02,450050,2105.0,0.05,0.0,1.2,-1.3
2025-12-03,450050,2105.0,0.09,0.0,0.0,-0.0
2025-12-04,450050,2105.0,0.09,-0.0,0.0,0.0
2025-12-05,450050,2105.0,0.05,0.0,-0.0,0.0
2025-12-08,450050,2110.0,0.05,0.0,0.1,-0.1
2025-12-09,450050,2105.0,0.05,-0.0,1.0,-1.0
2025-12-10,450050,2107.0,0.05,0.0,0.1,-0.1
2025-12-11,450050,2102.0,0.05,0.0,0.0,-0.0
2025-12-12,450050,2105.0,0.05,0.0,0.1,-0.1
2025-12-15,450050,2105.0,0.05,0.0,0.0,-0.0
2025-12-16,450050,2102.0,0.05,0.0,0.4,-0.4
2025-12-17,450050,2100.0,0.05,-0.0,1.2,-1.6
2025-12-18,450050,2100.0,0.05,-0.0,0.5,-0.4
2025-12-19,450050,2100.0,0.05,0.0,0.6,-0.6
2025-12-22,450050,2100.0,0.05,0.0,0.8,-0.8
2025-12-23,450050,2095.0,0.07,0.0,0.0,0.0
2025-12-24,450050,2105.0,0.07,0.0,-0.5,0.5
2025-12-26,450050,2095.0,0.08,0.0,-0.1,0.1
2025-12-29,450050,2105.0,0.09,0.0,0.0,0.0
2025-12-30,450050,2100.0,0.09,0.0,,0.0
2026-01-02,450050,2100.0,0.09,-0.0,0.3,-0.3
2026-01-05,450050,2105.0,0.08,0.0,0.0,-0.0
2026-01-06,450050,2110.0,0.08,0.0,0.0,-0.0
2026-01-07,450050,2112.0,0.08,0.0,,-0.0
2026-01-08,450050,2112.0,0.08,0.0,0.0,-0.0
2026-01-09,450050,2105.0,0.09,0.0,-0.2,0.2
2026-01-12,450050,2105.0,0.1,-0.1,0.1,0.0
2026-01-13,450050,2110.0,0.01,-0.0,0.6,-0.6
2026-01-14,450050,2107.0,0.01,,0.2,-0.2
2026-01-15,450050,2115.0,0.01,0.0,0.0,-0.0
2026-01-16,450050,2110.0,0.01,,0.0,-0.0
2026-01-19,450050,2110.0,0.01,,,
2026-01-20,450050,2110.0,0.01,-0.0,2.1,-1.5
2026-01-21,450050,2110.0,0.0,0.0,-0.2,-2.3
2026-01-22,450050,2115.0,0.0,-0.0,0.0,-0.7
2026-01-23,450050,2115.0,0.0,,0.0,-0.2
2026-01-26,450050,2115.0,0.0,,0.0,-0.1
2026-01-27,450050,2120.0,0.0,,-0.0,0.0
2026-01-28,450050,2120.0,0.0,,0.0,-0.0
2026-01-30,450050,,,,,
2026-02-27,450050,,,,,
2026-03-31,450050,,,,,
2026-04-30,450050,,,,,
2026-05-29,450050,,,,,
2026-06-30,450050,,,,,
2026-07-13,450050,,,,,
2025-07-14,450080,51600.0,21.55,-56.1,-14.5,67.8
2025-07-15,450080,52300.0,21.42,-25.6,-5.3,30.1
2025-07-16,450080,50600.0,21.39,-23.3,-10.2,33.5
2025-07-17,450080,50700.0,21.38,-44.8,-2.1,47.2
2025-07-18,450080,52600.0,21.25,-23.6,-3.5,26.3
2025-07-21,450080,54300.0,21.16,21.6,76.9,-99.9
2025-07-22,450080,52200.0,21.2,-60.9,-8.7,65.3
2025-07-23,450080,52300.0,21.06,-21.1,-3.0,22.4
2025-07-24,450080,52500.0,21.02,-12.1,-29.8,39.5
2025-07-25,450080,52300.0,20.98,-19.1,-42.1,59.4
2025-07-28,450080,52800.0,20.98,7.0,29.1,-35.7
2025-07-29,450080,50300.0,21.06,-20.6,-97.6,116.5
2025-07-30,450080,51100.0,20.91,11.9,-3.4,-9.7
2025-07-31,450080,51000.0,20.95,-28.5,-20.9,46.9
2025-08-01,450080,48200.0,20.92,2.2,-40.9,37.8
2025-08-04,450080,48700.0,20.91,17.3,10.6,-26.8
2025-08-05,450080,54500.0,21.06,284.7,101.0,-383.8
2025-08-06,450080,52200.0,21.94,-176.7,7.7,170.1
2025-08-07,450080,51900.0,21.34,-30.7,-5.2,34.9
2025-08-08,450080,52200.0,21.22,25.9,28.9,-54.8
2025-08-11,450080,54500.0,21.33,71.2,4.2,-75.4
2025-08-12,450080,54000.0,21.55,33.6,6.0,-38.8
2025-08-13,450080,55100.0,21.62,-20.3,5.1,15.1
2025-08-14,450080,56500.0,21.58,5.6,11.6,-16.9
2025-08-18,450080,54100.0,21.59,-33.9,-3.6,36.1
2025-08-19,450080,53300.0,21.53,-42.6,-15.6,55.0
2025-08-20,450080,52400.0,21.41,-29.4,-6.9,34.0
2025-08-21,450080,51700.0,21.31,-16.7,-10.8,27.4
2025-08-22,450080,51000.0,21.28,-3.2,-14.4,18.0
2025-08-25,450080,53900.0,21.23,45.4,28.3,-75.0
2025-08-26,450080,54500.0,21.45,32.7,7.6,-42.9
2025-08-27,450080,54600.0,21.56,-5.7,19.3,-14.8
2025-08-28,450080,52300.0,21.53,-56.4,-21.8,76.5
2025-08-29,450080,50500.0,21.33,-34.4,-32.5,66.7
2025-09-01,450080,49100.0,21.27,-14.5,-18.9,32.1
2025-09-02,450080,49350.0,21.22,-22.0,2.6,19.2
2025-09-03,450080,49300.0,21.16,-9.0,-0.6,10.4
2025-09-04,450080,49900.0,21.11,2.7,-10.9,8.2
2025-09-05,450080,49800.0,21.14,-19.0,9.6,9.4
2025-09-08,450080,49400.0,21.09,-19.3,11.5,7.5
2025-09-09,450080,49450.0,21.05,-30.4,12.3,18.1
2025-09-10,450080,48750.0,21.03,-43.6,9.5,33.6
2025-09-11,450080,49000.0,20.95,-109.0,96.2,12.8
2025-09-12,450080,50300.0,20.7,-28.1,35.2,-7.4
2025-09-15,450080,51100.0,20.69,12.1,25.5,-39.6
2025-09-16,450080,51000.0,20.8,-23.4,-2.8,25.5
2025-09-17,450080,51000.0,20.73,-12.9,14.9,-1.9
2025-09-18,450080,52600.0,20.64,24.9,17.5,-43.5
2025-09-19,450080,51600.0,20.75,-21.2,-0.1,21.1
2025-09-22,450080,50900.0,20.66,-12.2,4.9,7.3
2025-09-23,450080,51600.0,20.59,16.5,-10.7,-5.7
2025-09-24,450080,50000.0,20.66,-35.9,-24.1,59.5
2025-09-25,450080,50800.0,20.52,23.4,2.7,-26.1
2025-09-26,450080,48600.0,20.59,-41.8,-10.7,52.5
2025-09-29,450080,48350.0,20.48,-12.6,-2.8,15.3
2025-09-30,450080,47300.0,20.44,6.2,-17.9,13.1
2025-10-01,450080,46800.0,20.47,-7.8,0.5,7.0
2025-10-02,450080,47900.0,20.47,-0.2,31.6,-30.8
2025-10-10,450080,46200.0,20.53,-12.2,-14.5,27.0
2025-10-13,450080,48450.0,20.48,51.8,5.0,-56.6
2025-10-14,450080,49950.0,20.66,46.4,24.1,-71.0
2025-10-15,450080,50300.0,20.81,9.6,9.1,-19.1
2025-10-16,450080,63400.0,20.83,320.6,112.9,-432.8
2025-10-17,450080,65800.0,21.77,-246.1,-40.6,284.4
2025-10-20,450080,66000.0,21.02,-33.1,-2.6,31.3
2025-10-21,450080,64700.0,20.91,86.7,21.2,-101.2
2025-10-22,450080,69500.0,21.09,-43.0,-39.1,74.7
2025-10-23,450080,65400.0,20.95,-42.3,-32.3,75.7
2025-10-24,450080,67800.0,20.88,-289.7,68.4,219.9
2025-10-27,450080,66200.0,20.3,-83.6,-24.9,109.1
2025-10-28,450080,67400.0,20.02,11.6,20.7,-34.7
2025-10-29,450080,66500.0,20.08,10.3,1.7,-14.2
2025-10-30,450080,64300.0,20.12,-25.1,-49.9,76.1
2025-10-31,450080,63000.0,20.06,19.4,0.1,-19.7
2025-11-03,450080,66400.0,20.12,-6.5,22.0,-19.6
2025-11-04,450080,65900.0,20.09,15.3,-13.3,-3.3
2025-11-05,450080,62000.0,20.11,-43.7,-27.5,71.5
2025-11-06,450080,64200.0,20.02,40.7,59.6,-99.7
2025-11-07,450080,60500.0,20.12,-60.4,-11.3,73.5
2025-11-10,450080,61300.0,19.94,4.1,17.8,-22.3
2025-11-11,450080,62000.0,19.97,25.8,9.4,-36.2
2025-11-12,450080,62600.0,20.03,10.0,-2.6,-7.9
2025-11-13,450080,66700.0,20.05,-1.1,110.5,-109.5
2025-11-14,450080,62900.0,20.05,-54.0,-47.8,100.9
2025-11-17,450080,61800.0,19.91,-22.4,-5.6,27.5
2025-11-18,450080,58300.0,19.84,-22.0,-12.7,32.4
2025-11-19,450080,57800.0,19.8,-8.3,5.9,2.4
2025-11-20,450080,59300.0,19.81,9.2,17.9,-26.8
2025-11-21,450080,55800.0,19.91,-29.4,-17.5,50.8
2025-11-24,450080,53600.0,19.8,-14.1,5.2,8.9
2025-11-25,450080,53100.0,19.77,-2.6,2.2,0.6
2025-11-26,450080,56700.0,19.78,0.0,28.5,-29.5
2025-11-27,450080,57500.0,19.8,43.0,0.4,-43.8
2025-11-28,450080,58000.0,19.89,-11.9,11.3,-0.1
2025-12-01,450080,60200.0,19.88,26.6,23.1,-48.7
2025-12-02,450080,60200.0,19.97,-0.9,-1.1,2.3
2025-12-03,450080,60000.0,19.86,-9.9,-2.3,12.2
2025-12-04,450080,59000.0,19.81,-1.3,-21.0,22.2
2025-12-05,450080,60000.0,19.8,5.8,12.2,-18.0
2025-12-08,450080,63100.0,19.84,32.7,-5.6,-28.7
2025-12-09,450080,65300.0,19.95,121.4,2.7,-122.1
2025-12-10,450080,64100.0,20.09,-5.3,-9.2,14.9
2025-12-11,450080,61800.0,20.05,-34.7,-14.9,49.7
2025-12-12,450080,62300.0,19.98,-14.7,3.0,11.7
2025-12-15,450080,63100.0,19.97,49.4,18.3,-67.8
2025-12-16,450080,59900.0,20.12,-29.0,-9.7,39.2
2025-12-17,450080,59800.0,19.98,-18.6,7.0,10.9
2025-12-18,450080,56000.0,19.69,-11.4,-14.2,25.6
2025-12-19,450080,55000.0,19.66,-13.2,-13.8,23.3
2025-12-22,450080,57100.0,19.66,-2.3,20.4,-16.8
2025-12-23,450080,56800.0,19.66,-5.8,-4.6,10.6
2025-12-24,450080,56800.0,19.62,-15.4,6.5,8.7
2025-12-26,450080,55500.0,19.59,-11.5,-7.6,19.3
2025-12-29,450080,55200.0,19.56,0.5,-2.7,2.7
2025-12-30,450080,52100.0,19.56,-19.5,-11.2,31.4
2026-01-02,450080,50300.0,19.5,-5.0,-19.4,22.9
2026-01-05,450080,54100.0,19.52,51.9,-3.4,-48.5
2026-01-06,450080,54500.0,19.67,-2.6,-7.7,10.2
2026-01-07,450080,53200.0,19.69,-8.0,-14.6,22.6
2026-01-08,450080,52300.0,19.67,-20.2,-1.6,21.6
2026-01-09,450080,51500.0,19.61,-16.6,-7.0,23.4
2026-01-12,450080,52900.0,19.56,-4.1,9.3,-4.7
2026-01-13,450080,55500.0,19.61,13.0,25.6,-38.6
2026-01-14,450080,54000.0,19.66,-7.1,0.3,7.1
2026-01-15,450080,55900.0,19.66,5.0,10.4,-15.6
2026-01-16,450080,54300.0,19.67,-17.2,-9.6,26.7
2026-01-19,450080,56700.0,19.64,25.4,5.6,-32.7
2026-01-20,450080,61500.0,19.75,91.1,53.9,-145.7
2026-01-21,450080,59400.0,20.02,-44.0,-22.9,65.2
2026-01-22,450080,62600.0,19.88,-11.9,19.3,-16.0
2026-01-23,450080,61700.0,19.8,-17.8,-9.8,27.5
2026-01-26,450080,65600.0,19.8,53.5,0.0,-50.8
2026-01-27,450080,64700.0,20.03,-0.5,7.7,-3.8
2026-01-28,450080,74600.0,20.03,187.1,-24.9,-162.8
2026-01-29,450080,73300.0,20.22,-92.1,38.5,69.8
2026-01-30,450080,67500.0,19.8,-45.1,-27.2,74.0
2026-02-02,450080,64300.0,19.66,12.5,-49.3,36.6
2026-02-03,450080,66900.0,19.66,-10.9,14.8,-2.6
2026-02-04,450080,71100.0,19.38,-34.1,177.3,-158.5
2026-02-05,450080,66200.0,19.14,-81.8,-3.0,89.6
2026-02-06,450080,63000.0,19.06,-2.3,-22.2,25.8
2026-02-09,450080,66700.0,18.98,21.3,31.9,-53.3
2026-02-10,450080,64500.0,19.12,-0.9,-63.2,63.9
2026-02-11,450080,63600.0,19.03,-53.4,-14.4,66.5
2026-02-12,450080,69900.0,18.91,164.2,243.2,-409.3
2026-02-13,450080,65800.0,19.23,-154.6,-14.0,166.6
2026-02-19,450080,68600.0,18.91,89.7,27.9,-118.0
2026-02-20,450080,67000.0,19.09,-80.8,-53.7,132.7
2026-02-23,450080,65500.0,18.91,-102.7,-45.9,146.6
2026-02-24,450080,67200.0,18.56,63.8,39.6,-97.4
2026-02-25,450080,69900.0,18.7,113.2,49.4,-163.8
2026-02-26,450080,70200.0,18.95,-261.9,48.2,211.6
2026-02-27,450080,71900.0,18.44,-64.0,44.0,0.5
2026-03-03,450080,67800.0,18.3,-339.6,-11.3,330.9
2026-03-04,450080,55300.0,17.55,-108.0,-42.5,144.9
2026-03-05,450080,63200.0,17.3,28.0,15.6,-39.6
2026-03-06,450080,70800.0,17.31,225.5,81.6,-314.9
2026-03-09,450080,65700.0,17.78,-225.8,-49.4,271.6
2026-03-10,450080,66800.0,17.3,-188.3,28.7,157.7
2026-03-11,450080,68900.0,16.86,110.8,87.9,-203.2
2026-03-12,450080,68300.0,17.11,-88.1,-59.1,148.9
2026-03-13,450080,63500.0,16.94,-228.8,-129.5,357.4
2026-03-16,450080,61900.0,16.36,-19.3,-45.9,63.9
2026-03-17,450080,61900.0,16.31,-18.7,-53.6,72.4
2026-03-18,450080,62800.0,16.28,-27.7,-11.8,45.9
2026-03-19,450080,60700.0,16.23,-24.2,-31.8,53.1
2026-03-20,450080,62500.0,16.31,23.1,-16.5,-5.3
2026-03-23,450080,61000.0,16.36,28.5,-26.4,-4.0
2026-03-24,450080,68000.0,16.44,311.7,74.1,-376.1
2026-03-25,450080,70400.0,17.09,118.4,45.0,-174.5
2026-03-26,450080,69900.0,17.34,124.5,8.5,-129.8
2026-03-27,450080,73400.0,17.59,140.4,35.0,-179.1
2026-03-30,450080,72100.0,17.84,-224.2,-8.7,224.9
2026-03-31,450080,67000.0,17.19,-79.4,-55.0,134.7
2026-04-01,450080,72600.0,17.02,198.4,106.0,-293.2
2026-04-02,450080,70700.0,17.52,-261.8,9.5,233.0
2026-04-03,450080,68500.0,17.02,-274.1,-10.8,288.8
2026-04-06,450080,68900.0,16.45,47.8,13.2,-62.1
2026-04-07,450080,73100.0,16.62,57.4,41.6,-102.8
2026-04-08,450080,76600.0,16.64,8.1,37.9,-38.5
2026-04-09,450080,74400.0,16.66,-109.4,-55.4,158.8
2026-04-10,450080,73600.0,16.45,-128.4,-6.6,137.9
2026-04-13,450080,71000.0,16.3,-151.1,-17.2,166.1
2026-04-14,450080,70400.0,16.05,-171.0,-14.8,187.8
2026-04-15,450080,70900.0,15.65,-161.7,-20.2,180.9
2026-04-16,450080,71700.0,15.52,-27.5,6.5,19.6
2026-04-17,450080,73700.0,15.46,139.6,15.5,-159.3
2026-04-20,450080,77100.0,15.64,-61.4,59.1,9.8
2026-04-21,450080,83200.0,15.51,198.8,200.7,-413.4
2026-04-22,450080,82800.0,15.73,-129.0,28.0,84.7
2026-04-23,450080,77900.0,15.51,-299.4,-52.4,355.5
2026-04-24,450080,82900.0,14.96,224.1,92.0,-314.8
2026-04-27,450080,86400.0,15.36,-90.7,59.3,39.0
2026-04-28,450080,85600.0,15.21,-245.5,14.7,251.5
2026-04-29,450080,83700.0,14.78,-240.6,-31.8,277.3
2026-04-30,450080,80300.0,14.38,-24.4,53.2,-27.7
2026-05-04,450080,84800.0,14.33,346.6,67.2,-405.7
2026-05-06,450080,83200.0,14.91,-182.5,-61.0,239.8
2026-05-07,450080,80100.0,14.6,-87.9,-46.2,135.4
2026-05-08,450080,80100.0,14.45,-51.7,-20.3,68.1
2026-05-11,450080,75000.0,14.35,-52.7,-65.1,104.7
2026-05-12,450080,71700.0,14.25,46.8,-58.1,5.7
2026-05-13,450080,67800.0,14.4,-86.7,-71.6,157.8
2026-05-14,450080,69000.0,14.25,-103.6,-60.2,157.0
2026-05-15,450080,64500.0,14.02,-70.6,-39.2,107.8
2026-05-18,450080,63600.0,13.87,-32.6,4.6,20.4
2026-05-19,450080,61200.0,13.83,16.3,5.7,-16.4
2026-05-20,450080,59200.0,13.87,12.7,10.9,-27.5
2026-05-21,450080,64600.0,13.9,-4.9,11.4,-7.8
2026-05-22,450080,68500.0,13.93,-1.2,16.2,-12.9
2026-05-26,450080,67500.0,13.92,8.3,-7.2,-4.3
2026-05-27,450080,64100.0,13.95,16.9,-26.4,17.2
2026-05-28,450080,64500.0,13.99,9.7,3.5,-11.0
2026-05-29,450080,62200.0,14.02,-10.0,8.3,1.4
2026-06-01,450080,60100.0,14.0,41.5,-77.7,35.0
2026-06-02,450080,57700.0,14.1,-24.1,-18.4,45.6
2026-06-04,450080,58900.0,14.04,-0.1,1.4,-0.1
2026-06-05,450080,55100.0,14.07,-12.7,-12.5,25.4
2026-06-08,450080,49850.0,14.03,56.3,-41.1,-13.4
2026-06-09,450080,53400.0,14.19,2.3,7.0,-12.6
2026-06-10,450080,52800.0,14.2,6.9,-11.3,7.5
2026-06-11,450080,52700.0,14.22,-212.5,211.9,2.6
2026-06-12,450080,56000.0,13.65,-1.9,30.0,-28.7
2026-06-15,450080,58500.0,13.69,-37.0,11.2,26.7
2026-06-16,450080,58800.0,13.61,6.9,-1.9,-4.6
2026-06-17,450080,56700.0,13.52,-8.3,-27.5,35.7
2026-06-18,450080,54300.0,13.52,43.5,-39.1,-3.9
2026-06-19,450080,53100.0,13.68,53.0,-32.2,-20.6
2026-06-22,450080,51800.0,13.85,40.5,-23.4,-16.3
2026-06-23,450080,46850.0,13.96,16.5,-16.5,1.4
2026-06-24,450080,47300.0,13.98,26.9,-4.0,-23.9
2026-06-25,450080,45550.0,14.06,30.6,-13.3,-17.3
2026-06-26,450080,42400.0,14.19,54.5,-17.2,-37.3
2026-06-29,450080,49100.0,14.35,-23.2,34.3,-12.4
2026-06-30,450080,44800.0,14.28,-44.1,-14.1,57.5
2026-07-01,450080,41900.0,14.15,26.0,-46.3,20.6
2026-07-02,450080,40350.0,14.25,19.4,-21.9,2.7
2026-07-03,450080,40050.0,14.32,-3.8,7.0,-3.0
2026-07-06,450080,40200.0,14.28,-4.2,4.5,-1.3
2026-07-07,450080,39050.0,14.27,-19.1,13.5,5.6
2026-07-08,450080,35850.0,14.24,19.6,-15.6,-2.9
2026-07-09,450080,35500.0,14.32,19.8,-5.1,-15.0
2026-07-10,450080,38100.0,14.4,14.3,3.1,-17.4
2026-07-13,450080,37150.0,14.46,-19.9,-16.2,35.9
2025-07-14,450140,2625.0,0.83,1.2,-0.0,-1.3
2025-07-15,450140,2650.0,0.9,-0.1,0.0,-0.0
2025-07-16,450140,2585.0,0.9,0.5,0.0,-0.5
2025-07-17,450140,2615.0,0.92,1.3,0.0,-1.2
2025-07-18,450140,2625.0,1.0,-0.4,0.0,0.3
2025-07-21,450140,2630.0,0.98,0.5,-0.0,-0.5
2025-07-22,450140,2600.0,1.01,0.3,0.0,-0.3
2025-07-23,450140,2630.0,1.03,0.9,-0.0,-0.8
2025-07-24,450140,2580.0,1.08,-2.3,-0.0,2.3
2025-07-25,450140,2605.0,0.94,0.9,0.0,-0.9
2025-07-28,450140,2570.0,1.0,0.4,-0.0,-0.4
2025-07-29,450140,2650.0,1.03,-1.2,-0.0,1.1
2025-07-30,450140,2615.0,0.96,0.1,-0.0,-0.0
2025-07-31,450140,2735.0,0.96,5.1,0.0,-5.1
2025-08-01,450140,2675.0,1.26,-1.1,0.0,1.1
2025-08-04,450140,2710.0,1.2,-0.6,0.0,0.6
2025-08-05,450140,2745.0,1.16,0.3,0.2,-0.5
2025-08-06,450140,3000.0,1.18,-2.5,0.1,2.5
2025-08-07,450140,3325.0,1.1,15.7,-0.0,-15.6
2025-08-08,450140,3970.0,1.91,-1.7,115.1,-113.0
2025-08-11,450140,3970.0,1.84,1.9,19.4,-20.9
2025-08-12,450140,3970.0,1.9,-1.7,32.9,-31.1
2025-08-13,450140,3970.0,1.12,-3.3,36.6,-33.2
2025-08-14,450140,3975.0,0.97,9.0,2.6,-11.4
2025-08-18,450140,3975.0,1.33,4.7,-5.6,0.9
2025-08-19,450140,3980.0,1.52,-4.2,-0.2,4.4
2025-08-20,450140,3975.0,1.35,-1.5,8.1,-6.7
2025-08-21,450140,3975.0,1.29,-1.2,4.5,-3.3
2025-08-22,450140,3975.0,1.24,-0.8,7.3,-6.5
2025-08-25,450140,3975.0,1.21,-0.3,4.4,-3.9
2025-08-26,450140,3975.0,1.2,-0.1,0.4,-0.3
2025-08-27,450140,3975.0,1.2,-4.4,4.7,-0.4
2025-08-28,450140,3975.0,1.02,0.0,-0.1,0.1
2025-08-29,450140,3975.0,1.02,0.2,-1.3,1.1
2025-09-01,450140,3985.0,1.03,1.7,-2.6,0.9
2025-09-02,450140,3980.0,1.1,-1.0,-0.1,1.1
2025-09-03,450140,3980.0,1.06,-0.3,-1.1,1.4
2025-09-04,450140,3985.0,1.05,-0.2,-0.0,0.2
2025-09-05,450140,3820.0,1.04,-0.9,1.6,-0.8
2025-09-08,450140,3660.0,1.0,-1.5,1.3,0.1
2025-09-09,450140,3225.0,0.94,1.3,-2.0,0.7
2025-09-10,450140,3505.0,0.96,-7.4,-0.3,7.6
2025-09-11,450140,4555.0,0.66,2.9,-2.6,-0.3
2025-09-12,450140,5920.0,0.78,4.6,-0.3,-4.7
2025-09-15,450140,7690.0,0.91,-7.3,-0.1,-33.3
2025-09-16,450140,9990.0,0.74,-5.1,-0.1,55.1
2025-09-17,450140,12980.0,0.65,0.3,-0.1,-17.9
2025-09-18,450140,13120.0,0.66,-0.2,0.6,21.6
2025-09-19,450140,9700.0,0.67,-0.1,-0.2,0.5
2025-09-22,450140,12610.0,0.67,2.5,0.1,-41.8
2025-09-23,450140,15170.0,0.7,-5.7,-0.2,47.7
2025-09-24,450140,15170.0,0.65,,,
2025-09-25,450140,18300.0,0.65,3.5,-7.9,4.7
2025-09-26,450140,21150.0,0.72,-9.6,0.0,3.2
2025-09-29,450140,21150.0,0.65,,,
2025-09-30,450140,15370.0,0.65,-1.4,-0.8,2.9
2025-10-01,450140,12490.0,0.65,2.6,-0.2,1.4
2025-10-02,450140,11580.0,0.68,-5.1,-0.1,5.3
2025-10-10,450140,10790.0,0.63,0.3,-0.1,-0.1
2025-10-13,450140,10130.0,0.63,5.3,-0.1,-3.0
2025-10-14,450140,9940.0,0.71,3.8,0.0,-3.7
2025-10-15,450140,9470.0,0.78,1.4,0.0,-1.3
2025-10-16,450140,12310.0,0.8,-10.6,-0.0,4.8
2025-10-17,450140,11170.0,0.64,-1.1,-0.0,6.7
2025-10-20,450140,10030.0,0.63,5.7,0.0,-5.6
2025-10-21,450140,10100.0,0.72,-3.4,0.0,3.6
2025-10-22,450140,9610.0,0.67,-0.0,0.0,-0.1
2025-10-23,450140,9210.0,0.67,-2.2,0.0,2.3
2025-10-24,450140,9020.0,0.63,1.4,-0.0,-1.5
2025-10-27,450140,8950.0,0.66,2.9,0.0,-2.9
2025-10-28,450140,9100.0,0.71,-4.3,0.0,4.4
2025-10-29,450140,8930.0,0.65,1.7,0.0,-1.7
2025-10-30,450140,8380.0,0.68,-0.3,0.0,0.3
2025-10-31,450140,7990.0,0.67,0.2,-0.0,-0.2
2025-11-03,450140,7630.0,0.68,0.2,-0.0,-0.1
2025-11-04,450140,8080.0,0.68,5.3,-0.0,-5.7
2025-11-05,450140,10500.0,0.81,1.9,-0.0,-2.1
2025-11-06,450140,9300.0,0.84,-10.7,0.0,10.7
2025-11-07,450140,10100.0,0.73,-1.9,0.2,1.1
2025-11-10,450140,13130.0,0.72,18.0,-0.3,-17.2
2025-11-11,450140,12270.0,0.99,-18.1,-0.3,18.5
2025-11-12,450140,11860.0,0.77,-2.5,-0.0,2.2
2025-11-13,450140,11380.0,0.74,-1.1,-0.0,0.7
2025-11-14,450140,9810.0,0.73,-1.5,0.0,1.1
2025-11-17,450140,9710.0,0.72,0.2,0.0,-0.3
2025-11-18,450140,9900.0,0.73,-1.3,0.0,1.8
2025-11-19,450140,9410.0,0.72,-1.3,0.0,0.6
2025-11-20,450140,9240.0,0.7,-0.2,-0.0,0.2
2025-11-21,450140,8700.0,0.7,1.2,0.0,-0.3
2025-11-24,450140,8070.0,0.73,3.3,0.0,-3.2
2025-11-25,450140,10490.0,0.79,-4.8,0.2,4.7
2025-11-26,450140,10560.0,0.72,-6.4,0.6,5.0
2025-11-27,450140,11710.0,0.64,-1.0,0.1,0.7
2025-11-28,450140,11200.0,0.67,2.4,-0.0,-2.1
2025-12-01,450140,10190.0,0.7,4.4,-0.0,-4.3
2025-12-02,450140,12000.0,0.77,18.6,0.1,-19.8
2025-12-03,450140,11080.0,1.03,-14.1,-0.3,13.9
2025-12-04,450140,11210.0,0.85,-9.5,-0.2,10.4
2025-12-05,450140,14570.0,0.72,58.0,0.1,-56.8
2025-12-08,450140,15480.0,1.39,-62.5,-0.3,61.6
2025-12-09,450140,10840.0,0.85,-6.6,-0.5,6.3
2025-12-10,450140,9060.0,0.78,-0.6,-0.5,1.3
2025-12-11,450140,8480.0,0.87,-4.0,-0.1,3.4
2025-12-12,450140,7290.0,0.81,1.4,-0.0,-2.0
2025-12-15,450140,7290.0,0.84,,,
2025-12-16,450140,7290.0,0.83,,,
2025-12-17,450140,7290.0,0.83,,,
2025-12-18,450140,7290.0,0.83,,,
2025-12-19,450140,7290.0,0.83,,,
2025-12-22,450140,7290.0,0.83,,,
2025-12-23,450140,7290.0,0.83,,,
2025-12-24,450140,7290.0,0.83,,,
2025-12-26,450140,7290.0,0.83,,,
2025-12-29,450140,7290.0,0.83,,,
2025-12-30,450140,7290.0,0.83,,,
2026-01-02,450140,7290.0,0.83,,,
2026-01-05,450140,7290.0,0.83,,,
2026-01-06,450140,7290.0,0.83,,,
2026-01-30,450140,,,,,
2026-02-27,450140,,,,,
2026-03-31,450140,,,,,
2026-04-30,450140,,,,,
2026-05-29,450140,,,,,
2026-06-30,450140,,,,,
2026-07-13,450140,,,,,
2025-07-14,45014K,4530.0,1.18,,,0.0
2025-07-15,45014K,4470.0,1.18,,,-0.0
2025-07-16,45014K,4395.0,1.18,,,-0.0
2025-07-17,45014K,4390.0,1.18,,,-0.0
2025-07-18,45014K,4415.0,1.18,,,-0.0
2025-07-21,45014K,4390.0,1.32,,,-0.0
2025-07-22,45014K,4290.0,1.32,,,-0.0
2025-07-23,45014K,4400.0,1.32,0.3,,-0.3
2025-07-24,45014K,4340.0,1.64,,,0.0
2025-07-25,45014K,4275.0,1.64,0.0,,-0.0
2025-07-28,45014K,4180.0,1.64,,,0.0
2025-07-29,45014K,4220.0,1.64,,,0.0
2025-07-30,45014K,4140.0,1.64,,,0.0
2025-07-31,45014K,4170.0,1.64,,,-0.0
2025-08-01,45014K,4120.0,1.64,,,0.0
2025-08-04,45014K,4090.0,1.64,,,-0.0
2025-08-05,45014K,4200.0,1.64,,,-0.0
2025-08-06,45014K,4460.0,1.64,,,0.0
2025-08-07,45014K,4750.0,1.64,,,0.0
2025-08-08,45014K,5940.0,1.64,,0.6,-0.5
2025-08-11,45014K,5900.0,1.64,-0.1,8.9,-8.8
2025-08-12,45014K,5910.0,0.97,0.1,2.2,-2.3
2025-08-13,45014K,5900.0,1.02,0.0,1.0,-1.0
2025-08-14,45014K,5900.0,1.03,-0.0,0.4,-0.4
2025-08-18,45014K,5910.0,1.02,0.0,0.8,-0.8
2025-08-19,45014K,5910.0,1.04,-0.3,-0.0,0.4
2025-08-20,45014K,5920.0,0.81,0.0,0.0,0.0
2025-08-21,45014K,5920.0,0.82,0.0,0.4,-0.4
2025-08-22,45014K,5920.0,0.83,0.4,0.0,-0.4
2025-08-25,45014K,5910.0,1.1,-0.4,1.1,-0.7
2025-08-26,45014K,5910.0,0.83,0.0,0.8,-0.8
2025-08-27,45014K,5910.0,0.83,0.0,0.0,-0.0
2025-08-28,45014K,5910.0,0.83,0.3,-0.2,-0.1
2025-08-29,45014K,5910.0,1.01,-0.3,-0.2,0.5
2025-09-01,45014K,5910.0,0.8,-0.0,0.2,-0.1
2025-09-02,45014K,5910.0,0.77,-0.0,0.6,-0.6
2025-09-03,45014K,5920.0,0.77,0.0,-0.0,0.0
2025-09-04,45014K,5920.0,0.77,0.2,-0.7,0.5
2025-09-05,45014K,5760.0,0.9,-0.0,0.0,-0.0
2025-09-08,45014K,5290.0,0.9,0.0,,-0.0
2025-09-09,45014K,5140.0,0.91,-0.0,,0.0
2025-09-10,45014K,6680.0,0.83,-0.0,,0.0
2025-09-11,45014K,8680.0,0.82,,,0.0
2025-09-12,45014K,11280.0,0.82,,,0.1
2025-09-15,45014K,14660.0,0.82,,,0.2
2025-09-16,45014K,19050.0,0.82,0.0,0.0,-4.8
2025-09-17,45014K,24750.0,0.82,,,6.0
2025-09-18,45014K,24750.0,0.82,,,
2025-09-19,45014K,23500.0,0.82,-0.8,,0.9
2025-09-22,45014K,30550.0,0.7,0.5,0.0,-0.9
2025-09-23,45014K,39700.0,0.78,-2.9,0.0,3.4
2025-09-24,45014K,39700.0,0.5,,,
2025-09-25,45014K,51600.0,0.5,2.4,-0.0,-3.6
2025-09-26,45014K,67000.0,0.74,-0.4,,1.0
2025-09-29,45014K,73000.0,0.71,-6.3,-0.0,6.1
2025-09-30,45014K,73000.0,0.4,,,
2025-10-01,45014K,52000.0,0.4,-4.7,,4.3
2025-10-02,45014K,44200.0,0.04,-0.6,,0.8
2025-10-10,45014K,45600.0,0.0,0.3,,-0.1
2025-10-13,45014K,41000.0,0.04,-0.4,,0.5
2025-10-14,45014K,42000.0,0.0,0.4,,-0.1
2025-10-15,45014K,39750.0,0.06,-0.5,,0.9
2025-10-16,45014K,51600.0,0.01,1.7,,-8.6
2025-10-17,45014K,54700.0,0.17,-2.0,,7.9
2025-10-20,45014K,47900.0,0.07,-1.0,,1.9
2025-10-21,45014K,49800.0,0.01,0.6,,-1.8
2025-10-22,45014K,47000.0,0.07,-0.8,,1.8
2025-10-23,45014K,44250.0,0.01,-0.1,,0.2
2025-10-24,45014K,42250.0,0.0,-0.0,,0.0
2025-10-27,45014K,41200.0,0.0,0.6,,-0.6
2025-10-28,45014K,41400.0,0.07,-0.7,-0.2,0.7
2025-10-29,45014K,39450.0,0.02,-0.1,,0.1
2025-10-30,45014K,35000.0,0.01,-0.0,,0.5
2025-10-31,45014K,30150.0,0.0,0.1,,0.3
2025-11-03,45014K,29500.0,0.01,0.8,,-0.8
2025-11-04,45014K,27800.0,0.12,-0.5,,0.3
2025-11-05,45014K,36100.0,0.08,4.9,-0.0,-5.2
2025-11-06,45014K,28950.0,0.67,-5.6,,4.7
2025-11-07,45014K,28900.0,0.07,5.1,,-4.7
2025-11-10,45014K,37550.0,0.85,1.2,,-3.4
2025-11-11,45014K,28850.0,0.95,-2.4,,4.5
2025-11-12,45014K,26750.0,0.63,-0.1,,0.1
2025-11-13,45014K,26450.0,0.6,,,0.1
2025-11-14,45014K,22050.0,0.6,,,-0.1
2025-11-17,45014K,21550.0,0.6,,,-0.0
2025-11-18,45014K,20150.0,0.6,,,-0.1
2025-11-19,45014K,18900.0,0.6,,,0.0
2025-11-20,45014K,18100.0,0.6,,,0.0
2025-11-21,45014K,15420.0,0.6,,,0.0
2025-11-24,45014K,14400.0,0.6,,,-0.0
2025-11-25,45014K,18720.0,0.6,0.0,,-0.1
2025-11-26,45014K,16720.0,0.61,-0.0,,0.1
2025-11-27,45014K,17480.0,0.6,,,0.1
2025-11-28,45014K,17500.0,0.6,0.0,-0.0,0.0
2025-12-01,45014K,16140.0,0.61,,-0.4,0.5
2025-12-02,45014K,17230.0,0.61,-0.0,,0.0
2025-12-03,45014K,16530.0,0.6,0.0,,-0.0
2025-12-04,45014K,16810.0,0.61,0.0,,-0.0
2025-12-05,45014K,21850.0,0.61,-0.2,,-2.4
2025-12-08,45014K,28400.0,0.58,0.9,,0.7
2025-12-09,45014K,19980.0,0.79,-3.5,,3.5
2025-12-10,45014K,17920.0,0.29,-1.7,,1.5
2025-12-11,45014K,16010.0,0.1,0.0,,-0.2
2025-12-12,45014K,12200.0,0.11,-0.0,,0.2
2025-12-15,45014K,12200.0,0.1,,,
2025-12-16,45014K,12200.0,0.1,,,
2025-12-17,45014K,12200.0,0.1,,,
2025-12-18,45014K,12200.0,0.1,,,
2025-12-19,45014K,12200.0,0.1,,,
2025-12-22,45014K,12200.0,0.1,,,
2025-12-23,45014K,12200.0,0.1,,,
2025-12-24,45014K,12200.0,0.1,,,
2025-12-26,45014K,12200.0,0.1,,,
2025-12-29,45014K,12200.0,0.1,,,
2025-12-30,45014K,12200.0,0.1,,,
2026-01-02,45014K,12200.0,0.1,,,
2026-01-05,45014K,12200.0,0.1,,,
2026-01-06,45014K,12200.0,0.1,,,
2026-01-30,45014K,,,,,
2026-02-27,45014K,,,,,
2026-03-31,45014K,,,,,
2026-04-30,45014K,,,,,
2026-05-29,45014K,,,,,
2026-06-30,45014K,,,,,
2026-07-13,45014K,,,,,
2025-07-14,450330,7940.0,2.35,-0.4,-0.1,0.5
2025-07-15,450330,8040.0,2.29,-0.2,-0.0,0.3
2025-07-16,450330,8100.0,2.25,0.1,0.0,-0.1
2025-07-17,450330,8460.0,2.27,0.4,0.0,-0.4
2025-07-18,450330,8200.0,2.33,-0.9,0.1,0.8
2025-07-21,450330,8180.0,2.19,-0.1,0.2,-0.1
2025-07-22,450330,8080.0,2.17,-0.7,0.3,0.4
2025-07-23,450330,8000.0,2.06,-0.4,0.0,0.4
2025-07-24,450330,7990.0,1.99,-0.3,0.0,0.3
2025-07-25,450330,8000.0,1.94,-0.1,-0.1,0.2
2025-07-28,450330,7860.0,1.93,0.5,0.0,-0.5
2025-07-29,450330,7730.0,2.01,-0.2,-0.0,0.2
2025-07-30,450330,7650.0,1.98,-0.0,0.0,0.0
2025-07-31,450330,7590.0,1.98,0.7,-0.0,-0.7
2025-08-01,450330,7370.0,2.1,-0.7,-0.0,0.8
2025-08-04,450330,7460.0,1.97,-0.0,-0.1,0.1
2025-08-05,450330,7600.0,1.96,0.0,,-0.0
2025-08-06,450330,7630.0,1.97,0.0,,-0.0
2025-08-07,450330,7710.0,1.97,0.1,-0.0,-0.0
2025-08-08,450330,7720.0,1.99,-0.0,,0.0
2025-08-11,450330,7680.0,1.98,-0.1,0.0,0.1
2025-08-12,450330,7580.0,1.97,0.1,,-0.0
2025-08-13,450330,7780.0,1.98,0.2,,-0.2
2025-08-14,450330,7780.0,2.01,0.0,,-0.0
2025-08-18,450330,7700.0,2.02,-0.1,0.0,0.1
2025-08-19,450330,7530.0,2.0,-0.4,,0.4
2025-08-20,450330,7120.0,1.93,-0.4,0.0,0.3
2025-08-21,450330,7110.0,1.86,0.2,-0.2,-0.0
2025-08-22,450330,6930.0,1.9,0.2,-0.1,-0.1
2025-08-25,450330,6840.0,1.85,0.5,-0.1,-0.6
2025-08-26,450330,6900.0,1.94,-0.3,,0.4
2025-08-27,450330,7100.0,1.88,-0.1,-0.5,0.6
2025-08-28,450330,7030.0,1.84,0.1,-0.0,-0.0
2025-08-29,450330,6960.0,1.86,-0.4,-0.0,0.4
2025-09-01,450330,6830.0,1.8,-0.0,-0.1,0.1
2025-09-02,450330,6870.0,1.79,0.2,-0.1,-0.2
2025-09-03,450330,6890.0,1.84,0.1,-0.1,-0.0
2025-09-04,450330,6900.0,1.85,0.1,-0.0,-0.1
2025-09-05,450330,6920.0,1.88,0.4,-0.1,-0.4
2025-09-08,450330,6920.0,1.96,-0.0,-0.1,0.2
2025-09-09,450330,7060.0,1.96,-0.0,0.0,0.0
2025-09-10,450330,7130.0,1.96,0.2,0.0,-0.2
2025-09-11,450330,7080.0,2.0,0.0,0.0,-0.0
2025-09-12,450330,7100.0,2.0,-0.0,-0.0,0.1
2025-09-15,450330,7020.0,2.0,0.1,,-0.1
2025-09-16,450330,7270.0,2.02,0.5,,-0.5
2025-09-17,450330,7130.0,2.1,-0.5,,0.5
2025-09-18,450330,7240.0,2.02,0.3,,-0.3
2025-09-19,450330,7280.0,2.07,-0.1,,0.1
2025-09-22,450330,7130.0,2.05,-0.2,0.0,0.2
2025-09-23,450330,7180.0,2.01,0.0,,-0.0
2025-09-24,450330,7080.0,2.01,-0.3,0.1,0.2
2025-09-25,450330,7070.0,1.97,0.1,-0.1,-0.0
2025-09-26,450330,6920.0,1.99,-0.5,,0.4
2025-09-29,450330,6920.0,1.91,0.4,-0.1,-0.4
2025-09-30,450330,6980.0,1.98,-0.2,-0.1,0.2
2025-10-01,450330,7150.0,1.96,0.2,,-0.2
2025-10-02,450330,7240.0,2.0,0.1,,-0.1
2025-10-10,450330,7090.0,2.02,-0.1,-0.5,0.5
2025-10-13,450330,7200.0,2.01,0.3,,-0.3
2025-10-14,450330,7040.0,2.05,-0.2,,0.2
2025-10-15,450330,7160.0,2.01,0.1,,-0.1
2025-10-16,450330,7160.0,2.03,0.1,,-0.1
2025-10-17,450330,6890.0,2.04,-0.4,,0.3
2025-10-20,450330,6970.0,1.96,-0.0,,0.1
2025-10-21,450330,6850.0,1.95,-0.0,,0.0
2025-10-22,450330,6810.0,1.94,-0.2,,0.2
2025-10-23,450330,6840.0,1.91,0.0,,-0.0
2025-10-24,450330,6950.0,1.91,-0.2,,0.2
2025-10-27,450330,6840.0,1.88,0.1,,-0.1
2025-10-28,450330,6880.0,1.9,0.1,,-0.1
2025-10-29,450330,6700.0,1.91,-0.5,-0.1,0.5
2025-10-30,450330,6590.0,1.83,-0.7,-0.0,0.7
2025-10-31,450330,6550.0,1.7,0.1,-0.0,-0.1
2025-11-03,450330,6620.0,1.72,0.3,-0.0,-0.3
2025-11-04,450330,6790.0,1.77,0.1,,-0.1
2025-11-05,450330,6400.0,1.8,-0.8,,0.8
2025-11-06,450330,6600.0,1.65,0.5,,-0.4
2025-11-07,450330,6390.0,1.74,2.3,-2.7,0.4
2025-11-10,450330,6520.0,2.18,0.5,,-0.5
2025-11-11,450330,6610.0,2.27,0.3,,-0.3
2025-11-12,450330,6750.0,2.32,0.7,-0.2,-0.5
2025-11-13,450330,6720.0,2.45,0.0,-0.3,0.2
2025-11-14,450330,6500.0,2.45,0.4,-0.6,0.0
2025-11-17,450330,6590.0,2.53,-0.2,-0.0,0.2
2025-11-18,450330,6360.0,2.49,-1.0,-0.0,0.9
2025-11-19,450330,6200.0,2.34,0.3,-0.5,0.1
2025-11-20,450330,6220.0,2.39,0.4,-0.3,-0.1
2025-11-21,450330,6050.0,2.47,0.1,-0.1,-0.0
2025-11-24,450330,5960.0,2.5,0.2,-0.0,-0.2
2025-11-25,450330,6960.0,2.53,-3.2,-0.4,4.1
2025-11-26,450330,6870.0,1.98,0.8,0.1,-0.7
2025-11-27,450330,6690.0,2.1,0.3,-0.0,-0.2
2025-11-28,450330,6890.0,2.15,2.0,-0.0,-1.9
2025-12-01,450330,6850.0,2.49,-0.1,0.0,0.0
2025-12-02,450330,6830.0,2.48,0.6,-0.4,-0.2
2025-12-03,450330,6940.0,2.59,0.3,0.0,-0.2
2025-12-04,450330,6920.0,2.64,-0.3,,0.3
2025-12-05,450330,7030.0,2.59,0.1,0.0,-0.1
2025-12-08,450330,6890.0,2.52,-0.5,-0.0,0.6
2025-12-09,450330,6860.0,2.35,0.6,-0.1,-0.5
2025-12-10,450330,6840.0,2.45,0.3,,-0.3
2025-12-11,450330,6850.0,2.51,0.4,-0.0,-0.4
2025-12-12,450330,6790.0,2.59,0.2,-0.3,0.1
2025-12-15,450330,6730.0,2.62,-0.3,,0.3
2025-12-16,450330,6500.0,2.56,0.4,-0.2,-0.2
2025-12-17,450330,6500.0,2.64,0.2,-0.1,-0.1
2025-12-18,450330,6400.0,2.67,0.0,-0.4,0.4
2025-12-19,450330,6480.0,2.68,0.1,-0.0,-0.0
2025-12-22,450330,6610.0,2.69,-1.0,,1.1
2025-12-23,450330,6500.0,2.5,-1.4,-0.2,1.6
2025-12-24,450330,6380.0,2.24,-0.4,,0.4
2025-12-26,450330,6300.0,2.16,-0.1,-0.3,0.3
2025-12-29,450330,6250.0,2.14,-0.1,-0.1,0.2
2025-12-30,450330,6270.0,2.12,-0.1,-0.0,0.1
2026-01-02,450330,6450.0,2.11,-0.0,-0.1,0.1
2026-01-05,450330,6360.0,2.11,-0.1,-0.1,0.2
2026-01-06,450330,6300.0,2.09,-0.4,-0.6,0.9
2026-01-07,450330,6110.0,2.02,-0.3,-0.1,0.4
2026-01-08,450330,6140.0,1.97,-0.4,-0.4,0.7
2026-01-09,450330,6020.0,1.89,-0.2,-0.0,0.2
2026-01-12,450330,6020.0,1.86,0.1,-0.0,-0.1
2026-01-13,450330,6040.0,1.87,-0.1,-0.0,0.1
2026-01-14,450330,5850.0,1.85,-0.3,-0.4,0.5
2026-01-15,450330,5810.0,1.8,0.1,-0.3,0.2
2026-01-16,450330,5760.0,1.82,-0.1,,0.1
2026-01-19,450330,5740.0,1.8,0.2,,-0.2
2026-01-20,450330,5740.0,1.84,0.5,-0.9,0.3
2026-01-21,450330,5560.0,1.95,-0.5,-0.5,0.9
2026-01-22,450330,5630.0,1.84,0.6,-0.2,-0.3
2026-01-23,450330,5790.0,1.97,0.8,-0.4,-0.3
2026-01-26,450330,6020.0,2.13,0.5,0.0,-0.5
2026-01-27,450330,6020.0,2.23,0.1,-0.1,-0.1
2026-01-28,450330,6030.0,2.25,0.1,,-0.0
2026-01-29,450330,6060.0,2.26,0.1,-0.1,-0.1
2026-01-30,450330,6050.0,2.29,-0.4,-0.1,0.4
2026-02-02,450330,5660.0,2.21,0.2,,-0.2
2026-02-03,450330,5830.0,2.25,0.1,-0.0,-0.1
2026-02-04,450330,5890.0,2.27,0.2,-0.3,0.1
2026-02-05,450330,5850.0,2.31,-0.2,,0.1
2026-02-06,450330,5810.0,2.27,-0.4,,0.4
2026-02-09,450330,6120.0,2.19,0.1,0.1,-0.1
2026-02-10,450330,6490.0,2.21,1.4,1.0,-2.2
2026-02-11,450330,6500.0,2.49,-0.5,1.2,-0.8
2026-02-12,450330,6500.0,2.4,-0.2,1.1,-0.9
2026-02-13,450330,6480.0,2.35,-1.4,2.5,-1.1
2026-02-19,450330,6670.0,2.08,0.1,2.6,-2.6
2026-02-20,450330,6870.0,2.1,-0.7,2.6,-1.9
2026-02-23,450330,7360.0,1.98,-0.5,0.3,0.1
2026-02-24,450330,7410.0,1.94,-1.0,2.9,-1.8
2026-02-25,450330,7300.0,1.76,-1.5,3.0,-1.5
2026-02-26,450330,7310.0,1.52,-1.3,2.7,-1.4
2026-02-27,450330,6980.0,1.3,1.2,,-1.3
2026-03-03,450330,6510.0,1.46,0.0,,-0.1
2026-03-04,450330,5770.0,1.47,-0.4,-0.0,0.4
2026-03-05,450330,6370.0,1.41,0.2,0.7,-0.8
2026-03-06,450330,6690.0,1.44,0.3,0.2,-0.5
2026-03-09,450330,6220.0,1.5,-0.2,-0.2,0.3
2026-03-10,450330,6300.0,1.47,-0.0,-0.2,0.1
2026-03-11,450330,6440.0,1.43,-0.1,0.6,-0.5
2026-03-12,450330,6310.0,1.42,-0.0,,0.0
2026-03-13,450330,6370.0,1.42,-0.1,,0.1
2026-03-16,450330,6220.0,1.41,-0.2,,0.2
2026-03-17,450330,6660.0,1.37,-2.9,,2.9
2026-03-18,450330,6450.0,0.95,-0.0,,-0.2
2026-03-19,450330,6340.0,0.94,-0.2,,0.2
2026-03-20,450330,6350.0,0.9,0.1,,0.2
2026-03-23,450330,5990.0,0.91,-0.0,,-0.0
2026-03-24,450330,6250.0,0.91,0.3,0.0,-0.3
2026-03-25,450330,6410.0,0.97,0.1,0.0,-0.1
2026-03-26,450330,6440.0,0.99,-0.3,0.7,-0.4
2026-03-27,450330,6700.0,0.94,0.1,0.7,-0.8
2026-03-30,450330,6820.0,0.97,0.4,0.2,-0.6
2026-03-31,450330,6610.0,1.03,-0.3,0.6,-0.2
2026-04-01,450330,6740.0,0.98,0.1,0.0,-0.1
2026-04-02,450330,6720.0,0.98,-0.2,0.3,-0.1
2026-04-03,450330,6830.0,0.95,-0.0,0.5,-0.4
2026-04-06,450330,6830.0,0.94,-0.2,0.5,-0.4
2026-04-07,450330,6740.0,0.91,-0.1,0.4,-0.3
2026-04-08,450330,6860.0,0.91,-0.1,0.5,-0.3
2026-04-09,450330,6750.0,0.89,-0.0,0.4,-0.3
2026-04-10,450330,6860.0,0.89,0.3,0.3,-0.5
2026-04-13,450330,6830.0,0.94,0.2,,-0.3
2026-04-14,450330,7070.0,0.99,-0.4,-0.2,0.8
2026-04-15,450330,6990.0,0.91,-0.0,-0.2,0.2
2026-04-16,450330,7540.0,0.9,0.5,-0.1,-0.7
2026-04-17,450330,7480.0,0.99,-1.5,-0.1,1.6
2026-04-20,450330,7470.0,0.75,-0.3,,0.3
2026-04-21,450330,7500.0,0.71,0.3,,-0.3
2026-04-22,450330,7510.0,0.76,0.2,-0.5,0.3
2026-04-23,450330,7490.0,0.8,0.3,0.8,-1.1
2026-04-24,450330,7430.0,0.85,0.6,0.3,-0.7
2026-04-27,450330,7460.0,0.94,0.6,-0.2,-0.5
2026-04-28,450330,7260.0,1.06,-0.3,0.4,-0.1
2026-04-29,450330,7250.0,0.99,0.2,,-0.2
2026-04-30,450330,7140.0,1.02,0.2,,-0.2
2026-05-04,450330,7060.0,1.06,-0.1,,0.1
2026-05-06,450330,7500.0,1.03,-2.4,0.0,2.3
2026-05-07,450330,7120.0,0.74,1.3,0.0,-1.5
2026-05-08,450330,7020.0,0.96,-0.6,-0.0,0.6
2026-05-11,450330,7000.0,0.86,0.4,0.0,-0.6
2026-05-12,450330,6720.0,0.93,0.0,0.0,-0.0
2026-05-13,450330,6740.0,0.93,0.6,-0.0,-0.7
2026-05-14,450330,7090.0,1.04,-0.3,0.0,0.3
2026-05-15,450330,7800.0,0.98,3.1,-0.0,-3.0
2026-05-18,450330,7280.0,1.47,-1.1,0.0,1.4
2026-05-19,450330,6980.0,1.32,0.3,-0.0,-0.3
2026-05-20,450330,6670.0,1.37,0.2,0.0,-0.2
2026-05-21,450330,6310.0,1.4,-0.8,-0.2,1.1
2026-05-22,450330,6440.0,1.25,0.5,-0.2,-0.3
2026-05-26,450330,6290.0,1.32,-0.5,-0.0,0.5
2026-05-27,450330,6050.0,1.18,-0.0,-0.0,-0.0
2026-05-28,450330,6050.0,1.18,0.5,-0.0,-0.6
2026-05-29,450330,5900.0,1.29,-0.1,,0.5
2026-06-01,450330,5510.0,1.27,-0.4,0.0,0.3
2026-06-02,450330,5520.0,1.19,0.5,-0.0,-0.6
2026-06-04,450330,5650.0,1.32,-0.1,0.0,0.1
2026-06-05,450330,5100.0,1.29,0.3,0.0,-0.3
2026-06-08,450330,4820.0,1.36,0.1,-0.0,-0.1
2026-06-09,450330,5110.0,1.38,-0.1,-0.0,0.1
2026-06-10,450330,5000.0,1.37,-0.1,,0.1
2026-06-11,450330,4955.0,1.35,0.2,0.0,-0.4
2026-06-12,450330,5130.0,1.39,0.0,0.0,-0.0
2026-06-15,450330,5520.0,1.39,-0.9,-0.0,0.9
2026-06-16,450330,5490.0,1.19,-0.1,-0.0,0.0
2026-06-17,450330,5560.0,1.19,0.1,0.0,0.1
2026-06-18,450330,5500.0,1.23,-0.1,0.0,0.1
2026-06-19,450330,5390.0,1.21,-0.2,-0.0,0.3
2026-06-22,450330,5160.0,1.16,-0.1,-0.0,0.0
2026-06-23,450330,4820.0,1.16,0.0,0.0,-0.0
2026-06-24,450330,4730.0,1.17,-0.0,-0.0,0.0
2026-06-25,450330,4875.0,1.17,-0.2,-0.0,0.2
2026-06-26,450330,4725.0,1.13,0.0,0.0,-0.0
2026-06-29,450330,4985.0,1.13,0.2,-0.0,-0.2
2026-06-30,450330,5240.0,1.18,-0.1,-0.0,0.1
2026-07-01,450330,5260.0,1.14,-0.2,,0.2
2026-07-02,450330,5220.0,1.1,-0.1,-0.0,0.1
2026-07-03,450330,5250.0,1.09,-0.0,,0.0
2026-07-06,450330,5150.0,1.08,-0.1,0.0,0.0
2026-07-07,450330,5040.0,1.07,-0.0,-0.0,0.0
2026-07-08,450330,4935.0,1.06,0.2,-0.0,-0.2
2026-07-09,450330,4770.0,1.11,0.0,0.0,-0.0
2026-07-10,450330,4775.0,1.12,-0.0,-0.0,0.0
2026-07-13,450330,4495.0,1.12,-0.0,0.0,0.0
2025-07-14,450520,4220.0,2.09,-0.8,,0.6
2025-07-15,450520,4210.0,1.97,0.4,,-0.4
2025-07-16,450520,4255.0,2.03,0.2,,-0.1
2025-07-17,450520,4285.0,2.06,-0.2,0.0,0.2
2025-07-18,450520,4225.0,2.02,-0.2,,0.2
2025-07-21,450520,4205.0,2.04,-0.2,0.0,0.1
2025-07-22,450520,4200.0,2.0,0.3,0.1,-0.4
2025-07-23,450520,4130.0,2.06,-0.3,,0.3
2025-07-24,450520,4075.0,2.0,-0.1,0.3,-0.2
2025-07-25,450520,4015.0,1.99,0.4,,-0.4
2025-07-28,450520,4000.0,2.06,-0.3,0.0,0.3
2025-07-29,450520,3980.0,2.0,0.1,,-0.1
2025-07-30,450520,3960.0,2.01,-0.0,0.0,-0.0
2025-07-31,450520,3920.0,2.01,-0.0,0.0,-0.0
2025-08-01,450520,3800.0,2.01,-0.2,,0.2
2025-08-04,450520,3870.0,1.98,-0.9,,0.9
2025-08-05,450520,3890.0,1.85,0.1,,-0.1
2025-08-06,450520,3900.0,1.86,-0.0,,0.0
2025-08-07,450520,3880.0,1.86,0.6,0.0,-0.6
2025-08-08,450520,3915.0,2.06,0.1,,-0.0
2025-08-11,450520,3875.0,2.07,-0.2,0.1,0.1
2025-08-12,450520,3985.0,2.03,-1.2,,1.1
2025-08-13,450520,3990.0,1.85,0.3,,-0.2
2025-08-14,450520,4085.0,1.9,-1.2,,1.8
2025-08-18,450520,4085.0,1.79,0.1,,-0.1
2025-08-19,450520,3995.0,1.82,0.0,,-0.0
2025-08-20,450520,3845.0,1.81,-0.5,0.1,0.4
2025-08-21,450520,3800.0,1.73,-0.1,,0.1
2025-08-22,450520,3850.0,1.72,-1.0,,1.0
2025-08-25,450520,4035.0,1.55,-2.1,,1.9
2025-08-26,450520,4005.0,1.25,2.1,,-1.9
2025-08-27,450520,3960.0,1.61,0.3,,-0.3
2025-08-28,450520,3960.0,1.65,-0.0,,0.0
2025-08-29,450520,3940.0,1.65,0.1,,-0.1
2025-09-01,450520,3830.0,1.66,-0.4,,0.4
2025-09-02,450520,3890.0,1.58,0.1,,-0.1
2025-09-03,450520,3965.0,1.59,0.5,,-0.5
2025-09-04,450520,3990.0,1.68,0.6,,-0.6
2025-09-05,450520,4125.0,1.78,2.3,,-2.3
2025-09-08,450520,4060.0,2.16,0.1,,-0.1
2025-09-09,450520,4075.0,2.18,0.0,0.0,-0.0
2025-09-10,450520,4085.0,2.18,0.8,,-0.8
2025-09-11,450520,4095.0,2.31,0.0,,0.0
2025-09-12,450520,4130.0,2.31,0.7,,-0.7
2025-09-15,450520,4055.0,2.43,-0.2,,0.2
2025-09-16,450520,4060.0,2.39,0.1,0.0,-0.1
2025-09-17,450520,4025.0,2.41,-0.2,,0.2
2025-09-18,450520,4105.0,2.37,0.7,,-0.5
2025-09-19,450520,4150.0,2.48,0.6,,-0.6
2025-09-22,450520,4090.0,2.58,-0.4,0.0,0.5
2025-09-23,450520,4095.0,2.51,-6.6,,6.5
2025-09-24,450520,4130.0,1.51,2.0,,-2.6
2025-09-25,450520,4030.0,1.85,2.1,,-2.1
2025-09-26,450520,3875.0,2.2,-1.2,,1.3
2025-09-29,450520,3955.0,1.99,0.1,,-0.1
2025-09-30,450520,3840.0,2.0,-1.0,,1.1
2025-10-01,450520,3800.0,1.82,-0.1,,0.1
2025-10-02,450520,3855.0,1.8,0.1,,-0.1
2025-10-10,450520,3820.0,1.82,0.0,,-0.0
2025-10-13,450520,3760.0,1.82,0.1,,-0.2
2025-10-14,450520,3860.0,1.85,-0.2,,0.1
2025-10-15,450520,3900.0,1.82,0.2,,-0.1
2025-10-16,450520,3825.0,1.86,-0.3,,0.3
2025-10-17,450520,3870.0,1.81,-0.6,,0.6
2025-10-20,450520,3890.0,1.71,0.0,,-0.0
2025-10-21,450520,3855.0,1.71,0.2,,-0.2
2025-10-22,450520,3795.0,1.74,0.3,,-0.3
2025-10-23,450520,3825.0,1.81,-0.0,,0.0
2025-10-24,450520,3805.0,1.81,0.0,,-0.0
2025-10-27,450520,3840.0,1.81,0.2,,-0.2
2025-10-28,450520,3800.0,1.84,-0.1,,0.0
2025-10-29,450520,3800.0,1.83,-0.1,,0.1
2025-10-30,450520,3720.0,1.81,-1.1,,1.1
2025-10-31,450520,3660.0,1.6,0.0,,-0.0
2025-11-03,450520,3710.0,1.61,0.4,,-0.4
2025-11-04,450520,3785.0,1.67,-0.1,,-0.1
2025-11-05,450520,3685.0,1.66,-0.3,,0.3
2025-11-06,450520,3690.0,1.6,0.6,,-0.6
2025-11-07,450520,3680.0,1.71,0.3,,-0.3
2025-11-10,450520,3710.0,1.77,0.2,,-0.2
2025-11-11,450520,3705.0,1.8,-0.2,,0.2
2025-11-12,450520,3740.0,1.77,0.3,,-0.3
2025-11-13,450520,3750.0,1.83,0.0,,-0.3
2025-11-14,450520,3720.0,1.84,-0.3,,0.2
2025-11-17,450520,3670.0,1.79,0.0,,-0.2
2025-11-18,450520,3595.0,1.8,-0.1,,0.1
2025-11-19,450520,3580.0,1.77,-0.1,,0.0
2025-11-20,450520,3680.0,1.76,0.5,,-0.5
2025-11-21,450520,3695.0,1.86,-0.2,,0.2
2025-11-24,450520,3625.0,1.82,-0.2,,0.2
2025-11-25,450520,3590.0,1.78,-0.6,,0.6
2025-11-26,450520,3610.0,1.68,-0.1,,0.1
2025-11-27,450520,3590.0,1.66,-0.2,,0.2
2025-11-28,450520,3600.0,1.61,0.3,0.2,-0.5
2025-12-01,450520,3570.0,1.68,0.1,,-0.1
2025-12-02,450520,3560.0,1.69,0.0,,-0.0
2025-12-03,450520,3490.0,1.68,-0.0,,0.0
2025-12-04,450520,3450.0,1.68,-0.2,,0.2
2025-12-05,450520,3520.0,1.64,0.3,,-0.3
2025-12-08,450520,3490.0,1.7,0.2,,-0.2
2025-12-09,450520,3515.0,1.74,-0.0,,0.0
2025-12-10,450520,3480.0,1.74,0.0,,-0.0
2025-12-11,450520,3510.0,1.74,0.3,,-0.4
2025-12-12,450520,3505.0,1.81,0.1,,-0.1
2025-12-15,450520,3505.0,1.83,0.1,,-0.1
2025-12-16,450520,3435.0,1.86,-0.2,,0.2
2025-12-17,450520,3390.0,1.81,-0.0,,0.0
2025-12-18,450520,3380.0,1.81,0.1,,-0.1
2025-12-19,450520,3345.0,1.82,0.1,,-0.1
2025-12-22,450520,3450.0,1.85,-0.2,,0.2
2025-12-23,450520,3390.0,1.83,-0.3,,0.3
2025-12-24,450520,3420.0,1.78,0.3,,-0.3
2025-12-26,450520,3355.0,1.84,-0.1,,0.1
2025-12-29,450520,3370.0,1.77,-0.0,,0.0
2025-12-30,450520,3325.0,1.77,-0.1,,0.1
2026-01-02,450520,3345.0,1.74,0.1,,-0.1
2026-01-05,450520,3355.0,1.76,0.0,,-0.1
2026-01-06,450520,3390.0,1.77,-0.0,,-0.1
2026-01-07,450520,3390.0,1.76,-0.1,,0.1
2026-01-08,450520,3250.0,1.75,0.0,,-0.0
2026-01-09,450520,3530.0,1.76,-0.7,,1.1
2026-01-12,450520,3415.0,1.66,-1.1,,1.0
2026-01-13,450520,3375.0,1.42,0.2,,-0.2
2026-01-14,450520,3345.0,1.46,0.4,,-0.4
2026-01-15,450520,3270.0,1.53,0.2,,-0.2
2026-01-16,450520,3320.0,1.57,0.3,,-0.3
2026-01-19,450520,3505.0,1.62,2.8,-0.0,-2.6
2026-01-20,450520,3520.0,2.21,0.7,0.0,-0.6
2026-01-21,450520,3465.0,2.36,-0.2,0.0,0.2
2026-01-22,450520,3430.0,2.32,-0.0,0.0,0.0
2026-01-23,450520,3550.0,2.32,1.0,0.0,-1.0
2026-01-26,450520,3590.0,2.51,0.6,0.0,-0.6
2026-01-27,450520,3675.0,2.62,0.4,0.0,-0.4
2026-01-28,450520,3665.0,2.69,-1.2,0.0,1.2
2026-01-29,450520,3630.0,2.46,-0.3,0.0,0.3
2026-01-30,450520,3565.0,2.41,-0.4,0.0,0.4
2026-02-02,450520,3425.0,2.33,-0.6,0.0,0.6
2026-02-03,450520,3480.0,2.21,-0.6,0.0,0.2
2026-02-04,450520,3450.0,2.08,-0.0,0.0,-0.1
2026-02-05,450520,3460.0,2.08,-0.0,0.0,-0.3
2026-02-06,450520,3350.0,2.07,-0.4,0.0,0.4
2026-02-09,450520,3385.0,1.98,0.2,0.0,-0.2
2026-02-10,450520,3525.0,2.03,0.7,0.0,-0.7
2026-02-11,450520,3510.0,2.17,0.2,0.0,-0.3
2026-02-12,450520,3505.0,2.22,0.0,0.0,-0.2
2026-02-13,450520,3405.0,2.22,-0.6,0.0,0.6
2026-02-19,450520,3370.0,2.12,-0.3,0.0,0.3
2026-02-20,450520,3315.0,1.94,-0.4,0.0,-0.1
2026-02-23,450520,3235.0,1.85,1.2,-0.3,-1.1
2026-02-24,450520,3180.0,2.16,-0.3,-0.3,1.2
2026-02-25,450520,3145.0,2.14,-0.8,,0.8
2026-02-26,450520,3080.0,1.96,0.2,,-0.2
2026-02-27,450520,2965.0,2.03,-0.2,,0.2
2026-03-03,450520,2860.0,2.01,-0.8,,0.8
2026-03-04,450520,2565.0,1.81,0.8,,-0.8
2026-03-05,450520,2780.0,2.05,0.9,,-0.9
2026-03-06,450520,2805.0,2.27,0.7,,-0.7
2026-03-09,450520,2595.0,2.43,-0.0,,0.0
2026-03-10,450520,2690.0,2.39,0.4,,-0.4
2026-03-11,450520,2730.0,2.5,0.1,,-0.1
2026-03-12,450520,2770.0,2.51,-0.0,,0.1
2026-03-13,450520,2780.0,2.5,0.1,,-0.1
2026-03-16,450520,2820.0,2.52,-0.7,,0.7
2026-03-17,450520,2840.0,2.36,-0.0,,-0.0
2026-03-18,450520,2830.0,2.36,-0.1,,0.1
2026-03-19,450520,2900.0,2.33,-0.0,,0.1
2026-03-20,450520,2955.0,2.32,-0.1,,0.1
2026-03-23,450520,2820.0,2.29,0.1,,-0.1
2026-03-24,450520,2970.0,2.31,0.3,,-0.3
2026-03-25,450520,3000.0,2.38,-0.1,,0.1
2026-03-26,450520,3035.0,2.36,-0.7,,0.7
2026-03-27,450520,3110.0,2.21,0.1,,-0.1
2026-03-30,450520,3145.0,2.24,-0.1,,0.1
2026-03-31,450520,3025.0,2.22,-0.3,,0.3
2026-04-01,450520,3130.0,2.16,0.1,,-0.1
2026-04-02,450520,3030.0,2.19,-0.1,,0.2
2026-04-03,450520,2990.0,2.16,-0.2,,0.2
2026-04-06,450520,2980.0,2.12,0.3,,-0.3
2026-04-07,450520,2960.0,2.19,-0.0,,0.0
2026-04-08,450520,2995.0,2.18,0.4,,-0.4
2026-04-09,450520,2980.0,2.27,-0.1,,0.0
2026-04-10,450520,3005.0,2.25,0.1,,-0.1
2026-04-13,450520,3000.0,2.22,-0.1,,0.1
2026-04-14,450520,3020.0,2.17,0.1,,-0.1
2026-04-15,450520,3185.0,2.22,0.4,,-0.4
2026-04-16,450520,3220.0,2.23,0.0,,-0.0
2026-04-17,450520,3210.0,2.23,-0.0,,0.0
2026-04-20,450520,3260.0,2.19,0.0,,-0.0
2026-04-21,450520,3270.0,2.19,-0.4,,0.4
2026-04-22,450520,3340.0,2.11,0.3,-0.0,-0.3
2026-04-23,450520,3290.0,2.18,-0.3,,0.3
2026-04-24,450520,3260.0,2.12,0.0,,0.0
2026-04-27,450520,3260.0,2.12,0.1,,-0.1
2026-04-28,450520,3240.0,2.14,0.1,,-0.1
2026-04-29,450520,3295.0,2.08,0.0,,-0.1
2026-04-30,450520,3225.0,2.07,-0.2,,0.2
2026-05-04,450520,3135.0,2.04,-0.9,,0.9
2026-05-06,450520,3200.0,1.85,-2.3,-0.0,3.9
2026-05-07,450520,3230.0,1.48,1.0,-0.0,-1.2
2026-05-08,450520,3140.0,1.7,-0.3,-0.0,0.4
2026-05-11,450520,3060.0,1.64,1.0,0.0,-1.1
2026-05-12,450520,2925.0,1.86,0.7,-0.0,-0.6
2026-05-13,450520,2990.0,2.33,-0.5,-0.0,0.6
2026-05-14,450520,2925.0,2.21,-0.3,0.0,0.3
2026-05-15,450520,2835.0,2.15,-0.4,0.0,0.4
2026-05-18,450520,2675.0,2.05,0.7,0.0,-0.6
2026-05-19,450520,2820.0,2.22,-0.0,-0.0,0.0
2026-05-20,450520,2685.0,2.25,-0.3,-0.0,0.3
2026-05-21,450520,2750.0,2.18,-0.2,-0.0,0.2
2026-05-22,450520,2805.0,2.13,-0.1,-0.0,0.1
2026-05-26,450520,2765.0,2.11,-0.2,,0.1
2026-05-27,450520,2600.0,2.05,0.0,0.0,-0.1
2026-05-28,450520,2505.0,2.06,0.0,0.0,-0.2
2026-05-29,450520,2425.0,2.07,-0.1,-0.0,-0.2
2026-06-01,450520,2390.0,2.05,0.4,0.0,-0.6
2026-06-02,450520,2410.0,2.17,-0.8,-0.0,0.8
2026-06-04,450520,2335.0,2.04,0.3,-0.0,-0.3
2026-06-05,450520,2335.0,2.13,0.2,-0.0,-0.2
2026-06-08,450520,2080.0,2.18,0.2,-0.0,-0.2
2026-06-09,450520,2130.0,2.15,0.3,0.0,-0.3
2026-06-10,450520,2085.0,2.25,-0.1,0.0,0.0
2026-06-11,450520,2155.0,2.22,-0.0,-0.0,-0.0
2026-06-12,450520,2240.0,2.22,-0.0,-0.0,-0.0
2026-06-15,450520,2180.0,2.21,-0.0,0.0,-0.0
2026-06-16,450520,2275.0,2.21,-0.0,-0.0,-0.0
2026-06-17,450520,2285.0,2.2,-0.2,0.0,0.1
2026-06-18,450520,2205.0,2.15,0.0,-0.0,-0.0
2026-06-19,450520,2055.0,2.16,-0.2,-0.0,0.2
2026-06-22,450520,2040.0,2.11,0.1,-0.0,-0.1
2026-06-23,450520,1950.0,2.12,-0.2,0.0,0.2
2026-06-24,450520,1870.0,2.04,0.1,-0.0,-0.1
2026-06-25,450520,1824.0,2.05,0.1,-0.0,-0.1
2026-06-26,450520,1719.0,2.08,0.2,0.0,-0.2
2026-06-29,450520,1902.0,2.17,0.2,-0.0,-0.2
2026-06-30,450520,1914.0,2.24,0.0,-0.0,-0.0
2026-07-01,450520,1863.0,2.24,0.0,0.0,-0.0
2026-07-02,450520,1752.0,2.26,-0.0,-0.0,0.0
2026-07-03,450520,1851.0,2.26,0.0,-0.0,-0.0
2026-07-06,450520,1823.0,2.27,-0.0,-0.0,0.0
2026-07-07,450520,1795.0,2.27,0.1,0.0,-0.1
2026-07-08,450520,1775.0,2.29,-0.0,,0.0
2026-07-09,450520,1740.0,2.28,0.1,-0.0,-0.1
2026-07-10,450520,1711.0,2.3,0.0,0.0,-0.0
2026-07-13,450520,1715.0,2.31,0.1,-0.0,-0.0
2025-07-14,450940,2050.0,0.01,0.0,0.0,-0.0
2025-07-15,450940,2040.0,0.01,0.0,-0.2,0.2
2025-07-16,450940,2055.0,0.01,0.0,-0.1,0.1
2025-07-17,450940,2050.0,0.01,-0.0,-0.1,0.1
2025-07-18,450940,2060.0,0.01,-0.0,0.0,0.0
2025-07-21,450940,2065.0,0.01,0.0,0.1,-0.0
2025-07-22,450940,2060.0,0.01,0.0,0.0,-0.0
2025-07-23,450940,2065.0,0.01,-0.0,0.0,0.0
2025-07-24,450940,2065.0,0.01,0.0,0.0,0.0
2025-07-25,450940,2070.0,0.01,0.0,0.2,-0.2
2025-07-28,450940,2070.0,0.01,-0.0,0.0,0.0
2025-07-29,450940,2070.0,0.01,,0.0,0.0
2025-07-30,450940,2075.0,0.01,,0.0,0.0
2025-07-31,450940,2075.0,0.01,,0.0,-0.0
2025-08-01,450940,2075.0,0.01,-0.0,0.0,0.0
2025-08-04,450940,2075.0,0.01,-0.0,0.0,0.0
2025-08-05,450940,2070.0,0.01,-0.0,-0.0,0.0
2025-08-06,450940,2065.0,0.0,,0.0,0.0
2025-08-07,450940,2065.0,0.0,-0.0,0.0,-0.0
2025-08-08,450940,2060.0,0.0,0.0,0.0,-0.0
2025-08-11,450940,2065.0,0.0,0.0,0.0,-0.0
2025-08-12,450940,2060.0,0.0,-0.0,0.2,-0.2
2025-08-13,450940,2060.0,0.0,0.0,0.2,-0.2
2025-08-14,450940,2060.0,0.0,0.0,0.1,-0.1
2025-08-18,450940,2060.0,0.0,0.0,0.0,-0.0
2025-08-19,450940,2050.0,0.0,-0.0,0.0,0.0
2025-08-20,450940,2055.0,0.0,0.0,0.3,-0.1
2025-08-21,450940,2065.0,0.0,,0.0,-0.0
2025-08-22,450940,2065.0,0.0,,0.0,-0.0
2025-08-25,450940,2060.0,0.0,,0.1,-0.1
2025-08-26,450940,2055.0,0.0,,0.0,0.0
2025-08-27,450940,2050.0,0.0,,0.0,0.0
2025-08-28,450940,2050.0,0.0,,0.0,0.0
2025-08-29,450940,2055.0,0.0,,0.0,-0.0
2025-09-01,450940,2055.0,0.0,,0.0,0.0
2025-09-02,450940,2055.0,0.0,0.0,0.0,0.0
2025-09-03,450940,2060.0,0.0,,-0.0,0.0
2025-09-04,450940,2060.0,0.0,,0.0,-0.0
2025-09-05,450940,2070.0,0.0,,0.0,0.0
2025-09-08,450940,2075.0,0.0,,0.0,-0.5
2025-09-09,450940,2070.0,0.0,0.0,-0.0,0.0
2025-09-10,450940,2070.0,0.0,,-0.0,0.0
2025-09-11,450940,2075.0,0.0,0.0,-0.0,0.0
2025-09-12,450940,2075.0,0.0,0.0,-0.0,0.0
2025-09-15,450940,2080.0,0.0,0.0,-0.0,0.0
2025-09-16,450940,2080.0,0.0,0.0,0.1,-0.1
2025-09-17,450940,2085.0,0.0,0.0,0.0,-0.0
2025-09-18,450940,2080.0,0.0,0.0,0.0,-0.0
2025-09-19,450940,2075.0,0.0,0.0,0.0,-0.0
2025-09-22,450940,2080.0,0.02,0.0,0.1,-0.2
2025-09-23,450940,2080.0,0.04,0.0,-0.0,-0.0
2025-09-24,450940,2085.0,0.09,0.0,0.0,-0.1
2025-09-25,450940,2082.0,0.11,0.0,0.1,-0.1
2025-09-26,450940,2085.0,0.11,0.0,-0.0,0.0
2025-09-29,450940,2085.0,0.11,0.0,0.1,-0.1
2025-09-30,450940,2090.0,0.12,0.0,-0.0,0.0
2025-10-01,450940,2085.0,0.12,0.0,-0.0,0.0
2025-10-02,450940,2085.0,0.12,-0.0,0.4,-0.4
2025-10-10,450940,2080.0,0.12,0.0,0.0,-0.0
2025-10-13,450940,2085.0,0.12,0.0,0.2,-0.2
2025-10-14,450940,2090.0,0.12,0.0,0.0,-0.0
2025-10-15,450940,2090.0,0.13,0.0,0.0,0.0
2025-10-16,450940,2090.0,0.13,-0.0,0.1,-0.1
2025-10-17,450940,2090.0,0.12,-0.0,0.0,0.0
2025-10-20,450940,2090.0,0.12,-0.0,0.0,0.0
2025-10-21,450940,2085.0,0.12,-0.0,0.0,-0.0
2025-10-22,450940,2095.0,0.12,0.0,0.0,-0.0
2025-10-23,450940,2095.0,0.12,0.0,0.0,-0.0
2025-10-24,450940,2090.0,0.12,0.0,0.0,0.0
2025-10-27,450940,2090.0,0.12,0.0,-0.0,0.0
2025-10-28,450940,2090.0,0.12,0.0,0.0,-0.0
2025-10-29,450940,2095.0,0.12,-0.0,0.0,-0.0
2025-10-30,450940,2095.0,0.12,-0.0,0.0,0.0
2025-10-31,450940,2095.0,0.12,-0.0,0.0,-0.0
2025-11-03,450940,2090.0,0.12,0.0,0.0,0.0
2025-11-04,450940,2100.0,0.12,0.0,0.0,0.0
2025-11-05,450940,2100.0,0.12,0.0,0.0,0.0
2025-11-06,450940,2095.0,0.12,0.0,0.0,0.0
2025-11-07,450940,2095.0,0.12,-0.0,0.0,0.0
2025-11-10,450940,2100.0,0.12,-0.0,0.0,0.0
2025-11-11,450940,2100.0,0.12,0.0,0.0,0.0
2025-11-12,450940,2100.0,0.12,-0.0,0.0,0.0
2025-11-13,450940,2090.0,0.12,-0.0,0.0,0.0
2025-11-14,450940,2085.0,0.12,-0.0,-0.3,0.3
2025-11-17,450940,2090.0,0.12,-0.0,-0.0,0.0
2025-11-18,450940,2095.0,0.12,-0.0,0.2,-0.2
2025-11-19,450940,2095.0,0.12,0.0,0.0,0.0
2025-11-20,450940,2095.0,0.12,-0.0,0.1,-0.1
2025-11-21,450940,2100.0,0.12,0.0,0.0,-0.0
2025-11-24,450940,2095.0,0.12,0.0,0.1,-0.1
2025-11-25,450940,2095.0,0.12,-0.0,0.1,-0.1
2025-11-26,450940,2100.0,0.12,-0.0,0.0,0.0
2025-11-27,450940,2095.0,0.12,0.0,0.0,-0.0
2025-11-28,450940,2097.0,0.12,0.0,0.0,0.0
2025-12-01,450940,2095.0,0.12,0.0,0.0,0.0
2025-12-02,450940,2095.0,0.12,0.0,0.0,-0.0
2025-12-03,450940,2095.0,0.13,0.0,0.0,-0.0
2025-12-04,450940,2095.0,0.13,0.0,-0.0,0.0
2025-12-05,450940,2095.0,0.13,0.0,-0.2,0.2
2025-12-08,450940,2100.0,0.13,0.0,0.0,0.0
2025-12-09,450940,2100.0,0.13,0.0,0.0,0.0
2025-12-10,450940,2095.0,0.13,-0.0,0.0,0.0
2025-12-11,450940,2095.0,0.12,0.0,0.0,-0.0
2025-12-12,450940,2095.0,0.18,,0.0,0.0
2025-12-15,450940,2100.0,0.18,0.0,0.0,-0.0
2025-12-16,450940,2095.0,0.19,0.0,0.3,-0.4
2025-12-17,450940,2095.0,0.21,0.0,0.0,-0.0
2025-12-18,450940,2095.0,0.23,0.0,0.0,-0.0
2025-12-19,450940,2100.0,0.25,0.0,0.0,-0.0
2025-12-22,450940,2100.0,0.25,0.0,0.0,0.0
2025-12-23,450940,2095.0,0.25,0.0,0.0,0.0
2025-12-24,450940,2092.0,0.25,-0.0,0.0,0.0
2025-12-26,450940,2095.0,0.25,0.0,0.0,-0.0
2025-12-29,450940,2090.0,0.25,-0.0,0.0,-0.0
2025-12-30,450940,2095.0,0.24,0.0,0.0,-0.0
2026-01-02,450940,2095.0,0.24,0.0,0.5,-0.5
2026-01-05,450940,2090.0,0.24,0.0,0.0,-0.0
2026-01-06,450940,2092.0,0.24,0.0,0.0,0.0
2026-01-07,450940,2100.0,0.24,0.0,0.0,-0.0
2026-01-08,450940,2095.0,0.24,0.0,0.0,0.0
2026-01-09,450940,2095.0,0.24,0.0,0.1,-0.1
2026-01-12,450940,2095.0,0.24,0.0,0.0,-0.0
2026-01-13,450940,2090.0,0.24,0.0,-0.1,0.7
2026-01-14,450940,2090.0,0.24,0.0,0.1,-0.1
2026-01-15,450940,2095.0,0.24,0.0,0.1,-0.1
2026-01-16,450940,2095.0,0.24,0.0,0.2,-0.2
2026-01-19,450940,2095.0,0.24,0.0,0.0,0.0
2026-01-20,450940,2100.0,0.24,0.0,0.0,-0.2
2026-01-21,450940,2095.0,0.24,0.0,-1.4,0.4
2026-01-22,450940,2095.0,0.24,0.0,0.0,-0.2
2026-01-23,450940,2100.0,0.24,0.0,0.0,-0.0
2026-01-26,450940,2105.0,0.24,0.0,0.1,-0.1
2026-01-27,450940,2105.0,0.24,0.0,1.2,-1.1
2026-01-28,450940,2105.0,0.25,0.0,0.0,0.0
2026-01-29,450940,2115.0,0.25,0.0,0.2,-1.3
2026-01-30,450940,2115.0,0.25,0.0,0.4,-0.5
2026-02-02,450940,2115.0,0.25,-0.0,0.0,-0.9
2026-02-03,450940,2110.0,0.25,-0.0,0.0,0.0
2026-02-04,450940,2115.0,0.25,0.0,-0.9,0.1
2026-02-05,450940,2117.0,0.25,0.0,0.7,-0.7
2026-02-06,450940,2125.0,0.25,0.0,0.0,-0.0
2026-02-09,450940,2125.0,0.25,0.0,0.8,-0.8
2026-02-10,450940,2130.0,0.25,-0.2,0.4,-0.2
2026-02-11,450940,2120.0,0.01,0.0,1.2,-1.2
2026-02-12,450940,2120.0,0.03,-0.0,0.0,-0.0
2026-02-13,450940,2125.0,0.03,0.0,0.0,-0.0
2026-02-19,450940,2120.0,0.03,-0.0,0.1,-0.1
2026-02-20,450940,2120.0,0.01,,,
2026-02-23,450940,2120.0,0.01,-0.0,1.5,-1.8
2026-02-24,450940,2115.0,0.0,,0.0,-0.0
2026-02-25,450940,2110.0,0.0,,1.9,-1.9
2026-02-26,450940,2115.0,0.0,,-0.1,0.5
2026-02-27,450940,2115.0,0.0,,0.5,-0.5
2026-03-03,450940,2115.0,0.0,,1.8,-1.8
2026-03-04,450940,2115.0,0.0,,2.7,-2.7
2026-03-31,450940,,,,,
2026-04-30,450940,,,,,
2026-05-29,450940,,,,,
2026-06-30,450940,,,,,
2026-07-13,450940,,,,,
2025-07-14,450950,12060.0,3.84,2.4,1.9,-3.2
2025-07-15,450950,12200.0,3.98,-1.5,-0.0,1.3
2025-07-16,450950,12090.0,3.93,-1.8,0.3,1.7
2025-07-17,450950,11340.0,3.95,-6.0,-2.5,8.1
2025-07-18,450950,11370.0,3.8,-3.2,-0.3,2.4
2025-07-21,450950,11380.0,3.72,-3.4,0.0,2.4
2025-07-22,450950,11020.0,3.65,-5.6,-0.9,4.3
2025-07-23,450950,10600.0,3.48,1.2,-1.6,3.5
2025-07-24,450950,10740.0,3.49,-3.5,0.3,1.9
2025-07-25,450950,10960.0,3.36,-1.6,0.1,1.0
2025-07-28,450950,10410.0,3.32,-3.8,-1.9,5.0
2025-07-29,450950,10660.0,3.17,-1.3,-0.6,1.9
2025-07-30,450950,10420.0,3.14,-1.6,-0.3,1.9
2025-07-31,450950,10630.0,3.1,-0.9,1.3,-0.4
2025-08-01,450950,10170.0,3.13,12.3,-23.8,10.5
2025-08-04,450950,10100.0,3.42,-0.4,0.3,0.2
2025-08-05,450950,10170.0,3.42,-0.4,0.1,-0.1
2025-08-06,450950,10270.0,3.44,-0.2,-0.7,0.9
2025-08-07,450950,10270.0,3.45,-2.3,-1.5,4.0
2025-08-08,450950,10260.0,3.39,-1.8,-0.2,1.6
2025-08-11,450950,10040.0,3.33,-1.4,-1.2,2.5
2025-08-12,450950,9980.0,3.26,0.2,-0.9,0.3
2025-08-13,450950,9890.0,3.27,-1.4,-0.5,1.4
2025-08-14,450950,10020.0,3.2,-0.1,-1.2,1.0
2025-08-18,450950,9440.0,3.24,-2.6,-1.1,1.5
2025-08-19,450950,9360.0,3.15,1.9,-0.3,-2.9
2025-08-20,450950,9270.0,3.16,2.2,-0.3,-3.2
2025-08-21,450950,9330.0,3.23,-0.6,-0.0,-0.5
2025-08-22,450950,9330.0,3.2,0.6,-0.9,-1.2
2025-08-25,450950,9400.0,3.23,0.6,0.3,-2.4
2025-08-26,450950,9270.0,3.26,-1.3,-1.1,1.9
2025-08-27,450950,9190.0,3.21,-0.2,-2.6,1.5
2025-08-28,450950,9780.0,3.17,-4.5,4.3,-0.1
2025-08-29,450950,9590.0,3.07,-3.8,1.5,1.9
2025-09-01,450950,9650.0,2.98,-2.5,0.7,1.5
2025-09-02,450950,9830.0,2.89,-2.5,1.6,0.8
2025-09-03,450950,10620.0,2.82,-1.8,4.0,-0.9
2025-09-04,450950,10610.0,2.79,-0.4,0.7,-0.3
2025-09-05,450950,11030.0,2.79,-4.8,1.3,3.5
2025-09-08,450950,11200.0,2.82,0.5,-4.1,3.3
2025-09-09,450950,11200.0,2.82,0.7,0.9,-0.7
2025-09-10,450950,11640.0,2.86,-0.9,6.8,-3.9
2025-09-11,450950,11950.0,2.89,6.6,-0.2,-7.2
2025-09-12,450950,11880.0,3.06,-2.1,-2.1,4.4
2025-09-15,450950,12200.0,2.99,0.6,1.3,-1.8
2025-09-16,450950,12180.0,2.99,1.7,0.4,-2.1
2025-09-17,450950,12150.0,3.02,-1.2,2.8,-1.5
2025-09-18,450950,12590.0,3.0,3.3,5.7,-8.6
2025-09-19,450950,12620.0,3.1,1.0,1.3,-2.2
2025-09-22,450950,12850.0,3.1,-0.8,2.5,-1.7
2025-09-23,450950,12900.0,3.07,4.7,6.5,-7.5
2025-09-24,450950,12790.0,3.18,-1.4,3.6,-2.1
2025-09-25,450950,12580.0,3.13,-1.1,7.2,-5.6
2025-09-26,450950,12360.0,3.13,3.1,3.3,-6.3
2025-09-29,450950,12950.0,3.2,-4.5,7.8,-3.3
2025-09-30,450950,12860.0,3.1,-4.4,2.7,2.4
2025-10-01,450950,12610.0,2.99,-4.3,2.4,2.7
2025-10-02,450950,12480.0,2.89,0.1,-0.5,0.5
2025-10-10,450950,11930.0,2.88,0.1,1.4,-1.3
2025-10-13,450950,11990.0,2.88,-3.9,5.4,-1.3
2025-10-14,450950,12050.0,2.79,-6.4,6.5,-0.1
2025-10-15,450950,12040.0,2.66,-3.5,3.8,-0.1
2025-10-16,450950,12840.0,2.58,-1.8,7.5,-4.4
2025-10-17,450950,14800.0,2.55,-40.0,-5.7,40.2
2025-10-20,450950,14630.0,1.81,-47.2,-24.6,79.9
2025-10-21,450950,15000.0,0.93,-1.0,7.8,-5.6
2025-10-22,450950,15060.0,0.88,-3.1,6.4,-3.0
2025-10-23,450950,15590.0,0.84,-3.4,0.7,2.8
2025-10-24,450950,15190.0,0.75,-3.6,1.0,2.2
2025-10-27,450950,15080.0,0.74,5.2,-4.1,-1.2
2025-10-28,450950,15960.0,0.82,8.7,4.9,-9.5
2025-10-29,450950,15430.0,0.96,-8.5,1.2,6.2
2025-10-30,450950,15010.0,0.8,-0.1,-0.4,0.4
2025-10-31,450950,14990.0,0.78,2.6,-0.1,-3.4
2025-11-03,450950,15530.0,0.83,7.1,4.1,-10.7
2025-11-04,450950,15720.0,1.0,2.6,3.4,-5.9
2025-11-05,450950,16100.0,1.04,1.6,2.5,4.7
2025-11-06,450950,15330.0,1.07,-21.5,5.5,11.6
2025-11-07,450950,15450.0,0.99,0.3,5.2,-6.9
2025-11-10,450950,15510.0,0.99,1.9,-0.1,-4.1
2025-11-11,450950,15360.0,1.02,-1.1,4.4,-4.6
2025-11-12,450950,15900.0,1.0,10.1,-0.1,-9.9
2025-11-13,450950,15590.0,1.21,-4.3,-0.4,3.4
2025-11-14,450950,14840.0,1.14,-1.3,0.2,-0.6
2025-11-17,450950,14480.0,1.17,3.2,-5.1,1.2
2025-11-18,450950,13810.0,1.31,4.5,-2.0,-3.5
2025-11-19,450950,13750.0,1.4,1.7,1.3,-2.2
2025-11-20,450950,14190.0,1.43,1.4,0.6,-1.3
2025-11-21,450950,13420.0,1.46,-3.4,-0.3,3.2
2025-11-24,450950,13020.0,1.39,4.1,1.6,-5.2
2025-11-25,450950,12660.0,1.47,5.9,-3.1,-1.5
2025-11-26,450950,12810.0,1.6,0.1,-0.0,0.1
2025-11-27,450950,12750.0,1.6,2.0,-3.0,0.6
2025-11-28,450950,13340.0,1.64,-7.2,-1.1,8.8
2025-12-01,450950,13590.0,1.5,-9.1,-0.5,9.2
2025-12-02,450950,13660.0,1.32,-1.9,-0.1,3.5
2025-12-03,450950,13800.0,1.28,-0.5,0.0,0.9
2025-12-04,450950,14580.0,1.3,2.8,-6.1,5.7
2025-12-05,450950,14000.0,1.35,-14.5,0.1,14.1
2025-12-08,450950,13720.0,1.08,1.2,-1.3,0.3
2025-12-09,450950,13720.0,1.1,2.3,-0.4,-0.6
2025-12-10,450950,13330.0,1.15,3.4,-1.0,-3.2
2025-12-11,450950,13040.0,1.21,1.3,-2.7,1.3
2025-12-12,450950,12960.0,1.24,17.5,-22.1,5.2
2025-12-15,450950,13010.0,1.6,-0.9,-1.4,2.8
2025-12-16,450950,12550.0,1.58,-3.7,-4.9,7.7
2025-12-17,450950,12300.0,1.51,0.5,-4.1,2.9
2025-12-18,450950,12240.0,1.52,-0.0,-3.5,3.4
2025-12-19,450950,12070.0,1.52,6.4,-10.6,3.9
2025-12-22,450950,11940.0,1.66,2.0,-5.0,1.8
2025-12-23,450950,11620.0,1.7,6.3,-6.9,-0.9
2025-12-24,450950,12250.0,1.85,-9.1,-2.3,6.3
2025-12-26,450950,12000.0,1.62,-3.0,-5.4,6.1
2025-12-29,450950,12580.0,1.46,-1.5,0.8,0.0
2025-12-30,450950,12370.0,1.43,0.2,-3.5,3.0
2026-01-02,450950,14060.0,1.43,16.1,3.3,-18.5
2026-01-05,450950,13900.0,1.83,-4.1,2.8,2.9
2026-01-06,450950,13850.0,1.73,-0.6,1.4,-0.9
2026-01-07,450950,13160.0,1.77,-1.0,0.2,-1.3
2026-01-08,450950,12970.0,1.62,-0.7,0.3,0.0
2026-01-09,450950,13310.0,1.59,-2.6,2.1,0.5
2026-01-12,450950,12950.0,1.53,-2.0,-3.4,5.2
2026-01-13,450950,12460.0,1.47,-2.5,-0.1,2.4
2026-01-14,450950,12360.0,1.41,-1.6,0.1,1.5
2026-01-15,450950,12490.0,1.41,-3.7,2.9,0.5
2026-01-16,450950,12810.0,1.33,-1.3,0.5,1.1
2026-01-19,450950,13040.0,1.29,0.1,0.7,-0.9
2026-01-20,450950,12850.0,1.27,-1.4,0.1,1.3
2026-01-21,450950,12280.0,1.26,-4.0,-0.4,4.0
2026-01-22,450950,13130.0,1.16,2.6,4.5,-6.6
2026-01-23,450950,13060.0,1.24,2.1,0.2,-2.2
2026-01-26,450950,14010.0,1.27,-20.0,0.6,18.7
2026-01-27,450950,13400.0,0.88,-1.9,-3.6,4.4
2026-01-28,450950,13090.0,0.84,-16.9,-12.4,29.6
2026-01-29,450950,13610.0,0.49,-0.6,0.3,0.2
2026-01-30,450950,14330.0,0.49,5.1,0.4,-5.1
2026-02-02,450950,14560.0,0.61,-0.1,-2.7,5.2
2026-02-03,450950,14830.0,0.55,-2.6,0.5,1.8
2026-02-04,450950,14540.0,0.53,1.1,-0.4,-0.9
2026-02-05,450950,13950.0,0.5,0.5,-0.9,0.4
2026-02-06,450950,13350.0,0.5,-1.4,-0.3,2.7
2026-02-09,450950,13920.0,0.44,3.9,-0.0,-3.1
2026-02-10,450950,14610.0,0.55,7.5,2.4,-9.7
2026-02-11,450950,14510.0,0.77,-2.3,0.9,1.4
2026-02-12,450950,14780.0,0.69,1.9,3.8,-5.7
2026-02-13,450950,14400.0,0.75,-1.0,-0.7,3.2
2026-02-19,450950,14320.0,0.7,1.0,0.6,-1.5
2026-02-20,450950,14120.0,0.72,-0.4,-2.7,4.1
2026-02-23,450950,13760.0,0.66,-0.3,-1.6,1.4
2026-02-24,450950,13860.0,0.71,0.2,-1.7,1.5
2026-02-25,450950,13480.0,0.7,-2.9,-0.2,4.1
2026-02-26,450950,13070.0,0.58,-2.0,-2.9,4.5
2026-02-27,450950,13100.0,0.53,-1.5,-0.1,1.6
2026-03-03,450950,12580.0,0.48,-0.4,0.8,-0.5
2026-03-04,450950,11400.0,0.52,1.3,11.3,-12.2
2026-03-05,450950,12250.0,0.62,-0.6,-1.1,1.5
2026-03-06,450950,12200.0,0.61,0.8,0.5,-0.6
2026-03-09,450950,11380.0,0.71,1.8,0.6,-0.3
2026-03-10,450950,11750.0,0.86,-2.1,2.8,-0.7
2026-03-11,450950,12040.0,0.89,-0.0,-0.5,0.6
2026-03-12,450950,11980.0,0.88,-0.8,-0.0,1.0
2026-03-13,450950,11710.0,0.85,0.0,0.0,0.2
2026-03-16,450950,11520.0,0.89,-0.9,0.0,1.2
2026-03-17,450950,11730.0,0.86,0.7,-0.0,-0.7
2026-03-18,450950,11810.0,0.87,-0.5,-0.0,0.5
2026-03-19,450950,11730.0,0.85,-0.6,2.2,-1.7
2026-03-20,450950,11620.0,0.83,0.2,0.0,-0.2
2026-03-23,450950,11300.0,0.83,-2.1,4.3,-1.9
2026-03-24,450950,11050.0,0.79,1.4,-0.7,-0.3
2026-03-25,450950,11450.0,0.82,0.7,-0.1,-0.6
2026-03-26,450950,11100.0,0.85,0.4,-0.0,-0.3
2026-03-27,450950,11240.0,0.87,0.2,1.4,-1.6
2026-03-30,450950,11120.0,0.9,-0.1,1.2,-1.1
2026-03-31,450950,10930.0,0.9,-1.4,1.8,-0.5
2026-04-01,450950,11200.0,0.83,-1.2,-4.2,5.3
2026-04-02,450950,10500.0,0.8,-1.3,-2.1,3.3
2026-04-03,450950,10160.0,0.74,0.1,0.2,-0.3
2026-04-06,450950,9990.0,0.78,0.3,0.0,-0.2
2026-04-07,450950,10040.0,0.79,0.7,0.0,-0.7
2026-04-08,450950,10350.0,0.68,-0.1,-0.1,0.1
2026-04-09,450950,10410.0,0.69,-1.8,0.0,1.7
2026-04-10,450950,10770.0,0.64,-2.4,0.0,1.6
2026-04-13,450950,11800.0,0.57,-2.1,0.3,1.9
2026-04-14,450950,11580.0,0.53,-2.8,-3.1,5.8
2026-04-15,450950,11700.0,0.45,-2.2,-0.5,2.7
2026-04-16,450950,11900.0,0.42,-0.5,0.0,0.3
2026-04-17,450950,11600.0,0.41,-1.0,-0.0,1.2
2026-04-20,450950,11460.0,0.39,-0.9,0.1,0.9
2026-04-21,450950,11880.0,0.37,-0.4,0.4,-0.3
2026-04-22,450950,11880.0,0.37,-0.1,0.0,0.1
2026-04-23,450950,11790.0,0.37,-0.2,0.0,0.2
2026-04-24,450950,11750.0,0.37,1.0,0.2,-1.3
2026-04-27,450950,11730.0,0.4,0.4,-0.0,-0.2
2026-04-28,450950,11480.0,0.45,0.3,0.3,-0.8
2026-04-29,450950,11470.0,0.47,0.1,0.0,-0.1
2026-04-30,450950,11370.0,0.48,-0.3,0.1,0.1
2026-05-04,450950,11450.0,0.47,1.5,0.0,-1.4
2026-05-06,450950,11000.0,0.5,-0.5,0.0,0.7
2026-05-07,450950,10750.0,0.48,-0.4,0.2,0.1
2026-05-08,450950,11100.0,0.44,0.7,0.0,-0.8
2026-05-11,450950,10690.0,0.45,-0.8,-0.0,0.6
2026-05-12,450950,10680.0,0.44,-0.7,0.3,0.1
2026-05-13,450950,10350.0,0.48,3.7,-0.2,-3.8
2026-05-14,450950,10000.0,0.71,-0.1,-0.0,-0.3
2026-05-15,450950,9550.0,0.7,-0.7,0.1,0.3
2026-05-18,450950,9830.0,0.64,0.3,0.6,-1.8
2026-05-19,450950,9600.0,0.65,-0.4,0.0,0.2
2026-05-20,450950,9200.0,0.63,0.4,0.3,-0.7
2026-05-21,450950,9330.0,0.66,-0.5,-0.1,0.8
2026-05-22,450950,9810.0,0.63,-0.5,1.0,-0.7
2026-05-26,450950,9540.0,0.62,-0.3,0.3,0.1
2026-05-27,450950,8990.0,0.6,1.4,0.2,-1.7
2026-05-28,450950,8780.0,0.68,0.8,0.0,-1.0
2026-05-29,450950,8560.0,0.72,-1.1,0.1,0.8
2026-06-01,450950,8260.0,0.67,-0.9,-0.1,1.0
2026-06-02,450950,8120.0,0.65,1.9,0.1,-2.0
2026-06-04,450950,8090.0,0.74,-0.4,-0.1,0.3
2026-06-05,450950,7830.0,0.75,1.6,-0.0,-1.6
2026-06-08,450950,7190.0,0.81,1.8,0.0,-1.9
2026-06-09,450950,7230.0,0.89,-0.2,0.2,-0.2
2026-06-10,450950,7050.0,0.87,0.3,0.0,-0.4
2026-06-11,450950,7400.0,0.86,0.1,0.0,-0.2
2026-06-12,450950,7480.0,0.88,3.4,-4.8,1.1
2026-06-15,450950,7280.0,0.94,-0.9,0.3,0.5
2026-06-16,450950,7010.0,0.88,-0.7,-0.3,0.9
2026-06-17,450950,7750.0,0.83,-0.1,1.4,-1.4
2026-06-18,450950,7760.0,0.87,-5.0,-0.1,5.0
2026-06-19,450950,7300.0,0.64,-1.2,-0.0,1.2
2026-06-22,450950,7120.0,0.6,0.2,-0.0,-0.2
2026-06-23,450950,6600.0,0.62,1.5,-0.0,-1.6
2026-06-24,450950,6520.0,0.74,1.6,0.0,-1.4
2026-06-25,450950,6540.0,0.78,0.9,-0.0,-1.0
2026-06-26,450950,6130.0,0.81,0.8,0.0,-0.8
2026-06-29,450950,7130.0,0.84,2.1,-0.0,-2.2
2026-06-30,450950,6940.0,0.88,-0.7,-0.1,0.6
2026-07-01,450950,7400.0,0.83,-0.4,1.9,-1.5
2026-07-02,450950,7250.0,0.84,-0.4,0.2,0.1
2026-07-03,450950,7020.0,0.88,-0.4,0.0,0.2
2026-07-06,450950,6980.0,0.85,-0.4,0.1,0.2
2026-07-07,450950,6760.0,0.81,-0.1,-0.2,0.3
2026-07-08,450950,6270.0,0.79,-0.1,-0.0,-0.0
2026-07-09,450950,6390.0,0.8,0.1,0.0,-0.2
2026-07-10,450950,6310.0,0.8,-0.3,0.0,0.3
2026-07-13,450950,6150.0,0.76,0.0,0.0,-0.2
2025-07-14,451220,10400.0,1.98,-0.8,0.0,0.8
2025-07-15,451220,10500.0,1.88,1.9,0.0,-1.8
2025-07-16,451220,10520.0,2.11,0.1,0.0,0.0
2025-07-17,451220,10380.0,2.12,-1.2,0.0,1.2
2025-07-18,451220,10360.0,1.98,0.3,0.0,-0.3
2025-07-21,451220,10310.0,2.02,0.2,0.0,-0.3
2025-07-22,451220,10020.0,2.05,-0.4,-0.3,0.6
2025-07-23,451220,10020.0,2.0,-0.4,0.0,0.4
2025-07-24,451220,9840.0,1.94,-0.6,0.0,0.5
2025-07-25,451220,9850.0,1.87,-0.4,0.0,0.4
2025-07-28,451220,10200.0,1.81,1.8,0.0,-1.4
2025-07-29,451220,10030.0,2.03,-0.3,0.0,0.2
2025-07-30,451220,10090.0,1.99,0.5,0.0,-0.5
2025-07-31,451220,9990.0,2.05,0.3,0.0,-0.4
2025-08-01,451220,9660.0,2.1,-2.9,0.0,2.8
2025-08-04,451220,10120.0,1.71,2.7,0.0,-2.4
2025-08-05,451220,10100.0,2.06,0.9,0.0,-1.1
2025-08-06,451220,10130.0,2.17,0.1,0.0,-0.1
2025-08-07,451220,10020.0,2.18,0.0,0.0,0.1
2025-08-08,451220,10100.0,2.06,0.7,0.0,-0.7
2025-08-11,451220,10170.0,2.14,1.0,0.0,-0.9
2025-08-12,451220,10380.0,2.27,6.4,0.0,-6.2
2025-08-13,451220,10750.0,3.05,3.5,0.0,-3.6
2025-08-14,451220,10410.0,3.47,-1.8,-0.1,2.0
2025-08-18,451220,10180.0,3.25,-0.2,0.0,0.1
2025-08-19,451220,10050.0,3.22,-1.4,0.0,1.5
2025-08-20,451220,9910.0,3.05,-2.4,0.0,2.5
2025-08-21,451220,10150.0,2.74,1.0,0.0,-1.0
2025-08-22,451220,10230.0,2.87,0.8,-0.1,-0.7
2025-08-25,451220,10480.0,2.96,3.4,0.0,-3.4
2025-08-26,451220,10290.0,3.37,-0.1,0.0,-0.0
2025-08-27,451220,10150.0,3.38,-0.6,0.0,0.6
2025-08-28,451220,10150.0,3.3,-0.3,0.0,0.3
2025-08-29,451220,10060.0,3.27,-0.2,0.0,0.1
2025-09-01,451220,9750.0,3.24,-2.6,0.0,2.6
2025-09-02,451220,9730.0,2.9,-0.2,0.0,0.2
2025-09-03,451220,9940.0,2.87,-1.0,0.0,1.0
2025-09-04,451220,10020.0,2.74,0.7,0.0,-0.7
2025-09-05,451220,10020.0,2.84,0.5,0.0,-0.8
2025-09-08,451220,10100.0,2.9,1.7,0.0,-1.9
2025-09-09,451220,10330.0,3.12,4.8,-0.0,-4.6
2025-09-10,451220,10420.0,3.71,2.9,0.0,-2.6
2025-09-11,451220,11190.0,4.06,10.9,-0.1,-10.9
2025-09-12,451220,11250.0,5.34,-13.9,-0.0,13.8
2025-09-15,451220,11230.0,3.84,1.9,0.0,-1.9
2025-09-16,451220,11360.0,4.06,1.6,0.0,-1.6
2025-09-17,451220,11190.0,4.24,1.6,0.0,-1.4
2025-09-18,451220,11460.0,4.42,2.2,-0.2,-2.3
2025-09-19,451220,11320.0,4.67,-0.1,,0.2
2025-09-22,451220,11320.0,4.66,1.2,-0.5,-0.9
2025-09-23,451220,11260.0,4.8,1.6,0.0,-1.5
2025-09-24,451220,11280.0,4.97,3.1,-0.0,-3.2
2025-09-25,451220,10900.0,5.32,0.2,,-0.3
2025-09-26,451220,10400.0,5.34,-1.6,,1.5
2025-09-29,451220,10600.0,5.16,1.3,,-1.5
2025-09-30,451220,10430.0,5.31,-0.3,,0.3
2025-10-01,451220,11070.0,5.27,5.2,,-4.2
2025-10-02,451220,11550.0,5.86,8.8,-0.0,-9.0
2025-10-10,451220,11670.0,6.83,1.3,0.0,-1.0
2025-10-13,451220,11690.0,6.97,2.1,-0.0,-2.6
2025-10-14,451220,11440.0,7.2,-10.0,0.0,10.4
2025-10-15,451220,11740.0,6.11,1.4,0.0,-1.2
2025-10-16,451220,11620.0,6.26,0.5,0.0,-0.6
2025-10-17,451220,11350.0,6.31,-2.8,,2.8
2025-10-20,451220,11420.0,6.01,0.3,0.0,-0.6
2025-10-21,451220,11110.0,6.04,-0.9,,1.2
2025-10-22,451220,10940.0,5.94,-1.0,0.0,0.7
2025-10-23,451220,10650.0,5.82,-1.6,0.0,1.6
2025-10-24,451220,10730.0,5.63,-0.8,0.0,0.6
2025-10-27,451220,10830.0,5.53,-1.3,-0.2,1.4
2025-10-28,451220,10380.0,5.37,-3.0,0.0,3.1
2025-10-29,451220,10370.0,5.01,-0.4,,0.4
2025-10-30,451220,10130.0,4.96,-0.7,,0.8
2025-10-31,451220,10170.0,4.87,-0.3,,0.4
2025-11-03,451220,10000.0,4.84,-1.4,,1.4
2025-11-04,451220,9700.0,4.65,-3.4,-0.0,3.4
2025-11-05,451220,9250.0,4.21,-1.5,,1.4
2025-11-06,451220,9500.0,4.0,-0.1,,0.0
2025-11-07,451220,8950.0,3.99,-2.5,,2.6
2025-11-10,451220,9250.0,3.64,-0.5,-0.2,0.6
2025-11-11,451220,9150.0,3.57,-1.5,,1.5
2025-11-12,451220,9410.0,3.37,0.5,,-0.5
2025-11-13,451220,9260.0,3.44,-1.2,,1.6
2025-11-14,451220,8840.0,3.28,-1.4,,1.5
2025-11-17,451220,9620.0,3.08,1.7,,-1.7
2025-11-18,451220,9010.0,3.36,-2.0,,2.0
2025-11-19,451220,8910.0,3.12,-1.6,,1.6
2025-11-20,451220,9160.0,2.89,0.5,,-0.5
2025-11-21,451220,8560.0,2.95,-2.0,,2.1
2025-11-24,451220,8420.0,2.67,-0.0,0.0,0.1
2025-11-25,451220,8710.0,2.66,1.7,-0.0,-1.6
2025-11-26,451220,8820.0,2.9,0.2,,-0.2
2025-11-27,451220,8780.0,2.93,-0.3,,0.2
2025-11-28,451220,9160.0,2.89,1.7,,-1.7
2025-12-01,451220,9330.0,3.12,0.0,,-0.0
2025-12-02,451220,9310.0,3.13,0.1,,-0.1
2025-12-03,451220,9360.0,3.14,-0.4,,0.3
2025-12-04,451220,9050.0,3.08,-0.9,,0.9
2025-12-05,451220,9060.0,2.96,0.3,-0.5,0.2
2025-12-08,451220,9150.0,2.99,-0.4,,0.4
2025-12-09,451220,9100.0,2.93,-0.6,,0.6
2025-12-10,451220,9120.0,2.86,-0.4,,0.3
2025-12-11,451220,9180.0,2.8,0.2,,-0.1
2025-12-12,451220,9270.0,2.83,0.3,,-0.3
2025-12-15,451220,9110.0,2.86,-0.1,,0.1
2025-12-16,451220,8900.0,2.85,-0.8,,0.8
2025-12-17,451220,8890.0,2.73,-0.1,,0.1
2025-12-18,451220,8890.0,2.72,-0.3,,0.3
2025-12-19,451220,9420.0,2.68,3.4,,-3.2
2025-12-22,451220,9290.0,3.15,-1.9,,1.9
2025-12-23,451220,8930.0,2.89,-1.1,,1.1
2025-12-24,451220,8860.0,2.74,-1.0,,1.0
2025-12-26,451220,9060.0,2.6,1.3,,-1.4
2025-12-29,451220,9450.0,2.79,1.8,0.4,-2.2
2025-12-30,451220,9620.0,3.03,0.6,-0.0,-0.5
2026-01-02,451220,10270.0,3.12,5.2,,-5.1
2026-01-05,451220,10420.0,3.76,-0.4,,0.5
2026-01-06,451220,10370.0,3.72,1.9,-0.3,-1.6
2026-01-07,451220,10080.0,3.95,0.2,,-0.2
2026-01-08,451220,9840.0,3.97,0.4,,-0.5
2026-01-09,451220,9730.0,4.02,0.5,,-0.6
2026-01-12,451220,9700.0,4.09,-0.9,,0.8
2026-01-13,451220,9690.0,3.97,-0.8,,0.8
2026-01-14,451220,9610.0,3.86,-0.8,,0.8
2026-01-15,451220,9540.0,3.76,-1.4,,1.3
2026-01-16,451220,9380.0,3.56,-0.1,,0.1
2026-01-19,451220,9530.0,3.56,-0.1,,0.1
2026-01-20,451220,9550.0,3.54,-0.1,,0.1
2026-01-21,451220,9290.0,3.53,-0.9,,0.9
2026-01-22,451220,9520.0,3.4,0.9,,-0.9
2026-01-23,451220,9470.0,3.53,-0.9,,0.9
2026-01-26,451220,9800.0,3.41,1.4,,-1.5
2026-01-27,451220,9860.0,3.6,0.7,,-0.7
2026-01-28,451220,10130.0,3.68,-1.2,,1.5
2026-01-29,451220,10150.0,3.53,1.2,,-1.2
2026-01-30,451220,10100.0,3.69,-2.4,,2.3
2026-02-02,451220,9640.0,3.39,-1.1,0.0,1.1
2026-02-03,451220,10450.0,3.25,2.4,,-2.2
2026-02-04,451220,10390.0,3.55,-0.8,0.0,0.8
2026-02-05,451220,9970.0,3.45,-1.2,0.0,1.2
2026-02-06,451220,10040.0,3.29,1.2,,-1.1
2026-02-09,451220,13050.0,3.44,0.5,0.0,-8.1
2026-02-10,451220,13540.0,3.56,-11.1,-0.1,21.5
2026-02-11,451220,13000.0,2.63,-4.9,0.0,4.1
2026-02-12,451220,12800.0,2.16,-7.9,0.0,7.7
2026-02-13,451220,12300.0,1.4,5.5,0.4,-5.9
2026-02-19,451220,13210.0,2.05,-6.1,-0.4,10.1
2026-02-20,451220,12960.0,1.47,1.8,0.0,-2.1
2026-02-23,451220,12820.0,1.64,1.2,0.0,-1.3
2026-02-24,451220,13230.0,1.78,0.1,0.0,-0.1
2026-02-25,451220,13110.0,1.79,1.7,0.0,-1.8
2026-02-26,451220,13700.0,1.95,5.4,0.0,-5.0
2026-02-27,451220,13180.0,2.45,-1.4,0.0,1.3
2026-03-03,451220,12300.0,2.33,3.9,0.0,-3.7
2026-03-04,451220,10520.0,2.72,5.5,0.5,-6.2
2026-03-05,451220,12540.0,3.34,11.0,-0.5,-9.9
2026-03-06,451220,13230.0,4.49,4.0,0.0,-3.7
2026-03-09,451220,11700.0,4.88,-4.5,0.0,4.0
2026-03-10,451220,12550.0,4.4,3.3,0.0,-3.3
2026-03-11,451220,12590.0,4.74,0.3,0.0,-0.2
2026-03-12,451220,12440.0,4.76,-1.4,0.0,1.4
2026-03-13,451220,12190.0,4.62,-0.3,0.0,0.2
2026-03-16,451220,12250.0,4.59,0.6,0.0,-0.6
2026-03-17,451220,11980.0,4.65,-3.6,0.0,3.6
2026-03-18,451220,12550.0,4.28,3.4,-0.0,-3.0
2026-03-19,451220,12240.0,4.64,-1.0,0.0,0.8
2026-03-20,451220,12350.0,4.53,1.3,0.0,-1.1
2026-03-23,451220,11440.0,4.66,-0.1,0.0,-0.1
2026-03-24,451220,11900.0,4.66,0.4,0.0,-0.4
2026-03-25,451220,12290.0,4.7,2.9,-0.0,-2.9
2026-03-26,451220,11350.0,5.0,-2.6,0.0,2.4
2026-03-27,451220,11050.0,4.72,-1.0,0.0,1.0
2026-03-30,451220,13710.0,4.61,-27.7,-0.0,28.2
2026-03-31,451220,11680.0,1.98,-0.5,0.0,0.4
2026-04-01,451220,12730.0,1.96,16.0,-0.0,-16.0
2026-04-02,451220,11520.0,3.58,-0.3,0.0,0.0
2026-04-03,451220,11680.0,3.54,0.4,0.0,-0.6
2026-04-06,451220,11720.0,3.58,1.4,0.0,-1.7
2026-04-07,451220,11700.0,3.72,-1.4,0.0,1.5
2026-04-08,451220,12680.0,3.58,5.4,-0.0,-5.5
2026-04-09,451220,12010.0,4.13,1.7,0.0,-2.3
2026-04-10,451220,12490.0,4.32,-1.2,0.0,1.4
2026-04-13,451220,12740.0,4.19,1.1,0.0,-1.6
2026-04-14,451220,13410.0,4.3,3.4,-0.0,0.0
2026-04-15,451220,13530.0,4.63,-6.2,-0.0,5.4
2026-04-16,451220,13580.0,4.09,1.2,0.0,-1.2
2026-04-17,451220,14340.0,4.2,6.6,-0.0,-7.0
2026-04-20,451220,15550.0,4.8,-6.6,0.2,5.8
2026-04-21,451220,15100.0,4.28,-5.2,0.0,5.0
2026-04-22,451220,15070.0,3.85,-2.6,-0.2,2.2
2026-04-23,451220,14580.0,3.63,-5.7,,5.7
2026-04-24,451220,15340.0,3.14,-2.4,0.0,2.0
2026-04-27,451220,15370.0,2.94,-1.8,0.0,2.6
2026-04-28,451220,14860.0,2.8,4.7,-0.0,-4.9
2026-04-29,451220,15000.0,3.2,2.5,-0.0,-2.6
2026-04-30,451220,15080.0,3.41,0.0,0.0,-0.4
2026-05-04,451220,17440.0,3.42,-5.2,-0.0,5.5
2026-05-06,451220,18190.0,3.19,-1.0,-0.0,0.6
2026-05-07,451220,17150.0,3.17,-4.9,0.0,5.0
2026-05-08,451220,16990.0,2.82,-2.1,0.0,2.4
2026-05-11,451220,17000.0,2.67,-5.9,0.0,5.9
2026-05-12,451220,15330.0,2.24,1.0,-0.0,-1.1
2026-05-13,451220,15550.0,2.31,-3.4,-0.0,3.8
2026-05-14,451220,14770.0,2.05,0.0,0.0,-0.3
2026-05-15,451220,13720.0,2.06,5.0,0.0,-4.2
2026-05-18,451220,13330.0,2.51,2.5,0.0,-2.2
2026-05-19,451220,12600.0,2.76,-1.1,0.0,1.0
2026-05-20,451220,12590.0,2.65,-0.6,0.0,0.3
2026-05-21,451220,14000.0,2.59,-9.5,-0.0,9.9
2026-05-22,451220,14050.0,1.72,-0.7,-0.0,1.0
2026-05-26,451220,14710.0,1.65,3.0,0.0,-3.0
2026-05-27,451220,14410.0,1.91,-1.8,-0.0,1.9
2026-05-28,451220,13710.0,1.76,0.9,0.0,-0.9
2026-05-29,451220,13020.0,1.84,-0.6,-0.0,0.7
2026-06-01,451220,12150.0,1.78,0.1,-0.0,-0.5
2026-06-02,451220,12150.0,1.79,0.8,-0.0,-3.6
2026-06-04,451220,12670.0,1.89,0.7,0.0,-1.0
2026-06-05,451220,11900.0,1.95,-0.4,-0.0,0.4
2026-06-08,451220,11170.0,1.91,2.7,-0.0,-3.9
2026-06-09,451220,13070.0,2.21,6.5,-0.0,-9.3
2026-06-10,451220,12430.0,2.85,-1.2,-0.0,-0.4
2026-06-11,451220,13070.0,2.72,-0.5,-0.0,-1.6
2026-06-12,451220,14280.0,2.67,9.1,-0.0,-9.8
2026-06-15,451220,13810.0,3.47,-5.3,-0.0,4.8
2026-06-16,451220,14000.0,2.94,-0.3,-0.0,-0.5
2026-06-17,451220,14220.0,2.99,1.7,-0.3,-1.4
2026-06-18,451220,15300.0,3.14,4.0,0.0,-4.1
2026-06-19,451220,14600.0,3.48,-1.5,-0.0,0.9
2026-06-22,451220,14900.0,3.36,1.5,-0.1,-1.6
2026-06-23,451220,12700.0,3.5,0.9,0.0,-1.5
2026-06-24,451220,12280.0,3.6,1.8,0.0,-2.1
2026-06-25,451220,11450.0,3.78,-0.8,,0.2
2026-06-26,451220,11820.0,3.7,-2.5,0.0,2.4
2026-06-29,451220,12620.0,3.43,5.0,-0.0,-5.9
2026-06-30,451220,12510.0,3.97,-0.4,-0.0,0.1
2026-07-01,451220,11990.0,3.93,-0.8,0.0,0.9
2026-07-02,451220,10310.0,3.84,-3.6,0.0,3.4
2026-07-03,451220,10850.0,3.42,-0.4,-0.0,0.3
2026-07-06,451220,10310.0,3.37,-1.5,-0.0,1.6
2026-07-07,451220,9750.0,3.19,0.6,0.0,-0.1
2026-07-08,451220,9260.0,3.27,0.7,0.0,-0.6
2026-07-09,451220,9600.0,3.36,1.1,0.0,-1.1
2026-07-10,451220,10340.0,3.51,1.5,0.0,-0.9
2026-07-13,451220,9710.0,3.7,-0.2,-0.0,0.8
2025-07-14,451250,12110.0,0.88,-3.6,,3.6
2025-07-15,451250,12070.0,0.59,-1.7,,1.7
2025-07-16,451250,12270.0,0.43,-2.0,,1.9
2025-07-17,451250,12330.0,0.3,-0.2,-1.2,1.4
2025-07-18,451250,12040.0,0.24,-0.9,,0.9
2025-07-21,451250,12000.0,0.2,0.2,-0.1,-0.1
2025-07-22,451250,11840.0,0.22,-0.4,-0.1,0.5
2025-07-23,451250,11770.0,0.18,-0.1,0.0,0.0
2025-07-24,451250,11660.0,0.18,-0.2,,0.2
2025-07-25,451250,11630.0,0.16,0.2,,-0.2
2025-07-28,451250,11240.0,0.17,0.2,,-0.3
2025-07-29,451250,11270.0,0.34,-0.3,,0.3
2025-07-30,451250,11070.0,0.3,0.2,0.1,-0.3
2025-07-31,451250,11190.0,0.28,0.5,-0.1,-0.4
2025-08-01,451250,10600.0,0.51,0.2,,-0.2
2025-08-04,451250,10640.0,0.41,-0.5,,0.5
2025-08-05,451250,10780.0,0.36,0.1,,-0.1
2025-08-06,451250,11480.0,0.37,-0.9,-1.0,1.9
2025-08-07,451250,11360.0,0.24,1.6,,-1.6
2025-08-08,451250,11320.0,0.6,0.8,0.0,-0.8
2025-08-11,451250,11000.0,0.6,0.0,,-0.0
2025-08-12,451250,10730.0,0.59,-0.4,,0.7
2025-08-13,451250,10680.0,0.45,-0.1,,0.1
2025-08-14,451250,10800.0,0.45,0.4,0.0,-0.3
2025-08-18,451250,10320.0,0.56,0.0,0.0,-0.0
2025-08-19,451250,10300.0,0.54,1.5,-1.4,-0.2
2025-08-20,451250,10130.0,0.64,0.4,-0.0,-0.3
2025-08-21,451250,10020.0,0.68,-0.1,,0.1
2025-08-22,451250,10100.0,0.67,0.2,,-0.2
2025-08-25,451250,10180.0,0.68,-0.1,,0.1
2025-08-26,451250,10120.0,0.67,-0.0,,0.0
2025-08-27,451250,9960.0,0.67,-0.6,,0.6
2025-08-28,451250,9950.0,0.61,0.2,,-0.2
2025-08-29,451250,9900.0,0.65,0.2,,-0.2
2025-09-01,451250,9610.0,0.66,0.0,,-0.0
2025-09-02,451250,9580.0,0.65,0.3,,-0.3
2025-09-03,451250,9640.0,0.7,-0.1,,0.1
2025-09-04,451250,9650.0,0.65,0.3,,-0.3
2025-09-05,451250,9600.0,0.72,-0.1,,0.1
2025-09-08,451250,9540.0,0.7,0.6,,-0.6
2025-09-09,451250,9570.0,0.75,0.0,,-0.1
2025-09-10,451250,9560.0,0.75,-0.2,,0.2
2025-09-11,451250,9590.0,0.72,0.1,,-0.1
2025-09-12,451250,9720.0,0.74,0.2,,-0.2
2025-09-15,451250,9610.0,0.76,-0.7,,0.7
2025-09-16,451250,9640.0,0.66,0.1,-0.0,-0.1
2025-09-17,451250,10010.0,0.68,-0.1,0.6,-0.5
2025-09-18,451250,10930.0,0.67,-7.2,-0.3,7.6
2025-09-19,451250,11090.0,0.13,-0.6,0.0,0.7
2025-09-22,451250,11340.0,0.24,-0.2,0.0,0.1
2025-09-23,451250,11160.0,0.13,1.7,-0.0,-1.5
2025-09-24,451250,11400.0,0.5,-1.8,-0.0,1.7
2025-09-25,451250,11810.0,0.11,0.1,0.0,-0.0
2025-09-26,451250,11890.0,0.18,1.8,-0.0,-2.0
2025-09-29,451250,11910.0,0.27,-2.2,-1.0,2.6
2025-09-30,451250,11550.0,0.17,-0.8,0.0,0.8
2025-10-01,451250,11100.0,0.1,0.5,-0.3,-0.2
2025-10-02,451250,11230.0,0.21,1.6,0.0,-1.6
2025-10-10,451250,10900.0,0.44,0.1,,-0.1
2025-10-13,451250,10730.0,0.35,0.7,,-0.8
2025-10-14,451250,10220.0,0.41,-0.9,,1.1
2025-10-15,451250,10360.0,0.33,0.6,,-0.6
2025-10-16,451250,10380.0,0.38,-0.3,,0.3
2025-10-17,451250,10210.0,0.32,-0.1,,0.1
2025-10-20,451250,10480.0,0.33,0.2,,-0.3
2025-10-21,451250,10430.0,0.37,-0.0,,-0.0
2025-10-22,451250,10800.0,0.36,0.3,,-0.3
2025-10-23,451250,10950.0,0.66,-1.8,0.0,1.8
2025-10-24,451250,10960.0,0.52,-0.6,-0.1,0.8
2025-10-27,451250,11000.0,0.46,-0.1,-1.3,1.4
2025-10-28,451250,11000.0,0.48,-1.1,-1.3,2.4
2025-10-29,451250,10800.0,0.34,-0.2,0.0,0.2
2025-10-30,451250,11230.0,0.32,-0.5,-4.0,4.3
2025-10-31,451250,10620.0,0.34,-0.7,,0.8
2025-11-03,451250,10120.0,0.28,0.5,,-0.6
2025-11-04,451250,10000.0,0.33,-0.4,,0.3
2025-11-05,451250,9890.0,0.28,0.1,,0.0
2025-11-06,451250,9590.0,0.28,-0.1,,0.1
2025-11-07,451250,9690.0,0.27,0.2,,-0.2
2025-11-10,451250,9700.0,0.29,-0.1,,0.1
2025-11-11,451250,9510.0,0.32,-0.2,,0.2
2025-11-12,451250,9620.0,0.28,0.3,,-0.3
2025-11-13,451250,9650.0,0.31,0.0,,-0.0
2025-11-14,451250,9490.0,0.37,-0.2,,0.2
2025-11-17,451250,9370.0,0.37,-0.2,,0.2
2025-11-18,451250,8970.0,0.31,0.2,,-0.1
2025-11-19,451250,9060.0,0.41,-0.1,,0.1
2025-11-20,451250,9420.0,0.46,0.9,,-0.9
2025-11-21,451250,10460.0,0.6,0.2,,-0.1
2025-11-24,451250,10410.0,0.41,-0.3,,0.3
2025-11-25,451250,9860.0,0.44,0.4,,-0.4
2025-11-26,451250,10440.0,0.48,-0.6,,0.6
2025-11-27,451250,10120.0,0.42,-1.8,,1.5
2025-11-28,451250,10090.0,0.29,0.7,,-0.5
2025-12-01,451250,9990.0,0.44,-0.5,,0.5
2025-12-02,451250,10030.0,0.35,1.2,,-1.2
2025-12-03,451250,9920.0,0.57,-0.3,,0.3
2025-12-04,451250,9640.0,0.55,0.3,,-0.3
2025-12-05,451250,9590.0,0.54,0.5,,-0.5
2025-12-08,451250,9580.0,0.59,0.2,,-0.2
2025-12-09,451250,9570.0,0.63,-0.1,,0.1
2025-12-10,451250,9520.0,0.59,0.1,,-0.1
2025-12-11,451250,9530.0,0.6,0.4,,-0.4
2025-12-12,451250,9540.0,0.65,-0.3,,0.3
2025-12-15,451250,9560.0,0.61,-0.2,,0.2
2025-12-16,451250,9470.0,0.6,0.8,,-0.8
2025-12-17,451250,9370.0,0.72,-0.6,,0.6
2025-12-18,451250,9200.0,0.6,0.0,,-0.0
2025-12-19,451250,9370.0,0.59,0.5,,-0.5
2025-12-22,451250,9510.0,0.66,0.8,,-0.8
2025-12-23,451250,9460.0,0.87,-0.0,,0.0
2025-12-24,451250,9400.0,0.83,0.2,,-0.2
2025-12-26,451250,9230.0,0.89,-0.2,,0.2
2025-12-29,451250,9340.0,0.87,0.7,,-0.7
2025-12-30,451250,9200.0,0.96,0.2,,-0.2
2026-01-02,451250,10000.0,0.86,3.8,,-3.8
2026-01-05,451250,9720.0,0.95,0.6,,-0.6
2026-01-06,451250,9360.0,1.01,-0.6,,0.6
2026-01-07,451250,9500.0,1.11,-3.7,,3.6
2026-01-08,451250,9380.0,0.78,2.0,-0.0,-2.0
2026-01-09,451250,9330.0,1.0,0.3,,-0.3
2026-01-12,451250,9280.0,1.03,0.2,,-0.2
2026-01-13,451250,9220.0,1.05,-1.5,,1.4
2026-01-14,451250,9220.0,0.91,0.2,,-0.2
2026-01-15,451250,9130.0,0.92,-1.5,,1.5
2026-01-16,451250,9060.0,0.77,-1.6,,1.6
2026-01-19,451250,8990.0,0.59,0.1,,-0.1
2026-01-20,451250,9170.0,0.6,0.6,,-0.6
2026-01-21,451250,9080.0,0.67,-0.6,,0.6
2026-01-22,451250,9230.0,0.6,1.3,,-1.3
2026-01-23,451250,9330.0,0.74,0.9,,-0.9
2026-01-26,451250,9450.0,0.84,1.3,,-1.3
2026-01-27,451250,9390.0,0.97,0.4,,-0.4
2026-01-28,451250,9410.0,1.02,0.5,,-0.5
2026-01-29,451250,9400.0,1.07,1.7,,-1.7
2026-01-30,451250,9150.0,1.24,-1.0,,1.0
2026-02-02,451250,8900.0,1.14,-1.9,,1.8
2026-02-03,451250,9140.0,0.94,0.5,,-0.3
2026-02-04,451250,9250.0,1.0,1.0,,-1.0
2026-02-05,451250,9210.0,1.1,-0.4,,0.4
2026-02-06,451250,9070.0,1.06,0.2,,-0.3
2026-02-09,451250,9340.0,1.08,2.6,,-2.5
2026-02-10,451250,9270.0,1.35,0.9,,-1.0
2026-02-11,451250,9260.0,1.44,-0.4,,0.4
2026-02-12,451250,9260.0,1.4,0.4,,-0.4
2026-02-13,451250,9090.0,1.44,-0.8,,0.8
2026-02-19,451250,9030.0,1.35,-0.7,,0.9
2026-02-20,451250,8890.0,1.28,-4.2,,4.2
2026-02-23,451250,8920.0,0.82,0.5,,-0.6
2026-02-24,451250,9010.0,0.88,0.7,,-0.7
2026-02-25,451250,8940.0,0.9,-0.9,,0.9
2026-02-26,451250,8830.0,0.78,-2.2,,2.2
2026-02-27,451250,8700.0,0.53,-2.5,,2.5
2026-03-03,451250,8380.0,0.26,1.6,,-1.6
2026-03-04,451250,7640.0,0.46,2.1,,-2.1
2026-03-05,451250,8260.0,0.73,1.1,,-1.1
2026-03-06,451250,8550.0,0.87,-0.4,,0.5
2026-03-09,451250,8230.0,0.82,0.1,-0.0,-0.0
2026-03-10,451250,8350.0,1.0,0.1,,-0.1
2026-03-11,451250,8430.0,1.05,-0.3,,0.3
2026-03-12,451250,8420.0,1.02,0.3,,-0.3
2026-03-13,451250,8600.0,1.06,0.5,,-0.5
2026-03-16,451250,8530.0,1.17,-0.2,,0.2
2026-03-17,451250,8610.0,0.98,0.4,,-0.4
2026-03-18,451250,8520.0,1.02,-0.8,,0.8
2026-03-19,451250,8360.0,0.95,0.2,,-0.2
2026-03-20,451250,8520.0,0.98,0.6,,-0.6
2026-03-23,451250,8280.0,1.05,0.1,,-0.1
2026-03-24,451250,8100.0,1.07,0.0,,-0.0
2026-03-25,451250,8440.0,1.11,0.6,,-0.6
2026-03-26,451250,8320.0,1.18,0.0,,-0.1
2026-03-27,451250,8420.0,1.18,0.2,,-0.1
2026-03-30,451250,8210.0,1.19,-0.1,,0.1
2026-03-31,451250,8080.0,1.14,0.0,,-0.1
2026-04-01,451250,8450.0,1.14,1.7,,-1.7
2026-04-02,451250,8010.0,1.34,0.1,,-0.1
2026-04-03,451250,8150.0,1.37,0.2,,-0.2
2026-04-06,451250,8120.0,1.36,0.1,,-0.1
2026-04-07,451250,8030.0,1.37,-0.2,,0.2
2026-04-08,451250,8230.0,1.33,0.5,,-0.5
2026-04-09,451250,8260.0,1.39,0.3,,-0.3
2026-04-10,451250,8380.0,1.42,0.4,,-0.4
2026-04-13,451250,8530.0,1.47,0.1,,-0.1
2026-04-14,451250,8560.0,1.48,0.1,,-0.1
2026-04-15,451250,8800.0,1.49,0.5,,-0.5
2026-04-16,451250,8810.0,1.53,-0.1,,0.1
2026-04-17,451250,8780.0,1.5,0.1,,-0.1
2026-04-20,451250,8840.0,1.49,0.5,,-0.5
2026-04-21,451250,8750.0,1.54,-0.7,,0.7
2026-04-22,451250,8750.0,1.25,0.2,,-0.2
2026-04-23,451250,8770.0,1.28,0.1,,-0.2
2026-04-24,451250,9020.0,1.29,-0.9,,1.0
2026-04-27,451250,8940.0,1.2,-0.9,,0.9
2026-04-28,451250,8950.0,1.11,-2.2,,2.2
2026-04-29,451250,9050.0,0.88,0.1,0.0,-0.1
2026-04-30,451250,8880.0,0.89,-0.3,0.0,0.3
2026-05-04,451250,8820.0,0.86,0.6,-0.0,-0.7
2026-05-06,451250,8640.0,0.93,-0.5,-0.0,0.5
2026-05-07,451250,8480.0,0.88,-0.5,0.0,0.5
2026-05-08,451250,8480.0,0.82,0.0,,-0.0
2026-05-11,451250,8380.0,0.82,0.8,-0.0,-0.8
2026-05-12,451250,8170.0,1.1,-0.2,-0.0,0.2
2026-05-13,451250,8020.0,1.17,-0.5,-0.0,0.5
2026-05-14,451250,8240.0,0.89,-0.6,-0.0,0.6
2026-05-15,451250,8210.0,0.82,-0.4,0.0,0.4
2026-05-18,451250,7940.0,0.78,0.4,-0.0,-0.4
2026-05-19,451250,7900.0,0.84,0.0,-0.0,-0.0
2026-05-20,451250,7640.0,0.85,0.7,0.0,-0.7
2026-05-21,451250,7650.0,0.96,-0.3,-0.0,0.3
2026-05-22,451250,8010.0,0.93,0.3,,-0.4
2026-05-26,451250,7850.0,0.96,-0.6,0.0,0.7
2026-05-27,451250,7650.0,0.85,-0.0,-0.0,0.0
2026-05-28,451250,7480.0,0.85,0.1,-0.0,-0.1
2026-05-29,451250,7190.0,0.85,0.0,0.0,-0.0
2026-06-01,451250,6850.0,0.86,-0.0,0.0,0.0
2026-06-02,451250,6840.0,0.85,2.1,-0.0,-2.1
2026-06-04,451250,6830.0,1.16,-0.2,0.0,0.2
2026-06-05,451250,6870.0,1.13,0.3,-0.0,-0.3
2026-06-08,451250,6310.0,1.18,-0.2,0.0,0.2
2026-06-09,451250,7290.0,1.14,-0.4,0.4,-0.1
2026-06-10,451250,7170.0,1.1,0.5,0.2,-0.7
2026-06-11,451250,7320.0,1.16,0.2,0.0,-0.3
2026-06-12,451250,7780.0,1.2,0.7,0.5,-1.3
2026-06-15,451250,7960.0,1.28,0.5,0.3,-0.9
2026-06-16,451250,7970.0,1.35,0.2,1.0,-1.1
2026-06-17,451250,8090.0,1.37,-0.1,1.1,-1.0
2026-06-18,451250,7670.0,1.36,-1.1,1.6,-0.2
2026-06-19,451250,7490.0,1.23,-0.5,2.2,-1.7
2026-06-22,451250,7530.0,1.17,-0.1,2.3,-2.2
2026-06-23,451250,7440.0,1.16,-0.7,2.3,-1.6
2026-06-24,451250,7550.0,1.07,-1.3,2.3,-0.9
2026-06-25,451250,7670.0,0.9,-0.2,2.3,-2.2
2026-06-26,451250,7640.0,0.88,0.2,1.7,-1.8
2026-06-29,451250,8290.0,0.9,2.4,0.7,-3.2
2026-06-30,451250,8250.0,1.19,-0.7,1.8,-1.1
2026-07-01,451250,7840.0,1.1,-1.2,0.1,1.2
2026-07-02,451250,7600.0,0.95,-0.9,,0.9
2026-07-03,451250,7830.0,0.83,0.5,-0.0,-0.5
2026-07-06,451250,7580.0,0.89,0.2,0.0,-0.2
2026-07-07,451250,7650.0,0.92,0.4,-0.0,-0.4
2026-07-08,451250,7500.0,1.01,-0.4,0.0,0.4
2026-07-09,451250,7260.0,0.92,-0.0,-0.0,0.0
2026-07-10,451250,7550.0,0.92,0.9,0.3,-1.2
2026-07-13,451250,7320.0,1.03,0.1,0.0,-0.1
2025-07-14,451700,2055.0,0.23,0.0,0.1,0.0
2025-07-15,451700,2060.0,0.24,0.0,0.3,-0.2
2025-07-16,451700,2055.0,0.24,-0.0,1.0,-0.9
2025-07-17,451700,2065.0,0.24,-0.0,0.8,-0.7
2025-07-18,451700,2065.0,0.23,-0.0,0.5,-0.4
2025-07-21,451700,2065.0,0.23,0.0,0.7,-0.4
2025-07-22,451700,2065.0,0.23,0.0,-0.2,0.2
2025-07-23,451700,2065.0,0.23,0.0,0.1,-0.1
2025-07-24,451700,2065.0,0.23,-0.0,0.0,0.0
2025-07-25,451700,2070.0,0.23,-0.0,0.3,-0.3
2025-07-28,451700,2065.0,0.23,-0.0,0.0,-0.0
2025-07-29,451700,2065.0,0.23,-0.0,0.2,-0.2
2025-07-30,451700,2065.0,0.23,-0.0,-0.4,0.4
2025-07-31,451700,2065.0,0.23,,-0.0,0.0
2025-08-01,451700,2065.0,0.23,,0.0,0.0
2025-08-04,451700,2070.0,0.23,0.0,0.0,-0.0
2025-08-05,451700,2070.0,0.23,0.0,-0.1,0.1
2025-08-06,451700,2070.0,0.23,0.0,0.0,-0.0
2025-08-07,451700,2070.0,0.23,0.0,-0.1,0.1
2025-08-08,451700,2070.0,0.23,0.0,-0.2,0.2
2025-08-11,451700,2070.0,0.23,0.0,0.3,0.1
2025-08-12,451700,2070.0,0.23,0.0,-0.1,0.1
2025-08-13,451700,2070.0,0.24,-0.1,0.5,-0.5
2025-08-14,451700,2075.0,0.23,0.0,-0.2,0.5
2025-08-18,451700,2075.0,0.23,0.0,0.0,0.1
2025-08-19,451700,2075.0,0.23,0.0,0.0,0.0
2025-08-20,451700,2075.0,0.23,0.0,-0.3,0.3
2025-08-21,451700,2075.0,0.23,0.0,-0.1,0.1
2025-08-22,451700,2070.0,0.23,0.0,-0.5,0.5
2025-08-25,451700,2070.0,0.23,0.0,0.0,-0.0
2025-08-26,451700,2060.0,0.23,0.4,-2.8,2.5
2025-08-27,451700,2065.0,0.35,-0.3,-0.6,1.0
2025-08-28,451700,2055.0,0.25,-0.1,-0.6,0.6
2025-08-29,451700,2055.0,0.23,0.0,-2.0,2.0
2025-09-01,451700,2055.0,0.23,,-0.0,0.0
2025-09-02,451700,2065.0,0.23,-0.0,-0.1,0.1
2025-09-03,451700,2065.0,0.23,,0.9,-0.9
2025-09-04,451700,2065.0,0.23,0.0,0.0,-0.0
2025-09-05,451700,2070.0,0.23,-0.0,-0.3,0.3
2025-09-08,451700,2080.0,0.23,0.0,-0.7,0.7
2025-09-09,451700,2075.0,0.23,0.0,-0.4,0.4
2025-09-10,451700,2080.0,0.23,-0.0,-0.2,0.2
2025-09-11,451700,2080.0,0.23,0.0,-0.8,0.7
2025-09-12,451700,2092.0,0.24,-0.0,1.3,-1.3
2025-09-15,451700,2095.0,0.23,-0.0,-0.2,0.2
2025-09-16,451700,2095.0,0.23,0.0,0.3,0.0
2025-09-17,451700,2095.0,0.23,0.0,-0.4,0.4
2025-09-18,451700,2095.0,0.23,0.0,-0.2,0.2
2025-09-19,451700,2090.0,0.23,0.0,0.4,-0.4
2025-09-22,451700,2095.0,0.23,0.0,0.0,-0.0
2025-09-23,451700,2097.0,0.24,0.0,-0.1,0.1
2025-09-24,451700,2095.0,0.24,0.0,-0.0,0.0
2025-09-25,451700,2095.0,0.25,-0.0,0.3,-0.3
2025-09-26,451700,2090.0,0.25,-0.0,-0.0,0.0
2025-09-29,451700,2095.0,0.25,0.0,-0.9,0.9
2025-09-30,451700,2095.0,0.25,-0.0,-0.0,0.0
2025-10-01,451700,2095.0,0.25,0.0,1.7,-1.7
2025-10-02,451700,2100.0,0.25,0.0,0.2,-0.2
2025-10-10,451700,2100.0,0.25,0.0,0.6,-0.6
2025-10-13,451700,2095.0,0.25,-0.0,-0.0,0.0
2025-10-14,451700,2095.0,0.25,0.0,0.1,-0.1
2025-10-15,451700,2095.0,0.26,-0.0,-0.0,0.0
2025-10-16,451700,2095.0,0.25,-0.0,-0.4,0.4
2025-10-17,451700,2105.0,0.25,-0.0,0.8,-0.8
2025-10-20,451700,2100.0,0.25,0.0,0.1,-0.1
2025-10-21,451700,2105.0,0.25,-0.0,0.7,-0.7
2025-10-22,451700,2100.0,0.25,0.1,0.2,-0.2
2025-10-23,451700,2100.0,0.27,-0.1,0.0,0.1
2025-10-24,451700,2105.0,0.25,-0.0,0.9,-0.9
2025-10-27,451700,2105.0,0.25,0.0,0.2,-0.2
2025-10-28,451700,2100.0,0.25,0.0,-0.1,0.1
2025-10-29,451700,2095.0,0.25,-0.0,-0.5,0.5
2025-10-30,451700,2100.0,0.25,0.0,-0.3,0.3
2025-10-31,451700,2100.0,0.25,-0.0,0.0,-0.0
2025-11-03,451700,2105.0,0.25,0.0,0.3,-0.3
2025-11-04,451700,2105.0,0.25,0.0,0.5,-0.5
2025-11-05,451700,2105.0,0.25,0.0,0.5,-0.3
2025-11-06,451700,2100.0,0.25,-0.0,0.1,-0.1
2025-11-07,451700,2105.0,0.25,-0.0,-0.0,0.0
2025-11-10,451700,2105.0,0.25,-0.0,0.4,-0.4
2025-11-11,451700,2105.0,0.25,0.0,0.8,-0.8
2025-11-12,451700,2110.0,0.25,0.0,0.0,-0.0
2025-11-13,451700,2105.0,0.25,-0.0,-1.2,1.3
2025-11-14,451700,2105.0,0.25,0.0,0.0,-0.0
2025-11-17,451700,2105.0,0.25,,,
2025-11-18,451700,2105.0,0.25,,,
2025-11-19,451700,2105.0,0.25,,,
2025-11-20,451700,2105.0,0.25,,,
2025-11-21,451700,2105.0,0.25,,,
2025-11-24,451700,2105.0,0.25,,,
2025-11-25,451700,2105.0,0.25,,,
2025-11-26,451700,2105.0,0.25,,,
2025-11-27,451700,2105.0,0.25,,,
2025-11-28,451700,2105.0,0.25,,,
2025-12-01,451700,2105.0,0.25,,,
2025-12-02,451700,2105.0,0.25,,,
2025-12-03,451700,2105.0,0.25,,,
2025-12-04,451700,2105.0,0.25,,,
2025-12-05,451700,2105.0,0.25,,,
2025-12-08,451700,2105.0,0.25,,,
2025-12-09,451700,2105.0,0.25,,,
2025-12-10,451700,2105.0,0.25,,,
2025-12-11,451700,2105.0,0.25,,,
2025-12-12,451700,2105.0,0.25,,,
2025-12-15,451700,2105.0,0.25,,,
2025-12-16,451700,2105.0,0.25,,,
2025-12-17,451700,2105.0,0.25,,,
2025-12-18,451700,2105.0,0.25,,,
2025-12-19,451700,2105.0,0.25,,,
2025-12-22,451700,2105.0,0.25,,,
2025-12-23,451700,2105.0,0.25,,,
2025-12-24,451700,2105.0,0.25,,,
2025-12-26,451700,2105.0,0.25,,,
2025-12-29,451700,2105.0,0.25,,,
2025-12-30,451700,2105.0,0.25,,,
2026-01-02,451700,2105.0,0.25,,,
2026-01-05,451700,2105.0,0.25,,,
2026-01-06,451700,2105.0,0.25,,,
2026-01-07,451700,2105.0,0.25,,,
2026-01-08,451700,2105.0,0.25,,,
2026-01-09,451700,2105.0,0.25,,,
2026-01-12,451700,2105.0,0.25,,,
2026-01-13,451700,2105.0,0.25,,,
2026-01-14,451700,2105.0,0.25,,,
2026-01-15,451700,2105.0,0.25,,,
2026-01-16,451700,2105.0,0.25,,,
2026-01-19,451700,2105.0,0.25,,,
2026-01-20,451700,2105.0,0.25,,,
2026-01-21,451700,2105.0,0.25,,,
2026-01-22,451700,2105.0,0.25,,,
2026-01-23,451700,2105.0,0.25,,,
2026-01-26,451700,2105.0,0.25,,,
2026-01-27,451700,2105.0,0.25,,,
2026-01-28,451700,2105.0,0.25,,,
2026-01-29,451700,2105.0,0.25,,,
2026-01-30,451700,2105.0,0.25,,,
2026-02-02,451700,2105.0,0.25,,,
2026-02-03,451700,2105.0,0.25,,,
2026-02-04,451700,2105.0,0.25,,,
2026-02-05,451700,2105.0,0.25,,,
2026-02-06,451700,2440.0,0.25,-0.0,-25.8,25.5
2026-02-09,451700,2365.0,0.25,0.9,-7.0,5.3
2026-02-10,451700,2255.0,0.49,-0.7,-3.5,3.6
2026-02-11,451700,2265.0,0.28,0.2,-3.0,2.7
2026-02-12,451700,2385.0,0.34,0.7,-2.8,2.1
2026-02-13,451700,2405.0,0.53,1.1,-2.7,1.5
2026-02-19,451700,2415.0,0.85,-0.1,-1.3,1.5
2026-02-20,451700,2340.0,0.81,-0.4,-2.0,2.3
2026-02-23,451700,2345.0,0.69,-0.1,-1.0,0.8
2026-02-24,451700,2345.0,0.66,-0.0,-2.4,2.1
2026-02-25,451700,2310.0,0.66,0.2,-6.1,5.8
2026-02-26,451700,2330.0,0.72,-0.0,-1.2,1.2
2026-02-27,451700,2315.0,0.71,-0.1,-5.4,5.6
2026-03-03,451700,2260.0,0.69,0.0,-0.2,0.1
2026-03-04,451700,2170.0,0.69,0.2,0.8,-1.0
2026-03-05,451700,2195.0,0.77,0.1,0.5,-0.5
2026-03-06,451700,2180.0,0.79,-0.1,-1.1,1.2
2026-03-09,451700,2120.0,0.76,-0.1,-0.0,0.0
2026-03-10,451700,2175.0,0.74,-0.1,0.0,0.2
2026-03-11,451700,2220.0,0.71,-0.1,1.2,-1.1
2026-03-12,451700,2200.0,0.69,-0.1,0.0,0.1
2026-03-13,451700,2260.0,0.66,-0.1,0.9,-0.7
2026-03-16,451700,2270.0,0.62,-0.5,1.0,-0.6
2026-03-17,451700,2270.0,0.48,-0.1,0.1,0.0
2026-03-18,451700,2260.0,0.46,-0.0,-4.3,4.3
2026-03-19,451700,2225.0,0.46,-0.1,0.0,0.1
2026-03-20,451700,2235.0,0.43,-0.1,1.4,-1.3
2026-03-23,451700,2205.0,0.42,-0.0,0.6,-1.3
2026-03-24,451700,2230.0,0.41,-0.0,-0.1,0.1
2026-03-25,451700,2230.0,0.4,-0.0,-0.1,-0.0
2026-03-26,451700,2250.0,0.39,-0.0,-0.5,0.4
2026-03-27,451700,2255.0,0.39,-0.0,1.0,-1.1
2026-03-30,451700,2295.0,0.39,0.6,0.5,-1.3
2026-03-31,451700,2275.0,0.56,0.1,-0.1,0.0
2026-04-01,451700,2285.0,0.6,0.1,-0.1,0.0
2026-04-02,451700,2285.0,0.62,0.2,0.4,-0.6
2026-04-03,451700,2360.0,0.69,1.4,-1.0,-0.5
2026-04-06,451700,2435.0,1.13,1.3,-1.5,-0.4
2026-04-07,451700,2425.0,1.5,-1.5,-1.7,3.2
2026-04-08,451700,2405.0,1.07,-0.8,-1.2,2.0
2026-04-09,451700,2450.0,0.85,1.2,-1.9,0.1
2026-04-10,451700,2450.0,1.18,-0.7,-0.9,1.4
2026-04-13,451700,2575.0,0.98,3.4,-7.5,4.4
2026-04-14,451700,2530.0,1.93,-0.2,-2.9,3.0
2026-04-15,451700,2530.0,1.87,-0.8,-0.2,1.0
2026-04-16,451700,2540.0,1.65,0.8,-0.1,-0.7
2026-04-17,451700,2670.0,1.87,2.0,-4.2,2.3
2026-04-20,451700,2845.0,2.41,4.4,-11.2,6.7
2026-04-21,451700,2960.0,3.5,0.2,-4.7,4.6
2026-04-22,451700,3135.0,3.54,0.8,-3.7,2.7
2026-04-23,451700,3175.0,3.72,-2.1,-0.8,3.2
2026-04-24,451700,3225.0,3.25,0.4,-1.8,1.3
2026-04-27,451700,3135.0,3.34,-2.2,-0.3,2.5
2026-04-28,451700,3240.0,2.86,2.1,-0.4,-1.5
2026-04-29,451700,3410.0,3.32,3.5,-0.2,-3.4
2026-04-30,451700,3400.0,4.04,-3.1,0.0,3.0
2026-05-04,451700,3480.0,3.41,1.9,-0.4,-1.1
2026-05-06,451700,3560.0,3.8,-0.5,-1.7,2.3
2026-05-07,451700,3585.0,3.71,0.3,-0.1,-0.1
2026-05-08,451700,3755.0,3.76,2.0,-0.9,-1.3
2026-05-11,451700,3955.0,4.15,-2.0,-0.3,2.4
2026-05-12,451700,3895.0,3.78,-2.2,-2.1,4.4
2026-05-13,451700,3810.0,3.4,-1.4,-3.0,4.6
2026-05-14,451700,3830.0,3.14,-0.9,-1.4,2.3
2026-05-15,451700,3440.0,2.98,-3.3,-1.1,4.3
2026-05-18,451700,3440.0,2.34,,,
2026-05-19,451700,3440.0,2.34,,,
2026-05-20,451700,3440.0,2.34,,,
2026-05-21,451700,3440.0,2.34,,,
2026-05-22,451700,3440.0,2.34,,,
2026-05-26,451700,3440.0,2.34,,,
2026-05-27,451700,3440.0,2.34,,,
2026-05-28,451700,3440.0,2.34,,,
2026-05-29,451700,3440.0,2.34,,,
2026-06-01,451700,3440.0,2.34,,,
2026-06-02,451700,3440.0,2.34,,,
2026-06-04,451700,3440.0,2.34,,,
2026-06-05,451700,3440.0,2.34,,,
2026-06-08,451700,3440.0,2.34,,,
2026-06-09,451700,3440.0,2.34,,,
2026-06-30,451700,,,,,
2026-07-13,451700,,,,,
2025-07-14,451760,9090.0,0.13,-0.7,0.1,0.6
2025-07-15,451760,9110.0,0.08,-0.4,0.0,0.3
2025-07-16,451760,9100.0,0.08,-0.3,-0.1,0.3
2025-07-17,451760,9150.0,0.06,0.2,0.0,-0.3
2025-07-18,451760,9150.0,0.08,-0.0,0.8,-0.4
2025-07-21,451760,9040.0,0.11,-1.0,0.0,0.9
2025-07-22,451760,9070.0,0.04,-0.9,-0.4,1.5
2025-07-23,451760,9040.0,0.0,0.2,0.2,0.1
2025-07-24,451760,8930.0,0.01,-0.8,-0.1,0.7
2025-07-25,451760,8940.0,0.0,-0.2,-0.0,0.2
2025-07-28,451760,8830.0,0.0,0.1,0.3,-0.4
2025-07-29,451760,8810.0,0.0,-0.1,0.5,-0.4
2025-07-30,451760,8710.0,0.0,-0.4,1.2,-1.0
2025-07-31,451760,8890.0,0.0,0.5,0.0,-0.5
2025-08-01,451760,8880.0,0.0,-0.6,1.1,-0.5
2025-08-04,451760,9050.0,0.0,0.9,0.0,-1.0
2025-08-05,451760,9100.0,0.0,-0.4,0.2,0.3
2025-08-06,451760,9310.0,0.0,0.3,0.0,-0.3
2025-08-07,451760,9370.0,0.0,1.0,-0.0,-1.0
2025-08-08,451760,9190.0,0.01,-0.5,0.1,0.7
2025-08-11,451760,9340.0,0.0,0.1,0.1,-0.2
2025-08-12,451760,9240.0,0.0,0.1,0.3,-0.4
2025-08-13,451760,9200.0,0.0,0.4,-0.8,0.5
2025-08-14,451760,9320.0,0.01,1.2,-0.2,-1.0
2025-08-18,451760,9240.0,0.1,-2.5,-0.0,2.4
2025-08-19,451760,8860.0,0.0,0.0,-0.8,2.8
2025-08-20,451760,8550.0,0.0,-0.8,-0.7,1.5
2025-08-21,451760,8550.0,0.0,-0.5,-0.0,0.5
2025-08-22,451760,8620.0,0.0,0.4,-0.5,-0.1
2025-08-25,451760,8750.0,0.0,0.2,-0.0,-0.2
2025-08-26,451760,8740.0,0.0,0.1,-0.0,-0.1
2025-08-27,451760,8710.0,0.0,-0.2,-0.0,0.3
2025-08-28,451760,8700.0,0.0,-0.1,-0.0,0.2
2025-08-29,451760,8620.0,0.0,-0.8,-0.0,1.0
2025-09-01,451760,8400.0,0.0,-0.9,-0.0,0.9
2025-09-02,451760,8440.0,0.0,0.1,-0.0,-0.1
2025-09-03,451760,8490.0,0.0,-0.1,-0.0,0.2
2025-09-04,451760,8500.0,0.0,0.1,-0.0,-0.1
2025-09-05,451760,8540.0,0.0,0.4,0.0,-0.4
2025-09-08,451760,8560.0,0.0,1.1,0.0,-1.1
2025-09-09,451760,8500.0,0.0,-0.7,-0.0,0.7
2025-09-10,451760,8460.0,0.0,-0.1,-0.0,0.2
2025-09-11,451760,8630.0,0.0,2.5,-0.0,-2.4
2025-09-12,451760,8700.0,0.0,-0.6,0.0,0.5
2025-09-15,451760,8640.0,0.0,0.0,-0.0,0.1
2025-09-16,451760,9000.0,0.0,1.3,-0.1,-1.1
2025-09-17,451760,9140.0,0.03,0.1,-0.0,-0.1
2025-09-18,451760,9300.0,0.02,-0.3,1.0,-0.8
2025-09-19,451760,9080.0,0.0,0.4,-0.1,-0.4
2025-09-22,451760,8980.0,0.04,0.1,0.0,-0.2
2025-09-23,451760,8780.0,0.03,-0.1,-0.0,0.1
2025-09-24,451760,8860.0,0.02,-0.2,-0.0,0.2
2025-09-25,451760,8630.0,0.0,-0.5,-0.0,0.5
2025-09-26,451760,8400.0,0.0,-1.7,-0.0,1.7
2025-09-29,451760,8450.0,0.0,-0.1,-0.1,0.1
2025-09-30,451760,8510.0,0.0,-0.3,-0.0,0.4
2025-10-01,451760,8500.0,0.0,-0.4,-0.0,0.4
2025-10-02,451760,8550.0,0.0,0.1,-0.0,-0.1
2025-10-10,451760,8740.0,0.0,-0.1,-0.1,0.2
2025-10-13,451760,8780.0,0.0,0.2,-0.0,-0.2
2025-10-14,451760,8770.0,0.0,0.5,-0.4,0.1
2025-10-15,451760,8930.0,0.0,0.8,-0.2,-0.6
2025-10-16,451760,8720.0,0.0,0.1,-0.7,0.6
2025-10-17,451760,8700.0,0.0,-0.5,0.2,0.3
2025-10-20,451760,8690.0,0.0,0.1,-0.7,0.5
2025-10-21,451760,8670.0,0.0,0.7,-0.8,0.2
2025-10-22,451760,8570.0,0.0,-0.3,-0.7,1.0
2025-10-23,451760,8510.0,0.0,-0.2,-0.7,0.8
2025-10-24,451760,8470.0,0.0,-0.7,-0.7,1.4
2025-10-27,451760,8470.0,0.0,0.0,-0.7,0.7
2025-10-28,451760,8460.0,0.0,-0.1,-0.7,0.8
2025-10-29,451760,8500.0,0.0,0.7,-0.9,-0.1
2025-10-30,451760,8540.0,0.0,-0.1,-0.8,0.8
2025-10-31,451760,8690.0,0.0,4.2,-7.9,3.7
2025-11-03,451760,8670.0,0.08,-0.4,-0.4,0.9
2025-11-04,451760,8520.0,0.06,-1.5,-0.8,2.3
2025-11-05,451760,8280.0,0.0,-2.7,-1.1,3.8
2025-11-06,451760,8250.0,0.0,-2.3,-1.0,3.1
2025-11-07,451760,7800.0,0.0,-1.9,-0.0,1.9
2025-11-10,451760,7760.0,0.0,0.6,-1.6,1.0
2025-11-11,451760,7560.0,0.0,-1.4,-1.0,2.4
2025-11-12,451760,7710.0,0.0,0.3,-0.0,-0.3
2025-11-13,451760,7820.0,0.0,0.0,,-0.0
2025-11-14,451760,8140.0,0.0,1.4,-0.2,-1.3
2025-11-17,451760,8350.0,0.0,-0.1,,0.2
2025-11-18,451760,8460.0,0.0,1.0,,-1.1
2025-11-19,451760,8580.0,0.0,1.7,-0.0,-1.7
2025-11-20,451760,8870.0,0.0,3.9,,-4.0
2025-11-21,451760,8470.0,0.18,-0.5,0.0,0.5
2025-11-24,451760,8350.0,0.14,-0.4,-0.0,0.5
2025-11-25,451760,8290.0,0.09,-0.2,-0.6,0.7
2025-11-26,451760,8030.0,0.06,0.3,-0.5,0.2
2025-11-27,451760,7750.0,0.09,-1.4,-0.8,2.1
2025-11-28,451760,7940.0,0.0,0.4,-0.8,0.4
2025-12-01,451760,7870.0,0.0,-0.2,,0.2
2025-12-02,451760,7800.0,0.0,0.3,-1.2,0.9
2025-12-03,451760,7750.0,0.0,0.4,-0.8,0.4
2025-12-04,451760,7660.0,0.0,-0.7,-0.8,1.4
2025-12-05,451760,7770.0,0.0,0.3,-0.8,0.4
2025-12-08,451760,7850.0,0.0,0.3,-0.8,0.5
2025-12-09,451760,7990.0,0.0,1.1,-0.8,-0.4
2025-12-10,451760,8030.0,0.13,0.0,,-0.0
2025-12-11,451760,8180.0,0.09,0.5,,-0.5
2025-12-12,451760,8620.0,0.17,2.0,-1.7,-0.3
2025-12-15,451760,9450.0,0.42,-4.3,-3.6,7.7
2025-12-16,451760,8890.0,0.1,2.6,-0.0,-3.6
2025-12-17,451760,8640.0,0.38,0.2,-0.1,-0.3
2025-12-18,451760,9110.0,0.37,0.4,-0.2,-0.2
2025-12-19,451760,9140.0,0.41,5.2,0.0,-5.2
2025-12-22,451760,10930.0,0.78,1.7,5.5,-7.0
2025-12-23,451760,10610.0,0.9,-21.8,-0.8,22.8
2025-12-24,451760,11500.0,0.0,-0.3,0.3,-3.3
2025-12-26,451760,11520.0,0.0,-4.7,,4.9
2025-12-29,451760,11110.0,0.0,0.6,-0.0,-0.6
2025-12-30,451760,11220.0,0.0,-0.6,,-0.4
2026-01-02,451760,11810.0,0.0,8.8,-0.1,-10.1
2026-01-05,451760,13600.0,0.0,-10.3,4.2,9.4
2026-01-06,451760,13330.0,0.0,2.0,0.5,-2.3
2026-01-07,451760,13800.0,0.0,0.2,0.2,-1.5
2026-01-08,451760,14490.0,0.0,-0.1,-0.3,-2.2
2026-01-09,451760,13910.0,0.0,-4.1,-0.0,3.2
2026-01-12,451760,14360.0,0.0,14.4,-1.8,-13.7
2026-01-13,451760,13300.0,0.07,-16.0,-5.1,20.4
2026-01-14,451760,13720.0,0.0,4.0,16.5,-19.8
2026-01-15,451760,14820.0,0.0,21.4,15.6,-34.9
2026-01-16,451760,14000.0,0.56,-16.1,-0.2,15.5
2026-01-19,451760,14260.0,0.0,5.3,0.0,-4.0
2026-01-20,451760,17990.0,0.06,27.2,30.2,-56.1
2026-01-21,451760,18100.0,1.24,-34.0,-11.8,44.0
2026-01-22,451760,20400.0,0.0,24.4,-21.2,11.4
2026-01-23,451760,20350.0,0.63,-19.9,-3.9,30.7
2026-01-26,451760,20500.0,0.04,0.6,-0.8,3.8
2026-01-27,451760,19860.0,0.06,-10.6,-3.5,20.6
2026-01-28,451760,20700.0,0.0,27.7,7.1,-37.2
2026-01-29,451760,21950.0,0.61,3.7,3.1,8.7
2026-01-30,451760,21250.0,0.71,-26.2,0.4,25.7
2026-02-02,451760,20950.0,0.0,10.8,-0.0,-7.9
2026-02-03,451760,22350.0,0.27,27.7,7.4,-35.5
2026-02-04,451760,21350.0,1.09,-35.1,-9.3,47.5
2026-02-05,451760,18600.0,0.07,0.0,-27.7,26.7
2026-02-06,451760,20800.0,0.08,35.3,16.8,-52.5
2026-02-09,451760,21950.0,1.29,19.1,8.6,-25.6
2026-02-10,451760,22000.0,1.86,-17.4,4.4,16.4
2026-02-11,451760,22650.0,1.36,-27.9,2.8,29.9
2026-02-12,451760,22300.0,0.67,-10.2,-1.3,11.6
2026-02-13,451760,21250.0,0.41,33.0,-35.0,55.8
2026-02-19,451760,20700.0,1.41,6.7,-13.4,7.9
2026-02-20,451760,19570.0,1.64,-15.6,-10.2,31.1
2026-02-23,451760,18340.0,1.13,18.8,-10.1,-9.2
2026-02-24,451760,17970.0,1.82,4.4,-6.7,7.5
2026-02-25,451760,18390.0,2.01,-6.8,-8.0,14.8
2026-02-26,451760,18000.0,1.77,11.8,0.4,-12.1
2026-02-27,451760,17500.0,2.19,6.0,-0.6,-5.1
2026-03-03,451760,16800.0,2.42,10.2,0.9,-10.9
2026-03-04,451760,14050.0,2.82,27.8,1.2,-28.0
2026-03-05,451760,16200.0,4.02,6.7,-1.8,-4.8
2026-03-06,451760,17250.0,4.19,-3.7,1.9,1.9
2026-03-09,451760,16150.0,4.05,-4.1,-0.9,5.0
2026-03-10,451760,17150.0,3.9,10.2,-0.1,-10.0
2026-03-11,451760,17670.0,4.27,-4.5,-1.2,5.4
2026-03-12,451760,18170.0,4.11,2.5,0.4,-3.1
2026-03-13,451760,18820.0,4.2,-23.4,0.1,18.1
2026-03-16,451760,17730.0,3.4,-2.5,-3.0,7.7
2026-03-17,451760,17420.0,3.33,-2.0,0.0,5.3
2026-03-18,451760,17790.0,3.24,2.0,0.0,-3.5
2026-03-19,451760,17020.0,3.31,0.4,-0.5,-0.3
2026-03-20,451760,17490.0,3.32,4.3,-2.5,-1.8
2026-03-23,451760,16350.0,3.48,5.1,0.0,-4.4
2026-03-24,451760,18750.0,3.67,20.2,8.5,-27.9
2026-03-25,451760,19700.0,4.27,-21.6,-3.3,24.6
2026-03-26,451760,20000.0,3.55,-8.5,1.6,6.6
2026-03-27,451760,19980.0,3.31,-5.0,0.1,5.0
2026-03-30,451760,18650.0,3.23,-4.7,-3.0,7.8
2026-03-31,451760,17100.0,3.07,8.0,-6.4,-2.3
2026-04-01,451760,19070.0,3.36,15.7,0.1,-15.2
2026-04-02,451760,17190.0,3.88,-19.1,0.6,17.7
2026-04-03,451760,18090.0,3.22,12.6,0.1,-13.4
2026-04-06,451760,17800.0,3.65,-3.1,0.4,2.4
2026-04-07,451760,17350.0,3.54,-1.2,0.1,0.2
2026-04-08,451760,19180.0,3.5,23.9,0.1,-23.6
2026-04-09,451760,18760.0,4.31,-6.4,0.0,6.3
2026-04-10,451760,20300.0,4.09,16.9,0.3,-20.1
2026-04-13,451760,21750.0,4.61,3.1,8.9,6.8
2026-04-14,451760,22600.0,4.56,-22.5,6.6,26.6
2026-04-15,451760,23100.0,3.94,12.9,9.2,-2.4
2026-04-16,451760,22050.0,4.33,-17.7,-1.2,18.1
2026-04-17,451760,22050.0,3.83,-3.6,-3.3,8.0
2026-04-20,451760,20400.0,3.73,-6.8,-11.7,17.9
2026-04-21,451760,20350.0,3.51,0.0,-6.2,5.1
2026-04-22,451760,20300.0,3.5,-6.4,-5.9,11.4
2026-04-23,451760,20600.0,3.32,10.7,-0.0,-11.4
2026-04-24,451760,21450.0,3.64,-7.2,-0.6,8.1
2026-04-27,451760,22300.0,3.44,-0.1,2.0,-3.4
2026-04-28,451760,22500.0,3.47,18.7,-1.6,-13.7
2026-04-29,451760,22850.0,4.0,7.1,4.6,-12.3
2026-04-30,451760,22500.0,4.2,-12.1,35.3,-22.8
2026-05-04,451760,23150.0,3.91,8.7,24.9,-27.8
2026-05-06,451760,21900.0,4.16,-2.1,-3.4,5.1
2026-05-07,451760,20950.0,4.1,3.7,-0.3,-3.1
2026-05-08,451760,22850.0,4.21,2.2,2.5,-4.8
2026-05-11,451760,23550.0,4.27,32.4,-11.8,-5.7
2026-05-12,451760,21100.0,5.12,-23.6,-0.9,24.4
2026-05-13,451760,21400.0,4.39,-5.1,4.2,1.0
2026-05-14,451760,19010.0,4.27,-40.0,-1.1,40.6
2026-05-15,451760,18450.0,2.92,4.3,-5.1,4.5
2026-05-18,451760,20200.0,3.08,-1.6,3.4,-1.9
2026-05-19,451760,18910.0,3.01,-9.6,3.3,6.8
2026-05-20,451760,17300.0,2.7,-2.6,-0.7,3.5
2026-05-21,451760,17820.0,2.63,-1.2,2.9,-1.7
2026-05-22,451760,18570.0,2.59,1.6,-0.1,-2.2
2026-05-26,451760,19660.0,2.64,8.0,-2.7,-5.1
2026-05-27,451760,17930.0,2.88,-18.8,-0.4,19.0
2026-05-28,451760,18150.0,2.24,3.7,0.3,-2.2
2026-05-29,451760,17440.0,2.37,-2.4,-0.4,2.4
2026-06-01,451760,15900.0,2.37,5.6,-3.5,-3.0
2026-06-02,451760,15080.0,2.62,12.7,-1.0,-12.2
2026-06-04,451760,15120.0,3.12,3.3,-6.4,3.3
2026-06-05,451760,14310.0,3.26,6.3,-3.7,-2.9
2026-06-08,451760,13090.0,3.53,4.7,-0.3,-4.2
2026-06-09,451760,13410.0,3.74,3.3,-5.3,2.0
2026-06-10,451760,13210.0,3.9,10.5,-5.9,-5.2
2026-06-11,451760,13290.0,4.41,1.2,-4.9,3.2
2026-06-12,451760,13420.0,4.47,-2.2,0.0,2.9
2026-06-15,451760,12470.0,4.37,1.4,-3.2,1.3
2026-06-16,451760,12970.0,4.34,3.3,0.2,-3.4
2026-06-17,451760,13050.0,4.42,3.1,-1.5,-1.9
2026-06-18,451760,12120.0,4.57,4.7,0.9,-6.1
2026-06-19,451760,11200.0,4.76,11.4,0.3,-11.5
2026-06-22,451760,10790.0,5.39,3.3,2.7,-5.7
2026-06-23,451760,9850.0,5.59,3.3,0.2,-3.5
2026-06-24,451760,10230.0,5.78,2.2,-0.3,-1.8
2026-06-25,451760,9750.0,5.93,1.2,0.2,-1.4
2026-06-26,451760,8900.0,6.0,4.0,-0.8,-3.1
2026-06-29,451760,9910.0,6.27,2.0,0.5,-2.3
2026-06-30,451760,10070.0,6.39,-1.9,0.2,1.8
2026-07-01,451760,10300.0,6.28,-2.3,2.3,0.4
2026-07-02,451760,9240.0,6.15,-0.3,0.3,0.3
2026-07-03,451760,9470.0,6.13,6.7,-8.2,1.5
2026-07-06,451760,9120.0,6.58,-1.4,-0.1,1.8
2026-07-07,451760,8660.0,6.49,-0.6,0.1,0.6
2026-07-08,451760,8010.0,6.44,-0.9,-0.1,1.2
2026-07-09,451760,8100.0,6.38,0.3,-0.0,0.1
2026-07-10,451760,8650.0,6.4,0.5,0.1,-0.6
2026-07-13,451760,7680.0,6.43,-5.7,0.0,5.4
2025-07-14,451800,4100.0,0.67,3.1,-1.2,-3.8
2025-07-15,451800,4025.0,0.71,-3.4,1.5,0.6
2025-07-16,451800,4000.0,0.67,-3.0,-0.9,1.4
2025-07-17,451800,4015.0,0.63,-1.2,-0.2,0.2
2025-07-18,451800,4050.0,0.61,-1.3,2.8,-2.4
2025-07-21,451800,4045.0,0.59,-2.0,5.0,-2.6
2025-07-22,451800,3985.0,0.56,-3.1,3.3,-0.5
2025-07-23,451800,4045.0,0.52,0.4,1.9,-2.2
2025-07-24,451800,4035.0,0.53,-2.3,4.2,-1.8
2025-07-25,451800,4040.0,0.49,0.1,3.9,-4.3
2025-07-28,451800,4065.0,0.49,0.9,3.5,-3.5
2025-07-29,451800,4085.0,0.51,0.6,2.8,-2.7
2025-07-30,451800,4060.0,0.52,-2.5,3.3,-0.3
2025-07-31,451800,3995.0,0.48,-1.3,1.3,0.9
2025-08-01,451800,3935.0,0.46,-0.5,-0.6,0.5
2025-08-04,451800,3995.0,0.46,-1.0,2.4,-0.4
2025-08-05,451800,4000.0,0.44,2.7,0.1,-2.4
2025-08-06,451800,4030.0,0.48,2.1,-1.5,-0.7
2025-08-07,451800,4030.0,0.51,1.5,-0.0,-1.4
2025-08-08,451800,4055.0,0.53,1.2,2.0,-2.3
2025-08-11,451800,4040.0,0.55,-1.2,-0.1,1.9
2025-08-12,451800,4000.0,0.53,-1.9,1.1,0.4
2025-08-13,451800,3970.0,0.5,9.5,-15.2,5.1
2025-08-14,451800,3935.0,0.64,9.3,-12.0,7.5
2025-08-18,451800,3905.0,0.77,7.0,4.1,1.6
2025-08-19,451800,3935.0,0.87,4.8,-5.0,-0.5
2025-08-20,451800,3945.0,0.94,-1.4,1.6,-0.5
2025-08-21,451800,3920.0,0.92,-1.1,0.7,0.9
2025-08-22,451800,3910.0,0.9,0.3,0.4,0.8
2025-08-25,451800,3935.0,0.91,1.0,-0.1,0.6
2025-08-26,451800,3980.0,0.92,1.0,1.6,-1.7
2025-08-27,451800,3935.0,0.93,-2.7,3.3,0.5
2025-08-28,451800,3935.0,0.9,-1.5,3.5,-0.1
2025-08-29,451800,3895.0,0.87,0.1,1.4,4.4
2025-09-01,451800,3885.0,0.88,0.3,1.4,0.2
2025-09-02,451800,3920.0,0.88,1.2,-0.2,-0.4
2025-09-03,451800,3945.0,0.9,-0.2,0.4,-0.0
2025-09-04,451800,3945.0,0.9,0.8,-1.3,1.3
2025-09-05,451800,3960.0,0.91,-2.0,2.7,-0.6
2025-09-08,451800,4025.0,0.88,5.8,0.4,-4.0
2025-09-09,451800,3965.0,0.96,4.0,0.0,2.0
2025-09-10,451800,4025.0,1.01,5.4,2.9,-1.5
2025-09-11,451800,4030.0,1.09,-0.1,2.5,-0.6
2025-09-12,451800,4030.0,1.09,0.4,0.5,0.8
2025-09-15,451800,4045.0,1.09,3.5,0.8,-1.8
2025-09-16,451800,4040.0,1.14,-0.8,1.2,-0.2
2025-09-17,451800,4055.0,1.13,1.9,1.3,-3.0
2025-09-18,451800,4100.0,1.16,6.2,0.5,-4.3
2025-09-19,451800,4085.0,1.24,14.3,-5.7,-4.5
2025-09-22,451800,4115.0,1.43,-0.1,3.7,-2.6
2025-09-23,451800,4010.0,1.43,-8.6,5.8,6.8
2025-09-24,451800,4035.0,1.31,-1.1,4.0,-1.4
2025-09-25,451800,4045.0,1.3,-1.6,2.9,-0.2
2025-09-26,451800,4020.0,1.28,0.9,3.8,-2.5
2025-09-29,451800,4015.0,1.29,1.2,0.6,1.6
2025-09-30,451800,3985.0,1.31,1.3,5.0,3.1
2025-10-01,451800,4000.0,1.32,1.5,3.3,0.8
2025-10-02,451800,4040.0,1.34,3.2,-1.4,-1.5
2025-10-10,451800,4005.0,1.39,-4.2,4.1,4.3
2025-10-13,451800,3980.0,1.33,-2.7,4.6,2.2
2025-10-14,451800,4000.0,1.29,-1.5,4.0,-1.9
2025-10-15,451800,4035.0,1.27,1.0,1.5,-2.3
2025-10-16,451800,4035.0,1.29,-0.0,2.2,1.2
2025-10-17,451800,4045.0,1.29,-3.1,5.9,-2.6
2025-10-20,451800,4020.0,1.24,-1.5,-0.3,2.4
2025-10-21,451800,4020.0,1.22,-2.2,4.2,-1.2
2025-10-22,451800,4030.0,1.19,-1.3,1.5,2.9
2025-10-23,451800,4015.0,1.17,-2.4,3.9,1.2
2025-10-24,451800,4015.0,1.14,-3.0,-0.4,3.2
2025-10-27,451800,4015.0,1.1,-0.9,3.0,-0.1
2025-10-28,451800,4025.0,1.09,2.9,-1.9,-1.4
2025-10-29,451800,4015.0,1.13,-4.6,1.3,2.6
2025-10-30,451800,3950.0,1.06,-0.7,5.0,-4.2
2025-10-31,451800,3975.0,1.05,-2.8,4.9,-2.8
2025-11-03,451800,3965.0,1.01,-2.3,4.0,-2.8
2025-11-04,451800,3980.0,0.98,-2.3,3.8,-2.7
2025-11-05,451800,3960.0,0.95,-0.3,1.7,-1.7
2025-11-06,451800,3965.0,0.95,-1.2,1.6,-1.1
2025-11-07,451800,3970.0,0.93,-1.0,1.7,-1.2
2025-11-10,451800,3975.0,0.91,-0.1,1.3,-0.1
2025-11-11,451800,3985.0,0.91,-0.1,2.7,-2.5
2025-11-12,451800,4015.0,0.91,1.2,1.2,-2.9
2025-11-13,451800,4005.0,0.93,-0.7,1.1,-0.4
2025-11-14,451800,4010.0,0.92,-0.8,1.7,-1.2
2025-11-17,451800,4005.0,0.91,-0.1,2.2,-2.4
2025-11-18,451800,4020.0,0.9,2.3,3.0,-5.4
2025-11-19,451800,4040.0,0.94,2.3,-0.6,-2.2
2025-11-20,451800,4025.0,0.97,2.0,0.9,-2.9
2025-11-21,451800,4020.0,1.0,0.7,1.6,-2.4
2025-11-24,451800,4055.0,1.01,2.5,0.2,-2.4
2025-11-25,451800,4100.0,1.04,2.3,3.5,-5.2
2025-11-26,451800,4105.0,1.07,1.1,-0.2,-1.4
2025-11-27,451800,4130.0,1.09,1.7,0.2,-2.3
2025-11-28,451800,4120.0,1.11,0.7,1.0,-2.2
2025-12-01,451800,4070.0,1.12,-1.3,1.2,0.1
2025-12-02,451800,4095.0,1.1,-0.2,0.7,-0.9
2025-12-03,451800,4090.0,1.1,-0.0,0.4,-0.4
2025-12-04,451800,4135.0,1.1,2.1,2.1,-4.6
2025-12-05,451800,4170.0,1.13,-0.0,2.4,-2.9
2025-12-08,451800,4200.0,1.13,0.6,2.4,-3.0
2025-12-09,451800,4230.0,1.14,0.1,0.9,-1.5
2025-12-10,451800,4240.0,1.14,-0.2,2.4,-2.3
2025-12-11,451800,4160.0,1.13,10.5,-13.0,2.5
2025-12-12,451800,4160.0,1.28,2.0,-2.1,0.1
2025-12-15,451800,4090.0,1.3,-1.8,-0.9,2.6
2025-12-16,451800,4035.0,1.28,4.4,-3.9,2.2
2025-12-17,451800,4045.0,1.34,-0.1,-1.2,1.3
2025-12-18,451800,4035.0,1.34,0.7,-2.1,1.4
2025-12-19,451800,4100.0,1.35,0.4,4.2,-4.7
2025-12-22,451800,4125.0,1.35,-3.3,4.2,-0.9
2025-12-23,451800,4125.0,1.31,-0.7,2.0,-1.3
2025-12-24,451800,4110.0,1.3,3.3,1.8,-1.0
2025-12-26,451800,4125.0,1.34,-3.0,6.0,-2.0
2025-12-29,451800,4120.0,1.3,-1.8,2.7,-0.9
2025-12-30,451800,4145.0,1.28,-0.1,1.3,-1.2
2026-01-02,451800,4155.0,1.28,-2.6,4.2,-1.5
2026-01-05,451800,4220.0,1.24,2.2,4.1,-5.3
2026-01-06,451800,4300.0,1.27,4.3,1.9,-6.0
2026-01-07,451800,4275.0,1.33,-1.6,2.3,-0.6
2026-01-08,451800,4280.0,1.31,-1.5,2.9,-1.3
2026-01-09,451800,4305.0,1.29,-1.4,2.8,-1.4
2026-01-12,451800,4350.0,1.27,2.6,0.9,-2.0
2026-01-13,451800,4260.0,1.3,0.5,-0.9,0.7
2026-01-14,451800,4305.0,1.31,0.2,1.0,-1.1
2026-01-15,451800,4300.0,1.31,-1.4,1.5,-0.1
2026-01-16,451800,4335.0,1.29,0.7,2.2,-2.7
2026-01-19,451800,4380.0,1.3,0.7,1.1,-1.7
2026-01-20,451800,4355.0,1.31,-2.1,2.5,-0.4
2026-01-21,451800,4345.0,1.29,-2.1,3.6,-1.2
2026-01-22,451800,4345.0,1.26,-0.8,4.6,-3.8
2026-01-23,451800,4360.0,1.25,-2.2,5.3,-3.0
2026-01-26,451800,4450.0,1.22,-2.2,11.0,-8.4
2026-01-27,451800,4530.0,1.19,-2.6,6.5,-3.5
2026-01-28,451800,4530.0,1.16,-5.3,8.4,-2.9
2026-01-29,451800,4600.0,1.09,-0.1,4.4,-3.8
2026-01-30,451800,4595.0,1.09,-2.1,6.3,-1.3
2026-02-02,451800,4585.0,1.07,-0.4,5.0,-4.5
2026-02-03,451800,4585.0,1.06,-0.6,2.3,-1.5
2026-02-04,451800,4645.0,1.06,2.0,1.0,-2.8
2026-02-05,451800,4635.0,1.08,-0.7,4.5,-3.4
2026-02-06,451800,4715.0,1.07,0.8,3.1,-3.8
2026-02-09,451800,4690.0,1.08,-2.0,1.7,0.3
2026-02-10,451800,4725.0,1.06,0.1,1.2,-1.2
2026-02-11,451800,4690.0,1.06,-0.2,1.0,-0.7
2026-02-12,451800,4800.0,1.06,-1.1,2.1,-0.9
2026-02-13,451800,4850.0,1.04,-0.5,3.1,-1.4
2026-02-19,451800,4850.0,1.04,-0.7,0.7,0.2
2026-02-20,451800,4870.0,1.03,-0.5,3.0,-0.1
2026-02-23,451800,4985.0,1.03,-1.4,5.2,-3.2
2026-02-24,451800,5130.0,1.01,-0.6,6.9,-5.4
2026-02-25,451800,5120.0,1.0,-3.6,7.7,-3.7
2026-02-26,451800,5150.0,0.96,-3.8,11.7,-7.6
2026-02-27,451800,5120.0,1.03,-3.0,4.4,-1.2
2026-03-03,451800,5040.0,1.0,0.7,3.4,-4.1
2026-03-04,451800,4750.0,1.01,1.9,-0.1,-1.8
2026-03-05,451800,5090.0,1.03,-3.1,7.5,-4.1
2026-03-06,451800,5090.0,1.0,-1.2,2.1,-0.9
2026-03-09,451800,5020.0,0.98,-0.4,4.0,-3.7
2026-03-10,451800,5050.0,0.98,-1.2,6.5,-5.0
2026-03-11,451800,5000.0,0.97,-0.8,3.8,-2.7
2026-03-12,451800,5070.0,0.96,1.8,1.2,-1.4
2026-03-13,451800,5090.0,0.98,-0.3,5.0,-4.5
2026-03-16,451800,5060.0,0.97,-1.6,3.1,-1.4
2026-03-17,451800,5080.0,0.96,-0.6,2.5,-1.9
2026-03-18,451800,5140.0,0.95,-0.1,5.0,-4.6
2026-03-19,451800,5140.0,0.95,-0.1,2.1,-2.0
2026-03-20,451800,5190.0,0.95,0.1,2.2,-2.3
2026-03-23,451800,5100.0,0.95,-0.6,1.0,-0.4
2026-03-24,451800,5080.0,0.94,-0.9,1.4,-0.2
2026-03-25,451800,5070.0,0.99,-0.2,0.7,-0.2
2026-03-26,451800,5110.0,0.99,0.8,0.5,-1.1
2026-03-27,451800,5110.0,0.99,-0.7,1.6,-0.9
2026-03-30,451800,5070.0,0.99,-0.7,1.5,-0.8
2026-03-31,451800,5000.0,0.98,-1.1,2.4,-1.3
2026-04-01,451800,5140.0,0.97,-0.3,3.6,-3.3
2026-04-02,451800,5250.0,0.96,-0.1,4.3,-3.9
2026-04-03,451800,5270.0,0.96,-0.5,2.2,-1.8
2026-04-06,451800,5340.0,0.96,3.0,3.1,-6.1
2026-04-07,451800,5300.0,0.99,-0.8,2.4,-1.6
2026-04-08,451800,5370.0,0.98,-3.0,4.1,-0.8
2026-04-09,451800,5470.0,0.95,0.7,4.0,-4.2
2026-04-10,451800,5620.0,0.96,-0.1,3.9,-3.8
2026-04-13,451800,5600.0,0.96,-0.8,6.6,-1.6
2026-04-14,451800,5610.0,0.95,-0.8,9.4,-0.8
2026-04-15,451800,5670.0,0.94,-1.7,5.5,-0.2
2026-04-16,451800,5660.0,0.92,-0.1,7.0,-0.3
2026-04-17,451800,5740.0,0.92,0.5,4.5,-1.5
2026-04-20,451800,6070.0,0.93,0.1,4.1,-3.0
2026-04-21,451800,6300.0,0.93,-0.7,2.4,-1.4
2026-04-22,451800,6430.0,0.92,-1.4,5.0,-2.8
2026-04-23,451800,6530.0,0.91,1.8,2.6,-3.7
2026-04-24,451800,6800.0,0.92,-0.6,4.2,-2.9
2026-04-27,451800,6850.0,0.92,-4.2,8.0,-2.5
2026-04-28,451800,6590.0,0.89,0.7,5.4,-4.1
2026-04-29,451800,5930.0,0.89,5.0,-4.2,-1.6
2026-04-30,451800,5970.0,0.94,1.8,1.1,-3.0
2026-05-04,451800,5670.0,0.96,0.9,-0.5,-0.5
2026-05-06,451800,5340.0,0.96,7.8,-8.0,-0.7
2026-05-07,451800,5540.0,1.04,1.5,-0.9,-1.1
2026-05-08,451800,5700.0,1.06,-1.4,1.1,-0.4
2026-05-11,451800,5590.0,1.05,-0.6,1.0,-1.7
2026-05-12,451800,5470.0,1.04,3.0,0.1,-2.5
2026-05-13,451800,5250.0,1.07,2.2,-2.8,0.8
2026-05-14,451800,5380.0,1.1,-1.3,1.6,-0.2
2026-05-15,451800,5260.0,1.08,-0.3,-0.3,0.3
2026-05-18,451800,5300.0,1.08,1.7,0.2,-1.9
2026-05-19,451800,5200.0,1.1,-0.6,0.7,-0.2
2026-05-20,451800,4980.0,1.09,-1.0,1.1,0.2
2026-05-21,451800,4840.0,1.08,-0.4,1.7,2.0
2026-05-22,451800,5180.0,1.08,1.5,0.4,-1.6
2026-05-26,451800,5420.0,1.09,-1.4,5.0,-2.0
2026-05-27,451800,5470.0,1.08,-2.0,8.1,-5.3
2026-05-28,451800,5220.0,1.06,-0.7,1.1,-0.4
2026-05-29,451800,5050.0,1.05,-1.1,1.9,-0.8
2026-06-01,451800,4755.0,1.04,0.2,-1.5,1.5
2026-06-02,451800,4505.0,1.04,1.1,-2.8,2.0
2026-06-04,451800,4305.0,1.06,1.4,-3.7,2.3
2026-06-05,451800,4355.0,1.07,1.0,-0.9,-0.2
2026-06-08,451800,4030.0,1.09,0.1,-1.1,1.2
2026-06-09,451800,4125.0,1.09,0.5,-0.7,0.2
2026-06-10,451800,4455.0,1.09,-0.0,1.6,-1.1
2026-06-11,451800,5020.0,1.09,3.1,-1.4,-3.5
2026-06-12,451800,4500.0,1.13,-0.7,1.4,-0.1
2026-06-15,451800,5060.0,1.12,-3.2,6.0,-1.4
2026-06-16,451800,4775.0,1.09,-0.3,-0.6,1.5
2026-06-17,451800,4810.0,1.09,-0.9,1.6,-0.1
2026-06-18,451800,4865.0,1.07,-3.4,5.8,-1.9
2026-06-19,451800,4890.0,1.04,-1.5,1.2,0.3
2026-06-22,451800,4710.0,1.02,-0.6,1.2,-0.5
2026-06-23,451800,4705.0,1.01,-1.2,1.6,-0.4
2026-06-24,451800,4585.0,1.0,-1.1,1.2,-0.1
2026-06-25,451800,4680.0,0.98,-0.8,1.3,-0.5
2026-06-26,451800,4800.0,0.98,-0.5,0.9,-0.4
2026-06-29,451800,4650.0,0.97,-2.2,1.1,1.1
2026-06-30,451800,4730.0,0.94,-1.0,1.5,-0.6
2026-07-01,451800,4835.0,0.93,-1.1,0.9,-0.4
2026-07-02,451800,4715.0,0.92,-1.3,1.0,0.0
2026-07-03,451800,4650.0,0.9,-0.8,0.4,0.1
2026-07-06,451800,4855.0,0.89,0.1,0.1,-0.3
2026-07-07,451800,4950.0,0.89,-0.1,0.9,-1.2
2026-07-08,451800,4845.0,0.89,-0.8,0.5,-0.1
2026-07-09,451800,4660.0,0.88,-0.7,-1.2,1.4
2026-07-10,451800,4740.0,0.88,-0.2,0.2,-0.3
2026-07-13,451800,4670.0,0.87,-0.6,0.2,-0.1
2025-07-14,452160,6260.0,1.51,0.5,,-0.5
2025-07-15,452160,6480.0,1.61,0.4,,-0.4
2025-07-16,452160,6280.0,1.71,0.2,,-0.8
2025-07-17,452160,6630.0,1.75,-0.4,,0.4
2025-07-18,452160,5960.0,1.69,-1.2,,1.6
2025-07-21,452160,6370.0,1.47,2.6,,-2.5
2025-07-22,452160,6020.0,1.9,-1.0,,0.8
2025-07-23,452160,5850.0,1.74,-1.3,,1.4
2025-07-24,452160,5700.0,1.51,0.5,,-0.5
2025-07-25,452160,5590.0,1.6,-0.2,,0.2
2025-07-28,452160,7260.0,1.57,-5.6,0.0,5.3
2025-07-29,452160,9430.0,0.66,-1.2,-0.0,1.2
2025-07-30,452160,8850.0,0.59,-0.0,0.0,24.5
2025-07-31,452160,8400.0,0.62,4.1,0.0,-3.9
2025-08-01,452160,7920.0,1.03,-0.9,-0.0,-0.9
2025-08-04,452160,7670.0,0.96,0.1,0.0,1.5
2025-08-05,452160,7470.0,0.96,0.7,-0.0,-0.5
2025-08-06,452160,7570.0,1.12,4.3,,-4.4
2025-08-07,452160,7530.0,1.69,-8.3,,8.6
2025-08-08,452160,7330.0,0.71,1.7,,-1.8
2025-08-11,452160,7400.0,0.94,-0.2,,0.2
2025-08-12,452160,9200.0,0.91,-5.0,0.0,4.3
2025-08-13,452160,9000.0,0.48,9.4,0.0,-8.6
2025-08-14,452160,8840.0,1.64,-7.5,,7.3
2025-08-18,452160,8770.0,0.8,-0.6,,0.6
2025-08-19,452160,8240.0,0.73,3.6,,-3.6
2025-08-20,452160,7970.0,1.19,-0.4,,0.5
2025-08-21,452160,8120.0,1.14,0.2,,0.0
2025-08-22,452160,8500.0,1.14,4.6,0.0,-4.6
2025-08-25,452160,8850.0,1.64,4.8,,-4.8
2025-08-26,452160,8840.0,2.22,-0.1,,-0.2
2025-08-27,452160,8510.0,2.18,-6.0,,5.6
2025-08-28,452160,8230.0,1.45,-3.9,,4.7
2025-08-29,452160,8520.0,0.95,2.3,,-2.4
2025-09-01,452160,7570.0,1.24,-4.3,,4.5
2025-09-02,452160,8210.0,0.69,4.8,0.0,-4.8
2025-09-03,452160,7980.0,1.34,2.0,,-2.0
2025-09-04,452160,7840.0,1.6,-1.9,,1.9
2025-09-05,452160,8080.0,1.35,9.5,,-9.4
2025-09-08,452160,8130.0,2.51,-5.7,,5.7
2025-09-09,452160,8230.0,1.78,-0.5,,0.5
2025-09-10,452160,8180.0,1.72,-1.2,,1.2
2025-09-11,452160,8060.0,1.52,-1.1,,1.1
2025-09-12,452160,8650.0,1.42,4.0,0.0,-4.0
2025-09-15,452160,8560.0,1.9,0.1,0.0,-0.2
2025-09-16,452160,8200.0,1.88,-3.9,,3.9
2025-09-17,452160,7840.0,1.43,-2.3,,2.3
2025-09-18,452160,8820.0,1.13,5.4,0.0,-5.5
2025-09-19,452160,8690.0,1.86,5.4,,-5.3
2025-09-22,452160,8850.0,2.49,3.0,,-3.2
2025-09-23,452160,8480.0,2.84,-7.5,,7.6
2025-09-24,452160,8440.0,1.95,-1.1,,1.0
2025-09-25,452160,8160.0,1.82,-3.0,,3.0
2025-09-26,452160,8080.0,1.44,-1.2,,1.2
2025-09-29,452160,8030.0,1.27,0.0,,-0.0
2025-09-30,452160,8130.0,1.27,-1.6,,1.6
2025-10-01,452160,8630.0,1.07,3.8,,-3.9
2025-10-02,452160,8480.0,1.55,8.3,,-8.2
2025-10-10,452160,8600.0,2.53,-2.3,,2.2
2025-10-13,452160,8440.0,2.2,-0.2,,0.2
2025-10-14,452160,8030.0,2.17,-5.4,,5.4
2025-10-15,452160,8400.0,1.48,3.1,,-3.1
2025-10-16,452160,8140.0,1.87,-1.4,,1.4
2025-10-17,452160,7990.0,1.69,-2.8,,2.8
2025-10-20,452160,8440.0,1.33,4.2,,-4.2
2025-10-21,452160,8210.0,1.81,1.3,,-1.2
2025-10-22,452160,8140.0,1.96,-2.5,,2.5
2025-10-23,452160,7950.0,1.64,-1.1,,1.1
2025-10-24,452160,8080.0,1.5,0.4,,-0.3
2025-10-27,452160,8040.0,1.58,0.2,,-0.2
2025-10-28,452160,7570.0,1.61,-4.8,,4.8
2025-10-29,452160,7430.0,0.96,0.0,,0.0
2025-10-30,452160,7400.0,0.96,0.2,,-0.1
2025-10-31,452160,7280.0,0.99,-0.2,,0.2
2025-11-03,452160,7310.0,0.95,0.4,,-0.4
2025-11-04,452160,7160.0,1.04,0.3,,-0.3
2025-11-05,452160,6950.0,1.08,0.4,,-0.4
2025-11-06,452160,6850.0,1.15,0.7,,-0.7
2025-11-07,452160,6660.0,1.25,1.8,,-1.9
2025-11-10,452160,6900.0,1.53,0.4,,-0.3
2025-11-11,452160,6880.0,1.6,-0.2,,0.2
2025-11-12,452160,6830.0,1.57,0.0,,-0.0
2025-11-13,452160,6840.0,1.58,0.5,,-0.5
2025-11-14,452160,6470.0,1.65,-0.3,,0.3
2025-11-17,452160,6330.0,1.6,0.8,,-0.7
2025-11-18,452160,6030.0,1.73,0.6,,-0.6
2025-11-19,452160,6210.0,1.83,0.8,,-0.8
2025-11-20,452160,6330.0,1.96,-0.0,,0.1
2025-11-21,452160,5960.0,1.96,-0.8,,0.8
2025-11-24,452160,5940.0,1.82,0.4,,-0.4
2025-11-25,452160,5940.0,1.88,0.5,,-0.5
2025-11-26,452160,6120.0,1.97,0.6,,-0.6
2025-11-27,452160,6050.0,2.17,-0.1,,0.1
2025-11-28,452160,6200.0,2.15,0.5,,-0.5
2025-12-01,452160,6090.0,2.23,-0.3,,0.3
2025-12-02,452160,6140.0,2.19,-0.3,,0.3
2025-12-03,452160,6290.0,2.15,-0.1,,0.1
2025-12-04,452160,6090.0,2.14,-0.4,,0.4
2025-12-05,452160,6110.0,2.07,-0.0,,0.0
2025-12-08,452160,6140.0,2.06,0.1,,-0.1
2025-12-09,452160,6170.0,2.07,0.1,,-0.1
2025-12-10,452160,6110.0,2.1,-0.1,,0.1
2025-12-11,452160,6180.0,2.08,0.3,,-0.3
2025-12-12,452160,6170.0,2.15,-0.0,,0.1
2025-12-15,452160,6040.0,2.01,-0.4,,0.4
2025-12-16,452160,5700.0,1.95,-1.1,,1.2
2025-12-17,452160,5700.0,1.75,0.6,,-0.6
2025-12-18,452160,5570.0,1.86,0.4,,-0.4
2025-12-19,452160,5580.0,1.93,0.2,,-0.2
2025-12-22,452160,5620.0,1.96,0.5,,-0.5
2025-12-23,452160,5500.0,2.05,-0.4,,0.3
2025-12-24,452160,5450.0,1.97,0.1,,-0.2
2025-12-26,452160,5430.0,1.99,0.7,,-0.7
2025-12-29,452160,5440.0,2.13,0.3,,-0.3
2025-12-30,452160,7070.0,2.19,-3.9,,4.2
2026-01-02,452160,7530.0,1.58,-8.8,,8.9
2026-01-05,452160,7800.0,0.44,-1.7,0.0,1.7
2026-01-06,452160,7750.0,0.27,-0.4,-0.0,0.6
2026-01-07,452160,7420.0,0.23,4.2,,-4.2
2026-01-08,452160,7340.0,0.81,-0.2,,0.1
2026-01-09,452160,7200.0,0.83,1.8,0.0,-1.7
2026-01-12,452160,7110.0,1.09,-0.2,,0.1
2026-01-13,452160,7190.0,1.06,0.4,,-0.4
2026-01-14,452160,6940.0,1.11,-0.7,,0.7
2026-01-15,452160,7040.0,0.97,0.7,,-0.7
2026-01-16,452160,6820.0,1.08,0.3,,-0.2
2026-01-19,452160,6810.0,1.12,0.5,,-0.5
2026-01-20,452160,6870.0,1.2,0.2,,-0.1
2026-01-21,452160,6710.0,1.22,0.4,,-0.4
2026-01-22,452160,6730.0,1.29,-0.1,,0.1
2026-01-23,452160,6600.0,1.28,0.3,,-0.3
2026-01-26,452160,6780.0,1.33,0.4,,-0.5
2026-01-27,452160,6900.0,1.4,-0.5,,0.5
2026-01-28,452160,7360.0,1.32,-1.3,,1.4
2026-01-29,452160,7160.0,1.13,-0.4,,0.4
2026-01-30,452160,6980.0,1.07,-0.3,,0.2
2026-02-02,452160,6650.0,1.03,-0.4,,0.3
2026-02-03,452160,6930.0,0.97,0.7,,-0.7
2026-02-04,452160,6950.0,1.09,-0.1,,0.1
2026-02-05,452160,6590.0,1.08,-0.6,,0.6
2026-02-06,452160,6410.0,0.99,0.2,,-0.2
2026-02-09,452160,6770.0,1.02,1.1,,-1.1
2026-02-10,452160,6640.0,1.18,-0.1,,0.1
2026-02-11,452160,6550.0,1.18,-0.2,,0.2
2026-02-12,452160,6600.0,1.08,-0.2,,0.2
2026-02-13,452160,6670.0,1.05,-0.5,,0.2
2026-02-19,452160,6630.0,0.98,-0.1,,0.1
2026-02-20,452160,6490.0,0.97,-0.4,,0.4
2026-02-23,452160,6470.0,0.9,0.1,,-0.1
2026-02-24,452160,6780.0,0.94,0.7,,-0.7
2026-02-25,452160,6560.0,1.05,-0.4,,0.4
2026-02-26,452160,6460.0,0.98,-0.3,,0.3
2026-02-27,452160,6100.0,0.94,-0.2,,0.2
2026-03-03,452160,5790.0,0.91,0.2,,-0.2
2026-03-04,452160,4800.0,0.93,0.2,,-0.2
2026-03-05,452160,5440.0,0.98,0.9,,-0.9
2026-03-06,452160,5480.0,1.15,0.5,,-0.5
2026-03-09,452160,5270.0,1.24,-0.5,,0.5
2026-03-10,452160,5390.0,1.15,0.0,,0.0
2026-03-11,452160,5740.0,1.12,0.2,,-0.2
2026-03-12,452160,5630.0,1.18,0.1,,-0.1
2026-03-13,452160,5650.0,1.19,0.0,,-0.0
2026-03-16,452160,5700.0,1.19,-0.0,,0.0
2026-03-17,452160,5700.0,1.18,-0.1,,0.1
2026-03-18,452160,5870.0,1.17,0.8,,-0.8
2026-03-19,452160,5700.0,1.3,0.1,,-0.1
2026-03-20,452160,5820.0,1.32,0.4,,-0.4
2026-03-23,452160,5580.0,1.36,-0.2,,0.2
2026-03-24,452160,5710.0,1.35,0.2,,-0.3
2026-03-25,452160,5830.0,1.39,0.5,,-0.5
2026-03-26,452160,5620.0,1.49,-0.0,,0.0
2026-03-27,452160,5600.0,1.48,0.1,,-0.1
2026-03-30,452160,5410.0,1.5,0.1,,-0.1
2026-03-31,452160,5210.0,1.52,-0.0,,0.0
2026-04-01,452160,5660.0,1.52,0.2,,-0.2
2026-04-02,452160,5290.0,1.56,-1.1,,1.1
2026-04-03,452160,5280.0,1.35,-0.0,,0.0
2026-04-06,452160,5400.0,1.34,0.1,,-0.1
2026-04-07,452160,5230.0,1.36,-0.2,,0.2
2026-04-08,452160,5310.0,1.32,0.7,,-0.7
2026-04-09,452160,5300.0,1.45,-0.0,,0.0
2026-04-10,452160,5480.0,1.44,0.5,,-0.6
2026-04-13,452160,5550.0,1.55,0.2,,-0.2
2026-04-14,452160,5810.0,1.59,0.6,,-0.6
2026-04-15,452160,5740.0,1.69,-0.3,,0.3
2026-04-16,452160,6230.0,1.58,0.1,,-0.3
2026-04-17,452160,6080.0,1.6,0.0,,-0.0
2026-04-20,452160,6160.0,1.6,-0.2,,0.0
2026-04-21,452160,6130.0,1.57,-0.3,,0.3
2026-04-22,452160,6530.0,1.51,-0.8,,1.3
2026-04-23,452160,6270.0,1.44,-0.4,,0.4
2026-04-24,452160,6460.0,1.38,0.8,,-1.5
2026-04-27,452160,6340.0,1.51,-0.2,,0.9
2026-04-28,452160,6250.0,1.48,-0.4,,0.5
2026-04-29,452160,6360.0,1.39,0.2,,-0.3
2026-04-30,452160,6330.0,1.48,-0.1,,0.0
2026-05-04,452160,6150.0,1.48,-1.2,,1.3
2026-05-06,452160,6460.0,1.28,-0.3,,0.2
2026-05-07,452160,6080.0,1.24,-0.6,0.0,0.6
2026-05-08,452160,5960.0,1.14,0.0,-0.0,-0.1
2026-05-11,452160,5690.0,1.14,-0.1,-0.0,0.0
2026-05-12,452160,5430.0,1.14,-0.1,0.0,0.1
2026-05-13,452160,5520.0,1.12,-0.3,0.0,0.2
2026-05-14,452160,5500.0,1.07,-0.5,-0.0,0.5
2026-05-15,452160,5330.0,0.98,-0.3,0.0,0.3
2026-05-18,452160,5200.0,0.92,-0.0,-0.0,0.0
2026-05-19,452160,5030.0,0.92,0.2,-0.0,-0.2
2026-05-20,452160,4770.0,1.01,-0.1,0.0,0.1
2026-05-21,452160,4855.0,0.99,-0.1,-0.0,0.1
2026-05-22,452160,5010.0,1.01,0.3,,-0.3
2026-05-26,452160,5290.0,1.07,-0.4,,0.4
2026-05-27,452160,4940.0,0.93,-0.6,0.0,0.6
2026-05-28,452160,5020.0,0.81,0.2,-0.0,-0.1
2026-05-29,452160,4990.0,0.85,-0.2,-0.0,0.2
2026-06-01,452160,4895.0,0.81,0.0,-0.0,-0.0
2026-06-02,452160,4820.0,0.82,-0.1,-0.0,0.1
2026-06-04,452160,4525.0,0.8,-0.8,0.0,0.8
2026-06-05,452160,4230.0,0.65,0.6,-0.0,-0.6
2026-06-08,452160,3810.0,0.79,0.2,-0.0,-0.2
2026-06-09,452160,3925.0,0.86,0.5,0.0,-0.5
2026-06-10,452160,3995.0,0.99,0.2,-0.0,-0.2
2026-06-11,452160,3930.0,1.01,0.1,-0.0,-0.1
2026-06-12,452160,4290.0,1.03,0.4,0.0,-0.5
2026-06-15,452160,4430.0,1.14,-0.3,0.0,0.3
2026-06-16,452160,4265.0,1.04,-0.2,,0.2
2026-06-17,452160,4290.0,1.02,0.1,0.0,-0.1
2026-06-18,452160,4200.0,1.04,0.0,,-0.0
2026-06-19,452160,4225.0,1.05,-0.2,-0.0,0.2
2026-06-22,452160,4080.0,1.0,-0.0,-0.0,0.0
2026-06-23,452160,3420.0,1.0,-0.3,0.0,0.3
2026-06-24,452160,3620.0,0.82,0.5,-0.0,-0.5
2026-06-25,452160,3350.0,0.99,-0.1,-0.0,0.1
2026-06-26,452160,3085.0,0.96,0.0,-0.0,-0.0
2026-06-29,452160,3335.0,0.97,0.4,-0.0,-0.4
2026-06-30,452160,3350.0,1.1,0.0,,-0.0
2026-07-01,452160,3530.0,1.06,0.2,,-0.3
2026-07-02,452160,3175.0,1.13,-0.0,0.0,0.0
2026-07-03,452160,3380.0,1.12,0.2,-0.0,-0.2
2026-07-06,452160,3550.0,1.18,0.0,,-0.0
2026-07-07,452160,3365.0,1.18,-0.1,-0.0,0.1
2026-07-08,452160,3095.0,1.16,0.1,0.0,-0.1
2026-07-09,452160,3050.0,1.18,0.2,-0.0,-0.2
2026-07-10,452160,3265.0,1.25,0.3,0.0,-0.3
2026-07-13,452160,3195.0,1.35,-0.2,0.0,0.2
2025-07-14,452190,4990.0,0.32,-0.8,,0.8
2025-07-15,452190,5030.0,0.28,0.8,,-0.8
2025-07-16,452190,4995.0,0.35,-0.7,,0.3
2025-07-17,452190,4995.0,0.29,-0.3,,0.0
2025-07-18,452190,4945.0,0.3,-0.1,,-0.1
2025-07-21,452190,4960.0,0.38,0.4,,-0.4
2025-07-22,452190,4890.0,0.43,-0.9,,0.8
2025-07-23,452190,4800.0,0.27,0.1,,1.0
2025-07-24,452190,4795.0,0.32,-0.1,,0.1
2025-07-25,452190,4730.0,0.31,0.6,,-0.6
2025-07-28,452190,4775.0,0.36,0.2,,-0.2
2025-07-29,452190,4700.0,0.45,-0.2,0.0,-0.3
2025-07-30,452190,4700.0,0.39,0.4,,-0.5
2025-07-31,452190,4650.0,0.44,0.3,,-0.3
2025-08-01,452190,4440.0,0.48,0.3,0.0,-0.6
2025-08-04,452190,4580.0,0.49,1.4,,-1.4
2025-08-05,452190,4700.0,0.64,1.0,0.0,-1.0
2025-08-06,452190,4740.0,0.77,0.5,,-0.5
2025-08-07,452190,4740.0,0.86,0.7,,-0.7
2025-08-08,452190,4800.0,0.94,0.5,,-0.6
2025-08-11,452190,4800.0,0.98,0.4,,-0.7
2025-08-12,452190,4740.0,1.05,-0.1,,0.1
2025-08-13,452190,4720.0,0.99,0.7,,-0.7
2025-08-14,452190,4690.0,1.06,0.2,,-0.2
2025-08-18,452190,4590.0,1.08,-0.1,0.0,0.1
2025-08-19,452190,4460.0,1.1,0.2,,-0.1
2025-08-20,452190,4355.0,1.15,0.8,-0.0,-0.8
2025-08-21,452190,4340.0,1.25,0.4,,-0.4
2025-08-22,452190,4385.0,1.27,0.4,,-0.4
2025-08-25,452190,4505.0,1.32,2.1,,-2.1
2025-08-26,452190,4505.0,1.56,0.3,,-0.3
2025-08-27,452190,4600.0,1.58,-0.8,-0.0,-0.0
2025-08-28,452190,4565.0,1.49,0.5,0.0,-0.5
2025-08-29,452190,4545.0,1.53,-0.4,,0.4
2025-09-01,452190,4415.0,1.46,0.8,0.0,-0.6
2025-09-02,452190,4570.0,1.55,1.2,,-1.6
2025-09-03,452190,4520.0,1.59,0.5,,-0.1
2025-09-04,452190,4650.0,1.55,1.8,,-1.8
2025-09-05,452190,4670.0,1.82,1.9,,-1.1
2025-09-08,452190,4640.0,2.03,0.1,,-0.1
2025-09-09,452190,4650.0,2.02,0.6,,-0.5
2025-09-10,452190,4640.0,2.06,0.8,0.0,-0.8
2025-09-11,452190,4710.0,2.14,1.4,,-1.4
2025-09-12,452190,4795.0,2.28,1.3,,-1.3
2025-09-15,452190,4770.0,2.38,0.1,,-0.1
2025-09-16,452190,5050.0,2.36,-1.3,0.2,0.9
2025-09-17,452190,4885.0,2.31,-2.8,,2.8
2025-09-18,452190,5090.0,1.92,1.1,0.0,-1.2
2025-09-19,452190,5110.0,2.15,-3.9,,3.7
2025-09-22,452190,5110.0,1.69,0.6,,-0.6
2025-09-23,452190,5060.0,1.78,1.4,,-1.5
2025-09-24,452190,5080.0,1.98,1.7,,-1.7
2025-09-25,452190,4950.0,2.1,0.5,,-0.5
2025-09-26,452190,4760.0,2.11,-0.0,-0.2,-0.0
2025-09-29,452190,5080.0,2.05,-0.4,,0.3
2025-09-30,452190,4980.0,2.0,-1.9,,1.9
2025-10-01,452190,5020.0,1.85,2.1,,-1.3
2025-10-02,452190,5010.0,2.16,1.2,,-1.3
2025-10-10,452190,5140.0,2.25,3.4,,-3.2
2025-10-13,452190,4990.0,2.65,0.5,,-0.5
2025-10-14,452190,4875.0,2.63,-1.9,,2.0
2025-10-15,452190,5080.0,2.35,3.9,,-3.7
2025-10-16,452190,4965.0,2.77,-1.4,,1.4
2025-10-17,452190,4830.0,2.62,-2.0,,1.9
2025-10-20,452190,4885.0,2.41,0.9,,-0.9
2025-10-21,452190,4880.0,2.56,2.4,,-2.4
2025-10-22,452190,4820.0,2.8,-0.6,,0.5
2025-10-23,452190,4785.0,2.67,-0.5,,0.3
2025-10-24,452190,4900.0,2.63,0.9,,-0.9
2025-10-27,452190,4910.0,2.75,0.9,,-0.9
2025-10-28,452190,5610.0,2.77,-16.9,0.0,16.1
2025-10-29,452190,5590.0,1.58,-3.6,,3.7
2025-10-30,452190,5310.0,1.29,2.4,-0.0,-2.7
2025-10-31,452190,5520.0,1.66,-0.2,,0.2
2025-11-03,452190,5600.0,1.52,-1.0,,0.2
2025-11-04,452190,5650.0,1.52,-1.8,,1.4
2025-11-05,452190,5230.0,1.27,-0.1,,0.2
2025-11-06,452190,5460.0,1.27,1.2,,-1.3
2025-11-07,452190,5140.0,1.35,0.8,-2.5,1.7
2025-11-10,452190,5600.0,1.44,1.9,,-2.0
2025-11-11,452190,5650.0,1.46,-0.5,,0.3
2025-11-12,452190,5570.0,1.37,0.6,,-0.8
2025-11-13,452190,5410.0,1.41,-0.8,,0.7
2025-11-14,452190,5130.0,1.36,-0.7,,0.4
2025-11-17,452190,5180.0,1.3,-0.6,,0.6
2025-11-18,452190,4840.0,1.24,-1.6,,1.6
2025-11-19,452190,4715.0,1.15,0.5,,-0.6
2025-11-20,452190,4820.0,1.17,1.1,,-1.2
2025-11-21,452190,4500.0,1.28,-1.0,,1.0
2025-11-24,452190,4370.0,1.17,0.4,,-0.4
2025-11-25,452190,4710.0,1.28,0.6,,-0.9
2025-11-26,452190,4730.0,1.43,-0.1,,0.0
2025-11-27,452190,4660.0,1.45,-0.0,,0.3
2025-11-28,452190,4775.0,1.46,1.8,,-1.8
2025-12-01,452190,4740.0,1.72,-0.6,,0.6
2025-12-02,452190,5110.0,1.58,-3.1,,3.0
2025-12-03,452190,5060.0,1.28,1.2,,-1.2
2025-12-04,452190,4950.0,1.41,-0.3,,0.3
2025-12-05,452190,4905.0,1.36,0.1,,-0.1
2025-12-08,452190,4860.0,1.35,0.1,,-0.0
2025-12-09,452190,5130.0,1.35,-7.1,,7.0
2025-12-10,452190,5090.0,0.83,0.7,,-0.6
2025-12-11,452190,5110.0,1.02,1.5,,-1.5
2025-12-12,452190,5040.0,1.02,0.2,,-0.2
2025-12-15,452190,5120.0,1.02,0.9,0.0,-1.0
2025-12-16,452190,4930.0,1.1,-1.6,,1.6
2025-12-17,452190,4905.0,0.97,0.0,,-0.1
2025-12-18,452190,4745.0,0.98,0.0,,-0.0
2025-12-19,452190,4820.0,0.95,0.5,,-0.5
2025-12-22,452190,4945.0,1.03,1.7,,-1.8
2025-12-23,452190,4850.0,1.27,-0.3,,0.3
2025-12-24,452190,4760.0,1.13,1.1,,-1.1
2025-12-26,452190,4785.0,1.23,0.6,,-0.6
2025-12-29,452190,4830.0,1.29,1.0,,-1.1
2025-12-30,452190,4740.0,1.43,-0.7,-0.0,0.6
2026-01-02,452190,4870.0,1.32,5.0,,-5.0
2026-01-05,452190,4815.0,1.76,-2.8,,2.8
2026-01-06,452190,4820.0,1.52,0.6,,-0.5
2026-01-07,452190,4650.0,1.58,-2.2,,2.2
2026-01-08,452190,4520.0,1.38,0.2,-0.1,-0.2
2026-01-09,452190,4485.0,1.4,0.0,,-0.0
2026-01-12,452190,4475.0,1.41,0.2,,-0.2
2026-01-13,452190,4500.0,1.45,-0.4,,0.4
2026-01-14,452190,4455.0,1.4,-0.5,,0.4
2026-01-15,452190,4430.0,1.36,-0.4,,0.5
2026-01-16,452190,4445.0,1.32,-0.1,,0.0
2026-01-19,452190,4490.0,1.38,0.7,,-0.7
2026-01-20,452190,4605.0,1.45,2.6,,-2.6
2026-01-21,452190,4405.0,1.69,-3.9,,3.8
2026-01-22,452190,4660.0,1.32,8.3,,-8.3
2026-01-23,452190,4650.0,2.08,-1.6,,1.6
2026-01-26,452190,4810.0,1.93,5.2,,-5.2
2026-01-27,452190,4850.0,2.43,-1.2,,1.1
2026-01-28,452190,4975.0,2.32,5.1,,-4.9
2026-01-29,452190,4970.0,2.76,2.6,,-2.6
2026-01-30,452190,4920.0,2.99,-0.1,,0.4
2026-02-02,452190,4770.0,2.97,1.5,,-1.6
2026-02-03,452190,4860.0,3.08,0.0,,-0.0
2026-02-04,452190,4895.0,3.08,2.3,,-2.3
2026-02-05,452190,4720.0,3.29,-2.5,,2.3
2026-02-06,452190,4570.0,3.06,-0.2,,0.3
2026-02-09,452190,4960.0,3.04,9.7,,-9.0
2026-02-10,452190,4890.0,3.9,0.6,,-0.9
2026-02-11,452190,4865.0,3.95,-0.8,,0.9
2026-02-12,452190,5010.0,3.87,-0.5,,0.8
2026-02-13,452190,4875.0,3.83,-1.3,,1.2
2026-02-19,452190,4855.0,3.72,-0.6,,0.6
2026-02-20,452190,4740.0,3.69,-1.5,,1.6
2026-02-23,452190,4660.0,3.56,-0.6,,0.5
2026-02-24,452190,4800.0,3.47,1.9,,-2.0
2026-02-25,452190,4735.0,3.61,-0.1,,0.0
2026-02-26,452190,4725.0,3.6,0.4,,-0.4
2026-02-27,452190,4615.0,3.64,-0.5,,0.5
2026-03-03,452190,4300.0,3.56,0.4,,-0.4
2026-03-04,452190,3610.0,3.55,2.2,,-2.2
2026-03-05,452190,4120.0,3.81,2.2,,-2.5
2026-03-06,452190,4130.0,4.04,0.2,,-0.2
2026-03-09,452190,3850.0,4.06,-0.8,,0.7
2026-03-10,452190,4055.0,3.98,0.9,,-0.9
2026-03-11,452190,4200.0,4.08,1.4,,-1.4
2026-03-12,452190,4230.0,4.18,-0.7,,0.7
2026-03-13,452190,4310.0,4.11,0.4,,-0.4
2026-03-16,452190,4170.0,4.15,-1.0,,1.0
2026-03-17,452190,4245.0,4.05,1.5,,-1.4
2026-03-18,452190,4305.0,4.19,-1.2,,1.2
2026-03-19,452190,4155.0,4.07,-0.2,,0.2
2026-03-20,452190,4230.0,4.05,1.0,,-1.0
2026-03-23,452190,4020.0,4.05,0.0,,0.0
2026-03-24,452190,4150.0,4.05,1.6,,-1.6
2026-03-25,452190,4260.0,4.21,0.5,,-0.5
2026-03-26,452190,4070.0,4.26,-0.9,,0.9
2026-03-27,452190,4140.0,4.17,0.2,,-0.2
2026-03-30,452190,4070.0,4.18,0.8,,-0.8
2026-03-31,452190,3900.0,4.27,-1.4,,1.4
2026-04-01,452190,4160.0,3.99,2.0,,-2.0
2026-04-02,452190,3965.0,4.19,-2.1,,2.1
2026-04-03,452190,4055.0,3.96,0.5,,-0.5
2026-04-06,452190,3990.0,4.01,-1.0,,0.8
2026-04-07,452190,4000.0,3.9,0.1,,-0.0
2026-04-08,452190,4245.0,3.92,1.5,,-1.5
2026-04-09,452190,4075.0,4.07,-0.6,,0.6
2026-04-10,452190,4355.0,4.01,2.1,,-2.1
2026-04-13,452190,4615.0,4.21,-1.7,,1.8
2026-04-14,452190,4695.0,4.05,2.0,,-2.0
2026-04-15,452190,5280.0,4.23,-23.0,,22.4
2026-04-16,452190,6860.0,2.5,7.2,-0.0,-6.1
2026-04-17,452190,6300.0,2.98,-0.5,,1.7
2026-04-20,452190,6730.0,2.72,3.4,,-4.5
2026-04-21,452190,6250.0,2.99,-5.4,,5.0
2026-04-22,452190,6980.0,2.58,-14.9,,16.1
2026-04-23,452190,6730.0,2.01,-3.9,,3.4
2026-04-24,452190,6980.0,1.75,0.3,,-0.9
2026-04-27,452190,8020.0,1.66,0.0,0.2,0.4
2026-04-28,452190,7650.0,1.8,1.5,,-2.7
2026-04-29,452190,7690.0,1.89,-21.5,-0.2,22.6
2026-04-30,452190,7960.0,0.84,-2.1,1.6,-1.5
2026-05-04,452190,8170.0,0.78,3.5,-0.0,-3.1
2026-05-06,452190,10010.0,0.97,42.4,5.1,-48.2
2026-05-07,452190,9250.0,2.95,-10.3,-0.0,9.8
2026-05-08,452190,9130.0,2.53,-12.4,-0.0,11.3
2026-05-11,452190,8760.0,1.97,3.0,,-1.9
2026-05-12,452190,8070.0,2.11,6.3,-1.6,-5.8
2026-05-13,452190,8120.0,2.43,-8.3,,8.0
2026-05-14,452190,7740.0,1.97,-1.5,,1.6
2026-05-15,452190,7050.0,1.9,8.4,,-15.2
2026-05-18,452190,6970.0,2.28,2.3,0.0,-1.9
2026-05-19,452190,7400.0,2.4,-4.1,,6.4
2026-05-20,452190,6800.0,2.13,-4.3,,4.4
2026-05-21,452190,7580.0,1.83,2.5,,-2.0
2026-05-22,452190,7600.0,1.98,-9.1,-0.0,13.4
2026-05-26,452190,7700.0,1.45,-5.3,-0.0,5.3
2026-05-27,452190,6930.0,1.02,6.2,-0.0,-6.2
2026-05-28,452190,6280.0,1.39,12.4,0.0,-10.7
2026-05-29,452190,5790.0,2.19,0.3,0.0,-1.3
2026-06-01,452190,5980.0,2.22,-18.5,-0.0,19.6
2026-06-02,452190,5620.0,1.04,15.9,0.0,-16.0
2026-06-04,452190,5670.0,2.08,-1.1,-0.0,1.2
2026-06-05,452190,5190.0,2.0,6.2,0.0,-6.3
2026-06-08,452190,4825.0,2.53,2.0,-0.0,-2.0
2026-06-09,452190,5150.0,2.7,1.5,0.0,-1.4
2026-06-10,452190,4910.0,2.83,-0.4,0.0,0.4
2026-06-11,452190,4930.0,2.8,0.2,0.0,-0.2
2026-06-12,452190,5200.0,2.84,2.9,0.0,-2.9
2026-06-15,452190,5340.0,3.07,-3.2,-0.0,3.2
2026-06-16,452190,5330.0,2.82,-2.6,-0.0,2.6
2026-06-17,452190,5470.0,2.62,-2.3,-0.0,2.3
2026-06-18,452190,5170.0,2.45,3.0,-0.0,-3.0
2026-06-19,452190,4830.0,2.68,-1.1,-0.0,1.1
2026-06-22,452190,4685.0,2.63,4.3,-0.0,-4.4
2026-06-23,452190,4170.0,3.02,5.7,0.0,-5.6
2026-06-24,452190,4175.0,3.54,1.8,-0.0,-1.8
2026-06-25,452190,3985.0,3.72,-1.1,0.0,1.1
2026-06-26,452190,3750.0,3.61,3.6,0.0,-3.6
2026-06-29,452190,4080.0,4.01,1.3,-0.0,-1.3
2026-06-30,452190,3955.0,4.15,-1.0,-0.0,1.1
2026-07-01,452190,4115.0,4.04,-0.2,0.2,-0.2
2026-07-02,452190,3825.0,4.02,-1.5,-0.0,1.6
2026-07-03,452190,3920.0,3.86,1.8,-0.0,-1.8
2026-07-06,452190,3850.0,4.06,-1.5,-0.0,1.5
2026-07-07,452190,3680.0,3.9,-0.7,-0.0,0.7
2026-07-08,452190,3435.0,3.83,-0.0,-0.0,0.0
2026-07-09,452190,3430.0,3.83,1.2,-0.0,-1.2
2026-07-10,452190,3735.0,3.98,1.3,-0.0,-1.4
2026-07-13,452190,3450.0,4.13,-0.9,0.0,0.9
2025-07-14,452200,3950.0,1.97,0.2,-0.0,-0.1
2025-07-15,452200,3930.0,1.99,-0.0,0.0,0.0
2025-07-16,452200,3895.0,1.99,-0.7,-0.0,0.7
2025-07-17,452200,3865.0,1.91,0.0,0.0,-0.1
2025-07-18,452200,3955.0,1.91,0.6,-0.0,-0.6
2025-07-21,452200,3960.0,1.98,0.8,0.0,-0.8
2025-07-22,452200,3900.0,2.07,-0.5,-0.0,0.6
2025-07-23,452200,3820.0,2.01,-0.6,0.0,0.5
2025-07-24,452200,3775.0,1.94,-0.0,0.0,-0.0
2025-07-25,452200,3795.0,1.94,-0.2,0.0,0.2
2025-07-28,452200,3735.0,1.92,0.5,0.0,-0.5
2025-07-29,452200,3680.0,1.97,0.2,-0.0,-0.2
2025-07-30,452200,3700.0,1.98,0.7,0.7,-1.4
2025-07-31,452200,3680.0,2.07,0.0,-0.0,0.0
2025-08-01,452200,3535.0,2.07,-0.4,0.1,0.4
2025-08-04,452200,3570.0,2.02,0.1,0.0,-0.1
2025-08-05,452200,3570.0,2.03,0.3,-0.1,-0.3
2025-08-06,452200,3625.0,2.08,0.4,0.0,-0.5
2025-08-07,452200,3625.0,2.12,0.4,-0.0,-0.4
2025-08-08,452200,3565.0,2.17,-0.2,0.0,0.2
2025-08-11,452200,3585.0,2.15,0.8,0.0,-0.8
2025-08-12,452200,3595.0,2.25,0.5,-0.0,-0.5
2025-08-13,452200,3570.0,2.31,-0.0,0.0,0.0
2025-08-14,452200,3600.0,2.31,0.4,0.0,-0.4
2025-08-18,452200,3485.0,2.36,-0.8,0.0,0.8
2025-08-19,452200,3405.0,2.25,-0.6,-0.2,0.8
2025-08-20,452200,3360.0,2.05,-0.1,0.0,0.1
2025-08-21,452200,3315.0,2.04,-0.0,-0.1,0.1
2025-08-22,452200,3250.0,2.04,0.8,-0.2,-0.7
2025-08-25,452200,3245.0,2.15,0.7,0.0,-0.6
2025-08-26,452200,3220.0,2.24,-0.0,-0.0,0.1
2025-08-27,452200,3135.0,2.23,0.0,-0.1,0.0
2025-08-28,452200,3110.0,2.24,-0.1,-0.1,0.2
2025-08-29,452200,3065.0,2.22,0.0,0.0,0.0
2025-09-01,452200,2955.0,2.22,0.1,0.0,-0.2
2025-09-02,452200,2965.0,2.24,0.9,0.0,-0.8
2025-09-03,452200,3070.0,2.37,1.4,-0.1,-1.3
2025-09-04,452200,3185.0,2.56,0.5,-0.1,-0.4
2025-09-05,452200,3080.0,2.62,-0.7,-0.1,0.7
2025-09-08,452200,3045.0,2.53,-0.3,-0.0,0.2
2025-09-09,452200,3050.0,2.49,0.2,-0.0,-0.2
2025-09-10,452200,3055.0,2.51,-0.1,0.0,0.1
2025-09-11,452200,3030.0,2.49,-0.1,-0.1,0.1
2025-09-12,452200,3145.0,2.48,0.2,-0.3,0.1
2025-09-15,452200,3165.0,2.52,-0.5,0.3,0.2
2025-09-16,452200,3140.0,2.45,-0.4,0.0,0.4
2025-09-17,452200,3110.0,2.4,-0.1,-0.0,0.1
2025-09-18,452200,3265.0,2.39,0.3,0.0,-0.3
2025-09-19,452200,3245.0,2.43,-0.4,0.0,0.4
2025-09-22,452200,3140.0,2.37,-0.3,0.0,0.3
2025-09-23,452200,3125.0,2.34,0.1,-0.1,-0.1
2025-09-24,452200,2980.0,2.36,-0.2,-0.1,0.3
2025-09-25,452200,3005.0,2.33,0.4,-0.1,-0.2
2025-09-26,452200,2925.0,2.38,-0.7,-0.1,0.7
2025-09-29,452200,3040.0,2.29,-0.2,-0.4,0.8
2025-09-30,452200,2935.0,2.27,-0.8,-0.0,0.8
2025-10-01,452200,2920.0,2.16,0.2,-0.0,-0.2
2025-10-02,452200,3000.0,2.18,0.7,0.0,-0.7
2025-10-10,452200,3010.0,2.28,0.2,-0.0,-0.2
2025-10-13,452200,3010.0,2.31,0.1,-0.0,0.6
2025-10-14,452200,3030.0,2.32,0.9,-0.0,-0.4
2025-10-15,452200,3035.0,2.44,1.2,-0.0,0.0
2025-10-16,452200,2980.0,2.62,0.3,-0.1,1.0
2025-10-17,452200,3270.0,2.66,5.5,-0.0,-2.6
2025-10-20,452200,3190.0,3.41,0.4,-0.0,-0.1
2025-10-21,452200,3185.0,3.46,0.5,-0.1,0.0
2025-10-22,452200,3235.0,3.52,-0.5,-0.1,0.4
2025-10-23,452200,3090.0,3.46,-1.1,-0.0,1.1
2025-10-24,452200,3180.0,3.32,1.7,-0.0,-0.8
2025-10-27,452200,3020.0,3.55,-2.3,-0.3,2.7
2025-10-28,452200,3200.0,3.23,-4.6,-2.8,22.0
2025-10-29,452200,3050.0,2.74,-2.1,-0.0,2.3
2025-10-30,452200,2820.0,2.45,-5.3,-0.0,5.2
2025-10-31,452200,2930.0,1.69,-1.7,2.3,-0.4
2025-11-03,452200,2840.0,1.44,-0.6,-0.1,0.7
2025-11-04,452200,2760.0,1.35,-0.6,0.0,0.6
2025-11-05,452200,2670.0,1.25,1.5,-0.0,-1.5
2025-11-06,452200,2640.0,1.5,0.2,0.0,-0.2
2025-11-07,452200,2565.0,1.54,-0.1,0.0,0.1
2025-11-10,452200,2630.0,1.52,0.8,-0.3,-0.5
2025-11-11,452200,2565.0,1.65,0.1,0.0,0.0
2025-11-12,452200,2685.0,1.67,0.5,-0.0,-0.4
2025-11-13,452200,2775.0,1.74,0.2,-0.0,-0.2
2025-11-14,452200,2680.0,1.77,-0.1,0.0,0.1
2025-11-17,452200,2665.0,1.75,0.2,0.0,-0.1
2025-11-18,452200,2560.0,1.78,-0.6,-0.0,0.6
2025-11-19,452200,2550.0,1.68,-0.3,-0.0,0.3
2025-11-20,452200,2700.0,1.63,0.8,0.0,-0.8
2025-11-21,452200,2650.0,1.76,-0.1,0.0,0.1
2025-11-24,452200,2585.0,1.74,-0.1,0.0,0.1
2025-11-25,452200,2575.0,1.72,-0.2,-0.0,0.2
2025-11-26,452200,2660.0,1.68,0.8,0.0,-0.9
2025-11-27,452200,2670.0,1.82,0.4,-0.0,-0.4
2025-11-28,452200,2725.0,1.88,0.3,0.0,-0.3
2025-12-01,452200,2710.0,1.92,7.0,0.0,0.4
2025-12-02,452200,2665.0,3.06,-2.4,0.0,2.2
2025-12-03,452200,2630.0,2.68,0.5,0.0,1.6
2025-12-04,452200,2575.0,2.76,-1.1,-0.4,1.6
2025-12-05,452200,2580.0,2.58,-0.0,-0.0,0.0
2025-12-08,452200,2565.0,2.58,-0.1,-0.1,0.7
2025-12-09,452200,2460.0,2.56,-2.5,-0.0,2.9
2025-12-10,452200,2465.0,2.13,0.3,0.0,-0.3
2025-12-11,452200,2475.0,2.17,5.3,-0.0,0.6
2025-12-12,452200,2415.0,3.12,-2.1,0.0,2.1
2025-12-15,452200,2400.0,2.75,-0.5,-0.0,0.5
2025-12-16,452200,2325.0,2.66,-0.1,0.0,0.1
2025-12-17,452200,2375.0,3.04,0.4,0.0,-0.3
2025-12-18,452200,2300.0,3.1,-0.1,0.0,2.1
2025-12-19,452200,2380.0,3.09,-0.2,-0.1,0.3
2025-12-22,452200,2395.0,3.07,-0.9,-0.0,0.9
2025-12-23,452200,2305.0,2.9,-0.7,-0.0,0.6
2025-12-24,452200,2325.0,2.78,0.1,-0.0,-0.1
2025-12-26,452200,2325.0,2.8,0.3,0.0,-0.3
2025-12-29,452200,2360.0,2.85,0.4,0.0,-0.4
2025-12-30,452200,2370.0,2.93,0.2,-0.0,-0.2
2026-01-02,452200,2380.0,2.96,0.0,-0.0,0.0
2026-01-05,452200,2500.0,2.97,1.0,-0.0,-1.0
2026-01-06,452200,2520.0,3.15,-0.4,-0.0,0.4
2026-01-07,452200,2430.0,3.09,-0.6,0.0,0.6
2026-01-08,452200,2315.0,2.99,-0.9,-0.0,0.9
2026-01-09,452200,2290.0,2.83,-0.1,0.0,0.1
2026-01-12,452200,2295.0,2.81,0.7,-0.1,-0.6
2026-01-13,452200,2395.0,2.94,0.5,-0.0,-0.5
2026-01-14,452200,2390.0,3.03,-0.1,-0.0,0.1
2026-01-15,452200,2430.0,3.02,0.0,-0.0,-0.0
2026-01-16,452200,2340.0,3.02,-0.3,-0.1,0.4
2026-01-19,452200,2380.0,2.97,0.8,-0.1,-0.7
2026-01-20,452200,2460.0,3.12,1.6,-0.0,-1.7
2026-01-21,452200,2320.0,3.4,-1.5,-0.0,1.5
2026-01-22,452200,2540.0,3.12,1.8,-0.2,-1.6
2026-01-23,452200,2515.0,3.43,-1.4,-0.1,1.5
2026-01-26,452200,2595.0,3.2,-0.8,0.0,0.6
2026-01-27,452200,2550.0,3.07,-0.7,0.0,0.7
2026-01-28,452200,2660.0,2.96,-1.2,-0.0,1.1
2026-01-29,452200,2660.0,2.77,0.3,0.3,-0.6
2026-01-30,452200,2610.0,2.82,-1.2,-0.1,1.3
2026-02-02,452200,2520.0,2.62,-0.2,0.0,0.1
2026-02-03,452200,2585.0,2.58,0.8,-0.0,-0.7
2026-02-04,452200,2655.0,2.7,0.7,0.3,-1.2
2026-02-05,452200,2580.0,2.82,-0.2,0.0,0.2
2026-02-06,452200,2480.0,2.78,-0.5,-0.0,0.4
2026-02-09,452200,2565.0,2.7,0.5,-0.0,-0.4
2026-02-10,452200,2570.0,2.79,0.6,0.0,-0.6
2026-02-11,452200,2535.0,2.89,0.3,-0.0,-0.2
2026-02-12,452200,2580.0,2.93,0.2,-0.1,-0.2
2026-02-13,452200,2425.0,2.97,-2.1,-0.0,2.1
2026-02-19,452200,2460.0,2.61,0.8,-0.0,-0.8
2026-02-20,452200,2495.0,2.75,0.2,0.0,-0.2
2026-02-23,452200,2510.0,2.79,0.1,0.0,-0.1
2026-02-24,452200,2595.0,2.41,1.7,-0.4,-1.4
2026-02-25,452200,2575.0,2.7,-0.7,0.0,0.7
2026-02-26,452200,2475.0,2.58,-2.2,-0.0,2.2
2026-02-27,452200,2430.0,2.2,-1.6,-0.0,1.6
2026-03-03,452200,2280.0,1.91,-0.7,0.3,0.3
2026-03-04,452200,1935.0,1.78,-0.8,-0.0,1.0
2026-03-05,452200,2145.0,1.61,0.7,-0.0,-0.7
2026-03-06,452200,2215.0,1.76,0.1,-0.0,-0.1
2026-03-09,452200,2085.0,1.77,0.2,-0.6,0.3
2026-03-10,452200,2205.0,1.81,0.1,0.0,-0.1
2026-03-11,452200,2250.0,1.85,0.2,0.0,-0.2
2026-03-12,452200,2310.0,1.88,0.0,-0.0,-0.0
2026-03-13,452200,2375.0,1.89,0.6,-0.5,-0.2
2026-03-16,452200,2305.0,2.0,-0.1,0.0,0.1
2026-03-17,452200,2340.0,1.98,0.8,-0.0,-0.8
2026-03-18,452200,2305.0,2.13,-0.1,-0.0,0.1
2026-03-19,452200,2265.0,2.11,0.0,-0.0,-0.0
2026-03-20,452200,2345.0,2.16,1.0,-0.0,-1.0
2026-03-23,452200,2235.0,2.34,-0.1,-0.0,0.1
2026-03-24,452200,2270.0,2.31,0.3,-0.0,-0.3
2026-03-25,452200,2395.0,2.35,-0.5,2.3,-1.8
2026-03-26,452200,2280.0,2.28,-0.9,0.0,0.8
2026-03-27,452200,2330.0,2.11,-0.5,1.1,-0.5
2026-03-30,452200,2260.0,2.02,-0.3,0.0,0.2
2026-03-31,452200,2230.0,1.97,-0.2,0.0,0.2
2026-04-01,452200,2335.0,1.93,0.3,0.5,-0.7
2026-04-02,452200,2255.0,2.02,-0.4,0.0,0.3
2026-04-03,452200,2340.0,1.96,-0.2,0.0,0.2
2026-04-06,452200,2340.0,1.92,0.2,-0.5,0.3
2026-04-07,452200,2290.0,1.96,-0.1,0.0,0.1
2026-04-08,452200,2340.0,1.95,0.1,-0.0,-0.0
2026-04-09,452200,2340.0,1.97,-0.1,-0.0,0.1
2026-04-10,452200,2355.0,1.96,0.4,-0.0,-0.4
2026-04-13,452200,2435.0,2.03,0.5,-0.1,-0.4
2026-04-14,452200,2475.0,2.12,-0.1,-0.0,0.1
2026-04-15,452200,2510.0,2.11,0.5,0.0,-0.5
2026-04-16,452200,2625.0,2.19,0.7,-0.0,-0.6
2026-04-17,452200,2650.0,2.31,-0.4,-0.0,0.4
2026-04-20,452200,2635.0,2.24,0.5,0.0,-0.5
2026-04-21,452200,2770.0,2.31,-1.0,-0.0,1.1
2026-04-22,452200,2725.0,2.17,0.6,0.0,-0.6
2026-04-23,452200,2690.0,2.25,-0.0,0.0,-0.0
2026-04-24,452200,2855.0,2.25,-0.5,0.0,0.4
2026-04-27,452200,2850.0,2.17,-0.8,-0.0,0.9
2026-04-28,452200,2830.0,2.05,-0.4,0.0,0.5
2026-04-29,452200,2800.0,1.99,-0.2,-0.1,0.3
2026-04-30,452200,2765.0,1.96,0.1,-0.0,-0.1
2026-05-04,452200,2870.0,1.97,-0.8,-0.0,0.9
2026-05-06,452200,2705.0,1.81,-1.6,-3.9,5.5
2026-05-07,452200,2655.0,1.58,0.4,-0.1,-0.3
2026-05-08,452200,3450.0,1.64,-3.8,1.4,3.5
2026-05-11,452200,4485.0,1.1,2.5,-7.1,27.0
2026-05-12,452200,4490.0,1.37,-8.2,-0.7,7.3
2026-05-13,452200,4330.0,1.18,-0.1,-0.1,-0.1
2026-05-14,452200,4500.0,1.17,-0.0,0.2,-0.2
2026-05-15,452200,3890.0,1.17,,-0.0,-0.4
2026-05-18,452200,3460.0,1.17,2.1,0.2,-4.1
2026-05-19,452200,3455.0,1.41,-2.3,0.0,1.4
2026-05-20,452200,3590.0,1.2,-1.6,-0.0,1.7
2026-05-21,452200,3590.0,1.03,-0.6,-0.1,0.6
2026-05-22,452200,3685.0,0.96,0.9,0.0,-1.4
2026-05-26,452200,3970.0,1.07,0.7,-0.5,-1.8
2026-05-27,452200,4070.0,1.14,-0.3,-0.0,1.5
2026-05-28,452200,3935.0,1.12,1.3,-0.0,-0.8
2026-05-29,452200,3500.0,1.27,0.3,0.0,-0.2
2026-06-01,452200,3190.0,1.3,1.7,-0.1,-2.0
2026-06-02,452200,2970.0,1.51,2.5,-0.0,-2.5
2026-06-04,452200,3035.0,1.85,-0.9,0.0,0.4
2026-06-05,452200,2835.0,1.74,2.6,0.0,-2.6
2026-06-08,452200,2495.0,2.11,2.0,-0.0,-1.9
2026-06-09,452200,2415.0,2.44,-1.1,0.0,0.1
2026-06-10,452200,2290.0,2.27,1.2,-0.0,-1.4
2026-06-11,452200,2290.0,2.48,0.8,-0.0,-0.8
2026-06-12,452200,2335.0,2.66,-0.6,-0.0,0.7
2026-06-15,452200,2290.0,2.56,-0.1,0.0,0.1
2026-06-16,452200,2250.0,2.56,-0.6,-0.0,0.7
2026-06-17,452200,2345.0,2.44,-0.3,0.0,0.3
2026-06-18,452200,2200.0,2.39,-0.5,-0.0,0.5
2026-06-19,452200,2075.0,2.3,0.7,-0.0,-0.7
2026-06-22,452200,2010.0,2.45,0.1,-0.0,-0.0
2026-06-23,452200,1824.0,2.46,-0.4,0.0,0.4
2026-06-24,452200,1782.0,2.37,-0.5,-0.0,0.6
2026-06-25,452200,1648.0,2.25,0.5,0.0,-0.5
2026-06-26,452200,1532.0,2.38,0.5,0.0,-0.6
2026-06-29,452200,1710.0,2.52,0.4,0.0,-0.4
2026-06-30,452200,1743.0,2.61,-0.4,-0.0,0.3
2026-07-01,452200,1710.0,2.53,-0.4,0.0,0.4
2026-07-02,452200,1607.0,2.44,0.1,0.0,-0.2
2026-07-03,452200,2085.0,2.47,0.5,-0.0,-0.4
2026-07-06,452200,1938.0,2.55,-4.6,0.0,6.6
2026-07-07,452200,1653.0,1.64,-0.6,0.0,0.5
2026-07-08,452200,1549.0,1.5,-0.4,-0.0,0.4
2026-07-09,452200,1501.0,1.4,0.2,-0.0,-0.3
2026-07-10,452200,1560.0,1.47,0.5,0.0,-0.5
2026-07-13,452200,1459.0,1.6,-0.4,0.0,0.5
2025-07-14,452260,1278.0,3.58,1.5,0.0,-1.6
2025-07-15,452260,1266.0,3.64,-3.3,0.0,3.3
2025-07-16,452260,1251.0,3.54,-2.1,-0.0,2.1
2025-07-17,452260,1251.0,3.45,-0.8,-0.0,0.8
2025-07-18,452260,1236.0,3.42,-0.6,-0.0,0.6
2025-07-21,452260,1249.0,3.4,0.3,-0.0,-0.3
2025-07-22,452260,1229.0,3.41,-2.4,0.0,2.4
2025-07-23,452260,1203.0,3.31,-1.2,0.0,1.3
2025-07-24,452260,1195.0,3.26,-0.2,0.1,0.1
2025-07-25,452260,1184.0,3.25,-4.2,0.1,4.1
2025-07-28,452260,1145.0,3.07,-5.3,-0.0,5.2
2025-07-29,452260,1154.0,2.83,-0.1,-0.1,0.2
2025-07-30,452260,1141.0,2.83,0.1,-0.1,-0.1
2025-07-31,452260,1145.0,2.83,-1.1,0.1,1.0
2025-08-01,452260,1115.0,2.79,-3.6,0.1,3.4
2025-08-04,452260,1125.0,2.62,0.2,-0.0,-0.1
2025-08-05,452260,1122.0,2.63,-2.0,-0.0,2.0
2025-08-06,452260,1148.0,2.54,0.2,-0.1,-0.1
2025-08-07,452260,1146.0,2.55,-0.7,0.0,0.7
2025-08-08,452260,1144.0,2.52,0.2,-0.1,-0.3
2025-08-11,452260,1130.0,2.52,-0.5,-0.6,1.1
2025-08-12,452260,1122.0,2.5,-0.0,-0.4,0.3
2025-08-13,452260,1131.0,2.5,-1.0,-0.0,1.0
2025-08-14,452260,1133.0,2.45,-0.1,0.0,0.1
2025-08-18,452260,1125.0,2.45,-1.3,0.0,1.3
2025-08-19,452260,1121.0,2.39,-1.1,0.0,1.1
2025-08-20,452260,1114.0,2.34,-12.4,-0.0,12.4
2025-08-21,452260,1129.0,1.79,2.4,0.0,-2.3
2025-08-22,452260,1126.0,1.9,-0.2,-0.3,0.5
2025-08-25,452260,1134.0,1.89,0.7,0.0,-0.8
2025-08-26,452260,1128.0,1.93,-0.3,0.0,0.3
2025-08-27,452260,1131.0,1.91,-0.9,0.1,-0.1
2025-08-28,452260,1128.0,1.87,0.4,-0.0,-0.4
2025-08-29,452260,1127.0,1.88,-0.5,-0.0,0.5
2025-09-01,452260,1125.0,1.86,-0.3,-0.0,0.3
2025-09-02,452260,1117.0,1.85,-0.9,-0.1,1.0
2025-09-03,452260,1123.0,1.8,-0.3,0.0,0.3
2025-09-04,452260,1132.0,1.79,-0.1,-0.0,0.2
2025-09-05,452260,1130.0,1.78,-1.0,-0.0,0.9
2025-09-08,452260,1130.0,1.74,-1.0,-0.0,1.0
2025-09-09,452260,1135.0,1.7,1.7,0.0,-1.8
2025-09-10,452260,1137.0,1.77,0.7,0.0,-0.6
2025-09-11,452260,1147.0,1.8,0.8,-0.1,-0.8
2025-09-12,452260,1156.0,1.84,0.2,-0.1,-0.1
2025-09-15,452260,1150.0,1.85,-0.0,-0.1,-0.4
2025-09-16,452260,1139.0,1.85,-0.3,0.2,0.1
2025-09-17,452260,1142.0,1.84,-0.3,-0.2,0.7
2025-09-18,452260,1150.0,1.82,0.3,0.0,0.5
2025-09-19,452260,1136.0,1.84,-0.8,-0.0,0.8
2025-09-22,452260,1123.0,1.8,-1.1,-0.1,1.2
2025-09-23,452260,1119.0,1.75,-1.3,-0.0,1.3
2025-09-24,452260,1120.0,1.68,-1.2,-0.0,1.2
2025-09-25,452260,1120.0,1.62,-0.4,0.0,0.4
2025-09-26,452260,1118.0,1.6,-0.9,0.0,0.9
2025-09-29,452260,1118.0,1.53,0.2,-0.3,0.1
2025-09-30,452260,1112.0,1.57,-0.1,-0.4,0.5
2025-10-01,452260,1117.0,1.56,-0.0,-0.1,0.1
2025-10-02,452260,1120.0,1.56,0.4,-0.2,-0.3
2025-10-10,452260,1107.0,1.57,-1.2,-0.0,1.2
2025-10-13,452260,1095.0,1.79,-1.7,-0.3,1.9
2025-10-14,452260,1092.0,1.7,-1.4,0.1,1.4
2025-10-15,452260,1092.0,1.63,0.2,-0.0,-0.2
2025-10-16,452260,1084.0,1.64,-2.3,-0.1,2.6
2025-10-17,452260,1076.0,1.53,-1.4,-0.1,1.7
2025-10-20,452260,1075.0,1.46,-1.2,0.0,1.5
2025-10-21,452260,1086.0,1.41,-0.5,0.0,0.5
2025-10-22,452260,1098.0,1.38,0.3,0.0,-0.3
2025-10-23,452260,1086.0,1.36,-0.8,-0.1,0.9
2025-10-24,452260,1079.0,1.33,-0.9,-0.0,0.9
2025-10-27,452260,1088.0,1.28,-0.1,-0.0,0.1
2025-10-28,452260,1084.0,1.28,0.2,0.1,-0.2
2025-10-29,452260,1078.0,1.28,-0.5,0.0,0.4
2025-10-30,452260,1078.0,1.26,-0.4,-0.0,0.5
2025-10-31,452260,1071.0,1.24,-0.3,0.0,0.2
2025-11-03,452260,1063.0,1.23,-0.2,0.0,0.1
2025-11-04,452260,1063.0,1.22,0.3,0.2,0.3
2025-11-05,452260,1054.0,1.23,-0.0,0.0,0.0
2025-11-06,452260,1055.0,1.23,0.6,0.1,-0.7
2025-11-07,452260,1040.0,1.26,0.2,-0.9,0.7
2025-11-10,452260,1068.0,1.27,0.7,0.3,-1.0
2025-11-11,452260,1070.0,1.19,-0.7,0.3,0.4
2025-11-12,452260,1085.0,1.15,0.6,-0.0,-0.6
2025-11-13,452260,1086.0,1.18,-0.4,-0.0,0.3
2025-11-14,452260,1077.0,1.16,-0.7,0.0,0.7
2025-11-17,452260,1070.0,1.16,-0.8,0.0,0.8
2025-11-18,452260,1059.0,1.13,-0.3,-0.0,0.3
2025-11-19,452260,1058.0,1.2,0.0,0.0,-0.0
2025-11-20,452260,1090.0,1.26,2.0,-0.0,-2.0
2025-11-21,452260,1080.0,1.36,-0.2,0.2,0.0
2025-11-24,452260,1051.0,1.35,-1.5,0.0,1.5
2025-11-25,452260,1038.0,1.28,-1.7,-0.1,1.6
2025-11-26,452260,1057.0,1.2,0.9,0.0,-0.9
2025-11-27,452260,1060.0,1.24,0.0,0.0,-0.0
2025-11-28,452260,1075.0,1.24,0.6,-0.0,-0.6
2025-12-01,452260,1079.0,1.29,-0.3,-0.0,0.4
2025-12-02,452260,1070.0,1.28,-0.1,0.0,0.0
2025-12-03,452260,1086.0,1.27,0.7,-0.1,-0.6
2025-12-04,452260,1086.0,1.33,-0.5,-0.0,0.6
2025-12-05,452260,1080.0,1.28,-0.2,0.0,0.2
2025-12-08,452260,1070.0,1.27,0.1,0.1,-0.1
2025-12-09,452260,1071.0,1.28,-0.1,0.0,0.1
2025-12-10,452260,1066.0,1.27,-0.4,-0.0,0.3
2025-12-11,452260,1084.0,1.25,2.1,-0.1,-2.0
2025-12-12,452260,1087.0,1.38,2.0,-2.3,0.3
2025-12-15,452260,1089.0,1.47,0.7,0.2,-0.9
2025-12-16,452260,1110.0,1.53,-2.4,-0.0,2.4
2025-12-17,452260,1443.0,1.39,2.8,-0.3,-5.5
2025-12-18,452260,1543.0,1.51,-11.4,1.9,13.1
2025-12-19,452260,1538.0,1.3,9.1,0.1,-9.5
2025-12-22,452260,1591.0,1.52,-5.3,0.1,5.9
2025-12-23,452260,1470.0,1.39,-7.0,0.1,6.8
2025-12-24,452260,1410.0,1.18,11.3,0.2,-10.8
2025-12-26,452260,1366.0,1.59,-6.3,1.8,3.5
2025-12-29,452260,1413.0,1.38,-2.6,0.0,3.3
2025-12-30,452260,1368.0,1.28,3.7,-0.0,-3.6
2026-01-02,452260,1320.0,1.42,2.0,-0.0,-1.8
2026-01-05,452260,1308.0,1.5,0.2,-0.0,-0.1
2026-01-06,452260,1296.0,1.5,0.0,-0.0,0.0
2026-01-07,452260,1276.0,1.53,3.7,-0.0,-3.8
2026-01-08,452260,1243.0,1.68,-4.2,0.0,3.9
2026-01-09,452260,1260.0,1.52,4.3,-0.0,-4.2
2026-01-12,452260,1240.0,1.69,1.9,0.0,-2.0
2026-01-13,452260,1248.0,1.77,-0.5,-0.0,0.5
2026-01-14,452260,1622.0,1.75,6.8,-1.8,-47.6
2026-01-15,452260,2105.0,1.92,26.5,1.4,-24.9
2026-01-16,452260,2235.0,2.55,-68.4,0.1,128.7
2026-01-19,452260,2210.0,1.18,2.2,0.8,11.5
2026-01-20,452260,2005.0,1.27,0.8,-1.7,1.4
2026-01-21,452260,1840.0,1.35,16.2,-1.5,-15.0
2026-01-22,452260,1785.0,1.78,9.9,-0.0,-9.8
2026-01-23,452260,1933.0,2.07,-1.0,0.0,1.1
2026-01-26,452260,1852.0,2.04,-15.5,-0.0,15.4
2026-01-27,452260,1878.0,1.65,7.2,-0.1,-7.3
2026-01-28,452260,1845.0,1.85,-0.4,-0.0,0.5
2026-01-29,452260,1869.0,1.84,4.6,-0.0,-4.7
2026-01-30,452260,1821.0,1.97,-3.5,-0.1,3.4
2026-02-02,452260,1907.0,1.89,-1.4,2.5,-1.5
2026-02-03,452260,2005.0,1.86,-1.0,-2.5,4.1
2026-02-04,452260,2235.0,1.87,0.2,1.3,-1.9
2026-02-05,452260,2165.0,1.91,-36.5,0.0,33.7
2026-02-06,452260,2140.0,1.14,4.8,-0.2,-4.8
2026-02-09,452260,2070.0,1.28,-16.1,-0.5,16.7
2026-02-10,452260,2120.0,0.91,-1.5,-0.5,1.8
2026-02-11,452260,2205.0,0.92,18.2,-0.8,-17.7
2026-02-12,452260,2225.0,1.34,31.5,0.1,-31.4
2026-02-13,452260,2365.0,2.1,34.1,0.6,-34.6
2026-02-19,452260,2600.0,2.84,24.0,3.7,-29.7
2026-02-20,452260,2930.0,3.32,-32.9,-5.6,40.1
2026-02-23,452260,2835.0,2.78,-6.3,3.9,3.4
2026-02-24,452260,3085.0,2.65,11.2,-0.2,-12.2
2026-02-25,452260,3300.0,2.85,-62.3,-1.4,63.8
2026-02-26,452260,3155.0,1.83,-27.0,0.4,26.0
2026-02-27,452260,3150.0,1.4,-31.6,-0.3,32.1
2026-03-03,452260,2820.0,0.92,23.2,-2.9,-19.2
2026-03-04,452260,2625.0,1.3,46.4,-1.1,-44.1
2026-03-05,452260,2870.0,2.28,-17.9,-0.0,17.1
2026-03-06,452260,2900.0,1.97,-3.6,-0.0,3.4
2026-03-09,452260,2685.0,1.89,-3.3,0.0,4.5
2026-03-10,452260,2765.0,1.82,2.1,0.0,-2.4
2026-03-11,452260,2850.0,1.86,5.3,-0.1,-5.2
2026-03-12,452260,2790.0,1.96,-9.8,-0.3,10.2
2026-03-13,452260,2700.0,1.78,-10.5,-0.0,10.5
2026-03-16,452260,2615.0,1.59,0.5,-0.0,-0.4
2026-03-17,452260,2650.0,1.6,-0.9,-0.1,0.1
2026-03-18,452260,2710.0,1.58,1.9,-0.0,-1.8
2026-03-19,452260,2615.0,1.62,-0.2,0.0,0.4
2026-03-20,452260,2670.0,1.65,10.4,-0.2,-10.2
2026-03-23,452260,2455.0,1.85,3.4,-0.0,-3.5
2026-03-24,452260,2560.0,1.91,14.2,-0.0,-13.8
2026-03-25,452260,2675.0,2.2,2.8,-0.0,-2.8
2026-03-26,452260,2550.0,2.25,1.9,0.0,-1.9
2026-03-27,452260,2490.0,2.29,-3.5,0.0,3.8
2026-03-30,452260,2410.0,2.22,7.1,0.2,-8.2
2026-03-31,452260,2385.0,2.37,6.0,0.0,-6.1
2026-04-01,452260,2510.0,2.5,-1.4,0.5,-2.0
2026-04-02,452260,2340.0,2.48,0.5,0.0,0.1
2026-04-03,452260,2410.0,2.49,5.9,0.4,-6.3
2026-04-06,452260,2390.0,2.61,-3.6,0.0,3.6
2026-04-07,452260,2340.0,2.54,5.1,-0.0,-5.0
2026-04-08,452260,2515.0,2.67,12.3,-1.4,-10.8
2026-04-09,452260,2440.0,2.92,-4.6,-0.0,4.5
2026-04-10,452260,2465.0,2.82,2.2,0.2,-2.4
2026-04-13,452260,2365.0,2.87,-8.1,-0.6,8.9
2026-04-14,452260,2425.0,2.55,6.4,-0.1,-6.6
2026-04-15,452260,2415.0,2.7,-1.9,-0.8,2.5
2026-04-16,452260,2500.0,2.64,1.1,-0.0,-1.4
2026-04-17,452260,2475.0,2.67,-0.9,-0.7,1.6
2026-04-20,452260,2450.0,2.65,1.2,-0.1,-1.2
2026-04-21,452260,2460.0,2.66,1.3,-0.0,-1.8
2026-04-22,452260,2565.0,2.69,-49.8,8.0,41.6
2026-04-23,452260,2570.0,1.76,-15.7,-0.1,16.7
2026-04-24,452260,3340.0,1.45,-29.3,-0.7,26.5
2026-04-27,452260,3480.0,1.11,15.3,1.3,-21.8
2026-04-28,452260,3185.0,1.37,-12.8,-0.9,18.8
2026-04-29,452260,3180.0,1.15,-10.7,-0.1,11.8
2026-04-30,452260,3070.0,0.99,10.2,-0.4,-10.1
2026-05-04,452260,3025.0,1.19,5.9,0.6,-6.3
2026-05-06,452260,3060.0,1.29,-5.7,-0.1,6.0
2026-05-07,452260,2950.0,1.2,11.0,-0.4,-10.6
2026-05-08,452260,2920.0,1.39,5.7,0.0,-5.0
2026-05-11,452260,2865.0,1.49,-4.9,-0.0,4.6
2026-05-12,452260,2800.0,1.43,8.4,-0.0,-9.3
2026-05-13,452260,3640.0,1.65,-52.8,-0.1,-85.6
2026-05-14,452260,3340.0,0.77,43.4,2.3,88.8
2026-05-15,452260,3350.0,1.47,23.1,1.7,-27.3
2026-05-18,452260,3090.0,1.82,26.1,0.0,-26.4
2026-05-19,452260,3020.0,2.17,-17.9,-0.0,18.2
2026-05-20,452260,2880.0,1.88,5.6,-1.2,-4.8
2026-05-21,452260,3040.0,1.98,6.4,1.5,-6.4
2026-05-22,452260,3145.0,2.09,6.8,0.6,-7.8
2026-05-26,452260,3150.0,2.21,-2.0,2.9,-1.9
2026-05-27,452260,3000.0,2.17,9.1,1.1,-10.7
2026-05-28,452260,3070.0,2.33,-5.4,1.3,-1.0
2026-05-29,452260,3010.0,2.25,5.1,1.9,-7.0
2026-06-01,452260,2895.0,2.33,1.7,-0.9,10.2
2026-06-02,452260,2760.0,2.35,1.7,0.0,-2.1
2026-06-04,452260,2785.0,2.39,-1.8,0.0,1.8
2026-06-05,452260,2600.0,2.37,1.1,0.0,-1.3
2026-06-08,452260,2395.0,2.4,6.6,1.4,-8.0
2026-06-09,452260,2480.0,2.51,-5.1,-0.0,4.7
2026-06-10,452260,2470.0,2.42,1.9,0.0,-1.9
2026-06-11,452260,2540.0,2.47,-8.5,-0.0,7.3
2026-06-12,452260,2745.0,2.3,-3.4,9.2,-5.3
2026-06-15,452260,2755.0,2.24,-1.6,-0.6,1.6
2026-06-16,452260,2770.0,2.21,-4.4,-0.0,5.0
2026-06-17,452260,2810.0,2.13,5.0,0.1,-5.2
2026-06-18,452260,2630.0,2.24,-0.2,-0.3,0.2
2026-06-19,452260,2450.0,2.24,-1.5,-1.4,2.0
2026-06-22,452260,2370.0,2.21,3.4,-0.8,-3.4
2026-06-23,452260,2155.0,2.28,6.7,-1.3,-5.7
2026-06-24,452260,2120.0,2.44,2.8,-0.4,-1.4
2026-06-25,452260,2145.0,2.42,-2.8,-0.0,2.7
2026-06-26,452260,2025.0,2.35,9.0,0.0,-9.7
2026-06-29,452260,2120.0,2.58,-0.7,0.0,0.2
2026-06-30,452260,2125.0,2.63,0.8,-0.0,-2.0
2026-07-01,452260,2075.0,2.62,-0.9,-0.1,1.0
2026-07-02,452260,2020.0,2.6,0.6,0.2,-1.2
2026-07-03,452260,2100.0,2.61,0.6,0.2,-1.9
2026-07-06,452260,2075.0,2.63,-0.6,0.2,0.6
2026-07-07,452260,2005.0,2.61,-0.9,-0.1,1.1
2026-07-08,452260,1914.0,2.59,1.3,0.0,-1.3
2026-07-09,452260,1939.0,2.63,0.4,-0.0,-0.4
2026-07-10,452260,2065.0,2.64,3.3,0.0,-3.3
2026-07-13,452260,1952.0,2.72,-3.5,-0.0,3.5
2025-07-14,45226K,2390.0,0.63,,,0.0
2025-07-15,45226K,2390.0,0.63,,,0.0
2025-07-16,45226K,2390.0,0.63,,,0.0
2025-07-17,45226K,2355.0,0.63,,,0.0
2025-07-18,45226K,2355.0,0.63,,,-0.0
2025-07-21,45226K,2365.0,0.63,,-0.0,0.0
2025-07-22,45226K,2295.0,0.63,,0.0,0.0
2025-07-23,45226K,2315.0,0.63,,-0.0,0.0
2025-07-24,45226K,2290.0,0.63,,,0.0
2025-07-25,45226K,2305.0,0.63,,0.0,0.0
2025-07-28,45226K,2250.0,0.63,,,0.0
2025-07-29,45226K,2255.0,0.63,,-0.0,0.0
2025-07-30,45226K,2255.0,0.63,,-0.0,0.0
2025-07-31,45226K,2260.0,0.63,,,0.0
2025-08-01,45226K,2240.0,0.63,,,-0.0
2025-08-04,45226K,2230.0,0.63,,,0.0
2025-08-05,45226K,2230.0,0.63,,,0.0
2025-08-06,45226K,2225.0,0.63,,-0.0,0.0
2025-08-07,45226K,2225.0,0.63,,,0.0
2025-08-08,45226K,2275.0,0.63,,,0.0
2025-08-11,45226K,2270.0,0.63,,,0.0
2025-08-12,45226K,2250.0,0.63,,,0.0
2025-08-13,45226K,2245.0,0.63,,,-0.0
2025-08-14,45226K,2245.0,0.63,,,0.0
2025-08-18,45226K,2245.0,0.63,,,0.0
2025-08-19,45226K,2235.0,0.63,,,0.0
2025-08-20,45226K,2225.0,0.63,,,0.0
2025-08-21,45226K,2240.0,0.63,,,0.0
2025-08-22,45226K,2245.0,0.63,,,0.0
2025-08-25,45226K,2260.0,0.63,,,0.0
2025-08-26,45226K,2260.0,0.63,,,0.0
2025-08-27,45226K,2260.0,0.63,,,0.0
2025-08-28,45226K,2245.0,0.63,,,0.0
2025-08-29,45226K,2240.0,0.63,,,0.0
2025-09-01,45226K,2235.0,0.63,,,0.0
2025-09-02,45226K,2190.0,0.63,,,0.0
2025-09-03,45226K,2190.0,0.63,,,0.0
2025-09-04,45226K,2190.0,0.63,,,0.0
2025-09-05,45226K,2185.0,0.63,,,0.0
2025-09-08,45226K,2210.0,0.63,,,0.0
2025-09-09,45226K,2215.0,0.63,,,0.0
2025-09-10,45226K,2235.0,0.63,,,0.0
2025-09-11,45226K,2230.0,0.63,,,0.0
2025-09-12,45226K,2230.0,0.63,,,0.0
2025-09-15,45226K,2220.0,0.63,,,0.0
2025-09-16,45226K,2220.0,0.63,,,0.0
2025-09-17,45226K,2215.0,0.63,,,0.0
2025-09-18,45226K,2215.0,0.63,,,0.0
2025-09-19,45226K,2220.0,0.63,,,-0.0
2025-09-22,45226K,2285.0,0.63,,,0.0
2025-09-23,45226K,2235.0,0.63,,,0.0
2025-09-24,45226K,2230.0,0.63,,,0.0
2025-09-25,45226K,2220.0,0.63,,,0.0
2025-09-26,45226K,2210.0,0.63,,,0.0
2025-09-29,45226K,2295.0,0.59,,,0.0
2025-09-30,45226K,2335.0,0.59,,,0.0
2025-10-01,45226K,2370.0,0.59,,,-0.0
2025-10-02,45226K,2290.0,0.59,,,0.0
2025-10-10,45226K,2275.0,0.57,,,0.0
2025-10-13,45226K,2230.0,0.57,0.0,,-0.0
2025-10-14,45226K,2215.0,0.57,-0.0,,0.0
2025-10-15,45226K,2225.0,0.57,,,0.0
2025-10-16,45226K,2230.0,0.57,,,0.0
2025-10-17,45226K,2220.0,0.57,,,0.0
2025-10-20,45226K,2300.0,0.57,,,0.0
2025-10-21,45226K,2260.0,0.57,,,0.0
2025-10-22,45226K,2240.0,0.57,,,0.0
2025-10-23,45226K,2230.0,0.57,,,0.0
2025-10-24,45226K,2225.0,0.57,,,0.0
2025-10-27,45226K,2235.0,0.57,,,0.0
2025-10-28,45226K,2220.0,0.57,,,0.0
2025-10-29,45226K,2200.0,0.57,,,0.0
2025-10-30,45226K,2180.0,0.57,,,-0.0
2025-10-31,45226K,2155.0,0.57,,,-0.0
2025-11-03,45226K,2130.0,0.57,,,0.0
2025-11-04,45226K,2125.0,0.57,,,0.0
2025-11-05,45226K,2125.0,0.57,,,-0.0
2025-11-06,45226K,2055.0,0.57,,,-0.0
2025-11-07,45226K,2050.0,0.57,,,0.0
2025-11-10,45226K,2090.0,0.57,,,0.0
2025-11-11,45226K,2065.0,0.57,,,0.0
2025-11-12,45226K,2080.0,0.57,,,0.0
2025-11-13,45226K,2080.0,0.57,,,0.0
2025-11-14,45226K,2070.0,0.57,,,-0.0
2025-11-17,45226K,2050.0,0.57,,,0.0
2025-11-18,45226K,2035.0,0.57,,,0.0
2025-11-19,45226K,2035.0,0.57,,,0.0
2025-11-20,45226K,2100.0,0.57,,,-0.0
2025-11-21,45226K,2070.0,0.57,,,-0.0
2025-11-24,45226K,2050.0,0.57,,,0.0
2025-11-25,45226K,2075.0,0.57,,,-0.0
2025-11-26,45226K,2095.0,0.57,0.0,,0.0
2025-11-27,45226K,2075.0,0.57,,,0.0
2025-11-28,45226K,2090.0,0.57,,,0.0
2025-12-01,45226K,2060.0,0.57,,,0.0
2025-12-02,45226K,2110.0,0.57,,,0.0
2025-12-03,45226K,2140.0,0.57,,,0.0
2025-12-04,45226K,2095.0,0.57,,,0.0
2025-12-05,45226K,2150.0,0.57,,,0.0
2025-12-08,45226K,2130.0,0.57,,,0.0
2025-12-09,45226K,2090.0,0.57,,,0.0
2025-12-10,45226K,2085.0,0.57,,,0.0
2025-12-11,45226K,2070.0,0.57,,,0.0
2025-12-12,45226K,2100.0,0.57,,,0.0
2025-12-15,45226K,2100.0,0.57,,,0.0
2025-12-16,45226K,2095.0,0.57,,,0.0
2025-12-17,45226K,2720.0,0.9,,,0.0
2025-12-18,45226K,3535.0,0.9,,,-0.1
2025-12-19,45226K,4595.0,0.9,0.0,,0.1
2025-12-22,45226K,5970.0,0.9,0.0,,-0.2
2025-12-23,45226K,7760.0,0.9,0.0,,-0.0
2025-12-24,45226K,7760.0,0.9,,,
2025-12-26,45226K,7250.0,0.9,-0.1,-0.2,0.4
2025-12-29,45226K,9420.0,0.9,-0.2,-0.5,0.9
2025-12-30,45226K,7770.0,0.85,-0.0,0.0,0.0
2026-01-02,45226K,6200.0,0.85,0.1,0.0,-0.9
2026-01-05,45226K,5910.0,0.92,0.1,0.0,0.2
2026-01-06,45226K,5600.0,1.42,-0.1,0.0,0.5
2026-01-07,45226K,5390.0,1.35,0.2,,-0.2
2026-01-08,45226K,5350.0,1.48,-0.2,,0.2
2026-01-09,45226K,5230.0,1.35,0.1,,-0.1
2026-01-12,45226K,4910.0,1.43,0.0,,0.0
2026-01-13,45226K,4770.0,1.45,0.3,,-0.3
2026-01-14,45226K,6200.0,1.69,-0.6,,0.2
2026-01-15,45226K,8060.0,1.39,-0.0,-0.0,-0.6
2026-01-16,45226K,10470.0,1.38,-0.1,-1.4,1.6
2026-01-19,45226K,13610.0,1.43,2.4,-0.6,-1.6
2026-01-20,45226K,13610.0,2.14,,,
2026-01-21,45226K,10150.0,2.14,-2.9,-0.1,4.1
2026-01-22,45226K,8600.0,1.61,-0.3,0.0,-0.0
2026-01-23,45226K,11180.0,1.5,-0.1,-0.2,-0.3
2026-01-26,45226K,10350.0,1.5,0.2,-0.9,1.2
2026-01-27,45226K,10380.0,1.7,-0.8,0.0,0.5
2026-01-28,45226K,10010.0,1.51,-0.3,,0.7
2026-01-29,45226K,9700.0,1.42,-0.0,,-0.1
2026-01-30,45226K,9160.0,1.44,0.6,,-0.6
2026-02-02,45226K,9970.0,1.66,-0.6,0.0,0.6
2026-02-03,45226K,9940.0,1.49,-0.3,,0.2
2026-02-04,45226K,11070.0,1.6,1.1,-0.0,-1.1
2026-02-05,45226K,10550.0,1.97,-1.1,-0.1,0.6
2026-02-06,45226K,10150.0,1.77,-0.8,-0.0,0.8
2026-02-09,45226K,10050.0,1.58,0.2,-0.0,-0.2
2026-02-10,45226K,10000.0,1.66,-0.6,-0.0,0.7
2026-02-11,45226K,10110.0,1.58,0.7,,-0.6
2026-02-12,45226K,10030.0,1.81,-0.9,,0.9
2026-02-13,45226K,10080.0,1.51,0.2,-0.4,0.2
2026-02-19,45226K,10160.0,1.62,2.6,-0.0,-2.5
2026-02-20,45226K,10430.0,2.48,-2.9,,2.8
2026-02-23,45226K,10220.0,1.64,-0.1,-0.0,0.3
2026-02-24,45226K,10600.0,1.6,-0.1,0.7,-0.6
2026-02-25,45226K,10700.0,1.25,0.4,0.5,-1.1
2026-02-26,45226K,10240.0,1.4,-0.9,0.1,0.8
2026-02-27,45226K,9920.0,1.1,-0.1,0.1,-0.2
2026-03-03,45226K,8410.0,1.07,-0.0,0.0,-0.1
2026-03-04,45226K,5900.0,1.06,-0.0,-0.5,0.5
2026-03-05,45226K,7670.0,1.05,0.0,,-0.0
2026-03-06,45226K,8320.0,1.07,-0.0,0.0,-0.0
2026-03-09,45226K,7460.0,1.07,,,-0.0
2026-03-10,45226K,7920.0,1.07,,,-0.0
2026-03-11,45226K,7950.0,1.07,,,-0.1
2026-03-12,45226K,7800.0,1.09,,0.0,-0.0
2026-03-13,45226K,7960.0,1.09,0.0,,0.0
2026-03-16,45226K,7610.0,1.09,,,-0.1
2026-03-17,45226K,7620.0,1.09,,,0.1
2026-03-18,45226K,7250.0,1.09,,-0.2,0.2
2026-03-19,45226K,7070.0,1.09,,-0.1,0.2
2026-03-20,45226K,7070.0,1.09,0.0,,0.0
2026-03-23,45226K,6490.0,1.09,,,0.0
2026-03-24,45226K,6660.0,1.09,,,-0.0
2026-03-25,45226K,7130.0,1.09,0.0,,0.1
2026-03-26,45226K,6800.0,1.09,,,0.0
2026-03-27,45226K,6690.0,1.09,,,0.0
2026-03-30,45226K,6330.0,1.09,,,0.0
2026-03-31,45226K,6150.0,1.09,,,-0.0
2026-04-01,45226K,6440.0,1.09,,,-0.0
2026-04-02,45226K,6150.0,1.09,0.0,,-0.0
2026-04-03,45226K,6250.0,1.09,,,-0.0
2026-04-06,45226K,6130.0,1.09,,,-0.0
2026-04-07,45226K,6100.0,1.09,,,-0.0
2026-04-08,45226K,6260.0,1.09,,,-0.0
2026-04-09,45226K,6140.0,1.09,,,-0.0
2026-04-10,45226K,6050.0,1.09,,,0.0
2026-04-13,45226K,5990.0,1.09,,,-0.0
2026-04-14,45226K,5990.0,1.09,,,-0.0
2026-04-15,45226K,6010.0,1.09,0.0,,-0.0
2026-04-16,45226K,5980.0,1.11,,,-0.0
2026-04-17,45226K,6160.0,1.14,,,-0.0
2026-04-20,45226K,5990.0,1.14,,,0.0
2026-04-21,45226K,5990.0,1.14,,,-0.0
2026-04-22,45226K,6490.0,1.17,0.0,,-0.0
2026-04-23,45226K,6530.0,1.13,,,-0.0
2026-04-24,45226K,8480.0,1.13,,,-0.6
2026-04-27,45226K,8200.0,1.13,,-0.0,0.6
2026-04-28,45226K,7550.0,1.13,,0.0,-0.0
2026-04-29,45226K,7580.0,1.13,0.1,,-0.1
2026-04-30,45226K,7300.0,1.18,,0.0,-0.0
2026-05-04,45226K,7170.0,1.18,,0.0,-0.0
2026-05-06,45226K,7390.0,1.18,0.8,,-0.8
2026-05-07,45226K,7240.0,1.58,,,0.0
2026-05-08,45226K,7030.0,1.58,,,0.0
2026-05-11,45226K,6730.0,1.58,,,-0.0
2026-05-12,45226K,6680.0,1.58,,,-0.0
2026-05-13,45226K,8680.0,1.58,,0.0,-0.0
2026-05-14,45226K,7400.0,1.58,-0.1,-0.0,0.1
2026-05-15,45226K,7200.0,1.52,,,-0.1
2026-05-18,45226K,6730.0,1.52,-0.0,,0.0
2026-05-19,45226K,6810.0,1.51,,,0.0
2026-05-20,45226K,6620.0,1.51,,,-0.0
2026-05-21,45226K,6900.0,1.51,,,-0.0
2026-05-22,45226K,6890.0,1.51,,,-0.0
2026-05-26,45226K,6840.0,1.51,,,0.1
2026-05-27,45226K,6550.0,1.51,,,-0.0
2026-05-28,45226K,6470.0,1.51,-0.0,,0.0
2026-05-29,45226K,6200.0,1.51,,,-0.0
2026-06-01,45226K,5980.0,1.51,,,-0.0
2026-06-02,45226K,5720.0,1.51,,,-0.0
2026-06-04,45226K,5460.0,1.51,0.0,,-0.0
2026-06-05,45226K,5130.0,1.51,,,-0.0
2026-06-08,45226K,4850.0,1.51,,,-0.0
2026-06-09,45226K,4930.0,1.51,,,-0.0
2026-06-10,45226K,4900.0,1.51,,,-0.0
2026-06-11,45226K,5310.0,1.51,,,0.0
2026-06-12,45226K,5590.0,1.51,,,0.0
2026-06-15,45226K,5450.0,1.51,,,0.0
2026-06-16,45226K,5430.0,1.51,,,0.0
2026-06-17,45226K,5560.0,1.51,,,-0.0
2026-06-18,45226K,5200.0,1.51,,,-0.0
2026-06-19,45226K,5020.0,1.51,,,-0.0
2026-06-22,45226K,4850.0,1.51,,,0.0
2026-06-23,45226K,4570.0,1.54,,,-0.0
2026-06-24,45226K,4575.0,1.51,,,-0.0
2026-06-25,45226K,4525.0,1.51,,,-0.0
2026-06-26,45226K,4230.0,1.51,,,-0.0
2026-06-29,45226K,4330.0,1.51,,,0.0
2026-06-30,45226K,4260.0,1.51,,,0.0
2026-07-01,45226K,4385.0,1.51,-0.0,,-0.0
2026-07-02,45226K,4285.0,1.51,,,0.0
2026-07-03,45226K,4195.0,1.53,,,0.0
2026-07-06,45226K,4185.0,1.53,,,-0.0
2026-07-07,45226K,4150.0,1.53,,,0.0
2026-07-08,45226K,3820.0,1.53,,,-0.0
2026-07-09,45226K,3880.0,1.53,,,0.0
2026-07-10,45226K,4115.0,1.53,,,0.0
2026-07-13,45226K,3925.0,1.53,,,0.0
2025-07-14,452280,6720.0,1.92,-0.8,0.0,0.8
2025-07-15,452280,6640.0,1.86,-0.5,0.0,0.5
2025-07-16,452280,6700.0,1.81,-0.1,0.0,0.1
2025-07-17,452280,6650.0,1.79,0.2,0.0,-0.2
2025-07-18,452280,6670.0,1.8,-0.0,0.0,0.0
2025-07-21,452280,6800.0,1.81,0.1,0.0,-0.1
2025-07-22,452280,6660.0,1.82,-0.2,0.0,0.2
2025-07-23,452280,6770.0,1.79,0.4,0.0,-0.5
2025-07-24,452280,6860.0,1.87,-0.1,0.0,0.1
2025-07-25,452280,7250.0,1.89,-14.3,-0.0,14.2
2025-07-28,452280,7360.0,0.62,1.0,,-0.9
2025-07-29,452280,7600.0,0.74,-0.2,0.0,0.0
2025-07-30,452280,7430.0,0.75,2.9,,-2.9
2025-07-31,452280,7250.0,0.96,1.8,,-1.8
2025-08-01,452280,6840.0,1.29,0.3,0.0,-0.3
2025-08-04,452280,6930.0,1.27,0.8,,-0.9
2025-08-05,452280,7340.0,1.35,2.2,,-2.2
2025-08-06,452280,7250.0,1.54,1.1,,-1.2
2025-08-07,452280,7240.0,1.64,0.4,,-0.1
2025-08-08,452280,7250.0,1.71,1.3,,-1.2
2025-08-11,452280,7350.0,1.84,0.8,,-0.8
2025-08-12,452280,7400.0,1.92,2.1,,-2.1
2025-08-13,452280,7430.0,2.13,-0.2,,0.3
2025-08-14,452280,7490.0,2.08,0.4,,-0.4
2025-08-18,452280,7350.0,2.1,-0.2,,0.1
2025-08-19,452280,7220.0,2.0,0.3,,-0.3
2025-08-20,452280,7070.0,2.03,0.3,0.0,-0.4
2025-08-21,452280,7010.0,2.05,-0.1,,0.0
2025-08-22,452280,7120.0,2.03,1.1,,-1.1
2025-08-25,452280,7200.0,2.13,0.1,,-0.1
2025-08-26,452280,7070.0,2.13,-1.3,,1.2
2025-08-27,452280,7220.0,1.96,-0.7,,0.5
2025-08-28,452280,7300.0,1.88,0.0,,-0.0
2025-08-29,452280,7720.0,1.88,1.6,0.4,-2.1
2025-09-01,452280,7890.0,2.11,-3.6,0.0,2.8
2025-09-02,452280,7820.0,1.71,-6.6,-0.0,7.0
2025-09-03,452280,7830.0,1.38,-1.3,-0.0,1.1
2025-09-04,452280,8250.0,1.22,3.4,0.0,-3.9
2025-09-05,452280,8010.0,1.59,-4.2,0.0,4.4
2025-09-08,452280,8170.0,1.14,0.0,,-0.0
2025-09-09,452280,8620.0,1.15,1.7,0.6,-1.6
2025-09-10,452280,8830.0,1.45,0.6,0.3,-1.0
2025-09-11,452280,11470.0,1.5,8.5,-1.5,-9.0
2025-09-12,452280,11520.0,2.06,-21.8,-0.7,21.3
2025-09-15,452280,11560.0,0.95,-1.5,-0.1,2.1
2025-09-16,452280,11410.0,0.9,-6.6,0.3,6.3
2025-09-17,452280,11630.0,0.74,-2.7,,2.6
2025-09-18,452280,11740.0,0.54,-1.2,,1.0
2025-09-19,452280,11170.0,0.54,3.3,0.1,-4.1
2025-09-22,452280,10520.0,0.73,7.0,,-6.6
2025-09-23,452280,11390.0,1.1,-2.7,,2.3
2025-09-24,452280,11340.0,0.97,2.5,,-1.4
2025-09-25,452280,11110.0,1.1,-3.9,-0.4,5.1
2025-09-26,452280,10500.0,0.91,-2.2,,2.3
2025-09-29,452280,10660.0,0.8,-0.4,,-0.5
2025-09-30,452280,10970.0,0.78,10.0,,-10.0
2025-10-01,452280,10960.0,1.31,-14.4,-0.0,14.2
2025-10-02,452280,11400.0,0.6,4.1,0.0,-4.4
2025-10-10,452280,11380.0,0.74,1.2,0.0,-1.1
2025-10-13,452280,10600.0,0.8,-2.7,0.0,2.7
2025-10-14,452280,11140.0,0.66,15.2,-0.0,-15.6
2025-10-15,452280,11710.0,1.39,8.3,0.0,-7.6
2025-10-16,452280,11480.0,1.81,-13.8,-0.0,13.1
2025-10-17,452280,10970.0,1.13,-6.2,0.0,6.3
2025-10-20,452280,10810.0,0.81,-3.6,0.0,3.6
2025-10-21,452280,11130.0,0.61,9.2,0.3,-9.8
2025-10-22,452280,10760.0,1.09,-5.1,,5.2
2025-10-23,452280,10970.0,0.81,15.8,-0.0,-15.6
2025-10-24,452280,11130.0,1.62,-3.9,,4.0
2025-10-27,452280,11410.0,1.41,20.0,0.9,-20.5
2025-10-28,452280,12100.0,2.36,-11.5,0.8,10.6
2025-10-29,452280,11270.0,1.77,-10.6,1.4,9.7
2025-10-30,452280,10750.0,1.25,-5.1,0.0,5.0
2025-10-31,452280,10820.0,0.96,-3.0,,3.0
2025-11-03,452280,10510.0,0.8,-3.8,0.0,3.6
2025-11-04,452280,10110.0,0.6,-0.7,0.0,0.6
2025-11-05,452280,9610.0,0.56,3.3,,-3.3
2025-11-06,452280,9360.0,0.76,1.4,-0.5,-0.8
2025-11-07,452280,9040.0,0.85,2.9,-0.5,-2.3
2025-11-10,452280,9100.0,1.03,1.8,-0.5,-1.4
2025-11-11,452280,9340.0,1.15,-1.2,-0.6,1.7
2025-11-12,452280,9340.0,1.08,-0.3,0.0,0.4
2025-11-13,452280,9440.0,1.06,1.3,,-1.3
2025-11-14,452280,9200.0,1.14,0.1,0.3,-0.4
2025-11-17,452280,9230.0,1.14,-0.9,,0.9
2025-11-18,452280,8990.0,1.08,-1.4,0.0,1.4
2025-11-19,452280,8770.0,1.01,1.1,,-1.1
2025-11-20,452280,8900.0,1.13,2.7,,-2.7
2025-11-21,452280,8520.0,1.3,2.1,,-2.1
2025-11-24,452280,8450.0,1.44,2.0,,-2.0
2025-11-25,452280,8550.0,1.58,1.5,-0.1,-1.4
2025-11-26,452280,8950.0,1.68,0.9,,-0.9
2025-11-27,452280,8800.0,1.74,0.5,,0.8
2025-11-28,452280,8930.0,1.77,0.8,,-0.9
2025-12-01,452280,8830.0,1.82,-0.9,,0.7
2025-12-02,452280,8930.0,1.77,-0.1,,0.0
2025-12-03,452280,9070.0,1.76,1.7,,-1.7
2025-12-04,452280,8900.0,1.87,0.4,,-0.4
2025-12-05,452280,9300.0,1.9,-1.4,0.0,1.3
2025-12-08,452280,9010.0,1.81,-2.5,,2.5
2025-12-09,452280,8930.0,1.65,0.6,,-0.5
2025-12-10,452280,8840.0,1.69,0.8,0.4,-1.2
2025-12-11,452280,9060.0,1.74,1.8,0.9,-2.7
2025-12-12,452280,9200.0,1.88,1.6,0.0,-1.6
2025-12-15,452280,8950.0,1.98,-1.0,0.0,0.9
2025-12-16,452280,9120.0,1.92,1.2,2.5,-3.7
2025-12-17,452280,8860.0,1.97,-3.3,0.0,2.7
2025-12-18,452280,8600.0,1.76,-0.4,0.1,0.3
2025-12-19,452280,8900.0,1.72,1.8,0.0,-1.9
2025-12-22,452280,9180.0,1.84,3.1,,-3.0
2025-12-23,452280,8990.0,2.04,-0.1,-0.0,-0.3
2025-12-24,452280,8810.0,2.03,-0.6,0.0,0.6
2025-12-26,452280,8610.0,2.0,-0.9,-0.1,1.0
2025-12-29,452280,8710.0,1.93,1.6,,-1.6
2025-12-30,452280,8540.0,2.04,-0.2,,0.2
2026-01-02,452280,8840.0,2.02,0.7,,-0.6
2026-01-05,452280,9700.0,2.07,9.2,,-8.6
2026-01-06,452280,9630.0,2.63,-3.0,,2.9
2026-01-07,452280,9270.0,2.45,-1.7,0.1,1.0
2026-01-08,452280,9010.0,2.32,-1.8,0.8,0.9
2026-01-09,452280,9430.0,2.21,-2.2,-0.0,2.2
2026-01-12,452280,9230.0,2.07,1.5,-0.3,-1.3
2026-01-13,452280,9930.0,2.16,11.1,0.2,-11.3
2026-01-14,452280,10490.0,2.81,2.7,0.2,-2.7
2026-01-15,452280,10210.0,2.96,-0.2,0.5,-0.4
2026-01-16,452280,10200.0,2.95,-2.1,0.9,1.2
2026-01-19,452280,10810.0,2.84,3.7,0.7,-4.6
2026-01-20,452280,11040.0,2.97,5.5,1.9,-7.2
2026-01-21,452280,10670.0,3.26,-4.9,0.5,4.3
2026-01-22,452280,10470.0,3.01,3.7,0.5,-4.2
2026-01-23,452280,10500.0,3.21,1.0,0.9,-1.9
2026-01-26,452280,10500.0,3.27,2.5,0.3,-2.9
2026-01-27,452280,10500.0,3.41,-1.2,0.3,0.8
2026-01-28,452280,10840.0,3.35,-2.0,1.6,-0.1
2026-01-29,452280,10830.0,3.24,2.4,0.1,-2.5
2026-01-30,452280,10620.0,3.38,-1.7,0.0,1.5
2026-02-02,452280,10330.0,3.29,2.4,-0.1,-2.2
2026-02-03,452280,10880.0,3.36,5.6,0.1,-5.6
2026-02-04,452280,10910.0,3.66,0.1,0.2,5.7
2026-02-05,452280,10300.0,3.66,-3.5,0.1,7.5
2026-02-06,452280,10050.0,3.35,3.1,0.0,-0.3
2026-02-09,452280,10400.0,3.51,5.0,1.9,-2.3
2026-02-10,452280,10100.0,3.77,-2.0,0.0,4.0
2026-02-11,452280,10220.0,3.66,4.2,-0.2,-1.6
2026-02-12,452280,10310.0,3.89,-0.8,-0.0,7.9
2026-02-13,452280,9990.0,3.84,-1.5,-0.0,3.6
2026-02-19,452280,10320.0,3.76,6.5,-0.1,0.2
2026-02-20,452280,10770.0,4.11,1.9,0.2,5.4
2026-02-23,452280,10390.0,4.21,-7.3,-0.3,10.5
2026-02-24,452280,10580.0,3.83,2.1,-0.0,4.5
2026-02-25,452280,10590.0,3.94,-1.5,-0.0,3.6
2026-02-26,452280,10290.0,3.86,-6.0,-0.4,3.5
2026-02-27,452280,10290.0,3.54,1.5,1.7,-3.5
2026-03-03,452280,9730.0,3.62,-1.4,0.1,0.6
2026-03-04,452280,8000.0,3.54,3.0,0.7,-3.7
2026-03-05,452280,9010.0,3.75,2.7,-0.5,-2.2
2026-03-06,452280,9290.0,3.92,1.3,-0.4,-0.9
2026-03-09,452280,8840.0,4.0,0.7,-0.4,-0.4
2026-03-10,452280,9360.0,4.04,1.7,-0.0,-1.7
2026-03-11,452280,10950.0,4.15,15.9,18.8,-32.1
2026-03-12,452280,14230.0,5.0,-31.2,6.9,28.8
2026-03-13,452280,16580.0,3.7,40.6,24.4,-70.0
2026-03-16,452280,16450.0,5.16,16.0,9.5,-27.0
2026-03-17,452280,16840.0,5.65,17.1,45.4,-61.1
2026-03-18,452280,16000.0,6.03,0.1,0.3,-4.2
2026-03-19,452280,15410.0,5.98,3.4,-1.8,-2.2
2026-03-20,452280,15490.0,6.04,-1.6,0.0,1.1
2026-03-23,452280,14350.0,6.0,6.7,-1.5,-0.5
2026-03-24,452280,14400.0,6.29,0.6,1.9,1.7
2026-03-25,452280,14790.0,6.34,-0.7,-0.1,11.6
2026-03-26,452280,14400.0,5.87,0.2,0.1,6.1
2026-03-27,452280,13620.0,5.88,-1.4,-0.7,2.1
2026-03-30,452280,13310.0,5.83,7.8,0.8,-5.2
2026-03-31,452280,13850.0,6.15,-10.3,6.2,20.8
2026-04-01,452280,14540.0,5.78,16.5,1.8,2.2
2026-04-02,452280,13700.0,6.36,-15.4,3.4,12.4
2026-04-03,452280,14040.0,5.83,-7.4,2.6,10.4
2026-04-06,452280,13070.0,5.56,-2.3,-3.7,6.9
2026-04-07,452280,12700.0,5.48,-2.1,4.3,-0.2
2026-04-08,452280,12960.0,5.4,2.0,-0.8,9.2
2026-04-09,452280,12620.0,5.48,0.1,-5.9,5.1
2026-04-10,452280,13400.0,5.48,16.4,5.6,0.8
2026-04-13,452280,14480.0,6.12,12.1,1.7,15.5
2026-04-14,452280,15090.0,6.55,-13.0,5.2,27.6
2026-04-15,452280,16190.0,6.13,6.6,13.0,-14.9
2026-04-16,452280,16530.0,6.34,9.5,12.4,-22.9
2026-04-17,452280,17190.0,6.63,0.6,18.8,-17.5
2026-04-20,452280,17510.0,6.66,-16.0,1.1,15.3
2026-04-21,452280,17710.0,6.16,-6.6,19.4,-9.7
2026-04-22,452280,18700.0,5.97,-9.2,24.3,-12.7
2026-04-23,452280,17630.0,5.72,5.3,-2.3,-1.9
2026-04-24,452280,18290.0,5.87,14.9,6.7,-16.0
2026-04-27,452280,17960.0,6.29,-4.3,0.2,8.0
2026-04-28,452280,19190.0,6.17,24.8,14.2,-13.7
2026-04-29,452280,21300.0,6.85,-21.6,19.5,6.3
2026-04-30,452280,22000.0,6.3,-22.5,32.0,-5.3
2026-05-04,452280,20750.0,5.79,-27.4,2.8,25.8
2026-05-06,452280,20750.0,5.11,-8.4,-2.7,6.6
2026-05-07,452280,20000.0,5.03,-4.4,20.4,-10.0
2026-05-08,452280,20150.0,4.92,7.1,-2.9,-4.0
2026-05-11,452280,19690.0,5.11,4.0,-3.0,-3.8
2026-05-12,452280,17940.0,5.22,23.7,-28.1,1.1
2026-05-13,452280,23300.0,5.9,12.7,-21.8,8.6
2026-05-14,452280,24250.0,6.22,-4.1,75.5,-62.8
2026-05-15,452280,28900.0,6.23,-71.2,43.3,22.4
2026-05-18,452280,27850.0,4.91,-11.7,81.5,-67.3
2026-05-19,452280,33300.0,4.76,-113.7,16.4,99.2
2026-05-20,452280,31600.0,2.92,-21.6,52.0,-28.7
2026-05-21,452280,32850.0,2.62,2.3,-4.7,4.4
2026-05-22,452280,33000.0,2.67,25.0,3.3,-29.5
2026-05-26,452280,33900.0,3.03,9.3,-3.3,-10.7
2026-05-27,452280,31000.0,3.18,0.0,-3.4,3.5
2026-05-28,452280,28150.0,3.18,21.2,-0.8,-17.0
2026-05-29,452280,27950.0,3.57,9.5,4.7,-14.9
2026-06-01,452280,22900.0,3.76,6.8,14.5,-18.7
2026-06-02,452280,20650.0,3.9,9.2,-4.6,-5.5
2026-06-04,452280,24750.0,4.13,-10.4,0.6,6.8
2026-06-05,452280,24900.0,3.92,-31.7,41.0,-8.8
2026-06-08,452280,20800.0,3.28,24.1,-12.1,-15.0
2026-06-09,452280,22850.0,3.87,-12.2,-5.6,14.1
2026-06-10,452280,21500.0,3.58,20.8,-41.6,15.8
2026-06-11,452280,22600.0,4.13,17.9,7.6,-24.6
2026-06-12,452280,19720.0,4.58,-49.0,-9.2,58.2
2026-06-15,452280,21600.0,3.35,4.1,-0.2,-5.9
2026-06-16,452280,18800.0,3.46,13.7,-23.6,11.4
2026-06-17,452280,17200.0,3.85,93.9,-105.5,9.4
2026-06-18,452280,16410.0,6.69,13.3,-12.2,-1.6
2026-06-19,452280,15450.0,7.11,21.1,-8.3,-9.2
2026-06-22,452280,14630.0,7.84,11.5,1.0,-12.7
2026-06-23,452280,13510.0,8.24,5.0,-2.3,-2.7
2026-06-24,452280,13440.0,8.44,-5.3,4.1,1.9
2026-06-25,452280,12860.0,8.24,7.9,1.6,-8.7
2026-06-26,452280,11940.0,8.56,3.0,1.3,-3.6
2026-06-29,452280,13880.0,8.74,-21.3,-1.1,21.2
2026-06-30,452280,14380.0,7.94,-1.1,-1.4,2.2
2026-07-01,452280,15140.0,7.89,-16.7,2.0,14.4
2026-07-02,452280,13600.0,7.32,-2.7,2.1,0.9
2026-07-03,452280,13530.0,7.21,3.0,-0.8,-1.1
2026-07-06,452280,12550.0,7.36,2.8,-6.0,3.0
2026-07-07,452280,12630.0,7.48,-0.7,-0.5,1.1
2026-07-08,452280,11440.0,7.45,0.8,-0.4,-0.3
2026-07-09,452280,10890.0,7.49,10.1,-3.9,-5.1
2026-07-10,452280,11350.0,7.99,4.7,0.7,-4.2
2026-07-13,452280,10310.0,8.2,-3.2,-0.1,3.3
2025-07-14,452300,3640.0,5.47,-0.0,,-0.1
2025-07-15,452300,3600.0,5.47,-0.7,,-0.4
2025-07-16,452300,3590.0,5.34,-0.2,,0.1
2025-07-17,452300,3490.0,5.3,-0.2,,-1.3
2025-07-18,452300,3410.0,5.27,-0.2,,0.1
2025-07-21,452300,3405.0,5.24,-0.0,,0.0
2025-07-22,452300,3395.0,5.23,-0.2,,0.1
2025-07-23,452300,3295.0,5.19,-0.5,,0.4
2025-07-24,452300,3180.0,5.08,0.7,,-0.8
2025-07-25,452300,3175.0,5.24,-0.0,,0.0
2025-07-28,452300,3125.0,5.23,-0.1,,0.1
2025-07-29,452300,3200.0,5.21,-0.4,,0.3
2025-07-30,452300,3205.0,5.12,-0.1,,-0.2
2025-07-31,452300,3230.0,5.09,-0.1,,0.1
2025-08-01,452300,3050.0,5.09,-0.7,-0.4,0.6
2025-08-04,452300,3245.0,4.92,-2.6,,3.1
2025-08-05,452300,3220.0,4.42,1.1,,-1.1
2025-08-06,452300,3255.0,4.67,0.5,,-0.5
2025-08-07,452300,3300.0,4.8,0.3,,-0.3
2025-08-08,452300,3260.0,4.89,0.3,,-0.3
2025-08-11,452300,3275.0,4.94,-0.5,,0.5
2025-08-12,452300,3245.0,4.84,-0.6,,0.7
2025-08-13,452300,3235.0,4.71,0.2,,-0.2
2025-08-14,452300,3275.0,4.76,0.1,,-0.1
2025-08-18,452300,3145.0,4.79,-0.3,,0.3
2025-08-19,452300,3105.0,4.73,0.1,,-0.1
2025-08-20,452300,3035.0,4.74,0.2,,-0.3
2025-08-21,452300,3075.0,4.8,0.0,,-0.0
2025-08-22,452300,3110.0,4.81,0.1,,-0.1
2025-08-25,452300,3120.0,4.83,-0.0,,-0.0
2025-08-26,452300,3105.0,4.82,-0.2,,0.2
2025-08-27,452300,3110.0,4.82,-0.2,,0.2
2025-08-28,452300,3150.0,4.77,0.2,,-0.1
2025-08-29,452300,3115.0,4.83,-0.3,,0.3
2025-09-01,452300,3025.0,4.76,-0.8,,0.7
2025-09-02,452300,3030.0,4.58,0.2,,-0.2
2025-09-03,452300,3050.0,4.63,0.2,,-0.2
2025-09-04,452300,3120.0,4.68,0.0,,0.0
2025-09-05,452300,3060.0,4.69,-0.2,,0.1
2025-09-08,452300,3060.0,4.68,-0.1,,0.1
2025-09-09,452300,3145.0,4.67,-0.2,,0.2
2025-09-10,452300,3150.0,4.62,-0.0,,-0.0
2025-09-11,452300,3140.0,4.62,0.1,,-0.0
2025-09-12,452300,3135.0,4.64,0.4,,-0.4
2025-09-15,452300,3050.0,4.73,-0.2,,0.2
2025-09-16,452300,3030.0,4.68,-0.1,,0.1
2025-09-17,452300,3010.0,4.66,-0.4,,0.4
2025-09-18,452300,3045.0,4.56,0.1,,-0.1
2025-09-19,452300,3100.0,4.58,-0.1,,0.1
2025-09-22,452300,3050.0,4.57,-0.3,,0.3
2025-09-23,452300,3020.0,4.49,-0.5,,0.5
2025-09-24,452300,3010.0,4.38,-0.5,,0.5
2025-09-25,452300,2985.0,4.27,-0.1,,0.1
2025-09-26,452300,2945.0,4.26,-3.8,,4.2
2025-09-29,452300,2990.0,3.47,2.0,,-2.0
2025-09-30,452300,2940.0,3.95,1.1,,-1.1
2025-10-01,452300,2905.0,4.2,0.5,,-0.5
2025-10-02,452300,2965.0,4.32,1.2,,-1.2
2025-10-10,452300,2960.0,4.6,-0.1,,0.1
2025-10-13,452300,2925.0,4.56,-0.4,,0.4
2025-10-14,452300,2855.0,4.46,-1.5,,1.5
2025-10-15,452300,2920.0,4.08,0.4,,-0.4
2025-10-16,452300,2870.0,4.18,-0.2,,0.2
2025-10-17,452300,2785.0,4.14,-0.9,,0.8
2025-10-20,452300,2820.0,3.92,0.0,,0.0
2025-10-21,452300,2820.0,3.92,-0.2,,0.2
2025-10-22,452300,2850.0,3.87,-0.1,,0.1
2025-10-23,452300,2815.0,3.85,-0.1,,0.1
2025-10-24,452300,2760.0,3.82,-0.1,,0.1
2025-10-27,452300,2820.0,3.8,0.4,,-0.3
2025-10-28,452300,2790.0,3.89,-0.0,,0.0
2025-10-29,452300,2750.0,3.88,-0.3,,0.3
2025-10-30,452300,2680.0,3.8,-0.5,,0.4
2025-10-31,452300,2670.0,3.68,-0.0,,-0.0
2025-11-03,452300,2595.0,3.67,0.0,,-0.0
2025-11-04,452300,2550.0,3.68,-0.0,,0.0
2025-11-05,452300,2545.0,3.69,0.7,,-0.7
2025-11-06,452300,2535.0,3.89,0.1,,-0.1
2025-11-07,452300,2525.0,3.9,0.4,,-0.4
2025-11-10,452300,2580.0,4.01,-0.0,,-0.0
2025-11-11,452300,2520.0,3.94,0.1,,-0.2
2025-11-12,452300,2545.0,3.97,0.4,,-0.4
2025-11-13,452300,2595.0,4.08,0.2,,-0.1
2025-11-14,452300,2590.0,4.13,-0.0,,0.0
2025-11-17,452300,2545.0,4.12,-0.3,,0.3
2025-11-18,452300,2505.0,4.03,-0.2,,0.2
2025-11-19,452300,2455.0,3.98,-0.2,,0.2
2025-11-20,452300,2570.0,3.93,-1.6,,1.6
2025-11-21,452300,2540.0,3.52,0.4,,-0.5
2025-11-24,452300,2665.0,3.64,0.2,,-0.1
2025-11-25,452300,2600.0,3.68,0.4,,-0.4
2025-11-26,452300,2630.0,3.78,-0.0,0.0,0.1
2025-11-27,452300,2600.0,3.77,-0.1,,0.1
2025-11-28,452300,2680.0,3.75,0.1,,-0.1
2025-12-01,452300,2645.0,3.77,-0.0,,0.0
2025-12-02,452300,2745.0,3.76,-0.0,-0.0,0.0
2025-12-03,452300,2740.0,3.76,-0.1,,0.1
2025-12-04,452300,2700.0,3.72,0.1,,-0.1
2025-12-05,452300,2710.0,3.75,0.2,,-0.2
2025-12-08,452300,2710.0,3.8,-0.1,,0.1
2025-12-09,452300,2715.0,3.78,0.1,,-0.0
2025-12-10,452300,2700.0,3.79,-0.2,,0.2
2025-12-11,452300,2735.0,3.75,0.0,,0.0
2025-12-12,452300,2775.0,3.75,0.0,,-0.0
2025-12-15,452300,2845.0,3.76,0.1,,-0.2
2025-12-16,452300,2800.0,3.79,-0.1,,0.1
2025-12-17,452300,2800.0,3.76,-0.0,,0.0
2025-12-18,452300,2865.0,3.76,-0.2,,-0.6
2025-12-19,452300,3020.0,3.71,1.1,,-1.2
2025-12-22,452300,2955.0,3.96,-0.3,,0.4
2025-12-23,452300,2825.0,3.88,0.8,,-0.8
2025-12-24,452300,2855.0,4.09,-0.3,,0.3
2025-12-26,452300,2835.0,4.02,-0.1,,0.1
2025-12-29,452300,2800.0,3.99,0.1,,-0.1
2025-12-30,452300,2765.0,4.02,0.2,,-0.2
2026-01-02,452300,2850.0,4.08,0.0,,-0.0
2026-01-05,452300,2860.0,4.09,-0.2,,-0.1
2026-01-06,452300,2825.0,4.04,-0.4,,0.4
2026-01-07,452300,2800.0,3.96,0.1,,-0.1
2026-01-08,452300,2760.0,3.97,-0.7,-0.1,0.8
2026-01-09,452300,2940.0,3.8,0.4,,-0.5
2026-01-12,452300,3085.0,3.88,-0.7,,1.0
2026-01-13,452300,3095.0,3.71,0.6,,-1.9
2026-01-14,452300,2985.0,3.97,0.0,,-0.2
2026-01-15,452300,3030.0,3.98,0.5,,-0.5
2026-01-16,452300,2955.0,4.1,0.2,,0.6
2026-01-19,452300,2950.0,4.14,0.3,,-0.0
2026-01-20,452300,2955.0,4.21,0.1,,0.4
2026-01-21,452300,2865.0,4.23,-0.3,,0.3
2026-01-22,452300,2850.0,4.17,0.6,,-0.0
2026-01-23,452300,3035.0,4.3,0.5,,-0.3
2026-01-26,452300,3060.0,4.43,0.0,,0.0
2026-01-27,452300,3000.0,4.44,0.3,,-0.2
2026-01-28,452300,2980.0,4.5,-0.1,,0.1
2026-01-29,452300,3065.0,4.47,0.8,,-0.8
2026-01-30,452300,3075.0,4.66,-0.0,,-0.0
2026-02-02,452300,2925.0,4.66,0.2,,-0.6
2026-02-03,452300,3015.0,4.7,0.7,,-0.6
2026-02-04,452300,3265.0,4.85,-0.1,0.0,0.1
2026-02-05,452300,3080.0,4.91,3.9,,-3.8
2026-02-06,452300,3050.0,5.78,-1.3,,1.2
2026-02-09,452300,3200.0,5.48,0.5,,-0.4
2026-02-10,452300,3455.0,5.59,-5.5,,4.8
2026-02-11,452300,3380.0,4.69,-4.7,0.0,4.7
2026-02-12,452300,3425.0,3.79,-4.4,,4.2
2026-02-13,452300,3415.0,2.93,-1.4,,1.7
2026-02-19,452300,3470.0,2.64,-0.7,,0.6
2026-02-20,452300,3480.0,2.51,1.5,,-1.5
2026-02-23,452300,3500.0,2.82,2.1,,-1.9
2026-02-24,452300,3455.0,3.25,0.4,,-0.5
2026-02-25,452300,3415.0,3.35,0.8,,-0.9
2026-02-26,452300,3345.0,3.52,0.9,,-0.9
2026-02-27,452300,3370.0,3.7,0.2,-0.0,-0.4
2026-03-03,452300,3230.0,3.74,2.0,,-2.0
2026-03-04,452300,2830.0,4.17,1.3,,-1.3
2026-03-05,452300,3150.0,4.47,2.8,,-2.7
2026-03-06,452300,3305.0,5.1,0.2,,-0.2
2026-03-09,452300,3220.0,5.15,0.1,,-0.1
2026-03-10,452300,3190.0,5.17,-1.0,,1.0
2026-03-11,452300,3190.0,5.02,-0.5,,0.5
2026-03-12,452300,3155.0,4.93,-0.3,,0.3
2026-03-13,452300,3240.0,4.9,-2.4,,2.4
2026-03-16,452300,3120.0,4.43,-0.0,,0.0
2026-03-17,452300,3205.0,4.42,-0.5,,0.5
2026-03-18,452300,3225.0,4.3,-0.6,0.1,0.5
2026-03-19,452300,3095.0,4.17,-0.2,,0.1
2026-03-20,452300,3115.0,4.12,0.7,,-0.6
2026-03-23,452300,2990.0,4.28,0.1,,-0.2
2026-03-24,452300,3065.0,4.3,0.3,,-0.2
2026-03-25,452300,3170.0,4.36,0.3,,-0.2
2026-03-26,452300,3085.0,4.42,0.3,,-0.3
2026-03-27,452300,4010.0,4.49,-10.8,-0.0,10.8
2026-03-30,452300,4385.0,2.47,-4.6,-0.1,3.2
2026-03-31,452300,3775.0,2.42,7.7,-16.8,11.1
2026-04-01,452300,3800.0,3.89,-2.2,-10.1,12.4
2026-04-02,452300,3520.0,3.57,5.7,0.1,-5.5
2026-04-03,452300,3565.0,4.73,8.1,-0.1,-8.0
2026-04-06,452300,3575.0,6.58,-0.6,,0.6
2026-04-07,452300,4645.0,6.48,-19.8,-1.4,21.9
2026-04-08,452300,4570.0,2.95,1.9,-0.0,-1.4
2026-04-09,452300,4350.0,3.69,-0.1,,0.1
2026-04-10,452300,4795.0,4.22,-11.1,0.0,10.6
2026-04-13,452300,4855.0,2.7,-4.6,,4.9
2026-04-14,452300,5100.0,2.22,5.8,,-10.8
2026-04-15,452300,4930.0,3.08,-8.1,,8.9
2026-04-16,452300,4710.0,2.02,4.1,0.0,-3.9
2026-04-17,452300,4690.0,2.69,3.3,-0.0,-3.4
2026-04-20,452300,4680.0,3.19,4.3,,-4.3
2026-04-21,452300,4685.0,3.83,0.7,0.0,-0.8
2026-04-22,452300,4580.0,3.8,1.5,0.0,-1.7
2026-04-23,452300,4595.0,4.04,1.1,0.0,-1.3
2026-04-24,452300,4525.0,4.22,-0.4,0.0,0.3
2026-04-27,452300,4680.0,3.92,-2.4,-0.0,2.4
2026-04-28,452300,4790.0,3.56,0.0,0.0,0.0
2026-04-29,452300,4635.0,3.57,-1.6,0.0,2.3
2026-04-30,452300,4455.0,3.34,-0.8,-0.0,0.7
2026-05-04,452300,4460.0,3.39,1.9,0.0,-1.8
2026-05-06,452300,4315.0,3.69,-0.7,0.4,0.1
2026-05-07,452300,4200.0,3.57,1.9,0.1,-2.1
2026-05-08,452300,4120.0,3.89,7.1,-0.0,-6.9
2026-05-11,452300,4015.0,5.11,-0.3,0.0,0.3
2026-05-12,452300,3910.0,5.06,0.3,0.3,-0.5
2026-05-13,452300,3835.0,5.11,-1.4,-0.0,1.3
2026-05-14,452300,3905.0,4.85,-1.6,0.0,1.6
2026-05-15,452300,3590.0,4.55,-0.9,0.3,0.6
2026-05-18,452300,3565.0,4.38,1.1,-0.0,-1.1
2026-05-19,452300,3525.0,4.6,0.3,-0.0,-0.2
2026-05-20,452300,3435.0,4.7,1.6,0.0,-1.6
2026-05-21,452300,3510.0,5.01,-0.8,-0.0,0.7
2026-05-22,452300,3645.0,4.87,-1.1,-0.0,1.1
2026-05-26,452300,3535.0,4.67,0.0,0.0,-0.1
2026-05-27,452300,3415.0,4.68,0.8,0.0,-0.8
2026-05-28,452300,3330.0,4.86,-0.3,-0.0,0.3
2026-05-29,452300,3175.0,4.79,-0.9,-0.0,0.9
2026-06-01,452300,3155.0,4.6,-1.3,-0.0,1.3
2026-06-02,452300,3225.0,4.32,0.3,-0.0,-0.2
2026-06-04,452300,3095.0,4.39,-0.3,-0.0,0.3
2026-06-05,452300,2990.0,4.36,1.6,-0.6,-0.9
2026-06-08,452300,2750.0,4.74,0.8,-0.1,-0.7
2026-06-09,452300,2860.0,4.94,0.1,-0.0,-0.1
2026-06-10,452300,2770.0,4.96,0.1,0.0,-0.1
2026-06-11,452300,2850.0,4.98,-0.2,-0.0,0.2
2026-06-12,452300,2890.0,4.92,-0.8,-0.0,0.9
2026-06-15,452300,2875.0,4.72,-0.6,0.0,0.6
2026-06-16,452300,2910.0,4.52,0.2,0.0,-0.3
2026-06-17,452300,2890.0,4.63,-0.1,-0.0,0.1
2026-06-18,452300,2750.0,4.59,-0.5,-0.0,0.5
2026-06-19,452300,2595.0,4.47,1.0,0.0,-1.0
2026-06-22,452300,2525.0,4.76,2.0,-0.0,-2.0
2026-06-23,452300,2425.0,5.34,-0.3,-0.0,0.3
2026-06-24,452300,2355.0,5.25,0.6,-0.0,-0.5
2026-06-25,452300,2325.0,5.44,-0.3,0.0,0.4
2026-06-26,452300,2210.0,5.37,0.2,-0.0,-0.2
2026-06-29,452300,2380.0,5.44,0.7,0.0,-0.7
2026-06-30,452300,2350.0,5.66,-0.2,0.0,0.1
2026-07-01,452300,2430.0,5.62,-0.6,0.0,0.6
2026-07-02,452300,2345.0,5.44,0.2,0.0,-0.2
2026-07-03,452300,2335.0,5.49,0.2,0.0,-0.2
2026-07-06,452300,2305.0,5.56,0.2,-0.0,-0.2
2026-07-07,452300,2255.0,5.63,0.4,0.0,-0.4
2026-07-08,452300,2150.0,5.76,0.9,-0.0,-0.9
2026-07-09,452300,2165.0,6.05,0.7,-0.0,-0.7
2026-07-10,452300,2305.0,6.27,0.6,-0.0,-0.6
2026-07-13,452300,2125.0,6.46,0.7,0.0,-0.7
2025-07-14,452400,10550.0,1.48,-4.7,-1.2,7.4
2025-07-15,452400,12450.0,0.97,1.2,-0.0,-1.7
2025-07-16,452400,12180.0,1.17,-4.7,0.0,4.8
2025-07-17,452400,11520.0,0.91,-2.3,,2.3
2025-07-18,452400,11190.0,0.7,-0.7,,0.6
2025-07-21,452400,12580.0,0.71,4.8,0.0,-5.0
2025-07-22,452400,11600.0,1.14,-2.8,-0.0,3.0
2025-07-23,452400,11220.0,0.88,-1.2,,0.7
2025-07-24,452400,11830.0,0.77,-0.6,0.0,0.8
2025-07-25,452400,12520.0,0.77,-2.5,0.0,2.4
2025-07-28,452400,13070.0,0.61,0.4,-0.1,0.4
2025-07-29,452400,12850.0,0.68,-2.4,0.0,1.9
2025-07-30,452400,12350.0,0.49,2.3,0.0,-2.4
2025-07-31,452400,11820.0,0.69,-1.3,,1.3
2025-08-01,452400,12640.0,0.58,-0.5,,0.5
2025-08-04,452400,12640.0,0.57,0.2,0.0,0.2
2025-08-05,452400,12640.0,0.76,-0.9,0.0,0.9
2025-08-06,452400,12370.0,0.67,-2.1,,2.2
2025-08-07,452400,12000.0,0.49,-0.5,,0.4
2025-08-08,452400,13010.0,0.44,4.4,-1.0,-3.4
2025-08-11,452400,13190.0,0.87,-1.1,-0.0,1.0
2025-08-12,452400,12950.0,0.78,0.0,0.0,-0.0
2025-08-13,452400,12470.0,0.78,-3.7,0.0,3.4
2025-08-14,452400,12320.0,0.47,-0.9,,0.8
2025-08-18,452400,11690.0,0.39,0.0,0.0,0.0
2025-08-19,452400,11460.0,0.4,1.9,0.0,-1.9
2025-08-20,452400,11310.0,0.58,1.1,,-1.1
2025-08-21,452400,11420.0,0.69,-0.3,,0.3
2025-08-22,452400,10970.0,0.66,1.2,0.0,-1.2
2025-08-25,452400,11250.0,0.78,1.4,0.0,-1.4
2025-08-26,452400,11200.0,0.91,-0.1,,0.1
2025-08-27,452400,10920.0,0.9,-0.2,,0.3
2025-08-28,452400,10700.0,0.88,1.4,,-1.4
2025-08-29,452400,10620.0,1.03,1.4,,-1.4
2025-09-01,452400,10580.0,1.18,0.1,,-0.1
2025-09-02,452400,10620.0,1.19,-0.1,,0.1
2025-09-03,452400,10300.0,1.18,-0.2,0.0,0.2
2025-09-04,452400,10670.0,1.16,-1.8,,1.8
2025-09-05,452400,10560.0,0.99,0.6,,-0.6
2025-09-08,452400,10440.0,1.08,0.4,0.0,-0.4
2025-09-09,452400,10500.0,1.12,0.6,0.0,-0.6
2025-09-10,452400,10700.0,1.18,0.8,,-0.8
2025-09-11,452400,10540.0,1.26,-0.3,,0.3
2025-09-12,452400,10690.0,1.23,0.2,,-0.3
2025-09-15,452400,10660.0,1.25,-0.0,,-0.1
2025-09-16,452400,11040.0,1.25,1.9,0.9,-2.8
2025-09-17,452400,10740.0,1.45,-1.1,,1.0
2025-09-18,452400,10840.0,1.33,-0.0,,0.0
2025-09-19,452400,10680.0,1.33,-0.6,,0.6
2025-09-22,452400,10540.0,1.26,0.3,,-0.4
2025-09-23,452400,10360.0,1.3,0.9,,-1.0
2025-09-24,452400,10310.0,1.39,0.0,,-0.1
2025-09-25,452400,10300.0,1.39,0.5,,-0.5
2025-09-26,452400,10000.0,1.44,0.2,,-0.3
2025-09-29,452400,10300.0,1.47,-0.3,,0.9
2025-09-30,452400,10010.0,1.45,1.5,-0.8,-0.8
2025-10-01,452400,9990.0,1.61,-0.3,,0.3
2025-10-02,452400,10220.0,1.57,-0.6,-0.0,0.5
2025-10-10,452400,9900.0,1.51,-0.9,,0.9
2025-10-13,452400,9980.0,1.41,-0.3,,0.2
2025-10-14,452400,9950.0,1.36,0.0,,-0.1
2025-10-15,452400,9970.0,1.37,0.4,-0.0,-0.4
2025-10-16,452400,10330.0,1.41,1.1,,-1.0
2025-10-17,452400,12170.0,1.53,-5.0,-0.0,5.7
2025-10-20,452400,11930.0,1.16,3.0,-0.1,-3.0
2025-10-21,452400,11900.0,1.44,-6.2,0.0,6.1
2025-10-22,452400,12230.0,0.99,3.1,-0.0,-3.2
2025-10-23,452400,11700.0,1.27,0.6,0.0,-1.1
2025-10-24,452400,12300.0,1.38,1.4,-0.0,-1.3
2025-10-27,452400,11930.0,1.51,-2.7,0.0,2.6
2025-10-28,452400,11750.0,1.27,1.2,0.0,-1.4
2025-10-29,452400,11470.0,1.39,0.6,0.0,-0.6
2025-10-30,452400,11140.0,1.44,0.2,,-0.3
2025-10-31,452400,11010.0,1.46,0.3,,-0.3
2025-11-03,452400,10950.0,1.49,-1.3,,1.6
2025-11-04,452400,11490.0,1.36,4.6,-0.0,-4.9
2025-11-05,452400,10750.0,1.79,-2.7,,2.6
2025-11-06,452400,10520.0,1.52,0.3,0.0,-0.3
2025-11-07,452400,10070.0,1.55,1.8,0.0,-1.8
2025-11-10,452400,10250.0,1.75,0.4,,-0.3
2025-11-11,452400,10320.0,1.79,-1.8,0.0,1.8
2025-11-12,452400,10460.0,1.6,-0.9,,0.9
2025-11-13,452400,10360.0,1.51,-0.6,,0.5
2025-11-14,452400,10000.0,1.45,-1.9,,1.9
2025-11-17,452400,10390.0,1.24,-0.4,,0.4
2025-11-18,452400,9890.0,1.21,0.2,,-0.3
2025-11-19,452400,9740.0,1.24,0.1,,-0.0
2025-11-20,452400,10100.0,1.25,1.0,,-1.0
2025-11-21,452400,9730.0,1.36,-0.3,,0.3
2025-11-24,452400,9570.0,1.32,-0.0,,0.0
2025-11-25,452400,9280.0,1.32,0.3,0.0,-0.3
2025-11-26,452400,9690.0,1.35,0.8,,-0.8
2025-11-27,452400,9630.0,1.45,0.1,-0.0,-0.2
2025-11-28,452400,9830.0,1.47,0.7,,-0.7
2025-12-01,452400,9880.0,1.55,-0.3,,0.4
2025-12-02,452400,9780.0,1.51,0.1,,-0.1
2025-12-03,452400,9830.0,1.52,-0.0,,0.0
2025-12-04,452400,9740.0,1.52,0.4,,-0.4
2025-12-05,452400,9940.0,1.56,0.2,,-0.2
2025-12-08,452400,10140.0,1.58,-1.1,-0.0,1.0
2025-12-09,452400,10100.0,1.47,-0.2,,0.2
2025-12-10,452400,10150.0,1.44,-0.3,,0.3
2025-12-11,452400,10000.0,1.41,0.2,,-0.2
2025-12-12,452400,10300.0,1.43,0.4,,-0.4
2025-12-15,452400,10240.0,1.47,-0.0,,0.0
2025-12-16,452400,10160.0,1.5,-0.2,,0.1
2025-12-17,452400,10200.0,1.41,-0.0,,-0.0
2025-12-18,452400,10060.0,1.4,-0.1,,0.1
2025-12-19,452400,10110.0,1.38,0.5,,-0.5
2025-12-22,452400,10070.0,1.43,0.4,,-0.5
2025-12-23,452400,13090.0,1.5,-6.2,-0.0,5.4
2025-12-24,452400,11520.0,0.91,-6.4,0.0,9.0
2025-12-26,452400,12400.0,0.34,2.7,0.0,-2.7
2025-12-29,452400,11600.0,0.84,1.4,-0.2,-1.1
2025-12-30,452400,11450.0,0.8,2.2,,-2.3
2026-01-02,452400,11240.0,1.06,-0.1,,0.1
2026-01-05,452400,11050.0,1.06,-0.2,0.0,0.0
2026-01-06,452400,10950.0,1.03,-0.4,,0.3
2026-01-07,452400,10860.0,1.02,-0.4,0.0,0.3
2026-01-08,452400,10570.0,0.98,-1.3,,1.2
2026-01-09,452400,10680.0,0.85,1.3,,-1.4
2026-01-12,452400,10720.0,0.99,-0.7,,0.6
2026-01-13,452400,10860.0,0.92,-0.2,-0.1,0.2
2026-01-14,452400,10520.0,0.9,0.1,,-0.1
2026-01-15,452400,10550.0,0.91,0.5,0.0,-0.5
2026-01-16,452400,10230.0,0.96,-0.6,,0.6
2026-01-19,452400,10800.0,0.89,1.0,-0.0,-1.1
2026-01-20,452400,10930.0,1.0,1.3,,-1.4
2026-01-21,452400,10580.0,1.14,-0.2,0.1,0.1
2026-01-22,452400,11030.0,1.12,2.3,0.0,-2.3
2026-01-23,452400,11020.0,1.35,-0.5,,0.5
2026-01-26,452400,11160.0,1.3,-0.2,0.0,-0.1
2026-01-27,452400,11130.0,1.28,0.8,,-0.8
2026-01-28,452400,11320.0,1.36,0.1,-0.0,-0.5
2026-01-29,452400,11320.0,1.37,1.3,0.0,-1.3
2026-01-30,452400,10790.0,1.49,-0.1,,0.1
2026-02-02,452400,10660.0,1.48,0.8,,-0.8
2026-02-03,452400,10970.0,1.56,1.2,,-0.6
2026-02-04,452400,11110.0,1.68,0.2,-0.3,0.0
2026-02-05,452400,10840.0,1.7,-1.1,0.0,1.1
2026-02-06,452400,10750.0,1.59,-1.8,-0.0,1.4
2026-02-09,452400,10970.0,1.39,3.2,-0.0,-2.7
2026-02-10,452400,10950.0,1.71,0.7,,-0.7
2026-02-11,452400,10960.0,1.78,-0.1,,0.1
2026-02-12,452400,11140.0,1.77,1.0,0.0,-0.6
2026-02-13,452400,10840.0,1.87,-0.4,,0.5
2026-02-19,452400,10950.0,1.83,1.1,-0.1,-1.0
2026-02-20,452400,10670.0,1.94,-0.4,0.0,0.4
2026-02-23,452400,10540.0,1.89,0.9,,-0.9
2026-02-24,452400,10590.0,1.9,0.2,,-0.2
2026-02-25,452400,10540.0,1.87,0.4,-0.0,-0.4
2026-02-26,452400,10140.0,1.7,-3.6,,1.0
2026-02-27,452400,10080.0,1.32,-0.8,,0.8
2026-03-03,452400,9440.0,1.23,0.6,,-0.7
2026-03-04,452400,8050.0,1.3,-0.3,,0.1
2026-03-05,452400,8940.0,1.21,2.5,,-2.6
2026-03-06,452400,9100.0,1.52,-0.3,0.0,0.3
2026-03-09,452400,8420.0,1.48,-0.1,-0.1,0.3
2026-03-10,452400,8800.0,1.47,0.2,0.0,-0.1
2026-03-11,452400,8870.0,1.51,-0.2,-0.0,-0.7
2026-03-12,452400,8980.0,1.48,-1.0,-0.0,0.9
2026-03-13,452400,9150.0,1.36,-0.0,-0.3,0.3
2026-03-16,452400,8930.0,1.38,-0.5,,0.6
2026-03-17,452400,9050.0,1.32,0.2,-0.0,-0.1
2026-03-18,452400,9140.0,1.34,0.4,0.0,-0.5
2026-03-19,452400,8900.0,1.39,-0.2,,0.2
2026-03-20,452400,8960.0,1.36,0.5,,-0.7
2026-03-23,452400,8450.0,1.42,0.0,0.0,-0.0
2026-03-24,452400,8890.0,1.42,0.4,,-0.4
2026-03-25,452400,9020.0,1.47,-0.2,,0.1
2026-03-26,452400,8790.0,1.44,0.7,0.0,-0.7
2026-03-27,452400,8750.0,1.53,0.8,,-0.8
2026-03-30,452400,8600.0,1.62,0.2,,-0.2
2026-03-31,452400,8280.0,1.64,0.3,,-0.3
2026-04-01,452400,8820.0,1.68,0.4,,-0.3
2026-04-02,452400,8430.0,1.73,-0.6,,0.6
2026-04-03,452400,8500.0,1.66,-0.1,,0.1
2026-04-06,452400,8400.0,1.65,-0.1,,0.1
2026-04-07,452400,8290.0,1.63,-0.1,,0.1
2026-04-08,452400,8700.0,1.62,0.4,,-0.4
2026-04-09,452400,8560.0,1.68,-0.3,,0.3
2026-04-10,452400,8780.0,1.64,0.2,,-0.2
2026-04-13,452400,8790.0,1.66,0.0,-0.1,0.0
2026-04-14,452400,8950.0,1.67,0.0,,-0.2
2026-04-15,452400,9250.0,1.67,-0.4,-0.0,1.1
2026-04-16,452400,9410.0,1.63,-0.1,,1.4
2026-04-17,452400,9480.0,1.62,-0.3,,0.6
2026-04-20,452400,9400.0,1.58,-0.1,,1.0
2026-04-21,452400,9620.0,1.57,-0.1,,0.1
2026-04-22,452400,9580.0,1.56,-0.4,0.2,0.3
2026-04-23,452400,9390.0,1.51,0.2,,-0.2
2026-04-24,452400,9410.0,1.53,0.1,,-0.1
2026-04-27,452400,9370.0,1.54,0.2,,-0.3
2026-04-28,452400,9420.0,1.57,0.7,,-0.9
2026-04-29,452400,9450.0,1.66,-0.3,,0.3
2026-04-30,452400,9290.0,1.62,-0.7,-0.0,0.8
2026-05-04,452400,9360.0,1.55,-0.6,,0.5
2026-05-06,452400,8950.0,1.48,-0.4,,0.4
2026-05-07,452400,9000.0,1.43,-0.4,,0.2
2026-05-08,452400,9000.0,1.37,-0.5,,0.5
2026-05-11,452400,8560.0,1.31,-0.2,-0.0,0.2
2026-05-12,452400,8560.0,1.29,-0.4,0.0,0.4
2026-05-13,452400,8780.0,1.22,0.1,0.0,-0.2
2026-05-14,452400,8500.0,1.22,-0.7,-0.0,0.7
2026-05-15,452400,8160.0,1.13,-0.3,0.0,0.3
2026-05-18,452400,8150.0,1.1,0.2,-0.0,-0.3
2026-05-19,452400,7970.0,1.13,0.3,0.0,-0.4
2026-05-20,452400,7700.0,1.18,-0.1,-0.0,0.1
2026-05-21,452400,7760.0,1.23,0.0,-0.0,-0.0
2026-05-22,452400,8080.0,1.23,0.2,,-0.2
2026-05-26,452400,7780.0,1.26,-0.4,0.0,0.4
2026-05-27,452400,7570.0,1.21,-0.5,-0.0,0.5
2026-05-28,452400,7260.0,1.14,0.6,0.0,-0.6
2026-05-29,452400,7300.0,1.21,-0.5,-0.0,0.5
2026-06-01,452400,6720.0,1.13,-0.4,-0.0,0.4
2026-06-02,452400,7100.0,1.07,0.3,-0.0,-0.2
2026-06-04,452400,6880.0,1.12,-0.1,0.0,0.1
2026-06-05,452400,6830.0,1.11,-0.0,0.0,0.0
2026-06-08,452400,6310.0,1.1,-0.9,-0.0,0.9
2026-06-09,452400,6580.0,0.95,0.3,-0.0,-0.3
2026-06-10,452400,6440.0,1.01,-0.2,0.0,0.1
2026-06-11,452400,6540.0,0.99,0.3,-0.0,-0.3
2026-06-12,452400,6960.0,1.04,0.3,0.0,-0.3
2026-06-15,452400,6870.0,1.08,-0.6,-0.0,0.6
2026-06-16,452400,7000.0,0.99,0.1,0.0,-0.1
2026-06-17,452400,7040.0,1.01,0.1,-0.0,-0.1
2026-06-18,452400,6840.0,1.02,-0.5,0.0,0.5
2026-06-19,452400,6550.0,0.94,-0.2,0.0,0.2
2026-06-22,452400,6400.0,0.91,0.1,-0.0,-0.1
2026-06-23,452400,5830.0,0.89,0.1,-0.0,-0.1
2026-06-24,452400,5950.0,0.91,0.1,-0.0,-0.1
2026-06-25,452400,5900.0,0.93,-0.1,-0.0,0.1
2026-06-26,452400,5150.0,0.92,-0.1,0.0,0.1
2026-06-29,452400,5870.0,0.91,0.6,0.0,-0.6
2026-06-30,452400,5870.0,1.02,-0.0,-0.0,0.0
2026-07-01,452400,5800.0,1.01,-0.0,-0.0,0.0
2026-07-02,452400,5700.0,1.01,0.0,-0.0,-0.0
2026-07-03,452400,5770.0,1.01,0.3,-0.2,-0.1
2026-07-06,452400,5870.0,1.15,0.0,-0.0,-0.0
2026-07-07,452400,5810.0,1.08,0.0,-0.0,-0.0
2026-07-08,452400,5420.0,1.09,0.0,0.0,-0.0
2026-07-09,452400,5390.0,1.09,0.3,-0.0,-0.3
2026-07-10,452400,5700.0,1.15,0.6,-0.0,-0.6
2026-07-13,452400,5380.0,1.28,0.1,0.0,-0.1
2025-07-14,452430,26100.0,2.85,-2.4,-0.0,2.1
2025-07-15,452430,27600.0,2.72,4.0,0.7,-4.8
2025-07-16,452430,28600.0,2.98,3.7,1.0,-4.7
2025-07-17,452430,28000.0,3.22,0.2,0.0,-0.5
2025-07-18,452430,27550.0,3.2,-3.0,-0.6,2.9
2025-07-21,452430,29750.0,3.04,5.6,2.2,-7.1
2025-07-22,452430,29250.0,3.45,5.7,2.1,-5.9
2025-07-23,452430,31050.0,3.73,12.7,1.0,-13.5
2025-07-24,452430,29450.0,4.33,-6.5,-3.0,9.4
2025-07-25,452430,29650.0,3.95,3.2,0.8,-3.9
2025-07-28,452430,29800.0,4.1,-5.2,6.5,-0.6
2025-07-29,452430,28050.0,3.88,-0.9,-0.9,1.1
2025-07-30,452430,27250.0,3.84,1.7,-1.2,-0.1
2025-07-31,452430,27600.0,3.87,-0.2,0.4,-0.3
2025-08-01,452430,26500.0,3.89,4.8,-7.3,2.1
2025-08-04,452430,25950.0,4.05,1.3,-0.4,-1.0
2025-08-05,452430,26250.0,4.16,-1.6,-0.2,1.3
2025-08-06,452430,26450.0,4.07,-1.0,0.2,1.1
2025-08-07,452430,26200.0,4.03,0.2,-1.7,1.5
2025-08-08,452430,26600.0,4.19,0.1,-2.6,2.3
2025-08-11,452430,25850.0,4.17,0.6,-2.8,2.0
2025-08-12,452430,26600.0,4.2,0.4,-0.0,-0.5
2025-08-13,452430,26250.0,4.22,-0.5,0.2,1.0
2025-08-14,452430,26300.0,4.18,-0.1,0.2,-0.0
2025-08-18,452430,24550.0,4.17,1.8,-1.8,0.2
2025-08-19,452430,24050.0,4.25,2.2,-0.0,-1.7
2025-08-20,452430,24450.0,4.44,1.4,-0.0,-1.6
2025-08-21,452430,24650.0,4.49,-0.5,0.6,0.4
2025-08-22,452430,26800.0,4.64,4.5,2.1,-8.5
2025-08-25,452430,27450.0,4.78,-1.0,3.3,-2.2
2025-08-26,452430,27850.0,4.69,1.2,-4.3,3.0
2025-08-27,452430,28000.0,4.76,-1.2,0.9,0.3
2025-08-28,452430,29800.0,4.69,7.6,1.5,-9.5
2025-08-29,452430,30000.0,5.07,1.1,5.0,-6.2
2025-09-01,452430,29550.0,5.18,1.3,-0.0,-1.2
2025-09-02,452430,29500.0,5.21,-0.1,3.1,-3.0
2025-09-03,452430,29100.0,5.16,1.5,-1.5,-0.1
2025-09-04,452430,29250.0,5.24,-0.8,0.1,0.4
2025-09-05,452430,28450.0,5.19,-0.8,0.3,0.5
2025-09-08,452430,29750.0,5.16,4.8,-0.0,-4.5
2025-09-09,452430,30100.0,5.44,-1.8,-0.0,3.0
2025-09-10,452430,30950.0,5.31,0.4,0.6,-0.8
2025-09-11,452430,30700.0,5.31,-3.1,1.3,0.9
2025-09-12,452430,33150.0,5.17,9.5,2.2,-11.6
2025-09-15,452430,32850.0,5.56,-3.5,4.7,-0.5
2025-09-16,452430,32150.0,5.38,-3.1,1.7,1.7
2025-09-17,452430,32850.0,5.17,-4.5,0.9,3.2
2025-09-18,452430,32900.0,4.95,-5.0,1.6,2.8
2025-09-19,452430,28800.0,4.75,-14.0,-7.0,22.2
2025-09-22,452430,29000.0,4.03,-1.5,-3.5,4.9
2025-09-23,452430,28850.0,3.92,0.0,-4.2,3.9
2025-09-24,452430,28350.0,3.93,-0.2,-1.2,2.0
2025-09-25,452430,27550.0,3.94,-1.1,-4.5,5.8
2025-09-26,452430,27100.0,3.84,0.4,-3.8,3.1
2025-09-29,452430,26750.0,3.86,3.1,-4.6,1.8
2025-09-30,452430,26700.0,4.1,-1.5,-4.2,5.7
2025-10-01,452430,27000.0,4.1,2.1,-8.9,6.6
2025-10-02,452430,28250.0,4.1,-3.7,3.7,-0.3
2025-10-10,452430,28200.0,3.91,-5.0,-0.4,5.4
2025-10-13,452430,31550.0,3.66,10.8,5.8,-17.4
2025-10-14,452430,30400.0,4.2,-2.3,3.3,-1.2
2025-10-15,452430,30800.0,4.15,-3.3,-0.9,3.8
2025-10-16,452430,30950.0,3.95,-4.0,1.5,2.4
2025-10-17,452430,29200.0,3.71,-3.9,-4.3,7.9
2025-10-20,452430,30000.0,3.55,-2.2,1.3,0.9
2025-10-21,452430,28900.0,3.45,-3.3,0.8,2.5
2025-10-22,452430,29350.0,3.31,-3.9,2.3,1.4
2025-10-23,452430,28850.0,3.19,-2.6,-0.6,3.1
2025-10-24,452430,29300.0,3.05,-1.9,5.4,-3.3
2025-10-27,452430,30600.0,3.06,6.2,0.8,-6.3
2025-10-28,452430,32450.0,3.3,12.4,15.5,-28.2
2025-10-29,452430,32350.0,3.92,-4.3,-0.1,4.4
2025-10-30,452430,30500.0,3.82,-4.4,0.0,5.4
2025-10-31,452430,29950.0,3.42,-2.1,0.1,2.0
2025-11-03,452430,30100.0,3.32,-0.3,-0.0,0.2
2025-11-04,452430,30900.0,3.29,2.0,1.0,-3.0
2025-11-05,452430,29400.0,3.34,-6.9,-1.4,8.9
2025-11-06,452430,29500.0,2.96,1.5,-1.0,0.6
2025-11-07,452430,27450.0,3.07,-2.2,-1.6,3.6
2025-11-10,452430,29600.0,2.94,5.7,2.7,-8.5
2025-11-11,452430,29000.0,3.11,5.3,10.6,-16.4
2025-11-12,452430,28250.0,3.45,-8.2,0.4,7.5
2025-11-13,452430,28350.0,3.04,-2.8,-1.3,3.9
2025-11-14,452430,26200.0,2.88,-9.5,-0.7,9.6
2025-11-17,452430,26300.0,2.23,-1.0,-0.6,1.4
2025-11-18,452430,25100.0,2.18,-1.9,4.9,-3.2
2025-11-19,452430,25100.0,2.11,-1.1,-0.2,0.9
2025-11-20,452430,25850.0,2.05,-1.0,-0.0,0.9
2025-11-21,452430,25000.0,2.0,-0.5,-0.9,1.4
2025-11-24,452430,25200.0,1.99,-0.9,0.0,0.5
2025-11-25,452430,26300.0,1.94,-0.7,0.0,0.3
2025-11-26,452430,29700.0,1.91,11.9,18.9,-31.3
2025-11-27,452430,31350.0,2.69,8.3,22.7,-31.3
2025-11-28,452430,32500.0,3.19,5.9,11.1,-17.1
2025-12-01,452430,33000.0,3.48,6.9,2.9,-9.8
2025-12-02,452430,32900.0,4.1,9.8,1.1,-10.9
2025-12-03,452430,33900.0,4.48,5.8,-0.9,-5.1
2025-12-04,452430,33900.0,4.65,5.4,-0.2,-5.7
2025-12-05,452430,31650.0,4.83,0.9,-1.1,0.6
2025-12-08,452430,32100.0,4.79,2.0,-5.0,2.6
2025-12-09,452430,32900.0,4.86,-3.5,-1.7,5.3
2025-12-10,452430,34800.0,4.64,4.7,19.1,-23.5
2025-12-11,452430,33800.0,5.03,-2.5,-0.1,2.5
2025-12-12,452430,35650.0,4.94,2.1,-0.1,-2.7
2025-12-15,452430,35050.0,5.01,-2.2,-0.2,2.6
2025-12-16,452430,33000.0,4.93,-2.6,0.1,2.1
2025-12-17,452430,32900.0,4.84,0.3,-1.2,0.8
2025-12-18,452430,32600.0,4.32,0.9,-5.1,3.7
2025-12-19,452430,32900.0,4.36,-1.0,-0.3,1.2
2025-12-22,452430,33500.0,4.32,1.6,-0.0,-0.8
2025-12-23,452430,32950.0,4.47,-3.2,-7.3,10.2
2025-12-24,452430,33100.0,4.36,-0.1,-0.1,1.0
2025-12-26,452430,36000.0,4.36,15.1,0.0,-14.9
2025-12-29,452430,36200.0,5.05,-8.9,0.0,8.1
2025-12-30,452430,38100.0,4.64,3.2,-1.4,-4.2
2026-01-02,452430,35550.0,4.72,-25.3,-3.7,27.0
2026-01-05,452430,35600.0,3.67,-4.5,3.6,0.7
2026-01-06,452430,38400.0,3.69,13.2,6.5,-19.8
2026-01-07,452430,37600.0,4.35,-9.1,12.3,-3.5
2026-01-08,452430,37400.0,3.99,-1.8,-0.3,2.2
2026-01-09,452430,35500.0,3.86,-3.7,-1.3,5.1
2026-01-12,452430,33900.0,3.7,-2.9,-5.2,8.7
2026-01-13,452430,33200.0,5.04,1.4,-7.9,6.9
2026-01-14,452430,33900.0,5.13,-3.9,7.2,-0.9
2026-01-15,452430,33850.0,5.05,-0.2,-0.1,0.4
2026-01-16,452430,31150.0,5.03,-6.1,-4.3,14.5
2026-01-19,452430,31000.0,4.64,-1.8,7.8,-5.8
2026-01-20,452430,30500.0,4.57,-0.1,-4.3,4.3
2026-01-21,452430,31050.0,4.57,-3.8,-3.1,7.0
2026-01-22,452430,33500.0,4.41,1.9,8.6,-9.5
2026-01-23,452430,36300.0,4.43,10.7,0.6,-9.4
2026-01-26,452430,36750.0,4.92,3.6,-0.4,-3.9
2026-01-27,452430,37450.0,5.04,9.4,-4.5,-4.8
2026-01-28,452430,39950.0,5.27,14.1,-3.6,-10.4
2026-01-29,452430,39700.0,4.2,4.9,-4.9,0.2
2026-01-30,452430,38800.0,4.3,7.1,-2.6,-4.2
2026-02-02,452430,37750.0,4.49,10.2,-5.0,-5.2
2026-02-03,452430,39950.0,4.83,14.0,-9.0,-4.3
2026-02-04,452430,39700.0,5.28,3.4,-5.4,2.0
2026-02-05,452430,38450.0,5.4,-1.5,-0.7,1.9
2026-02-06,452430,36550.0,5.25,6.3,-11.4,4.9
2026-02-09,452430,38800.0,5.47,6.6,-8.0,-4.1
2026-02-10,452430,36950.0,5.77,-6.3,-4.4,11.7
2026-02-11,452430,36250.0,5.47,0.9,-3.8,2.9
2026-02-12,452430,35050.0,5.49,1.1,-7.5,6.3
2026-02-13,452430,34150.0,5.53,-2.1,-0.7,3.0
2026-02-19,452430,34700.0,5.43,-4.4,-3.7,7.8
2026-02-20,452430,34500.0,5.14,-1.7,-8.7,10.2
2026-02-23,452430,34050.0,5.1,2.7,-5.1,2.4
2026-02-24,452430,34600.0,5.28,-1.5,-0.2,2.0
2026-02-25,452430,36150.0,5.17,-9.1,9.9,-0.8
2026-02-26,452430,35750.0,4.81,-5.0,3.1,1.8
2026-02-27,452430,34150.0,4.6,2.2,-4.8,2.9
2026-03-03,452430,31700.0,4.65,2.5,1.0,-3.5
2026-03-04,452430,27250.0,4.7,-0.3,-9.4,5.8
2026-03-05,452430,31000.0,4.55,3.9,-1.0,-2.5
2026-03-06,452430,32400.0,4.64,1.7,-0.1,-1.5
2026-03-09,452430,30000.0,4.74,8.5,-17.1,8.4
2026-03-10,452430,30550.0,5.11,7.6,-17.6,10.1
2026-03-11,452430,34750.0,5.37,15.5,-2.7,-13.0
2026-03-12,452430,35000.0,6.18,-5.7,-1.9,7.7
2026-03-13,452430,34350.0,5.77,-1.3,0.1,-0.4
2026-03-16,452430,36000.0,5.65,-5.9,1.2,5.0
2026-03-17,452430,36050.0,5.48,1.6,-1.5,0.3
2026-03-18,452430,36500.0,5.49,0.4,5.5,-5.9
2026-03-19,452430,36050.0,5.59,5.9,-0.9,-5.0
2026-03-20,452430,34850.0,5.9,-0.4,-1.7,2.3
2026-03-23,452430,32600.0,5.76,2.0,-2.6,0.7
2026-03-24,452430,33250.0,5.83,4.1,-6.5,2.8
2026-03-25,452430,34700.0,5.9,8.9,-5.4,-3.4
2026-03-26,452430,32900.0,6.17,-3.0,-4.5,6.8
2026-03-27,452430,32850.0,6.01,-0.6,-1.9,2.2
2026-03-30,452430,30500.0,6.04,-3.2,-2.2,5.6
2026-03-31,452430,29350.0,5.84,-2.7,0.4,2.4
2026-04-01,452430,31000.0,5.71,0.7,-1.5,0.8
2026-04-02,452430,29250.0,5.76,1.2,-8.9,7.1
2026-04-03,452430,29950.0,5.79,-2.3,-2.3,4.3
2026-04-06,452430,29650.0,5.67,2.2,-5.8,3.4
2026-04-07,452430,28850.0,5.75,-5.5,-0.5,6.0
2026-04-08,452430,33000.0,5.48,-4.9,5.7,-1.2
2026-04-09,452430,33000.0,5.34,-0.2,-1.8,1.8
2026-04-10,452430,32050.0,5.35,-5.0,-0.1,5.0
2026-04-13,452430,31800.0,5.07,3.6,-0.4,-3.3
2026-04-14,452430,32950.0,5.26,0.7,-1.9,1.0
2026-04-15,452430,33000.0,5.28,0.1,-0.1,1.1
2026-04-16,452430,34400.0,5.29,6.7,5.3,-11.6
2026-04-17,452430,34150.0,5.68,-5.3,-1.3,6.6
2026-04-20,452430,33850.0,5.45,1.9,-0.2,-1.7
2026-04-21,452430,34550.0,5.5,2.9,-0.5,-3.0
2026-04-22,452430,36650.0,5.52,8.4,10.5,-18.8
2026-04-23,452430,47600.0,6.02,28.8,34.8,-51.2
2026-04-24,452430,46700.0,6.97,-14.6,-5.3,21.2
2026-04-27,452430,44100.0,6.01,-13.1,-2.3,14.0
2026-04-28,452430,43100.0,5.57,-11.4,-1.8,16.4
2026-04-29,452430,43050.0,5.18,-1.1,-0.5,1.5
2026-04-30,452430,42500.0,5.19,-1.1,0.2,0.6
2026-05-04,452430,43800.0,5.1,2.2,0.1,-2.3
2026-05-06,452430,44250.0,5.17,-7.5,4.0,4.1
2026-05-07,452430,45500.0,4.93,11.6,-0.2,-11.6
2026-05-08,452430,44950.0,5.27,3.5,-6.3,4.2
2026-05-11,452430,44300.0,5.28,2.2,0.5,-0.7
2026-05-12,452430,42100.0,5.36,-0.9,1.6,-2.3
2026-05-13,452430,43750.0,5.31,5.7,1.0,-7.5
2026-05-14,452430,48850.0,5.56,13.7,2.2,-15.5
2026-05-15,452430,51900.0,6.22,47.6,-8.5,-43.3
2026-05-18,452430,47350.0,7.45,-12.5,-7.5,18.0
2026-05-19,452430,46000.0,7.0,-4.0,-5.4,7.0
2026-05-20,452430,45400.0,6.87,-6.0,-1.0,5.1
2026-05-21,452430,48750.0,6.56,2.9,6.3,-6.9
2026-05-22,452430,53000.0,6.84,7.3,0.8,-7.3
2026-05-26,452430,50500.0,6.99,-8.3,-13.8,24.4
2026-05-27,452430,47300.0,6.48,-4.1,-17.3,19.8
2026-05-28,452430,45000.0,6.12,0.6,-9.5,4.6
2026-05-29,452430,42000.0,6.31,-6.8,3.7,1.8
2026-06-01,452430,40700.0,6.11,3.9,-7.0,2.0
2026-06-02,452430,42800.0,6.22,-0.2,-0.5,-1.1
2026-06-04,452430,42050.0,6.22,-8.0,3.8,4.0
2026-06-05,452430,41100.0,5.89,0.3,-0.2,-0.1
2026-06-08,452430,35900.0,5.92,6.0,-1.9,-4.1
2026-06-09,452430,37850.0,6.1,1.2,-1.7,0.6
2026-06-10,452430,34650.0,6.09,-0.0,-3.4,7.4
2026-06-11,452430,36300.0,6.18,-2.0,1.1,0.9
2026-06-12,452430,37650.0,6.17,-2.0,-1.0,3.1
2026-06-15,452430,36300.0,6.01,-5.5,0.1,5.6
2026-06-16,452430,35000.0,5.78,1.9,5.3,-7.0
2026-06-17,452430,35600.0,5.91,-0.8,1.3,-0.5
2026-06-18,452430,34750.0,5.86,3.8,-1.2,-2.9
2026-06-19,452430,33250.0,5.93,5.1,-3.2,1.4
2026-06-22,452430,32800.0,6.25,1.7,-1.4,0.0
2026-06-23,452430,29500.0,6.26,-0.7,-0.6,1.3
2026-06-24,452430,31550.0,6.18,-2.6,-0.4,2.8
2026-06-25,452430,29150.0,6.04,-2.0,-2.8,3.6
2026-06-26,452430,29850.0,5.93,-3.0,2.1,1.1
2026-06-29,452430,31350.0,5.82,-1.1,0.3,1.4
2026-06-30,452430,30750.0,5.62,-2.1,-1.4,3.4
2026-07-01,452430,30700.0,5.45,-2.9,0.0,3.5
2026-07-02,452430,27900.0,5.32,-5.1,1.4,3.3
2026-07-03,452430,27850.0,5.07,-0.5,-0.1,0.4
2026-07-06,452430,28950.0,5.1,-4.7,0.1,4.6
2026-07-07,452430,28550.0,4.85,-3.4,-0.6,4.9
2026-07-08,452430,26400.0,4.61,-3.0,0.3,2.1
2026-07-09,452430,28250.0,4.44,-1.3,-0.0,0.8
2026-07-10,452430,31000.0,4.39,1.1,0.1,-1.8
2026-07-13,452430,28050.0,4.44,-4.4,0.1,4.3
2025-07-14,452450,10000.0,0.52,-6.5,-0.0,6.3
2025-07-15,452450,9900.0,0.33,0.7,0.1,-0.5
2025-07-16,452450,9710.0,0.38,-4.3,-0.0,4.3
2025-07-17,452450,9410.0,0.18,-1.0,-0.2,1.2
2025-07-18,452450,9660.0,0.17,0.0,0.0,-3.6
2025-07-21,452450,9780.0,0.2,3.8,-0.0,-3.8
2025-07-22,452450,9460.0,0.3,-2.8,-0.0,2.4
2025-07-23,452450,9260.0,0.18,0.5,-0.0,-0.5
2025-07-24,452450,9140.0,0.22,-0.6,-0.1,0.8
2025-07-25,452450,9140.0,0.17,0.7,-0.0,-0.6
2025-07-28,452450,9240.0,0.18,0.9,,-1.5
2025-07-29,452450,9130.0,0.23,-0.8,0.0,1.0
2025-07-30,452450,8890.0,0.19,-0.6,-0.0,0.6
2025-07-31,452450,8780.0,0.18,3.7,0.5,-4.3
2025-08-01,452450,8300.0,0.38,-0.3,0.5,-0.4
2025-08-04,452450,8290.0,0.33,2.2,-0.1,-2.2
2025-08-05,452450,8660.0,0.37,-6.1,-1.0,7.1
2025-08-06,452450,8450.0,0.2,0.8,-0.0,-0.9
2025-08-07,452450,8380.0,0.24,0.9,-0.0,-0.1
2025-08-08,452450,8480.0,0.3,1.7,,-1.7
2025-08-11,452450,8550.0,0.36,-0.9,-0.0,0.8
2025-08-12,452450,8350.0,0.35,-3.8,,3.8
2025-08-13,452450,8340.0,0.2,1.7,-0.0,-1.8
2025-08-14,452450,8160.0,0.27,1.6,-0.0,-1.7
2025-08-18,452450,8050.0,0.36,1.7,-0.0,-1.8
2025-08-19,452450,7870.0,0.46,2.8,,-2.9
2025-08-20,452450,7630.0,0.58,5.0,,-5.1
2025-08-21,452450,7790.0,0.79,-4.7,,4.5
2025-08-22,452450,7690.0,0.58,-1.4,-0.0,1.4
2025-08-25,452450,7950.0,0.54,2.7,-0.1,-2.6
2025-08-26,452450,8000.0,0.73,-0.9,,0.8
2025-08-27,452450,7960.0,0.7,-0.5,,0.4
2025-08-28,452450,7840.0,0.71,0.6,0.0,-0.6
2025-08-29,452450,7850.0,0.74,-2.5,-0.0,2.4
2025-09-01,452450,7520.0,0.62,0.2,,-0.1
2025-09-02,452450,7560.0,0.62,2.2,0.0,-2.3
2025-09-03,452450,7560.0,0.65,-0.1,0.2,-0.1
2025-09-04,452450,7820.0,0.63,3.3,-0.0,-3.4
2025-09-05,452450,7950.0,0.83,-1.8,,1.8
2025-09-08,452450,7870.0,0.73,-0.5,0.0,0.5
2025-09-09,452450,8030.0,0.71,3.5,-0.0,-3.4
2025-09-10,452450,8100.0,0.9,1.6,,-1.6
2025-09-11,452450,8040.0,1.03,1.2,-0.0,-1.1
2025-09-12,452450,8650.0,1.08,2.9,3.3,-5.9
2025-09-15,452450,8550.0,1.27,0.3,0.1,0.0
2025-09-16,452450,8910.0,1.29,-20.4,0.2,20.6
2025-09-17,452450,8700.0,0.47,2.3,-0.0,-2.3
2025-09-18,452450,8830.0,0.59,2.4,0.1,-2.5
2025-09-19,452450,9030.0,0.62,-7.2,-0.3,7.4
2025-09-22,452450,8900.0,0.37,-4.8,-0.7,6.7
2025-09-23,452450,8490.0,0.23,1.8,0.1,-2.0
2025-09-24,452450,8480.0,0.28,2.7,-0.0,-3.0
2025-09-25,452450,8290.0,0.37,0.6,,-0.7
2025-09-26,452450,7880.0,0.43,-1.6,-2.5,3.7
2025-09-29,452450,8320.0,0.37,-2.6,-0.2,2.5
2025-09-30,452450,8490.0,0.29,15.3,-0.0,-15.5
2025-10-01,452450,8640.0,0.79,5.5,0.0,-6.5
2025-10-02,452450,8690.0,0.96,10.4,-0.0,-10.9
2025-10-10,452450,8850.0,1.29,2.1,0.0,-2.7
2025-10-13,452450,8750.0,1.35,5.3,0.0,-5.2
2025-10-14,452450,8360.0,1.58,-7.5,,7.2
2025-10-15,452450,8890.0,1.32,20.9,0.0,-20.9
2025-10-16,452450,8590.0,1.99,-18.1,-0.0,17.7
2025-10-17,452450,8180.0,1.41,-6.9,-0.0,6.4
2025-10-20,452450,8740.0,1.19,29.5,-0.2,-27.8
2025-10-21,452450,8530.0,2.14,-4.3,0.0,3.5
2025-10-22,452450,8310.0,2.0,-13.3,-0.0,13.4
2025-10-23,452450,8170.0,1.6,-6.6,0.0,6.6
2025-10-24,452450,8230.0,1.31,-3.5,-0.0,4.2
2025-10-27,452450,8440.0,1.19,12.7,-0.0,-12.4
2025-10-28,452450,8490.0,1.6,-19.7,-0.0,19.1
2025-10-29,452450,8360.0,0.97,-6.4,0.0,6.7
2025-10-30,452450,8110.0,0.76,-8.8,0.0,9.0
2025-10-31,452450,8310.0,0.46,-1.3,0.0,1.0
2025-11-03,452450,8880.0,0.42,69.6,0.7,-69.2
2025-11-04,452450,8750.0,2.58,-29.9,0.0,30.7
2025-11-05,452450,8100.0,1.65,-31.3,0.0,31.0
2025-11-06,452450,9210.0,0.56,24.2,1.7,-29.4
2025-11-07,452450,9130.0,1.3,-30.2,0.1,29.2
2025-11-10,452450,8890.0,0.46,-0.4,-0.0,3.4
2025-11-11,452450,8570.0,0.56,-8.0,-2.2,11.6
2025-11-12,452450,8650.0,0.31,4.1,,-3.7
2025-11-13,452450,8520.0,0.49,-6.3,0.0,6.1
2025-11-14,452450,8190.0,0.3,-4.4,-0.0,4.3
2025-11-17,452450,8120.0,0.23,-4.3,-0.0,4.3
2025-11-18,452450,7660.0,0.13,-0.4,-0.4,0.4
2025-11-19,452450,7460.0,0.18,-1.0,-0.0,1.1
2025-11-20,452450,7630.0,0.17,1.0,0.0,-0.9
2025-11-21,452450,7210.0,0.23,-2.6,,2.6
2025-11-24,452450,7180.0,0.16,-1.0,-0.0,1.0
2025-11-25,452450,7270.0,0.17,0.4,,-0.5
2025-11-26,452450,7380.0,0.21,2.1,-0.0,-2.2
2025-11-27,452450,7350.0,0.3,-0.6,0.0,0.7
2025-11-28,452450,7580.0,0.28,-0.1,0.0,-0.0
2025-12-01,452450,7580.0,0.3,1.2,0.0,-1.3
2025-12-02,452450,7650.0,0.35,-0.6,0.0,0.4
2025-12-03,452450,7630.0,0.33,3.1,0.0,-3.1
2025-12-04,452450,7400.0,0.45,-0.4,0.0,0.6
2025-12-05,452450,7370.0,0.43,-0.1,0.0,0.0
2025-12-08,452450,7320.0,0.43,2.1,0.0,-2.0
2025-12-09,452450,7300.0,0.51,-3.2,-0.0,3.4
2025-12-10,452450,7380.0,0.39,2.8,0.0,-2.9
2025-12-11,452450,7420.0,0.5,1.0,-0.0,-1.0
2025-12-12,452450,7340.0,0.53,-0.7,-0.0,0.7
2025-12-15,452450,7220.0,0.51,-2.7,0.0,2.8
2025-12-16,452450,6870.0,0.4,-1.9,-0.0,1.8
2025-12-17,452450,6730.0,0.33,1.0,-0.0,-0.7
2025-12-18,452450,6630.0,0.37,1.4,-0.0,-1.4
2025-12-19,452450,6750.0,0.46,1.3,0.0,-1.3
2025-12-22,452450,6940.0,0.54,3.0,-0.0,-3.2
2025-12-23,452450,6780.0,0.62,1.0,-0.0,-1.1
2025-12-24,452450,6670.0,0.61,0.5,,-0.5
2025-12-26,452450,6930.0,0.57,4.4,,-4.3
2025-12-29,452450,6880.0,0.74,-0.4,,0.3
2025-12-30,452450,6890.0,0.73,-2.8,,3.0
2026-01-02,452450,7070.0,0.62,5.7,,-5.7
2026-01-05,452450,7280.0,0.84,0.1,-1.2,0.7
2026-01-06,452450,7180.0,0.84,-2.3,,2.2
2026-01-07,452450,7070.0,0.78,-0.6,,0.5
2026-01-08,452450,6760.0,0.73,-1.4,,1.4
2026-01-09,452450,6800.0,0.68,-0.0,,-0.0
2026-01-12,452450,6700.0,0.68,-2.1,,1.9
2026-01-13,452450,6580.0,0.59,-1.8,,1.8
2026-01-14,452450,6520.0,0.53,-1.3,,1.3
2026-01-15,452450,6470.0,0.48,2.8,,-2.6
2026-01-16,452450,6480.0,0.6,-0.4,,0.4
2026-01-19,452450,6600.0,0.59,3.2,,-3.1
2026-01-20,452450,6670.0,0.72,2.4,,-2.3
2026-01-21,452450,6400.0,0.82,-9.7,,9.8
2026-01-22,452450,6970.0,0.39,11.6,-0.0,-12.4
2026-01-23,452450,7050.0,0.9,-2.3,-0.0,2.7
2026-01-26,452450,7260.0,0.81,5.4,,-5.4
2026-01-27,452450,7110.0,1.01,-1.9,,1.8
2026-01-28,452450,7250.0,0.94,7.3,,-7.3
2026-01-29,452450,7100.0,1.23,-4.1,,10.5
2026-01-30,452450,6930.0,1.09,-7.2,,6.3
2026-02-02,452450,6740.0,0.81,2.3,,-2.2
2026-02-03,452450,6980.0,0.89,7.4,,-7.8
2026-02-04,452450,6900.0,1.19,0.7,,-1.5
2026-02-05,452450,6650.0,1.22,-6.3,,6.6
2026-02-06,452450,6660.0,0.95,-1.9,,2.1
2026-02-09,452450,6980.0,0.87,19.2,,-19.1
2026-02-10,452450,6840.0,1.67,-3.8,,4.3
2026-02-11,452450,6720.0,1.52,-1.5,,1.4
2026-02-12,452450,6650.0,1.46,1.0,,-0.8
2026-02-13,452450,6440.0,1.5,-9.5,,9.5
2026-02-19,452450,6210.0,1.09,-6.4,,6.5
2026-02-20,452450,5850.0,0.81,-6.8,-1.0,8.1
2026-02-23,452450,5960.0,0.57,4.6,,-4.5
2026-02-24,452450,6080.0,0.85,2.8,,-2.9
2026-02-25,452450,5950.0,0.82,-0.9,,0.8
2026-02-26,452450,5920.0,0.74,1.3,-0.3,-1.1
2026-02-27,452450,5930.0,0.77,1.5,,-1.2
2026-03-03,452450,5700.0,0.84,3.2,,-3.3
2026-03-04,452450,4860.0,0.99,3.0,,-2.7
2026-03-05,452450,5490.0,1.16,8.5,,-8.5
2026-03-06,452450,5560.0,1.6,1.3,,-1.3
2026-03-09,452450,5190.0,1.66,-1.0,,1.0
2026-03-10,452450,5610.0,1.61,3.7,,-3.7
2026-03-11,452450,5680.0,1.75,-1.2,,1.2
2026-03-12,452450,5570.0,1.69,-1.8,,1.8
2026-03-13,452450,5620.0,1.59,-0.8,,0.8
2026-03-16,452450,5480.0,1.55,-1.5,,1.5
2026-03-17,452450,5640.0,1.48,1.4,,-1.4
2026-03-18,452450,5560.0,1.55,1.6,,-1.7
2026-03-19,452450,5420.0,1.66,-0.2,,0.1
2026-03-20,452450,5410.0,1.65,1.0,,-1.0
2026-03-23,452450,5070.0,1.7,0.3,,-0.3
2026-03-24,452450,5200.0,1.71,1.2,,-1.2
2026-03-25,452450,5300.0,1.77,0.8,,-0.9
2026-03-26,452450,5120.0,1.82,-1.0,,1.0
2026-03-27,452450,5190.0,1.76,0.7,,-0.7
2026-03-30,452450,5010.0,1.8,-0.4,,0.4
2026-03-31,452450,4750.0,1.78,-1.1,,1.1
2026-04-01,452450,5260.0,1.72,3.5,,-3.4
2026-04-02,452450,4930.0,1.91,-2.6,,2.4
2026-04-03,452450,5030.0,1.77,0.2,,-0.2
2026-04-06,452450,4930.0,1.78,-0.9,,0.9
2026-04-07,452450,4880.0,1.73,-0.1,,0.1
2026-04-08,452450,5090.0,1.73,2.2,,-2.2
2026-04-09,452450,4970.0,1.85,-1.0,,0.9
2026-04-10,452450,5320.0,1.79,-3.0,,2.8
2026-04-13,452450,5460.0,1.63,-2.0,,2.1
2026-04-14,452450,5740.0,1.53,1.6,,-1.7
2026-04-15,452450,6000.0,1.61,-17.6,,14.9
2026-04-16,452450,6770.0,0.87,1.9,0.0,-1.9
2026-04-17,452450,6530.0,0.97,-4.5,,3.5
2026-04-20,452450,6610.0,0.79,-1.7,,1.6
2026-04-21,452450,6650.0,0.71,-1.6,,1.4
2026-04-22,452450,7020.0,0.7,-6.8,,6.9
2026-04-23,452450,7200.0,0.48,0.9,,-0.9
2026-04-24,452450,7290.0,0.54,3.1,-0.1,-2.9
2026-04-27,452450,7730.0,0.68,11.8,-0.2,-12.5
2026-04-28,452450,7150.0,1.13,-5.4,,6.8
2026-04-29,452450,7130.0,0.94,-0.7,0.0,0.6
2026-04-30,452450,6910.0,0.86,1.4,-0.0,-1.7
2026-05-04,452450,6920.0,0.91,0.5,-0.0,-0.4
2026-05-06,452450,7690.0,0.92,-6.9,-0.0,4.9
2026-05-07,452450,7170.0,0.74,-5.5,0.0,6.2
2026-05-08,452450,7350.0,0.55,-6.4,0.0,7.4
2026-05-11,452450,7140.0,0.37,0.6,-0.0,-0.8
2026-05-12,452450,6620.0,0.38,2.5,0.0,-2.7
2026-05-13,452450,6400.0,0.5,-0.9,-0.0,1.0
2026-05-14,452450,6350.0,0.47,2.3,-0.0,-2.4
2026-05-15,452450,5950.0,0.59,1.9,0.0,-0.6
2026-05-18,452450,5900.0,0.68,-0.6,-0.0,0.5
2026-05-19,452450,5740.0,0.66,2.2,0.0,-2.0
2026-05-20,452450,5420.0,0.77,2.1,-0.0,-2.1
2026-05-21,452450,5830.0,0.88,0.8,-0.0,-0.7
2026-05-22,452450,6080.0,0.9,-0.2,-0.0,-0.1
2026-05-26,452450,6100.0,0.89,0.4,-0.0,0.7
2026-05-27,452450,5690.0,0.91,-1.6,0.0,1.5
2026-05-28,452450,5460.0,0.84,1.0,0.0,-1.1
2026-05-29,452450,5280.0,0.9,0.7,0.0,-1.2
2026-06-01,452450,5120.0,0.93,0.1,0.0,-0.2
2026-06-02,452450,5020.0,0.94,1.3,-0.0,-1.3
2026-06-04,452450,5080.0,1.03,-0.9,0.0,0.9
2026-06-05,452450,4865.0,0.98,-0.7,-0.0,0.6
2026-06-08,452450,4435.0,0.94,0.5,-0.0,-0.5
2026-06-09,452450,4500.0,0.97,1.0,-0.0,-1.1
2026-06-10,452450,4410.0,1.04,-1.3,-0.0,1.1
2026-06-11,452450,4340.0,0.96,-1.0,-0.0,0.9
2026-06-12,452450,4670.0,0.89,1.2,-0.0,-1.1
2026-06-15,452450,4750.0,0.96,-0.4,0.0,0.5
2026-06-16,452450,4730.0,0.9,-1.7,-0.0,1.6
2026-06-17,452450,4710.0,0.84,-0.1,0.0,0.1
2026-06-18,452450,4600.0,0.83,1.2,-0.0,-1.3
2026-06-19,452450,4380.0,0.91,-2.1,0.0,2.1
2026-06-22,452450,4160.0,0.81,0.5,-0.0,-0.5
2026-06-23,452450,3850.0,0.95,1.0,0.0,-1.2
2026-06-24,452450,3855.0,1.03,2.3,-0.0,-2.3
2026-06-25,452450,3700.0,1.14,0.8,0.0,-0.8
2026-06-26,452450,3435.0,1.2,4.3,-0.0,-4.3
2026-06-29,452450,3660.0,1.54,0.9,-0.0,-0.9
2026-06-30,452450,3635.0,1.62,-0.9,-0.0,0.8
2026-07-01,452450,3795.0,1.45,-0.7,0.4,0.1
2026-07-02,452450,3470.0,1.25,-1.9,-0.0,1.9
2026-07-03,452450,3495.0,1.1,-0.2,0.0,0.1
2026-07-06,452450,3460.0,1.08,0.6,-0.0,-0.6
2026-07-07,452450,3355.0,1.25,0.2,-0.0,-0.0
2026-07-08,452450,3125.0,1.27,0.1,-0.0,-0.1
2026-07-09,452450,3055.0,1.28,0.9,0.0,-1.0
2026-07-10,452450,3440.0,1.36,1.5,-0.0,-1.5
2026-07-13,452450,3085.0,1.49,-0.1,0.0,0.1
2025-07-14,452670,2025.0,0.0,0.0,-0.0,0.1
2025-07-15,452670,2025.0,0.01,-0.0,0.2,-0.1
2025-07-16,452670,2035.0,0.01,0.0,0.0,0.1
2025-07-17,452670,2025.0,0.01,-0.0,0.0,-0.0
2025-07-18,452670,2025.0,0.0,,-0.0,0.1
2025-07-21,452670,2035.0,0.0,0.0,0.2,0.1
2025-07-22,452670,2030.0,0.0,-0.0,0.2,-0.2
2025-07-23,452670,2030.0,0.0,0.0,-0.1,0.1
2025-07-24,452670,2030.0,0.0,0.0,0.0,-0.0
2025-07-25,452670,2035.0,0.01,,0.1,-0.1
2025-07-28,452670,2040.0,0.01,0.0,0.1,-0.1
2025-07-29,452670,2040.0,0.02,-0.0,0.0,0.0
2025-07-30,452670,2035.0,0.01,0.0,0.1,-0.1
2025-07-31,452670,2035.0,0.02,,-0.0,0.0
2025-08-01,452670,2040.0,0.02,-0.0,0.0,0.0
2025-08-04,452670,2040.0,0.02,0.0,0.0,-0.0
2025-08-05,452670,2045.0,0.02,0.0,-0.2,0.3
2025-08-06,452670,2040.0,0.02,0.0,0.0,-0.0
2025-08-07,452670,2040.0,0.02,-0.0,0.0,0.0
2025-08-08,452670,2037.0,0.02,0.0,0.0,-0.0
2025-08-11,452670,2037.0,0.02,-0.0,-0.0,0.0
2025-08-12,452670,2040.0,0.02,-0.0,-0.0,0.0
2025-08-13,452670,2035.0,0.02,0.0,-0.2,0.2
2025-08-14,452670,2040.0,0.02,0.0,-0.0,0.1
2025-08-18,452670,2045.0,0.02,0.0,0.4,-0.3
2025-08-19,452670,2040.0,0.02,-0.0,-0.2,0.2
2025-08-20,452670,2040.0,0.02,0.0,0.1,-0.1
2025-08-21,452670,2045.0,0.02,,0.0,0.0
2025-08-22,452670,2045.0,0.02,0.0,0.0,0.0
2025-08-25,452670,2040.0,0.02,-0.0,0.0,0.0
2025-08-26,452670,2040.0,0.02,,-0.1,0.1
2025-08-27,452670,2040.0,0.02,,-0.0,0.0
2025-08-28,452670,2035.0,0.02,-0.0,0.0,0.0
2025-08-29,452670,2035.0,0.01,0.0,-0.1,0.1
2025-09-01,452670,2035.0,0.01,-0.0,0.0,0.0
2025-09-02,452670,2040.0,0.01,,0.0,0.0
2025-09-03,452670,2037.0,0.01,,-0.1,0.1
2025-09-04,452670,2045.0,0.01,0.0,0.0,-0.0
2025-09-05,452670,2045.0,0.01,,-0.0,0.0
2025-09-08,452670,2055.0,0.01,0.0,0.0,-0.0
2025-09-09,452670,2052.0,0.01,,0.0,0.0
2025-09-10,452670,2055.0,0.01,,0.1,-0.1
2025-09-11,452670,2060.0,0.01,0.0,0.0,-0.0
2025-09-12,452670,2060.0,0.01,0.0,0.0,-0.0
2025-09-15,452670,2060.0,0.01,0.0,0.0,0.0
2025-09-16,452670,2065.0,0.01,0.0,0.0,-0.0
2025-09-17,452670,2070.0,0.01,0.0,0.0,-0.0
2025-09-18,452670,2060.0,0.02,0.0,-0.1,0.1
2025-09-19,452670,2065.0,0.05,0.0,0.0,-0.0
2025-09-22,452670,2065.0,0.05,0.0,0.0,-0.0
2025-09-23,452670,2060.0,0.05,0.0,-0.0,-0.0
2025-09-24,452670,2060.0,0.08,-0.0,0.0,0.0
2025-09-25,452670,2065.0,0.08,0.0,0.0,-0.0
2025-09-26,452670,2065.0,0.08,-0.0,-0.0,0.0
2025-09-29,452670,2065.0,0.08,-0.0,-0.0,0.0
2025-09-30,452670,2070.0,0.08,-0.0,0.1,-0.1
2025-10-01,452670,2070.0,0.08,-0.0,-0.0,0.0
2025-10-02,452670,2070.0,0.08,0.0,0.0,0.0
2025-10-10,452670,2072.0,0.08,0.0,0.0,0.0
2025-10-13,452670,2070.0,0.08,-0.0,0.0,0.0
2025-10-14,452670,2075.0,0.08,-0.0,0.0,0.0
2025-10-15,452670,2075.0,0.07,-0.0,0.0,-0.0
2025-10-16,452670,2075.0,0.06,0.0,0.0,-0.0
2025-10-17,452670,2075.0,0.07,0.0,0.1,-0.1
2025-10-20,452670,2075.0,0.07,0.0,0.0,-0.0
2025-10-21,452670,2080.0,0.07,0.0,0.5,-0.5
2025-10-22,452670,2075.0,0.07,0.0,0.9,-0.9
2025-10-23,452670,2080.0,0.07,0.0,0.5,-0.6
2025-10-24,452670,2080.0,0.07,0.0,-0.1,0.1
2025-10-27,452670,2075.0,0.08,0.0,0.1,-0.1
2025-10-28,452670,2080.0,0.08,0.0,0.0,-0.0
2025-10-29,452670,2080.0,0.09,0.0,0.2,-0.2
2025-10-30,452670,2080.0,0.09,0.0,0.0,-0.0
2025-10-31,452670,2080.0,0.09,-0.0,0.1,-0.2
2025-11-03,452670,2090.0,0.08,-0.0,0.1,-0.1
2025-11-04,452670,2080.0,0.07,-0.0,0.1,-0.1
2025-11-05,452670,2080.0,0.07,-0.0,-0.0,0.0
2025-11-06,452670,2080.0,0.07,-0.0,0.0,0.0
2025-11-07,452670,2080.0,0.07,0.0,0.0,-0.0
2025-11-10,452670,2080.0,0.07,-0.0,0.0,-0.0
2025-11-11,452670,2080.0,0.07,-0.0,0.0,0.0
2025-11-12,452670,2080.0,0.07,0.0,0.0,0.0
2025-11-13,452670,2080.0,0.07,0.0,0.0,-0.0
2025-11-14,452670,2080.0,0.07,-0.0,0.2,-0.0
2025-11-17,452670,2085.0,0.07,0.0,0.0,-0.0
2025-11-18,452670,2080.0,0.07,0.0,0.4,-0.4
2025-11-19,452670,2080.0,0.07,-0.0,0.0,0.0
2025-11-20,452670,2085.0,0.07,0.0,0.0,0.0
2025-11-21,452670,2080.0,0.07,0.0,0.0,0.0
2025-11-24,452670,2085.0,0.07,-0.0,0.0,0.0
2025-11-25,452670,2082.0,0.07,0.0,0.0,0.0
2025-11-26,452670,2090.0,0.07,0.0,0.1,-0.1
2025-11-27,452670,2085.0,0.07,-0.0,0.4,-0.4
2025-11-28,452670,2090.0,0.07,0.0,0.0,0.0
2025-12-01,452670,2085.0,0.07,0.0,0.1,-0.1
2025-12-02,452670,2085.0,0.07,0.0,0.8,-0.8
2025-12-03,452670,2085.0,0.07,0.0,0.0,-0.0
2025-12-04,452670,2087.0,0.07,0.0,0.2,-0.2
2025-12-05,452670,2085.0,0.07,-0.0,0.0,0.0
2025-12-08,452670,2085.0,0.07,0.0,0.0,-0.0
2025-12-09,452670,2082.0,0.07,-0.0,0.0,0.0
2025-12-10,452670,2080.0,0.07,-0.0,0.0,-0.0
2025-12-11,452670,2080.0,0.07,0.0,0.4,-0.4
2025-12-12,452670,2080.0,0.12,0.0,0.1,-0.1
2025-12-15,452670,2080.0,0.12,-0.0,0.0,0.0
2025-12-16,452670,2085.0,0.12,-0.0,1.0,-1.0
2025-12-17,452670,2075.0,0.11,0.0,0.0,-0.0
2025-12-18,452670,2080.0,0.13,0.0,0.2,-0.2
2025-12-19,452670,2075.0,0.15,0.0,-0.5,0.4
2025-12-22,452670,2075.0,0.18,0.0,0.0,-0.1
2025-12-23,452670,2075.0,0.19,0.0,-0.0,-0.0
2025-12-24,452670,2075.0,0.21,-0.0,0.0,0.0
2025-12-26,452670,2075.0,0.21,0.0,0.0,0.0
2025-12-29,452670,2077.0,0.21,0.0,-0.1,0.0
2025-12-30,452670,2080.0,0.22,0.0,-0.0,0.0
2026-01-02,452670,2080.0,0.22,0.0,-0.0,-0.1
2026-01-05,452670,2075.0,0.22,0.0,0.0,0.0
2026-01-06,452670,2075.0,0.22,0.0,0.0,0.0
2026-01-07,452670,2075.0,0.22,0.0,0.0,-0.0
2026-01-08,452670,2080.0,0.22,0.0,0.0,0.0
2026-01-09,452670,2080.0,0.22,-0.0,0.1,-0.1
2026-01-12,452670,2085.0,0.22,0.0,0.0,0.0
2026-01-13,452670,2080.0,0.22,-0.0,0.0,0.0
2026-01-14,452670,2085.0,0.22,0.0,0.0,0.0
2026-01-15,452670,2085.0,0.22,0.0,0.0,-0.0
2026-01-16,452670,2085.0,0.22,0.0,0.0,-0.0
2026-01-19,452670,2080.0,0.22,0.0,0.0,-0.0
2026-01-20,452670,2080.0,0.22,0.0,0.0,0.0
2026-01-21,452670,2080.0,0.22,0.0,-0.1,0.1
2026-01-22,452670,2080.0,0.22,0.0,-0.6,0.6
2026-01-23,452670,2090.0,0.22,0.0,0.1,-0.1
2026-01-26,452670,2090.0,0.22,0.0,0.3,-0.3
2026-01-27,452670,2090.0,0.22,0.0,0.2,-0.2
2026-01-28,452670,2110.0,0.22,0.0,0.8,-0.8
2026-01-29,452670,2102.0,0.22,0.0,0.0,0.0
2026-01-30,452670,2100.0,0.22,0.0,0.4,-0.4
2026-02-02,452670,2100.0,0.22,0.0,0.0,-0.0
2026-02-03,452670,2095.0,0.22,0.0,0.0,-0.0
2026-02-04,452670,2095.0,0.23,-0.0,-1.2,1.2
2026-02-05,452670,2105.0,0.23,0.0,0.0,-0.0
2026-02-06,452670,2105.0,0.23,-0.0,0.0,-0.2
2026-02-09,452670,2100.0,0.23,0.0,0.0,0.0
2026-02-10,452670,2110.0,0.23,0.0,-0.1,0.0
2026-02-11,452670,2110.0,0.23,0.0,-1.4,1.0
2026-02-12,452670,2110.0,0.23,0.0,0.0,-0.2
2026-02-13,452670,2115.0,0.23,0.0,0.0,-0.3
2026-02-19,452670,2105.0,0.23,0.0,,-0.0
2026-02-20,452670,2110.0,0.23,0.0,0.4,-0.4
2026-02-23,452670,2105.0,0.23,-0.0,,-0.0
2026-02-24,452670,2105.0,0.23,-0.0,0.0,0.0
2026-02-25,452670,2100.0,0.23,-0.0,-0.3,0.3
2026-02-26,452670,2100.0,0.23,-0.0,1.4,-1.4
2026-02-27,452670,2100.0,0.23,-0.0,0.2,-0.2
2026-03-03,452670,2095.0,0.23,-0.0,0.4,-0.7
2026-03-04,452670,2095.0,0.23,0.0,-0.1,0.2
2026-03-05,452670,2097.0,0.23,0.0,0.0,-0.0
2026-03-06,452670,2100.0,0.23,-0.0,-0.5,0.6
2026-03-09,452670,2095.0,0.23,0.0,-0.2,0.3
2026-03-10,452670,2095.0,0.23,0.0,0.3,-0.3
2026-03-11,452670,2095.0,0.23,-0.0,0.0,0.0
2026-03-12,452670,2095.0,0.23,-0.0,0.0,-0.0
2026-03-13,452670,2095.0,0.23,-0.0,0.1,-0.1
2026-03-16,452670,2095.0,0.23,0.0,0.0,-0.8
2026-03-17,452670,2095.0,0.24,-0.0,-0.4,-0.3
2026-03-18,452670,2100.0,0.24,-0.0,0.0,-0.0
2026-03-19,452670,2100.0,0.24,0.0,-0.5,-0.1
2026-03-20,452670,2100.0,0.24,0.0,-0.0,0.0
2026-03-23,452670,2100.0,0.24,0.0,0.0,0.0
2026-03-24,452670,2097.0,0.24,-0.0,0.0,-0.2
2026-03-25,452670,2095.0,0.24,0.0,0.0,-0.7
2026-03-26,452670,2100.0,0.24,0.0,0.0,0.0
2026-03-27,452670,2097.0,0.24,0.0,0.0,0.0
2026-03-30,452670,2097.0,0.24,0.0,0.0,0.0
2026-03-31,452670,2097.0,0.24,0.0,-0.3,0.3
2026-04-01,452670,2097.0,0.24,0.0,0.0,0.0
2026-04-02,452670,2100.0,0.24,,0.0,-0.0
2026-04-03,452670,2097.0,0.24,,-0.7,0.7
2026-04-06,452670,2100.0,0.24,,0.5,-0.5
2026-04-07,452670,2095.0,0.24,0.0,0.0,-0.5
2026-04-08,452670,2095.0,0.24,-0.0,0.2,-0.2
2026-04-09,452670,2095.0,0.24,,,
2026-04-10,452670,2095.0,0.24,-0.0,-0.1,1.0
2026-04-13,452670,2095.0,0.24,,-0.1,0.1
2026-04-14,452670,2100.0,0.24,,4.6,-5.3
2026-04-15,452670,2100.0,0.24,-0.0,0.0,-0.4
2026-04-16,452670,2100.0,0.23,,0.0,-0.0
2026-04-17,452670,2100.0,0.23,,0.4,-0.5
2026-04-20,452670,2105.0,0.23,-0.3,0.0,0.3
2026-04-30,452670,,,,,
2026-05-29,452670,,,,,
2026-06-30,452670,,,,,
2026-07-13,452670,,,,,
2025-07-14,452980,2020.0,5.45,0.0,-0.6,0.6
2025-07-15,452980,2030.0,5.45,0.0,-0.0,0.1
2025-07-16,452980,2030.0,5.45,-0.0,0.6,-0.5
2025-07-17,452980,2027.0,5.45,0.0,0.0,0.0
2025-07-18,452980,2025.0,5.45,-0.0,0.0,0.1
2025-07-21,452980,2025.0,5.45,-0.0,0.0,0.3
2025-07-22,452980,2030.0,5.45,-0.0,0.0,0.0
2025-07-23,452980,2025.0,5.45,0.0,0.0,0.0
2025-07-24,452980,2030.0,5.45,0.0,0.0,0.0
2025-07-25,452980,2030.0,5.45,0.0,0.0,0.0
2025-07-28,452980,2035.0,5.45,-0.0,-0.1,-0.6
2025-07-29,452980,2035.0,5.45,0.1,-0.0,-0.3
2025-07-30,452980,2030.0,5.46,-0.1,-0.1,0.1
2025-07-31,452980,2030.0,5.45,0.0,-0.0,0.0
2025-08-01,452980,2035.0,5.45,0.0,0.0,-0.0
2025-08-04,452980,2030.0,5.45,0.0,-0.0,0.0
2025-08-05,452980,2030.0,5.45,-0.0,0.0,0.0
2025-08-06,452980,2040.0,5.45,0.0,0.0,0.3
2025-08-07,452980,2040.0,5.45,0.0,0.0,0.0
2025-08-08,452980,2040.0,5.45,-0.0,-0.2,0.2
2025-08-11,452980,2035.0,5.45,0.0,-0.7,0.7
2025-08-12,452980,2035.0,5.45,-0.0,0.4,-0.3
2025-08-13,452980,2030.0,5.45,0.0,-0.1,0.1
2025-08-14,452980,2040.0,5.45,0.0,-0.1,0.4
2025-08-18,452980,2040.0,5.45,0.0,0.0,0.0
2025-08-19,452980,2035.0,5.45,-0.0,-0.2,0.2
2025-08-20,452980,2035.0,5.45,0.0,-0.2,0.2
2025-08-21,452980,2035.0,5.45,0.0,-0.0,0.0
2025-08-22,452980,2040.0,5.45,0.0,0.0,0.2
2025-08-25,452980,2040.0,5.45,0.0,0.0,0.0
2025-08-26,452980,2035.0,5.45,-0.0,-0.5,0.5
2025-08-27,452980,2035.0,5.45,0.0,-0.4,0.4
2025-08-28,452980,2035.0,5.45,0.0,-0.0,0.0
2025-08-29,452980,2035.0,5.45,0.0,-0.0,0.0
2025-09-01,452980,2030.0,5.45,0.0,0.0,0.0
2025-09-02,452980,2030.0,5.45,,-0.1,0.1
2025-09-03,452980,2035.0,5.45,0.1,-0.2,0.1
2025-09-04,452980,2035.0,5.49,-0.1,-0.3,0.4
2025-09-05,452980,2035.0,5.45,0.0,-0.2,0.2
2025-09-08,452980,2040.0,5.45,0.0,-0.6,0.6
2025-09-09,452980,2045.0,5.45,-0.0,-1.0,1.0
2025-09-10,452980,2050.0,5.45,0.0,-0.4,0.4
2025-09-11,452980,2050.0,5.45,0.2,-0.4,0.2
2025-09-12,452980,2055.0,5.51,-0.2,-0.1,0.3
2025-09-15,452980,2055.0,5.45,0.0,0.0,0.0
2025-09-16,452980,2055.0,5.45,0.0,2.7,-2.7
2025-09-17,452980,2055.0,5.45,0.0,0.0,-0.0
2025-09-18,452980,2055.0,5.45,0.0,-2.0,2.4
2025-09-19,452980,2050.0,5.45,0.0,0.0,-0.0
2025-09-22,452980,2050.0,5.47,-0.0,0.0,0.0
2025-09-23,452980,2055.0,5.46,0.1,1.5,-1.6
2025-09-24,452980,2060.0,5.48,-0.1,-0.0,0.1
2025-09-25,452980,2065.0,5.46,0.0,0.0,0.0
2025-09-26,452980,2070.0,5.46,0.0,-0.1,0.1
2025-09-29,452980,2070.0,5.47,-0.0,-0.3,0.3
2025-09-30,452980,2070.0,5.47,0.1,-0.0,-0.0
2025-10-01,452980,2070.0,5.48,-0.0,-0.0,0.0
2025-10-02,452980,2070.0,5.48,-0.0,-2.4,2.4
2025-10-10,452980,2075.0,5.47,-0.0,0.0,0.0
2025-10-13,452980,2075.0,5.47,-0.0,-0.1,0.1
2025-10-14,452980,2080.0,5.47,0.0,0.1,-0.2
2025-10-15,452980,2080.0,5.47,0.0,0.0,-0.0
2025-10-16,452980,2075.0,5.48,0.0,0.0,-0.0
2025-10-17,452980,2075.0,5.48,-0.0,0.0,0.0
2025-10-20,452980,2080.0,5.47,-0.0,0.2,-0.2
2025-10-21,452980,2080.0,5.47,-0.0,-0.1,0.1
2025-10-22,452980,2075.0,5.46,-0.0,0.0,0.0
2025-10-23,452980,2070.0,5.46,-0.0,0.0,0.0
2025-10-24,452980,2075.0,5.46,-0.0,-1.2,1.2
2025-10-27,452980,2070.0,5.46,0.0,-0.2,-0.2
2025-10-28,452980,2070.0,5.47,-0.0,0.0,0.0
2025-10-29,452980,2075.0,5.47,-0.0,0.1,-0.1
2025-10-30,452980,2075.0,5.47,-0.0,0.0,-0.3
2025-10-31,452980,2075.0,5.47,0.0,0.0,-0.0
2025-11-03,452980,2075.0,5.47,-0.0,0.0,0.0
2025-11-04,452980,2070.0,5.46,0.2,0.0,-0.2
2025-11-05,452980,2070.0,5.51,-0.2,0.3,-0.1
2025-11-06,452980,2070.0,5.46,-0.0,0.0,0.0
2025-11-07,452980,2075.0,5.46,-0.0,-0.1,0.1
2025-11-10,452980,2075.0,5.46,-0.0,-0.4,0.4
2025-11-11,452980,2080.0,5.18,-0.0,-0.4,0.4
2025-11-12,452980,2075.0,5.18,0.1,0.1,-0.1
2025-11-13,452980,2075.0,5.2,-0.1,0.0,0.1
2025-11-14,452980,2075.0,5.18,0.0,0.0,-0.0
2025-11-17,452980,2085.0,5.18,-0.0,0.0,0.0
2025-11-18,452980,2085.0,5.18,-0.0,0.6,-0.6
2025-11-19,452980,2085.0,5.18,-0.0,-0.4,0.4
2025-11-20,452980,2085.0,5.18,0.0,-0.1,0.1
2025-11-21,452980,2080.0,5.18,-0.0,-0.1,0.2
2025-11-24,452980,2085.0,5.18,-0.0,0.0,0.0
2025-11-25,452980,2085.0,5.18,0.0,0.6,-0.6
2025-11-26,452980,2085.0,5.19,0.0,0.0,0.0
2025-11-27,452980,2085.0,5.19,-0.0,0.0,-0.1
2025-11-28,452980,2085.0,5.18,0.1,0.0,-0.1
2025-12-01,452980,2085.0,5.21,-0.1,0.7,-1.0
2025-12-02,452980,2082.0,5.18,-0.0,-2.0,2.0
2025-12-03,452980,2080.0,5.18,-0.0,0.0,-0.0
2025-12-04,452980,2085.0,5.18,0.0,0.0,0.0
2025-12-05,452980,2085.0,5.18,0.0,0.9,-0.9
2025-12-08,452980,2085.0,5.19,0.1,0.0,-0.1
2025-12-09,452980,2080.0,5.22,-0.0,0.2,-0.2
2025-12-10,452980,2080.0,5.22,-0.1,-0.4,0.5
2025-12-11,452980,2080.0,5.18,0.0,0.8,-0.8
2025-12-12,452980,2080.0,5.18,,0.3,-0.3
2025-12-15,452980,2080.0,5.18,0.0,0.1,-0.1
2025-12-16,452980,2075.0,5.18,0.0,0.7,-0.7
2025-12-17,452980,2070.0,5.18,0.0,-0.9,0.9
2025-12-18,452980,2075.0,5.19,0.0,-0.4,0.4
2025-12-19,452980,2075.0,5.19,0.0,0.0,0.0
2025-12-22,452980,2075.0,5.19,0.0,0.1,-0.1
2025-12-23,452980,2075.0,5.19,-0.0,0.0,0.0
2025-12-24,452980,2075.0,5.19,0.0,0.0,0.0
2025-12-26,452980,2075.0,5.19,-0.0,-0.0,0.0
2025-12-29,452980,2075.0,5.19,0.0,0.0,0.0
2025-12-30,452980,2085.0,5.19,0.0,0.0,0.0
2026-01-02,452980,2085.0,5.19,0.0,0.0,0.0
2026-01-05,452980,2080.0,5.19,0.0,0.1,-0.1
2026-01-06,452980,2075.0,5.19,0.0,0.0,-0.1
2026-01-07,452980,2075.0,5.19,0.1,-1.6,1.5
2026-01-08,452980,2080.0,5.21,0.3,-0.2,-0.1
2026-01-09,452980,2070.0,5.27,-0.1,-0.6,0.7
2026-01-12,452980,2075.0,5.25,-0.2,0.0,0.2
2026-01-13,452980,2075.0,5.2,0.0,0.2,-0.2
2026-01-14,452980,2075.0,5.2,-0.0,0.4,0.5
2026-01-15,452980,2075.0,5.2,-0.0,-0.0,0.0
2026-01-16,452980,2075.0,5.2,-0.0,0.0,0.0
2026-01-19,452980,2080.0,5.2,-0.0,0.0,0.0
2026-01-20,452980,2080.0,5.19,0.0,-1.0,1.0
2026-01-21,452980,2080.0,5.19,0.2,0.3,-0.5
2026-01-22,452980,2080.0,5.23,-0.0,0.0,0.0
2026-01-23,452980,2085.0,5.23,0.0,-0.2,0.0
2026-01-26,452980,2085.0,5.23,-0.0,0.0,0.0
2026-01-27,452980,2085.0,5.23,-0.1,-0.5,0.6
2026-01-28,452980,2085.0,5.19,0.0,-0.1,0.1
2026-01-29,452980,2090.0,5.19,0.0,0.0,0.0
2026-01-30,452980,2095.0,5.19,0.0,0.0,1.0
2026-02-02,452980,2095.0,5.19,-0.0,2.1,-2.1
2026-02-03,452980,2095.0,5.19,0.0,0.0,-0.0
2026-02-04,452980,2100.0,5.19,0.0,0.0,0.0
2026-02-05,452980,2100.0,5.19,0.0,0.2,-0.2
2026-02-06,452980,2100.0,5.19,0.0,0.0,-0.0
2026-02-09,452980,2105.0,5.19,-0.0,0.4,-0.7
2026-02-10,452980,2110.0,5.19,-0.0,0.0,0.0
2026-02-11,452980,2105.0,5.19,0.0,0.0,0.0
2026-02-12,452980,2105.0,5.19,-0.0,0.0,0.0
2026-02-13,452980,2105.0,5.19,0.0,0.6,-0.6
2026-02-19,452980,2105.0,5.19,0.0,-0.3,0.3
2026-02-20,452980,2105.0,5.19,0.0,-0.0,0.2
2026-02-23,452980,2110.0,5.19,0.0,0.1,-0.1
2026-02-24,452980,2105.0,5.19,-0.0,0.1,-0.1
2026-02-25,452980,2105.0,5.19,-0.0,-0.6,0.6
2026-02-26,452980,2105.0,5.19,-0.0,1.0,-1.0
2026-02-27,452980,2100.0,5.19,-0.0,-0.6,0.5
2026-03-03,452980,2100.0,5.19,0.0,0.2,-0.2
2026-03-04,452980,2100.0,5.19,-0.0,-1.0,1.1
2026-03-05,452980,2100.0,5.19,0.0,0.0,0.1
2026-03-06,452980,2095.0,5.2,-0.0,0.5,-0.5
2026-03-09,452980,2095.0,5.19,-0.0,0.0,0.0
2026-03-10,452980,2095.0,5.19,0.0,0.0,-0.0
2026-03-11,452980,2095.0,5.19,0.0,0.3,-0.4
2026-03-12,452980,2095.0,5.2,-0.0,0.2,-0.2
2026-03-13,452980,2095.0,5.19,0.0,0.3,-0.3
2026-03-16,452980,2095.0,5.19,0.0,0.5,-0.5
2026-03-17,452980,2100.0,5.19,0.0,0.0,-0.3
2026-03-18,452980,2095.0,5.19,0.0,0.3,-0.5
2026-03-19,452980,2095.0,5.19,0.0,0.1,-0.5
2026-03-20,452980,2105.0,5.19,0.1,0.1,-0.3
2026-03-23,452980,2095.0,5.22,-0.1,-3.1,2.8
2026-03-24,452980,2105.0,5.2,-0.0,-0.2,0.3
2026-03-25,452980,2095.0,5.2,-0.0,-0.3,-0.2
2026-03-26,452980,2095.0,5.2,0.0,0.2,-0.2
2026-03-27,452980,2095.0,5.2,-0.0,0.0,0.0
2026-03-30,452980,2095.0,5.2,-0.0,0.0,0.0
2026-03-31,452980,2095.0,5.2,-0.0,-0.9,0.9
2026-04-01,452980,2095.0,5.2,-0.0,-0.6,0.6
2026-04-02,452980,2095.0,5.2,0.2,0.8,-1.0
2026-04-03,452980,2095.0,5.24,-0.2,0.0,0.2
2026-04-06,452980,2095.0,5.2,-0.0,0.1,-0.1
2026-04-07,452980,2095.0,5.2,-0.0,,0.0
2026-04-08,452980,2095.0,5.2,-0.0,-0.2,0.2
2026-04-09,452980,2095.0,5.2,-0.0,-0.2,0.2
2026-04-10,452980,2095.0,5.19,0.0,-0.2,0.2
2026-04-13,452980,2095.0,5.2,-0.0,,0.0
2026-04-14,452980,2095.0,5.2,0.0,-0.2,0.2
2026-04-15,452980,2095.0,5.2,-0.0,-0.0,0.0
2026-04-16,452980,2097.0,5.2,-0.1,-2.4,2.5
2026-04-17,452980,2095.0,5.17,-0.0,,0.0
2026-04-20,452980,2100.0,5.17,-0.0,-0.5,1.3
2026-04-21,452980,2102.0,5.17,0.5,0.0,-0.5
2026-04-22,452980,2100.0,5.28,-0.5,2.8,-2.3
2026-04-23,452980,2100.0,5.17,,,
2026-04-24,452980,2105.0,5.17,-0.0,-1.0,-9.3
2026-04-27,452980,2105.0,5.17,,-0.1,0.0
2026-04-28,452980,2105.0,5.17,,1.2,-2.8
2026-04-29,452980,2110.0,5.17,,-1.2,-2.0
2026-04-30,452980,2110.0,5.17,,0.0,-0.8
2026-05-04,452980,2110.0,5.17,,0.0,-0.0
2026-05-06,452980,2110.0,5.17,,0.9,-0.9
2026-05-29,452980,,,,,
2026-06-30,452980,,,,,
2026-07-13,452980,,,,,
2025-07-14,453340,17750.0,14.24,1.4,-2.4,0.4
2025-07-15,453340,17580.0,14.32,-0.5,-0.2,0.2
2025-07-16,453340,18110.0,14.31,0.5,3.9,-4.9
2025-07-17,453340,18180.0,14.33,-0.4,0.3,-0.5
2025-07-18,453340,18200.0,14.32,-1.3,1.0,-0.3
2025-07-21,453340,18100.0,14.3,-1.0,0.7,-0.4
2025-07-22,453340,17880.0,14.28,-0.4,-0.2,-0.1
2025-07-23,453340,17960.0,14.28,-0.5,-0.0,-0.1
2025-07-24,453340,17650.0,14.27,-3.6,1.6,1.3
2025-07-25,453340,17370.0,14.2,-1.8,-0.5,1.7
2025-07-28,453340,16760.0,14.17,-1.9,1.7,0.1
2025-07-29,453340,17010.0,14.13,0.5,-0.5,-0.1
2025-07-30,453340,16930.0,14.14,0.7,-0.7,-0.1
2025-07-31,453340,17440.0,14.15,-0.0,0.0,0.1
2025-08-01,453340,17070.0,14.15,0.1,-0.3,0.3
2025-08-04,453340,17220.0,14.15,1.3,-0.9,-0.4
2025-08-05,453340,16560.0,14.18,-0.5,-0.8,1.3
2025-08-06,453340,17540.0,14.16,1.6,0.6,-2.8
2025-08-07,453340,16940.0,14.2,1.3,-8.1,6.3
2025-08-08,453340,16930.0,14.22,0.8,-1.3,0.3
2025-08-11,453340,16300.0,14.23,-1.4,-3.1,4.0
2025-08-12,453340,16540.0,14.19,1.2,-1.7,0.0
2025-08-13,453340,16320.0,14.21,-0.2,-0.4,0.1
2025-08-14,453340,16130.0,14.2,-1.1,-0.5,1.1
2025-08-18,453340,15680.0,14.19,0.7,-2.4,1.1
2025-08-19,453340,15460.0,14.2,0.6,-1.7,0.3
2025-08-20,453340,15730.0,14.21,0.8,-0.9,-0.5
2025-08-21,453340,15820.0,14.23,-0.4,0.0,-0.1
2025-08-22,453340,15710.0,14.22,-0.5,-0.5,0.5
2025-08-25,453340,15780.0,14.21,-0.3,-0.2,0.0
2025-08-26,453340,15890.0,14.2,-0.3,-0.2,-0.0
2025-08-27,453340,16090.0,14.19,-0.1,-0.1,-0.3
2025-08-28,453340,16150.0,14.19,-0.1,-0.2,-0.1
2025-08-29,453340,16100.0,14.19,0.0,-1.2,0.7
2025-09-01,453340,15960.0,14.19,-1.2,-0.1,0.6
2025-09-02,453340,15810.0,14.16,-0.9,0.2,-0.0
2025-09-03,453340,15790.0,14.15,0.6,-1.6,0.5
2025-09-04,453340,15890.0,14.16,0.0,-0.5,-0.1
2025-09-05,453340,15990.0,14.16,-0.2,-0.7,0.2
2025-09-08,453340,15900.0,14.16,-0.5,-0.1,0.1
2025-09-09,453340,15910.0,14.28,-0.4,-0.8,0.7
2025-09-10,453340,15870.0,14.26,-0.3,-0.6,0.5
2025-09-11,453340,15800.0,14.26,-2.7,0.0,2.2
2025-09-12,453340,16100.0,14.2,-1.8,2.7,-1.3
2025-09-15,453340,15980.0,14.18,-1.2,-0.6,1.2
2025-09-16,453340,15730.0,14.15,-2.3,-2.1,3.8
2025-09-17,453340,15680.0,14.1,0.8,-5.2,3.9
2025-09-18,453340,15800.0,14.12,1.5,-4.2,2.0
2025-09-19,453340,15410.0,14.16,-3.7,-2.2,5.4
2025-09-22,453340,15300.0,14.08,-1.3,-1.5,2.4
2025-09-23,453340,15130.0,14.06,-0.1,-2.0,1.6
2025-09-24,453340,15130.0,14.06,0.6,1.2,-2.0
2025-09-25,453340,15200.0,14.07,0.2,-0.7,-0.0
2025-09-26,453340,15160.0,14.07,-1.3,0.2,0.4
2025-09-29,453340,15040.0,14.04,2.0,-2.3,-0.1
2025-09-30,453340,15170.0,14.09,-0.2,-0.1,-0.3
2025-10-01,453340,15080.0,14.09,-0.7,-0.1,0.2
2025-10-02,453340,15190.0,14.07,0.7,0.6,-1.8
2025-10-10,453340,15460.0,14.09,0.3,-0.4,-0.3
2025-10-13,453340,15130.0,14.09,0.4,-0.2,-0.7
2025-10-14,453340,15150.0,14.1,-0.3,-0.3,0.1
2025-10-15,453340,15570.0,14.1,3.6,-0.6,-3.5
2025-10-16,453340,15590.0,14.17,0.5,-0.3,-0.6
2025-10-17,453340,15390.0,14.18,0.6,-1.1,0.0
2025-10-20,453340,15420.0,14.19,1.0,-1.2,-0.3
2025-10-21,453340,15200.0,14.21,0.7,-2.5,1.4
2025-10-22,453340,15140.0,14.2,1.6,-6.0,3.8
2025-10-23,453340,15190.0,14.23,3.8,-1.3,-3.0
2025-10-24,453340,15220.0,14.33,0.8,-1.3,0.4
2025-10-27,453340,15220.0,14.34,1.3,-2.3,0.9
2025-10-28,453340,15050.0,14.35,0.7,-1.4,0.7
2025-10-29,453340,14910.0,14.37,0.2,-3.1,3.1
2025-10-30,453340,14910.0,14.36,1.5,-1.2,-0.6
2025-10-31,453340,15050.0,14.39,1.9,-1.2,-0.7
2025-11-03,453340,15000.0,14.43,-0.4,-0.2,0.5
2025-11-04,453340,15850.0,14.42,1.4,1.1,-2.4
2025-11-05,453340,15910.0,14.46,2.9,-0.7,-2.6
2025-11-06,453340,16860.0,14.52,6.1,2.6,-9.3
2025-11-07,453340,16400.0,14.65,-0.4,-0.3,0.3
2025-11-10,453340,16990.0,14.64,3.2,0.1,-3.4
2025-11-11,453340,16900.0,14.68,-0.3,-0.2,0.1
2025-11-12,453340,16860.0,14.67,-0.3,-1.3,1.0
2025-11-13,453340,16650.0,14.66,0.1,-0.7,0.3
2025-11-14,453340,16440.0,14.66,0.7,-1.3,0.2
2025-11-17,453340,16290.0,14.67,1.1,-0.5,-1.1
2025-11-18,453340,16060.0,14.69,0.2,0.3,-1.0
2025-11-19,453340,16100.0,14.7,0.4,0.1,-1.0
2025-11-20,453340,16140.0,14.74,1.9,0.1,-2.4
2025-11-21,453340,16230.0,14.8,1.5,0.2,-2.2
2025-11-24,453340,16000.0,14.83,-0.5,1.2,-0.7
2025-11-25,453340,16040.0,14.82,0.4,0.1,-0.9
2025-11-26,453340,16080.0,14.83,-0.3,-0.2,0.1
2025-11-27,453340,15700.0,14.82,-2.0,1.9,-0.6
2025-11-28,453340,15580.0,14.77,-0.0,-0.5,0.0
2025-12-01,453340,15220.0,14.76,-3.1,-1.8,4.3
2025-12-02,453340,15480.0,14.67,2.3,-1.5,-1.3
2025-12-03,453340,15710.0,14.72,1.3,-2.2,-0.2
2025-12-04,453340,15540.0,14.74,-0.4,0.2,-0.8
2025-12-05,453340,15590.0,14.73,-0.3,-0.9,0.4
2025-12-08,453340,15700.0,14.73,2.1,2.2,-4.5
2025-12-09,453340,15830.0,14.77,1.3,0.2,-1.0
2025-12-10,453340,15640.0,14.8,0.6,0.6,-0.9
2025-12-11,453340,16150.0,14.81,3.1,1.0,-3.9
2025-12-12,453340,16190.0,14.88,-1.0,-0.0,0.4
2025-12-15,453340,16250.0,14.86,-0.7,2.2,-1.7
2025-12-16,453340,16380.0,14.85,-0.8,2.8,-2.0
2025-12-17,453340,16400.0,14.84,-0.3,0.5,-0.5
2025-12-18,453340,16200.0,14.83,-0.1,0.2,-0.6
2025-12-19,453340,16160.0,14.83,0.4,-0.5,-0.4
2025-12-22,453340,16190.0,14.84,-0.2,-0.1,-0.3
2025-12-23,453340,16080.0,14.83,0.2,-0.9,0.4
2025-12-24,453340,16150.0,14.84,1.5,2.0,-3.6
2025-12-26,453340,16060.0,14.88,-0.5,0.0,0.8
2025-12-29,453340,15660.0,14.87,-2.3,0.1,1.7
2025-12-30,453340,15610.0,14.81,-0.9,0.7,0.5
2026-01-02,453340,15400.0,14.8,-2.3,0.7,2.2
2026-01-05,453340,15460.0,14.74,-0.5,1.1,-0.9
2026-01-06,453340,15240.0,14.73,-2.6,-0.7,3.2
2026-01-07,453340,15150.0,14.68,-0.9,-0.0,0.9
2026-01-08,453340,15150.0,14.67,-2.1,1.3,0.6
2026-01-09,453340,15100.0,14.63,-0.7,-0.1,0.6
2026-01-12,453340,15110.0,14.61,0.5,-1.2,0.3
2026-01-13,453340,15190.0,14.62,1.2,-1.5,0.1
2026-01-14,453340,15200.0,14.65,1.0,-2.7,1.3
2026-01-15,453340,15000.0,14.67,-1.9,-3.5,5.0
2026-01-16,453340,15000.0,14.59,0.8,-2.7,1.5
2026-01-19,453340,14930.0,14.61,0.5,-3.1,1.8
2026-01-20,453340,15060.0,14.61,3.9,-2.7,-1.6
2026-01-21,453340,14830.0,14.7,-0.8,-0.4,0.6
2026-01-22,453340,15060.0,14.67,3.6,-3.7,-0.3
2026-01-23,453340,15170.0,14.74,4.1,-5.1,1.1
2026-01-26,453340,15250.0,14.83,0.7,-1.8,1.1
2026-01-27,453340,15250.0,14.84,1.8,-2.8,1.6
2026-01-28,453340,15200.0,14.87,0.0,0.8,-0.3
2026-01-29,453340,15380.0,14.87,1.5,-2.7,1.9
2026-01-30,453340,15270.0,14.9,3.6,-5.0,2.5
2026-02-02,453340,14950.0,14.96,-0.9,-1.2,2.1
2026-02-03,453340,15050.0,14.94,-0.3,-2.6,2.9
2026-02-04,453340,15700.0,14.93,6.2,3.2,-7.6
2026-02-05,453340,15560.0,15.1,1.8,-1.5,-0.1
2026-02-06,453340,15580.0,15.12,-3.0,3.3,-0.3
2026-02-09,453340,15350.0,15.05,-5.5,0.2,5.3
2026-02-10,453340,15850.0,14.91,2.5,-0.0,-2.8
2026-02-11,453340,16050.0,14.96,-1.3,-0.9,1.4
2026-02-12,453340,16250.0,14.92,-0.4,-0.1,0.0
2026-02-13,453340,16170.0,14.91,-0.7,0.9,-0.5
2026-02-19,453340,16500.0,14.9,1.9,-2.5,-0.2
2026-02-20,453340,16400.0,14.94,0.1,-1.9,1.1
2026-02-23,453340,16540.0,14.9,4.9,-1.7,-4.9
2026-02-24,453340,16420.0,15.01,-1.4,0.2,0.3
2026-02-25,453340,16440.0,14.97,2.0,-3.3,-0.3
2026-02-26,453340,16270.0,15.04,-2.2,0.1,1.5
2026-02-27,453340,15940.0,14.99,-3.8,-1.0,4.1
2026-03-03,453340,15600.0,14.92,0.9,0.1,-1.2
2026-03-04,453340,15120.0,14.94,-2.2,-1.0,1.1
2026-03-05,453340,15620.0,14.92,2.9,-1.3,-2.2
2026-03-06,453340,15800.0,14.98,1.9,0.7,-3.1
2026-03-09,453340,15530.0,15.02,1.9,0.3,-2.7
2026-03-10,453340,15790.0,15.06,-0.1,0.1,-0.7
2026-03-11,453340,15950.0,15.06,1.7,-0.1,-2.1
2026-03-12,453340,15900.0,15.1,0.4,-0.1,-0.7
2026-03-13,453340,15790.0,15.26,1.8,-0.9,-1.4
2026-03-16,453340,15940.0,15.31,1.5,2.7,-4.5
2026-03-17,453340,15920.0,15.34,2.8,-1.2,-2.0
2026-03-18,453340,16000.0,15.4,1.3,-0.9,-0.8
2026-03-19,453340,15870.0,15.43,-2.0,1.0,0.5
2026-03-20,453340,15810.0,15.39,-0.0,-0.3,-0.3
2026-03-23,453340,15720.0,15.39,-0.0,1.0,-1.5
2026-03-24,453340,15820.0,15.38,0.2,0.4,-1.1
2026-03-25,453340,15940.0,15.38,0.1,0.0,-0.5
2026-03-26,453340,15920.0,15.38,-0.4,0.2,-0.3
2026-03-27,453340,16080.0,15.4,-0.6,1.1,-0.8
2026-03-30,453340,15910.0,15.4,-0.4,0.3,-0.2
2026-03-31,453340,15820.0,15.39,0.7,-0.4,-0.8
2026-04-01,453340,16120.0,15.41,0.8,-1.5,-0.0
2026-04-02,453340,15690.0,15.41,-2.9,1.4,1.2
2026-04-03,453340,15450.0,15.34,-1.2,1.1,-0.3
2026-04-06,453340,15390.0,15.31,-0.7,-0.3,0.5
2026-04-07,453340,15520.0,15.29,1.5,0.1,-2.2
2026-04-08,453340,15750.0,15.33,-0.5,-0.1,-0.1
2026-04-09,453340,15770.0,15.36,-0.3,-0.1,-0.3
2026-04-10,453340,16000.0,15.35,4.1,-1.9,-3.2
2026-04-13,453340,16010.0,15.44,-0.2,0.0,-0.5
2026-04-14,453340,16030.0,15.44,-0.3,-0.0,-0.8
2026-04-15,453340,16000.0,15.43,0.5,-1.7,0.6
2026-04-16,453340,16160.0,15.44,2.7,-0.1,-3.1
2026-04-17,453340,16300.0,15.5,0.0,0.1,-1.1
2026-04-20,453340,16290.0,15.49,-0.1,-0.7,0.3
2026-04-21,453340,16300.0,15.49,-0.8,-0.8,1.0
2026-04-22,453340,16210.0,15.46,-0.1,-0.0,-0.5
2026-04-23,453340,16280.0,15.46,0.1,-0.1,-1.1
2026-04-24,453340,16380.0,15.46,0.8,-1.0,-0.6
2026-04-27,453340,16270.0,15.47,-1.3,-0.1,0.8
2026-04-28,453340,16240.0,15.45,-0.7,-0.1,0.2
2026-04-29,453340,16200.0,15.43,-1.2,0.3,0.8
2026-04-30,453340,16540.0,15.41,1.6,1.5,-3.1
2026-05-04,453340,16350.0,15.45,-1.9,-0.0,2.3
2026-05-06,453340,16900.0,15.41,-11.2,4.8,7.2
2026-05-07,453340,18140.0,15.18,5.1,2.2,-9.1
2026-05-08,453340,19300.0,15.31,6.8,9.2,-16.9
2026-05-11,453340,19140.0,15.44,7.8,-0.4,-7.9
2026-05-12,453340,18340.0,15.57,1.1,2.8,-4.4
2026-05-13,453340,18100.0,15.59,1.2,-5.5,3.6
2026-05-14,453340,18510.0,15.61,1.7,0.2,-2.6
2026-05-15,453340,18380.0,15.64,6.1,-4.0,-3.0
2026-05-18,453340,18510.0,15.7,-0.5,0.8,-1.1
2026-05-19,453340,18130.0,15.77,0.2,-0.6,-0.3
2026-05-20,453340,18060.0,15.74,2.4,-1.8,-1.5
2026-05-21,453340,17970.0,15.79,-0.4,2.3,-2.8
2026-05-22,453340,18490.0,15.78,9.5,0.7,-10.4
2026-05-26,453340,17780.0,15.98,-3.0,-4.7,7.0
2026-05-27,453340,17400.0,15.9,-2.2,1.2,0.6
2026-05-28,453340,17380.0,15.82,3.3,-0.2,-3.9
2026-05-29,453340,16720.0,15.89,0.1,-2.4,1.3
2026-06-01,453340,16250.0,15.88,-0.8,1.1,-1.2
2026-06-02,453340,17240.0,15.84,2.2,2.4,-5.2
2026-06-04,453340,16820.0,15.88,0.8,-1.4,-0.4
2026-06-05,453340,16710.0,15.89,-0.1,1.3,-2.2
2026-06-08,453340,16480.0,15.89,-1.1,-0.0,0.3
2026-06-09,453340,17010.0,15.86,0.6,0.0,-1.5
2026-06-10,453340,17210.0,15.93,-2.1,1.5,-0.4
2026-06-11,453340,17220.0,15.83,-1.0,1.0,-0.7
2026-06-12,453340,17780.0,15.82,1.1,0.1,-2.1
2026-06-15,453340,17580.0,15.85,-0.6,-0.6,0.2
2026-06-16,453340,17500.0,15.84,-1.4,0.8,-0.2
2026-06-17,453340,17490.0,15.81,-0.7,-0.1,-0.2
2026-06-18,453340,16710.0,15.79,-2.1,-0.0,1.2
2026-06-19,453340,16710.0,15.75,2.7,-1.8,-1.7
2026-06-22,453340,16460.0,15.81,-0.3,-0.3,0.2
2026-06-23,453340,16440.0,15.8,-0.4,1.9,-2.4
2026-06-24,453340,16320.0,15.79,-1.4,-0.7,1.2
2026-06-25,453340,16400.0,15.83,-1.9,1.7,-0.7
2026-06-26,453340,16340.0,15.74,-1.8,0.3,0.9
2026-06-29,453340,16600.0,15.71,0.8,-0.1,-1.7
2026-06-30,453340,16560.0,15.72,-0.2,-0.1,-0.8
2026-07-01,453340,16750.0,15.72,0.5,-0.7,-0.8
2026-07-02,453340,17450.0,15.69,0.2,2.5,-3.8
2026-07-03,453340,17580.0,15.76,0.7,0.8,-2.5
2026-07-06,453340,17260.0,15.78,-1.4,-0.0,0.5
2026-07-07,453340,17730.0,15.75,1.0,0.5,-2.6
2026-07-08,453340,18350.0,15.79,3.0,3.3,-7.2
2026-07-09,453340,17900.0,15.85,2.3,0.4,-3.7
2026-07-10,453340,18840.0,15.89,3.6,-0.3,-4.2
2026-07-13,453340,18250.0,15.92,1.5,-1.4,-1.1
2025-07-14,453450,23400.0,1.16,-5.9,-0.0,6.0
2025-07-15,453450,23200.0,0.83,-2.3,-0.0,2.4
2025-07-16,453450,22650.0,0.73,-0.8,0.0,0.9
2025-07-17,453450,21650.0,0.67,-0.9,0.0,0.8
2025-07-18,453450,21450.0,0.62,-0.5,0.1,0.3
2025-07-21,453450,21100.0,0.58,-0.3,,0.3
2025-07-22,453450,20750.0,0.57,3.4,-0.0,-3.4
2025-07-23,453450,20400.0,0.9,-0.5,0.0,0.4
2025-07-24,453450,21950.0,0.88,4.9,1.2,-6.6
2025-07-25,453450,22000.0,1.32,-8.4,-0.0,8.1
2025-07-28,453450,21250.0,0.63,-2.1,-0.0,1.9
2025-07-29,453450,20900.0,0.5,0.9,0.0,-0.9
2025-07-30,453450,20500.0,0.55,-0.8,-0.0,0.8
2025-07-31,453450,20450.0,0.51,1.0,0.4,-1.4
2025-08-01,453450,20450.0,0.63,-1.0,-1.5,2.4
2025-08-04,453450,19800.0,0.46,-1.0,0.1,0.9
2025-08-05,453450,20200.0,0.41,2.0,0.0,-2.0
2025-08-06,453450,20100.0,0.62,0.7,0.0,-0.6
2025-08-07,453450,20200.0,0.67,0.0,-0.0,0.0
2025-08-08,453450,19950.0,0.65,-0.1,0.0,0.1
2025-08-11,453450,20100.0,0.6,1.0,-0.0,-1.0
2025-08-12,453450,19770.0,0.72,-0.8,0.0,0.8
2025-08-13,453450,19890.0,0.58,-0.5,0.0,0.5
2025-08-14,453450,19660.0,0.57,-0.5,0.0,0.5
2025-08-18,453450,20100.0,0.51,0.0,,-0.1
2025-08-19,453450,19460.0,0.56,-1.9,0.0,1.9
2025-08-20,453450,18630.0,0.38,-0.2,-0.3,0.5
2025-08-21,453450,18800.0,0.37,1.4,-0.0,-1.4
2025-08-22,453450,19030.0,0.46,0.1,-0.1,-0.0
2025-08-25,453450,19210.0,0.47,0.5,-0.0,-0.5
2025-08-26,453450,18900.0,0.54,-0.4,0.0,0.4
2025-08-27,453450,19000.0,0.5,0.8,-0.0,-0.8
2025-08-28,453450,18770.0,0.55,0.3,-0.0,-0.3
2025-08-29,453450,18830.0,0.58,0.1,-0.0,-0.1
2025-09-01,453450,18050.0,0.6,-0.1,-0.0,0.2
2025-09-02,453450,18030.0,0.58,1.6,-0.0,-1.6
2025-09-03,453450,17830.0,0.69,0.9,0.0,-0.9
2025-09-04,453450,17870.0,0.75,1.1,-0.0,-1.1
2025-09-05,453450,17750.0,0.87,-1.2,0.0,1.2
2025-09-08,453450,17930.0,0.75,1.5,-0.0,-1.6
2025-09-09,453450,18020.0,0.84,1.0,0.0,-1.0
2025-09-10,453450,18180.0,0.92,0.8,0.0,-0.9
2025-09-11,453450,19020.0,1.01,-0.0,0.0,-0.1
2025-09-12,453450,19390.0,1.01,-0.7,0.0,0.7
2025-09-15,453450,19090.0,0.91,-0.4,0.0,0.4
2025-09-16,453450,19500.0,0.88,0.9,0.6,-1.4
2025-09-17,453450,19530.0,0.95,-1.2,0.0,1.2
2025-09-18,453450,19510.0,0.85,0.4,0.0,-0.5
2025-09-19,453450,19360.0,0.89,-0.2,0.0,0.2
2025-09-22,453450,18880.0,0.87,0.1,0.0,-0.1
2025-09-23,453450,18990.0,0.75,0.5,0.0,-0.5
2025-09-24,453450,19390.0,0.81,0.7,-0.6,-0.1
2025-09-25,453450,19380.0,0.84,0.5,-0.0,-0.5
2025-09-26,453450,18690.0,0.86,-1.9,0.4,1.5
2025-09-29,453450,19060.0,0.74,0.2,-0.1,0.0
2025-09-30,453450,18510.0,0.79,-0.6,-0.0,0.7
2025-10-01,453450,17830.0,0.74,-0.7,0.0,0.5
2025-10-02,453450,18020.0,0.67,0.0,0.6,-0.6
2025-10-10,453450,17900.0,0.68,0.9,-0.2,-0.5
2025-10-13,453450,17410.0,0.78,0.5,0.0,-0.6
2025-10-14,453450,17600.0,0.77,-0.2,0.0,0.2
2025-10-15,453450,18300.0,0.73,1.8,-0.0,-1.9
2025-10-16,453450,18170.0,0.88,1.2,0.0,-1.2
2025-10-17,453450,18000.0,0.86,1.4,-0.1,-1.4
2025-10-20,453450,17970.0,0.98,0.0,0.0,-0.1
2025-10-21,453450,17790.0,0.98,1.7,-0.0,-1.7
2025-10-22,453450,17820.0,1.15,0.2,0.0,-0.2
2025-10-23,453450,18190.0,1.17,2.6,0.0,-2.7
2025-10-24,453450,18300.0,1.44,1.1,-0.4,-0.7
2025-10-27,453450,18400.0,1.5,0.5,0.0,-0.5
2025-10-28,453450,18680.0,1.5,1.2,-0.0,-1.0
2025-10-29,453450,18670.0,1.56,-0.1,0.0,0.1
2025-10-30,453450,18410.0,1.55,-1.5,0.0,1.5
2025-10-31,453450,17950.0,1.42,-1.4,-0.0,0.8
2025-11-03,453450,17960.0,1.3,0.3,-0.0,-0.3
2025-11-04,453450,17950.0,1.38,0.9,0.0,-0.8
2025-11-05,453450,16970.0,1.48,-3.7,0.0,3.7
2025-11-06,453450,16780.0,1.07,0.5,0.0,-0.5
2025-11-07,453450,15740.0,1.1,1.2,-1.7,0.4
2025-11-10,453450,16130.0,1.19,1.1,,-1.0
2025-11-11,453450,16180.0,1.32,0.1,0.0,-0.1
2025-11-12,453450,16480.0,1.33,0.9,-0.5,-0.4
2025-11-13,453450,16340.0,1.4,0.1,-0.4,0.3
2025-11-14,453450,15890.0,1.41,-1.4,-0.4,1.8
2025-11-17,453450,15670.0,1.26,-1.0,-0.3,1.4
2025-11-18,453450,15150.0,1.12,-0.2,-0.5,0.6
2025-11-19,453450,14750.0,1.12,0.5,-0.5,-0.0
2025-11-20,453450,15080.0,1.2,1.5,-0.4,-1.2
2025-11-21,453450,14560.0,1.36,0.1,-0.0,-0.1
2025-11-24,453450,14370.0,1.37,0.7,-0.4,-0.2
2025-11-25,453450,14150.0,1.43,0.5,-0.4,-0.1
2025-11-26,453450,14570.0,1.47,1.6,-0.4,-1.2
2025-11-27,453450,15000.0,1.66,0.4,-0.4,0.0
2025-11-28,453450,14990.0,1.68,-0.1,-0.4,0.5
2025-12-01,453450,15020.0,1.65,-0.9,-0.4,1.3
2025-12-02,453450,15030.0,1.56,0.1,-0.3,0.4
2025-12-03,453450,15160.0,1.57,0.4,-0.3,0.0
2025-12-04,453450,15050.0,1.61,-0.0,-0.3,0.3
2025-12-05,453450,14990.0,1.6,0.5,-0.3,-0.2
2025-12-08,453450,14720.0,1.65,0.3,-0.4,0.1
2025-12-09,453450,14870.0,1.68,0.3,-0.3,0.1
2025-12-10,453450,14800.0,1.71,0.3,-0.3,0.0
2025-12-11,453450,14830.0,1.73,0.3,-0.3,0.0
2025-12-12,453450,15370.0,1.74,1.7,-0.6,-1.1
2025-12-15,453450,15190.0,1.95,-0.3,-0.7,1.0
2025-12-16,453450,14970.0,1.91,-0.5,-0.6,1.1
2025-12-17,453450,14770.0,2.0,-0.1,-0.5,0.5
2025-12-18,453450,14380.0,1.99,-0.3,-0.5,0.8
2025-12-19,453450,14610.0,1.96,1.2,-0.7,-0.4
2025-12-22,453450,14640.0,2.07,0.5,-0.6,0.1
2025-12-23,453450,14380.0,2.11,-0.3,-0.4,0.9
2025-12-24,453450,14200.0,2.08,-0.1,-0.6,0.5
2025-12-26,453450,13770.0,2.07,-0.6,-0.6,1.2
2025-12-29,453450,13770.0,2.01,0.9,-0.6,-0.4
2025-12-30,453450,13640.0,2.1,0.0,-0.7,0.6
2026-01-02,453450,14370.0,2.09,2.4,0.0,-2.4
2026-01-05,453450,16380.0,2.3,-6.4,-0.0,6.3
2026-01-06,453450,16120.0,1.88,4.1,-0.0,-4.4
2026-01-07,453450,15550.0,2.21,-0.1,-0.0,0.1
2026-01-08,453450,15050.0,2.2,-1.2,-0.1,1.1
2026-01-09,453450,15130.0,2.11,0.2,-0.0,-0.2
2026-01-12,453450,15640.0,2.13,2.6,-0.0,-2.6
2026-01-13,453450,15550.0,2.34,-0.7,-0.0,0.7
2026-01-14,453450,15320.0,2.28,-1.0,-0.1,1.9
2026-01-15,453450,15300.0,2.2,0.7,-0.1,-0.6
2026-01-16,453450,15380.0,2.26,-0.7,-0.0,0.8
2026-01-19,453450,15640.0,2.2,0.6,0.0,-0.6
2026-01-20,453450,16320.0,2.25,0.0,-1.6,1.6
2026-01-21,453450,16400.0,2.26,-2.2,-0.1,2.1
2026-01-22,453450,16300.0,2.1,0.9,0.0,-1.1
2026-01-23,453450,16310.0,2.17,1.2,-0.0,-1.3
2026-01-26,453450,16340.0,2.27,0.5,-0.0,-0.6
2026-01-27,453450,16550.0,2.31,-1.4,-0.1,1.5
2026-01-28,453450,16360.0,2.2,0.3,-0.0,-0.2
2026-01-29,453450,16290.0,2.23,2.4,-0.0,-2.4
2026-01-30,453450,16150.0,2.42,-0.7,-0.0,0.7
2026-02-02,453450,15360.0,2.37,-1.3,-0.1,1.4
2026-02-03,453450,15880.0,2.26,2.7,-0.0,-2.7
2026-02-04,453450,17240.0,2.48,-0.5,-0.1,0.2
2026-02-05,453450,16730.0,2.45,-2.4,-0.0,2.6
2026-02-06,453450,16320.0,2.27,-0.0,,-0.0
2026-02-09,453450,16800.0,2.27,-0.4,-0.8,1.2
2026-02-10,453450,16850.0,2.24,-2.5,-0.9,3.7
2026-02-11,453450,17300.0,2.05,-1.7,-0.9,2.5
2026-02-12,453450,17000.0,1.93,-1.0,-2.2,3.2
2026-02-13,453450,17260.0,1.86,1.2,-0.0,-0.5
2026-02-19,453450,18110.0,2.02,-0.6,-0.0,1.2
2026-02-20,453450,18820.0,1.97,-0.5,-0.1,0.6
2026-02-23,453450,18610.0,1.93,-0.6,-0.0,0.6
2026-02-24,453450,19210.0,1.73,-1.3,-0.0,1.4
2026-02-25,453450,19970.0,1.65,10.9,-0.0,-11.8
2026-02-26,453450,20400.0,2.31,-5.6,-0.0,5.7
2026-02-27,453450,20250.0,1.97,-6.9,0.4,6.8
2026-03-03,453450,18600.0,1.56,-2.6,0.0,2.3
2026-03-04,453450,16000.0,1.42,12.5,-0.0,-12.5
2026-03-05,453450,18420.0,2.48,7.9,-0.4,-8.7
2026-03-06,453450,18830.0,3.04,1.7,,-1.5
2026-03-09,453450,17610.0,3.15,-1.3,-0.1,1.4
2026-03-10,453450,18550.0,3.05,2.0,-0.0,-2.0
2026-03-11,453450,18680.0,3.19,-2.2,0.0,2.2
2026-03-12,453450,19450.0,3.04,-3.0,-0.0,3.0
2026-03-13,453450,18920.0,2.85,-4.8,0.0,4.8
2026-03-16,453450,18640.0,2.54,-3.1,0.0,3.1
2026-03-17,453450,18980.0,2.34,2.5,0.0,-3.2
2026-03-18,453450,19290.0,2.5,0.6,0.0,-0.7
2026-03-19,453450,22100.0,2.54,-3.2,2.2,2.7
2026-03-20,453450,21800.0,2.45,16.1,3.2,-20.7
2026-03-23,453450,21600.0,3.37,-15.0,-1.2,16.0
2026-03-24,453450,20850.0,2.52,3.1,-0.4,-2.9
2026-03-25,453450,22200.0,2.66,0.6,1.4,-2.2
2026-03-26,453450,21200.0,2.69,-6.5,0.6,5.6
2026-03-27,453450,20900.0,2.34,-1.1,0.9,0.6
2026-03-30,453450,22450.0,2.28,-1.6,1.2,1.4
2026-03-31,453450,21400.0,2.19,-1.9,0.3,2.0
2026-04-01,453450,22150.0,2.1,-1.0,,1.0
2026-04-02,453450,21700.0,2.05,0.7,-0.0,0.0
2026-04-03,453450,22950.0,2.09,6.5,-0.0,-6.9
2026-04-06,453450,21200.0,2.44,-12.9,0.1,13.1
2026-04-07,453450,19990.0,1.7,1.8,-3.6,1.8
2026-04-08,453450,19830.0,1.81,-0.0,-1.0,1.2
2026-04-09,453450,19050.0,1.81,-2.5,-0.2,2.7
2026-04-10,453450,19590.0,1.65,2.7,-0.8,-1.9
2026-04-13,453450,19000.0,1.83,-2.8,-0.7,3.3
2026-04-14,453450,19000.0,1.65,0.9,-0.2,-0.8
2026-04-15,453450,20000.0,1.71,-2.0,0.0,1.8
2026-04-16,453450,20900.0,1.58,-1.3,-0.0,1.3
2026-04-17,453450,20650.0,1.51,-0.6,-0.1,0.9
2026-04-20,453450,20400.0,1.48,-3.2,-0.0,3.2
2026-04-21,453450,20450.0,1.28,0.3,0.0,-0.4
2026-04-22,453450,22200.0,1.33,6.2,-0.0,-6.0
2026-04-23,453450,22600.0,1.69,-2.6,-0.0,2.9
2026-04-24,453450,23100.0,1.56,-1.7,-0.0,1.5
2026-04-27,453450,25000.0,1.47,-1.9,-0.3,1.5
2026-04-28,453450,24800.0,1.37,-8.0,-0.0,8.3
2026-04-29,453450,26450.0,0.98,1.6,0.3,-2.5
2026-04-30,453450,25150.0,1.11,-8.3,-0.0,9.1
2026-05-04,453450,25200.0,0.75,1.6,-0.3,-1.2
2026-05-06,453450,25100.0,0.83,4.2,-0.0,-3.9
2026-05-07,453450,24750.0,1.05,-13.0,0.0,12.8
2026-05-08,453450,24300.0,0.5,1.3,-0.0,-1.3
2026-05-11,453450,22850.0,0.6,5.5,0.0,-4.7
2026-05-12,453450,22350.0,1.01,3.9,-0.0,-3.6
2026-05-13,453450,21650.0,1.25,-1.9,-0.1,1.1
2026-05-14,453450,21750.0,0.95,-1.7,-0.0,2.2
2026-05-15,453450,19870.0,0.87,3.2,-0.0,-2.8
2026-05-18,453450,19240.0,1.07,3.4,-0.5,-2.9
2026-05-19,453450,18860.0,1.28,0.1,-0.1,-0.0
2026-05-20,453450,18000.0,1.29,-0.1,-0.0,0.1
2026-05-21,453450,18820.0,1.28,-1.5,0.0,1.6
2026-05-22,453450,20100.0,1.18,-4.6,-0.1,4.8
2026-05-26,453450,20600.0,0.9,-2.2,0.1,1.9
2026-05-27,453450,19410.0,0.76,-1.8,-0.2,1.9
2026-05-28,453450,18480.0,0.65,-0.2,0.0,0.3
2026-05-29,453450,18170.0,0.64,1.0,0.0,-1.1
2026-06-01,453450,17240.0,0.71,3.9,-0.0,-3.9
2026-06-02,453450,16360.0,1.0,2.4,-0.1,-2.3
2026-06-04,453450,17000.0,1.18,-2.2,-0.0,2.2
2026-06-05,453450,16130.0,1.02,-0.1,-0.0,0.1
2026-06-08,453450,14110.0,1.01,2.3,0.0,-2.3
2026-06-09,453450,14900.0,1.21,0.6,-0.0,-0.6
2026-06-10,453450,15160.0,1.27,-3.0,0.0,3.2
2026-06-11,453450,15020.0,1.04,0.8,-0.0,-0.8
2026-06-12,453450,15640.0,1.1,0.7,0.0,-0.7
2026-06-15,453450,16660.0,1.16,-1.4,-0.0,1.3
2026-06-16,453450,17070.0,1.05,-0.6,-0.0,0.6
2026-06-17,453450,16490.0,1.07,-1.1,-0.4,1.5
2026-06-18,453450,15990.0,0.98,0.0,-0.0,-0.0
2026-06-19,453450,15000.0,0.99,-1.0,0.0,1.0
2026-06-22,453450,14750.0,0.91,-0.0,0.0,0.0
2026-06-23,453450,13520.0,0.93,0.6,-0.0,-0.6
2026-06-24,453450,13440.0,1.0,0.8,0.0,-0.9
2026-06-25,453450,13860.0,1.08,-2.3,0.0,2.3
2026-06-26,453450,14000.0,0.89,0.1,-0.0,-0.0
2026-06-29,453450,14940.0,0.96,2.1,0.0,-2.1
2026-06-30,453450,14750.0,1.16,-0.2,0.0,0.2
2026-07-01,453450,16230.0,1.14,0.7,-0.0,-0.7
2026-07-02,453450,14920.0,1.19,-0.7,0.0,0.7
2026-07-03,453450,14580.0,1.15,2.2,0.0,-2.1
2026-07-06,453450,13770.0,1.4,-1.0,-0.0,1.0
2026-07-07,453450,13400.0,1.29,0.1,0.0,0.2
2026-07-08,453450,12470.0,1.3,-0.6,-0.0,0.6
2026-07-09,453450,12340.0,1.24,0.8,-0.0,-0.8
2026-07-10,453450,14080.0,1.32,-4.3,-0.1,4.4
2026-07-13,453450,14150.0,0.96,-0.3,1.6,-1.4
2025-07-14,453860,18250.0,1.32,-1.3,-0.0,1.3
2025-07-15,453860,17860.0,1.24,-0.4,0.0,0.4
2025-07-16,453860,17500.0,1.2,-0.9,0.0,0.9
2025-07-17,453860,17280.0,1.1,0.8,-1.2,0.3
2025-07-18,453860,17280.0,1.19,-0.6,0.0,0.6
2025-07-21,453860,17310.0,1.21,-0.1,-0.5,0.6
2025-07-22,453860,17250.0,1.2,-0.5,-0.0,0.6
2025-07-23,453860,16960.0,1.15,-0.3,,0.3
2025-07-24,453860,16550.0,1.11,0.2,-0.0,-0.2
2025-07-25,453860,16490.0,1.13,-0.4,-0.0,0.4
2025-07-28,453860,16470.0,1.09,-0.5,0.0,0.4
2025-07-29,453860,16790.0,1.04,0.6,-0.0,-0.5
2025-07-30,453860,16670.0,1.1,-0.3,-0.0,0.3
2025-07-31,453860,16650.0,1.06,0.0,,-0.0
2025-08-01,453860,15950.0,1.11,-1.3,-0.0,1.2
2025-08-04,453860,15820.0,0.96,0.0,-0.0,-0.1
2025-08-05,453860,16150.0,0.97,0.2,-0.0,-0.2
2025-08-06,453860,16290.0,0.99,0.4,,-0.4
2025-08-07,453860,16440.0,1.04,0.5,0.0,-0.5
2025-08-08,453860,16760.0,1.09,0.3,-0.0,-0.2
2025-08-11,453860,16870.0,1.12,0.0,0.0,-0.0
2025-08-12,453860,16720.0,1.12,-0.1,-0.0,0.1
2025-08-13,453860,16780.0,1.11,-0.2,0.0,0.2
2025-08-14,453860,17020.0,1.08,0.2,-0.0,-0.2
2025-08-18,453860,17390.0,1.1,1.1,-0.0,-1.1
2025-08-19,453860,17670.0,1.21,0.2,,-0.1
2025-08-20,453860,18000.0,1.23,0.2,-0.0,2.0
2025-08-21,453860,18780.0,1.25,5.7,-0.1,-5.4
2025-08-22,453860,18410.0,1.79,-2.1,-0.1,2.1
2025-08-25,453860,18080.0,1.59,-0.7,0.0,0.7
2025-08-26,453860,19030.0,1.52,1.5,-0.0,-1.4
2025-08-27,453860,19750.0,1.66,1.8,-0.0,-1.6
2025-08-28,453860,19780.0,1.83,-0.2,-0.0,0.2
2025-08-29,453860,20350.0,1.81,3.3,0.0,-3.3
2025-09-01,453860,20150.0,2.1,0.7,-0.0,-0.4
2025-09-02,453860,20100.0,2.16,-0.8,-0.0,0.8
2025-09-03,453860,20800.0,2.02,1.1,0.0,-0.9
2025-09-04,453860,21150.0,2.11,1.2,0.0,-1.1
2025-09-05,453860,21450.0,2.23,-1.0,-1.5,2.6
2025-09-08,453860,20350.0,2.16,-1.2,-0.0,1.4
2025-09-09,453860,20950.0,2.05,2.7,-0.0,-2.7
2025-09-10,453860,21150.0,2.28,0.4,-0.0,-0.4
2025-09-11,453860,20750.0,2.32,-1.5,0.0,1.5
2025-09-12,453860,21100.0,2.19,1.1,0.1,-1.1
2025-09-15,453860,20850.0,2.29,0.1,0.0,-0.1
2025-09-16,453860,20550.0,2.29,-0.1,0.0,0.1
2025-09-17,453860,21200.0,2.29,2.0,0.0,-2.0
2025-09-18,453860,21300.0,2.45,0.2,0.0,-0.1
2025-09-19,453860,22000.0,2.47,2.5,0.3,-2.8
2025-09-22,453860,22250.0,2.67,-2.1,-0.1,2.2
2025-09-23,453860,22700.0,2.5,-0.7,0.1,0.5
2025-09-24,453860,22350.0,2.45,-1.7,-0.0,1.7
2025-09-25,453860,21000.0,2.32,-1.0,-0.0,1.1
2025-09-26,453860,20300.0,2.24,2.6,0.0,-2.6
2025-09-29,453860,20650.0,2.46,0.4,-0.0,-0.4
2025-09-30,453860,20800.0,2.5,-0.1,-0.0,0.1
2025-10-01,453860,20200.0,2.49,-6.3,-0.0,6.3
2025-10-02,453860,18960.0,1.94,-1.1,0.0,0.8
2025-10-10,453860,18270.0,1.85,0.9,0.0,-0.9
2025-10-13,453860,17380.0,1.94,0.4,-0.0,-0.7
2025-10-14,453860,17150.0,1.98,-1.4,-0.0,1.4
2025-10-15,453860,17190.0,1.85,0.9,-0.0,-0.9
2025-10-16,453860,16740.0,1.94,-1.9,-0.0,1.8
2025-10-17,453860,16740.0,1.77,0.7,-0.0,-0.7
2025-10-20,453860,16640.0,1.84,-0.5,-0.0,0.4
2025-10-21,453860,16340.0,1.79,0.8,-0.3,-0.6
2025-10-22,453860,16900.0,1.88,1.2,0.2,-1.4
2025-10-23,453860,16960.0,2.0,-0.4,,0.2
2025-10-24,453860,16630.0,1.96,-1.1,,0.9
2025-10-27,453860,16140.0,1.85,-0.4,-0.3,0.5
2025-10-28,453860,16190.0,1.81,-1.3,,1.3
2025-10-29,453860,16050.0,1.66,-0.9,,0.9
2025-10-30,453860,15510.0,1.57,1.0,,-1.0
2025-10-31,453860,15710.0,1.67,-0.1,,0.1
2025-11-03,453860,15450.0,1.66,-0.2,-0.7,0.9
2025-11-04,453860,15160.0,1.63,0.2,-0.1,-0.2
2025-11-05,453860,14890.0,1.68,-1.2,,1.1
2025-11-06,453860,14930.0,1.51,-0.2,,0.2
2025-11-07,453860,14840.0,1.49,-0.0,0.0,0.0
2025-11-10,453860,15710.0,1.48,1.6,,-1.6
2025-11-11,453860,16040.0,1.66,-0.3,0.0,0.3
2025-11-12,453860,16200.0,1.63,0.4,,-0.4
2025-11-13,453860,16110.0,1.67,-0.2,,0.2
2025-11-14,453860,16130.0,1.65,-0.3,,0.3
2025-11-17,453860,16470.0,1.62,1.3,-0.3,-1.1
2025-11-18,453860,16060.0,1.77,-1.9,,1.9
2025-11-19,453860,16050.0,1.55,-0.6,0.3,0.2
2025-11-20,453860,15850.0,1.49,-0.6,0.2,-0.7
2025-11-21,453860,15780.0,1.42,-0.2,-0.1,-0.6
2025-11-24,453860,15460.0,1.4,-0.9,-0.0,-0.0
2025-11-25,453860,15750.0,1.3,1.2,0.0,-1.9
2025-11-26,453860,15290.0,1.43,-0.7,-0.0,0.7
2025-11-27,453860,15100.0,1.35,0.1,-0.0,-0.2
2025-11-28,453860,15110.0,1.36,0.2,-0.0,-0.2
2025-12-01,453860,15070.0,1.39,-0.1,-0.2,0.4
2025-12-02,453860,15400.0,1.37,0.5,-0.0,-0.5
2025-12-03,453860,15450.0,1.43,0.3,-0.0,-0.3
2025-12-04,453860,15360.0,1.46,-0.5,-0.0,0.5
2025-12-05,453860,15740.0,1.41,0.4,0.2,-0.6
2025-12-08,453860,15900.0,1.45,-0.1,0.0,0.1
2025-12-09,453860,15980.0,1.43,-0.5,-0.0,0.5
2025-12-10,453860,16460.0,1.38,1.9,0.0,-1.9
2025-12-11,453860,16250.0,1.59,-0.3,-0.2,0.6
2025-12-12,453860,16200.0,1.55,-0.2,-0.1,0.2
2025-12-15,453860,15830.0,1.53,-0.3,,0.2
2025-12-16,453860,15890.0,1.5,-0.2,-0.0,0.2
2025-12-17,453860,16820.0,1.47,3.1,,-3.1
2025-12-18,453860,16800.0,1.81,-0.5,0.0,0.6
2025-12-19,453860,16860.0,1.75,-0.8,,0.8
2025-12-22,453860,16550.0,1.67,-0.5,,0.5
2025-12-23,453860,16040.0,1.62,-0.2,,0.2
2025-12-24,453860,15910.0,1.59,0.2,0.0,-0.4
2025-12-26,453860,15790.0,1.62,-0.1,,0.2
2025-12-29,453860,16300.0,1.6,0.7,,-0.6
2025-12-30,453860,16110.0,1.68,-0.2,,0.2
2026-01-02,453860,16600.0,1.66,0.3,0.0,-0.2
2026-01-05,453860,16440.0,1.69,-0.4,,0.4
2026-01-06,453860,16550.0,1.65,-0.1,0.0,0.2
2026-01-07,453860,16470.0,1.64,-0.3,,0.4
2026-01-08,453860,16500.0,1.61,0.1,,0.1
2026-01-09,453860,16640.0,1.62,0.2,,-0.2
2026-01-12,453860,16140.0,1.63,-0.7,,0.7
2026-01-13,453860,16260.0,1.56,-0.4,,0.4
2026-01-14,453860,16060.0,1.52,-0.1,,0.1
2026-01-15,453860,15950.0,1.51,-0.4,-0.0,0.2
2026-01-16,453860,15940.0,1.47,0.0,,-0.0
2026-01-19,453860,16000.0,1.47,0.3,0.0,-0.3
2026-01-20,453860,16240.0,1.51,1.5,0.0,-1.5
2026-01-21,453860,16000.0,1.67,-0.4,-0.0,0.4
2026-01-22,453860,16300.0,1.63,1.3,,-1.3
2026-01-23,453860,16100.0,1.77,-0.2,,0.2
2026-01-26,453860,16140.0,1.75,0.7,,-0.7
2026-01-27,453860,16220.0,1.83,-0.0,-0.0,-0.0
2026-01-28,453860,16080.0,1.6,-0.7,0.0,0.6
2026-01-29,453860,16210.0,1.54,-0.4,-0.0,0.2
2026-01-30,453860,16000.0,1.5,-0.7,-0.0,0.7
2026-02-02,453860,15450.0,1.43,-1.4,-0.0,1.4
2026-02-03,453860,15550.0,1.3,0.7,-0.0,-0.8
2026-02-04,453860,15530.0,1.36,-0.2,-0.0,0.3
2026-02-05,453860,15090.0,1.35,-0.2,0.0,0.2
2026-02-06,453860,14940.0,1.32,-0.3,0.0,0.3
2026-02-09,453860,15330.0,1.29,1.2,,-1.2
2026-02-10,453860,15310.0,1.4,0.2,,-0.2
2026-02-11,453860,15900.0,1.41,1.2,,-1.5
2026-02-12,453860,16120.0,1.53,0.2,0.0,-0.6
2026-02-13,453860,15850.0,1.55,-0.8,,0.7
2026-02-19,453860,15840.0,1.48,0.1,-0.1,-0.4
2026-02-20,453860,16130.0,1.49,0.5,,-0.7
2026-02-23,453860,16130.0,1.54,0.7,,-1.2
2026-02-24,453860,15960.0,1.61,0.2,0.0,-0.3
2026-02-25,453860,15810.0,1.63,0.1,0.0,-0.2
2026-02-26,453860,15360.0,1.64,-0.1,0.0,-0.0
2026-02-27,453860,15340.0,1.62,-0.0,,-0.0
2026-03-03,453860,14750.0,1.62,0.1,-0.0,0.0
2026-03-04,453860,13660.0,1.63,-0.3,,0.4
2026-03-05,453860,14660.0,1.6,0.0,,-0.0
2026-03-06,453860,14390.0,1.6,-0.6,0.0,0.6
2026-03-09,453860,13880.0,1.54,-0.2,,0.2
2026-03-10,453860,14140.0,1.51,-0.4,0.0,0.6
2026-03-11,453860,14150.0,1.46,0.1,,-0.0
2026-03-12,453860,14830.0,1.47,0.3,0.0,-0.0
2026-03-13,453860,14800.0,1.5,0.2,-0.1,-0.1
2026-03-16,453860,14500.0,1.52,-0.0,,0.0
2026-03-17,453860,14670.0,1.52,-0.0,,0.0
2026-03-18,453860,14700.0,1.52,0.0,,-0.0
2026-03-19,453860,14400.0,1.52,-0.2,-0.0,0.2
2026-03-20,453860,14700.0,13.71,0.4,,-0.4
2026-03-23,453860,14340.0,13.75,0.2,,-0.2
2026-03-24,453860,14640.0,13.77,0.2,,-0.2
2026-03-25,453860,15260.0,13.79,0.7,0.0,-0.5
2026-03-26,453860,15080.0,13.86,0.1,,-0.1
2026-03-27,453860,15020.0,13.87,-0.2,,0.2
2026-03-30,453860,14830.0,13.85,-0.1,,0.1
2026-03-31,453860,14410.0,13.84,-0.5,,0.6
2026-04-01,453860,14480.0,13.78,0.4,,-0.4
2026-04-02,453860,14070.0,13.83,-0.6,,0.6
2026-04-03,453860,14170.0,13.76,-0.2,,0.2
2026-04-06,453860,13790.0,13.74,-0.3,0.0,0.3
2026-04-07,453860,13390.0,13.71,0.8,,-0.8
2026-04-08,453860,13050.0,13.8,3.9,0.0,-3.9
2026-04-09,453860,13280.0,14.26,0.6,0.0,-0.7
2026-04-10,453860,13690.0,14.33,0.4,-0.0,-0.4
2026-04-13,453860,13730.0,14.38,0.2,-0.3,0.1
2026-04-14,453860,13980.0,14.4,-0.0,0.0,0.0
2026-04-15,453860,14020.0,14.4,-0.0,0.0,0.0
2026-04-16,453860,14090.0,14.4,0.2,,-0.2
2026-04-17,453860,14120.0,14.42,0.3,,-0.3
2026-04-20,453860,14390.0,14.45,-0.1,-0.0,0.1
2026-04-21,453860,14850.0,14.44,0.3,0.0,-0.4
2026-04-22,453860,14970.0,14.47,-0.1,0.0,0.1
2026-04-23,453860,15220.0,14.47,-0.1,,0.1
2026-04-24,453860,15750.0,14.46,0.2,0.0,-0.3
2026-04-27,453860,15390.0,14.48,-1.0,0.0,1.1
2026-04-28,453860,15420.0,14.37,-0.0,,0.2
2026-04-29,453860,15610.0,14.37,0.3,-0.0,-0.3
2026-04-30,453860,15270.0,14.4,0.1,,-0.1
2026-05-04,453860,15100.0,14.41,-0.2,,0.2
2026-05-06,453860,14520.0,14.38,0.1,,-0.1
2026-05-07,453860,14120.0,14.4,0.2,-0.4,0.1
2026-05-08,453860,14120.0,14.42,0.1,,-0.1
2026-05-11,453860,13950.0,14.43,0.3,-0.0,-0.3
2026-05-12,453860,13670.0,14.46,-0.9,-0.0,0.9
2026-05-13,453860,13590.0,14.36,-0.6,-0.0,0.6
2026-05-14,453860,13300.0,14.29,-1.2,-0.0,1.2
2026-05-15,453860,13000.0,14.15,0.6,-0.1,-0.2
2026-05-18,453860,12130.0,14.23,-0.1,-0.0,0.5
2026-05-19,453860,12990.0,14.21,-0.2,-0.1,0.2
2026-05-20,453860,12480.0,14.19,-1.0,0.0,1.0
2026-05-21,453860,12570.0,14.07,-0.4,-0.0,0.5
2026-05-22,453860,12570.0,14.02,-0.3,-0.0,0.3
2026-05-26,453860,12110.0,13.98,-0.7,-0.1,0.7
2026-05-27,453860,11470.0,13.89,-0.1,-0.1,0.2
2026-05-28,453860,10810.0,13.88,0.2,0.0,-0.2
2026-05-29,453860,10370.0,13.91,-0.3,-0.0,0.3
2026-06-01,453860,10840.0,13.87,-0.2,-0.0,0.4
2026-06-02,453860,10780.0,13.84,-0.1,0.0,0.1
2026-06-04,453860,10400.0,13.82,-0.3,0.0,0.3
2026-06-05,453860,10320.0,13.78,0.1,0.0,-0.1
2026-06-08,453860,9900.0,13.8,0.6,-0.0,-0.6
2026-06-09,453860,10150.0,13.89,0.1,-0.0,-0.1
2026-06-10,453860,10920.0,13.91,-0.1,0.0,0.1
2026-06-11,453860,11090.0,13.89,-0.2,-0.0,0.2
2026-06-12,453860,12950.0,13.85,1.0,-0.0,-1.1
2026-06-15,453860,12100.0,13.99,-0.6,-0.0,0.6
2026-06-16,453860,11340.0,13.91,-0.6,0.0,0.6
2026-06-17,453860,11360.0,13.83,-0.1,-0.0,0.1
2026-06-18,453860,11170.0,13.81,-0.4,-0.0,0.4
2026-06-19,453860,10440.0,13.76,-0.3,0.0,0.3
2026-06-22,453860,10300.0,13.72,-0.0,0.0,0.0
2026-06-23,453860,9800.0,13.71,0.0,-0.0,-0.0
2026-06-24,453860,10270.0,13.76,-1.2,-0.0,1.2
2026-06-25,453860,9860.0,13.57,-0.2,-0.0,0.3
2026-06-26,453860,9600.0,13.61,0.6,-0.0,-0.2
2026-06-29,453860,10100.0,13.63,0.2,-0.0,-0.2
2026-06-30,453860,10100.0,13.66,-0.3,-0.0,0.3
2026-07-01,453860,10120.0,13.62,-0.3,0.1,0.2
2026-07-02,453860,9990.0,13.57,0.4,-0.0,-0.4
2026-07-03,453860,9820.0,13.63,-0.1,-0.0,0.1
2026-07-06,453860,9960.0,13.62,0.2,-0.0,-0.2
2026-07-07,453860,10180.0,13.65,0.1,0.0,-0.1
2026-07-08,453860,10200.0,13.66,-0.2,,0.2
2026-07-09,453860,10110.0,13.63,-0.2,,0.2
2026-07-10,453860,10090.0,13.6,-0.5,-0.0,0.5
2026-07-13,453860,9750.0,13.51,-0.2,-0.0,0.2
2025-07-14,454640,2070.0,0.01,0.0,0.0,0.0
2025-07-15,454640,2070.0,0.01,-0.0,-1.1,1.1
2025-07-16,454640,2075.0,0.01,-0.0,0.0,0.1
2025-07-17,454640,2085.0,0.01,0.0,-0.1,0.1
2025-07-18,454640,2075.0,0.03,-0.0,0.1,-0.1
2025-07-21,454640,2085.0,0.02,-0.0,-0.1,0.2
2025-07-22,454640,2085.0,0.01,0.0,0.1,-0.1
2025-07-23,454640,2080.0,0.02,0.0,0.2,-0.2
2025-07-24,454640,2080.0,0.03,0.0,-0.0,0.0
2025-07-25,454640,2075.0,0.03,-0.0,0.0,-0.0
2025-07-28,454640,2075.0,0.03,0.0,0.0,-0.0
2025-07-29,454640,2075.0,0.03,-0.0,0.0,0.0
2025-07-30,454640,2075.0,0.01,-0.0,-0.0,0.0
2025-07-31,454640,2075.0,0.01,0.0,-0.0,0.0
2025-08-01,454640,2075.0,0.01,,0.0,-0.0
2025-08-04,454640,2085.0,0.01,-0.0,-0.1,0.1
2025-08-05,454640,2080.0,0.01,0.0,-0.0,0.0
2025-08-06,454640,2080.0,0.01,-0.0,-0.0,0.0
2025-08-07,454640,2080.0,0.01,0.0,0.0,-0.0
2025-08-08,454640,2085.0,0.01,-0.0,-0.0,0.0
2025-08-11,454640,2080.0,0.01,0.0,0.0,-0.0
2025-08-12,454640,2085.0,0.01,-0.0,0.0,-0.0
2025-08-13,454640,2075.0,0.01,,0.2,-0.2
2025-08-14,454640,2080.0,0.01,-0.0,-0.0,0.2
2025-08-18,454640,2085.0,0.01,-0.0,0.4,-0.3
2025-08-19,454640,2090.0,0.01,,-0.0,0.0
2025-08-20,454640,2090.0,0.01,0.0,-0.0,0.0
2025-08-21,454640,2075.0,0.01,-0.0,0.0,-0.0
2025-08-22,454640,2075.0,0.01,0.0,-0.0,0.0
2025-08-25,454640,2075.0,0.01,,-0.1,0.1
2025-08-26,454640,2080.0,0.01,0.0,-0.4,0.2
2025-08-27,454640,2065.0,0.01,-0.0,-0.1,0.1
2025-08-28,454640,2065.0,0.01,0.0,-0.0,0.0
2025-08-29,454640,2075.0,0.01,-0.0,-0.1,-0.0
2025-09-01,454640,2080.0,0.01,-0.0,0.0,-0.0
2025-09-02,454640,2085.0,0.01,-0.0,0.1,-0.1
2025-09-03,454640,2080.0,0.01,,0.1,-0.1
2025-09-04,454640,2080.0,0.01,,0.0,-0.0
2025-09-05,454640,2085.0,0.01,0.0,0.0,-0.0
2025-09-08,454640,2095.0,0.01,0.0,0.3,-0.3
2025-09-09,454640,2085.0,0.01,0.0,-0.0,-0.0
2025-09-10,454640,2090.0,0.01,0.0,0.1,-0.1
2025-09-11,454640,2090.0,0.02,0.0,0.1,-0.1
2025-09-12,454640,2090.0,0.03,-0.0,0.1,-0.1
2025-09-15,454640,2105.0,0.02,0.0,0.1,-0.1
2025-09-16,454640,2100.0,0.02,0.0,0.0,-0.0
2025-09-17,454640,2090.0,0.02,0.0,0.0,0.0
2025-09-18,454640,2100.0,0.02,0.0,0.0,-0.0
2025-09-19,454640,2100.0,0.02,-0.0,0.0,-0.0
2025-09-22,454640,2090.0,0.02,0.0,0.0,-0.0
2025-09-23,454640,2090.0,0.04,0.0,0.2,-0.3
2025-09-24,454640,2095.0,0.08,0.0,0.0,-0.0
2025-09-25,454640,2095.0,0.08,0.0,0.1,-0.1
2025-09-26,454640,2095.0,0.08,0.0,-0.0,0.0
2025-09-29,454640,2095.0,0.08,0.0,0.0,-0.0
2025-09-30,454640,2095.0,0.08,0.0,-0.1,0.1
2025-10-01,454640,2105.0,0.08,0.0,-0.3,0.3
2025-10-02,454640,2100.0,0.09,0.0,0.0,-0.0
2025-10-10,454640,2090.0,0.09,0.0,0.4,-0.4
2025-10-13,454640,2095.0,0.09,0.0,0.2,-0.2
2025-10-14,454640,2100.0,0.1,0.0,0.1,-0.1
2025-10-15,454640,2100.0,0.1,-0.0,0.0,-0.1
2025-10-16,454640,2090.0,0.1,-0.0,0.1,-0.1
2025-10-17,454640,2095.0,0.1,0.0,0.1,-0.1
2025-10-20,454640,2100.0,0.1,-0.0,0.0,0.0
2025-10-21,454640,2105.0,0.1,0.0,0.6,-0.6
2025-10-22,454640,2100.0,0.1,0.0,0.0,-0.0
2025-10-23,454640,2105.0,0.1,0.0,0.1,-0.1
2025-10-24,454640,2110.0,0.1,-0.0,0.1,-0.1
2025-10-27,454640,2105.0,0.1,0.0,0.1,-0.1
2025-10-28,454640,2110.0,0.1,0.0,0.0,-0.0
2025-10-29,454640,2105.0,0.1,0.0,0.0,-0.0
2025-10-30,454640,2110.0,0.1,-0.0,0.1,-0.1
2025-10-31,454640,2110.0,0.1,0.0,0.0,-0.0
2025-11-03,454640,2095.0,0.1,0.0,0.1,-0.1
2025-11-04,454640,2105.0,0.1,0.0,0.0,-0.0
2025-11-05,454640,2100.0,0.1,0.0,0.1,-0.1
2025-11-06,454640,2100.0,0.11,0.0,0.0,-0.0
2025-11-07,454640,2100.0,0.11,0.0,0.0,0.0
2025-11-10,454640,2105.0,0.11,-0.0,1.0,-1.0
2025-11-11,454640,2105.0,0.11,0.0,0.0,-0.0
2025-11-12,454640,2105.0,0.11,0.0,0.1,-0.1
2025-11-13,454640,2105.0,0.11,-0.0,0.1,-0.1
2025-11-14,454640,2105.0,0.1,-0.0,-0.0,0.0
2025-11-17,454640,2105.0,0.09,-0.0,-0.2,0.2
2025-11-18,454640,2110.0,0.09,-0.0,-0.1,0.1
2025-11-19,454640,2105.0,0.09,-0.0,-0.2,0.2
2025-11-20,454640,2100.0,0.09,-0.0,-0.8,0.8
2025-11-21,454640,2110.0,0.09,0.0,0.4,-0.4
2025-11-24,454640,2110.0,0.1,-0.0,0.0,0.0
2025-11-25,454640,2110.0,0.09,0.0,0.0,0.0
2025-11-26,454640,2105.0,0.09,-0.0,0.0,-0.0
2025-11-27,454640,2110.0,0.09,-0.0,0.0,0.0
2025-11-28,454640,2110.0,0.09,0.0,0.2,0.0
2025-12-01,454640,2100.0,0.1,-0.0,0.2,-0.2
2025-12-02,454640,2095.0,0.1,-0.0,1.3,-1.2
2025-12-03,454640,2095.0,0.09,0.0,1.2,-1.2
2025-12-04,454640,2110.0,0.09,0.0,-0.0,-0.0
2025-12-05,454640,2110.0,0.13,0.0,0.0,0.0
2025-12-08,454640,2100.0,0.13,-0.0,0.8,-0.8
2025-12-09,454640,2100.0,0.13,-0.0,0.0,0.0
2025-12-10,454640,2100.0,0.09,-0.0,0.0,-0.0
2025-12-11,454640,2105.0,0.09,0.0,0.0,-0.0
2025-12-12,454640,2100.0,0.1,0.0,0.1,-0.1
2025-12-15,454640,2100.0,0.1,-0.0,0.0,-0.0
2025-12-16,454640,2095.0,0.1,0.0,1.3,-1.3
2025-12-17,454640,2090.0,0.11,0.0,0.0,-0.0
2025-12-18,454640,2090.0,0.11,0.0,0.1,-0.1
2025-12-19,454640,2095.0,0.11,0.0,0.0,-0.0
2025-12-22,454640,2090.0,0.11,0.0,0.3,-0.1
2025-12-23,454640,2095.0,0.11,0.0,0.0,0.0
2025-12-24,454640,2095.0,0.11,0.0,-0.9,0.9
2025-12-26,454640,2095.0,0.11,0.0,-0.1,0.1
2025-12-29,454640,2095.0,0.11,0.0,-0.1,0.1
2025-12-30,454640,2090.0,0.11,0.0,0.1,-0.1
2026-01-02,454640,2100.0,0.12,0.0,0.1,-0.1
2026-01-05,454640,2100.0,0.13,-0.0,0.0,0.0
2026-01-06,454640,2095.0,0.12,0.0,0.0,-0.0
2026-01-07,454640,2097.0,0.12,0.0,0.0,0.0
2026-01-08,454640,2097.0,0.12,-0.0,0.0,0.0
2026-01-09,454640,2097.0,0.12,0.0,-0.7,0.7
2026-01-12,454640,2100.0,0.12,0.0,0.4,-0.4
2026-01-13,454640,2097.0,0.12,-0.0,-0.0,0.3
2026-01-14,454640,2100.0,0.12,0.0,-0.6,0.6
2026-01-15,454640,2102.0,0.12,0.0,-0.7,0.7
2026-01-16,454640,2100.0,0.12,-0.0,-2.1,2.2
2026-01-19,454640,2100.0,0.11,-0.0,-0.9,0.9
2026-01-20,454640,2105.0,0.11,-0.1,0.0,0.1
2026-01-21,454640,2115.0,0.01,0.6,-0.2,-1.6
2026-01-22,454640,2110.0,0.5,-0.0,0.0,-0.7
2026-01-23,454640,2110.0,0.5,,,
2026-01-26,454640,2110.0,0.5,-0.0,0.3,-4.4
2026-01-27,454640,2115.0,0.5,,-0.3,-2.5
2026-01-28,454640,2115.0,0.5,,0.0,-0.0
2026-01-29,454640,2125.0,0.5,,-0.2,-0.4
2026-01-30,454640,2125.0,0.5,,0.2,-0.9
2026-02-02,454640,2125.0,0.5,,0.0,-0.0
2026-02-03,454640,2120.0,0.5,,0.0,-0.0
2026-02-27,454640,,,,,
2026-03-31,454640,,,,,
2026-04-30,454640,,,,,
2026-05-29,454640,,,,,
2026-06-30,454640,,,,,
2026-07-13,454640,,,,,
2025-07-14,454750,2045.0,0.03,,,
2025-07-15,454750,2045.0,0.03,,,
2025-07-16,454750,2045.0,0.03,,,
2025-07-17,454750,2375.0,0.03,0.0,-23.3,22.4
2025-07-18,454750,2390.0,0.03,0.2,-5.0,4.6
2025-07-21,454750,2490.0,0.17,1.3,-4.9,4.8
2025-07-22,454750,2465.0,0.91,0.3,-1.0,0.7
2025-07-23,454750,2460.0,1.06,-0.0,-0.1,0.1
2025-07-24,454750,2475.0,1.05,0.4,-0.8,0.4
2025-07-25,454750,2465.0,1.25,-0.2,-0.1,0.5
2025-07-28,454750,2405.0,1.13,-0.1,-0.2,0.3
2025-07-29,454750,2380.0,1.05,-0.1,-0.3,0.2
2025-07-30,454750,2385.0,1.0,-0.0,-0.2,0.1
2025-07-31,454750,2380.0,1.0,-0.1,-0.8,0.9
2025-08-01,454750,2390.0,0.96,0.0,-0.1,0.0
2025-08-04,454750,2370.0,0.96,-0.0,-0.1,0.1
2025-08-05,454750,2395.0,0.96,0.0,-0.4,0.3
2025-08-06,454750,2405.0,0.97,0.0,-1.0,1.0
2025-08-07,454750,2405.0,1.0,-0.1,-0.6,0.7
2025-08-08,454750,2405.0,0.96,0.0,-0.4,0.4
2025-08-11,454750,2445.0,0.96,0.1,-0.6,0.5
2025-08-12,454750,2480.0,1.0,-0.0,-0.5,0.4
2025-08-13,454750,2495.0,1.0,-0.1,-4.1,4.1
2025-08-14,454750,2465.0,0.97,0.0,-1.3,1.2
2025-08-18,454750,2415.0,0.97,-0.0,-0.1,0.1
2025-08-19,454750,2395.0,0.96,-0.1,-0.9,0.8
2025-08-20,454750,2405.0,0.9,-0.0,-1.4,1.4
2025-08-21,454750,2420.0,0.9,-0.0,-0.1,-0.0
2025-08-22,454750,2460.0,0.89,0.0,-0.2,0.2
2025-08-25,454750,2450.0,0.91,-0.1,-0.1,0.2
2025-08-26,454750,2440.0,0.87,-0.0,-0.2,0.2
2025-08-27,454750,2460.0,0.86,0.0,-0.2,0.1
2025-08-28,454750,2450.0,0.87,-0.0,0.0,0.0
2025-08-29,454750,2450.0,0.85,-0.0,-0.1,0.1
2025-09-01,454750,2450.0,0.85,-0.0,-0.1,0.1
2025-09-02,454750,2440.0,0.84,0.0,-0.3,0.3
2025-09-03,454750,2400.0,0.85,-0.0,-0.2,0.2
2025-09-04,454750,2345.0,0.85,-0.0,0.1,-0.1
2025-09-05,454750,2350.0,0.83,0.0,0.5,-0.5
2025-09-08,454750,2385.0,0.84,0.0,0.0,-0.0
2025-09-09,454750,2415.0,0.87,0.4,-0.1,-0.3
2025-09-10,454750,2420.0,1.1,0.1,0.0,-0.1
2025-09-11,454750,2415.0,1.14,-0.0,-0.0,0.0
2025-09-12,454750,2390.0,1.12,-0.1,0.0,0.1
2025-09-15,454750,2375.0,1.06,0.3,0.0,-0.4
2025-09-16,454750,2365.0,1.24,-0.0,0.0,0.0
2025-09-17,454750,2300.0,1.23,-0.6,-0.7,1.3
2025-09-18,454750,2300.0,0.86,-0.1,-0.8,1.0
2025-09-19,454750,2290.0,0.78,0.3,-2.4,2.1
2025-09-22,454750,2315.0,0.94,0.1,-0.1,0.1
2025-09-23,454750,2280.0,0.98,0.0,,-0.0
2025-09-24,454750,2210.0,0.98,0.1,0.1,-0.2
2025-09-25,454750,2210.0,1.02,0.1,-1.1,1.0
2025-09-26,454750,2215.0,1.11,0.3,,-0.3
2025-09-29,454750,2160.0,1.27,-0.2,0.1,0.1
2025-09-30,454750,2160.0,1.12,0.6,0.3,-0.9
2025-10-01,454750,2100.0,1.51,0.1,0.0,-0.2
2025-10-02,454750,2100.0,1.58,,,
2025-10-10,454750,2100.0,1.58,,,
2025-10-13,454750,2100.0,1.58,,,
2025-10-14,454750,2100.0,1.58,,,
2025-10-15,454750,2100.0,1.58,,,
2025-10-16,454750,2100.0,1.58,,,
2025-10-17,454750,2100.0,1.58,,,
2025-10-20,454750,2100.0,1.58,,,
2025-10-21,454750,2100.0,1.58,,,
2025-10-22,454750,2100.0,1.58,,,
2025-10-23,454750,2100.0,1.58,,,
2025-10-24,454750,2100.0,1.58,,,
2025-12-30,454750,,,,,
2026-01-30,454750,,,,,
2026-02-27,454750,,,,,
2026-03-31,454750,,,,,
2026-04-30,454750,,,,,
2026-05-29,454750,,,,,
2026-06-30,454750,,,,,
2026-07-13,454750,,,,,
2025-07-14,454910,60900.0,2.13,-5.8,-7.2,13.1
2025-07-15,454910,62700.0,2.12,6.0,1.5,-8.6
2025-07-16,454910,61700.0,2.16,-11.5,-3.9,15.0
2025-07-17,454910,61300.0,2.12,-9.5,2.1,7.4
2025-07-18,454910,61500.0,2.05,-2.3,3.5,-1.5
2025-07-21,454910,62400.0,2.08,27.0,9.6,-37.0
2025-07-22,454910,61300.0,2.16,-9.5,3.2,5.8
2025-07-23,454910,61100.0,2.13,-1.4,10.9,-9.9
2025-07-24,454910,61200.0,2.1,7.4,2.6,-10.1
2025-07-25,454910,61300.0,2.1,2.4,-2.5,0.3
2025-07-28,454910,60300.0,2.1,6.1,-11.6,4.2
2025-07-29,454910,60600.0,2.13,0.9,-0.5,-1.7
2025-07-30,454910,61200.0,2.12,21.9,-1.1,-22.2
2025-07-31,454910,60400.0,2.22,-16.3,-1.7,17.7
2025-08-01,454910,58500.0,2.22,23.2,-6.3,-16.9
2025-08-04,454910,59900.0,2.26,30.1,2.9,-32.8
2025-08-05,454910,61200.0,2.35,39.0,-0.6,-38.1
2025-08-06,454910,61400.0,2.46,24.0,-3.6,-20.3
2025-08-07,454910,61900.0,2.53,53.3,4.4,-57.1
2025-08-08,454910,61200.0,2.69,9.1,-10.7,2.6
2025-08-11,454910,61500.0,2.69,1.3,0.2,-1.0
2025-08-12,454910,61500.0,2.69,23.7,4.6,-32.0
2025-08-13,454910,62400.0,2.75,9.2,2.5,-11.7
2025-08-14,454910,63400.0,2.78,39.8,6.2,-52.5
2025-08-18,454910,61800.0,2.9,-4.5,-3.7,8.3
2025-08-19,454910,60300.0,2.87,-3.9,5.9,-0.7
2025-08-20,454910,59000.0,2.87,4.0,2.7,-4.7
2025-08-21,454910,59000.0,2.87,-3.0,0.3,1.6
2025-08-22,454910,60500.0,2.87,16.7,-1.7,-16.4
2025-08-25,454910,63400.0,2.92,96.2,25.6,-122.3
2025-08-26,454910,64600.0,3.17,86.1,-3.0,-67.9
2025-08-27,454910,64000.0,3.39,18.6,-1.4,-18.1
2025-08-28,454910,63700.0,3.43,-34.7,-5.4,42.2
2025-08-29,454910,62500.0,3.33,2.8,5.9,-8.5
2025-09-01,454910,61400.0,3.34,8.1,2.1,-10.0
2025-09-02,454910,62000.0,3.36,-72.7,-15.4,87.4
2025-09-03,454910,61100.0,3.14,-34.9,1.3,32.8
2025-09-04,454910,61500.0,3.05,19.9,-14.1,-6.9
2025-09-05,454910,61500.0,3.04,-4.2,-14.2,18.2
2025-09-08,454910,61700.0,3.04,1.2,-2.1,1.2
2025-09-09,454910,61400.0,3.0,-3.1,-9.4,11.6
2025-09-10,454910,62400.0,3.01,20.1,9.0,-28.0
2025-09-11,454910,62800.0,3.08,-45.5,35.4,10.3
2025-09-12,454910,63300.0,2.9,25.9,-13.3,-16.3
2025-09-15,454910,64600.0,2.99,-45.3,-10.1,50.7
2025-09-16,454910,64700.0,2.88,-19.5,-9.2,27.9
2025-09-17,454910,62900.0,2.83,-13.0,-16.5,29.7
2025-09-18,454910,65000.0,2.79,18.6,-25.6,-0.2
2025-09-19,454910,66400.0,2.84,89.3,-13.0,-77.2
2025-09-22,454910,71200.0,3.08,-21.5,47.9,-15.0
2025-09-23,454910,69900.0,3.05,-18.4,-16.0,30.7
2025-09-24,454910,67400.0,3.01,-47.8,-16.3,62.4
2025-09-25,454910,68900.0,2.9,-21.5,-1.0,29.3
2025-09-26,454910,66600.0,2.83,-35.1,-13.4,49.5
2025-09-29,454910,66700.0,2.69,-19.4,-6.2,27.7
2025-09-30,454910,65900.0,2.67,14.2,-3.2,-12.3
2025-10-01,454910,64900.0,2.71,-3.0,14.2,2.0
2025-10-02,454910,68000.0,2.69,-0.9,63.5,-56.2
2025-10-10,454910,70300.0,2.67,94.6,-4.1,-92.6
2025-10-13,454910,69700.0,2.91,-5.0,-11.0,14.8
2025-10-14,454910,68400.0,2.89,0.6,-3.6,5.5
2025-10-15,454910,71900.0,2.88,113.7,37.2,-152.8
2025-10-16,454910,73100.0,3.15,-113.6,-8.0,120.8
2025-10-17,454910,71800.0,2.86,-13.8,44.2,-28.2
2025-10-20,454910,73700.0,2.88,39.2,15.5,-59.0
2025-10-21,454910,72400.0,3.01,-45.1,12.9,32.5
2025-10-22,454910,72000.0,2.85,-5.1,-14.4,19.4
2025-10-23,454910,70600.0,2.85,-39.5,16.8,21.0
2025-10-24,454910,73100.0,2.81,77.3,47.1,-123.2
2025-10-27,454910,72500.0,3.09,-43.8,0.2,41.0
2025-10-28,454910,72200.0,2.95,23.8,-9.0,-14.7
2025-10-29,454910,72900.0,2.98,8.2,8.1,-13.7
2025-10-30,454910,71100.0,3.03,-25.9,3.6,22.2
2025-10-31,454910,78000.0,2.87,245.5,33.6,-270.6
2025-11-03,454910,92100.0,3.41,44.5,132.7,-180.9
2025-11-04,454910,88600.0,3.44,-63.6,-15.1,71.2
2025-11-05,454910,81400.0,3.3,-119.4,-69.2,184.4
2025-11-06,454910,79200.0,3.05,-64.5,0.9,62.7
2025-11-07,454910,77100.0,2.92,7.8,3.2,-12.1
2025-11-10,454910,79200.0,2.98,-27.6,14.2,8.7
2025-11-11,454910,78500.0,2.85,-25.9,-0.5,25.9
2025-11-12,454910,79000.0,2.83,-1.1,6.4,-5.2
2025-11-13,454910,81100.0,2.87,1.8,2.3,-4.1
2025-11-14,454910,77700.0,2.87,-9.1,-6.4,14.4
2025-11-17,454910,75700.0,2.77,-14.6,-21.8,34.9
2025-11-18,454910,72000.0,2.74,-2.9,-7.1,8.2
2025-11-19,454910,73500.0,2.75,-8.2,3.6,3.8
2025-11-20,454910,73600.0,2.81,1.7,-21.5,18.5
2025-11-21,454910,71000.0,2.8,-1.0,-6.3,5.9
2025-11-24,454910,70400.0,2.82,3.5,3.7,-7.4
2025-11-25,454910,69300.0,2.84,-8.7,-18.7,26.4
2025-11-26,454910,72000.0,2.82,13.2,15.7,-29.6
2025-11-27,454910,73500.0,2.87,-14.0,47.5,-39.4
2025-11-28,454910,77500.0,2.84,55.8,49.2,-99.7
2025-12-01,454910,74500.0,2.97,-17.4,-8.6,29.7
2025-12-02,454910,75800.0,2.88,-6.1,-1.3,5.7
2025-12-03,454910,76700.0,2.87,31.7,-30.5,-0.6
2025-12-04,454910,82700.0,2.94,248.0,59.1,-305.6
2025-12-05,454910,80800.0,3.53,-80.8,25.2,56.5
2025-12-08,454910,81400.0,3.29,-41.5,7.6,32.8
2025-12-09,454910,81900.0,3.15,-0.5,16.7,-21.4
2025-12-10,454910,83600.0,3.16,69.8,38.8,-109.8
2025-12-11,454910,83500.0,3.33,-46.8,31.9,14.4
2025-12-12,454910,84000.0,3.29,39.5,1.0,-37.1
2025-12-15,454910,84600.0,3.4,45.1,-0.7,-45.2
2025-12-16,454910,81100.0,3.49,-22.6,-20.1,41.5
2025-12-17,454910,79600.0,3.4,-7.1,2.7,8.9
2025-12-18,454910,77700.0,3.33,-6.8,-11.1,17.1
2025-12-19,454910,79400.0,3.36,-8.4,12.3,-4.0
2025-12-22,454910,82300.0,3.37,78.4,56.0,-133.2
2025-12-23,454910,82800.0,3.57,30.4,6.3,-36.1
2025-12-24,454910,78700.0,3.63,-226.4,-78.5,297.2
2025-12-26,454910,77300.0,3.13,-37.0,3.1,26.6
2025-12-29,454910,78900.0,3.1,29.3,-25.3,-3.3
2025-12-30,454910,78000.0,3.19,-24.5,-2.3,27.3
2026-01-02,454910,80300.0,3.12,59.5,7.1,-69.3
2026-01-05,454910,83100.0,3.29,100.7,5.9,-98.7
2026-01-06,454910,81200.0,3.52,-54.1,48.6,5.7
2026-01-07,454910,86800.0,3.38,257.4,72.1,-327.4
2026-01-08,454910,83100.0,3.97,-150.5,33.0,117.3
2026-01-09,454910,83600.0,3.62,-29.9,-3.1,33.5
2026-01-12,454910,82900.0,3.48,-53.4,34.0,20.1
2026-01-13,454910,85800.0,3.3,111.4,25.1,-137.2
2026-01-14,454910,87900.0,3.65,28.4,55.9,-90.7
2026-01-15,454910,91300.0,3.73,153.5,88.4,-229.3
2026-01-16,454910,90400.0,3.98,49.4,133.1,-182.3
2026-01-19,454910,107700.0,4.03,334.7,71.7,-392.9
2026-01-20,454910,118100.0,4.52,-108.0,166.8,-39.4
2026-01-21,454910,120800.0,4.24,-133.4,31.6,92.8
2026-01-22,454910,115400.0,3.78,-39.7,42.0,-1.9
2026-01-23,454910,114100.0,3.7,40.6,141.9,-178.4
2026-01-26,454910,119900.0,3.78,168.8,-75.5,-87.3
2026-01-27,454910,118600.0,4.09,-101.3,77.6,17.6
2026-01-28,454910,120400.0,3.9,-37.2,-10.1,60.9
2026-01-29,454910,119800.0,3.9,-50.2,27.8,24.5
2026-01-30,454910,114100.0,3.85,-235.0,20.0,211.7
2026-02-02,454910,107200.0,3.63,48.8,-38.3,-10.0
2026-02-03,454910,111000.0,3.74,45.5,32.3,-77.3
2026-02-04,454910,113600.0,3.84,-48.0,38.8,15.1
2026-02-05,454910,107800.0,3.67,-37.3,-50.5,85.9
2026-02-06,454910,101700.0,3.6,9.7,-19.7,14.0
2026-02-09,454910,103800.0,3.7,-26.6,10.2,15.3
2026-02-10,454910,104100.0,3.63,-32.7,-14.5,52.8
2026-02-11,454910,103300.0,3.58,-37.8,2.4,35.9
2026-02-12,454910,102500.0,3.51,20.3,-3.1,-18.9
2026-02-13,454910,100100.0,3.52,-23.4,-27.7,49.1
2026-02-19,454910,101900.0,3.48,48.1,2.1,-47.9
2026-02-20,454910,100500.0,3.57,-4.1,-35.2,35.0
2026-02-23,454910,102400.0,3.55,77.9,-17.3,-59.0
2026-02-24,454910,105700.0,3.67,28.2,-4.4,-15.1
2026-02-25,454910,107300.0,3.68,-28.9,5737.4,32.5
2026-02-26,454910,110400.0,3.63,-114.5,-2.7,117.2
2026-02-27,454910,106500.0,3.51,-82.0,-41.4,118.5
2026-03-03,454910,98300.0,3.53,-0.3,-7.7,7.3
2026-03-04,454910,80600.0,3.52,44.4,24.8,-69.9
2026-03-05,454910,90600.0,3.59,15.0,2.8,-18.6
2026-03-06,454910,91100.0,3.6,-40.9,-14.7,62.3
2026-03-09,454910,85500.0,3.59,-44.7,-14.1,65.9
2026-03-10,454910,90000.0,3.49,3.2,28.1,-31.0
2026-03-11,454910,90700.0,3.51,-43.7,-5.6,46.8
2026-03-12,454910,94300.0,3.42,-77.1,27.3,48.4
2026-03-13,454910,89500.0,3.27,-94.7,-88.1,184.3
2026-03-16,454910,88000.0,3.09,-29.1,-19.5,47.1
2026-03-17,454910,89200.0,3.04,15.6,-11.7,-4.5
2026-03-18,454910,90400.0,3.09,-0.8,-8.6,9.9
2026-03-19,454910,89200.0,3.09,17.6,-39.3,21.0
2026-03-20,454910,89300.0,3.23,7.0,0.7,-7.3
2026-03-23,454910,83200.0,3.25,2.2,-57.1,51.9
2026-03-24,454910,86000.0,3.23,20.1,1.0,-19.5
2026-03-25,454910,88800.0,3.27,38.8,1.3,-36.0
2026-03-26,454910,85400.0,3.36,-12.8,-5.4,17.3
2026-03-27,454910,84900.0,3.33,14.9,-28.9,14.3
2026-03-30,454910,80700.0,3.37,-1.0,-15.1,15.8
2026-03-31,454910,79500.0,3.34,18.3,16.2,-35.2
2026-04-01,454910,84600.0,3.37,37.7,30.7,-67.7
2026-04-02,454910,82600.0,3.48,-8.8,9.4,-1.5
2026-04-03,454910,82500.0,3.4,-13.0,-3.6,17.2
2026-04-06,454910,81500.0,3.3,-17.0,-9.7,26.1
2026-04-07,454910,81400.0,3.26,7.2,1.8,-9.1
2026-04-08,454910,88700.0,3.27,68.1,67.2,-131.7
2026-04-09,454910,91500.0,3.43,-59.0,182.0,-126.0
2026-04-10,454910,89500.0,3.37,-30.1,-3.5,34.2
2026-04-13,454910,88100.0,3.37,5.0,0.8,-5.6
2026-04-14,454910,90600.0,3.43,79.9,9.9,-88.0
2026-04-15,454910,93300.0,3.51,59.5,62.6,-119.8
2026-04-16,454910,94100.0,3.67,-17.3,29.4,-12.3
2026-04-17,454910,93500.0,3.62,-15.9,-9.4,25.3
2026-04-20,454910,93300.0,3.36,20.1,-8.3,-11.9
2026-04-21,454910,92600.0,3.32,-13.3,-3.8,17.0
2026-04-22,454910,92900.0,3.3,10.2,-11.8,1.5
2026-04-23,454910,92100.0,3.28,-15.1,-12.7,27.2
2026-04-24,454910,94100.0,3.25,82.4,-3.2,-77.5
2026-04-27,454910,101300.0,3.41,56.9,100.2,-155.4
2026-04-28,454910,100100.0,3.6,-84.4,5.1,78.8
2026-04-29,454910,102200.0,3.39,-72.6,94.2,-19.2
2026-04-30,454910,110200.0,3.37,-239.2,-260.0,509.8
2026-05-04,454910,107800.0,2.97,-155.2,-85.7,233.1
2026-05-06,454910,104700.0,2.76,-9.8,-176.7,185.2
2026-05-07,454910,99100.0,2.72,3897.1,-1784.5,339.1
2026-05-08,454910,101000.0,8.18,-574.3,254.9,307.3
2026-05-11,454910,104400.0,6.04,-80.1,98.5,-26.7
2026-05-12,454910,101200.0,5.89,-226.9,98.5,146.1
2026-05-13,454910,102600.0,5.56,-149.8,66.7,79.8
2026-05-14,454910,106800.0,5.32,-94.3,78.2,15.1
2026-05-15,454910,127400.0,5.19,456.4,145.9,-620.7
2026-05-18,454910,117900.0,5.95,-623.4,-269.3,889.3
2026-05-19,454910,100100.0,4.74,4531.8,-3756.7,896.1
2026-05-20,454910,95500.0,8.93,-354.5,-9.3,351.8
2026-05-21,454910,107600.0,8.35,166.4,75.4,-242.3
2026-05-22,454910,106600.0,8.53,-22.6,80.4,-69.0
2026-05-26,454910,106900.0,8.44,-96.3,-10.1,110.8
2026-05-27,454910,103000.0,8.1,18.9,-35.7,15.7
2026-05-28,454910,100400.0,8.13,-155.7,-18.6,169.1
2026-05-29,454910,106500.0,7.78,47.9,62.4,-112.1
2026-06-01,454910,138400.0,7.94,986.4,41.6,-1037.5
2026-06-02,454910,166700.0,9.5,-1147.5,95.8,1055.1
2026-06-04,454910,157900.0,6.68,-122.0,-31.6,150.0
2026-06-05,454910,140300.0,6.44,2358.8,-2201.5,503.1
2026-06-08,454910,127200.0,7.98,-784.7,-139.2,891.2
2026-06-09,454910,116600.0,6.96,-165.0,-2.3,168.0
2026-06-10,454910,106600.0,6.62,11.5,-6.9,-17.9
2026-06-11,454910,109300.0,6.68,-497.6,440.1,65.4
2026-06-12,454910,110400.0,5.86,-166.0,47.2,113.0
2026-06-15,454910,111400.0,5.7,-110.9,-16.4,129.3
2026-06-16,454910,109000.0,5.43,-64.8,-28.4,94.6
2026-06-17,454910,106200.0,5.16,16.3,-68.9,47.7
2026-06-18,454910,102700.0,5.38,-21.3,-58.6,79.5
2026-06-19,454910,101800.0,5.37,70.4,4.0,-71.5
2026-06-22,454910,100400.0,5.63,24.1,15.3,-36.8
2026-06-23,454910,88800.0,5.74,35.9,-16.4,-16.5
2026-06-24,454910,95000.0,5.88,-15.4,16.0,-7.3
2026-06-25,454910,92300.0,5.91,-21.9,-3.8,32.1
2026-06-26,454910,85000.0,5.8,45.1,-71.0,26.3
2026-06-29,454910,91600.0,5.88,7.7,70.7,-79.7
2026-06-30,454910,90300.0,5.97,-50.6,16.9,35.8
2026-07-01,454910,89300.0,5.84,-15.0,17.0,-1.2
2026-07-02,454910,83300.0,5.81,-2.0,39.1,-36.7
2026-07-03,454910,84600.0,5.81,2.8,38.0,-46.8
2026-07-06,454910,82500.0,5.83,4.8,-7.2,-2.1
2026-07-07,454910,78800.0,5.85,-43.4,42.8,0.3
2026-07-08,454910,72500.0,5.82,79.9,-2.4,-77.5
2026-07-09,454910,70400.0,6.01,66.5,-19.3,-43.2
2026-07-10,454910,74500.0,6.16,28.5,5.2,-34.3
2026-07-13,454910,70100.0,6.16,-23.8,8.3,11.3
2025-07-14,455180,5250.0,0.86,-0.4,,0.4
2025-07-15,455180,5460.0,0.8,3.2,1.2,-4.3
2025-07-16,455180,5550.0,1.29,0.1,-0.8,0.2
2025-07-17,455180,5470.0,1.29,-2.1,-0.0,2.2
2025-07-18,455180,5690.0,0.97,2.7,0.7,-3.3
2025-07-21,455180,6550.0,1.36,-4.2,-0.7,5.7
2025-07-22,455180,6330.0,0.97,1.0,-0.6,-0.6
2025-07-23,455180,5880.0,1.09,1.2,,-1.2
2025-07-24,455180,5960.0,1.25,-1.6,0.0,0.6
2025-07-25,455180,5610.0,1.05,-2.2,,3.0
2025-07-28,455180,5680.0,0.73,1.3,,-1.4
2025-07-29,455180,5520.0,0.92,-1.0,,1.1
2025-07-30,455180,5430.0,0.77,-2.3,,2.5
2025-07-31,455180,5320.0,0.43,0.4,,-0.4
2025-08-01,455180,5150.0,0.5,-0.3,0.2,0.0
2025-08-04,455180,5210.0,0.45,-0.3,,0.3
2025-08-05,455180,5470.0,0.4,2.4,,-2.4
2025-08-06,455180,5440.0,0.76,-0.8,,0.7
2025-08-07,455180,5410.0,0.65,-0.3,,0.3
2025-08-08,455180,5400.0,0.62,-0.4,,0.4
2025-08-11,455180,5360.0,0.56,-0.4,,0.3
2025-08-12,455180,5260.0,0.51,-0.3,,0.3
2025-08-13,455180,5270.0,0.46,0.1,,-0.1
2025-08-14,455180,5270.0,0.49,-0.2,,0.2
2025-08-18,455180,5280.0,0.45,0.8,-0.3,-0.8
2025-08-19,455180,5310.0,0.58,-1.2,,1.0
2025-08-20,455180,5220.0,0.4,0.2,,-0.1
2025-08-21,455180,5180.0,0.42,0.3,,-0.3
2025-08-22,455180,5170.0,0.48,0.5,,-0.5
2025-08-25,455180,5770.0,0.56,-3.5,-0.5,4.1
2025-08-26,455180,5710.0,0.13,10.6,,-10.6
2025-08-27,455180,5780.0,1.68,-1.6,0.1,1.7
2025-08-28,455180,5660.0,1.44,1.7,,-1.6
2025-08-29,455180,5620.0,1.67,1.2,,-1.2
2025-09-01,455180,5510.0,1.85,-1.2,,1.0
2025-09-02,455180,5650.0,1.67,0.9,,-0.7
2025-09-03,455180,5580.0,1.8,0.1,,-0.2
2025-09-04,455180,5710.0,1.82,0.4,0.0,-0.3
2025-09-05,455180,5660.0,1.87,0.9,,-0.9
2025-09-08,455180,5660.0,2.01,0.6,,-0.6
2025-09-09,455180,5570.0,2.09,-0.5,,1.0
2025-09-10,455180,5680.0,2.02,2.6,,-2.6
2025-09-11,455180,5640.0,2.39,0.3,,-0.3
2025-09-12,455180,5610.0,2.43,-0.6,,0.6
2025-09-15,455180,5430.0,2.35,-2.2,,2.2
2025-09-16,455180,5400.0,2.02,0.1,,-0.1
2025-09-17,455180,5440.0,2.03,0.4,,-0.4
2025-09-18,455180,5440.0,2.09,-0.6,,0.7
2025-09-19,455180,5510.0,2.0,0.4,,-0.4
2025-09-22,455180,5360.0,2.06,-0.4,,0.4
2025-09-23,455180,5540.0,2.0,1.0,,-1.0
2025-09-24,455180,5420.0,2.16,-0.5,,0.5
2025-09-25,455180,5380.0,2.08,0.8,,-0.9
2025-09-26,455180,5030.0,2.19,-1.4,,1.4
2025-09-29,455180,5060.0,1.97,-0.3,,0.3
2025-09-30,455180,4950.0,1.92,0.1,-0.2,-0.0
2025-10-01,455180,5000.0,1.94,-0.2,,0.2
2025-10-02,455180,4890.0,1.97,-0.5,,0.6
2025-10-10,455180,4880.0,1.89,-0.3,,0.3
2025-10-13,455180,5560.0,1.83,-10.6,0.0,10.4
2025-10-14,455180,5670.0,0.4,4.1,,-4.2
2025-10-15,455180,5900.0,0.97,-0.9,0.3,0.6
2025-10-16,455180,5830.0,0.88,-0.5,,0.5
2025-10-17,455180,5670.0,0.83,1.0,,-1.2
2025-10-20,455180,5660.0,0.99,1.1,,-1.2
2025-10-21,455180,5560.0,1.16,-0.5,,0.5
2025-10-22,455180,6150.0,1.1,9.0,-0.2,-9.3
2025-10-23,455180,5900.0,2.37,-6.0,,5.7
2025-10-24,455180,5950.0,1.47,3.5,,-2.7
2025-10-27,455180,5660.0,1.93,-2.7,,2.7
2025-10-28,455180,5580.0,1.55,-0.4,,0.4
2025-10-29,455180,5420.0,1.49,-1.9,,1.9
2025-10-30,455180,5320.0,1.22,-0.3,-0.2,0.5
2025-10-31,455180,5410.0,1.18,1.1,,-1.1
2025-11-03,455180,5540.0,1.34,0.1,,-0.0
2025-11-04,455180,5420.0,1.35,-0.3,,0.3
2025-11-05,455180,5220.0,1.31,0.5,,-0.4
2025-11-06,455180,5150.0,1.38,-1.3,,1.2
2025-11-07,455180,5160.0,1.2,-0.5,,0.5
2025-11-10,455180,5210.0,1.13,0.6,,-0.6
2025-11-11,455180,5100.0,1.22,-0.4,,0.4
2025-11-12,455180,5120.0,1.15,0.0,,-0.0
2025-11-13,455180,5130.0,1.16,1.3,,-1.3
2025-11-14,455180,4850.0,1.39,-1.2,,1.2
2025-11-17,455180,3870.0,1.2,0.2,,-0.2
2025-11-18,455180,3870.0,1.29,-0.0,,0.0
2025-11-19,455180,4195.0,1.29,6.0,0.0,-6.1
2025-11-20,455180,4090.0,2.38,-1.4,,1.4
2025-11-21,455180,3930.0,2.12,-0.1,,0.1
2025-11-24,455180,3855.0,2.1,0.2,,-0.2
2025-11-25,455180,4000.0,2.14,0.7,-0.0,-0.7
2025-11-26,455180,4010.0,2.28,-1.7,-0.0,1.8
2025-11-27,455180,4195.0,1.99,1.2,,-1.2
2025-11-28,455180,4370.0,2.21,-1.8,,1.8
2025-12-01,455180,4385.0,1.9,-1.4,,1.4
2025-12-02,455180,4500.0,1.79,-1.1,,1.1
2025-12-03,455180,4575.0,1.6,-0.5,,0.5
2025-12-04,455180,4510.0,1.51,-0.1,,0.1
2025-12-05,455180,4425.0,1.5,-1.0,,1.0
2025-12-08,455180,4375.0,1.31,0.2,,-0.2
2025-12-09,455180,4295.0,1.39,-0.1,,0.1
2025-12-10,455180,4400.0,1.4,-0.1,,0.1
2025-12-11,455180,4320.0,1.39,0.1,,-0.1
2025-12-12,455180,4375.0,1.41,-0.4,,0.1
2025-12-15,455180,4250.0,1.43,-0.3,,0.3
2025-12-16,455180,4025.0,1.37,0.2,,-0.2
2025-12-17,455180,3715.0,1.56,2.2,-5.9,4.6
2025-12-18,455180,3485.0,2.0,-0.6,-0.5,1.3
2025-12-19,455180,3740.0,1.86,1.4,-1.7,0.3
2025-12-22,455180,3625.0,2.14,-0.6,-1.3,1.8
2025-12-23,455180,3355.0,2.02,-0.2,0.0,0.1
2025-12-24,455180,3315.0,1.86,0.8,0.0,-0.8
2025-12-26,455180,3225.0,2.04,0.6,0.0,-0.4
2025-12-29,455180,3295.0,2.17,0.6,-0.1,-0.4
2025-12-30,455180,3180.0,2.29,-0.8,,0.8
2026-01-02,455180,3205.0,2.03,0.2,-0.2,-0.1
2026-01-05,455180,3330.0,2.08,-0.1,-0.6,0.7
2026-01-06,455180,3140.0,2.06,-1.1,-1.4,2.6
2026-01-07,455180,3245.0,1.81,1.6,-3.2,1.6
2026-01-08,455180,2995.0,2.17,-0.8,-1.2,2.0
2026-01-09,455180,3010.0,1.98,0.1,-0.7,0.5
2026-01-12,455180,3010.0,2.02,1.3,-3.4,2.1
2026-01-13,455180,3020.0,2.31,2.4,-3.3,1.0
2026-01-14,455180,2960.0,2.87,0.1,-0.4,0.3
2026-01-15,455180,3155.0,2.9,2.1,-4.5,2.4
2026-01-16,455180,3080.0,3.42,1.1,-2.1,1.0
2026-01-19,455180,3480.0,3.67,1.5,-3.0,1.5
2026-01-20,455180,3550.0,4.01,-0.6,-0.0,0.6
2026-01-21,455180,3765.0,3.9,0.2,-1.0,1.0
2026-01-22,455180,3720.0,3.94,-8.6,-2.1,10.4
2026-01-23,455180,3475.0,2.43,0.3,-0.2,-0.2
2026-01-26,455180,3840.0,2.5,-0.9,-2.6,3.5
2026-01-27,455180,3870.0,2.38,-6.8,-1.4,8.4
2026-01-28,455180,3810.0,1.14,0.1,-0.7,0.5
2026-01-29,455180,3730.0,1.17,1.9,0.0,-2.0
2026-01-30,455180,3640.0,1.54,-0.6,,0.6
2026-02-02,455180,3490.0,1.44,0.7,0.0,-0.7
2026-02-03,455180,3600.0,1.58,0.1,,-0.2
2026-02-04,455180,3540.0,1.6,1.2,,-1.4
2026-02-05,455180,3480.0,1.86,-0.6,,0.7
2026-02-06,455180,3325.0,1.73,0.6,,-0.6
2026-02-09,455180,3650.0,1.86,1.7,,-1.8
2026-02-10,455180,3585.0,2.2,-0.1,,0.1
2026-02-11,455180,3520.0,2.18,-0.5,0.0,0.5
2026-02-12,455180,3540.0,2.08,-0.4,,0.4
2026-02-13,455180,3370.0,2.0,-1.2,,1.2
2026-02-19,455180,3400.0,1.75,0.9,,-1.1
2026-02-20,455180,3295.0,1.95,-0.3,,-0.1
2026-02-23,455180,3225.0,1.89,0.2,,-0.3
2026-02-24,455180,3240.0,1.81,0.4,,-0.5
2026-02-25,455180,3265.0,1.9,-0.3,,0.4
2026-02-26,455180,3145.0,1.83,-0.9,,0.9
2026-02-27,455180,3115.0,1.62,-0.2,,0.0
2026-03-03,455180,3000.0,1.58,1.0,,-0.9
2026-03-04,455180,2500.0,1.81,0.4,0.3,-0.8
2026-03-05,455180,2860.0,1.93,0.6,,-0.7
2026-03-06,455180,2910.0,2.08,0.0,,-0.0
2026-03-09,455180,2770.0,2.09,-0.1,0.0,0.1
2026-03-10,455180,2800.0,2.06,-0.4,,0.5
2026-03-11,455180,2960.0,1.96,0.5,,-0.3
2026-03-12,455180,3015.0,2.24,0.1,0.0,0.1
2026-03-13,455180,3070.0,2.28,0.2,,0.0
2026-03-16,455180,3070.0,2.32,0.0,0.0,-0.0
2026-03-17,455180,3080.0,2.32,-0.1,0.0,0.1
2026-03-18,455180,3000.0,2.3,-0.2,0.0,0.1
2026-03-19,455180,2880.0,2.26,0.2,0.0,-0.3
2026-03-20,455180,2910.0,2.32,0.4,0.0,-0.4
2026-03-23,455180,2785.0,2.43,0.1,0.0,-0.1
2026-03-24,455180,2815.0,2.45,0.3,0.0,-0.3
2026-03-25,455180,2870.0,2.52,0.1,0.0,-0.1
2026-03-26,455180,2850.0,2.54,0.0,,-0.0
2026-03-27,455180,2995.0,2.55,0.1,0.0,-0.1
2026-03-30,455180,2950.0,2.57,-0.0,,0.0
2026-03-31,455180,2935.0,2.57,-0.1,,0.1
2026-04-01,455180,2950.0,2.55,0.0,,-0.0
2026-04-02,455180,2775.0,2.56,-0.4,0.0,0.3
2026-04-03,455180,2810.0,2.47,0.3,,-0.3
2026-04-06,455180,2830.0,2.54,-0.2,,0.1
2026-04-07,455180,2760.0,2.5,-0.1,,0.0
2026-04-08,455180,2840.0,2.48,0.3,,-0.2
2026-04-09,455180,2845.0,2.56,0.1,,-0.1
2026-04-10,455180,2875.0,2.58,0.1,,-0.2
2026-04-13,455180,2850.0,2.62,0.1,,-0.1
2026-04-14,455180,2950.0,2.64,0.3,,-0.3
2026-04-15,455180,2950.0,2.71,0.3,0.0,-0.5
2026-04-16,455180,3030.0,2.78,0.4,-0.0,-0.3
2026-04-17,455180,3040.0,2.89,0.0,,-0.0
2026-04-20,455180,3035.0,2.89,-0.1,,0.1
2026-04-21,455180,3125.0,2.87,-0.3,-0.2,0.5
2026-04-22,455180,3100.0,2.81,-0.4,-0.3,0.5
2026-04-23,455180,3030.0,2.73,-0.3,,0.3
2026-04-24,455180,3100.0,2.65,0.2,,-0.2
2026-04-27,455180,3150.0,2.69,-0.4,,0.4
2026-04-28,455180,3090.0,2.6,-0.4,,0.6
2026-04-29,455180,3115.0,2.5,-0.0,,0.1
2026-04-30,455180,3025.0,2.49,-0.3,,0.0
2026-05-04,455180,3060.0,2.43,-0.1,0.0,0.0
2026-05-06,455180,3070.0,2.42,0.1,0.0,-0.1
2026-05-07,455180,2945.0,2.45,-0.5,-0.0,0.6
2026-05-08,455180,2960.0,2.32,-0.1,0.0,0.1
2026-05-11,455180,2880.0,2.29,-0.4,-0.0,0.1
2026-05-12,455180,2700.0,2.21,-0.2,-0.0,0.1
2026-05-13,455180,2730.0,2.16,-0.0,0.0,0.0
2026-05-14,455180,2670.0,2.15,-0.1,-0.0,0.1
2026-05-15,455180,2580.0,2.14,-0.3,-0.0,0.3
2026-05-18,455180,2435.0,2.06,0.2,0.0,-0.2
2026-05-19,455180,2395.0,2.12,0.0,-0.0,0.0
2026-05-20,455180,2450.0,2.12,0.1,0.3,-0.4
2026-05-21,455180,2490.0,2.22,-0.4,-0.0,0.2
2026-05-22,455180,2490.0,2.1,-0.4,0.0,0.5
2026-05-26,455180,2325.0,1.98,-0.5,0.0,0.5
2026-05-27,455180,2195.0,1.84,0.8,0.3,-1.2
2026-05-28,455180,2055.0,2.1,0.7,-0.8,-0.2
2026-05-29,455180,1627.0,2.34,0.7,-1.2,0.6
2026-06-01,455180,1550.0,2.66,-0.2,0.0,0.3
2026-06-02,455180,1485.0,2.61,0.7,0.0,-0.7
2026-06-04,455180,1661.0,2.96,-0.0,0.0,-0.0
2026-06-05,455180,1879.0,2.96,0.0,-0.0,-0.2
2026-06-08,455180,1733.0,2.98,-0.5,0.0,0.5
2026-06-09,455180,1690.0,2.75,-0.3,0.0,0.2
2026-06-10,455180,1675.0,2.65,-0.0,0.0,0.1
2026-06-11,455180,1761.0,2.64,0.4,-0.1,0.0
2026-06-12,455180,1887.0,2.79,0.1,-0.5,0.4
2026-06-15,455180,1754.0,2.84,-0.5,0.0,0.5
2026-06-16,455180,1746.0,2.65,-0.0,-0.0,0.0
2026-06-17,455180,1745.0,2.65,-0.1,-0.2,0.1
2026-06-18,455180,1715.0,2.62,-0.2,-0.0,0.2
2026-06-19,455180,1691.0,2.55,-0.2,-0.0,0.2
2026-06-22,455180,1708.0,2.47,0.0,-0.5,0.5
2026-06-23,455180,1669.0,2.48,0.4,-2.1,1.8
2026-06-24,455180,1700.0,2.63,-0.2,-0.0,0.2
2026-06-25,455180,1500.0,2.54,-0.1,0.0,0.0
2026-06-26,455180,1303.0,2.5,0.1,-0.7,0.6
2026-06-29,455180,1376.0,2.58,0.2,,-0.2
2026-06-30,455180,1392.0,2.66,-0.1,,0.1
2026-07-01,455180,1274.0,2.63,0.0,-0.2,0.2
2026-07-02,455180,1341.0,2.63,-0.1,0.0,0.1
2026-07-03,455180,1715.0,2.59,-0.4,-0.0,0.3
2026-07-06,455180,1508.0,2.45,-0.2,-0.0,0.2
2026-07-07,455180,1315.0,2.35,-0.2,0.0,0.2
2026-07-08,455180,1347.0,2.24,-0.0,-0.0,0.0
2026-07-09,455180,1369.0,2.24,-0.1,0.0,0.1
2026-07-10,455180,1409.0,2.19,0.1,-0.0,-0.1
2026-07-13,455180,1369.0,2.22,0.0,0.0,-0.0
2025-07-14,455250,2115.0,0.65,0.0,0.0,-0.0
2025-07-15,455250,2115.0,0.65,0.0,-0.0,0.0
2025-07-16,455250,2110.0,0.65,-0.0,-0.4,0.4
2025-07-17,455250,2115.0,0.65,-0.0,-0.0,0.0
2025-07-18,455250,2120.0,0.65,0.0,-0.0,0.0
2025-07-21,455250,2125.0,0.65,0.0,0.0,-0.0
2025-07-22,455250,2125.0,0.65,0.0,-0.0,0.0
2025-07-23,455250,2140.0,0.65,-0.0,0.0,-0.0
2025-07-24,455250,2145.0,0.65,-0.0,0.1,-0.1
2025-07-25,455250,2145.0,0.65,0.0,0.0,0.0
2025-07-28,455250,2140.0,0.65,-0.0,0.0,-0.0
2025-07-29,455250,2130.0,0.65,-0.0,0.0,0.0
2025-07-30,455250,2125.0,0.65,-0.0,-0.1,0.1
2025-07-31,455250,2125.0,0.65,0.0,0.0,-0.0
2025-08-01,455250,2130.0,0.65,0.0,0.0,-0.0
2025-08-04,455250,2115.0,0.65,0.0,0.0,-0.0
2025-08-05,455250,2110.0,0.65,-0.0,-0.2,0.2
2025-08-06,455250,2110.0,0.65,0.0,0.0,-0.0
2025-08-07,455250,2105.0,0.65,0.0,0.0,-0.0
2025-08-08,455250,2110.0,0.65,-0.0,0.0,0.0
2025-08-11,455250,2105.0,0.65,-0.0,0.1,-0.0
2025-08-12,455250,2110.0,0.65,-0.0,0.2,-0.2
2025-08-13,455250,2115.0,0.64,0.0,0.0,-0.0
2025-08-14,455250,2115.0,0.65,-0.0,0.0,0.0
2025-08-18,455250,2115.0,0.65,0.0,0.1,-0.1
2025-08-19,455250,2105.0,0.65,-0.0,0.0,-0.0
2025-08-20,455250,2105.0,0.64,,0.0,0.0
2025-08-21,455250,2110.0,0.64,,0.0,0.0
2025-08-22,455250,2110.0,0.64,-0.0,-0.1,0.1
2025-08-25,455250,2100.0,0.64,-0.0,-0.0,0.0
2025-08-26,455250,2090.0,0.64,-0.0,0.1,0.1
2025-08-27,455250,2085.0,0.64,-0.0,-0.5,0.5
2025-08-28,455250,2095.0,0.64,,0.0,-0.0
2025-08-29,455250,2095.0,0.64,0.0,-0.0,0.0
2025-09-01,455250,2085.0,0.65,-0.0,0.1,-0.1
2025-09-02,455250,2090.0,0.64,-0.0,0.0,-0.0
2025-09-03,455250,2105.0,0.64,0.0,-0.0,0.0
2025-09-04,455250,2095.0,0.64,-0.0,-0.0,0.0
2025-09-05,455250,2100.0,0.64,,0.2,-0.3
2025-09-08,455250,2100.0,0.64,0.0,-0.0,0.0
2025-09-09,455250,2095.0,0.64,,-0.0,0.0
2025-09-10,455250,2095.0,0.64,0.0,-0.0,0.0
2025-09-11,455250,2090.0,0.65,0.0,0.0,-0.0
2025-09-12,455250,2090.0,0.65,-0.0,-0.4,0.4
2025-09-15,455250,2105.0,0.64,-0.0,0.0,0.0
2025-09-16,455250,2100.0,0.64,0.0,0.0,0.0
2025-09-17,455250,2100.0,0.64,0.0,0.0,-0.0
2025-09-18,455250,2105.0,0.64,0.0,0.0,-0.0
2025-09-19,455250,2100.0,0.64,0.0,-0.0,-0.0
2025-09-22,455250,2090.0,0.64,0.0,0.0,0.0
2025-09-23,455250,2095.0,0.64,0.1,0.0,-0.1
2025-09-24,455250,2090.0,0.7,0.0,0.0,-0.0
2025-09-25,455250,2090.0,0.72,0.0,0.0,-0.0
2025-09-26,455250,2095.0,0.72,-0.0,0.0,0.0
2025-09-29,455250,2100.0,0.72,0.0,0.0,0.0
2025-09-30,455250,2100.0,0.72,0.0,0.0,-0.0
2025-10-01,455250,2100.0,0.72,-0.0,-0.0,0.0
2025-10-02,455250,2090.0,0.72,0.0,0.3,-0.3
2025-10-10,455250,2090.0,0.72,-0.0,0.2,-0.2
2025-10-13,455250,2090.0,0.72,0.0,0.2,-0.2
2025-10-14,455250,2095.0,0.72,0.0,0.0,0.0
2025-10-15,455250,2095.0,0.72,0.0,0.2,-0.2
2025-10-16,455250,2090.0,0.72,0.0,0.1,-0.1
2025-10-17,455250,2095.0,0.72,-0.0,0.2,-0.2
2025-10-20,455250,2105.0,0.72,0.0,0.0,-0.0
2025-10-21,455250,2105.0,0.72,0.0,0.1,-0.1
2025-10-22,455250,2100.0,0.72,0.0,0.0,0.0
2025-10-23,455250,2100.0,0.72,0.0,0.0,0.0
2025-10-24,455250,2100.0,0.72,0.0,0.0,-0.0
2025-10-27,455250,2100.0,0.72,0.0,0.0,0.0
2025-10-28,455250,2100.0,0.72,0.0,0.2,-0.2
2025-10-29,455250,2100.0,0.72,0.0,0.0,0.0
2025-10-30,455250,2100.0,0.72,0.0,-0.0,0.0
2025-10-31,455250,2100.0,0.72,0.0,0.1,-0.1
2025-11-03,455250,2100.0,0.72,0.0,0.0,-0.0
2025-11-04,455250,2090.0,0.72,0.0,0.3,-0.3
2025-11-05,455250,2095.0,0.72,-0.0,0.0,0.0
2025-11-06,455250,2095.0,0.72,0.0,-0.4,0.4
2025-11-07,455250,2100.0,0.72,-0.0,0.1,-0.1
2025-11-10,455250,2100.0,0.72,-0.0,,0.0
2025-11-11,455250,2100.0,0.72,-0.0,0.0,0.0
2025-11-12,455250,2095.0,0.72,0.0,,-0.0
2025-11-13,455250,2100.0,0.73,0.0,,0.0
2025-11-14,455250,2100.0,0.73,0.0,0.0,-0.0
2025-11-17,455250,2100.0,0.73,-0.0,,0.0
2025-11-18,455250,2105.0,0.73,-0.0,0.1,-0.1
2025-11-19,455250,2110.0,0.73,-0.0,0.1,-0.1
2025-11-20,455250,2110.0,0.73,0.0,0.1,-0.1
2025-11-21,455250,2110.0,0.73,0.0,,-0.0
2025-11-24,455250,2105.0,0.73,0.0,,0.0
2025-11-25,455250,2110.0,0.73,0.0,0.0,0.0
2025-11-26,455250,2110.0,0.73,0.0,0.1,-0.1
2025-11-27,455250,2105.0,0.73,0.0,0.0,0.0
2025-11-28,455250,2105.0,0.73,0.0,-0.1,0.1
2025-12-01,455250,2105.0,0.73,0.0,0.0,0.0
2025-12-02,455250,2105.0,0.73,0.0,0.2,-0.2
2025-12-03,455250,2105.0,0.73,-0.0,0.5,-0.6
2025-12-04,455250,2105.0,0.73,0.0,0.2,-0.2
2025-12-05,455250,2105.0,0.73,0.0,0.0,0.0
2025-12-08,455250,2100.0,0.73,0.1,0.1,-0.2
2025-12-09,455250,2095.0,0.83,-0.0,0.1,-0.1
2025-12-10,455250,2095.0,0.8,-0.0,-0.8,0.7
2025-12-11,455250,2105.0,0.8,-0.1,-0.0,-0.1
2025-12-12,455250,2105.0,0.74,,0.0,0.0
2025-12-15,455250,2095.0,0.74,0.0,0.0,-0.0
2025-12-16,455250,2095.0,0.75,0.0,0.7,-1.1
2025-12-17,455250,2090.0,0.81,-0.0,-0.0,-0.2
2025-12-18,455250,2090.0,0.8,0.0,0.1,-0.1
2025-12-19,455250,2095.0,0.8,0.0,-1.2,1.2
2025-12-22,455250,2100.0,0.8,0.0,-0.1,0.2
2025-12-23,455250,2100.0,0.8,0.0,0.0,0.0
2025-12-24,455250,2100.0,0.8,0.0,0.1,-0.1
2025-12-26,455250,2100.0,0.8,0.0,0.0,0.0
2025-12-29,455250,2100.0,0.8,0.0,0.1,-0.1
2025-12-30,455250,2100.0,0.8,0.0,-0.3,0.3
2026-01-02,455250,2100.0,0.8,0.0,-0.1,0.1
2026-01-05,455250,2095.0,0.8,0.0,-0.7,0.7
2026-01-06,455250,2100.0,0.8,0.0,0.0,0.0
2026-01-07,455250,2105.0,0.8,0.0,-0.9,-0.8
2026-01-08,455250,2105.0,0.8,0.0,0.0,0.0
2026-01-09,455250,2105.0,0.8,-0.1,-0.6,-0.6
2026-01-12,455250,2105.0,0.65,0.0,,0.0
2026-01-13,455250,2100.0,0.65,,0.4,-0.4
2026-01-14,455250,2105.0,0.65,,0.0,0.0
2026-01-15,455250,2105.0,0.65,0.0,0.0,-0.0
2026-01-16,455250,2105.0,0.65,,,
2026-01-19,455250,2100.0,0.65,-0.0,-0.4,-0.1
2026-01-20,455250,2100.0,0.65,,0.4,-0.4
2026-01-21,455250,2105.0,0.65,-0.0,0.6,0.1
2026-01-22,455250,2110.0,0.64,,0.6,-0.7
2026-01-23,455250,2110.0,0.64,0.0,0.0,-0.0
2026-01-26,455250,2110.0,0.64,0.0,0.0,-0.1
2026-01-27,455250,2115.0,0.64,-0.0,-0.0,0.0
2026-01-30,455250,,,,,
2026-02-27,455250,,,,,
2026-03-31,455250,,,,,
2026-04-30,455250,,,,,
2026-05-29,455250,,,,,
2026-06-30,455250,,,,,
2026-07-13,455250,,,,,
2025-07-14,455310,2045.0,0.04,0.0,0.0,0.0
2025-07-15,455310,2045.0,0.04,-0.0,0.0,-0.0
2025-07-16,455310,2055.0,0.04,0.0,0.1,-0.0
2025-07-17,455310,2050.0,0.04,-0.0,0.0,0.0
2025-07-18,455310,2055.0,0.04,0.0,0.1,-0.1
2025-07-21,455310,2050.0,0.04,-0.0,0.1,0.1
2025-07-22,455310,2040.0,0.03,0.0,0.1,-0.1
2025-07-23,455310,2045.0,0.03,-0.0,0.0,0.0
2025-07-24,455310,2050.0,0.03,-0.0,0.0,0.0
2025-07-25,455310,2050.0,0.03,-0.0,0.0,0.0
2025-07-28,455310,2050.0,0.02,-0.0,0.0,0.0
2025-07-29,455310,2055.0,0.02,-0.0,0.0,0.0
2025-07-30,455310,2050.0,0.02,-0.0,0.0,0.0
2025-07-31,455310,2050.0,0.02,-0.0,0.0,-0.0
2025-08-01,455310,2045.0,0.02,-0.0,0.0,-0.0
2025-08-04,455310,2045.0,0.02,,0.0,-0.0
2025-08-05,455310,2047.0,0.02,0.0,0.0,0.0
2025-08-06,455310,2045.0,0.02,0.0,-0.0,0.0
2025-08-07,455310,2045.0,0.02,-0.0,-0.0,0.0
2025-08-08,455310,2045.0,0.02,0.0,0.0,-0.0
2025-08-11,455310,2045.0,0.02,0.0,0.1,-0.1
2025-08-12,455310,2045.0,0.02,0.0,0.1,-0.1
2025-08-13,455310,2045.0,0.02,0.0,0.0,-0.0
2025-08-14,455310,2050.0,0.02,-0.0,0.0,0.0
2025-08-18,455310,2050.0,0.02,-0.0,0.0,0.0
2025-08-19,455310,2040.0,0.02,-0.0,0.0,0.0
2025-08-20,455310,2045.0,0.02,-0.0,-0.0,0.0
2025-08-21,455310,2045.0,0.02,-0.0,0.0,0.0
2025-08-22,455310,2050.0,0.02,-0.0,0.0,0.0
2025-08-25,455310,2050.0,0.02,0.0,0.0,-0.0
2025-08-26,455310,2047.0,0.02,0.0,0.0,0.0
2025-08-27,455310,2045.0,0.02,-0.0,0.0,0.0
2025-08-28,455310,2045.0,0.02,0.0,0.0,0.0
2025-08-29,455310,2045.0,0.02,,0.0,0.0
2025-09-01,455310,2045.0,0.02,0.0,0.0,0.0
2025-09-02,455310,2055.0,0.02,-0.0,0.0,0.0
2025-09-03,455310,2050.0,0.02,0.0,0.0,0.0
2025-09-04,455310,2055.0,0.02,-0.0,0.0,0.0
2025-09-05,455310,2045.0,0.02,,0.0,-0.0
2025-09-08,455310,2055.0,0.02,-0.0,0.0,0.0
2025-09-09,455310,2060.0,0.02,0.0,0.0,-0.0
2025-09-10,455310,2060.0,0.02,-0.0,0.0,0.0
2025-09-11,455310,2065.0,0.02,0.0,0.0,0.0
2025-09-12,455310,2065.0,0.02,0.0,0.0,-0.0
2025-09-15,455310,2070.0,0.02,0.0,0.0,-0.0
2025-09-16,455310,2065.0,0.05,-0.0,0.0,0.0
2025-09-17,455310,2070.0,0.04,0.0,0.0,-0.0
2025-09-18,455310,2070.0,0.05,0.0,0.6,-0.6
2025-09-19,455310,2065.0,0.05,0.0,-0.0,-0.0
2025-09-22,455310,2065.0,0.08,0.0,0.0,-0.0
2025-09-23,455310,2070.0,0.08,0.0,0.1,-0.1
2025-09-24,455310,2070.0,0.08,0.0,0.0,-0.0
2025-09-25,455310,2070.0,0.09,0.0,0.2,-0.2
2025-09-26,455310,2070.0,0.1,-0.0,-0.0,0.0
2025-09-29,455310,2070.0,0.1,-0.0,-0.0,0.0
2025-09-30,455310,2070.0,0.1,-0.0,-0.0,0.0
2025-10-01,455310,2070.0,0.1,-0.0,-0.0,0.0
2025-10-02,455310,2070.0,0.1,0.0,0.0,-0.0
2025-10-10,455310,2070.0,0.1,-0.0,0.2,-0.2
2025-10-13,455310,2070.0,0.1,-0.0,0.2,-0.2
2025-10-14,455310,2075.0,0.1,0.0,0.0,-0.0
2025-10-15,455310,2075.0,0.1,0.0,0.0,-0.0
2025-10-16,455310,2075.0,0.1,-0.0,0.4,-0.4
2025-10-17,455310,2075.0,0.1,0.0,0.0,0.0
2025-10-20,455310,2075.0,0.1,-0.0,-0.0,0.0
2025-10-21,455310,2075.0,0.1,0.0,-0.2,0.2
2025-10-22,455310,2080.0,0.1,-0.0,0.0,-0.0
2025-10-23,455310,2075.0,0.1,-0.0,0.0,-0.0
2025-10-24,455310,2075.0,0.1,-0.0,-0.0,0.0
2025-10-27,455310,2080.0,0.1,-0.0,0.4,-0.4
2025-10-28,455310,2080.0,0.1,0.0,0.1,-0.1
2025-10-29,455310,2085.0,0.1,0.0,0.0,0.0
2025-10-30,455310,2085.0,0.1,0.0,0.0,-0.0
2025-10-31,455310,2085.0,0.1,0.0,0.0,-0.0
2025-11-03,455310,2075.0,0.1,0.0,0.1,-0.1
2025-11-04,455310,2080.0,0.1,0.0,0.1,-0.1
2025-11-05,455310,2080.0,0.1,0.0,0.2,-0.2
2025-11-06,455310,2080.0,0.1,0.0,0.0,-0.0
2025-11-07,455310,2080.0,0.1,-0.0,0.0,0.0
2025-11-10,455310,2075.0,0.1,-0.0,0.0,0.0
2025-11-11,455310,2080.0,0.1,-0.0,0.0,0.0
2025-11-12,455310,2080.0,0.1,0.0,0.0,0.0
2025-11-13,455310,2080.0,0.1,-0.0,0.0,0.0
2025-11-14,455310,2080.0,0.1,-0.0,0.0,0.0
2025-11-17,455310,2080.0,0.1,-0.0,0.0,0.0
2025-11-18,455310,2080.0,0.09,-0.0,0.3,-0.1
2025-11-19,455310,2075.0,0.09,-0.0,0.0,0.0
2025-11-20,455310,2080.0,0.09,-0.0,0.0,0.0
2025-11-21,455310,2080.0,0.09,0.0,0.0,-0.0
2025-11-24,455310,2085.0,0.09,-0.0,0.0,0.0
2025-11-25,455310,2085.0,0.09,0.0,0.0,0.0
2025-11-26,455310,2090.0,0.09,0.0,0.0,-0.0
2025-11-27,455310,2090.0,0.09,0.0,0.0,-0.0
2025-11-28,455310,2090.0,0.09,0.0,0.0,0.0
2025-12-01,455310,2090.0,0.09,0.0,0.0,0.0
2025-12-02,455310,2085.0,0.09,0.0,0.0,0.0
2025-12-03,455310,2090.0,0.09,0.0,0.1,-0.1
2025-12-04,455310,2090.0,0.09,-0.0,0.0,0.0
2025-12-05,455310,2090.0,0.09,-0.0,0.0,0.0
2025-12-08,455310,2090.0,0.09,-0.0,0.0,0.0
2025-12-09,455310,2085.0,0.09,0.0,0.0,-0.0
2025-12-10,455310,2085.0,0.09,0.0,0.0,-0.0
2025-12-11,455310,2085.0,0.09,0.0,0.2,-0.2
2025-12-12,455310,2085.0,0.11,,0.4,-0.4
2025-12-15,455310,2085.0,0.11,0.0,0.0,-0.0
2025-12-16,455310,2075.0,0.13,0.0,-0.0,-0.0
2025-12-17,455310,2070.0,0.17,0.0,0.0,0.0
2025-12-18,455310,2075.0,0.17,0.0,0.0,-0.0
2025-12-19,455310,2075.0,0.17,0.0,0.0,0.0
2025-12-22,455310,2077.0,0.17,0.0,0.0,0.0
2025-12-23,455310,2072.0,0.17,-0.0,0.0,-0.0
2025-12-24,455310,2075.0,0.17,0.0,0.0,0.0
2025-12-26,455310,2080.0,0.17,0.0,0.0,0.0
2025-12-29,455310,2080.0,0.17,0.0,0.0,0.0
2025-12-30,455310,2085.0,0.17,0.0,0.0,0.0
2026-01-02,455310,2085.0,0.17,0.0,0.0,0.0
2026-01-05,455310,2085.0,0.17,0.0,-0.2,0.2
2026-01-06,455310,2080.0,0.17,0.0,0.0,0.0
2026-01-07,455310,2080.0,0.17,0.0,-0.0,0.0
2026-01-08,455310,2080.0,0.17,0.0,0.1,-0.1
2026-01-09,455310,2085.0,0.18,0.0,-0.0,0.0
2026-01-12,455310,2085.0,0.18,0.0,0.0,-0.0
2026-01-13,455310,2080.0,0.19,0.0,0.0,-0.0
2026-01-14,455310,2080.0,0.19,0.0,-0.5,0.5
2026-01-15,455310,2080.0,0.19,0.0,0.0,-0.0
2026-01-16,455310,2085.0,0.19,0.0,0.0,-0.0
2026-01-19,455310,2085.0,0.19,0.0,0.0,-0.0
2026-01-20,455310,2080.0,0.19,-0.0,0.0,0.0
2026-01-21,455310,2080.0,0.19,0.0,0.0,0.0
2026-01-22,455310,2085.0,0.19,0.0,0.0,0.0
2026-01-23,455310,2085.0,0.19,-0.0,0.0,0.0
2026-01-26,455310,2090.0,0.19,0.0,0.0,-0.0
2026-01-27,455310,2085.0,0.23,0.0,0.0,0.0
2026-01-28,455310,2085.0,0.23,0.0,-1.3,1.3
2026-01-29,455310,2092.0,0.23,0.1,0.0,-0.1
2026-01-30,455310,2090.0,0.33,-0.1,0.4,-0.3
2026-02-02,455310,2090.0,0.26,-0.0,0.0,-0.0
2026-02-03,455310,2100.0,0.24,-0.0,0.0,0.0
2026-02-04,455310,2102.0,0.24,-0.0,0.1,-0.1
2026-02-05,455310,2105.0,0.23,-0.0,0.2,-0.2
2026-02-06,455310,2110.0,0.21,-0.0,0.0,-0.1
2026-02-09,455310,2105.0,0.21,-0.0,0.4,-0.4
2026-02-10,455310,2110.0,0.19,0.0,0.0,-0.0
2026-02-11,455310,2110.0,0.19,0.0,-2.3,0.5
2026-02-12,455310,2110.0,0.19,0.0,-0.1,-0.1
2026-02-13,455310,2110.0,0.2,-0.0,0.0,-0.2
2026-02-19,455310,2115.0,0.19,0.0,0.0,-0.0
2026-02-20,455310,2112.0,0.19,0.0,0.1,-0.1
2026-02-23,455310,2105.0,0.19,0.1,0.0,-0.1
2026-02-24,455310,2110.0,0.26,-0.1,0.0,0.1
2026-02-25,455310,2105.0,0.19,-0.0,-0.1,0.1
2026-02-26,455310,2105.0,0.19,-0.0,-0.0,0.0
2026-02-27,455310,2105.0,0.19,-0.0,0.1,-0.1
2026-03-03,455310,2100.0,0.19,-0.0,0.1,-0.1
2026-03-04,455310,2095.0,0.19,-0.0,-0.6,0.2
2026-03-05,455310,2100.0,0.19,-0.0,0.0,0.0
2026-03-06,455310,2095.0,0.19,0.0,-1.1,1.0
2026-03-09,455310,2095.0,0.19,-0.0,0.0,0.1
2026-03-10,455310,2100.0,0.19,0.0,0.0,-0.0
2026-03-11,455310,2100.0,0.19,-0.0,0.0,0.0
2026-03-12,455310,2100.0,0.19,-0.0,-0.2,0.2
2026-03-13,455310,2095.0,0.19,0.0,0.1,-0.1
2026-03-16,455310,2100.0,0.19,-0.0,0.2,-0.2
2026-03-17,455310,2100.0,0.19,-0.0,0.0,-0.3
2026-03-18,455310,2100.0,0.19,-0.0,0.0,-0.1
2026-03-19,455310,2102.0,0.19,0.0,0.0,-1.3
2026-03-20,455310,2100.0,0.19,-0.0,-0.5,0.5
2026-03-23,455310,2100.0,0.18,-0.0,-0.4,0.4
2026-03-24,455310,2100.0,0.18,-0.0,-0.2,0.2
2026-03-25,455310,2100.0,0.18,-0.0,0.0,-0.5
2026-03-26,455310,2100.0,0.18,-0.0,0.3,-0.3
2026-03-27,455310,2100.0,0.18,-0.0,-0.0,0.0
2026-03-30,455310,2100.0,0.18,0.0,0.0,-0.0
2026-03-31,455310,2095.0,0.18,-0.0,-0.4,1.4
2026-04-01,455310,2097.0,0.18,-0.2,0.0,0.2
2026-04-02,455310,2100.0,0.01,0.0,0.1,-0.1
2026-04-03,455310,2100.0,0.01,,,
2026-04-06,455310,2095.0,0.01,-0.0,-0.6,0.5
2026-04-07,455310,2100.0,0.01,,0.0,0.8
2026-04-08,455310,2100.0,0.01,,-0.2,0.2
2026-04-09,455310,2100.0,0.01,,0.0,0.0
2026-04-10,455310,2100.0,0.01,,0.0,0.0
2026-04-13,455310,2100.0,0.01,,-0.0,0.0
2026-04-14,455310,2100.0,0.01,-0.0,0.1,-0.1
2026-04-30,455310,,,,,
2026-05-29,455310,,,,,
2026-06-30,455310,,,,,
2026-07-13,455310,,,,,
2025-07-14,455900,22950.0,2.92,-1.7,0.0,1.7
2025-07-15,455900,23600.0,2.85,1.1,1.5,-2.6
2025-07-16,455900,23250.0,2.85,-1.4,0.1,1.3
2025-07-17,455900,24450.0,2.79,-4.9,0.3,5.6
2025-07-18,455900,24300.0,2.64,2.0,-0.0,-2.0
2025-07-21,455900,24250.0,2.72,0.8,-2.0,1.0
2025-07-22,455900,23550.0,2.74,-2.7,-1.2,3.5
2025-07-23,455900,23350.0,2.67,0.3,-3.0,2.7
2025-07-24,455900,23300.0,2.68,1.2,-2.7,0.9
2025-07-25,455900,23150.0,2.7,-0.8,-2.0,2.8
2025-07-28,455900,22950.0,2.68,1.3,-2.8,1.4
2025-07-29,455900,23000.0,2.72,-0.4,-2.0,2.4
2025-07-30,455900,23050.0,2.7,1.0,-2.1,1.1
2025-07-31,455900,22950.0,2.76,-1.5,-2.8,4.3
2025-08-01,455900,22050.0,2.71,-4.3,-1.1,5.2
2025-08-04,455900,21850.0,2.59,0.2,0.2,-0.3
2025-08-05,455900,22300.0,2.6,1.1,0.3,-1.4
2025-08-06,455900,22450.0,2.63,0.2,0.2,-0.5
2025-08-07,455900,22600.0,2.64,0.5,0.6,-1.1
2025-08-08,455900,22550.0,2.65,0.4,-0.3,-0.0
2025-08-11,455900,22650.0,2.66,0.5,0.1,-1.0
2025-08-12,455900,22750.0,2.69,-0.6,0.4,0.1
2025-08-13,455900,22650.0,2.66,-0.4,0.9,-0.6
2025-08-14,455900,22450.0,2.66,-0.3,0.7,-0.1
2025-08-18,455900,22000.0,2.65,-1.1,0.4,1.1
2025-08-19,455900,21700.0,2.64,-1.1,1.1,-0.1
2025-08-20,455900,21050.0,2.59,-1.0,0.3,0.6
2025-08-21,455900,20800.0,2.55,-1.0,-0.5,1.4
2025-08-22,455900,20950.0,2.52,1.0,-0.0,-1.0
2025-08-25,455900,22150.0,2.55,2.9,-0.6,-1.7
2025-08-26,455900,22100.0,2.64,2.1,-5.6,3.4
2025-08-27,455900,22150.0,2.7,-0.2,0.6,-0.4
2025-08-28,455900,21950.0,2.71,-2.1,0.7,1.2
2025-08-29,455900,21200.0,2.63,0.8,0.0,-0.8
2025-09-01,455900,20750.0,2.64,-1.2,0.3,0.9
2025-09-02,455900,21800.0,2.57,3.2,0.3,-3.4
2025-09-03,455900,21600.0,2.82,-0.9,0.1,0.8
2025-09-04,455900,21800.0,2.79,-0.2,0.2,0.0
2025-09-05,455900,21900.0,2.78,0.8,0.1,-1.0
2025-09-08,455900,21750.0,2.84,-1.0,-0.8,1.8
2025-09-09,455900,21600.0,2.83,0.8,-0.1,-0.5
2025-09-10,455900,21950.0,2.82,-0.2,0.0,0.0
2025-09-11,455900,21900.0,2.78,-0.1,-0.6,0.7
2025-09-12,455900,22200.0,2.77,6.5,-9.1,2.4
2025-09-15,455900,22950.0,2.99,-1.9,-5.1,7.1
2025-09-16,455900,23750.0,2.94,-16.6,-3.6,18.3
2025-09-17,455900,23250.0,2.41,-3.1,-4.8,7.7
2025-09-18,455900,24750.0,2.33,7.8,-2.6,-2.5
2025-09-19,455900,25450.0,2.66,-6.6,-0.6,8.8
2025-09-22,455900,26700.0,2.43,-6.0,-6.3,12.6
2025-09-23,455900,25800.0,2.29,-1.7,-10.8,12.3
2025-09-24,455900,24600.0,2.24,2.7,-4.7,1.8
2025-09-25,455900,24100.0,2.34,-2.4,-5.5,7.5
2025-09-26,455900,24200.0,2.25,-0.9,-0.2,1.8
2025-09-29,455900,24950.0,2.25,-3.2,-3.2,6.1
2025-09-30,455900,25000.0,2.14,-0.4,-2.3,2.5
2025-10-01,455900,24400.0,2.13,0.7,0.1,-1.0
2025-10-02,455900,23900.0,2.17,1.9,0.6,-2.5
2025-10-10,455900,26400.0,2.29,32.1,-8.4,-23.4
2025-10-13,455900,26650.0,3.16,-4.2,-1.8,5.9
2025-10-14,455900,25650.0,3.01,-3.4,-1.6,42.8
2025-10-15,455900,30500.0,2.81,5.1,5.3,-7.0
2025-10-16,455900,32100.0,2.97,9.5,-4.0,-4.8
2025-10-17,455900,30250.0,3.16,-2.3,1.9,1.2
2025-10-20,455900,31700.0,3.4,-26.2,0.9,24.8
2025-10-21,455900,31100.0,2.74,-8.0,0.6,7.4
2025-10-22,455900,31050.0,2.58,-1.4,1.6,-0.2
2025-10-23,455900,29950.0,2.59,-6.4,2.1,3.9
2025-10-24,455900,30350.0,2.44,-1.3,0.5,0.7
2025-10-27,455900,30300.0,2.48,3.7,-0.7,-2.9
2025-10-28,455900,29900.0,2.6,-6.7,-0.4,6.8
2025-10-29,455900,29450.0,2.42,1.8,0.9,-2.7
2025-10-30,455900,29400.0,2.47,6.8,0.5,-7.8
2025-10-31,455900,31050.0,2.66,-14.6,2.7,13.3
2025-11-03,455900,33650.0,2.29,21.1,7.8,-28.1
2025-11-04,455900,32800.0,2.83,0.8,3.5,-5.0
2025-11-05,455900,30100.0,2.8,-11.8,-2.1,13.7
2025-11-06,455900,28700.0,2.62,0.6,2.0,-2.8
2025-11-07,455900,27750.0,2.58,-0.0,1.0,-1.1
2025-11-10,455900,28400.0,2.52,-1.2,0.5,0.6
2025-11-11,455900,28350.0,2.43,-2.7,0.9,3.6
2025-11-12,455900,28950.0,2.39,-0.7,0.9,-0.3
2025-11-13,455900,29350.0,2.4,-0.1,1.4,-1.3
2025-11-14,455900,27550.0,2.38,-5.9,0.6,4.7
2025-11-17,455900,27250.0,2.23,0.5,0.8,-1.3
2025-11-18,455900,25800.0,2.28,5.7,0.2,-6.2
2025-11-19,455900,27750.0,2.45,-18.4,0.7,18.3
2025-11-20,455900,28250.0,1.97,0.1,0.2,-0.2
2025-11-21,455900,29700.0,1.97,3.3,-0.1,-4.1
2025-11-24,455900,28900.0,2.02,-3.1,-0.2,3.1
2025-11-25,455900,28000.0,1.95,-2.7,0.1,2.2
2025-11-26,455900,28250.0,1.88,2.0,0.5,-2.8
2025-11-27,455900,29200.0,1.94,6.5,0.9,-8.0
2025-11-28,455900,31200.0,2.16,9.2,0.4,-10.2
2025-12-01,455900,30000.0,2.32,4.0,1.7,-5.5
2025-12-02,455900,31300.0,2.22,3.3,0.8,-3.8
2025-12-03,455900,32400.0,2.44,-4.6,-0.2,4.0
2025-12-04,455900,32300.0,2.17,2.5,-0.2,-3.1
2025-12-05,455900,31250.0,2.33,-5.6,-0.7,6.5
2025-12-08,455900,31800.0,2.16,3.9,0.2,-3.0
2025-12-09,455900,31600.0,2.28,7.5,0.0,-7.0
2025-12-10,455900,31300.0,2.45,-0.1,0.0,-0.5
2025-12-11,455900,31250.0,2.45,5.3,1.2,-6.5
2025-12-12,455900,32850.0,2.54,27.9,-0.9,-26.7
2025-12-15,455900,32600.0,3.44,-16.5,1.3,17.0
2025-12-16,455900,31100.0,2.86,-10.2,-0.2,11.5
2025-12-17,455900,30050.0,2.59,-3.4,-1.4,4.4
2025-12-18,455900,30050.0,2.48,1.3,0.2,-1.2
2025-12-19,455900,30600.0,2.54,2.5,0.5,-2.8
2025-12-22,455900,32100.0,2.67,42.3,0.5,-42.7
2025-12-23,455900,30950.0,4.01,-10.0,0.1,9.1
2025-12-24,455900,30050.0,3.52,-10.2,0.7,9.4
2025-12-26,455900,30400.0,3.12,-3.6,0.5,2.9
2025-12-29,455900,32750.0,3.0,75.7,-0.4,-74.6
2025-12-30,455900,30650.0,5.24,-55.9,1.5,54.1
2026-01-02,455900,31300.0,3.5,0.2,1.9,-1.9
2026-01-05,455900,31350.0,3.44,1.5,1.6,-2.6
2026-01-06,455900,30500.0,3.45,-15.2,17.2,-1.4
2026-01-07,455900,30300.0,2.95,-7.9,9.8,-2.4
2026-01-08,455900,29300.0,2.74,-9.0,7.0,1.9
2026-01-09,455900,28850.0,2.52,-4.0,-2.6,6.6
2026-01-12,455900,29100.0,2.44,-8.6,6.1,2.1
2026-01-13,455900,30350.0,2.25,5.0,-0.1,-4.1
2026-01-14,455900,31450.0,2.41,21.2,6.4,-27.2
2026-01-15,455900,37500.0,3.13,182.2,13.6,-196.3
2026-01-16,455900,34600.0,7.09,-48.3,21.3,27.9
2026-01-19,455900,36500.0,5.4,-53.0,12.8,40.0
2026-01-20,455900,36600.0,4.43,-20.9,25.9,-5.2
2026-01-21,455900,38750.0,3.86,7.7,21.0,-28.6
2026-01-22,455900,38700.0,4.28,-64.9,10.4,52.1
2026-01-23,455900,36800.0,2.85,5.4,13.4,-16.7
2026-01-26,455900,39500.0,3.0,58.4,-5.9,-51.3
2026-01-27,455900,38150.0,4.35,-38.5,15.6,20.6
2026-01-28,455900,38200.0,3.19,-17.9,-2.6,17.0
2026-01-29,455900,37350.0,2.82,9.1,6.8,-14.4
2026-01-30,455900,37200.0,3.03,-10.7,10.6,0.0
2026-02-02,455900,35200.0,2.73,1.7,4.5,-6.3
2026-02-03,455900,36750.0,2.75,5.2,7.6,-13.5
2026-02-04,455900,37200.0,2.86,-10.0,3.8,6.0
2026-02-05,455900,35350.0,2.89,-11.7,3.4,8.1
2026-02-06,455900,33300.0,2.68,3.8,-0.3,-2.4
2026-02-09,455900,34400.0,2.87,9.4,0.8,-10.3
2026-02-10,455900,34700.0,3.03,-3.5,0.9,2.6
2026-02-11,455900,34900.0,2.88,-1.9,1.6,-0.1
2026-02-12,455900,35650.0,2.84,-3.6,0.9,2.8
2026-02-13,455900,35000.0,2.7,0.5,-0.7,0.0
2026-02-19,455900,35100.0,2.74,6.4,0.8,-5.4
2026-02-20,455900,34200.0,2.84,-1.7,-0.7,2.4
2026-02-23,455900,33400.0,2.83,-2.3,-5.0,6.4
2026-02-24,455900,34300.0,2.79,1.9,-1.1,-0.5
2026-02-25,455900,35000.0,2.89,6.3,1.0,-7.5
2026-02-26,455900,35200.0,3.01,-12.7,-4.6,17.6
2026-02-27,455900,34450.0,2.66,0.7,-1.6,0.7
2026-03-03,455900,30800.0,2.66,6.4,-0.9,-5.7
2026-03-04,455900,25600.0,2.81,14.3,7.2,-21.9
2026-03-05,455900,28100.0,3.26,4.5,0.4,-5.4
2026-03-06,455900,29050.0,3.46,-8.4,1.5,6.8
2026-03-09,455900,26800.0,3.17,-5.4,-0.1,5.5
2026-03-10,455900,27900.0,2.92,3.6,-1.6,-2.0
2026-03-11,455900,29150.0,3.02,2.0,0.4,-1.8
2026-03-12,455900,28700.0,3.09,-6.8,1.0,5.7
2026-03-13,455900,28250.0,2.82,-8.0,8.9,-0.9
2026-03-16,455900,27400.0,2.61,-0.2,-2.1,2.4
2026-03-17,455900,27700.0,2.58,0.3,-0.2,-0.1
2026-03-18,455900,28300.0,2.59,1.6,-0.3,-1.3
2026-03-19,455900,27550.0,2.63,-1.9,0.4,1.5
2026-03-20,455900,27600.0,2.58,-0.2,1.1,-1.1
2026-03-23,455900,25850.0,2.59,-3.1,2.3,0.8
2026-03-24,455900,26650.0,2.52,2.4,0.4,-2.8
2026-03-25,455900,27650.0,2.62,4.0,0.1,-4.1
2026-03-26,455900,26700.0,2.72,-0.9,0.6,0.2
2026-03-27,455900,26800.0,2.72,-0.0,0.3,-0.3
2026-03-30,455900,25700.0,2.73,0.4,-0.0,-0.4
2026-03-31,455900,24800.0,2.73,0.7,0.3,-0.9
2026-04-01,455900,26600.0,2.79,6.4,-0.6,-5.9
2026-04-02,455900,25700.0,2.99,-6.8,1.5,4.9
2026-04-03,455900,25700.0,2.76,-2.0,1.0,0.9
2026-04-06,455900,25300.0,2.73,-2.0,0.6,1.6
2026-04-07,455900,25400.0,2.67,-0.3,0.5,-0.2
2026-04-08,455900,27250.0,2.65,5.0,-0.6,-4.2
2026-04-09,455900,28000.0,2.83,-10.5,21.1,-10.2
2026-04-10,455900,27400.0,2.57,-5.8,1.2,4.6
2026-04-13,455900,26650.0,2.4,-1.7,0.4,1.3
2026-04-14,455900,27650.0,2.36,0.8,0.9,-1.7
2026-04-15,455900,28300.0,2.38,0.7,2.0,-2.7
2026-04-16,455900,28800.0,2.37,-2.4,2.5,-0.2
2026-04-17,455900,29150.0,2.3,-1.7,2.0,-0.2
2026-04-20,455900,28700.0,2.26,-1.3,0.3,1.0
2026-04-21,455900,28850.0,2.24,-0.7,0.5,0.2
2026-04-22,455900,28900.0,2.16,0.7,-0.4,-0.2
2026-04-23,455900,28650.0,2.17,-0.2,-0.1,0.3
2026-04-24,455900,29050.0,2.18,1.8,1.0,-2.7
2026-04-27,455900,30050.0,2.27,-1.0,4.3,-3.1
2026-04-28,455900,29900.0,2.24,-10.4,1.1,9.2
2026-04-29,455900,30350.0,1.95,-2.1,1.6,0.5
2026-04-30,455900,30350.0,1.91,-8.3,1.4,6.8
2026-05-04,455900,30200.0,1.72,-2.8,0.5,2.3
2026-05-06,455900,29150.0,1.64,2.7,-2.1,-0.9
2026-05-07,455900,28500.0,1.7,1.2,0.9,-2.1
2026-05-08,455900,29000.0,1.71,2.7,-5.7,3.1
2026-05-11,455900,28500.0,1.79,-0.3,-0.5,0.8
2026-05-12,455900,28250.0,1.76,-0.5,2.1,-1.7
2026-05-13,455900,29000.0,1.83,-1.9,3.2,-1.4
2026-05-14,455900,29950.0,1.8,-6.2,2.6,3.6
2026-05-15,455900,29750.0,1.63,-1.5,5.6,-3.9
2026-05-18,455900,29000.0,1.66,-3.4,5.1,-1.4
2026-05-19,455900,26800.0,1.67,-1.0,4.5,-3.7
2026-05-20,455900,25200.0,1.61,1.7,1.3,-3.0
2026-05-21,455900,27850.0,1.63,6.5,-1.2,-5.3
2026-05-22,455900,28100.0,1.88,2.1,0.8,-3.0
2026-05-26,455900,27400.0,1.94,-0.0,-1.5,1.5
2026-05-27,455900,25850.0,1.89,-0.3,-3.4,3.7
2026-05-28,455900,25450.0,1.72,-1.7,0.5,1.1
2026-05-29,455900,25900.0,1.69,0.2,-4.5,4.2
2026-06-01,455900,31600.0,1.7,28.2,-8.5,-19.2
2026-06-02,455900,29300.0,2.48,-8.9,6.3,2.8
2026-06-04,455900,27200.0,2.16,-1.8,4.1,-2.1
2026-06-05,455900,26400.0,2.17,-2.1,3.1,-1.3
2026-06-08,455900,22950.0,2.06,-4.4,1.6,2.3
2026-06-09,455900,23300.0,1.98,-1.8,2.6,-0.6
2026-06-10,455900,22450.0,1.89,-1.0,0.9,0.4
2026-06-11,455900,21950.0,1.93,-0.2,0.7,-0.5
2026-06-12,455900,25100.0,1.97,9.4,10.8,-19.7
2026-06-15,455900,25250.0,2.34,-4.1,0.0,4.2
2026-06-16,455900,24550.0,2.18,-1.2,-2.1,3.0
2026-06-17,455900,24100.0,2.14,0.6,1.0,-1.7
2026-06-18,455900,23500.0,2.16,-2.0,0.2,2.2
2026-06-19,455900,22250.0,2.22,-1.2,-0.1,1.4
2026-06-22,455900,21600.0,2.15,-0.6,-0.6,1.4
2026-06-23,455900,19810.0,2.17,0.8,-0.5,-0.4
2026-06-24,455900,20500.0,2.19,-1.0,1.8,-0.7
2026-06-25,455900,20100.0,2.18,-0.1,0.1,0.0
2026-06-26,455900,18230.0,2.2,-1.6,-0.2,1.8
2026-06-29,455900,20150.0,2.2,2.5,1.0,-3.4
2026-06-30,455900,20250.0,2.34,-1.0,0.5,0.5
2026-07-01,455900,20700.0,2.25,0.3,1.9,-2.2
2026-07-02,455900,19100.0,2.25,-2.2,0.5,1.6
2026-07-03,455900,18440.0,2.06,4.8,-8.7,3.1
2026-07-06,455900,18600.0,2.2,1.0,0.4,-1.4
2026-07-07,455900,17350.0,2.21,-2.1,-0.1,2.2
2026-07-08,455900,15980.0,2.19,0.8,-0.5,-0.6
2026-07-09,455900,16090.0,2.23,4.2,-1.8,-2.5
2026-07-10,455900,18240.0,2.46,-0.1,0.5,-1.3
2026-07-13,455900,17070.0,2.34,-0.8,0.3,0.4
2025-07-14,455910,2050.0,0.01,-0.0,-0.0,0.1
2025-07-15,455910,2045.0,0.01,0.0,-0.1,0.1
2025-07-16,455910,2050.0,0.02,-0.0,0.0,0.0
2025-07-17,455910,2060.0,0.01,0.0,0.3,-0.3
2025-07-18,455910,2060.0,0.02,0.0,0.1,-0.0
2025-07-21,455910,2065.0,0.04,0.0,0.6,-0.5
2025-07-22,455910,2060.0,0.06,-0.0,0.4,-0.4
2025-07-23,455910,2060.0,0.04,0.0,0.0,-0.0
2025-07-24,455910,2065.0,0.04,0.0,0.0,-0.0
2025-07-25,455910,2065.0,0.04,-0.0,0.0,-0.0
2025-07-28,455910,2065.0,0.04,0.0,0.0,0.0
2025-07-29,455910,2060.0,0.04,-0.0,0.0,0.0
2025-07-30,455910,2055.0,0.01,0.0,0.0,-0.1
2025-07-31,455910,2070.0,0.02,-0.0,0.2,-0.2
2025-08-01,455910,2075.0,0.01,-0.0,0.0,0.0
2025-08-04,455910,2075.0,0.01,-0.0,0.1,-0.1
2025-08-05,455910,2070.0,0.01,0.0,-0.1,0.1
2025-08-06,455910,2065.0,0.01,0.0,0.0,-0.0
2025-08-07,455910,2050.0,0.01,0.0,1.7,-1.7
2025-08-08,455910,2060.0,0.01,0.0,0.0,-0.0
2025-08-11,455910,2060.0,0.01,-0.0,0.1,-0.1
2025-08-12,455910,2065.0,0.01,0.0,0.0,-0.0
2025-08-13,455910,2065.0,0.01,-0.0,0.1,-0.1
2025-08-14,455910,2070.0,0.01,-0.0,0.1,-0.1
2025-08-18,455910,2070.0,0.01,-0.0,0.0,0.1
2025-08-19,455910,2065.0,0.01,0.0,0.0,0.0
2025-08-20,455910,2065.0,0.01,-0.0,-0.0,0.0
2025-08-21,455910,2065.0,0.01,-0.0,0.0,0.0
2025-08-22,455910,2060.0,0.01,,-0.0,0.0
2025-08-25,455910,2070.0,0.01,0.0,0.0,-0.0
2025-08-26,455910,2065.0,0.01,,0.0,0.0
2025-08-27,455910,2070.0,0.01,-0.0,0.0,0.0
2025-08-28,455910,2070.0,0.01,-0.0,0.0,0.0
2025-08-29,455910,2070.0,0.0,0.0,0.0,0.0
2025-09-01,455910,2070.0,0.0,0.0,0.2,-0.2
2025-09-02,455910,2065.0,0.0,-0.0,0.0,-0.0
2025-09-03,455910,2065.0,0.0,,0.1,-0.1
2025-09-04,455910,2065.0,0.0,,0.0,-0.0
2025-09-05,455910,2065.0,0.0,,0.0,0.0
2025-09-08,455910,2065.0,0.0,,0.0,0.0
2025-09-09,455910,2070.0,0.0,,0.0,-0.0
2025-09-10,455910,2075.0,0.0,,0.0,-0.0
2025-09-11,455910,2075.0,0.0,0.0,0.0,-0.0
2025-09-12,455910,2075.0,0.0,0.0,0.0,-0.0
2025-09-15,455910,2075.0,0.0,0.0,0.1,-0.1
2025-09-16,455910,2075.0,0.0,0.0,0.0,-0.0
2025-09-17,455910,2075.0,0.0,0.0,0.0,0.0
2025-09-18,455910,2075.0,0.0,-0.0,-0.0,0.0
2025-09-19,455910,2075.0,0.0,0.0,0.0,-0.0
2025-09-22,455910,2075.0,0.0,0.0,0.1,-0.1
2025-09-23,455910,2075.0,0.01,0.0,0.0,-0.0
2025-09-24,455910,2080.0,0.02,0.0,0.0,-0.0
2025-09-25,455910,2080.0,0.04,0.0,0.0,0.0
2025-09-26,455910,2085.0,0.04,,-0.0,0.0
2025-09-29,455910,2085.0,0.04,0.0,-0.0,0.0
2025-09-30,455910,2087.0,0.04,0.0,-0.0,0.0
2025-10-01,455910,2090.0,0.04,-0.0,-0.0,0.0
2025-10-02,455910,2090.0,0.04,0.0,-0.0,0.0
2025-10-10,455910,2090.0,0.04,0.0,0.0,0.0
2025-10-13,455910,2090.0,0.04,0.0,0.0,-0.0
2025-10-14,455910,2090.0,0.04,0.0,0.0,-0.0
2025-10-15,455910,2090.0,0.04,0.0,0.0,-0.0
2025-10-16,455910,2090.0,0.04,0.0,0.1,-0.1
2025-10-17,455910,2090.0,0.04,0.0,0.0,0.0
2025-10-20,455910,2085.0,0.04,0.0,0.0,0.0
2025-10-21,455910,2085.0,0.04,-0.0,0.0,-0.0
2025-10-22,455910,2090.0,0.04,0.0,0.1,-0.1
2025-10-23,455910,2085.0,0.04,0.0,-0.0,0.0
2025-10-24,455910,2090.0,0.04,0.0,0.0,-0.0
2025-10-27,455910,2090.0,0.04,0.0,0.0,-0.0
2025-10-28,455910,2095.0,0.04,0.0,0.1,-0.1
2025-10-29,455910,2095.0,0.04,0.0,0.0,0.0
2025-10-30,455910,2095.0,0.04,-0.0,0.0,-0.0
2025-10-31,455910,2095.0,0.04,-0.0,0.0,-0.1
2025-11-03,455910,2095.0,0.04,-0.0,0.4,-0.4
2025-11-04,455910,2095.0,0.04,0.0,0.0,-0.0
2025-11-05,455910,2095.0,0.04,0.0,0.2,-0.2
2025-11-06,455910,2105.0,0.04,0.0,0.0,0.0
2025-11-07,455910,2100.0,0.04,0.0,0.0,0.0
2025-11-10,455910,2100.0,0.04,-0.0,0.1,-0.1
2025-11-11,455910,2095.0,0.04,0.0,0.0,0.0
2025-11-12,455910,2100.0,0.04,0.0,0.1,-0.1
2025-11-13,455910,2100.0,0.04,0.0,0.0,-0.0
2025-11-14,455910,2100.0,0.04,0.0,0.0,0.0
2025-11-17,455910,2095.0,0.04,0.0,0.1,-0.1
2025-11-18,455910,2100.0,0.04,0.0,0.5,-0.5
2025-11-19,455910,2100.0,0.04,0.0,1.1,-1.1
2025-11-20,455910,2100.0,0.04,0.0,-0.2,0.2
2025-11-21,455910,2100.0,0.04,-0.0,0.1,-0.1
2025-11-24,455910,2095.0,0.04,0.0,0.2,-0.2
2025-11-25,455910,2095.0,0.04,0.0,0.4,-0.4
2025-11-26,455910,2100.0,0.04,0.0,0.0,-0.0
2025-11-27,455910,2100.0,0.04,0.0,-0.0,0.0
2025-11-28,455910,2100.0,0.04,0.0,0.1,-0.1
2025-12-01,455910,2095.0,0.04,0.0,0.0,0.0
2025-12-02,455910,2095.0,0.04,0.0,0.7,-0.7
2025-12-03,455910,2095.0,0.08,0.0,0.0,-0.0
2025-12-04,455910,2095.0,0.08,0.0,0.3,-0.3
2025-12-05,455910,2095.0,0.08,-0.0,0.2,-0.1
2025-12-08,455910,2100.0,0.04,0.0,-0.0,0.0
2025-12-09,455910,2100.0,0.04,-0.0,0.1,-0.1
2025-12-10,455910,2100.0,0.04,0.0,0.0,0.0
2025-12-11,455910,2100.0,0.04,0.0,0.0,-0.0
2025-12-12,455910,2095.0,0.04,,-0.1,0.1
2025-12-15,455910,2100.0,0.04,0.0,0.9,-0.9
2025-12-16,455910,2095.0,0.04,0.0,0.2,-0.2
2025-12-17,455910,2090.0,0.04,0.0,0.0,-0.0
2025-12-18,455910,2090.0,0.06,0.0,0.0,-0.0
2025-12-19,455910,2095.0,0.07,0.0,0.0,-0.0
2025-12-22,455910,2095.0,0.07,0.0,0.0,-0.0
2025-12-23,455910,2090.0,0.07,0.0,0.0,-0.0
2025-12-24,455910,2090.0,0.09,0.0,0.0,-0.0
2025-12-26,455910,2095.0,0.09,0.0,0.1,-0.1
2025-12-29,455910,2095.0,0.1,0.0,0.0,-0.0
2025-12-30,455910,2095.0,0.1,0.0,0.0,-0.0
2026-01-02,455910,2090.0,0.11,0.0,0.6,-0.6
2026-01-05,455910,2090.0,0.11,0.0,0.0,-0.0
2026-01-06,455910,2095.0,0.11,0.0,0.0,0.0
2026-01-07,455910,2090.0,0.11,0.0,0.4,-0.5
2026-01-08,455910,2100.0,0.11,0.0,0.3,-0.3
2026-01-09,455910,2100.0,0.11,0.0,0.0,0.0
2026-01-12,455910,2095.0,0.11,0.0,-0.0,0.0
2026-01-13,455910,2090.0,0.12,-0.0,0.0,0.0
2026-01-14,455910,2090.0,0.11,-0.0,0.2,-0.2
2026-01-15,455910,2095.0,0.11,0.0,0.1,-0.1
2026-01-16,455910,2090.0,0.11,0.0,0.1,-0.1
2026-01-19,455910,2095.0,0.11,0.0,0.3,-0.3
2026-01-20,455910,2095.0,0.11,0.0,0.1,-0.5
2026-01-21,455910,2095.0,0.11,0.0,-0.5,0.5
2026-01-22,455910,2095.0,0.11,0.0,-1.0,1.0
2026-01-23,455910,2102.0,0.11,0.0,0.0,-0.0
2026-01-26,455910,2105.0,0.11,0.0,0.0,-0.0
2026-01-27,455910,2105.0,0.11,0.0,0.3,-0.3
2026-01-28,455910,2110.0,0.11,0.0,0.0,-0.0
2026-01-29,455910,2110.0,0.12,0.0,0.3,-0.3
2026-01-30,455910,2110.0,0.12,0.0,0.4,-0.3
2026-02-02,455910,2120.0,0.12,0.0,0.2,-0.3
2026-02-03,455910,2115.0,0.12,0.0,0.2,-0.2
2026-02-04,455910,2120.0,0.12,0.0,0.1,-0.1
2026-02-05,455910,2125.0,0.12,0.0,0.9,-1.1
2026-02-06,455910,2125.0,0.13,0.0,0.0,-0.1
2026-02-09,455910,2130.0,0.13,-0.1,1.6,-1.2
2026-02-10,455910,2125.0,0.0,0.0,0.1,-0.1
2026-02-11,455910,2125.0,0.0,-0.0,0.9,-0.9
2026-02-12,455910,2120.0,0.0,0.0,0.0,-0.1
2026-02-13,455910,2125.0,0.0,,0.0,0.0
2026-02-19,455910,2125.0,0.0,,,
2026-02-20,455910,2125.0,0.0,-0.0,1.2,-3.3
2026-02-23,455910,2120.0,0.0,-0.0,0.4,-0.4
2026-02-24,455910,2115.0,0.0,,0.6,-0.6
2026-02-25,455910,2115.0,0.0,-0.0,0.2,-0.2
2026-02-26,455910,2115.0,0.0,,0.1,0.3
2026-02-27,455910,2115.0,0.0,,0.2,-0.2
2026-03-03,455910,2110.0,0.0,,3.1,-3.1
2026-03-31,455910,,,,,
2026-04-30,455910,,,,,
2026-05-29,455910,,,,,
2026-06-30,455910,,,,,
2026-07-13,455910,,,,,
2025-07-14,456010,13630.0,1.65,1.0,-0.5,0.1
2025-07-15,456010,13900.0,1.74,5.8,0.1,-5.0
2025-07-16,456010,13480.0,2.14,-0.1,0.1,0.6
2025-07-17,456010,13550.0,2.0,0.5,0.2,-0.9
2025-07-18,456010,13380.0,2.06,-1.7,0.0,1.8
2025-07-21,456010,13210.0,2.1,5.3,0.0,-5.2
2025-07-22,456010,13080.0,2.55,2.6,0.0,-2.6
2025-07-23,456010,12890.0,2.67,4.6,0.1,-4.6
2025-07-24,456010,12670.0,3.04,1.6,0.0,-1.8
2025-07-25,456010,13370.0,3.02,-0.1,0.5,-0.3
2025-07-28,456010,12720.0,2.91,-2.7,0.0,2.7
2025-07-29,456010,12550.0,2.7,4.9,-0.2,-4.7
2025-07-30,456010,12310.0,3.03,2.3,0.0,-2.4
2025-07-31,456010,12530.0,3.11,2.9,-0.0,-2.8
2025-08-01,456010,11810.0,3.33,1.9,0.0,-2.1
2025-08-04,456010,12190.0,3.44,6.4,-0.0,-6.2
2025-08-05,456010,12280.0,3.85,1.2,-0.0,-1.2
2025-08-06,456010,12310.0,3.96,-16.4,0.0,16.3
2025-08-07,456010,12110.0,2.96,2.6,,-2.6
2025-08-08,456010,12040.0,3.17,1.3,0.0,-1.4
2025-08-11,456010,12020.0,3.25,2.3,,-2.2
2025-08-12,456010,11950.0,3.43,-2.6,,2.5
2025-08-13,456010,11870.0,3.23,2.2,0.0,-2.2
2025-08-14,456010,11790.0,3.39,2.3,0.0,-2.3
2025-08-18,456010,11590.0,3.56,1.6,0.0,-1.8
2025-08-19,456010,11470.0,3.61,1.4,0.0,-1.4
2025-08-20,456010,11100.0,3.69,3.9,-0.0,-1.0
2025-08-21,456010,11210.0,3.97,3.9,,-3.9
2025-08-22,456010,11200.0,4.19,0.9,,-0.9
2025-08-25,456010,11770.0,4.15,2.3,0.0,-2.1
2025-08-26,456010,11970.0,4.38,0.2,0.0,-0.2
2025-08-27,456010,12030.0,4.4,-1.2,,0.8
2025-08-28,456010,11850.0,4.31,1.4,,-1.4
2025-08-29,456010,11840.0,4.42,-0.1,,-0.1
2025-09-01,456010,11260.0,4.41,1.2,0.0,-1.3
2025-09-02,456010,11760.0,4.43,-4.9,,5.0
2025-09-03,456010,11290.0,4.14,-2.4,0.0,2.4
2025-09-04,456010,11440.0,4.0,0.4,0.0,-0.4
2025-09-05,456010,11550.0,4.01,0.4,0.0,-0.4
2025-09-08,456010,11400.0,4.08,-0.5,,0.5
2025-09-09,456010,11490.0,4.03,1.5,,-1.5
2025-09-10,456010,11840.0,3.8,-1.4,,1.4
2025-09-11,456010,11610.0,3.8,-1.1,0.0,1.1
2025-09-12,456010,11810.0,3.71,1.6,0.0,-1.7
2025-09-15,456010,12600.0,3.87,0.0,-0.0,-0.3
2025-09-16,456010,13850.0,3.88,-23.3,-21.5,55.1
2025-09-17,456010,13350.0,2.61,-3.5,0.0,3.8
2025-09-18,456010,15070.0,2.57,8.6,11.7,-17.8
2025-09-19,456010,15640.0,3.26,-20.0,2.1,18.0
2025-09-22,456010,16050.0,2.2,-9.6,10.4,0.4
2025-09-23,456010,16000.0,1.77,-1.5,5.8,-3.8
2025-09-24,456010,16860.0,1.0,16.5,9.3,-27.3
2025-09-25,456010,15830.0,1.75,-29.4,3.4,26.6
2025-09-26,456010,14940.0,0.47,3.6,3.6,-6.6
2025-09-29,456010,15160.0,1.18,-3.3,1.5,3.3
2025-09-30,456010,16550.0,1.1,19.5,0.2,-19.6
2025-10-01,456010,15780.0,2.01,-13.0,3.9,9.5
2025-10-02,456010,15330.0,1.48,1.7,0.0,-2.0
2025-10-10,456010,16450.0,1.56,4.1,1.5,-5.4
2025-10-13,456010,15770.0,1.91,-12.4,0.0,12.1
2025-10-14,456010,16500.0,1.37,14.8,-1.6,-17.7
2025-10-15,456010,16300.0,2.21,-19.8,0.0,21.0
2025-10-16,456010,15600.0,1.38,-12.9,0.0,13.5
2025-10-17,456010,14490.0,0.8,-1.0,-0.9,1.5
2025-10-20,456010,14500.0,0.77,0.1,-0.9,0.5
2025-10-21,456010,14800.0,0.8,2.4,-0.5,-1.6
2025-10-22,456010,15290.0,0.92,5.2,-2.2,-1.9
2025-10-23,456010,15970.0,1.19,7.3,-0.1,-6.1
2025-10-24,456010,15550.0,1.53,-7.9,2.4,6.1
2025-10-27,456010,15950.0,1.2,17.3,-1.9,-14.9
2025-10-28,456010,17550.0,2.04,-19.0,10.0,12.2
2025-10-29,456010,17980.0,1.61,28.5,2.3,-34.6
2025-10-30,456010,19950.0,2.8,72.2,23.7,-92.0
2025-10-31,456010,20350.0,5.43,31.4,18.0,-49.1
2025-11-03,456010,18280.0,6.36,-60.4,-13.4,70.0
2025-11-04,456010,18350.0,4.06,10.0,-0.9,-5.3
2025-11-05,456010,17920.0,4.3,-7.9,-5.3,13.2
2025-11-06,456010,18230.0,4.19,-9.2,0.1,9.1
2025-11-07,456010,16980.0,3.86,-9.4,-2.1,11.1
2025-11-10,456010,17080.0,3.36,5.9,0.0,-6.5
2025-11-11,456010,16650.0,3.51,0.0,0.7,-0.9
2025-11-12,456010,16720.0,3.57,8.1,0.6,-8.7
2025-11-13,456010,16840.0,3.93,-22.2,-0.7,22.5
2025-11-14,456010,15540.0,2.92,-6.0,-0.4,4.0
2025-11-17,456010,16090.0,2.63,5.9,0.3,-6.1
2025-11-18,456010,15510.0,2.99,-5.0,0.0,3.7
2025-11-19,456010,15300.0,2.75,-1.6,0.0,1.6
2025-11-20,456010,15460.0,2.85,-1.2,0.0,1.2
2025-11-21,456010,14200.0,2.79,3.9,-3.1,-0.1
2025-11-24,456010,14050.0,2.99,6.0,-1.2,-4.8
2025-11-25,456010,12910.0,3.32,-4.6,-7.8,15.5
2025-11-26,456010,13270.0,3.06,11.4,-1.3,-10.3
2025-11-27,456010,13120.0,3.78,2.6,-4.9,2.0
2025-11-28,456010,13830.0,3.83,6.2,0.0,-6.1
2025-12-01,456010,14590.0,4.11,-1.8,3.2,-0.9
2025-12-02,456010,14240.0,4.02,-3.2,0.0,3.0
2025-12-03,456010,14490.0,3.86,1.0,-1.5,0.6
2025-12-04,456010,14880.0,3.91,-1.3,2.8,-1.8
2025-12-05,456010,15320.0,3.84,-27.6,0.3,27.1
2025-12-08,456010,15660.0,2.51,-7.3,0.8,6.8
2025-12-09,456010,15690.0,2.16,7.6,-0.9,-7.4
2025-12-10,456010,14950.0,2.49,0.1,0.0,0.7
2025-12-11,456010,14700.0,2.5,2.6,-0.7,-2.0
2025-12-12,456010,15400.0,2.63,10.2,0.0,-10.7
2025-12-15,456010,14750.0,3.13,-6.6,-0.5,6.8
2025-12-16,456010,13950.0,2.8,-1.6,-1.2,2.7
2025-12-17,456010,14150.0,2.62,1.6,,-2.2
2025-12-18,456010,15040.0,2.7,19.8,1.0,-20.9
2025-12-19,456010,15620.0,3.49,10.6,0.8,-10.8
2025-12-22,456010,16330.0,4.0,27.5,1.7,-28.9
2025-12-23,456010,16360.0,5.25,-4.6,0.1,5.3
2025-12-24,456010,15920.0,5.12,0.4,-0.6,0.1
2025-12-26,456010,15400.0,5.14,-2.8,-1.0,4.0
2025-12-29,456010,16260.0,5.01,8.4,-1.9,-6.8
2025-12-30,456010,16530.0,5.39,-10.1,-1.0,10.7
2026-01-02,456010,17020.0,4.93,8.0,0.0,-7.8
2026-01-05,456010,17110.0,5.28,-11.7,0.0,11.6
2026-01-06,456010,16750.0,4.77,-14.3,-0.6,15.1
2026-01-07,456010,16230.0,4.24,19.4,-0.9,-17.5
2026-01-08,456010,15130.0,5.13,-7.3,-0.9,7.4
2026-01-09,456010,15870.0,4.78,-4.9,-0.0,5.6
2026-01-12,456010,15200.0,4.55,-10.1,0.1,9.7
2026-01-13,456010,14890.0,4.06,-9.9,-13.9,23.3
2026-01-14,456010,15000.0,3.81,0.5,-0.5,0.0
2026-01-15,456010,15310.0,3.72,2.3,-0.0,-2.2
2026-01-16,456010,15140.0,3.82,-4.4,-1.9,6.3
2026-01-19,456010,15580.0,3.61,10.1,0.0,-9.6
2026-01-20,456010,15540.0,4.07,1.6,-0.1,-1.5
2026-01-21,456010,14900.0,4.25,-20.3,-0.3,20.8
2026-01-22,456010,15010.0,3.27,6.9,0.0,-7.4
2026-01-23,456010,16900.0,3.6,30.1,0.9,-29.4
2026-01-26,456010,16700.0,4.9,-15.3,0.0,15.4
2026-01-27,456010,16480.0,4.25,-9.4,0.0,8.9
2026-01-28,456010,16540.0,3.83,3.1,-0.0,-3.8
2026-01-29,456010,17890.0,3.96,7.7,-0.0,-6.6
2026-01-30,456010,17280.0,4.31,-28.0,0.2,28.2
2026-02-02,456010,16810.0,3.16,10.6,-2.0,-8.8
2026-02-03,456010,18180.0,3.56,-28.7,-2.4,30.0
2026-02-04,456010,18320.0,2.47,24.7,-0.1,-24.9
2026-02-05,456010,16680.0,3.41,-27.5,-1.7,29.3
2026-02-06,456010,16330.0,2.26,3.0,-0.1,-3.3
2026-02-09,456010,17680.0,2.4,28.1,-1.1,-28.2
2026-02-10,456010,17130.0,3.56,-3.3,0.0,3.8
2026-02-11,456010,16960.0,3.42,-2.0,0.0,2.2
2026-02-12,456010,16690.0,3.34,-5.0,0.8,3.8
2026-02-13,456010,15920.0,3.12,-13.8,0.0,14.0
2026-02-19,456010,16880.0,2.5,14.6,1.1,-15.6
2026-02-20,456010,18280.0,3.12,50.7,-0.0,-51.7
2026-02-23,456010,17450.0,5.16,-0.5,2.1,-1.0
2026-02-24,456010,17460.0,5.14,-14.2,0.0,14.5
2026-02-25,456010,17350.0,4.56,-12.8,-1.2,14.3
2026-02-26,456010,17900.0,3.92,-7.8,-0.0,8.2
2026-02-27,456010,17420.0,3.61,-21.3,0.0,20.8
2026-03-03,456010,15760.0,2.75,-2.7,0.1,0.8
2026-03-04,456010,12960.0,2.62,1.8,0.5,-4.5
2026-03-05,456010,15040.0,2.73,13.3,0.0,-13.3
2026-03-06,456010,15330.0,3.38,4.6,0.0,-4.6
2026-03-09,456010,13800.0,3.67,-7.4,-1.0,8.6
2026-03-10,456010,15170.0,3.28,10.6,0.0,-11.2
2026-03-11,456010,15580.0,3.84,8.7,0.0,-8.7
2026-03-12,456010,15550.0,4.26,-8.5,0.2,7.8
2026-03-13,456010,15080.0,3.87,-5.3,-1.3,6.6
2026-03-16,456010,14870.0,3.62,-5.9,-0.0,6.0
2026-03-17,456010,14890.0,3.33,5.2,0.0,-5.5
2026-03-18,456010,14890.0,3.58,-7.4,0.0,7.5
2026-03-19,456010,14070.0,3.22,-1.6,-0.6,1.0
2026-03-20,456010,14370.0,3.15,2.9,0.3,-3.3
2026-03-23,456010,13350.0,3.29,-8.4,0.0,7.8
2026-03-24,456010,13860.0,2.84,5.1,0.0,-4.9
2026-03-25,456010,14800.0,3.1,16.2,0.8,-16.5
2026-03-26,456010,14100.0,3.9,-7.7,0.4,7.4
2026-03-27,456010,15350.0,3.51,40.4,1.9,-40.2
2026-03-30,456010,14080.0,5.32,-18.3,0.0,17.6
2026-03-31,456010,13820.0,4.41,-4.4,0.0,4.4
2026-04-01,456010,15030.0,4.18,22.1,0.0,-21.8
2026-04-02,456010,13960.0,5.26,-8.1,-0.0,8.5
2026-04-03,456010,14070.0,4.83,-3.9,0.0,3.9
2026-04-06,456010,14200.0,4.63,-6.9,-0.0,6.9
2026-04-07,456010,13470.0,4.28,-13.4,-2.1,15.3
2026-04-08,456010,14250.0,3.57,10.0,-0.0,-9.9
2026-04-09,456010,14200.0,3.98,-11.3,0.0,11.1
2026-04-10,456010,14970.0,3.42,20.6,0.3,-21.3
2026-04-13,456010,15800.0,4.13,10.3,-0.0,-11.6
2026-04-14,456010,17660.0,4.6,40.6,0.1,-40.9
2026-04-15,456010,22950.0,6.34,-52.3,-0.9,-31.4
2026-04-16,456010,21350.0,4.62,-63.6,-9.1,169.5
2026-04-17,456010,25800.0,3.27,191.7,-11.0,-184.2
2026-04-20,456010,26650.0,8.19,-125.4,1.0,121.9
2026-04-21,456010,25200.0,4.66,2.6,-9.9,10.6
2026-04-22,456010,23550.0,4.71,11.4,-4.4,-8.4
2026-04-23,456010,23700.0,5.06,0.4,-4.3,2.8
2026-04-24,456010,22200.0,5.02,-0.5,-1.9,7.4
2026-04-27,456010,23400.0,5.02,-4.5,0.0,2.6
2026-04-28,456010,23000.0,4.89,5.9,-0.5,-8.5
2026-04-29,456010,22350.0,5.07,-0.4,-0.5,2.3
2026-04-30,456010,22550.0,5.06,-8.0,-0.0,9.6
2026-05-04,456010,23550.0,4.8,0.7,-0.8,-3.9
2026-05-06,456010,23600.0,4.82,-107.7,0.0,111.4
2026-05-07,456010,23150.0,1.53,-12.1,0.1,13.4
2026-05-08,456010,22800.0,1.15,8.0,-0.0,-7.4
2026-05-11,456010,21550.0,1.41,17.6,-5.5,-5.7
2026-05-12,456010,20900.0,1.98,-2.5,0.4,0.5
2026-05-13,456010,21850.0,1.87,-5.5,0.1,5.4
2026-05-14,456010,20350.0,1.7,1.6,0.8,-2.6
2026-05-15,456010,19100.0,1.75,14.6,-4.4,-10.4
2026-05-18,456010,19590.0,2.28,-0.0,0.3,-0.1
2026-05-19,456010,25450.0,2.48,-10.9,-0.9,4.3
2026-05-20,456010,22700.0,1.99,53.8,-5.8,-40.5
2026-05-21,456010,23950.0,3.65,31.9,0.0,-35.7
2026-05-22,456010,26550.0,4.57,2.4,-0.3,1.1
2026-05-26,456010,30800.0,4.64,66.0,0.9,-65.2
2026-05-27,456010,36350.0,6.23,59.6,-2.5,-51.9
2026-05-28,456010,31350.0,7.52,17.5,0.9,-19.8
2026-05-29,456010,33650.0,8.03,-54.9,3.3,51.0
2026-06-01,456010,30450.0,6.83,57.9,-1.6,-55.9
2026-06-02,456010,28900.0,8.37,31.7,1.2,-33.8
2026-06-04,456010,28150.0,9.22,-6.1,0.3,5.9
2026-06-05,456010,26100.0,9.02,16.4,0.5,-18.3
2026-06-08,456010,22750.0,9.33,18.4,-0.0,-18.4
2026-06-09,456010,24950.0,9.82,-7.6,-4.9,11.2
2026-06-10,456010,22800.0,9.6,10.5,0.0,-9.4
2026-06-11,456010,22600.0,9.92,-5.3,0.0,5.0
2026-06-12,456010,23600.0,9.76,-17.1,1.0,16.8
2026-06-15,456010,24200.0,9.25,-20.5,0.0,21.4
2026-06-16,456010,24250.0,8.64,-15.8,5.5,8.4
2026-06-17,456010,23150.0,8.27,9.6,-1.9,15.0
2026-06-18,456010,22200.0,8.57,6.4,-0.4,4.6
2026-06-19,456010,21000.0,8.5,11.8,-3.2,-9.4
2026-06-22,456010,21000.0,8.89,2.8,-4.5,1.9
2026-06-23,456010,19000.0,8.98,-47.9,-0.0,46.5
2026-06-24,456010,19400.0,7.38,1.5,-0.6,-1.3
2026-06-25,456010,18000.0,7.43,14.1,-3.7,-11.5
2026-06-26,456010,16580.0,7.96,23.0,-0.8,-24.5
2026-06-29,456010,18210.0,8.91,4.3,0.1,-4.1
2026-06-30,456010,18110.0,9.08,-3.3,-0.0,4.0
2026-07-01,456010,17950.0,8.95,1.6,0.1,-1.3
2026-07-02,456010,16250.0,8.57,-4.0,0.0,4.1
2026-07-03,456010,16500.0,8.39,0.9,0.0,-0.5
2026-07-06,456010,16770.0,8.39,-3.1,-0.1,3.8
2026-07-07,456010,15810.0,8.41,-4.7,0.0,4.5
2026-07-08,456010,14620.0,8.21,1.3,0.0,-1.4
2026-07-09,456010,14630.0,8.27,0.5,0.0,-0.4
2026-07-10,456010,16090.0,8.29,5.7,-0.1,-5.6
2026-07-13,456010,15880.0,8.52,-32.3,0.0,31.9
2025-07-14,456040,57500.0,6.89,-2.7,-4.8,7.3
2025-07-15,456040,57300.0,6.83,-0.6,-10.9,11.8
2025-07-16,456040,56700.0,6.82,-3.5,-4.8,8.4
2025-07-17,456040,56100.0,6.74,-10.8,-5.5,16.4
2025-07-18,456040,57500.0,6.53,18.0,-3.4,-14.8
2025-07-21,456040,60400.0,6.96,2.1,-6.5,4.0
2025-07-22,456040,60100.0,6.99,8.9,-5.3,-3.2
2025-07-23,456040,59200.0,7.11,-7.2,-3.9,11.3
2025-07-24,456040,57500.0,6.98,-15.2,-2.3,16.7
2025-07-25,456040,58400.0,6.65,5.6,-7.4,1.7
2025-07-28,456040,57400.0,6.77,-11.0,-1.5,12.3
2025-07-29,456040,57400.0,6.53,-0.7,-1.5,2.2
2025-07-30,456040,58100.0,6.52,0.8,-1.3,0.4
2025-07-31,456040,57900.0,6.57,2.3,-3.1,1.0
2025-08-01,456040,55100.0,6.66,-21.2,-1.3,21.2
2025-08-04,456040,55000.0,6.31,-4.8,-1.0,4.6
2025-08-05,456040,56200.0,6.2,4.2,-1.5,-2.9
2025-08-06,456040,58400.0,6.32,18.8,-1.8,-17.2
2025-08-07,456040,58500.0,6.75,2.6,-0.9,-1.3
2025-08-08,456040,58300.0,6.81,6.5,-1.2,-5.2
2025-08-11,456040,58400.0,6.96,2.3,-1.4,-0.9
2025-08-12,456040,58600.0,6.99,8.3,-1.3,-7.0
2025-08-13,456040,59600.0,7.19,6.8,0.0,-6.5
2025-08-14,456040,58800.0,7.32,5.4,-7.8,2.3
2025-08-18,456040,58900.0,7.41,7.3,-0.7,-6.6
2025-08-19,456040,57800.0,7.52,-4.6,-0.5,5.2
2025-08-20,456040,57200.0,7.39,0.3,0.3,-0.6
2025-08-21,456040,56800.0,7.39,0.7,-1.5,0.9
2025-08-22,456040,55100.0,7.3,-16.6,-3.4,20.7
2025-08-25,456040,55800.0,6.91,-0.9,-1.0,1.8
2025-08-26,456040,55100.0,6.89,-1.5,-1.7,3.2
2025-08-27,456040,54500.0,6.86,-8.1,-4.1,12.1
2025-08-28,456040,54600.0,6.69,-2.1,-1.2,3.3
2025-08-29,456040,53600.0,6.65,-8.6,-0.4,8.9
2025-09-01,456040,52600.0,6.46,-2.3,0.1,2.2
2025-09-02,456040,52800.0,6.41,-1.8,0.7,1.1
2025-09-03,456040,53100.0,6.42,-2.1,-0.4,2.5
2025-09-04,456040,53600.0,6.38,-0.7,0.7,-0.0
2025-09-05,456040,53900.0,6.36,1.4,0.2,-1.6
2025-09-08,456040,54200.0,6.45,2.2,0.7,-3.0
2025-09-09,456040,54300.0,6.52,0.8,-0.3,-0.6
2025-09-10,456040,54900.0,6.54,2.1,1.6,-3.7
2025-09-11,456040,55300.0,6.59,1.2,1.3,-2.5
2025-09-12,456040,56600.0,6.61,9.3,0.5,-9.4
2025-09-15,456040,57200.0,6.85,3.5,0.4,-3.7
2025-09-16,456040,56900.0,6.87,1.3,0.1,-1.5
2025-09-17,456040,57000.0,6.88,3.4,-1.2,-2.2
2025-09-18,456040,58500.0,6.94,11.1,0.6,-12.5
2025-09-19,456040,58200.0,7.2,3.6,0.6,-4.2
2025-09-22,456040,58400.0,7.28,2.0,1.4,-3.8
2025-09-23,456040,58600.0,7.36,8.0,0.2,-8.1
2025-09-24,456040,57400.0,7.56,-2.1,0.4,1.8
2025-09-25,456040,56400.0,7.48,-3.2,0.3,2.6
2025-09-26,456040,54500.0,7.48,-5.9,-0.5,5.3
2025-09-29,456040,54600.0,7.36,-2.0,0.3,1.7
2025-09-30,456040,53700.0,7.29,-5.6,-0.9,6.5
2025-10-01,456040,54400.0,7.16,-1.5,1.5,-0.0
2025-10-02,456040,56700.0,7.12,13.5,4.5,-18.1
2025-10-10,456040,56800.0,7.48,-2.2,-1.3,3.5
2025-10-13,456040,56400.0,7.41,-1.7,0.6,1.0
2025-10-14,456040,56700.0,7.36,6.0,-1.9,-4.2
2025-10-15,456040,58800.0,7.49,14.2,0.1,-14.3
2025-10-16,456040,59300.0,7.75,6.4,81.5,-6.9
2025-10-17,456040,58700.0,7.87,15.1,-18.2,3.2
2025-10-20,456040,57600.0,8.45,2.0,-5.1,3.1
2025-10-21,456040,57600.0,8.38,4.4,-13.1,8.4
2025-10-22,456040,60100.0,8.48,10.0,-8.1,-2.3
2025-10-23,456040,58900.0,8.7,-1.1,-5.3,6.4
2025-10-24,456040,62600.0,8.58,17.3,8.0,-25.6
2025-10-27,456040,63100.0,8.94,-2.2,-1.2,3.3
2025-10-28,456040,62100.0,8.82,0.2,1.2,-1.6
2025-10-29,456040,60800.0,8.81,-7.7,-5.0,12.4
2025-10-30,456040,58900.0,8.66,1.4,-0.8,0.4
2025-10-31,456040,59100.0,8.67,-7.9,0.5,7.4
2025-11-03,456040,62200.0,8.5,4.7,0.7,-8.0
2025-11-04,456040,61200.0,8.62,-5.8,-0.5,6.2
2025-11-05,456040,59200.0,8.49,-11.0,0.4,12.0
2025-11-06,456040,59600.0,8.28,1.6,0.6,-2.2
2025-11-07,456040,58000.0,8.33,-15.0,1.7,13.0
2025-11-10,456040,59000.0,8.0,6.0,1.0,-7.0
2025-11-11,456040,59500.0,8.15,6.1,0.7,-6.7
2025-11-12,456040,62200.0,8.36,24.0,5.7,-30.1
2025-11-13,456040,62400.0,8.87,1.5,-0.8,-0.6
2025-11-14,456040,60300.0,8.86,-6.0,-1.1,7.5
2025-11-17,456040,61400.0,8.71,-4.4,1.8,2.9
2025-11-18,456040,59500.0,8.62,-9.4,-1.1,10.5
2025-11-19,456040,58300.0,8.43,-8.3,-1.8,10.0
2025-11-20,456040,59600.0,8.26,4.9,0.0,-4.9
2025-11-21,456040,58200.0,8.4,-10.8,-0.2,11.0
2025-11-24,456040,57200.0,8.14,-11.8,0.2,11.5
2025-11-25,456040,57300.0,7.9,-2.1,-1.3,3.3
2025-11-26,456040,58600.0,7.86,3.8,0.5,-4.5
2025-11-27,456040,59400.0,8.0,6.1,0.2,-6.4
2025-11-28,456040,59600.0,8.13,0.3,1.5,-1.8
2025-12-01,456040,59600.0,8.13,-0.6,0.4,0.3
2025-12-02,456040,59600.0,8.11,1.3,-0.2,-1.1
2025-12-03,456040,60600.0,8.13,5.6,0.9,-6.5
2025-12-04,456040,60000.0,8.26,-3.1,-0.3,3.7
2025-12-05,456040,60800.0,8.18,-0.0,1.7,-1.7
2025-12-08,456040,62000.0,8.21,4.5,-1.0,-3.4
2025-12-09,456040,61600.0,8.31,0.8,-0.7,-0.0
2025-12-10,456040,61000.0,8.32,3.9,-0.0,-3.9
2025-12-11,456040,60700.0,8.39,47.7,-59.4,11.9
2025-12-12,456040,61500.0,9.25,6.6,-3.7,-3.0
2025-12-15,456040,61500.0,9.42,2.8,0.3,-3.1
2025-12-16,456040,60400.0,9.47,-6.6,-0.2,6.7
2025-12-17,456040,60700.0,9.26,-2.4,-1.3,4.0
2025-12-18,456040,59600.0,9.2,-7.6,-0.4,8.3
2025-12-19,456040,60000.0,8.9,0.1,-3.6,3.6
2025-12-22,456040,62000.0,8.9,15.0,0.9,-15.9
2025-12-23,456040,61800.0,9.28,2.6,-0.3,-2.4
2025-12-24,456040,62000.0,9.02,-0.8,-0.3,1.3
2025-12-26,456040,60400.0,8.83,-9.4,-0.3,11.3
2025-12-29,456040,59500.0,8.42,-9.3,-0.3,9.6
2025-12-30,456040,59600.0,8.0,-1.0,-1.2,2.1
2026-01-02,456040,58700.0,7.92,-9.4,1.2,8.2
2026-01-05,456040,58700.0,7.74,-7.8,-1.6,9.4
2026-01-06,456040,57700.0,7.71,-5.4,-2.0,7.4
2026-01-07,456040,56100.0,8.17,-7.5,-4.0,11.5
2026-01-08,456040,55200.0,8.0,-3.5,-2.5,6.0
2026-01-09,456040,54800.0,7.92,-7.9,-0.1,7.6
2026-01-12,456040,57500.0,7.76,-20.7,-0.2,20.6
2026-01-13,456040,64100.0,7.35,48.0,14.3,-62.7
2026-01-14,456040,73100.0,8.58,47.6,36.9,-83.8
2026-01-15,456040,73800.0,9.38,3.2,23.3,-25.8
2026-01-16,456040,72800.0,9.3,10.2,1.5,-12.3
2026-01-19,456040,70500.0,9.37,19.6,-18.2,-1.4
2026-01-20,456040,70500.0,9.66,0.8,5.7,-6.6
2026-01-21,456040,70500.0,9.66,6.5,4.5,-10.9
2026-01-22,456040,70900.0,9.81,1.6,2.3,-3.8
2026-01-23,456040,71600.0,9.85,0.0,3.3,-2.8
2026-01-26,456040,70400.0,9.81,-2.5,-0.1,3.1
2026-01-27,456040,69200.0,9.72,-2.1,-0.8,3.5
2026-01-28,456040,71200.0,9.67,-0.1,0.9,-2.3
2026-01-29,456040,71700.0,9.73,4.3,3.0,-7.4
2026-01-30,456040,70600.0,9.82,-3.2,1.8,1.9
2026-02-02,456040,68500.0,9.7,-6.5,3.0,3.4
2026-02-03,456040,73000.0,9.56,19.5,1.2,-25.5
2026-02-04,456040,79400.0,10.03,0.4,9.2,-10.1
2026-02-05,456040,76000.0,10.03,-21.9,-0.1,12.9
2026-02-06,456040,74800.0,9.46,-20.2,2.3,6.3
2026-02-09,456040,78400.0,9.15,10.9,7.3,-18.1
2026-02-10,456040,78300.0,9.4,-12.5,13.2,-16.1
2026-02-11,456040,79000.0,9.12,-1.4,9.9,-13.3
2026-02-12,456040,86700.0,9.13,36.9,40.9,-76.2
2026-02-13,456040,86500.0,9.86,-22.1,21.6,0.6
2026-02-19,456040,86900.0,9.44,-7.3,-3.4,12.3
2026-02-20,456040,85200.0,9.27,3.1,-3.5,-2.1
2026-02-23,456040,85000.0,9.27,-0.9,-0.6,33.7
2026-02-24,456040,86000.0,9.23,1.3,0.8,12.1
2026-02-25,456040,89000.0,9.22,45.6,-0.2,-38.5
2026-02-26,456040,88900.0,9.83,-10.1,6.6,-1.4
2026-02-27,456040,87900.0,9.63,2.9,-12.7,8.5
2026-03-03,456040,82400.0,9.69,8.0,11.0,-24.2
2026-03-04,456040,73800.0,9.76,-15.9,39.1,-22.0
2026-03-05,456040,80500.0,9.56,-7.5,1.4,5.5
2026-03-06,456040,83300.0,9.43,3.3,-3.8,-4.2
2026-03-09,456040,77900.0,9.54,-4.4,-0.5,-4.0
2026-03-10,456040,82000.0,9.46,-11.9,-0.2,8.0
2026-03-11,456040,83400.0,9.34,-2.8,4.4,-5.5
2026-03-12,456040,88400.0,9.28,21.0,34.1,-54.8
2026-03-13,456040,86400.0,9.75,-6.7,8.0,-1.0
2026-03-16,456040,84700.0,9.63,-6.0,4.3,0.9
2026-03-17,456040,86400.0,9.55,4.7,4.5,-9.4
2026-03-18,456040,95800.0,9.65,30.5,24.6,-53.3
2026-03-19,456040,95600.0,10.11,-14.0,21.8,-7.7
2026-03-20,456040,97800.0,9.91,-2.3,38.3,-12.1
2026-03-23,456040,96300.0,9.94,-10.3,54.4,-32.3
2026-03-24,456040,96700.0,9.89,-2.6,11.3,-8.4
2026-03-25,456040,94400.0,9.75,-11.1,13.7,-2.6
2026-03-26,456040,94200.0,9.55,-1.5,14.9,-13.3
2026-03-27,456040,93800.0,9.55,-1.8,4.0,-2.2
2026-03-30,456040,98000.0,9.53,22.5,6.8,-30.0
2026-03-31,456040,94000.0,9.91,-10.1,9.1,0.8
2026-04-01,456040,93900.0,9.75,11.2,-28.8,10.8
2026-04-02,456040,89900.0,9.77,17.3,-10.0,-7.2
2026-04-03,456040,96100.0,9.92,9.7,19.1,-30.6
2026-04-06,456040,93900.0,10.02,-7.9,6.0,1.2
2026-04-07,456040,92400.0,9.88,0.9,-8.5,1.0
2026-04-08,456040,92600.0,9.89,-3.8,-0.2,4.0
2026-04-09,456040,92000.0,9.84,14.0,-12.4,-1.9
2026-04-10,456040,93100.0,10.02,7.5,-2.4,-5.1
2026-04-13,456040,93100.0,10.14,5.9,-0.9,-5.0
2026-04-14,456040,90100.0,10.21,-9.6,-3.2,12.8
2026-04-15,456040,96100.0,9.99,-10.0,-47.5,56.7
2026-04-16,456040,100500.0,9.76,1.2,10.8,-11.0
2026-04-17,456040,98000.0,9.76,-3.3,3.5,0.6
2026-04-20,456040,96800.0,9.69,-3.0,7.0,-3.7
2026-04-21,456040,98200.0,9.67,-2.1,4.5,-2.3
2026-04-22,456040,121400.0,9.64,70.8,21.3,-88.8
2026-04-23,456040,137200.0,10.82,-62.9,-24.8,80.8
2026-04-24,456040,145500.0,10.0,-31.8,22.0,15.6
2026-04-27,456040,140700.0,9.71,3.3,-4.6,-1.0
2026-04-28,456040,140900.0,9.83,23.8,17.1,-41.5
2026-04-29,456040,141500.0,10.02,20.9,-7.0,-14.6
2026-04-30,456040,150000.0,10.17,4.8,91.4,-96.3
2026-05-04,456040,144300.0,10.32,-26.2,48.5,-22.2
2026-05-06,456040,141900.0,10.1,43.5,-2.6,-39.2
2026-05-07,456040,133900.0,10.45,34.6,-11.0,-26.0
2026-05-08,456040,134300.0,10.77,21.7,3.1,-18.1
2026-05-11,456040,131000.0,10.88,30.3,-24.6,-5.3
2026-05-12,456040,135000.0,11.12,48.0,8.6,-54.9
2026-05-13,456040,129900.0,11.67,-6.5,1.1,5.3
2026-05-14,456040,138000.0,11.47,15.7,39.8,-53.9
2026-05-15,456040,121400.0,11.71,-42.2,12.8,27.3
2026-05-18,456040,124500.0,11.14,17.3,6.3,-23.5
2026-05-19,456040,118900.0,11.36,15.3,0.8,-17.0
2026-05-20,456040,111000.0,11.5,39.5,-29.3,-13.1
2026-05-21,456040,116700.0,11.91,10.7,-3.6,-5.3
2026-05-22,456040,123000.0,12.01,-1.1,7.6,-4.8
2026-05-26,456040,125400.0,11.9,-3.5,-0.9,5.7
2026-05-27,456040,119600.0,11.8,5.0,-6.4,1.4
2026-05-28,456040,128200.0,11.82,22.9,11.2,-32.3
2026-05-29,456040,121500.0,12.09,-8.6,7.1,1.6
2026-06-01,456040,123000.0,11.94,4.4,18.3,-21.6
2026-06-02,456040,120100.0,12.05,21.5,-2.1,-17.9
2026-06-04,456040,120100.0,12.32,11.9,1.2,-13.0
2026-06-05,456040,113500.0,12.48,5.9,0.1,-5.9
2026-06-08,456040,106900.0,12.59,6.3,2.2,-8.7
2026-06-09,456040,108500.0,12.68,3.5,4.5,-7.8
2026-06-10,456040,105400.0,12.78,2.0,-0.1,-2.2
2026-06-11,456040,106100.0,12.69,-59.8,69.2,-9.4
2026-06-12,456040,105300.0,12.09,-14.8,2.6,11.8
2026-06-15,456040,97600.0,11.88,-1.6,-57.1,59.5
2026-06-16,456040,106600.0,11.75,54.4,-21.3,-34.1
2026-06-17,456040,107700.0,12.48,-1.1,9.1,-10.3
2026-06-18,456040,104600.0,12.44,17.9,-6.5,-11.0
2026-06-19,456040,99200.0,12.58,5.2,-1.2,-2.1
2026-06-22,456040,99300.0,12.62,26.4,-28.9,1.2
2026-06-23,456040,92400.0,12.92,9.7,-0.1,-9.1
2026-06-24,456040,91800.0,13.04,19.8,-13.5,-6.4
2026-06-25,456040,89000.0,13.33,11.6,-8.8,-2.7
2026-06-26,456040,81800.0,13.24,14.2,-8.0,-6.3
2026-06-29,456040,95300.0,13.45,9.1,5.1,-13.7
2026-06-30,456040,94500.0,13.63,-9.0,3.0,5.7
2026-07-01,456040,100100.0,13.48,-6.6,8.8,-2.0
2026-07-02,456040,93000.0,13.41,-19.6,-5.9,25.8
2026-07-03,456040,92400.0,13.09,8.7,-2.0,-7.3
2026-07-06,456040,91600.0,13.24,1.8,-3.7,2.2
2026-07-07,456040,90200.0,13.24,5.7,-5.2,-0.3
2026-07-08,456040,83700.0,13.33,5.2,-3.7,-1.4
2026-07-09,456040,85900.0,13.42,6.6,4.9,-11.6
2026-07-10,456040,89400.0,13.54,-4.1,5.4,-1.0
2026-07-13,456040,92100.0,13.5,-23.9,36.3,-11.6
2025-07-14,456070,12300.0,0.94,-0.6,,0.6
2025-07-15,456070,12240.0,0.89,0.6,0.0,-0.6
2025-07-16,456070,12360.0,0.92,0.9,0.0,-0.9
2025-07-17,456070,12810.0,0.99,2.9,0.0,-3.0
2025-07-18,456070,12470.0,1.28,-1.3,-0.0,1.3
2025-07-21,456070,12320.0,1.21,-0.7,,0.9
2025-07-22,456070,11920.0,1.1,-1.9,0.0,2.1
2025-07-23,456070,11670.0,0.87,-1.5,-0.3,2.0
2025-07-24,456070,11820.0,0.73,-3.5,,3.1
2025-07-25,456070,11820.0,0.48,-0.2,,0.2
2025-07-28,456070,11610.0,0.47,0.2,,-0.1
2025-07-29,456070,11800.0,0.52,0.4,,-0.5
2025-07-30,456070,11730.0,0.55,0.2,,-0.2
2025-07-31,456070,11790.0,0.58,0.4,,-0.1
2025-08-01,456070,11420.0,0.69,-1.0,,1.0
2025-08-04,456070,11350.0,0.59,0.1,,-0.1
2025-08-05,456070,11560.0,0.61,0.6,,-0.6
2025-08-06,456070,11630.0,0.66,0.9,,-0.8
2025-08-07,456070,11580.0,0.75,0.1,-0.2,0.0
2025-08-08,456070,11210.0,0.78,-0.4,-2.0,2.3
2025-08-11,456070,11110.0,0.72,0.1,,-0.1
2025-08-12,456070,11100.0,0.72,1.7,,-1.6
2025-08-13,456070,11240.0,0.87,1.1,,-1.1
2025-08-14,456070,11350.0,0.98,0.9,,-0.9
2025-08-18,456070,10860.0,1.1,-1.0,0.0,1.0
2025-08-19,456070,10480.0,0.84,0.8,,-0.8
2025-08-20,456070,10370.0,0.91,1.5,,-1.5
2025-08-21,456070,10220.0,1.11,0.1,,-0.1
2025-08-22,456070,10510.0,1.1,0.4,-0.0,-0.4
2025-08-25,456070,10550.0,1.18,0.5,0.0,-0.5
2025-08-26,456070,10360.0,1.26,1.2,0.0,-1.2
2025-08-27,456070,10390.0,1.4,1.2,0.0,-1.2
2025-08-28,456070,10500.0,1.52,0.6,-0.0,-0.6
2025-08-29,456070,10410.0,1.6,0.3,,-0.3
2025-09-01,456070,10040.0,1.63,-0.7,,0.7
2025-09-02,456070,10430.0,1.4,1.8,,-1.9
2025-09-03,456070,10820.0,1.63,2.0,,-2.0
2025-09-04,456070,10950.0,1.84,1.6,-0.0,-1.6
2025-09-05,456070,11300.0,2.08,1.7,,-1.7
2025-09-08,456070,11620.0,2.26,0.8,-1.2,0.4
2025-09-09,456070,11580.0,2.22,1.1,,-1.1
2025-09-10,456070,11600.0,2.35,0.4,0.0,-0.4
2025-09-11,456070,11520.0,2.36,0.2,,-0.2
2025-09-12,456070,11570.0,2.36,0.7,-0.0,-0.7
2025-09-15,456070,11600.0,2.42,0.2,,-0.2
2025-09-16,456070,11570.0,2.4,-0.0,0.0,-0.0
2025-09-17,456070,11380.0,2.38,0.5,,-0.5
2025-09-18,456070,11380.0,2.4,0.6,0.0,-0.6
2025-09-19,456070,11960.0,2.44,4.3,0.5,-4.9
2025-09-22,456070,12040.0,2.82,-0.7,0.5,0.2
2025-09-23,456070,12050.0,2.69,-0.1,0.3,-0.3
2025-09-24,456070,11610.0,2.59,-0.8,0.0,0.8
2025-09-25,456070,11540.0,2.5,-0.7,0.1,0.6
2025-09-26,456070,11020.0,2.43,-0.6,0.1,0.4
2025-09-29,456070,11080.0,2.53,0.5,0.1,-0.6
2025-09-30,456070,10850.0,2.53,-0.1,,0.1
2025-10-01,456070,10830.0,2.54,0.4,,-0.4
2025-10-02,456070,12000.0,2.61,9.3,1.4,-10.7
2025-10-10,456070,11920.0,3.42,0.4,0.1,-0.4
2025-10-13,456070,11620.0,3.47,-0.7,0.1,0.7
2025-10-14,456070,11390.0,3.37,-1.3,,1.3
2025-10-15,456070,11410.0,3.27,0.2,,-0.3
2025-10-16,456070,11380.0,3.28,-0.6,,0.6
2025-10-17,456070,12360.0,3.2,-0.4,-0.1,0.3
2025-10-20,456070,12740.0,3.17,-14.2,-0.0,14.4
2025-10-21,456070,12380.0,2.01,0.5,0.4,-0.9
2025-10-22,456070,12190.0,2.05,-3.4,0.0,3.3
2025-10-23,456070,11920.0,1.78,-1.3,,1.3
2025-10-24,456070,11760.0,1.83,-1.1,-0.9,2.0
2025-10-27,456070,12810.0,1.71,8.0,0.0,-7.8
2025-10-28,456070,12330.0,2.46,0.1,-0.0,-0.1
2025-10-29,456070,12100.0,2.49,-5.7,0.0,5.5
2025-10-30,456070,11730.0,1.9,-1.4,,1.3
2025-10-31,456070,11650.0,1.7,0.2,0.0,-0.2
2025-11-03,456070,11950.0,1.7,1.5,,-1.6
2025-11-04,456070,12120.0,1.88,1.2,0.0,-1.3
2025-11-05,456070,12020.0,1.99,-0.6,,0.7
2025-11-06,456070,12250.0,1.92,0.4,,-0.4
2025-11-07,456070,12300.0,2.02,-4.9,-0.0,4.9
2025-11-10,456070,12640.0,1.62,1.5,-0.3,-1.4
2025-11-11,456070,12670.0,1.71,1.7,-0.0,-2.3
2025-11-12,456070,13170.0,1.84,2.3,-0.0,-2.3
2025-11-13,456070,13080.0,2.02,-1.4,-0.0,1.3
2025-11-14,456070,12370.0,1.99,0.2,-0.5,0.3
2025-11-17,456070,12370.0,2.02,-3.9,-0.0,3.8
2025-11-18,456070,11680.0,1.58,-3.0,0.1,2.5
2025-11-19,456070,12050.0,1.33,-1.6,0.3,1.1
2025-11-20,456070,12750.0,1.21,9.4,0.4,-10.0
2025-11-21,456070,12730.0,2.15,-0.2,,0.1
2025-11-24,456070,12100.0,2.24,-3.2,,3.2
2025-11-25,456070,12190.0,1.86,2.2,0.0,-2.3
2025-11-26,456070,12990.0,2.05,9.5,0.1,-10.3
2025-11-27,456070,12760.0,2.9,-0.7,0.0,0.8
2025-11-28,456070,13080.0,2.78,1.5,-0.0,-1.3
2025-12-01,456070,13310.0,2.83,1.5,,-1.2
2025-12-02,456070,14240.0,3.04,-0.9,0.3,0.4
2025-12-03,456070,14500.0,2.81,-0.2,0.6,-0.3
2025-12-04,456070,15450.0,2.92,1.6,-0.5,-1.5
2025-12-05,456070,16370.0,3.06,-1.7,0.4,-2.3
2025-12-08,456070,14810.0,2.54,-3.3,0.0,2.1
2025-12-09,456070,15160.0,2.43,-4.5,0.5,-37.4
2025-12-10,456070,15580.0,2.14,3.9,0.2,-3.4
2025-12-11,456070,15660.0,2.38,2.0,-0.3,-1.8
2025-12-12,456070,15010.0,2.42,-1.1,0.1,1.3
2025-12-15,456070,14500.0,2.28,3.3,-1.7,-0.7
2025-12-16,456070,18340.0,2.54,-22.6,0.6,7.8
2025-12-17,456070,16190.0,1.19,-4.1,-5.1,15.6
2025-12-18,456070,15880.0,0.73,3.7,1.9,-5.5
2025-12-19,456070,18550.0,1.04,45.4,0.0,-45.9
2025-12-22,456070,20150.0,3.75,-30.9,0.2,31.0
2025-12-23,456070,18510.0,1.94,5.0,-0.0,26.3
2025-12-24,456070,18830.0,2.08,-12.7,-0.1,13.1
2025-12-26,456070,17940.0,1.45,-1.0,0.4,0.8
2025-12-29,456070,17730.0,1.47,2.9,0.3,-2.9
2025-12-30,456070,18180.0,1.65,-7.1,-0.0,5.5
2026-01-02,456070,17500.0,1.22,-7.8,0.3,8.5
2026-01-05,456070,17310.0,0.87,9.3,0.5,-9.9
2026-01-06,456070,16270.0,1.48,-4.6,-0.4,5.2
2026-01-07,456070,16010.0,1.28,3.9,0.7,-5.6
2026-01-08,456070,16370.0,1.51,-0.3,-0.1,-0.5
2026-01-09,456070,16700.0,1.49,-18.0,-13.6,28.6
2026-01-12,456070,16020.0,0.58,6.4,0.2,-7.5
2026-01-13,456070,15550.0,0.94,0.9,0.0,-0.8
2026-01-14,456070,15100.0,1.0,4.6,0.4,-5.3
2026-01-15,456070,15760.0,1.27,5.0,-0.2,-5.5
2026-01-16,456070,16290.0,1.56,-5.7,0.0,3.3
2026-01-19,456070,15490.0,1.24,-3.2,1.4,1.8
2026-01-20,456070,15940.0,1.05,9.0,0.6,-10.4
2026-01-21,456070,14990.0,1.57,0.0,-0.0,-0.4
2026-01-22,456070,14640.0,1.57,1.9,0.3,-2.0
2026-01-23,456070,15470.0,1.69,12.0,-0.0,-8.7
2026-01-26,456070,15710.0,2.41,0.4,0.0,1.8
2026-01-27,456070,17010.0,2.43,-23.3,-0.4,23.1
2026-01-28,456070,16950.0,1.22,0.7,-0.2,0.3
2026-01-29,456070,18050.0,1.26,7.8,-0.8,-5.4
2026-01-30,456070,17470.0,1.67,-1.0,-0.2,1.1
2026-02-02,456070,17440.0,1.62,-0.3,-0.5,2.9
2026-02-03,456070,17690.0,1.6,-5.4,,5.3
2026-02-04,456070,17340.0,1.32,0.1,0.9,-0.4
2026-02-05,456070,16500.0,1.35,4.3,0.1,-4.3
2026-02-06,456070,16590.0,1.57,-1.8,0.9,1.1
2026-02-09,456070,16670.0,1.44,-3.0,0.2,3.0
2026-02-10,456070,16890.0,1.37,-7.9,0.0,7.0
2026-02-11,456070,16690.0,0.94,-0.7,0.0,0.6
2026-02-12,456070,17400.0,0.9,15.1,0.0,-15.4
2026-02-13,456070,16700.0,1.71,-13.4,-2.0,15.0
2026-02-19,456070,16660.0,0.98,2.0,-0.0,-2.1
2026-02-20,456070,16960.0,1.13,3.8,-0.3,-3.5
2026-02-23,456070,17700.0,1.33,-10.6,0.0,10.3
2026-02-24,456070,17530.0,0.82,-0.7,0.0,3.2
2026-02-25,456070,17320.0,0.78,-1.8,-0.0,3.8
2026-02-26,456070,16650.0,0.69,-3.6,,3.4
2026-02-27,456070,16510.0,0.6,1.1,0.1,-1.4
2026-03-03,456070,15800.0,0.69,7.5,0.2,-7.3
2026-03-04,456070,13400.0,1.13,12.9,0.4,-11.3
2026-03-05,456070,15080.0,1.98,10.1,-0.6,-9.6
2026-03-06,456070,16190.0,2.62,1.4,-0.9,-0.4
2026-03-09,456070,15000.0,2.7,-3.5,,3.4
2026-03-10,456070,15730.0,2.49,3.7,0.2,-3.9
2026-03-11,456070,15310.0,2.7,-0.9,-0.0,0.9
2026-03-12,456070,16020.0,2.65,3.8,-0.0,-4.7
2026-03-13,456070,15940.0,2.86,0.1,0.0,-0.2
2026-03-16,456070,15510.0,2.87,-3.3,,3.4
2026-03-17,456070,15540.0,2.68,0.9,,-0.8
2026-03-18,456070,15560.0,2.73,-19.9,,20.8
2026-03-19,456070,15050.0,1.4,-4.8,,4.9
2026-03-20,456070,15290.0,1.1,2.6,-0.0,-2.5
2026-03-23,456070,14600.0,1.25,2.2,-0.5,-1.8
2026-03-24,456070,15210.0,1.39,6.0,-0.1,-6.2
2026-03-25,456070,15930.0,1.75,9.7,-0.0,-8.6
2026-03-26,456070,15930.0,2.31,5.1,-2.0,-0.9
2026-03-27,456070,15810.0,2.59,-0.4,-0.7,2.4
2026-03-30,456070,15390.0,2.57,0.7,-0.9,0.5
2026-03-31,456070,14740.0,2.61,0.3,-0.5,1.1
2026-04-01,456070,16020.0,2.63,13.6,-1.0,-11.7
2026-04-02,456070,14800.0,3.42,-5.3,0.2,5.1
2026-04-03,456070,14800.0,3.09,-4.1,,3.9
2026-04-06,456070,14280.0,2.84,0.3,0.0,-0.3
2026-04-07,456070,14000.0,2.89,0.4,,-0.4
2026-04-08,456070,14720.0,2.91,2.8,,-2.9
2026-04-09,456070,14300.0,3.08,-1.1,0.0,1.1
2026-04-10,456070,14280.0,3.01,-0.9,,0.9
2026-04-13,456070,14310.0,2.96,-0.5,,-9.5
2026-04-14,456070,14500.0,2.92,0.5,,-0.5
2026-04-15,456070,15280.0,2.95,4.7,0.0,-4.8
2026-04-16,456070,15490.0,3.23,3.3,,-3.1
2026-04-17,456070,15570.0,3.43,0.1,-0.0,-0.1
2026-04-20,456070,16050.0,3.43,-14.5,0.0,14.5
2026-04-21,456070,15750.0,2.61,-2.6,0.2,2.1
2026-04-22,456070,15930.0,2.59,1.7,-0.0,-2.1
2026-04-23,456070,16200.0,2.68,6.2,1.7,-5.3
2026-04-24,456070,16090.0,3.03,0.5,0.0,23.8
2026-04-27,456070,16510.0,3.06,5.1,-0.0,-5.0
2026-04-28,456070,16460.0,3.34,3.5,0.0,-3.6
2026-04-29,456070,16280.0,3.53,-0.0,-0.0,-0.0
2026-04-30,456070,15580.0,3.53,1.3,0.0,-1.2
2026-05-04,456070,15260.0,3.61,-1.9,-0.0,2.0
2026-05-06,456070,14910.0,3.49,0.3,0.1,0.0
2026-05-07,456070,14360.0,3.51,-2.9,-1.4,-3.2
2026-05-08,456070,14030.0,3.33,-3.4,0.0,3.3
2026-05-11,456070,13430.0,3.11,-4.3,0.0,4.2
2026-05-12,456070,13220.0,2.83,2.7,0.2,0.3
2026-05-13,456070,12870.0,3.01,0.6,0.0,-0.8
2026-05-14,456070,13050.0,3.05,0.1,0.4,0.0
2026-05-15,456070,12230.0,3.06,1.6,-0.1,-1.5
2026-05-18,456070,11870.0,3.17,3.3,0.0,-3.2
2026-05-19,456070,11460.0,3.44,7.1,0.2,-7.6
2026-05-20,456070,11060.0,4.0,2.6,0.0,-2.4
2026-05-21,456070,10800.0,4.21,-0.7,0.0,0.2
2026-05-22,456070,12100.0,4.15,1.6,-0.0,-1.8
2026-05-26,456070,11150.0,4.29,-7.1,0.1,7.4
2026-05-27,456070,11250.0,3.72,-1.8,0.2,1.2
2026-05-28,456070,10990.0,3.57,-1.1,-0.0,1.3
2026-05-29,456070,10420.0,3.49,-1.5,0.6,0.9
2026-06-01,456070,9990.0,3.36,0.9,0.2,-1.4
2026-06-02,456070,9610.0,3.44,1.5,0.1,-1.5
2026-06-04,456070,9780.0,3.58,-0.2,-0.0,0.2
2026-06-05,456070,9210.0,3.56,1.5,0.0,-1.3
2026-06-08,456070,8180.0,3.7,3.0,0.2,-3.2
2026-06-09,456070,8790.0,4.02,3.2,-0.0,-3.2
2026-06-10,456070,8600.0,4.37,-0.5,-0.0,-1.3
2026-06-11,456070,8780.0,4.32,0.8,-0.0,-0.8
2026-06-12,456070,8800.0,4.41,0.2,0.0,-0.2
2026-06-15,456070,8910.0,4.43,-0.9,-0.0,0.9
2026-06-16,456070,9090.0,4.33,-0.3,-0.0,4.9
2026-06-17,456070,9220.0,4.27,-0.7,-0.0,0.6
2026-06-18,456070,8480.0,4.2,0.1,0.0,-0.4
2026-06-19,456070,8290.0,4.21,-0.5,0.3,0.0
2026-06-22,456070,7860.0,4.15,0.5,0.3,-6.7
2026-06-23,456070,7880.0,4.2,0.9,0.1,-1.1
2026-06-24,456070,7850.0,4.32,-0.2,0.0,0.2
2026-06-25,456070,7550.0,4.29,0.3,-0.3,-0.0
2026-06-26,456070,7090.0,4.33,1.3,0.1,-1.3
2026-06-29,456070,8170.0,4.49,3.1,-0.0,-3.0
2026-06-30,456070,7690.0,4.85,-1.5,-0.0,1.6
2026-07-01,456070,7770.0,4.67,-0.2,0.0,0.2
2026-07-02,456070,7260.0,4.64,-0.2,0.0,0.2
2026-07-03,456070,7310.0,4.6,0.3,-0.0,-0.3
2026-07-06,456070,7200.0,4.65,0.1,-0.0,-0.1
2026-07-07,456070,7040.0,4.66,0.2,0.0,-0.2
2026-07-08,456070,6670.0,4.68,0.4,0.0,-0.3
2026-07-09,456070,6890.0,4.73,0.9,0.0,-0.9
2026-07-10,456070,7220.0,4.84,-0.2,-0.0,0.2
2026-07-13,456070,6610.0,4.79,-0.1,0.1,0.4
2025-08-14,456160,93800.0,1.87,-26.8,-124.3,262.2
2025-08-18,456160,121900.0,1.29,-2.2,-11.1,13.9
2025-08-19,456160,126300.0,1.23,-22.0,13.2,60.9
2025-08-20,456160,118500.0,0.67,-3.1,20.6,-8.6
2025-08-21,456160,105000.0,0.57,2.8,-24.3,27.9
2025-08-22,456160,106600.0,0.7,-1.1,17.3,-19.2
2025-08-25,456160,138500.0,0.7,52.7,8.9,-84.6
2025-08-26,456160,138300.0,1.99,-32.3,37.3,-11.4
2025-08-27,456160,158400.0,1.11,8.6,13.3,-22.8
2025-08-28,456160,160100.0,1.52,-9.0,17.0,-9.7
2025-08-29,456160,165100.0,1.31,11.7,12.2,-26.8
2025-09-01,456160,147000.0,1.34,-22.1,7.0,16.8
2025-09-02,456160,146000.0,0.96,-4.0,-2.6,2.4
2025-09-03,456160,148700.0,0.71,18.2,-26.0,9.0
2025-09-04,456160,148700.0,1.05,-16.0,-12.6,27.9
2025-09-05,456160,144300.0,0.61,-0.3,-31.2,30.3
2025-09-08,456160,135900.0,0.66,1.8,-42.2,39.2
2025-09-09,456160,134600.0,0.84,7.5,-20.5,12.1
2025-09-10,456160,169700.0,0.97,59.4,5.3,-63.5
2025-09-11,456160,165900.0,2.15,7.7,48.6,-55.1
2025-09-12,456160,171300.0,2.09,23.7,42.2,-74.5
2025-09-15,456160,199000.0,2.13,84.3,-28.4,222.9
2025-09-16,456160,196400.0,2.89,-73.8,-67.4,178.2
2025-09-17,456160,212000.0,2.06,-5.1,6.6,14.1
2025-09-18,456160,213000.0,1.91,14.5,39.5,16.9
2025-09-19,456160,234000.0,2.0,114.3,99.0,-136.4
2025-09-22,456160,233000.0,3.05,-160.2,114.2,103.8
2025-09-23,456160,235000.0,1.71,20.3,-8.7,-27.6
2025-09-24,456160,228000.0,1.86,11.7,-5.2,-5.3
2025-09-25,456160,209000.0,1.95,19.2,-119.5,97.6
2025-09-26,456160,210000.0,2.13,-19.0,8.1,-2.5
2025-09-29,456160,208000.0,1.85,-44.8,44.4,73.0
2025-09-30,456160,218500.0,1.46,107.5,-15.8,168.5
2025-10-01,456160,202000.0,2.52,-65.0,-32.3,103.4
2025-10-02,456160,200500.0,1.92,-6.5,-19.2,48.6
2025-10-10,456160,195800.0,1.87,-15.7,-60.6,62.7
2025-10-13,456160,189700.0,1.72,10.5,1.8,-10.1
2025-10-14,456160,190500.0,1.82,7.6,17.0,-22.7
2025-10-15,456160,191500.0,1.89,-26.0,30.7,-6.3
2025-10-16,456160,172000.0,1.66,-66.9,-59.5,135.9
2025-10-17,456160,166300.0,0.99,88.4,-17.4,-62.4
2025-10-20,456160,165500.0,1.94,4.6,-26.2,27.0
2025-10-21,456160,159000.0,1.99,52.0,-54.0,9.4
2025-10-22,456160,170500.0,2.6,-145.4,-195.0,395.4
2025-10-23,456160,179700.0,1.15,86.4,-26.6,-31.6
2025-10-24,456160,171400.0,2.62,-37.1,-68.1,120.6
2025-10-27,456160,184700.0,2.25,223.3,-0.4,-197.1
2025-10-28,456160,175800.0,4.57,-131.0,-12.0,139.8
2025-10-29,456160,174000.0,3.25,-40.8,-22.9,57.4
2025-10-30,456160,176900.0,2.81,41.7,-4.2,-33.3
2025-10-31,456160,167000.0,3.25,-35.5,-30.9,84.9
2025-11-03,456160,181500.0,2.92,307.5,18.5,-288.9
2025-11-04,456160,185000.0,6.16,-31.6,69.4,-35.1
2025-11-05,456160,61700.0,5.85,-118.4,-75.0,212.7
2025-11-06,456160,59300.0,2.7,-28.4,29.3,1.0
2025-11-07,456160,65100.0,1.85,31.8,29.8,-40.9
2025-11-10,456160,74700.0,2.8,-13.8,-22.9,47.3
2025-11-11,456160,89600.0,2.32,35.5,25.1,-37.6
2025-11-12,456160,89500.0,3.26,-51.8,16.8,38.0
2025-11-13,456160,92200.0,2.21,-14.6,-4.2,22.0
2025-11-14,456160,94700.0,2.02,15.9,-55.3,36.9
2025-11-17,456160,97900.0,2.58,-33.3,9.7,15.0
2025-11-18,456160,97900.0,1.99,-28.0,3.9,27.8
2025-11-19,456160,95000.0,1.55,-0.4,22.2,-18.1
2025-11-20,456160,93300.0,1.58,-11.4,25.9,-3.0
2025-11-21,456160,83700.0,1.4,17.1,-94.0,93.4
2025-11-24,456160,80000.0,2.07,-3.3,-35.0,50.4
2025-11-25,456160,77000.0,4.66,1.4,-70.6,78.1
2025-11-26,456160,79300.0,4.55,-64.4,19.7,73.2
2025-11-27,456160,74100.0,4.3,-91.5,-141.7,253.3
2025-11-28,456160,84200.0,3.58,280.8,57.7,-290.3
2025-12-01,456160,83000.0,5.75,-207.0,12.0,179.1
2025-12-02,456160,83500.0,4.27,-228.5,-35.6,263.7
2025-12-03,456160,87400.0,2.51,-83.5,12.2,58.7
2025-12-04,456160,89000.0,1.73,-16.7,-22.0,33.3
2025-12-05,456160,80800.0,1.74,-90.9,-78.7,185.2
2025-12-08,456160,76400.0,1.23,-7.5,-79.7,99.8
2025-12-09,456160,77000.0,1.23,-16.5,-40.4,56.3
2025-12-10,456160,77200.0,1.19,-40.0,-29.4,67.6
2025-12-11,456160,77100.0,1.33,-21.4,-19.6,44.2
2025-12-12,456160,75000.0,1.2,-30.5,-12.2,44.8
2025-12-15,456160,72500.0,1.03,45.6,-64.4,38.1
2025-12-16,456160,76700.0,1.5,7.1,40.3,-7.5
2025-12-17,456160,69900.0,1.61,-63.7,-13.2,103.8
2025-12-18,456160,68800.0,0.94,16.5,-3.4,12.0
2025-12-19,456160,68000.0,1.09,17.8,-3.6,11.3
2025-12-22,456160,68200.0,1.26,-18.5,-14.8,33.1
2025-12-23,456160,66700.0,1.13,-27.4,-10.5,38.2
2025-12-24,456160,66400.0,0.89,9.4,-17.5,6.8
2025-12-26,456160,67500.0,1.05,39.2,2.7,-45.3
2025-12-29,456160,69400.0,1.4,-30.9,-1.0,32.8
2025-12-30,456160,67000.0,1.13,-31.0,-33.0,69.4
2026-01-02,456160,63600.0,0.85,2.7,-41.6,36.0
2026-01-05,456160,64800.0,0.94,31.4,-54.5,26.6
2026-01-06,456160,63200.0,1.34,6.8,-51.9,45.4
2026-01-07,456160,64500.0,1.37,36.5,-55.9,15.3
2026-01-08,456160,80800.0,1.72,129.3,38.7,-159.0
2026-01-09,456160,81200.0,3.17,-32.3,59.4,-42.7
2026-01-12,456160,75000.0,2.6,-59.3,-11.9,77.5
2026-01-13,456160,71000.0,2.2,-17.5,-23.8,55.9
2026-01-14,456160,71800.0,1.96,-20.0,75.3,-53.2
2026-01-15,456160,77800.0,1.9,48.2,40.6,-93.8
2026-01-16,456160,82800.0,2.33,111.9,161.6,-290.1
2026-01-19,456160,87700.0,3.42,84.6,157.1,-226.2
2026-01-20,456160,83400.0,4.15,-47.5,45.0,3.2
2026-01-21,456160,74200.0,3.54,35.3,-86.9,81.3
2026-01-22,456160,77000.0,3.65,-43.3,17.8,13.1
2026-01-23,456160,79300.0,3.12,-17.6,4.3,10.6
2026-01-26,456160,82100.0,3.03,-8.3,-16.8,18.7
2026-01-27,456160,80200.0,2.76,5.9,2.8,-9.6
2026-01-28,456160,85000.0,2.49,137.2,-7.7,-133.6
2026-01-29,456160,84100.0,3.51,-5.2,-10.1,11.5
2026-01-30,456160,77600.0,3.48,-63.4,-82.7,153.9
2026-02-02,456160,74300.0,2.87,15.6,26.9,-41.5
2026-02-03,456160,83700.0,3.0,183.7,78.3,-276.5
2026-02-04,456160,87800.0,4.76,107.0,48.7,-149.4
2026-02-05,456160,84000.0,5.63,-43.8,34.7,16.6
2026-02-06,456160,79700.0,5.09,-106.0,-17.6,114.5
2026-02-09,456160,86100.0,4.01,67.0,16.9,-70.3
2026-02-10,456160,86100.0,4.18,-6.3,39.2,-35.2
2026-02-11,456160,89000.0,3.95,12.3,92.4,-95.4
2026-02-12,456160,93200.0,4.24,175.2,-48.6,-129.3
2026-02-13,456160,89400.0,5.51,-114.3,-6.8,116.1
2026-02-19,456160,89200.0,4.43,-30.6,-122.7,153.3
2026-02-20,456160,89500.0,4.15,49.6,4.3,-62.1
2026-02-23,456160,97200.0,4.53,265.8,21.5,-286.9
2026-02-24,456160,100800.0,6.36,30.0,-3.1,-26.8
2026-02-25,456160,105500.0,6.13,178.9,24.5,-200.3
2026-02-26,456160,103100.0,7.34,-80.1,4.4,81.3
2026-02-27,456160,108200.0,6.49,97.1,6.9,-111.1
2026-03-03,456160,100000.0,7.25,-14.4,-42.2,59.4
2026-03-04,456160,84000.0,6.97,102.9,-50.1,-62.3
2026-03-05,456160,90200.0,7.75,-84.8,6.3,82.8
2026-03-06,456160,103400.0,6.96,132.1,70.1,-200.1
2026-03-09,456160,95600.0,8.07,-42.5,-11.3,50.9
2026-03-10,456160,102000.0,7.54,-114.1,105.8,6.4
2026-03-11,456160,106000.0,6.35,149.5,34.7,-177.4
2026-03-12,456160,113500.0,7.47,77.4,28.5,-103.6
2026-03-13,456160,118800.0,7.9,-126.1,163.6,-36.6
2026-03-16,456160,100200.0,7.72,-622.2,-289.5,931.5
2026-03-17,456160,93500.0,3.47,-34.3,-209.3,247.1
2026-03-18,456160,91600.0,3.35,-8.6,-319.0,329.9
2026-03-19,456160,86900.0,3.3,11.8,-128.0,133.5
2026-03-20,456160,89200.0,3.5,152.9,-26.7,-124.1
2026-03-23,456160,77000.0,4.56,28.7,-187.7,157.0
2026-03-24,456160,72500.0,4.89,9.1,-87.9,76.5
2026-03-25,456160,79100.0,4.94,20.2,15.4,-40.7
2026-03-26,456160,78300.0,5.37,-43.3,0.2,38.9
2026-03-27,456160,78800.0,4.76,-9.6,-39.1,56.5
2026-03-30,456160,71900.0,4.85,-12.6,-11.6,22.2
2026-03-31,456160,65800.0,4.79,30.4,-43.4,11.1
2026-04-01,456160,76000.0,5.03,-31.3,19.6,9.3
2026-04-02,456160,67600.0,4.8,-16.0,-33.5,52.9
2026-04-03,456160,66800.0,4.73,-10.2,-9.7,25.8
2026-04-06,456160,65500.0,4.66,-1.0,14.7,-12.2
2026-04-07,456160,66300.0,4.67,11.6,0.9,-20.3
2026-04-08,456160,68000.0,4.74,-16.2,-47.9,63.2
2026-04-09,456160,69500.0,4.61,3.9,18.4,-26.8
2026-04-10,456160,71200.0,4.77,0.0,19.0,-22.8
2026-04-13,456160,69800.0,4.57,-17.0,26.1,-8.2
2026-04-14,456160,70300.0,4.43,-9.5,-3.5,14.0
2026-04-15,456160,71800.0,4.35,5.5,-8.1,0.6
2026-04-16,456160,72600.0,4.46,-11.4,14.2,-12.6
2026-04-17,456160,71600.0,4.32,-12.0,3.9,8.1
2026-04-20,456160,76700.0,4.22,35.7,38.3,-83.0
2026-04-21,456160,77000.0,4.87,-46.6,10.4,29.2
2026-04-22,456160,75200.0,4.29,-14.7,8.5,17.9
2026-04-23,456160,81500.0,4.19,66.0,136.2,-201.7
2026-04-24,456160,81400.0,5.05,-44.3,46.4,1.8
2026-04-27,456160,81800.0,4.61,-37.4,37.0,5.0
2026-04-28,456160,79000.0,4.23,-2.7,6.7,-3.8
2026-04-29,456160,84900.0,4.21,38.7,73.0,-114.7
2026-04-30,456160,85600.0,4.61,-16.7,129.7,-124.2
2026-05-04,456160,85200.0,4.83,-45.7,74.8,-28.5
2026-05-06,456160,77800.0,4.35,-14.4,-50.9,75.6
2026-05-07,456160,78700.0,4.21,14.2,31.2,-50.9
2026-05-08,456160,77400.0,4.35,-19.2,47.1,-33.0
2026-05-11,456160,72200.0,4.2,21.5,-48.3,40.2
2026-05-12,456160,73800.0,4.27,4.1,22.1,-26.2
2026-05-13,456160,68600.0,3.75,-42.4,-22.0,62.8
2026-05-14,456160,70800.0,3.37,28.8,-13.9,-17.9
2026-05-15,456160,66400.0,3.74,21.1,-32.0,9.8
2026-05-18,456160,62800.0,3.85,40.6,-8.3,-20.8
2026-05-19,456160,61200.0,4.28,28.0,-1.6,-27.7
2026-05-20,456160,58200.0,4.77,60.5,-9.9,-45.5
2026-05-21,456160,56800.0,5.46,-4.7,-19.3,26.8
2026-05-22,456160,62900.0,5.19,16.9,41.4,-63.5
2026-05-26,456160,63700.0,5.46,-16.6,-1.0,24.4
2026-05-27,456160,64200.0,5.18,-61.6,38.1,21.8
2026-05-28,456160,62800.0,4.7,-2.7,-17.7,17.4
2026-05-29,456160,58200.0,4.6,-24.0,-35.3,57.1
2026-06-01,456160,56400.0,4.29,51.6,-54.2,6.6
2026-06-02,456160,53700.0,4.89,18.6,4.0,-21.8
2026-06-04,456160,53500.0,5.22,22.9,-33.8,9.1
2026-06-05,456160,53000.0,5.53,11.0,6.8,-19.7
2026-06-08,456160,44850.0,5.65,43.6,-31.4,-13.5
2026-06-09,456160,48350.0,6.27,35.9,1.4,-37.0
2026-06-10,456160,46700.0,6.83,13.3,-7.7,-4.6
2026-06-11,456160,46200.0,7.01,18.4,-18.0,-1.7
2026-06-12,456160,45350.0,7.24,2.3,-15.7,15.8
2026-06-15,456160,45350.0,7.22,12.8,-2.8,-9.2
2026-06-16,456160,48650.0,7.43,10.7,0.4,-13.1
2026-06-17,456160,49350.0,7.59,5.0,-18.9,10.2
2026-06-18,456160,44800.0,7.58,5.6,-27.2,19.8
2026-06-19,456160,42300.0,7.54,32.1,-17.4,-8.7
2026-06-22,456160,41050.0,7.99,19.1,-12.7,-5.5
2026-06-23,456160,37650.0,8.19,15.3,-0.4,-14.7
2026-06-24,456160,40600.0,8.38,4.1,17.6,-21.3
2026-06-25,456160,40200.0,8.5,-2.4,3.4,-1.6
2026-06-26,456160,36000.0,8.25,6.7,-15.7,8.8
2026-06-29,456160,43700.0,8.25,7.2,9.6,-16.1
2026-06-30,456160,41450.0,8.58,-15.8,2.6,15.4
2026-07-01,456160,42350.0,8.3,-10.4,12.5,-2.9
2026-07-02,456160,40500.0,8.3,-46.4,8.0,38.7
2026-07-03,456160,37250.0,7.01,4.3,-25.1,27.4
2026-07-06,456160,35600.0,6.99,5.5,-2.5,-4.1
2026-07-07,456160,35500.0,7.07,10.3,-5.9,-4.9
2026-07-08,456160,32050.0,7.33,18.5,-16.3,-2.2
2026-07-09,456160,31600.0,7.68,11.1,-11.0,-0.0
2026-07-10,456160,32450.0,7.88,12.0,-9.8,-1.9
2026-07-13,456160,31650.0,8.17,-2.9,11.7,-8.6
2025-12-30,456440,,,,,
2026-01-30,456440,,,,,
2026-02-27,456440,,,,,
2026-03-31,456440,,,,,
2026-04-30,456440,,,,,
2026-05-29,456440,,,,,
2026-06-30,456440,,,,,
2026-07-13,456440,,,,,
2025-07-14,456490,2145.0,0.01,0.0,-0.0,0.0
2025-07-15,456490,2145.0,0.01,-0.0,0.0,-0.0
2025-07-16,456490,2140.0,0.01,0.0,0.2,-0.2
2025-07-17,456490,2150.0,0.01,-0.0,0.0,-0.0
2025-07-18,456490,2150.0,0.01,,-0.0,0.0
2025-07-21,456490,2155.0,0.01,-0.0,-0.1,0.1
2025-07-22,456490,2160.0,0.01,-0.0,-0.3,0.3
2025-07-23,456490,2160.0,0.01,-0.0,-0.0,0.0
2025-07-24,456490,2160.0,0.01,0.0,0.0,-0.0
2025-07-25,456490,2165.0,0.01,0.0,0.0,-0.0
2025-07-28,456490,2160.0,0.01,-0.0,0.0,0.0
2025-07-29,456490,2160.0,0.01,-0.0,0.1,-0.1
2025-07-30,456490,2155.0,0.01,-0.0,0.1,-0.1
2025-07-31,456490,2165.0,0.01,-0.0,-0.2,0.2
2025-08-01,456490,2165.0,0.01,-0.0,0.0,0.0
2025-08-04,456490,2165.0,0.01,0.0,-0.1,0.1
2025-08-05,456490,2165.0,0.01,0.0,0.0,-0.0
2025-08-06,456490,2165.0,0.01,-0.0,0.0,0.0
2025-08-07,456490,2165.0,0.01,-0.0,-0.1,0.1
2025-08-08,456490,2170.0,0.01,-0.0,0.0,0.0
2025-08-11,456490,2170.0,0.01,-0.0,-0.0,0.0
2025-08-12,456490,2175.0,0.01,-0.0,0.0,-0.0
2025-08-13,456490,2170.0,0.01,-0.0,0.0,0.0
2025-08-14,456490,2165.0,0.01,0.0,0.0,0.0
2025-08-18,456490,2165.0,0.01,0.0,0.0,-0.0
2025-08-19,456490,2165.0,0.01,-0.0,0.0,0.0
2025-08-20,456490,2165.0,0.01,-0.0,0.2,-0.2
2025-08-21,456490,2165.0,0.01,,0.0,0.0
2025-08-22,456490,2175.0,0.01,0.0,0.0,-0.0
2025-08-25,456490,2170.0,0.01,,0.0,0.0
2025-08-26,456490,2165.0,0.01,,0.0,0.1
2025-08-27,456490,2160.0,0.01,0.0,0.0,-0.0
2025-08-28,456490,2160.0,0.01,0.0,0.0,-0.0
2025-08-29,456490,2155.0,0.01,0.0,0.0,-0.0
2025-09-01,456490,2165.0,0.01,0.0,0.1,-0.1
2025-09-02,456490,2165.0,0.01,,0.0,0.0
2025-09-03,456490,2165.0,0.01,-0.0,0.0,-0.0
2025-09-04,456490,2165.0,0.0,0.0,0.0,0.0
2025-09-05,456490,2165.0,0.0,0.0,0.0,-0.0
2025-09-08,456490,2175.0,0.01,-0.0,0.0,0.0
2025-09-09,456490,2170.0,0.0,0.0,0.4,-0.4
2025-09-10,456490,2170.0,0.01,0.0,0.1,-0.1
2025-09-11,456490,2175.0,0.01,-0.0,0.0,-0.0
2025-09-12,456490,2180.0,0.01,-0.0,0.2,-0.2
2025-09-15,456490,2180.0,0.01,0.0,0.0,-0.0
2025-09-16,456490,2175.0,0.01,0.0,0.1,-0.1
2025-09-17,456490,2175.0,0.01,0.0,-0.0,0.0
2025-09-18,456490,2180.0,0.02,0.0,0.0,-0.0
2025-09-19,456490,2180.0,0.02,0.0,-0.0,0.0
2025-09-22,456490,2180.0,0.02,-0.0,0.0,0.0
2025-09-23,456490,2180.0,0.01,-0.0,0.1,-0.1
2025-09-24,456490,2180.0,0.01,-0.0,0.0,0.0
2025-09-25,456490,2160.0,0.01,-0.0,0.0,0.0
2025-09-26,456490,2165.0,0.01,0.0,0.2,-0.2
2025-09-29,456490,2180.0,0.01,0.0,0.0,-0.0
2025-09-30,456490,2180.0,0.01,-0.0,0.0,-0.0
2025-10-01,456490,2180.0,0.01,-0.0,0.0,0.0
2025-10-02,456490,2185.0,0.01,0.0,0.0,-0.0
2025-10-10,456490,2180.0,0.01,-0.0,0.0,0.0
2025-10-13,456490,2170.0,0.01,-0.0,0.0,0.0
2025-10-14,456490,2160.0,0.01,0.0,0.1,-0.1
2025-10-15,456490,2170.0,0.01,0.0,0.0,-0.0
2025-10-16,456490,2170.0,0.01,0.0,0.0,-0.0
2025-10-17,456490,2170.0,0.01,0.0,0.0,-0.0
2025-10-20,456490,2170.0,0.01,-0.0,-0.0,0.0
2025-10-21,456490,2170.0,0.01,0.0,0.1,0.0
2025-10-22,456490,2170.0,0.01,0.0,0.1,-0.1
2025-10-23,456490,2155.0,0.01,-0.0,0.0,-0.0
2025-10-24,456490,2165.0,0.01,0.0,-0.0,0.0
2025-10-27,456490,2165.0,0.01,-0.0,0.0,0.2
2025-10-28,456490,2175.0,0.01,0.0,0.0,0.1
2025-10-29,456490,2195.0,0.01,-0.0,0.0,0.0
2025-10-30,456490,2240.0,0.01,0.0,0.1,-0.1
2025-10-31,456490,2240.0,0.02,0.0,0.0,-0.0
2025-11-03,456490,2235.0,0.02,0.0,0.0,-0.0
2025-11-04,456490,2220.0,0.03,0.0,0.1,-0.1
2025-11-05,456490,2300.0,0.03,0.1,-0.3,0.1
2025-11-06,456490,2285.0,0.16,0.0,0.0,-0.0
2025-11-07,456490,2280.0,0.17,0.0,-0.0,0.0
2025-11-10,456490,2280.0,0.17,-0.0,-0.0,0.0
2025-11-11,456490,2245.0,0.16,-0.0,-0.6,0.6
2025-11-12,456490,2235.0,0.14,0.1,-0.1,0.0
2025-11-13,456490,2165.0,0.21,0.0,0.2,-0.3
2025-11-14,456490,2175.0,0.25,0.0,0.1,-0.1
2025-11-17,456490,2175.0,0.28,0.0,-0.1,0.0
2025-11-18,456490,2165.0,0.3,0.0,-2.1,2.0
2025-11-19,456490,2160.0,0.34,-0.0,-0.1,0.1
2025-11-20,456490,2160.0,0.33,-0.0,-0.1,0.1
2025-11-21,456490,2150.0,0.33,-0.0,0.0,-0.0
2025-11-24,456490,2095.0,0.33,0.0,-1.2,1.2
2025-11-25,456490,2110.0,0.33,-0.0,0.0,0.0
2025-11-26,456490,2120.0,0.3,-0.0,0.8,-0.8
2025-11-27,456490,2110.0,0.26,-0.0,0.0,0.0
2025-11-28,456490,2120.0,0.25,-0.0,0.0,0.0
2025-12-01,456490,2105.0,0.25,-0.0,0.2,-0.2
2025-12-02,456490,2115.0,0.24,-0.0,2.0,-2.0
2025-12-03,456490,2110.0,0.24,-0.0,0.0,-0.0
2025-12-04,456490,2110.0,0.24,-0.0,0.0,0.0
2025-12-05,456490,2105.0,0.24,-0.0,0.0,0.0
2025-12-08,456490,2105.0,0.23,0.1,0.4,-0.4
2025-12-09,456490,2105.0,0.29,-0.0,0.4,-0.4
2025-12-10,456490,2105.0,0.28,-0.0,-0.1,0.1
2025-12-11,456490,2100.0,0.28,-0.0,0.0,0.0
2025-12-12,456490,2105.0,0.25,-0.0,0.2,-0.2
2025-12-15,456490,2105.0,0.25,0.0,0.2,-0.2
2025-12-16,456490,2090.0,0.25,0.0,1.5,-1.6
2025-12-17,456490,2090.0,0.3,0.0,0.7,-0.7
2025-12-18,456490,2095.0,0.3,-0.0,-0.1,0.2
2025-12-19,456490,2095.0,0.3,-0.0,0.1,-0.1
2025-12-22,456490,2095.0,0.3,-0.0,0.1,-0.1
2025-12-23,456490,2095.0,0.3,-0.0,0.0,0.0
2025-12-24,456490,2095.0,0.26,0.0,0.1,-0.1
2025-12-26,456490,2100.0,0.26,-0.0,0.0,0.0
2025-12-29,456490,2100.0,0.26,-0.0,-1.3,1.3
2025-12-30,456490,2100.0,0.26,-0.0,0.0,0.0
2026-01-02,456490,2100.0,0.26,0.0,0.0,-0.0
2026-01-05,456490,2100.0,0.26,-0.0,-0.6,0.6
2026-01-06,456490,2102.0,0.26,0.0,0.0,0.0
2026-01-07,456490,2105.0,0.26,0.0,0.4,-0.4
2026-01-08,456490,2100.0,0.26,-0.0,0.0,0.0
2026-01-09,456490,2105.0,0.26,-0.0,0.2,-0.2
2026-01-12,456490,2110.0,0.26,-0.0,0.0,0.0
2026-01-13,456490,2105.0,0.26,-0.0,-0.1,0.1
2026-01-14,456490,2105.0,0.26,0.0,0.0,-0.0
2026-01-15,456490,2105.0,0.26,0.0,0.0,-0.0
2026-01-16,456490,2100.0,0.27,0.0,0.1,-0.1
2026-01-19,456490,2105.0,0.27,0.1,0.1,-0.2
2026-01-20,456490,2105.0,0.39,-0.1,0.0,0.1
2026-01-21,456490,2110.0,0.27,-0.0,0.0,0.1
2026-01-22,456490,2110.0,0.26,-0.1,0.0,0.1
2026-01-23,456490,2110.0,0.19,-0.0,0.0,-0.1
2026-01-26,456490,2115.0,0.19,0.0,0.0,-0.0
2026-01-27,456490,2120.0,0.2,-0.0,-0.2,0.2
2026-01-28,456490,2115.0,0.19,0.0,-0.0,-0.3
2026-01-29,456490,2115.0,0.19,,,
2026-01-30,456490,2120.0,0.19,-0.0,-0.0,-5.9
2026-02-02,456490,2115.0,0.18,-0.1,0.0,-0.7
2026-02-03,456490,2120.0,0.1,-0.0,0.1,-0.4
2026-02-04,456490,2120.0,0.07,-0.1,0.4,-0.4
2026-02-05,456490,2120.0,0.0,,0.0,-0.0
2026-02-06,456490,2125.0,0.0,,2.1,-2.1
2026-02-09,456490,2130.0,0.0,,0.0,0.0
2026-02-27,456490,,,,,
2026-03-31,456490,,,,,
2026-04-30,456490,,,,,
2026-05-29,456490,,,,,
2026-06-30,456490,,,,,
2026-07-13,456490,,,,,
2025-07-14,457190,41550.0,4.9,-17.2,-0.6,18.9
2025-07-15,457190,41350.0,4.8,-8.2,2.4,6.5
2025-07-16,457190,40950.0,4.75,-13.4,-2.6,15.8
2025-07-17,457190,41150.0,4.68,2.7,-4.1,0.5
2025-07-18,457190,45950.0,4.79,99.9,6.0,-110.8
2025-07-21,457190,46550.0,5.68,-2.1,4.8,-2.1
2025-07-22,457190,44800.0,5.7,12.7,-3.1,-9.3
2025-07-23,457190,45750.0,5.79,-79.4,0.2,77.1
2025-07-24,457190,46050.0,5.24,-7.9,-0.2,8.6
2025-07-25,457190,44600.0,5.18,-7.5,0.3,7.5
2025-07-28,457190,45350.0,5.14,-1.1,6.1,-4.9
2025-07-29,457190,44650.0,5.13,-3.5,-2.0,3.4
2025-07-30,457190,45150.0,5.12,5.3,-2.8,-3.2
2025-07-31,457190,44200.0,5.15,-10.9,-0.6,11.3
2025-08-01,457190,41350.0,5.08,-16.1,-10.4,25.4
2025-08-04,457190,42200.0,4.93,1.3,0.0,-5.8
2025-08-05,457190,46200.0,4.96,100.9,4.0,-108.1
2025-08-06,457190,51100.0,5.84,107.8,50.1,-157.3
2025-08-07,457190,49900.0,6.66,0.5,-1.2,5.6
2025-08-08,457190,49250.0,6.6,-91.2,-15.2,109.3
2025-08-11,457190,49750.0,5.79,-75.4,1.9,69.1
2025-08-12,457190,48950.0,5.26,12.4,1.2,-14.2
2025-08-13,457190,48000.0,5.41,-7.1,-2.4,11.6
2025-08-14,457190,48600.0,5.33,-22.8,-1.3,21.5
2025-08-18,457190,47200.0,5.18,0.6,1.3,2.1
2025-08-19,457190,46100.0,5.21,-8.3,-4.3,15.7
2025-08-20,457190,45850.0,5.1,-15.6,-0.0,15.4
2025-08-21,457190,48100.0,4.97,21.3,3.7,-33.4
2025-08-22,457190,46750.0,5.17,-25.9,-0.6,24.4
2025-08-25,457190,47050.0,4.95,-7.5,-3.4,11.1
2025-08-26,457190,48050.0,4.91,1.0,9.9,-12.3
2025-08-27,457190,47450.0,4.96,-22.6,-2.1,26.3
2025-08-28,457190,46350.0,4.77,-3.5,12.2,-8.5
2025-08-29,457190,44650.0,4.75,-12.9,-12.0,33.8
2025-09-01,457190,43700.0,4.64,-11.8,-3.0,12.8
2025-09-02,457190,43500.0,4.58,102.1,-1.3,9.9
2025-09-03,457190,44200.0,5.42,-22.2,-3.1,24.3
2025-09-04,457190,44700.0,5.23,-23.5,0.7,22.5
2025-09-05,457190,44200.0,5.18,-7.5,-1.2,8.2
2025-09-08,457190,44300.0,5.15,-17.0,-2.4,18.5
2025-09-09,457190,44950.0,5.02,-26.5,3.8,22.3
2025-09-10,457190,45050.0,4.83,3.7,4.7,-6.6
2025-09-11,457190,45300.0,4.92,-16.1,14.8,1.5
2025-09-12,457190,45650.0,4.76,-5.9,3.0,2.2
2025-09-15,457190,45300.0,4.73,-7.9,-0.0,7.6
2025-09-16,457190,45450.0,4.68,-20.0,-4.1,23.6
2025-09-17,457190,46400.0,4.52,-19.1,-7.5,25.2
2025-09-18,457190,46800.0,4.43,-4.6,-6.4,11.3
2025-09-19,457190,45900.0,4.4,-10.0,-6.7,16.6
2025-09-22,457190,45600.0,4.32,-3.0,1.2,1.7
2025-09-23,457190,51200.0,4.29,168.6,39.5,-211.4
2025-09-24,457190,49400.0,5.77,-15.8,-1.5,11.2
2025-09-25,457190,49400.0,5.52,-56.2,-3.2,59.0
2025-09-26,457190,47050.0,5.11,-36.7,-5.6,40.6
2025-09-29,457190,46750.0,4.81,-28.0,0.5,27.7
2025-09-30,457190,46450.0,4.58,-10.4,-3.6,13.9
2025-10-01,457190,46650.0,4.5,1.6,1.6,-3.3
2025-10-02,457190,47150.0,4.57,-16.3,11.2,5.1
2025-10-10,457190,48000.0,4.47,4.7,-7.2,2.4
2025-10-13,457190,49150.0,4.5,7.0,-1.6,-7.9
2025-10-14,457190,51200.0,4.58,69.4,11.2,-84.9
2025-10-15,457190,51300.0,5.16,3.1,0.6,-4.7
2025-10-16,457190,55500.0,5.14,92.5,22.3,-114.4
2025-10-17,457190,55000.0,5.77,-6.8,-13.0,32.1
2025-10-20,457190,55600.0,5.61,26.6,3.8,-28.4
2025-10-21,457190,55700.0,5.8,9.3,5.3,-17.6
2025-10-22,457190,57700.0,5.87,-60.4,3.2,49.3
2025-10-23,457190,57500.0,5.45,27.9,0.3,-29.8
2025-10-24,457190,59700.0,5.61,89.6,16.3,-110.6
2025-10-27,457190,59500.0,6.16,-85.3,4.7,86.5
2025-10-28,457190,59400.0,5.64,42.0,-16.4,-23.1
2025-10-29,457190,57900.0,5.86,28.6,-1.2,-28.1
2025-10-30,457190,54700.0,6.06,69.4,-12.9,-49.4
2025-10-31,457190,55400.0,6.52,-23.5,3.6,28.7
2025-11-03,457190,57200.0,6.27,-61.2,1.7,58.3
2025-11-04,457190,56000.0,5.9,-1.7,-14.6,11.8
2025-11-05,457190,52800.0,5.87,24.5,-19.2,-6.2
2025-11-06,457190,54900.0,6.08,-15.9,13.2,2.9
2025-11-07,457190,52500.0,5.97,-15.0,-0.9,17.7
2025-11-10,457190,54600.0,5.86,-15.2,7.2,6.5
2025-11-11,457190,53100.0,5.78,-13.4,-2.1,23.0
2025-11-12,457190,53600.0,5.69,-2.9,-1.5,4.5
2025-11-13,457190,55600.0,5.7,2.6,8.2,-11.9
2025-11-14,457190,51900.0,5.77,-27.6,-19.3,46.8
2025-11-17,457190,52900.0,5.52,-5.0,-5.0,11.9
2025-11-18,457190,51800.0,5.46,-7.2,-3.0,11.1
2025-11-19,457190,51400.0,5.45,-10.8,3.0,6.8
2025-11-20,457190,51300.0,5.38,-0.7,-0.4,0.6
2025-11-21,457190,48600.0,5.42,-16.1,-4.6,20.0
2025-11-24,457190,49550.0,5.32,6.6,2.2,-8.4
2025-11-25,457190,49000.0,5.38,-3.2,-1.3,4.8
2025-11-26,457190,51800.0,5.35,11.3,6.1,-20.4
2025-11-27,457190,51500.0,5.46,1.9,2.0,-3.8
2025-11-28,457190,52000.0,5.47,-2.7,3.3,-0.6
2025-12-01,457190,52600.0,5.45,3.4,-1.8,-1.7
2025-12-02,457190,52500.0,5.49,4.4,0.2,-4.5
2025-12-03,457190,52400.0,5.52,-0.6,-0.4,0.9
2025-12-04,457190,52000.0,5.51,11.4,-4.6,-6.6
2025-12-05,457190,51500.0,5.61,-2.7,6.3,-5.7
2025-12-08,457190,59500.0,5.56,138.8,3.8,-156.8
2025-12-09,457190,68400.0,6.73,310.4,84.9,-393.9
2025-12-10,457190,66900.0,8.37,112.2,-17.9,-90.1
2025-12-11,457190,63900.0,8.94,-17.0,-14.8,33.1
2025-12-12,457190,62900.0,8.76,-25.6,1.6,23.1
2025-12-15,457190,62800.0,8.56,10.4,-4.6,-4.9
2025-12-16,457190,60000.0,8.52,12.4,-23.8,10.2
2025-12-17,457190,58500.0,8.58,-20.0,-0.3,21.5
2025-12-18,457190,55600.0,8.19,12.9,-10.7,8.4
2025-12-19,457190,54900.0,8.29,-58.6,36.7,19.6
2025-12-22,457190,57500.0,7.92,-31.2,23.9,7.7
2025-12-23,457190,55600.0,7.79,-23.4,-3.3,27.1
2025-12-24,457190,55400.0,7.71,-32.1,10.5,20.8
2025-12-26,457190,56800.0,7.54,-31.4,2.6,25.7
2025-12-29,457190,59200.0,7.35,22.6,8.8,-29.2
2025-12-30,457190,59200.0,7.55,-37.0,4.9,30.7
2026-01-02,457190,56100.0,7.26,-26.8,-10.5,29.3
2026-01-05,457190,62100.0,7.09,69.0,10.4,-81.2
2026-01-06,457190,60700.0,7.57,-31.3,3.9,28.6
2026-01-07,457190,58000.0,7.32,-30.0,-12.9,42.0
2026-01-08,457190,57800.0,7.09,-21.1,-2.7,24.0
2026-01-09,457190,57500.0,6.95,-3.6,-4.0,8.9
2026-01-12,457190,59600.0,6.95,47.1,14.9,-60.6
2026-01-13,457190,62700.0,7.29,21.7,12.6,-32.9
2026-01-14,457190,59900.0,7.46,-45.5,-17.7,61.1
2026-01-15,457190,62200.0,7.12,22.5,11.7,-33.4
2026-01-16,457190,60200.0,7.32,-24.8,-13.6,38.5
2026-01-19,457190,78200.0,7.13,283.8,88.4,-264.1
2026-01-20,457190,83500.0,8.69,150.5,8.4,-142.9
2026-01-21,457190,88000.0,9.3,-281.3,81.2,187.7
2026-01-22,457190,102300.0,7.88,-68.2,-114.5,132.7
2026-01-23,457190,96600.0,7.37,49.5,34.8,-80.7
2026-01-26,457190,99100.0,6.87,-58.6,2.0,60.8
2026-01-27,457190,104300.0,6.58,43.1,73.1,-114.1
2026-01-28,457190,106300.0,6.74,-37.7,0.5,45.6
2026-01-29,457190,104400.0,6.44,37.0,-51.6,-2.6
2026-01-30,457190,106400.0,6.57,48.4,-47.3,20.5
2026-02-02,457190,103600.0,6.82,128.2,9.2,-127.6
2026-02-03,457190,107500.0,7.25,-1.7,17.2,-7.7
2026-02-04,457190,122200.0,7.11,139.7,65.2,-196.2
2026-02-05,457190,105600.0,7.7,-239.7,-108.0,261.7
2026-02-06,457190,100000.0,6.99,22.0,-80.0,65.3
2026-02-09,457190,102200.0,7.07,-14.4,20.0,-5.7
2026-02-10,457190,100500.0,6.96,-61.0,-6.4,58.6
2026-02-11,457190,99300.0,6.71,-7.3,-9.7,15.4
2026-02-12,457190,102700.0,6.73,-13.0,39.4,-27.5
2026-02-13,457190,99700.0,6.73,0.5,-11.0,17.1
2026-02-19,457190,100800.0,6.72,-7.4,-26.3,25.1
2026-02-20,457190,98100.0,6.67,-34.9,-1.8,31.2
2026-02-23,457190,96400.0,6.53,13.3,-10.9,-6.8
2026-02-24,457190,97500.0,6.59,-56.9,12.6,40.5
2026-02-25,457190,104100.0,6.45,-57.5,34.5,20.3
2026-02-26,457190,106800.0,6.65,-95.7,15.9,76.3
2026-02-27,457190,115200.0,6.22,116.8,28.4,-141.4
2026-03-03,457190,105200.0,6.51,-0.5,4.4,2.1
2026-03-04,457190,85000.0,6.5,42.0,-32.7,-11.1
2026-03-05,457190,97000.0,6.66,-76.8,-33.4,110.5
2026-03-06,457190,105100.0,6.38,30.4,2.2,-32.5
2026-03-09,457190,96100.0,6.44,-87.2,-28.0,115.6
2026-03-10,457190,99000.0,6.14,-102.0,-13.0,113.8
2026-03-11,457190,97900.0,5.73,5.0,-2.1,-3.6
2026-03-12,457190,97400.0,5.85,-24.8,-18.5,40.4
2026-03-13,457190,92900.0,5.79,-28.4,-68.3,100.3
2026-03-16,457190,89500.0,5.74,19.3,-71.2,49.2
2026-03-17,457190,91100.0,5.85,20.8,5.1,-26.1
2026-03-18,457190,95200.0,5.96,30.4,13.7,-44.9
2026-03-19,457190,92300.0,6.1,9.3,-3.3,-6.4
2026-03-20,457190,91200.0,6.18,-8.3,-7.8,18.1
2026-03-23,457190,84700.0,6.13,16.0,-45.3,29.6
2026-03-24,457190,89600.0,6.18,35.1,8.6,-44.0
2026-03-25,457190,91000.0,6.04,7.7,10.2,-18.2
2026-03-26,457190,91700.0,6.05,-10.3,18.6,-12.9
2026-03-27,457190,94400.0,6.06,-13.0,2.4,12.2
2026-03-30,457190,91800.0,6.03,-13.4,-2.7,15.3
2026-03-31,457190,89300.0,5.98,-43.9,2.3,39.8
2026-04-01,457190,95100.0,5.76,43.5,37.0,-80.9
2026-04-02,457190,91100.0,6.06,-41.1,-14.0,52.7
2026-04-03,457190,92400.0,5.88,-28.7,3.0,25.0
2026-04-06,457190,96800.0,5.8,42.7,24.7,-45.0
2026-04-07,457190,94500.0,6.05,-61.2,-1.1,65.5
2026-04-08,457190,99300.0,5.77,37.7,25.9,-64.1
2026-04-09,457190,97300.0,5.92,-32.3,-10.9,43.4
2026-04-10,457190,95900.0,5.79,-24.9,-7.9,32.6
2026-04-13,457190,96000.0,5.72,4.7,0.1,-5.0
2026-04-14,457190,96800.0,5.69,-7.5,10.7,-3.3
2026-04-15,457190,104900.0,5.66,175.6,57.0,-227.3
2026-04-16,457190,103200.0,6.49,-61.6,4.2,58.7
2026-04-17,457190,111500.0,6.09,197.2,60.6,-247.0
2026-04-20,457190,111600.0,6.81,-99.4,8.7,95.5
2026-04-21,457190,127000.0,6.39,217.2,86.4,-290.5
2026-04-22,457190,130100.0,7.12,24.0,-39.2,10.1
2026-04-23,457190,120500.0,7.18,-177.6,-6.4,178.4
2026-04-24,457190,121600.0,6.52,-74.9,53.1,21.3
2026-04-27,457190,121800.0,6.21,-36.2,31.1,5.5
2026-04-28,457190,123500.0,6.17,-44.8,76.0,-31.3
2026-04-29,457190,125900.0,5.99,29.7,33.3,-68.4
2026-04-30,457190,121500.0,5.89,2.6,25.2,-37.6
2026-05-04,457190,123600.0,5.79,49.0,-17.1,-24.8
2026-05-06,457190,121800.0,6.03,36.6,-33.7,15.6
2026-05-07,457190,117700.0,6.07,-43.4,-3.4,46.6
2026-05-08,457190,115000.0,5.87,-26.7,-15.1,40.8
2026-05-11,457190,110300.0,5.75,36.2,-18.1,-18.0
2026-05-12,457190,103600.0,5.9,22.7,-19.4,-2.7
2026-05-13,457190,106500.0,5.97,-27.3,-1.2,26.8
2026-05-14,457190,108800.0,5.88,-82.2,25.1,54.6
2026-05-15,457190,101600.0,5.52,6.1,-24.8,15.5
2026-05-18,457190,99600.0,5.51,8.5,-9.0,3.1
2026-05-19,457190,95100.0,5.51,-0.0,-2.2,2.5
2026-05-20,457190,91300.0,5.62,4.9,3.4,-8.5
2026-05-21,457190,96500.0,5.66,-29.4,20.4,7.6
2026-05-22,457190,102500.0,5.75,-9.0,18.8,-12.0
2026-05-26,457190,100100.0,5.71,-45.7,-10.5,55.2
2026-05-27,457190,95600.0,5.51,-10.8,-14.7,23.5
2026-05-28,457190,98900.0,5.47,-41.2,-0.8,41.6
2026-05-29,457190,96300.0,5.32,-6.6,6.4,-1.9
2026-06-01,457190,93600.0,5.27,26.1,-4.7,-19.4
2026-06-02,457190,89000.0,5.4,0.6,-9.1,2.7
2026-06-04,457190,89300.0,5.4,8.6,0.1,-5.6
2026-06-05,457190,85500.0,5.43,14.2,-2.7,-6.8
2026-06-08,457190,77700.0,5.46,29.1,0.5,-31.3
2026-06-09,457190,80400.0,5.66,-6.4,4.9,-0.9
2026-06-10,457190,79200.0,5.63,20.3,-7.2,-11.7
2026-06-11,457190,79200.0,5.63,1.1,-4.4,1.7
2026-06-12,457190,83300.0,5.67,-17.7,23.1,-6.8
2026-06-15,457190,85300.0,5.6,-14.1,2.5,15.8
2026-06-16,457190,87600.0,5.49,-4.4,-5.3,9.5
2026-06-17,457190,87100.0,5.43,-39.4,-14.0,51.3
2026-06-18,457190,81100.0,5.25,-2.7,-43.8,45.5
2026-06-19,457190,79600.0,5.23,26.8,-9.8,-14.0
2026-06-22,457190,77900.0,5.4,13.7,-9.2,-3.1
2026-06-23,457190,71000.0,5.47,28.5,13.7,-42.6
2026-06-24,457190,72200.0,5.61,18.5,-1.1,-17.9
2026-06-25,457190,69400.0,5.79,24.5,-3.5,-20.5
2026-06-26,457190,63700.0,5.88,58.3,-14.8,-44.8
2026-06-29,457190,73200.0,6.32,6.9,23.8,-28.8
2026-06-30,457190,71500.0,6.29,-21.9,0.8,20.8
2026-07-01,457190,71500.0,6.09,-3.4,-10.2,13.3
2026-07-02,457190,66900.0,5.94,-16.0,12.7,3.5
2026-07-03,457190,68200.0,5.85,-8.3,6.1,1.9
2026-07-06,457190,65300.0,5.82,-6.2,-5.7,11.9
2026-07-07,457190,65000.0,5.8,3.0,6.9,-9.8
2026-07-08,457190,60200.0,5.82,12.7,3.1,-15.7
2026-07-09,457190,60000.0,5.92,13.8,-3.0,-11.0
2026-07-10,457190,63100.0,6.02,2.0,5.1,-7.0
2026-07-13,457190,61000.0,5.99,-11.6,4.3,7.3
2025-07-14,457370,9170.0,2.62,0.6,0.2,-0.7
2025-07-15,457370,9090.0,2.7,0.5,-1.5,1.0
2025-07-16,457370,9250.0,2.78,-0.5,1.3,-0.8
2025-07-17,457370,9180.0,2.71,-2.0,1.0,1.0
2025-07-18,457370,8900.0,2.44,0.1,-1.5,1.4
2025-07-21,457370,8920.0,2.44,2.1,-2.5,0.5
2025-07-22,457370,9030.0,2.74,-0.4,0.5,-0.5
2025-07-23,457370,8750.0,2.68,-1.2,0.0,1.1
2025-07-24,457370,9120.0,2.52,0.5,2.0,-2.5
2025-07-25,457370,9060.0,2.59,-0.8,1.0,-0.2
2025-07-28,457370,8890.0,2.47,-0.3,0.7,-0.4
2025-07-29,457370,8990.0,2.43,0.1,0.3,-0.5
2025-07-30,457370,8440.0,2.45,-3.0,-4.4,7.4
2025-07-31,457370,8540.0,2.01,0.4,1.1,-1.4
2025-08-01,457370,8220.0,2.09,-1.0,0.5,0.4
2025-08-04,457370,8870.0,1.95,4.1,-0.2,-3.8
2025-08-05,457370,9040.0,2.52,1.8,0.3,-2.1
2025-08-06,457370,9250.0,2.77,0.9,1.3,-2.1
2025-08-07,457370,9100.0,2.89,-0.6,-0.0,0.5
2025-08-08,457370,9100.0,2.88,-0.2,0.5,-0.3
2025-08-11,457370,9070.0,2.84,-0.0,0.2,-0.2
2025-08-12,457370,9300.0,2.84,6.0,0.1,-6.2
2025-08-13,457370,9640.0,3.62,-17.6,-13.5,30.8
2025-08-14,457370,9160.0,1.52,4.6,-2.3,-2.5
2025-08-18,457370,9160.0,2.14,0.9,2.0,-2.8
2025-08-19,457370,8900.0,2.26,-0.2,0.3,-0.0
2025-08-20,457370,8800.0,2.23,-0.2,1.9,-1.6
2025-08-21,457370,8920.0,2.2,0.2,0.7,-0.9
2025-08-22,457370,8920.0,2.23,-0.7,-0.0,0.9
2025-08-25,457370,9310.0,2.13,3.3,2.2,-5.8
2025-08-26,457370,9300.0,2.57,-0.5,0.7,-0.3
2025-08-27,457370,9260.0,2.55,-0.9,1.0,-0.1
2025-08-28,457370,9260.0,2.46,-0.6,0.3,0.3
2025-08-29,457370,9550.0,2.4,-1.0,4.0,-3.0
2025-09-01,457370,9840.0,2.27,2.6,1.7,-4.6
2025-09-02,457370,9720.0,2.6,-1.2,0.3,1.1
2025-09-03,457370,9570.0,2.43,1.1,-0.1,-1.4
2025-09-04,457370,9550.0,2.58,0.4,0.6,-0.9
2025-09-05,457370,9450.0,2.78,1.2,1.1,-2.3
2025-09-08,457370,9640.0,2.97,0.1,0.6,-0.7
2025-09-09,457370,9700.0,2.98,-1.6,0.5,0.8
2025-09-10,457370,9710.0,2.78,0.4,-0.4,0.1
2025-09-11,457370,9550.0,2.83,1.6,-3.6,1.7
2025-09-12,457370,9940.0,3.04,3.7,1.0,-4.8
2025-09-15,457370,9590.0,3.52,-1.5,-2.3,3.9
2025-09-16,457370,10160.0,3.32,5.4,-0.8,-4.7
2025-09-17,457370,10150.0,3.98,-1.5,1.6,0.1
2025-09-18,457370,10300.0,3.79,-1.3,1.0,0.2
2025-09-19,457370,9940.0,3.45,-2.6,0.5,2.1
2025-09-22,457370,10180.0,3.13,0.6,1.0,-1.8
2025-09-23,457370,10000.0,3.2,-0.0,-0.4,0.7
2025-09-24,457370,9820.0,3.2,0.5,-2.0,1.5
2025-09-25,457370,9820.0,3.27,-0.1,-0.1,0.2
2025-09-26,457370,9480.0,3.25,-1.1,0.2,0.9
2025-09-29,457370,9750.0,3.11,0.3,-0.3,0.0
2025-09-30,457370,9870.0,3.15,0.4,0.4,-0.8
2025-10-01,457370,9890.0,3.2,-0.1,-0.1,0.1
2025-10-02,457370,10130.0,3.19,2.0,-0.2,-1.8
2025-10-10,457370,10080.0,3.44,-0.2,0.3,-0.1
2025-10-13,457370,9810.0,3.42,2.0,-1.6,-0.4
2025-10-14,457370,9650.0,3.68,-0.7,,0.7
2025-10-15,457370,9950.0,3.59,0.0,0.4,-0.5
2025-10-16,457370,9780.0,3.59,-0.4,1.0,-0.5
2025-10-17,457370,9530.0,3.55,-0.5,-0.2,0.5
2025-10-20,457370,9340.0,3.49,-0.6,,0.6
2025-10-21,457370,9380.0,3.41,-1.1,0.1,1.0
2025-10-22,457370,9290.0,3.27,-0.3,,0.3
2025-10-23,457370,9100.0,3.22,-0.7,-1.0,1.7
2025-10-24,457370,9150.0,3.13,-0.4,1.1,-0.7
2025-10-27,457370,9070.0,3.08,-0.6,-1.4,2.0
2025-10-28,457370,9020.0,3.0,-0.1,0.4,-0.3
2025-10-29,457370,8910.0,2.99,-0.3,0.1,0.2
2025-10-30,457370,8680.0,2.95,-0.7,0.2,0.5
2025-10-31,457370,8740.0,2.85,0.5,1.0,-1.4
2025-11-03,457370,8540.0,2.91,2.5,-4.2,1.8
2025-11-04,457370,8780.0,3.27,-0.3,0.9,-0.6
2025-11-05,457370,8370.0,3.24,-1.5,-2.0,3.5
2025-11-06,457370,8550.0,3.01,0.1,-0.1,0.1
2025-11-07,457370,8320.0,3.02,-1.7,0.5,1.2
2025-11-10,457370,8410.0,2.77,4.1,-6.1,2.1
2025-11-11,457370,8070.0,3.37,0.5,-6.9,6.5
2025-11-12,457370,8350.0,3.45,0.9,-0.1,-0.8
2025-11-13,457370,8370.0,3.59,0.4,-0.0,-0.3
2025-11-14,457370,8250.0,3.64,-1.0,-0.3,1.2
2025-11-17,457370,7840.0,3.5,-1.6,-7.0,8.6
2025-11-18,457370,7330.0,3.25,-0.1,-5.8,5.9
2025-11-19,457370,7250.0,3.25,0.2,-0.1,-0.2
2025-11-20,457370,7430.0,3.29,-0.4,-0.0,0.4
2025-11-21,457370,7150.0,3.21,-1.0,-0.0,1.0
2025-11-24,457370,7230.0,3.04,-0.1,-0.0,0.2
2025-11-25,457370,7120.0,3.01,-0.5,-0.0,0.6
2025-11-26,457370,7280.0,2.92,0.9,-0.2,-0.4
2025-11-27,457370,7370.0,3.06,-17.7,1.9,16.7
2025-11-28,457370,7550.0,0.35,6.6,-0.0,-6.5
2025-12-01,457370,7340.0,1.43,0.4,0.0,-0.3
2025-12-02,457370,7530.0,1.5,0.7,-0.1,-0.6
2025-12-03,457370,7690.0,1.62,1.5,0.0,-1.5
2025-12-04,457370,7540.0,1.86,-0.2,0.0,0.2
2025-12-05,457370,7690.0,1.83,-0.3,-0.9,1.1
2025-12-08,457370,7670.0,1.79,0.3,-0.9,0.5
2025-12-09,457370,7610.0,1.84,0.1,-0.0,-0.0
2025-12-10,457370,7540.0,1.85,-0.1,0.0,0.1
2025-12-11,457370,7600.0,1.83,0.9,-0.0,-0.9
2025-12-12,457370,7610.0,1.98,-0.6,-0.1,0.7
2025-12-15,457370,7630.0,1.89,1.1,-0.0,-1.1
2025-12-16,457370,7490.0,2.06,-0.5,-0.1,0.5
2025-12-17,457370,7510.0,2.12,-0.2,-0.0,0.2
2025-12-18,457370,7460.0,2.09,-0.3,-0.3,0.6
2025-12-19,457370,7580.0,2.04,0.7,-0.0,-0.7
2025-12-22,457370,7650.0,2.15,0.8,-0.0,-0.8
2025-12-23,457370,7530.0,2.28,-1.4,-0.1,1.5
2025-12-24,457370,7530.0,2.05,0.0,-0.0,0.0
2025-12-26,457370,7560.0,2.05,-0.9,-0.1,1.0
2025-12-29,457370,7480.0,1.81,-0.4,-0.0,0.5
2025-12-30,457370,7570.0,1.73,-0.2,-0.5,0.7
2026-01-02,457370,7670.0,1.69,0.9,-0.0,-0.9
2026-01-05,457370,7700.0,1.84,-0.0,-0.1,0.1
2026-01-06,457370,7730.0,1.83,-0.1,-0.0,0.1
2026-01-07,457370,7590.0,1.89,-1.3,-0.0,1.3
2026-01-08,457370,7460.0,1.68,-0.2,-0.1,0.3
2026-01-09,457370,7560.0,1.65,0.3,-0.0,-0.3
2026-01-12,457370,7710.0,1.7,1.0,-0.0,-0.9
2026-01-13,457370,9160.0,1.86,-10.3,-1.2,11.3
2026-01-14,457370,8810.0,0.57,2.9,0.5,-3.3
2026-01-15,457370,9200.0,0.98,-2.0,-0.1,1.9
2026-01-16,457370,10260.0,0.77,4.4,,-4.5
2026-01-19,457370,10430.0,1.34,-7.0,-0.6,7.6
2026-01-20,457370,10100.0,0.54,4.5,-0.2,-4.3
2026-01-21,457370,9820.0,1.11,1.0,-0.2,-0.9
2026-01-22,457370,9770.0,1.24,-1.9,-0.2,2.0
2026-01-23,457370,9570.0,1.0,3.6,-0.2,-3.5
2026-01-26,457370,9410.0,1.46,3.7,-0.8,-3.0
2026-01-27,457370,9220.0,1.95,0.2,-0.2,-0.1
2026-01-28,457370,9450.0,1.98,-2.6,0.4,2.2
2026-01-29,457370,9480.0,1.63,-0.9,0.4,0.6
2026-01-30,457370,9610.0,1.54,-4.4,0.9,3.4
2026-02-02,457370,9550.0,0.97,-1.7,0.5,1.2
2026-02-03,457370,9870.0,0.74,1.4,,-1.2
2026-02-04,457370,9790.0,0.97,0.6,-0.1,-0.4
2026-02-05,457370,9520.0,1.04,2.3,0.8,-3.1
2026-02-06,457370,9500.0,1.32,1.0,0.0,-1.0
2026-02-09,457370,10120.0,1.45,9.3,,-9.4
2026-02-10,457370,10320.0,2.6,1.4,1.5,-3.0
2026-02-11,457370,10070.0,2.77,0.1,0.7,-0.8
2026-02-12,457370,10020.0,2.78,0.0,0.1,0.0
2026-02-13,457370,9530.0,2.78,-0.6,-0.0,0.6
2026-02-19,457370,10080.0,2.71,5.0,0.5,-5.5
2026-02-20,457370,10520.0,3.34,-4.2,-3.6,7.8
2026-02-23,457370,10710.0,2.84,-4.4,-1.5,5.9
2026-02-24,457370,10640.0,2.31,1.4,-0.7,-0.3
2026-02-25,457370,10560.0,2.49,-0.7,-0.4,1.1
2026-02-26,457370,10090.0,2.4,0.7,-0.1,-0.5
2026-02-27,457370,9820.0,2.5,-1.7,-0.7,2.4
2026-03-03,457370,8990.0,2.28,-0.5,,0.9
2026-03-04,457370,7800.0,2.21,0.5,-0.0,-0.5
2026-03-05,457370,8770.0,2.29,4.5,-0.3,-4.0
2026-03-06,457370,8890.0,2.95,0.6,,-0.6
2026-03-09,457370,8700.0,3.13,-0.1,1.3,-1.2
2026-03-10,457370,8910.0,3.11,-0.7,0.6,0.1
2026-03-11,457370,8900.0,2.94,-2.2,0.3,1.9
2026-03-12,457370,8830.0,2.63,0.3,-0.7,0.4
2026-03-13,457370,8640.0,2.68,1.6,-1.9,0.3
2026-03-16,457370,8550.0,2.91,-0.1,,0.1
2026-03-17,457370,8660.0,2.9,-0.7,1.7,-1.1
2026-03-18,457370,9380.0,2.77,4.3,1.0,-5.3
2026-03-19,457370,8960.0,3.38,-5.0,-0.2,5.4
2026-03-20,457370,8870.0,2.68,-0.0,-0.8,0.8
2026-03-23,457370,8420.0,2.67,-1.1,,1.0
2026-03-24,457370,8610.0,2.51,1.7,-1.2,-0.6
2026-03-25,457370,8550.0,2.76,0.3,,-0.4
2026-03-26,457370,8410.0,2.81,-0.3,,0.3
2026-03-27,457370,8350.0,2.76,0.0,-0.0,0.0
2026-03-30,457370,8040.0,2.77,0.0,,0.0
2026-03-31,457370,8000.0,2.77,-0.9,-0.0,0.9
2026-04-01,457370,8350.0,2.63,0.6,-0.3,-0.3
2026-04-02,457370,7640.0,2.72,-1.6,-0.9,2.3
2026-04-03,457370,7760.0,2.47,0.4,,-0.4
2026-04-06,457370,7840.0,2.54,0.7,,-0.7
2026-04-07,457370,7680.0,2.66,-0.3,-0.0,0.3
2026-04-08,457370,8140.0,2.61,0.7,,-0.7
2026-04-09,457370,7910.0,2.72,-0.2,,0.2
2026-04-10,457370,8170.0,2.69,0.4,,-0.4
2026-04-13,457370,8190.0,2.75,-0.2,,0.2
2026-04-14,457370,8290.0,2.71,-0.2,-0.1,0.2
2026-04-15,457370,8500.0,2.69,0.0,,-0.1
2026-04-16,457370,8500.0,2.7,0.1,,-0.1
2026-04-17,457370,8670.0,2.71,0.1,-0.0,-0.3
2026-04-20,457370,8690.0,2.72,-0.6,,0.6
2026-04-21,457370,9200.0,2.63,-2.5,,2.3
2026-04-22,457370,9120.0,2.29,-0.9,-0.0,1.3
2026-04-23,457370,9030.0,2.17,-0.8,,1.1
2026-04-24,457370,9400.0,2.06,0.9,-0.2,-0.9
2026-04-27,457370,9480.0,2.17,0.1,-0.0,-0.3
2026-04-28,457370,9350.0,2.18,0.4,-0.0,-0.4
2026-04-29,457370,9300.0,2.23,2.6,-0.0,-2.5
2026-04-30,457370,9280.0,2.59,0.9,-0.0,-0.9
2026-05-04,457370,9280.0,2.71,0.6,-0.0,-0.4
2026-05-06,457370,9280.0,2.79,0.7,-0.0,-0.7
2026-05-07,457370,9280.0,2.88,-1.9,-0.3,2.1
2026-05-08,457370,9260.0,2.63,0.3,-0.0,-0.2
2026-05-11,457370,9000.0,2.67,0.2,0.0,-0.2
2026-05-12,457370,8730.0,2.7,0.0,-0.0,-0.0
2026-05-13,457370,8750.0,2.7,0.0,-0.0,-0.0
2026-05-14,457370,8680.0,2.7,0.3,-0.0,-0.2
2026-05-15,457370,8200.0,2.74,-1.0,0.0,1.0
2026-05-18,457370,8100.0,2.59,0.7,-0.0,-0.9
2026-05-19,457370,7660.0,2.71,1.9,-0.1,-1.8
2026-05-20,457370,7520.0,2.97,0.4,-0.0,-0.5
2026-05-21,457370,7930.0,3.03,-0.0,-0.0,0.0
2026-05-22,457370,9470.0,3.03,12.4,0.0,-12.6
2026-05-26,457370,12310.0,4.71,-13.2,0.4,13.6
2026-05-27,457370,11260.0,3.33,-7.4,0.7,6.7
2026-05-28,457370,11910.0,2.87,-16.6,1.1,15.7
2026-05-29,457370,11970.0,1.38,-8.7,0.6,17.2
2026-06-01,457370,10930.0,0.75,2.4,0.8,-2.3
2026-06-02,457370,11770.0,1.27,14.6,1.0,-15.5
2026-06-04,457370,11290.0,3.04,-5.6,-1.1,6.5
2026-06-05,457370,14670.0,2.69,-13.8,-8.0,22.1
2026-06-08,457370,13050.0,1.4,3.2,-0.2,-4.5
2026-06-09,457370,14320.0,2.35,7.0,0.5,-7.8
2026-06-10,457370,12450.0,3.11,18.3,0.7,-19.2
2026-06-11,457370,12090.0,4.74,-4.2,-1.5,5.7
2026-06-12,457370,12100.0,4.34,12.0,1.0,-13.1
2026-06-15,457370,13670.0,5.61,-4.5,-0.5,4.1
2026-06-16,457370,13480.0,5.26,-6.3,-0.0,6.5
2026-06-17,457370,13840.0,4.7,-4.6,-0.4,4.2
2026-06-18,457370,15200.0,4.29,-39.7,-6.1,50.3
2026-06-19,457370,13750.0,1.16,4.5,1.1,-5.3
2026-06-22,457370,13100.0,1.69,8.9,0.3,-9.8
2026-06-23,457370,11260.0,2.56,10.9,0.5,-12.4
2026-06-24,457370,10460.0,3.74,2.7,0.0,-3.3
2026-06-25,457370,9810.0,4.09,6.3,0.1,-6.5
2026-06-26,457370,8900.0,4.87,2.8,0.2,-2.3
2026-06-29,457370,9270.0,5.29,0.9,-0.0,-1.3
2026-06-30,457370,9650.0,5.41,-11.0,0.3,12.4
2026-07-01,457370,9900.0,4.03,0.2,-0.1,0.3
2026-07-02,457370,8530.0,4.11,2.5,0.0,-2.4
2026-07-03,457370,8550.0,4.46,8.7,0.1,-8.9
2026-07-06,457370,8270.0,5.81,0.1,0.0,0.0
2026-07-07,457370,7910.0,5.82,1.3,-0.3,-1.0
2026-07-08,457370,7470.0,6.03,-0.8,-0.0,0.8
2026-07-09,457370,7530.0,5.91,0.4,-0.0,-0.5
2026-07-10,457370,8090.0,5.98,1.7,-0.0,-1.6
2026-07-13,457370,7350.0,6.24,-3.7,-0.9,4.6
2025-12-30,457390,,,,,
2026-01-30,457390,,,,,
2026-02-27,457390,,,,,
2026-03-31,457390,,,,,
2026-04-30,457390,,,,,
2026-05-29,457390,,,,,
2026-06-30,457390,,,,,
2026-07-13,457390,,,,,
2025-07-14,457550,26550.0,0.0,7.7,0.0,-8.1
2025-07-15,457550,26800.0,0.0,1.2,1.6,-2.5
2025-07-16,457550,26750.0,0.0,-7.0,-0.0,7.1
2025-07-17,457550,26100.0,0.0,-2.6,0.0,2.5
2025-07-18,457550,26050.0,0.0,4.2,-0.1,-3.9
2025-07-21,457550,27200.0,0.0,-3.0,2.0,0.4
2025-07-22,457550,26250.0,0.0,-8.3,-0.0,7.9
2025-07-23,457550,25950.0,0.0,2.2,-0.4,-1.9
2025-07-24,457550,26400.0,0.0,-1.4,1.7,-0.2
2025-07-25,457550,27200.0,0.0,-0.1,1.2,-1.4
2025-07-28,457550,26600.0,0.0,-2.5,-0.6,3.1
2025-07-29,457550,27400.0,0.0,1.4,1.4,-3.1
2025-07-30,457550,26650.0,0.0,-2.3,-1.2,3.6
2025-07-31,457550,26950.0,0.0,1.0,0.3,-1.5
2025-08-01,457550,25900.0,0.0,-2.3,4.1,-1.8
2025-08-04,457550,25900.0,0.0,-1.2,0.1,1.1
2025-08-05,457550,26100.0,0.0,0.5,0.7,-1.2
2025-08-06,457550,27450.0,0.0,8.6,-0.3,-8.3
2025-08-07,457550,27200.0,0.0,-1.6,0.3,1.3
2025-08-08,457550,27400.0,0.0,2.6,1.0,-3.4
2025-08-11,457550,27650.0,0.0,-0.5,0.2,-0.3
2025-08-12,457550,27000.0,0.0,-2.0,1.9,0.5
2025-08-13,457550,26600.0,0.0,1.4,0.5,-1.9
2025-08-14,457550,26750.0,0.0,2.7,0.2,-3.0
2025-08-18,457550,26700.0,0.0,1.3,0.9,-2.2
2025-08-19,457550,24500.0,0.0,2.4,1.1,-3.0
2025-08-20,457550,23750.0,0.0,8.8,-0.6,-8.6
2025-08-21,457550,24850.0,0.4,2.8,0.2,-3.3
2025-08-22,457550,25150.0,0.4,-0.8,1.1,-0.3
2025-08-25,457550,25500.0,0.38,2.6,1.0,-3.6
2025-08-26,457550,24750.0,0.32,1.2,1.3,-2.5
2025-08-27,457550,25000.0,0.37,1.9,0.7,-2.6
2025-08-28,457550,25150.0,0.39,3.7,0.2,-4.0
2025-08-29,457550,24850.0,0.52,0.9,-0.0,-0.9
2025-09-01,457550,24100.0,0.55,3.7,0.2,-3.9
2025-09-02,457550,24350.0,0.72,3.4,0.0,-3.4
2025-09-03,457550,24500.0,0.89,0.8,0.1,-0.4
2025-09-04,457550,25150.0,0.92,4.6,0.1,-4.7
2025-09-05,457550,25150.0,1.12,-0.5,0.2,0.3
2025-09-08,457550,24500.0,1.1,-1.7,-0.0,2.2
2025-09-09,457550,24500.0,1.05,-0.3,0.2,0.1
2025-09-10,457550,24800.0,1.12,3.9,-0.2,-3.5
2025-09-11,457550,24150.0,1.29,-1.7,0.9,0.8
2025-09-12,457550,23450.0,1.22,3.9,-0.3,-3.6
2025-09-15,457550,22600.0,1.4,0.1,-3.8,3.7
2025-09-16,457550,24000.0,1.4,5.9,1.8,-7.7
2025-09-17,457550,23600.0,1.67,-1.4,-0.7,1.9
2025-09-18,457550,23350.0,1.51,-2.4,0.4,2.1
2025-09-19,457550,23150.0,1.4,2.3,0.3,-2.5
2025-09-22,457550,23750.0,1.5,3.2,0.2,-3.3
2025-09-23,457550,24600.0,1.64,9.3,-0.1,-9.4
2025-09-24,457550,24650.0,2.04,-9.6,-3.3,12.7
2025-09-25,457550,23900.0,1.58,-3.7,0.7,2.2
2025-09-26,457550,22900.0,1.42,-0.5,0.1,0.4
2025-09-29,457550,22800.0,1.4,-2.0,1.2,0.6
2025-09-30,457550,22150.0,1.31,-0.3,-0.1,0.6
2025-10-01,457550,22250.0,1.29,-2.8,-0.2,2.9
2025-10-02,457550,22400.0,1.18,3.8,-0.4,-2.8
2025-10-10,457550,23650.0,1.4,3.4,-0.9,-2.5
2025-10-13,457550,24000.0,1.56,7.5,-0.9,-6.6
2025-10-14,457550,22900.0,1.9,-5.3,-0.5,5.4
2025-10-15,457550,24550.0,1.65,12.7,-0.4,-12.3
2025-10-16,457550,24200.0,2.21,-4.1,0.9,3.5
2025-10-17,457550,23400.0,2.03,-4.2,0.3,3.6
2025-10-20,457550,23200.0,1.84,-3.9,1.3,2.5
2025-10-21,457550,24400.0,1.66,17.6,0.5,-17.4
2025-10-22,457550,25100.0,2.43,-8.2,4.0,4.7
2025-10-23,457550,24300.0,2.1,-5.7,1.0,4.9
2025-10-24,457550,25950.0,1.84,10.8,8.1,-18.7
2025-10-27,457550,25700.0,2.35,-13.8,-2.4,16.1
2025-10-28,457550,25200.0,1.78,-10.0,-0.9,10.8
2025-10-29,457550,26300.0,1.36,10.0,1.4,-11.6
2025-10-30,457550,24550.0,1.77,-17.6,-0.5,18.4
2025-10-31,457550,25500.0,1.02,15.8,0.8,-16.6
2025-11-03,457550,25700.0,1.7,-9.0,12.0,-3.3
2025-11-04,457550,25150.0,1.5,-5.2,1.1,4.1
2025-11-05,457550,23600.0,1.29,-5.7,0.1,4.9
2025-11-06,457550,23000.0,1.03,-2.6,-2.6,5.3
2025-11-07,457550,22000.0,0.91,-0.6,-4.7,4.9
2025-11-10,457550,22400.0,0.87,-0.3,0.7,-0.4
2025-11-11,457550,21700.0,0.86,-4.0,0.4,3.8
2025-11-12,457550,21850.0,0.66,-0.2,0.2,0.0
2025-11-13,457550,22750.0,0.65,-3.2,0.4,2.7
2025-11-14,457550,21850.0,0.53,-4.3,-0.1,4.3
2025-11-17,457550,21800.0,0.35,-0.5,0.6,-0.0
2025-11-18,457550,20600.0,0.34,-3.0,0.2,2.8
2025-11-19,457550,20600.0,0.19,1.7,0.6,-2.4
2025-11-20,457550,21400.0,0.29,2.7,0.1,-2.8
2025-11-21,457550,20300.0,0.43,-4.0,0.6,3.4
2025-11-24,457550,20150.0,0.22,1.5,-0.1,-1.4
2025-11-25,457550,20250.0,0.28,0.0,0.3,-0.3
2025-11-26,457550,20750.0,0.28,1.6,-0.0,-1.5
2025-11-27,457550,20500.0,0.38,0.2,0.2,-0.3
2025-11-28,457550,20800.0,0.39,1.9,0.0,-2.0
2025-12-01,457550,20250.0,0.49,-3.9,0.2,3.7
2025-12-02,457550,20700.0,0.24,1.2,0.0,-1.2
2025-12-03,457550,21400.0,0.29,1.1,-0.5,-0.5
2025-12-04,457550,21100.0,0.32,-0.6,-0.2,0.7
2025-12-05,457550,22400.0,0.29,4.5,0.1,-4.6
2025-12-08,457550,21850.0,0.54,-6.9,0.1,6.8
2025-12-09,457550,21800.0,0.21,-2.7,-0.1,2.7
2025-12-10,457550,21550.0,0.08,-0.2,0.0,0.2
2025-12-11,457550,21950.0,0.07,4.3,-0.0,-4.4
2025-12-12,457550,22750.0,0.28,5.1,-0.0,-4.9
2025-12-15,457550,22300.0,0.52,-11.0,-0.1,10.8
2025-12-16,457550,21300.0,0.01,4.8,-8.5,4.1
2025-12-17,457550,21100.0,0.25,-0.8,0.2,0.5
2025-12-18,457550,20600.0,0.21,-0.6,-0.1,0.7
2025-12-19,457550,21600.0,0.15,7.2,-0.0,-7.2
2025-12-22,457550,21750.0,0.51,2.1,-0.2,-1.7
2025-12-23,457550,21050.0,0.62,1.9,-0.1,-1.7
2025-12-24,457550,20850.0,0.66,-1.1,-0.1,1.4
2025-12-26,457550,20450.0,0.62,-5.2,0.0,3.5
2025-12-29,457550,20600.0,0.34,3.1,-0.0,-3.3
2025-12-30,457550,20200.0,0.34,0.1,-0.3,0.2
2026-01-02,457550,20600.0,0.35,1.8,-0.0,-1.8
2026-01-05,457550,21400.0,0.44,1.6,-0.0,-1.7
2026-01-06,457550,21600.0,0.52,1.3,-0.0,-1.2
2026-01-07,457550,21300.0,0.62,0.3,0.8,-1.0
2026-01-08,457550,20700.0,0.63,-3.5,0.4,3.0
2026-01-09,457550,21650.0,0.45,4.2,2.8,-7.0
2026-01-12,457550,22700.0,0.66,3.2,-0.1,-2.9
2026-01-13,457550,22200.0,0.89,-0.6,-0.1,0.9
2026-01-14,457550,22000.0,0.86,-3.8,-0.7,4.5
2026-01-15,457550,21900.0,0.68,-0.1,-0.4,0.5
2026-01-16,457550,23400.0,0.67,6.7,0.1,-5.9
2026-01-19,457550,24200.0,0.99,-16.7,1.0,13.9
2026-01-20,457550,31050.0,0.25,-3.6,10.9,-6.0
2026-01-21,457550,28150.0,0.15,-0.1,-5.5,7.1
2026-01-22,457550,26450.0,0.17,-2.0,-2.5,3.6
2026-01-23,457550,26100.0,0.12,-18.9,-2.1,22.2
2026-01-26,457550,27450.0,0.0,11.9,-0.3,-11.6
2026-01-27,457550,28150.0,0.0,-17.0,1.6,14.8
2026-01-28,457550,27400.0,0.0,10.8,0.1,-10.5
2026-01-29,457550,27900.0,0.0,-7.5,0.1,7.3
2026-01-30,457550,26700.0,0.0,-3.9,-0.8,4.5
2026-02-02,457550,24850.0,0.0,13.7,-4.2,-8.8
2026-02-03,457550,26050.0,0.0,6.3,-0.2,-6.1
2026-02-04,457550,27000.0,0.1,-10.0,-0.7,10.9
2026-02-05,457550,26550.0,0.0,-12.7,0.4,12.5
2026-02-06,457550,26000.0,0.0,3.5,0.5,-4.1
2026-02-09,457550,27100.0,0.0,4.4,0.4,-5.0
2026-02-10,457550,27050.0,0.0,-5.5,-0.1,5.7
2026-02-11,457550,28300.0,0.0,-1.2,0.1,0.3
2026-02-12,457550,27400.0,0.0,1.4,0.1,-4.4
2026-02-13,457550,28050.0,0.0,25.8,0.4,-26.6
2026-02-19,457550,28900.0,0.4,-12.6,-0.1,13.0
2026-02-20,457550,29250.0,0.0,-3.5,1.9,2.1
2026-02-23,457550,31700.0,0.0,3.7,13.9,-17.6
2026-02-24,457550,32250.0,0.0,8.1,-11.8,1.7
2026-02-25,457550,30900.0,0.11,-15.3,1.1,14.2
2026-02-26,457550,30000.0,0.0,12.4,0.3,-12.1
2026-02-27,457550,29100.0,0.0,-1.3,0.9,0.3
2026-03-03,457550,26300.0,0.0,15.0,0.0,-15.2
2026-03-04,457550,21500.0,0.37,15.0,-0.9,-14.2
2026-03-05,457550,24600.0,1.07,1.0,-0.3,-0.2
2026-03-06,457550,26050.0,1.12,0.0,-0.1,0.1
2026-03-09,457550,24550.0,1.12,-6.3,-0.0,7.2
2026-03-10,457550,25950.0,0.84,0.3,0.0,-0.4
2026-03-11,457550,26500.0,0.71,4.2,0.2,-4.9
2026-03-12,457550,28350.0,0.87,-14.3,0.9,13.8
2026-03-13,457550,28550.0,0.28,-6.1,0.0,6.1
2026-03-16,457550,28850.0,0.06,9.3,1.1,-10.6
2026-03-17,457550,28250.0,0.4,1.6,0.4,-2.0
2026-03-18,457550,28800.0,0.47,7.0,-0.5,-6.5
2026-03-19,457550,28350.0,0.7,-2.4,1.3,1.2
2026-03-20,457550,30450.0,0.62,20.0,1.6,-21.0
2026-03-23,457550,28850.0,1.33,-1.4,1.6,-0.0
2026-03-24,457550,27600.0,1.3,-8.4,1.0,6.7
2026-03-25,457550,27700.0,0.99,-1.9,0.2,1.7
2026-03-26,457550,26300.0,0.91,-2.9,0.3,2.5
2026-03-27,457550,25600.0,0.79,-0.9,0.1,0.8
2026-03-30,457550,24650.0,0.76,2.7,-0.1,-2.6
2026-03-31,457550,24250.0,0.87,-1.3,-0.1,1.5
2026-04-01,457550,25750.0,0.82,4.0,-0.1,-4.2
2026-04-02,457550,23900.0,1.0,-6.0,0.1,6.1
2026-04-03,457550,25150.0,0.74,3.7,-0.4,-3.4
2026-04-06,457550,24400.0,0.9,-5.2,-0.1,5.2
2026-04-07,457550,23950.0,0.67,-1.7,-0.1,1.7
2026-04-08,457550,25750.0,0.6,4.5,-2.4,-2.6
2026-04-09,457550,25150.0,0.79,-4.2,0.3,3.8
2026-04-10,457550,24900.0,0.64,-4.4,-7.8,12.4
2026-04-13,457550,25550.0,0.49,-0.9,0.3,0.8
2026-04-14,457550,25900.0,0.46,0.6,0.3,-0.7
2026-04-15,457550,26200.0,0.5,-2.4,-0.6,2.7
2026-04-16,457550,26850.0,0.4,-0.5,0.5,-1.2
2026-04-17,457550,26800.0,0.38,-1.1,1.2,-0.2
2026-04-20,457550,26600.0,0.34,-6.5,0.7,6.1
2026-04-21,457550,26400.0,0.07,-1.2,0.2,1.1
2026-04-22,457550,26450.0,0.04,4.4,1.4,-4.4
2026-04-23,457550,28150.0,0.22,-3.4,-0.6,1.9
2026-04-24,457550,28050.0,0.1,-4.6,0.4,4.5
2026-04-27,457550,28150.0,0.0,-4.4,0.8,3.4
2026-04-28,457550,27550.0,0.0,-1.7,-0.1,1.8
2026-04-29,457550,27950.0,0.0,2.8,0.7,-3.6
2026-04-30,457550,27250.0,0.0,-4.6,0.8,4.1
2026-05-04,457550,28200.0,0.0,5.3,5.8,-10.4
2026-05-06,457550,28450.0,0.0,-8.8,-0.1,8.1
2026-05-07,457550,29400.0,0.0,1.7,0.0,-2.5
2026-05-08,457550,28950.0,0.0,6.3,0.8,-7.2
2026-05-11,457550,27500.0,0.0,1.2,-0.2,0.2
2026-05-12,457550,25850.0,0.0,9.9,-0.6,-8.3
2026-05-13,457550,25950.0,0.26,3.6,-0.7,-2.7
2026-05-14,457550,25150.0,0.38,1.7,-0.6,-1.0
2026-05-15,457550,24050.0,0.46,6.5,-0.3,-6.2
2026-05-18,457550,23100.0,0.75,2.4,-0.8,-1.7
2026-05-19,457550,22150.0,0.97,7.2,-0.1,-7.2
2026-05-20,457550,22950.0,1.32,-0.1,-0.7,0.6
2026-05-21,457550,23800.0,1.22,-0.1,-0.3,0.5
2026-05-22,457550,24450.0,1.21,3.8,0.0,-3.9
2026-05-26,457550,24600.0,1.35,3.0,-0.2,-2.9
2026-05-27,457550,23300.0,1.53,2.8,-0.8,-2.0
2026-05-28,457550,22950.0,1.67,2.8,-0.3,-2.5
2026-05-29,457550,22050.0,1.8,3.7,-1.0,-2.6
2026-06-01,457550,22000.0,1.98,6.2,-0.5,-5.7
2026-06-02,457550,21000.0,2.29,4.7,-0.6,-4.1
2026-06-04,457550,22300.0,2.53,3.1,-0.5,-2.7
2026-06-05,457550,21650.0,2.68,3.9,-0.4,-3.4
2026-06-08,457550,19510.0,2.88,1.5,-0.2,-1.4
2026-06-09,457550,21200.0,2.96,4.8,-0.3,-4.6
2026-06-10,457550,20950.0,3.21,1.5,-0.0,-1.5
2026-06-11,457550,21000.0,3.29,0.4,-0.2,-0.2
2026-06-12,457550,21750.0,3.31,2.9,-0.3,-2.7
2026-06-15,457550,22350.0,3.45,-4.9,0.0,4.8
2026-06-16,457550,22650.0,3.23,-4.9,0.2,5.1
2026-06-17,457550,22350.0,3.0,-1.6,0.0,1.6
2026-06-18,457550,21500.0,2.98,-4.2,0.2,3.6
2026-06-19,457550,20150.0,2.78,-0.1,-0.1,0.1
2026-06-22,457550,19330.0,2.78,-0.0,-0.2,0.2
2026-06-23,457550,17530.0,2.78,1.3,-0.4,-0.9
2026-06-24,457550,17350.0,2.85,3.5,-0.3,-2.6
2026-06-25,457550,17320.0,3.09,-0.0,-0.2,-0.6
2026-06-26,457550,15200.0,3.11,4.3,-0.3,-3.9
2026-06-29,457550,17320.0,3.39,5.6,1.2,-6.9
2026-06-30,457550,16560.0,3.75,-0.6,0.0,0.7
2026-07-01,457550,17450.0,3.71,0.6,0.1,-0.8
2026-07-02,457550,16480.0,3.73,-0.4,0.0,0.3
2026-07-03,457550,16670.0,3.68,2.0,-0.1,-1.8
2026-07-06,457550,16800.0,3.81,1.5,0.0,-1.5
2026-07-07,457550,15790.0,3.91,1.4,-0.2,-1.3
2026-07-08,457550,14810.0,4.02,2.7,-0.2,-2.4
2026-07-09,457550,15200.0,4.21,3.1,-0.1,-3.1
2026-07-10,457550,15690.0,4.44,0.4,-0.5,0.1
2026-07-13,457550,14700.0,4.48,-2.0,-0.1,2.1
2025-07-14,457600,3230.0,3.19,0.2,-0.0,-0.2
2025-07-15,457600,3210.0,3.23,-0.1,-0.0,0.2
2025-07-16,457600,3160.0,3.18,0.2,,-0.2
2025-07-17,457600,3230.0,3.24,0.2,,-0.2
2025-07-18,457600,3190.0,3.29,-0.3,,0.3
2025-07-21,457600,3230.0,3.22,0.4,,-0.4
2025-07-22,457600,3215.0,3.31,-0.3,,0.3
2025-07-23,457600,3225.0,3.25,0.4,,-0.4
2025-07-24,457600,3185.0,3.33,-0.0,,0.0
2025-07-25,457600,3110.0,3.32,-0.2,-0.0,0.2
2025-07-28,457600,3065.0,3.27,0.1,-0.0,-0.1
2025-07-29,457600,3025.0,3.3,0.1,-0.0,-0.1
2025-07-30,457600,3070.0,3.33,0.1,-0.0,-0.1
2025-07-31,457600,3065.0,3.35,0.5,-0.0,-0.4
2025-08-01,457600,2915.0,3.48,-0.4,-0.0,0.4
2025-08-04,457600,3030.0,3.39,0.5,-0.0,-0.4
2025-08-05,457600,3055.0,3.5,0.3,,-0.4
2025-08-06,457600,3070.0,3.58,0.2,,-0.2
2025-08-07,457600,3160.0,3.63,0.4,-1.5,1.2
2025-08-08,457600,3190.0,3.76,1.1,,-1.1
2025-08-11,457600,3180.0,4.01,0.1,,-0.1
2025-08-12,457600,3180.0,4.03,0.4,,-0.4
2025-08-13,457600,3235.0,4.12,0.4,,-0.3
2025-08-14,457600,3180.0,4.2,-0.3,,0.3
2025-08-18,457600,3050.0,4.15,-0.0,,0.0
2025-08-19,457600,3050.0,4.14,0.1,-0.0,-0.0
2025-08-20,457600,2975.0,4.16,-0.0,-0.0,-0.0
2025-08-21,457600,2965.0,4.15,-0.1,-0.0,0.1
2025-08-22,457600,3045.0,4.14,0.2,-0.0,-0.2
2025-08-25,457600,3080.0,4.2,0.4,-0.0,-0.4
2025-08-26,457600,3070.0,4.29,0.2,-0.0,-0.2
2025-08-27,457600,3070.0,4.33,-0.1,-0.0,0.1
2025-08-28,457600,3010.0,4.3,-0.1,,0.1
2025-08-29,457600,2950.0,4.29,0.1,,-0.1
2025-09-01,457600,2870.0,4.3,-0.1,,0.1
2025-09-02,457600,2895.0,4.26,-0.1,,0.1
2025-09-03,457600,2880.0,4.23,0.1,,-0.1
2025-09-04,457600,2985.0,4.26,0.2,,-0.1
2025-09-05,457600,2955.0,4.32,0.1,,-0.1
2025-09-08,457600,2980.0,4.33,0.1,,-0.1
2025-09-09,457600,2965.0,4.33,0.0,,-0.0
2025-09-10,457600,2990.0,4.32,0.4,,-0.4
2025-09-11,457600,2980.0,4.42,0.0,,-0.1
2025-09-12,457600,3015.0,4.43,0.1,,-0.1
2025-09-15,457600,3050.0,4.45,0.0,,-0.3
2025-09-16,457600,3065.0,4.45,0.0,,0.3
2025-09-17,457600,3035.0,4.44,-0.0,,0.0
2025-09-18,457600,3070.0,4.44,0.4,,0.2
2025-09-19,457600,3050.0,4.26,-0.1,,0.1
2025-09-22,457600,3140.0,4.24,0.4,,-0.5
2025-09-23,457600,3140.0,4.34,-0.2,,0.2
2025-09-24,457600,3085.0,4.31,-0.1,,0.1
2025-09-25,457600,3120.0,4.28,0.2,,-0.2
2025-09-26,457600,3020.0,4.32,-0.2,,0.1
2025-09-29,457600,3010.0,4.28,0.3,,-0.3
2025-09-30,457600,2930.0,4.35,-0.1,,0.1
2025-10-01,457600,2935.0,4.32,0.0,,0.0
2025-10-02,457600,2965.0,4.34,0.1,,-0.1
2025-10-10,457600,2945.0,4.36,-0.2,,0.2
2025-10-13,457600,2935.0,4.32,-0.0,,0.0
2025-10-14,457600,2880.0,4.32,-0.2,,0.2
2025-10-15,457600,2965.0,4.26,0.1,,-0.1
2025-10-16,457600,2910.0,4.33,0.1,,-0.1
2025-10-17,457600,2800.0,4.35,-0.2,,0.2
2025-10-20,457600,2710.0,4.3,0.1,,-0.2
2025-10-21,457600,2725.0,4.33,0.1,,0.0
2025-10-22,457600,2870.0,4.34,0.1,,-0.1
2025-10-23,457600,2775.0,4.37,-0.3,,0.2
2025-10-24,457600,2745.0,4.3,0.1,,-0.1
2025-10-27,457600,2715.0,4.33,0.0,,-0.0
2025-10-28,457600,2715.0,4.33,-0.0,,0.0
2025-10-29,457600,2670.0,4.32,0.0,,-0.0
2025-10-30,457600,2550.0,4.32,-0.1,,0.1
2025-10-31,457600,2530.0,4.3,0.2,,-0.2
2025-11-03,457600,2450.0,4.35,0.2,,-0.2
2025-11-04,457600,2530.0,4.41,0.1,,-0.1
2025-11-05,457600,2450.0,4.44,-0.3,,0.3
2025-11-06,457600,2440.0,4.34,0.1,,-0.0
2025-11-07,457600,2390.0,4.35,-0.1,,0.1
2025-11-10,457600,2460.0,4.33,0.2,,-0.2
2025-11-11,457600,2425.0,4.39,-0.1,,0.1
2025-11-12,457600,2430.0,4.37,0.1,,-0.1
2025-11-13,457600,2385.0,4.4,0.0,,-0.0
2025-11-14,457600,2325.0,4.4,-0.0,,-0.0
2025-11-17,457600,2300.0,4.4,0.3,-0.0,-0.3
2025-11-18,457600,2225.0,4.48,-0.3,-0.0,0.3
2025-11-19,457600,2195.0,4.4,-0.1,,0.1
2025-11-20,457600,2535.0,4.37,-0.4,0.0,0.4
2025-11-21,457600,2315.0,4.27,0.7,,-0.6
2025-11-24,457600,2215.0,4.48,0.2,,-0.2
2025-11-25,457600,2280.0,4.54,0.5,,-0.5
2025-11-26,457600,2260.0,4.69,0.3,,-0.3
2025-11-27,457600,2300.0,4.78,0.2,0.0,-0.2
2025-11-28,457600,2385.0,4.85,0.2,,-0.2
2025-12-01,457600,2430.0,4.91,0.4,-0.0,-0.4
2025-12-02,457600,2435.0,5.03,-0.1,,0.1
2025-12-03,457600,2385.0,5.0,0.1,,-0.1
2025-12-04,457600,2405.0,5.03,0.1,,-0.1
2025-12-05,457600,2400.0,5.06,0.0,,-0.0
2025-12-08,457600,2390.0,5.06,-0.0,,0.0
2025-12-09,457600,2380.0,5.05,0.2,0.0,-0.2
2025-12-10,457600,3090.0,5.11,-0.7,,-1.1
2025-12-11,457600,2890.0,4.96,-3.4,,5.1
2025-12-12,457600,2780.0,4.2,0.2,,-0.3
2025-12-15,457600,3025.0,4.27,-0.3,,0.3
2025-12-16,457600,2970.0,4.18,-0.5,,0.3
2025-12-17,457600,2950.0,4.06,-0.3,,0.3
2025-12-18,457600,2680.0,3.98,0.1,,-0.1
2025-12-19,457600,2675.0,4.02,-0.2,,0.2
2025-12-22,457600,2665.0,3.96,0.5,,-0.5
2025-12-23,457600,2570.0,4.09,0.0,,-0.1
2025-12-24,457600,2560.0,4.1,0.3,,-0.2
2025-12-26,457600,2485.0,4.17,0.2,,-0.2
2025-12-29,457600,2540.0,4.24,0.3,,-0.3
2025-12-30,457600,2505.0,4.33,0.1,,-0.1
2026-01-02,457600,2495.0,4.34,0.2,,-0.2
2026-01-05,457600,2540.0,4.41,0.0,,-0.0
2026-01-06,457600,2605.0,4.42,-0.6,,0.5
2026-01-07,457600,2460.0,4.25,-0.4,0.0,0.4
2026-01-08,457600,2360.0,4.14,-0.1,,0.1
2026-01-09,457600,2375.0,4.12,-0.2,,0.2
2026-01-12,457600,2405.0,4.05,0.1,,-0.1
2026-01-13,457600,2440.0,4.1,-0.1,,0.1
2026-01-14,457600,2350.0,4.06,-0.1,,0.1
2026-01-15,457600,2345.0,4.03,-0.1,-0.0,0.1
2026-01-16,457600,2330.0,4.01,-0.1,,0.1
2026-01-19,457600,2375.0,3.99,0.0,,-0.0
2026-01-20,457600,2380.0,4.0,0.2,,-0.2
2026-01-21,457600,2320.0,4.06,-0.2,,0.2
2026-01-22,457600,2270.0,4.0,0.1,,-0.1
2026-01-23,457600,2270.0,4.04,0.1,,-0.1
2026-01-26,457600,2300.0,4.05,0.2,,-0.2
2026-01-27,457600,2315.0,4.13,0.1,,-0.1
2026-01-28,457600,2300.0,4.15,0.1,,-0.1
2026-01-29,457600,2330.0,4.19,0.1,,-0.1
2026-01-30,457600,2275.0,4.23,-0.0,,-0.0
2026-02-02,457600,2205.0,4.23,-0.2,,0.2
2026-02-03,457600,2240.0,4.16,-0.1,,0.0
2026-02-04,457600,2300.0,4.13,0.0,,0.0
2026-02-05,457600,2275.0,4.13,0.2,,-0.2
2026-02-06,457600,2210.0,4.19,0.0,,-0.0
2026-02-09,457600,2260.0,4.2,0.1,,-0.1
2026-02-10,457600,2320.0,4.23,-0.2,,0.2
2026-02-11,457600,2320.0,4.17,0.1,,-0.2
2026-02-12,457600,2305.0,4.22,0.0,,-0.0
2026-02-13,457600,2230.0,4.22,-0.2,,0.2
2026-02-19,457600,2190.0,4.17,-0.2,,0.2
2026-02-20,457600,2105.0,4.11,-0.2,,0.2
2026-02-23,457600,2165.0,4.04,0.0,,0.0
2026-02-24,457600,2165.0,4.05,0.2,,-0.2
2026-02-25,457600,2200.0,4.13,0.3,,-0.3
2026-02-26,457600,2090.0,4.22,-0.0,,0.0
2026-02-27,457600,2060.0,4.21,-0.0,,0.0
2026-03-03,457600,1990.0,4.2,0.1,,-0.1
2026-03-04,457600,1747.0,4.25,0.0,,-0.0
2026-03-05,457600,1898.0,4.27,0.2,,-0.2
2026-03-06,457600,1912.0,4.33,0.0,,-0.0
2026-03-09,457600,1889.0,4.34,-0.1,,0.1
2026-03-10,457600,1928.0,4.31,-0.1,,0.1
2026-03-11,457600,2025.0,4.28,0.0,,-0.0
2026-03-12,457600,2070.0,4.3,-0.0,,0.0
2026-03-13,457600,2040.0,4.29,0.1,,-0.1
2026-03-16,457600,2285.0,4.3,-0.2,,0.2
2026-03-17,457600,2250.0,4.23,-0.2,,0.2
2026-03-18,457600,2300.0,4.18,-0.1,,0.1
2026-03-19,457600,2270.0,4.16,-0.1,,0.1
2026-03-20,457600,2340.0,4.13,0.7,,-0.7
2026-03-23,457600,2130.0,4.35,0.4,,-0.4
2026-03-24,457600,2205.0,4.48,0.1,,-0.1
2026-03-25,457600,2270.0,4.42,-0.0,,0.0
2026-03-26,457600,2220.0,4.41,0.1,,-0.1
2026-03-27,457600,2250.0,4.43,0.0,,-0.1
2026-03-30,457600,2190.0,4.44,0.0,,-0.0
2026-03-31,457600,2175.0,4.44,0.1,,-0.1
2026-04-01,457600,2110.0,4.49,-0.1,,0.1
2026-04-02,457600,2050.0,4.45,0.2,,-0.1
2026-04-03,457600,2085.0,4.52,0.0,,-0.0
2026-04-06,457600,2060.0,4.53,0.0,,-0.0
2026-04-07,457600,2015.0,4.55,0.1,,-0.1
2026-04-08,457600,2050.0,4.59,0.1,,-0.2
2026-04-09,457600,2080.0,4.64,-0.1,,0.1
2026-04-10,457600,2160.0,4.61,0.2,,-0.2
2026-04-13,457600,2135.0,4.67,-0.0,,0.0
2026-04-14,457600,2220.0,4.66,0.0,-0.0,-0.0
2026-04-15,457600,2275.0,4.67,0.1,,-0.1
2026-04-16,457600,2275.0,4.7,-0.0,,0.0
2026-04-17,457600,2130.0,4.7,0.0,,-0.0
2026-04-20,457600,2135.0,4.71,-0.1,,0.1
2026-04-21,457600,2100.0,4.66,0.0,,-0.0
2026-04-22,457600,2075.0,4.67,-0.1,,0.1
2026-04-23,457600,2075.0,4.65,-0.1,,0.1
2026-04-24,457600,2150.0,4.63,0.0,,0.0
2026-04-27,457600,2170.0,4.63,-0.0,,0.0
2026-04-28,457600,2140.0,4.61,-0.1,0.0,0.1
2026-04-29,457600,2270.0,4.59,-0.2,-0.0,0.2
2026-04-30,457600,2260.0,4.54,-0.3,-0.0,0.2
2026-05-04,457600,2180.0,4.45,0.2,0.0,-0.2
2026-05-06,457600,2275.0,4.51,-0.1,-0.0,0.1
2026-05-07,457600,2205.0,4.49,-0.0,,0.0
2026-05-08,457600,2190.0,4.48,-0.1,-0.0,0.1
2026-05-11,457600,2035.0,4.44,-0.1,0.0,0.1
2026-05-12,457600,1949.0,4.41,-0.1,0.0,0.2
2026-05-13,457600,1936.0,4.37,-0.0,0.0,0.0
2026-05-14,457600,1950.0,4.35,0.0,-0.0,-0.0
2026-05-15,457600,1858.0,4.36,-0.1,0.0,0.1
2026-05-18,457600,1808.0,4.31,0.4,-0.0,-0.4
2026-05-19,457600,1752.0,4.47,-0.0,0.0,0.0
2026-05-20,457600,1703.0,4.45,0.0,-0.0,-0.0
2026-05-21,457600,1711.0,4.46,0.1,-0.0,-0.0
2026-05-22,457600,1826.0,4.49,0.1,-0.0,-0.1
2026-05-26,457600,1762.0,4.53,-0.2,0.0,0.2
2026-05-27,457600,1648.0,4.45,0.2,0.0,-0.2
2026-05-28,457600,1572.0,4.54,0.0,-0.0,-0.0
2026-05-29,457600,1598.0,4.55,-0.0,-0.0,0.0
2026-06-01,457600,1527.0,4.53,-0.1,-0.0,0.1
2026-06-02,457600,1570.0,4.48,0.1,0.0,-0.1
2026-06-04,457600,1611.0,4.52,-0.1,0.0,0.1
2026-06-05,457600,1774.0,4.47,-0.1,0.0,-0.0
2026-06-08,457600,1569.0,4.45,-0.1,,0.1
2026-06-09,457600,1771.0,4.41,0.1,0.0,-0.2
2026-06-10,457600,1949.0,4.46,0.1,0.0,-0.3
2026-06-11,457600,2015.0,4.49,-0.1,-0.0,-0.2
2026-06-12,457600,2200.0,4.46,0.9,-0.0,-1.1
2026-06-15,457600,2125.0,4.77,0.2,-0.0,0.1
2026-06-16,457600,2190.0,4.83,-0.1,-0.0,0.1
2026-06-17,457600,2170.0,4.81,-0.2,0.0,0.2
2026-06-18,457600,2070.0,4.75,0.0,-0.0,-0.0
2026-06-19,457600,2100.0,4.77,0.3,-0.0,-0.1
2026-06-22,457600,2450.0,4.86,1.8,-0.0,-1.8
2026-06-23,457600,2280.0,5.39,-0.4,0.0,0.5
2026-06-24,457600,2205.0,5.26,-0.3,0.0,0.3
2026-06-25,457600,2170.0,5.14,0.1,0.0,-0.2
2026-06-26,457600,2040.0,5.2,-0.1,-0.0,0.1
2026-06-29,457600,1764.0,5.15,0.5,0.0,-0.5
2026-06-30,457600,1827.0,5.37,-0.0,-0.0,0.0
2026-07-01,457600,1852.0,5.35,-0.1,,0.0
2026-07-02,457600,1952.0,5.32,-0.2,0.0,0.1
2026-07-03,457600,2030.0,5.26,0.2,-0.0,-0.3
2026-07-06,457600,2010.0,5.34,-0.7,-0.0,0.7
2026-07-07,457600,2165.0,5.08,0.1,0.0,-0.1
2026-07-08,457600,2600.0,5.1,-1.7,-0.0,1.7
2026-07-09,457600,2410.0,4.62,-0.3,-0.0,0.3
2026-07-10,457600,2865.0,4.54,0.1,-0.0,0.2
2026-07-13,457600,2455.0,4.54,-1.3,0.1,0.1
2025-07-14,457630,2145.0,0.03,0.0,-0.1,0.1
2025-07-15,457630,2150.0,0.03,0.0,0.0,0.0
2025-07-16,457630,2150.0,0.03,,,
2025-07-17,457630,2150.0,0.03,,,
2025-07-18,457630,2150.0,0.03,,,
2025-07-21,457630,2150.0,0.03,,,
2025-07-22,457630,2150.0,0.03,,,
2025-07-23,457630,2150.0,0.03,,,
2025-07-24,457630,2150.0,0.03,,,
2025-07-25,457630,2150.0,0.03,,,
2025-07-28,457630,2150.0,0.03,,,
2025-07-29,457630,2150.0,0.03,,,
2025-07-30,457630,2150.0,0.03,,,
2025-07-31,457630,2150.0,0.03,,,
2025-08-01,457630,2150.0,0.03,,,
2025-08-04,457630,2150.0,0.03,,,
2025-08-05,457630,2150.0,0.03,,,
2025-08-06,457630,2150.0,0.03,,,
2025-08-07,457630,2150.0,0.03,,,
2025-08-08,457630,2150.0,0.03,,,
2025-08-11,457630,2150.0,0.03,,,
2025-08-12,457630,2150.0,0.03,,,
2025-08-13,457630,2150.0,0.03,,,
2025-08-14,457630,2150.0,0.03,,,
2025-08-18,457630,2150.0,0.03,,,
2025-08-19,457630,2150.0,0.03,,,
2025-08-20,457630,2150.0,0.03,,,
2025-08-21,457630,2150.0,0.03,,,
2025-08-22,457630,2150.0,0.03,,,
2025-08-25,457630,2150.0,0.03,,,
2025-08-26,457630,2150.0,0.03,,,
2025-08-27,457630,2150.0,0.03,,,
2025-08-28,457630,2150.0,0.03,,,
2025-08-29,457630,2150.0,0.03,,,
2025-09-01,457630,2150.0,0.03,,,
2025-09-02,457630,2150.0,0.03,,,
2025-09-03,457630,2150.0,0.03,,,
2025-09-04,457630,2150.0,0.03,,,
2025-09-05,457630,2150.0,0.03,,,
2025-09-08,457630,2150.0,0.03,,,
2025-09-09,457630,2150.0,0.03,,,
2025-09-10,457630,2150.0,0.03,,,
2025-09-11,457630,2150.0,0.03,,,
2025-09-12,457630,2150.0,0.03,,,
2025-09-15,457630,2150.0,0.03,,,
2025-09-16,457630,2150.0,0.03,,,
2025-09-17,457630,2150.0,0.03,,,
2025-09-18,457630,2150.0,0.03,,,
2025-09-19,457630,2150.0,0.03,,,
2025-09-22,457630,2150.0,0.03,,,
2025-09-23,457630,2150.0,0.03,,,
2025-09-24,457630,2150.0,0.03,,,
2025-09-25,457630,2150.0,0.03,,,
2025-09-26,457630,2150.0,0.03,,,
2025-09-29,457630,2150.0,0.03,,,
2025-09-30,457630,2150.0,0.03,,,
2025-10-01,457630,2150.0,0.03,,,
2025-10-02,457630,2150.0,0.03,,,
2025-10-10,457630,2150.0,0.03,,,
2025-10-13,457630,2150.0,0.03,,,
2025-10-14,457630,2150.0,0.03,,,
2025-10-15,457630,2150.0,0.03,,,
2025-10-16,457630,2150.0,0.03,,,
2025-10-17,457630,2150.0,0.03,,,
2025-10-20,457630,2150.0,0.03,,,
2025-10-21,457630,2150.0,0.03,,,
2025-10-22,457630,2150.0,0.03,,,
2025-10-23,457630,2150.0,0.03,,,
2025-10-24,457630,2150.0,0.03,,,
2025-10-27,457630,2150.0,0.03,,,
2025-10-28,457630,2150.0,0.03,,,
2025-10-29,457630,2150.0,0.03,,,
2025-10-30,457630,2150.0,0.03,,,
2025-10-31,457630,2090.0,0.03,-0.0,-4.8,4.8
2025-11-03,457630,2080.0,0.02,-0.0,0.2,-0.2
2025-11-04,457630,2085.0,0.02,0.0,1.8,-1.8
2025-11-05,457630,2080.0,0.02,0.0,1.0,-1.0
2025-11-06,457630,2080.0,0.02,0.0,1.1,-1.1
2025-11-07,457630,2080.0,0.05,0.1,0.0,-0.1
2025-11-10,457630,2075.0,0.11,0.0,0.0,0.1
2025-11-11,457630,2080.0,0.12,-0.0,0.0,0.0
2025-11-12,457630,2085.0,0.11,-0.0,0.3,-0.2
2025-11-13,457630,2085.0,0.1,-0.0,0.3,-0.3
2025-11-14,457630,2085.0,0.09,0.0,-0.2,0.2
2025-11-17,457630,2085.0,0.1,-0.0,0.0,0.0
2025-11-18,457630,2090.0,0.07,-0.0,0.0,0.0
2025-11-19,457630,2090.0,0.05,-0.0,0.0,0.0
2025-11-20,457630,2090.0,0.05,-0.0,0.1,-0.0
2025-11-21,457630,2095.0,0.05,-0.0,0.0,0.0
2025-11-24,457630,2090.0,0.04,-0.0,0.0,0.0
2025-11-25,457630,2095.0,0.04,0.0,0.0,-0.0
2025-11-26,457630,2095.0,0.04,0.0,0.0,-0.0
2025-11-27,457630,2090.0,0.04,0.0,0.0,-0.0
2025-11-28,457630,2095.0,0.04,0.0,0.0,-0.0
2025-12-01,457630,2090.0,0.04,-0.0,0.0,0.0
2025-12-02,457630,2090.0,0.04,-0.0,-0.2,0.2
2025-12-03,457630,2095.0,0.04,0.0,0.0,-0.0
2025-12-04,457630,2090.0,0.04,-0.0,0.0,0.0
2025-12-05,457630,2085.0,0.04,-0.0,-0.1,0.1
2025-12-08,457630,2085.0,0.04,-0.0,0.2,-0.2
2025-12-09,457630,2085.0,0.04,0.0,0.5,-0.5
2025-12-10,457630,2085.0,0.04,-0.0,-0.3,0.3
2025-12-11,457630,2085.0,0.03,-0.0,0.0,-0.0
2025-12-12,457630,2080.0,0.03,0.0,0.0,-0.0
2025-12-15,457630,2080.0,0.05,-0.0,0.0,0.0
2025-12-16,457630,2075.0,0.04,0.0,1.1,-1.2
2025-12-17,457630,2075.0,0.04,-0.0,0.0,0.0
2025-12-18,457630,2080.0,0.04,-0.0,0.0,0.0
2025-12-19,457630,2085.0,0.03,0.0,0.0,0.0
2025-12-22,457630,2090.0,0.03,0.0,-0.1,0.1
2025-12-23,457630,2085.0,0.05,0.0,0.2,-0.2
2025-12-24,457630,2075.0,0.06,-0.0,0.0,0.0
2025-12-26,457630,2085.0,0.06,0.1,0.2,-0.3
2025-12-29,457630,2085.0,0.14,-0.1,0.3,-0.2
2025-12-30,457630,2080.0,0.09,0.0,0.0,0.0
2026-01-02,457630,2080.0,0.09,-0.0,0.0,0.0
2026-01-05,457630,2080.0,0.06,0.0,0.0,0.0
2026-01-06,457630,2085.0,0.06,0.0,0.0,-0.0
2026-01-07,457630,2080.0,0.06,-0.0,-1.4,1.4
2026-01-08,457630,2075.0,0.06,-0.0,-0.1,0.1
2026-01-09,457630,2085.0,0.06,0.1,-0.3,0.1
2026-01-12,457630,2080.0,0.15,-0.1,-1.7,1.8
2026-01-13,457630,2085.0,0.06,-0.0,0.0,0.0
2026-01-14,457630,2080.0,0.06,-0.0,0.0,0.0
2026-01-15,457630,2085.0,0.06,0.0,0.0,0.0
2026-01-16,457630,2085.0,0.06,0.0,0.0,0.0
2026-01-19,457630,2085.0,0.06,-0.0,0.2,-0.2
2026-01-20,457630,2085.0,0.06,-0.0,0.2,-0.2
2026-01-21,457630,2075.0,0.06,-0.0,-0.0,0.0
2026-01-22,457630,2075.0,0.06,0.0,0.0,-0.0
2026-01-23,457630,2080.0,0.06,-0.0,0.5,-0.5
2026-01-26,457630,2085.0,0.05,-0.0,0.3,-0.3
2026-01-27,457630,2090.0,0.05,0.0,0.6,-0.5
2026-01-28,457630,2090.0,0.06,0.0,0.2,-0.2
2026-01-29,457630,2090.0,0.1,0.0,-0.6,0.2
2026-01-30,457630,2100.0,0.1,0.0,0.0,-0.0
2026-02-02,457630,2100.0,0.1,-0.0,0.2,-0.1
2026-02-03,457630,2100.0,0.07,0.0,0.2,-0.2
2026-02-04,457630,2100.0,0.07,0.0,0.5,-0.5
2026-02-05,457630,2110.0,0.07,-0.0,-3.1,3.1
2026-02-06,457630,2115.0,0.07,-0.0,0.4,-2.9
2026-02-09,457630,2110.0,0.07,0.0,0.0,-0.8
2026-02-10,457630,2115.0,0.07,-0.0,-0.4,-1.3
2026-02-11,457630,2117.0,0.06,0.0,0.0,-0.1
2026-02-12,457630,2117.0,0.06,0.1,0.4,-1.2
2026-02-13,457630,2120.0,0.13,,-0.0,-0.7
2026-02-19,457630,2115.0,0.13,0.0,-0.0,-1.1
2026-02-20,457630,2105.0,0.13,-0.1,0.0,0.0
2026-02-23,457630,2115.0,0.09,0.0,0.7,-0.7
2026-02-24,457630,2110.0,0.09,0.0,-0.1,0.1
2026-02-25,457630,2102.0,0.09,-0.0,0.2,-0.2
2026-02-26,457630,2102.0,0.07,-0.0,-0.0,0.0
2026-02-27,457630,2110.0,0.07,0.0,-0.4,0.3
2026-03-03,457630,2100.0,0.07,0.1,0.6,-0.7
2026-03-04,457630,2100.0,0.12,-0.1,-1.2,1.3
2026-03-05,457630,2095.0,0.06,-0.0,-0.9,1.0
2026-03-06,457630,2095.0,0.06,0.0,0.0,0.0
2026-03-09,457630,2095.0,0.06,0.0,0.2,0.3
2026-03-10,457630,2100.0,0.06,0.0,0.0,-0.0
2026-03-11,457630,2095.0,0.06,0.0,0.0,0.0
2026-03-12,457630,2095.0,0.06,0.0,0.0,-0.0
2026-03-13,457630,2095.0,0.06,-0.0,0.3,-0.3
2026-03-16,457630,2095.0,0.06,-0.0,0.8,-0.8
2026-03-17,457630,2102.0,0.06,0.0,0.0,-0.0
2026-03-18,457630,2100.0,0.06,0.0,0.2,-0.2
2026-03-19,457630,2097.0,0.06,0.0,0.0,0.0
2026-03-20,457630,2100.0,0.06,0.0,0.0,0.0
2026-03-23,457630,2100.0,0.06,0.0,0.0,0.0
2026-03-24,457630,2102.0,0.06,0.0,-0.0,0.0
2026-03-25,457630,2100.0,0.06,0.0,0.0,0.0
2026-03-26,457630,2097.0,0.06,0.0,0.1,-0.1
2026-03-27,457630,2097.0,0.06,-0.0,0.5,-0.5
2026-03-30,457630,2100.0,0.03,,0.4,-0.4
2026-03-31,457630,2097.0,0.03,-0.0,,0.9
2026-04-01,457630,2097.0,0.03,-0.0,0.0,0.0
2026-04-02,457630,2095.0,0.03,-0.0,-0.1,0.1
2026-04-03,457630,2095.0,0.03,,,
2026-04-06,457630,2095.0,0.03,-0.0,0.6,-0.6
2026-04-07,457630,2095.0,0.03,,0.5,0.3
2026-04-08,457630,2095.0,0.03,,0.0,-0.0
2026-04-09,457630,2095.0,0.03,,0.0,-0.0
2026-04-10,457630,2095.0,0.03,,-0.1,0.1
2026-04-13,457630,2095.0,0.03,,0.0,0.0
2026-04-14,457630,2095.0,0.03,-0.0,-0.0,0.1
2026-04-30,457630,,,,,
2026-05-29,457630,,,,,
2026-06-30,457630,,,,,
2026-07-13,457630,,,,,
2025-07-14,457940,2070.0,0.02,-0.0,0.3,-0.2
2025-07-15,457940,2070.0,0.02,0.0,0.0,0.0
2025-07-16,457940,2065.0,0.02,0.0,-0.0,0.1
2025-07-17,457940,2075.0,0.02,-0.0,-0.0,0.0
2025-07-18,457940,2080.0,0.02,0.0,0.0,-0.0
2025-07-21,457940,2085.0,0.02,0.0,0.4,-0.3
2025-07-22,457940,2085.0,0.03,-0.0,0.3,-0.3
2025-07-23,457940,2090.0,0.03,-0.0,0.0,-0.0
2025-07-24,457940,2090.0,0.02,0.0,0.0,-0.0
2025-07-25,457940,2100.0,0.02,-0.0,0.1,-0.1
2025-07-28,457940,2095.0,0.01,0.0,0.0,-0.0
2025-07-29,457940,2085.0,0.01,-0.0,0.1,-0.1
2025-07-30,457940,2090.0,0.01,-0.0,0.2,-0.2
2025-07-31,457940,2090.0,0.01,-0.0,0.3,-0.3
2025-08-01,457940,2095.0,0.01,-0.0,0.0,0.0
2025-08-04,457940,2095.0,0.01,,0.0,0.0
2025-08-05,457940,2095.0,0.01,,0.0,0.0
2025-08-06,457940,2100.0,0.01,-0.0,0.1,-0.1
2025-08-07,457940,2100.0,0.01,-0.0,-0.0,0.0
2025-08-08,457940,2085.0,0.01,-0.0,-0.0,0.0
2025-08-11,457940,2075.0,0.0,-0.0,0.0,0.0
2025-08-12,457940,2075.0,0.0,-0.0,0.0,0.0
2025-08-13,457940,2070.0,0.0,-0.0,-0.2,0.2
2025-08-14,457940,2080.0,0.0,0.0,0.1,-0.0
2025-08-18,457940,2075.0,0.0,-0.0,0.0,0.0
2025-08-19,457940,2070.0,0.0,-0.0,0.0,0.0
2025-08-20,457940,2075.0,0.0,-0.0,-0.0,0.0
2025-08-21,457940,2075.0,0.0,,0.0,-0.0
2025-08-22,457940,2080.0,0.0,,0.0,0.0
2025-08-25,457940,2085.0,0.0,,0.0,0.0
2025-08-26,457940,2080.0,0.0,,0.0,0.0
2025-08-27,457940,2085.0,0.0,,0.0,0.0
2025-08-28,457940,2085.0,0.0,,0.0,-0.0
2025-08-29,457940,2085.0,0.0,,0.1,-0.1
2025-09-01,457940,2085.0,0.0,0.0,0.0,-0.0
2025-09-02,457940,2090.0,0.0,0.0,0.0,0.0
2025-09-03,457940,2085.0,0.0,0.0,0.1,-0.1
2025-09-04,457940,2085.0,0.0,0.0,0.0,-0.0
2025-09-05,457940,2070.0,0.0,-0.0,0.0,0.0
2025-09-08,457940,2075.0,0.0,,0.0,0.0
2025-09-09,457940,2075.0,0.0,,0.0,-0.0
2025-09-10,457940,2085.0,0.0,,0.1,-0.1
2025-09-11,457940,2085.0,0.0,0.0,0.3,-0.3
2025-09-12,457940,2085.0,0.0,0.0,0.1,-0.1
2025-09-15,457940,2090.0,0.0,0.0,0.4,-0.4
2025-09-16,457940,2090.0,0.0,0.0,0.1,-0.1
2025-09-17,457940,2100.0,0.0,0.0,0.2,-0.2
2025-09-18,457940,2100.0,0.0,0.0,0.2,-0.2
2025-09-19,457940,2080.0,0.0,0.0,0.0,-0.0
2025-09-22,457940,2100.0,0.0,0.0,0.0,-0.0
2025-09-23,457940,2075.0,0.0,0.0,0.0,-0.1
2025-09-24,457940,2085.0,0.07,0.0,0.0,-0.0
2025-09-25,457940,2090.0,0.1,0.0,0.0,-0.0
2025-09-26,457940,2080.0,0.15,-0.0,0.5,-0.5
2025-09-29,457940,2080.0,0.15,0.0,0.0,-0.0
2025-09-30,457940,2090.0,0.15,-0.0,0.0,-0.0
2025-10-01,457940,2090.0,0.15,0.0,0.0,0.0
2025-10-02,457940,2085.0,0.15,0.0,-0.0,0.0
2025-10-10,457940,2085.0,0.15,0.0,0.1,-0.1
2025-10-13,457940,2085.0,0.15,0.0,0.0,0.0
2025-10-14,457940,2085.0,0.15,0.0,0.1,-0.1
2025-10-15,457940,2085.0,0.15,0.0,0.2,-0.2
2025-10-16,457940,2085.0,0.15,0.0,0.0,0.0
2025-10-17,457940,2085.0,0.15,0.0,0.4,-0.4
2025-10-20,457940,2085.0,0.15,-0.0,0.0,0.0
2025-10-21,457940,2085.0,0.15,0.0,0.0,0.0
2025-10-22,457940,2085.0,0.15,0.0,0.1,-0.1
2025-10-23,457940,2080.0,0.15,0.0,-0.0,0.0
2025-10-24,457940,2085.0,0.15,0.0,0.0,-0.0
2025-10-27,457940,2095.0,0.15,-0.0,0.0,-0.0
2025-10-28,457940,2090.0,0.15,0.0,0.2,-0.2
2025-10-29,457940,2090.0,0.16,0.0,0.5,-0.5
2025-10-30,457940,2090.0,0.16,0.0,0.0,-0.1
2025-10-31,457940,2085.0,0.16,0.0,0.1,-0.1
2025-11-03,457940,2090.0,0.16,0.0,0.0,-0.0
2025-11-04,457940,2095.0,0.16,0.0,0.0,-0.0
2025-11-05,457940,2095.0,0.17,0.0,0.2,-0.2
2025-11-06,457940,2095.0,0.17,0.0,0.1,-0.1
2025-11-07,457940,2090.0,0.17,-0.0,0.0,-0.0
2025-11-10,457940,2100.0,0.17,-0.0,0.2,-0.2
2025-11-11,457940,2100.0,0.17,0.0,0.0,-0.0
2025-11-12,457940,2100.0,0.17,-0.0,0.1,-0.1
2025-11-13,457940,2090.0,0.17,-0.0,0.0,0.0
2025-11-14,457940,2090.0,0.17,0.0,0.0,0.0
2025-11-17,457940,2095.0,0.17,0.0,0.1,-0.1
2025-11-18,457940,2095.0,0.17,-0.0,0.2,-0.2
2025-11-19,457940,2095.0,0.16,-0.0,0.6,-0.6
2025-11-20,457940,2095.0,0.16,0.0,0.0,-0.0
2025-11-21,457940,2095.0,0.16,,0.1,-0.1
2025-11-24,457940,2095.0,0.16,-0.0,0.4,-0.4
2025-11-25,457940,2095.0,0.16,0.0,0.0,-0.0
2025-11-26,457940,2095.0,0.16,0.0,0.0,0.0
2025-11-27,457940,2095.0,0.16,0.0,0.0,-0.0
2025-11-28,457940,2100.0,0.16,0.0,0.1,-0.1
2025-12-01,457940,2105.0,0.17,-0.0,0.0,0.0
2025-12-02,457940,2090.0,0.17,-0.0,0.0,0.0
2025-12-03,457940,2090.0,0.16,0.0,0.0,0.0
2025-12-04,457940,2100.0,0.16,0.0,0.0,0.0
2025-12-05,457940,2100.0,0.16,0.0,0.0,0.0
2025-12-08,457940,2095.0,0.16,-0.0,0.0,0.0
2025-12-09,457940,2095.0,0.16,0.0,0.0,0.0
2025-12-10,457940,2095.0,0.16,0.0,0.0,-0.0
2025-12-11,457940,2095.0,0.16,0.0,0.0,-0.0
2025-12-12,457940,2095.0,0.19,-0.0,0.0,-0.0
2025-12-15,457940,2090.0,0.19,-0.0,0.1,-0.1
2025-12-16,457940,2090.0,0.18,0.0,1.0,-1.0
2025-12-17,457940,2090.0,0.19,-0.0,0.0,-0.0
2025-12-18,457940,2085.0,0.19,0.0,0.0,0.0
2025-12-19,457940,2090.0,0.19,0.0,0.0,0.0
2025-12-22,457940,2090.0,0.19,0.0,0.0,-0.0
2025-12-23,457940,2090.0,0.19,0.0,0.0,-0.0
2025-12-24,457940,2090.0,0.21,-0.0,0.0,-0.0
2025-12-26,457940,2090.0,0.21,0.0,0.0,-0.0
2025-12-29,457940,2090.0,0.24,0.0,0.0,0.0
2025-12-30,457940,2090.0,0.24,0.0,0.0,0.0
2026-01-02,457940,2085.0,0.24,0.0,0.0,-0.0
2026-01-05,457940,2085.0,0.24,0.0,0.0,-0.0
2026-01-06,457940,2090.0,0.25,0.0,0.0,-0.0
2026-01-07,457940,2090.0,0.25,0.0,0.0,-0.0
2026-01-08,457940,2090.0,0.25,0.0,0.0,0.0
2026-01-09,457940,2095.0,0.25,0.0,0.2,-0.2
2026-01-12,457940,2090.0,0.25,0.0,-0.1,0.1
2026-01-13,457940,2090.0,0.25,0.0,0.0,0.0
2026-01-14,457940,2090.0,0.25,0.0,0.0,0.0
2026-01-15,457940,2090.0,0.25,0.0,0.0,-0.0
2026-01-16,457940,2090.0,0.25,0.0,0.1,-0.1
2026-01-19,457940,2090.0,0.25,0.0,0.3,-0.3
2026-01-20,457940,2087.0,0.25,0.0,0.0,0.0
2026-01-21,457940,2090.0,0.25,-0.0,-0.1,0.1
2026-01-22,457940,2090.0,0.25,0.0,0.0,-0.0
2026-01-23,457940,2090.0,0.25,0.0,-0.1,0.1
2026-01-26,457940,2100.0,0.25,0.0,1.0,-1.0
2026-01-27,457940,2095.0,0.25,-0.0,0.7,-0.7
2026-01-28,457940,2095.0,0.25,0.0,-0.7,0.7
2026-01-29,457940,2095.0,0.25,0.0,0.0,-0.3
2026-01-30,457940,2105.0,0.25,0.0,0.0,-0.4
2026-02-02,457940,2110.0,0.25,0.0,0.0,-0.0
2026-02-03,457940,2115.0,0.25,0.0,-1.7,-0.2
2026-02-04,457940,2110.0,0.26,-0.0,-0.3,0.3
2026-02-05,457940,2115.0,0.25,0.0,0.0,0.0
2026-02-06,457940,2115.0,0.25,0.0,0.0,-1.0
2026-02-09,457940,2115.0,0.25,0.0,0.1,-0.1
2026-02-10,457940,2115.0,0.25,0.0,0.7,-0.4
2026-02-11,457940,2120.0,0.25,0.0,1.3,-1.3
2026-02-12,457940,2115.0,0.27,-0.0,0.0,0.0
2026-02-13,457940,2120.0,0.25,0.0,0.0,0.0
2026-02-19,457940,2115.0,0.25,-0.0,0.0,0.0
2026-02-20,457940,2115.0,0.25,-0.0,0.0,0.0
2026-02-23,457940,2115.0,0.25,-0.0,0.0,0.0
2026-02-24,457940,2110.0,0.25,-0.0,-0.2,0.2
2026-02-25,457940,2115.0,0.25,-0.2,0.2,0.0
2026-02-26,457940,2115.0,0.0,-0.0,0.0,-0.0
2026-02-27,457940,2110.0,0.0,0.0,0.1,-0.1
2026-03-03,457940,2110.0,0.0,0.0,0.0,-0.0
2026-03-04,457940,2110.0,0.0,,,
2026-03-05,457940,2105.0,0.0,-0.0,1.9,-1.9
2026-03-06,457940,2105.0,0.0,,1.1,-1.1
2026-03-09,457940,2105.0,0.0,,1.1,-1.1
2026-03-10,457940,2105.0,0.0,,1.7,-1.7
2026-03-11,457940,2100.0,0.0,,0.0,0.3
2026-03-12,457940,2105.0,0.0,,-0.1,0.1
2026-03-13,457940,2100.0,0.0,,0.1,-0.1
2026-03-31,457940,,,,,
2026-04-30,457940,,,,,
2026-05-29,457940,,,,,
2026-06-30,457940,,,,,
2026-07-13,457940,,,,,
2025-12-30,458320,,,,,
2026-01-30,458320,,,,,
2026-02-27,458320,,,,,
2026-03-31,458320,,,,,
2026-04-30,458320,,,,,
2026-05-29,458320,,,,,
2026-06-30,458320,,,,,
2026-07-13,458320,,,,,
2025-12-30,458350,,,,,
2026-01-30,458350,,,,,
2026-02-27,458350,,,,,
2026-03-06,458350,34000.0,1.64,-16.7,-58.8,68.1
2026-03-09,458350,23800.0,1.04,0.3,-27.1,151.1
2026-03-10,458350,21750.0,1.16,3.0,-0.0,-5.5
2026-03-11,458350,20200.0,1.32,0.4,-0.0,1.6
2026-03-12,458350,19140.0,1.35,0.1,-0.3,-0.4
2026-03-13,458350,17050.0,1.35,-0.9,-0.2,2.5
2026-03-16,458350,16210.0,1.35,-0.2,-0.0,0.2
2026-03-17,458350,16050.0,1.33,-3.7,-4.7,23.6
2026-03-18,458350,15290.0,1.14,-1.1,,1.1
2026-03-19,458350,15220.0,1.12,-1.1,,0.9
2026-03-20,458350,15230.0,1.04,1.1,,-1.2
2026-03-23,458350,11500.0,1.17,-8.3,-39.3,49.5
2026-03-24,458350,10680.0,0.39,4.4,-5.2,1.0
2026-03-25,458350,10840.0,0.88,-0.1,-0.5,0.6
2026-03-26,458350,10350.0,0.9,-2.1,-0.2,2.4
2026-03-27,458350,10450.0,0.7,-0.3,-0.8,1.1
2026-03-30,458350,9800.0,0.67,-1.5,-0.2,1.8
2026-03-31,458350,9560.0,0.56,-0.4,-0.7,1.0
2026-04-01,458350,9880.0,0.52,3.0,-1.1,-1.8
2026-04-02,458350,9240.0,0.87,-3.5,-0.6,4.1
2026-04-03,458350,9060.0,0.46,1.7,-0.5,-1.2
2026-04-06,458350,8780.0,0.72,-0.8,-8.7,9.5
2026-04-07,458350,8500.0,0.61,0.8,-4.4,3.9
2026-04-08,458350,8910.0,0.72,5.1,-0.0,-5.1
2026-04-09,458350,10200.0,1.39,0.1,11.7,-12.6
2026-04-10,458350,9390.0,1.43,-8.5,0.4,8.9
2026-04-13,458350,9480.0,0.68,0.6,0.0,-0.6
2026-04-14,458350,9450.0,0.75,-0.4,-0.1,0.6
2026-04-15,458350,9600.0,0.7,0.2,0.5,-0.7
2026-04-16,458350,9500.0,0.62,-0.8,-0.2,1.0
2026-04-17,458350,9230.0,0.52,0.7,-0.0,-0.9
2026-04-20,458350,9130.0,0.63,-0.1,-0.0,0.1
2026-04-21,458350,9290.0,0.62,-0.4,0.0,0.2
2026-04-22,458350,9300.0,0.52,-0.5,0.0,0.6
2026-04-23,458350,9000.0,0.45,-0.4,-0.1,0.6
2026-04-24,458350,9020.0,0.4,0.9,-0.0,-0.8
2026-04-27,458350,9080.0,0.51,-0.6,0.0,0.6
2026-04-28,458350,9010.0,0.44,-0.7,0.0,0.6
2026-04-29,458350,8950.0,0.35,-0.3,0.0,0.2
2026-04-30,458350,9070.0,0.31,1.8,-0.6,-1.5
2026-05-04,458350,9040.0,0.54,-2.3,0.1,2.5
2026-05-06,458350,9010.0,0.25,-0.8,-0.0,0.9
2026-05-07,458350,8820.0,0.15,0.1,0.0,-0.1
2026-05-08,458350,8660.0,0.18,0.2,0.0,-0.3
2026-05-11,458350,8150.0,0.21,-0.8,0.0,0.7
2026-05-12,458350,7780.0,0.1,1.2,0.0,-1.2
2026-05-13,458350,7680.0,0.27,0.6,0.0,-0.6
2026-05-14,458350,7690.0,0.36,-0.0,0.0,0.0
2026-05-15,458350,7100.0,0.36,-1.3,-0.8,2.0
2026-05-18,458350,7160.0,0.17,1.9,0.3,-2.3
2026-05-19,458350,7170.0,0.49,0.3,0.0,-0.3
2026-05-20,458350,6850.0,0.54,-0.4,-0.2,0.7
2026-05-21,458350,6580.0,0.47,0.9,0.0,-1.0
2026-05-22,458350,6720.0,0.62,1.2,0.1,-1.3
2026-05-26,458350,6700.0,0.82,0.1,-0.0,-0.0
2026-05-27,458350,6370.0,0.83,0.5,-0.3,-0.2
2026-05-28,458350,6300.0,0.92,0.6,-0.0,-0.4
2026-05-29,458350,5990.0,1.03,-0.2,-0.0,0.2
2026-06-01,458350,5690.0,1.0,0.4,-0.0,-0.3
2026-06-02,458350,5530.0,1.07,1.0,0.0,-1.1
2026-06-04,458350,5590.0,1.3,-0.2,-0.0,0.2
2026-06-05,458350,5420.0,1.26,-0.1,-0.0,0.1
2026-06-08,458350,4600.0,1.26,0.7,-3.0,2.2
2026-06-09,458350,4720.0,1.44,1.4,-0.6,-0.9
2026-06-10,458350,4555.0,1.79,0.5,-0.5,-0.0
2026-06-11,458350,4610.0,1.91,0.7,-0.2,-0.4
2026-06-12,458350,4860.0,2.08,0.9,-0.2,-0.8
2026-06-15,458350,4925.0,2.3,-0.1,-0.0,0.1
2026-06-16,458350,5030.0,2.28,0.1,-0.0,-0.0
2026-06-17,458350,5040.0,2.3,-0.1,-0.0,0.1
2026-06-18,458350,4615.0,2.28,-0.2,-0.2,0.5
2026-06-19,458350,4490.0,2.19,0.0,-0.0,-0.0
2026-06-22,458350,4400.0,2.2,-0.0,-0.2,0.2
2026-06-23,458350,3780.0,2.19,0.2,-1.3,1.0
2026-06-24,458350,3865.0,2.28,0.7,-0.1,-0.6
2026-06-25,458350,3940.0,2.5,0.1,-0.0,-0.1
2026-06-26,458350,3585.0,2.52,0.3,-0.1,-0.1
2026-06-29,458350,3870.0,2.63,1.5,0.0,-1.7
2026-06-30,458350,3985.0,3.08,-0.3,0.9,-0.6
2026-07-01,458350,4150.0,2.98,0.1,0.1,-0.3
2026-07-02,458350,3960.0,3.01,-0.5,0.8,-0.3
2026-07-03,458350,4380.0,2.86,-0.0,0.6,-0.6
2026-07-06,458350,4245.0,2.85,-0.4,-0.1,0.4
2026-07-07,458350,4250.0,2.73,-0.1,0.7,-0.6
2026-07-08,458350,3985.0,2.69,-0.0,0.2,-0.2
2026-07-09,458350,3645.0,2.69,1.8,-2.3,0.5
2026-07-10,458350,3835.0,3.23,1.2,-0.7,-0.5
2026-07-13,458350,3615.0,3.59,0.5,-0.0,-0.5
2025-07-14,458610,2130.0,0.14,-0.0,0.0,-0.0
2025-07-15,458610,2140.0,0.14,-0.0,0.0,0.0
2025-07-16,458610,2125.0,0.14,-0.0,0.4,-0.4
2025-07-17,458610,2135.0,0.14,-0.0,0.0,-0.0
2025-07-18,458610,2140.0,0.14,,0.0,-0.0
2025-07-21,458610,2135.0,0.14,0.0,0.0,0.0
2025-07-22,458610,2140.0,0.14,0.0,0.3,-0.3
2025-07-23,458610,2140.0,0.14,0.0,0.1,-0.1
2025-07-24,458610,2140.0,0.14,0.0,0.1,-0.1
2025-07-25,458610,2140.0,0.14,-0.0,0.1,-0.1
2025-07-28,458610,2125.0,0.14,-0.0,0.0,0.0
2025-07-29,458610,2125.0,0.14,-0.0,0.0,0.0
2025-07-30,458610,2135.0,0.14,-0.0,0.0,0.0
2025-07-31,458610,2160.0,0.14,-0.0,0.1,-0.1
2025-08-01,458610,2165.0,0.14,-0.0,0.0,0.0
2025-08-04,458610,2155.0,0.14,-0.0,0.0,0.0
2025-08-05,458610,2155.0,0.14,,0.0,0.0
2025-08-06,458610,2165.0,0.14,,0.0,0.0
2025-08-07,458610,2160.0,0.14,-0.0,0.1,-0.1
2025-08-08,458610,2150.0,0.14,-0.0,0.1,-0.1
2025-08-11,458610,2150.0,0.14,-0.0,0.0,0.0
2025-08-12,458610,2150.0,0.14,-0.0,0.1,-0.1
2025-08-13,458610,2145.0,0.14,,0.2,-0.2
2025-08-14,458610,2145.0,0.14,-0.0,0.0,0.0
2025-08-18,458610,2140.0,0.14,0.0,0.0,0.0
2025-08-19,458610,2145.0,0.14,-0.0,0.0,0.0
2025-08-20,458610,2135.0,0.14,-0.0,0.1,-0.1
2025-08-21,458610,2135.0,0.14,,0.0,-0.0
2025-08-22,458610,2135.0,0.14,,0.1,-0.1
2025-08-25,458610,2125.0,0.14,0.0,0.1,-0.1
2025-08-26,458610,2140.0,0.14,-0.0,0.1,0.0
2025-08-27,458610,2140.0,0.14,-0.0,0.0,-0.0
2025-08-28,458610,2135.0,0.14,-0.0,0.1,-0.1
2025-08-29,458610,2130.0,0.14,,0.0,0.0
2025-09-01,458610,2125.0,0.14,,0.0,-0.0
2025-09-02,458610,2095.0,0.14,-0.0,0.0,-0.0
2025-09-03,458610,2110.0,0.14,-0.0,0.0,0.0
2025-09-04,458610,2120.0,0.14,,0.0,0.0
2025-09-05,458610,2130.0,0.14,,0.0,0.0
2025-09-08,458610,2125.0,0.14,,0.0,-0.0
2025-09-09,458610,2135.0,0.14,-0.0,0.0,-0.2
2025-09-10,458610,2135.0,0.14,,0.0,-0.0
2025-09-11,458610,2135.0,0.14,0.0,0.0,-0.0
2025-09-12,458610,2140.0,0.14,-0.0,0.0,0.0
2025-09-15,458610,2140.0,0.14,,0.2,-0.2
2025-09-16,458610,2140.0,0.14,0.0,0.0,0.0
2025-09-17,458610,2140.0,0.14,,0.0,0.0
2025-09-18,458610,2140.0,0.14,-0.0,0.0,0.0
2025-09-19,458610,2130.0,0.14,-0.0,0.0,0.0
2025-09-22,458610,2140.0,0.14,-0.0,0.4,-0.8
2025-09-23,458610,2110.0,0.14,0.1,0.0,-0.1
2025-09-24,458610,2115.0,0.22,-0.0,0.1,-0.1
2025-09-25,458610,2115.0,0.22,-0.0,0.2,-0.2
2025-09-26,458610,2110.0,0.22,0.0,,0.0
2025-09-29,458610,2110.0,0.22,0.0,0.0,0.0
2025-09-30,458610,2110.0,0.22,-0.0,,0.0
2025-10-01,458610,2110.0,0.22,0.0,-0.1,0.1
2025-10-02,458610,2110.0,0.24,-0.0,0.0,0.0
2025-10-10,458610,2110.0,0.22,-0.0,0.1,-0.0
2025-10-13,458610,2115.0,0.22,0.0,0.6,-0.6
2025-10-14,458610,2105.0,0.24,0.0,0.0,-0.0
2025-10-15,458610,2105.0,0.24,0.0,0.0,-0.0
2025-10-16,458610,2110.0,0.24,0.0,-0.1,0.0
2025-10-17,458610,2110.0,0.25,0.0,0.0,0.0
2025-10-20,458610,2120.0,0.25,-0.0,-0.0,0.0
2025-10-21,458610,2120.0,0.25,-0.0,-0.1,0.1
2025-10-22,458610,2110.0,0.24,-0.0,-0.3,0.3
2025-10-23,458610,2110.0,0.24,0.0,0.0,-0.0
2025-10-24,458610,2120.0,0.24,0.0,0.0,-0.0
2025-10-27,458610,2120.0,0.25,0.0,0.0,-0.0
2025-10-28,458610,2120.0,0.26,-0.0,0.0,-0.0
2025-10-29,458610,2125.0,0.24,0.0,0.1,-0.1
2025-10-30,458610,2125.0,0.24,0.0,0.0,0.0
2025-10-31,458610,2130.0,0.24,0.0,0.0,-0.0
2025-11-03,458610,2125.0,0.25,-0.0,,0.0
2025-11-04,458610,2130.0,0.25,-0.0,0.1,-0.1
2025-11-05,458610,2125.0,0.24,0.0,0.0,0.0
2025-11-06,458610,2135.0,0.24,0.0,0.0,0.0
2025-11-07,458610,2130.0,0.24,0.0,,0.0
2025-11-10,458610,2130.0,0.24,-0.0,0.1,-0.1
2025-11-11,458610,2130.0,0.24,-0.0,0.0,-0.0
2025-11-12,458610,2125.0,0.24,-0.0,0.1,-0.1
2025-11-13,458610,2115.0,0.24,-0.0,,0.0
2025-11-14,458610,2115.0,0.24,-0.0,0.0,0.0
2025-11-17,458610,2130.0,0.24,-0.0,,0.0
2025-11-18,458610,2130.0,0.24,0.0,,0.0
2025-11-19,458610,2120.0,0.24,-0.0,,0.0
2025-11-20,458610,2120.0,0.24,-0.0,0.0,0.0
2025-11-21,458610,2110.0,0.24,0.0,,-0.0
2025-11-24,458610,2095.0,0.25,-0.0,,0.0
2025-11-25,458610,2110.0,0.24,-0.0,0.4,-0.4
2025-11-26,458610,2110.0,0.24,-0.0,0.0,0.0
2025-11-27,458610,2120.0,0.24,-0.0,0.1,-0.1
2025-11-28,458610,2120.0,0.24,0.0,,0.0
2025-12-01,458610,2120.0,0.24,0.0,,0.0
2025-12-02,458610,2125.0,0.24,-0.0,0.0,0.0
2025-12-03,458610,2125.0,0.24,-0.0,0.0,-0.0
2025-12-04,458610,2120.0,0.24,0.0,-0.0,0.0
2025-12-05,458610,2115.0,0.24,0.0,0.0,-0.0
2025-12-08,458610,2095.0,0.24,0.0,0.0,-0.0
2025-12-09,458610,2110.0,0.24,-0.0,0.0,0.0
2025-12-10,458610,2100.0,0.24,0.0,0.0,-0.0
2025-12-11,458610,2095.0,0.24,0.0,-0.1,0.0
2025-12-12,458610,2080.0,0.3,-0.0,-0.5,0.5
2025-12-15,458610,2090.0,0.3,0.0,0.3,-0.3
2025-12-16,458610,2080.0,0.3,0.0,0.8,-0.8
2025-12-17,458610,2090.0,0.3,0.0,0.2,-0.2
2025-12-18,458610,2080.0,0.3,0.0,0.0,0.0
2025-12-19,458610,2080.0,0.3,-0.0,-0.0,0.0
2025-12-22,458610,2085.0,0.3,0.0,-0.0,0.0
2025-12-23,458610,2085.0,0.3,0.0,0.0,0.0
2025-12-24,458610,2085.0,0.3,0.0,0.0,0.0
2025-12-26,458610,2085.0,0.3,0.0,0.0,0.0
2025-12-29,458610,2090.0,0.3,0.0,0.1,-0.1
2025-12-30,458610,2090.0,0.33,0.0,0.0,0.0
2026-01-02,458610,2090.0,0.33,0.0,0.0,0.0
2026-01-05,458610,2080.0,0.33,0.0,0.1,-0.1
2026-01-06,458610,2090.0,0.33,0.0,0.0,0.0
2026-01-07,458610,2090.0,0.33,0.0,0.0,-0.0
2026-01-08,458610,2090.0,0.33,0.0,0.0,-0.0
2026-01-09,458610,2090.0,0.33,0.0,0.4,-0.5
2026-01-12,458610,2095.0,0.35,-0.0,-0.1,0.1
2026-01-13,458610,2090.0,0.35,-0.0,0.1,-0.1
2026-01-14,458610,2090.0,0.35,0.0,0.0,-0.0
2026-01-15,458610,2090.0,0.35,0.0,0.4,-0.4
2026-01-16,458610,2080.0,0.35,0.0,-0.1,0.1
2026-01-19,458610,2080.0,0.35,0.0,0.2,-0.2
2026-01-20,458610,2085.0,0.36,0.0,0.1,-0.1
2026-01-21,458610,2085.0,0.36,-0.0,0.1,-0.1
2026-01-22,458610,2085.0,0.36,0.0,0.0,-0.0
2026-01-23,458610,2085.0,0.36,-0.0,0.3,-0.3
2026-01-26,458610,2085.0,0.36,0.0,0.0,-0.0
2026-01-27,458610,2090.0,0.36,0.0,0.3,-0.3
2026-01-28,458610,2090.0,0.37,-0.0,0.4,-0.4
2026-01-29,458610,2090.0,0.36,0.0,0.2,-0.2
2026-01-30,458610,2095.0,0.36,0.0,0.0,0.0
2026-02-02,458610,2095.0,0.36,0.0,-0.0,0.0
2026-02-03,458610,2100.0,0.36,0.0,-0.5,0.1
2026-02-04,458610,2115.0,0.36,0.0,0.2,-0.5
2026-02-05,458610,2115.0,0.37,0.0,0.1,-0.1
2026-02-06,458610,2115.0,0.37,-0.0,0.0,-0.1
2026-02-09,458610,2115.0,0.37,0.0,0.0,-0.0
2026-02-10,458610,2130.0,0.37,0.1,1.5,-2.2
2026-02-11,458610,2120.0,0.45,0.0,0.2,-0.2
2026-02-12,458610,2120.0,0.46,0.0,-0.1,0.1
2026-02-13,458610,2120.0,0.46,0.0,-0.0,0.0
2026-02-19,458610,2120.0,0.46,-0.1,0.1,-0.9
2026-02-20,458610,2115.0,0.37,0.0,0.4,-1.3
2026-02-23,458610,2110.0,0.37,0.0,-0.1,-0.7
2026-02-24,458610,2105.0,0.38,-0.0,0.1,-0.3
2026-02-25,458610,2095.0,0.38,0.0,-0.1,0.1
2026-02-26,458610,2095.0,0.41,-0.0,0.7,-0.7
2026-02-27,458610,2100.0,0.39,0.0,1.1,-1.1
2026-03-03,458610,2095.0,0.39,-0.0,0.0,0.5
2026-03-04,458610,2095.0,0.39,-0.0,0.0,0.1
2026-03-05,458610,2100.0,0.39,0.0,-0.1,-0.3
2026-03-06,458610,2095.0,0.4,-0.0,0.0,0.0
2026-03-09,458610,2095.0,0.37,-0.0,0.9,-0.9
2026-03-10,458610,2100.0,0.37,0.0,0.0,0.1
2026-03-11,458610,2100.0,0.37,0.0,0.0,-0.0
2026-03-12,458610,2100.0,0.37,0.0,-0.3,0.3
2026-03-13,458610,2100.0,0.39,-0.0,0.0,0.0
2026-03-16,458610,2100.0,0.37,0.0,-0.3,0.3
2026-03-17,458610,2100.0,0.37,-0.2,-0.4,0.6
2026-03-18,458610,2095.0,0.15,-0.0,-0.5,0.5
2026-03-19,458610,2090.0,0.15,0.0,-0.2,0.2
2026-03-20,458610,2095.0,0.15,-0.0,0.2,0.2
2026-03-23,458610,2095.0,0.15,-0.0,0.3,0.0
2026-03-24,458610,2095.0,0.15,,,
2026-03-25,458610,2090.0,0.15,,0.4,0.7
2026-03-26,458610,2090.0,0.15,-0.0,0.0,0.0
2026-03-27,458610,2090.0,0.15,-0.0,0.4,-0.4
2026-03-30,458610,2090.0,0.15,,1.1,-1.1
2026-03-31,458610,2090.0,0.15,,0.0,-0.0
2026-04-01,458610,2100.0,0.15,,,0.2
2026-04-02,458610,2095.0,0.15,,0.0,0.0
2026-04-30,458610,,,,,
2026-05-29,458610,,,,,
2026-06-30,458610,,,,,
2026-07-13,458610,,,,,
2025-07-14,458650,12650.0,1.92,-0.2,-0.1,0.4
2025-07-15,458650,12650.0,1.89,-0.5,-0.1,0.5
2025-07-16,458650,12540.0,1.86,-1.1,-0.0,1.1
2025-07-17,458650,12540.0,1.8,-0.4,-0.0,0.4
2025-07-18,458650,13800.0,1.78,-14.7,2.3,10.2
2025-07-21,458650,13650.0,1.01,7.1,3.0,-10.0
2025-07-22,458650,13400.0,1.38,0.3,0.1,-0.4
2025-07-23,458650,13420.0,1.4,-2.2,1.0,1.1
2025-07-24,458650,13680.0,1.28,-0.8,0.2,0.5
2025-07-25,458650,13350.0,1.27,-0.1,-0.3,0.3
2025-07-28,458650,13610.0,1.25,0.4,0.5,-1.0
2025-07-29,458650,13450.0,1.3,0.1,-0.4,0.3
2025-07-30,458650,14930.0,1.27,15.3,20.6,-35.7
2025-07-31,458650,14010.0,2.07,-4.1,-7.7,11.0
2025-08-01,458650,13150.0,1.78,-0.7,-9.2,9.6
2025-08-04,458650,12950.0,1.76,-0.1,-2.1,2.0
2025-08-05,458650,13520.0,1.73,3.9,0.2,-4.0
2025-08-06,458650,13540.0,2.09,-0.6,1.0,-0.3
2025-08-07,458650,13590.0,2.04,-1.7,0.6,1.2
2025-08-08,458650,13530.0,1.97,-1.4,0.0,1.2
2025-08-11,458650,13950.0,1.87,1.5,-0.0,-1.5
2025-08-12,458650,13600.0,1.97,-0.2,0.0,0.3
2025-08-13,458650,13520.0,1.94,-0.6,1.4,-0.8
2025-08-14,458650,13370.0,1.9,-0.9,-0.1,0.9
2025-08-18,458650,13000.0,1.82,-0.9,0.0,0.8
2025-08-19,458650,12800.0,1.75,-0.7,-0.3,1.0
2025-08-20,458650,12200.0,1.72,-2.5,-2.6,5.1
2025-08-21,458650,11980.0,1.57,0.7,-3.2,2.5
2025-08-22,458650,11980.0,1.61,-0.8,1.0,-0.2
2025-08-25,458650,12300.0,1.57,0.5,0.0,-0.6
2025-08-26,458650,12210.0,1.61,-0.7,-0.0,0.7
2025-08-27,458650,12170.0,1.57,0.4,-0.1,-0.4
2025-08-28,458650,12260.0,1.59,-0.2,-0.1,0.2
2025-08-29,458650,12530.0,1.6,-0.4,-0.2,0.6
2025-09-01,458650,12170.0,1.57,-1.3,-0.1,1.4
2025-09-02,458650,12430.0,1.48,-0.4,-0.1,0.6
2025-09-03,458650,12180.0,1.47,1.1,-0.1,-1.0
2025-09-04,458650,12560.0,1.61,0.2,0.3,-0.4
2025-09-05,458650,12420.0,1.65,0.1,0.3,-0.3
2025-09-08,458650,12470.0,1.66,0.1,0.2,-0.2
2025-09-09,458650,12440.0,1.69,0.2,0.0,-0.2
2025-09-10,458650,12480.0,1.7,-0.2,-0.0,0.2
2025-09-11,458650,12420.0,1.69,0.4,0.0,-0.4
2025-09-12,458650,12560.0,1.69,1.1,0.4,-1.5
2025-09-15,458650,12640.0,1.74,-0.1,-0.0,0.1
2025-09-16,458650,12530.0,1.72,-1.5,-0.0,1.4
2025-09-17,458650,12450.0,1.62,0.0,0.0,-0.0
2025-09-18,458650,12490.0,1.6,0.3,-0.0,-0.4
2025-09-19,458650,12420.0,1.62,-0.9,0.0,0.9
2025-09-22,458650,12260.0,1.56,-0.7,-0.0,1.1
2025-09-23,458650,12270.0,1.5,-0.8,-0.2,0.9
2025-09-24,458650,12020.0,1.44,0.9,-8.0,7.1
2025-09-25,458650,11970.0,1.49,-0.5,-0.3,0.7
2025-09-26,458650,11440.0,1.47,-4.8,-0.3,5.1
2025-09-29,458650,11370.0,1.17,-0.4,-1.0,1.4
2025-09-30,458650,11140.0,1.14,-1.6,-0.1,1.6
2025-10-01,458650,11190.0,1.04,-0.1,-0.1,0.2
2025-10-02,458650,11320.0,1.04,0.0,0.2,-0.2
2025-10-10,458650,11510.0,1.04,-1.6,1.8,-0.3
2025-10-13,458650,11490.0,0.96,-0.2,0.0,0.2
2025-10-14,458650,11730.0,0.96,0.1,-0.0,-0.2
2025-10-15,458650,11910.0,0.96,1.4,0.6,-2.0
2025-10-16,458650,12390.0,1.06,3.6,0.4,-4.0
2025-10-17,458650,12540.0,1.31,2.7,-0.2,-2.6
2025-10-20,458650,12250.0,1.5,2.1,0.2,-2.4
2025-10-21,458650,12160.0,1.6,1.2,-0.2,-1.1
2025-10-22,458650,12350.0,1.68,0.6,-0.3,-0.3
2025-10-23,458650,12010.0,1.72,-0.6,-0.4,1.0
2025-10-24,458650,12720.0,1.65,4.0,0.9,-4.9
2025-10-27,458650,12660.0,1.89,-0.3,-0.3,0.7
2025-10-28,458650,12740.0,1.83,1.1,-0.3,-0.1
2025-10-29,458650,12500.0,1.9,-0.7,-0.2,0.8
2025-10-30,458650,11910.0,1.83,-1.0,-0.1,1.0
2025-10-31,458650,11760.0,1.73,-1.1,-0.2,1.3
2025-11-03,458650,11710.0,1.67,-0.9,-0.0,0.9
2025-11-04,458650,11740.0,1.63,-0.7,-0.1,0.8
2025-11-05,458650,11410.0,1.59,-2.6,0.5,2.1
2025-11-06,458650,11430.0,1.44,-0.3,-0.2,0.5
2025-11-07,458650,10750.0,1.47,-4.0,0.1,4.0
2025-11-10,458650,11220.0,1.18,1.0,-0.3,-0.7
2025-11-11,458650,11100.0,1.24,0.4,-0.2,-0.2
2025-11-12,458650,11400.0,1.25,0.8,-0.4,-0.4
2025-11-13,458650,11360.0,1.29,0.8,0.1,-0.9
2025-11-14,458650,10830.0,1.33,-2.7,-1.8,4.5
2025-11-17,458650,10710.0,1.15,-1.3,-0.2,1.5
2025-11-18,458650,10230.0,1.08,-2.0,-0.6,2.6
2025-11-19,458650,10540.0,0.97,-0.9,2.7,-1.9
2025-11-20,458650,10600.0,0.95,-0.5,-0.5,1.0
2025-11-21,458650,10270.0,0.91,-0.4,-0.3,0.7
2025-11-24,458650,10190.0,0.89,-0.4,-0.2,0.6
2025-11-25,458650,10260.0,0.85,-0.3,-0.2,0.6
2025-11-26,458650,10310.0,0.83,0.0,-0.6,0.5
2025-11-27,458650,10450.0,0.84,0.4,-0.1,-0.0
2025-11-28,458650,10600.0,0.86,0.4,0.0,-0.5
2025-12-01,458650,10600.0,0.9,0.4,0.1,-0.6
2025-12-02,458650,10640.0,0.92,0.2,-0.3,0.1
2025-12-03,458650,10770.0,0.94,0.3,0.1,-0.4
2025-12-04,458650,10620.0,0.96,-0.1,-0.0,0.1
2025-12-05,458650,10700.0,0.95,0.5,-0.3,-0.1
2025-12-08,458650,10940.0,0.98,0.5,0.1,-0.5
2025-12-09,458650,10910.0,1.02,-0.2,-0.2,0.4
2025-12-10,458650,10670.0,1.01,-0.2,-0.5,0.7
2025-12-11,458650,10730.0,0.99,0.4,-0.1,-0.3
2025-12-12,458650,10600.0,1.01,0.4,-0.6,0.2
2025-12-15,458650,10570.0,1.03,0.4,-0.1,-0.3
2025-12-16,458650,10300.0,1.06,-1.2,0.8,0.3
2025-12-17,458650,10300.0,0.97,-0.5,-0.1,0.6
2025-12-18,458650,9950.0,0.93,-1.9,-0.6,2.5
2025-12-19,458650,10300.0,0.78,0.1,0.0,-0.1
2025-12-22,458650,10200.0,0.79,1.7,-1.7,-0.0
2025-12-23,458650,10100.0,0.91,-0.5,-0.6,1.1
2025-12-24,458650,10010.0,0.86,-0.8,-1.5,2.4
2025-12-26,458650,9910.0,0.8,-0.4,-0.5,0.9
2025-12-29,458650,9900.0,0.77,-0.0,-0.2,0.2
2025-12-30,458650,9610.0,0.78,-0.5,-1.1,1.7
2026-01-02,458650,9660.0,0.74,0.5,-0.8,0.3
2026-01-05,458650,9640.0,0.77,0.4,-0.8,0.3
2026-01-06,458650,12530.0,0.8,6.6,-1.3,-15.7
2026-01-07,458650,12370.0,1.16,-16.2,-11.9,39.2
2026-01-08,458650,11750.0,0.4,0.8,-0.2,-0.6
2026-01-09,458650,11280.0,0.54,1.2,-0.2,-1.0
2026-01-12,458650,11090.0,0.65,2.3,-0.1,-2.2
2026-01-13,458650,11160.0,0.79,-1.0,-0.1,1.2
2026-01-14,458650,11000.0,0.73,-0.6,0.0,0.5
2026-01-15,458650,10800.0,0.68,0.5,0.1,-0.6
2026-01-16,458650,10670.0,0.71,-0.1,1.8,-2.9
2026-01-19,458650,10650.0,0.7,1.6,-0.1,-1.5
2026-01-20,458650,10620.0,0.81,0.1,-1.2,1.1
2026-01-21,458650,10410.0,0.81,-1.1,3.3,-3.1
2026-01-22,458650,11080.0,0.74,8.3,-0.4,-5.9
2026-01-23,458650,10980.0,1.25,-2.6,-0.6,2.2
2026-01-26,458650,11160.0,1.09,0.4,,-0.2
2026-01-27,458650,11100.0,1.07,-0.1,0.4,-0.3
2026-01-28,458650,12790.0,1.07,-8.2,-2.4,11.4
2026-01-29,458650,13540.0,0.71,-7.5,4.0,3.8
2026-01-30,458650,13900.0,0.41,0.0,-0.1,0.1
2026-02-02,458650,13200.0,0.42,3.3,-1.2,-2.9
2026-02-03,458650,13800.0,0.57,5.7,0.0,-5.8
2026-02-04,458650,13730.0,0.85,-0.6,-0.3,0.9
2026-02-05,458650,13040.0,0.83,0.1,1.3,-1.1
2026-02-06,458650,12800.0,0.84,2.4,1.7,-3.8
2026-02-09,458650,13400.0,0.97,4.9,-0.0,-4.8
2026-02-10,458650,13110.0,1.21,-2.5,1.3,0.8
2026-02-11,458650,12840.0,1.08,-0.6,1.0,-0.5
2026-02-12,458650,12840.0,1.06,0.2,-0.3,-0.1
2026-02-13,458650,12820.0,1.07,-2.9,0.1,2.7
2026-02-19,458650,13460.0,0.92,5.1,-0.1,-4.9
2026-02-20,458650,13980.0,1.17,-5.1,-1.0,6.2
2026-02-23,458650,13890.0,0.93,-6.2,-0.6,7.1
2026-02-24,458650,13730.0,0.63,-1.2,0.0,1.0
2026-02-25,458650,13640.0,0.59,-0.5,-0.1,0.6
2026-02-26,458650,13320.0,0.57,0.0,-0.1,0.0
2026-02-27,458650,13180.0,0.59,-0.1,-0.4,0.5
2026-03-03,458650,12060.0,0.58,-0.5,0.1,0.8
2026-03-04,458650,11000.0,0.57,2.1,3.7,-5.8
2026-03-05,458650,12140.0,0.7,2.1,-1.6,-0.1
2026-03-06,458650,12500.0,0.85,-5.6,0.2,5.4
2026-03-09,458650,11630.0,0.55,0.0,-0.5,0.3
2026-03-10,458650,12390.0,0.59,-1.5,-0.3,2.2
2026-03-11,458650,12570.0,0.51,-0.6,1.2,-0.6
2026-03-12,458650,12620.0,0.48,0.1,-0.1,-0.6
2026-03-13,458650,12240.0,0.48,-0.5,-0.1,0.1
2026-03-16,458650,12250.0,0.45,0.4,-0.4,0.2
2026-03-17,458650,12450.0,0.48,0.1,-0.7,0.5
2026-03-18,458650,12680.0,0.49,-3.0,-0.1,3.5
2026-03-19,458650,12590.0,0.33,0.1,0.0,-0.2
2026-03-20,458650,12820.0,0.34,1.0,-0.1,-0.8
2026-03-23,458650,12280.0,0.39,-0.3,0.5,-0.1
2026-03-24,458650,12690.0,0.37,1.8,-0.1,-1.3
2026-03-25,458650,12720.0,0.47,0.8,-0.1,-0.4
2026-03-26,458650,12330.0,0.51,0.3,,-0.3
2026-03-27,458650,12630.0,0.53,-0.7,-0.1,0.8
2026-03-30,458650,12410.0,0.49,0.7,,-0.4
2026-03-31,458650,12270.0,0.52,-1.7,-0.0,1.5
2026-04-01,458650,12690.0,0.44,2.1,,-2.0
2026-04-02,458650,12010.0,0.55,-1.8,0.0,1.6
2026-04-03,458650,12370.0,0.45,0.7,,-0.6
2026-04-06,458650,12530.0,0.49,1.2,,-1.3
2026-04-07,458650,12290.0,0.57,-0.7,-0.4,1.0
2026-04-08,458650,12630.0,0.53,1.4,-0.0,-1.1
2026-04-09,458650,12580.0,0.6,0.1,0.0,-0.1
2026-04-10,458650,12670.0,0.6,1.2,0.0,-1.2
2026-04-13,458650,12750.0,0.66,0.5,,-0.6
2026-04-14,458650,13240.0,0.62,3.6,0.6,-4.2
2026-04-15,458650,13410.0,0.83,-4.1,0.1,3.7
2026-04-16,458650,13450.0,0.61,0.9,0.1,-1.0
2026-04-17,458650,13450.0,0.65,1.1,0.0,-1.8
2026-04-20,458650,13410.0,0.71,2.1,-0.0,-1.9
2026-04-21,458650,14000.0,0.81,2.7,0.2,-3.1
2026-04-22,458650,14000.0,0.94,-8.2,0.2,8.1
2026-04-23,458650,13510.0,0.47,-1.6,,1.8
2026-04-24,458650,13680.0,0.4,2.2,-0.1,-2.1
2026-04-27,458650,13920.0,0.51,1.8,,-1.9
2026-04-28,458650,13790.0,0.61,0.1,-0.1,0.2
2026-04-29,458650,13800.0,0.61,2.7,-0.0,-2.8
2026-04-30,458650,13800.0,0.75,5.4,0.0,-5.3
2026-05-04,458650,14120.0,1.0,5.1,0.2,-5.5
2026-05-06,458650,14280.0,1.23,-3.4,-0.0,3.4
2026-05-07,458650,13860.0,1.07,0.2,-0.0,-0.5
2026-05-08,458650,13740.0,1.07,1.1,0.0,-1.3
2026-05-11,458650,13530.0,1.14,3.0,0.8,-3.9
2026-05-12,458650,13080.0,1.28,3.4,0.0,-3.5
2026-05-13,458650,13270.0,1.46,1.1,0.1,-1.2
2026-05-14,458650,13200.0,1.53,-1.5,0.8,0.6
2026-05-15,458650,12820.0,1.46,-0.8,-0.0,0.8
2026-05-18,458650,13660.0,1.4,1.2,-0.2,-0.3
2026-05-19,458650,13170.0,1.46,-5.4,0.0,5.4
2026-05-20,458650,13320.0,1.19,-1.9,0.0,1.8
2026-05-21,458650,13910.0,1.12,7.0,-0.0,-6.7
2026-05-22,458650,14380.0,1.45,8.4,0.8,-9.1
2026-05-26,458650,13890.0,1.84,-4.3,0.8,3.7
2026-05-27,458650,13090.0,1.62,-2.2,1.4,0.7
2026-05-28,458650,12900.0,1.52,-2.4,2.9,-0.4
2026-05-29,458650,12000.0,1.4,-4.1,1.7,2.4
2026-06-01,458650,11530.0,1.18,-1.6,2.0,-0.4
2026-06-02,458650,11110.0,1.09,-0.3,2.2,-1.9
2026-06-04,458650,11190.0,1.07,-0.3,0.2,0.1
2026-06-05,458650,10680.0,1.05,-0.9,1.4,-0.6
2026-06-08,458650,10440.0,1.0,-1.0,0.2,0.8
2026-06-09,458650,11010.0,0.93,1.2,0.0,-1.2
2026-06-10,458650,10700.0,1.01,-0.8,-0.0,0.8
2026-06-11,458650,11140.0,0.95,0.0,0.0,-0.0
2026-06-12,458650,11230.0,0.9,0.4,0.0,-0.3
2026-06-15,458650,11340.0,0.94,-0.2,-1.1,1.2
2026-06-16,458650,11400.0,0.94,0.2,-0.0,-0.0
2026-06-17,458650,11040.0,0.95,0.9,0.0,-0.8
2026-06-18,458650,10240.0,1.01,-0.8,0.0,1.0
2026-06-19,458650,9610.0,0.93,-0.5,-0.0,0.5
2026-06-22,458650,9410.0,0.89,0.8,-0.0,-0.8
2026-06-23,458650,8900.0,0.95,0.6,1.4,-2.0
2026-06-24,458650,8690.0,0.99,0.1,0.3,-0.4
2026-06-25,458650,8150.0,1.0,0.6,-0.3,-0.3
2026-06-26,458650,8400.0,1.05,1.0,0.4,-1.4
2026-06-29,458650,8900.0,1.14,-0.2,-0.0,0.2
2026-06-30,458650,8680.0,1.12,-0.4,0.4,0.0
2026-07-01,458650,9250.0,1.09,-0.3,0.8,-0.6
2026-07-02,458650,8580.0,1.07,-0.6,-0.0,0.6
2026-07-03,458650,8560.0,1.03,0.4,-0.0,-0.3
2026-07-06,458650,8340.0,1.05,-0.0,-0.0,0.0
2026-07-07,458650,8330.0,1.05,0.1,0.1,-0.2
2026-07-08,458650,7870.0,1.06,-0.3,-0.0,0.3
2026-07-09,458650,8010.0,1.03,0.1,-0.0,-0.1
2026-07-10,458650,8740.0,1.04,0.5,0.0,-0.5
2026-07-13,458650,8500.0,1.08,-0.3,-0.0,0.3
2025-07-14,458870,33000.0,6.03,-0.0,-8.5,16.7
2025-07-15,458870,33750.0,6.03,-4.8,-1.0,7.4
2025-07-16,458870,31400.0,5.92,-1.7,2.5,0.8
2025-07-17,458870,31450.0,5.88,-1.7,4.6,-0.6
2025-07-18,458870,32200.0,5.86,-2.4,-0.1,0.4
2025-07-21,458870,32400.0,5.81,-7.6,4.2,0.2
2025-07-22,458870,34550.0,5.62,12.5,-3.7,2.8
2025-07-23,458870,34500.0,5.91,-11.6,2.0,5.9
2025-07-24,458870,33100.0,5.63,-25.1,13.6,8.7
2025-07-25,458870,34550.0,5.04,16.5,2.4,-7.2
2025-07-28,458870,32250.0,5.43,-27.3,13.3,11.4
2025-07-29,458870,32900.0,4.76,4.5,-2.3,0.8
2025-07-30,458870,32850.0,4.87,-5.8,8.5,-1.2
2025-07-31,458870,33050.0,4.73,6.6,2.8,7.2
2025-08-01,458870,32450.0,4.89,-4.7,2.6,1.7
2025-08-04,458870,33550.0,4.97,11.1,0.5,0.7
2025-08-05,458870,34700.0,5.24,3.8,-4.8,10.7
2025-08-06,458870,33050.0,5.24,-9.5,-2.1,12.0
2025-08-07,458870,32250.0,5.02,1.3,4.6,-5.5
2025-08-08,458870,33500.0,5.05,2.7,-0.1,-2.0
2025-08-11,458870,32200.0,5.11,-9.9,6.6,8.7
2025-08-12,458870,32300.0,4.87,5.6,1.6,5.6
2025-08-13,458870,33000.0,5.01,7.0,1.4,1.5
2025-08-14,458870,33800.0,5.18,1.3,-0.2,2.1
2025-08-18,458870,33400.0,5.21,-0.7,0.0,4.6
2025-08-19,458870,33700.0,5.19,-1.8,-0.2,4.0
2025-08-20,458870,34100.0,5.15,-3.5,-8.7,24.4
2025-08-21,458870,38000.0,5.07,73.2,-24.0,0.9
2025-08-22,458870,44100.0,6.64,63.1,-20.1,-0.7
2025-08-25,458870,46600.0,7.8,-13.7,-7.3,29.7
2025-08-26,458870,47900.0,7.56,3.9,0.1,-0.4
2025-08-27,458870,49500.0,7.63,0.5,-3.5,-1.0
2025-08-28,458870,48750.0,7.64,6.3,7.3,-9.6
2025-08-29,458870,49000.0,7.74,1.0,-3.3,16.3
2025-09-01,458870,54200.0,7.75,17.8,1.2,-8.0
2025-09-02,458870,56400.0,8.03,-8.9,2.8,10.4
2025-09-03,458870,58600.0,7.93,-38.5,0.2,39.3
2025-09-04,458870,60700.0,7.41,-27.7,16.2,12.8
2025-09-05,458870,64600.0,7.05,-0.0,12.0,-7.0
2025-09-08,458870,56500.0,7.06,48.9,-3.1,-28.6
2025-09-09,458870,61100.0,7.71,6.3,4.2,-8.4
2025-09-10,458870,59900.0,7.8,-13.7,-2.2,22.7
2025-09-11,458870,57500.0,7.63,25.1,-8.9,-10.4
2025-09-12,458870,54600.0,7.96,21.8,-12.4,-3.0
2025-09-15,458870,59600.0,8.28,-19.4,2.3,23.3
2025-09-16,458870,57900.0,8.01,-12.4,-7.7,16.0
2025-09-17,458870,59200.0,7.84,-11.1,-3.7,15.8
2025-09-18,458870,60800.0,7.7,-2.4,2.6,1.9
2025-09-19,458870,64100.0,7.65,-28.1,14.3,10.9
2025-09-22,458870,61100.0,7.29,-25.8,1.1,19.7
2025-09-23,458870,63000.0,6.96,5.7,4.5,-9.9
2025-09-24,458870,61500.0,7.04,11.5,-8.0,29.4
2025-09-25,458870,59900.0,7.19,15.7,4.2,5.0
2025-09-26,458870,61900.0,7.39,9.4,4.4,-13.3
2025-09-29,458870,65400.0,7.51,16.3,-12.6,5.1
2025-09-30,458870,62600.0,7.71,-14.8,2.1,11.4
2025-10-01,458870,67100.0,7.53,9.0,10.2,-11.7
2025-10-02,458870,69600.0,7.63,-12.1,22.5,-3.2
2025-10-10,458870,68000.0,7.49,-5.6,0.1,6.6
2025-10-13,458870,66400.0,7.43,-5.7,-5.8,11.6
2025-10-14,458870,63700.0,7.36,-7.8,6.3,2.6
2025-10-15,458870,68200.0,7.26,-5.7,28.4,-11.4
2025-10-16,458870,73300.0,7.2,-4.5,4.3,10.4
2025-10-17,458870,70100.0,7.15,-15.4,1.6,14.9
2025-10-20,458870,72500.0,6.97,-4.8,5.6,2.1
2025-10-21,458870,74000.0,6.92,-7.6,-2.1,13.7
2025-10-22,458870,74000.0,6.86,-10.0,8.1,7.4
2025-10-23,458870,69300.0,6.79,-54.3,19.2,39.9
2025-10-24,458870,75300.0,6.19,14.2,13.3,-19.6
2025-10-27,458870,75900.0,6.36,-5.5,1.0,8.8
2025-10-28,458870,77800.0,6.31,1.1,-5.7,5.8
2025-10-29,458870,78600.0,6.31,-25.3,30.4,-4.1
2025-10-30,458870,82800.0,6.06,16.3,10.7,-26.2
2025-10-31,458870,80000.0,6.21,-53.6,18.9,32.9
2025-11-03,458870,80900.0,5.68,-23.2,12.6,9.1
2025-11-04,458870,82100.0,5.45,-7.8,4.2,3.6
2025-11-05,458870,83800.0,5.38,3.9,0.9,-4.7
2025-11-06,458870,86800.0,5.42,-3.6,3.5,3.0
2025-11-07,458870,90400.0,5.38,-29.3,24.6,2.6
2025-11-10,458870,90300.0,5.12,-31.6,3.4,29.9
2025-11-11,458870,91900.0,4.84,0.8,-1.7,7.5
2025-11-12,458870,98100.0,4.85,6.1,19.8,-16.1
2025-11-13,458870,100000.0,4.91,-9.3,-8.8,22.9
2025-11-14,458870,130000.0,4.82,228.6,29.1,-213.0
2025-11-17,458870,130700.0,6.3,13.0,12.7,-22.8
2025-11-18,458870,134900.0,6.46,30.9,15.4,15.4
2025-11-19,458870,124600.0,6.64,-45.1,-5.1,50.7
2025-11-20,458870,134000.0,6.36,28.8,8.7,-21.8
2025-11-21,458870,130000.0,6.69,-26.5,17.1,8.9
2025-11-24,458870,126000.0,6.52,9.3,-5.4,-3.9
2025-11-25,458870,123700.0,6.32,28.8,-21.6,-9.6
2025-11-26,458870,130000.0,6.5,29.8,9.5,-30.1
2025-11-27,458870,134100.0,6.69,8.2,19.6,-12.9
2025-11-28,458870,135000.0,6.74,-22.1,35.2,-7.9
2025-12-01,458870,134000.0,6.61,-10.4,-2.8,21.5
2025-12-02,458870,128900.0,6.54,37.4,-29.9,-5.8
2025-12-03,458870,123400.0,6.78,-30.7,-5.9,41.2
2025-12-04,458870,122200.0,6.58,35.6,-24.2,-12.9
2025-12-05,458870,118400.0,6.81,18.5,25.4,-40.4
2025-12-08,458870,115500.0,6.93,46.2,-29.6,-19.1
2025-12-09,458870,108500.0,7.25,155.2,-46.8,-116.7
2025-12-10,458870,113300.0,8.36,-63.4,6.3,48.5
2025-12-11,458870,117700.0,7.93,-80.2,53.3,8.7
2025-12-12,458870,113100.0,7.39,-8.5,29.7,-25.7
2025-12-15,458870,115400.0,7.34,6.0,-3.8,3.6
2025-12-16,458870,117500.0,7.38,-25.5,20.0,2.3
2025-12-17,458870,114800.0,7.27,-19.0,4.2,14.6
2025-12-18,458870,118500.0,7.14,26.0,-15.0,-12.4
2025-12-19,458870,116800.0,7.31,-25.0,15.3,9.8
2025-12-22,458870,117600.0,7.15,15.6,8.5,-18.1
2025-12-23,458870,118300.0,7.25,32.0,3.8,-36.5
2025-12-24,458870,119000.0,7.49,-23.0,34.5,-11.3
2025-12-26,458870,117400.0,7.33,-48.1,21.4,20.5
2025-12-29,458870,126800.0,7.0,81.9,-35.1,-41.7
2025-12-30,458870,130100.0,7.51,-0.7,-13.5,15.0
2026-01-02,458870,122900.0,7.51,-88.9,-13.7,99.7
2026-01-05,458870,121900.0,6.87,37.0,-21.3,-18.7
2026-01-06,458870,119200.0,7.13,4.2,-8.9,5.5
2026-01-07,458870,116900.0,7.46,23.0,-15.0,-7.4
2026-01-08,458870,114400.0,7.63,20.6,-16.7,-6.5
2026-01-09,458870,110100.0,7.79,43.1,-7.9,-35.1
2026-01-12,458870,112700.0,8.14,13.7,-1.4,-11.2
2026-01-13,458870,122200.0,8.24,20.0,8.6,-28.2
2026-01-14,458870,121400.0,8.56,-5.0,19.5,-11.4
2026-01-15,458870,131800.0,8.5,43.3,-2.6,-36.5
2026-01-16,458870,129800.0,8.79,-69.6,12.6,54.7
2026-01-19,458870,126600.0,8.25,6.2,5.2,-11.3
2026-01-20,458870,136800.0,8.32,69.5,-44.7,-23.3
2026-01-21,458870,141300.0,8.83,-7.8,36.5,-33.4
2026-01-22,458870,160800.0,8.18,45.1,55.5,-97.8
2026-01-23,458870,156000.0,8.35,-58.8,19.9,37.6
2026-01-26,458870,163000.0,7.99,27.7,-43.0,10.2
2026-01-27,458870,159000.0,8.13,-0.4,-2.8,3.3
2026-01-28,458870,155700.0,8.13,4.6,-12.3,5.7
2026-01-29,458870,160500.0,8.19,5.3,16.6,-21.0
2026-01-30,458870,164100.0,8.7,-8.9,3.2,6.4
2026-02-02,458870,163000.0,8.68,8.5,-30.1,13.5
2026-02-03,458870,172200.0,8.72,-0.9,-11.5,15.9
2026-02-04,458870,160900.0,8.57,-44.7,50.0,-8.8
2026-02-05,458870,167600.0,8.04,-20.8,80.4,-52.2
2026-02-06,458870,153100.0,7.94,-67.7,-9.0,67.2
2026-02-09,458870,158700.0,7.6,-14.7,2.4,7.1
2026-02-10,458870,164000.0,7.53,5.8,-3.0,1.8
2026-02-11,458870,166500.0,7.56,3.4,-1.6,-6.7
2026-02-12,458870,166400.0,7.57,-8.3,7.7,-0.9
2026-02-13,458870,164100.0,7.53,-2.0,-0.9,3.5
2026-02-19,458870,149800.0,7.52,-29.0,0.5,20.8
2026-02-20,458870,151000.0,7.36,7.2,2.0,-10.3
2026-02-23,458870,153000.0,7.4,19.2,-24.5,3.6
2026-02-24,458870,150700.0,7.58,-27.2,42.7,-14.7
2026-02-25,458870,145000.0,7.43,6.6,-16.7,11.1
2026-02-26,458870,141100.0,7.46,70.2,-44.2,-23.3
2026-02-27,458870,139400.0,7.88,0.2,-20.1,17.3
2026-03-03,458870,129000.0,7.87,50.1,-27.9,-26.1
2026-03-04,458870,109000.0,8.2,74.8,-22.4,-48.7
2026-03-05,458870,120500.0,8.77,-6.3,-10.6,13.4
2026-03-06,458870,122900.0,8.68,-21.7,13.0,6.5
2026-03-09,458870,129700.0,8.53,-11.5,-2.2,5.2
2026-03-10,458870,143900.0,8.44,-109.7,34.0,76.9
2026-03-11,458870,147800.0,7.8,-8.0,3.0,8.2
2026-03-12,458870,160500.0,8.59,14.5,12.7,-13.3
2026-03-13,458870,160600.0,8.49,-5.8,51.7,-40.0
2026-03-16,458870,169400.0,8.42,-26.5,49.7,-9.5
2026-03-17,458870,166400.0,8.26,63.3,-25.3,-38.4
2026-03-18,458870,185100.0,8.63,101.2,-5.0,-68.4
2026-03-19,458870,189000.0,9.26,18.6,-23.4,14.8
2026-03-20,458870,182900.0,9.29,-28.6,-3.5,39.0
2026-03-23,458870,182900.0,9.12,-2.6,66.2,-61.1
2026-03-24,458870,54600.0,9.23,-79.1,-58.9,123.0
2026-03-25,458870,52300.0,7.73,-23.7,-9.4,30.8
2026-03-26,458870,57900.0,7.48,-47.6,43.1,7.1
2026-03-27,458870,55900.0,6.87,-49.8,31.4,15.8
2026-03-30,458870,52000.0,6.36,-8.8,-3.8,13.0
2026-03-31,458870,49700.0,5.62,0.6,-10.3,10.1
2026-04-01,458870,50500.0,5.33,-28.6,3.3,25.0
2026-04-02,458870,49200.0,4.82,-15.1,2.6,8.8
2026-04-03,458870,47600.0,4.57,-4.3,-5.8,8.3
2026-04-06,458870,45050.0,4.76,5.5,-22.2,14.7
2026-04-07,458870,42950.0,4.93,26.1,-54.4,26.6
2026-04-08,458870,44400.0,5.82,23.4,-62.8,37.5
2026-04-09,458870,45400.0,6.09,-5.2,-4.8,9.6
2026-04-10,458870,46250.0,5.93,-16.0,2.2,11.1
2026-04-13,458870,47550.0,8.31,-2.6,-2.9,8.7
2026-04-14,458870,43250.0,8.4,-82.1,-38.1,119.7
2026-04-15,458870,41450.0,7.99,-18.6,-52.4,68.1
2026-04-16,458870,43250.0,7.72,-69.1,67.0,0.4
2026-04-17,458870,46750.0,7.25,-35.3,13.9,20.1
2026-04-20,458870,44800.0,6.75,-44.3,3.7,38.8
2026-04-21,458870,43200.0,6.05,-29.9,-0.3,28.5
2026-04-22,458870,46200.0,5.75,-19.2,60.7,-43.5
2026-04-23,458870,48750.0,5.75,-55.5,45.7,7.5
2026-04-24,458870,51900.0,5.52,-57.7,44.5,11.0
2026-04-27,458870,52500.0,5.24,-72.9,48.1,23.7
2026-04-28,458870,51800.0,4.78,-40.3,54.6,-13.5
2026-04-29,458870,49000.0,4.61,-32.7,3.7,31.2
2026-04-30,458870,47650.0,4.45,1.8,6.5,-11.4
2026-05-04,458870,48800.0,4.57,-23.9,29.7,-5.5
2026-05-06,458870,45400.0,4.47,-12.1,-26.1,34.8
2026-05-07,458870,43150.0,4.36,17.7,-12.1,-0.4
2026-05-08,458870,41200.0,4.48,60.9,-84.1,18.9
2026-05-11,458870,42000.0,4.87,4.0,-2.0,-6.6
2026-05-12,458870,41100.0,4.88,-27.5,3.6,27.1
2026-05-13,458870,39700.0,4.7,-17.0,-8.3,23.8
2026-05-14,458870,40900.0,4.6,19.1,-1.8,-27.0
2026-05-15,458870,36950.0,4.8,107.5,2.3,-116.6
2026-05-18,458870,34250.0,5.16,29.5,-12.4,-15.8
2026-05-19,458870,34150.0,5.55,27.9,-27.9,-4.9
2026-05-20,458870,35000.0,5.72,-16.4,18.2,-0.6
2026-05-21,458870,34300.0,5.59,1.2,-15.3,16.2
2026-05-22,458870,36850.0,5.74,-12.7,24.7,-11.6
2026-05-26,458870,36550.0,5.65,-29.8,7.8,21.7
2026-05-27,458870,33250.0,5.29,80.7,-26.0,-57.8
2026-05-28,458870,31500.0,6.02,74.3,-30.2,-46.5
2026-05-29,458870,31750.0,6.71,4.0,3.8,-10.2
2026-06-01,458870,31600.0,6.85,12.1,-7.1,-3.6
2026-06-02,458870,29500.0,7.0,-1.2,-4.4,5.6
2026-06-04,458870,30050.0,7.06,3.5,1.7,-0.5
2026-06-05,458870,29100.0,6.97,12.7,2.4,-15.3
2026-06-08,458870,27750.0,7.13,-4.7,21.8,-17.3
2026-06-09,458870,28250.0,7.09,1.1,4.8,-4.3
2026-06-10,458870,28200.0,7.12,5.1,0.4,-5.4
2026-06-11,458870,29250.0,7.16,-5.9,16.3,-12.9
2026-06-12,458870,29500.0,7.14,-37.5,48.5,-11.4
2026-06-15,458870,28800.0,6.81,-1.2,-19.8,24.0
2026-06-16,458870,32100.0,6.77,-16.1,12.8,-0.2
2026-06-17,458870,34900.0,6.72,-89.7,94.0,-3.8
2026-06-18,458870,32800.0,5.85,-12.2,5.4,7.0
2026-06-19,458870,32400.0,5.71,-11.1,7.3,3.0
2026-06-22,458870,30650.0,5.6,16.8,-14.8,-4.2
2026-06-23,458870,29050.0,5.76,14.5,1.7,-16.7
2026-06-24,458870,33900.0,5.91,1.4,-7.9,8.3
2026-06-25,458870,33050.0,5.89,-14.7,-2.6,15.8
2026-06-26,458870,32200.0,5.53,-20.7,-8.6,30.0
2026-06-29,458870,37700.0,5.31,-11.1,-1.7,14.5
2026-06-30,458870,39250.0,5.21,-48.0,-23.6,74.1
2026-07-01,458870,39850.0,4.9,-19.8,-4.7,21.9
2026-07-02,458870,38200.0,4.76,-11.9,-18.3,27.9
2026-07-03,458870,36250.0,4.72,2.3,-10.1,7.0
2026-07-06,458870,34550.0,4.72,13.1,-8.8,-3.2
2026-07-07,458870,35300.0,4.82,10.6,-1.6,-8.6
2026-07-08,458870,33800.0,4.89,-12.1,-7.2,16.0
2026-07-09,458870,32500.0,4.8,10.6,-0.6,-10.7
2026-07-10,458870,36000.0,4.89,2.0,-2.3,-0.7
2026-07-13,458870,32950.0,4.9,-0.8,-10.6,10.4
2025-07-14,459100,7000.0,5.93,-0.4,-0.0,0.4
2025-07-15,459100,7080.0,5.94,-0.2,-0.0,0.2
2025-07-16,459100,6980.0,5.9,-0.0,-0.0,0.0
2025-07-17,459100,7010.0,5.91,0.1,0.1,-0.2
2025-07-18,459100,6980.0,5.92,0.1,0.0,-0.1
2025-07-21,459100,7000.0,5.92,0.2,-0.0,-0.1
2025-07-22,459100,7220.0,5.94,-0.1,0.0,-0.1
2025-07-23,459100,7000.0,5.96,-0.2,-0.0,0.3
2025-07-24,459100,6880.0,5.94,-1.0,0.0,0.9
2025-07-25,459100,6830.0,5.79,-0.5,-0.0,0.5
2025-07-28,459100,6850.0,5.71,0.1,0.0,-0.1
2025-07-29,459100,6740.0,5.7,-0.3,-0.0,0.3
2025-07-30,459100,7150.0,5.66,4.7,0.7,-5.3
2025-07-31,459100,7120.0,6.3,-4.8,-0.0,4.7
2025-08-01,459100,6800.0,5.54,-0.7,0.0,0.6
2025-08-04,459100,6900.0,5.42,0.5,0.1,-0.6
2025-08-05,459100,6960.0,5.48,1.3,0.0,-1.2
2025-08-06,459100,6980.0,5.63,0.6,-0.1,-0.5
2025-08-07,459100,6970.0,5.73,0.4,-0.1,-0.3
2025-08-08,459100,7020.0,5.81,0.9,-0.0,-0.9
2025-08-11,459100,7030.0,5.99,0.2,-0.0,-0.2
2025-08-12,459100,6960.0,6.01,0.4,0.0,-0.4
2025-08-13,459100,7000.0,6.05,0.4,-0.7,0.3
2025-08-14,459100,7030.0,6.08,-0.2,0.0,0.2
2025-08-18,459100,6870.0,6.01,-0.6,0.0,0.6
2025-08-19,459100,6630.0,5.92,-0.7,-0.0,0.7
2025-08-20,459100,6530.0,5.81,0.8,0.0,-0.9
2025-08-21,459100,6620.0,5.92,-0.1,-0.0,0.1
2025-08-22,459100,6550.0,5.92,-0.2,0.0,0.1
2025-08-25,459100,6640.0,5.9,0.5,-0.0,-0.5
2025-08-26,459100,6660.0,5.98,-0.1,-0.0,0.1
2025-08-27,459100,6690.0,5.95,-0.1,-0.0,0.1
2025-08-28,459100,6530.0,5.94,0.3,0.1,-0.4
2025-08-29,459100,6470.0,5.97,-0.3,-0.0,0.3
2025-09-01,459100,6270.0,5.93,-0.3,0.0,0.3
2025-09-02,459100,6360.0,5.89,1.3,-0.1,-1.2
2025-09-03,459100,6280.0,6.03,2.5,0.1,-2.6
2025-09-04,459100,6420.0,6.41,0.3,0.0,-0.3
2025-09-05,459100,6470.0,6.49,0.6,0.0,-0.6
2025-09-08,459100,6480.0,6.58,-0.3,-0.1,0.4
2025-09-09,459100,6480.0,6.52,0.0,-0.0,0.0
2025-09-10,459100,6540.0,6.52,0.3,0.0,-0.4
2025-09-11,459100,6590.0,6.55,0.1,-0.0,-0.1
2025-09-12,459100,6660.0,6.56,-0.0,0.0,-0.0
2025-09-15,459100,6610.0,6.55,-0.3,-0.1,0.3
2025-09-16,459100,6670.0,6.49,-0.1,0.0,-0.2
2025-09-17,459100,6620.0,6.51,-1.1,0.0,0.7
2025-09-18,459100,6580.0,6.37,0.4,0.1,-1.0
2025-09-19,459100,6420.0,6.49,0.3,0.0,-0.6
2025-09-22,459100,6360.0,6.48,0.4,-0.1,-0.1
2025-09-23,459100,6360.0,6.57,0.2,0.1,-0.3
2025-09-24,459100,6370.0,6.56,-0.1,-0.2,0.3
2025-09-25,459100,6380.0,6.53,0.0,-0.0,-0.1
2025-09-26,459100,6180.0,6.52,-1.0,0.1,0.3
2025-09-29,459100,6160.0,6.33,0.3,-0.0,-0.1
2025-09-30,459100,6120.0,6.37,-0.1,0.1,0.3
2025-10-01,459100,6120.0,6.34,0.7,0.1,-0.5
2025-10-02,459100,6150.0,6.43,0.4,-0.1,-0.3
2025-10-10,459100,6050.0,6.51,0.3,-0.0,-0.1
2025-10-13,459100,6040.0,6.51,0.3,-0.0,-0.1
2025-10-14,459100,6710.0,6.55,-4.2,-0.0,4.0
2025-10-15,459100,6940.0,5.97,-3.3,0.2,3.3
2025-10-16,459100,6850.0,5.59,1.1,0.2,-1.4
2025-10-17,459100,6790.0,5.79,0.2,-0.3,-0.1
2025-10-20,459100,7550.0,5.74,-1.3,0.3,0.7
2025-10-21,459100,7570.0,5.73,2.4,0.3,-2.7
2025-10-22,459100,7510.0,6.03,-0.0,-0.4,0.3
2025-10-23,459100,7350.0,6.09,-0.1,0.2,-0.1
2025-10-24,459100,7570.0,5.99,0.8,0.2,-1.0
2025-10-27,459100,7980.0,6.04,0.3,-0.5,0.1
2025-10-28,459100,8590.0,5.98,-1.5,0.4,0.7
2025-10-29,459100,8560.0,6.01,-1.4,-0.8,2.3
2025-10-30,459100,7990.0,5.73,-1.2,-0.1,1.3
2025-10-31,459100,7950.0,5.55,0.3,0.7,-0.9
2025-11-03,459100,8000.0,5.6,-1.4,-0.6,2.0
2025-11-04,459100,7870.0,5.44,0.9,-0.1,-0.9
2025-11-05,459100,7600.0,5.54,1.5,0.7,-2.2
2025-11-06,459100,7680.0,5.79,-0.2,-0.2,0.4
2025-11-07,459100,7430.0,5.69,-0.4,-0.6,1.0
2025-11-10,459100,7620.0,5.65,0.4,0.4,-0.8
2025-11-11,459100,7400.0,5.71,0.2,0.3,-0.5
2025-11-12,459100,7550.0,5.66,0.7,0.2,-1.0
2025-11-13,459100,7470.0,5.78,-0.1,-0.2,0.3
2025-11-14,459100,7210.0,5.77,-1.1,-0.6,1.7
2025-11-17,459100,7110.0,5.59,0.1,0.1,-0.2
2025-11-18,459100,6900.0,5.61,-0.5,-0.1,0.6
2025-11-19,459100,6930.0,5.57,0.6,0.3,-0.9
2025-11-20,459100,7080.0,5.67,0.6,0.0,-0.7
2025-11-21,459100,6780.0,5.78,-0.8,-0.3,1.1
2025-11-24,459100,6820.0,5.64,0.4,0.3,-0.8
2025-11-25,459100,6790.0,5.69,0.3,-0.2,-0.2
2025-11-26,459100,6880.0,5.73,0.2,-0.0,-0.3
2025-11-27,459100,6860.0,5.78,0.3,-0.2,0.0
2025-11-28,459100,7060.0,5.82,0.9,0.1,-1.0
2025-12-01,459100,7720.0,5.91,-6.4,-0.0,6.3
2025-12-02,459100,7580.0,5.18,0.5,-0.0,-0.5
2025-12-03,459100,7400.0,5.0,0.9,0.0,-1.0
2025-12-04,459100,7370.0,5.12,0.1,-0.0,-0.2
2025-12-05,459100,7300.0,5.11,0.1,-0.1,0.1
2025-12-08,459100,7400.0,5.1,0.2,-0.1,0.0
2025-12-09,459100,7300.0,5.15,-0.5,0.1,0.4
2025-12-10,459100,7260.0,5.04,0.2,0.1,-0.3
2025-12-11,459100,7320.0,5.06,0.4,-0.0,-0.4
2025-12-12,459100,7350.0,5.1,-0.3,-0.1,0.5
2025-12-15,459100,7340.0,5.1,-1.5,0.4,1.0
2025-12-16,459100,7120.0,4.95,0.1,0.2,-0.2
2025-12-17,459100,7160.0,4.94,0.9,-0.3,-0.6
2025-12-18,459100,6990.0,5.02,-0.2,-0.1,0.3
2025-12-19,459100,7150.0,5.0,0.7,-0.0,-0.7
2025-12-22,459100,7240.0,5.09,0.5,-0.1,-0.5
2025-12-23,459100,7140.0,5.16,-0.7,-0.2,1.0
2025-12-24,459100,7100.0,5.06,-0.3,0.0,0.2
2025-12-26,459100,6980.0,5.02,-0.3,0.2,0.1
2025-12-29,459100,6960.0,4.97,0.0,-0.2,0.2
2025-12-30,459100,6820.0,4.96,-0.3,-0.0,0.4
2026-01-02,459100,7070.0,4.93,1.7,,-1.7
2026-01-05,459100,7020.0,5.12,0.5,,-0.5
2026-01-06,459100,7000.0,5.17,-0.0,,0.1
2026-01-07,459100,6890.0,5.16,-1.0,,1.0
2026-01-08,459100,6800.0,5.06,-0.1,,0.1
2026-01-09,459100,6840.0,5.04,-0.3,,0.3
2026-01-12,459100,6800.0,5.01,0.0,,-0.0
2026-01-13,459100,6750.0,4.99,0.1,,-0.1
2026-01-14,459100,6700.0,5.0,-0.1,,0.1
2026-01-15,459100,6650.0,4.99,0.2,,-0.2
2026-01-16,459100,6450.0,5.01,-1.0,,1.0
2026-01-19,459100,6760.0,4.9,1.3,,-1.4
2026-01-20,459100,6820.0,5.04,0.8,,-0.9
2026-01-21,459100,6660.0,5.14,0.0,,-0.0
2026-01-22,459100,6950.0,5.14,1.1,,-1.1
2026-01-23,459100,6900.0,5.29,0.5,,-0.5
2026-01-26,459100,6930.0,5.34,2.0,,-2.1
2026-01-27,459100,6880.0,5.56,-0.5,,0.4
2026-01-28,459100,6950.0,5.51,0.8,0.0,-0.9
2026-01-29,459100,7020.0,5.6,2.3,,-2.3
2026-01-30,459100,7000.0,5.85,-1.1,,1.1
2026-02-02,459100,6810.0,5.73,-1.3,,1.3
2026-02-03,459100,6980.0,5.58,1.1,,-0.9
2026-02-04,459100,6960.0,5.7,0.8,,-0.8
2026-02-05,459100,6740.0,5.79,-1.2,,1.2
2026-02-06,459100,6520.0,5.65,-2.2,,2.2
2026-02-09,459100,6840.0,5.4,2.3,,-2.2
2026-02-10,459100,6850.0,5.65,0.2,,-0.3
2026-02-11,459100,6860.0,5.67,0.3,,-0.3
2026-02-12,459100,6830.0,5.7,-0.6,,0.6
2026-02-13,459100,6660.0,5.64,-1.2,,1.3
2026-02-19,459100,6770.0,5.51,1.1,,-1.1
2026-02-20,459100,6710.0,5.63,0.1,,-0.3
2026-02-23,459100,6750.0,5.64,0.8,,-0.8
2026-02-24,459100,6860.0,5.73,0.7,,-0.6
2026-02-25,459100,6860.0,5.8,0.0,,-0.0
2026-02-26,459100,6680.0,5.8,-1.5,,1.5
2026-02-27,459100,6560.0,5.64,-3.1,,3.1
2026-03-03,459100,6100.0,5.29,-1.2,,1.1
2026-03-04,459100,5180.0,5.14,0.0,,0.2
2026-03-05,459100,5740.0,5.15,0.3,,-0.2
2026-03-06,459100,5850.0,4.96,0.1,,-0.1
2026-03-09,459100,5460.0,5.09,-0.6,,0.5
2026-03-10,459100,5590.0,5.01,0.0,,-0.0
2026-03-11,459100,5860.0,5.01,0.8,,-0.8
2026-03-12,459100,5880.0,5.11,-0.3,,0.3
2026-03-13,459100,6070.0,5.07,-0.1,,0.1
2026-03-16,459100,5970.0,5.06,-0.4,,0.4
2026-03-17,459100,5940.0,5.0,-0.4,,0.4
2026-03-18,459100,6040.0,4.95,0.4,,-0.4
2026-03-19,459100,5990.0,5.02,0.1,,-0.1
2026-03-20,459100,6040.0,5.04,0.4,,-0.5
2026-03-23,459100,5720.0,5.1,-0.5,,0.5
2026-03-24,459100,5790.0,5.04,1.0,,-1.0
2026-03-25,459100,6150.0,5.16,1.0,,-0.8
2026-03-26,459100,5880.0,5.3,-1.0,,1.0
2026-03-27,459100,5840.0,5.18,0.0,,-0.0
2026-03-30,459100,5660.0,5.19,-0.4,,0.3
2026-03-31,459100,5550.0,5.14,-0.7,,0.7
2026-04-01,459100,5870.0,5.05,0.6,,-0.5
2026-04-02,459100,5610.0,5.13,-0.3,,0.2
2026-04-03,459100,5660.0,5.09,0.2,,-0.2
2026-04-06,459100,5670.0,5.11,-1.0,,1.1
2026-04-07,459100,5600.0,4.98,-0.4,,0.4
2026-04-08,459100,5800.0,4.92,0.8,,-0.8
2026-04-09,459100,5680.0,5.03,-0.3,,0.3
2026-04-10,459100,6070.0,4.99,1.7,,-1.7
2026-04-13,459100,6030.0,5.17,0.3,,-0.3
2026-04-14,459100,6000.0,5.2,-0.4,,0.4
2026-04-15,459100,6000.0,5.16,-0.3,,0.3
2026-04-16,459100,6090.0,5.13,0.7,,-0.8
2026-04-17,459100,6140.0,5.21,-0.2,,0.2
2026-04-20,459100,6140.0,5.19,0.4,,-0.4
2026-04-21,459100,6220.0,5.23,0.1,,-0.3
2026-04-22,459100,6330.0,5.25,-1.2,,1.1
2026-04-23,459100,6200.0,5.11,-1.3,,1.5
2026-04-24,459100,6280.0,4.96,1.6,,-1.6
2026-04-27,459100,6350.0,5.15,-0.3,,0.4
2026-04-28,459100,6370.0,5.11,0.0,,0.0
2026-04-29,459100,6480.0,5.11,0.3,,-0.4
2026-04-30,459100,6320.0,5.14,-0.1,0.0,0.1
2026-05-04,459100,6900.0,5.13,1.0,-0.0,-1.5
2026-05-06,459100,7460.0,5.28,3.3,0.0,-3.0
2026-05-07,459100,6910.0,5.62,0.3,-0.0,-0.2
2026-05-08,459100,7020.0,5.65,-1.0,-0.0,1.0
2026-05-11,459100,7060.0,5.54,-1.5,-0.0,1.6
2026-05-12,459100,6780.0,5.38,1.9,0.0,-2.0
2026-05-13,459100,6550.0,5.48,2.0,-0.0,-1.9
2026-05-14,459100,6590.0,5.77,-1.0,0.0,1.0
2026-05-15,459100,6150.0,5.66,-0.3,-0.0,0.3
2026-05-18,459100,6120.0,5.62,-0.3,-0.0,0.3
2026-05-19,459100,5800.0,5.58,-1.0,0.0,1.2
2026-05-20,459100,5620.0,5.44,-0.6,-0.0,0.6
2026-05-21,459100,6050.0,5.37,-0.3,-0.0,0.2
2026-05-22,459100,6970.0,5.33,3.2,-0.0,-3.3
2026-05-26,459100,6890.0,5.69,-0.3,-0.0,0.3
2026-05-27,459100,6370.0,5.66,-1.7,0.0,1.8
2026-05-28,459100,6360.0,5.46,-0.3,-0.0,0.3
2026-05-29,459100,5990.0,5.43,-1.2,-0.0,1.3
2026-06-01,459100,5730.0,5.28,-0.6,0.0,0.5
2026-06-02,459100,5360.0,5.21,-0.2,0.0,0.2
2026-06-04,459100,5230.0,5.22,-1.4,0.0,1.4
2026-06-05,459100,5070.0,5.02,-0.2,0.0,0.2
2026-06-08,459100,4740.0,4.99,-0.4,0.0,0.3
2026-06-09,459100,4970.0,4.93,0.2,-0.0,-0.2
2026-06-10,459100,4960.0,4.97,-0.2,0.0,0.2
2026-06-11,459100,5200.0,4.93,-0.1,-0.0,0.1
2026-06-12,459100,5310.0,4.91,-0.4,-0.0,0.5
2026-06-15,459100,5340.0,4.85,-0.2,0.0,0.3
2026-06-16,459100,5320.0,4.83,-0.3,-0.0,0.3
2026-06-17,459100,5310.0,4.78,-0.1,-0.0,0.1
2026-06-18,459100,5050.0,4.78,-0.2,0.0,0.2
2026-06-19,459100,4930.0,4.75,-0.1,-0.0,0.2
2026-06-22,459100,4890.0,4.73,0.0,0.0,-0.1
2026-06-23,459100,4520.0,4.73,-0.4,-0.0,0.4
2026-06-24,459100,4600.0,4.67,0.1,-0.0,-0.1
2026-06-25,459100,4475.0,4.7,-0.3,0.0,0.3
2026-06-26,459100,4200.0,4.65,0.2,-0.0,-0.2
2026-06-29,459100,4530.0,4.69,0.3,,-0.3
2026-06-30,459100,4505.0,4.74,-0.0,0.0,0.0
2026-07-01,459100,4525.0,4.74,0.3,0.0,-0.3
2026-07-02,459100,4335.0,4.79,-0.3,0.0,0.3
2026-07-03,459100,4290.0,4.74,-0.1,-0.0,0.1
2026-07-06,459100,4285.0,4.72,-0.0,-0.0,0.0
2026-07-07,459100,4200.0,4.72,-0.1,-0.0,0.1
2026-07-08,459100,4145.0,4.69,-0.2,-0.0,0.2
2026-07-09,459100,4125.0,4.65,-0.1,-0.0,0.1
2026-07-10,459100,4175.0,4.63,-0.1,0.0,0.1
2026-07-13,459100,4085.0,4.61,-0.2,-0.0,0.2
2025-07-14,459510,18340.0,0.35,1.6,,-1.6
2025-07-15,459510,19110.0,0.66,3.0,0.0,-3.2
2025-07-16,459510,18800.0,0.84,2.5,0.0,-2.5
2025-07-17,459510,18500.0,0.91,-0.9,,0.8
2025-07-18,459510,18330.0,0.86,0.5,0.0,-0.5
2025-07-21,459510,18420.0,0.89,1.7,,-1.6
2025-07-22,459510,18760.0,0.99,-3.5,,3.4
2025-07-23,459510,18490.0,0.67,-3.7,-0.1,3.8
2025-07-24,459510,18230.0,0.52,0.2,,0.0
2025-07-25,459510,17970.0,0.52,-1.5,-0.0,1.5
2025-07-28,459510,17770.0,0.4,4.1,-0.1,-4.0
2025-07-29,459510,17450.0,0.66,0.4,-0.6,-0.0
2025-07-30,459510,17390.0,0.65,1.8,0.0,-1.9
2025-07-31,459510,18060.0,0.74,-2.2,0.1,2.2
2025-08-01,459510,17500.0,0.62,-0.2,-1.1,1.4
2025-08-04,459510,17040.0,0.63,-0.2,0.0,0.2
2025-08-05,459510,17080.0,0.69,1.3,0.0,-1.3
2025-08-06,459510,17090.0,0.63,2.8,,-2.8
2025-08-07,459510,17310.0,0.81,2.2,-0.4,-1.6
2025-08-08,459510,15150.0,0.98,15.5,-7.0,82.4
2025-08-11,459510,14520.0,1.85,-0.9,-8.2,11.5
2025-08-12,459510,14220.0,1.62,2.3,-8.9,8.3
2025-08-13,459510,14290.0,1.71,3.1,-4.4,1.1
2025-08-14,459510,15160.0,1.91,-11.2,-1.7,12.9
2025-08-18,459510,14610.0,1.46,0.2,-0.6,0.3
2025-08-19,459510,13950.0,1.52,-0.8,-1.5,2.0
2025-08-20,459510,13140.0,1.41,9.6,-17.4,7.5
2025-08-21,459510,12970.0,1.99,0.5,-0.8,-0.4
2025-08-22,459510,13150.0,2.0,4.5,-6.7,2.2
2025-08-25,459510,14160.0,2.27,7.1,-0.0,-7.8
2025-08-26,459510,15840.0,2.64,-24.3,1.1,22.6
2025-08-27,459510,15160.0,1.45,7.8,0.0,-7.2
2025-08-28,459510,16480.0,1.91,-25.9,-0.2,26.3
2025-08-29,459510,16800.0,0.59,-0.1,-0.0,-0.1
2025-09-01,459510,18300.0,0.63,-4.0,-1.8,4.7
2025-09-02,459510,19120.0,0.55,-6.1,-0.0,7.9
2025-09-03,459510,18250.0,0.35,-4.1,,3.7
2025-09-04,459510,17710.0,0.17,3.3,-0.8,-2.8
2025-09-05,459510,18410.0,0.41,0.6,1.4,-2.8
2025-09-08,459510,18510.0,0.52,-10.2,,8.8
2025-09-09,459510,18950.0,0.18,1.7,-0.5,-2.1
2025-09-10,459510,19240.0,0.36,-2.9,0.8,1.9
2025-09-11,459510,19680.0,0.19,-4.9,0.1,4.6
2025-09-12,459510,25250.0,0.24,35.9,18.8,-52.4
2025-09-15,459510,25300.0,1.8,-23.6,14.1,8.8
2025-09-16,459510,23850.0,1.35,-2.3,9.9,-8.0
2025-09-17,459510,24400.0,1.04,-15.7,9.1,6.5
2025-09-18,459510,25750.0,0.61,5.0,6.1,-11.0
2025-09-19,459510,26150.0,0.8,-1.3,-2.3,2.4
2025-09-22,459510,25100.0,0.41,-11.0,-1.2,12.9
2025-09-23,459510,23700.0,0.07,8.5,-3.6,-5.5
2025-09-24,459510,24200.0,0.35,6.6,-5.2,-2.0
2025-09-25,459510,23400.0,0.57,-6.4,-6.1,11.9
2025-09-26,459510,21650.0,0.39,4.3,-14.1,10.7
2025-09-29,459510,22800.0,0.39,3.7,-2.2,-9.2
2025-09-30,459510,22250.0,0.56,-10.0,0.1,9.7
2025-10-01,459510,23450.0,0.29,7.1,0.0,-0.7
2025-10-02,459510,23150.0,0.58,-1.9,0.6,2.1
2025-10-10,459510,24650.0,0.52,4.7,-0.6,-4.4
2025-10-13,459510,25050.0,0.72,-10.8,-1.5,11.9
2025-10-14,459510,24400.0,0.39,7.3,-8.9,0.9
2025-10-15,459510,26250.0,0.63,21.5,-12.3,-9.6
2025-10-16,459510,25600.0,1.27,-23.8,-0.0,24.1
2025-10-17,459510,23650.0,0.49,-9.2,1.1,8.7
2025-10-20,459510,25350.0,0.22,17.1,1.2,-21.0
2025-10-21,459510,24900.0,0.78,-2.6,-0.2,4.1
2025-10-22,459510,24200.0,0.7,-2.9,0.8,1.8
2025-10-23,459510,23550.0,0.63,-2.2,1.2,-0.2
2025-10-24,459510,23600.0,0.56,-8.3,0.2,7.9
2025-10-27,459510,22700.0,0.35,4.4,-0.4,-4.0
2025-10-28,459510,22050.0,0.51,-3.8,-0.8,3.7
2025-10-29,459510,22300.0,0.4,4.5,0.9,-5.6
2025-10-30,459510,21800.0,0.6,1.9,0.6,-2.4
2025-10-31,459510,22650.0,0.58,-1.2,2.7,-0.2
2025-11-03,459510,24150.0,0.54,8.4,4.3,-11.9
2025-11-04,459510,23200.0,0.82,-14.4,-1.5,15.8
2025-11-05,459510,21600.0,0.36,-0.3,-2.1,2.4
2025-11-06,459510,20300.0,0.35,0.0,1.0,-1.1
2025-11-07,459510,19230.0,0.35,3.7,-2.7,-0.7
2025-11-10,459510,20500.0,0.5,-6.0,-25.5,35.0
2025-11-11,459510,19490.0,0.33,1.3,0.3,-1.9
2025-11-12,459510,19980.0,0.38,0.6,0.5,-1.6
2025-11-13,459510,20900.0,0.41,-3.0,0.5,2.7
2025-11-14,459510,21300.0,0.32,-1.1,0.3,1.5
2025-11-17,459510,21200.0,0.3,-5.4,0.4,5.1
2025-11-18,459510,19970.0,0.16,0.7,0.1,0.8
2025-11-19,459510,20300.0,0.21,-0.3,0.4,-0.1
2025-11-20,459510,21900.0,0.22,-0.9,0.0,-2.1
2025-11-21,459510,21850.0,0.25,12.1,-0.1,-13.2
2025-11-24,459510,21800.0,0.73,-7.7,-0.1,7.9
2025-11-25,459510,20350.0,0.46,-3.3,-0.7,5.1
2025-11-26,459510,20700.0,0.3,-0.7,0.2,0.4
2025-11-27,459510,21050.0,0.29,2.9,0.5,-3.3
2025-11-28,459510,22650.0,0.42,37.0,0.3,-42.2
2025-12-01,459510,21700.0,1.71,-15.9,0.9,14.8
2025-12-02,459510,22300.0,1.16,0.0,3.8,-3.5
2025-12-03,459510,23500.0,1.13,14.6,1.4,-15.5
2025-12-04,459510,24200.0,1.61,-25.9,5.8,16.9
2025-12-05,459510,23000.0,0.8,-4.4,1.7,5.3
2025-12-08,459510,23450.0,0.67,4.0,-2.0,-2.1
2025-12-09,459510,22950.0,0.8,-0.1,-0.4,3.3
2025-12-10,459510,22950.0,0.75,1.3,-0.3,1.0
2025-12-11,459510,22400.0,0.79,-8.1,0.4,8.4
2025-12-12,459510,25150.0,0.55,116.5,23.9,-137.9
2025-12-15,459510,24900.0,4.25,-88.5,0.7,86.8
2025-12-16,459510,23250.0,1.6,-13.9,-0.7,14.8
2025-12-17,459510,22350.0,1.06,-6.6,-0.5,7.0
2025-12-18,459510,21700.0,0.84,-4.3,-0.2,4.5
2025-12-19,459510,21600.0,0.7,-5.4,0.3,4.7
2025-12-22,459510,22250.0,0.59,2.2,-0.3,-2.4
2025-12-23,459510,21700.0,0.67,-7.5,-0.1,7.4
2025-12-24,459510,21700.0,0.45,-1.4,0.3,1.8
2025-12-26,459510,21150.0,0.43,-4.4,2.4,1.9
2025-12-29,459510,21900.0,0.29,10.8,-0.3,-10.6
2025-12-30,459510,21250.0,0.69,-6.0,0.1,5.9
2026-01-02,459510,21650.0,0.47,-0.4,1.3,-0.9
2026-01-05,459510,21500.0,0.46,-3.0,1.0,1.9
2026-01-06,459510,21800.0,0.35,-4.9,-2.0,6.4
2026-01-07,459510,22250.0,0.18,1.7,-6.4,4.6
2026-01-08,459510,21650.0,0.3,-4.5,0.6,4.1
2026-01-09,459510,21550.0,0.12,0.4,0.3,-0.8
2026-01-12,459510,22200.0,0.12,3.5,0.5,-3.9
2026-01-13,459510,23150.0,0.3,1.9,-1.3,-0.7
2026-01-14,459510,24100.0,0.5,5.3,1.3,-6.0
2026-01-15,459510,31300.0,1.03,47.9,-1.9,-117.6
2026-01-16,459510,28800.0,2.6,89.0,7.5,-52.4
2026-01-19,459510,34600.0,4.7,2.6,46.4,-46.1
2026-01-20,459510,35150.0,4.2,-33.1,8.6,21.9
2026-01-21,459510,35100.0,3.29,1.7,12.2,-16.2
2026-01-22,459510,33250.0,2.95,-42.5,-9.5,49.7
2026-01-23,459510,30800.0,1.59,19.2,8.4,-26.1
2026-01-26,459510,31850.0,2.17,29.5,0.5,-29.8
2026-01-27,459510,31150.0,3.31,-7.8,12.0,-4.1
2026-01-28,459510,31050.0,2.85,-20.8,-5.0,25.8
2026-01-29,459510,30400.0,2.16,6.1,2.4,-8.3
2026-01-30,459510,30950.0,2.47,-19.7,4.2,14.8
2026-02-02,459510,29800.0,1.97,-4.4,3.3,0.8
2026-02-03,459510,30950.0,1.83,1.4,5.6,-7.1
2026-02-04,459510,32600.0,1.82,3.3,4.1,-7.6
2026-02-05,459510,31300.0,2.02,-14.6,1.7,13.0
2026-02-06,459510,29050.0,1.43,-7.6,1.0,6.5
2026-02-09,459510,29550.0,1.23,1.4,6.3,-7.1
2026-02-10,459510,29950.0,1.32,-2.2,-0.3,3.0
2026-02-11,459510,30000.0,1.16,-4.7,2.4,1.8
2026-02-12,459510,29700.0,1.01,0.3,1.1,-1.6
2026-02-13,459510,28700.0,1.03,-0.6,0.7,0.1
2026-02-19,459510,28400.0,1.0,3.5,1.0,-4.4
2026-02-20,459510,28000.0,1.2,-3.6,-0.4,2.9
2026-02-23,459510,27100.0,1.08,4.3,-0.4,-4.0
2026-02-24,459510,27750.0,1.21,1.7,-0.8,-0.9
2026-02-25,459510,28400.0,1.2,-3.3,-1.9,7.0
2026-02-26,459510,28150.0,1.15,-1.5,-2.4,3.9
2026-02-27,459510,28350.0,1.11,-6.4,-0.0,6.6
2026-03-03,459510,25550.0,0.9,0.1,-0.4,0.4
2026-03-04,459510,20300.0,0.93,10.8,-0.8,-9.9
2026-03-05,459510,22400.0,1.41,11.2,0.5,-11.7
2026-03-06,459510,23250.0,1.88,1.0,0.0,-1.0
2026-03-09,459510,21950.0,1.83,-2.7,0.2,2.5
2026-03-10,459510,23500.0,1.67,4.3,-0.7,-3.6
2026-03-11,459510,24200.0,1.81,-15.5,0.3,15.5
2026-03-12,459510,23700.0,1.17,-4.0,2.6,0.9
2026-03-13,459510,23450.0,1.05,-0.2,0.9,-0.7
2026-03-16,459510,22700.0,1.06,0.6,-0.3,-0.3
2026-03-17,459510,23200.0,1.08,2.0,0.1,-2.1
2026-03-18,459510,23250.0,1.18,-2.3,-0.2,2.5
2026-03-19,459510,22250.0,1.09,-1.4,0.3,1.0
2026-03-20,459510,21600.0,1.06,0.5,0.1,-0.7
2026-03-23,459510,19830.0,1.09,-0.4,0.8,-0.5
2026-03-24,459510,20250.0,1.07,2.5,-0.1,-2.3
2026-03-25,459510,20750.0,1.16,1.5,-0.1,-1.3
2026-03-26,459510,19920.0,1.2,-0.5,0.1,0.4
2026-03-27,459510,19530.0,1.17,3.5,0.0,-3.6
2026-03-30,459510,18790.0,1.35,0.7,0.0,-0.7
2026-03-31,459510,17530.0,1.35,1.2,-0.0,-1.2
2026-04-01,459510,19540.0,1.4,5.0,0.1,-5.1
2026-04-02,459510,22550.0,1.68,-19.4,0.3,20.7
2026-04-03,459510,20900.0,1.26,-5.3,0.8,4.3
2026-04-06,459510,19660.0,0.91,-3.7,0.2,3.5
2026-04-07,459510,19080.0,0.69,1.0,0.1,-1.2
2026-04-08,459510,20700.0,0.7,2.9,-0.4,-2.5
2026-04-09,459510,20950.0,0.82,-1.7,0.1,1.7
2026-04-10,459510,20950.0,0.57,-1.3,0.0,1.3
2026-04-13,459510,20400.0,0.59,-0.6,0.0,0.5
2026-04-14,459510,21400.0,0.56,3.8,0.5,-4.3
2026-04-15,459510,22000.0,0.73,-1.0,0.8,0.2
2026-04-16,459510,22250.0,0.61,2.7,2.0,-5.0
2026-04-17,459510,22850.0,0.68,0.4,0.5,-0.6
2026-04-20,459510,22400.0,0.67,1.3,0.1,-1.4
2026-04-21,459510,22800.0,0.72,-1.1,0.2,1.0
2026-04-22,459510,22600.0,0.65,0.9,0.3,-1.2
2026-04-23,459510,22150.0,0.7,0.4,0.3,-0.7
2026-04-24,459510,22900.0,0.72,-0.2,-0.5,0.4
2026-04-27,459510,23900.0,0.72,1.2,1.3,-2.0
2026-04-28,459510,23850.0,0.78,-7.0,0.2,6.8
2026-04-29,459510,23500.0,0.46,0.8,0.3,1.8
2026-04-30,459510,30550.0,0.57,39.5,-1.1,-40.4
2026-05-04,459510,30300.0,1.94,-21.1,-0.5,22.9
2026-05-06,459510,28300.0,0.56,-6.7,-2.0,8.7
2026-05-07,459510,30750.0,0.45,3.6,-0.7,-5.6
2026-05-08,459510,31500.0,0.74,-9.6,-1.7,15.5
2026-05-11,459510,29600.0,0.48,5.1,-1.5,-3.1
2026-05-12,459510,27400.0,0.69,2.1,-7.4,6.3
2026-05-13,459510,27850.0,0.75,5.9,1.8,-7.4
2026-05-14,459510,27900.0,0.79,0.2,1.6,0.9
2026-05-15,459510,28400.0,0.62,5.2,0.9,-6.1
2026-05-18,459510,28250.0,0.71,0.3,-0.3,0.2
2026-05-19,459510,27000.0,0.67,-2.3,1.0,1.8
2026-05-20,459510,24400.0,0.54,3.5,-0.3,-2.1
2026-05-21,459510,26600.0,0.69,9.7,-0.1,-9.5
2026-05-22,459510,26150.0,1.0,0.0,4.4,-4.4
2026-05-26,459510,26150.0,1.05,-4.7,-0.2,4.8
2026-05-27,459510,23850.0,0.82,-6.0,-1.1,6.7
2026-05-28,459510,22750.0,0.57,-0.3,-0.2,0.4
2026-05-29,459510,22000.0,0.6,2.6,-2.4,-0.0
2026-06-01,459510,21550.0,0.78,-0.0,-1.9,1.9
2026-06-02,459510,22000.0,0.73,-1.1,1.7,-0.8
2026-06-04,459510,21050.0,0.63,0.1,1.7,-1.8
2026-06-05,459510,20100.0,0.68,1.2,1.3,-2.5
2026-06-08,459510,18130.0,0.75,0.1,0.7,-0.6
2026-06-09,459510,18990.0,0.84,0.6,0.8,-1.4
2026-06-10,459510,18590.0,0.88,0.5,0.2,-0.8
2026-06-11,459510,18760.0,0.91,1.6,-0.1,-1.5
2026-06-12,459510,18710.0,0.98,9.3,-37.2,25.2
2026-06-15,459510,19080.0,1.25,-0.8,-0.1,1.9
2026-06-16,459510,18990.0,1.19,-1.2,-1.5,3.0
2026-06-17,459510,18750.0,1.15,-0.4,-0.1,0.8
2026-06-18,459510,17780.0,1.14,-1.8,-0.2,2.8
2026-06-19,459510,16750.0,1.05,0.6,-0.4,-0.2
2026-06-22,459510,15980.0,1.12,1.9,-0.3,-1.5
2026-06-23,459510,14340.0,1.29,4.2,-0.2,-4.1
2026-06-24,459510,15180.0,1.55,1.2,0.1,-1.6
2026-06-25,459510,14250.0,1.6,-0.2,-0.1,0.5
2026-06-26,459510,13140.0,1.56,4.0,-0.2,-3.9
2026-06-29,459510,14680.0,1.86,2.6,-0.1,-2.5
2026-06-30,459510,15100.0,2.06,-4.5,0.1,4.4
2026-07-01,459510,15230.0,1.65,-0.1,0.7,-0.5
2026-07-02,459510,13900.0,1.56,-1.2,-0.0,1.1
2026-07-03,459510,13940.0,1.48,1.1,-0.0,-1.0
2026-07-06,459510,13890.0,1.56,0.3,0.0,-0.4
2026-07-07,459510,13220.0,1.66,-0.2,-0.1,0.3
2026-07-08,459510,12450.0,1.65,0.8,-0.0,-0.7
2026-07-09,459510,12600.0,1.72,1.8,-0.0,-1.8
2026-07-10,459510,13480.0,1.86,2.1,-0.2,-2.0
2026-07-13,459510,12500.0,2.0,-0.6,0.1,0.5
2025-11-17,459550,3555.0,0.03,-0.1,-133.7,220.2
2025-11-18,459550,3260.0,0.03,-0.2,-9.3,14.8
2025-11-19,459550,4235.0,0.02,0.2,-7.5,4.6
2025-11-20,459550,4950.0,0.23,-1.7,-6.2,39.2
2025-11-21,459550,4315.0,0.15,5.1,-0.0,-4.5
2025-11-24,459550,3780.0,0.71,0.3,-1.6,1.2
2025-11-25,459550,4910.0,0.79,4.0,-0.6,-4.6
2025-11-26,459550,4795.0,1.31,4.5,-2.6,1.4
2025-11-27,459550,5040.0,1.71,-2.0,0.0,1.7
2025-11-28,459550,5460.0,1.58,1.7,-26.6,31.9
2025-12-01,459550,5260.0,1.91,-4.6,0.1,-2.8
2025-12-02,459550,5670.0,1.58,-2.3,0.1,4.3
2025-12-03,459550,5670.0,1.54,-10.1,-0.7,10.7
2025-12-04,459550,5280.0,0.82,2.6,-0.0,-5.0
2025-12-05,459550,5090.0,0.97,2.7,-0.2,-2.5
2025-12-08,459550,5020.0,1.2,0.7,,-0.7
2025-12-09,459550,4620.0,1.25,-11.9,0.0,11.6
2025-12-10,459550,4305.0,0.24,3.3,0.1,-3.7
2025-12-11,459550,4245.0,0.56,-4.6,0.0,4.2
2025-12-12,459550,4125.0,0.33,0.4,-0.0,0.0
2025-12-15,459550,3935.0,0.31,-0.3,0.1,18.6
2025-12-16,459550,3640.0,0.27,5.6,0.0,22.9
2025-12-17,459550,3645.0,1.24,-5.6,0.0,4.8
2025-12-18,459550,3790.0,0.63,-1.2,-0.0,-2.1
2025-12-19,459550,3870.0,0.55,-0.4,-0.0,0.2
2025-12-22,459550,3840.0,0.52,1.8,0.0,-2.0
2025-12-23,459550,3610.0,0.69,-2.9,,3.4
2025-12-24,459550,3390.0,0.39,-0.1,0.3,-2.4
2025-12-26,459550,3640.0,0.37,7.0,-0.1,-4.7
2025-12-29,459550,3820.0,1.14,-0.9,-0.0,1.8
2025-12-30,459550,3750.0,1.08,-2.4,0.0,2.4
2026-01-02,459550,3905.0,0.82,0.6,-0.0,-0.0
2026-01-05,459550,3880.0,0.9,-3.7,0.0,3.7
2026-01-06,459550,3780.0,0.52,-0.5,0.0,0.4
2026-01-07,459550,3635.0,0.48,0.6,0.0,-0.7
2026-01-08,459550,3890.0,0.54,0.7,-0.0,1.8
2026-01-09,459550,3875.0,0.63,-0.4,0.0,1.1
2026-01-12,459550,3690.0,0.59,0.1,0.0,-0.2
2026-01-13,459550,3620.0,0.62,-2.3,0.0,1.9
2026-01-14,459550,3575.0,0.38,-0.4,0.0,0.4
2026-01-15,459550,3620.0,0.33,0.9,0.0,-0.9
2026-01-16,459550,3500.0,0.43,-1.5,0.0,0.1
2026-01-19,459550,3525.0,0.26,2.3,0.0,-2.3
2026-01-20,459550,3645.0,0.52,5.5,0.0,-5.5
2026-01-21,459550,3495.0,1.12,-5.6,0.7,4.5
2026-01-22,459550,3410.0,0.48,0.9,0.7,-1.9
2026-01-23,459550,3510.0,0.57,4.3,0.4,-4.7
2026-01-26,459550,3800.0,1.07,4.2,-0.0,-3.6
2026-01-27,459550,3775.0,1.53,2.2,-0.0,-1.9
2026-01-28,459550,4905.0,1.75,1.0,-30.3,34.2
2026-01-29,459550,4600.0,1.95,-11.0,-0.0,9.5
2026-01-30,459550,4440.0,1.01,2.7,0.0,-0.7
2026-02-02,459550,4100.0,1.24,-3.4,0.7,2.9
2026-02-03,459550,4240.0,0.95,-2.0,-0.7,2.3
2026-02-04,459550,4080.0,0.99,-2.4,0.1,1.4
2026-02-05,459550,3990.0,0.8,-4.9,-0.0,5.0
2026-02-06,459550,4055.0,0.5,1.2,0.0,-1.3
2026-02-09,459550,4150.0,0.7,1.7,0.0,-2.3
2026-02-10,459550,4010.0,0.87,-4.6,0.0,5.1
2026-02-11,459550,4005.0,0.42,0.6,-0.0,-0.5
2026-02-12,459550,4220.0,0.48,9.2,-0.1,-9.4
2026-02-13,459550,4100.0,1.38,-8.3,0.0,8.5
2026-02-19,459550,4195.0,0.66,9.3,-0.0,0.5
2026-02-20,459550,3985.0,1.52,-9.5,0.0,9.2
2026-02-23,459550,3860.0,0.64,0.7,-0.0,-1.0
2026-02-24,459550,3850.0,0.73,0.3,0.0,-0.6
2026-02-25,459550,3715.0,0.78,-1.7,0.5,1.2
2026-02-26,459550,3570.0,0.57,4.3,0.0,-6.0
2026-02-27,459550,3505.0,1.13,-1.7,0.5,0.2
2026-03-03,459550,3525.0,0.98,6.4,0.4,-7.3
2026-03-04,459550,3005.0,1.74,0.9,1.1,-4.9
2026-03-05,459550,3280.0,1.94,4.7,0.4,-6.5
2026-03-06,459550,3250.0,2.53,1.3,-0.0,-1.7
2026-03-09,459550,3010.0,2.7,-2.6,0.3,2.1
2026-03-10,459550,3165.0,2.38,2.3,0.0,-2.3
2026-03-11,459550,3145.0,2.67,0.7,-1.1,0.4
2026-03-12,459550,3130.0,2.76,-0.9,-0.0,0.9
2026-03-13,459550,3150.0,2.65,-0.7,0.0,0.5
2026-03-16,459550,3130.0,2.56,-0.3,0.0,0.4
2026-03-17,459550,3150.0,2.52,-0.3,-0.0,0.8
2026-03-18,459550,3155.0,2.51,-0.2,0.0,-0.1
2026-03-19,459550,3030.0,2.48,-1.4,0.0,1.4
2026-03-20,459550,2980.0,2.3,0.9,0.0,-0.6
2026-03-23,459550,2815.0,2.41,-0.7,0.0,-0.6
2026-03-24,459550,2825.0,2.32,2.5,-0.0,-2.4
2026-03-25,459550,2980.0,2.69,1.9,-0.0,-1.9
2026-03-26,459550,2800.0,2.98,-2.8,0.0,2.8
2026-03-27,459550,2870.0,2.59,0.5,0.3,-0.8
2026-03-30,459550,2770.0,2.67,-1.0,0.0,1.0
2026-03-31,459550,2645.0,2.52,1.1,-0.0,-1.2
2026-04-01,459550,2845.0,2.72,2.1,0.0,-1.6
2026-04-02,459550,2710.0,3.02,-0.9,-0.0,1.0
2026-04-03,459550,2690.0,2.88,0.1,0.0,-0.1
2026-04-06,459550,2690.0,2.88,0.7,0.0,-0.5
2026-04-07,459550,2660.0,2.98,0.9,-0.0,-0.9
2026-04-08,459550,2775.0,3.11,2.6,-0.1,-1.3
2026-04-09,459550,2680.0,3.48,-0.8,0.0,0.8
2026-04-10,459550,2730.0,3.37,1.7,0.0,-0.9
2026-04-13,459550,2735.0,3.62,0.5,0.0,-0.5
2026-04-14,459550,2875.0,3.69,1.3,0.0,-1.6
2026-04-15,459550,2890.0,3.86,0.0,0.0,0.0
2026-04-16,459550,2910.0,3.87,-0.8,0.0,0.6
2026-04-17,459550,2900.0,3.74,-0.5,0.0,0.6
2026-04-20,459550,2880.0,3.65,-0.3,0.0,0.4
2026-04-21,459550,2870.0,3.6,-0.1,0.0,0.2
2026-04-22,459550,2850.0,3.58,0.9,0.0,-0.8
2026-04-23,459550,3080.0,3.66,-6.5,-0.0,5.8
2026-04-24,459550,3025.0,2.85,-3.0,0.0,3.2
2026-04-27,459550,3040.0,2.45,-0.5,0.0,0.8
2026-04-28,459550,2965.0,2.61,-2.2,0.0,3.5
2026-04-29,459550,2990.0,2.39,0.9,-0.0,-0.9
2026-04-30,459550,2900.0,2.24,-1.9,-0.0,4.1
2026-05-04,459550,2900.0,2.06,0.5,-0.0,-0.5
2026-05-06,459550,2740.0,2.13,-1.0,0.0,1.0
2026-05-07,459550,2660.0,1.99,0.8,0.3,-0.4
2026-05-08,459550,2650.0,2.12,-0.0,-0.0,0.0
2026-05-11,459550,2495.0,2.11,-0.0,0.0,-0.1
2026-05-12,459550,2350.0,2.11,2.5,-0.2,-1.8
2026-05-13,459550,2270.0,2.52,0.9,0.0,-0.9
2026-05-14,459550,2210.0,2.68,0.2,-0.5,0.4
2026-05-15,459550,2100.0,2.71,0.5,-0.2,-0.3
2026-05-18,459550,2120.0,2.8,0.8,-0.0,1.4
2026-05-19,459550,2060.0,2.96,0.7,-0.1,-0.6
2026-05-20,459550,1927.0,3.11,0.9,-0.4,-0.4
2026-05-21,459550,1842.0,3.29,-0.9,-0.2,1.1
2026-05-22,459550,1944.0,3.11,2.9,-0.1,-3.1
2026-05-26,459550,1898.0,3.69,-1.5,-0.1,1.9
2026-05-27,459550,1738.0,3.38,-0.8,-0.2,1.1
2026-05-28,459550,1639.0,3.2,1.2,-0.1,-1.4
2026-05-29,459550,1565.0,3.5,0.1,-0.7,0.6
2026-06-01,459550,1419.0,3.54,0.6,-0.8,0.1
2026-06-02,459550,1373.0,3.71,0.8,-0.1,-0.6
2026-06-04,459550,1445.0,3.92,0.6,-0.7,0.0
2026-06-05,459550,1878.0,4.09,-1.8,0.0,1.8
2026-06-08,459550,2020.0,3.73,-7.4,-11.3,20.2
2026-06-09,459550,1991.0,2.49,-6.2,5.0,0.9
2026-06-10,459550,1902.0,1.47,2.2,-10.6,8.5
2026-06-11,459550,1800.0,1.89,-0.9,1.8,-1.0
2026-06-12,459550,1799.0,1.73,2.8,0.9,-3.7
2026-06-15,459550,1806.0,2.32,-1.3,0.0,1.3
2026-06-16,459550,1670.0,1.87,1.7,0.0,-1.7
2026-06-17,459550,1655.0,2.29,-0.2,1.7,-1.4
2026-06-18,459550,1535.0,2.25,0.9,1.6,-2.6
2026-06-19,459550,1425.0,2.48,0.9,1.5,-2.0
2026-06-22,459550,1392.0,2.75,-1.0,1.4,-0.5
2026-06-23,459550,1405.0,2.47,-0.2,2.4,-2.0
2026-06-24,459550,1362.0,2.41,-0.9,1.2,-0.4
2026-06-25,459550,1263.0,2.16,-0.0,-0.0,-0.0
2026-06-26,459550,1182.0,2.15,1.2,0.0,-1.2
2026-06-29,459550,1284.0,2.56,0.9,-0.0,-0.9
2026-06-30,459550,1246.0,2.84,0.1,0.0,-0.1
2026-07-01,459550,1231.0,2.67,-0.2,0.1,0.1
2026-07-02,459550,1159.0,2.61,0.0,0.0,-0.0
2026-07-03,459550,1176.0,2.66,0.3,-0.1,-0.2
2026-07-06,459550,1155.0,2.75,0.2,0.0,-0.2
2026-07-07,459550,1118.0,2.82,-0.0,0.0,0.0
2026-07-08,459550,1039.0,2.81,-0.7,-0.0,0.7
2026-07-09,459550,1071.0,2.56,0.5,-0.0,-0.4
2026-07-10,459550,1129.0,2.75,0.7,0.0,-0.7
2026-07-13,459550,1052.0,2.99,-0.2,0.0,0.2
