날짜,코드,종가,외인지분율,외인_억,기관_억,개인_억
2025-07-14,180400,,9.68,0.3,,-1.3
2025-07-15,180400,,9.93,0.7,,-1.3
2025-07-16,180400,,9.95,-0.0,,-0.1
2025-07-17,180400,,9.95,0.2,,-0.3
2025-07-18,180400,,9.97,0.6,,-1.3
2025-07-21,180400,,10.02,-0.1,,-0.3
2025-07-22,180400,,10.03,-0.2,,0.7
2025-07-23,180400,,10.0,0.2,,-0.3
2025-07-24,180400,,10.02,0.0,,-0.0
2025-07-25,180400,,10.02,-0.9,,0.9
2025-07-28,180400,,9.92,0.2,,-0.2
2025-07-29,180400,,9.93,1.0,,-1.0
2025-07-30,180400,,10.01,-13.8,-0.0,14.1
2025-07-31,180400,,8.92,7.5,0.0,-8.2
2025-08-01,180400,,9.54,-1.4,0.0,1.6
2025-08-04,180400,,9.37,-4.6,-0.0,4.8
2025-08-05,180400,,8.99,1.4,,-1.3
2025-08-06,180400,,9.11,1.5,,-1.3
2025-08-07,180400,,9.23,0.3,,-0.4
2025-08-08,180400,,9.26,0.1,,-0.3
2025-08-11,180400,,9.27,0.2,,-0.4
2025-08-12,180400,,9.29,-0.2,,0.1
2025-08-13,180400,,9.28,-1.0,,1.0
2025-08-14,180400,,9.19,-0.5,,0.6
2025-08-18,180400,,9.14,4.2,-0.0,-4.8
2025-08-19,180400,,9.46,-0.5,,-0.0
2025-08-20,180400,,9.42,3.2,,-3.3
2025-08-21,180400,,9.69,-0.5,,0.5
2025-08-22,180400,,9.65,-1.4,,1.6
2025-08-25,180400,,9.54,-0.4,,0.2
2025-08-26,180400,,9.51,-0.1,,0.1
2025-08-27,180400,,9.5,-0.7,,0.6
2025-08-28,180400,,9.45,-0.4,,0.5
2025-08-29,180400,2425.0,9.42,-0.5,,0.4
2025-09-01,180400,,9.38,-1.0,,0.6
2025-09-02,180400,,9.3,1.1,-0.6,-0.5
2025-09-03,180400,,9.4,0.6,-0.3,-0.5
2025-09-04,180400,,9.45,-1.0,,0.8
2025-09-05,180400,,9.37,-0.8,,0.7
2025-09-08,180400,,9.3,1.1,,-1.1
2025-09-09,180400,,9.39,-0.7,,0.6
2025-09-10,180400,,9.33,0.4,,-0.4
2025-09-11,180400,,9.37,1.3,,-0.7
2025-09-12,180400,,9.48,0.8,,0.1
2025-09-15,180400,,9.54,-1.0,,0.1
2025-09-16,180400,,9.46,0.5,,0.7
2025-09-17,180400,,9.51,-0.2,,0.2
2025-09-18,180400,,9.49,-0.3,,0.2
2025-09-19,180400,,9.46,-0.5,,0.4
2025-09-22,180400,,9.42,-0.8,,0.9
2025-09-23,180400,,9.35,0.7,,0.3
2025-09-24,180400,,9.41,-3.7,,3.4
2025-09-25,180400,,9.06,0.4,,-0.6
2025-09-26,180400,,9.1,-0.9,,0.6
2025-09-29,180400,,9.01,0.0,,-0.0
2025-09-30,180400,2115.0,9.01,-0.7,,0.7
2025-10-01,180400,,8.95,-0.1,,0.1
2025-10-02,180400,,8.94,0.7,,-0.7
2025-10-10,180400,,9.01,-0.0,,0.0
2025-10-13,180400,,9.0,0.6,,-0.6
2025-10-14,180400,,9.07,0.2,,0.2
2025-10-15,180400,,9.08,0.5,,0.0
2025-10-16,180400,,9.14,0.3,,-0.3
2025-10-17,180400,,9.17,0.2,,-0.2
2025-10-20,180400,,9.18,0.3,,-0.3
2025-10-21,180400,,9.21,1.5,,-1.5
2025-10-22,180400,,9.36,0.0,,-0.0
2025-10-23,180400,,9.36,-0.8,,0.8
2025-10-24,180400,,9.29,-1.2,,1.1
2025-10-27,180400,,9.17,0.2,,-0.2
2025-10-28,180400,,9.2,0.7,,-0.7
2025-10-29,180400,,9.27,-0.0,,-0.1
2025-10-30,180400,,9.27,-0.2,,0.1
2025-10-31,180400,1971.0,9.25,0.5,,-0.5
2025-11-03,180400,,9.31,-0.6,,0.6
2025-11-04,180400,,9.24,1.0,,-1.0
2025-11-05,180400,,9.33,1.9,,-1.9
2025-11-06,180400,,9.53,0.3,,-0.3
2025-11-07,180400,,9.56,2.3,-2.0,-0.3
2025-11-10,180400,,9.79,0.8,,-0.8
2025-11-11,180400,,9.87,-0.7,,0.6
2025-11-12,180400,,9.8,0.1,,-0.1
2025-11-13,180400,,9.81,0.1,,-0.1
2025-11-14,180400,,9.82,-0.0,,0.0
2025-11-17,180400,,9.82,-0.9,,0.9
2025-11-18,180400,,9.73,0.1,,-0.1
2025-11-19,180400,,9.74,-0.6,,0.6
2025-11-20,180400,,9.68,0.1,,-0.1
2025-11-21,180400,,9.69,0.1,,-0.1
2025-11-24,180400,,9.7,-0.4,,0.4
2025-11-25,180400,,9.65,-0.5,,0.5
2025-11-26,180400,,9.6,0.3,,-0.3
2025-11-27,180400,,9.63,1.1,,-1.1
2025-11-28,180400,1797.0,9.76,0.7,,-0.7
2025-12-01,180400,,9.84,-0.1,,0.1
2025-12-02,180400,,9.83,-0.2,,0.2
2025-12-03,180400,,9.8,-0.4,,0.4
2025-12-04,180400,,9.76,0.2,,-0.2
2025-12-05,180400,,9.78,0.4,,-0.4
2025-12-08,180400,,9.87,0.1,,-0.1
2025-12-09,180400,,9.88,0.4,,-0.5
2025-12-10,180400,,9.93,0.4,,-0.4
2025-12-11,180400,,9.97,0.9,,-0.9
2025-12-12,180400,,10.06,0.1,,-0.2
2025-12-15,180400,,10.07,-0.0,,-0.1
2025-12-16,180400,,10.05,-0.7,,0.7
2025-12-17,180400,,9.96,0.1,,-0.1
2025-12-18,180400,,9.98,-0.3,,0.3
2025-12-19,180400,,9.95,1.0,,-1.1
2025-12-22,180400,,10.07,-0.7,,-0.4
2025-12-23,180400,,10.0,-6.3,,8.0
2025-12-24,180400,,9.54,1.6,,-2.9
2025-12-26,180400,,9.67,4.8,,-13.8
2025-12-29,180400,,10.01,-0.2,,0.2
2025-12-30,180400,3140.0,10.0,-0.8,,-0.3
2026-01-02,180400,,9.95,0.3,,0.5
2026-01-05,180400,,9.97,0.0,,0.0
2026-01-06,180400,,9.97,-0.9,,0.9
2026-01-07,180400,,9.93,-0.0,,0.2
2026-01-08,180400,,9.93,1.3,,-1.2
2026-01-09,180400,,10.01,2.6,,-2.7
2026-01-12,180400,,10.16,-1.9,,1.9
2026-01-13,180400,,10.05,-0.3,,0.2
2026-01-14,180400,,10.27,0.3,,-0.3
2026-01-15,180400,,10.29,-0.8,,0.5
2026-01-16,180400,,10.24,5.9,,-5.9
2026-01-19,180400,,10.56,-3.8,,3.7
2026-01-20,180400,,5.17,0.8,,-0.0
2026-01-21,180400,,5.2,0.8,,-0.9
2026-01-22,180400,,5.22,0.0,,-0.0
2026-01-23,180400,,5.22,-0.7,,0.7
2026-01-26,180400,,5.22,-0.6,,0.6
2026-01-27,180400,,5.2,0.0,,-0.1
2026-01-28,180400,,5.2,0.0,,-1.0
2026-01-29,180400,,5.2,8.7,,-8.2
2026-01-30,180400,4080.0,5.42,-1.7,,1.7
2026-02-02,180400,,5.38,-5.1,,2.9
2026-02-03,180400,,5.24,-3.3,,2.8
2026-02-04,180400,,5.15,0.2,,-0.2
2026-02-05,180400,,5.16,2.8,,0.5
2026-02-06,180400,,5.23,2.5,,-0.8
2026-02-09,180400,,5.29,-3.4,,6.5
2026-02-10,180400,,5.21,13.1,,-13.2
2026-02-11,180400,,5.5,-1.1,,1.2
2026-02-12,180400,,5.48,3.1,,-3.0
2026-02-13,180400,,5.54,-5.0,0.1,4.9
2026-02-19,180400,,5.44,0.1,,0.4
2026-02-20,180400,,5.44,2.4,,-2.4
2026-02-23,180400,,5.48,-0.7,,0.7
2026-02-24,180400,,5.46,1.5,,-1.4
2026-02-25,180400,,5.49,3.1,,-2.7
2026-02-26,180400,,5.55,1.0,,-1.0
2026-02-27,180400,4610.0,5.57,-1.9,,1.8
2026-03-03,180400,,5.53,1.6,,-2.0
2026-03-04,180400,,5.57,6.5,,-6.4
2026-03-05,180400,,5.74,1.8,,-1.8
2026-03-06,180400,,5.79,0.1,,-0.1
2026-03-09,180400,,5.79,0.4,,-0.4
2026-03-10,180400,,5.8,-2.3,,2.3
2026-03-11,180400,,5.75,-0.3,,0.3
2026-03-12,180400,,5.74,-2.5,,2.5
2026-03-13,180400,,5.68,0.1,-0.2,0.0
2026-03-16,180400,,5.68,-1.9,,1.6
2026-03-17,180400,,5.64,1.3,,-1.1
2026-03-18,180400,,5.67,-2.9,,2.0
2026-03-19,180400,,5.43,0.5,,-0.9
2026-03-20,180400,,5.44,7.6,,-5.5
2026-03-23,180400,,5.6,-1.6,,1.6
2026-03-24,180400,,5.57,-8.6,,8.4
2026-03-25,180400,,5.38,0.0,,-0.5
2026-03-26,180400,,5.38,-1.0,,1.0
2026-03-27,180400,,5.36,1.2,,-1.2
2026-03-30,180400,,5.39,7.5,,-7.5
2026-03-31,180400,4900.0,5.54,-0.3,,0.0
2026-04-01,180400,,5.53,1.5,,-0.7
2026-04-02,180400,,5.56,-8.1,,7.5
2026-04-03,180400,,5.39,-7.6,,8.0
2026-04-06,180400,,5.29,-3.8,,4.1
2026-04-07,180400,,5.2,-0.8,,1.0
2026-04-08,180400,,5.19,6.6,,-5.2
2026-04-09,180400,,5.32,-0.1,,0.1
2026-04-10,180400,,5.32,0.5,,-0.5
2026-04-13,180400,,5.33,-0.5,,0.0
2026-04-14,180400,,5.32,0.4,,-0.9
2026-04-15,180400,,5.33,5.2,,-4.6
2026-04-16,180400,,5.43,1.1,,-1.3
2026-04-17,180400,,5.46,2.5,,-2.5
2026-04-20,180400,,5.51,5.7,,-6.5
2026-04-21,180400,,5.62,-13.0,,12.6
2026-04-22,180400,,5.35,-2.9,,2.9
2026-04-23,180400,,5.02,-0.6,,0.6
2026-04-24,180400,,5.01,5.4,,-4.5
2026-04-27,180400,,5.12,-3.0,,3.2
2026-04-28,180400,,5.05,1.5,,-2.0
2026-04-29,180400,,5.08,1.8,,-1.6
2026-04-30,180400,4625.0,5.12,-0.6,,0.1
2026-05-04,180400,,5.11,-5.5,-0.0,5.2
2026-05-06,180400,,4.98,0.0,-0.0,-1.1
2026-05-07,180400,,4.98,-0.4,-0.0,-1.1
2026-05-08,180400,,4.97,-0.3,-0.0,-0.1
2026-05-11,180400,,4.97,1.7,0.0,-1.6
2026-05-12,180400,,5.01,0.6,0.2,-0.8
2026-05-13,180400,,5.02,0.0,0.0,-0.0
2026-05-14,180400,,5.02,-0.9,-0.0,0.9
2026-05-15,180400,,5.0,0.1,-0.0,-0.2
2026-05-18,180400,,4.96,1.2,0.0,-1.2
2026-05-19,180400,,4.99,2.2,-0.0,-2.1
2026-05-20,180400,,5.06,1.3,-0.0,-1.3
2026-05-21,180400,,5.1,-0.8,0.0,0.6
2026-05-22,180400,,5.07,0.3,,-0.5
2026-05-26,180400,,5.08,-1.4,-0.0,1.5
2026-05-27,180400,,5.04,0.6,0.0,-0.7
2026-05-28,180400,,5.09,0.7,-0.0,-0.8
2026-05-29,180400,3000.0,5.09,-0.8,0.0,0.8
2026-06-01,180400,,5.07,0.6,-0.0,-0.8
2026-06-02,180400,,5.09,0.1,-0.0,0.9
2026-06-04,180400,,5.1,-0.7,0.0,0.5
2026-06-05,180400,,5.08,0.7,-0.0,-1.1
2026-06-08,180400,,5.11,0.2,0.0,-0.3
2026-06-09,180400,,5.12,0.4,-0.0,-0.3
2026-06-10,180400,,5.13,0.2,0.0,-0.6
2026-06-11,180400,,5.14,0.6,-0.0,-0.6
2026-06-12,180400,,5.16,-0.4,0.0,0.4
2026-06-15,180400,,5.14,0.8,-0.0,-0.9
2026-06-16,180400,,5.16,0.4,-0.0,-0.3
2026-06-17,180400,,5.19,-0.2,-0.0,0.2
2026-06-18,180400,,5.18,0.8,-0.1,-0.7
2026-06-19,180400,,5.16,0.2,-0.0,0.2
2026-06-22,180400,,5.17,0.2,0.0,-0.2
2026-06-23,180400,,5.18,0.9,0.0,-0.9
2026-06-24,180400,,5.23,-0.2,-0.0,0.1
2026-06-25,180400,,5.22,0.2,0.0,-0.3
2026-06-26,180400,,5.23,0.6,0.0,-0.8
2026-06-29,180400,,5.26,0.2,-0.0,-0.3
2026-06-30,180400,2250.0,5.27,-0.3,0.0,0.3
2026-07-01,180400,,5.26,0.0,-0.0,-0.0
2026-07-02,180400,,5.26,0.0,-0.0,-0.0
2026-07-03,180400,,5.26,-0.7,-0.0,0.7
2026-07-06,180400,,5.23,-1.5,-0.0,1.4
2026-07-07,180400,,5.17,-1.4,0.0,1.4
2026-07-08,180400,,5.11,-1.0,-0.0,1.0
2026-07-09,180400,,5.07,-0.7,,0.7
2026-07-10,180400,,5.04,-0.5,0.0,0.5
2026-07-13,180400,2305.0,5.02,0.0,-0.0,-0.0
2025-07-14,180640,,20.72,13.0,-1.1,-12.1
2025-07-15,180640,,20.73,12.8,11.5,-25.0
2025-07-16,180640,,20.75,4.9,-22.3,17.3
2025-07-17,180640,,20.75,8.4,-6.5,-3.5
2025-07-18,180640,,20.77,-3.0,0.7,-0.4
2025-07-21,180640,,20.77,5.5,-10.4,4.8
2025-07-22,180640,,20.78,4.2,-5.3,1.2
2025-07-23,180640,,20.78,7.8,-10.9,2.8
2025-07-24,180640,,20.8,-6.0,-6.3,11.9
2025-07-25,180640,,20.8,13.4,-12.6,-0.9
2025-07-28,180640,,20.81,1.8,-7.8,5.4
2025-07-29,180640,,20.81,9.3,-8.3,-0.8
2025-07-30,180640,,20.81,4.5,-4.7,0.3
2025-07-31,180640,,20.81,19.3,-12.6,-1.5
2025-08-01,180640,,20.88,6.0,-13.8,6.2
2025-08-04,180640,,20.88,1.4,0.4,-1.6
2025-08-05,180640,,20.89,4.6,-5.5,0.7
2025-08-06,180640,,20.89,-32.3,33.9,-3.2
2025-08-07,180640,,20.86,-10.0,17.6,-92.7
2025-08-08,180640,,20.84,-10.9,21.5,-11.4
2025-08-11,180640,,20.84,-0.4,1.0,-0.7
2025-08-12,180640,,20.84,4.2,-7.6,3.2
2025-08-13,180640,,20.84,-5.7,13.0,-8.6
2025-08-14,180640,,20.84,35.4,-30.9,-4.3
2025-08-18,180640,,20.88,-16.7,9.8,7.6
2025-08-19,180640,,20.86,-11.8,12.6,-0.8
2025-08-20,180640,,20.88,-24.2,11.9,12.2
2025-08-21,180640,,20.84,-1.1,-2.2,3.3
2025-08-22,180640,,20.84,-0.9,12.7,-11.7
2025-08-25,180640,,20.84,-14.3,18.7,-4.0
2025-08-26,180640,,20.83,3.1,-4.3,1.2
2025-08-27,180640,,20.84,-8.6,-12.7,21.0
2025-08-28,180640,,20.81,-3.2,18.0,-12.0
2025-08-29,180640,111800.0,20.81,-14.7,12.8,0.9
2025-09-01,180640,,20.8,3.8,-8.6,0.3
2025-09-02,180640,,20.8,11.3,-15.9,4.5
2025-09-03,180640,,20.81,11.9,-14.1,2.1
2025-09-04,180640,,20.81,13.1,-8.4,-4.7
2025-09-05,180640,,20.83,-8.6,-2.1,10.7
2025-09-08,180640,,20.81,0.6,-0.7,0.1
2025-09-09,180640,,20.81,-5.5,6.3,-0.8
2025-09-10,180640,,20.8,-23.1,30.6,-8.1
2025-09-11,180640,,20.77,-20.0,17.0,3.1
2025-09-12,180640,,20.73,-11.9,7.1,4.6
2025-09-15,180640,,20.73,-3.3,40.6,-37.3
2025-09-16,180640,,20.73,-5.5,4.5,1.4
2025-09-17,180640,,20.73,0.5,3.9,-4.2
2025-09-18,180640,,20.73,-19.8,-4.5,23.8
2025-09-19,180640,,20.72,-27.4,-27.4,53.9
2025-09-22,180640,,20.69,-40.6,0.0,40.2
2025-09-23,180640,,20.62,-10.8,-15.4,26.5
2025-09-24,180640,,20.61,-10.2,-9.3,19.5
2025-09-25,180640,,20.59,-4.8,3.1,1.7
2025-09-26,180640,,20.59,-3.4,-9.0,12.6
2025-09-29,180640,,20.7,1.1,0.5,-1.0
2025-09-30,180640,100500.0,20.69,0.8,0.1,-1.0
2025-10-01,180640,,20.69,-30.1,-1.8,31.6
2025-10-02,180640,,20.64,1.7,10.7,-12.2
2025-10-10,180640,,20.66,18.4,-21.1,2.6
2025-10-13,180640,,20.69,15.3,-15.7,1.5
2025-10-14,180640,,20.7,11.6,-10.1,-1.5
2025-10-15,180640,,20.73,-7.3,7.6,-0.3
2025-10-16,180640,,20.72,-24.2,32.7,-8.4
2025-10-17,180640,,20.67,0.5,-3.2,2.7
2025-10-20,180640,,20.67,-12.0,14.2,-2.2
2025-10-21,180640,,20.66,-8.2,8.3,0.0
2025-10-22,180640,,20.62,-12.0,18.4,-6.5
2025-10-23,180640,,20.61,8.5,-9.9,1.1
2025-10-24,180640,,20.62,-12.2,12.4,-0.1
2025-10-27,180640,,20.62,-7.4,12.5,-13.1
2025-10-28,180640,,20.62,-40.7,61.1,-24.0
2025-10-29,180640,,20.59,3.5,30.3,-33.8
2025-10-30,180640,,20.59,14.5,39.4,-53.8
2025-10-31,180640,104700.0,20.64,-29.1,-17.6,40.1
2025-11-03,180640,,20.58,-10.6,-2.4,7.2
2025-11-04,180640,,20.59,12.8,-2.2,-11.2
2025-11-05,180640,,20.62,-8.5,-0.9,7.0
2025-11-06,180640,,20.59,-1.1,16.9,-16.4
2025-11-07,180640,,20.62,-14.3,3.3,9.6
2025-11-10,180640,,20.61,-2.5,19.8,-14.7
2025-11-11,180640,,20.61,-8.2,-5.5,12.5
2025-11-12,180640,,20.58,3.2,8.6,-11.9
2025-11-13,180640,,20.59,11.7,3.9,-16.8
2025-11-14,180640,,20.62,-5.5,-37.4,16.2
2025-11-17,180640,,20.59,-18.5,-32.5,30.2
2025-11-18,180640,,20.56,-27.6,-24.6,37.7
2025-11-19,180640,,20.53,9.7,6.9,-16.8
2025-11-20,180640,,20.55,4.1,6.1,-23.6
2025-11-21,180640,,20.58,-5.8,10.3,-7.0
2025-11-24,180640,,20.56,31.3,50.0,-81.1
2025-11-25,180640,,20.62,-37.7,-4.6,28.0
2025-11-26,180640,,20.44,-27.3,12.2,14.1
2025-11-27,180640,,20.41,-8.9,-1.6,6.0
2025-11-28,180640,102400.0,20.44,-10.9,23.1,-11.6
2025-12-01,180640,,20.42,-2.2,-2.5,4.4
2025-12-02,180640,,20.41,11.0,-5.8,-5.2
2025-12-03,180640,,20.42,-5.5,14.9,-13.3
2025-12-04,180640,,20.44,-9.7,-3.1,9.5
2025-12-05,180640,,20.42,-9.8,13.6,-10.0
2025-12-08,180640,,20.41,0.1,-10.0,3.8
2025-12-09,180640,,20.41,7.1,12.4,-22.4
2025-12-10,180640,,20.44,3.9,-11.4,5.7
2025-12-11,180640,,20.44,63.7,-62.7,-4.3
2025-12-12,180640,,20.61,25.7,72.3,-98.0
2025-12-15,180640,,20.64,-137.7,-12.3,139.0
2025-12-16,180640,,20.38,-9.8,7.2,-8.7
2025-12-17,180640,,20.36,1.0,20.0,-21.8
2025-12-18,180640,,20.38,-1.7,-0.2,-1.9
2025-12-19,180640,,20.36,-13.6,24.3,-14.3
2025-12-22,180640,,20.31,-11.8,21.9,-16.2
2025-12-23,180640,,20.3,-19.0,29.9,-14.8
2025-12-24,180640,,20.31,-19.5,3.3,14.6
2025-12-26,180640,,20.27,-23.0,1.6,9.1
2025-12-29,180640,,20.22,2.8,0.6,-12.7
2025-12-30,180640,124000.0,20.22,-29.8,8.7,-4.2
2026-01-02,180640,,20.16,-9.7,-7.2,14.8
2026-01-05,180640,,20.16,3.2,-32.6,21.5
2026-01-06,180640,,20.16,14.1,-10.7,-8.0
2026-01-07,180640,,20.19,19.7,-44.7,19.0
2026-01-08,180640,,20.2,19.2,-25.4,2.6
2026-01-09,180640,,20.23,-12.3,10.8,-0.4
2026-01-12,180640,,20.23,13.3,3.7,-17.2
2026-01-13,180640,,20.25,-3.2,8.1,-4.5
2026-01-14,180640,,20.25,-0.0,6.2,-5.7
2026-01-15,180640,,20.27,-15.6,39.2,-22.9
2026-01-16,180640,,20.27,7.8,29.9,-35.0
2026-01-19,180640,,20.27,0.6,-4.3,5.4
2026-01-20,180640,,20.27,13.9,0.9,-12.3
2026-01-21,180640,,20.3,3.5,-1.2,-2.6
2026-01-22,180640,,20.3,16.4,-4.1,-9.2
2026-01-23,180640,,20.31,8.4,4.5,-12.9
2026-01-26,180640,,20.33,5.8,-34.6,30.2
2026-01-27,180640,,20.31,-17.8,-16.1,33.0
2026-01-28,180640,,20.3,-7.9,-48.8,56.1
2026-01-29,180640,,20.28,-19.3,-5.8,24.6
2026-01-30,180640,112900.0,20.25,-22.4,-20.0,41.0
2026-02-02,180640,,20.23,-8.9,-22.0,29.8
2026-02-03,180640,,20.2,-13.6,27.1,-14.0
2026-02-04,180640,,20.19,19.3,31.8,-50.4
2026-02-05,180640,,20.23,16.4,-17.5,-0.7
2026-02-06,180640,,20.27,-31.0,1.5,28.9
2026-02-09,180640,,20.2,-2.2,31.8,-28.5
2026-02-10,180640,,20.22,30.4,42.8,-72.9
2026-02-11,180640,,20.27,14.2,7.6,-19.2
2026-02-12,180640,,20.28,15.8,20.3,-35.6
2026-02-13,180640,,20.3,3.6,96.2,-93.4
2026-02-19,180640,,20.31,68.3,23.7,-86.3
2026-02-20,180640,,20.39,29.1,46.8,-75.9
2026-02-23,180640,,20.42,43.3,1.6,-44.0
2026-02-24,180640,,20.45,56.9,23.9,-81.1
2026-02-25,180640,,20.53,38.9,18.2,-48.6
2026-02-26,180640,,20.56,85.5,-18.9,-42.1
2026-02-27,180640,156300.0,20.67,11.2,-30.1,28.9
2026-03-03,180640,,20.69,5.3,-64.0,57.4
2026-03-04,180640,,20.69,12.9,-51.3,37.9
2026-03-05,180640,,20.7,-9.1,-25.5,33.5
2026-03-06,180640,,20.73,-19.7,-17.3,36.9
2026-03-09,180640,,20.7,-18.8,-33.2,51.6
2026-03-10,180640,,20.69,15.0,2.7,-17.7
2026-03-11,180640,,20.7,-57.6,20.4,36.9
2026-03-12,180640,,20.62,-39.7,24.0,15.5
2026-03-13,180640,,20.56,-20.9,-48.2,68.4
2026-03-16,180640,,20.55,14.7,-14.9,0.1
2026-03-17,180640,,20.56,-14.1,5.5,7.7
2026-03-18,180640,,20.55,-23.3,50.7,-24.8
2026-03-19,180640,,20.52,-127.0,-69.4,193.9
2026-03-20,180640,,20.38,9.7,-0.8,-8.7
2026-03-23,180640,,20.38,-36.7,-63.0,74.1
2026-03-24,180640,,20.33,-14.4,18.4,-4.2
2026-03-25,180640,,20.31,26.8,36.1,-36.6
2026-03-26,180640,,20.34,-27.4,3.5,22.3
2026-03-27,180640,,20.31,-21.2,0.2,21.0
2026-03-30,180640,,20.3,-17.0,2.1,14.4
2026-03-31,180640,107800.0,20.27,-27.2,22.0,1.4
2026-04-01,180640,,20.23,-16.6,53.6,-36.9
2026-04-02,180640,,20.22,-2.7,-26.2,12.7
2026-04-03,180640,,20.22,-13.8,-13.9,25.3
2026-04-06,180640,,20.2,-43.8,1.1,35.1
2026-04-07,180640,,20.16,8.6,-23.9,10.7
2026-04-08,180640,,20.06,21.1,33.6,-48.1
2026-04-09,180640,,20.11,-60.8,-2.1,35.6
2026-04-10,180640,,19.94,43.8,2.4,-49.3
2026-04-13,180640,,20.02,-37.4,-30.7,67.8
2026-04-14,180640,,19.94,-36.3,18.8,17.3
2026-04-15,180640,,19.89,-3.1,22.3,-19.8
2026-04-16,180640,,19.89,-10.0,15.7,-5.8
2026-04-17,180640,,19.88,-3.1,-8.8,11.1
2026-04-20,180640,,19.88,10.2,-13.5,3.0
2026-04-21,180640,,19.91,31.8,-0.2,-30.6
2026-04-22,180640,,19.95,5.3,-34.5,28.5
2026-04-23,180640,,19.95,-9.4,-51.8,60.3
2026-04-24,180640,,19.94,-11.5,-5.6,15.4
2026-04-27,180640,,19.92,1.3,-1.1,0.1
2026-04-28,180640,,19.92,-18.9,-15.4,33.9
2026-04-29,180640,,19.84,15.0,-32.5,17.5
2026-04-30,180640,112700.0,19.88,-30.9,3.0,21.5
2026-05-04,180640,,19.8,-10.7,-10.8,21.5
2026-05-06,180640,,19.8,-1.1,-62.5,51.3
2026-05-07,180640,,19.8,6.5,23.3,-34.6
2026-05-08,180640,,19.83,7.4,7.8,-16.1
2026-05-11,180640,,19.84,-14.3,-16.1,26.0
2026-05-12,180640,,19.81,-27.4,-7.0,8.7
2026-05-13,180640,,19.77,21.1,-2.5,-36.3
2026-05-14,180640,,19.81,135.5,4.7,-141.1
2026-05-15,180640,,20.02,11.9,6.1,-16.7
2026-05-18,180640,,20.17,-35.8,-5.1,30.6
2026-05-19,180640,,20.11,-14.9,3.8,-0.3
2026-05-20,180640,,20.11,-0.6,-17.2,6.5
2026-05-21,180640,,20.09,40.1,3.3,-48.5
2026-05-22,180640,,20.17,-4.4,7.1,-7.6
2026-05-26,180640,,20.09,2.4,-4.1,1.4
2026-05-27,180640,,20.16,-26.4,-27.4,34.1
2026-05-28,180640,,20.11,-84.6,-23.9,61.9
2026-05-29,180640,110100.0,19.98,9.8,-9.0,-30.7
2026-06-01,180640,,20.02,-11.4,40.7,-35.3
2026-06-02,180640,,20.0,-22.4,12.2,0.5
2026-06-04,180640,,19.69,49.8,15.2,-70.3
2026-06-05,180640,,19.78,-23.1,-2.1,8.1
2026-06-08,180640,,19.8,-18.9,-26.8,32.9
2026-06-09,180640,,19.73,11.1,-0.4,-22.9
2026-06-10,180640,,19.77,-0.7,9.8,-17.4
2026-06-11,180640,,19.67,27.8,-50.6,-1.6
2026-06-12,180640,,19.67,-11.2,13.2,-11.3
2026-06-15,180640,,19.67,9.5,53.5,-61.0
2026-06-16,180640,,19.7,-3.6,6.6,-3.0
2026-06-17,180640,,19.69,0.8,-21.5,18.9
2026-06-18,180640,,19.69,8.2,-13.4,-0.1
2026-06-19,180640,,19.69,7.6,-6.7,-15.8
2026-06-22,180640,,19.78,-7.5,-19.5,11.4
2026-06-23,180640,,19.72,-14.8,-22.9,18.9
2026-06-24,180640,,19.69,-3.7,-2.6,-0.6
2026-06-25,180640,,19.69,10.0,7.2,-32.7
2026-06-26,180640,,19.72,-17.8,-12.7,16.2
2026-06-29,180640,,19.69,-21.9,11.8,3.2
2026-06-30,180640,118000.0,19.66,-27.5,7.8,-4.2
2026-07-01,180640,,19.62,-9.5,7.9,-10.2
2026-07-02,180640,,19.61,-42.7,59.7,-54.2
2026-07-03,180640,,19.58,-37.0,24.4,-8.6
2026-07-06,180640,,19.52,-6.2,-25.8,12.6
2026-07-07,180640,,19.52,-36.1,34.7,-3.7
2026-07-08,180640,,19.45,-61.2,47.0,-6.2
2026-07-09,180640,,19.38,-57.5,-11.9,12.7
2026-07-10,180640,,19.3,-0.7,-9.0,-5.3
2026-07-13,180640,131600.0,19.16,-103.3,42.3,4.8
2025-07-14,18064K,,10.34,1.1,-0.0,-1.0
2025-07-15,18064K,,10.83,0.0,-0.0,0.0
2025-07-16,18064K,,10.84,-0.4,0.0,0.4
2025-07-17,18064K,,10.63,0.0,-0.0,-0.0
2025-07-18,18064K,,10.64,-2.8,0.0,2.9
2025-07-21,18064K,,10.27,0.5,0.0,-0.5
2025-07-22,18064K,,10.49,0.1,,-0.1
2025-07-23,18064K,,10.53,0.4,-0.0,-0.4
2025-07-24,18064K,,10.75,0.3,0.0,-0.3
2025-07-25,18064K,,10.89,-0.0,0.0,0.0
2025-07-28,18064K,,10.88,-0.2,0.0,0.2
2025-07-29,18064K,,10.76,0.1,0.0,-0.1
2025-07-30,18064K,,10.81,0.5,0.0,-0.5
2025-07-31,18064K,,11.06,0.3,0.0,-0.3
2025-08-01,18064K,,11.02,0.6,0.0,-0.6
2025-08-04,18064K,,11.37,0.3,0.0,-0.3
2025-08-05,18064K,,11.55,0.1,0.0,-0.1
2025-08-06,18064K,,11.59,0.7,-0.0,-0.6
2025-08-07,18064K,,11.79,1.7,0.0,-1.6
2025-08-08,18064K,,12.61,3.8,0.0,-3.4
2025-08-11,18064K,,14.37,1.2,0.0,-1.5
2025-08-12,18064K,,14.95,0.7,0.0,-0.8
2025-08-13,18064K,,15.15,0.7,-0.0,-0.7
2025-08-14,18064K,,15.48,0.1,,-0.1
2025-08-18,18064K,,15.53,0.1,0.0,-0.1
2025-08-19,18064K,,15.59,0.3,0.0,-0.3
2025-08-20,18064K,,15.72,-0.1,-0.0,0.2
2025-08-21,18064K,,15.67,-0.1,-0.0,0.2
2025-08-22,18064K,,15.62,0.1,,-0.1
2025-08-25,18064K,,15.64,0.3,0.0,-0.3
2025-08-26,18064K,,15.8,0.0,0.0,0.0
2025-08-27,18064K,,15.8,-0.4,0.0,0.3
2025-08-28,18064K,,15.63,-0.1,,0.0
2025-08-29,18064K,37950.0,15.57,0.0,,-0.0
2025-09-01,18064K,,15.58,0.1,,-0.1
2025-09-02,18064K,,15.62,0.2,-0.0,-0.1
2025-09-03,18064K,,15.74,0.0,0.0,0.0
2025-09-04,18064K,,15.75,0.0,0.0,-0.0
2025-09-05,18064K,,15.75,0.1,0.0,-0.1
2025-09-08,18064K,,15.82,-0.1,0.0,0.2
2025-09-09,18064K,,15.76,-0.0,0.0,0.0
2025-09-10,18064K,,15.75,0.3,-0.0,-0.4
2025-09-11,18064K,,15.9,-0.0,,0.0
2025-09-12,18064K,,15.88,0.2,0.0,0.0
2025-09-15,18064K,,15.96,0.5,-0.0,-0.6
2025-09-16,18064K,,16.23,0.5,0.0,-0.4
2025-09-17,18064K,,16.47,0.2,0.0,-0.2
2025-09-18,18064K,,16.55,0.0,0.0,0.0
2025-09-19,18064K,,16.55,-0.1,0.0,0.1
2025-09-22,18064K,,16.52,0.0,0.0,-0.1
2025-09-23,18064K,,16.53,-0.2,0.0,0.2
2025-09-24,18064K,,16.44,-0.5,0.0,0.4
2025-09-25,18064K,,16.2,0.1,,-0.1
2025-09-26,18064K,,16.23,-0.0,0.0,0.0
2025-09-29,18064K,,16.08,0.1,-0.0,-0.0
2025-09-30,18064K,32950.0,16.11,-0.0,0.0,0.0
2025-10-01,18064K,,16.11,0.3,0.0,-0.3
2025-10-02,18064K,,16.27,0.1,0.0,-0.1
2025-10-10,18064K,,16.33,0.1,0.0,0.4
2025-10-13,18064K,,16.36,-0.2,-0.0,0.1
2025-10-14,18064K,,16.27,-0.1,0.0,0.1
2025-10-15,18064K,,16.2,0.1,,-0.1
2025-10-16,18064K,,14.54,0.0,0.0,-0.0
2025-10-17,18064K,,14.55,-0.1,0.0,0.1
2025-10-20,18064K,,14.52,-0.0,-0.0,0.0
2025-10-21,18064K,,14.52,-0.1,0.0,0.1
2025-10-22,18064K,,14.49,0.1,-0.0,-0.1
2025-10-23,18064K,,14.56,0.0,0.0,-0.0
2025-10-24,18064K,,16.3,-0.0,-0.1,0.1
2025-10-27,18064K,,16.3,-0.1,0.0,0.1
2025-10-28,18064K,,16.23,-1.5,-0.0,3.5
2025-10-29,18064K,,15.61,0.7,-0.0,-1.2
2025-10-30,18064K,,15.95,0.6,0.0,-0.5
2025-10-31,18064K,34400.0,16.27,-0.3,-0.0,0.3
2025-11-03,18064K,,16.11,0.1,-0.0,-0.1
2025-11-04,18064K,,16.17,0.1,0.0,-0.1
2025-11-05,18064K,,16.25,-0.1,0.0,-0.1
2025-11-06,18064K,,16.2,0.1,-0.0,-0.1
2025-11-07,18064K,,16.25,0.2,0.0,-0.3
2025-11-10,18064K,,16.34,0.3,-0.0,-0.7
2025-11-11,18064K,,16.52,0.0,0.0,-0.2
2025-11-12,18064K,,16.55,-0.0,0.0,0.0
2025-11-13,18064K,,16.53,0.1,0.0,-0.1
2025-11-14,18064K,,16.44,0.1,0.0,-0.1
2025-11-17,18064K,,16.48,0.1,0.0,-0.1
2025-11-18,18064K,,16.52,-0.1,0.0,0.1
2025-11-19,18064K,,16.47,0.1,,-0.1
2025-11-20,18064K,,16.52,0.3,0.0,-0.3
2025-11-21,18064K,,14.96,-0.0,0.0,0.0
2025-11-24,18064K,,14.95,0.6,-0.0,-0.6
2025-11-25,18064K,,15.29,-0.5,0.0,0.5
2025-11-26,18064K,,16.73,0.1,0.0,-0.1
2025-11-27,18064K,,16.77,-0.0,0.0,0.0
2025-11-28,18064K,33700.0,16.77,-0.0,0.0,-0.0
2025-12-01,18064K,,16.77,0.0,0.0,-0.0
2025-12-02,18064K,,16.77,0.0,0.0,-0.0
2025-12-03,18064K,,16.78,-0.1,-0.0,0.1
2025-12-04,18064K,,16.75,0.0,0.0,-0.0
2025-12-05,18064K,,16.77,0.0,0.0,-0.0
2025-12-08,18064K,,16.8,-0.0,0.0,0.0
2025-12-09,18064K,,16.78,0.0,0.0,-0.0
2025-12-10,18064K,,16.8,-0.1,-0.0,0.0
2025-12-11,18064K,,16.77,-0.3,0.0,0.3
2025-12-12,18064K,,16.62,0.4,-0.0,-0.8
2025-12-15,18064K,,16.84,-3.1,-0.0,3.4
2025-12-16,18064K,,15.46,-0.5,0.0,0.5
2025-12-17,18064K,,15.31,-0.0,0.0,0.1
2025-12-18,18064K,,15.32,0.0,0.0,-0.0
2025-12-19,18064K,,15.33,0.0,-0.0,-0.0
2025-12-22,18064K,,15.36,-0.0,-0.0,0.0
2025-12-23,18064K,,15.34,0.3,0.0,-0.5
2025-12-24,18064K,,15.51,-3.0,-0.0,4.6
2025-12-26,18064K,,14.36,-0.3,-0.0,0.7
2025-12-29,18064K,,14.25,-0.6,0.0,0.5
2025-12-30,18064K,42100.0,13.99,0.6,-0.0,-0.7
2026-01-02,18064K,,14.35,-0.5,0.0,0.3
2026-01-05,18064K,,14.12,-0.4,0.0,0.3
2026-01-06,18064K,,13.96,0.9,0.0,-1.0
2026-01-07,18064K,,14.39,0.3,-0.0,-0.3
2026-01-08,18064K,,14.54,0.1,0.0,-0.1
2026-01-09,18064K,,14.6,0.3,0.0,-0.3
2026-01-12,18064K,,14.74,0.1,0.0,-0.1
2026-01-13,18064K,,14.79,0.2,0.0,-0.2
2026-01-14,18064K,,14.88,0.1,-0.0,-0.1
2026-01-15,18064K,,14.95,-0.0,0.0,0.1
2026-01-16,18064K,,14.93,1.1,-0.0,-0.8
2026-01-19,18064K,,15.42,0.0,0.0,-0.0
2026-01-20,18064K,,15.43,0.4,0.0,-0.5
2026-01-21,18064K,,15.61,-0.2,0.0,0.1
2026-01-22,18064K,,15.53,0.5,0.0,-0.5
2026-01-23,18064K,,15.76,0.4,0.0,-0.4
2026-01-26,18064K,,15.92,0.0,0.0,0.0
2026-01-27,18064K,,15.92,-0.5,-0.0,0.4
2026-01-28,18064K,,15.71,-0.3,0.0,0.3
2026-01-29,18064K,,15.57,0.0,0.0,0.0
2026-01-30,18064K,38500.0,15.58,-0.1,0.0,0.1
2026-02-02,18064K,,15.51,0.1,0.0,-0.1
2026-02-03,18064K,,15.56,-0.2,-0.0,0.2
2026-02-04,18064K,,15.44,0.3,0.0,-0.2
2026-02-05,18064K,,15.57,0.1,0.0,-0.1
2026-02-06,18064K,,15.59,0.0,-0.0,0.0
2026-02-09,18064K,,15.61,0.2,0.0,-0.2
2026-02-10,18064K,,15.68,0.7,-0.0,-0.7
2026-02-11,18064K,,16.02,-0.2,0.0,0.2
2026-02-12,18064K,,15.94,0.0,0.0,0.0
2026-02-13,18064K,,15.94,0.1,-0.0,-0.1
2026-02-19,18064K,,16.02,2.2,-0.0,-2.2
2026-02-20,18064K,,17.02,0.2,-0.0,-0.2
2026-02-23,18064K,,17.09,0.0,0.0,-0.1
2026-02-24,18064K,,17.09,1.8,-0.0,-1.7
2026-02-25,18064K,,17.88,1.1,0.0,-1.4
2026-02-26,18064K,,18.38,1.1,-0.0,-0.9
2026-02-27,18064K,42100.0,18.84,0.9,0.0,-0.9
2026-03-03,18064K,,19.27,1.7,0.0,-1.7
2026-03-04,18064K,,20.05,0.5,0.0,-0.5
2026-03-05,18064K,,20.27,-1.6,0.0,1.6
2026-03-06,18064K,,19.48,-1.0,-0.0,1.0
2026-03-09,18064K,,19.0,-0.8,0.0,0.8
2026-03-10,18064K,,18.56,-0.3,0.0,0.3
2026-03-11,18064K,,18.41,-0.0,0.0,0.0
2026-03-12,18064K,,18.39,-0.0,0.0,0.0
2026-03-13,18064K,,18.38,-0.8,0.0,0.8
2026-03-16,18064K,,17.94,-0.1,0.0,0.1
2026-03-17,18064K,,17.91,0.1,0.0,-0.1
2026-03-18,18064K,,17.95,0.0,0.0,-0.0
2026-03-19,18064K,,17.97,-3.2,-0.0,3.2
2026-03-20,18064K,,16.42,0.2,-0.0,-0.2
2026-03-23,18064K,,16.52,-0.1,0.0,0.1
2026-03-24,18064K,,16.45,0.0,0.0,-0.0
2026-03-25,18064K,,16.48,0.2,-0.0,-0.2
2026-03-26,18064K,,16.59,0.3,0.0,-0.3
2026-03-27,18064K,,16.77,0.0,0.0,0.0
2026-03-30,18064K,,16.77,-1.5,0.0,1.5
2026-03-31,18064K,30300.0,15.91,-1.6,0.0,1.1
2026-04-01,18064K,,14.95,0.2,,-0.2
2026-04-02,18064K,,15.04,0.1,0.0,-0.1
2026-04-03,18064K,,15.11,0.0,0.0,-0.0
2026-04-06,18064K,,15.12,-0.6,0.0,0.6
2026-04-07,18064K,,14.75,0.0,0.0,-0.0
2026-04-08,18064K,,14.76,-0.1,0.0,0.1
2026-04-09,18064K,,14.72,0.0,0.0,-0.0
2026-04-10,18064K,,14.73,0.1,0.0,-0.1
2026-04-13,18064K,,14.81,-0.0,0.0,0.0
2026-04-14,18064K,,14.79,0.0,0.0,-0.0
2026-04-15,18064K,,14.8,-0.1,0.0,0.1
2026-04-16,18064K,,14.75,0.0,-0.0,0.0
2026-04-17,18064K,,14.76,0.0,0.0,-0.0
2026-04-20,18064K,,14.77,-0.1,0.0,0.1
2026-04-21,18064K,,14.73,0.0,0.0,-0.1
2026-04-22,18064K,,14.75,-0.0,0.0,0.0
2026-04-23,18064K,,14.74,0.2,0.0,-0.1
2026-04-24,18064K,,14.83,0.3,0.0,-0.3
2026-04-27,18064K,,14.97,0.1,0.0,-0.1
2026-04-28,18064K,,15.0,0.0,,-0.1
2026-04-29,18064K,,15.03,-0.0,0.0,-0.0
2026-04-30,18064K,33000.0,15.02,-0.0,0.0,0.0
2026-05-04,18064K,,15.01,-0.1,,0.1
2026-05-06,18064K,,14.95,-0.0,0.0,0.0
2026-05-07,18064K,,14.93,0.0,0.0,-0.1
2026-05-08,18064K,,14.95,-0.0,0.0,0.0
2026-05-11,18064K,,14.95,0.1,0.0,-0.1
2026-05-12,18064K,,15.0,-0.3,0.0,0.3
2026-05-13,18064K,,14.81,-0.1,0.0,0.1
2026-05-14,18064K,,14.76,-0.2,-0.0,0.1
2026-05-15,18064K,,14.66,0.1,0.0,-0.2
2026-05-18,18064K,,14.74,-0.0,-0.0,0.0
2026-05-19,18064K,,14.72,0.2,0.0,-0.2
2026-05-20,18064K,,14.86,-0.1,0.0,0.1
2026-05-21,18064K,,14.82,-0.0,-0.0,0.0
2026-05-22,18064K,,14.82,0.0,-0.0,-0.0
2026-05-26,18064K,,14.84,-0.0,0.0,0.0
2026-05-27,18064K,,14.83,0.3,0.0,-0.3
2026-05-28,18064K,,15.02,-0.1,-0.0,0.1
2026-05-29,18064K,29400.0,14.96,-0.0,-0.0,0.0
2026-06-01,18064K,,14.94,-0.0,-0.0,0.0
2026-06-02,18064K,,14.93,-0.1,0.0,0.1
2026-06-04,18064K,,14.87,-0.0,0.0,0.0
2026-06-05,18064K,,14.86,-0.0,-0.0,0.0
2026-06-08,18064K,,14.83,-0.2,0.0,0.2
2026-06-09,18064K,,14.73,0.0,-0.0,-0.0
2026-06-10,18064K,,14.73,-0.2,0.0,0.2
2026-06-11,18064K,,14.57,0.0,0.0,-0.0
2026-06-12,18064K,,14.59,-0.0,,0.0
2026-06-15,18064K,,14.57,-0.1,-0.0,0.1
2026-06-16,18064K,,14.52,-0.3,0.0,0.3
2026-06-17,18064K,,14.35,-0.1,0.0,0.1
2026-06-18,18064K,,14.3,-0.1,-0.0,0.1
2026-06-19,18064K,,14.27,-0.2,0.0,0.2
2026-06-22,18064K,,14.17,0.0,-0.0,-0.1
2026-06-23,18064K,,14.2,-0.1,0.0,0.1
2026-06-24,18064K,,14.12,-0.1,0.0,-0.0
2026-06-25,18064K,,14.05,0.1,0.0,-0.1
2026-06-26,18064K,,14.09,0.2,0.0,-0.1
2026-06-29,18064K,,14.2,0.0,-0.0,0.0
2026-06-30,18064K,27900.0,14.22,0.0,-0.0,-0.0
2026-07-01,18064K,,14.24,-0.1,-0.0,0.0
2026-07-02,18064K,,14.2,0.0,0.0,-0.3
2026-07-03,18064K,,14.21,-0.0,-0.0,-0.0
2026-07-06,18064K,,14.21,-0.2,0.0,0.1
2026-07-07,18064K,,14.12,-0.1,0.0,0.1
2026-07-08,18064K,,14.06,0.0,0.0,0.0
2026-07-09,18064K,,14.06,-0.1,0.0,0.1
2026-07-10,18064K,,13.99,-0.0,0.0,-0.1
2026-07-13,18064K,28850.0,13.99,-1.3,0.0,1.1
2025-12-30,181340,,,,,
2026-01-30,181340,,,,,
2026-02-27,181340,,,,,
2026-03-31,181340,,,,,
2026-04-30,181340,,,,,
2026-05-29,181340,,,,,
2026-06-30,181340,,,,,
2026-07-13,181340,,,,,
2025-07-14,181710,,10.37,-9.5,0.6,8.9
2025-07-15,181710,,10.27,10.5,-3.0,-7.5
2025-07-16,181710,,10.4,5.0,-4.0,-1.4
2025-07-17,181710,,10.44,2.7,0.3,-2.9
2025-07-18,181710,,10.46,0.4,2.9,-3.2
2025-07-21,181710,,10.47,1.3,0.9,-2.2
2025-07-22,181710,,10.48,7.0,-3.6,-3.5
2025-07-23,181710,,10.55,-4.4,-2.5,6.9
2025-07-24,181710,,10.5,2.8,-7.9,5.4
2025-07-25,181710,,10.53,4.2,0.0,-4.4
2025-07-28,181710,,10.58,-7.9,5.5,3.1
2025-07-29,181710,,10.51,-81.2,-4.7,85.1
2025-07-30,181710,,9.36,22.2,-42.9,19.4
2025-07-31,181710,,9.62,20.5,-13.4,-6.8
2025-08-01,181710,,9.89,11.9,-15.5,3.5
2025-08-04,181710,,10.02,16.8,-0.7,-16.4
2025-08-05,181710,,10.21,19.4,-12.0,-7.3
2025-08-06,181710,,10.38,10.1,-17.2,7.2
2025-08-07,181710,,10.48,13.8,-18.1,4.1
2025-08-08,181710,,10.63,7.5,-0.5,-6.8
2025-08-11,181710,,10.72,2.1,-2.7,0.7
2025-08-12,181710,,10.73,-9.9,-8.9,18.5
2025-08-13,181710,,10.61,-1.2,1.7,-0.5
2025-08-14,181710,,10.6,0.7,0.1,-0.8
2025-08-18,181710,,10.61,-0.0,-1.5,1.6
2025-08-19,181710,,10.62,-1.4,2.7,-1.3
2025-08-20,181710,,10.62,2.6,0.0,-2.7
2025-08-21,181710,,10.66,1.2,-0.3,-1.0
2025-08-22,181710,,10.68,2.4,-6.6,4.2
2025-08-25,181710,,10.7,6.9,-4.7,-2.3
2025-08-26,181710,,10.79,8.3,-4.7,-3.5
2025-08-27,181710,,10.96,0.7,-8.8,7.8
2025-08-28,181710,,10.95,-2.1,-2.7,4.8
2025-08-29,181710,26000.0,10.92,0.6,-0.0,-0.6
2025-09-01,181710,,10.93,0.2,-2.1,1.9
2025-09-02,181710,,10.9,-1.0,0.0,0.9
2025-09-03,181710,,10.9,0.3,-0.7,0.4
2025-09-04,181710,,10.9,0.8,-1.1,0.2
2025-09-05,181710,,10.92,2.2,-4.0,1.8
2025-09-08,181710,,10.96,0.0,0.2,-0.2
2025-09-09,181710,,10.96,1.2,0.2,-1.4
2025-09-10,181710,,10.98,-6.9,8.6,-1.7
2025-09-11,181710,,10.9,-6.2,13.4,-7.0
2025-09-12,181710,,10.83,1.4,7.0,-7.6
2025-09-15,181710,,10.88,0.0,-0.1,0.2
2025-09-16,181710,,10.87,-0.0,-0.4,0.4
2025-09-17,181710,,10.87,1.6,-0.8,-0.8
2025-09-18,181710,,10.8,3.6,-0.9,-2.7
2025-09-19,181710,,10.84,-1.2,2.9,-1.7
2025-09-22,181710,,10.82,-0.4,-3.6,3.8
2025-09-23,181710,,10.81,0.6,-0.5,0.2
2025-09-24,181710,,10.81,0.7,-4.7,4.0
2025-09-25,181710,,10.78,-9.7,-3.8,11.3
2025-09-26,181710,,10.65,1.1,0.7,0.5
2025-09-29,181710,,10.65,-6.4,12.4,-5.8
2025-09-30,181710,27000.0,10.6,-6.3,0.8,5.6
2025-10-01,181710,,10.52,-29.9,-7.8,36.6
2025-10-02,181710,,10.2,-17.1,2.1,14.6
2025-10-10,181710,,10.02,-0.5,6.6,-5.8
2025-10-13,181710,,10.02,-5.6,0.5,5.2
2025-10-14,181710,,9.94,-7.2,-0.8,8.0
2025-10-15,181710,,9.87,-0.1,-1.0,1.1
2025-10-16,181710,,9.86,-3.9,2.0,1.3
2025-10-17,181710,,9.82,3.8,-2.4,-1.5
2025-10-20,181710,,9.88,12.0,-1.6,-10.5
2025-10-21,181710,,10.08,-2.8,5.6,-1.7
2025-10-22,181710,,10.04,-1.7,2.6,-0.9
2025-10-23,181710,,10.15,-1.7,0.2,1.6
2025-10-24,181710,,10.13,12.5,-1.5,-15.4
2025-10-27,181710,,10.31,6.1,2.9,-13.9
2025-10-28,181710,,10.5,-2.1,9.8,-13.5
2025-10-29,181710,,10.49,-1.8,3.4,-7.4
2025-10-30,181710,,10.47,-5.4,3.5,-3.5
2025-10-31,181710,28950.0,10.4,-7.2,1.7,2.1
2025-11-03,181710,,10.28,4.8,23.4,-30.1
2025-11-04,181710,,10.36,-3.3,23.3,-20.9
2025-11-05,181710,,10.36,-2.9,3.3,-4.8
2025-11-06,181710,,10.33,3.3,-7.3,-2.1
2025-11-07,181710,,10.38,-1.9,-0.9,-3.9
2025-11-10,181710,,10.36,-5.6,3.8,-3.8
2025-11-11,181710,,10.3,11.0,10.4,-27.4
2025-11-12,181710,,10.42,4.6,0.5,-7.7
2025-11-13,181710,,10.5,2.6,-0.9,-6.2
2025-11-14,181710,,10.55,-0.3,-0.8,-4.7
2025-11-17,181710,,10.56,6.1,14.1,-22.7
2025-11-18,181710,,10.69,1.4,-0.7,-5.5
2025-11-19,181710,,10.73,2.3,2.4,-8.9
2025-11-20,181710,,10.75,-4.9,14.0,-11.5
2025-11-21,181710,,10.71,-1.8,4.3,-5.3
2025-11-24,181710,,10.71,3.2,5.9,-13.5
2025-11-25,181710,,10.77,6.0,1.7,-10.5
2025-11-26,181710,,10.83,10.6,0.2,-13.6
2025-11-27,181710,,10.96,2.4,-0.1,-5.2
2025-11-28,181710,32950.0,10.97,4.8,-5.0,-2.9
2025-12-01,181710,,11.01,7.1,-0.3,-8.9
2025-12-02,181710,,11.08,9.3,-1.3,-10.6
2025-12-03,181710,,11.17,4.3,-3.0,-4.5
2025-12-04,181710,,11.2,0.1,-0.8,-2.6
2025-12-05,181710,,11.2,1.2,-0.7,-2.0
2025-12-08,181710,,11.55,26.1,-24.9,-0.3
2025-12-09,181710,,11.8,0.9,-1.5,0.7
2025-12-10,181710,,11.8,1.8,-6.6,5.0
2025-12-11,181710,,11.88,6.8,-8.1,2.2
2025-12-12,181710,,11.88,1.8,0.7,-2.5
2025-12-15,181710,,11.9,-4.0,13.5,-9.5
2025-12-16,181710,,11.87,-0.7,-3.6,4.2
2025-12-17,181710,,11.85,4.9,-13.5,8.5
2025-12-18,181710,,11.89,4.4,-0.9,-3.5
2025-12-19,181710,,11.94,10.1,-13.9,3.8
2025-12-22,181710,,12.04,7.9,-5.4,-2.5
2025-12-23,181710,,12.13,9.2,-6.5,-2.7
2025-12-24,181710,,12.21,2.1,-7.6,5.8
2025-12-26,181710,,12.12,4.6,-10.8,5.7
2025-12-29,181710,,12.16,2.7,-3.4,0.8
2025-12-30,181710,29050.0,12.2,3.2,-2.2,-1.1
2026-01-02,181710,,12.25,9.7,-0.0,-9.6
2026-01-05,181710,,12.39,6.1,-2.9,-3.2
2026-01-06,181710,,12.49,34.3,2.7,-37.0
2026-01-07,181710,,12.86,-11.3,-3.4,14.5
2026-01-08,181710,,12.7,2.2,-1.0,-1.7
2026-01-09,181710,,12.72,-1.0,2.7,-1.5
2026-01-12,181710,,12.71,6.7,0.1,-6.3
2026-01-13,181710,,12.79,7.7,-1.6,-5.4
2026-01-14,181710,,12.96,4.8,-3.5,-1.2
2026-01-15,181710,,13.01,1.3,-0.8,-0.4
2026-01-16,181710,,13.01,-1.1,-1.7,2.8
2026-01-19,181710,,12.97,16.8,-24.0,6.3
2026-01-20,181710,,13.13,3.3,0.1,-2.6
2026-01-21,181710,,13.17,-3.7,-0.6,4.4
2026-01-22,181710,,13.04,2.9,-0.7,-2.1
2026-01-23,181710,,13.08,-0.3,2.7,-2.5
2026-01-26,181710,,13.09,5.2,-3.0,-2.3
2026-01-27,181710,,13.15,-0.3,-2.1,2.2
2026-01-28,181710,,13.13,5.3,-0.6,-5.2
2026-01-29,181710,,13.16,10.9,-0.1,-10.6
2026-01-30,181710,32300.0,13.3,3.8,-1.2,-2.4
2026-02-02,181710,,13.31,-1.8,-0.9,2.9
2026-02-03,181710,,13.28,-0.9,0.1,0.8
2026-02-04,181710,,13.28,3.7,-3.5,0.1
2026-02-05,181710,,13.24,3.5,-2.7,-0.3
2026-02-06,181710,,13.28,-3.2,1.7,1.4
2026-02-09,181710,,13.24,8.6,0.4,-9.4
2026-02-10,181710,,13.34,-1.8,5.3,-4.0
2026-02-11,181710,,13.32,-0.9,-3.1,3.1
2026-02-12,181710,,13.32,12.6,3.4,-12.3
2026-02-13,181710,,13.46,1.7,34.9,-36.8
2026-02-19,181710,,13.48,48.3,35.0,-85.3
2026-02-20,181710,,13.86,17.5,5.5,-22.3
2026-02-23,181710,,13.98,7.4,-2.7,-4.4
2026-02-24,181710,,14.04,-1.9,7.3,-5.8
2026-02-25,181710,,14.03,2.7,-0.9,-1.9
2026-02-26,181710,,14.05,7.4,0.1,-7.4
2026-02-27,181710,37900.0,14.08,11.9,-3.9,-8.0
2026-03-03,181710,,14.2,5.3,0.3,-5.7
2026-03-04,181710,,14.25,1.2,-0.2,-1.5
2026-03-05,181710,,14.24,7.2,-8.9,4.0
2026-03-06,181710,,14.3,-13.3,22.1,-8.6
2026-03-09,181710,,14.19,1.0,11.0,-12.0
2026-03-10,181710,,14.21,0.6,-2.8,2.2
2026-03-11,181710,,14.2,-0.8,2.1,-1.3
2026-03-12,181710,,14.19,-3.4,16.3,-13.0
2026-03-13,181710,,14.18,-5.0,8.3,-3.3
2026-03-16,181710,,14.14,-5.2,10.8,-5.6
2026-03-17,181710,,14.11,0.3,6.3,-6.6
2026-03-18,181710,,14.17,0.9,-0.6,-0.3
2026-03-19,181710,,14.16,3.1,-3.3,0.3
2026-03-20,181710,,14.19,-0.0,-0.6,0.7
2026-03-23,181710,,14.19,-2.7,5.6,-3.0
2026-03-24,181710,,14.16,3.4,-4.2,0.8
2026-03-25,181710,,14.19,1.2,-2.7,1.5
2026-03-26,181710,,14.19,0.1,0.7,-0.9
2026-03-27,181710,,14.19,-5.1,18.1,-16.4
2026-03-30,181710,,14.14,-1.1,20.3,-19.4
2026-03-31,181710,37600.0,14.08,-3.4,-7.8,11.2
2026-04-01,181710,,14.01,5.9,-5.1,-0.8
2026-04-02,181710,,14.07,18.8,-3.5,-12.0
2026-04-03,181710,,14.24,-2.3,1.2,1.1
2026-04-06,181710,,14.21,2.8,-4.4,1.7
2026-04-07,181710,,14.24,-3.4,1.5,1.9
2026-04-08,181710,,14.21,1.8,0.2,-2.0
2026-04-09,181710,,14.21,0.2,2.2,-2.6
2026-04-10,181710,,14.22,-0.5,1.8,-1.3
2026-04-13,181710,,14.26,0.6,2.1,-2.8
2026-04-14,181710,,14.26,1.8,3.6,-5.5
2026-04-15,181710,,14.3,11.7,19.7,-31.7
2026-04-16,181710,,14.4,-1.0,2.9,-1.7
2026-04-17,181710,,14.37,-0.4,-3.9,4.4
2026-04-20,181710,,14.36,14.9,25.1,-40.5
2026-04-21,181710,,14.5,-12.2,4.5,8.1
2026-04-22,181710,,14.38,-4.5,10.4,-5.8
2026-04-23,181710,,14.36,1.8,-1.6,-0.1
2026-04-24,181710,,14.38,-2.0,2.6,-0.5
2026-04-27,181710,,14.36,-1.8,0.8,1.2
2026-04-28,181710,,14.33,-1.7,3.9,-2.2
2026-04-29,181710,,14.31,3.4,0.6,-4.0
2026-04-30,181710,41000.0,14.36,-7.8,7.2,0.7
2026-05-04,181710,,14.29,-0.7,-6.2,7.5
2026-05-06,181710,,14.26,5.0,-2.6,-2.3
2026-05-07,181710,,14.3,-7.4,3.3,4.0
2026-05-08,181710,,14.24,2.8,-7.4,4.7
2026-05-11,181710,,14.25,-1.0,-3.2,3.2
2026-05-12,181710,,14.24,-16.3,-11.0,16.2
2026-05-13,181710,,14.11,-10.5,-2.5,5.0
2026-05-14,181710,,14.03,22.3,-31.9,-0.7
2026-05-15,181710,,14.22,-2.6,0.9,-14.1
2026-05-18,181710,,14.21,-5.2,-0.8,-7.6
2026-05-19,181710,,14.19,-7.7,-0.5,-6.5
2026-05-20,181710,,14.11,-12.0,-1.4,-0.7
2026-05-21,181710,,14.09,-8.9,-2.2,-4.5
2026-05-22,181710,,14.03,-2.4,-1.5,-8.9
2026-05-26,181710,,13.98,-9.5,-8.5,3.4
2026-05-27,181710,,13.9,-14.3,0.9,-2.3
2026-05-28,181710,,13.78,14.2,18.1,-38.9
2026-05-29,181710,50900.0,13.95,14.1,69.9,-93.3
2026-06-01,181710,,14.01,-68.7,50.6,13.1
2026-06-02,181710,,13.64,-48.7,71.9,-14.7
2026-06-04,181710,,13.52,-10.7,3.2,7.5
2026-06-05,181710,,13.41,-16.9,28.5,-12.6
2026-06-08,181710,,13.33,-43.8,26.8,14.1
2026-06-09,181710,,13.01,-13.1,-5.2,18.3
2026-06-10,181710,,12.89,5.8,-4.0,-1.6
2026-06-11,181710,,12.94,19.1,-28.3,7.2
2026-06-12,181710,,13.11,8.3,-31.0,20.7
2026-06-15,181710,,13.18,11.5,-36.2,24.1
2026-06-16,181710,,13.28,-1.0,-2.8,4.9
2026-06-17,181710,,13.26,2.5,-0.3,-1.9
2026-06-18,181710,,13.23,4.3,1.1,-7.5
2026-06-19,181710,,13.29,-7.9,-18.8,27.0
2026-06-22,181710,,13.21,1.3,-7.7,7.5
2026-06-23,181710,,13.22,-3.4,2.9,0.8
2026-06-24,181710,,13.22,1.6,-0.1,-1.2
2026-06-25,181710,,13.24,7.8,-11.5,2.7
2026-06-26,181710,,13.3,12.9,-13.9,1.1
2026-06-29,181710,,13.42,8.0,-0.3,-6.6
2026-06-30,181710,35200.0,13.49,0.1,1.6,-1.7
2026-07-01,181710,,13.5,-0.3,-0.2,0.5
2026-07-02,181710,,13.41,5.7,-6.2,-261.5
2026-07-03,181710,,13.49,-5.2,7.4,-1.7
2026-07-06,181710,,13.44,-4.7,9.6,-5.1
2026-07-07,181710,,13.4,0.3,9.6,-10.6
2026-07-08,181710,,13.4,-23.3,38.6,-14.4
2026-07-09,181710,,13.21,-0.9,2.4,-2.4
2026-07-10,181710,,13.2,-1.2,1.4,-84.8
2026-07-13,181710,38250.0,13.2,-4.6,11.6,-6.3
2025-07-14,182360,,4.44,-3.9,1.4,2.3
2025-07-15,182360,,4.28,-1.8,0.6,1.5
2025-07-16,182360,,4.21,-3.9,0.0,3.8
2025-07-17,182360,,4.02,-1.0,0.1,1.0
2025-07-18,182360,,3.96,-1.3,-0.0,1.4
2025-07-21,182360,,3.91,-0.3,-0.1,-0.3
2025-07-22,182360,,3.93,-2.8,-0.2,3.0
2025-07-23,182360,,3.79,0.0,-0.3,-0.2
2025-07-24,182360,,3.8,0.7,0.8,-0.9
2025-07-25,182360,,3.97,0.1,4.7,-4.9
2025-07-28,182360,,3.97,-6.5,-0.1,6.5
2025-07-29,182360,,3.66,-2.3,1.0,1.3
2025-07-30,182360,,3.55,-2.6,0.5,1.8
2025-07-31,182360,,3.43,0.4,0.6,-1.0
2025-08-01,182360,,3.5,-4.0,1.2,2.8
2025-08-04,182360,,3.29,1.0,0.0,-1.0
2025-08-05,182360,,3.4,-0.0,0.2,-0.2
2025-08-06,182360,,3.42,1.6,0.1,-1.8
2025-08-07,182360,,3.49,2.8,-0.5,-2.2
2025-08-08,182360,,3.61,7.1,0.6,-7.7
2025-08-11,182360,,3.96,0.7,0.0,-0.7
2025-08-12,182360,,3.98,2.2,1.5,-3.7
2025-08-13,182360,,4.05,-2.2,0.1,3.0
2025-08-14,182360,,3.84,5.5,1.4,-12.9
2025-08-18,182360,,4.11,4.7,0.2,-8.2
2025-08-19,182360,,4.4,2.5,-0.3,-10.5
2025-08-20,182360,,4.43,2.1,0.1,-3.3
2025-08-21,182360,,4.51,13.9,-0.2,-18.1
2025-08-22,182360,,5.09,4.1,0.1,-10.3
2025-08-25,182360,,5.21,0.6,0.1,-8.8
2025-08-26,182360,,5.24,0.4,-0.6,-5.1
2025-08-27,182360,,5.2,-2.2,-0.3,-2.3
2025-08-28,182360,,5.03,-8.5,0.5,7.0
2025-08-29,182360,15980.0,4.6,-7.5,0.3,5.8
2025-09-01,182360,,4.27,-6.5,0.1,4.9
2025-09-02,182360,,3.99,-9.7,-1.8,8.0
2025-09-03,182360,,3.72,-2.7,0.3,-3.6
2025-09-04,182360,,3.43,-2.2,5.2,-8.2
2025-09-05,182360,,3.36,-4.2,-0.5,-3.0
2025-09-08,182360,,3.16,-0.1,-1.0,-2.4
2025-09-09,182360,,3.09,-0.1,0.4,-5.4
2025-09-10,182360,,3.07,-1.8,-0.1,-1.1
2025-09-11,182360,,3.0,-0.7,0.1,-2.5
2025-09-12,182360,,2.99,-2.3,2.7,-3.6
2025-09-15,182360,,2.91,-1.2,-0.5,1.2
2025-09-16,182360,,2.83,-4.2,-0.1,4.5
2025-09-17,182360,,2.63,-2.5,1.2,1.3
2025-09-18,182360,,2.59,1.6,0.1,-0.5
2025-09-19,182360,,2.65,-0.2,0.1,1.5
2025-09-22,182360,,2.64,-1.7,-0.1,2.2
2025-09-23,182360,,2.58,-1.8,0.2,1.6
2025-09-24,182360,,2.51,-1.2,0.1,1.1
2025-09-25,182360,,2.45,-0.4,0.0,-0.2
2025-09-26,182360,,2.45,-0.4,-0.1,-0.2
2025-09-29,182360,,2.43,-2.6,-0.7,3.1
2025-09-30,182360,14970.0,2.34,-2.4,1.8,0.3
2025-10-01,182360,,2.24,-0.5,0.1,0.3
2025-10-02,182360,,2.22,-0.5,-0.0,0.3
2025-10-10,182360,,2.19,-0.9,2.5,-2.1
2025-10-13,182360,,2.16,-0.8,-0.1,0.5
2025-10-14,182360,,2.3,-2.8,0.5,1.9
2025-10-15,182360,,2.18,-0.2,-0.5,0.6
2025-10-16,182360,,2.17,-0.6,0.2,0.3
2025-10-17,182360,,2.46,-0.5,-0.2,0.5
2025-10-20,182360,,2.35,1.2,-1.9,0.5
2025-10-21,182360,,2.4,-0.6,-0.8,1.3
2025-10-22,182360,,2.46,0.4,0.1,-0.6
2025-10-23,182360,,2.49,0.0,0.3,0.8
2025-10-24,182360,,2.51,-1.0,-1.3,2.4
2025-10-27,182360,,2.44,0.3,0.2,-1.7
2025-10-28,182360,,2.47,-0.3,-0.3,0.5
2025-10-29,182360,,2.43,-0.5,0.1,-0.2
2025-10-30,182360,,2.41,-0.5,-0.1,0.8
2025-10-31,182360,14600.0,2.31,-1.0,-0.3,1.2
2025-11-03,182360,,2.26,1.2,-2.0,0.2
2025-11-04,182360,,2.54,-1.9,-0.6,2.6
2025-11-05,182360,,2.49,-0.9,0.1,0.3
2025-11-06,182360,,2.46,0.4,-0.9,0.3
2025-11-07,182360,,2.47,-0.0,0.2,-0.2
2025-11-10,182360,,2.46,0.7,0.4,-1.1
2025-11-11,182360,,2.42,-0.7,0.4,0.2
2025-11-12,182360,,2.37,1.7,0.6,-2.2
2025-11-13,182360,,2.45,-0.2,0.6,-0.5
2025-11-14,182360,,2.44,-1.2,0.2,1.0
2025-11-17,182360,,2.37,0.5,0.2,-0.7
2025-11-18,182360,,2.6,0.1,0.1,-0.2
2025-11-19,182360,,2.6,1.2,0.2,-1.4
2025-11-20,182360,,2.78,3.7,-0.7,-3.1
2025-11-21,182360,,2.97,-1.2,-0.9,2.2
2025-11-24,182360,,2.87,1.0,-1.4,0.4
2025-11-25,182360,,2.91,1.1,-1.0,0.4
2025-11-26,182360,,2.97,1.5,-0.1,-1.4
2025-11-27,182360,,3.16,0.4,-0.3,-0.2
2025-11-28,182360,12830.0,3.2,0.8,0.2,-1.2
2025-12-01,182360,,3.25,-0.7,-0.3,0.9
2025-12-02,182360,,3.22,-0.9,0.1,0.4
2025-12-03,182360,,3.17,-0.2,0.0,0.1
2025-12-04,182360,,3.17,0.1,0.2,-0.4
2025-12-05,182360,,3.16,-0.2,-0.1,0.7
2025-12-08,182360,,3.15,-0.8,-0.0,0.9
2025-12-09,182360,,3.1,-0.5,-0.2,0.7
2025-12-10,182360,,3.07,-0.7,-0.2,0.9
2025-12-11,182360,,3.04,0.7,-0.0,-0.6
2025-12-12,182360,,3.07,-1.6,1.1,0.6
2025-12-15,182360,,3.04,-1.0,0.6,0.4
2025-12-16,182360,,2.97,2.8,1.0,-3.8
2025-12-17,182360,,3.11,-2.4,1.4,1.0
2025-12-18,182360,,3.01,-0.9,-0.4,1.3
2025-12-19,182360,,2.93,-0.3,-0.0,0.4
2025-12-22,182360,,2.91,0.7,0.3,-0.9
2025-12-23,182360,,2.95,0.8,0.6,-1.4
2025-12-24,182360,,3.06,-0.0,-0.2,0.0
2025-12-26,182360,,3.04,-1.8,-0.4,2.2
2025-12-29,182360,,2.93,1.5,-0.3,-1.2
2025-12-30,182360,13750.0,3.01,-0.2,-0.5,0.9
2026-01-02,182360,,3.02,5.1,-0.2,-4.9
2026-01-05,182360,,3.25,-8.8,-1.3,10.0
2026-01-06,182360,,2.85,0.7,-0.2,-0.5
2026-01-07,182360,,2.9,-2.1,-0.5,2.1
2026-01-08,182360,,2.79,-0.5,-0.1,0.4
2026-01-09,182360,,2.7,-0.2,0.1,0.1
2026-01-12,182360,,2.71,2.7,-0.1,-2.7
2026-01-13,182360,,2.83,-0.5,0.0,0.5
2026-01-14,182360,,2.82,-1.7,-0.1,1.7
2026-01-15,182360,,2.7,0.4,0.2,-0.5
2026-01-16,182360,,2.75,-1.8,-0.2,2.0
2026-01-19,182360,,2.66,1.1,-0.4,-0.7
2026-01-20,182360,,2.72,1.6,-0.4,-1.2
2026-01-21,182360,,2.8,-2.4,-0.2,2.7
2026-01-22,182360,,2.68,1.3,-0.2,-1.2
2026-01-23,182360,,2.74,1.2,0.0,-1.2
2026-01-26,182360,,2.8,4.8,0.0,-4.8
2026-01-27,182360,,3.03,0.1,-0.2,0.0
2026-01-28,182360,,3.03,1.8,-2.0,0.2
2026-01-29,182360,,3.12,0.3,-0.3,0.0
2026-01-30,182360,13180.0,3.14,-1.9,-0.2,2.4
2026-02-02,182360,,3.04,-2.7,-1.4,4.0
2026-02-03,182360,,2.88,0.9,-0.1,-0.8
2026-02-04,182360,,2.92,0.6,-0.6,-0.1
2026-02-05,182360,,2.96,0.9,-0.4,-0.6
2026-02-06,182360,,3.0,0.2,-0.5,0.3
2026-02-09,182360,,3.01,8.3,-0.5,-7.9
2026-02-10,182360,,3.43,3.9,-0.2,-3.8
2026-02-11,182360,,3.62,-0.2,-0.1,0.3
2026-02-12,182360,,3.61,-0.3,-0.2,0.6
2026-02-13,182360,,3.6,-1.5,-0.3,1.8
2026-02-19,182360,,3.52,0.5,-0.2,-0.3
2026-02-20,182360,,3.55,-1.6,-0.2,1.8
2026-02-23,182360,,3.47,0.8,-0.4,-0.5
2026-02-24,182360,,3.57,-1.9,-0.1,2.0
2026-02-25,182360,,3.47,-2.5,-0.2,2.5
2026-02-26,182360,,3.5,-2.4,-0.3,2.7
2026-02-27,182360,11810.0,3.16,-1.0,-0.1,1.1
2026-03-03,182360,,3.2,1.2,-0.1,-1.1
2026-03-04,182360,,3.27,4.4,-0.4,-4.0
2026-03-05,182360,,3.54,1.9,0.1,-1.9
2026-03-06,182360,,3.66,-0.8,0.0,0.8
2026-03-09,182360,,3.61,0.1,-0.4,0.3
2026-03-10,182360,,3.61,0.4,-0.1,-0.3
2026-03-11,182360,,3.59,-0.3,-0.2,0.3
2026-03-12,182360,,3.47,0.0,-0.1,0.1
2026-03-13,182360,,3.48,0.5,1.4,-2.0
2026-03-16,182360,,3.51,-0.3,0.1,0.3
2026-03-17,182360,,3.52,-0.0,-0.2,0.2
2026-03-18,182360,,3.56,-0.5,-0.1,0.7
2026-03-19,182360,,3.22,-0.3,0.0,0.3
2026-03-20,182360,,3.15,0.3,0.0,-0.3
2026-03-23,182360,,3.17,-1.1,-1.1,2.2
2026-03-24,182360,,3.1,1.0,-0.2,-0.7
2026-03-25,182360,,3.15,0.2,-0.1,-0.1
2026-03-26,182360,,3.2,-0.2,-0.0,0.2
2026-03-27,182360,,3.14,0.9,-0.0,-0.9
2026-03-30,182360,,3.2,0.2,-0.0,-0.2
2026-03-31,182360,10290.0,3.21,0.3,-0.0,-0.3
2026-04-01,182360,,3.22,-0.0,0.0,-0.0
2026-04-02,182360,,3.22,-0.5,0.0,0.5
2026-04-03,182360,,3.19,0.6,-0.1,-0.5
2026-04-06,182360,,3.2,0.2,0.0,-0.2
2026-04-07,182360,,3.21,-0.5,0.0,0.5
2026-04-08,182360,,3.24,0.8,0.0,-0.6
2026-04-09,182360,,3.37,-0.1,0.1,0.0
2026-04-10,182360,,3.27,0.4,-0.6,0.2
2026-04-13,182360,,3.25,0.0,0.1,-0.1
2026-04-14,182360,,3.25,0.1,-0.2,0.1
2026-04-15,182360,,3.41,0.1,0.0,0.2
2026-04-16,182360,,3.31,1.0,0.2,-1.3
2026-04-17,182360,,3.37,-0.8,0.1,0.6
2026-04-20,182360,,3.33,-1.8,0.1,1.6
2026-04-21,182360,,3.22,-1.3,0.3,1.0
2026-04-22,182360,,3.14,-0.2,0.0,0.2
2026-04-23,182360,,3.2,-0.6,0.2,0.2
2026-04-24,182360,,3.16,0.8,-0.0,-0.8
2026-04-27,182360,,3.21,-0.2,-0.0,1.2
2026-04-28,182360,,3.2,0.3,0.0,-0.3
2026-04-29,182360,,3.22,1.0,0.1,-1.2
2026-04-30,182360,10460.0,3.29,-0.5,0.1,0.5
2026-05-04,182360,,3.25,-0.6,0.0,1.2
2026-05-06,182360,,3.22,-1.5,0.1,1.5
2026-05-07,182360,,3.12,0.4,0.1,-0.5
2026-05-08,182360,,3.15,1.2,0.3,-1.1
2026-05-11,182360,,3.23,-1.1,0.2,1.0
2026-05-12,182360,,3.16,1.5,-0.0,-1.5
2026-05-13,182360,,3.26,-0.2,-0.0,0.1
2026-05-14,182360,,3.25,0.5,-0.1,-0.4
2026-05-15,182360,,3.28,0.0,-0.2,0.2
2026-05-18,182360,,3.07,0.4,0.0,-0.5
2026-05-19,182360,,3.36,0.6,0.0,-0.7
2026-05-20,182360,,3.09,1.4,-0.0,-1.3
2026-05-21,182360,,3.24,-0.3,-0.0,0.2
2026-05-22,182360,,3.21,2.3,0.0,-2.4
2026-05-26,182360,,3.41,-0.6,0.0,0.5
2026-05-27,182360,,3.36,0.6,-0.1,-0.6
2026-05-28,182360,,3.41,0.2,-0.0,-0.1
2026-05-29,182360,7020.0,3.42,-0.2,-0.1,0.3
2026-06-01,182360,,3.4,0.9,-0.4,-0.5
2026-06-02,182360,,3.48,2.8,-0.2,-2.6
2026-06-04,182360,,3.76,-0.1,-0.1,0.2
2026-06-05,182360,,3.75,1.1,-0.1,-0.6
2026-06-08,182360,,3.85,0.9,-0.2,-0.7
2026-06-09,182360,,3.95,0.7,0.0,-0.7
2026-06-10,182360,,4.02,-0.1,-0.0,0.1
2026-06-11,182360,,4.0,-0.2,0.1,0.1
2026-06-12,182360,,3.98,-2.0,2.7,-0.7
2026-06-15,182360,,3.8,-1.1,0.1,1.0
2026-06-16,182360,,3.69,0.0,-0.2,0.1
2026-06-17,182360,,3.7,0.0,-0.1,0.0
2026-06-18,182360,,3.69,-0.8,0.0,0.8
2026-06-19,182360,,3.62,-0.7,-0.0,0.7
2026-06-22,182360,,3.55,0.7,-0.1,-0.7
2026-06-23,182360,,3.63,0.1,-0.0,-0.1
2026-06-24,182360,,3.61,-0.7,-0.0,0.7
2026-06-25,182360,,3.53,-0.1,-0.0,0.1
2026-06-26,182360,,3.53,0.6,-0.0,-0.6
2026-06-29,182360,,3.6,1.2,-0.0,-1.1
2026-06-30,182360,5770.0,3.73,-0.3,0.0,0.3
2026-07-01,182360,,3.7,-0.1,-0.0,0.2
2026-07-02,182360,,3.68,0.3,0.0,-0.3
2026-07-03,182360,,3.71,-0.1,0.0,0.1
2026-07-06,182360,,3.7,-0.4,0.1,0.3
2026-07-07,182360,,3.66,-0.0,0.2,-0.2
2026-07-08,182360,,3.64,-0.2,-0.1,0.3
2026-07-09,182360,,3.62,-0.3,0.1,0.2
2026-07-10,182360,,3.59,-0.3,-0.1,0.3
2026-07-13,182360,5590.0,3.56,-0.3,-0.0,0.4
2025-07-14,182400,,4.73,,,
2025-07-15,182400,,4.73,,,
2025-07-16,182400,,4.73,,,
2025-07-17,182400,,4.73,,,
2025-07-18,182400,,4.73,,,
2025-07-21,182400,,4.73,,,
2025-07-22,182400,,0.0,,,
2025-07-23,182400,,0.0,,,
2025-07-24,182400,,0.0,,,
2025-07-25,182400,,0.0,,,
2025-07-28,182400,,0.0,,,
2025-07-29,182400,,0.0,,,
2025-07-30,182400,,0.0,,,
2025-07-31,182400,,0.0,,,
2025-08-01,182400,,0.0,,,
2025-08-04,182400,,0.0,,,
2025-08-05,182400,,0.0,,,
2025-08-06,182400,,0.0,,,
2025-08-07,182400,,0.0,,,
2025-08-08,182400,,0.0,,,
2025-08-11,182400,,0.0,,,
2025-08-12,182400,,0.0,,,
2025-08-13,182400,,0.0,,,
2025-08-14,182400,,0.0,,,
2025-08-18,182400,,0.0,,,
2025-08-19,182400,,0.0,,,
2025-08-20,182400,,0.0,,,
2025-08-21,182400,,0.0,,,
2025-08-22,182400,,0.0,,,
2025-08-25,182400,,0.0,,,
2025-08-26,182400,,0.0,,,
2025-08-27,182400,,0.0,,,
2025-08-28,182400,,0.0,,,
2025-08-29,182400,3685.0,0.0,,,
2025-09-01,182400,,0.0,,,
2025-09-02,182400,,0.0,,,
2025-09-03,182400,,0.0,,,
2025-09-04,182400,,0.0,,,
2025-09-05,182400,,0.0,,,
2025-09-08,182400,,0.0,,,
2025-09-09,182400,,0.0,,,
2025-09-10,182400,,0.0,,,
2025-09-11,182400,,0.0,,,
2025-09-12,182400,,0.0,,,
2025-09-15,182400,,0.0,,,
2025-09-16,182400,,0.0,,,
2025-09-17,182400,,0.0,,,
2025-09-18,182400,,0.0,,,
2025-09-19,182400,,0.0,,,
2025-09-22,182400,,0.0,,,
2025-09-23,182400,,0.0,,,
2025-09-24,182400,,0.0,,,
2025-09-25,182400,,0.0,,,
2025-09-26,182400,,0.0,,,
2025-09-29,182400,,0.0,,,
2025-09-30,182400,3685.0,0.0,,,
2025-10-01,182400,,0.0,,,
2025-10-02,182400,,0.0,,,
2025-10-10,182400,,0.0,,,
2025-10-13,182400,,0.0,,,
2025-10-14,182400,,0.0,,,
2025-10-15,182400,,0.0,,,
2025-10-16,182400,,0.0,,,
2025-10-17,182400,,0.0,,,
2025-10-20,182400,,0.0,,,
2025-10-21,182400,,0.0,,,
2025-10-22,182400,,0.0,,,
2025-10-23,182400,,0.0,,,
2025-10-24,182400,,0.0,,,
2025-10-27,182400,,0.0,,,
2025-10-28,182400,,0.0,,,
2025-10-29,182400,,0.0,,,
2025-10-30,182400,,0.0,,,
2025-10-31,182400,3685.0,0.0,,,
2025-11-03,182400,,0.0,,,
2025-11-04,182400,,0.0,,,
2025-11-05,182400,,0.0,,,
2025-11-06,182400,,0.0,,,
2025-11-07,182400,,0.0,,,
2025-11-10,182400,,0.0,,,
2025-11-11,182400,,0.0,,,
2025-11-12,182400,,0.0,,,
2025-11-13,182400,,0.0,,,
2025-11-14,182400,,0.0,,,
2025-11-17,182400,,0.0,,,
2025-11-18,182400,,0.0,,,
2025-11-19,182400,,0.0,,,
2025-11-20,182400,,0.0,,,
2025-11-21,182400,,0.0,,,
2025-11-24,182400,,0.0,,,
2025-11-25,182400,,0.0,,,
2025-11-26,182400,,0.0,,,
2025-11-27,182400,,0.0,,,
2025-11-28,182400,3685.0,0.0,,,
2025-12-01,182400,,0.0,,,
2025-12-02,182400,,0.0,,,
2025-12-03,182400,,0.0,,,
2025-12-04,182400,,0.0,,,
2025-12-05,182400,,0.0,,,
2025-12-08,182400,,0.0,,,
2025-12-09,182400,,0.0,,,
2025-12-10,182400,,0.0,,,
2025-12-11,182400,,0.0,,,
2025-12-12,182400,,0.0,,,
2025-12-15,182400,,0.0,,,
2025-12-16,182400,,0.0,,,
2025-12-17,182400,,0.0,,,
2025-12-18,182400,,0.0,,,
2025-12-19,182400,,0.0,,,
2025-12-22,182400,,0.0,,,
2025-12-23,182400,,0.0,,,
2025-12-24,182400,,0.0,,,
2025-12-26,182400,,0.0,,,
2025-12-29,182400,,0.0,,,
2025-12-30,182400,3685.0,0.0,,,
2026-01-02,182400,,0.0,,,
2026-01-05,182400,,0.0,,,
2026-01-06,182400,,0.0,,,
2026-01-07,182400,,0.0,,,
2026-01-08,182400,,0.0,,,
2026-01-09,182400,,0.0,,,
2026-01-12,182400,,0.0,,,
2026-01-13,182400,,0.0,,,
2026-01-14,182400,,0.0,,,
2026-01-15,182400,,0.0,,,
2026-01-16,182400,,0.0,,,
2026-01-19,182400,,0.0,,,
2026-01-20,182400,,0.0,,,
2026-01-21,182400,,0.0,,,
2026-01-22,182400,,0.0,,,
2026-01-23,182400,,0.0,,,
2026-01-26,182400,,0.0,,,
2026-01-27,182400,,0.0,,,
2026-01-28,182400,,0.0,,,
2026-01-29,182400,,0.0,,,
2026-01-30,182400,3685.0,0.0,,,
2026-02-02,182400,,0.0,,,
2026-02-03,182400,,0.0,,,
2026-02-04,182400,,0.0,,,
2026-02-05,182400,,0.0,,,
2026-02-06,182400,,0.0,,,
2026-02-09,182400,,0.0,,,
2026-02-10,182400,,0.0,,,
2026-02-11,182400,,0.0,,,
2026-02-12,182400,,0.0,,,
2026-02-13,182400,,0.0,,,
2026-02-19,182400,,0.0,,,
2026-02-20,182400,,0.0,,,
2026-02-23,182400,,0.0,,,
2026-02-24,182400,,0.0,,,
2026-02-25,182400,,0.0,,,
2026-02-26,182400,,0.0,,,
2026-02-27,182400,3670.0,0.0,,,
2026-03-03,182400,,0.0,,,
2026-03-04,182400,,0.0,,,
2026-03-05,182400,,0.0,,,
2026-03-06,182400,,0.0,,,
2026-03-09,182400,,0.0,,,
2026-03-10,182400,,0.0,,,
2026-03-11,182400,,0.0,,,
2026-03-12,182400,,0.0,,,
2026-03-13,182400,,0.0,,,
2026-03-16,182400,,0.0,,,
2026-03-17,182400,,0.0,,,
2026-03-18,182400,,0.0,,,
2026-03-19,182400,,0.0,,,
2026-03-20,182400,,0.0,,,
2026-03-23,182400,,0.0,,,
2026-03-24,182400,,0.0,,,
2026-03-25,182400,,0.0,,,
2026-03-26,182400,,0.0,,,
2026-03-27,182400,,0.0,,,
2026-03-30,182400,,0.0,,,
2026-03-31,182400,3670.0,0.0,,,
2026-04-01,182400,,0.0,,,
2026-04-02,182400,,0.0,,,
2026-04-03,182400,,0.0,,,
2026-04-06,182400,,0.0,,,
2026-04-07,182400,,0.0,,,
2026-04-08,182400,,0.0,,,
2026-04-09,182400,,0.0,,,
2026-04-10,182400,,0.0,,,
2026-04-13,182400,,0.0,,,
2026-04-14,182400,,0.0,,,
2026-04-15,182400,,0.0,,,
2026-04-16,182400,,0.0,,,
2026-04-17,182400,,0.0,,,
2026-04-20,182400,,0.0,,,
2026-04-21,182400,,0.0,,,
2026-04-22,182400,,0.0,,,
2026-04-23,182400,,0.0,,,
2026-04-24,182400,,0.0,,,
2026-04-27,182400,,0.0,,,
2026-04-28,182400,,0.0,,,
2026-04-29,182400,,0.0,,,
2026-04-30,182400,3670.0,0.0,,,
2026-05-04,182400,,0.0,,,
2026-05-06,182400,,0.0,,,
2026-05-07,182400,,0.0,,,
2026-05-08,182400,,0.0,,,
2026-05-11,182400,,0.0,,,
2026-05-12,182400,,0.0,,,
2026-05-13,182400,,0.0,,,
2026-05-14,182400,,0.0,,,
2026-05-15,182400,,0.0,,,
2026-05-18,182400,,0.0,,,
2026-05-19,182400,,0.0,,,
2026-05-20,182400,,0.0,,,
2026-05-21,182400,,0.0,,,
2026-05-22,182400,,0.0,,,
2026-05-26,182400,,0.0,,,
2026-05-27,182400,,0.0,,,
2026-05-28,182400,,0.0,,,
2026-05-29,182400,3670.0,0.0,,,
2026-06-01,182400,,0.0,,,
2026-06-02,182400,,0.0,,,
2026-06-04,182400,,0.0,,,
2026-06-05,182400,,0.0,,,
2026-06-08,182400,,0.0,,,
2026-06-09,182400,,0.0,,,
2026-06-10,182400,,0.0,,,
2026-06-11,182400,,0.0,,,
2026-06-12,182400,,0.0,,,
2026-06-15,182400,,0.0,,,
2026-06-16,182400,,0.0,,,
2026-06-17,182400,,0.0,,,
2026-06-18,182400,,0.0,,,
2026-06-19,182400,,0.0,,,
2026-06-22,182400,,0.0,,,
2026-06-23,182400,,0.0,,,
2026-06-24,182400,,0.0,,,
2026-06-25,182400,,0.0,,,
2026-06-26,182400,,0.0,,,
2026-06-29,182400,,0.0,,,
2026-06-30,182400,3670.0,0.0,,,
2026-07-01,182400,,0.0,,,
2026-07-02,182400,,0.0,,,
2026-07-03,182400,,0.0,,,
2026-07-06,182400,,0.0,,,
2026-07-07,182400,,0.0,,,
2026-07-08,182400,,0.0,,,
2026-07-09,182400,,0.0,,,
2026-07-10,182400,,0.0,,,
2026-07-13,182400,3670.0,0.0,,,
2025-07-14,183190,,6.36,2.3,-0.9,-1.4
2025-07-15,183190,,6.41,-1.0,-0.1,1.1
2025-07-16,183190,,6.4,-1.8,1.1,0.8
2025-07-17,183190,,6.36,-0.3,-0.9,1.3
2025-07-18,183190,,6.35,-2.3,0.1,2.2
2025-07-21,183190,,6.3,-1.0,0.4,0.6
2025-07-22,183190,,6.28,0.1,0.2,-0.1
2025-07-23,183190,,6.28,3.1,-0.6,-2.4
2025-07-24,183190,,6.35,-0.7,0.6,0.1
2025-07-25,183190,,6.33,-0.7,0.2,0.5
2025-07-28,183190,,6.32,0.5,-0.0,-3.2
2025-07-29,183190,,6.33,5.5,-0.5,-7.4
2025-07-30,183190,,6.44,9.9,-6.2,-2.8
2025-07-31,183190,,6.64,5.1,-7.6,2.3
2025-08-01,183190,,6.73,2.7,-3.4,2.2
2025-08-04,183190,,6.79,-0.0,-6.1,4.5
2025-08-05,183190,,6.79,-0.2,-2.5,2.7
2025-08-06,183190,,6.79,-1.3,-0.2,3.2
2025-08-07,183190,,6.77,2.7,-1.1,-1.6
2025-08-08,183190,,6.82,1.9,0.1,-1.9
2025-08-11,183190,,6.86,4.5,-2.8,-1.3
2025-08-12,183190,,6.94,1.6,-2.5,0.9
2025-08-13,183190,,6.97,2.1,-3.2,1.1
2025-08-14,183190,,7.05,-2.0,-0.0,1.9
2025-08-18,183190,,7.01,-1.7,0.4,1.3
2025-08-19,183190,,6.97,-0.9,-0.0,0.9
2025-08-20,183190,,6.96,0.0,-0.8,0.8
2025-08-21,183190,,6.96,-2.1,-0.1,2.1
2025-08-22,183190,,6.92,-1.3,-0.1,1.3
2025-08-25,183190,,6.89,-1.5,-0.6,2.5
2025-08-26,183190,,6.89,3.9,-5.0,1.1
2025-08-27,183190,,6.98,0.1,0.8,0.2
2025-08-28,183190,,6.95,-0.9,0.0,0.8
2025-08-29,183190,13730.0,6.93,-1.2,-0.2,1.5
2025-09-01,183190,,6.92,1.8,-3.0,1.2
2025-09-02,183190,,6.96,-0.5,0.3,0.2
2025-09-03,183190,,6.95,1.3,-3.0,0.7
2025-09-04,183190,,6.98,-0.8,-0.1,0.3
2025-09-05,183190,,6.96,0.8,-1.4,0.6
2025-09-08,183190,,6.98,-0.3,-2.4,2.5
2025-09-09,183190,,6.97,3.8,-5.6,1.9
2025-09-10,183190,,7.05,4.8,-1.7,-2.2
2025-09-11,183190,,7.14,-2.2,0.1,2.1
2025-09-12,183190,,7.1,-2.0,-0.0,2.1
2025-09-15,183190,,7.06,2.4,-3.0,0.3
2025-09-16,183190,,7.11,0.9,-6.3,5.1
2025-09-17,183190,,7.13,-0.6,-1.4,2.1
2025-09-18,183190,,7.11,0.1,-7.6,6.7
2025-09-19,183190,,7.12,0.1,-3.2,3.1
2025-09-22,183190,,7.12,3.5,-4.8,0.8
2025-09-23,183190,,7.19,2.3,-4.0,1.6
2025-09-24,183190,,7.24,-0.5,-0.1,-1.4
2025-09-25,183190,,7.23,-0.6,-0.0,0.4
2025-09-26,183190,,7.2,1.4,0.1,-1.3
2025-09-29,183190,,7.23,-2.0,0.1,1.9
2025-09-30,183190,12270.0,7.18,-1.1,-0.2,1.4
2025-10-01,183190,,7.16,1.1,-3.9,2.8
2025-10-02,183190,,7.18,1.2,-3.6,2.4
2025-10-10,183190,,7.21,0.7,1.7,-0.6
2025-10-13,183190,,7.23,-2.1,1.6,0.5
2025-10-14,183190,,7.18,-1.0,-0.7,4.1
2025-10-15,183190,,7.16,0.5,0.6,-1.1
2025-10-16,183190,,7.17,-1.0,-0.3,1.2
2025-10-17,183190,,7.15,-0.8,1.7,-1.1
2025-10-20,183190,,7.13,-0.9,0.8,0.1
2025-10-21,183190,,7.11,-0.5,-0.0,2.9
2025-10-22,183190,,7.1,-1.8,0.6,1.1
2025-10-23,183190,,7.06,-1.9,0.2,1.7
2025-10-24,183190,,7.01,-0.5,-1.6,1.9
2025-10-27,183190,,7.02,-0.6,-1.5,0.5
2025-10-28,183190,,7.0,-1.8,0.3,1.4
2025-10-29,183190,,6.96,-1.2,-0.1,1.2
2025-10-30,183190,,6.94,-2.6,3.1,-0.7
2025-10-31,183190,12200.0,6.88,-2.2,1.8,0.3
2025-11-03,183190,,6.79,-0.9,2.0,-1.1
2025-11-04,183190,,6.77,2.1,0.4,-2.5
2025-11-05,183190,,6.82,-0.5,1.0,-0.5
2025-11-06,183190,,6.81,0.3,0.3,-0.6
2025-11-07,183190,,6.82,-1.8,0.3,1.5
2025-11-10,183190,,6.77,3.3,0.1,-1.3
2025-11-11,183190,,6.8,1.2,0.6,-1.4
2025-11-12,183190,,6.83,0.8,-0.9,0.3
2025-11-13,183190,,6.84,-1.8,0.1,1.7
2025-11-14,183190,,6.81,-0.0,-1.2,1.3
2025-11-17,183190,,6.83,-3.4,0.5,2.9
2025-11-18,183190,,6.76,-3.5,0.4,3.1
2025-11-19,183190,,6.68,-1.9,0.8,1.2
2025-11-20,183190,,6.63,-0.5,0.2,0.4
2025-11-21,183190,,6.62,-1.2,-0.1,1.2
2025-11-24,183190,,6.76,-3.1,0.7,2.4
2025-11-25,183190,,6.69,-3.4,0.3,3.1
2025-11-26,183190,,6.57,1.2,0.5,-1.7
2025-11-27,183190,,6.6,-0.6,0.4,0.1
2025-11-28,183190,11960.0,6.59,-0.9,0.4,0.5
2025-12-01,183190,,6.58,-3.6,0.8,2.4
2025-12-02,183190,,6.53,-0.0,0.0,-0.0
2025-12-03,183190,,6.53,0.6,0.3,-1.0
2025-12-04,183190,,6.55,-2.4,-0.8,2.9
2025-12-05,183190,,6.49,0.5,0.4,-0.9
2025-12-08,183190,,6.5,-4.2,0.4,3.8
2025-12-09,183190,,6.41,-2.7,0.6,2.2
2025-12-10,183190,,6.42,-1.6,0.1,1.5
2025-12-11,183190,,6.38,-29.0,2.8,27.6
2025-12-12,183190,,5.8,0.7,-1.5,-0.3
2025-12-15,183190,,5.82,0.5,-0.1,-0.8
2025-12-16,183190,,5.83,4.6,-0.8,-4.2
2025-12-17,183190,,6.02,1.9,1.0,-2.7
2025-12-18,183190,,6.04,-1.9,-0.2,2.8
2025-12-19,183190,,6.0,-6.6,-2.8,7.6
2025-12-22,183190,,5.86,6.0,-4.3,-1.2
2025-12-23,183190,,5.99,4.4,-2.2,-1.6
2025-12-24,183190,,6.08,1.9,-1.8,0.4
2025-12-26,183190,,6.14,-1.0,-0.9,1.7
2025-12-29,183190,,5.9,-4.7,-1.3,5.9
2025-12-30,183190,12020.0,5.79,1.7,-1.7,0.4
2026-01-02,183190,,5.81,-1.0,-0.0,1.1
2026-01-05,183190,,5.79,-1.1,-1.4,2.4
2026-01-06,183190,,5.89,-1.6,2.9,-1.1
2026-01-07,183190,,5.97,-2.5,1.4,1.0
2026-01-08,183190,,5.91,-0.9,-0.6,1.8
2026-01-09,183190,,5.89,-1.3,2.5,-0.7
2026-01-12,183190,,5.86,2.0,5.3,-6.1
2026-01-13,183190,,5.92,-3.5,-0.2,3.8
2026-01-14,183190,,5.83,-1.0,-0.0,1.5
2026-01-15,183190,,5.81,-1.9,-1.2,3.0
2026-01-16,183190,,5.77,-1.5,-0.0,1.5
2026-01-19,183190,,5.72,0.9,-0.3,-0.8
2026-01-20,183190,,5.75,1.4,-1.1,-0.3
2026-01-21,183190,,5.78,-0.6,0.4,0.1
2026-01-22,183190,,5.75,0.2,0.6,-0.7
2026-01-23,183190,,5.76,5.0,-5.3,0.2
2026-01-26,183190,,5.88,0.4,-0.1,-0.3
2026-01-27,183190,,5.88,1.1,2.6,-4.1
2026-01-28,183190,,5.93,1.6,3.3,-4.6
2026-01-29,183190,,6.01,-0.2,0.3,-0.2
2026-01-30,183190,12520.0,6.01,1.0,3.2,-4.1
2026-02-02,183190,,6.03,0.1,3.1,-2.5
2026-02-03,183190,,6.04,3.0,1.8,-4.9
2026-02-04,183190,,6.1,1.1,2.9,-4.3
2026-02-05,183190,,6.11,0.6,0.7,-1.0
2026-02-06,183190,,6.12,1.0,0.6,-1.7
2026-02-09,183190,,6.15,-1.3,-0.3,1.6
2026-02-10,183190,,6.09,3.2,0.6,-4.5
2026-02-11,183190,,6.15,0.3,0.2,-0.7
2026-02-12,183190,,6.14,-0.3,-0.1,0.5
2026-02-13,183190,,6.12,2.5,-0.4,-2.0
2026-02-19,183190,,6.17,1.9,-0.8,-1.3
2026-02-20,183190,,6.21,2.6,-0.8,-2.0
2026-02-23,183190,,6.27,1.4,-0.8,-1.0
2026-02-24,183190,,6.27,4.2,-5.1,1.0
2026-02-25,183190,,6.36,3.6,-1.1,-4.2
2026-02-26,183190,,6.36,-1.4,0.1,1.3
2026-02-27,183190,12680.0,6.31,1.4,-1.1,-0.8
2026-03-03,183190,,6.33,3.7,0.4,-3.7
2026-03-04,183190,,6.45,-3.2,-5.4,8.6
2026-03-05,183190,,6.33,-2.6,-0.5,1.8
2026-03-06,183190,,6.25,0.6,1.4,-2.1
2026-03-09,183190,,6.26,2.9,-0.8,-2.0
2026-03-10,183190,,6.32,-2.0,-2.0,3.8
2026-03-11,183190,,6.2,-1.5,0.3,1.7
2026-03-12,183190,,6.17,-0.3,0.1,0.3
2026-03-13,183190,,6.16,-1.2,-0.0,1.3
2026-03-16,183190,,6.13,-0.0,-0.3,0.3
2026-03-17,183190,,6.13,0.2,-0.5,0.3
2026-03-18,183190,,6.13,-1.0,-2.4,3.3
2026-03-19,183190,,6.07,-2.0,-0.1,2.1
2026-03-20,183190,,6.02,2.4,-5.2,2.8
2026-03-23,183190,,6.09,-12.9,0.3,12.2
2026-03-24,183190,,5.77,-5.4,-0.2,5.4
2026-03-25,183190,,5.64,-3.0,0.1,2.9
2026-03-26,183190,,5.57,2.6,-3.4,0.6
2026-03-27,183190,,5.63,-8.8,0.0,8.7
2026-03-30,183190,,5.41,-6.1,0.1,6.0
2026-03-31,183190,10380.0,5.26,-4.9,0.0,4.7
2026-04-01,183190,,5.12,-2.1,-3.5,5.4
2026-04-02,183190,,5.08,-3.3,0.2,3.1
2026-04-03,183190,,4.98,-1.4,0.3,1.9
2026-04-06,183190,,4.94,2.3,-3.0,2.2
2026-04-07,183190,,4.99,-2.8,0.7,2.4
2026-04-08,183190,,4.91,1.2,-3.3,2.1
2026-04-09,183190,,4.95,-2.8,0.1,2.7
2026-04-10,183190,,4.87,-1.3,-0.0,1.2
2026-04-13,183190,,4.83,-2.1,0.9,1.0
2026-04-14,183190,,4.84,-1.3,-0.5,1.3
2026-04-15,183190,,4.89,-22.7,-19.8,49.8
2026-04-16,183190,,4.32,-3.2,-0.3,7.9
2026-04-17,183190,,4.25,-2.0,-0.8,11.2
2026-04-20,183190,,4.2,0.5,-8.6,11.1
2026-04-21,183190,,4.2,0.2,-1.5,2.8
2026-04-22,183190,,4.23,-1.3,0.3,0.9
2026-04-23,183190,,4.18,1.1,-1.3,0.4
2026-04-24,183190,,4.21,-0.0,-2.0,2.0
2026-04-27,183190,,4.21,-0.9,-3.3,4.2
2026-04-28,183190,,4.19,0.9,-1.4,0.4
2026-04-29,183190,,4.21,1.5,-3.4,1.9
2026-04-30,183190,11730.0,4.25,-0.6,-4.7,5.5
2026-05-04,183190,,4.24,-0.8,-1.1,2.0
2026-05-06,183190,,4.22,-0.5,-0.2,1.1
2026-05-07,183190,,4.21,-0.8,-0.3,0.9
2026-05-08,183190,,4.18,-0.3,0.1,0.2
2026-05-11,183190,,4.18,-2.0,-0.4,2.6
2026-05-12,183190,,4.12,-1.9,-0.9,2.7
2026-05-13,183190,,4.05,-2.2,-1.1,3.4
2026-05-14,183190,,4.1,1.9,-4.7,2.9
2026-05-15,183190,,4.12,-1.4,-2.7,4.3
2026-05-18,183190,,3.98,0.6,-0.3,-0.7
2026-05-19,183190,,4.15,1.8,-0.4,-1.3
2026-05-20,183190,,4.21,-3.9,-1.1,5.3
2026-05-21,183190,,4.28,-1.4,-0.7,2.2
2026-05-22,183190,,4.24,0.5,-1.1,0.6
2026-05-26,183190,,4.26,-2.1,-1.6,3.7
2026-05-27,183190,,4.05,-1.4,-3.2,4.6
2026-05-28,183190,,4.01,-0.8,-0.6,1.3
2026-05-29,183190,9960.0,3.99,-0.9,-0.1,1.0
2026-06-01,183190,,3.96,-1.4,-0.1,1.6
2026-06-02,183190,,3.92,-0.1,-0.9,1.0
2026-06-04,183190,,3.96,-0.5,-0.6,0.6
2026-06-05,183190,,3.96,-0.7,0.0,0.5
2026-06-08,183190,,3.96,-2.0,0.1,1.8
2026-06-09,183190,,3.94,0.4,0.4,-0.9
2026-06-10,183190,,3.96,-0.4,0.3,0.1
2026-06-11,183190,,3.95,0.2,-0.7,0.5
2026-06-12,183190,,3.95,1.3,0.1,-1.4
2026-06-15,183190,,3.99,-0.7,-0.4,1.2
2026-06-16,183190,,3.95,-0.3,-0.1,0.4
2026-06-17,183190,,3.94,-0.5,-0.1,0.7
2026-06-18,183190,,3.89,0.9,-0.1,-0.8
2026-06-19,183190,,3.91,-0.9,-0.2,1.1
2026-06-22,183190,,3.88,0.1,0.1,-0.2
2026-06-23,183190,,3.89,0.7,-0.2,-0.5
2026-06-24,183190,,3.9,0.4,-0.4,-0.0
2026-06-25,183190,,4.13,1.1,-1.5,0.7
2026-06-26,183190,,4.02,1.1,-0.3,-0.7
2026-06-29,183190,,4.08,-8.2,-6.9,15.0
2026-06-30,183190,9230.0,3.91,-1.5,-0.8,1.8
2026-07-01,183190,,3.9,0.3,0.2,-0.4
2026-07-02,183190,,3.93,2.7,-0.5,-2.4
2026-07-03,183190,,4.06,6.1,-0.1,-6.1
2026-07-06,183190,,4.25,0.5,0.0,-0.5
2026-07-07,183190,,4.28,-3.4,-0.0,3.1
2026-07-08,183190,,4.1,0.8,0.3,-1.1
2026-07-09,183190,,4.13,0.4,0.7,-1.4
2026-07-10,183190,,4.14,4.2,-1.1,-3.1
2026-07-13,183190,9100.0,4.27,0.8,-0.3,-0.5
2025-07-14,183300,,20.61,20.5,-29.7,8.2
2025-07-15,183300,,20.91,8.1,-13.5,6.5
2025-07-16,183300,,21.02,-9.6,-3.4,8.5
2025-07-17,183300,,20.86,-13.8,-5.1,17.6
2025-07-18,183300,,20.67,-20.2,-7.3,26.5
2025-07-21,183300,,20.14,-12.0,-10.7,11.3
2025-07-22,183300,,19.91,-15.0,-27.1,29.9
2025-07-23,183300,,19.66,3.7,-4.0,-1.6
2025-07-24,183300,,19.7,-9.2,-2.6,11.7
2025-07-25,183300,,19.55,13.6,-18.9,5.5
2025-07-28,183300,,19.75,-18.6,52.1,-37.8
2025-07-29,183300,,19.48,-9.0,51.4,-40.9
2025-07-30,183300,,19.56,-1.0,19.9,-18.2
2025-07-31,183300,,19.47,35.9,-14.5,-15.7
2025-08-01,183300,,19.94,10.1,-12.7,2.8
2025-08-04,183300,,20.06,-10.8,4.0,5.8
2025-08-05,183300,,19.84,-21.4,12.4,8.7
2025-08-06,183300,,19.48,-11.6,-3.4,15.5
2025-08-07,183300,,19.3,-33.4,52.7,-14.0
2025-08-08,183300,,18.97,-65.1,118.4,-52.4
2025-08-11,183300,,18.34,-32.6,59.2,-30.8
2025-08-12,183300,,17.92,34.3,-2.2,-32.2
2025-08-13,183300,,18.33,-17.1,15.6,2.7
2025-08-14,183300,,18.05,18.0,9.6,-28.5
2025-08-18,183300,,18.25,32.7,-13.2,-21.3
2025-08-19,183300,,18.77,19.8,-10.4,-5.1
2025-08-20,183300,,19.09,-11.7,0.5,10.3
2025-08-21,183300,,18.94,-28.7,24.6,1.3
2025-08-22,183300,,18.58,-7.4,9.4,-2.3
2025-08-25,183300,,18.44,-20.0,31.7,-12.1
2025-08-26,183300,,18.19,54.0,8.4,-57.5
2025-08-27,183300,,18.95,-8.1,7.1,1.3
2025-08-28,183300,,18.81,4.7,-6.2,2.4
2025-08-29,183300,82500.0,18.86,10.8,-0.1,-12.1
2025-09-01,183300,,19.0,13.7,1.6,-6.9
2025-09-02,183300,,19.16,-17.4,1.2,15.7
2025-09-03,183300,,18.94,-5.6,1.3,3.4
2025-09-04,183300,,18.83,4.2,-1.3,-5.3
2025-09-05,183300,,18.88,-15.2,24.1,-8.2
2025-09-08,183300,,18.66,10.5,-8.4,-1.3
2025-09-09,183300,,18.75,-9.3,32.6,-24.4
2025-09-10,183300,,18.66,-7.5,8.8,-2.3
2025-09-11,183300,,18.56,-28.9,12.1,14.8
2025-09-12,183300,,18.27,26.5,88.3,-120.8
2025-09-15,183300,,18.66,11.4,-9.2,0.1
2025-09-16,183300,,18.73,-1.4,2.8,-2.8
2025-09-17,183300,,18.7,25.5,-18.9,-6.2
2025-09-18,183300,,18.92,-3.2,8.7,-8.4
2025-09-19,183300,,18.84,-14.9,22.0,-7.4
2025-09-22,183300,,18.69,-0.8,3.9,-1.6
2025-09-23,183300,,18.61,39.9,-26.7,-10.8
2025-09-24,183300,,19.05,42.7,-24.3,-19.7
2025-09-25,183300,,19.47,61.9,-16.8,-44.2
2025-09-26,183300,,20.05,-6.2,9.7,-1.4
2025-09-29,183300,,19.94,-16.7,15.0,3.2
2025-09-30,183300,97400.0,19.7,2.3,-0.5,-1.4
2025-10-01,183300,,19.72,-24.0,38.3,-14.6
2025-10-02,183300,,19.47,6.0,6.3,-13.1
2025-10-10,183300,,19.55,9.5,17.9,-24.3
2025-10-13,183300,,19.59,-24.5,14.2,11.0
2025-10-14,183300,,19.34,37.4,-3.5,-30.7
2025-10-15,183300,,19.66,7.9,-14.7,5.9
2025-10-16,183300,,19.7,13.3,-2.0,-12.6
2025-10-17,183300,,19.84,17.9,-7.8,-7.6
2025-10-20,183300,,20.02,58.0,12.8,-63.6
2025-10-21,183300,,20.52,-1.1,-16.6,15.0
2025-10-22,183300,,20.47,-0.5,-7.2,6.4
2025-10-23,183300,,20.5,-3.4,11.5,-8.5
2025-10-24,183300,,20.45,-5.7,18.6,-10.5
2025-10-27,183300,,20.42,40.4,11.6,-50.6
2025-10-28,183300,,20.81,25.2,-7.0,-15.8
2025-10-29,183300,,21.0,16.0,-12.9,-4.6
2025-10-30,183300,,21.12,27.9,-22.4,-6.2
2025-10-31,183300,110700.0,21.3,70.6,-43.6,-27.2
2025-11-03,183300,,21.89,115.1,-105.5,-6.6
2025-11-04,183300,,22.97,-0.3,-2.3,3.4
2025-11-05,183300,,22.95,-23.1,4.6,18.8
2025-11-06,183300,,22.7,0.3,3.4,-3.3
2025-11-07,183300,,22.69,77.4,-63.9,-12.9
2025-11-10,183300,,23.31,19.5,-19.1,0.6
2025-11-11,183300,,23.52,-19.3,41.2,-21.0
2025-11-12,183300,,23.34,-17.2,-5.9,23.3
2025-11-13,183300,,23.09,-8.4,-9.4,16.7
2025-11-14,183300,,23.02,45.9,-81.1,35.0
2025-11-17,183300,,23.27,-3.6,-18.5,18.1
2025-11-18,183300,,23.19,48.7,-91.7,40.1
2025-11-19,183300,,23.75,-20.6,12.4,8.2
2025-11-20,183300,,23.69,-2.6,-33.1,35.6
2025-11-21,183300,,23.62,20.9,-33.5,12.5
2025-11-24,183300,,23.89,32.1,-21.1,-13.5
2025-11-25,183300,,24.3,-15.3,-11.2,26.9
2025-11-26,183300,,24.19,-60.3,27.6,28.7
2025-11-27,183300,,23.56,-15.4,-13.6,28.5
2025-11-28,183300,86700.0,23.33,-28.1,-0.7,28.6
2025-12-01,183300,,23.02,-57.7,16.0,41.2
2025-12-02,183300,,22.34,-37.1,28.0,9.5
2025-12-03,183300,,21.78,-27.5,5.2,21.0
2025-12-04,183300,,21.52,-3.4,-18.8,22.1
2025-12-05,183300,,21.52,-2.6,-9.8,11.8
2025-12-08,183300,,21.45,-28.9,-12.9,40.6
2025-12-09,183300,,21.16,-29.9,3.3,25.6
2025-12-10,183300,,20.8,-11.9,-2.3,14.2
2025-12-11,183300,,20.69,-1.3,-24.2,25.2
2025-12-12,183300,,20.61,-3.0,-4.1,7.3
2025-12-15,183300,,20.58,-11.5,-4.1,15.4
2025-12-16,183300,,20.44,-14.9,7.1,8.2
2025-12-17,183300,,20.25,-17.9,10.8,6.9
2025-12-18,183300,,20.05,-14.2,5.8,8.3
2025-12-19,183300,,19.91,-19.1,16.8,2.1
2025-12-22,183300,,19.7,-7.2,24.3,-16.3
2025-12-23,183300,,19.66,-21.5,4.2,16.8
2025-12-24,183300,,19.34,-15.8,16.7,-0.9
2025-12-26,183300,,19.16,-21.8,33.7,-11.0
2025-12-29,183300,,18.58,-28.2,-111.7,139.8
2025-12-30,183300,88400.0,17.97,-10.2,-0.1,10.0
2026-01-02,183300,,17.88,-15.8,39.5,-21.0
2026-01-05,183300,,17.8,-55.3,11.7,42.9
2026-01-06,183300,,17.41,-33.2,10.3,23.6
2026-01-07,183300,,17.48,-32.1,9.3,24.1
2026-01-08,183300,,17.38,-1.7,-2.6,6.1
2026-01-09,183300,,17.52,-14.8,-4.3,19.4
2026-01-12,183300,,17.44,-21.7,23.2,-0.6
2026-01-13,183300,,17.2,-11.6,-9.5,21.3
2026-01-14,183300,,17.11,1.6,5.6,-8.7
2026-01-15,183300,,17.2,-8.4,4.8,2.0
2026-01-16,183300,,17.11,-3.9,3.1,2.4
2026-01-19,183300,,17.08,-11.9,26.9,-14.0
2026-01-20,183300,,16.95,-25.0,-10.9,35.3
2026-01-21,183300,,16.66,19.1,16.6,-35.4
2026-01-22,183300,,16.88,-25.8,12.0,13.2
2026-01-23,183300,,16.55,13.6,-11.4,-2.9
2026-01-26,183300,,16.77,11.4,95.5,-104.0
2026-01-27,183300,,17.06,-16.8,76.0,-54.0
2026-01-28,183300,,16.77,-6.3,136.5,-131.8
2026-01-29,183300,,16.7,41.9,27.0,-64.7
2026-01-30,183300,126700.0,16.98,70.3,81.7,-151.8
2026-02-02,183300,,17.55,103.9,-22.3,-80.2
2026-02-03,183300,,18.41,-17.5,54.0,-37.8
2026-02-04,183300,,18.12,8.2,-1.7,-11.1
2026-02-05,183300,,18.02,58.0,-77.1,17.6
2026-02-06,183300,,18.52,42.3,-39.5,-1.5
2026-02-09,183300,,18.89,-18.5,16.7,1.9
2026-02-10,183300,,18.67,-15.8,-34.4,46.4
2026-02-11,183300,,18.47,40.9,-54.4,13.3
2026-02-12,183300,,18.86,-7.5,20.2,-10.3
2026-02-13,183300,,18.8,-4.3,-13.8,17.9
2026-02-19,183300,,18.73,-13.1,17.3,-4.5
2026-02-20,183300,,18.59,-16.9,5.5,10.4
2026-02-23,183300,,18.44,-3.2,-4.2,9.6
2026-02-24,183300,,18.44,25.5,15.2,-40.6
2026-02-25,183300,,18.73,-26.5,-5.4,32.2
2026-02-26,183300,,18.41,3.4,15.4,-21.2
2026-02-27,183300,111200.0,18.12,10.1,5.2,-14.3
2026-03-03,183300,,18.16,5.0,-1.1,-6.2
2026-03-04,183300,,18.38,51.8,-47.5,-0.0
2026-03-05,183300,,18.91,5.3,45.1,-49.8
2026-03-06,183300,,18.98,34.4,-2.9,-32.1
2026-03-09,183300,,19.3,-10.9,-2.9,15.5
2026-03-10,183300,,19.08,31.4,16.6,-46.7
2026-03-11,183300,,19.3,-8.4,2.2,1.4
2026-03-12,183300,,19.12,-30.8,52.4,-22.1
2026-03-13,183300,,18.89,-19.2,-7.9,26.7
2026-03-16,183300,,18.66,-10.3,20.4,-8.5
2026-03-17,183300,,18.59,-9.6,65.1,-58.3
2026-03-18,183300,,18.59,-20.1,56.0,-37.3
2026-03-19,183300,,18.42,-3.7,19.1,-17.9
2026-03-20,183300,,18.39,-15.8,-3.0,17.5
2026-03-23,183300,,18.2,9.9,4.9,-14.4
2026-03-24,183300,,18.34,11.7,-19.5,8.0
2026-03-25,183300,,18.45,0.6,23.1,-23.8
2026-03-26,183300,,18.48,-23.9,-9.6,33.8
2026-03-27,183300,,18.2,-2.2,-5.4,9.0
2026-03-30,183300,,18.2,0.7,-19.1,18.3
2026-03-31,183300,107300.0,18.19,41.5,-30.4,-9.9
2026-04-01,183300,,18.59,-17.7,49.2,-32.9
2026-04-02,183300,,18.53,33.1,9.5,-44.2
2026-04-03,183300,,18.84,-30.5,-7.8,38.2
2026-04-06,183300,,18.52,-1.7,1.4,2.5
2026-04-07,183300,,18.5,-24.6,30.4,-5.7
2026-04-08,183300,,18.31,-13.1,-10.4,24.9
2026-04-09,183300,,18.2,77.1,-16.4,-60.8
2026-04-10,183300,,18.98,7.1,147.0,-150.9
2026-04-13,183300,,19.08,-41.9,52.8,-9.7
2026-04-14,183300,,18.88,-64.4,82.5,-19.3
2026-04-15,183300,,18.66,-13.5,11.0,2.6
2026-04-16,183300,,18.44,112.8,114.8,-222.4
2026-04-17,183300,,19.42,-65.4,82.8,-17.4
2026-04-20,183300,,18.94,-8.6,-3.6,15.5
2026-04-21,183300,,18.8,-30.6,-15.0,39.7
2026-04-22,183300,,18.34,41.4,-10.2,-30.4
2026-04-23,183300,,18.7,21.5,-4.9,-15.3
2026-04-24,183300,,18.81,-28.3,9.6,15.3
2026-04-27,183300,,18.58,-1.2,-38.0,39.4
2026-04-28,183300,,18.52,-12.1,8.4,3.1
2026-04-29,183300,,18.58,53.8,-73.8,19.1
2026-04-30,183300,141600.0,18.88,4.7,-16.0,6.9
2026-05-04,183300,,18.89,-12.7,8.4,4.0
2026-05-06,183300,,18.72,-30.1,-18.7,48.5
2026-05-07,183300,,18.38,-18.2,9.6,9.5
2026-05-08,183300,,18.17,13.5,1.1,-14.3
2026-05-11,183300,,18.25,8.2,-7.6,1.4
2026-05-12,183300,,18.23,165.1,-145.7,-17.3
2026-05-13,183300,,19.34,28.6,-23.0,4.5
2026-05-14,183300,,19.73,33.3,-43.5,9.8
2026-05-15,183300,,19.64,-1.0,-28.7,34.8
2026-05-18,183300,,19.3,-13.6,0.5,11.9
2026-05-19,183300,,19.55,32.2,-36.1,3.3
2026-05-20,183300,,19.8,3.2,-6.2,4.2
2026-05-21,183300,,19.95,14.7,-4.6,-7.4
2026-05-22,183300,,20.05,1.2,85.6,-80.9
2026-05-26,183300,,20.19,-50.4,-27.8,71.8
2026-05-27,183300,,19.44,91.9,-47.4,-51.4
2026-05-28,183300,,20.27,82.4,-96.7,17.0
2026-05-29,183300,90000.0,21.19,47.2,-48.0,4.2
2026-06-01,183300,,21.58,6.8,13.5,-19.9
2026-06-02,183300,,21.62,-21.8,-3.8,22.7
2026-06-04,183300,,21.34,19.6,-5.3,-15.3
2026-06-05,183300,,21.66,-17.2,52.3,-32.7
2026-06-08,183300,,21.5,22.2,3.0,-25.2
2026-06-09,183300,,21.69,17.8,-3.5,-13.9
2026-06-10,183300,,21.91,19.7,40.3,-61.2
2026-06-11,183300,,22.14,26.3,-102.8,77.8
2026-06-12,183300,,22.17,2.9,-43.0,34.2
2026-06-15,183300,,20.59,21.8,-172.6,145.0
2026-06-16,183300,,20.44,73.7,-52.4,-19.4
2026-06-17,183300,,20.75,53.9,-24.4,-29.4
2026-06-18,183300,,21.03,38.8,-34.7,-5.4
2026-06-19,183300,,21.39,65.8,-54.8,-7.6
2026-06-22,183300,,21.69,69.7,-38.8,-32.9
2026-06-23,183300,,22.08,41.7,-22.8,-15.8
2026-06-24,183300,,22.34,27.0,6.6,-32.8
2026-06-25,183300,,22.56,80.8,-51.6,-25.2
2026-06-26,183300,,22.84,51.6,5.8,-56.1
2026-06-29,183300,,23.48,6.1,17.3,-22.4
2026-06-30,183300,94000.0,23.52,-9.5,4.4,6.0
2026-07-01,183300,,23.34,-11.7,-4.9,15.4
2026-07-02,183300,,23.25,65.4,-73.4,7.3
2026-07-03,183300,,23.62,39.6,-39.6,1.1
2026-07-06,183300,,23.86,50.2,-40.8,-10.8
2026-07-07,183300,,24.2,15.2,-22.9,4.4
2026-07-08,183300,,24.28,27.6,-2.1,-25.7
2026-07-09,183300,,24.55,-14.4,42.7,-26.4
2026-07-10,183300,,24.52,-32.0,44.3,-12.0
2026-07-13,183300,79600.0,24.27,23.8,-36.5,13.6
2025-07-14,183490,,3.82,-0.2,,-0.2
2025-07-15,183490,,3.79,0.0,,-0.0
2025-07-16,183490,,3.88,-0.4,,0.4
2025-07-17,183490,,3.84,0.1,,-0.7
2025-07-18,183490,,3.85,-0.1,,0.0
2025-07-21,183490,,3.98,-0.2,-0.0,0.2
2025-07-22,183490,,3.96,-0.4,,0.1
2025-07-23,183490,,3.92,0.1,-0.0,0.3
2025-07-24,183490,,3.92,-0.8,,0.8
2025-07-25,183490,,3.77,-0.3,-0.0,0.3
2025-07-28,183490,,3.74,-0.7,,0.7
2025-07-29,183490,,3.66,-0.1,,0.1
2025-07-30,183490,,3.65,-0.1,-0.0,0.1
2025-07-31,183490,,3.64,-0.6,,0.6
2025-08-01,183490,,3.56,-0.0,,0.0
2025-08-04,183490,,3.56,0.2,-0.0,0.2
2025-08-05,183490,,3.58,0.2,,-0.1
2025-08-06,183490,,3.6,0.3,,-0.3
2025-08-07,183490,,3.64,-0.0,,0.1
2025-08-08,183490,,3.63,-0.4,,0.4
2025-08-11,183490,,3.59,0.2,-0.0,-0.2
2025-08-12,183490,,3.6,0.2,-0.0,-0.2
2025-08-13,183490,,3.62,-0.1,-0.0,0.0
2025-08-14,183490,,3.61,-0.1,,0.1
2025-08-18,183490,,3.59,0.1,-0.0,-0.1
2025-08-19,183490,,3.6,-1.9,,1.8
2025-08-20,183490,,3.37,-1.5,-0.0,1.6
2025-08-21,183490,,3.18,-0.1,0.2,-0.2
2025-08-22,183490,,3.17,0.2,0.3,-0.6
2025-08-25,183490,,3.19,-0.1,0.6,-0.5
2025-08-26,183490,,3.19,-0.4,0.1,0.3
2025-08-27,183490,,3.14,-0.3,0.6,-0.3
2025-08-28,183490,,3.1,-0.7,0.3,0.5
2025-08-29,183490,1003.0,3.02,-0.5,0.5,-0.0
2025-09-01,183490,,2.97,-1.0,0.4,0.7
2025-09-02,183490,,2.85,2.4,0.3,-2.7
2025-09-03,183490,,3.13,0.4,0.1,-0.5
2025-09-04,183490,,3.18,0.8,0.3,-1.2
2025-09-05,183490,,3.27,1.3,0.2,-1.5
2025-09-08,183490,,3.42,0.4,0.0,-0.4
2025-09-09,183490,,3.46,0.1,0.3,-0.4
2025-09-10,183490,,3.48,0.7,0.2,-0.9
2025-09-11,183490,,3.56,-0.8,0.2,0.6
2025-09-12,183490,,3.47,0.5,-0.4,-0.1
2025-09-15,183490,,3.46,0.1,0.1,-0.2
2025-09-16,183490,,3.47,0.2,0.3,-0.4
2025-09-17,183490,,3.49,0.3,0.0,-0.3
2025-09-18,183490,,3.52,0.5,0.1,-0.6
2025-09-19,183490,,3.57,-0.3,0.3,-0.0
2025-09-22,183490,,3.53,0.9,0.2,-1.1
2025-09-23,183490,,3.62,0.2,0.2,-0.4
2025-09-24,183490,,3.65,-1.6,0.3,1.1
2025-09-25,183490,,3.49,-0.2,0.2,0.0
2025-09-26,183490,,3.47,0.8,0.1,-1.0
2025-09-29,183490,,3.49,0.3,-0.0,-0.3
2025-09-30,183490,1085.0,3.53,0.0,0.2,-0.2
2025-10-01,183490,,3.53,0.1,0.3,-0.4
2025-10-02,183490,,3.55,2.0,-0.0,-1.8
2025-10-10,183490,,3.78,1.1,0.1,-1.4
2025-10-13,183490,,3.89,-0.0,0.3,-0.4
2025-10-14,183490,,3.89,-0.6,0.1,0.6
2025-10-15,183490,,3.83,-0.1,-0.0,0.2
2025-10-16,183490,,3.82,-1.3,0.3,0.9
2025-10-17,183490,,3.67,0.2,0.3,-0.5
2025-10-20,183490,,3.68,-0.6,0.3,0.3
2025-10-21,183490,,3.61,-1.1,0.5,0.5
2025-10-22,183490,,3.49,-0.6,0.2,0.5
2025-10-23,183490,,3.42,-0.3,0.3,0.2
2025-10-24,183490,,3.39,-1.5,0.3,1.1
2025-10-27,183490,,3.22,0.7,0.5,-1.2
2025-10-28,183490,,3.3,-0.3,0.3,0.2
2025-10-29,183490,,3.27,-1.3,0.2,1.0
2025-10-30,183490,,3.12,0.2,0.8,-1.1
2025-10-31,183490,1017.0,3.15,0.4,0.3,-0.7
2025-11-03,183490,,3.19,-1.4,0.0,1.6
2025-11-04,183490,,3.03,0.7,0.7,-1.4
2025-11-05,183490,,3.11,-0.6,1.0,0.4
2025-11-06,183490,,3.04,0.8,0.6,-1.4
2025-11-07,183490,,3.14,0.6,-0.2,-0.3
2025-11-10,183490,,3.2,0.1,1.0,-1.1
2025-11-11,183490,,3.07,-0.8,1.0,-0.2
2025-11-12,183490,,2.98,1.2,1.6,-2.7
2025-11-13,183490,,3.12,0.1,1.7,-1.9
2025-11-14,183490,,3.07,0.7,1.5,-2.4
2025-11-17,183490,,3.19,1.6,0.0,-1.8
2025-11-18,183490,,3.34,-1.7,0.6,1.3
2025-11-19,183490,,3.18,-1.3,0.5,1.1
2025-11-20,183490,,3.06,0.4,1.2,-1.4
2025-11-21,183490,,3.09,-1.9,1.8,0.6
2025-11-24,183490,,2.91,-1.8,1.7,0.5
2025-11-25,183490,,2.73,-0.9,1.2,-0.3
2025-11-26,183490,,2.63,1.8,0.3,-2.1
2025-11-27,183490,,2.81,0.0,0.1,-0.2
2025-11-28,183490,1169.0,2.82,-0.0,,0.1
2025-12-01,183490,,2.93,-0.6,,0.7
2025-12-02,183490,,2.9,0.4,-0.0,-0.4
2025-12-03,183490,,2.99,-0.4,,0.4
2025-12-04,183490,,2.95,-0.3,,1.5
2025-12-05,183490,,2.92,-0.6,,0.6
2025-12-08,183490,,2.86,-0.2,-0.0,0.2
2025-12-09,183490,,2.83,-0.5,,0.5
2025-12-10,183490,,2.78,-0.5,-0.2,0.7
2025-12-11,183490,,2.73,0.2,,-0.2
2025-12-12,183490,,2.75,2.0,0.0,-0.9
2025-12-15,183490,,2.95,7.9,-0.0,-7.8
2025-12-16,183490,,3.69,-0.4,,0.7
2025-12-17,183490,,3.83,2.1,-0.1,-2.0
2025-12-18,183490,,4.01,-0.6,,0.6
2025-12-19,183490,,3.96,2.1,,-1.0
2025-12-22,183490,,4.12,0.9,,-0.7
2025-12-23,183490,,4.19,-2.1,-0.0,2.1
2025-12-24,183490,,4.09,0.2,0.0,-0.0
2025-12-26,183490,,4.11,-0.3,0.2,0.2
2025-12-29,183490,,4.09,1.4,0.3,-1.6
2025-12-30,183490,1530.0,4.19,-3.8,3.7,0.5
2026-01-02,183490,,3.91,-1.3,0.5,0.9
2026-01-05,183490,,3.81,-0.6,-0.4,1.2
2026-01-06,183490,,3.75,1.0,0.5,-1.4
2026-01-07,183490,,4.2,0.4,0.0,-0.4
2026-01-08,183490,,4.24,-0.4,-0.1,0.5
2026-01-09,183490,,4.2,1.0,0.9,-2.0
2026-01-12,183490,,4.3,-0.1,-0.0,0.2
2026-01-13,183490,,4.39,0.3,-0.1,-0.1
2026-01-14,183490,,4.42,-1.7,0.2,1.5
2026-01-15,183490,,4.26,0.3,-0.7,0.5
2026-01-16,183490,,4.29,0.1,0.6,-0.6
2026-01-19,183490,,4.29,-0.3,-0.0,0.1
2026-01-20,183490,,4.26,-0.2,-0.4,0.6
2026-01-21,183490,,4.24,-0.2,0.3,-0.2
2026-01-22,183490,,4.22,0.4,0.3,-0.6
2026-01-23,183490,,4.24,-0.9,-0.2,1.0
2026-01-26,183490,,4.16,1.4,-4.5,3.1
2026-01-27,183490,,4.28,0.5,0.8,-1.4
2026-01-28,183490,,4.33,-0.5,-3.4,4.0
2026-01-29,183490,,4.17,0.6,-0.6,0.0
2026-01-30,183490,1272.0,4.23,-1.5,-0.5,1.9
2026-02-02,183490,,4.09,-0.7,-0.1,0.8
2026-02-03,183490,,4.02,-1.4,0.1,1.3
2026-02-04,183490,,3.83,-0.1,-0.1,0.3
2026-02-05,183490,,3.82,-0.2,0.0,0.1
2026-02-06,183490,,3.81,0.0,1.4,-1.4
2026-02-09,183490,,3.81,0.5,-0.0,-0.4
2026-02-10,183490,,3.87,0.4,0.0,-0.4
2026-02-11,183490,,3.89,-0.0,-0.1,0.2
2026-02-12,183490,,3.89,0.1,0.1,-0.2
2026-02-13,183490,,3.9,-1.6,-0.2,1.8
2026-02-19,183490,,3.74,0.3,0.0,-0.4
2026-02-20,183490,,3.77,-0.1,-0.0,-0.1
2026-02-23,183490,,3.76,6.6,-7.2,0.6
2026-02-24,183490,,4.17,-2.5,-1.8,4.3
2026-02-25,183490,,3.94,-1.6,-2.8,4.3
2026-02-26,183490,,3.78,-1.1,-0.1,1.2
2026-02-27,183490,1129.0,3.67,-0.9,-0.1,0.9
2026-03-03,183490,,3.58,-0.2,-0.0,0.2
2026-03-04,183490,,3.56,-0.8,0.5,0.3
2026-03-05,183490,,3.47,1.6,-1.0,-0.8
2026-03-06,183490,,3.65,0.4,0.0,-0.5
2026-03-09,183490,,3.69,-0.8,0.0,0.7
2026-03-10,183490,,3.61,-1.2,-0.0,1.2
2026-03-11,183490,,3.48,-1.0,-0.0,1.0
2026-03-12,183490,,3.36,0.6,0.0,-0.6
2026-03-13,183490,,3.43,-0.4,-1.9,2.3
2026-03-16,183490,,3.41,0.1,-0.5,0.4
2026-03-17,183490,,3.42,0.0,-0.0,0.0
2026-03-18,183490,,3.42,-0.1,0.0,0.1
2026-03-19,183490,,3.22,-0.5,0.4,0.1
2026-03-20,183490,,3.16,0.0,0.0,-0.1
2026-03-23,183490,,3.16,-2.9,-0.0,2.9
2026-03-24,183490,,2.82,,,
2026-03-25,183490,,2.82,,,
2026-03-26,183490,,2.82,,,
2026-03-27,183490,,2.82,,,
2026-03-30,183490,,2.82,,,
2026-03-31,183490,990.0,2.82,,,
2026-04-01,183490,,2.82,,,
2026-04-02,183490,,2.82,,,
2026-04-03,183490,,2.82,,,
2026-04-06,183490,,2.82,,,
2026-04-07,183490,,2.82,,,
2026-04-08,183490,,2.82,,,
2026-04-09,183490,,2.83,,,
2026-04-10,183490,,2.83,,,
2026-04-13,183490,,2.83,,,
2026-04-14,183490,,2.83,,,
2026-04-15,183490,,3.1,,,
2026-04-16,183490,,3.09,,,
2026-04-17,183490,,3.09,,,
2026-04-20,183490,,3.09,,,
2026-04-21,183490,,3.09,,,
2026-04-22,183490,,3.09,,,
2026-04-23,183490,,3.09,,,
2026-04-24,183490,,3.09,,,
2026-04-27,183490,,3.09,,,
2026-04-28,183490,,3.09,,,
2026-04-29,183490,,3.09,,,
2026-04-30,183490,990.0,2.99,,,
2026-05-04,183490,,2.99,,,
2026-05-06,183490,,2.99,,,
2026-05-07,183490,,2.99,,,
2026-05-08,183490,,2.99,,,
2026-05-11,183490,,2.99,,,
2026-05-12,183490,,2.99,,,
2026-05-13,183490,,2.99,,,
2026-05-14,183490,,2.99,,,
2026-05-15,183490,,2.99,,,
2026-05-18,183490,,2.8,,,
2026-05-19,183490,,2.78,,,
2026-05-20,183490,,2.78,,,
2026-05-21,183490,,2.78,,,
2026-05-22,183490,,2.78,,,
2026-05-26,183490,,2.78,,,
2026-05-27,183490,,2.78,,,
2026-05-28,183490,,2.78,,,
2026-05-29,183490,990.0,2.78,,,
2026-06-01,183490,,2.78,,,
2026-06-02,183490,,2.78,,,
2026-06-04,183490,,2.78,,,
2026-06-05,183490,,2.78,,,
2026-06-08,183490,,2.78,,,
2026-06-09,183490,,2.78,,,
2026-06-10,183490,,2.78,,,
2026-06-11,183490,,2.78,,,
2026-06-12,183490,,2.78,,,
2026-06-15,183490,,2.78,,,
2026-06-16,183490,,2.78,,,
2026-06-17,183490,,2.78,,,
2026-06-18,183490,,2.78,,,
2026-06-19,183490,,2.78,,,
2026-06-22,183490,,2.78,,,
2026-06-23,183490,,2.78,,,
2026-06-24,183490,,2.78,,,
2026-06-25,183490,,2.78,,,
2026-06-26,183490,,2.78,,,
2026-06-29,183490,,2.8,,,
2026-06-30,183490,990.0,2.8,,,
2026-07-01,183490,,2.8,,,
2026-07-02,183490,,2.8,,,
2026-07-03,183490,,2.8,,,
2026-07-06,183490,,2.8,,,
2026-07-07,183490,,2.8,,,
2026-07-08,183490,,2.8,,,
2026-07-09,183490,,2.8,,,
2026-07-10,183490,,2.8,,,
2026-07-13,183490,990.0,2.8,,,
2025-07-14,184230,,0.75,-0.8,1.1,32.1
2025-07-15,184230,,0.61,-0.1,-1.3,26.8
2025-07-16,184230,,0.58,0.2,-0.0,0.2
2025-07-17,184230,,0.62,-0.5,0.0,0.4
2025-07-18,184230,,0.56,-0.8,-0.0,1.1
2025-07-21,184230,,0.53,0.0,0.0,-0.1
2025-07-22,184230,,0.53,-0.2,-0.0,0.3
2025-07-23,184230,,0.49,0.8,0.0,-1.0
2025-07-24,184230,,0.65,0.2,-0.0,-0.3
2025-07-25,184230,,0.68,0.4,0.0,-0.4
2025-07-28,184230,,0.76,0.4,-0.0,-0.5
2025-07-29,184230,,0.83,-1.0,-0.0,0.8
2025-07-30,184230,,0.67,-0.1,0.0,0.0
2025-07-31,184230,,0.65,0.2,0.0,-0.4
2025-08-01,184230,,0.69,-0.2,-0.0,-0.7
2025-08-04,184230,,0.66,-0.1,-0.0,0.1
2025-08-05,184230,,0.63,0.0,0.0,-0.2
2025-08-06,184230,,0.64,0.3,-0.0,-0.6
2025-08-07,184230,,0.7,0.0,0.0,-0.1
2025-08-08,184230,,0.7,-0.1,0.0,0.1
2025-08-11,184230,,0.68,1.8,0.0,-2.0
2025-08-12,184230,,1.02,-0.1,-0.0,0.1
2025-08-13,184230,,1.0,0.6,0.0,-1.1
2025-08-14,184230,,1.12,0.2,-0.0,-0.2
2025-08-18,184230,,1.17,-3.0,0.0,2.8
2025-08-19,184230,,0.67,1.2,-0.0,-1.5
2025-08-20,184230,,0.91,1.0,0.0,-1.0
2025-08-21,184230,,1.1,0.4,0.0,-0.3
2025-08-22,184230,,1.17,-0.0,0.0,-0.2
2025-08-25,184230,,1.17,1.1,-0.0,-1.2
2025-08-26,184230,,1.38,0.1,-0.0,-0.0
2025-08-27,184230,,1.4,-0.1,0.0,-0.0
2025-08-28,184230,,1.39,0.6,0.0,-0.8
2025-08-29,184230,762.0,1.5,-3.3,-0.0,3.9
2025-09-01,184230,,1.04,2.8,0.0,-3.1
2025-09-02,184230,,1.5,0.2,-0.0,-0.4
2025-09-03,184230,,1.54,0.6,0.0,-0.6
2025-09-04,184230,,1.64,0.5,-0.0,-0.6
2025-09-05,184230,,1.74,0.1,0.0,-0.2
2025-09-08,184230,,1.76,-0.6,-0.0,0.7
2025-09-09,184230,,1.67,0.4,-0.0,-0.3
2025-09-10,184230,,1.73,0.8,-0.0,-0.9
2025-09-11,184230,,1.86,-0.3,0.0,0.4
2025-09-12,184230,,1.81,1.0,0.0,-1.8
2025-09-15,184230,,1.98,0.1,-0.0,-0.5
2025-09-16,184230,,1.99,1.1,0.0,-1.2
2025-09-17,184230,,2.16,-0.1,-0.0,-0.3
2025-09-18,184230,,2.15,3.6,-0.0,-3.5
2025-09-19,184230,,2.73,0.2,0.0,-0.3
2025-09-22,184230,,2.76,-0.2,0.1,-0.1
2025-09-23,184230,,2.72,0.4,-0.0,-0.3
2025-09-24,184230,,2.78,-6.5,0.0,5.5
2025-09-25,184230,,1.83,0.9,0.0,-0.6
2025-09-26,184230,,1.97,-0.2,-0.0,0.2
2025-09-29,184230,,1.94,0.4,0.5,-1.0
2025-09-30,184230,759.0,2.0,-0.2,-0.1,0.2
2025-10-01,184230,,1.97,-0.1,0.0,0.0
2025-10-02,184230,,1.95,-0.1,-0.2,0.3
2025-10-10,184230,,1.94,-0.3,0.3,-0.1
2025-10-13,184230,,1.9,-0.1,0.1,0.6
2025-10-14,184230,,1.88,0.1,-0.1,0.1
2025-10-15,184230,,1.9,0.0,0.3,-0.3
2025-10-16,184230,,1.91,-0.2,-0.1,0.2
2025-10-17,184230,,1.88,-1.2,-0.1,1.1
2025-10-20,184230,,1.68,0.2,0.0,-0.3
2025-10-21,184230,,1.71,0.3,0.0,-0.3
2025-10-22,184230,,1.77,-0.2,0.1,0.1
2025-10-23,184230,,1.73,-0.3,0.2,0.3
2025-10-24,184230,,1.69,-0.3,-0.2,0.5
2025-10-27,184230,,1.64,0.4,0.0,-0.5
2025-10-28,184230,,1.71,0.2,-0.4,0.2
2025-10-29,184230,,1.74,-0.2,-0.3,0.4
2025-10-30,184230,,1.71,-0.2,0.2,0.2
2025-10-31,184230,716.0,1.67,0.6,0.4,-1.3
2025-11-03,184230,,1.77,-0.2,-0.1,0.3
2025-11-04,184230,,1.73,-0.1,-0.1,0.4
2025-11-05,184230,,1.72,-0.3,-0.1,0.4
2025-11-06,184230,,1.67,-0.2,-0.1,0.3
2025-11-07,184230,,1.64,-0.1,-0.0,0.1
2025-11-10,184230,,1.61,0.1,0.1,-0.2
2025-11-11,184230,,1.64,0.2,0.1,-0.3
2025-11-12,184230,,1.67,0.1,-0.0,-0.1
2025-11-13,184230,,1.68,-0.1,-0.1,0.2
2025-11-14,184230,,1.67,-1.5,0.1,1.3
2025-11-17,184230,,1.46,0.7,-0.2,-0.3
2025-11-18,184230,,1.57,-0.3,0.2,0.1
2025-11-19,184230,,1.52,0.3,-0.0,-0.3
2025-11-20,184230,,1.57,0.2,-0.2,0.0
2025-11-21,184230,,1.6,-0.1,-0.1,0.3
2025-11-24,184230,,1.57,0.7,0.2,-0.9
2025-11-25,184230,,1.68,0.4,0.0,-0.5
2025-11-26,184230,,1.75,0.2,0.3,-0.6
2025-11-27,184230,,1.98,-0.2,-0.2,0.4
2025-11-28,184230,738.0,1.96,0.5,-0.1,-0.3
2025-12-01,184230,,2.04,0.5,0.1,-0.6
2025-12-02,184230,,2.16,0.2,0.0,-0.2
2025-12-03,184230,,2.19,-0.1,-0.1,0.2
2025-12-04,184230,,2.18,0.0,-0.0,-0.0
2025-12-05,184230,,2.18,-0.2,-0.1,0.2
2025-12-08,184230,,2.16,-0.5,0.0,0.3
2025-12-09,184230,,2.07,-0.2,-0.2,0.3
2025-12-10,184230,,2.04,-0.4,-0.0,0.3
2025-12-11,184230,,1.97,-0.2,-0.0,0.1
2025-12-12,184230,,1.94,-0.1,0.1,-0.1
2025-12-15,184230,,1.93,-0.2,0.1,0.7
2025-12-16,184230,,1.89,-0.3,-0.2,0.6
2025-12-17,184230,,2.07,-0.1,-0.1,0.1
2025-12-18,184230,,2.05,-0.2,-0.0,0.5
2025-12-19,184230,,2.03,0.1,0.0,-0.1
2025-12-22,184230,,2.05,0.1,0.1,2.4
2025-12-23,184230,,2.05,-1.2,-0.0,1.2
2025-12-24,184230,,1.85,0.0,0.0,-0.1
2025-12-26,184230,,1.86,-0.3,-0.0,0.3
2025-12-29,184230,,1.81,-0.3,-0.1,0.5
2025-12-30,184230,628.0,1.76,-2.3,,2.4
2026-01-02,184230,,1.38,-0.3,,0.7
2026-01-05,184230,,1.33,-0.1,,0.2
2026-01-06,184230,,1.32,-0.3,,0.3
2026-01-07,184230,,1.3,-0.2,,0.2
2026-01-08,184230,,1.27,-0.1,,0.1
2026-01-09,184230,,1.26,0.0,,-0.0
2026-01-12,184230,,1.27,0.4,,-0.4
2026-01-13,184230,,1.34,0.1,,0.1
2026-01-14,184230,,1.58,-0.2,,0.2
2026-01-15,184230,,1.54,-0.4,,0.4
2026-01-16,184230,,1.46,-0.3,,0.3
2026-01-19,184230,,1.4,-0.2,,0.2
2026-01-20,184230,,1.36,0.1,,-0.1
2026-01-21,184230,,1.37,-0.2,,0.2
2026-01-22,184230,,1.34,-0.2,,0.2
2026-01-23,184230,,1.3,0.3,,-0.3
2026-01-26,184230,,1.36,0.2,,-0.0
2026-01-27,184230,,1.38,-0.0,,0.5
2026-01-28,184230,,1.39,0.2,,-0.2
2026-01-29,184230,,1.43,-0.3,,0.3
2026-01-30,184230,609.0,1.37,0.1,,0.0
2026-02-02,184230,,1.38,-0.3,,0.3
2026-02-03,184230,,1.32,0.1,,-0.1
2026-02-04,184230,,1.35,0.1,,-0.1
2026-02-05,184230,,1.37,-0.1,,0.1
2026-02-06,184230,,1.35,0.1,,-0.1
2026-02-09,184230,,1.37,-0.4,,0.4
2026-02-10,184230,,1.3,0.1,,-0.1
2026-02-11,184230,,1.49,-0.0,,0.0
2026-02-12,184230,,1.45,0.1,,-0.1
2026-02-13,184230,,1.47,-0.5,,0.5
2026-02-19,184230,,1.37,0.6,,-0.6
2026-02-20,184230,,1.49,-0.3,,-0.2
2026-02-23,184230,,1.55,0.0,,-0.0
2026-02-24,184230,,1.57,0.5,,-0.5
2026-02-25,184230,,1.67,0.9,,-0.9
2026-02-26,184230,,1.83,0.9,,14.0
2026-02-27,184230,616.0,1.76,-1.4,,1.4
2026-03-03,184230,,1.53,1.9,,-1.9
2026-03-04,184230,,1.89,0.0,,0.0
2026-03-05,184230,,1.95,0.4,,-0.4
2026-03-06,184230,,2.03,0.0,,-0.0
2026-03-09,184230,,2.04,1.3,,-1.3
2026-03-10,184230,,2.33,-0.1,,0.1
2026-03-11,184230,,2.31,0.2,,-0.2
2026-03-12,184230,,2.34,0.2,,-0.2
2026-03-13,184230,,2.37,0.1,,-0.1
2026-03-16,184230,,2.4,-0.1,,0.1
2026-03-17,184230,,2.38,-0.3,,0.3
2026-03-18,184230,,2.32,-0.1,,0.3
2026-03-19,184230,,2.2,-0.0,,0.0
2026-03-20,184230,,2.2,-0.1,,0.1
2026-03-23,184230,,2.18,-0.1,,0.1
2026-03-24,184230,,2.15,-0.0,,0.0
2026-03-25,184230,,2.14,-0.2,,0.2
2026-03-26,184230,,2.08,-0.1,,0.1
2026-03-27,184230,,2.07,-0.0,,0.0
2026-03-30,184230,,2.08,0.1,,-0.0
2026-03-31,184230,525.0,2.1,-0.2,,0.2
2026-04-01,184230,,2.04,0.1,,-0.1
2026-04-02,184230,,2.04,-0.2,,0.2
2026-04-03,184230,,1.99,-0.1,,0.1
2026-04-06,184230,,1.97,-0.4,,0.4
2026-04-07,184230,,1.88,0.5,,-0.5
2026-04-08,184230,,1.99,-0.1,,0.1
2026-04-09,184230,,1.98,-0.1,,0.1
2026-04-10,184230,,1.95,-0.0,,0.0
2026-04-13,184230,,1.95,0.1,,-0.1
2026-04-14,184230,,1.98,-0.5,-0.0,0.5
2026-04-15,184230,,1.87,-3.5,,3.2
2026-04-16,184230,,1.29,3.4,,1.1
2026-04-17,184230,,1.72,-5.3,-0.0,6.3
2026-04-20,184230,,1.17,-1.5,,7.2
2026-04-21,184230,,1.0,-2.6,,6.4
2026-04-22,184230,,0.81,-1.8,-0.0,1.6
2026-04-23,184230,,0.78,1.3,,-0.7
2026-04-24,184230,,1.04,0.9,,-0.6
2026-04-27,184230,,1.14,-0.6,-0.0,0.5
2026-04-28,184230,,1.06,2.9,,11.2
2026-04-29,184230,,1.44,0.0,0.9,0.7
2026-04-30,184230,754.0,1.39,-0.7,1.1,1.9
2026-05-04,184230,,1.29,,,
2026-05-06,184230,,1.29,,,
2026-05-07,184230,,1.29,,,
2026-05-08,184230,,1.29,,,
2026-05-11,184230,,1.29,,,
2026-05-12,184230,,1.29,,,
2026-05-13,184230,,1.29,,,
2026-05-14,184230,,1.29,,,
2026-05-15,184230,,1.29,,,
2026-05-18,184230,,0.0,0.1,-0.9,2.7
2026-05-19,184230,,0.0,-0.6,-0.9,1.5
2026-05-20,184230,,0.0,1.1,-0.0,-1.0
2026-05-21,184230,,0.0,-0.6,-0.0,1.3
2026-05-22,184230,,0.0,1.0,-0.0,-0.2
2026-05-26,184230,,0.0,-4.0,,4.7
2026-05-27,184230,,0.0,-1.2,0.0,1.1
2026-05-28,184230,,0.0,1.8,-0.0,-1.8
2026-05-29,184230,3190.0,0.0,-0.8,0.1,0.4
2026-06-01,184230,,0.0,1.9,0.1,-2.1
2026-06-02,184230,,0.0,2.1,0.2,-2.6
2026-06-04,184230,,0.0,-1.6,0.0,1.6
2026-06-05,184230,,0.0,3.8,-0.4,-3.4
2026-06-08,184230,,0.0,0.1,-0.0,-0.1
2026-06-09,184230,,0.0,-1.6,0.0,1.6
2026-06-10,184230,,0.0,1.4,-0.0,-1.4
2026-06-11,184230,,0.0,-0.2,-0.0,0.4
2026-06-12,184230,,0.0,0.5,-0.0,-0.4
2026-06-15,184230,,0.0,-0.8,0.0,0.8
2026-06-16,184230,,0.0,-0.3,-0.0,0.3
2026-06-17,184230,,0.0,0.2,0.0,-0.2
2026-06-18,184230,,0.0,0.1,-0.0,-0.1
2026-06-19,184230,,0.0,-0.5,-0.1,0.4
2026-06-22,184230,,0.0,0.4,0.0,-0.4
2026-06-23,184230,,0.0,0.1,0.0,-0.0
2026-06-24,184230,,0.0,-0.2,-0.0,0.2
2026-06-25,184230,,0.0,0.1,-0.0,-0.2
2026-06-26,184230,,0.0,-0.1,-0.0,0.1
2026-06-29,184230,,0.0,-0.2,-0.0,0.2
2026-06-30,184230,1847.0,0.0,0.2,0.0,-0.2
2026-07-01,184230,,0.0,-0.0,-0.0,0.1
2026-07-02,184230,,0.0,-0.2,-0.0,0.1
2026-07-03,184230,,0.0,0.0,-0.0,-0.0
2026-07-06,184230,,0.0,-0.3,-0.0,0.3
2026-07-07,184230,,0.0,0.0,0.0,-0.0
2026-07-08,184230,,0.0,-0.2,-0.0,0.2
2026-07-09,184230,,0.0,-0.0,0.0,-0.0
2026-07-10,184230,,0.0,0.2,-0.0,-0.2
2026-07-13,184230,1745.0,0.0,-0.4,-0.0,0.4
2025-07-14,185490,,0.7,1.7,,-1.7
2025-07-15,185490,,0.88,0.9,,-0.9
2025-07-16,185490,,0.98,-0.5,,0.6
2025-07-17,185490,,0.93,0.4,,-0.4
2025-07-18,185490,,0.97,-0.1,,0.0
2025-07-21,185490,,0.95,0.8,,-0.8
2025-07-22,185490,,1.04,-0.4,,0.4
2025-07-23,185490,,1.0,-0.0,,-0.1
2025-07-24,185490,,1.0,-0.2,-0.0,0.3
2025-07-25,185490,,0.97,0.7,,-0.7
2025-07-28,185490,,1.05,-0.5,,0.6
2025-07-29,185490,,0.99,0.1,,-0.1
2025-07-30,185490,,1.0,-0.5,,0.5
2025-07-31,185490,,0.94,0.2,,-0.2
2025-08-01,185490,,0.96,-0.2,,0.2
2025-08-04,185490,,0.94,0.9,,-0.8
2025-08-05,185490,,1.04,0.6,,-0.7
2025-08-06,185490,,1.12,-0.1,,0.1
2025-08-07,185490,,1.1,-0.1,,0.0
2025-08-08,185490,,1.1,1.2,,-1.4
2025-08-11,185490,,1.24,1.4,,-1.4
2025-08-12,185490,,1.39,-0.9,,0.9
2025-08-13,185490,,1.28,-0.0,,-0.1
2025-08-14,185490,,1.28,-0.3,,0.2
2025-08-18,185490,,1.25,-0.4,,0.4
2025-08-19,185490,,1.2,0.0,,0.0
2025-08-20,185490,,1.2,-0.0,,0.0
2025-08-21,185490,,1.19,-0.1,,0.1
2025-08-22,185490,,1.18,-0.4,-0.2,0.5
2025-08-25,185490,,1.14,0.2,,-0.2
2025-08-26,185490,,1.17,-0.0,,0.0
2025-08-27,185490,,1.17,0.1,,-0.1
2025-08-28,185490,,1.18,0.1,,-0.1
2025-08-29,185490,2815.0,1.2,0.3,,-0.4
2025-09-01,185490,,1.24,0.1,,-0.1
2025-09-02,185490,,1.25,0.7,,-0.7
2025-09-03,185490,,1.35,-0.5,,0.4
2025-09-04,185490,,1.29,0.1,,-0.1
2025-09-05,185490,,1.31,-0.2,,0.2
2025-09-08,185490,,1.28,0.1,,-0.1
2025-09-09,185490,,1.3,0.0,,-0.0
2025-09-10,185490,,1.3,0.4,,-0.4
2025-09-11,185490,,1.34,-0.1,,0.1
2025-09-12,185490,,1.33,0.1,,-0.1
2025-09-15,185490,,1.34,-0.0,,1.1
2025-09-16,185490,,1.33,-0.0,,0.0
2025-09-17,185490,,1.33,-2.1,,4.1
2025-09-18,185490,,1.01,1.3,,-1.3
2025-09-19,185490,,1.19,-0.2,,0.2
2025-09-22,185490,,1.15,0.5,,-0.5
2025-09-23,185490,,1.21,0.5,,-0.5
2025-09-24,185490,,1.28,0.2,,-0.2
2025-09-25,185490,,1.31,0.6,,-0.6
2025-09-26,185490,,1.4,-0.0,,-0.1
2025-09-29,185490,,1.39,0.0,,0.8
2025-09-30,185490,2460.0,1.4,0.4,,0.3
2025-10-01,185490,,1.46,-0.0,,0.0
2025-10-02,185490,,1.45,0.4,,0.6
2025-10-10,185490,,1.51,0.0,,-0.0
2025-10-13,185490,,1.52,0.5,,-0.5
2025-10-14,185490,,1.6,0.2,,0.1
2025-10-15,185490,,1.62,1.7,,-0.6
2025-10-16,185490,,1.89,-0.5,,0.5
2025-10-17,185490,,1.82,-0.7,,0.7
2025-10-20,185490,,1.71,0.2,,-0.2
2025-10-21,185490,,1.74,-0.2,,0.2
2025-10-22,185490,,1.71,0.3,,-0.3
2025-10-23,185490,,1.79,1.1,,-1.1
2025-10-24,185490,,1.98,-6.9,,6.4
2025-10-27,185490,,0.92,1.3,,-1.3
2025-10-28,185490,,1.04,1.1,,-1.1
2025-10-29,185490,,1.29,-0.2,,0.4
2025-10-30,185490,,1.25,0.7,,-0.7
2025-10-31,185490,1851.0,1.4,-0.0,,0.0
2025-11-03,185490,,1.39,-0.1,,0.1
2025-11-04,185490,,1.38,0.5,,-0.5
2025-11-05,185490,,1.47,0.4,,-0.4
2025-11-06,185490,,1.51,0.2,,-0.2
2025-11-07,185490,,1.56,0.2,-1.5,1.3
2025-11-10,185490,,1.61,0.0,,-0.0
2025-11-11,185490,,1.62,0.3,,-0.3
2025-11-12,185490,,1.68,0.0,,0.1
2025-11-13,185490,,1.69,0.3,,-0.4
2025-11-14,185490,,1.76,0.4,,-0.4
2025-11-17,185490,,1.85,-0.2,,0.2
2025-11-18,185490,,1.81,0.8,,-0.8
2025-11-19,185490,,1.97,0.5,,-0.5
2025-11-20,185490,,2.08,-0.6,,0.6
2025-11-21,185490,,1.96,-0.1,,0.1
2025-11-24,185490,,1.94,-0.1,,0.1
2025-11-25,185490,,1.91,0.1,,-0.1
2025-11-26,185490,,1.94,-0.0,,-0.0
2025-11-27,185490,,1.93,-1.7,-3.1,4.8
2025-11-28,185490,1607.0,1.54,1.5,0.0,-1.5
2025-12-01,185490,,1.89,0.9,-0.6,-0.2
2025-12-02,185490,,2.11,0.6,-0.3,-0.3
2025-12-03,185490,,2.26,0.3,-0.1,-0.3
2025-12-04,185490,,2.35,0.4,-0.8,0.5
2025-12-05,185490,,2.43,-1.2,,1.2
2025-12-08,185490,,2.2,-2.7,-0.0,2.7
2025-12-09,185490,,1.72,-1.3,-0.0,1.3
2025-12-10,185490,,1.46,-0.2,,0.2
2025-12-11,185490,,1.42,-0.1,,0.1
2025-12-12,185490,,1.41,-0.8,,0.8
2025-12-15,185490,,1.25,-0.6,,0.6
2025-12-16,185490,,1.14,5.9,,-10.0
2025-12-17,185490,,2.14,-7.3,-0.3,11.8
2025-12-18,185490,,1.01,-0.6,-14.2,15.4
2025-12-19,185490,,0.86,1.5,-0.7,-0.8
2025-12-22,185490,,1.96,3.1,-0.7,-2.5
2025-12-23,185490,,2.41,1.2,-0.1,-1.2
2025-12-24,185490,,2.58,0.0,-0.0,-0.0
2025-12-26,185490,,2.58,2.5,-0.0,-2.5
2025-12-29,185490,,2.92,3.3,-0.3,-2.9
2025-12-30,185490,1739.0,3.35,-1.5,-0.0,1.7
2026-01-02,185490,,3.15,-0.2,0.0,0.2
2026-01-05,185490,,3.13,1.2,-0.1,-1.2
2026-01-06,185490,,3.43,-0.7,0.0,0.7
2026-01-07,185490,,3.77,0.4,-0.0,-0.4
2026-01-08,185490,,3.82,-0.2,-0.3,0.5
2026-01-09,185490,,3.79,0.0,0.0,-0.0
2026-01-12,185490,,3.8,-2.6,0.0,2.5
2026-01-13,185490,,3.48,-0.0,0.0,-0.0
2026-01-14,185490,,3.47,-1.7,0.0,1.7
2026-01-15,185490,,3.22,0.1,,-0.1
2026-01-16,185490,,3.24,0.0,,-0.0
2026-01-19,185490,,3.25,0.1,0.0,-0.2
2026-01-20,185490,,3.27,0.1,,-0.1
2026-01-21,185490,,3.28,-0.9,,0.9
2026-01-22,185490,,3.14,-0.7,-1.8,2.5
2026-01-23,185490,,3.04,0.6,,-0.6
2026-01-26,185490,,3.18,0.5,0.0,-0.5
2026-01-27,185490,,3.26,0.4,,-0.4
2026-01-28,185490,,3.31,0.3,0.0,-0.4
2026-01-29,185490,,3.36,0.1,0.0,-0.1
2026-01-30,185490,1495.0,3.38,-0.9,,0.9
2026-02-02,185490,,3.25,-1.4,0.0,1.4
2026-02-03,185490,,3.02,-0.5,0.0,0.5
2026-02-04,185490,,2.94,1.3,-0.2,-1.2
2026-02-05,185490,,3.14,0.4,0.0,-0.4
2026-02-06,185490,,3.21,-0.3,,0.3
2026-02-09,185490,,3.16,-0.0,0.0,0.0
2026-02-10,185490,,3.15,0.4,,-0.4
2026-02-11,185490,,3.22,-1.0,-0.7,1.7
2026-02-12,185490,,3.06,-1.3,-0.9,2.7
2026-02-13,185490,,2.85,-1.1,,1.1
2026-02-19,185490,,2.68,-1.6,,1.5
2026-02-20,185490,,2.41,0.3,-1.1,0.8
2026-02-23,185490,,2.46,0.0,,-0.1
2026-02-24,185490,,2.44,0.1,,-0.1
2026-02-25,185490,,2.46,-0.0,,0.0
2026-02-26,185490,,2.45,0.9,,-0.9
2026-02-27,185490,1308.0,2.61,-1.1,,1.1
2026-03-03,185490,,2.41,0.5,,-0.5
2026-03-04,185490,,2.5,-0.1,,0.1
2026-03-05,185490,,2.49,0.6,,-0.5
2026-03-06,185490,,2.59,0.4,-0.0,-0.4
2026-03-09,185490,,2.67,0.7,-0.0,-0.7
2026-03-10,185490,,2.83,-0.0,,0.0
2026-03-11,185490,,2.83,-0.2,,0.2
2026-03-12,185490,,2.42,1.2,,-1.2
2026-03-13,185490,,2.61,-1.8,,1.8
2026-03-16,185490,,2.32,0.1,,-0.1
2026-03-17,185490,,2.34,-0.2,,0.2
2026-03-18,185490,,2.31,-0.0,,0.0
2026-03-19,185490,,2.31,0.5,,0.0
2026-03-20,185490,,2.39,0.4,,-0.4
2026-03-23,185490,,2.45,0.2,,-0.2
2026-03-24,185490,,2.48,0.3,,-0.3
2026-03-25,185490,,3.25,0.6,,-0.5
2026-03-26,185490,,3.36,-0.1,,0.1
2026-03-27,185490,,3.36,0.4,,-0.3
2026-03-30,185490,,3.45,-0.2,,0.3
2026-03-31,185490,1425.0,3.42,-0.4,,0.4
2026-04-01,185490,,3.35,0.4,,-0.4
2026-04-02,185490,,3.42,-0.2,0.0,0.2
2026-04-03,185490,,3.35,-0.0,,0.1
2026-04-06,185490,,3.34,-0.2,,0.2
2026-04-07,185490,,3.31,-0.3,,0.3
2026-04-08,185490,,3.27,-0.1,,0.0
2026-04-09,185490,,3.26,-0.4,,0.4
2026-04-10,185490,,3.2,-0.0,,0.0
2026-04-13,185490,,3.19,-0.3,,0.3
2026-04-14,185490,,3.14,-0.2,,0.2
2026-04-15,185490,,3.11,-0.5,,0.5
2026-04-16,185490,,3.03,-0.2,,0.2
2026-04-17,185490,,3.0,-7.2,-0.1,7.6
2026-04-20,185490,,2.05,-2.3,,2.3
2026-04-21,185490,,1.72,-0.0,,-0.1
2026-04-22,185490,,1.67,-0.9,,0.9
2026-04-23,185490,,1.62,0.1,,-0.1
2026-04-24,185490,,1.64,-0.3,,0.2
2026-04-27,185490,,1.61,0.6,,-0.5
2026-04-28,185490,,1.72,-0.1,,0.1
2026-04-29,185490,,1.7,-0.2,-0.0,0.2
2026-04-30,185490,1432.0,1.67,-0.1,-0.0,0.1
2026-05-04,185490,,1.65,-0.6,0.0,0.6
2026-05-06,185490,,1.55,-1.0,-0.0,0.9
2026-05-07,185490,,1.39,-0.9,-0.0,1.0
2026-05-08,185490,,1.24,0.3,-0.0,-0.4
2026-05-11,185490,,1.29,0.2,0.0,-0.0
2026-05-12,185490,,1.34,-0.9,-0.0,1.0
2026-05-13,185490,,1.19,0.3,0.0,-0.5
2026-05-14,185490,,1.3,-0.1,0.0,0.1
2026-05-15,185490,,1.28,0.5,-0.0,-0.5
2026-05-18,185490,,1.36,-2.3,-0.0,2.3
2026-05-19,185490,,1.09,0.9,-0.0,-1.3
2026-05-20,185490,,1.3,8.9,0.2,-9.1
2026-05-21,185490,,2.3,-1.0,-0.2,1.1
2026-05-22,185490,,2.56,-12.8,-0.0,13.0
2026-05-26,185490,,1.59,-1.8,-0.2,2.1
2026-05-27,185490,,1.44,1.6,0.3,-1.9
2026-05-28,185490,,1.65,3.0,0.2,-4.0
2026-05-29,185490,1710.0,2.04,-0.1,0.2,0.1
2026-06-01,185490,,2.03,1.9,-0.0,-1.9
2026-06-02,185490,,2.3,0.0,-0.1,-0.0
2026-06-04,185490,,2.31,-0.8,-0.2,0.9
2026-06-05,185490,,2.19,-1.3,0.0,1.2
2026-06-08,185490,,2.0,-0.8,0.3,0.4
2026-06-09,185490,,1.87,-0.2,-0.0,0.3
2026-06-10,185490,,1.83,-1.2,0.0,1.3
2026-06-11,185490,,1.63,0.6,-0.0,-0.7
2026-06-12,185490,,1.73,0.3,0.0,-0.2
2026-06-15,185490,,1.78,-0.9,-0.0,0.9
2026-06-16,185490,,1.64,-0.2,-0.0,0.3
2026-06-17,185490,,1.6,0.1,-0.0,-0.1
2026-06-18,185490,,1.62,-0.8,0.0,0.9
2026-06-19,185490,,1.48,-0.4,0.0,0.6
2026-06-22,185490,,1.42,-0.3,-0.0,0.4
2026-06-23,185490,,1.37,0.5,-0.0,-0.5
2026-06-24,185490,,1.33,0.0,0.0,-0.0
2026-06-25,185490,,1.33,-0.0,-0.0,0.0
2026-06-26,185490,,1.32,-0.5,0.2,0.4
2026-06-29,185490,,1.23,0.8,0.0,-0.8
2026-06-30,185490,1316.0,1.36,-0.3,0.0,0.3
2026-07-01,185490,,1.29,0.1,0.1,-0.2
2026-07-02,185490,,1.3,0.5,-0.8,0.4
2026-07-03,185490,,1.38,0.3,-0.2,-0.1
2026-07-06,185490,,1.43,-0.0,-0.0,0.0
2026-07-07,185490,,1.42,-0.0,0.0,0.0
2026-07-08,185490,,1.42,-0.2,-0.0,0.2
2026-07-09,185490,,1.39,0.3,-0.0,-0.3
2026-07-10,185490,,1.43,0.4,-0.0,-0.4
2026-07-13,185490,1522.0,1.49,0.6,0.0,-0.7
2025-07-14,185750,,14.77,1.3,-5.8,4.6
2025-07-15,185750,,14.77,-0.8,-3.1,3.9
2025-07-16,185750,,14.77,-23.8,-2.8,25.1
2025-07-17,185750,,14.56,11.6,17.1,-28.4
2025-07-18,185750,,14.69,-3.2,-4.1,7.4
2025-07-21,185750,,14.64,-2.5,-7.1,9.2
2025-07-22,185750,,14.62,2.5,-6.4,3.7
2025-07-23,185750,,14.64,-1.0,1.9,-1.0
2025-07-24,185750,,14.63,-1.7,-0.2,1.9
2025-07-25,185750,,14.56,-3.6,-1.7,5.3
2025-07-28,185750,,14.51,-8.0,-5.1,12.9
2025-07-29,185750,,14.44,-17.7,-38.5,50.4
2025-07-30,185750,,14.34,-17.6,-30.7,47.0
2025-07-31,185750,,13.94,-1.8,-0.1,1.4
2025-08-01,185750,,13.92,-12.0,1.5,10.1
2025-08-04,185750,,13.8,-7.7,-1.8,9.4
2025-08-05,185750,,13.75,-0.2,-0.9,1.2
2025-08-06,185750,,13.98,-4.2,-5.1,9.1
2025-08-07,185750,,13.92,-10.3,0.7,9.2
2025-08-08,185750,,13.83,-0.9,-4.3,5.1
2025-08-11,185750,,13.82,1.2,-0.6,-0.7
2025-08-12,185750,,13.83,-6.5,-0.5,6.9
2025-08-13,185750,,13.78,0.9,0.2,-1.1
2025-08-14,185750,,13.79,-9.9,2.5,7.4
2025-08-18,185750,,13.84,-8.9,0.5,8.4
2025-08-19,185750,,13.76,-10.8,0.7,9.6
2025-08-20,185750,,13.67,-1.8,1.9,-0.2
2025-08-21,185750,,13.66,-0.3,0.1,0.2
2025-08-22,185750,,13.66,1.0,-2.1,1.1
2025-08-25,185750,,13.67,2.5,-4.4,1.7
2025-08-26,185750,,13.69,5.2,-8.7,3.5
2025-08-27,185750,,13.74,-2.7,-1.5,4.3
2025-08-28,185750,,13.7,0.4,1.0,-1.4
2025-08-29,185750,79900.0,13.7,-5.5,-6.0,11.4
2025-09-01,185750,,13.65,-3.5,-4.6,7.9
2025-09-02,185750,,13.61,1.8,-5.0,3.2
2025-09-03,185750,,13.63,0.5,-2.5,2.0
2025-09-04,185750,,13.63,2.3,-0.9,-1.5
2025-09-05,185750,,13.65,4.2,-5.7,1.5
2025-09-08,185750,,13.68,1.0,-0.1,-0.9
2025-09-09,185750,,13.69,-4.4,-1.9,6.4
2025-09-10,185750,,13.65,-1.0,4.4,-3.3
2025-09-11,185750,,13.65,-4.1,5.0,-0.9
2025-09-12,185750,,13.62,0.6,-1.3,1.5
2025-09-15,185750,,13.62,3.2,-5.5,2.3
2025-09-16,185750,,13.65,5.1,2.5,-7.6
2025-09-17,185750,,13.73,1.8,17.1,-20.1
2025-09-18,185750,,13.77,28.3,20.2,-48.6
2025-09-19,185750,,14.13,1.2,-38.5,37.2
2025-09-22,185750,,14.09,11.8,-4.7,-6.3
2025-09-23,185750,,14.23,5.1,-1.3,-3.6
2025-09-24,185750,,14.27,-9.7,2.9,6.8
2025-09-25,185750,,14.15,-2.1,-0.4,2.6
2025-09-26,185750,,14.13,-2.1,-5.8,12.0
2025-09-29,185750,,14.09,1.1,1.6,-2.7
2025-09-30,185750,82100.0,14.11,-8.4,24.6,-16.3
2025-10-01,185750,,14.05,0.9,-1.9,1.0
2025-10-02,185750,,13.97,8.1,-1.3,-5.6
2025-10-10,185750,,14.06,0.2,-8.4,8.3
2025-10-13,185750,,14.05,6.0,-8.7,2.9
2025-10-14,185750,,14.11,-1.5,-1.5,3.0
2025-10-15,185750,,14.09,7.0,-4.9,-2.0
2025-10-16,185750,,14.16,3.8,-2.7,-1.1
2025-10-17,185750,,14.19,0.6,-7.8,7.5
2025-10-20,185750,,14.2,3.0,-3.3,0.3
2025-10-21,185750,,14.26,-6.4,-4.3,10.6
2025-10-22,185750,,14.21,-9.4,-4.7,14.0
2025-10-23,185750,,14.12,-12.3,6.3,5.9
2025-10-24,185750,,14.01,-1.5,8.1,-6.4
2025-10-27,185750,,14.0,13.8,-3.0,-10.8
2025-10-28,185750,,14.16,4.9,-0.6,-4.4
2025-10-29,185750,,14.2,-1.3,-0.8,2.1
2025-10-30,185750,,14.19,-5.5,-3.2,8.6
2025-10-31,185750,82800.0,14.13,12.9,0.5,-12.9
2025-11-03,185750,,14.25,4.6,-1.6,-3.7
2025-11-04,185750,,14.29,10.3,-3.7,-7.0
2025-11-05,185750,,14.42,-3.6,1.5,2.3
2025-11-06,185750,,14.26,5.3,0.1,-5.6
2025-11-07,185750,,14.4,-2.5,-1.2,3.6
2025-11-10,185750,,14.34,0.2,1.0,-1.2
2025-11-11,185750,,14.33,9.3,-5.6,-3.8
2025-11-12,185750,,14.46,25.0,0.7,-26.4
2025-11-13,185750,,14.68,1.8,1.1,-3.0
2025-11-14,185750,,14.71,9.6,0.2,-10.1
2025-11-17,185750,,14.75,-4.3,-2.3,7.0
2025-11-18,185750,,14.69,7.6,-3.3,-4.3
2025-11-19,185750,,14.76,-11.3,11.6,-0.6
2025-11-20,185750,,14.67,4.4,2.2,-6.5
2025-11-21,185750,,14.7,-1.9,-1.0,3.0
2025-11-24,185750,,14.69,12.2,-18.6,6.6
2025-11-25,185750,,14.8,7.8,-16.0,8.2
2025-11-26,185750,,14.87,11.1,2.6,-13.8
2025-11-27,185750,,14.98,16.4,1.5,-19.4
2025-11-28,185750,87500.0,15.12,5.5,3.2,-9.4
2025-12-01,185750,,15.19,5.2,-2.4,-6.0
2025-12-02,185750,,15.22,24.8,1.2,-24.6
2025-12-03,185750,,15.44,-5.9,-0.5,6.5
2025-12-04,185750,,15.33,-3.5,-0.2,3.1
2025-12-05,185750,,15.29,-3.6,0.8,-0.8
2025-12-08,185750,,15.26,-2.7,-8.0,5.8
2025-12-09,185750,,15.21,11.8,-1.3,-11.8
2025-12-10,185750,,15.33,1.3,-0.8,-1.0
2025-12-11,185750,,15.35,20.7,-5.4,-14.9
2025-12-12,185750,,15.56,-7.5,4.8,2.8
2025-12-15,185750,,15.48,-2.3,-1.3,3.3
2025-12-16,185750,,15.44,-1.7,-1.3,0.6
2025-12-17,185750,,15.41,-2.1,2.5,-0.8
2025-12-18,185750,,15.39,3.6,0.2,-5.0
2025-12-19,185750,,15.42,-0.3,1.8,-3.6
2025-12-22,185750,,15.42,-17.1,2.2,14.7
2025-12-23,185750,,15.22,-1.4,-0.8,2.2
2025-12-24,185750,,15.25,-0.5,-0.3,1.0
2025-12-26,185750,,15.07,-10.4,1.4,9.1
2025-12-29,185750,,14.97,-17.6,7.4,10.1
2025-12-30,185750,82900.0,14.68,-1.3,-0.4,1.7
2026-01-02,185750,,14.68,-3.9,-1.0,4.8
2026-01-05,185750,,14.64,1.8,-2.0,0.1
2026-01-06,185750,,14.7,-7.4,-3.1,10.5
2026-01-07,185750,,14.8,1.8,-2.5,0.8
2026-01-08,185750,,14.85,2.9,-2.0,-0.9
2026-01-09,185750,,14.89,-4.2,0.8,3.5
2026-01-12,185750,,14.85,-6.1,-1.0,7.1
2026-01-13,185750,,14.8,0.4,-6.9,6.5
2026-01-14,185750,,14.81,5.9,-1.3,-4.5
2026-01-15,185750,,14.86,3.7,-5.6,1.9
2026-01-16,185750,,14.9,6.6,-3.7,-8.5
2026-01-19,185750,,14.96,2.8,-1.0,-1.9
2026-01-20,185750,,14.99,14.0,-0.1,-13.8
2026-01-21,185750,,15.18,-9.2,-1.8,10.9
2026-01-22,185750,,15.08,3.1,0.5,-3.6
2026-01-23,185750,,15.11,18.9,3.5,-22.3
2026-01-26,185750,,15.3,11.6,-2.2,-9.4
2026-01-27,185750,,15.42,4.6,0.2,-4.6
2026-01-28,185750,,15.45,8.1,-3.6,-2.8
2026-01-29,185750,,15.53,17.1,0.6,-16.5
2026-01-30,185750,85500.0,15.65,5.1,-1.9,-3.2
2026-02-02,185750,,15.64,-8.9,-8.6,17.7
2026-02-03,185750,,15.55,4.8,1.7,-6.6
2026-02-04,185750,,15.6,17.2,4.5,-21.5
2026-02-05,185750,,15.69,11.5,-0.4,-11.1
2026-02-06,185750,,15.78,-0.9,2.2,-1.8
2026-02-09,185750,,15.76,7.1,9.0,-16.0
2026-02-10,185750,,15.83,30.7,21.9,-52.5
2026-02-11,185750,,16.17,-3.6,3.1,0.9
2026-02-12,185750,,16.12,-1.3,15.3,-12.9
2026-02-13,185750,,16.12,0.8,17.9,-19.0
2026-02-19,185750,,16.16,5.0,9.5,-14.6
2026-02-20,185750,,16.2,0.1,4.8,-5.2
2026-02-23,185750,,16.19,3.3,0.2,-3.5
2026-02-24,185750,,16.2,-1.0,7.4,-7.3
2026-02-25,185750,,16.19,-2.5,0.8,-2.0
2026-02-26,185750,,16.16,-6.0,0.1,2.9
2026-02-27,185750,93400.0,16.09,9.5,-6.5,-4.1
2026-03-03,185750,,16.17,11.8,-0.4,-15.6
2026-03-04,185750,,16.28,4.4,-9.4,1.6
2026-03-05,185750,,16.33,6.3,-6.2,-0.9
2026-03-06,185750,,16.38,0.2,-5.0,3.4
2026-03-09,185750,,16.27,1.4,-4.5,3.0
2026-03-10,185750,,16.23,-4.7,-2.5,3.3
2026-03-11,185750,,16.19,-2.9,6.3,-5.2
2026-03-12,185750,,16.16,-0.4,-4.8,3.9
2026-03-13,185750,,16.14,1.9,-4.7,2.8
2026-03-16,185750,,16.16,-4.0,5.0,-3.0
2026-03-17,185750,,16.12,-2.1,4.3,-2.5
2026-03-18,185750,,16.19,-6.7,7.3,-4.9
2026-03-19,185750,,16.12,-0.6,2.3,-1.6
2026-03-20,185750,,16.12,8.6,-2.7,-5.9
2026-03-23,185750,,16.2,3.5,-7.3,3.8
2026-03-24,185750,,16.22,4.1,-1.4,-2.8
2026-03-25,185750,,16.27,2.2,1.5,-3.6
2026-03-26,185750,,16.31,11.7,6.5,-18.0
2026-03-27,185750,,16.45,3.6,-0.5,-3.0
2026-03-30,185750,,16.47,4.5,-2.2,-2.0
2026-03-31,185750,89100.0,16.52,3.9,-0.9,-2.9
2026-04-01,185750,,16.55,-9.0,9.3,-0.3
2026-04-02,185750,,16.45,6.2,-4.6,-2.6
2026-04-03,185750,,16.52,1.8,2.5,-4.3
2026-04-06,185750,,16.52,-3.9,4.9,-1.1
2026-04-07,185750,,16.5,2.8,-9.7,6.9
2026-04-08,185750,,16.55,-3.2,5.8,-2.6
2026-04-09,185750,,16.55,2.3,-5.0,2.7
2026-04-10,185750,,16.56,-3.3,-3.3,6.6
2026-04-13,185750,,16.55,-1.4,-0.2,1.6
2026-04-14,185750,,16.53,0.1,0.9,-1.0
2026-04-15,185750,,16.55,5.1,2.8,-7.9
2026-04-16,185750,,16.59,-1.0,9.2,-8.1
2026-04-17,185750,,16.59,7.6,-9.0,1.1
2026-04-20,185750,,16.69,-5.8,-0.3,6.1
2026-04-21,185750,,16.61,-4.7,-1.4,5.9
2026-04-22,185750,,16.55,-2.7,-3.2,6.7
2026-04-23,185750,,16.52,-2.7,2.1,0.8
2026-04-24,185750,,16.5,3.8,5.4,-9.2
2026-04-27,185750,,16.56,-7.1,-2.9,9.9
2026-04-28,185750,,16.47,0.9,-2.9,1.9
2026-04-29,185750,,16.48,-7.0,-6.9,13.8
2026-04-30,185750,85700.0,16.41,-13.7,0.5,13.2
2026-05-04,185750,,16.27,1.6,-3.3,2.5
2026-05-06,185750,,16.31,-24.4,-10.8,35.0
2026-05-07,185750,,16.05,-3.5,-4.2,7.9
2026-05-08,185750,,16.02,-5.3,-4.0,9.2
2026-05-11,185750,,16.0,-6.9,-3.2,10.1
2026-05-12,185750,,15.94,-3.3,-2.1,2.9
2026-05-13,185750,,15.93,-7.4,-2.8,10.0
2026-05-14,185750,,15.87,2.3,3.1,-5.4
2026-05-15,185750,,15.92,1.1,0.2,-1.3
2026-05-18,185750,,15.91,-3.6,1.1,2.4
2026-05-19,185750,,15.88,-3.5,4.0,-0.6
2026-05-20,185750,,15.93,-5.3,-3.5,9.0
2026-05-21,185750,,15.92,-7.3,-2.4,9.6
2026-05-22,185750,,15.85,-1.7,8.5,-6.8
2026-05-26,185750,,15.86,4.1,-5.4,1.7
2026-05-27,185750,,15.9,-1.6,-2.0,4.2
2026-05-28,185750,,15.88,20.0,-5.1,-14.9
2026-05-29,185750,79400.0,16.09,3.3,-2.1,-1.2
2026-06-01,185750,,16.12,-7.9,-0.3,8.2
2026-06-02,185750,,16.05,0.4,-5.7,4.5
2026-06-04,185750,,16.08,-3.3,-0.7,4.0
2026-06-05,185750,,16.05,-0.7,-1.3,1.9
2026-06-08,185750,,16.06,-5.3,-0.4,5.7
2026-06-09,185750,,15.97,-3.4,-1.9,5.3
2026-06-10,185750,,15.94,-4.5,-0.2,4.8
2026-06-11,185750,,15.87,10.4,-16.8,6.1
2026-06-12,185750,,15.98,-2.5,3.9,-1.4
2026-06-15,185750,,15.96,3.4,-1.9,-1.5
2026-06-16,185750,,16.02,3.1,-1.3,-1.4
2026-06-17,185750,,16.05,4.1,-2.2,0.5
2026-06-18,185750,,16.09,2.6,-9.5,6.9
2026-06-19,185750,,16.09,16.2,-15.8,-0.5
2026-06-22,185750,,16.28,6.8,-8.2,1.3
2026-06-23,185750,,16.34,0.3,1.1,-1.7
2026-06-24,185750,,16.38,4.0,-4.5,0.5
2026-06-25,185750,,16.44,7.8,-5.7,-2.2
2026-06-26,185750,,16.5,-3.7,0.0,3.6
2026-06-29,185750,,16.42,2.7,1.6,-4.4
2026-06-30,185750,66200.0,16.48,-3.4,0.0,3.3
2026-07-01,185750,,16.44,1.0,-0.1,-1.0
2026-07-02,185750,,16.45,0.3,4.8,-4.4
2026-07-03,185750,,16.47,-6.2,4.1,2.0
2026-07-06,185750,,16.41,-2.0,1.8,0.1
2026-07-07,185750,,16.41,-0.6,3.6,-2.3
2026-07-08,185750,,16.41,-4.4,3.9,0.6
2026-07-09,185750,,16.34,-22.9,27.6,-2.5
2026-07-10,185750,,16.11,2.6,0.7,-2.3
2026-07-13,185750,70400.0,16.16,-2.0,4.7,-2.6
2025-07-14,186230,,1.8,-0.8,0.0,0.8
2025-07-15,186230,,1.72,-0.8,0.0,0.7
2025-07-16,186230,,1.61,-0.9,0.0,1.3
2025-07-17,186230,,1.48,-0.1,0.0,-0.0
2025-07-18,186230,,1.47,0.3,0.0,-0.3
2025-07-21,186230,,1.51,-0.5,0.0,0.5
2025-07-22,186230,,1.45,-0.5,-0.0,0.5
2025-07-23,186230,,1.39,0.2,0.0,-0.2
2025-07-24,186230,,1.42,-0.3,0.0,0.3
2025-07-25,186230,,1.37,-0.1,-0.0,0.2
2025-07-28,186230,,1.36,0.0,0.0,-0.1
2025-07-29,186230,,1.36,0.0,-0.0,-0.1
2025-07-30,186230,,1.36,-0.0,0.0,0.0
2025-07-31,186230,,1.36,0.3,0.0,-0.3
2025-08-01,186230,,1.43,-2.1,0.0,1.9
2025-08-04,186230,,1.14,-0.2,0.0,0.1
2025-08-05,186230,,1.11,-0.1,0.0,0.1
2025-08-06,186230,,1.09,1.1,0.0,-1.1
2025-08-07,186230,,1.25,0.2,0.0,-0.2
2025-08-08,186230,,1.28,0.3,0.0,-0.3
2025-08-11,186230,,1.32,-0.4,0.0,0.3
2025-08-12,186230,,1.27,0.3,0.0,-0.3
2025-08-13,186230,,1.31,0.0,0.0,-0.0
2025-08-14,186230,,1.32,0.5,0.0,-0.5
2025-08-18,186230,,1.39,-0.4,0.0,0.2
2025-08-19,186230,,1.33,-0.5,0.0,0.5
2025-08-20,186230,,1.26,-0.0,0.0,0.0
2025-08-21,186230,,1.26,-0.0,0.0,0.0
2025-08-22,186230,,1.26,-0.1,-0.0,0.1
2025-08-25,186230,,1.24,-0.2,0.0,0.2
2025-08-26,186230,,1.21,-0.2,0.0,0.1
2025-08-27,186230,,1.18,-0.2,0.0,0.2
2025-08-28,186230,,1.15,0.1,0.0,-0.1
2025-08-29,186230,6220.0,1.16,-0.4,0.0,0.3
2025-09-01,186230,,1.11,-0.5,0.0,0.4
2025-09-02,186230,,1.02,-0.2,0.0,0.2
2025-09-03,186230,,1.12,0.0,0.0,-0.1
2025-09-04,186230,,1.13,0.1,0.0,-0.1
2025-09-05,186230,,1.14,0.2,0.0,-0.2
2025-09-08,186230,,1.16,-0.2,0.0,0.2
2025-09-09,186230,,1.13,5.2,0.0,-5.1
2025-09-10,186230,,1.85,0.5,-0.0,-0.5
2025-09-11,186230,,1.93,0.5,-0.0,-0.6
2025-09-12,186230,,2.0,2.0,0.0,-2.0
2025-09-15,186230,,2.28,-0.2,0.0,0.2
2025-09-16,186230,,2.25,0.3,-0.0,-0.4
2025-09-17,186230,,2.29,0.3,0.0,-0.3
2025-09-18,186230,,2.33,-0.1,0.0,0.1
2025-09-19,186230,,2.31,0.2,0.0,-0.2
2025-09-22,186230,,2.33,0.2,0.0,-0.2
2025-09-23,186230,,2.36,0.1,0.0,-0.1
2025-09-24,186230,,2.37,0.0,0.0,-0.2
2025-09-25,186230,,2.38,0.4,0.0,-0.3
2025-09-26,186230,,2.44,0.3,0.0,-0.3
2025-09-29,186230,,2.48,0.1,0.0,-0.1
2025-09-30,186230,6390.0,2.5,0.0,0.0,-0.0
2025-10-01,186230,,2.5,-0.8,0.0,0.8
2025-10-02,186230,,2.39,0.5,-0.0,-0.5
2025-10-10,186230,,2.46,-1.0,-0.7,1.6
2025-10-13,186230,,2.31,-0.2,0.0,0.3
2025-10-14,186230,,2.27,-0.7,0.0,0.7
2025-10-15,186230,,2.17,0.7,-0.1,-0.6
2025-10-16,186230,,2.27,-0.7,0.0,0.6
2025-10-17,186230,,2.17,-0.7,0.0,0.7
2025-10-20,186230,,2.06,0.2,-0.0,-0.2
2025-10-21,186230,,2.08,-0.0,0.0,0.0
2025-10-22,186230,,2.08,0.1,-0.0,-0.1
2025-10-23,186230,,2.11,0.1,0.0,-0.1
2025-10-24,186230,,2.13,0.1,0.0,-0.1
2025-10-27,186230,,2.15,-0.1,-0.0,0.1
2025-10-28,186230,,2.14,0.1,0.0,-0.1
2025-10-29,186230,,2.15,-1.7,0.0,1.6
2025-10-30,186230,,1.89,-1.6,0.0,1.6
2025-10-31,186230,5670.0,1.63,0.3,0.0,-0.4
2025-11-03,186230,,1.68,0.7,0.0,-0.7
2025-11-04,186230,,1.8,0.1,0.0,-0.1
2025-11-05,186230,,1.82,-0.1,0.0,0.1
2025-11-06,186230,,1.8,-0.2,0.0,0.2
2025-11-07,186230,,1.78,-0.1,0.0,0.1
2025-11-10,186230,,1.77,0.1,0.0,-0.1
2025-11-11,186230,,1.67,1.2,0.0,-1.2
2025-11-12,186230,,1.86,-0.1,0.0,0.1
2025-11-13,186230,,1.84,0.0,0.0,-0.0
2025-11-14,186230,,1.84,0.1,0.0,-0.1
2025-11-17,186230,,1.85,-0.3,0.0,0.3
2025-11-18,186230,,1.81,-0.1,0.0,0.1
2025-11-19,186230,,1.79,0.4,0.0,-0.4
2025-11-20,186230,,1.89,0.1,0.0,0.1
2025-11-21,186230,,1.92,-0.1,0.0,0.1
2025-11-24,186230,,1.9,0.2,-0.7,0.5
2025-11-25,186230,,1.93,-0.5,0.0,0.4
2025-11-26,186230,,1.85,0.4,0.0,-0.4
2025-11-27,186230,,1.92,0.4,0.0,-0.4
2025-11-28,186230,5990.0,1.99,0.3,0.0,-0.4
2025-12-01,186230,,2.08,0.3,0.0,-0.2
2025-12-02,186230,,2.12,0.1,-0.4,0.3
2025-12-03,186230,,2.13,-0.0,0.0,-0.0
2025-12-04,186230,,2.13,-0.7,0.0,0.6
2025-12-05,186230,,2.03,0.1,0.0,-0.1
2025-12-08,186230,,2.05,0.0,0.0,0.0
2025-12-09,186230,,2.05,-0.1,0.0,0.1
2025-12-10,186230,,2.03,0.1,0.0,-0.1
2025-12-11,186230,,2.04,0.4,0.0,-0.4
2025-12-12,186230,,2.1,0.3,0.0,-0.3
2025-12-15,186230,,2.15,0.2,0.0,-0.2
2025-12-16,186230,,2.18,-0.1,0.0,0.1
2025-12-17,186230,,2.22,0.0,0.0,-0.0
2025-12-18,186230,,2.22,0.3,0.0,-0.4
2025-12-19,186230,,2.27,0.4,0.0,-0.4
2025-12-22,186230,,2.34,0.3,0.0,-0.3
2025-12-23,186230,,2.39,-0.3,0.0,0.3
2025-12-24,186230,,2.34,-0.2,0.1,0.1
2025-12-26,186230,,2.32,0.3,0.0,-0.3
2025-12-29,186230,,2.37,0.1,0.0,-0.1
2025-12-30,186230,5870.0,2.39,-1.0,1.0,-0.0
2026-01-02,186230,,2.23,0.4,0.0,-0.5
2026-01-05,186230,,2.29,0.2,0.1,-0.3
2026-01-06,186230,,2.32,-0.1,0.2,-0.1
2026-01-07,186230,,2.33,-0.7,-0.1,0.8
2026-01-08,186230,,2.22,-1.1,0.0,1.1
2026-01-09,186230,,2.04,-0.1,-0.0,0.1
2026-01-12,186230,,2.02,-0.5,0.2,0.3
2026-01-13,186230,,1.95,0.4,-0.1,-0.4
2026-01-14,186230,,2.17,-1.2,0.0,1.2
2026-01-15,186230,,1.96,-0.1,0.0,0.0
2026-01-16,186230,,1.95,-1.2,-0.3,1.5
2026-01-19,186230,,1.74,0.7,0.2,-0.8
2026-01-20,186230,,1.85,0.4,0.0,-0.5
2026-01-21,186230,,1.92,-0.5,-0.0,0.6
2026-01-22,186230,,1.83,0.4,0.1,-0.5
2026-01-23,186230,,1.9,0.5,-0.0,-0.5
2026-01-26,186230,,1.99,1.0,-0.0,-1.0
2026-01-27,186230,,2.17,0.2,0.1,-0.2
2026-01-28,186230,,2.2,0.2,-0.1,0.1
2026-01-29,186230,,2.2,0.2,-0.0,-0.2
2026-01-30,186230,5330.0,2.23,-0.6,0.0,0.5
2026-02-02,186230,,2.13,-0.8,0.0,0.6
2026-02-03,186230,,1.97,-0.3,0.3,-0.1
2026-02-04,186230,,1.91,0.8,-0.0,-0.8
2026-02-05,186230,,2.06,0.0,0.0,-0.1
2026-02-06,186230,,1.84,0.4,0.3,-0.8
2026-02-09,186230,,1.91,0.6,-0.1,-0.5
2026-02-10,186230,,2.02,0.7,0.0,-0.7
2026-02-11,186230,,2.14,0.2,0.0,-0.3
2026-02-12,186230,,2.18,-0.3,-0.0,0.4
2026-02-13,186230,,2.13,-1.3,-0.2,1.4
2026-02-19,186230,,1.89,0.7,-0.3,-0.4
2026-02-20,186230,,2.01,0.1,0.0,-0.1
2026-02-23,186230,,2.03,0.8,-0.0,-0.8
2026-02-24,186230,,2.12,-0.1,0.0,0.1
2026-02-25,186230,,2.1,-0.4,0.0,0.1
2026-02-26,186230,,2.03,0.4,-0.1,-0.5
2026-02-27,186230,4735.0,2.11,0.2,-0.2,-0.0
2026-03-03,186230,,2.14,0.3,0.1,-0.4
2026-03-04,186230,,2.19,-0.1,-0.1,0.2
2026-03-05,186230,,2.17,-0.1,-0.0,0.1
2026-03-06,186230,,2.15,0.5,0.0,-0.6
2026-03-09,186230,,2.26,0.4,0.0,-0.5
2026-03-10,186230,,2.35,0.6,-0.0,-0.6
2026-03-11,186230,,2.5,0.2,0.1,-0.3
2026-03-12,186230,,2.54,0.6,-0.0,-0.6
2026-03-13,186230,,2.65,-0.0,-0.0,0.1
2026-03-16,186230,,2.65,-0.4,0.1,0.3
2026-03-17,186230,,2.57,0.3,-0.0,-0.3
2026-03-18,186230,,2.63,-0.1,-0.0,0.2
2026-03-19,186230,,2.6,-0.3,-0.1,0.3
2026-03-20,186230,,2.54,0.5,0.0,-0.5
2026-03-23,186230,,2.65,-0.0,0.3,-0.3
2026-03-24,186230,,2.64,0.7,0.1,-0.8
2026-03-25,186230,,2.77,-0.5,0.1,0.4
2026-03-26,186230,,2.68,-0.1,-0.0,0.2
2026-03-27,186230,,2.66,-0.1,0.0,0.0
2026-03-30,186230,,2.65,0.0,0.0,-0.1
2026-03-31,186230,4435.0,2.65,-1.7,0.4,1.3
2026-04-01,186230,,2.34,0.4,0.0,-0.4
2026-04-02,186230,,2.48,-0.3,-0.0,0.3
2026-04-03,186230,,2.42,0.1,-0.1,-0.0
2026-04-06,186230,,2.44,0.0,0.0,-0.1
2026-04-07,186230,,2.45,-0.1,-0.0,0.1
2026-04-08,186230,,2.43,0.1,0.0,-0.1
2026-04-09,186230,,2.45,0.3,-0.0,-0.3
2026-04-10,186230,,2.51,0.2,0.0,-0.2
2026-04-13,186230,,2.55,0.5,-0.0,-0.5
2026-04-14,186230,,2.65,-0.1,-0.0,-0.0
2026-04-15,186230,,2.63,0.0,-0.1,0.0
2026-04-16,186230,,2.64,0.8,-0.0,-0.8
2026-04-17,186230,,2.79,0.0,0.0,0.0
2026-04-20,186230,,2.8,-0.1,0.0,0.1
2026-04-21,186230,,2.77,-0.3,-0.1,0.4
2026-04-22,186230,,2.71,0.0,-0.2,0.2
2026-04-23,186230,,2.71,-0.4,-0.1,0.5
2026-04-24,186230,,2.63,-0.2,-0.1,0.3
2026-04-27,186230,,2.59,-0.2,-0.1,0.3
2026-04-28,186230,,2.56,0.2,0.0,-0.2
2026-04-29,186230,,2.61,0.2,-0.0,-0.2
2026-04-30,186230,4545.0,2.65,0.2,-0.1,-0.1
2026-05-04,186230,,2.68,-0.5,-0.1,0.5
2026-05-06,186230,,2.58,-1.6,-0.0,1.8
2026-05-07,186230,,2.24,0.3,0.1,-0.4
2026-05-08,186230,,2.31,-0.0,0.1,-0.1
2026-05-11,186230,,2.31,-1.2,-0.1,1.2
2026-05-12,186230,,2.04,0.1,0.0,-0.4
2026-05-13,186230,,2.07,0.1,-0.2,-0.0
2026-05-14,186230,,2.09,-0.3,0.1,0.2
2026-05-15,186230,,2.04,0.1,0.2,-0.3
2026-05-18,186230,,2.06,0.3,0.1,-0.5
2026-05-19,186230,,2.14,0.1,0.1,-0.2
2026-05-20,186230,,2.19,0.0,0.0,-0.0
2026-05-21,186230,,2.36,0.0,-0.1,0.0
2026-05-22,186230,,2.37,0.0,-0.0,-0.0
2026-05-26,186230,,2.37,-0.1,-0.2,0.3
2026-05-27,186230,,2.35,-0.2,-0.0,0.1
2026-05-28,186230,,2.32,0.1,0.0,-0.2
2026-05-29,186230,3700.0,2.35,0.5,0.2,-1.1
2026-06-01,186230,,2.45,0.2,-0.1,-0.4
2026-06-02,186230,,2.49,0.3,-0.1,-0.5
2026-06-04,186230,,2.53,-0.1,-0.0,0.1
2026-06-05,186230,,2.51,0.3,0.1,-0.5
2026-06-08,186230,,2.59,0.3,-0.1,-0.2
2026-06-09,186230,,2.66,-0.2,0.1,-0.0
2026-06-10,186230,,2.61,0.2,0.0,-0.3
2026-06-11,186230,,2.66,0.1,-0.0,-0.2
2026-06-12,186230,,2.67,0.1,-0.0,-0.1
2026-06-15,186230,,2.69,0.3,-0.0,-0.3
2026-06-16,186230,,2.76,-0.0,0.1,-0.0
2026-06-17,186230,,2.75,0.0,-0.0,0.0
2026-06-18,186230,,2.72,-0.1,0.1,0.0
2026-06-19,186230,,2.69,-0.0,-0.1,0.0
2026-06-22,186230,,2.68,-0.0,0.1,-0.3
2026-06-23,186230,,2.64,0.0,-0.1,-0.3
2026-06-24,186230,,2.8,-0.2,0.3,-0.0
2026-06-25,186230,,2.6,0.1,0.0,-0.1
2026-06-26,186230,,2.65,0.4,0.4,-0.8
2026-06-29,186230,,2.76,-0.2,0.0,0.1
2026-06-30,186230,3175.0,2.71,0.0,-0.1,-0.1
2026-07-01,186230,,2.72,-0.2,0.3,-0.1
2026-07-02,186230,,2.68,0.1,0.1,-0.2
2026-07-03,186230,,2.72,0.0,0.5,-0.5
2026-07-06,186230,,2.73,-0.0,-0.1,0.0
2026-07-07,186230,,2.73,-0.1,0.1,-0.0
2026-07-08,186230,,2.68,-0.0,0.0,-0.0
2026-07-09,186230,,2.67,-0.2,-0.1,0.3
2026-07-10,186230,,2.62,-0.2,-0.2,0.3
2026-07-13,186230,3195.0,2.54,-0.1,0.2,-0.1
2025-07-14,187220,,2.24,0.1,0.0,-0.1
2025-07-15,187220,,2.28,-0.1,0.0,0.1
2025-07-16,187220,,2.25,-0.1,0.0,0.1
2025-07-17,187220,,2.2,0.1,0.0,-0.1
2025-07-18,187220,,2.23,-0.0,0.0,0.0
2025-07-21,187220,,2.22,0.0,0.0,-0.0
2025-07-22,187220,,2.22,-0.1,0.0,0.1
2025-07-23,187220,,2.18,-0.0,0.0,0.0
2025-07-24,187220,,2.18,-0.1,0.1,0.0
2025-07-25,187220,,2.14,0.1,0.0,-0.1
2025-07-28,187220,,2.18,-0.2,0.0,0.2
2025-07-29,187220,,2.11,-0.0,0.0,0.0
2025-07-30,187220,,2.11,0.0,0.1,-0.1
2025-07-31,187220,,2.12,-0.0,0.0,0.0
2025-08-01,187220,,2.11,-0.4,0.0,0.4
2025-08-04,187220,,2.0,-0.1,0.0,0.1
2025-08-05,187220,,1.98,0.0,0.0,-0.0
2025-08-06,187220,,1.98,-0.0,0.0,0.0
2025-08-07,187220,,1.99,0.0,0.0,-0.0
2025-08-08,187220,,1.99,0.0,0.1,-0.1
2025-08-11,187220,,1.99,-0.1,0.0,0.1
2025-08-12,187220,,1.98,-0.0,0.0,0.0
2025-08-13,187220,,1.97,-0.1,0.0,0.1
2025-08-14,187220,,1.93,0.0,0.0,0.1
2025-08-18,187220,,1.97,-0.2,0.0,0.2
2025-08-19,187220,,1.89,-0.1,0.0,0.1
2025-08-20,187220,,1.85,-0.0,0.0,0.0
2025-08-21,187220,,1.85,0.0,0.0,-0.0
2025-08-22,187220,,1.86,-0.2,0.0,0.2
2025-08-25,187220,,1.79,0.0,0.0,-0.0
2025-08-26,187220,,1.84,-0.0,0.0,0.0
2025-08-27,187220,,1.85,-0.1,0.0,0.1
2025-08-28,187220,,1.82,0.0,0.0,-0.0
2025-08-29,187220,2845.0,1.83,-0.0,0.0,0.0
2025-09-01,187220,,1.82,0.1,0.0,-0.1
2025-09-02,187220,,1.83,0.0,0.0,-0.0
2025-09-03,187220,,1.84,0.1,0.0,-0.1
2025-09-04,187220,,1.86,0.1,0.0,-0.1
2025-09-05,187220,,1.89,-0.2,0.0,0.2
2025-09-08,187220,,1.83,-0.1,0.0,0.1
2025-09-09,187220,,1.8,-0.0,0.0,0.0
2025-09-10,187220,,1.79,0.0,0.0,-0.0
2025-09-11,187220,,1.79,-0.0,0.0,0.0
2025-09-12,187220,,1.78,0.1,0.0,-0.1
2025-09-15,187220,,1.83,-0.2,0.0,0.2
2025-09-16,187220,,1.77,-0.1,0.0,0.1
2025-09-17,187220,,1.73,-0.0,0.0,0.0
2025-09-18,187220,,1.73,-0.1,0.0,0.1
2025-09-19,187220,,1.7,-0.0,,0.0
2025-09-22,187220,,1.69,0.0,0.0,-0.0
2025-09-23,187220,,1.7,-0.1,0.0,0.1
2025-09-24,187220,,1.67,-0.4,0.0,0.4
2025-09-25,187220,,1.57,-0.1,0.0,0.1
2025-09-26,187220,,1.55,-0.0,0.0,0.0
2025-09-29,187220,,1.54,0.1,0.0,-0.1
2025-09-30,187220,2980.0,1.57,-0.2,0.0,0.2
2025-10-01,187220,,1.53,-0.3,0.0,0.3
2025-10-02,187220,,1.45,-0.0,0.0,-0.0
2025-10-10,187220,,1.45,-0.0,0.0,0.0
2025-10-13,187220,,1.44,0.3,0.0,-0.3
2025-10-14,187220,,1.53,-0.9,-0.0,1.0
2025-10-15,187220,,1.29,1.3,0.0,-1.3
2025-10-16,187220,,1.66,0.5,0.0,-0.4
2025-10-17,187220,,1.79,-0.3,0.0,0.3
2025-10-20,187220,,1.7,0.4,0.0,-0.4
2025-10-21,187220,,1.82,-0.3,0.0,0.2
2025-10-22,187220,,1.74,0.0,0.0,-0.0
2025-10-23,187220,,1.75,0.0,0.0,-0.0
2025-10-24,187220,,1.76,-0.1,0.0,0.1
2025-10-27,187220,,1.72,-0.2,0.0,0.2
2025-10-28,187220,,1.66,-0.2,0.0,0.2
2025-10-29,187220,,1.61,0.0,0.0,-0.0
2025-10-30,187220,,1.61,-0.3,0.0,0.3
2025-10-31,187220,2695.0,1.53,-0.0,0.0,0.0
2025-11-03,187220,,1.52,-0.3,0.0,0.3
2025-11-04,187220,,1.41,-0.1,0.0,0.1
2025-11-05,187220,,1.39,-0.3,0.0,0.3
2025-11-06,187220,,1.3,-0.1,0.0,0.1
2025-11-07,187220,,1.27,2.2,-2.1,-0.1
2025-11-10,187220,,1.98,0.5,0.0,-0.4
2025-11-11,187220,,2.13,-0.1,0.0,0.1
2025-11-12,187220,,2.09,0.3,0.0,-0.3
2025-11-13,187220,,2.18,-0.0,0.0,0.0
2025-11-14,187220,,2.17,0.0,0.0,-0.1
2025-11-17,187220,,2.18,0.3,0.0,-0.3
2025-11-18,187220,,2.3,0.0,0.0,0.0
2025-11-19,187220,,2.36,0.1,0.0,-0.1
2025-11-20,187220,,2.39,0.1,0.0,-0.1
2025-11-21,187220,,2.43,0.2,0.0,-0.2
2025-11-24,187220,,2.51,0.1,0.0,-0.1
2025-11-25,187220,,2.55,0.0,0.0,0.0
2025-11-26,187220,,2.52,0.0,0.0,-0.0
2025-11-27,187220,,2.52,0.0,0.0,-0.0
2025-11-28,187220,2600.0,2.52,0.0,0.0,-0.0
2025-12-01,187220,,2.53,0.1,0.0,-0.1
2025-12-02,187220,,2.57,-0.0,0.0,0.0
2025-12-03,187220,,2.57,-0.0,0.0,0.0
2025-12-04,187220,,2.57,-0.1,0.0,0.1
2025-12-05,187220,,2.54,0.0,-0.0,-0.1
2025-12-08,187220,,2.56,0.1,0.0,-0.1
2025-12-09,187220,,2.59,0.4,0.0,-0.5
2025-12-10,187220,,2.73,0.1,0.0,-0.1
2025-12-11,187220,,2.76,0.0,0.0,-0.0
2025-12-12,187220,,2.78,0.3,0.0,-0.8
2025-12-15,187220,,2.88,-0.1,0.0,0.1
2025-12-16,187220,,2.85,0.3,0.0,0.2
2025-12-17,187220,,2.95,0.1,0.0,-0.1
2025-12-18,187220,,2.98,0.1,0.0,-0.1
2025-12-19,187220,,3.01,0.1,0.0,-0.1
2025-12-22,187220,,3.04,0.3,0.0,-0.3
2025-12-23,187220,,3.14,-0.3,0.0,0.3
2025-12-24,187220,,3.03,-0.1,0.0,0.1
2025-12-26,187220,,3.02,-0.2,0.0,0.2
2025-12-29,187220,,2.95,0.0,0.0,0.0
2025-12-30,187220,2375.0,2.95,0.3,0.0,-0.3
2026-01-02,187220,,3.04,-0.1,0.0,0.1
2026-01-05,187220,,3.02,-0.0,0.0,0.0
2026-01-06,187220,,3.02,-0.1,0.0,0.1
2026-01-07,187220,,2.97,-0.1,0.0,0.1
2026-01-08,187220,,2.93,-0.0,0.0,0.0
2026-01-09,187220,,2.92,0.3,0.0,-0.3
2026-01-12,187220,,3.05,0.2,0.0,-0.2
2026-01-13,187220,,3.13,-0.2,0.0,0.2
2026-01-14,187220,,3.04,-0.1,0.0,0.1
2026-01-15,187220,,2.99,-0.1,0.2,-0.1
2026-01-16,187220,,2.95,-0.1,-0.2,0.4
2026-01-19,187220,,2.9,0.2,0.0,-0.1
2026-01-20,187220,,2.96,0.3,0.0,-0.3
2026-01-21,187220,,3.08,-0.3,0.0,0.3
2026-01-22,187220,,2.95,0.0,0.0,-0.0
2026-01-23,187220,,2.96,-0.1,0.0,-0.0
2026-01-26,187220,,2.95,0.2,0.0,-0.2
2026-01-27,187220,,3.0,-0.2,0.0,0.2
2026-01-28,187220,,2.94,-0.2,-0.0,0.2
2026-01-29,187220,,2.88,0.0,0.0,-0.0
2026-01-30,187220,2420.0,2.88,-0.3,0.0,0.3
2026-02-02,187220,,2.78,-0.3,0.0,0.3
2026-02-03,187220,,2.66,0.0,0.0,-0.0
2026-02-04,187220,,2.67,0.1,0.0,-0.1
2026-02-05,187220,,2.68,0.1,0.0,-0.1
2026-02-06,187220,,2.71,-0.1,0.0,0.1
2026-02-09,187220,,2.68,-0.0,0.0,0.0
2026-02-10,187220,,2.66,0.0,0.0,-0.0
2026-02-11,187220,,2.66,0.0,0.0,-0.0
2026-02-12,187220,,2.67,0.1,0.0,-0.1
2026-02-13,187220,,2.74,-0.1,0.0,0.1
2026-02-19,187220,,2.69,-0.5,0.0,0.5
2026-02-20,187220,,2.51,-0.1,0.0,0.1
2026-02-23,187220,,2.47,0.4,-0.0,-0.3
2026-02-24,187220,,2.6,0.0,-0.2,0.2
2026-02-25,187220,,2.62,0.1,,-0.1
2026-02-26,187220,,2.65,-0.6,0.0,0.4
2026-02-27,187220,2600.0,2.46,-0.1,,0.0
2026-03-03,187220,,2.43,-0.2,,0.2
2026-03-04,187220,,2.37,0.1,,-0.2
2026-03-05,187220,,2.42,-0.3,,-0.2
2026-03-06,187220,,2.34,-0.1,,0.1
2026-03-09,187220,,2.31,0.1,,-0.1
2026-03-10,187220,,2.36,0.0,,-0.1
2026-03-11,187220,,2.37,0.0,,-0.1
2026-03-12,187220,,2.38,-0.6,-0.0,0.6
2026-03-13,187220,,2.2,-0.0,0.0,-0.4
2026-03-16,187220,,2.19,-2.1,-0.0,2.2
2026-03-17,187220,,1.64,0.3,0.0,-0.3
2026-03-18,187220,,1.72,0.4,0.0,-0.4
2026-03-19,187220,,1.85,0.3,0.0,-0.4
2026-03-20,187220,,1.94,0.2,0.0,-0.2
2026-03-23,187220,,1.99,-0.5,0.0,0.5
2026-03-24,187220,,1.81,0.6,0.0,-0.6
2026-03-25,187220,,2.0,0.4,0.0,-0.4
2026-03-26,187220,,2.11,-0.4,0.0,0.4
2026-03-27,187220,,1.99,0.5,0.0,-0.4
2026-03-30,187220,,2.12,-0.3,0.0,0.3
2026-03-31,187220,3025.0,2.05,-0.4,0.0,0.4
2026-04-01,187220,,1.93,0.2,0.0,-0.2
2026-04-02,187220,,1.99,-0.3,0.0,0.3
2026-04-03,187220,,1.9,0.7,0.0,-0.7
2026-04-06,187220,,2.1,-0.3,0.0,0.3
2026-04-07,187220,,2.01,-0.2,0.0,0.2
2026-04-08,187220,,1.94,0.4,0.0,-0.4
2026-04-09,187220,,2.04,0.1,0.0,-0.1
2026-04-10,187220,,2.06,1.1,0.0,-1.1
2026-04-13,187220,,2.37,0.1,0.0,-0.1
2026-04-14,187220,,2.39,0.6,0.0,-0.6
2026-04-15,187220,,2.56,0.2,0.0,-0.3
2026-04-16,187220,,2.63,1.0,-0.0,-1.0
2026-04-17,187220,,2.89,0.0,0.0,-0.0
2026-04-20,187220,,2.9,-0.2,0.0,-0.0
2026-04-21,187220,,2.85,0.3,0.0,-0.1
2026-04-22,187220,,2.93,-0.1,0.0,-0.2
2026-04-23,187220,,2.91,0.5,0.0,-0.3
2026-04-24,187220,,3.04,0.1,0.0,-0.0
2026-04-27,187220,,3.07,0.7,0.0,-0.7
2026-04-28,187220,,3.25,-0.0,0.0,0.0
2026-04-29,187220,,3.25,0.6,-0.0,-0.8
2026-04-30,187220,3160.0,3.4,-0.1,0.0,0.1
2026-05-04,187220,,3.37,-0.3,0.2,0.1
2026-05-06,187220,,3.29,-0.9,0.0,1.0
2026-05-07,187220,,3.06,0.3,-0.0,-0.2
2026-05-08,187220,,3.14,0.2,0.1,-0.3
2026-05-11,187220,,3.21,-0.1,-0.1,0.2
2026-05-12,187220,,3.17,0.2,-0.0,-0.3
2026-05-13,187220,,3.22,0.1,0.0,-0.1
2026-05-14,187220,,3.24,-0.2,-0.0,0.0
2026-05-15,187220,,3.19,-0.2,0.0,0.1
2026-05-18,187220,,3.14,-2.1,-0.0,1.9
2026-05-19,187220,,2.48,-0.2,-0.0,0.2
2026-05-20,187220,,2.42,-0.9,0.0,0.7
2026-05-21,187220,,2.14,-0.4,-0.1,0.5
2026-05-22,187220,,2.02,0.2,-0.2,-0.1
2026-05-26,187220,,2.08,-0.1,-0.0,0.1
2026-05-27,187220,,2.05,0.1,-0.0,0.0
2026-05-28,187220,,2.07,-0.0,-0.0,0.0
2026-05-29,187220,2800.0,2.05,0.1,0.0,-0.1
2026-06-01,187220,,2.07,-0.3,-0.2,0.5
2026-06-02,187220,,1.97,-0.3,0.0,0.2
2026-06-04,187220,,1.88,0.0,-0.0,-0.0
2026-06-05,187220,,1.89,-0.2,-0.0,0.2
2026-06-08,187220,,1.82,-0.0,-0.0,0.0
2026-06-09,187220,,1.8,-0.0,0.0,0.0
2026-06-10,187220,,1.8,0.0,0.0,-0.0
2026-06-11,187220,,1.81,0.0,0.0,-0.1
2026-06-12,187220,,1.82,-0.1,0.0,0.1
2026-06-15,187220,,1.81,0.1,0.0,-0.1
2026-06-16,187220,,1.84,-0.0,0.0,0.1
2026-06-17,187220,,1.82,-0.0,0.0,0.1
2026-06-18,187220,,1.82,-0.1,-0.0,0.1
2026-06-19,187220,,1.79,-0.1,-0.0,0.1
2026-06-22,187220,,1.77,0.0,0.0,0.0
2026-06-23,187220,,1.77,0.1,0.0,-0.2
2026-06-24,187220,,1.82,-0.1,-0.0,0.1
2026-06-25,187220,,1.8,0.1,-0.0,-0.0
2026-06-26,187220,,1.85,0.2,-0.0,-0.0
2026-06-29,187220,,1.92,0.1,0.0,-0.1
2026-06-30,187220,2420.0,1.97,-0.0,0.2,-0.2
2026-07-01,187220,,1.96,-0.1,0.0,0.0
2026-07-02,187220,,1.95,-0.0,-0.0,0.0
2026-07-03,187220,,1.95,0.0,,-0.0
2026-07-06,187220,,1.95,0.4,0.0,-0.4
2026-07-07,187220,,2.08,0.0,,-0.0
2026-07-08,187220,,2.08,0.0,-0.0,-0.0
2026-07-09,187220,,2.08,0.1,0.0,-0.1
2026-07-10,187220,,2.11,0.0,-0.0,-0.0
2026-07-13,187220,2350.0,2.12,0.0,0.0,-0.0
2025-07-14,187270,,2.09,0.1,0.0,-0.1
2025-07-15,187270,,2.12,-0.1,-0.0,0.0
2025-07-16,187270,,2.09,0.0,0.0,-0.0
2025-07-17,187270,,2.1,-0.0,0.0,-0.0
2025-07-18,187270,,2.09,-0.1,0.0,0.0
2025-07-21,187270,,2.08,0.1,0.2,-0.3
2025-07-22,187270,,2.11,-0.5,0.0,0.5
2025-07-23,187270,,1.96,-0.2,-0.0,0.2
2025-07-24,187270,,1.91,-0.1,0.0,0.1
2025-07-25,187270,,1.88,-0.1,0.0,0.1
2025-07-28,187270,,1.84,-0.2,0.0,0.1
2025-07-29,187270,,1.8,-0.0,0.0,0.0
2025-07-30,187270,,1.79,0.0,-0.0,-0.0
2025-07-31,187270,,1.81,0.0,0.0,-0.1
2025-08-01,187270,,1.82,0.0,0.0,-0.0
2025-08-04,187270,,1.82,0.0,-0.0,0.0
2025-08-05,187270,,1.83,0.0,0.0,-0.0
2025-08-06,187270,,1.84,0.0,0.0,-0.0
2025-08-07,187270,,1.84,-0.0,0.0,0.0
2025-08-08,187270,,1.83,0.2,0.0,-0.2
2025-08-11,187270,,1.87,-0.1,0.0,0.1
2025-08-12,187270,,1.85,-0.0,0.0,0.0
2025-08-13,187270,,1.84,-0.0,0.0,0.0
2025-08-14,187270,,1.84,0.1,-0.0,-0.1
2025-08-18,187270,,1.86,-0.0,0.0,-0.0
2025-08-19,187270,,1.86,0.1,0.0,-0.1
2025-08-20,187270,,1.89,-0.0,0.0,0.0
2025-08-21,187270,,1.88,0.1,0.0,-0.1
2025-08-22,187270,,1.92,0.0,0.0,-0.1
2025-08-25,187270,,1.92,0.1,0.0,-0.1
2025-08-26,187270,,1.95,0.1,2.0,2.2
2025-08-27,187270,,2.05,-1.6,0.2,1.2
2025-08-28,187270,,1.64,-0.1,0.0,0.2
2025-08-29,187270,3625.0,1.62,-0.3,0.0,0.1
2025-09-01,187270,,1.55,-0.8,0.1,0.7
2025-09-02,187270,,1.33,0.4,0.0,-0.6
2025-09-03,187270,,1.46,-0.1,-0.0,0.1
2025-09-04,187270,,1.44,0.8,0.0,-0.7
2025-09-05,187270,,1.66,0.3,0.0,-0.3
2025-09-08,187270,,1.75,1.3,0.0,-1.2
2025-09-09,187270,,2.1,-0.5,0.0,0.5
2025-09-10,187270,,1.97,0.6,-0.0,-0.5
2025-09-11,187270,,2.13,0.2,-0.1,-0.1
2025-09-12,187270,,2.18,1.4,-2.1,1.4
2025-09-15,187270,,2.57,-0.1,-0.0,0.1
2025-09-16,187270,,2.56,0.3,0.0,-0.4
2025-09-17,187270,,2.64,-0.1,0.0,0.3
2025-09-18,187270,,2.61,0.5,0.0,-0.5
2025-09-19,187270,,2.74,-0.6,-0.0,0.6
2025-09-22,187270,,2.59,0.5,-0.0,-0.5
2025-09-23,187270,,2.73,0.1,-0.0,-0.0
2025-09-24,187270,,2.75,0.0,0.0,-0.0
2025-09-25,187270,,2.75,0.2,0.0,-0.2
2025-09-26,187270,,2.8,0.3,-0.0,-0.3
2025-09-29,187270,,2.88,-0.1,-0.0,0.1
2025-09-30,187270,3375.0,2.86,-0.1,0.0,0.1
2025-10-01,187270,,2.83,0.3,0.0,-0.3
2025-10-02,187270,,2.92,0.4,-0.1,-0.3
2025-10-10,187270,,3.05,0.2,0.0,-0.3
2025-10-13,187270,,3.11,-0.2,-0.0,0.2
2025-10-14,187270,,3.07,0.1,0.0,-0.0
2025-10-15,187270,,3.1,0.2,0.0,-0.2
2025-10-16,187270,,3.16,0.3,-0.0,-0.3
2025-10-17,187270,,3.25,-0.4,0.0,0.4
2025-10-20,187270,,3.18,0.0,-0.1,0.1
2025-10-21,187270,,3.18,-0.4,0.0,0.4
2025-10-22,187270,,3.08,0.3,0.0,-0.3
2025-10-23,187270,,3.17,-0.1,0.0,0.1
2025-10-24,187270,,3.14,-0.4,0.0,0.4
2025-10-27,187270,,3.02,0.1,0.0,-0.1
2025-10-28,187270,,3.05,0.2,0.0,-0.2
2025-10-29,187270,,3.11,-0.3,0.0,0.3
2025-10-30,187270,,3.03,-0.3,0.0,0.4
2025-10-31,187270,3330.0,2.93,0.0,0.0,-0.0
2025-11-03,187270,,2.94,-0.2,0.0,0.2
2025-11-04,187270,,2.88,0.0,0.0,-0.0
2025-11-05,187270,,2.88,0.9,-0.0,-0.9
2025-11-06,187270,,3.16,0.1,0.0,-0.1
2025-11-07,187270,,3.19,-0.4,0.0,0.4
2025-11-10,187270,,3.07,0.3,-0.0,-0.3
2025-11-11,187270,,3.15,-0.1,0.0,0.1
2025-11-12,187270,,3.11,0.4,0.0,-0.4
2025-11-13,187270,,3.21,-0.1,0.0,0.1
2025-11-14,187270,,3.19,-0.1,0.0,0.1
2025-11-17,187270,,3.16,-0.3,0.0,0.3
2025-11-18,187270,,3.06,-0.1,0.0,0.1
2025-11-19,187270,,3.04,0.2,0.0,-0.2
2025-11-20,187270,,3.09,0.2,0.0,-0.2
2025-11-21,187270,,3.15,0.1,0.0,-0.1
2025-11-24,187270,,3.17,0.1,0.0,-0.1
2025-11-25,187270,,3.18,-0.0,-0.0,0.0
2025-11-26,187270,,3.17,-0.3,0.0,0.3
2025-11-27,187270,,3.08,-0.7,0.0,0.7
2025-11-28,187270,3160.0,2.85,0.2,0.0,-0.2
2025-12-01,187270,,2.9,-0.1,0.0,0.1
2025-12-02,187270,,2.88,-0.0,0.0,0.0
2025-12-03,187270,,2.87,0.1,-0.0,-0.1
2025-12-04,187270,,2.91,-0.0,0.0,0.0
2025-12-05,187270,,2.9,0.1,0.0,-0.1
2025-12-08,187270,,2.92,0.0,0.0,-0.0
2025-12-09,187270,,2.93,-0.1,-0.0,0.1
2025-12-10,187270,,2.91,0.0,-0.0,-0.0
2025-12-11,187270,,2.92,0.2,0.0,-0.2
2025-12-12,187270,,2.97,0.0,0.0,-0.0
2025-12-15,187270,,2.98,-0.0,0.0,0.0
2025-12-16,187270,,2.97,-0.1,0.0,0.1
2025-12-17,187270,,2.95,0.0,0.0,-0.0
2025-12-18,187270,,2.95,0.1,0.0,-0.1
2025-12-19,187270,,2.97,0.0,0.0,-0.0
2025-12-22,187270,,2.98,0.0,0.0,-0.0
2025-12-23,187270,,2.98,-0.0,0.0,0.0
2025-12-24,187270,,2.97,-0.0,0.0,0.0
2025-12-26,187270,,2.96,0.0,0.0,-0.0
2025-12-29,187270,,2.97,0.2,0.0,-0.2
2025-12-30,187270,3170.0,3.02,0.1,0.0,-0.1
2026-01-02,187270,,3.04,0.0,0.0,-0.0
2026-01-05,187270,,3.05,0.1,0.0,-0.1
2026-01-06,187270,,3.07,0.1,0.0,-0.1
2026-01-07,187270,,3.1,-0.3,0.0,0.3
2026-01-08,187270,,2.98,-0.1,-0.1,0.2
2026-01-09,187270,,2.96,-0.0,0.0,0.0
2026-01-12,187270,,2.95,-0.0,0.0,0.0
2026-01-13,187270,,2.94,-0.1,0.0,0.1
2026-01-14,187270,,2.92,-0.1,-0.0,-0.1
2026-01-15,187270,,2.89,-2.2,-0.2,2.3
2026-01-16,187270,,2.32,1.0,0.0,-0.7
2026-01-19,187270,,2.6,-0.5,-0.0,0.4
2026-01-20,187270,,2.46,-0.6,-0.0,0.6
2026-01-21,187270,,2.3,0.0,-0.0,-0.2
2026-01-22,187270,,2.31,0.5,0.0,-0.6
2026-01-23,187270,,2.45,-0.2,-0.0,0.1
2026-01-26,187270,,2.41,0.2,-0.0,-0.2
2026-01-27,187270,,2.46,-0.5,-0.0,0.5
2026-01-28,187270,,2.31,0.0,-0.0,-0.1
2026-01-29,187270,,2.32,-0.6,0.0,0.6
2026-01-30,187270,3630.0,2.17,-0.8,-0.0,0.1
2026-02-02,187270,,1.96,-0.9,0.0,0.6
2026-02-03,187270,,1.75,-0.1,0.0,0.2
2026-02-04,187270,,1.71,1.3,0.0,-1.1
2026-02-05,187270,,2.05,-0.1,-0.0,0.2
2026-02-06,187270,,2.02,0.4,0.0,-0.3
2026-02-09,187270,,2.12,1.1,0.0,-1.1
2026-02-10,187270,,2.41,1.8,0.0,-1.9
2026-02-11,187270,,2.83,-0.6,0.0,0.8
2026-02-12,187270,,2.68,-1.1,-0.0,1.0
2026-02-13,187270,,2.41,-0.7,0.0,0.7
2026-02-19,187270,,2.24,-0.3,0.0,0.3
2026-02-20,187270,,2.17,-0.3,-0.1,0.3
2026-02-23,187270,,2.1,0.2,0.0,-0.2
2026-02-24,187270,,2.16,0.7,0.0,-0.7
2026-02-25,187270,,2.34,-0.6,0.0,0.6
2026-02-26,187270,,2.18,0.3,0.0,-0.3
2026-02-27,187270,3705.0,2.25,0.2,0.0,-0.1
2026-03-03,187270,,2.29,0.2,0.0,-0.2
2026-03-04,187270,,2.35,0.2,0.0,-0.2
2026-03-05,187270,,2.41,0.2,0.0,-0.2
2026-03-06,187270,,2.47,0.2,0.1,-0.3
2026-03-09,187270,,2.51,-0.5,0.0,0.5
2026-03-10,187270,,2.36,-0.1,0.0,0.1
2026-03-11,187270,,2.33,0.1,0.0,-0.2
2026-03-12,187270,,2.4,0.0,0.0,-0.1
2026-03-13,187270,,2.42,0.2,-0.1,-0.1
2026-03-16,187270,,2.48,-0.0,0.0,0.0
2026-03-17,187270,,2.47,-0.4,0.0,0.4
2026-03-18,187270,,2.36,0.0,-0.0,-0.0
2026-03-19,187270,,2.36,-0.1,,0.1
2026-03-20,187270,,2.33,0.2,0.0,-0.2
2026-03-23,187270,,2.38,0.4,0.0,-0.4
2026-03-24,187270,,2.49,0.2,-0.0,-0.2
2026-03-25,187270,,2.55,1.5,0.0,-1.5
2026-03-26,187270,,2.95,0.1,0.0,-0.1
2026-03-27,187270,,2.98,0.2,0.0,-0.2
2026-03-30,187270,,3.03,-0.1,-0.0,0.1
2026-03-31,187270,3510.0,3.01,-0.1,0.0,0.1
2026-04-01,187270,,2.99,-0.2,0.0,0.1
2026-04-02,187270,,2.93,-0.4,,0.5
2026-04-03,187270,,2.81,0.2,,-0.2
2026-04-06,187270,,2.86,0.2,-0.0,-0.2
2026-04-07,187270,,2.9,-0.0,-0.0,-0.0
2026-04-08,187270,,2.9,-0.1,0.0,0.1
2026-04-09,187270,,2.87,0.0,0.0,-0.0
2026-04-10,187270,,2.88,0.5,0.1,-0.6
2026-04-13,187270,,3.01,0.7,0.0,-0.8
2026-04-14,187270,,3.22,0.2,0.1,-0.4
2026-04-15,187270,,3.28,0.3,-0.0,-0.3
2026-04-16,187270,,3.35,0.2,,-0.2
2026-04-17,187270,,3.4,-0.1,0.0,0.1
2026-04-20,187270,,3.38,-0.0,,0.2
2026-04-21,187270,,3.38,-0.2,-0.0,0.2
2026-04-22,187270,,3.34,-0.2,0.0,0.3
2026-04-23,187270,,3.3,-0.2,0.0,0.2
2026-04-24,187270,,3.26,0.2,,-0.3
2026-04-27,187270,,3.32,0.0,0.0,-0.0
2026-04-28,187270,,3.32,-0.4,0.0,0.4
2026-04-29,187270,,3.22,-0.1,0.0,0.2
2026-04-30,187270,3900.0,3.19,0.2,-0.0,-0.2
2026-05-04,187270,,3.23,-0.3,-0.2,0.6
2026-05-06,187270,,3.17,-0.8,0.0,0.8
2026-05-07,187270,,2.97,-0.0,0.0,0.0
2026-05-08,187270,,2.96,0.2,0.0,-0.3
2026-05-11,187270,,3.03,-0.2,0.0,0.2
2026-05-12,187270,,2.96,0.1,0.0,-0.1
2026-05-13,187270,,2.98,-0.1,-0.0,0.1
2026-05-14,187270,,2.96,-0.5,0.0,0.5
2026-05-15,187270,,2.83,0.2,-0.0,-0.2
2026-05-18,187270,,2.87,-0.2,0.1,0.2
2026-05-19,187270,,2.82,-0.5,-0.0,0.5
2026-05-20,187270,,2.71,-0.2,0.0,0.2
2026-05-21,187270,,2.64,0.3,-0.0,-0.3
2026-05-22,187270,,2.73,-0.2,0.0,0.2
2026-05-26,187270,,2.67,-0.1,0.0,0.1
2026-05-27,187270,,2.64,0.0,0.1,-0.0
2026-05-28,187270,,2.64,-0.1,0.0,0.1
2026-05-29,187270,3505.0,2.62,-0.2,0.1,0.1
2026-06-01,187270,,2.57,-0.2,-0.0,0.3
2026-06-02,187270,,2.5,-0.0,-0.0,0.0
2026-06-04,187270,,2.5,0.3,0.0,-0.3
2026-06-05,187270,,2.57,-0.3,-0.0,0.3
2026-06-08,187270,,2.49,-0.1,-0.0,0.1
2026-06-09,187270,,2.46,-0.0,0.0,0.0
2026-06-10,187270,,2.45,-0.1,0.0,0.1
2026-06-11,187270,,2.42,-0.0,0.0,0.0
2026-06-12,187270,,2.41,-0.1,,0.1
2026-06-15,187270,,2.4,-0.1,,0.1
2026-06-16,187270,,2.36,-0.0,-0.0,0.1
2026-06-17,187270,,2.35,-0.0,0.0,0.0
2026-06-18,187270,,2.34,-0.2,0.0,0.1
2026-06-19,187270,,2.3,-0.1,-0.0,0.1
2026-06-22,187270,,2.28,0.0,0.0,-0.0
2026-06-23,187270,,2.29,0.1,0.0,-0.1
2026-06-24,187270,,2.32,-0.1,-0.0,0.1
2026-06-25,187270,,2.29,-0.1,0.0,0.1
2026-06-26,187270,,2.26,0.1,0.0,-0.1
2026-06-29,187270,,2.28,-0.0,0.0,0.0
2026-06-30,187270,2990.0,2.28,-0.1,,0.1
2026-07-01,187270,,2.26,-0.0,0.0,0.0
2026-07-02,187270,,2.26,-0.1,,0.1
2026-07-03,187270,,2.22,-0.1,0.0,0.1
2026-07-06,187270,,2.2,-0.0,,0.0
2026-07-07,187270,,2.19,0.0,-0.0,-0.0
2026-07-08,187270,,2.2,-0.1,,0.1
2026-07-09,187270,,2.18,0.3,0.0,-0.3
2026-07-10,187270,,2.29,0.0,,-0.0
2026-07-13,187270,2905.0,2.29,-0.0,0.0,0.0
2025-07-14,187420,,1.5,-0.1,0.0,0.1
2025-07-15,187420,,1.5,-0.1,0.0,0.0
2025-07-16,187420,,1.51,0.1,0.0,-0.1
2025-07-17,187420,,1.52,0.6,-0.0,-0.5
2025-07-18,187420,,1.58,0.1,0.1,-0.2
2025-07-21,187420,,1.6,-0.3,0.2,0.1
2025-07-22,187420,,1.56,0.1,-0.0,-0.1
2025-07-23,187420,,1.57,-0.5,0.0,0.4
2025-07-24,187420,,1.52,-0.9,0.2,0.7
2025-07-25,187420,,1.43,0.0,-0.0,0.0
2025-07-28,187420,,1.43,0.3,0.0,-0.3
2025-07-29,187420,,1.47,-0.1,-0.0,0.1
2025-07-30,187420,,1.45,-0.2,0.2,0.0
2025-07-31,187420,,1.43,-0.1,0.0,0.1
2025-08-01,187420,,1.43,0.1,0.1,-0.2
2025-08-04,187420,,1.44,0.3,0.0,-0.3
2025-08-05,187420,,1.48,1.1,-0.0,-1.1
2025-08-06,187420,,1.59,-0.0,0.0,-0.0
2025-08-07,187420,,1.59,-0.1,-0.0,0.1
2025-08-08,187420,,1.58,0.0,0.0,-0.0
2025-08-11,187420,,1.58,-0.1,0.1,-0.0
2025-08-12,187420,,1.58,-0.0,0.0,0.0
2025-08-13,187420,,1.58,0.3,0.0,-0.3
2025-08-14,187420,,1.61,0.3,0.0,-0.3
2025-08-18,187420,,1.65,0.1,0.0,-0.1
2025-08-19,187420,,1.68,0.4,0.0,-0.5
2025-08-20,187420,,1.71,-0.8,0.0,0.8
2025-08-21,187420,,1.63,-0.1,-0.0,0.1
2025-08-22,187420,,1.61,0.0,0.0,-0.0
2025-08-25,187420,,1.61,0.1,-0.0,-0.1
2025-08-26,187420,,1.68,0.3,-0.0,-0.3
2025-08-27,187420,,1.73,0.0,0.0,-0.0
2025-08-28,187420,,1.73,0.1,0.0,-0.1
2025-08-29,187420,3105.0,1.74,0.0,0.0,-0.0
2025-09-01,187420,,1.77,-0.1,-0.0,0.1
2025-09-02,187420,,1.7,0.0,0.0,-0.0
2025-09-03,187420,,1.7,-0.3,-0.0,0.3
2025-09-04,187420,,1.68,0.1,-0.0,-0.2
2025-09-05,187420,,1.69,1.0,0.0,-0.9
2025-09-08,187420,,1.76,-0.1,0.0,0.1
2025-09-09,187420,,1.75,-0.2,-0.0,0.2
2025-09-10,187420,,1.73,-0.3,0.0,0.3
2025-09-11,187420,,1.7,-0.0,-0.0,0.0
2025-09-12,187420,,1.69,-0.1,-0.0,0.1
2025-09-15,187420,,1.72,-0.3,-0.0,0.3
2025-09-16,187420,,1.69,-0.4,0.0,-0.4
2025-09-17,187420,,1.65,0.1,-0.0,-1.0
2025-09-18,187420,,1.66,0.1,-0.0,-0.1
2025-09-19,187420,,1.67,-0.2,0.0,0.1
2025-09-22,187420,,1.65,0.7,0.0,-0.7
2025-09-23,187420,,1.73,0.1,,-0.0
2025-09-24,187420,,1.74,-0.2,,0.2
2025-09-25,187420,,1.71,0.0,,-0.0
2025-09-26,187420,,1.72,-0.4,,0.3
2025-09-29,187420,,1.6,-0.0,,0.0
2025-09-30,187420,3160.0,1.6,0.1,,-0.1
2025-10-01,187420,,1.62,-0.1,0.0,0.1
2025-10-02,187420,,1.61,-0.0,-0.0,0.0
2025-10-10,187420,,1.6,-1.1,0.0,1.1
2025-10-13,187420,,1.48,0.0,0.0,-0.0
2025-10-14,187420,,1.48,-0.2,0.0,0.1
2025-10-15,187420,,1.46,0.0,-0.0,0.0
2025-10-16,187420,,1.46,-0.1,0.0,0.1
2025-10-17,187420,,1.45,-0.1,-0.0,0.1
2025-10-20,187420,,1.45,0.1,0.1,-0.1
2025-10-21,187420,,1.45,0.4,-0.1,-0.3
2025-10-22,187420,,1.5,-0.0,0.0,0.0
2025-10-23,187420,,1.49,0.0,0.0,0.0
2025-10-24,187420,,1.5,0.2,-0.0,-0.2
2025-10-27,187420,,1.52,-0.0,0.0,0.0
2025-10-28,187420,,1.51,0.1,-0.0,-0.1
2025-10-29,187420,,1.52,-0.1,-0.0,0.1
2025-10-30,187420,,1.5,-0.0,0.0,0.0
2025-10-31,187420,3070.0,1.5,-0.1,-0.0,0.1
2025-11-03,187420,,1.49,-0.1,0.0,0.1
2025-11-04,187420,,1.47,-3.6,0.0,3.4
2025-11-05,187420,,1.12,0.3,-0.0,-0.2
2025-11-06,187420,,1.14,-0.1,0.0,0.1
2025-11-07,187420,,1.13,0.9,-1.4,0.5
2025-11-10,187420,,1.24,-0.2,-0.0,0.2
2025-11-11,187420,,1.16,-0.9,-0.0,0.9
2025-11-12,187420,,1.05,0.5,-0.0,-0.5
2025-11-13,187420,,1.11,0.1,0.0,-0.1
2025-11-14,187420,,1.12,0.4,-0.0,-0.4
2025-11-17,187420,,1.16,-0.0,0.0,0.0
2025-11-18,187420,,1.16,-0.2,-0.0,0.2
2025-11-19,187420,,1.13,-0.1,0.0,0.1
2025-11-20,187420,,1.12,-0.0,0.1,-0.1
2025-11-21,187420,,1.11,0.4,-0.0,-0.4
2025-11-24,187420,,1.16,0.1,-0.0,-0.1
2025-11-25,187420,,1.19,-0.0,0.0,0.0
2025-11-26,187420,,1.19,0.2,-0.0,-0.2
2025-11-27,187420,,1.22,0.7,-0.0,-0.8
2025-11-28,187420,2855.0,1.31,0.0,0.0,0.0
2025-12-01,187420,,1.31,-0.1,0.0,0.0
2025-12-02,187420,,1.31,-0.2,-0.0,0.2
2025-12-03,187420,,1.29,-0.1,0.0,0.1
2025-12-04,187420,,1.29,-0.3,0.0,0.3
2025-12-05,187420,,1.25,-0.2,-0.0,0.2
2025-12-08,187420,,1.23,0.4,-0.0,-0.4
2025-12-09,187420,,1.28,0.1,-0.0,-0.1
2025-12-10,187420,,1.29,-0.1,0.0,0.1
2025-12-11,187420,,1.28,0.2,0.0,-0.2
2025-12-12,187420,,1.31,0.0,0.0,-0.0
2025-12-15,187420,,1.31,-0.1,-0.0,0.1
2025-12-16,187420,,1.3,-0.5,-0.0,0.5
2025-12-17,187420,,1.44,-0.1,-0.0,0.1
2025-12-18,187420,,1.43,0.0,0.0,-0.0
2025-12-19,187420,,1.43,0.1,-0.0,-0.1
2025-12-22,187420,,1.44,0.1,0.0,-0.3
2025-12-23,187420,,1.46,0.0,-0.0,0.0
2025-12-24,187420,,1.5,0.1,,-0.1
2025-12-26,187420,,1.56,-0.3,,0.3
2025-12-29,187420,,1.51,0.1,,-0.1
2025-12-30,187420,2650.0,1.53,-1.0,1.5,-0.4
2026-01-02,187420,,1.39,0.4,0.1,-0.5
2026-01-05,187420,,1.44,0.0,-0.1,0.1
2026-01-06,187420,,1.45,0.2,0.1,-0.2
2026-01-07,187420,,1.48,-0.2,-0.1,0.2
2026-01-08,187420,,1.46,0.0,0.0,-0.1
2026-01-09,187420,,1.46,-0.0,0.1,-0.1
2026-01-12,187420,,1.46,-0.1,0.2,-0.1
2026-01-13,187420,,1.45,-0.4,-0.1,0.5
2026-01-14,187420,,1.43,-0.2,0.1,0.2
2026-01-15,187420,,1.41,-0.0,-0.1,0.1
2026-01-16,187420,,1.4,0.1,-0.1,-0.1
2026-01-19,187420,,1.42,0.4,-0.1,-0.3
2026-01-20,187420,,1.47,0.2,0.0,-0.2
2026-01-21,187420,,1.49,-0.6,0.0,0.6
2026-01-22,187420,,1.41,0.1,-0.0,-0.1
2026-01-23,187420,,1.43,0.6,0.3,-0.8
2026-01-26,187420,,1.5,-0.4,-0.1,0.6
2026-01-27,187420,,1.37,0.1,-0.1,0.0
2026-01-28,187420,,1.37,0.1,0.1,-0.2
2026-01-29,187420,,1.39,-0.1,-0.0,0.1
2026-01-30,187420,2790.0,1.37,-0.2,-0.1,0.4
2026-02-02,187420,,1.34,-0.7,0.1,0.5
2026-02-03,187420,,1.25,-0.3,0.0,0.2
2026-02-04,187420,,1.14,-0.0,0.0,0.0
2026-02-05,187420,,1.13,-0.5,-0.1,0.6
2026-02-06,187420,,1.07,-0.6,-0.1,0.7
2026-02-09,187420,,0.98,0.2,0.0,-0.2
2026-02-10,187420,,1.0,1.0,0.0,-1.0
2026-02-11,187420,,1.12,0.2,-0.0,-0.1
2026-02-12,187420,,1.14,1.4,-1.7,0.2
2026-02-13,187420,,1.36,0.9,0.5,-1.5
2026-02-19,187420,,1.47,0.0,-0.2,0.1
2026-02-20,187420,,1.47,0.0,-0.1,0.1
2026-02-23,187420,,1.5,-0.1,-0.0,0.1
2026-02-24,187420,,1.5,0.6,-1.0,0.4
2026-02-25,187420,,1.57,-0.1,-0.0,0.2
2026-02-26,187420,,1.56,-0.1,0.1,-0.0
2026-02-27,187420,2650.0,1.56,-0.1,-0.1,0.2
2026-03-03,187420,,1.54,-0.0,-0.2,0.2
2026-03-04,187420,,1.55,-0.2,0.0,0.1
2026-03-05,187420,,1.53,0.1,-0.0,-0.0
2026-03-06,187420,,1.34,-0.1,-0.1,0.2
2026-03-09,187420,,1.32,0.1,0.1,-0.3
2026-03-10,187420,,1.34,-0.3,-0.1,0.4
2026-03-11,187420,,1.31,-0.2,-0.0,0.5
2026-03-12,187420,,1.28,0.2,-0.0,-0.2
2026-03-13,187420,,1.31,0.3,0.1,-0.4
2026-03-16,187420,,1.36,-0.5,0.1,0.4
2026-03-17,187420,,1.3,1.1,0.1,-1.2
2026-03-18,187420,,1.44,-0.2,-0.1,0.3
2026-03-19,187420,,1.41,-0.0,-0.1,0.1
2026-03-20,187420,,1.41,-0.6,-0.0,0.6
2026-03-23,187420,,1.34,-0.2,0.3,-0.1
2026-03-24,187420,,1.31,-0.1,0.0,0.1
2026-03-25,187420,,1.29,0.3,-0.1,-0.2
2026-03-26,187420,,1.33,-0.5,-0.0,0.5
2026-03-27,187420,,1.27,-0.1,0.0,0.1
2026-03-30,187420,,1.25,-0.4,-0.1,0.4
2026-03-31,187420,2535.0,1.2,-0.1,-0.0,0.1
2026-04-01,187420,,1.19,-0.5,0.1,0.4
2026-04-02,187420,,1.13,-1.2,-0.7,1.9
2026-04-03,187420,,0.98,0.3,0.1,-0.4
2026-04-06,187420,,1.02,0.2,-0.0,-0.2
2026-04-07,187420,,1.05,0.2,0.0,-0.3
2026-04-08,187420,,1.08,0.4,0.1,-0.5
2026-04-09,187420,,1.13,0.2,0.1,-0.3
2026-04-10,187420,,1.15,0.5,-0.0,-0.5
2026-04-13,187420,,1.22,1.6,-2.4,0.8
2026-04-14,187420,,1.42,1.0,-0.2,-1.0
2026-04-15,187420,,1.54,0.8,-0.1,-1.3
2026-04-16,187420,,1.63,0.3,-0.3,0.0
2026-04-17,187420,,1.66,-0.2,-0.0,0.1
2026-04-20,187420,,1.64,-1.9,-0.3,3.0
2026-04-21,187420,,1.44,-0.7,0.1,0.6
2026-04-22,187420,,1.37,1.4,0.4,-1.7
2026-04-23,187420,,1.5,0.2,0.2,-0.4
2026-04-24,187420,,1.49,1.1,-2.9,1.6
2026-04-27,187420,,1.61,-0.1,-0.1,0.4
2026-04-28,187420,,1.59,0.9,-0.6,0.9
2026-04-29,187420,,1.68,0.1,-0.0,0.3
2026-04-30,187420,2940.0,1.68,0.1,-0.2,0.8
2026-05-04,187420,,1.7,3.9,0.3,-3.0
2026-05-06,187420,,2.14,-0.1,-0.3,0.6
2026-05-07,187420,,2.04,-0.6,-0.1,0.4
2026-05-08,187420,,1.98,-0.4,0.0,0.4
2026-05-11,187420,,1.93,0.2,-0.0,-0.2
2026-05-12,187420,,1.95,-0.3,-0.1,-0.1
2026-05-13,187420,,1.86,-0.5,0.0,0.4
2026-05-14,187420,,1.79,-0.5,0.1,0.4
2026-05-15,187420,,1.73,-0.1,-0.1,0.1
2026-05-18,187420,,1.69,-1.1,0.0,1.1
2026-05-19,187420,,1.54,-0.3,-0.0,0.2
2026-05-20,187420,,1.51,-1.9,-0.0,1.3
2026-05-21,187420,,1.3,-1.4,-0.0,-0.2
2026-05-22,187420,,1.11,0.2,-0.0,-0.2
2026-05-26,187420,,1.14,-0.2,0.0,0.2
2026-05-27,187420,,1.11,0.0,0.0,-0.1
2026-05-28,187420,,1.11,0.6,0.1,-1.4
2026-05-29,187420,2135.0,1.2,-0.6,-0.1,0.2
2026-06-01,187420,,1.12,-0.3,-0.0,0.3
2026-06-02,187420,,1.08,0.4,0.0,-0.4
2026-06-04,187420,,1.14,-0.3,-0.0,0.3
2026-06-05,187420,,1.12,-0.4,0.0,0.4
2026-06-08,187420,,1.06,-0.1,-0.0,0.1
2026-06-09,187420,,1.05,0.2,0.0,-0.0
2026-06-10,187420,,1.07,-0.0,-0.0,0.0
2026-06-11,187420,,1.07,-0.0,0.2,-0.1
2026-06-12,187420,,1.06,0.1,-0.1,0.0
2026-06-15,187420,,1.08,-0.2,-0.0,0.2
2026-06-16,187420,,1.05,0.2,0.3,0.3
2026-06-17,187420,,1.09,-0.1,-1.5,1.7
2026-06-18,187420,,1.08,-0.3,-0.2,0.5
2026-06-19,187420,,1.03,-0.3,0.0,0.6
2026-06-22,187420,,0.99,-0.1,0.0,0.1
2026-06-23,187420,,0.98,-0.1,0.2,-0.1
2026-06-24,187420,,0.96,-0.2,0.0,0.2
2026-06-25,187420,,0.93,0.1,-0.1,-0.0
2026-06-26,187420,,0.94,0.1,-0.0,-0.1
2026-06-29,187420,,0.97,0.1,-0.1,0.0
2026-06-30,187420,2030.0,0.98,0.1,-0.0,-0.1
2026-07-01,187420,,1.0,-0.2,0.3,-0.2
2026-07-02,187420,,0.97,-0.3,-0.0,0.3
2026-07-03,187420,,0.93,0.1,-0.1,-0.0
2026-07-06,187420,,0.95,0.1,-0.1,-0.0
2026-07-07,187420,,0.98,-0.1,-0.0,0.1
2026-07-08,187420,,0.96,-0.0,0.0,-0.0
2026-07-09,187420,,1.01,0.3,-0.1,-0.2
2026-07-10,187420,,1.05,1.7,0.4,-2.2
2026-07-13,187420,1469.0,1.51,0.9,-0.3,-0.6
2025-07-14,187660,,0.86,-2.1,,2.5
2025-07-15,187660,,0.76,-1.1,,1.2
2025-07-16,187660,,0.66,4.0,,-4.0
2025-07-17,187660,,1.08,1.1,,-1.0
2025-07-18,187660,,1.21,-4.0,,3.7
2025-07-21,187660,,0.84,-2.0,,2.1
2025-07-22,187660,,0.64,0.0,-9.6,9.4
2025-07-23,187660,,0.65,2.1,,-2.2
2025-07-24,187660,,0.89,-2.5,-11.8,13.9
2025-07-25,187660,,0.57,3.7,-4.1,0.3
2025-07-28,187660,,1.07,-1.3,-6.7,8.0
2025-07-29,187660,,0.93,0.1,,-0.4
2025-07-30,187660,,0.95,0.4,-0.8,-0.1
2025-07-31,187660,,1.01,0.4,,-0.5
2025-08-01,187660,,1.12,-0.4,-0.1,0.8
2025-08-04,187660,,1.07,0.7,-5.6,4.9
2025-08-05,187660,,1.15,-2.1,,2.1
2025-08-06,187660,,0.85,0.9,,-0.5
2025-08-07,187660,,0.99,0.1,,-0.1
2025-08-08,187660,,1.03,0.4,,-0.4
2025-08-11,187660,,1.09,-0.6,,0.6
2025-08-12,187660,,1.01,-3.2,,3.5
2025-08-13,187660,,0.67,-0.2,,-0.0
2025-08-14,187660,,0.72,0.6,,-0.6
2025-08-18,187660,,0.83,6.2,-0.0,-6.2
2025-08-19,187660,,1.55,1.4,-0.0,-1.1
2025-08-20,187660,,1.83,-0.6,,0.8
2025-08-21,187660,,1.72,-10.2,0.0,10.1
2025-08-22,187660,,0.64,0.8,,-1.0
2025-08-25,187660,,0.69,-2.3,-0.0,2.2
2025-08-26,187660,,0.47,10.8,0.0,-10.3
2025-08-27,187660,,1.56,5.5,,-5.4
2025-08-28,187660,,2.04,-7.3,0.0,6.3
2025-08-29,187660,3005.0,1.55,-4.0,-0.0,4.9
2025-09-01,187660,,1.35,-0.7,,1.1
2025-09-02,187660,,1.31,-0.5,,0.4
2025-09-03,187660,,1.27,5.9,,-6.4
2025-09-04,187660,,1.68,1.1,,-0.9
2025-09-05,187660,,1.72,-4.0,,4.0
2025-09-08,187660,,1.33,4.1,,-4.2
2025-09-09,187660,,1.64,-0.9,,0.9
2025-09-10,187660,,1.57,-3.7,,3.6
2025-09-11,187660,,1.33,0.2,,-0.2
2025-09-12,187660,,1.33,0.7,-2.4,1.6
2025-09-15,187660,,1.38,-9.9,-7.7,17.2
2025-09-16,187660,,0.58,2.8,-31.8,28.9
2025-09-17,187660,,0.83,-5.9,,6.0
2025-09-18,187660,,0.4,1.8,,-1.7
2025-09-19,187660,,0.54,1.8,,-1.8
2025-09-22,187660,,0.69,6.4,,-4.8
2025-09-23,187660,,1.19,-7.8,,8.1
2025-09-24,187660,,0.57,-1.2,,1.3
2025-09-25,187660,,0.47,1.0,,-1.1
2025-09-26,187660,,0.56,2.6,,-2.6
2025-09-29,187660,,0.78,1.3,,-1.3
2025-09-30,187660,2390.0,0.88,1.6,,-1.6
2025-10-01,187660,,1.02,-1.3,,1.3
2025-10-02,187660,,0.91,-0.7,,0.8
2025-10-10,187660,,0.86,-2.0,,2.0
2025-10-13,187660,,0.69,8.2,,-8.4
2025-10-14,187660,,1.25,23.8,3.1,-26.8
2025-10-15,187660,,2.62,-22.1,-0.0,22.0
2025-10-16,187660,,1.17,0.7,,-1.1
2025-10-17,187660,,1.21,-2.7,,2.8
2025-10-20,187660,,1.03,-1.0,,1.1
2025-10-21,187660,,0.98,33.9,0.0,-33.1
2025-10-22,187660,,2.89,-26.7,,26.2
2025-10-23,187660,,1.27,-3.3,,3.3
2025-10-24,187660,,1.02,13.0,0.0,-12.1
2025-10-27,187660,,1.78,-23.6,,23.1
2025-10-28,187660,,0.31,-0.7,,0.2
2025-10-29,187660,,0.26,-1.8,,1.9
2025-10-30,187660,,0.17,2.0,,-2.1
2025-10-31,187660,2840.0,0.34,-0.1,,-0.4
2025-11-03,187660,,0.34,6.1,,-7.1
2025-11-04,187660,,0.77,-3.6,,4.8
2025-11-05,187660,,0.52,-4.5,,4.4
2025-11-06,187660,,0.22,2.4,,-2.5
2025-11-07,187660,,0.43,1.3,,-2.1
2025-11-10,187660,,0.53,1.7,-0.3,-1.6
2025-11-11,187660,,0.62,5.5,,-6.3
2025-11-12,187660,,0.97,-11.9,,13.9
2025-11-13,187660,,0.21,4.5,,4.1
2025-11-14,187660,,0.51,-5.8,,5.4
2025-11-17,187660,,0.15,1.7,,-2.0
2025-11-18,187660,,0.28,1.0,,-0.8
2025-11-19,187660,,0.34,3.3,,-2.8
2025-11-20,187660,,0.52,-1.0,,1.9
2025-11-21,187660,,0.46,1.0,,-0.3
2025-11-24,187660,,0.54,2.2,,-1.3
2025-11-25,187660,,0.72,1.3,0.0,-0.5
2025-11-26,187660,,0.83,-0.4,0.0,0.2
2025-11-27,187660,,0.8,-2.5,0.0,2.8
2025-11-28,187660,2465.0,0.62,-0.0,,0.1
2025-12-01,187660,,0.63,-1.9,,2.0
2025-12-02,187660,,0.49,0.9,,1.1
2025-12-03,187660,,0.56,4.5,,-5.0
2025-12-04,187660,,0.87,-8.8,,9.6
2025-12-05,187660,,0.31,-1.4,,1.0
2025-12-08,187660,,0.21,5.6,,-6.2
2025-12-09,187660,,0.59,0.5,,-0.7
2025-12-10,187660,,0.62,-10.0,,11.1
2025-12-11,187660,,0.12,1.3,,-0.9
2025-12-12,187660,,0.26,-0.9,,0.8
2025-12-15,187660,,0.24,-0.7,,0.8
2025-12-16,187660,,0.22,-0.7,,0.7
2025-12-17,187660,,0.17,1.8,,-1.3
2025-12-18,187660,,0.3,1.0,,-1.0
2025-12-19,187660,,0.38,-0.9,,1.1
2025-12-22,187660,,0.31,-0.9,,0.8
2025-12-23,187660,,0.25,-0.5,,-0.8
2025-12-24,187660,,0.22,0.1,,-0.4
2025-12-26,187660,,0.23,0.9,,-2.3
2025-12-29,187660,,0.28,1.2,,-1.5
2025-12-30,187660,2380.0,0.37,-1.5,,0.6
2026-01-02,187660,,0.26,2.7,,-2.9
2026-01-05,187660,,0.46,-0.9,,0.8
2026-01-06,187660,,0.39,-1.4,,1.3
2026-01-07,187660,,0.31,-1.0,,1.2
2026-01-08,187660,,0.21,0.5,-0.0,-0.6
2026-01-09,187660,,0.26,1.1,,-1.1
2026-01-12,187660,,0.34,2.2,,-2.1
2026-01-13,187660,,0.5,-4.6,,4.5
2026-01-14,187660,,0.16,-0.2,,0.2
2026-01-15,187660,,0.15,1.0,,-1.0
2026-01-16,187660,,0.23,6.2,,-5.1
2026-01-19,187660,,0.67,-0.9,,1.0
2026-01-20,187660,,0.6,11.6,,-11.2
2026-01-21,187660,,1.38,-7.7,,7.7
2026-01-22,187660,,0.84,1.1,,-1.2
2026-01-23,187660,,0.92,4.8,,-5.2
2026-01-26,187660,,1.24,0.9,,-0.9
2026-01-27,187660,,1.3,-1.4,,4.7
2026-01-28,187660,,1.27,-1.5,0.0,2.5
2026-01-29,187660,,1.25,0.2,0.0,1.1
2026-01-30,187660,3380.0,1.26,25.5,-0.4,-21.5
2026-02-02,187660,,2.35,-3.6,,3.4
2026-02-03,187660,,2.1,-11.3,,11.0
2026-02-04,187660,,1.45,-7.7,,8.1
2026-02-05,187660,,0.96,-1.0,0.5,1.4
2026-02-06,187660,,0.94,1.6,0.0,-1.5
2026-02-09,187660,,1.05,4.4,0.0,-4.2
2026-02-10,187660,,1.28,21.3,-0.4,-18.8
2026-02-11,187660,,2.34,-47.4,-3.9,53.7
2026-02-12,187660,,0.7,-8.8,0.0,-16.3
2026-02-13,187660,,0.56,43.4,0.0,-23.6
2026-02-19,187660,,1.82,-26.2,0.0,33.1
2026-02-20,187660,,1.36,-4.8,,8.3
2026-02-23,187660,,1.3,-14.4,,18.7
2026-02-24,187660,,1.14,27.2,0.0,-43.7
2026-02-25,187660,,1.5,,,
2026-02-26,187660,,1.44,-23.6,,63.4
2026-02-27,187660,18670.0,1.2,4.2,,-4.4
2026-03-03,187660,,1.24,-27.0,-0.0,21.9
2026-03-04,187660,,1.05,88.8,2.2,-85.7
2026-03-05,187660,,2.64,7.5,-2.2,-6.0
2026-03-06,187660,,2.73,-148.9,0.0,152.3
2026-03-09,187660,,1.1,3.8,-0.0,1.6
2026-03-10,187660,,1.18,2.3,0.0,-1.2
2026-03-11,187660,,1.23,2.3,-0.0,5.7
2026-03-12,187660,,1.25,,,
2026-03-13,187660,,1.25,-21.0,-0.0,17.1
2026-03-16,187660,,1.1,7.9,0.0,-8.6
2026-03-17,187660,,1.19,-38.8,0.0,38.1
2026-03-18,187660,,0.86,10.2,-0.0,-12.5
2026-03-19,187660,,0.98,21.8,0.0,-24.3
2026-03-20,187660,,1.21,4.1,-0.1,0.6
2026-03-23,187660,,1.31,-2.4,-0.0,3.7
2026-03-24,187660,,1.3,5.4,-0.0,-5.2
2026-03-25,187660,,1.38,-13.5,0.1,11.8
2026-03-26,187660,,1.21,6.7,0.1,-9.6
2026-03-27,187660,,1.34,4.3,0.0,-2.6
2026-03-30,187660,,1.42,12.6,0.0,-12.3
2026-03-31,187660,11050.0,1.64,-16.4,0.0,16.1
2026-04-01,187660,,1.41,0.3,0.0,-0.1
2026-04-02,187660,,1.42,1.9,-0.0,-3.2
2026-04-03,187660,,1.46,-4.7,-0.0,3.6
2026-04-06,187660,,1.43,-4.9,-0.0,6.3
2026-04-07,187660,,1.36,-4.0,-0.0,3.8
2026-04-08,187660,,1.32,-0.5,0.0,2.0
2026-04-09,187660,,1.34,-6.4,,3.4
2026-04-10,187660,,1.29,6.4,0.0,-7.5
2026-04-13,187660,,1.38,-14.3,-0.0,18.1
2026-04-14,187660,,1.2,-24.4,-0.0,17.6
2026-04-15,187660,,0.91,48.3,0.0,-47.9
2026-04-16,187660,,1.42,-75.1,0.0,78.4
2026-04-17,187660,,0.66,-21.5,-0.4,18.8
2026-04-20,187660,,0.43,-12.1,-0.0,11.5
2026-04-21,187660,,0.29,21.1,-0.5,-18.9
2026-04-22,187660,,0.61,4.9,-0.2,-3.9
2026-04-23,187660,,0.69,-19.3,-0.0,18.3
2026-04-24,187660,,0.42,-1.1,0.0,-1.5
2026-04-27,187660,,0.42,31.4,0.0,-37.1
2026-04-28,187660,,0.84,-33.1,-0.0,35.8
2026-04-29,187660,,0.38,-0.5,0.0,0.0
2026-04-30,187660,11210.0,0.39,5.7,1.0,-7.6
2026-05-04,187660,,0.5,22.0,4.2,-22.9
2026-05-06,187660,,0.89,17.4,1.9,-20.5
2026-05-07,187660,,1.22,7.9,-0.0,-10.0
2026-05-08,187660,,1.37,4.1,-0.0,-1.0
2026-05-11,187660,,1.45,23.5,0.4,-23.8
2026-05-12,187660,,1.94,10.1,-0.0,-10.6
2026-05-13,187660,,2.16,26.7,0.3,-27.3
2026-05-14,187660,,2.71,3.2,0.0,-3.2
2026-05-15,187660,,2.71,31.0,-0.0,-32.5
2026-05-18,187660,,3.39,8.5,0.3,-8.5
2026-05-19,187660,,3.58,6.0,0.0,-6.1
2026-05-20,187660,,3.72,1.1,-2.3,1.2
2026-05-21,187660,,3.77,11.6,-0.0,-11.7
2026-05-22,187660,,4.02,-42.9,0.0,43.0
2026-05-26,187660,,3.17,-1.7,0.0,2.1
2026-05-27,187660,,3.13,11.9,-0.0,-11.9
2026-05-28,187660,,3.44,24.3,-1.6,-23.2
2026-05-29,187660,6590.0,4.06,19.0,-1.5,-17.9
2026-06-01,187660,,4.18,17.7,0.0,-17.9
2026-06-02,187660,,4.68,-16.0,0.0,16.4
2026-06-04,187660,,4.33,-4.2,0.7,3.6
2026-06-05,187660,,4.61,-4.1,-0.0,3.1
2026-06-08,187660,,4.51,4.0,-0.0,-4.2
2026-06-09,187660,,4.55,6.2,-0.0,-6.2
2026-06-10,187660,,4.72,3.3,-0.0,-3.1
2026-06-11,187660,,4.81,4.6,-0.0,-4.6
2026-06-12,187660,,4.95,1.4,0.0,-1.3
2026-06-15,187660,,4.98,5.6,-0.0,-6.4
2026-06-16,187660,,5.14,-6.7,-0.0,7.6
2026-06-17,187660,,4.94,-0.8,0.0,0.7
2026-06-18,187660,,4.92,0.8,-0.0,-0.9
2026-06-19,187660,,4.89,7.5,0.0,-7.8
2026-06-22,187660,,5.12,6.8,-0.0,-6.8
2026-06-23,187660,,5.33,18.1,-0.0,-17.8
2026-06-24,187660,,5.91,-0.3,-0.0,0.3
2026-06-25,187660,,5.91,1.2,0.0,-1.1
2026-06-26,187660,,5.96,6.4,-0.0,-6.3
2026-06-29,187660,,6.19,4.8,-0.0,-4.8
2026-06-30,187660,5120.0,6.36,1.1,-0.0,-1.1
2026-07-01,187660,,5.84,2.7,-0.0,-2.7
2026-07-02,187660,,5.93,4.4,0.0,-4.4
2026-07-03,187660,,6.25,1.9,-0.0,-1.9
2026-07-06,187660,,6.33,-0.5,,0.4
2026-07-07,187660,,6.31,-1.0,0.0,1.0
2026-07-08,187660,,6.29,5.4,-0.0,-5.4
2026-07-09,187660,,6.52,-2.4,0.0,2.3
2026-07-10,187660,,6.44,1.6,-0.0,-1.6
2026-07-13,187660,5190.0,6.5,-33.3,-0.0,33.4
2025-07-14,187790,,2.07,0.0,,-0.1
2025-07-15,187790,,1.98,0.0,,-0.0
2025-07-16,187790,,1.99,5.0,0.4,-5.2
2025-07-17,187790,,3.13,2.4,-0.4,-2.6
2025-07-18,187790,,3.6,-1.3,0.8,-0.1
2025-07-21,187790,,3.34,1.1,0.1,-1.5
2025-07-22,187790,,3.57,-0.9,0.8,0.2
2025-07-23,187790,,3.39,0.5,,-0.9
2025-07-24,187790,,3.48,-0.2,0.9,-0.7
2025-07-25,187790,,3.44,-2.5,,2.6
2025-07-28,187790,,3.0,-1.0,0.3,0.7
2025-07-29,187790,,2.83,0.4,0.1,-0.5
2025-07-30,187790,,2.89,2.5,,-3.0
2025-07-31,187790,,3.31,-1.9,0.2,1.6
2025-08-01,187790,,3.0,0.1,,-0.2
2025-08-04,187790,,3.02,0.1,,-0.4
2025-08-05,187790,,3.03,-0.4,0.2,0.1
2025-08-06,187790,,2.95,0.2,,0.0
2025-08-07,187790,,2.99,-0.1,,0.1
2025-08-08,187790,,2.97,-0.3,,0.2
2025-08-11,187790,,2.92,1.1,,-1.1
2025-08-12,187790,,3.11,-0.4,,0.4
2025-08-13,187790,,3.05,-0.4,,0.8
2025-08-14,187790,,2.97,0.2,,-0.0
2025-08-18,187790,,3.0,2.8,0.7,-3.6
2025-08-19,187790,,3.46,2.4,1.1,-4.6
2025-08-20,187790,,3.84,-0.8,0.2,0.6
2025-08-21,187790,,3.72,0.2,0.0,0.3
2025-08-22,187790,,3.75,-1.3,,1.4
2025-08-25,187790,,3.54,0.3,,0.2
2025-08-26,187790,,3.58,-0.6,,0.7
2025-08-27,187790,,3.48,2.4,,-2.4
2025-08-28,187790,,3.89,0.6,,-0.6
2025-08-29,187790,1889.0,3.98,-1.3,,1.5
2025-09-01,187790,,3.76,-1.1,0.3,1.0
2025-09-02,187790,,3.56,-0.1,0.4,-0.3
2025-09-03,187790,,3.53,-1.1,0.2,0.9
2025-09-04,187790,,3.34,0.4,,-0.4
2025-09-05,187790,,3.42,-1.3,,1.3
2025-09-08,187790,,3.19,-0.2,0.2,-0.0
2025-09-09,187790,,3.15,-0.6,,0.6
2025-09-10,187790,,3.06,-2.1,1.0,1.1
2025-09-11,187790,,2.7,-0.5,,0.5
2025-09-12,187790,,2.61,0.8,-0.6,-0.1
2025-09-15,187790,,2.77,-0.5,-0.4,0.9
2025-09-16,187790,,2.68,0.0,0.3,-0.3
2025-09-17,187790,,2.68,0.4,,-0.4
2025-09-18,187790,,2.76,-0.1,,0.1
2025-09-19,187790,,2.74,1.0,,-1.1
2025-09-22,187790,,2.93,3.7,0.4,-4.1
2025-09-23,187790,,3.54,0.8,2.2,-2.9
2025-09-24,187790,,3.67,1.0,1.6,-2.6
2025-09-25,187790,,3.84,-0.7,0.4,0.1
2025-09-26,187790,,3.73,-0.3,,-0.3
2025-09-29,187790,,3.68,-0.2,0.4,-0.2
2025-09-30,187790,1923.0,3.66,-0.2,0.4,-0.2
2025-10-01,187790,,3.62,-0.4,,0.4
2025-10-02,187790,,3.56,0.2,,-0.2
2025-10-10,187790,,3.59,-0.2,0.9,-0.7
2025-10-13,187790,,3.55,0.4,,-0.4
2025-10-14,187790,,3.62,0.6,,-0.6
2025-10-15,187790,,3.73,0.5,0.4,-0.9
2025-10-16,187790,,3.82,-0.6,,0.6
2025-10-17,187790,,3.71,-0.5,,0.5
2025-10-20,187790,,3.62,0.1,,-0.1
2025-10-21,187790,,3.64,0.0,,-0.0
2025-10-22,187790,,3.64,-0.5,,0.5
2025-10-23,187790,,3.55,-0.2,,0.2
2025-10-24,187790,,3.51,0.3,,-0.4
2025-10-27,187790,,3.56,0.8,0.7,-1.7
2025-10-28,187790,,3.71,0.6,0.6,-1.4
2025-10-29,187790,,3.81,-0.9,0.6,0.2
2025-10-30,187790,,3.66,-0.7,0.6,0.1
2025-10-31,187790,1929.0,3.55,0.2,0.3,-0.8
2025-11-03,187790,,3.58,-0.3,0.5,-0.2
2025-11-04,187790,,3.54,7.3,0.1,-8.5
2025-11-05,187790,,4.68,-9.2,14.8,-6.9
2025-11-06,187790,,3.65,6.7,5.6,-12.5
2025-11-07,187790,,4.45,3.9,0.4,-4.2
2025-11-10,187790,,4.91,-0.1,0.1,-0.8
2025-11-11,187790,,4.9,5.9,-0.9,-4.6
2025-11-12,187790,,5.54,-12.7,16.6,-1.7
2025-11-13,187790,,4.2,-1.8,1.1,0.0
2025-11-14,187790,,4.02,3.6,-0.5,-3.2
2025-11-17,187790,,4.4,2.4,-3.3,1.9
2025-11-18,187790,,4.67,10.8,-10.3,2.1
2025-11-19,187790,,5.97,-0.8,-2.0,3.1
2025-11-20,187790,,5.87,0.2,-2.0,3.0
2025-11-21,187790,,5.9,1.9,,-1.8
2025-11-24,187790,,6.14,-5.7,-4.4,10.2
2025-11-25,187790,,5.53,-4.6,,4.3
2025-11-26,187790,,5.02,-1.2,,1.1
2025-11-27,187790,,4.95,-0.4,1.4,-0.5
2025-11-28,187790,3170.0,4.91,3.0,,-2.7
2025-12-01,187790,,5.24,-2.3,,2.4
2025-12-02,187790,,5.0,-0.8,-0.2,1.0
2025-12-03,187790,,4.91,5.7,-1.7,-3.9
2025-12-04,187790,,5.46,-1.7,3.3,-1.7
2025-12-05,187790,,5.29,-2.7,0.4,2.4
2025-12-08,187790,,5.06,-2.5,2.8,-0.4
2025-12-09,187790,,4.87,-1.3,-0.1,1.4
2025-12-10,187790,,4.77,3.3,0.3,-3.6
2025-12-11,187790,,5.05,1.2,3.9,-5.1
2025-12-12,187790,,5.15,0.2,-0.1,-0.2
2025-12-15,187790,,5.17,-0.6,0.0,0.6
2025-12-16,187790,,5.12,1.2,-0.6,-0.6
2025-12-17,187790,,5.23,0.3,0.5,-0.8
2025-12-18,187790,,5.25,-1.6,2.8,-1.1
2025-12-19,187790,,5.13,-6.4,4.8,1.6
2025-12-22,187790,,4.58,-0.7,0.0,1.5
2025-12-23,187790,,4.53,0.6,0.4,-0.9
2025-12-24,187790,,4.58,-1.1,0.1,0.9
2025-12-26,187790,,4.55,4.1,-0.0,-4.3
2025-12-29,187790,,4.92,2.3,-0.1,-2.3
2025-12-30,187790,3480.0,5.14,-0.9,1.7,-0.8
2026-01-02,187790,,5.05,-1.1,-0.1,1.2
2026-01-05,187790,,4.95,-0.2,0.4,-0.2
2026-01-06,187790,,4.93,-0.1,-0.4,0.3
2026-01-07,187790,,4.92,0.1,-1.0,1.0
2026-01-08,187790,,4.93,-2.8,-0.2,3.0
2026-01-09,187790,,4.64,0.8,-1.6,0.9
2026-01-12,187790,,4.73,0.5,-2.7,2.1
2026-01-13,187790,,4.78,3.3,-3.3,0.0
2026-01-14,187790,,5.12,-12.0,-1.6,13.7
2026-01-15,187790,,3.93,-0.2,1.7,-2.0
2026-01-16,187790,,3.92,-1.4,-0.4,1.6
2026-01-19,187790,,3.78,0.9,-0.2,-0.7
2026-01-20,187790,,3.87,2.0,1.4,-3.4
2026-01-21,187790,,4.07,0.4,-0.1,-0.8
2026-01-22,187790,,4.12,0.7,-0.4,-0.3
2026-01-23,187790,,4.18,3.3,-0.5,-3.2
2026-01-26,187790,,4.51,2.3,-0.1,-2.4
2026-01-27,187790,,4.74,-1.1,-0.1,1.0
2026-01-28,187790,,4.63,0.9,-0.9,0.2
2026-01-29,187790,,4.72,-1.7,1.6,-0.4
2026-01-30,187790,3775.0,4.56,0.2,3.3,-3.6
2026-02-02,187790,,4.6,-5.1,-0.1,3.9
2026-02-03,187790,,4.15,1.3,2.7,-4.1
2026-02-04,187790,,4.26,4.4,0.6,-5.1
2026-02-05,187790,,4.6,-4.8,2.0,1.8
2026-02-06,187790,,4.19,3.8,2.6,-6.8
2026-02-09,187790,,4.49,5.6,-0.2,-5.4
2026-02-10,187790,,4.9,-1.9,1.3,-0.4
2026-02-11,187790,,4.76,-0.3,1.5,-1.4
2026-02-12,187790,,4.74,-1.1,0.6,0.5
2026-02-13,187790,,4.66,-1.2,4.1,-3.0
2026-02-19,187790,,4.56,3.0,-2.6,-0.5
2026-02-20,187790,,4.8,0.5,-1.2,1.1
2026-02-23,187790,,4.85,1.9,-1.4,-0.7
2026-02-24,187790,,5.01,-0.5,0.4,0.1
2026-02-25,187790,,4.96,2.4,-3.7,1.7
2026-02-26,187790,,5.16,1.9,-0.4,-1.5
2026-02-27,187790,4060.0,5.33,5.4,-4.6,-0.9
2026-03-03,187790,,5.77,-2.2,10.2,-8.7
2026-03-04,187790,,5.58,-2.7,9.4,-6.5
2026-03-05,187790,,5.38,-0.3,8.0,-8.0
2026-03-06,187790,,5.36,-3.8,6.3,-2.5
2026-03-09,187790,,5.12,-6.9,6.7,-0.3
2026-03-10,187790,,4.63,-4.3,1.2,3.2
2026-03-11,187790,,4.37,0.5,2.2,-2.7
2026-03-12,187790,,4.41,5.3,-2.5,-2.9
2026-03-13,187790,,4.76,-5.0,-0.1,5.0
2026-03-16,187790,,4.41,-0.7,-0.9,1.5
2026-03-17,187790,,4.36,-1.3,-0.0,0.9
2026-03-18,187790,,4.27,0.6,-1.2,0.3
2026-03-19,187790,,4.32,-0.2,-0.1,0.2
2026-03-20,187790,,4.3,0.8,0.1,-0.8
2026-03-23,187790,,4.36,-1.2,-1.3,2.5
2026-03-24,187790,,4.26,0.1,0.2,-0.1
2026-03-25,187790,,4.27,-2.0,0.1,2.0
2026-03-26,187790,,4.1,-1.4,0.5,0.8
2026-03-27,187790,,3.99,4.9,-4.3,-1.7
2026-03-30,187790,,4.45,-0.0,0.1,-0.1
2026-03-31,187790,3265.0,4.48,0.4,-0.5,0.1
2026-04-01,187790,,4.52,-1.6,0.5,1.0
2026-04-02,187790,,4.39,-2.5,0.7,1.9
2026-04-03,187790,,4.15,-0.9,0.2,0.7
2026-04-06,187790,,4.06,0.4,-2.1,1.7
2026-04-07,187790,,4.1,-0.9,-0.1,0.9
2026-04-08,187790,,4.02,-4.0,4.6,-0.3
2026-04-09,187790,,3.65,-3.0,-1.2,4.0
2026-04-10,187790,,3.37,2.0,-1.9,0.0
2026-04-13,187790,,3.56,0.1,-0.8,0.7
2026-04-14,187790,,3.57,3.4,1.2,-4.4
2026-04-15,187790,,3.86,-3.6,-0.9,4.6
2026-04-16,187790,,3.55,-0.5,-0.1,0.6
2026-04-17,187790,,3.5,2.5,17.2,-19.3
2026-04-20,187790,,3.76,-2.1,4.9,-2.8
2026-04-21,187790,,3.65,-1.9,13.0,-11.9
2026-04-22,187790,,3.51,-21.3,28.1,-6.4
2026-04-23,187790,,2.31,-5.8,-5.4,6.6
2026-04-24,187790,,2.09,4.0,30.4,-33.9
2026-04-27,187790,,2.28,3.4,6.2,-8.4
2026-04-28,187790,,2.31,-4.3,-21.9,26.0
2026-04-29,187790,,2.18,4.5,-8.0,2.2
2026-04-30,187790,6100.0,2.56,-0.2,4.8,-4.6
2026-05-04,187790,,2.58,0.6,3.4,-4.7
2026-05-06,187790,,2.52,1.4,1.5,-3.0
2026-05-07,187790,,2.59,7.0,-11.1,3.0
2026-05-08,187790,,2.92,-4.6,-0.7,5.8
2026-05-11,187790,,2.69,14.4,-17.0,2.5
2026-05-12,187790,,3.43,12.5,-2.2,-10.0
2026-05-13,187790,,4.1,0.1,0.9,1.2
2026-05-14,187790,,4.12,-5.9,3.0,2.5
2026-05-15,187790,,3.91,-0.3,11.9,-10.4
2026-05-18,187790,,3.91,3.0,15.6,-18.2
2026-05-19,187790,,4.08,-13.5,9.7,3.9
2026-05-20,187790,,3.39,3.7,10.5,-13.1
2026-05-21,187790,,3.59,-4.7,14.0,-10.1
2026-05-22,187790,,3.37,-0.2,11.1,-9.5
2026-05-26,187790,,3.4,-11.4,1.1,11.0
2026-05-27,187790,,2.89,-7.5,7.2,0.5
2026-05-28,187790,,2.52,-1.4,8.3,-6.1
2026-05-29,187790,6410.0,2.52,-6.0,0.0,6.2
2026-06-01,187790,,2.25,13.0,-14.5,-1.2
2026-06-02,187790,,3.01,-5.3,12.1,-6.1
2026-06-04,187790,,2.68,-2.8,7.9,-5.7
2026-06-05,187790,,2.46,-2.0,3.1,-1.1
2026-06-08,187790,,2.34,-1.0,-1.3,2.4
2026-06-09,187790,,2.28,10.4,-15.6,4.5
2026-06-10,187790,,2.98,6.0,-6.4,0.8
2026-06-11,187790,,3.4,0.1,0.6,-0.8
2026-06-12,187790,,3.41,-0.8,-1.5,3.2
2026-06-15,187790,,3.36,0.7,-3.1,2.7
2026-06-16,187790,,3.42,-6.8,6.2,0.8
2026-06-17,187790,,2.98,1.2,-8.7,7.7
2026-06-18,187790,,3.07,1.9,-5.0,3.6
2026-06-19,187790,,3.24,9.0,-5.9,-3.6
2026-06-22,187790,,3.98,0.7,0.4,-1.1
2026-06-23,187790,,4.04,3.8,-3.9,-0.3
2026-06-24,187790,,4.35,-0.9,-0.4,1.3
2026-06-25,187790,,4.19,2.6,0.2,-2.7
2026-06-26,187790,,4.44,5.8,-0.0,-5.9
2026-06-29,187790,,5.0,0.1,1.2,-1.3
2026-06-30,187790,3640.0,5.06,-2.5,0.9,1.6
2026-07-01,187790,,4.82,-2.8,3.2,-0.3
2026-07-02,187790,,4.62,-2.6,0.5,2.4
2026-07-03,187790,,4.38,2.8,-1.1,-1.6
2026-07-06,187790,,4.65,-0.6,-0.2,0.8
2026-07-07,187790,,4.6,-0.9,-0.0,0.8
2026-07-08,187790,,4.51,-0.0,-0.0,-0.0
2026-07-09,187790,,4.51,1.7,-1.9,0.1
2026-07-10,187790,,4.69,2.0,-1.6,-0.5
2026-07-13,187790,2930.0,4.9,-1.4,0.0,1.0
2025-07-14,187870,,1.02,-0.2,0.0,0.3
2025-07-15,187870,,1.0,0.0,0.0,-0.0
2025-07-16,187870,,1.0,-0.0,0.0,0.0
2025-07-17,187870,,1.0,0.0,0.0,-0.0
2025-07-18,187870,,1.0,0.2,0.0,-0.1
2025-07-21,187870,,1.02,-0.1,0.0,0.1
2025-07-22,187870,,1.0,0.1,-0.0,-0.1
2025-07-23,187870,,1.01,-0.2,0.1,0.0
2025-07-24,187870,,0.99,-0.0,0.0,-0.0
2025-07-25,187870,,0.99,-0.0,0.0,0.0
2025-07-28,187870,,0.99,0.1,0.0,-0.1
2025-07-29,187870,,1.0,0.0,0.0,-0.0
2025-07-30,187870,,1.0,-0.0,0.0,-0.1
2025-07-31,187870,,1.0,-0.0,0.0,-0.1
2025-08-01,187870,,0.99,-0.1,0.0,0.0
2025-08-04,187870,,0.99,0.1,0.0,-0.1
2025-08-05,187870,,1.0,0.0,0.0,-0.0
2025-08-06,187870,,1.0,0.1,0.0,-0.0
2025-08-07,187870,,1.01,0.1,0.0,0.2
2025-08-08,187870,,1.02,0.9,0.0,-0.9
2025-08-11,187870,,1.13,0.3,0.0,-0.4
2025-08-12,187870,,1.16,-0.1,0.0,0.1
2025-08-13,187870,,1.15,0.4,-0.1,-0.4
2025-08-14,187870,,1.19,0.0,,-0.1
2025-08-18,187870,,1.2,0.0,0.0,-0.1
2025-08-19,187870,,1.2,0.0,0.0,-0.0
2025-08-20,187870,,1.2,-0.0,0.0,-0.0
2025-08-21,187870,,1.2,-0.1,0.1,-0.0
2025-08-22,187870,,1.19,-0.1,-0.0,0.1
2025-08-25,187870,,1.18,0.1,0.0,-0.0
2025-08-26,187870,,1.2,-0.0,0.0,0.0
2025-08-27,187870,,1.2,-0.0,,0.0
2025-08-28,187870,,1.2,0.0,0.1,-0.1
2025-08-29,187870,11210.0,1.2,0.0,0.0,-0.0
2025-09-01,187870,,1.2,-0.1,0.0,0.1
2025-09-02,187870,,1.19,-0.1,0.0,0.1
2025-09-03,187870,,1.17,-0.0,0.0,0.0
2025-09-04,187870,,1.17,0.0,0.0,-0.0
2025-09-05,187870,,1.17,-0.3,,0.3
2025-09-08,187870,,1.14,-0.1,,0.1
2025-09-09,187870,,1.12,0.0,0.0,-0.0
2025-09-10,187870,,1.12,0.1,0.0,-0.1
2025-09-11,187870,,1.13,-0.0,0.0,0.0
2025-09-12,187870,,1.12,0.3,,-0.3
2025-09-15,187870,,1.16,0.1,-0.0,-0.1
2025-09-16,187870,,1.18,-0.0,0.0,0.0
2025-09-17,187870,,1.17,0.0,0.0,-0.0
2025-09-18,187870,,1.17,1.5,-0.0,-1.5
2025-09-19,187870,,1.34,-0.1,0.0,0.1
2025-09-22,187870,,1.33,-0.0,-0.0,0.0
2025-09-23,187870,,1.33,0.3,0.0,-0.3
2025-09-24,187870,,1.36,0.9,-0.6,-0.3
2025-09-25,187870,,1.46,0.6,-0.6,-0.0
2025-09-26,187870,,1.54,-0.0,0.0,0.0
2025-09-29,187870,,1.53,0.5,0.0,-0.5
2025-09-30,187870,11780.0,1.59,-0.9,0.9,0.0
2025-10-01,187870,,1.48,0.3,0.2,-0.5
2025-10-02,187870,,1.52,1.0,0.4,-1.4
2025-10-10,187870,,1.64,-0.4,-0.1,0.5
2025-10-13,187870,,1.59,0.1,0.1,-0.2
2025-10-14,187870,,1.61,-0.4,-0.2,0.7
2025-10-15,187870,,1.56,-0.3,-0.0,0.3
2025-10-16,187870,,1.54,-0.5,-0.2,0.6
2025-10-17,187870,,1.48,-0.2,-0.1,0.2
2025-10-20,187870,,1.46,0.6,-0.1,-0.3
2025-10-21,187870,,1.53,0.2,0.0,-0.3
2025-10-22,187870,,1.55,-0.5,0.2,0.2
2025-10-23,187870,,1.49,-0.3,-0.0,0.3
2025-10-24,187870,,1.46,-0.5,0.0,0.4
2025-10-27,187870,,1.4,0.3,-0.1,-0.2
2025-10-28,187870,,1.43,-0.3,0.0,0.4
2025-10-29,187870,,1.4,0.3,0.0,-0.4
2025-10-30,187870,,1.43,0.7,-0.1,-0.7
2025-10-31,187870,11920.0,1.52,-0.3,-0.1,0.3
2025-11-03,187870,,1.48,0.1,0.1,-0.0
2025-11-04,187870,,1.5,0.3,0.1,-0.2
2025-11-05,187870,,1.53,-0.3,0.2,0.0
2025-11-06,187870,,1.49,0.3,0.2,-0.5
2025-11-07,187870,,1.53,-0.1,-0.1,0.1
2025-11-10,187870,,1.52,0.5,0.0,-0.5
2025-11-11,187870,,1.48,-0.0,0.0,-0.0
2025-11-12,187870,,1.48,0.5,0.1,-0.6
2025-11-13,187870,,1.54,-1.3,-0.9,2.2
2025-11-14,187870,,1.42,0.5,1.0,-1.3
2025-11-17,187870,,1.47,1.8,-0.5,-1.3
2025-11-18,187870,,1.65,-0.7,-0.5,1.1
2025-11-19,187870,,1.9,-0.6,-0.1,0.7
2025-11-20,187870,,1.83,0.3,0.0,-0.3
2025-11-21,187870,,1.86,0.2,0.1,-0.4
2025-11-24,187870,,1.88,0.6,-0.2,-0.4
2025-11-25,187870,,1.93,0.4,0.4,-0.9
2025-11-26,187870,,1.97,-0.7,-0.3,1.5
2025-11-27,187870,,1.9,-0.4,1.4,-1.0
2025-11-28,187870,14280.0,1.86,0.2,-0.1,-0.2
2025-12-01,187870,,1.89,0.2,0.2,-0.4
2025-12-02,187870,,1.92,0.1,-0.1,0.0
2025-12-03,187870,,1.93,0.1,-0.1,0.0
2025-12-04,187870,,1.93,-0.1,-0.2,0.3
2025-12-05,187870,,1.92,-0.5,-0.1,0.7
2025-12-08,187870,,1.87,-0.2,-0.2,0.3
2025-12-09,187870,,1.85,3.9,-0.1,-3.8
2025-12-10,187870,,2.23,1.4,-0.1,-1.2
2025-12-11,187870,,2.35,-0.7,-0.4,1.2
2025-12-12,187870,,2.28,-1.4,-0.2,1.7
2025-12-15,187870,,2.14,0.9,0.1,-1.2
2025-12-16,187870,,2.24,-0.2,-0.1,0.3
2025-12-17,187870,,2.69,0.5,0.1,-0.6
2025-12-18,187870,,2.74,-0.1,-0.1,0.2
2025-12-19,187870,,2.73,0.0,-0.0,0.0
2025-12-22,187870,,2.73,1.4,1.5,-2.9
2025-12-23,187870,,2.87,-0.4,-0.1,0.5
2025-12-24,187870,,2.84,-0.9,-0.2,1.2
2025-12-26,187870,,2.74,-0.1,0.1,-0.1
2025-12-29,187870,,1.8,-0.7,-0.4,1.1
2025-12-30,187870,13830.0,1.73,0.1,-0.1,0.0
2026-01-02,187870,,1.74,2.3,0.1,-2.3
2026-01-05,187870,,1.97,3.1,1.1,-4.1
2026-01-06,187870,,2.73,-0.2,-0.5,0.7
2026-01-07,187870,,2.74,-0.7,-0.4,1.2
2026-01-08,187870,,2.67,-0.7,-0.2,0.8
2026-01-09,187870,,2.6,-0.9,-0.2,0.8
2026-01-12,187870,,2.51,0.2,-0.0,-0.1
2026-01-13,187870,,2.53,-0.4,-0.1,0.5
2026-01-14,187870,,2.79,0.1,-0.0,0.0
2026-01-15,187870,,2.8,0.3,-0.1,-0.2
2026-01-16,187870,,2.83,0.2,0.0,-0.2
2026-01-19,187870,,2.85,1.1,-0.1,-1.0
2026-01-20,187870,,2.96,1.5,-0.1,-1.4
2026-01-21,187870,,3.1,-0.4,0.0,0.4
2026-01-22,187870,,3.06,-0.6,-0.1,0.8
2026-01-23,187870,,3.01,-0.0,-0.1,0.1
2026-01-26,187870,,3.01,1.4,0.1,-1.8
2026-01-27,187870,,3.14,-1.6,0.1,1.0
2026-01-28,187870,,2.99,-1.2,-0.0,1.2
2026-01-29,187870,,2.87,1.0,-0.2,-0.8
2026-01-30,187870,15490.0,2.97,0.3,0.3,-0.6
2026-02-02,187870,,3.0,-0.1,0.2,-0.4
2026-02-03,187870,,2.98,0.1,0.2,-0.2
2026-02-04,187870,,3.0,0.4,-0.1,-0.3
2026-02-05,187870,,3.03,-2.8,0.1,2.7
2026-02-06,187870,,2.81,6.2,3.1,-9.1
2026-02-09,187870,,3.31,3.6,-4.5,-1.3
2026-02-10,187870,,3.57,-2.6,-1.7,2.1
2026-02-11,187870,,3.41,2.3,-0.9,-1.7
2026-02-12,187870,,2.78,3.5,2.3,-5.9
2026-02-13,187870,,3.0,-0.7,-0.9,0.8
2026-02-19,187870,,2.94,2.7,-5.7,3.0
2026-02-20,187870,,3.13,1.6,-4.8,3.4
2026-02-23,187870,,3.25,3.9,-3.5,-0.0
2026-02-24,187870,,3.51,1.2,-2.6,0.6
2026-02-25,187870,,3.6,1.6,-3.6,1.8
2026-02-26,187870,,3.71,-0.3,-0.3,0.6
2026-02-27,187870,19360.0,3.69,-1.6,-0.1,2.0
2026-03-03,187870,,3.57,0.7,0.1,-1.1
2026-03-04,187870,,3.63,3.0,-0.5,-2.6
2026-03-05,187870,,3.87,3.5,-0.4,-3.2
2026-03-06,187870,,4.15,-0.1,1.1,-1.1
2026-03-09,187870,,4.14,-1.6,0.1,1.5
2026-03-10,187870,,4.01,-1.8,0.1,1.6
2026-03-11,187870,,3.87,-0.6,-0.2,0.7
2026-03-12,187870,,3.82,-0.7,-0.1,0.8
2026-03-13,187870,,3.77,-0.0,-0.1,0.1
2026-03-16,187870,,3.77,0.7,0.2,-0.9
2026-03-17,187870,,3.83,0.4,-0.1,-0.2
2026-03-18,187870,,3.86,1.7,0.4,-2.4
2026-03-19,187870,,3.99,0.6,-0.3,-0.2
2026-03-20,187870,,4.02,-3.0,0.2,3.1
2026-03-23,187870,,3.82,3.7,-0.1,-7.7
2026-03-24,187870,,4.07,-2.7,-0.4,1.1
2026-03-25,187870,,3.89,4.0,-0.3,-3.7
2026-03-26,187870,,4.15,5.0,-0.1,-6.2
2026-03-27,187870,,4.45,-6.2,0.5,3.6
2026-03-30,187870,,4.07,-4.1,-0.8,4.9
2026-03-31,187870,21000.0,3.81,2.3,-0.1,-2.2
2026-04-01,187870,,4.03,-0.0,-0.0,0.1
2026-04-02,187870,,4.03,0.1,0.1,-0.2
2026-04-03,187870,,4.03,2.8,0.6,-5.3
2026-04-06,187870,,4.22,-0.3,0.6,-2.5
2026-04-07,187870,,4.2,-6.4,-0.0,4.9
2026-04-08,187870,,3.76,8.1,10.1,-20.1
2026-04-09,187870,,4.25,-6.7,1.9,2.9
2026-04-10,187870,,3.88,-2.8,12.8,-8.8
2026-04-13,187870,,3.77,7.0,6.8,-15.4
2026-04-14,187870,,4.12,3.4,0.4,-4.1
2026-04-15,187870,,4.28,0.0,1.4,-1.8
2026-04-16,187870,,4.29,-1.9,2.6,-0.6
2026-04-17,187870,,4.25,35.4,32.8,-64.8
2026-04-20,187870,,5.77,-13.2,-1.1,14.9
2026-04-21,187870,,5.25,-3.1,12.0,-7.2
2026-04-22,187870,,5.22,-0.8,1.5,-1.3
2026-04-23,187870,,5.21,0.9,-1.0,0.6
2026-04-24,187870,,5.25,-14.2,32.8,-19.1
2026-04-27,187870,,4.72,-19.1,45.2,-22.4
2026-04-28,187870,,4.04,-19.4,16.3,7.3
2026-04-29,187870,,2.82,-12.0,-1.8,14.9
2026-04-30,187870,20200.0,1.94,-2.5,7.5,-4.8
2026-05-04,187870,,1.86,-3.7,-2.2,6.3
2026-05-06,187870,,1.54,5.2,-9.6,4.3
2026-05-07,187870,,1.99,8.7,4.9,-13.0
2026-05-08,187870,,2.62,-2.9,22.5,-20.2
2026-05-11,187870,,2.39,-2.5,7.3,-5.2
2026-05-12,187870,,2.31,-6.2,8.2,-1.6
2026-05-13,187870,,1.9,-14.8,67.6,-49.9
2026-05-14,187870,,1.22,-3.6,0.1,12.2
2026-05-15,187870,,1.07,0.1,42.2,-24.5
2026-05-18,187870,,1.07,2.4,5.1,-7.2
2026-05-19,187870,,1.2,-4.3,15.2,-10.6
2026-05-20,187870,,1.04,14.8,20.1,-20.3
2026-05-21,187870,,2.0,-8.6,1.3,6.9
2026-05-22,187870,,2.88,9.3,36.2,-44.9
2026-05-26,187870,,3.19,-15.1,11.8,3.7
2026-05-27,187870,,2.75,-20.6,56.6,-35.4
2026-05-28,187870,,2.16,-18.7,16.1,3.9
2026-05-29,187870,25950.0,1.61,-0.1,22.5,-22.2
2026-06-01,187870,,1.61,7.7,13.2,-16.6
2026-06-02,187870,,1.84,4.8,13.9,-21.1
2026-06-04,187870,,2.33,-9.1,10.2,0.7
2026-06-05,187870,,2.05,3.0,-6.5,3.0
2026-06-08,187870,,2.1,6.2,-6.7,-0.3
2026-06-09,187870,,2.32,2.4,9.5,-11.3
2026-06-10,187870,,2.39,5.4,2.0,-7.6
2026-06-11,187870,,2.56,-7.1,11.0,-5.0
2026-06-12,187870,,2.4,-6.3,4.1,2.5
2026-06-15,187870,,2.18,-1.1,7.2,-6.1
2026-06-16,187870,,2.15,-5.1,-6.9,11.3
2026-06-17,187870,,1.99,9.1,-17.1,6.7
2026-06-18,187870,,2.29,9.6,-7.0,-6.9
2026-06-19,187870,,2.62,14.6,-6.6,-10.5
2026-06-22,187870,,3.16,18.8,-12.1,-8.6
2026-06-23,187870,,3.89,34.0,-18.1,-15.8
2026-06-24,187870,,5.43,9.3,-5.5,-3.9
2026-06-25,187870,,5.87,-0.4,0.6,0.2
2026-06-26,187870,,5.83,10.8,-7.1,-3.5
2026-06-29,187870,,6.41,4.3,-2.1,-1.8
2026-06-30,187870,15730.0,6.62,-6.4,4.6,3.1
2026-07-01,187870,,6.32,-1.9,-4.9,6.8
2026-07-02,187870,,6.24,-0.9,-2.4,3.3
2026-07-03,187870,,6.28,6.4,-7.3,0.9
2026-07-06,187870,,6.66,0.1,-0.2,0.1
2026-07-07,187870,,6.67,-1.6,-5.4,6.9
2026-07-08,187870,,6.58,-2.9,0.0,2.9
2026-07-09,187870,,6.42,1.6,-0.5,-1.1
2026-07-10,187870,,6.51,-0.1,0.3,-0.1
2026-07-13,187870,13410.0,6.5,-2.0,0.5,1.5
2025-07-14,188040,,1.01,2.2,-2.5,-0.6
2025-07-15,188040,,1.42,-2.6,2.0,0.3
2025-07-16,188040,,1.09,-0.1,0.5,0.5
2025-07-17,188040,,1.07,-0.8,-0.5,1.1
2025-07-18,188040,,0.96,1.2,0.7,-1.9
2025-07-21,188040,,1.24,-2.3,-0.6,3.0
2025-07-22,188040,,0.91,3.3,-4.0,1.4
2025-07-23,188040,,1.38,-0.5,-1.4,1.9
2025-07-24,188040,,1.32,-1.0,-2.4,3.4
2025-07-25,188040,,1.18,-0.2,-0.1,-1.6
2025-07-28,188040,,1.16,-0.7,,0.4
2025-07-29,188040,,1.06,2.1,0.3,-2.4
2025-07-30,188040,,1.37,0.2,-0.8,0.5
2025-07-31,188040,,1.41,0.4,-0.6,0.1
2025-08-01,188040,,1.51,-0.6,-1.5,2.1
2025-08-04,188040,,1.46,2.1,-0.6,-1.5
2025-08-05,188040,,1.79,0.8,-0.6,-0.1
2025-08-06,188040,,1.91,1.1,-0.1,-0.9
2025-08-07,188040,,2.11,0.7,-0.3,-0.7
2025-08-08,188040,,2.21,0.7,-0.4,-0.4
2025-08-11,188040,,2.33,-1.2,0.4,0.8
2025-08-12,188040,,2.14,2.0,-7.2,5.1
2025-08-13,188040,,2.45,2.0,-3.7,1.7
2025-08-14,188040,,2.78,0.4,-0.4,0.0
2025-08-18,188040,,2.93,0.9,-0.7,0.2
2025-08-19,188040,,3.09,1.7,-1.1,-0.7
2025-08-20,188040,,3.4,-3.1,1.1,1.9
2025-08-21,188040,,2.86,0.5,-1.5,1.3
2025-08-22,188040,,2.94,-0.8,0.1,0.6
2025-08-25,188040,,2.81,1.2,0.5,-1.7
2025-08-26,188040,,3.01,3.8,0.2,-4.0
2025-08-27,188040,,3.63,-1.4,1.5,-0.1
2025-08-28,188040,,3.41,-0.2,0.4,-0.3
2025-08-29,188040,14070.0,3.4,0.2,0.2,-0.3
2025-09-01,188040,,3.44,-1.8,1.7,0.1
2025-09-02,188040,,3.14,0.9,,-0.9
2025-09-03,188040,,3.29,1.1,0.0,0.8
2025-09-04,188040,,3.48,0.5,0.7,-1.2
2025-09-05,188040,,3.59,-0.6,-0.2,0.9
2025-09-08,188040,,3.48,0.7,0.0,-0.7
2025-09-09,188040,,3.61,0.2,0.1,-0.4
2025-09-10,188040,,3.64,0.0,0.1,-0.2
2025-09-11,188040,,3.65,0.5,-0.8,0.3
2025-09-12,188040,,3.74,-0.7,3.3,-2.5
2025-09-15,188040,,3.62,-4.1,0.0,3.4
2025-09-16,188040,,2.95,-3.8,0.2,3.6
2025-09-17,188040,,2.3,-1.8,0.0,2.0
2025-09-18,188040,,1.99,-1.4,,1.4
2025-09-19,188040,,1.73,-0.5,0.0,0.3
2025-09-22,188040,,1.64,0.2,,-0.2
2025-09-23,188040,,1.68,0.6,-0.4,-0.2
2025-09-24,188040,,1.78,0.6,-0.1,-0.5
2025-09-25,188040,,1.9,1.5,-0.9,-0.5
2025-09-26,188040,,2.2,-0.7,,0.7
2025-09-29,188040,,2.07,-0.8,-0.4,1.2
2025-09-30,188040,11160.0,1.91,-1.6,-0.4,2.0
2025-10-01,188040,,1.59,-1.0,-0.1,1.1
2025-10-02,188040,,1.41,2.5,-3.6,1.1
2025-10-10,188040,,1.94,0.4,-0.6,0.2
2025-10-13,188040,,2.03,1.7,-2.2,0.5
2025-10-14,188040,,2.38,-1.2,-0.4,1.6
2025-10-15,188040,,2.12,1.6,-1.9,0.3
2025-10-16,188040,,2.46,0.0,,0.2
2025-10-17,188040,,2.47,-1.0,-1.1,2.6
2025-10-20,188040,,2.26,0.8,-0.3,-0.6
2025-10-21,188040,,2.44,0.3,,-0.3
2025-10-22,188040,,2.5,-0.3,-0.2,0.5
2025-10-23,188040,,2.44,-0.5,,0.4
2025-10-24,188040,,2.34,0.6,-0.2,-0.3
2025-10-27,188040,,2.46,0.7,-0.0,-0.6
2025-10-28,188040,,2.62,0.3,,-0.3
2025-10-29,188040,,2.7,-1.3,,1.3
2025-10-30,188040,,2.41,2.7,,-2.7
2025-10-31,188040,9690.0,3.04,0.3,,-0.3
2025-11-03,188040,,3.12,-0.2,-0.0,0.2
2025-11-04,188040,,3.07,1.5,,-1.5
2025-11-05,188040,,3.44,-0.6,,0.6
2025-11-06,188040,,3.3,0.5,,-0.5
2025-11-07,188040,,3.43,0.1,,-0.1
2025-11-10,188040,,3.45,0.5,,-0.4
2025-11-11,188040,,3.57,-0.6,,0.6
2025-11-12,188040,,3.4,0.6,,-0.6
2025-11-13,188040,,3.56,0.1,-0.7,0.7
2025-11-14,188040,,3.58,-0.5,-1.2,1.7
2025-11-17,188040,,3.26,0.3,-0.5,0.4
2025-11-18,188040,,3.33,1.0,-0.8,0.1
2025-11-19,188040,,3.61,0.1,0.0,-0.0
2025-11-20,188040,,3.62,0.7,0.0,-0.5
2025-11-21,188040,,3.82,-0.1,,0.4
2025-11-24,188040,,3.8,-0.0,0.0,-0.0
2025-11-25,188040,,3.79,0.2,,-0.0
2025-11-26,188040,,3.84,-0.6,0.0,1.3
2025-11-27,188040,,3.7,0.0,,-0.0
2025-11-28,188040,8280.0,3.7,0.4,,0.1
2025-12-01,188040,,3.8,-9.1,-0.0,9.9
2025-12-02,188040,,1.84,0.9,0.0,-0.9
2025-12-03,188040,,2.05,0.6,,-0.6
2025-12-04,188040,,2.2,-1.0,,1.0
2025-12-05,188040,,1.97,0.1,,-0.4
2025-12-08,188040,,2.0,-0.4,,0.4
2025-12-09,188040,,1.91,-0.1,,0.1
2025-12-10,188040,,1.88,-0.2,,0.1
2025-12-11,188040,,1.84,0.4,,-0.4
2025-12-12,188040,,1.94,0.8,,-0.9
2025-12-15,188040,,2.14,-0.1,-0.0,0.2
2025-12-16,188040,,2.11,0.1,,0.3
2025-12-17,188040,,2.14,-0.1,,0.1
2025-12-18,188040,,2.11,0.2,,-0.2
2025-12-19,188040,,2.16,0.7,,-0.7
2025-12-22,188040,,2.34,0.4,,-0.3
2025-12-23,188040,,2.45,-0.4,-0.0,0.4
2025-12-24,188040,,2.37,0.0,-0.0,0.2
2025-12-26,188040,,2.38,0.1,,-0.0
2025-12-29,188040,,2.39,0.3,-0.0,-0.4
2025-12-30,188040,8050.0,2.47,0.6,-0.3,-0.3
2026-01-02,188040,,2.64,0.4,-0.1,-0.4
2026-01-05,188040,,2.76,0.5,-0.2,-0.4
2026-01-06,188040,,2.9,-0.0,,-0.0
2026-01-07,188040,,2.9,-1.5,,1.5
2026-01-08,188040,,2.49,-0.5,,0.5
2026-01-09,188040,,2.34,0.3,-0.0,-0.4
2026-01-12,188040,,2.42,0.2,,-0.2
2026-01-13,188040,,2.65,0.0,-0.1,0.0
2026-01-14,188040,,2.67,0.1,-0.5,0.4
2026-01-15,188040,,2.7,-0.0,-0.1,0.1
2026-01-16,188040,,2.7,0.1,-0.1,0.1
2026-01-19,188040,,2.72,0.5,-0.5,-0.0
2026-01-20,188040,,2.87,0.6,-0.2,-0.4
2026-01-21,188040,,3.07,-0.3,-0.1,0.4
2026-01-22,188040,,2.97,0.6,-0.1,-0.5
2026-01-23,188040,,3.14,0.3,-0.4,0.1
2026-01-26,188040,,3.25,0.4,-0.1,-0.4
2026-01-27,188040,,3.37,0.0,-0.1,0.0
2026-01-28,188040,,3.38,0.1,-0.4,0.2
2026-01-29,188040,,3.41,0.5,-0.1,-0.4
2026-01-30,188040,6940.0,3.55,0.8,-0.6,-0.2
2026-02-02,188040,,3.79,0.5,-0.4,-0.1
2026-02-03,188040,,3.94,0.1,-0.4,0.3
2026-02-04,188040,,3.96,0.6,-0.2,-0.4
2026-02-05,188040,,4.16,-0.1,-0.2,0.3
2026-02-06,188040,,4.13,-0.5,-0.1,0.5
2026-02-09,188040,,3.98,0.6,,-0.7
2026-02-10,188040,,4.17,0.3,,-0.3
2026-02-11,188040,,4.25,0.2,0.4,-0.6
2026-02-12,188040,,4.3,0.2,,-0.2
2026-02-13,188040,,4.37,-0.3,,0.3
2026-02-19,188040,,4.28,0.2,,-0.2
2026-02-20,188040,,4.33,-0.1,-0.8,1.0
2026-02-23,188040,,4.32,0.1,-0.0,0.2
2026-02-24,188040,,4.35,-0.1,-0.2,0.3
2026-02-25,188040,,4.31,-0.2,-0.6,0.7
2026-02-26,188040,,4.26,-0.7,-0.1,0.8
2026-02-27,188040,6750.0,4.04,-0.7,-0.6,1.3
2026-03-03,188040,,3.8,-0.3,,0.2
2026-03-04,188040,,3.71,0.2,-0.8,0.6
2026-03-05,188040,,3.85,1.7,-3.3,1.5
2026-03-06,188040,,4.49,0.5,,-0.5
2026-03-09,188040,,4.66,0.1,-0.3,0.2
2026-03-10,188040,,4.69,0.1,,-0.1
2026-03-11,188040,,4.73,-0.1,-0.1,0.2
2026-03-12,188040,,4.69,-0.1,,0.1
2026-03-13,188040,,4.67,0.1,,-0.1
2026-03-16,188040,,4.72,-0.0,,0.0
2026-03-17,188040,,4.71,0.0,,-0.0
2026-03-18,188040,,4.71,-0.2,-0.1,0.3
2026-03-19,188040,,4.65,-0.0,,0.0
2026-03-20,188040,,4.64,-0.1,,0.1
2026-03-23,188040,,4.6,-0.1,,0.1
2026-03-24,188040,,4.58,0.0,,-0.0
2026-03-25,188040,,4.59,-0.1,-0.1,0.1
2026-03-26,188040,,4.56,-0.2,,0.3
2026-03-27,188040,,4.49,-0.1,,0.1
2026-03-30,188040,,4.45,-0.1,,0.2
2026-03-31,188040,5870.0,4.42,0.3,,-0.2
2026-04-01,188040,,4.52,-0.1,,0.1
2026-04-02,188040,,4.49,-0.3,,0.3
2026-04-03,188040,,4.37,0.1,,-0.1
2026-04-06,188040,,4.4,0.2,,-0.2
2026-04-07,188040,,4.46,0.1,,-0.1
2026-04-08,188040,,4.51,0.2,,-0.1
2026-04-09,188040,,4.6,-0.0,,0.5
2026-04-10,188040,,4.6,0.5,,-0.5
2026-04-13,188040,,4.77,-0.0,,0.1
2026-04-14,188040,,4.76,0.1,,-0.1
2026-04-15,188040,,4.8,0.1,,-0.1
2026-04-16,188040,,4.84,0.1,,-0.1
2026-04-17,188040,,4.89,0.0,,0.0
2026-04-20,188040,,4.91,0.1,,-0.1
2026-04-21,188040,,4.93,-0.2,,0.2
2026-04-22,188040,,4.85,-0.3,-0.2,0.4
2026-04-23,188040,,4.76,-0.1,-0.4,0.5
2026-04-24,188040,,4.74,0.2,,-0.2
2026-04-27,188040,,4.8,-0.7,,0.7
2026-04-28,188040,,4.55,-0.3,,0.3
2026-04-29,188040,,4.46,-0.6,0.0,0.6
2026-04-30,188040,6500.0,4.27,0.2,0.0,-0.2
2026-05-04,188040,,4.33,-0.1,-0.0,0.1
2026-05-06,188040,,4.29,-0.1,,0.1
2026-05-07,188040,,4.24,-0.4,,0.4
2026-05-08,188040,,4.1,-0.1,,0.1
2026-05-11,188040,,4.07,-0.1,0.0,0.1
2026-05-12,188040,,4.04,-0.5,-0.0,0.5
2026-05-13,188040,,3.8,-0.3,0.0,0.3
2026-05-14,188040,,3.71,-0.1,0.0,0.2
2026-05-15,188040,,3.65,-0.1,-0.0,0.2
2026-05-18,188040,,3.6,0.2,-0.0,-0.2
2026-05-19,188040,,3.66,0.1,-0.0,-0.1
2026-05-20,188040,,3.75,-0.0,0.0,0.0
2026-05-21,188040,,3.76,-0.2,-0.0,0.1
2026-05-22,188040,,3.67,0.1,-0.0,-0.1
2026-05-26,188040,,3.69,-0.2,0.0,0.2
2026-05-27,188040,,3.61,-0.1,-0.0,0.1
2026-05-28,188040,,3.57,-0.3,0.0,0.3
2026-05-29,188040,4250.0,3.43,0.3,0.0,-0.5
2026-06-01,188040,,3.59,0.3,-0.0,-0.3
2026-06-02,188040,,3.74,1.5,0.1,-1.8
2026-06-04,188040,,4.43,-0.3,-0.0,0.2
2026-06-05,188040,,4.27,0.1,-0.0,-0.3
2026-06-08,188040,,4.33,0.0,-0.0,-0.1
2026-06-09,188040,,4.33,0.0,0.0,-0.2
2026-06-10,188040,,4.34,0.0,-0.0,-0.2
2026-06-11,188040,,4.35,0.2,-0.0,-0.7
2026-06-12,188040,,4.44,0.1,-0.0,-0.8
2026-06-15,188040,,4.5,-0.2,-0.0,-0.1
2026-06-16,188040,,4.26,-0.3,0.0,-0.0
2026-06-17,188040,,4.32,-0.3,-0.1,-0.0
2026-06-18,188040,,4.2,-0.2,0.0,0.0
2026-06-19,188040,,4.14,-0.0,-0.0,-0.1
2026-06-22,188040,,4.12,-0.3,-0.0,-0.2
2026-06-23,188040,,4.01,-0.1,-0.0,-0.4
2026-06-24,188040,,3.99,-0.0,-0.0,-0.4
2026-06-25,188040,,3.98,-0.2,0.0,-0.2
2026-06-26,188040,,3.86,-0.1,-0.0,-0.3
2026-06-29,188040,,3.84,0.3,-0.0,-0.8
2026-06-30,188040,5050.0,3.96,-0.1,-0.0,-0.4
2026-07-01,188040,,3.9,-0.3,0.0,-0.1
2026-07-02,188040,,3.77,-0.1,-0.0,-0.4
2026-07-03,188040,,3.74,0.2,-0.0,-0.7
2026-07-06,188040,,4.13,0.3,-0.0,-0.8
2026-07-07,188040,,4.13,-0.1,0.0,-0.3
2026-07-08,188040,,4.08,-0.2,-0.1,-0.3
2026-07-09,188040,,4.02,-0.4,-0.0,-0.4
2026-07-10,188040,,3.88,-0.4,-0.2,0.5
2026-07-13,188040,4695.0,3.71,-0.3,0.0,0.2
2025-07-14,188260,,2.98,-0.1,,0.1
2025-07-15,188260,,3.09,0.0,,-0.0
2025-07-16,188260,,3.09,-0.0,,0.1
2025-07-17,188260,,3.06,-0.8,,0.5
2025-07-18,188260,,2.66,0.0,,0.1
2025-07-21,188260,,2.66,0.0,,0.1
2025-07-22,188260,,2.53,0.0,,-0.0
2025-07-23,188260,,2.54,0.0,,0.1
2025-07-24,188260,,2.56,-0.1,,0.0
2025-07-25,188260,,2.53,-0.2,,0.1
2025-07-28,188260,,2.45,-0.1,,0.2
2025-07-29,188260,,2.37,-0.0,,0.0
2025-07-30,188260,,2.36,0.0,,-0.0
2025-07-31,188260,,2.37,-0.0,,0.1
2025-08-01,188260,,2.35,0.0,,0.2
2025-08-04,188260,,2.35,0.1,,-0.1
2025-08-05,188260,,2.39,-0.0,,0.0
2025-08-06,188260,,2.38,0.0,,0.1
2025-08-07,188260,,2.38,-0.0,,0.0
2025-08-08,188260,,2.38,-0.0,,0.0
2025-08-11,188260,,2.36,-0.0,,0.0
2025-08-12,188260,,2.35,-0.0,,0.0
2025-08-13,188260,,2.34,0.0,,-0.0
2025-08-14,188260,,2.35,0.2,,-0.1
2025-08-18,188260,,2.43,0.2,,-0.1
2025-08-19,188260,,2.51,-0.1,-0.0,0.1
2025-08-20,188260,,2.46,0.1,-0.0,-0.1
2025-08-21,188260,,2.5,-0.0,,0.0
2025-08-22,188260,,2.48,0.0,,-0.0
2025-08-25,188260,,2.5,0.1,,-0.1
2025-08-26,188260,,2.57,0.0,,-0.1
2025-08-27,188260,,2.59,0.2,,-0.2
2025-08-28,188260,,2.69,0.2,,-0.2
2025-08-29,188260,2510.0,2.78,0.1,,-0.1
2025-09-01,188260,,2.83,-0.0,,0.0
2025-09-02,188260,,2.8,0.0,,-0.0
2025-09-03,188260,,2.81,-0.0,,0.0
2025-09-04,188260,,2.81,0.0,,-0.0
2025-09-05,188260,,2.81,-0.0,,0.0
2025-09-08,188260,,2.81,0.0,,-0.0
2025-09-09,188260,,2.83,0.1,,-0.1
2025-09-10,188260,,2.87,-0.1,,0.1
2025-09-11,188260,,2.84,-0.0,,0.0
2025-09-12,188260,,2.83,-0.1,,0.1
2025-09-15,188260,,2.81,0.0,,0.0
2025-09-16,188260,,2.81,-0.1,,0.1
2025-09-17,188260,,2.75,-0.6,,0.6
2025-09-18,188260,,2.46,0.1,,-0.1
2025-09-19,188260,,2.52,0.1,,-0.1
2025-09-22,188260,,2.56,-0.0,,0.0
2025-09-23,188260,,2.53,-0.0,,0.0
2025-09-24,188260,,2.52,0.0,-0.0,-0.0
2025-09-25,188260,,2.52,-0.1,,0.1
2025-09-26,188260,,2.46,-0.1,-0.0,0.1
2025-09-29,188260,,2.42,-0.0,,0.0
2025-09-30,188260,2285.0,2.41,0.1,,-0.1
2025-10-01,188260,,2.47,0.0,,-0.0
2025-10-02,188260,,2.48,-0.0,,0.0
2025-10-10,188260,,2.47,-0.1,,0.1
2025-10-13,188260,,2.39,-0.0,,0.0
2025-10-14,188260,,2.38,-0.1,,0.1
2025-10-15,188260,,2.34,0.0,,-0.0
2025-10-16,188260,,2.35,-0.0,,0.0
2025-10-17,188260,,2.34,-0.0,,0.0
2025-10-20,188260,,2.33,0.1,,-0.1
2025-10-21,188260,,2.37,-0.1,,0.0
2025-10-22,188260,,2.34,-0.1,,0.1
2025-10-23,188260,,2.28,-0.0,,0.0
2025-10-24,188260,,2.27,-0.0,,0.0
2025-10-27,188260,,2.27,0.0,,-0.0
2025-10-28,188260,,2.29,-0.0,,0.0
2025-10-29,188260,,2.28,-0.0,,0.0
2025-10-30,188260,,2.27,-0.0,,0.0
2025-10-31,188260,2280.0,2.25,0.1,,-0.1
2025-11-03,188260,,2.29,-0.2,,0.2
2025-11-04,188260,,2.17,0.0,,-0.0
2025-11-05,188260,,2.18,0.1,,-0.1
2025-11-06,188260,,2.26,-0.0,,0.0
2025-11-07,188260,,2.25,-0.0,,0.0
2025-11-10,188260,,2.23,-0.0,,0.0
2025-11-11,188260,,2.21,-0.3,,0.3
2025-11-12,188260,,2.05,0.2,,-0.2
2025-11-13,188260,,2.18,-0.0,,0.0
2025-11-14,188260,,2.17,0.0,,-0.0
2025-11-17,188260,,2.17,-0.1,,0.1
2025-11-18,188260,,2.15,-0.0,,0.0
2025-11-19,188260,,2.13,-0.1,,0.1
2025-11-20,188260,,2.09,0.0,,-0.0
2025-11-21,188260,,2.11,-0.0,,0.0
2025-11-24,188260,,2.08,0.0,,-0.0
2025-11-25,188260,,2.09,0.0,,-0.0
2025-11-26,188260,,2.09,0.1,,-0.0
2025-11-27,188260,,2.12,-0.0,-0.0,0.1
2025-11-28,188260,2050.0,2.1,-0.1,-0.0,0.1
2025-12-01,188260,,2.06,0.0,,-0.0
2025-12-02,188260,,2.09,-0.0,,0.0
2025-12-03,188260,,2.06,-0.0,,0.0
2025-12-04,188260,,2.04,0.0,,-0.0
2025-12-05,188260,,2.05,-0.0,,0.0
2025-12-08,188260,,2.05,-0.1,,0.1
2025-12-09,188260,,1.97,-0.0,,0.0
2025-12-10,188260,,1.96,-0.0,,0.0
2025-12-11,188260,,1.94,0.0,,-0.0
2025-12-12,188260,,1.95,0.0,,-0.0
2025-12-15,188260,,1.95,-0.0,,0.0
2025-12-16,188260,,1.93,-0.0,,0.0
2025-12-17,188260,,2.13,-0.0,,0.0
2025-12-18,188260,,2.13,-0.0,,0.0
2025-12-19,188260,,2.1,0.0,,-0.0
2025-12-22,188260,,2.1,0.0,,-0.0
2025-12-23,188260,,2.11,0.0,,-0.0
2025-12-24,188260,,2.13,-0.0,,0.1
2025-12-26,188260,,2.11,-0.0,,0.0
2025-12-29,188260,,2.1,-0.0,,0.1
2025-12-30,188260,1923.0,2.08,-0.1,,0.1
2026-01-02,188260,,2.03,-0.0,,0.1
2026-01-05,188260,,2.0,-0.0,,0.1
2026-01-06,188260,,2.02,-0.0,,0.0
2026-01-07,188260,,2.1,-0.0,,0.0
2026-01-08,188260,,2.08,0.0,,0.0
2026-01-09,188260,,2.09,0.0,,-0.0
2026-01-12,188260,,2.1,-0.0,,0.1
2026-01-13,188260,,2.07,-0.0,,0.0
2026-01-14,188260,,2.07,-0.0,,0.2
2026-01-15,188260,,2.06,-0.0,,0.0
2026-01-16,188260,,2.06,0.0,,-0.0
2026-01-19,188260,,2.07,0.0,,-0.0
2026-01-20,188260,,2.07,-0.0,,0.0
2026-01-21,188260,,2.07,-0.0,,0.0
2026-01-22,188260,,2.05,0.0,,-0.0
2026-01-23,188260,,2.08,-0.0,,0.0
2026-01-26,188260,,2.07,0.0,,0.1
2026-01-27,188260,,2.1,0.0,,0.1
2026-01-28,188260,,2.1,0.1,,-0.0
2026-01-29,188260,,2.17,0.0,,-0.0
2026-01-30,188260,1993.0,2.2,-0.0,,-0.0
2026-02-02,188260,,2.2,-0.1,,0.1
2026-02-03,188260,,2.13,0.1,,-0.1
2026-02-04,188260,,2.19,0.0,,0.1
2026-02-05,188260,,2.2,-0.0,,0.5
2026-02-06,188260,,2.19,-0.0,,0.1
2026-02-09,188260,,2.17,0.1,,0.0
2026-02-10,188260,,2.21,0.0,,0.0
2026-02-11,188260,,2.21,-0.0,,0.1
2026-02-12,188260,,2.2,0.0,,0.2
2026-02-13,188260,,2.22,-0.1,,0.4
2026-02-19,188260,,2.19,-0.1,,0.0
2026-02-20,188260,,2.15,0.0,,-0.0
2026-02-23,188260,,2.16,0.1,,-0.1
2026-02-24,188260,,2.01,0.0,,-0.0
2026-02-25,188260,,2.01,-0.1,,0.1
2026-02-26,188260,,1.97,-0.0,,0.0
2026-02-27,188260,1777.0,1.95,-0.0,,0.0
2026-03-03,188260,,1.93,0.0,,-0.0
2026-03-04,188260,,1.95,0.5,,-0.5
2026-03-05,188260,,2.36,-0.3,,0.3
2026-03-06,188260,,2.14,-0.1,,0.1
2026-03-09,188260,,2.01,-0.1,,0.1
2026-03-10,188260,,1.95,0.0,,-0.0
2026-03-11,188260,,1.98,-0.1,,0.1
2026-03-12,188260,,1.88,0.4,,4.5
2026-03-13,188260,,2.19,0.4,-0.8,0.1
2026-03-16,188260,,2.48,-0.8,0.0,1.2
2026-03-17,188260,,1.93,-0.1,-0.0,0.1
2026-03-18,188260,,1.96,0.2,,-0.6
2026-03-19,188260,,2.28,0.3,,-0.6
2026-03-20,188260,,2.65,0.2,,-0.2
2026-03-23,188260,,3.04,0.5,,-0.4
2026-03-24,188260,,3.47,0.1,,-0.1
2026-03-25,188260,,3.54,1.1,,-0.9
2026-03-26,188260,,4.36,0.6,,-0.6
2026-03-27,188260,,4.82,0.5,,-0.5
2026-03-30,188260,,5.19,-0.1,,0.1
2026-03-31,188260,1699.0,5.12,-0.3,,0.3
2026-04-01,188260,,4.82,0.1,,-0.1
2026-04-02,188260,,4.89,-0.1,,0.1
2026-04-03,188260,,4.78,-0.1,,0.1
2026-04-06,188260,,4.7,-0.1,,0.1
2026-04-07,188260,,4.62,-1.0,,1.0
2026-04-08,188260,,3.78,-0.1,,0.1
2026-04-09,188260,,3.74,0.0,,-0.1
2026-04-10,188260,,3.75,0.2,,-0.2
2026-04-13,188260,,3.91,0.4,,-0.4
2026-04-14,188260,,4.17,0.9,,-0.7
2026-04-15,188260,,4.75,-0.6,,0.7
2026-04-16,188260,,4.45,0.3,,-0.4
2026-04-17,188260,,4.65,0.4,,-0.4
2026-04-20,188260,,4.88,0.5,,-0.5
2026-04-21,188260,,5.18,-0.9,,0.9
2026-04-22,188260,,4.59,-0.1,,0.1
2026-04-23,188260,,4.53,-0.0,,0.0
2026-04-24,188260,,4.5,-0.4,,0.4
2026-04-27,188260,,4.21,0.3,,-0.3
2026-04-28,188260,,4.41,-0.9,,0.8
2026-04-29,188260,,3.79,-0.1,,0.1
2026-04-30,188260,2070.0,3.74,0.1,,-0.1
2026-05-04,188260,,3.82,0.3,,-0.3
2026-05-06,188260,,3.99,-0.5,,0.5
2026-05-07,188260,,3.67,0.0,,-0.0
2026-05-08,188260,,3.67,-0.1,-0.0,0.2
2026-05-11,188260,,3.58,-0.2,0.0,0.3
2026-05-12,188260,,3.42,-0.4,0.0,0.3
2026-05-13,188260,,3.19,-0.2,,0.5
2026-05-14,188260,,3.04,-0.4,0.0,0.4
2026-05-15,188260,,2.77,-0.6,-0.0,0.8
2026-05-18,188260,,2.32,-0.1,0.0,0.1
2026-05-19,188260,,2.26,-0.0,0.0,0.0
2026-05-20,188260,,2.01,-0.2,0.0,0.2
2026-05-21,188260,,2.08,-0.1,,0.1
2026-05-22,188260,,1.98,-0.0,,0.0
2026-05-26,188260,,1.99,-0.1,,0.1
2026-05-27,188260,,1.89,-0.2,,0.1
2026-05-28,188260,,1.73,0.1,,-0.1
2026-05-29,188260,1987.0,1.78,-0.1,,0.1
2026-06-01,188260,,1.7,-0.2,0.0,0.2
2026-06-02,188260,,0.84,-0.1,0.0,0.1
2026-06-04,188260,,0.8,-0.1,-0.0,0.1
2026-06-05,188260,,0.77,-0.1,-0.0,0.1
2026-06-08,188260,,0.75,-0.1,0.0,0.1
2026-06-09,188260,,0.7,-0.0,-0.0,0.0
2026-06-10,188260,,0.69,-0.1,0.0,0.1
2026-06-11,188260,,0.62,-0.0,-0.0,0.0
2026-06-12,188260,,0.61,-0.1,0.0,0.1
2026-06-15,188260,,0.58,-0.1,-0.0,0.1
2026-06-16,188260,,0.56,-0.0,,0.0
2026-06-17,188260,,0.54,-0.0,,0.0
2026-06-18,188260,,0.51,0.0,0.0,-0.0
2026-06-19,188260,,0.52,-0.0,-0.0,0.0
2026-06-22,188260,,0.51,-0.0,0.0,0.1
2026-06-23,188260,,0.49,0.0,0.0,-0.0
2026-06-24,188260,,0.49,0.0,-0.0,-0.0
2026-06-25,188260,,0.5,0.1,0.0,-0.2
2026-06-26,188260,,0.55,-0.0,-0.0,0.0
2026-06-29,188260,,0.55,-0.0,0.0,0.0
2026-06-30,188260,1929.0,0.53,-0.1,-0.0,0.1
2026-07-01,188260,,0.49,-0.0,,-0.0
2026-07-02,188260,,0.49,-0.1,0.0,0.1
2026-07-03,188260,,0.46,-0.0,-0.0,0.0
2026-07-06,188260,,0.47,0.0,-0.0,-0.0
2026-07-07,188260,,0.48,-0.0,0.0,0.0
2026-07-08,188260,,0.47,-0.0,-0.0,0.0
2026-07-09,188260,,0.47,0.1,-0.0,-0.1
2026-07-10,188260,,0.49,0.0,0.0,0.0
2026-07-13,188260,2080.0,0.49,-0.0,0.0,0.0
2025-07-14,189300,,13.61,-1.1,1.4,-0.4
2025-07-15,189300,,13.57,14.5,10.5,-24.9
2025-07-16,189300,,13.91,3.6,-0.8,-2.6
2025-07-17,189300,,13.96,-0.4,0.2,0.3
2025-07-18,189300,,13.9,1.3,1.8,-3.1
2025-07-21,189300,,13.73,-9.8,10.9,-2.1
2025-07-22,189300,,13.61,13.3,-2.7,-11.1
2025-07-23,189300,,13.86,17.5,-23.7,12.4
2025-07-24,189300,,14.19,4.2,-7.8,2.6
2025-07-25,189300,,14.25,9.8,-3.8,-5.9
2025-07-28,189300,,14.45,2.7,-5.5,2.7
2025-07-29,189300,,14.49,3.6,-5.2,1.6
2025-07-30,189300,,14.52,-1.4,-4.0,5.3
2025-07-31,189300,,14.47,6.7,-4.8,-1.0
2025-08-01,189300,,14.69,1.1,0.2,-1.7
2025-08-04,189300,,14.67,7.0,0.3,-7.3
2025-08-05,189300,,14.82,-1.8,1.4,0.2
2025-08-06,189300,,14.73,17.2,-2.4,-14.9
2025-08-07,189300,,15.11,-0.3,-2.7,2.9
2025-08-08,189300,,15.08,3.4,-3.3,-2.5
2025-08-11,189300,,15.15,-0.6,0.8,-1.5
2025-08-12,189300,,15.1,-4.2,0.2,1.4
2025-08-13,189300,,15.01,0.6,-5.0,4.8
2025-08-14,189300,,15.0,3.0,1.3,-3.7
2025-08-18,189300,,15.08,-22.8,-2.5,25.1
2025-08-19,189300,,14.59,-6.3,-24.2,30.3
2025-08-20,189300,,14.44,-2.4,2.1,1.6
2025-08-21,189300,,14.39,-2.4,2.8,-0.4
2025-08-22,189300,,14.34,5.9,-8.8,2.9
2025-08-25,189300,,14.39,9.2,1.5,-10.6
2025-08-26,189300,,14.71,2.7,-2.9,-1.1
2025-08-27,189300,,14.81,1.4,-1.3,-0.1
2025-08-28,189300,,14.8,1.3,-0.7,-0.7
2025-08-29,189300,46050.0,14.83,-4.3,-0.7,5.0
2025-09-01,189300,,14.77,1.2,-3.0,1.8
2025-09-02,189300,,14.72,2.1,-0.5,-1.6
2025-09-03,189300,,14.81,-0.3,-0.7,1.0
2025-09-04,189300,,14.79,9.6,-10.9,1.9
2025-09-05,189300,,15.04,3.8,5.9,-12.1
2025-09-08,189300,,15.19,1.8,3.5,-5.3
2025-09-09,189300,,15.23,-2.2,1.8,0.4
2025-09-10,189300,,15.18,20.6,2.1,-22.8
2025-09-11,189300,,15.63,-1.3,-0.9,3.7
2025-09-12,189300,,15.58,-0.9,0.8,0.1
2025-09-15,189300,,15.54,4.9,-9.0,3.7
2025-09-16,189300,,15.61,13.5,-14.8,1.3
2025-09-17,189300,,15.89,15.2,8.7,-11.3
2025-09-18,189300,,16.31,-18.0,27.4,-9.0
2025-09-19,189300,,15.95,-4.0,15.5,-11.7
2025-09-22,189300,,15.87,-16.5,7.4,8.7
2025-09-23,189300,,15.49,3.8,-0.7,-3.1
2025-09-24,189300,,15.56,3.6,2.4,-6.1
2025-09-25,189300,,15.51,-4.0,1.3,2.7
2025-09-26,189300,,15.39,-12.2,-6.4,15.2
2025-09-29,189300,,15.11,0.9,-8.4,7.3
2025-09-30,189300,47150.0,15.11,-1.8,0.7,0.9
2025-10-01,189300,,15.07,3.6,-5.4,1.0
2025-10-02,189300,,15.19,1.0,-6.2,4.9
2025-10-10,189300,,15.23,22.1,13.5,-36.5
2025-10-13,189300,,15.77,-1.7,0.7,1.5
2025-10-14,189300,,15.66,4.5,3.9,-8.3
2025-10-15,189300,,15.6,-4.8,18.2,-13.2
2025-10-16,189300,,15.48,-0.3,1.9,-1.8
2025-10-17,189300,,15.47,-3.9,-14.6,17.3
2025-10-20,189300,,15.31,-11.9,-4.0,15.1
2025-10-21,189300,,15.07,0.0,-19.2,20.7
2025-10-22,189300,,15.05,16.9,-2.7,-14.1
2025-10-23,189300,,15.41,3.5,-0.8,-2.6
2025-10-24,189300,,15.44,-2.4,-0.2,2.2
2025-10-27,189300,,15.37,1.0,-2.0,1.2
2025-10-28,189300,,15.39,0.9,-6.2,5.1
2025-10-29,189300,,15.36,6.0,-12.8,7.3
2025-10-30,189300,,15.52,8.0,-17.7,9.9
2025-10-31,189300,45200.0,15.65,-30.5,-17.5,46.9
2025-11-03,189300,,14.96,0.4,-5.5,8.6
2025-11-04,189300,,15.0,9.9,-2.4,-7.3
2025-11-05,189300,,15.22,-4.8,-0.3,4.4
2025-11-06,189300,,15.08,6.3,-22.1,15.5
2025-11-07,189300,,15.21,-5.7,1.0,4.6
2025-11-10,189300,,15.09,-2.9,1.1,1.7
2025-11-11,189300,,15.0,-5.0,-1.5,6.5
2025-11-12,189300,,14.78,1.3,-1.6,0.3
2025-11-13,189300,,14.8,-5.3,-2.0,7.1
2025-11-14,189300,,14.67,-5.6,-1.0,6.6
2025-11-17,189300,,14.39,-0.6,-0.0,1.1
2025-11-18,189300,,14.18,-3.7,1.9,1.8
2025-11-19,189300,,14.09,-6.0,1.4,4.2
2025-11-20,189300,,13.94,2.6,-0.9,-1.7
2025-11-21,189300,,14.02,-2.2,1.7,0.5
2025-11-24,189300,,13.94,-0.1,-4.6,4.6
2025-11-25,189300,,13.92,2.3,0.5,-2.8
2025-11-26,189300,,13.98,-0.2,-0.1,0.4
2025-11-27,189300,,13.98,-2.6,-6.1,9.3
2025-11-28,189300,41250.0,13.89,1.5,10.9,-12.2
2025-12-01,189300,,13.97,-4.3,7.6,-3.3
2025-12-02,189300,,14.11,-3.7,4.7,-1.2
2025-12-03,189300,,14.03,17.7,7.5,-25.2
2025-12-04,189300,,14.46,3.0,8.1,-11.1
2025-12-05,189300,,14.53,-2.9,18.3,-15.5
2025-12-08,189300,,14.48,-0.7,4.0,-3.2
2025-12-09,189300,,14.47,5.1,-4.0,-1.1
2025-12-10,189300,,14.55,3.1,5.0,-8.0
2025-12-11,189300,,14.62,12.1,-5.8,-3.7
2025-12-12,189300,,14.87,27.3,10.9,-36.4
2025-12-15,189300,,15.47,20.3,4.6,-24.9
2025-12-16,189300,,15.85,8.0,-11.9,4.0
2025-12-17,189300,,15.98,4.3,1.8,-5.8
2025-12-18,189300,,15.84,-6.0,3.0,2.9
2025-12-19,189300,,15.68,16.9,7.8,-23.3
2025-12-22,189300,,16.08,71.9,17.0,-86.8
2025-12-23,189300,,17.48,-63.2,1.2,59.4
2025-12-24,189300,,16.75,-44.4,14.4,26.5
2025-12-26,189300,,15.58,-21.7,2.9,14.2
2025-12-29,189300,,15.14,8.2,5.8,-14.4
2025-12-30,189300,59500.0,15.35,-5.0,4.6,-0.4
2026-01-02,189300,,15.3,56.8,56.7,-114.8
2026-01-05,189300,,16.17,-13.6,36.7,-19.7
2026-01-06,189300,,16.05,22.1,-17.0,-10.1
2026-01-07,189300,,16.3,-10.0,-3.7,10.8
2026-01-08,189300,,16.05,-17.6,19.4,-2.4
2026-01-09,189300,,15.87,2.8,27.2,-29.8
2026-01-12,189300,,16.06,-33.4,49.4,-14.5
2026-01-13,189300,,15.7,25.5,-5.7,-14.6
2026-01-14,189300,,16.09,53.1,-24.3,-31.7
2026-01-15,189300,,16.72,20.7,4.2,-25.1
2026-01-16,189300,,16.94,-2.2,10.5,-7.6
2026-01-19,189300,,16.88,-9.2,2.6,7.8
2026-01-20,189300,,16.59,-9.6,31.5,-21.5
2026-01-21,189300,,16.64,-47.4,23.0,20.9
2026-01-22,189300,,15.98,-40.1,-0.4,34.2
2026-01-23,189300,,15.17,-11.6,51.4,-38.4
2026-01-26,189300,,15.07,-77.1,91.1,-14.0
2026-01-27,189300,,14.08,-38.7,51.9,-13.5
2026-01-28,189300,,13.62,-3.0,88.4,-79.2
2026-01-29,189300,,13.7,-12.6,199.3,-182.5
2026-01-30,189300,105100.0,13.44,-9.5,73.1,-62.2
2026-02-02,189300,,13.32,52.5,-31.9,-18.9
2026-02-03,189300,,13.85,35.8,119.7,-144.8
2026-02-04,189300,,14.28,-5.9,27.3,-17.0
2026-02-05,189300,,14.06,50.0,-30.1,-19.7
2026-02-06,189300,,14.63,-5.8,10.8,5.3
2026-02-09,189300,,14.52,-62.4,59.6,30.0
2026-02-10,189300,,13.99,43.0,32.3,-79.4
2026-02-11,189300,,14.26,104.0,81.7,-186.1
2026-02-12,189300,,15.03,-8.7,41.1,-24.5
2026-02-13,189300,,14.95,-16.8,-64.0,84.3
2026-02-19,189300,,14.72,-15.4,3.9,12.7
2026-02-20,189300,,14.42,-15.5,1.7,13.1
2026-02-23,189300,,14.34,112.8,-66.4,-37.3
2026-02-24,189300,,15.35,27.3,-46.2,18.0
2026-02-25,189300,,15.43,-27.9,66.2,-35.8
2026-02-26,189300,,15.01,-1.2,5.2,-4.4
2026-02-27,189300,121000.0,14.92,-6.0,8.2,-2.6
2026-03-03,189300,,14.82,-30.4,-3.3,32.5
2026-03-04,189300,,14.57,90.3,-11.9,-76.6
2026-03-05,189300,,15.36,46.8,64.7,-106.9
2026-03-06,189300,,15.79,-19.6,41.3,-21.8
2026-03-09,189300,,15.58,52.1,-21.2,-34.0
2026-03-10,189300,,15.97,54.3,152.1,-207.4
2026-03-11,189300,,16.45,-16.1,138.4,-119.9
2026-03-12,189300,,16.31,-18.5,21.7,-2.8
2026-03-13,189300,,16.16,-15.2,58.4,-44.1
2026-03-16,189300,,16.05,-2.1,-7.8,8.8
2026-03-17,189300,,16.02,-1.3,-14.0,14.6
2026-03-18,189300,,15.98,14.7,-41.9,27.3
2026-03-19,189300,,16.11,54.7,-92.7,34.7
2026-03-20,189300,,16.55,33.2,-27.6,-6.7
2026-03-23,189300,,16.84,32.4,-11.7,-20.9
2026-03-24,189300,,17.17,22.1,11.0,-33.4
2026-03-25,189300,,17.34,38.7,-3.4,-34.0
2026-03-26,189300,,17.55,-44.8,2.4,40.5
2026-03-27,189300,,17.2,13.7,-9.3,-4.9
2026-03-30,189300,,17.12,16.6,-36.8,21.1
2026-03-31,189300,110900.0,17.31,40.5,4.9,-42.8
2026-04-01,189300,,17.7,12.1,3.1,-14.6
2026-04-02,189300,,17.77,33.4,-19.1,-14.8
2026-04-03,189300,,17.95,0.1,-3.5,1.6
2026-04-06,189300,,17.88,34.7,-75.6,40.6
2026-04-07,189300,,18.19,22.3,0.3,-23.6
2026-04-08,189300,,18.48,-3.5,7.8,-5.4
2026-04-09,189300,,18.52,19.9,-62.8,41.9
2026-04-10,189300,,18.66,113.5,-134.4,24.2
2026-04-13,189300,,19.59,36.5,-21.7,-15.6
2026-04-14,189300,,19.97,-26.5,-14.1,39.2
2026-04-15,189300,,19.67,88.3,93.9,-177.0
2026-04-16,189300,,20.62,-28.1,-17.9,41.6
2026-04-17,189300,,20.27,19.3,45.2,-66.4
2026-04-20,189300,,20.25,-40.2,-23.5,61.6
2026-04-21,189300,,19.91,18.4,-19.6,-1.2
2026-04-22,189300,,19.95,22.1,-30.2,10.9
2026-04-23,189300,,20.09,9.7,-23.4,13.8
2026-04-24,189300,,20.22,17.7,-90.2,70.4
2026-04-27,189300,,20.27,8.0,-16.5,2.4
2026-04-28,189300,,20.34,45.1,-17.6,-27.8
2026-04-29,189300,,20.73,-2.1,-3.0,4.8
2026-04-30,189300,132700.0,20.7,93.3,-119.6,26.2
2026-05-04,189300,,21.36,71.0,-43.4,-25.8
2026-05-06,189300,,21.95,26.8,26.1,-51.6
2026-05-07,189300,,22.12,-38.8,-7.4,45.2
2026-05-08,189300,,21.66,-46.1,58.0,-11.2
2026-05-11,189300,,21.27,11.5,34.0,-46.2
2026-05-12,189300,,21.33,0.1,-17.8,27.9
2026-05-13,189300,,21.34,-0.1,-0.6,-0.5
2026-05-14,189300,,21.27,-11.2,-30.5,43.1
2026-05-15,189300,,21.17,34.6,5.6,-43.6
2026-05-18,189300,,21.19,-62.6,-3.2,60.1
2026-05-19,189300,,20.69,-56.3,-45.0,101.4
2026-05-20,189300,,20.33,53.8,-67.0,11.1
2026-05-21,189300,,20.83,-45.4,22.1,27.3
2026-05-22,189300,,20.59,42.7,13.9,-56.8
2026-05-26,189300,,20.89,-29.0,11.2,13.7
2026-05-27,189300,,20.98,10.6,-20.9,10.2
2026-05-28,189300,,20.94,5.5,13.2,-26.0
2026-05-29,189300,133100.0,20.98,-8.9,-3.1,10.1
2026-06-01,189300,,20.84,126.0,-112.5,-11.5
2026-06-02,189300,,21.94,30.6,-55.1,15.5
2026-06-04,189300,,22.2,-3.1,-4.1,8.0
2026-06-05,189300,,22.17,31.4,-47.6,16.5
2026-06-08,189300,,22.34,24.6,-20.4,-1.9
2026-06-09,189300,,22.55,6.3,-5.5,4.4
2026-06-10,189300,,22.45,24.4,-35.2,9.7
2026-06-11,189300,,22.77,35.0,-50.4,15.7
2026-06-12,189300,,23.23,-63.7,39.3,19.8
2026-06-15,189300,,22.61,36.1,-22.5,-8.5
2026-06-16,189300,,23.05,-9.9,8.2,4.1
2026-06-17,189300,,22.86,22.5,13.2,-35.5
2026-06-18,189300,,23.05,26.8,-12.6,-15.6
2026-06-19,189300,,23.62,50.1,-9.7,-37.3
2026-06-22,189300,,24.47,26.3,-18.7,-7.3
2026-06-23,189300,,24.81,34.9,-5.8,-29.8
2026-06-24,189300,,25.31,19.5,6.6,-24.1
2026-06-25,189300,,25.61,26.0,-6.6,-17.2
2026-06-26,189300,,26.0,12.6,6.2,-12.7
2026-06-29,189300,,26.31,-16.1,22.7,-5.3
2026-06-30,189300,77700.0,25.42,-18.9,1.5,16.5
2026-07-01,189300,,25.09,-7.7,1.3,5.8
2026-07-02,189300,,24.95,6.9,-4.0,-3.1
2026-07-03,189300,,25.03,-3.0,3.0,-0.3
2026-07-06,189300,,25.16,8.1,-10.0,1.8
2026-07-07,189300,,25.3,13.9,-7.3,-7.1
2026-07-08,189300,,25.48,13.4,-8.4,-6.0
2026-07-09,189300,,25.72,-8.2,8.4,-0.6
2026-07-10,189300,,25.59,-24.1,28.6,-4.7
2026-07-13,189300,66400.0,25.27,8.9,-8.9,-0.2
2025-07-14,189330,,3.53,-0.6,,0.5
2025-07-15,189330,,3.42,0.1,,-0.1
2025-07-16,189330,,3.43,-0.5,,0.5
2025-07-17,189330,,3.31,-0.2,,0.2
2025-07-18,189330,,3.26,-0.3,,0.3
2025-07-21,189330,,3.2,0.6,-0.7,0.0
2025-07-22,189330,,3.34,0.0,-0.1,0.0
2025-07-23,189330,,3.35,-0.1,-0.0,0.1
2025-07-24,189330,,3.31,0.7,,-0.6
2025-07-25,189330,,3.46,-0.3,,0.2
2025-07-28,189330,,3.41,0.2,,-0.2
2025-07-29,189330,,3.46,-8.4,,7.9
2025-07-30,189330,,1.94,-4.7,,5.0
2025-07-31,189330,,1.11,1.9,,-1.9
2025-08-01,189330,,1.49,0.9,,-0.8
2025-08-04,189330,,1.68,1.8,-4.0,2.1
2025-08-05,189330,,2.06,0.6,,-0.6
2025-08-06,189330,,2.19,1.0,-0.4,-0.7
2025-08-07,189330,,2.44,-1.1,-0.4,1.4
2025-08-08,189330,,2.18,0.6,-1.6,1.2
2025-08-11,189330,,2.32,0.4,-2.3,1.8
2025-08-12,189330,,2.44,1.0,-2.3,1.3
2025-08-13,189330,,2.7,0.5,-1.2,0.6
2025-08-14,189330,,2.81,0.4,-0.8,0.5
2025-08-18,189330,,2.92,-1.0,,1.0
2025-08-19,189330,,2.66,0.1,-0.2,0.0
2025-08-20,189330,,2.7,2.4,-0.1,-2.2
2025-08-21,189330,,3.37,0.1,-0.0,-0.1
2025-08-22,189330,,3.42,-0.3,-0.0,0.3
2025-08-25,189330,,3.34,0.6,-0.0,-0.6
2025-08-26,189330,,3.51,-0.1,-0.0,0.2
2025-08-27,189330,,3.47,-8.0,-20.0,28.7
2025-08-28,189330,,1.06,-0.0,-7.9,7.8
2025-08-29,189330,5160.0,1.31,0.4,-0.5,0.5
2025-09-01,189330,,1.39,0.2,-3.7,3.5
2025-09-02,189330,,1.43,0.6,-0.0,-0.5
2025-09-03,189330,,1.55,0.7,,-0.8
2025-09-04,189330,,2.22,-0.6,-1.2,1.8
2025-09-05,189330,,2.09,-0.0,,-0.0
2025-09-08,189330,,2.09,0.9,-0.7,-0.1
2025-09-09,189330,,2.29,-0.0,-0.8,0.8
2025-09-10,189330,,2.28,0.0,-0.2,0.1
2025-09-11,189330,,2.28,0.4,-0.3,-0.2
2025-09-12,189330,,2.37,1.1,-0.2,-0.8
2025-09-15,189330,,2.63,-0.5,,0.4
2025-09-16,189330,,2.53,-0.6,-0.2,0.8
2025-09-17,189330,,2.37,0.4,,-0.4
2025-09-18,189330,,2.46,1.3,,-1.3
2025-09-19,189330,,2.72,0.9,,-0.9
2025-09-22,189330,,2.91,1.7,,-1.7
2025-09-23,189330,,3.24,-0.4,,0.4
2025-09-24,189330,,3.15,-0.8,,0.8
2025-09-25,189330,,3.0,0.1,,-0.1
2025-09-26,189330,,3.01,-1.1,,1.2
2025-09-29,189330,,2.78,1.6,-0.2,-1.5
2025-09-30,189330,5150.0,3.11,-0.6,0.1,0.6
2025-10-01,189330,,2.99,-0.1,,0.1
2025-10-02,189330,,2.97,0.2,,-0.2
2025-10-10,189330,,3.01,-0.1,,0.1
2025-10-13,189330,,2.99,1.2,,-1.2
2025-10-14,189330,,3.23,-0.2,,0.3
2025-10-15,189330,,3.19,0.9,-0.1,-0.8
2025-10-16,189330,,3.37,-1.6,,1.6
2025-10-17,189330,,3.03,-1.1,-0.5,1.6
2025-10-20,189330,,2.79,0.2,0.0,-0.2
2025-10-21,189330,,2.84,0.1,-0.1,-0.1
2025-10-22,189330,,2.87,-0.2,-0.6,0.8
2025-10-23,189330,,2.82,1.5,-4.6,3.1
2025-10-24,189330,,3.16,0.1,,-0.1
2025-10-27,189330,,3.19,0.1,,-0.1
2025-10-28,189330,,3.21,-0.8,,0.8
2025-10-29,189330,,3.02,0.7,,-0.7
2025-10-30,189330,,3.18,-2.1,-0.0,2.1
2025-10-31,189330,4715.0,2.69,2.5,,-2.6
2025-11-03,189330,,3.25,-5.4,-6.5,11.7
2025-11-04,189330,,2.22,-6.1,-1.6,8.0
2025-11-05,189330,,1.08,1.5,,-1.6
2025-11-06,189330,,1.39,0.2,,-0.3
2025-11-07,189330,,1.42,-0.5,-0.2,0.5
2025-11-10,189330,,1.3,0.6,-0.2,-0.3
2025-11-11,189330,,1.42,2.2,,-2.0
2025-11-12,189330,,1.86,0.5,-0.0,-0.5
2025-11-13,189330,,1.96,-2.3,,2.3
2025-11-14,189330,,1.48,0.1,-0.3,0.5
2025-11-17,189330,,1.51,0.3,,-0.3
2025-11-18,189330,,1.57,-0.2,,0.1
2025-11-19,189330,,1.52,-0.1,,0.1
2025-11-20,189330,,1.57,-0.0,,-0.0
2025-11-21,189330,,1.6,-0.2,-0.4,0.6
2025-11-24,189330,,1.55,-1.4,,1.4
2025-11-25,189330,,1.22,-0.3,,0.3
2025-11-26,189330,,1.25,-0.1,,0.1
2025-11-27,189330,,1.3,0.2,,-0.2
2025-11-28,189330,4760.0,1.43,1.8,-0.0,-1.8
2025-12-01,189330,,1.88,0.1,-0.1,0.0
2025-12-02,189330,,1.95,0.0,,-0.0
2025-12-03,189330,,1.95,0.9,,-0.9
2025-12-04,189330,,2.14,-0.3,,0.3
2025-12-05,189330,,2.07,0.5,,-0.5
2025-12-08,189330,,2.18,-0.1,-0.0,0.1
2025-12-09,189330,,2.16,0.1,,-0.1
2025-12-10,189330,,2.22,-0.1,,0.1
2025-12-11,189330,,2.19,0.2,,-0.2
2025-12-12,189330,,2.22,-0.0,,0.0
2025-12-15,189330,,2.22,0.1,,-0.1
2025-12-16,189330,,2.25,-0.4,,0.3
2025-12-17,189330,,2.47,-0.0,,0.0
2025-12-18,189330,,2.46,-0.4,,0.5
2025-12-19,189330,,2.36,0.2,,-0.2
2025-12-22,189330,,2.42,0.8,,-0.8
2025-12-23,189330,,2.6,-0.1,,0.1
2025-12-24,189330,,2.59,0.6,,-0.6
2025-12-26,189330,,2.72,-0.1,,0.0
2025-12-29,189330,,2.7,0.4,,-0.3
2025-12-30,189330,4825.0,2.78,1.7,,-1.7
2026-01-02,189330,,3.16,3.2,,-3.0
2026-01-05,189330,,3.82,0.1,,0.0
2026-01-06,189330,,3.84,0.5,,-0.5
2026-01-07,189330,,3.96,-0.2,,0.2
2026-01-08,189330,,3.91,-2.3,,2.3
2026-01-09,189330,,3.37,-0.4,,0.3
2026-01-12,189330,,3.28,-0.4,0.0,0.3
2026-01-13,189330,,3.19,-0.8,,0.8
2026-01-14,189330,,2.99,-0.8,,0.8
2026-01-15,189330,,2.8,-0.7,,0.8
2026-01-16,189330,,2.61,-0.3,,0.3
2026-01-19,189330,,2.53,-0.1,-0.0,0.1
2026-01-20,189330,,2.52,0.9,,-0.9
2026-01-21,189330,,2.73,-0.4,,0.4
2026-01-22,189330,,2.64,0.2,,-0.2
2026-01-23,189330,,2.68,1.1,,-1.1
2026-01-26,189330,,2.95,0.5,,-0.5
2026-01-27,189330,,3.07,0.4,,-0.4
2026-01-28,189330,,3.16,0.5,,-0.4
2026-01-29,189330,,3.29,0.2,,-0.2
2026-01-30,189330,4605.0,3.33,-0.4,,0.4
2026-02-02,189330,,3.23,-0.5,,0.6
2026-02-03,189330,,3.1,-0.1,-0.0,0.1
2026-02-04,189330,,3.07,0.6,,-0.6
2026-02-05,189330,,3.22,-0.7,-1.2,1.9
2026-02-06,189330,,3.06,-0.9,,0.9
2026-02-09,189330,,2.83,0.5,,-0.5
2026-02-10,189330,,2.95,0.4,,-0.4
2026-02-11,189330,,3.05,0.2,,-0.2
2026-02-12,189330,,3.11,0.3,,-0.3
2026-02-13,189330,,3.18,-0.4,,0.4
2026-02-19,189330,,3.08,1.0,,-1.0
2026-02-20,189330,,3.32,0.7,,-0.7
2026-02-23,189330,,3.49,0.4,,-0.4
2026-02-24,189330,,3.28,0.2,,-0.1
2026-02-25,189330,,3.32,0.4,,-0.5
2026-02-26,189330,,3.42,-0.7,,0.7
2026-02-27,189330,4380.0,3.26,0.1,,-0.2
2026-03-03,189330,,3.3,-0.3,,0.5
2026-03-04,189330,,3.22,-0.5,,0.5
2026-03-05,189330,,3.09,0.6,,-0.6
2026-03-06,189330,,3.25,0.2,,-0.2
2026-03-09,189330,,3.32,-0.2,,0.2
2026-03-10,189330,,3.25,0.1,,-0.1
2026-03-11,189330,,3.28,1.0,-0.7,-0.3
2026-03-12,189330,,3.53,0.3,,-0.3
2026-03-13,189330,,3.61,-0.8,,0.8
2026-03-16,189330,,3.42,-0.4,,0.3
2026-03-17,189330,,3.33,1.6,,-1.6
2026-03-18,189330,,3.69,-0.5,,0.4
2026-03-19,189330,,3.58,-0.5,,0.4
2026-03-20,189330,,3.47,0.7,,-0.7
2026-03-23,189330,,3.64,0.3,,-0.3
2026-03-24,189330,,3.71,0.4,,-0.4
2026-03-25,189330,,3.84,0.8,,-0.8
2026-03-26,189330,,4.04,-0.2,,0.1
2026-03-27,189330,,4.0,0.9,,-0.9
2026-03-30,189330,,4.21,0.4,,-0.4
2026-03-31,189330,4440.0,4.3,-0.5,,0.5
2026-04-01,189330,,4.18,0.4,,-0.3
2026-04-02,189330,,4.27,-0.4,,0.4
2026-04-03,189330,,4.17,0.4,,-0.4
2026-04-06,189330,,4.27,0.0,-2.4,2.3
2026-04-07,189330,,4.28,-0.1,,0.1
2026-04-08,189330,,4.26,0.4,,-0.4
2026-04-09,189330,,4.37,0.7,,-0.7
2026-04-10,189330,,4.52,0.4,,-0.4
2026-04-13,189330,,4.61,-0.2,,0.2
2026-04-14,189330,,4.57,0.7,,-0.6
2026-04-15,189330,,4.72,3.3,,-3.1
2026-04-16,189330,,5.39,-2.7,-1.5,3.5
2026-04-17,189330,,4.92,0.3,,-0.6
2026-04-20,189330,,4.98,-0.0,-4.3,2.1
2026-04-21,189330,,4.99,-9.1,-5.2,17.5
2026-04-22,189330,,3.84,-13.0,0.3,11.1
2026-04-23,189330,,2.0,2.6,-0.0,-1.6
2026-04-24,189330,,2.58,-1.0,-0.0,1.9
2026-04-27,189330,,2.54,-0.6,1.0,-0.9
2026-04-28,189330,,2.42,3.6,0.5,-4.0
2026-04-29,189330,,2.98,0.4,-0.0,-0.6
2026-04-30,189330,6620.0,3.05,-1.2,0.0,1.5
2026-05-04,189330,,2.86,1.9,0.0,-2.1
2026-05-06,189330,,3.15,0.9,-0.0,-0.7
2026-05-07,189330,,3.29,0.8,-0.0,-0.8
2026-05-08,189330,,3.42,1.8,-0.0,-1.8
2026-05-11,189330,,3.69,-2.2,0.1,0.5
2026-05-12,189330,,3.35,0.4,-0.0,1.6
2026-05-13,189330,,3.43,-0.1,0.0,-0.9
2026-05-14,189330,,3.44,-4.8,-0.0,4.5
2026-05-15,189330,,2.74,3.9,0.3,-4.2
2026-05-18,189330,,3.02,-0.4,-0.3,0.1
2026-05-19,189330,,2.95,0.3,0.3,-1.2
2026-05-20,189330,,3.02,1.6,0.3,-1.7
2026-05-21,189330,,3.27,0.8,-0.6,-0.1
2026-05-22,189330,,3.38,2.8,-0.0,-2.5
2026-05-26,189330,,3.74,10.4,-0.0,-10.2
2026-05-27,189330,,4.98,-0.5,-0.0,1.3
2026-05-28,189330,,4.93,-3.8,-0.0,4.0
2026-05-29,189330,10730.0,4.48,23.4,-0.0,-23.7
2026-06-01,189330,,6.83,-4.5,0.7,1.0
2026-06-02,189330,,6.41,-4.4,0.0,4.8
2026-06-04,189330,,5.93,-8.0,-0.0,7.8
2026-06-05,189330,,5.28,0.1,0.0,0.2
2026-06-08,189330,,5.29,1.5,0.3,-1.9
2026-06-09,189330,,5.48,-3.6,0.0,3.6
2026-06-10,189330,,5.06,-0.2,-0.8,1.0
2026-06-11,189330,,5.06,-0.8,0.0,0.8
2026-06-12,189330,,4.95,-2.2,-0.0,2.3
2026-06-15,189330,,4.68,-2.1,0.0,2.1
2026-06-16,189330,,4.42,0.3,-0.0,-0.3
2026-06-17,189330,,4.45,1.0,-0.1,-0.7
2026-06-18,189330,,4.59,-1.1,-0.0,1.1
2026-06-19,189330,,4.45,-2.2,-0.0,2.1
2026-06-22,189330,,4.19,-3.6,-0.0,3.8
2026-06-23,189330,,3.76,-7.1,0.0,7.3
2026-06-24,189330,,2.7,-0.6,-0.0,0.6
2026-06-25,189330,,2.64,-0.0,0.0,0.0
2026-06-26,189330,,2.8,1.9,-0.0,-1.7
2026-06-29,189330,,3.05,3.3,-0.0,-3.2
2026-06-30,189330,8500.0,3.43,-2.4,-0.0,2.4
2026-07-01,189330,,3.15,-0.5,0.0,-3.8
2026-07-02,189330,,3.14,-5.2,0.0,4.7
2026-07-03,189330,,2.54,-0.1,-0.0,0.3
2026-07-06,189330,,2.53,-1.8,-0.0,1.8
2026-07-07,189330,,2.34,-2.8,-0.0,2.9
2026-07-08,189330,,2.04,-0.0,-0.0,-0.7
2026-07-09,189330,,2.07,-9.0,-3.7,17.0
2026-07-10,189330,,1.48,-2.0,0.0,2.1
2026-07-13,189330,9960.0,1.34,3.4,0.0,-3.6
2025-07-14,189690,,1.44,-0.5,,0.5
2025-07-15,189690,,1.56,2.8,,-2.2
2025-07-16,189690,,1.99,-0.1,,0.1
2025-07-17,189690,,1.98,1.4,0.2,-1.6
2025-07-18,189690,,2.19,-0.1,,0.1
2025-07-21,189690,,2.18,0.6,,-0.5
2025-07-22,189690,,2.3,-0.1,,0.2
2025-07-23,189690,,2.3,0.6,,-0.6
2025-07-24,189690,,2.4,0.6,,-0.6
2025-07-25,189690,,2.49,-0.3,,0.4
2025-07-28,189690,,2.44,0.3,,-0.3
2025-07-29,189690,,2.5,1.0,,-1.0
2025-07-30,189690,,2.67,0.3,,-0.3
2025-07-31,189690,,2.71,-0.1,,0.1
2025-08-01,189690,,2.7,-0.9,,0.9
2025-08-04,189690,,2.56,0.8,,-0.8
2025-08-05,189690,,2.69,0.2,,-0.2
2025-08-06,189690,,2.72,0.5,,-0.4
2025-08-07,189690,,2.79,0.4,,-0.4
2025-08-08,189690,,2.86,0.4,,-0.4
2025-08-11,189690,,2.92,-0.2,,0.2
2025-08-12,189690,,2.88,0.4,,-0.4
2025-08-13,189690,,2.94,0.1,,-0.1
2025-08-14,189690,,2.96,-0.2,,0.2
2025-08-18,189690,,2.93,0.1,,-0.1
2025-08-19,189690,,2.96,0.2,,-0.5
2025-08-20,189690,,2.98,0.0,,-0.5
2025-08-21,189690,,2.98,0.1,,-0.5
2025-08-22,189690,,3.0,-0.1,,-0.3
2025-08-25,189690,,2.99,0.5,,-0.6
2025-08-26,189690,,3.09,0.1,,-0.1
2025-08-27,189690,,3.02,-0.4,,0.3
2025-08-28,189690,,2.96,-2.9,-0.0,2.8
2025-08-29,189690,2190.0,2.5,0.8,,-0.8
2025-09-01,189690,,2.65,-0.4,,0.3
2025-09-02,189690,,2.58,0.4,,-0.4
2025-09-03,189690,,2.65,0.0,,-0.0
2025-09-04,189690,,2.66,0.4,,-0.4
2025-09-05,189690,,2.73,0.1,,-0.1
2025-09-08,189690,,2.75,0.8,,-0.8
2025-09-09,189690,,2.88,0.5,,-0.5
2025-09-10,189690,,2.98,0.8,,-0.7
2025-09-11,189690,,3.1,0.4,,-0.4
2025-09-12,189690,,3.16,-0.4,,0.4
2025-09-15,189690,,3.09,-0.2,,0.2
2025-09-16,189690,,3.06,-0.2,,0.2
2025-09-17,189690,,3.02,0.0,,-0.0
2025-09-18,189690,,3.03,0.6,,-0.6
2025-09-19,189690,,3.13,0.2,,-0.2
2025-09-22,189690,,3.17,-0.4,,0.4
2025-09-23,189690,,2.88,-0.2,,0.3
2025-09-24,189690,,2.84,-0.1,,0.1
2025-09-25,189690,,2.82,0.1,,-0.6
2025-09-26,189690,,2.84,-0.5,,-0.4
2025-09-29,189690,,2.75,1.3,,-1.4
2025-09-30,189690,2150.0,2.97,-1.0,0.2,0.8
2025-10-01,189690,,2.8,-0.7,,0.7
2025-10-02,189690,,2.68,0.8,,-1.0
2025-10-10,189690,,2.82,-0.3,,0.3
2025-10-13,189690,,2.76,0.0,,-0.1
2025-10-14,189690,,2.77,-0.4,,0.4
2025-10-15,189690,,2.69,0.3,,-0.5
2025-10-16,189690,,2.75,-0.4,,0.3
2025-10-17,189690,,2.68,-0.4,,0.3
2025-10-20,189690,,2.62,0.1,,-0.1
2025-10-21,189690,,2.63,-0.3,,-0.0
2025-10-22,189690,,2.59,0.7,,-1.1
2025-10-23,189690,,2.71,0.1,,-0.1
2025-10-24,189690,,2.73,-1.3,,1.1
2025-10-27,189690,,2.5,0.3,,-0.3
2025-10-28,189690,,2.55,-0.6,,0.5
2025-10-29,189690,,2.44,-0.2,,0.2
2025-10-30,189690,,2.41,-0.7,,0.6
2025-10-31,189690,2070.0,2.29,-0.2,,0.2
2025-11-03,189690,,2.26,-0.2,,0.2
2025-11-04,189690,,2.23,0.5,0.2,-0.7
2025-11-05,189690,,2.32,-0.1,0.1,-0.0
2025-11-06,189690,,2.29,0.2,0.1,-0.3
2025-11-07,189690,,2.32,-0.6,,0.6
2025-11-10,189690,,2.22,0.5,-0.2,-0.3
2025-11-11,189690,,2.25,-0.0,,0.0
2025-11-12,189690,,2.25,0.3,0.0,-0.3
2025-11-13,189690,,2.3,-0.2,,0.2
2025-11-14,189690,,2.27,-0.1,,0.1
2025-11-17,189690,,2.25,-0.1,,0.1
2025-11-18,189690,,2.25,-0.5,,0.5
2025-11-19,189690,,2.18,0.3,0.0,-0.3
2025-11-20,189690,,2.23,0.3,,-0.3
2025-11-21,189690,,2.28,-0.3,,0.3
2025-11-24,189690,,2.22,-0.1,0.8,-0.6
2025-11-25,189690,,2.18,-0.1,0.7,-0.6
2025-11-26,189690,,2.17,0.2,0.0,-0.2
2025-11-27,189690,,2.19,0.1,0.0,-0.1
2025-11-28,189690,2150.0,2.21,-0.4,0.0,0.4
2025-12-01,189690,,2.14,-0.2,,0.2
2025-12-02,189690,,2.11,-0.1,,0.1
2025-12-03,189690,,2.09,-0.0,,0.1
2025-12-04,189690,,2.1,0.6,,0.2
2025-12-05,189690,,2.2,-0.2,,0.1
2025-12-08,189690,,2.16,-0.3,0.7,-0.4
2025-12-09,189690,,2.11,-0.0,0.1,-0.1
2025-12-10,189690,,2.11,-0.0,,0.0
2025-12-11,189690,,2.1,0.0,,-0.0
2025-12-12,189690,,2.11,-0.0,-0.0,0.0
2025-12-15,189690,,2.1,-0.1,,0.1
2025-12-16,189690,,2.09,0.1,,-0.1
2025-12-17,189690,,2.18,-0.0,,0.0
2025-12-18,189690,,2.17,0.0,,-0.0
2025-12-19,189690,,2.18,0.4,,-0.4
2025-12-22,189690,,2.24,0.0,,-0.0
2025-12-23,189690,,2.25,-0.2,,0.2
2025-12-24,189690,,2.2,-0.3,,0.3
2025-12-26,189690,,2.18,-0.3,,0.3
2025-12-29,189690,,2.12,0.0,,-0.1
2025-12-30,189690,2110.0,2.12,-0.3,,0.2
2026-01-02,189690,,2.08,-0.0,,-0.3
2026-01-05,189690,,2.08,-0.2,,-0.2
2026-01-06,189690,,2.1,-0.2,,0.2
2026-01-07,189690,,2.08,-0.1,,0.1
2026-01-08,189690,,2.06,-0.1,-0.0,0.1
2026-01-09,189690,,2.05,-0.1,,-0.2
2026-01-12,189690,,2.02,0.0,,-0.0
2026-01-13,189690,,2.03,-0.1,,0.1
2026-01-14,189690,,2.01,-0.2,,-0.3
2026-01-15,189690,,1.98,-0.1,,-0.0
2026-01-16,189690,,1.96,-0.2,,0.2
2026-01-19,189690,,1.93,-0.1,,0.1
2026-01-20,189690,,1.91,0.1,,-0.6
2026-01-21,189690,,1.92,-0.1,,0.1
2026-01-22,189690,,1.91,0.1,,-0.2
2026-01-23,189690,,1.93,0.3,,-0.6
2026-01-26,189690,,1.99,0.6,,-0.4
2026-01-27,189690,,2.09,0.1,,-0.1
2026-01-28,189690,,2.1,-0.0,,-0.0
2026-01-29,189690,,2.1,-0.2,,0.2
2026-01-30,189690,2030.0,2.06,-0.4,,0.4
2026-02-02,189690,,1.99,-1.2,,-0.1
2026-02-03,189690,,1.77,-0.1,,-0.0
2026-02-04,189690,,1.75,-0.0,,-0.1
2026-02-05,189690,,1.74,-0.0,,-0.1
2026-02-06,189690,,1.74,-0.7,,0.7
2026-02-09,189690,,1.62,-0.0,,0.0
2026-02-10,189690,,1.61,0.0,,-0.0
2026-02-11,189690,,1.64,0.1,,-0.1
2026-02-12,189690,,1.67,-0.0,,-0.2
2026-02-13,189690,,1.67,-0.1,,0.1
2026-02-19,189690,,1.65,0.0,,-0.0
2026-02-20,189690,,1.65,-0.1,,-0.0
2026-02-23,189690,,1.63,0.1,,-0.1
2026-02-24,189690,,1.6,-0.0,,0.0
2026-02-25,189690,,1.66,-0.2,,0.2
2026-02-26,189690,,1.65,-0.1,,0.1
2026-02-27,189690,2005.0,1.62,-0.1,,0.1
2026-03-03,189690,,1.61,-0.5,,0.5
2026-03-04,189690,,1.51,0.0,,-0.0
2026-03-05,189690,,1.52,-0.1,,0.1
2026-03-06,189690,,1.51,0.1,,-0.1
2026-03-09,189690,,1.52,0.0,,-0.0
2026-03-10,189690,,1.53,-0.0,,0.0
2026-03-11,189690,,1.68,0.1,,-0.1
2026-03-12,189690,,1.7,0.1,,-0.1
2026-03-13,189690,,1.65,0.1,,-0.1
2026-03-16,189690,,1.7,-0.1,,0.1
2026-03-17,189690,,1.68,-0.1,,0.1
2026-03-18,189690,,1.66,-0.1,,0.1
2026-03-19,189690,,1.62,-0.0,,0.0
2026-03-20,189690,,1.61,-0.1,,0.1
2026-03-23,189690,,1.59,-0.0,,0.0
2026-03-24,189690,,1.58,0.1,,-0.1
2026-03-25,189690,,1.59,0.3,,-0.3
2026-03-26,189690,,1.66,0.1,,-0.2
2026-03-27,189690,,1.68,0.0,,-0.0
2026-03-30,189690,,1.68,0.3,,-0.2
2026-03-31,189690,1925.0,1.73,-0.1,,0.1
2026-04-01,189690,,1.74,0.2,,-0.2
2026-04-02,189690,,1.77,-0.0,,0.0
2026-04-03,189690,,1.77,0.2,,-0.2
2026-04-06,189690,,1.81,-0.1,,0.1
2026-04-07,189690,,1.79,0.1,,-0.1
2026-04-08,189690,,1.82,-0.3,,0.3
2026-04-09,189690,,1.76,0.0,,-0.0
2026-04-10,189690,,1.76,0.4,,-0.4
2026-04-13,189690,,1.84,0.2,,-0.2
2026-04-14,189690,,1.87,0.5,,-0.5
2026-04-15,189690,,1.94,0.9,,-0.9
2026-04-16,189690,,2.11,-1.8,,1.8
2026-04-17,189690,,1.81,-0.1,,0.1
2026-04-20,189690,,1.79,-0.6,,0.6
2026-04-21,189690,,1.72,0.2,,-0.2
2026-04-22,189690,,1.77,-0.2,,0.2
2026-04-23,189690,,1.76,-0.0,,0.0
2026-04-24,189690,,1.75,0.1,,-0.1
2026-04-27,189690,,1.77,0.1,,-0.0
2026-04-28,189690,,1.78,0.1,,-0.1
2026-04-29,189690,,1.65,-0.1,0.0,0.1
2026-04-30,189690,2075.0,1.63,-0.0,,0.0
2026-05-04,189690,,1.63,-0.6,,0.6
2026-05-06,189690,,1.53,0.2,-0.0,-0.2
2026-05-07,189690,,1.57,-0.1,0.0,0.1
2026-05-08,189690,,1.55,-0.5,-0.0,0.5
2026-05-11,189690,,1.46,-0.3,0.0,0.3
2026-05-12,189690,,1.41,-0.1,-0.0,0.1
2026-05-13,189690,,1.39,-0.0,-0.0,0.0
2026-05-14,189690,,1.39,-0.1,0.0,0.1
2026-05-15,189690,,1.38,-0.0,0.0,0.0
2026-05-18,189690,,1.37,0.0,0.0,-0.1
2026-05-19,189690,,1.38,0.0,0.0,-0.0
2026-05-20,189690,,1.38,0.4,0.0,-0.4
2026-05-21,189690,,1.5,-0.3,-0.0,0.3
2026-05-22,189690,,1.42,0.2,0.0,-0.2
2026-05-26,189690,,1.45,-0.2,-0.0,0.3
2026-05-27,189690,,1.41,-0.1,-0.0,0.1
2026-05-28,189690,,1.42,-0.1,-0.0,0.1
2026-05-29,189690,1913.0,1.39,-0.1,0.1,0.0
2026-06-01,189690,,1.37,-0.2,-0.0,0.2
2026-06-02,189690,,1.32,-0.4,0.0,0.4
2026-06-04,189690,,1.24,0.1,-0.0,-0.1
2026-06-05,189690,,1.28,-0.2,,0.2
2026-06-08,189690,,1.24,0.1,0.0,-0.1
2026-06-09,189690,,1.26,0.1,-0.0,-0.1
2026-06-10,189690,,1.31,0.0,0.0,-0.0
2026-06-11,189690,,1.31,0.1,-0.0,-0.2
2026-06-12,189690,,1.34,0.1,0.0,-0.1
2026-06-15,189690,,1.35,-0.1,0.0,0.2
2026-06-16,189690,,1.32,0.0,0.0,-0.0
2026-06-17,189690,,1.32,-0.1,-0.0,0.1
2026-06-18,189690,,1.31,-0.1,0.0,0.2
2026-06-19,189690,,1.29,-0.3,-0.0,0.3
2026-06-22,189690,,1.23,0.1,-0.0,-0.1
2026-06-23,189690,,1.28,-0.1,0.0,0.1
2026-06-24,189690,,1.23,0.0,0.0,-0.0
2026-06-25,189690,,1.23,0.1,-0.0,-0.1
2026-06-26,189690,,1.27,-0.6,0.0,0.6
2026-06-29,189690,,1.15,-0.2,-0.0,0.2
2026-06-30,189690,1744.0,1.12,-0.1,0.0,0.1
2026-07-01,189690,,1.1,0.1,0.1,-0.1
2026-07-02,189690,,1.11,-0.0,-0.0,0.0
2026-07-03,189690,,1.11,-0.0,-0.0,-0.0
2026-07-06,189690,,1.16,0.0,-0.0,-0.0
2026-07-07,189690,,1.13,0.4,0.0,-0.4
2026-07-08,189690,,1.23,0.0,0.0,-0.1
2026-07-09,189690,,1.24,0.7,-0.0,-0.6
2026-07-10,189690,,1.39,-0.0,-0.0,0.0
2026-07-13,189690,1648.0,1.38,0.4,0.0,-0.4
2025-07-14,189860,,4.46,-0.4,0.0,0.4
2025-07-15,189860,,4.33,0.1,0.0,-0.1
2025-07-16,189860,,4.35,-0.2,-0.0,0.2
2025-07-17,189860,,4.3,-0.0,0.0,0.0
2025-07-18,189860,,4.3,-0.0,0.0,0.0
2025-07-21,189860,,4.37,0.3,0.0,-0.3
2025-07-22,189860,,4.44,0.2,0.0,-0.2
2025-07-23,189860,,4.49,0.2,-0.0,-0.2
2025-07-24,189860,,4.55,-0.2,0.0,0.2
2025-07-25,189860,,4.5,-0.6,0.0,0.6
2025-07-28,189860,,4.35,0.0,0.0,-0.0
2025-07-29,189860,,4.36,-0.0,-0.0,0.0
2025-07-30,189860,,4.34,0.1,0.0,-0.1
2025-07-31,189860,,4.38,-0.0,0.0,0.0
2025-08-01,189860,,4.36,0.6,0.0,-0.7
2025-08-04,189860,,4.54,0.3,0.0,-0.3
2025-08-05,189860,,4.62,-0.0,0.0,0.0
2025-08-06,189860,,4.58,0.1,0.0,-0.1
2025-08-07,189860,,4.61,0.1,0.0,-0.1
2025-08-08,189860,,4.63,0.1,0.0,-0.3
2025-08-11,189860,,4.65,0.2,0.0,-0.2
2025-08-12,189860,,4.72,-0.2,0.0,0.2
2025-08-13,189860,,4.66,0.0,0.0,-0.0
2025-08-14,189860,,4.66,-0.1,0.0,0.1
2025-08-18,189860,,4.64,-0.0,0.0,0.0
2025-08-19,189860,,4.64,-0.3,0.0,0.3
2025-08-20,189860,,4.55,0.1,0.0,-0.1
2025-08-21,189860,,4.59,0.1,0.0,-0.1
2025-08-22,189860,,4.6,0.1,0.0,-0.1
2025-08-25,189860,,4.62,0.1,0.0,-0.1
2025-08-26,189860,,4.69,0.1,0.0,-0.1
2025-08-27,189860,,4.73,-0.1,0.0,0.1
2025-08-28,189860,,4.71,-0.1,0.0,0.1
2025-08-29,189860,3300.0,4.68,-0.3,0.0,0.3
2025-09-01,189860,,4.63,0.0,0.0,0.0
2025-09-02,189860,,4.58,-0.1,0.0,0.1
2025-09-03,189860,,4.47,0.0,0.0,-0.0
2025-09-04,189860,,4.47,0.1,0.0,-0.1
2025-09-05,189860,,4.48,0.1,0.0,-0.1
2025-09-08,189860,,4.51,0.2,0.0,-0.2
2025-09-09,189860,,4.56,0.1,0.0,-0.1
2025-09-10,189860,,4.6,0.1,0.0,-0.2
2025-09-11,189860,,4.61,0.1,0.0,-0.0
2025-09-12,189860,,4.63,-0.1,0.0,0.1
2025-09-15,189860,,4.21,-0.3,0.0,0.3
2025-09-16,189860,,4.12,-0.0,0.0,0.0
2025-09-17,189860,,4.1,-0.0,0.0,0.0
2025-09-18,189860,,4.09,-0.0,0.0,0.0
2025-09-19,189860,,4.09,-0.0,0.0,0.0
2025-09-22,189860,,4.07,-0.1,0.0,0.1
2025-09-23,189860,,4.04,-0.0,0.0,0.0
2025-09-24,189860,,4.03,0.0,0.0,-0.0
2025-09-25,189860,,4.04,0.0,0.0,-0.0
2025-09-26,189860,,4.06,-0.4,-0.0,0.3
2025-09-29,189860,,3.93,0.2,0.0,-0.2
2025-09-30,189860,3000.0,3.99,-0.1,0.0,0.1
2025-10-01,189860,,3.95,-0.0,0.0,0.0
2025-10-02,189860,,3.93,0.0,0.0,-0.0
2025-10-10,189860,,3.94,-0.0,-0.0,0.0
2025-10-13,189860,,3.94,0.2,0.0,-0.2
2025-10-14,189860,,4.0,-0.1,-0.0,0.0
2025-10-15,189860,,3.98,0.5,-0.0,-0.5
2025-10-16,189860,,4.15,-0.4,0.0,0.4
2025-10-17,189860,,4.02,-0.2,0.0,0.2
2025-10-20,189860,,3.97,0.2,0.0,-0.2
2025-10-21,189860,,4.03,0.1,0.0,-0.1
2025-10-22,189860,,4.07,-0.2,0.0,0.2
2025-10-23,189860,,4.02,-0.2,0.0,0.2
2025-10-24,189860,,3.96,0.4,0.0,-0.4
2025-10-27,189860,,4.1,-0.3,-0.0,0.3
2025-10-28,189860,,3.99,0.3,0.0,-0.3
2025-10-29,189860,,4.09,-0.2,0.0,0.1
2025-10-30,189860,,4.04,-0.1,0.0,0.1
2025-10-31,189860,3135.0,4.01,-0.0,-0.0,0.0
2025-11-03,189860,,4.0,0.8,-0.0,-0.9
2025-11-04,189860,,4.27,-0.3,-0.0,0.3
2025-11-05,189860,,4.19,-0.5,0.0,0.5
2025-11-06,189860,,4.01,0.0,-0.0,-0.0
2025-11-07,189860,,4.01,2.0,-2.4,0.3
2025-11-10,189860,,4.7,0.1,0.0,-0.1
2025-11-11,189860,,4.7,-0.3,0.0,0.3
2025-11-12,189860,,4.61,0.1,0.0,-0.1
2025-11-13,189860,,4.66,-0.0,0.0,0.0
2025-11-14,189860,,4.66,-0.1,0.0,0.1
2025-11-17,189860,,4.64,0.3,-0.0,-0.3
2025-11-18,189860,,4.74,-0.1,-0.0,0.1
2025-11-19,189860,,4.84,-0.0,0.0,0.0
2025-11-20,189860,,4.83,-0.0,0.0,0.0
2025-11-21,189860,,4.82,-0.2,-0.0,0.2
2025-11-24,189860,,4.75,-0.1,0.0,0.1
2025-11-25,189860,,4.72,-0.1,-0.0,0.1
2025-11-26,189860,,4.68,0.0,0.0,-0.0
2025-11-27,189860,,4.68,-0.0,0.0,0.0
2025-11-28,189860,3230.0,4.68,0.1,-0.0,-0.1
2025-12-01,189860,,4.7,-0.1,0.0,0.1
2025-12-02,189860,,4.68,-0.0,0.0,0.0
2025-12-03,189860,,4.67,0.0,0.0,-0.0
2025-12-04,189860,,4.68,-0.1,-0.0,0.1
2025-12-05,189860,,4.66,0.0,0.0,-0.0
2025-12-08,189860,,4.66,-0.0,0.0,0.1
2025-12-09,189860,,4.66,-0.0,-0.0,0.0
2025-12-10,189860,,4.65,-0.1,0.0,0.1
2025-12-11,189860,,4.61,-0.0,-0.0,0.0
2025-12-12,189860,,4.6,-0.0,0.0,0.0
2025-12-15,189860,,4.58,-0.0,0.0,0.0
2025-12-16,189860,,4.57,-0.1,0.0,0.1
2025-12-17,189860,,4.54,-0.1,0.0,0.1
2025-12-18,189860,,4.5,-0.2,0.0,0.2
2025-12-19,189860,,4.45,-0.1,-0.0,0.1
2025-12-22,189860,,4.42,-0.1,0.0,0.1
2025-12-23,189860,,4.38,-0.0,0.0,0.0
2025-12-24,189860,,4.37,-0.1,,0.1
2025-12-26,189860,,4.33,-0.1,0.0,0.1
2025-12-29,189860,,4.3,0.0,0.0,-0.0
2025-12-30,189860,3095.0,4.3,-0.0,0.0,0.0
2026-01-02,189860,,4.3,0.0,-0.0,0.0
2026-01-05,189860,,4.3,0.0,0.0,-0.0
2026-01-06,189860,,4.31,0.2,0.0,-0.2
2026-01-07,189860,,4.4,-0.0,0.1,-0.0
2026-01-08,189860,,4.39,0.2,0.1,-0.2
2026-01-09,189860,,4.44,-0.0,0.2,-0.1
2026-01-12,189860,,4.44,0.5,0.2,-0.8
2026-01-13,189860,,4.6,-0.8,0.2,0.6
2026-01-14,189860,,4.37,0.3,,1.1
2026-01-15,189860,,4.45,-2.8,0.2,2.5
2026-01-16,189860,,3.7,-0.8,0.2,1.1
2026-01-19,189860,,3.46,-1.0,0.0,1.3
2026-01-20,189860,,3.21,0.9,-0.0,1.0
2026-01-21,189860,,3.44,-1.2,0.0,1.1
2026-01-22,189860,,3.18,0.2,-0.0,-0.1
2026-01-23,189860,,3.26,-0.6,0.1,0.6
2026-01-26,189860,,3.12,-0.2,0.0,0.2
2026-01-27,189860,,3.06,-1.1,-0.0,1.3
2026-01-28,189860,,2.93,-0.6,0.0,0.6
2026-01-29,189860,,2.7,1.3,0.1,-1.5
2026-01-30,189860,4250.0,2.95,-0.4,0.0,0.3
2026-02-02,189860,,2.93,0.1,0.0,-0.1
2026-02-03,189860,,3.06,0.7,-0.0,-0.7
2026-02-04,189860,,3.25,-0.9,0.0,0.9
2026-02-05,189860,,3.06,0.8,-0.0,-0.8
2026-02-06,189860,,3.26,-0.4,0.0,0.4
2026-02-09,189860,,3.18,-0.1,0.0,0.1
2026-02-10,189860,,3.19,0.4,0.0,-0.4
2026-02-11,189860,,3.28,4.3,0.0,-4.6
2026-02-12,189860,,4.29,0.1,-0.0,0.2
2026-02-13,189860,,4.31,-1.4,-0.0,1.4
2026-02-19,189860,,3.98,-0.1,-0.0,0.1
2026-02-20,189860,,3.95,1.0,-0.0,-1.1
2026-02-23,189860,,4.2,-0.0,0.0,-0.1
2026-02-24,189860,,4.19,-4.4,-0.0,4.4
2026-02-25,189860,,3.23,2.3,0.0,-2.2
2026-02-26,189860,,3.74,0.7,0.0,-0.6
2026-02-27,189860,4600.0,3.91,-0.4,0.0,0.4
2026-03-03,189860,,3.82,0.7,0.0,-0.7
2026-03-04,189860,,4.06,1.4,-0.0,-1.3
2026-03-05,189860,,4.45,1.4,-0.0,-1.4
2026-03-06,189860,,4.63,1.7,-0.0,-1.7
2026-03-09,189860,,5.13,0.1,-0.1,-0.0
2026-03-10,189860,,5.24,-0.7,0.0,0.6
2026-03-11,189860,,5.08,0.3,-0.0,-0.3
2026-03-12,189860,,5.16,0.3,0.0,-0.4
2026-03-13,189860,,5.24,1.0,,-1.0
2026-03-16,189860,,5.46,-0.6,0.1,0.6
2026-03-17,189860,,5.33,0.9,0.0,-0.8
2026-03-18,189860,,5.51,-1.2,-0.0,0.8
2026-03-19,189860,,5.12,-0.8,0.0,0.8
2026-03-20,189860,,4.95,0.2,-0.1,-1.5
2026-03-23,189860,,4.99,-19.3,0.0,18.4
2026-03-24,189860,,2.42,2.5,-0.0,-2.4
2026-03-25,189860,,2.71,0.0,0.0,-0.1
2026-03-26,189860,,2.72,0.6,0.1,-0.6
2026-03-27,189860,,2.73,1.4,0.1,-1.5
2026-03-30,189860,,3.0,3.9,0.1,-4.1
2026-03-31,189860,5560.0,3.71,3.5,0.3,-3.8
2026-04-01,189860,,4.36,-2.4,-0.5,4.1
2026-04-02,189860,,3.87,3.3,0.4,-3.0
2026-04-03,189860,,4.53,0.7,0.0,-0.5
2026-04-06,189860,,4.72,-0.0,-0.1,0.1
2026-04-07,189860,,4.72,1.0,-0.0,-1.0
2026-04-08,189860,,4.88,0.4,0.0,-0.5
2026-04-09,189860,,4.95,-0.5,0.0,0.5
2026-04-10,189860,,4.85,0.0,-0.2,-0.0
2026-04-13,189860,,4.86,-1.0,-0.2,1.3
2026-04-14,189860,,4.67,0.4,-0.1,-0.8
2026-04-15,189860,,4.72,-2.2,-0.2,2.4
2026-04-16,189860,,4.38,-1.0,-0.2,1.6
2026-04-17,189860,,4.22,-0.2,-0.3,0.5
2026-04-20,189860,,4.18,0.9,-0.1,-0.8
2026-04-21,189860,,4.35,2.0,-0.1,-2.0
2026-04-22,189860,,4.72,-0.1,-0.2,0.3
2026-04-23,189860,,4.7,-5.6,-0.2,6.0
2026-04-24,189860,,3.93,2.0,-0.1,-2.0
2026-04-27,189860,,4.47,-9.3,-0.2,9.5
2026-04-28,189860,,3.05,-2.1,-0.1,2.2
2026-04-29,189860,,2.76,-3.4,-0.3,3.8
2026-04-30,189860,6850.0,2.28,-1.5,-0.1,1.6
2026-05-04,189860,,2.08,18.5,0.1,-18.1
2026-05-06,189860,,4.37,-23.4,1.7,22.1
2026-05-07,189860,,2.38,-0.2,0.2,-0.1
2026-05-08,189860,,2.34,-4.0,-0.0,4.2
2026-05-11,189860,,1.97,1.8,0.0,-1.8
2026-05-12,189860,,2.15,2.8,0.2,-3.8
2026-05-13,189860,,2.32,5.4,-0.0,-5.8
2026-05-14,189860,,3.0,0.8,0.0,-1.5
2026-05-15,189860,,3.12,4.1,0.4,-4.6
2026-05-18,189860,,3.67,3.1,-0.3,-2.8
2026-05-19,189860,,4.13,2.4,0.0,-2.4
2026-05-20,189860,,4.48,3.2,0.0,-3.1
2026-05-21,189860,,4.96,-1.7,-0.3,1.9
2026-05-22,189860,,4.71,-3.6,-0.0,3.6
2026-05-26,189860,,4.25,-0.9,0.0,1.1
2026-05-27,189860,,4.23,1.5,0.0,-2.4
2026-05-28,189860,,4.47,3.8,-0.0,-3.8
2026-05-29,189860,5750.0,5.1,0.7,-0.0,-0.8
2026-06-01,189860,,5.23,0.7,-0.0,-0.7
2026-06-02,189860,,5.36,1.9,0.0,-2.1
2026-06-04,189860,,5.73,-0.2,-0.0,0.3
2026-06-05,189860,,5.69,1.4,-0.0,-1.7
2026-06-08,189860,,6.01,1.1,-0.0,-1.1
2026-06-09,189860,,6.25,-0.3,-0.0,0.3
2026-06-10,189860,,5.87,-0.0,-0.0,0.1
2026-06-11,189860,,5.99,0.3,-0.0,-0.3
2026-06-12,189860,,6.13,-1.8,-0.0,1.8
2026-06-15,189860,,5.77,-0.9,-0.0,0.9
2026-06-16,189860,,5.6,-1.3,0.0,1.4
2026-06-17,189860,,5.39,-0.3,-0.0,0.3
2026-06-18,189860,,5.39,0.5,0.1,-0.4
2026-06-19,189860,,5.47,-15.1,-0.1,15.1
2026-06-22,189860,,2.79,1.5,0.0,-1.4
2026-06-23,189860,,3.14,0.5,-0.0,-0.5
2026-06-24,189860,,3.26,1.1,-0.0,-1.1
2026-06-25,189860,,3.54,0.9,0.0,-0.9
2026-06-26,189860,,3.76,0.6,-0.0,-0.6
2026-06-29,189860,,3.93,-0.0,-0.0,0.1
2026-06-30,189860,4075.0,3.92,-1.6,0.0,1.7
2026-07-01,189860,,3.53,-0.8,-0.0,0.8
2026-07-02,189860,,3.4,-1.5,0.0,1.6
2026-07-03,189860,,3.04,1.9,0.1,-2.0
2026-07-06,189860,,3.54,-1.5,0.0,1.5
2026-07-07,189860,,3.2,-1.3,-0.0,1.3
2026-07-08,189860,,2.92,0.5,0.0,-0.5
2026-07-09,189860,,3.05,-0.2,0.0,0.2
2026-07-10,189860,,2.98,0.8,-0.0,-0.8
2026-07-13,189860,3955.0,3.2,-1.9,-0.0,1.8
2025-07-14,189980,,0.85,0.2,,-0.2
2025-07-15,189980,,0.86,0.1,,0.7
2025-07-16,189980,,0.87,-0.4,,0.4
2025-07-17,189980,,0.82,0.0,,-0.0
2025-07-18,189980,,0.83,-0.2,,0.2
2025-07-21,189980,,0.8,-0.2,,0.2
2025-07-22,189980,,0.78,-0.6,,0.6
2025-07-23,189980,,0.7,0.8,,-0.8
2025-07-24,189980,,0.8,-0.5,-0.0,0.5
2025-07-25,189980,,0.74,0.1,,-0.1
2025-07-28,189980,,0.76,0.1,,-0.1
2025-07-29,189980,,0.78,-0.1,,0.1
2025-07-30,189980,,0.76,0.4,,-0.3
2025-07-31,189980,,0.81,-0.1,,0.1
2025-08-01,189980,,0.79,-0.5,,0.5
2025-08-04,189980,,0.72,0.4,,-0.4
2025-08-05,189980,,0.78,-0.1,,0.0
2025-08-06,189980,,0.77,0.2,,-0.1
2025-08-07,189980,,0.78,0.0,,-0.0
2025-08-08,189980,,0.79,-0.0,,0.0
2025-08-11,189980,,0.78,-0.3,,0.3
2025-08-12,189980,,0.73,-0.0,,0.0
2025-08-13,189980,,0.73,-0.1,,0.1
2025-08-14,189980,,0.71,-0.0,,0.0
2025-08-18,189980,,0.71,-0.3,,0.3
2025-08-19,189980,,0.66,-0.0,,0.0
2025-08-20,189980,,0.66,0.1,,-0.1
2025-08-21,189980,,0.67,0.4,,-0.4
2025-08-22,189980,,0.73,-0.1,,0.1
2025-08-25,189980,,0.71,-0.0,,0.1
2025-08-26,189980,,0.72,-0.1,,0.1
2025-08-27,189980,,0.71,-0.1,,0.1
2025-08-28,189980,,0.69,-0.0,,0.0
2025-08-29,189980,1693.0,0.69,-0.1,,0.1
2025-09-01,189980,,0.68,-0.2,,0.2
2025-09-02,189980,,0.63,0.0,,-0.0
2025-09-03,189980,,0.64,-0.1,,0.1
2025-09-04,189980,,0.63,0.0,,-0.0
2025-09-05,189980,,0.63,0.1,,-0.1
2025-09-08,189980,,0.64,0.2,0.0,-0.2
2025-09-09,189980,,0.66,0.0,,-0.0
2025-09-10,189980,,0.66,0.1,,-0.1
2025-09-11,189980,,0.68,-0.7,0.1,0.3
2025-09-12,189980,,0.59,0.8,,-0.7
2025-09-15,189980,,0.7,0.1,,-0.1
2025-09-16,189980,,0.72,-0.1,,0.1
2025-09-17,189980,,0.7,-0.1,,0.1
2025-09-18,189980,,0.69,0.1,,-0.1
2025-09-19,189980,,0.69,-0.8,,1.0
2025-09-22,189980,,0.59,-0.6,-0.3,0.9
2025-09-23,189980,,0.5,-0.1,,0.1
2025-09-24,189980,,0.49,0.0,,-0.0
2025-09-25,189980,,0.49,0.0,,-0.0
2025-09-26,189980,,0.49,0.6,,-0.6
2025-09-29,189980,,0.57,-0.4,,0.4
2025-09-30,189980,1732.0,0.51,-0.0,,0.0
2025-10-01,189980,,0.5,0.2,,-0.2
2025-10-02,189980,,0.53,-0.1,,0.1
2025-10-10,189980,,0.52,0.0,,-0.0
2025-10-13,189980,,0.52,-0.2,,0.3
2025-10-14,189980,,0.48,-0.0,,-0.0
2025-10-15,189980,,0.48,0.3,,-0.2
2025-10-16,189980,,0.52,-0.1,,0.1
2025-10-17,189980,,0.51,-0.2,,0.0
2025-10-20,189980,,0.48,0.0,,-0.0
2025-10-21,189980,,0.48,-0.1,,0.1
2025-10-22,189980,,0.47,0.1,0.0,-0.1
2025-10-23,189980,,0.48,0.0,,-0.0
2025-10-24,189980,,0.48,-0.0,,0.0
2025-10-27,189980,,0.48,-0.1,,0.1
2025-10-28,189980,,0.47,-0.1,,-0.1
2025-10-29,189980,,0.45,-0.1,,0.1
2025-10-30,189980,,0.43,-0.1,,0.0
2025-10-31,189980,1662.0,0.42,-0.1,,0.1
2025-11-03,189980,,0.41,-1.0,0.0,0.8
2025-11-04,189980,,0.26,-0.0,,0.0
2025-11-05,189980,,0.26,0.0,,-0.0
2025-11-06,189980,,0.26,0.1,,-0.1
2025-11-07,189980,,0.28,1.0,-1.0,-0.0
2025-11-10,189980,,0.43,0.0,,-0.0
2025-11-11,189980,,0.44,0.1,,-0.3
2025-11-12,189980,,0.45,0.2,,-0.1
2025-11-13,189980,,0.49,-0.0,,0.0
2025-11-14,189980,,0.49,-0.0,,0.0
2025-11-17,189980,,0.48,-0.0,,0.0
2025-11-18,189980,,0.48,-0.1,,0.1
2025-11-19,189980,,0.8,-0.0,,0.0
2025-11-20,189980,,0.92,0.1,,-0.1
2025-11-21,189980,,0.93,0.0,,-0.1
2025-11-24,189980,,0.94,0.0,,-0.1
2025-11-25,189980,,0.94,-0.1,,0.1
2025-11-26,189980,,0.93,0.0,,-0.0
2025-11-27,189980,,0.94,0.4,,-0.7
2025-11-28,189980,1614.0,1.01,0.1,,-0.2
2025-12-01,189980,,1.03,1.1,,-1.2
2025-12-02,189980,,1.23,0.1,,-0.1
2025-12-03,189980,,1.24,0.2,,-0.2
2025-12-04,189980,,1.27,0.0,,-0.1
2025-12-05,189980,,1.27,0.5,,-0.5
2025-12-08,189980,,1.35,-0.1,,0.1
2025-12-09,189980,,1.34,-0.1,,0.0
2025-12-10,189980,,1.33,-0.1,,0.1
2025-12-11,189980,,1.32,0.2,,-0.1
2025-12-12,189980,,1.35,0.1,,-0.1
2025-12-15,189980,,1.36,0.1,,-0.1
2025-12-16,189980,,1.38,0.4,,-0.4
2025-12-17,189980,,1.81,0.2,,-0.2
2025-12-18,189980,,1.82,0.0,,-0.0
2025-12-19,189980,,1.82,0.1,0.0,-0.1
2025-12-22,189980,,1.83,0.1,,-0.1
2025-12-23,189980,,1.84,-0.2,,0.2
2025-12-24,189980,,1.49,-0.0,,0.0
2025-12-26,189980,,1.46,-0.1,,0.1
2025-12-29,189980,,0.96,-0.4,,0.4
2025-12-30,189980,1610.0,0.91,-0.2,,0.2
2026-01-02,189980,,0.88,-0.1,,0.1
2026-01-05,189980,,0.86,-0.4,,0.2
2026-01-06,189980,,0.81,-0.3,,0.2
2026-01-07,189980,,0.81,-0.5,,0.3
2026-01-08,189980,,0.73,-0.3,-0.1,0.5
2026-01-09,189980,,0.68,0.0,0.0,-0.0
2026-01-12,189980,,0.68,0.3,,-0.3
2026-01-13,189980,,0.72,-0.0,,0.0
2026-01-14,189980,,1.02,0.0,,-0.0
2026-01-15,189980,,1.03,-0.0,,0.0
2026-01-16,189980,,1.03,-0.2,,0.1
2026-01-19,189980,,1.0,0.2,-0.1,-0.2
2026-01-20,189980,,1.03,0.1,,-0.1
2026-01-21,189980,,1.05,-0.1,,0.1
2026-01-22,189980,,1.03,0.1,,-0.0
2026-01-23,189980,,1.04,0.1,,-0.2
2026-01-26,189980,,1.06,0.2,,-0.2
2026-01-27,189980,,1.09,-0.1,,0.1
2026-01-28,189980,,1.08,-0.2,,0.2
2026-01-29,189980,,1.05,-1.0,-0.4,-3.4
2026-01-30,189980,2175.0,0.92,2.6,-0.0,4.7
2026-02-02,189980,,1.35,-7.6,,7.5
2026-02-03,189980,,0.88,1.7,,-1.7
2026-02-04,189980,,1.21,1.7,,-1.8
2026-02-05,189980,,1.41,-3.2,,3.2
2026-02-06,189980,,1.03,2.2,,-2.2
2026-02-09,189980,,1.3,-0.3,,0.2
2026-02-10,189980,,1.26,1.1,,-1.1
2026-02-11,189980,,1.4,-1.9,,1.8
2026-02-12,189980,,1.16,-0.8,,0.9
2026-02-13,189980,,1.05,0.1,,-0.0
2026-02-19,189980,,1.06,1.5,,-1.5
2026-02-20,189980,,1.28,1.3,,-1.4
2026-02-23,189980,,1.46,-0.3,,0.4
2026-02-24,189980,,1.41,0.3,,-0.2
2026-02-25,189980,,1.45,20.5,2.5,2.7
2026-02-26,189980,,4.33,-1.6,-0.1,1.7
2026-02-27,189980,1758.0,4.11,0.3,-0.0,-0.3
2026-03-03,189980,,4.15,1.0,0.0,-1.0
2026-03-04,189980,,4.3,1.4,0.0,-2.0
2026-03-05,189980,,4.56,0.8,-0.1,-0.8
2026-03-06,189980,,4.68,0.2,-0.0,-0.2
2026-03-09,189980,,4.7,0.6,-0.7,0.1
2026-03-10,189980,,4.8,-0.1,-0.0,0.1
2026-03-11,189980,,4.78,0.1,-0.1,-0.0
2026-03-12,189980,,4.79,0.0,-0.0,-0.0
2026-03-13,189980,,4.79,-0.1,-0.0,0.1
2026-03-16,189980,,4.78,-0.1,-0.0,0.1
2026-03-17,189980,,4.77,0.1,-0.0,-0.1
2026-03-18,189980,,4.78,-0.3,-0.0,0.3
2026-03-19,189980,,4.73,-0.5,-0.0,0.5
2026-03-20,189980,,4.66,0.7,-0.0,-0.7
2026-03-23,189980,,4.76,-0.4,,0.4
2026-03-24,189980,,4.7,1.1,,-1.1
2026-03-25,189980,,4.87,-0.1,-0.0,0.1
2026-03-26,189980,,4.86,-0.4,,0.4
2026-03-27,189980,,4.8,-0.1,,0.1
2026-03-30,189980,,4.79,0.5,,-0.5
2026-03-31,189980,1584.0,4.86,-0.3,-0.0,0.1
2026-04-01,189980,,4.82,0.5,,-0.6
2026-04-02,189980,,4.85,-4.8,-1.7,6.4
2026-04-03,189980,,4.07,0.4,,-0.4
2026-04-06,189980,,4.13,0.5,,-0.5
2026-04-07,189980,,4.43,0.1,,-0.1
2026-04-08,189980,,4.13,-0.5,,0.5
2026-04-09,189980,,4.06,0.0,,0.0
2026-04-10,189980,,3.95,0.4,,-0.4
2026-04-13,189980,,4.01,0.3,,-0.3
2026-04-14,189980,,4.06,0.3,,-0.3
2026-04-15,189980,,4.11,1.3,,-1.4
2026-04-16,189980,,4.32,1.2,,-1.2
2026-04-17,189980,,4.51,-0.6,,0.6
2026-04-20,189980,,4.42,0.6,,-0.8
2026-04-21,189980,,4.51,-1.4,,1.6
2026-04-22,189980,,4.29,-0.6,,0.6
2026-04-23,189980,,4.2,-0.3,,0.3
2026-04-24,189980,,4.15,0.1,,-0.1
2026-04-27,189980,,4.16,-0.4,,0.3
2026-04-28,189980,,4.1,0.2,,-0.2
2026-04-29,189980,,4.12,0.2,0.0,-0.2
2026-04-30,189980,1638.0,4.15,0.0,0.0,-0.0
2026-05-04,189980,,4.15,-1.1,-0.0,1.1
2026-05-06,189980,,3.99,-2.4,0.0,2.4
2026-05-07,189980,,3.6,-0.1,0.0,0.1
2026-05-08,189980,,3.58,-0.6,0.0,0.6
2026-05-11,189980,,3.49,-0.8,0.0,0.7
2026-05-12,189980,,3.35,-0.7,-0.0,0.6
2026-05-13,189980,,3.23,-0.6,0.0,0.5
2026-05-14,189980,,3.13,0.1,0.0,-0.1
2026-05-15,189980,,3.15,-0.3,-0.0,0.3
2026-05-18,189980,,3.1,0.5,0.0,-0.6
2026-05-19,189980,,3.19,0.4,-0.0,-0.4
2026-05-20,189980,,3.26,-0.0,0.0,0.0
2026-05-21,189980,,3.29,-0.8,-0.0,0.7
2026-05-22,189980,,3.16,0.8,0.0,-0.9
2026-05-26,189980,,3.31,-0.9,-0.0,1.0
2026-05-27,189980,,3.14,-0.4,0.0,0.3
2026-05-28,189980,,3.06,0.2,0.0,-0.2
2026-05-29,189980,1242.0,3.1,-0.2,-0.0,0.2
2026-06-01,189980,,3.06,0.2,0.0,-0.2
2026-06-02,189980,,3.1,0.7,-0.0,-0.7
2026-06-04,189980,,3.25,-0.2,-0.0,0.2
2026-06-05,189980,,3.21,0.3,-0.0,-0.3
2026-06-08,189980,,3.26,-0.3,-0.0,0.1
2026-06-09,189980,,3.23,0.2,0.0,-0.2
2026-06-10,189980,,3.28,-0.0,0.0,0.0
2026-06-11,189980,,3.15,-0.0,-0.0,0.0
2026-06-12,189980,,3.14,-0.2,0.0,0.1
2026-06-15,189980,,3.11,-0.4,0.0,0.5
2026-06-16,189980,,3.02,0.2,-0.0,-0.2
2026-06-17,189980,,3.07,0.4,-0.3,-0.0
2026-06-18,189980,,3.14,-0.2,-0.0,0.2
2026-06-19,189980,,3.1,-0.8,0.0,0.8
2026-06-22,189980,,2.93,-0.0,0.0,0.0
2026-06-23,189980,,2.92,-0.0,-0.0,0.0
2026-06-24,189980,,2.92,0.2,0.0,-0.2
2026-06-25,189980,,2.96,0.1,0.0,-0.1
2026-06-26,189980,,2.98,0.3,-0.0,-0.3
2026-06-29,189980,,3.06,0.2,-0.0,-0.2
2026-06-30,189980,1091.0,3.1,-0.1,0.0,0.1
2026-07-01,189980,,3.07,-0.0,-0.0,0.0
2026-07-02,189980,,3.07,-0.0,0.0,-0.0
2026-07-03,189980,,3.08,-0.0,-0.0,0.0
2026-07-06,189980,,3.08,0.0,-0.0,-0.1
2026-07-07,189980,,3.09,0.1,-0.0,-0.1
2026-07-08,189980,,3.1,0.1,-0.0,-0.1
2026-07-09,189980,,3.12,0.2,,-0.2
2026-07-10,189980,,3.17,0.3,,-0.3
2026-07-13,189980,1117.0,3.24,-0.1,0.0,0.1
