날짜,코드,종가,외인지분율,외인_억,기관_억,개인_억
2025-07-14,120030,,0.9,-0.3,-0.0,0.3
2025-07-15,120030,,0.87,-0.8,0.0,0.7
2025-07-16,120030,,0.81,-0.4,0.0,0.4
2025-07-17,120030,,0.79,0.6,0.0,-0.6
2025-07-18,120030,,0.83,-0.3,0.0,0.3
2025-07-21,120030,,0.81,0.3,-0.0,-0.3
2025-07-22,120030,,0.83,-0.2,-0.0,0.2
2025-07-23,120030,,0.82,-0.2,-0.0,0.2
2025-07-24,120030,,0.8,-0.2,-0.0,0.2
2025-07-25,120030,,0.78,-0.4,0.0,0.4
2025-07-28,120030,,0.75,-0.6,0.0,0.6
2025-07-29,120030,,0.7,-0.0,-0.0,0.0
2025-07-30,120030,,0.7,0.0,-0.0,-0.0
2025-07-31,120030,,0.7,0.8,-0.0,-0.8
2025-08-01,120030,,0.77,-0.9,0.0,0.8
2025-08-04,120030,,0.71,0.4,-0.0,-0.4
2025-08-05,120030,,0.74,-0.1,0.0,0.1
2025-08-06,120030,,0.73,0.1,-0.0,-0.1
2025-08-07,120030,,0.83,-0.0,-0.0,0.1
2025-08-08,120030,,0.83,0.4,0.2,-0.6
2025-08-11,120030,,0.86,-0.7,0.1,0.6
2025-08-12,120030,,0.81,0.7,0.1,-0.8
2025-08-13,120030,,0.86,0.2,0.1,-0.2
2025-08-14,120030,,0.87,-0.3,0.0,0.3
2025-08-18,120030,,0.85,-0.5,0.1,0.5
2025-08-19,120030,,0.81,-0.2,0.1,0.1
2025-08-20,120030,,0.79,-0.2,0.0,0.2
2025-08-21,120030,,0.77,-0.0,0.2,-0.1
2025-08-22,120030,,0.77,-0.1,0.1,-0.1
2025-08-25,120030,,0.77,-0.2,0.0,0.1
2025-08-26,120030,,0.76,-0.0,0.0,0.0
2025-08-27,120030,,0.78,-0.1,0.0,0.1
2025-08-28,120030,,0.77,0.3,-0.0,-0.3
2025-08-29,120030,105500.0,0.8,0.9,-0.0,-0.8
2025-09-01,120030,,0.86,0.2,0.0,-0.2
2025-09-02,120030,,0.88,-0.9,-0.0,0.9
2025-09-03,120030,,0.81,-0.0,0.0,0.0
2025-09-04,120030,,0.81,0.4,-0.0,-0.3
2025-09-05,120030,,0.84,0.0,-0.0,-0.0
2025-09-08,120030,,0.84,0.1,-0.0,-0.1
2025-09-09,120030,,0.85,-4.5,-30.7,36.2
2025-09-10,120030,,0.59,0.5,0.3,-0.9
2025-09-11,120030,,0.62,-2.1,0.2,1.9
2025-09-12,120030,,0.5,1.1,0.1,-1.6
2025-09-15,120030,,0.58,2.4,0.7,-2.9
2025-09-16,120030,,0.74,-0.3,0.3,-0.2
2025-09-17,120030,,1.04,-4.6,-0.0,4.6
2025-09-18,120030,,0.72,2.8,0.0,-2.8
2025-09-19,120030,,0.92,-2.6,-1.0,3.6
2025-09-22,120030,,0.42,-1.9,-0.0,1.8
2025-09-23,120030,,0.28,-1.1,0.5,0.6
2025-09-24,120030,,0.2,0.2,-0.0,-0.2
2025-09-25,120030,,0.22,-0.2,0.0,0.2
2025-09-26,120030,,0.21,3.6,0.7,-4.3
2025-09-29,120030,,0.5,-0.6,-0.0,0.7
2025-09-30,120030,105400.0,0.46,0.4,-0.0,-0.4
2025-10-01,120030,,0.48,-0.5,-0.1,0.6
2025-10-02,120030,,0.44,-0.4,-0.0,0.4
2025-10-10,120030,,0.42,0.7,0.0,-0.8
2025-10-13,120030,,0.47,0.7,-0.0,-0.7
2025-10-14,120030,,0.53,1.2,-0.0,-1.1
2025-10-15,120030,,0.62,1.1,-0.0,-1.1
2025-10-16,120030,,0.7,-0.4,-0.0,0.4
2025-10-17,120030,,0.67,-0.5,-0.0,0.5
2025-10-20,120030,,0.63,0.6,0.0,-0.6
2025-10-21,120030,,0.68,0.5,-0.0,-0.4
2025-10-22,120030,,0.71,-0.4,0.0,0.4
2025-10-23,120030,,0.68,-0.0,0.0,0.0
2025-10-24,120030,,0.68,-0.4,-0.0,0.4
2025-10-27,120030,,0.65,-0.1,-0.0,0.1
2025-10-28,120030,,0.64,0.1,-1.1,1.0
2025-10-29,120030,,0.65,-0.4,-0.2,0.6
2025-10-30,120030,,0.62,-0.3,-0.0,0.4
2025-10-31,120030,99500.0,0.59,-0.2,-0.2,0.3
2025-11-03,120030,,0.58,-0.9,-0.3,1.0
2025-11-04,120030,,0.51,-0.1,0.0,0.0
2025-11-05,120030,,0.5,-1.1,-0.0,1.2
2025-11-06,120030,,0.41,0.8,0.2,-1.0
2025-11-07,120030,,0.47,0.2,0.2,-0.2
2025-11-10,120030,,0.49,1.3,0.2,-1.5
2025-11-11,120030,,0.6,-0.2,-0.2,0.4
2025-11-12,120030,,0.58,0.8,0.1,-0.9
2025-11-13,120030,,0.64,-0.1,0.2,-0.1
2025-11-14,120030,,0.63,-0.4,0.3,0.0
2025-11-17,120030,,0.6,-0.1,0.1,0.1
2025-11-18,120030,,0.59,0.3,0.2,-0.4
2025-11-19,120030,,0.61,-0.0,0.2,-0.2
2025-11-20,120030,,0.61,0.5,0.3,-0.8
2025-11-21,120030,,0.66,-0.2,0.2,-0.1
2025-11-24,120030,,0.64,-0.2,0.2,-0.0
2025-11-25,120030,,0.63,0.4,0.1,-0.5
2025-11-26,120030,,0.66,1.2,0.2,-1.4
2025-11-27,120030,,0.76,-0.0,0.2,-0.1
2025-11-28,120030,99000.0,0.75,0.3,0.2,-0.5
2025-12-01,120030,,0.77,-0.8,0.2,0.6
2025-12-02,120030,,0.71,0.3,0.2,-0.4
2025-12-03,120030,,0.73,-0.1,0.2,-0.0
2025-12-04,120030,,0.72,-0.2,0.3,-0.0
2025-12-05,120030,,0.7,0.3,0.1,-0.4
2025-12-08,120030,,0.72,0.2,0.2,-0.4
2025-12-09,120030,,0.74,0.1,0.2,-0.2
2025-12-10,120030,,0.74,0.3,0.2,-0.4
2025-12-11,120030,,0.77,0.8,0.2,-1.0
2025-12-12,120030,,0.83,0.2,-0.0,-0.2
2025-12-15,120030,,0.85,-0.5,0.4,0.1
2025-12-16,120030,,0.81,-0.8,0.1,0.8
2025-12-17,120030,,0.75,0.0,0.2,0.2
2025-12-18,120030,,0.75,0.2,0.2,-0.4
2025-12-19,120030,,0.77,0.7,0.2,-0.9
2025-12-22,120030,,0.82,-0.3,0.2,0.1
2025-12-23,120030,,0.8,-0.5,0.1,0.4
2025-12-24,120030,,0.76,0.2,0.1,-0.2
2025-12-26,120030,,0.77,-0.4,0.2,0.2
2025-12-29,120030,,0.73,0.7,-0.1,-0.6
2025-12-30,120030,96100.0,0.79,-0.1,0.0,0.1
2026-01-02,120030,,0.78,-0.2,0.2,-0.0
2026-01-05,120030,,0.77,-0.5,0.1,0.4
2026-01-06,120030,,0.72,-0.5,0.1,0.4
2026-01-07,120030,,0.68,-0.3,0.2,0.1
2026-01-08,120030,,0.65,-0.2,0.2,-0.0
2026-01-09,120030,,0.64,0.3,0.0,-0.3
2026-01-12,120030,,0.66,0.0,0.2,-0.2
2026-01-13,120030,,0.66,0.1,0.3,-0.1
2026-01-14,120030,,0.67,-0.3,0.9,-0.5
2026-01-15,120030,,0.64,-0.0,0.2,-0.3
2026-01-16,120030,,0.64,-0.2,0.3,-0.1
2026-01-19,120030,,0.62,1.2,0.2,-1.5
2026-01-20,120030,,0.72,0.3,0.2,-0.5
2026-01-21,120030,,0.74,-0.4,0.5,-0.2
2026-01-22,120030,,0.71,0.0,0.7,-0.8
2026-01-23,120030,,0.72,0.6,0.6,-1.1
2026-01-26,120030,,0.76,0.1,0.7,-0.7
2026-01-27,120030,,0.76,0.3,0.5,-0.8
2026-01-28,120030,,0.79,0.5,0.4,-0.8
2026-01-29,120030,,0.82,0.4,0.3,-0.7
2026-01-30,120030,100400.0,0.86,-0.2,1.1,-0.9
2026-02-02,120030,,0.84,-2.0,0.1,2.0
2026-02-03,120030,,0.68,-0.3,0.5,-0.2
2026-02-04,120030,,0.66,-0.2,0.4,-0.2
2026-02-05,120030,,0.64,-0.5,0.0,0.4
2026-02-06,120030,,0.6,-0.7,0.2,0.5
2026-02-09,120030,,0.55,-0.2,0.2,0.0
2026-02-10,120030,,0.54,0.1,0.4,-0.5
2026-02-11,120030,,0.55,0.0,0.8,-0.8
2026-02-12,120030,,0.55,0.1,0.2,-0.5
2026-02-13,120030,,0.55,-0.2,0.1,0.1
2026-02-19,120030,,0.54,-0.2,0.5,-0.3
2026-02-20,120030,,0.52,-0.4,0.9,-0.5
2026-02-23,120030,,0.49,2.1,0.0,-2.1
2026-02-24,120030,,0.64,-1.5,0.0,1.4
2026-02-25,120030,,0.53,-0.8,0.3,0.5
2026-02-26,120030,,0.49,-1.1,0.0,1.1
2026-02-27,120030,108400.0,0.41,-0.1,0.3,-0.1
2026-03-03,120030,,0.41,0.3,2.2,-2.5
2026-03-04,120030,,0.43,1.1,2.7,-3.8
2026-03-05,120030,,0.6,0.1,0.5,-1.0
2026-03-06,120030,,0.61,-0.3,0.0,0.2
2026-03-09,120030,,0.59,0.4,0.4,-0.3
2026-03-10,120030,,0.62,-0.3,0.6,-0.2
2026-03-11,120030,,0.59,-1.0,-0.0,1.1
2026-03-12,120030,,0.52,0.8,-0.0,-0.8
2026-03-13,120030,,0.58,0.1,0.0,-0.1
2026-03-16,120030,,0.57,-0.3,1.6,-1.3
2026-03-17,120030,,0.55,-0.3,0.2,0.1
2026-03-18,120030,,0.53,0.2,-0.2,-0.0
2026-03-19,120030,,0.55,0.2,-0.1,-0.0
2026-03-20,120030,,0.56,0.9,0.0,-1.0
2026-03-23,120030,,0.63,0.0,0.1,-0.2
2026-03-24,120030,,0.63,0.4,0.0,-0.6
2026-03-25,120030,,0.66,0.2,-0.0,-0.1
2026-03-26,120030,,0.67,0.0,-0.0,0.0
2026-03-27,120030,,0.67,0.1,0.1,-0.2
2026-03-30,120030,,0.68,-0.2,0.1,0.2
2026-03-31,120030,96400.0,0.66,-0.0,0.0,0.0
2026-04-01,120030,,0.66,0.3,-0.0,-0.3
2026-04-02,120030,,0.68,-0.2,0.1,0.1
2026-04-03,120030,,0.67,0.2,0.0,-0.2
2026-04-06,120030,,0.7,-0.1,-0.0,0.1
2026-04-07,120030,,0.69,-0.1,0.0,0.1
2026-04-08,120030,,0.68,-0.1,-0.0,0.1
2026-04-09,120030,,0.67,0.0,0.0,-0.1
2026-04-10,120030,,0.68,0.3,0.0,-0.3
2026-04-13,120030,,0.7,-0.0,0.0,0.0
2026-04-14,120030,,0.7,0.2,-0.0,-0.0
2026-04-15,120030,,0.72,-0.2,0.2,-0.0
2026-04-16,120030,,0.7,-0.0,0.2,-0.1
2026-04-17,120030,,0.7,-0.1,-0.0,0.1
2026-04-20,120030,,0.69,-0.1,-0.0,0.1
2026-04-21,120030,,0.68,-0.1,0.2,-0.1
2026-04-22,120030,,0.67,-0.2,0.5,-0.2
2026-04-23,120030,,0.65,0.3,0.2,-0.5
2026-04-24,120030,,0.67,-0.2,0.0,0.2
2026-04-27,120030,,0.66,-0.3,-0.0,0.3
2026-04-28,120030,,0.64,0.2,-0.0,-0.2
2026-04-29,120030,,0.65,-0.1,-0.0,0.1
2026-04-30,120030,101200.0,0.64,0.2,-0.0,-0.2
2026-05-04,120030,,0.65,-0.1,-0.2,0.3
2026-05-06,120030,,0.65,-0.5,0.0,0.5
2026-05-07,120030,,0.6,-0.6,0.0,0.5
2026-05-08,120030,,0.56,0.1,0.4,-0.4
2026-05-11,120030,,0.56,0.1,0.3,-0.3
2026-05-12,120030,,0.57,-0.2,0.1,0.1
2026-05-13,120030,,0.5,-0.4,0.5,-0.1
2026-05-14,120030,,0.46,0.2,-0.4,0.2
2026-05-15,120030,,0.48,-0.0,0.1,-0.1
2026-05-18,120030,,0.48,-0.1,0.2,-0.2
2026-05-19,120030,,0.48,0.1,-0.0,-0.1
2026-05-20,120030,,0.49,0.1,-0.0,-0.1
2026-05-21,120030,,0.49,-0.0,-0.0,0.1
2026-05-22,120030,,0.49,0.0,0.0,-0.1
2026-05-26,120030,,0.49,-0.6,-0.0,0.7
2026-05-27,120030,,0.44,-0.1,0.2,-0.1
2026-05-28,120030,,0.43,0.2,0.0,-0.3
2026-05-29,120030,90400.0,0.49,-0.2,0.0,0.2
2026-06-01,120030,,0.47,0.3,0.5,-0.8
2026-06-02,120030,,0.5,-0.3,0.0,0.3
2026-06-04,120030,,0.47,-0.1,-0.0,0.1
2026-06-05,120030,,0.46,-0.1,0.0,0.1
2026-06-08,120030,,0.45,-0.1,0.0,0.0
2026-06-09,120030,,0.44,0.1,0.1,-0.2
2026-06-10,120030,,0.45,-0.1,0.1,-0.1
2026-06-11,120030,,0.44,0.2,0.1,-0.3
2026-06-12,120030,,0.46,0.2,0.0,-0.2
2026-06-15,120030,,0.48,-0.4,0.6,-0.2
2026-06-16,120030,,0.45,0.1,0.5,-0.7
2026-06-17,120030,,0.46,0.2,0.3,-0.6
2026-06-18,120030,,0.48,-0.1,0.4,-0.3
2026-06-19,120030,,0.47,-0.1,-0.0,0.1
2026-06-22,120030,,0.46,-0.1,0.1,-0.1
2026-06-23,120030,,0.78,0.2,0.1,-0.3
2026-06-24,120030,,0.79,0.1,0.2,-0.3
2026-06-25,120030,,0.8,-0.0,0.0,-0.0
2026-06-26,120030,,0.8,-0.2,0.0,0.2
2026-06-29,120030,,0.78,0.1,0.1,-0.3
2026-06-30,120030,86900.0,0.8,0.0,-0.0,-0.0
2026-07-01,120030,,0.8,0.3,0.0,-0.3
2026-07-02,120030,,0.82,0.0,0.2,-0.2
2026-07-03,120030,,0.82,0.0,0.0,-0.0
2026-07-06,120030,,0.83,0.1,-0.0,-0.1
2026-07-07,120030,,0.84,0.2,0.0,-0.2
2026-07-08,120030,,0.86,0.0,0.0,-0.0
2026-07-09,120030,,0.86,0.0,-0.0,-0.0
2026-07-10,120030,,0.86,-0.1,-0.0,0.1
2026-07-13,120030,85800.0,0.85,-0.0,0.0,0.0
2025-07-14,120110,,11.97,-15.4,-4.1,19.5
2025-07-15,120110,,11.83,1.7,-2.2,-0.1
2025-07-16,120110,,11.85,-17.1,21.8,-5.6
2025-07-17,120110,,11.71,5.3,-8.7,3.2
2025-07-18,120110,,11.76,55.0,-6.9,-49.8
2025-07-21,120110,,12.29,-6.7,9.3,-3.0
2025-07-22,120110,,12.2,0.9,11.7,-11.8
2025-07-23,120110,,12.22,-12.4,13.3,-2.0
2025-07-24,120110,,12.0,8.5,-1.9,-6.8
2025-07-25,120110,,12.29,4.8,2.9,-5.7
2025-07-28,120110,,12.37,28.3,-7.7,-20.4
2025-07-29,120110,,12.63,41.3,-15.9,-24.8
2025-07-30,120110,,13.02,15.7,-13.4,-1.9
2025-07-31,120110,,13.14,3.7,-3.4,0.1
2025-08-01,120110,,13.16,31.2,-16.1,-14.5
2025-08-04,120110,,13.39,0.8,-0.6,-1.6
2025-08-05,120110,,13.4,2.4,-11.2,8.7
2025-08-06,120110,,13.41,16.2,-8.7,-6.1
2025-08-07,120110,,13.56,-25.1,-9.3,34.3
2025-08-08,120110,,13.29,-8.7,6.0,2.5
2025-08-11,120110,,13.2,-23.2,-36.7,55.5
2025-08-12,120110,,12.92,14.9,-13.7,-0.9
2025-08-13,120110,,13.07,20.4,-15.8,-4.6
2025-08-14,120110,,13.34,13.4,-16.6,3.7
2025-08-18,120110,,13.45,9.6,-16.0,6.7
2025-08-19,120110,,13.55,-1.5,-1.5,2.9
2025-08-20,120110,,13.53,-1.3,-8.3,7.5
2025-08-21,120110,,12.96,-4.7,-0.3,5.3
2025-08-22,120110,,12.92,-3.9,-1.9,5.9
2025-08-25,120110,,12.88,1.7,0.2,-2.7
2025-08-26,120110,,12.92,-2.6,0.0,2.8
2025-08-27,120110,,13.03,-5.8,-5.7,13.6
2025-08-28,120110,,12.98,-15.4,9.3,3.8
2025-08-29,120110,36750.0,12.87,-13.2,2.9,9.5
2025-09-01,120110,,12.7,-6.7,9.0,-2.2
2025-09-02,120110,,12.65,-4.3,4.6,-0.2
2025-09-03,120110,,12.61,-9.3,14.2,-4.7
2025-09-04,120110,,12.56,-7.2,7.2,-4.7
2025-09-05,120110,,12.51,-5.5,5.2,0.2
2025-09-08,120110,,12.46,0.6,-4.1,3.6
2025-09-09,120110,,12.47,-2.5,2.0,0.7
2025-09-10,120110,,12.43,-1.0,5.7,-6.7
2025-09-11,120110,,12.43,-10.9,13.6,-3.1
2025-09-12,120110,,12.32,-8.5,-0.5,9.4
2025-09-15,120110,,12.23,6.9,-2.9,-4.3
2025-09-16,120110,,12.29,-7.7,-2.3,10.0
2025-09-17,120110,,12.14,2.2,3.2,-3.5
2025-09-18,120110,,12.16,4.7,-1.1,-3.6
2025-09-19,120110,,12.2,7.1,-10.3,4.2
2025-09-22,120110,,12.27,12.5,-1.9,-9.6
2025-09-23,120110,,12.38,17.6,-16.3,-0.5
2025-09-24,120110,,12.55,4.5,-1.8,-2.6
2025-09-25,120110,,12.6,4.9,-9.6,4.3
2025-09-26,120110,,12.68,1.2,-4.1,2.4
2025-09-29,120110,,12.67,11.3,-11.7,0.0
2025-09-30,120110,34000.0,12.79,2.0,-3.3,1.0
2025-10-01,120110,,12.81,2.2,-2.2,0.6
2025-10-02,120110,,12.83,0.8,-1.0,-0.0
2025-10-10,120110,,12.78,2.1,-9.0,5.9
2025-10-13,120110,,12.78,4.2,-4.5,0.5
2025-10-14,120110,,12.82,2.0,-6.2,3.8
2025-10-15,120110,,12.84,-1.4,-2.3,3.4
2025-10-16,120110,,12.83,2.4,-0.7,-1.8
2025-10-17,120110,,12.85,12.3,-7.0,-5.2
2025-10-20,120110,,12.99,2.1,-2.3,-0.1
2025-10-21,120110,,13.04,4.4,-1.7,-2.2
2025-10-22,120110,,13.08,-0.9,17.4,-16.7
2025-10-23,120110,,13.07,-11.7,7.3,4.4
2025-10-24,120110,,12.95,-2.3,4.0,-2.5
2025-10-27,120110,,12.93,7.6,-11.1,3.0
2025-10-28,120110,,13.03,9.7,-4.6,-4.9
2025-10-29,120110,,13.12,7.2,-3.5,-3.4
2025-10-30,120110,,13.15,0.0,-4.7,4.3
2025-10-31,120110,35600.0,13.13,-8.5,-1.6,9.9
2025-11-03,120110,,13.04,13.1,-5.8,-8.4
2025-11-04,120110,,13.18,30.3,-2.3,-28.0
2025-11-05,120110,,13.52,-14.1,-2.5,14.8
2025-11-06,120110,,13.34,5.1,4.0,-9.2
2025-11-07,120110,,13.39,-12.7,-1.5,13.4
2025-11-10,120110,,13.24,12.2,5.2,-17.6
2025-11-11,120110,,13.36,6.1,-1.3,-4.2
2025-11-12,120110,,13.42,15.6,21.2,-35.9
2025-11-13,120110,,13.65,-20.2,92.3,-66.3
2025-11-14,120110,,13.55,13.7,21.8,-37.2
2025-11-17,120110,,13.58,-10.9,95.0,-84.2
2025-11-18,120110,,13.47,-5.0,26.1,-19.0
2025-11-19,120110,,13.37,5.5,29.9,-34.8
2025-11-20,120110,,13.42,-14.7,21.3,-6.8
2025-11-21,120110,,13.28,15.1,-6.2,-8.6
2025-11-24,120110,,13.43,-25.8,5.8,18.5
2025-11-25,120110,,13.17,0.9,-7.3,6.6
2025-11-26,120110,,12.98,-3.6,13.1,-9.0
2025-11-27,120110,,12.95,-15.1,19.2,-4.1
2025-11-28,120110,40800.0,12.93,-10.7,-1.0,11.9
2025-12-01,120110,,13.22,8.2,-1.1,-6.8
2025-12-02,120110,,13.28,-7.4,30.0,-23.4
2025-12-03,120110,,13.23,-9.1,15.2,-6.0
2025-12-04,120110,,13.11,-15.9,24.1,-7.8
2025-12-05,120110,,13.0,-25.8,0.7,24.6
2025-12-08,120110,,12.2,23.1,0.4,-17.8
2025-12-09,120110,,12.35,-0.5,17.6,-16.2
2025-12-10,120110,,12.36,7.5,2.1,-10.4
2025-12-11,120110,,12.13,17.6,-33.0,16.0
2025-12-12,120110,,12.25,-15.7,18.3,-2.3
2025-12-15,120110,,12.17,-3.0,4.3,-0.9
2025-12-16,120110,,12.13,-3.0,4.2,-1.8
2025-12-17,120110,,11.86,-4.5,12.6,-7.8
2025-12-18,120110,,11.78,-10.6,1.8,8.7
2025-12-19,120110,,11.6,2.5,11.3,-13.7
2025-12-22,120110,,11.69,0.2,9.5,-10.4
2025-12-23,120110,,11.36,-3.8,2.9,0.2
2025-12-24,120110,,11.37,1.2,12.4,-13.5
2025-12-26,120110,,11.39,-8.5,14.1,-5.0
2025-12-29,120110,,11.35,-7.9,-2.7,12.5
2025-12-30,120110,44850.0,11.17,-0.7,9.7,-8.3
2026-01-02,120110,,10.74,2.8,-14.1,11.0
2026-01-05,120110,,10.73,38.1,-45.9,7.7
2026-01-06,120110,,11.12,26.9,-38.6,14.2
2026-01-07,120110,,11.52,40.5,-45.2,4.4
2026-01-08,120110,,11.87,11.5,-18.1,7.0
2026-01-09,120110,,11.95,-0.0,-2.1,-0.5
2026-01-12,120110,,11.97,18.7,-8.9,-10.1
2026-01-13,120110,,12.14,96.1,-37.9,-55.5
2026-01-14,120110,,13.07,-17.5,2.9,14.5
2026-01-15,120110,,12.82,-2.7,-5.1,6.7
2026-01-16,120110,,12.41,27.3,-22.5,-4.9
2026-01-19,120110,,12.61,-6.3,-15.6,20.0
2026-01-20,120110,,12.44,3.9,-4.3,0.3
2026-01-21,120110,,12.53,8.4,2.9,-10.8
2026-01-22,120110,,12.35,21.0,-5.2,-16.8
2026-01-23,120110,,12.58,5.8,-5.1,-0.1
2026-01-26,120110,,12.63,0.4,-3.2,4.8
2026-01-27,120110,,12.77,-8.9,19.5,-10.3
2026-01-28,120110,,12.64,1.4,12.7,-13.5
2026-01-29,120110,,12.55,9.0,25.2,-31.0
2026-01-30,120110,55000.0,12.66,-68.5,15.8,53.4
2026-02-02,120110,,12.25,-24.5,-4.3,27.4
2026-02-03,120110,,11.31,-39.8,18.3,11.6
2026-02-04,120110,,10.98,-40.0,-1.9,41.4
2026-02-05,120110,,10.57,-21.8,3.6,12.3
2026-02-06,120110,,10.4,8.5,-14.1,5.2
2026-02-09,120110,,10.41,-11.5,53.9,-45.1
2026-02-10,120110,,10.33,-12.9,18.3,-5.9
2026-02-11,120110,,9.82,9.1,23.4,-31.9
2026-02-12,120110,,9.79,15.9,-17.2,4.0
2026-02-13,120110,,9.9,-10.5,34.0,-23.2
2026-02-19,120110,,9.86,-14.5,25.3,-8.3
2026-02-20,120110,,9.76,6.4,8.7,-14.0
2026-02-23,120110,,9.82,28.8,0.9,-28.8
2026-02-24,120110,,9.8,34.9,5.0,-39.3
2026-02-25,120110,,10.03,36.5,85.3,-109.9
2026-02-26,120110,,10.34,-78.8,124.4,-44.9
2026-02-27,120110,67600.0,9.88,-6.4,5.8,4.2
2026-03-03,120110,,9.85,32.3,65.9,-97.3
2026-03-04,120110,,10.05,10.2,71.2,-84.7
2026-03-05,120110,,10.21,0.1,3.2,-1.6
2026-03-06,120110,,10.16,-4.7,21.1,-21.8
2026-03-09,120110,,10.06,28.7,-5.1,-25.1
2026-03-10,120110,,10.28,-33.2,55.4,-22.0
2026-03-11,120110,,10.01,-41.3,118.3,-83.6
2026-03-12,120110,,10.45,-114.6,-11.8,122.6
2026-03-13,120110,,10.22,-85.2,51.6,30.4
2026-03-16,120110,,9.9,-37.0,4.8,36.3
2026-03-17,120110,,9.56,-1.4,-0.2,0.4
2026-03-18,120110,,9.44,5.1,-23.5,16.6
2026-03-19,120110,,9.52,-10.7,23.1,-12.9
2026-03-20,120110,,9.43,-18.5,25.1,-5.1
2026-03-23,120110,,9.38,10.9,17.4,-23.8
2026-03-24,120110,,9.56,53.4,66.8,-101.2
2026-03-25,120110,,9.9,-27.0,194.0,-179.2
2026-03-26,120110,,9.78,15.1,127.8,-144.1
2026-03-27,120110,,10.01,-41.7,3.3,28.4
2026-03-30,120110,,9.78,-22.4,15.3,9.1
2026-03-31,120110,73000.0,9.7,13.6,-10.2,-9.3
2026-04-01,120110,,9.76,-72.0,153.5,-76.3
2026-04-02,120110,,9.45,-17.7,37.3,-19.5
2026-04-03,120110,,9.4,-26.4,21.9,-7.9
2026-04-06,120110,,9.24,-20.2,65.6,-45.6
2026-04-07,120110,,9.19,5.5,10.1,-12.7
2026-04-08,120110,,9.27,-18.0,57.3,-39.2
2026-04-09,120110,,9.21,-37.9,109.1,-72.4
2026-04-10,120110,,9.06,-22.1,-3.2,25.6
2026-04-13,120110,,8.95,12.0,-9.4,-4.3
2026-04-14,120110,,9.06,39.4,20.2,-58.2
2026-04-15,120110,,9.18,13.2,18.5,-30.9
2026-04-16,120110,,8.94,10.4,-34.5,25.1
2026-04-17,120110,,11.04,25.8,-0.4,-19.5
2026-04-20,120110,,11.72,-2.5,18.8,-21.9
2026-04-21,120110,,11.58,-20.8,151.8,-128.9
2026-04-22,120110,,11.62,-18.9,11.4,12.8
2026-04-23,120110,,11.6,-17.7,82.8,-64.9
2026-04-24,120110,,11.58,-36.5,30.6,8.9
2026-04-27,120110,,11.38,38.3,48.3,-84.8
2026-04-28,120110,,11.52,320.4,80.1,-382.7
2026-04-29,120110,,12.74,-90.6,64.8,26.5
2026-04-30,120110,94100.0,12.24,-76.6,-43.7,121.9
2026-05-04,120110,,11.88,38.6,-96.8,53.4
2026-05-06,120110,,12.03,76.1,-76.7,6.8
2026-05-07,120110,,12.36,-34.0,23.8,15.3
2026-05-08,120110,,12.23,-33.2,25.5,8.3
2026-05-11,120110,,12.09,-58.1,24.9,39.2
2026-05-12,120110,,11.68,155.5,-1.5,-154.2
2026-05-13,120110,,12.96,-3.1,27.3,-17.5
2026-05-14,120110,,12.97,-37.8,55.1,-17.1
2026-05-15,120110,,12.81,241.3,-147.4,-84.1
2026-05-18,120110,,13.63,92.2,-56.4,-33.4
2026-05-19,120110,,14.02,52.2,-25.5,-25.3
2026-05-20,120110,,14.31,182.9,-131.6,-52.1
2026-05-21,120110,,15.32,12.6,18.7,-35.3
2026-05-22,120110,,15.37,17.7,-26.2,10.1
2026-05-26,120110,,15.22,69.8,-75.6,4.3
2026-05-27,120110,,15.53,48.5,-21.1,-25.1
2026-05-28,120110,,15.72,75.2,-46.9,-26.9
2026-05-29,120110,71800.0,16.02,36.9,4.9,-37.6
2026-06-01,120110,,16.23,32.9,-0.7,-30.4
2026-06-02,120110,,16.41,52.1,-38.2,-15.5
2026-06-04,120110,,16.7,37.3,-23.6,-13.4
2026-06-05,120110,,16.89,19.8,10.6,-28.5
2026-06-08,120110,,17.05,129.5,-162.2,28.1
2026-06-09,120110,,17.78,90.6,-37.8,-37.1
2026-06-10,120110,,18.27,-21.5,71.5,-40.3
2026-06-11,120110,,18.09,10.5,-6.7,2.5
2026-06-12,120110,,18.09,29.2,-8.0,-18.3
2026-06-15,120110,,18.12,20.0,-23.7,5.8
2026-06-16,120110,,18.17,21.5,-14.0,-9.0
2026-06-17,120110,,18.27,13.9,-14.5,0.2
2026-06-18,120110,,18.34,54.1,-58.8,2.1
2026-06-19,120110,,18.7,61.0,-43.6,-16.7
2026-06-22,120110,,18.97,52.0,24.4,-75.3
2026-06-23,120110,,19.31,-112.2,50.2,64.1
2026-06-24,120110,,18.77,-65.5,68.4,-3.1
2026-06-25,120110,,18.39,-12.6,9.4,3.9
2026-06-26,120110,,18.28,56.1,-38.7,-14.7
2026-06-29,120110,,18.69,-5.3,19.8,-14.4
2026-06-30,120110,60200.0,18.55,-23.7,26.9,-4.1
2026-07-01,120110,,18.44,3.5,-2.7,-0.8
2026-07-02,120110,,18.44,2.6,14.6,-17.7
2026-07-03,120110,,18.61,3.6,-0.1,-3.1
2026-07-06,120110,,18.61,5.7,4.1,-6.9
2026-07-07,120110,,18.69,-4.1,31.9,-27.8
2026-07-08,120110,,18.7,-1.4,7.6,-6.2
2026-07-09,120110,,18.69,42.3,-32.4,-9.8
2026-07-10,120110,,18.94,12.2,-9.0,-3.1
2026-07-13,120110,53400.0,18.94,7.2,-3.6,-3.3
2025-07-14,120115,,7.57,-1.5,2.8,-1.3
2025-07-15,120115,,7.35,-1.8,-0.6,2.3
2025-07-16,120115,,7.1,0.4,1.3,-1.7
2025-07-17,120115,,7.15,0.1,-0.0,0.2
2025-07-18,120115,,7.16,-2.1,0.3,1.8
2025-07-21,120115,,6.85,-0.4,-0.0,0.4
2025-07-22,120115,,6.8,0.6,0.5,-1.0
2025-07-23,120115,,6.89,-0.3,0.5,-0.3
2025-07-24,120115,,6.85,-0.7,0.5,0.2
2025-07-25,120115,,6.74,-0.2,0.6,-0.4
2025-07-28,120115,,6.72,-0.9,0.3,0.5
2025-07-29,120115,,6.59,2.2,-2.8,0.6
2025-07-30,120115,,6.92,0.0,0.3,-0.3
2025-07-31,120115,,6.93,-0.2,0.6,-0.4
2025-08-01,120115,,6.9,-0.2,0.5,-0.3
2025-08-04,120115,,6.87,0.1,0.5,-0.5
2025-08-05,120115,,6.88,-0.3,0.5,-0.2
2025-08-06,120115,,6.84,-0.5,0.5,0.0
2025-08-07,120115,,6.76,-0.8,-0.1,0.9
2025-08-08,120115,,6.64,-0.2,0.5,-0.2
2025-08-11,120115,,6.6,-0.3,-0.5,0.8
2025-08-12,120115,,6.55,0.0,0.4,-0.5
2025-08-13,120115,,6.56,-0.3,0.3,-0.0
2025-08-14,120115,,6.52,0.1,-0.0,-0.0
2025-08-18,120115,,6.53,0.6,0.0,-0.6
2025-08-19,120115,,6.62,-0.2,0.7,-0.4
2025-08-20,120115,,6.58,0.5,0.4,-0.8
2025-08-21,120115,,6.66,0.3,0.4,-0.7
2025-08-22,120115,,6.71,-0.2,0.5,-0.3
2025-08-25,120115,,6.68,-0.3,0.5,-0.2
2025-08-26,120115,,7.16,0.0,0.0,-0.1
2025-08-27,120115,,7.65,-0.0,0.0,0.0
2025-08-28,120115,,7.65,0.0,-0.0,-0.0
2025-08-29,120115,22650.0,7.65,-0.1,0.0,0.1
2025-09-01,120115,,7.85,-0.2,-0.0,0.2
2025-09-02,120115,,7.29,0.1,-0.0,-0.1
2025-09-03,120115,,7.04,-0.2,0.0,0.1
2025-09-04,120115,,7.02,-0.0,0.0,0.0
2025-09-05,120115,,7.01,0.1,-0.0,-0.1
2025-09-08,120115,,6.81,0.0,0.6,-0.6
2025-09-09,120115,,6.82,0.2,0.7,-0.9
2025-09-10,120115,,6.85,0.4,0.5,-0.9
2025-09-11,120115,,6.91,-0.2,-0.2,0.4
2025-09-12,120115,,6.88,-0.1,0.7,-0.6
2025-09-15,120115,,6.86,-0.1,0.7,-0.6
2025-09-16,120115,,6.85,-0.2,0.7,-0.4
2025-09-17,120115,,6.81,-0.1,0.4,-0.3
2025-09-18,120115,,6.29,0.1,0.4,-0.4
2025-09-19,120115,,6.31,-0.2,0.4,-0.1
2025-09-22,120115,,6.28,-0.1,0.5,-0.4
2025-09-23,120115,,6.27,-0.1,0.6,-0.4
2025-09-24,120115,,6.25,-0.4,0.4,0.1
2025-09-25,120115,,6.19,-0.2,-0.2,0.3
2025-09-26,120115,,6.16,-0.1,0.4,-0.3
2025-09-29,120115,,6.16,0.0,0.6,-0.6
2025-09-30,120115,22800.0,5.95,-0.1,0.0,0.1
2025-10-01,120115,,5.93,-0.1,-0.0,0.1
2025-10-02,120115,,5.92,0.0,-0.1,0.1
2025-10-10,120115,,5.9,-0.1,0.3,-0.2
2025-10-13,120115,,5.89,0.1,-0.9,0.7
2025-10-14,120115,,5.9,-0.3,0.4,-0.0
2025-10-15,120115,,5.85,0.4,1.0,-1.3
2025-10-16,120115,,5.91,-0.1,-0.1,0.2
2025-10-17,120115,,5.9,-0.0,-0.0,0.0
2025-10-20,120115,,5.9,0.1,-0.0,0.1
2025-10-21,120115,,5.92,0.1,-0.1,0.1
2025-10-22,120115,,5.94,0.7,0.4,-1.1
2025-10-23,120115,,6.05,-0.1,-0.1,0.2
2025-10-24,120115,,6.05,-0.1,-0.0,0.1
2025-10-27,120115,,6.02,0.4,0.2,-0.5
2025-10-28,120115,,6.08,-0.2,-0.1,0.5
2025-10-29,120115,,6.06,-0.1,-0.1,0.2
2025-10-30,120115,,6.04,-0.2,-0.1,0.3
2025-10-31,120115,22750.0,6.0,-0.1,-0.6,0.7
2025-11-03,120115,,5.99,0.3,0.2,-0.6
2025-11-04,120115,,6.04,-0.3,-0.3,0.6
2025-11-05,120115,,5.99,-0.0,0.1,0.3
2025-11-06,120115,,5.99,-0.2,-0.3,0.3
2025-11-07,120115,,5.95,-0.2,-0.0,0.2
2025-11-10,120115,,5.92,0.3,0.0,-0.3
2025-11-11,120115,,5.97,0.0,-0.1,0.1
2025-11-12,120115,,5.98,0.2,0.4,-0.9
2025-11-13,120115,,6.01,-0.4,0.1,0.1
2025-11-14,120115,,5.95,-0.4,-0.5,0.9
2025-11-17,120115,,5.88,0.3,0.4,-0.5
2025-11-18,120115,,5.92,-0.6,1.4,-0.8
2025-11-19,120115,,5.84,-0.1,-0.2,0.3
2025-11-20,120115,,5.82,0.3,0.2,-0.5
2025-11-21,120115,,5.86,0.2,-1.1,0.9
2025-11-24,120115,,5.89,-0.2,-0.0,0.2
2025-11-25,120115,,5.86,-0.1,-0.1,0.2
2025-11-26,120115,,5.84,0.0,-0.1,0.0
2025-11-27,120115,,5.85,0.2,-0.0,-0.2
2025-11-28,120115,24200.0,5.88,0.0,-0.3,0.3
2025-12-01,120115,,5.89,-0.1,-0.0,0.1
2025-12-02,120115,,5.88,1.1,0.3,-1.4
2025-12-03,120115,,6.04,0.8,-0.3,-0.6
2025-12-04,120115,,6.16,-0.0,0.1,-0.1
2025-12-05,120115,,6.16,-0.5,-0.3,0.8
2025-12-08,120115,,6.08,-0.2,-1.0,1.2
2025-12-09,120115,,6.05,0.5,0.1,-0.7
2025-12-10,120115,,6.12,1.2,0.4,-1.6
2025-12-11,120115,,6.28,-0.1,-0.0,0.1
2025-12-12,120115,,6.26,-0.3,-0.0,0.3
2025-12-15,120115,,6.22,0.3,-1.0,0.7
2025-12-16,120115,,6.26,-0.6,-0.0,0.9
2025-12-17,120115,,6.53,0.0,0.2,-0.2
2025-12-18,120115,,6.53,-0.2,-0.2,0.5
2025-12-19,120115,,6.5,-0.1,-0.0,0.1
2025-12-22,120115,,6.48,0.7,0.1,-0.7
2025-12-23,120115,,6.58,0.2,0.2,-0.4
2025-12-24,120115,,6.61,-0.7,0.1,0.6
2025-12-26,120115,,6.19,-0.8,-0.1,1.0
2025-12-29,120115,,6.08,-2.3,-0.0,2.2
2025-12-30,120115,25400.0,5.76,-0.4,-0.0,0.4
2026-01-02,120115,,5.7,-0.5,-0.0,0.5
2026-01-05,120115,,5.63,-0.1,-0.1,0.2
2026-01-06,120115,,6.08,1.1,-0.2,-0.9
2026-01-07,120115,,6.25,-0.2,-0.2,0.4
2026-01-08,120115,,6.22,-0.1,-0.0,0.1
2026-01-09,120115,,6.2,0.1,-0.1,-0.0
2026-01-12,120115,,6.22,0.2,-0.1,-0.1
2026-01-13,120115,,6.26,2.7,-0.7,-2.0
2026-01-14,120115,,6.64,-0.4,-0.1,0.5
2026-01-15,120115,,6.58,-0.1,-0.0,0.0
2026-01-16,120115,,6.58,0.2,-0.1,0.1
2026-01-19,120115,,6.6,0.6,-0.0,-0.4
2026-01-20,120115,,6.69,-0.0,-0.3,0.3
2026-01-21,120115,,6.68,-0.2,0.0,0.2
2026-01-22,120115,,6.64,0.6,0.0,-0.5
2026-01-23,120115,,6.72,0.1,0.3,-0.4
2026-01-26,120115,,6.74,0.9,-0.1,-0.8
2026-01-27,120115,,6.87,-0.3,0.3,-0.8
2026-01-28,120115,,6.83,-0.2,0.1,0.0
2026-01-29,120115,,6.8,1.8,0.4,-2.5
2026-01-30,120115,27250.0,7.05,0.6,0.0,-0.6
2026-02-02,120115,,7.12,-2.3,-0.0,2.2
2026-02-03,120115,,6.81,0.2,-0.1,-0.3
2026-02-04,120115,,6.83,1.9,-0.1,-1.7
2026-02-05,120115,,7.08,-0.3,-0.1,0.6
2026-02-06,120115,,7.04,-0.9,0.0,0.9
2026-02-09,120115,,6.92,2.4,-0.1,-2.2
2026-02-10,120115,,7.23,0.1,-0.0,-0.1
2026-02-11,120115,,7.25,-0.4,-0.0,0.4
2026-02-12,120115,,7.2,-0.2,0.0,0.2
2026-02-13,120115,,7.18,-0.1,-0.0,0.4
2026-02-19,120115,,7.16,-0.1,-0.0,0.1
2026-02-20,120115,,7.16,0.0,0.0,0.3
2026-02-23,120115,,7.2,-0.3,-0.0,0.7
2026-02-24,120115,,7.12,0.0,0.0,-0.0
2026-02-25,120115,,7.13,0.9,0.0,-1.0
2026-02-26,120115,,7.24,-1.5,-0.0,1.7
2026-02-27,120115,29350.0,7.06,-0.7,-0.0,0.7
2026-03-03,120115,,6.96,-0.6,0.1,0.6
2026-03-04,120115,,6.89,-0.2,-0.0,0.2
2026-03-05,120115,,6.86,0.3,0.0,-0.3
2026-03-06,120115,,6.9,-0.4,-0.0,0.4
2026-03-09,120115,,6.85,1.0,0.0,-1.0
2026-03-10,120115,,6.99,0.1,0.0,-0.1
2026-03-11,120115,,7.0,0.6,-0.0,-0.9
2026-03-12,120115,,7.56,-1.4,0.1,0.7
2026-03-13,120115,,7.39,-1.0,-0.1,1.3
2026-03-16,120115,,7.26,-0.2,0.0,-0.7
2026-03-17,120115,,7.23,-0.2,0.8,-0.7
2026-03-18,120115,,7.21,-0.2,-0.0,0.1
2026-03-19,120115,,7.19,0.6,0.1,-0.7
2026-03-20,120115,,7.27,0.4,-0.0,-0.2
2026-03-23,120115,,7.32,0.2,0.0,-0.2
2026-03-24,120115,,7.34,1.3,0.3,-1.5
2026-03-25,120115,,7.51,-0.3,-0.1,0.4
2026-03-26,120115,,7.47,-0.2,-0.1,0.4
2026-03-27,120115,,7.44,-0.3,-0.0,0.3
2026-03-30,120115,,7.41,-0.6,-0.0,0.6
2026-03-31,120115,26650.0,7.33,-0.2,-0.1,0.4
2026-04-01,120115,,7.3,2.7,-0.3,-2.2
2026-04-02,120115,,7.65,0.3,0.0,-0.3
2026-04-03,120115,,7.69,0.4,-0.0,-0.3
2026-04-06,120115,,7.74,0.1,0.0,-0.1
2026-04-07,120115,,7.76,0.4,-0.1,-0.4
2026-04-08,120115,,7.81,0.4,-0.0,-0.4
2026-04-09,120115,,7.86,1.1,0.0,-1.1
2026-04-10,120115,,8.0,-0.0,1.8,-1.8
2026-04-13,120115,,8.0,-0.2,-0.1,0.2
2026-04-14,120115,,7.98,0.5,0.0,-0.5
2026-04-15,120115,,8.04,-0.6,-0.9,1.4
2026-04-16,120115,,7.97,0.0,-0.0,0.1
2026-04-17,120115,,7.97,0.1,-0.3,0.3
2026-04-20,120115,,7.98,-0.8,-0.0,0.8
2026-04-21,120115,,7.88,0.4,-0.1,-0.3
2026-04-22,120115,,7.97,-0.2,-0.2,0.4
2026-04-23,120115,,7.92,0.8,0.4,-1.2
2026-04-24,120115,,8.02,0.8,-0.7,-0.2
2026-04-27,120115,,8.11,0.5,0.7,-1.3
2026-04-28,120115,,9.27,2.1,1.5,-3.7
2026-04-29,120115,,9.51,0.3,-0.4,0.1
2026-04-30,120115,30350.0,9.72,-0.9,-0.2,1.3
2026-05-04,120115,,9.62,-1.0,0.0,1.1
2026-05-06,120115,,9.5,0.4,-0.2,-0.2
2026-05-07,120115,,9.54,0.7,-0.1,-0.6
2026-05-08,120115,,9.63,-0.7,0.0,0.8
2026-05-11,120115,,9.54,-0.2,0.0,0.4
2026-05-12,120115,,9.52,0.2,-0.2,-0.1
2026-05-13,120115,,9.54,-0.1,0.0,0.3
2026-05-14,120115,,9.53,-0.4,-0.1,0.5
2026-05-15,120115,,9.49,-0.8,-0.0,0.8
2026-05-18,120115,,8.5,-0.7,0.1,0.8
2026-05-19,120115,,8.4,0.2,-0.0,-0.3
2026-05-20,120115,,8.43,0.4,-1.5,1.1
2026-05-21,120115,,9.23,0.4,-0.7,0.5
2026-05-22,120115,,9.28,-0.5,0.0,0.5
2026-05-26,120115,,9.21,-0.2,-0.0,0.3
2026-05-27,120115,,9.19,-0.6,-0.1,0.4
2026-05-28,120115,,9.11,-0.1,0.0,0.1
2026-05-29,120115,26050.0,9.1,0.6,0.0,-0.4
2026-06-01,120115,,9.19,0.7,-0.8,0.1
2026-06-02,120115,,9.29,1.4,-0.2,-0.6
2026-06-04,120115,,9.5,-0.9,-0.0,0.9
2026-06-05,120115,,9.37,0.2,0.0,-0.2
2026-06-08,120115,,9.4,-0.2,0.0,0.2
2026-06-09,120115,,9.37,-0.1,-0.9,1.0
2026-06-10,120115,,9.35,-0.5,-0.1,0.6
2026-06-11,120115,,9.28,-0.4,-0.0,0.4
2026-06-12,120115,,9.23,0.1,-1.6,1.4
2026-06-15,120115,,9.24,-0.2,0.0,0.2
2026-06-16,120115,,9.21,-0.0,-0.3,0.3
2026-06-17,120115,,9.2,0.4,0.0,-0.4
2026-06-18,120115,,9.26,-0.6,0.1,0.5
2026-06-19,120115,,9.18,-0.4,-0.1,0.5
2026-06-22,120115,,9.12,-0.4,0.8,-0.4
2026-06-23,120115,,9.09,-0.8,-0.1,0.9
2026-06-24,120115,,8.94,-0.3,-0.0,0.3
2026-06-25,120115,,8.9,0.0,0.1,-0.1
2026-06-26,120115,,8.9,-0.5,0.0,0.5
2026-06-29,120115,,8.83,0.6,-0.4,-0.2
2026-06-30,120115,23900.0,8.92,-1.0,-0.3,1.3
2026-07-01,120115,,8.77,0.1,-1.0,0.9
2026-07-02,120115,,8.79,0.1,-0.0,-0.1
2026-07-03,120115,,9.0,0.3,0.0,-0.3
2026-07-06,120115,,9.05,0.2,-0.0,-0.2
2026-07-07,120115,,9.07,-0.5,-0.0,0.4
2026-07-08,120115,,9.0,-0.6,0.1,0.6
2026-07-09,120115,,8.9,0.6,-0.1,-0.5
2026-07-10,120115,,8.99,-0.0,-0.1,0.2
2026-07-13,120115,22800.0,8.99,0.2,0.1,-0.3
2025-07-14,120240,,1.8,0.2,-0.0,-0.2
2025-07-15,120240,,1.77,-0.4,0.0,0.4
2025-07-16,120240,,1.73,-0.2,0.0,0.2
2025-07-17,120240,,1.71,0.6,0.0,-0.6
2025-07-18,120240,,1.77,-0.0,0.0,0.0
2025-07-21,120240,,1.76,-0.1,0.0,0.1
2025-07-22,120240,,1.75,-0.3,0.0,0.3
2025-07-23,120240,,1.72,-0.2,-0.0,0.2
2025-07-24,120240,,1.7,0.2,0.0,-0.2
2025-07-25,120240,,1.72,0.5,0.0,-1.1
2025-07-28,120240,,1.77,-0.6,-0.0,-0.3
2025-07-29,120240,,1.71,-2.3,0.0,2.3
2025-07-30,120240,,1.48,0.4,0.0,-0.4
2025-07-31,120240,,1.52,0.7,0.0,-0.7
2025-08-01,120240,,1.59,-0.9,-0.0,-2.3
2025-08-04,120240,,1.5,-0.2,-0.0,-0.4
2025-08-05,120240,,1.48,0.1,0.0,-0.1
2025-08-06,120240,,1.49,0.6,-0.0,-0.7
2025-08-07,120240,,1.55,-0.2,0.0,-0.3
2025-08-08,120240,,1.53,0.1,-0.0,-0.1
2025-08-11,120240,,1.54,-0.2,0.0,0.2
2025-08-12,120240,,1.51,0.4,-0.0,-0.4
2025-08-13,120240,,1.56,0.2,0.0,-0.2
2025-08-14,120240,,1.58,0.0,-0.0,-0.0
2025-08-18,120240,,1.58,-0.3,0.0,0.3
2025-08-19,120240,,1.55,-0.4,0.0,0.4
2025-08-20,120240,,1.51,0.2,-0.0,-0.2
2025-08-21,120240,,1.53,-0.1,0.0,0.1
2025-08-22,120240,,1.53,-0.2,-0.2,0.4
2025-08-25,120240,,1.5,0.1,0.0,-0.0
2025-08-26,120240,,1.55,0.0,0.0,-0.4
2025-08-27,120240,,1.58,-0.1,-0.0,-0.0
2025-08-28,120240,,1.57,-0.3,0.0,0.0
2025-08-29,120240,13030.0,1.55,-0.4,0.0,0.4
2025-09-01,120240,,1.52,-0.4,0.0,0.5
2025-09-02,120240,,1.43,0.0,0.0,-0.2
2025-09-03,120240,,1.42,0.0,-0.0,-0.1
2025-09-04,120240,,1.42,0.3,-0.0,-0.3
2025-09-05,120240,,1.46,-0.1,0.0,-0.4
2025-09-08,120240,,1.45,-0.1,-0.0,-0.1
2025-09-09,120240,,1.44,-0.1,0.0,-0.1
2025-09-10,120240,,1.44,0.0,0.0,-0.2
2025-09-11,120240,,1.44,-0.1,0.0,0.1
2025-09-12,120240,,1.43,0.4,0.0,-0.4
2025-09-15,120240,,1.5,-0.1,0.0,0.1
2025-09-16,120240,,1.48,-0.2,0.0,0.2
2025-09-17,120240,,1.46,-0.1,0.0,-0.0
2025-09-18,120240,,1.45,0.2,0.0,-0.2
2025-09-19,120240,,1.47,-0.1,0.0,0.1
2025-09-22,120240,,1.46,-0.2,0.0,0.2
2025-09-23,120240,,1.43,-0.2,0.0,0.0
2025-09-24,120240,,1.4,-0.8,0.0,0.3
2025-09-25,120240,,1.29,0.4,0.0,-0.4
2025-09-26,120240,,1.33,-0.1,0.0,0.1
2025-09-29,120240,,1.23,0.5,0.0,-0.6
2025-09-30,120240,12500.0,1.28,-0.7,0.7,-0.0
2025-10-01,120240,,1.21,0.2,0.1,-0.3
2025-10-02,120240,,1.22,0.2,-0.1,-0.5
2025-10-10,120240,,1.24,-0.4,0.1,0.3
2025-10-13,120240,,1.2,0.3,0.1,-0.5
2025-10-14,120240,,1.23,0.3,0.1,-0.4
2025-10-15,120240,,1.27,0.1,0.0,-0.1
2025-10-16,120240,,1.28,0.3,-0.1,-0.2
2025-10-17,120240,,1.35,-0.3,-0.3,0.4
2025-10-20,120240,,1.28,0.1,0.0,-0.1
2025-10-21,120240,,1.29,-0.4,-0.1,0.5
2025-10-22,120240,,1.25,-0.0,0.1,-0.1
2025-10-23,120240,,1.25,0.0,-0.0,-0.0
2025-10-24,120240,,1.25,-0.2,0.0,0.2
2025-10-27,120240,,1.22,-0.1,-0.1,-0.5
2025-10-28,120240,,1.22,-0.3,0.0,0.3
2025-10-29,120240,,1.18,-0.1,0.0,0.1
2025-10-30,120240,,1.17,-0.3,0.0,0.3
2025-10-31,120240,12470.0,1.13,-0.0,-0.0,0.1
2025-11-03,120240,,1.13,-0.5,-0.0,0.5
2025-11-04,120240,,1.07,-0.4,-0.0,-0.2
2025-11-05,120240,,1.02,-0.4,0.0,-0.3
2025-11-06,120240,,0.98,0.0,-0.0,0.0
2025-11-07,120240,,0.98,-0.1,-0.0,0.1
2025-11-10,120240,,0.97,0.1,-0.0,-0.1
2025-11-11,120240,,0.83,-0.0,0.0,-0.0
2025-11-12,120240,,0.83,0.5,-0.0,-0.5
2025-11-13,120240,,0.89,-0.1,-0.0,0.1
2025-11-14,120240,,0.88,-0.7,-0.0,0.7
2025-11-17,120240,,0.81,0.3,0.0,-0.3
2025-11-18,120240,,0.84,0.0,0.0,-0.0
2025-11-19,120240,,0.97,0.3,-0.0,-0.3
2025-11-20,120240,,1.33,0.6,0.0,-0.7
2025-11-21,120240,,1.4,0.8,0.0,-0.8
2025-11-24,120240,,1.48,-0.1,-0.1,0.2
2025-11-25,120240,,1.47,0.2,0.2,-0.4
2025-11-26,120240,,1.49,0.2,-0.1,-0.1
2025-11-27,120240,,1.52,0.1,-0.0,-0.1
2025-11-28,120240,13040.0,1.53,0.6,0.1,-0.9
2025-12-01,120240,,1.63,-0.1,-0.1,0.2
2025-12-02,120240,,1.59,-0.2,-0.1,0.3
2025-12-03,120240,,1.57,0.2,0.0,-0.2
2025-12-04,120240,,1.59,-0.2,-0.0,0.2
2025-12-05,120240,,1.56,-0.1,0.0,0.0
2025-12-08,120240,,1.55,-0.1,-0.0,-1.8
2025-12-09,120240,,1.54,-0.7,-0.0,-1.4
2025-12-10,120240,,1.47,-0.0,0.0,-0.2
2025-12-11,120240,,1.46,0.3,0.0,-0.6
2025-12-12,120240,,1.49,-0.0,0.0,-0.0
2025-12-15,120240,,1.49,-0.1,0.1,-0.3
2025-12-16,120240,,1.49,0.0,-0.1,0.1
2025-12-17,120240,,1.78,0.1,-0.0,-0.1
2025-12-18,120240,,1.79,-0.2,-0.0,0.2
2025-12-19,120240,,1.72,0.2,0.2,-0.3
2025-12-22,120240,,1.74,0.0,-0.1,0.1
2025-12-23,120240,,1.74,0.1,0.0,-0.2
2025-12-24,120240,,1.65,-0.0,-0.1,0.1
2025-12-26,120240,,1.65,0.3,-0.0,-0.3
2025-12-29,120240,,0.79,-0.3,0.1,0.1
2025-12-30,120240,13280.0,0.76,0.1,0.2,-1.4
2026-01-02,120240,,0.77,-0.3,0.0,-0.0
2026-01-05,120240,,0.74,-0.0,0.0,-0.0
2026-01-06,120240,,0.96,0.1,-0.1,-0.0
2026-01-07,120240,,1.05,-0.0,-0.0,-0.0
2026-01-08,120240,,1.05,0.1,-0.0,-0.1
2026-01-09,120240,,1.06,0.1,-0.0,-0.5
2026-01-12,120240,,1.06,0.1,-0.1,-0.3
2026-01-13,120240,,1.18,0.1,-0.1,-0.1
2026-01-14,120240,,1.18,-0.1,-0.0,0.1
2026-01-15,120240,,1.18,-0.0,0.0,-0.0
2026-01-16,120240,,1.17,-0.2,-0.1,0.3
2026-01-19,120240,,1.15,0.2,0.1,-0.4
2026-01-20,120240,,1.17,0.7,0.0,-0.7
2026-01-21,120240,,1.24,0.1,-0.1,-0.1
2026-01-22,120240,,1.25,0.4,0.0,-0.6
2026-01-23,120240,,1.29,0.1,-0.0,-0.1
2026-01-26,120240,,1.3,0.5,-0.0,-0.5
2026-01-27,120240,,1.36,0.2,0.0,-0.2
2026-01-28,120240,,1.37,0.0,-0.0,0.0
2026-01-29,120240,,1.38,-0.1,-0.0,0.1
2026-01-30,120240,12910.0,1.61,-0.1,0.1,0.1
2026-02-02,120240,,1.6,-0.4,-0.1,0.5
2026-02-03,120240,,1.51,0.4,0.1,-0.8
2026-02-04,120240,,1.55,0.4,0.1,-0.5
2026-02-05,120240,,1.59,0.1,-0.1,-0.1
2026-02-06,120240,,1.6,0.5,0.1,-0.6
2026-02-09,120240,,1.65,0.7,0.1,-0.8
2026-02-10,120240,,1.73,0.1,-0.1,-0.1
2026-02-11,120240,,1.74,0.3,-0.0,-0.2
2026-02-12,120240,,1.77,0.1,-0.0,-0.1
2026-02-13,120240,,1.78,0.0,-0.1,0.1
2026-02-19,120240,,1.79,0.1,-0.1,-0.1
2026-02-20,120240,,1.8,-0.1,-0.0,0.1
2026-02-23,120240,,1.79,0.3,0.0,-0.3
2026-02-24,120240,,1.81,-0.8,0.2,0.6
2026-02-25,120240,,1.74,-0.5,-0.1,0.6
2026-02-26,120240,,1.7,-1.0,-0.1,1.1
2026-02-27,120240,13490.0,1.6,0.2,0.1,-0.3
2026-03-03,120240,,1.62,0.5,0.0,-0.6
2026-03-04,120240,,1.67,0.4,-0.1,-0.4
2026-03-05,120240,,1.73,0.5,-0.0,-0.5
2026-03-06,120240,,1.78,0.4,0.0,-0.4
2026-03-09,120240,,1.83,1.3,0.2,-1.6
2026-03-10,120240,,1.96,-0.1,0.2,0.3
2026-03-11,120240,,2.0,1.2,-0.0,-1.1
2026-03-12,120240,,2.12,0.5,-0.1,-0.4
2026-03-13,120240,,2.17,0.4,-0.2,-0.4
2026-03-16,120240,,2.21,-0.3,-0.1,0.2
2026-03-17,120240,,2.18,0.2,0.0,-0.3
2026-03-18,120240,,2.2,0.3,0.0,-0.5
2026-03-19,120240,,2.23,-0.4,-0.0,0.4
2026-03-20,120240,,2.19,0.4,0.1,-0.5
2026-03-23,120240,,2.23,0.5,0.0,-0.6
2026-03-24,120240,,2.29,0.5,-0.0,-0.4
2026-03-25,120240,,2.33,0.2,0.0,-0.2
2026-03-26,120240,,2.35,-0.2,-0.1,0.2
2026-03-27,120240,,2.33,-0.2,0.0,0.1
2026-03-30,120240,,2.31,0.2,0.0,-0.3
2026-03-31,120240,13710.0,2.33,-0.3,-0.0,0.6
2026-04-01,120240,,2.31,0.4,0.0,-0.5
2026-04-02,120240,,2.35,-0.9,-0.0,0.6
2026-04-03,120240,,2.26,1.1,0.1,-1.9
2026-04-06,120240,,2.37,-0.5,-0.0,0.6
2026-04-07,120240,,2.32,-0.4,0.0,0.3
2026-04-08,120240,,2.31,-0.3,-0.0,0.4
2026-04-09,120240,,2.28,-0.1,0.0,0.1
2026-04-10,120240,,2.26,0.4,-0.0,-0.4
2026-04-13,120240,,2.3,0.4,0.0,-0.4
2026-04-14,120240,,2.34,0.3,-0.0,-0.3
2026-04-15,120240,,2.37,-0.3,0.0,0.3
2026-04-16,120240,,2.35,-0.0,-0.0,0.1
2026-04-17,120240,,2.34,-0.3,-0.0,0.3
2026-04-20,120240,,2.31,-0.1,-0.0,0.0
2026-04-21,120240,,2.31,-0.5,0.0,0.5
2026-04-22,120240,,2.25,0.3,-0.0,-0.4
2026-04-23,120240,,2.29,-0.1,0.0,0.1
2026-04-24,120240,,2.27,0.1,-0.0,-0.1
2026-04-27,120240,,2.29,-0.2,-0.0,0.2
2026-04-28,120240,,2.27,0.3,0.0,-0.3
2026-04-29,120240,,2.29,-0.4,0.0,0.3
2026-04-30,120240,13880.0,2.26,1.2,-0.0,-1.3
2026-05-04,120240,,2.37,2.3,-0.0,-2.2
2026-05-06,120240,,2.61,-2.1,0.0,1.2
2026-05-07,120240,,2.39,0.1,0.0,-0.1
2026-05-08,120240,,2.4,-0.2,0.0,0.2
2026-05-11,120240,,2.38,-0.7,0.0,0.7
2026-05-12,120240,,2.31,-0.7,-0.0,0.8
2026-05-13,120240,,2.21,0.0,-0.0,-0.0
2026-05-14,120240,,2.21,0.7,0.4,-1.0
2026-05-15,120240,,2.27,-0.4,-0.0,0.1
2026-05-18,120240,,2.14,0.9,-0.1,-1.0
2026-05-19,120240,,2.23,-0.4,-0.0,0.5
2026-05-20,120240,,2.19,-0.3,0.0,0.2
2026-05-21,120240,,2.27,-0.8,-0.0,0.8
2026-05-22,120240,,2.19,1.0,0.0,-1.1
2026-05-26,120240,,2.29,-1.6,0.0,0.9
2026-05-27,120240,,2.13,0.3,-0.0,-0.2
2026-05-28,120240,,2.16,0.3,0.0,-0.2
2026-05-29,120240,13940.0,2.19,-1.0,0.0,1.2
2026-06-01,120240,,2.09,-0.1,-0.0,-0.1
2026-06-02,120240,,2.08,0.4,-0.0,-1.2
2026-06-04,120240,,2.08,-0.8,-0.0,0.8
2026-06-05,120240,,2.08,-1.0,0.0,-0.3
2026-06-08,120240,,1.98,-0.5,0.0,0.2
2026-06-09,120240,,1.92,0.8,-0.0,-0.9
2026-06-10,120240,,1.98,-0.1,-0.0,0.1
2026-06-11,120240,,1.97,-0.7,0.0,0.2
2026-06-12,120240,,1.9,0.5,0.0,0.5
2026-06-15,120240,,1.95,0.0,-0.0,0.1
2026-06-16,120240,,1.96,0.1,0.0,0.0
2026-06-17,120240,,1.96,0.7,-0.0,-0.7
2026-06-18,120240,,2.03,-0.1,0.0,0.1
2026-06-19,120240,,2.02,-0.5,-0.0,0.4
2026-06-22,120240,,1.97,-0.4,0.0,-3.4
2026-06-23,120240,,1.94,-1.1,-0.0,-1.3
2026-06-24,120240,,1.97,-0.0,-0.0,-1.1
2026-06-25,120240,,1.96,0.3,0.1,-0.4
2026-06-26,120240,,1.99,0.4,-0.1,-0.0
2026-06-29,120240,,2.04,0.5,-0.0,-0.4
2026-06-30,120240,13460.0,2.09,-0.3,-0.0,0.3
2026-07-01,120240,,2.04,0.6,0.1,-0.6
2026-07-02,120240,,2.11,0.7,-0.1,-0.0
2026-07-03,120240,,2.2,-0.0,0.0,0.1
2026-07-06,120240,,2.19,0.1,-0.0,-0.1
2026-07-07,120240,,2.2,0.1,0.0,-0.1
2026-07-08,120240,,2.21,0.1,0.0,-0.1
2026-07-09,120240,,2.22,0.1,-0.0,-0.1
2026-07-10,120240,,2.23,0.8,0.0,-0.8
2026-07-13,120240,13590.0,2.31,-0.2,-0.0,0.2
2025-07-14,121440,,3.69,3.6,1.4,-5.0
2025-07-15,121440,,3.83,-3.0,1.8,1.3
2025-07-16,121440,,3.71,-3.4,1.8,1.6
2025-07-17,121440,,3.58,-3.3,1.3,2.0
2025-07-18,121440,,3.46,-4.0,0.9,3.1
2025-07-21,121440,,3.32,-0.9,0.9,0.0
2025-07-22,121440,,3.28,0.1,1.5,-1.6
2025-07-23,121440,,3.29,-2.1,1.5,0.6
2025-07-24,121440,,3.2,-1.8,1.7,0.2
2025-07-25,121440,,3.13,-0.9,1.5,-0.6
2025-07-28,121440,,3.09,-6.3,1.2,5.3
2025-07-29,121440,,2.83,0.1,0.7,-0.7
2025-07-30,121440,,2.83,-1.6,0.2,1.4
2025-07-31,121440,,2.76,-1.7,0.0,1.7
2025-08-01,121440,,2.69,-1.7,0.7,1.0
2025-08-04,121440,,2.62,2.0,0.5,-2.5
2025-08-05,121440,,2.7,-2.7,0.3,2.4
2025-08-06,121440,,2.58,2.5,0.3,-2.2
2025-08-07,121440,,2.69,0.2,-0.1,-0.2
2025-08-08,121440,,2.7,-1.4,0.5,0.9
2025-08-11,121440,,2.64,-2.6,-0.2,2.8
2025-08-12,121440,,2.52,-2.2,-0.2,2.8
2025-08-13,121440,,2.43,-1.6,-0.0,1.7
2025-08-14,121440,,2.36,-1.0,-0.1,1.2
2025-08-18,121440,,2.31,0.6,-0.0,-0.5
2025-08-19,121440,,2.39,0.1,-0.2,0.1
2025-08-20,121440,,2.39,-0.3,-0.0,0.6
2025-08-21,121440,,2.37,-0.7,-0.1,0.8
2025-08-22,121440,,2.34,-0.7,-0.1,0.8
2025-08-25,121440,,2.31,-0.3,-0.0,0.3
2025-08-26,121440,,2.32,-0.6,-0.0,0.7
2025-08-27,121440,,2.29,-0.3,-0.2,0.5
2025-08-28,121440,,2.28,0.3,-0.1,-0.2
2025-08-29,121440,5430.0,2.29,0.1,-0.0,-0.1
2025-09-01,121440,,2.3,-0.8,-0.0,1.0
2025-09-02,121440,,2.27,-0.5,-0.0,0.5
2025-09-03,121440,,2.25,0.1,-0.2,0.1
2025-09-04,121440,,2.25,0.0,-0.0,0.0
2025-09-05,121440,,2.1,-0.8,-0.0,0.8
2025-09-08,121440,,2.07,-0.0,-0.0,0.0
2025-09-09,121440,,2.06,0.5,0.1,-0.5
2025-09-10,121440,,2.08,0.9,0.0,-0.9
2025-09-11,121440,,2.12,-0.4,0.1,0.3
2025-09-12,121440,,2.1,0.5,-0.0,-0.5
2025-09-15,121440,,2.12,0.1,-0.0,-0.0
2025-09-16,121440,,2.13,-1.0,0.0,1.0
2025-09-17,121440,,2.09,-0.7,-0.0,0.6
2025-09-18,121440,,2.06,1.2,-0.0,-1.3
2025-09-19,121440,,2.1,-0.6,-0.0,0.7
2025-09-22,121440,,2.08,-0.3,0.0,0.4
2025-09-23,121440,,2.04,1.6,0.0,-1.6
2025-09-24,121440,,2.11,4.9,0.2,-5.1
2025-09-25,121440,,2.32,0.2,0.1,-0.2
2025-09-26,121440,,2.32,-0.1,0.1,-0.1
2025-09-29,121440,,2.32,1.3,0.6,-1.1
2025-09-30,121440,5370.0,2.38,-0.2,-0.0,0.3
2025-10-01,121440,,2.37,0.3,-0.1,-0.2
2025-10-02,121440,,2.38,0.6,-0.0,-0.5
2025-10-10,121440,,2.41,-1.6,2.6,-1.0
2025-10-13,121440,,2.34,0.1,0.2,-0.3
2025-10-14,121440,,2.34,0.6,-0.0,-0.4
2025-10-15,121440,,2.32,0.5,-0.1,-0.4
2025-10-16,121440,,2.34,-0.3,0.1,0.2
2025-10-17,121440,,2.33,-0.8,0.0,0.8
2025-10-20,121440,,2.29,-1.3,0.1,1.2
2025-10-21,121440,,2.23,1.6,0.2,-2.0
2025-10-22,121440,,2.3,1.2,-0.3,-0.8
2025-10-23,121440,,2.31,0.2,-0.0,-0.2
2025-10-24,121440,,2.32,-0.0,0.3,-0.2
2025-10-27,121440,,2.34,0.1,-0.4,0.3
2025-10-28,121440,,2.34,0.3,0.3,0.2
2025-10-29,121440,,2.35,-0.1,-0.3,0.3
2025-10-30,121440,,2.34,-1.1,0.0,1.1
2025-10-31,121440,5300.0,2.29,0.2,-0.4,0.2
2025-11-03,121440,,2.3,-1.8,-1.1,2.8
2025-11-04,121440,,2.22,-1.1,0.0,1.1
2025-11-05,121440,,2.17,0.6,-0.4,-0.2
2025-11-06,121440,,2.2,1.0,0.2,-1.2
2025-11-07,121440,,2.25,-0.2,-0.2,0.4
2025-11-10,121440,,2.24,1.5,0.2,-1.7
2025-11-11,121440,,2.3,-0.2,-0.0,0.2
2025-11-12,121440,,2.29,1.6,-0.0,-1.6
2025-11-13,121440,,2.37,-0.3,0.1,0.2
2025-11-14,121440,,2.35,-0.2,-0.0,0.3
2025-11-17,121440,,2.34,0.3,-0.2,-0.0
2025-11-18,121440,,2.37,0.4,-0.3,-0.3
2025-11-19,121440,,2.39,0.3,0.1,-0.4
2025-11-20,121440,,2.4,0.7,0.1,-0.7
2025-11-21,121440,,2.43,1.1,-0.1,-1.0
2025-11-24,121440,,2.48,-1.2,-0.0,1.3
2025-11-25,121440,,2.43,-0.6,0.2,0.4
2025-11-26,121440,,2.4,0.6,0.1,-0.7
2025-11-27,121440,,2.43,1.1,0.1,-1.1
2025-11-28,121440,5210.0,2.48,0.1,-0.0,-0.1
2025-12-01,121440,,2.48,0.1,0.2,-0.3
2025-12-02,121440,,2.49,-1.2,-0.1,1.3
2025-12-03,121440,,2.44,0.1,-0.0,-0.1
2025-12-04,121440,,2.48,-0.3,0.0,0.2
2025-12-05,121440,,2.47,0.0,0.2,-0.2
2025-12-08,121440,,2.46,-0.5,-0.2,0.7
2025-12-09,121440,,2.44,-0.4,0.1,0.3
2025-12-10,121440,,2.42,-0.1,-0.8,0.9
2025-12-11,121440,,2.42,-0.5,-0.0,0.6
2025-12-12,121440,,2.4,0.9,0.2,-1.1
2025-12-15,121440,,2.43,-0.5,-0.3,0.7
2025-12-16,121440,,2.41,0.3,0.0,-0.2
2025-12-17,121440,,2.54,-0.9,-0.0,0.9
2025-12-18,121440,,2.43,-0.3,0.2,0.0
2025-12-19,121440,,2.42,0.9,-0.0,-0.8
2025-12-22,121440,,2.46,-1.0,-0.1,1.1
2025-12-23,121440,,2.42,0.6,0.1,-0.7
2025-12-24,121440,,2.53,0.4,-0.0,-0.4
2025-12-26,121440,,2.45,0.6,-0.1,-0.5
2025-12-29,121440,,2.46,-2.8,0.1,2.7
2025-12-30,121440,4985.0,2.25,-0.9,-0.1,0.9
2026-01-02,121440,,2.17,-1.3,-0.3,1.5
2026-01-05,121440,,2.11,0.2,0.1,-0.4
2026-01-06,121440,,2.2,0.4,-0.0,-0.4
2026-01-07,121440,,2.39,1.0,0.5,-1.4
2026-01-08,121440,,2.44,0.5,-0.1,-0.8
2026-01-09,121440,,2.46,0.3,-0.2,-0.2
2026-01-12,121440,,2.48,-0.1,0.0,0.0
2026-01-13,121440,,2.47,-0.2,-0.1,0.0
2026-01-14,121440,,2.6,-0.4,-0.2,0.6
2026-01-15,121440,,2.57,-0.1,-0.2,0.3
2026-01-16,121440,,2.57,-0.4,-0.4,0.5
2026-01-19,121440,,2.55,0.2,-0.1,-0.2
2026-01-20,121440,,2.56,1.2,0.2,-1.5
2026-01-21,121440,,2.62,-0.4,-0.3,0.5
2026-01-22,121440,,2.6,0.5,0.1,-1.3
2026-01-23,121440,,2.63,0.4,-0.1,-0.7
2026-01-26,121440,,2.65,0.2,-0.2,-0.2
2026-01-27,121440,,2.66,-2.1,-0.0,2.1
2026-01-28,121440,,2.55,-0.9,0.2,0.4
2026-01-29,121440,,2.5,1.1,0.0,-1.2
2026-01-30,121440,4705.0,2.56,0.8,-0.0,-0.8
2026-02-02,121440,,2.6,-0.6,-0.1,0.7
2026-02-03,121440,,2.57,-0.5,0.1,0.5
2026-02-04,121440,,2.54,1.8,-0.1,-1.8
2026-02-05,121440,,2.63,0.3,-0.1,-0.2
2026-02-06,121440,,2.64,-0.9,0.1,0.7
2026-02-09,121440,,2.6,0.3,-0.1,-0.2
2026-02-10,121440,,2.64,1.6,0.1,-1.5
2026-02-11,121440,,2.68,0.8,0.1,-0.8
2026-02-12,121440,,2.71,0.7,-0.1,-0.2
2026-02-13,121440,,2.74,0.1,-0.0,-0.1
2026-02-19,121440,,2.75,1.0,-0.0,-1.0
2026-02-20,121440,,2.79,1.2,-0.5,-0.2
2026-02-23,121440,,2.84,0.7,-0.0,-0.7
2026-02-24,121440,,2.87,-1.1,0.0,1.5
2026-02-25,121440,,2.83,0.7,-0.0,-0.7
2026-02-26,121440,,2.86,2.2,-0.1,-2.1
2026-02-27,121440,5390.0,2.95,3.7,0.0,-3.7
2026-03-03,121440,,3.11,3.0,0.1,-2.9
2026-03-04,121440,,3.24,0.4,0.3,-0.7
2026-03-05,121440,,3.21,0.4,0.1,-0.5
2026-03-06,121440,,3.23,-0.1,-0.1,0.4
2026-03-09,121440,,3.23,0.0,0.4,-0.4
2026-03-10,121440,,3.24,-1.0,0.1,0.8
2026-03-11,121440,,3.21,1.1,-0.1,-1.0
2026-03-12,121440,,3.26,0.0,-0.0,-0.0
2026-03-13,121440,,3.27,1.0,0.4,-1.6
2026-03-16,121440,,3.2,2.1,0.2,-2.4
2026-03-17,121440,,3.3,1.7,0.3,-2.0
2026-03-18,121440,,3.43,-1.1,-0.4,1.0
2026-03-19,121440,,3.28,1.6,-0.2,-1.5
2026-03-20,121440,,3.5,1.9,0.3,-2.2
2026-03-23,121440,,3.59,1.8,-0.3,-1.5
2026-03-24,121440,,3.68,-0.4,0.0,0.1
2026-03-25,121440,,3.66,0.4,0.0,-0.4
2026-03-26,121440,,3.68,-0.4,0.0,0.4
2026-03-27,121440,,3.66,0.4,0.0,-0.5
2026-03-30,121440,,3.7,2.2,0.2,-2.8
2026-03-31,121440,4815.0,3.81,-0.3,0.1,-0.0
2026-04-01,121440,,3.79,-0.0,0.0,-0.0
2026-04-02,121440,,3.79,-0.6,0.2,0.4
2026-04-03,121440,,3.76,0.3,-0.0,-0.3
2026-04-06,121440,,3.77,0.1,-0.1,0.1
2026-04-07,121440,,3.78,-0.1,-0.0,0.1
2026-04-08,121440,,3.77,0.5,0.2,-0.7
2026-04-09,121440,,3.8,0.1,-0.1,0.0
2026-04-10,121440,,3.8,1.2,0.0,-1.3
2026-04-13,121440,,3.86,0.3,-0.0,-0.3
2026-04-14,121440,,3.88,-0.5,-0.2,0.6
2026-04-15,121440,,3.91,5.1,0.0,-5.2
2026-04-16,121440,,4.15,-0.1,-0.1,0.1
2026-04-17,121440,,4.15,0.0,-0.1,-0.4
2026-04-20,121440,,4.15,0.4,-0.1,-1.0
2026-04-21,121440,,4.17,-0.5,-0.0,1.0
2026-04-22,121440,,4.15,0.7,0.0,-0.7
2026-04-23,121440,,4.18,-0.1,-0.1,0.1
2026-04-24,121440,,4.18,1.5,0.5,-1.9
2026-04-27,121440,,4.25,-0.5,-0.1,0.5
2026-04-28,121440,,4.23,0.8,0.3,-1.4
2026-04-29,121440,,4.27,1.5,0.6,-1.7
2026-04-30,121440,5250.0,4.31,-0.8,0.1,0.7
2026-05-04,121440,,4.27,-1.4,0.0,1.1
2026-05-06,121440,,4.24,-2.2,0.0,2.2
2026-05-07,121440,,4.12,-0.1,-0.0,0.0
2026-05-08,121440,,4.12,-1.1,-0.7,1.7
2026-05-11,121440,,4.07,0.6,0.1,-0.7
2026-05-12,121440,,4.1,0.1,0.9,-0.9
2026-05-13,121440,,4.07,-1.2,0.1,1.0
2026-05-14,121440,,4.01,0.3,-0.1,-0.3
2026-05-15,121440,,4.03,-0.3,0.3,-0.3
2026-05-18,121440,,4.0,-0.2,0.5,-0.5
2026-05-19,121440,,3.99,0.0,-0.2,-0.1
2026-05-20,121440,,3.93,-1.0,0.5,-0.2
2026-05-21,121440,,3.81,-1.5,0.2,1.0
2026-05-22,121440,,3.73,0.4,0.1,-0.8
2026-05-26,121440,,3.75,-0.9,0.0,1.1
2026-05-27,121440,,3.71,0.7,-0.0,-0.7
2026-05-28,121440,,3.76,0.6,0.1,-0.7
2026-05-29,121440,4495.0,3.79,0.1,-0.1,0.0
2026-06-01,121440,,3.8,-0.1,0.1,-0.2
2026-06-02,121440,,3.8,0.2,-0.0,-0.4
2026-06-04,121440,,3.79,0.7,-0.0,-0.6
2026-06-05,121440,,3.95,0.1,0.0,-0.3
2026-06-08,121440,,3.99,1.3,-0.0,-1.8
2026-06-09,121440,,4.06,1.8,0.0,-1.9
2026-06-10,121440,,4.15,-0.6,-0.0,0.5
2026-06-11,121440,,4.18,-0.4,0.0,0.4
2026-06-12,121440,,4.16,0.3,0.0,-0.4
2026-06-15,121440,,4.18,1.3,0.0,-1.3
2026-06-16,121440,,4.24,0.6,-0.1,-0.7
2026-06-17,121440,,4.27,-0.4,0.0,0.4
2026-06-18,121440,,4.25,-1.1,-0.0,0.9
2026-06-19,121440,,4.2,-0.7,-0.0,0.3
2026-06-22,121440,,4.16,-0.1,-0.0,0.6
2026-06-23,121440,,4.15,-0.3,0.0,1.9
2026-06-24,121440,,4.13,-0.6,-0.0,0.6
2026-06-25,121440,,4.1,0.4,0.4,-0.7
2026-06-26,121440,,4.13,0.0,-0.3,0.0
2026-06-29,121440,,4.13,0.0,0.4,0.1
2026-06-30,121440,6630.0,4.14,-0.4,193.1,-189.4
2026-07-01,121440,,4.15,4.8,34.6,-39.2
2026-07-02,121440,,4.26,15.9,15.5,-29.4
2026-07-03,121440,,4.69,-42.1,77.7,-31.7
2026-07-06,121440,,3.11,20.3,9.3,-29.5
2026-07-07,121440,,3.79,7.4,16.6,-19.7
2026-07-08,121440,,4.04,-12.2,4.2,8.1
2026-07-09,121440,,3.56,7.0,6.8,-13.8
2026-07-10,121440,,3.79,0.6,2.3,-2.9
2026-07-13,121440,6640.0,3.8,16.0,-2.1,-13.7
2025-07-14,121600,,8.43,-5.0,3.2,1.8
2025-07-15,121600,,8.66,-3.5,2.5,1.1
2025-07-16,121600,,8.41,-0.8,-6.8,7.7
2025-07-17,121600,,8.37,-2.9,2.8,0.2
2025-07-18,121600,,8.31,20.9,3.4,-24.5
2025-07-21,121600,,8.74,6.8,11.6,-18.8
2025-07-22,121600,,8.85,10.5,-8.3,-2.2
2025-07-23,121600,,9.02,-6.5,3.5,3.6
2025-07-24,121600,,8.91,-6.9,3.8,2.8
2025-07-25,121600,,8.81,1.0,1.5,-2.4
2025-07-28,121600,,8.81,-3.9,5.0,-1.4
2025-07-29,121600,,8.75,0.3,-0.8,-1.1
2025-07-30,121600,,8.77,0.3,-6.0,3.9
2025-07-31,121600,,8.76,3.4,-9.6,2.8
2025-08-01,121600,,8.9,6.2,-5.9,-3.1
2025-08-04,121600,,9.01,-0.8,5.0,-5.6
2025-08-05,121600,,8.99,3.4,7.9,-12.8
2025-08-06,121600,,9.07,-3.0,5.2,-2.4
2025-08-07,121600,,9.01,-2.1,1.9,-0.1
2025-08-08,121600,,8.99,2.0,3.9,-6.0
2025-08-11,121600,,9.01,-3.4,2.4,0.8
2025-08-12,121600,,8.98,2.9,-6.5,4.5
2025-08-13,121600,,9.03,-6.6,1.7,4.8
2025-08-14,121600,,8.9,-6.1,-1.4,6.9
2025-08-18,121600,,8.83,-3.6,3.3,-1.3
2025-08-19,121600,,8.77,-3.3,0.4,1.1
2025-08-20,121600,,8.65,-2.2,2.2,-1.9
2025-08-21,121600,,8.62,2.6,-2.1,-1.2
2025-08-22,121600,,8.66,-0.1,-0.0,-2.3
2025-08-25,121600,,8.66,-0.7,3.8,-4.7
2025-08-26,121600,,8.69,0.5,-5.0,4.4
2025-08-27,121600,,8.79,-6.7,2.9,4.0
2025-08-28,121600,,8.69,-2.8,2.6,0.2
2025-08-29,121600,52500.0,8.63,5.3,-5.1,-0.1
2025-09-01,121600,,8.7,-2.8,3.4,-0.7
2025-09-02,121600,,8.7,-7.9,5.2,2.6
2025-09-03,121600,,8.63,-6.9,3.5,3.4
2025-09-04,121600,,8.52,-8.5,6.1,2.3
2025-09-05,121600,,8.39,-2.4,-0.3,2.7
2025-09-08,121600,,8.38,8.7,1.9,-10.5
2025-09-09,121600,,8.52,-1.1,2.5,-2.0
2025-09-10,121600,,8.51,2.1,-3.6,1.4
2025-09-11,121600,,8.56,0.2,0.1,-0.2
2025-09-12,121600,,8.56,73.1,-100.4,27.2
2025-09-15,121600,,9.58,12.9,-110.6,97.1
2025-09-16,121600,,9.65,38.5,-107.6,67.1
2025-09-17,121600,,10.19,-12.2,1.4,11.4
2025-09-18,121600,,9.96,0.5,-1.5,1.6
2025-09-19,121600,,9.96,-13.4,-9.6,23.2
2025-09-22,121600,,9.72,-18.2,1.1,16.7
2025-09-23,121600,,9.54,0.8,-0.2,0.2
2025-09-24,121600,,9.56,-20.3,-1.5,21.4
2025-09-25,121600,,9.04,0.5,1.9,-1.6
2025-09-26,121600,,9.06,-13.0,-1.5,14.8
2025-09-29,121600,,8.77,-0.8,0.8,0.0
2025-09-30,121600,45300.0,8.75,9.0,-19.2,10.1
2025-10-01,121600,,8.93,2.2,1.1,-3.4
2025-10-02,121600,,9.1,3.8,-5.5,1.8
2025-10-10,121600,,9.2,3.8,-2.6,0.2
2025-10-13,121600,,9.28,0.3,1.0,-0.7
2025-10-14,121600,,9.29,16.9,-2.8,-8.3
2025-10-15,121600,,9.49,-0.3,0.7,2.3
2025-10-16,121600,,9.46,26.5,8.1,-37.1
2025-10-17,121600,,10.0,11.0,1.5,-12.8
2025-10-20,121600,,10.02,-17.5,4.0,15.2
2025-10-21,121600,,9.72,69.6,21.7,-90.9
2025-10-22,121600,,10.6,-16.5,4.2,11.3
2025-10-23,121600,,10.36,6.0,0.5,-6.1
2025-10-24,121600,,10.29,-23.3,12.6,8.9
2025-10-27,121600,,9.98,-59.8,17.4,37.4
2025-10-28,121600,,9.27,-0.4,17.5,-18.9
2025-10-29,121600,,9.32,1.9,10.8,-9.6
2025-10-30,121600,,9.33,20.4,-3.8,-16.2
2025-10-31,121600,65900.0,9.61,3.8,2.1,-5.7
2025-11-03,121600,,9.65,-15.1,4.7,8.2
2025-11-04,121600,,9.43,5.4,-22.4,15.8
2025-11-05,121600,,9.46,10.2,-3.3,-7.0
2025-11-06,121600,,9.6,5.5,-13.2,7.6
2025-11-07,121600,,9.62,-1.2,0.2,1.3
2025-11-10,121600,,10.12,-11.0,5.6,5.2
2025-11-11,121600,,9.92,-11.6,1.7,9.7
2025-11-12,121600,,9.84,-3.5,-3.6,7.1
2025-11-13,121600,,9.83,-4.0,3.9,-0.2
2025-11-14,121600,,9.78,-8.5,-3.3,11.7
2025-11-17,121600,,9.65,10.8,2.1,-11.5
2025-11-18,121600,,9.88,2.8,-6.7,5.2
2025-11-19,121600,,10.06,-3.1,-3.3,6.3
2025-11-20,121600,,10.0,2.2,-1.4,0.0
2025-11-21,121600,,10.02,4.3,-8.0,4.7
2025-11-24,121600,,9.82,-1.3,-1.1,3.5
2025-11-25,121600,,9.83,-13.7,1.3,12.0
2025-11-26,121600,,9.57,-9.2,8.4,0.2
2025-11-27,121600,,9.42,-2.4,0.2,2.0
2025-11-28,121600,54600.0,9.39,-9.0,7.4,0.6
2025-12-01,121600,,9.28,-11.4,14.8,-3.4
2025-12-02,121600,,9.29,-8.9,8.1,0.8
2025-12-03,121600,,9.15,-6.1,4.0,2.1
2025-12-04,121600,,8.91,-4.8,4.6,0.2
2025-12-05,121600,,8.76,-4.6,9.2,-3.8
2025-12-08,121600,,8.7,-12.9,4.0,9.0
2025-12-09,121600,,8.32,-9.5,4.7,4.7
2025-12-10,121600,,8.17,-7.9,0.5,7.2
2025-12-11,121600,,8.1,3.8,-16.6,13.1
2025-12-12,121600,,8.14,-1.0,-0.9,1.6
2025-12-15,121600,,8.14,6.1,1.5,-7.7
2025-12-16,121600,,8.26,-9.7,-1.8,11.3
2025-12-17,121600,,8.07,-3.5,3.3,0.3
2025-12-18,121600,,7.84,3.7,-2.1,-0.5
2025-12-19,121600,,7.89,8.9,-0.4,-7.2
2025-12-22,121600,,8.04,-5.0,0.3,4.7
2025-12-23,121600,,7.95,0.7,-3.0,2.3
2025-12-24,121600,,8.41,-3.1,4.0,-0.8
2025-12-26,121600,,8.11,-3.1,4.6,-1.5
2025-12-29,121600,,8.06,-3.5,-4.6,8.1
2025-12-30,121600,49950.0,8.03,-9.3,6.4,2.8
2026-01-02,121600,,7.86,-10.9,-9.2,19.7
2026-01-05,121600,,7.66,5.0,-2.9,-1.9
2026-01-06,121600,,8.08,-6.9,4.6,2.2
2026-01-07,121600,,8.01,-9.8,-5.9,15.6
2026-01-08,121600,,7.83,-2.5,-3.9,6.1
2026-01-09,121600,,7.79,-3.0,-0.7,3.5
2026-01-12,121600,,7.75,0.2,-0.2,0.1
2026-01-13,121600,,7.98,-1.1,6.6,-5.4
2026-01-14,121600,,7.93,-12.6,-3.9,16.5
2026-01-15,121600,,7.74,-2.0,0.8,1.2
2026-01-16,121600,,7.64,-10.5,-6.9,16.7
2026-01-19,121600,,7.45,12.4,2.4,-14.8
2026-01-20,121600,,7.7,3.4,4.7,-8.4
2026-01-21,121600,,7.77,-6.8,5.0,2.0
2026-01-22,121600,,7.58,10.1,29.5,-40.2
2026-01-23,121600,,7.88,-38.9,31.0,7.7
2026-01-26,121600,,7.14,-24.1,93.9,-67.5
2026-01-27,121600,,6.9,-17.8,47.2,-31.0
2026-01-28,121600,,6.62,-25.1,81.1,-53.1
2026-01-29,121600,,6.29,2.9,49.3,-49.7
2026-01-30,121600,69100.0,6.34,21.1,36.0,-54.3
2026-02-02,121600,,6.62,33.9,-35.8,-0.7
2026-02-03,121600,,6.6,-20.4,29.7,-17.2
2026-02-04,121600,,6.38,-4.3,11.8,0.4
2026-02-05,121600,,6.3,9.2,-10.3,1.1
2026-02-06,121600,,6.43,16.5,-11.4,-5.0
2026-02-09,121600,,6.46,45.2,27.8,-71.8
2026-02-10,121600,,7.05,-34.4,-2.0,36.3
2026-02-11,121600,,6.54,-6.6,-1.6,7.5
2026-02-12,121600,,6.53,-3.0,4.2,-1.1
2026-02-13,121600,,6.49,-0.3,-8.7,8.9
2026-02-19,121600,,6.47,0.2,30.9,-34.1
2026-02-20,121600,,6.52,-13.1,3.5,13.4
2026-02-23,121600,,6.36,-18.8,-8.3,26.8
2026-02-24,121600,,6.12,8.2,2.5,-9.1
2026-02-25,121600,,6.84,-4.3,1.6,2.7
2026-02-26,121600,,6.59,-8.9,8.3,0.2
2026-02-27,121600,71400.0,6.13,0.1,11.7,-11.8
2026-03-03,121600,,6.22,19.8,-8.6,-11.4
2026-03-04,121600,,6.53,24.5,-3.6,-19.8
2026-03-05,121600,,7.05,-17.5,27.7,-9.9
2026-03-06,121600,,6.75,16.1,6.1,-21.9
2026-03-09,121600,,7.02,-10.9,-4.4,15.8
2026-03-10,121600,,6.93,-18.7,-2.5,21.1
2026-03-11,121600,,6.6,-7.4,-14.7,22.0
2026-03-12,121600,,6.5,4.0,-13.9,9.9
2026-03-13,121600,,6.54,20.9,-43.8,23.2
2026-03-16,121600,,6.83,6.2,-16.0,9.4
2026-03-17,121600,,6.91,15.4,-7.8,-7.6
2026-03-18,121600,,7.35,-7.9,5.1,3.0
2026-03-19,121600,,7.19,1.1,-19.8,18.7
2026-03-20,121600,,7.12,-2.9,-2.3,5.3
2026-03-23,121600,,7.14,9.4,-8.2,-1.6
2026-03-24,121600,,6.91,7.6,3.6,-11.3
2026-03-25,121600,,7.02,1.1,-3.9,2.8
2026-03-26,121600,,7.07,3.0,-7.1,2.0
2026-03-27,121600,,7.1,25.8,16.8,-42.2
2026-03-30,121600,,7.25,-35.5,-0.1,35.8
2026-03-31,121600,61200.0,6.68,15.0,-39.2,23.4
2026-04-01,121600,,6.88,-5.5,9.1,-3.5
2026-04-02,121600,,6.82,1.6,-6.3,6.3
2026-04-03,121600,,6.94,-8.5,-3.1,11.8
2026-04-06,121600,,6.83,-2.2,3.9,-1.6
2026-04-07,121600,,6.81,6.1,3.7,-9.7
2026-04-08,121600,,6.94,-26.2,23.2,2.9
2026-04-09,121600,,6.57,-11.1,16.2,-4.8
2026-04-10,121600,,6.48,-10.0,12.3,-2.5
2026-04-13,121600,,6.36,-28.9,8.3,20.7
2026-04-14,121600,,6.04,-31.2,-1.9,32.9
2026-04-15,121600,,5.68,114.0,68.5,-181.0
2026-04-16,121600,,7.56,-26.3,20.2,6.4
2026-04-17,121600,,6.97,-22.5,6.1,15.0
2026-04-20,121600,,6.56,15.8,78.3,-94.1
2026-04-21,121600,,6.81,-80.7,99.5,-13.8
2026-04-22,121600,,5.86,-15.5,-12.9,28.7
2026-04-23,121600,,5.79,-2.3,-1.1,4.9
2026-04-24,121600,,5.74,-2.4,42.2,-35.0
2026-04-27,121600,,6.19,-35.4,4.9,30.7
2026-04-28,121600,,5.88,-25.5,39.1,-9.8
2026-04-29,121600,,5.74,10.7,24.4,-35.0
2026-04-30,121600,82800.0,5.91,2.5,-18.7,16.6
2026-05-04,121600,,5.86,-19.6,-5.7,25.3
2026-05-06,121600,,5.67,22.1,-30.8,8.4
2026-05-07,121600,,5.92,8.5,-5.0,-5.3
2026-05-08,121600,,5.91,1.3,-13.6,11.8
2026-05-11,121600,,5.95,7.6,-32.8,25.4
2026-05-12,121600,,6.05,43.0,-50.2,5.5
2026-05-13,121600,,6.4,12.9,-28.6,15.7
2026-05-14,121600,,6.53,-30.8,-4.3,35.5
2026-05-15,121600,,6.16,-21.8,-17.0,35.8
2026-05-18,121600,,5.83,3.1,-11.4,8.2
2026-05-19,121600,,6.0,1.9,-4.4,1.9
2026-05-20,121600,,5.92,21.8,-22.2,-1.7
2026-05-21,121600,,6.23,-0.5,5.3,-5.2
2026-05-22,121600,,6.24,-7.8,12.3,-3.1
2026-05-26,121600,,6.14,-12.5,-6.0,18.9
2026-05-27,121600,,5.95,14.7,-25.5,10.4
2026-05-28,121600,,6.12,-5.9,1.4,3.8
2026-05-29,121600,66800.0,6.05,17.9,-37.3,18.1
2026-06-01,121600,,6.32,5.3,-1.6,-3.5
2026-06-02,121600,,6.42,2.5,-1.7,-1.4
2026-06-04,121600,,6.4,-5.9,2.6,3.3
2026-06-05,121600,,6.31,-8.6,-11.5,19.8
2026-06-08,121600,,6.16,11.5,-2.3,-7.2
2026-06-09,121600,,6.37,7.9,-5.9,-2.6
2026-06-10,121600,,6.49,17.9,-23.9,5.8
2026-06-11,121600,,6.74,7.4,-5.9,-1.5
2026-06-12,121600,,6.86,17.9,-21.1,2.9
2026-06-15,121600,,7.1,-6.5,3.4,3.6
2026-06-16,121600,,6.96,-8.5,-6.6,15.4
2026-06-17,121600,,6.82,-4.3,0.6,3.7
2026-06-18,121600,,6.73,9.6,-13.3,3.7
2026-06-19,121600,,6.89,8.0,-5.0,-2.9
2026-06-22,121600,,7.02,7.4,-6.5,-1.0
2026-06-23,121600,,7.14,7.7,-1.1,-5.9
2026-06-24,121600,,7.3,-0.4,4.6,-4.2
2026-06-25,121600,,7.36,15.6,-14.4,-1.5
2026-06-26,121600,,7.54,15.4,-4.7,-11.2
2026-06-29,121600,,7.84,-11.0,20.6,-8.2
2026-06-30,121600,51200.0,7.73,-12.9,14.2,-1.4
2026-07-01,121600,,7.44,1.6,-9.6,7.5
2026-07-02,121600,,7.47,3.4,-7.0,3.3
2026-07-03,121600,,7.52,2.0,-1.0,-0.4
2026-07-06,121600,,7.5,-6.3,-1.9,8.2
2026-07-07,121600,,7.32,0.5,0.9,-1.5
2026-07-08,121600,,7.34,-8.5,-2.3,10.8
2026-07-09,121600,,7.13,-1.6,8.5,-6.8
2026-07-10,121600,,7.1,-4.7,10.8,-6.2
2026-07-13,121600,45000.0,7.04,1.1,-2.6,1.4
2025-07-14,121800,,1.43,,,
2025-07-15,121800,,1.43,,,
2025-07-16,121800,,1.43,,,
2025-07-17,121800,,1.43,,,
2025-07-18,121800,,1.43,,,
2025-07-21,121800,,1.43,,,
2025-07-22,121800,,1.43,,,
2025-07-23,121800,,1.43,,,
2025-07-24,121800,,1.43,,,
2025-07-25,121800,,1.43,,,
2025-07-28,121800,,1.43,,,
2025-07-29,121800,,1.43,,,
2025-07-30,121800,,1.43,,,
2025-07-31,121800,,1.43,,,
2025-08-01,121800,,1.43,,,
2025-08-04,121800,,1.43,,,
2025-08-05,121800,,1.43,,,
2025-08-06,121800,,1.43,,,
2025-08-07,121800,,1.43,,,
2025-08-08,121800,,1.43,,,
2025-08-11,121800,,1.43,,,
2025-08-12,121800,,1.43,,,
2025-08-13,121800,,1.43,,,
2025-08-14,121800,,1.43,,,
2025-08-18,121800,,1.43,,,
2025-08-19,121800,,1.43,,,
2025-08-20,121800,,1.43,,,
2025-08-21,121800,,1.43,,,
2025-08-22,121800,,1.42,,,
2025-08-25,121800,,1.42,,,
2025-08-26,121800,,1.42,,,
2025-08-27,121800,,1.42,,,
2025-08-28,121800,,1.42,,,
2025-08-29,121800,3320.0,1.42,,,
2025-09-01,121800,,1.42,,,
2025-09-02,121800,,1.42,,,
2025-09-03,121800,,1.42,,,
2025-09-04,121800,,1.42,,,
2025-09-05,121800,,1.42,,,
2025-09-08,121800,,1.42,,,
2025-09-09,121800,,1.42,,,
2025-09-10,121800,,1.42,,,
2025-09-11,121800,,1.42,,,
2025-09-12,121800,,1.42,,,
2025-09-15,121800,,1.42,,,
2025-09-16,121800,,1.42,,,
2025-09-17,121800,,1.42,,,
2025-09-18,121800,,1.42,,,
2025-09-19,121800,,1.42,,,
2025-09-22,121800,,1.42,,,
2025-09-23,121800,,1.42,,,
2025-09-24,121800,,1.42,,,
2025-09-25,121800,,1.42,,,
2025-09-26,121800,,1.42,,,
2025-09-29,121800,,1.42,,,
2025-09-30,121800,3320.0,1.42,,,
2025-10-01,121800,,1.42,,,
2025-10-02,121800,,1.42,,,
2025-10-10,121800,,1.42,,,
2025-10-13,121800,,1.42,,,
2025-10-14,121800,,1.42,,,
2025-10-15,121800,,1.42,,,
2025-10-16,121800,,1.42,,,
2025-10-17,121800,,1.42,,,
2025-10-20,121800,,1.42,,,
2025-10-21,121800,,1.42,,,
2025-10-22,121800,,1.42,,,
2025-10-23,121800,,1.42,,,
2025-10-24,121800,,1.42,,,
2025-10-27,121800,,1.42,,,
2025-10-28,121800,,1.42,,,
2025-10-29,121800,,1.42,,,
2025-10-30,121800,,1.42,,,
2025-10-31,121800,3320.0,1.42,,,
2025-11-03,121800,,1.42,,,
2025-11-04,121800,,1.42,,,
2025-11-05,121800,,1.42,,,
2025-11-06,121800,,1.42,,,
2025-11-07,121800,,1.42,,,
2025-11-10,121800,,1.42,,,
2025-11-11,121800,,1.42,,,
2025-11-12,121800,,1.42,,,
2025-11-13,121800,,1.42,,,
2025-11-14,121800,,1.42,,,
2025-11-17,121800,,1.42,,,
2025-11-18,121800,,1.42,,,
2025-11-19,121800,,1.42,,,
2025-11-20,121800,,1.42,,,
2025-11-21,121800,,1.42,,,
2025-11-24,121800,,1.42,,,
2025-11-25,121800,,1.42,,,
2025-11-26,121800,,1.42,,,
2025-11-27,121800,,1.42,,,
2025-11-28,121800,3320.0,1.42,,,
2025-12-01,121800,,1.42,,,
2025-12-02,121800,,1.42,,,
2025-12-03,121800,,1.42,,,
2025-12-04,121800,,1.42,,,
2025-12-05,121800,,1.42,,,
2025-12-08,121800,,1.42,,,
2025-12-09,121800,,1.42,,,
2025-12-10,121800,,1.42,,,
2025-12-11,121800,,1.42,,,
2025-12-12,121800,,1.42,,,
2025-12-15,121800,,1.42,,,
2025-12-16,121800,,1.42,,,
2025-12-17,121800,,1.42,,,
2025-12-18,121800,,1.42,,,
2025-12-19,121800,,1.42,,,
2025-12-22,121800,,1.42,,,
2025-12-23,121800,,1.42,,,
2025-12-24,121800,,1.42,,,
2025-12-26,121800,,1.42,,,
2025-12-29,121800,,1.42,,,
2025-12-30,121800,3320.0,1.42,,,
2026-01-02,121800,,1.42,,,
2026-01-05,121800,,1.42,,,
2026-01-06,121800,,1.42,,,
2026-01-07,121800,,1.5,,,
2026-01-08,121800,,1.5,,,
2026-01-09,121800,,1.5,,,
2026-01-12,121800,,1.5,,,
2026-01-13,121800,,1.5,,,
2026-01-14,121800,,1.5,,,
2026-01-15,121800,,1.5,,,
2026-01-16,121800,,1.5,,,
2026-01-19,121800,,1.5,,,
2026-01-20,121800,,1.5,,,
2026-01-21,121800,,1.5,,,
2026-01-22,121800,,1.5,,,
2026-01-23,121800,,1.5,,,
2026-01-26,121800,,1.5,,,
2026-01-27,121800,,1.5,,,
2026-01-28,121800,,1.5,,,
2026-01-29,121800,,1.5,,,
2026-01-30,121800,3320.0,1.5,,,
2026-02-02,121800,,1.5,,,
2026-02-03,121800,,1.5,,,
2026-02-04,121800,,1.5,,,
2026-02-05,121800,,1.5,,,
2026-02-06,121800,,1.5,,,
2026-02-09,121800,,1.5,,,
2026-02-10,121800,,1.5,,,
2026-02-11,121800,,1.5,,,
2026-02-12,121800,,1.5,,,
2026-02-13,121800,,1.5,,,
2026-02-19,121800,,1.5,,,
2026-02-20,121800,,1.5,,,
2026-02-23,121800,,1.5,,,
2026-02-24,121800,,1.5,,,
2026-02-25,121800,,1.5,,,
2026-02-26,121800,,1.5,,,
2026-02-27,121800,3320.0,1.5,,,
2026-03-03,121800,,1.5,,,
2026-03-04,121800,,1.5,,,
2026-03-05,121800,,1.5,,,
2026-03-06,121800,,1.5,,,
2026-03-09,121800,,1.5,,,
2026-03-10,121800,,1.5,,,
2026-03-11,121800,,1.5,,,
2026-03-12,121800,,1.5,,,
2026-03-13,121800,,1.5,,,
2026-03-16,121800,,1.5,,,
2026-03-17,121800,,1.5,,,
2026-03-18,121800,,1.5,,,
2026-03-19,121800,,1.5,,,
2026-03-20,121800,,1.59,,,
2026-03-23,121800,,1.59,,,
2026-03-24,121800,,1.59,,,
2026-03-25,121800,,1.59,,,
2026-03-26,121800,,1.59,,,
2026-03-27,121800,,1.59,,,
2026-03-30,121800,,1.58,,,
2026-03-31,121800,3320.0,1.58,,,
2026-04-01,121800,,1.58,,,
2026-04-02,121800,,1.58,,,
2026-04-03,121800,,1.58,,,
2026-04-06,121800,,1.58,,,
2026-04-07,121800,,1.58,,,
2026-04-08,121800,,1.58,,,
2026-04-09,121800,,1.58,,,
2026-04-10,121800,,1.58,,,
2026-04-13,121800,,1.58,,,
2026-04-14,121800,,1.58,,,
2026-04-15,121800,,1.58,,,
2026-04-16,121800,,1.58,,,
2026-04-17,121800,,1.58,,,
2026-04-20,121800,,1.58,,,
2026-04-21,121800,,1.58,,,
2026-04-22,121800,,1.56,,,
2026-04-23,121800,,1.56,,,
2026-04-24,121800,,1.56,,,
2026-04-27,121800,,1.56,,,
2026-04-28,121800,,1.56,,,
2026-04-29,121800,,1.56,,,
2026-04-30,121800,3320.0,1.56,,,
2026-05-04,121800,,1.56,,,
2026-05-06,121800,,1.56,,,
2026-05-07,121800,,1.56,,,
2026-05-08,121800,,1.56,,,
2026-05-11,121800,,1.56,,,
2026-05-12,121800,,1.56,,,
2026-05-13,121800,,1.56,,,
2026-05-14,121800,,1.56,,,
2026-05-15,121800,,1.56,,,
2026-05-18,121800,,1.56,,,
2026-05-19,121800,,1.56,,,
2026-05-20,121800,,1.56,,,
2026-05-21,121800,,1.48,,,
2026-05-22,121800,,1.48,,,
2026-05-26,121800,,1.47,,,
2026-05-27,121800,,1.47,,,
2026-05-28,121800,,1.47,,,
2026-05-29,121800,3320.0,1.47,,,
2026-06-01,121800,,1.47,,,
2026-06-02,121800,,1.47,,,
2026-06-04,121800,,1.47,,,
2026-06-05,121800,,1.47,,,
2026-06-08,121800,,1.47,,,
2026-06-09,121800,,1.47,,,
2026-06-10,121800,,1.47,,,
2026-06-11,121800,,1.55,,,
2026-06-12,121800,,1.55,,,
2026-06-15,121800,,1.55,,,
2026-06-16,121800,,1.55,,,
2026-06-17,121800,,1.55,,,
2026-06-18,121800,,1.55,,,
2026-06-19,121800,,1.55,,,
2026-06-22,121800,,1.55,,,
2026-06-23,121800,,1.55,,,
2026-06-24,121800,,1.55,,,
2026-06-25,121800,,1.55,,,
2026-06-26,121800,,1.55,,,
2026-06-29,121800,,1.55,,,
2026-06-30,121800,3320.0,1.55,,,
2026-07-01,121800,,1.55,,,
2026-07-02,121800,,1.55,,,
2026-07-03,121800,,1.55,,,
2026-07-06,121800,,1.55,,,
2026-07-07,121800,,1.55,,,
2026-07-08,121800,,1.55,,,
2026-07-09,121800,,1.55,,,
2026-07-10,121800,,1.55,,,
2026-07-13,121800,3320.0,1.55,,,
2025-07-14,121850,,1.79,-0.1,,0.1
2025-07-15,121850,,1.76,-0.2,,0.2
2025-07-16,121850,,1.68,0.1,,-0.1
2025-07-17,121850,,1.72,-0.0,,0.0
2025-07-18,121850,,1.71,0.2,,-0.2
2025-07-21,121850,,1.74,0.2,,-0.1
2025-07-22,121850,,1.79,-0.1,,0.1
2025-07-23,121850,,1.75,-0.1,,0.1
2025-07-24,121850,,1.72,-0.0,,0.0
2025-07-25,121850,,1.72,-0.1,,0.1
2025-07-28,121850,,1.68,-0.0,,0.0
2025-07-29,121850,,1.67,0.0,,-0.1
2025-07-30,121850,,1.66,0.1,,-0.1
2025-07-31,121850,,1.7,-1.7,,1.8
2025-08-01,121850,,1.25,0.3,,-0.3
2025-08-04,121850,,1.35,0.4,,-0.4
2025-08-05,121850,,1.5,0.3,,-0.3
2025-08-06,121850,,1.59,0.3,,-0.3
2025-08-07,121850,,1.7,0.1,,-0.1
2025-08-08,121850,,1.81,0.9,,-0.9
2025-08-11,121850,,2.15,-0.2,,0.2
2025-08-12,121850,,2.06,0.0,,-0.0
2025-08-13,121850,,2.06,-0.0,,0.1
2025-08-14,121850,,2.05,0.1,,-0.1
2025-08-18,121850,,2.22,-0.1,,0.1
2025-08-19,121850,,2.18,-0.0,,0.0
2025-08-20,121850,,2.18,-0.2,,0.2
2025-08-21,121850,,2.12,0.0,,-0.0
2025-08-22,121850,,2.12,-0.1,,0.1
2025-08-25,121850,,2.09,-0.1,,0.1
2025-08-26,121850,,2.06,-0.0,,0.0
2025-08-27,121850,,2.04,-0.3,,0.3
2025-08-28,121850,,1.92,0.1,,-0.1
2025-08-29,121850,843.0,1.94,-0.1,,0.1
2025-09-01,121850,,1.92,-0.4,,0.4
2025-09-02,121850,,1.77,-0.1,,0.1
2025-09-03,121850,,1.75,-0.0,,-0.0
2025-09-04,121850,,1.75,-0.0,,-0.0
2025-09-05,121850,,1.75,0.0,,-0.0
2025-09-08,121850,,1.75,0.0,,-0.0
2025-09-09,121850,,1.75,0.1,,-0.1
2025-09-10,121850,,1.78,0.1,,-0.1
2025-09-11,121850,,1.83,0.1,,-0.1
2025-09-12,121850,,1.85,0.0,,-0.0
2025-09-15,121850,,1.86,-0.1,,0.1
2025-09-16,121850,,1.83,-1.8,,1.7
2025-09-17,121850,,0.99,0.0,,-0.1
2025-09-18,121850,,1.02,0.3,,-0.3
2025-09-19,121850,,1.19,0.8,,-0.8
2025-09-22,121850,,1.59,-0.0,,0.0
2025-09-23,121850,,1.57,0.2,,-0.2
2025-09-24,121850,,1.68,-0.4,,0.4
2025-09-25,121850,,1.46,0.1,,-0.1
2025-09-26,121850,,1.52,0.1,,-0.1
2025-09-29,121850,,1.59,0.4,,-0.4
2025-09-30,121850,637.0,1.8,0.0,,0.0
2025-10-01,121850,,1.82,-0.0,,-0.0
2025-10-02,121850,,1.8,-0.0,,0.1
2025-10-10,121850,,1.8,-0.0,,0.0
2025-10-13,121850,,1.78,0.2,,-0.2
2025-10-14,121850,,1.88,-0.0,,0.0
2025-10-15,121850,,1.87,0.8,,-0.8
2025-10-16,121850,,2.28,0.0,,-0.0
2025-10-17,121850,,2.3,-0.1,,0.1
2025-10-20,121850,,2.26,0.3,,-0.3
2025-10-21,121850,,2.39,0.2,,-0.2
2025-10-22,121850,,2.52,-0.0,,0.0
2025-10-23,121850,,2.51,0.1,,-0.1
2025-10-24,121850,,2.58,0.1,,-0.1
2025-10-27,121850,,2.61,0.0,,0.0
2025-10-28,121850,,2.61,-0.1,,0.1
2025-10-29,121850,,2.54,-0.2,,0.2
2025-10-30,121850,,2.44,0.1,,-0.1
2025-10-31,121850,606.0,2.46,0.0,,-0.0
2025-11-03,121850,,2.47,0.0,,-0.0
2025-11-04,121850,,2.49,0.0,,-0.0
2025-11-05,121850,,2.5,0.0,,-0.0
2025-11-06,121850,,2.53,0.0,,-0.0
2025-11-07,121850,,2.54,-0.1,,0.1
2025-11-10,121850,,2.5,0.1,,-0.1
2025-11-11,121850,,2.52,-0.0,,0.0
2025-11-12,121850,,2.5,0.0,,-0.0
2025-11-13,121850,,2.3,-0.2,,0.2
2025-11-14,121850,,2.2,0.3,,-0.3
2025-11-17,121850,,1.54,,,
2025-11-18,121850,,1.54,,,
2025-11-19,121850,,1.54,,,
2025-11-20,121850,,1.54,,,
2025-11-21,121850,,1.54,,,
2025-11-24,121850,,1.54,,,
2025-11-25,121850,,1.54,,,
2025-11-26,121850,,1.54,,,
2025-11-27,121850,,1.54,,,
2025-11-28,121850,565.0,1.54,,,
2025-12-01,121850,,1.54,,,
2025-12-02,121850,,1.54,,,
2025-12-03,121850,,1.54,,,
2025-12-04,121850,,1.54,,,
2025-12-05,121850,,1.54,,,
2025-12-08,121850,,1.54,,,
2025-12-09,121850,,1.54,,,
2025-12-10,121850,,2.7,-0.2,-0.0,0.3
2025-12-11,121850,,1.19,-1.1,,1.1
2025-12-12,121850,,0.57,-0.2,,0.2
2025-12-15,121850,,0.44,-0.2,,0.2
2025-12-16,121850,,0.32,-0.1,,0.1
2025-12-17,121850,,0.28,0.1,,-0.1
2025-12-18,121850,,0.33,-0.0,,0.0
2025-12-19,121850,,0.3,0.1,,-0.1
2025-12-22,121850,,0.41,0.0,,-0.0
2025-12-23,121850,,0.42,0.0,,-0.0
2025-12-24,121850,,0.5,0.3,,-0.2
2025-12-26,121850,,0.68,-0.0,,0.0
2025-12-29,121850,,0.65,0.0,,-0.0
2025-12-30,121850,4250.0,0.67,0.3,,-0.3
2026-01-02,121850,,0.9,0.1,-0.0,-0.1
2026-01-05,121850,,0.98,0.1,,-0.1
2026-01-06,121850,,1.04,0.0,,-0.0
2026-01-07,121850,,1.06,0.0,,-0.0
2026-01-08,121850,,1.09,0.5,-0.0,-0.5
2026-01-09,121850,,1.86,0.2,,-0.2
2026-01-12,121850,,2.04,-0.2,,0.2
2026-01-13,121850,,1.92,0.8,,-0.8
2026-01-14,121850,,2.75,0.4,,-0.4
2026-01-15,121850,,3.05,-0.1,,0.1
2026-01-16,121850,,2.99,0.3,-0.0,-0.2
2026-01-19,121850,,3.21,0.1,,-0.2
2026-01-20,121850,,3.35,0.5,,-0.5
2026-01-21,121850,,3.75,-0.1,,0.1
2026-01-22,121850,,3.66,-0.4,-0.3,0.6
2026-01-23,121850,,3.34,-0.1,-0.1,0.2
2026-01-26,121850,,3.33,-0.0,-0.0,0.1
2026-01-27,121850,,3.32,0.1,-0.2,0.1
2026-01-28,121850,,3.44,-0.4,-0.0,0.4
2026-01-29,121850,,3.13,-0.5,-0.1,0.6
2026-01-30,121850,3530.0,2.86,-0.5,-0.1,0.5
2026-02-02,121850,,2.43,0.3,-0.0,-0.3
2026-02-03,121850,,2.7,-0.8,,0.8
2026-02-04,121850,,2.11,-0.1,0.0,0.1
2026-02-05,121850,,2.17,-2.7,0.5,1.9
2026-02-06,121850,,0.95,5.2,-13.1,8.0
2026-02-09,121850,,4.25,-1.8,-0.4,2.3
2026-02-10,121850,,5.94,-3.8,-0.0,3.9
2026-02-11,121850,,3.89,-2.9,-0.1,2.8
2026-02-12,121850,,2.43,0.1,,-0.0
2026-02-13,121850,,2.49,-0.2,,0.1
2026-02-19,121850,,2.4,1.1,,-1.1
2026-02-20,121850,,3.07,0.7,-0.5,-0.3
2026-02-23,121850,,3.54,0.9,-0.3,-0.6
2026-02-24,121850,,4.13,0.6,,-0.6
2026-02-25,121850,,4.55,-0.5,,0.5
2026-02-26,121850,,4.2,-0.3,,0.2
2026-02-27,121850,2640.0,4.34,0.7,,-0.8
2026-03-03,121850,,4.89,0.3,,-0.4
2026-03-04,121850,,5.16,0.5,0.0,-0.6
2026-03-05,121850,,5.65,-0.6,-0.0,0.6
2026-03-06,121850,,5.21,-0.6,,0.6
2026-03-09,121850,,4.68,-0.3,,0.3
2026-03-10,121850,,4.4,-0.0,,0.0
2026-03-11,121850,,4.25,0.2,,-0.7
2026-03-12,121850,,4.42,0.0,,0.4
2026-03-13,121850,,4.45,0.2,-0.1,-0.3
2026-03-16,121850,,4.66,-0.2,,-0.0
2026-03-17,121850,,4.51,-0.2,,0.1
2026-03-18,121850,,4.21,-0.3,,0.7
2026-03-19,121850,,3.92,0.1,,-0.5
2026-03-20,121850,,4.05,1.3,,-0.9
2026-03-23,121850,,5.11,-0.1,,-0.2
2026-03-24,121850,,5.04,-0.7,,0.0
2026-03-25,121850,,4.4,-0.0,,-0.1
2026-03-26,121850,,4.38,0.1,-0.0,-0.1
2026-03-27,121850,,4.44,0.3,,0.0
2026-03-30,121850,,4.68,0.1,,0.3
2026-03-31,121850,2290.0,4.78,-0.0,,-0.1
2026-04-01,121850,,4.64,-0.1,,0.6
2026-04-02,121850,,4.56,0.0,,-0.0
2026-04-03,121850,,4.59,-0.3,,0.2
2026-04-06,121850,,4.34,-0.2,,0.6
2026-04-07,121850,,4.23,-0.1,,0.1
2026-04-08,121850,,4.16,-0.3,0.0,0.3
2026-04-09,121850,,4.03,-0.2,0.0,0.1
2026-04-10,121850,,3.94,-3.9,-0.1,3.9
2026-04-13,121850,,2.25,-1.3,,0.2
2026-04-14,121850,,1.76,0.4,,0.5
2026-04-15,121850,,2.0,1.8,,-1.4
2026-04-16,121850,,3.02,-0.2,,0.1
2026-04-17,121850,,2.91,-0.2,,0.3
2026-04-20,121850,,2.76,0.5,,-0.5
2026-04-21,121850,,3.14,-0.3,,0.2
2026-04-22,121850,,2.98,0.1,,-0.2
2026-04-23,121850,,3.05,-0.7,-0.0,0.8
2026-04-24,121850,,2.55,-0.5,,0.4
2026-04-27,121850,,2.17,0.2,,-0.0
2026-04-28,121850,,2.29,-0.3,,0.4
2026-04-29,121850,,2.05,0.2,,-0.2
2026-04-30,121850,2635.0,2.17,-0.3,,0.3
2026-05-04,121850,,1.94,0.0,-0.0,-0.0
2026-05-06,121850,,1.97,-0.1,,0.1
2026-05-07,121850,,1.91,0.4,0.0,-0.4
2026-05-08,121850,,2.22,0.5,-0.0,-0.5
2026-05-11,121850,,2.59,-0.8,0.0,0.8
2026-05-12,121850,,2.0,-0.3,0.0,0.3
2026-05-13,121850,,1.72,-0.0,-0.0,0.0
2026-05-14,121850,,1.69,0.7,0.0,-0.7
2026-05-15,121850,,2.29,-0.2,0.0,0.1
2026-05-18,121850,,2.15,-0.2,-0.0,0.2
2026-05-19,121850,,1.96,-0.2,0.0,0.2
2026-05-20,121850,,1.79,-0.4,0.0,0.3
2026-05-21,121850,,1.51,-1.2,-0.0,1.4
2026-05-22,121850,,0.64,0.1,-0.0,-0.1
2026-05-26,121850,,0.68,-0.0,0.0,0.0
2026-05-27,121850,,0.64,0.3,-0.0,-0.3
2026-05-28,121850,,0.89,0.2,0.0,-0.2
2026-05-29,121850,2300.0,1.1,-0.1,-0.0,0.1
2026-06-01,121850,,1.03,0.2,0.0,-0.3
2026-06-02,121850,,1.27,-0.1,-0.0,0.1
2026-06-04,121850,,1.2,0.1,,-0.1
2026-06-05,121850,,1.26,-0.0,,0.0
2026-06-08,121850,,1.24,0.2,,-0.2
2026-06-09,121850,,1.59,-0.0,,0.0
2026-06-10,121850,,1.53,-0.0,,0.0
2026-06-11,121850,,1.5,-0.0,,0.0
2026-06-12,121850,,1.43,0.1,,-0.1
2026-06-15,121850,,1.51,-0.1,,0.1
2026-06-16,121850,,1.44,-0.1,,0.1
2026-06-17,121850,,1.33,-0.1,,0.1
2026-06-18,121850,,1.19,-0.0,,0.0
2026-06-19,121850,,1.06,-0.1,,0.1
2026-06-22,121850,,1.0,0.0,,-0.0
2026-06-23,121850,,1.05,0.0,,-0.0
2026-06-24,121850,,1.08,-0.1,,0.1
2026-06-25,121850,,1.0,0.0,,-0.1
2026-06-26,121850,,1.04,0.2,,-0.3
2026-06-29,121850,,1.38,0.2,0.0,-0.2
2026-06-30,121850,1321.0,1.69,-0.0,0.0,0.0
2026-07-01,121850,,1.66,0.1,,-0.1
2026-07-02,121850,,1.84,-0.1,,0.1
2026-07-03,121850,,1.72,-0.0,,0.0
2026-07-06,121850,,1.71,-0.1,,0.1
2026-07-07,121850,,1.63,-0.1,,0.1
2026-07-08,121850,,1.51,-0.1,,0.1
2026-07-09,121850,,1.36,0.0,,-0.0
2026-07-10,121850,,1.39,0.1,,-0.1
2026-07-13,121850,1363.0,1.57,0.0,,-0.0
2025-07-14,121890,,3.39,-0.1,,0.2
2025-07-15,121890,,3.32,-0.0,,0.1
2025-07-16,121890,,3.32,-0.0,,0.1
2025-07-17,121890,,3.31,0.0,,-0.0
2025-07-18,121890,,3.31,0.0,,-0.0
2025-07-21,121890,,3.33,-0.0,,0.1
2025-07-22,121890,,3.32,-0.0,,0.0
2025-07-23,121890,,3.31,0.0,,-0.1
2025-07-24,121890,,3.32,0.0,,-0.0
2025-07-25,121890,,3.32,0.0,,-0.0
2025-07-28,121890,,3.33,0.0,,-0.1
2025-07-29,121890,,3.33,-0.0,,0.1
2025-07-30,121890,,3.33,-0.0,,-0.0
2025-07-31,121890,,3.32,-0.0,,0.0
2025-08-01,121890,,3.32,-0.0,,0.0
2025-08-04,121890,,3.31,0.0,,-0.0
2025-08-05,121890,,3.33,0.1,,-0.0
2025-08-06,121890,,3.36,0.0,,0.0
2025-08-07,121890,,3.36,0.0,,-0.0
2025-08-08,121890,,3.37,-0.0,,0.0
2025-08-11,121890,,3.36,0.0,,-0.0
2025-08-12,121890,,3.36,0.0,,-0.0
2025-08-13,121890,,3.36,0.2,,-0.2
2025-08-14,121890,,3.45,0.4,,-0.4
2025-08-18,121890,,3.67,0.3,,-0.5
2025-08-19,121890,,3.84,0.0,,-0.0
2025-08-20,121890,,3.82,0.1,,-0.1
2025-08-21,121890,,3.86,-0.0,,0.1
2025-08-22,121890,,3.86,0.4,,-0.2
2025-08-25,121890,,4.09,0.4,,-0.4
2025-08-26,121890,,4.38,0.1,,-0.0
2025-08-27,121890,,4.42,0.1,,-0.1
2025-08-28,121890,,4.48,0.2,,-0.2
2025-08-29,121890,1515.0,4.57,0.3,,-0.4
2025-09-01,121890,,4.77,0.1,0.0,-0.9
2025-09-02,121890,,4.73,0.1,,-0.2
2025-09-03,121890,,4.77,1.1,-0.0,-1.5
2025-09-04,121890,,5.3,0.1,,-0.3
2025-09-05,121890,,5.36,1.0,,-1.0
2025-09-08,121890,,5.76,1.2,,-1.6
2025-09-09,121890,,6.3,0.3,,-0.3
2025-09-10,121890,,6.44,0.1,,-0.2
2025-09-11,121890,,6.51,0.7,,-0.7
2025-09-12,121890,,6.85,0.5,,-0.3
2025-09-15,121890,,7.08,0.5,,-0.6
2025-09-16,121890,,7.31,1.2,,0.2
2025-09-17,121890,,7.89,0.1,,0.1
2025-09-18,121890,,7.91,-0.1,,0.3
2025-09-19,121890,,7.86,-0.1,,0.3
2025-09-22,121890,,7.81,1.4,,0.3
2025-09-23,121890,,8.48,-2.3,,7.1
2025-09-24,121890,,7.59,1.0,,-2.3
2025-09-25,121890,,8.07,0.6,,-1.1
2025-09-26,121890,,8.35,0.4,,-0.5
2025-09-29,121890,,8.54,1.7,,-1.3
2025-09-30,121890,1620.0,9.33,-0.3,,0.2
2025-10-01,121890,,9.2,0.0,,-0.3
2025-10-02,121890,,9.21,0.4,,-1.0
2025-10-10,121890,,9.4,0.0,,-0.5
2025-10-13,121890,,9.41,0.4,,-0.3
2025-10-14,121890,,9.58,-0.4,,0.4
2025-10-15,121890,,9.41,0.6,,-0.6
2025-10-16,121890,,9.68,-0.1,,-0.8
2025-10-17,121890,,9.65,0.0,,-1.1
2025-10-20,121890,,9.64,1.5,,0.1
2025-10-21,121890,,10.33,-0.2,,0.3
2025-10-22,121890,,10.24,-0.1,,0.1
2025-10-23,121890,,10.19,0.5,,-0.7
2025-10-24,121890,,10.41,0.8,,-1.2
2025-10-27,121890,,10.75,0.3,,-0.8
2025-10-28,121890,,10.88,-0.2,,-0.2
2025-10-29,121890,,10.79,-0.1,,0.0
2025-10-30,121890,,10.76,0.2,,-1.0
2025-10-31,121890,1770.0,10.85,0.1,,-0.1
2025-11-03,121890,,10.92,-0.4,,0.1
2025-11-04,121890,,10.74,-0.0,,-0.0
2025-11-05,121890,,10.73,-0.2,,-0.1
2025-11-06,121890,,10.64,0.7,,-0.8
2025-11-07,121890,,10.93,-0.1,,-0.1
2025-11-10,121890,,10.87,0.1,-0.2,-0.2
2025-11-11,121890,,10.91,-0.3,,0.2
2025-11-12,121890,,10.8,-0.0,,-0.0
2025-11-13,121890,,10.8,-0.1,,0.1
2025-11-14,121890,,10.76,0.0,,-0.0
2025-11-17,121890,,10.76,0.1,,-0.1
2025-11-18,121890,,10.79,-0.0,,-0.2
2025-11-19,121890,,10.78,0.2,,-0.3
2025-11-20,121890,,10.86,-0.1,,-0.0
2025-11-21,121890,,10.82,0.1,,-0.1
2025-11-24,121890,,10.86,0.0,,-0.2
2025-11-25,121890,,10.86,-0.1,,-0.1
2025-11-26,121890,,10.81,-0.1,,-0.0
2025-11-27,121890,,10.76,-0.1,,0.1
2025-11-28,121890,1577.0,10.72,-0.1,,0.1
2025-12-01,121890,,10.67,-0.0,,0.1
2025-12-02,121890,,10.65,0.0,,-0.0
2025-12-03,121890,,10.67,-0.0,,0.0
2025-12-04,121890,,10.65,-0.1,,0.1
2025-12-05,121890,,10.63,0.0,,-0.0
2025-12-08,121890,,10.63,-0.0,,0.0
2025-12-09,121890,,10.62,-0.3,,0.4
2025-12-10,121890,,10.56,1.6,,-1.7
2025-12-11,121890,,11.26,0.3,,0.5
2025-12-12,121890,,11.39,0.1,,0.3
2025-12-15,121890,,11.42,0.7,,0.3
2025-12-16,121890,,11.74,-0.0,,0.0
2025-12-17,121890,,11.72,-0.0,,-0.0
2025-12-18,121890,,11.72,-0.2,,0.2
2025-12-19,121890,,11.64,0.0,,-0.1
2025-12-22,121890,,11.64,-0.0,,-0.2
2025-12-23,121890,,11.64,0.0,,-0.0
2025-12-24,121890,,11.65,0.0,,-0.0
2025-12-26,121890,,11.66,-0.1,,0.1
2025-12-29,121890,,11.62,-0.0,,0.0
2025-12-30,121890,1740.0,11.61,0.0,,-0.0
2026-01-02,121890,,11.62,-0.1,,0.0
2026-01-05,121890,,11.6,0.2,,-0.1
2026-01-06,121890,,11.68,0.0,,-0.0
2026-01-07,121890,,11.76,-0.2,,0.2
2026-01-08,121890,,11.68,-0.0,,-0.1
2026-01-09,121890,,11.67,0.1,,-0.1
2026-01-12,121890,,11.73,0.0,,-0.1
2026-01-13,121890,,11.75,0.1,,-0.1
2026-01-14,121890,,11.76,-0.0,,0.0
2026-01-15,121890,,11.74,-0.1,,0.1
2026-01-16,121890,,11.7,0.2,,-0.2
2026-01-19,121890,,11.77,-0.1,,0.1
2026-01-20,121890,,11.74,0.4,,-0.4
2026-01-21,121890,,11.93,0.2,,-0.2
2026-01-22,121890,,12.04,-0.0,,-0.0
2026-01-23,121890,,12.04,-0.0,,0.0
2026-01-26,121890,,12.03,0.0,,-0.0
2026-01-27,121890,,12.03,-0.1,,0.1
2026-01-28,121890,,12.0,0.2,,-0.2
2026-01-29,121890,,12.09,0.3,,-0.3
2026-01-30,121890,1586.0,12.24,-0.0,,0.0
2026-02-02,121890,,12.23,0.0,,-0.0
2026-02-03,121890,,12.24,0.6,,-0.6
2026-02-04,121890,,12.56,0.0,,-0.0
2026-02-05,121890,,12.57,0.5,,-0.5
2026-02-06,121890,,12.83,0.6,,-0.4
2026-02-09,121890,,13.14,-0.0,,0.0
2026-02-10,121890,,13.12,0.1,,-0.1
2026-02-11,121890,,13.17,0.1,,-0.1
2026-02-12,121890,,13.21,0.2,,-0.1
2026-02-13,121890,,13.29,0.6,,-0.7
2026-02-19,121890,,13.59,1.0,,-1.0
2026-02-20,121890,,14.07,0.5,,-0.4
2026-02-23,121890,,14.34,0.6,,-0.4
2026-02-24,121890,,14.64,-0.0,,0.0
2026-02-25,121890,,14.64,-0.0,,0.0
2026-02-26,121890,,14.62,-0.1,,0.1
2026-02-27,121890,1490.0,14.56,-0.0,,0.3
2026-03-03,121890,,14.57,0.1,,-0.1
2026-03-04,121890,,14.62,1.3,,-0.9
2026-03-05,121890,,15.31,0.0,,-0.0
2026-03-06,121890,,15.32,0.2,,-0.2
2026-03-09,121890,,15.4,0.7,,-0.7
2026-03-10,121890,,15.81,-0.1,,0.1
2026-03-11,121890,,15.77,-0.1,,0.0
2026-03-12,121890,,15.74,-0.0,,-0.1
2026-03-13,121890,,15.73,0.2,-0.2,0.0
2026-03-16,121890,,15.85,0.1,,-0.1
2026-03-17,121890,,15.88,-0.0,,0.0
2026-03-18,121890,,15.87,-0.0,,-0.0
2026-03-19,121890,,15.87,-0.0,,0.0
2026-03-20,121890,,15.85,0.1,,-0.0
2026-03-23,121890,,15.91,0.6,,0.5
2026-03-24,121890,,16.3,0.3,,-0.1
2026-03-25,121890,,16.44,0.1,,-0.1
2026-03-26,121890,,16.48,-0.0,,0.1
2026-03-27,121890,,16.48,0.4,,0.3
2026-03-30,121890,,16.66,0.2,,-0.2
2026-03-31,121890,1690.0,16.77,-0.4,,0.1
2026-04-01,121890,,16.58,0.5,,-1.2
2026-04-02,121890,,16.8,0.3,,-1.0
2026-04-03,121890,,16.94,0.4,,0.2
2026-04-06,121890,,17.16,0.2,,-0.2
2026-04-07,121890,,17.25,0.9,,-1.2
2026-04-08,121890,,17.59,-0.8,,0.8
2026-04-09,121890,,17.28,0.4,,-0.8
2026-04-10,121890,,17.44,0.8,,-0.9
2026-04-13,121890,,17.77,0.2,,-0.2
2026-04-14,121890,,17.83,0.4,,0.6
2026-04-15,121890,,18.02,0.3,,0.9
2026-04-16,121890,,18.12,0.2,,0.2
2026-04-17,121890,,18.22,-0.2,,-2.3
2026-04-20,121890,,18.12,0.2,,-0.1
2026-04-21,121890,,18.23,-0.1,,0.3
2026-04-22,121890,,18.17,0.0,,0.4
2026-04-23,121890,,18.19,-0.3,,1.1
2026-04-24,121890,,18.03,0.1,,0.2
2026-04-27,121890,,18.06,1.1,,-0.8
2026-04-28,121890,,18.56,-0.1,,0.1
2026-04-29,121890,,18.47,0.1,-0.0,-0.2
2026-04-30,121890,1914.0,18.5,0.9,-0.0,-0.8
2026-05-04,121890,,18.88,-0.6,0.0,0.9
2026-05-06,121890,,18.8,0.7,0.0,1.3
2026-05-07,121890,,19.05,1.1,-0.0,-1.1
2026-05-08,121890,,19.44,0.6,0.0,-0.4
2026-05-11,121890,,19.61,0.1,0.0,0.5
2026-05-12,121890,,19.64,-0.8,0.0,0.8
2026-05-13,121890,,19.38,-0.1,0.0,0.1
2026-05-14,121890,,19.36,0.2,0.0,-0.2
2026-05-15,121890,,19.44,0.3,0.0,-0.2
2026-05-18,121890,,19.55,-0.1,0.0,0.1
2026-05-19,121890,,19.5,-2.9,-0.0,3.1
2026-05-20,121890,,18.66,-0.2,-0.0,0.3
2026-05-21,121890,,18.61,-0.5,-0.0,-0.2
2026-05-22,121890,,18.47,0.6,0.0,-1.0
2026-05-26,121890,,18.66,-0.6,0.0,0.5
2026-05-27,121890,,18.48,-1.2,0.0,1.1
2026-05-28,121890,,18.16,-0.6,-0.0,0.6
2026-05-29,121890,2490.0,17.98,0.1,0.0,-0.0
2026-06-01,121890,,18.02,1.2,-0.0,-1.2
2026-06-02,121890,,18.47,1.2,-0.0,-1.3
2026-06-04,121890,,18.94,-0.4,,0.4
2026-06-05,121890,,18.77,-0.2,,0.2
2026-06-08,121890,,18.7,-0.3,0.0,0.2
2026-06-09,121890,,18.59,-0.4,0.0,0.4
2026-06-10,121890,,18.45,-0.4,-0.0,0.4
2026-06-11,121890,,18.31,-0.1,,0.1
2026-06-12,121890,,18.27,-0.5,0.0,0.5
2026-06-15,121890,,18.06,-0.1,-0.0,0.0
2026-06-16,121890,,18.05,-0.1,0.0,0.1
2026-06-17,121890,,17.98,-0.2,-0.0,0.1
2026-06-18,121890,,17.91,-0.0,0.0,-0.1
2026-06-19,121890,,17.91,-0.0,-0.0,-0.3
2026-06-22,121890,,17.91,-0.0,-0.0,0.0
2026-06-23,121890,,17.89,-0.1,0.0,0.1
2026-06-24,121890,,17.84,-0.2,-0.0,0.2
2026-06-25,121890,,17.78,-0.7,-0.0,0.5
2026-06-26,121890,,17.52,-0.0,0.0,0.0
2026-06-29,121890,,17.5,-0.4,-0.0,0.4
2026-06-30,121890,1970.0,17.38,-0.5,0.0,0.5
2026-07-01,121890,,17.19,-0.4,-0.0,0.3
2026-07-02,121890,,17.03,-0.1,-0.0,-0.0
2026-07-03,121890,,17.02,-0.1,-0.0,0.1
2026-07-06,121890,,16.98,-0.5,-0.0,0.3
2026-07-07,121890,,16.77,-0.5,0.0,0.4
2026-07-08,121890,,16.58,-0.3,-0.0,0.2
2026-07-09,121890,,16.45,-0.4,-0.0,-0.0
2026-07-10,121890,,16.3,0.0,-0.0,-0.1
2026-07-13,121890,1900.0,16.3,-0.0,0.0,0.0
2025-07-14,122310,,1.84,-0.2,0.4,-0.2
2025-07-15,122310,,1.82,-0.2,0.1,0.1
2025-07-16,122310,,1.8,-0.3,0.1,0.1
2025-07-17,122310,,1.77,0.0,-0.3,0.2
2025-07-18,122310,,1.77,-0.0,-0.3,0.3
2025-07-21,122310,,1.76,-0.1,0.9,-0.9
2025-07-22,122310,,1.76,0.5,0.0,-0.4
2025-07-23,122310,,1.82,-0.3,0.2,0.1
2025-07-24,122310,,1.78,0.2,0.0,-0.2
2025-07-25,122310,,1.8,-0.1,0.0,0.0
2025-07-28,122310,,1.79,-0.5,-0.3,0.7
2025-07-29,122310,,1.73,0.0,-0.1,-0.2
2025-07-30,122310,,1.73,-0.0,-0.2,0.5
2025-07-31,122310,,1.73,0.1,-0.2,-0.1
2025-08-01,122310,,1.74,-0.3,0.2,0.0
2025-08-04,122310,,1.71,0.3,0.1,-0.4
2025-08-05,122310,,1.75,-0.0,0.0,0.0
2025-08-06,122310,,1.75,-0.6,-0.0,0.6
2025-08-07,122310,,1.67,-0.2,,0.1
2025-08-08,122310,,1.65,0.1,,-0.1
2025-08-11,122310,,1.66,-0.0,,0.0
2025-08-12,122310,,1.66,-0.0,,0.0
2025-08-13,122310,,1.66,-0.1,,0.1
2025-08-14,122310,,1.65,-0.3,-0.7,0.9
2025-08-18,122310,,1.61,-0.1,,0.1
2025-08-19,122310,,1.6,-0.1,,0.0
2025-08-20,122310,,1.59,-0.1,,0.1
2025-08-21,122310,,1.58,-0.0,,0.0
2025-08-22,122310,,1.58,0.0,,-0.0
2025-08-25,122310,,1.58,0.0,,-0.0
2025-08-26,122310,,1.59,0.7,,-0.7
2025-08-27,122310,,1.68,-0.1,-0.2,0.2
2025-08-28,122310,,1.67,-0.0,,0.1
2025-08-29,122310,5240.0,1.66,-0.1,,0.1
2025-09-01,122310,,1.65,-0.1,,0.1
2025-09-02,122310,,1.64,-0.0,,0.0
2025-09-03,122310,,1.64,-0.0,,0.0
2025-09-04,122310,,1.64,-0.0,-0.0,0.0
2025-09-05,122310,,1.63,-0.0,,0.0
2025-09-08,122310,,1.63,-0.0,,0.0
2025-09-09,122310,,1.63,-0.0,,0.0
2025-09-10,122310,,1.58,-0.1,,0.1
2025-09-11,122310,,1.58,-0.0,,0.0
2025-09-12,122310,,1.58,0.0,,-0.0
2025-09-15,122310,,1.58,0.0,,-0.0
2025-09-16,122310,,1.59,-0.0,,0.0
2025-09-17,122310,,1.58,-0.0,,0.0
2025-09-18,122310,,1.58,0.0,,-0.0
2025-09-19,122310,,1.58,-0.1,,0.1
2025-09-22,122310,,1.58,0.0,,0.3
2025-09-23,122310,,1.58,-0.0,,0.0
2025-09-24,122310,,1.58,-0.1,-1.0,1.1
2025-09-25,122310,,1.57,-0.0,,0.0
2025-09-26,122310,,1.57,0.0,,-0.1
2025-09-29,122310,,1.56,0.0,,0.0
2025-09-30,122310,5050.0,1.56,0.0,,-0.0
2025-10-01,122310,,1.56,-0.0,,0.0
2025-10-02,122310,,1.56,0.0,,-0.0
2025-10-10,122310,,1.57,-0.1,,0.1
2025-10-13,122310,,1.56,0.1,0.0,-0.1
2025-10-14,122310,,1.57,-0.1,,0.1
2025-10-15,122310,,1.56,-0.0,,0.0
2025-10-16,122310,,1.56,-0.0,,0.0
2025-10-17,122310,,1.56,0.3,,-0.3
2025-10-20,122310,,1.61,0.0,,0.0
2025-10-21,122310,,1.61,0.1,,-0.1
2025-10-22,122310,,1.62,0.0,,-0.0
2025-10-23,122310,,1.62,0.0,,-0.0
2025-10-24,122310,,1.63,-0.0,0.1,-0.1
2025-10-27,122310,,1.62,0.0,,0.0
2025-10-28,122310,,1.62,0.0,,0.0
2025-10-29,122310,,1.63,-0.2,,0.2
2025-10-30,122310,,1.6,-0.0,,0.0
2025-10-31,122310,4765.0,1.6,0.1,-0.3,0.2
2025-11-03,122310,,1.61,-0.1,,0.0
2025-11-04,122310,,1.6,-0.1,,0.1
2025-11-05,122310,,1.59,-0.0,,0.0
2025-11-06,122310,,1.59,0.0,,-0.0
2025-11-07,122310,,1.59,1.0,-1.0,0.0
2025-11-10,122310,,1.74,0.2,,-0.1
2025-11-11,122310,,1.76,-0.1,,0.0
2025-11-12,122310,,1.76,0.1,,0.1
2025-11-13,122310,,1.76,-0.0,,0.0
2025-11-14,122310,,1.76,-0.1,,0.0
2025-11-17,122310,,1.75,-0.0,,0.0
2025-11-18,122310,,1.75,-0.0,,0.0
2025-11-19,122310,,1.74,-0.0,,-0.0
2025-11-20,122310,,1.74,0.1,,-0.1
2025-11-21,122310,,1.75,-0.0,,0.0
2025-11-24,122310,,1.74,-1.9,,1.9
2025-11-25,122310,,1.47,0.3,,-0.3
2025-11-26,122310,,1.51,0.1,,-0.1
2025-11-27,122310,,1.52,-0.0,,-0.0
2025-11-28,122310,4420.0,1.52,0.0,,-0.0
2025-12-01,122310,,1.52,0.2,,-0.2
2025-12-02,122310,,1.54,-0.0,,0.0
2025-12-03,122310,,1.54,-0.0,,0.0
2025-12-04,122310,,1.54,0.0,,-0.0
2025-12-05,122310,,1.54,0.0,,-0.0
2025-12-08,122310,,1.54,0.0,,-0.0
2025-12-09,122310,,1.54,0.3,,-0.3
2025-12-10,122310,,1.59,0.1,,-0.1
2025-12-11,122310,,1.6,0.1,,-0.1
2025-12-12,122310,,1.61,0.0,,-0.0
2025-12-15,122310,,1.62,0.0,,-0.1
2025-12-16,122310,,1.62,0.3,,-0.3
2025-12-17,122310,,1.88,0.0,,-0.0
2025-12-18,122310,,1.89,0.0,,-0.0
2025-12-19,122310,,1.89,-0.0,,0.0
2025-12-22,122310,,1.89,0.0,,0.1
2025-12-23,122310,,1.9,-0.1,,0.9
2025-12-24,122310,,1.88,-0.0,,-0.0
2025-12-26,122310,,1.88,-0.0,,0.1
2025-12-29,122310,,1.66,-0.1,,0.1
2025-12-30,122310,4160.0,1.66,0.0,,-0.0
2026-01-02,122310,,1.66,0.1,,-0.1
2026-01-05,122310,,1.66,0.1,,-0.1
2026-01-06,122310,,1.68,-0.0,,0.0
2026-01-07,122310,,1.69,-0.0,,0.0
2026-01-08,122310,,1.68,-0.0,,0.0
2026-01-09,122310,,1.68,0.1,,-0.1
2026-01-12,122310,,1.7,-0.0,,0.0
2026-01-13,122310,,1.7,0.0,,-0.0
2026-01-14,122310,,1.71,-0.0,,0.0
2026-01-15,122310,,1.7,0.1,,-0.1
2026-01-16,122310,,1.71,-0.0,,-0.0
2026-01-19,122310,,1.71,0.1,-0.0,-0.0
2026-01-20,122310,,1.72,0.0,,-0.0
2026-01-21,122310,,1.73,0.0,,-0.1
2026-01-22,122310,,1.73,-0.6,,0.2
2026-01-23,122310,,1.63,-0.1,,0.1
2026-01-26,122310,,1.61,0.0,,-0.1
2026-01-27,122310,,1.61,0.0,,-0.1
2026-01-28,122310,,1.61,-0.0,,-0.1
2026-01-29,122310,,1.61,0.0,,-0.2
2026-01-30,122310,4115.0,1.64,-0.0,,0.1
2026-02-02,122310,,1.64,-0.1,,0.1
2026-02-03,122310,,1.6,-0.3,,0.3
2026-02-04,122310,,1.55,-0.1,,0.1
2026-02-05,122310,,1.52,-0.0,,0.0
2026-02-06,122310,,1.52,-0.1,,0.1
2026-02-09,122310,,1.51,-0.1,,0.0
2026-02-10,122310,,1.5,-0.1,,0.1
2026-02-11,122310,,1.48,-0.1,,0.1
2026-02-12,122310,,1.46,-0.1,,0.1
2026-02-13,122310,,1.44,-0.0,,0.0
2026-02-19,122310,,1.44,0.0,,0.0
2026-02-20,122310,,1.44,-0.1,,0.1
2026-02-23,122310,,1.43,0.1,,-0.1
2026-02-24,122310,,1.43,-0.4,,0.4
2026-02-25,122310,,1.38,0.4,,-0.4
2026-02-26,122310,,1.43,-0.2,,0.2
2026-02-27,122310,4495.0,1.39,0.0,,-0.0
2026-03-03,122310,,1.18,0.2,,-0.2
2026-03-04,122310,,1.2,0.1,,-0.1
2026-03-05,122310,,1.22,0.1,,-0.1
2026-03-06,122310,,1.23,0.1,,-0.1
2026-03-09,122310,,1.24,-0.1,,0.1
2026-03-10,122310,,1.23,-0.0,,0.0
2026-03-11,122310,,1.23,0.0,,-0.0
2026-03-12,122310,,1.23,0.2,,-0.2
2026-03-13,122310,,1.26,-0.1,,0.1
2026-03-16,122310,,1.25,-0.1,,0.1
2026-03-17,122310,,1.23,-0.1,,0.1
2026-03-18,122310,,1.21,-0.1,,0.1
2026-03-19,122310,,1.19,0.0,,-0.0
2026-03-20,122310,,1.2,0.0,,-0.0
2026-03-23,122310,,1.2,0.1,,-0.1
2026-03-24,122310,,1.21,-0.0,,0.0
2026-03-25,122310,,1.21,0.0,,-0.0
2026-03-26,122310,,1.21,0.1,0.0,-0.1
2026-03-27,122310,,1.23,0.0,,-0.0
2026-03-30,122310,,1.23,-0.0,,0.0
2026-03-31,122310,4305.0,1.22,0.0,,-0.0
2026-04-01,122310,,1.22,-0.4,,0.4
2026-04-02,122310,,1.16,-0.1,,0.1
2026-04-03,122310,,1.15,0.1,,-0.1
2026-04-06,122310,,1.16,-2.0,,2.0
2026-04-07,122310,,0.89,-0.1,,0.0
2026-04-08,122310,,0.92,0.2,,-0.2
2026-04-09,122310,,0.97,-0.1,,0.1
2026-04-10,122310,,0.96,0.4,,-0.4
2026-04-13,122310,,1.03,0.1,,-0.1
2026-04-14,122310,,1.05,0.2,,-0.2
2026-04-15,122310,,1.13,0.2,,-0.2
2026-04-16,122310,,1.16,-0.0,,0.0
2026-04-17,122310,,1.15,0.1,,-0.1
2026-04-20,122310,,1.17,0.5,,-0.5
2026-04-21,122310,,1.24,-0.2,,0.2
2026-04-22,122310,,1.21,-0.1,,0.1
2026-04-23,122310,,1.19,0.1,,-0.1
2026-04-24,122310,,1.21,-0.1,,0.1
2026-04-27,122310,,1.19,0.3,,-0.3
2026-04-28,122310,,1.23,0.2,,-0.2
2026-04-29,122310,,1.26,0.2,,-0.2
2026-04-30,122310,4620.0,1.29,0.1,,-0.1
2026-05-04,122310,,1.3,0.1,,-0.1
2026-05-06,122310,,1.31,0.1,,-0.1
2026-05-07,122310,,1.32,0.4,,-0.5
2026-05-08,122310,,1.38,0.2,,-0.3
2026-05-11,122310,,1.42,0.6,-0.0,-0.7
2026-05-12,122310,,1.5,-0.1,-0.0,0.1
2026-05-13,122310,,1.49,-0.3,-0.0,0.3
2026-05-14,122310,,1.44,-0.3,-0.0,0.3
2026-05-15,122310,,1.4,0.5,0.0,-0.6
2026-05-18,122310,,1.48,0.3,0.0,-0.3
2026-05-19,122310,,1.52,-0.0,0.0,0.0
2026-05-20,122310,,1.56,0.3,-0.0,-0.2
2026-05-21,122310,,2.37,-0.1,-0.0,0.1
2026-05-22,122310,,2.35,0.1,-0.0,-0.0
2026-05-26,122310,,2.36,0.0,0.0,-0.1
2026-05-27,122310,,2.36,0.5,-0.0,-0.4
2026-05-28,122310,,2.44,-0.2,-0.0,0.2
2026-05-29,122310,3970.0,2.41,-0.1,0.0,0.1
2026-06-01,122310,,2.38,-0.3,-0.0,0.3
2026-06-02,122310,,2.33,0.3,-0.0,-0.3
2026-06-04,122310,,2.38,-0.1,-0.0,0.1
2026-06-05,122310,,2.4,-0.2,0.0,0.2
2026-06-08,122310,,2.37,-0.3,-0.0,0.3
2026-06-09,122310,,2.31,0.1,-0.0,-0.1
2026-06-10,122310,,2.27,0.1,-0.0,-0.1
2026-06-11,122310,,2.28,-0.1,0.0,0.1
2026-06-12,122310,,2.26,-0.0,0.0,0.1
2026-06-15,122310,,2.25,0.4,0.0,-0.4
2026-06-16,122310,,2.32,-0.1,-0.0,0.1
2026-06-17,122310,,2.31,-0.1,0.0,0.1
2026-06-18,122310,,2.3,-0.0,-0.0,0.0
2026-06-19,122310,,2.29,-0.1,0.0,0.1
2026-06-22,122310,,2.27,-0.0,-0.0,0.0
2026-06-23,122310,,2.27,-0.1,0.0,-0.0
2026-06-24,122310,,2.25,0.0,-0.0,-0.1
2026-06-25,122310,,2.26,0.0,0.0,-0.0
2026-06-26,122310,,2.26,-0.0,-0.0,-0.1
2026-06-29,122310,,2.26,0.1,-0.0,-0.1
2026-06-30,122310,3385.0,2.28,0.0,,-0.0
2026-07-01,122310,,2.28,-0.0,,0.0
2026-07-02,122310,,2.28,0.1,,-0.2
2026-07-03,122310,,2.3,0.1,-0.0,-0.1
2026-07-06,122310,,2.33,0.0,-0.0,-0.0
2026-07-07,122310,,2.34,0.0,0.0,-0.0
2026-07-08,122310,,2.34,0.0,-0.0,-0.1
2026-07-09,122310,,2.35,0.1,-0.0,-0.1
2026-07-10,122310,,2.36,-0.1,,0.1
2026-07-13,122310,3355.0,2.33,-0.0,,0.0
2025-07-14,122350,,1.93,-0.0,,0.1
2025-07-15,122350,,1.93,0.4,,-0.3
2025-07-16,122350,,2.02,0.0,,-0.0
2025-07-17,122350,,2.02,0.2,,-0.3
2025-07-18,122350,,2.08,0.3,,-0.2
2025-07-21,122350,,2.2,-0.3,,0.3
2025-07-22,122350,,2.14,0.0,,-0.0
2025-07-23,122350,,2.14,0.1,,-0.1
2025-07-24,122350,,2.15,-0.4,-0.3,0.6
2025-07-25,122350,,2.08,-0.2,,0.2
2025-07-28,122350,,2.06,0.4,,-0.4
2025-07-29,122350,,2.14,0.5,-0.1,-0.4
2025-07-30,122350,,2.24,-3.2,-0.0,3.2
2025-07-31,122350,,1.72,0.9,,-0.9
2025-08-01,122350,,1.89,0.2,,-0.2
2025-08-04,122350,,1.92,0.8,,-0.8
2025-08-05,122350,,2.09,0.1,,-0.1
2025-08-06,122350,,2.11,0.7,,-0.7
2025-08-07,122350,,2.25,-1.5,,1.6
2025-08-08,122350,,2.0,2.2,,-2.3
2025-08-11,122350,,2.4,-1.1,,1.1
2025-08-12,122350,,2.22,0.5,,-0.6
2025-08-13,122350,,2.31,1.0,,-0.9
2025-08-14,122350,,2.49,0.4,,-0.4
2025-08-18,122350,,2.56,1.1,,-1.1
2025-08-19,122350,,2.76,0.7,,-0.7
2025-08-20,122350,,2.89,-0.5,,0.5
2025-08-21,122350,,2.8,0.1,,-0.2
2025-08-22,122350,,2.83,1.3,-0.4,-1.0
2025-08-25,122350,,3.06,0.2,,-0.2
2025-08-26,122350,,3.2,0.0,,0.1
2025-08-27,122350,,3.29,0.6,,-0.6
2025-08-28,122350,,3.4,0.6,,-0.6
2025-08-29,122350,1415.0,3.52,0.2,,-0.1
2025-09-01,122350,,3.59,0.0,,0.0
2025-09-02,122350,,3.5,0.4,,-0.4
2025-09-03,122350,,3.64,-0.1,,0.1
2025-09-04,122350,,4.41,0.1,-0.0,-0.1
2025-09-05,122350,,4.43,0.5,-0.0,-0.5
2025-09-08,122350,,4.52,-0.8,-0.0,0.8
2025-09-09,122350,,4.37,-1.3,0.0,1.2
2025-09-10,122350,,4.18,-0.0,0.0,0.0
2025-09-11,122350,,4.18,0.1,0.0,-0.1
2025-09-12,122350,,4.19,-0.2,0.0,0.2
2025-09-15,122350,,4.15,-0.3,0.0,0.2
2025-09-16,122350,,4.1,-0.9,0.0,0.9
2025-09-17,122350,,3.92,-0.2,0.0,0.2
2025-09-18,122350,,4.09,-0.0,0.0,0.0
2025-09-19,122350,,4.08,-0.1,,0.1
2025-09-22,122350,,4.06,0.2,0.0,-0.2
2025-09-23,122350,,4.09,-0.2,0.0,0.2
2025-09-24,122350,,4.05,-0.2,0.0,0.2
2025-09-25,122350,,4.0,0.3,0.0,-0.3
2025-09-26,122350,,4.07,-0.7,0.0,0.7
2025-09-29,122350,,3.93,0.4,0.0,-0.4
2025-09-30,122350,1310.0,4.0,-0.1,0.0,0.1
2025-10-01,122350,,3.99,0.1,0.0,-0.1
2025-10-02,122350,,4.02,0.5,0.0,-0.5
2025-10-10,122350,,4.11,-0.1,-0.0,0.1
2025-10-13,122350,,4.1,-0.0,0.0,-0.0
2025-10-14,122350,,4.1,0.5,-0.0,-0.5
2025-10-15,122350,,4.2,0.2,0.0,-0.2
2025-10-16,122350,,4.24,-0.1,0.0,0.1
2025-10-17,122350,,4.22,0.3,0.0,-0.3
2025-10-20,122350,,4.28,0.4,0.0,-0.4
2025-10-21,122350,,4.35,0.2,0.0,-0.2
2025-10-22,122350,,4.4,0.1,0.0,-0.1
2025-10-23,122350,,4.42,-0.0,0.0,0.0
2025-10-24,122350,,4.42,0.6,-0.0,-0.6
2025-10-27,122350,,4.54,0.6,0.0,-0.7
2025-10-28,122350,,4.7,-0.0,0.0,-0.0
2025-10-29,122350,,4.72,0.1,0.0,-0.2
2025-10-30,122350,,4.74,-0.2,0.0,0.2
2025-10-31,122350,1347.0,4.7,-0.0,0.0,0.0
2025-11-03,122350,,4.68,-0.4,-0.0,0.4
2025-11-04,122350,,4.58,-0.1,-0.0,0.1
2025-11-05,122350,,4.56,0.5,0.0,-0.5
2025-11-06,122350,,4.66,0.1,0.0,-0.1
2025-11-07,122350,,4.68,1.1,-1.3,0.2
2025-11-10,122350,,4.93,-4.3,-0.0,4.2
2025-11-11,122350,,3.73,0.9,0.0,-0.8
2025-11-12,122350,,3.91,1.0,0.0,-1.0
2025-11-13,122350,,4.13,-0.1,0.0,0.1
2025-11-14,122350,,4.1,0.2,-0.0,-0.1
2025-11-17,122350,,4.14,-0.3,-0.0,0.3
2025-11-18,122350,,4.08,0.1,-0.0,-0.0
2025-11-19,122350,,4.09,0.1,0.0,-0.1
2025-11-20,122350,,4.11,0.4,0.0,-0.4
2025-11-21,122350,,4.2,0.0,0.0,-0.0
2025-11-24,122350,,3.53,-0.0,-0.0,0.1
2025-11-25,122350,,3.52,0.2,-0.0,-0.2
2025-11-26,122350,,3.56,-0.0,0.0,0.0
2025-11-27,122350,,3.56,0.1,0.0,-0.0
2025-11-28,122350,1258.0,3.57,0.2,-0.0,-0.1
2025-12-01,122350,,3.6,0.2,0.0,-0.2
2025-12-02,122350,,3.64,0.3,0.0,-0.3
2025-12-03,122350,,3.7,-0.0,0.0,0.1
2025-12-04,122350,,3.7,0.1,0.0,-0.2
2025-12-05,122350,,3.72,0.4,0.0,-0.4
2025-12-08,122350,,3.8,-0.2,0.0,0.2
2025-12-09,122350,,3.77,0.1,0.0,-0.1
2025-12-10,122350,,3.79,-0.0,0.0,0.0
2025-12-11,122350,,3.78,0.2,0.0,-0.2
2025-12-12,122350,,3.83,0.0,0.0,-0.0
2025-12-15,122350,,3.83,0.1,0.0,-0.1
2025-12-16,122350,,3.86,-0.2,0.0,0.2
2025-12-17,122350,,4.14,0.1,0.0,-0.1
2025-12-18,122350,,4.04,-0.0,0.0,0.0
2025-12-19,122350,,4.03,0.2,0.0,-0.2
2025-12-22,122350,,4.07,0.2,0.0,-0.2
2025-12-23,122350,,4.11,-0.2,0.0,0.1
2025-12-24,122350,,4.08,0.1,0.0,-0.0
2025-12-26,122350,,4.09,0.0,0.0,-0.0
2025-12-29,122350,,4.1,0.1,,-0.1
2025-12-30,122350,1263.0,4.27,0.0,0.0,-0.0
2026-01-02,122350,,4.23,0.4,0.0,-0.4
2026-01-05,122350,,4.32,-0.1,0.0,0.3
2026-01-06,122350,,4.16,0.2,0.0,-0.2
2026-01-07,122350,,4.28,0.3,0.0,-0.3
2026-01-08,122350,,4.34,-0.3,-0.2,0.4
2026-01-09,122350,,4.28,0.2,0.0,-0.2
2026-01-12,122350,,4.32,-1.7,0.0,1.7
2026-01-13,122350,,4.12,-3.9,-0.0,4.0
2026-01-14,122350,,3.64,-6.6,,6.9
2026-01-15,122350,,2.71,3.7,,-3.7
2026-01-16,122350,,3.25,-1.0,,1.2
2026-01-19,122350,,3.14,-4.8,,4.6
2026-01-20,122350,,2.6,-0.0,0.4,-0.2
2026-01-21,122350,,2.6,0.3,,-0.2
2026-01-22,122350,,2.74,0.0,-0.0,-0.0
2026-01-23,122350,,2.74,-1.9,0.0,1.9
2026-01-26,122350,,2.56,1.8,0.0,-1.8
2026-01-27,122350,,2.83,1.8,0.4,-2.2
2026-01-28,122350,,3.09,-1.1,-0.9,1.9
2026-01-29,122350,,2.97,1.4,0.0,-1.5
2026-01-30,122350,1794.0,3.18,0.7,,-0.8
2026-02-02,122350,,3.29,1.3,-0.0,-1.2
2026-02-03,122350,,3.48,0.4,,-0.4
2026-02-04,122350,,3.54,0.6,,-0.4
2026-02-05,122350,,3.62,-0.3,-0.0,0.3
2026-02-06,122350,,3.58,0.4,,-0.4
2026-02-09,122350,,3.64,-0.0,,0.0
2026-02-10,122350,,3.64,-0.0,-0.0,0.1
2026-02-11,122350,,3.63,1.7,,-1.7
2026-02-12,122350,,3.88,0.1,,-0.1
2026-02-13,122350,,3.9,-0.3,,0.3
2026-02-19,122350,,3.85,2.1,,-2.1
2026-02-20,122350,,4.16,0.5,,-0.5
2026-02-23,122350,,4.22,0.7,,-0.7
2026-02-24,122350,,4.0,0.5,-0.0,-0.5
2026-02-25,122350,,4.07,-0.6,,0.5
2026-02-26,122350,,3.99,-2.3,-0.0,2.3
2026-02-27,122350,1745.0,3.66,-0.4,,0.4
2026-03-03,122350,,3.6,2.0,,-1.9
2026-03-04,122350,,4.05,2.8,0.4,-3.1
2026-03-05,122350,,4.54,2.0,-0.0,-1.9
2026-03-06,122350,,4.88,0.2,-0.3,0.1
2026-03-09,122350,,4.91,0.6,,-0.6
2026-03-10,122350,,5.02,0.0,-0.0,-0.0
2026-03-11,122350,,5.11,-0.3,-0.0,0.3
2026-03-12,122350,,5.06,0.9,,-0.9
2026-03-13,122350,,5.2,-0.4,,0.4
2026-03-16,122350,,5.14,-0.2,,0.2
2026-03-17,122350,,5.11,-0.5,,0.5
2026-03-18,122350,,5.02,-0.0,,-0.0
2026-03-19,122350,,5.02,-0.6,,0.6
2026-03-20,122350,,4.91,1.1,,-1.1
2026-03-23,122350,,5.1,-0.7,,0.7
2026-03-24,122350,,4.99,-0.2,,0.2
2026-03-25,122350,,4.83,-0.6,,0.5
2026-03-26,122350,,4.74,-0.3,,0.3
2026-03-27,122350,,4.69,0.3,,-0.3
2026-03-30,122350,,4.75,0.1,,-0.1
2026-03-31,122350,1430.0,4.79,0.1,,-0.1
2026-04-01,122350,,4.81,0.6,-0.0,-0.6
2026-04-02,122350,,4.91,-1.1,,1.1
2026-04-03,122350,,4.71,0.2,,-0.2
2026-04-06,122350,,4.75,-0.1,,0.1
2026-04-07,122350,,4.72,-0.3,,0.3
2026-04-08,122350,,4.68,0.9,,-0.9
2026-04-09,122350,,4.84,-0.1,,0.1
2026-04-10,122350,,4.83,0.3,,-0.3
2026-04-13,122350,,4.88,-0.0,,0.1
2026-04-14,122350,,4.88,0.6,,-0.7
2026-04-15,122350,,4.98,-0.1,,0.1
2026-04-16,122350,,4.96,0.1,,-0.1
2026-04-17,122350,,4.97,0.0,,-0.0
2026-04-20,122350,,4.97,-0.0,,0.0
2026-04-21,122350,,5.0,-5.7,,5.7
2026-04-22,122350,,4.07,1.2,,-1.3
2026-04-23,122350,,4.34,-1.1,,1.1
2026-04-24,122350,,4.15,0.4,-0.0,-0.4
2026-04-27,122350,,4.27,0.6,,-0.6
2026-04-28,122350,,4.37,-0.2,-0.0,0.2
2026-04-29,122350,,4.34,-0.2,-0.0,0.2
2026-04-30,122350,1506.0,4.31,-0.2,0.0,0.2
2026-05-04,122350,,4.27,0.1,-0.0,-0.1
2026-05-06,122350,,4.29,-0.8,-0.0,1.0
2026-05-07,122350,,4.15,0.4,-0.0,-0.4
2026-05-08,122350,,4.22,0.2,0.0,-0.2
2026-05-11,122350,,4.26,-0.3,0.0,0.3
2026-05-12,122350,,4.2,0.7,-0.1,-0.6
2026-05-13,122350,,4.33,-0.5,-0.0,0.5
2026-05-14,122350,,4.24,-0.1,-0.1,0.2
2026-05-15,122350,,4.22,0.1,-0.0,-0.1
2026-05-18,122350,,4.21,0.8,-0.0,-0.8
2026-05-19,122350,,4.38,0.3,0.0,-0.3
2026-05-20,122350,,4.44,0.2,0.0,-0.2
2026-05-21,122350,,4.52,0.3,-0.0,-0.3
2026-05-22,122350,,4.59,0.1,-0.0,-0.2
2026-05-26,122350,,4.61,-0.9,0.0,0.9
2026-05-27,122350,,4.24,1.2,0.0,-1.2
2026-05-28,122350,,4.47,0.3,-0.0,-0.3
2026-05-29,122350,1129.0,4.54,1.3,-0.0,-1.3
2026-06-01,122350,,4.85,-0.5,0.0,0.5
2026-06-02,122350,,4.74,0.9,-0.0,-0.9
2026-06-04,122350,,4.96,-0.3,-0.0,0.3
2026-06-05,122350,,4.94,0.3,-0.0,-0.3
2026-06-08,122350,,5.02,-0.5,-0.0,0.5
2026-06-09,122350,,4.88,0.4,-0.0,-0.4
2026-06-10,122350,,4.98,0.2,-0.0,-0.2
2026-06-11,122350,,5.03,-0.1,0.0,0.0
2026-06-12,122350,,5.02,-0.3,-0.0,0.2
2026-06-15,122350,,4.95,-0.1,0.0,0.0
2026-06-16,122350,,4.94,-0.0,-0.0,0.0
2026-06-17,122350,,4.93,0.1,-0.2,0.1
2026-06-18,122350,,4.94,-0.4,0.0,0.5
2026-06-19,122350,,4.84,-0.5,0.0,0.5
2026-06-22,122350,,4.71,-0.2,-0.0,0.2
2026-06-23,122350,,4.66,-0.3,-0.0,0.3
2026-06-24,122350,,4.54,0.4,1.4,-1.6
2026-06-25,122350,,4.63,-0.1,-0.0,0.1
2026-06-26,122350,,4.63,-0.1,0.3,-0.2
2026-06-29,122350,,4.64,-18.7,-2.9,21.5
2026-06-30,122350,1550.0,2.25,-2.7,,2.7
2026-07-01,122350,,2.23,0.2,,-0.1
2026-07-02,122350,,2.27,-0.7,0.0,0.8
2026-07-03,122350,,2.15,-0.3,-0.0,0.0
2026-07-06,122350,,2.1,-0.1,0.0,0.1
2026-07-07,122350,,2.08,-0.2,-0.0,0.1
2026-07-08,122350,,2.03,0.4,,-0.2
2026-07-09,122350,,2.12,0.1,,-0.2
2026-07-10,122350,,2.16,-0.7,0.0,0.7
2026-07-13,122350,1840.0,2.12,-0.9,0.1,0.6
2025-07-14,122450,,1.67,0.4,-0.0,-0.4
2025-07-15,122450,,1.69,-0.1,-0.0,0.2
2025-07-16,122450,,1.69,0.1,0.0,-0.1
2025-07-17,122450,,1.69,-0.1,-0.0,0.1
2025-07-18,122450,,1.69,-1.0,0.0,1.0
2025-07-21,122450,,1.64,-0.1,-0.0,0.1
2025-07-22,122450,,1.64,-0.3,0.0,0.3
2025-07-23,122450,,1.62,-0.3,0.0,0.3
2025-07-24,122450,,1.6,0.1,0.0,-0.0
2025-07-25,122450,,1.61,0.9,-0.1,-1.1
2025-07-28,122450,,1.66,0.5,0.0,-0.5
2025-07-29,122450,,1.68,-0.4,0.1,0.3
2025-07-30,122450,,1.66,0.0,-0.0,0.0
2025-07-31,122450,,1.66,0.5,0.0,-0.5
2025-08-01,122450,,1.69,-1.7,-0.7,2.3
2025-08-04,122450,,1.6,0.9,0.0,-0.9
2025-08-05,122450,,1.64,0.5,0.0,-0.5
2025-08-06,122450,,1.67,-0.2,-0.0,0.2
2025-08-07,122450,,1.66,0.0,-0.0,-0.0
2025-08-08,122450,,1.66,0.1,-0.0,-0.1
2025-08-11,122450,,1.67,-0.2,0.0,0.2
2025-08-12,122450,,1.66,0.2,0.0,-0.1
2025-08-13,122450,,1.67,-0.0,0.0,0.0
2025-08-14,122450,,1.67,-0.4,-0.0,0.4
2025-08-18,122450,,1.65,0.3,-0.1,-0.2
2025-08-19,122450,,1.67,0.5,-0.0,-0.4
2025-08-20,122450,,1.69,0.2,0.0,-0.2
2025-08-21,122450,,1.7,0.4,0.0,-0.3
2025-08-22,122450,,1.72,0.3,0.0,-0.3
2025-08-25,122450,,1.74,-0.1,-0.1,0.1
2025-08-26,122450,,1.74,-0.2,0.0,0.2
2025-08-27,122450,,1.73,-0.2,0.0,0.2
2025-08-28,122450,,1.71,0.1,-0.0,0.1
2025-08-29,122450,4030.0,1.72,-0.3,0.0,0.5
2025-09-01,122450,,1.7,-0.5,-0.0,0.5
2025-09-02,122450,,1.68,-0.2,0.0,0.1
2025-09-03,122450,,1.67,0.4,0.0,-0.5
2025-09-04,122450,,1.69,0.3,-0.0,-0.1
2025-09-05,122450,,1.71,0.1,-0.0,-0.1
2025-09-08,122450,,1.72,0.2,0.0,-0.3
2025-09-09,122450,,1.73,0.1,-0.0,-0.1
2025-09-10,122450,,1.74,0.5,0.0,-0.5
2025-09-11,122450,,1.76,-0.2,0.0,0.2
2025-09-12,122450,,1.75,-0.0,-0.0,0.8
2025-09-15,122450,,1.75,-0.1,0.0,0.0
2025-09-16,122450,,1.75,-0.1,0.1,0.0
2025-09-17,122450,,1.74,0.3,-0.0,-0.3
2025-09-18,122450,,1.76,0.6,-0.0,-0.7
2025-09-19,122450,,1.79,-0.5,0.7,-0.2
2025-09-22,122450,,1.77,0.1,-0.2,0.0
2025-09-23,122450,,1.77,-0.7,0.3,0.4
2025-09-24,122450,,1.74,-0.4,-0.0,0.4
2025-09-25,122450,,1.72,-0.3,-0.3,0.6
2025-09-26,122450,,1.7,0.1,0.0,-0.2
2025-09-29,122450,,1.71,-0.1,0.0,0.1
2025-09-30,122450,4000.0,1.71,0.7,-0.4,-0.2
2025-10-01,122450,,1.74,-0.7,0.0,0.6
2025-10-02,122450,,1.7,0.1,0.4,-0.6
2025-10-10,122450,,1.71,-0.8,-0.2,0.9
2025-10-13,122450,,1.67,0.1,-0.2,0.0
2025-10-14,122450,,1.67,-0.2,-0.1,0.4
2025-10-15,122450,,1.66,0.0,0.1,-0.1
2025-10-16,122450,,1.66,0.2,0.1,-0.1
2025-10-17,122450,,1.68,0.0,-0.2,0.2
2025-10-20,122450,,1.68,0.2,0.1,-0.3
2025-10-21,122450,,1.69,0.8,0.2,-1.2
2025-10-22,122450,,1.73,0.2,0.0,-0.2
2025-10-23,122450,,1.74,-0.1,-0.1,0.1
2025-10-24,122450,,1.74,-0.7,0.1,0.5
2025-10-27,122450,,1.7,0.3,0.1,-0.5
2025-10-28,122450,,1.71,0.2,-0.1,-0.1
2025-10-29,122450,,1.72,-0.2,-0.2,0.3
2025-10-30,122450,,1.71,-0.5,-0.1,0.7
2025-10-31,122450,3815.0,1.68,-0.2,-0.1,0.3
2025-11-03,122450,,1.67,-0.1,0.1,-0.0
2025-11-04,122450,,1.66,0.8,0.4,-1.1
2025-11-05,122450,,1.71,0.3,-0.1,-0.3
2025-11-06,122450,,1.73,0.5,0.1,-0.6
2025-11-07,122450,,1.76,0.3,-0.0,-0.2
2025-11-10,122450,,1.78,0.5,0.0,-0.4
2025-11-11,122450,,1.81,0.4,-0.1,-0.3
2025-11-12,122450,,1.83,0.3,-0.1,-0.1
2025-11-13,122450,,1.85,0.0,-0.1,0.1
2025-11-14,122450,,1.85,-0.3,0.2,0.1
2025-11-17,122450,,1.83,-0.1,-0.3,0.4
2025-11-18,122450,,1.82,0.2,0.1,-0.3
2025-11-19,122450,,1.83,0.4,-0.1,-0.4
2025-11-20,122450,,1.86,0.6,0.0,-0.6
2025-11-21,122450,,1.89,-0.1,-0.1,0.1
2025-11-24,122450,,1.89,1.7,0.7,-2.3
2025-11-25,122450,,1.99,-0.5,-0.2,0.7
2025-11-26,122450,,1.96,0.1,0.0,0.1
2025-11-27,122450,,1.96,0.4,0.1,-0.4
2025-11-28,122450,3840.0,1.99,0.9,0.1,-0.9
2025-12-01,122450,,2.04,0.3,0.1,-0.3
2025-12-02,122450,,2.05,0.3,0.1,-0.3
2025-12-03,122450,,2.07,0.2,-0.1,-0.1
2025-12-04,122450,,2.08,-0.2,-0.1,0.3
2025-12-05,122450,,2.07,0.0,-0.1,0.0
2025-12-08,122450,,2.07,-0.1,-0.1,0.2
2025-12-09,122450,,2.07,-0.2,-0.0,0.3
2025-12-10,122450,,2.05,-0.0,0.0,-0.0
2025-12-11,122450,,2.05,0.6,0.1,-0.7
2025-12-12,122450,,2.09,0.3,-0.0,-0.3
2025-12-15,122450,,2.1,0.7,0.1,-0.8
2025-12-16,122450,,2.14,-0.5,-0.3,0.7
2025-12-17,122450,,2.11,-0.2,0.1,0.1
2025-12-18,122450,,2.1,0.1,0.1,-0.2
2025-12-19,122450,,2.1,0.3,0.1,-0.4
2025-12-22,122450,,2.12,0.3,-0.1,-0.1
2025-12-23,122450,,2.13,0.7,0.1,-0.7
2025-12-24,122450,,2.17,0.1,-0.1,0.0
2025-12-26,122450,,2.18,-0.2,0.0,0.2
2025-12-29,122450,,2.17,-1.0,-0.1,1.2
2025-12-30,122450,3730.0,2.1,0.0,0.0,0.3
2026-01-02,122450,,2.11,0.1,0.0,-0.1
2026-01-05,122450,,2.11,-0.7,-0.1,0.7
2026-01-06,122450,,2.07,-0.2,-0.0,0.2
2026-01-07,122450,,2.06,-0.4,0.0,0.4
2026-01-08,122450,,2.04,0.5,0.1,-0.6
2026-01-09,122450,,2.07,-0.0,0.2,-0.2
2026-01-12,122450,,2.07,0.4,-0.4,0.0
2026-01-13,122450,,2.09,0.0,-0.0,-0.0
2026-01-14,122450,,2.09,0.5,0.2,-0.7
2026-01-15,122450,,2.12,0.5,0.3,-0.8
2026-01-16,122450,,2.16,-0.2,-0.5,0.7
2026-01-19,122450,,2.14,0.9,-0.0,-0.9
2026-01-20,122450,,2.2,0.5,-0.3,-0.1
2026-01-21,122450,,2.23,0.1,0.1,-0.1
2026-01-22,122450,,2.24,0.2,-0.0,-0.2
2026-01-23,122450,,2.25,0.4,0.3,-0.7
2026-01-26,122450,,2.27,0.6,-0.2,-0.4
2026-01-27,122450,,2.31,-0.3,-0.5,0.8
2026-01-28,122450,,2.29,-0.6,-0.2,0.8
2026-01-29,122450,,2.25,0.1,0.4,-0.5
2026-01-30,122450,3460.0,2.26,-0.1,-0.1,0.2
2026-02-02,122450,,2.25,-0.5,-0.2,0.7
2026-02-03,122450,,2.22,-1.8,1.4,0.5
2026-02-04,122450,,2.12,1.3,-0.4,-1.0
2026-02-05,122450,,2.2,-0.0,-0.3,0.3
2026-02-06,122450,,2.2,-0.5,-0.2,0.6
2026-02-09,122450,,2.17,0.2,-0.2,0.0
2026-02-10,122450,,2.18,0.6,-0.0,-0.6
2026-02-11,122450,,2.22,0.3,-0.1,-0.2
2026-02-12,122450,,2.24,0.1,0.1,-0.2
2026-02-13,122450,,2.24,-0.1,0.0,0.1
2026-02-19,122450,,2.24,-0.4,-0.0,0.5
2026-02-20,122450,,2.21,-0.0,0.1,-0.1
2026-02-23,122450,,2.21,0.2,-0.1,-0.1
2026-02-24,122450,,2.22,-0.4,0.0,0.4
2026-02-25,122450,,2.2,-0.3,-0.0,0.3
2026-02-26,122450,,2.19,-0.5,0.2,0.2
2026-02-27,122450,3560.0,2.16,0.0,-0.0,0.0
2026-03-03,122450,,2.16,0.1,0.0,-0.1
2026-03-04,122450,,2.16,0.5,0.1,-0.5
2026-03-05,122450,,2.2,0.6,-0.4,-0.2
2026-03-06,122450,,2.25,-0.5,-0.0,0.6
2026-03-09,122450,,2.21,0.8,0.3,-1.1
2026-03-10,122450,,2.27,0.4,0.0,-0.5
2026-03-11,122450,,2.3,0.5,-0.0,-0.5
2026-03-12,122450,,2.34,-0.0,-0.4,0.4
2026-03-13,122450,,2.34,-0.1,0.0,0.1
2026-03-16,122450,,2.33,-0.0,0.1,-0.1
2026-03-17,122450,,2.33,0.2,-0.1,-0.1
2026-03-18,122450,,2.34,-0.3,0.0,0.3
2026-03-19,122450,,2.32,-0.3,0.1,0.2
2026-03-20,122450,,2.3,0.7,-0.1,-0.6
2026-03-23,122450,,2.35,-0.4,-0.0,0.6
2026-03-24,122450,,2.32,-0.1,0.1,0.0
2026-03-25,122450,,2.32,-0.2,0.1,0.1
2026-03-26,122450,,2.3,0.2,0.8,-1.0
2026-03-27,122450,,2.32,-0.0,-0.4,0.4
2026-03-30,122450,,2.32,-0.1,-0.0,0.1
2026-03-31,122450,3085.0,2.31,-0.7,0.1,0.5
2026-04-01,122450,,2.26,0.5,0.1,-0.7
2026-04-02,122450,,2.3,-0.6,0.1,0.5
2026-04-03,122450,,2.26,-0.1,-0.0,0.1
2026-04-06,122450,,2.25,0.0,-0.1,0.0
2026-04-07,122450,,2.26,-0.1,0.0,0.1
2026-04-08,122450,,2.25,0.0,-0.0,-0.0
2026-04-09,122450,,2.25,-0.0,-0.0,0.0
2026-04-10,122450,,2.24,0.3,-0.0,-0.3
2026-04-13,122450,,2.27,0.0,-0.1,0.1
2026-04-14,122450,,2.27,0.2,-0.1,-0.2
2026-04-15,122450,,2.28,0.5,-0.0,-0.5
2026-04-16,122450,,2.31,0.2,0.1,-0.4
2026-04-17,122450,,2.33,0.4,0.1,-0.4
2026-04-20,122450,,2.36,-0.0,0.0,-0.0
2026-04-21,122450,,2.36,-0.2,0.0,0.2
2026-04-22,122450,,2.34,-0.1,-0.2,0.4
2026-04-23,122450,,2.34,0.1,-0.0,0.1
2026-04-24,122450,,2.34,0.5,-0.7,0.3
2026-04-27,122450,,2.37,0.1,0.0,-0.3
2026-04-28,122450,,2.38,0.1,-0.1,-0.0
2026-04-29,122450,,2.39,0.2,-0.2,-0.1
2026-04-30,122450,3190.0,2.4,-0.3,-0.1,0.4
2026-05-04,122450,,2.38,-0.6,-0.0,0.7
2026-05-06,122450,,2.34,-0.4,0.0,0.3
2026-05-07,122450,,2.31,-0.2,0.0,0.2
2026-05-08,122450,,2.3,-0.1,0.2,-0.0
2026-05-11,122450,,2.29,-0.4,-0.2,0.6
2026-05-12,122450,,2.26,-1.1,0.3,0.8
2026-05-13,122450,,2.21,-0.3,-0.3,0.6
2026-05-14,122450,,2.18,-0.4,0.2,0.2
2026-05-15,122450,,2.16,-0.6,0.1,0.6
2026-05-18,122450,,2.11,-0.0,0.3,-0.4
2026-05-19,122450,,2.11,0.1,-0.4,0.3
2026-05-20,122450,,2.12,-0.4,-0.3,0.6
2026-05-21,122450,,2.09,-0.0,-0.1,0.1
2026-05-22,122450,,2.09,0.4,-0.1,-0.3
2026-05-26,122450,,2.12,-0.5,-0.0,0.5
2026-05-27,122450,,2.08,-0.3,0.2,0.1
2026-05-28,122450,,2.06,0.1,-0.2,0.1
2026-05-29,122450,3065.0,2.07,0.1,0.1,-0.2
2026-06-01,122450,,2.07,-0.5,-0.1,0.6
2026-06-02,122450,,2.04,0.3,-0.0,-0.2
2026-06-04,122450,,2.06,-0.4,0.3,0.1
2026-06-05,122450,,2.02,-0.2,-0.0,0.2
2026-06-08,122450,,2.01,-0.5,-0.2,0.7
2026-06-09,122450,,1.96,-0.0,0.4,-0.3
2026-06-10,122450,,1.96,0.7,0.6,-1.3
2026-06-11,122450,,2.02,0.4,0.0,-0.4
2026-06-12,122450,,2.05,-0.0,-0.6,0.6
2026-06-15,122450,,2.05,-0.2,-0.3,0.5
2026-06-16,122450,,2.04,0.0,-0.1,0.1
2026-06-17,122450,,2.04,0.2,0.1,-0.4
2026-06-18,122450,,2.06,0.4,0.1,-0.6
2026-06-19,122450,,2.09,-0.3,0.0,0.3
2026-06-22,122450,,2.07,-0.1,-0.1,0.2
2026-06-23,122450,,2.06,0.5,0.1,-0.5
2026-06-24,122450,,2.1,0.2,0.0,-0.3
2026-06-25,122450,,2.12,-0.7,-0.0,0.7
2026-06-26,122450,,2.06,0.4,-0.3,-0.1
2026-06-29,122450,,2.1,0.2,-0.0,-0.2
2026-06-30,122450,2695.0,2.12,-0.4,0.7,-0.2
2026-07-01,122450,,2.08,-0.0,-0.1,0.1
2026-07-02,122450,,2.08,0.1,-0.1,-0.0
2026-07-03,122450,,2.09,-0.1,-0.1,0.1
2026-07-06,122450,,2.08,-0.0,0.1,-0.0
2026-07-07,122450,,2.08,-0.0,0.1,-0.1
2026-07-08,122450,,2.08,-0.2,0.3,-0.1
2026-07-09,122450,,2.06,0.1,0.0,-0.1
2026-07-10,122450,,2.07,0.7,-0.3,-0.4
2026-07-13,122450,2660.0,2.12,-0.1,0.1,0.1
2025-07-14,122640,,2.84,-3.1,-1.4,4.5
2025-07-15,122640,,2.75,12.5,17.0,-29.8
2025-07-16,122640,,3.13,-5.9,8.3,-2.3
2025-07-17,122640,,2.98,-8.5,7.7,0.9
2025-07-18,122640,,2.74,-5.3,4.7,0.7
2025-07-21,122640,,2.6,-3.3,5.1,-1.6
2025-07-22,122640,,2.53,-2.8,6.1,-3.1
2025-07-23,122640,,2.38,-1.7,1.9,-0.2
2025-07-24,122640,,2.31,-2.4,2.2,0.1
2025-07-25,122640,,2.17,-1.0,0.7,0.1
2025-07-28,122640,,2.16,-2.4,0.0,2.4
2025-07-29,122640,,2.1,6.2,6.0,-12.0
2025-07-30,122640,,2.29,3.7,5.3,-8.5
2025-07-31,122640,,2.39,-5.8,3.4,2.4
2025-08-01,122640,,2.22,-4.0,3.9,0.1
2025-08-04,122640,,2.08,-1.0,0.2,0.8
2025-08-05,122640,,2.05,-2.5,0.2,2.3
2025-08-06,122640,,1.97,-0.3,1.7,-1.3
2025-08-07,122640,,1.97,0.6,-2.0,1.4
2025-08-08,122640,,2.02,1.8,-1.4,-0.4
2025-08-11,122640,,2.07,-3.3,0.6,2.7
2025-08-12,122640,,1.96,3.5,-4.1,0.6
2025-08-13,122640,,1.58,6.2,-0.4,-7.6
2025-08-14,122640,,1.74,-0.4,-0.0,-0.9
2025-08-18,122640,,1.72,-3.0,-0.6,3.6
2025-08-19,122640,,1.59,-0.7,-1.3,2.3
2025-08-20,122640,,1.59,-1.0,3.9,-1.8
2025-08-21,122640,,1.58,-2.8,1.8,1.7
2025-08-22,122640,,1.48,-2.2,-0.0,2.0
2025-08-25,122640,,1.42,1.5,-1.0,-0.5
2025-08-26,122640,,1.48,2.4,-2.7,0.6
2025-08-27,122640,,1.55,0.3,0.0,-0.3
2025-08-28,122640,,1.53,0.1,-1.8,2.2
2025-08-29,122640,17050.0,1.53,1.8,-0.5,-1.0
2025-09-01,122640,,1.59,-0.0,-0.1,-0.2
2025-09-02,122640,,1.6,-1.1,0.1,0.5
2025-09-03,122640,,1.59,1.7,-1.7,-0.2
2025-09-04,122640,,1.64,-0.4,-1.4,1.6
2025-09-05,122640,,1.64,10.7,2.7,-13.5
2025-09-08,122640,,1.94,0.7,-1.1,0.4
2025-09-09,122640,,1.95,1.4,-0.3,-1.1
2025-09-10,122640,,1.99,1.4,-0.3,-3.8
2025-09-11,122640,,2.02,19.7,3.5,-23.0
2025-09-12,122640,,2.54,-3.5,0.2,3.3
2025-09-15,122640,,2.44,5.1,2.7,-13.9
2025-09-16,122640,,2.55,5.7,1.8,-7.8
2025-09-17,122640,,2.7,0.0,1.9,-2.5
2025-09-18,122640,,2.72,11.9,-12.9,0.7
2025-09-19,122640,,2.91,-1.1,-2.1,3.0
2025-09-22,122640,,2.88,3.6,-5.3,1.2
2025-09-23,122640,,2.96,13.6,0.1,-2.5
2025-09-24,122640,,3.26,6.9,-0.5,-6.5
2025-09-25,122640,,3.46,-1.2,0.2,0.5
2025-09-26,122640,,3.42,0.5,-0.1,-0.4
2025-09-29,122640,,3.34,-1.5,-0.6,1.7
2025-09-30,122640,18750.0,3.29,-0.4,0.2,-0.0
2025-10-01,122640,,3.29,7.0,-13.7,6.6
2025-10-02,122640,,3.43,4.6,0.9,-5.2
2025-10-10,122640,,3.54,-2.4,-0.4,2.8
2025-10-13,122640,,3.53,5.5,-0.8,-3.5
2025-10-14,122640,,3.73,-16.7,-1.3,17.2
2025-10-15,122640,,3.16,-2.4,,2.4
2025-10-16,122640,,3.07,-0.8,-0.0,0.7
2025-10-17,122640,,3.04,-2.8,-2.2,4.9
2025-10-20,122640,,3.0,26.4,-0.0,-23.9
2025-10-21,122640,,3.79,-0.2,4.1,-3.6
2025-10-22,122640,,3.78,-2.6,0.3,1.9
2025-10-23,122640,,3.65,-5.0,0.6,4.4
2025-10-24,122640,,3.51,0.7,-2.1,1.6
2025-10-27,122640,,3.51,6.3,-12.4,5.5
2025-10-28,122640,,3.66,-1.9,-4.8,7.0
2025-10-29,122640,,3.58,1.8,-5.4,3.0
2025-10-30,122640,,3.64,-3.1,0.9,2.0
2025-10-31,122640,17710.0,3.5,-4.7,-5.3,9.7
2025-11-03,122640,,3.33,3.9,-4.8,1.5
2025-11-04,122640,,3.43,-0.5,0.1,-0.1
2025-11-05,122640,,3.43,3.6,-23.1,18.9
2025-11-06,122640,,3.48,0.3,0.6,-1.4
2025-11-07,122640,,3.49,-0.7,-14.0,14.4
2025-11-10,122640,,3.44,0.4,-0.3,-0.5
2025-11-11,122640,,3.36,0.8,-0.0,-0.9
2025-11-12,122640,,3.39,-0.8,-0.0,1.0
2025-11-13,122640,,3.34,1.1,-0.6,-0.8
2025-11-14,122640,,3.37,-9.8,-0.7,10.9
2025-11-17,122640,,3.05,-3.3,-0.1,3.2
2025-11-18,122640,,2.95,-0.3,-0.1,0.3
2025-11-19,122640,,2.93,-0.9,0.1,0.5
2025-11-20,122640,,2.87,3.1,1.8,-5.0
2025-11-21,122640,,3.0,-7.8,2.4,5.5
2025-11-24,122640,,2.77,1.3,4.0,-5.4
2025-11-25,122640,,2.86,-5.0,0.2,4.7
2025-11-26,122640,,2.69,-0.8,0.2,0.7
2025-11-27,122640,,2.69,0.7,-0.2,-0.8
2025-11-28,122640,17670.0,2.74,-0.0,-0.3,0.4
2025-12-01,122640,,2.74,-10.1,-0.0,10.3
2025-12-02,122640,,2.73,-4.6,-0.0,4.4
2025-12-03,122640,,2.57,-1.7,-0.1,2.4
2025-12-04,122640,,2.66,-0.7,-0.1,0.9
2025-12-05,122640,,2.78,13.5,-8.2,-5.0
2025-12-08,122640,,3.02,-6.9,-2.3,9.3
2025-12-09,122640,,2.79,4.9,0.9,-9.6
2025-12-10,122640,,2.93,-3.7,-0.1,2.6
2025-12-11,122640,,2.78,7.6,2.4,-10.6
2025-12-12,122640,,3.03,-6.8,1.8,5.1
2025-12-15,122640,,2.81,-21.5,1.2,19.5
2025-12-16,122640,,2.04,0.3,-0.8,0.5
2025-12-17,122640,,2.4,2.9,1.7,-2.8
2025-12-18,122640,,2.5,-3.6,-0.0,4.3
2025-12-19,122640,,2.37,-5.6,0.0,7.4
2025-12-22,122640,,2.19,-0.1,2.1,-0.3
2025-12-23,122640,,2.22,-7.3,-1.5,8.6
2025-12-24,122640,,1.99,-2.0,-0.2,2.6
2025-12-26,122640,,1.93,-3.2,4.2,-0.9
2025-12-29,122640,,1.86,8.3,-1.6,-6.7
2025-12-30,122640,17800.0,2.11,3.5,-0.1,-3.5
2026-01-02,122640,,2.21,6.9,2.1,-7.7
2026-01-05,122640,,2.47,0.3,-0.4,1.5
2026-01-06,122640,,2.5,7.2,-2.7,-4.5
2026-01-07,122640,,2.8,20.8,16.6,-37.6
2026-01-08,122640,,3.5,-7.1,-0.1,5.9
2026-01-09,122640,,3.24,-1.6,-0.1,1.2
2026-01-12,122640,,3.19,-4.1,-4.8,9.0
2026-01-13,122640,,3.07,-2.6,-4.4,7.2
2026-01-14,122640,,3.03,-2.5,-0.7,3.0
2026-01-15,122640,,2.96,-4.6,0.0,4.6
2026-01-16,122640,,2.78,-6.6,-0.1,6.7
2026-01-19,122640,,2.52,-1.6,-1.5,2.8
2026-01-20,122640,,2.46,0.8,0.2,-0.9
2026-01-21,122640,,2.47,-2.0,9.9,-7.6
2026-01-22,122640,,2.54,-5.1,13.0,-7.1
2026-01-23,122640,,2.47,0.9,-0.1,-1.0
2026-01-26,122640,,2.5,20.3,10.4,-30.9
2026-01-27,122640,,3.18,-0.2,0.8,-0.5
2026-01-28,122640,,3.16,18.8,-2.2,-17.1
2026-01-29,122640,,3.58,-6.4,-0.2,7.6
2026-01-30,122640,21700.0,3.31,35.4,11.9,-51.2
2026-02-02,122640,,4.39,-16.9,6.0,10.6
2026-02-03,122640,,3.98,-14.6,16.3,-0.4
2026-02-04,122640,,3.52,-2.7,14.1,-11.5
2026-02-05,122640,,3.02,-1.2,-0.1,1.2
2026-02-06,122640,,2.93,13.9,4.5,-18.2
2026-02-09,122640,,3.43,21.0,16.9,-37.2
2026-02-10,122640,,3.9,-11.6,14.6,-2.9
2026-02-11,122640,,3.24,-6.9,-1.6,9.1
2026-02-12,122640,,2.99,-16.0,18.9,-2.5
2026-02-13,122640,,2.64,-8.0,10.9,-2.1
2026-02-19,122640,,2.45,1.0,-1.6,-0.7
2026-02-20,122640,,2.51,-18.9,-1.4,20.1
2026-02-23,122640,,1.99,1.9,-0.3,-1.9
2026-02-24,122640,,2.06,25.7,0.8,-26.2
2026-02-25,122640,,2.7,-5.7,13.1,-7.7
2026-02-26,122640,,2.55,-7.5,7.2,-0.5
2026-02-27,122640,23100.0,2.29,-6.2,-1.2,7.9
2026-03-03,122640,,2.14,18.2,-12.0,-7.0
2026-03-04,122640,,2.66,13.3,27.7,-35.8
2026-03-05,122640,,3.13,0.9,-1.1,0.9
2026-03-06,122640,,3.09,-9.1,-0.8,9.4
2026-03-09,122640,,2.69,-12.7,-7.3,19.8
2026-03-10,122640,,2.38,9.5,8.4,-17.3
2026-03-11,122640,,2.67,22.6,-8.7,-13.4
2026-03-12,122640,,3.15,10.3,0.2,-10.9
2026-03-13,122640,,3.46,21.4,-23.0,1.0
2026-03-16,122640,,4.03,3.6,-11.3,6.5
2026-03-17,122640,,4.23,-5.4,7.0,-1.6
2026-03-18,122640,,4.17,6.9,-0.5,-4.0
2026-03-19,122640,,4.4,4.9,-0.5,-4.8
2026-03-20,122640,,4.48,53.2,0.7,-57.4
2026-03-23,122640,,5.69,1.9,23.3,-18.6
2026-03-24,122640,,5.74,-46.7,-0.6,44.9
2026-03-25,122640,,4.52,2.7,-29.7,26.8
2026-03-26,122640,,4.45,-10.7,-6.2,14.8
2026-03-27,122640,,4.29,-8.3,-2.8,11.8
2026-03-30,122640,,4.27,0.1,-2.7,3.8
2026-03-31,122640,18980.0,4.26,-6.9,0.5,6.1
2026-04-01,122640,,4.09,8.9,-5.2,-3.6
2026-04-02,122640,,4.42,-3.0,3.1,0.0
2026-04-03,122640,,4.29,7.0,-15.0,8.0
2026-04-06,122640,,5.1,5.5,-15.9,11.1
2026-04-07,122640,,5.29,-10.2,23.3,-13.0
2026-04-08,122640,,5.04,-17.6,45.1,-25.6
2026-04-09,122640,,4.49,-29.1,49.8,-20.2
2026-04-10,122640,,3.95,5.0,47.9,-51.7
2026-04-13,122640,,4.39,11.0,44.9,-57.1
2026-04-14,122640,,4.43,5.6,18.8,-24.1
2026-04-15,122640,,4.6,10.0,22.7,-33.0
2026-04-16,122640,,4.66,15.4,9.6,-24.9
2026-04-17,122640,,5.09,11.0,11.3,-22.4
2026-04-20,122640,,5.33,19.6,-8.1,-10.6
2026-04-21,122640,,5.63,13.8,-1.4,-12.5
2026-04-22,122640,,5.89,-5.8,4.3,1.4
2026-04-23,122640,,5.65,9.2,-12.3,1.7
2026-04-24,122640,,5.66,35.2,4.3,-37.4
2026-04-27,122640,,6.28,-22.5,-3.6,27.6
2026-04-28,122640,,5.71,-6.9,-2.3,9.3
2026-04-29,122640,,5.55,-20.1,21.2,-1.1
2026-04-30,122640,27200.0,5.27,7.3,-11.2,3.6
2026-05-04,122640,,5.44,-3.8,7.9,0.0
2026-05-06,122640,,5.34,-7.0,-3.1,11.0
2026-05-07,122640,,5.17,2.0,-0.6,-1.9
2026-05-08,122640,,5.09,12.7,-17.7,4.8
2026-05-11,122640,,5.37,15.5,-22.1,6.8
2026-05-12,122640,,5.64,5.4,-10.4,4.4
2026-05-13,122640,,5.7,32.7,-7.5,-27.3
2026-05-14,122640,,6.54,-0.3,0.0,0.0
2026-05-15,122640,,6.49,1.7,-3.4,-1.3
2026-05-18,122640,,6.83,23.8,-2.7,-20.5
2026-05-19,122640,,7.47,-3.7,2.2,1.8
2026-05-20,122640,,7.23,13.0,-16.0,3.5
2026-05-21,122640,,7.43,-0.3,0.8,-1.1
2026-05-22,122640,,7.73,76.7,11.2,-87.1
2026-05-26,122640,,9.08,-19.2,-8.0,24.3
2026-05-27,122640,,8.52,2.5,-14.0,-15.4
2026-05-28,122640,,8.44,30.6,-45.1,11.9
2026-05-29,122640,26600.0,8.97,10.0,-27.5,17.6
2026-06-01,122640,,8.94,7.3,-23.8,15.1
2026-06-02,122640,,9.06,-15.0,9.9,5.0
2026-06-04,122640,,8.72,-6.5,3.2,5.4
2026-06-05,122640,,8.66,-10.1,0.9,9.5
2026-06-08,122640,,8.27,-5.8,-0.3,6.6
2026-06-09,122640,,8.28,26.7,-13.8,-13.0
2026-06-10,122640,,8.76,16.5,-30.2,13.6
2026-06-11,122640,,8.99,24.3,-3.1,-21.7
2026-06-12,122640,,9.53,31.6,0.9,-56.6
2026-06-15,122640,,10.12,-2.7,7.1,-3.1
2026-06-16,122640,,9.91,-13.9,-8.8,23.2
2026-06-17,122640,,9.57,1.1,39.7,-46.2
2026-06-18,122640,,9.19,-195.6,45.6,137.6
2026-06-19,122640,,5.69,36.5,-26.7,-7.4
2026-06-22,122640,,6.33,37.1,25.6,-68.7
2026-06-23,122640,,6.62,40.3,41.5,-62.8
2026-06-24,122640,,6.95,-50.7,15.2,35.5
2026-06-25,122640,,6.24,27.4,10.3,-39.3
2026-06-26,122640,,6.65,66.0,-36.1,-36.0
2026-06-29,122640,,7.82,6.1,0.6,-7.1
2026-06-30,122640,34800.0,7.02,8.5,6.2,-12.2
2026-07-01,122640,,6.62,-10.4,19.8,3.4
2026-07-02,122640,,6.48,-65.2,-11.5,46.4
2026-07-03,122640,,5.63,-23.2,8.5,13.5
2026-07-06,122640,,5.33,5.3,-20.5,5.9
2026-07-07,122640,,5.43,34.8,-4.8,-30.5
2026-07-08,122640,,5.99,19.8,-8.3,-12.0
2026-07-09,122640,,6.36,15.0,16.1,-31.0
2026-07-10,122640,,6.64,-45.5,1.1,43.3
2026-07-13,122640,30500.0,5.91,-6.4,3.6,3.0
2025-07-14,122690,,1.0,0.0,-0.3,0.2
2025-07-15,122690,,1.01,-0.2,-0.0,0.2
2025-07-16,122690,,0.98,-0.1,-0.1,0.2
2025-07-17,122690,,0.96,0.0,-0.0,-0.0
2025-07-18,122690,,0.97,0.0,0.0,-0.0
2025-07-21,122690,,0.97,-0.0,0.0,0.0
2025-07-22,122690,,0.97,-0.1,-0.0,0.2
2025-07-23,122690,,0.94,-0.0,-0.1,0.1
2025-07-24,122690,,0.94,-0.3,-0.9,1.2
2025-07-25,122690,,0.87,-0.0,-0.2,0.3
2025-07-28,122690,,0.87,-0.1,-0.2,0.3
2025-07-29,122690,,0.85,0.0,-0.2,0.2
2025-07-30,122690,,0.85,0.3,-0.9,0.6
2025-07-31,122690,,0.9,-0.0,-0.1,0.2
2025-08-01,122690,,0.9,-0.2,0.0,0.1
2025-08-04,122690,,0.86,0.3,-0.0,-0.3
2025-08-05,122690,,0.93,0.0,-0.0,-0.1
2025-08-06,122690,,0.94,0.1,-0.0,-0.1
2025-08-07,122690,,0.95,-0.0,-0.0,0.0
2025-08-08,122690,,1.04,0.0,0.0,-0.0
2025-08-11,122690,,1.04,0.0,-0.0,-0.0
2025-08-12,122690,,1.05,-0.0,,0.1
2025-08-13,122690,,1.04,0.2,-0.0,-0.2
2025-08-14,122690,,1.3,-0.0,0.0,0.0
2025-08-18,122690,,1.3,-0.1,0.0,0.1
2025-08-19,122690,,1.27,0.3,0.0,-0.4
2025-08-20,122690,,1.34,0.2,-0.0,-0.2
2025-08-21,122690,,1.4,0.0,-0.0,0.0
2025-08-22,122690,,1.4,-0.0,-0.0,0.0
2025-08-25,122690,,1.39,0.2,-0.1,-0.0
2025-08-26,122690,,1.42,-0.1,-0.1,0.3
2025-08-27,122690,,1.4,0.0,-0.0,0.0
2025-08-28,122690,,1.41,-0.0,-0.1,0.1
2025-08-29,122690,1879.0,1.4,-0.2,0.0,0.2
2025-09-01,122690,,1.36,0.0,-0.0,-0.0
2025-09-02,122690,,1.36,-0.0,-0.0,0.0
2025-09-03,122690,,1.36,-0.1,-0.0,0.1
2025-09-04,122690,,1.34,-0.0,-0.0,0.0
2025-09-05,122690,,1.33,-0.0,0.0,0.0
2025-09-08,122690,,1.32,-0.1,-0.0,0.1
2025-09-09,122690,,1.31,-0.0,-0.0,0.0
2025-09-10,122690,,1.33,0.0,-0.0,0.0
2025-09-11,122690,,1.33,-0.0,-0.0,0.1
2025-09-12,122690,,1.32,0.0,-0.0,0.0
2025-09-15,122690,,1.33,-0.1,-0.0,0.2
2025-09-16,122690,,1.31,-0.1,-0.0,0.1
2025-09-17,122690,,1.29,-0.1,-0.0,0.1
2025-09-18,122690,,1.27,-0.0,0.0,0.0
2025-09-19,122690,,1.27,-0.1,-0.0,0.1
2025-09-22,122690,,1.25,-0.0,0.0,0.0
2025-09-23,122690,,1.24,-0.0,-0.0,0.1
2025-09-24,122690,,1.23,-0.0,-0.0,0.1
2025-09-25,122690,,1.22,-0.0,-0.1,0.1
2025-09-26,122690,,1.0,-0.0,-0.0,0.0
2025-09-29,122690,,0.96,0.0,-0.0,0.0
2025-09-30,122690,1798.0,0.97,0.0,0.0,-0.0
2025-10-01,122690,,0.97,0.0,-0.0,0.0
2025-10-02,122690,,0.98,0.0,-0.0,-0.0
2025-10-10,122690,,0.98,-0.0,-0.0,0.0
2025-10-13,122690,,0.97,0.0,-0.0,-0.0
2025-10-14,122690,,0.97,0.0,-0.0,0.0
2025-10-15,122690,,0.97,-0.0,-0.0,0.0
2025-10-16,122690,,0.97,-0.0,-0.0,0.0
2025-10-17,122690,,0.97,-0.0,-0.0,0.1
2025-10-20,122690,,0.96,-0.0,0.0,-0.0
2025-10-21,122690,,0.96,0.0,0.0,0.0
2025-10-22,122690,,0.96,0.0,-0.0,-0.1
2025-10-23,122690,,0.97,-0.0,-0.0,0.0
2025-10-24,122690,,0.97,0.0,0.0,-0.0
2025-10-27,122690,,0.97,-0.0,0.0,0.0
2025-10-28,122690,,0.97,-0.0,0.0,0.0
2025-10-29,122690,,0.96,0.0,0.0,-0.0
2025-10-30,122690,,0.96,-0.0,-0.0,0.0
2025-10-31,122690,1858.0,0.95,0.0,-0.0,0.0
2025-11-03,122690,,1.0,-0.1,0.0,0.1
2025-11-04,122690,,0.98,-0.0,-0.0,0.1
2025-11-05,122690,,0.98,-0.0,-0.0,0.0
2025-11-06,122690,,0.97,-0.0,-0.0,0.0
2025-11-07,122690,,0.97,-0.0,-0.0,0.0
2025-11-10,122690,,0.96,0.4,-0.4,0.0
2025-11-11,122690,,1.06,0.0,-0.0,0.0
2025-11-12,122690,,1.07,-0.6,-0.2,1.3
2025-11-13,122690,,0.95,-0.0,-0.1,-0.9
2025-11-14,122690,,0.95,0.8,-0.0,-0.8
2025-11-17,122690,,1.11,-1.0,-0.0,1.0
2025-11-18,122690,,0.94,0.0,,-0.0
2025-11-19,122690,,0.95,0.1,0.0,-0.1
2025-11-20,122690,,0.98,-0.1,0.0,0.0
2025-11-21,122690,,0.96,0.2,-0.0,-0.2
2025-11-24,122690,,0.99,0.2,0.0,-0.3
2025-11-25,122690,,1.04,0.3,-0.0,-0.3
2025-11-26,122690,,1.12,-0.3,-0.0,0.3
2025-11-27,122690,,1.05,0.1,0.0,-0.1
2025-11-28,122690,1977.0,1.07,-0.2,-0.0,0.2
2025-12-01,122690,,1.02,0.4,0.0,-0.4
2025-12-02,122690,,1.11,0.3,-0.0,-0.3
2025-12-03,122690,,1.19,0.2,,-0.2
2025-12-04,122690,,1.23,-0.2,,0.1
2025-12-05,122690,,1.19,0.5,0.0,-0.4
2025-12-08,122690,,1.29,-0.1,,0.2
2025-12-09,122690,,1.27,-0.1,,0.1
2025-12-10,122690,,1.25,-0.1,0.0,0.1
2025-12-11,122690,,1.22,0.2,0.0,-0.2
2025-12-12,122690,,1.27,0.8,-0.2,-0.6
2025-12-15,122690,,1.45,1.1,-0.8,0.6
2025-12-16,122690,,1.69,-1.1,-0.0,1.7
2025-12-17,122690,,1.52,0.1,,-0.0
2025-12-18,122690,,1.54,-0.1,,0.1
2025-12-19,122690,,1.52,0.6,,-0.6
2025-12-22,122690,,1.64,-0.5,0.0,1.9
2025-12-23,122690,,1.54,-6.6,-0.2,6.6
2025-12-24,122690,,0.73,0.3,,-0.9
2025-12-26,122690,,0.83,0.1,0.0,1.5
2025-12-29,122690,,0.73,0.1,-3.1,2.9
2025-12-30,122690,3580.0,0.67,,,-0.4
2026-01-02,122690,,0.67,-0.1,-0.9,0.8
2026-01-05,122690,,0.65,1.6,-0.5,-0.8
2026-01-06,122690,,0.88,-1.4,-0.0,1.5
2026-01-07,122690,,0.72,-0.1,-0.0,0.3
2026-01-08,122690,,0.74,0.2,-0.0,-0.3
2026-01-09,122690,,0.79,-0.1,-2.2,2.3
2026-01-12,122690,,0.78,-0.0,-0.0,0.1
2026-01-13,122690,,0.77,1.3,-1.3,0.1
2026-01-14,122690,,1.0,-1.9,,1.5
2026-01-15,122690,,0.77,1.7,0.5,-1.7
2026-01-16,122690,,0.99,-1.4,0.0,1.2
2026-01-19,122690,,0.83,6.6,0.0,-6.2
2026-01-20,122690,,1.55,-4.7,0.0,3.5
2026-01-21,122690,,0.96,3.7,-0.0,-3.8
2026-01-22,122690,,1.39,-5.2,-2.4,8.7
2026-01-23,122690,,0.73,3.7,-1.1,-2.8
2026-01-26,122690,,1.24,-0.6,-0.2,0.8
2026-01-27,122690,,1.16,2.2,-0.5,-1.7
2026-01-28,122690,,1.48,-0.9,-0.1,1.0
2026-01-29,122690,,1.35,0.4,-1.0,0.5
2026-01-30,122690,3160.0,1.41,-4.8,-2.5,7.5
2026-02-02,122690,,0.74,-0.6,-0.1,0.6
2026-02-03,122690,,0.67,-1.4,-0.1,1.5
2026-02-04,122690,,0.48,3.3,-2.7,-0.5
2026-02-05,122690,,0.98,1.0,-0.0,-1.0
2026-02-06,122690,,1.14,0.1,0.0,-0.1
2026-02-09,122690,,1.16,0.7,0.0,-0.4
2026-02-10,122690,,1.27,-1.1,-0.6,0.9
2026-02-11,122690,,1.11,-1.5,-0.3,1.8
2026-02-12,122690,,0.87,-0.2,-0.2,0.4
2026-02-13,122690,,0.84,0.0,0.0,-0.1
2026-02-19,122690,,0.85,2.0,-0.2,-1.1
2026-02-20,122690,,1.18,-0.4,-0.0,0.4
2026-02-23,122690,,1.11,1.3,0.0,-1.3
2026-02-24,122690,,1.32,0.1,0.0,-0.1
2026-02-25,122690,,1.33,-1.6,0.0,1.6
2026-02-26,122690,,1.12,-1.3,0.0,1.8
2026-02-27,122690,2770.0,0.92,-0.0,0.0,0.0
2026-03-03,122690,,0.92,2.1,-0.0,-2.1
2026-03-04,122690,,1.4,1.7,0.0,-1.7
2026-03-05,122690,,1.71,0.8,-0.0,-0.8
2026-03-06,122690,,1.87,-0.2,0.0,0.2
2026-03-09,122690,,1.84,0.6,0.0,-0.6
2026-03-10,122690,,1.95,0.1,-0.0,-0.4
2026-03-11,122690,,1.88,0.6,-0.0,-0.6
2026-03-12,122690,,1.99,0.1,0.0,-0.4
2026-03-13,122690,,2.01,0.6,-0.8,0.1
2026-03-16,122690,,2.11,-0.7,0.0,0.6
2026-03-17,122690,,2.0,0.3,0.0,-0.3
2026-03-18,122690,,1.98,-0.5,-0.0,0.5
2026-03-19,122690,,1.91,0.0,-0.0,-0.0
2026-03-20,122690,,1.91,0.8,0.0,-0.9
2026-03-23,122690,,2.05,-0.7,-0.0,0.6
2026-03-24,122690,,1.94,-1.1,0.0,1.0
2026-03-25,122690,,1.76,0.1,0.0,-0.1
2026-03-26,122690,,1.78,-0.0,0.0,0.0
2026-03-27,122690,,1.77,0.2,0.0,-0.2
2026-03-30,122690,,1.82,0.2,0.0,-0.2
2026-03-31,122690,2445.0,1.88,0.3,0.0,-0.3
2026-04-01,122690,,1.93,0.5,-0.0,-0.5
2026-04-02,122690,,2.01,-0.1,0.0,0.1
2026-04-03,122690,,2.0,0.1,-0.0,-0.1
2026-04-06,122690,,2.01,0.7,-0.0,-0.7
2026-04-07,122690,,2.15,-0.0,-0.0,0.0
2026-04-08,122690,,2.15,0.5,0.0,-0.5
2026-04-09,122690,,2.23,-0.1,0.0,0.1
2026-04-10,122690,,2.21,0.5,0.0,-0.6
2026-04-13,122690,,2.31,0.1,0.0,-0.1
2026-04-14,122690,,2.32,0.3,0.0,-0.4
2026-04-15,122690,,2.38,-0.1,0.0,0.0
2026-04-16,122690,,2.37,0.0,0.0,-0.0
2026-04-17,122690,,2.37,-0.2,0.0,0.2
2026-04-20,122690,,2.34,-0.7,0.0,0.7
2026-04-21,122690,,2.22,-0.1,0.0,0.1
2026-04-22,122690,,2.2,0.1,0.0,-0.1
2026-04-23,122690,,2.22,-0.0,0.0,-0.1
2026-04-24,122690,,2.21,-0.0,0.0,-0.0
2026-04-27,122690,,2.21,0.2,0.0,-0.2
2026-04-28,122690,,2.25,-0.4,0.0,0.5
2026-04-29,122690,,2.18,0.1,0.0,-0.1
2026-04-30,122690,2445.0,2.2,-0.3,0.0,0.3
2026-05-04,122690,,2.16,-0.6,0.0,0.7
2026-05-06,122690,,2.05,-0.1,-0.0,0.1
2026-05-07,122690,,2.03,0.0,-0.0,-0.0
2026-05-08,122690,,2.04,0.0,-0.0,-0.0
2026-05-11,122690,,2.04,-0.0,-0.0,0.1
2026-05-12,122690,,2.03,-0.1,0.0,0.1
2026-05-13,122690,,2.01,0.3,-0.0,-0.4
2026-05-14,122690,,2.07,0.1,0.0,-0.1
2026-05-15,122690,,2.09,0.5,-0.0,-0.5
2026-05-18,122690,,2.18,0.1,-0.0,-0.1
2026-05-19,122690,,2.2,-0.0,-0.0,0.1
2026-05-20,122690,,2.2,0.1,0.0,-0.1
2026-05-21,122690,,2.27,0.6,-0.0,-0.7
2026-05-22,122690,,2.41,0.0,-0.0,-0.1
2026-05-26,122690,,2.41,-0.2,0.0,0.2
2026-05-27,122690,,2.37,-0.1,-0.0,0.2
2026-05-28,122690,,2.35,-0.1,-0.0,0.1
2026-05-29,122690,1960.0,2.33,-0.5,-0.0,0.6
2026-06-01,122690,,2.21,-0.7,0.0,0.7
2026-06-02,122690,,2.06,-0.2,0.0,-0.0
2026-06-04,122690,,1.99,-0.2,-0.0,0.2
2026-06-05,122690,,1.93,0.2,-0.0,-0.2
2026-06-08,122690,,1.98,-0.4,0.0,0.4
2026-06-09,122690,,1.88,0.0,0.0,-0.0
2026-06-10,122690,,1.88,0.0,-0.0,-0.0
2026-06-11,122690,,1.89,-0.0,-0.0,0.1
2026-06-12,122690,,1.88,0.0,0.0,-0.1
2026-06-15,122690,,1.89,-0.0,0.0,0.0
2026-06-16,122690,,1.88,-0.0,0.0,-0.0
2026-06-17,122690,,1.88,-0.2,-0.0,0.2
2026-06-18,122690,,1.83,-0.3,0.0,0.3
2026-06-19,122690,,1.77,-0.5,0.0,0.5
2026-06-22,122690,,1.65,0.1,-0.0,-0.1
2026-06-23,122690,,1.67,-0.2,0.0,0.2
2026-06-24,122690,,1.61,-0.1,-0.0,0.1
2026-06-25,122690,,1.59,-0.2,-0.0,0.2
2026-06-26,122690,,1.54,-0.0,0.0,0.1
2026-06-29,122690,,1.53,0.2,-0.0,-0.2
2026-06-30,122690,1625.0,1.58,0.1,-0.0,-0.1
2026-07-01,122690,,1.59,0.2,-0.0,-0.3
2026-07-02,122690,,1.65,-0.3,0.0,0.3
2026-07-03,122690,,1.58,-0.1,0.0,0.1
2026-07-06,122690,,1.55,0.1,-0.0,-0.1
2026-07-07,122690,,1.57,-0.0,0.0,0.0
2026-07-08,122690,,1.56,0.0,0.0,-0.0
2026-07-09,122690,,1.56,-0.3,-0.0,0.3
2026-07-10,122690,,1.49,0.1,-0.0,-0.1
2026-07-13,122690,1701.0,1.52,-0.1,0.0,0.1
2025-07-14,122870,,16.86,-22.2,-5.6,23.4
2025-07-15,122870,,16.66,6.9,13.8,-16.0
2025-07-16,122870,,16.73,32.0,-41.3,10.2
2025-07-17,122870,,16.91,31.2,-5.6,-22.5
2025-07-18,122870,,17.17,6.3,3.3,-13.4
2025-07-21,122870,,17.22,50.0,72.2,-119.6
2025-07-22,122870,,17.59,-38.2,-32.2,70.8
2025-07-23,122870,,17.33,-16.1,-16.7,35.0
2025-07-24,122870,,17.23,-54.1,27.5,27.1
2025-07-25,122870,,16.81,-2.3,11.0,-8.5
2025-07-28,122870,,16.8,28.3,-18.0,-10.3
2025-07-29,122870,,17.02,11.9,-8.8,-4.4
2025-07-30,122870,,17.06,-35.6,31.5,5.5
2025-07-31,122870,,16.81,-10.9,113.7,-106.3
2025-08-01,122870,,16.88,-16.5,-41.6,56.0
2025-08-04,122870,,16.73,-16.2,26.7,-12.6
2025-08-05,122870,,16.7,-14.1,54.4,-40.6
2025-08-06,122870,,16.61,-18.4,52.3,-30.9
2025-08-07,122870,,16.45,-11.2,13.1,-2.5
2025-08-08,122870,,16.23,10.5,112.6,-127.4
2025-08-11,122870,,16.3,145.2,144.8,-293.5
2025-08-12,122870,,17.17,57.5,18.0,-75.4
2025-08-13,122870,,17.47,71.0,9.2,-80.9
2025-08-14,122870,,17.91,23.9,-18.4,-4.5
2025-08-18,122870,,18.02,2.5,13.2,-15.6
2025-08-19,122870,,18.02,-53.4,57.2,-1.9
2025-08-20,122870,,17.67,-101.7,92.9,4.8
2025-08-21,122870,,16.44,5.2,45.1,-51.2
2025-08-22,122870,,16.47,18.3,-5.7,-13.0
2025-08-25,122870,,16.55,-41.4,61.8,-21.5
2025-08-26,122870,,16.34,15.5,39.9,-52.5
2025-08-27,122870,,16.55,0.9,20.1,-20.6
2025-08-28,122870,,16.55,-8.4,38.9,-28.6
2025-08-29,122870,101600.0,16.5,-22.0,56.4,-36.2
2025-09-01,122870,,16.41,-17.7,10.8,7.0
2025-09-02,122870,,16.3,-24.1,17.2,6.0
2025-09-03,122870,,16.16,0.8,-17.6,18.6
2025-09-04,122870,,16.17,16.2,-24.9,11.4
2025-09-05,122870,,16.27,-16.4,9.7,11.5
2025-09-08,122870,,16.2,-8.1,21.9,-13.8
2025-09-09,122870,,16.16,-14.7,-30.2,45.8
2025-09-10,122870,,16.05,18.8,-0.2,-20.1
2025-09-11,122870,,16.12,-5.9,-54.9,62.9
2025-09-12,122870,,16.08,67.0,-61.6,-7.0
2025-09-15,122870,,16.47,44.7,-45.7,1.8
2025-09-16,122870,,16.7,18.3,-17.5,-0.0
2025-09-17,122870,,16.81,-13.9,-36.1,49.2
2025-09-18,122870,,16.75,9.0,-3.5,-6.5
2025-09-19,122870,,16.81,-14.3,-0.1,15.0
2025-09-22,122870,,16.77,27.8,-2.0,-20.5
2025-09-23,122870,,16.92,-2.5,-10.7,14.0
2025-09-24,122870,,16.91,8.1,-0.6,-8.2
2025-09-25,122870,,16.89,36.6,-51.9,11.8
2025-09-26,122870,,17.09,48.2,129.1,-186.3
2025-09-29,122870,,17.48,13.6,2.2,-15.5
2025-09-30,122870,97700.0,17.55,4.2,-5.8,9.3
2025-10-01,122870,,17.53,25.8,-14.0,-12.5
2025-10-02,122870,,17.67,22.7,-33.4,13.4
2025-10-10,122870,,17.78,-25.9,10.5,17.9
2025-10-13,122870,,17.59,-15.5,49.5,-38.5
2025-10-14,122870,,17.48,-40.9,2.4,35.9
2025-10-15,122870,,17.25,-162.3,-72.2,233.5
2025-10-16,122870,,16.03,24.7,-120.0,100.2
2025-10-17,122870,,16.17,67.1,-72.7,5.4
2025-10-20,122870,,16.62,-11.9,9.1,4.9
2025-10-21,122870,,16.62,6.0,-7.5,2.6
2025-10-22,122870,,16.67,26.1,-64.6,38.1
2025-10-23,122870,,16.83,-7.0,-2.8,7.7
2025-10-24,122870,,16.77,25.2,-33.3,8.5
2025-10-27,122870,,16.91,6.3,7.3,-19.6
2025-10-28,122870,,16.95,-5.0,3.3,2.1
2025-10-29,122870,,16.91,-51.5,-102.8,158.5
2025-10-30,122870,,17.16,-0.3,-47.5,49.5
2025-10-31,122870,91500.0,17.34,59.6,-101.7,41.8
2025-11-03,122870,,17.7,-49.2,-123.5,172.7
2025-11-04,122870,,17.3,133.7,-102.2,-27.5
2025-11-05,122870,,18.12,105.8,-116.7,12.5
2025-11-06,122870,,18.88,149.9,-139.3,-10.2
2025-11-07,122870,,19.72,139.3,-202.3,67.4
2025-11-10,122870,,20.66,-87.4,-110.0,199.2
2025-11-11,122870,,19.92,-58.6,-65.2,123.4
2025-11-12,122870,,19.39,-8.1,-65.8,72.9
2025-11-13,122870,,19.31,-46.2,-23.9,72.2
2025-11-14,122870,,18.91,-27.2,-27.4,56.1
2025-11-17,122870,,18.67,-23.6,12.1,11.5
2025-11-18,122870,,18.41,-45.1,20.7,23.2
2025-11-19,122870,,18.02,-3.1,-4.0,8.5
2025-11-20,122870,,18.19,9.1,-3.5,-8.7
2025-11-21,122870,,18.27,-7.5,-2.5,10.2
2025-11-24,122870,,17.81,2.8,-1.6,0.1
2025-11-25,122870,,17.73,7.7,-11.3,4.0
2025-11-26,122870,,17.78,15.1,4.5,-18.6
2025-11-27,122870,,17.92,-29.4,34.4,-5.8
2025-11-28,122870,64900.0,17.67,-52.4,102.4,-48.8
2025-12-01,122870,,17.41,-29.5,16.6,14.0
2025-12-02,122870,,17.27,-12.6,-32.2,44.5
2025-12-03,122870,,17.14,-10.1,-4.0,13.9
2025-12-04,122870,,16.94,3.0,-19.1,16.2
2025-12-05,122870,,16.86,-10.2,0.7,9.7
2025-12-08,122870,,16.8,-0.7,-13.9,14.6
2025-12-09,122870,,16.75,1.9,-1.0,-1.0
2025-12-10,122870,,16.78,-12.8,10.9,1.4
2025-12-11,122870,,16.7,-0.7,-15.4,15.4
2025-12-12,122870,,16.58,-77.6,108.9,-30.8
2025-12-15,122870,,15.89,-53.1,-7.0,59.5
2025-12-16,122870,,15.38,-12.4,34.8,-22.6
2025-12-17,122870,,15.35,-37.9,29.7,8.6
2025-12-18,122870,,15.07,-27.0,-4.0,31.5
2025-12-19,122870,,14.8,-49.4,27.8,19.1
2025-12-22,122870,,14.33,0.7,-17.8,17.1
2025-12-23,122870,,14.32,-22.6,14.4,7.2
2025-12-24,122870,,14.18,-18.1,2.2,16.2
2025-12-26,122870,,14.03,-26.9,-7.7,35.3
2025-12-29,122870,,13.78,18.2,-18.4,0.4
2025-12-30,122870,69400.0,13.42,-4.2,126.0,-119.0
2026-01-02,122870,,13.65,-161.1,20.8,143.4
2026-01-05,122870,,12.27,-217.9,-45.2,260.8
2026-01-06,122870,,10.44,11.6,-38.3,26.8
2026-01-07,122870,,10.75,-32.5,-0.1,32.4
2026-01-08,122870,,10.43,7.3,89.7,-99.3
2026-01-09,122870,,11.01,0.3,30.8,-30.8
2026-01-12,122870,,10.99,24.2,-9.7,-11.7
2026-01-13,122870,,11.38,14.9,-16.3,2.5
2026-01-14,122870,,10.71,0.1,-42.9,42.9
2026-01-15,122870,,10.65,26.3,25.0,-48.9
2026-01-16,122870,,10.99,-59.2,6.0,52.5
2026-01-19,122870,,10.32,14.6,2.0,-17.1
2026-01-20,122870,,10.46,-15.4,-10.4,26.0
2026-01-21,122870,,10.32,-9.2,-9.6,18.7
2026-01-22,122870,,10.28,24.2,-9.0,-12.4
2026-01-23,122870,,10.63,-21.9,43.5,-23.0
2026-01-26,122870,,10.44,-40.4,97.3,-57.9
2026-01-27,122870,,11.07,-45.3,35.9,9.4
2026-01-28,122870,,10.61,-13.2,178.8,-154.7
2026-01-29,122870,,10.73,-94.7,86.8,5.1
2026-01-30,122870,74700.0,10.08,-45.5,90.6,-40.6
2026-02-02,122870,,9.77,11.6,-47.8,36.4
2026-02-03,122870,,9.79,10.7,-7.4,-3.3
2026-02-04,122870,,9.88,-0.5,-17.1,18.0
2026-02-05,122870,,9.77,-5.7,-3.1,6.1
2026-02-06,122870,,9.67,3.2,-2.6,-1.5
2026-02-09,122870,,9.64,76.8,19.1,-93.3
2026-02-10,122870,,10.38,32.6,-15.9,-17.9
2026-02-11,122870,,10.57,47.3,123.2,-173.0
2026-02-12,122870,,11.17,-62.6,-21.1,86.6
2026-02-13,122870,,10.51,-9.9,-18.2,28.9
2026-02-19,122870,,10.41,-18.1,18.3,-1.1
2026-02-20,122870,,10.26,15.5,-40.3,25.0
2026-02-23,122870,,10.39,7.1,-21.4,14.4
2026-02-24,122870,,10.51,-11.5,-9.3,21.1
2026-02-25,122870,,10.24,-21.6,-23.4,48.6
2026-02-26,122870,,10.19,-20.3,-42.0,62.1
2026-02-27,122870,74000.0,10.09,8.7,204.4,-201.7
2026-03-03,122870,,10.57,-182.9,72.5,110.8
2026-03-04,122870,,9.13,77.4,58.4,-127.5
2026-03-05,122870,,10.47,-3.6,-24.0,28.5
2026-03-06,122870,,10.2,8.2,41.1,-50.0
2026-03-09,122870,,10.52,-18.1,-24.0,41.1
2026-03-10,122870,,10.17,-11.8,19.8,-7.8
2026-03-11,122870,,9.96,-71.9,-25.4,97.3
2026-03-12,122870,,9.26,26.4,-25.7,-1.8
2026-03-13,122870,,9.54,3.7,-8.3,4.7
2026-03-16,122870,,9.62,-16.8,-26.7,43.9
2026-03-17,122870,,9.34,3.2,-12.3,9.5
2026-03-18,122870,,9.52,-21.2,-68.6,97.4
2026-03-19,122870,,9.24,9.6,-52.0,52.2
2026-03-20,122870,,9.31,11.0,-32.6,21.1
2026-03-23,122870,,9.4,25.4,-111.3,85.6
2026-03-24,122870,,9.6,35.5,-30.6,-5.7
2026-03-25,122870,,9.91,26.6,-34.1,8.3
2026-03-26,122870,,10.07,18.9,-9.7,-9.5
2026-03-27,122870,,10.13,13.3,-12.9,1.0
2026-03-30,122870,,10.29,14.5,-22.7,8.5
2026-03-31,122870,52900.0,10.66,43.4,-26.6,-16.7
2026-04-01,122870,,10.38,2.5,-15.3,26.4
2026-04-02,122870,,10.7,30.8,-30.2,3.5
2026-04-03,122870,,11.03,28.9,-29.4,1.0
2026-04-06,122870,,11.32,11.5,-8.0,-3.7
2026-04-07,122870,,11.49,16.2,-15.9,-0.1
2026-04-08,122870,,11.67,11.4,-17.9,6.6
2026-04-09,122870,,11.78,9.4,-30.1,18.9
2026-04-10,122870,,11.86,12.4,-12.5,1.1
2026-04-13,122870,,11.89,-3.3,-1.4,4.1
2026-04-14,122870,,11.65,4.5,-13.4,8.9
2026-04-15,122870,,11.6,-2.5,-7.1,9.5
2026-04-16,122870,,11.63,-6.0,21.6,-18.3
2026-04-17,122870,,11.62,-14.8,-13.3,27.0
2026-04-20,122870,,11.66,-18.7,-11.0,28.5
2026-04-21,122870,,11.54,1.1,-21.3,20.2
2026-04-22,122870,,11.53,0.4,-6.5,6.2
2026-04-23,122870,,11.53,-0.9,-7.7,8.3
2026-04-24,122870,,11.52,6.6,-2.2,-4.8
2026-04-27,122870,,11.57,-7.4,-3.4,10.4
2026-04-28,122870,,11.45,-2.5,-6.1,9.2
2026-04-29,122870,,11.44,-5.6,-6.4,11.8
2026-04-30,122870,54000.0,11.23,-25.7,3.7,22.0
2026-05-04,122870,,10.89,-8.4,-9.8,17.2
2026-05-06,122870,,10.83,-13.0,-10.0,23.1
2026-05-07,122870,,10.65,11.3,-28.8,17.3
2026-05-08,122870,,10.73,-8.2,-20.2,28.2
2026-05-11,122870,,10.62,-0.1,-9.6,9.7
2026-05-12,122870,,10.61,30.2,-19.3,-11.2
2026-05-13,122870,,10.89,16.8,-9.8,-7.8
2026-05-14,122870,,11.08,-2.4,-2.8,6.1
2026-05-15,122870,,10.86,2.9,-12.2,9.1
2026-05-18,122870,,10.53,-2.2,-1.8,3.8
2026-05-19,122870,,10.51,-5.6,13.0,-7.5
2026-05-20,122870,,10.44,-7.4,-1.0,8.7
2026-05-21,122870,,10.53,6.2,-2.7,-3.7
2026-05-22,122870,,10.59,-1.1,7.3,-6.9
2026-05-26,122870,,10.64,-6.5,-11.9,18.4
2026-05-27,122870,,10.66,5.6,-5.1,0.2
2026-05-28,122870,,10.7,12.8,2.6,-15.1
2026-05-29,122870,44600.0,10.97,17.8,-24.2,5.9
2026-06-01,122870,,11.17,16.6,-12.0,-5.4
2026-06-02,122870,,11.39,9.9,6.3,-16.0
2026-06-04,122870,,11.58,-2.8,0.2,1.8
2026-06-05,122870,,11.54,2.0,-3.5,1.5
2026-06-08,122870,,11.53,17.5,2.4,-19.2
2026-06-09,122870,,11.81,1.5,2.7,-4.2
2026-06-10,122870,,11.82,5.7,-6.4,0.4
2026-06-11,122870,,11.9,5.3,-1.1,-5.8
2026-06-12,122870,,12.06,10.7,8.5,-19.0
2026-06-15,122870,,12.16,-4.7,-2.0,4.9
2026-06-16,122870,,12.05,12.5,-9.7,-3.8
2026-06-17,122870,,12.21,4.9,9.5,-13.1
2026-06-18,122870,,12.29,6.7,-1.3,-5.7
2026-06-19,122870,,12.36,4.0,0.8,-4.5
2026-06-22,122870,,12.39,-0.4,2.0,-1.6
2026-06-23,122870,,12.39,-1.6,10.2,-8.4
2026-06-24,122870,,12.39,4.8,2.0,-6.7
2026-06-25,122870,,12.46,-0.6,-5.8,6.5
2026-06-26,122870,,12.29,-3.7,1.1,2.5
2026-06-29,122870,,12.28,0.8,16.0,-16.8
2026-06-30,122870,41650.0,12.36,-9.9,-0.2,9.5
2026-07-01,122870,,12.21,-1.5,5.0,-3.5
2026-07-02,122870,,12.22,-18.0,14.9,2.9
2026-07-03,122870,,12.07,-8.7,1.2,6.5
2026-07-06,122870,,11.97,0.9,0.3,-2.7
2026-07-07,122870,,12.03,-7.2,13.5,-5.4
2026-07-08,122870,,11.95,-4.3,-0.1,4.5
2026-07-09,122870,,11.81,4.2,-3.3,-1.0
2026-07-10,122870,,11.88,1.2,0.6,-1.8
2026-07-13,122870,41750.0,11.9,-10.9,10.1,0.8
2025-07-14,122900,,6.02,-0.6,1.2,-0.6
2025-07-15,122900,,6.0,-0.5,0.8,-0.3
2025-07-16,122900,,5.98,0.2,0.3,0.1
2025-07-17,122900,,5.99,0.4,-0.1,0.2
2025-07-18,122900,,6.0,-0.7,0.2,0.8
2025-07-21,122900,,5.98,-0.0,0.3,0.1
2025-07-22,122900,,5.98,-0.7,-0.1,1.4
2025-07-23,122900,,5.95,-0.0,0.2,0.3
2025-07-24,122900,,5.95,0.4,-0.4,0.4
2025-07-25,122900,,5.97,-0.1,0.1,-0.0
2025-07-28,122900,,5.96,-1.0,-0.4,1.6
2025-07-29,122900,,5.93,0.4,-0.5,0.7
2025-07-30,122900,,5.94,0.2,-0.2,0.6
2025-07-31,122900,,5.95,0.2,-0.0,0.4
2025-08-01,122900,,5.95,-0.7,-0.2,1.1
2025-08-04,122900,,5.93,0.2,0.0,0.3
2025-08-05,122900,,5.94,1.1,0.1,-0.6
2025-08-06,122900,,5.92,1.6,-0.3,-1.3
2025-08-07,122900,,5.98,-0.7,-0.1,1.3
2025-08-08,122900,,5.96,-7.5,-2.2,9.7
2025-08-11,122900,,5.68,0.6,-0.0,-0.6
2025-08-12,122900,,5.7,0.1,-0.1,0.0
2025-08-13,122900,,5.71,4.2,3.8,-7.0
2025-08-14,122900,,5.86,0.5,-0.2,-0.1
2025-08-18,122900,,5.88,-0.5,0.1,0.4
2025-08-19,122900,,5.86,-0.7,-0.0,0.6
2025-08-20,122900,,5.83,0.0,-0.6,0.5
2025-08-21,122900,,5.83,-0.5,0.2,0.3
2025-08-22,122900,,5.82,0.2,-0.6,0.5
2025-08-25,122900,,5.82,0.1,-0.0,-0.1
2025-08-26,122900,,5.84,-0.7,-0.5,1.2
2025-08-27,122900,,5.83,0.7,-0.0,-0.7
2025-08-28,122900,,5.86,-0.1,-0.0,-0.0
2025-08-29,122900,8300.0,5.85,-1.6,2.3,-0.5
2025-09-01,122900,,5.82,-1.1,1.1,0.1
2025-09-02,122900,,5.75,-1.0,1.4,-0.4
2025-09-03,122900,,5.69,-0.2,-0.1,0.2
2025-09-04,122900,,5.62,-0.2,0.9,-0.7
2025-09-05,122900,,5.61,0.1,-0.0,-0.0
2025-09-08,122900,,5.59,-0.4,-0.1,0.4
2025-09-09,122900,,5.58,-0.4,1.4,-0.6
2025-09-10,122900,,5.55,-0.4,0.7,-0.3
2025-09-11,122900,,5.53,0.3,0.0,0.1
2025-09-12,122900,,5.54,-1.4,-1.4,2.8
2025-09-15,122900,,5.49,0.1,0.6,-0.8
2025-09-16,122900,,5.5,0.2,-0.1,-0.1
2025-09-17,122900,,5.5,-0.3,0.0,0.3
2025-09-18,122900,,5.49,-0.2,-0.1,0.3
2025-09-19,122900,,5.49,-0.3,0.0,0.3
2025-09-22,122900,,5.48,0.2,-0.2,0.1
2025-09-23,122900,,5.48,-0.4,0.1,0.1
2025-09-24,122900,,5.47,-0.8,-0.3,0.8
2025-09-25,122900,,5.44,0.2,-0.1,0.6
2025-09-26,122900,,5.45,-0.9,0.1,0.7
2025-09-29,122900,,5.41,-0.4,-0.3,0.7
2025-09-30,122900,8200.0,5.4,-0.6,-0.0,1.1
2025-10-01,122900,,5.38,-0.3,-0.1,0.4
2025-10-02,122900,,5.37,0.1,-0.3,-0.0
2025-10-10,122900,,5.37,-0.3,-0.2,0.4
2025-10-13,122900,,5.36,-0.5,-0.1,0.4
2025-10-14,122900,,5.34,0.5,-1.2,0.2
2025-10-15,122900,,5.36,0.3,0.5,-0.6
2025-10-16,122900,,5.37,-0.1,0.1,0.1
2025-10-17,122900,,5.37,-1.1,-0.4,1.4
2025-10-20,122900,,5.33,-1.6,-0.2,1.9
2025-10-21,122900,,5.26,-1.5,-0.5,2.0
2025-10-22,122900,,5.21,-0.2,-0.3,0.5
2025-10-23,122900,,5.2,0.2,-0.1,-0.1
2025-10-24,122900,,5.21,-0.3,-0.2,0.5
2025-10-27,122900,,5.23,0.9,-0.1,-0.7
2025-10-28,122900,,5.26,-0.8,-0.4,1.3
2025-10-29,122900,,5.23,-2.4,-0.3,2.7
2025-10-30,122900,,5.14,0.1,-0.9,0.8
2025-10-31,122900,7840.0,5.15,0.4,-1.0,0.5
2025-11-03,122900,,5.16,-0.6,-0.8,1.4
2025-11-04,122900,,5.14,-0.6,-0.2,0.8
2025-11-05,122900,,5.11,-0.7,-0.2,0.9
2025-11-06,122900,,5.09,0.4,-0.7,0.4
2025-11-07,122900,,5.1,0.1,0.1,-0.2
2025-11-10,122900,,5.11,0.0,-1.2,1.2
2025-11-11,122900,,5.11,-0.8,-0.3,1.1
2025-11-12,122900,,5.08,1.4,-1.8,0.4
2025-11-13,122900,,5.13,0.2,-0.9,0.6
2025-11-14,122900,,5.14,-0.2,-0.6,0.7
2025-11-17,122900,,5.13,0.1,-0.9,0.7
2025-11-18,122900,,5.13,-0.8,-0.9,1.6
2025-11-19,122900,,5.1,-0.7,0.0,0.7
2025-11-20,122900,,5.08,0.5,0.0,-0.5
2025-11-21,122900,,5.1,0.5,-0.0,-0.5
2025-11-24,122900,,5.12,0.7,-0.2,-0.5
2025-11-25,122900,,5.14,0.5,-0.5,-0.1
2025-11-26,122900,,5.16,0.1,-0.0,-0.1
2025-11-27,122900,,5.17,0.2,-0.0,-0.1
2025-11-28,122900,7950.0,5.18,1.0,-0.9,0.2
2025-12-01,122900,,5.21,0.3,0.1,-0.4
2025-12-02,122900,,5.23,0.5,-1.0,1.1
2025-12-03,122900,,5.24,-0.4,-0.1,1.1
2025-12-04,122900,,5.24,0.9,0.1,-0.7
2025-12-05,122900,,5.29,-0.2,-1.0,0.9
2025-12-08,122900,,5.28,0.7,-2.3,1.4
2025-12-09,122900,,5.33,-0.4,-0.5,0.9
2025-12-10,122900,,5.32,0.4,-0.8,0.4
2025-12-11,122900,,5.35,0.7,-1.2,0.4
2025-12-12,122900,,5.39,1.1,-1.7,0.6
2025-12-15,122900,,5.47,-0.4,-0.7,1.3
2025-12-16,122900,,5.46,0.5,-0.2,-0.3
2025-12-17,122900,,5.51,-0.1,-0.3,0.4
2025-12-18,122900,,5.5,0.5,-0.7,0.3
2025-12-19,122900,,5.52,2.0,-0.0,-1.5
2025-12-22,122900,,5.59,-0.4,-1.6,2.0
2025-12-23,122900,,5.58,-3.1,-0.8,8.1
2025-12-24,122900,,5.5,0.1,-2.0,2.4
2025-12-26,122900,,5.51,0.6,-2.7,2.5
2025-12-29,122900,,5.33,-0.6,-3.9,4.8
2025-12-30,122900,7880.0,5.4,-2.8,1.9,1.0
2026-01-02,122900,,5.16,-1.5,-2.4,3.8
2026-01-05,122900,,5.15,-1.5,-1.8,3.2
2026-01-06,122900,,5.33,0.5,-0.4,-0.2
2026-01-07,122900,,5.69,-2.9,-0.4,3.5
2026-01-08,122900,,5.58,-0.1,-0.8,0.9
2026-01-09,122900,,5.57,-0.7,-0.8,1.4
2026-01-12,122900,,5.55,2.1,0.4,-2.5
2026-01-13,122900,,5.71,-0.4,-0.4,0.8
2026-01-14,122900,,5.7,-0.0,-0.1,0.1
2026-01-15,122900,,5.69,0.2,0.0,-0.2
2026-01-16,122900,,5.7,-0.2,-0.1,0.3
2026-01-19,122900,,5.69,-0.0,-0.2,0.1
2026-01-20,122900,,5.69,0.5,-0.7,0.3
2026-01-21,122900,,5.7,-2.7,-0.1,2.8
2026-01-22,122900,,5.54,0.6,-0.6,0.3
2026-01-23,122900,,5.56,-0.2,0.5,-0.3
2026-01-26,122900,,5.55,0.6,-0.3,-0.2
2026-01-27,122900,,5.57,-0.4,-0.1,0.5
2026-01-28,122900,,5.56,-0.5,0.1,0.4
2026-01-29,122900,,5.54,0.4,-0.1,-0.3
2026-01-30,122900,7800.0,5.55,1.0,-0.1,-0.8
2026-02-02,122900,,5.59,-0.2,-0.2,0.4
2026-02-03,122900,,5.58,-1.1,-0.0,1.1
2026-02-04,122900,,5.54,0.4,0.1,0.2
2026-02-05,122900,,5.56,1.3,0.1,-1.0
2026-02-06,122900,,5.6,0.0,0.0,-0.1
2026-02-09,122900,,5.6,-0.9,-0.2,1.5
2026-02-10,122900,,5.58,-0.6,-0.1,0.7
2026-02-11,122900,,5.56,0.3,0.1,-0.5
2026-02-12,122900,,5.57,1.2,-1.5,0.3
2026-02-13,122900,,5.62,-2.7,-0.0,2.9
2026-02-19,122900,,5.51,1.0,-0.1,-0.0
2026-02-20,122900,,5.55,0.2,0.2,0.6
2026-02-23,122900,,5.55,-0.2,-0.1,0.2
2026-02-24,122900,,5.51,-0.1,-0.1,0.7
2026-02-25,122900,,5.51,-0.7,0.1,1.2
2026-02-26,122900,,5.48,-2.0,-0.1,2.6
2026-02-27,122900,7900.0,5.41,-2.4,0.0,2.3
2026-03-03,122900,,5.31,0.1,-0.0,0.0
2026-03-04,122900,,5.32,-1.5,-1.5,4.3
2026-03-05,122900,,5.26,-0.8,-0.3,1.0
2026-03-06,122900,,5.23,-1.0,-0.2,1.2
2026-03-09,122900,,5.19,-0.7,0.0,0.5
2026-03-10,122900,,5.3,-1.5,-0.1,1.5
2026-03-11,122900,,5.29,-0.7,-0.2,1.0
2026-03-12,122900,,5.28,0.4,-0.2,-0.2
2026-03-13,122900,,5.32,0.3,0.0,-0.3
2026-03-16,122900,,5.36,-0.3,0.0,0.3
2026-03-17,122900,,5.23,-0.9,-0.1,1.1
2026-03-18,122900,,5.2,-0.5,-1.3,1.8
2026-03-19,122900,,5.08,-0.8,0.1,0.8
2026-03-20,122900,,5.06,-3.5,-0.8,4.4
2026-03-23,122900,,4.92,-1.2,-0.1,1.2
2026-03-24,122900,,4.87,-0.6,0.1,0.3
2026-03-25,122900,,4.84,0.3,-0.1,-0.2
2026-03-26,122900,,4.85,-0.3,-0.3,0.5
2026-03-27,122900,,4.83,-1.2,0.2,0.8
2026-03-30,122900,,4.79,-1.3,0.0,0.9
2026-03-31,122900,7310.0,4.18,-2.7,0.0,2.5
2026-04-01,122900,,4.07,0.1,-0.0,-0.1
2026-04-02,122900,,4.07,-1.4,-0.1,1.0
2026-04-03,122900,,4.01,0.2,-0.0,-0.1
2026-04-06,122900,,4.02,-0.5,-0.0,0.4
2026-04-07,122900,,4.0,0.2,0.1,-0.3
2026-04-08,122900,,4.01,-0.5,-0.0,0.5
2026-04-09,122900,,3.99,-0.3,-0.6,0.8
2026-04-10,122900,,3.96,1.5,-4.0,1.0
2026-04-13,122900,,4.01,-0.1,-1.7,1.6
2026-04-14,122900,,4.08,-0.5,-2.7,2.9
2026-04-15,122900,,4.06,-0.2,-5.0,5.0
2026-04-16,122900,,4.05,1.3,-0.2,-1.2
2026-04-17,122900,,4.1,0.1,-0.3,0.2
2026-04-20,122900,,4.11,-0.1,-0.2,0.3
2026-04-21,122900,,4.1,-0.8,-0.0,1.3
2026-04-22,122900,,4.07,-0.4,-0.0,-0.8
2026-04-23,122900,,4.06,-0.7,-0.0,0.5
2026-04-24,122900,,4.03,-0.8,0.2,0.5
2026-04-27,122900,,4.0,-0.8,-0.2,1.3
2026-04-28,122900,,3.97,-1.0,-0.2,1.3
2026-04-29,122900,,3.93,0.5,-0.1,-0.3
2026-04-30,122900,7600.0,3.89,-0.2,0.0,0.7
2026-05-04,122900,,3.88,-1.9,-0.2,2.1
2026-05-06,122900,,3.81,-5.7,-0.2,6.0
2026-05-07,122900,,3.56,1.1,0.1,-0.9
2026-05-08,122900,,3.6,-0.1,-0.4,0.7
2026-05-11,122900,,3.59,-2.8,-0.4,3.2
2026-05-12,122900,,3.48,-2.5,-0.4,2.9
2026-05-13,122900,,3.18,-2.6,-0.3,3.0
2026-05-14,122900,,3.07,0.3,-0.4,-0.0
2026-05-15,122900,,3.08,0.7,0.1,-0.7
2026-05-18,122900,,3.11,1.8,-0.2,-2.0
2026-05-19,122900,,3.18,-0.6,-0.4,0.7
2026-05-20,122900,,3.16,-1.9,-0.6,2.5
2026-05-21,122900,,3.38,-0.6,-0.7,1.3
2026-05-22,122900,,3.36,0.6,-0.6,-0.1
2026-05-26,122900,,3.39,-1.8,-0.5,2.2
2026-05-27,122900,,3.31,-12.8,-5.1,18.6
2026-05-28,122900,,2.82,2.3,-0.1,-2.5
2026-05-29,122900,7350.0,2.94,0.7,-0.1,-0.7
2026-06-01,122900,,2.97,-0.1,0.1,-0.0
2026-06-02,122900,,2.98,2.5,-0.1,-3.1
2026-06-04,122900,,3.09,0.3,-0.1,-0.0
2026-06-05,122900,,3.43,0.2,0.0,-0.4
2026-06-08,122900,,3.44,1.4,0.2,-1.8
2026-06-09,122900,,3.5,1.2,-0.0,-1.1
2026-06-10,122900,,3.55,-0.4,-0.0,0.4
2026-06-11,122900,,3.53,0.1,7.5,-7.5
2026-06-12,122900,,3.25,3.9,0.4,-4.1
2026-06-15,122900,,3.4,0.9,-0.1,-0.1
2026-06-16,122900,,3.44,0.2,3.2,-2.4
2026-06-17,122900,,3.44,1.5,-0.3,0.2
2026-06-18,122900,,3.5,-0.2,-0.0,0.8
2026-06-19,122900,,3.49,1.4,-0.2,-0.6
2026-06-22,122900,,3.55,-0.2,0.7,-0.5
2026-06-23,122900,,3.54,-1.0,0.0,0.2
2026-06-24,122900,,3.5,-1.7,0.0,1.4
2026-06-25,122900,,3.43,-1.2,-0.1,1.3
2026-06-26,122900,,3.39,-0.7,-0.0,1.1
2026-06-29,122900,,3.35,0.3,-0.1,-0.3
2026-06-30,122900,7280.0,3.28,0.3,-0.0,0.1
2026-07-01,122900,,3.29,1.5,-0.0,-0.6
2026-07-02,122900,,3.35,0.5,-0.1,-0.2
2026-07-03,122900,,3.41,0.8,0.1,-0.6
2026-07-06,122900,,3.45,0.9,-0.8,0.8
2026-07-07,122900,,3.48,1.0,-0.0,-0.8
2026-07-08,122900,,3.53,1.5,0.4,-1.0
2026-07-09,122900,,3.59,-1.8,0.0,1.7
2026-07-10,122900,,3.52,1.4,-0.6,-0.7
2026-07-13,122900,7300.0,3.57,1.7,0.1,-0.9
2025-07-14,122990,,5.49,-1.3,0.6,0.6
2025-07-15,122990,,5.42,-0.7,0.7,-0.0
2025-07-16,122990,,5.45,1.0,0.6,-1.6
2025-07-17,122990,,5.51,1.4,0.7,-2.1
2025-07-18,122990,,5.59,-0.7,0.8,-0.1
2025-07-21,122990,,5.53,0.1,1.0,-1.1
2025-07-22,122990,,5.54,0.5,0.7,-1.3
2025-07-23,122990,,5.57,-0.2,0.4,-0.2
2025-07-24,122990,,5.56,-2.7,0.5,2.2
2025-07-25,122990,,5.41,-0.4,0.4,0.1
2025-07-28,122990,,5.38,-1.6,0.7,0.9
2025-07-29,122990,,5.29,1.7,0.3,-2.0
2025-07-30,122990,,5.39,4.2,-0.9,-3.3
2025-07-31,122990,,5.61,0.3,0.3,-0.6
2025-08-01,122990,,5.72,7.3,-23.1,15.8
2025-08-04,122990,,6.15,1.3,-1.2,-0.1
2025-08-05,122990,,6.22,1.4,-1.6,0.2
2025-08-06,122990,,6.15,2.5,-1.1,-1.4
2025-08-07,122990,,6.29,2.2,-1.5,-0.7
2025-08-08,122990,,6.42,2.0,-2.1,0.1
2025-08-11,122990,,6.53,0.5,-1.5,1.0
2025-08-12,122990,,6.56,1.9,0.5,-2.5
2025-08-13,122990,,6.67,2.9,-1.3,-1.7
2025-08-14,122990,,6.83,-8.2,-4.9,13.1
2025-08-18,122990,,6.34,6.7,-4.2,-2.5
2025-08-19,122990,,6.75,0.4,-1.9,1.5
2025-08-20,122990,,6.78,0.9,-1.7,0.7
2025-08-21,122990,,6.83,0.4,-1.3,0.8
2025-08-22,122990,,6.86,1.5,-1.5,-0.1
2025-08-25,122990,,6.96,2.2,-1.1,-1.1
2025-08-26,122990,,7.27,-0.4,0.6,-0.3
2025-08-27,122990,,7.25,-1.1,0.5,0.6
2025-08-28,122990,,7.18,-0.6,0.5,0.1
2025-08-29,122990,5700.0,7.14,-0.4,0.5,-0.1
2025-09-01,122990,,7.12,-1.8,0.6,1.2
2025-09-02,122990,,6.87,-0.5,0.6,0.1
2025-09-03,122990,,6.84,-0.0,0.8,-0.8
2025-09-04,122990,,6.84,-0.2,1.4,-1.2
2025-09-05,122990,,6.82,-1.0,1.3,-0.4
2025-09-08,122990,,6.76,-0.9,1.2,-0.3
2025-09-09,122990,,6.71,-0.5,0.5,-0.0
2025-09-10,122990,,6.68,-0.7,1.4,-0.8
2025-09-11,122990,,6.64,-0.7,1.2,-0.5
2025-09-12,122990,,6.59,-0.1,1.5,-1.4
2025-09-15,122990,,6.59,-0.1,0.6,-0.5
2025-09-16,122990,,6.58,-0.9,1.5,-0.5
2025-09-17,122990,,6.52,-0.8,0.6,0.3
2025-09-18,122990,,6.48,0.5,0.5,-1.1
2025-09-19,122990,,6.51,0.0,0.6,-0.7
2025-09-22,122990,,6.51,-0.3,1.1,-0.7
2025-09-23,122990,,6.49,-0.2,1.0,-0.4
2025-09-24,122990,,6.48,-0.9,0.3,0.7
2025-09-25,122990,,6.43,-0.4,0.3,0.3
2025-09-26,122990,,6.4,0.1,0.3,-0.4
2025-09-29,122990,,6.41,0.4,0.3,0.2
2025-09-30,122990,5760.0,6.43,-0.3,0.3,0.2
2025-10-01,122990,,6.41,-0.2,-0.2,0.9
2025-10-02,122990,,6.4,-0.7,-0.2,0.9
2025-10-10,122990,,6.36,0.5,0.2,-0.2
2025-10-13,122990,,6.39,-0.2,0.0,0.2
2025-10-14,122990,,6.38,0.2,0.6,-0.7
2025-10-15,122990,,6.39,0.8,-1.3,0.8
2025-10-16,122990,,6.45,-0.3,-1.2,1.6
2025-10-17,122990,,6.38,0.4,0.3,-0.7
2025-10-20,122990,,6.4,-0.9,-0.4,1.3
2025-10-21,122990,,6.34,-2.0,-1.0,3.1
2025-10-22,122990,,6.22,-0.1,0.1,0.0
2025-10-23,122990,,6.2,-0.9,-0.3,1.2
2025-10-24,122990,,6.14,0.4,-0.1,-0.3
2025-10-27,122990,,6.17,-0.2,-0.1,1.0
2025-10-28,122990,,6.16,-0.6,-1.1,1.7
2025-10-29,122990,,6.12,0.9,-1.3,0.4
2025-10-30,122990,,6.18,-1.1,-0.2,1.3
2025-10-31,122990,5650.0,6.11,-0.4,-1.5,1.9
2025-11-03,122990,,6.1,-0.8,-1.2,1.9
2025-11-04,122990,,6.05,1.6,-1.3,-0.3
2025-11-05,122990,,6.16,0.0,-1.2,1.2
2025-11-06,122990,,6.16,1.5,-1.5,-0.0
2025-11-07,122990,,6.26,-1.3,-1.2,2.5
2025-11-10,122990,,6.17,2.6,-0.9,-1.9
2025-11-11,122990,,6.25,1.0,-1.4,0.5
2025-11-12,122990,,6.32,2.0,-1.1,-0.9
2025-11-13,122990,,6.44,0.6,-0.6,-0.1
2025-11-14,122990,,6.47,0.3,-0.2,-0.1
2025-11-17,122990,,6.49,-0.8,0.4,0.5
2025-11-18,122990,,6.43,-0.8,-1.0,1.7
2025-11-19,122990,,6.39,0.7,1.0,-1.6
2025-11-20,122990,,6.75,1.1,-0.2,-0.9
2025-11-21,122990,,6.82,0.7,-0.1,-0.6
2025-11-24,122990,,6.87,0.6,-0.1,-0.5
2025-11-25,122990,,6.91,0.8,-0.1,-0.7
2025-11-26,122990,,6.96,0.4,0.8,-1.2
2025-11-27,122990,,6.99,-0.3,-0.3,0.7
2025-11-28,122990,5760.0,6.97,0.2,-0.0,-0.0
2025-12-01,122990,,6.98,0.3,0.2,-0.3
2025-12-02,122990,,7.02,1.5,-0.1,-1.4
2025-12-03,122990,,7.12,0.6,-0.2,-0.4
2025-12-04,122990,,7.39,0.3,0.0,-0.3
2025-12-05,122990,,7.41,-0.6,0.3,0.2
2025-12-08,122990,,7.35,-0.2,-0.4,0.8
2025-12-09,122990,,7.34,-0.2,-0.1,0.5
2025-12-10,122990,,7.33,-0.0,0.3,-0.3
2025-12-11,122990,,7.33,0.3,0.0,-0.3
2025-12-12,122990,,7.34,-0.6,0.1,0.4
2025-12-15,122990,,7.31,0.3,0.3,-0.6
2025-12-16,122990,,7.33,-0.2,0.0,0.2
2025-12-17,122990,,7.64,-0.1,0.2,-0.1
2025-12-18,122990,,7.64,-0.1,0.1,-0.0
2025-12-19,122990,,7.63,0.2,0.1,-0.2
2025-12-22,122990,,7.64,0.3,1.0,-1.4
2025-12-23,122990,,7.33,-0.4,-0.2,0.4
2025-12-24,122990,,7.31,-0.3,-0.2,0.3
2025-12-26,122990,,7.29,-1.1,0.3,0.8
2025-12-29,122990,,7.22,-0.2,-0.2,0.4
2025-12-30,122990,5740.0,7.2,0.7,-0.1,-0.6
2026-01-02,122990,,7.25,0.9,0.1,-0.8
2026-01-05,122990,,7.31,-0.2,-1.1,1.3
2026-01-06,122990,,7.42,-0.3,-0.4,0.7
2026-01-07,122990,,7.78,-0.2,-0.1,0.3
2026-01-08,122990,,7.77,-1.0,-0.4,1.3
2026-01-09,122990,,7.71,-0.0,-0.2,0.2
2026-01-12,122990,,7.7,0.8,-0.0,-0.7
2026-01-13,122990,,7.88,0.9,0.2,-1.1
2026-01-14,122990,,7.94,1.4,0.3,-1.7
2026-01-15,122990,,8.03,2.0,-0.6,-1.4
2026-01-16,122990,,8.16,1.0,0.0,-1.1
2026-01-19,122990,,8.22,1.1,-0.0,-1.0
2026-01-20,122990,,8.28,1.5,-0.5,-1.0
2026-01-21,122990,,8.37,1.4,4.0,-5.4
2026-01-22,122990,,8.45,1.5,-0.4,-1.1
2026-01-23,122990,,8.54,0.7,1.0,-1.7
2026-01-26,122990,,8.58,1.4,-0.5,-0.9
2026-01-27,122990,,8.66,0.3,0.6,-0.8
2026-01-28,122990,,8.68,-0.1,-0.9,0.9
2026-01-29,122990,,8.68,0.9,-0.6,-0.0
2026-01-30,122990,6100.0,8.73,1.9,-0.7,-1.2
2026-02-02,122990,,8.85,0.5,-0.0,-0.7
2026-02-03,122990,,8.88,1.6,-0.0,-1.9
2026-02-04,122990,,8.98,1.1,-0.2,-1.1
2026-02-05,122990,,9.04,1.1,0.6,-1.7
2026-02-06,122990,,9.11,-1.2,0.2,1.0
2026-02-09,122990,,9.03,0.0,-0.4,0.2
2026-02-10,122990,,9.03,0.9,3.6,-4.6
2026-02-11,122990,,9.08,0.6,-1.2,0.6
2026-02-12,122990,,9.12,-0.2,-0.0,-0.3
2026-02-13,122990,,9.11,-0.8,1.5,-0.7
2026-02-19,122990,,9.06,4.0,-4.8,0.5
2026-02-20,122990,,9.3,2.3,0.8,-3.2
2026-02-23,122990,,9.43,2.0,0.0,-2.0
2026-02-24,122990,,9.55,3.4,4.4,-7.6
2026-02-25,122990,,9.73,2.6,-0.4,-1.3
2026-02-26,122990,,9.87,2.1,-0.7,-1.3
2026-02-27,122990,7190.0,9.98,-0.1,-0.1,0.8
2026-03-03,122990,,9.97,2.7,-0.1,-1.5
2026-03-04,122990,,10.11,2.0,-0.7,-0.9
2026-03-05,122990,,10.22,1.8,-0.6,-1.3
2026-03-06,122990,,10.32,-0.1,-0.0,0.2
2026-03-09,122990,,10.31,0.2,0.0,-0.5
2026-03-10,122990,,10.33,-1.4,-0.3,1.7
2026-03-11,122990,,10.06,1.3,4.5,-5.8
2026-03-12,122990,,10.14,-3.5,0.0,3.1
2026-03-13,122990,,9.96,4.7,1.4,-5.6
2026-03-16,122990,,10.19,-2.4,2.1,0.3
2026-03-17,122990,,10.07,2.7,-0.2,-1.9
2026-03-18,122990,,10.2,-4.0,-0.6,4.4
2026-03-19,122990,,9.44,-0.5,0.0,0.4
2026-03-20,122990,,9.42,1.2,0.1,-1.2
2026-03-23,122990,,9.48,-1.7,0.3,1.3
2026-03-24,122990,,9.39,0.0,0.1,-0.0
2026-03-25,122990,,9.39,1.5,-0.9,-0.5
2026-03-26,122990,,9.46,-1.6,-0.6,2.2
2026-03-27,122990,,9.38,-2.3,-0.1,2.4
2026-03-30,122990,,9.26,-4.5,-1.3,5.9
2026-03-31,122990,6240.0,8.78,-0.6,-0.9,1.3
2026-04-01,122990,,8.75,2.5,-0.4,-2.1
2026-04-02,122990,,8.89,0.2,0.7,-0.9
2026-04-03,122990,,8.9,0.8,-0.0,-0.8
2026-04-06,122990,,8.95,-0.2,0.4,-0.2
2026-04-07,122990,,8.93,-0.1,0.6,-0.5
2026-04-08,122990,,8.93,1.9,-0.1,-1.8
2026-04-09,122990,,9.04,-0.2,1.3,-0.8
2026-04-10,122990,,9.02,1.7,3.4,-4.5
2026-04-13,122990,,9.11,1.1,4.3,-5.0
2026-04-14,122990,,9.29,-2.6,1.3,1.3
2026-04-15,122990,,9.16,2.8,1.4,-4.1
2026-04-16,122990,,9.3,0.0,2.6,-2.7
2026-04-17,122990,,9.31,0.7,1.8,-2.7
2026-04-20,122990,,9.34,-1.1,1.9,-0.8
2026-04-21,122990,,9.29,0.4,1.6,-2.0
2026-04-22,122990,,9.31,1.9,1.3,-3.1
2026-04-23,122990,,9.4,0.2,1.6,-1.8
2026-04-24,122990,,9.41,1.0,2.1,-3.2
2026-04-27,122990,,9.46,-1.6,2.1,-0.5
2026-04-28,122990,,9.39,0.8,1.7,-1.9
2026-04-29,122990,,9.43,-0.6,2.0,-1.5
2026-04-30,122990,7550.0,9.4,0.2,1.2,-1.1
2026-05-04,122990,,9.41,-1.0,-1.2,2.3
2026-05-06,122990,,9.36,0.5,0.4,-1.4
2026-05-07,122990,,9.38,2.2,0.7,-2.9
2026-05-08,122990,,9.49,0.1,1.7,-1.4
2026-05-11,122990,,9.5,0.7,0.6,-1.3
2026-05-12,122990,,9.54,0.3,0.9,-1.2
2026-05-13,122990,,9.55,-0.4,0.7,-0.3
2026-05-14,122990,,9.53,-0.3,0.3,-0.6
2026-05-15,122990,,9.52,4.3,0.4,-6.5
2026-05-18,122990,,9.72,18.0,8.8,-24.4
2026-05-19,122990,,10.5,3.8,0.3,-3.7
2026-05-20,122990,,10.67,2.8,0.2,-3.0
2026-05-21,122990,,11.08,1.7,-0.2,-1.7
2026-05-22,122990,,11.16,3.7,0.8,-4.6
2026-05-26,122990,,11.32,3.7,0.0,-3.1
2026-05-27,122990,,11.48,3.3,-6.6,2.8
2026-05-28,122990,,11.64,0.9,0.8,-1.5
2026-05-29,122990,7690.0,11.69,0.3,0.9,-1.7
2026-06-01,122990,,11.7,-0.5,1.0,0.2
2026-06-02,122990,,11.68,0.7,1.0,-1.7
2026-06-04,122990,,11.72,-2.0,1.0,1.2
2026-06-05,122990,,11.7,0.9,1.2,-2.1
2026-06-08,122990,,11.69,-0.6,0.9,-0.2
2026-06-09,122990,,11.71,0.7,0.6,-1.3
2026-06-10,122990,,11.75,-0.7,0.8,-0.2
2026-06-11,122990,,11.71,3.8,0.7,-4.4
2026-06-12,122990,,11.91,-5.0,6.9,-1.9
2026-06-15,122990,,11.67,-0.5,0.6,-0.2
2026-06-16,122990,,11.64,-0.0,1.3,-1.4
2026-06-17,122990,,11.64,-0.4,1.2,-0.6
2026-06-18,122990,,11.63,0.5,2.4,-3.2
2026-06-19,122990,,11.65,0.0,-0.4,0.8
2026-06-22,122990,,11.65,-1.5,0.4,1.0
2026-06-23,122990,,11.58,0.8,1.0,-1.8
2026-06-24,122990,,11.62,-1.3,0.6,0.7
2026-06-25,122990,,11.55,-1.3,0.6,0.8
2026-06-26,122990,,11.47,0.5,-0.3,-0.2
2026-06-29,122990,,11.51,-0.8,-0.0,0.8
2026-06-30,122990,6440.0,11.46,-1.3,0.0,1.3
2026-07-01,122990,,11.38,-0.8,0.7,0.1
2026-07-02,122990,,11.33,0.0,0.8,-0.9
2026-07-03,122990,,11.45,-0.1,0.5,-0.3
2026-07-06,122990,,11.44,-0.5,0.5,-0.1
2026-07-07,122990,,11.41,2.4,0.5,-2.9
2026-07-08,122990,,11.56,-0.3,0.5,-0.2
2026-07-09,122990,,11.54,-1.0,0.5,0.5
2026-07-10,122990,,11.47,0.2,0.6,-0.7
2026-07-13,122990,5980.0,11.48,-1.7,0.6,1.2
2025-07-14,123010,,0.0,-0.2,,0.2
2025-07-15,123010,,0.0,-0.4,,0.4
2025-07-16,123010,,0.0,0.0,,-0.0
2025-07-17,123010,,0.0,-0.4,,0.4
2025-07-18,123010,,0.0,0.0,,-0.1
2025-07-21,123010,,0.0,0.7,,-0.7
2025-07-22,123010,,0.0,-1.0,,1.0
2025-07-23,123010,,0.0,0.1,,-0.1
2025-07-24,123010,,0.0,0.5,,-0.6
2025-07-25,123010,,0.0,-0.3,,0.1
2025-07-28,123010,,0.0,-0.3,,0.2
2025-07-29,123010,,0.0,0.1,,-0.1
2025-07-30,123010,,0.0,0.2,,-0.1
2025-07-31,123010,,0.0,0.0,,-0.0
2025-08-01,123010,,0.0,-0.4,,0.3
2025-08-04,123010,,0.0,0.2,,-0.1
2025-08-05,123010,,0.0,0.1,,-0.1
2025-08-06,123010,,0.0,-0.1,,0.1
2025-08-07,123010,,0.0,0.2,,-0.2
2025-08-08,123010,,0.0,-0.3,,0.2
2025-08-11,123010,,0.0,0.0,,-0.0
2025-08-12,123010,,0.0,0.1,,-0.1
2025-08-13,123010,,0.0,-0.0,,0.0
2025-08-14,123010,,0.0,0.1,,-0.1
2025-08-18,123010,,0.0,-0.3,,0.3
2025-08-19,123010,,0.0,-1.5,,1.6
2025-08-20,123010,,0.0,-0.2,0.0,0.2
2025-08-21,123010,,0.0,0.1,,-0.1
2025-08-22,123010,,0.0,0.1,,-0.1
2025-08-25,123010,,0.0,0.1,,-0.1
2025-08-26,123010,,0.0,-0.3,,0.3
2025-08-27,123010,,0.0,-0.1,,0.1
2025-08-28,123010,,0.0,0.1,,-0.1
2025-08-29,123010,795.0,0.0,-0.2,,0.2
2025-09-01,123010,,0.0,-0.4,,0.4
2025-09-02,123010,,0.0,0.0,,-0.0
2025-09-03,123010,,0.0,0.0,,-0.1
2025-09-04,123010,,0.0,-0.2,,0.1
2025-09-05,123010,,0.0,0.1,-0.0,-0.1
2025-09-08,123010,,0.0,0.1,,-0.1
2025-09-09,123010,,0.0,-0.0,,0.0
2025-09-10,123010,,0.0,0.1,,-0.1
2025-09-11,123010,,0.0,-0.1,,0.1
2025-09-12,123010,,0.0,-0.1,,0.1
2025-09-15,123010,,0.0,-0.1,,0.1
2025-09-16,123010,,0.0,-0.1,,0.1
2025-09-17,123010,,0.0,0.0,,0.0
2025-09-18,123010,,0.0,-0.7,,0.7
2025-09-19,123010,,0.0,-2.5,,2.0
2025-09-22,123010,,0.0,0.3,0.0,-1.0
2025-09-23,123010,,0.0,-2.0,,3.3
2025-09-24,123010,,0.0,0.9,,-1.5
2025-09-25,123010,,0.0,-3.7,,3.6
2025-09-26,123010,,0.0,-0.0,,1.0
2025-09-29,123010,,0.0,0.3,,-0.2
2025-09-30,123010,1160.0,0.0,1.2,,-1.1
2025-10-01,123010,,0.0,-0.6,,0.5
2025-10-02,123010,,0.0,-0.2,,0.2
2025-10-10,123010,,0.0,0.1,,0.1
2025-10-13,123010,,0.0,0.7,,-0.7
2025-10-14,123010,,0.0,3.1,,-3.2
2025-10-15,123010,,0.0,-0.3,0.0,0.3
2025-10-16,123010,,0.0,-1.7,,1.6
2025-10-17,123010,,0.0,-2.6,,3.0
2025-10-20,123010,,0.0,1.4,,-1.4
2025-10-21,123010,,0.0,-1.8,,1.8
2025-10-22,123010,,0.0,2.0,-0.0,-2.2
2025-10-23,123010,,0.0,3.4,,-3.1
2025-10-24,123010,,0.0,-5.2,,5.2
2025-10-27,123010,,0.0,0.6,,-0.6
2025-10-28,123010,,0.0,-0.6,,0.6
2025-10-29,123010,,0.0,2.1,,-2.1
2025-10-30,123010,,0.0,-1.1,,1.1
2025-10-31,123010,1211.0,0.0,1.2,,-2.0
2025-11-03,123010,,0.0,3.0,,-3.1
2025-11-04,123010,,0.0,-1.1,,2.2
2025-11-05,123010,,0.0,-0.9,,0.9
2025-11-06,123010,,0.0,1.1,,-1.1
2025-11-07,123010,,0.0,-1.2,,1.2
2025-11-10,123010,,0.0,-0.1,,0.1
2025-11-11,123010,,0.0,-0.2,,0.2
2025-11-12,123010,,0.0,0.4,,-0.3
2025-11-13,123010,,0.0,-0.1,,0.1
2025-11-14,123010,,0.0,0.8,,-0.8
2025-11-17,123010,,0.0,0.5,,-0.5
2025-11-18,123010,,0.0,-0.3,,0.3
2025-11-19,123010,,0.0,0.4,,-0.4
2025-11-20,123010,,0.0,-0.3,,0.3
2025-11-21,123010,,0.0,-0.9,,0.8
2025-11-24,123010,,0.0,0.3,,-0.3
2025-11-25,123010,,0.0,-0.3,,0.3
2025-11-26,123010,,0.0,0.5,,-0.5
2025-11-27,123010,,0.0,-0.1,,0.1
2025-11-28,123010,1025.0,0.0,0.8,,-0.8
2025-12-01,123010,,0.0,1.1,,-1.1
2025-12-02,123010,,0.0,-0.9,,0.9
2025-12-03,123010,,0.0,-0.2,,0.1
2025-12-04,123010,,0.0,-0.1,,0.2
2025-12-05,123010,,0.0,-0.9,,0.9
2025-12-08,123010,,0.0,0.0,,-0.0
2025-12-09,123010,,0.0,0.8,,-0.8
2025-12-10,123010,,0.0,-0.1,,0.1
2025-12-11,123010,,0.0,3.5,,-3.7
2025-12-12,123010,,0.0,6.3,,-7.7
2025-12-15,123010,,0.0,-2.6,,2.7
2025-12-16,123010,,0.0,-4.3,0.0,4.3
2025-12-17,123010,,0.0,2.4,0.7,-3.1
2025-12-18,123010,,0.0,-0.1,0.0,0.1
2025-12-19,123010,,0.0,0.3,0.1,-0.3
2025-12-22,123010,,0.0,-0.3,0.0,0.3
2025-12-23,123010,,0.0,-1.7,-0.8,2.5
2025-12-24,123010,,0.0,-1.1,0.5,0.8
2025-12-26,123010,,0.0,0.2,-0.0,-0.2
2025-12-29,123010,,0.0,1.1,0.1,-1.2
2025-12-30,123010,1097.0,0.0,0.3,0.2,-0.5
2026-01-02,123010,,0.0,0.5,0.5,-0.9
2026-01-05,123010,,0.0,2.2,-1.4,-1.3
2026-01-06,123010,,0.0,-0.3,,0.4
2026-01-07,123010,,0.0,-0.7,,0.8
2026-01-08,123010,,0.0,-0.3,,0.3
2026-01-09,123010,,0.0,-0.2,,-0.6
2026-01-12,123010,,0.0,0.3,,-0.5
2026-01-13,123010,,0.0,0.1,,-0.2
2026-01-14,123010,,0.0,0.0,,-0.1
2026-01-15,123010,,0.0,0.1,,-0.1
2026-01-16,123010,,0.0,-0.7,,0.7
2026-01-19,123010,,0.0,0.7,,-0.4
2026-01-20,123010,,0.0,-0.4,,0.5
2026-01-21,123010,,0.0,-0.0,,0.4
2026-01-22,123010,,0.0,-0.2,,0.2
2026-01-23,123010,,0.0,-1.6,-0.0,2.7
2026-01-26,123010,,0.0,-0.3,,0.0
2026-01-27,123010,,0.0,0.5,,-0.6
2026-01-28,123010,,0.0,0.4,,-0.4
2026-01-29,123010,,0.0,0.1,,-0.1
2026-01-30,123010,1172.0,0.0,0.6,,-0.2
2026-02-02,123010,,0.0,1.6,,-2.1
2026-02-03,123010,,0.0,1.9,,-1.8
2026-02-04,123010,,0.0,2.7,0.3,-3.2
2026-02-05,123010,,0.0,-2.9,,2.9
2026-02-06,123010,,0.0,4.1,-0.1,-5.1
2026-02-09,123010,,0.0,-1.2,0.1,1.0
2026-02-10,123010,,0.0,-1.6,-0.0,1.8
2026-02-11,123010,,0.0,0.4,,-0.5
2026-02-12,123010,,0.0,-1.3,,1.3
2026-02-13,123010,,0.0,-1.0,,1.0
2026-02-19,123010,,0.0,-0.6,,0.6
2026-02-20,123010,,0.0,-0.6,,0.6
2026-02-23,123010,,0.0,-0.3,,0.3
2026-02-24,123010,,0.0,-1.0,,1.0
2026-02-25,123010,,0.0,-1.0,,1.0
2026-02-26,123010,,0.0,-0.8,,0.8
2026-02-27,123010,985.0,0.0,-0.6,,0.8
2026-03-03,123010,,0.0,2.6,-0.2,2.2
2026-03-04,123010,,0.0,-0.3,,0.3
2026-03-05,123010,,0.0,0.2,,-0.2
2026-03-06,123010,,0.0,0.2,,-0.2
2026-03-09,123010,,0.0,-0.6,,0.6
2026-03-10,123010,,0.0,0.2,,-0.2
2026-03-11,123010,,0.0,-0.5,,0.3
2026-03-12,123010,,0.0,-3.1,,3.4
2026-03-13,123010,,0.0,-3.6,,4.0
2026-03-16,123010,,0.0,-0.1,,0.1
2026-03-17,123010,,0.0,-0.3,,0.3
2026-03-18,123010,,0.0,1.6,,-1.5
2026-03-19,123010,,0.0,0.7,,-0.1
2026-03-20,123010,,0.0,0.2,,-0.1
2026-03-23,123010,,0.0,0.2,,-0.1
2026-03-24,123010,,0.0,0.3,,-0.1
2026-03-25,123010,,0.0,0.3,,-0.3
2026-03-26,123010,,0.0,0.9,,-0.9
2026-03-27,123010,,0.0,-0.9,,1.1
2026-03-30,123010,,0.0,1.5,0.0,-1.6
2026-03-31,123010,1020.0,0.0,-0.0,0.0,-0.0
2026-04-01,123010,,0.0,0.0,,-0.1
2026-04-02,123010,,0.0,-1.4,,1.3
2026-04-03,123010,,0.0,-0.3,,0.2
2026-04-06,123010,,0.0,-0.9,,1.2
2026-04-07,123010,,0.0,-2.0,,2.2
2026-04-08,123010,,0.0,1.3,,-0.3
2026-04-09,123010,,0.0,0.9,,-0.7
2026-04-10,123010,,0.0,0.8,,-0.7
2026-04-13,123010,,0.0,2.0,,-1.8
2026-04-14,123010,,0.0,0.7,,-2.6
2026-04-15,123010,,0.0,-2.4,-0.0,2.8
2026-04-16,123010,,0.0,-3.9,,1.8
2026-04-17,123010,,0.0,2.2,,-2.9
2026-04-20,123010,,0.0,-1.7,,4.1
2026-04-21,123010,,0.0,-0.9,,1.0
2026-04-22,123010,,0.0,-0.0,,1.4
2026-04-23,123010,,0.0,1.4,,-2.0
2026-04-24,123010,,0.0,1.2,,-1.8
2026-04-27,123010,,0.0,0.0,,-0.1
2026-04-28,123010,,0.0,-0.2,,0.1
2026-04-29,123010,,0.0,-0.1,,-0.2
2026-04-30,123010,1541.0,0.0,0.6,,-0.6
2026-05-04,123010,,0.0,-0.8,0.0,1.8
2026-05-06,123010,,0.0,-0.1,0.0,3.3
2026-05-07,123010,,0.0,-1.6,-0.0,2.2
2026-05-08,123010,,0.0,1.8,-0.0,-0.6
2026-05-11,123010,,0.0,3.1,0.0,0.3
2026-05-12,123010,,0.0,3.6,-0.0,-3.8
2026-05-13,123010,,0.0,-2.4,0.0,2.9
2026-05-14,123010,,0.0,10.1,-0.0,-10.8
2026-05-15,123010,,0.0,2.4,-0.0,-4.3
2026-05-18,123010,,0.0,-0.5,0.0,0.2
2026-05-19,123010,,0.0,1.2,0.3,-1.7
2026-05-20,123010,,0.0,-8.6,-0.3,8.6
2026-05-21,123010,,0.0,6.5,0.0,-6.4
2026-05-22,123010,,0.0,-7.1,-0.0,7.6
2026-05-26,123010,,0.0,-2.8,,2.5
2026-05-27,123010,,0.0,-5.2,0.0,5.4
2026-05-28,123010,,0.0,1.2,-0.0,-1.3
2026-05-29,123010,2785.0,0.0,-9.4,-0.0,9.4
2026-06-01,123010,,0.0,-3.9,0.0,3.9
2026-06-02,123010,,0.0,-0.0,-0.0,-0.5
2026-06-04,123010,,0.0,-0.6,-0.0,0.6
2026-06-05,123010,,0.0,2.9,-0.0,-4.0
2026-06-08,123010,,0.0,-2.6,-0.0,1.6
2026-06-09,123010,,0.0,-0.6,0.0,0.9
2026-06-10,123010,,0.0,0.5,-0.0,-0.7
2026-06-11,123010,,0.0,-0.6,0.0,1.6
2026-06-12,123010,,0.0,-1.6,-0.0,1.6
2026-06-15,123010,,0.0,1.0,-0.0,-0.2
2026-06-16,123010,,0.0,1.5,0.0,-1.9
2026-06-17,123010,,0.0,-0.9,-0.0,0.5
2026-06-18,123010,,0.0,-1.1,0.0,1.1
2026-06-19,123010,,0.0,0.3,0.0,0.2
2026-06-22,123010,,0.0,0.5,0.0,-0.9
2026-06-23,123010,,0.0,2.1,-0.0,-2.2
2026-06-24,123010,,0.0,0.4,0.0,-0.4
2026-06-25,123010,,0.0,3.7,-0.0,-4.2
2026-06-26,123010,,0.0,-1.6,0.0,1.4
2026-06-29,123010,,0.0,-0.5,-0.0,0.5
2026-06-30,123010,1695.0,0.0,0.4,-0.0,-0.3
2026-07-01,123010,,0.0,0.7,-0.0,-1.8
2026-07-02,123010,,0.0,2.8,0.0,-2.8
2026-07-03,123010,,0.0,-1.9,0.0,2.7
2026-07-06,123010,,0.0,,,
2026-07-07,123010,,0.0,,,
2026-07-08,123010,,0.0,,,
2026-07-09,123010,,0.0,,,
2026-07-10,123010,,0.0,,,
2026-07-13,123010,1554.0,0.0,,,
2025-07-14,123040,,1.17,-0.3,-0.0,0.2
2025-07-15,123040,,1.15,0.1,-0.0,-0.1
2025-07-16,123040,,1.21,-3.7,-0.0,3.7
2025-07-17,123040,,1.01,1.6,-0.0,-1.6
2025-07-18,123040,,1.35,-1.0,-0.0,1.0
2025-07-21,123040,,1.29,0.4,-0.0,-0.4
2025-07-22,123040,,1.32,0.0,-0.0,-0.0
2025-07-23,123040,,1.32,0.7,0.6,-1.2
2025-07-24,123040,,1.35,-1.2,-0.0,1.1
2025-07-25,123040,,1.29,-1.8,0.0,1.8
2025-07-28,123040,,1.19,0.8,-0.0,-0.8
2025-07-29,123040,,1.24,-0.1,0.1,0.0
2025-07-30,123040,,1.23,1.2,0.1,-1.4
2025-07-31,123040,,1.3,-1.7,0.1,1.6
2025-08-01,123040,,1.23,-0.7,0.1,0.6
2025-08-04,123040,,1.18,0.1,0.0,-0.2
2025-08-05,123040,,1.19,-1.4,-0.0,1.5
2025-08-06,123040,,1.1,1.3,0.0,-1.4
2025-08-07,123040,,1.17,-1.5,-0.6,2.2
2025-08-08,123040,,1.09,-1.0,0.0,0.8
2025-08-11,123040,,1.04,-0.1,0.1,0.0
2025-08-12,123040,,1.03,0.9,0.0,-0.9
2025-08-13,123040,,1.08,0.4,-0.0,-0.3
2025-08-14,123040,,1.1,0.0,0.0,-0.0
2025-08-18,123040,,1.1,0.3,0.0,-0.4
2025-08-19,123040,,1.16,0.7,-0.1,-0.6
2025-08-20,123040,,1.2,1.5,0.0,-1.5
2025-08-21,123040,,1.27,2.0,-0.0,-2.0
2025-08-22,123040,,1.38,-0.7,-0.0,0.7
2025-08-25,123040,,1.34,-0.3,0.0,0.4
2025-08-26,123040,,1.32,-0.2,-0.0,0.2
2025-08-27,123040,,1.31,-0.2,-0.0,0.2
2025-08-28,123040,,1.3,-0.2,-0.0,0.2
2025-08-29,123040,2505.0,1.29,0.2,-0.0,-0.0
2025-09-01,123040,,1.31,-0.2,-0.0,0.2
2025-09-02,123040,,1.3,0.3,0.0,-0.3
2025-09-03,123040,,1.32,0.1,-0.0,-0.1
2025-09-04,123040,,1.33,1.4,0.0,-1.4
2025-09-05,123040,,1.43,-0.3,0.0,0.3
2025-09-08,123040,,1.41,0.4,0.0,-0.4
2025-09-09,123040,,1.44,0.7,-0.0,-0.7
2025-09-10,123040,,1.48,0.3,0.0,-0.3
2025-09-11,123040,,1.5,-0.8,0.0,0.8
2025-09-12,123040,,1.44,-0.0,-0.0,-0.2
2025-09-15,123040,,1.44,-0.1,-0.0,0.1
2025-09-16,123040,,1.44,-0.3,0.0,0.3
2025-09-17,123040,,1.24,0.1,-0.0,-0.1
2025-09-18,123040,,1.25,0.2,-0.0,-0.2
2025-09-19,123040,,1.27,-0.7,-0.0,0.7
2025-09-22,123040,,1.22,-0.1,0.0,0.1
2025-09-23,123040,,1.21,-0.0,-0.0,0.0
2025-09-24,123040,,1.21,-0.4,-0.0,0.4
2025-09-25,123040,,1.18,0.4,-0.0,-0.4
2025-09-26,123040,,1.21,-0.7,0.1,0.6
2025-09-29,123040,,1.14,-0.2,0.0,0.2
2025-09-30,123040,2285.0,1.13,-0.3,0.0,0.6
2025-10-01,123040,,1.1,-0.1,0.0,0.0
2025-10-02,123040,,1.11,0.7,0.2,-0.9
2025-10-10,123040,,1.16,0.3,0.2,-0.5
2025-10-13,123040,,1.18,0.4,-0.2,-0.2
2025-10-14,123040,,1.2,0.3,0.1,-0.4
2025-10-15,123040,,1.23,0.5,-0.1,-0.4
2025-10-16,123040,,1.26,1.9,0.1,-2.0
2025-10-17,123040,,1.39,1.1,0.0,-1.1
2025-10-20,123040,,1.46,0.5,-0.1,-0.4
2025-10-21,123040,,1.49,0.4,-0.2,-0.2
2025-10-22,123040,,1.51,0.2,0.1,-0.4
2025-10-23,123040,,1.48,-0.2,-0.2,0.4
2025-10-24,123040,,1.47,0.6,-0.1,-0.5
2025-10-27,123040,,1.51,0.3,-0.1,-0.2
2025-10-28,123040,,1.52,0.1,0.1,-0.2
2025-10-29,123040,,1.53,0.0,-0.0,0.0
2025-10-30,123040,,1.52,-1.6,-0.0,1.6
2025-10-31,123040,2395.0,1.41,-0.2,-0.0,0.3
2025-11-03,123040,,1.4,-0.4,0.0,0.4
2025-11-04,123040,,1.37,0.4,0.0,-0.4
2025-11-05,123040,,1.42,-0.7,0.3,0.4
2025-11-06,123040,,1.36,0.1,0.1,-0.2
2025-11-07,123040,,1.37,-0.9,-0.3,1.3
2025-11-10,123040,,1.3,0.5,0.2,-0.7
2025-11-11,123040,,1.33,-0.1,-0.2,0.3
2025-11-12,123040,,1.32,0.2,0.1,-0.2
2025-11-13,123040,,1.34,0.0,0.1,-0.1
2025-11-14,123040,,1.34,-0.5,0.2,0.3
2025-11-17,123040,,1.3,-0.9,-0.3,1.2
2025-11-18,123040,,1.24,-0.6,-0.1,0.7
2025-11-19,123040,,1.19,-0.1,0.2,-0.1
2025-11-20,123040,,1.19,0.4,0.0,-0.4
2025-11-21,123040,,1.21,0.0,0.0,-0.0
2025-11-24,123040,,1.21,0.0,-0.9,0.8
2025-11-25,123040,,1.22,0.2,0.0,-0.2
2025-11-26,123040,,1.24,0.4,0.0,-0.4
2025-11-27,123040,,1.27,0.2,-0.0,-0.2
2025-11-28,123040,2150.0,1.28,0.2,-0.0,-0.2
2025-12-01,123040,,1.3,-0.0,-0.1,0.1
2025-12-02,123040,,1.33,0.2,0.1,-0.3
2025-12-03,123040,,1.34,0.6,-0.1,-0.3
2025-12-04,123040,,1.4,-0.1,-0.0,0.1
2025-12-05,123040,,1.4,0.6,0.1,-0.7
2025-12-08,123040,,1.42,0.2,-0.1,-0.0
2025-12-09,123040,,1.43,-0.2,-0.1,0.2
2025-12-10,123040,,1.42,0.1,0.1,-0.2
2025-12-11,123040,,1.43,0.2,0.0,-0.2
2025-12-12,123040,,1.45,0.3,0.0,-0.4
2025-12-15,123040,,1.47,0.1,-0.0,-0.0
2025-12-16,123040,,1.47,-0.2,-0.3,0.5
2025-12-17,123040,,1.64,-0.2,0.1,0.1
2025-12-18,123040,,1.34,-0.1,0.1,-0.0
2025-12-19,123040,,1.33,0.3,0.0,-0.3
2025-12-22,123040,,1.35,0.5,0.1,-0.6
2025-12-23,123040,,1.39,-0.4,-0.1,0.5
2025-12-24,123040,,1.36,-0.4,-0.0,0.5
2025-12-26,123040,,1.25,-0.1,0.1,0.0
2025-12-29,123040,,1.24,-0.2,-0.0,-0.0
2025-12-30,123040,2105.0,1.2,0.0,0.1,-0.1
2026-01-02,123040,,1.15,0.5,-0.0,-0.5
2026-01-05,123040,,1.19,-0.4,-0.1,0.8
2026-01-06,123040,,1.39,-0.4,0.0,0.3
2026-01-07,123040,,1.67,-0.3,0.0,0.3
2026-01-08,123040,,1.62,-0.9,-0.2,1.1
2026-01-09,123040,,1.56,1.2,0.4,-1.6
2026-01-12,123040,,1.64,0.5,0.3,-0.8
2026-01-13,123040,,1.68,-1.7,0.1,1.1
2026-01-14,123040,,1.58,-0.9,-0.3,1.2
2026-01-15,123040,,1.52,0.5,-0.2,-0.1
2026-01-16,123040,,1.53,-2.3,0.0,2.3
2026-01-19,123040,,1.38,0.9,-0.2,-0.6
2026-01-20,123040,,1.43,2.8,0.3,-3.0
2026-01-21,123040,,1.63,0.9,0.3,-1.2
2026-01-22,123040,,1.69,-0.6,-0.7,1.6
2026-01-23,123040,,1.64,0.2,0.1,-0.3
2026-01-26,123040,,1.65,0.8,0.1,-0.9
2026-01-27,123040,,1.71,0.0,-0.1,0.1
2026-01-28,123040,,1.71,0.1,0.1,-0.2
2026-01-29,123040,,1.72,0.6,0.1,-0.8
2026-01-30,123040,2245.0,1.76,-0.4,-0.0,0.4
2026-02-02,123040,,1.73,-0.4,-0.2,0.7
2026-02-03,123040,,1.7,-0.1,0.0,0.0
2026-02-04,123040,,1.7,0.4,0.8,-1.2
2026-02-05,123040,,1.72,-0.2,-0.1,0.3
2026-02-06,123040,,1.71,-0.2,-0.2,0.4
2026-02-09,123040,,1.69,0.5,-0.3,-0.3
2026-02-10,123040,,1.73,0.8,-0.2,-0.7
2026-02-11,123040,,1.79,0.3,0.0,-0.3
2026-02-12,123040,,1.81,0.5,-0.0,-0.4
2026-02-13,123040,,1.84,-0.4,-0.2,0.6
2026-02-19,123040,,1.81,1.4,0.2,-1.6
2026-02-20,123040,,1.91,0.5,-0.1,-0.4
2026-02-23,123040,,1.95,0.1,-0.0,-0.1
2026-02-24,123040,,1.85,-0.2,0.1,0.1
2026-02-25,123040,,1.83,-3.6,-0.2,3.8
2026-02-26,123040,,1.62,-3.1,2.1,-0.0
2026-02-27,123040,2985.0,1.45,-1.3,-0.2,-1.2
2026-03-03,123040,,1.5,-4.1,-1.2,4.5
2026-03-04,123040,,1.28,5.4,2.9,-8.5
2026-03-05,123040,,1.72,1.7,-0.5,-1.1
2026-03-06,123040,,1.83,0.6,-0.5,0.4
2026-03-09,123040,,1.87,-0.1,-1.0,1.0
2026-03-10,123040,,1.93,0.8,-0.3,-0.5
2026-03-11,123040,,2.02,-5.2,-1.5,6.3
2026-03-12,123040,,1.4,-1.1,0.0,0.9
2026-03-13,123040,,1.33,-2.0,-0.1,2.0
2026-03-16,123040,,1.21,-0.6,0.0,0.5
2026-03-17,123040,,1.19,-0.4,0.1,0.3
2026-03-18,123040,,1.26,-0.7,-0.1,0.9
2026-03-19,123040,,1.18,-0.5,0.1,0.3
2026-03-20,123040,,1.15,0.6,0.3,-1.0
2026-03-23,123040,,1.19,-0.1,-0.2,0.3
2026-03-24,123040,,1.19,0.2,-0.2,-0.2
2026-03-25,123040,,1.22,-0.8,-0.0,1.9
2026-03-26,123040,,1.17,-0.2,0.0,0.4
2026-03-27,123040,,1.16,-0.5,0.1,0.4
2026-03-30,123040,,1.13,-2.2,0.1,2.1
2026-03-31,123040,2240.0,0.99,-0.3,-0.1,0.3
2026-04-01,123040,,0.99,-0.8,-0.0,0.8
2026-04-02,123040,,0.94,0.2,0.0,-0.2
2026-04-03,123040,,0.95,-0.2,-0.1,0.3
2026-04-06,123040,,0.94,0.3,0.0,-0.3
2026-04-07,123040,,0.96,-0.0,0.0,0.0
2026-04-08,123040,,0.96,1.8,0.2,-1.9
2026-04-09,123040,,1.08,-0.7,-0.0,0.7
2026-04-10,123040,,1.03,0.4,0.0,-0.5
2026-04-13,123040,,1.06,0.4,-0.0,-0.2
2026-04-14,123040,,1.09,1.3,-0.1,-1.2
2026-04-15,123040,,1.22,-0.4,-0.0,1.0
2026-04-16,123040,,1.19,0.7,0.1,-0.9
2026-04-17,123040,,1.24,-0.4,-0.0,2.4
2026-04-20,123040,,1.21,-1.5,-0.0,1.6
2026-04-21,123040,,1.11,-0.4,-0.1,0.4
2026-04-22,123040,,1.08,-0.8,-0.1,0.8
2026-04-23,123040,,1.04,-1.7,0.0,1.8
2026-04-24,123040,,0.94,-0.7,0.0,0.7
2026-04-27,123040,,0.94,-0.4,0.5,-0.2
2026-04-28,123040,,0.91,0.5,-0.2,-0.3
2026-04-29,123040,,0.95,1.1,0.0,-1.1
2026-04-30,123040,2450.0,1.02,-0.1,-0.1,0.3
2026-05-04,123040,,1.01,1.3,-0.1,-1.1
2026-05-06,123040,,1.1,0.5,-0.1,-0.6
2026-05-07,123040,,1.14,0.5,0.1,-0.5
2026-05-08,123040,,1.17,-0.1,0.1,0.1
2026-05-11,123040,,1.17,1.1,-0.1,-0.9
2026-05-12,123040,,1.39,0.5,0.2,-0.7
2026-05-13,123040,,1.45,0.7,-0.1,-0.6
2026-05-14,123040,,1.32,0.1,0.1,-0.3
2026-05-15,123040,,1.33,-1.0,-0.1,1.1
2026-05-18,123040,,1.13,-0.0,0.0,0.1
2026-05-19,123040,,1.17,-0.3,-0.1,0.4
2026-05-20,123040,,1.13,-1.3,-0.0,1.3
2026-05-21,123040,,1.02,0.1,0.0,-0.2
2026-05-22,123040,,1.03,0.5,0.0,-0.5
2026-05-26,123040,,1.07,-0.3,-0.1,0.3
2026-05-27,123040,,1.05,-0.1,0.0,0.1
2026-05-28,123040,,1.04,-0.6,-0.0,0.6
2026-05-29,123040,1972.0,0.99,-0.1,0.1,-0.0
2026-06-01,123040,,0.99,0.1,-0.1,-0.3
2026-06-02,123040,,1.0,0.7,0.0,-0.6
2026-06-04,123040,,1.05,0.2,0.0,-0.0
2026-06-05,123040,,1.07,-0.2,0.0,0.2
2026-06-08,123040,,1.26,-0.3,0.1,0.3
2026-06-09,123040,,1.1,0.0,0.1,-0.1
2026-06-10,123040,,1.12,-0.2,-0.0,0.3
2026-06-11,123040,,1.1,0.2,-0.2,-0.1
2026-06-12,123040,,1.12,0.5,0.5,-0.9
2026-06-15,123040,,1.16,-0.0,-0.1,0.1
2026-06-16,123040,,1.17,0.7,0.3,-1.0
2026-06-17,123040,,1.23,0.1,0.0,-0.1
2026-06-18,123040,,1.21,-0.8,0.4,0.4
2026-06-19,123040,,1.14,-1.4,-0.7,2.1
2026-06-22,123040,,1.02,-0.1,0.4,-0.3
2026-06-23,123040,,1.02,-0.2,-0.3,0.4
2026-06-24,123040,,1.0,-0.5,0.3,0.2
2026-06-25,123040,,0.94,0.3,0.0,-0.4
2026-06-26,123040,,1.0,-0.3,0.4,-0.0
2026-06-29,123040,,1.01,1.5,-1.0,-0.5
2026-06-30,123040,1645.0,1.18,-0.3,0.3,0.0
2026-07-01,123040,,1.14,-0.1,-0.2,0.3
2026-07-02,123040,,1.14,-0.0,-0.1,0.0
2026-07-03,123040,,1.09,0.1,0.1,-0.2
2026-07-06,123040,,1.15,0.3,-0.1,-0.2
2026-07-07,123040,,1.17,-0.3,0.0,0.3
2026-07-08,123040,,1.14,0.0,-0.0,-0.0
2026-07-09,123040,,1.14,-0.1,0.0,0.1
2026-07-10,123040,,1.14,0.6,-0.0,-0.6
2026-07-13,123040,1580.0,1.19,-0.3,0.0,0.3
2025-07-14,123330,,7.37,-9.2,7.9,1.6
2025-07-15,123330,,7.04,0.0,4.1,-4.6
2025-07-16,123330,,7.03,-4.7,0.7,4.1
2025-07-17,123330,,6.86,-2.3,4.8,-3.1
2025-07-18,123330,,6.77,-1.0,2.0,-1.0
2025-07-21,123330,,6.75,-2.5,4.1,-2.1
2025-07-22,123330,,6.66,-12.7,15.8,-3.7
2025-07-23,123330,,6.2,-4.2,5.1,-1.4
2025-07-24,123330,,6.06,-5.5,3.5,2.9
2025-07-25,123330,,5.81,-1.7,3.5,-3.0
2025-07-28,123330,,5.76,-2.3,2.1,-0.2
2025-07-29,123330,,5.63,-4.7,-1.2,5.6
2025-07-30,123330,,5.46,-7.2,8.0,-0.4
2025-07-31,123330,,5.31,-7.6,2.8,1.3
2025-08-01,123330,,5.1,-7.5,4.8,2.1
2025-08-04,123330,,4.81,-0.8,0.5,0.0
2025-08-05,123330,,4.79,0.5,-0.2,-3.6
2025-08-06,123330,,4.76,-10.1,2.8,3.7
2025-08-07,123330,,4.37,-2.9,-0.9,3.9
2025-08-08,123330,,4.35,11.8,1.9,-16.3
2025-08-11,123330,,4.91,-17.1,-14.7,28.8
2025-08-12,123330,,4.22,7.6,-14.8,6.0
2025-08-13,123330,,4.69,-0.6,-1.5,0.6
2025-08-14,123330,,4.66,0.9,-0.4,0.8
2025-08-18,123330,,4.64,4.6,0.3,-4.0
2025-08-19,123330,,4.81,-3.5,4.7,-1.2
2025-08-20,123330,,4.59,-0.3,-3.6,3.7
2025-08-21,123330,,4.53,-3.9,1.6,-8.0
2025-08-22,123330,,4.37,-3.6,1.4,1.3
2025-08-25,123330,,4.2,5.7,-2.0,-3.4
2025-08-26,123330,,4.52,1.6,-1.5,0.1
2025-08-27,123330,,4.59,0.7,-0.5,0.3
2025-08-28,123330,,4.64,6.7,-8.2,1.2
2025-08-29,123330,28750.0,4.96,1.0,-3.4,2.0
2025-09-01,123330,,5.01,8.8,2.7,-11.1
2025-09-02,123330,,5.42,-1.9,-8.7,9.2
2025-09-03,123330,,5.21,-1.5,8.5,-6.4
2025-09-04,123330,,5.24,-3.6,5.1,-1.4
2025-09-05,123330,,5.08,-5.0,0.2,4.4
2025-09-08,123330,,4.83,-0.1,-0.3,0.3
2025-09-09,123330,,4.83,-0.0,-0.2,0.7
2025-09-10,123330,,4.79,-5.8,-0.2,5.3
2025-09-11,123330,,4.48,-0.0,0.7,-1.0
2025-09-12,123330,,4.48,6.5,-1.3,-5.1
2025-09-15,123330,,4.79,6.9,-4.7,-1.1
2025-09-16,123330,,5.18,-0.2,-3.3,2.1
2025-09-17,123330,,5.11,0.7,-4.1,4.8
2025-09-18,123330,,5.14,-5.0,7.0,-2.4
2025-09-19,123330,,4.93,2.2,-1.9,0.4
2025-09-22,123330,,5.03,-0.4,-5.5,3.2
2025-09-23,123330,,5.03,-5.4,0.5,4.4
2025-09-24,123330,,4.75,-2.2,-0.6,3.0
2025-09-25,123330,,4.67,3.4,-2.6,-0.3
2025-09-26,123330,,4.79,-4.7,4.7,0.6
2025-09-29,123330,,4.54,3.0,-3.3,0.4
2025-09-30,123330,24650.0,4.7,-0.5,-0.9,1.4
2025-10-01,123330,,4.61,1.6,-1.1,0.3
2025-10-02,123330,,4.77,3.6,1.0,-4.8
2025-10-10,123330,,5.03,-10.8,-5.0,15.7
2025-10-13,123330,,4.31,-1.2,2.0,-0.5
2025-10-14,123330,,4.25,3.1,-1.1,-1.8
2025-10-15,123330,,4.46,4.0,-0.8,-2.9
2025-10-16,123330,,4.76,0.2,0.0,-0.2
2025-10-17,123330,,4.81,2.9,1.7,-3.9
2025-10-20,123330,,5.01,-2.6,1.2,1.2
2025-10-21,123330,,4.82,4.9,-0.7,-3.7
2025-10-22,123330,,5.11,7.9,1.6,-9.1
2025-10-23,123330,,5.6,0.6,5.1,-5.1
2025-10-24,123330,,5.61,8.9,0.2,-1.7
2025-10-27,123330,,6.24,-3.6,0.7,3.8
2025-10-28,123330,,5.95,-5.2,1.9,3.2
2025-10-29,123330,,5.61,-4.0,0.4,3.5
2025-10-30,123330,,5.32,-0.8,-0.4,1.0
2025-10-31,123330,21500.0,5.26,-2.2,3.4,-1.4
2025-11-03,123330,,5.2,-5.0,-3.1,7.9
2025-11-04,123330,,4.83,-2.1,0.2,2.0
2025-11-05,123330,,4.72,-10.3,0.7,9.4
2025-11-06,123330,,4.1,-5.5,0.8,3.9
2025-11-07,123330,,3.77,-2.4,1.1,1.3
2025-11-10,123330,,3.64,-2.6,0.4,2.1
2025-11-11,123330,,3.51,-2.8,-2.1,5.3
2025-11-12,123330,,3.32,0.2,-1.4,1.4
2025-11-13,123330,,3.33,0.3,0.2,-2.0
2025-11-14,123330,,3.42,3.3,6.2,-10.8
2025-11-17,123330,,3.88,-15.7,0.8,14.7
2025-11-18,123330,,2.75,-1.5,-1.0,2.6
2025-11-19,123330,,2.67,6.2,-3.0,-3.2
2025-11-20,123330,,3.22,4.2,-4.1,-0.2
2025-11-21,123330,,3.59,-0.5,1.7,-1.1
2025-11-24,123330,,3.54,0.5,0.0,-0.5
2025-11-25,123330,,3.54,0.6,-0.8,0.3
2025-11-26,123330,,3.56,1.7,-1.5,-0.3
2025-11-27,123330,,3.81,1.0,0.0,-1.0
2025-11-28,123330,18800.0,3.89,1.1,0.1,-1.3
2025-12-01,123330,,3.99,-0.6,1.2,-0.5
2025-12-02,123330,,3.93,0.5,-0.8,0.3
2025-12-03,123330,,3.97,0.1,0.1,-0.2
2025-12-04,123330,,3.97,3.3,-1.1,-2.0
2025-12-05,123330,,4.21,-3.5,2.2,1.3
2025-12-08,123330,,3.95,-0.7,0.1,0.6
2025-12-09,123330,,3.91,-1.3,0.1,1.2
2025-12-10,123330,,3.8,-0.4,-0.1,0.5
2025-12-11,123330,,3.77,7.2,-0.2,-5.8
2025-12-12,123330,,4.3,-1.1,-0.5,1.6
2025-12-15,123330,,4.19,0.3,-0.2,0.1
2025-12-16,123330,,4.22,1.3,-0.8,-0.5
2025-12-17,123330,,4.35,-0.7,-0.1,0.7
2025-12-18,123330,,4.29,0.6,0.2,-0.7
2025-12-19,123330,,4.3,-1.0,-1.6,2.5
2025-12-22,123330,,4.2,1.8,0.1,-1.8
2025-12-23,123330,,4.35,-0.8,-0.6,1.2
2025-12-24,123330,,4.29,0.2,-0.2,0.1
2025-12-26,123330,,4.29,-1.0,-3.8,4.8
2025-12-29,123330,,4.16,1.4,-0.8,-0.6
2025-12-30,123330,16520.0,4.26,0.8,-2.0,1.4
2026-01-02,123330,,4.32,9.8,-3.7,-6.3
2026-01-05,123330,,5.0,-2.1,-1.5,3.5
2026-01-06,123330,,4.85,-1.9,-0.6,2.6
2026-01-07,123330,,4.87,-1.7,0.3,1.3
2026-01-08,123330,,4.74,0.1,2.6,-2.7
2026-01-09,123330,,4.75,0.8,-1.1,-0.2
2026-01-12,123330,,4.81,-1.8,-1.0,2.8
2026-01-13,123330,,4.64,-2.8,-2.4,5.2
2026-01-14,123330,,4.43,2.2,-0.5,-1.7
2026-01-15,123330,,4.6,0.1,-0.9,0.9
2026-01-16,123330,,4.61,0.9,0.6,-1.5
2026-01-19,123330,,4.68,0.8,-1.0,0.2
2026-01-20,123330,,4.75,6.6,-1.4,-5.0
2026-01-21,123330,,5.24,-1.3,0.2,1.1
2026-01-22,123330,,5.16,8.4,1.0,-10.4
2026-01-23,123330,,5.74,-2.5,0.0,2.6
2026-01-26,123330,,5.58,-3.9,1.1,2.9
2026-01-27,123330,,5.33,-1.4,-1.8,3.2
2026-01-28,123330,,5.24,2.8,-2.2,-0.6
2026-01-29,123330,,5.42,-13.8,-4.3,21.8
2026-01-30,123330,16360.0,4.49,-4.1,-8.8,15.1
2026-02-02,123330,,4.18,28.1,-7.3,-23.2
2026-02-03,123330,,6.07,2.7,10.6,-13.0
2026-02-04,123330,,6.21,-3.8,-5.8,9.9
2026-02-05,123330,,6.04,-10.2,6.4,3.4
2026-02-06,123330,,5.49,-15.7,13.6,-0.4
2026-02-09,123330,,4.62,-15.9,38.4,-26.3
2026-02-10,123330,,3.84,-14.8,1.7,11.5
2026-02-11,123330,,3.16,6.5,0.2,-4.2
2026-02-12,123330,,3.53,3.1,-5.1,2.8
2026-02-13,123330,,3.7,1.7,-5.7,4.1
2026-02-19,123330,,3.81,-0.7,-6.8,7.0
2026-02-20,123330,,3.78,3.8,-7.6,4.0
2026-02-23,123330,,4.01,0.7,6.6,-7.6
2026-02-24,123330,,4.11,-6.4,-0.8,10.6
2026-02-25,123330,,3.74,-5.3,0.7,4.1
2026-02-26,123330,,3.44,-5.6,-1.1,6.6
2026-02-27,123330,20300.0,3.12,3.3,-5.3,1.3
2026-03-03,123330,,3.32,4.0,3.0,-6.4
2026-03-04,123330,,3.58,9.4,-6.7,-2.8
2026-03-05,123330,,4.26,-3.7,9.2,-4.4
2026-03-06,123330,,4.01,7.5,33.2,-39.0
2026-03-09,123330,,4.46,-7.7,13.6,-5.4
2026-03-10,123330,,4.03,-5.7,9.0,-3.4
2026-03-11,123330,,3.74,0.3,6.8,-7.1
2026-03-12,123330,,3.75,1.9,1.9,-5.9
2026-03-13,123330,,3.83,-15.1,22.0,-6.1
2026-03-16,123330,,3.12,-6.0,4.8,0.6
2026-03-17,123330,,2.75,-4.7,9.4,-4.5
2026-03-18,123330,,2.53,4.7,-7.9,3.4
2026-03-19,123330,,2.59,12.3,-15.6,4.1
2026-03-20,123330,,3.24,-3.4,9.8,-5.6
2026-03-23,123330,,3.08,-1.3,5.8,-4.0
2026-03-24,123330,,3.02,-0.4,26.9,-28.3
2026-03-25,123330,,3.07,0.3,-10.5,8.6
2026-03-26,123330,,3.11,-14.1,47.3,-33.5
2026-03-27,123330,,2.51,11.8,79.3,-87.0
2026-03-30,123330,,2.95,-9.2,9.5,1.1
2026-03-31,123330,31250.0,2.61,-4.2,8.8,-4.4
2026-04-01,123330,,2.51,0.4,-12.9,11.3
2026-04-02,123330,,2.58,-8.1,4.7,1.2
2026-04-03,123330,,2.27,-13.8,-10.7,22.4
2026-04-06,123330,,1.79,-0.8,3.1,-2.7
2026-04-07,123330,,1.88,0.2,-2.8,2.7
2026-04-08,123330,,1.92,-2.8,-7.0,8.9
2026-04-09,123330,,1.79,1.8,10.0,-11.8
2026-04-10,123330,,1.85,-5.2,3.3,2.1
2026-04-13,123330,,1.96,-4.0,-14.0,18.0
2026-04-14,123330,,1.79,1.8,-12.2,8.9
2026-04-15,123330,,1.86,-6.1,-8.0,13.9
2026-04-16,123330,,1.59,-1.7,-3.6,4.5
2026-04-17,123330,,1.55,18.2,-12.4,-6.3
2026-04-20,123330,,2.27,-11.9,-5.4,17.0
2026-04-21,123330,,1.78,-7.6,-22.0,28.7
2026-04-22,123330,,1.47,-0.7,-12.9,13.7
2026-04-23,123330,,1.47,3.5,-9.3,5.4
2026-04-24,123330,,1.67,13.4,-8.5,-8.2
2026-04-27,123330,,2.27,-12.6,-16.8,28.9
2026-04-28,123330,,1.76,3.4,-3.9,1.3
2026-04-29,123330,,1.93,2.6,8.2,-10.9
2026-04-30,123330,28150.0,2.0,-8.0,-5.5,13.8
2026-05-04,123330,,1.67,2.1,-6.9,3.7
2026-05-06,123330,,1.78,10.6,-10.1,-1.3
2026-05-07,123330,,2.28,10.7,-36.2,24.1
2026-05-08,123330,,2.85,17.1,-31.6,15.1
2026-05-11,123330,,3.75,11.6,-16.8,4.9
2026-05-12,123330,,4.38,-1.3,-5.6,6.5
2026-05-13,123330,,4.32,-5.3,-0.3,5.9
2026-05-14,123330,,4.03,-3.4,7.4,-3.5
2026-05-15,123330,,3.78,-2.0,0.6,4.6
2026-05-18,123330,,3.66,3.4,1.0,-4.4
2026-05-19,123330,,4.02,-0.2,0.5,-0.1
2026-05-20,123330,,4.03,2.9,-4.8,2.1
2026-05-21,123330,,4.21,10.2,-6.3,-4.4
2026-05-22,123330,,4.9,7.3,-4.7,2.7
2026-05-26,123330,,5.34,3.8,-5.5,1.0
2026-05-27,123330,,5.55,-3.1,7.2,-3.8
2026-05-28,123330,,5.35,2.0,2.8,-8.7
2026-05-29,123330,22750.0,5.48,-11.8,4.0,6.5
2026-06-01,123330,,4.82,1.1,0.3,-0.2
2026-06-02,123330,,4.89,1.5,-0.6,-0.9
2026-06-04,123330,,4.97,-3.7,2.5,0.7
2026-06-05,123330,,4.81,-5.2,2.7,2.9
2026-06-08,123330,,4.54,-0.9,-0.2,1.3
2026-06-09,123330,,4.48,-3.0,4.7,-1.6
2026-06-10,123330,,4.33,-4.2,3.1,1.4
2026-06-11,123330,,4.12,1.8,-2.0,1.6
2026-06-12,123330,,4.6,0.5,-0.9,0.5
2026-06-15,123330,,4.63,-1.4,-0.3,2.2
2026-06-16,123330,,4.48,-2.4,0.0,2.4
2026-06-17,123330,,4.37,0.6,-3.9,3.3
2026-06-18,123330,,4.45,2.0,-1.2,-0.1
2026-06-19,123330,,4.57,-1.5,0.9,0.9
2026-06-22,123330,,4.54,-0.3,-2.0,2.0
2026-06-23,123330,,4.52,2.8,-2.3,-1.4
2026-06-24,123330,,4.68,4.7,2.5,-6.3
2026-06-25,123330,,4.97,-0.2,8.6,-8.0
2026-06-26,123330,,4.99,4.7,29.6,-29.8
2026-06-29,123330,,5.12,-4.4,21.8,-13.2
2026-06-30,123330,22500.0,4.9,0.3,-1.0,2.6
2026-07-01,123330,,4.69,-4.0,8.2,-3.4
2026-07-02,123330,,4.4,4.1,5.0,-12.3
2026-07-03,123330,,4.59,-11.4,2.2,4.0
2026-07-06,123330,,4.02,-5.5,4.1,1.4
2026-07-07,123330,,3.89,-17.0,-0.2,13.3
2026-07-08,123330,,3.12,-10.4,23.5,-9.8
2026-07-09,123330,,2.66,-12.5,10.5,1.7
2026-07-10,123330,,2.12,-9.9,-0.2,10.4
2026-07-13,123330,25800.0,1.62,4.8,1.9,-7.0
2025-07-14,123410,,39.97,12.0,0.1,-11.9
2025-07-15,123410,,40.78,-5.4,2.8,2.4
2025-07-16,123410,,40.41,-0.4,1.1,-1.0
2025-07-17,123410,,40.38,-4.9,0.0,5.2
2025-07-18,123410,,40.06,-3.6,1.5,2.5
2025-07-21,123410,,39.84,-2.4,-0.0,1.6
2025-07-22,123410,,39.66,-0.9,-0.3,1.3
2025-07-23,123410,,39.62,0.7,-0.3,-0.3
2025-07-24,123410,,39.66,-6.0,-0.0,5.9
2025-07-25,123410,,39.25,2.4,-0.9,-1.1
2025-07-28,123410,,39.41,-5.5,-0.0,6.1
2025-07-29,123410,,39.03,0.2,-0.3,0.0
2025-07-30,123410,,39.03,5.4,1.9,-7.0
2025-07-31,123410,,39.41,-11.8,-0.0,11.6
2025-08-01,123410,,38.56,-0.3,-0.4,0.5
2025-08-04,123410,,38.53,-1.2,,1.2
2025-08-05,123410,,38.44,-1.2,-0.5,1.7
2025-08-06,123410,,38.38,0.7,0.0,-0.7
2025-08-07,123410,,38.41,9.7,1.8,-11.4
2025-08-08,123410,,39.09,21.5,-2.1,-19.6
2025-08-11,123410,,40.53,-1.0,1.0,-0.6
2025-08-12,123410,,40.44,0.9,2.1,-3.1
2025-08-13,123410,,40.53,-2.5,-0.5,2.8
2025-08-14,123410,,40.34,14.2,0.3,-14.8
2025-08-18,123410,,41.25,-2.2,-0.0,1.7
2025-08-19,123410,,41.09,9.8,5.6,-15.3
2025-08-20,123410,,41.72,-4.1,5.5,-1.6
2025-08-21,123410,,41.47,-8.5,6.5,1.9
2025-08-22,123410,,40.97,-1.5,3.2,-1.8
2025-08-25,123410,,40.88,0.9,3.4,-3.9
2025-08-26,123410,,40.94,-1.6,2.1,-0.5
2025-08-27,123410,,40.84,-1.0,1.6,-0.7
2025-08-28,123410,,40.75,-17.0,9.7,6.1
2025-08-29,123410,6230.0,39.75,-5.7,9.4,-5.1
2025-09-01,123410,,39.44,6.9,2.3,-7.4
2025-09-02,123410,,39.81,-10.9,0.8,8.8
2025-09-03,123410,,39.19,-3.8,5.1,-2.7
2025-09-04,123410,,39.0,3.0,-0.6,-2.6
2025-09-05,123410,,39.16,7.5,8.4,-18.4
2025-09-08,123410,,39.56,-5.6,5.2,-0.6
2025-09-09,123410,,39.28,15.8,-12.1,-4.9
2025-09-10,123410,,39.84,1.9,0.7,-4.6
2025-09-11,123410,,39.94,9.4,-6.0,-1.2
2025-09-12,123410,,40.44,0.6,-2.2,1.6
2025-09-15,123410,,40.47,0.8,-0.5,-0.0
2025-09-16,123410,,40.53,20.4,-13.4,-6.9
2025-09-17,123410,,41.62,0.6,-2.8,2.2
2025-09-18,123410,,41.62,5.1,-2.0,-3.0
2025-09-19,123410,,41.91,-15.3,-6.4,4.1
2025-09-22,123410,,41.09,7.1,-0.1,-7.1
2025-09-23,123410,,41.5,5.0,-1.9,-3.2
2025-09-24,123410,,41.78,5.0,0.1,-5.1
2025-09-25,123410,,42.06,3.7,-1.1,-2.6
2025-09-26,123410,,42.28,2.8,0.5,-3.1
2025-09-29,123410,,42.44,-0.2,1.1,-1.0
2025-09-30,123410,5980.0,42.44,1.4,1.2,-3.1
2025-10-01,123410,,42.53,-0.4,-0.2,1.1
2025-10-02,123410,,42.5,-2.8,-0.1,2.9
2025-10-10,123410,,42.34,2.0,-3.1,5.5
2025-10-13,123410,,42.44,-4.9,-0.0,4.5
2025-10-14,123410,,42.16,-5.1,-0.0,5.1
2025-10-15,123410,,41.84,-7.9,3.4,5.8
2025-10-16,123410,,41.38,-16.4,4.5,11.6
2025-10-17,123410,,40.47,2.4,-3.7,1.0
2025-10-20,123410,,40.62,-6.6,0.1,6.9
2025-10-21,123410,,40.25,-2.2,0.2,4.1
2025-10-22,123410,,40.12,6.3,-4.5,-1.6
2025-10-23,123410,,40.47,0.7,4.5,-5.3
2025-10-24,123410,,40.53,2.3,-0.5,-1.9
2025-10-27,123410,,40.66,3.8,-3.2,-0.3
2025-10-28,123410,,40.88,0.9,-0.1,-0.9
2025-10-29,123410,,40.94,0.5,1.1,-1.7
2025-10-30,123410,,40.97,-25.7,-9.6,50.1
2025-10-31,123410,6000.0,39.5,-0.2,-5.3,5.4
2025-11-03,123410,,39.5,6.5,-4.9,-1.4
2025-11-04,123410,,39.91,4.6,-1.2,-3.4
2025-11-05,123410,,40.19,-4.7,-1.0,5.6
2025-11-06,123410,,39.88,-0.5,1.0,-0.4
2025-11-07,123410,,39.88,-1.1,-0.0,1.0
2025-11-10,123410,,39.78,2.2,-0.2,-2.0
2025-11-11,123410,,39.91,2.0,0.9,-3.8
2025-11-12,123410,,40.06,1.1,2.0,-3.0
2025-11-13,123410,,40.12,5.8,4.1,-9.7
2025-11-14,123410,,40.47,32.3,1.8,-33.2
2025-11-17,123410,,42.25,-4.2,2.0,2.6
2025-11-18,123410,,42.03,-2.1,2.7,-0.3
2025-11-19,123410,,41.91,4.1,2.0,-6.0
2025-11-20,123410,,42.12,0.5,1.3,-1.6
2025-11-21,123410,,42.16,0.8,1.1,-1.4
2025-11-24,123410,,42.22,1.0,3.1,-3.9
2025-11-25,123410,,42.28,7.0,2.0,-9.0
2025-11-26,123410,,42.66,57.8,12.1,-70.1
2025-11-27,123410,,45.66,3.7,1.0,-5.7
2025-11-28,123410,7470.0,45.84,24.0,-0.3,-23.0
2025-12-01,123410,,47.0,3.0,1.4,-3.1
2025-12-02,123410,,47.16,23.8,4.1,-28.7
2025-12-03,123410,,48.22,28.2,-7.7,-21.3
2025-12-04,123410,,49.38,-1.4,0.3,0.9
2025-12-05,123410,,49.31,9.5,-4.3,-5.3
2025-12-08,123410,,49.72,2.1,2.1,-3.3
2025-12-09,123410,,49.81,16.0,-12.3,-3.3
2025-12-10,123410,,50.5,0.1,0.9,-0.9
2025-12-11,123410,,50.5,4.1,-0.1,-3.1
2025-12-12,123410,,50.69,-0.4,0.0,0.5
2025-12-15,123410,,50.69,-32.1,11.1,20.4
2025-12-16,123410,,49.31,-7.5,0.6,7.7
2025-12-17,123410,,49.0,-6.2,0.0,6.1
2025-12-18,123410,,48.75,4.4,0.1,-4.7
2025-12-19,123410,,48.94,3.1,0.8,-3.8
2025-12-22,123410,,49.06,-1.3,0.7,0.8
2025-12-23,123410,,49.0,-6.2,4.5,1.6
2025-12-24,123410,,48.75,-1.0,-0.8,1.7
2025-12-26,123410,,48.72,5.3,1.2,-6.6
2025-12-29,123410,,48.94,7.0,-4.3,-2.7
2025-12-30,123410,8230.0,49.25,0.3,2.4,-2.7
2026-01-02,123410,,49.25,1.9,-1.2,-0.6
2026-01-05,123410,,49.34,5.0,0.8,-5.7
2026-01-06,123410,,49.56,-7.6,0.2,7.4
2026-01-07,123410,,49.31,12.6,-1.8,-10.2
2026-01-08,123410,,49.88,-11.3,3.2,8.1
2026-01-09,123410,,49.38,18.0,-0.9,-17.3
2026-01-12,123410,,50.12,-14.0,1.9,12.4
2026-01-13,123410,,49.53,-2.2,3.9,-1.7
2026-01-14,123410,,49.44,7.3,-0.4,-6.8
2026-01-15,123410,,49.75,-0.4,-4.4,4.9
2026-01-16,123410,,49.72,-4.6,-9.4,13.8
2026-01-19,123410,,49.53,-1.1,-4.5,5.3
2026-01-20,123410,,49.5,21.0,0.7,-21.7
2026-01-21,123410,,50.38,-1.8,-2.6,5.2
2026-01-22,123410,,50.34,-39.6,0.4,37.7
2026-01-23,123410,,48.69,4.6,0.1,-4.6
2026-01-26,123410,,48.88,2.7,-3.0,0.7
2026-01-27,123410,,49.0,9.1,-2.3,-7.1
2026-01-28,123410,,49.41,-3.0,-5.3,6.8
2026-01-29,123410,,49.28,2.3,-6.7,4.4
2026-01-30,123410,7840.0,49.38,0.1,5.1,-5.2
2026-02-02,123410,,49.38,5.5,-1.8,-3.8
2026-02-03,123410,,49.62,-0.1,0.0,-0.9
2026-02-04,123410,,49.62,0.4,0.2,-0.5
2026-02-05,123410,,49.66,-0.5,2.7,-2.1
2026-02-06,123410,,49.62,-2.1,5.0,-3.2
2026-02-09,123410,,49.53,3.2,4.0,-7.2
2026-02-10,123410,,49.66,-2.7,0.1,2.6
2026-02-11,123410,,49.53,1.1,-0.1,-1.1
2026-02-12,123410,,49.59,0.6,0.0,-0.5
2026-02-13,123410,,49.62,1.8,11.6,-13.3
2026-02-19,123410,,49.69,23.2,-0.6,-21.8
2026-02-20,123410,,50.66,28.6,1.6,-30.0
2026-02-23,123410,,51.78,-7.4,1.2,6.2
2026-02-24,123410,,51.47,-4.8,8.1,-3.2
2026-02-25,123410,,51.25,8.1,1.8,-10.0
2026-02-26,123410,,51.59,-2.3,-0.4,2.9
2026-02-27,123410,8610.0,51.5,4.0,0.8,-4.6
2026-03-03,123410,,51.69,-3.1,6.9,-3.8
2026-03-04,123410,,51.56,-5.8,4.1,-0.6
2026-03-05,123410,,51.28,-1.3,-0.0,1.3
2026-03-06,123410,,51.19,-3.5,3.9,-0.4
2026-03-09,123410,,51.03,-6.4,5.8,0.4
2026-03-10,123410,,50.72,-2.2,1.5,0.6
2026-03-11,123410,,50.53,-5.5,-2.6,8.1
2026-03-12,123410,,50.28,-0.6,0.0,-0.2
2026-03-13,123410,,50.25,-0.6,0.9,-1.0
2026-03-16,123410,,50.22,0.2,0.4,-1.1
2026-03-17,123410,,50.22,1.9,-4.9,2.5
2026-03-18,123410,,50.31,1.4,-2.8,1.9
2026-03-19,123410,,50.38,-1.9,2.2,-1.0
2026-03-20,123410,,50.28,-2.0,-0.6,0.9
2026-03-23,123410,,50.19,-2.5,2.9,-0.8
2026-03-24,123410,,50.06,0.7,1.2,-1.9
2026-03-25,123410,,50.09,-1.6,-0.0,1.7
2026-03-26,123410,,50.0,-1.6,1.3,-0.1
2026-03-27,123410,,49.94,-0.3,0.1,0.4
2026-03-30,123410,,49.91,-1.9,1.2,0.5
2026-03-31,123410,6740.0,49.81,-2.0,-0.1,1.3
2026-04-01,123410,,49.72,-0.5,0.1,0.3
2026-04-02,123410,,49.72,-6.1,2.6,2.7
2026-04-03,123410,,49.38,-0.4,0.0,0.1
2026-04-06,123410,,49.38,-0.8,0.0,0.4
2026-04-07,123410,,49.34,-0.6,-0.2,0.4
2026-04-08,123410,,49.31,1.6,0.3,-2.1
2026-04-09,123410,,49.38,-4.0,-0.0,3.2
2026-04-10,123410,,49.16,0.6,1.5,-2.2
2026-04-13,123410,,49.19,-1.2,-0.0,1.2
2026-04-14,123410,,49.12,-0.1,-0.0,0.1
2026-04-15,123410,,49.12,-1.5,-0.6,1.9
2026-04-16,123410,,49.06,-1.4,-0.5,0.8
2026-04-17,123410,,49.0,-1.6,-0.7,2.2
2026-04-20,123410,,48.91,-0.1,-0.1,0.2
2026-04-21,123410,,48.91,0.4,-0.1,-0.6
2026-04-22,123410,,48.94,1.4,-6.0,4.1
2026-04-23,123410,,49.0,-0.7,0.6,-0.3
2026-04-24,123410,,48.97,-1.1,-0.2,0.7
2026-04-27,123410,,48.91,-0.9,-1.9,2.9
2026-04-28,123410,,48.88,-3.2,-0.0,2.8
2026-04-29,123410,,48.69,-0.7,-0.0,0.2
2026-04-30,123410,6980.0,48.66,-4.7,-0.0,4.5
2026-05-04,123410,,48.41,1.0,-0.0,-2.0
2026-05-06,123410,,48.47,-2.3,-0.0,1.6
2026-05-07,123410,,48.34,-1.1,-0.1,0.5
2026-05-08,123410,,48.28,0.1,-0.4,0.1
2026-05-11,123410,,48.28,-0.5,-0.3,0.2
2026-05-12,123410,,48.28,-0.9,-0.3,0.7
2026-05-13,123410,,48.22,3.2,-0.7,-3.2
2026-05-14,123410,,48.38,-1.0,1.0,-0.5
2026-05-15,123410,,48.34,-2.6,-0.0,2.3
2026-05-18,123410,,48.03,0.5,1.3,-2.3
2026-05-19,123410,,48.06,0.2,-1.1,0.3
2026-05-20,123410,,48.09,-0.3,-2.4,2.0
2026-05-21,123410,,48.06,8.2,-6.2,-3.1
2026-05-22,123410,,48.53,3.9,5.3,-9.1
2026-05-26,123410,,48.72,2.2,3.3,-5.8
2026-05-27,123410,,48.81,-2.3,2.9,-1.2
2026-05-28,123410,,48.69,0.1,3.4,-3.7
2026-05-29,123410,6860.0,48.72,-2.0,4.0,-2.0
2026-06-01,123410,,48.59,-2.6,5.1,-3.0
2026-06-02,123410,,48.47,1.2,-3.8,1.8
2026-06-04,123410,,48.53,-1.9,3.4,-2.1
2026-06-05,123410,,48.41,1.9,-3.6,0.1
2026-06-08,123410,,48.53,-3.3,-1.3,2.9
2026-06-09,123410,,48.31,2.5,-1.7,-1.4
2026-06-10,123410,,48.47,-2.8,1.3,0.9
2026-06-11,123410,,48.28,-2.7,1.6,0.6
2026-06-12,123410,,48.12,0.4,-0.9,-0.1
2026-06-15,123410,,48.16,1.8,-0.9,-1.2
2026-06-16,123410,,48.25,-1.0,-2.1,2.5
2026-06-17,123410,,48.19,1.0,0.6,-1.8
2026-06-18,123410,,48.25,-4.0,0.6,2.9
2026-06-19,123410,,48.0,1.8,-7.3,4.9
2026-06-22,123410,,48.12,-0.5,-0.2,-0.2
2026-06-23,123410,,48.09,-1.7,0.7,-0.2
2026-06-24,123410,,47.97,0.6,0.3,-0.9
2026-06-25,123410,,48.0,-0.1,-0.5,0.5
2026-06-26,123410,,48.0,-0.4,2.5,-2.6
2026-06-29,123410,,47.97,3.2,1.6,-4.8
2026-06-30,123410,5310.0,48.19,-1.2,1.0,-0.0
2026-07-01,123410,,48.12,-1.1,1.5,-0.4
2026-07-02,123410,,48.03,-0.8,1.2,-0.4
2026-07-03,123410,,47.97,-1.0,1.3,-0.3
2026-07-06,123410,,47.91,-3.1,1.1,1.7
2026-07-07,123410,,47.69,-1.4,1.7,-0.8
2026-07-08,123410,,47.62,-0.9,1.8,-0.9
2026-07-09,123410,,47.56,-2.2,2.1,-0.2
2026-07-10,123410,,47.41,0.3,1.3,-1.6
2026-07-13,123410,5280.0,47.41,-2.0,1.0,0.9
2025-07-14,123420,,1.46,3.2,0.1,-3.6
2025-07-15,123420,,4.0,-3.1,0.2,3.0
2025-07-16,123420,,3.35,11.3,0.0,-13.5
2025-07-17,123420,,4.27,-7.6,0.0,7.6
2025-07-18,123420,,3.65,-1.0,-0.0,1.5
2025-07-21,123420,,2.2,0.3,0.0,-0.3
2025-07-22,123420,,2.22,0.6,0.0,-0.6
2025-07-23,123420,,2.27,-4.7,0.0,4.9
2025-07-24,123420,,1.96,-1.5,0.1,1.5
2025-07-25,123420,,1.82,24.0,0.0,-23.9
2025-07-28,123420,,3.71,-9.0,-0.0,9.0
2025-07-29,123420,,3.0,-8.0,-0.0,8.4
2025-07-30,123420,,2.34,-3.9,0.0,3.8
2025-07-31,123420,,2.01,1.2,0.1,-0.0
2025-08-01,123420,,2.12,-3.2,-0.1,3.3
2025-08-04,123420,,1.85,15.8,0.1,-15.6
2025-08-05,123420,,3.17,-0.2,0.1,0.2
2025-08-06,123420,,3.15,0.1,-0.0,-0.0
2025-08-07,123420,,3.16,5.6,-4.3,-1.2
2025-08-08,123420,,3.62,-1.0,-0.2,1.2
2025-08-11,123420,,3.54,0.7,-0.0,-0.7
2025-08-12,123420,,3.6,-0.0,0.0,0.0
2025-08-13,123420,,3.6,3.7,-0.0,-3.8
2025-08-14,123420,,3.91,1.0,0.0,-1.0
2025-08-18,123420,,3.99,5.6,-0.0,-5.6
2025-08-19,123420,,4.46,-0.0,0.0,0.1
2025-08-20,123420,,4.46,1.0,-0.0,-0.9
2025-08-21,123420,,4.54,0.5,0.0,-0.5
2025-08-22,123420,,4.59,0.7,-0.0,-0.7
2025-08-25,123420,,4.65,1.8,0.0,-1.8
2025-08-26,123420,,4.8,-0.4,0.0,0.4
2025-08-27,123420,,4.77,-1.4,0.0,1.4
2025-08-28,123420,,4.65,-0.5,0.0,0.5
2025-08-29,123420,9910.0,4.61,2.4,0.0,-2.5
2025-09-01,123420,,4.82,1.5,0.0,-1.4
2025-09-02,123420,,4.95,0.5,0.0,-0.5
2025-09-03,123420,,5.0,3.0,-0.0,-3.0
2025-09-04,123420,,5.27,1.0,0.0,-1.0
2025-09-05,123420,,4.62,-0.6,0.0,0.6
2025-09-08,123420,,4.57,-0.1,0.0,0.1
2025-09-09,123420,,4.56,0.2,0.0,-0.2
2025-09-10,123420,,4.46,0.8,0.0,-0.9
2025-09-11,123420,,4.53,0.9,0.0,-0.8
2025-09-12,123420,,4.61,0.7,0.0,-0.7
2025-09-15,123420,,4.67,-0.6,0.0,0.6
2025-09-16,123420,,4.62,-1.0,2.1,-1.0
2025-09-17,123420,,4.53,-1.2,-0.0,1.2
2025-09-18,123420,,4.43,4.1,-1.3,-2.8
2025-09-19,123420,,4.77,-4.0,-0.0,4.0
2025-09-22,123420,,4.5,0.3,-0.0,-0.3
2025-09-23,123420,,4.53,-1.6,0.0,1.6
2025-09-24,123420,,4.39,-0.2,0.0,0.2
2025-09-25,123420,,4.07,0.4,0.0,-0.0
2025-09-26,123420,,4.13,1.5,0.0,-1.5
2025-09-29,123420,,4.28,0.5,0.0,-0.5
2025-09-30,123420,9230.0,4.32,0.3,0.0,-0.3
2025-10-01,123420,,4.35,-0.4,-0.0,0.4
2025-10-02,123420,,4.31,0.7,-0.0,-0.7
2025-10-10,123420,,4.38,0.5,0.0,-0.5
2025-10-13,123420,,4.43,0.1,0.0,-0.1
2025-10-14,123420,,4.44,1.0,-0.0,-0.9
2025-10-15,123420,,4.53,1.1,-0.0,-1.1
2025-10-16,123420,,4.64,-0.9,0.0,0.9
2025-10-17,123420,,4.55,-0.6,0.0,0.6
2025-10-20,123420,,4.5,1.2,0.0,-1.0
2025-10-21,123420,,4.62,0.8,0.0,-0.2
2025-10-22,123420,,4.69,-2.0,0.0,1.6
2025-10-23,123420,,4.52,0.0,-0.0,0.1
2025-10-24,123420,,4.52,-0.2,0.0,0.4
2025-10-27,123420,,4.51,-0.0,0.0,0.0
2025-10-28,123420,,4.5,0.5,0.1,-0.7
2025-10-29,123420,,4.55,-1.6,0.1,1.3
2025-10-30,123420,,4.39,-0.3,0.0,0.3
2025-10-31,123420,8590.0,4.37,0.7,0.0,-0.7
2025-11-03,123420,,4.43,0.6,0.1,-0.7
2025-11-04,123420,,4.49,0.6,0.0,-0.6
2025-11-05,123420,,4.55,-0.2,0.0,0.2
2025-11-06,123420,,4.52,0.2,0.0,-0.3
2025-11-07,123420,,4.54,0.4,-0.0,-0.4
2025-11-10,123420,,4.59,-0.5,-0.0,0.3
2025-11-11,123420,,4.44,1.7,0.0,-1.6
2025-11-12,123420,,4.61,2.6,-0.0,-2.8
2025-11-13,123420,,5.28,-0.4,-0.0,0.7
2025-11-14,123420,,5.24,-0.5,-0.0,0.5
2025-11-17,123420,,5.19,-0.2,0.0,0.2
2025-11-18,123420,,5.17,-0.0,0.0,-0.0
2025-11-19,123420,,5.17,0.4,0.0,-0.4
2025-11-20,123420,,5.22,0.1,0.0,-0.4
2025-11-21,123420,,5.23,0.6,0.0,-0.4
2025-11-24,123420,,5.3,0.7,0.0,-0.7
2025-11-25,123420,,5.38,0.1,-0.0,-0.1
2025-11-26,123420,,5.39,0.1,-0.0,-0.1
2025-11-27,123420,,5.41,-0.3,-0.0,0.3
2025-11-28,123420,8370.0,5.37,0.4,-0.0,-0.4
2025-12-01,123420,,5.42,-0.6,-0.0,0.2
2025-12-02,123420,,5.37,0.3,-0.0,-0.2
2025-12-03,123420,,5.41,-0.1,0.0,0.0
2025-12-04,123420,,5.4,0.2,0.0,-0.2
2025-12-05,123420,,5.43,0.6,-0.0,-0.6
2025-12-08,123420,,5.49,0.3,0.0,-0.3
2025-12-09,123420,,5.52,0.1,0.0,-0.1
2025-12-10,123420,,5.54,0.2,0.0,-0.2
2025-12-11,123420,,5.56,0.1,0.0,-0.1
2025-12-12,123420,,5.57,0.8,0.0,-0.8
2025-12-15,123420,,5.66,0.1,-0.0,-0.1
2025-12-16,123420,,5.68,1.1,-1.7,0.5
2025-12-17,123420,,5.95,0.5,-0.0,-0.5
2025-12-18,123420,,6.02,0.2,0.0,-0.2
2025-12-19,123420,,6.05,0.5,0.0,-0.5
2025-12-22,123420,,6.11,0.4,0.0,-0.4
2025-12-23,123420,,6.16,0.1,0.0,-0.1
2025-12-24,123420,,6.17,-0.2,0.0,0.2
2025-12-26,123420,,6.16,0.1,0.0,0.3
2025-12-29,123420,,6.18,0.4,-0.0,-0.4
2025-12-30,123420,7580.0,6.23,-0.1,-0.0,0.1
2026-01-02,123420,,6.22,0.6,0.0,-0.4
2026-01-05,123420,,6.3,-0.0,0.0,0.0
2026-01-06,123420,,6.3,0.1,0.0,-0.1
2026-01-07,123420,,6.31,-1.1,0.0,1.2
2026-01-08,123420,,6.17,-0.6,-0.5,1.1
2026-01-09,123420,,6.1,-0.2,,0.1
2026-01-12,123420,,6.08,0.5,-0.0,-0.4
2026-01-13,123420,,6.17,0.2,-0.0,-0.2
2026-01-14,123420,,6.19,-0.0,-0.0,0.0
2026-01-15,123420,,6.19,-0.7,0.0,0.7
2026-01-16,123420,,6.11,-0.4,0.0,0.4
2026-01-19,123420,,6.06,0.3,0.0,-0.3
2026-01-20,123420,,6.09,0.9,-0.0,-0.9
2026-01-21,123420,,6.2,-0.7,0.0,0.7
2026-01-22,123420,,6.11,0.9,-0.2,-0.7
2026-01-23,123420,,6.22,0.3,0.0,-0.3
2026-01-26,123420,,6.27,0.5,0.0,-0.5
2026-01-27,123420,,6.31,-2.0,0.0,1.8
2026-01-28,123420,,6.08,-3.4,-0.0,3.4
2026-01-29,123420,,5.72,1.8,0.0,-1.8
2026-01-30,123420,8360.0,5.92,0.7,0.0,-0.6
2026-02-02,123420,,6.0,-0.3,,0.3
2026-02-03,123420,,5.96,-2.5,-0.0,2.5
2026-02-04,123420,,5.66,0.2,0.0,-0.2
2026-02-05,123420,,5.68,-0.3,,0.3
2026-02-06,123420,,5.64,-1.5,-0.0,1.5
2026-02-09,123420,,5.46,0.4,-0.0,-0.4
2026-02-10,123420,,5.5,0.3,0.0,-0.3
2026-02-11,123420,,5.54,0.0,-0.0,-0.0
2026-02-12,123420,,5.54,-0.2,,0.2
2026-02-13,123420,,5.52,0.1,0.0,-0.1
2026-02-19,123420,,5.53,0.6,0.0,-0.6
2026-02-20,123420,,5.6,0.7,0.0,-0.6
2026-02-23,123420,,5.67,0.6,0.0,-0.7
2026-02-24,123420,,5.62,-0.8,-0.0,0.7
2026-02-25,123420,,5.53,0.2,0.0,-0.2
2026-02-26,123420,,5.55,-0.8,-0.0,0.7
2026-02-27,123420,7550.0,5.45,-1.0,,1.1
2026-03-03,123420,,5.32,0.6,0.0,-0.5
2026-03-04,123420,,5.4,0.5,0.0,-0.6
2026-03-05,123420,,5.47,0.0,-0.0,-0.0
2026-03-06,123420,,5.47,-1.0,0.0,1.0
2026-03-09,123420,,5.34,-1.7,0.0,1.8
2026-03-10,123420,,5.09,-1.1,0.0,1.1
2026-03-11,123420,,4.93,-1.2,0.0,1.1
2026-03-12,123420,,4.77,-0.2,0.0,0.2
2026-03-13,123420,,4.74,0.1,,-0.1
2026-03-16,123420,,4.75,-0.6,,0.6
2026-03-17,123420,,4.67,0.0,0.0,-0.0
2026-03-18,123420,,4.67,-0.6,0.0,0.6
2026-03-19,123420,,4.58,-0.3,0.0,0.3
2026-03-20,123420,,4.53,2.9,0.0,-3.0
2026-03-23,123420,,4.93,0.2,0.0,-0.2
2026-03-24,123420,,4.96,0.4,0.0,-0.4
2026-03-25,123420,,5.02,0.3,-0.0,-0.3
2026-03-26,123420,,5.06,-0.8,0.0,0.8
2026-03-27,123420,,4.94,0.2,,-0.2
2026-03-30,123420,,4.97,0.1,0.0,-0.1
2026-03-31,123420,6810.0,4.98,-0.1,0.0,0.1
2026-04-01,123420,,4.97,0.5,0.0,-0.5
2026-04-02,123420,,5.05,-0.6,,0.6
2026-04-03,123420,,4.96,0.1,,-0.1
2026-04-06,123420,,4.97,0.1,-0.0,-0.1
2026-04-07,123420,,4.99,0.3,-0.0,-0.3
2026-04-08,123420,,5.03,0.8,0.0,-0.8
2026-04-09,123420,,5.13,0.2,0.0,-0.2
2026-04-10,123420,,5.17,0.7,0.0,-0.7
2026-04-13,123420,,5.26,0.0,0.0,-0.0
2026-04-14,123420,,5.27,0.6,0.0,-0.6
2026-04-15,123420,,5.34,0.3,0.0,-0.3
2026-04-16,123420,,5.38,1.0,-0.0,-1.1
2026-04-17,123420,,5.51,-0.4,-0.0,0.4
2026-04-20,123420,,5.46,-11.9,0.0,12.0
2026-04-21,123420,,4.21,-1.2,0.0,1.2
2026-04-22,123420,,3.92,0.4,0.0,-0.3
2026-04-23,123420,,3.96,0.4,0.0,-0.4
2026-04-24,123420,,4.01,0.2,0.0,-0.2
2026-04-27,123420,,4.04,0.3,0.0,-0.4
2026-04-28,123420,,4.08,1.1,0.0,-1.0
2026-04-29,123420,,4.21,0.4,-0.0,-0.4
2026-04-30,123420,8000.0,4.27,-1.1,-0.0,1.1
2026-05-04,123420,,4.14,-0.7,0.0,0.7
2026-05-06,123420,,4.06,0.1,-0.0,-0.1
2026-05-07,123420,,4.07,-0.2,0.0,0.2
2026-05-08,123420,,4.04,0.1,,-0.1
2026-05-11,123420,,4.06,0.1,0.0,-0.1
2026-05-12,123420,,4.08,-0.5,0.0,0.5
2026-05-13,123420,,4.02,-2.7,0.0,2.7
2026-05-14,123420,,3.67,-0.4,-0.0,0.4
2026-05-15,123420,,3.62,-0.6,-0.0,0.6
2026-05-18,123420,,3.55,-0.3,-0.0,0.3
2026-05-19,123420,,3.51,0.3,-0.0,-0.3
2026-05-20,123420,,3.55,-0.3,0.0,0.4
2026-05-21,123420,,3.51,-0.9,0.0,0.9
2026-05-22,123420,,3.39,0.5,-0.0,-0.6
2026-05-26,123420,,3.46,-0.7,0.0,0.8
2026-05-27,123420,,3.37,0.7,-0.0,-0.7
2026-05-28,123420,,3.46,-0.0,-0.0,-0.0
2026-05-29,123420,6680.0,3.46,-0.2,0.0,0.1
2026-06-01,123420,,3.44,0.3,-0.0,-0.3
2026-06-02,123420,,3.48,0.2,-0.0,-0.2
2026-06-04,123420,,3.51,-0.2,-0.0,0.2
2026-06-05,123420,,3.48,0.1,-0.0,-0.1
2026-06-08,123420,,3.54,0.5,0.0,-0.5
2026-06-09,123420,,3.63,0.7,-0.0,-0.7
2026-06-10,123420,,3.74,-0.0,-0.0,-0.1
2026-06-11,123420,,3.74,0.4,-0.0,-0.4
2026-06-12,123420,,3.81,0.5,0.0,-0.5
2026-06-15,123420,,3.89,-0.4,-0.0,0.4
2026-06-16,123420,,3.75,-0.6,-0.0,0.7
2026-06-17,123420,,3.73,0.0,0.0,-0.0
2026-06-18,123420,,3.73,-0.0,0.0,0.1
2026-06-19,123420,,3.72,-0.1,0.0,0.0
2026-06-22,123420,,3.71,0.2,-0.0,-0.2
2026-06-23,123420,,3.74,-0.3,-0.0,0.3
2026-06-24,123420,,3.79,-0.1,-0.0,0.1
2026-06-25,123420,,3.68,0.1,-0.0,-0.1
2026-06-26,123420,,3.7,-0.0,0.0,0.0
2026-06-29,123420,,3.69,0.5,-0.0,-0.5
2026-06-30,123420,6040.0,3.78,-0.1,-0.0,0.1
2026-07-01,123420,,3.76,-0.0,0.0,-0.1
2026-07-02,123420,,3.76,-6.9,-0.0,6.9
2026-07-03,123420,,2.98,1.8,-0.0,-1.9
2026-07-06,123420,,3.25,-2.0,-0.0,2.1
2026-07-07,123420,,3.41,-0.0,0.0,0.0
2026-07-08,123420,,3.21,-0.2,0.0,0.2
2026-07-09,123420,,3.17,-0.7,-0.0,0.7
2026-07-10,123420,,3.1,1.6,0.0,-1.6
2026-07-13,123420,6210.0,3.38,0.1,-0.0,-0.0
2025-07-14,123570,,27.22,0.0,,-0.0
2025-07-15,123570,,27.22,-0.0,,0.0
2025-07-16,123570,,27.2,-0.1,,0.1
2025-07-17,123570,,27.2,0.1,,-0.1
2025-07-18,123570,,27.23,-0.1,,0.1
2025-07-21,123570,,27.2,0.0,,-0.0
2025-07-22,123570,,27.2,-0.1,,0.1
2025-07-23,123570,,27.19,-0.1,,0.1
2025-07-24,123570,,27.17,-0.1,,0.0
2025-07-25,123570,,27.16,-0.1,,0.1
2025-07-28,123570,,27.14,-0.0,,0.0
2025-07-29,123570,,27.12,-0.0,,0.1
2025-07-30,123570,,27.12,-0.0,,0.0
2025-07-31,123570,,27.12,-0.0,,0.0
2025-08-01,123570,,27.12,-0.1,,0.1
2025-08-04,123570,,27.09,-0.0,,0.0
2025-08-05,123570,,27.09,0.1,,-0.0
2025-08-06,123570,,27.11,0.0,,-0.0
2025-08-07,123570,,27.12,-0.0,,0.0
2025-08-08,123570,,27.11,-0.0,,0.0
2025-08-11,123570,,27.11,-0.0,,0.0
2025-08-12,123570,,27.09,-0.0,,-0.0
2025-08-13,123570,,27.09,-0.0,,0.1
2025-08-14,123570,,27.09,0.1,,-0.1
2025-08-18,123570,,27.09,-0.0,,0.0
2025-08-19,123570,,27.09,-0.0,,0.0
2025-08-20,123570,,27.09,-0.0,,0.0
2025-08-21,123570,,27.08,-0.0,,0.0
2025-08-22,123570,,27.08,-0.0,,0.0
2025-08-25,123570,,27.08,0.0,,-0.0
2025-08-26,123570,,27.08,-0.1,,0.0
2025-08-27,123570,,27.06,-0.0,,0.0
2025-08-28,123570,,27.06,-0.1,,0.1
2025-08-29,123570,2270.0,27.06,0.0,,-0.0
2025-09-01,123570,,27.06,-0.0,,0.0
2025-09-02,123570,,27.06,-0.0,,0.0
2025-09-03,123570,,27.05,-0.1,,0.1
2025-09-04,123570,,27.05,0.0,,-0.0
2025-09-05,123570,,27.05,-0.0,,0.0
2025-09-08,123570,,27.05,-0.0,,0.0
2025-09-09,123570,,27.05,-0.0,,0.0
2025-09-10,123570,,27.03,-0.0,,0.0
2025-09-11,123570,,27.03,-0.0,,0.0
2025-09-12,123570,,27.03,-0.0,,0.0
2025-09-15,123570,,27.03,-0.1,,0.1
2025-09-16,123570,,27.02,-0.1,,0.1
2025-09-17,123570,,27.02,0.3,,-0.3
2025-09-18,123570,,27.06,-0.0,,0.0
2025-09-19,123570,,27.06,0.2,,-0.2
2025-09-22,123570,,27.09,-0.0,,0.0
2025-09-23,123570,,27.09,-0.1,,0.1
2025-09-24,123570,,27.08,-0.1,,0.1
2025-09-25,123570,,27.06,-0.0,,0.0
2025-09-26,123570,,27.05,-0.1,,0.1
2025-09-29,123570,,27.05,-0.1,,0.1
2025-09-30,123570,2220.0,27.03,-0.1,,0.1
2025-10-01,123570,,27.02,-0.0,,0.0
2025-10-02,123570,,27.0,-0.1,,0.1
2025-10-10,123570,,26.98,-0.0,,0.0
2025-10-13,123570,,26.98,0.0,,-0.0
2025-10-14,123570,,26.98,-0.1,,0.0
2025-10-15,123570,,26.98,-0.1,,0.1
2025-10-16,123570,,26.97,-0.1,,0.1
2025-10-17,123570,,26.95,-0.2,,0.2
2025-10-20,123570,,26.91,-0.0,,0.1
2025-10-21,123570,,26.91,0.0,,-0.1
2025-10-22,123570,,26.91,0.0,,-0.0
2025-10-23,123570,,26.91,0.1,,-0.1
2025-10-24,123570,,26.94,-0.0,,0.0
2025-10-27,123570,,26.94,-0.1,,0.1
2025-10-28,123570,,26.91,-0.1,,0.1
2025-10-29,123570,,26.91,-0.0,,0.0
2025-10-30,123570,,26.89,-0.2,,0.2
2025-10-31,123570,1997.0,26.84,-0.0,,0.0
2025-11-03,123570,,26.83,-0.0,,0.0
2025-11-04,123570,,26.81,0.2,,-0.2
2025-11-05,123570,,26.88,0.0,,-0.1
2025-11-06,123570,,26.88,0.0,,-0.0
2025-11-07,123570,,26.88,-0.0,,0.0
2025-11-10,123570,,26.88,0.1,-0.1,-0.0
2025-11-11,123570,,26.91,-0.0,,0.0
2025-11-12,123570,,26.91,0.0,,-0.0
2025-11-13,123570,,26.91,0.0,,-0.0
2025-11-14,123570,,26.91,-0.0,,-0.0
2025-11-17,123570,,26.91,-0.0,,0.0
2025-11-18,123570,,26.89,-0.0,,0.0
2025-11-19,123570,,26.94,-0.0,,-0.0
2025-11-20,123570,,26.98,0.0,,0.0
2025-11-21,123570,,26.98,0.0,,-0.0
2025-11-24,123570,,26.98,0.0,,-0.0
2025-11-25,123570,,26.98,0.0,,-0.0
2025-11-26,123570,,26.98,-0.0,,0.0
2025-11-27,123570,,26.98,-0.0,,-0.0
2025-11-28,123570,1944.0,26.98,-0.0,,-0.0
2025-12-01,123570,,26.98,0.0,,0.0
2025-12-02,123570,,26.98,-0.3,,0.3
2025-12-03,123570,,26.91,-0.0,,0.0
2025-12-04,123570,,26.91,-0.0,,0.0
2025-12-05,123570,,26.91,0.0,,-0.0
2025-12-08,123570,,26.91,0.0,,0.0
2025-12-09,123570,,26.91,0.0,,-0.0
2025-12-10,123570,,26.91,-0.1,,0.1
2025-12-11,123570,,26.89,0.0,,-0.0
2025-12-12,123570,,26.89,-0.0,,0.0
2025-12-15,123570,,26.89,-0.0,,0.1
2025-12-16,123570,,26.88,-0.0,,0.0
2025-12-17,123570,,27.09,0.0,,-0.0
2025-12-18,123570,,27.09,0.0,,0.0
2025-12-19,123570,,27.09,0.0,,0.1
2025-12-22,123570,,27.11,-0.0,,0.1
2025-12-23,123570,,27.11,-0.0,,0.0
2025-12-24,123570,,27.09,-0.0,,0.1
2025-12-26,123570,,27.09,-0.0,,-0.0
2025-12-29,123570,,26.91,0.1,,-0.0
2025-12-30,123570,1942.0,26.91,0.0,,-0.0
2026-01-02,123570,,26.92,0.0,,-0.0
2026-01-05,123570,,26.92,-0.0,,0.0
2026-01-06,123570,,26.92,-0.0,,0.0
2026-01-07,123570,,26.91,-0.0,,0.0
2026-01-08,123570,,26.91,-0.0,,-0.0
2026-01-09,123570,,26.91,0.0,,-0.0
2026-01-12,123570,,26.91,0.0,,0.0
2026-01-13,123570,,26.92,0.0,,-0.0
2026-01-14,123570,,26.92,-0.0,,-0.0
2026-01-15,123570,,26.92,0.0,,-0.0
2026-01-16,123570,,26.92,0.0,,0.0
2026-01-19,123570,,26.92,0.0,,-0.0
2026-01-20,123570,,26.92,0.0,,-0.1
2026-01-21,123570,,26.94,-0.0,,0.0
2026-01-22,123570,,26.94,-0.0,,-0.0
2026-01-23,123570,,26.94,0.0,,-0.0
2026-01-26,123570,,26.94,0.0,,-0.0
2026-01-27,123570,,26.94,0.0,,-0.0
2026-01-28,123570,,26.94,0.0,,-0.0
2026-01-29,123570,,26.94,0.0,,-0.1
2026-01-30,123570,1910.0,26.94,0.0,,-0.0
2026-02-02,123570,,26.95,-0.0,,-0.0
2026-02-03,123570,,26.95,-0.0,0.0,-0.0
2026-02-04,123570,,26.94,-0.0,0.1,-0.1
2026-02-05,123570,,26.94,-0.0,0.1,-0.1
2026-02-06,123570,,26.94,-0.2,0.0,0.2
2026-02-09,123570,,26.89,-0.0,0.1,-0.1
2026-02-10,123570,,26.89,0.0,0.4,-0.4
2026-02-11,123570,,26.89,0.0,0.2,-0.1
2026-02-12,123570,,26.89,0.0,0.0,-0.0
2026-02-13,123570,,26.89,-0.0,0.1,0.1
2026-02-19,123570,,26.89,0.0,0.1,0.0
2026-02-20,123570,,26.89,0.0,0.0,-0.1
2026-02-23,123570,,26.91,-0.0,0.3,-0.3
2026-02-24,123570,,26.89,0.0,0.2,-0.2
2026-02-25,123570,,26.89,0.0,0.1,-0.0
2026-02-26,123570,,26.89,-0.0,0.3,-0.3
2026-02-27,123570,2020.0,26.89,0.0,0.1,-0.1
2026-03-03,123570,,26.89,-0.0,0.2,-0.2
2026-03-04,123570,,26.89,-0.0,0.4,-0.5
2026-03-05,123570,,26.89,-0.0,0.1,-0.1
2026-03-06,123570,,26.89,0.0,0.1,-0.1
2026-03-09,123570,,26.89,-0.0,0.2,-0.2
2026-03-10,123570,,26.89,-0.0,0.1,-0.1
2026-03-11,123570,,26.89,0.0,,-0.0
2026-03-12,123570,,26.91,0.0,0.0,0.0
2026-03-13,123570,,26.89,0.2,-0.1,-0.1
2026-03-16,123570,,26.94,-0.0,0.1,-0.1
2026-03-17,123570,,26.94,-0.0,,0.0
2026-03-18,123570,,26.94,0.0,,-0.0
2026-03-19,123570,,26.94,0.0,,-0.0
2026-03-20,123570,,26.94,-0.0,,0.0
2026-03-23,123570,,26.94,-0.0,0.1,-0.1
2026-03-24,123570,,26.94,0.0,0.1,-0.1
2026-03-25,123570,,26.95,0.0,0.1,-0.1
2026-03-26,123570,,26.95,-0.0,0.0,0.0
2026-03-27,123570,,26.94,-0.0,0.0,0.0
2026-03-30,123570,,26.94,0.1,,-0.1
2026-03-31,123570,1940.0,26.95,-0.0,,0.0
2026-04-01,123570,,26.95,0.0,,-0.0
2026-04-02,123570,,26.95,-0.0,0.0,-0.0
2026-04-03,123570,,26.95,0.1,0.0,-0.1
2026-04-06,123570,,26.97,-0.1,,0.1
2026-04-07,123570,,26.95,0.0,,0.0
2026-04-08,123570,,26.95,-0.0,,0.0
2026-04-09,123570,,26.95,-0.0,0.1,-0.1
2026-04-10,123570,,26.95,0.0,,-0.0
2026-04-13,123570,,26.95,0.0,,-0.0
2026-04-14,123570,,26.95,0.0,,-0.0
2026-04-15,123570,,26.97,0.1,,-0.1
2026-04-16,123570,,26.98,0.2,0.3,-0.5
2026-04-17,123570,,27.03,0.1,,-0.1
2026-04-20,123570,,27.05,-0.0,,0.0
2026-04-21,123570,,27.05,-0.0,,0.0
2026-04-22,123570,,27.05,0.0,,-0.0
2026-04-23,123570,,27.05,-0.0,0.4,-0.4
2026-04-24,123570,,27.05,0.0,0.0,-0.0
2026-04-27,123570,,27.05,0.0,0.1,-0.1
2026-04-28,123570,,27.05,-0.0,,0.0
2026-04-29,123570,,27.05,0.0,0.0,-0.0
2026-04-30,123570,2020.0,27.05,0.0,0.0,-0.0
2026-05-04,123570,,27.05,0.0,,-0.0
2026-05-06,123570,,27.05,0.0,,-0.0
2026-05-07,123570,,27.06,0.0,,-0.0
2026-05-08,123570,,27.06,0.0,,-0.0
2026-05-11,123570,,27.06,-0.0,0.0,0.0
2026-05-12,123570,,27.06,0.0,0.0,-0.0
2026-05-13,123570,,27.06,0.0,-0.0,-0.0
2026-05-14,123570,,27.06,-0.0,,0.0
2026-05-15,123570,,27.06,0.0,1.1,-1.2
2026-05-18,123570,,27.06,-0.0,0.0,-0.0
2026-05-19,123570,,27.05,-0.1,0.3,-0.3
2026-05-20,123570,,27.05,0.0,0.0,-0.0
2026-05-21,123570,,27.08,0.0,-0.0,0.0
2026-05-22,123570,,27.09,0.0,0.0,-0.0
2026-05-26,123570,,27.09,-0.0,-0.0,0.0
2026-05-27,123570,,27.09,-0.1,0.6,-0.4
2026-05-28,123570,,27.05,-0.0,0.0,0.0
2026-05-29,123570,1753.0,27.05,0.1,0.5,-0.6
2026-06-01,123570,,27.06,-0.1,0.0,0.1
2026-06-02,123570,,27.02,0.0,0.2,-0.2
2026-06-04,123570,,27.03,-0.0,-0.0,0.0
2026-06-05,123570,,27.03,-0.1,0.0,0.1
2026-06-08,123570,,27.02,-0.1,0.1,-0.1
2026-06-09,123570,,27.0,0.0,0.0,-0.1
2026-06-10,123570,,27.02,-0.0,0.1,-0.0
2026-06-11,123570,,27.0,-0.0,0.1,-0.1
2026-06-12,123570,,26.98,0.0,0.0,-0.1
2026-06-15,123570,,27.0,-0.1,0.5,-0.4
2026-06-16,123570,,26.98,0.0,0.1,-0.1
2026-06-17,123570,,26.98,-0.0,0.0,-0.0
2026-06-18,123570,,26.98,0.0,0.0,-0.0
2026-06-19,123570,,26.98,-0.0,0.0,0.0
2026-06-22,123570,,26.98,-0.1,0.2,-0.0
2026-06-23,123570,,27.33,0.1,0.1,-0.2
2026-06-24,123570,,27.34,0.0,0.1,-0.1
2026-06-25,123570,,27.34,-0.0,0.1,-0.0
2026-06-26,123570,,27.34,-0.1,0.0,0.1
2026-06-29,123570,,27.33,0.0,0.0,-0.0
2026-06-30,123570,1751.0,27.33,-0.0,0.0,0.0
2026-07-01,123570,,27.33,-0.0,0.0,-0.0
2026-07-02,123570,,27.69,-0.2,0.5,-0.3
2026-07-03,123570,,27.64,0.0,0.1,-0.1
2026-07-06,123570,,27.64,0.0,,0.0
2026-07-07,123570,,27.7,0.0,0.0,0.0
2026-07-08,123570,,27.7,0.0,0.0,-0.0
2026-07-09,123570,,27.7,-0.0,-0.0,0.0
2026-07-10,123570,,27.7,0.0,0.0,-0.0
2026-07-13,123570,1694.0,27.7,0.0,0.0,-0.0
2025-07-14,123690,,1.4,-13.6,-1.1,12.4
2025-07-15,123690,,0.72,7.2,0.2,-8.2
2025-07-16,123690,,1.22,-1.9,-1.0,0.2
2025-07-17,123690,,1.27,-4.7,0.0,4.5
2025-07-18,123690,,1.05,0.0,0.9,-0.9
2025-07-21,123690,,1.1,-0.7,-0.0,0.8
2025-07-22,123690,,1.12,-7.4,0.0,6.8
2025-07-23,123690,,0.65,-1.4,-0.0,1.3
2025-07-24,123690,,0.6,0.1,0.0,-0.3
2025-07-25,123690,,0.68,4.6,0.0,-4.6
2025-07-28,123690,,0.95,9.0,-0.0,-9.1
2025-07-29,123690,,1.56,-1.5,-0.0,1.4
2025-07-30,123690,,1.46,-11.1,-0.1,10.9
2025-07-31,123690,,0.73,1.5,0.0,-1.8
2025-08-01,123690,,0.84,-2.4,-0.2,1.9
2025-08-04,123690,,0.72,2.1,0.0,-1.8
2025-08-05,123690,,0.93,-0.4,-0.6,0.9
2025-08-06,123690,,0.86,2.2,-0.0,-3.8
2025-08-07,123690,,0.87,7.0,-0.0,-7.5
2025-08-08,123690,,1.34,-3.2,0.7,2.2
2025-08-11,123690,,1.17,-3.8,-0.1,3.9
2025-08-12,123690,,0.9,-2.3,0.1,2.3
2025-08-13,123690,,0.79,0.5,0.0,-0.5
2025-08-14,123690,,0.83,0.6,0.3,-0.7
2025-08-18,123690,,0.93,1.1,0.1,-1.2
2025-08-19,123690,,0.98,1.3,0.1,-1.5
2025-08-20,123690,,1.06,1.2,0.0,-1.2
2025-08-21,123690,,1.25,-0.6,0.1,0.5
2025-08-22,123690,,1.16,0.8,-0.0,-0.8
2025-08-25,123690,,1.23,1.3,-0.0,-1.3
2025-08-26,123690,,1.35,-1.7,-0.0,1.7
2025-08-27,123690,,1.21,-1.1,0.5,0.9
2025-08-28,123690,,1.11,0.4,-0.0,-0.4
2025-08-29,123690,10000.0,1.14,-1.2,-0.0,1.1
2025-09-01,123690,,1.05,-1.0,0.0,1.0
2025-09-02,123690,,0.97,2.0,-0.5,-1.5
2025-09-03,123690,,1.15,1.7,-0.0,-1.7
2025-09-04,123690,,1.28,1.6,-0.0,-1.6
2025-09-05,123690,,1.42,-1.6,-0.0,1.5
2025-09-08,123690,,1.25,0.2,-0.0,-0.2
2025-09-09,123690,,1.23,1.0,-0.0,-1.2
2025-09-10,123690,,1.34,0.0,-0.0,-0.0
2025-09-11,123690,,1.34,1.6,0.0,-1.8
2025-09-12,123690,,1.49,0.1,0.0,-0.1
2025-09-15,123690,,1.56,-0.3,-0.0,0.3
2025-09-16,123690,,1.52,-1.8,-0.0,1.8
2025-09-17,123690,,1.35,-1.7,-0.0,1.7
2025-09-18,123690,,1.22,-7.0,-0.2,7.2
2025-09-19,123690,,0.82,3.5,-0.0,-3.5
2025-09-22,123690,,1.07,1.9,-0.0,-1.8
2025-09-23,123690,,1.16,-1.5,-0.0,1.5
2025-09-24,123690,,1.05,-5.0,0.5,4.5
2025-09-25,123690,,0.8,0.9,-0.0,-0.9
2025-09-26,123690,,0.84,-0.7,0.0,0.6
2025-09-29,123690,,0.78,-0.6,-0.0,0.6
2025-09-30,123690,10800.0,0.78,-0.9,0.0,0.6
2025-10-01,123690,,0.71,-0.8,0.0,0.8
2025-10-02,123690,,0.65,0.6,-0.4,-0.2
2025-10-10,123690,,0.7,1.4,1.0,-2.4
2025-10-13,123690,,0.82,0.9,-0.2,-0.7
2025-10-14,123690,,0.83,-0.1,-0.4,0.4
2025-10-15,123690,,0.97,0.5,-0.4,-0.1
2025-10-16,123690,,1.05,0.1,-0.1,0.1
2025-10-17,123690,,1.06,-0.0,-0.0,0.1
2025-10-20,123690,,1.05,0.7,0.0,-1.3
2025-10-21,123690,,1.15,-0.5,-0.0,0.5
2025-10-22,123690,,1.13,1.7,0.0,-2.0
2025-10-23,123690,,1.23,-6.1,0.0,6.0
2025-10-24,123690,,0.64,0.5,-0.0,-0.4
2025-10-27,123690,,0.71,7.1,0.0,-7.6
2025-10-28,123690,,1.33,-1.2,0.4,1.3
2025-10-29,123690,,1.11,-2.1,-0.2,2.2
2025-10-30,123690,,0.97,11.6,-0.4,-13.5
2025-10-31,123690,12210.0,1.61,-2.5,0.6,-1.2
2025-11-03,123690,,1.48,-14.5,0.1,14.3
2025-11-04,123690,,0.68,5.2,-0.1,-5.6
2025-11-05,123690,,1.03,-0.1,-0.3,-0.1
2025-11-06,123690,,1.13,2.5,-0.1,-2.9
2025-11-07,123690,,1.27,-5.4,-1.1,6.8
2025-11-10,123690,,0.94,-1.5,-0.0,1.3
2025-11-11,123690,,0.81,-3.1,-0.1,2.9
2025-11-12,123690,,0.61,0.9,-0.0,-0.8
2025-11-13,123690,,0.83,-1.1,-0.0,0.9
2025-11-14,123690,,0.79,-0.6,0.0,0.3
2025-11-17,123690,,0.8,1.9,0.0,-2.1
2025-11-18,123690,,0.93,3.1,0.0,-3.2
2025-11-19,123690,,1.24,2.0,0.0,-2.1
2025-11-20,123690,,1.19,14.3,0.1,-14.9
2025-11-21,123690,,2.32,-16.7,0.0,16.4
2025-11-24,123690,,0.91,5.7,0.0,-5.9
2025-11-25,123690,,1.34,-3.8,-0.1,3.4
2025-11-26,123690,,1.03,4.9,-0.0,-5.3
2025-11-27,123690,,1.46,-1.1,-0.0,0.9
2025-11-28,123690,10130.0,1.24,4.9,0.0,-4.6
2025-12-01,123690,,1.71,1.1,-0.0,-1.1
2025-12-02,123690,,1.49,3.9,-0.0,-3.9
2025-12-03,123690,,1.68,0.5,-0.0,-0.5
2025-12-04,123690,,1.63,-1.3,-0.0,1.2
2025-12-05,123690,,1.5,0.2,-0.0,-0.2
2025-12-08,123690,,1.52,0.3,-0.0,-0.3
2025-12-09,123690,,1.54,-1.1,0.0,1.0
2025-12-10,123690,,1.43,-0.4,-0.0,0.4
2025-12-11,123690,,1.4,2.6,0.0,-2.4
2025-12-12,123690,,1.56,-2.0,-0.0,2.0
2025-12-15,123690,,1.44,1.1,,-1.1
2025-12-16,123690,,1.52,-0.1,0.0,0.1
2025-12-17,123690,,1.58,-0.8,0.0,0.8
2025-12-18,123690,,1.51,1.8,-0.0,-1.8
2025-12-19,123690,,1.64,1.7,-0.0,-1.7
2025-12-22,123690,,1.74,1.5,-0.0,-1.5
2025-12-23,123690,,1.87,-0.6,-0.0,0.7
2025-12-24,123690,,1.99,-0.1,-0.0,0.0
2025-12-26,123690,,1.99,-0.7,0.0,0.7
2025-12-29,123690,,1.88,3.5,0.0,-3.4
2025-12-30,123690,10040.0,2.17,3.2,0.0,-3.3
2026-01-02,123690,,2.39,0.6,-0.0,0.9
2026-01-05,123690,,2.44,-16.6,0.9,17.1
2026-01-06,123690,,1.6,-4.6,-1.0,4.9
2026-01-07,123690,,1.41,3.5,-0.1,-3.1
2026-01-08,123690,,1.67,5.6,0.1,-5.9
2026-01-09,123690,,2.05,-7.4,-0.1,7.5
2026-01-12,123690,,1.66,-2.9,-0.1,2.9
2026-01-13,123690,,1.49,5.2,-0.3,-5.0
2026-01-14,123690,,1.82,3.3,0.0,-2.1
2026-01-15,123690,,2.03,-0.2,-0.0,0.3
2026-01-16,123690,,2.04,-5.4,0.0,5.4
2026-01-19,123690,,1.59,5.2,-0.0,-5.1
2026-01-20,123690,,1.91,1.7,0.2,-1.9
2026-01-21,123690,,2.0,1.6,-0.0,-1.6
2026-01-22,123690,,2.05,13.2,-0.0,-13.1
2026-01-23,123690,,2.89,-0.1,-0.0,-0.1
2026-01-26,123690,,2.88,-3.6,0.0,3.6
2026-01-27,123690,,2.67,-3.0,-0.0,3.0
2026-01-28,123690,,2.49,-0.2,0.0,-0.1
2026-01-29,123690,,2.47,1.8,-0.0,-1.8
2026-01-30,123690,10480.0,2.59,2.4,-0.0,-2.2
2026-02-02,123690,,2.73,-1.6,0.0,1.6
2026-02-03,123690,,2.64,9.7,0.2,-9.7
2026-02-04,123690,,3.11,-0.9,-0.0,0.7
2026-02-05,123690,,3.04,-5.4,0.0,5.4
2026-02-06,123690,,2.61,2.4,-0.0,-2.4
2026-02-09,123690,,2.81,15.7,-0.0,-15.5
2026-02-10,123690,,3.73,0.1,-0.0,0.1
2026-02-11,123690,,3.73,-5.0,0.1,5.0
2026-02-12,123690,,3.44,2.1,0.0,-2.1
2026-02-13,123690,,3.56,-2.1,-0.0,2.1
2026-02-19,123690,,3.44,-0.6,-0.0,0.6
2026-02-20,123690,,3.4,-13.3,-0.0,14.1
2026-02-23,123690,,2.57,-3.5,0.0,3.3
2026-02-24,123690,,2.36,-4.0,0.0,4.0
2026-02-25,123690,,2.13,-7.4,0.0,7.4
2026-02-26,123690,,1.67,-8.2,0.0,8.1
2026-02-27,123690,9580.0,1.18,0.4,0.0,-0.4
2026-03-03,123690,,1.2,1.3,-0.0,-1.3
2026-03-04,123690,,1.29,8.8,-0.0,-8.9
2026-03-05,123690,,1.98,8.5,0.0,-8.3
2026-03-06,123690,,2.49,-1.8,0.0,1.8
2026-03-09,123690,,2.39,0.1,-0.0,-0.1
2026-03-10,123690,,2.41,2.0,-0.0,-2.0
2026-03-11,123690,,2.45,-3.3,-0.0,3.4
2026-03-12,123690,,2.32,-1.1,-0.0,1.1
2026-03-13,123690,,2.23,-0.3,0.0,0.3
2026-03-16,123690,,2.21,-0.7,-0.0,0.5
2026-03-17,123690,,2.16,3.0,-0.0,-2.8
2026-03-18,123690,,2.38,-1.9,-0.0,1.6
2026-03-19,123690,,2.24,-2.1,0.0,2.0
2026-03-20,123690,,2.08,3.0,0.0,-2.6
2026-03-23,123690,,2.3,-2.3,0.0,2.0
2026-03-24,123690,,2.12,1.5,0.0,-1.2
2026-03-25,123690,,2.23,-0.3,-0.0,0.5
2026-03-26,123690,,2.22,-0.2,0.0,0.1
2026-03-27,123690,,2.21,-0.2,0.0,0.2
2026-03-30,123690,,2.2,-0.1,-0.0,-0.3
2026-03-31,123690,7860.0,2.19,2.9,0.0,-2.6
2026-04-01,123690,,2.42,0.9,-0.0,-1.0
2026-04-02,123690,,2.5,-2.8,-0.0,2.5
2026-04-03,123690,,2.28,-0.4,-0.0,0.4
2026-04-06,123690,,2.25,-0.0,-0.0,0.1
2026-04-07,123690,,2.24,0.2,-0.2,-0.1
2026-04-08,123690,,2.26,2.5,-0.2,-2.0
2026-04-09,123690,,2.4,-1.1,0.0,1.1
2026-04-10,123690,,2.32,0.7,-0.0,-0.7
2026-04-13,123690,,2.37,-1.0,0.0,1.1
2026-04-14,123690,,2.3,0.2,-1.5,1.3
2026-04-15,123690,,2.33,0.6,-0.0,-0.6
2026-04-16,123690,,2.37,0.5,-0.0,-0.5
2026-04-17,123690,,2.4,-0.4,-0.2,0.6
2026-04-20,123690,,2.37,-0.0,-0.2,0.2
2026-04-21,123690,,2.37,-1.5,-0.0,1.7
2026-04-22,123690,,2.23,0.6,-0.0,-0.5
2026-04-23,123690,,2.27,-0.4,-0.0,0.4
2026-04-24,123690,,2.24,-21.5,-0.0,21.3
2026-04-27,123690,,0.88,-1.9,-0.0,1.9
2026-04-28,123690,,0.83,-1.1,-0.0,1.1
2026-04-29,123690,,0.74,-2.3,0.0,2.4
2026-04-30,123690,8890.0,0.58,-0.9,0.0,0.8
2026-05-04,123690,,0.54,0.8,-0.2,-0.7
2026-05-06,123690,,0.61,-0.2,-0.1,0.2
2026-05-07,123690,,0.6,-1.4,-0.0,1.4
2026-05-08,123690,,0.5,-0.8,0.0,0.5
2026-05-11,123690,,0.49,0.8,-0.0,-0.7
2026-05-12,123690,,0.55,0.2,-0.0,-0.2
2026-05-13,123690,,0.58,1.6,0.0,-1.6
2026-05-14,123690,,0.71,0.8,-0.0,-0.8
2026-05-15,123690,,0.76,0.4,0.0,-0.1
2026-05-18,123690,,0.79,-0.4,0.0,0.4
2026-05-19,123690,,0.84,0.4,-0.0,-0.4
2026-05-20,123690,,0.91,0.2,-0.0,-0.2
2026-05-21,123690,,0.94,0.2,-0.0,-0.3
2026-05-22,123690,,1.01,0.5,-0.0,-0.4
2026-05-26,123690,,1.03,-0.9,-0.0,0.9
2026-05-27,123690,,0.96,-0.5,-0.0,0.5
2026-05-28,123690,,0.92,2.0,0.0,-2.0
2026-05-29,123690,7140.0,1.1,0.6,-0.0,-0.4
2026-06-01,123690,,1.14,0.7,0.0,-0.7
2026-06-02,123690,,1.12,2.7,-0.0,-2.7
2026-06-04,123690,,1.36,1.1,0.0,-1.1
2026-06-05,123690,,1.46,-0.5,0.0,0.8
2026-06-08,123690,,1.53,0.5,0.0,-0.5
2026-06-09,123690,,1.58,1.2,-0.0,-1.2
2026-06-10,123690,,1.69,0.8,0.0,-0.8
2026-06-11,123690,,1.77,0.4,-0.2,-0.2
2026-06-12,123690,,1.81,-0.4,-0.0,0.4
2026-06-15,123690,,1.77,-0.8,-0.0,0.8
2026-06-16,123690,,1.71,-0.2,-0.0,0.2
2026-06-17,123690,,1.69,0.6,-0.4,-0.2
2026-06-18,123690,,1.75,-0.6,-0.0,0.6
2026-06-19,123690,,1.7,0.5,-0.0,-0.5
2026-06-22,123690,,1.75,0.4,-0.0,-0.4
2026-06-23,123690,,1.7,1.0,0.0,-1.1
2026-06-24,123690,,1.8,1.9,0.0,-1.9
2026-06-25,123690,,1.99,0.1,-0.0,-0.1
2026-06-26,123690,,2.0,0.3,0.0,-0.3
2026-06-29,123690,,2.03,2.3,0.0,-2.3
2026-06-30,123690,6330.0,2.31,-1.1,-0.0,1.1
2026-07-01,123690,,2.15,0.3,0.0,-0.4
2026-07-02,123690,,2.1,-0.9,0.0,0.8
2026-07-03,123690,,2.01,0.3,-0.0,-0.3
2026-07-06,123690,,2.04,-0.6,-0.0,0.6
2026-07-07,123690,,1.99,1.6,0.0,-1.6
2026-07-08,123690,,2.14,-0.0,0.0,-0.0
2026-07-09,123690,,2.15,0.5,0.0,-0.8
2026-07-10,123690,,2.2,1.8,-0.0,-1.6
2026-07-13,123690,6200.0,2.34,0.4,0.0,-0.5
2025-07-14,123700,,5.49,0.3,-0.0,-0.3
2025-07-15,123700,,5.53,-0.6,0.0,0.6
2025-07-16,123700,,5.44,-0.3,0.0,0.3
2025-07-17,123700,,5.38,0.3,0.0,-0.3
2025-07-18,123700,,5.43,-0.5,0.0,0.5
2025-07-21,123700,,5.34,-0.0,-0.0,0.0
2025-07-22,123700,,5.34,-0.0,-0.0,0.0
2025-07-23,123700,,5.34,0.3,-0.0,-0.4
2025-07-24,123700,,5.4,-0.1,-0.0,0.2
2025-07-25,123700,,5.38,-0.1,0.0,0.1
2025-07-28,123700,,5.36,0.0,-0.0,-0.0
2025-07-29,123700,,5.36,0.3,-0.0,-0.3
2025-07-30,123700,,5.41,0.2,-0.0,-0.2
2025-07-31,123700,,5.44,0.2,0.0,-0.2
2025-08-01,123700,,5.48,-0.1,0.0,0.1
2025-08-04,123700,,5.47,0.2,0.0,-0.2
2025-08-05,123700,,5.51,0.1,-0.0,-0.1
2025-08-06,123700,,5.52,0.1,-0.0,-0.1
2025-08-07,123700,,5.54,0.4,-0.0,-0.4
2025-08-08,123700,,5.61,-0.1,0.0,0.1
2025-08-11,123700,,5.59,0.2,0.2,-0.3
2025-08-12,123700,,5.62,0.0,0.1,-0.1
2025-08-13,123700,,5.62,0.1,0.0,-0.2
2025-08-14,123700,,5.65,0.3,-0.0,-0.2
2025-08-18,123700,,5.66,0.0,0.1,-0.2
2025-08-19,123700,,5.67,-0.1,0.1,0.0
2025-08-20,123700,,5.66,0.3,0.0,-0.3
2025-08-21,123700,,5.71,0.1,0.0,-0.1
2025-08-22,123700,,5.73,-0.1,0.0,0.0
2025-08-25,123700,,5.39,0.1,0.0,-0.1
2025-08-26,123700,,5.42,-0.0,0.0,0.0
2025-08-27,123700,,5.42,-0.1,0.0,0.1
2025-08-28,123700,,5.39,-0.0,0.0,0.0
2025-08-29,123700,3390.0,5.39,-0.1,-0.0,0.1
2025-09-01,123700,,5.39,1.6,0.0,-1.7
2025-09-02,123700,,5.66,-0.2,-0.0,0.2
2025-09-03,123700,,5.64,-0.0,-0.0,0.0
2025-09-04,123700,,5.63,-0.6,-0.0,0.6
2025-09-05,123700,,5.53,-0.1,-0.0,0.1
2025-09-08,123700,,5.51,-0.0,-0.0,0.0
2025-09-09,123700,,5.5,0.5,-0.0,-0.5
2025-09-10,123700,,5.58,0.0,-0.0,0.0
2025-09-11,123700,,5.58,-0.1,0.0,0.1
2025-09-12,123700,,5.57,0.1,0.1,-0.2
2025-09-15,123700,,5.58,-1.2,-0.0,1.0
2025-09-16,123700,,5.39,0.7,-0.0,-0.6
2025-09-17,123700,,5.51,-0.1,-0.0,0.1
2025-09-18,123700,,5.49,0.2,0.0,-0.3
2025-09-19,123700,,5.54,0.5,-0.0,-0.5
2025-09-22,123700,,5.62,0.4,-0.0,-0.4
2025-09-23,123700,,5.69,0.0,0.1,-0.4
2025-09-24,123700,,5.7,0.1,0.1,-0.2
2025-09-25,123700,,5.72,0.1,0.2,-0.3
2025-09-26,123700,,5.73,-0.0,0.2,-0.1
2025-09-29,123700,,5.72,0.2,0.2,-0.4
2025-09-30,123700,3560.0,5.76,-0.0,0.0,-0.0
2025-10-01,123700,,5.76,0.4,0.2,-0.6
2025-10-02,123700,,5.82,0.2,0.1,-0.3
2025-10-10,123700,,5.85,0.1,-0.0,-0.1
2025-10-13,123700,,5.86,0.5,0.0,-0.5
2025-10-14,123700,,5.94,0.3,0.0,-0.3
2025-10-15,123700,,6.0,0.8,-0.0,-0.8
2025-10-16,123700,,6.14,0.6,-0.0,-0.6
2025-10-17,123700,,6.25,1.1,0.0,-1.3
2025-10-20,123700,,6.44,0.1,-0.0,-0.1
2025-10-21,123700,,6.45,0.1,0.0,-0.1
2025-10-22,123700,,6.46,0.1,0.0,-0.1
2025-10-23,123700,,6.49,-0.2,0.0,0.2
2025-10-24,123700,,6.44,-0.6,-0.0,0.6
2025-10-27,123700,,6.34,0.6,-0.0,-0.6
2025-10-28,123700,,6.44,-0.1,-0.0,0.1
2025-10-29,123700,,6.43,0.3,-0.0,-0.3
2025-10-30,123700,,6.49,0.3,-0.1,-0.2
2025-10-31,123700,3645.0,6.55,0.1,-0.2,0.0
2025-11-03,123700,,6.57,-0.2,-0.3,0.5
2025-11-04,123700,,6.54,-0.2,-0.0,0.2
2025-11-05,123700,,6.51,-0.4,-0.0,0.4
2025-11-06,123700,,6.43,0.7,0.0,-0.7
2025-11-07,123700,,6.51,1.2,-1.3,0.1
2025-11-10,123700,,6.72,0.3,-0.0,-0.3
2025-11-11,123700,,6.43,0.5,-0.0,-0.5
2025-11-12,123700,,6.53,0.3,-0.0,-0.3
2025-11-13,123700,,6.58,-0.2,-0.0,0.2
2025-11-14,123700,,6.54,0.0,0.0,-0.0
2025-11-17,123700,,6.55,0.3,0.0,-0.3
2025-11-18,123700,,6.59,0.1,0.0,-0.1
2025-11-19,123700,,6.61,0.5,0.0,-0.5
2025-11-20,123700,,6.69,0.4,-0.0,-0.4
2025-11-21,123700,,6.76,0.7,0.0,-0.8
2025-11-24,123700,,6.89,-0.1,0.0,0.1
2025-11-25,123700,,6.88,0.1,-0.0,-0.1
2025-11-26,123700,,6.89,-0.2,-0.0,0.2
2025-11-27,123700,,6.85,0.0,-0.0,-0.0
2025-11-28,123700,3710.0,6.85,0.2,0.0,-0.3
2025-12-01,123700,,6.9,-0.9,-0.0,0.9
2025-12-02,123700,,6.74,0.4,-0.0,-0.4
2025-12-03,123700,,6.81,0.0,-0.0,-0.0
2025-12-04,123700,,6.81,0.2,-0.0,-0.2
2025-12-05,123700,,6.84,-0.1,-0.0,0.1
2025-12-08,123700,,6.82,-0.1,-0.0,0.1
2025-12-09,123700,,6.8,0.1,0.0,-0.1
2025-12-10,123700,,6.82,-0.0,-0.0,0.1
2025-12-11,123700,,6.81,-0.0,-0.0,0.0
2025-12-12,123700,,6.81,0.2,-0.0,-0.2
2025-12-15,123700,,6.84,0.1,0.0,-0.1
2025-12-16,123700,,6.85,-0.2,-0.1,0.3
2025-12-17,123700,,7.06,-0.0,0.0,0.0
2025-12-18,123700,,6.75,-0.1,0.0,0.0
2025-12-19,123700,,6.74,0.1,0.0,-0.2
2025-12-22,123700,,6.75,0.7,-0.0,-0.7
2025-12-23,123700,,6.86,-0.1,-0.0,-0.1
2025-12-24,123700,,6.84,-0.1,-0.0,-0.4
2025-12-26,123700,,6.84,-0.0,0.0,-0.5
2025-12-29,123700,,6.6,-0.4,0.0,0.3
2025-12-30,123700,3755.0,6.52,-0.2,-0.0,0.2
2026-01-02,123700,,6.49,-0.2,0.0,0.2
2026-01-05,123700,,6.46,0.1,0.0,-0.1
2026-01-06,123700,,6.47,-0.1,-0.0,0.1
2026-01-07,123700,,6.71,0.4,-0.1,-0.3
2026-01-08,123700,,6.79,0.1,-0.4,0.3
2026-01-09,123700,,6.8,0.2,-0.2,-0.0
2026-01-12,123700,,6.84,0.4,-0.1,-0.3
2026-01-13,123700,,6.91,0.6,-0.2,0.3
2026-01-14,123700,,7.12,-1.3,-0.0,1.5
2026-01-15,123700,,6.96,0.0,-0.1,0.2
2026-01-16,123700,,6.97,1.8,-0.1,-1.6
2026-01-19,123700,,7.26,-1.0,-0.0,1.0
2026-01-20,123700,,7.1,0.0,0.0,-0.0
2026-01-21,123700,,7.11,0.5,-0.1,-0.4
2026-01-22,123700,,7.19,-0.3,-0.0,0.3
2026-01-23,123700,,7.13,0.2,0.0,-0.2
2026-01-26,123700,,7.17,0.6,-0.0,-0.7
2026-01-27,123700,,7.28,0.5,-0.0,-0.6
2026-01-28,123700,,7.37,-0.5,0.0,0.4
2026-01-29,123700,,7.29,-0.1,0.0,0.1
2026-01-30,123700,3660.0,7.28,-1.3,-0.0,1.2
2026-02-02,123700,,7.06,-0.4,0.0,0.4
2026-02-03,123700,,6.99,-0.2,-0.0,0.2
2026-02-04,123700,,6.95,0.1,-0.0,-0.2
2026-02-05,123700,,6.97,0.6,0.0,-0.6
2026-02-06,123700,,7.07,-0.1,0.0,0.2
2026-02-09,123700,,7.06,0.1,0.0,-0.2
2026-02-10,123700,,7.08,0.3,-0.0,-0.3
2026-02-11,123700,,7.14,0.5,-0.0,-0.7
2026-02-12,123700,,7.21,0.9,-0.0,-0.5
2026-02-13,123700,,7.37,-0.4,0.0,0.4
2026-02-19,123700,,7.29,1.0,-0.0,-1.0
2026-02-20,123700,,7.45,-0.2,0.0,0.1
2026-02-23,123700,,7.42,0.2,0.0,-0.2
2026-02-24,123700,,7.45,-1.4,0.0,1.4
2026-02-25,123700,,7.21,0.8,0.1,-0.8
2026-02-26,123700,,7.34,-0.5,-0.0,0.5
2026-02-27,123700,3890.0,7.27,-0.1,-0.0,0.1
2026-03-03,123700,,7.25,1.5,0.7,-2.3
2026-03-04,123700,,7.51,-0.5,-0.0,0.5
2026-03-05,123700,,7.41,0.1,-0.1,-0.0
2026-03-06,123700,,7.42,0.1,0.0,-0.1
2026-03-09,123700,,7.45,0.7,-0.9,0.3
2026-03-10,123700,,7.58,0.3,-0.0,-0.3
2026-03-11,123700,,7.66,0.6,0.1,-0.7
2026-03-12,123700,,7.77,-0.2,0.0,0.1
2026-03-13,123700,,7.74,0.1,-0.1,-0.1
2026-03-16,123700,,7.76,-0.2,-0.0,0.3
2026-03-17,123700,,7.72,0.2,0.0,-0.2
2026-03-18,123700,,7.75,-0.0,-0.0,0.0
2026-03-19,123700,,7.75,-0.2,0.0,0.2
2026-03-20,123700,,7.71,0.1,-0.0,-0.1
2026-03-23,123700,,7.73,-0.0,0.0,-0.0
2026-03-24,123700,,7.73,0.1,0.0,-0.1
2026-03-25,123700,,7.74,0.1,-0.0,-0.1
2026-03-26,123700,,7.76,-0.0,-0.0,0.0
2026-03-27,123700,,7.75,-0.1,0.0,0.1
2026-03-30,123700,,7.72,-0.7,-0.0,0.7
2026-03-31,123700,3490.0,7.59,-0.5,0.0,0.5
2026-04-01,123700,,7.51,0.4,-0.6,0.2
2026-04-02,123700,,7.58,-0.6,-0.0,0.6
2026-04-03,123700,,7.47,0.2,0.0,-0.3
2026-04-06,123700,,7.51,-0.1,0.0,0.0
2026-04-07,123700,,7.5,-0.2,0.0,0.1
2026-04-08,123700,,7.47,0.1,-0.1,0.1
2026-04-09,123700,,7.48,0.2,-0.0,-0.2
2026-04-10,123700,,7.51,0.1,-0.0,-0.1
2026-04-13,123700,,7.53,-0.1,-0.0,0.1
2026-04-14,123700,,7.5,0.3,-0.2,0.0
2026-04-15,123700,,7.56,0.0,-0.0,0.0
2026-04-16,123700,,7.57,0.1,-0.0,-0.0
2026-04-17,123700,,7.57,0.0,-0.0,-0.0
2026-04-20,123700,,7.58,-0.2,0.0,0.1
2026-04-21,123700,,7.55,-0.3,-0.0,0.3
2026-04-22,123700,,7.51,-0.0,-0.0,0.0
2026-04-23,123700,,7.5,-0.1,-0.2,0.3
2026-04-24,123700,,7.49,-0.0,-0.0,0.0
2026-04-27,123700,,7.48,-1.2,-0.0,1.4
2026-04-28,123700,,7.29,-0.2,0.0,0.1
2026-04-29,123700,,7.26,-0.2,-0.0,0.2
2026-04-30,123700,3835.0,7.23,0.1,-0.0,-0.1
2026-05-04,123700,,7.25,-0.1,-0.0,0.1
2026-05-06,123700,,7.24,-0.1,-0.0,0.2
2026-05-07,123700,,7.21,-0.1,-0.0,0.1
2026-05-08,123700,,7.19,0.8,0.0,-0.8
2026-05-11,123700,,7.33,0.5,0.0,-0.5
2026-05-12,123700,,7.4,-0.0,-0.0,0.0
2026-05-13,123700,,7.4,0.1,-0.0,-0.1
2026-05-14,123700,,7.42,1.7,-0.0,-1.7
2026-05-15,123700,,7.71,0.3,-0.0,-0.3
2026-05-18,123700,,7.49,0.1,-0.0,-0.1
2026-05-19,123700,,7.51,-0.1,-0.1,0.2
2026-05-20,123700,,7.49,-0.6,-0.0,0.6
2026-05-21,123700,,7.43,-0.2,-0.1,0.3
2026-05-22,123700,,7.38,0.0,0.0,-0.1
2026-05-26,123700,,7.39,0.7,-0.0,-0.7
2026-05-27,123700,,7.52,-0.6,-0.0,0.6
2026-05-28,123700,,7.42,0.1,-0.0,-0.1
2026-05-29,123700,3505.0,7.44,-0.0,0.0,-0.0
2026-06-01,123700,,7.44,-0.3,-0.0,0.4
2026-06-02,123700,,7.38,0.1,0.0,-0.1
2026-06-04,123700,,7.4,-0.0,0.0,-0.0
2026-06-05,123700,,7.39,-0.2,-0.0,0.2
2026-06-08,123700,,7.36,-0.2,0.0,0.1
2026-06-09,123700,,7.33,-0.1,-0.0,0.1
2026-06-10,123700,,7.31,-0.1,-0.0,0.2
2026-06-11,123700,,7.28,0.1,0.0,-0.1
2026-06-12,123700,,7.3,0.3,-0.0,-0.3
2026-06-15,123700,,7.35,0.2,0.0,-0.2
2026-06-16,123700,,7.39,-0.1,-0.0,0.1
2026-06-17,123700,,7.37,-0.0,0.0,0.0
2026-06-18,123700,,7.37,-0.1,-0.0,0.1
2026-06-19,123700,,7.35,-0.1,-0.0,0.1
2026-06-22,123700,,7.34,-0.1,-0.0,0.1
2026-06-23,123700,,7.32,-0.2,0.0,0.2
2026-06-24,123700,,7.28,0.2,-0.0,-0.2
2026-06-25,123700,,7.32,-0.0,0.0,0.0
2026-06-26,123700,,7.31,0.2,0.1,-0.3
2026-06-29,123700,,7.36,0.2,-0.2,-0.0
2026-06-30,123700,3165.0,7.41,-0.0,-0.0,0.0
2026-07-01,123700,,7.41,0.0,-0.0,-0.2
2026-07-02,123700,,7.41,-0.2,0.0,0.2
2026-07-03,123700,,7.38,0.2,0.0,-0.2
2026-07-06,123700,,7.42,0.3,-0.0,-0.3
2026-07-07,123700,,7.48,-0.0,-0.0,0.0
2026-07-08,123700,,7.47,0.1,0.1,-0.2
2026-07-09,123700,,7.49,-0.1,-0.1,0.2
2026-07-10,123700,,7.48,-0.0,-0.0,0.0
2026-07-13,123700,3280.0,7.47,-0.1,0.0,0.1
2025-07-14,123750,,0.65,0.0,-0.0,0.0
2025-07-15,123750,,0.65,-0.0,,0.0
2025-07-16,123750,,0.65,-0.0,,0.0
2025-07-17,123750,,0.65,0.0,-0.0,0.0
2025-07-18,123750,,0.65,-0.0,-0.0,-0.0
2025-07-21,123750,,0.65,0.0,-0.0,0.0
2025-07-22,123750,,0.65,0.1,-0.0,-0.0
2025-07-23,123750,,0.69,0.1,,-1.2
2025-07-24,123750,,0.72,-0.0,,-0.0
2025-07-25,123750,,0.71,-0.0,,0.0
2025-07-28,123750,,0.71,-0.0,,0.0
2025-07-29,123750,,0.69,-0.0,,0.1
2025-07-30,123750,,0.68,-0.1,,0.1
2025-07-31,123750,,0.65,-0.0,,0.1
2025-08-01,123750,,0.65,0.0,,-0.0
2025-08-04,123750,,0.65,-0.0,,-0.0
2025-08-05,123750,,0.65,0.0,,-0.0
2025-08-06,123750,,0.65,0.0,,-0.0
2025-08-07,123750,,0.66,-0.0,,0.0
2025-08-08,123750,,0.66,-0.0,,0.0
2025-08-11,123750,,0.66,-0.0,,-0.0
2025-08-12,123750,,0.65,0.0,,-0.0
2025-08-13,123750,,0.65,0.1,,0.9
2025-08-14,123750,,0.71,0.0,,-0.2
2025-08-18,123750,,0.72,0.5,,-0.3
2025-08-19,123750,,0.96,-0.1,-0.0,0.1
2025-08-20,123750,,0.9,-0.3,0.0,0.5
2025-08-21,123750,,0.83,0.1,,-0.1
2025-08-22,123750,,0.87,-0.3,-0.0,0.5
2025-08-25,123750,,0.74,0.0,-0.1,0.1
2025-08-26,123750,,0.77,-0.0,-0.0,0.1
2025-08-27,123750,,0.77,-0.0,-0.0,0.0
2025-08-28,123750,,0.76,-0.1,,0.2
2025-08-29,123750,1668.0,0.73,0.1,-0.0,0.0
2025-09-01,123750,,0.81,-0.1,,0.3
2025-09-02,123750,,0.73,-0.0,-0.0,0.1
2025-09-03,123750,,0.71,-0.0,,0.0
2025-09-04,123750,,0.69,-0.0,,0.0
2025-09-05,123750,,0.69,-0.0,,0.4
2025-09-08,123750,,0.68,0.0,,0.1
2025-09-09,123750,,0.69,0.0,,0.2
2025-09-10,123750,,0.69,-0.0,,0.2
2025-09-11,123750,,0.68,0.0,,0.1
2025-09-12,123750,,0.71,-0.0,,0.1
2025-09-15,123750,,0.69,-0.0,,0.2
2025-09-16,123750,,0.68,-0.0,,0.0
2025-09-17,123750,,0.67,-0.0,,0.0
2025-09-18,123750,,0.67,0.0,,-0.1
2025-09-19,123750,,0.68,-0.0,,0.0
2025-09-22,123750,,0.67,-0.0,,0.0
2025-09-23,123750,,0.65,-0.0,0.1,-0.1
2025-09-24,123750,,0.64,0.0,0.1,-0.1
2025-09-25,123750,,0.65,0.2,0.2,0.3
2025-09-26,123750,,0.75,0.5,0.1,-0.6
2025-09-29,123750,,1.0,0.3,0.1,-0.4
2025-09-30,123750,1735.0,1.1,0.2,0.2,-0.4
2025-10-01,123750,,1.18,-0.0,0.1,-0.1
2025-10-02,123750,,1.17,0.1,0.2,-0.2
2025-10-10,123750,,1.2,0.6,0.1,-0.7
2025-10-13,123750,,1.45,-0.0,,0.1
2025-10-14,123750,,1.43,0.0,-0.0,0.0
2025-10-15,123750,,1.45,-0.0,,0.0
2025-10-16,123750,,1.43,-0.0,,0.0
2025-10-17,123750,,1.43,0.0,,-0.0
2025-10-20,123750,,1.44,-0.0,,0.0
2025-10-21,123750,,1.43,-0.1,,0.1
2025-10-22,123750,,1.4,0.1,,-0.1
2025-10-23,123750,,1.47,-0.0,,0.0
2025-10-24,123750,,1.45,-0.1,,0.1
2025-10-27,123750,,1.42,-0.1,,-0.1
2025-10-28,123750,,1.38,0.4,,-0.3
2025-10-29,123750,,1.56,-0.1,,0.1
2025-10-30,123750,,1.49,-0.1,,0.0
2025-10-31,123750,1482.0,1.44,-0.0,,0.0
2025-11-03,123750,,1.42,-0.2,,0.2
2025-11-04,123750,,1.33,-0.2,,0.2
2025-11-05,123750,,1.22,0.1,,-0.2
2025-11-06,123750,,1.3,-0.1,,0.1
2025-11-07,123750,,1.27,0.0,,-0.0
2025-11-10,123750,,1.27,0.5,-0.5,-0.1
2025-11-11,123750,,1.49,0.2,,-0.2
2025-11-12,123750,,1.59,-0.0,,0.0
2025-11-13,123750,,1.58,0.1,,-0.1
2025-11-14,123750,,1.63,0.0,,0.0
2025-11-17,123750,,1.64,0.2,0.1,-0.2
2025-11-18,123750,,1.77,0.0,0.1,-0.0
2025-11-19,123750,,1.79,0.0,,-0.0
2025-11-20,123750,,1.8,0.1,,-0.1
2025-11-21,123750,,1.83,-0.1,,0.0
2025-11-24,123750,,1.8,-0.1,,0.1
2025-11-25,123750,,1.74,-0.0,-0.0,0.0
2025-11-26,123750,,1.71,0.0,,-0.0
2025-11-27,123750,,1.74,0.0,,-0.0
2025-11-28,123750,1340.0,1.75,0.0,,0.0
2025-12-01,123750,,1.75,0.0,0.0,-0.1
2025-12-02,123750,,1.77,0.0,,-0.0
2025-12-03,123750,,1.79,-0.0,,0.0
2025-12-04,123750,,1.78,-0.0,,0.0
2025-12-05,123750,,1.76,-0.0,,0.0
2025-12-08,123750,,1.75,-0.0,,0.0
2025-12-09,123750,,1.75,-0.1,,0.1
2025-12-10,123750,,1.69,-0.1,0.0,0.1
2025-12-11,123750,,1.6,0.0,-0.0,0.0
2025-12-12,123750,,1.62,-0.1,,0.1
2025-12-15,123750,,1.57,-0.0,,0.0
2025-12-16,123750,,1.55,-0.1,,0.1
2025-12-17,123750,,1.98,-0.0,,0.0
2025-12-18,123750,,1.97,-0.0,0.0,0.0
2025-12-19,123750,,1.94,-0.0,,0.0
2025-12-22,123750,,1.93,-0.3,,0.3
2025-12-23,123750,,1.74,-0.0,,0.0
2025-12-24,123750,,1.71,-0.0,,0.0
2025-12-26,123750,,1.71,-0.1,,0.1
2025-12-29,123750,,1.62,-0.0,,0.0
2025-12-30,123750,1299.0,1.61,-0.0,,0.0
2026-01-02,123750,,1.6,-0.0,,0.0
2026-01-05,123750,,1.59,-0.1,,0.1
2026-01-06,123750,,1.56,-0.1,,0.1
2026-01-07,123750,,1.52,-0.1,,0.1
2026-01-08,123750,,1.47,-0.1,,0.1
2026-01-09,123750,,1.44,-0.3,-0.0,0.6
2026-01-12,123750,,1.3,-0.1,-0.1,0.3
2026-01-13,123750,,1.27,-0.0,,0.1
2026-01-14,123750,,1.25,0.2,0.1,-0.3
2026-01-15,123750,,1.37,0.1,0.0,-0.2
2026-01-16,123750,,1.43,0.1,,-0.1
2026-01-19,123750,,1.48,0.6,-0.1,-0.4
2026-01-20,123750,,1.77,-0.4,0.0,0.4
2026-01-21,123750,,1.6,3.4,-0.1,-3.2
2026-01-22,123750,,2.84,-0.1,-0.2,0.5
2026-01-23,123750,,2.81,-0.4,-0.1,0.5
2026-01-26,123750,,2.66,0.8,-0.1,-0.8
2026-01-27,123750,,3.0,0.3,-0.1,-0.3
2026-01-28,123750,,3.14,-0.7,-0.1,0.8
2026-01-29,123750,,2.85,-0.1,-0.1,0.2
2026-01-30,123750,1875.0,2.81,-0.3,-0.0,0.3
2026-02-02,123750,,2.7,0.7,-0.1,-0.6
2026-02-03,123750,,3.01,0.5,-0.0,-0.5
2026-02-04,123750,,3.2,-4.6,0.1,4.4
2026-02-05,123750,,1.79,3.0,0.5,-3.4
2026-02-06,123750,,2.69,0.3,,-0.6
2026-02-09,123750,,2.72,-1.9,0.0,1.9
2026-02-10,123750,,2.38,0.3,-0.2,-0.0
2026-02-11,123750,,2.45,0.8,0.0,-0.8
2026-02-12,123750,,2.65,0.7,-0.0,-0.5
2026-02-13,123750,,2.82,-0.2,-0.0,0.2
2026-02-19,123750,,2.77,1.0,-0.1,-1.0
2026-02-20,123750,,2.82,1.3,,-1.3
2026-02-23,123750,,3.17,0.4,,-0.4
2026-02-24,123750,,2.92,-0.4,-0.0,0.5
2026-02-25,123750,,2.87,-0.3,,0.3
2026-02-26,123750,,2.81,0.3,-0.1,-0.1
2026-02-27,123750,2530.0,2.88,-0.1,0.0,0.1
2026-03-03,123750,,2.87,1.3,,-1.3
2026-03-04,123750,,3.3,1.7,,-1.7
2026-03-05,123750,,3.85,2.3,,-2.3
2026-03-06,123750,,4.63,-0.1,,0.0
2026-03-09,123750,,4.61,-3.6,,3.7
2026-03-10,123750,,3.51,-0.2,,0.2
2026-03-11,123750,,3.62,-0.4,-0.0,0.4
2026-03-12,123750,,3.5,-0.7,,0.7
2026-03-13,123750,,3.3,-0.2,,0.2
2026-03-16,123750,,3.23,0.2,0.0,-0.2
2026-03-17,123750,,3.29,-0.1,,0.1
2026-03-18,123750,,3.26,0.2,,-0.2
2026-03-19,123750,,3.33,0.1,,-0.1
2026-03-20,123750,,3.35,0.1,,-0.1
2026-03-23,123750,,3.38,0.1,,-0.1
2026-03-24,123750,,3.42,0.2,-0.0,-0.1
2026-03-25,123750,,3.48,-0.9,-0.2,1.1
2026-03-26,123750,,3.2,-0.2,-0.0,0.2
2026-03-27,123750,,3.14,-1.4,-0.0,1.4
2026-03-30,123750,,2.74,-2.2,-0.1,2.2
2026-03-31,123750,2530.0,2.2,2.2,0.2,-2.5
2026-04-01,123750,,2.83,1.0,0.0,-1.0
2026-04-02,123750,,3.12,-6.6,-0.4,6.8
2026-04-03,123750,,1.37,2.1,0.2,-2.1
2026-04-06,123750,,1.99,-1.2,,1.3
2026-04-07,123750,,1.71,0.7,,-0.7
2026-04-08,123750,,1.97,0.0,0.0,-0.1
2026-04-09,123750,,2.0,-0.1,,0.1
2026-04-10,123750,,1.96,0.4,,-0.4
2026-04-13,123750,,2.09,-0.3,,0.3
2026-04-14,123750,,1.98,0.3,-0.1,-0.2
2026-04-15,123750,,2.07,-1.0,,1.0
2026-04-16,123750,,1.73,0.6,,-0.6
2026-04-17,123750,,1.96,-1.8,,1.8
2026-04-20,123750,,1.37,-1.2,,1.0
2026-04-21,123750,,1.0,-1.1,,1.2
2026-04-22,123750,,0.66,0.1,,-0.0
2026-04-23,123750,,0.71,-0.2,,0.1
2026-04-24,123750,,0.67,-0.2,,0.1
2026-04-27,123750,,0.62,-0.2,,0.1
2026-04-28,123750,,0.69,-0.2,,0.3
2026-04-29,123750,,0.56,0.4,0.0,-0.5
2026-04-30,123750,2065.0,0.7,-0.1,-0.0,0.2
2026-05-04,123750,,0.66,-0.1,0.0,0.1
2026-05-06,123750,,0.62,-0.1,0.0,0.0
2026-05-07,123750,,0.57,-0.1,0.0,0.1
2026-05-08,123750,,0.52,0.4,-0.0,-0.4
2026-05-11,123750,,0.65,0.3,0.0,-0.3
2026-05-12,123750,,0.77,0.2,0.0,-0.2
2026-05-13,123750,,0.86,0.1,-0.0,-0.1
2026-05-14,123750,,0.87,0.1,0.0,-0.1
2026-05-15,123750,,0.81,-0.1,-0.0,0.1
2026-05-18,123750,,0.78,0.2,0.0,-0.2
2026-05-19,123750,,0.84,0.1,-0.0,-0.1
2026-05-20,123750,,0.88,-0.0,-0.0,0.0
2026-05-21,123750,,0.88,-0.1,0.0,0.0
2026-05-22,123750,,0.82,0.4,-0.0,-0.4
2026-05-26,123750,,0.96,0.4,0.0,-0.5
2026-05-27,123750,,1.14,-0.1,0.0,0.1
2026-05-28,123750,,1.1,0.6,-0.0,-0.6
2026-05-29,123750,1718.0,1.34,0.0,0.0,-0.0
2026-06-01,123750,,1.36,-0.3,-0.0,0.3
2026-06-02,123750,,1.24,0.2,-0.0,-0.2
2026-06-04,123750,,1.35,-0.0,-0.0,0.0
2026-06-05,123750,,1.27,0.1,-0.0,-0.1
2026-06-08,123750,,1.32,-0.1,0.0,0.1
2026-06-09,123750,,1.41,-0.1,-0.0,0.1
2026-06-10,123750,,1.36,-0.0,0.0,0.0
2026-06-11,123750,,1.33,0.2,0.0,-0.2
2026-06-12,123750,,1.42,0.0,-0.0,-0.0
2026-06-15,123750,,1.44,-0.1,0.0,0.1
2026-06-16,123750,,1.39,0.0,0.0,0.0
2026-06-17,123750,,1.4,-0.1,-0.0,0.1
2026-06-18,123750,,1.34,0.1,0.0,-0.1
2026-06-19,123750,,1.4,-0.1,-0.0,0.1
2026-06-22,123750,,1.35,0.1,-0.0,-0.1
2026-06-23,123750,,1.4,-0.1,-0.0,0.1
2026-06-24,123750,,1.34,-0.1,0.0,0.1
2026-06-25,123750,,1.28,0.0,0.0,-0.0
2026-06-26,123750,,1.3,-0.1,-0.0,0.1
2026-06-29,123750,,1.26,0.1,-0.0,-0.1
2026-06-30,123750,1885.0,1.3,0.0,0.0,-0.0
2026-07-01,123750,,1.3,-0.9,-0.0,-1.9
2026-07-02,123750,,0.99,-0.2,,-0.1
2026-07-03,123750,,0.93,-0.3,-0.0,-0.4
2026-07-06,123750,,0.85,0.0,-0.1,-0.3
2026-07-07,123750,,0.9,0.0,-0.0,-0.4
2026-07-08,123750,,0.91,0.2,-0.0,-0.9
2026-07-09,123750,,0.99,-0.1,-0.0,-0.9
2026-07-10,123750,,0.97,-0.2,-0.1,-0.4
2026-07-13,123750,2215.0,0.82,0.2,-0.0,-1.5
2025-07-14,123840,,0.47,0.6,-0.1,-0.3
2025-07-15,123840,,0.59,-0.2,-0.0,0.2
2025-07-16,123840,,0.55,-0.1,,0.1
2025-07-17,123840,,0.54,-0.1,,0.1
2025-07-18,123840,,0.53,-0.0,,0.0
2025-07-21,123840,,0.52,-0.1,-0.2,1.0
2025-07-22,123840,,0.51,-0.1,,0.1
2025-07-23,123840,,0.48,0.0,,-0.1
2025-07-24,123840,,0.49,-0.1,,0.1
2025-07-25,123840,,0.47,0.2,,-0.2
2025-07-28,123840,,0.51,-0.0,,0.0
2025-07-29,123840,,0.5,0.1,,-0.1
2025-07-30,123840,,0.52,0.0,,-0.0
2025-07-31,123840,,0.52,-0.0,,0.0
2025-08-01,123840,,0.52,0.1,,-0.1
2025-08-04,123840,,0.53,0.0,,-0.0
2025-08-05,123840,,0.53,-0.0,,0.0
2025-08-06,123840,,0.53,0.1,,-0.1
2025-08-07,123840,,0.56,-0.1,,0.1
2025-08-08,123840,,0.53,-0.0,,0.0
2025-08-11,123840,,0.53,-0.0,,0.0
2025-08-12,123840,,0.52,-0.0,,0.0
2025-08-13,123840,,0.52,-0.0,,0.0
2025-08-14,123840,,0.52,0.0,,-0.0
2025-08-18,123840,,0.52,-0.0,,0.0
2025-08-19,123840,,0.51,-0.0,,0.0
2025-08-20,123840,,0.5,-0.0,,0.0
2025-08-21,123840,,0.5,-0.0,,0.0
2025-08-22,123840,,0.49,0.1,,-0.1
2025-08-25,123840,,0.52,0.1,,-0.1
2025-08-26,123840,,0.54,0.0,,-0.0
2025-08-27,123840,,0.54,-0.0,,0.0
2025-08-28,123840,,0.54,-0.0,,0.0
2025-08-29,123840,1173.0,0.54,0.0,,0.0
2025-09-01,123840,,0.54,-0.0,,0.0
2025-09-02,123840,,0.53,0.0,,-0.0
2025-09-03,123840,,0.53,0.0,,-0.0
2025-09-04,123840,,0.53,0.0,,-0.0
2025-09-05,123840,,0.53,-0.0,,0.0
2025-09-08,123840,,0.53,-0.0,,0.0
2025-09-09,123840,,0.53,-0.0,,0.0
2025-09-10,123840,,0.53,-0.0,,0.0
2025-09-11,123840,,0.52,-0.0,,0.0
2025-09-12,123840,,0.52,0.1,,0.0
2025-09-15,123840,,0.53,-0.0,,0.0
2025-09-16,123840,,0.53,0.0,,-0.0
2025-09-17,123840,,0.53,-0.0,,0.0
2025-09-18,123840,,0.53,-0.0,,0.0
2025-09-19,123840,,0.53,0.0,,-0.0
2025-09-22,123840,,0.53,-0.0,,0.0
2025-09-23,123840,,0.53,-0.0,,0.0
2025-09-24,123840,,0.52,-0.0,,0.0
2025-09-25,123840,,0.52,-0.0,,0.0
2025-09-26,123840,,0.52,-0.0,,0.0
2025-09-29,123840,,0.52,0.0,,-0.0
2025-09-30,123840,1120.0,0.52,-0.0,,0.0
2025-10-01,123840,,0.51,-0.0,,-0.0
2025-10-02,123840,,0.51,-0.0,,0.0
2025-10-10,123840,,0.51,-0.0,,0.0
2025-10-13,123840,,0.51,-0.0,,0.0
2025-10-14,123840,,0.51,-0.1,,0.1
2025-10-15,123840,,0.49,0.0,,-0.0
2025-10-16,123840,,0.5,0.0,,-0.0
2025-10-17,123840,,0.5,-0.0,,0.0
2025-10-20,123840,,0.5,-0.0,,0.0
2025-10-21,123840,,0.5,-0.0,,0.0
2025-10-22,123840,,0.49,0.0,,-0.0
2025-10-23,123840,,0.49,-0.0,,0.0
2025-10-24,123840,,0.49,0.0,,-0.0
2025-10-27,123840,,0.49,-0.0,,0.0
2025-10-28,123840,,0.49,0.1,,-0.1
2025-10-29,123840,,0.5,0.1,,-0.1
2025-10-30,123840,,0.52,0.1,,-0.1
2025-10-31,123840,1066.0,0.55,0.1,,-0.1
2025-11-03,123840,,0.57,0.0,,-0.0
2025-11-04,123840,,0.58,0.0,,-0.0
2025-11-05,123840,,0.59,-0.1,,0.1
2025-11-06,123840,,0.57,-0.0,,0.0
2025-11-07,123840,,0.56,-0.0,,0.0
2025-11-10,123840,,0.55,0.2,-0.2,-0.0
2025-11-11,123840,,0.6,0.0,,-0.0
2025-11-12,123840,,0.6,-0.0,,0.0
2025-11-13,123840,,0.6,-0.0,,0.0
2025-11-14,123840,,0.6,-0.0,,0.0
2025-11-17,123840,,0.6,-0.0,,0.0
2025-11-18,123840,,0.59,-0.0,,0.0
2025-11-19,123840,,0.59,0.0,,-0.0
2025-11-20,123840,,0.6,-0.0,,0.0
2025-11-21,123840,,0.6,-0.0,,0.0
2025-11-24,123840,,0.6,-0.0,,0.0
2025-11-25,123840,,0.59,-0.0,,0.0
2025-11-26,123840,,0.59,-0.0,,0.0
2025-11-27,123840,,0.59,-0.0,,0.0
2025-11-28,123840,903.0,0.59,-0.0,,0.0
2025-12-01,123840,,0.58,0.0,,-0.0
2025-12-02,123840,,0.58,-0.0,,0.0
2025-12-03,123840,,0.58,-0.0,,0.0
2025-12-04,123840,,0.58,0.0,,-0.0
2025-12-05,123840,,0.58,0.0,,-0.0
2025-12-08,123840,,0.58,0.0,,-0.0
2025-12-09,123840,,0.59,-0.3,-0.2,0.2
2025-12-10,123840,,0.51,0.3,,0.2
2025-12-11,123840,,0.58,-0.2,,0.3
2025-12-12,123840,,0.52,0.2,,-0.2
2025-12-15,123840,,0.57,-0.0,,0.0
2025-12-16,123840,,0.56,0.6,,-0.6
2025-12-17,123840,,0.86,0.1,,-0.1
2025-12-18,123840,,0.89,0.2,,-0.2
2025-12-19,123840,,0.95,-0.0,,0.0
2025-12-22,123840,,0.94,0.1,,-0.1
2025-12-23,123840,,0.97,0.0,,-0.0
2025-12-24,123840,,0.97,0.1,,-0.1
2025-12-26,123840,,1.01,-0.0,,0.0
2025-12-29,123840,,1.01,0.0,,-0.0
2025-12-30,123840,969.0,0.73,-0.0,,-0.0
2026-01-02,123840,,0.72,-0.1,,0.1
2026-01-05,123840,,0.7,0.0,,-0.0
2026-01-06,123840,,0.71,-0.1,,0.1
2026-01-07,123840,,0.87,-0.0,,0.0
2026-01-08,123840,,0.87,-0.1,,0.1
2026-01-09,123840,,0.85,-0.1,,0.1
2026-01-12,123840,,0.83,-0.0,,0.0
2026-01-13,123840,,0.83,-0.0,,0.0
2026-01-14,123840,,0.82,-0.1,,0.0
2026-01-15,123840,,0.81,-0.0,,0.0
2026-01-16,123840,,0.66,-0.0,,0.0
2026-01-19,123840,,0.65,-0.1,,0.1
2026-01-20,123840,,0.64,-0.0,,0.0
2026-01-21,123840,,0.64,-0.0,,0.1
2026-01-22,123840,,0.64,-0.0,,0.0
2026-01-23,123840,,0.63,-0.0,,0.1
2026-01-26,123840,,0.62,-0.0,,0.0
2026-01-27,123840,,0.62,-0.1,,0.1
2026-01-28,123840,,0.61,-0.0,,0.0
2026-01-29,123840,,0.6,-0.0,,0.0
2026-01-30,123840,920.0,0.6,-0.0,,0.0
2026-02-02,123840,,0.59,-0.0,,0.0
2026-02-03,123840,,0.59,-0.1,,0.1
2026-02-04,123840,,0.57,0.0,,-0.0
2026-02-05,123840,,0.57,-0.0,,0.0
2026-02-06,123840,,0.57,-0.0,,0.0
2026-02-09,123840,,0.57,-0.0,,0.0
2026-02-10,123840,,0.56,0.0,,-0.0
2026-02-11,123840,,0.57,-0.1,,0.1
2026-02-12,123840,,0.56,-0.0,,0.0
2026-02-13,123840,,0.55,-0.0,,0.0
2026-02-19,123840,,0.55,-0.1,,0.1
2026-02-20,123840,,0.54,-0.0,,0.0
2026-02-23,123840,,0.54,-0.0,,0.0
2026-02-24,123840,,0.54,0.0,,-0.0
2026-02-25,123840,,0.55,-0.0,,0.0
2026-02-26,123840,,0.47,0.0,,-0.1
2026-02-27,123840,670.0,0.48,0.0,,-0.0
2026-03-03,123840,,0.49,-0.0,,0.0
2026-03-04,123840,,0.48,-0.0,,0.0
2026-03-05,123840,,0.48,-0.0,,0.1
2026-03-06,123840,,0.47,0.0,,-0.0
2026-03-09,123840,,0.48,-0.0,,-1.5
2026-03-10,123840,,0.47,0.1,,-0.1
2026-03-11,123840,,0.48,-0.0,,0.0
2026-03-12,123840,,0.47,0.0,,-0.0
2026-03-13,123840,,0.48,0.1,-0.1,-0.0
2026-03-16,123840,,0.5,0.2,,-0.1
2026-03-17,123840,,0.54,0.0,,-0.0
2026-03-18,123840,,0.55,0.0,,-0.0
2026-03-19,123840,,0.56,0.0,,-0.0
2026-03-20,123840,,0.57,-0.0,-0.1,0.3
2026-03-23,123840,,0.57,1.6,-0.3,-0.5
2026-03-24,123840,,0.98,-0.1,,0.1
2026-03-25,123840,,0.95,-0.7,,0.7
2026-03-26,123840,,0.78,-0.0,,0.0
2026-03-27,123840,,0.77,0.0,,-0.0
2026-03-30,123840,,0.78,0.2,,-0.2
2026-03-31,123840,502.0,0.84,-0.0,,0.0
2026-04-01,123840,,0.85,0.2,,-0.2
2026-04-02,123840,,0.91,0.1,,-0.1
2026-04-03,123840,,0.93,-0.0,,0.0
2026-04-06,123840,,0.92,-0.1,,0.1
2026-04-07,123840,,0.9,-1.3,,1.3
2026-04-08,123840,,0.61,0.1,,-0.1
2026-04-09,123840,,0.64,0.2,,-0.3
2026-04-10,123840,,0.71,0.6,,-0.6
2026-04-13,123840,,0.87,,,
2026-04-14,123840,,0.87,,,
2026-04-15,123840,,0.87,,,
2026-04-16,123840,,0.87,,,
2026-04-17,123840,,0.87,,,
2026-04-20,123840,,0.87,,,
2026-04-21,123840,,0.87,,,
2026-04-22,123840,,0.87,,,
2026-04-23,123840,,0.87,,,
2026-04-24,123840,,0.87,,,
2026-04-27,123840,,0.87,,,
2026-04-28,123840,,0.87,,,
2026-04-29,123840,,0.87,,,
2026-04-30,123840,555.0,0.87,,,
2026-05-04,123840,,0.87,,,
2026-05-06,123840,,0.87,,,
2026-05-07,123840,,0.87,,,
2026-05-08,123840,,2.35,-0.2,-0.0,0.2
2026-05-11,123840,,0.82,-0.4,0.0,0.4
2026-05-12,123840,,0.69,-0.1,-0.0,0.1
2026-05-13,123840,,0.68,-0.1,-0.0,0.0
2026-05-14,123840,,0.66,0.0,0.0,-0.1
2026-05-15,123840,,0.67,-0.1,0.0,0.1
2026-05-18,123840,,0.65,0.1,0.0,-0.0
2026-05-19,123840,,0.67,0.0,-0.0,-0.0
2026-05-20,123840,,0.74,-0.0,-0.0,0.0
2026-05-21,123840,,0.73,-0.2,-0.0,0.2
2026-05-22,123840,,0.64,0.0,0.0,-0.0
2026-05-26,123840,,0.65,0.4,0.0,-0.6
2026-05-27,123840,,0.82,0.0,-0.0,-0.0
2026-05-28,123840,,0.82,-0.2,0.0,0.2
2026-05-29,123840,3935.0,0.76,0.0,-0.0,-0.0
2026-06-01,123840,,0.76,-0.1,-0.0,0.1
2026-06-02,123840,,0.73,0.1,-0.0,-0.1
2026-06-04,123840,,0.76,0.1,-0.0,-0.1
2026-06-05,123840,,0.79,0.0,0.0,-0.0
2026-06-08,123840,,0.81,0.0,0.0,-0.0
2026-06-09,123840,,0.82,-0.0,-0.0,0.0
2026-06-10,123840,,0.8,-0.0,0.0,0.0
2026-06-11,123840,,0.79,0.0,,-0.0
2026-06-12,123840,,0.81,-0.0,-0.0,0.0
2026-06-15,123840,,0.81,-0.1,0.0,0.1
2026-06-16,123840,,0.74,-0.1,0.0,0.1
2026-06-17,123840,,0.73,0.0,,-0.0
2026-06-18,123840,,0.73,-0.0,,0.0
2026-06-19,123840,,0.73,-0.0,0.0,0.0
2026-06-22,123840,,0.73,0.0,-0.0,-0.0
2026-06-23,123840,,0.74,0.0,0.0,-0.0
2026-06-24,123840,,0.75,0.0,-0.0,0.0
2026-06-25,123840,,0.76,0.1,0.0,-0.1
2026-06-26,123840,,0.82,0.1,0.0,-0.1
2026-06-29,123840,,0.91,0.0,,-0.0
2026-06-30,123840,2045.0,0.92,0.0,0.0,-0.0
2026-07-01,123840,,0.93,-0.0,-0.0,0.0
2026-07-02,123840,,0.92,-0.0,0.0,0.0
2026-07-03,123840,,0.89,0.1,-0.0,-0.1
2026-07-06,123840,,0.95,-0.1,-0.0,0.1
2026-07-07,123840,,0.85,-0.0,0.0,0.0
2026-07-08,123840,,0.84,0.1,0.0,-0.1
2026-07-09,123840,,0.94,-0.2,-0.0,0.2
2026-07-10,123840,,0.84,-0.1,0.0,0.1
2026-07-13,123840,1989.0,0.78,0.1,0.0,-0.2
2025-07-14,123860,,4.3,0.5,-0.1,-0.4
2025-07-15,123860,,4.32,1.1,0.1,-1.2
2025-07-16,123860,,4.37,0.4,-0.1,-0.3
2025-07-17,123860,,4.39,2.9,0.0,-2.9
2025-07-18,123860,,4.52,0.2,-0.1,-0.2
2025-07-21,123860,,4.53,2.1,-1.0,-1.1
2025-07-22,123860,,4.62,-1.7,0.0,1.6
2025-07-23,123860,,4.55,0.7,-0.1,-0.5
2025-07-24,123860,,4.58,6.5,-0.0,-6.6
2025-07-25,123860,,4.86,-0.5,0.1,0.2
2025-07-28,123860,,4.84,-1.3,-0.0,1.4
2025-07-29,123860,,4.78,-1.2,0.0,0.2
2025-07-30,123860,,4.73,1.2,-0.1,-1.1
2025-07-31,123860,,4.78,0.6,-0.2,-0.3
2025-08-01,123860,,4.89,-0.4,0.1,0.3
2025-08-04,123860,,4.87,-0.7,-0.0,0.7
2025-08-05,123860,,4.84,0.9,-0.1,-0.8
2025-08-06,123860,,4.88,0.2,0.0,-0.2
2025-08-07,123860,,4.89,0.1,0.0,-0.2
2025-08-08,123860,,4.89,1.9,-0.6,-1.2
2025-08-11,123860,,4.97,1.8,-1.2,-0.5
2025-08-12,123860,,5.05,0.3,-0.3,0.2
2025-08-13,123860,,5.06,3.1,-2.8,0.4
2025-08-14,123860,,5.2,-2.4,0.0,2.3
2025-08-18,123860,,5.09,-1.1,0.1,1.1
2025-08-19,123860,,5.04,-1.9,-1.0,3.2
2025-08-20,123860,,4.96,0.9,0.0,-0.9
2025-08-21,123860,,5.0,0.4,0.0,-1.4
2025-08-22,123860,,5.02,-2.4,0.0,1.3
2025-08-25,123860,,4.9,1.6,-0.1,-1.6
2025-08-26,123860,,5.04,0.7,-0.0,-1.2
2025-08-27,123860,,5.13,0.7,0.1,-0.3
2025-08-28,123860,,5.08,1.9,-0.3,-1.6
2025-08-29,123860,17900.0,5.16,-0.9,-0.9,1.9
2025-09-01,123860,,5.15,-4.5,-0.1,4.4
2025-09-02,123860,,4.93,-0.1,-0.0,0.1
2025-09-03,123860,,4.91,1.0,-0.0,-0.9
2025-09-04,123860,,4.96,0.5,0.0,-0.5
2025-09-05,123860,,4.98,18.3,2.5,-20.7
2025-09-08,123860,,5.77,-0.7,1.2,-0.6
2025-09-09,123860,,5.74,0.0,0.8,-0.8
2025-09-10,123860,,5.74,-0.2,0.0,0.2
2025-09-11,123860,,5.73,3.5,-2.1,-1.4
2025-09-12,123860,,5.87,1.2,0.1,-0.2
2025-09-15,123860,,5.92,1.5,-2.3,0.8
2025-09-16,123860,,5.99,1.1,0.1,-0.9
2025-09-17,123860,,6.03,1.4,-0.3,-1.2
2025-09-18,123860,,6.07,-0.1,-0.0,0.1
2025-09-19,123860,,6.06,-0.9,-0.0,0.9
2025-09-22,123860,,6.03,1.2,0.0,-1.2
2025-09-23,123860,,6.08,0.3,0.0,-0.3
2025-09-24,123860,,6.09,2.2,-1.1,-1.1
2025-09-25,123860,,6.18,-0.3,0.0,0.3
2025-09-26,123860,,6.17,-2.1,-0.0,2.1
2025-09-29,123860,,6.08,0.0,0.0,-0.0
2025-09-30,123860,18870.0,6.08,-0.7,0.0,0.8
2025-10-01,123860,,6.05,-0.6,-0.0,0.6
2025-10-02,123860,,6.02,0.1,-0.0,-1.0
2025-10-10,123860,,6.03,-1.1,-0.7,1.7
2025-10-13,123860,,5.98,-0.2,0.5,-0.3
2025-10-14,123860,,5.97,-1.6,-0.4,1.7
2025-10-15,123860,,5.89,0.1,0.0,-0.4
2025-10-16,123860,,5.9,1.0,0.3,-1.4
2025-10-17,123860,,5.94,-0.5,-0.3,0.8
2025-10-20,123860,,5.92,-0.1,-0.1,0.3
2025-10-21,123860,,5.93,-1.5,-0.0,1.4
2025-10-22,123860,,5.86,0.8,0.4,-1.2
2025-10-23,123860,,5.9,-2.6,-0.3,2.9
2025-10-24,123860,,5.78,-2.2,-0.0,2.2
2025-10-27,123860,,5.68,0.3,0.0,-0.2
2025-10-28,123860,,5.7,-1.1,-0.0,2.1
2025-10-29,123860,,5.65,1.2,0.2,-1.2
2025-10-30,123860,,5.7,-1.2,-0.1,1.2
2025-10-31,123860,17640.0,5.65,-0.4,-0.1,0.7
2025-11-03,123860,,5.63,-0.0,0.2,-0.2
2025-11-04,123860,,5.63,-0.0,-0.2,0.3
2025-11-05,123860,,5.63,-2.6,0.4,2.1
2025-11-06,123860,,5.5,-0.4,0.3,0.1
2025-11-07,123860,,5.48,-1.8,-0.5,2.4
2025-11-10,123860,,5.39,0.4,0.3,-0.1
2025-11-11,123860,,5.45,-0.6,-0.4,1.0
2025-11-12,123860,,5.35,0.5,0.2,-0.7
2025-11-13,123860,,5.38,0.1,0.0,-0.2
2025-11-14,123860,,5.38,8.4,-7.8,-0.9
2025-11-17,123860,,5.77,-1.7,0.0,1.8
2025-11-18,123860,,5.69,-5.0,-0.4,5.4
2025-11-19,123860,,5.46,-0.8,0.1,0.6
2025-11-20,123860,,5.42,0.4,-0.0,-0.4
2025-11-21,123860,,5.44,1.8,-0.0,-1.8
2025-11-24,123860,,5.52,-0.5,-0.0,0.5
2025-11-25,123860,,5.5,-4.0,0.4,3.5
2025-11-26,123860,,5.31,-2.0,-0.4,2.5
2025-11-27,123860,,5.21,0.6,0.0,-0.7
2025-11-28,123860,17350.0,5.24,2.3,-0.2,-1.8
2025-12-01,123860,,5.35,7.4,-1.9,-5.5
2025-12-02,123860,,5.85,-0.0,-0.1,0.1
2025-12-03,123860,,5.85,1.1,-0.3,-0.9
2025-12-04,123860,,5.9,-1.3,-1.4,2.7
2025-12-05,123860,,5.84,-0.2,0.1,0.2
2025-12-08,123860,,5.83,0.2,-0.1,-0.0
2025-12-09,123860,,5.83,0.1,-0.2,0.1
2025-12-10,123860,,5.84,0.7,0.0,-0.7
2025-12-11,123860,,5.87,2.3,0.1,-2.4
2025-12-12,123860,,5.98,0.4,0.0,-0.4
2025-12-15,123860,,6.0,-0.5,-0.0,0.5
2025-12-16,123860,,5.96,-5.0,-0.2,5.1
2025-12-17,123860,,5.72,1.3,0.2,-1.4
2025-12-18,123860,,5.78,-0.3,-0.0,0.3
2025-12-19,123860,,5.77,-0.5,-0.1,0.6
2025-12-22,123860,,5.74,1.2,0.0,-1.2
2025-12-23,123860,,5.8,-0.1,-0.2,0.8
2025-12-24,123860,,5.82,-0.2,1.0,-0.7
2025-12-26,123860,,5.8,0.2,-0.1,-0.1
2025-12-29,123860,,5.81,0.8,-0.2,-0.5
2025-12-30,123860,17350.0,5.85,-0.1,-0.8,0.9
2026-01-02,123860,,5.84,-0.2,-0.0,0.2
2026-01-05,123860,,5.83,-0.3,-0.0,0.3
2026-01-06,123860,,5.82,-0.9,-0.0,1.0
2026-01-07,123860,,5.77,-1.9,-0.0,2.0
2026-01-08,123860,,5.68,-0.1,-0.0,0.1
2026-01-09,123860,,5.67,-4.9,-0.0,4.9
2026-01-12,123860,,5.43,0.3,0.0,-0.3
2026-01-13,123860,,5.44,-1.5,-0.0,1.4
2026-01-14,123860,,5.49,-2.4,-0.0,2.4
2026-01-15,123860,,5.37,-1.0,-0.0,1.0
2026-01-16,123860,,5.32,-0.9,-0.0,0.9
2026-01-19,123860,,5.28,1.4,-0.0,-1.4
2026-01-20,123860,,5.34,0.7,-0.0,-0.5
2026-01-21,123860,,5.38,-1.6,-0.0,1.4
2026-01-22,123860,,5.3,0.9,-0.0,-0.9
2026-01-23,123860,,5.34,0.4,-0.1,-0.3
2026-01-26,123860,,5.36,1.0,-0.1,-0.9
2026-01-27,123860,,5.41,-2.1,0.0,2.1
2026-01-28,123860,,5.3,3.4,-0.0,-3.3
2026-01-29,123860,,5.47,4.2,-0.1,-2.3
2026-01-30,123860,17710.0,5.68,-1.0,-0.0,1.0
2026-02-02,123860,,5.63,-2.8,0.0,2.7
2026-02-03,123860,,5.5,-0.5,-0.0,0.5
2026-02-04,123860,,5.44,1.3,-0.0,-1.3
2026-02-05,123860,,5.49,-0.4,-0.0,0.9
2026-02-06,123860,,5.47,-5.3,-0.0,5.3
2026-02-09,123860,,5.21,3.3,0.0,-3.1
2026-02-10,123860,,5.37,1.6,0.0,-1.7
2026-02-11,123860,,5.48,3.4,-0.0,-1.6
2026-02-12,123860,,5.65,0.0,-0.0,-0.0
2026-02-13,123860,,5.66,-0.3,0.0,0.3
2026-02-19,123860,,5.64,0.9,0.0,1.6
2026-02-20,123860,,5.68,-2.3,-0.0,2.3
2026-02-23,123860,,5.57,-0.0,-0.0,0.0
2026-02-24,123860,,5.57,3.1,-0.0,-3.1
2026-02-25,123860,,5.72,-0.8,-0.0,0.9
2026-02-26,123860,,5.68,-4.2,-0.0,4.2
2026-02-27,123860,16640.0,5.47,-7.5,-0.0,8.3
2026-03-03,123860,,5.09,-3.4,0.0,3.4
2026-03-04,123860,,4.92,1.5,-0.0,-1.5
2026-03-05,123860,,4.93,-0.5,-0.0,-0.2
2026-03-06,123860,,4.9,0.5,-0.1,-0.5
2026-03-09,123860,,4.93,-0.8,0.0,0.8
2026-03-10,123860,,4.88,1.0,-0.0,-1.1
2026-03-11,123860,,4.97,-1.6,-0.0,1.5
2026-03-12,123860,,4.88,-0.6,-0.0,0.6
2026-03-13,123860,,4.85,0.7,-0.0,-0.7
2026-03-16,123860,,4.89,-0.8,0.0,1.4
2026-03-17,123860,,4.84,0.3,-0.0,-0.4
2026-03-18,123860,,4.86,0.1,0.0,-0.2
2026-03-19,123860,,4.87,-0.0,-0.0,-0.0
2026-03-20,123860,,4.86,-1.5,-0.0,1.5
2026-03-23,123860,,4.79,-1.5,-0.0,1.5
2026-03-24,123860,,4.7,-0.4,-0.0,0.5
2026-03-25,123860,,4.68,1.3,-0.0,-1.3
2026-03-26,123860,,4.74,-1.2,-0.0,1.2
2026-03-27,123860,,4.68,7.3,0.4,-7.8
2026-03-30,123860,,5.03,-1.1,-0.0,-5.9
2026-03-31,123860,16910.0,4.98,-4.4,0.0,-3.3
2026-04-01,123860,,4.76,-0.3,-0.1,-1.5
2026-04-02,123860,,4.75,-1.2,-0.1,1.2
2026-04-03,123860,,4.69,1.9,0.0,-4.6
2026-04-06,123860,,4.78,15.7,-14.6,-4.4
2026-04-07,123860,,5.5,-2.2,0.0,1.2
2026-04-08,123860,,5.4,-1.5,-0.1,-2.9
2026-04-09,123860,,5.33,-3.5,0.0,0.1
2026-04-10,123860,,5.17,0.2,-1.3,-2.6
2026-04-13,123860,,5.18,0.5,0.0,-2.2
2026-04-14,123860,,5.2,-4.3,-1.3,3.1
2026-04-15,123860,,5.02,3.7,-0.0,-4.1
2026-04-16,123860,,5.19,-1.2,-0.0,1.1
2026-04-17,123860,,5.13,-0.9,0.0,0.7
2026-04-20,123860,,5.09,-0.6,0.0,0.5
2026-04-21,123860,,5.06,-1.9,0.0,1.9
2026-04-22,123860,,4.97,0.9,-0.1,-3.2
2026-04-23,123860,,5.02,0.6,-0.0,-1.8
2026-04-24,123860,,5.04,2.7,0.1,-3.3
2026-04-27,123860,,5.17,-1.8,-0.0,1.8
2026-04-28,123860,,5.08,-0.4,0.0,0.4
2026-04-29,123860,,5.06,-1.0,0.0,-0.5
2026-04-30,123860,17500.0,5.02,-0.3,-0.2,-1.2
2026-05-04,123860,,5.01,7.7,-0.0,-2.0
2026-05-06,123860,,5.36,-4.9,-0.0,2.8
2026-05-07,123860,,5.13,-1.6,-0.5,0.2
2026-05-08,123860,,5.05,3.5,-0.0,-4.1
2026-05-11,123860,,5.21,1.0,-0.0,-1.0
2026-05-12,123860,,5.26,-1.2,-0.2,1.3
2026-05-13,123860,,5.21,-1.3,0.0,1.2
2026-05-14,123860,,5.14,2.1,-0.0,-3.9
2026-05-15,123860,,5.22,0.1,0.0,-1.8
2026-05-18,123860,,5.03,6.6,-2.3,-6.1
2026-05-19,123860,,5.41,15.7,-0.8,-18.8
2026-05-20,123860,,6.04,-3.0,-6.0,11.6
2026-05-21,123860,,5.95,4.0,-4.0,-0.8
2026-05-22,123860,,6.12,26.3,-0.5,-27.5
2026-05-26,123860,,7.17,-5.8,2.5,3.6
2026-05-27,123860,,6.95,-3.3,-1.5,4.7
2026-05-28,123860,,6.81,1.4,0.3,-1.6
2026-05-29,123860,19030.0,6.87,-7.5,-1.1,7.7
2026-06-01,123860,,6.56,0.1,0.3,-1.9
2026-06-02,123860,,6.56,-1.5,-0.3,0.5
2026-06-04,123860,,6.51,0.1,-0.0,-1.0
2026-06-05,123860,,6.51,-1.8,0.0,1.8
2026-06-08,123860,,6.43,-2.1,-0.0,1.7
2026-06-09,123860,,6.31,-0.2,0.0,-1.4
2026-06-10,123860,,6.3,-1.0,-0.0,-0.1
2026-06-11,123860,,6.24,-0.9,0.0,-0.5
2026-06-12,123860,,6.19,-2.6,0.1,1.9
2026-06-15,123860,,6.05,0.4,0.0,-0.7
2026-06-16,123860,,6.07,-1.1,-0.2,1.2
2026-06-17,123860,,6.02,0.1,0.0,-0.1
2026-06-18,123860,,5.91,-1.2,0.0,1.5
2026-06-19,123860,,5.85,-1.0,0.0,1.0
2026-06-22,123860,,5.8,-1.7,0.0,1.9
2026-06-23,123860,,5.72,-2.7,0.0,3.0
2026-06-24,123860,,5.57,-3.2,0.0,3.3
2026-06-25,123860,,5.39,-1.7,0.0,0.1
2026-06-26,123860,,5.29,-2.2,0.0,-1.0
2026-06-29,123860,,5.21,-0.1,0.0,0.0
2026-06-30,123860,15150.0,5.2,-0.7,0.0,0.7
2026-07-01,123860,,5.17,-0.3,0.0,0.3
2026-07-02,123860,,5.15,-1.5,0.0,-0.1
2026-07-03,123860,,5.07,-0.7,-0.0,-1.6
2026-07-06,123860,,5.03,-1.3,0.0,0.7
2026-07-07,123860,,4.96,-2.2,0.0,0.8
2026-07-08,123860,,4.83,-1.6,-0.0,2.7
2026-07-09,123860,,4.73,0.4,0.0,-0.7
2026-07-10,123860,,4.76,0.2,-0.0,-0.2
2026-07-13,123860,13960.0,4.77,-0.5,0.0,0.5
2025-07-14,123890,,3.97,1.5,0.3,-1.7
2025-07-15,123890,,4.02,-0.6,0.4,0.2
2025-07-16,123890,,4.0,-2.9,0.1,2.7
2025-07-17,123890,,3.91,-1.2,-0.3,1.4
2025-07-18,123890,,3.87,-1.5,0.1,1.5
2025-07-21,123890,,3.82,-1.3,-0.0,1.2
2025-07-22,123890,,3.78,-1.3,-0.0,1.5
2025-07-23,123890,,3.74,-1.5,0.0,1.1
2025-07-24,123890,,3.69,-2.3,0.0,2.2
2025-07-25,123890,,3.62,-0.4,0.0,0.4
2025-07-28,123890,,3.62,-1.8,-0.2,2.0
2025-07-29,123890,,3.56,-0.3,-0.0,0.4
2025-07-30,123890,,3.53,0.2,-0.0,-0.1
2025-07-31,123890,,3.54,-0.0,0.0,-0.0
2025-08-01,123890,,3.54,-1.8,-0.1,1.7
2025-08-04,123890,,3.47,-0.1,-0.1,0.1
2025-08-05,123890,,3.47,-0.3,0.0,0.3
2025-08-06,123890,,3.46,0.8,-0.0,-0.7
2025-08-07,123890,,3.49,-0.6,-0.1,0.6
2025-08-08,123890,,3.47,-0.7,-0.0,0.7
2025-08-11,123890,,3.44,-0.6,0.1,0.5
2025-08-12,123890,,3.42,-0.7,-0.0,0.5
2025-08-13,123890,,3.4,-1.8,-0.0,1.6
2025-08-14,123890,,3.34,-2.4,0.0,2.2
2025-08-18,123890,,3.26,-1.0,0.1,1.0
2025-08-19,123890,,3.22,-1.8,-0.7,2.4
2025-08-20,123890,,3.16,-1.0,-0.2,1.2
2025-08-21,123890,,3.13,-0.6,0.6,-0.1
2025-08-22,123890,,3.11,-0.8,-0.0,0.8
2025-08-25,123890,,3.08,-0.2,-0.0,0.2
2025-08-26,123890,,3.07,-1.6,0.2,1.4
2025-08-27,123890,,3.07,-1.3,-0.1,1.2
2025-08-28,123890,,3.04,0.1,-0.1,0.0
2025-08-29,123890,2410.0,3.04,-1.1,1.5,-0.3
2025-09-01,123890,,3.01,-0.5,0.3,0.3
2025-09-02,123890,,3.09,-0.3,-0.1,0.4
2025-09-03,123890,,3.08,-0.1,-0.2,0.3
2025-09-04,123890,,3.08,0.0,-0.1,0.1
2025-09-05,123890,,3.08,-0.1,-0.0,0.2
2025-09-08,123890,,3.07,0.5,-0.1,-0.8
2025-09-09,123890,,3.09,-0.6,0.1,0.5
2025-09-10,123890,,3.07,0.9,-1.2,0.3
2025-09-11,123890,,3.1,0.5,1.3,-1.4
2025-09-12,123890,,3.12,-1.6,0.0,1.3
2025-09-15,123890,,3.06,0.0,-0.0,-0.1
2025-09-16,123890,,3.06,-0.9,0.1,0.8
2025-09-17,123890,,3.03,1.1,0.0,-1.2
2025-09-18,123890,,3.07,-0.5,-1.2,1.3
2025-09-19,123890,,3.06,-6.5,-0.7,7.1
2025-09-22,123890,,2.8,-1.3,-0.4,2.1
2025-09-23,123890,,2.76,-3.6,0.0,3.4
2025-09-24,123890,,2.61,-4.6,-0.0,4.5
2025-09-25,123890,,2.44,-1.0,0.0,0.9
2025-09-26,123890,,2.41,-2.8,-0.1,2.9
2025-09-29,123890,,2.28,0.1,-0.2,-0.0
2025-09-30,123890,2315.0,2.28,-0.3,-0.0,0.4
2025-10-01,123890,,2.27,-0.9,-0.0,0.9
2025-10-02,123890,,2.24,-1.2,0.0,1.6
2025-10-10,123890,,2.2,-2.6,-0.1,3.1
2025-10-13,123890,,2.1,-1.9,-0.9,3.3
2025-10-14,123890,,2.03,0.2,-0.5,0.4
2025-10-15,123890,,2.04,0.1,-0.1,0.2
2025-10-16,123890,,2.04,-0.0,0.1,-0.1
2025-10-17,123890,,2.04,-1.7,-1.3,2.9
2025-10-20,123890,,1.98,0.5,-0.0,-0.5
2025-10-21,123890,,2.06,-0.1,-0.1,0.2
2025-10-22,123890,,2.06,-0.2,0.0,0.2
2025-10-23,123890,,2.05,0.3,-0.0,-0.3
2025-10-24,123890,,2.06,-0.3,-0.1,0.5
2025-10-27,123890,,2.05,-0.3,-0.1,0.6
2025-10-28,123890,,2.04,-0.4,0.1,0.4
2025-10-29,123890,,2.02,-0.4,-0.1,0.5
2025-10-30,123890,,2.01,-1.5,-0.0,1.7
2025-10-31,123890,2215.0,1.96,-1.6,-2.7,4.0
2025-11-03,123890,,1.91,-0.8,-0.1,1.0
2025-11-04,123890,,1.88,-0.4,-0.3,0.7
2025-11-05,123890,,1.87,-0.5,0.1,0.5
2025-11-06,123890,,1.85,0.5,0.1,-0.6
2025-11-07,123890,,1.82,-0.5,0.1,0.7
2025-11-10,123890,,1.81,0.9,0.2,-1.5
2025-11-11,123890,,1.79,0.0,0.0,-0.0
2025-11-12,123890,,1.79,2.1,0.1,-2.7
2025-11-13,123890,,1.86,-0.1,0.3,-0.1
2025-11-14,123890,,1.85,0.3,0.4,-1.4
2025-11-17,123890,,1.86,0.7,0.2,-1.7
2025-11-18,123890,,1.97,-0.0,-0.6,0.2
2025-11-19,123890,,1.96,1.6,0.0,-1.6
2025-11-20,123890,,2.02,3.2,0.2,-3.8
2025-11-21,123890,,2.05,1.9,0.1,-2.4
2025-11-24,123890,,2.12,0.8,-0.3,-0.6
2025-11-25,123890,,2.14,0.4,0.0,-0.5
2025-11-26,123890,,2.16,0.7,-0.1,-2.2
2025-11-27,123890,,2.18,0.4,-0.1,-0.6
2025-11-28,123890,2470.0,2.19,-0.2,0.0,0.2
2025-12-01,123890,,2.2,1.4,0.0,-2.0
2025-12-02,123890,,2.25,3.3,2.1,-5.5
2025-12-03,123890,,2.35,-0.4,-0.3,0.1
2025-12-04,123890,,2.34,-0.6,0.3,0.3
2025-12-05,123890,,2.32,0.3,0.6,-0.9
2025-12-08,123890,,2.32,-0.4,-0.2,0.1
2025-12-09,123890,,2.3,0.5,-0.0,-1.1
2025-12-10,123890,,2.32,0.3,-0.1,-1.2
2025-12-11,123890,,2.33,0.2,-0.4,-0.4
2025-12-12,123890,,2.34,0.5,0.0,-0.8
2025-12-15,123890,,2.36,0.5,-0.0,-1.4
2025-12-16,123890,,2.37,-1.4,2.1,-1.2
2025-12-17,123890,,2.72,-0.9,0.2,-0.2
2025-12-18,123890,,2.69,-0.6,-0.2,0.5
2025-12-19,123890,,2.67,0.7,0.0,-0.7
2025-12-22,123890,,2.69,0.3,0.0,-0.4
2025-12-23,123890,,2.71,-0.8,-0.2,0.9
2025-12-24,123890,,2.68,0.8,0.3,-1.1
2025-12-26,123890,,2.7,1.0,0.7,-1.3
2025-12-29,123890,,2.34,0.4,-1.1,0.8
2025-12-30,123890,2430.0,2.35,0.3,-0.3,0.0
2026-01-02,123890,,2.37,0.2,-1.4,1.5
2026-01-05,123890,,2.37,-0.2,-0.1,0.4
2026-01-06,123890,,2.76,0.1,0.0,0.0
2026-01-07,123890,,3.31,-0.7,0.0,0.2
2026-01-08,123890,,3.28,3.5,-2.8,-0.4
2026-01-09,123890,,3.4,-0.1,3.2,-3.1
2026-01-12,123890,,3.4,-0.0,3.2,-3.1
2026-01-13,123890,,3.63,-2.5,2.9,-2.0
2026-01-14,123890,,3.55,1.5,3.0,-4.5
2026-01-15,123890,,3.6,-2.4,2.2,0.2
2026-01-16,123890,,3.52,0.2,-0.2,-0.2
2026-01-19,123890,,3.52,1.1,-0.3,-0.7
2026-01-20,123890,,3.56,2.6,1.2,-3.8
2026-01-21,123890,,3.65,-0.5,-0.1,0.6
2026-01-22,123890,,3.63,0.2,0.9,-1.2
2026-01-23,123890,,3.64,0.6,1.1,-1.7
2026-01-26,123890,,3.66,0.0,0.2,-0.3
2026-01-27,123890,,3.66,-0.1,2.4,-2.3
2026-01-28,123890,,3.66,-2.1,3.0,-2.5
2026-01-29,123890,,3.52,5.5,0.1,-6.7
2026-01-30,123890,2605.0,3.7,4.1,2.6,-7.8
2026-02-02,123890,,3.83,0.5,1.8,-2.9
2026-02-03,123890,,3.84,0.2,-0.1,-0.7
2026-02-04,123890,,3.85,1.0,0.0,-2.3
2026-02-05,123890,,3.2,0.5,0.8,-1.9
2026-02-06,123890,,3.21,-0.6,0.1,-0.4
2026-02-09,123890,,3.19,-3.4,-0.2,1.4
2026-02-10,123890,,3.09,3.8,0.0,-4.9
2026-02-11,123890,,3.2,8.2,0.8,-10.6
2026-02-12,123890,,3.45,2.3,2.8,-2.6
2026-02-13,123890,,3.52,2.2,4.4,-9.2
2026-02-19,123890,,3.58,-4.5,1.5,2.2
2026-02-20,123890,,3.46,1.9,0.1,-3.9
2026-02-23,123890,,3.51,-3.9,0.2,2.6
2026-02-24,123890,,3.4,-7.6,0.0,12.3
2026-02-25,123890,,3.23,7.9,0.2,-10.5
2026-02-26,123890,,3.45,0.7,1.9,-3.1
2026-02-27,123890,2980.0,3.47,-0.0,0.1,-2.4
2026-03-03,123890,,3.47,5.0,0.7,-5.6
2026-03-04,123890,,3.61,1.4,-0.6,-2.6
2026-03-05,123890,,3.65,4.6,0.8,-5.3
2026-03-06,123890,,3.78,0.3,-0.0,-0.2
2026-03-09,123890,,3.79,3.8,0.1,-3.9
2026-03-10,123890,,3.9,1.0,1.4,-2.7
2026-03-11,123890,,3.56,1.9,-0.1,-2.1
2026-03-12,123890,,3.61,1.6,-0.0,-2.8
2026-03-13,123890,,3.66,2.9,-2.0,-1.1
2026-03-16,123890,,3.74,0.8,0.0,-0.9
2026-03-17,123890,,3.76,1.1,-0.5,-0.4
2026-03-18,123890,,3.83,3.0,-0.0,-2.7
2026-03-19,123890,,3.81,1.5,-0.0,-1.7
2026-03-20,123890,,3.85,11.3,0.1,-10.6
2026-03-23,123890,,4.17,-0.2,0.1,0.1
2026-03-24,123890,,4.16,-2.7,0.0,2.6
2026-03-25,123890,,4.08,-2.7,-0.1,2.8
2026-03-26,123890,,4.01,-1.8,1.0,1.2
2026-03-27,123890,,3.95,0.3,0.2,-0.5
2026-03-30,123890,,4.03,-5.3,-1.0,5.9
2026-03-31,123890,2570.0,3.75,-3.2,-0.6,4.0
2026-04-01,123890,,3.65,-1.5,-2.6,4.1
2026-04-02,123890,,3.6,-1.4,0.5,0.8
2026-04-03,123890,,3.51,1.0,-1.3,0.3
2026-04-06,123890,,3.54,0.2,-0.5,0.3
2026-04-07,123890,,3.55,-0.1,0.0,1.3
2026-04-08,123890,,3.55,2.2,-0.0,-1.9
2026-04-09,123890,,3.62,0.1,0.1,-0.2
2026-04-10,123890,,3.62,2.3,0.1,-2.3
2026-04-13,123890,,3.69,1.9,1.6,-3.4
2026-04-14,123890,,3.75,1.7,0.0,-1.7
2026-04-15,123890,,3.8,0.4,-0.2,-0.0
2026-04-16,123890,,3.81,-0.3,-0.1,-0.4
2026-04-17,123890,,3.8,-0.7,1.0,-0.3
2026-04-20,123890,,3.78,-1.0,-0.1,0.4
2026-04-21,123890,,3.75,0.2,-1.0,0.9
2026-04-22,123890,,3.75,0.8,-1.3,0.4
2026-04-23,123890,,3.78,1.9,-0.2,-1.7
2026-04-24,123890,,3.84,1.1,-0.8,-0.4
2026-04-27,123890,,4.46,-1.2,0.1,1.0
2026-04-28,123890,,4.27,2.5,0.7,-3.7
2026-04-29,123890,,4.35,-0.9,3.2,-1.6
2026-04-30,123890,2655.0,4.3,-0.7,-0.1,0.8
2026-05-04,123890,,4.28,-2.1,-0.8,4.4
2026-05-06,123890,,4.21,-2.9,-0.4,5.4
2026-05-07,123890,,4.12,2.0,-1.0,0.7
2026-05-08,123890,,4.18,-1.4,-2.9,4.1
2026-05-11,123890,,4.14,-2.8,-0.2,2.8
2026-05-12,123890,,4.05,-0.5,-0.3,2.1
2026-05-13,123890,,4.03,-0.4,-0.4,0.9
2026-05-14,123890,,4.01,1.0,-0.1,0.3
2026-05-15,123890,,4.02,0.2,-0.4,1.3
2026-05-18,123890,,4.03,-1.7,0.2,1.6
2026-05-19,123890,,3.97,-0.4,-0.3,0.7
2026-05-20,123890,,3.96,-1.8,0.7,1.0
2026-05-21,123890,,3.9,-2.0,0.2,1.8
2026-05-22,123890,,3.83,1.5,-0.3,-2.1
2026-05-26,123890,,3.88,-1.8,-0.1,2.2
2026-05-27,123890,,3.81,-2.2,-0.3,3.1
2026-05-28,123890,,3.74,1.4,-0.3,0.3
2026-05-29,123890,2300.0,3.79,1.7,-0.1,0.2
2026-06-01,123890,,3.85,1.0,-0.0,-0.7
2026-06-02,123890,,3.88,-0.1,-0.4,1.9
2026-06-04,123890,,3.88,-9.4,-0.5,10.4
2026-06-05,123890,,3.59,2.9,-0.1,-3.2
2026-06-08,123890,,3.7,0.5,0.0,-0.3
2026-06-09,123890,,3.72,1.8,-0.0,-1.2
2026-06-10,123890,,3.81,1.2,-0.0,-1.2
2026-06-11,123890,,3.84,-6.5,22.9,-14.5
2026-06-12,123890,,3.63,-1.7,-1.1,1.8
2026-06-15,123890,,3.57,-0.2,-0.2,0.1
2026-06-16,123890,,3.56,0.6,0.7,-1.3
2026-06-17,123890,,3.59,1.0,-2.1,1.3
2026-06-18,123890,,3.63,1.1,0.0,-1.0
2026-06-19,123890,,3.67,0.9,-0.3,0.1
2026-06-22,123890,,3.7,0.6,0.9,-1.5
2026-06-23,123890,,3.73,-0.3,-0.0,2.6
2026-06-24,123890,,3.71,-1.7,-0.0,2.4
2026-06-25,123890,,3.65,-0.4,0.2,1.8
2026-06-26,123890,,3.63,1.4,-0.1,1.8
2026-06-29,123890,,3.75,1.0,-0.0,-1.0
2026-06-30,123890,2140.0,3.78,-0.2,-0.2,0.2
2026-07-01,123890,,3.77,-0.2,0.1,-0.1
2026-07-02,123890,,3.76,0.8,-0.1,-0.8
2026-07-03,123890,,3.88,0.3,0.3,-0.7
2026-07-06,123890,,3.89,0.7,0.1,-1.0
2026-07-07,123890,,3.91,0.9,0.2,-1.0
2026-07-08,123890,,3.95,0.0,3.0,-3.0
2026-07-09,123890,,3.95,-1.5,-0.4,1.6
2026-07-10,123890,,3.89,1.7,-0.7,-0.9
2026-07-13,123890,2240.0,3.95,0.5,0.2,-0.7
2025-07-14,124500,,6.51,35.7,0.2,-35.6
2025-07-15,124500,,7.37,6.2,-1.1,-5.9
2025-07-16,124500,,7.55,13.0,-2.7,-10.0
2025-07-17,124500,,7.85,-31.7,-4.7,35.6
2025-07-18,124500,,6.98,9.3,-1.9,-7.8
2025-07-21,124500,,7.36,-16.2,-0.0,13.4
2025-07-22,124500,,6.91,-5.9,-0.1,3.5
2025-07-23,124500,,6.78,3.5,-0.0,-4.2
2025-07-24,124500,,6.86,-2.0,-0.0,1.3
2025-07-25,124500,,6.84,-6.3,8.0,0.3
2025-07-28,124500,,6.83,-20.6,-2.8,22.8
2025-07-29,124500,,6.29,3.4,-3.5,-1.5
2025-07-30,124500,,6.38,22.2,-3.0,-19.1
2025-07-31,124500,,7.03,6.0,0.1,-6.6
2025-08-01,124500,,7.13,25.4,-10.6,-15.4
2025-08-04,124500,,7.88,5.5,0.0,-5.9
2025-08-05,124500,,8.0,-2.7,0.2,2.5
2025-08-06,124500,,7.86,1.9,-0.5,-1.4
2025-08-07,124500,,7.91,-3.3,-0.1,3.3
2025-08-08,124500,,7.83,-7.8,-0.6,8.6
2025-08-11,124500,,7.68,-7.1,1.1,6.5
2025-08-12,124500,,7.61,-25.4,1.4,21.6
2025-08-13,124500,,6.9,-20.3,-0.8,18.8
2025-08-14,124500,,6.4,5.4,-0.6,-4.3
2025-08-18,124500,,6.62,-7.2,-1.5,10.8
2025-08-19,124500,,6.36,1.5,-0.4,-2.6
2025-08-20,124500,,6.39,11.8,-0.6,-11.4
2025-08-21,124500,,6.79,12.3,-0.2,-12.7
2025-08-22,124500,,7.05,2.8,-0.1,-2.8
2025-08-25,124500,,7.13,2.1,-0.2,-1.4
2025-08-26,124500,,6.93,6.0,-0.3,-6.0
2025-08-27,124500,,7.16,10.0,-0.4,-9.4
2025-08-28,124500,,7.51,-2.9,-0.5,3.6
2025-08-29,124500,14500.0,7.37,1.1,-0.5,-1.2
2025-09-01,124500,,7.36,9.2,0.4,-9.6
2025-09-02,124500,,7.68,-3.5,0.1,3.1
2025-09-03,124500,,7.51,-18.9,22.0,-4.3
2025-09-04,124500,,6.96,-34.7,14.6,18.3
2025-09-05,124500,,6.28,-24.0,3.8,19.3
2025-09-08,124500,,5.5,-2.8,11.0,-6.9
2025-09-09,124500,,5.37,-27.0,-0.4,27.2
2025-09-10,124500,,4.69,-11.3,10.6,-0.0
2025-09-11,124500,,4.62,-7.9,1.0,6.9
2025-09-12,124500,,4.33,4.6,1.3,-6.8
2025-09-15,124500,,4.42,4.8,0.1,-5.1
2025-09-16,124500,,4.57,2.2,0.3,-2.0
2025-09-17,124500,,4.65,-8.5,0.7,7.8
2025-09-18,124500,,4.41,8.1,0.9,-9.6
2025-09-19,124500,,4.65,5.0,-16.6,11.8
2025-09-22,124500,,4.65,20.0,-19.3,-1.3
2025-09-23,124500,,5.18,-35.0,-4.2,40.2
2025-09-24,124500,,4.25,46.6,-3.1,-37.6
2025-09-25,124500,,5.43,-40.1,-6.6,45.7
2025-09-26,124500,,4.42,-25.7,-11.0,33.8
2025-09-29,124500,,3.77,87.4,-3.1,-82.0
2025-09-30,124500,17680.0,5.81,-78.6,-1.7,79.0
2025-10-01,124500,,3.94,-19.9,0.9,16.8
2025-10-02,124500,,3.72,36.5,-1.1,-35.1
2025-10-10,124500,,4.69,45.7,16.7,-59.8
2025-10-13,124500,,5.62,-114.0,5.7,99.4
2025-10-14,124500,,3.48,-4.6,1.3,4.9
2025-10-15,124500,,3.42,-24.7,-1.2,25.7
2025-10-16,124500,,3.05,-32.1,-7.2,40.2
2025-10-17,124500,,2.29,-2.1,-2.4,2.6
2025-10-20,124500,,2.26,-3.0,-6.6,10.7
2025-10-21,124500,,2.26,-4.5,-1.6,7.0
2025-10-22,124500,,2.17,-6.8,2.3,2.5
2025-10-23,124500,,2.02,35.9,-3.8,-37.6
2025-10-24,124500,,2.82,-25.7,0.3,18.8
2025-10-27,124500,,2.25,7.2,-0.3,-2.1
2025-10-28,124500,,2.4,2.7,-0.0,-2.2
2025-10-29,124500,,2.47,-10.2,0.1,7.5
2025-10-30,124500,,2.28,6.3,0.5,-7.8
2025-10-31,124500,18700.0,2.42,0.7,0.4,-1.3
2025-11-03,124500,,2.49,5.0,0.5,-5.1
2025-11-04,124500,,2.6,10.1,0.4,-10.8
2025-11-05,124500,,2.83,-17.2,-0.3,18.1
2025-11-06,124500,,2.42,8.2,2.7,-8.3
2025-11-07,124500,,2.64,-21.9,0.0,21.1
2025-11-10,124500,,2.17,29.7,21.6,-51.2
2025-11-11,124500,,2.78,-14.0,2.4,9.6
2025-11-12,124500,,2.49,-5.2,8.8,-5.7
2025-11-13,124500,,2.39,-33.4,11.1,25.5
2025-11-14,124500,,1.73,-7.2,-1.6,5.4
2025-11-17,124500,,1.59,-15.8,-2.6,15.0
2025-11-18,124500,,1.31,-7.3,0.1,6.2
2025-11-19,124500,,1.18,2.2,1.0,-3.1
2025-11-20,124500,,1.26,1.2,-0.3,-2.3
2025-11-21,124500,,1.19,-1.3,-2.6,1.5
2025-11-24,124500,,1.16,2.2,-0.4,-8.2
2025-11-25,124500,,1.21,0.5,-0.5,1.0
2025-11-26,124500,,1.22,2.0,0.7,-1.8
2025-11-27,124500,,1.32,-24.1,-0.4,18.9
2025-11-28,124500,20550.0,0.81,3.1,0.7,-8.8
2025-12-01,124500,,1.01,16.5,7.4,-24.9
2025-12-02,124500,,1.34,-10.9,1.5,8.1
2025-12-03,124500,,1.12,-6.8,0.9,4.6
2025-12-04,124500,,1.1,7.7,-1.2,-9.4
2025-12-05,124500,,1.26,-0.4,-0.1,-0.1
2025-12-08,124500,,1.25,2.9,-0.3,-3.1
2025-12-09,124500,,1.31,36.7,2.7,-38.9
2025-12-10,124500,,2.06,71.2,-11.5,-69.9
2025-12-11,124500,,3.28,24.4,12.7,-37.6
2025-12-12,124500,,3.68,-19.6,1.6,20.5
2025-12-15,124500,,3.6,-13.4,0.5,12.5
2025-12-16,124500,,3.33,35.5,0.5,-34.0
2025-12-17,124500,,3.92,1.3,-8.2,6.9
2025-12-18,124500,,3.35,-16.6,-2.0,17.9
2025-12-19,124500,,2.91,-20.2,0.2,15.5
2025-12-22,124500,,2.54,118.7,-6.4,-110.9
2025-12-23,124500,,4.61,47.5,15.2,-67.4
2025-12-24,124500,,5.34,44.4,-0.5,-61.9
2025-12-26,124500,,5.95,108.6,-3.4,-104.3
2025-12-29,124500,,7.29,0.2,-9.6,15.0
2025-12-30,124500,30300.0,7.3,15.3,-6.6,-4.7
2026-01-02,124500,,7.48,-37.7,10.7,22.0
2026-01-05,124500,,6.84,-14.7,6.7,7.0
2026-01-06,124500,,6.57,-21.5,2.6,17.7
2026-01-07,124500,,6.25,-11.4,0.0,11.9
2026-01-08,124500,,6.07,-2.3,-14.7,16.5
2026-01-09,124500,,6.1,2.9,-3.1,-1.0
2026-01-12,124500,,6.11,-2.4,13.1,-11.1
2026-01-13,124500,,6.21,-13.8,1.0,11.3
2026-01-14,124500,,5.98,-26.9,-4.3,30.3
2026-01-15,124500,,5.62,-1.1,0.2,-5.0
2026-01-16,124500,,5.63,-8.1,-12.9,17.7
2026-01-19,124500,,5.54,-6.0,-9.6,24.9
2026-01-20,124500,,5.45,-3.2,5.7,-5.9
2026-01-21,124500,,5.37,-21.9,-5.4,25.0
2026-01-22,124500,,5.08,-1.8,0.7,2.7
2026-01-23,124500,,5.06,66.6,51.0,-114.2
2026-01-26,124500,,5.81,-0.0,9.0,-8.7
2026-01-27,124500,,5.82,16.9,-16.6,-4.3
2026-01-28,124500,,5.98,-6.9,-14.4,-2.4
2026-01-29,124500,,5.84,-13.7,-25.3,32.8
2026-01-30,124500,53800.0,5.72,83.6,38.0,-111.5
2026-02-02,124500,,6.63,-42.9,-12.5,52.0
2026-02-03,124500,,6.02,-17.6,23.4,-6.5
2026-02-04,124500,,5.69,-7.1,0.1,6.4
2026-02-05,124500,,5.67,21.4,-1.5,-16.8
2026-02-06,124500,,5.94,-7.6,-17.2,35.3
2026-02-09,124500,,5.65,8.0,-13.9,6.1
2026-02-10,124500,,5.7,-1.4,19.5,-15.2
2026-02-11,124500,,5.8,-12.5,-4.2,17.0
2026-02-12,124500,,5.6,8.6,0.1,-3.6
2026-02-13,124500,,5.65,-7.9,-16.3,23.5
2026-02-19,124500,,5.61,-7.0,-9.5,16.7
2026-02-20,124500,,5.52,-27.0,-0.7,31.4
2026-02-23,124500,,5.19,48.2,19.5,-60.2
2026-02-24,124500,,5.81,-38.4,-0.5,38.8
2026-02-25,124500,,5.24,-12.1,-10.3,21.3
2026-02-26,124500,,5.23,17.2,12.1,-32.8
2026-02-27,124500,58500.0,5.67,-8.1,-13.9,20.4
2026-03-03,124500,,5.45,-39.5,16.5,15.7
2026-03-04,124500,,4.93,-7.5,-19.1,22.8
2026-03-05,124500,,4.85,53.1,-7.6,-20.7
2026-03-06,124500,,5.44,-34.1,22.8,7.0
2026-03-09,124500,,5.11,-22.2,28.6,-6.4
2026-03-10,124500,,5.07,18.1,182.2,-164.9
2026-03-11,124500,,5.44,25.2,107.3,-90.8
2026-03-12,124500,,5.58,-42.5,90.5,-42.8
2026-03-13,124500,,5.28,-38.4,-5.4,45.1
2026-03-16,124500,,4.99,-5.3,-3.5,8.6
2026-03-17,124500,,4.97,12.8,40.2,-37.7
2026-03-18,124500,,5.07,-48.0,0.4,46.2
2026-03-19,124500,,4.67,16.6,5.8,-18.0
2026-03-20,124500,,4.92,-25.6,-8.4,37.0
2026-03-23,124500,,4.59,30.7,-30.5,3.4
2026-03-24,124500,,4.93,131.0,71.7,-195.5
2026-03-25,124500,,6.21,-106.4,-15.3,123.2
2026-03-26,124500,,5.31,-3.3,-28.8,30.2
2026-03-27,124500,,5.51,4.0,4.5,-7.4
2026-03-30,124500,,5.54,-5.7,3.1,-1.3
2026-03-31,124500,45650.0,5.64,-9.2,-15.8,17.1
2026-04-01,124500,,5.64,-33.8,12.7,19.3
2026-04-02,124500,,5.22,-26.4,-0.8,23.2
2026-04-03,124500,,5.04,-11.9,-0.8,15.1
2026-04-06,124500,,4.94,3.6,-1.7,4.7
2026-04-07,124500,,4.98,9.3,-8.5,0.2
2026-04-08,124500,,5.01,25.8,0.4,-25.7
2026-04-09,124500,,5.4,-13.8,4.8,8.7
2026-04-10,124500,,5.13,8.2,8.5,-18.9
2026-04-13,124500,,5.27,-3.3,-0.7,3.8
2026-04-14,124500,,5.25,34.9,-58.9,25.9
2026-04-15,124500,,5.52,9.5,8.4,-17.7
2026-04-16,124500,,5.88,-18.1,10.7,9.2
2026-04-17,124500,,5.63,12.5,-26.8,14.7
2026-04-20,124500,,5.39,5.8,-36.9,31.3
2026-04-21,124500,,5.39,-8.8,-47.1,62.5
2026-04-22,124500,,5.06,1.1,-19.6,18.0
2026-04-23,124500,,5.06,6.4,-25.6,19.3
2026-04-24,124500,,5.48,7.2,-20.8,13.8
2026-04-27,124500,,5.51,9.6,3.6,-18.1
2026-04-28,124500,,5.79,16.1,21.5,-32.3
2026-04-29,124500,,5.81,32.0,-0.1,-31.1
2026-04-30,124500,54100.0,6.08,-32.0,-9.7,42.8
2026-05-04,124500,,5.71,37.4,-4.4,-29.7
2026-05-06,124500,,5.94,-36.2,-6.0,41.2
2026-05-07,124500,,5.57,14.4,-0.2,-15.6
2026-05-08,124500,,5.68,1.4,-9.4,9.5
2026-05-11,124500,,5.68,19.5,-3.2,-15.3
2026-05-12,124500,,5.87,18.0,-1.3,-15.9
2026-05-13,124500,,6.06,-7.6,0.8,8.3
2026-05-14,124500,,6.01,-12.8,-5.5,18.2
2026-05-15,124500,,5.9,-27.6,2.1,25.9
2026-05-18,124500,,5.09,9.2,-11.7,3.2
2026-05-19,124500,,5.2,-20.0,-21.6,40.3
2026-05-20,124500,,5.04,32.6,-14.4,-17.6
2026-05-21,124500,,5.5,0.3,-17.9,17.5
2026-05-22,124500,,5.61,-16.5,-1.3,16.8
2026-05-26,124500,,5.39,14.2,-10.1,-2.4
2026-05-27,124500,,5.46,14.6,-2.4,-16.2
2026-05-28,124500,,5.54,13.6,-6.3,-6.7
2026-05-29,124500,43850.0,5.67,7.5,-15.4,8.1
2026-06-01,124500,,5.67,9.6,1.1,-12.2
2026-06-02,124500,,5.81,18.3,-2.2,-15.5
2026-06-04,124500,,6.0,4.9,-2.7,-2.5
2026-06-05,124500,,6.05,8.0,-0.0,-8.0
2026-06-08,124500,,6.56,11.6,1.7,-12.3
2026-06-09,124500,,6.65,13.2,-0.2,-12.6
2026-06-10,124500,,6.82,19.8,2.3,-22.1
2026-06-11,124500,,7.04,-250.3,335.4,-81.7
2026-06-12,124500,,4.74,-62.1,98.3,-36.1
2026-06-15,124500,,4.17,-32.9,5.0,27.0
2026-06-16,124500,,3.75,-11.6,-7.4,30.7
2026-06-17,124500,,3.55,11.8,-0.9,-11.2
2026-06-18,124500,,3.8,-10.6,-0.7,12.0
2026-06-19,124500,,3.75,43.7,2.7,-46.9
2026-06-22,124500,,4.51,16.9,4.5,-21.5
2026-06-23,124500,,4.76,49.4,3.6,-53.0
2026-06-24,124500,,5.59,4.8,5.4,-10.4
2026-06-25,124500,,5.7,74.5,-7.6,-35.0
2026-06-26,124500,,7.31,23.1,7.7,-33.0
2026-06-29,124500,,7.6,-11.9,9.4,0.9
2026-06-30,124500,24200.0,7.3,-14.3,1.2,13.0
2026-07-01,124500,,6.94,4.1,1.0,-5.0
2026-07-02,124500,,7.0,-10.4,-1.4,12.3
2026-07-03,124500,,6.77,-0.5,-0.2,1.7
2026-07-06,124500,,6.66,-5.5,0.4,7.1
2026-07-07,124500,,6.59,5.9,2.3,-8.2
2026-07-08,124500,,6.73,3.7,0.1,-4.3
2026-07-09,124500,,6.87,0.6,4.1,-4.7
2026-07-10,124500,,6.87,1.8,4.4,-6.2
2026-07-13,124500,19890.0,7.01,-2.1,-2.2,3.5
2025-07-14,124560,,2.8,-1.0,-0.0,0.7
2025-07-15,124560,,2.72,-2.0,-0.4,2.4
2025-07-16,124560,,2.69,1.0,0.0,-1.1
2025-07-17,124560,,2.76,1.9,0.1,-2.1
2025-07-18,124560,,2.91,2.0,0.0,-1.9
2025-07-21,124560,,3.09,1.3,0.0,-1.3
2025-07-22,124560,,3.19,3.2,0.0,-3.2
2025-07-23,124560,,3.44,-1.6,-0.0,1.6
2025-07-24,124560,,3.32,-1.0,0.0,1.0
2025-07-25,124560,,3.24,0.6,0.0,-0.6
2025-07-28,124560,,3.29,-0.3,0.0,0.3
2025-07-29,124560,,3.26,0.1,0.0,-0.1
2025-07-30,124560,,3.27,-0.4,0.0,0.4
2025-07-31,124560,,3.24,-0.6,0.0,0.6
2025-08-01,124560,,3.19,-0.1,-0.0,0.0
2025-08-04,124560,,3.19,-0.7,0.0,0.7
2025-08-05,124560,,3.13,0.3,0.0,-0.3
2025-08-06,124560,,3.15,0.3,0.0,-0.3
2025-08-07,124560,,3.18,-0.9,0.0,1.0
2025-08-08,124560,,3.1,-0.7,0.0,0.7
2025-08-11,124560,,3.05,-0.5,0.6,-0.2
2025-08-12,124560,,3.02,-0.1,0.0,0.1
2025-08-13,124560,,3.01,-0.2,0.0,0.2
2025-08-14,124560,,2.99,0.8,0.0,-0.8
2025-08-18,124560,,3.06,0.2,0.6,-0.7
2025-08-19,124560,,3.07,0.3,-0.0,-0.2
2025-08-20,124560,,3.1,-6.4,-0.6,8.4
2025-08-21,124560,,2.63,5.8,0.0,-5.8
2025-08-22,124560,,3.1,2.3,0.0,-2.3
2025-08-25,124560,,3.28,1.5,-0.0,-1.5
2025-08-26,124560,,3.43,-0.5,0.0,0.4
2025-08-27,124560,,3.41,-0.8,0.0,0.8
2025-08-28,124560,,3.34,-0.1,0.0,0.1
2025-08-29,124560,3090.0,3.34,-0.7,0.0,0.7
2025-09-01,124560,,3.32,-0.2,-0.0,0.2
2025-09-02,124560,,3.28,-14.5,-1.4,14.7
2025-09-03,124560,,2.3,1.4,0.0,0.5
2025-09-04,124560,,2.41,-16.7,0.0,18.1
2025-09-05,124560,,1.05,12.4,0.0,-12.4
2025-09-08,124560,,2.04,1.0,0.6,-1.7
2025-09-09,124560,,2.64,1.7,0.0,-1.7
2025-09-10,124560,,2.77,1.9,0.0,-1.9
2025-09-11,124560,,2.92,1.0,0.0,-1.0
2025-09-12,124560,,3.0,2.1,-0.6,-1.5
2025-09-15,124560,,3.16,1.1,0.0,-1.3
2025-09-16,124560,,3.25,-0.1,0.0,0.1
2025-09-17,124560,,3.25,-4.1,0.0,4.3
2025-09-18,124560,,2.93,2.2,0.0,-2.3
2025-09-19,124560,,3.1,0.4,0.0,-0.4
2025-09-22,124560,,3.13,-0.5,0.0,0.5
2025-09-23,124560,,3.09,-0.9,0.0,1.0
2025-09-24,124560,,3.01,-0.8,0.0,0.8
2025-09-25,124560,,2.8,0.6,0.0,-0.6
2025-09-26,124560,,2.85,-2.8,0.0,2.6
2025-09-29,124560,,2.47,0.3,0.0,-0.3
2025-09-30,124560,3015.0,2.49,-0.3,0.0,0.4
2025-10-01,124560,,2.46,-0.0,0.0,-0.1
2025-10-02,124560,,2.46,1.0,-0.0,-1.0
2025-10-10,124560,,2.55,-0.5,0.0,0.6
2025-10-13,124560,,2.51,0.1,0.0,-0.1
2025-10-14,124560,,2.52,-3.0,0.0,3.1
2025-10-15,124560,,2.35,2.9,-0.0,-2.9
2025-10-16,124560,,2.59,-0.0,0.0,-0.2
2025-10-17,124560,,2.59,-1.5,0.0,1.3
2025-10-20,124560,,2.47,-0.4,0.0,0.4
2025-10-21,124560,,2.43,0.3,0.0,-0.3
2025-10-22,124560,,2.45,0.7,0.0,-0.7
2025-10-23,124560,,2.51,0.7,-0.0,-0.7
2025-10-24,124560,,2.57,-2.1,0.0,2.0
2025-10-27,124560,,2.39,0.6,0.0,-0.6
2025-10-28,124560,,2.48,-0.2,0.0,0.2
2025-10-29,124560,,2.5,-1.1,0.0,1.0
2025-10-30,124560,,2.39,-0.7,0.0,0.7
2025-10-31,124560,2850.0,2.33,-0.4,0.0,0.4
2025-11-03,124560,,2.29,0.5,0.0,-0.5
2025-11-04,124560,,2.34,-0.3,0.0,0.3
2025-11-05,124560,,2.31,-0.6,-0.0,0.6
2025-11-06,124560,,2.26,0.1,-0.0,-0.3
2025-11-07,124560,,2.26,2.0,-2.5,0.6
2025-11-10,124560,,2.45,0.6,0.0,-0.7
2025-11-11,124560,,2.33,-0.3,0.0,0.3
2025-11-12,124560,,2.3,0.7,0.0,-0.7
2025-11-13,124560,,2.36,-0.7,0.0,0.8
2025-11-14,124560,,2.3,2.9,0.0,-2.9
2025-11-17,124560,,2.57,-0.6,-0.0,0.5
2025-11-18,124560,,2.65,-0.9,0.0,0.9
2025-11-19,124560,,2.57,0.5,0.0,-0.3
2025-11-20,124560,,2.61,0.0,0.0,0.0
2025-11-21,124560,,2.61,-0.1,0.0,0.1
2025-11-24,124560,,2.6,0.1,-0.0,-0.1
2025-11-25,124560,,2.63,-0.0,-0.0,0.0
2025-11-26,124560,,2.63,0.9,0.0,-0.9
2025-11-27,124560,,2.71,-0.1,0.0,0.1
2025-11-28,124560,2760.0,2.7,0.3,0.0,-0.3
2025-12-01,124560,,2.73,-0.8,0.0,0.8
2025-12-02,124560,,2.81,0.0,-0.0,-0.0
2025-12-03,124560,,2.82,0.6,-0.0,-0.5
2025-12-04,124560,,2.86,-0.2,0.0,0.2
2025-12-05,124560,,2.82,-0.2,-0.0,0.2
2025-12-08,124560,,2.78,-0.8,0.0,0.8
2025-12-09,124560,,2.71,-0.1,0.0,0.1
2025-12-10,124560,,2.7,-0.2,0.0,0.2
2025-12-11,124560,,2.68,0.8,0.0,-0.7
2025-12-12,124560,,2.75,0.4,0.0,-0.4
2025-12-15,124560,,2.79,-0.1,0.0,0.1
2025-12-16,124560,,2.78,-0.0,0.0,0.0
2025-12-17,124560,,2.75,-0.1,0.0,0.2
2025-12-18,124560,,2.58,-0.3,0.0,0.3
2025-12-19,124560,,2.55,0.5,0.0,-0.6
2025-12-22,124560,,2.58,-0.3,0.0,0.3
2025-12-23,124560,,2.55,-0.8,0.0,0.8
2025-12-24,124560,,2.34,-0.7,0.0,0.6
2025-12-26,124560,,2.27,-0.4,0.0,0.4
2025-12-29,124560,,2.23,-1.0,0.0,1.0
2025-12-30,124560,2660.0,2.09,-0.2,0.6,-0.2
2026-01-02,124560,,2.07,0.1,0.0,-0.1
2026-01-05,124560,,2.08,0.0,0.0,0.1
2026-01-06,124560,,2.08,-0.6,0.0,0.6
2026-01-07,124560,,2.22,-0.5,0.0,0.5
2026-01-08,124560,,2.17,0.2,-0.1,0.0
2026-01-09,124560,,2.39,0.1,0.6,-0.7
2026-01-12,124560,,2.4,-4.0,0.0,4.0
2026-01-13,124560,,2.18,2.5,0.0,-1.8
2026-01-14,124560,,2.43,-0.2,0.0,0.3
2026-01-15,124560,,2.41,-0.5,0.0,0.5
2026-01-16,124560,,2.37,-0.5,0.0,0.5
2026-01-19,124560,,2.32,0.1,0.0,-0.1
2026-01-20,124560,,2.33,1.8,0.0,-0.2
2026-01-21,124560,,2.63,-0.2,0.0,0.7
2026-01-22,124560,,2.62,-0.5,0.0,0.4
2026-01-23,124560,,2.59,-0.0,0.0,0.0
2026-01-26,124560,,2.59,0.7,0.0,-0.7
2026-01-27,124560,,2.55,-0.0,0.0,0.0
2026-01-28,124560,,2.55,0.6,0.0,-0.6
2026-01-29,124560,,2.61,0.9,-0.0,-0.9
2026-01-30,124560,2620.0,2.7,0.1,0.0,-0.1
2026-02-02,124560,,2.7,-0.8,0.0,0.8
2026-02-03,124560,,2.62,0.8,-0.0,-0.8
2026-02-04,124560,,2.7,0.4,0.0,-0.4
2026-02-05,124560,,2.74,-1.8,0.0,1.8
2026-02-06,124560,,2.57,-0.2,0.0,0.3
2026-02-09,124560,,2.55,-0.2,0.0,0.3
2026-02-10,124560,,2.54,-0.1,0.0,0.1
2026-02-11,124560,,2.59,-0.2,0.0,0.2
2026-02-12,124560,,2.59,-8.9,0.0,8.5
2026-02-13,124560,,1.8,6.8,0.0,-6.9
2026-02-19,124560,,2.43,3.1,0.0,-3.3
2026-02-20,124560,,2.71,2.5,-0.0,-2.5
2026-02-23,124560,,2.93,-0.2,0.0,0.2
2026-02-24,124560,,2.93,0.7,0.0,-0.7
2026-02-25,124560,,2.99,-1.3,-0.0,1.3
2026-02-26,124560,,2.87,-1.1,-1.2,2.3
2026-02-27,124560,2770.0,2.77,0.4,0.0,-0.4
2026-03-03,124560,,2.81,-11.9,0.1,11.4
2026-03-04,124560,,1.83,4.5,0.0,-4.0
2026-03-05,124560,,2.2,4.1,0.0,-4.0
2026-03-06,124560,,2.62,-0.3,-0.0,0.4
2026-03-09,124560,,2.6,0.7,-0.0,-0.7
2026-03-10,124560,,2.67,-0.5,0.0,0.5
2026-03-11,124560,,2.6,0.9,0.0,-0.9
2026-03-12,124560,,2.69,1.5,0.0,-1.5
2026-03-13,124560,,2.83,0.1,0.0,-0.1
2026-03-16,124560,,2.84,-4.6,0.0,4.5
2026-03-17,124560,,2.42,0.9,0.0,-0.8
2026-03-18,124560,,2.5,1.7,0.0,-1.6
2026-03-19,124560,,2.66,0.0,0.0,-0.0
2026-03-20,124560,,2.66,5.8,0.0,-5.8
2026-03-23,124560,,3.17,-0.6,0.0,0.6
2026-03-24,124560,,3.12,-2.2,0.0,2.2
2026-03-25,124560,,2.81,1.0,0.0,-1.3
2026-03-26,124560,,2.93,0.4,0.0,-0.2
2026-03-27,124560,,2.97,0.9,0.0,-1.0
2026-03-30,124560,,3.05,-1.2,-0.0,1.2
2026-03-31,124560,2715.0,2.58,-0.8,-0.0,0.8
2026-04-01,124560,,2.51,0.5,-0.0,-1.4
2026-04-02,124560,,2.55,2.1,0.0,-3.5
2026-04-03,124560,,2.92,2.5,0.0,-2.5
2026-04-06,124560,,3.16,0.1,0.0,1.2
2026-04-07,124560,,3.17,1.3,0.0,-1.2
2026-04-08,124560,,3.3,-0.5,0.0,0.5
2026-04-09,124560,,3.24,-1.0,0.0,1.0
2026-04-10,124560,,3.15,5.6,0.0,-4.5
2026-04-13,124560,,3.67,0.0,0.0,-0.0
2026-04-14,124560,,3.69,-0.0,0.0,-0.3
2026-04-15,124560,,3.64,0.4,0.0,-0.4
2026-04-16,124560,,3.68,0.2,0.0,-0.2
2026-04-17,124560,,3.7,2.0,0.0,-2.0
2026-04-20,124560,,3.87,0.3,0.0,-0.3
2026-04-21,124560,,3.89,-0.9,0.0,0.8
2026-04-22,124560,,3.66,0.4,0.0,-0.3
2026-04-23,124560,,3.7,0.6,0.0,-0.5
2026-04-24,124560,,3.76,0.4,-0.1,-0.3
2026-04-27,124560,,3.8,0.4,0.0,-0.5
2026-04-28,124560,,3.84,-0.0,-0.0,0.0
2026-04-29,124560,,3.82,-0.0,0.0,0.0
2026-04-30,124560,2615.0,3.82,0.2,-0.0,-0.2
2026-05-04,124560,,3.84,-2.6,0.0,2.7
2026-05-06,124560,,3.58,-1.6,0.0,1.6
2026-05-07,124560,,3.42,0.1,-0.0,-0.2
2026-05-08,124560,,3.43,-0.5,0.0,0.4
2026-05-11,124560,,3.39,-0.9,-0.0,0.9
2026-05-12,124560,,3.35,1.7,-0.0,-1.2
2026-05-13,124560,,3.56,0.2,-0.0,-0.2
2026-05-14,124560,,3.55,-0.5,0.0,0.5
2026-05-15,124560,,3.5,-0.8,0.0,0.8
2026-05-18,124560,,3.4,0.4,-0.0,-0.3
2026-05-19,124560,,3.45,0.3,-0.0,-0.3
2026-05-20,124560,,3.51,-0.1,0.0,0.1
2026-05-21,124560,,3.66,-0.3,-0.1,0.3
2026-05-22,124560,,3.63,0.1,0.0,-0.1
2026-05-26,124560,,3.64,-1.1,0.0,1.0
2026-05-27,124560,,3.52,-0.1,0.0,-0.1
2026-05-28,124560,,3.51,0.6,-0.0,-0.8
2026-05-29,124560,1992.0,3.61,-0.9,-0.0,0.7
2026-06-01,124560,,3.5,0.3,0.0,-0.1
2026-06-02,124560,,3.53,-0.0,-0.0,-0.1
2026-06-04,124560,,3.53,-3.8,0.1,3.0
2026-06-05,124560,,3.14,0.9,-0.0,-0.9
2026-06-08,124560,,3.36,0.2,-0.0,-0.2
2026-06-09,124560,,3.43,0.1,0.0,-0.1
2026-06-10,124560,,3.44,-0.0,-0.0,-0.0
2026-06-11,124560,,3.44,-0.0,0.0,-0.0
2026-06-12,124560,,3.44,0.2,0.0,-0.2
2026-06-15,124560,,3.46,-0.6,-0.0,0.6
2026-06-16,124560,,3.42,0.0,0.0,-0.0
2026-06-17,124560,,3.42,-0.0,-0.3,0.3
2026-06-18,124560,,3.42,0.1,0.0,-0.1
2026-06-19,124560,,3.43,0.0,0.0,-0.0
2026-06-22,124560,,3.41,-0.0,-0.0,0.0
2026-06-23,124560,,3.42,0.3,0.0,-0.3
2026-06-24,124560,,3.42,0.0,0.0,-0.0
2026-06-25,124560,,3.42,-0.4,-0.0,0.4
2026-06-26,124560,,3.36,-0.1,-0.0,0.1
2026-06-29,124560,,3.34,0.7,0.0,-0.7
2026-06-30,124560,1850.0,3.44,-0.3,0.0,0.3
2026-07-01,124560,,3.4,0.2,0.0,-0.3
2026-07-02,124560,,3.43,-0.0,0.0,-0.0
2026-07-03,124560,,3.43,0.2,-0.0,-0.2
2026-07-06,124560,,3.45,0.1,-0.0,-0.1
2026-07-07,124560,,3.45,0.1,0.0,-0.1
2026-07-08,124560,,3.47,-0.1,-0.0,0.1
2026-07-09,124560,,3.45,0.1,-0.0,-0.1
2026-07-10,124560,,3.46,0.0,-0.0,-0.0
2026-07-13,124560,1828.0,3.47,-0.1,0.0,0.0
2025-07-14,125020,,0.39,-0.3,0.5,-0.2
2025-07-15,125020,,0.44,0.5,-1.4,1.0
2025-07-16,125020,,0.46,0.1,-3.4,3.2
2025-07-17,125020,,0.47,-2.8,-2.7,5.3
2025-07-18,125020,,0.31,0.4,-4.7,3.7
2025-07-21,125020,,0.34,1.1,1.0,-2.1
2025-07-22,125020,,0.47,1.8,-5.7,3.4
2025-07-23,125020,,0.51,-1.4,0.2,1.2
2025-07-24,125020,,0.43,0.9,1.1,-1.9
2025-07-25,125020,,0.55,-1.2,0.4,0.7
2025-07-28,125020,,0.41,0.1,1.1,-0.3
2025-07-29,125020,,0.41,6.3,0.3,-6.5
2025-07-30,125020,,0.97,-0.9,-0.5,1.6
2025-07-31,125020,,0.77,-0.2,-4.3,4.4
2025-08-01,125020,,0.74,-3.2,-5.5,7.4
2025-08-04,125020,,0.57,0.6,-4.1,3.2
2025-08-05,125020,,0.59,1.1,0.0,-1.1
2025-08-06,125020,,0.66,1.2,-1.2,-0.1
2025-08-07,125020,,0.72,1.8,0.1,-1.2
2025-08-08,125020,,0.83,-2.8,,2.8
2025-08-11,125020,,0.65,-1.4,,1.4
2025-08-12,125020,,0.55,-0.0,,-0.0
2025-08-13,125020,,0.53,-1.0,,0.9
2025-08-14,125020,,0.47,0.6,,-0.6
2025-08-18,125020,,0.46,-3.5,-3.3,6.8
2025-08-19,125020,,0.25,-1.0,-1.0,1.9
2025-08-20,125020,,0.16,3.1,0.3,-3.4
2025-08-21,125020,,0.43,-1.1,-0.4,1.1
2025-08-22,125020,,0.28,1.7,-0.2,-1.5
2025-08-25,125020,,0.4,-0.0,0.0,0.0
2025-08-26,125020,,0.38,0.4,,-0.8
2025-08-27,125020,,0.43,0.0,,-0.0
2025-08-28,125020,,0.43,0.1,,-0.4
2025-08-29,125020,4660.0,0.44,-0.5,,2.0
2025-09-01,125020,,0.41,-2.3,,2.2
2025-09-02,125020,,0.25,0.8,,-0.6
2025-09-03,125020,,0.38,-1.4,1.1,0.2
2025-09-04,125020,,0.25,-0.4,,0.4
2025-09-05,125020,,0.24,0.7,-0.0,-0.7
2025-09-08,125020,,0.33,0.3,,-0.4
2025-09-09,125020,,0.36,-0.1,,0.1
2025-09-10,125020,,0.34,1.2,,-1.1
2025-09-11,125020,,0.43,-0.0,,0.2
2025-09-12,125020,,0.42,0.8,,-0.8
2025-09-15,125020,,0.5,0.5,,-0.2
2025-09-16,125020,,0.53,-0.7,-0.6,1.3
2025-09-17,125020,,0.49,0.8,0.1,-0.9
2025-09-18,125020,,0.56,0.6,0.2,-1.0
2025-09-19,125020,,0.62,0.1,0.3,-0.4
2025-09-22,125020,,0.54,0.9,-1.7,0.8
2025-09-23,125020,,0.6,0.4,0.1,-0.6
2025-09-24,125020,,0.62,-0.7,-0.8,1.6
2025-09-25,125020,,0.59,-1.3,0.0,1.7
2025-09-26,125020,,0.61,-1.5,,1.3
2025-09-29,125020,,0.47,-0.9,,0.8
2025-09-30,125020,4250.0,0.38,0.6,,-0.6
2025-10-01,125020,,0.42,-0.8,,0.6
2025-10-02,125020,,0.43,2.8,-1.8,-1.0
2025-10-10,125020,,0.62,0.2,0.2,-0.3
2025-10-13,125020,,0.65,1.7,,-1.7
2025-10-14,125020,,0.8,-0.2,,-0.0
2025-10-15,125020,,0.77,3.8,-0.2,-2.3
2025-10-16,125020,,1.1,0.5,,-0.5
2025-10-17,125020,,1.13,0.2,,0.3
2025-10-20,125020,,1.14,0.9,,-0.9
2025-10-21,125020,,1.2,0.6,,-0.6
2025-10-22,125020,,1.23,2.0,-0.0,-1.6
2025-10-23,125020,,1.39,1.6,0.0,-1.5
2025-10-24,125020,,1.5,1.2,-0.3,-0.2
2025-10-27,125020,,1.6,0.6,,0.0
2025-10-28,125020,,1.64,0.6,,0.6
2025-10-29,125020,,1.68,-0.3,,1.3
2025-10-30,125020,,1.62,-0.2,0.1,0.2
2025-10-31,125020,4050.0,1.63,1.8,-0.0,-0.9
2025-11-03,125020,,1.79,7.0,-0.5,-0.6
2025-11-04,125020,,2.35,-4.2,-0.5,8.7
2025-11-05,125020,,1.9,-2.8,0.0,4.0
2025-11-06,125020,,1.64,-3.0,0.1,3.0
2025-11-07,125020,,1.4,-1.8,0.1,1.9
2025-11-10,125020,,1.26,2.6,-0.1,-2.4
2025-11-11,125020,,1.93,-0.0,0.4,-0.3
2025-11-12,125020,,1.71,-0.2,0.2,0.2
2025-11-13,125020,,1.69,-1.7,0.1,1.6
2025-11-14,125020,,1.53,-3.0,0.4,2.5
2025-11-17,125020,,1.23,1.0,48.8,4.0
2025-11-18,125020,,1.28,-0.0,0.5,-0.6
2025-11-19,125020,,1.22,0.6,-0.8,0.3
2025-11-20,125020,,1.26,2.1,-1.1,-1.0
2025-11-21,125020,,1.39,0.1,-0.9,0.8
2025-11-24,125020,,1.4,2.1,-1.8,-0.3
2025-11-25,125020,,1.6,1.4,-2.0,0.8
2025-11-26,125020,,1.74,1.8,-1.6,-0.2
2025-11-27,125020,,1.94,0.5,-1.5,0.8
2025-11-28,125020,3110.0,2.03,2.0,-1.6,-0.5
2025-12-01,125020,,2.28,-0.5,-0.3,0.9
2025-12-02,125020,,2.18,0.8,-0.2,-0.5
2025-12-03,125020,,2.26,0.8,-0.3,-0.4
2025-12-04,125020,,2.33,0.1,-0.0,-0.1
2025-12-05,125020,,2.27,0.5,-0.0,-0.5
2025-12-08,125020,,2.34,0.1,-0.3,0.2
2025-12-09,125020,,2.32,-0.5,-2.7,3.2
2025-12-10,125020,,2.2,2.2,-3.9,1.6
2025-12-11,125020,,2.37,1.3,0.0,-1.3
2025-12-12,125020,,2.53,0.1,-4.1,4.0
2025-12-15,125020,,2.4,9.3,-15.9,13.6
2025-12-16,125020,,3.2,-17.6,-3.1,32.1
2025-12-17,125020,,2.06,-10.1,,10.1
2025-12-18,125020,,1.29,-3.4,,3.4
2025-12-19,125020,,1.1,-0.7,0.4,0.3
2025-12-22,125020,,0.95,-5.7,-0.4,5.8
2025-12-23,125020,,0.71,1.8,-1.0,-2.0
2025-12-24,125020,,1.11,-4.2,-1.4,5.3
2025-12-26,125020,,0.34,-0.1,-0.2,0.1
2025-12-29,125020,,0.31,0.4,-3.4,2.9
2025-12-30,125020,4060.0,0.27,1.2,-11.0,9.8
2026-01-02,125020,,0.28,5.0,,-5.0
2026-01-05,125020,,0.7,1.1,,-1.2
2026-01-06,125020,,0.78,-3.5,,4.4
2026-01-07,125020,,0.54,0.6,,-0.7
2026-01-08,125020,,0.59,0.9,,-0.9
2026-01-09,125020,,0.65,-0.4,,0.3
2026-01-12,125020,,0.63,2.2,,-2.2
2026-01-13,125020,,0.78,-3.0,,3.0
2026-01-14,125020,,0.56,1.3,,-1.3
2026-01-15,125020,,0.66,3.0,,-2.8
2026-01-16,125020,,0.87,1.2,,-1.0
2026-01-19,125020,,0.95,0.8,,0.2
2026-01-20,125020,,1.1,9.8,,-9.9
2026-01-21,125020,,1.6,-4.9,,4.9
2026-01-22,125020,,1.2,-2.8,0.0,2.8
2026-01-23,125020,,0.99,1.9,,-1.8
2026-01-26,125020,,1.13,3.7,,-3.1
2026-01-27,125020,,1.39,-2.3,-0.0,2.4
2026-01-28,125020,,1.23,3.2,,-2.9
2026-01-29,125020,,1.45,4.5,,-3.4
2026-01-30,125020,4015.0,1.76,-10.0,,9.4
2026-02-02,125020,,1.06,-0.4,-0.0,0.4
2026-02-03,125020,,1.03,18.6,,-7.9
2026-02-04,125020,,2.32,-1.2,2.4,-1.2
2026-02-05,125020,,2.25,-10.8,,11.0
2026-02-06,125020,,1.56,-1.7,,1.7
2026-02-09,125020,,1.47,11.6,-0.9,-3.2
2026-02-10,125020,,2.24,0.8,-0.5,6.3
2026-02-11,125020,,2.29,2.5,1.9,2.4
2026-02-12,125020,,2.47,-2.1,,8.9
2026-02-13,125020,,2.33,-1.2,-0.7,8.4
2026-02-19,125020,,2.25,-5.0,-14.2,39.8
2026-02-20,125020,,1.91,-9.0,-10.2,39.1
2026-02-23,125020,,1.63,-8.6,-7.6,14.6
2026-02-24,125020,,1.45,-5.3,-0.0,2.9
2026-02-25,125020,,1.19,2.0,,-2.1
2026-02-26,125020,,1.33,-2.0,,3.2
2026-02-27,125020,6300.0,1.29,-11.9,,11.3
2026-03-03,125020,,0.73,12.9,0.0,-13.3
2026-03-04,125020,,1.35,7.9,-0.0,-8.0
2026-03-05,125020,,1.8,22.2,,-22.6
2026-03-06,125020,,2.83,-23.4,,23.9
2026-03-09,125020,,1.81,-6.6,,6.5
2026-03-10,125020,,1.39,6.6,,-7.2
2026-03-11,125020,,1.58,58.6,,-58.9
2026-03-12,125020,,3.98,-17.4,,17.5
2026-03-13,125020,,3.36,-32.4,,31.9
2026-03-16,125020,,2.05,-15.0,1.1,13.5
2026-03-17,125020,,1.39,-10.5,0.0,10.4
2026-03-18,125020,,0.9,3.5,,-3.6
2026-03-19,125020,,1.09,4.7,0.0,-5.0
2026-03-20,125020,,1.35,-6.4,-0.5,6.7
2026-03-23,125020,,1.04,4.3,0.3,-4.4
2026-03-24,125020,,1.27,2.9,-0.0,-2.9
2026-03-25,125020,,1.47,-1.5,0.9,0.8
2026-03-26,125020,,1.4,1.1,0.7,-1.6
2026-03-27,125020,,1.47,4.3,0.4,-4.7
2026-03-30,125020,,1.74,2.1,,-2.1
2026-03-31,125020,4715.0,1.8,-2.8,1.1,1.0
2026-04-01,125020,,1.64,-3.5,,3.5
2026-04-02,125020,,1.44,-2.6,,3.3
2026-04-03,125020,,1.28,5.6,0.7,-6.5
2026-04-06,125020,,1.63,-0.9,0.2,0.4
2026-04-07,125020,,1.57,1.9,0.6,-3.1
2026-04-08,125020,,1.66,-0.0,0.1,-0.4
2026-04-09,125020,,1.7,-4.6,0.7,2.8
2026-04-10,125020,,1.46,1.4,0.6,-2.1
2026-04-13,125020,,1.54,-7.0,0.7,6.2
2026-04-14,125020,,1.17,2.8,-2.0,-0.7
2026-04-15,125020,,1.31,-8.3,-2.8,10.2
2026-04-16,125020,,0.91,-0.6,-0.6,0.3
2026-04-17,125020,,0.97,-10.0,-1.3,12.5
2026-04-20,125020,,0.49,0.5,-0.6,-0.5
2026-04-21,125020,,0.52,-2.2,-1.3,4.0
2026-04-22,125020,,0.44,-0.3,1.4,-0.9
2026-04-23,125020,,0.46,-7.0,4.1,1.5
2026-04-24,125020,,0.12,-1.0,-0.5,3.0
2026-04-27,125020,,0.27,73.5,12.3,-89.1
2026-04-28,125020,,3.27,-35.4,3.7,35.2
2026-04-29,125020,,1.74,-7.6,-5.9,13.5
2026-04-30,125020,8430.0,1.43,7.9,-1.6,54.2
2026-05-04,125020,,1.78,-28.2,-5.7,34.0
2026-05-06,125020,,0.83,15.5,-0.2,-15.3
2026-05-07,125020,,1.38,15.7,-4.3,-12.4
2026-05-08,125020,,1.96,-4.3,0.2,4.0
2026-05-11,125020,,1.81,9.3,0.2,-12.5
2026-05-12,125020,,2.2,20.3,0.5,-21.5
2026-05-13,125020,,3.09,-4.4,0.5,4.3
2026-05-14,125020,,2.92,-3.3,1.0,2.4
2026-05-15,125020,,2.84,-12.0,-2.1,21.1
2026-05-18,125020,,2.36,1.8,0.1,-3.4
2026-05-19,125020,,2.47,-12.5,0.9,11.5
2026-05-20,125020,,2.0,-9.0,1.9,6.6
2026-05-21,125020,,1.61,121.5,0.8,-119.7
2026-05-22,125020,,5.39,33.6,-0.9,-31.0
2026-05-26,125020,,6.35,-2.2,-0.4,3.6
2026-05-27,125020,,6.25,-0.4,0.3,-1.2
2026-05-28,125020,,6.2,6.1,-1.1,-5.4
2026-05-29,125020,7400.0,6.41,-2.3,0.3,1.2
2026-06-01,125020,,6.35,2.9,-0.7,-2.4
2026-06-02,125020,,6.48,-2.1,0.7,-0.3
2026-06-04,125020,,6.48,2.0,2.5,-3.8
2026-06-05,125020,,6.6,-3.3,-0.0,4.1
2026-06-08,125020,,6.46,0.5,1.5,-2.3
2026-06-09,125020,,6.52,17.3,8.9,-26.1
2026-06-10,125020,,7.23,-21.8,0.5,20.9
2026-06-11,125020,,6.35,-22.1,-3.4,24.0
2026-06-12,125020,,5.42,-15.3,-1.6,16.9
2026-06-15,125020,,4.79,-1.3,0.8,0.6
2026-06-16,125020,,4.71,-1.8,0.7,0.4
2026-06-17,125020,,4.65,-14.0,-0.1,13.2
2026-06-18,125020,,4.17,2.7,-0.1,-2.2
2026-06-19,125020,,4.32,3.0,0.1,-3.0
2026-06-22,125020,,4.45,1.6,-0.6,-0.9
2026-06-23,125020,,4.52,6.9,0.8,-7.9
2026-06-24,125020,,4.86,2.0,0.5,-3.3
2026-06-25,125020,,4.98,0.1,0.6,-0.8
2026-06-26,125020,,4.99,9.5,0.8,-10.6
2026-06-29,125020,,5.55,7.3,-0.8,-6.4
2026-06-30,125020,5470.0,5.97,-7.5,0.1,7.5
2026-07-01,125020,,5.52,-10.3,0.9,9.9
2026-07-02,125020,,5.03,-0.3,-1.1,0.8
2026-07-03,125020,,5.01,4.2,0.5,-5.2
2026-07-06,125020,,5.25,2.3,0.1,-2.8
2026-07-07,125020,,5.38,1.1,-0.0,-1.2
2026-07-08,125020,,5.46,-1.6,-1.9,3.1
2026-07-09,125020,,5.37,0.1,0.0,-0.1
2026-07-10,125020,,5.39,3.1,-0.0,-3.0
2026-07-13,125020,5000.0,5.58,0.1,1.5,-1.2
2025-07-14,125210,,3.45,-1.0,0.0,1.0
2025-07-15,125210,,3.36,1.1,-0.0,-1.1
2025-07-16,125210,,3.53,-0.0,,-0.0
2025-07-17,125210,,3.53,0.4,,-0.4
2025-07-18,125210,,3.56,0.4,0.0,-0.2
2025-07-21,125210,,3.59,1.0,-0.0,-0.9
2025-07-22,125210,,3.68,-0.7,-0.0,0.7
2025-07-23,125210,,3.62,0.8,-0.0,-0.8
2025-07-24,125210,,3.69,-0.1,-0.1,0.2
2025-07-25,125210,,3.69,-1.5,-0.0,1.6
2025-07-28,125210,,3.55,1.3,-0.0,-1.3
2025-07-29,125210,,3.67,-0.4,0.0,0.8
2025-07-30,125210,,3.63,-1.0,-0.0,1.1
2025-07-31,125210,,3.54,-2.2,0.0,2.2
2025-08-01,125210,,3.34,-0.9,,0.7
2025-08-04,125210,,3.26,-0.4,0.0,0.7
2025-08-05,125210,,3.22,2.6,-0.0,-2.4
2025-08-06,125210,,3.46,1.0,-0.0,-0.9
2025-08-07,125210,,3.55,-0.2,-0.0,0.4
2025-08-08,125210,,3.53,0.3,0.0,-0.3
2025-08-11,125210,,3.55,0.7,-0.0,-0.9
2025-08-12,125210,,3.62,1.7,-0.0,-1.5
2025-08-13,125210,,3.76,1.7,-0.0,-1.7
2025-08-14,125210,,3.91,0.3,-0.1,0.0
2025-08-18,125210,,3.93,-1.5,-0.0,1.4
2025-08-19,125210,,3.8,0.2,0.0,-0.2
2025-08-20,125210,,3.82,-0.1,0.0,0.2
2025-08-21,125210,,3.82,-0.4,-0.0,0.3
2025-08-22,125210,,3.78,-0.6,-0.0,0.6
2025-08-25,125210,,3.72,0.5,0.0,-0.5
2025-08-26,125210,,3.78,0.5,0.0,-0.5
2025-08-27,125210,,3.83,0.1,0.0,-0.2
2025-08-28,125210,,3.84,-0.5,0.0,0.5
2025-08-29,125210,6810.0,3.8,1.7,0.0,-1.8
2025-09-01,125210,,3.96,-0.4,0.0,0.4
2025-09-02,125210,,3.91,-1.3,0.0,1.2
2025-09-03,125210,,3.8,-0.2,0.0,0.2
2025-09-04,125210,,3.78,1.6,-0.0,-1.6
2025-09-05,125210,,3.92,0.6,0.0,-0.6
2025-09-08,125210,,3.97,0.2,-0.0,-0.2
2025-09-09,125210,,3.98,1.3,-0.0,-1.1
2025-09-10,125210,,4.1,0.7,-0.0,-0.6
2025-09-11,125210,,4.16,1.1,-0.1,-0.6
2025-09-12,125210,,4.25,0.3,-0.0,-0.4
2025-09-15,125210,,4.29,1.3,-0.0,-1.3
2025-09-16,125210,,4.4,1.1,-0.0,-1.3
2025-09-17,125210,,4.5,0.8,-0.0,-0.7
2025-09-18,125210,,4.57,2.0,0.0,-3.0
2025-09-19,125210,,4.74,-0.6,0.0,0.6
2025-09-22,125210,,4.69,-0.4,-0.0,0.5
2025-09-23,125210,,4.65,1.0,-0.0,-1.0
2025-09-24,125210,,4.74,-1.2,-0.0,1.4
2025-09-25,125210,,4.47,0.3,0.0,-0.2
2025-09-26,125210,,4.46,-1.1,0.0,1.1
2025-09-29,125210,,4.36,0.8,-0.2,-0.5
2025-09-30,125210,6740.0,4.43,-0.8,-0.0,0.8
2025-10-01,125210,,4.36,0.5,-0.0,-0.5
2025-10-02,125210,,4.4,0.2,-0.0,-0.2
2025-10-10,125210,,4.42,0.4,-0.0,-0.1
2025-10-13,125210,,4.46,12.4,-0.1,-11.5
2025-10-14,125210,,5.46,-2.9,-0.0,2.6
2025-10-15,125210,,5.22,-0.2,-0.0,0.3
2025-10-16,125210,,5.2,-0.2,-0.0,-0.0
2025-10-17,125210,,5.19,-0.6,-0.0,0.6
2025-10-20,125210,,5.14,0.6,-0.9,0.3
2025-10-21,125210,,5.19,0.1,-0.0,-0.3
2025-10-22,125210,,5.2,-0.7,-0.0,1.0
2025-10-23,125210,,5.14,-2.5,-0.0,2.4
2025-10-24,125210,,4.94,2.2,-0.0,-2.5
2025-10-27,125210,,5.12,-0.4,-0.0,0.9
2025-10-28,125210,,5.09,1.4,-0.0,-1.3
2025-10-29,125210,,5.2,-0.1,-2.3,2.3
2025-10-30,125210,,5.19,-0.6,-2.1,2.0
2025-10-31,125210,6720.0,5.14,0.8,-3.9,3.4
2025-11-03,125210,,5.22,0.2,-4.0,3.8
2025-11-04,125210,,5.24,-1.7,-0.0,1.6
2025-11-05,125210,,5.08,-2.5,-0.0,2.4
2025-11-06,125210,,4.84,-0.1,-0.0,0.1
2025-11-07,125210,,4.83,-1.5,-0.0,1.5
2025-11-10,125210,,4.68,0.7,-0.3,-0.5
2025-11-11,125210,,4.73,-1.4,-0.0,1.4
2025-11-12,125210,,4.6,0.7,-0.0,-0.6
2025-11-13,125210,,4.66,-0.5,-0.0,0.5
2025-11-14,125210,,4.58,-0.6,0.0,0.6
2025-11-17,125210,,4.52,-1.0,-0.0,0.9
2025-11-18,125210,,4.42,-0.8,0.0,0.8
2025-11-19,125210,,4.34,0.3,-0.0,-0.3
2025-11-20,125210,,4.47,-0.0,-0.0,0.0
2025-11-21,125210,,4.46,-0.3,-0.0,0.3
2025-11-24,125210,,4.44,-0.7,0.0,0.7
2025-11-25,125210,,4.36,-9.7,-0.0,10.0
2025-11-26,125210,,3.44,2.0,-0.0,-2.2
2025-11-27,125210,,3.64,1.4,0.0,-1.4
2025-11-28,125210,6230.0,3.79,2.1,-0.0,-2.1
2025-12-01,125210,,4.0,0.6,0.0,-0.7
2025-12-02,125210,,4.08,-0.5,-0.0,0.5
2025-12-03,125210,,4.03,0.1,-0.0,0.0
2025-12-04,125210,,4.04,-0.8,-0.0,0.7
2025-12-05,125210,,3.97,0.1,-0.0,-0.2
2025-12-08,125210,,3.98,0.3,-0.0,-0.3
2025-12-09,125210,,4.01,-0.1,-0.0,0.1
2025-12-10,125210,,3.99,-0.3,-0.0,0.3
2025-12-11,125210,,3.96,-0.1,-0.0,0.1
2025-12-12,125210,,3.96,0.9,-0.0,-0.8
2025-12-15,125210,,4.04,0.7,-0.0,-0.6
2025-12-16,125210,,4.1,0.1,0.0,-0.1
2025-12-17,125210,,4.45,0.3,-0.0,-0.3
2025-12-18,125210,,4.48,-0.0,0.0,0.0
2025-12-19,125210,,4.48,1.1,0.0,-1.1
2025-12-22,125210,,4.58,1.2,0.0,-1.2
2025-12-23,125210,,4.7,-0.8,-0.1,0.8
2025-12-24,125210,,4.62,-0.3,,0.3
2025-12-26,125210,,4.61,-0.1,-0.0,0.1
2025-12-29,125210,,4.6,0.0,0.0,-0.0
2025-12-30,125210,6070.0,4.61,-0.2,0.0,0.2
2026-01-02,125210,,4.59,2.0,-0.0,-2.0
2026-01-05,125210,,4.78,-1.9,0.0,1.9
2026-01-06,125210,,4.59,0.0,0.0,0.1
2026-01-07,125210,,4.64,-0.6,0.0,0.6
2026-01-08,125210,,4.58,-1.5,-0.6,2.1
2026-01-09,125210,,4.43,0.0,0.0,0.3
2026-01-12,125210,,4.43,0.7,0.0,-0.6
2026-01-13,125210,,4.53,0.5,0.0,-0.5
2026-01-14,125210,,4.58,-0.5,0.0,0.7
2026-01-15,125210,,4.53,-0.2,0.0,0.2
2026-01-16,125210,,4.51,-1.4,0.0,1.4
2026-01-19,125210,,4.37,-0.3,0.0,0.3
2026-01-20,125210,,4.34,3.6,0.0,-3.6
2026-01-21,125210,,4.7,-1.9,0.0,1.8
2026-01-22,125210,,4.51,3.2,0.0,-3.2
2026-01-23,125210,,4.83,-1.6,0.0,2.1
2026-01-26,125210,,4.67,2.1,-0.0,-2.3
2026-01-27,125210,,4.84,0.9,0.0,-0.8
2026-01-28,125210,,4.92,-0.5,-0.0,0.9
2026-01-29,125210,,4.87,3.1,-0.0,-3.2
2026-01-30,125210,7170.0,5.14,0.1,0.7,-0.8
2026-02-02,125210,,5.15,1.2,,-3.9
2026-02-03,125210,,5.26,4.6,0.0,-4.7
2026-02-04,125210,,5.63,1.3,0.0,-1.1
2026-02-05,125210,,5.74,0.8,,-0.8
2026-02-06,125210,,5.8,2.6,-0.0,0.0
2026-02-09,125210,,6.03,2.3,-0.0,-2.2
2026-02-10,125210,,6.22,-3.6,0.0,3.7
2026-02-11,125210,,5.93,-0.4,0.0,1.2
2026-02-12,125210,,5.9,0.4,,-0.3
2026-02-13,125210,,5.91,0.1,0.0,-0.1
2026-02-19,125210,,5.92,5.7,-0.8,-4.9
2026-02-20,125210,,6.36,-0.3,0.1,-0.0
2026-02-23,125210,,6.34,-0.3,0.0,0.3
2026-02-24,125210,,5.98,-0.4,0.0,0.4
2026-02-25,125210,,5.95,-1.5,-0.0,1.5
2026-02-26,125210,,5.84,1.7,-0.0,-1.8
2026-02-27,125210,7630.0,5.97,0.1,0.1,-0.3
2026-03-03,125210,,5.98,4.6,0.1,-4.8
2026-03-04,125210,,6.36,0.7,0.1,-0.8
2026-03-05,125210,,6.43,-0.1,-0.0,0.1
2026-03-06,125210,,6.42,1.5,0.1,-1.8
2026-03-09,125210,,6.55,0.4,0.1,-0.5
2026-03-10,125210,,6.59,0.4,0.0,-0.4
2026-03-11,125210,,6.62,1.1,0.1,-1.3
2026-03-12,125210,,6.72,0.8,0.0,-1.0
2026-03-13,125210,,6.79,-0.6,,0.6
2026-03-16,125210,,6.74,0.8,,-0.8
2026-03-17,125210,,6.8,-0.5,-0.0,0.4
2026-03-18,125210,,6.76,1.2,0.1,-1.3
2026-03-19,125210,,6.84,-0.2,,0.2
2026-03-20,125210,,6.82,0.7,0.0,-0.6
2026-03-23,125210,,6.87,0.6,0.0,-0.6
2026-03-24,125210,,6.92,0.2,-0.0,-0.2
2026-03-25,125210,,6.94,0.6,-0.0,-0.7
2026-03-26,125210,,6.99,-2.6,0.0,2.6
2026-03-27,125210,,6.77,0.3,,-0.3
2026-03-30,125210,,6.8,9.2,0.0,-8.9
2026-03-31,125210,7710.0,7.51,-6.6,-0.0,6.8
2026-04-01,125210,,7.0,3.3,0.0,-3.3
2026-04-02,125210,,7.24,-0.3,0.0,0.2
2026-04-03,125210,,7.22,1.4,-0.0,-1.4
2026-04-06,125210,,7.32,1.3,-0.0,-1.0
2026-04-07,125210,,7.4,0.4,0.0,-0.5
2026-04-08,125210,,7.45,3.0,-0.0,-2.8
2026-04-09,125210,,7.66,-0.8,0.0,0.8
2026-04-10,125210,,7.6,2.9,-0.0,-2.5
2026-04-13,125210,,7.8,3.8,11.3,-15.1
2026-04-14,125210,,8.06,-3.7,4.7,-0.8
2026-04-15,125210,,7.82,-2.9,2.9,-0.1
2026-04-16,125210,,7.64,5.1,3.9,-8.1
2026-04-17,125210,,7.94,-7.3,0.0,7.4
2026-04-20,125210,,7.5,1.6,-0.1,-1.5
2026-04-21,125210,,7.6,5.1,6.0,-11.8
2026-04-22,125210,,7.64,-1.3,19.0,-17.4
2026-04-23,125210,,7.56,-10.9,17.7,-20.4
2026-04-24,125210,,7.1,-20.4,8.0,12.4
2026-04-27,125210,,6.38,-7.5,5.8,1.2
2026-04-28,125210,,6.07,-8.9,10.5,-1.1
2026-04-29,125210,,5.73,-15.9,5.4,11.2
2026-04-30,125210,15860.0,5.12,-3.6,12.3,-6.6
2026-05-04,125210,,4.99,-8.9,0.5,9.9
2026-05-06,125210,,4.66,1.0,-0.7,-0.4
2026-05-07,125210,,4.69,12.0,-8.7,-5.0
2026-05-08,125210,,5.18,10.7,3.2,-14.5
2026-05-11,125210,,5.63,23.5,-9.0,-14.7
2026-05-12,125210,,6.64,18.0,-11.0,-5.1
2026-05-13,125210,,7.42,14.2,-13.5,-3.3
2026-05-14,125210,,8.06,11.4,-17.2,5.5
2026-05-15,125210,,8.59,8.4,-0.8,-8.2
2026-05-18,125210,,8.98,4.7,2.3,-6.9
2026-05-19,125210,,9.19,0.4,0.6,-1.6
2026-05-20,125210,,9.22,4.7,1.0,-6.0
2026-05-21,125210,,9.48,-4.4,-0.1,5.1
2026-05-22,125210,,9.25,-4.5,4.7,-0.6
2026-05-26,125210,,9.03,-7.7,-0.2,7.6
2026-05-27,125210,,8.66,4.7,0.4,-5.3
2026-05-28,125210,,8.91,12.8,-0.4,-12.6
2026-05-29,125210,10260.0,9.65,10.5,-10.2,-0.2
2026-06-01,125210,,10.28,7.5,-0.1,-9.5
2026-06-02,125210,,10.74,7.6,-2.2,-4.6
2026-06-04,125210,,11.25,-3.7,0.7,3.2
2026-06-05,125210,,11.0,3.4,0.1,-3.5
2026-06-08,125210,,11.22,9.3,-12.7,2.9
2026-06-09,125210,,11.95,-2.5,3.4,-0.7
2026-06-10,125210,,11.77,-10.8,6.5,4.1
2026-06-11,125210,,11.03,-5.8,-0.0,6.1
2026-06-12,125210,,10.65,-3.2,-0.3,3.9
2026-06-15,125210,,10.44,-1.9,-0.0,1.8
2026-06-16,125210,,10.31,-8.8,5.9,2.0
2026-06-17,125210,,9.8,-1.3,-0.0,1.4
2026-06-18,125210,,9.71,-0.4,-0.2,0.7
2026-06-19,125210,,9.66,0.4,-0.3,0.1
2026-06-22,125210,,9.7,1.2,-2.4,1.3
2026-06-23,125210,,9.79,5.0,-5.1,-0.0
2026-06-24,125210,,10.2,-0.7,0.0,0.8
2026-06-25,125210,,10.14,2.1,-4.4,2.2
2026-06-26,125210,,10.33,2.0,-3.9,1.8
2026-06-29,125210,,10.53,3.0,-2.4,-0.4
2026-06-30,125210,6250.0,10.81,-0.1,0.0,0.5
2026-07-01,125210,,10.8,-2.3,0.5,1.9
2026-07-02,125210,,10.6,-1.9,-1.7,3.5
2026-07-03,125210,,10.42,-0.1,-0.2,0.2
2026-07-06,125210,,10.4,-1.5,0.0,1.5
2026-07-07,125210,,10.26,0.4,0.0,-0.5
2026-07-08,125210,,10.3,-1.8,-0.0,1.7
2026-07-09,125210,,10.12,0.1,0.0,-0.1
2026-07-10,125210,,10.13,0.2,0.0,-0.2
2026-07-13,125210,6030.0,10.15,-1.9,-0.0,1.9
2025-08-20,125490,,0.52,-15.6,-379.1,606.9
2025-08-21,125490,,0.0,2.8,-4.1,0.8
2025-08-22,125490,,0.12,5.8,1.5,-6.6
2025-08-25,125490,,0.43,-1.2,-0.9,2.8
2025-08-26,125490,,0.39,-5.0,-0.7,5.5
2025-08-27,125490,,0.11,8.4,0.0,-10.0
2025-08-28,125490,,0.61,-7.5,1.0,11.1
2025-08-29,125490,4600.0,0.21,-1.3,-1.4,2.5
2025-09-01,125490,,0.16,-0.6,-0.8,1.5
2025-09-02,125490,,0.16,16.3,-0.2,-16.1
2025-09-03,125490,,1.15,-10.5,-1.1,15.2
2025-09-04,125490,,0.61,10.0,3.9,-14.2
2025-09-05,125490,,1.17,-6.0,3.3,5.5
2025-09-08,125490,,0.88,-7.1,9.4,-2.1
2025-09-09,125490,,0.53,-5.8,0.7,1.8
2025-09-10,125490,,0.24,11.1,-0.3,-10.0
2025-09-11,125490,,0.78,-12.2,-7.5,19.0
2025-09-12,125490,,0.17,-0.4,-2.1,2.9
2025-09-15,125490,,0.15,5.9,-2.0,0.4
2025-09-16,125490,,0.6,16.1,-16.5,-4.1
2025-09-17,125490,,1.24,4.9,-2.5,-1.6
2025-09-18,125490,,1.49,-6.7,0.8,8.5
2025-09-19,125490,,1.29,-9.7,0.9,9.4
2025-09-22,125490,,1.21,62.9,-58.7,140.8
2025-09-23,125490,,3.9,-67.9,-52.6,119.8
2025-09-24,125490,,1.41,13.8,-25.7,41.2
2025-09-25,125490,,1.89,32.1,-0.2,-31.4
2025-09-26,125490,,3.2,-58.7,-4.7,89.8
2025-09-29,125490,,1.3,9.3,-0.9,-8.9
2025-09-30,125490,8130.0,1.59,-20.1,-16.6,39.0
2025-10-01,125490,,0.93,10.8,0.3,-10.6
2025-10-02,125490,,1.29,-10.2,-3.6,12.4
2025-10-10,125490,,0.95,43.6,-1.1,-42.0
2025-10-13,125490,,2.42,-8.7,0.4,7.3
2025-10-14,125490,,2.17,-47.0,-2.7,50.6
2025-10-15,125490,,0.83,52.2,-1.1,-62.9
2025-10-16,125490,,2.42,-2.4,1.1,7.3
2025-10-17,125490,,2.35,-21.5,5.9,21.0
2025-10-20,125490,,1.86,-15.7,4.5,6.9
2025-10-21,125490,,1.51,-35.0,-1.3,35.7
2025-10-22,125490,,0.77,-15.1,0.2,13.9
2025-10-23,125490,,0.63,42.2,-8.0,-35.0
2025-10-24,125490,,1.51,-36.6,3.3,30.6
2025-10-27,125490,,0.76,15.3,-7.3,-9.4
2025-10-28,125490,,1.08,-16.7,1.8,9.3
2025-10-29,125490,,0.75,2.0,1.8,-5.4
2025-10-30,125490,,0.78,21.2,-11.2,-8.0
2025-10-31,125490,11820.0,1.17,-5.3,-3.4,23.0
2025-11-03,125490,,1.04,30.1,1.0,-34.1
2025-11-04,125490,,1.71,-26.2,-2.5,31.1
2025-11-05,125490,,1.1,35.2,-3.2,-30.8
2025-11-06,125490,,2.09,8.7,-0.2,-9.0
2025-11-07,125490,,2.34,12.2,-5.0,-4.7
2025-11-10,125490,,2.63,-6.7,0.0,6.5
2025-11-11,125490,,2.38,-2.3,0.0,2.2
2025-11-12,125490,,2.32,12.4,-9.6,-2.0
2025-11-13,125490,,2.69,5.9,-0.1,-6.0
2025-11-14,125490,,2.87,7.4,-0.0,-8.0
2025-11-17,125490,,3.08,-2.1,-0.1,2.2
2025-11-18,125490,,3.04,2.0,-0.1,-1.8
2025-11-19,125490,,3.3,-91.1,-4.1,95.0
2025-11-20,125490,,0.77,-11.1,-31.7,41.0
2025-11-21,125490,,0.57,12.7,-6.0,-11.9
2025-11-24,125490,,0.95,-16.8,3.2,11.7
2025-11-25,125490,,0.66,0.2,16.6,-19.2
2025-11-26,125490,,0.67,-10.6,-9.7,20.8
2025-11-27,125490,,0.44,59.4,6.6,-30.9
2025-11-28,125490,13970.0,1.84,105.8,12.8,-118.0
2025-12-01,125490,,3.96,18.5,28.8,-46.1
2025-12-02,125490,,4.38,10.2,-5.6,-5.1
2025-12-03,125490,,4.6,2.1,4.3,-7.7
2025-12-04,125490,,4.17,-11.8,73.8,-63.1
2025-12-05,125490,,4.01,44.7,26.6,-69.2
2025-12-08,125490,,4.64,-103.5,-24.0,110.5
2025-12-09,125490,,3.29,7.6,-33.3,26.1
2025-12-10,125490,,3.53,8.1,-3.7,-3.9
2025-12-11,125490,,3.82,-14.0,1.2,28.4
2025-12-12,125490,,3.77,56.6,-2.9,-55.6
2025-12-15,125490,,4.46,-28.9,42.5,-16.0
2025-12-16,125490,,4.12,-132.8,2.7,131.8
2025-12-17,125490,,2.31,-3.3,-20.5,23.6
2025-12-18,125490,,2.31,26.1,-10.3,-13.2
2025-12-19,125490,,2.8,-21.1,12.7,8.0
2025-12-22,125490,,2.46,-81.2,2.5,78.9
2025-12-23,125490,,1.2,-50.6,-0.5,48.2
2025-12-24,125490,,0.41,74.7,-8.5,-71.2
2025-12-26,125490,,1.56,-50.9,2.9,53.5
2025-12-29,125490,,0.87,92.2,1.7,-93.1
2025-12-30,125490,19350.0,2.33,-99.9,-5.1,102.9
2026-01-02,125490,,0.98,-31.5,-2.3,33.2
2026-01-05,125490,,0.56,6.6,-2.2,-4.3
2026-01-06,125490,,0.53,-17.7,-31.1,49.4
2026-01-07,125490,,0.23,14.8,-8.1,-10.5
2026-01-08,125490,,0.52,-13.9,-15.1,29.1
2026-01-09,125490,,0.26,12.4,-14.5,1.4
2026-01-12,125490,,0.54,-14.7,-5.2,18.8
2026-01-13,125490,,0.56,51.6,6.7,-62.0
2026-01-14,125490,,1.47,-59.2,-2.2,61.6
2026-01-15,125490,,0.32,73.7,9.7,-82.4
2026-01-16,125490,,1.5,-29.5,6.5,25.2
2026-01-19,125490,,0.86,103.5,2.7,-102.3
2026-01-20,125490,,2.55,-95.4,-2.3,96.3
2026-01-21,125490,,0.89,-11.7,-16.8,30.0
2026-01-22,125490,,0.6,-21.8,1.6,20.3
2026-01-23,125490,,0.17,4.0,2.1,-7.6
2026-01-26,125490,,0.24,42.5,-2.3,-41.0
2026-01-27,125490,,0.94,-36.2,-3.2,39.9
2026-01-28,125490,,0.27,14.0,-2.6,-10.0
2026-01-29,125490,,0.53,21.0,-0.4,-21.3
2026-01-30,125490,24000.0,0.98,139.1,9.1,-160.7
2026-02-02,125490,,3.05,-2.2,-10.2,15.8
2026-02-03,125490,,2.71,-58.7,3.0,61.0
2026-02-04,125490,,1.57,-37.2,0.2,35.6
2026-02-05,125490,,1.2,-18.7,-14.4,33.1
2026-02-06,125490,,0.9,-11.2,-12.5,23.7
2026-02-09,125490,,0.75,22.0,-2.8,-20.4
2026-02-10,125490,,1.12,25.8,1.6,-30.4
2026-02-11,125490,,1.57,-33.4,-58.4,91.0
2026-02-12,125490,,0.88,14.2,13.5,-26.8
2026-02-13,125490,,1.07,-25.8,-8.4,30.9
2026-02-19,125490,,0.71,3.4,-2.5,-6.1
2026-02-20,125490,,0.76,-18.0,-86.8,118.0
2026-02-23,125490,,0.53,7.6,-51.6,61.6
2026-02-24,125490,,0.67,12.2,-49.6,39.3
2026-02-25,125490,,0.95,-14.5,-28.3,44.0
2026-02-26,125490,,0.72,-5.2,-12.5,12.1
2026-02-27,125490,17680.0,0.65,32.9,-22.8,-5.9
2026-03-03,125490,,1.17,18.1,-8.7,-9.4
2026-03-04,125490,,1.49,88.3,-35.8,-51.3
2026-03-05,125490,,3.24,70.5,-1.6,-68.9
2026-03-06,125490,,4.52,-4.8,-1.6,5.6
2026-03-09,125490,,4.28,14.2,0.8,-14.2
2026-03-10,125490,,4.55,3.5,0.4,-4.3
2026-03-11,125490,,4.54,-22.7,-0.4,23.2
2026-03-12,125490,,4.15,15.1,0.7,-14.4
2026-03-13,125490,,4.41,-26.3,-0.0,23.9
2026-03-16,125490,,3.95,1.2,-7.0,2.1
2026-03-17,125490,,3.98,-4.6,1.4,5.2
2026-03-18,125490,,3.9,11.6,-0.3,-10.4
2026-03-19,125490,,3.87,6.1,0.4,-5.0
2026-03-20,125490,,3.98,32.4,12.8,-45.6
2026-03-23,125490,,4.5,-32.0,3.9,27.4
2026-03-24,125490,,3.95,21.3,-8.8,-15.0
2026-03-25,125490,,4.25,-31.4,-6.1,38.0
2026-03-26,125490,,3.72,-6.1,-8.3,14.7
2026-03-27,125490,,3.62,5.4,-0.2,-5.7
2026-03-30,125490,,3.72,37.1,-20.7,-10.6
2026-03-31,125490,13340.0,4.43,45.6,-26.9,-19.0
2026-04-01,125490,,5.34,36.4,11.8,-44.1
2026-04-02,125490,,6.04,-33.2,-1.5,36.4
2026-04-03,125490,,5.46,1.7,-3.1,3.2
2026-04-06,125490,,5.49,1.8,-0.9,2.5
2026-04-07,125490,,5.52,18.4,-4.5,-14.8
2026-04-08,125490,,5.9,36.9,-14.6,-20.3
2026-04-09,125490,,6.62,-15.5,-16.5,31.2
2026-04-10,125490,,6.31,10.3,-8.8,2.0
2026-04-13,125490,,6.59,5.0,-6.1,1.6
2026-04-14,125490,,6.47,16.6,-11.2,-6.1
2026-04-15,125490,,6.8,-0.9,-13.7,15.1
2026-04-16,125490,,6.82,-9.7,1.4,8.6
2026-04-17,125490,,6.63,-15.4,0.7,15.4
2026-04-20,125490,,6.33,42.8,-5.7,-36.9
2026-04-21,125490,,7.07,-40.8,-0.3,46.2
2026-04-22,125490,,6.37,-4.5,-0.1,7.4
2026-04-23,125490,,6.28,-27.1,-0.9,31.4
2026-04-24,125490,,5.84,-23.1,-1.8,24.9
2026-04-27,125490,,5.45,-9.8,18.1,-13.8
2026-04-28,125490,,5.28,-19.9,25.2,-4.4
2026-04-29,125490,,5.06,-9.0,1.6,8.9
2026-04-30,125490,17130.0,4.92,-37.3,7.0,36.0
2026-05-04,125490,,4.35,-9.1,1.7,8.8
2026-05-06,125490,,4.24,11.5,-1.4,-9.0
2026-05-07,125490,,4.43,24.6,-22.3,-0.4
2026-05-08,125490,,4.77,165.9,-50.3,-139.1
2026-05-11,125490,,7.27,-126.9,-6.7,162.5
2026-05-12,125490,,5.39,-80.0,1.2,76.8
2026-05-13,125490,,4.27,-6.0,10.5,-5.8
2026-05-14,125490,,4.22,-65.3,-2.4,67.9
2026-05-15,125490,,3.2,-17.0,15.1,3.4
2026-05-18,125490,,2.94,9.9,-11.3,1.3
2026-05-19,125490,,3.15,30.1,-18.2,-12.5
2026-05-20,125490,,3.75,4.5,0.6,-5.8
2026-05-21,125490,,3.87,41.2,-1.6,-35.0
2026-05-22,125490,,4.62,5.2,-0.7,-4.5
2026-05-26,125490,,4.71,11.5,-5.0,-7.0
2026-05-27,125490,,4.88,11.2,-1.8,-10.8
2026-05-28,125490,,5.08,-2.3,-0.0,1.5
2026-05-29,125490,14660.0,5.05,12.0,-2.2,-11.9
2026-06-01,125490,,5.27,3.2,-0.4,-4.9
2026-06-02,125490,,5.32,0.2,-1.4,-10.2
2026-06-04,125490,,5.33,-3.5,-0.7,6.4
2026-06-05,125490,,5.25,4.2,-0.7,-7.8
2026-06-08,125490,,5.36,16.5,-0.7,-14.1
2026-06-09,125490,,5.77,7.7,5.2,-14.1
2026-06-10,125490,,5.96,-7.3,1.4,7.7
2026-06-11,125490,,5.79,-75.3,93.3,-12.0
2026-06-12,125490,,4.11,11.1,43.1,-52.6
2026-06-15,125490,,4.34,-66.6,-3.5,81.6
2026-06-16,125490,,2.9,-8.0,3.9,0.6
2026-06-17,125490,,2.74,-3.5,-3.8,9.5
2026-06-18,125490,,2.67,1.6,-3.4,2.0
2026-06-19,125490,,2.78,2.8,-1.0,-1.1
2026-06-22,125490,,2.86,3.7,-0.8,-3.3
2026-06-23,125490,,2.96,11.6,-1.9,-11.4
2026-06-24,125490,,3.29,1.6,1.4,-3.5
2026-06-25,125490,,3.33,3.7,-1.6,-3.0
2026-06-26,125490,,3.44,9.4,2.3,-12.8
2026-06-29,125490,,3.74,5.7,3.5,-8.2
2026-06-30,125490,9100.0,3.92,-6.1,-1.6,7.7
2026-07-01,125490,,3.58,-5.2,3.4,0.9
2026-07-02,125490,,3.24,-3.7,-0.1,4.5
2026-07-03,125490,,3.12,2.8,-0.1,-3.3
2026-07-06,125490,,3.21,0.6,-0.8,-0.1
2026-07-07,125490,,3.4,0.8,1.2,-1.5
2026-07-08,125490,,3.5,6.7,0.9,-8.2
2026-07-09,125490,,3.74,4.3,2.1,-6.6
2026-07-10,125490,,3.89,7.0,3.5,-9.8
2026-07-13,125490,7810.0,4.13,-3.4,-1.4,4.8
2025-07-14,126340,,1.52,-1.5,-0.1,1.3
2025-07-15,126340,,1.44,-0.2,-0.0,0.2
2025-07-16,126340,,1.44,-0.2,0.0,0.0
2025-07-17,126340,,1.43,1.3,-1.7,0.3
2025-07-18,126340,,1.5,0.2,0.0,-0.2
2025-07-21,126340,,1.51,0.1,-0.4,0.3
2025-07-22,126340,,1.52,-0.3,-0.6,0.9
2025-07-23,126340,,1.51,-1.1,0.1,1.0
2025-07-24,126340,,1.45,1.3,-1.3,-0.0
2025-07-25,126340,,1.52,-0.7,0.0,0.7
2025-07-28,126340,,1.49,1.8,-0.3,-1.5
2025-07-29,126340,,1.58,0.2,-0.9,0.7
2025-07-30,126340,,1.6,0.3,0.3,-0.6
2025-07-31,126340,,1.62,0.7,-0.7,-0.0
2025-08-01,126340,,1.65,-1.9,0.6,1.3
2025-08-04,126340,,1.55,1.6,0.3,-1.9
2025-08-05,126340,,1.64,-0.0,-0.0,0.3
2025-08-06,126340,,1.64,0.9,0.2,-1.0
2025-08-07,126340,,1.69,0.2,0.0,-0.2
2025-08-08,126340,,1.7,0.8,0.1,-1.0
2025-08-11,126340,,1.75,0.1,0.1,-0.2
2025-08-12,126340,,1.75,1.6,-1.8,-1.8
2025-08-13,126340,,1.84,0.4,0.2,-0.6
2025-08-14,126340,,1.86,22.7,7.1,-27.5
2025-08-18,126340,,3.0,18.5,21.8,-37.2
2025-08-19,126340,,3.78,-1.1,0.3,1.5
2025-08-20,126340,,3.73,3.7,-2.8,-1.0
2025-08-21,126340,,3.91,-0.7,-0.5,1.2
2025-08-22,126340,,3.88,-0.6,0.6,-0.4
2025-08-25,126340,,3.86,3.5,4.3,-7.6
2025-08-26,126340,,4.04,-0.9,4.0,-3.5
2025-08-27,126340,,4.04,0.6,9.4,-9.7
2025-08-28,126340,,4.06,4.8,21.2,-25.9
2025-08-29,126340,47000.0,4.24,-17.9,44.6,-27.7
2025-09-01,126340,,3.64,-14.0,27.0,-12.0
2025-09-02,126340,,3.16,-19.0,25.8,-7.1
2025-09-03,126340,,2.55,-10.6,7.6,2.8
2025-09-04,126340,,2.19,7.9,-9.4,1.5
2025-09-05,126340,,2.47,3.1,5.5,-8.4
2025-09-08,126340,,2.58,-6.2,3.2,2.7
2025-09-09,126340,,2.37,-0.0,0.8,-0.7
2025-09-10,126340,,2.37,16.5,7.3,-21.0
2025-09-11,126340,,2.9,-21.8,12.6,6.7
2025-09-12,126340,,2.24,-18.3,27.1,-8.2
2025-09-15,126340,,1.69,-9.1,19.8,-7.4
2025-09-16,126340,,1.42,5.1,2.7,-6.6
2025-09-17,126340,,1.58,11.7,-4.1,-8.2
2025-09-18,126340,,1.93,0.0,55.3,-56.4
2025-09-19,126340,,1.93,-7.6,-2.3,9.6
2025-09-22,126340,,1.7,-3.8,3.3,0.0
2025-09-23,126340,,1.6,70.7,7.5,-72.6
2025-09-24,126340,,3.53,-1.7,-10.7,19.9
2025-09-25,126340,,3.49,-3.3,-49.4,52.3
2025-09-26,126340,,3.39,-8.0,5.5,1.7
2025-09-29,126340,,3.12,-4.0,12.1,-8.0
2025-09-30,126340,48700.0,2.99,-8.9,9.5,-1.2
2025-10-01,126340,,2.7,20.1,33.5,-29.4
2025-10-02,126340,,3.29,-3.1,-2.5,6.8
2025-10-10,126340,,3.2,9.9,-18.5,9.1
2025-10-13,126340,,3.52,5.3,-13.3,7.8
2025-10-14,126340,,3.69,-24.7,-3.2,26.1
2025-10-15,126340,,2.95,11.5,23.6,-35.8
2025-10-16,126340,,3.29,-4.0,-3.2,7.0
2025-10-17,126340,,2.77,-0.3,-7.3,8.0
2025-10-20,126340,,2.76,7.6,-32.7,26.0
2025-10-21,126340,,2.99,15.9,-26.9,11.1
2025-10-22,126340,,3.52,-5.6,0.6,4.3
2025-10-23,126340,,3.33,-7.3,3.2,2.6
2025-10-24,126340,,3.1,-11.2,-17.6,29.1
2025-10-27,126340,,2.74,25.3,26.1,-52.3
2025-10-28,126340,,3.51,-18.3,57.2,-39.1
2025-10-29,126340,,3.0,-12.1,21.2,18.8
2025-10-30,126340,,2.7,23.3,-32.4,10.7
2025-10-31,126340,55100.0,3.35,-8.1,-8.4,16.4
2025-11-03,126340,,3.12,-5.2,2.9,1.9
2025-11-04,126340,,2.98,-6.1,14.7,-7.0
2025-11-05,126340,,2.82,-5.4,5.3,0.5
2025-11-06,126340,,2.66,-1.3,-3.3,4.6
2025-11-07,126340,,2.62,-0.4,-0.3,0.6
2025-11-10,126340,,2.61,5.3,-1.1,-4.4
2025-11-11,126340,,2.76,-4.0,-9.2,10.8
2025-11-12,126340,,2.65,6.3,-14.3,7.7
2025-11-13,126340,,2.84,11.1,-14.7,3.4
2025-11-14,126340,,3.18,-14.2,-47.1,61.4
2025-11-17,126340,,2.7,5.9,28.0,-33.2
2025-11-18,126340,,2.94,6.7,-7.1,-1.2
2025-11-19,126340,,3.3,-0.8,2.5,-1.3
2025-11-20,126340,,3.42,9.5,45.5,-28.6
2025-11-21,126340,,3.69,-19.6,8.8,11.5
2025-11-24,126340,,3.11,-15.0,13.8,0.8
2025-11-25,126340,,2.7,34.8,15.1,-53.5
2025-11-26,126340,,3.6,-2.4,-5.8,6.0
2025-11-27,126340,,3.54,-0.7,-10.3,9.9
2025-11-28,126340,60100.0,3.57,-0.2,-0.3,0.4
2025-12-01,126340,,3.58,3.8,-0.8,-2.8
2025-12-02,126340,,3.67,19.6,-28.2,8.2
2025-12-03,126340,,4.13,51.6,6.2,-62.8
2025-12-04,126340,,5.23,4.9,-10.5,6.6
2025-12-05,126340,,5.34,7.4,-5.8,-2.9
2025-12-08,126340,,5.45,12.7,-12.9,-0.1
2025-12-09,126340,,5.73,7.7,-12.1,10.7
2025-12-10,126340,,5.91,-0.4,-1.8,-2.2
2025-12-11,126340,,5.9,25.3,-11.1,90.4
2025-12-12,126340,,6.46,-13.4,0.5,15.8
2025-12-15,126340,,6.05,-28.2,-28.3,46.5
2025-12-16,126340,,5.47,17.8,-3.9,-15.5
2025-12-17,126340,,5.9,5.4,2.6,-9.5
2025-12-18,126340,,5.58,11.1,-0.3,-7.2
2025-12-19,126340,,5.83,9.8,7.6,-15.9
2025-12-22,126340,,6.03,-2.1,31.8,-27.0
2025-12-23,126340,,6.07,1.6,-13.6,11.4
2025-12-24,126340,,6.2,3.2,-1.1,-2.3
2025-12-26,126340,,6.36,-2.6,0.4,0.5
2025-12-29,126340,,6.29,-19.2,1.7,18.2
2025-12-30,126340,71900.0,5.86,-11.3,6.1,4.4
2026-01-02,126340,,5.63,26.4,7.1,25.3
2026-01-05,126340,,6.25,21.8,53.1,-53.4
2026-01-06,126340,,6.76,13.1,-3.1,-3.2
2026-01-07,126340,,7.12,2.4,-1.1,0.9
2026-01-08,126340,,7.07,10.7,-7.9,0.7
2026-01-09,126340,,7.22,-21.4,0.2,34.6
2026-01-12,126340,,6.76,-8.3,19.8,-8.2
2026-01-13,126340,,6.61,-4.3,35.7,-26.2
2026-01-14,126340,,6.55,-1.2,42.9,-36.2
2026-01-15,126340,,6.48,-10.7,10.7,-1.1
2026-01-16,126340,,6.25,6.9,-3.6,5.0
2026-01-19,126340,,6.51,3.5,-2.9,1.1
2026-01-20,126340,,6.51,2.3,6.7,-7.2
2026-01-21,126340,,6.65,-21.1,3.4,9.3
2026-01-22,126340,,6.26,-2.6,17.6,-18.6
2026-01-23,126340,,6.35,-24.9,-10.4,34.6
2026-01-26,126340,,5.73,44.2,-13.3,-24.3
2026-01-27,126340,,6.73,1.7,26.7,-28.8
2026-01-28,126340,,6.73,43.9,19.3,-63.0
2026-01-29,126340,,7.42,19.6,-7.5,-16.4
2026-01-30,126340,95200.0,7.69,3.1,-21.3,17.4
2026-02-02,126340,,7.54,18.7,59.6,-69.3
2026-02-03,126340,,7.95,-13.5,127.3,-114.5
2026-02-04,126340,,7.94,-12.3,8.4,3.0
2026-02-05,126340,,7.62,-32.7,25.2,7.6
2026-02-06,126340,,7.11,-17.8,84.7,-51.7
2026-02-09,126340,,6.46,-21.4,24.5,-3.4
2026-02-10,126340,,6.12,209.8,-1.5,-2.6
2026-02-11,126340,,9.03,-9.2,35.5,-26.7
2026-02-12,126340,,9.02,4.7,-25.6,20.6
2026-02-13,126340,,9.01,-10.8,-20.0,29.9
2026-02-19,126340,,9.0,7.8,14.7,-22.6
2026-02-20,126340,,9.1,5.8,8.9,-16.3
2026-02-23,126340,,9.18,16.6,-16.0,-1.1
2026-02-24,126340,,9.35,-4.6,46.4,-40.6
2026-02-25,126340,,9.2,-17.0,-29.6,43.2
2026-02-26,126340,,8.85,10.7,38.8,-47.9
2026-02-27,126340,123600.0,9.09,-3.6,6.5,-2.3
2026-03-03,126340,,8.92,24.5,24.7,-47.2
2026-03-04,126340,,9.26,20.4,-28.4,8.0
2026-03-05,126340,,9.4,-21.5,8.0,13.8
2026-03-06,126340,,9.14,9.8,27.2,-39.0
2026-03-09,126340,,9.23,-19.4,-10.7,28.9
2026-03-10,126340,,8.91,-33.1,56.9,-28.2
2026-03-11,126340,,8.38,18.9,73.3,-93.9
2026-03-12,126340,,8.57,-28.9,-2.0,32.0
2026-03-13,126340,,8.17,-17.3,18.9,-1.6
2026-03-16,126340,,7.65,-35.3,-50.0,78.7
2026-03-17,126340,,7.29,6.5,-18.3,10.3
2026-03-18,126340,,7.36,4.0,-0.6,-6.8
2026-03-19,126340,,7.3,16.6,-0.3,-21.9
2026-03-20,126340,,7.59,6.3,1.1,-1.6
2026-03-23,126340,,7.65,1.4,15.7,-17.1
2026-03-24,126340,,7.67,-3.5,-43.9,45.7
2026-03-25,126340,,7.66,-1.7,-67.2,76.5
2026-03-26,126340,,7.78,3.6,2.8,-2.1
2026-03-27,126340,,7.83,-17.2,5.8,11.0
2026-03-30,126340,,7.62,-10.6,19.6,-9.1
2026-03-31,126340,115100.0,7.5,-37.0,47.7,-11.1
2026-04-01,126340,,7.1,-11.6,10.3,1.5
2026-04-02,126340,,6.94,1.2,5.2,-4.2
2026-04-03,126340,,6.96,-10.0,6.3,3.3
2026-04-06,126340,,6.83,-1.7,-8.2,9.5
2026-04-07,126340,,6.78,50.7,-55.9,9.9
2026-04-08,126340,,7.49,89.0,-92.3,9.1
2026-04-09,126340,,8.89,34.7,-54.9,20.4
2026-04-10,126340,,9.49,-26.8,60.1,-33.1
2026-04-13,126340,,9.13,-47.5,50.2,-2.8
2026-04-14,126340,,8.53,-126.1,186.4,-56.3
2026-04-15,126340,,6.97,-31.0,-27.9,56.4
2026-04-16,126340,,6.74,-2.2,-34.8,36.5
2026-04-17,126340,,6.79,-0.4,-5.0,6.9
2026-04-20,126340,,6.73,5.1,-18.6,12.9
2026-04-21,126340,,6.79,-27.7,82.4,-55.8
2026-04-22,126340,,6.51,5.6,49.5,-46.5
2026-04-23,126340,,6.61,-18.1,8.3,11.8
2026-04-24,126340,,6.3,12.4,-32.1,20.7
2026-04-27,126340,,6.4,3.1,6.1,-6.0
2026-04-28,126340,,6.39,50.3,33.4,-81.5
2026-04-29,126340,,7.05,116.4,173.9,-288.8
2026-04-30,126340,175600.0,8.01,-43.5,23.7,12.4
2026-05-04,126340,,7.84,0.1,21.9,-22.9
2026-05-06,126340,,7.81,57.3,-34.7,-33.8
2026-05-07,126340,,8.58,32.3,-56.6,18.4
2026-05-08,126340,,8.83,85.3,-99.8,14.9
2026-05-11,126340,,9.59,94.8,-109.0,13.3
2026-05-12,126340,,10.36,83.5,-61.6,-19.9
2026-05-13,126340,,10.87,118.6,-122.9,3.9
2026-05-14,126340,,11.98,-9.5,5.3,2.4
2026-05-15,126340,,12.01,26.0,-49.7,19.8
2026-05-18,126340,,11.7,87.3,-70.5,-14.7
2026-05-19,126340,,12.75,-17.3,1.1,13.4
2026-05-20,126340,,12.43,17.3,-1.4,-15.4
2026-05-21,126340,,12.71,-25.4,8.5,22.7
2026-05-22,126340,,12.38,44.7,106.9,-147.6
2026-05-26,126340,,12.73,-14.8,6.0,8.6
2026-05-27,126340,,12.43,-0.4,-45.9,36.9
2026-05-28,126340,,12.46,42.4,-36.6,-6.6
2026-05-29,126340,149000.0,12.95,57.2,-62.0,8.3
2026-06-01,126340,,13.6,153.3,-95.7,-49.2
2026-06-02,126340,,15.67,24.9,-40.5,14.7
2026-06-04,126340,,15.97,-16.8,-0.5,18.9
2026-06-05,126340,,15.74,12.0,-5.1,-7.1
2026-06-08,126340,,15.82,42.1,-48.0,4.2
2026-06-09,126340,,16.41,40.0,-66.6,25.2
2026-06-10,126340,,16.95,-21.5,-19.4,40.0
2026-06-11,126340,,16.56,43.9,-57.3,14.1
2026-06-12,126340,,17.11,-8.7,-15.0,23.5
2026-06-15,126340,,16.92,-21.9,7.4,17.2
2026-06-16,126340,,16.62,-64.9,71.2,-9.6
2026-06-17,126340,,15.64,-35.0,31.1,4.0
2026-06-18,126340,,15.07,17.5,-7.1,-11.3
2026-06-19,126340,,15.25,9.4,24.7,-28.9
2026-06-22,126340,,15.3,-8.0,-8.2,17.4
2026-06-23,126340,,15.11,34.0,-25.8,-5.7
2026-06-24,126340,,15.54,12.2,-7.1,-4.7
2026-06-25,126340,,15.73,11.4,-8.9,-2.0
2026-06-26,126340,,15.92,53.7,-25.2,-30.2
2026-06-29,126340,,17.05,63.8,-45.8,-12.8
2026-06-30,126340,82900.0,18.2,-2.2,-16.5,18.7
2026-07-01,126340,,17.94,-7.0,-1.6,8.1
2026-07-02,126340,,17.81,-119.8,27.0,93.8
2026-07-03,126340,,15.54,-18.0,15.9,3.9
2026-07-06,126340,,15.1,-3.6,-2.1,6.2
2026-07-07,126340,,14.94,-24.6,33.7,-9.1
2026-07-08,126340,,14.41,-0.9,-1.3,2.7
2026-07-09,126340,,14.36,19.3,-4.4,-14.3
2026-07-10,126340,,14.6,4.1,-5.8,2.2
2026-07-13,126340,68900.0,14.38,-15.2,-7.0,22.4
2025-07-14,126560,,0.78,-0.4,0.1,0.2
2025-07-15,126560,,0.77,-0.5,-0.1,0.7
2025-07-16,126560,,0.76,-1.2,0.2,1.1
2025-07-17,126560,,0.73,-0.4,0.2,0.3
2025-07-18,126560,,0.72,-0.2,0.1,0.4
2025-07-21,126560,,0.71,-0.4,0.3,0.1
2025-07-22,126560,,0.7,-0.2,0.1,-0.0
2025-07-23,126560,,0.69,0.1,-0.0,-0.0
2025-07-24,126560,,0.7,-0.4,-0.2,0.6
2025-07-25,126560,,0.69,0.1,-0.0,-0.1
2025-07-28,126560,,0.69,-0.3,-0.0,0.3
2025-07-29,126560,,0.68,0.0,-0.2,0.1
2025-07-30,126560,,0.68,0.3,-0.0,-0.2
2025-07-31,126560,,0.69,-0.1,0.0,0.1
2025-08-01,126560,,0.69,-0.2,0.2,-0.0
2025-08-04,126560,,0.68,0.1,-0.1,0.0
2025-08-05,126560,,0.68,-0.1,-0.0,0.0
2025-08-06,126560,,0.68,0.5,0.0,-0.4
2025-08-07,126560,,0.69,-0.1,-0.0,0.1
2025-08-08,126560,,0.69,0.3,-0.0,-0.3
2025-08-11,126560,,0.7,0.1,0.2,0.2
2025-08-12,126560,,0.7,-0.4,0.2,0.3
2025-08-13,126560,,0.69,-0.0,-0.2,0.2
2025-08-14,126560,,0.69,-0.0,-0.1,0.1
2025-08-18,126560,,0.69,-0.4,0.0,0.3
2025-08-19,126560,,0.68,-0.4,-0.0,0.2
2025-08-20,126560,,0.67,-0.1,0.0,0.1
2025-08-21,126560,,0.67,0.0,0.0,-0.1
2025-08-22,126560,,0.67,0.0,-0.1,0.0
2025-08-25,126560,,0.67,0.1,-0.1,-0.4
2025-08-26,126560,,0.67,-0.1,-0.0,0.1
2025-08-27,126560,,0.67,-0.2,-0.3,0.5
2025-08-28,126560,,0.66,-0.1,-0.0,0.1
2025-08-29,126560,3260.0,0.66,-0.2,0.0,0.1
2025-09-01,126560,,0.66,-0.3,-0.0,0.3
2025-09-02,126560,,0.65,-0.1,0.1,0.1
2025-09-03,126560,,0.64,-0.0,-0.0,0.0
2025-09-04,126560,,0.64,0.0,-0.0,-0.5
2025-09-05,126560,,0.64,0.2,-0.1,-0.5
2025-09-08,126560,,0.65,0.1,-0.0,-0.3
2025-09-09,126560,,0.65,-0.2,-0.3,0.4
2025-09-10,126560,,0.64,0.2,-0.0,-0.9
2025-09-11,126560,,0.65,0.0,0.0,-0.1
2025-09-12,126560,,0.65,-0.3,-0.3,0.6
2025-09-15,126560,,0.64,0.0,0.0,-0.1
2025-09-16,126560,,0.64,-0.0,-0.1,0.1
2025-09-17,126560,,0.64,-0.0,-0.0,-0.1
2025-09-18,126560,,0.64,0.2,-0.1,-0.1
2025-09-19,126560,,0.65,0.1,-0.2,-0.4
2025-09-22,126560,,0.65,-0.1,-0.2,-0.8
2025-09-23,126560,,0.65,0.1,-0.7,-1.7
2025-09-24,126560,,0.65,-0.0,-0.0,-0.3
2025-09-25,126560,,0.65,0.6,-0.2,1.5
2025-09-26,126560,,0.66,-0.2,0.0,-0.2
2025-09-29,126560,,0.66,0.2,0.1,0.6
2025-09-30,126560,3250.0,0.66,-0.4,-0.1,-0.3
2025-10-01,126560,,0.65,-0.0,-0.0,-0.0
2025-10-02,126560,,0.65,0.3,0.0,0.0
2025-10-10,126560,,0.66,-0.3,-0.0,0.4
2025-10-13,126560,,0.65,-0.2,0.0,0.0
2025-10-14,126560,,0.65,-0.2,-0.1,0.2
2025-10-15,126560,,0.64,0.5,-1.0,0.1
2025-10-16,126560,,0.65,-0.2,-0.0,-1.4
2025-10-17,126560,,0.65,-0.3,-0.2,-0.3
2025-10-20,126560,,0.64,-0.2,-0.2,-0.6
2025-10-21,126560,,0.63,-0.3,-0.7,0.0
2025-10-22,126560,,0.62,0.2,-0.2,1.1
2025-10-23,126560,,0.63,-0.1,-0.3,-0.5
2025-10-24,126560,,0.63,0.2,-0.4,-0.6
2025-10-27,126560,,0.63,-0.1,-0.4,0.1
2025-10-28,126560,,0.63,-0.0,-0.2,-0.9
2025-10-29,126560,,0.63,-0.1,-0.5,-0.3
2025-10-30,126560,,0.62,-0.3,-0.2,0.0
2025-10-31,126560,3180.0,0.62,-0.1,-0.1,-1.2
2025-11-03,126560,,0.61,0.0,-0.3,-1.8
2025-11-04,126560,,0.62,0.0,-0.0,-0.4
2025-11-05,126560,,0.62,-0.2,0.3,-1.4
2025-11-06,126560,,0.61,0.3,-0.4,0.2
2025-11-07,126560,,0.62,-0.3,-0.2,0.2
2025-11-10,126560,,0.61,0.9,0.9,-0.4
2025-11-11,126560,,0.63,-0.4,0.2,0.0
2025-11-12,126560,,0.62,0.5,-0.0,0.0
2025-11-13,126560,,0.64,0.4,-0.1,-0.2
2025-11-14,126560,,0.65,0.7,0.1,-0.6
2025-11-17,126560,,0.67,-0.3,0.0,-8.1
2025-11-18,126560,,0.66,-0.7,-0.1,0.4
2025-11-19,126560,,0.64,-0.3,1.1,-1.0
2025-11-20,126560,,0.63,0.8,-0.2,-0.9
2025-11-21,126560,,0.65,-0.0,0.7,-0.3
2025-11-24,126560,,0.65,-0.1,-0.5,-0.0
2025-11-25,126560,,0.65,-0.4,-0.3,0.4
2025-11-26,126560,,0.63,0.4,0.4,-0.8
2025-11-27,126560,,0.65,0.6,-0.1,-0.3
2025-11-28,126560,3155.0,0.66,0.5,-0.3,-0.1
2025-12-01,126560,,0.68,0.1,-0.3,-0.1
2025-12-02,126560,,0.68,0.2,-0.1,-0.3
2025-12-03,126560,,0.69,0.3,-0.0,-0.3
2025-12-04,126560,,0.7,-1.1,0.2,1.3
2025-12-05,126560,,0.66,0.5,-0.1,-0.4
2025-12-08,126560,,0.68,0.7,0.0,-0.5
2025-12-09,126560,,0.7,0.1,0.4,-0.3
2025-12-10,126560,,0.7,-0.0,-0.1,-0.1
2025-12-11,126560,,0.7,0.2,-0.2,-0.2
2025-12-12,126560,,0.71,0.4,-0.0,-0.2
2025-12-15,126560,,0.72,0.3,0.1,-0.3
2025-12-16,126560,,0.73,0.2,0.2,-0.6
2025-12-17,126560,,0.73,0.0,-0.2,-0.1
2025-12-18,126560,,0.73,-0.2,-0.0,0.2
2025-12-19,126560,,0.73,0.3,-0.0,-0.0
2025-12-22,126560,,0.74,0.1,0.0,-0.1
2025-12-23,126560,,0.74,-0.1,0.2,0.2
2025-12-24,126560,,0.74,-0.2,0.1,-0.1
2025-12-26,126560,,0.73,-0.3,-0.0,0.8
2025-12-29,126560,,0.72,-1.0,-0.0,0.7
2025-12-30,126560,3070.0,0.69,-0.4,-0.1,0.7
2026-01-02,126560,,0.68,-0.2,-0.0,0.2
2026-01-05,126560,,0.68,-0.6,-0.1,0.3
2026-01-06,126560,,0.66,-0.2,-0.2,0.3
2026-01-07,126560,,0.66,-0.3,-0.3,0.9
2026-01-08,126560,,0.65,0.3,0.0,-0.3
2026-01-09,126560,,0.65,-0.2,0.0,-0.0
2026-01-12,126560,,0.65,0.3,0.2,-0.2
2026-01-13,126560,,0.66,0.1,0.0,-0.2
2026-01-14,126560,,0.66,0.3,-0.3,0.1
2026-01-15,126560,,0.67,0.0,-0.2,0.8
2026-01-16,126560,,0.67,-0.0,-0.9,1.7
2026-01-19,126560,,0.67,1.2,-0.1,0.6
2026-01-20,126560,,0.71,0.1,-0.5,0.6
2026-01-21,126560,,0.71,-0.2,-0.0,0.2
2026-01-22,126560,,0.7,0.4,-0.1,-0.0
2026-01-23,126560,,0.72,-0.2,-0.2,0.6
2026-01-26,126560,,0.71,0.4,0.0,-0.1
2026-01-27,126560,,0.72,-0.1,-0.1,0.1
2026-01-28,126560,,0.72,0.0,-0.3,0.7
2026-01-29,126560,,0.72,0.3,-0.4,0.3
2026-01-30,126560,3225.0,0.73,0.6,0.0,-0.5
2026-02-02,126560,,0.74,-0.2,-0.2,0.9
2026-02-03,126560,,0.74,-0.2,0.1,0.2
2026-02-04,126560,,0.73,0.4,-0.2,0.5
2026-02-05,126560,,0.74,0.8,2.1,-1.4
2026-02-06,126560,,0.77,-0.0,-0.1,0.4
2026-02-09,126560,,0.77,0.8,0.3,-1.2
2026-02-10,126560,,0.79,-1.6,-0.4,1.9
2026-02-11,126560,,0.75,4.4,1.0,-5.5
2026-02-12,126560,,0.86,1.4,-1.0,-1.3
2026-02-13,126560,,0.9,0.5,-0.8,-2.5
2026-02-19,126560,,0.91,0.9,-0.4,-0.5
2026-02-20,126560,,0.94,0.8,0.0,-1.7
2026-02-23,126560,,0.96,1.3,0.3,-2.6
2026-02-24,126560,,0.99,-1.6,-0.3,0.9
2026-02-25,126560,,0.95,0.3,-0.8,-0.4
2026-02-26,126560,,0.96,-2.1,-0.9,0.7
2026-02-27,126560,3465.0,0.9,-0.4,0.1,-0.5
2026-03-03,126560,,0.89,0.6,0.3,-2.0
2026-03-04,126560,,0.91,0.9,-0.3,-1.8
2026-03-05,126560,,0.93,1.6,-1.4,-1.3
2026-03-06,126560,,0.98,-0.3,-0.3,0.1
2026-03-09,126560,,0.97,-0.1,0.2,-1.1
2026-03-10,126560,,0.97,-0.9,-0.1,0.4
2026-03-11,126560,,0.94,0.8,0.1,-1.6
2026-03-12,126560,,0.96,-0.1,-0.1,1.2
2026-03-13,126560,,0.96,0.4,-1.9,1.0
2026-03-16,126560,,0.97,-1.2,0.0,0.4
2026-03-17,126560,,0.94,-0.9,-0.1,0.0
2026-03-18,126560,,0.91,0.1,0.2,-1.3
2026-03-19,126560,,0.92,-0.8,-1.3,1.1
2026-03-20,126560,,0.89,0.2,-0.9,-0.2
2026-03-23,126560,,0.9,0.1,0.1,-0.9
2026-03-24,126560,,0.9,-0.1,-0.1,-0.7
2026-03-25,126560,,0.9,0.1,0.1,-1.1
2026-03-26,126560,,0.9,-0.3,-0.0,-0.6
2026-03-27,126560,,0.9,1.1,0.7,-2.7
2026-03-30,126560,,0.93,-0.4,0.4,-0.8
2026-03-31,126560,3275.0,0.91,0.9,0.4,-2.2
2026-04-01,126560,,0.94,-0.4,-0.4,-0.0
2026-04-02,126560,,0.93,-0.5,-0.2,-0.2
2026-04-03,126560,,0.92,0.9,0.1,-1.9
2026-04-06,126560,,0.94,-0.8,-0.1,-0.0
2026-04-07,126560,,0.92,-0.4,0.2,-0.7
2026-04-08,126560,,0.91,-0.5,-0.3,-0.1
2026-04-09,126560,,0.89,-0.2,-0.2,-0.5
2026-04-10,126560,,0.89,1.2,0.1,-2.2
2026-04-13,126560,,0.92,0.7,0.5,-2.1
2026-04-14,126560,,0.94,-0.3,-0.3,-0.3
2026-04-15,126560,,0.93,-0.8,-1.0,0.9
2026-04-16,126560,,0.91,0.7,-0.4,-1.3
2026-04-17,126560,,0.93,-0.3,-0.2,-0.4
2026-04-20,126560,,0.92,-2.2,-0.6,2.0
2026-04-21,126560,,0.86,-1.2,0.6,-0.5
2026-04-22,126560,,0.83,-0.3,-1.0,-0.3
2026-04-23,126560,,0.82,-0.0,-0.5,-1.4
2026-04-24,126560,,0.82,-0.3,-0.2,-0.6
2026-04-27,126560,,0.82,-0.7,0.0,-0.2
2026-04-28,126560,,0.8,0.1,-0.1,-0.8
2026-04-29,126560,,0.8,-0.5,-0.2,0.6
2026-04-30,126560,3345.0,0.79,-0.7,-0.1,0.7
2026-05-04,126560,,0.77,-0.3,-0.7,0.9
2026-05-06,126560,,0.76,-1.0,-0.2,1.0
2026-05-07,126560,,0.73,-0.2,-0.0,-0.0
2026-05-08,126560,,0.73,-0.5,-0.6,0.9
2026-05-11,126560,,0.71,-0.8,0.0,0.7
2026-05-12,126560,,0.69,-0.3,-0.3,0.7
2026-05-13,126560,,0.69,-0.4,0.0,-7.1
2026-05-14,126560,,0.68,3.4,0.2,-3.6
2026-05-15,126560,,0.78,-0.4,-0.1,0.3
2026-05-18,126560,,0.77,0.1,-0.1,-0.1
2026-05-19,126560,,0.78,-0.2,-0.6,0.7
2026-05-20,126560,,0.77,0.0,-0.1,-0.1
2026-05-21,126560,,0.77,-0.5,-0.1,1.1
2026-05-22,126560,,0.76,0.5,-0.4,-0.1
2026-05-26,126560,,0.77,-0.3,0.1,0.3
2026-05-27,126560,,0.76,-0.3,-0.1,0.3
2026-05-28,126560,,0.75,-0.2,-0.0,0.1
2026-05-29,126560,2975.0,0.74,0.0,0.0,-0.0
2026-06-01,126560,,0.74,-0.2,-0.0,0.3
2026-06-02,126560,,0.74,0.0,0.0,-0.1
2026-06-04,126560,,0.74,-0.2,-0.0,0.1
2026-06-05,126560,,0.73,0.1,-0.0,-0.2
2026-06-08,126560,,0.73,0.4,0.0,-0.2
2026-06-09,126560,,0.75,-0.2,-0.0,0.0
2026-06-10,126560,,0.74,0.0,-0.1,0.3
2026-06-11,126560,,0.74,-0.2,-0.0,0.2
2026-06-12,126560,,0.73,0.6,-0.0,-0.6
2026-06-15,126560,,0.75,-0.7,0.0,0.6
2026-06-16,126560,,0.73,-0.2,0.1,0.2
2026-06-17,126560,,0.72,-0.2,-0.1,0.4
2026-06-18,126560,,0.72,-0.1,-0.0,0.2
2026-06-19,126560,,0.72,0.0,-0.1,0.1
2026-06-22,126560,,0.72,0.5,0.0,-0.5
2026-06-23,126560,,0.73,0.9,0.2,-1.1
2026-06-24,126560,,0.76,0.4,-0.2,-0.2
2026-06-25,126560,,0.77,0.2,-0.1,-0.1
2026-06-26,126560,,0.78,-0.3,0.1,0.2
2026-06-29,126560,,0.77,0.1,-0.1,-0.2
2026-06-30,126560,2960.0,0.77,-0.1,-0.0,0.1
2026-07-01,126560,,0.77,0.3,0.0,-0.3
2026-07-02,126560,,0.78,0.8,0.8,-1.8
2026-07-03,126560,,0.8,0.4,0.1,-0.4
2026-07-06,126560,,0.81,0.2,-0.1,-0.0
2026-07-07,126560,,0.82,0.7,-0.1,-0.5
2026-07-08,126560,,0.84,0.3,0.3,-0.6
2026-07-09,126560,,0.85,-0.0,-0.3,1.2
2026-07-10,126560,,0.85,0.5,-0.3,-0.4
2026-07-13,126560,2950.0,0.86,-0.4,-0.2,0.5
2025-07-14,126600,,1.22,-0.2,-0.0,0.2
2025-07-15,126600,,1.21,-1.0,0.0,0.9
2025-07-16,126600,,1.16,-0.3,-0.0,0.3
2025-07-17,126600,,1.14,-0.3,0.1,0.2
2025-07-18,126600,,1.13,-0.2,0.1,0.2
2025-07-21,126600,,1.11,0.5,0.0,-0.5
2025-07-22,126600,,1.14,-0.3,-0.0,0.3
2025-07-23,126600,,1.12,0.0,0.0,-0.0
2025-07-24,126600,,1.12,-0.5,0.0,0.5
2025-07-25,126600,,1.1,0.1,0.1,-0.2
2025-07-28,126600,,1.1,-0.0,0.2,-0.2
2025-07-29,126600,,1.1,0.5,0.1,-0.6
2025-07-30,126600,,1.13,0.2,0.0,-0.2
2025-07-31,126600,,1.14,0.3,-0.0,-0.3
2025-08-01,126600,,1.15,-0.9,0.2,0.7
2025-08-04,126600,,1.1,0.2,0.0,-0.2
2025-08-05,126600,,1.11,0.5,0.0,-0.5
2025-08-06,126600,,1.14,0.1,-0.0,-0.1
2025-08-07,126600,,1.14,-0.1,-0.0,0.1
2025-08-08,126600,,1.14,0.0,-0.0,0.0
2025-08-11,126600,,1.14,1.5,0.4,-1.9
2025-08-12,126600,,1.21,0.5,0.0,-1.2
2025-08-13,126600,,1.24,-0.0,0.0,0.0
2025-08-14,126600,,1.24,-0.5,0.2,0.2
2025-08-18,126600,,1.22,-0.2,0.0,0.3
2025-08-19,126600,,1.21,-0.3,0.0,0.3
2025-08-20,126600,,1.19,-0.1,0.0,0.1
2025-08-21,126600,,1.18,0.1,0.0,-0.2
2025-08-22,126600,,1.19,-0.2,-0.0,0.2
2025-08-25,126600,,1.18,0.1,-0.0,-0.1
2025-08-26,126600,,1.2,-0.1,-0.0,0.1
2025-08-27,126600,,1.19,-0.6,0.0,0.5
2025-08-28,126600,,1.16,-0.3,0.0,0.3
2025-08-29,126600,2975.0,1.15,-0.3,0.0,0.3
2025-09-01,126600,,1.13,-0.4,0.1,0.2
2025-09-02,126600,,1.1,-0.1,-0.0,0.1
2025-09-03,126600,,1.1,-0.0,0.0,0.0
2025-09-04,126600,,1.1,0.1,0.0,-0.1
2025-09-05,126600,,1.1,0.2,-0.0,-0.2
2025-09-08,126600,,1.11,-0.0,0.0,0.0
2025-09-09,126600,,1.11,-0.3,0.0,0.3
2025-09-10,126600,,1.1,-0.2,0.0,0.2
2025-09-11,126600,,1.08,0.0,-0.0,-0.0
2025-09-12,126600,,1.09,0.2,-0.0,-0.2
2025-09-15,126600,,1.09,-0.3,-0.0,0.3
2025-09-16,126600,,1.08,-0.1,-0.0,0.1
2025-09-17,126600,,1.07,0.0,0.0,-0.0
2025-09-18,126600,,1.07,0.2,-0.0,-0.2
2025-09-19,126600,,1.08,0.3,0.0,-0.3
2025-09-22,126600,,1.1,-0.0,-0.0,0.0
2025-09-23,126600,,1.09,-0.4,-0.0,0.4
2025-09-24,126600,,1.08,-0.8,-0.0,0.8
2025-09-25,126600,,1.03,-0.1,0.0,0.1
2025-09-26,126600,,1.02,-0.3,-0.0,0.3
2025-09-29,126600,,1.01,-0.2,0.0,-0.1
2025-09-30,126600,2895.0,1.0,-0.1,0.0,0.1
2025-10-01,126600,,0.99,-0.3,-0.0,0.3
2025-10-02,126600,,0.97,0.1,-0.0,-0.2
2025-10-10,126600,,0.98,-0.1,-0.0,0.1
2025-10-13,126600,,0.97,-0.0,0.0,0.0
2025-10-14,126600,,0.97,0.2,-0.0,-0.2
2025-10-15,126600,,0.98,0.5,-0.0,-0.5
2025-10-16,126600,,1.01,0.2,-0.0,-0.3
2025-10-17,126600,,1.02,0.6,-0.0,-0.6
2025-10-20,126600,,1.05,0.2,-0.0,-0.0
2025-10-21,126600,,1.06,-0.4,0.0,0.4
2025-10-22,126600,,1.04,-0.1,-0.0,0.1
2025-10-23,126600,,1.03,-0.1,0.0,-0.0
2025-10-24,126600,,1.03,0.9,-0.0,-1.1
2025-10-27,126600,,1.08,1.3,-0.4,-0.8
2025-10-28,126600,,1.15,-0.0,-0.0,0.0
2025-10-29,126600,,1.15,-0.1,-0.0,0.1
2025-10-30,126600,,1.14,-0.6,-0.0,0.6
2025-10-31,126600,2860.0,1.11,-0.2,-0.0,0.1
2025-11-03,126600,,1.1,-0.9,-0.0,1.8
2025-11-04,126600,,1.05,0.2,-0.1,0.5
2025-11-05,126600,,1.06,-0.5,-0.0,0.5
2025-11-06,126600,,1.04,-0.1,-0.1,0.2
2025-11-07,126600,,1.03,0.9,-1.4,1.0
2025-11-10,126600,,1.08,0.1,-0.0,-0.1
2025-11-11,126600,,1.01,-0.2,-0.1,0.3
2025-11-12,126600,,1.0,0.2,0.2,-0.4
2025-11-13,126600,,1.02,2.2,-0.0,-2.2
2025-11-14,126600,,1.13,1.5,-0.0,-1.5
2025-11-17,126600,,1.21,-0.1,0.0,0.1
2025-11-18,126600,,1.21,-0.7,-0.0,0.7
2025-11-19,126600,,1.17,0.5,-0.0,-0.5
2025-11-20,126600,,1.19,-0.2,0.0,0.2
2025-11-21,126600,,1.18,-0.2,0.0,0.2
2025-11-24,126600,,1.17,0.3,0.0,-0.3
2025-11-25,126600,,1.19,-0.2,0.0,0.2
2025-11-26,126600,,1.18,0.9,-0.0,-0.9
2025-11-27,126600,,1.22,2.0,-0.0,-2.0
2025-11-28,126600,3375.0,1.32,2.1,-0.0,-2.0
2025-12-01,126600,,1.42,-0.7,0.0,0.7
2025-12-02,126600,,1.41,-0.1,-0.0,0.1
2025-12-03,126600,,1.4,0.4,0.0,-0.3
2025-12-04,126600,,1.42,0.5,0.0,-0.5
2025-12-05,126600,,1.45,-0.9,0.0,0.9
2025-12-08,126600,,1.4,1.0,-0.0,-1.1
2025-12-09,126600,,1.45,-1.1,0.0,1.1
2025-12-10,126600,,1.4,-1.7,0.0,1.7
2025-12-11,126600,,1.33,1.0,0.0,-1.0
2025-12-12,126600,,1.37,-0.4,-0.0,0.4
2025-12-15,126600,,1.35,0.7,0.0,-0.7
2025-12-16,126600,,1.38,0.9,-0.4,-0.6
2025-12-17,126600,,1.53,-1.8,0.0,1.8
2025-12-18,126600,,1.44,-1.5,0.0,1.5
2025-12-19,126600,,1.37,3.8,-0.6,-3.2
2025-12-22,126600,,1.53,-1.2,0.0,1.2
2025-12-23,126600,,1.48,-1.2,0.0,0.8
2025-12-24,126600,,1.41,-0.6,0.0,0.6
2025-12-26,126600,,1.38,-0.2,0.0,0.4
2025-12-29,126600,,1.27,0.4,-0.0,-0.4
2025-12-30,126600,3660.0,1.28,-0.4,,0.4
2026-01-02,126600,,1.26,-0.6,-0.0,0.6
2026-01-05,126600,,1.24,0.3,-0.0,-0.3
2026-01-06,126600,,1.26,-0.4,-0.0,0.4
2026-01-07,126600,,1.29,0.7,-0.0,-0.7
2026-01-08,126600,,1.32,-0.0,-0.0,0.1
2026-01-09,126600,,1.32,0.8,0.0,-0.8
2026-01-12,126600,,1.35,0.3,-0.0,-0.4
2026-01-13,126600,,1.37,-0.7,-0.0,0.7
2026-01-14,126600,,1.34,-0.6,-0.7,1.3
2026-01-15,126600,,1.31,-1.2,-0.0,1.2
2026-01-16,126600,,1.26,-0.1,-0.0,0.1
2026-01-19,126600,,1.26,1.7,-0.0,-1.5
2026-01-20,126600,,1.32,-2.3,-0.0,2.3
2026-01-21,126600,,1.24,-3.0,-0.0,2.9
2026-01-22,126600,,1.12,-0.9,-0.0,0.8
2026-01-23,126600,,1.09,-0.6,-0.0,0.7
2026-01-26,126600,,1.06,0.5,,-0.5
2026-01-27,126600,,1.08,-0.3,-0.0,0.1
2026-01-28,126600,,1.07,-0.1,-0.0,0.1
2026-01-29,126600,,1.07,0.8,-0.0,-0.7
2026-01-30,126600,4220.0,1.1,2.4,-0.0,-2.5
2026-02-02,126600,,1.19,-2.1,,2.4
2026-02-03,126600,,1.11,0.0,,-0.0
2026-02-04,126600,,1.11,2.9,-0.0,-2.4
2026-02-05,126600,,1.24,-1.0,-0.0,1.0
2026-02-06,126600,,1.2,-0.8,,0.8
2026-02-09,126600,,1.17,1.6,-0.0,-1.6
2026-02-10,126600,,1.23,2.4,0.0,-2.3
2026-02-11,126600,,1.33,-1.7,0.0,1.5
2026-02-12,126600,,1.26,-1.0,-0.0,1.1
2026-02-13,126600,,1.22,-0.8,,0.8
2026-02-19,126600,,1.19,0.1,-0.0,-0.1
2026-02-20,126600,,1.19,0.1,-0.0,-0.1
2026-02-23,126600,,1.19,0.5,-0.0,-0.5
2026-02-24,126600,,1.21,1.0,-0.0,-1.0
2026-02-25,126600,,1.25,0.1,0.0,-0.1
2026-02-26,126600,,1.25,-0.9,-0.0,0.9
2026-02-27,126600,4005.0,1.2,0.4,-0.0,-0.5
2026-03-03,126600,,1.07,-0.1,0.2,-0.0
2026-03-04,126600,,1.07,1.8,0.0,-1.8
2026-03-05,126600,,1.15,1.6,,-1.6
2026-03-06,126600,,1.22,-0.2,-0.0,0.2
2026-03-09,126600,,1.21,1.1,-0.0,-1.1
2026-03-10,126600,,1.26,0.6,,-0.7
2026-03-11,126600,,1.3,-0.6,,0.6
2026-03-12,126600,,1.28,0.7,0.0,-0.7
2026-03-13,126600,,1.31,2.0,-1.8,-0.2
2026-03-16,126600,,1.4,-0.9,-0.0,0.9
2026-03-17,126600,,1.36,0.3,-0.0,-0.2
2026-03-18,126600,,1.37,-0.9,-0.0,0.9
2026-03-19,126600,,1.33,-0.3,0.0,0.2
2026-03-20,126600,,1.32,1.2,,-1.2
2026-03-23,126600,,1.38,-0.1,0.0,0.2
2026-03-24,126600,,1.37,0.6,0.0,-0.6
2026-03-25,126600,,1.4,0.7,,-0.7
2026-03-26,126600,,1.43,0.0,0.0,-0.0
2026-03-27,126600,,1.43,3.5,-0.0,-3.4
2026-03-30,126600,,1.56,-17.7,-0.2,17.9
2026-03-31,126600,4700.0,0.96,0.5,-3.5,2.6
2026-04-01,126600,,1.0,21.6,0.0,-21.7
2026-04-02,126600,,1.88,-17.8,0.3,17.1
2026-04-03,126600,,1.39,7.2,-0.1,-6.8
2026-04-06,126600,,1.67,-19.6,-0.2,19.5
2026-04-07,126600,,0.98,5.7,0.0,-5.6
2026-04-08,126600,,1.23,7.2,0.0,-7.3
2026-04-09,126600,,1.51,-1.1,0.0,1.2
2026-04-10,126600,,1.56,1.5,0.6,-2.2
2026-04-13,126600,,1.62,-2.8,0.0,2.5
2026-04-14,126600,,1.52,0.2,0.0,-0.5
2026-04-15,126600,,1.52,-0.3,-0.4,0.6
2026-04-16,126600,,1.52,1.1,0.0,-1.3
2026-04-17,126600,,1.56,0.9,,-0.8
2026-04-20,126600,,1.59,0.6,0.0,-0.6
2026-04-21,126600,,1.61,0.6,0.0,-0.6
2026-04-22,126600,,1.61,-0.4,0.2,0.3
2026-04-23,126600,,1.59,-4.6,-0.1,4.1
2026-04-24,126600,,1.47,-5.6,-0.1,5.9
2026-04-27,126600,,1.26,-2.4,-0.1,2.5
2026-04-28,126600,,1.17,1.2,0.0,-0.9
2026-04-29,126600,,1.22,0.8,-0.1,-0.7
2026-04-30,126600,4210.0,1.25,-0.9,-0.1,1.0
2026-05-04,126600,,1.21,-6.1,-0.1,6.6
2026-05-06,126600,,0.99,-3.7,-0.1,3.8
2026-05-07,126600,,0.85,-0.7,-0.1,0.8
2026-05-08,126600,,0.82,0.2,0.0,-0.2
2026-05-11,126600,,0.83,1.3,-0.3,-1.0
2026-05-12,126600,,0.88,1.7,0.3,-2.0
2026-05-13,126600,,0.95,-1.0,-0.2,1.3
2026-05-14,126600,,0.92,-6.1,-0.8,6.8
2026-05-15,126600,,0.71,-2.2,-0.2,2.7
2026-05-18,126600,,0.65,-2.6,-0.3,2.9
2026-05-19,126600,,0.55,1.7,-0.2,-1.5
2026-05-20,126600,,0.62,1.0,-0.1,-0.9
2026-05-21,126600,,0.67,1.3,-0.0,-1.3
2026-05-22,126600,,0.72,-0.5,-1.1,1.6
2026-05-26,126600,,0.7,-0.2,0.0,0.1
2026-05-27,126600,,0.69,-1.4,0.0,2.3
2026-05-28,126600,,0.63,0.8,-0.5,-0.4
2026-05-29,126600,3490.0,0.7,-0.7,-0.0,0.7
2026-06-01,126600,,0.67,1.7,-0.0,-1.7
2026-06-02,126600,,0.77,2.7,-0.0,-2.6
2026-06-04,126600,,0.88,-1.1,-0.0,1.1
2026-06-05,126600,,0.84,0.8,-0.0,-0.8
2026-06-08,126600,,0.81,0.4,0.0,-0.4
2026-06-09,126600,,0.83,1.5,0.0,-0.7
2026-06-10,126600,,0.91,-0.8,-0.0,0.7
2026-06-11,126600,,0.87,-0.0,0.0,0.1
2026-06-12,126600,,0.87,-0.8,-0.0,0.7
2026-06-15,126600,,0.83,-0.3,-0.0,0.3
2026-06-16,126600,,0.82,-0.8,-0.0,0.8
2026-06-17,126600,,0.78,-0.3,0.0,0.1
2026-06-18,126600,,0.77,0.2,-0.0,-0.2
2026-06-19,126600,,0.78,0.6,-0.0,-0.5
2026-06-22,126600,,0.81,0.5,-0.0,-0.6
2026-06-23,126600,,0.84,0.5,0.0,-0.5
2026-06-24,126600,,0.87,0.1,0.0,-0.1
2026-06-25,126600,,0.87,-1.4,-0.0,1.4
2026-06-26,126600,,0.8,-0.1,0.0,0.1
2026-06-29,126600,,0.8,1.4,-0.0,-1.4
2026-06-30,126600,2935.0,0.87,-0.7,0.0,0.8
2026-07-01,126600,,0.83,0.1,0.0,-0.1
2026-07-02,126600,,0.83,-0.2,0.0,0.1
2026-07-03,126600,,0.81,0.1,-0.0,-0.1
2026-07-06,126600,,0.83,0.0,0.0,-0.0
2026-07-07,126600,,0.84,0.1,0.0,-0.1
2026-07-08,126600,,0.84,0.6,0.0,-0.7
2026-07-09,126600,,0.87,-0.3,-0.0,0.3
2026-07-10,126600,,0.86,0.8,-0.0,-0.8
2026-07-13,126600,2990.0,0.9,-0.7,0.0,0.7
2025-07-14,126640,,3.82,0.4,,-0.4
2025-07-15,126640,,3.91,-0.4,,0.4
2025-07-16,126640,,3.81,-0.2,,0.2
2025-07-17,126640,,3.78,0.0,,-0.0
2025-07-18,126640,,3.78,-0.1,,0.1
2025-07-21,126640,,3.75,-0.0,,0.0
2025-07-22,126640,,3.75,-0.3,,0.3
2025-07-23,126640,,3.69,0.3,,-0.3
2025-07-24,126640,,3.75,-0.6,,0.6
2025-07-25,126640,,3.63,-0.7,,0.7
2025-07-28,126640,,3.49,-0.3,,0.3
2025-07-29,126640,,3.43,-0.1,,0.1
2025-07-30,126640,,3.4,0.1,,-0.1
2025-07-31,126640,,3.42,-0.1,,0.1
2025-08-01,126640,,3.48,-0.3,,0.3
2025-08-04,126640,,3.42,0.2,,-0.2
2025-08-05,126640,,3.47,0.2,,-0.2
2025-08-06,126640,,3.52,0.2,,-0.2
2025-08-07,126640,,3.57,0.1,,-0.1
2025-08-08,126640,,3.62,-0.0,,0.0
2025-08-11,126640,,3.62,0.0,,-0.0
2025-08-12,126640,,3.61,-0.1,,0.1
2025-08-13,126640,,3.6,-0.3,,0.3
2025-08-14,126640,,3.54,0.1,,-0.1
2025-08-18,126640,,3.66,0.4,,-0.4
2025-08-19,126640,,3.75,0.1,,-0.1
2025-08-20,126640,,3.77,-0.3,,0.3
2025-08-21,126640,,3.7,0.7,,-0.7
2025-08-22,126640,,3.85,-0.1,,0.1
2025-08-25,126640,,3.84,0.1,,-0.1
2025-08-26,126640,,3.85,0.2,,-0.2
2025-08-27,126640,,3.9,-0.0,,0.0
2025-08-28,126640,,3.9,0.1,,-0.1
2025-08-29,126640,1310.0,3.93,-0.1,,0.1
2025-09-01,126640,,3.91,0.1,,-0.1
2025-09-02,126640,,3.92,0.2,,-0.2
2025-09-03,126640,,3.96,0.1,,-0.1
2025-09-04,126640,,3.98,0.1,,-0.1
2025-09-05,126640,,4.0,0.0,-0.0,-0.0
2025-09-08,126640,,4.0,0.0,,-0.0
2025-09-09,126640,,4.01,0.1,,-0.1
2025-09-10,126640,,4.03,0.6,,-0.6
2025-09-11,126640,,4.16,-0.0,,-0.1
2025-09-12,126640,,4.15,-0.1,,0.1
2025-09-15,126640,,4.13,-0.1,,0.0
2025-09-16,126640,,4.11,-0.0,,0.0
2025-09-17,126640,,4.1,-0.2,,0.2
2025-09-18,126640,,4.06,0.0,,-0.0
2025-09-19,126640,,3.91,-0.1,,0.1
2025-09-22,126640,,3.88,-0.2,,0.2
2025-09-23,126640,,3.84,-0.1,,0.1
2025-09-24,126640,,3.82,-0.2,,0.2
2025-09-25,126640,,3.78,-0.1,,0.1
2025-09-26,126640,,3.77,-0.1,,0.1
2025-09-29,126640,,3.74,0.1,,-0.1
2025-09-30,126640,1254.0,3.76,-0.1,,0.1
2025-10-01,126640,,3.74,-0.0,,0.0
2025-10-02,126640,,3.74,0.2,,-0.2
2025-10-10,126640,,3.78,-0.3,,0.3
2025-10-13,126640,,3.71,-0.2,,0.2
2025-10-14,126640,,3.66,-0.1,,0.1
2025-10-15,126640,,3.65,0.2,,-0.2
2025-10-16,126640,,3.69,-4.7,,4.7
2025-10-17,126640,,2.79,0.3,,-0.2
2025-10-20,126640,,2.85,-0.2,,0.1
2025-10-21,126640,,2.81,1.5,,-1.5
2025-10-22,126640,,3.13,0.5,,-0.5
2025-10-23,126640,,3.26,-0.2,,0.2
2025-10-24,126640,,3.22,-0.1,,0.1
2025-10-27,126640,,3.2,0.7,,-0.7
2025-10-28,126640,,3.35,-0.1,,0.1
2025-10-29,126640,,3.33,-0.3,,0.3
2025-10-30,126640,,3.27,-1.6,,1.7
2025-10-31,126640,1344.0,2.94,0.7,,-0.7
2025-11-03,126640,,3.09,-0.5,,0.5
2025-11-04,126640,,2.99,0.1,,-0.2
2025-11-05,126640,,3.02,-0.2,,0.2
2025-11-06,126640,,2.98,-0.2,,0.2
2025-11-07,126640,,2.94,0.6,,-0.6
2025-11-10,126640,,3.06,0.3,,-0.3
2025-11-11,126640,,3.12,-0.1,,0.1
2025-11-12,126640,,3.09,0.4,,-0.4
2025-11-13,126640,,3.17,0.2,,-0.3
2025-11-14,126640,,3.22,0.2,,-0.2
2025-11-17,126640,,3.27,-0.8,,0.7
2025-11-18,126640,,3.1,-0.3,,0.2
2025-11-19,126640,,3.05,-0.1,0.0,0.0
2025-11-20,126640,,3.04,0.5,,-0.4
2025-11-21,126640,,3.13,0.1,,0.1
2025-11-24,126640,,3.14,-0.0,,0.1
2025-11-25,126640,,3.13,0.1,,-0.1
2025-11-26,126640,,3.14,0.0,,-0.1
2025-11-27,126640,,3.15,-0.2,,0.3
2025-11-28,126640,1289.0,3.1,-0.2,,0.2
2025-12-01,126640,,3.05,0.1,,-0.0
2025-12-02,126640,,3.07,0.2,,-0.2
2025-12-03,126640,,3.11,0.2,,-0.2
2025-12-04,126640,,3.14,0.3,,-0.3
2025-12-05,126640,,3.2,0.3,,-0.3
2025-12-08,126640,,3.26,0.1,,-0.1
2025-12-09,126640,,3.29,0.0,,-0.0
2025-12-10,126640,,3.41,-0.1,,0.1
2025-12-11,126640,,3.4,-0.2,,0.2
2025-12-12,126640,,3.36,0.2,,-0.2
2025-12-15,126640,,3.4,0.1,,-0.1
2025-12-16,126640,,3.42,-0.4,,0.4
2025-12-17,126640,,3.33,0.0,,-0.0
2025-12-18,126640,,3.34,-0.1,,0.1
2025-12-19,126640,,3.32,0.2,,-0.2
2025-12-22,126640,,3.37,0.2,,-0.2
2025-12-23,126640,,3.42,-0.3,,0.3
2025-12-24,126640,,3.35,0.6,,-0.5
2025-12-26,126640,,3.48,-0.1,,0.2
2025-12-29,126640,,3.45,-0.8,,0.8
2025-12-30,126640,1288.0,3.28,-0.2,,0.4
2026-01-02,126640,,3.23,-0.3,,0.2
2026-01-05,126640,,3.16,-0.4,,0.4
2026-01-06,126640,,3.08,-0.8,,0.7
2026-01-07,126640,,2.9,-0.4,,0.5
2026-01-08,126640,,2.8,-0.2,,0.2
2026-01-09,126640,,2.75,0.4,,-0.4
2026-01-12,126640,,2.84,0.7,,-0.7
2026-01-13,126640,,2.99,4.2,,-4.1
2026-01-14,126640,,3.87,-0.1,,0.1
2026-01-15,126640,,3.85,-0.3,,0.3
2026-01-16,126640,,3.78,1.7,0.0,-1.7
2026-01-19,126640,,4.23,-0.9,,0.6
2026-01-20,126640,,4.04,1.2,,-1.2
2026-01-21,126640,,4.3,1.2,,-1.1
2026-01-22,126640,,4.54,0.3,,-0.3
2026-01-23,126640,,4.6,-0.1,,0.1
2026-01-26,126640,,4.58,0.3,,-0.3
2026-01-27,126640,,4.63,-0.8,,0.8
2026-01-28,126640,,4.48,-0.2,,0.2
2026-01-29,126640,,4.44,-0.4,,0.4
2026-01-30,126640,1346.0,4.35,-1.2,,1.2
2026-02-02,126640,,4.09,-11.5,,11.0
2026-02-03,126640,,2.11,3.7,0.1,-3.9
2026-02-04,126640,,2.99,0.4,0.3,-0.0
2026-02-05,126640,,3.1,-2.7,,2.6
2026-02-06,126640,,2.75,3.3,,-3.3
2026-02-09,126640,,3.4,-0.7,,0.7
2026-02-10,126640,,3.35,0.9,0.0,-0.9
2026-02-11,126640,,3.51,2.5,-0.0,-2.5
2026-02-12,126640,,4.0,0.3,,-0.4
2026-02-13,126640,,4.06,0.1,,-0.1
2026-02-19,126640,,4.06,0.6,,-0.6
2026-02-20,126640,,4.11,-0.6,,0.6
2026-02-23,126640,,4.0,1.6,,-1.6
2026-02-24,126640,,4.3,1.3,,-1.3
2026-02-25,126640,,4.54,-7.9,,7.8
2026-02-26,126640,,3.17,-1.0,,0.9
2026-02-27,126640,1521.0,2.98,-0.5,,0.4
2026-03-03,126640,,2.89,2.8,0.3,-3.0
2026-03-04,126640,,3.45,1.0,,-1.1
2026-03-05,126640,,3.67,3.4,,-3.4
2026-03-06,126640,,4.34,1.1,,-1.1
2026-03-09,126640,,4.56,0.4,-0.6,0.2
2026-03-10,126640,,4.46,-0.5,,0.5
2026-03-11,126640,,4.35,-0.1,,0.0
2026-03-12,126640,,4.36,1.5,,-1.4
2026-03-13,126640,,4.63,-0.9,,0.8
2026-03-16,126640,,4.47,0.7,,-0.7
2026-03-17,126640,,4.59,-2.5,,2.4
2026-03-18,126640,,4.14,0.2,,-0.2
2026-03-19,126640,,4.18,-0.1,,0.0
2026-03-20,126640,,4.17,1.1,,-1.1
2026-03-23,126640,,4.28,0.5,,-0.4
2026-03-24,126640,,4.39,1.2,,-1.2
2026-03-25,126640,,4.62,0.8,,-0.8
2026-03-26,126640,,4.76,0.1,,-0.2
2026-03-27,126640,,4.79,0.2,,-0.2
2026-03-30,126640,,4.82,-0.3,-0.0,0.3
2026-03-31,126640,1492.0,4.77,-0.2,,0.2
2026-04-01,126640,,4.71,0.7,0.6,-1.3
2026-04-02,126640,,4.84,-0.7,,0.7
2026-04-03,126640,,4.7,0.2,,-0.2
2026-04-06,126640,,4.74,0.1,-0.6,0.5
2026-04-07,126640,,4.75,0.4,,-0.4
2026-04-08,126640,,4.53,1.7,,-1.7
2026-04-09,126640,,4.86,-1.1,0.0,1.1
2026-04-10,126640,,4.65,1.0,,-1.1
2026-04-13,126640,,4.83,0.1,0.0,-0.1
2026-04-14,126640,,4.85,1.3,,-1.3
2026-04-15,126640,,5.0,1.5,,-1.5
2026-04-16,126640,,5.27,-0.4,,0.6
2026-04-17,126640,,5.2,1.8,,-1.8
2026-04-20,126640,,5.53,-1.1,,1.2
2026-04-21,126640,,5.32,-0.1,-0.0,0.2
2026-04-22,126640,,5.3,-0.2,,0.2
2026-04-23,126640,,5.26,-0.0,,0.0
2026-04-24,126640,,5.26,0.2,,-0.2
2026-04-27,126640,,5.3,0.6,,-0.7
2026-04-28,126640,,5.41,-0.1,,-0.2
2026-04-29,126640,,5.41,-0.7,-0.0,0.7
2026-04-30,126640,1604.0,5.28,0.5,0.0,-0.5
2026-05-04,126640,,5.37,-0.2,0.3,0.3
2026-05-06,126640,,5.33,-1.0,-0.0,0.9
2026-05-07,126640,,5.15,-0.3,-0.0,0.3
2026-05-08,126640,,5.09,0.9,-0.0,-0.9
2026-05-11,126640,,5.26,-1.5,0.0,1.7
2026-05-12,126640,,5.0,1.7,-0.0,-2.3
2026-05-13,126640,,5.3,0.8,-0.0,-1.3
2026-05-14,126640,,5.43,1.1,0.0,-1.6
2026-05-15,126640,,5.62,2.1,0.0,-1.7
2026-05-18,126640,,5.94,3.8,,-3.4
2026-05-19,126640,,6.51,-1.3,-0.0,2.1
2026-05-20,126640,,6.31,3.1,0.0,-3.0
2026-05-21,126640,,6.84,0.1,0.0,-0.0
2026-05-22,126640,,6.85,-0.0,-0.1,0.1
2026-05-26,126640,,6.85,2.1,-0.0,-2.1
2026-05-27,126640,,7.17,0.9,-0.0,-1.5
2026-05-28,126640,,7.31,0.7,-0.0,-2.1
2026-05-29,126640,2260.0,7.39,-0.3,-0.0,0.0
2026-06-01,126640,,7.36,-0.6,-0.3,1.6
2026-06-02,126640,,7.28,0.4,-0.0,-0.5
2026-06-04,126640,,7.33,-2.3,0.0,1.9
2026-06-05,126640,,7.0,-2.2,-0.0,2.2
2026-06-08,126640,,6.68,-0.2,0.1,0.2
2026-06-09,126640,,6.65,-2.5,5.8,-4.3
2026-06-10,126640,,6.44,-26.5,-6.2,-5.7
2026-06-11,126640,,4.52,-27.6,-0.0,79.2
2026-06-12,126640,,3.25,-9.1,0.0,9.6
2026-06-15,126640,,2.75,-4.9,0.0,-2.0
2026-06-16,126640,,2.38,-5.6,0.2,-26.8
2026-06-17,126640,,2.16,-6.0,-0.2,-24.3
2026-06-18,126640,,1.91,10.6,1.2,-13.5
2026-06-19,126640,,2.48,-12.0,-1.4,13.5
2026-06-22,126640,,1.94,9.0,0.3,-12.8
2026-06-23,126640,,2.45,22.7,0.6,-23.8
2026-06-24,126640,,3.96,-1.9,-0.0,1.7
2026-06-25,126640,,3.84,-4.7,-0.0,3.7
2026-06-26,126640,,3.64,11.4,0.0,-12.0
2026-06-29,126640,,4.68,39.0,-0.9,-37.4
2026-06-30,126640,4450.0,7.43,-43.2,0.4,43.3
2026-07-01,126640,,4.77,2.8,-0.4,-4.5
2026-07-02,126640,,4.91,-6.4,0.1,3.4
2026-07-03,126640,,4.62,3.9,-0.1,-3.6
2026-07-06,126640,,4.94,1.0,-0.0,-1.1
2026-07-07,126640,,5.01,6.6,0.1,-6.1
2026-07-08,126640,,5.53,-2.0,0.0,2.9
2026-07-09,126640,,5.39,2.5,-0.0,-2.2
2026-07-10,126640,,5.59,0.9,-0.0,-1.2
2026-07-13,126640,3820.0,5.68,3.1,-0.0,-2.6
2025-07-14,126700,,14.12,0.5,0.5,-1.0
2025-07-15,126700,,14.1,0.7,-0.4,-0.1
2025-07-16,126700,,14.26,1.1,1.5,-2.7
2025-07-17,126700,,14.32,-0.0,0.0,0.0
2025-07-18,126700,,14.31,-2.1,-0.1,2.2
2025-07-21,126700,,14.14,2.3,-0.0,-2.6
2025-07-22,126700,,14.28,-1.3,-1.6,2.9
2025-07-23,126700,,14.2,1.2,-2.4,1.2
2025-07-24,126700,,14.21,-1.8,-0.2,1.5
2025-07-25,126700,,14.08,-0.1,-0.2,-0.7
2025-07-28,126700,,14.06,-0.4,-0.0,-0.4
2025-07-29,126700,,14.05,-0.2,-0.0,-0.6
2025-07-30,126700,,14.04,5.0,0.1,-5.9
2025-07-31,126700,,14.32,0.2,-0.0,-1.1
2025-08-01,126700,,14.31,-6.5,-0.0,5.4
2025-08-04,126700,,13.94,1.5,-0.0,-2.0
2025-08-05,126700,,14.03,3.3,-0.0,-4.2
2025-08-06,126700,,14.24,3.4,0.0,-4.7
2025-08-07,126700,,14.39,3.0,-0.0,-3.9
2025-08-08,126700,,14.52,3.4,-0.0,-4.2
2025-08-11,126700,,14.68,1.2,0.0,-2.0
2025-08-12,126700,,14.74,1.1,-0.0,-1.8
2025-08-13,126700,,14.79,2.2,-0.0,-2.9
2025-08-14,126700,,14.88,-1.7,0.0,1.2
2025-08-18,126700,,14.78,-1.3,0.1,-0.1
2025-08-19,126700,,14.68,-2.5,-0.3,2.5
2025-08-20,126700,,14.56,-3.0,0.0,1.9
2025-08-21,126700,,14.41,-2.1,0.0,1.9
2025-08-22,126700,,14.31,-3.1,-0.0,1.7
2025-08-25,126700,,14.16,2.0,0.1,-2.4
2025-08-26,126700,,14.28,1.1,0.0,-1.3
2025-08-27,126700,,14.33,1.6,0.0,-2.6
2025-08-28,126700,,14.4,0.6,-0.2,-0.7
2025-08-29,126700,15310.0,14.42,0.7,-0.1,-1.0
2025-09-01,126700,,14.45,-2.0,-0.1,1.2
2025-09-02,126700,,14.34,-0.9,0.0,0.5
2025-09-03,126700,,14.29,2.0,0.0,-2.5
2025-09-04,126700,,14.39,1.7,0.0,-1.7
2025-09-05,126700,,14.48,-0.0,0.0,-0.2
2025-09-08,126700,,14.46,0.1,0.0,-0.5
2025-09-09,126700,,14.47,0.6,0.0,-0.6
2025-09-10,126700,,14.5,1.5,0.0,-1.8
2025-09-11,126700,,14.56,1.0,0.0,-1.6
2025-09-12,126700,,14.62,0.4,0.0,-0.6
2025-09-15,126700,,14.64,2.0,-0.0,-2.0
2025-09-16,126700,,14.74,2.0,0.0,-2.0
2025-09-17,126700,,14.83,-1.0,0.0,1.0
2025-09-18,126700,,14.77,1.3,-0.0,-2.7
2025-09-19,126700,,14.81,0.7,-0.1,-0.6
2025-09-22,126700,,14.86,17.2,0.0,-16.2
2025-09-23,126700,,15.75,-4.0,-2.5,6.5
2025-09-24,126700,,15.51,-1.9,0.0,1.0
2025-09-25,126700,,15.44,-6.1,0.0,4.7
2025-09-26,126700,,15.16,-1.6,0.0,2.1
2025-09-29,126700,,15.01,-1.7,0.0,1.1
2025-09-30,126700,15830.0,14.93,-2.0,0.0,1.5
2025-10-01,126700,,14.84,3.0,-1.6,-1.8
2025-10-02,126700,,15.02,-0.8,0.0,0.1
2025-10-10,126700,,14.98,-1.7,0.0,2.0
2025-10-13,126700,,14.91,-0.8,0.0,1.4
2025-10-14,126700,,14.85,-2.8,0.1,1.9
2025-10-15,126700,,14.64,1.6,0.0,-1.9
2025-10-16,126700,,14.74,-0.1,0.0,-0.2
2025-10-17,126700,,14.73,1.2,0.0,-1.1
2025-10-20,126700,,14.79,0.3,0.0,-0.3
2025-10-21,126700,,14.79,2.7,0.0,-2.4
2025-10-22,126700,,14.93,-1.8,0.6,1.3
2025-10-23,126700,,14.86,0.7,0.0,-0.7
2025-10-24,126700,,14.89,1.6,0.0,-1.6
2025-10-27,126700,,14.92,-0.0,-0.1,0.1
2025-10-28,126700,,14.93,3.2,0.2,-3.4
2025-10-29,126700,,15.12,3.9,-1.4,-2.3
2025-10-30,126700,,15.29,-0.1,0.0,0.3
2025-10-31,126700,16190.0,15.27,2.2,0.0,-1.8
2025-11-03,126700,,15.36,1.4,-2.4,1.1
2025-11-04,126700,,15.42,2.4,0.0,-1.8
2025-11-05,126700,,15.51,-2.8,0.0,2.0
2025-11-06,126700,,15.31,1.3,-0.3,-1.1
2025-11-07,126700,,15.36,-8.1,0.0,7.7
2025-11-10,126700,,14.98,1.6,0.0,-1.6
2025-11-11,126700,,14.96,0.3,0.0,-0.3
2025-11-12,126700,,15.0,3.3,0.0,-3.7
2025-11-13,126700,,15.18,-0.9,0.0,0.9
2025-11-14,126700,,15.13,-0.5,0.0,0.3
2025-11-17,126700,,15.11,1.5,0.0,-1.6
2025-11-18,126700,,15.12,-0.6,-0.7,1.3
2025-11-19,126700,,15.18,3.2,0.0,-3.1
2025-11-20,126700,,15.39,-0.5,0.0,0.4
2025-11-21,126700,,15.36,-4.5,0.0,4.4
2025-11-24,126700,,15.13,3.4,0.9,-4.4
2025-11-25,126700,,15.29,-5.9,0.5,5.3
2025-11-26,126700,,15.01,-3.7,0.0,3.6
2025-11-27,126700,,14.85,0.3,-0.3,-0.0
2025-11-28,126700,15010.0,14.86,5.3,-0.3,-5.0
2025-12-01,126700,,15.2,4.3,0.0,-4.4
2025-12-02,126700,,15.31,1.7,0.0,-1.5
2025-12-03,126700,,15.39,5.1,0.0,-5.0
2025-12-04,126700,,15.72,0.1,0.0,-0.3
2025-12-05,126700,,15.71,1.3,0.0,-1.4
2025-12-08,126700,,15.72,3.3,0.0,-3.4
2025-12-09,126700,,15.87,-1.8,0.0,1.8
2025-12-10,126700,,15.77,0.9,-0.3,-0.7
2025-12-11,126700,,15.77,3.3,0.0,-3.4
2025-12-12,126700,,15.84,2.5,0.0,-2.6
2025-12-15,126700,,15.93,2.2,-1.6,-0.6
2025-12-16,126700,,16.03,0.6,1.0,-1.6
2025-12-17,126700,,16.36,-0.9,0.0,0.9
2025-12-18,126700,,16.3,-0.3,1.0,-0.8
2025-12-19,126700,,16.3,1.7,-0.1,-1.9
2025-12-22,126700,,16.34,2.8,-0.2,-2.7
2025-12-23,126700,,16.52,-1.2,0.0,0.9
2025-12-24,126700,,16.62,2.0,-1.3,-0.8
2025-12-26,126700,,16.59,5.7,0.9,-6.2
2025-12-29,126700,,16.95,0.3,1.5,-1.9
2025-12-30,126700,15930.0,16.98,1.6,-1.4,-0.4
2026-01-02,126700,,17.05,3.4,0.1,-2.9
2026-01-05,126700,,17.19,2.3,-0.2,-3.9
2026-01-06,126700,,17.28,5.4,0.2,-6.2
2026-01-07,126700,,17.52,-2.7,0.3,2.3
2026-01-08,126700,,17.41,-8.6,-0.0,8.2
2026-01-09,126700,,17.05,-2.2,0.0,1.8
2026-01-12,126700,,16.95,4.6,0.0,-4.5
2026-01-13,126700,,17.27,-0.9,0.0,1.0
2026-01-14,126700,,17.28,1.8,1.7,-3.5
2026-01-15,126700,,17.31,4.5,0.2,-4.9
2026-01-16,126700,,17.52,1.5,-0.1,-0.1
2026-01-19,126700,,17.56,7.8,0.0,-8.0
2026-01-20,126700,,17.89,4.5,-0.4,-4.7
2026-01-21,126700,,18.08,3.8,0.2,-4.0
2026-01-22,126700,,18.23,6.3,0.9,-7.3
2026-01-23,126700,,18.48,-2.7,-0.1,2.8
2026-01-26,126700,,18.38,3.6,-0.6,-3.2
2026-01-27,126700,,18.53,-5.8,3.1,2.4
2026-01-28,126700,,18.23,-4.9,2.2,2.6
2026-01-29,126700,,18.05,5.1,7.8,-13.2
2026-01-30,126700,17500.0,18.23,-10.9,2.8,8.0
2026-02-02,126700,,17.81,-4.1,0.0,3.7
2026-02-03,126700,,17.66,19.8,5.5,-27.2
2026-02-04,126700,,18.41,1.8,-11.1,9.1
2026-02-05,126700,,18.48,-8.2,1.2,7.4
2026-02-06,126700,,18.17,-4.9,-0.0,4.9
2026-02-09,126700,,17.98,21.2,15.9,-35.5
2026-02-10,126700,,18.75,-4.3,72.3,-59.3
2026-02-11,126700,,18.33,-29.8,27.8,2.0
2026-02-12,126700,,17.34,-3.3,-7.9,9.6
2026-02-13,126700,,17.25,-10.9,-3.3,12.7
2026-02-19,126700,,16.84,0.2,-12.7,11.1
2026-02-20,126700,,16.86,3.0,-12.3,8.9
2026-02-23,126700,,16.97,4.3,-12.1,6.7
2026-02-24,126700,,17.06,12.4,-9.9,-2.6
2026-02-25,126700,,17.52,-6.1,-1.9,12.2
2026-02-26,126700,,17.23,-6.5,-0.1,6.5
2026-02-27,126700,18850.0,17.02,-3.1,1.4,1.4
2026-03-03,126700,,16.91,7.6,4.0,-10.3
2026-03-04,126700,,17.19,4.2,-14.8,9.2
2026-03-05,126700,,17.34,8.1,-2.9,-5.1
2026-03-06,126700,,17.67,2.8,-4.8,1.8
2026-03-09,126700,,17.78,-3.8,0.4,2.7
2026-03-10,126700,,17.62,10.4,-0.3,-7.3
2026-03-11,126700,,18.05,3.4,2.8,-5.7
2026-03-12,126700,,18.17,-20.1,3.3,21.4
2026-03-13,126700,,17.42,1.8,5.5,-3.9
2026-03-16,126700,,17.48,-2.8,1.8,1.0
2026-03-17,126700,,17.38,4.5,0.3,-4.7
2026-03-18,126700,,17.55,1.0,6.9,-8.3
2026-03-19,126700,,17.56,-7.3,7.5,-2.8
2026-03-20,126700,,17.3,3.7,-0.9,-2.8
2026-03-23,126700,,17.44,-4.9,19.3,-14.5
2026-03-24,126700,,17.25,-6.6,3.0,3.5
2026-03-25,126700,,17.02,2.1,-1.3,-1.8
2026-03-26,126700,,17.08,-11.3,-2.1,13.3
2026-03-27,126700,,16.66,0.1,-4.0,3.8
2026-03-30,126700,,16.66,-6.8,-3.2,9.9
2026-03-31,126700,15470.0,16.38,-5.5,0.6,4.8
2026-04-01,126700,,16.14,2.8,0.0,-2.6
2026-04-02,126700,,16.25,-5.8,3.1,2.6
2026-04-03,126700,,16.02,-2.4,4.2,-1.7
2026-04-06,126700,,15.91,-2.1,0.7,1.3
2026-04-07,126700,,15.83,-3.7,0.0,4.0
2026-04-08,126700,,15.67,3.3,-0.6,0.3
2026-04-09,126700,,15.8,-4.7,0.2,4.6
2026-04-10,126700,,15.61,5.3,1.1,-6.4
2026-04-13,126700,,15.82,-1.8,0.1,1.7
2026-04-14,126700,,15.75,1.3,-0.0,-1.3
2026-04-15,126700,,15.81,-4.7,3.0,1.6
2026-04-16,126700,,15.62,5.0,-1.8,-3.2
2026-04-17,126700,,15.81,3.8,0.2,-3.7
2026-04-20,126700,,15.96,1.4,-0.8,-0.5
2026-04-21,126700,,16.02,3.4,-0.2,-3.2
2026-04-22,126700,,15.94,9.1,4.3,-13.0
2026-04-23,126700,,16.27,-2.0,2.5,-0.3
2026-04-24,126700,,16.19,5.4,1.0,-6.0
2026-04-27,126700,,16.38,0.1,-0.3,1.9
2026-04-28,126700,,16.5,11.0,3.0,-14.2
2026-04-29,126700,,17.06,3.6,6.5,-10.2
2026-04-30,126700,18390.0,17.14,2.1,1.0,-3.0
2026-05-04,126700,,17.2,2.3,3.4,-5.6
2026-05-06,126700,,17.3,-6.0,-0.1,5.2
2026-05-07,126700,,16.98,-4.1,-5.6,9.3
2026-05-08,126700,,16.83,2.9,1.4,-3.6
2026-05-11,126700,,16.94,2.4,-2.3,-0.0
2026-05-12,126700,,17.03,4.3,-23.3,17.1
2026-05-13,126700,,17.2,3.5,-2.1,-1.5
2026-05-14,126700,,17.34,2.5,1.5,-3.3
2026-05-15,126700,,17.44,-4.4,-0.6,5.0
2026-05-18,126700,,17.2,-2.6,-0.6,3.1
2026-05-19,126700,,17.19,-1.7,-1.0,2.6
2026-05-20,126700,,17.12,-2.5,-2.8,5.3
2026-05-21,126700,,17.02,0.0,-0.4,0.4
2026-05-22,126700,,17.02,0.5,-0.1,-0.4
2026-05-26,126700,,16.91,-3.2,-0.5,3.7
2026-05-27,126700,,16.78,-12.0,-1.5,13.2
2026-05-28,126700,,16.23,-4.6,-0.0,4.4
2026-05-29,126700,13690.0,16.02,-1.0,0.2,0.8
2026-06-01,126700,,15.96,4.8,-2.2,-2.5
2026-06-02,126700,,16.2,-2.2,-1.3,3.8
2026-06-04,126700,,16.09,-2.4,-0.3,2.6
2026-06-05,126700,,15.97,-4.7,-0.8,5.8
2026-06-08,126700,,15.71,-0.8,-1.9,3.0
2026-06-09,126700,,15.66,4.7,-2.9,-1.9
2026-06-10,126700,,16.0,-0.3,-1.3,1.6
2026-06-11,126700,,15.95,-1.5,-1.6,2.5
2026-06-12,126700,,15.86,-0.1,-3.3,3.6
2026-06-15,126700,,15.86,-1.3,-1.7,3.5
2026-06-16,126700,,15.78,-4.7,0.5,4.2
2026-06-17,126700,,15.55,-4.1,4.5,-0.5
2026-06-18,126700,,15.35,-9.0,-0.0,9.2
2026-06-19,126700,,14.88,-1.6,-1.7,3.2
2026-06-22,126700,,14.79,-2.0,-0.3,2.3
2026-06-23,126700,,14.67,-1.6,-0.4,1.9
2026-06-24,126700,,14.57,-2.4,1.0,1.3
2026-06-25,126700,,14.47,-0.8,-1.2,0.9
2026-06-26,126700,,14.42,0.7,-0.0,-1.4
2026-06-29,126700,,14.43,-0.4,0.6,-0.1
2026-06-30,126700,10020.0,14.4,-1.4,0.5,0.7
2026-07-01,126700,,14.3,-1.7,-0.0,2.0
2026-07-02,126700,,14.19,-2.0,0.6,1.6
2026-07-03,126700,,14.09,1.6,-0.3,-1.3
2026-07-06,126700,,14.2,-2.9,2.1,0.6
2026-07-07,126700,,14.09,-3.1,2.2,0.9
2026-07-08,126700,,13.88,-3.9,-0.0,3.9
2026-07-09,126700,,13.6,0.0,-0.0,-0.0
2026-07-10,126700,,13.6,5.1,-0.6,-4.6
2026-07-13,126700,9880.0,13.94,-1.9,2.3,-0.3
2025-07-14,126720,,2.29,0.9,0.1,-1.1
2025-07-15,126720,,2.33,-1.1,0.4,0.6
2025-07-16,126720,,2.33,-1.9,-0.0,1.9
2025-07-17,126720,,2.27,0.5,-0.7,0.4
2025-07-18,126720,,2.28,1.9,0.1,-1.7
2025-07-21,126720,,2.35,2.6,0.3,-2.9
2025-07-22,126720,,2.44,0.4,-5.2,4.8
2025-07-23,126720,,2.42,2.1,-0.7,-1.4
2025-07-24,126720,,2.49,-2.1,0.5,1.6
2025-07-25,126720,,2.41,0.1,0.1,-0.3
2025-07-28,126720,,2.41,0.9,-0.0,-1.0
2025-07-29,126720,,2.45,0.5,-0.0,-1.6
2025-07-30,126720,,2.46,-0.2,0.4,-0.1
2025-07-31,126720,,2.45,0.3,-1.2,0.8
2025-08-01,126720,,2.45,-0.0,-0.1,1.1
2025-08-04,126720,,2.45,1.2,-0.2,-1.1
2025-08-05,126720,,2.49,1.1,-0.5,-0.6
2025-08-06,126720,,2.54,-0.9,0.0,0.9
2025-08-07,126720,,2.52,0.4,-0.8,0.3
2025-08-08,126720,,2.54,-1.0,-0.0,0.6
2025-08-11,126720,,2.51,-5.1,0.8,4.2
2025-08-12,126720,,2.38,-1.4,-0.9,2.3
2025-08-13,126720,,2.32,-1.3,-0.1,1.5
2025-08-14,126720,,2.31,1.0,0.1,-1.0
2025-08-18,126720,,2.32,2.3,-3.5,-0.0
2025-08-19,126720,,2.43,2.1,-3.2,0.6
2025-08-20,126720,,2.49,0.4,-6.0,8.5
2025-08-21,126720,,2.5,-1.1,-0.8,2.9
2025-08-22,126720,,2.42,-1.2,-0.5,1.7
2025-08-25,126720,,2.42,-0.4,1.3,-0.8
2025-08-26,126720,,2.43,-0.3,1.3,-0.8
2025-08-27,126720,,2.43,-2.3,0.0,2.3
2025-08-28,126720,,2.34,-0.0,-0.5,0.7
2025-08-29,126720,22300.0,2.34,-0.8,0.2,0.7
2025-09-01,126720,,2.3,-1.0,-0.1,0.5
2025-09-02,126720,,2.27,0.0,0.1,-0.1
2025-09-03,126720,,2.28,-0.6,1.0,-0.4
2025-09-04,126720,,2.26,-0.4,-0.9,0.4
2025-09-05,126720,,2.25,-0.4,0.0,0.3
2025-09-08,126720,,2.23,2.2,1.2,-2.8
2025-09-09,126720,,2.32,1.9,-0.4,-1.5
2025-09-10,126720,,2.37,1.5,0.3,-1.9
2025-09-11,126720,,2.43,-0.4,0.3,0.0
2025-09-12,126720,,2.4,-0.6,2.9,-2.2
2025-09-15,126720,,2.37,-1.4,0.2,1.4
2025-09-16,126720,,2.32,0.1,0.6,-0.8
2025-09-17,126720,,2.33,0.8,-3.3,2.4
2025-09-18,126720,,2.34,2.0,-3.1,0.8
2025-09-19,126720,,2.4,-1.0,-0.4,1.4
2025-09-22,126720,,2.37,-0.9,0.9,0.0
2025-09-23,126720,,2.33,0.2,-1.1,0.8
2025-09-24,126720,,2.34,1.3,-5.7,4.4
2025-09-25,126720,,2.38,-1.2,-1.7,1.7
2025-09-26,126720,,2.33,-1.4,0.1,1.5
2025-09-29,126720,,2.28,0.3,-0.3,-0.1
2025-09-30,126720,21100.0,2.29,0.0,0.0,-0.0
2025-10-01,126720,,2.29,-0.1,-0.2,0.3
2025-10-02,126720,,2.29,2.6,-1.0,-1.7
2025-10-10,126720,,2.43,3.3,-2.8,-0.3
2025-10-13,126720,,2.56,-0.3,0.5,-0.2
2025-10-14,126720,,2.55,1.0,0.5,-1.6
2025-10-15,126720,,2.61,2.9,0.6,-3.5
2025-10-16,126720,,2.74,-1.9,-2.5,4.1
2025-10-17,126720,,2.62,-3.4,-1.0,4.4
2025-10-20,126720,,2.46,-1.3,-0.0,1.3
2025-10-21,126720,,2.41,1.3,0.5,-1.9
2025-10-22,126720,,2.45,-1.3,0.0,1.3
2025-10-23,126720,,2.41,0.1,0.6,-0.8
2025-10-24,126720,,2.42,-0.4,-0.5,0.9
2025-10-27,126720,,2.34,-1.3,0.0,1.3
2025-10-28,126720,,2.31,0.1,-0.1,-0.0
2025-10-29,126720,,2.3,0.0,0.7,-0.8
2025-10-30,126720,,2.32,-2.1,0.8,1.4
2025-10-31,126720,21800.0,2.34,-2.0,0.3,1.7
2025-11-03,126720,,2.28,1.6,0.3,-1.9
2025-11-04,126720,,2.34,0.1,-1.1,1.0
2025-11-05,126720,,2.31,-3.0,-0.3,3.3
2025-11-06,126720,,2.14,-1.1,-0.2,1.2
2025-11-07,126720,,2.09,0.2,0.1,-0.4
2025-11-10,126720,,2.11,2.7,-0.1,-2.5
2025-11-11,126720,,2.21,2.3,-1.0,-0.5
2025-11-12,126720,,2.29,0.7,-0.6,-0.1
2025-11-13,126720,,2.3,-0.5,0.1,0.4
2025-11-14,126720,,2.28,-1.0,-0.1,1.1
2025-11-17,126720,,2.25,-0.4,-0.1,0.5
2025-11-18,126720,,2.26,-1.3,0.1,1.0
2025-11-19,126720,,2.22,0.0,0.0,-0.0
2025-11-20,126720,,2.19,3.8,0.1,-3.9
2025-11-21,126720,,2.39,-0.7,0.1,0.5
2025-11-24,126720,,2.36,-1.1,0.1,1.0
2025-11-25,126720,,2.32,-0.7,-0.3,1.0
2025-11-26,126720,,2.29,3.5,-0.1,-1.3
2025-11-27,126720,,2.42,-0.1,-0.0,0.1
2025-11-28,126720,21000.0,2.42,2.9,0.1,-3.0
2025-12-01,126720,,2.53,-0.3,0.1,0.2
2025-12-02,126720,,2.52,0.6,0.2,-0.8
2025-12-03,126720,,2.53,4.1,0.0,-4.3
2025-12-04,126720,,2.72,-0.1,0.0,0.2
2025-12-05,126720,,2.68,1.9,0.0,-2.2
2025-12-08,126720,,2.76,-2.1,1.3,1.0
2025-12-09,126720,,2.65,-0.6,0.0,-0.2
2025-12-10,126720,,2.63,-0.4,-0.0,0.4
2025-12-11,126720,,2.62,3.3,0.2,-3.5
2025-12-12,126720,,2.87,13.9,-18.2,4.0
2025-12-15,126720,,3.31,-1.0,-0.1,1.2
2025-12-16,126720,,3.22,-2.1,0.0,2.1
2025-12-17,126720,,3.09,-0.7,0.1,0.9
2025-12-18,126720,,3.06,-1.3,0.4,0.8
2025-12-19,126720,,3.01,2.1,0.0,-2.0
2025-12-22,126720,,3.09,0.5,-0.0,-0.5
2025-12-23,126720,,3.12,-1.3,-0.0,1.4
2025-12-24,126720,,3.06,-0.9,0.0,0.9
2025-12-26,126720,,3.03,0.3,0.0,-0.2
2025-12-29,126720,,3.03,2.0,-0.2,-1.9
2025-12-30,126720,21150.0,3.1,-0.0,-0.1,0.1
2026-01-02,126720,,3.1,0.5,0.1,-0.6
2026-01-05,126720,,3.12,1.4,-0.1,-1.3
2026-01-06,126720,,3.19,0.1,0.1,-0.2
2026-01-07,126720,,3.24,-2.3,0.1,2.2
2026-01-08,126720,,3.16,-1.6,1.1,0.5
2026-01-09,126720,,3.1,0.3,1.6,-1.7
2026-01-12,126720,,3.15,6.2,-0.3,-7.6
2026-01-13,126720,,3.4,2.1,0.6,-3.5
2026-01-14,126720,,3.45,-4.2,5.5,-2.0
2026-01-15,126720,,3.29,-1.7,2.6,-1.2
2026-01-16,126720,,3.23,10.7,6.1,-16.4
2026-01-19,126720,,3.59,-1.1,4.6,-3.9
2026-01-20,126720,,3.57,-5.6,8.7,-3.3
2026-01-21,126720,,3.33,5.5,9.2,-14.7
2026-01-22,126720,,3.54,8.4,2.6,-10.3
2026-01-23,126720,,3.77,4.1,2.3,-6.1
2026-01-26,126720,,3.85,0.8,-0.8,-0.1
2026-01-27,126720,,3.78,-12.1,2.4,9.7
2026-01-28,126720,,3.39,-1.1,-2.0,3.2
2026-01-29,126720,,3.2,2.7,5.2,-7.7
2026-01-30,126720,24850.0,3.29,4.0,-0.0,-0.6
2026-02-02,126720,,3.38,1.9,-0.6,0.4
2026-02-03,126720,,3.38,-2.2,0.1,1.9
2026-02-04,126720,,3.28,-0.3,0.6,-0.4
2026-02-05,126720,,3.23,-1.2,6.7,-5.4
2026-02-06,126720,,3.18,-1.7,3.7,-1.5
2026-02-09,126720,,3.15,-3.8,7.5,-3.7
2026-02-10,126720,,3.04,3.5,1.4,-5.0
2026-02-11,126720,,3.15,2.6,5.8,-8.6
2026-02-12,126720,,3.23,1.7,2.5,-4.3
2026-02-13,126720,,3.31,3.7,0.5,-4.2
2026-02-19,126720,,3.4,2.7,3.1,-6.2
2026-02-20,126720,,3.41,5.8,4.5,-8.9
2026-02-23,126720,,3.68,-9.7,1.5,8.2
2026-02-24,126720,,3.29,-5.6,0.2,5.6
2026-02-25,126720,,3.1,-4.0,1.6,2.6
2026-02-26,126720,,3.0,-2.7,0.0,2.7
2026-02-27,126720,27950.0,2.95,1.0,0.6,-1.1
2026-03-03,126720,,2.89,3.1,0.4,-3.9
2026-03-04,126720,,3.0,-0.0,-0.1,0.1
2026-03-05,126720,,2.91,6.5,-0.1,-4.6
2026-03-06,126720,,3.1,-2.6,-0.9,3.6
2026-03-09,126720,,3.1,5.2,-2.0,-3.2
2026-03-10,126720,,3.19,-4.0,0.3,3.7
2026-03-11,126720,,3.09,-2.8,0.2,2.5
2026-03-12,126720,,2.98,0.3,0.1,-0.5
2026-03-13,126720,,2.99,-5.3,-3.5,8.7
2026-03-16,126720,,2.88,-3.3,1.0,2.2
2026-03-17,126720,,2.84,1.0,0.5,1.3
2026-03-18,126720,,2.83,-2.0,-1.3,3.4
2026-03-19,126720,,2.8,0.2,1.0,-1.0
2026-03-20,126720,,2.92,0.7,5.0,-5.4
2026-03-23,126720,,2.9,-19.5,1.4,18.1
2026-03-24,126720,,2.16,7.0,3.0,-10.1
2026-03-25,126720,,2.25,-5.0,-1.6,6.4
2026-03-26,126720,,2.15,1.3,-2.2,1.3
2026-03-27,126720,,2.21,0.7,-1.9,1.2
2026-03-30,126720,,2.29,6.1,-2.1,-4.0
2026-03-31,126720,25900.0,2.47,-0.1,-2.0,2.0
2026-04-01,126720,,2.53,0.5,-2.0,1.6
2026-04-02,126720,,2.55,2.5,0.4,-2.9
2026-04-03,126720,,2.65,3.6,0.5,-5.0
2026-04-06,126720,,2.79,-4.4,0.1,4.2
2026-04-07,126720,,2.62,0.6,0.5,-1.2
2026-04-08,126720,,2.65,2.1,-1.1,-1.0
2026-04-09,126720,,2.81,0.5,1.4,-1.5
2026-04-10,126720,,2.78,-0.7,-3.6,4.2
2026-04-13,126720,,2.73,6.5,-0.6,-5.8
2026-04-14,126720,,2.9,4.6,-0.1,-4.5
2026-04-15,126720,,3.0,4.4,-1.4,-3.0
2026-04-16,126720,,3.06,1.4,0.1,-1.4
2026-04-17,126720,,3.05,1.8,3.8,-5.6
2026-04-20,126720,,3.09,-3.0,0.6,2.5
2026-04-21,126720,,2.99,2.5,-1.0,-1.8
2026-04-22,126720,,3.02,2.7,-0.4,-2.7
2026-04-23,126720,,3.1,11.9,0.4,-12.3
2026-04-24,126720,,3.42,4.2,5.8,-12.4
2026-04-27,126720,,3.56,-13.8,4.3,9.7
2026-04-28,126720,,3.2,-5.0,6.1,-0.8
2026-04-29,126720,,3.1,-4.0,2.3,1.9
2026-04-30,126720,34050.0,2.95,-1.5,3.8,-1.6
2026-05-04,126720,,2.94,-10.4,0.8,10.7
2026-05-06,126720,,2.62,-2.5,-4.1,5.6
2026-05-07,126720,,2.57,-0.9,1.7,-1.5
2026-05-08,126720,,2.53,-1.3,3.3,-1.8
2026-05-11,126720,,2.51,4.5,-2.4,-2.3
2026-05-12,126720,,2.54,9.4,-0.8,-7.1
2026-05-13,126720,,2.8,1.1,-4.4,3.1
2026-05-14,126720,,2.8,-0.5,-3.2,3.8
2026-05-15,126720,,2.76,0.3,1.4,-1.8
2026-05-18,126720,,2.76,1.0,1.5,-2.5
2026-05-19,126720,,2.83,2.9,-0.3,-2.6
2026-05-20,126720,,2.97,-0.9,2.3,-1.1
2026-05-21,126720,,3.01,1.9,-1.7,-0.4
2026-05-22,126720,,3.03,-3.8,0.2,3.7
2026-05-26,126720,,2.91,2.4,-0.8,-1.5
2026-05-27,126720,,2.94,-0.4,-2.6,2.8
2026-05-28,126720,,3.05,2.8,7.2,-9.9
2026-05-29,126720,26450.0,3.22,-1.4,0.0,1.5
2026-06-01,126720,,3.14,2.8,1.3,-4.1
2026-06-02,126720,,3.17,1.2,-0.5,-0.7
2026-06-04,126720,,3.22,-2.8,-0.2,2.9
2026-06-05,126720,,3.11,0.1,-0.0,0.1
2026-06-08,126720,,3.1,-0.3,2.2,-2.0
2026-06-09,126720,,3.11,0.1,-0.0,-0.1
2026-06-10,126720,,3.11,0.6,0.2,-0.8
2026-06-11,126720,,3.12,0.3,0.1,-0.4
2026-06-12,126720,,3.14,-1.3,-0.5,1.8
2026-06-15,126720,,3.06,0.7,0.3,-1.0
2026-06-16,126720,,3.07,-0.7,0.3,0.3
2026-06-17,126720,,3.05,0.5,0.4,-1.0
2026-06-18,126720,,3.06,-2.3,0.0,2.4
2026-06-19,126720,,2.93,3.3,-3.2,-0.3
2026-06-22,126720,,2.99,2.9,-2.9,0.0
2026-06-23,126720,,3.09,1.7,-2.4,0.7
2026-06-24,126720,,3.16,-0.3,-0.1,0.5
2026-06-25,126720,,3.16,-2.7,-0.2,2.9
2026-06-26,126720,,3.07,-1.6,-0.3,2.0
2026-06-29,126720,,2.99,3.3,0.9,-4.1
2026-06-30,126720,21300.0,3.15,-1.8,0.2,1.5
2026-07-01,126720,,3.06,-0.7,0.7,-0.2
2026-07-02,126720,,3.08,-4.4,3.6,0.8
2026-07-03,126720,,2.93,1.0,-0.1,-0.9
2026-07-06,126720,,2.95,-1.1,0.0,1.0
2026-07-07,126720,,2.9,0.2,-0.9,0.7
2026-07-08,126720,,2.9,0.2,-1.4,1.2
2026-07-09,126720,,2.9,4.7,-2.3,-2.4
2026-07-10,126720,,3.07,3.5,-1.2,-2.3
2026-07-13,126720,20850.0,3.22,-1.3,-0.0,1.4
2025-07-14,126730,,0.55,4.4,-0.0,-4.8
2025-07-15,126730,,0.94,-1.7,0.0,1.3
2025-07-16,126730,,0.79,0.8,0.0,-0.9
2025-07-17,126730,,0.86,0.9,-0.0,-0.9
2025-07-18,126730,,0.95,-0.2,0.0,0.3
2025-07-21,126730,,0.95,0.1,0.0,-0.1
2025-07-22,126730,,0.96,0.5,-0.3,-0.3
2025-07-23,126730,,1.01,-1.0,,1.0
2025-07-24,126730,,0.91,-1.5,,1.5
2025-07-25,126730,,0.76,-0.3,,0.3
2025-07-28,126730,,0.74,0.2,,-0.2
2025-07-29,126730,,0.76,-0.2,-0.4,0.6
2025-07-30,126730,,0.74,-3.4,-0.1,3.6
2025-07-31,126730,,0.42,-0.4,-0.0,0.3
2025-08-01,126730,,0.39,-1.3,,1.3
2025-08-04,126730,,0.28,0.9,,-1.2
2025-08-05,126730,,0.4,0.3,,-0.1
2025-08-06,126730,,0.44,0.6,,-0.6
2025-08-07,126730,,0.5,0.1,,-0.1
2025-08-08,126730,,0.52,0.4,,-0.5
2025-08-11,126730,,0.55,-0.1,,0.1
2025-08-12,126730,,0.54,-0.1,0.0,0.1
2025-08-13,126730,,0.53,0.5,,-0.5
2025-08-14,126730,,0.58,0.2,,-0.2
2025-08-18,126730,,0.59,-0.3,0.0,0.2
2025-08-19,126730,,0.51,0.2,-0.1,0.2
2025-08-20,126730,,0.53,-0.0,-0.1,0.3
2025-08-21,126730,,0.53,0.0,-0.1,0.2
2025-08-22,126730,,0.53,-0.2,-0.2,0.4
2025-08-25,126730,,0.5,0.3,0.0,-0.3
2025-08-26,126730,,0.54,0.5,0.0,-0.5
2025-08-27,126730,,0.58,0.9,-0.2,-0.8
2025-08-28,126730,,0.68,0.1,0.0,-0.1
2025-08-29,126730,11680.0,0.68,0.2,0.3,-0.5
2025-09-01,126730,,0.7,1.1,0.0,-1.1
2025-09-02,126730,,0.81,0.3,-0.0,-0.3
2025-09-03,126730,,0.83,1.9,-0.0,-2.2
2025-09-04,126730,,1.01,1.5,-0.0,-1.5
2025-09-05,126730,,1.17,1.4,,-1.3
2025-09-08,126730,,1.31,0.1,,0.2
2025-09-09,126730,,1.32,1.3,0.4,-1.6
2025-09-10,126730,,1.44,17.8,0.4,-17.5
2025-09-11,126730,,2.99,-37.7,-0.7,44.7
2025-09-12,126730,,0.37,1.3,0.0,-1.3
2025-09-15,126730,,0.41,2.4,-0.7,0.7
2025-09-16,126730,,0.59,-0.2,-0.1,0.9
2025-09-17,126730,,0.57,0.7,-0.2,-0.8
2025-09-18,126730,,0.63,-2.4,-0.1,2.6
2025-09-19,126730,,0.46,-0.3,0.0,0.5
2025-09-22,126730,,0.45,1.2,,-1.1
2025-09-23,126730,,0.54,0.3,-0.3,-0.3
2025-09-24,126730,,0.57,8.2,0.0,-8.2
2025-09-25,126730,,1.18,-0.1,1.0,-0.8
2025-09-26,126730,,1.17,1.2,0.1,-1.3
2025-09-29,126730,,1.27,0.4,2.9,-3.3
2025-09-30,126730,14160.0,1.3,1.0,,-1.4
2025-10-01,126730,,1.38,-4.4,-0.0,4.4
2025-10-02,126730,,1.04,8.2,-0.0,-17.3
2025-10-10,126730,,1.67,-1.7,-0.0,0.5
2025-10-13,126730,,1.54,1.9,,8.3
2025-10-14,126730,,1.69,-1.3,0.0,1.2
2025-10-15,126730,,1.6,0.1,-0.0,-0.1
2025-10-16,126730,,1.6,-0.2,-0.0,0.1
2025-10-17,126730,,1.61,-2.9,0.0,3.1
2025-10-20,126730,,1.39,1.7,-0.0,-1.7
2025-10-21,126730,,1.52,0.2,0.0,-0.2
2025-10-22,126730,,1.54,0.3,0.0,-0.3
2025-10-23,126730,,1.56,-0.2,-0.1,0.3
2025-10-24,126730,,1.54,0.0,,-0.1
2025-10-27,126730,,1.57,-1.1,-0.3,1.1
2025-10-28,126730,,1.5,-0.5,0.0,0.5
2025-10-29,126730,,1.46,0.4,0.0,-0.3
2025-10-30,126730,,1.49,1.0,,-1.0
2025-10-31,126730,13870.0,1.57,0.1,-0.0,-0.0
2025-11-03,126730,,1.58,0.9,0.0,-0.9
2025-11-04,126730,,1.65,0.0,0.0,-0.0
2025-11-05,126730,,1.65,-0.5,,0.4
2025-11-06,126730,,1.61,1.0,,-1.0
2025-11-07,126730,,1.7,1.2,,-1.2
2025-11-10,126730,,1.8,0.6,-0.3,-0.5
2025-11-11,126730,,1.86,0.9,-0.0,-1.0
2025-11-12,126730,,1.95,0.3,,-0.3
2025-11-13,126730,,1.97,-0.1,,0.1
2025-11-14,126730,,1.96,-0.5,,0.4
2025-11-17,126730,,1.91,0.2,,-0.2
2025-11-18,126730,,1.93,-0.4,0.2,0.3
2025-11-19,126730,,1.89,0.7,1.2,-1.6
2025-11-20,126730,,1.97,0.5,0.0,-0.5
2025-11-21,126730,,2.01,-1.4,0.3,1.4
2025-11-24,126730,,1.87,-0.1,0.6,-0.7
2025-11-25,126730,,1.86,0.3,0.4,-0.9
2025-11-26,126730,,1.9,0.3,-0.0,-0.3
2025-11-27,126730,,1.94,-0.2,0.3,-0.2
2025-11-28,126730,12660.0,1.92,0.7,-0.0,-0.7
2025-12-01,126730,,1.98,-1.1,-0.0,1.0
2025-12-02,126730,,1.85,-0.4,-0.0,0.3
2025-12-03,126730,,1.81,-2.9,-0.2,-2.2
2025-12-04,126730,,1.59,-8.0,-0.0,13.3
2025-12-05,126730,,1.07,-4.8,0.0,4.5
2025-12-08,126730,,0.75,0.1,0.0,-1.1
2025-12-09,126730,,0.76,3.9,0.4,-4.2
2025-12-10,126730,,1.07,-7.4,-0.5,7.0
2025-12-11,126730,,0.54,1.5,,-1.7
2025-12-12,126730,,0.65,0.1,-0.0,0.1
2025-12-15,126730,,0.66,2.2,,-2.5
2025-12-16,126730,,0.83,0.9,,-0.7
2025-12-17,126730,,0.93,-0.1,,-0.1
2025-12-18,126730,,0.92,2.1,,-1.9
2025-12-19,126730,,1.1,-0.7,,1.0
2025-12-22,126730,,1.04,0.3,0.0,-0.3
2025-12-23,126730,,1.06,-0.2,,0.6
2025-12-24,126730,,1.04,0.2,,-0.2
2025-12-26,126730,,1.06,-0.7,,0.7
2025-12-29,126730,,1.0,0.2,,-0.2
2025-12-30,126730,14630.0,1.01,-0.2,,0.3
2026-01-02,126730,,1.0,0.2,0.0,-0.3
2026-01-05,126730,,1.02,-0.3,-0.0,0.3
2026-01-06,126730,,0.99,0.1,-0.0,-0.0
2026-01-07,126730,,1.0,-8.4,0.5,7.6
2026-01-08,126730,,0.37,-1.1,,1.3
2026-01-09,126730,,0.29,0.1,,-0.1
2026-01-12,126730,,0.29,2.6,,-2.2
2026-01-13,126730,,0.5,-0.6,,0.1
2026-01-14,126730,,0.48,1.1,-0.0,-0.9
2026-01-15,126730,,0.56,0.9,,-0.9
2026-01-16,126730,,0.63,-1.3,0.0,1.2
2026-01-19,126730,,0.53,3.7,-0.0,-3.9
2026-01-20,126730,,0.81,-1.0,-0.0,0.6
2026-01-21,126730,,0.74,-1.3,,1.3
2026-01-22,126730,,0.64,12.6,0.0,-11.9
2026-01-23,126730,,1.54,4.7,-0.0,-4.9
2026-01-26,126730,,1.88,-7.6,-0.0,7.3
2026-01-27,126730,,1.28,2.4,0.0,-3.1
2026-01-28,126730,,1.46,9.1,-0.0,-10.3
2026-01-29,126730,,2.03,3.3,0.0,-3.2
2026-01-30,126730,16840.0,2.26,-0.0,,-0.1
2026-02-02,126730,,2.24,1.9,0.0,-2.3
2026-02-03,126730,,2.39,8.5,0.1,-8.5
2026-02-04,126730,,2.93,0.2,,-0.3
2026-02-05,126730,,2.94,-5.0,-0.0,4.9
2026-02-06,126730,,2.6,-0.3,0.5,-0.2
2026-02-09,126730,,2.56,13.5,0.5,-13.0
2026-02-10,126730,,3.46,-22.7,0.5,21.7
2026-02-11,126730,,1.99,-9.6,0.5,9.0
2026-02-12,126730,,1.37,-2.5,0.5,2.4
2026-02-13,126730,,1.2,0.7,0.5,-1.1
2026-02-19,126730,,1.21,13.2,0.6,-12.0
2026-02-20,126730,,2.06,5.4,-1.3,-4.2
2026-02-23,126730,,2.41,-7.7,-0.2,14.7
2026-02-24,126730,,2.07,-12.4,-0.1,12.5
2026-02-25,126730,,1.37,-11.0,-0.0,9.0
2026-02-26,126730,,0.79,-3.2,-0.7,3.9
2026-02-27,126730,20150.0,0.62,-2.9,-0.2,2.9
2026-03-03,126730,,0.47,-3.7,-0.0,3.1
2026-03-04,126730,,0.25,0.3,0.0,-0.3
2026-03-05,126730,,0.31,2.9,,-3.5
2026-03-06,126730,,0.55,0.3,,-0.2
2026-03-09,126730,,0.57,-2.2,,3.8
2026-03-10,126730,,0.43,4.6,,-4.2
2026-03-11,126730,,0.73,-0.9,,1.5
2026-03-12,126730,,0.67,-2.0,0.0,2.5
2026-03-13,126730,,0.54,-1.2,0.0,0.7
2026-03-16,126730,,0.47,1.7,,-1.3
2026-03-17,126730,,0.58,-0.8,,0.8
2026-03-18,126730,,0.54,2.6,-0.0,-2.7
2026-03-19,126730,,0.68,-3.3,-0.3,3.6
2026-03-20,126730,,0.49,-1.4,-0.0,1.0
2026-03-23,126730,,0.42,-0.4,0.3,0.5
2026-03-24,126730,,0.39,0.8,,-0.4
2026-03-25,126730,,0.44,2.8,-0.0,-2.8
2026-03-26,126730,,0.61,-3.8,0.0,3.7
2026-03-27,126730,,0.39,-1.3,-0.2,1.4
2026-03-30,126730,,0.39,1.0,-0.4,0.3
2026-03-31,126730,16740.0,0.45,0.3,0.0,-0.4
2026-04-01,126730,,0.47,4.3,-0.0,-4.1
2026-04-02,126730,,0.75,-1.8,0.9,0.9
2026-04-03,126730,,0.64,0.3,1.7,-2.0
2026-04-06,126730,,0.66,-0.5,0.2,0.3
2026-04-07,126730,,0.62,-0.7,-0.0,0.7
2026-04-08,126730,,0.57,2.3,-0.0,-2.3
2026-04-09,126730,,0.72,-2.4,-0.2,2.6
2026-04-10,126730,,0.57,-0.9,-0.0,0.8
2026-04-13,126730,,0.51,-0.5,0.0,0.8
2026-04-14,126730,,0.38,0.3,-2.7,2.4
2026-04-15,126730,,0.4,3.5,0.0,-3.7
2026-04-16,126730,,0.61,3.5,0.0,-3.5
2026-04-17,126730,,0.82,1.1,0.0,-0.8
2026-04-20,126730,,0.88,-2.6,-0.0,2.7
2026-04-21,126730,,0.72,3.4,0.0,-4.5
2026-04-22,126730,,0.92,-1.3,-0.0,2.0
2026-04-23,126730,,0.87,23.4,6.0,-28.6
2026-04-24,126730,,2.14,-17.5,-0.1,17.7
2026-04-27,126730,,1.17,-2.5,-3.9,6.3
2026-04-28,126730,,1.04,-0.1,0.0,-0.2
2026-04-29,126730,,1.09,4.0,0.0,-4.6
2026-04-30,126730,20950.0,1.32,15.9,0.0,-17.5
2026-05-04,126730,,2.15,20.1,0.2,-19.6
2026-05-06,126730,,3.15,-11.7,-0.3,12.0
2026-05-07,126730,,2.6,-4.2,-0.0,4.7
2026-05-08,126730,,2.38,3.9,-0.0,-3.6
2026-05-11,126730,,2.59,-9.0,-1.3,11.7
2026-05-12,126730,,2.08,4.3,0.0,-5.4
2026-05-13,126730,,2.34,-0.6,-0.0,0.3
2026-05-14,126730,,2.3,-1.1,-0.0,1.1
2026-05-15,126730,,2.23,-2.9,-0.0,2.3
2026-05-18,126730,,2.05,2.4,-0.0,-2.7
2026-05-19,126730,,2.23,0.9,0.0,-1.3
2026-05-20,126730,,2.3,-27.4,2.3,25.2
2026-05-21,126730,,0.57,26.8,7.4,-30.6
2026-05-22,126730,,2.16,-17.1,0.6,16.0
2026-05-26,126730,,1.34,-10.5,0.1,13.4
2026-05-27,126730,,1.02,11.7,-1.2,-10.4
2026-05-28,126730,,1.71,-26.9,-0.1,33.5
2026-05-29,126730,30150.0,0.5,19.9,-1.2,-18.9
2026-06-01,126730,,1.35,27.0,-1.0,-25.9
2026-06-02,126730,,2.5,9.0,0.7,-9.6
2026-06-04,126730,,2.9,-1.1,-0.7,1.8
2026-06-05,126730,,2.84,-43.0,-0.0,42.7
2026-06-08,126730,,0.93,20.4,-0.0,-20.3
2026-06-09,126730,,2.06,12.8,-0.0,-12.8
2026-06-10,126730,,2.68,2.0,0.0,-2.2
2026-06-11,126730,,2.8,-1.2,-0.0,1.0
2026-06-12,126730,,2.75,0.6,0.0,-0.6
2026-06-15,126730,,2.78,-8.6,-0.0,8.8
2026-06-16,126730,,2.37,-6.6,-0.0,6.4
2026-06-17,126730,,2.05,-8.3,-0.0,9.0
2026-06-18,126730,,1.65,-13.0,0.0,12.7
2026-06-19,126730,,1.04,-8.5,-0.0,8.6
2026-06-22,126730,,0.85,6.3,0.0,-6.5
2026-06-23,126730,,1.18,5.0,0.0,-7.3
2026-06-24,126730,,1.45,0.2,-0.0,-0.9
2026-06-25,126730,,1.48,-1.6,-0.0,2.2
2026-06-26,126730,,1.38,5.0,0.0,-4.9
2026-06-29,126730,,1.81,5.7,-0.0,-6.4
2026-06-30,126730,16800.0,2.23,-15.7,-0.0,17.4
2026-07-01,126730,,1.2,3.2,1.8,-4.8
2026-07-02,126730,,1.41,2.8,0.2,-2.9
2026-07-03,126730,,1.61,1.3,0.0,-1.3
2026-07-06,126730,,1.72,0.9,-0.0,-0.9
2026-07-07,126730,,1.79,2.2,0.0,-2.4
2026-07-08,126730,,1.95,2.7,-0.0,-2.6
2026-07-09,126730,,2.18,1.5,-0.0,-1.5
2026-07-10,126730,,2.3,2.1,-0.0,-2.0
2026-07-13,126730,13930.0,2.46,-0.7,0.0,0.7
2025-07-14,126880,,2.48,-0.2,-0.0,0.2
2025-07-15,126880,,2.46,-0.2,-0.0,0.2
2025-07-16,126880,,2.44,-0.1,-0.0,0.1
2025-07-17,126880,,2.43,2.1,-0.0,-2.1
2025-07-18,126880,,2.65,-0.3,-0.0,0.2
2025-07-21,126880,,2.62,0.8,-0.0,-0.7
2025-07-22,126880,,2.7,0.0,0.0,0.0
2025-07-23,126880,,2.7,2.1,-0.0,-2.1
2025-07-24,126880,,2.87,-2.6,-0.0,2.5
2025-07-25,126880,,2.65,-2.1,-0.0,2.4
2025-07-28,126880,,2.45,-0.4,-0.0,-0.0
2025-07-29,126880,,2.41,-1.0,-0.0,1.1
2025-07-30,126880,,2.32,-0.2,-0.0,0.2
2025-07-31,126880,,2.3,0.2,-0.0,-0.2
2025-08-01,126880,,2.32,-0.7,-0.0,0.8
2025-08-04,126880,,2.24,0.8,-0.0,-0.8
2025-08-05,126880,,2.32,0.2,0.0,-0.2
2025-08-06,126880,,2.34,-0.2,-0.0,0.3
2025-08-07,126880,,2.32,0.9,-0.0,-0.9
2025-08-08,126880,,2.41,-1.6,-0.0,1.6
2025-08-11,126880,,2.25,-0.4,-0.0,0.4
2025-08-12,126880,,2.21,-0.3,0.0,0.4
2025-08-13,126880,,2.18,-0.4,0.0,0.5
2025-08-14,126880,,2.13,0.3,-0.0,-0.3
2025-08-18,126880,,2.17,0.9,-0.0,-0.9
2025-08-19,126880,,2.26,-0.1,-0.0,-0.9
2025-08-20,126880,,2.26,0.6,-0.0,-0.6
2025-08-21,126880,,2.32,0.2,-0.0,-0.2
2025-08-22,126880,,2.34,0.6,-0.1,-0.4
2025-08-25,126880,,2.4,0.1,-0.0,-0.1
2025-08-26,126880,,2.43,-1.2,0.0,1.2
2025-08-27,126880,,2.31,-0.1,-0.0,0.1
2025-08-28,126880,,2.3,-1.0,0.0,1.0
2025-08-29,126880,4450.0,2.23,1.2,-0.0,-1.2
2025-09-01,126880,,2.35,-1.4,-0.0,1.4
2025-09-02,126880,,2.21,-0.1,-0.0,0.1
2025-09-03,126880,,2.5,-0.2,-0.0,0.2
2025-09-04,126880,,2.48,0.2,0.0,-0.2
2025-09-05,126880,,2.5,-0.4,-0.0,0.4
2025-09-08,126880,,2.46,1.1,-0.0,-1.1
2025-09-09,126880,,2.57,0.0,-0.0,-0.0
2025-09-10,126880,,2.57,0.5,-0.0,-0.5
2025-09-11,126880,,2.62,1.9,-0.0,-1.1
2025-09-12,126880,,2.81,-2.6,-0.0,2.6
2025-09-15,126880,,2.57,0.7,-0.0,-0.7
2025-09-16,126880,,2.63,-1.4,-0.0,1.4
2025-09-17,126880,,2.5,-0.9,-0.0,0.9
2025-09-18,126880,,2.69,-0.5,-0.0,0.5
2025-09-19,126880,,2.64,-1.3,-0.0,1.3
2025-09-22,126880,,2.52,-1.1,-0.0,1.7
2025-09-23,126880,,2.41,-2.1,-0.0,2.1
2025-09-24,126880,,2.22,-0.5,-0.0,0.5
2025-09-25,126880,,2.17,-0.4,-0.0,0.4
2025-09-26,126880,,2.14,-0.9,-0.0,0.9
2025-09-29,126880,,2.04,3.7,-0.3,-3.9
2025-09-30,126880,4305.0,2.4,0.6,-0.0,-0.6
2025-10-01,126880,,2.46,-10.5,-0.0,11.0
2025-10-02,126880,,1.62,6.1,-0.0,-6.1
2025-10-10,126880,,2.17,-0.7,-0.0,0.7
2025-10-13,126880,,2.11,-0.9,-0.0,0.9
2025-10-14,126880,,2.02,1.5,-0.0,-1.5
2025-10-15,126880,,2.16,2.7,-0.0,-2.7
2025-10-16,126880,,2.41,-0.1,0.1,-0.1
2025-10-17,126880,,2.41,-2.9,-0.0,3.7
2025-10-20,126880,,2.13,-1.0,-0.0,1.0
2025-10-21,126880,,2.03,-0.0,-0.0,0.0
2025-10-22,126880,,2.04,-0.2,0.0,0.4
2025-10-23,126880,,2.23,0.7,-0.0,-0.8
2025-10-24,126880,,2.3,-0.2,0.0,0.3
2025-10-27,126880,,2.28,1.9,0.6,-2.5
2025-10-28,126880,,2.45,-1.0,-0.0,1.2
2025-10-29,126880,,2.36,-0.6,0.6,-0.1
2025-10-30,126880,,2.3,-0.3,0.0,0.5
2025-10-31,126880,4435.0,2.27,-1.4,0.0,1.4
2025-11-03,126880,,2.13,-1.2,-0.0,1.2
2025-11-04,126880,,2.02,0.7,0.0,-0.7
2025-11-05,126880,,2.09,-0.4,-0.0,0.3
2025-11-06,126880,,2.06,-0.2,-0.0,0.2
2025-11-07,126880,,2.04,0.1,-0.0,-0.1
2025-11-10,126880,,2.05,0.5,-0.1,-0.4
2025-11-11,126880,,2.04,-0.2,0.0,0.2
2025-11-12,126880,,2.0,0.2,-0.0,-0.2
2025-11-13,126880,,2.02,-0.3,0.0,0.3
2025-11-14,126880,,1.99,-0.3,-0.0,0.3
2025-11-17,126880,,1.97,0.4,0.3,-0.7
2025-11-18,126880,,2.03,-1.0,-0.0,1.0
2025-11-19,126880,,1.93,0.6,0.0,-0.6
2025-11-20,126880,,2.11,0.3,-0.0,-0.3
2025-11-21,126880,,2.14,0.1,0.0,-0.4
2025-11-24,126880,,2.16,0.4,0.0,-0.4
2025-11-25,126880,,2.2,1.1,-0.0,-1.1
2025-11-26,126880,,2.28,0.4,0.0,-0.4
2025-11-27,126880,,2.32,-0.1,-0.0,0.1
2025-11-28,126880,4030.0,2.31,0.6,0.0,-0.8
2025-12-01,126880,,2.37,-0.6,0.0,-0.1
2025-12-02,126880,,2.31,-0.2,0.0,0.2
2025-12-03,126880,,2.29,1.2,-0.0,-1.2
2025-12-04,126880,,2.47,-0.7,-0.0,0.7
2025-12-05,126880,,2.4,0.3,-0.3,-0.0
2025-12-08,126880,,2.43,-0.2,-0.0,0.2
2025-12-09,126880,,2.41,-0.2,-0.0,0.2
2025-12-10,126880,,2.39,-0.1,-0.0,0.1
2025-12-11,126880,,2.38,0.3,0.0,-0.3
2025-12-12,126880,,2.41,0.6,-0.0,-0.6
2025-12-15,126880,,2.48,-0.4,0.0,0.4
2025-12-16,126880,,2.44,-0.4,0.0,0.4
2025-12-17,126880,,2.78,-0.0,0.0,0.0
2025-12-18,126880,,2.77,0.0,0.0,-0.0
2025-12-19,126880,,2.77,0.3,0.0,-0.3
2025-12-22,126880,,2.8,0.3,0.0,-0.3
2025-12-23,126880,,2.83,-0.5,0.0,0.5
2025-12-24,126880,,2.46,0.1,0.0,-0.1
2025-12-26,126880,,2.47,-0.2,-0.0,0.3
2025-12-29,126880,,1.8,0.3,-0.0,-0.3
2025-12-30,126880,3830.0,1.84,-0.2,-0.0,0.2
2026-01-02,126880,,1.81,0.2,-0.0,0.0
2026-01-05,126880,,1.84,0.5,-0.0,-0.5
2026-01-06,126880,,1.96,-0.1,0.0,0.1
2026-01-07,126880,,2.57,-0.9,-0.0,0.9
2026-01-08,126880,,2.47,-0.7,-0.2,0.9
2026-01-09,126880,,2.39,0.0,0.5,-0.7
2026-01-12,126880,,2.4,0.4,-0.0,-0.4
2026-01-13,126880,,2.48,0.3,-0.0,-0.3
2026-01-14,126880,,2.52,0.1,-0.0,-0.1
2026-01-15,126880,,2.57,1.0,-0.0,-0.9
2026-01-16,126880,,2.7,1.1,0.0,-1.1
2026-01-19,126880,,2.82,0.4,-0.0,-0.4
2026-01-20,126880,,2.87,1.1,0.0,-1.1
2026-01-21,126880,,3.0,0.3,-0.0,-0.3
2026-01-22,126880,,3.04,0.2,0.0,-0.2
2026-01-23,126880,,3.05,0.1,0.0,-0.1
2026-01-26,126880,,3.06,0.2,-0.0,-0.2
2026-01-27,126880,,3.09,-0.7,0.0,0.7
2026-01-28,126880,,3.01,-0.6,0.0,0.6
2026-01-29,126880,,2.94,-0.0,-0.0,0.0
2026-01-30,126880,3855.0,2.93,-1.2,-0.5,1.7
2026-02-02,126880,,2.8,-0.8,-0.0,0.8
2026-02-03,126880,,2.67,-1.1,-0.0,1.1
2026-02-04,126880,,2.54,0.6,0.0,-0.7
2026-02-05,126880,,2.61,0.2,0.0,-0.2
2026-02-06,126880,,2.64,0.0,-0.0,-0.0
2026-02-09,126880,,2.64,-0.1,-0.0,0.1
2026-02-10,126880,,2.66,1.5,0.0,-1.5
2026-02-11,126880,,2.8,-0.6,-0.0,0.6
2026-02-12,126880,,2.73,0.1,0.0,-0.1
2026-02-13,126880,,2.75,-0.4,0.0,0.4
2026-02-19,126880,,2.7,0.6,0.0,-0.7
2026-02-20,126880,,2.78,1.0,-0.0,-0.6
2026-02-23,126880,,2.89,0.4,-0.0,-0.4
2026-02-24,126880,,2.93,0.2,-0.0,-0.1
2026-02-25,126880,,2.94,-0.2,0.0,0.2
2026-02-26,126880,,2.91,-1.4,-0.9,2.3
2026-02-27,126880,3710.0,2.76,-1.3,-0.0,1.3
2026-03-03,126880,,2.61,1.4,0.0,-1.4
2026-03-04,126880,,2.76,0.2,-0.0,-0.2
2026-03-05,126880,,2.79,1.4,0.0,-1.4
2026-03-06,126880,,2.96,0.9,0.0,-0.9
2026-03-09,126880,,3.07,-0.0,0.3,-0.3
2026-03-10,126880,,3.07,-0.1,0.0,0.1
2026-03-11,126880,,3.08,0.1,0.0,-0.1
2026-03-12,126880,,2.55,0.1,0.0,-0.2
2026-03-13,126880,,2.57,-0.1,0.0,0.2
2026-03-16,126880,,2.54,0.1,-0.0,-0.1
2026-03-17,126880,,2.55,0.3,-0.0,-0.3
2026-03-18,126880,,2.59,0.3,-0.0,-0.3
2026-03-19,126880,,2.71,-0.6,0.0,0.6
2026-03-20,126880,,2.64,3.2,-0.0,-3.2
2026-03-23,126880,,3.0,-0.8,-0.0,0.8
2026-03-24,126880,,2.91,-0.0,0.0,-0.0
2026-03-25,126880,,2.9,0.4,-0.0,-0.4
2026-03-26,126880,,2.95,-0.6,-0.0,0.7
2026-03-27,126880,,2.89,0.5,-0.0,-0.5
2026-03-30,126880,,2.98,0.1,0.0,-0.1
2026-03-31,126880,3570.0,2.98,-0.3,-0.0,0.3
2026-04-01,126880,,2.95,1.1,-0.0,-1.1
2026-04-02,126880,,3.08,-0.1,-0.0,0.1
2026-04-03,126880,,3.07,0.9,0.0,-0.8
2026-04-06,126880,,3.17,0.4,-0.0,-0.4
2026-04-07,126880,,3.22,0.4,0.0,-0.1
2026-04-08,126880,,3.27,4.6,0.0,-4.6
2026-04-09,126880,,3.78,-5.5,0.0,5.4
2026-04-10,126880,,3.19,0.7,-0.1,-0.6
2026-04-13,126880,,3.26,0.4,-0.0,-0.4
2026-04-14,126880,,3.3,3.3,-0.0,-3.6
2026-04-15,126880,,3.65,0.4,-0.0,-0.4
2026-04-16,126880,,3.7,0.8,-0.0,-0.8
2026-04-17,126880,,3.79,-0.2,0.0,0.3
2026-04-20,126880,,3.77,-1.1,0.0,1.2
2026-04-21,126880,,3.65,1.1,0.0,-1.1
2026-04-22,126880,,3.77,0.3,-0.0,-0.3
2026-04-23,126880,,3.8,-0.2,-0.0,0.1
2026-04-24,126880,,3.78,0.7,-0.0,-0.7
2026-04-27,126880,,3.85,-0.8,-0.0,0.8
2026-04-28,126880,,3.77,0.0,-0.4,0.5
2026-04-29,126880,,3.77,0.8,-0.0,-1.0
2026-04-30,126880,3975.0,3.86,-1.0,0.0,0.9
2026-05-04,126880,,3.76,-1.1,0.0,1.2
2026-05-06,126880,,3.63,-4.9,0.0,4.9
2026-05-07,126880,,3.14,2.1,0.0,-2.2
2026-05-08,126880,,3.37,-1.6,0.0,1.8
2026-05-11,126880,,3.19,-1.6,-0.0,1.7
2026-05-12,126880,,3.01,-1.3,0.0,1.3
2026-05-13,126880,,2.84,-0.3,-0.0,0.3
2026-05-14,126880,,2.79,-0.6,-0.0,0.7
2026-05-15,126880,,2.74,-0.4,-0.0,0.4
2026-05-18,126880,,2.7,1.1,-0.1,-1.0
2026-05-19,126880,,2.84,-0.3,0.0,0.3
2026-05-20,126880,,2.8,-0.5,-0.0,0.5
2026-05-21,126880,,2.83,-1.9,-0.0,1.9
2026-05-22,126880,,2.57,0.0,0.0,-1.3
2026-05-26,126880,,2.57,-0.7,-0.0,0.8
2026-05-27,126880,,2.48,-0.7,-0.0,0.2
2026-05-28,126880,,2.45,-0.8,0.2,0.3
2026-05-29,126880,3135.0,2.44,-0.2,-0.0,0.1
2026-06-01,126880,,2.42,-1.5,-0.0,1.4
2026-06-02,126880,,2.28,0.5,-0.0,-0.5
2026-06-04,126880,,2.08,-0.1,-0.0,-0.3
2026-06-05,126880,,2.07,0.1,-0.0,-0.2
2026-06-08,126880,,2.08,-0.0,0.0,-0.0
2026-06-09,126880,,2.08,0.5,-0.0,-0.8
2026-06-10,126880,,2.15,0.2,0.0,-0.6
2026-06-11,126880,,2.18,0.0,0.0,-0.0
2026-06-12,126880,,2.19,-0.4,-0.0,-0.4
2026-06-15,126880,,2.14,-0.1,-0.0,0.1
2026-06-16,126880,,2.12,0.3,-0.0,-0.5
2026-06-17,126880,,2.16,0.4,-0.3,-0.4
2026-06-18,126880,,2.21,-0.5,0.0,0.4
2026-06-19,126880,,2.16,0.1,-0.0,-0.2
2026-06-22,126880,,2.18,0.6,-0.0,-0.9
2026-06-23,126880,,2.26,0.1,-0.0,-0.2
2026-06-24,126880,,2.27,0.1,0.0,-0.4
2026-06-25,126880,,2.29,-0.1,-0.0,0.0
2026-06-26,126880,,2.31,0.0,0.0,-0.5
2026-06-29,126880,,2.31,0.6,-0.0,-0.5
2026-06-30,126880,3025.0,2.4,-0.1,0.0,-0.0
2026-07-01,126880,,2.39,0.7,-0.0,-0.8
2026-07-02,126880,,2.45,0.0,0.0,-0.0
2026-07-03,126880,,2.46,0.4,0.0,-0.3
2026-07-06,126880,,2.51,0.5,-0.0,-0.5
2026-07-07,126880,,2.58,0.4,0.0,-0.4
2026-07-08,126880,,2.64,0.0,-0.0,-0.0
2026-07-09,126880,,2.77,-0.1,-0.0,0.1
2026-07-10,126880,,2.76,0.1,-0.0,-0.1
2026-07-13,126880,2795.0,2.77,-0.2,-0.0,0.2
2025-07-14,127120,,2.53,-6.9,-0.2,7.0
2025-07-15,127120,,2.4,0.2,0.1,-0.4
2025-07-16,127120,,2.55,-14.1,0.0,13.7
2025-07-17,127120,,2.17,-6.7,0.0,6.3
2025-07-18,127120,,1.98,0.0,0.0,-0.1
2025-07-21,127120,,1.99,-4.5,0.0,4.7
2025-07-22,127120,,1.87,2.7,0.0,-3.1
2025-07-23,127120,,1.93,-1.9,-0.0,1.5
2025-07-24,127120,,1.88,-11.9,0.0,4.7
2025-07-25,127120,,1.56,-13.2,0.0,13.2
2025-07-28,127120,,1.25,-8.3,0.0,8.6
2025-07-29,127120,,1.05,0.5,0.0,-0.7
2025-07-30,127120,,1.07,-0.8,0.0,0.8
2025-07-31,127120,,1.05,1.2,0.0,-0.8
2025-08-01,127120,,1.09,1.0,0.0,-1.1
2025-08-04,127120,,1.12,14.3,3.2,-18.0
2025-08-05,127120,,1.48,-2.5,0.3,2.3
2025-08-06,127120,,1.43,0.9,0.1,-1.2
2025-08-07,127120,,1.48,-14.2,-0.8,15.0
2025-08-08,127120,,1.14,-3.1,0.5,2.5
2025-08-11,127120,,1.06,27.6,0.4,-28.1
2025-08-12,127120,,1.69,-1.6,2.4,-0.8
2025-08-13,127120,,1.58,0.6,0.0,-0.7
2025-08-14,127120,,1.59,1.9,0.7,-2.5
2025-08-18,127120,,1.63,0.5,0.2,-1.0
2025-08-19,127120,,1.67,-3.7,-1.5,4.9
2025-08-20,127120,,1.55,-0.2,0.6,-0.4
2025-08-21,127120,,1.52,0.4,,-0.5
2025-08-22,127120,,1.47,2.8,-0.2,-2.4
2025-08-25,127120,,1.48,1.7,0.1,0.0
2025-08-26,127120,,1.53,3.5,0.7,-4.3
2025-08-27,127120,,1.61,27.7,0.0,-28.1
2025-08-28,127120,,2.1,-13.1,1.1,12.1
2025-08-29,127120,18200.0,1.84,-7.5,0.3,6.2
2025-09-01,127120,,1.72,-24.8,0.0,24.3
2025-09-02,127120,,1.23,-5.0,-0.7,5.5
2025-09-03,127120,,1.14,-2.0,0.0,2.0
2025-09-04,127120,,1.09,27.3,1.6,-18.7
2025-09-05,127120,,1.52,-1.6,-0.6,2.1
2025-09-08,127120,,1.49,-26.6,-1.9,27.8
2025-09-09,127120,,0.96,7.8,-1.0,-4.8
2025-09-10,127120,,1.15,3.7,-0.1,-2.3
2025-09-11,127120,,1.22,-1.9,-0.2,57.6
2025-09-12,127120,,1.18,-5.1,0.0,5.3
2025-09-15,127120,,1.09,86.0,0.1,-93.0
2025-09-16,127120,,2.6,9.4,0.1,-9.5
2025-09-17,127120,,2.77,-13.5,-0.2,13.0
2025-09-18,127120,,2.53,18.4,6.1,18.8
2025-09-19,127120,,2.84,60.5,10.5,-71.3
2025-09-22,127120,,3.75,-10.0,-2.1,12.5
2025-09-23,127120,,3.61,-4.7,0.8,3.0
2025-09-24,127120,,3.57,-6.0,2.6,3.4
2025-09-25,127120,,3.49,-10.8,1.9,9.6
2025-09-26,127120,,3.24,-6.1,-0.0,5.7
2025-09-29,127120,,3.15,-13.0,1.5,11.3
2025-09-30,127120,21450.0,2.97,-65.1,0.8,63.4
2025-10-01,127120,,1.97,-2.0,1.9,5.7
2025-10-02,127120,,1.95,-13.1,-0.2,9.0
2025-10-10,127120,,1.74,6.0,3.8,-10.4
2025-10-13,127120,,1.83,-17.9,5.2,13.0
2025-10-14,127120,,1.78,-27.9,-0.2,27.0
2025-10-15,127120,,1.49,-11.1,-11.2,20.7
2025-10-16,127120,,1.32,3.2,-0.0,-2.8
2025-10-17,127120,,1.49,-4.4,1.5,2.5
2025-10-20,127120,,1.35,-0.7,0.2,0.5
2025-10-21,127120,,1.33,0.2,2.1,-1.1
2025-10-22,127120,,1.34,2.0,-0.1,-1.8
2025-10-23,127120,,1.48,-5.4,0.1,4.4
2025-10-24,127120,,1.39,0.6,-2.0,-0.8
2025-10-27,127120,,1.42,-12.6,-0.9,10.4
2025-10-28,127120,,1.2,5.6,15.0,-20.2
2025-10-29,127120,,1.3,-13.5,-2.1,15.7
2025-10-30,127120,,1.07,29.5,4.0,-32.8
2025-10-31,127120,20950.0,1.56,-14.2,11.3,3.2
2025-11-03,127120,,1.33,-19.4,8.5,9.6
2025-11-04,127120,,1.03,-2.6,13.5,-9.0
2025-11-05,127120,,0.99,4.6,2.4,-7.2
2025-11-06,127120,,1.07,-6.5,9.0,-2.7
2025-11-07,127120,,0.97,-0.4,7.1,-6.4
2025-11-10,127120,,0.96,-1.7,10.0,-9.4
2025-11-11,127120,,1.0,-4.6,6.3,-1.8
2025-11-12,127120,,0.84,-0.1,5.9,-5.6
2025-11-13,127120,,0.84,1.9,-0.6,-1.5
2025-11-14,127120,,0.87,12.4,0.2,-13.2
2025-11-17,127120,,1.1,0.5,0.5,-1.5
2025-11-18,127120,,1.11,-1.1,0.1,-2.2
2025-11-19,127120,,1.09,-3.7,-1.2,3.2
2025-11-20,127120,,1.0,12.8,0.6,-15.7
2025-11-21,127120,,1.22,5.2,1.3,-15.9
2025-11-24,127120,,1.31,-17.9,10.6,4.9
2025-11-25,127120,,1.02,-3.3,4.2,-3.8
2025-11-26,127120,,0.97,1.2,0.2,-2.2
2025-11-27,127120,,1.08,-4.9,2.4,-3.5
2025-11-28,127120,19790.0,1.0,0.9,0.4,-1.4
2025-12-01,127120,,1.02,-2.7,0.1,-3.1
2025-12-02,127120,,1.01,5.8,-0.0,-8.8
2025-12-03,127120,,1.11,6.7,0.1,-9.6
2025-12-04,127120,,1.22,9.5,0.0,-9.9
2025-12-05,127120,,1.37,3.5,-0.0,-4.2
2025-12-08,127120,,1.42,-2.2,0.0,1.9
2025-12-09,127120,,1.39,4.3,-0.0,-7.0
2025-12-10,127120,,1.46,-3.0,-0.4,2.6
2025-12-11,127120,,1.4,-6.7,-1.8,7.2
2025-12-12,127120,,1.28,-7.1,-0.6,5.5
2025-12-15,127120,,1.18,10.7,0.7,-12.0
2025-12-16,127120,,1.39,7.2,-0.1,-9.7
2025-12-17,127120,,1.53,-1.9,0.5,1.3
2025-12-18,127120,,1.5,8.9,0.4,-8.8
2025-12-19,127120,,1.63,3.5,0.8,-4.1
2025-12-22,127120,,1.69,-0.6,-0.0,0.4
2025-12-23,127120,,1.51,-1.1,-0.2,2.8
2025-12-24,127120,,1.5,10.0,-0.3,-11.2
2025-12-26,127120,,1.68,20.7,-0.0,-21.5
2025-12-29,127120,,2.04,-21.8,-2.2,24.2
2025-12-30,127120,17850.0,1.7,-27.6,-23.8,50.9
2026-01-02,127120,,1.24,-8.6,-1.8,8.3
2026-01-05,127120,,1.11,-2.2,2.5,-0.1
2026-01-06,127120,,1.1,-3.8,-1.5,4.0
2026-01-07,127120,,1.02,12.5,-1.2,-10.4
2026-01-08,127120,,1.26,2.4,2.0,-4.5
2026-01-09,127120,,1.37,-5.0,0.5,4.5
2026-01-12,127120,,1.28,-5.5,-2.2,7.3
2026-01-13,127120,,1.21,-4.7,-0.2,4.7
2026-01-14,127120,,1.15,-0.5,0.3,0.2
2026-01-15,127120,,1.18,2.6,-0.4,-2.3
2026-01-16,127120,,1.31,30.7,7.0,-37.8
2026-01-19,127120,,1.96,12.6,6.7,-15.9
2026-01-20,127120,,2.11,-5.9,5.1,0.8
2026-01-21,127120,,1.91,0.9,2.3,-3.1
2026-01-22,127120,,1.93,5.4,3.1,-8.4
2026-01-23,127120,,2.03,-2.0,2.9,-1.2
2026-01-26,127120,,1.96,33.5,6.8,-40.3
2026-01-27,127120,,2.58,-2.6,-1.5,4.1
2026-01-28,127120,,2.45,14.8,1.3,-16.1
2026-01-29,127120,,2.64,-16.7,-5.4,22.8
2026-01-30,127120,20850.0,2.28,-2.5,-0.6,3.6
2026-02-02,127120,,2.18,4.1,-3.5,-0.3
2026-02-03,127120,,2.29,56.2,56.7,-106.5
2026-02-04,127120,,3.15,17.3,53.6,-70.7
2026-02-05,127120,,3.24,13.2,8.8,-21.4
2026-02-06,127120,,3.29,-4.0,7.1,-3.4
2026-02-09,127120,,3.09,1.3,0.6,-1.2
2026-02-10,127120,,3.08,-2.1,-2.8,5.5
2026-02-11,127120,,2.93,-17.2,7.5,8.6
2026-02-12,127120,,2.7,-14.1,11.9,1.7
2026-02-13,127120,,2.68,7.5,1.2,-9.5
2026-02-19,127120,,2.77,-18.0,-1.5,20.8
2026-02-20,127120,,2.59,20.8,12.2,-33.9
2026-02-23,127120,,2.78,-0.7,0.5,-0.5
2026-02-24,127120,,2.77,-17.2,-10.7,26.7
2026-02-25,127120,,2.51,4.4,-4.3,0.9
2026-02-26,127120,,2.5,-12.2,-4.7,16.4
2026-02-27,127120,39050.0,2.4,25.3,10.2,-35.2
2026-03-03,127120,,2.59,7.4,-0.4,-8.0
2026-03-04,127120,,2.65,37.5,2.2,-37.1
2026-03-05,127120,,2.99,-1.0,-8.7,10.3
2026-03-06,127120,,2.98,12.0,0.2,-12.4
2026-03-09,127120,,3.14,-37.6,21.5,14.9
2026-03-10,127120,,2.81,-2.0,8.2,-6.1
2026-03-11,127120,,2.88,-35.4,9.8,26.8
2026-03-12,127120,,2.47,3.4,23.0,-27.1
2026-03-13,127120,,2.48,9.3,12.1,-24.2
2026-03-16,127120,,2.6,-22.9,21.0,0.1
2026-03-17,127120,,2.43,-2.9,11.1,-8.8
2026-03-18,127120,,2.41,-20.7,3.6,15.5
2026-03-19,127120,,2.15,8.8,13.5,-23.1
2026-03-20,127120,,2.31,2.4,-2.9,0.8
2026-03-23,127120,,2.3,-21.7,3.0,18.1
2026-03-24,127120,,2.13,1.6,-9.4,8.1
2026-03-25,127120,,2.12,-6.8,5.9,1.7
2026-03-26,127120,,2.05,-2.9,-0.2,3.0
2026-03-27,127120,,2.07,-12.4,19.2,-8.3
2026-03-30,127120,,2.05,-9.3,1.8,5.0
2026-03-31,127120,37950.0,1.96,-0.4,8.2,-9.4
2026-04-01,127120,,2.0,-2.2,-0.8,2.7
2026-04-02,127120,,1.9,3.4,31.2,-34.1
2026-04-03,127120,,2.03,34.6,30.6,-59.7
2026-04-06,127120,,2.44,-27.1,26.1,0.1
2026-04-07,127120,,2.19,-20.4,25.4,-4.8
2026-04-08,127120,,2.01,-20.4,5.5,14.4
2026-04-09,127120,,1.77,12.9,-3.2,-9.5
2026-04-10,127120,,1.92,23.1,1.6,-24.9
2026-04-13,127120,,2.15,13.3,2.6,-16.0
2026-04-14,127120,,2.32,7.9,25.7,-34.0
2026-04-15,127120,,2.63,10.5,5.2,-15.8
2026-04-16,127120,,2.46,-12.7,5.5,7.2
2026-04-17,127120,,2.33,1.5,3.0,-4.8
2026-04-20,127120,,2.31,-38.5,11.6,27.4
2026-04-21,127120,,1.94,4.2,-32.8,31.2
2026-04-22,127120,,1.94,-10.0,17.1,-6.8
2026-04-23,127120,,1.88,-7.7,11.3,-3.6
2026-04-24,127120,,1.86,-10.5,8.9,2.4
2026-04-27,127120,,1.8,11.4,-12.0,0.6
2026-04-28,127120,,1.86,1.1,-8.6,6.6
2026-04-29,127120,,1.86,13.9,-34.9,22.9
2026-04-30,127120,40800.0,2.14,8.1,-4.3,-4.0
2026-05-04,127120,,2.22,18.2,12.4,-30.2
2026-05-06,127120,,2.52,-36.5,-5.4,41.2
2026-05-07,127120,,2.12,-17.7,-1.1,18.9
2026-05-08,127120,,1.97,73.4,-2.8,-71.1
2026-05-11,127120,,2.6,-44.6,-13.9,61.6
2026-05-12,127120,,2.14,4.8,-0.3,-4.4
2026-05-13,127120,,2.17,-10.2,-0.6,11.4
2026-05-14,127120,,2.15,9.7,1.8,-12.1
2026-05-15,127120,,2.26,-14.9,-14.9,25.8
2026-05-18,127120,,2.07,4.8,0.2,-5.2
2026-05-19,127120,,2.14,1.3,9.5,-9.4
2026-05-20,127120,,2.12,-13.5,2.5,12.5
2026-05-21,127120,,2.02,-23.7,6.1,17.0
2026-05-22,127120,,1.84,-4.9,26.9,-21.8
2026-05-26,127120,,1.83,-19.9,8.7,10.7
2026-05-27,127120,,1.67,6.8,0.2,-7.2
2026-05-28,127120,,1.7,32.7,26.6,-60.8
2026-05-29,127120,41450.0,2.02,-1.3,4.6,-3.3
2026-06-01,127120,,2.02,7.2,9.0,-16.8
2026-06-02,127120,,2.13,-10.2,-1.1,11.0
2026-06-04,127120,,2.06,3.1,28.7,-31.9
2026-06-05,127120,,2.22,-33.5,34.4,-1.2
2026-06-08,127120,,2.01,-9.2,-5.3,15.3
2026-06-09,127120,,2.03,6.5,-1.6,-5.4
2026-06-10,127120,,2.14,-18.4,27.6,-8.5
2026-06-11,127120,,1.89,1.7,-0.6,-1.3
2026-06-12,127120,,1.9,-5.9,0.6,4.6
2026-06-15,127120,,1.82,11.3,-0.1,-11.2
2026-06-16,127120,,1.96,-3.1,0.1,1.1
2026-06-17,127120,,1.92,10.2,-5.0,-5.5
2026-06-18,127120,,1.99,9.8,-0.2,-9.6
2026-06-19,127120,,2.08,5.7,2.3,-7.9
2026-06-22,127120,,2.15,-4.4,1.6,-1.5
2026-06-23,127120,,2.12,13.8,1.3,-12.3
2026-06-24,127120,,2.26,-7.1,4.7,0.3
2026-06-25,127120,,2.23,-15.6,18.3,-2.7
2026-06-26,127120,,2.07,-6.3,7.7,-1.5
2026-06-29,127120,,1.98,8.9,0.0,-9.7
2026-06-30,127120,37450.0,2.06,11.3,0.4,-12.4
2026-07-01,127120,,2.19,0.5,,-0.3
2026-07-02,127120,,2.19,9.7,-4.7,-5.2
2026-07-03,127120,,2.27,2.1,-0.1,-1.2
2026-07-06,127120,,2.29,1.9,-0.1,-3.3
2026-07-07,127120,,2.3,-0.8,-0.0,0.0
2026-07-08,127120,,2.3,0.7,-5.7,5.4
2026-07-09,127120,,2.3,2.3,-0.7,-3.0
2026-07-10,127120,,2.32,15.6,-0.3,-15.3
2026-07-13,127120,36950.0,2.44,3.8,-4.1,6.8
2025-07-14,127710,,0.01,,,-0.1
2025-07-15,127710,,0.01,,,0.0
2025-07-16,127710,,0.01,0.0,,-0.0
2025-07-17,127710,,0.01,0.0,,0.0
2025-07-18,127710,,0.01,-0.0,,0.0
2025-07-21,127710,,0.01,-0.0,,-0.0
2025-07-22,127710,,0.01,,,0.0
2025-07-23,127710,,0.01,,,-0.0
2025-07-24,127710,,0.01,,,0.0
2025-07-25,127710,,0.01,-0.0,,0.0
2025-07-28,127710,,0.01,-0.0,,0.0
2025-07-29,127710,,0.01,0.0,,-0.0
2025-07-30,127710,,0.01,,,0.0
2025-07-31,127710,,0.01,0.0,,0.0
2025-08-01,127710,,0.01,,,0.0
2025-08-04,127710,,0.01,0.0,,-0.0
2025-08-05,127710,,0.01,-0.0,,0.0
2025-08-06,127710,,0.01,,,-0.0
2025-08-07,127710,,0.01,0.0,,0.0
2025-08-08,127710,,0.01,-0.0,,0.0
2025-08-11,127710,,0.01,-0.0,,-0.0
2025-08-12,127710,,0.01,,,0.0
2025-08-13,127710,,0.01,0.0,,-0.0
2025-08-14,127710,,0.01,0.0,,-0.1
2025-08-18,127710,,0.02,,,0.1
2025-08-19,127710,,0.02,-0.0,,0.0
2025-08-20,127710,,0.02,-0.0,,0.0
2025-08-21,127710,,0.01,-0.0,,0.0
2025-08-22,127710,,0.01,,,0.0
2025-08-25,127710,,0.01,,,0.0
2025-08-26,127710,,0.01,,,0.0
2025-08-27,127710,,0.01,,,0.0
2025-08-28,127710,,0.01,-0.0,,0.0
2025-08-29,127710,1120.0,0.01,,,0.0
2025-09-01,127710,,0.01,-0.0,,-0.0
2025-09-02,127710,,0.01,,,0.0
2025-09-03,127710,,0.01,,,0.0
2025-09-04,127710,,0.01,,,0.0
2025-09-05,127710,,0.01,,,0.0
2025-09-08,127710,,0.01,-0.0,,0.0
2025-09-09,127710,,0.01,,,-0.0
2025-09-10,127710,,0.01,,,-0.0
2025-09-11,127710,,0.01,,,-0.0
2025-09-12,127710,,0.01,,,0.0
2025-09-15,127710,,0.01,,,0.0
2025-09-16,127710,,0.01,,,-0.0
2025-09-17,127710,,0.01,,,0.0
2025-09-18,127710,,0.01,,,0.0
2025-09-19,127710,,0.01,,,0.0
2025-09-22,127710,,0.01,,,0.0
2025-09-23,127710,,0.01,,,0.0
2025-09-24,127710,,0.01,,,0.0
2025-09-25,127710,,0.01,,,0.0
2025-09-26,127710,,0.01,,,-0.0
2025-09-29,127710,,0.01,,,0.0
2025-09-30,127710,1052.0,0.01,,,-0.0
2025-10-01,127710,,0.01,,,0.0
2025-10-02,127710,,0.01,,,0.0
2025-10-10,127710,,0.01,,,0.0
2025-10-13,127710,,0.01,,,-0.0
2025-10-14,127710,,0.01,,,0.0
2025-10-15,127710,,0.01,,,-0.1
2025-10-16,127710,,0.01,,,0.1
2025-10-17,127710,,0.01,,,-0.0
2025-10-20,127710,,0.01,,,-0.0
2025-10-21,127710,,0.01,,,0.0
2025-10-22,127710,,0.01,,,0.0
2025-10-23,127710,,0.01,,,0.0
2025-10-24,127710,,0.01,,,0.0
2025-10-27,127710,,0.01,,,-0.0
2025-10-28,127710,,0.01,,,-0.0
2025-10-29,127710,,0.01,,,0.0
2025-10-30,127710,,0.01,,,-0.0
2025-10-31,127710,936.0,0.01,,,-0.0
2025-11-03,127710,,0.01,,,0.0
2025-11-04,127710,,0.01,,,-0.0
2025-11-05,127710,,0.01,,,0.0
2025-11-06,127710,,0.01,,,0.0
2025-11-07,127710,,0.01,,,0.1
2025-11-10,127710,,0.01,,,-0.0
2025-11-11,127710,,0.01,,,0.0
2025-11-12,127710,,0.01,,,0.2
2025-11-13,127710,,0.01,,,0.0
2025-11-14,127710,,0.01,,,-0.0
2025-11-17,127710,,0.01,0.0,,0.0
2025-11-18,127710,,0.01,-0.0,,0.0
2025-11-19,127710,,0.01,,,0.1
2025-11-20,127710,,0.01,0.0,,0.1
2025-11-21,127710,,0.02,,,0.0
2025-11-24,127710,,0.02,-0.0,,-0.0
2025-11-25,127710,,0.01,0.0,,-0.0
2025-11-26,127710,,0.02,-0.0,,0.0
2025-11-27,127710,,0.02,,,0.1
2025-11-28,127710,991.0,0.02,,,0.0
2025-12-01,127710,,0.02,,,-0.0
2025-12-02,127710,,0.02,,,-0.0
2025-12-03,127710,,0.02,-0.0,,0.0
2025-12-04,127710,,0.02,-0.0,,0.0
2025-12-05,127710,,0.01,-0.0,,0.0
2025-12-08,127710,,0.01,-0.0,,0.0
2025-12-09,127710,,0.01,-0.0,,0.0
2025-12-10,127710,,0.01,-0.0,,0.0
2025-12-11,127710,,0.01,-0.0,,0.0
2025-12-12,127710,,0.01,,,0.0
2025-12-15,127710,,0.01,-0.0,,0.0
2025-12-16,127710,,0.01,-0.0,,0.0
2025-12-17,127710,,0.01,,,0.0
2025-12-18,127710,,0.01,,,0.0
2025-12-19,127710,,0.01,,,0.0
2025-12-22,127710,,0.01,,,-1.2
2025-12-23,127710,,0.01,,,-0.2
2025-12-24,127710,,0.01,0.0,,-2.3
2025-12-26,127710,,0.01,0.0,0.2,-3.6
2025-12-29,127710,,0.02,-0.0,0.0,-0.8
2025-12-30,127710,1060.0,0.02,-0.0,,-0.4
2026-01-02,127710,,0.01,,-0.0,-0.1
2026-01-05,127710,,0.01,-0.0,,-0.1
2026-01-06,127710,,0.01,0.0,,-0.3
2026-01-07,127710,,0.01,,,-0.1
2026-01-08,127710,,0.01,0.0,,-0.0
2026-01-09,127710,,0.01,-0.0,,-0.0
2026-01-12,127710,,0.01,0.0,0.0,-0.0
2026-01-13,127710,,0.01,0.0,0.0,-0.1
2026-01-14,127710,,0.02,-0.0,0.0,0.0
2026-01-15,127710,,0.02,0.0,0.0,-0.0
2026-01-16,127710,,0.03,0.0,,-0.0
2026-01-19,127710,,0.03,-0.0,,0.0
2026-01-20,127710,,0.03,-0.0,0.0,0.0
2026-01-21,127710,,0.02,0.0,,-0.0
2026-01-22,127710,,0.03,0.0,,-0.1
2026-01-23,127710,,0.04,0.0,,0.0
2026-01-26,127710,,0.04,0.2,,-0.2
2026-01-27,127710,,0.1,-0.0,0.0,0.0
2026-01-28,127710,,0.09,0.0,0.0,-0.0
2026-01-29,127710,,0.09,0.0,,0.0
2026-01-30,127710,1094.0,0.1,-0.0,,0.0
2026-02-02,127710,,0.09,-0.0,,0.0
2026-02-03,127710,,0.08,0.0,,-0.0
2026-02-04,127710,,0.09,-0.0,0.0,0.0
2026-02-05,127710,,0.09,0.0,0.0,0.0
2026-02-06,127710,,0.09,-0.0,,-0.0
2026-02-09,127710,,0.09,0.0,0.0,-0.0
2026-02-10,127710,,0.09,0.0,0.0,-0.0
2026-02-11,127710,,0.09,-0.0,,0.0
2026-02-12,127710,,0.09,-0.0,,0.0
2026-02-13,127710,,0.09,-0.0,0.2,-0.7
2026-02-19,127710,,0.09,-0.1,,0.1
2026-02-20,127710,,0.06,0.0,,-0.1
2026-02-23,127710,,0.07,0.1,,-0.1
2026-02-24,127710,,0.08,-0.0,,0.0
2026-02-25,127710,,0.08,0.0,,0.0
2026-02-26,127710,,0.08,0.1,-0.3,0.2
2026-02-27,127710,1148.0,0.1,0.2,-0.2,0.1
2026-03-03,127710,,0.13,-0.5,-0.4,0.8
2026-03-04,127710,,0.05,0.4,-0.3,-0.2
2026-03-05,127710,,0.14,0.3,-1.1,0.8
2026-03-06,127710,,0.2,0.3,-0.9,0.6
2026-03-09,127710,,0.25,0.0,0.2,-0.2
2026-03-10,127710,,0.25,-0.0,0.2,-0.1
2026-03-11,127710,,0.25,-0.0,0.4,-0.4
2026-03-12,127710,,0.25,0.3,-0.0,-0.2
2026-03-13,127710,,0.3,-0.0,-0.1,0.2
2026-03-16,127710,,0.3,0.2,0.3,-0.4
2026-03-17,127710,,0.33,-0.3,0.0,0.3
2026-03-18,127710,,0.29,-0.6,0.4,0.2
2026-03-19,127710,,0.2,0.2,0.5,-0.7
2026-03-20,127710,,0.22,0.3,0.9,-1.2
2026-03-23,127710,,0.26,-0.5,1.0,-0.5
2026-03-24,127710,,0.18,0.3,0.2,-0.3
2026-03-25,127710,,0.23,-0.3,0.4,-0.2
2026-03-26,127710,,0.19,0.3,1.2,-1.5
2026-03-27,127710,,0.23,0.2,1.3,-1.5
2026-03-30,127710,,0.26,-0.6,1.2,-0.7
2026-03-31,127710,1645.0,0.19,-0.0,1.7,-1.7
2026-04-01,127710,,0.19,0.1,1.4,-1.5
2026-04-02,127710,,0.2,-0.1,1.6,-1.5
2026-04-03,127710,,0.19,0.7,1.3,-2.0
2026-04-06,127710,,0.28,-0.2,1.2,-1.0
2026-04-07,127710,,0.26,-0.0,1.5,-1.5
2026-04-08,127710,,0.26,-0.5,1.8,-1.3
2026-04-09,127710,,0.19,-0.0,1.0,-0.9
2026-04-10,127710,,0.18,0.0,1.0,-1.0
2026-04-13,127710,,0.19,-0.1,1.0,-0.9
2026-04-14,127710,,0.18,0.1,1.4,-1.5
2026-04-15,127710,,0.18,1.6,1.0,-2.6
2026-04-16,127710,,0.39,-0.8,1.3,-0.6
2026-04-17,127710,,0.29,-0.1,1.5,-1.4
2026-04-20,127710,,0.28,0.0,1.5,-1.5
2026-04-21,127710,,0.28,-0.0,1.8,-1.7
2026-04-22,127710,,0.28,-0.1,0.9,-0.9
2026-04-23,127710,,0.27,-0.1,1.3,-1.2
2026-04-24,127710,,0.26,0.1,1.1,-1.2
2026-04-27,127710,,0.27,0.0,1.3,-1.3
2026-04-28,127710,,0.28,-0.2,0.2,-0.1
2026-04-29,127710,,0.25,-0.2,0.4,-0.2
2026-04-30,127710,1398.0,0.23,0.3,-0.2,-0.1
2026-05-04,127710,,0.27,0.5,0.8,-1.3
2026-05-06,127710,,0.35,-0.5,1.7,-1.1
2026-05-07,127710,,0.27,-0.5,3.0,-2.5
2026-05-08,127710,,0.19,-0.0,0.0,0.0
2026-05-11,127710,,0.19,-0.1,-0.0,0.1
2026-05-12,127710,,0.16,0.3,0.0,-0.3
2026-05-13,127710,,0.22,0.0,0.0,-0.0
2026-05-14,127710,,0.22,0.1,-0.0,-0.1
2026-05-15,127710,,0.24,-0.1,0.0,0.1
2026-05-18,127710,,0.22,1.0,0.0,-1.0
2026-05-19,127710,,0.41,0.0,-0.0,-0.0
2026-05-20,127710,,0.42,-0.0,-0.0,0.0
2026-05-21,127710,,0.41,-0.2,,0.2
2026-05-22,127710,,0.37,-0.0,0.0,-0.0
2026-05-26,127710,,0.37,-0.0,-0.0,0.0
2026-05-27,127710,,0.37,0.0,0.1,-0.1
2026-05-28,127710,,0.37,0.0,-0.0,-0.0
2026-05-29,127710,1017.0,0.38,-0.1,0.0,0.1
2026-06-01,127710,,0.36,-0.0,0.0,0.0
2026-06-02,127710,,0.35,0.0,-0.0,-0.0
2026-06-04,127710,,0.35,0.0,-0.0,0.0
2026-06-05,127710,,0.36,-0.0,,0.0
2026-06-08,127710,,0.35,-0.0,0.0,0.0
2026-06-09,127710,,0.34,0.1,-0.0,-0.1
2026-06-10,127710,,0.36,0.0,0.0,-0.0
2026-06-11,127710,,0.36,-0.0,0.0,0.0
2026-06-12,127710,,0.36,-0.0,,0.0
2026-06-15,127710,,0.36,0.0,-0.0,-0.0
2026-06-16,127710,,0.36,-0.0,-0.0,0.0
2026-06-17,127710,,0.35,-0.0,-0.0,0.0
2026-06-18,127710,,0.35,0.0,0.0,-0.0
2026-06-19,127710,,0.36,-0.0,-0.0,0.0
2026-06-22,127710,,0.35,0.0,-0.0,-0.0
2026-06-23,127710,,0.36,-0.0,-0.0,0.0
2026-06-24,127710,,0.35,-0.0,0.0,0.0
2026-06-25,127710,,0.35,-0.0,0.0,-0.0
2026-06-26,127710,,0.35,0.0,-0.0,-0.0
2026-06-29,127710,,0.36,-0.0,0.0,0.0
2026-06-30,127710,830.0,0.35,0.0,0.0,-0.0
2026-07-01,127710,,0.35,0.0,-0.0,-0.0
2026-07-02,127710,,0.36,-0.0,-0.0,0.0
2026-07-03,127710,,0.36,-0.1,0.0,0.1
2026-07-06,127710,,0.33,-0.0,,0.0
2026-07-07,127710,,0.33,-0.0,,0.0
2026-07-08,127710,,0.33,-0.0,0.0,0.0
2026-07-09,127710,,0.32,-0.9,0.5,0.3
2026-07-10,127710,,0.15,0.2,-0.0,-0.2
2026-07-13,127710,1031.0,0.2,0.0,0.0,-0.0
2025-07-14,127980,,0.17,-0.0,,0.0
2025-07-15,127980,,0.17,-0.2,,0.1
2025-07-16,127980,,0.13,0.1,,-0.1
2025-07-17,127980,,0.14,0.1,,0.0
2025-07-18,127980,,0.16,-0.1,,0.1
2025-07-21,127980,,0.15,0.0,,-0.0
2025-07-22,127980,,0.15,0.0,,-0.1
2025-07-23,127980,,0.15,-0.0,,0.0
2025-07-24,127980,,0.15,-0.1,,0.0
2025-07-25,127980,,0.14,-0.0,,0.0
2025-07-28,127980,,0.14,-0.0,,0.0
2025-07-29,127980,,0.14,0.0,,0.0
2025-07-30,127980,,0.14,-0.0,,0.0
2025-07-31,127980,,0.13,-0.0,,0.0
2025-08-01,127980,,0.13,0.0,,-0.0
2025-08-04,127980,,0.13,-0.0,,0.0
2025-08-05,127980,,0.13,0.0,,0.0
2025-08-06,127980,,0.13,0.0,,-0.0
2025-08-07,127980,,0.13,-0.0,,0.0
2025-08-08,127980,,0.13,-0.0,,0.0
2025-08-11,127980,,0.13,0.0,,-0.0
2025-08-12,127980,,0.13,0.1,,-0.1
2025-08-13,127980,,0.14,-0.0,,0.0
2025-08-14,127980,,0.14,-0.0,,0.0
2025-08-18,127980,,0.14,-0.0,,0.0
2025-08-19,127980,,0.14,-0.0,,0.0
2025-08-20,127980,,0.14,-0.0,,0.0
2025-08-21,127980,,0.14,0.0,,-0.0
2025-08-22,127980,,0.14,0.0,,0.0
2025-08-25,127980,,0.14,-0.0,,0.0
2025-08-26,127980,,0.14,-0.0,,0.0
2025-08-27,127980,,0.14,-0.0,,0.0
2025-08-28,127980,,0.13,-0.0,,0.0
2025-08-29,127980,5790.0,0.13,-0.0,,0.0
2025-09-01,127980,,0.13,-0.0,,0.0
2025-09-02,127980,,0.13,-0.0,,0.0
2025-09-03,127980,,0.13,0.1,,-0.1
2025-09-04,127980,,0.14,-0.1,,0.2
2025-09-05,127980,,0.12,0.1,,0.3
2025-09-08,127980,,0.14,-0.0,,0.0
2025-09-09,127980,,0.14,0.0,,0.0
2025-09-10,127980,,0.14,0.2,,-0.2
2025-09-11,127980,,0.17,0.2,,-0.3
2025-09-12,127980,,0.2,-0.1,,0.1
2025-09-15,127980,,0.18,0.1,,0.1
2025-09-16,127980,,0.2,0.1,,-0.1
2025-09-17,127980,,0.22,-0.2,,0.2
2025-09-18,127980,,0.19,-0.1,,0.1
2025-09-19,127980,,0.18,-0.1,,0.1
2025-09-22,127980,,0.17,0.0,,-0.0
2025-09-23,127980,,0.17,0.1,,-0.1
2025-09-24,127980,,0.18,0.4,,-0.4
2025-09-25,127980,,0.22,-0.4,,0.4
2025-09-26,127980,,0.18,0.0,,-0.0
2025-09-29,127980,,0.18,0.1,,-0.1
2025-09-30,127980,6460.0,0.19,-0.1,,0.1
2025-10-01,127980,,0.18,-0.1,,0.1
2025-10-02,127980,,0.17,0.2,,-0.2
2025-10-10,127980,,0.2,0.0,,0.0
2025-10-13,127980,,0.2,-0.0,,0.0
2025-10-14,127980,,0.2,-0.2,,0.3
2025-10-15,127980,,0.17,0.5,,-0.5
2025-10-16,127980,,0.24,-0.4,,0.4
2025-10-17,127980,,0.19,-0.4,,0.4
2025-10-20,127980,,0.15,0.2,,-0.2
2025-10-21,127980,,0.17,0.3,,-0.3
2025-10-22,127980,,0.21,-0.1,,0.1
2025-10-23,127980,,0.19,0.1,,-0.1
2025-10-24,127980,,0.21,0.0,,-0.0
2025-10-27,127980,,0.21,-0.1,,-0.0
2025-10-28,127980,,0.2,-0.1,,0.1
2025-10-29,127980,,0.19,-0.2,,0.2
2025-10-30,127980,,0.16,-0.1,,0.2
2025-10-31,127980,6400.0,0.14,0.0,,0.0
2025-11-03,127980,,0.15,-0.0,,0.0
2025-11-04,127980,,0.14,-0.0,,0.0
2025-11-05,127980,,0.14,0.3,,-0.3
2025-11-06,127980,,0.18,-0.1,,0.1
2025-11-07,127980,,0.16,-0.1,,0.1
2025-11-10,127980,,0.15,0.6,-0.6,-0.0
2025-11-11,127980,,0.23,-0.1,,0.1
2025-11-12,127980,,0.21,-0.1,,0.1
2025-11-13,127980,,0.2,0.1,,-0.1
2025-11-14,127980,,0.21,-0.0,,0.0
2025-11-17,127980,,0.21,0.0,-0.1,0.0
2025-11-18,127980,,0.22,-0.1,,0.1
2025-11-19,127980,,0.2,0.2,,-0.2
2025-11-20,127980,,0.24,0.0,,-0.0
2025-11-21,127980,,0.24,0.0,,-0.0
2025-11-24,127980,,0.24,-0.1,,0.1
2025-11-25,127980,,0.24,0.1,,-0.1
2025-11-26,127980,,0.24,0.2,,-0.2
2025-11-27,127980,,0.27,-0.2,,0.2
2025-11-28,127980,5990.0,0.25,0.1,,-0.1
2025-12-01,127980,,0.26,-0.1,,0.1
2025-12-02,127980,,0.26,0.2,,-0.1
2025-12-03,127980,,0.28,-0.0,,0.0
2025-12-04,127980,,0.28,0.0,,-0.0
2025-12-05,127980,,0.28,0.1,,-0.1
2025-12-08,127980,,0.3,-0.1,,0.1
2025-12-09,127980,,0.28,-0.1,,0.1
2025-12-10,127980,,0.27,0.1,,-0.1
2025-12-11,127980,,0.29,0.0,,-0.0
2025-12-12,127980,,0.29,0.0,,-0.1
2025-12-15,127980,,0.3,-0.0,,-0.0
2025-12-16,127980,,0.3,-0.0,,0.0
2025-12-17,127980,,0.42,0.1,,-0.1
2025-12-18,127980,,0.43,-0.0,,0.0
2025-12-19,127980,,0.43,0.0,,-0.0
2025-12-22,127980,,0.43,0.0,,-0.0
2025-12-23,127980,,0.44,-0.0,,0.0
2025-12-24,127980,,0.44,0.0,,-0.0
2025-12-26,127980,,0.44,0.1,,-0.1
2025-12-29,127980,,0.33,-0.1,,0.1
2025-12-30,127980,6000.0,0.32,0.0,,-0.0
2026-01-02,127980,,0.32,0.0,,-0.0
2026-01-05,127980,,0.32,0.1,,-0.1
2026-01-06,127980,,0.33,-0.1,,0.1
2026-01-07,127980,,0.32,-0.0,,0.0
2026-01-08,127980,,0.32,0.0,,-0.0
2026-01-09,127980,,0.32,-0.0,,0.0
2026-01-12,127980,,0.32,0.0,,-0.0
2026-01-13,127980,,0.32,0.0,,-0.0
2026-01-14,127980,,0.33,-0.0,,0.0
2026-01-15,127980,,0.33,0.0,,0.0
2026-01-16,127980,,0.33,-0.0,,0.0
2026-01-19,127980,,0.33,0.1,,-0.1
2026-01-20,127980,,0.35,-0.1,,0.1
2026-01-21,127980,,0.33,-0.0,,0.0
2026-01-22,127980,,0.33,0.1,,-0.1
2026-01-23,127980,,0.35,0.0,,-0.0
2026-01-26,127980,,0.35,0.1,,-0.1
2026-01-27,127980,,0.36,-0.0,,0.0
2026-01-28,127980,,0.36,0.0,,-0.0
2026-01-29,127980,,0.36,0.0,,-0.1
2026-01-30,127980,5510.0,0.36,-0.0,,0.0
2026-02-02,127980,,0.36,0.0,,-0.0
2026-02-03,127980,,0.36,-0.1,,0.1
2026-02-04,127980,,0.35,0.0,,-0.1
2026-02-05,127980,,0.36,-0.0,,0.0
2026-02-06,127980,,0.36,-0.0,,0.0
2026-02-09,127980,,0.35,0.0,,0.0
2026-02-10,127980,,0.35,0.0,,-0.0
2026-02-11,127980,,0.36,-0.0,,0.0
2026-02-12,127980,,0.35,-0.0,,0.0
2026-02-13,127980,,0.35,-0.0,,0.0
2026-02-19,127980,,0.35,0.2,,-0.2
2026-02-20,127980,,0.39,-0.0,,0.0
2026-02-23,127980,,0.39,0.0,,-0.0
2026-02-24,127980,,0.39,0.0,,-0.0
2026-02-25,127980,,0.39,-0.0,,0.0
2026-02-26,127980,,0.38,-0.0,,0.0
2026-02-27,127980,5300.0,0.38,0.0,,-0.0
2026-03-03,127980,,0.38,0.0,,-0.1
2026-03-04,127980,,0.39,-0.2,,0.2
2026-03-05,127980,,0.35,0.0,,-0.0
2026-03-06,127980,,0.36,-0.0,,0.0
2026-03-09,127980,,0.36,-0.0,,0.0
2026-03-10,127980,,0.35,-0.0,,0.0
2026-03-11,127980,,0.35,0.0,,-0.0
2026-03-12,127980,,0.35,0.0,,0.0
2026-03-13,127980,,0.35,0.0,,-0.0
2026-03-16,127980,,0.35,-0.0,,0.0
2026-03-17,127980,,0.35,0.0,,-0.0
2026-03-18,127980,,0.36,0.0,,0.1
2026-03-19,127980,,0.36,-0.0,,0.0
2026-03-20,127980,,0.36,0.0,,-0.0
2026-03-23,127980,,0.36,-0.0,,0.0
2026-03-24,127980,,0.36,-0.0,,0.0
2026-03-25,127980,,0.36,-0.0,,0.0
2026-03-26,127980,,0.36,-0.0,,0.0
2026-03-27,127980,,0.35,-0.0,,0.0
2026-03-30,127980,,0.35,0.0,,-0.0
2026-03-31,127980,5090.0,0.35,0.0,,-0.0
2026-04-01,127980,,0.35,-0.0,,0.0
2026-04-02,127980,,0.35,0.0,,-0.0
2026-04-03,127980,,0.35,-0.0,,0.0
2026-04-06,127980,,0.35,-0.0,,0.0
2026-04-07,127980,,0.35,0.0,,-0.0
2026-04-08,127980,,0.35,-0.0,,0.0
2026-04-09,127980,,0.35,-0.0,,0.0
2026-04-10,127980,,0.35,0.0,,-0.0
2026-04-13,127980,,0.36,-0.0,,0.0
2026-04-14,127980,,0.35,0.0,,-0.0
2026-04-15,127980,,0.35,-0.0,,0.0
2026-04-16,127980,,0.35,0.0,,-0.0
2026-04-17,127980,,0.35,-0.0,,0.0
2026-04-20,127980,,0.35,-0.0,,0.0
2026-04-21,127980,,0.34,-0.5,,0.4
2026-04-22,127980,,0.29,1.4,,-1.5
2026-04-23,127980,,0.59,-1.4,,1.5
2026-04-24,127980,,0.4,-0.6,,0.7
2026-04-27,127980,,0.37,-0.8,,0.8
2026-04-28,127980,,0.26,1.3,,-1.4
2026-04-29,127980,,0.45,0.1,0.0,-0.1
2026-04-30,127980,7010.0,0.46,4.5,0.0,-4.6
2026-05-04,127980,,1.04,0.2,0.0,-0.7
2026-05-06,127980,,1.07,1.9,0.0,-1.8
2026-05-07,127980,,1.3,-0.3,-0.0,0.5
2026-05-08,127980,,1.26,-0.1,0.0,0.1
2026-05-11,127980,,1.21,0.0,-0.0,-0.5
2026-05-12,127980,,1.21,-0.5,0.0,0.3
2026-05-13,127980,,1.15,0.2,-0.0,-0.2
2026-05-14,127980,,1.18,0.4,-0.0,-0.5
2026-05-15,127980,,1.24,-0.4,0.0,0.5
2026-05-18,127980,,1.18,0.3,-0.0,-0.3
2026-05-19,127980,,1.22,1.0,0.0,-1.0
2026-05-20,127980,,1.37,0.1,-0.0,-0.0
2026-05-21,127980,,1.38,-0.5,-0.0,0.5
2026-05-22,127980,,1.31,-0.5,-0.0,0.5
2026-05-26,127980,,1.24,-0.2,0.0,0.2
2026-05-27,127980,,1.21,0.2,-0.0,-0.3
2026-05-28,127980,,1.24,-0.2,0.0,0.3
2026-05-29,127980,4700.0,1.21,-0.5,-0.0,0.5
2026-06-01,127980,,1.13,0.5,-0.0,-0.5
2026-06-02,127980,,1.22,0.2,-0.0,-0.2
2026-06-04,127980,,1.26,0.4,0.0,-0.4
2026-06-05,127980,,1.34,0.0,-0.0,-0.0
2026-06-08,127980,,1.35,-0.1,0.0,0.1
2026-06-09,127980,,1.33,0.9,-0.0,-0.9
2026-06-10,127980,,1.53,0.0,-0.0,0.0
2026-06-11,127980,,1.53,0.1,-0.0,-0.1
2026-06-12,127980,,1.56,-0.0,0.0,0.0
2026-06-15,127980,,1.55,-0.4,-0.0,0.3
2026-06-16,127980,,1.47,-0.1,-0.0,0.1
2026-06-17,127980,,1.44,0.0,0.0,-0.0
2026-06-18,127980,,1.45,-0.1,0.0,0.1
2026-06-19,127980,,1.42,0.1,-0.0,-0.1
2026-06-22,127980,,1.45,-0.1,-0.0,0.1
2026-06-23,127980,,1.41,-0.1,0.0,0.1
2026-06-24,127980,,1.29,0.1,-0.0,-0.1
2026-06-25,127980,,1.28,0.1,-0.0,-0.1
2026-06-26,127980,,1.31,-0.1,0.0,0.1
2026-06-29,127980,,1.27,0.2,0.0,-0.3
2026-06-30,127980,3270.0,1.34,-0.1,0.0,0.1
2026-07-01,127980,,1.33,0.0,,-0.0
2026-07-02,127980,,1.33,-0.0,0.0,0.0
2026-07-03,127980,,1.32,-0.1,-0.0,0.1
2026-07-06,127980,,1.31,-0.0,-0.0,0.0
2026-07-07,127980,,1.31,-0.0,0.0,-0.0
2026-07-08,127980,,1.31,-0.1,-0.0,0.1
2026-07-09,127980,,1.29,0.0,-0.0,-0.0
2026-07-10,127980,,1.29,0.0,-0.0,-0.0
2026-07-13,127980,3040.0,1.29,-0.0,0.0,0.0
2025-07-14,128540,,2.27,-0.0,0.0,0.1
2025-07-15,128540,,2.27,0.0,-0.0,-0.0
2025-07-16,128540,,2.27,-0.0,-0.0,0.1
2025-07-17,128540,,2.26,0.0,0.0,0.0
2025-07-18,128540,,2.25,0.6,0.0,-0.6
2025-07-21,128540,,2.38,0.4,0.0,-0.4
2025-07-22,128540,,2.47,0.0,0.0,-0.0
2025-07-23,128540,,2.47,-0.1,0.0,0.0
2025-07-24,128540,,2.46,-0.4,-0.0,0.4
2025-07-25,128540,,2.37,-0.2,-0.0,0.3
2025-07-28,128540,,2.32,0.1,-0.0,-0.2
2025-07-29,128540,,2.35,0.0,0.0,-0.1
2025-07-30,128540,,2.34,-3.7,-0.0,3.5
2025-07-31,128540,,1.67,0.7,0.0,-1.0
2025-08-01,128540,,1.82,1.2,0.0,-1.2
2025-08-04,128540,,2.08,0.9,0.0,-0.7
2025-08-05,128540,,2.31,-1.7,-0.0,1.8
2025-08-06,128540,,1.99,-0.3,0.0,0.4
2025-08-07,128540,,1.92,-2.0,0.0,1.8
2025-08-08,128540,,1.54,0.8,0.0,-0.9
2025-08-11,128540,,1.71,1.4,-0.0,-1.5
2025-08-12,128540,,1.98,-1.0,0.0,0.9
2025-08-13,128540,,1.79,0.0,0.0,-0.0
2025-08-14,128540,,1.79,0.1,-0.0,-0.1
2025-08-18,128540,,1.81,0.2,0.0,-0.2
2025-08-19,128540,,1.84,0.4,0.0,-0.4
2025-08-20,128540,,1.91,0.9,-0.0,-0.8
2025-08-21,128540,,2.08,1.1,-0.0,-1.1
2025-08-22,128540,,2.29,0.5,0.0,-0.5
2025-08-25,128540,,2.4,-0.1,0.0,0.2
2025-08-26,128540,,2.37,-0.4,0.0,0.4
2025-08-27,128540,,2.3,-0.3,-0.0,0.3
2025-08-28,128540,,2.23,0.1,0.0,-0.1
2025-08-29,128540,1819.0,2.26,-0.1,0.0,0.2
2025-09-01,128540,,2.24,-0.4,0.0,0.3
2025-09-02,128540,,2.15,0.0,0.0,-0.2
2025-09-03,128540,,2.16,-0.2,-0.0,0.1
2025-09-04,128540,,2.12,0.8,0.0,-0.9
2025-09-05,128540,,2.28,-0.0,-0.0,0.0
2025-09-08,128540,,2.27,1.1,-0.0,-0.9
2025-09-09,128540,,2.49,-0.0,0.0,-0.2
2025-09-10,128540,,2.48,0.1,0.0,-0.2
2025-09-11,128540,,2.51,0.2,-0.0,-0.2
2025-09-12,128540,,2.55,0.4,-0.0,-0.4
2025-09-15,128540,,2.63,-0.4,-0.0,0.1
2025-09-16,128540,,2.54,-0.6,0.0,0.7
2025-09-17,128540,,2.45,0.1,0.0,-0.1
2025-09-18,128540,,2.48,0.9,-0.1,-1.2
2025-09-19,128540,,2.65,-0.2,0.0,0.2
2025-09-22,128540,,2.6,-0.4,-0.1,0.6
2025-09-23,128540,,2.52,-0.1,-0.2,0.3
2025-09-24,128540,,2.51,0.2,-0.2,0.0
2025-09-25,128540,,2.54,-0.3,-0.2,0.3
2025-09-26,128540,,2.49,-0.6,-0.1,0.5
2025-09-29,128540,,2.37,-0.2,0.0,0.2
2025-09-30,128540,1751.0,2.33,-0.3,-0.1,0.5
2025-10-01,128540,,2.26,-0.1,-0.0,-0.0
2025-10-02,128540,,2.25,-0.2,-0.0,0.2
2025-10-10,128540,,2.21,0.0,-0.2,0.0
2025-10-13,128540,,2.21,-0.6,-0.0,0.6
2025-10-14,128540,,2.08,0.3,0.0,-0.3
2025-10-15,128540,,2.14,0.0,0.0,-0.3
2025-10-16,128540,,2.15,-0.9,0.0,0.7
2025-10-17,128540,,1.95,-0.2,-0.0,0.2
2025-10-20,128540,,1.91,0.1,-0.0,-0.1
2025-10-21,128540,,1.94,0.3,0.0,-0.4
2025-10-22,128540,,2.02,1.1,0.0,-1.1
2025-10-23,128540,,2.24,-0.5,0.0,0.5
2025-10-24,128540,,2.13,0.6,-0.0,-0.5
2025-10-27,128540,,2.26,-0.1,0.0,0.1
2025-10-28,128540,,2.24,-0.1,0.0,0.1
2025-10-29,128540,,2.21,-0.1,0.0,0.1
2025-10-30,128540,,2.2,-0.9,0.0,0.9
2025-10-31,128540,1735.0,2.01,0.2,-0.0,-0.2
2025-11-03,128540,,2.05,-0.9,-0.0,0.8
2025-11-04,128540,,1.86,-0.2,0.0,0.2
2025-11-05,128540,,1.81,-0.0,-0.0,-0.1
2025-11-06,128540,,1.8,-0.3,0.0,0.2
2025-11-07,128540,,1.74,-0.3,0.0,0.3
2025-11-10,128540,,1.67,0.3,-0.2,-0.1
2025-11-11,128540,,1.73,0.0,0.0,-0.0
2025-11-12,128540,,1.74,0.0,-0.0,-0.0
2025-11-13,128540,,1.78,0.1,0.1,-0.2
2025-11-14,128540,,1.78,-0.0,-0.1,0.1
2025-11-17,128540,,1.78,-1.7,0.0,1.5
2025-11-18,128540,,1.44,-0.1,0.0,0.1
2025-11-19,128540,,1.42,0.1,-0.0,-0.0
2025-11-20,128540,,1.46,0.5,0.0,-0.5
2025-11-21,128540,,1.57,0.2,0.0,-0.2
2025-11-24,128540,,1.6,-0.0,-0.0,0.0
2025-11-25,128540,,1.6,-0.2,-0.0,0.2
2025-11-26,128540,,1.57,0.0,-0.0,-0.0
2025-11-27,128540,,1.61,-0.0,0.0,0.0
2025-11-28,128540,1661.0,1.6,0.3,0.0,-0.3
2025-12-01,128540,,1.66,-0.0,-0.0,0.0
2025-12-02,128540,,1.66,-0.2,0.0,0.3
2025-12-03,128540,,1.6,-0.2,0.0,0.1
2025-12-04,128540,,1.57,-0.1,-0.0,0.2
2025-12-05,128540,,1.55,0.5,0.0,-0.5
2025-12-08,128540,,1.64,0.8,0.0,-0.8
2025-12-09,128540,,1.82,0.2,0.0,-0.2
2025-12-10,128540,,1.85,-0.2,0.0,0.2
2025-12-11,128540,,1.82,-0.1,0.0,0.1
2025-12-12,128540,,1.8,0.1,-0.0,-0.1
2025-12-15,128540,,1.83,0.2,0.0,-0.2
2025-12-16,128540,,1.88,0.1,0.0,-0.2
2025-12-17,128540,,1.9,0.1,0.0,-0.1
2025-12-18,128540,,1.93,-0.1,-0.0,0.1
2025-12-19,128540,,1.92,0.1,0.0,-0.1
2025-12-22,128540,,1.94,0.3,-0.0,-0.3
2025-12-23,128540,,2.01,-0.1,0.0,0.1
2025-12-24,128540,,1.99,0.4,-0.0,-0.4
2025-12-26,128540,,2.07,0.1,-0.0,-0.1
2025-12-29,128540,,2.1,0.2,,-0.3
2025-12-30,128540,1770.0,2.14,0.2,,-0.2
2026-01-02,128540,,2.17,0.9,,-0.9
2026-01-05,128540,,2.37,-0.0,,0.1
2026-01-06,128540,,2.36,0.3,,-0.3
2026-01-07,128540,,2.42,0.3,,-0.3
2026-01-08,128540,,2.47,0.0,,-0.0
2026-01-09,128540,,2.47,1.3,,-1.2
2026-01-12,128540,,2.73,0.0,,-0.0
2026-01-13,128540,,2.73,-4.4,,2.0
2026-01-14,128540,,2.01,-1.7,0.0,4.1
2026-01-15,128540,,1.86,-0.5,,4.2
2026-01-16,128540,,1.83,-1.6,,1.8
2026-01-19,128540,,1.62,0.2,,1.3
2026-01-20,128540,,1.64,-2.3,,3.4
2026-01-21,128540,,1.42,3.2,-0.0,-3.0
2026-01-22,128540,,1.87,4.0,,-4.0
2026-01-23,128540,,2.46,1.8,,-1.8
2026-01-26,128540,,2.85,-1.0,,1.0
2026-01-27,128540,,2.7,1.0,,-1.0
2026-01-28,128540,,2.84,-1.1,,1.1
2026-01-29,128540,,2.68,-0.3,,0.3
2026-01-30,128540,2400.0,2.63,0.0,,-0.1
2026-02-02,128540,,2.64,1.0,,-0.9
2026-02-03,128540,,2.8,-0.3,,0.4
2026-02-04,128540,,2.75,-1.2,0.3,0.9
2026-02-05,128540,,2.57,-0.4,,0.4
2026-02-06,128540,,2.51,3.3,,-3.3
2026-02-09,128540,,3.04,0.6,,-0.9
2026-02-10,128540,,3.13,-0.3,0.0,0.2
2026-02-11,128540,,3.08,0.7,,-0.7
2026-02-12,128540,,3.19,-0.1,,0.1
2026-02-13,128540,,3.18,-0.3,,0.3
2026-02-19,128540,,3.13,1.1,,-1.1
2026-02-20,128540,,3.31,-0.0,,0.0
2026-02-23,128540,,3.29,0.8,,-0.5
2026-02-24,128540,,3.42,-0.8,,1.1
2026-02-25,128540,,3.3,-0.3,,0.2
2026-02-26,128540,,3.25,0.2,,-0.2
2026-02-27,128540,2135.0,3.31,-0.2,,0.3
2026-03-03,128540,,3.29,0.7,0.3,-1.1
2026-03-04,128540,,3.44,0.3,,-0.3
2026-03-05,128540,,3.52,1.0,,-1.1
2026-03-06,128540,,3.71,0.2,,-0.2
2026-03-09,128540,,3.74,0.2,-0.6,0.3
2026-03-10,128540,,3.79,0.1,,0.1
2026-03-11,128540,,3.81,-0.2,,0.1
2026-03-12,128540,,3.77,-0.5,,0.5
2026-03-13,128540,,3.67,1.1,,-1.2
2026-03-16,128540,,3.89,0.1,,-0.1
2026-03-17,128540,,3.91,-0.1,,0.1
2026-03-18,128540,,3.91,0.3,,-0.3
2026-03-19,128540,,3.97,-1.0,,1.0
2026-03-20,128540,,3.77,0.9,,-0.9
2026-03-23,128540,,3.97,0.2,,-0.2
2026-03-24,128540,,4.01,0.9,,-0.9
2026-03-25,128540,,4.18,-0.5,,0.5
2026-03-26,128540,,4.03,-0.4,,0.4
2026-03-27,128540,,3.95,-0.1,,0.1
2026-03-30,128540,,3.94,0.3,-0.0,-0.3
2026-03-31,128540,1785.0,4.01,-0.5,,0.5
2026-04-01,128540,,3.95,0.4,0.5,-0.8
2026-04-02,128540,,4.04,-1.2,,1.2
2026-04-03,128540,,3.78,0.2,,-0.2
2026-04-06,128540,,3.83,-0.2,-0.5,0.7
2026-04-07,128540,,3.78,0.0,,-0.0
2026-04-08,128540,,3.78,0.4,,-0.4
2026-04-09,128540,,3.86,-0.2,0.0,0.2
2026-04-10,128540,,3.83,0.4,,-0.4
2026-04-13,128540,,3.92,-0.1,0.0,0.0
2026-04-14,128540,,3.9,0.5,,-0.5
2026-04-15,128540,,4.0,-0.3,,0.3
2026-04-16,128540,,3.93,0.3,,-0.3
2026-04-17,128540,,3.99,-0.4,,0.2
2026-04-20,128540,,3.91,-1.1,,1.1
2026-04-21,128540,,3.7,-0.1,-0.0,0.2
2026-04-22,128540,,3.68,0.1,,-0.0
2026-04-23,128540,,3.69,-0.1,,0.1
2026-04-24,128540,,3.68,0.2,,-0.1
2026-04-27,128540,,3.71,-0.1,,0.0
2026-04-28,128540,,3.69,0.1,,-0.1
2026-04-29,128540,,3.72,0.4,-0.0,-0.5
2026-04-30,128540,1895.0,3.79,-0.5,-0.0,0.5
2026-05-04,128540,,3.7,-0.7,-0.0,0.8
2026-05-06,128540,,3.57,-1.5,0.0,1.4
2026-05-07,128540,,3.28,-0.5,0.0,0.2
2026-05-08,128540,,3.19,0.4,0.0,-0.3
2026-05-11,128540,,3.26,-0.2,-0.0,0.3
2026-05-12,128540,,3.21,-0.2,-0.0,0.2
2026-05-13,128540,,3.17,0.3,-0.0,-0.4
2026-05-14,128540,,3.24,-0.2,0.0,0.2
2026-05-15,128540,,3.2,0.2,-0.0,-0.2
2026-05-18,128540,,3.23,1.1,-0.0,-1.1
2026-05-19,128540,,3.44,0.1,-0.0,-0.1
2026-05-20,128540,,3.37,-0.3,-0.0,0.3
2026-05-21,128540,,3.24,0.1,-0.0,-0.1
2026-05-22,128540,,3.26,0.2,-0.0,-0.2
2026-05-26,128540,,3.3,-0.5,0.0,0.5
2026-05-27,128540,,3.17,-0.8,-0.0,0.8
2026-05-28,128540,,2.99,0.2,0.0,-0.2
2026-05-29,128540,1462.0,3.03,-0.2,-0.0,0.2
2026-06-01,128540,,2.99,0.0,0.2,-0.2
2026-06-02,128540,,3.0,0.1,0.0,-0.1
2026-06-04,128540,,2.99,0.1,-0.0,-0.1
2026-06-05,128540,,3.01,-0.3,0.0,0.3
2026-06-08,128540,,2.93,-0.3,-0.0,0.3
2026-06-09,128540,,2.86,-0.4,-0.0,0.4
2026-06-10,128540,,2.79,0.3,0.0,-0.4
2026-06-11,128540,,2.89,-0.0,-0.0,-0.1
2026-06-12,128540,,2.89,-0.1,-0.0,0.1
2026-06-15,128540,,2.86,-1.8,0.0,1.7
2026-06-16,128540,,2.48,0.1,-0.0,-0.2
2026-06-17,128540,,2.51,0.0,-0.0,-0.1
2026-06-18,128540,,2.52,0.1,-0.0,0.2
2026-06-19,128540,,2.54,0.0,0.0,0.0
2026-06-22,128540,,2.13,0.0,-0.0,0.0
2026-06-23,128540,,2.13,-0.1,0.0,0.1
2026-06-24,128540,,2.1,0.0,0.0,-0.0
2026-06-25,128540,,2.1,-0.3,-0.0,0.3
2026-06-26,128540,,2.01,0.0,-0.0,-0.0
2026-06-29,128540,,2.02,-0.2,-0.0,0.1
2026-06-30,128540,1398.0,1.99,0.1,-0.0,-0.0
2026-07-01,128540,,2.01,0.1,-0.2,0.2
2026-07-02,128540,,2.02,0.6,0.0,-0.7
2026-07-03,128540,,2.19,0.1,0.0,-0.1
2026-07-06,128540,,2.21,0.1,0.0,-0.1
2026-07-07,128540,,2.24,0.0,-0.0,-0.0
2026-07-08,128540,,2.24,0.2,-0.0,-0.2
2026-07-09,128540,,2.3,-0.1,0.0,0.1
2026-07-10,128540,,2.28,0.1,0.0,-0.1
2026-07-13,128540,1279.0,2.31,-0.0,0.0,0.1
2025-07-14,128660,,1.45,-0.1,,0.1
2025-07-15,128660,,1.43,0.2,,-0.2
2025-07-16,128660,,1.46,-0.0,,0.0
2025-07-17,128660,,1.46,0.5,,-0.5
2025-07-18,128660,,1.52,-0.5,,0.4
2025-07-21,128660,,1.46,-0.3,,0.3
2025-07-22,128660,,1.42,-0.7,,0.7
2025-07-23,128660,,1.33,-0.1,,0.1
2025-07-24,128660,,1.31,-0.1,,0.1
2025-07-25,128660,,1.3,0.1,,-0.1
2025-07-28,128660,,1.31,0.2,,-0.2
2025-07-29,128660,,1.34,-0.2,,0.2
2025-07-30,128660,,1.32,0.2,,-0.2
2025-07-31,128660,,1.34,-0.1,,0.1
2025-08-01,128660,,1.34,-0.7,,0.7
2025-08-04,128660,,1.24,0.5,,-0.5
2025-08-05,128660,,1.3,0.1,,-0.1
2025-08-06,128660,,1.32,-0.1,,0.1
2025-08-07,128660,,1.3,-0.4,,0.4
2025-08-08,128660,,1.25,-0.0,,0.0
2025-08-11,128660,,1.24,0.0,0.1,-0.1
2025-08-12,128660,,1.25,0.1,0.0,-0.2
2025-08-13,128660,,1.27,0.0,0.0,-0.0
2025-08-14,128660,,1.27,0.0,0.0,-0.0
2025-08-18,128660,,1.27,-0.6,0.2,0.4
2025-08-19,128660,,1.22,-0.3,0.1,0.2
2025-08-20,128660,,1.14,-0.2,0.0,0.2
2025-08-21,128660,,1.12,-0.1,0.0,0.1
2025-08-22,128660,,1.1,-0.3,0.0,0.3
2025-08-25,128660,,1.07,-0.1,0.0,0.1
2025-08-26,128660,,1.08,-0.2,0.0,0.2
2025-08-27,128660,,1.06,-0.1,,0.1
2025-08-28,128660,,1.05,-0.2,,0.1
2025-08-29,128660,2925.0,1.03,-0.4,,0.4
2025-09-01,128660,,0.99,-0.2,,0.2
2025-09-02,128660,,0.92,-0.0,,0.1
2025-09-03,128660,,0.93,-0.0,,0.0
2025-09-04,128660,,0.92,-0.1,,0.1
2025-09-05,128660,,0.9,-0.2,,0.3
2025-09-08,128660,,0.88,-0.2,,0.2
2025-09-09,128660,,0.86,-0.0,,0.1
2025-09-10,128660,,1.17,-0.1,,0.1
2025-09-11,128660,,1.15,-0.1,,0.1
2025-09-12,128660,,1.14,-0.2,,0.2
2025-09-15,128660,,1.12,-0.1,,0.1
2025-09-16,128660,,1.11,-0.2,,0.3
2025-09-17,128660,,1.08,-0.3,,0.2
2025-09-18,128660,,1.04,-0.3,,0.2
2025-09-19,128660,,1.0,-0.3,,0.3
2025-09-22,128660,,0.96,-0.4,,0.4
2025-09-23,128660,,0.9,-0.6,,0.8
2025-09-24,128660,,0.82,-0.3,,0.3
2025-09-25,128660,,0.78,-0.3,,0.3
2025-09-26,128660,,0.75,-0.1,0.0,0.2
2025-09-29,128660,,0.73,-0.1,-0.0,0.1
2025-09-30,128660,2820.0,0.71,-0.2,0.0,0.2
2025-10-01,128660,,0.68,-0.0,0.0,0.0
2025-10-02,128660,,0.68,0.6,-0.9,0.3
2025-10-10,128660,,0.77,-0.5,0.0,0.5
2025-10-13,128660,,0.7,0.0,-0.0,-0.0
2025-10-14,128660,,0.7,0.1,-0.1,-0.1
2025-10-15,128660,,0.71,0.3,-0.0,-0.3
2025-10-16,128660,,0.75,0.1,-0.5,0.4
2025-10-17,128660,,0.79,0.1,,-0.1
2025-10-20,128660,,0.81,-0.1,,0.1
2025-10-21,128660,,0.9,-0.1,,0.0
2025-10-22,128660,,0.88,-0.4,,0.4
2025-10-23,128660,,0.87,-0.0,,0.0
2025-10-24,128660,,0.85,-0.1,,0.1
2025-10-27,128660,,0.83,-0.0,,0.0
2025-10-28,128660,,0.83,-0.1,,0.1
2025-10-29,128660,,0.81,-0.2,,0.2
2025-10-30,128660,,0.78,0.2,,-0.2
2025-10-31,128660,2705.0,0.81,-0.2,,0.2
2025-11-03,128660,,0.82,-0.2,,0.2
2025-11-04,128660,,0.79,-0.3,,0.3
2025-11-05,128660,,0.79,0.2,,-0.2
2025-11-06,128660,,0.78,-0.2,,0.2
2025-11-07,128660,,0.76,-0.0,,0.0
2025-11-10,128660,,0.75,-0.0,,-0.0
2025-11-11,128660,,0.75,-0.0,,0.0
2025-11-12,128660,,0.74,0.1,,-0.1
2025-11-13,128660,,0.75,-0.0,,0.0
2025-11-14,128660,,0.75,0.0,,-0.1
2025-11-17,128660,,0.75,-0.1,,0.1
2025-11-18,128660,,0.74,-0.1,,-0.0
2025-11-19,128660,,0.73,-0.0,,0.1
2025-11-20,128660,,0.72,0.1,,-0.1
2025-11-21,128660,,0.74,-0.0,,0.0
2025-11-24,128660,,0.73,0.0,,-0.0
2025-11-25,128660,,0.73,-0.1,,0.1
2025-11-26,128660,,0.72,0.1,,-0.1
2025-11-27,128660,,0.73,0.1,,-0.1
2025-11-28,128660,2745.0,0.75,0.1,,-0.1
2025-12-01,128660,,0.76,0.1,,-0.1
2025-12-02,128660,,0.82,0.2,,-0.2
2025-12-03,128660,,0.85,0.0,,-0.0
2025-12-04,128660,,0.89,-0.0,,-0.1
2025-12-05,128660,,0.87,-0.0,,-0.1
2025-12-08,128660,,0.84,0.1,,-0.2
2025-12-09,128660,,0.85,0.0,,0.0
2025-12-10,128660,,0.85,-0.0,,-0.1
2025-12-11,128660,,0.85,0.1,,-0.2
2025-12-12,128660,,0.86,0.1,,-0.1
2025-12-15,128660,,0.87,0.1,,-0.3
2025-12-16,128660,,0.89,0.0,,-0.1
2025-12-17,128660,,0.89,0.0,,-0.0
2025-12-18,128660,,0.9,0.0,,-0.0
2025-12-19,128660,,0.9,0.2,,-0.2
2025-12-22,128660,,0.93,0.1,,-0.1
2025-12-23,128660,,0.98,0.0,,-0.1
2025-12-24,128660,,0.6,0.1,,-0.1
2025-12-26,128660,,0.65,0.2,,-0.3
2025-12-29,128660,,0.66,0.4,,-0.4
2025-12-30,128660,2790.0,0.69,0.1,,-0.1
2026-01-02,128660,,0.7,-0.1,0.0,0.1
2026-01-05,128660,,0.69,-0.2,-0.0,0.3
2026-01-06,128660,,0.7,-0.0,1.3,-1.2
2026-01-07,128660,,0.87,-1.1,-1.3,2.4
2026-01-08,128660,,0.72,-0.3,-0.0,0.4
2026-01-09,128660,,0.68,0.3,0.2,-0.5
2026-01-12,128660,,0.72,0.4,1.6,-2.0
2026-01-13,128660,,0.78,-0.0,-0.2,0.2
2026-01-14,128660,,0.84,1.3,-0.3,-1.0
2026-01-15,128660,,1.02,-0.5,-0.5,0.8
2026-01-16,128660,,0.96,-2.3,-0.8,3.0
2026-01-19,128660,,0.64,0.9,0.3,-1.3
2026-01-20,128660,,0.78,-0.2,-0.3,0.5
2026-01-21,128660,,0.76,-0.1,0.1,-0.1
2026-01-22,128660,,0.75,0.4,-0.2,-0.1
2026-01-23,128660,,0.8,0.2,-0.2,-0.0
2026-01-26,128660,,0.83,0.7,0.2,-0.9
2026-01-27,128660,,0.92,-0.1,-0.0,0.1
2026-01-28,128660,,0.9,0.2,-0.0,-0.2
2026-01-29,128660,,0.93,0.8,0.3,-1.1
2026-01-30,128660,3015.0,1.04,-0.4,0.0,0.3
2026-02-02,128660,,0.99,-0.4,-0.5,0.9
2026-02-03,128660,,0.95,-0.4,0.0,0.1
2026-02-04,128660,,0.89,0.2,0.2,-0.4
2026-02-05,128660,,0.91,0.7,2.1,-2.2
2026-02-06,128660,,0.99,0.1,-0.1,0.1
2026-02-09,128660,,1.0,0.1,-0.0,-0.1
2026-02-10,128660,,1.02,0.5,-0.1,-0.4
2026-02-11,128660,,1.09,0.3,0.4,-0.7
2026-02-12,128660,,1.12,0.7,-0.0,-0.7
2026-02-13,128660,,1.22,-0.9,-0.4,1.2
2026-02-19,128660,,1.1,4.1,-0.8,-3.4
2026-02-20,128660,,1.61,-2.1,-0.6,2.7
2026-02-23,128660,,1.34,0.4,-0.5,0.2
2026-02-24,128660,,1.38,-0.0,0.0,0.1
2026-02-25,128660,,1.34,-0.9,-0.1,0.9
2026-02-26,128660,,1.23,-0.7,-0.0,0.8
2026-02-27,128660,3155.0,1.15,0.1,0.0,-0.1
2026-03-03,128660,,1.16,0.5,0.0,-0.5
2026-03-04,128660,,1.22,2.0,0.4,-2.7
2026-03-05,128660,,1.49,-0.3,0.7,-0.1
2026-03-06,128660,,1.49,-0.5,-1.1,1.6
2026-03-09,128660,,1.44,-0.4,0.2,0.0
2026-03-10,128660,,1.43,-1.0,-0.1,1.1
2026-03-11,128660,,1.45,3.0,0.0,-3.0
2026-03-12,128660,,1.8,0.3,-0.2,-0.2
2026-03-13,128660,,1.82,-2.1,-0.1,2.0
2026-03-16,128660,,1.59,-2.3,0.3,2.0
2026-03-17,128660,,1.13,0.5,0.0,-0.6
2026-03-18,128660,,1.2,-0.3,-0.2,0.5
2026-03-19,128660,,1.16,0.1,0.0,-0.1
2026-03-20,128660,,1.17,0.8,-0.0,-0.8
2026-03-23,128660,,1.27,-0.2,0.6,-0.4
2026-03-24,128660,,1.24,0.7,0.2,-0.9
2026-03-25,128660,,1.31,-1.8,-0.9,2.7
2026-03-26,128660,,1.08,-0.4,0.0,0.3
2026-03-27,128660,,1.03,0.1,0.6,-0.7
2026-03-30,128660,,1.05,-0.3,0.1,0.2
2026-03-31,128660,3630.0,1.01,11.1,-0.3,-10.5
2026-04-01,128660,,2.26,3.1,4.1,-7.0
2026-04-02,128660,,2.64,-2.4,-2.9,5.3
2026-04-03,128660,,2.4,10.8,0.7,-11.8
2026-04-06,128660,,3.87,-10.0,-2.4,12.4
2026-04-07,128660,,2.8,5.4,-0.2,-5.0
2026-04-08,128660,,3.48,1.0,-0.1,-0.8
2026-04-09,128660,,3.6,-1.3,-0.0,1.3
2026-04-10,128660,,3.47,3.0,0.3,-3.5
2026-04-13,128660,,3.83,-7.4,0.4,7.3
2026-04-14,128660,,3.13,-1.2,-0.7,2.0
2026-04-15,128660,,3.01,1.3,-0.0,-1.3
2026-04-16,128660,,3.21,0.1,-0.0,-0.3
2026-04-17,128660,,3.13,-0.2,0.0,0.1
2026-04-20,128660,,3.1,0.2,-0.0,0.0
2026-04-21,128660,,3.01,-0.3,0.2,0.1
2026-04-22,128660,,2.96,-4.5,0.2,4.5
2026-04-23,128660,,2.46,0.7,-0.2,-0.3
2026-04-24,128660,,2.55,3.3,-0.1,-3.5
2026-04-27,128660,,2.93,0.5,-0.0,-0.7
2026-04-28,128660,,2.99,-2.6,0.3,2.3
2026-04-29,128660,,2.8,1.2,-0.1,-1.1
2026-04-30,128660,3615.0,2.94,-1.0,-0.2,1.4
2026-05-04,128660,,2.83,-0.9,-0.0,1.1
2026-05-06,128660,,2.75,-1.5,0.0,1.8
2026-05-07,128660,,2.59,0.6,0.3,-1.0
2026-05-08,128660,,2.66,1.1,-0.1,-0.9
2026-05-11,128660,,2.78,0.7,-0.0,-0.7
2026-05-12,128660,,2.86,0.3,0.4,-0.7
2026-05-13,128660,,2.77,1.5,-0.5,-1.1
2026-05-14,128660,,2.94,-2.1,0.2,1.6
2026-05-15,128660,,2.72,2.6,-0.2,-2.1
2026-05-18,128660,,3.05,1.0,0.2,-1.0
2026-05-19,128660,,3.18,0.7,-0.1,-0.5
2026-05-20,128660,,3.28,0.7,-0.1,-0.4
2026-05-21,128660,,3.37,-0.1,0.2,-0.1
2026-05-22,128660,,3.35,-0.4,-0.0,0.4
2026-05-26,128660,,3.31,-0.9,-0.2,1.1
2026-05-27,128660,,3.16,0.6,0.0,-0.6
2026-05-28,128660,,3.24,-0.6,-0.0,0.6
2026-05-29,128660,3065.0,3.16,-0.9,0.0,0.5
2026-06-01,128660,,3.05,0.1,-0.0,-0.0
2026-06-02,128660,,3.07,0.2,0.0,-0.2
2026-06-04,128660,,3.1,-0.7,-0.0,0.7
2026-06-05,128660,,2.86,-0.1,0.0,0.1
2026-06-08,128660,,2.92,-0.3,0.0,0.3
2026-06-09,128660,,2.92,-0.4,0.1,0.3
2026-06-10,128660,,2.84,0.2,-0.1,-0.1
2026-06-11,128660,,2.87,-0.5,0.0,0.4
2026-06-12,128660,,2.82,-0.2,0.2,0.1
2026-06-15,128660,,2.79,-1.0,-0.2,1.2
2026-06-16,128660,,2.66,0.2,0.0,-0.2
2026-06-17,128660,,2.64,-0.3,-0.0,0.3
2026-06-18,128660,,2.64,-0.4,0.0,0.3
2026-06-19,128660,,2.58,-0.3,-0.0,0.3
2026-06-22,128660,,2.54,0.3,0.1,-0.4
2026-06-23,128660,,2.58,-0.6,-0.1,0.7
2026-06-24,128660,,2.51,-0.7,0.1,0.6
2026-06-25,128660,,2.41,-0.7,-0.1,0.7
2026-06-26,128660,,2.33,0.2,0.2,-0.4
2026-06-29,128660,,2.38,0.3,-0.0,-0.3
2026-06-30,128660,2745.0,2.44,-0.7,-0.1,0.8
2026-07-01,128660,,2.33,0.1,-0.1,-0.0
2026-07-02,128660,,2.35,-0.1,0.0,0.1
2026-07-03,128660,,2.33,0.2,-0.0,-0.1
2026-07-06,128660,,2.36,0.0,0.0,-0.1
2026-07-07,128660,,2.36,0.4,-0.0,-0.4
2026-07-08,128660,,2.42,-0.1,0.0,0.1
2026-07-09,128660,,2.41,-0.1,0.0,0.1
2026-07-10,128660,,2.39,0.5,-0.0,-0.5
2026-07-13,128660,2670.0,2.46,-0.1,0.0,-0.0
2025-07-14,128820,,3.32,-1.7,0.0,1.9
2025-07-15,128820,,3.26,1.4,1.4,-3.3
2025-07-16,128820,,3.31,4.3,-1.1,-2.7
2025-07-17,128820,,3.49,1.0,-0.8,0.3
2025-07-18,128820,,3.54,-0.2,0.5,-0.8
2025-07-21,128820,,3.54,-3.0,0.0,3.0
2025-07-22,128820,,3.41,-3.3,-0.4,3.5
2025-07-23,128820,,3.26,-5.2,-0.1,5.1
2025-07-24,128820,,3.03,-1.3,1.0,0.2
2025-07-25,128820,,2.97,-0.8,0.0,0.8
2025-07-28,128820,,2.93,1.4,0.3,-1.8
2025-07-29,128820,,3.0,-1.1,0.2,0.7
2025-07-30,128820,,2.95,0.1,-0.0,-0.4
2025-07-31,128820,,2.95,-0.1,0.1,0.1
2025-08-01,128820,,2.96,2.9,-0.2,-2.7
2025-08-04,128820,,3.11,-0.3,0.0,0.3
2025-08-05,128820,,3.1,0.1,0.0,-0.2
2025-08-06,128820,,3.11,0.2,-0.0,-0.2
2025-08-07,128820,,3.12,-0.8,-0.0,0.7
2025-08-08,128820,,3.08,-1.6,0.0,1.4
2025-08-11,128820,,3.0,-7.5,0.4,6.9
2025-08-12,128820,,2.65,2.3,0.0,-2.5
2025-08-13,128820,,2.76,0.0,0.0,-0.1
2025-08-14,128820,,2.76,-1.0,0.0,1.0
2025-08-18,128820,,2.71,0.4,0.7,-1.1
2025-08-19,128820,,2.77,1.9,0.0,-1.9
2025-08-20,128820,,2.85,2.8,0.1,-2.8
2025-08-21,128820,,3.0,-0.6,0.0,0.6
2025-08-22,128820,,2.97,-0.2,-1.2,1.4
2025-08-25,128820,,2.96,1.4,-0.1,-1.4
2025-08-26,128820,,3.03,-0.3,-0.0,0.3
2025-08-27,128820,,3.02,-0.7,0.0,0.7
2025-08-28,128820,,2.98,0.5,-0.0,-0.5
2025-08-29,128820,4125.0,3.01,-0.5,0.0,0.5
2025-09-01,128820,,2.98,-1.6,0.0,1.6
2025-09-02,128820,,2.89,-1.1,0.0,1.1
2025-09-03,128820,,2.83,0.3,0.0,-0.7
2025-09-04,128820,,2.85,0.9,-0.0,-1.3
2025-09-05,128820,,2.9,-0.9,-0.0,0.7
2025-09-08,128820,,2.85,0.3,-0.1,-0.3
2025-09-09,128820,,2.86,0.8,-0.2,-0.3
2025-09-10,128820,,2.9,0.3,-0.3,-0.1
2025-09-11,128820,,2.92,-0.1,-0.1,0.1
2025-09-12,128820,,2.92,-0.6,-0.1,0.7
2025-09-15,128820,,2.89,-0.2,-0.1,0.3
2025-09-16,128820,,2.88,-10.4,0.1,8.0
2025-09-17,128820,,2.39,-4.4,0.0,4.4
2025-09-18,128820,,2.18,0.8,-0.2,-0.3
2025-09-19,128820,,2.22,1.0,-0.1,-0.8
2025-09-22,128820,,2.26,0.3,-0.1,-0.2
2025-09-23,128820,,2.28,0.8,-0.1,-0.5
2025-09-24,128820,,2.32,-0.2,-0.2,0.3
2025-09-25,128820,,2.31,0.1,-0.2,-0.5
2025-09-26,128820,,2.32,0.0,-0.1,0.4
2025-09-29,128820,,2.32,-1.2,-0.1,1.1
2025-09-30,128820,4270.0,2.26,-0.5,-0.1,0.7
2025-10-01,128820,,2.23,-2.3,-0.1,2.1
2025-10-02,128820,,2.14,-1.4,-0.2,1.9
2025-10-10,128820,,2.07,-0.2,-0.0,0.3
2025-10-13,128820,,2.06,1.2,0.1,-1.3
2025-10-14,128820,,2.1,-0.2,-1.6,1.8
2025-10-15,128820,,2.09,0.2,0.0,-0.3
2025-10-16,128820,,2.11,-0.3,0.1,0.2
2025-10-17,128820,,2.09,-0.0,-0.0,0.0
2025-10-20,128820,,2.09,-0.6,0.0,0.5
2025-10-21,128820,,2.06,-0.2,0.0,0.3
2025-10-22,128820,,2.05,0.5,-0.0,-0.6
2025-10-23,128820,,2.08,0.6,-0.0,1.2
2025-10-24,128820,,2.11,-0.0,-0.0,0.2
2025-10-27,128820,,2.11,1.0,0.0,-0.9
2025-10-28,128820,,2.16,0.4,0.0,-0.4
2025-10-29,128820,,2.18,-0.6,-0.0,1.0
2025-10-30,128820,,2.15,1.1,0.0,0.0
2025-10-31,128820,4005.0,2.21,-0.4,-0.0,0.1
2025-11-03,128820,,2.2,-0.6,-0.0,0.3
2025-11-04,128820,,2.16,4.3,0.1,-4.8
2025-11-05,128820,,2.41,2.5,0.1,-2.8
2025-11-06,128820,,2.55,-0.4,0.0,0.1
2025-11-07,128820,,2.53,1.6,-2.5,0.8
2025-11-10,128820,,2.62,3.0,0.1,-2.8
2025-11-11,128820,,2.71,3.9,0.2,-4.1
2025-11-12,128820,,2.9,1.7,0.1,-1.9
2025-11-13,128820,,2.99,1.7,-0.0,-1.7
2025-11-14,128820,,3.07,1.4,0.0,-1.4
2025-11-17,128820,,3.14,-0.4,0.0,0.4
2025-11-18,128820,,3.13,0.7,0.0,-0.4
2025-11-19,128820,,3.48,-3.5,0.5,3.0
2025-11-20,128820,,3.3,3.5,0.4,-4.2
2025-11-21,128820,,3.47,-7.0,-0.1,6.9
2025-11-24,128820,,3.12,-1.6,0.0,1.8
2025-11-25,128820,,3.03,-22.0,0.1,22.0
2025-11-26,128820,,2.01,-13.3,-0.1,15.2
2025-11-27,128820,,1.44,-7.4,1.0,6.4
2025-11-28,128820,4440.0,1.2,-1.2,0.0,1.3
2025-12-01,128820,,1.21,0.2,0.1,-0.2
2025-12-02,128820,,1.22,15.0,-0.2,-14.7
2025-12-03,128820,,1.94,-4.7,0.0,6.1
2025-12-04,128820,,1.81,-7.5,0.1,8.2
2025-12-05,128820,,1.61,-10.0,-0.0,10.9
2025-12-08,128820,,1.22,7.0,0.9,-7.8
2025-12-09,128820,,1.5,-12.2,0.0,11.4
2025-12-10,128820,,0.99,-1.4,0.6,0.2
2025-12-11,128820,,1.01,-7.3,-2.2,12.0
2025-12-12,128820,,0.85,16.8,-3.8,-12.4
2025-12-15,128820,,1.42,7.6,-0.1,-7.0
2025-12-16,128820,,1.62,-0.2,-0.1,-7.3
2025-12-17,128820,,1.55,-1.2,-0.1,-16.4
2025-12-18,128820,,1.51,7.1,-0.8,-7.3
2025-12-19,128820,,1.64,4.3,-0.2,-14.7
2025-12-22,128820,,1.67,-0.1,0.0,-0.7
2025-12-23,128820,,1.43,-17.8,-0.0,15.5
2025-12-24,128820,,1.07,-4.0,0.0,1.7
2025-12-26,128820,,0.99,5.3,0.0,-9.7
2025-12-29,128820,,1.14,8.6,0.0,-9.7
2025-12-30,128820,7180.0,1.39,0.1,-0.0,-1.8
2026-01-02,128820,,1.4,0.8,-0.0,-2.4
2026-01-05,128820,,1.43,5.3,-0.0,-6.1
2026-01-06,128820,,1.59,1.6,-0.0,-3.4
2026-01-07,128820,,1.65,7.0,0.1,-5.8
2026-01-08,128820,,1.88,-1.7,0.0,0.8
2026-01-09,128820,,1.83,-5.5,-0.0,1.7
2026-01-12,128820,,1.67,1.8,0.0,-1.8
2026-01-13,128820,,1.89,8.9,0.0,-9.9
2026-01-14,128820,,2.27,-32.4,-0.0,33.8
2026-01-15,128820,,1.26,-7.6,0.0,8.7
2026-01-16,128820,,1.03,13.3,-0.0,-13.0
2026-01-19,128820,,1.48,-1.0,-0.0,0.6
2026-01-20,128820,,1.46,-3.8,-0.0,3.5
2026-01-21,128820,,1.34,-6.3,0.0,6.7
2026-01-22,128820,,1.12,5.2,-0.0,-5.4
2026-01-23,128820,,1.32,10.4,0.0,-10.9
2026-01-26,128820,,1.69,2.3,0.0,-2.4
2026-01-27,128820,,1.78,-4.4,-0.0,4.3
2026-01-28,128820,,1.48,1.2,-0.0,-2.6
2026-01-29,128820,,1.5,-2.7,-0.0,2.3
2026-01-30,128820,7350.0,1.42,-3.1,-0.1,2.8
2026-02-02,128820,,1.35,-25.9,-0.5,27.8
2026-02-03,128820,,0.76,21.8,-0.0,-21.7
2026-02-04,128820,,1.44,22.0,-0.6,-15.6
2026-02-05,128820,,1.93,-14.4,0.0,14.3
2026-02-06,128820,,1.66,-9.4,-0.1,9.0
2026-02-09,128820,,1.34,12.5,6.0,-18.7
2026-02-10,128820,,1.56,-4.3,-0.1,4.2
2026-02-11,128820,,1.46,7.6,1.4,-8.9
2026-02-12,128820,,1.66,3.8,-0.0,-4.0
2026-02-13,128820,,1.76,-0.6,0.1,0.2
2026-02-19,128820,,1.79,8.7,-0.0,-8.7
2026-02-20,128820,,2.09,-27.0,0.0,26.8
2026-02-23,128820,,1.44,4.2,0.0,-4.9
2026-02-24,128820,,1.59,-5.2,0.7,5.3
2026-02-25,128820,,1.36,-4.9,0.3,4.5
2026-02-26,128820,,1.31,8.2,0.8,-10.1
2026-02-27,128820,8420.0,1.54,-28.8,0.0,25.6
2026-03-03,128820,,0.82,3.8,-0.5,-0.5
2026-03-04,128820,,0.93,38.1,0.1,-8.9
2026-03-05,128820,,1.87,12.9,-0.0,-11.8
2026-03-06,128820,,2.11,-31.6,0.9,33.6
2026-03-09,128820,,1.18,4.2,0.0,-2.1
2026-03-10,128820,,1.26,2.5,0.1,-2.9
2026-03-11,128820,,1.3,26.5,-0.0,-26.0
2026-03-12,128820,,1.97,-7.4,0.2,7.5
2026-03-13,128820,,1.77,-10.4,0.0,10.4
2026-03-16,128820,,1.55,4.5,-0.3,-4.2
2026-03-17,128820,,1.67,-0.9,-0.0,0.1
2026-03-18,128820,,1.65,-13.5,-3.7,17.3
2026-03-19,128820,,1.26,-11.7,-1.2,12.7
2026-03-20,128820,,0.91,12.3,-0.7,-11.5
2026-03-23,128820,,1.29,-1.8,0.0,0.9
2026-03-24,128820,,1.25,8.9,-0.0,-8.7
2026-03-25,128820,,1.52,0.9,-0.0,-0.8
2026-03-26,128820,,1.55,-1.8,0.0,1.7
2026-03-27,128820,,1.48,5.0,-2.1,-2.5
2026-03-30,128820,,1.57,-3.9,-0.0,4.2
2026-03-31,128820,6630.0,1.45,-17.8,-0.0,17.6
2026-04-01,128820,,0.92,8.6,0.0,-8.3
2026-04-02,128820,,1.21,2.6,-0.0,-2.8
2026-04-03,128820,,1.29,6.1,-0.0,-6.0
2026-04-06,128820,,1.5,-1.1,-0.0,0.8
2026-04-07,128820,,1.46,2.6,-0.0,-2.6
2026-04-08,128820,,1.44,9.1,-0.0,-9.4
2026-04-09,128820,,1.75,-2.4,0.0,1.8
2026-04-10,128820,,1.67,0.5,-0.0,-0.7
2026-04-13,128820,,1.69,-3.0,-0.0,3.3
2026-04-14,128820,,1.6,-3.2,-0.0,3.3
2026-04-15,128820,,1.52,-1.2,-0.0,1.0
2026-04-16,128820,,1.51,3.3,-0.0,-4.1
2026-04-17,128820,,1.64,1.2,-0.2,-0.6
2026-04-20,128820,,1.67,3.4,-0.2,-3.0
2026-04-21,128820,,1.79,-0.5,-0.0,0.2
2026-04-22,128820,,1.77,0.5,-0.0,-0.0
2026-04-23,128820,,1.79,1.0,-0.0,-1.4
2026-04-24,128820,,1.89,2.7,0.0,-2.8
2026-04-27,128820,,1.98,-1.1,-0.0,1.2
2026-04-28,128820,,1.95,-1.9,-0.0,1.9
2026-04-29,128820,,1.8,2.5,-0.0,-2.8
2026-04-30,128820,7080.0,1.92,-3.3,-0.0,3.6
2026-05-04,128820,,1.85,-1.3,-0.0,1.6
2026-05-06,128820,,1.82,-11.4,-0.2,12.1
2026-05-07,128820,,1.45,3.7,0.0,-3.5
2026-05-08,128820,,1.57,0.7,-0.0,-0.6
2026-05-11,128820,,1.6,-0.2,0.2,-0.7
2026-05-12,128820,,1.59,2.9,-0.3,-2.4
2026-05-13,128820,,1.71,-29.6,-0.0,31.9
2026-05-14,128820,,0.84,4.8,0.2,-4.2
2026-05-15,128820,,1.03,-13.6,0.2,15.3
2026-05-18,128820,,0.65,-4.1,-0.2,4.5
2026-05-19,128820,,0.55,4.8,0.0,-5.2
2026-05-20,128820,,0.71,2.6,-0.0,-2.6
2026-05-21,128820,,0.81,2.4,-0.1,-1.8
2026-05-22,128820,,0.91,1.2,-0.2,-0.9
2026-05-26,128820,,0.95,-2.1,0.0,2.3
2026-05-27,128820,,0.8,2.0,0.4,-2.3
2026-05-28,128820,,0.87,2.8,0.0,-2.2
2026-05-29,128820,5800.0,0.99,2.5,0.0,-2.5
2026-06-01,128820,,1.06,3.9,-0.2,-3.5
2026-06-02,128820,,1.22,-10.3,0.0,10.0
2026-06-04,128820,,0.85,-2.9,-0.1,3.3
2026-06-05,128820,,0.74,3.1,-0.0,-1.7
2026-06-08,128820,,0.88,5.4,0.0,-5.6
2026-06-09,128820,,1.11,2.4,-0.2,-2.2
2026-06-10,128820,,1.23,1.1,-0.3,-0.9
2026-06-11,128820,,1.3,1.4,-0.7,-0.8
2026-06-12,128820,,1.36,-0.7,-0.0,0.7
2026-06-15,128820,,1.31,-2.8,-0.0,2.7
2026-06-16,128820,,1.2,-0.4,-0.3,0.8
2026-06-17,128820,,1.14,0.7,-1.0,0.2
2026-06-18,128820,,1.17,-0.1,-0.3,-0.1
2026-06-19,128820,,1.16,3.0,-0.0,-3.5
2026-06-22,128820,,1.3,2.9,0.3,-2.7
2026-06-23,128820,,1.44,5.3,-0.0,-5.4
2026-06-24,128820,,1.71,3.8,0.0,-3.9
2026-06-25,128820,,1.9,2.5,-0.0,-3.1
2026-06-26,128820,,2.02,3.5,0.0,-2.6
2026-06-29,128820,,2.2,2.9,-0.0,-3.1
2026-06-30,128820,4375.0,2.35,-0.8,-0.0,0.6
2026-07-01,128820,,2.22,0.5,0.0,-0.5
2026-07-02,128820,,2.24,-0.3,0.0,0.3
2026-07-03,128820,,2.22,-0.2,-0.0,0.1
2026-07-06,128820,,2.27,0.8,-0.0,-0.8
2026-07-07,128820,,2.31,0.7,0.0,-0.7
2026-07-08,128820,,2.34,0.9,0.1,-1.0
2026-07-09,128820,,2.38,0.9,0.2,-1.3
2026-07-10,128820,,2.43,1.7,0.2,-1.9
2026-07-13,128820,4160.0,2.52,-1.0,0.0,0.9
2025-07-14,128940,,11.28,13.4,-95.9,80.5
2025-07-15,128940,,11.3,89.4,-2.6,-91.3
2025-07-16,128940,,11.57,-13.0,-32.7,44.5
2025-07-17,128940,,11.52,80.5,67.3,-136.7
2025-07-18,128940,,11.77,-21.2,0.6,19.5
2025-07-21,128940,,11.65,-21.6,-39.9,59.6
2025-07-22,128940,,11.58,6.1,-12.3,5.2
2025-07-23,128940,,11.59,5.6,-21.2,15.5
2025-07-24,128940,,11.55,4.0,-6.8,2.5
2025-07-25,128940,,11.55,-53.4,-41.6,91.2
2025-07-28,128940,,11.39,-19.4,-36.6,54.4
2025-07-29,128940,,11.34,31.6,-44.6,15.5
2025-07-30,128940,,11.43,28.9,-32.9,4.4
2025-07-31,128940,,11.51,20.0,-25.5,2.7
2025-08-01,128940,,11.59,102.9,-96.9,-9.4
2025-08-04,128940,,11.89,20.5,7.9,-28.0
2025-08-05,128940,,11.97,68.0,-60.0,-4.8
2025-08-06,128940,,12.17,24.8,19.4,-42.2
2025-08-07,128940,,12.25,14.1,-12.8,-1.3
2025-08-08,128940,,12.28,-4.7,-18.6,23.6
2025-08-11,128940,,12.38,17.2,-1.1,-17.9
2025-08-12,128940,,12.49,17.7,-4.9,-8.7
2025-08-13,128940,,12.53,57.2,-80.8,23.2
2025-08-14,128940,,12.69,107.7,-92.3,-15.5
2025-08-18,128940,,13.05,20.4,-1.6,-18.6
2025-08-19,128940,,13.11,6.4,29.7,-35.5
2025-08-20,128940,,13.15,1.6,-0.7,0.8
2025-08-21,128940,,13.09,20.0,-29.1,8.1
2025-08-22,128940,,13.15,11.7,-4.0,-7.5
2025-08-25,128940,,13.19,51.2,9.6,-59.7
2025-08-26,128940,,13.36,50.0,92.3,-138.7
2025-08-27,128940,,13.51,-23.4,46.2,-23.9
2025-08-28,128940,,13.44,8.0,20.5,-26.8
2025-08-29,128940,303000.0,13.46,-13.9,35.1,-19.3
2025-09-01,128940,,13.42,-6.4,54.6,-45.9
2025-09-02,128940,,13.4,0.1,26.7,-26.5
2025-09-03,128940,,13.41,31.4,-25.5,-5.8
2025-09-04,128940,,13.51,18.8,-10.8,-3.9
2025-09-05,128940,,13.52,14.1,10.2,-24.2
2025-09-08,128940,,13.56,-30.8,5.0,23.3
2025-09-09,128940,,13.47,-135.2,-135.5,267.7
2025-09-10,128940,,13.03,-17.6,-73.6,90.9
2025-09-11,128940,,12.98,22.9,-36.2,8.7
2025-09-12,128940,,13.07,56.1,18.4,-69.9
2025-09-15,128940,,13.37,21.6,-15.2,-6.5
2025-09-16,128940,,13.43,220.9,83.3,-300.9
2025-09-17,128940,,14.08,-52.8,35.0,13.5
2025-09-18,128940,,13.9,27.1,158.8,-182.3
2025-09-19,128940,,14.03,97.3,127.4,-217.0
2025-09-22,128940,,14.23,-122.8,61.4,60.3
2025-09-23,128940,,13.9,-103.1,67.9,34.4
2025-09-24,128940,,13.66,-66.4,86.9,-21.3
2025-09-25,128940,,13.53,36.6,-63.3,28.6
2025-09-26,128940,,13.75,-15.3,-1.1,15.4
2025-09-29,128940,,13.65,-7.2,23.3,-15.1
2025-09-30,128940,367000.0,13.5,-169.5,-159.5,324.7
2025-10-01,128940,,13.14,86.6,-36.1,-55.6
2025-10-02,128940,,13.39,113.1,-121.8,8.5
2025-10-10,128940,,13.66,-11.4,-8.1,16.1
2025-10-13,128940,,13.64,-0.1,14.5,-12.0
2025-10-14,128940,,13.68,-6.6,10.2,-5.5
2025-10-15,128940,,13.66,-128.2,75.8,45.2
2025-10-16,128940,,13.35,-127.0,-0.6,125.1
2025-10-17,128940,,13.03,-98.3,96.8,-1.3
2025-10-20,128940,,12.8,-114.6,102.7,12.0
2025-10-21,128940,,12.55,-97.8,1.9,95.6
2025-10-22,128940,,12.33,-50.5,56.8,-13.7
2025-10-23,128940,,12.12,-54.3,22.1,25.4
2025-10-24,128940,,12.0,56.2,-118.5,62.4
2025-10-27,128940,,12.16,-300.2,159.6,151.4
2025-10-28,128940,,11.67,-83.7,-53.6,148.7
2025-10-29,128940,,11.51,-31.7,-61.5,94.6
2025-10-30,128940,,11.46,-80.2,-17.2,88.1
2025-10-31,128940,425000.0,11.24,208.1,311.0,-529.0
2025-11-03,128940,,11.72,-150.4,15.1,135.7
2025-11-04,128940,,11.39,-149.8,20.8,120.8
2025-11-05,128940,,11.07,-230.7,59.4,158.8
2025-11-06,128940,,10.65,-19.5,40.1,-31.8
2025-11-07,128940,,10.83,119.1,29.1,-143.2
2025-11-10,128940,,11.11,-70.7,91.5,-21.2
2025-11-11,128940,,10.99,33.9,145.3,-177.3
2025-11-12,128940,,11.04,-98.8,168.6,-69.9
2025-11-13,128940,,10.83,-122.0,100.6,12.8
2025-11-14,128940,,10.65,-42.0,11.0,23.9
2025-11-17,128940,,10.58,21.3,-49.2,28.9
2025-11-18,128940,,10.7,16.0,-6.0,-6.2
2025-11-19,128940,,10.74,82.5,-8.4,-64.2
2025-11-20,128940,,10.99,72.0,-55.3,-16.1
2025-11-21,128940,,11.1,4.8,15.1,-12.5
2025-11-24,128940,,10.96,-31.2,11.5,16.3
2025-11-25,128940,,10.88,21.4,8.2,-29.7
2025-11-26,128940,,10.85,43.7,44.3,-91.2
2025-11-27,128940,,10.96,-23.4,-27.5,51.8
2025-11-28,128940,456500.0,10.89,29.7,41.8,-68.1
2025-12-01,128940,,10.94,51.1,-46.2,1.9
2025-12-02,128940,,11.05,66.2,-169.5,93.4
2025-12-03,128940,,11.18,83.4,-7.7,-75.2
2025-12-04,128940,,11.31,118.1,-77.1,-42.3
2025-12-05,128940,,11.6,41.1,-44.5,4.0
2025-12-08,128940,,11.68,48.8,-38.7,-9.5
2025-12-09,128940,,11.64,-6.9,-48.5,54.3
2025-12-10,128940,,11.6,-33.8,34.3,6.6
2025-12-11,128940,,11.54,-81.3,227.1,-140.0
2025-12-12,128940,,11.44,-69.3,18.0,51.4
2025-12-15,128940,,11.31,-2.9,27.0,-24.6
2025-12-16,128940,,11.32,13.1,1.7,-14.6
2025-12-17,128940,,11.33,13.1,25.2,-38.6
2025-12-18,128940,,11.26,-98.8,-13.2,109.8
2025-12-19,128940,,11.05,-21.7,61.9,-42.3
2025-12-22,128940,,11.08,-71.3,-1.0,67.9
2025-12-23,128940,,10.81,45.1,12.5,-57.5
2025-12-24,128940,,10.94,-6.5,37.0,-27.5
2025-12-26,128940,,11.02,-0.8,122.4,-116.2
2025-12-29,128940,,10.91,-4.2,34.0,-25.2
2025-12-30,128940,452000.0,10.9,-13.6,49.6,-33.2
2026-01-02,128940,,10.85,-62.4,-34.1,95.0
2026-01-05,128940,,10.71,117.8,7.3,-113.4
2026-01-06,128940,,11.04,-4.5,37.8,-30.2
2026-01-07,128940,,11.18,-33.6,-19.0,55.5
2026-01-08,128940,,11.09,-36.4,-7.3,50.2
2026-01-09,128940,,11.09,-49.2,7.4,36.3
2026-01-12,128940,,11.04,-79.4,62.9,4.3
2026-01-13,128940,,10.85,-332.4,-701.9,1059.3
2026-01-14,128940,,10.2,-44.1,-87.9,132.1
2026-01-15,128940,,10.17,47.6,17.2,-80.8
2026-01-16,128940,,10.38,80.1,4.8,-91.2
2026-01-19,128940,,10.57,175.9,111.9,-271.4
2026-01-20,128940,,10.94,133.4,11.7,-144.6
2026-01-21,128940,,11.22,-53.3,-223.2,273.5
2026-01-22,128940,,10.96,236.5,-46.5,-187.7
2026-01-23,128940,,11.46,518.7,134.6,-650.2
2026-01-26,128940,,12.51,185.3,-14.0,-177.5
2026-01-27,128940,,12.8,160.3,-8.2,-152.8
2026-01-28,128940,,13.05,230.0,-61.9,-189.8
2026-01-29,128940,,13.04,-31.3,-63.1,86.2
2026-01-30,128940,484000.0,12.93,91.7,-12.1,-78.0
2026-02-02,128940,,13.11,91.8,-65.8,-26.5
2026-02-03,128940,,13.31,112.2,38.7,-146.5
2026-02-04,128940,,13.53,8.4,340.1,-348.5
2026-02-05,128940,,13.42,-205.8,141.8,45.8
2026-02-06,128940,,12.96,-46.1,299.0,-246.5
2026-02-09,128940,,12.9,-49.0,134.4,-91.3
2026-02-10,128940,,12.83,-135.1,234.1,-113.3
2026-02-11,128940,,12.65,-224.6,265.9,-28.1
2026-02-12,128940,,12.37,182.1,28.5,-211.3
2026-02-13,128940,,12.62,32.5,10.8,-40.3
2026-02-19,128940,,12.68,39.8,41.0,-84.3
2026-02-20,128940,,12.73,63.3,-92.5,32.4
2026-02-23,128940,,12.83,63.8,-6.2,-61.6
2026-02-24,128940,,12.91,40.3,53.4,-90.4
2026-02-25,128940,,13.0,94.0,-215.7,134.5
2026-02-26,128940,,13.07,112.8,-109.3,-12.9
2026-02-27,128940,593000.0,13.25,91.6,-202.3,117.3
2026-03-03,128940,,13.38,80.9,-58.7,-28.5
2026-03-04,128940,,13.54,264.4,-140.2,-116.9
2026-03-05,128940,,13.97,150.5,-69.5,-79.3
2026-03-06,128940,,14.23,114.3,-114.7,8.2
2026-03-09,128940,,14.4,249.0,-106.2,-105.0
2026-03-10,128940,,14.69,34.0,-50.4,11.2
2026-03-11,128940,,14.65,-4.4,-127.8,169.7
2026-03-12,128940,,14.51,247.0,-407.6,167.6
2026-03-13,128940,,14.91,-10.4,49.0,-40.7
2026-03-16,128940,,14.8,-76.4,108.9,-30.3
2026-03-17,128940,,14.54,-111.0,123.7,-13.5
2026-03-18,128940,,14.47,-26.5,102.8,-72.5
2026-03-19,128940,,14.43,-15.3,-8.4,16.1
2026-03-20,128940,,14.41,-49.8,123.5,-72.7
2026-03-23,128940,,14.37,-19.8,26.5,-4.7
2026-03-24,128940,,14.33,11.0,22.4,-36.6
2026-03-25,128940,,14.35,40.6,58.1,-94.2
2026-03-26,128940,,14.42,-103.4,143.1,-50.8
2026-03-27,128940,,14.27,53.9,-13.2,-41.7
2026-03-30,128940,,14.28,36.5,24.3,-57.7
2026-03-31,128940,515000.0,14.37,-78.4,122.5,-41.6
2026-04-01,128940,,14.26,-18.6,91.2,-70.0
2026-04-02,128940,,14.24,-53.6,-84.7,136.2
2026-04-03,128940,,14.15,-11.8,-19.1,30.7
2026-04-06,128940,,14.14,44.9,-59.0,14.8
2026-04-07,128940,,14.19,26.9,-31.6,5.0
2026-04-08,128940,,14.22,-161.6,-182.5,351.9
2026-04-09,128940,,13.92,78.7,-152.9,70.1
2026-04-10,128940,,14.04,78.7,22.8,-101.4
2026-04-13,128940,,14.22,51.0,27.5,-88.5
2026-04-14,128940,,14.34,-11.2,-43.8,52.3
2026-04-15,128940,,14.28,-12.3,87.3,-74.2
2026-04-16,128940,,14.35,-98.1,76.6,17.8
2026-04-17,128940,,14.17,-117.9,29.1,79.4
2026-04-20,128940,,13.99,-10.7,-3.9,19.1
2026-04-21,128940,,14.01,-144.0,-254.9,393.9
2026-04-22,128940,,13.75,-47.8,-133.0,178.9
2026-04-23,128940,,13.68,59.3,-98.5,31.5
2026-04-24,128940,,13.83,79.4,-26.8,-50.8
2026-04-27,128940,,13.98,-91.9,-23.4,103.3
2026-04-28,128940,,13.79,20.5,-88.5,67.7
2026-04-29,128940,,13.86,-114.8,-110.2,222.7
2026-04-30,128940,460000.0,13.63,-31.6,-254.8,287.0
2026-05-04,128940,,13.55,66.5,-167.4,102.8
2026-05-06,128940,,13.66,152.5,-213.4,68.5
2026-05-07,128940,,14.0,70.6,-100.3,28.8
2026-05-08,128940,,14.13,18.3,17.6,-36.1
2026-05-11,128940,,14.12,106.8,-135.3,37.0
2026-05-12,128940,,14.3,-2.7,177.9,-186.3
2026-05-13,128940,,14.41,-4.7,-92.9,87.9
2026-05-14,128940,,14.3,-48.8,-9.8,45.4
2026-05-15,128940,,14.26,107.9,199.2,-317.4
2026-05-18,128940,,14.54,-77.0,-60.5,146.6
2026-05-19,128940,,14.35,-44.4,6.7,36.0
2026-05-20,128940,,14.28,36.1,-11.2,-20.6
2026-05-21,128940,,14.35,34.4,6.8,-37.7
2026-05-22,128940,,14.45,-6.8,6.5,3.5
2026-05-26,128940,,14.34,9.7,-34.1,23.5
2026-05-27,128940,,14.3,-149.4,177.7,-44.8
2026-05-28,128940,,14.09,-129.2,108.7,23.4
2026-05-29,128940,491000.0,13.92,-93.7,62.3,23.4
2026-06-01,128940,,13.74,-376.0,82.8,331.6
2026-06-02,128940,,12.97,104.4,-24.8,-82.4
2026-06-04,128940,,13.12,-9.9,50.4,-52.6
2026-06-05,128940,,13.11,-345.7,-33.2,371.1
2026-06-08,128940,,12.56,80.0,-200.8,126.7
2026-06-09,128940,,12.79,160.1,-15.3,-148.5
2026-06-10,128940,,13.08,114.7,-39.7,-73.7
2026-06-11,128940,,13.34,132.3,-97.5,-37.9
2026-06-12,128940,,13.61,52.7,-5.7,-42.1
2026-06-15,128940,,13.66,65.6,-49.0,-10.0
2026-06-16,128940,,13.8,30.3,-12.6,-15.6
2026-06-17,128940,,13.79,-49.6,60.6,-31.5
2026-06-18,128940,,13.6,-23.5,-38.4,78.8
2026-06-19,128940,,13.49,45.0,-54.4,8.7
2026-06-22,128940,,13.6,66.6,-26.8,-39.5
2026-06-23,128940,,13.76,94.4,-14.8,-79.2
2026-06-24,128940,,14.04,83.4,39.3,-121.2
2026-06-25,128940,,14.35,1.6,14.5,-14.0
2026-06-26,128940,,14.37,6.9,-11.7,8.5
2026-06-29,128940,,14.43,-2.0,215.9,-199.0
2026-06-30,128940,397500.0,14.54,-26.5,-56.5,87.2
2026-07-01,128940,,14.49,-6.0,87.2,-64.4
2026-07-02,128940,,14.49,-161.7,121.5,35.5
2026-07-03,128940,,14.16,-176.3,224.2,-56.2
2026-07-06,128940,,13.64,-102.3,34.7,66.4
2026-07-07,128940,,13.36,20.1,90.7,-110.2
2026-07-08,128940,,13.48,31.4,37.0,-67.9
2026-07-09,128940,,13.57,-12.6,32.4,-19.4
2026-07-10,128940,,13.53,59.3,-184.3,124.4
2026-07-13,128940,381500.0,13.54,60.9,-0.8,-61.3
2025-07-14,129260,,6.79,-3.5,0.2,3.3
2025-07-15,129260,,6.44,-21.1,-1.2,21.8
2025-07-16,129260,,4.56,-5.4,-0.5,6.0
2025-07-17,129260,,4.05,1.0,0.0,-0.7
2025-07-18,129260,,4.16,5.4,1.0,-7.0
2025-07-21,129260,,4.96,-0.9,0.4,0.6
2025-07-22,129260,,4.87,1.4,0.2,-1.6
2025-07-23,129260,,5.02,-0.4,0.1,0.3
2025-07-24,129260,,4.98,-2.3,-0.6,3.0
2025-07-25,129260,,4.72,-0.3,0.0,0.3
2025-07-28,129260,,4.69,2.6,-0.0,-2.6
2025-07-29,129260,,4.99,0.4,-0.0,-0.4
2025-07-30,129260,,5.03,0.1,0.1,-0.2
2025-07-31,129260,,5.05,1.0,0.0,-1.0
2025-08-01,129260,,5.21,0.4,-0.9,0.5
2025-08-04,129260,,5.27,1.0,-0.4,-0.2
2025-08-05,129260,,5.39,-0.3,0.2,0.0
2025-08-06,129260,,5.36,0.2,0.1,-0.3
2025-08-07,129260,,5.38,-0.4,-0.0,0.4
2025-08-08,129260,,5.34,-0.3,0.0,0.3
2025-08-11,129260,,5.3,0.4,0.0,-0.4
2025-08-12,129260,,5.34,-0.2,0.0,0.2
2025-08-13,129260,,5.32,-0.1,-0.0,0.1
2025-08-14,129260,,5.31,0.3,-0.0,-0.3
2025-08-18,129260,,5.35,0.3,-0.0,-0.3
2025-08-19,129260,,5.38,1.3,0.0,-1.3
2025-08-20,129260,,5.54,0.4,0.0,-0.3
2025-08-21,129260,,5.59,0.1,-0.2,0.2
2025-08-22,129260,,5.6,0.3,-0.1,-0.1
2025-08-25,129260,,5.64,0.1,-0.1,-0.0
2025-08-26,129260,,5.67,-0.4,-0.0,0.4
2025-08-27,129260,,5.62,0.2,-0.0,-0.2
2025-08-28,129260,,5.65,0.4,-0.0,-0.4
2025-08-29,129260,2700.0,5.71,-0.2,-0.0,0.2
2025-09-01,129260,,5.68,0.5,0.0,-0.5
2025-09-02,129260,,5.74,0.7,-0.0,-0.7
2025-09-03,129260,,5.84,0.5,-0.0,-0.5
2025-09-04,129260,,5.89,-0.0,-0.0,0.0
2025-09-05,129260,,5.89,-0.5,-0.0,0.5
2025-09-08,129260,,5.83,0.6,-0.0,-0.6
2025-09-09,129260,,5.91,-0.4,-0.0,0.4
2025-09-10,129260,,5.86,0.2,-0.0,-0.2
2025-09-11,129260,,5.88,-0.6,0.0,0.5
2025-09-12,129260,,5.81,0.5,0.0,-0.5
2025-09-15,129260,,5.87,-0.1,0.2,-0.1
2025-09-16,129260,,5.86,-0.3,-0.0,0.3
2025-09-17,129260,,5.83,-0.4,-0.0,0.4
2025-09-18,129260,,5.78,0.3,-0.0,-0.3
2025-09-19,129260,,5.82,0.1,-0.0,-0.1
2025-09-22,129260,,5.83,0.2,-0.0,-0.2
2025-09-23,129260,,5.86,0.3,-0.0,-0.3
2025-09-24,129260,,5.9,0.1,-0.1,0.0
2025-09-25,129260,,5.91,0.3,-0.1,-0.2
2025-09-26,129260,,5.78,0.0,0.0,-0.0
2025-09-29,129260,,5.78,0.5,-0.2,-0.3
2025-09-30,129260,2710.0,5.84,0.3,-0.0,-0.3
2025-10-01,129260,,5.88,0.1,0.0,-0.1
2025-10-02,129260,,5.89,0.5,-0.0,-0.5
2025-10-10,129260,,5.95,-1.0,-0.0,1.0
2025-10-13,129260,,5.83,0.5,-0.0,-0.5
2025-10-14,129260,,5.89,0.7,-0.0,-0.7
2025-10-15,129260,,5.98,0.6,-0.0,-0.5
2025-10-16,129260,,6.05,-0.6,-0.0,0.4
2025-10-17,129260,,5.93,-0.3,0.0,0.3
2025-10-20,129260,,5.89,-0.6,-0.0,0.6
2025-10-21,129260,,5.82,0.3,-0.0,-0.3
2025-10-22,129260,,5.86,0.6,0.0,-0.6
2025-10-23,129260,,5.94,0.0,0.0,-0.0
2025-10-24,129260,,5.94,0.5,-0.0,-0.5
2025-10-27,129260,,6.0,0.7,0.0,-0.7
2025-10-28,129260,,6.09,-0.5,0.0,0.5
2025-10-29,129260,,6.02,0.2,-0.0,-0.2
2025-10-30,129260,,6.05,-1.0,0.0,1.0
2025-10-31,129260,2590.0,5.92,0.5,-0.0,-0.5
2025-11-03,129260,,5.98,-0.5,-0.0,0.5
2025-11-04,129260,,5.92,0.6,-0.0,-0.6
2025-11-05,129260,,6.0,-0.1,-0.0,0.1
2025-11-06,129260,,5.98,-0.4,0.0,0.4
2025-11-07,129260,,5.93,2.0,-2.1,0.1
2025-11-10,129260,,6.19,0.4,-0.1,-0.3
2025-11-11,129260,,6.25,0.7,-0.1,-0.7
2025-11-12,129260,,6.35,0.1,-0.0,-0.1
2025-11-13,129260,,6.36,-0.0,-0.0,0.0
2025-11-14,129260,,6.36,0.4,0.0,-0.4
2025-11-17,129260,,6.41,0.7,-0.0,-0.7
2025-11-18,129260,,6.5,0.3,-0.0,-0.3
2025-11-19,129260,,6.6,0.2,0.0,-0.2
2025-11-20,129260,,6.63,0.1,-0.0,-0.1
2025-11-21,129260,,6.64,0.7,0.0,-0.7
2025-11-24,129260,,6.73,-0.3,0.0,0.3
2025-11-25,129260,,6.69,0.3,0.0,-0.3
2025-11-26,129260,,6.72,0.3,-0.0,-0.3
2025-11-27,129260,,6.75,-1.0,-0.0,1.0
2025-11-28,129260,2525.0,6.61,0.8,0.0,-0.8
2025-12-01,129260,,6.45,-0.0,-0.0,0.0
2025-12-02,129260,,6.45,1.0,-0.0,-1.0
2025-12-03,129260,,6.58,0.9,-0.0,-0.9
2025-12-04,129260,,6.7,-0.2,-0.0,0.2
2025-12-05,129260,,6.67,-0.4,-0.1,0.5
2025-12-08,129260,,6.62,-0.7,-0.1,0.7
2025-12-09,129260,,6.53,-0.7,0.0,0.7
2025-12-10,129260,,6.44,0.4,-0.0,-0.6
2025-12-11,129260,,6.49,-0.0,-0.0,0.1
2025-12-12,129260,,6.48,0.9,-0.0,-0.9
2025-12-15,129260,,6.6,-0.0,0.0,0.0
2025-12-16,129260,,6.59,-0.9,0.0,0.8
2025-12-17,129260,,6.47,0.6,0.0,-0.6
2025-12-18,129260,,6.55,1.2,-0.0,-1.2
2025-12-19,129260,,6.7,-0.2,-0.0,0.2
2025-12-22,129260,,6.68,-0.0,-0.0,-0.0
2025-12-23,129260,,6.67,-0.8,-0.0,0.6
2025-12-24,129260,,6.58,-0.3,-0.0,0.3
2025-12-26,129260,,6.55,-0.4,0.0,0.3
2025-12-29,129260,,6.5,-1.9,0.0,1.9
2025-12-30,129260,2400.0,6.23,0.1,-0.1,0.1
2026-01-02,129260,,5.72,-0.6,-0.0,0.6
2026-01-05,129260,,5.63,-0.8,-0.0,0.8
2026-01-06,129260,,5.52,-0.5,-0.0,0.5
2026-01-07,129260,,5.47,-0.6,-0.0,0.7
2026-01-08,129260,,5.38,0.3,-0.0,-0.4
2026-01-09,129260,,5.43,0.2,0.0,-0.2
2026-01-12,129260,,5.46,-0.1,-0.0,0.1
2026-01-13,129260,,5.46,0.0,0.0,-0.0
2026-01-14,129260,,5.47,-0.0,-0.0,0.0
2026-01-15,129260,,5.46,-0.3,-0.0,0.3
2026-01-16,129260,,5.42,-0.0,-0.0,0.0
2026-01-19,129260,,5.42,0.2,0.0,-0.2
2026-01-20,129260,,5.44,1.2,-0.0,-1.2
2026-01-21,129260,,5.61,-0.6,-0.0,0.6
2026-01-22,129260,,5.52,0.4,-0.0,-0.4
2026-01-23,129260,,5.58,-0.0,-0.0,0.0
2026-01-26,129260,,5.57,0.4,0.0,-0.6
2026-01-27,129260,,5.63,0.1,-0.0,-0.1
2026-01-28,129260,,5.64,-0.2,0.0,0.2
2026-01-29,129260,,5.61,1.1,0.0,-1.1
2026-01-30,129260,2420.0,5.77,0.1,-0.0,-0.1
2026-02-02,129260,,5.78,-0.9,0.0,0.9
2026-02-03,129260,,5.65,0.5,-0.0,-0.5
2026-02-04,129260,,5.72,0.4,-0.0,-0.6
2026-02-05,129260,,5.78,-0.3,0.0,0.3
2026-02-06,129260,,5.73,-0.5,0.0,0.5
2026-02-09,129260,,5.67,-0.4,-0.0,0.3
2026-02-10,129260,,5.62,0.1,-0.0,-0.1
2026-02-11,129260,,5.76,-0.2,-0.0,0.2
2026-02-12,129260,,5.75,0.6,-0.0,-0.8
2026-02-13,129260,,5.82,-0.5,-0.0,0.4
2026-02-19,129260,,5.76,0.0,-0.0,-0.1
2026-02-20,129260,,5.76,10.0,0.0,-0.7
2026-02-23,129260,,7.13,-0.2,0.0,0.2
2026-02-24,129260,,7.23,-0.2,0.0,-0.1
2026-02-25,129260,,7.2,-2.6,0.0,2.5
2026-02-26,129260,,6.87,-0.9,0.0,0.8
2026-02-27,129260,2580.0,6.79,-0.0,0.0,-0.0
2026-03-03,129260,,6.88,-1.8,0.0,2.4
2026-03-04,129260,,6.65,2.9,-0.0,-2.9
2026-03-05,129260,,7.05,1.1,0.0,-1.2
2026-03-06,129260,,7.2,-0.1,0.0,0.1
2026-03-09,129260,,7.19,0.0,0.0,-0.0
2026-03-10,129260,,7.2,-0.1,-0.0,0.1
2026-03-11,129260,,7.19,-0.4,-0.0,0.4
2026-03-12,129260,,7.14,0.2,-0.0,-0.2
2026-03-13,129260,,7.17,-0.1,0.0,0.1
2026-03-16,129260,,7.15,-0.1,-0.0,0.1
2026-03-17,129260,,7.13,-0.3,-0.0,0.3
2026-03-18,129260,,7.09,0.1,-0.0,-0.2
2026-03-19,129260,,7.1,-1.3,0.0,1.3
2026-03-20,129260,,6.93,1.1,0.0,-1.2
2026-03-23,129260,,7.07,-0.2,0.0,0.3
2026-03-24,129260,,7.04,-0.6,0.0,0.6
2026-03-25,129260,,6.95,0.2,-0.0,-0.2
2026-03-26,129260,,6.98,-0.6,0.0,0.5
2026-03-27,129260,,6.9,0.1,0.0,-0.1
2026-03-30,129260,,6.91,-0.2,-0.0,0.2
2026-03-31,129260,2390.0,6.88,-0.2,0.0,0.1
2026-04-01,129260,,6.84,-0.1,-0.0,0.3
2026-04-02,129260,,6.83,-0.4,-0.0,0.4
2026-04-03,129260,,6.78,0.4,-0.0,-0.4
2026-04-06,129260,,6.83,-0.2,-0.0,0.2
2026-04-07,129260,,6.8,-0.1,-0.0,0.1
2026-04-08,129260,,6.79,0.1,-0.0,-0.1
2026-04-09,129260,,6.8,-0.1,-0.0,0.1
2026-04-10,129260,,6.79,0.8,-0.0,-0.8
2026-04-13,129260,,6.89,-0.9,0.0,0.9
2026-04-14,129260,,6.77,0.1,-0.3,0.2
2026-04-15,129260,,6.64,-0.1,-0.0,0.1
2026-04-16,129260,,6.62,-0.5,-0.0,-0.5
2026-04-17,129260,,6.56,-0.2,-0.0,0.2
2026-04-20,129260,,6.53,-0.3,-0.0,0.3
2026-04-21,129260,,6.49,-0.4,-0.0,0.4
2026-04-22,129260,,6.43,-0.3,-0.0,-0.1
2026-04-23,129260,,6.4,-0.3,-0.2,0.5
2026-04-24,129260,,6.35,0.2,-0.0,-0.2
2026-04-27,129260,,6.38,-0.7,-0.0,0.6
2026-04-28,129260,,6.29,-0.4,-0.0,0.4
2026-04-29,129260,,6.08,0.1,-0.0,-0.1
2026-04-30,129260,2525.0,6.1,-0.0,-0.0,-0.1
2026-05-04,129260,,6.09,-0.4,-0.0,0.4
2026-05-06,129260,,6.04,-0.4,-0.0,0.3
2026-05-07,129260,,5.99,-0.4,-0.0,0.4
2026-05-08,129260,,5.93,-0.0,0.0,0.0
2026-05-11,129260,,5.93,-0.9,-0.0,0.8
2026-05-12,129260,,5.8,-1.1,-0.0,1.1
2026-05-13,129260,,5.65,-0.1,-0.0,0.2
2026-05-14,129260,,5.63,0.2,-0.0,-0.2
2026-05-15,129260,,5.65,-0.3,0.0,0.3
2026-05-18,129260,,5.6,0.2,-0.0,-0.2
2026-05-19,129260,,5.63,0.9,0.0,-0.9
2026-05-20,129260,,5.95,-0.7,-0.0,0.7
2026-05-21,129260,,5.88,-0.4,-0.0,0.4
2026-05-22,129260,,5.82,0.3,-0.0,-0.3
2026-05-26,129260,,5.87,-0.4,-0.0,0.5
2026-05-27,129260,,5.8,0.2,-0.0,-0.2
2026-05-28,129260,,5.84,0.0,0.0,-0.1
2026-05-29,129260,2050.0,5.84,0.1,-0.0,-0.1
2026-06-01,129260,,5.86,-0.7,0.0,0.7
2026-06-02,129260,,5.74,0.5,-0.0,-0.5
2026-06-04,129260,,5.82,-0.2,0.0,0.2
2026-06-05,129260,,5.92,0.2,0.0,-0.2
2026-06-08,129260,,5.95,0.1,-0.0,-0.1
2026-06-09,129260,,5.97,0.0,-0.0,-0.0
2026-06-10,129260,,5.98,-0.3,0.0,0.3
2026-06-11,129260,,5.92,-0.0,-0.0,0.0
2026-06-12,129260,,5.92,0.4,-0.0,-0.4
2026-06-15,129260,,5.98,-0.1,-0.0,0.1
2026-06-16,129260,,5.97,0.1,-0.3,-0.0
2026-06-17,129260,,5.99,0.2,-0.0,-0.2
2026-06-18,129260,,6.01,0.1,-0.0,-0.1
2026-06-19,129260,,6.04,-0.7,0.0,0.6
2026-06-22,129260,,5.93,-0.0,-0.0,0.0
2026-06-23,129260,,5.93,-0.1,0.0,0.0
2026-06-24,129260,,5.92,-0.1,0.0,0.0
2026-06-25,129260,,5.9,-0.1,0.0,0.0
2026-06-26,129260,,5.88,0.1,0.0,-0.1
2026-06-29,129260,,5.92,0.1,-0.0,-0.1
2026-06-30,129260,1949.0,5.93,-0.1,-0.0,0.1
2026-07-01,129260,,5.91,-0.0,0.0,0.0
2026-07-02,129260,,5.93,0.0,0.0,-0.0
2026-07-03,129260,,5.93,-0.1,-0.0,0.1
2026-07-06,129260,,5.92,-0.1,-0.0,0.1
2026-07-07,129260,,5.9,-0.1,0.0,0.1
2026-07-08,129260,,5.88,-0.1,0.0,0.1
2026-07-09,129260,,5.86,0.2,-0.0,-0.2
2026-07-10,129260,,5.89,0.2,-0.0,-0.2
2026-07-13,129260,1949.0,5.92,0.1,0.0,-0.1
2025-07-14,129890,,1.61,0.1,-0.0,-0.1
2025-07-15,129890,,1.63,0.2,-0.0,-0.2
2025-07-16,129890,,1.68,-0.2,0.0,0.2
2025-07-17,129890,,1.64,0.1,0.0,-0.1
2025-07-18,129890,,1.66,-0.0,0.0,0.0
2025-07-21,129890,,1.71,0.3,0.0,-0.3
2025-07-22,129890,,1.76,-0.1,-0.0,0.1
2025-07-23,129890,,1.74,-0.1,0.0,0.1
2025-07-24,129890,,1.71,-0.4,0.0,0.4
2025-07-25,129890,,1.61,-0.5,0.0,0.5
2025-07-28,129890,,1.5,-0.4,-0.0,0.4
2025-07-29,129890,,1.41,-0.1,0.0,0.1
2025-07-30,129890,,1.39,-0.1,0.0,0.0
2025-07-31,129890,,1.38,-0.2,0.0,0.2
2025-08-01,129890,,1.33,0.0,0.0,-0.0
2025-08-04,129890,,1.33,-0.1,-0.0,0.1
2025-08-05,129890,,1.32,-0.1,-0.0,0.1
2025-08-06,129890,,1.29,-0.0,0.0,0.0
2025-08-07,129890,,1.28,-0.1,0.0,0.1
2025-08-08,129890,,1.27,0.1,0.0,-0.1
2025-08-11,129890,,1.29,0.1,0.0,-0.1
2025-08-12,129890,,1.32,-0.1,0.0,0.1
2025-08-13,129890,,1.31,-0.0,0.0,-0.0
2025-08-14,129890,,1.31,-0.2,0.0,0.2
2025-08-18,129890,,1.26,-0.2,0.0,0.2
2025-08-19,129890,,1.22,-0.5,0.0,0.5
2025-08-20,129890,,1.12,-0.2,0.0,0.2
2025-08-21,129890,,1.08,0.1,0.0,-0.1
2025-08-22,129890,,1.1,0.0,-0.0,-0.0
2025-08-25,129890,,1.1,0.1,0.0,-0.1
2025-08-26,129890,,1.14,-0.0,0.0,0.0
2025-08-27,129890,,1.14,2.1,1.5,-3.9
2025-08-28,129890,,1.57,-2.4,-0.0,2.3
2025-08-29,129890,1135.0,1.17,-2.3,-0.0,2.0
2025-09-01,129890,,0.82,-1.3,-0.0,1.4
2025-09-02,129890,,0.59,0.3,0.0,-0.3
2025-09-03,129890,,0.65,0.6,-0.0,-0.6
2025-09-04,129890,,0.75,-2.0,0.0,1.6
2025-09-05,129890,,0.4,0.6,0.0,-0.3
2025-09-08,129890,,0.5,-0.5,0.2,0.0
2025-09-09,129890,,0.4,1.6,0.0,-1.5
2025-09-10,129890,,0.68,0.2,0.0,-0.0
2025-09-11,129890,,0.72,-0.4,-0.0,0.6
2025-09-12,129890,,0.64,-0.9,-1.4,2.3
2025-09-15,129890,,0.48,0.7,-0.0,0.3
2025-09-16,129890,,0.6,1.3,0.0,-1.6
2025-09-17,129890,,0.85,-0.2,-0.0,0.4
2025-09-18,129890,,0.83,1.3,0.0,-1.3
2025-09-19,129890,,1.08,-0.8,-0.0,0.8
2025-09-22,129890,,0.94,1.9,-0.0,-1.9
2025-09-23,129890,,1.29,0.9,0.0,-0.9
2025-09-24,129890,,1.5,1.4,-0.1,-1.3
2025-09-25,129890,,1.77,-1.6,-0.0,1.5
2025-09-26,129890,,1.49,-0.1,-0.0,0.2
2025-09-29,129890,,1.46,0.4,0.0,-0.4
2025-09-30,129890,994.0,1.54,0.2,0.0,-0.2
2025-10-01,129890,,1.59,0.9,0.0,-0.9
2025-10-02,129890,,1.76,-0.2,0.0,0.2
2025-10-10,129890,,1.72,0.6,-0.0,-0.6
2025-10-13,129890,,1.85,0.2,0.0,-0.2
2025-10-14,129890,,1.88,-0.7,-0.0,0.7
2025-10-15,129890,,1.76,1.0,0.0,-1.3
2025-10-16,129890,,1.96,-0.2,0.0,-0.5
2025-10-17,129890,,1.93,-0.1,0.0,0.1
2025-10-20,129890,,1.91,-0.3,0.0,1.1
2025-10-21,129890,,1.86,0.4,0.0,-0.4
2025-10-22,129890,,1.92,0.5,0.0,-0.4
2025-10-23,129890,,2.03,-0.1,0.0,-0.0
2025-10-24,129890,,2.02,-0.2,-0.0,0.0
2025-10-27,129890,,2.03,0.4,-0.0,-0.5
2025-10-28,129890,,2.07,0.7,0.0,-0.8
2025-10-29,129890,,2.21,-0.0,-0.0,-0.0
2025-10-30,129890,,2.21,-0.5,0.0,0.5
2025-10-31,129890,1019.0,2.12,0.1,-0.0,-0.1
2025-11-03,129890,,2.14,0.6,0.0,-0.7
2025-11-04,129890,,2.26,-0.3,0.0,0.3
2025-11-05,129890,,2.22,-0.6,0.0,0.9
2025-11-06,129890,,2.09,-0.4,-0.0,0.4
2025-11-07,129890,,2.01,0.1,-1.0,0.9
2025-11-10,129890,,2.04,0.4,0.0,-0.4
2025-11-11,129890,,2.12,-0.4,0.0,0.4
2025-11-12,129890,,2.05,0.2,0.0,-0.2
2025-11-13,129890,,2.1,0.5,-0.0,-0.5
2025-11-14,129890,,2.21,-0.7,0.0,0.6
2025-11-17,129890,,2.3,-0.6,0.0,0.6
2025-11-18,129890,,2.17,-0.3,0.0,0.3
2025-11-19,129890,,2.1,0.1,-0.0,-0.1
2025-11-20,129890,,2.12,0.3,0.0,-0.3
2025-11-21,129890,,2.19,0.2,0.0,-0.2
2025-11-24,129890,,2.24,0.0,0.0,-0.0
2025-11-25,129890,,2.23,0.0,0.0,-0.0
2025-11-26,129890,,2.24,0.3,-0.0,-0.3
2025-11-27,129890,,2.3,0.4,0.0,-0.4
2025-11-28,129890,1058.0,2.39,2.3,-0.0,-2.3
2025-12-01,129890,,2.87,-10.1,1.6,12.8
2025-12-02,129890,,1.17,-1.3,-0.0,1.6
2025-12-03,129890,,1.02,4.1,0.0,-3.8
2025-12-04,129890,,1.64,-3.0,0.6,2.5
2025-12-05,129890,,1.36,1.5,0.0,-1.5
2025-12-08,129890,,1.62,6.1,-0.0,-6.1
2025-12-09,129890,,2.66,-0.7,-0.0,0.8
2025-12-10,129890,,2.54,2.7,-0.0,-2.7
2025-12-11,129890,,2.99,3.4,-0.0,-3.3
2025-12-12,129890,,3.54,-1.2,0.0,1.0
2025-12-15,129890,,3.34,1.8,0.0,-1.8
2025-12-16,129890,,3.64,-0.1,-0.0,0.1
2025-12-17,129890,,4.06,0.2,5.2,-0.2
2025-12-18,129890,,3.59,-0.5,-0.0,0.5
2025-12-19,129890,,3.51,1.6,0.0,-1.6
2025-12-22,129890,,3.78,0.4,0.1,-0.5
2025-12-23,129890,,3.84,-2.9,0.0,2.8
2025-12-24,129890,,3.02,3.4,0.0,-3.4
2025-12-26,129890,,3.61,-1.5,-0.1,1.6
2025-12-29,129890,,3.33,-1.3,-0.0,2.9
2025-12-30,129890,1070.0,3.07,0.9,0.0,-0.8
2026-01-02,129890,,2.95,1.5,0.0,-1.5
2026-01-05,129890,,3.59,1.3,-0.2,-1.1
2026-01-06,129890,,3.87,0.1,-0.1,0.0
2026-01-07,129890,,3.88,1.5,0.0,-1.5
2026-01-08,129890,,4.2,-0.2,-0.2,0.5
2026-01-09,129890,,4.17,0.4,0.0,-0.4
2026-01-12,129890,,4.25,0.2,0.0,-0.2
2026-01-13,129890,,4.29,-1.2,0.0,1.2
2026-01-14,129890,,4.09,0.1,0.0,-0.2
2026-01-15,129890,,4.12,0.3,0.0,-0.3
2026-01-16,129890,,4.18,-0.4,0.0,0.4
2026-01-19,129890,,4.1,0.0,-0.1,0.0
2026-01-20,129890,,4.11,0.7,0.0,-0.7
2026-01-21,129890,,4.27,-1.1,0.0,1.0
2026-01-22,129890,,4.02,-3.9,0.0,3.7
2026-01-23,129890,,3.2,-0.2,-0.0,0.3
2026-01-26,129890,,3.15,0.4,0.0,-0.4
2026-01-27,129890,,3.39,-0.1,0.0,0.1
2026-01-28,129890,,3.37,-0.4,0.0,0.4
2026-01-29,129890,,3.29,-0.1,0.0,0.1
2026-01-30,129890,909.0,3.27,-0.5,0.0,0.5
2026-02-02,129890,,3.31,-0.3,0.0,0.3
2026-02-03,129890,,3.25,-0.1,-0.0,0.1
2026-02-04,129890,,3.23,0.7,0.0,-0.8
2026-02-05,129890,,3.4,-0.5,0.0,0.5
2026-02-06,129890,,3.27,-0.4,0.0,0.4
2026-02-09,129890,,3.16,-0.2,0.0,0.2
2026-02-10,129890,,3.12,0.3,0.0,-0.4
2026-02-11,129890,,3.2,0.2,0.0,-0.2
2026-02-12,129890,,3.25,-0.1,0.0,0.2
2026-02-13,129890,,3.22,-0.4,0.0,0.4
2026-02-19,129890,,3.12,0.5,-0.0,-0.5
2026-02-20,129890,,3.24,0.1,-0.0,-0.1
2026-02-23,129890,,3.26,-0.0,0.0,0.0
2026-02-24,129890,,3.18,0.2,0.0,-0.2
2026-02-25,129890,,3.24,-0.1,-0.0,0.1
2026-02-26,129890,,3.22,-0.4,0.0,0.4
2026-02-27,129890,941.0,3.12,-0.5,0.0,0.5
2026-03-03,129890,,3.01,0.5,0.0,-0.5
2026-03-04,129890,,3.2,-0.3,0.0,0.3
2026-03-05,129890,,3.15,1.0,0.1,-1.2
2026-03-06,129890,,3.42,0.1,0.5,-0.6
2026-03-09,129890,,3.47,-0.3,0.2,0.2
2026-03-10,129890,,3.38,0.0,0.0,-0.1
2026-03-11,129890,,3.08,-0.0,0.1,-0.0
2026-03-12,129890,,3.07,0.2,0.0,-0.2
2026-03-13,129890,,3.11,0.0,-0.1,-0.1
2026-03-16,129890,,3.11,-0.2,-0.0,0.2
2026-03-17,129890,,3.07,0.0,0.0,-0.0
2026-03-18,129890,,3.07,-0.0,0.0,-0.0
2026-03-19,129890,,3.07,0.4,,-0.4
2026-03-20,129890,,3.18,0.4,0.0,-0.4
2026-03-23,129890,,3.27,-0.1,0.1,-0.0
2026-03-24,129890,,3.25,0.1,-0.0,-0.1
2026-03-25,129890,,3.27,0.8,0.2,-1.1
2026-03-26,129890,,3.45,-0.1,0.0,0.1
2026-03-27,129890,,3.43,0.0,0.0,-0.0
2026-03-30,129890,,3.44,-0.0,0.0,0.0
2026-03-31,129890,922.0,3.43,-0.3,-0.2,0.5
2026-04-01,129890,,3.36,-0.0,0.0,-0.0
2026-04-02,129890,,3.36,-0.4,,0.4
2026-04-03,129890,,3.27,-0.2,,0.2
2026-04-06,129890,,3.23,-0.2,0.0,0.2
2026-04-07,129890,,3.19,0.1,0.0,-0.1
2026-04-08,129890,,3.21,1.1,0.0,-1.1
2026-04-09,129890,,3.46,-2.8,-0.0,2.8
2026-04-10,129890,,2.88,0.1,0.1,-0.2
2026-04-13,129890,,2.9,0.0,0.0,-0.0
2026-04-14,129890,,2.9,1.1,0.1,-1.3
2026-04-15,129890,,3.12,-0.3,,-0.5
2026-04-16,129890,,3.05,0.7,0.1,-1.3
2026-04-17,129890,,3.19,0.5,-0.0,-1.6
2026-04-20,129890,,3.29,-1.2,0.0,1.4
2026-04-21,129890,,3.06,-0.2,0.0,0.2
2026-04-22,129890,,3.01,-0.3,0.0,0.4
2026-04-23,129890,,2.95,-0.0,-0.0,-0.0
2026-04-24,129890,,2.95,-0.4,,0.1
2026-04-27,129890,,2.88,0.6,0.0,-0.6
2026-04-28,129890,,2.99,-0.6,-0.0,0.7
2026-04-29,129890,,2.86,-0.1,0.0,0.1
2026-04-30,129890,1099.0,2.84,0.3,-0.0,-0.3
2026-05-04,129890,,2.9,-0.1,-0.2,0.4
2026-05-06,129890,,2.88,-0.2,-0.0,0.2
2026-05-07,129890,,2.83,0.6,-0.0,-0.6
2026-05-08,129890,,2.95,0.3,-0.0,-0.4
2026-05-11,129890,,3.01,-0.2,0.0,0.3
2026-05-12,129890,,2.99,-0.2,0.0,0.3
2026-05-13,129890,,2.83,0.0,0.0,-0.0
2026-05-14,129890,,2.83,0.4,-0.0,-0.4
2026-05-15,129890,,2.92,0.4,0.0,0.6
2026-05-18,129890,,3.01,0.3,-0.0,-0.3
2026-05-19,129890,,3.07,-0.0,-0.0,0.0
2026-05-20,129890,,3.07,-0.1,-0.0,0.1
2026-05-21,129890,,3.16,-0.6,-0.0,0.5
2026-05-22,129890,,3.03,-0.1,,0.1
2026-05-26,129890,,3.01,-0.1,0.0,0.6
2026-05-27,129890,,2.98,-0.5,-0.0,0.6
2026-05-28,129890,,2.86,-0.1,,0.1
2026-05-29,129890,970.0,2.85,-2.0,0.0,2.0
2026-06-01,129890,,2.42,-0.0,-0.0,0.0
2026-06-02,129890,,2.42,0.6,0.0,-0.6
2026-06-04,129890,,2.55,-0.8,-0.0,0.7
2026-06-05,129890,,2.36,0.5,0.0,-0.4
2026-06-08,129890,,2.46,-0.3,-0.0,0.4
2026-06-09,129890,,2.38,0.3,-0.0,-0.3
2026-06-10,129890,,2.45,-0.2,0.0,0.2
2026-06-11,129890,,2.4,0.0,-0.0,-0.0
2026-06-12,129890,,2.4,-0.1,0.0,0.1
2026-06-15,129890,,2.38,-0.5,0.0,0.5
2026-06-16,129890,,2.26,-0.1,0.0,0.1
2026-06-17,129890,,2.25,-0.2,0.0,0.2
2026-06-18,129890,,2.21,0.4,-0.0,-0.4
2026-06-19,129890,,2.31,-0.6,0.0,0.6
2026-06-22,129890,,2.17,-0.1,-0.0,0.1
2026-06-23,129890,,2.17,0.2,0.0,-0.2
2026-06-24,129890,,2.24,-0.2,-0.0,0.2
2026-06-25,129890,,2.19,-0.7,0.0,0.6
2026-06-26,129890,,2.05,-2.1,0.0,2.1
2026-06-29,129890,,1.67,0.6,-0.0,-0.7
2026-06-30,129890,906.0,1.94,-0.3,0.0,0.4
2026-07-01,129890,,1.86,0.9,0.0,-0.8
2026-07-02,129890,,2.08,0.3,-0.0,-0.4
2026-07-03,129890,,2.18,0.3,-0.0,-0.2
2026-07-06,129890,,2.24,0.7,0.0,0.2
2026-07-07,129890,,2.4,0.1,-0.0,-0.0
2026-07-08,129890,,2.41,-0.0,0.0,0.0
2026-07-09,129890,,2.4,0.2,0.0,-0.2
2026-07-10,129890,,2.44,0.1,-0.0,-0.1
2026-07-13,129890,896.0,2.47,0.2,-0.0,-0.2
2025-07-14,129920,,2.09,1.1,0.0,-0.9
2025-07-15,129920,,2.29,1.0,-0.7,-0.2
2025-07-16,129920,,2.47,-1.0,,1.0
2025-07-17,129920,,2.34,0.3,,-0.5
2025-07-18,129920,,2.38,0.3,,-0.3
2025-07-21,129920,,2.45,-0.1,,0.1
2025-07-22,129920,,2.43,-0.1,,0.2
2025-07-23,129920,,2.41,0.4,,-0.3
2025-07-24,129920,,2.46,0.0,,-0.2
2025-07-25,129920,,2.46,0.2,,0.2
2025-07-28,129920,,2.49,-0.0,,0.0
2025-07-29,129920,,2.49,0.2,,-0.2
2025-07-30,129920,,2.52,-0.1,,0.1
2025-07-31,129920,,2.5,0.1,,-0.1
2025-08-01,129920,,2.52,-0.2,,0.2
2025-08-04,129920,,2.49,0.5,,-0.5
2025-08-05,129920,,2.57,-0.1,,0.0
2025-08-06,129920,,2.56,0.1,,-0.1
2025-08-07,129920,,2.59,0.3,,-0.3
2025-08-08,129920,,2.64,-0.2,,0.2
2025-08-11,129920,,2.61,0.1,,-0.1
2025-08-12,129920,,2.63,-0.1,,0.1
2025-08-13,129920,,2.6,-0.0,0.0,0.0
2025-08-14,129920,,2.6,0.1,,-0.1
2025-08-18,129920,,2.62,0.1,,-0.1
2025-08-19,129920,,2.64,-0.1,,0.1
2025-08-20,129920,,2.63,0.4,,-0.4
2025-08-21,129920,,2.7,0.0,,0.0
2025-08-22,129920,,2.7,0.0,-0.1,0.1
2025-08-25,129920,,2.71,0.0,,-0.0
2025-08-26,129920,,2.72,-0.2,,0.3
2025-08-27,129920,,2.68,-0.1,,0.1
2025-08-28,129920,,2.67,-0.0,,0.1
2025-08-29,129920,4330.0,2.66,-0.0,,0.0
2025-09-01,129920,,2.66,-0.4,,0.4
2025-09-02,129920,,2.59,0.5,,-0.5
2025-09-03,129920,,2.67,0.1,,-0.1
2025-09-04,129920,,2.68,0.3,,-0.3
2025-09-05,129920,,2.73,0.2,,-0.2
2025-09-08,129920,,2.76,-0.3,,0.3
2025-09-09,129920,,2.71,0.0,,-0.0
2025-09-10,129920,,2.72,0.3,,-0.2
2025-09-11,129920,,2.76,0.6,,-0.7
2025-09-12,129920,,2.87,-0.3,,0.3
2025-09-15,129920,,2.82,0.2,,-0.2
2025-09-16,129920,,2.84,-0.1,,0.2
2025-09-17,129920,,2.82,0.1,,-0.0
2025-09-18,129920,,2.83,-0.3,,0.3
2025-09-19,129920,,2.79,-0.7,,0.7
2025-09-22,129920,,2.67,-0.1,,0.2
2025-09-23,129920,,2.65,-0.8,,0.8
2025-09-24,129920,,2.51,-0.1,,0.0
2025-09-25,129920,,2.49,-0.3,,0.3
2025-09-26,129920,,2.44,1.1,,-1.1
2025-09-29,129920,,2.65,0.1,,-0.1
2025-09-30,129920,3935.0,2.68,0.4,,-0.4
2025-10-01,129920,,2.75,0.0,,-0.0
2025-10-02,129920,,2.76,-0.4,,0.4
2025-10-10,129920,,2.69,-0.6,,0.6
2025-10-13,129920,,2.57,0.2,,-0.2
2025-10-14,129920,,2.61,-0.5,,0.5
2025-10-15,129920,,2.52,0.1,,-0.1
2025-10-16,129920,,2.54,-0.4,,0.3
2025-10-17,129920,,2.48,0.1,,-0.1
2025-10-20,129920,,2.49,-0.4,,0.4
2025-10-21,129920,,2.42,-0.1,,0.1
2025-10-22,129920,,2.39,0.1,,-0.2
2025-10-23,129920,,2.42,0.0,,-0.0
2025-10-24,129920,,2.43,0.0,,-0.0
2025-10-27,129920,,2.43,0.2,-0.0,-0.2
2025-10-28,129920,,2.47,-0.1,,0.1
2025-10-29,129920,,2.46,0.3,-0.1,-0.2
2025-10-30,129920,,2.51,-0.1,,0.1
2025-10-31,129920,3860.0,2.49,-0.1,,0.1
2025-11-03,129920,,2.46,-0.8,,0.8
2025-11-04,129920,,2.3,0.2,,-0.2
2025-11-05,129920,,2.35,0.1,,-0.1
2025-11-06,129920,,2.37,0.1,,-0.1
2025-11-07,129920,,2.39,-0.0,,0.1
2025-11-10,129920,,2.39,0.4,,-0.3
2025-11-11,129920,,2.4,-0.0,,0.0
2025-11-12,129920,,2.4,0.1,,-0.1
2025-11-13,129920,,2.41,-0.1,,0.1
2025-11-14,129920,,2.39,-0.1,,0.1
2025-11-17,129920,,2.38,-0.1,,0.1
2025-11-18,129920,,2.36,-0.2,,0.2
2025-11-19,129920,,2.32,0.2,,-0.2
2025-11-20,129920,,2.35,0.4,,-0.3
2025-11-21,129920,,2.43,-0.1,,0.1
2025-11-24,129920,,2.41,0.5,,-0.4
2025-11-25,129920,,2.52,-0.0,,0.0
2025-11-26,129920,,2.51,0.1,,-0.1
2025-11-27,129920,,2.54,0.0,,-0.0
2025-11-28,129920,3675.0,2.54,0.2,,-0.2
2025-12-01,129920,,2.58,-0.1,,0.1
2025-12-02,129920,,2.56,-0.0,,0.0
2025-12-03,129920,,2.55,0.1,,-0.1
2025-12-04,129920,,2.57,0.0,,-0.0
2025-12-05,129920,,2.57,0.1,,-0.2
2025-12-08,129920,,2.6,-2.2,,2.1
2025-12-09,129920,,2.28,0.0,,0.0
2025-12-10,129920,,2.29,1.2,,-1.2
2025-12-11,129920,,2.51,0.1,,-0.1
2025-12-12,129920,,2.54,0.1,,-0.2
2025-12-15,129920,,2.56,0.5,,-0.4
2025-12-16,129920,,2.64,-0.7,,0.7
2025-12-17,129920,,2.52,0.3,,-0.3
2025-12-18,129920,,2.57,-0.2,,0.2
2025-12-19,129920,,2.54,0.2,,-0.2
2025-12-22,129920,,2.58,-0.0,,0.0
2025-12-23,129920,,2.58,-0.2,,0.2
2025-12-24,129920,,2.54,0.0,,-0.0
2025-12-26,129920,,2.56,0.0,,-0.0
2025-12-29,129920,,2.57,0.3,,-0.3
2025-12-30,129920,3975.0,2.62,0.2,,-0.2
2026-01-02,129920,,2.67,0.5,,-0.5
2026-01-05,129920,,2.75,-0.2,,0.2
2026-01-06,129920,,2.71,-0.3,,0.3
2026-01-07,129920,,2.67,-0.5,,0.5
2026-01-08,129920,,2.57,-0.1,,0.1
2026-01-09,129920,,2.56,0.5,,-0.5
2026-01-12,129920,,2.65,0.5,,-0.5
2026-01-13,129920,,2.79,0.3,,-0.3
2026-01-14,129920,,2.85,-0.2,,0.2
2026-01-15,129920,,2.81,0.1,,-0.1
2026-01-16,129920,,2.83,-0.4,,0.4
2026-01-19,129920,,2.76,3.3,,-3.5
2026-01-20,129920,,3.28,-2.1,,2.2
2026-01-21,129920,,2.98,-0.5,,0.5
2026-01-22,129920,,2.89,0.0,,0.0
2026-01-23,129920,,2.91,0.4,,-0.4
2026-01-26,129920,,2.98,-0.6,-0.0,0.4
2026-01-27,129920,,2.9,-7.6,,7.6
2026-01-28,129920,,1.87,-2.2,,2.2
2026-01-29,129920,,1.59,-0.4,0.3,0.1
2026-01-30,129920,4970.0,1.53,-0.8,-0.3,1.1
2026-02-02,129920,,1.42,0.8,,-0.8
2026-02-03,129920,,1.51,0.9,,-1.9
2026-02-04,129920,,1.64,0.5,,-1.0
2026-02-05,129920,,1.72,2.0,0.1,-3.9
2026-02-06,129920,,2.01,2.6,0.0,-4.3
2026-02-09,129920,,2.37,-0.6,0.0,-1.1
2026-02-10,129920,,2.29,1.5,,-1.2
2026-02-11,129920,,2.51,-0.3,-0.1,0.3
2026-02-12,129920,,2.47,1.1,0.0,-1.5
2026-02-13,129920,,2.62,4.2,0.4,-4.6
2026-02-19,129920,,3.2,14.7,-0.1,-13.0
2026-02-20,129920,,4.97,14.6,-1.3,-16.5
2026-02-23,129920,,6.51,-2.9,0.1,-1.6
2026-02-24,129920,,6.13,0.0,0.1,-0.3
2026-02-25,129920,,6.15,-0.2,,-0.9
2026-02-26,129920,,6.06,1.6,,-1.2
2026-02-27,129920,7360.0,6.16,-3.2,0.2,2.9
2026-03-03,129920,,5.83,-18.5,-0.7,15.3
2026-03-04,129920,,4.15,15.5,,-14.6
2026-03-05,129920,,5.95,1.1,,-0.9
2026-03-06,129920,,6.06,-2.6,0.1,2.0
2026-03-09,129920,,5.79,-1.7,0.1,1.7
2026-03-10,129920,,5.6,9.2,-0.2,-6.3
2026-03-11,129920,,6.47,-1.4,,1.7
2026-03-12,129920,,6.35,-5.2,-0.1,5.2
2026-03-13,129920,,5.91,-7.6,-0.2,8.2
2026-03-16,129920,,5.35,-1.6,,6.6
2026-03-17,129920,,5.27,-4.0,,1.6
2026-03-18,129920,,5.02,-0.8,,-0.3
2026-03-19,129920,,4.92,-0.5,,1.2
2026-03-20,129920,,4.89,1.2,,-1.6
2026-03-23,129920,,4.97,9.8,,-9.7
2026-03-24,129920,,5.74,-5.1,11.0,10.2
2026-03-25,129920,,5.4,-10.4,5.1,-1.9
2026-03-26,129920,,4.83,-2.2,2.6,-0.6
2026-03-27,129920,,4.72,3.2,5.0,-9.2
2026-03-30,129920,,4.85,-2.1,-6.9,15.6
2026-03-31,129920,13010.0,4.72,-1.8,-5.1,6.9
2026-04-01,129920,,4.63,0.5,0.0,26.6
2026-04-02,129920,,4.64,-0.6,-0.2,1.5
2026-04-03,129920,,4.55,-0.8,0.6,1.8
2026-04-06,129920,,4.51,1.5,-5.8,4.3
2026-04-07,129920,,4.64,4.7,5.3,-7.1
2026-04-08,129920,,4.94,1.6,-0.6,-0.3
2026-04-09,129920,,4.7,3.2,3.3,-4.6
2026-04-10,129920,,4.93,-0.3,1.2,1.9
2026-04-13,129920,,4.93,2.6,10.8,-13.8
2026-04-14,129920,,5.09,-8.1,7.9,0.2
2026-04-15,129920,,4.68,-5.6,6.2,-0.6
2026-04-16,129920,,4.33,1.7,6.1,-5.1
2026-04-17,129920,,4.08,-16.2,2.8,14.6
2026-04-20,129920,,3.21,-3.2,1.8,1.4
2026-04-21,129920,,3.12,-17.6,1.7,16.8
2026-04-22,129920,,2.1,-2.1,-0.3,3.0
2026-04-23,129920,,2.04,9.1,2.8,-11.2
2026-04-24,129920,,2.63,4.4,-0.0,-4.6
2026-04-27,129920,,2.95,2.4,-0.0,-1.7
2026-04-28,129920,,3.11,-3.6,-0.0,3.8
2026-04-29,129920,,2.88,-9.2,-1.2,11.1
2026-04-30,129920,10640.0,2.26,5.1,-1.0,-0.3
2026-05-04,129920,,2.65,0.1,-0.1,-0.2
2026-05-06,129920,,2.67,26.2,-70.6,72.9
2026-05-07,129920,,4.84,43.7,-57.9,16.3
2026-05-08,129920,,6.93,3.0,-13.6,10.0
2026-05-11,129920,,7.46,4.5,-3.8,-0.3
2026-05-12,129920,,7.98,-3.2,-4.1,6.5
2026-05-13,129920,,7.79,4.1,-6.2,1.0
2026-05-14,129920,,8.01,-11.2,5.0,5.6
2026-05-15,129920,,7.36,10.1,-1.0,-9.1
2026-05-18,129920,,7.91,2.8,-9.4,7.9
2026-05-19,129920,,8.07,6.4,-8.9,1.9
2026-05-20,129920,,8.52,-0.4,-0.2,0.6
2026-05-21,129920,,8.5,-1.3,-3.3,5.1
2026-05-22,129920,,8.41,3.5,-2.3,-2.0
2026-05-26,129920,,8.65,-12.9,-0.2,15.3
2026-05-27,129920,,7.78,-0.6,-0.5,1.3
2026-05-28,129920,,7.74,5.8,-0.0,-5.7
2026-05-29,129920,7360.0,8.2,4.5,-5.1,0.1
2026-06-01,129920,,8.58,0.5,-0.2,-0.4
2026-06-02,129920,,8.62,1.1,0.7,-1.8
2026-06-04,129920,,8.73,-1.1,0.8,0.3
2026-06-05,129920,,8.57,1.5,-0.2,-1.2
2026-06-08,129920,,8.67,11.8,-1.1,-10.7
2026-06-09,129920,,9.87,13.6,-1.3,-12.3
2026-06-10,129920,,11.29,-6.4,0.5,5.9
2026-06-11,129920,,10.63,0.7,-0.6,-0.0
2026-06-12,129920,,10.71,-1.5,-0.1,1.7
2026-06-15,129920,,10.55,-2.2,-0.1,2.2
2026-06-16,129920,,10.31,-14.6,6.3,7.8
2026-06-17,129920,,9.0,1.5,1.9,-3.4
2026-06-18,129920,,9.15,-3.5,-0.9,4.2
2026-06-19,129920,,8.8,-0.9,-0.5,1.4
2026-06-22,129920,,8.72,0.2,-0.0,-0.2
2026-06-23,129920,,8.75,0.4,-0.5,0.3
2026-06-24,129920,,8.8,-0.6,-0.1,0.6
2026-06-25,129920,,8.7,1.1,-0.0,-1.0
2026-06-26,129920,,8.84,3.2,-0.0,-3.2
2026-06-29,129920,,9.29,4.4,0.0,-4.4
2026-06-30,129920,4995.0,9.91,-1.7,-0.0,1.6
2026-07-01,129920,,9.68,-0.0,0.2,-0.6
2026-07-02,129920,,9.68,0.1,0.0,0.2
2026-07-03,129920,,9.69,-0.9,-0.0,1.0
2026-07-06,129920,,9.58,-0.6,-0.0,0.9
2026-07-07,129920,,9.5,-0.8,-0.2,1.0
2026-07-08,129920,,9.39,-0.7,-0.0,0.7
2026-07-09,129920,,9.3,1.5,-0.0,-1.5
2026-07-10,129920,,9.52,1.1,-0.0,-1.1
2026-07-13,129920,4120.0,9.67,-0.8,0.0,0.8
