날짜,코드,종가,외인지분율,외인_억,기관_억,개인_억
2025-07-14,350520,4130.0,1.03,-0.1,-0.4,0.5
2025-07-15,350520,4105.0,1.02,-0.0,-1.4,1.5
2025-07-16,350520,4080.0,1.02,-0.2,-0.5,0.6
2025-07-17,350520,4060.0,1.01,-0.1,-0.5,0.8
2025-07-18,350520,4065.0,1.0,-0.2,-0.0,0.6
2025-07-21,350520,4080.0,0.99,-0.1,-0.1,0.8
2025-07-22,350520,4060.0,0.98,-0.2,-0.1,0.2
2025-07-23,350520,4065.0,0.97,-0.3,-0.2,0.5
2025-07-24,350520,4060.0,0.95,-0.2,-0.2,0.4
2025-07-25,350520,4070.0,0.94,0.1,-0.0,-0.0
2025-07-28,350520,4065.0,0.94,-0.3,0.0,0.2
2025-07-29,350520,4060.0,0.92,-0.0,-0.4,0.3
2025-07-30,350520,4050.0,0.92,0.2,-0.2,2.1
2025-07-31,350520,4045.0,0.93,0.5,-0.3,0.9
2025-08-01,350520,4025.0,0.96,-0.4,-0.0,0.5
2025-08-04,350520,4020.0,0.94,-0.2,-2.1,2.3
2025-08-05,350520,4020.0,0.92,0.5,-0.1,0.8
2025-08-06,350520,4005.0,0.96,-0.2,-0.5,1.5
2025-08-07,350520,4010.0,0.94,0.1,-0.8,1.9
2025-08-08,350520,4000.0,0.95,0.3,-0.3,-0.0
2025-08-11,350520,4000.0,0.97,0.0,-0.5,0.5
2025-08-12,350520,4030.0,0.97,-0.1,0.1,0.1
2025-08-13,350520,4045.0,0.96,0.0,0.2,-0.1
2025-08-14,350520,4070.0,0.96,1.0,-0.8,0.8
2025-08-18,350520,4030.0,1.03,-0.3,-0.0,0.6
2025-08-19,350520,4040.0,1.01,-0.5,-0.2,0.7
2025-08-20,350520,4030.0,0.98,0.1,0.7,-0.4
2025-08-21,350520,4015.0,0.98,-0.1,0.1,-0.0
2025-08-22,350520,4000.0,0.98,0.0,-0.3,0.4
2025-08-25,350520,4000.0,0.98,-0.0,-0.1,0.2
2025-08-26,350520,4010.0,0.98,0.1,-0.2,0.4
2025-08-27,350520,3990.0,0.98,-0.2,0.0,0.3
2025-08-28,350520,3985.0,0.97,-0.1,-0.0,0.2
2025-08-29,350520,3965.0,0.96,-0.1,0.6,2.6
2025-09-01,350520,3960.0,0.95,-0.3,-0.1,0.3
2025-09-02,350520,3950.0,0.93,-0.0,-0.1,0.2
2025-09-03,350520,3940.0,0.93,-0.1,0.1,1.1
2025-09-04,350520,3950.0,0.92,-0.0,0.0,0.2
2025-09-05,350520,3980.0,0.92,0.2,0.2,-0.4
2025-09-08,350520,4010.0,0.93,1.0,-0.9,-0.2
2025-09-09,350520,4005.0,1.0,0.1,-0.8,0.6
2025-09-10,350520,4010.0,1.01,0.0,-0.2,0.7
2025-09-11,350520,3990.0,1.01,0.1,-0.4,0.2
2025-09-12,350520,3995.0,1.02,0.3,-0.1,-0.2
2025-09-15,350520,4020.0,1.04,0.0,-0.3,0.2
2025-09-16,350520,3995.0,1.04,0.0,0.3,-0.4
2025-09-17,350520,3965.0,1.04,-0.1,-0.2,0.6
2025-09-18,350520,3955.0,1.04,0.0,-1.2,1.5
2025-09-19,350520,3955.0,1.04,-0.1,-1.7,1.8
2025-09-22,350520,3935.0,1.03,-0.2,-0.1,0.3
2025-09-23,350520,3915.0,1.02,-0.6,-0.1,0.5
2025-09-24,350520,3900.0,0.97,-0.7,0.3,0.3
2025-09-25,350520,3855.0,0.93,-0.3,0.1,0.2
2025-09-26,350520,3870.0,0.9,0.0,-0.3,0.5
2025-09-29,350520,3860.0,0.91,-0.5,0.1,0.1
2025-09-30,350520,3875.0,0.87,-0.2,-0.2,0.4
2025-10-01,350520,3885.0,0.86,0.0,-0.1,0.1
2025-10-02,350520,3905.0,0.86,0.7,-0.5,-1.4
2025-10-10,350520,3865.0,0.91,-0.6,0.4,-0.1
2025-10-13,350520,3835.0,0.87,0.1,0.2,-0.3
2025-10-14,350520,3830.0,0.88,-0.2,-0.5,1.0
2025-10-15,350520,3845.0,0.86,1.3,-1.2,-0.1
2025-10-16,350520,3830.0,0.95,-0.1,-0.5,0.6
2025-10-17,350520,3830.0,0.95,-0.0,-0.6,0.6
2025-10-20,350520,3870.0,0.95,0.3,0.0,-0.3
2025-10-21,350520,3880.0,0.97,0.4,-0.1,-0.4
2025-10-22,350520,3900.0,1.0,0.0,-0.1,0.1
2025-10-23,350520,3955.0,1.0,-0.5,0.7,-0.4
2025-10-24,350520,3925.0,0.96,-0.6,-0.9,1.1
2025-10-27,350520,3940.0,0.92,-0.1,-0.0,0.1
2025-10-28,350520,3950.0,0.92,0.1,0.0,0.2
2025-10-29,350520,3970.0,0.92,-0.1,0.2,-0.1
2025-10-30,350520,3980.0,0.91,0.1,-0.7,0.4
2025-10-31,350520,3975.0,0.92,-0.0,-0.4,0.4
2025-11-03,350520,3920.0,0.92,-0.5,0.4,0.1
2025-11-04,350520,3915.0,0.89,0.1,0.4,-0.5
2025-11-05,350520,3920.0,0.9,-0.4,0.3,0.1
2025-11-06,350520,3900.0,0.87,0.0,-0.1,0.1
2025-11-07,350520,3900.0,0.87,-0.1,0.2,-0.1
2025-11-10,350520,3935.0,0.86,0.0,0.2,-0.4
2025-11-11,350520,3935.0,0.87,-0.3,0.3,-0.0
2025-11-12,350520,3960.0,0.84,0.5,0.0,-0.6
2025-11-13,350520,3960.0,0.88,0.4,-0.1,-0.3
2025-11-14,350520,3945.0,0.9,0.2,0.1,-0.2
2025-11-17,350520,3970.0,0.92,-0.2,0.4,-0.2
2025-11-18,350520,3985.0,0.9,0.1,-0.7,1.2
2025-11-19,350520,4005.0,0.91,0.8,-0.3,-0.6
2025-11-20,350520,3985.0,0.96,0.0,0.5,-0.4
2025-11-21,350520,3980.0,0.97,0.2,0.1,-0.0
2025-11-24,350520,3990.0,0.98,0.1,0.6,-0.5
2025-11-25,350520,3950.0,0.99,0.7,0.4,-0.8
2025-11-26,350520,3970.0,1.04,0.3,0.4,-0.7
2025-11-27,350520,3990.0,1.06,0.4,-0.1,-0.3
2025-11-28,350520,4000.0,1.08,0.6,0.4,-1.1
2025-12-01,350520,4000.0,1.13,0.1,0.3,-0.4
2025-12-02,350520,3995.0,1.13,0.5,0.5,-0.2
2025-12-03,350520,4010.0,1.17,0.2,0.3,-0.3
2025-12-04,350520,4020.0,1.18,0.3,0.7,-0.6
2025-12-05,350520,4020.0,1.2,0.4,0.3,0.1
2025-12-08,350520,4030.0,1.23,0.1,0.2,-0.6
2025-12-09,350520,4010.0,1.23,0.1,-0.0,0.4
2025-12-10,350520,4010.0,1.24,-0.1,0.3,0.4
2025-12-11,350520,3990.0,1.24,-0.2,0.7,-0.6
2025-12-12,350520,3980.0,1.22,-0.1,-0.1,0.1
2025-12-15,350520,3960.0,1.21,-1.2,0.7,0.4
2025-12-16,350520,3940.0,1.13,-0.8,0.4,0.7
2025-12-17,350520,3930.0,1.08,-0.5,-1.8,2.2
2025-12-18,350520,3910.0,1.05,-0.3,-0.2,1.7
2025-12-19,350520,3935.0,1.03,3.1,-3.8,0.6
2025-12-22,350520,3905.0,1.24,-1.7,-1.7,2.9
2025-12-23,350520,3935.0,1.12,2.7,-5.0,1.5
2025-12-24,350520,3935.0,1.31,0.5,-0.7,0.2
2025-12-26,350520,3940.0,1.35,1.1,-1.0,-1.7
2025-12-29,350520,3800.0,1.43,-2.0,-0.1,2.3
2025-12-30,350520,3800.0,1.28,0.1,-1.9,1.8
2026-01-02,350520,3820.0,1.29,0.1,0.4,-0.4
2026-01-05,350520,3870.0,1.29,-0.5,0.2,0.3
2026-01-06,350520,3930.0,1.25,0.5,0.1,-0.6
2026-01-07,350520,3920.0,1.29,-0.8,0.1,0.7
2026-01-08,350520,3890.0,1.23,-1.1,-0.9,2.0
2026-01-09,350520,3910.0,1.16,-0.3,-0.3,0.6
2026-01-12,350520,3940.0,1.13,0.1,-0.6,0.5
2026-01-13,350520,3920.0,1.14,-0.1,0.1,0.1
2026-01-14,350520,3915.0,1.13,0.1,0.4,-0.5
2026-01-15,350520,3915.0,1.14,-0.3,-1.7,2.0
2026-01-16,350520,3900.0,1.12,-0.2,-1.0,1.2
2026-01-19,350520,3915.0,1.11,0.4,-1.8,1.3
2026-01-20,350520,3885.0,1.14,1.0,-1.1,0.2
2026-01-21,350520,3855.0,1.21,-0.7,-1.8,2.5
2026-01-22,350520,3830.0,1.16,1.3,-2.7,1.3
2026-01-23,350520,3830.0,1.25,0.4,-0.8,0.2
2026-01-26,350520,3875.0,1.28,2.8,0.5,-3.4
2026-01-27,350520,3875.0,1.49,0.0,0.8,-0.9
2026-01-28,350520,3810.0,1.49,-1.9,-1.7,3.8
2026-01-29,350520,3800.0,1.35,0.4,-4.9,4.1
2026-01-30,350520,3795.0,1.38,0.2,-1.9,1.5
2026-02-02,350520,3790.0,1.4,-1.6,-0.8,2.4
2026-02-03,350520,3795.0,1.28,-0.1,-0.8,0.9
2026-02-04,350520,3805.0,1.28,-0.2,0.4,-0.4
2026-02-05,350520,3820.0,1.26,0.5,-0.5,0.0
2026-02-06,350520,3815.0,1.3,0.0,-0.0,0.0
2026-02-09,350520,3830.0,1.3,-0.3,-0.3,0.6
2026-02-10,350520,3810.0,1.28,0.6,-1.0,0.4
2026-02-11,350520,3805.0,1.32,-0.1,-1.0,1.0
2026-02-12,350520,3795.0,1.32,0.2,-0.9,0.7
2026-02-13,350520,3870.0,1.33,1.5,0.1,-1.6
2026-02-19,350520,3860.0,1.44,0.6,-2.7,2.1
2026-02-20,350520,3850.0,1.48,-0.0,-2.5,1.8
2026-02-23,350520,3860.0,1.48,0.9,-1.2,-0.3
2026-02-24,350520,3855.0,1.55,0.1,-0.7,-0.1
2026-02-25,350520,3860.0,1.55,-0.1,-0.6,0.7
2026-02-26,350520,3810.0,1.55,-1.4,-0.5,1.8
2026-02-27,350520,3795.0,1.45,-0.3,-0.8,1.1
2026-03-03,350520,3790.0,1.42,0.4,-0.9,0.9
2026-03-04,350520,3640.0,1.45,-1.6,-0.2,1.2
2026-03-05,350520,3750.0,1.33,-0.0,-0.1,0.1
2026-03-06,350520,3760.0,1.33,-0.3,-0.4,-0.6
2026-03-09,350520,3670.0,1.31,-0.5,-0.8,1.1
2026-03-10,350520,3700.0,1.27,-0.4,-0.3,0.7
2026-03-11,350520,3755.0,1.25,-0.1,-0.4,0.5
2026-03-12,350520,3755.0,1.24,-0.1,-0.2,0.3
2026-03-13,350520,3765.0,1.23,1.1,-0.6,-0.5
2026-03-16,350520,3760.0,1.31,0.0,-0.1,0.1
2026-03-17,350520,3740.0,1.32,-0.3,-0.1,0.4
2026-03-18,350520,3725.0,1.29,0.0,0.4,-0.6
2026-03-19,350520,3725.0,1.29,0.4,-0.1,-0.2
2026-03-20,350520,3725.0,1.32,-0.5,-0.8,1.1
2026-03-23,350520,3655.0,1.28,-0.1,0.2,-0.4
2026-03-24,350520,3670.0,1.28,0.0,-0.3,0.3
2026-03-25,350520,3680.0,1.28,0.2,-0.6,0.5
2026-03-26,350520,3670.0,1.29,-0.3,-0.3,5.4
2026-03-27,350520,3680.0,1.27,-0.1,0.2,-0.1
2026-03-30,350520,3670.0,1.26,-0.4,-0.1,0.5
2026-03-31,350520,3635.0,1.23,-0.1,0.3,-0.2
2026-04-01,350520,3705.0,1.22,0.2,0.3,-0.5
2026-04-02,350520,3715.0,1.24,0.2,1.0,-1.2
2026-04-03,350520,3820.0,1.25,0.5,0.9,-1.0
2026-04-06,350520,3840.0,1.29,0.4,0.9,-1.2
2026-04-07,350520,3875.0,1.31,1.1,0.6,-1.3
2026-04-08,350520,3870.0,1.39,-0.3,-0.3,0.8
2026-04-09,350520,3935.0,1.37,1.2,0.4,-1.3
2026-04-10,350520,3970.0,1.45,0.8,0.2,-0.5
2026-04-13,350520,4000.0,1.5,0.4,0.7,-0.8
2026-04-14,350520,3970.0,1.53,0.3,-0.1,0.1
2026-04-15,350520,3965.0,1.55,0.5,-0.3,-0.2
2026-04-16,350520,3975.0,1.58,-0.1,0.3,-0.3
2026-04-17,350520,3965.0,1.57,-0.0,1.0,-0.9
2026-04-20,350520,3970.0,1.57,0.8,1.1,-1.9
2026-04-21,350520,3965.0,1.63,0.0,1.0,-1.1
2026-04-22,350520,4005.0,1.63,-0.4,0.2,0.5
2026-04-23,350520,4045.0,1.6,-0.4,1.2,-0.8
2026-04-24,350520,4040.0,1.57,-0.7,0.7,-0.1
2026-04-27,350520,4030.0,1.53,0.0,0.4,-0.4
2026-04-28,350520,4010.0,1.53,0.1,1.0,-0.5
2026-04-29,350520,3930.0,1.54,-0.4,0.2,0.2
2026-04-30,350520,3920.0,1.51,0.5,-0.2,-0.4
2026-05-04,350520,3805.0,1.54,-0.8,-0.9,1.7
2026-05-06,350520,3760.0,1.49,-0.1,-0.5,0.6
2026-05-07,350520,3750.0,1.48,0.0,-0.0,-0.1
2026-05-08,350520,3785.0,1.48,-0.1,-0.2,0.2
2026-05-11,350520,3770.0,1.48,-0.6,-1.4,2.1
2026-05-12,350520,3665.0,1.43,-1.6,-0.4,2.0
2026-05-13,350520,3575.0,1.31,-0.2,-0.7,0.7
2026-05-14,350520,3615.0,1.3,0.1,-0.5,0.1
2026-05-15,350520,3605.0,1.31,0.8,-0.8,-0.1
2026-05-18,350520,3520.0,1.37,0.1,-0.4,0.5
2026-05-19,350520,3520.0,1.37,-0.0,-0.9,0.8
2026-05-20,350520,3425.0,1.37,-0.3,0.4,-0.2
2026-05-21,350520,3425.0,1.34,-0.7,-0.1,0.9
2026-05-22,350520,3510.0,1.29,0.4,-0.1,-0.3
2026-05-26,350520,3495.0,1.32,-0.9,-0.3,1.4
2026-05-27,350520,3495.0,1.24,-0.1,-0.5,0.6
2026-05-28,350520,3470.0,1.24,-0.8,-0.1,0.6
2026-05-29,350520,3365.0,1.17,-1.0,-0.3,0.7
2026-06-01,350520,3300.0,1.09,-0.6,0.1,-0.6
2026-06-02,350520,3390.0,1.04,2.8,-0.3,-2.9
2026-06-04,350520,3405.0,1.27,-0.2,0.2,-0.3
2026-06-05,350520,3430.0,1.26,-0.4,0.2,-0.1
2026-06-08,350520,3330.0,1.22,-1.0,0.8,0.3
2026-06-09,350520,3400.0,1.14,0.2,0.1,-0.4
2026-06-10,350520,3435.0,1.16,0.9,-0.2,-0.6
2026-06-11,350520,3445.0,1.24,0.4,0.4,-0.8
2026-06-12,350520,3470.0,1.27,0.4,-0.1,-0.2
2026-06-15,350520,3460.0,1.3,-0.4,0.1,0.3
2026-06-16,350520,3450.0,1.27,0.3,0.2,-0.5
2026-06-17,350520,3490.0,1.3,0.3,0.0,-0.2
2026-06-18,350520,3450.0,1.32,0.2,0.3,-0.6
2026-06-19,350520,3430.0,1.33,-0.2,0.8,-0.6
2026-06-22,350520,3445.0,1.31,-0.1,0.0,0.0
2026-06-23,350520,3395.0,1.31,-0.5,0.8,-0.4
2026-06-24,350520,3390.0,1.27,-1.0,0.4,0.6
2026-06-25,350520,3370.0,1.19,-0.5,0.2,0.2
2026-06-26,350520,3350.0,1.15,-0.4,2.5,-2.2
2026-06-29,350520,3300.0,1.12,0.7,-0.0,-0.6
2026-06-30,350520,3340.0,1.18,-0.1,-0.0,0.1
2026-07-01,350520,3385.0,1.17,0.1,-0.2,0.1
2026-07-02,350520,3390.0,1.18,-0.1,0.2,-0.1
2026-07-03,350520,3380.0,1.17,1.5,-0.5,-1.0
2026-07-06,350520,3350.0,1.29,-0.1,0.1,0.0
2026-07-07,350520,3350.0,1.28,-0.0,0.8,-0.8
2026-07-08,350520,3340.0,1.28,1.2,-0.0,-1.1
2026-07-09,350520,3330.0,1.38,0.5,-0.0,-0.3
2026-07-10,350520,3340.0,1.42,-0.1,0.0,0.1
2026-07-13,350520,3365.0,1.41,0.3,0.8,-1.1
2026-07-14,350520,3370.0,1.44,0.0,-0.1,0.1
2026-07-15,350520,3390.0,1.44,0.3,0.4,-0.8
2026-07-16,350520,3375.0,1.47,0.0,0.1,-0.1
2025-07-14,351320,2110.0,2.36,-0.1,,0.1
2025-07-15,351320,2080.0,2.34,-0.0,,0.0
2025-07-16,351320,2020.0,2.33,1.5,,-1.5
2025-07-17,351320,2070.0,2.69,0.2,,-0.1
2025-07-18,351320,2030.0,2.74,-0.0,,0.0
2025-07-21,351320,2185.0,2.73,0.7,,-0.3
2025-07-22,351320,2150.0,2.91,-0.1,,0.2
2025-07-23,351320,2050.0,2.88,0.0,,0.1
2025-07-24,351320,2095.0,2.89,-0.2,,0.2
2025-07-25,351320,2095.0,2.84,-0.1,,0.1
2025-07-28,351320,2045.0,2.82,-0.2,,0.2
2025-07-29,351320,2035.0,2.78,0.2,,0.0
2025-07-30,351320,2035.0,2.81,-0.0,,0.0
2025-07-31,351320,1940.0,2.8,-0.3,,0.3
2025-08-01,351320,1922.0,2.71,-0.0,,0.1
2025-08-04,351320,1992.0,2.7,0.1,,-0.1
2025-08-05,351320,1967.0,2.73,-0.2,,0.2
2025-08-06,351320,1970.0,2.69,-0.2,,0.2
2025-08-07,351320,1990.0,2.65,-0.1,,0.1
2025-08-08,351320,1941.0,2.63,-0.1,,0.1
2025-08-11,351320,1925.0,2.6,0.0,,0.1
2025-08-12,351320,1921.0,2.6,-0.0,,-0.1
2025-08-13,351320,1896.0,2.59,0.0,,-0.0
2025-08-14,351320,1998.0,2.6,0.3,,-0.2
2025-08-18,351320,1945.0,2.66,-0.1,,0.2
2025-08-19,351320,1872.0,2.63,-0.4,,0.4
2025-08-20,351320,1890.0,2.54,0.0,,-0.1
2025-08-21,351320,1760.0,2.55,-0.3,,0.3
2025-08-22,351320,1665.0,2.49,-0.0,,0.0
2025-08-25,351320,1501.0,2.48,0.0,,-0.0
2025-08-26,351320,1525.0,2.49,0.5,,-0.5
2025-08-27,351320,1633.0,2.62,-1.7,,2.3
2025-08-28,351320,1472.0,2.24,-0.0,,-0.0
2025-08-29,351320,1491.0,2.23,-0.0,,0.0
2025-09-01,351320,1513.0,2.23,1.0,,-0.8
2025-09-02,351320,1491.0,2.51,0.3,,-0.3
2025-09-03,351320,1488.0,2.59,-0.3,,0.3
2025-09-04,351320,1441.0,2.51,-0.3,,0.3
2025-09-05,351320,1423.0,1.85,-0.0,,0.0
2025-09-08,351320,1379.0,1.85,0.0,,0.0
2025-09-09,351320,1333.0,1.86,0.2,-0.3,0.1
2025-09-10,351320,1360.0,1.91,0.2,-0.4,0.2
2025-09-11,351320,1344.0,1.95,0.1,,-0.1
2025-09-12,351320,1343.0,1.98,0.3,,-0.3
2025-09-15,351320,1312.0,2.05,-0.4,,0.4
2025-09-16,351320,1366.0,1.95,0.5,,-0.4
2025-09-17,351320,1373.0,2.06,0.2,,-0.2
2025-09-18,351320,1533.0,2.1,1.2,,-1.3
2025-09-19,351320,1506.0,2.4,-0.1,,0.1
2025-09-22,351320,1628.0,2.38,-0.8,,0.7
2025-09-23,351320,1732.0,2.25,0.6,,-0.6
2025-09-24,351320,1622.0,2.38,-0.5,,0.5
2025-09-25,351320,1620.0,2.28,-1.0,,1.0
2025-09-26,351320,1502.0,2.07,-0.5,,0.5
2025-09-29,351320,1477.0,1.95,-0.2,,0.2
2025-09-30,351320,1557.0,1.9,0.5,,-0.5
2025-10-01,351320,1543.0,2.01,0.0,,-0.0
2025-10-02,351320,1550.0,2.02,-0.1,,0.1
2025-10-10,351320,1564.0,2.0,-0.5,,0.5
2025-10-13,351320,1570.0,1.88,-0.1,,0.1
2025-10-14,351320,1524.0,1.86,-0.1,,0.1
2025-10-15,351320,1543.0,1.84,0.4,,-0.4
2025-10-16,351320,1549.0,1.92,-0.3,,0.4
2025-10-17,351320,1489.0,1.85,-0.3,,0.2
2025-10-20,351320,1469.0,1.79,-0.2,,0.2
2025-10-21,351320,1480.0,1.75,-0.0,,0.1
2025-10-22,351320,1480.0,1.74,0.1,,-0.1
2025-10-23,351320,1538.0,1.77,0.1,,-0.1
2025-10-24,351320,1586.0,1.8,0.7,,-0.7
2025-10-27,351320,1624.0,1.94,0.3,,-0.3
2025-10-28,351320,1678.0,2.0,0.8,,-0.8
2025-10-29,351320,1650.0,2.18,-0.6,,0.6
2025-10-30,351320,1597.0,2.05,-0.1,,0.1
2025-10-31,351320,1597.0,2.03,0.2,,-0.2
2025-11-03,351320,1550.0,2.08,0.2,,-0.2
2025-11-04,351320,1547.0,2.12,0.0,,-0.0
2025-11-05,351320,1522.0,2.12,0.0,,-0.0
2025-11-06,351320,1442.0,2.13,-0.1,,0.1
2025-11-07,351320,1393.0,2.11,0.2,,-0.2
2025-11-10,351320,1434.0,2.15,0.6,-0.6,0.0
2025-11-11,351320,1440.0,2.3,-0.0,,0.0
2025-11-12,351320,1461.0,2.3,0.0,,-0.0
2025-11-13,351320,1407.0,2.3,0.2,,-0.2
2025-11-14,351320,1379.0,2.35,0.0,,-0.1
2025-11-17,351320,1364.0,2.35,0.3,,-0.2
2025-11-18,351320,1351.0,2.43,0.0,,0.1
2025-11-19,351320,1349.0,2.43,0.2,,-0.2
2025-11-20,351320,1349.0,2.48,-0.4,,0.4
2025-11-21,351320,1329.0,2.38,0.5,,-0.5
2025-11-24,351320,1411.0,2.52,0.3,,-0.3
2025-11-25,351320,1427.0,2.61,-0.1,,0.1
2025-11-26,351320,1425.0,2.59,-0.3,,0.3
2025-11-27,351320,1341.0,2.51,0.1,,-0.1
2025-11-28,351320,1390.0,2.53,-0.1,,0.1
2025-12-01,351320,1350.0,2.52,-0.3,,0.3
2025-12-02,351320,1330.0,2.45,0.0,,-0.0
2025-12-03,351320,1352.0,2.46,0.2,,-0.2
2025-12-04,351320,1367.0,2.5,0.1,,-0.1
2025-12-05,351320,1376.0,2.53,-0.0,,0.0
2025-12-08,351320,1301.0,2.53,0.1,,-0.1
2025-12-09,351320,1311.0,2.56,-0.1,,0.0
2025-12-10,351320,1301.0,2.54,-0.0,,0.0
2025-12-11,351320,1307.0,2.54,0.0,,-0.1
2025-12-12,351320,1298.0,2.55,0.0,,-0.0
2025-12-15,351320,1275.0,2.55,0.1,,-0.1
2025-12-16,351320,1306.0,2.57,-0.2,,0.2
2025-12-17,351320,1320.0,2.68,-0.1,,0.1
2025-12-18,351320,1265.0,2.65,0.3,,-0.3
2025-12-19,351320,1239.0,2.72,-0.1,,0.1
2025-12-22,351320,1239.0,2.7,0.1,,-0.1
2025-12-23,351320,1217.0,2.72,-0.0,,0.0
2025-12-24,351320,1278.0,2.73,0.7,,-0.7
2025-12-26,351320,1315.0,2.93,0.5,,-0.5
2025-12-29,351320,1311.0,2.89,-0.1,,0.1
2025-12-30,351320,1269.0,2.87,0.2,,-0.2
2026-01-02,351320,1249.0,2.93,-0.0,,0.0
2026-01-05,351320,1234.0,2.93,0.1,,-0.2
2026-01-06,351320,1253.0,2.96,-0.0,,0.0
2026-01-07,351320,1250.0,2.97,-0.1,,0.1
2026-01-08,351320,1210.0,2.94,-0.2,,0.1
2026-01-09,351320,1175.0,2.9,-0.1,,0.1
2026-01-12,351320,1172.0,2.87,-0.1,,0.1
2026-01-13,351320,1150.0,2.85,0.1,,-0.2
2026-01-14,351320,1128.0,2.89,0.0,,-0.0
2026-01-15,351320,1134.0,2.89,0.1,,-0.0
2026-01-16,351320,1145.0,2.91,-0.2,,0.1
2026-01-19,351320,1090.0,2.87,-0.1,,0.1
2026-01-20,351320,1083.0,2.85,0.1,,-0.2
2026-01-21,351320,1083.0,2.89,0.0,,-0.0
2026-01-22,351320,1260.0,2.9,-0.7,,0.6
2026-01-23,351320,1230.0,2.75,0.2,,-0.2
2026-01-26,351320,1266.0,2.8,-0.2,,0.2
2026-01-27,351320,1298.0,2.76,-0.1,,0.1
2026-01-28,351320,1264.0,2.74,-0.1,,0.1
2026-01-29,351320,1226.0,2.72,-0.1,,0.0
2026-01-30,351320,1190.0,2.7,-0.2,,0.2
2026-02-02,351320,1171.0,2.65,0.1,,-0.1
2026-02-03,351320,1180.0,2.68,-0.0,,0.0
2026-02-04,351320,1218.0,2.68,0.1,,-0.1
2026-02-05,351320,1218.0,2.71,-0.0,0.0,0.0
2026-02-06,351320,1180.0,2.7,-0.1,-0.0,0.1
2026-02-09,351320,1215.0,2.68,0.0,,-0.0
2026-02-10,351320,1225.0,2.69,0.2,,-0.3
2026-02-11,351320,1204.0,2.76,-0.2,,0.2
2026-02-12,351320,1203.0,2.7,0.1,,-0.1
2026-02-13,351320,1208.0,2.72,-0.1,,0.1
2026-02-19,351320,1200.0,2.7,-0.3,,0.3
2026-02-20,351320,1191.0,2.63,-0.2,,0.2
2026-02-23,351320,1144.0,2.49,-0.2,,0.2
2026-02-24,351320,1420.0,2.45,2.3,-2.8,0.2
2026-02-25,351320,1380.0,3.02,-0.3,,0.3
2026-02-26,351320,1260.0,2.95,-0.6,,0.5
2026-02-27,351320,1357.0,2.8,-0.4,,0.4
2026-03-03,351320,1099.0,2.7,-0.5,0.2,0.3
2026-03-04,351320,863.0,2.56,1.1,-0.2,-1.0
2026-03-05,351320,963.0,3.0,-0.1,,0.1
2026-03-06,351320,1125.0,2.95,-0.3,,0.2
2026-03-09,351320,1035.0,2.87,-0.3,,0.2
2026-03-10,351320,1129.0,2.79,-0.4,,-0.0
2026-03-11,351320,1145.0,2.67,-0.3,-0.0,0.1
2026-03-12,351320,1133.0,2.6,-0.1,-0.0,0.2
2026-03-13,351320,1141.0,2.57,0.7,-0.7,-0.0
2026-03-16,351320,1180.0,2.77,0.3,,-0.3
2026-03-17,351320,1249.0,2.86,-0.3,,0.3
2026-03-18,351320,1249.0,2.77,-0.6,,0.6
2026-03-19,351320,1260.0,2.61,-0.1,,0.1
2026-03-20,351320,1308.0,2.58,0.7,,-0.6
2026-03-23,351320,1329.0,2.75,-0.4,,0.4
2026-03-24,351320,1250.0,2.64,-0.3,,0.3
2026-03-25,351320,1316.0,2.56,0.2,,-0.6
2026-03-26,351320,1320.0,2.61,-0.1,,0.1
2026-03-27,351320,1300.0,2.57,-0.3,,0.1
2026-03-30,351320,1276.0,2.5,0.1,,0.2
2026-03-31,351320,1269.0,2.52,-0.0,,0.2
2026-04-01,351320,1304.0,2.52,0.3,,-0.2
2026-04-02,351320,1314.0,2.59,0.0,,0.1
2026-04-03,351320,1300.0,2.6,0.1,,-0.1
2026-04-06,351320,1279.0,2.62,-0.1,,0.3
2026-04-07,351320,1236.0,2.58,-0.2,,0.2
2026-04-08,351320,1300.0,2.53,0.8,,-1.7
2026-04-09,351320,1298.0,2.74,-0.5,,0.2
2026-04-10,351320,1296.0,2.6,0.9,-0.7,-0.6
2026-04-13,351320,1424.0,2.83,3.0,-1.1,-1.8
2026-04-14,351320,1403.0,3.54,-1.0,,0.9
2026-04-15,351320,1357.0,3.31,-0.2,,-0.2
2026-04-16,351320,1400.0,3.26,0.9,-0.7,-0.2
2026-04-17,351320,1444.0,3.48,0.2,,-0.0
2026-04-20,351320,1415.0,3.52,-0.6,,0.6
2026-04-21,351320,1480.0,3.39,-0.1,,0.1
2026-04-22,351320,1430.0,3.36,-1.1,,0.9
2026-04-23,351320,1404.0,3.12,-0.8,,0.8
2026-04-24,351320,1459.0,2.93,0.7,,-0.6
2026-04-27,351320,1447.0,3.09,0.0,,0.0
2026-04-28,351320,1419.0,3.1,0.2,0.3,-0.5
2026-04-29,351320,1372.0,3.12,-0.3,-1.3,1.5
2026-04-30,351320,1345.0,3.06,0.1,0.0,-0.1
2026-05-04,351320,1312.0,3.07,-0.3,-0.0,0.3
2026-05-06,351320,1344.0,3.0,-0.1,-0.0,0.2
2026-05-07,351320,1491.0,2.99,1.7,0.0,-2.0
2026-05-08,351320,1481.0,3.4,-0.6,0.0,0.5
2026-05-11,351320,1472.0,3.27,0.3,-0.0,-0.0
2026-05-12,351320,1535.0,3.32,-0.4,-0.0,0.4
2026-05-13,351320,1536.0,3.24,-0.7,-0.0,0.7
2026-05-14,351320,1492.0,3.08,-0.2,0.0,0.3
2026-05-15,351320,1606.0,3.03,2.1,-0.0,-1.4
2026-05-18,351320,1524.0,3.48,-1.3,0.0,1.4
2026-05-19,351320,1521.0,3.19,-0.5,-0.0,0.6
2026-05-20,351320,1416.0,3.08,-1.7,0.0,1.7
2026-05-21,351320,1416.0,2.73,-0.1,-0.0,0.1
2026-05-22,351320,1454.0,2.71,0.1,-0.0,-0.1
2026-05-26,351320,1444.0,2.73,-0.1,0.0,0.1
2026-05-27,351320,1429.0,2.7,0.1,-0.0,-0.1
2026-05-28,351320,1377.0,2.72,-0.4,0.0,0.4
2026-05-29,351320,1376.0,2.62,-0.1,-0.0,0.1
2026-06-01,351320,1365.0,2.58,-0.4,-0.0,0.4
2026-06-02,351320,1312.0,2.48,-0.1,-0.0,0.2
2026-06-04,351320,1278.0,2.45,0.1,0.0,-0.1
2026-06-05,351320,1222.0,2.46,-0.0,-0.0,0.4
2026-06-08,351320,1221.0,2.45,0.0,-0.0,0.0
2026-06-09,351320,1227.0,2.46,-0.1,-0.0,0.1
2026-06-10,351320,1210.0,2.42,0.3,0.0,-0.3
2026-06-11,351320,1116.0,2.51,-0.1,-0.0,0.1
2026-06-12,351320,1120.0,2.47,-0.1,0.0,0.1
2026-06-15,351320,1077.0,2.43,0.0,-0.0,-0.0
2026-06-16,351320,1080.0,2.44,-0.1,-0.0,0.1
2026-06-17,351320,1100.0,2.42,0.3,0.0,-0.4
2026-06-18,351320,1278.0,2.52,0.3,-0.0,-1.2
2026-06-19,351320,1180.0,2.6,-0.1,,-0.2
2026-06-22,351320,1191.0,2.58,-0.2,-0.0,0.1
2026-06-23,351320,1176.0,2.52,-0.2,-0.0,0.1
2026-06-24,351320,999.0,2.47,0.6,0.0,-0.7
2026-06-25,351320,922.0,2.68,-0.2,-0.0,0.1
2026-06-26,351320,1000.0,2.6,-0.2,-0.0,0.1
2026-06-29,351320,1163.0,2.55,-0.5,-0.0,0.7
2026-06-30,351320,1148.0,2.41,-0.1,,0.4
2026-07-01,351320,1043.0,2.45,-0.1,,0.1
2026-07-02,351320,994.0,2.42,-0.2,0.0,0.2
2026-07-03,351320,1010.0,2.34,-0.1,0.0,0.1
2026-07-06,351320,1034.0,2.31,-0.2,-0.0,0.2
2026-07-07,351320,1000.0,2.25,-0.1,-0.0,0.1
2026-07-08,351320,998.0,2.23,-0.2,0.0,0.2
2026-07-09,351320,1001.0,2.15,-0.0,0.0,0.0
2026-07-10,351320,1024.0,2.15,0.0,-0.0,-0.0
2026-07-13,351320,991.0,2.16,-0.1,0.0,0.1
2026-07-14,351320,1026.0,2.14,-0.2,0.0,0.2
2026-07-15,351320,993.0,2.08,-0.1,0.0,0.1
2026-07-16,351320,999.0,2.04,-0.0,-0.0,0.0
2025-07-14,351330,6850.0,1.82,-0.3,,0.3
2025-07-15,351330,6930.0,1.78,-0.3,,0.3
2025-07-16,351330,6950.0,1.73,-0.1,,0.1
2025-07-17,351330,6860.0,1.71,-0.1,,0.1
2025-07-18,351330,6750.0,1.7,-0.0,,0.0
2025-07-21,351330,6780.0,1.71,0.1,-0.0,-0.1
2025-07-22,351330,6630.0,1.72,-0.3,,0.3
2025-07-23,351330,6690.0,1.66,-0.2,,0.2
2025-07-24,351330,6840.0,1.63,0.3,-0.0,-0.3
2025-07-25,351330,6650.0,1.68,-0.4,,0.4
2025-07-28,351330,6600.0,1.61,-0.4,,0.4
2025-07-29,351330,6600.0,1.54,0.2,,-0.3
2025-07-30,351330,6690.0,1.59,0.1,,-0.1
2025-07-31,351330,6660.0,1.61,-0.1,,0.1
2025-08-01,351330,6390.0,1.58,-0.4,,0.4
2025-08-04,351330,6440.0,1.5,0.1,,-0.1
2025-08-05,351330,6510.0,1.52,0.1,,-0.1
2025-08-06,351330,6520.0,1.54,0.0,,-0.0
2025-08-07,351330,6670.0,1.54,0.2,-0.0,-0.2
2025-08-08,351330,6690.0,1.58,0.1,,-0.1
2025-08-11,351330,6800.0,1.59,0.3,,-0.3
2025-08-12,351330,6980.0,1.64,1.5,0.7,-2.3
2025-08-13,351330,6940.0,1.91,-0.0,,0.0
2025-08-14,351330,6830.0,1.9,0.2,0.1,-0.4
2025-08-18,351330,6790.0,1.92,0.0,,-0.0
2025-08-19,351330,6690.0,1.99,0.0,,-0.0
2025-08-20,351330,6610.0,1.94,0.1,,-0.0
2025-08-21,351330,6520.0,1.95,0.0,,-0.0
2025-08-22,351330,6650.0,1.96,0.2,-0.1,-0.1
2025-08-25,351330,7080.0,1.99,1.6,0.1,-1.8
2025-08-26,351330,7370.0,2.43,-4.3,-1.0,5.2
2025-08-27,351330,7160.0,1.75,1.5,,-2.1
2025-08-28,351330,7060.0,2.01,1.2,,-1.2
2025-08-29,351330,6950.0,2.21,0.4,,-0.4
2025-09-01,351330,7400.0,2.35,-1.9,,1.7
2025-09-02,351330,7690.0,1.94,-2.9,,2.5
2025-09-03,351330,7480.0,1.62,0.1,,-0.0
2025-09-04,351330,7970.0,1.65,-0.3,0.2,0.6
2025-09-05,351330,8140.0,1.67,-5.3,,5.9
2025-09-08,351330,8700.0,0.85,2.4,0.0,-1.8
2025-09-09,351330,8980.0,1.21,-5.1,0.1,4.5
2025-09-10,351330,8700.0,0.51,0.7,0.2,-0.8
2025-09-11,351330,8510.0,0.61,3.8,0.1,-4.0
2025-09-12,351330,8970.0,1.16,9.8,,-9.9
2025-09-15,351330,9880.0,2.43,-0.1,,1.0
2025-09-16,351330,10380.0,2.44,-11.6,-0.0,11.7
2025-09-17,351330,9500.0,1.16,-3.1,,3.1
2025-09-18,351330,9310.0,0.77,2.4,,-2.7
2025-09-19,351330,9080.0,1.03,-0.5,,0.5
2025-09-22,351330,8710.0,0.97,0.9,0.5,-1.1
2025-09-23,351330,8780.0,1.09,1.7,0.1,-1.8
2025-09-24,351330,8550.0,1.33,1.4,0.1,-1.5
2025-09-25,351330,8440.0,1.52,-0.7,0.5,0.1
2025-09-26,351330,8150.0,1.42,3.2,0.4,-3.6
2025-09-29,351330,8370.0,1.89,-0.1,0.1,0.0
2025-09-30,351330,8270.0,1.88,0.7,0.1,-0.9
2025-10-01,351330,8300.0,1.99,0.2,,-0.2
2025-10-02,351330,8400.0,2.02,0.3,,-0.3
2025-10-10,351330,8650.0,2.07,-0.6,,0.6
2025-10-13,351330,8420.0,1.99,-0.3,0.0,0.3
2025-10-14,351330,8300.0,1.94,1.0,,-0.9
2025-10-15,351330,8820.0,2.08,2.8,,-2.8
2025-10-16,351330,8550.0,2.47,-1.3,,1.3
2025-10-17,351330,8090.0,2.28,-0.6,,0.6
2025-10-20,351330,8800.0,2.2,3.4,,-3.5
2025-10-21,351330,8710.0,2.68,-14.7,-0.2,14.9
2025-10-22,351330,8380.0,0.96,0.5,0.2,-0.8
2025-10-23,351330,8400.0,1.03,1.4,,-1.4
2025-10-24,351330,8580.0,1.23,2.4,,-2.4
2025-10-27,351330,8380.0,1.57,0.2,,-0.2
2025-10-28,351330,8170.0,1.6,-0.1,0.0,0.0
2025-10-29,351330,8200.0,1.58,-0.3,,0.3
2025-10-30,351330,8050.0,1.55,0.7,,-0.7
2025-10-31,351330,8810.0,1.65,5.6,-0.3,-5.3
2025-11-03,351330,9310.0,2.47,2.4,0.0,-2.5
2025-11-04,351330,9150.0,2.8,-0.6,,0.6
2025-11-05,351330,8610.0,2.74,-0.8,0.0,0.8
2025-11-06,351330,8520.0,2.63,0.4,0.2,-0.6
2025-11-07,351330,8390.0,2.69,-0.1,0.0,0.1
2025-11-10,351330,8400.0,2.67,-0.5,0.0,0.5
2025-11-11,351330,8430.0,2.79,-0.8,,0.8
2025-11-12,351330,8630.0,2.48,0.6,,-0.6
2025-11-13,351330,8530.0,2.57,-1.9,,1.9
2025-11-14,351330,7980.0,2.29,-2.4,,2.3
2025-11-17,351330,7960.0,1.92,-0.8,0.1,0.8
2025-11-18,351330,7720.0,1.81,-0.7,0.0,0.7
2025-11-19,351330,7620.0,1.69,-0.2,0.0,0.1
2025-11-20,351330,7680.0,1.67,0.7,,-0.6
2025-11-21,351330,7370.0,1.78,0.4,0.1,-0.5
2025-11-24,351330,7360.0,1.84,0.5,,-0.5
2025-11-25,351330,7400.0,1.91,0.6,0.0,-0.6
2025-11-26,351330,7610.0,2.01,0.2,0.0,-0.2
2025-11-27,351330,7820.0,2.05,-0.5,-0.1,0.6
2025-11-28,351330,8430.0,1.97,6.6,-0.3,-6.3
2025-12-01,351330,8390.0,2.93,3.1,0.1,-3.2
2025-12-02,351330,8490.0,3.37,0.5,0.0,-0.5
2025-12-03,351330,8550.0,3.44,0.4,0.0,-0.5
2025-12-04,351330,8950.0,3.5,5.9,-0.1,-5.8
2025-12-05,351330,8810.0,4.29,1.0,0.0,-0.9
2025-12-08,351330,8970.0,4.42,3.1,,-3.2
2025-12-09,351330,8820.0,4.84,0.9,,-0.9
2025-12-10,351330,8810.0,4.96,0.2,,-0.3
2025-12-11,351330,8880.0,5.0,1.9,,-1.9
2025-12-12,351330,9090.0,5.25,2.1,,-2.1
2025-12-15,351330,8880.0,5.53,-0.4,,0.3
2025-12-16,351330,8600.0,5.48,0.3,0.1,-0.7
2025-12-17,351330,8370.0,5.52,0.4,,-0.3
2025-12-18,351330,8230.0,5.57,0.0,0.0,0.0
2025-12-19,351330,8540.0,5.57,0.7,,-0.7
2025-12-22,351330,8990.0,5.67,1.6,,-1.9
2025-12-23,351330,8650.0,5.89,-0.9,,1.3
2025-12-24,351330,8580.0,5.76,-0.5,,0.5
2025-12-26,351330,8250.0,5.71,-0.0,,0.0
2025-12-29,351330,8770.0,5.71,1.5,,-1.4
2025-12-30,351330,8420.0,5.91,-1.4,,1.6
2026-01-02,351330,8690.0,5.72,0.8,,-0.8
2026-01-05,351330,8490.0,5.83,-0.4,,0.7
2026-01-06,351330,8300.0,5.78,-2.5,,2.8
2026-01-07,351330,8120.0,5.41,0.4,,-0.4
2026-01-08,351330,7820.0,5.47,-1.3,,1.3
2026-01-09,351330,8120.0,5.28,0.6,,-0.6
2026-01-12,351330,8550.0,5.36,3.3,,-3.3
2026-01-13,351330,8400.0,5.83,-0.2,,0.2
2026-01-14,351330,8600.0,5.8,-0.8,,0.8
2026-01-15,351330,9420.0,5.69,0.9,,-0.8
2026-01-16,351330,9040.0,5.86,1.5,,-1.7
2026-01-19,351330,9390.0,6.08,-1.2,,0.6
2026-01-20,351330,9340.0,5.93,0.1,,0.2
2026-01-21,351330,9610.0,5.95,-0.7,-0.0,0.6
2026-01-22,351330,9790.0,5.89,-7.8,,8.0
2026-01-23,351330,9470.0,4.92,-2.4,,2.4
2026-01-26,351330,9550.0,4.64,4.2,,-4.1
2026-01-27,351330,9300.0,5.17,1.6,,-1.2
2026-01-28,351330,9770.0,5.48,1.2,,-1.1
2026-01-29,351330,9700.0,5.63,0.1,,-0.1
2026-01-30,351330,9430.0,5.64,-1.5,,1.5
2026-02-02,351330,9010.0,5.45,0.1,,-0.1
2026-02-03,351330,9510.0,5.46,4.0,,-4.0
2026-02-04,351330,9370.0,5.97,-1.2,,1.2
2026-02-05,351330,8950.0,5.82,-2.2,,2.2
2026-02-06,351330,8670.0,5.52,-0.6,,0.6
2026-02-09,351330,8980.0,5.44,0.7,,-0.7
2026-02-10,351330,8980.0,5.53,-0.0,,0.0
2026-02-11,351330,8710.0,5.53,0.3,,-0.3
2026-02-12,351330,8480.0,5.56,0.3,,-0.5
2026-02-13,351330,8190.0,5.61,-1.7,,1.7
2026-02-19,351330,8510.0,5.36,0.3,,-0.2
2026-02-20,351330,8340.0,5.4,-0.6,,0.6
2026-02-23,351330,8270.0,5.31,0.1,,0.1
2026-02-24,351330,8300.0,5.32,0.1,,-0.1
2026-02-25,351330,8490.0,5.34,-0.4,,0.4
2026-02-26,351330,8180.0,5.28,-0.7,,0.7
2026-02-27,351330,8290.0,5.18,-2.0,,2.0
2026-03-03,351330,7940.0,4.88,-1.2,,1.3
2026-03-04,351330,6890.0,4.7,-1.7,0.4,1.3
2026-03-05,351330,7640.0,4.42,3.6,-1.4,-2.2
2026-03-06,351330,7690.0,5.0,-0.1,,0.1
2026-03-09,351330,7290.0,5.02,-0.7,-0.1,0.9
2026-03-10,351330,7560.0,4.9,0.1,,-0.1
2026-03-11,351330,7570.0,4.9,-0.2,,0.2
2026-03-12,351330,7630.0,4.88,-0.1,,0.1
2026-03-13,351330,7640.0,4.87,0.1,,-0.1
2026-03-16,351330,7480.0,4.89,-0.5,,0.5
2026-03-17,351330,7500.0,4.81,0.5,,-0.5
2026-03-18,351330,7640.0,4.88,0.1,,-0.1
2026-03-19,351330,7560.0,4.9,0.3,0.1,-0.3
2026-03-20,351330,7950.0,4.94,-4.6,,4.6
2026-03-23,351330,7370.0,4.29,-0.4,,0.4
2026-03-24,351330,7690.0,4.24,0.7,,-0.7
2026-03-25,351330,7760.0,4.35,0.3,,-0.3
2026-03-26,351330,7460.0,4.44,-0.4,,0.4
2026-03-27,351330,7410.0,4.37,0.1,,-0.1
2026-03-30,351330,7200.0,4.39,0.4,,-0.4
2026-03-31,351330,6970.0,4.51,-0.2,,0.2
2026-04-01,351330,7360.0,4.48,0.6,0.2,-0.7
2026-04-02,351330,6910.0,4.48,-2.2,,2.2
2026-04-03,351330,6920.0,4.12,-0.2,,0.2
2026-04-06,351330,6980.0,4.08,-0.4,0.1,0.3
2026-04-07,351330,7040.0,4.01,-0.3,0.0,0.2
2026-04-08,351330,7270.0,3.99,0.6,,-0.6
2026-04-09,351330,7120.0,4.08,-0.4,,0.4
2026-04-10,351330,7290.0,4.01,0.6,,-0.6
2026-04-13,351330,7230.0,4.11,-0.1,,0.1
2026-04-14,351330,7420.0,4.1,0.2,,-0.2
2026-04-15,351330,7430.0,4.13,-0.1,,0.1
2026-04-16,351330,7460.0,4.1,-0.1,,0.1
2026-04-17,351330,7700.0,4.08,-1.2,,1.3
2026-04-20,351330,7590.0,3.89,0.5,,-0.8
2026-04-21,351330,7650.0,3.99,0.2,,-0.3
2026-04-22,351330,7720.0,4.03,0.0,,-0.0
2026-04-23,351330,7550.0,4.03,0.2,,-0.2
2026-04-24,351330,7680.0,4.07,0.6,,-0.6
2026-04-27,351330,7930.0,4.16,-0.4,,-0.1
2026-04-28,351330,7870.0,4.1,0.0,,-0.0
2026-04-29,351330,7970.0,4.1,0.3,,-0.3
2026-04-30,351330,7970.0,4.11,-0.4,,0.4
2026-05-04,351330,8030.0,4.04,-0.1,0.0,0.2
2026-05-06,351330,8270.0,4.03,0.5,-0.0,-0.5
2026-05-07,351330,8300.0,4.1,1.3,0.0,-1.6
2026-05-08,351330,8250.0,4.29,-0.8,-0.0,0.9
2026-05-11,351330,8270.0,4.18,0.7,-0.0,-0.7
2026-05-12,351330,7930.0,4.34,0.3,0.0,-0.3
2026-05-13,351330,8110.0,4.35,0.8,-0.0,-0.8
2026-05-14,351330,7770.0,4.47,-0.3,-0.0,0.3
2026-05-15,351330,7520.0,4.43,0.0,0.0,0.0
2026-05-18,351330,7220.0,4.43,-0.2,-0.0,0.2
2026-05-19,351330,7010.0,4.41,0.4,0.6,-1.0
2026-05-20,351330,6840.0,4.49,-0.4,0.1,0.3
2026-05-21,351330,7050.0,4.42,-0.2,-0.1,0.4
2026-05-22,351330,7140.0,4.39,0.1,-0.3,0.1
2026-05-26,351330,6950.0,4.39,-0.3,0.0,0.3
2026-05-27,351330,6570.0,4.4,-1.6,0.0,1.5
2026-05-28,351330,6190.0,4.12,0.2,-1.7,1.4
2026-05-29,351330,6100.0,4.12,-0.7,0.0,0.7
2026-06-01,351330,5910.0,3.99,-0.5,-0.0,0.6
2026-06-02,351330,5890.0,3.92,0.3,-0.0,-0.3
2026-06-04,351330,5820.0,3.93,0.1,0.0,-0.1
2026-06-05,351330,5550.0,3.93,-0.1,-0.0,0.1
2026-06-08,351330,4820.0,3.9,0.2,-0.0,-0.2
2026-06-09,351330,5370.0,3.97,0.3,0.0,-0.3
2026-06-10,351330,5000.0,4.04,-0.5,-0.0,0.5
2026-06-11,351330,5180.0,3.89,0.1,-0.0,-0.1
2026-06-12,351330,5400.0,3.93,-0.1,-0.0,0.1
2026-06-15,351330,5280.0,3.9,-0.2,0.0,0.2
2026-06-16,351330,5260.0,3.86,-0.0,-0.0,-0.0
2026-06-17,351330,5150.0,3.86,0.2,-0.0,-0.3
2026-06-18,351330,4980.0,3.92,-0.1,-0.0,0.1
2026-06-19,351330,4795.0,3.89,0.2,0.0,0.1
2026-06-22,351330,4375.0,3.94,0.5,-0.0,-0.5
2026-06-23,351330,4180.0,4.07,0.1,0.0,-0.1
2026-06-24,351330,3905.0,4.09,0.0,-0.0,-0.0
2026-06-25,351330,3725.0,4.11,0.5,-0.0,-0.5
2026-06-26,351330,3645.0,4.25,0.2,0.0,-0.2
2026-06-29,351330,4150.0,4.33,-0.0,-0.0,0.0
2026-06-30,351330,4060.0,4.32,-0.2,-0.0,0.2
2026-07-01,351330,4175.0,4.24,0.0,,-0.0
2026-07-02,351330,3895.0,4.25,-0.1,0.0,0.1
2026-07-03,351330,4055.0,4.22,0.0,-0.0,-0.0
2026-07-06,351330,4005.0,4.22,0.0,-0.0,-0.0
2026-07-07,351330,3940.0,4.24,-0.1,,0.1
2026-07-08,351330,3800.0,4.2,0.1,-0.0,-0.1
2026-07-09,351330,3740.0,4.21,0.4,,-0.4
2026-07-10,351330,3760.0,4.36,0.7,0.0,-0.7
2026-07-13,351330,3515.0,4.57,-0.2,-0.0,0.2
2026-07-14,351330,3430.0,4.51,0.2,0.0,-0.2
2026-07-15,351330,3615.0,4.53,0.1,0.0,-0.1
2026-07-16,351330,3680.0,4.57,-0.1,0.0,0.1
2025-07-14,351870,7110.0,1.14,0.1,,-0.1
2025-07-15,351870,7060.0,1.13,-0.2,-0.0,0.2
2025-07-16,351870,7380.0,1.08,-3.6,-0.0,2.8
2025-07-17,351870,7320.0,0.75,0.8,,-0.7
2025-07-18,351870,7210.0,0.86,-0.2,,0.2
2025-07-21,351870,7260.0,0.84,0.5,,-0.5
2025-07-22,351870,7210.0,0.9,-0.1,,0.1
2025-07-23,351870,7110.0,0.91,-0.2,,0.2
2025-07-24,351870,7130.0,0.86,-1.0,-0.0,0.9
2025-07-25,351870,7120.0,0.63,-0.0,,0.0
2025-07-28,351870,7130.0,0.65,-0.1,,0.1
2025-07-29,351870,7020.0,0.63,-0.1,,-0.2
2025-07-30,351870,6990.0,0.68,-0.2,,0.1
2025-07-31,351870,6950.0,0.63,-0.2,,0.4
2025-08-01,351870,6420.0,0.63,-0.8,,0.8
2025-08-04,351870,6640.0,0.51,0.3,-0.1,-0.2
2025-08-05,351870,6800.0,0.57,0.3,,-0.3
2025-08-06,351870,6930.0,0.62,0.2,-0.0,-0.2
2025-08-07,351870,7030.0,0.66,0.8,,-0.8
2025-08-08,351870,7050.0,0.78,0.1,,-0.1
2025-08-11,351870,6890.0,0.83,-0.0,,0.0
2025-08-12,351870,6890.0,0.81,0.3,0.0,-0.2
2025-08-13,351870,6920.0,0.84,0.1,0.0,-0.1
2025-08-14,351870,7010.0,0.86,0.8,,-0.8
2025-08-18,351870,6780.0,1.06,-0.0,,0.0
2025-08-19,351870,6900.0,1.04,0.3,,-0.3
2025-08-20,351870,6830.0,1.05,0.1,-0.0,-0.1
2025-08-21,351870,6780.0,1.06,-0.1,,0.1
2025-08-22,351870,6680.0,1.04,0.0,,-0.0
2025-08-25,351870,6850.0,1.05,0.5,-0.0,-0.5
2025-08-26,351870,6830.0,1.14,0.0,-0.0,-0.0
2025-08-27,351870,6740.0,1.29,-0.0,,0.0
2025-08-28,351870,6750.0,1.28,0.1,,-0.1
2025-08-29,351870,6700.0,1.29,-0.3,,0.3
2025-09-01,351870,6480.0,1.27,-0.7,,0.6
2025-09-02,351870,6360.0,1.16,-0.1,,0.1
2025-09-03,351870,6480.0,1.13,0.1,-0.0,-0.1
2025-09-04,351870,6460.0,1.15,0.1,,-0.1
2025-09-05,351870,6590.0,1.17,0.3,,-0.3
2025-09-08,351870,6640.0,1.24,0.1,,-0.1
2025-09-09,351870,6730.0,1.28,-0.6,-0.0,0.6
2025-09-10,351870,6660.0,1.18,0.0,,-0.0
2025-09-11,351870,6670.0,1.21,0.0,0.0,-0.0
2025-09-12,351870,6600.0,1.21,0.1,,-0.1
2025-09-15,351870,6520.0,1.23,-0.0,,0.0
2025-09-16,351870,6430.0,1.22,0.0,,-0.1
2025-09-17,351870,6620.0,1.22,-0.3,,0.0
2025-09-18,351870,6600.0,1.12,0.1,,0.0
2025-09-19,351870,6510.0,1.13,-0.1,,0.2
2025-09-22,351870,6520.0,1.12,-0.1,,0.1
2025-09-23,351870,6470.0,1.11,-0.1,,0.1
2025-09-24,351870,6400.0,1.1,-0.1,,0.1
2025-09-25,351870,6340.0,1.08,-0.1,-0.1,0.1
2025-09-26,351870,6170.0,1.07,-0.6,,0.6
2025-09-29,351870,6160.0,0.92,-0.1,,0.1
2025-09-30,351870,6140.0,0.9,-0.1,,0.1
2025-10-01,351870,5960.0,0.87,-0.2,,0.2
2025-10-02,351870,5910.0,0.87,0.1,,-0.1
2025-10-10,351870,5810.0,0.9,0.1,,-0.1
2025-10-13,351870,5840.0,0.9,0.3,,-0.3
2025-10-14,351870,5770.0,0.99,-0.0,,0.0
2025-10-15,351870,5890.0,1.01,0.5,,-0.5
2025-10-16,351870,6040.0,1.09,0.1,,-0.1
2025-10-17,351870,5930.0,1.16,-0.1,,0.1
2025-10-20,351870,5910.0,1.13,0.2,,-0.2
2025-10-21,351870,5970.0,1.17,0.1,,-0.1
2025-10-22,351870,5810.0,1.17,0.1,,-0.1
2025-10-23,351870,5740.0,1.21,-0.0,,0.0
2025-10-24,351870,5800.0,1.21,0.1,,-0.1
2025-10-27,351870,5830.0,1.22,0.1,,-0.1
2025-10-28,351870,5810.0,1.24,0.1,,-0.1
2025-10-29,351870,5810.0,1.25,0.0,,-0.0
2025-10-30,351870,5670.0,1.24,-0.3,,0.3
2025-10-31,351870,5590.0,1.21,0.0,,-0.0
2025-11-03,351870,5590.0,1.19,0.2,,-0.2
2025-11-04,351870,5340.0,1.22,-0.0,,-0.0
2025-11-05,351870,5120.0,1.22,-0.1,,0.1
2025-11-06,351870,5280.0,1.19,0.3,,-0.4
2025-11-07,351870,5100.0,1.25,0.1,,-0.3
2025-11-10,351870,5110.0,1.26,0.2,,-0.1
2025-11-11,351870,5080.0,1.33,0.1,,-0.1
2025-11-12,351870,5070.0,1.35,0.1,,-0.0
2025-11-13,351870,5150.0,1.35,-0.0,,0.0
2025-11-14,351870,5070.0,1.32,0.1,,-0.1
2025-11-17,351870,4995.0,1.34,-0.0,,0.0
2025-11-18,351870,4700.0,1.34,0.1,,-0.1
2025-11-19,351870,4665.0,1.37,0.2,,-0.2
2025-11-20,351870,4730.0,1.4,0.3,,-0.3
2025-11-21,351870,4510.0,1.48,0.0,,-0.1
2025-11-24,351870,4560.0,1.48,-0.0,,0.1
2025-11-25,351870,4540.0,1.48,0.0,,-0.0
2025-11-26,351870,4500.0,1.48,0.1,,-0.1
2025-11-27,351870,4525.0,1.49,0.0,,-0.0
2025-11-28,351870,4730.0,1.5,0.2,,-0.2
2025-12-01,351870,5020.0,1.53,0.1,,-0.1
2025-12-02,351870,4950.0,1.55,-0.1,,0.1
2025-12-03,351870,4870.0,1.51,-0.0,,0.0
2025-12-04,351870,4900.0,1.5,-0.0,,0.1
2025-12-05,351870,4795.0,1.48,-0.0,,0.0
2025-12-08,351870,4805.0,1.47,0.1,,-0.1
2025-12-09,351870,4750.0,1.49,-0.0,,0.0
2025-12-10,351870,4625.0,1.49,-0.0,,0.0
2025-12-11,351870,4610.0,1.48,-0.1,,0.1
2025-12-12,351870,4815.0,1.46,-0.0,,0.0
2025-12-15,351870,4990.0,1.46,0.0,,0.0
2025-12-16,351870,4845.0,1.45,-0.0,,0.0
2025-12-17,351870,4915.0,1.17,0.0,,-0.0
2025-12-18,351870,4765.0,1.17,0.0,,-0.0
2025-12-19,351870,5000.0,1.17,0.0,,-0.0
2025-12-22,351870,4940.0,1.16,0.3,,-0.3
2025-12-23,351870,4960.0,1.19,0.0,,-0.0
2025-12-24,351870,4860.0,1.2,-0.0,,0.0
2025-12-26,351870,4795.0,1.21,-0.2,,0.2
2025-12-29,351870,4750.0,1.17,-0.0,,0.0
2025-12-30,351870,5020.0,1.16,0.1,,-0.2
2026-01-02,351870,5020.0,1.16,-0.2,,0.2
2026-01-05,351870,4900.0,1.13,0.1,,-0.1
2026-01-06,351870,4765.0,1.15,0.0,,-0.0
2026-01-07,351870,4780.0,1.15,-0.0,,0.0
2026-01-08,351870,4600.0,1.14,-0.1,,0.1
2026-01-09,351870,4615.0,1.12,-0.0,,0.0
2026-01-12,351870,4585.0,1.12,0.0,,-0.0
2026-01-13,351870,4515.0,1.12,0.0,,-0.0
2026-01-14,351870,4515.0,1.13,-0.0,,0.0
2026-01-15,351870,4570.0,1.12,-0.2,,0.2
2026-01-16,351870,4430.0,1.08,-0.0,,0.0
2026-01-19,351870,4935.0,1.07,-0.5,,0.5
2026-01-20,351870,4685.0,0.99,-0.0,0.0,0.0
2026-01-21,351870,4565.0,0.98,-0.0,-0.0,0.0
2026-01-22,351870,4560.0,0.98,0.2,,-0.2
2026-01-23,351870,4720.0,1.01,-0.0,,0.0
2026-01-26,351870,4715.0,1.01,0.1,,-0.1
2026-01-27,351870,4735.0,0.95,-0.0,-0.0,0.0
2026-01-28,351870,4710.0,0.95,0.0,-0.0,-0.0
2026-01-29,351870,4740.0,0.95,0.1,-0.0,-0.1
2026-01-30,351870,4670.0,0.97,-0.0,,0.0
2026-02-02,351870,4485.0,0.96,0.1,,-0.1
2026-02-03,351870,4555.0,0.99,0.1,,-0.1
2026-02-04,351870,4665.0,1.0,0.1,,-0.2
2026-02-05,351870,4600.0,1.03,-0.1,,0.1
2026-02-06,351870,4480.0,1.01,0.0,,-0.1
2026-02-09,351870,4580.0,1.02,0.1,,-0.1
2026-02-10,351870,4600.0,1.05,0.1,,-0.1
2026-02-11,351870,4590.0,1.06,0.1,,-0.1
2026-02-12,351870,4615.0,1.07,0.0,,-0.0
2026-02-13,351870,4530.0,1.08,-0.1,,0.1
2026-02-19,351870,4550.0,1.06,-0.1,,0.1
2026-02-20,351870,4590.0,1.05,-0.0,,0.0
2026-02-23,351870,4380.0,1.05,-0.1,0.0,0.1
2026-02-24,351870,4310.0,1.04,0.0,-0.3,0.6
2026-02-25,351870,4430.0,1.05,-0.5,0.0,0.5
2026-02-26,351870,4355.0,0.99,0.0,,-0.0
2026-02-27,351870,4345.0,0.99,0.2,,-0.2
2026-03-03,351870,4200.0,1.03,-0.2,,0.2
2026-03-04,351870,3755.0,0.98,-0.3,,0.3
2026-03-05,351870,4005.0,0.92,0.2,,-0.2
2026-03-06,351870,3965.0,0.96,0.1,,-0.1
2026-03-09,351870,4025.0,0.98,0.1,,-0.1
2026-03-10,351870,4005.0,1.01,-0.0,,0.0
2026-03-11,351870,4110.0,1.0,0.1,,-0.1
2026-03-12,351870,4155.0,1.08,0.0,,-0.0
2026-03-13,351870,4155.0,1.09,0.0,-0.0,-0.0
2026-03-16,351870,4080.0,1.1,-0.0,,0.0
2026-03-17,351870,4170.0,1.1,0.0,,0.0
2026-03-18,351870,4095.0,1.1,-0.0,,0.0
2026-03-19,351870,3955.0,1.09,-0.0,,0.0
2026-03-20,351870,3850.0,1.09,0.0,,-0.0
2026-03-23,351870,3980.0,1.09,0.1,,-0.1
2026-03-24,351870,3990.0,1.12,-0.0,,0.0
2026-03-25,351870,4035.0,1.11,0.0,,-0.0
2026-03-26,351870,4025.0,1.12,-0.1,,0.1
2026-03-27,351870,3920.0,1.1,-0.0,,0.0
2026-03-30,351870,3945.0,1.1,-0.1,,0.1
2026-03-31,351870,3885.0,1.12,-0.1,,0.1
2026-04-01,351870,3935.0,1.11,-0.0,,0.0
2026-04-02,351870,3830.0,1.1,-0.1,,0.1
2026-04-03,351870,3870.0,1.07,0.0,,-0.0
2026-04-06,351870,3790.0,1.03,-0.0,,0.0
2026-04-07,351870,3780.0,1.03,-0.1,,0.1
2026-04-08,351870,3840.0,1.01,0.0,,-0.0
2026-04-09,351870,3990.0,1.01,-0.1,,-0.3
2026-04-10,351870,3970.0,0.99,0.1,,-0.1
2026-04-13,351870,4045.0,1.01,0.0,,-0.1
2026-04-14,351870,4135.0,1.02,-0.0,,-0.1
2026-04-15,351870,4150.0,1.01,0.1,,-0.1
2026-04-16,351870,4225.0,1.03,0.0,,-0.0
2026-04-17,351870,4150.0,1.04,0.0,-0.0,0.0
2026-04-20,351870,4125.0,1.04,-0.0,,0.0
2026-04-21,351870,4110.0,1.02,-0.0,,-0.1
2026-04-22,351870,4130.0,1.01,0.1,,-0.1
2026-04-23,351870,4125.0,1.02,0.0,,-0.0
2026-04-24,351870,4110.0,1.02,0.0,,-0.0
2026-04-27,351870,4095.0,1.02,0.0,,-0.0
2026-04-28,351870,4220.0,1.03,-0.1,,0.1
2026-04-29,351870,4195.0,1.03,-0.0,,0.0
2026-04-30,351870,4160.0,1.02,-0.0,,0.0
2026-05-04,351870,4185.0,0.97,-0.1,,0.1
2026-05-06,351870,4075.0,0.95,0.0,,-0.0
2026-05-07,351870,4055.0,0.96,-0.0,,0.0
2026-05-08,351870,4040.0,0.95,-0.0,,0.0
2026-05-11,351870,3985.0,0.95,-0.0,0.0,0.0
2026-05-12,351870,4010.0,0.95,-0.0,-0.0,0.0
2026-05-13,351870,3930.0,0.95,-0.1,0.0,0.1
2026-05-14,351870,4000.0,0.93,0.1,-0.0,-0.2
2026-05-15,351870,3855.0,0.95,0.1,0.0,-0.4
2026-05-18,351870,3450.0,0.97,0.1,0.0,-0.1
2026-05-19,351870,3425.0,0.99,0.0,-0.0,-0.0
2026-05-20,351870,3215.0,0.99,0.0,0.0,-0.0
2026-05-21,351870,3165.0,1.0,-0.2,0.0,0.2
2026-05-22,351870,3295.0,0.96,-0.1,-0.0,0.0
2026-05-26,351870,3275.0,0.94,-0.2,0.0,0.2
2026-05-27,351870,3020.0,0.9,0.0,0.0,0.0
2026-05-28,351870,2840.0,0.9,0.2,-0.0,-0.3
2026-05-29,351870,2935.0,0.95,0.0,-0.0,-0.0
2026-06-01,351870,2670.0,0.96,0.1,0.0,-0.1
2026-06-02,351870,2735.0,0.98,0.1,-0.0,-0.2
2026-06-04,351870,2725.0,1.02,0.0,-0.0,-0.0
2026-06-05,351870,2635.0,1.03,0.0,,-0.0
2026-06-08,351870,2490.0,1.04,0.0,,-0.1
2026-06-09,351870,2600.0,1.05,0.1,0.0,-0.1
2026-06-10,351870,2655.0,1.1,0.0,-0.0,-0.0
2026-06-11,351870,2695.0,1.11,0.0,,-0.0
2026-06-12,351870,2620.0,1.11,0.0,0.0,-0.0
2026-06-15,351870,2680.0,1.12,-0.0,-0.0,0.0
2026-06-16,351870,2650.0,1.1,-0.0,0.0,0.0
2026-06-17,351870,2700.0,1.11,-0.6,0.0,0.7
2026-06-18,351870,2440.0,0.97,0.3,-0.0,-0.4
2026-06-19,351870,2350.0,1.09,0.0,0.0,-0.0
2026-06-22,351870,2340.0,1.1,-0.0,0.0,-0.0
2026-06-23,351870,2050.0,1.08,0.1,-0.0,-0.2
2026-06-24,351870,2130.0,1.13,0.2,-0.0,-0.2
2026-06-25,351870,2000.0,1.21,-0.0,0.0,0.0
2026-06-26,351870,1716.0,1.21,0.1,-0.0,-0.1
2026-06-29,351870,1848.0,1.24,0.1,-0.0,-0.1
2026-06-30,351870,1897.0,1.3,0.1,0.0,-0.1
2026-07-01,351870,1924.0,1.33,-0.0,0.0,0.0
2026-07-02,351870,1847.0,1.32,-0.0,-0.0,0.0
2026-07-03,351870,1809.0,1.31,-0.0,0.0,-0.0
2026-07-06,351870,1929.0,1.31,0.1,-0.0,-0.1
2026-07-07,351870,1938.0,1.35,-0.0,0.0,0.0
2026-07-08,351870,1894.0,1.34,-0.1,-0.0,0.1
2026-07-09,351870,1865.0,1.31,-0.0,-0.0,0.0
2026-07-10,351870,1826.0,1.31,0.0,,-0.0
2026-07-13,351870,1796.0,1.32,-0.1,0.0,0.1
2026-07-14,351870,1756.0,1.29,0.0,-0.0,-0.0
2026-07-15,351870,1780.0,1.31,-0.0,,0.1
2026-07-16,351870,1768.0,1.28,-0.0,,0.0
2025-07-14,352090,4035.0,3.71,3.0,,-3.1
2025-07-15,352090,4030.0,3.99,-1.0,,1.0
2025-07-16,352090,3940.0,3.89,-1.2,,1.3
2025-07-17,352090,3910.0,3.78,-0.7,,0.7
2025-07-18,352090,3945.0,3.71,-0.6,,0.6
2025-07-21,352090,3950.0,3.67,-0.5,1.7,-1.2
2025-07-22,352090,3895.0,3.63,-1.4,,1.5
2025-07-23,352090,3885.0,3.49,-0.3,,0.3
2025-07-24,352090,3865.0,3.46,-1.2,-0.0,1.2
2025-07-25,352090,3870.0,3.35,-0.2,0.1,0.1
2025-07-28,352090,3820.0,3.33,-1.0,0.2,0.9
2025-07-29,352090,3850.0,3.23,-0.2,0.0,0.2
2025-07-30,352090,3910.0,3.21,0.3,,-0.3
2025-07-31,352090,3910.0,3.24,-0.0,,0.1
2025-08-01,352090,3875.0,3.24,-0.2,0.0,0.2
2025-08-04,352090,3915.0,3.22,-0.2,,0.2
2025-08-05,352090,3930.0,3.2,-0.2,,0.2
2025-08-06,352090,3955.0,3.09,0.4,,-0.4
2025-08-07,352090,3925.0,3.13,-0.4,0.1,0.3
2025-08-08,352090,3965.0,3.09,0.4,,-0.1
2025-08-11,352090,3850.0,3.12,-2.2,0.0,2.1
2025-08-12,352090,3830.0,2.91,-0.5,,0.5
2025-08-13,352090,3755.0,2.86,-1.0,,1.0
2025-08-14,352090,3740.0,2.77,-0.4,,0.4
2025-08-18,352090,3680.0,2.73,-0.4,0.1,0.4
2025-08-19,352090,3665.0,2.68,-0.2,,0.2
2025-08-20,352090,3655.0,2.66,0.0,0.0,-0.1
2025-08-21,352090,3715.0,2.67,-0.5,,0.5
2025-08-22,352090,3765.0,2.62,-0.3,0.0,0.3
2025-08-25,352090,3765.0,2.59,-0.0,0.1,-0.1
2025-08-26,352090,3770.0,2.59,0.0,0.0,-0.0
2025-08-27,352090,3755.0,2.6,-0.2,0.1,0.1
2025-08-28,352090,3740.0,2.57,0.3,0.1,-0.5
2025-08-29,352090,3720.0,2.61,-0.2,,0.2
2025-09-01,352090,3650.0,2.59,0.1,0.0,-0.1
2025-09-02,352090,3670.0,2.59,-0.0,0.2,-0.1
2025-09-03,352090,3655.0,2.59,-0.0,,0.0
2025-09-04,352090,3670.0,2.59,0.1,0.0,-0.1
2025-09-05,352090,3640.0,2.6,-0.2,0.1,0.1
2025-09-08,352090,3680.0,2.57,-0.2,0.0,0.1
2025-09-09,352090,3725.0,2.55,-0.4,0.1,0.2
2025-09-10,352090,3730.0,2.5,0.1,0.3,-0.4
2025-09-11,352090,3715.0,2.52,-0.4,0.4,-0.1
2025-09-12,352090,3770.0,2.48,-1.2,1.4,-0.2
2025-09-15,352090,3825.0,2.37,-0.7,1.7,-1.0
2025-09-16,352090,3815.0,2.31,-0.4,0.6,0.2
2025-09-17,352090,3815.0,2.26,-1.3,1.1,0.1
2025-09-18,352090,3845.0,2.14,0.2,0.1,-0.3
2025-09-19,352090,3820.0,2.16,-0.6,,0.6
2025-09-22,352090,3760.0,2.11,-0.2,,0.5
2025-09-23,352090,3740.0,2.05,0.0,,-0.0
2025-09-24,352090,3715.0,1.98,-0.2,,0.2
2025-09-25,352090,3700.0,1.95,-0.2,,0.1
2025-09-26,352090,3675.0,1.92,-0.3,,0.3
2025-09-29,352090,3730.0,1.81,-0.3,,0.3
2025-09-30,352090,3670.0,1.79,-0.0,,0.0
2025-10-01,352090,3610.0,1.78,-0.5,,0.5
2025-10-02,352090,3685.0,1.73,0.0,,0.0
2025-10-10,352090,3630.0,1.73,-0.2,,0.2
2025-10-13,352090,3620.0,1.71,-0.1,,0.1
2025-10-14,352090,3555.0,1.69,-0.0,,-0.0
2025-10-15,352090,3645.0,1.69,-0.0,-0.2,0.1
2025-10-16,352090,3655.0,1.69,-0.1,,0.1
2025-10-17,352090,3670.0,1.67,0.1,0.0,-0.1
2025-10-20,352090,3730.0,1.69,-0.0,0.0,0.1
2025-10-21,352090,3690.0,1.68,-0.7,,0.7
2025-10-22,352090,3695.0,1.61,-0.3,0.1,0.2
2025-10-23,352090,3705.0,1.58,-0.1,,0.1
2025-10-24,352090,3675.0,1.57,-0.2,,0.2
2025-10-27,352090,3670.0,1.54,0.0,0.6,-0.7
2025-10-28,352090,3700.0,1.55,0.1,0.0,-0.1
2025-10-29,352090,3680.0,1.55,-0.5,0.2,0.3
2025-10-30,352090,3650.0,1.51,-0.5,0.1,0.4
2025-10-31,352090,3685.0,1.46,-0.1,,0.1
2025-11-03,352090,3620.0,1.48,-0.4,0.1,0.3
2025-11-04,352090,3605.0,1.45,-0.4,,0.4
2025-11-05,352090,3550.0,1.41,-0.2,,0.2
2025-11-06,352090,3550.0,1.39,-0.2,,0.2
2025-11-07,352090,3515.0,1.37,1.8,-2.2,0.4
2025-11-10,352090,3600.0,1.57,0.2,,-0.2
2025-11-11,352090,3600.0,1.59,-0.1,,0.1
2025-11-12,352090,3680.0,1.57,-0.0,,0.0
2025-11-13,352090,3655.0,1.57,-0.1,,0.1
2025-11-14,352090,3625.0,1.56,-0.0,,0.0
2025-11-17,352090,3590.0,1.56,-0.1,,0.1
2025-11-18,352090,3630.0,1.55,-0.3,,0.3
2025-11-19,352090,3590.0,1.52,-0.1,,0.1
2025-11-20,352090,3650.0,1.51,-0.0,,0.0
2025-11-21,352090,3600.0,1.51,-0.1,0.2,-0.1
2025-11-24,352090,3600.0,1.5,0.1,,-0.1
2025-11-25,352090,3605.0,1.51,-0.5,,0.5
2025-11-26,352090,3600.0,1.46,-0.0,,0.0
2025-11-27,352090,3645.0,1.45,0.2,0.4,-0.6
2025-11-28,352090,3675.0,1.47,0.1,,-0.1
2025-12-01,352090,3700.0,1.48,0.3,,-0.5
2025-12-02,352090,3705.0,1.51,-0.3,,0.3
2025-12-03,352090,3750.0,1.48,0.1,,-0.1
2025-12-04,352090,3755.0,1.48,-0.4,,0.3
2025-12-05,352090,3755.0,1.44,0.1,,-0.1
2025-12-08,352090,3725.0,1.45,0.1,,-0.1
2025-12-09,352090,3765.0,1.46,0.1,,-0.1
2025-12-10,352090,3815.0,1.46,0.0,,-0.1
2025-12-11,352090,3820.0,1.47,0.4,,-0.3
2025-12-12,352090,3880.0,1.5,0.8,,-0.9
2025-12-15,352090,3865.0,1.58,-0.3,,0.3
2025-12-16,352090,3790.0,1.55,0.5,,-0.5
2025-12-17,352090,3840.0,1.6,0.4,,-1.0
2025-12-18,352090,3795.0,1.64,-0.0,,0.0
2025-12-19,352090,3820.0,1.63,0.7,,-0.7
2025-12-22,352090,3820.0,1.7,0.6,,-0.6
2025-12-23,352090,3770.0,1.76,-0.9,,0.8
2025-12-24,352090,3785.0,1.67,-0.1,,0.1
2025-12-26,352090,3850.0,1.66,0.3,,-0.3
2025-12-29,352090,3690.0,1.69,-2.5,,2.5
2025-12-30,352090,3640.0,1.44,0.3,,-0.4
2026-01-02,352090,3525.0,1.47,-0.9,,0.7
2026-01-05,352090,3510.0,1.38,-0.5,0.4,0.1
2026-01-06,352090,3520.0,1.33,-0.6,,0.5
2026-01-07,352090,3485.0,1.27,-0.9,,0.9
2026-01-08,352090,3400.0,1.17,0.1,-0.0,-0.2
2026-01-09,352090,3430.0,1.19,0.3,,-0.4
2026-01-12,352090,3435.0,1.22,-0.3,,0.3
2026-01-13,352090,3435.0,1.21,-0.3,,0.3
2026-01-14,352090,3430.0,1.18,-0.3,,0.3
2026-01-15,352090,3430.0,1.14,-0.6,,0.6
2026-01-16,352090,3400.0,1.08,-0.1,,0.1
2026-01-19,352090,3395.0,1.07,-0.1,,-0.2
2026-01-20,352090,3465.0,1.05,0.5,,-0.6
2026-01-21,352090,3390.0,1.1,-0.2,,0.2
2026-01-22,352090,3380.0,1.08,0.7,,-0.7
2026-01-23,352090,3430.0,1.16,-0.0,,0.0
2026-01-26,352090,3475.0,1.16,0.1,,-0.2
2026-01-27,352090,3495.0,1.16,-0.8,,0.8
2026-01-28,352090,3460.0,1.08,0.8,,-0.8
2026-01-29,352090,3460.0,1.16,0.0,,-0.1
2026-01-30,352090,3460.0,1.17,0.3,-0.1,-0.2
2026-02-02,352090,3405.0,1.2,-0.8,,0.7
2026-02-03,352090,3440.0,1.11,-0.2,,0.2
2026-02-04,352090,3465.0,1.09,0.7,,-0.9
2026-02-05,352090,3470.0,1.16,0.2,,-0.1
2026-02-06,352090,3465.0,1.18,-0.2,,0.2
2026-02-09,352090,3475.0,1.16,0.0,,-0.0
2026-02-10,352090,3490.0,1.17,0.2,,-0.3
2026-02-11,352090,3550.0,1.19,0.2,,-0.2
2026-02-12,352090,3640.0,1.21,-0.3,,0.4
2026-02-13,352090,3600.0,1.18,-0.1,,0.1
2026-02-19,352090,3750.0,1.17,1.5,-0.1,-1.6
2026-02-20,352090,3745.0,1.33,-0.1,,0.1
2026-02-23,352090,3775.0,1.31,0.2,-0.1,-0.8
2026-02-24,352090,3750.0,1.33,0.4,,-0.4
2026-02-25,352090,3690.0,1.37,-0.3,,0.3
2026-02-26,352090,3670.0,1.33,-0.1,,-0.2
2026-02-27,352090,3685.0,1.32,0.1,,-0.2
2026-03-03,352090,3560.0,1.33,0.3,,-0.3
2026-03-04,352090,3390.0,1.36,-1.1,-0.3,1.3
2026-03-05,352090,3540.0,1.25,0.5,,-0.5
2026-03-06,352090,3600.0,1.3,-0.1,,0.1
2026-03-09,352090,3500.0,1.29,0.1,-0.0,-0.1
2026-03-10,352090,3580.0,1.3,-0.5,,0.5
2026-03-11,352090,3615.0,1.27,-0.1,,-0.2
2026-03-12,352090,3620.0,1.27,-0.1,,0.1
2026-03-13,352090,3615.0,1.26,-0.0,,0.0
2026-03-16,352090,3615.0,1.26,-0.1,,0.1
2026-03-17,352090,3570.0,1.24,-0.2,0.0,0.2
2026-03-18,352090,3595.0,1.22,0.2,,-0.2
2026-03-19,352090,3575.0,1.24,0.0,,-0.0
2026-03-20,352090,3580.0,1.24,0.2,,-0.2
2026-03-23,352090,3565.0,1.26,0.1,0.0,-0.1
2026-03-24,352090,3545.0,1.27,0.2,,-0.2
2026-03-25,352090,3600.0,1.3,0.2,-0.2,0.0
2026-03-26,352090,3575.0,1.31,0.3,,-0.3
2026-03-27,352090,3610.0,1.34,0.2,,-0.2
2026-03-30,352090,3580.0,1.37,-0.1,,0.1
2026-03-31,352090,3575.0,1.35,-0.1,,0.1
2026-04-01,352090,3600.0,1.34,-0.1,,0.1
2026-04-02,352090,3605.0,1.33,-0.3,0.0,-0.1
2026-04-03,352090,3620.0,1.3,0.3,-0.1,-0.2
2026-04-06,352090,3625.0,1.33,0.2,-0.1,-0.2
2026-04-07,352090,3625.0,1.35,0.1,,-0.3
2026-04-08,352090,3650.0,1.36,0.1,-0.0,-0.1
2026-04-09,352090,3645.0,1.37,0.2,,-0.5
2026-04-10,352090,3680.0,1.39,0.3,,-0.3
2026-04-13,352090,3740.0,1.42,0.6,-0.3,-0.3
2026-04-14,352090,3715.0,1.49,-0.0,-0.4,0.3
2026-04-15,352090,3720.0,1.48,0.2,,-0.2
2026-04-16,352090,3745.0,1.5,0.3,,-0.3
2026-04-17,352090,3760.0,1.53,0.1,,-0.3
2026-04-20,352090,3795.0,1.54,-0.0,,0.0
2026-04-21,352090,3820.0,1.54,0.2,,-0.1
2026-04-22,352090,3800.0,1.56,-0.5,,0.6
2026-04-23,352090,3800.0,1.5,0.1,,-0.0
2026-04-24,352090,3870.0,1.51,0.8,,-1.0
2026-04-27,352090,3855.0,1.59,-0.1,,0.1
2026-04-28,352090,3865.0,1.58,0.7,,-0.8
2026-04-29,352090,3885.0,1.65,0.7,0.0,-0.4
2026-04-30,352090,3865.0,1.71,-0.1,,0.0
2026-05-04,352090,3810.0,1.7,-0.8,0.0,0.8
2026-05-06,352090,3740.0,1.62,-0.6,0.0,0.1
2026-05-07,352090,3740.0,1.56,0.0,-0.0,-0.0
2026-05-08,352090,3780.0,1.57,0.1,-0.0,-0.1
2026-05-11,352090,3965.0,1.57,0.5,0.0,-0.7
2026-05-12,352090,3965.0,1.62,-0.3,-0.4,0.2
2026-05-13,352090,3775.0,1.58,-0.5,-0.0,0.6
2026-05-14,352090,3835.0,1.54,-0.0,0.0,-0.1
2026-05-15,352090,3775.0,1.54,-0.2,-0.0,0.1
2026-05-18,352090,3810.0,1.52,0.4,-0.0,-0.6
2026-05-19,352090,3770.0,1.56,-0.1,-0.0,0.2
2026-05-20,352090,3670.0,1.67,-0.4,0.0,0.4
2026-05-21,352090,3710.0,1.63,-0.1,-0.0,0.1
2026-05-22,352090,3785.0,1.61,-0.2,,0.2
2026-05-26,352090,3720.0,1.6,-0.6,-0.0,0.7
2026-05-27,352090,3670.0,1.54,-0.7,-0.0,0.7
2026-05-28,352090,3700.0,1.47,-0.7,-0.0,0.1
2026-05-29,352090,3695.0,1.4,-0.2,-0.0,0.3
2026-06-01,352090,3600.0,1.38,-0.8,-0.0,0.8
2026-06-02,352090,3625.0,1.29,0.3,-0.0,-0.3
2026-06-04,352090,3610.0,1.32,-0.0,-0.0,0.0
2026-06-05,352090,3570.0,1.45,0.3,-0.0,-0.4
2026-06-08,352090,3540.0,1.49,0.4,0.0,-0.4
2026-06-09,352090,3565.0,1.53,0.0,0.0,-0.0
2026-06-10,352090,3590.0,1.54,0.3,-0.0,-0.3
2026-06-11,352090,3580.0,1.57,0.1,,-0.1
2026-06-12,352090,3615.0,1.58,-0.1,-0.0,0.1
2026-06-15,352090,3635.0,1.57,-0.0,0.0,-0.0
2026-06-16,352090,3660.0,1.57,0.6,0.0,-0.7
2026-06-17,352090,3660.0,1.63,0.6,-0.6,0.0
2026-06-18,352090,3555.0,1.69,-0.1,0.0,0.4
2026-06-19,352090,3580.0,1.68,-0.8,-0.0,1.0
2026-06-22,352090,3550.0,1.59,-0.1,-0.0,0.1
2026-06-23,352090,3445.0,1.58,-0.5,0.0,0.4
2026-06-24,352090,3455.0,1.51,-0.3,0.0,0.4
2026-06-25,352090,3440.0,1.47,-0.0,-0.0,0.0
2026-06-26,352090,3420.0,1.47,0.0,0.0,-0.1
2026-06-29,352090,3565.0,1.47,0.2,-0.0,-0.3
2026-06-30,352090,3565.0,1.49,-0.0,0.0,0.0
2026-07-01,352090,3565.0,1.49,0.0,,-0.1
2026-07-02,352090,3490.0,1.49,0.0,0.0,-0.0
2026-07-03,352090,3590.0,1.49,0.3,0.0,-0.3
2026-07-06,352090,3575.0,1.53,1.0,-0.0,-1.0
2026-07-07,352090,3560.0,1.63,0.1,-0.0,-0.0
2026-07-08,352090,3510.0,1.63,0.1,-0.0,-0.1
2026-07-09,352090,3485.0,1.64,-0.1,-0.0,0.1
2026-07-10,352090,3570.0,1.63,0.2,,-0.2
2026-07-13,352090,3515.0,1.65,0.0,0.0,-0.0
2026-07-14,352090,3500.0,1.71,0.3,-0.0,-0.3
2026-07-15,352090,3545.0,1.61,0.1,0.0,-0.1
2026-07-16,352090,3545.0,1.62,0.0,-0.0,-0.1
2025-07-14,352480,43600.0,5.02,-13.5,12.5,-0.2
2025-07-15,352480,46050.0,4.68,6.5,25.0,-32.4
2025-07-16,352480,44800.0,4.91,-4.8,5.2,0.2
2025-07-17,352480,47250.0,4.72,3.7,18.1,-20.7
2025-07-18,352480,48300.0,4.85,-13.3,19.5,-6.2
2025-07-21,352480,47450.0,4.55,-5.6,1.9,3.3
2025-07-22,352480,45600.0,4.4,8.3,-4.2,-4.5
2025-07-23,352480,43950.0,4.58,10.2,0.9,-11.0
2025-07-24,352480,42050.0,4.91,22.8,-9.5,-12.5
2025-07-25,352480,40400.0,5.41,12.4,-8.2,-2.3
2025-07-28,352480,39350.0,5.75,3.9,-3.6,-0.1
2025-07-29,352480,39700.0,5.81,-14.3,-2.8,17.0
2025-07-30,352480,40250.0,5.38,-9.7,-5.9,15.2
2025-07-31,352480,44300.0,5.15,13.0,7.6,-22.1
2025-08-01,352480,41450.0,5.53,-5.4,-4.6,11.5
2025-08-04,352480,42900.0,5.37,-6.3,-5.0,11.4
2025-08-05,352480,42100.0,5.19,-7.7,-3.5,11.3
2025-08-06,352480,43350.0,4.88,-4.1,6.3,-2.1
2025-08-07,352480,43300.0,4.78,-11.0,-1.0,12.4
2025-08-08,352480,41700.0,4.53,-11.9,10.3,0.5
2025-08-11,352480,41100.0,4.21,3.5,-12.6,8.8
2025-08-12,352480,39700.0,4.28,9.8,-21.1,10.8
2025-08-13,352480,38850.0,4.53,27.5,-40.8,13.0
2025-08-14,352480,40750.0,5.27,14.2,-7.3,-7.2
2025-08-18,352480,41350.0,5.76,2.9,-3.0,0.3
2025-08-19,352480,40750.0,5.79,3.1,1.5,-4.6
2025-08-20,352480,41300.0,5.88,-0.6,4.7,-4.1
2025-08-21,352480,43350.0,5.89,7.7,19.6,-25.5
2025-08-22,352480,43100.0,6.17,-10.7,10.2,0.5
2025-08-25,352480,44700.0,5.91,-5.7,8.2,-2.0
2025-08-26,352480,44400.0,5.76,-1.8,9.2,-7.9
2025-08-27,352480,43900.0,5.7,-3.1,4.0,-1.1
2025-08-28,352480,44400.0,5.74,0.0,5.3,-5.5
2025-08-29,352480,43800.0,5.74,-5.4,12.0,-7.0
2025-09-01,352480,42900.0,5.62,-0.1,3.8,-3.8
2025-09-02,352480,41150.0,5.56,0.7,-1.2,0.5
2025-09-03,352480,40700.0,5.57,4.6,-9.0,4.2
2025-09-04,352480,40950.0,5.65,0.3,-4.1,5.9
2025-09-05,352480,40850.0,5.61,-2.7,1.7,1.4
2025-09-08,352480,42450.0,5.52,1.0,0.4,-1.2
2025-09-09,352480,44000.0,5.55,11.8,5.7,-17.2
2025-09-10,352480,43450.0,5.84,-5.6,0.3,5.3
2025-09-11,352480,42700.0,5.68,-3.1,0.6,1.5
2025-09-12,352480,42700.0,5.6,-0.4,-1.7,2.1
2025-09-15,352480,43000.0,5.61,4.7,-5.3,0.9
2025-09-16,352480,42950.0,5.73,-3.6,0.5,3.0
2025-09-17,352480,43350.0,5.64,1.9,-1.9,-0.1
2025-09-18,352480,44500.0,5.67,2.2,0.1,-2.2
2025-09-19,352480,44500.0,5.73,-4.0,0.4,3.7
2025-09-22,352480,45400.0,5.64,-1.2,0.2,0.7
2025-09-23,352480,44050.0,5.62,-4.8,0.9,3.9
2025-09-24,352480,44100.0,5.47,-0.9,0.1,0.7
2025-09-25,352480,43600.0,5.46,-0.2,-2.6,2.8
2025-09-26,352480,41850.0,5.46,-5.3,-2.3,7.6
2025-09-29,352480,41650.0,5.33,1.5,-3.1,1.5
2025-09-30,352480,40750.0,5.37,-5.0,-0.6,5.4
2025-10-01,352480,40800.0,5.23,-1.0,-1.9,3.2
2025-10-02,352480,41900.0,5.21,2.7,-5.3,2.4
2025-10-10,352480,40950.0,5.29,-4.7,-4.7,8.7
2025-10-13,352480,40150.0,5.16,-2.0,-1.0,3.0
2025-10-14,352480,38500.0,5.12,-8.0,-8.2,16.4
2025-10-15,352480,39400.0,4.89,2.6,-5.0,2.4
2025-10-16,352480,40100.0,4.97,3.2,-4.5,1.4
2025-10-17,352480,38850.0,5.14,-0.8,-4.9,5.6
2025-10-20,352480,38500.0,5.09,-2.3,0.1,2.3
2025-10-21,352480,38700.0,5.09,1.2,-5.1,3.9
2025-10-22,352480,39850.0,5.11,-0.1,2.0,-1.8
2025-10-23,352480,39650.0,5.11,-9.2,0.6,8.5
2025-10-24,352480,39000.0,4.82,-2.3,-1.4,3.8
2025-10-27,352480,39300.0,4.74,3.7,-5.2,1.5
2025-10-28,352480,40050.0,4.86,5.1,0.9,-6.0
2025-10-29,352480,39400.0,5.01,-0.8,-0.7,1.4
2025-10-30,352480,38450.0,4.95,-6.5,-1.0,7.4
2025-10-31,352480,37600.0,3.42,-0.7,0.9,-0.5
2025-11-03,352480,37400.0,3.44,0.7,1.2,-1.9
2025-11-04,352480,36600.0,3.46,6.6,-9.3,2.6
2025-11-05,352480,36200.0,3.59,6.8,-2.6,-4.4
2025-11-06,352480,34250.0,3.74,1.6,-1.3,-0.2
2025-11-07,352480,34000.0,3.79,-1.1,1.1,-0.0
2025-11-10,352480,34550.0,3.69,-1.1,0.4,0.7
2025-11-11,352480,33550.0,3.56,-3.9,-1.2,5.0
2025-11-12,352480,34550.0,3.48,1.9,0.3,-2.2
2025-11-13,352480,34050.0,3.52,-2.7,0.0,2.7
2025-11-14,352480,33300.0,3.45,-2.5,-0.4,2.9
2025-11-17,352480,33250.0,3.36,-1.3,0.4,0.9
2025-11-18,352480,32050.0,3.35,-1.8,-1.6,4.5
2025-11-19,352480,32000.0,3.45,1.6,0.6,-2.4
2025-11-20,352480,32800.0,3.48,1.6,-1.3,-0.5
2025-11-21,352480,32000.0,3.52,-0.8,-3.2,3.9
2025-11-24,352480,31850.0,3.5,0.7,-1.9,1.2
2025-11-25,352480,30800.0,3.52,-1.0,-0.4,1.4
2025-11-26,352480,31950.0,3.5,4.1,-0.4,-3.8
2025-11-27,352480,32000.0,3.6,1.0,-1.3,0.4
2025-11-28,352480,33050.0,3.63,1.5,0.5,-1.8
2025-12-01,352480,32350.0,3.67,-1.3,-0.9,2.2
2025-12-02,352480,33150.0,3.64,-0.1,1.2,-1.0
2025-12-03,352480,32550.0,3.64,-0.9,-3.2,4.1
2025-12-04,352480,31750.0,3.61,-0.6,-1.4,2.4
2025-12-05,352480,31550.0,3.6,-0.9,-1.4,2.3
2025-12-08,352480,31050.0,3.58,-5.6,-0.4,6.0
2025-12-09,352480,30700.0,3.44,-3.2,-0.3,3.5
2025-12-10,352480,30250.0,3.36,-4.0,-0.2,4.1
2025-12-11,352480,30700.0,3.27,2.2,-1.3,-0.9
2025-12-12,352480,31250.0,3.32,-4.0,4.8,-0.8
2025-12-15,352480,31600.0,3.23,-1.5,2.4,-1.0
2025-12-16,352480,31700.0,3.2,1.8,-0.1,-2.2
2025-12-17,352480,31850.0,3.25,-2.1,0.1,2.0
2025-12-18,352480,31250.0,3.21,-1.0,0.4,0.5
2025-12-19,352480,30950.0,3.18,1.4,-1.4,-0.0
2025-12-22,352480,31800.0,3.21,1.8,-1.8,-0.0
2025-12-23,352480,32550.0,3.27,-1.1,4.5,-3.5
2025-12-24,352480,31750.0,3.23,-2.5,0.1,2.4
2025-12-26,352480,31350.0,3.16,-1.1,-0.4,1.4
2025-12-29,352480,30600.0,3.16,-1.0,-1.8,2.8
2025-12-30,352480,29650.0,2.99,-3.5,-1.9,5.2
2026-01-02,352480,32900.0,2.89,8.6,3.2,-11.5
2026-01-05,352480,31850.0,3.15,-5.6,-0.6,6.7
2026-01-06,352480,32550.0,3.0,-3.2,0.8,0.9
2026-01-07,352480,33550.0,2.93,-6.3,0.6,4.5
2026-01-08,352480,33050.0,2.81,-3.9,0.9,2.9
2026-01-09,352480,32000.0,2.7,-0.4,-2.8,3.1
2026-01-12,352480,31250.0,2.69,-0.5,-1.3,2.4
2026-01-13,352480,31000.0,2.65,-2.0,-0.9,3.0
2026-01-14,352480,31250.0,2.6,-0.9,-0.3,1.3
2026-01-15,352480,31150.0,2.61,0.1,-2.0,2.0
2026-01-16,352480,30400.0,2.61,-3.0,-0.3,3.4
2026-01-19,352480,29900.0,2.53,-2.2,-4.7,6.9
2026-01-20,352480,30550.0,2.51,3.3,-1.4,-1.8
2026-01-21,352480,30000.0,2.62,-1.0,-2.2,3.2
2026-01-22,352480,31600.0,2.59,8.0,0.7,-8.4
2026-01-23,352480,32400.0,2.82,0.7,4.0,-4.8
2026-01-26,352480,33200.0,2.83,-4.9,12.9,-8.0
2026-01-27,352480,34200.0,2.68,-2.8,7.6,-4.6
2026-01-28,352480,35950.0,2.62,1.5,11.1,-12.4
2026-01-29,352480,37550.0,2.66,1.1,11.1,-12.0
2026-01-30,352480,38050.0,2.67,-0.6,7.0,-5.7
2026-02-02,352480,35450.0,2.66,7.8,-4.3,-3.6
2026-02-03,352480,36550.0,2.82,-0.7,3.3,-2.4
2026-02-04,352480,34100.0,2.79,-0.2,-5.5,7.6
2026-02-05,352480,34250.0,2.75,2.4,-1.6,-0.7
2026-02-06,352480,34100.0,2.81,-0.9,-2.4,2.8
2026-02-09,352480,36300.0,2.76,4.4,1.3,-5.7
2026-02-10,352480,35900.0,2.91,1.4,-0.5,-1.0
2026-02-11,352480,35300.0,2.91,-2.0,-0.1,2.0
2026-02-12,352480,35050.0,2.78,-2.6,-0.0,2.6
2026-02-13,352480,34000.0,2.73,-1.4,-1.0,2.4
2026-02-19,352480,34350.0,2.68,-2.2,5.5,-3.1
2026-02-20,352480,31600.0,2.64,-8.3,-0.8,9.0
2026-02-23,352480,31200.0,2.47,-2.2,-2.4,4.6
2026-02-24,352480,31300.0,2.41,-1.0,-0.7,1.6
2026-02-25,352480,31050.0,2.38,-3.0,-0.9,3.8
2026-02-26,352480,30950.0,2.3,-2.9,-2.0,5.4
2026-02-27,352480,30700.0,2.24,-1.5,0.7,0.8
2026-03-03,352480,28750.0,2.24,-1.1,-0.5,1.5
2026-03-04,352480,24700.0,2.25,1.0,-0.3,-0.5
2026-03-05,352480,27000.0,2.3,0.8,1.9,-2.7
2026-03-06,352480,27700.0,2.32,0.4,0.1,-0.4
2026-03-09,352480,26350.0,2.35,0.6,-0.3,-0.3
2026-03-10,352480,26750.0,2.38,-0.2,-0.8,1.1
2026-03-11,352480,26000.0,2.41,-1.1,-3.6,4.7
2026-03-12,352480,25800.0,2.32,-0.9,-3.6,4.5
2026-03-13,352480,26300.0,2.29,0.5,0.8,-1.4
2026-03-16,352480,26300.0,2.32,-0.8,0.7,0.3
2026-03-17,352480,26900.0,2.34,0.9,-0.2,-0.7
2026-03-18,352480,27350.0,2.38,0.7,0.6,-1.3
2026-03-19,352480,26800.0,2.42,0.5,-1.2,0.8
2026-03-20,352480,27850.0,2.42,1.2,-0.8,-0.5
2026-03-23,352480,26550.0,2.42,-0.1,-0.7,0.7
2026-03-24,352480,26500.0,2.45,0.1,-1.1,1.0
2026-03-25,352480,26750.0,2.46,-0.0,-0.6,0.7
2026-03-26,352480,25650.0,2.47,-0.6,-1.7,2.3
2026-03-27,352480,26900.0,2.38,1.5,-0.4,-1.1
2026-03-30,352480,26050.0,2.49,-0.2,-0.6,0.8
2026-03-31,352480,26300.0,2.44,1.1,0.6,-1.5
2026-04-01,352480,26700.0,2.51,-0.1,0.8,-0.7
2026-04-02,352480,25850.0,2.5,-1.6,-0.6,2.2
2026-04-03,352480,25750.0,2.45,0.2,-0.3,0.1
2026-04-06,352480,25150.0,2.49,-0.3,-0.7,1.0
2026-04-07,352480,25200.0,2.47,0.1,0.1,-0.2
2026-04-08,352480,26000.0,2.48,-0.5,2.0,-1.4
2026-04-09,352480,27450.0,2.47,0.7,1.7,-2.4
2026-04-10,352480,26700.0,2.48,-2.5,-0.7,3.1
2026-04-13,352480,26850.0,2.38,1.1,-0.7,-0.5
2026-04-14,352480,26700.0,2.42,-0.5,-1.1,1.6
2026-04-15,352480,27000.0,2.43,0.2,0.2,-0.4
2026-04-16,352480,27200.0,2.42,0.7,-0.8,0.1
2026-04-17,352480,27400.0,2.44,0.4,-1.3,0.9
2026-04-20,352480,27300.0,2.45,-0.6,-0.8,1.4
2026-04-21,352480,27350.0,2.43,-0.0,-0.6,0.6
2026-04-22,352480,27850.0,2.41,1.0,-3.0,2.0
2026-04-23,352480,28400.0,2.45,1.3,-1.2,-0.0
2026-04-24,352480,29650.0,2.51,-0.6,-1.5,2.1
2026-04-27,352480,31600.0,2.46,1.3,-0.7,-0.7
2026-04-28,352480,30300.0,2.54,-4.7,-2.1,6.7
2026-04-29,352480,30700.0,2.37,-2.7,-0.5,3.3
2026-04-30,352480,29700.0,2.26,-0.5,-1.1,1.5
2026-05-04,352480,28350.0,2.25,-1.8,-0.8,3.0
2026-05-06,352480,27450.0,2.19,-3.1,-0.7,3.8
2026-05-07,352480,26650.0,2.07,-0.9,-0.4,1.3
2026-05-08,352480,27150.0,2.03,-4.5,-0.5,5.0
2026-05-11,352480,26650.0,1.91,-0.7,-1.5,2.1
2026-05-12,352480,25000.0,1.9,-1.4,-2.1,3.5
2026-05-13,352480,24050.0,1.81,-1.3,-1.5,2.8
2026-05-14,352480,23800.0,1.76,-0.1,-1.0,1.2
2026-05-15,352480,23150.0,1.74,0.0,-0.5,0.5
2026-05-18,352480,22300.0,1.72,-0.0,-0.2,0.2
2026-05-19,352480,22000.0,1.7,-0.0,0.1,-0.1
2026-05-20,352480,20450.0,1.7,1.0,0.3,-1.3
2026-05-21,352480,20000.0,1.72,-1.7,-1.8,3.4
2026-05-22,352480,21200.0,1.59,2.2,0.3,-2.5
2026-05-26,352480,22700.0,1.68,-1.0,0.6,0.3
2026-05-27,352480,21150.0,1.68,-2.6,-0.3,3.0
2026-05-28,352480,21050.0,1.48,-0.2,1.1,-0.9
2026-05-29,352480,20300.0,1.43,-2.0,1.4,0.7
2026-06-01,352480,19920.0,1.33,-1.5,1.8,-0.3
2026-06-02,352480,19290.0,1.25,-0.1,-0.1,-0.0
2026-06-04,352480,20200.0,1.25,-1.1,2.5,-1.2
2026-06-05,352480,19700.0,1.22,-1.7,1.9,-0.2
2026-06-08,352480,18780.0,1.14,-1.2,2.0,-0.8
2026-06-09,352480,19160.0,1.04,-0.9,1.8,-0.9
2026-06-10,352480,19260.0,1.01,-0.7,1.6,-0.8
2026-06-11,352480,20100.0,0.98,-1.6,2.1,-0.5
2026-06-12,352480,18830.0,0.89,0.6,-6.0,5.2
2026-06-15,352480,19210.0,0.81,3.9,-5.2,1.3
2026-06-16,352480,19800.0,0.94,-0.0,2.6,-2.5
2026-06-17,352480,21550.0,0.93,-2.2,3.4,-1.3
2026-06-18,352480,20900.0,0.72,-2.5,2.8,-0.2
2026-06-19,352480,20300.0,0.64,-1.5,2.8,-1.2
2026-06-22,352480,21100.0,0.59,-1.9,3.6,-1.7
2026-06-23,352480,20150.0,0.53,-2.0,3.5,-1.5
2026-06-24,352480,20450.0,0.45,-1.4,3.7,-2.3
2026-06-25,352480,21200.0,0.39,-0.3,2.9,-2.6
2026-06-26,352480,20600.0,0.39,-0.7,3.9,-3.0
2026-06-29,352480,22000.0,0.37,1.0,2.0,-3.0
2026-06-30,352480,21350.0,0.45,-2.0,-0.2,2.2
2026-07-01,352480,21200.0,0.35,-0.5,-0.1,0.6
2026-07-02,352480,20150.0,0.33,-0.8,-0.4,1.3
2026-07-03,352480,19980.0,0.29,-1.0,-0.1,1.0
2026-07-06,352480,19520.0,0.25,-0.8,-0.3,0.8
2026-07-07,352480,20050.0,0.2,1.4,0.3,-1.7
2026-07-08,352480,19530.0,0.27,-0.4,0.2,0.1
2026-07-09,352480,20150.0,0.24,-0.4,3.3,-2.9
2026-07-10,352480,20200.0,0.24,0.0,0.8,-0.7
2026-07-13,352480,19820.0,0.25,-0.3,-0.0,0.3
2026-07-14,352480,19320.0,0.24,-0.8,0.2,0.6
2026-07-15,352480,19250.0,0.22,-0.4,-0.7,1.1
2026-07-16,352480,19000.0,0.2,0.4,-0.6,0.2
2025-07-14,352700,2725.0,1.04,-0.0,0.0,-0.0
2025-07-15,352700,2715.0,1.04,-0.0,-0.0,0.0
2025-07-16,352700,2685.0,1.04,-0.0,-0.0,0.0
2025-07-17,352700,2685.0,1.04,-0.0,-0.0,0.0
2025-07-18,352700,2775.0,1.04,0.0,-0.0,-0.1
2025-07-21,352700,2780.0,1.04,0.0,0.0,-0.0
2025-07-22,352700,2825.0,1.04,0.1,-0.0,-0.1
2025-07-23,352700,2835.0,1.06,-0.1,0.0,0.1
2025-07-24,352700,2815.0,1.05,-0.1,-0.0,0.1
2025-07-25,352700,2760.0,1.04,-0.0,0.1,-0.1
2025-07-28,352700,2750.0,1.04,0.1,-0.1,0.0
2025-07-29,352700,2735.0,1.06,0.0,-0.0,-0.0
2025-07-30,352700,2760.0,1.06,0.0,0.0,-0.0
2025-07-31,352700,2750.0,1.06,-0.0,-0.0,0.0
2025-08-01,352700,2745.0,1.06,-0.0,0.0,0.0
2025-08-04,352700,2695.0,1.05,0.0,-0.0,0.2
2025-08-05,352700,2705.0,1.05,0.0,0.1,-0.1
2025-08-06,352700,2720.0,1.06,0.0,-0.1,0.0
2025-08-07,352700,2720.0,1.06,-0.0,0.0,-0.0
2025-08-08,352700,2740.0,1.06,0.0,-0.0,0.0
2025-08-11,352700,2680.0,1.06,-0.0,-0.0,0.0
2025-08-12,352700,2690.0,1.05,-0.0,-0.0,0.0
2025-08-13,352700,2685.0,1.05,-0.0,0.0,-0.0
2025-08-14,352700,2690.0,1.05,-0.0,-0.0,0.0
2025-08-18,352700,2695.0,1.05,0.0,0.0,-0.1
2025-08-19,352700,2620.0,1.06,-0.1,-0.0,0.0
2025-08-20,352700,2620.0,1.05,0.0,0.1,-0.1
2025-08-21,352700,2625.0,1.06,0.0,0.0,-0.0
2025-08-22,352700,2650.0,1.06,0.0,0.0,-0.0
2025-08-25,352700,2620.0,1.06,-0.0,-0.0,0.0
2025-08-26,352700,2540.0,1.07,0.1,0.2,-0.3
2025-08-27,352700,2590.0,1.09,0.0,-0.0,0.0
2025-08-28,352700,2630.0,1.1,0.0,0.1,-0.1
2025-08-29,352700,2650.0,1.1,-0.0,-0.0,0.2
2025-09-01,352700,2625.0,1.11,0.0,0.0,-0.0
2025-09-02,352700,2640.0,1.09,-0.0,-0.0,0.1
2025-09-03,352700,2600.0,1.09,0.0,0.0,-0.1
2025-09-04,352700,2595.0,1.09,0.0,-0.0,0.0
2025-09-05,352700,2590.0,1.09,0.0,-0.0,-0.0
2025-09-08,352700,2540.0,1.08,0.0,-0.0,-0.0
2025-09-09,352700,2530.0,1.08,0.0,0.0,-0.0
2025-09-10,352700,2540.0,1.09,0.0,-0.0,-0.0
2025-09-11,352700,2540.0,1.09,0.0,-0.0,0.0
2025-09-12,352700,2545.0,1.09,0.0,0.0,-0.0
2025-09-15,352700,2510.0,1.1,-0.0,0.0,0.7
2025-09-16,352700,2525.0,1.1,0.0,-0.0,0.0
2025-09-17,352700,2570.0,1.1,0.0,-0.1,0.1
2025-09-18,352700,2580.0,1.1,0.0,-0.0,-0.1
2025-09-19,352700,2570.0,1.1,-0.0,0.0,0.0
2025-09-22,352700,2585.0,1.1,-0.0,-0.0,0.0
2025-09-23,352700,2590.0,1.08,-0.0,0.0,0.0
2025-09-24,352700,2595.0,1.08,-0.0,-0.0,0.0
2025-09-25,352700,2505.0,1.08,0.0,0.2,-0.2
2025-09-26,352700,2535.0,1.09,-0.0,-0.0,0.0
2025-09-29,352700,2530.0,1.08,0.0,0.0,-0.0
2025-09-30,352700,2540.0,1.08,-0.0,-0.0,0.0
2025-10-01,352700,2530.0,1.08,0.0,0.1,-0.1
2025-10-02,352700,2500.0,1.08,0.0,0.0,-0.0
2025-10-10,352700,2490.0,1.08,0.0,-0.0,0.0
2025-10-13,352700,2485.0,1.08,-0.0,-0.0,0.0
2025-10-14,352700,2495.0,1.08,-0.0,-0.0,0.0
2025-10-15,352700,2450.0,1.07,0.0,0.1,-0.1
2025-10-16,352700,2420.0,1.08,-0.0,0.0,0.0
2025-10-17,352700,2425.0,1.07,-0.1,-0.1,0.2
2025-10-20,352700,2425.0,1.06,0.1,-0.0,-0.1
2025-10-21,352700,2400.0,1.07,-0.0,0.0,0.0
2025-10-22,352700,2410.0,1.06,-0.0,0.1,-0.1
2025-10-23,352700,2370.0,1.06,-0.0,0.1,-0.1
2025-10-24,352700,2365.0,1.06,-0.0,0.0,0.0
2025-10-27,352700,2310.0,1.06,-0.0,0.2,-0.2
2025-10-28,352700,2305.0,1.06,-0.0,-0.1,0.1
2025-10-29,352700,2255.0,1.05,-0.0,0.0,0.0
2025-10-30,352700,2250.0,1.05,-0.0,-0.0,0.1
2025-10-31,352700,2220.0,1.04,-0.0,-0.1,0.1
2025-11-03,352700,2180.0,1.04,-0.1,-0.1,0.1
2025-11-04,352700,2165.0,1.03,-0.0,-0.1,0.1
2025-11-05,352700,2120.0,1.03,0.0,0.0,-0.1
2025-11-06,352700,2140.0,1.03,0.0,-0.1,0.1
2025-11-07,352700,2230.0,1.04,-0.1,0.3,-0.2
2025-11-10,352700,2210.0,1.02,0.1,0.1,-0.1
2025-11-11,352700,2370.0,0.92,-0.0,-0.0,0.1
2025-11-12,352700,2380.0,0.91,-0.1,0.5,-0.6
2025-11-13,352700,2440.0,0.89,-0.0,0.4,-0.9
2025-11-14,352700,2425.0,0.89,-0.0,-0.1,-0.4
2025-11-17,352700,2425.0,0.88,-0.0,-0.3,-0.1
2025-11-18,352700,2330.0,0.87,0.0,-0.1,-0.6
2025-11-19,352700,2370.0,0.87,0.1,-0.1,-0.2
2025-11-20,352700,2440.0,0.88,0.1,0.1,-0.6
2025-11-21,352700,2495.0,0.89,0.2,-0.2,-0.7
2025-11-24,352700,2475.0,0.92,-0.0,0.0,-0.5
2025-11-25,352700,2480.0,0.92,-0.1,-0.1,-0.3
2025-11-26,352700,2490.0,0.9,-0.1,0.1,-0.5
2025-11-27,352700,2500.0,0.88,-0.2,0.2,-0.4
2025-11-28,352700,2490.0,0.86,-0.1,0.0,-0.4
2025-12-01,352700,2495.0,0.84,-0.0,-0.0,-0.3
2025-12-02,352700,2470.0,0.83,0.7,0.2,-1.4
2025-12-03,352700,2510.0,0.94,0.0,-0.1,-0.4
2025-12-04,352700,2495.0,0.95,-0.1,-0.1,-0.1
2025-12-05,352700,2465.0,0.93,0.3,0.1,-0.7
2025-12-08,352700,2470.0,0.98,-0.2,-0.0,-0.5
2025-12-09,352700,2495.0,0.95,-0.1,-0.0,0.0
2025-12-10,352700,2495.0,0.93,-0.1,-0.0,-0.6
2025-12-11,352700,2520.0,0.92,-0.0,0.0,-0.4
2025-12-12,352700,2520.0,0.92,-0.2,0.0,-0.6
2025-12-15,352700,2535.0,0.89,-0.1,-0.2,-0.3
2025-12-16,352700,2530.0,0.88,-0.1,-0.6,0.0
2025-12-17,352700,2530.0,1.26,-0.1,-0.0,-0.2
2025-12-18,352700,2510.0,1.24,0.0,0.1,-0.8
2025-12-19,352700,2485.0,1.24,-0.1,-0.0,-0.2
2025-12-22,352700,2455.0,1.23,-0.0,0.1,-0.8
2025-12-23,352700,2430.0,1.23,-0.0,0.0,-0.8
2025-12-24,352700,2420.0,1.23,0.1,0.2,-0.9
2025-12-26,352700,2425.0,1.23,0.1,0.1,0.3
2025-12-29,352700,2385.0,0.92,0.0,-0.1,-0.7
2025-12-30,352700,2350.0,0.93,0.0,0.0,-0.6
2026-01-02,352700,2315.0,0.93,-0.1,-0.0,0.2
2026-01-05,352700,2290.0,0.91,-0.2,0.1,-0.3
2026-01-06,352700,2290.0,1.12,0.1,-0.1,-0.1
2026-01-07,352700,2260.0,1.49,-0.2,-0.1,-0.2
2026-01-08,352700,2235.0,1.46,0.1,-0.1,-0.2
2026-01-09,352700,2255.0,1.46,-0.1,-0.0,-0.0
2026-01-12,352700,2250.0,1.46,0.0,-0.0,-0.2
2026-01-13,352700,2215.0,1.72,-0.2,-0.3,-0.2
2026-01-14,352700,2240.0,1.69,-0.0,-0.3,-0.4
2026-01-15,352700,2240.0,1.69,-0.2,-0.2,-0.2
2026-01-16,352700,2205.0,1.65,-0.1,-0.1,0.1
2026-01-19,352700,2165.0,1.64,-0.1,-0.2,0.3
2026-01-20,352700,2160.0,1.62,0.1,-0.2,0.1
2026-01-21,352700,2135.0,1.63,-0.1,-0.1,0.2
2026-01-22,352700,2110.0,1.62,0.2,-0.3,0.4
2026-01-23,352700,2190.0,1.65,-0.1,0.1,-0.0
2026-01-26,352700,2170.0,1.64,0.1,-0.2,0.1
2026-01-27,352700,2180.0,1.65,0.1,-0.2,0.1
2026-01-28,352700,2190.0,1.67,-0.1,-0.0,0.1
2026-01-29,352700,2200.0,1.66,-0.1,-0.1,0.2
2026-01-30,352700,2190.0,1.64,-0.2,-0.2,0.3
2026-02-02,352700,2160.0,1.61,0.0,0.1,-0.1
2026-02-03,352700,2190.0,1.62,-0.2,0.1,0.1
2026-02-04,352700,2220.0,1.59,0.4,-0.3,-0.1
2026-02-05,352700,2195.0,1.65,0.2,-0.2,-0.0
2026-02-06,352700,2130.0,1.68,1.1,0.7,-1.8
2026-02-09,352700,2140.0,1.88,-0.1,-0.1,0.2
2026-02-10,352700,2180.0,1.86,0.1,-0.2,0.1
2026-02-11,352700,2300.0,1.89,0.5,0.2,-0.8
2026-02-12,352700,2285.0,1.98,-0.0,-0.1,0.1
2026-02-13,352700,2200.0,1.97,-0.1,-0.1,0.2
2026-02-19,352700,2195.0,1.95,-0.0,-0.2,0.2
2026-02-20,352700,2190.0,1.95,-0.2,-0.1,0.4
2026-02-23,352700,2215.0,1.91,0.0,-0.2,0.2
2026-02-24,352700,2215.0,1.84,-0.1,-0.1,0.1
2026-02-25,352700,2210.0,1.83,0.1,-0.0,-0.1
2026-02-26,352700,2175.0,1.86,-0.4,-0.0,0.4
2026-02-27,352700,2115.0,1.78,-0.4,0.0,0.3
2026-03-03,352700,2045.0,1.72,-0.0,-0.0,0.1
2026-03-04,352700,1918.0,1.71,0.5,0.4,-0.9
2026-03-05,352700,1923.0,1.81,-0.3,-0.1,0.3
2026-03-06,352700,1946.0,1.76,-0.5,-0.2,0.7
2026-03-09,352700,2010.0,1.66,0.0,0.0,-0.1
2026-03-10,352700,1955.0,1.69,-0.2,0.4,-0.2
2026-03-11,352700,1991.0,1.65,0.2,-0.1,-0.1
2026-03-12,352700,2000.0,1.7,-0.1,-0.0,0.1
2026-03-13,352700,2010.0,1.69,0.1,0.1,-0.1
2026-03-16,352700,2020.0,1.39,0.1,-0.1,0.0
2026-03-17,352700,2015.0,1.4,0.0,0.0,-0.0
2026-03-18,352700,2005.0,1.41,0.1,0.1,-0.1
2026-03-19,352700,1982.0,1.43,-0.0,0.3,-0.2
2026-03-20,352700,2000.0,1.43,0.0,-0.0,-0.0
2026-03-23,352700,1964.0,1.43,-0.1,0.0,0.1
2026-03-24,352700,1960.0,1.41,-0.1,0.2,-0.1
2026-03-25,352700,1960.0,1.38,0.1,0.0,-0.1
2026-03-26,352700,1965.0,1.4,0.2,-0.0,-0.2
2026-03-27,352700,1978.0,1.44,0.2,-0.0,-0.2
2026-03-30,352700,1993.0,1.47,0.1,-0.1,-0.0
2026-03-31,352700,1997.0,1.5,0.0,0.1,-0.1
2026-04-01,352700,2015.0,1.5,0.0,-0.0,-0.0
2026-04-02,352700,2010.0,1.51,-0.1,-0.0,0.1
2026-04-03,352700,1991.0,1.5,0.0,-0.1,0.0
2026-04-06,352700,2000.0,1.5,-0.0,0.0,0.0
2026-04-07,352700,1991.0,1.5,0.1,-0.0,-0.1
2026-04-08,352700,1984.0,1.51,-0.2,0.0,0.2
2026-04-09,352700,1978.0,1.47,-0.0,0.0,-0.0
2026-04-10,352700,2010.0,1.47,0.2,-0.1,-0.1
2026-04-13,352700,2015.0,1.51,0.2,0.1,-0.2
2026-04-14,352700,2015.0,1.55,0.1,-0.0,-0.1
2026-04-15,352700,2025.0,1.61,0.1,-0.1,-0.0
2026-04-16,352700,2070.0,1.63,0.3,-0.1,-0.2
2026-04-17,352700,2155.0,1.68,0.4,0.0,-0.4
2026-04-20,352700,2165.0,1.75,-0.1,-0.1,0.1
2026-04-21,352700,2155.0,1.74,-0.1,-0.1,0.2
2026-04-22,352700,2145.0,1.72,-0.1,-0.1,0.2
2026-04-23,352700,2160.0,1.78,-0.0,-0.0,0.0
2026-04-24,352700,2135.0,1.78,-0.1,0.0,0.1
2026-04-27,352700,2095.0,1.75,-0.1,-0.0,0.1
2026-04-28,352700,2120.0,1.74,0.0,-0.1,0.1
2026-04-29,352700,2140.0,1.74,0.1,-0.1,0.0
2026-04-30,352700,2145.0,1.75,0.1,-0.1,-0.0
2026-05-04,352700,2065.0,1.77,-0.0,-0.0,0.1
2026-05-06,352700,2010.0,1.76,-0.2,0.1,0.2
2026-05-07,352700,2020.0,1.72,-0.1,0.0,0.0
2026-05-08,352700,2000.0,1.7,-0.1,0.0,0.0
2026-05-11,352700,1952.0,1.69,-0.2,-0.1,0.3
2026-05-12,352700,1945.0,1.65,-0.1,0.2,-0.1
2026-05-13,352700,1918.0,1.6,-0.0,-0.0,0.0
2026-05-14,352700,1890.0,1.59,0.0,-0.1,0.1
2026-05-15,352700,1871.0,1.59,-0.0,-0.1,0.2
2026-05-18,352700,1847.0,1.17,-0.2,0.0,0.2
2026-05-19,352700,1844.0,1.13,-0.0,-0.2,0.2
2026-05-20,352700,1845.0,1.12,0.1,0.1,-0.2
2026-05-21,352700,1848.0,1.35,-0.1,0.0,0.1
2026-05-22,352700,1850.0,1.33,0.0,-0.0,-0.0
2026-05-26,352700,1810.0,1.33,0.0,0.1,-0.1
2026-05-27,352700,1786.0,1.33,-0.1,-0.1,0.2
2026-05-28,352700,1769.0,1.31,-0.1,0.0,0.1
2026-05-29,352700,1780.0,1.28,0.0,0.1,-0.1
2026-06-01,352700,1695.0,1.26,-0.2,0.2,0.0
2026-06-02,352700,1651.0,1.22,0.0,0.0,-0.0
2026-06-04,352700,1595.0,1.22,-0.1,0.1,-0.1
2026-06-05,352700,1531.0,1.2,0.0,-0.0,-0.0
2026-06-08,352700,1492.0,1.21,-0.0,0.1,-0.1
2026-06-09,352700,1508.0,1.21,0.1,0.0,-0.1
2026-06-10,352700,1513.0,1.23,-0.0,-0.0,0.0
2026-06-11,352700,1512.0,1.23,-0.1,-0.0,-0.1
2026-06-12,352700,1524.0,1.21,0.1,-0.1,0.1
2026-06-15,352700,1534.0,1.22,0.1,0.1,-0.2
2026-06-16,352700,1560.0,1.24,0.1,-0.1,-0.1
2026-06-17,352700,1568.0,1.27,0.1,-0.1,0.0
2026-06-18,352700,1533.0,1.29,-0.2,-0.1,0.3
2026-06-19,352700,1500.0,1.25,-0.1,0.3,-0.2
2026-06-22,352700,1456.0,1.22,0.1,-0.2,0.1
2026-06-23,352700,1380.0,1.23,0.0,0.1,-0.2
2026-06-24,352700,1369.0,1.23,0.2,-0.2,-0.0
2026-06-25,352700,1338.0,1.28,-0.2,0.3,-0.2
2026-06-26,352700,1276.0,1.24,0.2,-0.1,-0.1
2026-06-29,352700,1302.0,1.3,0.1,0.1,-0.2
2026-06-30,352700,1298.0,1.33,-0.0,-0.0,0.0
2026-07-01,352700,1312.0,1.32,0.1,-0.0,-0.1
2026-07-02,352700,1310.0,1.35,0.0,0.1,-0.1
2026-07-03,352700,1303.0,1.35,-0.0,0.0,0.0
2026-07-06,352700,1314.0,1.34,0.2,-0.1,-0.1
2026-07-07,352700,1302.0,1.38,-0.0,0.0,-0.0
2026-07-08,352700,1323.0,1.38,0.2,-0.1,-0.1
2026-07-09,352700,1327.0,1.45,-0.1,0.2,-0.1
2026-07-10,352700,1368.0,1.47,-0.1,-0.1,0.2
2026-07-13,352700,1379.0,1.44,-0.0,-0.1,0.1
2026-07-14,352700,1384.0,1.43,-0.1,-0.0,0.1
2026-07-15,352700,1396.0,1.42,0.1,-0.1,0.0
2026-07-16,352700,1468.0,1.44,0.3,-0.5,0.2
2025-07-14,352770,5250.0,2.83,,,
2025-07-15,352770,5250.0,2.83,,,
2025-07-16,352770,5250.0,2.83,,,
2025-07-17,352770,5250.0,2.83,,,
2025-07-18,352770,5250.0,2.83,,,
2025-07-21,352770,5250.0,2.83,,,
2025-07-22,352770,5250.0,2.83,,,
2025-07-23,352770,5250.0,2.83,,,
2025-07-24,352770,5250.0,2.83,,,
2025-07-25,352770,5250.0,2.83,,,
2025-07-28,352770,5250.0,2.83,,,
2025-07-29,352770,5250.0,2.81,,,
2025-07-30,352770,5250.0,2.81,,,
2025-07-31,352770,5250.0,2.81,,,
2025-08-01,352770,5250.0,2.81,,,
2025-08-04,352770,5250.0,2.81,,,
2025-08-05,352770,5250.0,2.82,,,
2025-08-06,352770,5250.0,2.83,,,
2025-08-07,352770,5250.0,2.83,,,
2025-08-08,352770,5250.0,2.83,,,
2025-08-11,352770,5250.0,2.83,,,
2025-08-12,352770,5250.0,2.83,,,
2025-08-13,352770,5250.0,2.83,,,
2025-08-14,352770,5250.0,2.83,,,
2025-08-18,352770,5250.0,2.78,,,
2025-08-19,352770,5250.0,2.78,,,
2025-08-20,352770,5250.0,2.78,,,
2025-08-21,352770,5250.0,2.78,,,
2025-08-22,352770,5250.0,2.78,,,
2025-08-25,352770,5250.0,2.78,,,
2025-08-26,352770,5250.0,2.78,,,
2025-08-27,352770,5250.0,2.78,,,
2025-08-28,352770,5250.0,2.78,,,
2025-08-29,352770,5250.0,2.78,,,
2025-09-01,352770,5250.0,2.78,,,
2025-09-02,352770,5250.0,2.78,,,
2025-09-03,352770,5250.0,2.78,,,
2025-09-04,352770,5250.0,2.78,,,
2025-09-05,352770,5250.0,2.78,,,
2025-09-08,352770,5250.0,2.78,,,
2025-09-09,352770,5250.0,2.78,,,
2025-09-10,352770,5250.0,2.78,,,
2025-09-11,352770,5250.0,2.78,,,
2025-09-12,352770,5250.0,2.78,,,
2025-09-15,352770,5250.0,2.78,,,
2025-09-16,352770,5250.0,2.78,,,
2025-09-17,352770,5250.0,2.78,,,
2025-09-18,352770,5250.0,2.78,,,
2025-09-19,352770,5250.0,2.78,,,
2025-09-22,352770,5250.0,2.78,,,
2025-09-23,352770,5250.0,2.78,,,
2025-09-24,352770,5250.0,2.79,,,
2025-09-25,352770,5250.0,2.79,,,
2025-09-26,352770,5250.0,2.8,,,
2025-09-29,352770,5250.0,2.8,,,
2025-09-30,352770,5250.0,2.79,,,
2025-10-01,352770,5250.0,2.79,,,
2025-10-02,352770,5250.0,2.79,,,
2025-10-10,352770,5250.0,2.79,,,
2025-10-13,352770,5250.0,2.79,,,
2025-10-14,352770,5250.0,2.78,,,
2025-10-15,352770,5250.0,2.78,,,
2025-10-16,352770,5250.0,2.78,,,
2025-10-17,352770,5250.0,2.78,,,
2025-10-20,352770,5250.0,2.78,,,
2025-10-21,352770,5250.0,2.78,,,
2025-10-22,352770,5250.0,2.78,,,
2025-10-23,352770,5250.0,2.78,,,
2025-10-24,352770,5250.0,2.78,,,
2025-10-27,352770,5250.0,2.78,,,
2025-10-28,352770,5250.0,2.78,,,
2025-10-29,352770,5250.0,2.78,,,
2025-10-30,352770,5250.0,2.78,,,
2025-10-31,352770,5250.0,2.78,,,
2025-11-03,352770,5250.0,2.78,,,
2025-11-04,352770,5250.0,2.78,,,
2025-11-05,352770,5250.0,2.78,,,
2025-11-06,352770,5250.0,2.78,,,
2025-11-07,352770,5250.0,2.78,,,
2025-11-10,352770,5250.0,2.78,,,
2025-11-11,352770,5250.0,2.78,,,
2025-11-12,352770,5250.0,2.78,,,
2025-11-13,352770,5250.0,2.78,,,
2025-11-14,352770,5250.0,2.78,,,
2025-11-17,352770,5250.0,2.78,,,
2025-11-18,352770,5250.0,2.78,,,
2025-11-19,352770,5250.0,2.78,,,
2025-11-20,352770,5250.0,2.8,,,
2025-11-21,352770,5250.0,2.8,,,
2025-11-24,352770,5250.0,2.78,,,
2025-11-25,352770,5250.0,2.78,,,
2025-11-26,352770,5250.0,2.78,,,
2025-11-27,352770,5250.0,2.78,,,
2025-11-28,352770,5250.0,2.78,,,
2025-12-01,352770,5250.0,2.78,,,
2025-12-02,352770,5250.0,2.78,,,
2025-12-03,352770,5250.0,2.78,,,
2025-12-04,352770,5250.0,2.78,,,
2025-12-05,352770,5250.0,2.78,,,
2025-12-08,352770,5250.0,2.78,,,
2025-12-09,352770,5250.0,2.78,,,
2025-12-10,352770,5250.0,2.78,,,
2025-12-11,352770,5250.0,2.78,,,
2025-12-12,352770,5250.0,2.78,,,
2025-12-15,352770,5250.0,2.78,,,
2025-12-16,352770,5250.0,2.78,,,
2025-12-17,352770,5250.0,2.78,,,
2025-12-18,352770,5250.0,2.78,,,
2025-12-19,352770,5250.0,2.78,,,
2025-12-22,352770,5250.0,2.78,,,
2025-12-23,352770,5250.0,2.78,,,
2025-12-24,352770,5250.0,2.78,,,
2025-12-26,352770,5250.0,2.78,,,
2025-12-29,352770,5250.0,2.78,,,
2025-12-30,352770,5250.0,2.78,,,
2026-01-02,352770,5250.0,2.78,,,
2026-01-05,352770,5250.0,2.78,,,
2026-01-06,352770,5250.0,2.78,,,
2026-01-07,352770,5250.0,2.82,,,
2026-01-08,352770,5250.0,2.82,,,
2026-01-09,352770,5250.0,2.82,,,
2026-01-12,352770,5250.0,2.82,,,
2026-01-13,352770,5250.0,2.82,,,
2026-01-14,352770,5250.0,2.82,,,
2026-01-15,352770,5250.0,2.82,,,
2026-01-16,352770,5250.0,2.81,,,
2026-01-19,352770,5250.0,2.84,,,
2026-01-20,352770,5250.0,2.84,,,
2026-01-21,352770,5250.0,2.84,,,
2026-01-22,352770,5250.0,2.84,,,
2026-01-23,352770,5250.0,2.84,,,
2026-01-26,352770,5250.0,2.84,,,
2026-01-27,352770,5250.0,2.84,,,
2026-01-28,352770,5250.0,2.84,,,
2026-01-29,352770,5250.0,2.84,,,
2026-01-30,352770,5250.0,2.84,,,
2026-02-02,352770,5250.0,2.84,,,
2026-02-03,352770,5250.0,2.84,,,
2026-02-04,352770,5250.0,2.84,,,
2026-02-05,352770,5250.0,2.84,,,
2026-02-06,352770,5250.0,2.84,,,
2026-02-09,352770,5250.0,2.84,,,
2026-02-10,352770,5250.0,2.84,,,
2026-02-11,352770,5250.0,2.84,,,
2026-02-12,352770,5250.0,2.84,,,
2026-02-13,352770,5250.0,2.84,,,
2026-02-19,352770,5250.0,2.84,,,
2026-02-20,352770,5250.0,2.84,,,
2026-02-23,352770,5250.0,2.84,,,
2026-02-24,352770,5250.0,2.84,,,
2026-02-25,352770,5250.0,2.84,,,
2026-02-26,352770,5250.0,2.84,,,
2026-02-27,352770,5250.0,2.84,,,
2026-03-03,352770,5250.0,2.84,,,
2026-03-04,352770,5250.0,2.84,,,
2026-03-05,352770,5250.0,2.84,,,
2026-03-06,352770,5250.0,2.84,,,
2026-03-09,352770,5250.0,2.84,,,
2026-03-10,352770,5250.0,2.84,,,
2026-03-11,352770,5250.0,2.84,,,
2026-03-12,352770,5250.0,2.84,,,
2026-03-13,352770,5250.0,2.84,,,
2026-03-16,352770,5250.0,2.84,,,
2026-03-17,352770,5250.0,2.84,,,
2026-03-18,352770,5250.0,2.84,,,
2026-03-19,352770,5250.0,2.83,,,
2026-03-20,352770,5250.0,2.83,,,
2026-03-23,352770,5250.0,2.83,,,
2026-03-24,352770,5250.0,2.83,,,
2026-03-25,352770,5250.0,2.83,,,
2026-03-26,352770,5250.0,2.83,,,
2026-03-27,352770,5250.0,2.83,,,
2026-03-30,352770,5250.0,2.83,,,
2026-03-31,352770,5250.0,2.83,,,
2026-04-01,352770,5250.0,2.83,,,
2026-04-02,352770,5250.0,2.83,,,
2026-04-03,352770,5250.0,2.83,,,
2026-04-06,352770,5250.0,2.83,,,
2026-04-07,352770,5250.0,2.83,,,
2026-04-08,352770,5250.0,2.83,,,
2026-04-09,352770,5250.0,2.83,,,
2026-04-10,352770,5250.0,2.83,,,
2026-04-13,352770,5250.0,2.83,,,
2026-04-14,352770,5250.0,2.83,,,
2026-04-15,352770,5250.0,2.83,,,
2026-04-16,352770,5250.0,2.83,,,
2026-04-17,352770,5250.0,2.83,,,
2026-04-20,352770,5250.0,2.83,,,
2026-04-21,352770,5250.0,2.83,,,
2026-04-22,352770,5250.0,2.83,,,
2026-04-23,352770,5250.0,2.83,,,
2026-04-24,352770,5250.0,2.83,,,
2026-04-27,352770,5250.0,2.83,,,
2026-04-28,352770,5250.0,2.83,,,
2026-04-29,352770,5250.0,2.82,,,
2026-04-30,352770,5250.0,2.82,,,
2026-05-04,352770,5250.0,2.82,,,
2026-05-06,352770,5250.0,2.82,,,
2026-05-07,352770,5250.0,2.82,,,
2026-05-08,352770,5250.0,2.82,,,
2026-05-11,352770,5250.0,2.82,,,
2026-05-12,352770,5250.0,2.82,,,
2026-05-13,352770,5250.0,2.82,,,
2026-05-14,352770,5250.0,2.82,,,
2026-05-15,352770,5250.0,2.82,,,
2026-05-18,352770,5250.0,2.82,,,
2026-05-19,352770,5250.0,2.82,,,
2026-05-20,352770,5250.0,2.82,,,
2026-05-21,352770,5250.0,2.82,,,
2026-05-22,352770,5250.0,2.82,,,
2026-05-26,352770,5250.0,2.82,,,
2026-05-27,352770,5250.0,2.82,,,
2026-05-28,352770,5250.0,2.82,,,
2026-05-29,352770,5250.0,2.82,,,
2026-06-01,352770,5250.0,2.82,,,
2026-06-02,352770,5250.0,2.82,,,
2026-06-04,352770,5250.0,2.82,,,
2026-06-05,352770,5250.0,2.82,,,
2026-06-08,352770,5250.0,2.83,,,
2026-06-09,352770,5250.0,2.83,,,
2026-06-10,352770,5250.0,2.83,,,
2026-06-11,352770,5250.0,2.83,,,
2026-06-12,352770,5250.0,2.82,,,
2026-06-15,352770,5250.0,2.82,,,
2026-06-16,352770,5250.0,2.82,,,
2026-06-17,352770,5250.0,2.82,,,
2026-06-18,352770,5250.0,2.82,,,
2026-06-19,352770,5250.0,2.82,,,
2026-06-22,352770,5250.0,2.82,,,
2026-06-23,352770,5250.0,2.82,,,
2026-06-24,352770,5250.0,2.82,,,
2026-06-25,352770,5250.0,2.82,,,
2026-06-26,352770,5250.0,2.82,,,
2026-06-29,352770,5250.0,2.82,,,
2026-06-30,352770,5250.0,2.82,,,
2026-07-01,352770,5250.0,2.82,,,
2026-07-02,352770,5250.0,2.82,,,
2026-07-03,352770,5250.0,2.82,,,
2026-07-06,352770,5250.0,2.82,,,
2026-07-07,352770,5250.0,2.82,,,
2026-07-08,352770,5250.0,2.82,,,
2026-07-09,352770,5250.0,2.82,,,
2026-07-10,352770,5250.0,2.82,,,
2026-07-13,352770,5250.0,2.82,,,
2026-07-14,352770,5250.0,2.82,,,
2026-07-15,352770,5250.0,2.82,,,
2026-07-16,352770,5250.0,2.82,,,
2025-07-14,352820,272500.0,20.16,-34.8,-38.3,67.0
2025-07-15,352820,271000.0,20.11,-84.4,-153.8,236.4
2025-07-16,352820,266500.0,20.0,-9.5,-148.5,156.5
2025-07-17,352820,270500.0,20.0,-0.6,-32.0,20.3
2025-07-18,352820,268000.0,20.02,-21.7,-48.0,63.5
2025-07-21,352820,276000.0,20.02,-25.2,142.9,-124.9
2025-07-22,352820,272500.0,20.02,-49.6,14.9,32.2
2025-07-23,352820,267500.0,20.41,35.0,-76.1,31.4
2025-07-24,352820,262000.0,20.44,34.3,-158.2,96.7
2025-07-25,352820,256500.0,20.47,130.7,-96.0,-31.1
2025-07-28,352820,251500.0,20.58,97.9,-102.7,-2.5
2025-07-29,352820,254500.0,20.69,-85.6,81.5,2.2
2025-07-30,352820,250500.0,20.56,13.6,-26.4,15.2
2025-07-31,352820,259500.0,20.58,-87.5,137.0,-68.5
2025-08-01,352820,251000.0,20.52,4.2,-64.0,72.1
2025-08-04,352820,260500.0,20.5,-41.4,51.6,-13.3
2025-08-05,352820,262000.0,20.48,6.5,58.8,-63.0
2025-08-06,352820,259000.0,20.48,-2.8,-73.6,76.1
2025-08-07,352820,277500.0,20.45,37.3,353.1,-405.1
2025-08-08,352820,291000.0,20.55,62.4,360.2,-395.3
2025-08-11,352820,289000.0,20.64,-59.7,165.1,-74.9
2025-08-12,352820,282000.0,20.56,113.5,-10.4,-87.7
2025-08-13,352820,279500.0,20.69,52.3,-28.3,-7.5
2025-08-14,352820,283500.0,20.78,-188.9,175.1,18.5
2025-08-18,352820,280500.0,20.69,9.7,84.5,-75.8
2025-08-19,352820,287500.0,20.69,-10.8,218.1,-206.6
2025-08-20,352820,286500.0,20.7,-31.2,99.1,-64.2
2025-08-21,352820,291500.0,20.66,30.5,15.7,-59.9
2025-08-22,352820,285500.0,20.67,-142.3,56.6,80.3
2025-08-25,352820,293500.0,20.55,-5.0,195.3,-193.9
2025-08-26,352820,297500.0,20.55,-55.7,152.6,-128.7
2025-08-27,352820,295500.0,20.52,-8.7,-11.2,24.4
2025-08-28,352820,290000.0,20.52,-32.6,-39.6,74.6
2025-08-29,352820,287000.0,20.44,12.9,-28.3,39.9
2025-09-01,352820,285000.0,20.45,9.1,48.7,-47.9
2025-09-02,352820,284000.0,20.45,-14.8,-20.3,35.2
2025-09-03,352820,281500.0,20.39,34.2,-27.4,14.3
2025-09-04,352820,283000.0,20.48,-3.8,16.5,-14.1
2025-09-05,352820,290500.0,20.45,68.5,2.8,-71.0
2025-09-08,352820,292000.0,19.16,21.3,42.6,-57.5
2025-09-09,352820,290000.0,19.09,-64.3,48.2,10.3
2025-09-10,352820,291500.0,19.05,-57.9,157.9,-92.8
2025-09-11,352820,285500.0,18.86,-237.8,-32.8,258.6
2025-09-12,352820,292000.0,18.62,70.9,7.8,-83.2
2025-09-15,352820,286500.0,19.48,-109.6,-52.6,156.8
2025-09-16,352820,289000.0,19.47,139.5,-76.3,-60.6
2025-09-17,352820,289000.0,19.59,152.5,-84.5,-64.3
2025-09-18,352820,294000.0,19.73,208.7,-356.2,128.4
2025-09-19,352820,289500.0,19.91,2.1,-141.5,136.4
2025-09-22,352820,287000.0,19.91,-77.3,-8.6,101.2
2025-09-23,352820,281500.0,19.81,-46.5,-117.9,161.4
2025-09-24,352820,276000.0,19.86,-249.9,17.6,251.1
2025-09-25,352820,271500.0,19.62,52.3,-196.9,137.4
2025-09-26,352820,268500.0,19.56,-88.7,-173.4,251.0
2025-09-29,352820,270000.0,19.48,-16.1,-144.3,158.5
2025-09-30,352820,266000.0,19.34,-26.9,-158.1,180.0
2025-10-01,352820,268000.0,19.31,-59.6,-32.2,89.3
2025-10-02,352820,267500.0,19.34,32.1,-124.7,79.0
2025-10-10,352820,272500.0,19.36,-141.3,85.5,49.2
2025-10-13,352820,284000.0,19.27,-47.9,117.9,-79.7
2025-10-14,352820,271500.0,19.25,-190.8,-69.4,253.5
2025-10-15,352820,278000.0,19.09,-117.3,90.5,20.3
2025-10-16,352820,273000.0,19.0,-194.3,29.3,171.8
2025-10-17,352820,269500.0,18.81,-73.3,-24.5,99.7
2025-10-20,352820,275500.0,18.75,-52.1,96.3,-43.7
2025-10-21,352820,281000.0,18.78,-25.1,136.8,-118.7
2025-10-22,352820,281500.0,18.77,-77.1,112.0,-35.6
2025-10-23,352820,288500.0,18.67,-101.2,328.4,-240.1
2025-10-24,352820,288000.0,18.61,-47.4,94.5,-43.0
2025-10-27,352820,309500.0,18.66,749.0,576.2,-353.9
2025-10-28,352820,311500.0,19.34,546.7,269.7,-77.6
2025-10-29,352820,309000.0,19.92,234.6,122.1,-28.6
2025-10-30,352820,324500.0,19.94,327.2,197.6,-518.7
2025-10-31,352820,341000.0,20.22,165.0,388.8,-544.8
2025-11-03,352820,342500.0,20.38,224.9,-3.6,-222.5
2025-11-04,352820,341000.0,20.77,79.7,38.3,-122.8
2025-11-05,352820,332000.0,20.81,257.0,-25.8,-211.2
2025-11-06,352820,319500.0,21.02,-34.9,-21.0,65.9
2025-11-07,352820,305500.0,20.98,-45.6,-4.7,57.3
2025-11-10,352820,305500.0,20.92,-105.3,-10.4,124.2
2025-11-11,352820,285500.0,20.77,-513.4,-499.4,988.0
2025-11-12,352820,291000.0,20.28,-148.8,40.1,98.0
2025-11-13,352820,304000.0,20.09,-57.2,-58.0,110.6
2025-11-14,352820,297500.0,20.05,-224.5,137.3,90.8
2025-11-17,352820,294500.0,19.97,-167.9,54.2,128.8
2025-11-18,352820,294000.0,19.91,-179.4,162.7,38.6
2025-11-19,352820,287500.0,19.78,-159.7,26.1,152.4
2025-11-20,352820,296000.0,19.59,-67.0,0.5,58.1
2025-11-21,352820,292000.0,19.55,-9.4,34.3,-29.2
2025-11-24,352820,290000.0,19.53,-81.1,4.9,74.9
2025-11-25,352820,280500.0,19.42,-93.6,-59.6,182.6
2025-11-26,352820,285000.0,19.31,15.2,9.6,-23.7
2025-11-27,352820,297500.0,19.34,-29.5,119.0,-91.5
2025-11-28,352820,299500.0,19.31,-108.4,70.2,43.1
2025-12-01,352820,292000.0,19.2,-84.5,-19.7,104.4
2025-12-02,352820,298000.0,19.12,45.9,20.9,-71.4
2025-12-03,352820,296000.0,19.27,-69.9,16.2,50.8
2025-12-04,352820,295500.0,19.19,-20.5,33.9,-12.3
2025-12-05,352820,290000.0,19.16,-5.6,-75.3,79.6
2025-12-08,352820,289000.0,19.16,48.0,-100.4,51.2
2025-12-09,352820,291000.0,19.19,-25.9,0.7,18.9
2025-12-10,352820,299000.0,19.16,-72.0,166.6,-88.0
2025-12-11,352820,294500.0,19.11,-11.4,-81.7,92.2
2025-12-12,352820,299500.0,19.08,-16.0,49.4,-33.1
2025-12-15,352820,301000.0,19.06,-161.2,161.1,-1.3
2025-12-16,352820,296000.0,18.91,-97.3,20.6,78.8
2025-12-17,352820,304000.0,18.83,-182.9,156.8,25.8
2025-12-18,352820,305500.0,18.66,-104.6,210.6,-100.9
2025-12-19,352820,313500.0,18.61,10.3,236.9,-251.4
2025-12-22,352820,309000.0,18.62,-98.4,-26.7,120.5
2025-12-23,352820,324500.0,18.55,112.8,231.7,-328.7
2025-12-24,352820,323000.0,18.69,73.1,-36.9,-32.5
2025-12-26,352820,314500.0,18.73,84.7,-142.6,60.2
2025-12-29,352820,320000.0,18.78,62.1,14.9,-77.7
2025-12-30,352820,330000.0,18.83,101.9,129.9,-228.7
2026-01-02,352820,346000.0,18.91,236.9,-84.9,-160.3
2026-01-05,352820,337500.0,19.19,169.6,-241.6,70.4
2026-01-06,352820,335500.0,19.27,6.2,-78.6,59.8
2026-01-07,352820,329000.0,19.28,-19.9,-322.0,342.5
2026-01-08,352820,335500.0,19.3,36.5,-216.6,146.1
2026-01-09,352820,331000.0,19.28,-88.0,12.0,99.0
2026-01-12,352820,332000.0,19.2,101.2,-200.5,98.2
2026-01-13,352820,332000.0,19.28,-30.1,-182.2,227.7
2026-01-14,352820,331000.0,19.27,-443.0,-237.0,668.7
2026-01-15,352820,338500.0,18.95,341.1,152.7,-428.6
2026-01-16,352820,336500.0,19.31,-132.8,-59.9,192.8
2026-01-19,352820,366500.0,19.19,723.8,237.8,-918.1
2026-01-20,352820,370000.0,19.89,428.6,-210.9,-184.3
2026-01-21,352820,361000.0,20.12,90.2,-209.4,127.8
2026-01-22,352820,368500.0,20.02,212.0,-41.6,-176.8
2026-01-23,352820,380000.0,20.14,-52.3,80.9,-21.5
2026-01-26,352820,382000.0,20.12,252.3,-348.2,106.5
2026-01-27,352820,379000.0,20.31,-14.3,-114.5,129.8
2026-01-28,352820,379500.0,20.3,-56.0,-111.5,161.4
2026-01-29,352820,377500.0,20.22,332.8,-156.2,-93.2
2026-01-30,352820,374000.0,20.45,290.7,-350.6,75.2
2026-02-02,352820,357000.0,20.62,347.7,-264.5,-89.4
2026-02-03,352820,368500.0,20.84,-20.1,-83.9,88.1
2026-02-04,352820,369500.0,20.83,37.4,-72.2,23.7
2026-02-05,352820,364500.0,20.83,136.0,-229.8,109.0
2026-02-06,352820,355500.0,20.84,125.6,-147.9,32.5
2026-02-09,352820,376500.0,20.91,145.7,125.1,-151.1
2026-02-10,352820,377000.0,21.02,47.0,-70.1,20.3
2026-02-11,352820,383000.0,21.05,234.6,-102.6,-140.9
2026-02-12,352820,380500.0,21.14,-45.7,-54.3,97.9
2026-02-13,352820,390000.0,21.06,312.9,15.3,-326.3
2026-02-19,352820,404500.0,21.31,460.4,101.0,-531.8
2026-02-20,352820,398500.0,21.61,155.1,-299.4,139.4
2026-02-23,352820,401500.0,21.62,299.2,-240.0,-105.1
2026-02-24,352820,399000.0,21.77,105.1,-85.4,-3.1
2026-02-25,352820,396500.0,21.67,148.8,-215.5,83.1
2026-02-26,352820,391000.0,21.62,217.5,-252.7,37.1
2026-02-27,352820,387500.0,21.69,194.4,-142.0,77.2
2026-03-03,352820,359500.0,21.84,145.5,-353.1,205.6
2026-03-04,352820,327000.0,21.94,407.8,-90.9,-321.8
2026-03-05,352820,343000.0,22.23,110.1,-249.3,143.9
2026-03-06,352820,353000.0,22.27,-22.8,-30.5,46.9
2026-03-09,352820,346000.0,22.23,24.0,34.2,-51.7
2026-03-10,352820,351500.0,22.19,-166.9,42.9,125.9
2026-03-11,352820,353500.0,22.02,-47.9,54.1,6.9
2026-03-12,352820,355000.0,22.02,19.6,-102.6,116.1
2026-03-13,352820,361500.0,22.02,-130.9,35.2,93.0
2026-03-16,352820,350000.0,21.94,-356.0,-189.3,546.1
2026-03-17,352820,365000.0,21.72,60.3,56.2,-116.9
2026-03-18,352820,367500.0,21.83,-220.8,-31.4,271.5
2026-03-19,352820,354500.0,21.69,-188.9,-294.0,501.7
2026-03-20,352820,344000.0,21.59,-230.2,-540.9,753.8
2026-03-23,352820,290500.0,21.44,-135.1,-858.4,925.4
2026-03-24,352820,293000.0,21.31,-354.0,110.3,245.4
2026-03-25,352820,304500.0,21.09,-53.8,310.3,-243.0
2026-03-26,352820,304000.0,21.0,15.1,217.2,-233.6
2026-03-27,352820,307000.0,20.98,14.1,5.7,-23.4
2026-03-30,352820,302500.0,21.05,-8.7,53.5,-45.0
2026-03-31,352820,299000.0,21.02,-2.6,94.3,-87.9
2026-04-01,352820,289500.0,21.0,-120.7,-149.7,270.1
2026-04-02,352820,268500.0,20.83,65.3,-283.3,215.3
2026-04-03,352820,270000.0,20.86,139.5,-114.1,-26.6
2026-04-06,352820,271000.0,21.03,91.1,-59.4,-30.9
2026-04-07,352820,256000.0,21.12,-81.7,-99.9,181.8
2026-04-08,352820,260500.0,20.88,-335.9,43.7,287.7
2026-04-09,352820,255500.0,20.55,-11.0,-116.5,155.0
2026-04-10,352820,254000.0,20.48,-196.9,-43.4,241.3
2026-04-13,352820,250000.0,20.3,74.2,-56.4,86.7
2026-04-14,352820,245500.0,20.41,-259.3,-130.8,400.4
2026-04-15,352820,255500.0,20.14,117.4,-122.0,10.8
2026-04-16,352820,268000.0,20.33,-137.4,96.2,40.9
2026-04-17,352820,262500.0,20.17,-380.1,-61.7,439.7
2026-04-20,352820,255000.0,19.98,-200.7,-217.6,413.6
2026-04-21,352820,249000.0,19.88,-222.4,-279.6,493.2
2026-04-22,352820,250000.0,19.45,-49.5,-103.0,142.4
2026-04-23,352820,246500.0,19.41,-134.7,-124.2,253.3
2026-04-24,352820,252000.0,19.23,0.1,22.9,-33.6
2026-04-27,352820,250000.0,19.27,-198.0,-134.7,333.7
2026-04-28,352820,248500.0,19.06,-134.9,-154.5,286.1
2026-04-29,352820,252500.0,18.95,-65.7,-4.1,64.7
2026-04-30,352820,263000.0,18.88,-386.7,232.2,150.5
2026-05-04,352820,257500.0,18.66,-335.5,-133.5,464.3
2026-05-06,352820,246500.0,18.33,-308.6,-278.7,581.8
2026-05-07,352820,243500.0,18.05,-147.0,-89.8,237.1
2026-05-08,352820,247500.0,17.91,-39.9,55.8,-33.6
2026-05-11,352820,241500.0,17.89,-184.8,-52.6,239.9
2026-05-12,352820,231500.0,17.66,-39.6,40.9,5.2
2026-05-13,352820,230500.0,17.66,19.7,-95.2,79.6
2026-05-14,352820,247000.0,17.62,-111.5,192.1,-81.2
2026-05-15,352820,244000.0,17.56,-9.0,161.0,-152.5
2026-05-18,352820,235000.0,17.61,0.4,-10.8,11.0
2026-05-19,352820,236000.0,17.59,-12.8,114.0,-103.4
2026-05-20,352820,226500.0,17.69,47.8,-49.0,6.1
2026-05-21,352820,231000.0,17.7,137.8,-109.7,-23.8
2026-05-22,352820,235000.0,17.94,35.1,-22.5,-16.7
2026-05-26,352820,236000.0,17.95,57.1,-42.1,-13.9
2026-05-27,352820,233000.0,18.3,69.7,-48.7,13.3
2026-05-28,352820,223500.0,18.34,-46.0,-15.2,65.0
2026-05-29,352820,220000.0,18.27,153.6,-73.5,-77.0
2026-06-01,352820,216000.0,18.42,156.5,-164.8,6.8
2026-06-02,352820,213500.0,18.58,118.9,-32.6,-85.8
2026-06-04,352820,215000.0,18.69,101.2,-14.0,-89.0
2026-06-05,352820,209500.0,18.81,51.0,2.0,-51.5
2026-06-08,352820,197400.0,18.86,207.0,-75.1,-82.6
2026-06-09,352820,206500.0,19.12,85.0,-23.5,-60.8
2026-06-10,352820,205000.0,19.23,8.7,-0.8,-3.2
2026-06-11,352820,218000.0,19.23,-190.4,242.0,-52.6
2026-06-12,352820,225000.0,19.05,-5.3,190.6,-180.4
2026-06-15,352820,218500.0,19.02,-131.5,-76.9,207.4
2026-06-16,352820,223000.0,18.81,55.9,-2.5,-54.3
2026-06-17,352820,235500.0,18.88,118.2,74.3,-194.0
2026-06-18,352820,228000.0,19.05,-12.9,-8.4,21.1
2026-06-19,352820,223500.0,18.97,49.3,34.1,-83.4
2026-06-22,352820,213000.0,19.05,15.7,-86.3,70.1
2026-06-23,352820,195100.0,19.05,6.9,-26.7,19.5
2026-06-24,352820,193900.0,19.05,-0.1,9.1,-6.4
2026-06-25,352820,187700.0,19.05,-17.6,-49.5,64.8
2026-06-26,352820,177800.0,19.02,76.3,-24.1,-54.0
2026-06-29,352820,195300.0,19.16,63.6,45.4,-105.2
2026-06-30,352820,192100.0,19.27,-49.7,40.3,5.2
2026-07-01,352820,204000.0,19.11,-200.0,79.2,102.3
2026-07-02,352820,213500.0,18.91,-243.7,450.7,-200.4
2026-07-03,352820,205000.0,18.66,-8.0,18.4,-9.8
2026-07-06,352820,215000.0,18.59,-58.0,100.2,-42.3
2026-07-07,352820,232000.0,18.48,-172.9,819.5,-628.6
2026-07-08,352820,230000.0,18.23,-25.0,115.4,-87.6
2026-07-09,352820,216000.0,18.12,41.4,-21.5,-19.7
2026-07-10,352820,220500.0,18.16,21.3,58.1,-77.6
2026-07-13,352820,213000.0,18.19,45.5,8.3,-58.5
2026-07-14,352820,206000.0,18.27,87.1,27.6,-115.1
2026-07-15,352820,208000.0,18.44,15.4,-76.2,60.7
2026-07-16,352820,208500.0,18.42,26.8,17.6,-44.7
2025-07-14,352910,4335.0,0.68,-0.0,,0.0
2025-07-15,352910,4415.0,0.68,-0.0,,0.0
2025-07-16,352910,4420.0,0.67,-0.0,-0.0,0.0
2025-07-17,352910,4380.0,0.67,-0.0,,-0.0
2025-07-18,352910,4280.0,0.67,0.0,,-0.1
2025-07-21,352910,4335.0,0.67,-0.1,,0.2
2025-07-22,352910,4260.0,0.65,-0.1,,0.1
2025-07-23,352910,4320.0,0.64,-0.0,,0.0
2025-07-24,352910,4315.0,0.64,0.0,-0.1,0.0
2025-07-25,352910,4310.0,0.64,0.1,,-0.1
2025-07-28,352910,4365.0,0.66,0.1,,-0.1
2025-07-29,352910,4285.0,0.68,0.0,,-0.0
2025-07-30,352910,4330.0,0.68,0.1,,-0.1
2025-07-31,352910,4355.0,0.69,0.1,,-0.1
2025-08-01,352910,4305.0,0.7,-0.1,,0.1
2025-08-04,352910,4350.0,0.69,0.1,,-0.1
2025-08-05,352910,4345.0,0.7,0.1,,-0.1
2025-08-06,352910,4400.0,0.72,0.0,,-0.0
2025-08-07,352910,4435.0,0.72,0.0,,-0.0
2025-08-08,352910,4415.0,0.72,0.0,,-0.0
2025-08-11,352910,4385.0,0.73,0.1,,-0.1
2025-08-12,352910,4445.0,0.74,0.1,,-0.1
2025-08-13,352910,4460.0,0.75,0.0,,-0.0
2025-08-14,352910,4465.0,0.75,0.0,,-0.0
2025-08-18,352910,4405.0,0.76,-0.0,,0.0
2025-08-19,352910,4380.0,0.75,0.0,,-0.1
2025-08-20,352910,4425.0,0.76,-0.0,,0.0
2025-08-21,352910,4380.0,0.75,0.0,,0.0
2025-08-22,352910,4340.0,0.75,0.0,-0.0,0.0
2025-08-25,352910,4325.0,0.76,-0.0,,0.0
2025-08-26,352910,4325.0,0.77,-0.1,,0.0
2025-08-27,352910,4320.0,0.76,-0.0,,0.0
2025-08-28,352910,4315.0,0.76,-0.0,,0.0
2025-08-29,352910,4330.0,0.75,-0.0,,0.0
2025-09-01,352910,4230.0,0.75,-0.1,,0.1
2025-09-02,352910,4240.0,0.71,-0.0,,0.0
2025-09-03,352910,4250.0,0.7,-0.0,,0.0
2025-09-04,352910,4215.0,0.69,-0.1,,0.1
2025-09-05,352910,4205.0,0.68,-0.0,,0.0
2025-09-08,352910,4185.0,0.67,-0.0,,0.0
2025-09-09,352910,4220.0,0.66,-0.0,,0.0
2025-09-10,352910,4210.0,0.66,-0.1,,0.1
2025-09-11,352910,4150.0,0.65,-0.1,,0.1
2025-09-12,352910,4160.0,0.63,-0.1,,0.1
2025-09-15,352910,4210.0,0.6,-0.1,,0.1
2025-09-16,352910,4230.0,0.58,-0.0,,0.0
2025-09-17,352910,4235.0,0.58,-0.0,,0.0
2025-09-18,352910,4380.0,0.58,0.0,,-0.0
2025-09-19,352910,4375.0,0.58,-0.0,,0.0
2025-09-22,352910,4340.0,0.58,-0.1,,0.1
2025-09-23,352910,4285.0,0.57,0.0,,-0.0
2025-09-24,352910,4290.0,0.58,-0.0,,0.0
2025-09-25,352910,4250.0,0.57,-0.0,,0.0
2025-09-26,352910,4265.0,0.57,0.0,,-0.0
2025-09-29,352910,4280.0,0.57,0.1,,-0.0
2025-09-30,352910,4305.0,0.58,-0.3,0.5,-0.2
2025-10-01,352910,4240.0,0.52,-0.0,0.0,-0.0
2025-10-02,352910,4225.0,0.51,-0.0,0.0,-0.0
2025-10-10,352910,4190.0,0.51,-0.0,-0.0,0.1
2025-10-13,352910,4205.0,0.51,-0.0,0.0,-0.0
2025-10-14,352910,4230.0,0.5,-0.0,-0.0,0.0
2025-10-15,352910,4240.0,0.5,-0.0,-0.0,0.1
2025-10-16,352910,4190.0,0.5,-0.0,0.1,-0.0
2025-10-17,352910,4190.0,0.49,-0.1,-0.1,0.1
2025-10-20,352910,4190.0,0.48,-0.0,0.0,-0.0
2025-10-21,352910,4100.0,0.47,-0.0,0.1,-0.1
2025-10-22,352910,4065.0,0.47,-0.0,-0.0,0.1
2025-10-23,352910,4075.0,0.82,-0.0,-0.0,0.0
2025-10-24,352910,4090.0,0.82,-0.0,0.1,-0.0
2025-10-27,352910,4040.0,0.82,-0.0,-0.0,0.0
2025-10-28,352910,4020.0,0.82,-0.0,-0.0,0.0
2025-10-29,352910,4010.0,0.81,-0.0,0.0,0.0
2025-10-30,352910,4000.0,0.81,-0.0,-0.1,0.1
2025-10-31,352910,4220.0,0.81,0.0,0.1,-0.1
2025-11-03,352910,4230.0,0.81,-0.0,0.0,-0.0
2025-11-04,352910,4155.0,0.81,0.0,0.0,-0.1
2025-11-05,352910,4115.0,0.81,0.0,0.2,-0.2
2025-11-06,352910,4070.0,0.81,-0.0,-0.1,0.0
2025-11-07,352910,3990.0,0.81,0.0,-0.0,-0.0
2025-11-10,352910,4090.0,0.81,0.0,0.0,-0.0
2025-11-11,352910,4060.0,0.81,-0.0,-0.0,0.1
2025-11-12,352910,4155.0,0.8,-0.4,0.1,0.2
2025-11-13,352910,4130.0,0.73,-0.0,0.0,-0.0
2025-11-14,352910,4130.0,0.73,0.0,-0.0,0.0
2025-11-17,352910,4135.0,0.73,-0.0,-0.0,0.0
2025-11-18,352910,4025.0,0.73,-0.0,-0.0,-0.0
2025-11-19,352910,4240.0,0.73,0.0,0.1,-0.1
2025-11-20,352910,4235.0,0.74,-0.0,-0.2,0.2
2025-11-21,352910,4180.0,0.74,0.0,0.0,-0.1
2025-11-24,352910,4165.0,0.75,-0.0,0.0,0.0
2025-11-25,352910,4160.0,0.74,-0.0,-0.0,0.0
2025-11-26,352910,4140.0,0.73,-0.0,-0.1,0.1
2025-11-27,352910,4050.0,0.73,-0.0,-0.1,0.1
2025-11-28,352910,4080.0,0.73,-0.0,0.0,-0.0
2025-12-01,352910,4100.0,0.73,0.0,-0.0,0.0
2025-12-02,352910,4105.0,0.73,-0.0,0.0,-0.0
2025-12-03,352910,4130.0,0.73,0.0,0.1,-0.1
2025-12-04,352910,4285.0,0.73,0.0,-0.3,0.3
2025-12-05,352910,4240.0,0.73,0.0,0.0,-0.0
2025-12-08,352910,4395.0,0.73,0.0,0.0,-0.1
2025-12-09,352910,4365.0,0.74,0.0,-0.0,0.0
2025-12-10,352910,4345.0,0.74,-0.0,0.0,-0.0
2025-12-11,352910,4305.0,0.74,0.0,0.0,-0.0
2025-12-12,352910,4235.0,0.74,-0.0,-0.0,0.0
2025-12-15,352910,4240.0,0.74,-0.0,-0.0,0.0
2025-12-16,352910,4315.0,0.73,-0.0,0.0,-0.0
2025-12-17,352910,4335.0,0.73,0.0,0.1,-0.1
2025-12-18,352910,4320.0,0.74,-0.0,-0.0,0.0
2025-12-19,352910,4305.0,0.74,-0.0,0.0,-0.0
2025-12-22,352910,4300.0,0.74,-0.0,-0.0,0.0
2025-12-23,352910,4230.0,0.82,-0.0,-0.0,0.0
2025-12-24,352910,4410.0,0.47,0.0,0.1,-0.1
2025-12-26,352910,5730.0,0.47,-0.1,-0.3,0.0
2025-12-29,352910,6250.0,0.45,0.2,0.2,-1.5
2025-12-30,352910,6150.0,0.49,-0.2,-0.2,-0.4
2026-01-02,352910,6130.0,0.47,0.2,0.5,-0.5
2026-01-05,352910,6170.0,0.49,-0.0,0.1,-0.3
2026-01-06,352910,5970.0,0.62,-0.5,-0.3,0.8
2026-01-07,352910,6120.0,0.59,0.4,0.8,-0.6
2026-01-08,352910,5910.0,0.64,-0.4,-0.1,0.6
2026-01-09,352910,5940.0,0.59,-0.2,0.0,0.2
2026-01-12,352910,6070.0,0.56,1.2,-0.1,-1.1
2026-01-13,352910,6240.0,0.78,-0.2,-0.2,0.4
2026-01-14,352910,6240.0,0.75,-0.4,-0.5,0.9
2026-01-15,352910,6440.0,0.7,0.8,-0.1,-0.8
2026-01-16,352910,6230.0,0.79,-0.7,-0.1,0.7
2026-01-19,352910,6550.0,0.7,0.9,0.2,-1.0
2026-01-20,352910,6400.0,0.8,-0.9,-0.2,1.0
2026-01-21,352910,6070.0,0.7,-0.9,0.1,0.8
2026-01-22,352910,5930.0,0.58,-0.3,-0.1,0.3
2026-01-23,352910,5940.0,0.54,0.3,0.0,-0.3
2026-01-26,352910,5960.0,0.58,-0.3,-0.1,0.3
2026-01-27,352910,5850.0,0.55,0.1,0.2,-0.4
2026-01-28,352910,5800.0,0.57,0.7,0.0,-0.8
2026-01-29,352910,5740.0,0.67,0.7,0.2,-0.9
2026-01-30,352910,5500.0,0.76,-0.4,-0.0,0.4
2026-02-02,352910,5330.0,0.71,0.4,-0.0,-0.3
2026-02-03,352910,5320.0,0.76,0.1,0.0,-0.1
2026-02-04,352910,5250.0,0.77,0.2,-0.1,-0.1
2026-02-05,352910,5200.0,0.8,-0.1,-0.1,0.3
2026-02-06,352910,5170.0,0.78,0.2,-0.2,0.0
2026-02-09,352910,5300.0,0.81,-0.3,-0.0,0.3
2026-02-10,352910,5300.0,0.76,-0.1,-0.0,0.1
2026-02-11,352910,5450.0,0.8,-0.4,0.0,0.4
2026-02-12,352910,5460.0,0.75,-0.3,-0.0,0.3
2026-02-13,352910,5100.0,0.71,-0.5,0.0,0.5
2026-02-19,352910,5080.0,0.63,0.9,0.1,-1.0
2026-02-20,352910,4945.0,0.77,0.1,0.0,-0.1
2026-02-23,352910,4800.0,0.78,0.5,0.1,-0.6
2026-02-24,352910,4800.0,0.95,-0.1,-0.1,0.2
2026-02-25,352910,4860.0,0.95,0.4,-0.1,-0.3
2026-02-26,352910,4850.0,0.93,-0.0,0.0,0.1
2026-02-27,352910,4785.0,0.93,0.4,0.1,-0.5
2026-03-03,352910,4650.0,0.99,0.2,-0.1,-0.1
2026-03-04,352910,4155.0,1.03,1.1,-0.0,-1.1
2026-03-05,352910,4380.0,1.23,0.8,0.1,-0.8
2026-03-06,352910,4350.0,1.37,0.4,0.0,-0.4
2026-03-09,352910,4140.0,1.44,-0.2,-0.1,0.3
2026-03-10,352910,4265.0,1.4,0.2,0.1,-0.3
2026-03-11,352910,4320.0,1.45,0.1,-0.0,-0.1
2026-03-12,352910,4290.0,1.46,0.2,-0.1,-0.1
2026-03-13,352910,4385.0,1.49,0.1,-0.0,-0.1
2026-03-16,352910,4305.0,1.51,-0.1,0.0,0.1
2026-03-17,352910,4330.0,1.5,0.3,0.0,-0.3
2026-03-18,352910,4340.0,1.56,-0.3,-0.0,0.3
2026-03-19,352910,4275.0,1.5,0.0,0.0,-0.1
2026-03-20,352910,4290.0,1.5,-0.0,0.0,-0.0
2026-03-23,352910,4150.0,1.49,-0.6,-0.0,0.6
2026-03-24,352910,4230.0,1.39,-0.2,0.1,0.1
2026-03-25,352910,4235.0,1.47,-0.2,0.1,0.1
2026-03-26,352910,4410.0,1.44,-0.7,0.2,0.5
2026-03-27,352910,4690.0,1.32,0.2,0.0,-0.5
2026-03-30,352910,4470.0,1.34,-0.4,-0.1,0.6
2026-03-31,352910,4380.0,1.27,-0.2,0.0,0.4
2026-04-01,352910,4480.0,1.24,0.0,0.1,-0.1
2026-04-02,352910,4360.0,1.24,-0.2,0.0,0.1
2026-04-03,352910,4470.0,1.22,0.1,0.0,-0.1
2026-04-06,352910,4540.0,1.23,0.2,0.1,-0.4
2026-04-07,352910,4800.0,1.27,0.1,0.1,-0.2
2026-04-08,352910,5800.0,1.29,-2.2,-0.2,2.4
2026-04-09,352910,5580.0,0.97,0.6,0.0,-0.6
2026-04-10,352910,5250.0,1.05,-1.7,-0.2,1.9
2026-04-13,352910,4990.0,0.8,0.8,0.0,-0.8
2026-04-14,352910,4885.0,0.91,-0.1,0.0,0.1
2026-04-15,352910,5010.0,0.89,1.7,-0.0,-1.8
2026-04-16,352910,5320.0,1.16,0.1,-0.0,-0.1
2026-04-17,352910,5130.0,1.18,-0.4,-0.2,0.6
2026-04-20,352910,5220.0,1.1,0.3,0.0,-0.4
2026-04-21,352910,5220.0,1.15,-0.1,0.1,0.1
2026-04-22,352910,5300.0,1.13,0.1,0.0,-0.1
2026-04-23,352910,5280.0,1.14,0.1,-0.1,0.1
2026-04-24,352910,5330.0,1.15,-0.1,-0.1,-0.1
2026-04-27,352910,5380.0,1.13,0.4,0.1,-0.6
2026-04-28,352910,5570.0,1.21,0.1,-0.0,-0.1
2026-04-29,352910,5470.0,1.23,-0.3,-0.1,0.4
2026-04-30,352910,5520.0,1.08,-0.0,-0.1,-0.0
2026-05-04,352910,5500.0,1.08,-0.2,-0.0,0.2
2026-05-06,352910,5440.0,1.04,-0.1,0.0,0.1
2026-05-07,352910,5480.0,1.03,0.0,0.0,-0.0
2026-05-08,352910,5780.0,1.04,0.6,-0.0,-0.6
2026-05-11,352910,6190.0,1.12,-1.2,-0.0,0.5
2026-05-12,352910,5820.0,0.97,-0.9,0.0,1.3
2026-05-13,352910,5720.0,0.85,-0.0,0.0,0.2
2026-05-14,352910,5800.0,0.85,0.2,-0.0,-0.2
2026-05-15,352910,5620.0,0.89,-0.1,0.1,0.1
2026-05-18,352910,5530.0,0.78,0.3,0.1,-0.4
2026-05-19,352910,5370.0,0.83,0.0,0.1,-0.1
2026-05-20,352910,5130.0,0.84,-0.2,0.0,0.2
2026-05-21,352910,5460.0,0.81,-0.2,-0.0,0.2
2026-05-22,352910,5510.0,0.78,0.1,0.1,-0.1
2026-05-26,352910,5500.0,0.79,-0.5,-0.2,0.7
2026-05-27,352910,5340.0,0.72,-0.1,-0.0,0.4
2026-05-28,352910,5350.0,0.7,-0.2,-0.1,0.5
2026-05-29,352910,5370.0,0.66,-0.1,0.1,0.1
2026-06-01,352910,5230.0,0.65,-0.1,-0.1,0.2
2026-06-02,352910,5060.0,0.63,-0.0,0.0,-0.0
2026-06-04,352910,4830.0,0.63,-0.0,0.0,-0.0
2026-06-05,352910,4580.0,0.63,0.1,0.0,-0.1
2026-06-08,352910,4355.0,0.65,-0.1,-0.1,0.2
2026-06-09,352910,4390.0,0.63,0.1,-0.0,-0.1
2026-06-10,352910,4275.0,0.65,0.3,0.0,-0.4
2026-06-11,352910,4235.0,0.71,0.1,-0.0,-0.1
2026-06-12,352910,4345.0,0.74,0.0,-0.0,-0.0
2026-06-15,352910,4320.0,0.74,-0.2,-0.0,0.2
2026-06-16,352910,4360.0,0.7,0.0,0.0,-0.1
2026-06-17,352910,4330.0,0.71,0.0,0.0,-0.0
2026-06-18,352910,4350.0,0.71,-0.1,0.0,0.1
2026-06-19,352910,4205.0,0.7,-0.1,0.0,0.0
2026-06-22,352910,4000.0,0.68,-0.1,-0.0,0.1
2026-06-23,352910,3875.0,0.67,0.0,0.0,-0.0
2026-06-24,352910,3900.0,0.68,0.0,0.0,-0.1
2026-06-25,352910,3840.0,0.69,-0.1,-0.0,0.1
2026-06-26,352910,3480.0,0.67,0.0,0.0,-0.0
2026-06-29,352910,3940.0,0.67,0.1,-0.0,-0.1
2026-06-30,352910,3780.0,0.73,-0.0,0.1,-0.1
2026-07-01,352910,3735.0,0.69,-0.1,0.0,0.1
2026-07-02,352910,3755.0,0.67,0.1,-0.0,-0.0
2026-07-03,352910,3915.0,0.69,-0.1,0.3,-0.2
2026-07-06,352910,3775.0,0.67,-0.1,0.1,-0.0
2026-07-07,352910,3795.0,0.65,0.2,-0.1,-0.1
2026-07-08,352910,3770.0,0.69,-0.1,0.3,-0.2
2026-07-09,352910,3635.0,0.67,-0.0,0.1,-0.1
2026-07-10,352910,3755.0,0.71,0.1,0.0,-0.1
2026-07-13,352910,3665.0,0.7,-0.0,-0.0,0.1
2026-07-14,352910,3625.0,0.69,-0.1,-0.0,0.1
2026-07-15,352910,3725.0,0.67,0.3,-0.1,-0.2
2026-07-16,352910,3830.0,0.74,-0.1,0.2,-0.1
2025-07-14,352940,2555.0,0.58,-0.0,,-0.0
2025-07-15,352940,2520.0,0.58,-0.0,0.0,-0.0
2025-07-16,352940,2475.0,0.58,0.0,-0.0,-0.0
2025-07-17,352940,2475.0,0.58,0.0,-0.1,0.1
2025-07-18,352940,2535.0,0.58,0.0,-0.0,0.0
2025-07-21,352940,2535.0,0.58,-0.0,-0.0,0.1
2025-07-22,352940,2500.0,0.58,0.0,,-0.0
2025-07-23,352940,2470.0,0.58,0.0,,-0.0
2025-07-24,352940,2445.0,0.59,-0.0,,-0.0
2025-07-25,352940,2470.0,0.59,-0.0,,0.0
2025-07-28,352940,2460.0,0.58,-0.0,,0.0
2025-07-29,352940,2435.0,0.58,0.0,,-0.1
2025-07-30,352940,2435.0,0.58,-0.0,,-0.0
2025-07-31,352940,2435.0,0.58,0.0,,-0.0
2025-08-01,352940,2365.0,0.58,0.0,,-0.0
2025-08-04,352940,2370.0,0.59,-0.0,,0.0
2025-08-05,352940,2380.0,0.58,0.0,,-0.0
2025-08-06,352940,2405.0,0.58,-0.0,,-0.0
2025-08-07,352940,2450.0,0.58,0.0,,-0.0
2025-08-08,352940,2390.0,0.58,0.0,,-0.0
2025-08-11,352940,2390.0,0.59,0.0,,-0.0
2025-08-12,352940,2405.0,0.59,-0.0,,0.0
2025-08-13,352940,2385.0,0.59,0.0,,-0.0
2025-08-14,352940,2370.0,0.6,-0.0,,-0.0
2025-08-18,352940,2305.0,0.6,-0.0,,-0.0
2025-08-19,352940,2275.0,0.59,-0.0,,0.0
2025-08-20,352940,2290.0,0.59,0.0,,-0.0
2025-08-21,352940,2290.0,0.6,-0.0,,0.0
2025-08-22,352940,2305.0,0.59,0.0,,-0.0
2025-08-25,352940,2280.0,0.59,0.0,,-0.0
2025-08-26,352940,2280.0,0.61,-0.0,,0.0
2025-08-27,352940,2250.0,0.61,-0.0,-0.3,0.3
2025-08-28,352940,2295.0,0.61,0.0,,-0.0
2025-08-29,352940,2285.0,0.61,-0.0,,0.0
2025-09-01,352940,2245.0,0.62,0.0,,0.0
2025-09-02,352940,2245.0,0.6,0.0,,-0.1
2025-09-03,352940,2245.0,0.62,-0.0,,-0.0
2025-09-04,352940,2260.0,0.62,-0.0,,0.0
2025-09-05,352940,2240.0,0.62,-0.0,,-0.0
2025-09-08,352940,2240.0,0.62,-0.0,,0.0
2025-09-09,352940,2205.0,0.61,0.1,,-0.1
2025-09-10,352940,2280.0,0.64,0.0,,-0.0
2025-09-11,352940,2275.0,0.64,-0.0,,0.0
2025-09-12,352940,2270.0,0.63,-0.0,,-0.0
2025-09-15,352940,2280.0,0.63,-0.0,,0.0
2025-09-16,352940,2290.0,0.63,-0.0,,0.0
2025-09-17,352940,2270.0,0.62,-0.0,,0.0
2025-09-18,352940,2270.0,0.61,-0.0,,-0.0
2025-09-19,352940,2265.0,0.61,-0.0,,0.0
2025-09-22,352940,2265.0,0.6,0.0,,-0.0
2025-09-23,352940,2270.0,0.6,0.0,,0.0
2025-09-24,352940,2250.0,0.6,0.0,,-0.0
2025-09-25,352940,2220.0,0.6,-0.0,,0.0
2025-09-26,352940,2220.0,0.6,0.0,,-0.0
2025-09-29,352940,2215.0,0.61,0.0,,-0.1
2025-09-30,352940,2215.0,0.61,0.0,,0.0
2025-10-01,352940,2140.0,0.62,0.0,,-0.1
2025-10-02,352940,2120.0,0.64,0.0,,-0.0
2025-10-10,352940,2135.0,0.64,0.0,,-0.0
2025-10-13,352940,2115.0,0.64,-0.0,,0.0
2025-10-14,352940,2125.0,0.64,-0.0,,0.1
2025-10-15,352940,2130.0,0.62,0.0,,-0.0
2025-10-16,352940,2195.0,0.62,-0.0,,-0.0
2025-10-17,352940,2140.0,0.62,0.0,,0.0
2025-10-20,352940,2155.0,0.62,-0.0,,-0.0
2025-10-21,352940,2170.0,0.62,0.0,,0.0
2025-10-22,352940,2195.0,0.62,0.0,,-0.0
2025-10-23,352940,2240.0,0.62,-0.0,,-0.0
2025-10-24,352940,2215.0,0.62,-0.0,,-0.0
2025-10-27,352940,2235.0,0.61,0.0,,-0.0
2025-10-28,352940,2270.0,0.61,0.0,,-0.0
2025-10-29,352940,2275.0,0.61,-0.0,,0.0
2025-10-30,352940,2275.0,0.61,-0.0,,0.0
2025-10-31,352940,2250.0,0.61,0.0,,0.0
2025-11-03,352940,2220.0,0.61,0.0,,-0.0
2025-11-04,352940,2220.0,0.63,-0.1,,0.1
2025-11-05,352940,2225.0,0.59,-0.0,,0.0
2025-11-06,352940,2175.0,0.59,0.0,,0.0
2025-11-07,352940,2170.0,0.59,-0.0,,0.0
2025-11-10,352940,2185.0,0.59,0.7,-0.7,-0.0
2025-11-11,352940,2165.0,0.88,0.0,,-0.0
2025-11-12,352940,2170.0,0.89,0.0,,-0.0
2025-11-13,352940,2200.0,0.89,-0.0,,-0.0
2025-11-14,352940,2160.0,0.89,-0.0,,0.0
2025-11-17,352940,2160.0,0.88,-0.0,,0.0
2025-11-18,352940,2160.0,0.87,0.0,,0.0
2025-11-19,352940,2160.0,0.88,-0.0,,0.0
2025-11-20,352940,2190.0,0.88,0.0,,-0.0
2025-11-21,352940,2180.0,0.88,0.0,,0.0
2025-11-24,352940,2185.0,0.88,-0.0,,0.0
2025-11-25,352940,2195.0,0.88,-0.0,,0.0
2025-11-26,352940,2195.0,0.87,-0.0,,-0.0
2025-11-27,352940,2200.0,0.86,-0.0,,-0.0
2025-11-28,352940,2270.0,0.86,0.0,,-0.0
2025-12-01,352940,2290.0,0.86,-0.0,,-0.0
2025-12-02,352940,2295.0,0.89,-0.0,,0.0
2025-12-03,352940,2290.0,0.89,-0.0,,-0.0
2025-12-04,352940,2305.0,0.89,-0.0,,0.0
2025-12-05,352940,2300.0,0.89,-0.0,,0.0
2025-12-08,352940,2300.0,0.89,0.0,,0.0
2025-12-09,352940,2300.0,0.89,0.0,,-0.0
2025-12-10,352940,2305.0,0.89,-0.0,,0.0
2025-12-11,352940,2305.0,0.89,-0.0,,0.0
2025-12-12,352940,2300.0,0.88,-0.0,,-0.0
2025-12-15,352940,2300.0,0.87,-0.0,,-0.0
2025-12-16,352940,2290.0,0.87,-0.0,,0.0
2025-12-17,352940,2290.0,1.27,-0.0,,0.0
2025-12-18,352940,2305.0,1.27,-0.1,,0.1
2025-12-19,352940,2285.0,1.24,0.0,,-0.1
2025-12-22,352940,2280.0,1.25,-0.0,,0.0
2025-12-23,352940,2250.0,1.25,0.0,,-0.0
2025-12-24,352940,2270.0,1.25,-0.1,,0.1
2025-12-26,352940,2270.0,1.21,-0.1,,0.1
2025-12-29,352940,2270.0,1.19,0.0,,-0.0
2025-12-30,352940,2275.0,1.19,-0.0,,0.0
2026-01-02,352940,2290.0,1.19,-0.1,,0.1
2026-01-05,352940,2245.0,1.16,0.0,,-0.1
2026-01-06,352940,2245.0,1.39,-0.0,,0.1
2026-01-07,352940,2245.0,1.38,0.0,,-0.0
2026-01-08,352940,2215.0,1.4,-0.0,,0.0
2026-01-09,352940,2160.0,1.4,-0.0,,0.0
2026-01-12,352940,2175.0,1.4,0.0,,-0.1
2026-01-13,352940,2180.0,1.47,-0.0,,0.0
2026-01-14,352940,2160.0,1.47,0.0,,-0.0
2026-01-15,352940,2135.0,1.48,0.0,,0.0
2026-01-16,352940,2135.0,1.49,0.0,,-0.0
2026-01-19,352940,2150.0,1.5,0.0,-0.0,-0.0
2026-01-20,352940,2145.0,1.51,-0.0,,0.0
2026-01-21,352940,2125.0,1.51,-0.0,,0.0
2026-01-22,352940,2095.0,1.5,0.0,,-0.0
2026-01-23,352940,2100.0,1.51,0.0,,-0.0
2026-01-26,352940,2110.0,1.51,0.0,,-0.0
2026-01-27,352940,2125.0,1.52,0.0,,-0.0
2026-01-28,352940,2140.0,1.52,0.0,,-0.0
2026-01-29,352940,2115.0,1.53,0.0,,0.0
2026-01-30,352940,2115.0,1.53,0.0,,0.0
2026-02-02,352940,2090.0,1.53,-0.0,,0.0
2026-02-03,352940,2100.0,1.53,-0.0,,-0.0
2026-02-04,352940,2175.0,1.53,0.0,,-0.0
2026-02-05,352940,2135.0,1.54,0.0,,-0.0
2026-02-06,352940,2135.0,1.56,-0.0,,0.0
2026-02-09,352940,2105.0,1.55,-0.0,,-0.0
2026-02-10,352940,2085.0,1.54,-0.0,,-0.0
2026-02-11,352940,2105.0,1.56,-0.0,,-0.0
2026-02-12,352940,2105.0,1.55,-0.0,,-0.0
2026-02-13,352940,2170.0,1.55,-0.1,,0.1
2026-02-19,352940,2105.0,1.51,0.1,,-0.1
2026-02-20,352940,2115.0,1.54,0.0,,-0.0
2026-02-23,352940,2105.0,1.64,0.0,,-0.0
2026-02-24,352940,2110.0,1.66,0.0,,-0.0
2026-02-25,352940,2110.0,1.27,0.0,,-0.0
2026-02-26,352940,2110.0,1.28,-0.0,,0.0
2026-02-27,352940,2145.0,1.27,-0.0,,0.1
2026-03-03,352940,2095.0,1.26,0.0,,-0.0
2026-03-04,352940,2020.0,1.26,-0.0,,0.0
2026-03-05,352940,1999.0,1.26,-0.0,,-0.0
2026-03-06,352940,2000.0,1.24,0.0,,-0.0
2026-03-09,352940,2050.0,1.25,0.1,,-0.1
2026-03-10,352940,2010.0,1.29,0.0,,-0.0
2026-03-11,352940,2005.0,1.3,-0.0,,0.0
2026-03-12,352940,2000.0,1.29,-0.0,,0.0
2026-03-13,352940,2010.0,1.29,0.2,-0.3,0.0
2026-03-16,352940,1987.0,1.39,0.0,,0.0
2026-03-17,352940,1984.0,1.4,-0.0,,-0.0
2026-03-18,352940,1997.0,1.39,0.0,,-0.0
2026-03-19,352940,2070.0,1.39,0.1,,-0.1
2026-03-20,352940,2035.0,1.44,0.0,,-0.1
2026-03-23,352940,2015.0,1.45,-0.0,,0.0
2026-03-24,352940,2055.0,1.45,-0.0,,0.0
2026-03-25,352940,2065.0,1.44,0.0,,-0.0
2026-03-26,352940,2070.0,1.45,-0.0,,0.0
2026-03-27,352940,2120.0,1.44,-0.0,,0.1
2026-03-30,352940,2150.0,1.41,0.0,,-0.0
2026-03-31,352940,2120.0,1.42,-0.0,,0.0
2026-04-01,352940,2120.0,1.4,-0.0,,0.0
2026-04-02,352940,2140.0,1.39,0.1,,-0.0
2026-04-03,352940,2155.0,1.44,0.0,,-0.0
2026-04-06,352940,2170.0,1.45,-0.1,,0.1
2026-04-07,352940,2220.0,1.42,-0.0,,0.0
2026-04-08,352940,2200.0,1.41,0.0,,-0.0
2026-04-09,352940,2195.0,1.42,-0.0,,0.0
2026-04-10,352940,2230.0,1.41,-0.0,,0.0
2026-04-13,352940,2255.0,1.4,-0.1,,0.1
2026-04-14,352940,2305.0,1.35,-0.1,,0.1
2026-04-15,352940,2340.0,1.32,-0.5,,0.5
2026-04-16,352940,2350.0,1.14,-0.0,,0.0
2026-04-17,352940,2345.0,1.14,0.4,,-0.4
2026-04-20,352940,2350.0,1.29,-0.0,,0.0
2026-04-21,352940,2410.0,1.29,-0.0,,0.1
2026-04-22,352940,2375.0,1.29,-0.1,,0.1
2026-04-23,352940,2320.0,1.19,-0.0,,0.0
2026-04-24,352940,2320.0,1.18,0.0,,-0.0
2026-04-27,352940,2310.0,1.18,0.1,,-0.1
2026-04-28,352940,2290.0,1.23,-0.0,,0.0
2026-04-29,352940,2265.0,1.2,0.0,,-0.0
2026-04-30,352940,2305.0,1.21,-0.1,,0.1
2026-05-04,352940,2320.0,1.19,0.0,,-0.0
2026-05-06,352940,2370.0,1.19,0.0,,-0.0
2026-05-07,352940,2340.0,1.2,0.0,,-0.0
2026-05-08,352940,2295.0,1.21,0.1,,-0.1
2026-05-11,352940,2270.0,1.25,-0.0,-0.0,0.0
2026-05-12,352940,2245.0,1.25,-0.0,-0.0,0.0
2026-05-13,352940,2245.0,1.24,0.1,,-0.0
2026-05-14,352940,2295.0,1.26,-0.1,-0.0,0.1
2026-05-15,352940,2260.0,1.21,-0.0,0.0,0.0
2026-05-18,352940,2250.0,1.2,0.1,-0.0,-0.0
2026-05-19,352940,2320.0,1.21,0.0,0.0,0.0
2026-05-20,352940,2230.0,1.21,0.1,-0.0,-0.1
2026-05-21,352940,2230.0,1.33,-0.0,-0.0,0.0
2026-05-22,352940,2270.0,1.32,-0.1,,0.1
2026-05-26,352940,2195.0,1.29,0.0,0.0,-0.0
2026-05-27,352940,2205.0,1.3,0.0,-0.0,-0.0
2026-05-28,352940,2165.0,1.3,0.0,0.0,-0.0
2026-05-29,352940,2165.0,1.32,-0.0,-0.0,0.1
2026-06-01,352940,2075.0,1.3,0.0,-0.0,-0.1
2026-06-02,352940,2000.0,1.32,-0.0,0.0,0.0
2026-06-04,352940,1999.0,1.31,0.0,-0.0,-0.0
2026-06-05,352940,2035.0,1.32,0.0,0.0,-0.0
2026-06-08,352940,2015.0,1.32,-0.0,0.0,0.1
2026-06-09,352940,2015.0,1.3,0.0,-0.0,-0.0
2026-06-10,352940,1996.0,1.31,-0.0,0.0,0.0
2026-06-11,352940,2005.0,1.31,-0.0,0.0,0.0
2026-06-12,352940,2030.0,1.29,0.0,0.0,-0.0
2026-06-15,352940,2065.0,1.29,-0.0,-0.0,0.0
2026-06-16,352940,2075.0,1.27,-0.0,0.0,0.0
2026-06-17,352940,2095.0,1.27,0.0,,-0.0
2026-06-18,352940,2090.0,1.28,-0.0,0.0,0.0
2026-06-19,352940,2090.0,1.27,0.0,-0.0,-0.0
2026-06-22,352940,2060.0,1.29,-0.1,,0.1
2026-06-23,352940,2040.0,1.28,0.0,-0.0,-0.0
2026-06-24,352940,2025.0,1.27,-0.1,0.0,0.1
2026-06-25,352940,2050.0,1.23,-0.0,-0.0,0.0
2026-06-26,352940,2000.0,1.21,-0.0,0.0,0.0
2026-06-29,352940,2010.0,1.21,0.0,0.0,-0.0
2026-06-30,352940,2010.0,1.22,-0.1,0.0,0.1
2026-07-01,352940,2010.0,1.19,-0.1,0.0,0.1
2026-07-02,352940,2000.0,1.15,-0.0,0.0,0.0
2026-07-03,352940,2010.0,1.13,0.0,0.0,-0.0
2026-07-06,352940,2035.0,1.14,0.0,-0.0,-0.0
2026-07-07,352940,2030.0,1.15,-0.0,0.0,0.0
2026-07-08,352940,2010.0,1.14,-0.0,0.0,0.0
2026-07-09,352940,2005.0,1.14,-0.0,0.0,0.0
2026-07-10,352940,2015.0,1.13,-0.0,0.0,0.0
2026-07-13,352940,2010.0,1.12,-0.0,0.0,0.0
2026-07-14,352940,1996.0,1.12,0.1,-0.0,-0.1
2026-07-15,352940,1996.0,1.2,-0.0,-0.0,0.0
2026-07-16,352940,2015.0,1.16,0.0,,-0.0
2025-07-14,353190,699.0,0.44,0.0,,-0.0
2025-07-15,353190,703.0,0.46,-0.0,,0.0
2025-07-16,353190,703.0,0.45,-0.0,,-0.0
2025-07-17,353190,718.0,0.44,0.0,,-0.0
2025-07-18,353190,715.0,0.45,0.1,,-0.1
2025-07-21,353190,706.0,0.48,-0.0,,0.0
2025-07-22,353190,704.0,0.47,-0.0,,0.0
2025-07-23,353190,703.0,0.46,-0.0,,0.1
2025-07-24,353190,703.0,0.44,-0.0,,0.0
2025-07-25,353190,714.0,0.44,0.1,,-0.1
2025-07-28,353190,717.0,0.49,-0.0,,0.0
2025-07-29,353190,717.0,0.48,-0.0,,-0.0
2025-07-30,353190,718.0,0.47,-0.0,,-0.0
2025-07-31,353190,721.0,0.46,0.0,,-0.0
2025-08-01,353190,709.0,0.47,-0.1,,0.1
2025-08-04,353190,704.0,0.45,-0.0,,0.0
2025-08-05,353190,709.0,0.44,0.0,,-0.0
2025-08-06,353190,713.0,0.44,-0.0,,-0.0
2025-08-07,353190,713.0,0.44,0.0,,-0.0
2025-08-08,353190,719.0,0.44,0.0,,-0.0
2025-08-11,353190,712.0,0.44,-0.0,,-0.0
2025-08-12,353190,705.0,0.44,0.0,,0.0
2025-08-13,353190,710.0,0.44,-0.0,,0.0
2025-08-14,353190,707.0,0.44,0.0,,-0.0
2025-08-18,353190,711.0,0.44,-0.0,,0.0
2025-08-19,353190,706.0,0.44,0.0,,0.0
2025-08-20,353190,721.0,0.44,0.0,,0.0
2025-08-21,353190,744.0,0.44,0.1,,-0.1
2025-08-22,353190,742.0,0.47,0.0,,-0.1
2025-08-25,353190,746.0,0.47,0.0,-0.2,0.2
2025-08-26,353190,762.0,0.54,0.4,-0.1,-0.4
2025-08-27,353190,758.0,0.71,-0.0,,0.0
2025-08-28,353190,759.0,0.7,-0.0,,0.0
2025-08-29,353190,764.0,0.7,-0.1,,0.1
2025-09-01,353190,773.0,0.74,-0.0,,0.0
2025-09-02,353190,767.0,0.67,0.1,,-0.1
2025-09-03,353190,768.0,0.7,-0.0,,-0.0
2025-09-04,353190,763.0,0.7,-0.0,,0.0
2025-09-05,353190,766.0,0.69,-0.0,,0.0
2025-09-08,353190,758.0,0.62,-0.0,,-0.0
2025-09-09,353190,751.0,0.62,-0.0,,-0.0
2025-09-10,353190,776.0,0.62,0.0,,-0.0
2025-09-11,353190,823.0,0.63,1.0,,0.1
2025-09-12,353190,825.0,0.95,-0.1,,0.1
2025-09-15,353190,825.0,0.93,-0.2,,0.2
2025-09-16,353190,827.0,0.88,0.0,,0.0
2025-09-17,353190,812.0,0.88,-0.0,,0.0
2025-09-18,353190,832.0,0.87,-0.0,,-0.1
2025-09-19,353190,815.0,0.87,-0.0,,-0.0
2025-09-22,353190,808.0,0.87,0.0,,-0.0
2025-09-23,353190,785.0,0.87,-0.0,,-0.0
2025-09-24,353190,769.0,0.87,-0.0,,0.0
2025-09-25,353190,765.0,0.87,0.1,,-0.0
2025-09-26,353190,797.0,0.88,-0.0,,0.0
2025-09-29,353190,765.0,0.88,0.2,,-0.2
2025-09-30,353190,761.0,0.93,-0.1,,0.0
2025-10-01,353190,755.0,0.91,-0.0,,-0.0
2025-10-02,353190,761.0,0.91,0.0,,-0.1
2025-10-10,353190,764.0,0.92,0.0,,-0.0
2025-10-13,353190,777.0,0.93,-0.4,,0.4
2025-10-14,353190,776.0,0.76,-0.1,,0.1
2025-10-15,353190,782.0,0.73,0.0,-0.0,-0.0
2025-10-16,353190,765.0,0.74,-0.0,,0.0
2025-10-17,353190,780.0,0.73,0.0,,0.0
2025-10-20,353190,789.0,0.74,-0.0,,-0.0
2025-10-21,353190,779.0,0.74,-0.0,,0.0
2025-10-22,353190,778.0,0.73,-0.0,,0.0
2025-10-23,353190,789.0,0.72,0.0,,-0.0
2025-10-24,353190,789.0,0.72,-0.1,,0.1
2025-10-27,353190,778.0,0.69,-0.0,,0.0
2025-10-28,353190,776.0,0.69,-0.0,,-0.0
2025-10-29,353190,753.0,0.69,-0.0,,0.1
2025-10-30,353190,732.0,0.68,-0.1,,0.1
2025-10-31,353190,744.0,0.65,0.0,,-0.0
2025-11-03,353190,730.0,0.65,-0.0,,0.0
2025-11-04,353190,725.0,0.65,0.0,,-0.1
2025-11-05,353190,721.0,0.67,-0.2,,0.2
2025-11-06,353190,728.0,0.61,0.0,,-0.0
2025-11-07,353190,717.0,0.61,0.0,,-0.0
2025-11-10,353190,712.0,0.63,0.5,-0.5,-0.0
2025-11-11,353190,722.0,0.82,0.0,,-0.0
2025-11-12,353190,721.0,0.82,0.0,,-0.0
2025-11-13,353190,750.0,0.82,-0.0,,0.0
2025-11-14,353190,722.0,0.81,0.0,,-0.0
2025-11-17,353190,694.0,0.81,0.0,,-0.0
2025-11-18,353190,680.0,0.83,-0.1,,0.1
2025-11-19,353190,674.0,0.93,-0.1,,0.1
2025-11-20,353190,681.0,0.9,0.0,,-0.0
2025-11-21,353190,679.0,0.9,-0.1,,0.1
2025-11-24,353190,681.0,0.86,-0.0,,0.0
2025-11-25,353190,679.0,0.85,0.0,,-0.0
2025-11-26,353190,690.0,0.86,0.0,,-0.0
2025-11-27,353190,675.0,0.86,0.0,,-0.0
2025-11-28,353190,701.0,0.86,0.1,,-0.1
2025-12-01,353190,714.0,0.88,0.2,,-0.2
2025-12-02,353190,702.0,0.95,0.0,,-0.0
2025-12-03,353190,694.0,0.96,-0.0,,0.0
2025-12-04,353190,695.0,0.95,-0.0,,0.0
2025-12-05,353190,690.0,0.93,-0.0,,0.0
2025-12-08,353190,684.0,0.93,-0.0,,0.0
2025-12-09,353190,676.0,0.92,-0.0,,0.0
2025-12-10,353190,670.0,0.92,-0.0,,0.1
2025-12-11,353190,671.0,0.9,-0.0,,0.0
2025-12-12,353190,678.0,0.89,-0.0,,0.0
2025-12-15,353190,670.0,0.88,-0.0,,0.0
2025-12-16,353190,671.0,0.88,0.1,,-0.0
2025-12-17,353190,674.0,1.17,0.0,,0.0
2025-12-18,353190,684.0,1.17,0.0,,-0.0
2025-12-19,353190,690.0,1.17,0.0,,-0.0
2025-12-22,353190,705.0,1.18,0.0,,-0.0
2025-12-23,353190,698.0,1.18,-0.0,,0.0
2025-12-24,353190,700.0,1.18,-0.0,,0.0
2025-12-26,353190,710.0,1.18,-0.0,,0.0
2025-12-29,353190,703.0,1.18,-0.0,,-0.0
2025-12-30,353190,684.0,1.17,0.0,,-0.0
2026-01-02,353190,690.0,1.17,0.0,,-0.0
2026-01-05,353190,685.0,1.18,-0.0,,-0.0
2026-01-06,353190,685.0,1.18,0.0,,0.0
2026-01-07,353190,666.0,1.21,-0.0,,0.0
2026-01-08,353190,670.0,1.2,-0.0,,0.0
2026-01-09,353190,674.0,1.19,0.0,0.0,-0.0
2026-01-12,353190,665.0,1.19,0.0,,-0.0
2026-01-13,353190,669.0,1.19,-0.0,,-0.0
2026-01-14,353190,675.0,1.19,-0.0,,0.0
2026-01-15,353190,673.0,1.19,-0.0,,0.0
2026-01-16,353190,677.0,1.19,-0.0,,0.0
2026-01-19,353190,668.0,1.19,-0.0,,0.0
2026-01-20,353190,670.0,1.19,0.0,,0.0
2026-01-21,353190,658.0,1.19,0.0,,-0.0
2026-01-22,353190,656.0,1.21,0.3,,-0.2
2026-01-23,353190,657.0,1.32,-0.0,,0.0
2026-01-26,353190,665.0,1.31,-0.0,,0.0
2026-01-27,353190,659.0,1.3,0.0,-0.2,0.2
2026-01-28,353190,654.0,1.3,-0.2,,0.2
2026-01-29,353190,658.0,1.22,-0.0,,0.0
2026-01-30,353190,649.0,1.21,-0.0,-0.0,0.0
2026-02-02,353190,639.0,1.21,0.0,,0.0
2026-02-03,353190,643.0,1.21,-0.0,,0.0
2026-02-04,353190,657.0,1.19,-0.2,,0.2
2026-02-05,353190,657.0,1.12,-0.2,,0.2
2026-02-06,353190,648.0,1.04,-0.1,,0.1
2026-02-09,353190,660.0,1.02,0.0,,-0.0
2026-02-10,353190,670.0,1.02,0.0,,-0.0
2026-02-11,353190,672.0,1.04,-0.0,,-0.0
2026-02-12,353190,686.0,1.04,-0.0,,0.0
2026-02-13,353190,675.0,1.02,0.1,,-0.1
2026-02-19,353190,680.0,1.04,0.0,,-0.0
2026-02-20,353190,663.0,1.05,0.0,,0.0
2026-02-23,353190,668.0,1.11,0.1,,-0.1
2026-02-24,353190,745.0,1.17,1.0,,-1.0
2026-02-25,353190,733.0,1.52,-0.0,,0.0
2026-02-26,353190,744.0,1.25,-0.3,,0.3
2026-02-27,353190,744.0,1.15,0.0,,-0.0
2026-03-03,353190,713.0,1.15,-0.1,,0.1
2026-03-04,353190,682.0,1.11,-0.1,,0.1
2026-03-05,353190,704.0,1.09,-0.0,,0.0
2026-03-06,353190,717.0,1.07,-0.1,,0.1
2026-03-09,353190,691.0,1.05,-0.0,,0.0
2026-03-10,353190,689.0,1.04,-0.0,,0.0
2026-03-11,353190,690.0,1.02,-0.1,,0.1
2026-03-12,353190,689.0,1.0,0.0,,-0.0
2026-03-13,353190,697.0,1.0,0.0,,-0.0
2026-03-16,353190,690.0,1.01,-0.0,,0.0
2026-03-17,353190,682.0,1.01,-0.0,,0.0
2026-03-18,353190,676.0,1.0,-0.0,,0.0
2026-03-19,353190,671.0,1.0,0.0,,-0.0
2026-03-20,353190,661.0,1.01,0.0,,-0.0
2026-03-23,353190,651.0,1.01,0.0,,0.0
2026-03-24,353190,659.0,1.01,-0.0,,0.0
2026-03-25,353190,660.0,1.0,-0.0,,-0.0
2026-03-26,353190,660.0,1.0,-0.0,,0.0
2026-03-27,353190,653.0,1.0,-0.0,,0.0
2026-03-30,353190,646.0,0.99,-0.1,,0.1
2026-03-31,353190,634.0,0.97,0.0,,0.0
2026-04-01,353190,642.0,0.96,0.1,,-0.1
2026-04-02,353190,628.0,0.98,-0.2,,0.2
2026-04-03,353190,630.0,0.91,0.1,,-0.2
2026-04-06,353190,635.0,0.96,-0.1,,0.1
2026-04-07,353190,640.0,0.94,0.0,0.5,-0.5
2026-04-08,353190,640.0,0.94,,,
2026-04-09,353190,640.0,0.94,,,
2026-04-10,353190,640.0,0.94,,,
2026-04-13,353190,640.0,0.94,,,
2026-04-14,353190,640.0,0.94,,,
2026-04-15,353190,640.0,0.94,,,
2026-04-16,353190,640.0,0.94,,,
2026-04-17,353190,640.0,0.94,,,
2026-04-20,353190,640.0,0.94,,,
2026-04-21,353190,640.0,0.94,,,
2026-04-22,353190,640.0,0.94,,,
2026-04-23,353190,640.0,0.94,,,
2026-04-24,353190,640.0,0.94,,,
2026-04-27,353190,640.0,0.94,,,
2026-04-28,353190,640.0,0.94,,,
2026-04-29,353190,640.0,0.94,,,
2026-04-30,353190,640.0,0.94,,,
2026-05-04,353190,3280.0,0.85,0.0,-0.5,0.5
2026-05-06,353190,3355.0,0.85,-0.1,0.0,0.1
2026-05-07,353190,3330.0,0.86,0.0,0.0,0.0
2026-05-08,353190,3230.0,0.81,-0.0,-0.0,0.0
2026-05-11,353190,3120.0,0.81,0.0,-0.0,0.0
2026-05-12,353190,2985.0,0.82,0.0,-0.0,0.0
2026-05-13,353190,2975.0,0.82,0.0,-0.0,0.0
2026-05-14,353190,2930.0,0.83,0.1,-0.0,-0.1
2026-05-15,353190,2770.0,0.89,-0.1,-0.0,0.2
2026-05-18,353190,2685.0,0.83,0.3,0.0,-0.3
2026-05-19,353190,2650.0,0.97,0.3,0.0,-0.2
2026-05-20,353190,2745.0,1.09,0.2,-0.0,-0.3
2026-05-21,353190,2825.0,1.4,0.1,0.0,-0.2
2026-05-22,353190,2815.0,1.43,0.0,-0.0,-0.1
2026-05-26,353190,2730.0,1.45,0.0,-0.0,-0.1
2026-05-27,353190,2680.0,1.48,0.0,-0.0,-0.0
2026-05-28,353190,2605.0,1.48,0.0,,0.1
2026-05-29,353190,2600.0,1.49,-0.0,,0.0
2026-06-01,353190,2740.0,1.47,0.5,0.7,-1.1
2026-06-02,353190,2625.0,1.68,-0.0,-0.5,0.5
2026-06-04,353190,2770.0,1.54,0.2,-0.0,-0.9
2026-06-05,353190,2795.0,1.63,-0.0,0.0,0.0
2026-06-08,353190,2945.0,1.61,-0.0,-0.0,-0.2
2026-06-09,353190,2970.0,1.59,-0.0,-0.0,0.0
2026-06-10,353190,2970.0,1.59,-0.1,0.0,-0.1
2026-06-11,353190,2885.0,1.54,0.1,-0.0,-0.1
2026-06-12,353190,3005.0,1.56,-0.1,0.0,-0.5
2026-06-15,353190,2970.0,1.52,-0.0,-0.0,0.0
2026-06-16,353190,2925.0,1.51,-0.0,-0.0,-0.3
2026-06-17,353190,2990.0,1.5,0.0,-0.0,0.0
2026-06-18,353190,3000.0,1.5,-0.0,0.0,-0.2
2026-06-19,353190,2820.0,1.48,0.1,-0.0,-0.2
2026-06-22,353190,2835.0,1.53,-0.0,-0.0,-0.3
2026-06-23,353190,2830.0,1.53,0.1,-0.1,-0.0
2026-06-24,353190,2925.0,1.56,-0.1,-0.0,-0.6
2026-06-25,353190,2930.0,1.5,-0.0,-0.0,0.0
2026-06-26,353190,2785.0,1.5,-0.1,-0.0,-0.4
2026-06-29,353190,2755.0,1.45,-0.0,0.0,0.0
2026-06-30,353190,2890.0,1.45,-0.0,-0.0,-0.2
2026-07-01,353190,2845.0,1.44,-0.0,0.0,0.0
2026-07-02,353190,2865.0,1.44,-0.0,-0.1,-0.5
2026-07-03,353190,2755.0,1.43,-0.0,-0.0,0.0
2026-07-06,353190,2815.0,1.42,0.0,-0.0,-0.3
2026-07-07,353190,2755.0,1.42,0.1,-0.0,-0.1
2026-07-08,353190,2800.0,1.44,-0.0,-0.0,-0.3
2026-07-09,353190,2650.0,1.44,0.0,-0.0,0.1
2026-07-10,353190,2770.0,1.44,0.1,-0.0,-0.4
2026-07-13,353190,2765.0,1.5,0.0,-0.0,-0.0
2026-07-14,353190,2815.0,1.5,0.1,,-0.3
2026-07-15,353190,2820.0,1.5,-0.0,0.0,0.0
2026-07-16,353190,2855.0,1.49,-0.0,-0.0,-0.3
2025-07-14,353200,17920.0,7.83,3.9,3.5,-7.4
2025-07-15,353200,18770.0,7.93,25.8,44.3,-70.6
2025-07-16,353200,19530.0,8.28,-5.2,86.2,-86.0
2025-07-17,353200,20050.0,8.18,-24.8,61.6,-39.9
2025-07-18,353200,20300.0,7.89,-19.1,45.5,-23.2
2025-07-21,353200,20500.0,7.74,-27.5,41.8,-14.1
2025-07-22,353200,19960.0,7.54,15.5,8.4,-23.3
2025-07-23,353200,20400.0,7.76,-12.5,39.6,-27.9
2025-07-24,353200,20300.0,7.55,1.7,10.1,-11.3
2025-07-25,353200,20250.0,7.63,-1.9,14.1,-12.4
2025-07-28,353200,20750.0,7.61,-2.4,25.5,-23.2
2025-07-29,353200,20350.0,7.62,-6.4,9.8,-4.2
2025-07-30,353200,23800.0,7.51,128.9,127.2,-257.5
2025-07-31,353200,23900.0,8.87,15.0,46.8,-61.8
2025-08-01,353200,22700.0,9.02,0.9,-11.8,13.6
2025-08-04,353200,22450.0,9.01,-19.2,-1.1,19.6
2025-08-05,353200,22850.0,8.77,-20.5,18.5,2.1
2025-08-06,353200,22800.0,8.6,9.3,-9.3,-1.4
2025-08-07,353200,22250.0,8.68,-2.3,-9.6,14.9
2025-08-08,353200,23450.0,8.66,-54.5,89.9,-36.6
2025-08-11,353200,23750.0,8.21,-54.9,66.0,-13.5
2025-08-12,353200,23400.0,7.73,3.3,7.4,-10.5
2025-08-13,353200,24000.0,7.79,-0.5,39.0,-37.9
2025-08-14,353200,23350.0,7.78,-6.9,-4.3,11.6
2025-08-18,353200,22850.0,7.71,31.1,-19.6,-11.3
2025-08-19,353200,22650.0,8.02,4.4,14.7,-17.6
2025-08-20,353200,21800.0,8.09,58.4,-66.2,7.8
2025-08-21,353200,21550.0,8.66,21.6,-16.8,-4.7
2025-08-22,353200,22450.0,8.84,-25.3,48.7,-23.6
2025-08-25,353200,23050.0,8.63,-5.1,21.2,-15.6
2025-08-26,353200,23450.0,8.6,-8.7,28.5,-20.3
2025-08-27,353200,23800.0,8.52,-1.4,28.3,-27.1
2025-08-28,353200,23900.0,8.45,11.7,18.1,-29.9
2025-08-29,353200,24050.0,8.57,15.7,24.5,-41.9
2025-09-01,353200,23600.0,8.73,14.2,13.5,-27.0
2025-09-02,353200,23600.0,8.85,-8.7,15.7,-7.2
2025-09-03,353200,23250.0,8.79,-12.9,-8.5,22.1
2025-09-04,353200,22650.0,8.66,30.4,-43.9,13.4
2025-09-05,353200,23400.0,8.94,-7.1,37.9,-31.0
2025-09-08,353200,23650.0,8.89,-16.8,10.3,6.7
2025-09-09,353200,25300.0,8.75,21.0,27.5,-52.6
2025-09-10,353200,25950.0,8.89,-56.2,73.6,-22.8
2025-09-11,353200,25650.0,8.45,-35.1,6.8,26.7
2025-09-12,353200,25950.0,8.2,-37.0,10.1,27.5
2025-09-15,353200,26700.0,7.96,-39.3,26.3,5.2
2025-09-16,353200,27300.0,7.66,-30.1,53.2,-24.0
2025-09-17,353200,26750.0,7.44,6.1,3.7,-9.8
2025-09-18,353200,27100.0,7.42,-16.5,19.4,-4.0
2025-09-19,353200,27150.0,7.27,2.1,-10.0,7.2
2025-09-22,353200,28300.0,7.28,26.8,48.9,-81.5
2025-09-23,353200,27500.0,7.5,-48.5,-18.7,66.9
2025-09-24,353200,29100.0,7.18,54.2,25.1,-73.8
2025-09-25,353200,29100.0,7.67,-51.8,41.6,16.6
2025-09-26,353200,26600.0,7.3,28.6,-58.1,31.4
2025-09-29,353200,27400.0,7.52,-5.3,21.4,-14.8
2025-09-30,353200,28250.0,7.48,28.2,48.2,-77.3
2025-10-01,353200,29550.0,7.68,24.7,45.9,-72.2
2025-10-02,353200,30700.0,7.85,1.1,53.1,-62.9
2025-10-10,353200,35400.0,7.86,188.8,50.2,-229.5
2025-10-13,353200,33900.0,8.93,-62.8,-52.8,113.4
2025-10-14,353200,31400.0,8.78,-44.2,-33.8,77.5
2025-10-15,353200,32850.0,8.63,-56.0,30.3,25.9
2025-10-16,353200,33300.0,8.27,32.5,16.2,-52.1
2025-10-17,353200,32300.0,8.48,20.2,-10.4,-4.1
2025-10-20,353200,32900.0,8.67,-18.8,25.0,-4.9
2025-10-21,353200,31550.0,8.56,73.6,-37.0,-31.6
2025-10-22,353200,31400.0,9.05,18.0,-43.3,26.3
2025-10-23,353200,35050.0,9.15,148.6,100.9,-251.9
2025-10-24,353200,35150.0,10.04,-74.1,81.4,-8.1
2025-10-27,353200,36250.0,9.61,67.8,3.4,-70.6
2025-10-28,353200,36000.0,9.99,20.5,11.8,-34.3
2025-10-29,353200,37950.0,10.11,12.4,71.3,-91.6
2025-10-30,353200,37150.0,10.12,-8.7,-11.3,25.1
2025-10-31,353200,37950.0,10.07,27.0,-8.9,-16.2
2025-11-03,353200,39850.0,10.21,-22.0,65.2,-55.6
2025-11-04,353200,39400.0,10.1,-60.8,19.6,57.2
2025-11-05,353200,43200.0,9.79,160.7,105.8,-266.9
2025-11-06,353200,44650.0,10.47,-32.3,61.9,-33.7
2025-11-07,353200,42250.0,10.32,35.8,-5.5,-20.3
2025-11-10,353200,47300.0,10.47,0.8,186.3,-190.1
2025-11-11,353200,48500.0,10.34,-90.6,107.0,-19.6
2025-11-12,353200,52300.0,9.96,80.1,111.2,-201.4
2025-11-13,353200,49500.0,10.17,-103.2,2.6,99.5
2025-11-14,353200,47200.0,9.76,151.8,-39.9,-100.8
2025-11-17,353200,51200.0,10.46,-95.0,89.4,-3.6
2025-11-18,353200,50800.0,10.07,33.0,38.5,-70.8
2025-11-19,353200,52300.0,10.21,38.2,63.5,-100.5
2025-11-20,353200,51400.0,10.37,-165.8,-6.0,166.0
2025-11-21,353200,47350.0,9.73,203.5,-179.1,-22.5
2025-11-24,353200,48350.0,10.59,45.0,12.1,-55.7
2025-11-25,353200,52900.0,10.78,130.2,74.3,-210.6
2025-11-26,353200,50600.0,11.28,-216.6,-21.7,237.6
2025-11-27,353200,50000.0,10.42,-43.6,-21.4,73.6
2025-11-28,353200,49200.0,10.21,43.9,-104.9,60.1
2025-12-01,353200,48300.0,10.39,49.4,-74.2,24.4
2025-12-02,353200,47500.0,10.53,39.9,-50.9,13.0
2025-12-03,353200,49900.0,10.7,88.2,-10.3,-79.0
2025-12-04,353200,46550.0,11.04,-55.0,-148.6,209.6
2025-12-05,353200,48200.0,10.83,209.2,-21.3,-190.4
2025-12-08,353200,48650.0,11.73,90.5,-38.4,-53.3
2025-12-09,353200,49000.0,12.11,122.0,-31.0,-84.9
2025-12-10,353200,49500.0,12.6,78.5,-33.6,-49.2
2025-12-11,353200,48050.0,12.9,3.5,-79.2,75.8
2025-12-12,353200,47400.0,12.92,81.8,-80.0,-0.0
2025-12-15,353200,45800.0,13.27,208.2,-255.8,56.0
2025-12-16,353200,45000.0,14.19,187.3,-107.0,-79.2
2025-12-17,353200,46850.0,15.04,36.1,32.4,-69.5
2025-12-18,353200,47800.0,15.11,33.1,24.3,-66.8
2025-12-19,353200,46500.0,15.1,-125.1,-30.0,151.9
2025-12-22,353200,48100.0,14.55,116.0,27.6,-141.1
2025-12-23,353200,47150.0,15.11,41.7,-63.8,20.8
2025-12-24,353200,46650.0,15.29,52.8,-15.2,-37.2
2025-12-26,353200,46400.0,15.52,48.2,-19.5,-32.8
2025-12-29,353200,47150.0,15.76,1.9,-39.7,42.5
2025-12-30,353200,47100.0,15.77,30.0,-0.3,-20.8
2026-01-02,353200,47950.0,15.9,12.2,-21.5,12.4
2026-01-05,353200,47800.0,15.96,-107.5,-20.6,125.3
2026-01-06,353200,44450.0,15.43,22.6,-277.2,261.8
2026-01-07,353200,43200.0,15.47,142.7,-110.8,-31.4
2026-01-08,353200,42550.0,16.19,48.8,-64.4,15.6
2026-01-09,353200,42000.0,16.38,67.1,-71.5,5.8
2026-01-12,353200,43000.0,16.7,-3.6,2.3,2.6
2026-01-13,353200,44500.0,16.77,-8.9,18.7,-16.2
2026-01-14,353200,45650.0,16.7,2.6,-4.8,-0.2
2026-01-15,353200,50600.0,16.81,211.5,231.8,-430.7
2026-01-16,353200,51800.0,18.03,-83.8,272.9,-193.4
2026-01-19,353200,51800.0,17.62,-20.9,87.7,-64.2
2026-01-20,353200,49450.0,17.52,43.4,-38.7,-1.0
2026-01-21,353200,49550.0,17.73,54.9,-35.4,-18.0
2026-01-22,353200,50400.0,18.02,-42.6,20.9,30.9
2026-01-23,353200,50500.0,17.58,68.6,41.7,-107.2
2026-01-26,353200,50600.0,17.91,18.0,9.2,-25.1
2026-01-27,353200,50900.0,18.05,6.0,-37.8,31.9
2026-01-28,353200,54500.0,18.06,-0.7,-147.7,141.8
2026-01-29,353200,52500.0,18.02,-211.3,23.7,185.1
2026-01-30,353200,63300.0,17.03,414.3,77.4,-484.0
2026-02-02,353200,60700.0,18.31,-75.7,68.1,8.6
2026-02-03,353200,64700.0,17.84,-70.5,178.8,-102.7
2026-02-04,353200,61500.0,17.41,-147.6,-71.9,218.2
2026-02-05,353200,58600.0,16.8,17.2,-35.5,17.5
2026-02-06,353200,58900.0,16.84,-97.6,110.4,-16.9
2026-02-09,353200,60900.0,16.61,-19.9,62.6,-44.3
2026-02-10,353200,57700.0,16.53,-135.9,-78.0,212.5
2026-02-11,353200,57300.0,15.88,29.2,-93.6,63.2
2026-02-12,353200,59400.0,16.03,-8.6,29.2,-23.1
2026-02-13,353200,57500.0,15.99,-84.2,24.4,60.5
2026-02-19,353200,59600.0,15.7,57.1,31.7,-86.8
2026-02-20,353200,58400.0,15.9,-62.7,-59.7,121.4
2026-02-23,353200,60100.0,15.68,41.5,90.7,-130.9
2026-02-24,353200,65000.0,15.85,87.3,203.5,-290.6
2026-02-25,353200,63300.0,16.12,-187.8,18.4,168.8
2026-02-26,353200,65300.0,15.53,-20.5,26.7,-10.2
2026-02-27,353200,62600.0,15.43,-52.9,-9.4,64.4
2026-03-03,353200,58700.0,15.26,149.1,17.4,-163.6
2026-03-04,353200,49900.0,15.75,90.6,8.6,-101.2
2026-03-05,353200,59300.0,16.03,24.9,48.1,-77.1
2026-03-06,353200,66700.0,16.12,151.4,223.4,-376.6
2026-03-09,353200,60200.0,16.69,-113.3,49.7,60.0
2026-03-10,353200,64600.0,16.3,-82.8,166.8,-86.6
2026-03-11,353200,62500.0,16.05,-49.6,-31.7,80.4
2026-03-12,353200,63700.0,15.91,-6.6,31.1,-31.4
2026-03-13,353200,63300.0,15.92,-33.4,54.1,-25.9
2026-03-16,353200,67000.0,15.81,9.4,173.0,-175.2
2026-03-17,353200,67200.0,15.85,-181.0,72.3,103.8
2026-03-18,353200,74800.0,15.3,227.2,127.4,-352.3
2026-03-19,353200,77300.0,15.93,-72.8,118.3,-61.2
2026-03-20,353200,82800.0,15.75,247.4,22.4,-268.8
2026-03-23,353200,79200.0,16.41,-70.4,22.1,56.3
2026-03-24,353200,77600.0,16.17,-47.9,35.8,12.5
2026-03-25,353200,88600.0,16.06,108.3,232.9,-338.5
2026-03-26,353200,87700.0,16.31,-110.6,198.6,-101.2
2026-03-27,353200,85400.0,16.09,-132.8,48.0,84.2
2026-03-30,353200,82700.0,15.78,30.0,38.9,-58.9
2026-03-31,353200,76700.0,15.87,116.8,-94.1,-16.6
2026-04-01,353200,88000.0,16.17,-35.0,271.2,-231.5
2026-04-02,353200,80300.0,16.27,-43.6,-143.4,180.3
2026-04-03,353200,81200.0,16.27,-92.5,85.4,8.4
2026-04-06,353200,81000.0,16.05,-10.0,-43.6,73.3
2026-04-07,353200,82500.0,16.02,11.1,110.4,-52.4
2026-04-08,353200,88600.0,16.05,-76.8,234.5,-51.2
2026-04-09,353200,87400.0,15.86,6.4,-89.0,87.8
2026-04-10,353200,89900.0,15.87,-105.9,169.8,2.4
2026-04-13,353200,86000.0,15.64,-108.6,-141.9,247.0
2026-04-14,353200,88500.0,15.39,203.1,48.3,-84.5
2026-04-15,353200,87000.0,15.85,-46.1,-194.9,314.2
2026-04-16,353200,93300.0,15.75,281.1,132.8,-203.3
2026-04-17,353200,94300.0,16.38,-5.1,72.5,-3.7
2026-04-20,353200,93000.0,16.25,46.0,12.0,13.4
2026-04-21,353200,100300.0,16.34,251.4,2.8,-240.0
2026-04-22,353200,101200.0,16.86,-44.1,-85.5,126.9
2026-04-23,353200,98900.0,16.77,95.8,-168.1,71.7
2026-04-24,353200,115200.0,16.97,648.5,121.5,-763.4
2026-04-27,353200,108800.0,18.12,-214.5,-162.6,392.1
2026-04-28,353200,109300.0,17.72,-122.9,5.8,115.1
2026-04-29,353200,115400.0,17.48,-152.0,101.1,3.5
2026-04-30,353200,112800.0,17.2,-111.6,40.1,81.1
2026-05-04,353200,114400.0,17.02,19.7,35.1,-58.9
2026-05-06,353200,125400.0,17.14,347.0,-64.1,-271.8
2026-05-07,353200,120700.0,17.7,-108.9,-91.2,220.6
2026-05-08,353200,123200.0,17.53,22.4,58.0,-85.7
2026-05-11,353200,125800.0,17.48,-32.5,52.8,-34.3
2026-05-12,353200,128000.0,17.42,-50.6,50.9,50.5
2026-05-13,353200,142900.0,17.34,-124.7,401.4,-308.1
2026-05-14,353200,144600.0,17.17,43.2,-32.0,-16.8
2026-05-15,353200,135800.0,17.23,38.4,-74.7,32.4
2026-05-18,353200,140400.0,17.27,21.6,124.6,-112.6
2026-05-19,353200,134300.0,17.3,-13.4,-38.1,25.4
2026-05-20,353200,133000.0,17.28,-9.4,46.4,-32.0
2026-05-21,353200,146400.0,17.27,46.1,31.1,-42.7
2026-05-22,353200,151300.0,17.33,-74.3,126.5,-54.5
2026-05-26,353200,169200.0,17.23,-278.5,128.2,146.1
2026-05-27,353200,163500.0,16.91,-515.8,-109.4,632.6
2026-05-28,353200,164800.0,16.3,-104.1,62.4,34.8
2026-05-29,353200,190900.0,16.17,122.4,165.3,-295.8
2026-06-01,353200,177800.0,16.3,-622.4,-80.1,695.4
2026-06-02,353200,157500.0,15.6,332.8,-295.2,-69.2
2026-06-04,353200,159000.0,15.89,-122.1,-17.7,160.0
2026-06-05,353200,152400.0,15.78,146.4,-41.9,-103.8
2026-06-08,353200,139700.0,15.97,147.4,37.6,-202.0
2026-06-09,353200,152600.0,16.19,-328.6,89.9,236.3
2026-06-10,353200,148400.0,15.77,24.6,7.5,-10.6
2026-06-11,353200,156800.0,15.83,-304.6,114.1,178.2
2026-06-12,353200,165200.0,15.42,-772.2,1231.3,-459.1
2026-06-15,353200,167700.0,14.48,-233.9,6.9,162.9
2026-06-16,353200,169900.0,14.21,43.4,1.0,-0.9
2026-06-17,353200,174200.0,14.26,71.4,43.4,-135.7
2026-06-18,353200,167600.0,14.34,98.8,-252.4,174.8
2026-06-19,353200,156300.0,14.43,369.6,-322.0,-50.8
2026-06-22,353200,155000.0,14.91,159.4,-66.6,-84.5
2026-06-23,353200,140400.0,15.12,218.1,-62.4,-169.4
2026-06-24,353200,138100.0,15.39,183.6,-61.9,-128.5
2026-06-25,353200,133800.0,15.71,400.9,-326.2,-67.0
2026-06-26,353200,133200.0,16.27,123.2,-59.0,-60.1
2026-06-29,353200,132100.0,16.47,22.2,29.0,-0.1
2026-06-30,353200,153600.0,16.5,116.8,161.4,-284.0
2026-07-01,353200,154400.0,16.62,-345.9,192.2,168.7
2026-07-02,353200,131000.0,16.19,-6.4,-154.3,142.2
2026-07-03,353200,129600.0,16.17,533.0,-579.3,29.6
2026-07-06,353200,124000.0,17.03,317.6,-284.2,-33.9
2026-07-07,353200,116700.0,17.56,640.8,-450.1,-185.1
2026-07-08,353200,105700.0,18.66,441.6,-195.2,-241.4
2026-07-09,353200,112000.0,19.52,64.8,33.2,-101.2
2026-07-10,353200,120900.0,19.61,-1131.9,830.6,294.0
2026-07-13,353200,113800.0,17.69,-342.9,598.9,-255.2
2026-07-14,353200,117400.0,17.12,-584.0,612.2,-37.9
2026-07-15,353200,143200.0,16.09,-356.5,585.7,-262.5
2026-07-16,353200,138000.0,15.64,-654.0,579.6,69.1
2025-07-14,35320K,8300.0,0.69,0.0,,-0.0
2025-07-15,35320K,8370.0,0.69,0.1,,-0.1
2025-07-16,35320K,8540.0,0.72,-0.1,,0.1
2025-07-17,35320K,8570.0,0.69,-0.0,,0.0
2025-07-18,35320K,8570.0,0.69,0.1,,-0.1
2025-07-21,35320K,8580.0,0.73,-0.0,,0.0
2025-07-22,35320K,8590.0,0.72,-0.0,,0.0
2025-07-23,35320K,8560.0,0.7,-0.0,,0.0
2025-07-24,35320K,8540.0,0.68,-0.0,,0.0
2025-07-25,35320K,8470.0,0.68,-0.1,,0.1
2025-07-28,35320K,8530.0,0.62,0.0,,-0.0
2025-07-29,35320K,8480.0,0.64,-0.0,,-0.0
2025-07-30,35320K,8950.0,0.64,0.4,,-0.4
2025-07-31,35320K,8800.0,0.86,-0.0,,-0.1
2025-08-01,35320K,8550.0,0.84,-0.4,,0.4
2025-08-04,35320K,8580.0,0.64,0.0,,-0.0
2025-08-05,35320K,8800.0,0.64,0.1,,-0.1
2025-08-06,35320K,8800.0,0.68,-0.0,,0.0
2025-08-07,35320K,8640.0,0.67,-0.0,,0.0
2025-08-08,35320K,8820.0,0.66,-0.0,,0.0
2025-08-11,35320K,8800.0,0.66,-0.0,,0.0
2025-08-12,35320K,8760.0,0.65,-0.0,,-0.0
2025-08-13,35320K,8890.0,0.65,-0.0,,0.1
2025-08-14,35320K,8770.0,0.63,0.1,,-0.1
2025-08-18,35320K,8710.0,0.68,-0.0,,-0.0
2025-08-19,35320K,8700.0,0.68,-0.0,,0.1
2025-08-20,35320K,8500.0,0.68,0.0,,-0.0
2025-08-21,35320K,8630.0,0.68,0.0,0.3,-0.3
2025-08-22,35320K,8720.0,0.69,-0.0,0.4,-0.4
2025-08-25,35320K,8820.0,0.69,-0.0,,0.0
2025-08-26,35320K,8840.0,0.8,-0.0,0.2,-0.2
2025-08-27,35320K,8880.0,0.8,0.0,0.1,-0.1
2025-08-28,35320K,8860.0,0.8,-0.0,,0.0
2025-08-29,35320K,8890.0,0.81,-0.0,,0.0
2025-09-01,35320K,8800.0,0.8,0.0,,-0.0
2025-09-02,35320K,8860.0,0.8,-0.0,,0.0
2025-09-03,35320K,8820.0,0.8,-0.0,,0.0
2025-09-04,35320K,8830.0,0.79,-0.0,,0.0
2025-09-05,35320K,8870.0,0.79,-0.0,,0.0
2025-09-08,35320K,8880.0,0.78,0.0,,-0.0
2025-09-09,35320K,9100.0,0.79,0.0,0.1,-0.2
2025-09-10,35320K,9210.0,0.8,0.0,,-0.0
2025-09-11,35320K,9170.0,0.82,-0.1,,0.1
2025-09-12,35320K,9210.0,0.74,0.0,,-0.0
2025-09-15,35320K,9320.0,0.62,0.0,0.4,-0.4
2025-09-16,35320K,9350.0,0.64,-0.0,,0.0
2025-09-17,35320K,9340.0,0.63,-0.0,,0.0
2025-09-18,35320K,9390.0,0.62,0.0,,-0.0
2025-09-19,35320K,9370.0,0.62,-0.0,,0.0
2025-09-22,35320K,9450.0,0.62,0.2,-0.5,0.4
2025-09-23,35320K,9310.0,0.7,0.0,-1.0,0.9
2025-09-24,35320K,9610.0,0.72,0.0,,-0.3
2025-09-25,35320K,9590.0,0.73,-0.0,,0.0
2025-09-26,35320K,9350.0,0.73,-0.0,,0.0
2025-09-29,35320K,9500.0,0.65,-0.0,,0.0
2025-09-30,35320K,9640.0,0.64,0.0,,-0.0
2025-10-01,35320K,10020.0,0.65,0.0,,0.4
2025-10-02,35320K,10300.0,0.66,0.1,,-0.1
2025-10-10,35320K,11490.0,0.71,1.1,-0.0,-1.0
2025-10-13,35320K,11230.0,1.18,-0.1,,0.2
2025-10-14,35320K,10650.0,1.12,-0.2,,0.2
2025-10-15,35320K,10950.0,1.03,-0.0,,0.0
2025-10-16,35320K,11000.0,1.03,0.1,,-0.1
2025-10-17,35320K,10850.0,1.05,0.0,,0.0
2025-10-20,35320K,10940.0,1.06,-0.1,,0.1
2025-10-21,35320K,10550.0,1.01,0.1,,-0.1
2025-10-22,35320K,10390.0,1.06,0.1,,-0.1
2025-10-23,35320K,10890.0,1.12,0.4,,-0.4
2025-10-24,35320K,10980.0,1.3,-0.2,,0.2
2025-10-27,35320K,11220.0,1.22,-0.0,,0.0
2025-10-28,35320K,11110.0,1.21,-0.1,,0.0
2025-10-29,35320K,11400.0,1.18,0.0,,0.0
2025-10-30,35320K,11350.0,1.19,-0.1,,0.3
2025-10-31,35320K,11470.0,1.13,-0.0,0.1,-0.1
2025-11-03,35320K,11690.0,1.12,0.0,,-0.0
2025-11-04,35320K,11680.0,1.14,-0.3,,0.3
2025-11-05,35320K,12540.0,1.03,0.4,,-0.5
2025-11-06,35320K,12950.0,1.18,-0.1,0.0,0.1
2025-11-07,35320K,12420.0,1.16,-0.2,,0.2
2025-11-10,35320K,13280.0,1.08,0.3,,-0.2
2025-11-11,35320K,13550.0,1.19,-0.0,0.0,-0.0
2025-11-12,35320K,14240.0,1.19,-0.3,0.0,0.3
2025-11-13,35320K,13950.0,1.09,-0.5,-0.0,0.5
2025-11-14,35320K,13450.0,0.94,-0.4,0.0,0.4
2025-11-17,35320K,14420.0,0.78,0.7,,-0.7
2025-11-18,35320K,14600.0,1.01,-1.1,0.0,1.1
2025-11-19,35320K,16770.0,0.64,1.5,0.0,-1.5
2025-11-20,35320K,17040.0,1.09,-0.2,0.0,0.2
2025-11-21,35320K,15630.0,1.06,0.6,0.0,-0.7
2025-11-24,35320K,15660.0,1.24,-0.5,-0.0,0.6
2025-11-25,35320K,16900.0,1.08,-0.4,0.0,0.2
2025-11-26,35320K,16520.0,0.99,-0.6,-0.0,0.5
2025-11-27,35320K,16330.0,0.81,-0.3,,0.3
2025-11-28,35320K,15700.0,0.72,0.2,0.0,-0.2
2025-12-01,35320K,15240.0,0.78,0.3,-0.0,-0.9
2025-12-02,35320K,15150.0,0.87,0.0,,-0.0
2025-12-03,35320K,15550.0,0.87,0.5,,-0.4
2025-12-04,35320K,14650.0,1.02,-0.5,0.0,0.3
2025-12-05,35320K,14990.0,0.86,0.6,0.0,-0.6
2025-12-08,35320K,14950.0,1.07,0.0,0.0,0.0
2025-12-09,35320K,15260.0,1.08,0.0,0.0,-0.1
2025-12-10,35320K,15270.0,1.09,-0.1,0.0,0.1
2025-12-11,35320K,14910.0,1.06,-0.3,,0.3
2025-12-12,35320K,14730.0,0.98,0.2,,-0.2
2025-12-15,35320K,14500.0,1.03,-0.0,0.0,0.0
2025-12-16,35320K,14610.0,1.02,0.2,0.0,-0.2
2025-12-17,35320K,14870.0,1.51,0.2,-0.0,-0.3
2025-12-18,35320K,15000.0,1.59,0.6,-0.0,-0.6
2025-12-19,35320K,14870.0,1.78,-0.0,0.0,-0.0
2025-12-22,35320K,15060.0,1.78,0.6,0.0,-0.6
2025-12-23,35320K,14750.0,1.97,-0.1,,0.1
2025-12-24,35320K,14600.0,1.95,-0.0,,0.0
2025-12-26,35320K,14510.0,2.08,-0.0,0.0,0.1
2025-12-29,35320K,14650.0,2.07,0.0,,-0.0
2025-12-30,35320K,14640.0,2.08,-0.3,0.0,0.3
2026-01-02,35320K,14750.0,1.99,0.2,0.1,-0.3
2026-01-05,35320K,14650.0,2.07,-0.1,0.0,0.1
2026-01-06,35320K,13940.0,2.4,-0.8,0.0,0.8
2026-01-07,35320K,13460.0,2.15,-0.5,,0.5
2026-01-08,35320K,13090.0,1.97,0.2,0.0,-0.3
2026-01-09,35320K,12790.0,2.05,0.0,,-0.0
2026-01-12,35320K,13000.0,2.06,0.5,0.1,-0.4
2026-01-13,35320K,13480.0,2.23,0.8,-0.0,-0.8
2026-01-14,35320K,13630.0,2.54,0.9,0.0,-0.9
2026-01-15,35320K,14840.0,2.85,1.1,-0.0,-1.1
2026-01-16,35320K,15130.0,3.21,0.7,-0.0,-0.6
2026-01-19,35320K,15050.0,3.44,1.1,0.0,-1.1
2026-01-20,35320K,14670.0,3.78,-0.4,-0.0,0.3
2026-01-21,35320K,14680.0,3.67,0.8,-0.0,-0.8
2026-01-22,35320K,14950.0,3.94,0.5,-0.0,-0.5
2026-01-23,35320K,15040.0,4.11,1.0,-0.0,-1.0
2026-01-26,35320K,15250.0,4.42,0.7,-0.0,-0.6
2026-01-27,35320K,15160.0,4.5,-0.1,0.0,0.1
2026-01-28,35320K,15810.0,4.47,-0.1,-0.0,0.3
2026-01-29,35320K,15830.0,4.43,0.3,,-0.5
2026-01-30,35320K,17300.0,4.52,0.7,-0.0,-1.1
2026-02-02,35320K,16700.0,4.84,-0.2,0.0,0.2
2026-02-03,35320K,17510.0,4.8,1.9,,-1.9
2026-02-04,35320K,16830.0,5.31,0.2,0.0,-0.2
2026-02-05,35320K,16050.0,5.38,0.8,0.0,-1.1
2026-02-06,35320K,16050.0,5.6,0.8,0.0,-0.8
2026-02-09,35320K,16640.0,5.83,1.1,,-1.2
2026-02-10,35320K,16250.0,6.16,-0.4,0.0,0.4
2026-02-11,35320K,16160.0,6.03,0.8,0.0,-0.8
2026-02-12,35320K,16400.0,6.26,0.1,,-0.1
2026-02-13,35320K,16360.0,6.28,0.3,0.0,-0.3
2026-02-19,35320K,16640.0,6.37,0.7,0.0,-0.7
2026-02-20,35320K,16720.0,6.57,0.2,,0.4
2026-02-23,35320K,16680.0,6.63,0.3,0.0,-0.3
2026-02-24,35320K,17470.0,6.27,1.3,-0.0,-1.3
2026-02-25,35320K,17490.0,6.64,1.1,-0.0,-1.3
2026-02-26,35320K,17970.0,6.94,1.7,0.0,-1.4
2026-02-27,35320K,17700.0,7.4,1.3,0.0,-1.3
2026-03-03,35320K,16970.0,7.75,1.3,0.0,-1.3
2026-03-04,35320K,14100.0,8.12,-0.1,,0.1
2026-03-05,35320K,15560.0,8.1,0.6,0.0,-0.5
2026-03-06,35320K,16550.0,8.27,0.4,,-0.4
2026-03-09,35320K,15740.0,8.38,-0.2,0.0,0.2
2026-03-10,35320K,16480.0,8.32,0.2,0.0,-0.4
2026-03-11,35320K,16210.0,8.52,0.0,-0.0,-0.0
2026-03-12,35320K,16290.0,8.54,0.2,,-0.2
2026-03-13,35320K,16260.0,8.58,-0.0,0.0,0.0
2026-03-16,35320K,16800.0,8.58,0.1,-0.0,-0.1
2026-03-17,35320K,17270.0,8.61,-0.2,0.0,0.2
2026-03-18,35320K,18260.0,8.55,0.1,-0.0,-0.2
2026-03-19,35320K,18570.0,8.59,-0.3,0.0,0.3
2026-03-20,35320K,19560.0,8.52,0.8,0.2,-0.8
2026-03-23,35320K,18520.0,8.59,0.2,0.0,-0.2
2026-03-24,35320K,18730.0,8.64,0.5,0.0,-0.7
2026-03-25,35320K,19960.0,8.77,1.7,-0.0,-1.8
2026-03-26,35320K,19650.0,9.19,-0.5,0.0,0.5
2026-03-27,35320K,19010.0,9.08,-0.0,0.0,0.1
2026-03-30,35320K,18150.0,9.08,-0.4,-0.0,0.3
2026-03-31,35320K,16600.0,8.43,-0.5,0.0,0.7
2026-04-01,35320K,19180.0,8.28,3.4,0.0,-3.4
2026-04-02,35320K,18040.0,9.16,-0.1,0.0,0.2
2026-04-03,35320K,18320.0,9.12,-0.2,0.0,0.2
2026-04-06,35320K,18300.0,9.06,-0.2,0.0,0.2
2026-04-07,35320K,18590.0,9.01,-0.2,-0.0,0.2
2026-04-08,35320K,19280.0,8.95,-0.4,0.0,0.3
2026-04-09,35320K,19090.0,8.86,-0.0,0.0,0.0
2026-04-10,35320K,19560.0,8.86,-0.6,0.2,0.4
2026-04-13,35320K,19180.0,8.71,-0.2,0.0,0.2
2026-04-14,35320K,19580.0,8.66,-0.2,0.0,0.2
2026-04-15,35320K,19580.0,8.62,-0.1,,0.1
2026-04-16,35320K,20100.0,8.59,0.6,0.0,-0.7
2026-04-17,35320K,20150.0,8.72,0.2,-0.0,-0.2
2026-04-20,35320K,20400.0,8.78,0.1,-0.0,-0.1
2026-04-21,35320K,22850.0,8.8,0.6,0.1,-1.4
2026-04-22,35320K,23100.0,8.93,-0.4,0.0,0.4
2026-04-23,35320K,22700.0,8.85,-0.0,0.0,0.6
2026-04-24,35320K,25250.0,8.85,0.5,,-1.0
2026-04-27,35320K,24750.0,8.95,-1.3,0.0,1.4
2026-04-28,35320K,25000.0,8.7,0.3,-0.0,-0.3
2026-04-29,35320K,25650.0,8.75,0.1,0.0,-0.0
2026-04-30,35320K,25250.0,8.77,-0.4,-0.0,0.5
2026-05-04,35320K,26250.0,8.69,-0.7,0.0,0.3
2026-05-06,35320K,32700.0,8.57,-0.7,0.0,0.0
2026-05-07,35320K,31850.0,8.49,-1.7,-0.0,1.4
2026-05-08,35320K,33350.0,8.24,-1.9,2.3,0.4
2026-05-11,35320K,34700.0,7.96,-0.9,2.4,-0.7
2026-05-12,35320K,38500.0,7.84,-2.8,2.6,-1.0
2026-05-13,35320K,45300.0,7.48,-14.8,12.4,5.0
2026-05-14,35320K,43950.0,5.95,-9.0,-0.0,8.9
2026-05-15,35320K,39900.0,5.05,-1.2,0.0,0.4
2026-05-18,35320K,42550.0,4.99,-4.8,-0.0,4.8
2026-05-19,35320K,39700.0,4.5,-1.2,0.0,1.5
2026-05-20,35320K,37950.0,4.36,3.6,-0.0,-3.7
2026-05-21,35320K,39500.0,5.52,-2.7,-0.0,3.0
2026-05-22,35320K,40600.0,5.2,-1.1,-0.0,1.4
2026-05-26,35320K,43100.0,5.06,-3.3,-0.0,3.1
2026-05-27,35320K,39900.0,4.69,-3.5,-2.3,6.1
2026-05-28,35320K,36900.0,4.29,4.9,-6.4,1.1
2026-05-29,35320K,39200.0,4.96,8.6,-5.9,-3.3
2026-06-01,35320K,38900.0,6.03,-2.6,-0.0,2.9
2026-06-02,35320K,35850.0,5.71,1.6,-0.0,-1.6
2026-06-04,35320K,36450.0,5.93,0.1,,-0.2
2026-06-05,35320K,34100.0,5.95,2.3,0.0,-2.2
2026-06-08,35320K,30850.0,6.09,2.9,-0.0,-2.8
2026-06-09,35320K,33050.0,6.73,1.5,-0.0,-1.5
2026-06-10,35320K,31450.0,6.95,1.1,0.0,-1.1
2026-06-11,35320K,33650.0,7.11,2.1,-0.0,-2.2
2026-06-12,35320K,34600.0,7.42,0.6,0.0,-0.6
2026-06-15,35320K,36100.0,7.5,0.3,0.7,-1.2
2026-06-16,35320K,36900.0,7.54,-0.1,0.0,0.1
2026-06-17,35320K,37300.0,7.53,1.1,-0.0,-1.0
2026-06-18,35320K,36300.0,7.67,1.2,-0.0,-1.3
2026-06-19,35320K,34900.0,7.83,1.6,-0.0,-1.5
2026-06-22,35320K,37500.0,8.04,0.0,-0.0,0.0
2026-06-23,35320K,33600.0,8.05,-1.4,0.0,1.6
2026-06-24,35320K,32300.0,7.85,-0.6,-0.0,0.6
2026-06-25,35320K,29850.0,7.76,0.1,0.0,0.1
2026-06-26,35320K,28550.0,7.77,-0.1,-0.0,0.1
2026-06-29,35320K,28150.0,7.75,-0.0,-0.0,0.0
2026-06-30,35320K,31050.0,7.75,-0.4,0.0,0.4
2026-07-01,35320K,31650.0,7.69,-0.7,0.1,0.6
2026-07-02,35320K,27850.0,7.58,-0.2,0.0,0.0
2026-07-03,35320K,27550.0,7.55,-0.1,0.0,0.1
2026-07-06,35320K,26050.0,7.54,0.6,-0.0,-0.7
2026-07-07,35320K,24650.0,7.65,0.5,-0.0,-0.5
2026-07-08,35320K,22900.0,7.75,0.7,0.0,-0.7
2026-07-09,35320K,23100.0,7.89,0.4,-0.0,-0.4
2026-07-10,35320K,23850.0,7.97,-0.2,-0.0,0.2
2026-07-13,35320K,22600.0,7.94,0.0,-0.0,-0.0
2026-07-14,35320K,22450.0,7.95,0.4,-0.0,-0.3
2026-07-15,35320K,26100.0,7.98,-0.1,0.4,-0.3
2026-07-16,35320K,24950.0,7.92,-0.6,-0.0,0.6
2025-07-14,353590,3470.0,0.69,0.0,0.0,-0.0
2025-07-15,353590,3435.0,0.7,-0.0,,0.0
2025-07-16,353590,3395.0,0.69,-0.0,,-0.1
2025-07-17,353590,3395.0,0.68,-0.0,-0.0,0.1
2025-07-18,353590,3470.0,0.68,0.1,0.0,0.0
2025-07-21,353590,3425.0,0.69,0.0,0.0,-0.1
2025-07-22,353590,3410.0,0.7,-0.0,0.0,0.0
2025-07-23,353590,3390.0,0.69,-0.0,,0.0
2025-07-24,353590,3375.0,0.68,-0.0,-0.0,0.0
2025-07-25,353590,3400.0,0.68,-0.1,,0.1
2025-07-28,353590,3375.0,0.65,-0.0,0.0,0.0
2025-07-29,353590,3390.0,0.64,-0.0,0.0,0.0
2025-07-30,353590,3390.0,0.64,-0.0,0.0,0.0
2025-07-31,353590,3390.0,0.64,-0.0,0.0,0.0
2025-08-01,353590,3330.0,0.64,0.1,0.0,-0.1
2025-08-04,353590,3290.0,0.65,-0.0,0.0,0.0
2025-08-05,353590,3285.0,0.64,0.0,0.0,-0.1
2025-08-06,353590,3285.0,0.65,-0.0,0.0,0.0
2025-08-07,353590,3250.0,0.65,-0.0,0.0,-0.0
2025-08-08,353590,3050.0,0.64,0.1,0.0,-0.1
2025-08-11,353590,3010.0,0.66,-0.0,0.0,0.0
2025-08-12,353590,3110.0,0.65,0.1,0.0,-0.1
2025-08-13,353590,3010.0,0.67,-0.0,0.0,0.0
2025-08-14,353590,3095.0,0.66,0.1,0.0,-0.1
2025-08-18,353590,3115.0,0.69,0.4,0.0,-0.6
2025-08-19,353590,3085.0,0.79,-0.1,0.0,0.2
2025-08-20,353590,3140.0,0.75,0.0,0.0,-0.0
2025-08-21,353590,3180.0,0.76,0.0,-0.0,-0.0
2025-08-22,353590,3205.0,0.77,0.1,0.0,-0.1
2025-08-25,353590,3165.0,0.79,-0.0,0.0,0.0
2025-08-26,353590,3170.0,0.8,-0.1,0.0,0.1
2025-08-27,353590,3140.0,0.78,-0.0,0.0,0.0
2025-08-28,353590,3180.0,0.77,0.0,0.0,-0.0
2025-08-29,353590,3090.0,0.77,-0.0,,0.0
2025-09-01,353590,3065.0,0.77,-0.0,,0.0
2025-09-02,353590,3170.0,0.75,0.0,0.0,0.0
2025-09-03,353590,3100.0,0.77,0.0,0.0,-0.0
2025-09-04,353590,3100.0,0.77,0.0,0.0,-0.1
2025-09-05,353590,3110.0,0.79,-0.1,0.0,0.1
2025-09-08,353590,3005.0,0.77,-0.1,0.0,0.1
2025-09-09,353590,3020.0,0.73,-0.0,,0.0
2025-09-10,353590,3000.0,0.72,0.0,0.0,-0.0
2025-09-11,353590,3005.0,0.73,0.0,0.0,-0.1
2025-09-12,353590,3030.0,0.73,0.1,,-0.1
2025-09-15,353590,3010.0,0.76,0.0,0.0,0.0
2025-09-16,353590,3035.0,0.75,0.0,,-0.0
2025-09-17,353590,3100.0,0.75,0.0,0.0,-0.0
2025-09-18,353590,3115.0,0.75,0.0,0.0,0.0
2025-09-19,353590,3075.0,0.76,0.0,0.0,-0.0
2025-09-22,353590,3040.0,0.76,-0.0,0.0,0.0
2025-09-23,353590,3005.0,0.76,0.0,0.0,-0.1
2025-09-24,353590,3005.0,0.77,-0.0,0.0,0.0
2025-09-25,353590,3015.0,0.76,0.0,0.0,-0.0
2025-09-26,353590,2995.0,0.77,-0.0,0.0,-0.0
2025-09-29,353590,2990.0,0.76,0.0,0.0,-0.0
2025-09-30,353590,2965.0,0.77,-0.0,0.0,-0.0
2025-10-01,353590,3005.0,0.76,-0.1,0.0,0.1
2025-10-02,353590,3000.0,0.74,-0.1,0.0,0.1
2025-10-10,353590,2940.0,0.72,-0.1,0.0,0.1
2025-10-13,353590,2885.0,0.7,-0.0,0.0,0.0
2025-10-14,353590,2860.0,0.7,-0.0,0.0,0.0
2025-10-15,353590,2860.0,0.69,0.0,0.0,-0.0
2025-10-16,353590,2945.0,0.69,0.0,-0.0,-0.0
2025-10-17,353590,2900.0,0.7,-0.1,0.0,0.1
2025-10-20,353590,2900.0,0.69,0.0,0.0,-0.0
2025-10-21,353590,2865.0,0.69,-0.1,0.0,0.1
2025-10-22,353590,2850.0,0.67,-0.0,0.0,0.0
2025-10-23,353590,2810.0,0.66,-0.0,0.0,0.0
2025-10-24,353590,2795.0,0.66,-0.0,0.0,0.0
2025-10-27,353590,2800.0,0.66,-0.0,-0.0,0.0
2025-10-28,353590,2835.0,0.65,0.0,0.0,0.0
2025-10-29,353590,2755.0,0.65,0.0,0.0,-0.0
2025-10-30,353590,2765.0,0.65,-0.0,0.0,0.0
2025-10-31,353590,3590.0,0.64,0.1,-0.0,1.3
2025-11-03,353590,3800.0,0.66,-1.1,0.0,1.4
2025-11-04,353590,3440.0,0.44,0.1,0.0,-0.0
2025-11-05,353590,3300.0,0.47,0.1,-0.0,-0.0
2025-11-06,353590,3390.0,1.27,0.3,0.0,-0.3
2025-11-07,353590,3130.0,1.33,-0.8,0.0,0.8
2025-11-10,353590,3275.0,1.13,0.7,-0.4,-0.3
2025-11-11,353590,3355.0,1.3,0.3,0.0,-0.1
2025-11-12,353590,3250.0,1.37,-0.3,-0.0,0.3
2025-11-13,353590,3180.0,1.29,0.2,0.0,-0.2
2025-11-14,353590,3035.0,1.33,0.3,0.0,-0.3
2025-11-17,353590,3390.0,1.4,-3.4,0.0,10.0
2025-11-18,353590,3340.0,0.8,2.6,-0.0,-2.6
2025-11-19,353590,3190.0,1.42,0.6,-0.0,-0.6
2025-11-20,353590,3170.0,1.63,-0.0,0.0,0.0
2025-11-21,353590,3050.0,1.66,-0.6,0.0,0.8
2025-11-24,353590,2985.0,1.49,-0.2,-0.0,0.1
2025-11-25,353590,2910.0,1.69,0.3,0.0,-0.4
2025-11-26,353590,2920.0,1.78,0.4,0.0,-0.3
2025-11-27,353590,2950.0,1.87,0.1,0.0,-0.1
2025-11-28,353590,3005.0,1.91,0.0,,0.1
2025-12-01,353590,3035.0,1.92,-0.0,0.0,0.0
2025-12-02,353590,3220.0,1.91,-1.3,-0.0,1.2
2025-12-03,353590,3205.0,1.68,0.5,-0.0,-0.4
2025-12-04,353590,3380.0,1.8,-1.1,0.0,1.1
2025-12-05,353590,3430.0,1.58,-2.1,0.0,2.0
2025-12-08,353590,3635.0,1.13,0.1,0.1,-0.2
2025-12-09,353590,3450.0,1.14,-0.8,-0.1,0.9
2025-12-10,353590,3380.0,0.96,-0.1,0.0,0.0
2025-12-11,353590,3415.0,0.94,1.0,,-1.0
2025-12-12,353590,3465.0,1.16,0.0,-0.0,0.0
2025-12-15,353590,3435.0,1.16,-0.1,0.0,0.1
2025-12-16,353590,3395.0,1.14,0.5,0.0,-0.5
2025-12-17,353590,3355.0,1.25,0.6,0.0,-0.5
2025-12-18,353590,3295.0,1.38,0.4,0.0,-0.4
2025-12-19,353590,3340.0,1.47,0.8,-0.0,-0.7
2025-12-22,353590,3400.0,1.66,0.3,0.0,-0.3
2025-12-23,353590,3270.0,1.74,-0.7,0.0,0.6
2025-12-24,353590,3365.0,1.58,-0.2,-0.0,0.2
2025-12-26,353590,3630.0,1.54,2.7,0.0,-2.6
2025-12-29,353590,3610.0,2.14,-0.8,-0.0,0.8
2025-12-30,353590,3635.0,1.96,-1.0,0.0,0.9
2026-01-02,353590,3560.0,1.74,-1.4,0.0,1.5
2026-01-05,353590,3485.0,1.43,0.3,0.0,-0.3
2026-01-06,353590,3560.0,1.49,-0.5,0.0,0.5
2026-01-07,353590,4010.0,1.4,1.8,-0.0,-1.8
2026-01-08,353590,3880.0,1.76,-0.4,-1.6,2.0
2026-01-09,353590,3845.0,1.7,-0.7,0.0,0.7
2026-01-12,353590,3750.0,1.72,-0.7,0.0,0.7
2026-01-13,353590,3805.0,1.65,3.1,0.0,-2.0
2026-01-14,353590,3640.0,2.16,-1.2,0.0,1.3
2026-01-15,353590,3525.0,1.9,-0.1,0.0,0.1
2026-01-16,353590,3560.0,1.88,-0.6,0.0,0.5
2026-01-19,353590,3750.0,1.6,3.5,0.0,-3.5
2026-01-20,353590,3610.0,2.34,1.0,0.0,-1.0
2026-01-21,353590,3725.0,2.56,-1.2,0.2,1.1
2026-01-22,353590,3850.0,2.3,1.4,0.0,-1.8
2026-01-23,353590,3755.0,2.57,-0.7,0.0,0.7
2026-01-26,353590,3660.0,2.43,-1.0,0.0,0.9
2026-01-27,353590,3595.0,2.22,-0.0,-0.1,0.1
2026-01-28,353590,3540.0,2.22,-0.1,-0.1,0.1
2026-01-29,353590,3560.0,2.2,0.2,0.0,0.2
2026-01-30,353590,3470.0,2.25,-0.9,0.0,0.9
2026-02-02,353590,3295.0,2.05,0.1,-0.0,-0.1
2026-02-03,353590,3440.0,2.07,-0.0,0.0,0.0
2026-02-04,353590,3410.0,2.07,0.4,0.0,-0.4
2026-02-05,353590,3290.0,2.16,-0.5,0.0,0.5
2026-02-06,353590,3225.0,2.05,-0.4,0.0,0.4
2026-02-09,353590,3360.0,1.95,0.0,-0.0,-0.0
2026-02-10,353590,3310.0,1.96,0.1,0.0,-0.1
2026-02-11,353590,3355.0,1.99,0.2,-0.0,-0.2
2026-02-12,353590,3305.0,2.03,-0.0,0.0,0.0
2026-02-13,353590,3185.0,2.02,0.0,0.0,-0.0
2026-02-19,353590,3295.0,2.03,-0.3,0.0,0.3
2026-02-20,353590,3175.0,1.96,0.1,0.0,0.0
2026-02-23,353590,3070.0,1.99,0.4,0.0,-0.1
2026-02-24,353590,3070.0,2.08,0.0,0.0,-0.0
2026-02-25,353590,3160.0,2.09,0.2,0.0,-0.2
2026-02-26,353590,3045.0,2.13,-0.3,0.0,0.3
2026-02-27,353590,3040.0,2.05,-0.1,0.0,0.1
2026-03-03,353590,2880.0,2.05,0.1,0.0,-0.1
2026-03-04,353590,2500.0,2.06,0.6,0.0,-0.6
2026-03-05,353590,2770.0,2.24,0.2,-0.0,-0.2
2026-03-06,353590,2880.0,2.29,0.2,0.0,-0.2
2026-03-09,353590,2630.0,2.36,-0.2,-0.0,0.3
2026-03-10,353590,2765.0,2.29,0.1,0.0,-0.1
2026-03-11,353590,2830.0,2.31,0.0,0.0,-0.0
2026-03-12,353590,2840.0,2.3,0.0,0.0,-0.0
2026-03-13,353590,2875.0,2.31,-0.0,,0.0
2026-03-16,353590,2830.0,2.31,-0.1,,0.1
2026-03-17,353590,2860.0,2.28,-0.1,0.0,0.1
2026-03-18,353590,2860.0,2.06,0.1,0.0,-0.1
2026-03-19,353590,2800.0,1.98,0.1,,-0.1
2026-03-20,353590,2800.0,2.14,0.2,-0.0,-0.2
2026-03-23,353590,2655.0,2.19,0.1,0.0,-0.1
2026-03-24,353590,2700.0,2.22,0.1,-0.0,-0.1
2026-03-25,353590,2835.0,2.33,0.1,0.0,-0.1
2026-03-26,353590,2810.0,2.38,0.1,0.0,-0.1
2026-03-27,353590,2850.0,2.42,0.0,,-0.0
2026-03-30,353590,2705.0,2.44,-0.0,0.0,0.0
2026-03-31,353590,2710.0,2.43,-0.0,0.0,0.0
2026-04-01,353590,2805.0,2.42,0.0,0.0,-0.0
2026-04-02,353590,2705.0,2.43,-0.0,-0.0,0.0
2026-04-03,353590,2770.0,2.35,-0.0,,0.0
2026-04-06,353590,2675.0,2.31,-0.1,0.0,0.1
2026-04-07,353590,2670.0,2.29,0.0,0.0,-0.0
2026-04-08,353590,2720.0,2.3,0.0,0.0,-0.0
2026-04-09,353590,2740.0,2.31,0.0,0.0,-0.1
2026-04-10,353590,2755.0,2.31,0.1,0.0,-0.1
2026-04-13,353590,2780.0,2.35,0.0,0.0,-0.0
2026-04-14,353590,2805.0,2.36,0.1,0.0,-0.1
2026-04-15,353590,2870.0,2.39,0.2,,-0.2
2026-04-16,353590,3010.0,2.45,0.2,0.6,-0.8
2026-04-17,353590,3020.0,2.49,0.0,0.0,-0.0
2026-04-20,353590,2940.0,2.5,0.0,,-0.0
2026-04-21,353590,3060.0,2.5,-0.0,,0.0
2026-04-22,353590,3060.0,2.5,-0.0,-0.0,0.0
2026-04-23,353590,2985.0,2.48,0.0,,-0.0
2026-04-24,353590,3065.0,2.49,0.1,0.0,-0.1
2026-04-27,353590,3085.0,2.52,0.0,-0.0,0.0
2026-04-28,353590,3100.0,2.52,0.0,0.0,-0.1
2026-04-29,353590,3050.0,2.53,0.0,0.0,-0.0
2026-04-30,353590,2995.0,2.54,-0.0,0.0,0.0
2026-05-04,353590,3000.0,2.53,0.1,0.0,-0.1
2026-05-06,353590,2990.0,2.55,0.0,-0.0,-0.0
2026-05-07,353590,3005.0,2.56,0.0,0.0,-0.0
2026-05-08,353590,3160.0,2.56,0.4,0.0,-0.4
2026-05-11,353590,3050.0,2.65,0.0,0.0,-0.0
2026-05-12,353590,2940.0,2.66,-0.0,0.0,0.0
2026-05-13,353590,2935.0,2.66,-0.3,0.0,0.3
2026-05-14,353590,2830.0,2.58,-0.0,-0.0,0.0
2026-05-15,353590,2665.0,2.57,-0.1,-0.0,0.1
2026-05-18,353590,2630.0,2.55,0.1,0.0,-0.1
2026-05-19,353590,2565.0,2.65,0.0,-0.0,-0.1
2026-05-20,353590,2540.0,2.67,-0.1,-0.0,0.1
2026-05-21,353590,2520.0,2.2,-0.0,-0.0,0.0
2026-05-22,353590,2600.0,2.19,0.1,0.0,-0.1
2026-05-26,353590,2520.0,2.22,-0.2,0.0,0.2
2026-05-27,353590,2430.0,2.16,-0.3,-0.0,0.4
2026-05-28,353590,2420.0,2.06,-0.1,-0.0,0.1
2026-05-29,353590,2350.0,2.03,-0.1,0.0,0.0
2026-06-01,353590,2160.0,2.01,-0.0,0.0,0.0
2026-06-02,353590,2145.0,2.0,0.0,-0.0,-0.0
2026-06-04,353590,2105.0,2.01,-0.0,0.0,0.0
2026-06-05,353590,2045.0,2.55,0.1,0.0,-0.1
2026-06-08,353590,1947.0,2.58,-0.0,0.0,0.0
2026-06-09,353590,2055.0,2.56,-0.2,0.0,0.2
2026-06-10,353590,1935.0,2.49,0.0,0.0,-0.0
2026-06-11,353590,1955.0,2.46,0.0,-0.0,-0.1
2026-06-12,353590,2020.0,2.48,0.0,-0.0,-0.0
2026-06-15,353590,2130.0,2.49,-0.0,0.0,0.0
2026-06-16,353590,2050.0,2.48,-0.1,0.0,0.1
2026-06-17,353590,2040.0,2.46,0.0,-0.1,0.0
2026-06-18,353590,1981.0,2.46,-0.1,-0.0,0.1
2026-06-19,353590,1963.0,2.44,-0.1,0.0,0.1
2026-06-22,353590,1926.0,2.41,-0.0,0.0,0.0
2026-06-23,353590,1863.0,2.4,-0.0,0.0,0.0
2026-06-24,353590,1754.0,2.39,0.0,0.0,-0.0
2026-06-25,353590,1683.0,2.4,0.1,-0.0,-0.1
2026-06-26,353590,1697.0,2.43,-0.0,0.0,0.0
2026-06-29,353590,1733.0,2.43,0.0,-0.0,-0.0
2026-06-30,353590,1653.0,2.43,-0.0,0.0,0.0
2026-07-01,353590,1700.0,2.41,0.0,0.0,-0.0
2026-07-02,353590,1605.0,2.43,-0.0,0.0,0.0
2026-07-03,353590,1600.0,2.42,0.0,-0.0,-0.1
2026-07-06,353590,1601.0,2.44,-0.0,0.0,0.0
2026-07-07,353590,1550.0,2.43,-0.0,-0.0,0.0
2026-07-08,353590,1556.0,2.43,0.0,0.0,-0.0
2026-07-09,353590,1554.0,2.44,-0.1,0.0,0.1
2026-07-10,353590,1598.0,2.39,0.0,,-0.0
2026-07-13,353590,1564.0,2.41,-0.0,0.0,0.0
2026-07-14,353590,1545.0,2.41,-0.0,-0.0,0.0
2026-07-15,353590,1553.0,1.86,0.0,0.0,-0.0
2026-07-16,353590,1594.0,1.86,0.0,-0.0,-0.0
2025-07-14,353810,5440.0,5.05,0.2,-0.1,-0.0
2025-07-15,353810,5370.0,5.15,-0.5,0.0,0.4
2025-07-16,353810,5240.0,5.12,-2.2,0.2,2.0
2025-07-17,353810,5350.0,5.0,-0.1,0.1,0.0
2025-07-18,353810,5360.0,4.98,-1.4,0.2,1.1
2025-07-21,353810,5380.0,4.89,0.0,0.3,-0.4
2025-07-22,353810,5780.0,4.89,8.9,1.0,-9.7
2025-07-23,353810,5800.0,5.37,-3.1,-0.3,2.1
2025-07-24,353810,5760.0,5.21,0.6,0.1,-0.7
2025-07-25,353810,5630.0,5.24,-1.0,0.1,0.9
2025-07-28,353810,5530.0,5.18,1.5,-0.1,-1.8
2025-07-29,353810,5630.0,5.27,0.1,-0.1,0.4
2025-07-30,353810,6300.0,5.27,-22.4,-6.9,29.8
2025-07-31,353810,5640.0,4.32,-18.0,0.5,15.5
2025-08-01,353810,5250.0,3.38,-0.2,-2.9,4.6
2025-08-04,353810,5460.0,3.38,10.2,3.8,-14.3
2025-08-05,353810,5700.0,3.94,-2.1,4.3,-2.1
2025-08-06,353810,5680.0,3.83,2.7,0.0,-2.6
2025-08-07,353810,5590.0,3.97,2.6,-0.3,-2.3
2025-08-08,353810,5470.0,4.11,-3.1,2.5,0.5
2025-08-11,353810,5700.0,3.94,1.0,3.1,-4.1
2025-08-12,353810,5640.0,4.0,-0.4,-0.0,0.4
2025-08-13,353810,5530.0,3.98,0.0,1.1,-1.1
2025-08-14,353810,5500.0,3.98,-3.0,1.1,1.9
2025-08-18,353810,5540.0,3.81,-9.8,-0.2,9.8
2025-08-19,353810,5790.0,3.31,4.0,0.2,-4.3
2025-08-20,353810,5680.0,3.51,3.8,-0.0,-2.0
2025-08-21,353810,5610.0,3.71,-0.3,0.7,-0.2
2025-08-22,353810,5680.0,3.7,-0.6,0.7,-0.1
2025-08-25,353810,5690.0,3.67,-0.9,0.2,0.6
2025-08-26,353810,5690.0,3.64,0.3,0.8,-1.1
2025-08-27,353810,5610.0,3.65,-0.5,0.8,-0.3
2025-08-28,353810,5600.0,3.63,-0.5,1.0,-0.5
2025-08-29,353810,5540.0,3.6,-0.5,2.1,-1.7
2025-09-01,353810,5410.0,3.59,-0.4,1.3,-0.9
2025-09-02,353810,5460.0,3.57,-0.2,-0.1,0.3
2025-09-03,353810,5440.0,3.57,-0.7,0.7,0.0
2025-09-04,353810,5520.0,3.53,-0.9,1.3,-0.4
2025-09-05,353810,5540.0,3.48,0.8,-0.0,-0.8
2025-09-08,353810,5820.0,3.52,2.6,2.2,-4.8
2025-09-09,353810,5880.0,3.66,-1.1,2.4,-1.4
2025-09-10,353810,5820.0,3.72,-0.6,0.2,0.4
2025-09-11,353810,5800.0,3.69,-1.9,1.3,0.6
2025-09-12,353810,6020.0,3.59,2.9,4.1,-7.0
2025-09-15,353810,6030.0,3.74,-3.3,1.4,1.9
2025-09-16,353810,6110.0,3.58,-1.4,5.0,-3.6
2025-09-17,353810,6040.0,3.51,-1.8,1.6,0.2
2025-09-18,353810,6090.0,3.42,1.6,0.8,-2.4
2025-09-19,353810,6080.0,3.5,-2.2,2.0,0.3
2025-09-22,353810,6070.0,3.39,-0.3,2.0,-1.7
2025-09-23,353810,5940.0,3.37,0.6,0.8,-1.4
2025-09-24,353810,5860.0,3.41,0.2,0.2,-0.2
2025-09-25,353810,6130.0,3.42,-0.3,4.5,-4.1
2025-09-26,353810,6380.0,3.38,-5.1,10.0,-3.6
2025-09-29,353810,6520.0,3.14,2.0,2.1,-3.7
2025-09-30,353810,6350.0,3.23,1.6,0.2,-1.9
2025-10-01,353810,6320.0,3.31,0.9,1.6,-2.8
2025-10-02,353810,6190.0,3.36,-1.7,-0.2,2.1
2025-10-10,353810,5950.0,3.27,-7.0,3.1,3.7
2025-10-13,353810,5780.0,2.92,-0.4,0.1,0.4
2025-10-14,353810,5810.0,2.9,-0.7,-0.2,-0.1
2025-10-15,353810,5900.0,2.86,0.5,-0.2,0.1
2025-10-16,353810,5830.0,2.88,-0.2,3.2,-3.9
2025-10-17,353810,5670.0,2.89,-0.6,-0.3,0.1
2025-10-20,353810,5760.0,2.87,-0.8,1.8,-1.0
2025-10-21,353810,5610.0,2.83,-2.4,2.1,0.8
2025-10-22,353810,5680.0,2.7,-0.1,0.8,-0.9
2025-10-23,353810,6080.0,2.69,12.8,-0.1,-11.0
2025-10-24,353810,6360.0,3.32,20.0,9.7,-27.5
2025-10-27,353810,6040.0,4.25,-0.7,-10.6,11.4
2025-10-28,353810,6190.0,4.2,-1.0,1.4,-0.4
2025-10-29,353810,6020.0,4.14,-6.5,2.5,4.0
2025-10-30,353810,5930.0,3.81,-3.3,2.1,1.3
2025-10-31,353810,5880.0,3.64,-1.1,0.1,1.0
2025-11-03,353810,5750.0,3.58,-3.3,-3.7,7.0
2025-11-04,353810,5760.0,3.41,-0.6,-1.6,2.2
2025-11-05,353810,5780.0,3.38,-0.4,0.6,-0.3
2025-11-06,353810,5740.0,3.36,0.8,-1.2,0.4
2025-11-07,353810,5640.0,3.41,-0.8,-1.8,2.6
2025-11-10,353810,5680.0,3.36,2.2,-1.7,-0.5
2025-11-11,353810,5630.0,3.36,-1.1,-2.3,3.4
2025-11-12,353810,5900.0,3.3,2.0,-0.1,-1.8
2025-11-13,353810,6030.0,3.4,1.0,2.4,-3.3
2025-11-14,353810,5790.0,3.45,-0.6,-0.4,0.9
2025-11-17,353810,5670.0,3.42,-5.3,-0.4,5.6
2025-11-18,353810,5670.0,3.13,1.0,1.7,-2.9
2025-11-19,353810,5770.0,3.19,0.3,-0.2,-0.2
2025-11-20,353810,6000.0,3.21,2.0,-2.5,0.5
2025-11-21,353810,6250.0,3.31,4.3,1.9,-6.2
2025-11-24,353810,6060.0,3.52,4.4,-2.6,-2.0
2025-11-25,353810,6160.0,3.74,-1.0,3.6,-2.7
2025-11-26,353810,6600.0,3.69,6.0,5.5,-11.3
2025-11-27,353810,6900.0,3.97,8.4,7.8,-16.4
2025-11-28,353810,6810.0,4.34,-5.7,4.3,1.2
2025-12-01,353810,6540.0,4.09,5.5,-1.0,-4.5
2025-12-02,353810,6460.0,4.35,1.3,-2.3,1.0
2025-12-03,353810,6390.0,4.41,1.5,-2.3,0.8
2025-12-04,353810,6320.0,4.48,3.6,-4.0,0.4
2025-12-05,353810,6330.0,4.65,0.3,0.2,-0.6
2025-12-08,353810,6370.0,4.67,-1.8,2.1,-0.3
2025-12-09,353810,6430.0,4.58,0.1,0.5,-0.6
2025-12-10,353810,6370.0,4.59,-3.0,1.9,1.1
2025-12-11,353810,6310.0,4.45,-0.9,-3.3,4.1
2025-12-12,353810,6350.0,4.41,0.4,-0.0,-0.4
2025-12-15,353810,6270.0,4.43,0.5,-0.6,0.9
2025-12-16,353810,6220.0,4.45,1.1,0.2,-1.3
2025-12-17,353810,6320.0,4.51,1.0,0.8,-1.8
2025-12-18,353810,6100.0,4.56,-2.8,-1.0,3.8
2025-12-19,353810,6260.0,4.42,1.8,-0.3,-1.6
2025-12-22,353810,6190.0,4.51,-0.5,0.5,-0.0
2025-12-23,353810,6110.0,4.49,0.6,-2.5,1.8
2025-12-24,353810,6020.0,4.6,1.0,-1.0,-0.0
2025-12-26,353810,5970.0,4.53,0.1,-2.0,2.1
2025-12-29,353810,5760.0,4.52,-2.5,-2.4,4.9
2025-12-30,353810,5810.0,3.8,-0.2,-0.9,1.2
2026-01-02,353810,5820.0,3.79,-2.2,-0.1,2.3
2026-01-05,353810,5790.0,3.67,-1.6,0.2,1.4
2026-01-06,353810,5760.0,3.73,-0.9,-2.8,3.7
2026-01-07,353810,5790.0,3.88,-0.3,-0.2,0.5
2026-01-08,353810,5840.0,3.87,2.5,-1.9,-0.6
2026-01-09,353810,6000.0,4.0,1.2,0.7,-2.0
2026-01-12,353810,6070.0,4.06,1.3,-1.1,-0.2
2026-01-13,353810,5930.0,4.12,1.6,-0.4,-1.4
2026-01-14,353810,6040.0,4.2,3.2,1.7,-4.9
2026-01-15,353810,6080.0,4.37,-2.6,-1.3,3.9
2026-01-16,353810,5960.0,4.24,1.9,-2.4,0.5
2026-01-19,353810,6280.0,4.31,11.3,1.1,-12.5
2026-01-20,353810,6170.0,4.86,0.7,-1.3,0.5
2026-01-21,353810,6000.0,4.9,-1.0,-4.8,5.6
2026-01-22,353810,6160.0,4.84,4.6,-1.6,-2.9
2026-01-23,353810,6360.0,5.06,1.7,0.4,-2.1
2026-01-26,353810,6740.0,5.14,6.0,-0.1,-6.0
2026-01-27,353810,7050.0,5.41,13.9,2.5,-16.7
2026-01-28,353810,7150.0,6.02,13.6,-1.0,-12.4
2026-01-29,353810,7160.0,6.6,5.7,-0.0,-5.8
2026-01-30,353810,7050.0,6.85,6.6,-0.6,-5.9
2026-02-02,353810,7060.0,7.13,4.4,-1.1,-3.4
2026-02-03,353810,7340.0,7.32,4.7,0.4,-5.0
2026-02-04,353810,7530.0,7.52,2.2,-0.2,-2.4
2026-02-05,353810,7520.0,7.6,2.3,-0.0,-2.5
2026-02-06,353810,7520.0,7.7,2.9,-0.4,-2.6
2026-02-09,353810,7340.0,7.82,1.4,-0.0,-1.3
2026-02-10,353810,7440.0,7.87,3.3,0.1,-3.4
2026-02-11,353810,7250.0,8.01,1.1,-0.8,-0.2
2026-02-12,353810,7720.0,8.05,4.9,-0.6,-5.0
2026-02-13,353810,7560.0,8.25,-3.9,0.6,3.3
2026-02-19,353810,7540.0,8.09,1.8,-0.6,-1.2
2026-02-20,353810,7800.0,8.16,5.1,-0.1,-5.5
2026-02-23,353810,7940.0,8.36,-6.5,0.5,5.0
2026-02-24,353810,7840.0,8.11,1.8,-0.0,-1.1
2026-02-25,353810,7560.0,8.18,2.6,-1.0,-1.5
2026-02-26,353810,7350.0,8.28,1.9,-0.1,-1.8
2026-02-27,353810,7330.0,8.36,1.1,0.4,-1.5
2026-03-03,353810,7080.0,8.41,3.0,2.7,-5.7
2026-03-04,353810,6600.0,8.54,1.8,2.3,-4.1
2026-03-05,353810,6880.0,8.62,4.0,1.5,-5.3
2026-03-06,353810,7070.0,8.79,-6.6,3.2,3.5
2026-03-09,353810,6900.0,8.46,-2.6,1.5,1.1
2026-03-10,353810,6950.0,8.09,-1.4,2.1,-0.8
2026-03-11,353810,6990.0,7.88,0.2,,-0.2
2026-03-12,353810,7090.0,7.88,-0.5,0.0,0.5
2026-03-13,353810,7040.0,7.86,-0.9,0.3,0.7
2026-03-16,353810,7060.0,7.82,0.5,0.0,-0.4
2026-03-17,353810,7030.0,7.85,-0.9,0.0,0.6
2026-03-18,353810,6950.0,7.81,-0.7,-0.2,0.9
2026-03-19,353810,6860.0,7.78,-0.0,0.0,0.0
2026-03-20,353810,7220.0,7.77,3.1,1.9,-5.3
2026-03-23,353810,6840.0,7.91,-0.8,-0.7,1.5
2026-03-24,353810,6980.0,7.87,0.1,0.6,-0.7
2026-03-25,353810,7050.0,7.88,-0.4,0.0,0.4
2026-03-26,353810,6970.0,7.86,0.8,0.0,-1.0
2026-03-27,353810,7280.0,7.89,1.9,0.2,-3.1
2026-03-30,353810,7110.0,7.98,-0.3,0.0,0.4
2026-03-31,353810,6930.0,7.96,3.1,-0.1,-2.1
2026-04-01,353810,7140.0,8.1,-0.2,0.1,0.0
2026-04-02,353810,7250.0,8.09,3.6,-1.6,-3.0
2026-04-03,353810,7470.0,8.24,-0.1,1.0,-1.1
2026-04-06,353810,7540.0,8.23,-2.8,0.4,2.4
2026-04-07,353810,7410.0,8.12,-0.3,2.5,-2.2
2026-04-08,353810,7400.0,8.11,-2.2,0.1,2.0
2026-04-09,353810,7410.0,8.02,-0.3,-0.3,0.5
2026-04-10,353810,7310.0,8.01,-1.3,-1.8,3.4
2026-04-13,353810,7550.0,7.96,5.6,0.0,-7.4
2026-04-14,353810,8000.0,8.18,6.0,9.6,-15.5
2026-04-15,353810,8020.0,8.41,2.1,-1.3,-1.0
2026-04-16,353810,7960.0,8.49,-1.7,0.3,0.6
2026-04-17,353810,8000.0,8.43,1.8,-0.6,-1.2
2026-04-20,353810,8040.0,8.55,2.3,2.3,-5.5
2026-04-21,353810,7820.0,8.86,-5.3,-0.2,5.5
2026-04-22,353810,7900.0,8.65,-2.1,3.8,-1.7
2026-04-23,353810,8060.0,8.57,0.1,1.9,-2.4
2026-04-24,353810,8000.0,8.58,-4.9,0.9,3.8
2026-04-27,353810,7980.0,8.39,-1.0,1.7,-0.5
2026-04-28,353810,7910.0,8.35,0.5,-0.0,-0.8
2026-04-29,353810,7890.0,8.37,-0.1,0.1,-0.3
2026-04-30,353810,7740.0,8.37,1.2,0.4,-1.5
2026-05-04,353810,7800.0,8.42,0.3,0.7,-0.9
2026-05-06,353810,7570.0,8.43,-4.4,-0.9,5.3
2026-05-07,353810,7590.0,8.26,1.8,-1.3,-0.6
2026-05-08,353810,7660.0,8.33,-0.3,2.7,-2.2
2026-05-11,353810,7390.0,8.32,-1.9,-4.0,5.9
2026-05-12,353810,7220.0,8.24,-1.2,-0.1,1.3
2026-05-13,353810,7160.0,8.19,-1.0,-0.1,0.5
2026-05-14,353810,7270.0,8.14,1.2,0.2,-1.4
2026-05-15,353810,6880.0,8.19,-2.8,3.3,-0.5
2026-05-18,353810,7100.0,8.07,3.0,-1.5,-2.6
2026-05-19,353810,7010.0,8.2,0.2,0.5,-0.5
2026-05-20,353810,7200.0,8.24,-1.3,4.6,-3.3
2026-05-21,353810,6930.0,8.19,-7.1,2.5,4.4
2026-05-22,353810,7020.0,7.91,1.7,1.3,-3.1
2026-05-26,353810,6840.0,7.99,-4.1,1.6,2.4
2026-05-27,353810,6590.0,7.77,0.2,-2.4,2.4
2026-05-28,353810,6490.0,7.82,-0.2,-0.2,-0.4
2026-05-29,353810,6370.0,7.8,-5.3,1.7,2.5
2026-06-01,353810,6300.0,7.55,-0.9,0.5,0.3
2026-06-02,353810,6190.0,7.5,0.1,0.8,-0.9
2026-06-04,353810,6220.0,7.51,-1.5,1.4,0.1
2026-06-05,353810,6340.0,7.42,-0.3,2.4,-2.3
2026-06-08,353810,5930.0,7.41,-4.1,0.5,3.3
2026-06-09,353810,6580.0,7.2,-0.1,-0.0,-0.0
2026-06-10,353810,6570.0,7.2,-2.4,1.4,0.9
2026-06-11,353810,6570.0,7.09,-1.6,0.4,1.0
2026-06-12,353810,6730.0,7.01,-2.5,1.7,0.5
2026-06-15,353810,6530.0,6.9,-1.8,0.4,1.3
2026-06-16,353810,6510.0,6.82,-0.8,-0.0,0.9
2026-06-17,353810,6580.0,6.78,1.2,1.9,-3.1
2026-06-18,353810,6400.0,6.83,-1.5,0.3,1.2
2026-06-19,353810,6250.0,6.76,-0.9,0.8,0.0
2026-06-22,353810,6100.0,6.72,-0.3,0.4,-0.2
2026-06-23,353810,5990.0,6.71,-1.4,2.2,-0.9
2026-06-24,353810,6250.0,6.64,-3.8,3.6,0.2
2026-06-25,353810,6050.0,6.45,-3.2,0.4,2.7
2026-06-26,353810,5950.0,6.3,-2.0,1.7,0.3
2026-06-29,353810,6270.0,6.19,1.7,0.0,-1.6
2026-06-30,353810,6120.0,6.28,-1.4,0.2,1.2
2026-07-01,353810,6250.0,6.21,0.2,0.1,-0.7
2026-07-02,353810,6340.0,6.22,-1.6,3.1,-1.4
2026-07-03,353810,6320.0,6.14,-0.5,0.0,0.5
2026-07-06,353810,6330.0,6.11,-0.3,-0.0,0.3
2026-07-07,353810,6280.0,6.1,-0.6,0.2,0.3
2026-07-08,353810,6070.0,6.07,0.7,-0.0,-0.7
2026-07-09,353810,6020.0,6.11,1.4,-4.6,3.1
2026-07-10,353810,6230.0,6.18,1.9,,-2.0
2026-07-13,353810,6200.0,6.28,-0.1,0.9,-1.4
2026-07-14,353810,6240.0,6.29,-0.1,0.2,-0.1
2026-07-15,353810,6380.0,6.27,0.8,-0.0,-0.7
2026-07-16,353810,6290.0,6.31,0.7,0.1,-0.3
2025-07-14,354200,2050.0,2.62,2.6,-0.0,-2.6
2025-07-15,354200,2010.0,3.12,0.2,0.0,-0.4
2025-07-16,354200,2010.0,3.16,0.2,0.0,0.0
2025-07-17,354200,2065.0,3.19,0.7,0.0,-0.8
2025-07-18,354200,2020.0,3.34,-0.7,-0.1,0.8
2025-07-21,354200,2005.0,3.29,-0.1,-0.1,0.1
2025-07-22,354200,1990.0,3.28,-0.4,0.0,0.4
2025-07-23,354200,1990.0,3.2,0.2,0.0,-0.2
2025-07-24,354200,1985.0,3.23,0.0,0.0,-0.1
2025-07-25,354200,1964.0,3.24,-0.6,0.0,0.6
2025-07-28,354200,1932.0,3.11,-0.7,0.0,0.7
2025-07-29,354200,1934.0,2.97,-0.1,0.0,0.1
2025-07-30,354200,1840.0,2.96,-0.8,0.0,1.0
2025-07-31,354200,1845.0,2.79,0.0,0.0,0.1
2025-08-01,354200,1756.0,2.8,-0.7,0.0,0.7
2025-08-04,354200,1780.0,2.66,0.2,0.0,-0.1
2025-08-05,354200,1846.0,2.69,0.1,0.0,-0.1
2025-08-06,354200,1851.0,2.71,-0.2,0.0,-0.5
2025-08-07,354200,1843.0,2.67,-0.1,0.0,0.1
2025-08-08,354200,1938.0,2.65,0.6,0.0,-0.6
2025-08-11,354200,1881.0,2.77,-0.1,0.0,0.1
2025-08-12,354200,1870.0,2.74,-0.2,-0.1,0.3
2025-08-13,354200,1942.0,2.7,0.3,0.0,-0.3
2025-08-14,354200,1917.0,2.76,-0.2,-0.1,0.3
2025-08-18,354200,1837.0,2.72,-0.4,-0.1,0.4
2025-08-19,354200,1792.0,2.63,-0.2,-0.1,0.3
2025-08-20,354200,1758.0,2.58,-0.6,-0.1,0.6
2025-08-21,354200,1768.0,2.44,-0.1,-0.1,0.2
2025-08-22,354200,1782.0,2.42,-0.2,-0.1,0.3
2025-08-25,354200,1779.0,2.38,-0.2,-0.1,0.2
2025-08-26,354200,1780.0,2.34,-0.2,-0.1,0.3
2025-08-27,354200,1770.0,2.3,-0.1,0.0,0.1
2025-08-28,354200,1776.0,2.28,-0.1,0.0,0.1
2025-08-29,354200,1786.0,2.25,-0.2,0.0,0.2
2025-09-01,354200,1777.0,2.21,-0.3,0.0,0.3
2025-09-02,354200,1776.0,2.13,-0.0,0.0,0.0
2025-09-03,354200,1751.0,2.13,-0.0,0.0,0.0
2025-09-04,354200,1793.0,2.13,0.4,0.0,-0.3
2025-09-05,354200,1829.0,2.21,0.1,0.0,-0.1
2025-09-08,354200,1830.0,2.24,-0.0,0.0,0.0
2025-09-09,354200,1812.0,2.23,-0.1,0.0,0.0
2025-09-10,354200,1835.0,2.21,0.0,0.0,-0.0
2025-09-11,354200,1827.0,2.22,-0.1,0.0,0.1
2025-09-12,354200,1822.0,2.21,-0.1,0.0,0.1
2025-09-15,354200,1804.0,2.19,-0.1,0.0,0.1
2025-09-16,354200,1808.0,2.17,-0.1,-0.1,0.1
2025-09-17,354200,1797.0,2.16,-0.0,0.0,0.0
2025-09-18,354200,1800.0,2.16,0.1,0.0,-0.1
2025-09-19,354200,1803.0,2.18,-0.1,,0.1
2025-09-22,354200,1793.0,2.17,0.2,0.0,-0.2
2025-09-23,354200,1771.0,2.22,-0.4,0.0,0.4
2025-09-24,354200,1780.0,2.14,-0.4,0.0,0.4
2025-09-25,354200,1753.0,2.05,-0.1,0.0,0.1
2025-09-26,354200,1718.0,2.03,-0.5,0.0,0.5
2025-09-29,354200,1740.0,1.92,0.1,0.0,-0.1
2025-09-30,354200,1738.0,1.94,-0.1,0.0,0.1
2025-10-01,354200,1715.0,1.92,-0.3,0.0,0.3
2025-10-02,354200,1698.0,1.86,-0.5,0.0,0.5
2025-10-10,354200,1693.0,1.75,0.3,0.0,-0.3
2025-10-13,354200,1665.0,1.83,-0.1,0.0,0.1
2025-10-14,354200,1695.0,1.8,-0.1,0.0,0.2
2025-10-15,354200,1699.0,1.77,0.0,0.0,-0.1
2025-10-16,354200,1660.0,1.78,-0.2,0.0,0.2
2025-10-17,354200,1613.0,1.72,-0.1,0.0,0.1
2025-10-20,354200,1612.0,1.69,0.1,0.0,-0.1
2025-10-21,354200,1576.0,1.72,-0.3,0.0,0.3
2025-10-22,354200,1594.0,1.64,0.1,0.0,-0.1
2025-10-23,354200,1589.0,1.68,-0.1,0.0,0.1
2025-10-24,354200,1525.0,1.66,-0.1,0.0,0.0
2025-10-27,354200,1505.0,1.64,-0.1,0.0,-0.1
2025-10-28,354200,1529.0,1.62,0.1,0.0,-0.1
2025-10-29,354200,1556.0,1.64,0.1,0.0,-0.1
2025-10-30,354200,1437.0,1.68,-0.2,0.0,0.7
2025-10-31,354200,1480.0,1.64,0.2,0.0,-0.1
2025-11-03,354200,1396.0,1.69,0.1,0.0,-0.1
2025-11-04,354200,1396.0,1.7,0.1,0.0,-0.1
2025-11-05,354200,1380.0,1.73,0.1,0.0,-0.2
2025-11-06,354200,1411.0,1.76,-0.1,0.0,0.2
2025-11-07,354200,1399.0,1.72,-0.3,0.0,0.3
2025-11-10,354200,1421.0,1.63,0.5,-0.4,-0.0
2025-11-11,354200,1484.0,1.76,0.1,0.0,-0.1
2025-11-12,354200,1500.0,1.78,0.1,0.0,-0.1
2025-11-13,354200,1617.0,1.8,-0.0,0.0,0.0
2025-11-14,354200,1600.0,1.8,-0.1,0.0,0.1
2025-11-17,354200,1704.0,1.76,0.3,-0.0,-0.3
2025-11-18,354200,1659.0,1.86,-0.6,0.0,0.6
2025-11-19,354200,1714.0,1.72,0.1,0.0,-0.1
2025-11-20,354200,1715.0,1.74,-0.0,0.0,0.0
2025-11-21,354200,1679.0,1.74,-0.2,0.0,0.2
2025-11-24,354200,1703.0,1.69,0.0,0.0,-0.3
2025-11-25,354200,1651.0,1.69,-0.1,0.0,0.1
2025-11-26,354200,1620.0,1.68,-0.0,0.0,0.0
2025-11-27,354200,1637.0,1.67,0.0,0.0,-0.0
2025-11-28,354200,1669.0,1.67,0.1,0.0,-0.1
2025-12-01,354200,1699.0,1.7,0.1,0.0,-0.1
2025-12-02,354200,1720.0,1.75,0.0,0.0,-0.0
2025-12-03,354200,1725.0,1.75,-0.0,0.0,0.1
2025-12-04,354200,1701.0,1.75,-0.1,0.0,0.1
2025-12-05,354200,1704.0,1.74,-0.1,0.0,0.1
2025-12-08,354200,1703.0,1.73,-0.1,0.0,0.1
2025-12-09,354200,1702.0,1.7,-0.1,0.0,-0.1
2025-12-10,354200,1701.0,1.69,0.0,0.0,-0.1
2025-12-11,354200,1705.0,1.69,0.0,0.0,-0.0
2025-12-12,354200,1700.0,1.7,-0.0,0.0,-0.1
2025-12-15,354200,1649.0,1.7,-0.0,0.0,0.0
2025-12-16,354200,1591.0,1.7,-0.1,0.0,0.0
2025-12-17,354200,1592.0,1.73,-0.0,0.0,0.0
2025-12-18,354200,1567.0,1.73,-0.0,0.0,0.0
2025-12-19,354200,1579.0,1.72,0.1,0.0,-0.1
2025-12-22,354200,1565.0,1.73,-0.0,0.0,0.0
2025-12-23,354200,1546.0,1.73,-0.0,0.0,0.0
2025-12-24,354200,1515.0,1.72,0.0,0.0,-0.0
2025-12-26,354200,1475.0,1.74,0.0,0.0,-0.1
2025-12-29,354200,1478.0,1.75,-0.3,0.0,0.3
2025-12-30,354200,1460.0,1.66,0.0,0.0,-0.0
2026-01-02,354200,1474.0,1.66,0.0,0.0,-0.2
2026-01-05,354200,1524.0,1.66,-0.0,0.0,-0.1
2026-01-06,354200,1480.0,1.66,-0.0,0.0,0.0
2026-01-07,354200,1484.0,1.66,-0.0,0.0,0.0
2026-01-08,354200,1460.0,1.65,-0.1,0.0,0.0
2026-01-09,354200,1439.0,1.64,-0.0,0.0,-0.0
2026-01-12,354200,1432.0,1.63,0.0,0.0,-0.0
2026-01-13,354200,1422.0,1.64,-0.0,0.0,-0.1
2026-01-14,354200,1387.0,1.7,-0.0,0.0,0.0
2026-01-15,354200,1391.0,1.69,0.0,0.0,0.0
2026-01-16,354200,1399.0,1.69,-0.2,0.0,0.2
2026-01-19,354200,1502.0,1.64,0.2,0.0,-0.1
2026-01-20,354200,1952.0,1.68,-0.5,-0.1,1.6
2026-01-21,354200,1870.0,1.56,-2.0,,3.0
2026-01-22,354200,1752.0,1.16,-0.7,0.0,0.7
2026-01-23,354200,1703.0,1.01,0.7,0.0,-0.7
2026-01-26,354200,1700.0,1.18,-0.5,0.0,0.5
2026-01-27,354200,1761.0,1.27,0.5,0.0,-0.5
2026-01-28,354200,2015.0,1.38,0.6,-0.0,-0.9
2026-01-29,354200,2245.0,1.53,0.4,,-0.3
2026-01-30,354200,2030.0,1.62,-0.9,0.0,1.0
2026-02-02,354200,2635.0,1.47,-1.0,-0.0,4.2
2026-02-03,354200,2540.0,1.34,-2.6,,3.0
2026-02-04,354200,2525.0,0.94,1.3,,-1.3
2026-02-05,354200,2310.0,1.16,-2.3,,2.4
2026-02-06,354200,2435.0,1.09,0.3,,-0.4
2026-02-09,354200,2385.0,1.16,-1.0,,1.1
2026-02-10,354200,2105.0,1.01,0.5,,-0.5
2026-02-11,354200,2195.0,1.24,-1.6,,1.5
2026-02-12,354200,2240.0,0.96,1.5,,-1.4
2026-02-13,354200,2250.0,1.21,-1.5,,1.5
2026-02-19,354200,2130.0,0.95,0.6,,-0.6
2026-02-20,354200,2040.0,1.05,1.1,,-1.5
2026-02-23,354200,1941.0,1.27,2.5,0.0,-2.6
2026-02-24,354200,1970.0,1.69,1.7,0.0,-1.7
2026-02-25,354200,2010.0,2.03,-0.1,0.0,0.1
2026-02-26,354200,1994.0,2.0,-1.1,0.0,1.2
2026-02-27,354200,1999.0,1.81,-0.6,0.0,0.6
2026-03-03,354200,2000.0,1.76,0.9,0.0,-1.4
2026-03-04,354200,1826.0,1.94,0.7,0.0,-3.3
2026-03-05,354200,2060.0,2.1,4.3,0.0,-4.0
2026-03-06,354200,2035.0,2.92,-0.9,0.0,0.8
2026-03-09,354200,1954.0,2.76,0.3,-0.0,-0.4
2026-03-10,354200,1937.0,2.83,0.1,0.0,-0.1
2026-03-11,354200,2080.0,2.84,1.0,0.0,-1.0
2026-03-12,354200,2145.0,3.03,-0.3,-0.0,0.3
2026-03-13,354200,2055.0,2.89,-0.5,,0.5
2026-03-16,354200,2060.0,2.8,-0.6,,0.6
2026-03-17,354200,2060.0,2.69,0.8,,-0.2
2026-03-18,354200,2040.0,2.83,-0.5,,0.7
2026-03-19,354200,2045.0,2.74,-1.2,,1.7
2026-03-20,354200,2010.0,2.57,-0.7,,0.9
2026-03-23,354200,1880.0,2.39,-0.5,,0.5
2026-03-24,354200,1891.0,2.3,-0.0,,0.0
2026-03-25,354200,1870.0,2.29,-0.3,,0.7
2026-03-26,354200,1807.0,2.24,-0.4,,0.4
2026-03-27,354200,1830.0,2.16,0.0,,-0.0
2026-03-30,354200,1802.0,2.17,0.2,,-0.2
2026-03-31,354200,1713.0,2.21,0.1,,-0.1
2026-04-01,354200,1767.0,2.04,0.8,,-0.8
2026-04-02,354200,1661.0,2.22,0.7,,-0.8
2026-04-03,354200,1682.0,2.39,0.2,,-0.2
2026-04-06,354200,1575.0,2.44,1.5,,-1.5
2026-04-07,354200,1573.0,2.8,0.5,,-0.5
2026-04-08,354200,1658.0,2.65,-0.2,,0.2
2026-04-09,354200,1601.0,2.6,-0.6,,0.6
2026-04-10,354200,1677.0,2.46,0.1,,-0.1
2026-04-13,354200,1681.0,2.53,-0.1,,0.1
2026-04-14,354200,1701.0,2.5,-0.0,,0.0
2026-04-15,354200,1735.0,2.5,0.2,,0.2
2026-04-16,354200,1787.0,2.55,0.4,,-0.5
2026-04-17,354200,1866.0,2.64,-0.3,,0.6
2026-04-20,354200,1790.0,2.58,-0.3,,0.8
2026-04-21,354200,1736.0,2.52,-1.0,,1.5
2026-04-22,354200,1726.0,2.34,0.0,,-0.0
2026-04-23,354200,1690.0,2.38,-0.1,,0.1
2026-04-24,354200,1687.0,2.36,0.1,,0.8
2026-04-27,354200,1645.0,2.37,-0.2,,0.4
2026-04-28,354200,1225.0,2.34,-3.2,,3.1
2026-04-29,354200,1189.0,1.36,0.4,0.0,-0.3
2026-04-30,354200,1159.0,1.49,0.8,-0.0,-0.8
2026-05-04,354200,1170.0,1.74,-0.3,0.0,0.2
2026-05-06,354200,1152.0,1.65,0.2,-0.0,-0.3
2026-05-07,354200,1135.0,1.7,-0.1,-0.0,0.2
2026-05-08,354200,1119.0,1.68,0.0,-0.0,0.1
2026-05-11,354200,1172.0,1.69,2.0,0.0,-2.0
2026-05-12,354200,1235.0,2.34,0.1,-0.0,-0.1
2026-05-13,354200,1300.0,2.36,0.3,-0.0,-0.5
2026-05-14,354200,1250.0,2.44,-0.9,0.0,1.1
2026-05-15,354200,1413.0,2.17,-4.4,0.0,3.3
2026-05-18,354200,1257.0,1.17,1.1,0.0,-1.4
2026-05-19,354200,1265.0,1.48,1.1,-0.0,-1.1
2026-05-20,354200,1208.0,1.8,0.2,0.0,-0.2
2026-05-21,354200,1149.0,1.87,-0.6,0.0,0.6
2026-05-22,354200,1168.0,1.67,0.3,-0.0,-0.3
2026-05-26,354200,1159.0,1.78,-0.4,-0.0,0.4
2026-05-27,354200,1100.0,1.65,-0.5,0.0,0.5
2026-05-28,354200,1113.0,1.49,-0.1,-0.0,0.2
2026-05-29,354200,1070.0,1.46,0.3,-0.0,-0.3
2026-06-01,354200,1008.0,1.55,0.5,0.0,-0.6
2026-06-02,354200,1012.0,1.73,0.4,-0.0,-0.5
2026-06-04,354200,1007.0,1.87,0.4,0.0,-0.4
2026-06-05,354200,992.0,2.01,0.0,0.0,-0.0
2026-06-08,354200,921.0,2.03,-0.0,-0.0,0.0
2026-06-09,354200,949.0,2.01,0.0,-0.0,-0.1
2026-06-10,354200,888.0,2.02,-0.4,-0.0,0.4
2026-06-11,354200,892.0,1.82,0.2,0.0,-0.2
2026-06-12,354200,851.0,1.89,-0.6,,0.6
2026-06-15,354200,881.0,1.61,0.2,-0.0,-0.2
2026-06-16,354200,875.0,1.67,-0.1,-0.0,0.1
2026-06-17,354200,890.0,1.65,0.1,-0.0,-0.1
2026-06-18,354200,874.0,1.7,0.2,0.3,-0.5
2026-06-19,354200,792.0,1.8,-0.1,0.0,0.1
2026-06-22,354200,737.0,1.58,0.2,0.0,-0.2
2026-06-23,354200,737.0,1.27,,,
2026-06-24,354200,737.0,1.27,,,
2026-06-25,354200,737.0,1.27,,,
2026-06-26,354200,737.0,1.27,,,
2026-06-29,354200,737.0,1.27,,,
2026-06-30,354200,737.0,1.27,,,
2026-07-01,354200,737.0,1.27,,,
2026-07-02,354200,737.0,1.27,,,
2026-07-03,354200,737.0,1.27,,,
2026-07-06,354200,737.0,1.27,,,
2026-07-07,354200,737.0,1.27,,,
2026-07-08,354200,737.0,1.27,,,
2026-07-09,354200,737.0,1.27,,,
2026-07-10,354200,737.0,1.27,,,
2026-07-13,354200,1525.0,0.0,-0.3,-0.0,0.3
2026-07-14,354200,1617.0,0.0,0.1,0.0,-0.1
2026-07-15,354200,1710.0,0.0,-0.0,-0.0,0.0
2026-07-16,354200,1668.0,0.0,0.0,,0.0
2025-07-14,354320,23850.0,1.37,1.0,,-0.9
2025-07-15,354320,24050.0,1.45,0.4,,-0.4
2025-07-16,354320,23850.0,1.48,-0.4,,0.4
2025-07-17,354320,24000.0,1.44,0.5,,-0.5
2025-07-18,354320,24400.0,1.47,1.6,,-1.7
2025-07-21,354320,24700.0,1.64,0.4,,-0.3
2025-07-22,354320,23850.0,1.64,0.1,,-0.1
2025-07-23,354320,23950.0,1.64,0.4,,-0.5
2025-07-24,354320,23950.0,1.7,-0.2,,0.2
2025-07-25,354320,23950.0,1.67,0.0,,-0.1
2025-07-28,354320,24150.0,1.67,-0.7,,0.6
2025-07-29,354320,23850.0,1.63,0.2,,-0.1
2025-07-30,354320,24500.0,1.57,1.3,,-1.3
2025-07-31,354320,24050.0,1.66,-0.1,,0.1
2025-08-01,354320,22950.0,1.6,-1.8,,1.8
2025-08-04,354320,23000.0,1.42,-0.6,,0.6
2025-08-05,354320,23400.0,1.38,0.9,-0.0,-0.9
2025-08-06,354320,23800.0,1.44,1.0,,-1.0
2025-08-07,354320,23900.0,1.51,0.4,,-0.4
2025-08-08,354320,23750.0,1.54,0.5,,-0.5
2025-08-11,354320,24300.0,1.57,1.3,-0.0,-1.4
2025-08-12,354320,24000.0,1.67,0.8,,-0.8
2025-08-13,354320,24000.0,1.65,0.5,,-0.5
2025-08-14,354320,23850.0,1.67,0.4,,-0.4
2025-08-18,354320,23600.0,1.71,0.1,,-0.1
2025-08-19,354320,23400.0,1.68,-0.1,-0.0,0.1
2025-08-20,354320,22900.0,1.66,-0.4,-0.0,0.4
2025-08-21,354320,22900.0,1.63,0.1,,-0.1
2025-08-22,354320,23200.0,1.63,0.1,,-0.1
2025-08-25,354320,23500.0,1.66,0.8,,-0.8
2025-08-26,354320,23200.0,1.72,-0.4,,0.4
2025-08-27,354320,23000.0,1.66,-0.5,-0.0,0.5
2025-08-28,354320,23100.0,1.61,0.0,,-0.0
2025-08-29,354320,22950.0,1.62,-1.0,,1.0
2025-09-01,354320,22450.0,1.56,-1.1,,1.1
2025-09-02,354320,22350.0,1.47,-0.3,,0.3
2025-09-03,354320,22350.0,1.45,0.1,,-0.2
2025-09-04,354320,22800.0,1.45,0.1,,-0.1
2025-09-05,354320,22700.0,1.46,-0.1,,0.1
2025-09-08,354320,22450.0,1.46,0.2,,-0.2
2025-09-09,354320,22450.0,1.47,0.5,0.0,-0.5
2025-09-10,354320,22700.0,1.51,0.3,,-0.3
2025-09-11,354320,22600.0,1.54,-0.1,,0.1
2025-09-12,354320,22650.0,1.53,0.1,,-0.1
2025-09-15,354320,22650.0,1.53,-0.1,,0.1
2025-09-16,354320,22650.0,1.52,0.2,0.0,-0.2
2025-09-17,354320,22500.0,1.53,-0.3,,0.3
2025-09-18,354320,22750.0,1.49,0.8,,-0.8
2025-09-19,354320,22650.0,1.54,-0.0,0.0,0.0
2025-09-22,354320,22500.0,1.53,-0.3,0.5,-0.1
2025-09-23,354320,22100.0,1.51,-0.8,,0.8
2025-09-24,354320,21800.0,1.45,-1.1,-0.0,1.0
2025-09-25,354320,21950.0,1.34,-0.4,,0.4
2025-09-26,354320,21200.0,1.31,-1.5,-0.1,1.4
2025-09-29,354320,21100.0,1.2,0.3,-0.4,0.1
2025-09-30,354320,20800.0,1.22,-0.1,-0.7,0.8
2025-10-01,354320,20850.0,1.1,0.1,,-0.1
2025-10-02,354320,20950.0,1.12,0.5,-0.5,-0.0
2025-10-10,354320,20400.0,1.17,-0.3,,0.2
2025-10-13,354320,20750.0,1.17,0.0,-0.5,0.5
2025-10-14,354320,21050.0,1.17,0.4,,-0.4
2025-10-15,354320,21550.0,1.25,1.0,-0.2,-0.7
2025-10-16,354320,21900.0,1.34,1.7,,-1.7
2025-10-17,354320,22400.0,1.46,2.0,0.0,-2.0
2025-10-20,354320,22500.0,1.64,0.2,,-0.1
2025-10-21,354320,22050.0,1.65,1.0,,-1.0
2025-10-22,354320,22300.0,1.73,0.6,,-0.5
2025-10-23,354320,22100.0,1.79,0.2,,-0.2
2025-10-24,354320,22700.0,1.77,2.3,,-2.2
2025-10-27,354320,23250.0,1.98,0.6,,-0.6
2025-10-28,354320,23250.0,2.01,-0.2,,0.2
2025-10-29,354320,22800.0,1.97,-0.1,,0.1
2025-10-30,354320,21850.0,1.96,0.5,-0.0,-0.3
2025-10-31,354320,21600.0,2.0,-0.3,-0.1,0.4
2025-11-03,354320,21050.0,1.97,1.2,,-1.1
2025-11-04,354320,20900.0,2.04,0.4,-0.1,-0.4
2025-11-05,354320,20250.0,2.03,-2.0,-0.1,2.0
2025-11-06,354320,20400.0,1.86,0.1,,-0.1
2025-11-07,354320,19790.0,1.9,-2.4,,2.2
2025-11-10,354320,20350.0,1.68,0.8,-0.4,-0.4
2025-11-11,354320,19950.0,1.74,-0.1,,0.1
2025-11-12,354320,21050.0,1.77,1.4,,-1.3
2025-11-13,354320,21000.0,1.88,-0.1,,0.1
2025-11-14,354320,20350.0,1.87,-0.3,,0.3
2025-11-17,354320,19850.0,1.83,-0.9,,0.9
2025-11-18,354320,19220.0,1.73,-1.8,,1.8
2025-11-19,354320,19060.0,1.55,-0.3,,0.3
2025-11-20,354320,19610.0,1.52,0.3,,-0.4
2025-11-21,354320,19100.0,1.55,-0.5,,0.5
2025-11-24,354320,19000.0,1.51,-0.5,,0.5
2025-11-25,354320,19000.0,1.47,-0.5,,0.5
2025-11-26,354320,19500.0,1.42,0.8,,-0.8
2025-11-27,354320,19480.0,1.53,0.7,-0.2,-0.5
2025-11-28,354320,19640.0,1.6,1.0,-0.2,-0.8
2025-12-01,354320,19850.0,1.71,0.8,,-0.8
2025-12-02,354320,20350.0,1.8,-0.0,,0.0
2025-12-03,354320,20450.0,1.81,0.8,,-0.8
2025-12-04,354320,19950.0,1.86,0.3,,-0.3
2025-12-05,354320,20200.0,1.89,0.5,,-0.5
2025-12-08,354320,20400.0,1.93,0.3,,-0.3
2025-12-09,354320,20100.0,1.94,-0.0,,0.0
2025-12-10,354320,20100.0,1.95,0.1,,-0.1
2025-12-11,354320,20250.0,1.96,0.2,,-0.2
2025-12-12,354320,20100.0,2.0,0.4,,-0.4
2025-12-15,354320,20400.0,2.04,0.5,,-0.5
2025-12-16,354320,19940.0,2.09,-0.3,,0.2
2025-12-17,354320,19960.0,2.06,0.1,,-0.1
2025-12-18,354320,19590.0,2.05,-0.2,,0.2
2025-12-19,354320,19630.0,2.03,0.3,-0.0,-0.2
2025-12-22,354320,20350.0,2.06,-0.1,,0.1
2025-12-23,354320,20100.0,2.06,0.1,,-0.1
2025-12-24,354320,19920.0,2.07,-0.2,-0.2,0.5
2025-12-26,354320,20150.0,2.07,-0.9,,0.9
2025-12-29,354320,20250.0,2.01,0.8,,-0.8
2025-12-30,354320,20150.0,2.11,-0.3,-0.0,0.3
2026-01-02,354320,20200.0,2.07,0.6,,-0.5
2026-01-05,354320,20100.0,2.11,0.3,,-0.3
2026-01-06,354320,20500.0,2.13,0.6,,-0.6
2026-01-07,354320,26650.0,2.17,1.6,2.8,-2.6
2026-01-08,354320,28400.0,2.3,-15.4,-1.2,16.5
2026-01-09,354320,36900.0,1.47,-4.5,15.3,-25.4
2026-01-12,354320,36950.0,1.35,4.6,1.0,-7.5
2026-01-13,354320,40050.0,1.37,,3.1,-6.6
2026-01-14,354320,39000.0,1.21,0.1,0.1,-2.6
2026-01-15,354320,43200.0,1.16,-0.2,3.1,-7.2
2026-01-16,354320,44050.0,1.17,2.7,-0.2,-6.7
2026-01-19,354320,42800.0,1.28,-2.9,-4.5,5.3
2026-01-20,354320,43450.0,1.17,5.9,-0.9,-10.4
2026-01-21,354320,43750.0,1.4,1.5,-1.7,-0.1
2026-01-22,354320,45500.0,1.45,-5.9,0.3,3.9
2026-01-23,354320,48000.0,1.24,1.6,1.8,-3.9
2026-01-26,354320,51200.0,1.31,-5.4,4.6,0.9
2026-01-27,354320,52700.0,1.14,-2.0,6.7,-5.3
2026-01-28,354320,58100.0,1.08,0.9,1.8,-3.7
2026-01-29,354320,62200.0,1.11,-0.9,6.6,-6.9
2026-01-30,354320,61900.0,1.09,-1.7,7.6,-5.5
2026-02-02,354320,64800.0,1.06,31.2,4.3,-32.8
2026-02-03,354320,68100.0,1.81,-12.3,12.1,-0.2
2026-02-04,354320,65600.0,1.52,-2.7,-4.5,12.8
2026-02-05,354320,57200.0,1.45,49.3,-4.8,-46.8
2026-02-06,354320,64100.0,2.75,7.4,18.6,-32.4
2026-02-09,354320,69000.0,3.28,-0.9,11.9,-10.8
2026-02-10,354320,69400.0,3.26,-9.3,15.0,-5.4
2026-02-11,354320,66800.0,3.06,-4.0,-7.2,15.3
2026-02-12,354320,71100.0,2.98,12.2,19.3,-29.4
2026-02-13,354320,69800.0,3.25,-20.9,-15.9,34.8
2026-02-19,354320,65600.0,2.78,43.0,-14.5,-23.4
2026-02-20,354320,63100.0,3.79,13.8,5.0,-14.1
2026-02-23,354320,62900.0,4.13,19.4,1.9,-17.6
2026-02-24,354320,58800.0,4.63,2.9,-0.7,6.2
2026-02-25,354320,56100.0,4.7,22.2,-0.5,-17.9
2026-02-26,354320,52900.0,5.31,27.5,-6.5,-18.1
2026-02-27,354320,51500.0,6.1,6.1,3.5,-10.5
2026-03-03,354320,51500.0,6.26,-1.2,2.7,-5.2
2026-03-04,354320,44000.0,5.92,19.4,0.8,-19.8
2026-03-05,354320,56000.0,6.57,2.7,20.0,-21.4
2026-03-06,354320,53700.0,6.67,-61.0,7.6,58.4
2026-03-09,354320,48300.0,4.8,6.9,-3.9,-0.9
2026-03-10,354320,56500.0,5.03,-9.1,62.1,-53.3
2026-03-11,354320,62700.0,4.78,-0.8,58.2,-60.2
2026-03-12,354320,60500.0,4.73,-13.7,14.1,0.3
2026-03-13,354320,61000.0,4.39,-1.5,15.6,-15.2
2026-03-16,354320,60300.0,4.39,-4.8,-15.9,24.8
2026-03-17,354320,51500.0,4.25,-9.7,-34.8,42.7
2026-03-18,354320,49050.0,3.91,13.2,-40.0,31.1
2026-03-19,354320,47100.0,4.34,-3.0,-8.1,10.6
2026-03-20,354320,47200.0,4.29,-9.7,0.7,8.7
2026-03-23,354320,42500.0,3.97,9.4,-1.4,-6.9
2026-03-24,354320,43600.0,4.31,5.6,0.3,-5.0
2026-03-25,354320,51300.0,4.52,-4.7,-0.3,5.4
2026-03-26,354320,48900.0,4.36,-1.5,2.9,-0.5
2026-03-27,354320,46450.0,4.32,1.9,0.8,-3.7
2026-03-30,354320,48400.0,4.38,-6.1,-0.4,4.7
2026-03-31,354320,47750.0,4.19,-30.0,5.8,27.3
2026-04-01,354320,55900.0,3.23,4.4,46.0,-48.2
2026-04-02,354320,54500.0,3.38,-13.2,17.0,-4.0
2026-04-03,354320,57600.0,3.02,-12.4,30.8,-17.1
2026-04-06,354320,55000.0,2.69,-5.0,-8.4,13.6
2026-04-07,354320,57500.0,2.57,-8.0,10.9,-3.2
2026-04-08,354320,62000.0,2.4,14.5,13.0,-26.5
2026-04-09,354320,63500.0,2.77,-4.8,6.1,-3.8
2026-04-10,354320,69500.0,2.71,24.2,20.9,-42.7
2026-04-13,354320,81300.0,3.27,-30.1,78.2,-49.1
2026-04-14,354320,88500.0,2.61,-46.6,117.9,-66.6
2026-04-15,354320,84500.0,1.76,-12.7,7.4,3.1
2026-04-16,354320,85900.0,1.58,3.6,1.2,-4.2
2026-04-17,354320,89600.0,1.7,3.1,10.2,-13.0
2026-04-20,354320,85700.0,1.79,0.3,-1.8,1.2
2026-04-21,354320,85700.0,1.83,23.4,-12.8,-9.3
2026-04-22,354320,92200.0,2.27,-10.8,47.7,-38.9
2026-04-23,354320,90500.0,2.09,-25.5,24.2,2.1
2026-04-24,354320,89800.0,1.68,3.7,-9.2,7.3
2026-04-27,354320,95000.0,1.74,21.8,10.8,-32.0
2026-04-28,354320,94900.0,2.12,-5.8,14.2,-10.7
2026-04-29,354320,101400.0,2.03,-14.1,47.0,-34.3
2026-04-30,354320,100400.0,1.81,-10.2,27.5,-15.3
2026-05-04,354320,97800.0,1.66,-22.9,19.8,5.8
2026-05-06,354320,83000.0,1.31,31.2,-32.0,-8.4
2026-05-07,354320,79800.0,1.91,44.5,-32.2,-20.8
2026-05-08,354320,82800.0,2.81,-19.1,12.0,7.4
2026-05-11,354320,84000.0,2.45,-13.3,37.9,-7.9
2026-05-12,354320,78800.0,2.11,-26.4,-21.1,44.6
2026-05-13,354320,83700.0,1.67,31.5,-12.3,-21.5
2026-05-14,354320,82300.0,2.27,-3.4,-12.0,15.0
2026-05-15,354320,85800.0,2.22,84.2,27.3,-108.8
2026-05-18,354320,93600.0,3.68,-31.3,65.3,-26.7
2026-05-19,354320,91400.0,3.14,-39.1,14.0,28.0
2026-05-20,354320,84300.0,2.51,28.5,-1.7,-27.8
2026-05-21,354320,84000.0,3.09,-0.7,-4.9,7.5
2026-05-22,354320,95200.0,3.1,25.2,37.1,-62.1
2026-05-26,354320,92900.0,3.53,-16.8,3.9,8.3
2026-05-27,354320,79000.0,3.26,-51.5,-32.3,82.6
2026-05-28,354320,80600.0,2.23,-6.8,-2.9,11.1
2026-05-29,354320,73200.0,2.11,18.5,-41.8,22.9
2026-06-01,354320,66300.0,2.52,81.6,-55.3,-28.0
2026-06-02,354320,60300.0,4.43,68.3,-53.0,-17.3
2026-06-04,354320,64400.0,6.19,-13.0,13.7,1.3
2026-06-05,354320,60700.0,5.89,9.0,6.1,-15.1
2026-06-08,354320,54400.0,6.0,17.5,-15.7,-2.2
2026-06-09,354320,56200.0,6.49,14.9,-3.5,-10.1
2026-06-10,354320,55300.0,6.79,8.4,-9.7,1.1
2026-06-11,354320,56800.0,7.04,0.5,-5.9,7.2
2026-06-12,354320,57400.0,7.05,-13.0,0.4,14.6
2026-06-15,354320,53700.0,6.71,25.1,-39.6,17.0
2026-06-16,354320,55900.0,7.42,13.7,-10.8,-3.8
2026-06-17,354320,55500.0,7.82,17.4,-22.5,5.1
2026-06-18,354320,51500.0,8.36,22.3,-5.6,-15.9
2026-06-19,354320,45700.0,9.02,39.4,-14.9,-22.8
2026-06-22,354320,41850.0,10.25,57.3,-22.9,-34.8
2026-06-23,354320,35150.0,12.44,49.5,-17.1,-31.9
2026-06-24,354320,34500.0,14.61,-5.8,-0.1,6.2
2026-06-25,354320,32050.0,14.36,7.3,-10.0,3.1
2026-06-26,354320,28650.0,14.72,8.7,-1.1,-7.6
2026-06-29,354320,32400.0,15.18,3.4,-1.3,-2.0
2026-06-30,354320,32300.0,15.35,-6.0,-0.1,6.2
2026-07-01,354320,32450.0,15.06,-7.6,1.8,4.3
2026-07-02,354320,29750.0,14.75,-1.7,-0.9,2.6
2026-07-03,354320,31300.0,14.67,-6.9,7.7,1.2
2026-07-06,354320,29200.0,14.32,-0.7,-2.8,3.6
2026-07-07,354320,27600.0,14.28,0.2,-0.4,0.2
2026-07-08,354320,25650.0,14.36,1.4,-1.6,0.1
2026-07-09,354320,25750.0,14.45,0.9,0.5,-1.8
2026-07-10,354320,31150.0,14.5,-3.9,-1.4,5.4
2026-07-13,354320,27900.0,14.3,-7.4,0.1,7.3
2026-07-14,354320,28400.0,13.94,-5.5,-1.9,7.2
2026-07-15,354320,29000.0,13.62,-6.9,-4.5,11.4
2026-07-16,354320,28250.0,13.26,-9.9,0.0,9.6
2025-07-14,355150,11550.0,0.78,-2.2,0.6,0.2
2025-07-15,355150,11270.0,0.52,-0.3,-0.2,1.4
2025-07-16,355150,13420.0,0.49,14.5,1.5,-4.7
2025-07-17,355150,12260.0,1.83,-3.1,-1.7,4.8
2025-07-18,355150,11600.0,1.52,-4.7,-1.2,7.8
2025-07-21,355150,11460.0,1.08,-0.7,0.1,0.7
2025-07-22,355150,11100.0,1.0,-0.8,0.6,0.3
2025-07-23,355150,11650.0,0.91,-5.0,-0.2,4.7
2025-07-24,355150,11660.0,0.38,-0.8,0.4,0.7
2025-07-25,355150,11140.0,0.29,-0.5,0.2,0.3
2025-07-28,355150,11300.0,0.22,0.4,0.1,-0.4
2025-07-29,355150,11300.0,0.26,-0.3,0.0,0.3
2025-07-30,355150,11300.0,0.22,-0.3,0.2,0.1
2025-07-31,355150,10980.0,0.19,-0.3,0.2,0.0
2025-08-01,355150,10460.0,0.16,0.7,0.2,-0.9
2025-08-04,355150,10790.0,0.25,0.7,0.0,-0.7
2025-08-05,355150,10600.0,0.33,-0.3,0.1,1.2
2025-08-06,355150,10620.0,0.29,0.8,0.0,-0.8
2025-08-07,355150,10600.0,0.39,0.3,0.1,-0.4
2025-08-08,355150,10670.0,0.42,1.3,0.0,-1.4
2025-08-11,355150,10610.0,0.58,-0.6,0.0,0.5
2025-08-12,355150,10190.0,0.5,-0.1,0.1,0.5
2025-08-13,355150,10100.0,0.49,2.0,0.2,-2.2
2025-08-14,355150,10100.0,0.74,-0.5,,0.0
2025-08-18,355150,9700.0,0.86,0.2,0.5,-0.9
2025-08-19,355150,9690.0,0.9,1.1,,-1.1
2025-08-20,355150,9690.0,1.03,0.9,-0.0,-0.8
2025-08-21,355150,9730.0,1.16,0.2,-0.0,-0.2
2025-08-22,355150,9770.0,1.18,0.5,0.1,-0.7
2025-08-25,355150,10010.0,1.24,-0.0,-0.1,0.1
2025-08-26,355150,9990.0,1.24,0.2,0.0,-0.2
2025-08-27,355150,10030.0,1.26,0.6,0.0,-0.6
2025-08-28,355150,11720.0,1.34,10.5,-1.5,-9.1
2025-08-29,355150,11270.0,2.53,-7.3,0.1,7.3
2025-09-01,355150,11130.0,1.72,0.7,0.1,-0.9
2025-09-02,355150,10680.0,1.8,-1.6,0.2,1.4
2025-09-03,355150,11400.0,1.61,-1.8,-0.1,1.9
2025-09-04,355150,11300.0,1.4,-3.4,0.0,3.2
2025-09-05,355150,11270.0,1.02,-0.2,,0.2
2025-09-08,355150,12160.0,1.0,10.8,-0.6,-9.8
2025-09-09,355150,11800.0,2.15,-0.6,0.1,0.7
2025-09-10,355150,11820.0,2.08,-1.0,-0.2,1.3
2025-09-11,355150,11560.0,1.97,0.1,0.2,0.2
2025-09-12,355150,11410.0,1.99,-0.1,0.2,-0.1
2025-09-15,355150,12330.0,1.97,7.0,-1.2,-5.8
2025-09-16,355150,13650.0,2.71,5.8,-0.9,-6.6
2025-09-17,355150,13800.0,3.27,6.4,-0.4,-5.9
2025-09-18,355150,13830.0,3.86,-0.7,0.3,0.5
2025-09-19,355150,13350.0,3.79,-0.4,0.3,0.1
2025-09-22,355150,13400.0,3.75,0.6,0.2,-1.1
2025-09-23,355150,13460.0,3.64,2.4,0.4,-2.7
2025-09-24,355150,12750.0,3.87,-2.8,2.0,0.8
2025-09-25,355150,12250.0,3.59,-0.5,0.1,0.3
2025-09-26,355150,11990.0,3.54,0.2,0.6,-0.8
2025-09-29,355150,12060.0,3.44,-0.8,0.0,0.7
2025-09-30,355150,12110.0,3.36,-1.0,,1.0
2025-10-01,355150,11910.0,3.25,-1.5,0.4,1.2
2025-10-02,355150,11990.0,3.12,-2.2,0.1,2.3
2025-10-10,355150,12450.0,2.87,-0.2,-0.1,0.3
2025-10-13,355150,12000.0,2.85,-0.5,0.0,0.4
2025-10-14,355150,13270.0,2.81,7.3,-2.3,-5.1
2025-10-15,355150,15060.0,3.54,8.6,5.5,-12.8
2025-10-16,355150,15200.0,4.29,4.2,6.1,0.6
2025-10-17,355150,14160.0,4.64,-4.1,6.0,-2.8
2025-10-20,355150,14000.0,4.28,-1.2,2.2,-1.0
2025-10-21,355150,14240.0,4.16,-0.1,1.9,-1.8
2025-10-22,355150,13930.0,4.17,-1.1,-0.5,1.5
2025-10-23,355150,13890.0,4.07,-1.2,0.1,0.9
2025-10-24,355150,13130.0,3.96,-4.3,6.5,-2.3
2025-10-27,355150,13490.0,3.56,-4.2,6.8,-2.4
2025-10-28,355150,13210.0,3.16,-2.4,0.1,2.2
2025-10-29,355150,13800.0,2.94,-3.4,2.5,0.9
2025-10-30,355150,13600.0,2.62,-6.6,6.1,0.4
2025-10-31,355150,13400.0,2.0,-1.6,-0.2,1.8
2025-11-03,355150,12870.0,1.84,-2.1,-0.5,2.6
2025-11-04,355150,13130.0,1.63,0.6,4.5,-4.5
2025-11-05,355150,12700.0,1.68,-2.0,-1.1,3.1
2025-11-06,355150,12490.0,1.48,1.4,-2.2,1.4
2025-11-07,355150,11700.0,1.62,0.6,0.5,-1.3
2025-11-10,355150,11550.0,1.69,1.0,0.0,-1.1
2025-11-11,355150,11930.0,1.8,-0.6,0.0,0.6
2025-11-12,355150,12450.0,1.73,0.4,-0.0,-0.2
2025-11-13,355150,13200.0,1.77,-0.3,-1.2,1.3
2025-11-14,355150,12860.0,1.74,1.3,5.0,-5.9
2025-11-17,355150,13210.0,1.86,-0.2,2.0,-1.6
2025-11-18,355150,12430.0,1.85,-1.1,-0.5,1.6
2025-11-19,355150,11890.0,1.73,-0.7,-0.1,0.7
2025-11-20,355150,12060.0,1.66,-0.7,-0.0,0.7
2025-11-21,355150,11060.0,1.59,-1.6,0.1,1.6
2025-11-24,355150,10960.0,1.41,0.5,0.2,-0.8
2025-11-25,355150,11580.0,1.47,-0.6,1.1,-0.5
2025-11-26,355150,12350.0,1.4,1.1,2.1,-3.2
2025-11-27,355150,14090.0,1.52,16.3,2.0,-13.7
2025-11-28,355150,14060.0,3.03,2.1,1.9,3.9
2025-12-01,355150,13600.0,3.22,2.9,-1.4,-0.7
2025-12-02,355150,13730.0,3.5,0.4,-0.9,0.5
2025-12-03,355150,13950.0,3.54,0.9,-1.4,1.6
2025-12-04,355150,13200.0,3.62,-6.5,1.7,5.7
2025-12-05,355150,12600.0,3.03,-4.3,0.8,3.5
2025-12-08,355150,11950.0,2.59,2.5,-6.5,3.9
2025-12-09,355150,12090.0,2.85,-1.2,0.1,0.9
2025-12-10,355150,12000.0,2.72,-0.3,0.2,0.0
2025-12-11,355150,12050.0,2.69,0.0,0.0,-0.0
2025-12-12,355150,11730.0,2.69,0.1,-3.3,3.1
2025-12-15,355150,11330.0,2.71,-0.2,0.1,0.1
2025-12-16,355150,11240.0,2.69,-0.2,,0.7
2025-12-17,355150,11530.0,2.67,-1.0,-0.0,0.7
2025-12-18,355150,11500.0,2.56,-3.5,-0.0,3.3
2025-12-19,355150,11900.0,2.16,-1.0,-0.2,1.0
2025-12-22,355150,12210.0,2.05,-1.2,-0.3,1.1
2025-12-23,355150,12390.0,1.93,-1.0,0.8,-0.1
2025-12-24,355150,12510.0,1.82,-0.8,0.2,0.6
2025-12-26,355150,12140.0,1.75,-0.1,-0.0,0.2
2025-12-29,355150,13300.0,1.74,8.1,-0.0,-8.3
2025-12-30,355150,13500.0,2.54,6.2,-0.0,-6.0
2026-01-02,355150,13700.0,3.11,-0.1,-0.0,0.2
2026-01-05,355150,13470.0,3.1,-0.2,0.1,0.1
2026-01-06,355150,13640.0,3.08,1.0,-0.0,-1.0
2026-01-07,355150,13640.0,3.22,0.6,-0.0,-0.7
2026-01-08,355150,13260.0,3.28,-0.1,-0.0,0.1
2026-01-09,355150,13720.0,3.27,0.4,0.0,-0.5
2026-01-12,355150,13690.0,3.31,-0.5,0.0,-0.4
2026-01-13,355150,13810.0,3.26,-1.3,-0.0,1.5
2026-01-14,355150,13340.0,3.17,0.3,0.2,0.8
2026-01-15,355150,12950.0,3.2,-1.7,-0.2,2.0
2026-01-16,355150,12680.0,3.03,0.2,-0.0,-0.2
2026-01-19,355150,12500.0,3.05,0.9,-0.3,-0.6
2026-01-20,355150,13000.0,3.14,0.4,0.7,-1.0
2026-01-21,355150,12250.0,3.18,-1.7,-0.0,1.7
2026-01-22,355150,12500.0,3.01,2.6,0.1,-2.4
2026-01-23,355150,12710.0,3.27,4.1,0.8,-4.9
2026-01-26,355150,12980.0,3.69,0.8,-0.2,-0.7
2026-01-27,355150,12780.0,3.78,1.3,0.0,-1.3
2026-01-28,355150,14920.0,3.91,10.8,5.2,-18.8
2026-01-29,355150,14930.0,4.91,1.0,-3.5,1.7
2026-01-30,355150,14870.0,5.0,-2.9,-0.1,3.0
2026-02-02,355150,13940.0,4.75,1.9,0.0,-1.7
2026-02-03,355150,14430.0,4.9,2.3,0.0,-2.7
2026-02-04,355150,15660.0,5.11,5.5,1.6,-6.7
2026-02-05,355150,14250.0,5.57,-4.4,-0.8,6.6
2026-02-06,355150,13180.0,5.21,-1.9,-1.7,7.4
2026-02-09,355150,13630.0,5.03,-0.0,0.3,-0.2
2026-02-10,355150,13890.0,5.03,0.5,0.2,-1.0
2026-02-11,355150,15550.0,5.07,6.9,-0.6,-6.9
2026-02-12,355150,15960.0,5.67,-3.3,-0.0,2.6
2026-02-13,355150,15200.0,5.4,-1.9,0.7,1.7
2026-02-19,355150,15110.0,5.25,0.3,-0.0,-0.3
2026-02-20,355150,16090.0,5.28,5.4,-0.6,-5.0
2026-02-23,355150,18100.0,5.72,6.4,0.5,-7.2
2026-02-24,355150,18280.0,6.18,5.7,-2.1,-3.3
2026-02-25,355150,17350.0,6.55,-4.2,-1.5,5.5
2026-02-26,355150,21700.0,6.26,-9.7,5.8,6.6
2026-02-27,355150,20800.0,5.69,-5.8,-9.2,14.4
2026-03-03,355150,18310.0,5.35,8.0,-5.6,-2.5
2026-03-04,355150,15930.0,5.88,5.0,-2.6,-2.4
2026-03-05,355150,16400.0,6.26,8.1,0.1,-5.5
2026-03-06,355150,16040.0,6.93,5.6,-2.7,-3.3
2026-03-09,355150,14260.0,7.38,-4.5,-0.0,4.3
2026-03-10,355150,16250.0,6.97,2.3,-0.7,-1.6
2026-03-11,355150,17420.0,7.18,-8.0,3.9,4.0
2026-03-12,355150,19950.0,6.57,-17.7,6.2,9.7
2026-03-13,355150,22500.0,5.36,5.1,-6.8,3.5
2026-03-16,355150,23400.0,5.64,6.4,-4.5,-0.9
2026-03-17,355150,21700.0,6.01,-7.7,6.2,3.3
2026-03-18,355150,21700.0,5.58,-1.0,1.6,-1.5
2026-03-19,355150,23950.0,5.54,-2.4,11.1,-9.3
2026-03-20,355150,24050.0,5.5,-15.3,5.1,8.9
2026-03-23,355150,22100.0,4.68,6.5,0.7,-5.5
2026-03-24,355150,22250.0,5.06,4.2,0.4,-4.5
2026-03-25,355150,23750.0,5.31,4.3,0.8,-4.0
2026-03-26,355150,24100.0,5.54,0.4,-2.5,2.5
2026-03-27,355150,23300.0,5.56,0.1,-0.4,0.1
2026-03-30,355150,22050.0,5.58,7.0,-1.7,-5.4
2026-03-31,355150,20750.0,5.99,5.8,-0.1,-4.8
2026-04-01,355150,22500.0,6.37,1.5,1.9,-3.4
2026-04-02,355150,22600.0,6.45,8.4,-2.0,-8.2
2026-04-03,355150,25000.0,6.93,7.4,11.9,-17.8
2026-04-06,355150,24200.0,7.34,-3.5,1.4,0.5
2026-04-07,355150,22450.0,7.15,1.8,0.8,-2.5
2026-04-08,355150,22750.0,7.26,-14.6,7.1,7.6
2026-04-09,355150,21800.0,6.44,4.6,-5.6,1.1
2026-04-10,355150,20800.0,6.56,0.1,-8.0,4.9
2026-04-13,355150,21550.0,6.56,2.4,-1.6,-0.9
2026-04-14,355150,21650.0,6.72,-1.4,-9.8,11.1
2026-04-15,355150,19710.0,6.57,-22.2,-11.0,31.2
2026-04-16,355150,19000.0,5.14,-2.4,0.5,7.3
2026-04-17,355150,19420.0,4.99,-4.0,1.7,2.4
2026-04-20,355150,21050.0,4.72,18.1,8.8,-24.7
2026-04-21,355150,22200.0,5.84,10.9,0.4,-12.8
2026-04-22,355150,25500.0,6.42,20.6,-5.6,-11.5
2026-04-23,355150,33150.0,7.49,-20.3,4.8,49.6
2026-04-24,355150,36500.0,6.64,17.9,25.0,-50.0
2026-04-27,355150,41550.0,7.36,12.8,-19.4,1.6
2026-04-28,355150,41300.0,7.81,-7.3,-19.2,26.7
2026-04-29,355150,47000.0,7.6,19.9,1.7,-19.8
2026-04-30,355150,51000.0,8.2,17.6,-11.4,-4.7
2026-05-04,355150,51100.0,8.67,5.6,1.7,-6.5
2026-05-06,355150,51100.0,8.81,25.4,-25.8,-2.2
2026-05-07,355150,50800.0,9.49,14.6,-14.9,0.6
2026-05-08,355150,55100.0,9.87,15.8,0.2,-12.1
2026-05-11,355150,58900.0,10.27,17.0,-5.0,0.0
2026-05-12,355150,56500.0,10.64,14.0,-7.3,-6.5
2026-05-13,355150,55600.0,10.99,1.5,-11.1,12.8
2026-05-14,355150,55500.0,11.02,21.9,0.4,-20.1
2026-05-15,355150,49850.0,11.52,20.0,-10.1,-6.4
2026-05-18,355150,57600.0,12.04,77.3,-6.4,-76.4
2026-05-19,355150,50100.0,13.96,-0.2,-0.3,2.9
2026-05-20,355150,44850.0,13.64,87.2,-26.3,-50.6
2026-05-21,355150,39800.0,16.23,-2.5,-13.2,23.7
2026-05-22,355150,42500.0,16.19,37.5,-6.8,-29.1
2026-05-26,355150,47800.0,17.34,13.7,-0.5,-12.8
2026-05-27,355150,44200.0,17.73,-48.9,9.6,40.6
2026-05-28,355150,41400.0,16.39,12.6,-11.1,0.0
2026-05-29,355150,38350.0,16.8,59.2,-17.8,-36.6
2026-06-01,355150,38250.0,18.77,41.2,3.1,-39.7
2026-06-02,355150,39400.0,20.23,-12.0,26.3,-10.8
2026-06-04,355150,39650.0,19.84,-5.9,3.9,3.1
2026-06-05,355150,36400.0,19.55,6.6,2.6,-8.9
2026-06-08,355150,32050.0,19.62,3.8,4.7,-10.0
2026-06-09,355150,33550.0,19.78,2.9,2.5,-5.7
2026-06-10,355150,32100.0,19.89,5.0,6.0,-11.1
2026-06-11,355150,33400.0,20.09,-4.6,4.8,0.7
2026-06-12,355150,33900.0,19.92,-10.3,-0.7,10.3
2026-06-15,355150,33100.0,19.55,-1.4,-0.0,2.3
2026-06-16,355150,32850.0,19.5,-9.2,8.8,1.3
2026-06-17,355150,33450.0,19.16,-0.8,-0.4,1.6
2026-06-18,355150,30750.0,19.12,1.2,-0.8,0.9
2026-06-19,355150,31250.0,19.17,5.7,3.6,-8.9
2026-06-22,355150,30400.0,19.44,-0.2,-0.5,1.1
2026-06-23,355150,28650.0,19.44,7.8,1.3,-9.1
2026-06-24,355150,28350.0,19.77,4.7,-0.4,-4.3
2026-06-25,355150,26600.0,19.98,12.5,-7.4,-5.5
2026-06-26,355150,24900.0,20.58,11.8,-3.2,-8.6
2026-06-29,355150,24900.0,21.19,0.6,0.0,-0.6
2026-06-30,355150,25000.0,21.2,0.6,-0.7,0.3
2026-07-01,355150,27800.0,21.23,-5.9,3.9,1.9
2026-07-02,355150,21350.0,20.95,-10.5,4.0,6.5
2026-07-03,355150,22400.0,20.39,2.5,-0.1,-2.4
2026-07-06,355150,21000.0,20.55,0.8,-0.1,-0.5
2026-07-07,355150,19760.0,20.59,0.5,-0.1,-0.3
2026-07-08,355150,18020.0,20.64,2.5,-0.1,-2.4
2026-07-09,355150,18860.0,20.81,-0.9,-0.4,0.2
2026-07-10,355150,21800.0,20.75,-4.5,-0.0,1.3
2026-07-13,355150,21900.0,20.48,-8.2,-0.2,8.4
2026-07-14,355150,18460.0,20.02,-1.5,-0.2,5.4
2026-07-15,355150,19620.0,19.94,0.2,-0.0,-0.2
2026-07-16,355150,18380.0,19.95,-0.1,-0.0,0.1
2025-07-14,355390,8810.0,0.67,-0.3,-1.8,1.9
2025-07-15,355390,9090.0,0.67,-0.5,0.6,-0.1
2025-07-16,355390,8870.0,0.82,-1.0,0.1,1.0
2025-07-17,355390,8730.0,0.7,-0.3,0.2,0.0
2025-07-18,355390,8720.0,0.69,-0.1,-0.0,0.2
2025-07-21,355390,8300.0,0.75,-0.6,-0.0,0.6
2025-07-22,355390,9110.0,0.66,0.8,0.1,-1.1
2025-07-23,355390,8490.0,0.79,1.1,0.1,-1.2
2025-07-24,355390,8330.0,0.94,-1.3,-0.0,1.5
2025-07-25,355390,8250.0,0.77,0.3,0.0,-0.3
2025-07-28,355390,8850.0,0.81,2.5,0.0,-2.5
2025-07-29,355390,8550.0,1.12,0.2,0.1,-0.4
2025-07-30,355390,8840.0,1.14,-0.3,0.2,0.2
2025-07-31,355390,8390.0,1.11,-0.6,0.1,0.5
2025-08-01,355390,8670.0,1.01,-1.3,0.1,1.0
2025-08-04,355390,7260.0,0.89,-0.6,-0.5,0.5
2025-08-05,355390,7190.0,0.88,1.5,-8.1,3.5
2025-08-06,355390,6860.0,1.18,1.4,-0.5,-0.8
2025-08-07,355390,6780.0,1.39,1.5,0.2,-1.5
2025-08-08,355390,6600.0,1.62,-1.2,-0.2,1.3
2025-08-11,355390,6620.0,1.44,1.1,-0.7,-0.3
2025-08-12,355390,6660.0,1.61,-0.1,-0.0,0.2
2025-08-13,355390,6770.0,1.59,-0.5,0.3,0.3
2025-08-14,355390,6660.0,1.52,-1.4,0.2,1.2
2025-08-18,355390,6600.0,1.27,-0.1,0.1,-0.0
2025-08-19,355390,6600.0,1.25,-0.1,0.0,-0.2
2025-08-20,355390,6310.0,1.24,0.4,0.1,-0.5
2025-08-21,355390,6430.0,1.31,-0.0,-0.3,0.3
2025-08-22,355390,6440.0,1.31,0.2,-0.1,-0.1
2025-08-25,355390,6480.0,1.32,0.1,0.0,-0.2
2025-08-26,355390,6320.0,1.34,-0.2,-0.2,0.5
2025-08-27,355390,6240.0,1.31,-0.2,-0.4,0.5
2025-08-28,355390,5750.0,1.28,12.6,-20.4,5.4
2025-08-29,355390,5890.0,3.68,3.1,-2.0,-1.4
2025-09-01,355390,5840.0,3.55,5.0,-0.7,-4.3
2025-09-02,355390,6020.0,4.2,4.6,-3.4,-1.2
2025-09-03,355390,5940.0,4.76,-0.1,-0.1,0.2
2025-09-04,355390,5910.0,4.75,0.5,-0.4,-0.3
2025-09-05,355390,5810.0,4.82,0.0,-0.0,-0.2
2025-09-08,355390,5610.0,4.82,1.3,-3.7,2.1
2025-09-09,355390,5810.0,5.06,0.9,-0.5,-0.4
2025-09-10,355390,5990.0,5.18,2.6,-2.2,0.1
2025-09-11,355390,5950.0,5.49,-5.1,0.8,4.2
2025-09-12,355390,5960.0,4.89,7.9,-13.7,5.8
2025-09-15,355390,5910.0,5.88,-0.8,-0.8,1.7
2025-09-16,355390,5710.0,5.78,-3.5,-1.1,4.5
2025-09-17,355390,5750.0,5.34,0.6,-1.1,0.7
2025-09-18,355390,5740.0,5.41,1.5,-2.1,0.6
2025-09-19,355390,5650.0,5.6,-0.1,0.0,0.1
2025-09-22,355390,5660.0,5.58,0.5,-2.0,1.5
2025-09-23,355390,5920.0,5.5,3.2,-0.2,-2.8
2025-09-24,355390,5710.0,5.9,-1.5,-0.0,1.5
2025-09-25,355390,6130.0,5.7,2.6,-0.5,-2.2
2025-09-26,355390,5750.0,5.86,-5.0,-0.0,5.4
2025-09-29,355390,5950.0,5.23,1.7,-0.6,-1.1
2025-09-30,355390,5720.0,5.43,-4.3,0.0,4.2
2025-10-01,355390,5720.0,4.88,0.3,0.0,-0.3
2025-10-02,355390,5720.0,4.94,0.5,-0.1,-0.4
2025-10-10,355390,5680.0,4.97,-2.5,0.0,2.5
2025-10-13,355390,5580.0,4.65,1.1,-0.5,-0.6
2025-10-14,355390,5330.0,4.79,-2.7,-1.1,3.5
2025-10-15,355390,5500.0,4.44,1.4,-0.4,-0.9
2025-10-16,355390,5410.0,4.63,-0.0,-0.1,0.1
2025-10-17,355390,5180.0,4.64,1.7,-2.3,0.6
2025-10-20,355390,5310.0,4.86,0.5,,-0.5
2025-10-21,355390,5250.0,4.93,0.9,0.0,-0.9
2025-10-22,355390,5200.0,5.05,-0.2,0.0,0.1
2025-10-23,355390,5140.0,5.01,0.3,0.0,-0.3
2025-10-24,355390,5110.0,5.05,-0.5,0.0,0.6
2025-10-27,355390,5110.0,4.99,0.1,0.0,-0.1
2025-10-28,355390,5190.0,5.01,-0.6,,0.5
2025-10-29,355390,5530.0,4.93,-1.2,-0.0,1.1
2025-10-30,355390,5310.0,4.78,-1.3,0.0,1.4
2025-10-31,355390,5560.0,4.61,1.8,-0.0,-1.8
2025-11-03,355390,5690.0,4.84,0.8,-0.0,-0.7
2025-11-04,355390,5470.0,4.94,-1.3,0.0,1.3
2025-11-05,355390,5320.0,4.77,0.3,0.0,-0.3
2025-11-06,355390,5340.0,4.81,-0.7,0.0,0.8
2025-11-07,355390,5080.0,4.71,1.1,-2.4,1.2
2025-11-10,355390,5110.0,4.87,0.4,,-0.4
2025-11-11,355390,5050.0,4.92,-1.4,,1.3
2025-11-12,355390,5190.0,4.72,1.3,0.0,-1.3
2025-11-13,355390,5200.0,4.89,0.2,-0.0,-0.1
2025-11-14,355390,4985.0,4.8,-3.3,0.0,3.2
2025-11-17,355390,4845.0,4.31,-0.8,0.0,0.8
2025-11-18,355390,4615.0,4.19,0.0,0.0,0.0
2025-11-19,355390,4600.0,4.19,0.3,,-0.3
2025-11-20,355390,4880.0,4.46,0.3,-0.0,-0.3
2025-11-21,355390,4615.0,4.51,-0.4,-0.0,0.4
2025-11-24,355390,4680.0,4.45,0.3,,-0.3
2025-11-25,355390,4690.0,4.49,0.3,,-0.3
2025-11-26,355390,4870.0,4.54,0.9,-0.0,-0.9
2025-11-27,355390,4780.0,4.93,-0.0,-0.0,-0.0
2025-11-28,355390,4885.0,4.93,0.3,-0.0,-0.3
2025-12-01,355390,4805.0,4.98,-0.5,0.0,0.5
2025-12-02,355390,4885.0,4.92,0.3,,-0.3
2025-12-03,355390,4810.0,4.97,0.2,-0.4,0.2
2025-12-04,355390,4715.0,5.0,-0.3,,0.3
2025-12-05,355390,4740.0,4.95,0.7,,-0.7
2025-12-08,355390,4780.0,5.05,1.0,-0.0,-1.0
2025-12-09,355390,4780.0,5.2,0.1,,-0.1
2025-12-10,355390,4660.0,5.22,1.2,,2.2
2025-12-11,355390,4730.0,5.4,1.4,-0.0,-1.4
2025-12-12,355390,5420.0,5.62,2.6,-0.0,-2.3
2025-12-15,355390,5160.0,5.98,-5.3,-0.0,5.2
2025-12-16,355390,4810.0,5.22,-2.9,,2.9
2025-12-17,355390,4280.0,5.42,-5.8,,5.8
2025-12-18,355390,4030.0,4.46,0.7,0.0,-0.7
2025-12-19,355390,3805.0,4.59,3.7,0.0,-4.0
2025-12-22,355390,3865.0,5.34,-0.3,,0.4
2025-12-23,355390,3505.0,5.29,-0.7,0.0,0.7
2025-12-24,355390,3450.0,5.22,-0.2,,0.2
2025-12-26,355390,3250.0,5.13,1.4,0.0,1.1
2025-12-29,355390,3510.0,5.44,0.0,-0.0,-0.0
2025-12-30,355390,3375.0,5.45,-0.2,,0.2
2026-01-02,355390,3450.0,5.41,0.2,0.0,-0.2
2026-01-05,355390,3505.0,5.46,0.1,0.0,-0.1
2026-01-06,355390,3535.0,5.49,-0.2,,0.2
2026-01-07,355390,3400.0,5.45,-1.0,,0.9
2026-01-08,355390,3350.0,5.23,0.3,-0.2,-0.1
2026-01-09,355390,3380.0,5.3,-0.2,-0.0,0.2
2026-01-12,355390,3320.0,5.26,-0.0,0.0,0.3
2026-01-13,355390,3500.0,5.28,1.1,0.0,-1.1
2026-01-14,355390,3630.0,5.51,0.3,-0.0,-0.4
2026-01-15,355390,3715.0,5.59,-0.7,-0.0,0.6
2026-01-16,355390,3585.0,5.46,-1.2,0.0,1.2
2026-01-19,355390,3490.0,5.22,0.2,,-0.2
2026-01-20,355390,3725.0,5.26,1.4,,-1.4
2026-01-21,355390,3520.0,5.54,-1.5,,1.5
2026-01-22,355390,3525.0,5.23,0.2,,-0.2
2026-01-23,355390,3745.0,5.26,1.3,,-1.3
2026-01-26,355390,3800.0,5.52,-0.7,0.0,0.8
2026-01-27,355390,3830.0,5.39,-0.5,,0.5
2026-01-28,355390,3740.0,5.3,1.1,,-1.1
2026-01-29,355390,3660.0,5.52,0.8,0.0,-0.7
2026-01-30,355390,3385.0,5.68,-1.1,,1.0
2026-02-02,355390,3395.0,5.46,-1.1,,1.1
2026-02-03,355390,3450.0,5.23,-1.0,-0.0,1.0
2026-02-04,355390,3450.0,5.01,0.5,-0.0,-0.5
2026-02-05,355390,3500.0,5.1,-1.2,-0.3,1.4
2026-02-06,355390,3450.0,4.83,1.1,,-1.1
2026-02-09,355390,3355.0,5.04,-1.8,,1.9
2026-02-10,355390,3425.0,4.63,1.2,,-0.9
2026-02-11,355390,3410.0,4.89,-0.7,,0.7
2026-02-12,355390,3410.0,4.75,0.1,,-0.1
2026-02-13,355390,3230.0,4.78,-1.3,,1.3
2026-02-19,355390,3135.0,4.49,-0.2,,0.2
2026-02-20,355390,3035.0,4.44,0.3,,-0.3
2026-02-23,355390,3320.0,4.63,2.8,0.0,-2.9
2026-02-24,355390,3255.0,5.29,0.1,0.0,-0.0
2026-02-25,355390,3115.0,4.67,-0.6,,0.6
2026-02-26,355390,3060.0,4.54,-0.3,,0.3
2026-02-27,355390,2995.0,4.19,-1.1,,1.1
2026-03-03,355390,2750.0,3.95,1.2,0.0,-1.2
2026-03-04,355390,2365.0,3.93,1.3,0.0,-1.3
2026-03-05,355390,2615.0,4.28,0.8,-0.0,-0.8
2026-03-06,355390,2645.0,4.47,0.2,0.0,-0.3
2026-03-09,355390,2475.0,4.52,-0.2,-0.1,0.3
2026-03-10,355390,2520.0,4.48,-0.3,0.0,0.3
2026-03-11,355390,2545.0,4.4,1.0,-0.0,-1.0
2026-03-12,355390,2580.0,4.65,0.1,-0.0,-0.1
2026-03-13,355390,2690.0,4.66,0.7,-0.3,-0.4
2026-03-16,355390,2710.0,4.83,0.2,-0.0,-0.2
2026-03-17,355390,2735.0,4.88,0.1,0.0,-0.1
2026-03-18,355390,2790.0,4.89,0.0,0.0,-0.0
2026-03-19,355390,2710.0,4.9,0.3,0.0,-0.3
2026-03-20,355390,2775.0,4.97,0.6,,-0.6
2026-03-23,355390,2655.0,5.11,-0.6,,0.7
2026-03-24,355390,2660.0,4.95,0.2,0.0,-0.2
2026-03-25,355390,2670.0,5.0,0.1,-0.0,-0.1
2026-03-26,355390,2600.0,5.02,-0.3,0.0,0.3
2026-03-27,355390,2585.0,4.96,0.3,-0.0,-0.3
2026-03-30,355390,2535.0,5.03,0.1,-0.0,-0.1
2026-03-31,355390,2480.0,5.06,0.0,-0.0,-0.1
2026-04-01,355390,2650.0,5.08,0.6,-0.0,-0.6
2026-04-02,355390,2445.0,5.23,-0.4,0.0,0.4
2026-04-03,355390,2500.0,5.13,0.1,0.0,-0.1
2026-04-06,355390,2375.0,5.16,-0.5,0.0,0.5
2026-04-07,355390,2325.0,5.04,0.0,-0.0,-0.0
2026-04-08,355390,2440.0,5.05,0.6,0.0,-0.6
2026-04-09,355390,2365.0,5.2,-0.2,-0.0,0.1
2026-04-10,355390,2380.0,5.14,-0.3,0.0,0.3
2026-04-13,355390,2540.0,5.07,0.6,,-0.7
2026-04-14,355390,3300.0,5.21,-1.8,-0.0,1.9
2026-04-15,355390,3430.0,4.82,-13.9,,14.0
2026-04-16,355390,3385.0,2.21,-5.4,,5.7
2026-04-17,355390,3240.0,1.2,0.6,,-1.1
2026-04-20,355390,3410.0,1.32,0.1,,0.2
2026-04-21,355390,3510.0,1.35,-3.4,,3.6
2026-04-22,355390,3590.0,0.77,-0.5,,0.5
2026-04-23,355390,3370.0,0.59,0.4,,-0.5
2026-04-24,355390,3325.0,0.65,0.2,,-0.3
2026-04-27,355390,3450.0,0.7,-0.1,0.0,0.1
2026-04-28,355390,3775.0,0.68,3.5,0.0,-4.0
2026-04-29,355390,3525.0,1.3,-1.2,0.0,1.8
2026-04-30,355390,3425.0,1.05,0.6,0.0,-0.5
2026-05-04,355390,3345.0,1.15,-0.7,-0.0,0.9
2026-05-06,355390,3385.0,1.01,-0.1,-0.0,0.2
2026-05-07,355390,3450.0,0.99,-1.0,-0.0,1.0
2026-05-08,355390,3450.0,0.8,-0.2,0.0,0.3
2026-05-11,355390,3310.0,0.76,-0.3,-0.0,0.4
2026-05-12,355390,3150.0,0.71,0.5,0.0,-0.5
2026-05-13,355390,3125.0,0.8,0.3,0.0,-0.3
2026-05-14,355390,3360.0,1.07,0.3,0.0,-0.4
2026-05-15,355390,3225.0,1.13,-0.3,-0.0,0.3
2026-05-18,355390,2955.0,1.08,0.1,-0.0,-0.1
2026-05-19,355390,2800.0,1.12,1.0,0.0,-1.0
2026-05-20,355390,2585.0,1.34,0.9,0.0,-0.9
2026-05-21,355390,2685.0,1.56,-0.0,-0.0,-0.0
2026-05-22,355390,2725.0,1.58,-0.3,-0.0,0.3
2026-05-26,355390,2660.0,1.51,-0.2,0.0,0.2
2026-05-27,355390,2500.0,1.47,0.6,0.0,0.4
2026-05-28,355390,2470.0,1.63,-0.3,0.0,0.4
2026-05-29,355390,2545.0,1.55,-1.4,-0.0,1.5
2026-06-01,355390,3305.0,1.21,-1.6,0.0,1.0
2026-06-02,355390,3065.0,0.88,-0.8,-0.0,1.5
2026-06-04,355390,2980.0,0.78,0.2,0.0,-0.2
2026-06-05,355390,2865.0,0.87,-1.6,0.0,1.6
2026-06-08,355390,2480.0,0.58,0.2,-0.0,-0.2
2026-06-09,355390,2520.0,0.85,0.8,-0.0,-0.8
2026-06-10,355390,2765.0,1.05,-0.1,0.1,-2.4
2026-06-11,355390,3110.0,1.05,-0.8,-0.1,0.9
2026-06-12,355390,2880.0,0.94,-1.1,-0.1,1.3
2026-06-15,355390,2880.0,0.72,0.9,-0.0,0.6
2026-06-16,355390,2700.0,0.86,-0.6,-0.0,0.6
2026-06-17,355390,2575.0,0.76,0.4,-0.1,0.5
2026-06-18,355390,2710.0,0.96,-0.4,-0.0,0.6
2026-06-19,355390,2700.0,0.89,0.0,-0.0,-0.0
2026-06-22,355390,2520.0,0.94,-0.0,-0.0,0.0
2026-06-23,355390,2340.0,0.93,0.3,0.0,0.7
2026-06-24,355390,2295.0,1.03,0.2,-0.0,0.2
2026-06-25,355390,2090.0,1.13,0.5,0.0,0.9
2026-06-26,355390,1850.0,1.33,1.9,-0.0,0.2
2026-06-29,355390,1769.0,1.99,-0.9,-0.0,0.9
2026-06-30,355390,1711.0,1.67,-0.2,-0.0,0.2
2026-07-01,355390,1809.0,1.62,-0.1,,0.0
2026-07-02,355390,1671.0,1.59,-0.4,-0.0,0.4
2026-07-03,355390,1700.0,1.46,-0.2,-0.0,0.2
2026-07-06,355390,1738.0,1.45,0.2,-0.0,-0.2
2026-07-07,355390,1699.0,1.47,-0.0,0.0,0.1
2026-07-08,355390,1734.0,1.45,-0.5,-0.0,0.5
2026-07-09,355390,1700.0,1.29,0.5,0.0,-0.5
2026-07-10,355390,1759.0,1.45,0.6,-0.0,-0.6
2026-07-13,355390,1640.0,1.66,-0.3,0.0,0.3
2026-07-14,355390,1612.0,1.55,-0.0,-0.0,0.0
2026-07-15,355390,1645.0,1.55,0.1,-0.0,-0.1
2026-07-16,355390,1582.0,1.59,0.1,-0.0,-0.0
2025-07-14,355690,6070.0,2.25,0.0,,-0.0
2025-07-15,355690,5830.0,2.25,0.0,,-0.0
2025-07-16,355690,6430.0,2.26,1.0,,-0.9
2025-07-17,355690,6530.0,2.56,0.0,,0.0
2025-07-18,355690,6400.0,2.56,-0.1,,0.1
2025-07-21,355690,6380.0,2.53,0.1,,-0.1
2025-07-22,355690,6280.0,2.55,-0.2,,0.2
2025-07-23,355690,6060.0,2.48,-0.2,,0.2
2025-07-24,355690,6040.0,2.41,-0.0,,0.0
2025-07-25,355690,6060.0,2.4,0.2,,-0.2
2025-07-28,355690,5900.0,2.47,-0.1,,0.0
2025-07-29,355690,5840.0,2.45,-0.0,,0.0
2025-07-30,355690,6150.0,2.45,0.3,,-0.2
2025-07-31,355690,6750.0,2.54,-2.7,,2.9
2025-08-01,355690,6620.0,1.86,1.1,,-1.1
2025-08-04,355690,6610.0,2.17,0.0,,-0.1
2025-08-05,355690,7170.0,2.15,-0.1,,-0.0
2025-08-06,355690,7090.0,2.16,-0.5,0.0,0.6
2025-08-07,355690,7090.0,2.04,-0.3,,0.3
2025-08-08,355690,6910.0,1.95,-0.2,,0.2
2025-08-11,355690,6990.0,1.9,-0.1,,0.2
2025-08-12,355690,7700.0,1.87,3.2,0.0,-3.1
2025-08-13,355690,7600.0,2.66,-0.8,0.1,0.7
2025-08-14,355690,7780.0,2.48,-0.7,0.0,0.7
2025-08-18,355690,6800.0,2.3,-1.3,,1.3
2025-08-19,355690,6590.0,1.95,-0.3,,0.2
2025-08-20,355690,6650.0,1.88,-0.4,-0.0,0.4
2025-08-21,355690,6740.0,1.76,-0.2,,0.1
2025-08-22,355690,6770.0,1.72,0.1,,-0.1
2025-08-25,355690,6570.0,1.76,0.0,-0.0,0.0
2025-08-26,355690,6800.0,1.76,0.3,0.0,-0.3
2025-08-27,355690,6890.0,1.84,-0.4,0.1,0.3
2025-08-28,355690,6860.0,1.74,-0.4,-0.1,0.5
2025-08-29,355690,7750.0,1.62,2.8,,-2.8
2025-09-01,355690,8500.0,2.33,-6.3,-0.0,6.4
2025-09-02,355690,8870.0,1.01,1.0,,-1.1
2025-09-03,355690,9150.0,1.2,1.9,,-1.9
2025-09-04,355690,9130.0,1.82,-0.9,,1.2
2025-09-05,355690,8740.0,1.63,2.2,,-2.3
2025-09-08,355690,9010.0,2.06,1.0,-0.1,-0.9
2025-09-09,355690,8560.0,2.28,0.5,0.0,-0.5
2025-09-10,355690,9110.0,2.36,0.7,0.0,-0.8
2025-09-11,355690,9090.0,2.52,-0.4,0.0,0.5
2025-09-12,355690,8700.0,2.43,-4.0,0.0,4.0
2025-09-15,355690,8510.0,1.58,0.1,,-0.0
2025-09-16,355690,8010.0,1.6,-0.6,-0.1,0.7
2025-09-17,355690,8030.0,1.47,0.0,,-0.0
2025-09-18,355690,7980.0,1.47,-0.3,,0.2
2025-09-19,355690,7960.0,1.42,-0.0,0.0,0.0
2025-09-22,355690,7470.0,1.41,1.2,-0.0,-1.3
2025-09-23,355690,7410.0,1.71,0.2,-0.0,-0.1
2025-09-24,355690,7320.0,1.76,0.4,,-0.4
2025-09-25,355690,7060.0,1.87,-0.0,0.0,-0.0
2025-09-26,355690,6930.0,1.86,0.6,0.0,-0.6
2025-09-29,355690,7690.0,2.02,1.4,-0.0,-1.4
2025-09-30,355690,8020.0,2.36,0.1,-0.0,-0.0
2025-10-01,355690,7800.0,2.37,-0.6,,0.6
2025-10-02,355690,9200.0,2.23,6.2,0.1,-6.2
2025-10-10,355690,9080.0,3.51,-1.1,-0.1,1.2
2025-10-13,355690,9140.0,3.29,-0.4,0.1,0.4
2025-10-14,355690,9050.0,3.2,-0.5,0.0,0.6
2025-10-15,355690,9150.0,3.11,-0.7,,0.6
2025-10-16,355690,9750.0,2.97,2.0,,-1.9
2025-10-17,355690,9750.0,3.35,-0.2,,0.2
2025-10-20,355690,9550.0,3.32,-0.5,-0.0,0.5
2025-10-21,355690,8960.0,3.23,-1.1,0.0,1.0
2025-10-22,355690,9820.0,3.01,3.1,-0.0,-3.1
2025-10-23,355690,8980.0,3.62,-2.1,0.1,1.9
2025-10-24,355690,8790.0,3.21,-0.8,0.0,0.7
2025-10-27,355690,8800.0,3.05,-1.2,,1.1
2025-10-28,355690,8060.0,2.81,-0.8,0.0,0.8
2025-10-29,355690,7490.0,2.63,-0.2,0.1,0.2
2025-10-30,355690,7460.0,2.57,-1.3,-0.1,1.4
2025-10-31,355690,7830.0,2.25,-0.7,-0.0,0.7
2025-11-03,355690,7830.0,2.09,-0.6,0.0,0.6
2025-11-04,355690,7700.0,1.93,-0.4,-0.1,0.4
2025-11-05,355690,7590.0,1.85,0.2,0.0,-0.3
2025-11-06,355690,7300.0,1.9,-0.1,-0.0,0.1
2025-11-07,355690,7280.0,1.88,-0.2,0.1,0.1
2025-11-10,355690,7180.0,1.83,-0.4,0.0,0.3
2025-11-11,355690,7360.0,1.74,0.1,0.0,-0.1
2025-11-12,355690,7100.0,1.76,-0.0,-0.3,0.3
2025-11-13,355690,7290.0,1.75,-0.6,,0.6
2025-11-14,355690,7100.0,1.61,-0.5,-0.1,0.6
2025-11-17,355690,6600.0,1.49,-0.5,0.1,0.4
2025-11-18,355690,6090.0,1.37,0.3,0.0,-0.3
2025-11-19,355690,6160.0,1.47,-0.1,0.2,-0.1
2025-11-20,355690,5800.0,1.45,0.4,-0.2,-0.1
2025-11-21,355690,5600.0,1.59,-0.3,-0.1,0.4
2025-11-24,355690,5200.0,1.51,1.7,0.0,-1.7
2025-11-25,355690,5330.0,2.11,-0.5,0.0,0.5
2025-11-26,355690,5440.0,1.96,-0.1,0.0,0.1
2025-11-27,355690,5290.0,1.94,-0.4,-0.0,0.7
2025-11-28,355690,5690.0,1.84,0.3,-0.0,-0.1
2025-12-01,355690,5700.0,1.96,-0.3,,0.3
2025-12-02,355690,5890.0,1.87,0.1,,-0.1
2025-12-03,355690,5840.0,1.89,-0.2,0.0,0.2
2025-12-04,355690,5740.0,1.83,-0.2,,0.2
2025-12-05,355690,5650.0,1.77,-0.2,,0.2
2025-12-08,355690,5650.0,1.72,-0.0,-0.0,0.0
2025-12-09,355690,5600.0,1.7,0.4,-0.1,-0.3
2025-12-10,355690,5470.0,1.86,0.4,0.0,-0.5
2025-12-11,355690,5330.0,2.0,0.0,,-0.1
2025-12-12,355690,5300.0,2.01,0.2,,-0.2
2025-12-15,355690,5150.0,2.08,0.0,,-0.1
2025-12-16,355690,4765.0,2.09,0.3,,-0.3
2025-12-17,355690,4720.0,2.19,0.0,-0.0,0.0
2025-12-18,355690,4645.0,2.19,0.5,-0.0,-0.5
2025-12-19,355690,4600.0,2.39,-0.0,0.0,0.0
2025-12-22,355690,4405.0,2.38,0.7,,-0.6
2025-12-23,355690,4355.0,2.65,0.2,,-0.2
2025-12-24,355690,4255.0,2.74,0.5,0.0,-0.6
2025-12-26,355690,4595.0,3.01,-0.9,0.0,0.9
2025-12-29,355690,4720.0,2.66,0.1,,-1.1
2025-12-30,355690,4470.0,2.7,-0.7,-0.0,0.7
2026-01-02,355690,3890.0,2.4,-0.4,-0.0,0.3
2026-01-05,355690,4095.0,2.21,1.3,,-1.3
2026-01-06,355690,4300.0,2.81,0.1,-0.0,0.0
2026-01-07,355690,3910.0,2.82,-0.6,,0.5
2026-01-08,355690,3885.0,2.55,-0.2,-0.0,0.2
2026-01-09,355690,3865.0,2.47,0.1,,-0.1
2026-01-12,355690,3885.0,2.52,-0.2,,0.2
2026-01-13,355690,3920.0,2.45,-0.2,,0.2
2026-01-14,355690,4000.0,2.37,1.3,,-1.3
2026-01-15,355690,4060.0,2.99,-0.2,,0.2
2026-01-16,355690,4005.0,2.9,-0.3,,0.3
2026-01-19,355690,4410.0,2.77,0.9,,-0.9
2026-01-20,355690,4305.0,3.16,0.2,,-0.3
2026-01-21,355690,4330.0,3.13,-0.3,,0.3
2026-01-22,355690,4530.0,2.92,0.1,,-0.1
2026-01-23,355690,4395.0,2.96,-0.5,,0.5
2026-01-26,355690,4400.0,2.75,-0.2,,0.2
2026-01-27,355690,4100.0,2.67,-0.8,,0.8
2026-01-28,355690,4045.0,2.42,-0.4,,0.4
2026-01-29,355690,4200.0,1.93,0.5,,-0.5
2026-01-30,355690,5080.0,2.14,-1.2,,1.2
2026-02-02,355690,4720.0,1.78,-0.2,,0.3
2026-02-03,355690,5120.0,1.69,0.5,,-0.5
2026-02-04,355690,4980.0,1.88,-0.8,,0.8
2026-02-05,355690,4800.0,1.57,-0.4,,0.4
2026-02-06,355690,4655.0,1.42,0.1,,-0.1
2026-02-09,355690,5090.0,1.46,2.2,0.0,-2.2
2026-02-10,355690,5200.0,2.27,1.3,,-1.2
2026-02-11,355690,4945.0,2.85,-0.9,0.0,0.9
2026-02-12,355690,4955.0,2.64,0.2,,-0.2
2026-02-13,355690,5260.0,2.71,1.1,,-1.2
2026-02-19,355690,4860.0,3.11,-2.2,-0.0,2.2
2026-02-20,355690,4795.0,2.27,-0.2,0.0,0.2
2026-02-23,355690,4980.0,2.2,-0.5,0.0,0.5
2026-02-24,355690,4865.0,2.02,-0.2,-0.0,0.2
2026-02-25,355690,4920.0,1.93,0.4,,-0.4
2026-02-26,355690,4900.0,2.08,-0.1,,0.1
2026-02-27,355690,4930.0,2.05,-0.8,,0.8
2026-03-03,355690,5050.0,1.75,1.7,,-1.7
2026-03-04,355690,5020.0,2.37,0.2,,-0.3
2026-03-05,355690,5440.0,2.46,1.6,,-1.6
2026-03-06,355690,5250.0,3.01,-0.6,,0.6
2026-03-09,355690,5470.0,2.79,0.3,,-0.3
2026-03-10,355690,5830.0,2.9,0.8,,-1.1
2026-03-11,355690,5740.0,3.16,-1.2,,1.2
2026-03-12,355690,5910.0,2.77,-0.3,,0.4
2026-03-13,355690,6430.0,2.66,-0.8,,0.8
2026-03-16,355690,5500.0,2.43,-0.7,-0.0,0.7
2026-03-17,355690,5460.0,2.12,-0.3,,0.3
2026-03-18,355690,5660.0,2.02,0.4,,-0.4
2026-03-19,355690,5340.0,2.15,-0.7,,0.7
2026-03-20,355690,5260.0,1.89,-0.1,,0.1
2026-03-23,355690,5150.0,1.85,-0.5,,0.5
2026-03-24,355690,5140.0,1.68,-0.3,,0.3
2026-03-25,355690,5000.0,1.59,-0.4,,0.3
2026-03-26,355690,5100.0,1.46,1.0,-0.2,-0.8
2026-03-27,355690,5090.0,1.85,-0.3,,0.3
2026-03-30,355690,5170.0,1.74,0.1,,-0.1
2026-03-31,355690,5100.0,1.78,-0.5,,0.6
2026-04-01,355690,5040.0,1.59,-0.8,,0.8
2026-04-02,355690,5220.0,1.3,-1.8,,1.3
2026-04-03,355690,5730.0,0.87,0.6,,-0.7
2026-04-06,355690,5550.0,1.1,-0.0,,0.1
2026-04-07,355690,5400.0,1.07,1.4,,-1.4
2026-04-08,355690,5140.0,1.55,0.0,-1.4,1.2
2026-04-09,355690,4945.0,1.56,0.1,,-0.1
2026-04-10,355690,5170.0,1.6,0.2,,-0.1
2026-04-13,355690,5120.0,1.91,0.5,,-0.4
2026-04-14,355690,5420.0,2.08,1.0,,-1.2
2026-04-15,355690,4880.0,2.44,-1.6,-0.0,0.7
2026-04-16,355690,4975.0,1.86,1.1,-0.0,-1.7
2026-04-17,355690,4820.0,2.25,-1.2,0.1,1.0
2026-04-20,355690,4845.0,1.8,-1.0,0.2,0.7
2026-04-21,355690,4725.0,1.4,-0.3,-0.2,1.0
2026-04-22,355690,4765.0,1.5,0.3,0.3,-0.7
2026-04-23,355690,4700.0,1.63,-2.0,0.5,1.4
2026-04-24,355690,5200.0,0.88,3.2,-0.1,-1.0
2026-04-27,355690,5270.0,2.21,-1.8,-1.6,3.5
2026-04-28,355690,5180.0,1.6,0.1,0.0,-0.3
2026-04-29,355690,5290.0,1.64,0.9,-0.5,-0.4
2026-04-30,355690,5230.0,1.97,-0.1,0.0,0.2
2026-05-04,355690,5220.0,1.95,-0.5,-0.0,0.5
2026-05-06,355690,5000.0,1.83,0.1,0.0,-0.2
2026-05-07,355690,5250.0,2.42,-1.9,-0.1,3.6
2026-05-08,355690,5200.0,2.07,1.6,0.0,-2.0
2026-05-11,355690,5250.0,2.66,-0.1,-0.0,0.2
2026-05-12,355690,5270.0,2.6,0.8,-0.0,-0.8
2026-05-13,355690,4660.0,2.88,-3.6,-1.1,4.7
2026-05-14,355690,4200.0,1.51,3.5,-0.4,-2.9
2026-05-15,355690,4185.0,3.03,0.7,0.0,-0.8
2026-05-18,355690,4200.0,3.85,1.2,-0.0,-1.3
2026-05-19,355690,4145.0,4.17,-0.3,-0.8,1.5
2026-05-20,355690,4220.0,4.25,-0.0,-0.1,0.1
2026-05-21,355690,4550.0,4.25,-1.5,-1.3,1.9
2026-05-22,355690,4640.0,3.99,1.3,0.0,-1.7
2026-05-26,355690,4500.0,4.28,-2.1,0.0,2.2
2026-05-27,355690,4340.0,3.84,-0.4,0.0,0.4
2026-05-28,355690,4250.0,3.75,0.6,-0.0,-0.6
2026-05-29,355690,4205.0,3.9,-0.6,-0.0,0.7
2026-06-01,355690,4140.0,3.73,-1.4,0.0,1.4
2026-06-02,355690,4130.0,3.37,-0.2,-0.0,0.2
2026-06-04,355690,4060.0,3.33,-0.6,-0.0,0.6
2026-06-05,355690,4400.0,3.18,-3.4,-0.0,3.3
2026-06-08,355690,4005.0,2.32,0.6,-0.0,-0.5
2026-06-09,355690,4410.0,2.48,0.9,-0.0,-0.9
2026-06-10,355690,4545.0,2.69,1.1,-0.0,-1.3
2026-06-11,355690,4460.0,2.94,-1.6,0.0,1.7
2026-06-12,355690,4455.0,2.55,0.1,-0.0,-0.1
2026-06-15,355690,4305.0,2.58,-0.2,-0.0,0.2
2026-06-16,355690,4360.0,2.53,1.1,0.0,-1.1
2026-06-17,355690,4830.0,2.81,2.6,-0.0,-2.6
2026-06-18,355690,5350.0,3.4,4.5,-0.1,-4.7
2026-06-19,355690,5400.0,4.29,-0.1,-0.0,0.5
2026-06-22,355690,5470.0,4.28,2.0,0.0,-2.0
2026-06-23,355690,5390.0,4.57,0.4,-0.0,-0.4
2026-06-24,355690,5500.0,4.56,0.2,-0.0,-0.3
2026-06-25,355690,5340.0,4.59,-2.1,0.0,2.1
2026-06-26,355690,4760.0,4.19,-0.5,0.0,0.4
2026-06-29,355690,4790.0,4.16,-0.0,-0.0,0.0
2026-06-30,355690,4880.0,4.16,0.5,-0.0,-0.6
2026-07-01,355690,4760.0,4.29,-0.4,-0.0,0.3
2026-07-02,355690,4335.0,4.2,1.8,0.0,-2.4
2026-07-03,355690,4090.0,4.63,-1.2,0.0,1.1
2026-07-06,355690,4090.0,4.32,-0.4,0.0,0.5
2026-07-07,355690,4085.0,4.21,-0.2,-0.0,0.2
2026-07-08,355690,3930.0,3.84,-0.3,0.0,0.3
2026-07-09,355690,3960.0,3.77,-0.7,-0.0,0.7
2026-07-10,355690,3955.0,3.57,-0.4,-0.0,0.4
2026-07-13,355690,3930.0,3.45,-0.1,-0.0,0.1
2026-07-14,355690,3900.0,3.49,-0.5,-0.0,0.5
2026-07-15,355690,4270.0,3.31,0.6,-0.0,-0.6
2026-07-16,355690,4415.0,3.46,-1.7,0.0,1.7
2025-07-14,356680,7630.0,0.83,-1.8,,2.1
2025-07-15,356680,7700.0,0.66,2.0,0.0,-2.2
2025-07-16,356680,7710.0,0.67,-1.4,,1.3
2025-07-17,356680,7840.0,0.6,-3.0,,3.2
2025-07-18,356680,8000.0,0.51,-2.1,,2.2
2025-07-21,356680,8000.0,0.47,0.3,0.1,-0.3
2025-07-22,356680,7850.0,0.48,-1.3,0.0,1.3
2025-07-23,356680,7720.0,0.43,-1.6,0.0,1.4
2025-07-24,356680,7720.0,0.39,0.4,,-0.4
2025-07-25,356680,7750.0,0.41,0.4,,-0.4
2025-07-28,356680,7710.0,0.44,-0.3,,0.1
2025-07-29,356680,7600.0,0.42,0.5,-0.6,-0.1
2025-07-30,356680,7420.0,0.45,0.1,-0.4,0.3
2025-07-31,356680,7530.0,0.47,2.8,,-2.8
2025-08-01,356680,7270.0,0.62,-0.7,,0.6
2025-08-04,356680,7340.0,0.63,1.6,0.1,-1.6
2025-08-05,356680,7500.0,0.72,1.1,,-1.2
2025-08-06,356680,7600.0,0.8,-9.4,-0.5,10.0
2025-08-07,356680,7500.0,0.32,0.4,,-0.4
2025-08-08,356680,7350.0,0.37,0.4,-0.2,-0.2
2025-08-11,356680,7370.0,0.38,0.6,,-0.6
2025-08-12,356680,7390.0,0.42,-1.6,,1.5
2025-08-13,356680,7300.0,0.32,-0.5,-0.4,0.9
2025-08-14,356680,7270.0,0.3,0.4,0.0,-0.4
2025-08-18,356680,7110.0,0.37,-1.5,,1.5
2025-08-19,356680,6930.0,0.31,-0.0,0.1,-0.3
2025-08-20,356680,6730.0,0.31,2.0,-0.4,-1.6
2025-08-21,356680,6730.0,0.46,0.4,,-0.3
2025-08-22,356680,6930.0,0.45,0.7,-0.1,-0.6
2025-08-25,356680,7140.0,0.47,1.8,-0.1,-1.5
2025-08-26,356680,7250.0,0.6,1.7,,-1.6
2025-08-27,356680,7190.0,0.7,-0.6,,0.6
2025-08-28,356680,7100.0,0.65,0.3,0.0,-0.3
2025-08-29,356680,7120.0,0.64,-1.9,,1.9
2025-09-01,356680,7020.0,0.55,1.8,,-1.8
2025-09-02,356680,7050.0,0.62,-1.1,,1.1
2025-09-03,356680,7100.0,0.57,1.3,,-1.3
2025-09-04,356680,7220.0,0.63,2.6,0.0,-2.6
2025-09-05,356680,7200.0,0.76,0.4,0.1,-0.5
2025-09-08,356680,7100.0,0.8,-1.2,-0.1,1.4
2025-09-09,356680,7120.0,0.73,1.4,,-1.5
2025-09-10,356680,7180.0,0.8,0.1,-0.0,-0.2
2025-09-11,356680,7080.0,0.81,-1.0,,1.0
2025-09-12,356680,7180.0,0.76,4.3,,-4.2
2025-09-15,356680,7490.0,0.97,-2.2,-0.0,2.5
2025-09-16,356680,7400.0,0.87,-0.8,-0.0,0.9
2025-09-17,356680,7690.0,0.83,2.8,0.3,-3.2
2025-09-18,356680,8640.0,0.91,3.4,3.6,-10.7
2025-09-19,356680,8320.0,1.15,5.6,0.9,-4.2
2025-09-22,356680,8520.0,1.37,-15.9,0.1,15.2
2025-09-23,356680,8670.0,0.76,-0.8,,0.9
2025-09-24,356680,8740.0,0.66,-0.2,-2.0,1.7
2025-09-25,356680,8390.0,0.67,15.7,0.0,-15.6
2025-09-26,356680,7800.0,1.35,-10.3,,11.1
2025-09-29,356680,7880.0,0.89,-3.7,,3.7
2025-09-30,356680,7720.0,0.73,-6.5,-0.3,6.8
2025-10-01,356680,7610.0,0.44,4.5,-0.8,-3.2
2025-10-02,356680,7700.0,0.66,3.4,0.1,-3.5
2025-10-10,356680,8200.0,0.81,13.9,0.3,-14.6
2025-10-13,356680,7980.0,1.4,-3.0,,3.0
2025-10-14,356680,8620.0,1.27,14.2,0.1,-14.6
2025-10-15,356680,8640.0,1.87,-2.4,,2.3
2025-10-16,356680,8310.0,1.78,-8.4,,8.4
2025-10-17,356680,7790.0,1.45,-8.8,,9.2
2025-10-20,356680,7980.0,0.95,4.7,,-4.7
2025-10-21,356680,7980.0,1.15,-4.6,,4.3
2025-10-22,356680,8230.0,0.96,-2.3,,-0.9
2025-10-23,356680,10230.0,0.95,-1.4,1.1,0.4
2025-10-24,356680,9650.0,0.97,14.6,1.9,-20.7
2025-10-27,356680,9680.0,1.48,-24.0,,23.8
2025-10-28,356680,9530.0,0.61,4.4,1.0,-5.4
2025-10-29,356680,9610.0,0.79,-5.0,0.0,5.0
2025-10-30,356680,9350.0,0.63,8.8,-5.9,-5.1
2025-10-31,356680,9370.0,1.0,5.9,0.4,-8.2
2025-11-03,356680,9350.0,1.22,-1.5,-0.0,0.6
2025-11-04,356680,9210.0,1.17,6.5,0.4,-7.3
2025-11-05,356680,8870.0,1.42,3.7,0.6,-4.7
2025-11-06,356680,8800.0,1.53,-2.7,-1.2,3.9
2025-11-07,356680,8440.0,1.42,-0.2,0.6,-0.6
2025-11-10,356680,8760.0,1.41,3.0,0.0,-3.0
2025-11-11,356680,8540.0,1.53,-0.4,0.0,0.4
2025-11-12,356680,8620.0,1.51,2.3,,-1.4
2025-11-13,356680,8560.0,1.61,-0.9,,1.0
2025-11-14,356680,8050.0,1.57,0.1,0.0,-0.1
2025-11-17,356680,8250.0,1.58,0.6,0.0,-0.4
2025-11-18,356680,7940.0,1.63,-2.1,0.6,1.5
2025-11-19,356680,7920.0,1.54,0.3,,0.5
2025-11-20,356680,8090.0,1.58,1.7,,-0.1
2025-11-21,356680,7660.0,1.65,-5.3,0.0,5.3
2025-11-24,356680,7680.0,1.48,5.1,0.0,-3.2
2025-11-25,356680,7640.0,1.71,-4.7,0.0,6.1
2025-11-26,356680,7750.0,1.5,-0.2,0.0,2.9
2025-11-27,356680,7720.0,1.49,-1.9,0.0,1.8
2025-11-28,356680,7970.0,1.44,3.0,0.0,-2.9
2025-12-01,356680,8110.0,1.58,2.5,0.0,-3.6
2025-12-02,356680,7980.0,1.68,-5.0,,4.9
2025-12-03,356680,8030.0,1.46,1.2,,-0.3
2025-12-04,356680,8280.0,1.52,-1.2,,1.1
2025-12-05,356680,8130.0,1.47,-12.1,-1.1,13.2
2025-12-08,356680,8090.0,0.97,1.6,,-1.6
2025-12-09,356680,8060.0,1.04,0.1,,-0.1
2025-12-10,356680,7920.0,1.04,0.8,,-0.6
2025-12-11,356680,7870.0,1.08,3.0,,-3.1
2025-12-12,356680,8050.0,1.24,2.1,,-2.1
2025-12-15,356680,7890.0,1.33,-2.0,,2.1
2025-12-16,356680,7700.0,1.18,-5.4,,4.8
2025-12-17,356680,7700.0,0.94,-1.4,,1.3
2025-12-18,356680,7600.0,0.89,1.0,,-1.2
2025-12-19,356680,7760.0,0.94,2.8,,-3.0
2025-12-22,356680,8040.0,1.07,4.8,,-4.8
2025-12-23,356680,7910.0,1.3,-5.7,,5.8
2025-12-24,356680,7790.0,0.99,0.5,,-0.5
2025-12-26,356680,7700.0,1.01,-0.4,,0.4
2025-12-29,356680,7790.0,1.0,2.0,,-2.0
2025-12-30,356680,7640.0,1.09,-1.1,,1.1
2026-01-02,356680,7960.0,1.05,5.7,,-5.7
2026-01-05,356680,8150.0,1.32,-0.1,,0.1
2026-01-06,356680,8010.0,1.32,-2.6,,2.6
2026-01-07,356680,7760.0,1.19,-1.2,,1.2
2026-01-08,356680,7550.0,1.15,-3.6,,3.5
2026-01-09,356680,7600.0,0.99,-0.6,,0.6
2026-01-12,356680,7550.0,0.96,-0.8,,0.9
2026-01-13,356680,7320.0,0.93,-0.1,,-0.2
2026-01-14,356680,7240.0,0.99,0.4,,-0.4
2026-01-15,356680,7390.0,1.0,0.1,,-0.2
2026-01-16,356680,7220.0,1.0,-1.5,,1.5
2026-01-19,356680,7340.0,0.91,1.6,,-1.7
2026-01-20,356680,7530.0,1.0,3.3,,-3.3
2026-01-21,356680,7270.0,1.22,-0.8,,0.7
2026-01-22,356680,7190.0,1.1,-2.3,,2.3
2026-01-23,356680,7530.0,1.02,4.5,,-4.4
2026-01-26,356680,7620.0,1.36,0.1,,-0.1
2026-01-27,356680,7600.0,1.33,-1.8,,1.7
2026-01-28,356680,7670.0,1.24,1.7,,-1.7
2026-01-29,356680,8020.0,1.4,2.6,,-2.6
2026-01-30,356680,7760.0,1.5,-6.7,,6.7
2026-02-02,356680,7570.0,1.05,-0.2,,0.2
2026-02-03,356680,7910.0,0.93,3.7,,-3.9
2026-02-04,356680,7800.0,1.31,-0.6,,0.6
2026-02-05,356680,7460.0,1.28,-1.7,,1.5
2026-02-06,356680,7200.0,1.04,-0.7,,0.4
2026-02-09,356680,7590.0,0.95,4.9,,-4.5
2026-02-10,356680,7620.0,1.32,1.6,0.0,-1.5
2026-02-11,356680,7530.0,1.44,-0.5,1.3,-0.7
2026-02-12,356680,7470.0,1.38,-0.4,-1.2,1.6
2026-02-13,356680,7330.0,1.34,-0.5,,0.4
2026-02-19,356680,7480.0,1.28,1.8,0.0,-1.8
2026-02-20,356680,7550.0,1.36,1.4,,-1.4
2026-02-23,356680,7600.0,1.4,-0.3,-0.6,0.9
2026-02-24,356680,7520.0,1.35,-0.9,,0.9
2026-02-25,356680,7490.0,1.27,-0.9,-0.0,0.9
2026-02-26,356680,8280.0,1.2,-17.9,,17.6
2026-02-27,356680,8160.0,0.49,-5.9,0.0,5.9
2026-03-03,356680,7310.0,0.43,-1.4,0.0,1.4
2026-03-04,356680,6120.0,0.28,2.9,,-2.9
2026-03-05,356680,6860.0,0.43,7.4,0.0,-7.3
2026-03-06,356680,6860.0,1.04,1.2,0.0,-1.2
2026-03-09,356680,6340.0,1.12,-3.5,,3.4
2026-03-10,356680,6770.0,0.8,4.8,0.0,-4.6
2026-03-11,356680,7090.0,1.19,4.1,,-4.1
2026-03-12,356680,7100.0,1.42,-2.0,0.0,2.0
2026-03-13,356680,7020.0,1.22,-0.5,0.0,0.5
2026-03-16,356680,6980.0,1.2,-1.6,0.0,1.6
2026-03-17,356680,6990.0,1.03,0.5,,-0.5
2026-03-18,356680,7020.0,1.07,-1.3,,1.3
2026-03-19,356680,6900.0,0.98,-1.8,0.0,1.8
2026-03-20,356680,6930.0,0.88,1.0,,-1.0
2026-03-23,356680,6550.0,0.94,-2.9,,2.9
2026-03-24,356680,6940.0,0.78,2.9,0.0,-3.0
2026-03-25,356680,7120.0,0.97,2.5,,-2.4
2026-03-26,356680,6780.0,1.08,-3.5,,3.5
2026-03-27,356680,7180.0,0.81,2.0,-0.0,-2.1
2026-03-30,356680,6850.0,0.97,-3.1,,3.1
2026-03-31,356680,6620.0,0.73,-1.9,,1.5
2026-04-01,356680,7050.0,0.63,5.2,,-5.2
2026-04-02,356680,6650.0,1.01,-2.3,0.0,2.6
2026-04-03,356680,6870.0,0.83,1.1,,-1.2
2026-04-06,356680,7450.0,0.87,-9.8,,10.4
2026-04-07,356680,7000.0,0.45,-0.5,,0.4
2026-04-08,356680,7300.0,0.34,1.7,,-1.8
2026-04-09,356680,7150.0,0.49,-0.9,,0.9
2026-04-10,356680,7430.0,0.44,5.1,,-5.1
2026-04-13,356680,7690.0,0.76,6.3,,-6.4
2026-04-14,356680,9990.0,1.02,15.3,0.0,1.6
2026-04-15,356680,12980.0,1.97,-0.3,0.1,0.1
2026-04-16,356680,16870.0,1.72,9.4,-1.0,20.7
2026-04-17,356680,14990.0,1.38,13.9,-0.0,-1.0
2026-04-20,356680,16440.0,1.49,4.5,-0.0,-3.8
2026-04-21,356680,14760.0,1.53,-5.2,2.7,4.2
2026-04-22,356680,13760.0,1.24,2.2,-2.6,-0.1
2026-04-23,356680,14140.0,1.22,-2.2,4.6,-3.4
2026-04-24,356680,12930.0,1.16,-2.7,-3.9,6.9
2026-04-27,356680,13470.0,1.08,6.3,0.0,-8.1
2026-04-28,356680,13600.0,1.22,-0.7,0.0,-0.9
2026-04-29,356680,13340.0,1.17,10.6,,-11.8
2026-04-30,356680,14090.0,1.46,-12.8,0.0,16.6
2026-05-04,356680,15010.0,1.15,-20.5,-0.3,20.7
2026-05-06,356680,18470.0,0.73,-17.7,0.4,18.2
2026-05-07,356680,16670.0,0.48,2.4,0.0,-2.7
2026-05-08,356680,15840.0,0.62,9.4,-0.2,-8.3
2026-05-11,356680,15300.0,0.81,-6.2,0.0,6.1
2026-05-12,356680,17270.0,0.79,-9.6,-0.4,10.7
2026-05-13,356680,20100.0,0.72,-11.0,-0.8,10.5
2026-05-14,356680,19030.0,1.02,6.8,0.0,-6.2
2026-05-15,356680,16360.0,1.05,-7.8,0.1,7.1
2026-05-18,356680,15460.0,0.65,16.3,0.0,-15.4
2026-05-19,356680,19000.0,1.08,-8.6,6.1,1.4
2026-05-20,356680,16460.0,0.9,0.5,0.7,-0.6
2026-05-21,356680,17070.0,0.59,10.2,-0.1,-10.6
2026-05-22,356680,21200.0,0.7,1.1,-0.6,17.8
2026-05-26,356680,27550.0,0.77,104.5,8.3,-117.3
2026-05-27,356680,25750.0,2.91,-35.1,-5.8,37.1
2026-05-28,356680,23550.0,2.21,-3.1,1.4,4.2
2026-05-29,356680,25000.0,1.76,-40.6,2.8,37.9
2026-06-01,356680,21550.0,0.96,22.3,-8.9,-14.1
2026-06-02,356680,19090.0,1.6,-6.8,0.4,6.2
2026-06-04,356680,20250.0,1.92,-61.2,-0.0,60.5
2026-06-05,356680,17960.0,0.76,16.7,1.6,-18.2
2026-06-08,356680,15630.0,0.9,22.3,0.2,-23.4
2026-06-09,356680,17270.0,1.65,-6.0,0.0,5.4
2026-06-10,356680,15750.0,1.26,5.1,0.0,-5.4
2026-06-11,356680,16270.0,1.37,-5.2,-0.0,5.1
2026-06-12,356680,16410.0,1.21,-4.4,0.1,4.6
2026-06-15,356680,18710.0,0.95,-9.7,-0.1,9.2
2026-06-16,356680,17290.0,0.85,-2.0,0.1,1.8
2026-06-17,356680,18480.0,0.67,-13.6,-0.1,13.8
2026-06-18,356680,17520.0,0.37,-3.6,-0.0,5.4
2026-06-19,356680,16230.0,0.24,9.7,0.0,-11.4
2026-06-22,356680,16200.0,0.61,8.7,0.0,-8.7
2026-06-23,356680,19690.0,0.92,-30.4,0.2,30.4
2026-06-24,356680,22350.0,0.48,5.1,-0.5,-6.9
2026-06-25,356680,18590.0,0.66,-0.8,0.8,1.4
2026-06-26,356680,16450.0,0.43,14.2,0.7,-15.7
2026-06-29,356680,16620.0,0.93,-2.5,0.0,1.8
2026-06-30,356680,17140.0,0.82,7.4,-0.0,-7.4
2026-07-01,356680,15500.0,1.01,-11.5,4.4,7.3
2026-07-02,356680,13850.0,0.78,10.8,0.1,-10.7
2026-07-03,356680,13570.0,1.04,13.7,0.1,-14.2
2026-07-06,356680,12720.0,1.32,4.6,0.0,-4.6
2026-07-07,356680,11970.0,1.46,15.4,-0.0,-15.4
2026-07-08,356680,10930.0,1.92,15.7,0.0,-16.2
2026-07-09,356680,11080.0,2.41,5.1,-0.0,-5.1
2026-07-10,356680,12250.0,2.55,12.9,-0.0,-12.7
2026-07-13,356680,10880.0,2.91,-6.8,0.0,6.7
2026-07-14,356680,10800.0,2.66,1.6,-0.0,-1.7
2026-07-15,356680,11740.0,2.75,12.9,-0.2,-12.6
2026-07-16,356680,10840.0,3.15,-3.4,0.0,3.2
2025-07-14,356860,22300.0,4.12,8.2,-1.3,-7.1
2025-07-15,356860,24800.0,4.78,10.5,10.9,-21.6
2025-07-16,356860,25100.0,5.17,-18.1,24.6,-8.4
2025-07-17,356860,24800.0,4.51,2.1,11.4,-14.7
2025-07-18,356860,24800.0,4.66,-21.6,6.1,12.8
2025-07-21,356860,25600.0,2.93,-7.3,17.9,-12.4
2025-07-22,356860,25600.0,2.62,-8.6,11.1,0.3
2025-07-23,356860,26300.0,2.48,-7.9,8.3,-0.1
2025-07-24,356860,26450.0,2.15,-4.6,11.7,-7.2
2025-07-25,356860,26700.0,1.99,-0.0,1.9,-1.7
2025-07-28,356860,26950.0,1.95,5.4,3.2,-8.8
2025-07-29,356860,26200.0,2.22,6.9,-3.1,-4.1
2025-07-30,356860,27500.0,2.51,19.1,19.2,-38.0
2025-07-31,356860,27250.0,3.35,-2.8,2.7,0.1
2025-08-01,356860,25750.0,3.22,20.8,-9.0,-7.6
2025-08-04,356860,25950.0,4.23,-0.5,1.8,-1.3
2025-08-05,356860,26100.0,4.13,0.2,-2.1,1.0
2025-08-06,356860,26450.0,3.91,4.3,-4.8,-0.7
2025-08-07,356860,26050.0,4.04,2.2,-3.2,0.6
2025-08-08,356860,28150.0,4.19,61.4,-2.0,-59.3
2025-08-11,356860,28200.0,6.79,-9.7,6.0,2.9
2025-08-12,356860,26600.0,6.37,5.0,2.8,-6.0
2025-08-13,356860,27700.0,6.58,-47.6,23.8,22.8
2025-08-14,356860,27750.0,4.58,8.0,3.1,-11.2
2025-08-18,356860,27650.0,4.92,11.5,2.7,-14.2
2025-08-19,356860,27550.0,5.34,5.5,0.6,-5.7
2025-08-20,356860,25750.0,5.5,22.4,-31.0,8.1
2025-08-21,356860,25650.0,6.53,6.8,-2.5,-3.7
2025-08-22,356860,27000.0,6.84,13.3,2.8,-16.1
2025-08-25,356860,28050.0,7.45,12.1,0.4,-13.2
2025-08-26,356860,28450.0,7.92,12.8,1.3,-14.0
2025-08-27,356860,29100.0,8.45,9.7,5.1,-14.9
2025-08-28,356860,30400.0,8.8,15.4,32.9,-49.6
2025-08-29,356860,30500.0,9.37,3.3,0.3,-3.3
2025-09-01,356860,29550.0,9.35,40.5,-26.0,-14.0
2025-09-02,356860,28800.0,10.73,0.3,-7.6,7.4
2025-09-03,356860,29400.0,10.75,5.7,1.5,-7.3
2025-09-04,356860,29350.0,10.91,4.2,-4.6,0.1
2025-09-05,356860,30000.0,11.07,3.8,0.7,-4.7
2025-09-08,356860,30250.0,11.23,4.9,-3.7,-1.4
2025-09-09,356860,33200.0,11.39,62.7,14.4,-74.4
2025-09-10,356860,38750.0,13.32,37.6,21.1,-60.1
2025-09-11,356860,38450.0,14.42,18.5,-6.3,-11.0
2025-09-12,356860,39100.0,14.83,6.5,5.1,-11.7
2025-09-15,356860,41150.0,15.0,-4.8,-21.0,22.6
2025-09-16,356860,41200.0,14.89,52.7,-56.7,2.2
2025-09-17,356860,38800.0,16.12,-23.5,-6.8,24.1
2025-09-18,356860,40200.0,15.51,31.2,-4.0,-28.1
2025-09-19,356860,40750.0,16.34,-2.1,-10.4,13.5
2025-09-22,356860,46900.0,16.3,48.8,5.8,-58.6
2025-09-23,356860,48200.0,17.3,-16.6,-1.8,12.5
2025-09-24,356860,51800.0,16.91,-7.2,18.0,-7.2
2025-09-25,356860,49000.0,16.77,-34.8,2.1,29.2
2025-09-26,356860,46500.0,16.06,10.6,-25.6,8.9
2025-09-29,356860,52000.0,16.19,26.6,-6.9,-26.5
2025-09-30,356860,51500.0,16.66,-9.4,-8.3,16.4
2025-10-01,356860,58700.0,16.42,58.1,-2.4,-51.7
2025-10-02,356860,66500.0,17.45,-22.1,28.8,-12.6
2025-10-10,356860,63300.0,17.11,-85.8,-25.2,120.2
2025-10-13,356860,64400.0,15.78,18.0,31.1,-52.3
2025-10-14,356860,58500.0,16.11,-58.0,3.1,51.9
2025-10-15,356860,63500.0,15.18,54.3,27.7,-91.1
2025-10-16,356860,67300.0,16.06,12.0,42.6,-55.3
2025-10-17,356860,67400.0,16.34,10.6,21.4,-32.1
2025-10-20,356860,64900.0,16.48,-45.1,-41.5,84.5
2025-10-21,356860,66500.0,15.79,78.7,16.6,-85.4
2025-10-22,356860,65500.0,16.95,4.0,4.7,-8.6
2025-10-23,356860,71600.0,17.05,111.5,23.9,-149.1
2025-10-24,356860,68100.0,18.67,-181.6,40.9,139.0
2025-10-27,356860,68100.0,15.97,28.9,7.5,-25.4
2025-10-28,356860,68800.0,16.41,29.3,12.2,-40.3
2025-10-29,356860,70700.0,16.83,-7.6,22.6,-12.3
2025-10-30,356860,66800.0,16.7,-7.0,-0.6,30.2
2025-10-31,356860,68600.0,16.55,-1.3,6.8,-8.8
2025-11-03,356860,70100.0,16.55,39.8,9.4,-49.1
2025-11-04,356860,70200.0,17.12,17.4,0.8,-22.1
2025-11-05,356860,65700.0,17.39,-31.4,-49.1,81.3
2025-11-06,356860,63400.0,16.91,48.5,-1.4,-41.0
2025-11-07,356860,63400.0,17.66,42.8,6.4,-48.5
2025-11-10,356860,65000.0,18.34,68.0,20.7,-82.3
2025-11-11,356860,71800.0,19.45,94.1,106.3,-201.4
2025-11-12,356860,68900.0,20.8,-61.7,9.3,56.2
2025-11-13,356860,72800.0,19.89,-41.1,34.5,3.0
2025-11-14,356860,63900.0,19.31,-102.6,-60.8,162.8
2025-11-17,356860,72100.0,17.56,138.9,19.5,-157.1
2025-11-18,356860,67700.0,19.69,-22.2,-4.0,24.4
2025-11-19,356860,70300.0,19.34,38.2,-19.7,-24.4
2025-11-20,356860,66100.0,19.86,-324.3,18.8,295.6
2025-11-21,356860,62400.0,15.0,27.1,-16.5,-7.9
2025-11-24,356860,64300.0,15.45,11.8,13.2,-24.8
2025-11-25,356860,68200.0,15.71,52.9,19.1,-69.3
2025-11-26,356860,65000.0,16.62,-78.0,-7.3,84.3
2025-11-27,356860,67100.0,15.41,41.7,30.3,-71.8
2025-11-28,356860,66500.0,16.03,-27.4,3.5,21.2
2025-12-01,356860,66500.0,15.6,-37.5,6.8,30.9
2025-12-02,356860,66600.0,15.07,16.2,10.3,-24.8
2025-12-03,356860,67900.0,15.31,-27.8,-3.6,30.0
2025-12-04,356860,64500.0,14.88,-81.3,-8.8,89.2
2025-12-05,356860,66400.0,13.59,68.5,-10.8,-59.1
2025-12-08,356860,67600.0,14.65,46.8,2.6,-49.2
2025-12-09,356860,66500.0,15.36,11.6,-4.2,-7.2
2025-12-10,356860,65200.0,15.54,4.2,-17.0,12.6
2025-12-11,356860,64100.0,15.61,-11.6,-4.6,16.7
2025-12-12,356860,63100.0,15.43,-6.3,11.3,-3.5
2025-12-15,356860,58000.0,15.33,42.5,-83.9,40.5
2025-12-16,356860,55800.0,16.06,73.3,-26.4,-44.7
2025-12-17,356860,61400.0,17.39,17.8,31.9,-49.5
2025-12-18,356860,60100.0,17.66,-17.9,10.8,7.0
2025-12-19,356860,59700.0,17.44,-12.7,-4.2,16.4
2025-12-22,356860,62500.0,17.27,14.3,6.4,-18.2
2025-12-23,356860,59400.0,17.48,-18.2,-17.0,34.9
2025-12-24,356860,59100.0,17.2,19.2,-13.7,-3.6
2025-12-26,356860,59200.0,17.64,23.7,-17.0,-6.6
2025-12-29,356860,60200.0,17.95,3.5,-0.2,-1.6
2025-12-30,356860,59800.0,17.98,7.9,-6.6,2.1
2026-01-02,356860,58900.0,17.91,17.5,-31.4,13.2
2026-01-05,356860,60300.0,18.12,-9.9,10.6,-1.7
2026-01-06,356860,61100.0,17.89,18.2,9.5,-27.7
2026-01-07,356860,57800.0,18.19,-55.2,12.9,40.9
2026-01-08,356860,54600.0,16.8,5.4,-24.1,23.4
2026-01-09,356860,56800.0,17.09,8.8,-2.6,-5.5
2026-01-12,356860,57600.0,17.27,-1.0,-8.1,9.2
2026-01-13,356860,59100.0,17.27,-17.9,-6.5,18.5
2026-01-14,356860,57200.0,17.05,-8.8,-17.9,26.3
2026-01-15,356860,59400.0,16.88,18.6,5.7,-24.4
2026-01-16,356860,58300.0,17.28,-12.4,-23.8,35.9
2026-01-19,356860,57700.0,17.12,4.6,12.1,-15.3
2026-01-20,356860,56400.0,17.17,18.9,-14.6,-2.2
2026-01-21,356860,54500.0,17.62,3.8,-8.8,4.2
2026-01-22,356860,55800.0,17.62,13.0,-9.2,-3.9
2026-01-23,356860,56700.0,17.88,4.2,-3.4,-1.2
2026-01-26,356860,59000.0,18.02,31.7,-4.0,-26.8
2026-01-27,356860,60100.0,18.7,-17.5,18.6,-1.2
2026-01-28,356860,61700.0,18.19,-8.0,14.2,-5.6
2026-01-29,356860,57400.0,18.19,-131.5,-55.0,184.2
2026-01-30,356860,59700.0,15.43,32.6,-2.9,-31.0
2026-02-02,356860,58700.0,16.22,-7.3,7.6,-5.2
2026-02-03,356860,62600.0,16.06,-3.4,10.8,-9.5
2026-02-04,356860,62100.0,15.37,-28.3,-7.9,36.1
2026-02-05,356860,57300.0,14.8,-33.3,-21.5,56.4
2026-02-06,356860,55800.0,14.11,17.9,-18.1,2.5
2026-02-09,356860,60000.0,14.56,23.8,4.4,-33.1
2026-02-10,356860,57400.0,15.09,-32.9,-6.8,35.5
2026-02-11,356860,57000.0,14.34,4.4,-16.6,12.6
2026-02-12,356860,58100.0,14.45,-5.4,-5.2,10.6
2026-02-13,356860,55500.0,14.34,-19.5,-25.0,52.1
2026-02-19,356860,59200.0,13.98,49.4,0.5,-48.1
2026-02-20,356860,61800.0,15.06,48.9,1.7,-49.5
2026-02-23,356860,61000.0,16.06,-5.3,-11.9,19.6
2026-02-24,356860,62800.0,16.0,-39.5,10.7,27.0
2026-02-25,356860,63600.0,15.1,-60.1,6.6,49.7
2026-02-26,356860,62800.0,13.96,-15.7,-7.8,25.8
2026-02-27,356860,60600.0,13.56,-26.4,-5.3,30.5
2026-03-03,356860,57000.0,13.1,17.6,-0.8,-16.5
2026-03-04,356860,47050.0,13.47,-1.5,-16.7,19.5
2026-03-05,356860,55400.0,13.31,-17.9,20.6,-5.7
2026-03-06,356860,60600.0,13.46,22.1,6.9,-30.0
2026-03-09,356860,56200.0,13.97,-15.9,8.1,5.3
2026-03-10,356860,61700.0,13.63,25.3,18.2,-42.0
2026-03-11,356860,62300.0,14.26,17.0,28.5,-41.4
2026-03-12,356860,60200.0,14.7,-28.6,2.0,25.4
2026-03-13,356860,57500.0,13.91,11.7,-55.2,43.0
2026-03-16,356860,59000.0,13.94,-9.9,-9.5,19.0
2026-03-17,356860,59100.0,13.72,2.1,-1.5,-3.3
2026-03-18,356860,71100.0,13.74,118.9,57.7,-173.0
2026-03-19,356860,79800.0,16.28,23.3,105.6,-131.9
2026-03-20,356860,78100.0,16.73,8.1,-18.0,9.6
2026-03-23,356860,73500.0,16.77,31.0,3.9,-35.6
2026-03-24,356860,74100.0,17.12,-23.2,25.0,1.5
2026-03-25,356860,78500.0,16.47,15.3,62.3,-80.6
2026-03-26,356860,74400.0,16.77,26.9,40.3,-66.4
2026-03-27,356860,73100.0,17.42,-22.5,7.4,15.6
2026-03-30,356860,66800.0,16.88,-21.4,-11.6,35.4
2026-03-31,356860,62800.0,16.28,13.4,-12.9,-1.1
2026-04-01,356860,72100.0,16.98,-10.0,87.7,-80.3
2026-04-02,356860,66200.0,16.75,2.2,-1.4,-1.6
2026-04-03,356860,65500.0,16.98,-50.9,23.2,26.2
2026-04-06,356860,67100.0,15.93,-2.2,8.0,-5.1
2026-04-07,356860,69500.0,15.89,-26.3,35.1,-5.9
2026-04-08,356860,73800.0,15.26,-43.6,-15.1,59.5
2026-04-09,356860,80000.0,14.38,124.4,54.2,-175.7
2026-04-10,356860,74500.0,16.5,-25.8,-49.3,74.5
2026-04-13,356860,74500.0,15.72,71.6,44.8,-120.0
2026-04-14,356860,79800.0,17.12,-3.8,94.7,-93.4
2026-04-15,356860,81400.0,17.19,-45.0,90.9,-47.4
2026-04-16,356860,84800.0,16.55,-3.0,67.1,-63.0
2026-04-17,356860,81500.0,16.75,-40.0,25.9,7.8
2026-04-20,356860,78700.0,16.23,-15.9,-29.5,40.6
2026-04-21,356860,77600.0,15.97,-15.9,-14.7,29.2
2026-04-22,356860,82300.0,15.74,-25.6,-1.4,19.8
2026-04-23,356860,78500.0,15.42,-15.1,-23.6,36.6
2026-04-24,356860,82800.0,15.22,32.2,-2.7,-38.9
2026-04-27,356860,82500.0,15.62,-1.0,-13.6,22.1
2026-04-28,356860,84700.0,15.61,21.2,-0.2,-30.8
2026-04-29,356860,84900.0,15.9,5.3,-13.8,18.0
2026-04-30,356860,87500.0,15.97,7.8,-25.1,9.4
2026-05-04,356860,91900.0,16.06,10.2,22.8,-31.0
2026-05-06,356860,95300.0,16.19,9.2,2.5,-6.4
2026-05-07,356860,95300.0,16.28,5.8,7.7,-12.9
2026-05-08,356860,101600.0,16.34,20.1,3.8,-23.0
2026-05-11,356860,100400.0,16.75,-2.6,31.5,-23.6
2026-05-12,356860,96400.0,16.45,46.5,-10.1,-27.5
2026-05-13,356860,107300.0,16.98,-6.4,75.0,-68.9
2026-05-14,356860,110000.0,17.09,-26.0,92.2,-60.6
2026-05-15,356860,100700.0,16.77,39.0,6.0,-42.7
2026-05-18,356860,99000.0,17.25,-25.1,15.2,8.6
2026-05-19,356860,95100.0,16.95,3.4,1.2,-3.7
2026-05-20,356860,93900.0,16.98,1.0,12.3,-14.0
2026-05-21,356860,106000.0,16.98,-64.3,79.3,-11.7
2026-05-22,356860,118800.0,16.33,7.0,44.9,-51.9
2026-05-26,356860,131900.0,16.52,-38.3,65.3,-29.2
2026-05-27,356860,128800.0,16.12,-17.1,-7.7,26.5
2026-05-28,356860,127300.0,15.77,45.5,-33.1,-12.3
2026-05-29,356860,112800.0,16.22,-1.7,1.8,-12.0
2026-06-01,356860,106300.0,15.98,44.5,-38.1,-8.4
2026-06-02,356860,101000.0,16.06,29.1,6.7,-35.0
2026-06-04,356860,108300.0,16.47,-36.0,50.8,-14.4
2026-06-05,356860,106700.0,16.06,-44.4,54.8,-9.6
2026-06-08,356860,93000.0,15.66,18.3,-17.1,-1.4
2026-06-09,356860,100400.0,15.86,1.9,-2.0,-0.3
2026-06-10,356860,96500.0,15.77,-0.7,-8.0,12.2
2026-06-11,356860,106100.0,15.77,-10.9,-14.0,29.1
2026-06-12,356860,100200.0,15.65,-172.0,16.1,154.9
2026-06-15,356860,101400.0,13.43,61.5,-86.7,24.5
2026-06-16,356860,95700.0,14.1,9.0,-44.0,28.9
2026-06-17,356860,92000.0,14.12,53.9,20.8,-82.1
2026-06-18,356860,90100.0,14.69,19.5,-21.2,1.9
2026-06-19,356860,86700.0,14.81,29.6,-18.3,-9.3
2026-06-22,356860,85500.0,15.22,45.6,-50.1,5.1
2026-06-23,356860,80000.0,15.87,-7.4,-0.4,7.8
2026-06-24,356860,78000.0,15.93,63.9,-82.5,16.8
2026-06-25,356860,79100.0,16.8,11.9,-2.1,-8.3
2026-06-26,356860,76600.0,16.94,-14.8,15.5,2.5
2026-06-29,356860,75900.0,16.7,22.5,-48.8,26.0
2026-06-30,356860,82300.0,16.94,-15.9,-55.9,75.3
2026-07-01,356860,81300.0,16.59,14.5,-66.5,54.1
2026-07-02,356860,68700.0,16.56,3.2,-23.7,20.1
2026-07-03,356860,74400.0,16.59,18.6,4.5,-24.4
2026-07-06,356860,70800.0,17.03,24.4,-33.3,13.0
2026-07-07,356860,67800.0,17.11,17.8,-5.1,-12.6
2026-07-08,356860,63400.0,17.38,11.9,-14.3,2.3
2026-07-09,356860,68700.0,17.69,-12.8,20.6,-9.4
2026-07-10,356860,75200.0,17.31,-65.3,55.4,9.8
2026-07-13,356860,74300.0,16.45,-29.9,41.1,-9.5
2026-07-14,356860,72700.0,16.06,-29.5,1.4,28.1
2026-07-15,356860,87500.0,15.4,-66.7,102.5,-33.8
2026-07-16,356860,38300.0,14.51,-96.7,12.1,83.9
2025-07-14,356890,3460.0,5.77,0.4,,-0.4
2025-07-15,356890,3425.0,5.86,0.1,,-0.1
2025-07-16,356890,3420.0,5.89,-0.6,,0.5
2025-07-17,356890,3400.0,5.74,-2.6,,2.4
2025-07-18,356890,3405.0,5.14,0.1,,-0.1
2025-07-21,356890,3430.0,5.17,0.2,,-0.2
2025-07-22,356890,3455.0,5.22,0.0,,-0.0
2025-07-23,356890,3420.0,5.22,-0.5,,0.5
2025-07-24,356890,3320.0,5.1,-0.5,,0.5
2025-07-25,356890,3265.0,4.98,0.1,,0.2
2025-07-28,356890,3300.0,5.0,-0.2,,0.2
2025-07-29,356890,3180.0,4.96,0.1,,-0.1
2025-07-30,356890,3195.0,4.99,0.2,,-0.2
2025-07-31,356890,3240.0,5.03,0.5,,-0.5
2025-08-01,356890,3115.0,5.16,-0.4,,0.3
2025-08-04,356890,3175.0,5.07,0.5,,-0.4
2025-08-05,356890,3185.0,5.19,0.2,,-0.2
2025-08-06,356890,3215.0,5.24,0.1,,-0.1
2025-08-07,356890,3235.0,5.28,0.2,,-0.2
2025-08-08,356890,3255.0,5.32,0.0,,-0.0
2025-08-11,356890,3220.0,5.34,-0.1,,0.1
2025-08-12,356890,3285.0,5.32,0.3,,-0.3
2025-08-13,356890,3300.0,5.4,-0.3,,0.3
2025-08-14,356890,3320.0,5.34,0.1,0.3,-0.4
2025-08-18,356890,3200.0,5.38,0.3,,-0.3
2025-08-19,356890,3195.0,5.45,0.3,0.0,-0.3
2025-08-20,356890,3190.0,5.52,-0.0,,0.0
2025-08-21,356890,3200.0,5.52,0.1,,-0.1
2025-08-22,356890,3195.0,5.53,0.1,,-0.1
2025-08-25,356890,3190.0,5.56,0.1,,-0.1
2025-08-26,356890,3195.0,5.58,-0.1,,0.1
2025-08-27,356890,3150.0,5.56,0.1,,-0.1
2025-08-28,356890,3120.0,5.59,0.0,,-0.0
2025-08-29,356890,3135.0,5.61,-0.0,,0.1
2025-09-01,356890,3100.0,5.6,-0.3,,0.3
2025-09-02,356890,3140.0,5.53,-0.7,,0.7
2025-09-03,356890,3200.0,5.34,0.4,,-0.4
2025-09-04,356890,3200.0,5.43,0.7,,-0.7
2025-09-05,356890,3225.0,5.61,0.2,,-0.2
2025-09-08,356890,3215.0,5.67,0.1,,-0.1
2025-09-09,356890,3225.0,5.71,0.2,,-0.2
2025-09-10,356890,3825.0,5.75,-1.5,-0.0,1.9
2025-09-11,356890,3960.0,5.47,-2.1,,1.9
2025-09-12,356890,3725.0,5.04,-0.0,,-0.0
2025-09-15,356890,3725.0,5.02,-1.6,0.0,1.7
2025-09-16,356890,3640.0,4.67,-0.2,,0.2
2025-09-17,356890,3650.0,4.62,-2.2,-0.0,2.2
2025-09-18,356890,3840.0,4.16,-0.8,,0.8
2025-09-19,356890,4550.0,4.08,-0.1,,-1.2
2025-09-22,356890,4320.0,4.27,-5.9,,7.1
2025-09-23,356890,4790.0,3.2,5.1,,-5.3
2025-09-24,356890,4680.0,4.29,-6.1,,5.9
2025-09-25,356890,4395.0,3.2,0.3,0.0,-0.1
2025-09-26,356890,4100.0,3.26,1.6,1.2,-3.0
2025-09-29,356890,4425.0,3.71,-2.7,-1.3,4.0
2025-09-30,356890,4385.0,3.36,0.2,0.0,0.0
2025-10-01,356890,4230.0,3.54,-4.8,0.0,4.7
2025-10-02,356890,3990.0,2.75,2.6,0.0,-2.8
2025-10-10,356890,3905.0,3.29,0.3,0.1,-0.5
2025-10-13,356890,3985.0,3.36,0.1,0.5,-0.6
2025-10-14,356890,4030.0,3.39,-0.2,0.0,0.1
2025-10-15,356890,3930.0,3.38,-1.8,0.0,1.9
2025-10-16,356890,3865.0,2.99,0.8,0.0,-0.8
2025-10-17,356890,3760.0,3.17,1.7,0.0,-1.7
2025-10-20,356890,3805.0,3.55,-0.2,0.0,0.2
2025-10-21,356890,4170.0,3.5,-4.8,-0.6,2.9
2025-10-22,356890,5170.0,2.6,-6.8,0.0,9.9
2025-10-23,356890,4800.0,1.61,5.5,-0.0,-5.7
2025-10-24,356890,4445.0,3.03,0.7,,-0.9
2025-10-27,356890,4425.0,3.58,1.9,,-1.8
2025-10-28,356890,4385.0,3.84,-6.1,,6.2
2025-10-29,356890,4305.0,2.75,-0.3,,0.3
2025-10-30,356890,4170.0,2.69,2.0,-0.0,-2.0
2025-10-31,356890,4180.0,3.12,1.7,-0.0,-1.7
2025-11-03,356890,4165.0,3.46,1.2,,-1.2
2025-11-04,356890,4135.0,3.69,0.9,,-0.9
2025-11-05,356890,3985.0,3.87,1.6,,-1.7
2025-11-06,356890,4020.0,4.2,0.6,,-0.7
2025-11-07,356890,3895.0,4.34,-0.0,,0.0
2025-11-10,356890,4205.0,4.34,-2.9,,3.0
2025-11-11,356890,4345.0,3.82,7.6,,-7.6
2025-11-12,356890,4225.0,5.34,0.2,,-0.2
2025-11-13,356890,4115.0,5.38,1.0,,-1.1
2025-11-14,356890,3960.0,5.6,-0.0,,0.0
2025-11-17,356890,3910.0,5.59,-0.9,,0.9
2025-11-18,356890,3795.0,5.42,-10.4,,10.4
2025-11-19,356890,3865.0,3.33,3.2,,-3.3
2025-11-20,356890,3850.0,4.02,-0.3,,0.3
2025-11-21,356890,3755.0,3.96,0.5,,-0.5
2025-11-24,356890,3860.0,4.08,3.7,,-3.7
2025-11-25,356890,3845.0,4.86,-1.5,,1.5
2025-11-26,356890,3880.0,4.53,1.0,,-1.0
2025-11-27,356890,3955.0,4.75,-6.6,,6.5
2025-11-28,356890,4030.0,3.41,3.3,0.0,-3.3
2025-12-01,356890,4570.0,4.11,-5.6,-0.0,5.8
2025-12-02,356890,4360.0,3.15,6.9,,-6.8
2025-12-03,356890,4285.0,4.44,-1.1,,1.1
2025-12-04,356890,4155.0,4.23,-0.5,,0.3
2025-12-05,356890,4205.0,4.13,0.2,,-0.3
2025-12-08,356890,4185.0,4.17,-2.5,,2.2
2025-12-09,356890,4115.0,3.67,1.3,,-1.4
2025-12-10,356890,4060.0,3.94,1.1,,-1.1
2025-12-11,356890,4085.0,4.16,1.9,,-1.9
2025-12-12,356890,4210.0,4.54,0.8,,-0.8
2025-12-15,356890,4145.0,4.71,-0.5,,0.4
2025-12-16,356890,4000.0,4.62,-0.8,,0.8
2025-12-17,356890,3960.0,4.47,1.0,,-0.7
2025-12-18,356890,3910.0,4.66,0.9,,-0.9
2025-12-19,356890,4015.0,4.84,0.9,,-0.9
2025-12-22,356890,4125.0,5.04,0.5,,-0.6
2025-12-23,356890,4080.0,5.16,-1.9,,1.9
2025-12-24,356890,4035.0,4.78,-0.3,,0.3
2025-12-26,356890,3910.0,4.71,0.2,,-0.3
2025-12-29,356890,4020.0,3.88,1.2,,-1.1
2025-12-30,356890,3945.0,4.12,-1.3,,1.4
2026-01-02,356890,4105.0,3.86,2.4,,-2.4
2026-01-05,356890,4110.0,4.35,1.0,,-1.1
2026-01-06,356890,4100.0,4.58,-0.5,,0.5
2026-01-07,356890,3975.0,4.47,0.4,,-0.4
2026-01-08,356890,3830.0,4.56,-0.3,,0.3
2026-01-09,356890,3850.0,4.49,-0.2,,0.1
2026-01-12,356890,3915.0,4.45,0.4,,-0.4
2026-01-13,356890,3900.0,4.54,-0.5,,0.5
2026-01-14,356890,3860.0,4.43,-0.6,,0.6
2026-01-15,356890,3950.0,4.31,0.9,,-0.9
2026-01-16,356890,3925.0,4.51,0.0,,-0.0
2026-01-19,356890,3860.0,4.52,-0.3,,0.3
2026-01-20,356890,3930.0,4.45,2.1,,-2.1
2026-01-21,356890,3785.0,4.89,-1.1,,1.0
2026-01-22,356890,3750.0,4.65,0.5,,-0.4
2026-01-23,356890,3950.0,4.76,3.1,,-3.0
2026-01-26,356890,4035.0,5.43,1.1,,-1.1
2026-01-27,356890,4070.0,5.66,-0.2,,0.2
2026-01-28,356890,4060.0,5.62,1.1,,-1.0
2026-01-29,356890,4100.0,5.84,1.7,,-1.7
2026-01-30,356890,4070.0,6.18,-0.1,,0.2
2026-02-02,356890,3955.0,6.16,-0.1,,0.1
2026-02-03,356890,3880.0,6.15,-1.1,,1.1
2026-02-04,356890,3885.0,5.9,0.5,,-0.5
2026-02-05,356890,3780.0,6.0,-1.0,,1.0
2026-02-06,356890,3780.0,5.77,-0.1,,0.1
2026-02-09,356890,3790.0,5.74,-0.8,,0.8
2026-02-10,356890,3850.0,5.57,0.5,,-0.5
2026-02-11,356890,3810.0,2.77,-0.1,,0.1
2026-02-12,356890,3775.0,2.76,0.1,,-0.1
2026-02-13,356890,3680.0,2.78,-0.5,,0.5
2026-02-19,356890,3780.0,2.66,-6.2,,6.2
2026-02-20,356890,3800.0,1.36,1.3,,-1.3
2026-02-23,356890,3800.0,1.64,0.7,,-0.7
2026-02-24,356890,3740.0,3.36,-0.4,,0.3
2026-02-25,356890,3740.0,3.25,-0.3,,0.3
2026-02-26,356890,3645.0,3.17,-1.1,0.0,1.0
2026-02-27,356890,3480.0,2.93,-0.7,,0.8
2026-03-03,356890,3320.0,2.78,0.8,,-0.8
2026-03-04,356890,2920.0,2.98,0.6,,-0.6
2026-03-05,356890,3255.0,3.15,1.4,,-1.4
2026-03-06,356890,3230.0,3.51,0.2,,-0.2
2026-03-09,356890,3065.0,3.57,0.3,-0.2,-0.1
2026-03-10,356890,3135.0,3.64,0.5,,-0.5
2026-03-11,356890,3195.0,3.78,-0.2,,0.2
2026-03-12,356890,3265.0,3.73,-0.2,,0.2
2026-03-13,356890,3295.0,3.68,0.1,,-0.1
2026-03-16,356890,3200.0,3.71,-0.0,,0.0
2026-03-17,356890,3220.0,3.7,0.4,,-0.4
2026-03-18,356890,3215.0,3.8,-0.0,,0.0
2026-03-19,356890,3145.0,3.53,0.0,,-0.0
2026-03-20,356890,3195.0,3.54,0.3,,-0.3
2026-03-23,356890,3055.0,3.65,-0.4,,0.4
2026-03-24,356890,3150.0,3.53,0.4,,-0.4
2026-03-25,356890,3190.0,3.63,0.1,,-0.0
2026-03-26,356890,3115.0,3.69,-0.1,,0.1
2026-03-27,356890,3155.0,3.67,0.2,,-0.2
2026-03-30,356890,3085.0,3.74,0.1,,-0.1
2026-03-31,356890,3015.0,3.76,0.0,,-0.1
2026-04-01,356890,3165.0,3.77,0.3,,-0.3
2026-04-02,356890,3165.0,3.88,-3.7,,3.7
2026-04-03,356890,3225.0,2.95,0.3,,-0.4
2026-04-06,356890,3230.0,3.04,0.1,,-0.1
2026-04-07,356890,3175.0,3.06,0.1,,-0.1
2026-04-08,356890,3285.0,3.08,0.9,,-0.9
2026-04-09,356890,3265.0,3.31,0.1,,-0.1
2026-04-10,356890,3400.0,3.34,1.3,,-1.3
2026-04-13,356890,3370.0,3.68,0.1,-0.0,-0.2
2026-04-14,356890,3555.0,3.71,-0.8,,1.0
2026-04-15,356890,3925.0,3.51,-0.6,,0.2
2026-04-16,356890,3870.0,3.34,-5.1,,5.7
2026-04-17,356890,3725.0,2.3,-2.2,,2.3
2026-04-20,356890,3845.0,1.84,-0.3,,0.3
2026-04-21,356890,3750.0,1.8,-0.1,,0.0
2026-04-22,356890,3725.0,1.77,-0.2,,0.2
2026-04-23,356890,4255.0,1.73,1.4,,-1.2
2026-04-24,356890,3985.0,2.02,-1.9,,1.8
2026-04-27,356890,4080.0,1.74,2.3,,-2.3
2026-04-28,356890,3900.0,2.26,-0.9,,0.7
2026-04-29,356890,3860.0,2.02,1.1,-0.0,-1.1
2026-04-30,356890,3825.0,2.26,0.3,0.0,-0.4
2026-05-04,356890,3785.0,2.36,2.1,-0.0,-2.1
2026-05-06,356890,3840.0,2.8,-0.4,-0.0,0.3
2026-05-07,356890,3805.0,2.73,-1.8,0.0,1.6
2026-05-08,356890,3730.0,2.34,0.3,0.0,-0.6
2026-05-11,356890,3630.0,2.4,1.1,-0.0,-1.2
2026-05-12,356890,3560.0,2.65,1.6,0.0,-1.7
2026-05-13,356890,3495.0,3.03,0.8,-0.0,-0.8
2026-05-14,356890,3490.0,3.21,0.4,-0.0,-0.6
2026-05-15,356890,3310.0,3.32,0.1,-0.0,-0.4
2026-05-18,356890,3325.0,3.34,0.4,-0.0,-0.4
2026-05-19,356890,3310.0,3.45,-0.1,-0.0,0.1
2026-05-20,356890,3210.0,3.43,0.4,0.0,-0.4
2026-05-21,356890,3145.0,3.54,-0.3,0.0,0.3
2026-05-22,356890,3345.0,3.49,-0.0,-0.0,0.1
2026-05-26,356890,3445.0,3.48,-9.9,-0.0,10.8
2026-05-27,356890,3135.0,1.3,-1.1,0.0,0.7
2026-05-28,356890,3125.0,1.01,1.4,-0.0,-1.5
2026-05-29,356890,2945.0,1.43,0.6,-0.0,-0.6
2026-06-01,356890,2830.0,1.6,0.4,-0.0,-0.4
2026-06-02,356890,2790.0,1.75,-0.1,0.0,0.1
2026-06-04,356890,2845.0,1.71,-0.1,-0.0,0.1
2026-06-05,356890,2630.0,1.67,0.5,-0.0,-0.6
2026-06-08,356890,2505.0,1.84,0.7,-0.0,-0.7
2026-06-09,356890,2585.0,2.08,0.3,0.0,-0.3
2026-06-10,356890,2570.0,2.17,0.4,-0.0,-0.4
2026-06-11,356890,2575.0,2.32,-0.2,0.0,0.2
2026-06-12,356890,2590.0,2.25,0.2,0.0,-0.2
2026-06-15,356890,2610.0,2.31,-0.0,0.0,0.0
2026-06-16,356890,2600.0,2.25,-0.0,-0.0,0.0
2026-06-17,356890,2630.0,2.3,0.0,-0.0,-0.0
2026-06-18,356890,2465.0,2.3,0.1,0.0,-0.0
2026-06-19,356890,2365.0,2.32,0.4,0.0,-0.2
2026-06-22,356890,2415.0,2.45,0.4,-0.0,-0.4
2026-06-23,356890,2160.0,2.59,-0.2,0.0,0.2
2026-06-24,356890,2140.0,2.53,0.2,-0.0,-0.2
2026-06-25,356890,2175.0,2.62,0.4,-0.0,-0.4
2026-06-26,356890,2060.0,2.79,0.7,-0.0,-0.7
2026-06-29,356890,2155.0,3.08,0.2,0.0,-0.2
2026-06-30,356890,2240.0,3.16,0.3,-0.0,-0.3
2026-07-01,356890,2245.0,3.27,0.1,0.0,-0.1
2026-07-02,356890,2160.0,3.29,-0.0,-0.0,0.0
2026-07-03,356890,2210.0,3.28,0.2,-0.0,-0.3
2026-07-06,356890,2255.0,3.37,-0.1,,0.1
2026-07-07,356890,2155.0,3.33,0.1,0.0,-0.1
2026-07-08,356890,2125.0,5.04,0.3,-0.0,-0.3
2026-07-09,356890,2085.0,5.14,-0.0,-0.0,0.0
2026-07-10,356890,2270.0,5.13,0.4,-0.0,-0.4
2026-07-13,356890,2145.0,5.29,-0.2,-0.0,0.2
2026-07-14,356890,2060.0,5.22,-0.1,-0.0,0.1
2026-07-15,356890,2205.0,5.19,0.4,0.0,-0.4
2026-07-16,356890,2150.0,5.33,0.2,0.0,-0.2
2025-07-14,357120,4470.0,1.4,-0.4,0.5,-0.2
2025-07-15,357120,4475.0,1.39,-0.4,1.1,-0.6
2025-07-16,357120,4460.0,1.38,-0.5,1.8,-1.4
2025-07-17,357120,4420.0,1.37,-0.0,-1.1,1.0
2025-07-18,357120,4455.0,1.36,-0.4,1.0,-0.5
2025-07-21,357120,4465.0,1.36,-0.4,2.3,-1.8
2025-07-22,357120,4430.0,1.35,-0.5,0.8,-0.2
2025-07-23,357120,4410.0,1.33,-0.4,0.3,0.1
2025-07-24,357120,4380.0,1.32,-0.1,0.7,-0.6
2025-07-25,357120,4410.0,1.32,-0.2,0.9,-0.7
2025-07-28,357120,4420.0,1.32,-0.2,0.5,-0.1
2025-07-29,357120,4470.0,1.31,-0.0,2.3,-2.3
2025-07-30,357120,4470.0,1.31,0.0,1.1,-1.1
2025-07-31,357120,4425.0,1.31,-0.3,0.0,0.3
2025-08-01,357120,4415.0,1.3,0.0,-0.0,-0.0
2025-08-04,357120,4440.0,1.31,0.5,0.3,-0.8
2025-08-05,357120,4450.0,1.32,0.3,0.5,-0.8
2025-08-06,357120,4430.0,1.32,0.4,-1.1,0.7
2025-08-07,357120,4435.0,1.33,0.1,-1.0,0.9
2025-08-08,357120,4425.0,1.34,-0.0,-1.8,0.8
2025-08-11,357120,4430.0,1.34,-0.0,0.9,-1.4
2025-08-12,357120,4410.0,1.33,0.0,-1.0,0.9
2025-08-13,357120,4360.0,1.34,-0.6,-2.3,2.9
2025-08-14,357120,4275.0,1.32,9.0,-18.6,9.2
2025-08-18,357120,4260.0,1.54,-1.3,-0.3,1.6
2025-08-19,357120,4300.0,1.51,-0.6,1.0,-0.3
2025-08-20,357120,4300.0,1.5,-0.2,0.7,0.0
2025-08-21,357120,4310.0,1.49,-0.4,0.6,0.5
2025-08-22,357120,4315.0,1.48,-0.6,0.3,0.4
2025-08-25,357120,4300.0,1.47,-0.5,-0.1,0.7
2025-08-26,357120,4300.0,1.46,-0.7,0.9,-0.2
2025-08-27,357120,4285.0,1.44,-0.6,0.6,0.0
2025-08-28,357120,4280.0,1.42,-0.2,-1.8,3.0
2025-08-29,357120,4280.0,1.42,-0.9,0.5,0.5
2025-09-01,357120,4275.0,1.4,0.0,0.6,-0.3
2025-09-02,357120,4260.0,1.4,-0.0,-0.8,0.8
2025-09-03,357120,4360.0,1.4,1.7,-2.5,0.6
2025-09-04,357120,4370.0,1.44,1.9,-3.2,2.1
2025-09-05,357120,4375.0,1.48,-0.4,-0.6,1.0
2025-09-08,357120,4395.0,1.47,2.7,-2.8,0.1
2025-09-09,357120,4330.0,1.54,-0.5,-1.3,4.0
2025-09-10,357120,4385.0,1.52,0.2,0.7,0.0
2025-09-11,357120,4395.0,1.53,-0.8,1.3,0.1
2025-09-12,357120,4400.0,1.51,-0.8,0.6,0.3
2025-09-15,357120,4400.0,1.49,-0.1,-1.1,1.2
2025-09-16,357120,4395.0,1.49,-0.4,0.4,0.2
2025-09-17,357120,4400.0,1.48,-0.5,-0.9,2.0
2025-09-18,357120,4400.0,1.47,0.2,0.7,-0.3
2025-09-19,357120,4395.0,1.47,0.1,0.1,1.1
2025-09-22,357120,4395.0,1.47,-0.8,1.4,0.0
2025-09-23,357120,4380.0,1.46,-0.8,1.0,0.3
2025-09-24,357120,4380.0,1.44,0.2,-0.4,0.3
2025-09-25,357120,4385.0,1.44,0.1,-1.1,1.0
2025-09-26,357120,4360.0,1.44,1.3,-2.6,1.3
2025-09-29,357120,4385.0,1.47,-1.0,0.3,0.9
2025-09-30,357120,4390.0,1.45,0.4,0.9,-0.8
2025-10-01,357120,4435.0,1.46,3.2,1.6,-3.2
2025-10-02,357120,4440.0,1.53,3.9,-1.2,-0.0
2025-10-10,357120,4430.0,1.62,-1.8,1.8,0.0
2025-10-13,357120,4405.0,1.58,-1.3,0.4,0.8
2025-10-14,357120,4380.0,1.55,-3.0,-0.3,2.9
2025-10-15,357120,4360.0,1.48,0.0,-2.5,2.5
2025-10-16,357120,4345.0,1.48,-1.3,2.0,1.4
2025-10-17,357120,4335.0,1.45,-0.4,1.5,1.8
2025-10-20,357120,4325.0,1.44,-1.4,1.3,0.6
2025-10-21,357120,4350.0,1.4,-0.7,0.7,0.0
2025-10-22,357120,4345.0,1.39,-0.4,-0.2,1.2
2025-10-23,357120,4345.0,1.38,0.0,0.6,0.2
2025-10-24,357120,4355.0,1.38,-0.4,-1.1,2.7
2025-10-27,357120,4365.0,1.37,0.6,-0.4,0.4
2025-10-28,357120,4365.0,1.38,-0.1,0.5,1.0
2025-10-29,357120,4370.0,1.38,-0.2,1.9,-0.2
2025-10-30,357120,4360.0,1.38,1.0,1.7,-1.7
2025-10-31,357120,4355.0,1.4,1.5,0.5,-0.4
2025-11-03,357120,4355.0,1.44,0.5,0.3,0.4
2025-11-04,357120,4360.0,1.45,0.1,0.9,-0.1
2025-11-05,357120,4350.0,1.45,2.4,-1.2,0.6
2025-11-06,357120,4340.0,1.51,-0.8,0.2,1.3
2025-11-07,357120,4345.0,1.49,-0.2,0.8,0.1
2025-11-10,357120,4420.0,1.49,1.7,-0.7,10.0
2025-11-11,357120,4460.0,1.53,0.1,2.3,-2.4
2025-11-12,357120,4495.0,1.53,3.5,2.0,-5.3
2025-11-13,357120,4500.0,1.61,1.2,0.7,-1.6
2025-11-14,357120,4495.0,1.64,-0.0,0.4,-0.3
2025-11-17,357120,4505.0,1.63,0.4,1.6,-2.1
2025-11-18,357120,4490.0,1.65,-0.5,1.9,-0.9
2025-11-19,357120,4535.0,1.63,2.7,1.0,-3.7
2025-11-20,357120,4545.0,1.7,1.7,0.2,-0.7
2025-11-21,357120,4615.0,1.73,8.9,1.5,-9.4
2025-11-24,357120,4620.0,1.93,1.3,1.4,-0.9
2025-11-25,357120,4595.0,1.96,-3.9,5.4,0.4
2025-11-26,357120,4585.0,1.87,0.3,1.0,-1.3
2025-11-27,357120,4440.0,1.88,-3.0,2.1,0.8
2025-11-28,357120,4430.0,1.81,-1.1,0.8,0.3
2025-12-01,357120,4435.0,1.78,-1.4,0.6,0.8
2025-12-02,357120,4460.0,1.75,0.8,0.4,-1.4
2025-12-03,357120,4475.0,1.77,-0.2,-0.4,0.8
2025-12-04,357120,4490.0,1.76,-0.2,2.5,-2.7
2025-12-05,357120,4500.0,1.76,-0.6,1.0,-0.6
2025-12-08,357120,4510.0,1.74,-0.7,0.9,-0.1
2025-12-09,357120,4495.0,1.73,-1.0,1.0,-0.2
2025-12-10,357120,4480.0,1.7,-1.4,0.1,1.2
2025-12-11,357120,4455.0,1.67,1.7,-9.7,7.5
2025-12-12,357120,4375.0,1.71,-2.2,-5.8,6.5
2025-12-15,357120,4410.0,1.66,-1.6,-1.3,2.7
2025-12-16,357120,4295.0,1.62,-3.1,-5.0,7.2
2025-12-17,357120,4275.0,1.55,-0.6,-3.2,3.5
2025-12-18,357120,4265.0,1.54,-0.3,-1.7,1.9
2025-12-19,357120,4355.0,1.53,2.2,0.7,-2.0
2025-12-22,357120,4410.0,1.58,0.7,1.5,-2.1
2025-12-23,357120,4400.0,1.6,-0.6,0.1,0.8
2025-12-24,357120,4415.0,1.58,-0.2,0.9,-0.4
2025-12-26,357120,4420.0,1.58,-0.5,2.1,-1.4
2025-12-29,357120,4400.0,1.56,-0.4,1.5,-1.1
2025-12-30,357120,4410.0,1.55,-0.3,0.9,-0.5
2026-01-02,357120,4410.0,1.55,-0.2,2.0,-1.8
2026-01-05,357120,4395.0,1.54,-0.3,2.5,-2.2
2026-01-06,357120,4425.0,1.54,0.6,1.9,-2.3
2026-01-07,357120,4440.0,1.55,-1.2,3.2,-1.8
2026-01-08,357120,4445.0,1.52,-1.0,3.1,-2.1
2026-01-09,357120,4440.0,1.5,-0.8,2.1,-1.3
2026-01-12,357120,4450.0,1.48,-0.7,1.7,-0.9
2026-01-13,357120,4390.0,1.46,-2.2,1.2,1.0
2026-01-14,357120,4410.0,1.41,0.1,0.9,-0.7
2026-01-15,357120,4410.0,1.41,0.3,1.2,-1.3
2026-01-16,357120,4440.0,1.42,0.0,1.1,-1.0
2026-01-19,357120,4395.0,1.42,0.8,1.3,-2.1
2026-01-20,357120,4385.0,1.44,-0.0,-0.4,0.3
2026-01-21,357120,4410.0,1.44,-0.2,2.0,-1.6
2026-01-22,357120,4410.0,1.43,-0.4,1.5,-0.9
2026-01-23,357120,4430.0,1.42,-0.6,3.7,-3.2
2026-01-26,357120,4450.0,1.41,0.2,5.2,-5.1
2026-01-27,357120,4500.0,1.41,0.4,4.2,-4.4
2026-01-28,357120,4535.0,1.42,-0.3,5.0,-4.7
2026-01-29,357120,4540.0,1.41,0.4,2.6,-2.9
2026-01-30,357120,4545.0,1.42,0.5,3.8,-4.2
2026-02-02,357120,4510.0,1.44,-0.7,4.0,-3.3
2026-02-03,357120,4515.0,1.42,0.1,1.6,-1.6
2026-02-04,357120,4520.0,1.42,0.5,2.4,-2.8
2026-02-05,357120,4540.0,1.43,0.9,1.7,-2.6
2026-02-06,357120,4550.0,1.45,2.0,2.0,-4.0
2026-02-09,357120,4570.0,1.5,0.5,2.2,-1.8
2026-02-10,357120,4590.0,1.51,0.8,1.2,-1.5
2026-02-11,357120,4595.0,1.53,0.8,-0.1,-1.2
2026-02-12,357120,4615.0,1.54,1.4,0.5,-1.9
2026-02-13,357120,4660.0,1.57,2.5,2.1,-4.6
2026-02-19,357120,4650.0,1.63,-0.0,2.7,-2.7
2026-02-20,357120,4555.0,1.63,0.4,0.9,0.1
2026-02-23,357120,4630.0,1.64,-0.4,2.7,-2.0
2026-02-24,357120,4640.0,1.63,-2.2,3.7,-1.5
2026-02-25,357120,4585.0,1.58,-2.9,2.6,0.4
2026-02-26,357120,4580.0,1.52,-1.0,2.1,-1.0
2026-02-27,357120,4585.0,1.65,-0.9,1.8,-0.9
2026-03-03,357120,4525.0,1.63,-0.9,1.2,0.2
2026-03-04,357120,4310.0,1.61,1.7,-2.4,0.7
2026-03-05,357120,4515.0,1.65,0.2,1.5,-1.6
2026-03-06,357120,4525.0,1.65,-0.5,0.6,-0.1
2026-03-09,357120,4450.0,1.64,0.7,1.5,-2.1
2026-03-10,357120,4475.0,1.66,-2.4,4.8,-1.7
2026-03-11,357120,4530.0,1.6,-0.9,3.0,-1.5
2026-03-12,357120,4585.0,1.58,-1.0,2.0,-1.0
2026-03-13,357120,4625.0,1.56,-0.3,3.2,-3.0
2026-03-16,357120,4620.0,1.55,-1.1,2.0,-0.9
2026-03-17,357120,4625.0,1.53,-0.7,1.8,-0.9
2026-03-18,357120,4640.0,1.51,-0.2,3.3,-2.8
2026-03-19,357120,4640.0,1.51,-0.2,2.3,-1.9
2026-03-20,357120,4645.0,1.5,-0.4,1.8,-1.1
2026-03-23,357120,4610.0,1.49,-0.3,0.5,-0.1
2026-03-24,357120,4610.0,1.57,0.1,0.7,-0.8
2026-03-25,357120,4600.0,1.64,-0.5,0.5,0.0
2026-03-26,357120,4595.0,1.63,-0.4,1.0,-0.6
2026-03-27,357120,4560.0,1.63,-0.3,0.5,-0.3
2026-03-30,357120,4500.0,1.62,0.4,-0.8,0.4
2026-03-31,357120,4470.0,1.62,-0.2,-0.1,0.6
2026-04-01,357120,4500.0,1.62,-0.2,-0.4,0.6
2026-04-02,357120,4510.0,1.62,0.2,1.2,-1.3
2026-04-03,357120,4545.0,1.62,-0.0,0.7,-0.7
2026-04-06,357120,4550.0,1.62,1.6,-0.5,-1.1
2026-04-07,357120,4570.0,1.66,-0.2,1.0,-0.8
2026-04-08,357120,4610.0,1.65,-0.3,2.4,-2.1
2026-04-09,357120,4625.0,1.64,0.5,1.2,-1.6
2026-04-10,357120,4650.0,1.65,0.9,0.4,-1.4
2026-04-13,357120,4660.0,1.67,2.5,0.5,-3.0
2026-04-14,357120,4665.0,1.73,-0.4,1.4,-0.7
2026-04-15,357120,4665.0,1.72,-1.5,0.3,1.1
2026-04-16,357120,4670.0,1.69,-0.0,0.6,-0.4
2026-04-17,357120,4680.0,1.69,0.1,1.2,-1.1
2026-04-20,357120,4715.0,1.69,1.1,0.2,-2.0
2026-04-21,357120,4745.0,1.71,0.5,0.2,-1.4
2026-04-22,357120,4800.0,1.72,1.2,0.1,-1.9
2026-04-23,357120,4845.0,1.75,1.0,-0.0,-1.5
2026-04-24,357120,4850.0,1.77,-0.2,0.1,-0.5
2026-04-27,357120,4920.0,1.76,0.5,3.0,-4.1
2026-04-28,357120,4850.0,1.77,-0.3,0.9,-1.3
2026-04-29,357120,4650.0,1.77,-1.2,-5.8,4.7
2026-04-30,357120,4685.0,1.74,0.2,-1.1,-0.1
2026-05-04,357120,4585.0,1.75,-2.6,-3.2,5.2
2026-05-06,357120,4395.0,1.69,-1.0,-3.7,4.0
2026-05-07,357120,4395.0,1.67,-0.2,-0.8,0.9
2026-05-08,357120,4530.0,1.66,-0.7,-0.2,0.7
2026-05-11,357120,4440.0,1.65,-0.3,-0.3,-1.2
2026-05-12,357120,4400.0,1.64,0.7,-0.3,-0.5
2026-05-13,357120,4360.0,1.66,0.2,-0.4,0.5
2026-05-14,357120,4405.0,1.66,0.4,-0.3,0.1
2026-05-15,357120,4400.0,1.67,0.6,0.6,-1.9
2026-05-18,357120,4330.0,1.66,-1.1,-0.4,1.3
2026-05-19,357120,4460.0,1.63,-0.4,0.6,-0.2
2026-05-20,357120,4410.0,1.62,0.1,0.5,0.2
2026-05-21,357120,4395.0,1.62,0.0,1.8,-0.2
2026-05-22,357120,4440.0,1.63,-0.6,0.9,-0.6
2026-05-26,357120,4525.0,1.61,-0.7,2.6,-1.9
2026-05-27,357120,4475.0,1.59,-0.3,0.4,0.5
2026-05-28,357120,4405.0,1.59,0.0,-0.4,0.3
2026-05-29,357120,4315.0,1.59,0.1,0.2,-0.4
2026-06-01,357120,4050.0,1.59,0.2,-1.8,2.6
2026-06-02,357120,3985.0,1.6,2.0,-3.4,1.3
2026-06-04,357120,3910.0,1.65,-1.1,-2.2,3.3
2026-06-05,357120,3915.0,1.62,0.5,-0.4,-0.2
2026-06-08,357120,3855.0,1.67,-0.9,-0.3,1.2
2026-06-09,357120,3925.0,1.64,0.4,0.1,-0.5
2026-06-10,357120,3945.0,1.65,3.9,-6.1,2.1
2026-06-11,357120,3795.0,1.76,9.4,-16.1,6.1
2026-06-12,357120,4100.0,2.01,-1.2,4.5,-3.2
2026-06-15,357120,3905.0,1.98,1.1,-1.8,0.7
2026-06-16,357120,4180.0,2.01,-12.8,18.6,-4.5
2026-06-17,357120,4370.0,1.7,-1.1,8.2,-6.5
2026-06-18,357120,4210.0,1.67,7.6,9.1,-16.1
2026-06-19,357120,4095.0,1.85,-3.4,4.0,-0.6
2026-06-22,357120,4020.0,1.77,-2.0,1.6,1.2
2026-06-23,357120,4000.0,1.72,-0.9,0.8,0.1
2026-06-24,357120,4035.0,1.69,-0.6,0.7,-0.1
2026-06-25,357120,4050.0,1.68,-0.6,1.3,-0.2
2026-06-26,357120,4025.0,1.67,-0.6,1.1,-0.2
2026-06-29,357120,4050.0,1.65,-0.2,0.8,-0.4
2026-06-30,357120,4185.0,1.64,-0.7,1.0,-0.3
2026-07-01,357120,4240.0,1.63,-0.3,0.6,-0.3
2026-07-02,357120,4240.0,1.62,-0.3,0.8,-0.4
2026-07-03,357120,4175.0,1.61,-0.2,0.7,-0.5
2026-07-06,357120,4210.0,1.61,1.0,1.0,-2.0
2026-07-07,357120,4235.0,1.65,-0.4,1.1,-0.7
2026-07-08,357120,4160.0,1.64,-0.5,0.2,0.3
2026-07-09,357120,4020.0,1.63,0.4,-1.1,0.6
2026-07-10,357120,4025.0,1.64,0.5,-0.4,-0.1
2026-07-13,357120,3990.0,1.65,-0.1,0.4,-0.3
2026-07-14,357120,3985.0,1.65,-0.0,-0.2,0.3
2026-07-15,357120,4005.0,1.65,-0.2,0.7,-0.5
2026-07-16,357120,3965.0,1.64,0.7,-1.1,0.4
2025-07-14,357230,2595.0,0.62,0.0,,-0.0
2025-07-15,357230,2600.0,0.62,0.0,,0.0
2025-07-16,357230,2580.0,0.62,-0.0,,0.0
2025-07-17,357230,2575.0,0.62,0.1,-0.2,0.2
2025-07-18,357230,2570.0,0.63,-0.1,,0.1
2025-07-21,357230,2535.0,0.62,-0.0,,-0.0
2025-07-22,357230,2510.0,0.62,-0.1,-0.1,0.2
2025-07-23,357230,2490.0,0.61,-0.0,-0.2,0.2
2025-07-24,357230,2495.0,0.61,-0.0,-0.0,0.1
2025-07-25,357230,2475.0,0.61,-0.0,,0.0
2025-07-28,357230,2470.0,0.61,-0.0,,0.0
2025-07-29,357230,2460.0,0.6,-0.0,,0.0
2025-07-30,357230,2490.0,0.6,-0.1,,0.1
2025-07-31,357230,2485.0,0.59,-0.0,,0.0
2025-08-01,357230,2435.0,0.59,-0.1,,0.1
2025-08-04,357230,2455.0,0.58,-0.0,,0.0
2025-08-05,357230,2475.0,0.58,-0.0,,0.0
2025-08-06,357230,2470.0,0.58,-0.0,,0.0
2025-08-07,357230,2470.0,0.58,-0.0,,0.0
2025-08-08,357230,2470.0,0.58,-0.0,,0.0
2025-08-11,357230,2440.0,0.57,-0.0,,0.0
2025-08-12,357230,2430.0,0.57,0.0,,-0.0
2025-08-13,357230,2435.0,0.57,-0.0,,0.0
2025-08-14,357230,2525.0,0.57,-0.2,,0.2
2025-08-18,357230,2560.0,0.55,-0.0,,-0.0
2025-08-19,357230,2530.0,0.55,0.0,,-0.0
2025-08-20,357230,2495.0,0.55,0.1,,-0.1
2025-08-21,357230,2500.0,0.56,0.0,,0.0
2025-08-22,357230,2510.0,0.56,0.2,-0.2,-0.0
2025-08-25,357230,2530.0,0.58,0.0,,-0.0
2025-08-26,357230,2540.0,0.59,-0.0,,0.0
2025-08-27,357230,2490.0,0.59,-0.0,,0.0
2025-08-28,357230,2505.0,0.58,0.0,,-0.0
2025-08-29,357230,2510.0,0.59,-0.0,0.0,-0.0
2025-09-01,357230,2505.0,0.59,-0.0,,0.0
2025-09-02,357230,2520.0,0.58,0.1,,-0.1
2025-09-03,357230,2535.0,0.59,0.0,,-0.0
2025-09-04,357230,2560.0,0.59,0.0,,0.0
2025-09-05,357230,2655.0,0.59,-0.2,-0.1,0.3
2025-09-08,357230,2645.0,0.57,0.7,,-0.8
2025-09-09,357230,2705.0,0.63,0.1,0.0,-0.1
2025-09-10,357230,2685.0,0.64,-0.1,-0.1,0.2
2025-09-11,357230,2725.0,0.63,-0.1,,-0.0
2025-09-12,357230,2755.0,0.63,-0.2,,0.2
2025-09-15,357230,2690.0,0.61,0.1,,-0.1
2025-09-16,357230,2670.0,0.62,0.1,,-0.1
2025-09-17,357230,2690.0,0.63,0.1,-0.1,0.0
2025-09-18,357230,2780.0,0.64,0.2,-0.0,-0.1
2025-09-19,357230,2735.0,0.66,-0.4,-0.3,0.7
2025-09-22,357230,2800.0,0.62,0.4,0.2,-0.6
2025-09-23,357230,2795.0,0.65,-0.4,,0.4
2025-09-24,357230,2735.0,0.62,-0.4,,0.4
2025-09-25,357230,2745.0,0.59,-0.1,,0.1
2025-09-26,357230,2720.0,0.58,0.1,0.1,-0.2
2025-09-29,357230,2800.0,0.59,1.6,-0.2,-1.4
2025-09-30,357230,2775.0,0.73,-0.4,,0.6
2025-10-01,357230,2740.0,0.7,0.4,,-0.4
2025-10-02,357230,2740.0,0.74,0.3,,-0.3
2025-10-10,357230,2690.0,0.77,-0.6,,0.6
2025-10-13,357230,2690.0,0.72,0.2,0.0,-0.2
2025-10-14,357230,2700.0,0.74,0.3,0.1,-0.4
2025-10-15,357230,2735.0,0.76,0.8,-0.0,-0.8
2025-10-16,357230,2695.0,0.84,-0.3,,0.3
2025-10-17,357230,2630.0,0.81,-0.8,,0.8
2025-10-20,357230,2650.0,0.73,-0.0,,0.0
2025-10-21,357230,2645.0,0.73,0.0,,-0.0
2025-10-22,357230,2620.0,0.75,-0.2,,0.2
2025-10-23,357230,2590.0,0.73,0.2,,-0.2
2025-10-24,357230,2535.0,1.02,-0.1,,0.2
2025-10-27,357230,2635.0,1.0,0.4,-0.0,-0.4
2025-10-28,357230,2585.0,1.04,-0.1,,0.1
2025-10-29,357230,2555.0,1.03,-0.4,,0.4
2025-10-30,357230,2515.0,1.0,-0.3,,0.3
2025-10-31,357230,2495.0,0.97,0.0,,-0.0
2025-11-03,357230,2445.0,0.97,-0.1,,0.1
2025-11-04,357230,2415.0,0.96,-0.0,,0.0
2025-11-05,357230,2420.0,0.96,-0.2,-0.0,0.2
2025-11-06,357230,2455.0,0.94,-0.1,,0.1
2025-11-07,357230,2410.0,0.94,1.2,-1.4,0.1
2025-11-10,357230,2470.0,1.06,0.1,,-0.0
2025-11-11,357230,2525.0,0.99,-0.2,,0.2
2025-11-12,357230,2560.0,0.97,0.4,,-0.4
2025-11-13,357230,2450.0,1.01,0.4,,-0.5
2025-11-14,357230,2385.0,1.04,-0.0,,0.1
2025-11-17,357230,2360.0,1.04,0.1,,-0.1
2025-11-18,357230,2310.0,1.05,-0.4,,0.4
2025-11-19,357230,2305.0,1.0,0.1,,-0.1
2025-11-20,357230,2390.0,1.02,-0.0,,0.0
2025-11-21,357230,2350.0,1.01,-0.0,,0.1
2025-11-24,357230,2315.0,1.01,-0.1,,0.1
2025-11-25,357230,2315.0,1.0,-0.1,,0.1
2025-11-26,357230,2320.0,1.0,0.0,,-0.0
2025-11-27,357230,2325.0,1.0,0.0,,-0.0
2025-11-28,357230,2350.0,1.0,0.1,,-0.1
2025-12-01,357230,2365.0,1.02,-0.1,,0.1
2025-12-02,357230,2380.0,1.0,-0.0,,0.0
2025-12-03,357230,2420.0,1.0,-0.1,,0.1
2025-12-04,357230,2385.0,0.99,-0.1,,0.1
2025-12-05,357230,2405.0,0.98,-0.1,,0.1
2025-12-08,357230,2355.0,0.97,0.1,,-0.2
2025-12-09,357230,2350.0,0.99,0.0,,-0.0
2025-12-10,357230,2365.0,0.99,0.0,,-0.0
2025-12-11,357230,2405.0,0.99,0.0,,-0.0
2025-12-12,357230,2390.0,0.99,-0.0,,0.0
2025-12-15,357230,2385.0,0.99,0.3,,-0.4
2025-12-16,357230,2430.0,1.03,0.0,,-0.0
2025-12-17,357230,2490.0,1.03,-0.1,,0.0
2025-12-18,357230,2435.0,1.02,-0.1,,0.2
2025-12-19,357230,2470.0,1.01,-0.1,,0.1
2025-12-22,357230,2470.0,1.0,-0.1,,0.1
2025-12-23,357230,2430.0,1.05,0.0,,-0.0
2025-12-24,357230,2405.0,1.07,0.0,,-0.1
2025-12-26,357230,2410.0,1.07,0.3,,-0.3
2025-12-29,357230,2425.0,0.84,-0.0,,0.0
2025-12-30,357230,2420.0,0.84,-2.6,2.5,0.1
2026-01-02,357230,2490.0,0.58,0.3,0.1,-0.4
2026-01-05,357230,2480.0,0.6,-0.1,-0.0,0.2
2026-01-06,357230,2475.0,0.64,-0.1,-0.0,0.1
2026-01-07,357230,2440.0,0.65,-0.1,-0.0,0.1
2026-01-08,357230,2385.0,0.65,-0.0,0.0,0.0
2026-01-09,357230,2390.0,0.65,0.0,0.1,-0.1
2026-01-12,357230,2420.0,0.65,0.2,0.0,-0.2
2026-01-13,357230,2420.0,0.67,-0.1,0.0,0.1
2026-01-14,357230,2410.0,0.73,-0.0,-0.0,0.1
2026-01-15,357230,2430.0,0.72,-0.0,0.1,-0.0
2026-01-16,357230,2415.0,0.72,-0.0,-0.1,0.1
2026-01-19,357230,2375.0,0.72,-0.0,0.1,-0.1
2026-01-20,357230,2455.0,0.72,-0.0,0.1,-0.2
2026-01-21,357230,2440.0,0.72,-0.0,0.0,0.0
2026-01-22,357230,2460.0,0.71,-0.0,-0.0,0.1
2026-01-23,357230,2470.0,0.71,0.0,-0.0,-0.0
2026-01-26,357230,2520.0,0.71,0.1,-0.1,-0.0
2026-01-27,357230,2545.0,0.72,0.0,-0.1,0.0
2026-01-28,357230,2555.0,0.72,0.0,-0.1,-0.1
2026-01-29,357230,2485.0,0.73,-0.1,-0.0,0.1
2026-01-30,357230,2445.0,0.72,-0.1,0.1,-0.0
2026-02-02,357230,2395.0,0.72,-0.2,-0.0,0.3
2026-02-03,357230,2430.0,0.7,-0.2,-0.1,0.3
2026-02-04,357230,2460.0,0.68,-0.2,0.1,0.1
2026-02-05,357230,2440.0,0.66,-0.1,-0.0,0.1
2026-02-06,357230,2420.0,0.65,-0.1,0.2,-0.2
2026-02-09,357230,2410.0,0.65,0.0,0.2,-0.2
2026-02-10,357230,2430.0,0.65,-0.0,-0.1,-0.2
2026-02-11,357230,2430.0,0.65,0.0,0.0,-0.0
2026-02-12,357230,2425.0,0.65,0.0,0.1,-0.1
2026-02-13,357230,2405.0,0.65,-0.1,-0.2,0.1
2026-02-19,357230,2410.0,0.64,-0.0,0.0,0.0
2026-02-20,357230,2415.0,0.64,0.1,-0.0,-0.1
2026-02-23,357230,2420.0,0.65,0.1,0.0,-0.2
2026-02-24,357230,2435.0,0.72,0.0,-0.0,-0.0
2026-02-25,357230,2445.0,0.66,-0.0,-0.0,0.0
2026-02-26,357230,2440.0,0.65,-1.1,-0.4,0.6
2026-02-27,357230,2525.0,0.54,0.1,1.4,-2.1
2026-03-03,357230,2480.0,0.55,0.2,-0.5,0.0
2026-03-04,357230,2335.0,0.57,-0.3,-0.0,-0.1
2026-03-05,357230,2395.0,0.55,0.1,-0.0,-0.0
2026-03-06,357230,2385.0,0.56,-0.0,0.1,-0.1
2026-03-09,357230,2350.0,0.56,0.1,-0.1,-0.0
2026-03-10,357230,2375.0,0.57,-0.1,-0.0,-0.3
2026-03-11,357230,2410.0,0.56,0.1,-0.3,0.2
2026-03-12,357230,2405.0,0.56,-0.0,-0.0,0.1
2026-03-13,357230,2410.0,0.56,0.0,0.0,-0.0
2026-03-16,357230,2440.0,0.56,0.3,0.0,-0.3
2026-03-17,357230,2445.0,0.59,-0.1,0.0,0.1
2026-03-18,357230,2500.0,0.58,0.2,0.0,-0.8
2026-03-19,357230,2435.0,0.6,-0.1,0.0,0.1
2026-03-20,357230,2445.0,0.59,-0.1,0.0,-0.0
2026-03-23,357230,2375.0,0.59,0.6,0.0,-0.1
2026-03-24,357230,2370.0,0.65,0.1,-0.2,0.0
2026-03-25,357230,2430.0,0.66,0.1,-0.2,0.1
2026-03-26,357230,2380.0,0.67,0.1,0.1,-0.2
2026-03-27,357230,2420.0,0.68,0.4,0.0,-0.5
2026-03-30,357230,2395.0,0.72,-0.0,0.0,0.0
2026-03-31,357230,2350.0,0.72,-0.0,0.1,-0.1
2026-04-01,357230,2450.0,0.87,-0.1,0.2,-0.6
2026-04-02,357230,2405.0,0.86,0.1,-0.0,-0.1
2026-04-03,357230,2390.0,0.87,0.0,-0.0,-0.0
2026-04-06,357230,2390.0,0.87,-0.0,-0.0,0.1
2026-04-07,357230,2370.0,0.87,0.1,-0.0,-0.0
2026-04-08,357230,2385.0,0.88,0.2,0.0,-0.2
2026-04-09,357230,2405.0,0.89,0.0,-0.1,0.0
2026-04-10,357230,2445.0,0.9,0.5,0.6,-1.1
2026-04-13,357230,2455.0,0.95,-0.1,-0.1,0.1
2026-04-14,357230,2465.0,0.94,0.1,0.0,-0.1
2026-04-15,357230,2480.0,0.99,0.3,-0.0,-0.3
2026-04-16,357230,2510.0,1.02,0.1,-0.1,0.0
2026-04-17,357230,2520.0,1.02,0.0,-0.1,0.1
2026-04-20,357230,2605.0,1.03,-0.2,1.1,-1.0
2026-04-21,357230,2570.0,1.01,-0.7,-0.3,0.9
2026-04-22,357230,2595.0,0.95,-0.7,0.0,0.7
2026-04-23,357230,2560.0,0.88,-0.7,-0.2,0.9
2026-04-24,357230,2555.0,0.82,0.2,0.0,-0.2
2026-04-27,357230,2565.0,0.83,2.0,-0.1,-1.9
2026-04-28,357230,2540.0,1.02,-0.0,-0.0,0.1
2026-04-29,357230,2535.0,0.96,0.1,-0.2,0.1
2026-04-30,357230,2790.0,0.97,-2.8,-0.4,5.1
2026-05-04,357230,2900.0,0.75,-0.0,-0.5,0.1
2026-05-06,357230,2760.0,0.75,0.4,0.2,-1.0
2026-05-07,357230,2770.0,0.79,-1.1,0.1,1.6
2026-05-08,357230,2765.0,0.7,0.1,-0.1,0.2
2026-05-11,357230,2790.0,0.71,0.1,-0.2,0.1
2026-05-12,357230,2710.0,0.72,2.1,0.2,-2.2
2026-05-13,357230,2785.0,0.92,0.2,-0.3,-0.5
2026-05-14,357230,2960.0,0.93,4.6,1.5,-7.1
2026-05-15,357230,2840.0,1.31,-2.3,-0.7,2.8
2026-05-18,357230,2785.0,1.11,0.4,-0.2,-0.2
2026-05-19,357230,2740.0,1.14,-1.3,-0.3,1.1
2026-05-20,357230,2680.0,1.03,-0.0,0.1,-0.1
2026-05-21,357230,2880.0,1.08,0.4,1.2,-2.1
2026-05-22,357230,2940.0,1.12,0.9,0.6,-1.8
2026-05-26,357230,2835.0,1.19,0.8,0.0,-0.8
2026-05-27,357230,2775.0,1.26,-1.0,-0.3,1.3
2026-05-28,357230,2735.0,1.18,0.3,0.0,-0.3
2026-05-29,357230,2570.0,1.19,-0.1,-0.6,0.8
2026-06-01,357230,2450.0,1.18,-0.3,-1.7,2.0
2026-06-02,357230,2350.0,1.15,-0.1,-0.0,0.1
2026-06-04,357230,2310.0,1.14,-0.5,0.0,0.5
2026-06-05,357230,2305.0,1.08,-0.2,-0.0,0.2
2026-06-08,357230,2185.0,1.3,-1.2,0.0,1.2
2026-06-09,357230,2250.0,1.17,-0.1,0.0,0.1
2026-06-10,357230,2230.0,1.15,-1.1,0.2,1.0
2026-06-11,357230,2260.0,1.03,0.1,-0.0,-0.1
2026-06-12,357230,2300.0,1.04,-0.2,0.0,0.1
2026-06-15,357230,2285.0,1.02,-0.6,-0.0,0.5
2026-06-16,357230,2275.0,0.97,0.3,0.0,-0.3
2026-06-17,357230,2320.0,1.0,-0.2,-0.0,0.1
2026-06-18,357230,2270.0,0.97,-0.2,-0.0,0.1
2026-06-19,357230,2220.0,0.96,-0.3,0.0,0.3
2026-06-22,357230,2205.0,0.92,0.1,0.0,-0.1
2026-06-23,357230,2030.0,0.93,0.7,0.0,-0.8
2026-06-24,357230,2070.0,1.02,0.4,0.0,-0.4
2026-06-25,357230,2045.0,1.06,-0.2,-0.1,0.3
2026-06-26,357230,1963.0,1.03,0.1,-0.0,-0.1
2026-06-29,357230,2095.0,1.05,0.0,0.0,-0.0
2026-06-30,357230,2035.0,1.05,-0.2,0.0,0.1
2026-07-01,357230,2135.0,1.02,0.0,-0.0,-0.0
2026-07-02,357230,2060.0,1.03,0.1,-0.0,-0.1
2026-07-03,357230,2145.0,1.04,-0.1,0.1,-0.0
2026-07-06,357230,2170.0,1.03,-0.4,-0.1,0.4
2026-07-07,357230,2190.0,0.99,-0.1,0.0,0.1
2026-07-08,357230,2185.0,0.98,-0.3,-0.0,0.3
2026-07-09,357230,2130.0,0.95,0.3,0.0,-0.3
2026-07-10,357230,2195.0,0.98,0.1,-0.0,-0.1
2026-07-13,357230,2120.0,0.99,-0.0,0.0,0.0
2026-07-14,357230,2095.0,0.99,0.2,-0.0,-0.2
2026-07-15,357230,2170.0,1.02,0.4,-0.0,-0.4
2026-07-16,357230,2165.0,1.07,0.0,0.0,-0.1
2025-07-14,357250,2770.0,0.99,0.1,-0.5,-0.1
2025-07-15,357250,2765.0,1.0,-0.1,-0.0,0.0
2025-07-16,357250,2760.0,0.98,-0.1,-1.2,1.0
2025-07-17,357250,2750.0,0.96,0.1,-0.1,-0.0
2025-07-18,357250,2765.0,0.97,0.3,0.5,-0.9
2025-07-21,357250,2775.0,1.02,0.0,-0.0,-0.0
2025-07-22,357250,2765.0,1.02,-0.0,0.0,0.0
2025-07-23,357250,2730.0,1.02,-0.1,-0.5,0.7
2025-07-24,357250,2710.0,1.0,-0.1,-0.0,0.4
2025-07-25,357250,2705.0,0.98,-0.1,0.1,0.0
2025-07-28,357250,2670.0,0.97,-0.0,-0.1,-0.2
2025-07-29,357250,2670.0,0.97,-0.0,0.0,0.2
2025-07-30,357250,2670.0,0.97,0.0,0.0,0.6
2025-07-31,357250,2670.0,0.97,-0.1,0.0,0.1
2025-08-01,357250,2650.0,0.95,-0.3,0.0,0.3
2025-08-04,357250,2635.0,0.9,0.0,0.1,-0.1
2025-08-05,357250,2670.0,0.9,0.1,-0.2,0.1
2025-08-06,357250,2655.0,0.91,-0.1,-0.0,0.1
2025-08-07,357250,2665.0,0.9,0.0,-0.0,-0.1
2025-08-08,357250,2665.0,0.9,-0.0,0.0,0.0
2025-08-11,357250,2670.0,0.89,0.0,0.0,-0.0
2025-08-12,357250,2660.0,0.9,-0.1,-0.0,0.1
2025-08-13,357250,2660.0,0.89,0.0,0.1,-0.1
2025-08-14,357250,2645.0,0.89,-0.1,0.0,0.0
2025-08-18,357250,2625.0,0.88,-0.0,-0.2,0.2
2025-08-19,357250,2625.0,0.88,-0.0,0.0,0.0
2025-08-20,357250,2635.0,0.87,-0.1,-0.0,-0.0
2025-08-21,357250,2630.0,0.86,-0.0,0.0,0.0
2025-08-22,357250,2615.0,0.86,-0.0,0.1,-0.1
2025-08-25,357250,2625.0,0.86,0.1,-0.2,0.1
2025-08-26,357250,2635.0,0.88,-0.0,0.1,-0.1
2025-08-27,357250,2630.0,0.87,-0.0,0.0,0.2
2025-08-28,357250,2610.0,0.86,0.3,0.0,1.2
2025-08-29,357250,2620.0,0.9,-0.0,0.0,0.0
2025-09-01,357250,2610.0,0.9,-0.3,-0.0,0.3
2025-09-02,357250,2620.0,0.86,0.4,-0.6,1.4
2025-09-03,357250,2640.0,0.92,-0.0,-0.0,-0.2
2025-09-04,357250,2640.0,0.91,0.0,-0.2,0.2
2025-09-05,357250,2690.0,0.92,0.5,-1.1,0.5
2025-09-08,357250,2755.0,1.0,0.2,0.3,-0.6
2025-09-09,357250,2805.0,1.03,-0.2,-1.3,-2.6
2025-09-10,357250,2805.0,1.0,-0.2,-0.2,-0.4
2025-09-11,357250,2805.0,0.98,-0.2,-0.1,-0.9
2025-09-12,357250,2815.0,0.95,-0.3,0.0,-0.5
2025-09-15,357250,2830.0,0.91,-0.2,-0.1,-1.1
2025-09-16,357250,2835.0,0.88,-0.2,0.3,-0.2
2025-09-17,357250,2820.0,0.86,-0.1,-0.0,0.1
2025-09-18,357250,2820.0,0.84,0.0,-0.0,-0.0
2025-09-19,357250,2830.0,0.85,-0.0,-0.0,-0.1
2025-09-22,357250,2820.0,0.85,-0.2,-0.3,0.8
2025-09-23,357250,2795.0,0.81,-0.1,-0.1,0.1
2025-09-24,357250,2790.0,0.8,-0.1,-0.4,0.4
2025-09-25,357250,2795.0,0.79,0.0,0.0,-0.1
2025-09-26,357250,2780.0,0.79,-0.0,-0.0,0.1
2025-09-29,357250,2770.0,0.79,-0.0,0.0,0.1
2025-09-30,357250,2795.0,0.79,-0.0,-0.1,0.1
2025-10-01,357250,2800.0,0.78,-0.0,0.1,-0.0
2025-10-02,357250,2805.0,0.78,0.1,0.3,-0.2
2025-10-10,357250,2800.0,0.79,0.0,0.3,-0.4
2025-10-13,357250,2790.0,0.8,-0.0,0.2,-0.1
2025-10-14,357250,2775.0,0.8,-0.0,-0.1,0.1
2025-10-15,357250,2790.0,0.79,0.0,-0.0,-0.0
2025-10-16,357250,2805.0,0.8,-0.1,0.0,0.1
2025-10-17,357250,2780.0,0.78,-0.1,-0.2,0.3
2025-10-20,357250,2790.0,0.77,-0.0,0.0,-0.0
2025-10-21,357250,2765.0,0.77,-0.1,-0.0,0.6
2025-10-22,357250,2765.0,0.75,-0.1,0.3,0.2
2025-10-23,357250,2770.0,0.75,0.0,0.1,0.2
2025-10-24,357250,2770.0,0.75,-0.0,0.4,-0.4
2025-10-27,357250,2760.0,0.74,-0.0,-0.0,-0.1
2025-10-28,357250,2760.0,0.74,-0.0,0.2,-0.2
2025-10-29,357250,2760.0,0.74,-0.0,0.1,-0.3
2025-10-30,357250,2740.0,0.74,-0.0,0.1,-0.2
2025-10-31,357250,2700.0,0.73,-0.0,-0.1,0.0
2025-11-03,357250,2700.0,0.73,-0.1,0.4,-0.4
2025-11-04,357250,2700.0,0.71,-0.1,0.2,-0.1
2025-11-05,357250,2700.0,0.7,-0.1,0.1,0.1
2025-11-06,357250,2710.0,0.69,-0.0,-0.1,0.0
2025-11-07,357250,2715.0,0.69,0.2,-0.2,0.1
2025-11-10,357250,2735.0,0.72,0.1,-0.1,-0.0
2025-11-11,357250,2730.0,0.74,0.0,0.2,0.4
2025-11-12,357250,2745.0,0.74,0.0,0.1,0.6
2025-11-13,357250,2745.0,0.74,0.0,0.0,0.1
2025-11-14,357250,2740.0,0.75,0.5,0.4,-0.3
2025-11-17,357250,2735.0,0.82,0.1,0.1,-0.1
2025-11-18,357250,2725.0,0.83,-0.0,0.0,-0.0
2025-11-19,357250,2750.0,0.83,-0.0,-0.1,0.2
2025-11-20,357250,2745.0,0.82,0.1,-0.2,0.1
2025-11-21,357250,2760.0,0.84,0.2,0.0,-0.1
2025-11-24,357250,2765.0,0.86,0.1,0.2,-0.2
2025-11-25,357250,2760.0,0.87,0.1,0.3,-0.3
2025-11-26,357250,2775.0,0.88,0.3,0.2,-0.3
2025-11-27,357250,2665.0,0.92,-0.1,-0.7,0.9
2025-11-28,357250,2660.0,0.9,-0.5,-0.7,0.4
2025-12-01,357250,2665.0,0.83,-0.4,-0.2,0.5
2025-12-02,357250,2665.0,0.77,-0.1,-0.3,-0.2
2025-12-03,357250,2665.0,0.76,0.0,-0.1,0.1
2025-12-04,357250,2665.0,0.76,-0.6,0.1,0.5
2025-12-05,357250,2690.0,0.66,-0.1,-0.2,0.3
2025-12-08,357250,2710.0,0.65,-0.3,-0.1,0.3
2025-12-09,357250,2685.0,0.61,0.0,0.1,-0.1
2025-12-10,357250,2700.0,0.61,-0.0,-0.2,0.2
2025-12-11,357250,2685.0,0.61,0.0,0.1,-0.2
2025-12-12,357250,2685.0,0.61,-0.0,0.0,0.0
2025-12-15,357250,2675.0,0.61,0.0,-0.0,-0.2
2025-12-16,357250,2635.0,0.61,-0.3,0.2,-0.2
2025-12-17,357250,2630.0,0.57,0.0,0.1,-0.2
2025-12-18,357250,2600.0,0.57,0.0,0.0,-0.1
2025-12-19,357250,2635.0,0.57,0.3,-0.1,-0.3
2025-12-22,357250,2615.0,0.62,-0.1,0.0,0.0
2025-12-23,357250,2615.0,0.6,-0.0,0.0,0.0
2025-12-24,357250,2615.0,0.6,-0.0,-0.1,0.2
2025-12-26,357250,2620.0,0.59,-0.0,-0.0,0.0
2025-12-29,357250,2630.0,0.59,-0.0,0.1,-0.1
2025-12-30,357250,2625.0,0.59,-0.0,-0.0,0.1
2026-01-02,357250,2630.0,0.59,0.0,0.0,-0.1
2026-01-05,357250,2630.0,0.59,-0.1,-0.1,0.1
2026-01-06,357250,2630.0,0.57,0.1,0.1,-0.3
2026-01-07,357250,2620.0,0.58,0.1,-0.2,-0.1
2026-01-08,357250,2600.0,0.59,-0.1,-0.6,0.5
2026-01-09,357250,2610.0,0.58,-0.0,0.0,-0.0
2026-01-12,357250,2600.0,0.57,-0.2,0.0,0.2
2026-01-13,357250,2585.0,0.54,0.1,0.1,-0.3
2026-01-14,357250,2590.0,0.55,0.0,-0.0,-0.0
2026-01-15,357250,2600.0,0.55,-0.0,-0.1,0.0
2026-01-16,357250,2590.0,0.55,-0.1,-0.4,0.4
2026-01-19,357250,2595.0,0.53,0.2,-0.2,0.2
2026-01-20,357250,2600.0,0.55,0.1,0.1,-0.2
2026-01-21,357250,2600.0,0.56,-0.2,0.0,0.0
2026-01-22,357250,2590.0,0.54,-0.0,0.0,-0.0
2026-01-23,357250,2595.0,0.53,-0.1,0.3,-0.6
2026-01-26,357250,2580.0,0.52,-0.2,-0.2,0.2
2026-01-27,357250,2560.0,0.49,-0.2,-1.0,0.7
2026-01-28,357250,2540.0,0.46,-0.0,-0.4,0.2
2026-01-29,357250,2570.0,0.46,0.2,-0.1,-0.3
2026-01-30,357250,2525.0,0.48,-0.0,-0.1,-0.1
2026-02-02,357250,2500.0,0.48,-0.5,-0.2,0.3
2026-02-03,357250,2530.0,0.39,-0.0,-0.2,-0.1
2026-02-04,357250,2535.0,0.39,0.1,-0.0,-1.1
2026-02-05,357250,2535.0,0.4,0.2,-0.2,-0.3
2026-02-06,357250,2545.0,0.43,0.2,-0.0,-0.2
2026-02-09,357250,2520.0,0.46,-0.1,-1.3,0.9
2026-02-10,357250,2530.0,0.44,0.0,-0.1,-0.1
2026-02-11,357250,2535.0,0.44,0.1,-0.0,-0.1
2026-02-12,357250,2535.0,0.46,0.1,0.0,-0.2
2026-02-13,357250,2535.0,0.47,0.2,-0.6,-0.3
2026-02-19,357250,2540.0,0.5,0.2,-0.2,-0.1
2026-02-20,357250,2550.0,0.53,0.1,-0.0,-0.1
2026-02-23,357250,2545.0,0.55,0.2,-0.3,0.2
2026-02-24,357250,2545.0,0.58,0.1,-0.3,-1.0
2026-02-25,357250,2565.0,0.59,0.1,-0.3,-0.2
2026-02-26,357250,2515.0,0.61,-0.4,-0.7,-0.3
2026-02-27,357250,2510.0,0.55,-0.1,-0.2,-0.2
2026-03-03,357250,2510.0,0.53,-0.2,-0.1,0.0
2026-03-04,357250,2415.0,0.5,-0.1,-0.2,-0.2
2026-03-05,357250,2470.0,0.49,-0.1,-0.1,0.1
2026-03-06,357250,2490.0,0.48,-0.2,-0.1,0.2
2026-03-09,357250,2425.0,0.45,-0.1,0.4,0.3
2026-03-10,357250,2410.0,0.43,-0.1,0.2,0.1
2026-03-11,357250,2415.0,0.41,-0.1,-0.2,0.2
2026-03-12,357250,2410.0,0.4,0.1,-0.2,-0.1
2026-03-13,357250,2420.0,0.41,0.3,-0.2,-0.1
2026-03-16,357250,2425.0,0.45,-0.1,-0.0,0.0
2026-03-17,357250,2435.0,0.44,-0.1,-0.0,0.1
2026-03-18,357250,2445.0,0.43,-0.0,-0.2,0.1
2026-03-19,357250,2440.0,0.43,-0.1,0.0,0.2
2026-03-20,357250,2425.0,0.41,0.4,0.6,-1.1
2026-03-23,357250,2390.0,0.47,-0.0,-0.5,0.1
2026-03-24,357250,2395.0,0.47,-0.1,-0.2,0.3
2026-03-25,357250,2410.0,0.45,0.1,-0.2,0.1
2026-03-26,357250,2390.0,0.47,0.2,-0.2,0.0
2026-03-27,357250,2405.0,0.5,-0.1,0.0,0.0
2026-03-30,357250,2385.0,0.48,-0.0,-0.3,0.3
2026-03-31,357250,2360.0,0.48,-0.2,-0.2,0.3
2026-04-01,357250,2385.0,0.45,0.1,-0.2,0.1
2026-04-02,357250,2370.0,0.46,-0.1,-0.3,0.4
2026-04-03,357250,2380.0,0.44,-0.0,-0.1,0.1
2026-04-06,357250,2380.0,0.44,-0.0,-0.1,0.1
2026-04-07,357250,2380.0,0.44,0.0,-0.1,0.1
2026-04-08,357250,2390.0,0.44,0.0,-0.0,-0.0
2026-04-09,357250,2395.0,0.45,0.3,-0.3,0.2
2026-04-10,357250,2425.0,0.49,0.2,-0.2,0.0
2026-04-13,357250,2460.0,0.52,0.2,-0.2,0.0
2026-04-14,357250,2460.0,0.56,0.1,-0.3,0.2
2026-04-15,357250,2450.0,0.57,-0.0,-0.6,0.5
2026-04-16,357250,2455.0,0.57,0.1,0.0,-0.2
2026-04-17,357250,2455.0,0.59,0.1,0.6,-0.7
2026-04-20,357250,2455.0,0.61,0.7,-0.0,-0.8
2026-04-21,357250,2460.0,0.72,0.1,-0.1,0.1
2026-04-22,357250,2480.0,0.74,0.1,0.1,-0.1
2026-04-23,357250,2475.0,0.75,-0.1,-0.0,0.1
2026-04-24,357250,2470.0,0.73,-0.0,0.0,-0.0
2026-04-27,357250,2450.0,0.73,0.1,0.1,-0.3
2026-04-28,357250,2455.0,0.74,0.0,0.0,-0.1
2026-04-29,357250,2420.0,0.75,-0.1,-0.4,0.2
2026-04-30,357250,2390.0,0.73,0.2,-0.5,0.2
2026-05-04,357250,2290.0,0.76,-1.7,-0.5,1.8
2026-05-06,357250,2285.0,0.46,-0.4,0.3,0.1
2026-05-07,357250,2300.0,0.39,-0.1,0.1,-0.0
2026-05-08,357250,2285.0,0.38,-0.1,-0.1,0.1
2026-05-11,357250,2300.0,0.37,-0.2,0.4,-0.2
2026-05-12,357250,2225.0,0.34,-0.3,0.2,0.0
2026-05-13,357250,2140.0,0.28,0.1,-1.0,0.6
2026-05-14,357250,2200.0,0.3,-0.1,-0.9,1.1
2026-05-15,357250,2190.0,0.28,-0.4,0.0,0.4
2026-05-18,357250,2140.0,0.21,-0.1,0.0,0.1
2026-05-19,357250,2120.0,0.18,0.0,0.0,0.0
2026-05-20,357250,2070.0,0.18,-0.1,0.0,0.1
2026-05-21,357250,2065.0,0.16,-0.2,-0.0,0.2
2026-05-22,357250,2090.0,0.13,0.4,-0.1,-0.3
2026-05-26,357250,2160.0,0.2,-0.1,-0.0,0.2
2026-05-27,357250,2150.0,0.19,-0.1,-0.0,0.2
2026-05-28,357250,2020.0,0.16,-0.2,-0.3,0.8
2026-05-29,357250,1969.0,0.13,-0.1,-0.2,0.7
2026-06-01,357250,1858.0,0.11,-0.0,-0.2,0.2
2026-06-02,357250,1850.0,0.1,0.1,-0.1,0.1
2026-06-04,357250,1852.0,0.14,0.1,-0.0,0.0
2026-06-05,357250,1877.0,0.15,0.1,-0.1,-0.0
2026-06-08,357250,1830.0,0.17,-0.2,0.0,0.2
2026-06-09,357250,1835.0,0.12,-0.0,-0.0,0.1
2026-06-10,357250,1840.0,0.12,0.1,0.0,0.3
2026-06-11,357250,1844.0,0.14,0.0,-0.0,0.2
2026-06-12,357250,1857.0,0.14,0.3,0.3,0.1
2026-06-15,357250,1840.0,0.2,-0.2,-0.1,0.3
2026-06-16,357250,1869.0,0.16,0.2,-0.0,-0.0
2026-06-17,357250,1793.0,0.2,0.3,0.0,-0.2
2026-06-18,357250,1820.0,0.25,0.4,0.0,-0.3
2026-06-19,357250,1814.0,0.33,-0.1,0.4,0.2
2026-06-22,357250,1797.0,0.3,-0.1,0.2,-0.1
2026-06-23,357250,1793.0,0.28,-0.2,0.1,0.2
2026-06-24,357250,1782.0,0.24,-0.1,-0.0,0.2
2026-06-25,357250,1782.0,0.22,-0.1,0.2,-0.1
2026-06-26,357250,1784.0,0.21,-0.0,-0.0,0.1
2026-06-29,357250,1794.0,0.21,0.1,-0.0,-0.0
2026-06-30,357250,1794.0,0.22,0.0,-0.1,0.2
2026-07-01,357250,1827.0,0.23,0.1,0.0,-0.1
2026-07-02,357250,1827.0,0.25,0.1,0.0,-0.1
2026-07-03,357250,1835.0,0.27,0.1,-0.1,-0.0
2026-07-06,357250,1900.0,0.28,0.1,-0.0,-0.1
2026-07-07,357250,1919.0,0.31,0.1,0.1,-0.2
2026-07-08,357250,1911.0,0.34,0.2,-0.0,-0.2
2026-07-09,357250,1892.0,0.38,0.0,-0.1,0.0
2026-07-10,357250,1894.0,0.39,0.2,-0.2,0.0
2026-07-13,357250,1829.0,0.43,0.1,-0.2,0.1
2026-07-14,357250,1820.0,0.44,0.4,-0.3,-0.1
2026-07-15,357250,1818.0,0.54,0.1,-0.2,0.1
2026-07-16,357250,1855.0,0.56,0.1,0.0,-0.2
2025-07-14,357430,1457.0,0.06,0.2,-0.1,-0.2
2025-07-15,357430,1480.0,0.11,0.3,-0.6,0.3
2025-07-16,357430,1478.0,0.17,-0.0,-0.1,0.4
2025-07-17,357430,1471.0,0.17,-0.0,-0.1,0.0
2025-07-18,357430,1481.0,0.17,0.0,0.0,-0.0
2025-07-21,357430,1499.0,0.17,0.0,0.1,-0.1
2025-07-22,357430,1535.0,0.18,-0.3,0.1,0.3
2025-07-23,357430,1537.0,0.11,-0.1,0.2,-0.1
2025-07-24,357430,1539.0,0.1,-0.0,0.2,0.0
2025-07-25,357430,1541.0,0.09,-0.0,0.1,-0.1
2025-07-28,357430,1531.0,0.09,-0.1,0.0,0.2
2025-07-29,357430,1530.0,0.08,0.0,0.0,-0.0
2025-07-30,357430,1528.0,0.09,0.1,0.0,-0.0
2025-07-31,357430,1533.0,0.11,0.0,-0.0,0.1
2025-08-01,357430,1535.0,0.11,-0.1,0.0,0.1
2025-08-04,357430,1539.0,0.1,-0.0,0.0,0.0
2025-08-05,357430,1541.0,0.09,-0.0,-0.0,0.1
2025-08-06,357430,1559.0,0.09,0.1,-0.1,0.0
2025-08-07,357430,1559.0,0.11,0.0,-0.0,-0.0
2025-08-08,357430,1558.0,0.12,-0.0,-0.1,0.1
2025-08-11,357430,1541.0,0.11,-0.0,0.0,0.0
2025-08-12,357430,1541.0,0.1,-0.0,-0.1,0.1
2025-08-13,357430,1539.0,0.1,-0.0,-0.0,-0.0
2025-08-14,357430,1542.0,0.1,0.0,0.0,-0.1
2025-08-18,357430,1539.0,0.1,-0.0,-0.1,0.1
2025-08-19,357430,1530.0,0.09,-0.0,-0.1,0.1
2025-08-20,357430,1520.0,0.08,-0.0,0.1,-0.1
2025-08-21,357430,1524.0,0.08,0.0,-0.1,-0.0
2025-08-22,357430,1526.0,0.09,0.0,-0.1,-0.0
2025-08-25,357430,1528.0,0.09,0.0,-0.1,0.0
2025-08-26,357430,1529.0,0.1,-0.0,-0.2,0.1
2025-08-27,357430,1526.0,0.09,-0.0,0.0,-0.1
2025-08-28,357430,1527.0,0.09,-0.0,0.1,-0.2
2025-08-29,357430,1524.0,0.09,-0.0,0.1,-0.3
2025-09-01,357430,1524.0,0.09,-0.0,-0.1,0.0
2025-09-02,357430,1527.0,0.08,0.0,-0.0,-0.2
2025-09-03,357430,1525.0,0.09,0.0,0.3,-0.4
2025-09-04,357430,1535.0,0.09,0.0,-0.1,-0.2
2025-09-05,357430,1545.0,0.1,-0.0,0.1,-0.1
2025-09-08,357430,1548.0,0.1,0.0,-0.1,-0.1
2025-09-09,357430,1558.0,0.11,0.1,-0.2,-0.2
2025-09-10,357430,1567.0,0.13,0.1,-0.1,-0.1
2025-09-11,357430,1566.0,0.14,0.0,-0.1,0.1
2025-09-12,357430,1565.0,0.15,0.0,-0.0,0.0
2025-09-15,357430,1567.0,0.15,0.0,-0.2,0.2
2025-09-16,357430,1565.0,0.15,0.0,-0.1,0.1
2025-09-17,357430,1563.0,0.15,0.0,-0.2,0.1
2025-09-18,357430,1563.0,0.16,0.0,-0.1,0.0
2025-09-19,357430,1568.0,0.16,0.0,0.0,0.1
2025-09-22,357430,1561.0,0.16,0.0,0.1,-0.2
2025-09-23,357430,1561.0,0.16,-0.0,-0.1,0.0
2025-09-24,357430,1562.0,0.16,-0.1,0.1,-0.3
2025-09-25,357430,1565.0,0.15,0.0,0.1,-0.1
2025-09-26,357430,1568.0,0.16,0.0,0.0,-0.0
2025-09-29,357430,1524.0,0.17,-0.2,0.7,-0.7
2025-09-30,357430,1520.0,0.13,-0.1,-0.1,0.1
2025-10-01,357430,1514.0,0.11,-0.1,-0.2,0.1
2025-10-02,357430,1517.0,0.09,0.0,-0.1,-0.0
2025-10-10,357430,1512.0,0.1,-0.1,-0.0,-0.0
2025-10-13,357430,1506.0,0.09,-0.1,0.1,-0.1
2025-10-14,357430,1506.0,0.07,-0.1,0.1,-0.1
2025-10-15,357430,1513.0,0.06,0.0,-0.2,0.2
2025-10-16,357430,1505.0,0.06,-0.1,-0.2,0.1
2025-10-17,357430,1505.0,0.04,-0.1,0.3,-0.4
2025-10-20,357430,1510.0,0.03,0.0,0.1,-0.3
2025-10-21,357430,1498.0,0.04,0.0,-0.1,0.1
2025-10-22,357430,1494.0,0.04,-0.0,0.1,0.1
2025-10-23,357430,1488.0,0.03,0.0,0.2,-0.2
2025-10-24,357430,1500.0,0.03,-0.0,-0.2,0.1
2025-10-27,357430,1502.0,0.03,-0.0,-0.0,-0.0
2025-10-28,357430,1504.0,0.03,-0.0,0.1,-0.1
2025-10-29,357430,1498.0,0.03,-0.0,0.1,-0.1
2025-10-30,357430,1498.0,0.03,0.0,0.3,-0.4
2025-10-31,357430,1498.0,0.03,-0.0,0.0,0.0
2025-11-03,357430,1498.0,0.03,0.0,0.0,-0.0
2025-11-04,357430,1499.0,0.03,-0.0,-0.0,-0.0
2025-11-05,357430,1500.0,0.03,-0.0,0.0,0.0
2025-11-06,357430,1502.0,0.03,0.0,0.1,-0.2
2025-11-07,357430,1503.0,0.03,0.0,0.3,-0.3
2025-11-10,357430,1545.0,0.03,0.2,-0.3,0.1
2025-11-11,357430,1545.0,0.07,0.0,-0.1,0.0
2025-11-12,357430,1565.0,0.07,0.1,-0.2,-0.0
2025-11-13,357430,1570.0,0.11,0.1,-0.0,-0.2
2025-11-14,357430,1563.0,0.12,0.1,0.4,-0.6
2025-11-17,357430,1562.0,0.15,0.1,0.1,-0.3
2025-11-18,357430,1556.0,0.17,0.0,0.0,-0.1
2025-11-19,357430,1565.0,0.17,0.1,-0.1,-0.0
2025-11-20,357430,1564.0,0.18,0.1,0.0,-0.2
2025-11-21,357430,1563.0,0.2,0.1,-0.1,0.0
2025-11-24,357430,1566.0,0.21,0.0,0.0,-0.0
2025-11-25,357430,1560.0,0.21,0.0,0.4,-0.4
2025-11-26,357430,1575.0,0.21,0.1,-0.0,-0.1
2025-11-27,357430,1568.0,0.22,-0.0,0.0,-0.0
2025-11-28,357430,1568.0,0.22,0.0,-0.0,-0.1
2025-12-01,357430,1573.0,0.23,-0.1,0.0,-0.1
2025-12-02,357430,1578.0,0.22,0.0,-0.0,0.0
2025-12-03,357430,1583.0,0.22,-0.0,-0.0,-0.0
2025-12-04,357430,1582.0,0.22,-0.0,-0.0,0.0
2025-12-05,357430,1593.0,0.22,-0.0,-0.1,0.0
2025-12-08,357430,1597.0,0.21,-0.0,0.1,0.1
2025-12-09,357430,1593.0,0.2,-0.0,0.0,0.0
2025-12-10,357430,1601.0,0.2,-0.0,0.0,-0.0
2025-12-11,357430,1608.0,0.19,0.0,0.0,-0.0
2025-12-12,357430,1613.0,0.2,0.0,0.0,-0.0
2025-12-15,357430,1614.0,0.2,-0.0,-0.0,0.1
2025-12-16,357430,1614.0,0.19,-0.0,-0.1,0.1
2025-12-17,357430,1611.0,0.19,-0.0,0.0,-0.0
2025-12-18,357430,1613.0,0.18,0.0,-0.1,-0.0
2025-12-19,357430,1623.0,0.19,0.1,-0.0,-0.0
2025-12-22,357430,1638.0,0.2,0.0,-0.0,0.1
2025-12-23,357430,1639.0,0.21,0.0,0.0,-0.0
2025-12-24,357430,1642.0,0.21,0.0,-0.0,-0.1
2025-12-26,357430,1643.0,0.21,0.0,-0.2,-0.2
2025-12-29,357430,1640.0,0.22,0.0,0.1,-0.1
2025-12-30,357430,1647.0,0.23,0.1,-0.1,-0.1
2026-01-02,357430,1659.0,0.25,0.0,-0.0,-0.1
2026-01-05,357430,1654.0,0.25,-0.0,0.0,-0.2
2026-01-06,357430,1658.0,0.25,-0.0,-0.0,-0.0
2026-01-07,357430,1655.0,0.25,-0.0,-0.1,0.0
2026-01-08,357430,1653.0,0.24,-0.0,-0.3,0.3
2026-01-09,357430,1656.0,0.23,-0.0,0.1,-0.0
2026-01-12,357430,1649.0,0.22,-0.0,-0.1,0.1
2026-01-13,357430,1646.0,0.22,-0.0,-0.1,-0.1
2026-01-14,357430,1644.0,0.21,-0.0,-0.1,-0.0
2026-01-15,357430,1640.0,0.2,-0.0,-0.1,-0.1
2026-01-16,357430,1639.0,0.19,-0.0,0.0,-0.1
2026-01-19,357430,1624.0,0.19,-0.0,0.0,-0.1
2026-01-20,357430,1626.0,0.18,-0.0,0.2,-0.0
2026-01-21,357430,1626.0,0.17,-0.0,0.1,-0.1
2026-01-22,357430,1623.0,0.16,-0.0,0.0,0.3
2026-01-23,357430,1624.0,0.16,-0.0,0.2,-0.3
2026-01-26,357430,1599.0,0.15,-0.0,-0.1,0.0
2026-01-27,357430,1595.0,0.14,-0.1,0.1,-0.1
2026-01-28,357430,1580.0,0.13,-0.0,0.3,-0.4
2026-01-29,357430,1577.0,0.13,-0.0,0.1,-0.1
2026-01-30,357430,1582.0,0.12,-0.0,0.1,-0.1
2026-02-02,357430,1575.0,0.11,-0.0,0.1,-0.1
2026-02-03,357430,1579.0,0.11,-0.0,-0.2,0.1
2026-02-04,357430,1570.0,0.1,-0.0,0.2,-0.4
2026-02-05,357430,1571.0,0.09,-0.0,-0.0,0.0
2026-02-06,357430,1577.0,0.08,-0.0,0.0,-0.1
2026-02-09,357430,1577.0,0.08,-0.0,-0.1,0.1
2026-02-10,357430,1581.0,0.07,-0.0,-0.1,0.1
2026-02-11,357430,1582.0,0.06,-0.0,-0.4,0.5
2026-02-12,357430,1588.0,0.05,-0.0,0.1,0.1
2026-02-13,357430,1604.0,0.04,-0.0,0.3,-0.3
2026-02-19,357430,1604.0,0.04,-0.0,0.1,-0.1
2026-02-20,357430,1592.0,0.04,-0.0,-0.1,-0.1
2026-02-23,357430,1592.0,0.03,0.0,0.0,-0.1
2026-02-24,357430,1585.0,0.03,-0.0,0.1,-0.2
2026-02-25,357430,1560.0,0.03,-0.1,-0.6,0.2
2026-02-26,357430,1548.0,0.02,-0.0,0.0,-0.2
2026-02-27,357430,1540.0,0.02,-0.0,-0.0,0.0
2026-03-03,357430,1510.0,0.02,-0.0,0.1,-0.2
2026-03-04,357430,1474.0,0.11,0.1,-0.0,-0.4
2026-03-05,357430,1500.0,0.13,0.1,-0.1,0.0
2026-03-06,357430,1495.0,0.14,-0.0,-0.1,0.1
2026-03-09,357430,1460.0,0.13,-0.1,-0.2,0.3
2026-03-10,357430,1463.0,0.11,-0.0,-0.1,0.1
2026-03-11,357430,1467.0,0.11,0.0,-0.1,0.1
2026-03-12,357430,1466.0,0.11,0.0,0.0,-0.1
2026-03-13,357430,1471.0,0.11,0.0,-0.0,-0.0
2026-03-16,357430,1471.0,0.12,0.0,0.1,-0.1
2026-03-17,357430,1488.0,0.12,0.0,0.0,-0.0
2026-03-18,357430,1484.0,0.13,0.1,0.0,-0.1
2026-03-19,357430,1484.0,0.14,0.0,-0.1,0.0
2026-03-20,357430,1485.0,0.15,0.0,-0.0,0.0
2026-03-23,357430,1473.0,0.15,-0.0,-0.1,0.1
2026-03-24,357430,1474.0,0.14,0.0,0.1,-0.1
2026-03-25,357430,1485.0,0.14,-0.0,0.0,-0.0
2026-03-26,357430,1486.0,0.14,0.0,-0.0,0.0
2026-03-27,357430,1496.0,0.14,-0.0,-0.3,0.3
2026-03-30,357430,1442.0,0.14,0.0,-0.0,-0.0
2026-03-31,357430,1416.0,0.02,0.0,0.0,-0.1
2026-04-01,357430,1425.0,0.02,0.0,-0.1,0.1
2026-04-02,357430,1420.0,0.02,-0.0,0.1,-0.1
2026-04-03,357430,1429.0,0.02,0.0,-0.1,0.1
2026-04-06,357430,1425.0,0.02,0.0,0.0,-0.0
2026-04-07,357430,1421.0,0.02,-0.0,0.0,-0.1
2026-04-08,357430,1423.0,0.02,0.0,-0.1,0.0
2026-04-09,357430,1425.0,0.02,-0.0,-0.0,0.0
2026-04-10,357430,1427.0,0.02,-0.0,-0.0,-0.1
2026-04-13,357430,1432.0,0.02,-0.0,-0.1,0.1
2026-04-14,357430,1436.0,0.02,-0.0,-0.3,0.0
2026-04-15,357430,1439.0,0.02,0.0,-0.0,0.0
2026-04-16,357430,1430.0,0.02,-0.0,0.4,-0.4
2026-04-17,357430,1413.0,0.02,-0.0,0.0,-0.1
2026-04-20,357430,1405.0,0.02,0.0,0.1,-0.3
2026-04-21,357430,1414.0,0.02,-0.0,-0.0,0.0
2026-04-22,357430,1429.0,0.02,-0.0,-0.0,0.0
2026-04-23,357430,1428.0,0.02,-0.0,-0.0,0.0
2026-04-24,357430,1429.0,0.02,0.0,-0.0,0.1
2026-04-27,357430,1420.0,0.02,-0.0,-0.2,-0.0
2026-04-28,357430,1371.0,0.02,-0.0,-0.5,0.1
2026-04-29,357430,1236.0,0.02,0.0,0.3,-0.4
2026-04-30,357430,1245.0,0.02,0.0,-0.2,0.1
2026-05-04,357430,1225.0,0.02,-0.0,-0.4,0.3
2026-05-06,357430,1129.0,0.02,0.0,-2.4,1.7
2026-05-07,357430,1121.0,0.02,-0.0,-0.2,0.2
2026-05-08,357430,1120.0,0.02,0.0,0.2,-0.2
2026-05-11,357430,1115.0,0.02,0.0,-0.0,0.0
2026-05-12,357430,1090.0,0.02,-0.0,-0.0,0.0
2026-05-13,357430,1082.0,0.02,0.0,-0.4,0.3
2026-05-14,357430,1092.0,0.02,-0.0,-0.2,0.2
2026-05-15,357430,999.0,0.02,0.0,-0.4,0.1
2026-05-18,357430,895.0,0.03,0.1,-0.7,0.3
2026-05-19,357430,825.0,0.07,0.1,-0.4,0.3
2026-05-20,357430,855.0,0.11,0.2,-0.2,0.0
2026-05-21,357430,856.0,0.19,0.0,-0.1,0.1
2026-05-22,357430,867.0,0.2,-0.0,-0.1,-0.0
2026-05-26,357430,871.0,0.2,-0.0,-0.2,0.1
2026-05-27,357430,840.0,0.19,-0.0,-0.2,0.1
2026-05-28,357430,829.0,0.17,-0.0,-0.1,0.0
2026-05-29,357430,813.0,0.17,-0.0,-0.2,0.2
2026-06-01,357430,762.0,0.16,0.0,-0.3,0.2
2026-06-02,357430,706.0,0.18,0.0,-0.1,0.4
2026-06-04,357430,707.0,0.19,0.0,-0.1,0.1
2026-06-05,357430,708.0,0.2,0.0,-0.0,0.0
2026-06-08,357430,706.0,0.22,0.0,-0.0,0.0
2026-06-09,357430,703.0,0.24,-0.0,-0.1,0.1
2026-06-10,357430,698.0,0.24,-0.0,0.0,0.1
2026-06-11,357430,675.0,0.24,0.0,-0.3,0.3
2026-06-12,357430,676.0,0.25,0.0,-0.2,0.2
2026-06-15,357430,667.0,0.25,0.0,-0.2,0.1
2026-06-16,357430,669.0,0.26,0.0,-0.0,0.0
2026-06-17,357430,667.0,0.27,0.0,-0.0,0.0
2026-06-18,357430,650.0,0.28,-0.0,-0.2,0.2
2026-06-19,357430,634.0,0.27,0.0,-0.0,0.2
2026-06-22,357430,609.0,0.29,0.0,-0.1,0.1
2026-06-23,357430,581.0,0.29,0.0,-0.1,0.1
2026-06-24,357430,563.0,0.3,0.0,-0.1,0.2
2026-06-25,357430,532.0,0.3,0.0,-0.2,0.1
2026-06-26,357430,509.0,0.32,0.1,-0.4,0.2
2026-06-29,357430,536.0,0.36,0.1,-0.1,0.2
2026-06-30,357430,527.0,0.4,0.0,0.0,0.0
2026-07-01,357430,544.0,0.41,0.1,-0.0,-0.0
2026-07-02,357430,539.0,0.44,-0.0,0.1,0.1
2026-07-03,357430,533.0,0.44,-0.0,0.1,0.0
2026-07-06,357430,536.0,0.43,-0.0,0.1,0.0
2026-07-07,357430,581.0,0.43,-0.0,-0.0,0.1
2026-07-08,357430,600.0,0.43,-0.0,0.0,0.0
2026-07-09,357430,595.0,0.42,-0.0,0.0,0.0
2026-07-10,357430,773.0,0.41,-0.1,0.2,-0.1
2026-07-13,357430,688.0,0.39,-0.1,-0.5,0.5
2026-07-14,357430,616.0,0.33,-0.1,-0.0,0.2
2026-07-15,357430,620.0,0.26,0.0,0.0,-0.0
2026-07-16,357430,650.0,0.27,0.0,0.0,-0.0
2025-07-14,357550,50600.0,1.09,1.5,0.0,-0.9
2025-07-15,357550,50300.0,1.14,1.2,-0.0,0.0
2025-07-16,357550,52300.0,1.21,2.8,-0.0,-2.7
2025-07-17,357550,57000.0,1.31,7.6,0.3,-7.5
2025-07-18,357550,54800.0,1.56,-0.1,-0.3,0.4
2025-07-21,357550,55000.0,1.56,1.0,-0.0,-1.8
2025-07-22,357550,55900.0,1.59,1.2,-0.0,-1.0
2025-07-23,357550,57500.0,1.63,-0.6,-0.1,0.8
2025-07-24,357550,56200.0,1.61,1.4,-1.7,0.4
2025-07-25,357550,57100.0,1.65,-0.3,0.0,0.3
2025-07-28,357550,56800.0,1.64,0.6,0.0,-0.6
2025-07-29,357550,55300.0,1.66,-0.2,0.0,0.2
2025-07-30,357550,54900.0,1.65,1.5,-0.0,-1.4
2025-07-31,357550,54600.0,1.7,0.9,0.0,-1.0
2025-08-01,357550,53700.0,1.73,-0.7,0.0,1.0
2025-08-04,357550,53300.0,1.71,-0.1,-0.0,0.1
2025-08-05,357550,54400.0,1.71,-0.2,0.0,0.2
2025-08-06,357550,54200.0,1.7,0.0,0.0,-0.0
2025-08-07,357550,53400.0,1.7,-0.4,-0.0,0.4
2025-08-08,357550,54800.0,1.69,0.4,0.0,-0.5
2025-08-11,357550,55900.0,1.7,-0.7,0.0,0.7
2025-08-12,357550,55100.0,1.68,-0.4,0.0,0.3
2025-08-13,357550,54900.0,1.66,-0.1,-0.0,0.2
2025-08-14,357550,55100.0,1.66,0.7,0.0,0.1
2025-08-18,357550,54000.0,1.68,-1.3,0.0,1.3
2025-08-19,357550,53500.0,1.64,-0.8,0.0,0.6
2025-08-20,357550,52300.0,1.61,-0.4,0.0,0.2
2025-08-21,357550,53900.0,1.6,0.7,-0.0,-0.7
2025-08-22,357550,53900.0,1.62,-0.3,0.0,0.3
2025-08-25,357550,54600.0,1.61,0.0,-0.0,-0.0
2025-08-26,357550,54500.0,1.61,0.1,0.0,-0.1
2025-08-27,357550,54600.0,1.62,-0.0,0.0,0.0
2025-08-28,357550,53700.0,1.61,-0.2,0.0,0.2
2025-08-29,357550,53400.0,1.61,-0.3,0.0,0.2
2025-09-01,357550,54700.0,1.6,0.1,-0.0,-0.1
2025-09-02,357550,54100.0,1.6,0.0,0.0,-0.0
2025-09-03,357550,53400.0,1.6,-0.5,0.0,0.4
2025-09-04,357550,53300.0,1.59,0.1,-0.0,-0.2
2025-09-05,357550,53300.0,1.59,-0.3,0.3,-0.1
2025-09-08,357550,54800.0,1.58,0.8,0.4,-1.2
2025-09-09,357550,54300.0,1.61,-0.6,0.3,0.2
2025-09-10,357550,54800.0,1.59,-0.7,0.0,0.7
2025-09-11,357550,54800.0,1.57,-0.4,0.0,0.4
2025-09-12,357550,54700.0,1.55,-0.2,0.0,0.2
2025-09-15,357550,54500.0,1.55,0.7,-0.0,-0.7
2025-09-16,357550,54200.0,1.57,-0.6,-0.0,0.6
2025-09-17,357550,53200.0,1.55,0.0,0.0,1.3
2025-09-18,357550,53200.0,1.55,0.5,-0.0,-0.3
2025-09-19,357550,53400.0,1.56,-0.2,-0.0,0.2
2025-09-22,357550,53700.0,1.56,-0.0,0.0,0.0
2025-09-23,357550,53500.0,1.56,-0.3,0.0,0.3
2025-09-24,357550,53000.0,1.54,-0.2,-0.0,0.2
2025-09-25,357550,52300.0,1.54,0.2,-0.0,-0.2
2025-09-26,357550,52300.0,1.54,-1.3,0.0,1.1
2025-09-29,357550,52700.0,1.5,-0.7,-0.0,0.6
2025-09-30,357550,51800.0,1.47,-0.3,0.0,0.3
2025-10-01,357550,51000.0,1.46,-0.4,0.0,0.3
2025-10-02,357550,51000.0,1.45,0.1,-0.0,-0.1
2025-10-10,357550,49550.0,1.45,-0.5,0.0,0.4
2025-10-13,357550,49150.0,1.43,0.4,0.0,-0.4
2025-10-14,357550,47900.0,1.45,2.5,0.0,0.8
2025-10-15,357550,47850.0,1.54,0.5,-0.0,-0.4
2025-10-16,357550,46050.0,1.56,0.3,0.0,-0.3
2025-10-17,357550,44750.0,1.57,0.7,0.0,-0.8
2025-10-20,357550,45550.0,1.6,1.0,0.0,-1.0
2025-10-21,357550,43250.0,1.65,-3.9,0.0,3.6
2025-10-22,357550,43900.0,1.49,0.2,0.0,-0.2
2025-10-23,357550,44200.0,1.49,-0.7,0.0,0.7
2025-10-24,357550,45950.0,1.46,0.2,0.0,-0.3
2025-10-27,357550,44850.0,1.47,-1.7,0.0,1.5
2025-10-28,357550,45850.0,1.4,0.0,-0.0,0.1
2025-10-29,357550,44950.0,1.4,-2.2,0.0,2.2
2025-10-30,357550,44500.0,1.32,1.7,0.0,-1.6
2025-10-31,357550,43800.0,1.39,-0.6,0.0,0.5
2025-11-03,357550,47300.0,1.36,0.6,-0.0,-0.6
2025-11-04,357550,46250.0,1.39,-1.7,0.0,1.6
2025-11-05,357550,46250.0,1.32,-0.1,-0.0,0.0
2025-11-06,357550,49200.0,1.32,0.1,0.0,-0.2
2025-11-07,357550,47600.0,1.32,-1.6,0.0,1.3
2025-11-10,357550,49050.0,1.26,0.7,0.0,-0.7
2025-11-11,357550,48900.0,1.23,-0.5,0.0,0.5
2025-11-12,357550,49900.0,1.21,-0.8,0.0,0.7
2025-11-13,357550,49850.0,1.19,-0.4,-0.0,0.4
2025-11-14,357550,46800.0,1.17,-0.1,0.0,-0.1
2025-11-17,357550,45750.0,1.17,-0.0,0.0,-0.0
2025-11-18,357550,44450.0,1.17,-0.1,-0.0,0.1
2025-11-19,357550,44600.0,1.16,-0.7,0.0,0.6
2025-11-20,357550,46100.0,1.13,-0.2,-0.0,0.2
2025-11-21,357550,51000.0,1.13,-3.3,0.0,3.3
2025-11-24,357550,51100.0,1.02,1.8,0.0,-1.7
2025-11-25,357550,53500.0,1.09,5.0,-1.1,-1.9
2025-11-26,357550,52500.0,1.26,-2.4,0.0,2.4
2025-11-27,357550,51700.0,1.18,0.8,-0.0,-0.8
2025-11-28,357550,52400.0,1.2,0.2,0.0,-0.2
2025-12-01,357550,51100.0,1.21,0.7,-0.0,-0.7
2025-12-02,357550,51400.0,1.25,0.5,0.0,-0.5
2025-12-03,357550,61400.0,1.27,10.6,0.8,-8.0
2025-12-04,357550,61400.0,1.6,-0.1,0.9,-0.9
2025-12-05,357550,65000.0,1.6,0.1,-1.1,0.8
2025-12-08,357550,64200.0,1.61,-1.9,0.0,1.2
2025-12-09,357550,61500.0,1.55,3.1,-0.0,-3.2
2025-12-10,357550,66800.0,1.65,1.3,4.8,-5.4
2025-12-11,357550,63600.0,1.68,-5.8,0.0,5.8
2025-12-12,357550,66000.0,1.51,-0.0,-0.0,0.0
2025-12-15,357550,68400.0,1.51,-1.6,0.0,1.8
2025-12-16,357550,67300.0,1.47,-1.7,0.0,1.7
2025-12-17,357550,62000.0,1.43,2.5,-0.6,-2.0
2025-12-18,357550,65700.0,1.51,1.8,0.0,-1.8
2025-12-19,357550,69400.0,1.56,2.9,0.0,-2.7
2025-12-22,357550,74000.0,1.63,8.7,0.0,-4.8
2025-12-23,357550,71100.0,1.85,-8.1,0.0,7.4
2025-12-24,357550,71600.0,1.64,-7.5,-0.0,7.4
2025-12-26,357550,71100.0,1.45,-1.0,-0.0,0.3
2025-12-29,357550,72600.0,1.42,1.9,0.0,-1.9
2025-12-30,357550,70200.0,1.47,-3.8,2.2,1.4
2026-01-02,357550,66500.0,1.37,-1.5,0.5,-0.0
2026-01-05,357550,65200.0,1.33,4.9,-4.1,-1.2
2026-01-06,357550,64600.0,1.47,0.6,-0.4,-0.7
2026-01-07,357550,65600.0,1.47,-0.6,-0.3,0.2
2026-01-08,357550,62400.0,1.46,-0.6,0.3,-1.3
2026-01-09,357550,63000.0,1.44,0.1,-0.1,-0.9
2026-01-12,357550,61500.0,1.44,-0.3,0.2,-0.7
2026-01-13,357550,60800.0,1.43,0.3,0.1,-0.4
2026-01-14,357550,59700.0,1.47,0.1,-0.2,-0.1
2026-01-15,357550,59000.0,1.47,0.4,-0.1,0.1
2026-01-16,357550,57900.0,1.49,0.8,0.2,-1.7
2026-01-19,357550,58500.0,1.51,0.0,-0.3,1.7
2026-01-20,357550,59500.0,1.51,-0.5,-0.3,0.7
2026-01-21,357550,56900.0,1.48,-2.5,0.1,2.3
2026-01-22,357550,60000.0,1.42,-6.2,0.5,7.8
2026-01-23,357550,59800.0,1.23,-2.4,-0.4,2.1
2026-01-26,357550,59800.0,1.18,0.7,0.4,0.7
2026-01-27,357550,60500.0,1.2,-1.3,-0.4,2.3
2026-01-28,357550,60300.0,1.16,-2.2,-0.2,2.3
2026-01-29,357550,59800.0,1.07,0.5,0.2,-0.9
2026-01-30,357550,58500.0,1.1,1.8,0.9,0.4
2026-02-02,357550,55300.0,1.15,0.7,0.9,-2.0
2026-02-03,357550,56700.0,1.15,-0.3,-0.6,0.6
2026-02-04,357550,63100.0,1.15,3.4,-0.1,-3.4
2026-02-05,357550,56000.0,1.25,-13.1,-1.0,13.6
2026-02-06,357550,56100.0,0.82,-2.6,-0.0,2.3
2026-02-09,357550,60500.0,0.74,3.5,0.6,-4.3
2026-02-10,357550,58900.0,0.92,-0.9,0.1,0.6
2026-02-11,357550,57800.0,0.84,-1.0,0.1,0.6
2026-02-12,357550,57800.0,0.77,-0.4,-0.0,0.3
2026-02-13,357550,56700.0,0.94,-1.2,-0.4,1.4
2026-02-19,357550,59300.0,0.92,1.0,-0.1,-1.0
2026-02-20,357550,56500.0,0.97,-1.3,-0.4,1.3
2026-02-23,357550,57000.0,0.91,1.4,-0.1,-1.3
2026-02-24,357550,58900.0,0.94,0.4,-0.1,-0.3
2026-02-25,357550,59800.0,0.95,0.4,0.6,-1.4
2026-02-26,357550,59000.0,0.99,-1.3,0.1,-0.8
2026-02-27,357550,58000.0,0.93,1.5,-0.0,-2.9
2026-03-03,357550,57000.0,0.99,1.8,-0.0,-3.2
2026-03-04,357550,49500.0,1.07,0.6,0.0,-1.9
2026-03-05,357550,54000.0,1.09,2.1,-0.0,-1.1
2026-03-06,357550,55200.0,1.19,0.8,0.0,-1.3
2026-03-09,357550,51300.0,1.23,-0.4,-0.1,0.1
2026-03-10,357550,54400.0,1.22,0.9,0.1,-1.5
2026-03-11,357550,54100.0,1.31,-1.5,-0.2,1.3
2026-03-12,357550,56100.0,1.27,1.1,0.1,-1.5
2026-03-13,357550,56100.0,1.32,-0.4,-0.0,0.2
2026-03-16,357550,54400.0,1.31,0.5,-0.1,-0.8
2026-03-17,357550,53500.0,1.32,0.1,0.3,-0.5
2026-03-18,357550,53900.0,1.41,1.9,0.4,-3.5
2026-03-19,357550,52500.0,1.34,-1.4,-0.3,0.5
2026-03-20,357550,52500.0,1.27,-1.1,-0.1,1.0
2026-03-23,357550,50200.0,1.22,0.3,-0.6,0.3
2026-03-24,357550,50800.0,1.24,0.1,0.0,-0.3
2026-03-25,357550,52600.0,1.25,0.2,-0.1,-0.3
2026-03-26,357550,52000.0,1.27,-0.0,0.1,-0.1
2026-03-27,357550,53400.0,1.28,-0.2,-0.1,0.1
2026-03-30,357550,52500.0,1.27,-0.7,0.1,0.3
2026-03-31,357550,51500.0,1.24,-0.9,0.1,0.6
2026-04-01,357550,52300.0,1.2,-0.0,0.1,-0.5
2026-04-02,357550,50300.0,1.27,-0.9,0.1,0.3
2026-04-03,357550,51400.0,1.41,0.5,-0.1,-0.7
2026-04-06,357550,51300.0,1.43,-0.2,0.0,-0.2
2026-04-07,357550,50200.0,1.42,-0.8,-0.0,0.7
2026-04-08,357550,51400.0,1.38,-0.7,-0.1,0.1
2026-04-09,357550,50600.0,1.33,0.1,-0.0,-0.5
2026-04-10,357550,51600.0,1.34,0.2,-0.0,-0.4
2026-04-13,357550,52600.0,1.32,0.5,-0.0,-1.3
2026-04-14,357550,54600.0,1.55,1.9,-0.1,-2.7
2026-04-15,357550,53800.0,1.66,-1.3,0.1,0.5
2026-04-16,357550,53400.0,1.61,-0.4,-0.1,0.3
2026-04-17,357550,53700.0,1.6,-0.2,0.0,-0.5
2026-04-20,357550,55300.0,1.61,0.0,-0.2,0.1
2026-04-21,357550,58800.0,1.6,-2.4,0.3,1.7
2026-04-22,357550,56500.0,1.5,-3.5,-0.4,3.8
2026-04-23,357550,56100.0,1.35,-0.4,0.1,0.0
2026-04-24,357550,59000.0,1.32,-0.5,0.3,-0.3
2026-04-27,357550,58600.0,1.26,-2.3,-0.3,2.1
2026-04-28,357550,58700.0,1.15,-2.5,0.1,2.1
2026-04-29,357550,58700.0,1.06,0.2,0.2,-0.6
2026-04-30,357550,57200.0,1.08,0.9,-0.0,-1.0
2026-05-04,357550,58000.0,1.11,0.3,-0.2,-0.3
2026-05-06,357550,59200.0,1.11,-1.5,0.0,1.4
2026-05-07,357550,59300.0,1.05,-2.0,-0.0,1.8
2026-05-08,357550,58500.0,0.97,-0.1,0.1,-0.2
2026-05-11,357550,57500.0,0.99,-0.8,-0.0,0.6
2026-05-12,357550,55400.0,0.95,-0.4,0.1,-1.5
2026-05-13,357550,55000.0,0.94,1.0,0.1,-1.6
2026-05-14,357550,53500.0,1.0,-0.7,0.1,0.3
2026-05-15,357550,50100.0,1.0,-0.3,0.0,-0.1
2026-05-18,357550,49650.0,0.7,-0.3,0.1,0.2
2026-05-19,357550,48000.0,0.71,0.0,-0.1,-0.2
2026-05-20,357550,47150.0,0.69,0.2,-0.1,-0.5
2026-05-21,357550,49300.0,0.78,-0.1,0.1,-0.0
2026-05-22,357550,50800.0,0.84,0.1,-0.1,0.5
2026-05-26,357550,50700.0,0.84,-0.7,0.1,0.5
2026-05-27,357550,48850.0,0.81,0.3,-0.2,-0.3
2026-05-28,357550,48050.0,0.81,-0.6,-0.1,0.4
2026-05-29,357550,46900.0,0.81,-0.7,0.0,0.4
2026-06-01,357550,45600.0,0.78,-0.5,0.0,-0.3
2026-06-02,357550,44250.0,0.75,1.2,-0.0,-1.6
2026-06-04,357550,43250.0,0.81,0.3,0.3,-0.8
2026-06-05,357550,45000.0,0.84,0.4,-0.3,-0.3
2026-06-08,357550,40050.0,0.88,0.9,0.1,-1.2
2026-06-09,357550,43850.0,0.92,1.1,-0.0,-1.0
2026-06-10,357550,43200.0,1.03,0.0,-0.0,-0.2
2026-06-11,357550,44000.0,1.02,-0.3,0.4,-0.2
2026-06-12,357550,44200.0,1.01,-0.3,-0.1,-0.0
2026-06-15,357550,43600.0,1.0,-0.2,-0.4,0.4
2026-06-16,357550,43750.0,0.98,-0.0,-0.0,-0.0
2026-06-17,357550,44600.0,0.98,0.3,0.0,-0.3
2026-06-18,357550,43300.0,0.96,-0.1,-0.0,-0.2
2026-06-19,357550,42650.0,0.96,0.2,0.1,-0.3
2026-06-22,357550,41850.0,0.98,0.4,0.1,-0.6
2026-06-23,357550,40300.0,0.95,-0.4,0.1,0.1
2026-06-24,357550,39300.0,0.92,0.3,0.0,-0.4
2026-06-25,357550,38300.0,0.94,0.7,0.3,-1.1
2026-06-26,357550,35200.0,0.99,1.0,-0.0,-1.2
2026-06-29,357550,40250.0,1.05,1.6,-0.4,-1.3
2026-06-30,357550,38950.0,1.14,-0.2,-0.0,0.2
2026-07-01,357550,40000.0,1.12,0.4,0.8,-1.3
2026-07-02,357550,37750.0,1.14,0.3,0.0,-0.8
2026-07-03,357550,38000.0,1.19,-0.2,0.0,0.1
2026-07-06,357550,36950.0,1.19,0.2,0.1,-0.4
2026-07-07,357550,37200.0,1.2,0.4,-0.0,-0.4
2026-07-08,357550,35000.0,1.22,0.0,0.5,-0.6
2026-07-09,357550,34850.0,1.23,0.6,-0.1,-0.5
2026-07-10,357550,37500.0,1.27,-0.1,0.3,-0.3
2026-07-13,357550,36950.0,1.27,0.1,0.4,-0.6
2026-07-14,357550,35850.0,1.29,1.2,-0.2,-1.1
2026-07-15,357550,37350.0,1.34,0.1,0.1,-0.2
2026-07-16,357550,37000.0,1.35,-0.1,0.1,0.0
2025-07-14,357580,6990.0,1.41,-0.7,,0.6
2025-07-15,357580,6950.0,1.33,0.0,,0.0
2025-07-16,357580,6860.0,1.33,-0.2,,0.2
2025-07-17,357580,6900.0,1.3,0.3,,-0.3
2025-07-18,357580,6860.0,1.34,0.1,,-0.1
2025-07-21,357580,6960.0,1.36,0.7,,-0.7
2025-07-22,357580,6840.0,1.45,-0.4,,0.4
2025-07-23,357580,6700.0,1.39,-0.0,,0.0
2025-07-24,357580,6510.0,1.39,-0.1,,0.0
2025-07-25,357580,7500.0,1.38,-6.8,-2.8,9.8
2025-07-28,357580,7050.0,0.67,3.8,,-3.9
2025-07-29,357580,6850.0,1.14,0.9,,-0.8
2025-07-30,357580,6850.0,1.25,-2.8,,2.8
2025-07-31,357580,7030.0,0.87,1.4,,-1.4
2025-08-01,357580,6700.0,1.05,-0.6,,0.7
2025-08-04,357580,6750.0,0.97,0.9,,-0.9
2025-08-05,357580,6780.0,1.09,2.7,,-2.9
2025-08-06,357580,6740.0,1.44,0.8,,-0.7
2025-08-07,357580,6840.0,1.55,-0.2,,0.2
2025-08-08,357580,6890.0,1.52,0.1,,-0.1
2025-08-11,357580,7110.0,1.53,1.2,,-1.1
2025-08-12,357580,6980.0,1.68,0.2,,-0.1
2025-08-13,357580,7050.0,1.7,0.4,,-0.4
2025-08-14,357580,7070.0,1.76,0.0,,-0.0
2025-08-18,357580,6920.0,1.76,-0.2,0.0,0.2
2025-08-19,357580,6850.0,1.72,0.8,0.0,-0.8
2025-08-20,357580,6880.0,1.82,0.1,,-0.1
2025-08-21,357580,6910.0,1.83,0.3,,-0.3
2025-08-22,357580,6910.0,1.87,0.0,,-0.0
2025-08-25,357580,6910.0,1.87,0.3,,-0.3
2025-08-26,357580,7450.0,1.91,1.1,1.4,-2.6
2025-08-27,357580,7330.0,2.05,1.2,,-1.2
2025-08-28,357580,7800.0,2.2,0.1,2.6,-2.6
2025-08-29,357580,8790.0,2.21,2.1,13.8,-15.7
2025-09-01,357580,9090.0,2.45,-5.5,7.6,-2.1
2025-09-02,357580,9050.0,1.9,-0.9,1.0,-1.0
2025-09-03,357580,8740.0,1.81,-0.4,-0.1,-0.1
2025-09-04,357580,8740.0,1.77,0.8,-0.1,-0.8
2025-09-05,357580,8590.0,1.85,0.7,-0.1,-1.2
2025-09-08,357580,8750.0,1.92,1.1,0.0,-1.2
2025-09-09,357580,8630.0,2.04,-0.2,0.0,0.2
2025-09-10,357580,8700.0,2.02,0.3,-0.1,-0.5
2025-09-11,357580,9400.0,2.05,1.2,-0.8,-1.1
2025-09-12,357580,9150.0,2.17,-4.0,-0.1,4.0
2025-09-15,357580,9280.0,1.79,0.7,0.0,-0.7
2025-09-16,357580,8720.0,1.86,1.0,-0.4,-0.6
2025-09-17,357580,8770.0,1.96,0.2,-0.2,0.0
2025-09-18,357580,8900.0,1.98,0.1,0.1,-0.2
2025-09-19,357580,8940.0,1.99,-0.1,0.1,0.0
2025-09-22,357580,8760.0,1.98,0.6,0.1,0.3
2025-09-23,357580,11380.0,2.04,1.9,1.0,-12.2
2025-09-24,357580,9670.0,2.25,-19.6,0.3,28.4
2025-09-25,357580,9100.0,0.55,2.1,0.1,-1.6
2025-09-26,357580,8700.0,0.75,0.1,0.5,-0.4
2025-09-29,357580,8700.0,0.79,0.3,-0.4,0.1
2025-09-30,357580,8330.0,0.83,3.3,-1.4,-2.0
2025-10-01,357580,8630.0,1.18,0.9,-1.1,0.1
2025-10-02,357580,9160.0,1.3,2.4,2.4,-4.6
2025-10-10,357580,9050.0,1.54,0.7,-0.0,-0.7
2025-10-13,357580,8840.0,1.6,1.3,-0.3,-1.0
2025-10-14,357580,9350.0,1.73,-0.6,-0.1,0.9
2025-10-15,357580,9090.0,1.67,-0.6,-0.1,0.9
2025-10-16,357580,8800.0,1.61,-0.6,-0.8,1.3
2025-10-17,357580,8380.0,1.55,-1.3,-0.1,1.4
2025-10-20,357580,8610.0,1.42,0.6,0.5,-1.0
2025-10-21,357580,8550.0,1.47,0.5,-0.0,-0.3
2025-10-22,357580,8440.0,1.52,3.5,-0.0,-3.5
2025-10-23,357580,8170.0,2.08,-0.1,-0.3,0.3
2025-10-24,357580,8130.0,2.07,-0.2,-0.3,0.4
2025-10-27,357580,8050.0,2.06,-0.3,-0.1,0.4
2025-10-28,357580,8370.0,2.02,-2.3,1.4,0.8
2025-10-29,357580,8410.0,1.78,-0.8,0.2,0.6
2025-10-30,357580,7990.0,1.7,-0.9,-1.1,1.9
2025-10-31,357580,7800.0,1.6,0.2,-0.5,0.3
2025-11-03,357580,7880.0,1.62,0.0,0.2,-0.2
2025-11-04,357580,7820.0,1.63,0.2,0.4,-0.6
2025-11-05,357580,7640.0,1.65,-0.6,0.4,0.2
2025-11-06,357580,7760.0,1.58,0.2,0.2,-0.4
2025-11-07,357580,7400.0,1.6,0.4,0.3,-0.7
2025-11-10,357580,7600.0,1.65,0.5,-0.1,-0.3
2025-11-11,357580,7430.0,1.69,0.3,0.0,-0.3
2025-11-12,357580,7670.0,1.73,0.3,0.1,-0.3
2025-11-13,357580,7680.0,1.76,0.1,0.1,0.2
2025-11-14,357580,7310.0,1.77,-0.5,0.1,0.4
2025-11-17,357580,7210.0,1.71,0.3,0.1,-0.3
2025-11-18,357580,6910.0,1.74,-0.0,0.0,0.0
2025-11-19,357580,6900.0,1.74,0.1,-0.0,-0.1
2025-11-20,357580,6930.0,1.75,0.0,-0.0,-0.0
2025-11-21,357580,6770.0,1.75,-0.1,0.0,0.1
2025-11-24,357580,6650.0,1.74,0.2,0.0,-0.2
2025-11-25,357580,6540.0,1.76,0.3,-0.0,-0.3
2025-11-26,357580,6800.0,1.81,0.2,0.2,-0.4
2025-11-27,357580,6840.0,1.84,-0.1,-0.0,0.1
2025-11-28,357580,6970.0,1.82,0.1,0.0,-0.2
2025-12-01,357580,6870.0,1.84,-0.3,0.0,0.3
2025-12-02,357580,6880.0,1.8,0.1,0.0,-0.1
2025-12-03,357580,6810.0,1.81,0.2,-0.5,0.3
2025-12-04,357580,6710.0,1.83,-0.8,0.0,0.8
2025-12-05,357580,6870.0,1.73,0.1,-0.4,0.3
2025-12-08,357580,7590.0,1.74,0.7,-0.0,-0.6
2025-12-09,357580,7280.0,1.83,-1.3,-0.0,1.3
2025-12-10,357580,7190.0,1.67,-0.3,0.0,0.3
2025-12-11,357580,7160.0,1.63,-0.2,-0.0,0.2
2025-12-12,357580,7180.0,1.61,-0.2,-0.0,0.2
2025-12-15,357580,7270.0,1.59,-0.1,-0.0,0.1
2025-12-16,357580,7050.0,1.58,-0.1,-0.3,0.4
2025-12-17,357580,6970.0,1.57,0.3,0.0,-0.3
2025-12-18,357580,6890.0,1.6,-0.1,0.0,0.3
2025-12-19,357580,7000.0,1.59,0.2,0.0,-0.3
2025-12-22,357580,6750.0,1.62,0.3,0.0,-0.3
2025-12-23,357580,6780.0,1.7,0.0,0.0,0.0
2025-12-24,357580,6640.0,1.72,-0.3,0.0,0.5
2025-12-26,357580,6660.0,1.69,0.0,0.0,-0.0
2025-12-29,357580,6720.0,1.52,0.4,-0.0,-0.4
2025-12-30,357580,6660.0,1.57,-0.1,-0.0,0.2
2026-01-02,357580,6920.0,1.55,-0.1,-0.0,0.0
2026-01-05,357580,6900.0,1.54,0.2,-0.0,-0.1
2026-01-06,357580,7110.0,1.56,-0.1,-0.0,0.0
2026-01-07,357580,7380.0,1.55,-6.8,0.3,6.4
2026-01-08,357580,7380.0,0.84,-0.0,0.2,-0.1
2026-01-09,357580,7720.0,0.83,2.1,1.9,-4.0
2026-01-12,357580,7460.0,1.07,-0.8,0.7,0.1
2026-01-13,357580,7610.0,0.97,-0.4,0.3,0.1
2026-01-14,357580,7570.0,0.93,-0.2,0.1,0.1
2026-01-15,357580,8060.0,0.9,0.3,0.2,-0.4
2026-01-16,357580,8320.0,0.94,0.7,0.9,-1.5
2026-01-19,357580,8970.0,1.01,0.7,0.8,-1.5
2026-01-20,357580,9330.0,1.08,-3.0,0.4,-2.9
2026-01-21,357580,10090.0,0.8,1.8,-3.8,1.3
2026-01-22,357580,10810.0,0.94,-0.5,4.5,-3.9
2026-01-23,357580,11750.0,0.9,3.2,3.6,-6.9
2026-01-26,357580,12250.0,1.15,-1.5,3.1,-2.3
2026-01-27,357580,12900.0,1.04,-3.5,5.4,-3.9
2026-01-28,357580,12540.0,0.79,6.5,-3.5,-0.8
2026-01-29,357580,13700.0,1.24,9.3,0.8,-13.4
2026-01-30,357580,13750.0,1.86,-1.8,5.2,-4.5
2026-02-02,357580,14260.0,1.74,2.2,-1.4,-3.3
2026-02-03,357580,16090.0,1.89,2.7,6.0,-11.0
2026-02-04,357580,16190.0,2.06,-0.9,0.8,-0.3
2026-02-05,357580,14950.0,2.01,1.8,-0.3,-5.8
2026-02-06,357580,13780.0,2.12,5.5,-18.8,10.1
2026-02-09,357580,12560.0,2.42,2.7,-14.2,10.7
2026-02-10,357580,12800.0,2.54,1.2,-9.1,7.4
2026-02-11,357580,14700.0,2.63,-2.6,-3.2,5.7
2026-02-12,357580,14360.0,2.48,0.2,-8.0,7.7
2026-02-13,357580,13740.0,2.5,-4.1,-0.2,4.1
2026-02-19,357580,12810.0,2.24,-2.7,-0.3,3.0
2026-02-20,357580,11810.0,2.06,-1.6,0.5,1.5
2026-02-23,357580,11160.0,1.91,3.1,0.4,-2.8
2026-02-24,357580,13880.0,2.14,-6.9,2.2,1.4
2026-02-25,357580,13640.0,1.7,-1.8,-2.1,4.6
2026-02-26,357580,15520.0,1.89,6.7,-5.7,-1.0
2026-02-27,357580,16580.0,2.82,-3.7,6.4,-3.2
2026-03-03,357580,16100.0,2.63,-4.8,2.3,2.7
2026-03-04,357580,14080.0,2.4,4.7,2.2,-6.3
2026-03-05,357580,15050.0,2.67,-2.9,1.8,0.9
2026-03-06,357580,16110.0,2.51,-0.2,0.8,-1.3
2026-03-09,357580,14150.0,2.53,-1.0,-3.0,3.6
2026-03-10,357580,15450.0,2.47,2.0,2.6,0.4
2026-03-11,357580,20050.0,2.6,-23.8,58.4,-31.5
2026-03-12,357580,24050.0,1.55,-15.9,45.8,-33.0
2026-03-13,357580,25000.0,0.99,-2.4,23.7,-23.3
2026-03-16,357580,25100.0,0.92,-17.1,5.6,5.9
2026-03-17,357580,24850.0,0.34,-9.7,-8.8,16.0
2026-03-18,357580,23500.0,0.16,3.0,-18.9,10.2
2026-03-19,357580,21800.0,0.93,6.1,-0.4,-5.5
2026-03-20,357580,21400.0,1.23,2.1,3.5,-5.6
2026-03-23,357580,21200.0,1.31,8.2,12.3,-19.0
2026-03-24,357580,20500.0,1.69,3.7,0.4,-3.2
2026-03-25,357580,22750.0,1.85,1.7,4.7,-6.1
2026-03-26,357580,21750.0,1.92,-2.4,-1.3,3.2
2026-03-27,357580,19330.0,1.83,2.4,-5.1,2.6
2026-03-30,357580,18410.0,1.93,16.7,0.3,-15.9
2026-03-31,357580,17280.0,2.74,1.1,3.1,-3.9
2026-04-01,357580,20250.0,2.8,-7.0,6.5,-4.1
2026-04-02,357580,19030.0,2.5,1.6,1.0,-2.3
2026-04-03,357580,18590.0,2.56,-4.2,0.0,2.9
2026-04-06,357580,16980.0,2.42,55.5,-4.0,-47.1
2026-04-07,357580,14900.0,5.31,20.6,-13.8,-1.8
2026-04-08,357580,13670.0,6.51,3.9,-20.0,21.0
2026-04-09,357580,12580.0,6.82,-10.6,-1.9,13.3
2026-04-10,357580,15820.0,6.13,15.3,20.5,-33.6
2026-04-13,357580,16130.0,7.15,-0.2,9.2,-7.8
2026-04-14,357580,17530.0,7.17,-24.8,24.5,1.2
2026-04-15,357580,17810.0,5.9,-30.6,-2.6,32.7
2026-04-16,357580,18540.0,4.48,-7.7,-3.0,11.8
2026-04-17,357580,18380.0,4.12,-8.6,1.0,6.5
2026-04-20,357580,17770.0,3.7,-13.2,6.0,8.2
2026-04-21,357580,17630.0,3.09,-9.1,7.6,5.1
2026-04-22,357580,18410.0,2.65,8.7,5.2,-12.1
2026-04-23,357580,19380.0,3.05,-9.3,-5.1,11.9
2026-04-24,357580,21600.0,2.62,22.3,6.0,-30.6
2026-04-27,357580,21150.0,3.6,-19.0,-2.8,22.3
2026-04-28,357580,21850.0,2.87,-5.3,15.7,-9.8
2026-04-29,357580,23350.0,2.67,1.8,17.8,-15.0
2026-04-30,357580,23050.0,2.75,-16.6,18.5,-6.5
2026-05-04,357580,23450.0,2.07,0.1,12.6,-13.6
2026-05-06,357580,21800.0,2.17,-8.6,-2.5,8.8
2026-05-07,357580,19660.0,1.84,9.6,-5.4,0.6
2026-05-08,357580,19520.0,2.24,-5.2,12.7,-7.2
2026-05-11,357580,18190.0,2.02,3.8,0.6,-3.1
2026-05-12,357580,17690.0,2.21,8.1,-4.4,-3.8
2026-05-13,357580,17280.0,2.63,-2.3,2.5,-0.3
2026-05-14,357580,16900.0,2.52,4.1,-3.6,-1.1
2026-05-15,357580,15400.0,2.73,26.2,-4.5,-17.9
2026-05-18,357580,14220.0,4.18,15.3,-2.5,-13.0
2026-05-19,357580,13800.0,5.1,5.3,-1.9,-3.4
2026-05-20,357580,13280.0,5.44,4.5,-2.7,-1.5
2026-05-21,357580,13720.0,5.74,-3.6,-6.5,9.4
2026-05-22,357580,14800.0,5.48,-5.7,-4.1,9.7
2026-05-26,357580,14380.0,5.16,-4.0,-3.0,8.0
2026-05-27,357580,13430.0,4.93,21.2,-21.7,-0.5
2026-05-28,357580,13460.0,6.26,4.3,-5.0,0.8
2026-05-29,357580,12210.0,6.54,3.1,-3.5,0.1
2026-06-01,357580,11940.0,6.75,14.4,-11.8,-3.5
2026-06-02,357580,10850.0,7.82,18.1,-19.5,1.4
2026-06-04,357580,11160.0,9.27,-1.6,0.1,1.4
2026-06-05,357580,10070.0,9.15,3.4,-3.6,0.1
2026-06-08,357580,8820.0,9.43,9.6,-10.8,1.2
2026-06-09,357580,9230.0,10.21,3.4,-4.3,1.0
2026-06-10,357580,9170.0,10.52,1.9,-0.5,-1.3
2026-06-11,357580,9300.0,10.6,1.1,-3.0,1.8
2026-06-12,357580,9500.0,10.71,1.6,-4.0,2.4
2026-06-15,357580,9540.0,10.86,0.9,-3.3,2.4
2026-06-16,357580,10000.0,10.94,-0.2,-5.7,5.9
2026-06-17,357580,9200.0,10.36,-2.7,-3.2,5.8
2026-06-18,357580,8640.0,9.92,5.8,-8.5,2.6
2026-06-19,357580,8240.0,9.89,2.9,-4.6,1.6
2026-06-22,357580,7630.0,10.38,8.9,-2.5,-6.8
2026-06-23,357580,7060.0,11.38,0.6,-0.5,-0.6
2026-06-24,357580,6920.0,11.44,0.1,-1.1,0.9
2026-06-25,357580,6790.0,11.44,-1.5,0.0,1.5
2026-06-26,357580,6440.0,11.25,-1.8,-0.1,2.1
2026-06-29,357580,7120.0,11.03,0.1,1.2,-1.2
2026-06-30,357580,6700.0,11.03,-0.7,-0.5,1.2
2026-07-01,357580,8040.0,10.82,-6.0,1.4,5.0
2026-07-02,357580,6910.0,10.18,-3.4,-0.5,4.3
2026-07-03,357580,7010.0,9.78,-0.4,-1.6,1.9
2026-07-06,357580,6480.0,9.73,-1.4,-0.6,2.5
2026-07-07,357580,6160.0,9.54,0.9,-0.1,-0.8
2026-07-08,357580,5690.0,9.58,-0.9,-0.0,0.9
2026-07-09,357580,5740.0,9.45,-0.2,-0.0,0.2
2026-07-10,357580,6290.0,9.43,-1.2,0.0,0.6
2026-07-13,357580,5860.0,9.27,0.9,0.3,-1.1
2026-07-14,357580,5710.0,9.41,0.0,-0.0,-0.1
2026-07-15,357580,6190.0,9.42,0.2,-0.0,-0.2
2026-07-16,357580,5760.0,9.45,-1.3,0.0,1.3
2025-07-14,357780,192100.0,31.98,-9.3,18.6,-9.2
2025-07-15,357780,197000.0,31.92,-0.6,0.1,-0.4
2025-07-16,357780,211500.0,31.92,-16.9,47.8,-31.9
2025-07-17,357780,214000.0,31.88,0.7,28.0,-27.3
2025-07-18,357780,210500.0,31.88,-19.9,21.2,-1.1
2025-07-21,357780,212000.0,31.56,-4.4,9.1,-3.8
2025-07-22,357780,211500.0,31.53,4.0,6.6,-9.1
2025-07-23,357780,208500.0,31.55,16.0,-2.4,-13.0
2025-07-24,357780,205500.0,31.66,9.0,-7.9,-0.7
2025-07-25,357780,201000.0,31.69,7.8,-7.3,-0.4
2025-07-28,357780,232500.0,31.73,-129.6,115.2,9.4
2025-07-29,357780,245500.0,31.08,-85.6,77.7,7.5
2025-07-30,357780,248500.0,30.56,-50.4,81.6,-30.3
2025-07-31,357780,237500.0,30.31,25.0,-26.0,0.8
2025-08-01,357780,220000.0,30.44,84.2,-59.0,-24.6
2025-08-04,357780,219000.0,30.94,-1.5,-5.8,7.6
2025-08-05,357780,222500.0,30.84,-18.4,16.7,2.1
2025-08-06,357780,220500.0,30.7,13.8,-10.7,-3.3
2025-08-07,357780,233500.0,30.8,-60.9,64.9,-4.8
2025-08-08,357780,231000.0,30.42,-26.5,-0.8,26.8
2025-08-11,357780,233500.0,30.27,-17.4,10.8,6.4
2025-08-12,357780,234500.0,30.17,-54.1,53.1,-0.7
2025-08-13,357780,243000.0,29.88,-69.9,53.8,15.1
2025-08-14,357780,243000.0,29.48,-20.6,22.3,-3.9
2025-08-18,357780,229000.0,29.52,-26.6,3.2,23.0
2025-08-19,357780,229000.0,29.38,-16.5,3.5,13.8
2025-08-20,357780,224000.0,29.3,-7.3,10.9,-3.6
2025-08-21,357780,223500.0,29.09,-19.0,9.5,9.5
2025-08-22,357780,221500.0,28.97,-4.6,4.2,0.6
2025-08-25,357780,220500.0,28.94,2.4,-31.1,27.7
2025-08-26,357780,218000.0,28.95,6.7,-12.3,4.6
2025-08-27,357780,215000.0,28.97,-0.1,-20.7,21.7
2025-08-28,357780,207500.0,28.97,26.6,-41.3,12.9
2025-08-29,357780,218500.0,29.19,-39.1,48.5,-9.4
2025-09-01,357780,207000.0,28.94,-14.3,6.2,8.2
2025-09-02,357780,204000.0,28.83,-4.0,-7.0,9.4
2025-09-03,357780,202000.0,28.78,4.1,-9.0,4.9
2025-09-04,357780,202500.0,28.81,4.0,-7.0,3.8
2025-09-05,357780,205000.0,28.81,-14.9,11.5,2.8
2025-09-08,357780,207500.0,28.73,-9.7,5.1,4.6
2025-09-09,357780,216000.0,28.7,-22.6,16.6,2.6
2025-09-10,357780,229000.0,28.61,-53.6,117.2,-66.0
2025-09-11,357780,232500.0,28.31,-42.2,22.2,18.0
2025-09-12,357780,242000.0,28.08,-68.2,50.0,17.0
2025-09-15,357780,260500.0,27.7,-88.3,48.5,37.7
2025-09-16,357780,267000.0,27.25,-37.8,58.9,-20.8
2025-09-17,357780,273500.0,27.05,-15.7,46.0,-30.2
2025-09-18,357780,281500.0,26.97,-45.6,102.7,-57.3
2025-09-19,357780,282500.0,26.75,-12.5,42.7,-29.8
2025-09-22,357780,286500.0,26.78,-22.5,15.9,7.3
2025-09-23,357780,283500.0,26.67,5.0,0.9,-3.2
2025-09-24,357780,289000.0,26.7,0.0,45.4,-44.8
2025-09-25,357780,293000.0,26.78,0.2,53.1,-53.7
2025-09-26,357780,286500.0,26.8,26.1,18.5,-42.2
2025-09-29,357780,288000.0,26.95,-7.4,10.1,-0.1
2025-09-30,357780,288500.0,26.91,1.2,4.4,-5.6
2025-10-01,357780,291000.0,26.81,-18.3,16.2,2.5
2025-10-02,357780,287500.0,26.77,11.3,-49.3,36.5
2025-10-10,357780,288500.0,26.8,31.3,-27.1,-5.0
2025-10-13,357780,291500.0,26.88,-9.1,30.4,-21.5
2025-10-14,357780,283500.0,26.84,-11.4,20.8,-9.4
2025-10-15,357780,288500.0,26.8,-28.6,42.2,-16.5
2025-10-16,357780,288000.0,26.77,8.9,-26.9,16.6
2025-10-17,357780,282500.0,26.81,25.6,-19.8,-3.6
2025-10-20,357780,278500.0,26.95,29.1,-6.7,-24.3
2025-10-21,357780,280500.0,27.09,18.9,-14.1,-4.7
2025-10-22,357780,276500.0,27.2,42.9,-19.5,-22.4
2025-10-23,357780,273500.0,27.45,37.0,-37.0,-0.3
2025-10-24,357780,276000.0,27.62,-15.5,-6.0,21.3
2025-10-27,357780,275000.0,27.55,28.5,-31.3,2.6
2025-10-28,357780,277500.0,27.69,13.2,17.6,-28.4
2025-10-29,357780,291500.0,27.77,-5.7,39.8,-32.7
2025-10-30,357780,285000.0,27.73,-18.6,-12.2,27.5
2025-10-31,357780,283000.0,27.56,-18.6,29.8,-10.8
2025-11-03,357780,283000.0,27.47,43.8,-30.9,-6.6
2025-11-04,357780,282500.0,27.69,-6.4,-5.0,10.3
2025-11-05,357780,271000.0,27.66,-1.8,0.0,3.7
2025-11-06,357780,268000.0,27.69,72.2,-81.3,10.8
2025-11-07,357780,259000.0,28.02,27.2,-35.6,6.1
2025-11-10,357780,268500.0,28.16,13.9,-13.1,-0.9
2025-11-11,357780,281000.0,28.2,11.9,3.7,-17.3
2025-11-12,357780,275000.0,28.27,-11.2,-10.8,20.4
2025-11-13,357780,277500.0,28.19,9.2,-8.5,-1.6
2025-11-14,357780,268000.0,28.23,-24.0,26.0,-1.2
2025-11-17,357780,270500.0,27.97,-14.2,6.7,7.4
2025-11-18,357780,251000.0,27.89,-7.0,-42.3,48.7
2025-11-19,357780,244000.0,27.89,6.3,0.8,-6.4
2025-11-20,357780,248500.0,27.92,2.7,-4.1,1.2
2025-11-21,357780,230000.0,27.94,12.2,-29.7,18.0
2025-11-24,357780,229500.0,28.02,3.7,-2.2,-2.1
2025-11-25,357780,245000.0,28.05,-37.0,42.6,-7.6
2025-11-26,357780,248000.0,27.77,-17.9,19.4,-2.7
2025-11-27,357780,247000.0,27.69,-7.2,7.0,0.3
2025-11-28,357780,262000.0,27.66,8.1,22.1,-30.1
2025-12-01,357780,295500.0,27.7,3.5,142.4,-145.3
2025-12-02,357780,284500.0,27.78,-14.6,20.0,-4.4
2025-12-03,357780,285000.0,27.7,-15.2,-5.6,18.3
2025-12-04,357780,273500.0,27.62,8.6,-7.4,-1.7
2025-12-05,357780,271500.0,27.66,5.0,4.0,-9.0
2025-12-08,357780,273500.0,27.69,-5.5,1.0,5.0
2025-12-09,357780,275000.0,27.66,-15.5,17.8,-2.3
2025-12-10,357780,267000.0,27.59,11.0,-6.6,0.7
2025-12-11,357780,262500.0,27.67,15.2,-19.1,3.3
2025-12-12,357780,264000.0,27.73,2.2,7.8,-8.8
2025-12-15,357780,256000.0,27.73,-1.2,-9.1,10.3
2025-12-16,357780,248500.0,27.73,9.8,-12.6,2.8
2025-12-17,357780,260500.0,27.78,2.1,5.4,-8.1
2025-12-18,357780,253500.0,27.64,-7.1,-2.4,9.5
2025-12-19,357780,256500.0,27.56,-25.2,23.0,2.6
2025-12-22,357780,264000.0,27.52,-16.6,26.6,-11.1
2025-12-23,357780,265500.0,27.41,-16.6,20.8,-3.9
2025-12-24,357780,258000.0,27.36,-10.4,-3.4,13.8
2025-12-26,357780,260500.0,27.3,-14.8,13.5,1.3
2025-12-29,357780,256500.0,27.3,5.1,-50.0,44.6
2025-12-30,357780,262000.0,27.31,-1.1,10.9,-9.3
2026-01-02,357780,279000.0,27.31,-1.2,9.3,-6.9
2026-01-05,357780,282500.0,27.36,-52.1,36.9,15.8
2026-01-06,357780,280000.0,26.94,2.0,22.3,-24.0
2026-01-07,357780,293000.0,26.94,10.0,73.6,-82.6
2026-01-08,357780,283500.0,27.02,-33.9,43.3,-8.3
2026-01-09,357780,283500.0,26.84,-26.1,50.1,-23.9
2026-01-12,357780,277000.0,26.78,4.5,-29.3,24.7
2026-01-13,357780,278000.0,26.91,3.2,-5.2,2.0
2026-01-14,357780,283000.0,26.94,-10.8,15.2,-3.5
2026-01-15,357780,287500.0,27.0,-11.4,20.1,-8.5
2026-01-16,357780,292000.0,26.95,-5.8,39.2,-34.6
2026-01-19,357780,305000.0,26.94,47.6,0.6,-46.7
2026-01-20,357780,309500.0,27.12,17.0,24.4,-40.8
2026-01-21,357780,339500.0,27.23,-5.7,75.0,-67.1
2026-01-22,357780,325000.0,27.19,4.7,-32.3,25.8
2026-01-23,357780,330000.0,27.19,-3.5,39.6,-35.0
2026-01-26,357780,337000.0,26.98,-1.1,10.0,-9.0
2026-01-27,357780,361000.0,27.02,-61.0,159.4,-91.7
2026-01-28,357780,412500.0,26.78,-141.2,312.9,-171.5
2026-01-29,357780,450000.0,26.23,-183.2,264.1,-77.9
2026-01-30,357780,488500.0,25.64,-152.0,265.7,-117.0
2026-02-02,357780,419500.0,25.17,-74.7,24.3,48.3
2026-02-03,357780,441000.0,24.86,-94.3,117.9,-26.1
2026-02-04,357780,421500.0,24.45,-75.5,56.7,24.2
2026-02-05,357780,411000.0,24.19,-5.0,31.0,-25.0
2026-02-06,357780,407000.0,24.12,-16.7,31.1,-14.3
2026-02-09,357780,429000.0,24.05,-64.2,93.0,-28.4
2026-02-10,357780,409000.0,23.91,9.0,-51.5,42.5
2026-02-11,357780,394000.0,23.89,14.9,-45.8,31.5
2026-02-12,357780,397500.0,23.89,-37.6,3.7,33.9
2026-02-13,357780,398000.0,23.72,-17.1,19.4,-1.8
2026-02-19,357780,420500.0,23.66,-151.9,126.7,24.8
2026-02-20,357780,417500.0,23.08,5.1,-5.7,-0.2
2026-02-23,357780,410500.0,23.09,14.9,-26.8,12.4
2026-02-24,357780,410500.0,23.05,24.4,-26.4,1.2
2026-02-25,357780,404500.0,23.09,-18.1,-22.1,39.7
2026-02-26,357780,441000.0,23.5,20.6,90.7,-110.7
2026-02-27,357780,445500.0,23.59,-100.0,149.6,-49.1
2026-03-03,357780,440500.0,23.31,18.1,187.9,-144.3
2026-03-04,357780,366000.0,23.12,-30.2,53.3,-23.3
2026-03-05,357780,475500.0,23.09,-64.1,114.9,-48.9
2026-03-06,357780,501000.0,22.47,-93.0,68.9,13.5
2026-03-09,357780,469500.0,22.14,-67.2,35.4,30.3
2026-03-10,357780,485500.0,21.91,-76.3,63.2,13.4
2026-03-11,357780,442000.0,21.73,-36.3,-67.3,108.4
2026-03-12,357780,438500.0,21.61,23.1,2.6,-23.4
2026-03-13,357780,431500.0,22.03,5.3,-7.0,1.4
2026-03-16,357780,424000.0,22.05,14.8,-20.3,5.8
2026-03-17,357780,422000.0,21.77,-14.2,14.5,1.8
2026-03-18,357780,440000.0,22.06,15.4,-11.6,-3.9
2026-03-19,357780,422000.0,22.12,-18.0,-8.5,26.2
2026-03-20,357780,428000.0,22.05,-15.3,30.7,-15.5
2026-03-23,357780,398500.0,22.0,14.6,-16.4,1.7
2026-03-24,357780,427000.0,21.77,-19.5,31.7,-11.9
2026-03-25,357780,418000.0,21.69,22.0,-62.1,39.6
2026-03-26,357780,395000.0,21.81,13.2,-47.0,34.2
2026-03-27,357780,396000.0,22.23,0.5,8.2,-8.7
2026-03-30,357780,383000.0,22.19,35.4,-28.4,-6.5
2026-03-31,357780,364000.0,21.92,50.5,-57.2,6.7
2026-04-01,357780,396000.0,22.09,-67.4,57.9,9.6
2026-04-02,357780,375000.0,22.2,27.5,-34.2,2.6
2026-04-03,357780,376500.0,22.25,-20.8,-1.6,19.5
2026-04-06,357780,365500.0,22.17,-1.6,-25.3,25.9
2026-04-07,357780,381500.0,22.16,10.9,3.6,-14.2
2026-04-08,357780,412000.0,22.2,-57.5,68.2,-10.7
2026-04-09,357780,401000.0,22.03,39.6,-77.2,37.5
2026-04-10,357780,429500.0,22.2,-31.7,127.0,-94.6
2026-04-13,357780,417000.0,22.22,4.3,-39.6,35.0
2026-04-14,357780,418000.0,22.28,20.3,-134.9,112.9
2026-04-15,357780,425500.0,22.23,41.3,-82.4,40.5
2026-04-16,357780,431500.0,22.3,34.4,-39.0,4.3
2026-04-17,357780,428000.0,22.41,56.8,-75.6,17.7
2026-04-20,357780,434000.0,22.56,23.9,-46.7,22.7
2026-04-21,357780,441000.0,22.62,-0.0,-24.3,22.6
2026-04-22,357780,464000.0,22.62,-57.4,54.1,3.7
2026-04-23,357780,460000.0,22.48,-44.0,-30.8,73.6
2026-04-24,357780,469000.0,22.31,7.9,12.3,-20.8
2026-04-27,357780,485000.0,22.36,-25.5,32.1,-4.7
2026-04-28,357780,483500.0,22.3,-1.0,36.7,-34.3
2026-04-29,357780,479000.0,22.31,-13.2,38.8,-24.8
2026-04-30,357780,458000.0,22.3,30.7,-32.6,2.0
2026-05-04,357780,458500.0,22.31,21.7,-67.4,43.6
2026-05-06,357780,466000.0,22.55,24.6,-111.8,84.1
2026-05-07,357780,476000.0,22.59,-10.1,87.9,-76.4
2026-05-08,357780,461000.0,22.69,-33.9,-12.9,45.1
2026-05-11,357780,466500.0,22.59,22.2,-7.8,-14.6
2026-05-12,357780,426500.0,22.7,209.2,-234.2,23.3
2026-05-13,357780,476000.0,23.34,19.2,99.8,-113.4
2026-05-14,357780,481500.0,23.47,18.0,34.1,-53.2
2026-05-15,357780,410000.0,23.55,-49.8,-72.5,119.6
2026-05-18,357780,408000.0,23.28,-3.0,-15.4,18.3
2026-05-19,357780,401000.0,23.27,61.9,-34.7,-26.1
2026-05-20,357780,392000.0,23.56,8.6,-17.0,8.5
2026-05-21,357780,429000.0,23.53,-28.8,55.4,-28.3
2026-05-22,357780,429500.0,23.45,38.9,-18.1,-22.2
2026-05-26,357780,452000.0,23.59,56.9,-42.3,-10.1
2026-05-27,357780,412500.0,23.77,1.3,-190.3,181.7
2026-05-28,357780,404500.0,23.56,87.9,-77.8,-14.1
2026-05-29,357780,382500.0,23.88,56.7,-126.1,67.5
2026-06-01,357780,385000.0,24.06,61.3,-66.6,8.6
2026-06-02,357780,362000.0,24.25,10.4,-53.9,40.7
2026-06-04,357780,384500.0,24.3,-2.6,1.1,-0.9
2026-06-05,357780,363000.0,24.44,-44.3,34.4,13.5
2026-06-08,357780,324000.0,24.27,37.6,-29.8,-10.2
2026-06-09,357780,342500.0,24.45,65.7,-69.7,5.4
2026-06-10,357780,338500.0,24.69,69.4,-73.2,4.3
2026-06-11,357780,355000.0,24.95,359.1,-426.8,61.8
2026-06-12,357780,441500.0,26.28,-802.1,1166.0,-353.9
2026-06-15,357780,427000.0,23.92,-46.5,-0.1,45.1
2026-06-16,357780,378500.0,23.81,59.5,-211.7,146.5
2026-06-17,357780,407000.0,24.02,14.4,22.5,-35.9
2026-06-18,357780,403000.0,24.22,43.6,-66.5,23.4
2026-06-19,357780,366000.0,24.39,361.6,-543.8,176.6
2026-06-22,357780,385000.0,25.56,61.3,-4.5,-56.9
2026-06-23,357780,335500.0,25.84,73.5,-78.5,5.5
2026-06-24,357780,337500.0,25.64,-1.3,-14.2,13.8
2026-06-25,357780,347000.0,25.98,47.9,-41.6,-0.4
2026-06-26,357780,333000.0,26.16,3.0,7.0,-7.9
2026-06-29,357780,342500.0,26.3,195.2,-209.8,12.7
2026-06-30,357780,365500.0,27.02,177.3,-172.7,-10.2
2026-07-01,357780,338500.0,27.69,541.5,-686.9,139.9
2026-07-02,357780,303500.0,29.66,54.9,-129.1,70.5
2026-07-03,357780,322500.0,29.19,65.1,-25.9,-35.5
2026-07-06,357780,314500.0,29.52,9.6,-0.9,-8.5
2026-07-07,357780,306500.0,29.53,2.1,9.1,-11.0
2026-07-08,357780,290000.0,29.48,7.8,-2.4,-5.0
2026-07-09,357780,295000.0,29.52,88.6,-71.5,-16.7
2026-07-10,357780,311500.0,29.53,5.1,-1.6,-6.6
2026-07-13,357780,308500.0,29.88,7.4,14.1,-21.5
2026-07-14,357780,304500.0,29.81,-6.8,-0.1,5.8
2026-07-15,357780,306500.0,29.94,2.2,-82.8,78.1
2026-07-16,357780,291500.0,29.89,10.8,-14.3,3.4
2025-07-14,357880,2350.0,1.3,-0.1,,-0.3
2025-07-15,357880,2345.0,1.32,1.5,,-1.7
2025-07-16,357880,2460.0,1.51,1.0,,-0.9
2025-07-17,357880,2415.0,1.68,-1.9,,1.9
2025-07-18,357880,2385.0,1.45,-1.3,,1.2
2025-07-21,357880,2350.0,1.29,-0.3,,2.4
2025-07-22,357880,2315.0,1.3,0.1,,2.7
2025-07-23,357880,2270.0,1.31,0.2,,0.1
2025-07-24,357880,2280.0,1.36,-1.0,,1.0
2025-07-25,357880,2305.0,1.23,-2.0,,1.9
2025-07-28,357880,2235.0,0.99,-0.6,,0.8
2025-07-29,357880,2220.0,0.91,0.5,,-0.1
2025-07-30,357880,2355.0,0.97,0.9,0.0,-1.0
2025-07-31,357880,2285.0,1.11,0.2,-0.1,-0.2
2025-08-01,357880,2320.0,1.15,1.5,,-1.4
2025-08-04,357880,2315.0,1.05,-2.6,,2.6
2025-08-05,357880,2315.0,0.79,-0.1,,-0.2
2025-08-06,357880,2320.0,0.82,0.4,,-0.3
2025-08-07,357880,2275.0,0.9,-0.3,,0.4
2025-08-08,357880,2300.0,0.89,-0.4,,0.4
2025-08-11,357880,2240.0,0.84,-1.2,,0.9
2025-08-12,357880,2230.0,0.69,0.2,,-0.3
2025-08-13,357880,2180.0,0.72,0.1,,-0.1
2025-08-14,357880,2195.0,0.73,0.0,,-0.0
2025-08-18,357880,2195.0,0.74,1.5,,-1.5
2025-08-19,357880,2055.0,0.94,-0.1,,0.1
2025-08-20,357880,2020.0,0.93,2.2,,-2.1
2025-08-21,357880,1985.0,1.15,-1.6,,1.6
2025-08-22,357880,2000.0,0.92,0.5,,-0.5
2025-08-25,357880,2025.0,0.99,0.2,,-0.1
2025-08-26,357880,1953.0,1.03,-0.2,,0.2
2025-08-27,357880,1943.0,0.99,0.7,,-0.7
2025-08-28,357880,1975.0,1.14,0.6,,-0.7
2025-08-29,357880,2030.0,1.25,0.2,,-0.2
2025-09-01,357880,2000.0,1.27,0.5,,-0.5
2025-09-02,357880,2050.0,1.34,0.4,,-0.4
2025-09-03,357880,2050.0,1.39,-0.2,,0.2
2025-09-04,357880,2085.0,1.36,0.5,,-0.6
2025-09-05,357880,2085.0,1.44,0.1,,0.1
2025-09-08,357880,2150.0,1.47,0.4,,-0.4
2025-09-09,357880,2155.0,1.52,0.4,,-0.5
2025-09-10,357880,2335.0,1.58,3.7,,-4.1
2025-09-11,357880,2355.0,2.07,1.1,,-1.2
2025-09-12,357880,2415.0,2.21,4.5,,-4.4
2025-09-15,357880,2445.0,2.76,1.4,,-1.5
2025-09-16,357880,2500.0,2.93,3.4,,-3.8
2025-09-17,357880,2430.0,3.09,1.2,,-1.1
2025-09-18,357880,2500.0,3.23,1.9,,-2.1
2025-09-19,357880,2435.0,3.46,0.1,,-0.2
2025-09-22,357880,2465.0,3.47,-3.3,,3.1
2025-09-23,357880,2420.0,3.1,-1.5,,1.8
2025-09-24,357880,2370.0,2.92,2.9,,-3.0
2025-09-25,357880,2305.0,3.27,3.1,,-3.1
2025-09-26,357880,2240.0,3.67,3.0,,-3.0
2025-09-29,357880,2195.0,4.05,-1.3,,1.2
2025-09-30,357880,2125.0,3.89,1.2,,-1.2
2025-10-01,357880,2145.0,4.06,-0.0,,-0.1
2025-10-02,357880,2170.0,4.06,-3.5,,3.1
2025-10-10,357880,2130.0,3.6,-1.6,,1.6
2025-10-13,357880,2110.0,3.38,0.7,,-0.7
2025-10-14,357880,2070.0,3.48,-1.3,,1.3
2025-10-15,357880,2075.0,3.17,0.1,,-0.1
2025-10-16,357880,2025.0,3.28,-0.1,,0.2
2025-10-17,357880,2030.0,3.35,0.5,,-0.6
2025-10-20,357880,2100.0,3.34,-0.5,,0.6
2025-10-21,357880,2010.0,3.28,-2.3,,2.8
2025-10-22,357880,2005.0,2.96,1.2,,-1.2
2025-10-23,357880,1998.0,3.13,-3.5,,3.4
2025-10-24,357880,1972.0,2.66,-3.1,,3.0
2025-10-27,357880,1948.0,2.22,-0.2,,0.2
2025-10-28,357880,1937.0,2.19,-0.6,,0.6
2025-10-29,357880,1937.0,2.11,-0.2,,0.2
2025-10-30,357880,1897.0,2.08,-2.4,,2.4
2025-10-31,357880,1928.0,1.72,1.9,,-1.8
2025-11-03,357880,2165.0,2.0,2.5,,-2.5
2025-11-04,357880,2085.0,2.36,-0.0,,0.2
2025-11-05,357880,1958.0,2.36,-0.3,,0.2
2025-11-06,357880,1900.0,2.31,-2.7,,2.6
2025-11-07,357880,1858.0,1.86,-3.0,,3.0
2025-11-10,357880,1851.0,1.41,0.6,-0.6,-0.0
2025-11-11,357880,1803.0,1.49,-4.2,,4.1
2025-11-12,357880,1824.0,0.85,1.2,,-1.3
2025-11-13,357880,1793.0,1.03,-1.3,,1.4
2025-11-14,357880,1777.0,0.82,1.0,,-0.9
2025-11-17,357880,1682.0,0.97,-0.8,,0.3
2025-11-18,357880,1733.0,0.84,0.4,,-0.5
2025-11-19,357880,1696.0,0.91,0.3,,-0.4
2025-11-20,357880,1678.0,0.97,0.2,,-0.3
2025-11-21,357880,1606.0,1.0,1.7,,-1.5
2025-11-24,357880,1553.0,1.29,0.1,,-0.1
2025-11-25,357880,1599.0,1.46,0.1,,-0.1
2025-11-26,357880,1578.0,1.47,-0.4,,0.4
2025-11-27,357880,1562.0,1.4,-0.4,,0.3
2025-11-28,357880,1575.0,1.33,2.2,,-2.0
2025-12-01,357880,1537.0,1.72,-0.8,,0.8
2025-12-02,357880,1531.0,1.58,0.2,,-0.2
2025-12-03,357880,1535.0,1.62,-0.0,,0.1
2025-12-04,357880,1498.0,1.62,-0.7,,0.7
2025-12-05,357880,1467.0,1.5,0.2,,-0.1
2025-12-08,357880,1494.0,1.54,0.4,,-0.3
2025-12-09,357880,1623.0,1.63,0.5,,-0.7
2025-12-10,357880,1703.0,1.75,-1.6,0.1,1.5
2025-12-11,357880,1869.0,1.49,4.7,,-5.1
2025-12-12,357880,1876.0,2.19,-1.4,,1.7
2025-12-15,357880,1756.0,1.98,-1.3,,1.2
2025-12-16,357880,1719.0,1.78,-0.3,,0.2
2025-12-17,357880,1901.0,1.74,1.0,1.1,-2.2
2025-12-18,357880,1844.0,1.89,-0.3,0.2,-0.6
2025-12-19,357880,1847.0,1.88,-0.6,0.1,0.6
2025-12-22,357880,1880.0,1.84,-0.5,,0.5
2025-12-23,357880,1861.0,1.8,-1.0,,0.9
2025-12-24,357880,1765.0,1.69,0.0,0.1,-0.3
2025-12-26,357880,1605.0,1.65,0.6,-0.0,-0.9
2025-12-29,357880,1627.0,1.77,1.2,,-1.2
2025-12-30,357880,1597.0,1.97,-0.5,,0.2
2026-01-02,357880,1798.0,1.87,2.1,-0.0,-1.9
2026-01-05,357880,1725.0,2.21,-1.8,,1.7
2026-01-06,357880,1728.0,1.5,-0.4,-0.0,0.4
2026-01-07,357880,1739.0,1.45,0.0,,-0.1
2026-01-08,357880,1639.0,1.46,-1.4,-0.8,2.7
2026-01-09,357880,1638.0,1.28,-0.5,-0.7,1.3
2026-01-12,357880,1633.0,1.22,-0.7,,0.6
2026-01-13,357880,1681.0,1.13,0.7,,-0.8
2026-01-14,357880,1795.0,1.22,2.1,,-2.0
2026-01-15,357880,1867.0,1.48,2.0,,-1.8
2026-01-16,357880,1813.0,1.72,-1.3,,1.4
2026-01-19,357880,1835.0,1.56,1.9,,-1.9
2026-01-20,357880,1902.0,1.77,-0.6,,0.4
2026-01-21,357880,1863.0,1.71,-1.4,-0.0,1.4
2026-01-22,357880,1776.0,1.55,-0.5,-0.0,0.4
2026-01-23,357880,1811.0,1.49,1.2,,-0.7
2026-01-26,357880,1792.0,1.63,-0.3,,0.3
2026-01-27,357880,1783.0,1.6,-0.2,-0.0,0.1
2026-01-28,357880,1740.0,1.58,0.6,,-0.5
2026-01-29,357880,1709.0,1.65,1.3,,-1.3
2026-01-30,357880,1661.0,1.82,-2.4,,2.3
2026-02-02,357880,1574.0,1.51,-1.1,-0.0,1.1
2026-02-03,357880,1549.0,1.36,-0.1,,0.1
2026-02-04,357880,1520.0,1.35,0.0,-0.0,-0.1
2026-02-05,357880,1520.0,1.35,0.5,,-0.5
2026-02-06,357880,1462.0,1.43,0.2,,-0.1
2026-02-09,357880,1557.0,1.45,0.5,,-0.5
2026-02-10,357880,1538.0,1.52,-1.0,,0.8
2026-02-11,357880,1510.0,1.38,-0.9,,0.7
2026-02-12,357880,1963.0,1.26,-1.3,,1.5
2026-02-13,357880,2030.0,1.11,-4.9,,10.9
2026-02-19,357880,2090.0,0.8,-4.9,,8.0
2026-02-20,357880,2285.0,0.38,5.5,,2.2
2026-02-23,357880,2220.0,1.0,-3.4,0.2,4.1
2026-02-24,357880,2885.0,0.68,15.8,0.1,-9.4
2026-02-25,357880,2805.0,2.0,-5.7,,17.8
2026-02-26,357880,2410.0,1.76,2.8,0.1,4.7
2026-02-27,357880,2330.0,1.85,-11.5,0.1,18.0
2026-03-03,357880,2165.0,0.73,3.6,0.1,-3.9
2026-03-04,357880,2275.0,1.0,7.2,-0.4,-2.8
2026-03-05,357880,2445.0,1.89,-7.1,0.2,6.7
2026-03-06,357880,2580.0,1.32,5.8,,-4.9
2026-03-09,357880,2575.0,1.8,-13.5,,13.7
2026-03-10,357880,2800.0,0.59,9.7,,-9.6
2026-03-11,357880,3050.0,1.3,11.1,0.0,-8.2
2026-03-12,357880,3710.0,2.02,5.7,-1.4,-2.3
2026-03-13,357880,4800.0,2.29,-30.4,-1.7,43.1
2026-03-16,357880,5320.0,0.98,-0.2,10.3,-17.6
2026-03-17,357880,5040.0,1.1,-7.7,-0.6,23.9
2026-03-18,357880,4940.0,0.84,4.3,0.0,-4.2
2026-03-19,357880,5010.0,1.04,4.5,-0.4,-4.7
2026-03-20,357880,4650.0,1.25,6.9,-2.4,-5.5
2026-03-23,357880,4440.0,1.55,-4.5,,1.7
2026-03-24,357880,4145.0,1.37,1.0,,-1.2
2026-03-25,357880,4530.0,1.45,-0.0,4.5,-5.1
2026-03-26,357880,4140.0,1.51,-5.4,,7.6
2026-03-27,357880,3890.0,1.29,2.8,0.2,-5.5
2026-03-30,357880,3635.0,1.44,2.6,,-1.2
2026-03-31,357880,3155.0,1.59,16.1,-6.9,-7.5
2026-04-01,357880,3370.0,2.65,-0.7,-0.1,1.9
2026-04-02,357880,3090.0,2.61,10.3,,-8.0
2026-04-03,357880,3105.0,3.27,0.8,,0.6
2026-04-06,357880,2935.0,3.34,1.6,,-0.5
2026-04-07,357880,2960.0,3.46,3.5,,-4.1
2026-04-08,357880,3845.0,3.71,4.0,,-1.3
2026-04-09,357880,3950.0,3.91,-51.7,-1.7,56.4
2026-04-10,357880,3785.0,1.54,-10.1,0.0,15.5
2026-04-13,357880,4015.0,1.05,-11.0,-1.7,16.5
2026-04-14,357880,4070.0,0.6,-3.5,,6.5
2026-04-15,357880,4000.0,0.45,-0.3,0.0,1.1
2026-04-16,357880,4055.0,0.43,5.2,-0.9,-4.4
2026-04-17,357880,3905.0,0.67,-6.3,,6.3
2026-04-20,357880,3910.0,0.36,-2.2,,3.1
2026-04-21,357880,3865.0,0.27,-0.5,0.0,1.1
2026-04-22,357880,3755.0,0.27,0.2,,8.0
2026-04-23,357880,3565.0,0.32,3.5,-0.0,-3.7
2026-04-24,357880,3465.0,0.51,1.8,,-2.8
2026-04-27,357880,3510.0,0.61,5.9,,-5.9
2026-04-28,357880,3520.0,0.96,-2.3,,3.6
2026-04-29,357880,3410.0,0.85,-3.4,-0.0,0.5
2026-04-30,357880,3300.0,0.65,-1.9,-0.0,1.8
2026-05-04,357880,3175.0,0.56,0.8,-0.0,-1.2
2026-05-06,357880,3270.0,0.63,3.1,-0.0,-5.3
2026-05-07,357880,3270.0,0.85,-7.2,-0.0,8.0
2026-05-08,357880,3555.0,0.43,-0.4,-0.0,5.5
2026-05-11,357880,3900.0,0.43,2.8,-4.1,-4.4
2026-05-12,357880,4000.0,0.64,2.7,-0.2,2.3
2026-05-13,357880,3870.0,0.78,-0.9,-0.0,1.2
2026-05-14,357880,4025.0,0.75,-4.5,-1.1,4.1
2026-05-15,357880,3760.0,0.43,-0.5,-5.8,2.1
2026-05-18,357880,3670.0,0.39,4.7,0.0,-7.1
2026-05-19,357880,4155.0,0.69,9.8,0.0,-9.3
2026-05-20,357880,4035.0,1.18,-7.5,1.4,6.0
2026-05-21,357880,4505.0,0.79,33.5,-2.0,-38.3
2026-05-22,357880,4875.0,2.29,4.0,-0.2,-4.0
2026-05-26,357880,5370.0,2.43,54.5,-5.1,-46.6
2026-05-27,357880,5040.0,4.35,-3.9,0.0,7.5
2026-05-28,357880,5370.0,4.22,-11.8,-0.2,17.9
2026-05-29,357880,5080.0,3.71,-5.7,-0.0,6.3
2026-06-01,357880,5350.0,3.44,-2.7,2.9,0.1
2026-06-02,357880,5790.0,3.36,-5.3,10.0,-17.6
2026-06-04,357880,5210.0,3.01,-43.8,0.0,49.5
2026-06-05,357880,4650.0,1.47,1.8,0.3,-2.8
2026-06-08,357880,4580.0,1.6,1.5,-0.0,6.0
2026-06-09,357880,4330.0,1.7,-3.5,-0.0,6.0
2026-06-10,357880,4495.0,1.6,14.7,0.4,-19.0
2026-06-11,357880,4235.0,2.09,-17.8,-0.3,26.2
2026-06-12,357880,4305.0,1.29,-5.1,0.1,4.5
2026-06-15,357880,4135.0,1.03,-9.8,-0.0,9.4
2026-06-16,357880,4165.0,0.65,-2.2,-0.0,1.9
2026-06-17,357880,4075.0,0.58,0.1,-0.4,-0.1
2026-06-18,357880,3795.0,0.61,1.0,0.0,0.1
2026-06-19,357880,3460.0,0.67,2.5,0.0,-0.1
2026-06-22,357880,3300.0,0.81,4.8,0.0,-4.9
2026-06-23,357880,2975.0,1.09,11.0,0.0,-12.4
2026-06-24,357880,3005.0,1.78,-3.1,-0.6,2.7
2026-06-25,357880,2910.0,1.57,-6.7,-0.0,8.3
2026-06-26,357880,2540.0,1.21,4.5,-0.0,-4.7
2026-06-29,357880,3035.0,1.58,-0.7,0.0,1.5
2026-06-30,357880,2930.0,1.54,-1.5,0.1,1.6
2026-07-01,357880,2810.0,1.46,-1.8,0.1,1.9
2026-07-02,357880,2700.0,1.35,6.2,-0.1,-6.4
2026-07-03,357880,2605.0,1.79,-0.8,-0.0,-0.3
2026-07-06,357880,2560.0,1.74,0.3,-0.0,-0.3
2026-07-07,357880,2435.0,1.77,4.2,-0.0,-4.6
2026-07-08,357880,2270.0,2.1,5.2,0.0,-5.3
2026-07-09,357880,2310.0,2.53,1.1,2.4,-3.7
2026-07-10,357880,2585.0,2.62,-0.4,0.2,0.1
2026-07-13,357880,2420.0,2.59,-1.7,1.6,0.5
2026-07-14,357880,2560.0,2.47,-3.7,-0.0,3.6
2026-07-15,357880,2680.0,2.2,-4.4,-0.0,4.4
2026-07-16,357880,2830.0,1.88,-0.6,-0.0,2.3
2025-07-14,358570,19800.0,6.59,-18.4,1.3,16.2
2025-07-15,358570,20750.0,6.41,-3.1,0.1,4.7
2025-07-16,358570,20050.0,6.4,-13.6,-28.9,39.9
2025-07-17,358570,20500.0,6.24,6.5,-5.9,-0.1
2025-07-18,358570,21450.0,6.32,-36.1,-3.2,34.6
2025-07-21,358570,20800.0,6.01,-14.2,0.9,12.7
2025-07-22,358570,20350.0,5.9,0.0,0.3,-1.2
2025-07-23,358570,20900.0,5.91,-5.4,0.2,4.4
2025-07-24,358570,20600.0,5.87,-30.8,2.3,28.2
2025-07-25,358570,20700.0,5.58,9.1,-6.9,-2.5
2025-07-28,358570,19640.0,5.68,-14.1,-16.3,36.3
2025-07-29,358570,19000.0,5.54,14.6,-20.2,7.2
2025-07-30,358570,18080.0,5.64,52.4,-33.5,-17.5
2025-07-31,358570,18820.0,6.19,2.6,-11.1,7.5
2025-08-01,358570,17650.0,6.16,-0.7,-6.7,1.0
2025-08-04,358570,17800.0,6.16,14.0,-4.7,-12.2
2025-08-05,358570,18830.0,6.29,18.8,1.6,-20.1
2025-08-06,358570,18790.0,6.47,2.5,-0.2,-2.2
2025-08-07,358570,18330.0,6.46,15.8,-16.5,2.9
2025-08-08,358570,18790.0,6.57,4.1,-0.3,-5.3
2025-08-11,358570,18380.0,6.59,8.9,-1.4,-8.1
2025-08-12,358570,18420.0,6.69,10.3,-3.6,-5.5
2025-08-13,358570,18810.0,6.88,5.1,-0.1,-4.2
2025-08-14,358570,19010.0,6.91,0.4,14.2,-13.0
2025-08-18,358570,17450.0,6.94,-21.1,-9.6,30.2
2025-08-19,358570,17260.0,6.68,19.3,-2.2,-16.7
2025-08-20,358570,16590.0,6.88,31.3,-5.5,-17.7
2025-08-21,358570,16620.0,7.24,26.2,-16.3,-10.0
2025-08-22,358570,16730.0,7.47,2.6,-3.9,1.3
2025-08-25,358570,17200.0,7.43,-19.8,5.7,14.2
2025-08-26,358570,18070.0,7.23,27.1,-3.5,-33.1
2025-08-27,358570,17440.0,7.71,-29.3,-8.8,34.0
2025-08-28,358570,16840.0,7.48,-15.5,1.0,14.5
2025-08-29,358570,16690.0,7.29,2.4,-7.8,4.4
2025-09-01,358570,15600.0,7.26,38.8,-32.5,-7.3
2025-09-02,358570,16420.0,7.72,16.7,-7.0,-9.7
2025-09-03,358570,18860.0,7.87,19.7,47.5,-65.0
2025-09-04,358570,18250.0,8.23,-14.0,8.5,5.3
2025-09-05,358570,18640.0,7.84,-4.1,-1.9,12.3
2025-09-08,358570,18020.0,7.78,-33.7,4.0,29.1
2025-09-09,358570,18340.0,7.47,-9.4,6.2,2.7
2025-09-10,358570,18690.0,7.33,28.6,-33.8,3.4
2025-09-11,358570,19020.0,7.59,-23.2,8.2,14.9
2025-09-12,358570,20000.0,7.29,-33.4,19.8,10.8
2025-09-15,358570,20450.0,6.97,-54.6,11.7,39.9
2025-09-16,358570,19860.0,6.54,-29.0,-21.8,53.2
2025-09-17,358570,19270.0,6.5,-2.7,-13.9,15.9
2025-09-18,358570,18710.0,6.42,-42.1,7.2,39.0
2025-09-19,358570,19130.0,5.89,40.9,-33.1,-6.7
2025-09-22,358570,19800.0,6.71,4.6,2.4,-8.4
2025-09-23,358570,19960.0,6.87,-15.9,19.7,-4.8
2025-09-24,358570,19050.0,6.66,-27.4,-20.5,44.8
2025-09-25,358570,18260.0,6.34,-5.4,-16.4,20.6
2025-09-26,358570,17780.0,6.29,2.3,-1.0,-1.9
2025-09-29,358570,18950.0,5.96,5.5,-3.8,5.8
2025-09-30,358570,18570.0,6.12,-11.1,0.6,9.6
2025-10-01,358570,18840.0,5.95,17.0,-2.8,-10.3
2025-10-02,358570,19100.0,6.1,1.4,-0.8,5.7
2025-10-10,358570,19760.0,6.06,19.5,-13.6,-3.5
2025-10-13,358570,19010.0,6.28,-11.7,-3.7,15.5
2025-10-14,358570,18570.0,6.09,-12.5,-7.1,19.3
2025-10-15,358570,17600.0,5.95,-45.3,-9.2,56.6
2025-10-16,358570,17110.0,5.49,4.9,-6.2,5.6
2025-10-17,358570,16980.0,5.6,2.6,-24.5,24.5
2025-10-20,358570,16970.0,5.62,-18.2,-0.3,18.8
2025-10-21,358570,15650.0,5.43,13.1,-45.0,31.6
2025-10-22,358570,15010.0,5.59,10.0,-18.5,10.3
2025-10-23,358570,14970.0,5.87,-26.0,-2.1,30.2
2025-10-24,358570,14960.0,5.55,3.6,5.3,-13.1
2025-10-27,358570,15240.0,5.6,7.2,-19.5,18.2
2025-10-28,358570,15870.0,5.66,-11.2,-2.9,13.9
2025-10-29,358570,15130.0,5.51,-2.1,-8.8,8.9
2025-10-30,358570,15150.0,5.5,1.8,-2.4,-0.1
2025-10-31,358570,15100.0,5.42,-4.3,-2.5,6.3
2025-11-03,358570,15670.0,5.38,11.9,-0.5,-12.7
2025-11-04,358570,16030.0,5.56,10.1,-1.0,-11.6
2025-11-05,358570,15880.0,5.62,-46.1,3.6,40.4
2025-11-06,358570,15770.0,5.14,-4.5,0.8,4.3
2025-11-07,358570,15310.0,5.09,8.9,1.7,-9.7
2025-11-10,358570,14620.0,5.14,15.5,2.9,-18.4
2025-11-11,358570,14900.0,5.35,5.8,-3.3,-3.2
2025-11-12,358570,17030.0,5.43,42.7,39.6,-80.5
2025-11-13,358570,17550.0,6.15,-29.8,14.3,15.6
2025-11-14,358570,18050.0,5.71,-2.5,2.8,-0.8
2025-11-17,358570,19120.0,5.55,19.7,26.0,-45.6
2025-11-18,358570,18860.0,5.7,-1.2,-7.5,9.7
2025-11-19,358570,18420.0,5.68,-5.6,1.7,4.7
2025-11-20,358570,18520.0,5.66,3.4,-12.3,9.2
2025-11-21,358570,17670.0,5.65,4.5,-20.5,15.1
2025-11-24,358570,17100.0,5.74,19.8,-0.9,-15.6
2025-11-25,358570,16340.0,5.91,6.8,-3.3,-2.9
2025-11-26,358570,17060.0,5.95,9.4,2.2,-11.6
2025-11-27,358570,17890.0,6.05,10.7,7.8,-19.5
2025-11-28,358570,18790.0,6.2,21.1,38.2,-61.4
2025-12-01,358570,18650.0,6.6,-24.2,5.8,15.6
2025-12-02,358570,18540.0,6.37,6.9,6.5,-12.8
2025-12-03,358570,18380.0,6.54,-18.9,-2.5,24.7
2025-12-04,358570,18820.0,6.3,6.3,4.4,-10.7
2025-12-05,358570,18890.0,6.41,-8.5,-14.9,21.0
2025-12-08,358570,18950.0,6.39,16.9,6.8,-23.1
2025-12-09,358570,20900.0,6.46,80.0,11.8,-92.1
2025-12-10,358570,20100.0,7.26,-75.3,4.5,65.2
2025-12-11,358570,20350.0,6.5,-1.5,-13.3,7.1
2025-12-12,358570,19250.0,6.45,-32.1,7.6,24.1
2025-12-15,358570,19410.0,6.12,22.6,-29.7,7.6
2025-12-16,358570,17860.0,6.33,-11.2,-4.8,15.1
2025-12-17,358570,17260.0,6.15,10.6,0.4,-7.1
2025-12-18,358570,16830.0,6.25,-2.3,0.7,1.0
2025-12-19,358570,17580.0,6.19,13.2,8.0,-21.8
2025-12-22,358570,17610.0,6.29,-11.0,-0.1,10.2
2025-12-23,358570,17150.0,6.21,0.4,0.5,-1.3
2025-12-24,358570,16860.0,6.33,7.9,5.0,-8.1
2025-12-26,358570,17980.0,6.36,29.3,-0.9,-30.6
2025-12-29,358570,18000.0,6.6,1.7,-25.9,20.5
2025-12-30,358570,17640.0,6.54,28.6,-52.4,19.0
2026-01-02,358570,16940.0,6.77,-41.3,-1.0,39.8
2026-01-05,358570,17610.0,6.3,48.5,-12.1,-35.9
2026-01-06,358570,16840.0,6.81,-10.6,-48.8,57.9
2026-01-07,358570,16380.0,6.68,-0.8,-42.2,42.2
2026-01-08,358570,16180.0,6.67,12.5,-14.4,1.9
2026-01-09,358570,15980.0,6.77,3.6,-16.4,12.6
2026-01-12,358570,15170.0,6.82,3.1,-8.0,4.8
2026-01-13,358570,14900.0,6.87,0.8,-5.1,3.1
2026-01-14,358570,13950.0,6.91,27.4,-25.3,-1.5
2026-01-15,358570,13820.0,7.22,12.7,-12.7,0.3
2026-01-16,358570,14110.0,7.27,-19.2,-5.3,24.3
2026-01-19,358570,14290.0,6.94,-12.7,1.1,7.9
2026-01-20,358570,14480.0,6.74,-8.2,-0.2,8.5
2026-01-21,358570,13370.0,6.58,-15.4,0.7,15.7
2026-01-22,358570,13400.0,6.41,16.1,-3.6,-12.1
2026-01-23,358570,14500.0,6.58,-10.2,25.9,-16.5
2026-01-26,358570,15830.0,6.47,-40.5,98.3,-55.2
2026-01-27,358570,16120.0,6.02,-12.0,59.8,-45.9
2026-01-28,358570,16500.0,6.12,-27.7,74.2,-47.0
2026-01-29,358570,16250.0,5.65,-17.2,67.5,-47.7
2026-01-30,358570,15810.0,5.52,2.6,46.2,-47.1
2026-02-02,358570,14500.0,5.61,9.2,-16.7,6.2
2026-02-03,358570,14960.0,5.74,9.8,19.0,-24.9
2026-02-04,358570,14580.0,5.77,2.2,-3.1,0.3
2026-02-05,358570,13910.0,5.83,15.3,-18.2,3.0
2026-02-06,358570,13150.0,5.98,41.6,-73.6,32.4
2026-02-09,358570,15260.0,6.42,16.2,11.9,-27.2
2026-02-10,358570,14490.0,6.64,-10.9,1.3,10.2
2026-02-11,358570,14360.0,6.4,-6.2,0.9,8.7
2026-02-12,358570,14800.0,6.31,7.0,2.0,-9.8
2026-02-13,358570,14800.0,6.39,5.6,-6.0,0.5
2026-02-19,358570,14940.0,6.44,-15.8,29.7,-11.3
2026-02-20,358570,14620.0,6.26,-3.5,2.5,0.5
2026-02-23,358570,15490.0,6.23,44.3,-0.2,-45.2
2026-02-24,358570,15460.0,6.96,-26.4,-1.5,26.3
2026-02-25,358570,15400.0,6.51,-3.7,-3.9,7.1
2026-02-26,358570,15290.0,6.51,9.1,2.5,-10.8
2026-02-27,358570,16140.0,6.48,32.5,3.8,-34.6
2026-03-03,358570,16120.0,6.92,26.5,0.3,-30.2
2026-03-04,358570,13140.0,7.2,-6.6,2.7,3.6
2026-03-05,358570,15110.0,7.05,8.7,13.6,-16.8
2026-03-06,358570,15200.0,7.18,-8.7,1.3,6.6
2026-03-09,358570,13960.0,7.1,5.0,-8.3,5.2
2026-03-10,358570,13940.0,7.19,0.2,-29.7,28.4
2026-03-11,358570,13230.0,7.15,-29.2,-21.5,49.9
2026-03-12,358570,13020.0,6.68,-15.1,-10.3,26.1
2026-03-13,358570,14200.0,6.48,25.0,3.2,-24.1
2026-03-16,358570,13610.0,7.26,-24.6,2.5,21.4
2026-03-17,358570,14400.0,6.88,43.4,11.1,-53.8
2026-03-18,358570,14770.0,7.58,-14.2,6.9,6.5
2026-03-19,358570,14620.0,7.4,-19.8,14.3,5.9
2026-03-20,358570,14570.0,7.13,-12.0,5.1,5.8
2026-03-23,358570,12980.0,7.0,-40.8,-8.2,46.6
2026-03-24,358570,13380.0,6.37,-6.2,-6.4,12.9
2026-03-25,358570,13700.0,6.27,17.7,-1.1,-16.6
2026-03-26,358570,14510.0,6.5,43.9,13.9,-57.7
2026-03-27,358570,14680.0,7.22,8.6,1.0,-9.5
2026-03-30,358570,13970.0,7.36,-3.9,-0.2,3.9
2026-03-31,358570,12630.0,7.25,-28.8,-7.9,36.9
2026-04-01,358570,13030.0,6.67,15.1,-0.9,-16.0
2026-04-02,358570,11610.0,7.04,7.4,-13.3,5.6
2026-04-03,358570,12530.0,7.19,11.5,-0.5,-9.5
2026-04-06,358570,12170.0,7.3,3.7,3.9,-3.8
2026-04-07,358570,13230.0,7.32,27.9,16.4,-28.3
2026-04-08,358570,13290.0,7.73,-27.0,18.4,10.3
2026-04-09,358570,13170.0,7.18,6.7,-12.4,7.4
2026-04-10,358570,13900.0,7.2,23.8,-3.2,-18.0
2026-04-13,358570,13260.0,7.54,-9.0,-3.0,13.2
2026-04-14,358570,13510.0,7.41,9.0,-3.1,-6.2
2026-04-15,358570,13610.0,7.56,-1.8,2.9,1.1
2026-04-16,358570,15020.0,7.57,45.1,24.5,-73.7
2026-04-17,358570,14710.0,8.3,-4.6,1.1,3.4
2026-04-20,358570,15310.0,8.01,-5.7,15.6,-3.8
2026-04-21,358570,14680.0,7.87,-29.6,1.7,27.3
2026-04-22,358570,14540.0,7.46,-1.6,-11.2,12.3
2026-04-23,358570,15750.0,7.62,59.7,19.8,-70.8
2026-04-24,358570,16020.0,8.37,-31.2,40.8,-10.2
2026-04-27,358570,16390.0,7.71,-20.1,35.6,-4.5
2026-04-28,358570,15760.0,7.49,2.3,-21.3,19.4
2026-04-29,358570,16550.0,7.33,2.0,31.8,-30.6
2026-04-30,358570,16250.0,7.56,1.2,-1.0,2.0
2026-05-04,358570,15830.0,7.53,-37.8,-6.5,48.4
2026-05-06,358570,15710.0,7.05,6.0,4.0,-4.7
2026-05-07,358570,14720.0,7.08,-10.6,-6.1,16.7
2026-05-08,358570,14600.0,7.02,-3.1,0.1,9.9
2026-05-11,358570,14130.0,6.95,16.9,-12.0,-4.0
2026-05-12,358570,14380.0,7.14,14.3,-9.5,-6.2
2026-05-13,358570,13380.0,7.31,-6.3,-21.9,27.7
2026-05-14,358570,13350.0,7.1,5.1,-16.5,9.6
2026-05-15,358570,12750.0,7.15,-0.8,-4.5,6.2
2026-05-18,358570,11220.0,7.09,13.5,-38.5,21.8
2026-05-19,358570,10800.0,7.27,13.3,-28.9,14.1
2026-05-20,358570,10360.0,7.48,24.5,-37.6,13.6
2026-05-21,358570,11520.0,7.95,-21.1,29.1,-6.6
2026-05-22,358570,13930.0,7.72,-46.9,89.7,-37.3
2026-05-26,358570,14140.0,7.15,-38.3,57.5,-17.7
2026-05-27,358570,14980.0,6.69,-32.3,43.3,-7.3
2026-05-28,358570,15900.0,6.42,12.3,38.8,-42.5
2026-05-29,358570,14480.0,6.58,-42.8,28.1,13.2
2026-06-01,358570,13200.0,6.07,4.7,-36.9,31.6
2026-06-02,358570,14130.0,6.23,-10.9,44.3,-33.1
2026-06-04,358570,13800.0,6.4,-6.0,10.2,-1.8
2026-06-05,358570,12330.0,6.71,-0.6,-19.5,18.5
2026-06-08,358570,10820.0,6.56,-1.2,-1.0,1.4
2026-06-09,358570,11600.0,6.51,9.1,-1.9,-5.3
2026-06-10,358570,11820.0,6.52,-3.4,2.0,3.0
2026-06-11,358570,13820.0,6.46,-86.0,124.4,-35.6
2026-06-12,358570,11870.0,5.52,-19.6,-84.4,101.9
2026-06-15,358570,11890.0,5.32,-12.4,-14.5,26.2
2026-06-16,358570,12300.0,5.21,4.4,-0.6,-4.0
2026-06-17,358570,13350.0,5.44,4.7,12.6,-16.8
2026-06-18,358570,12580.0,5.77,1.9,-14.8,12.2
2026-06-19,358570,11550.0,5.9,10.3,-36.5,28.8
2026-06-22,358570,11350.0,5.99,3.3,-7.7,5.0
2026-06-23,358570,11300.0,6.35,-5.3,11.2,-9.1
2026-06-24,358570,11760.0,6.31,0.0,6.6,-6.1
2026-06-25,358570,10490.0,6.32,-17.1,-39.6,55.3
2026-06-26,358570,9700.0,5.92,-0.5,0.4,3.4
2026-06-29,358570,11220.0,5.91,11.9,19.8,-30.2
2026-06-30,358570,10330.0,6.26,-14.6,-1.1,16.3
2026-07-01,358570,9980.0,6.0,6.4,-28.5,21.4
2026-07-02,358570,9300.0,6.03,-3.9,-9.1,13.0
2026-07-03,358570,8990.0,5.98,3.7,-7.3,3.6
2026-07-06,358570,8640.0,6.05,4.2,-9.7,4.4
2026-07-07,358570,8830.0,6.19,3.7,-0.0,-3.2
2026-07-08,358570,8000.0,6.29,32.6,-27.1,-6.9
2026-07-09,358570,7840.0,6.85,-0.3,1.3,0.2
2026-07-10,358570,8200.0,6.79,-4.6,6.5,-1.5
2026-07-13,358570,7860.0,6.69,1.8,-3.0,1.0
2026-07-14,358570,7330.0,6.92,-5.2,1.1,4.0
2026-07-15,358570,7620.0,6.61,6.6,-4.3,-1.9
2026-07-16,358570,7320.0,6.77,6.1,-5.4,-0.9
2025-07-14,359090,1043.0,1.05,0.6,,-0.6
2025-07-15,359090,1033.0,1.14,-0.2,,0.2
2025-07-16,359090,1026.0,1.1,-0.1,,0.1
2025-07-17,359090,1027.0,1.09,-0.0,,0.0
2025-07-18,359090,1029.0,1.09,-0.1,,0.1
2025-07-21,359090,1033.0,1.07,0.2,,-0.2
2025-07-22,359090,1040.0,1.1,-0.1,,0.1
2025-07-23,359090,1051.0,1.08,0.1,,-0.1
2025-07-24,359090,1047.0,1.09,-0.1,,0.1
2025-07-25,359090,1035.0,1.08,-0.3,,0.3
2025-07-28,359090,1030.0,1.03,-0.2,,0.2
2025-07-29,359090,1025.0,1.0,-0.1,,0.1
2025-07-30,359090,1042.0,0.98,-0.2,,0.2
2025-07-31,359090,1038.0,0.96,-0.1,,0.1
2025-08-01,359090,1024.0,0.96,-0.2,,0.1
2025-08-04,359090,1021.0,0.94,-0.2,,0.2
2025-08-05,359090,1031.0,0.9,0.1,,-0.1
2025-08-06,359090,1033.0,0.91,-0.0,,0.0
2025-08-07,359090,1031.0,0.91,0.0,,-0.0
2025-08-08,359090,1030.0,0.92,0.0,,-0.0
2025-08-11,359090,1032.0,0.91,-0.0,,0.0
2025-08-12,359090,1032.0,0.91,0.1,,-0.1
2025-08-13,359090,1043.0,0.93,0.2,,-0.2
2025-08-14,359090,1044.0,0.96,0.3,,-0.3
2025-08-18,359090,1035.0,1.0,-0.2,,0.2
2025-08-19,359090,1031.0,0.97,0.0,,-0.0
2025-08-20,359090,1022.0,0.97,-0.3,,0.3
2025-08-21,359090,1019.0,0.92,-0.1,,0.1
2025-08-22,359090,1025.0,0.91,-0.1,,0.1
2025-08-25,359090,1027.0,0.9,-0.1,,0.1
2025-08-26,359090,1022.0,0.89,-0.1,0.0,0.1
2025-08-27,359090,1017.0,0.88,0.0,,-0.0
2025-08-28,359090,1017.0,0.88,-0.1,,0.1
2025-08-29,359090,1009.0,0.87,0.0,,-0.0
2025-09-01,359090,1000.0,0.88,-0.2,,-0.8
2025-09-02,359090,996.0,0.84,0.0,,-0.0
2025-09-03,359090,999.0,0.85,-0.0,,0.0
2025-09-04,359090,994.0,0.85,-0.1,,0.1
2025-09-05,359090,993.0,0.84,-0.0,,0.0
2025-09-08,359090,994.0,0.87,-0.0,,0.0
2025-09-09,359090,995.0,0.86,-0.0,,0.0
2025-09-10,359090,997.0,0.86,0.0,,-0.0
2025-09-11,359090,1017.0,0.86,-1.0,,1.1
2025-09-12,359090,1017.0,0.7,0.1,,-0.1
2025-09-15,359090,1002.0,0.73,0.5,,-0.5
2025-09-16,359090,1006.0,0.82,-0.1,,0.1
2025-09-17,359090,1010.0,0.79,0.0,,-0.0
2025-09-18,359090,1010.0,0.8,0.2,,-0.2
2025-09-19,359090,1010.0,0.83,0.2,,-0.2
2025-09-22,359090,1004.0,0.85,-0.1,,0.1
2025-09-23,359090,991.0,0.84,-0.3,,0.3
2025-09-24,359090,980.0,0.78,-0.3,,0.3
2025-09-25,359090,980.0,0.73,-0.1,,0.1
2025-09-26,359090,969.0,0.71,0.1,,-0.1
2025-09-29,359090,984.0,0.73,0.0,,-0.0
2025-09-30,359090,983.0,0.73,-0.1,,0.1
2025-10-01,359090,981.0,0.71,-0.0,,0.0
2025-10-02,359090,984.0,0.71,0.3,,-0.3
2025-10-10,359090,957.0,0.76,-0.2,,0.2
2025-10-13,359090,959.0,0.71,0.1,,-0.1
2025-10-14,359090,955.0,0.73,0.0,,-0.0
2025-10-15,359090,954.0,0.73,-0.0,,0.0
2025-10-16,359090,945.0,0.73,0.1,,-0.1
2025-10-17,359090,937.0,0.74,-0.1,,0.1
2025-10-20,359090,933.0,0.72,0.0,,-0.0
2025-10-21,359090,938.0,0.72,0.0,,-0.0
2025-10-22,359090,945.0,0.73,0.1,,-0.1
2025-10-23,359090,950.0,0.75,-0.1,,0.1
2025-10-24,359090,955.0,0.73,-0.0,,0.0
2025-10-27,359090,952.0,0.71,0.1,,-0.1
2025-10-28,359090,954.0,0.71,-0.0,,0.0
2025-10-29,359090,954.0,0.7,-0.1,,0.1
2025-10-30,359090,943.0,0.69,-0.1,,0.1
2025-10-31,359090,931.0,0.67,0.0,,-0.1
2025-11-03,359090,902.0,0.68,-0.0,,0.0
2025-11-04,359090,915.0,0.67,0.1,,-0.1
2025-11-05,359090,939.0,0.69,0.4,,-0.4
2025-11-06,359090,927.0,0.76,-0.0,,0.0
2025-11-07,359090,908.0,0.75,-0.1,,0.1
2025-11-10,359090,881.0,0.72,0.5,,-0.5
2025-11-11,359090,870.0,0.82,-0.3,,0.2
2025-11-12,359090,881.0,0.76,0.7,,-0.7
2025-11-13,359090,894.0,0.9,0.2,,-0.2
2025-11-14,359090,865.0,0.94,-0.1,,0.1
2025-11-17,359090,875.0,0.92,-0.6,,0.6
2025-11-18,359090,845.0,0.81,-0.0,,0.0
2025-11-19,359090,824.0,0.8,0.0,,-0.0
2025-11-20,359090,871.0,0.81,0.7,,-0.7
2025-11-21,359090,850.0,0.97,0.0,,-0.0
2025-11-24,359090,848.0,0.98,0.1,,-0.1
2025-11-25,359090,1102.0,0.99,-2.7,,2.3
2025-11-26,359090,1055.0,0.52,-0.0,0.0,0.4
2025-11-27,359090,1031.0,0.54,-1.3,,1.3
2025-11-28,359090,1030.0,0.34,0.6,,-0.5
2025-12-01,359090,997.0,0.45,1.9,,-2.0
2025-12-02,359090,989.0,0.76,0.1,,0.0
2025-12-03,359090,1026.0,0.83,-2.3,,2.3
2025-12-04,359090,1000.0,0.5,-0.5,,0.5
2025-12-05,359090,997.0,0.46,0.9,,-0.9
2025-12-08,359090,972.0,0.65,-0.0,,0.1
2025-12-09,359090,967.0,0.64,-0.1,,0.1
2025-12-10,359090,965.0,0.62,0.1,,-0.1
2025-12-11,359090,992.0,0.63,1.4,,-1.5
2025-12-12,359090,992.0,0.87,-0.2,,0.1
2025-12-15,359090,1007.0,0.84,0.3,,-0.3
2025-12-16,359090,983.0,0.89,-0.0,,0.0
2025-12-17,359090,983.0,0.93,0.2,,-0.2
2025-12-18,359090,982.0,0.97,-0.0,,0.0
2025-12-19,359090,970.0,0.96,1.2,,-1.2
2025-12-22,359090,957.0,1.19,0.3,,-0.3
2025-12-23,359090,918.0,1.24,0.9,,-0.9
2025-12-24,359090,910.0,1.41,0.1,,-0.1
2025-12-26,359090,905.0,1.43,-0.1,,0.0
2025-12-29,359090,913.0,1.36,0.2,,-0.2
2025-12-30,359090,900.0,1.4,-0.3,,0.3
2026-01-02,359090,913.0,1.34,0.3,,-0.3
2026-01-05,359090,896.0,1.39,-0.4,,0.4
2026-01-06,359090,880.0,1.32,-0.3,,0.3
2026-01-07,359090,876.0,1.27,-0.3,,0.3
2026-01-08,359090,861.0,1.21,-0.1,-0.1,0.3
2026-01-09,359090,861.0,1.19,0.1,,-0.1
2026-01-12,359090,870.0,1.22,-0.2,,0.2
2026-01-13,359090,885.0,1.18,-0.2,,0.2
2026-01-14,359090,897.0,1.14,-0.3,,0.3
2026-01-15,359090,882.0,1.07,-0.2,,0.2
2026-01-16,359090,871.0,1.03,-0.3,,0.4
2026-01-19,359090,870.0,0.96,0.1,,-0.0
2026-01-20,359090,870.0,0.98,0.4,,-0.4
2026-01-21,359090,861.0,1.06,-0.0,,0.0
2026-01-22,359090,856.0,1.05,0.0,,-0.0
2026-01-23,359090,873.0,1.06,0.2,,-0.3
2026-01-26,359090,900.0,1.09,0.0,,-0.0
2026-01-27,359090,894.0,1.1,0.1,,-0.1
2026-01-28,359090,881.0,1.12,-0.1,,0.1
2026-01-29,359090,898.0,1.11,0.1,,-0.1
2026-01-30,359090,878.0,1.12,-0.9,,0.9
2026-02-02,359090,861.0,0.96,-0.1,,0.1
2026-02-03,359090,881.0,0.93,-0.0,,0.0
2026-02-04,359090,888.0,0.92,-0.2,,0.2
2026-02-05,359090,887.0,0.88,-0.0,,0.0
2026-02-06,359090,878.0,0.87,0.4,,-0.4
2026-02-09,359090,878.0,0.95,-0.0,,0.0
2026-02-10,359090,881.0,0.94,-1.3,,1.2
2026-02-11,359090,890.0,0.7,0.3,,-0.3
2026-02-12,359090,900.0,0.76,0.3,,-0.2
2026-02-13,359090,895.0,0.82,0.1,,-0.1
2026-02-19,359090,900.0,0.85,0.3,,-0.4
2026-02-20,359090,897.0,0.92,-0.1,,0.1
2026-02-23,359090,904.0,0.9,0.4,,-0.4
2026-02-24,359090,900.0,0.98,-0.0,,0.0
2026-02-25,359090,886.0,0.98,-0.2,,0.2
2026-02-26,359090,867.0,0.93,-0.2,,0.2
2026-02-27,359090,865.0,0.88,0.0,,-0.0
2026-03-03,359090,826.0,0.89,0.1,,-0.2
2026-03-04,359090,740.0,0.91,0.0,,-0.0
2026-03-05,359090,794.0,0.92,0.0,,-0.0
2026-03-06,359090,823.0,0.92,0.1,,-0.1
2026-03-09,359090,805.0,0.94,-0.1,,0.1
2026-03-10,359090,825.0,0.91,0.0,,-0.0
2026-03-11,359090,825.0,0.97,-0.1,,0.1
2026-03-12,359090,811.0,0.95,0.0,,-0.0
2026-03-13,359090,814.0,0.96,0.0,,-0.0
2026-03-16,359090,814.0,0.96,0.6,,-0.6
2026-03-17,359090,799.0,1.09,-0.3,,0.3
2026-03-18,359090,799.0,1.03,-0.0,,0.0
2026-03-19,359090,801.0,1.03,-0.0,,0.0
2026-03-20,359090,810.0,1.02,0.1,,-0.1
2026-03-23,359090,784.0,1.04,-0.0,,0.0
2026-03-24,359090,796.0,1.03,0.4,,-0.4
2026-03-25,359090,800.0,1.11,0.1,,-0.1
2026-03-26,359090,796.0,1.13,0.1,,-0.1
2026-03-27,359090,809.0,1.15,0.0,,-0.0
2026-03-30,359090,809.0,1.15,-0.0,,0.0
2026-03-31,359090,795.0,1.14,-0.0,,0.0
2026-04-01,359090,802.0,1.14,-0.1,,0.1
2026-04-02,359090,772.0,1.12,-0.1,,0.2
2026-04-03,359090,772.0,1.09,0.2,,-0.2
2026-04-06,359090,775.0,1.13,-0.1,,0.1
2026-04-07,359090,775.0,1.11,-0.0,,0.0
2026-04-08,359090,780.0,1.1,-0.0,,0.0
2026-04-09,359090,781.0,1.1,-0.1,,0.1
2026-04-10,359090,782.0,1.08,0.0,,-0.0
2026-04-13,359090,767.0,1.09,0.1,,-0.1
2026-04-14,359090,773.0,1.1,0.1,,-0.1
2026-04-15,359090,780.0,1.11,0.1,,-0.1
2026-04-16,359090,783.0,1.14,0.0,,-0.0
2026-04-17,359090,783.0,1.15,0.2,,-0.2
2026-04-20,359090,791.0,1.2,-0.0,,0.0
2026-04-21,359090,797.0,1.18,-0.1,,0.1
2026-04-22,359090,805.0,1.14,-0.1,,0.1
2026-04-23,359090,799.0,1.12,0.0,,-0.0
2026-04-24,359090,790.0,1.13,0.2,,-0.2
2026-04-27,359090,783.0,1.16,0.0,,-0.1
2026-04-28,359090,779.0,1.17,-0.0,,0.0
2026-04-29,359090,777.0,1.17,0.1,,-0.1
2026-04-30,359090,772.0,1.19,-0.1,,0.1
2026-05-04,359090,773.0,1.18,-0.1,,0.1
2026-05-06,359090,744.0,1.16,0.1,,-0.2
2026-05-07,359090,715.0,1.19,-0.1,,0.1
2026-05-08,359090,704.0,1.17,0.0,,-0.2
2026-05-11,359090,705.0,1.18,-0.1,-0.0,0.1
2026-05-12,359090,693.0,1.15,-0.4,0.0,0.4
2026-05-13,359090,686.0,1.05,0.0,0.0,-0.0
2026-05-14,359090,667.0,1.05,0.3,-0.0,-0.3
2026-05-15,359090,653.0,1.12,0.0,-0.0,-0.1
2026-05-18,359090,614.0,1.13,0.4,-0.0,-0.5
2026-05-19,359090,608.0,1.25,0.2,-0.0,-0.2
2026-05-20,359090,614.0,1.31,0.0,0.0,-0.0
2026-05-21,359090,580.0,1.32,-0.3,-0.0,0.3
2026-05-22,359090,637.0,1.22,0.1,-0.0,-0.2
2026-05-26,359090,632.0,1.26,-0.1,0.0,0.1
2026-05-27,359090,589.0,1.22,0.1,-0.0,-0.1
2026-05-28,359090,591.0,1.24,-0.1,0.0,0.1
2026-05-29,359090,569.0,1.22,0.0,0.0,-0.0
2026-06-01,359090,547.0,1.23,0.0,-0.0,-0.0
2026-06-02,359090,511.0,1.24,0.2,-0.0,-0.2
2026-06-04,359090,550.0,1.3,0.2,-0.0,-0.3
2026-06-05,359090,550.0,1.38,,,
2026-06-08,359090,550.0,1.38,,,
2026-06-09,359090,550.0,1.38,,,
2026-06-10,359090,550.0,1.38,,,
2026-06-11,359090,550.0,1.38,,,
2026-06-12,359090,550.0,1.38,,,
2026-06-15,359090,550.0,1.38,,,
2026-06-16,359090,550.0,1.38,,,
2026-06-17,359090,550.0,1.38,,,
2026-06-18,359090,550.0,1.38,,,
2026-06-19,359090,550.0,1.38,,,
2026-06-22,359090,550.0,1.38,,,
2026-06-23,359090,550.0,1.38,,,
2026-06-24,359090,550.0,1.38,,,
2026-06-25,359090,550.0,1.38,,,
2026-06-26,359090,550.0,1.38,,,
2026-06-29,359090,550.0,1.38,,,
2026-06-30,359090,1973.0,0.81,-0.2,0.0,0.2
2026-07-01,359090,1967.0,0.75,-0.2,-0.0,0.2
2026-07-02,359090,1950.0,0.81,-0.0,0.0,-0.0
2026-07-03,359090,1824.0,0.8,-0.1,-0.0,0.1
2026-07-06,359090,1758.0,0.77,0.1,0.0,-0.1
2026-07-07,359090,1889.0,0.82,0.3,-0.0,-0.2
2026-07-08,359090,1917.0,0.93,-0.1,-0.0,0.1
2026-07-09,359090,1913.0,0.91,-0.0,-0.0,0.0
2026-07-10,359090,1912.0,0.89,0.0,,-0.0
2026-07-13,359090,1911.0,0.86,0.0,-0.0,-0.0
2026-07-14,359090,1899.0,0.85,0.0,-0.0,-0.0
2026-07-15,359090,1910.0,0.86,0.0,-0.0,-0.0
2026-07-16,359090,1974.0,0.87,0.0,0.0,-0.0
