날짜,코드,종가,외인지분율,외인_억,기관_억,개인_억
2025-07-14,190510,,3.0,3.0,-0.2,-2.6
2025-07-15,190510,,3.15,0.9,-0.2,-0.8
2025-07-16,190510,,3.26,-1.7,-0.0,2.0
2025-07-17,190510,,3.18,0.9,-0.0,-0.8
2025-07-18,190510,,3.22,1.3,-0.0,-1.4
2025-07-21,190510,,3.29,1.3,-0.2,-1.2
2025-07-22,190510,,3.35,1.1,0.0,-1.2
2025-07-23,190510,,3.4,1.2,-0.0,-1.1
2025-07-24,190510,,3.46,-1.5,-0.0,1.5
2025-07-25,190510,,3.38,1.6,-0.0,-1.5
2025-07-28,190510,,3.46,2.2,-0.0,-2.1
2025-07-29,190510,,3.56,2.9,0.7,-3.6
2025-07-30,190510,,3.7,7.0,1.5,-8.5
2025-07-31,190510,,4.03,2.1,1.6,-3.8
2025-08-01,190510,,4.13,1.1,1.4,-2.5
2025-08-04,190510,,4.18,-2.0,1.7,-0.2
2025-08-05,190510,,4.09,5.5,0.8,-6.4
2025-08-06,190510,,4.33,3.6,2.3,-6.1
2025-08-07,190510,,4.49,7.4,2.3,-9.9
2025-08-08,190510,,4.81,5.1,1.6,-7.3
2025-08-11,190510,,5.03,2.5,-0.0,-2.5
2025-08-12,190510,,5.14,3.8,2.4,-6.2
2025-08-13,190510,,5.3,10.9,0.6,-11.3
2025-08-14,190510,,5.76,17.2,-0.1,-17.0
2025-08-18,190510,,6.46,3.5,-0.0,-3.6
2025-08-19,190510,,6.61,4.4,0.0,-4.2
2025-08-20,190510,,6.8,3.3,-0.0,-3.3
2025-08-21,190510,,6.94,-1.0,0.6,0.5
2025-08-22,190510,,6.9,1.1,0.1,-1.6
2025-08-25,190510,,6.95,13.9,1.5,-15.4
2025-08-26,190510,,7.52,-2.2,2.8,-0.8
2025-08-27,190510,,7.43,10.0,1.7,-11.7
2025-08-28,190510,,7.82,1.1,-0.0,-1.3
2025-08-29,190510,17440.0,7.86,1.6,-0.0,-0.6
2025-09-01,190510,,7.92,-0.5,0.0,0.1
2025-09-02,190510,,7.9,4.1,-0.0,-4.1
2025-09-03,190510,,8.07,7.0,0.1,-7.5
2025-09-04,190510,,8.35,3.1,-0.0,-3.2
2025-09-05,190510,,8.47,4.3,0.0,-4.4
2025-09-08,190510,,8.86,7.9,-0.1,-6.0
2025-09-09,190510,,9.17,7.0,-0.0,-7.3
2025-09-10,190510,,9.45,2.8,0.0,-1.4
2025-09-11,190510,,9.56,-0.2,-0.0,0.2
2025-09-12,190510,,9.55,4.4,0.0,-4.1
2025-09-15,190510,,9.73,1.6,-0.2,-1.4
2025-09-16,190510,,9.79,2.6,-0.0,-1.8
2025-09-17,190510,,9.9,2.9,0.1,-1.0
2025-09-18,190510,,10.02,7.6,1.9,-0.9
2025-09-19,190510,,10.33,8.6,0.8,-0.1
2025-09-22,190510,,10.67,-0.3,0.9,2.3
2025-09-23,190510,,10.91,1.3,-0.0,0.1
2025-09-24,190510,,10.96,-4.5,-0.0,4.4
2025-09-25,190510,,10.78,-3.3,-0.0,3.7
2025-09-26,190510,,10.65,-2.5,0.8,1.9
2025-09-29,190510,,10.55,4.1,0.8,-4.8
2025-09-30,190510,16820.0,10.72,1.4,0.8,-2.0
2025-10-01,190510,,10.77,2.5,0.8,-2.4
2025-10-02,190510,,10.87,0.6,0.8,-0.3
2025-10-10,190510,,10.9,1.8,2.7,-2.6
2025-10-13,190510,,10.97,0.0,0.0,0.2
2025-10-14,190510,,10.97,-2.4,0.1,3.0
2025-10-15,190510,,10.88,5.5,0.9,-5.1
2025-10-16,190510,,11.1,0.1,0.5,-1.1
2025-10-17,190510,,11.38,-3.7,-0.0,3.7
2025-10-20,190510,,11.26,-0.4,0.8,-0.5
2025-10-21,190510,,11.24,-1.8,0.5,1.3
2025-10-22,190510,,11.17,-1.0,0.4,0.6
2025-10-23,190510,,11.12,0.5,0.8,-1.3
2025-10-24,190510,,11.14,3.4,0.8,-4.4
2025-10-27,190510,,11.29,2.2,0.6,-2.7
2025-10-28,190510,,11.38,-1.6,0.9,0.8
2025-10-29,190510,,11.31,2.1,0.7,-2.7
2025-10-30,190510,,11.4,1.1,0.8,-1.8
2025-10-31,190510,16880.0,11.44,2.9,0.5,-2.7
2025-11-03,190510,,11.57,3.8,-1.1,-2.8
2025-11-04,190510,,11.72,2.3,0.8,-3.4
2025-11-05,190510,,11.81,-1.1,0.9,0.6
2025-11-06,190510,,11.77,10.4,1.0,-11.4
2025-11-07,190510,,12.05,-4.6,0.8,3.9
2025-11-10,190510,,11.86,-2.1,1.2,1.1
2025-11-11,190510,,11.72,-1.6,0.9,0.7
2025-11-12,190510,,11.65,2.6,0.9,-3.4
2025-11-13,190510,,11.76,-3.6,0.9,2.7
2025-11-14,190510,,11.61,-6.4,0.1,6.3
2025-11-17,190510,,11.34,-2.1,0.8,1.3
2025-11-18,190510,,11.28,-1.5,0.8,0.7
2025-11-19,190510,,11.22,-0.6,0.8,-0.1
2025-11-20,190510,,11.21,-0.4,0.8,-0.4
2025-11-21,190510,,11.19,1.8,0.8,-2.6
2025-11-24,190510,,11.27,-0.3,1.4,-1.2
2025-11-25,190510,,11.26,-1.5,1.5,-0.0
2025-11-26,190510,,11.18,0.6,0.7,-1.3
2025-11-27,190510,,11.2,-0.5,0.8,-0.3
2025-11-28,190510,16070.0,11.18,0.6,0.8,-1.4
2025-12-01,190510,,11.21,0.4,0.8,-1.2
2025-12-02,190510,,11.23,0.1,-0.0,-0.1
2025-12-03,190510,,11.23,-0.2,-0.0,0.2
2025-12-04,190510,,11.22,-4.4,0.0,4.4
2025-12-05,190510,,11.04,-0.1,0.0,0.4
2025-12-08,190510,,11.04,2.0,-0.0,-2.0
2025-12-09,190510,,11.13,-1.1,-0.0,1.1
2025-12-10,190510,,11.08,0.2,-0.6,0.4
2025-12-11,190510,,11.09,-0.8,1.3,-0.5
2025-12-12,190510,,11.05,6.1,4.9,-11.1
2025-12-15,190510,,11.31,12.5,4.3,-17.2
2025-12-16,190510,,11.81,-4.6,0.1,3.9
2025-12-17,190510,,11.63,7.5,-5.0,-2.7
2025-12-18,190510,,11.92,3.3,0.1,-3.6
2025-12-19,190510,,11.75,23.3,-0.6,-23.8
2025-12-22,190510,,12.63,3.9,-0.0,-3.7
2025-12-23,190510,,12.77,0.7,0.0,-1.8
2025-12-24,190510,,12.8,2.8,-0.2,-2.8
2025-12-26,190510,,12.9,0.9,-0.0,0.1
2025-12-29,190510,,12.86,-10.4,-0.0,10.0
2025-12-30,190510,17450.0,12.44,0.9,-0.0,-1.0
2026-01-02,190510,,12.21,-3.9,-0.0,3.5
2026-01-05,190510,,12.04,-51.9,-5.7,78.7
2026-01-06,190510,,10.16,-17.7,0.9,16.2
2026-01-07,190510,,10.1,4.3,-0.0,-4.8
2026-01-08,190510,,10.12,1.3,1.8,-3.9
2026-01-09,190510,,10.45,1.1,0.2,-0.9
2026-01-12,190510,,10.48,-0.9,-0.0,-1.3
2026-01-13,190510,,10.7,-12.2,0.0,11.2
2026-01-14,190510,,10.47,-5.7,0.0,6.1
2026-01-15,190510,,10.83,-1.0,0.6,0.7
2026-01-16,190510,,10.84,-10.0,-2.5,12.8
2026-01-19,190510,,10.4,8.0,-0.1,-7.7
2026-01-20,190510,,10.72,4.5,0.1,-4.6
2026-01-21,190510,,10.75,-3.7,-0.4,4.2
2026-01-22,190510,,10.64,-5.6,2.4,-0.3
2026-01-23,190510,,10.39,-8.1,-0.0,8.2
2026-01-26,190510,,10.15,6.0,0.0,-5.7
2026-01-27,190510,,10.3,1.5,0.0,-1.8
2026-01-28,190510,,10.32,-12.8,-2.4,16.6
2026-01-29,190510,,9.89,-6.7,3.1,4.1
2026-01-30,190510,24950.0,9.77,-0.9,-0.4,1.9
2026-02-02,190510,,9.69,-16.5,0.0,16.0
2026-02-03,190510,,9.18,-0.6,0.3,1.3
2026-02-04,190510,,9.22,-5.9,0.0,5.8
2026-02-05,190510,,8.93,-11.0,0.0,10.5
2026-02-06,190510,,8.55,-1.4,-0.8,1.5
2026-02-09,190510,,8.29,3.4,0.0,-2.8
2026-02-10,190510,,8.4,6.2,0.0,-5.8
2026-02-11,190510,,8.56,1.4,0.0,-1.6
2026-02-12,190510,,8.57,3.6,0.0,-3.8
2026-02-13,190510,,8.67,-3.1,-2.7,5.5
2026-02-19,190510,,8.54,4.4,-0.0,-1.9
2026-02-20,190510,,8.69,-5.8,0.0,5.9
2026-02-23,190510,,8.44,2.5,0.0,-1.1
2026-02-24,190510,,8.52,2.9,-0.3,-7.4
2026-02-25,190510,,8.65,-6.2,0.0,6.2
2026-02-26,190510,,8.42,-5.6,0.0,5.8
2026-02-27,190510,22700.0,8.1,-6.1,0.0,5.7
2026-03-03,190510,,7.92,15.3,-0.0,-14.6
2026-03-04,190510,,8.78,5.6,0.6,-6.2
2026-03-05,190510,,8.95,10.7,-0.5,-10.3
2026-03-06,190510,,9.42,1.3,0.0,-1.2
2026-03-09,190510,,9.43,2.8,0.0,-0.2
2026-03-10,190510,,9.52,5.8,0.0,-3.7
2026-03-11,190510,,9.67,1.5,-0.7,-1.1
2026-03-12,190510,,9.84,-3.0,0.0,3.0
2026-03-13,190510,,9.66,-1.6,0.0,1.5
2026-03-16,190510,,9.55,0.2,0.0,-0.3
2026-03-17,190510,,9.54,5.0,-0.0,-4.8
2026-03-18,190510,,9.66,2.0,-0.0,-1.8
2026-03-19,190510,,9.52,-2.8,0.0,2.9
2026-03-20,190510,,9.39,2.5,0.1,-2.6
2026-03-23,190510,,9.47,-3.8,-0.0,3.8
2026-03-24,190510,,9.28,3.8,0.0,-3.8
2026-03-25,190510,,9.54,0.4,0.0,-0.4
2026-03-26,190510,,9.55,-4.5,0.0,4.4
2026-03-27,190510,,9.34,3.7,0.0,-3.8
2026-03-30,190510,,9.49,2.7,-0.0,-2.8
2026-03-31,190510,16050.0,9.63,-0.8,-0.0,0.8
2026-04-01,190510,,9.58,5.0,-0.0,-4.9
2026-04-02,190510,,9.82,-1.7,0.0,1.3
2026-04-03,190510,,9.87,0.5,-0.0,-0.2
2026-04-06,190510,,9.91,-1.1,0.0,1.0
2026-04-07,190510,,9.85,-0.3,0.0,0.2
2026-04-08,190510,,9.84,1.9,-0.0,-1.7
2026-04-09,190510,,9.91,-3.3,-0.0,3.1
2026-04-10,190510,,9.72,2.9,-1.8,-1.1
2026-04-13,190510,,9.85,-1.9,0.0,1.9
2026-04-14,190510,,9.75,-16.6,0.0,16.5
2026-04-15,190510,,9.07,-2.1,0.0,2.0
2026-04-16,190510,,8.96,-1.2,0.3,0.6
2026-04-17,190510,,8.94,-3.5,0.0,3.3
2026-04-20,190510,,8.77,-0.3,-0.0,0.4
2026-04-21,190510,,8.78,0.5,0.0,-0.3
2026-04-22,190510,,8.81,-0.4,0.0,0.4
2026-04-23,190510,,8.81,-2.0,0.0,2.1
2026-04-24,190510,,8.68,1.3,0.1,-1.4
2026-04-27,190510,,8.7,-1.9,0.0,2.0
2026-04-28,190510,,8.6,-2.9,0.0,3.1
2026-04-29,190510,,8.46,-0.7,-0.0,0.4
2026-04-30,190510,19110.0,8.44,0.7,0.0,-1.1
2026-05-04,190510,,8.54,-0.8,0.0,1.3
2026-05-06,190510,,8.46,-1.5,-0.0,2.2
2026-05-07,190510,,8.38,-0.4,-0.0,0.3
2026-05-08,190510,,8.3,2.9,0.2,-3.2
2026-05-11,190510,,8.47,0.2,0.0,-0.2
2026-05-12,190510,,8.42,-1.0,-0.3,1.2
2026-05-13,190510,,8.24,1.0,0.0,-1.0
2026-05-14,190510,,8.24,-6.4,-0.0,7.1
2026-05-15,190510,,8.34,-27.6,-0.0,26.2
2026-05-18,190510,,6.75,-5.0,0.1,4.6
2026-05-19,190510,,6.68,-0.9,-0.1,1.0
2026-05-20,190510,,6.7,0.6,-0.0,-0.6
2026-05-21,190510,,6.76,5.8,0.1,-6.3
2026-05-22,190510,,7.11,4.6,0.1,-4.7
2026-05-26,190510,,7.33,1.9,-0.0,-1.8
2026-05-27,190510,,7.41,-3.0,0.0,3.1
2026-05-28,190510,,7.15,-0.4,-0.0,0.5
2026-05-29,190510,17480.0,7.13,-0.4,0.0,0.5
2026-06-01,190510,,7.1,3.2,0.0,-3.4
2026-06-02,190510,,7.27,-4.8,0.0,4.7
2026-06-04,190510,,6.93,-5.5,0.0,4.9
2026-06-05,190510,,6.64,-1.3,-0.0,0.4
2026-06-08,190510,,6.59,-0.4,0.0,0.3
2026-06-09,190510,,6.6,2.8,0.0,-2.5
2026-06-10,190510,,7.06,-2.5,0.0,2.2
2026-06-11,190510,,6.89,-0.9,-0.0,1.0
2026-06-12,190510,,6.84,2.8,0.0,-2.8
2026-06-15,190510,,7.0,-4.2,0.0,4.2
2026-06-16,190510,,6.76,-1.7,0.1,3.0
2026-06-17,190510,,6.66,-0.7,0.0,1.9
2026-06-18,190510,,6.63,1.6,-0.0,-1.6
2026-06-19,190510,,6.7,0.6,0.0,-0.8
2026-06-22,190510,,6.76,-0.2,0.0,0.2
2026-06-23,190510,,6.74,0.4,0.0,-0.4
2026-06-24,190510,,6.74,0.5,0.0,-0.5
2026-06-25,190510,,6.78,0.8,0.0,-0.8
2026-06-26,190510,,6.83,1.6,-0.0,-1.6
2026-06-29,190510,,6.96,1.7,0.0,-1.7
2026-06-30,190510,12800.0,7.05,-1.1,-0.0,0.7
2026-07-01,190510,,6.96,-0.1,0.0,-1.0
2026-07-02,190510,,6.96,-0.2,0.0,-0.1
2026-07-03,190510,,6.93,1.8,0.0,-0.7
2026-07-06,190510,,7.05,-0.4,0.0,0.2
2026-07-07,190510,,7.04,-0.4,0.0,0.4
2026-07-08,190510,,7.04,1.3,0.0,-1.3
2026-07-09,190510,,7.19,0.7,0.1,-0.8
2026-07-10,190510,,7.23,1.8,0.4,-2.2
2026-07-13,190510,12460.0,7.37,-3.2,2.5,0.7
2025-07-14,190650,,1.78,-0.4,,0.5
2025-07-15,190650,,1.69,-0.5,,0.5
2025-07-16,190650,,1.59,0.0,,-0.1
2025-07-17,190650,,1.59,-0.1,,-0.2
2025-07-18,190650,,1.57,-0.2,,-0.1
2025-07-21,190650,,1.53,-0.1,,0.1
2025-07-22,190650,,1.5,-0.2,,0.0
2025-07-23,190650,,1.47,-0.1,,0.1
2025-07-24,190650,,1.44,-0.3,,0.3
2025-07-25,190650,,1.38,-0.0,,0.0
2025-07-28,190650,,1.37,0.2,,-0.2
2025-07-29,190650,,1.41,0.1,-0.0,-0.1
2025-07-30,190650,,1.44,-0.1,,0.1
2025-07-31,190650,,1.41,-0.1,,0.1
2025-08-01,190650,,1.39,-0.2,,0.2
2025-08-04,190650,,1.35,0.0,,-0.0
2025-08-05,190650,,1.35,0.1,,-0.1
2025-08-06,190650,,1.36,0.1,,-0.1
2025-08-07,190650,,1.39,-0.0,,0.0
2025-08-08,190650,,1.39,-0.1,,0.1
2025-08-11,190650,,1.37,0.0,0.1,-0.2
2025-08-12,190650,,1.38,0.3,0.0,-0.4
2025-08-13,190650,,1.45,-0.1,0.1,-0.1
2025-08-14,190650,,1.43,0.1,0.0,-0.2
2025-08-18,190650,,1.45,-0.1,0.2,-0.1
2025-08-19,190650,,1.44,0.1,0.0,-0.0
2025-08-20,190650,,1.46,-0.0,0.0,0.2
2025-08-21,190650,,1.46,0.0,0.0,-0.0
2025-08-22,190650,,1.46,-0.0,0.0,0.0
2025-08-25,190650,,1.46,0.1,0.0,-0.1
2025-08-26,190650,,1.52,-0.0,0.0,0.0
2025-08-27,190650,,1.54,-0.2,,0.2
2025-08-28,190650,,1.5,-0.0,,0.0
2025-08-29,190650,7130.0,1.5,0.0,,-0.0
2025-09-01,190650,,1.53,-0.2,0.2,0.2
2025-09-02,190650,,1.44,-0.0,0.1,-0.1
2025-09-03,190650,,1.43,-0.0,0.0,-0.0
2025-09-04,190650,,1.42,0.0,0.0,-0.1
2025-09-05,190650,,1.43,-0.0,0.1,-0.1
2025-09-08,190650,,1.4,0.0,0.0,-0.1
2025-09-09,190650,,1.41,0.4,0.0,-0.4
2025-09-10,190650,,1.49,0.3,0.0,-0.3
2025-09-11,190650,,1.56,-0.3,,0.3
2025-09-12,190650,,1.49,-0.0,,-0.0
2025-09-15,190650,,1.49,0.1,,-0.0
2025-09-16,190650,,1.5,-0.1,,0.1
2025-09-17,190650,,1.49,-0.0,,0.0
2025-09-18,190650,,1.48,-0.0,,0.0
2025-09-19,190650,,1.48,-0.0,,0.0
2025-09-22,190650,,1.47,-0.0,0.1,-0.0
2025-09-23,190650,,1.46,-0.1,0.0,0.0
2025-09-24,190650,,1.44,-0.1,0.1,-0.0
2025-09-25,190650,,1.42,0.0,0.0,-0.1
2025-09-26,190650,,1.43,-0.0,0.2,-0.2
2025-09-29,190650,,1.42,0.1,0.0,-0.0
2025-09-30,190650,7070.0,1.43,-0.0,0.0,-0.0
2025-10-01,190650,,1.43,-0.0,0.0,-0.0
2025-10-02,190650,,1.43,0.1,,-0.1
2025-10-10,190650,,1.46,-0.1,0.0,0.1
2025-10-13,190650,,1.43,0.0,0.0,-0.1
2025-10-14,190650,,1.44,-0.1,0.0,0.1
2025-10-15,190650,,1.41,-0.0,,0.0
2025-10-16,190650,,1.4,-0.1,,0.1
2025-10-17,190650,,1.38,-0.2,0.0,0.2
2025-10-20,190650,,1.32,-0.1,,0.1
2025-10-21,190650,,1.3,-0.1,,0.1
2025-10-22,190650,,1.27,-0.1,,0.1
2025-10-23,190650,,1.26,-0.0,,0.0
2025-10-24,190650,,1.25,-0.1,,0.0
2025-10-27,190650,,1.24,0.0,-0.0,-0.0
2025-10-28,190650,,1.24,-0.1,,0.1
2025-10-29,190650,,1.22,-0.1,0.0,0.0
2025-10-30,190650,,1.21,-0.2,0.0,0.2
2025-10-31,190650,6800.0,1.17,-0.1,-0.1,0.2
2025-11-03,190650,,1.15,-0.3,-0.3,0.6
2025-11-04,190650,,1.08,0.0,-0.1,0.1
2025-11-05,190650,,1.08,0.1,-0.1,-0.0
2025-11-06,190650,,1.09,0.0,0.0,-0.0
2025-11-07,190650,,1.1,-0.1,-0.0,0.1
2025-11-10,190650,,1.08,0.8,-0.7,-0.1
2025-11-11,190650,,1.26,-0.0,-0.0,0.0
2025-11-12,190650,,1.25,0.0,,-0.0
2025-11-13,190650,,1.26,-0.0,,0.0
2025-11-14,190650,,1.25,0.0,,0.0
2025-11-17,190650,,1.25,-0.0,,0.0
2025-11-18,190650,,1.24,-0.1,,0.0
2025-11-19,190650,,1.23,-0.0,,0.0
2025-11-20,190650,,1.22,0.0,,0.0
2025-11-21,190650,,1.22,0.0,,-0.0
2025-11-24,190650,,1.22,-0.0,,0.0
2025-11-25,190650,,1.22,0.0,,-0.0
2025-11-26,190650,,1.22,-0.0,,0.0
2025-11-27,190650,,1.22,-0.1,,0.1
2025-11-28,190650,6810.0,1.2,-0.0,,0.0
2025-12-01,190650,,1.2,0.0,,0.2
2025-12-02,190650,,1.2,-0.0,,0.0
2025-12-03,190650,,1.2,0.0,,-0.0
2025-12-04,190650,,1.2,-0.0,,0.0
2025-12-05,190650,,1.2,0.0,,-0.0
2025-12-08,190650,,1.2,0.0,,-0.0
2025-12-09,190650,,1.2,-0.0,,0.0
2025-12-10,190650,,1.2,-0.0,,0.0
2025-12-11,190650,,1.19,-0.0,,0.0
2025-12-12,190650,,1.19,-0.0,,0.0
2025-12-15,190650,,1.19,0.0,,-0.0
2025-12-16,190650,,1.19,-0.0,,0.1
2025-12-17,190650,,1.32,0.0,,-0.0
2025-12-18,190650,,1.32,-0.1,,0.1
2025-12-19,190650,,1.3,-0.0,,0.0
2025-12-22,190650,,1.3,0.0,,-0.0
2025-12-23,190650,,1.3,-0.0,,-0.1
2025-12-24,190650,,1.3,-0.0,,-0.0
2025-12-26,190650,,1.31,-0.0,,0.0
2025-12-29,190650,,1.31,-0.0,,0.0
2025-12-30,190650,7150.0,1.31,-0.0,,0.0
2026-01-02,190650,,1.31,-0.0,,0.0
2026-01-05,190650,,1.31,-0.1,,0.1
2026-01-06,190650,,1.29,-0.0,,0.0
2026-01-07,190650,,1.29,0.0,,-0.0
2026-01-08,190650,,1.3,0.0,,-0.0
2026-01-09,190650,,1.3,0.0,,-0.0
2026-01-12,190650,,1.3,0.0,,-0.1
2026-01-13,190650,,1.31,-0.0,,0.0
2026-01-14,190650,,1.3,0.0,,-0.1
2026-01-15,190650,,1.31,0.0,0.0,-0.0
2026-01-16,190650,,1.31,-0.0,-0.2,0.2
2026-01-19,190650,,1.31,-0.0,-0.2,0.1
2026-01-20,190650,,1.31,0.2,-0.6,0.4
2026-01-21,190650,,1.35,-0.0,-0.2,0.1
2026-01-22,190650,,1.35,-0.0,,0.0
2026-01-23,190650,,1.35,0.1,,-0.1
2026-01-26,190650,,1.36,0.2,,-0.3
2026-01-27,190650,,1.38,0.0,,0.0
2026-01-28,190650,,1.39,0.0,,-0.0
2026-01-29,190650,,1.39,0.5,,0.5
2026-01-30,190650,7780.0,1.51,0.4,,-0.4
2026-02-02,190650,,1.6,0.6,,-0.6
2026-02-03,190650,,1.71,0.0,,-0.0
2026-02-04,190650,,1.72,-0.2,,0.2
2026-02-05,190650,,1.69,-0.1,,0.1
2026-02-06,190650,,1.67,0.1,,-0.2
2026-02-09,190650,,1.7,-0.1,,0.1
2026-02-10,190650,,1.68,-0.1,,0.1
2026-02-11,190650,,1.66,0.1,1.3,-1.4
2026-02-12,190650,,1.67,-0.2,0.0,0.2
2026-02-13,190650,,1.63,0.9,0.0,-0.6
2026-02-19,190650,,1.81,-3.8,0.0,4.6
2026-02-20,190650,,1.26,0.9,-1.8,1.3
2026-02-23,190650,,1.55,0.0,0.0,-0.0
2026-02-24,190650,,1.43,1.0,,-1.1
2026-02-25,190650,,1.73,-0.6,,0.3
2026-02-26,190650,,1.63,0.4,0.0,1.1
2026-02-27,190650,9680.0,1.89,1.5,,-1.5
2026-03-03,190650,,2.15,2.0,,-2.0
2026-03-04,190650,,2.48,1.8,,-1.8
2026-03-05,190650,,2.84,0.9,,-0.9
2026-03-06,190650,,2.99,0.1,0.0,-0.2
2026-03-09,190650,,3.01,0.5,-0.0,-0.5
2026-03-10,190650,,3.11,0.1,0.0,-0.1
2026-03-11,190650,,3.12,-1.6,0.0,1.6
2026-03-12,190650,,2.84,-0.2,0.0,0.2
2026-03-13,190650,,2.8,-2.4,-0.1,2.4
2026-03-16,190650,,2.36,-0.5,0.0,0.4
2026-03-17,190650,,2.26,0.1,0.0,-0.1
2026-03-18,190650,,2.28,0.2,0.0,-0.1
2026-03-19,190650,,2.3,-0.2,,0.2
2026-03-20,190650,,2.26,0.6,,-0.6
2026-03-23,190650,,2.37,-0.1,,0.1
2026-03-24,190650,,2.35,1.1,-0.0,-1.1
2026-03-25,190650,,2.56,0.3,,-0.3
2026-03-26,190650,,2.63,-0.3,,0.3
2026-03-27,190650,,2.57,0.1,,-0.1
2026-03-30,190650,,2.59,-0.0,,0.0
2026-03-31,190650,7840.0,2.58,-0.2,,0.1
2026-04-01,190650,,2.54,0.0,,0.1
2026-04-02,190650,,2.55,-0.4,,0.4
2026-04-03,190650,,2.47,0.0,,-0.0
2026-04-06,190650,,2.47,-0.1,,0.1
2026-04-07,190650,,2.45,0.3,,-0.3
2026-04-08,190650,,2.5,0.4,,-0.4
2026-04-09,190650,,2.58,-0.4,,0.4
2026-04-10,190650,,2.51,0.1,,-0.2
2026-04-13,190650,,2.54,0.3,,-0.3
2026-04-14,190650,,2.59,0.5,,-0.5
2026-04-15,190650,,2.69,0.2,,-0.3
2026-04-16,190650,,2.72,-0.3,,0.3
2026-04-17,190650,,2.67,0.0,,-0.1
2026-04-20,190650,,2.67,-0.5,,0.5
2026-04-21,190650,,2.59,-0.4,,0.4
2026-04-22,190650,,2.52,-0.1,,0.1
2026-04-23,190650,,2.36,-0.0,,0.0
2026-04-24,190650,,2.36,0.2,,-0.3
2026-04-27,190650,,2.39,-0.3,,0.2
2026-04-28,190650,,2.34,-0.1,,0.2
2026-04-29,190650,,2.18,-0.1,,0.2
2026-04-30,190650,8710.0,2.15,-0.1,,0.2
2026-05-04,190650,,2.13,0.2,,-0.1
2026-05-06,190650,,2.16,1.3,,-1.3
2026-05-07,190650,,2.38,-0.7,0.0,0.6
2026-05-08,190650,,2.26,-0.2,-0.0,0.2
2026-05-11,190650,,2.23,-1.7,0.0,1.9
2026-05-12,190650,,1.93,-0.1,0.0,-0.0
2026-05-13,190650,,1.94,-0.2,0.0,0.2
2026-05-14,190650,,1.9,0.1,-0.0,-0.1
2026-05-15,190650,,1.91,0.0,0.0,-0.0
2026-05-18,190650,,1.92,0.1,0.0,-0.2
2026-05-19,190650,,1.95,-0.2,-0.0,0.2
2026-05-20,190650,,1.91,0.0,-0.0,-0.0
2026-05-21,190650,,1.94,-0.0,0.0,-0.0
2026-05-22,190650,,1.94,0.0,-0.0,-0.1
2026-05-26,190650,,1.95,-0.2,,0.3
2026-05-27,190650,,1.9,-0.1,-0.0,0.1
2026-05-28,190650,,1.89,-0.1,-0.0,0.1
2026-05-29,190650,7500.0,1.87,-0.2,-0.0,0.2
2026-06-01,190650,,1.82,-0.2,-0.0,0.2
2026-06-02,190650,,1.78,0.1,-0.0,-0.1
2026-06-04,190650,,1.8,-0.1,-0.0,0.1
2026-06-05,190650,,1.79,-0.2,,0.2
2026-06-08,190650,,1.75,0.0,0.0,-0.0
2026-06-09,190650,,1.75,0.3,-0.0,-0.3
2026-06-10,190650,,1.81,-0.0,0.0,0.0
2026-06-11,190650,,1.81,0.2,-0.0,-0.2
2026-06-12,190650,,1.84,-0.1,-0.0,0.0
2026-06-15,190650,,1.83,-0.3,0.0,0.3
2026-06-16,190650,,1.77,0.1,0.0,-0.3
2026-06-17,190650,,1.8,-0.2,-0.2,0.5
2026-06-18,190650,,1.75,-0.2,0.0,0.2
2026-06-19,190650,,1.72,-0.0,0.0,0.0
2026-06-22,190650,,1.71,-0.2,-0.0,-0.6
2026-06-23,190650,,1.67,-0.3,-0.0,-0.2
2026-06-24,190650,,1.61,-0.1,0.0,0.1
2026-06-25,190650,,1.59,-0.1,-0.0,0.1
2026-06-26,190650,,1.57,-0.1,-0.0,0.0
2026-06-29,190650,,1.54,0.3,0.0,-0.3
2026-06-30,190650,7650.0,1.61,-0.1,0.0,0.1
2026-07-01,190650,,1.58,0.3,-0.0,-0.3
2026-07-02,190650,,1.65,-0.6,0.0,0.7
2026-07-03,190650,,1.53,-0.1,-0.0,0.1
2026-07-06,190650,,1.45,-0.1,-0.0,0.1
2026-07-07,190650,,1.45,-0.2,0.0,0.2
2026-07-08,190650,,1.42,0.1,,-0.3
2026-07-09,190650,,1.44,-0.1,,0.1
2026-07-10,190650,,1.42,0.2,0.0,-0.2
2026-07-13,190650,6690.0,1.47,-0.1,0.0,0.1
2025-07-14,191410,,2.2,-0.1,-0.0,0.0
2025-07-15,191410,,2.16,-0.4,-0.0,0.3
2025-07-16,191410,,1.98,-0.1,,0.1
2025-07-17,191410,,1.92,0.1,-0.0,0.1
2025-07-18,191410,,1.96,0.0,-0.1,0.1
2025-07-21,191410,,1.98,-0.2,-0.1,0.2
2025-07-22,191410,,1.9,-0.1,,0.1
2025-07-23,191410,,1.85,-0.1,,-0.0
2025-07-24,191410,,1.8,-0.1,,0.1
2025-07-25,191410,,1.73,-1.1,,1.1
2025-07-28,191410,,1.22,-0.1,,0.1
2025-07-29,191410,,1.14,-0.0,,-0.1
2025-07-30,191410,,1.13,0.0,,-0.1
2025-07-31,191410,,1.14,0.1,,-0.1
2025-08-01,191410,,1.17,0.0,,0.2
2025-08-04,191410,,1.19,0.0,,-0.1
2025-08-05,191410,,1.21,0.1,,-0.1
2025-08-06,191410,,1.28,0.0,,-0.0
2025-08-07,191410,,1.3,-0.0,,0.0
2025-08-08,191410,,1.29,-0.0,,0.0
2025-08-11,191410,,1.29,-0.0,,-0.0
2025-08-12,191410,,1.29,0.1,,-0.1
2025-08-13,191410,,1.35,-0.3,,0.2
2025-08-14,191410,,1.21,0.0,,-0.0
2025-08-18,191410,,1.22,-0.1,,-0.0
2025-08-19,191410,,1.21,0.1,,-0.2
2025-08-20,191410,,1.24,-0.1,,0.0
2025-08-21,191410,,1.21,-0.0,,-0.0
2025-08-22,191410,,1.21,0.1,,-0.1
2025-08-25,191410,,1.29,-0.0,,0.0
2025-08-26,191410,,1.27,-0.0,,0.0
2025-08-27,191410,,1.26,-0.0,,0.0
2025-08-28,191410,,1.25,-0.0,,-0.0
2025-08-29,191410,1605.0,1.25,-0.0,,-0.0
2025-09-01,191410,,1.25,-0.0,,-0.0
2025-09-02,191410,,1.23,0.0,,-0.1
2025-09-03,191410,,1.24,-0.0,,0.0
2025-09-04,191410,,1.23,-0.0,,-0.2
2025-09-05,191410,,1.23,-0.0,,0.0
2025-09-08,191410,,1.23,-0.0,,0.0
2025-09-09,191410,,1.22,-0.0,,0.0
2025-09-10,191410,,1.2,-0.0,,0.3
2025-09-11,191410,,1.19,-0.0,,-0.0
2025-09-12,191410,,1.18,0.0,,-0.1
2025-09-15,191410,,1.19,-0.0,,0.3
2025-09-16,191410,,1.16,-0.0,,0.1
2025-09-17,191410,,1.14,-0.0,,0.1
2025-09-18,191410,,1.12,-0.1,,0.0
2025-09-19,191410,,1.08,-0.1,,0.1
2025-09-22,191410,,1.05,-0.1,,0.1
2025-09-23,191410,,1.01,-0.1,,0.1
2025-09-24,191410,,0.98,-0.2,,0.2
2025-09-25,191410,,0.9,-0.1,,0.1
2025-09-26,191410,,0.85,-0.0,,0.1
2025-09-29,191410,,0.78,-0.0,,0.0
2025-09-30,191410,1605.0,0.75,-0.0,,0.0
2025-10-01,191410,,0.73,-0.0,,0.0
2025-10-02,191410,,0.72,-0.0,,-0.1
2025-10-10,191410,,0.69,-0.1,-0.1,0.5
2025-10-13,191410,,0.65,-0.1,,-0.2
2025-10-14,191410,,0.61,-0.1,,0.1
2025-10-15,191410,,0.58,-0.0,,-0.0
2025-10-16,191410,,0.57,0.0,,-0.0
2025-10-17,191410,,0.58,-0.1,,0.0
2025-10-20,191410,,0.55,-0.1,,0.0
2025-10-21,191410,,0.52,-0.0,,0.1
2025-10-22,191410,,0.49,-0.0,,0.0
2025-10-23,191410,,0.47,-0.0,,-0.0
2025-10-24,191410,,0.45,-0.0,,-0.0
2025-10-27,191410,,0.43,-0.1,,-0.1
2025-10-28,191410,,0.39,-0.1,,0.1
2025-10-29,191410,,0.35,-0.0,,0.0
2025-10-30,191410,,0.34,-0.0,,0.1
2025-10-31,191410,1482.0,0.32,-0.0,,-0.1
2025-11-03,191410,,0.31,-0.0,,-0.0
2025-11-04,191410,,0.29,-0.0,,-0.1
2025-11-05,191410,,0.29,0.2,,-0.1
2025-11-06,191410,,0.38,0.0,,-0.0
2025-11-07,191410,,0.39,0.0,,-0.0
2025-11-10,191410,,0.41,-0.0,,0.1
2025-11-11,191410,,0.41,-0.3,-0.1,1.0
2025-11-12,191410,,0.28,0.1,,-0.1
2025-11-13,191410,,0.33,0.1,0.0,-0.1
2025-11-14,191410,,0.39,0.0,,-0.0
2025-11-17,191410,,0.42,0.2,0.0,-0.1
2025-11-18,191410,,0.53,0.3,-0.1,-0.1
2025-11-19,191410,,0.79,-0.2,0.0,0.2
2025-11-20,191410,,0.67,0.1,,-0.1
2025-11-21,191410,,0.73,-0.2,-0.0,0.4
2025-11-24,191410,,0.64,-0.8,0.0,0.7
2025-11-25,191410,,0.33,0.1,-0.0,0.3
2025-11-26,191410,,0.4,0.3,0.0,-0.2
2025-11-27,191410,,0.58,0.6,,-0.6
2025-11-28,191410,1634.0,0.95,-0.4,0.0,0.3
2025-12-01,191410,,0.75,0.2,,-0.3
2025-12-02,191410,,0.92,-0.0,0.0,0.1
2025-12-03,191410,,0.92,0.1,,-0.1
2025-12-04,191410,,0.95,0.0,,-0.0
2025-12-05,191410,,0.95,-0.1,,0.1
2025-12-08,191410,,0.86,-0.0,,-0.1
2025-12-09,191410,,0.84,0.7,,-0.7
2025-12-10,191410,,1.22,-0.3,0.0,0.2
2025-12-11,191410,,1.07,-0.2,0.4,-3.1
2025-12-12,191410,,1.19,0.8,,-1.5
2025-12-15,191410,,1.57,-1.6,,1.2
2025-12-16,191410,,0.99,0.1,-0.6,9.0
2025-12-17,191410,,1.22,-2.1,1.1,1.4
2025-12-18,191410,,0.67,-0.3,,0.3
2025-12-19,191410,,0.59,-0.7,,0.7
2025-12-22,191410,,0.38,0.7,0.0,-0.7
2025-12-23,191410,,0.61,0.5,-0.0,-0.5
2025-12-24,191410,,1.06,-0.5,,0.6
2025-12-26,191410,,0.89,-0.4,,0.4
2025-12-29,191410,,0.76,0.6,,-0.8
2025-12-30,191410,3000.0,0.96,-0.4,,0.3
2026-01-02,191410,,0.84,0.7,,-0.3
2026-01-05,191410,,1.05,2.2,,-2.1
2026-01-06,191410,,1.7,-3.0,,3.0
2026-01-07,191410,,0.8,0.1,,-0.1
2026-01-08,191410,,0.82,-1.0,0.0,0.8
2026-01-09,191410,,0.52,0.2,-0.0,-0.1
2026-01-12,191410,,0.59,-0.2,0.0,0.2
2026-01-13,191410,,0.54,-0.3,0.0,0.3
2026-01-14,191410,,0.43,0.7,0.0,-0.7
2026-01-15,191410,,0.68,0.7,0.0,-0.7
2026-01-16,191410,,0.91,0.4,0.0,-0.7
2026-01-19,191410,,1.05,1.8,-0.0,-1.9
2026-01-20,191410,,1.59,-0.6,-0.0,1.0
2026-01-21,191410,,1.41,0.5,0.0,-0.4
2026-01-22,191410,,1.55,-0.3,-0.0,0.3
2026-01-23,191410,,1.46,-0.8,0.0,0.8
2026-01-26,191410,,1.21,0.8,0.0,-0.9
2026-01-27,191410,,1.47,-0.5,-0.0,0.5
2026-01-28,191410,,1.31,-2.2,-0.0,1.4
2026-01-29,191410,,0.7,2.0,0.1,-1.4
2026-01-30,191410,3900.0,1.31,-0.5,-0.0,0.7
2026-02-02,191410,,1.1,-1.9,-0.0,6.5
2026-02-03,191410,,0.87,0.1,,-0.2
2026-02-04,191410,,0.98,-2.4,0.0,2.3
2026-02-05,191410,,0.46,0.5,-0.0,-0.2
2026-02-06,191410,,0.57,1.3,0.0,-1.2
2026-02-09,191410,,0.91,0.7,-0.0,-0.8
2026-02-10,191410,,1.05,-0.3,0.0,0.3
2026-02-11,191410,,0.97,0.7,-0.0,-0.7
2026-02-12,191410,,1.35,2.1,0.0,-2.2
2026-02-13,191410,,1.97,-0.2,0.0,0.1
2026-02-19,191410,,1.96,-1.5,0.0,1.4
2026-02-20,191410,,1.57,1.4,-0.0,-1.3
2026-02-23,191410,,2.03,-0.4,-0.0,-0.2
2026-02-24,191410,,2.06,-0.7,0.0,0.5
2026-02-25,191410,,1.69,-0.2,-0.0,0.9
2026-02-26,191410,,1.68,0.1,0.0,-0.1
2026-02-27,191410,3075.0,1.74,-2.0,0.0,2.0
2026-03-03,191410,,1.19,3.2,1.0,-4.2
2026-03-04,191410,,2.12,1.4,-0.8,-0.6
2026-03-05,191410,,2.64,2.1,-0.0,-2.1
2026-03-06,191410,,3.31,-1.1,0.0,1.1
2026-03-09,191410,,3.0,0.6,0.0,-0.7
2026-03-10,191410,,3.21,0.4,-0.0,-0.4
2026-03-11,191410,,3.34,-3.2,-0.0,3.3
2026-03-12,191410,,2.44,1.3,0.0,-1.3
2026-03-13,191410,,2.86,0.1,-0.0,-0.1
2026-03-16,191410,,2.89,1.5,-0.0,-1.5
2026-03-17,191410,,3.44,0.3,0.0,-0.3
2026-03-18,191410,,3.54,0.3,0.4,-0.7
2026-03-19,191410,,3.64,0.0,0.0,-0.0
2026-03-20,191410,,3.68,0.4,-0.0,-0.4
2026-03-23,191410,,3.81,0.3,0.0,-0.3
2026-03-24,191410,,3.92,0.8,-0.0,-0.8
2026-03-25,191410,,4.16,-0.7,0.0,0.7
2026-03-26,191410,,3.91,-0.2,-0.0,0.2
2026-03-27,191410,,3.85,0.4,0.0,-0.4
2026-03-30,191410,,4.0,1.0,-0.0,-1.0
2026-03-31,191410,2300.0,4.37,0.5,0.0,-0.5
2026-04-01,191410,,4.58,0.1,-0.0,-0.0
2026-04-02,191410,,4.61,-0.4,-0.1,0.5
2026-04-03,191410,,4.45,0.6,0.0,-0.6
2026-04-06,191410,,4.67,-0.0,0.0,0.0
2026-04-07,191410,,4.66,-0.1,0.0,0.1
2026-04-08,191410,,4.61,0.6,0.0,-0.6
2026-04-09,191410,,4.84,-0.2,0.0,0.2
2026-04-10,191410,,4.77,-8.9,-0.2,9.1
2026-04-13,191410,,1.98,0.0,0.0,-0.2
2026-04-14,191410,,2.01,0.3,-0.0,-0.4
2026-04-15,191410,,2.16,0.5,0.0,-0.5
2026-04-16,191410,,2.41,-1.0,-0.0,1.1
2026-04-17,191410,,2.13,-0.0,0.0,-0.0
2026-04-20,191410,,2.13,0.9,0.0,-1.2
2026-04-21,191410,,2.42,-1.3,-0.0,1.4
2026-04-22,191410,,2.03,-0.6,-0.0,0.6
2026-04-23,191410,,1.85,0.2,-0.0,-0.2
2026-04-24,191410,,1.9,0.3,0.0,-0.6
2026-04-27,191410,,2.26,-0.3,-0.0,0.6
2026-04-28,191410,,2.19,-0.4,-0.0,0.6
2026-04-29,191410,,2.03,-0.1,-0.0,0.0
2026-04-30,191410,2735.0,2.02,-0.2,-0.0,0.2
2026-05-04,191410,,1.95,0.1,0.0,-0.2
2026-05-06,191410,,1.99,0.2,-0.0,-0.2
2026-05-07,191410,,2.05,1.7,0.0,-1.8
2026-05-08,191410,,2.66,-0.2,0.0,0.1
2026-05-11,191410,,2.61,0.6,0.0,-0.6
2026-05-12,191410,,2.84,0.6,0.0,-0.6
2026-05-13,191410,,3.0,0.9,0.0,-1.0
2026-05-14,191410,,3.38,0.1,-0.0,-0.1
2026-05-15,191410,,3.43,0.1,0.0,-0.1
2026-05-18,191410,,3.29,-0.1,-0.0,0.2
2026-05-19,191410,,3.22,2.1,0.0,-2.1
2026-05-20,191410,,4.11,0.5,-0.0,-0.4
2026-05-21,191410,,4.33,-0.6,0.0,0.5
2026-05-22,191410,,4.05,0.2,-0.0,-0.2
2026-05-26,191410,,4.14,-0.1,0.0,0.2
2026-05-27,191410,,4.09,0.8,0.0,-0.9
2026-05-28,191410,,4.5,0.8,0.0,-0.9
2026-05-29,191410,1669.0,4.93,0.1,-0.0,-0.3
2026-06-01,191410,,5.0,-0.2,-0.0,0.1
2026-06-02,191410,,4.91,0.7,0.0,-0.8
2026-06-04,191410,,5.3,1.1,-0.0,-1.8
2026-06-05,191410,,6.08,0.5,-0.0,-0.5
2026-06-08,191410,,6.44,0.1,0.0,-0.2
2026-06-09,191410,,6.54,-0.6,0.0,0.6
2026-06-10,191410,,6.0,0.2,0.0,-0.2
2026-06-11,191410,,6.13,-0.3,0.0,0.2
2026-06-12,191410,,5.93,0.3,-0.0,-0.5
2026-06-15,191410,,6.17,-0.6,-0.0,0.6
2026-06-16,191410,,5.76,0.2,0.0,-0.2
2026-06-17,191410,,5.74,0.1,0.0,-0.1
2026-06-18,191410,,5.89,0.1,-0.0,-0.1
2026-06-19,191410,,6.02,0.1,0.0,-0.1
2026-06-22,191410,,6.12,0.1,-0.0,-0.0
2026-06-23,191410,,6.16,0.1,0.0,-0.2
2026-06-24,191410,,6.29,0.6,-0.0,-0.6
2026-06-25,191410,,6.81,-0.0,-0.0,0.0
2026-06-26,191410,,6.77,-0.0,-0.0,0.0
2026-06-29,191410,,6.74,0.1,0.0,-0.1
2026-06-30,191410,1197.0,6.8,0.5,-0.0,-0.5
2026-07-01,191410,,7.16,0.0,-0.0,-0.2
2026-07-02,191410,,7.18,-0.6,0.0,0.4
2026-07-03,191410,,6.81,-0.6,-0.0,0.6
2026-07-06,191410,,6.43,0.1,0.0,-0.1
2026-07-07,191410,,6.5,0.1,-0.1,-0.1
2026-07-08,191410,,6.57,-0.2,0.0,0.2
2026-07-09,191410,,6.38,-0.1,0.0,0.1
2026-07-10,191410,,6.29,-0.1,-0.0,0.1
2026-07-13,191410,1588.0,6.26,-0.4,-0.0,-0.9
2025-07-14,191420,,0.79,2.2,0.0,-3.1
2025-07-15,191420,,0.94,-0.2,,0.1
2025-07-16,191420,,0.92,1.2,-0.0,-2.4
2025-07-17,191420,,1.0,0.0,,-0.1
2025-07-18,191420,,1.0,-0.1,0.0,0.0
2025-07-21,191420,,0.96,-0.2,0.0,0.2
2025-07-22,191420,,0.95,-0.3,0.0,0.3
2025-07-23,191420,,0.94,-0.2,0.0,0.2
2025-07-24,191420,,0.93,-0.3,,0.3
2025-07-25,191420,,0.9,-0.1,,0.1
2025-07-28,191420,,0.9,-0.2,,0.1
2025-07-29,191420,,0.88,-0.2,0.0,-0.1
2025-07-30,191420,,0.87,-0.0,,0.0
2025-07-31,191420,,0.87,-0.1,,0.1
2025-08-01,191420,,0.85,-0.0,,-0.1
2025-08-04,191420,,0.85,0.9,,-1.0
2025-08-05,191420,,0.92,-0.1,,0.2
2025-08-06,191420,,0.91,-0.0,,0.0
2025-08-07,191420,,0.91,-0.2,,0.2
2025-08-08,191420,,0.89,0.1,,-0.1
2025-08-11,191420,,0.9,-0.2,,0.2
2025-08-12,191420,,0.89,0.2,,-0.2
2025-08-13,191420,,0.9,0.0,,-0.0
2025-08-14,191420,,0.9,-0.0,,-0.3
2025-08-18,191420,,0.9,-0.2,,0.2
2025-08-19,191420,,0.89,0.2,,-1.0
2025-08-20,191420,,0.9,0.2,,-0.3
2025-08-21,191420,,0.91,-0.0,,-0.1
2025-08-22,191420,,0.91,-0.2,,0.2
2025-08-25,191420,,0.9,-0.1,0.0,0.1
2025-08-26,191420,,0.89,-0.0,,0.0
2025-08-27,191420,,0.89,0.4,-0.1,-0.4
2025-08-28,191420,,0.92,0.2,,-0.2
2025-08-29,191420,18420.0,0.93,-0.6,-0.0,0.7
2025-09-01,191420,,0.89,0.1,,-0.1
2025-09-02,191420,,0.89,-0.1,,0.1
2025-09-03,191420,,0.89,-0.1,0.0,0.1
2025-09-04,191420,,0.88,0.2,0.0,-0.2
2025-09-05,191420,,0.89,0.5,,-0.3
2025-09-08,191420,,0.92,1.1,0.0,-1.1
2025-09-09,191420,,1.0,-1.7,,1.7
2025-09-10,191420,,0.88,-1.0,,-0.5
2025-09-11,191420,,0.8,0.2,,-0.6
2025-09-12,191420,,0.82,2.1,,-2.6
2025-09-15,191420,,0.97,1.5,0.0,-1.8
2025-09-16,191420,,1.07,1.3,,-1.4
2025-09-17,191420,,1.16,-0.3,-0.0,0.3
2025-09-18,191420,,1.14,0.4,,-0.4
2025-09-19,191420,,1.17,0.4,0.0,-0.4
2025-09-22,191420,,1.2,0.2,0.0,-0.2
2025-09-23,191420,,1.21,-0.3,,0.2
2025-09-24,191420,,1.19,-0.2,-0.0,0.2
2025-09-25,191420,,1.05,-0.1,,0.1
2025-09-26,191420,,1.04,-0.5,-0.0,0.5
2025-09-29,191420,,1.01,-0.2,0.0,0.3
2025-09-30,191420,17550.0,0.99,-0.1,,0.1
2025-10-01,191420,,0.99,0.3,0.0,-0.3
2025-10-02,191420,,1.01,-0.0,-0.0,0.0
2025-10-10,191420,,1.01,-0.1,0.0,0.1
2025-10-13,191420,,1.0,0.1,0.0,-0.1
2025-10-14,191420,,1.0,-0.0,,0.1
2025-10-15,191420,,1.0,0.1,,-0.1
2025-10-16,191420,,1.01,-0.2,,0.2
2025-10-17,191420,,1.0,-0.3,-0.1,0.3
2025-10-20,191420,,0.98,-0.2,0.1,0.2
2025-10-21,191420,,0.96,-0.1,0.1,0.0
2025-10-22,191420,,0.95,-0.1,0.0,0.1
2025-10-23,191420,,0.94,-0.0,0.0,-0.4
2025-10-24,191420,,0.94,0.8,-0.0,-2.3
2025-10-27,191420,,1.0,-0.1,-0.0,0.1
2025-10-28,191420,,0.99,0.4,,-0.4
2025-10-29,191420,,1.02,-0.7,-0.0,0.7
2025-10-30,191420,,0.97,-0.4,-0.1,0.5
2025-10-31,191420,17750.0,0.95,0.2,-0.1,-0.1
2025-11-03,191420,,0.96,-0.3,-0.2,0.5
2025-11-04,191420,,0.94,0.2,-0.1,-0.1
2025-11-05,191420,,0.96,-0.3,,0.3
2025-11-06,191420,,0.94,-0.2,,0.1
2025-11-07,191420,,0.86,-0.4,0.0,0.4
2025-11-10,191420,,0.83,0.8,-0.8,-0.0
2025-11-11,191420,,0.89,0.2,,-0.2
2025-11-12,191420,,0.9,-0.9,1.8,-0.9
2025-11-13,191420,,0.84,0.1,,-0.1
2025-11-14,191420,,0.84,0.0,,-0.0
2025-11-17,191420,,0.84,-0.0,,0.0
2025-11-18,191420,,0.84,-0.4,1.4,-1.0
2025-11-19,191420,,0.81,-0.5,,0.5
2025-11-20,191420,,0.77,0.7,1.5,-2.2
2025-11-21,191420,,0.82,-0.5,,0.5
2025-11-24,191420,,0.79,0.2,0.1,-0.1
2025-11-25,191420,,0.8,-0.7,,1.4
2025-11-26,191420,,0.75,1.1,,1.9
2025-11-27,191420,,0.84,-0.2,,-0.3
2025-11-28,191420,15850.0,0.82,3.0,,2.5
2025-12-01,191420,,1.06,1.0,0.1,0.4
2025-12-02,191420,,1.14,1.7,-0.0,-3.7
2025-12-03,191420,,1.27,1.4,1.0,-2.7
2025-12-04,191420,,1.37,-0.3,0.0,0.3
2025-12-05,191420,,1.35,0.4,-1.8,1.1
2025-12-08,191420,,1.38,-0.1,-2.2,2.7
2025-12-09,191420,,1.37,-0.7,-0.1,3.3
2025-12-10,191420,,1.32,2.1,0.5,0.4
2025-12-11,191420,,1.48,0.5,0.3,2.1
2025-12-12,191420,,1.52,0.1,0.2,0.5
2025-12-15,191420,,1.53,-0.5,0.1,2.2
2025-12-16,191420,,1.49,-0.4,0.3,-0.5
2025-12-17,191420,,1.61,0.7,0.2,2.3
2025-12-18,191420,,1.66,-0.4,0.5,-0.3
2025-12-19,191420,,1.63,0.5,-0.0,-1.0
2025-12-22,191420,,1.67,0.1,0.0,-0.8
2025-12-23,191420,,1.68,-0.7,,0.6
2025-12-24,191420,,1.62,1.3,0.2,2.8
2025-12-26,191420,,1.72,0.5,-0.0,-0.3
2025-12-29,191420,,1.76,-0.1,0.0,0.1
2025-12-30,191420,16300.0,1.75,-0.3,0.3,0.0
2026-01-02,191420,,1.72,-0.8,0.1,0.8
2026-01-05,191420,,1.66,-0.4,-0.0,0.4
2026-01-06,191420,,1.68,-2.0,0.1,2.0
2026-01-07,191420,,1.54,-0.6,0.0,0.6
2026-01-08,191420,,1.5,-0.6,0.0,0.5
2026-01-09,191420,,1.45,-0.2,-0.0,0.3
2026-01-12,191420,,1.43,-1.1,0.0,1.0
2026-01-13,191420,,1.34,-0.3,0.1,0.3
2026-01-14,191420,,1.32,0.3,0.0,-0.4
2026-01-15,191420,,1.35,0.2,-0.1,-0.2
2026-01-16,191420,,1.37,-0.1,-0.1,0.3
2026-01-19,191420,,1.36,-0.2,-0.1,0.2
2026-01-20,191420,,1.34,0.4,-0.3,-0.2
2026-01-21,191420,,1.38,-1.0,0.3,0.7
2026-01-22,191420,,1.29,-0.0,-0.1,-0.1
2026-01-23,191420,,1.29,-0.4,-0.0,0.1
2026-01-26,191420,,1.25,0.0,-0.0,-0.2
2026-01-27,191420,,1.25,0.1,-0.0,-0.9
2026-01-28,191420,,1.26,-0.1,-0.0,-0.2
2026-01-29,191420,,1.25,-0.1,0.1,-0.3
2026-01-30,191420,14810.0,1.25,-0.2,0.0,0.0
2026-02-02,191420,,1.23,-0.1,0.1,-0.3
2026-02-03,191420,,1.22,-0.6,0.2,-0.0
2026-02-04,191420,,1.17,0.2,0.1,-0.2
2026-02-05,191420,,1.18,0.1,0.0,-0.3
2026-02-06,191420,,1.19,1.0,0.1,-1.6
2026-02-09,191420,,1.27,1.1,-0.0,-1.2
2026-02-10,191420,,1.37,0.2,-0.0,-0.3
2026-02-11,191420,,1.39,-0.1,0.1,0.0
2026-02-12,191420,,1.38,0.2,,-0.2
2026-02-13,191420,,1.4,-0.2,0.0,-0.2
2026-02-19,191420,,1.38,-0.4,,0.4
2026-02-20,191420,,1.34,-0.4,0.0,-0.0
2026-02-23,191420,,1.36,-1.1,0.3,0.8
2026-02-24,191420,,1.27,0.1,0.0,-0.2
2026-02-25,191420,,1.13,0.6,,-0.6
2026-02-26,191420,,1.18,1.6,0.2,-2.3
2026-02-27,191420,13000.0,1.33,-0.5,0.3,0.1
2026-03-03,191420,,1.28,0.3,0.1,-0.4
2026-03-04,191420,,1.31,0.4,0.1,-0.5
2026-03-05,191420,,1.35,0.0,0.1,-0.1
2026-03-06,191420,,1.35,0.2,0.1,-0.3
2026-03-09,191420,,1.37,1.7,-0.4,-1.4
2026-03-10,191420,,1.55,-0.1,-0.0,-0.3
2026-03-11,191420,,1.57,0.2,-0.0,-0.6
2026-03-12,191420,,1.59,0.3,-0.0,-0.3
2026-03-13,191420,,1.62,0.3,-0.4,-1.5
2026-03-16,191420,,1.64,-1.2,-0.0,1.2
2026-03-17,191420,,1.53,-0.1,,-0.0
2026-03-18,191420,,1.52,-0.1,,-0.3
2026-03-19,191420,,1.49,-0.1,-0.0,-0.0
2026-03-20,191420,,1.48,0.0,,-0.4
2026-03-23,191420,,1.48,-0.3,-0.0,0.0
2026-03-24,191420,,1.45,-0.1,,-0.1
2026-03-25,191420,,1.5,-0.0,,0.0
2026-03-26,191420,,1.53,0.1,,-0.1
2026-03-27,191420,,1.55,0.0,,-0.4
2026-03-30,191420,,1.56,0.0,,-0.0
2026-03-31,191420,12510.0,1.56,-0.1,,-0.1
2026-04-01,191420,,1.55,0.1,,-0.1
2026-04-02,191420,,1.56,-0.1,,0.1
2026-04-03,191420,,1.55,-0.0,,0.0
2026-04-06,191420,,1.55,-0.1,,0.0
2026-04-07,191420,,1.54,-0.0,,0.0
2026-04-08,191420,,1.53,-0.1,0.0,0.0
2026-04-09,191420,,1.53,-0.1,,0.1
2026-04-10,191420,,1.52,0.0,,-0.0
2026-04-13,191420,,1.52,0.1,-0.0,-0.5
2026-04-14,191420,,1.53,0.1,,-0.1
2026-04-15,191420,,1.54,0.4,,-0.5
2026-04-16,191420,,1.58,-0.0,-0.0,0.0
2026-04-17,191420,,1.57,-0.0,0.0,0.0
2026-04-20,191420,,1.57,-0.0,,0.0
2026-04-21,191420,,1.56,-0.3,,0.3
2026-04-22,191420,,1.54,0.1,,-0.1
2026-04-23,191420,,1.5,-0.1,,0.1
2026-04-24,191420,,1.49,0.2,0.0,-0.2
2026-04-27,191420,,1.51,-0.0,,0.0
2026-04-28,191420,,1.52,0.1,,-0.1
2026-04-29,191420,,1.51,0.0,,-0.0
2026-04-30,191420,12450.0,1.51,-0.0,,-0.0
2026-05-04,191420,,1.51,-0.5,,0.3
2026-05-06,191420,,1.46,-1.3,,1.2
2026-05-07,191420,,1.33,1.6,-0.0,-1.5
2026-05-08,191420,,1.49,-0.7,0.0,0.2
2026-05-11,191420,,1.43,-0.5,-0.0,0.6
2026-05-12,191420,,1.38,-0.3,-0.0,0.3
2026-05-13,191420,,1.35,-0.3,0.0,0.3
2026-05-14,191420,,1.32,0.0,-0.0,-0.1
2026-05-15,191420,,1.32,-0.8,0.0,0.8
2026-05-18,191420,,1.24,0.2,0.0,-0.2
2026-05-19,191420,,1.26,0.3,-0.0,-0.4
2026-05-20,191420,,1.3,-0.4,0.0,0.4
2026-05-21,191420,,1.28,-0.3,0.0,0.3
2026-05-22,191420,,1.24,0.2,-0.0,-0.2
2026-05-26,191420,,1.28,-0.4,-0.0,0.3
2026-05-27,191420,,1.24,-0.2,0.0,0.1
2026-05-28,191420,,1.22,-0.3,-0.0,0.3
2026-05-29,191420,9800.0,1.16,-0.3,0.0,0.3
2026-06-01,191420,,1.11,3.4,0.0,-3.4
2026-06-02,191420,,1.59,5.0,0.0,-5.1
2026-06-04,191420,,2.31,0.2,-0.0,-0.2
2026-06-05,191420,,2.34,-0.2,0.0,0.2
2026-06-08,191420,,2.32,-0.2,-0.0,0.2
2026-06-09,191420,,2.28,0.7,-0.0,-0.7
2026-06-10,191420,,2.39,-0.2,-0.0,0.2
2026-06-11,191420,,2.36,-0.0,-0.0,0.1
2026-06-12,191420,,2.35,0.1,0.0,-0.1
2026-06-15,191420,,2.37,0.0,0.0,-0.1
2026-06-16,191420,,2.38,-0.0,-0.0,0.0
2026-06-17,191420,,2.37,0.0,0.0,-0.0
2026-06-18,191420,,2.33,-0.2,-0.0,0.3
2026-06-19,191420,,2.21,-0.4,-0.0,0.5
2026-06-22,191420,,2.14,-0.1,-0.1,0.2
2026-06-23,191420,,2.12,-0.2,-0.0,0.3
2026-06-24,191420,,2.06,0.1,-0.0,-0.0
2026-06-25,191420,,2.07,0.4,-0.8,0.3
2026-06-26,191420,,2.15,1.0,-1.2,0.2
2026-06-29,191420,,2.33,0.2,-0.0,-0.2
2026-06-30,191420,6910.0,2.36,-0.2,-0.0,0.2
2026-07-01,191420,,2.32,0.1,0.1,-0.1
2026-07-02,191420,,2.33,-0.3,-0.0,0.3
2026-07-03,191420,,2.31,-0.0,,0.0
2026-07-06,191420,,2.31,-0.1,-0.0,0.2
2026-07-07,191420,,2.29,-0.0,-0.0,0.1
2026-07-08,191420,,2.28,0.0,-0.0,-0.0
2026-07-09,191420,,2.28,-0.1,-0.0,0.1
2026-07-10,191420,,2.26,-0.3,-0.0,0.4
2026-07-13,191420,6500.0,2.2,-0.1,-0.0,0.2
2025-07-14,192080,,18.16,1.5,-2.0,0.5
2025-07-15,192080,,18.17,0.8,-0.3,-0.3
2025-07-16,192080,,18.17,0.8,1.3,-1.6
2025-07-17,192080,,18.19,3.1,0.4,-0.7
2025-07-18,192080,,18.2,-4.7,2.3,2.4
2025-07-21,192080,,18.17,2.7,2.0,-4.7
2025-07-22,192080,,18.2,-0.8,-0.1,0.9
2025-07-23,192080,,18.19,-3.5,6.9,-3.5
2025-07-24,192080,,17.97,0.1,-3.9,3.7
2025-07-25,192080,,17.95,-0.8,1.8,-2.4
2025-07-28,192080,,17.95,0.6,2.5,-2.1
2025-07-29,192080,,17.95,0.4,1.8,-2.0
2025-07-30,192080,,17.97,-1.3,3.2,-1.9
2025-07-31,192080,,17.95,4.3,-2.9,-1.4
2025-08-01,192080,,18.02,11.8,-2.9,-9.1
2025-08-04,192080,,18.16,9.7,-5.7,-4.5
2025-08-05,192080,,18.23,4.5,-0.4,-4.0
2025-08-06,192080,,18.27,4.1,-1.5,-2.8
2025-08-07,192080,,18.3,4.0,-0.4,-3.6
2025-08-08,192080,,18.34,-1.0,-0.2,0.5
2025-08-11,192080,,18.33,-11.5,1.0,10.3
2025-08-12,192080,,18.19,-1.0,4.4,-3.5
2025-08-13,192080,,18.19,-3.3,0.1,3.1
2025-08-14,192080,,18.16,-3.7,4.7,-1.6
2025-08-18,192080,,18.12,-6.5,5.9,0.6
2025-08-19,192080,,18.06,0.9,1.6,-2.4
2025-08-20,192080,,18.03,6.3,2.7,-9.0
2025-08-21,192080,,18.08,-3.4,5.1,-1.7
2025-08-22,192080,,18.05,-12.3,21.3,-8.9
2025-08-25,192080,,17.94,-9.8,5.1,4.7
2025-08-26,192080,,17.84,-3.8,1.3,2.1
2025-08-27,192080,,17.86,-2.8,3.9,-1.2
2025-08-28,192080,,17.83,-4.5,6.6,-2.2
2025-08-29,192080,52700.0,17.8,1.5,0.0,-2.0
2025-09-01,192080,,17.81,-3.8,5.2,-0.4
2025-09-02,192080,,17.78,-0.7,-3.3,3.8
2025-09-03,192080,,17.77,3.4,-3.0,-0.4
2025-09-04,192080,,17.8,-1.5,1.7,-0.1
2025-09-05,192080,,17.78,3.7,-4.7,1.0
2025-09-08,192080,,17.81,-2.3,3.7,-1.0
2025-09-09,192080,,17.8,-2.0,7.2,-5.1
2025-09-10,192080,,17.83,0.0,10.7,-10.6
2025-09-11,192080,,17.86,0.1,6.4,-6.5
2025-09-12,192080,,17.86,4.4,3.2,-5.8
2025-09-15,192080,,17.91,-0.0,0.3,-0.2
2025-09-16,192080,,17.94,-1.2,1.5,-0.1
2025-09-17,192080,,17.94,7.1,-6.1,-1.0
2025-09-18,192080,,18.0,1.2,-1.1,0.7
2025-09-19,192080,,18.02,2.3,-2.9,0.6
2025-09-22,192080,,18.03,1.0,-3.5,2.5
2025-09-23,192080,,18.05,3.5,-4.2,0.6
2025-09-24,192080,,18.09,4.5,-10.2,5.8
2025-09-25,192080,,18.16,-2.8,-0.8,3.6
2025-09-26,192080,,18.16,3.4,-3.0,-0.3
2025-09-29,192080,,18.19,3.1,-5.0,1.8
2025-09-30,192080,52000.0,18.2,1.5,-3.6,2.0
2025-10-01,192080,,18.23,8.7,-15.1,6.3
2025-10-02,192080,,18.31,-0.8,2.7,-1.9
2025-10-10,192080,,18.3,1.6,-11.1,9.5
2025-10-13,192080,,18.3,-2.1,-2.7,4.5
2025-10-14,192080,,18.28,4.0,-11.9,7.8
2025-10-15,192080,,18.3,-0.2,-4.3,4.4
2025-10-16,192080,,18.3,1.4,-2.7,0.9
2025-10-17,192080,,18.3,7.0,-13.4,6.1
2025-10-20,192080,,18.38,7.3,-13.2,5.8
2025-10-21,192080,,18.5,-4.9,-0.5,5.4
2025-10-22,192080,,18.45,-1.3,3.0,-1.8
2025-10-23,192080,,18.45,-2.8,-5.0,7.8
2025-10-24,192080,,18.44,-2.1,0.7,1.4
2025-10-27,192080,,18.41,-0.7,4.5,-4.0
2025-10-28,192080,,18.41,-0.5,1.8,-1.7
2025-10-29,192080,,18.41,-1.4,3.1,-1.7
2025-10-30,192080,,18.39,-0.7,0.8,-1.1
2025-10-31,192080,50200.0,18.31,0.3,6.5,-7.0
2025-11-03,192080,,18.33,-1.1,3.7,-3.6
2025-11-04,192080,,18.31,1.1,-0.1,-0.9
2025-11-05,192080,,18.34,-1.9,3.2,-0.5
2025-11-06,192080,,18.31,-4.4,7.0,-2.6
2025-11-07,192080,,18.25,-5.2,2.8,2.4
2025-11-10,192080,,18.19,4.9,5.1,-10.3
2025-11-11,192080,,18.2,-3.9,8.6,-5.3
2025-11-12,192080,,18.19,1.4,2.0,-3.9
2025-11-13,192080,,18.19,-1.9,0.8,1.2
2025-11-14,192080,,18.17,2.5,4.7,-7.3
2025-11-17,192080,,18.12,2.6,0.3,-2.8
2025-11-18,192080,,18.14,-1.6,1.9,-0.2
2025-11-19,192080,,18.12,-0.1,5.6,-5.5
2025-11-20,192080,,18.14,-0.4,6.4,-5.5
2025-11-21,192080,,18.12,0.8,0.2,-1.2
2025-11-24,192080,,18.14,-0.6,3.0,-1.7
2025-11-25,192080,,18.12,-0.9,0.7,-0.2
2025-11-26,192080,,18.11,2.2,3.6,-5.8
2025-11-27,192080,,18.14,0.7,1.5,-2.2
2025-11-28,192080,52700.0,18.16,-2.2,6.2,-4.0
2025-12-01,192080,,18.12,-0.5,9.3,-8.2
2025-12-02,192080,,18.14,-2.2,3.2,-1.0
2025-12-03,192080,,18.12,0.4,0.9,-1.5
2025-12-04,192080,,18.12,-2.8,-0.3,3.5
2025-12-05,192080,,18.09,-2.9,5.9,-2.9
2025-12-08,192080,,18.06,0.1,-0.2,0.1
2025-12-09,192080,,18.06,-0.3,2.0,-1.6
2025-12-10,192080,,18.06,1.4,-0.6,-0.8
2025-12-11,192080,,18.08,5.1,0.2,-3.3
2025-12-12,192080,,18.12,-3.8,1.2,1.5
2025-12-15,192080,,18.09,0.0,-0.1,-0.2
2025-12-16,192080,,18.09,-2.0,2.1,-0.1
2025-12-17,192080,,18.03,0.3,1.1,-2.4
2025-12-18,192080,,17.98,5.5,-1.4,-3.4
2025-12-19,192080,,18.05,2.1,1.2,-3.3
2025-12-22,192080,,18.06,1.0,3.8,-4.8
2025-12-23,192080,,18.08,-1.5,2.6,-1.0
2025-12-24,192080,,18.06,-0.3,-1.6,1.9
2025-12-26,192080,,18.06,-1.7,4.1,-2.2
2025-12-29,192080,,18.05,-1.6,1.3,0.3
2025-12-30,192080,53600.0,18.05,0.7,1.5,-2.2
2026-01-02,192080,,18.05,4.3,-0.8,-2.7
2026-01-05,192080,,18.09,0.1,-2.3,2.2
2026-01-06,192080,,18.14,1.9,0.6,-2.5
2026-01-07,192080,,18.17,-3.6,7.1,-1.3
2026-01-08,192080,,18.14,5.1,-0.9,-2.7
2026-01-09,192080,,18.22,-2.2,2.0,0.3
2026-01-12,192080,,18.19,3.3,-1.6,-1.7
2026-01-13,192080,,18.22,-0.3,-6.4,6.7
2026-01-14,192080,,18.22,5.4,-5.2,-0.4
2026-01-15,192080,,18.27,-4.5,0.6,3.8
2026-01-16,192080,,18.27,-3.2,-1.7,4.8
2026-01-19,192080,,18.23,3.9,-4.2,-0.0
2026-01-20,192080,,18.27,4.0,-8.5,4.4
2026-01-21,192080,,18.3,1.6,-3.1,1.4
2026-01-22,192080,,18.3,6.8,-3.1,-4.3
2026-01-23,192080,,18.38,-0.9,-0.4,-0.9
2026-01-26,192080,,18.38,8.0,-4.3,-3.4
2026-01-27,192080,,18.45,7.5,-8.1,1.1
2026-01-28,192080,,18.53,6.0,-10.5,3.7
2026-01-29,192080,,18.84,13.6,-6.1,-7.5
2026-01-30,192080,53500.0,18.98,6.6,-0.9,-5.9
2026-02-02,192080,,19.05,3.0,-7.0,1.0
2026-02-03,192080,,19.06,-6.1,5.8,-2.6
2026-02-04,192080,,19.0,0.8,5.5,-6.6
2026-02-05,192080,,18.95,5.7,-1.2,-4.5
2026-02-06,192080,,19.02,-4.8,30.8,-31.2
2026-02-09,192080,,18.98,-2.6,7.2,-5.2
2026-02-10,192080,,19.0,-6.5,7.3,-0.8
2026-02-11,192080,,18.95,-2.6,3.8,-1.2
2026-02-12,192080,,18.92,8.7,-6.7,-2.0
2026-02-13,192080,,18.98,-6.8,-2.3,9.1
2026-02-19,192080,,18.89,-2.4,2.9,-0.5
2026-02-20,192080,,18.88,-2.7,2.9,-1.1
2026-02-23,192080,,18.88,-9.8,18.8,-9.1
2026-02-24,192080,,18.8,-13.1,9.5,4.2
2026-02-25,192080,,18.69,-2.3,4.1,-1.4
2026-02-26,192080,,18.61,-16.2,9.3,5.4
2026-02-27,192080,53000.0,18.47,-6.7,-5.1,12.7
2026-03-03,192080,,18.39,6.4,2.9,-8.4
2026-03-04,192080,,18.45,-1.8,-32.0,31.3
2026-03-05,192080,,18.38,-2.4,-6.8,9.3
2026-03-06,192080,,18.36,-3.1,8.1,-4.3
2026-03-09,192080,,18.34,19.8,-3.4,-15.2
2026-03-10,192080,,18.55,-5.3,-1.8,6.1
2026-03-11,192080,,18.45,-5.2,9.3,-4.1
2026-03-12,192080,,18.44,-1.1,2.5,-1.6
2026-03-13,192080,,18.45,-0.5,2.5,-1.4
2026-03-16,192080,,18.45,-1.8,-0.6,2.5
2026-03-17,192080,,18.44,0.5,5.2,-5.5
2026-03-18,192080,,18.45,-4.8,13.4,-9.2
2026-03-19,192080,,18.44,-3.2,5.1,-1.8
2026-03-20,192080,,18.41,14.4,-10.9,-3.4
2026-03-23,192080,,18.53,-0.4,-3.4,3.0
2026-03-24,192080,,18.53,-0.7,0.2,0.9
2026-03-25,192080,,18.52,4.3,1.0,0.8
2026-03-26,192080,,18.56,-1.5,0.0,1.5
2026-03-27,192080,,18.55,-1.7,3.1,-1.4
2026-03-30,192080,,18.5,-3.3,4.7,-1.4
2026-03-31,192080,49700.0,18.47,1.1,6.4,-7.4
2026-04-01,192080,,18.47,-3.6,13.9,-10.3
2026-04-02,192080,,18.44,0.6,-4.3,3.6
2026-04-03,192080,,18.44,1.6,-2.5,0.9
2026-04-06,192080,,18.45,-2.5,-18.0,20.4
2026-04-07,192080,,18.41,3.9,-1.8,-1.8
2026-04-08,192080,,18.44,0.1,3.5,-3.6
2026-04-09,192080,,18.45,4.6,-13.2,8.6
2026-04-10,192080,,18.48,6.3,-3.8,-2.5
2026-04-13,192080,,18.55,0.8,-0.5,-0.3
2026-04-14,192080,,18.58,8.1,-1.5,-6.4
2026-04-15,192080,,18.66,7.3,-4.6,-2.2
2026-04-16,192080,,18.73,6.0,2.4,-8.3
2026-04-17,192080,,18.8,2.6,3.1,-5.5
2026-04-20,192080,,18.81,4.2,-1.1,-3.1
2026-04-21,192080,,18.84,-1.1,1.4,-0.8
2026-04-22,192080,,18.84,2.6,0.6,-2.8
2026-04-23,192080,,18.88,1.9,13.0,-18.1
2026-04-24,192080,,18.88,-10.9,37.1,-26.6
2026-04-27,192080,,18.88,-20.8,28.7,-8.3
2026-04-28,192080,,18.69,17.3,75.3,-94.8
2026-04-29,192080,,18.94,-11.6,25.8,-15.3
2026-04-30,192080,61100.0,18.83,14.9,-17.8,1.8
2026-05-04,192080,,18.94,5.2,6.0,-10.0
2026-05-06,192080,,18.98,-8.9,3.1,4.4
2026-05-07,192080,,18.91,3.4,0.7,-4.8
2026-05-08,192080,,18.91,6.9,-6.9,0.6
2026-05-11,192080,,18.95,-0.3,2.0,-2.4
2026-05-12,192080,,18.94,2.6,-4.0,0.6
2026-05-13,192080,,18.95,-12.5,6.0,6.4
2026-05-14,192080,,18.81,-1.9,9.5,-7.7
2026-05-15,192080,,18.8,30.2,-20.4,-9.8
2026-05-18,192080,,18.72,2.3,21.0,-21.6
2026-05-19,192080,,18.72,-4.7,12.7,-8.0
2026-05-20,192080,,18.69,-14.4,18.8,-4.6
2026-05-21,192080,,18.69,24.2,-8.8,-17.6
2026-05-22,192080,,18.91,19.7,21.7,-40.6
2026-05-26,192080,,19.02,3.9,-5.2,2.0
2026-05-27,192080,,19.23,28.8,-27.4,-1.3
2026-05-28,192080,,19.44,-2.8,25.2,-22.6
2026-05-29,192080,68400.0,19.41,10.2,-1.0,-9.3
2026-06-01,192080,,19.48,24.1,-16.5,-7.5
2026-06-02,192080,,19.66,-3.0,20.1,-17.3
2026-06-04,192080,,19.64,0.5,3.5,-4.1
2026-06-05,192080,,19.67,-12.4,5.2,5.4
2026-06-08,192080,,19.61,-0.7,11.8,-10.1
2026-06-09,192080,,19.61,2.4,3.6,-7.0
2026-06-10,192080,,19.66,-14.1,14.2,-1.1
2026-06-11,192080,,19.55,-59.7,71.1,-13.2
2026-06-12,192080,,19.19,11.3,-14.3,3.3
2026-06-15,192080,,19.23,20.9,-16.0,-5.1
2026-06-16,192080,,19.41,27.5,-32.5,5.1
2026-06-17,192080,,19.59,18.4,-13.6,-4.7
2026-06-18,192080,,19.77,11.9,-15.4,2.4
2026-06-19,192080,,19.83,47.5,-23.1,-22.2
2026-06-22,192080,,20.2,9.4,-9.1,0.0
2026-06-23,192080,,20.27,22.1,-16.3,-5.1
2026-06-24,192080,,20.44,8.6,-10.8,2.5
2026-06-25,192080,,20.52,10.1,-9.1,-1.2
2026-06-26,192080,,20.59,-2.0,-1.5,3.7
2026-06-29,192080,,20.58,-2.9,6.3,-3.2
2026-06-30,192080,63700.0,20.62,0.7,-0.7,-0.4
2026-07-01,192080,,20.62,16.2,-2.0,-15.9
2026-07-02,192080,,20.75,-2.0,12.6,-9.5
2026-07-03,192080,,20.77,-0.1,0.1,0.1
2026-07-06,192080,,20.77,-4.4,0.9,3.2
2026-07-07,192080,,20.75,-4.5,7.9,-3.4
2026-07-08,192080,,20.72,1.3,-0.6,-0.9
2026-07-09,192080,,20.73,-3.0,1.0,1.9
2026-07-10,192080,,20.73,11.3,-13.4,2.3
2026-07-13,192080,61100.0,20.83,1.3,2.7,-4.0
2025-07-14,192250,,1.99,-1.9,,1.8
2025-07-15,192250,,1.76,-0.2,,0.2
2025-07-16,192250,,1.73,0.1,-0.0,-0.1
2025-07-17,192250,,1.75,-5.5,,5.5
2025-07-18,192250,,1.07,1.0,,-1.0
2025-07-21,192250,,1.5,1.4,,-1.5
2025-07-22,192250,,1.69,-1.0,-0.0,1.0
2025-07-23,192250,,1.56,0.3,0.0,-0.3
2025-07-24,192250,,1.6,-0.1,,0.1
2025-07-25,192250,,1.59,-1.2,-0.0,1.3
2025-07-28,192250,,1.5,5.4,0.0,-5.4
2025-07-29,192250,,2.13,-1.3,0.0,1.1
2025-07-30,192250,,1.97,1.9,-0.0,-1.8
2025-07-31,192250,,2.21,0.1,0.0,-0.0
2025-08-01,192250,,2.22,-0.1,0.0,0.2
2025-08-04,192250,,2.21,2.4,0.0,-2.3
2025-08-05,192250,,2.51,-0.4,0.0,0.4
2025-08-06,192250,,2.38,1.4,0.0,-1.4
2025-08-07,192250,,2.51,-0.4,0.0,0.4
2025-08-08,192250,,2.46,-0.5,0.0,0.5
2025-08-11,192250,,2.39,0.8,-0.0,-0.8
2025-08-12,192250,,2.49,-0.3,0.0,0.3
2025-08-13,192250,,2.45,0.1,-0.0,-0.2
2025-08-14,192250,,2.47,0.1,0.0,0.0
2025-08-18,192250,,2.48,0.0,,-0.0
2025-08-19,192250,,2.48,-6.6,-0.0,6.8
2025-08-20,192250,,1.75,4.6,0.0,-4.9
2025-08-21,192250,,2.39,2.1,0.1,-1.7
2025-08-22,192250,,2.64,-3.5,-0.0,3.5
2025-08-25,192250,,2.23,-3.6,0.0,3.5
2025-08-26,192250,,1.84,-4.2,-0.1,4.3
2025-08-27,192250,,1.33,1.2,,-1.1
2025-08-28,192250,,1.47,0.3,-0.0,-0.3
2025-08-29,192250,10970.0,1.52,0.6,0.0,-0.6
2025-09-01,192250,,1.59,0.9,0.0,-0.9
2025-09-02,192250,,1.71,-2.7,0.0,2.8
2025-09-03,192250,,1.37,-0.3,-0.0,0.2
2025-09-04,192250,,1.41,1.8,0.0,-1.8
2025-09-05,192250,,1.62,-0.6,0.0,0.6
2025-09-08,192250,,1.56,2.1,0.0,-2.1
2025-09-09,192250,,1.81,6.1,-0.0,-6.4
2025-09-10,192250,,2.52,5.5,0.0,-6.5
2025-09-11,192250,,3.14,1.3,,-0.8
2025-09-12,192250,,3.29,-5.7,0.0,6.5
2025-09-15,192250,,2.63,-2.6,,2.6
2025-09-16,192250,,2.33,0.3,-0.0,-0.2
2025-09-17,192250,,2.36,-6.9,0.0,6.8
2025-09-18,192250,,1.55,0.0,0.0,-0.0
2025-09-19,192250,,1.56,15.1,1.1,-16.5
2025-09-22,192250,,3.24,-7.1,-0.0,7.1
2025-09-23,192250,,2.47,-1.5,0.1,1.4
2025-09-24,192250,,2.31,-10.5,-1.3,12.0
2025-09-25,192250,,1.33,0.3,0.0,0.3
2025-09-26,192250,,1.37,0.9,,-0.9
2025-09-29,192250,,1.48,0.1,1.1,-1.3
2025-09-30,192250,12650.0,1.48,-6.0,,5.9
2025-10-01,192250,,0.84,0.6,0.0,-0.7
2025-10-02,192250,,1.05,-0.5,0.0,0.4
2025-10-10,192250,,0.99,3.5,0.0,-3.5
2025-10-13,192250,,1.38,-1.2,0.0,1.0
2025-10-14,192250,,1.24,-0.3,0.0,0.1
2025-10-15,192250,,1.21,1.6,,-1.6
2025-10-16,192250,,1.39,-0.6,0.0,0.5
2025-10-17,192250,,1.33,0.8,,-0.9
2025-10-20,192250,,1.43,3.8,,-3.9
2025-10-21,192250,,1.87,0.3,0.0,-0.2
2025-10-22,192250,,1.91,0.6,0.0,-0.6
2025-10-23,192250,,1.99,-0.2,0.0,0.2
2025-10-24,192250,,1.96,-0.7,0.0,0.7
2025-10-27,192250,,1.89,1.0,0.0,-1.0
2025-10-28,192250,,2.02,-0.2,0.0,0.2
2025-10-29,192250,,1.98,0.2,0.0,-0.2
2025-10-30,192250,,2.0,-0.6,0.0,0.5
2025-10-31,192250,11470.0,1.93,0.5,,-0.6
2025-11-03,192250,,2.0,2.0,0.0,-2.2
2025-11-04,192250,,2.24,0.4,0.0,-0.4
2025-11-05,192250,,2.3,1.3,0.0,-1.4
2025-11-06,192250,,2.47,0.5,0.0,-0.6
2025-11-07,192250,,2.54,0.6,0.0,-0.6
2025-11-10,192250,,2.61,1.7,0.0,-1.7
2025-11-11,192250,,2.55,-0.4,0.0,0.4
2025-11-12,192250,,2.5,0.7,0.0,-0.7
2025-11-13,192250,,2.59,-0.1,-0.0,0.1
2025-11-14,192250,,2.57,0.7,0.0,-0.7
2025-11-17,192250,,2.66,0.1,-0.0,-0.2
2025-11-18,192250,,2.68,-0.1,,0.1
2025-11-19,192250,,2.7,0.5,,-0.5
2025-11-20,192250,,2.83,0.8,0.0,-0.8
2025-11-21,192250,,2.94,0.4,,-0.4
2025-11-24,192250,,3.0,0.5,,-0.5
2025-11-25,192250,,3.06,0.8,0.0,-0.8
2025-11-26,192250,,3.17,1.3,,-1.3
2025-11-27,192250,,3.34,-0.4,,0.4
2025-11-28,192250,10540.0,3.29,1.6,0.0,-1.6
2025-12-01,192250,,3.51,-0.0,-0.0,0.0
2025-12-02,192250,,3.5,-1.3,,1.3
2025-12-03,192250,,3.32,-1.1,,1.0
2025-12-04,192250,,3.17,-9.0,-0.0,8.9
2025-12-05,192250,,2.08,0.7,,-0.8
2025-12-08,192250,,2.18,0.9,,-0.9
2025-12-09,192250,,2.3,0.8,,-0.8
2025-12-10,192250,,2.41,0.0,0.0,-0.0
2025-12-11,192250,,2.41,0.5,,-0.5
2025-12-12,192250,,2.48,0.2,,-0.2
2025-12-15,192250,,2.5,-0.3,,0.3
2025-12-16,192250,,2.6,0.6,,-0.6
2025-12-17,192250,,2.18,-0.6,,0.6
2025-12-18,192250,,2.17,0.7,,-0.8
2025-12-19,192250,,2.19,0.6,-0.0,-0.6
2025-12-22,192250,,2.27,1.9,,-1.9
2025-12-23,192250,,2.53,-0.8,,0.8
2025-12-24,192250,,2.4,-0.7,,0.7
2025-12-26,192250,,2.32,-0.5,,0.6
2025-12-29,192250,,1.86,0.3,,-0.3
2025-12-30,192250,9890.0,1.9,0.0,,-0.0
2026-01-02,192250,,1.9,1.9,,-1.9
2026-01-05,192250,,2.16,-0.3,,0.3
2026-01-06,192250,,2.27,-1.0,,1.0
2026-01-07,192250,,2.45,-1.1,,1.0
2026-01-08,192250,,2.3,-0.1,-0.1,0.1
2026-01-09,192250,,2.28,1.1,,-1.1
2026-01-12,192250,,2.45,0.9,,-0.9
2026-01-13,192250,,2.58,-0.2,,0.2
2026-01-14,192250,,2.55,0.2,,-0.2
2026-01-15,192250,,2.58,0.3,,-0.4
2026-01-16,192250,,2.63,-0.3,,0.2
2026-01-19,192250,,2.58,0.6,,-0.7
2026-01-20,192250,,2.68,1.6,,-1.7
2026-01-21,192250,,2.92,-0.8,,0.7
2026-01-22,192250,,2.8,0.9,,-0.9
2026-01-23,192250,,2.94,-1.0,0.5,0.3
2026-01-26,192250,,2.83,2.3,,-2.4
2026-01-27,192250,,3.16,-0.8,0.1,0.7
2026-01-28,192250,,3.06,0.5,0.2,-0.5
2026-01-29,192250,,3.12,0.2,0.1,-0.3
2026-01-30,192250,10410.0,3.15,-0.7,0.2,0.5
2026-02-02,192250,,3.06,-0.7,0.2,0.5
2026-02-03,192250,,2.91,-0.3,0.1,0.2
2026-02-04,192250,,2.88,0.5,0.0,-0.5
2026-02-05,192250,,2.95,-0.8,0.1,0.8
2026-02-06,192250,,2.84,0.1,1.0,-1.2
2026-02-09,192250,,2.86,1.6,0.1,-1.7
2026-02-10,192250,,3.09,0.0,0.0,0.0
2026-02-11,192250,,3.09,0.4,0.1,-0.6
2026-02-12,192250,,3.15,-0.2,0.9,-0.7
2026-02-13,192250,,3.12,-1.0,0.9,0.1
2026-02-19,192250,,2.99,-0.3,1.0,-0.7
2026-02-20,192250,,2.94,0.4,0.4,-0.8
2026-02-23,192250,,3.0,-1.3,0.0,1.0
2026-02-24,192250,,2.61,0.0,0.0,-0.0
2026-02-25,192250,,2.61,-0.8,1.0,-0.2
2026-02-26,192250,,2.49,-0.3,1.0,-0.7
2026-02-27,192250,9850.0,2.46,-1.1,1.0,0.0
2026-03-03,192250,,2.31,-1.1,2.0,-0.8
2026-03-04,192250,,2.14,0.2,2.0,-2.9
2026-03-05,192250,,2.18,-1.8,5.5,-3.7
2026-03-06,192250,,1.93,-1.0,3.0,-2.0
2026-03-09,192250,,1.79,0.9,1.9,-2.8
2026-03-10,192250,,2.22,-2.7,1.0,1.5
2026-03-11,192250,,1.92,0.8,2.0,-2.9
2026-03-12,192250,,2.04,0.8,0.2,-0.8
2026-03-13,192250,,1.84,1.1,0.1,-1.2
2026-03-16,192250,,2.02,-0.1,0.0,0.1
2026-03-17,192250,,2.01,-0.2,0.0,0.2
2026-03-18,192250,,1.98,0.7,0.2,-1.0
2026-03-19,192250,,2.08,-0.2,-0.1,0.3
2026-03-20,192250,,2.05,0.2,-0.0,-0.2
2026-03-23,192250,,2.08,-0.3,,0.3
2026-03-24,192250,,2.04,0.6,,-0.6
2026-03-25,192250,,2.12,-0.2,,0.2
2026-03-26,192250,,2.09,-0.3,,0.3
2026-03-27,192250,,2.05,0.4,,-0.4
2026-03-30,192250,,2.11,0.5,0.1,-0.6
2026-03-31,192250,9990.0,2.19,-0.1,0.2,-0.2
2026-04-01,192250,,2.18,0.9,0.0,-1.0
2026-04-02,192250,,2.3,-0.7,0.3,0.0
2026-04-03,192250,,2.2,1.4,0.0,-1.9
2026-04-06,192250,,2.39,-0.5,0.6,-0.5
2026-04-07,192250,,2.32,-0.7,0.5,-0.1
2026-04-08,192250,,2.23,-0.2,0.1,0.1
2026-04-09,192250,,2.21,1.1,1.1,-2.8
2026-04-10,192250,,2.34,1.9,1.0,-2.9
2026-04-13,192250,,2.58,-0.5,1.1,-0.6
2026-04-14,192250,,2.52,0.8,,-0.7
2026-04-15,192250,,2.62,-1.9,0.1,1.2
2026-04-16,192250,,2.41,6.7,-2.8,-4.2
2026-04-17,192250,,3.08,-10.5,2.3,7.9
2026-04-20,192250,,2.02,-0.5,0.1,-0.3
2026-04-21,192250,,2.03,1.4,1.1,-2.1
2026-04-22,192250,,2.19,-0.4,-0.0,0.3
2026-04-23,192250,,2.15,1.4,0.0,-1.9
2026-04-24,192250,,2.31,3.5,3.3,-6.6
2026-04-27,192250,,2.69,1.7,0.1,-1.9
2026-04-28,192250,,2.87,0.2,0.1,-0.2
2026-04-29,192250,,2.9,-3.7,-0.6,4.3
2026-04-30,192250,12850.0,2.53,1.3,0.1,-1.5
2026-05-04,192250,,2.68,3.6,-0.0,-3.7
2026-05-06,192250,,3.07,3.5,-0.3,-3.9
2026-05-07,192250,,3.43,-3.2,0.0,3.9
2026-05-08,192250,,3.11,2.2,-0.0,-1.9
2026-05-11,192250,,3.35,-0.7,0.0,0.7
2026-05-12,192250,,3.3,2.5,-0.0,-2.4
2026-05-13,192250,,3.61,-4.5,-0.0,4.5
2026-05-14,192250,,3.05,2.6,0.0,-2.6
2026-05-15,192250,,3.4,3.0,0.0,-2.7
2026-05-18,192250,,3.76,1.0,0.3,-1.4
2026-05-19,192250,,3.9,-0.2,-0.4,0.5
2026-05-20,192250,,3.88,2.2,-0.0,-2.2
2026-05-21,192250,,4.17,-1.4,-0.0,1.4
2026-05-22,192250,,3.98,-0.5,0.0,0.1
2026-05-26,192250,,3.92,-1.9,-0.0,-0.0
2026-05-27,192250,,3.69,-1.2,0.0,1.3
2026-05-28,192250,,3.54,0.9,0.0,0.0
2026-05-29,192250,10180.0,3.67,0.9,-0.0,-0.3
2026-06-01,192250,,3.8,1.1,0.0,-0.7
2026-06-02,192250,,3.96,0.3,0.0,-0.3
2026-06-04,192250,,4.0,-0.0,-0.0,0.1
2026-06-05,192250,,3.99,1.3,-0.0,-1.2
2026-06-08,192250,,4.19,1.2,0.0,-1.2
2026-06-09,192250,,4.4,-0.2,-0.0,0.0
2026-06-10,192250,,4.36,-0.3,-0.0,0.1
2026-06-11,192250,,4.31,0.2,-0.0,-0.2
2026-06-12,192250,,4.35,-0.2,0.0,0.2
2026-06-15,192250,,4.31,-1.0,-0.0,1.0
2026-06-16,192250,,4.08,-0.0,0.0,0.0
2026-06-17,192250,,4.13,0.0,-0.0,0.1
2026-06-18,192250,,4.13,-1.0,0.0,1.0
2026-06-19,192250,,3.95,-0.0,0.0,0.0
2026-06-22,192250,,3.95,0.3,0.0,-0.4
2026-06-23,192250,,4.02,-0.4,-0.0,0.4
2026-06-24,192250,,3.96,0.3,0.0,-0.5
2026-06-25,192250,,4.02,-0.1,0.0,0.1
2026-06-26,192250,,4.04,0.2,-0.0,-0.2
2026-06-29,192250,,4.05,0.7,-0.0,-0.7
2026-06-30,192250,7230.0,3.93,-0.2,0.0,0.2
2026-07-01,192250,,3.89,-0.2,0.1,0.1
2026-07-02,192250,,3.85,0.1,-0.0,-0.2
2026-07-03,192250,,3.93,-0.3,0.0,0.3
2026-07-06,192250,,4.04,0.0,,-0.0
2026-07-07,192250,,4.04,0.1,0.0,-0.1
2026-07-08,192250,,4.06,2.2,0.0,-2.2
2026-07-09,192250,,4.5,0.1,0.0,-0.1
2026-07-10,192250,,4.53,0.4,-0.0,-0.4
2026-07-13,192250,6950.0,4.61,-0.4,,0.4
2025-07-14,192390,,2.9,-0.0,,0.0
2025-07-15,192390,,2.9,-0.1,,0.1
2025-07-16,192390,,2.88,-0.1,,0.1
2025-07-17,192390,,2.84,0.1,,-0.1
2025-07-18,192390,,2.86,-0.1,,0.1
2025-07-21,192390,,2.84,0.3,,-0.2
2025-07-22,192390,,2.92,-0.1,,0.1
2025-07-23,192390,,2.88,0.1,,-0.1
2025-07-24,192390,,2.91,-0.1,0.0,0.1
2025-07-25,192390,,2.88,-5.4,,5.2
2025-07-28,192390,,1.41,-2.0,,2.0
2025-07-29,192390,,0.78,0.5,,-0.5
2025-07-30,192390,,1.24,-0.4,,0.4
2025-07-31,192390,,1.43,-0.1,,0.1
2025-08-01,192390,,1.42,-0.4,,0.5
2025-08-04,192390,,1.29,0.1,,-0.1
2025-08-05,192390,,1.32,0.9,,-0.9
2025-08-06,192390,,1.6,0.7,,-0.7
2025-08-07,192390,,1.85,0.1,,-0.1
2025-08-08,192390,,1.87,0.1,,-0.1
2025-08-11,192390,,1.9,0.1,,-0.1
2025-08-12,192390,,1.92,0.1,,-0.1
2025-08-13,192390,,1.97,-0.2,,0.2
2025-08-14,192390,,1.91,0.1,,-0.1
2025-08-18,192390,,1.94,-0.2,,0.2
2025-08-19,192390,,1.9,-0.1,,0.1
2025-08-20,192390,,1.84,-0.1,,0.1
2025-08-21,192390,,1.82,0.1,,-0.0
2025-08-22,192390,,1.84,0.0,,-0.0
2025-08-25,192390,,1.85,0.0,,-0.1
2025-08-26,192390,,1.86,-0.9,,1.0
2025-08-27,192390,,1.55,0.0,,0.0
2025-08-28,192390,,1.56,-0.0,,0.0
2025-08-29,192390,2625.0,1.56,-0.1,,0.1
2025-09-01,192390,,1.54,-0.0,,-0.0
2025-09-02,192390,,1.53,0.2,,-0.2
2025-09-03,192390,,1.61,0.1,,-0.1
2025-09-04,192390,,1.64,0.2,,-0.2
2025-09-05,192390,,1.71,0.2,,-0.2
2025-09-08,192390,,1.79,0.0,,-0.0
2025-09-09,192390,,1.81,0.1,,-0.1
2025-09-10,192390,,1.84,0.1,,-0.1
2025-09-11,192390,,1.87,0.0,,-0.0
2025-09-12,192390,,1.87,-0.1,,0.1
2025-09-15,192390,,1.83,-0.1,,0.1
2025-09-16,192390,,1.78,-0.0,-0.0,0.0
2025-09-17,192390,,1.77,-0.1,,0.1
2025-09-18,192390,,1.75,-0.0,,0.0
2025-09-19,192390,,1.75,-0.1,,0.1
2025-09-22,192390,,1.71,-0.0,,0.0
2025-09-23,192390,,1.7,-0.1,,0.1
2025-09-24,192390,,1.65,-0.1,,0.1
2025-09-25,192390,,1.62,0.2,,-0.2
2025-09-26,192390,,1.7,-0.0,,-0.0
2025-09-29,192390,,1.7,0.1,,-0.1
2025-09-30,192390,2405.0,1.74,-0.0,,0.0
2025-10-01,192390,,1.73,-0.2,,0.2
2025-10-02,192390,,1.66,0.2,,-0.2
2025-10-10,192390,,1.72,0.2,,-0.2
2025-10-13,192390,,1.79,0.0,,-0.0
2025-10-14,192390,,1.81,-0.1,,0.1
2025-10-15,192390,,1.79,0.3,,-0.3
2025-10-16,192390,,2.55,-0.1,,0.1
2025-10-17,192390,,1.89,-0.2,,0.2
2025-10-20,192390,,1.82,0.2,,-0.2
2025-10-21,192390,,1.9,0.1,,-0.1
2025-10-22,192390,,1.93,0.1,,-0.1
2025-10-23,192390,,1.94,0.0,,-0.0
2025-10-24,192390,,1.94,-0.0,,0.0
2025-10-27,192390,,1.94,0.1,,-0.1
2025-10-28,192390,,1.98,-0.0,,0.0
2025-10-29,192390,,1.97,0.0,,-0.0
2025-10-30,192390,,1.98,0.1,-0.0,-0.1
2025-10-31,192390,2315.0,2.0,-0.0,,0.0
2025-11-03,192390,,2.0,-0.1,,0.1
2025-11-04,192390,,1.95,0.0,,-0.0
2025-11-05,192390,,1.97,0.2,,-0.2
2025-11-06,192390,,2.07,0.1,,-0.1
2025-11-07,192390,,2.11,0.1,,-0.1
2025-11-10,192390,,2.13,0.1,,-0.1
2025-11-11,192390,,2.15,0.0,,-0.0
2025-11-12,192390,,2.16,0.1,,-0.1
2025-11-13,192390,,2.2,0.0,,-0.0
2025-11-14,192390,,2.21,-0.0,,0.0
2025-11-17,192390,,2.2,-0.1,,0.1
2025-11-18,192390,,2.16,-0.0,,0.0
2025-11-19,192390,,2.14,-0.0,,0.0
2025-11-20,192390,,2.13,-0.0,,0.0
2025-11-21,192390,,2.13,-0.1,,0.1
2025-11-24,192390,,2.1,-0.1,,0.1
2025-11-25,192390,,2.06,-0.1,,0.1
2025-11-26,192390,,2.01,-0.1,,0.1
2025-11-27,192390,,1.97,-0.0,,0.0
2025-11-28,192390,2055.0,1.96,0.0,,0.0
2025-12-01,192390,,1.96,0.1,,-0.1
2025-12-02,192390,,2.01,0.0,,-0.0
2025-12-03,192390,,2.02,0.0,,-0.0
2025-12-04,192390,,2.02,-0.1,,0.1
2025-12-05,192390,,1.99,-0.0,,0.0
2025-12-08,192390,,1.97,-0.1,,0.1
2025-12-09,192390,,1.94,-0.0,,0.0
2025-12-10,192390,,1.93,-0.0,,-0.0
2025-12-11,192390,,1.93,-0.0,,0.0
2025-12-12,192390,,1.92,-0.0,,0.0
2025-12-15,192390,,1.9,-0.0,,0.0
2025-12-16,192390,,1.9,-0.0,,0.0
2025-12-17,192390,,1.88,0.0,,-0.0
2025-12-18,192390,,1.9,0.0,,-0.0
2025-12-19,192390,,1.91,0.0,,-0.1
2025-12-22,192390,,2.04,0.0,,-0.0
2025-12-23,192390,,2.07,0.0,,-0.0
2025-12-24,192390,,2.06,0.1,,-0.1
2025-12-26,192390,,1.47,0.1,,-0.1
2025-12-29,192390,,1.5,-0.0,,0.0
2025-12-30,192390,2185.0,1.49,-0.0,,0.0
2026-01-02,192390,,1.48,0.0,,-0.0
2026-01-05,192390,,1.49,0.0,,-0.0
2026-01-06,192390,,1.49,-0.1,,0.1
2026-01-07,192390,,1.43,-0.0,,0.0
2026-01-08,192390,,1.43,-0.0,,0.0
2026-01-09,192390,,1.42,-0.0,,-0.0
2026-01-12,192390,,1.42,0.0,,-0.0
2026-01-13,192390,,1.43,0.0,,-0.0
2026-01-14,192390,,1.43,-0.0,,0.0
2026-01-15,192390,,1.43,-0.1,0.2,-0.1
2026-01-16,192390,,1.39,-0.0,-0.2,0.2
2026-01-19,192390,,1.37,-0.1,,0.0
2026-01-20,192390,,1.35,-0.0,,0.0
2026-01-21,192390,,1.34,-0.1,,0.0
2026-01-22,192390,,1.32,-0.0,,0.0
2026-01-23,192390,,1.31,-0.0,,0.0
2026-01-26,192390,,1.29,-0.0,,0.0
2026-01-27,192390,,1.28,-0.0,,0.0
2026-01-28,192390,,1.27,-0.0,,0.0
2026-01-29,192390,,1.25,-0.0,,0.0
2026-01-30,192390,2175.0,1.24,-0.0,,0.0
2026-02-02,192390,,1.22,0.0,,-0.1
2026-02-03,192390,,1.24,0.0,,0.1
2026-02-04,192390,,1.24,0.0,-0.0,-0.1
2026-02-05,192390,,1.26,-0.0,,0.0
2026-02-06,192390,,1.25,-0.0,-0.0,0.0
2026-02-09,192390,,1.24,-0.0,,-0.0
2026-02-10,192390,,1.24,0.1,,-0.1
2026-02-11,192390,,1.27,-0.1,,0.0
2026-02-12,192390,,1.24,-0.1,,0.1
2026-02-13,192390,,1.2,-0.0,,0.1
2026-02-19,192390,,1.18,0.3,,-0.3
2026-02-20,192390,,1.31,0.1,,-0.1
2026-02-23,192390,,1.36,0.0,,-0.1
2026-02-24,192390,,1.27,-0.0,,0.0
2026-02-25,192390,,1.23,-0.1,,0.1
2026-02-26,192390,,1.22,-0.0,,0.0
2026-02-27,192390,2190.0,1.21,0.0,,-0.0
2026-03-03,192390,,1.22,-0.0,,-0.0
2026-03-04,192390,,1.22,-0.0,,0.0
2026-03-05,192390,,1.2,-0.0,,-0.0
2026-03-06,192390,,1.2,0.0,,-0.0
2026-03-09,192390,,1.2,0.0,,-0.0
2026-03-10,192390,,1.21,-0.0,,0.0
2026-03-11,192390,,1.21,-0.0,,0.0
2026-03-12,192390,,1.2,-0.0,,0.0
2026-03-13,192390,,1.19,1.0,-1.0,-0.0
2026-03-16,192390,,1.64,-0.0,,0.0
2026-03-17,192390,,1.63,-0.1,,0.1
2026-03-18,192390,,1.61,-0.0,,0.0
2026-03-19,192390,,1.6,0.0,,-0.0
2026-03-20,192390,,1.61,0.0,,-0.1
2026-03-23,192390,,1.63,-0.1,,0.1
2026-03-24,192390,,1.59,0.0,,-0.0
2026-03-25,192390,,1.59,-0.0,,-0.0
2026-03-26,192390,,1.59,-0.1,,0.1
2026-03-27,192390,,1.56,0.0,,-0.0
2026-03-30,192390,,1.57,0.1,,-0.1
2026-03-31,192390,2020.0,1.64,-0.1,,0.1
2026-04-01,192390,,1.84,0.2,,-0.2
2026-04-02,192390,,1.92,-0.0,,0.0
2026-04-03,192390,,1.92,0.0,,-0.0
2026-04-06,192390,,1.92,0.0,,0.0
2026-04-07,192390,,1.93,-0.0,,0.0
2026-04-08,192390,,1.92,0.0,,-0.0
2026-04-09,192390,,1.94,0.0,,-0.0
2026-04-10,192390,,1.94,0.1,,-0.1
2026-04-13,192390,,1.97,-0.4,,0.4
2026-04-14,192390,,1.79,0.2,,-0.2
2026-04-15,192390,,1.86,0.0,,-0.0
2026-04-16,192390,,1.86,-0.0,,0.0
2026-04-17,192390,,1.85,-0.0,,0.0
2026-04-20,192390,,1.84,-0.1,,0.1
2026-04-21,192390,,1.81,-0.0,,0.1
2026-04-22,192390,,1.79,0.1,,-0.1
2026-04-23,192390,,1.85,0.1,,-0.1
2026-04-24,192390,,1.88,0.0,,-0.0
2026-04-27,192390,,1.89,0.1,,-0.1
2026-04-28,192390,,1.92,0.1,,-0.1
2026-04-29,192390,,1.93,-0.1,0.0,0.1
2026-04-30,192390,1959.0,1.92,-0.0,-0.0,0.0
2026-05-04,192390,,1.9,0.0,0.0,-0.0
2026-05-06,192390,,1.91,0.0,0.0,-0.0
2026-05-07,192390,,1.93,0.1,-0.0,-0.1
2026-05-08,192390,,1.99,-0.1,,0.2
2026-05-11,192390,,1.92,-0.1,0.0,0.1
2026-05-12,192390,,1.9,-0.0,-0.0,0.1
2026-05-13,192390,,1.88,0.0,0.0,-0.0
2026-05-14,192390,,1.89,0.0,-0.0,-0.0
2026-05-15,192390,,1.89,0.0,0.0,-0.0
2026-05-18,192390,,1.92,-0.1,-0.0,0.1
2026-05-19,192390,,1.84,-0.0,-0.0,0.0
2026-05-20,192390,,1.84,0.1,0.0,-0.1
2026-05-21,192390,,1.88,0.1,,-0.1
2026-05-22,192390,,1.92,0.0,-0.0,-0.0
2026-05-26,192390,,1.93,-0.0,-0.0,0.0
2026-05-27,192390,,1.92,-0.1,0.0,0.1
2026-05-28,192390,,1.89,0.0,0.0,0.0
2026-05-29,192390,1517.0,1.9,-0.0,-0.0,0.0
2026-06-01,192390,,1.89,-0.0,0.0,0.0
2026-06-02,192390,,1.87,-0.0,0.1,-0.1
2026-06-04,192390,,1.89,0.3,0.4,-0.9
2026-06-05,192390,,2.1,0.1,0.3,-0.4
2026-06-08,192390,,2.14,-0.3,0.1,0.2
2026-06-09,192390,,2.0,-0.1,0.1,0.1
2026-06-10,192390,,1.93,-0.0,0.1,-0.0
2026-06-11,192390,,1.9,0.3,0.1,-0.5
2026-06-12,192390,,2.03,0.1,0.1,-0.2
2026-06-15,192390,,2.06,-0.2,0.1,0.1
2026-06-16,192390,,1.97,-0.0,0.1,-0.1
2026-06-17,192390,,1.95,-0.1,0.1,0.0
2026-06-18,192390,,1.89,-0.1,0.1,0.1
2026-06-19,192390,,1.81,0.1,0.1,-0.2
2026-06-22,192390,,1.85,0.0,0.1,-0.2
2026-06-23,192390,,1.86,0.1,-0.0,-0.1
2026-06-24,192390,,1.91,-0.3,0.2,0.0
2026-06-25,192390,,1.76,0.1,0.1,-0.2
2026-06-26,192390,,1.82,-0.1,0.1,-0.0
2026-06-29,192390,,1.78,0.1,0.1,-0.2
2026-06-30,192390,1589.0,1.83,0.0,0.1,-0.1
2026-07-01,192390,,1.84,0.6,0.0,-0.8
2026-07-02,192390,,2.18,-0.2,0.1,0.1
2026-07-03,192390,,2.08,-0.1,0.1,-0.0
2026-07-06,192390,,2.05,0.0,0.1,-0.1
2026-07-07,192390,,2.06,0.3,0.1,-0.9
2026-07-08,192390,,2.24,-0.7,0.1,-0.2
2026-07-09,192390,,1.9,0.2,0.1,-0.2
2026-07-10,192390,,1.97,-0.1,0.1,-0.2
2026-07-13,192390,1800.0,1.92,-0.2,0.1,0.1
2025-07-14,192400,,12.04,0.4,0.6,-0.8
2025-07-15,192400,,12.05,0.0,-1.8,1.0
2025-07-16,192400,,12.05,-1.0,0.3,0.6
2025-07-17,192400,,12.04,3.3,-0.9,-2.3
2025-07-18,192400,,12.07,2.4,0.4,-2.9
2025-07-21,192400,,12.09,-0.7,0.3,0.4
2025-07-22,192400,,12.08,-0.3,-0.2,0.3
2025-07-23,192400,,12.08,-1.9,1.2,0.7
2025-07-24,192400,,12.06,-0.8,3.5,-2.7
2025-07-25,192400,,12.05,-0.6,0.7,-0.2
2025-07-28,192400,,12.05,-1.5,1.6,0.3
2025-07-29,192400,,12.03,0.3,1.7,-2.1
2025-07-30,192400,,12.04,-0.3,1.7,-1.4
2025-07-31,192400,,12.04,3.0,-0.4,-2.1
2025-08-01,192400,,12.04,8.8,-2.8,-7.0
2025-08-04,192400,,12.13,1.4,0.1,-1.5
2025-08-05,192400,,12.14,-1.9,1.7,0.4
2025-08-06,192400,,12.12,2.6,0.7,-3.3
2025-08-07,192400,,12.15,1.8,-0.1,-1.5
2025-08-08,192400,,12.16,0.5,0.2,-0.7
2025-08-11,192400,,12.16,1.5,-0.6,-0.7
2025-08-12,192400,,12.18,1.3,-0.7,-0.9
2025-08-13,192400,,12.19,0.5,-0.6,0.1
2025-08-14,192400,,12.19,7.8,-9.0,1.3
2025-08-18,192400,,12.27,1.0,0.2,-0.3
2025-08-19,192400,,12.28,-0.1,0.5,-0.4
2025-08-20,192400,,12.27,1.7,0.4,-1.3
2025-08-21,192400,,12.29,0.3,-0.1,-0.2
2025-08-22,192400,,12.29,0.9,-0.8,-0.1
2025-08-25,192400,,12.3,0.2,0.1,-0.4
2025-08-26,192400,,12.32,1.2,-0.6,-0.6
2025-08-27,192400,,12.33,1.4,-1.9,0.4
2025-08-28,192400,,12.34,0.7,1.4,-2.3
2025-08-29,192400,31300.0,12.35,1.5,1.6,-3.0
2025-09-01,192400,,12.36,2.4,1.1,-3.5
2025-09-02,192400,,12.38,1.9,0.2,-2.1
2025-09-03,192400,,12.4,-0.2,1.8,-1.6
2025-09-04,192400,,12.4,7.6,1.0,-8.1
2025-09-05,192400,,12.46,5.1,2.4,-7.0
2025-09-08,192400,,12.5,-0.1,-0.9,1.6
2025-09-09,192400,,12.5,-2.4,1.9,0.5
2025-09-10,192400,,12.48,-3.3,2.8,0.4
2025-09-11,192400,,12.46,-2.0,1.7,0.4
2025-09-12,192400,,12.44,1.7,-0.8,-0.9
2025-09-15,192400,,12.45,3.0,2.3,-5.2
2025-09-16,192400,,12.48,-4.5,7.1,-2.3
2025-09-17,192400,,12.44,3.4,-2.1,-1.2
2025-09-18,192400,,12.47,0.9,0.5,-1.1
2025-09-19,192400,,12.48,-3.0,4.2,-1.2
2025-09-22,192400,,12.46,-1.2,1.1,0.7
2025-09-23,192400,,12.45,-5.0,5.7,0.1
2025-09-24,192400,,12.41,-1.1,1.4,-0.3
2025-09-25,192400,,12.4,0.3,1.2,-1.0
2025-09-26,192400,,12.39,-1.1,1.0,0.7
2025-09-29,192400,,12.37,-2.9,4.6,-1.7
2025-09-30,192400,32100.0,12.35,-1.9,3.2,-1.3
2025-10-01,192400,,12.33,-3.7,3.3,0.4
2025-10-02,192400,,12.3,-1.7,0.4,1.5
2025-10-10,192400,,12.29,-4.3,1.0,2.9
2025-10-13,192400,,12.26,-2.7,1.2,1.8
2025-10-14,192400,,12.24,-5.0,1.3,3.6
2025-10-15,192400,,12.2,-4.3,2.5,1.8
2025-10-16,192400,,12.16,-4.6,0.3,4.2
2025-10-17,192400,,12.12,-0.8,1.1,0.5
2025-10-20,192400,,12.11,1.2,-0.8,-0.3
2025-10-21,192400,,12.13,-0.5,-1.1,1.8
2025-10-22,192400,,12.12,-2.6,0.4,2.3
2025-10-23,192400,,12.1,-3.9,0.5,3.4
2025-10-24,192400,,12.06,-5.8,3.1,2.5
2025-10-27,192400,,12.0,1.1,-5.9,4.8
2025-10-28,192400,,12.01,-1.2,-2.7,3.9
2025-10-29,192400,,12.0,-2.8,4.3,-1.5
2025-10-30,192400,,11.97,-2.6,1.8,0.8
2025-10-31,192400,28700.0,11.92,-5.5,6.9,-1.5
2025-11-03,192400,,11.86,-5.0,3.4,1.6
2025-11-04,192400,,11.81,-0.5,1.0,-0.5
2025-11-05,192400,,11.81,-0.5,1.6,-1.1
2025-11-06,192400,,11.8,-2.7,3.4,-0.7
2025-11-07,192400,,11.77,0.5,-2.1,1.5
2025-11-10,192400,,11.78,-1.4,1.0,0.3
2025-11-11,192400,,11.76,-0.5,-0.2,0.8
2025-11-12,192400,,11.76,2.5,-1.7,-0.4
2025-11-13,192400,,11.78,-0.2,-1.1,1.4
2025-11-14,192400,,11.78,-0.6,8.4,-7.7
2025-11-17,192400,,11.78,-1.6,-1.7,3.4
2025-11-18,192400,,11.76,0.1,0.3,-0.3
2025-11-19,192400,,11.76,1.2,1.7,-2.8
2025-11-20,192400,,11.77,2.9,0.1,-2.8
2025-11-21,192400,,11.8,4.0,-0.7,-3.1
2025-11-24,192400,,11.84,-2.8,0.7,2.2
2025-11-25,192400,,11.81,-0.2,0.8,-0.6
2025-11-26,192400,,11.81,0.8,-1.1,0.3
2025-11-27,192400,,11.82,5.4,-1.3,-4.0
2025-11-28,192400,28650.0,11.87,-1.5,-0.2,1.7
2025-12-01,192400,,11.86,7.5,5.9,-12.6
2025-12-02,192400,,11.93,-1.7,-0.2,2.0
2025-12-03,192400,,11.92,1.3,-2.4,1.2
2025-12-04,192400,,11.93,0.8,0.7,-1.3
2025-12-05,192400,,11.94,-0.1,-1.4,1.5
2025-12-08,192400,,11.94,-2.1,-2.1,4.2
2025-12-09,192400,,11.92,0.5,0.1,-0.8
2025-12-10,192400,,11.92,-0.3,1.2,-1.2
2025-12-11,192400,,11.92,7.7,1.3,-8.6
2025-12-12,192400,,11.99,0.3,-0.1,-0.5
2025-12-15,192400,,11.99,1.5,-0.2,-1.2
2025-12-16,192400,,12.0,1.9,-2.0,0.4
2025-12-17,192400,,12.02,-1.2,-1.1,2.2
2025-12-18,192400,,12.01,0.9,-0.8,-0.1
2025-12-19,192400,,11.98,6.2,1.3,-7.7
2025-12-22,192400,,12.03,0.4,-1.7,1.2
2025-12-23,192400,,12.04,-0.1,-0.3,0.3
2025-12-24,192400,,12.06,-1.9,-0.7,2.6
2025-12-26,192400,,12.04,-5.3,-1.1,6.2
2025-12-29,192400,,11.99,-1.0,1.2,-0.1
2025-12-30,192400,29000.0,11.98,1.0,1.9,-3.0
2026-01-02,192400,,11.98,-0.2,-2.6,2.8
2026-01-05,192400,,11.98,-0.6,-0.9,1.6
2026-01-06,192400,,11.97,2.9,0.1,-2.8
2026-01-07,192400,,12.0,0.2,-2.9,2.7
2026-01-08,192400,,12.0,-2.2,-0.6,2.9
2026-01-09,192400,,11.98,-0.7,-0.1,0.9
2026-01-12,192400,,11.97,0.7,-0.5,-0.1
2026-01-13,192400,,11.98,0.6,-0.4,-0.1
2026-01-14,192400,,11.99,4.4,-10.0,5.3
2026-01-15,192400,,12.02,0.4,-5.1,4.4
2026-01-16,192400,,12.01,1.8,-1.5,-0.3
2026-01-19,192400,,12.03,6.3,-2.5,-3.3
2026-01-20,192400,,12.09,6.6,-1.4,-4.9
2026-01-21,192400,,12.16,2.9,-1.7,-1.1
2026-01-22,192400,,12.17,2.1,-1.4,-0.9
2026-01-23,192400,,12.19,-0.6,0.9,-0.3
2026-01-26,192400,,12.18,0.1,-1.2,1.2
2026-01-27,192400,,12.18,1.5,-0.8,-1.5
2026-01-28,192400,,12.19,7.1,9.9,-16.0
2026-01-29,192400,,12.26,-0.8,-1.1,1.7
2026-01-30,192400,27150.0,12.25,-1.4,0.2,1.2
2026-02-02,192400,,12.24,-2.1,-2.2,3.5
2026-02-03,192400,,12.21,0.0,-0.5,0.4
2026-02-04,192400,,12.21,1.4,-1.7,0.3
2026-02-05,192400,,12.23,-1.2,0.3,0.9
2026-02-06,192400,,12.22,-3.8,2.7,0.9
2026-02-09,192400,,12.19,1.7,1.8,-4.2
2026-02-10,192400,,12.25,-1.7,-0.7,2.3
2026-02-11,192400,,12.23,-1.9,0.3,1.6
2026-02-12,192400,,12.21,0.1,0.5,-0.6
2026-02-13,192400,,12.22,-2.3,0.6,1.5
2026-02-19,192400,,12.19,-6.6,1.6,5.0
2026-02-20,192400,,12.11,-1.0,-2.8,4.0
2026-02-23,192400,,12.1,-3.7,-1.4,5.1
2026-02-24,192400,,12.06,-5.9,0.1,5.8
2026-02-25,192400,,11.99,-6.4,4.3,2.4
2026-02-26,192400,,11.93,-12.9,-1.1,13.7
2026-02-27,192400,29700.0,11.73,-1.8,-3.1,4.8
2026-03-03,192400,,11.71,-0.4,0.1,0.3
2026-03-04,192400,,11.7,-15.2,0.7,13.7
2026-03-05,192400,,11.55,-1.6,-0.3,1.8
2026-03-06,192400,,11.53,-1.9,2.0,-0.2
2026-03-09,192400,,11.51,0.0,0.4,-0.4
2026-03-10,192400,,11.51,-0.6,0.2,0.2
2026-03-11,192400,,11.5,-2.4,4.1,-1.7
2026-03-12,192400,,11.48,3.2,-4.5,1.2
2026-03-13,192400,,11.52,2.3,-2.4,-0.2
2026-03-16,192400,,11.54,1.3,0.1,-1.4
2026-03-17,192400,,11.55,-1.4,3.5,-2.1
2026-03-18,192400,,11.54,2.4,2.1,-3.9
2026-03-19,192400,,11.57,-1.4,-0.0,1.4
2026-03-20,192400,,11.55,3.2,-0.9,-2.2
2026-03-23,192400,,11.58,-1.9,-0.7,2.7
2026-03-24,192400,,11.56,-0.9,1.7,-0.8
2026-03-25,192400,,11.55,3.2,5.6,-9.1
2026-03-26,192400,,11.58,-3.4,3.5,-0.2
2026-03-27,192400,,11.55,-3.1,0.6,2.5
2026-03-30,192400,,11.51,-10.9,3.2,6.6
2026-03-31,192400,27400.0,11.4,-2.2,1.3,0.9
2026-04-01,192400,,11.38,-4.7,-0.3,5.1
2026-04-02,192400,,11.34,-3.3,-1.8,5.0
2026-04-03,192400,,11.3,-1.2,-0.5,1.7
2026-04-06,192400,,11.29,-1.9,-5.5,7.4
2026-04-07,192400,,11.26,-0.5,-0.4,1.0
2026-04-08,192400,,11.26,-1.8,-1.2,3.1
2026-04-09,192400,,11.23,-2.7,-0.1,2.4
2026-04-10,192400,,11.2,3.3,-2.6,-0.6
2026-04-13,192400,,11.23,-1.1,-0.5,1.5
2026-04-14,192400,,11.21,0.6,-0.5,-0.1
2026-04-15,192400,,11.22,1.1,-1.1,0.0
2026-04-16,192400,,11.23,0.0,1.3,-0.9
2026-04-17,192400,,11.24,0.8,2.2,-2.9
2026-04-20,192400,,11.25,1.0,-0.7,-0.4
2026-04-21,192400,,11.26,-2.7,3.4,-1.1
2026-04-22,192400,,11.24,-1.8,-0.5,2.3
2026-04-23,192400,,11.21,0.1,-0.2,-0.1
2026-04-24,192400,,11.22,2.6,-0.1,-2.3
2026-04-27,192400,,11.24,-0.6,0.6,0.2
2026-04-28,192400,,11.23,0.7,2.2,-3.0
2026-04-29,192400,,11.25,-2.9,8.6,-5.9
2026-04-30,192400,29450.0,11.22,-4.7,3.5,1.2
2026-05-04,192400,,11.18,-2.9,2.0,1.1
2026-05-06,192400,,11.15,-1.5,-0.6,2.0
2026-05-07,192400,,11.13,1.3,-0.4,-1.0
2026-05-08,192400,,11.14,0.9,0.5,-1.4
2026-05-11,192400,,11.18,-0.1,-0.6,0.7
2026-05-12,192400,,11.18,3.7,-1.3,-2.6
2026-05-13,192400,,11.34,-2.8,-2.3,5.0
2026-05-14,192400,,11.31,-0.1,-1.4,1.4
2026-05-15,192400,,11.3,-8.7,11.4,-2.6
2026-05-18,192400,,11.2,-3.9,-3.0,6.7
2026-05-19,192400,,11.14,-3.1,0.5,2.3
2026-05-20,192400,,11.1,-5.0,1.7,2.8
2026-05-21,192400,,11.06,-1.5,-0.6,2.3
2026-05-22,192400,,11.04,-0.1,-1.2,1.8
2026-05-26,192400,,11.05,-7.2,-2.1,9.0
2026-05-27,192400,,10.94,-4.3,-3.0,7.7
2026-05-28,192400,,10.88,-0.0,-3.5,3.5
2026-05-29,192400,24900.0,10.88,-0.9,-2.1,3.0
2026-06-01,192400,,10.86,0.5,-0.4,-0.5
2026-06-02,192400,,10.87,0.8,-0.6,-0.1
2026-06-04,192400,,10.88,-0.4,-1.5,1.8
2026-06-05,192400,,10.87,-3.1,-0.5,3.5
2026-06-08,192400,,10.83,-2.9,-0.8,3.2
2026-06-09,192400,,10.78,1.0,-0.0,-1.0
2026-06-10,192400,,10.8,1.4,-0.1,-1.3
2026-06-11,192400,,10.82,-10.4,14.9,-4.4
2026-06-12,192400,,10.72,-1.0,0.0,0.9
2026-06-15,192400,,10.7,-0.6,-0.5,1.1
2026-06-16,192400,,10.69,-1.2,1.2,0.0
2026-06-17,192400,,10.67,-1.6,0.6,1.1
2026-06-18,192400,,10.66,-1.3,-0.3,1.5
2026-06-19,192400,,10.64,1.7,-0.5,-1.3
2026-06-22,192400,,10.65,1.0,0.7,-2.2
2026-06-23,192400,,10.66,-0.8,-0.5,1.3
2026-06-24,192400,,10.65,1.0,-0.2,-0.9
2026-06-25,192400,,10.66,-1.3,2.4,-1.1
2026-06-26,192400,,10.64,-0.6,1.9,-1.1
2026-06-29,192400,,10.64,0.5,-0.5,-0.0
2026-06-30,192400,25500.0,10.64,-1.0,0.7,0.2
2026-07-01,192400,,10.63,-1.0,1.1,-0.4
2026-07-02,192400,,10.62,-0.1,0.1,-0.0
2026-07-03,192400,,10.63,0.6,-0.5,-0.2
2026-07-06,192400,,10.64,-0.3,0.6,-0.3
2026-07-07,192400,,10.64,1.0,-0.2,-0.8
2026-07-08,192400,,10.65,-0.3,1.0,-0.7
2026-07-09,192400,,10.64,-0.2,-0.2,0.3
2026-07-10,192400,,10.64,0.5,-0.4,-0.0
2026-07-13,192400,25550.0,10.65,-0.3,-0.0,0.2
2025-07-14,192410,,2.2,1.0,,-0.8
2025-07-15,192410,,2.54,-0.6,,0.6
2025-07-16,192410,,2.35,-1.4,,1.5
2025-07-17,192410,,1.87,-0.4,,-0.6
2025-07-18,192410,,1.73,-0.9,,0.9
2025-07-21,192410,,1.54,-0.1,,0.1
2025-07-22,192410,,1.35,0.2,,-0.2
2025-07-23,192410,,1.42,-0.5,,0.5
2025-07-24,192410,,1.25,0.3,,-0.2
2025-07-25,192410,,1.36,0.8,,-0.6
2025-07-28,192410,,1.67,1.8,,-1.6
2025-07-29,192410,,2.33,0.2,,-0.2
2025-07-30,192410,,2.39,-0.6,,0.6
2025-07-31,192410,,2.18,0.4,,-0.3
2025-08-01,192410,,2.38,-1.1,,1.1
2025-08-04,192410,,1.96,-2.6,-0.0,2.6
2025-08-05,192410,,1.11,0.2,,-0.2
2025-08-06,192410,,1.18,0.3,,-0.3
2025-08-07,192410,,1.3,0.2,,-0.2
2025-08-08,192410,,1.5,-0.4,,0.3
2025-08-11,192410,,1.36,0.3,,-0.4
2025-08-12,192410,,1.46,0.4,,-0.4
2025-08-13,192410,,1.61,0.6,,-0.5
2025-08-14,192410,,1.81,-2.6,,7.3
2025-08-18,192410,,1.11,-0.3,0.0,2.7
2025-08-19,192410,,0.93,0.6,-0.0,1.3
2025-08-20,192410,,1.2,0.6,,-0.5
2025-08-21,192410,,1.44,0.7,,-0.7
2025-08-22,192410,,1.69,0.4,,-0.4
2025-08-25,192410,,1.83,0.7,,-0.7
2025-08-26,192410,,2.12,0.5,,-0.5
2025-08-27,192410,,2.31,-0.8,,0.8
2025-08-28,192410,,1.97,0.0,,-0.0
2025-08-29,192410,1430.0,1.99,-1.2,,1.8
2025-09-01,192410,,1.46,-0.2,-0.7,0.9
2025-09-02,192410,,0.76,-0.2,-0.3,0.5
2025-09-03,192410,,0.7,0.1,-1.4,1.3
2025-09-04,192410,,0.73,-0.1,-0.3,0.6
2025-09-05,192410,,0.71,-0.1,0.3,-1.1
2025-09-08,192410,,0.73,0.2,,-0.2
2025-09-09,192410,,0.78,0.3,,-0.3
2025-09-10,192410,,0.85,0.5,,-0.5
2025-09-11,192410,,0.97,0.1,,-0.1
2025-09-12,192410,,0.98,-0.1,,0.1
2025-09-15,192410,,0.96,0.4,,-0.4
2025-09-16,192410,,1.06,0.4,,-0.4
2025-09-17,192410,,1.14,0.1,,-0.1
2025-09-18,192410,,1.14,0.7,,-0.7
2025-09-19,192410,,1.29,0.7,,-0.8
2025-09-22,192410,,1.46,-0.4,,1.1
2025-09-23,192410,,1.37,0.2,,1.5
2025-09-24,192410,,1.42,1.4,,-6.8
2025-09-25,192410,,1.69,-2.7,,-4.8
2025-09-26,192410,,1.24,-0.6,,-0.4
2025-09-29,192410,,1.14,-1.3,,-0.2
2025-09-30,192410,1786.0,0.93,-1.2,,2.5
2025-10-01,192410,,0.71,-0.2,,0.3
2025-10-02,192410,,0.66,0.3,,0.6
2025-10-10,192410,,0.71,-0.2,,0.2
2025-10-13,192410,,0.67,2.4,,-1.5
2025-10-14,192410,,1.18,0.2,0.0,0.5
2025-10-15,192410,,1.23,-0.0,0.0,0.0
2025-10-16,192410,,1.22,-0.2,,0.5
2025-10-17,192410,,1.2,0.1,,0.5
2025-10-20,192410,,1.22,0.4,,0.6
2025-10-21,192410,,1.3,-0.6,,1.2
2025-10-22,192410,,0.77,0.5,,-0.3
2025-10-23,192410,,0.82,-0.4,,-1.0
2025-10-24,192410,,0.77,-0.7,,-0.0
2025-10-27,192410,,0.67,-1.6,,0.2
2025-10-28,192410,,0.45,0.4,,-0.9
2025-10-29,192410,,0.5,0.1,,0.1
2025-10-30,192410,,0.51,1.4,,0.5
2025-10-31,192410,1640.0,0.69,-1.7,2.1,0.4
2025-11-03,192410,,0.46,-1.3,4.6,-2.0
2025-11-04,192410,,0.28,3.3,3.5,-6.0
2025-11-05,192410,,0.7,0.3,3.1,-2.9
2025-11-06,192410,,0.74,-0.3,0.7,1.0
2025-11-07,192410,,0.7,-0.2,,1.0
2025-11-10,192410,,0.68,-0.6,-0.1,2.4
2025-11-11,192410,,0.59,3.5,-0.0,16.7
2025-11-12,192410,,1.26,-0.8,,0.8
2025-11-13,192410,,1.07,-0.3,-0.0,1.7
2025-11-14,192410,,0.97,-2.5,,5.6
2025-11-17,192410,,0.4,-0.1,0.0,1.8
2025-11-18,192410,,0.39,0.2,-0.0,0.2
2025-11-19,192410,,0.42,-0.0,,1.0
2025-11-20,192410,,0.41,-0.2,-0.0,-0.7
2025-11-21,192410,,0.34,0.0,,-0.5
2025-11-24,192410,,0.34,-0.3,,0.7
2025-11-25,192410,,0.26,0.4,,-0.2
2025-11-26,192410,,0.82,0.4,-0.0,-0.2
2025-11-27,192410,,0.93,-0.2,,0.2
2025-11-28,192410,782.0,0.87,0.2,,-0.2
2025-12-01,192410,,0.91,0.4,,-0.4
2025-12-02,192410,,1.01,-0.3,,0.3
2025-12-03,192410,,0.92,-0.0,,0.0
2025-12-04,192410,,0.92,0.2,,-0.2
2025-12-05,192410,,0.98,0.1,,-0.1
2025-12-08,192410,,0.99,-0.1,,0.1
2025-12-09,192410,,0.78,-0.1,,0.1
2025-12-10,192410,,0.72,0.2,,-0.2
2025-12-11,192410,,0.77,-0.1,,0.1
2025-12-12,192410,,0.74,-0.1,-0.0,0.1
2025-12-15,192410,,0.72,-0.1,-0.0,0.1
2025-12-16,192410,,0.69,-0.1,-0.0,0.1
2025-12-17,192410,,0.65,-0.0,-0.0,-0.0
2025-12-18,192410,,0.65,0.1,-0.0,-0.1
2025-12-19,192410,,0.67,0.1,0.1,0.2
2025-12-22,192410,,0.72,-0.1,,0.4
2025-12-23,192410,,0.69,0.3,0.0,2.1
2025-12-24,192410,,0.78,-0.0,,0.0
2025-12-26,192410,,0.76,0.2,0.3,2.1
2025-12-29,192410,,0.82,0.1,,-0.1
2025-12-30,192410,732.0,0.84,-0.1,,0.1
2026-01-02,192410,,0.81,0.1,,-0.1
2026-01-05,192410,,0.84,-0.0,0.0,-0.0
2026-01-06,192410,,0.84,0.8,0.4,-1.1
2026-01-07,192410,,1.03,-0.4,1.0,-0.2
2026-01-08,192410,,0.89,-0.5,0.0,0.9
2026-01-09,192410,,0.73,-0.5,-0.0,0.6
2026-01-12,192410,,0.61,0.1,,-0.0
2026-01-13,192410,,0.62,-0.0,,0.0
2026-01-14,192410,,0.61,-0.3,,0.3
2026-01-15,192410,,0.55,0.1,-0.3,0.2
2026-01-16,192410,,0.58,-0.1,-0.8,0.9
2026-01-19,192410,,0.54,-0.2,-0.6,0.7
2026-01-20,192410,,0.48,0.2,-0.1,-0.1
2026-01-21,192410,,0.52,-0.0,-0.1,0.1
2026-01-22,192410,,0.51,0.3,-0.6,0.2
2026-01-23,192410,,0.58,0.7,-0.4,-0.2
2026-01-26,192410,,0.75,-0.1,,0.1
2026-01-27,192410,,0.72,0.1,-1.0,0.9
2026-01-28,192410,,0.75,0.1,,-0.2
2026-01-29,192410,,0.78,0.1,,-0.1
2026-01-30,192410,794.0,0.7,-0.5,,0.5
2026-02-02,192410,,0.58,0.6,-0.1,-0.5
2026-02-03,192410,,0.74,0.5,-0.0,-0.5
2026-02-04,192410,,0.87,0.3,-0.1,-0.2
2026-02-05,192410,,0.96,-0.3,,0.3
2026-02-06,192410,,0.89,2.0,-0.7,-1.1
2026-02-09,192410,,1.43,-0.0,-1.1,1.1
2026-02-10,192410,,1.45,-0.1,-0.0,0.1
2026-02-11,192410,,1.42,0.2,,-0.2
2026-02-12,192410,,1.48,0.6,-0.7,0.1
2026-02-13,192410,,1.63,-0.6,,2.1
2026-02-19,192410,,1.48,-0.9,-0.8,2.4
2026-02-20,192410,,1.26,-0.2,,1.2
2026-02-23,192410,,1.21,0.4,,-0.4
2026-02-24,192410,,1.32,0.8,0.0,-0.2
2026-02-25,192410,,1.49,1.3,0.5,0.1
2026-02-26,192410,,1.77,-2.6,-0.3,1.8
2026-02-27,192410,1162.0,1.32,,,
2026-03-03,192410,,1.32,,,
2026-03-04,192410,,1.27,,,
2026-03-05,192410,,1.27,,,
2026-03-06,192410,,1.27,,,
2026-03-09,192410,,1.27,,,
2026-03-10,192410,,1.27,,,
2026-03-11,192410,,1.27,,,
2026-03-12,192410,,1.27,,,
2026-03-13,192410,,1.27,,,
2026-03-16,192410,,1.27,,,
2026-03-17,192410,,1.27,,,
2026-03-18,192410,,1.27,,,
2026-03-19,192410,,1.27,,,
2026-03-20,192410,,1.12,0.0,-0.0,0.1
2026-03-23,192410,,1.1,-0.4,0.0,0.5
2026-03-24,192410,,1.05,-3.4,-0.4,-2.5
2026-03-25,192410,,0.72,0.4,-2.4,0.3
2026-03-26,192410,,0.76,-2.6,,1.1
2026-03-27,192410,,0.47,1.6,0.2,-2.0
2026-03-30,192410,,0.64,-0.6,,0.7
2026-03-31,192410,4730.0,0.59,1.2,-0.2,-0.9
2026-04-01,192410,,0.7,-1.1,,-0.2
2026-04-02,192410,,0.63,1.8,,-1.5
2026-04-03,192410,,0.77,,,
2026-04-06,192410,,0.77,-2.0,,0.2
2026-04-07,192410,,0.65,-1.1,,-1.1
2026-04-08,192410,,0.59,-1.3,,-0.1
2026-04-09,192410,,0.56,0.8,,-0.8
2026-04-10,192410,,0.61,-1.2,,0.5
2026-04-13,192410,,0.54,-0.2,,0.3
2026-04-14,192410,,0.53,1.3,,-1.6
2026-04-15,192410,,0.61,3.7,0.0,-2.3
2026-04-16,192410,,0.81,-8.3,,7.0
2026-04-17,192410,,0.39,-0.0,,-0.0
2026-04-20,192410,,0.35,-2.6,,2.5
2026-04-21,192410,,0.2,-0.8,,0.6
2026-04-22,192410,,0.26,0.3,,-0.3
2026-04-23,192410,,0.29,-0.7,,1.0
2026-04-24,192410,,0.27,-0.6,,2.3
2026-04-27,192410,,0.24,3.9,,-4.1
2026-04-28,192410,,0.52,2.4,,-2.5
2026-04-29,192410,,0.7,-0.6,0.0,0.4
2026-04-30,192410,5900.0,0.66,1.5,0.0,-2.0
2026-05-04,192410,,0.77,2.7,0.0,-2.6
2026-05-06,192410,,1.02,1.0,0.0,-1.2
2026-05-07,192410,,1.11,-1.8,-0.0,1.2
2026-05-08,192410,,0.96,-2.0,-0.0,2.3
2026-05-11,192410,,0.83,-1.9,0.0,1.4
2026-05-12,192410,,0.74,-1.8,-0.0,1.2
2026-05-13,192410,,0.63,1.6,-0.0,-0.3
2026-05-14,192410,,0.77,-3.5,0.0,4.2
2026-05-15,192410,,0.55,-3.3,-0.0,3.9
2026-05-18,192410,,0.34,1.3,-0.0,-1.4
2026-05-19,192410,,0.47,0.3,-0.0,-0.3
2026-05-20,192410,,0.49,-0.6,-0.0,0.9
2026-05-21,192410,,0.44,-0.3,-0.0,-0.1
2026-05-22,192410,,0.4,-1.5,-0.0,1.4
2026-05-26,192410,,0.31,-0.3,0.0,0.1
2026-05-27,192410,,0.29,1.6,-0.0,-2.1
2026-05-28,192410,,0.39,-0.7,-0.0,0.3
2026-05-29,192410,6100.0,0.35,-0.4,0.0,0.1
2026-06-01,192410,,0.33,-0.7,0.0,2.6
2026-06-02,192410,,0.28,23.1,0.0,3.1
2026-06-04,192410,,2.48,-8.7,0.0,9.5
2026-06-05,192410,,1.85,-1.3,0.0,1.2
2026-06-08,192410,,1.74,-3.1,-0.0,2.6
2026-06-09,192410,,1.48,-1.0,-0.0,2.5
2026-06-10,192410,,1.31,-0.3,-0.0,0.2
2026-06-11,192410,,1.28,0.5,-0.0,-0.2
2026-06-12,192410,,1.32,-3.8,-0.0,4.1
2026-06-15,192410,,0.99,0.4,,-0.2
2026-06-16,192410,,1.02,-1.0,-0.0,0.5
2026-06-17,192410,,0.93,0.2,-0.0,-0.7
2026-06-18,192410,,0.96,0.1,0.0,0.5
2026-06-19,192410,,0.97,-2.6,-0.0,2.1
2026-06-22,192410,,0.77,-2.4,0.0,3.8
2026-06-23,192410,,0.57,6.6,0.0,-0.3
2026-06-24,192410,,1.37,-6.4,0.0,6.9
2026-06-25,192410,,0.63,-0.7,-0.0,0.5
2026-06-26,192410,,0.55,-1.2,-0.0,1.3
2026-06-29,192410,,0.44,0.1,-0.0,-0.1
2026-06-30,192410,3465.0,0.45,-0.0,-0.0,-0.2
2026-07-01,192410,,0.45,0.4,-0.0,-0.5
2026-07-02,192410,,0.5,0.3,-0.0,-0.3
2026-07-03,192410,,0.53,-0.0,0.0,-0.0
2026-07-06,192410,,0.53,0.2,0.0,-0.3
2026-07-07,192410,,0.56,-0.2,-0.0,-0.0
2026-07-08,192410,,0.54,0.2,0.0,-0.1
2026-07-09,192410,,0.56,-0.1,-0.0,0.1
2026-07-10,192410,,0.55,0.1,0.0,-0.1
2026-07-13,192410,3035.0,0.56,0.1,-0.0,0.0
2025-07-14,192440,,8.42,0.0,-0.0,0.0
2025-07-15,192440,,8.42,-0.1,0.0,0.1
2025-07-16,192440,,8.41,0.2,0.0,-0.1
2025-07-17,192440,,8.42,0.1,-0.0,0.0
2025-07-18,192440,,8.43,-0.1,-0.0,0.1
2025-07-21,192440,,8.42,-0.5,-0.0,-0.5
2025-07-22,192440,,8.39,-0.1,0.0,0.1
2025-07-23,192440,,8.39,-0.1,0.0,0.1
2025-07-24,192440,,8.38,-0.1,0.0,0.1
2025-07-25,192440,,8.38,-0.2,0.0,0.2
2025-07-28,192440,,8.37,0.2,0.0,-0.2
2025-07-29,192440,,8.38,0.1,-0.0,-0.1
2025-07-30,192440,,8.38,0.1,-0.0,-0.1
2025-07-31,192440,,8.39,-0.0,0.0,0.0
2025-08-01,192440,,8.39,-0.2,0.0,0.1
2025-08-04,192440,,8.38,0.1,-0.0,-0.1
2025-08-05,192440,,8.38,-0.1,0.0,0.1
2025-08-06,192440,,8.38,0.4,0.0,-0.4
2025-08-07,192440,,8.4,0.0,0.0,-0.0
2025-08-08,192440,,8.41,0.2,,-0.2
2025-08-11,192440,,8.42,-0.0,-0.0,0.0
2025-08-12,192440,,8.42,-0.1,-0.0,0.1
2025-08-13,192440,,8.41,-0.1,0.0,-0.1
2025-08-14,192440,,8.41,-0.2,0.0,0.3
2025-08-18,192440,,8.39,-0.4,0.0,0.3
2025-08-19,192440,,8.37,0.4,0.0,-0.5
2025-08-20,192440,,8.39,-0.1,-0.5,0.6
2025-08-21,192440,,8.39,-0.3,-0.4,0.6
2025-08-22,192440,,8.37,0.1,-0.3,0.4
2025-08-25,192440,,8.38,-0.2,-0.5,0.7
2025-08-26,192440,,8.43,0.2,-0.5,0.2
2025-08-27,192440,,8.44,-0.3,0.0,0.2
2025-08-28,192440,,8.42,0.5,-0.5,0.3
2025-08-29,192440,23450.0,8.45,-0.1,-0.1,0.2
2025-09-01,192440,,8.45,-0.4,0.0,0.5
2025-09-02,192440,,8.36,0.1,-0.2,0.3
2025-09-03,192440,,8.36,0.0,-0.0,-0.0
2025-09-04,192440,,8.37,0.2,0.1,-0.4
2025-09-05,192440,,8.4,0.3,-0.5,0.2
2025-09-08,192440,,8.42,0.4,0.0,0.5
2025-09-09,192440,,8.44,-0.4,-0.4,0.9
2025-09-10,192440,,8.41,-0.1,-0.2,0.3
2025-09-11,192440,,8.41,-0.2,-0.0,0.2
2025-09-12,192440,,8.4,0.2,0.2,-0.5
2025-09-15,192440,,8.42,0.3,0.4,-0.9
2025-09-16,192440,,8.44,-0.3,0.3,-0.2
2025-09-17,192440,,8.42,-0.2,0.7,-1.1
2025-09-18,192440,,8.41,0.3,-0.5,0.2
2025-09-19,192440,,8.42,-0.3,-0.0,0.3
2025-09-22,192440,,8.4,0.0,0.3,-0.3
2025-09-23,192440,,8.4,-0.2,0.1,0.4
2025-09-24,192440,,8.39,-0.4,0.5,0.1
2025-09-25,192440,,8.36,-0.1,0.2,0.1
2025-09-26,192440,,8.36,-0.2,0.1,0.0
2025-09-29,192440,,8.34,0.7,-0.8,0.0
2025-09-30,192440,23600.0,8.39,0.1,0.2,-0.2
2025-10-01,192440,,8.4,-0.0,0.0,0.0
2025-10-02,192440,,8.39,0.2,0.0,-0.1
2025-10-10,192440,,8.4,0.1,0.0,0.1
2025-10-13,192440,,8.41,1.1,-0.0,0.5
2025-10-14,192440,,8.49,0.1,-0.0,-0.3
2025-10-15,192440,,8.49,0.4,-0.0,-0.4
2025-10-16,192440,,8.52,-0.1,0.2,-0.1
2025-10-17,192440,,8.52,0.2,0.0,-0.2
2025-10-20,192440,,8.53,-0.2,-0.0,0.2
2025-10-21,192440,,8.52,0.1,-0.0,-0.1
2025-10-22,192440,,8.52,0.2,0.0,-0.2
2025-10-23,192440,,8.53,-0.0,-0.0,-0.0
2025-10-24,192440,,8.53,0.1,-0.0,-0.2
2025-10-27,192440,,8.54,-0.0,-0.0,0.0
2025-10-28,192440,,8.56,-0.2,0.0,0.2
2025-10-29,192440,,8.55,-0.2,0.0,0.2
2025-10-30,192440,,8.53,-0.3,-0.0,0.0
2025-10-31,192440,22300.0,8.51,-0.4,0.0,0.4
2025-11-03,192440,,8.48,0.3,-0.0,0.1
2025-11-04,192440,,8.49,0.3,-0.0,-0.3
2025-11-05,192440,,8.51,-0.3,-0.0,0.3
2025-11-06,192440,,8.49,0.1,0.1,-0.4
2025-11-07,192440,,8.5,-0.1,-0.0,0.1
2025-11-10,192440,,8.49,0.6,-0.2,-0.5
2025-11-11,192440,,8.44,0.1,0.0,-0.1
2025-11-12,192440,,8.45,0.2,0.0,-0.2
2025-11-13,192440,,8.46,-0.0,-0.0,0.0
2025-11-14,192440,,8.46,0.0,0.0,-0.0
2025-11-17,192440,,8.46,0.2,0.0,-0.2
2025-11-18,192440,,8.49,-0.3,-0.0,0.3
2025-11-19,192440,,8.47,0.1,0.0,-0.1
2025-11-20,192440,,8.47,0.3,-0.0,-1.2
2025-11-21,192440,,8.49,-0.0,0.0,-0.0
2025-11-24,192440,,8.49,-0.2,0.0,0.1
2025-11-25,192440,,8.47,0.1,-0.0,-0.1
2025-11-26,192440,,8.48,-0.0,-0.0,0.0
2025-11-27,192440,,8.48,0.2,0.0,-0.2
2025-11-28,192440,23050.0,8.49,0.1,-0.0,-0.1
2025-12-01,192440,,8.5,-0.2,-0.0,-0.3
2025-12-02,192440,,8.57,1.1,0.4,-1.7
2025-12-03,192440,,8.64,0.1,0.7,-0.8
2025-12-04,192440,,8.65,-0.1,0.0,0.1
2025-12-05,192440,,8.64,0.2,0.0,0.5
2025-12-08,192440,,8.65,-0.0,-0.0,0.0
2025-12-09,192440,,8.65,0.3,0.0,-0.3
2025-12-10,192440,,8.67,-0.0,-0.0,0.0
2025-12-11,192440,,8.67,0.0,-0.0,-0.0
2025-12-12,192440,,8.67,-0.3,-0.0,0.2
2025-12-15,192440,,8.65,0.4,-0.0,-1.4
2025-12-16,192440,,8.68,-0.1,0.0,0.0
2025-12-17,192440,,9.11,0.1,-0.0,-0.1
2025-12-18,192440,,9.12,0.4,0.0,-0.4
2025-12-19,192440,,9.14,0.2,0.0,-0.2
2025-12-22,192440,,9.16,0.3,0.0,-0.3
2025-12-23,192440,,9.18,-0.5,0.0,0.5
2025-12-24,192440,,8.82,1.1,0.0,0.1
2025-12-26,192440,,8.9,0.7,0.0,-0.5
2025-12-29,192440,,8.89,-0.3,-0.0,0.3
2025-12-30,192440,22050.0,8.87,-0.1,-0.0,0.0
2026-01-02,192440,,8.78,-0.2,-0.0,0.2
2026-01-05,192440,,8.77,0.4,-0.0,-0.6
2026-01-06,192440,,8.89,0.0,-0.0,0.1
2026-01-07,192440,,9.32,-0.7,-0.0,0.6
2026-01-08,192440,,9.27,-0.1,-0.0,-0.1
2026-01-09,192440,,9.26,0.1,-0.0,-0.1
2026-01-12,192440,,9.27,0.1,-0.0,-0.4
2026-01-13,192440,,9.27,-0.1,-0.0,-0.2
2026-01-14,192440,,9.27,-0.1,-0.0,0.1
2026-01-15,192440,,9.26,-0.3,1.3,-0.7
2026-01-16,192440,,9.24,-0.7,0.7,-0.2
2026-01-19,192440,,9.19,0.9,-1.1,-0.1
2026-01-20,192440,,9.25,0.1,0.0,-0.4
2026-01-21,192440,,9.26,-0.6,-0.0,0.1
2026-01-22,192440,,9.22,0.9,-0.0,-1.3
2026-01-23,192440,,9.28,0.2,-0.0,0.0
2026-01-26,192440,,9.3,0.4,-0.0,-0.4
2026-01-27,192440,,9.32,0.3,-0.0,-0.4
2026-01-28,192440,,9.34,-0.1,0.0,0.1
2026-01-29,192440,,9.33,0.4,0.0,-0.5
2026-01-30,192440,22600.0,9.36,0.0,-0.0,-0.1
2026-02-02,192440,,9.37,-3.0,0.0,1.5
2026-02-03,192440,,9.15,0.0,0.0,-0.0
2026-02-04,192440,,9.15,1.5,0.0,-1.1
2026-02-05,192440,,9.25,0.2,0.0,-0.4
2026-02-06,192440,,9.26,0.2,0.0,-0.2
2026-02-09,192440,,9.28,-0.2,-0.0,0.5
2026-02-10,192440,,9.26,0.6,0.0,-0.5
2026-02-11,192440,,9.3,1.5,0.0,-0.9
2026-02-12,192440,,9.41,-0.8,-0.0,0.5
2026-02-13,192440,,9.36,0.5,0.0,-0.5
2026-02-19,192440,,9.39,-0.3,0.0,0.1
2026-02-20,192440,,9.37,0.3,0.0,-0.3
2026-02-23,192440,,9.38,0.8,-1.2,0.4
2026-02-24,192440,,9.38,0.2,0.0,-0.3
2026-02-25,192440,,9.4,0.1,-0.0,-0.2
2026-02-26,192440,,9.41,1.1,0.0,-0.6
2026-02-27,192440,24650.0,9.48,-0.3,-0.0,0.3
2026-03-03,192440,,9.46,1.3,0.0,-1.3
2026-03-04,192440,,9.54,-0.3,0.0,0.3
2026-03-05,192440,,9.52,-0.7,0.0,0.7
2026-03-06,192440,,9.47,0.3,-0.0,-0.3
2026-03-09,192440,,9.49,0.5,-0.1,-0.4
2026-03-10,192440,,9.57,0.2,-0.0,-0.3
2026-03-11,192440,,9.26,0.6,0.0,-0.6
2026-03-12,192440,,9.4,-0.1,0.0,0.2
2026-03-13,192440,,9.39,0.1,,-0.1
2026-03-16,192440,,9.4,0.0,-0.8,0.9
2026-03-17,192440,,9.4,0.7,0.0,-0.7
2026-03-18,192440,,9.45,-0.1,0.0,0.1
2026-03-19,192440,,9.4,0.6,0.0,-0.7
2026-03-20,192440,,9.45,0.6,0.0,-0.6
2026-03-23,192440,,9.49,0.2,0.0,-0.2
2026-03-24,192440,,9.5,0.3,-0.0,-0.7
2026-03-25,192440,,9.52,0.4,-0.0,-0.4
2026-03-26,192440,,9.55,0.1,0.0,-0.1
2026-03-27,192440,,9.55,-0.0,0.0,0.0
2026-03-30,192440,,9.55,-0.4,-0.0,0.4
2026-03-31,192440,23200.0,9.52,-0.1,0.9,-0.8
2026-04-01,192440,,9.51,0.8,-0.0,-1.1
2026-04-02,192440,,9.57,1.2,-0.3,-3.3
2026-04-03,192440,,9.65,2.7,-0.4,-4.3
2026-04-06,192440,,9.82,-1.0,-0.1,-0.8
2026-04-07,192440,,9.76,-0.6,-0.1,-1.3
2026-04-08,192440,,9.72,-1.3,-0.0,-0.7
2026-04-09,192440,,9.64,0.4,0.0,-2.4
2026-04-10,192440,,9.66,-0.3,0.0,0.3
2026-04-13,192440,,9.65,0.3,0.0,-0.4
2026-04-14,192440,,9.73,0.3,-0.0,-1.4
2026-04-15,192440,,9.79,-0.1,-0.0,-1.7
2026-04-16,192440,,9.79,0.1,0.0,-1.9
2026-04-17,192440,,9.79,-0.2,0.0,-1.8
2026-04-20,192440,,9.78,-1.1,0.0,-0.5
2026-04-21,192440,,9.65,3.2,,-3.8
2026-04-22,192440,,9.83,-1.0,0.0,-0.2
2026-04-23,192440,,9.77,-1.2,0.0,1.1
2026-04-24,192440,,9.7,0.2,0.0,-0.3
2026-04-27,192440,,9.71,-0.1,0.0,-0.1
2026-04-28,192440,,9.7,-0.1,0.0,0.1
2026-04-29,192440,,9.7,-0.0,0.0,-0.0
2026-04-30,192440,26750.0,9.7,0.1,0.0,-0.1
2026-05-04,192440,,9.7,-0.5,0.0,0.8
2026-05-06,192440,,9.67,-0.4,-0.0,0.2
2026-05-07,192440,,9.65,0.1,0.0,-0.1
2026-05-08,192440,,9.65,0.5,-0.0,-0.5
2026-05-11,192440,,9.68,0.1,0.0,-0.1
2026-05-12,192440,,9.69,1.3,-0.0,-1.8
2026-05-13,192440,,9.72,2.9,0.0,-3.3
2026-05-14,192440,,9.89,0.6,0.0,-2.0
2026-05-15,192440,,9.92,0.8,-0.0,-1.1
2026-05-18,192440,,9.82,-3.4,-0.0,-21.6
2026-05-19,192440,,9.69,1.2,-0.3,-1.3
2026-05-20,192440,,9.71,-0.4,0.1,0.8
2026-05-21,192440,,9.77,-0.3,0.5,-0.1
2026-05-22,192440,,9.75,4.1,0.7,-4.9
2026-05-26,192440,,9.96,1.9,0.7,-2.6
2026-05-27,192440,,10.05,-0.6,0.8,-0.0
2026-05-28,192440,,10.02,1.2,1.0,-2.2
2026-05-29,192440,32150.0,10.08,0.5,1.0,-1.4
2026-06-01,192440,,10.1,1.5,0.4,-0.4
2026-06-02,192440,,10.17,1.1,-0.1,-1.6
2026-06-04,192440,,10.23,0.0,-0.0,-0.2
2026-06-05,192440,,10.31,1.3,-1.5,0.0
2026-06-08,192440,,10.33,0.7,-4.3,3.6
2026-06-09,192440,,10.42,0.3,-0.0,-0.3
2026-06-10,192440,,10.44,-1.5,0.0,1.8
2026-06-11,192440,,10.35,-0.2,-0.0,0.2
2026-06-12,192440,,10.34,0.6,-0.9,0.3
2026-06-15,192440,,10.38,-0.2,0.0,0.2
2026-06-16,192440,,10.37,-0.6,0.0,0.6
2026-06-17,192440,,10.33,-0.4,0.0,0.4
2026-06-18,192440,,10.31,-0.2,0.1,0.1
2026-06-19,192440,,10.3,0.4,-0.0,-0.5
2026-06-22,192440,,10.32,0.0,0.0,-0.0
2026-06-23,192440,,10.32,2.0,-0.6,-1.7
2026-06-24,192440,,10.43,-0.0,-0.1,-0.0
2026-06-25,192440,,10.43,-1.3,0.0,1.1
2026-06-26,192440,,10.36,0.7,0.1,-0.8
2026-06-29,192440,,10.4,0.1,-0.0,-0.1
2026-06-30,192440,29250.0,10.4,-0.1,0.0,-0.1
2026-07-01,192440,,10.4,-0.2,-0.0,0.0
2026-07-02,192440,,10.38,-0.2,-0.0,-0.0
2026-07-03,192440,,10.37,-0.3,-0.0,0.1
2026-07-06,192440,,10.36,-0.2,,-0.0
2026-07-07,192440,,10.35,-0.1,0.4,-0.6
2026-07-08,192440,,10.34,0.2,0.0,-0.4
2026-07-09,192440,,10.36,-1.0,-0.1,0.9
2026-07-10,192440,,10.3,0.0,0.0,-0.2
2026-07-13,192440,28250.0,10.3,-0.2,0.0,0.0
2025-07-14,192650,,57.44,-1.0,0.5,0.6
2025-07-15,192650,,57.41,1.5,0.3,-1.8
2025-07-16,192650,,57.53,1.2,0.5,-1.8
2025-07-17,192650,,57.56,0.1,-0.3,0.4
2025-07-18,192650,,57.56,0.3,-0.3,0.1
2025-07-21,192650,,57.56,1.4,-0.8,-0.5
2025-07-22,192650,,57.59,0.0,-1.0,0.8
2025-07-23,192650,,57.59,-2.9,-1.5,4.4
2025-07-24,192650,,57.5,-0.5,-1.0,1.6
2025-07-25,192650,,57.34,-2.2,-1.3,3.4
2025-07-28,192650,,57.25,1.0,-1.2,0.3
2025-07-29,192650,,57.31,-0.1,-0.5,0.6
2025-07-30,192650,,57.31,2.3,-0.7,-1.6
2025-07-31,192650,,57.38,1.2,-0.2,-0.7
2025-08-01,192650,,57.5,-9.8,-0.7,10.5
2025-08-04,192650,,57.22,1.1,-1.5,0.3
2025-08-05,192650,,57.25,4.8,-1.5,-3.2
2025-08-06,192650,,57.38,4.8,-1.1,-3.8
2025-08-07,192650,,57.5,3.7,-0.8,-3.1
2025-08-08,192650,,57.62,2.3,-0.2,-2.1
2025-08-11,192650,,57.66,3.1,0.7,-3.9
2025-08-12,192650,,57.75,2.9,-0.1,-3.0
2025-08-13,192650,,57.81,5.8,-0.1,-5.5
2025-08-14,192650,,57.94,-3.2,-2.0,5.0
2025-08-18,192650,,57.84,-0.9,-3.1,4.0
2025-08-19,192650,,57.88,-1.6,-0.1,1.8
2025-08-20,192650,,57.84,-2.6,-2.6,5.2
2025-08-21,192650,,57.78,-1.6,0.4,1.2
2025-08-22,192650,,57.75,-1.1,-0.4,1.4
2025-08-25,192650,,57.72,3.7,0.0,-3.7
2025-08-26,192650,,57.84,1.8,1.3,-3.5
2025-08-27,192650,,57.91,1.4,1.2,-2.7
2025-08-28,192650,,57.94,3.2,1.9,-4.9
2025-08-29,192650,6370.0,58.0,-1.6,1.6,-0.1
2025-09-01,192650,,57.97,-0.4,1.8,-1.4
2025-09-02,192650,,58.0,1.6,1.9,-3.5
2025-09-03,192650,,58.06,0.3,1.9,-2.1
2025-09-04,192650,,58.06,2.9,1.9,-4.8
2025-09-05,192650,,58.12,-0.5,1.9,-1.4
2025-09-08,192650,,58.12,-0.8,1.9,-1.1
2025-09-09,192650,,58.09,0.4,1.9,-2.4
2025-09-10,192650,,58.09,2.7,1.7,-4.5
2025-09-11,192650,,58.16,2.5,1.6,-4.2
2025-09-12,192650,,58.22,-0.2,0.4,-0.2
2025-09-15,192650,,58.12,-0.2,1.8,-1.6
2025-09-16,192650,,58.12,-2.5,2.0,1.1
2025-09-17,192650,,58.06,0.3,1.9,-2.3
2025-09-18,192650,,58.12,2.0,1.7,-3.7
2025-09-19,192650,,58.16,-1.7,2.0,-0.1
2025-09-22,192650,,58.12,0.5,0.6,-1.1
2025-09-23,192650,,58.12,-1.0,0.2,0.8
2025-09-24,192650,,58.09,-0.9,0.1,0.8
2025-09-25,192650,,58.06,-1.1,0.0,1.0
2025-09-26,192650,,58.03,-3.3,-0.3,3.6
2025-09-29,192650,,57.91,0.4,-0.6,0.2
2025-09-30,192650,6100.0,57.91,-1.6,0.4,1.2
2025-10-01,192650,,57.88,-0.9,-0.2,1.1
2025-10-02,192650,,57.88,0.4,-0.7,0.4
2025-10-10,192650,,57.88,-0.6,-0.3,0.9
2025-10-13,192650,,57.88,-2.4,-1.5,3.9
2025-10-14,192650,,57.78,-3.3,-0.3,3.6
2025-10-15,192650,,57.72,1.1,-0.6,-0.6
2025-10-16,192650,,57.75,1.6,-0.1,-1.6
2025-10-17,192650,,57.78,0.6,-0.1,-0.5
2025-10-20,192650,,57.78,1.4,-0.2,-0.8
2025-10-21,192650,,57.84,2.3,0.6,-2.8
2025-10-22,192650,,57.88,-2.1,-1.1,3.2
2025-10-23,192650,,57.81,-2.1,0.0,2.4
2025-10-24,192650,,57.78,0.7,0.0,-0.7
2025-10-27,192650,,57.78,1.4,-0.0,-1.9
2025-10-28,192650,,57.84,1.2,0.5,-2.8
2025-10-29,192650,,57.84,4.6,0.1,-4.9
2025-10-30,192650,,57.97,-0.6,-2.3,1.8
2025-10-31,192650,6400.0,57.94,0.8,-0.5,-1.3
2025-11-03,192650,,57.94,4.5,-0.1,-7.5
2025-11-04,192650,,58.09,-2.3,0.8,0.7
2025-11-05,192650,,58.03,-3.0,0.1,1.9
2025-11-06,192650,,58.0,-1.1,-0.6,0.6
2025-11-07,192650,,57.97,-3.2,-0.0,2.2
2025-11-10,192650,,57.88,4.0,0.0,-5.3
2025-11-11,192650,,57.91,2.3,-0.1,-3.2
2025-11-12,192650,,57.97,0.4,0.1,-1.3
2025-11-13,192650,,57.97,-2.9,-0.3,2.4
2025-11-14,192650,,57.91,-1.6,-0.7,1.9
2025-11-17,192650,,57.88,-0.6,0.1,0.3
2025-11-18,192650,,57.88,-1.6,-0.6,1.3
2025-11-19,192650,,57.84,-0.8,-0.1,-0.1
2025-11-20,192650,,57.81,4.0,-0.0,-4.9
2025-11-21,192650,,57.94,-9.3,-0.0,8.4
2025-11-24,192650,,57.72,1.0,-0.0,-1.4
2025-11-25,192650,,57.72,2.5,-1.7,-1.5
2025-11-26,192650,,57.78,-0.5,0.0,1.0
2025-11-27,192650,,57.78,1.3,-0.1,-1.2
2025-11-28,192650,7100.0,57.81,7.5,-4.1,-3.4
2025-12-01,192650,,58.0,-1.2,0.0,1.1
2025-12-02,192650,,58.12,-0.8,-0.0,0.8
2025-12-03,192650,,58.09,5.6,0.0,-5.5
2025-12-04,192650,,58.22,-1.7,-2.0,3.8
2025-12-05,192650,,58.16,-3.6,-0.0,3.8
2025-12-08,192650,,58.09,-0.0,-0.1,0.2
2025-12-09,192650,,58.09,8.9,-0.0,-8.9
2025-12-10,192650,,58.28,1.3,-0.1,-1.2
2025-12-11,192650,,58.31,0.6,-0.1,-0.5
2025-12-12,192650,,58.31,0.4,1.9,-2.2
2025-12-15,192650,,58.53,0.8,-0.0,-0.8
2025-12-16,192650,,58.53,-2.1,0.1,2.0
2025-12-17,192650,,58.75,-2.8,0.0,2.7
2025-12-18,192650,,58.62,-0.9,0.1,1.0
2025-12-19,192650,,58.59,1.3,1.2,-2.3
2025-12-22,192650,,58.62,4.9,-0.8,-4.0
2025-12-23,192650,,58.47,-2.9,-0.2,3.0
2025-12-24,192650,,58.47,-0.9,-1.2,2.1
2025-12-26,192650,,58.41,4.6,0.0,-4.7
2025-12-29,192650,,58.28,-3.8,-1.6,5.4
2025-12-30,192650,7060.0,58.19,-1.0,1.1,-0.1
2026-01-02,192650,,57.78,0.6,-0.3,-0.1
2026-01-05,192650,,57.81,-1.2,0.0,1.2
2026-01-06,192650,,58.09,0.8,-0.5,-0.2
2026-01-07,192650,,58.41,0.2,0.4,-0.6
2026-01-08,192650,,58.41,-17.5,-0.1,17.6
2026-01-09,192650,,58.06,-3.2,-0.4,4.2
2026-01-12,192650,,57.97,4.8,-0.0,-4.8
2026-01-13,192650,,58.09,0.2,-0.5,0.3
2026-01-14,192650,,58.28,-1.2,-0.7,1.9
2026-01-15,192650,,58.25,0.9,0.4,-1.3
2026-01-16,192650,,58.28,12.8,-0.1,-13.1
2026-01-19,192650,,58.53,22.2,1.3,-23.5
2026-01-20,192650,,58.94,-12.8,-0.4,13.1
2026-01-21,192650,,58.69,-2.3,0.4,1.9
2026-01-22,192650,,58.62,0.4,-0.7,0.2
2026-01-23,192650,,58.66,5.5,1.7,-7.2
2026-01-26,192650,,58.72,6.5,0.2,-6.6
2026-01-27,192650,,58.84,-6.9,-0.1,6.9
2026-01-28,192650,,58.72,6.8,5.6,-23.2
2026-01-29,192650,,58.84,14.6,-1.0,-15.6
2026-01-30,192650,7910.0,59.03,-5.8,-1.1,5.7
2026-02-02,192650,,58.94,6.2,0.3,-7.0
2026-02-03,192650,,59.06,13.7,3.1,-16.3
2026-02-04,192650,,59.28,-14.3,-1.5,15.4
2026-02-05,192650,,58.66,-8.3,-0.2,10.3
2026-02-06,192650,,58.5,-2.2,0.3,2.0
2026-02-09,192650,,58.47,7.9,1.4,-9.4
2026-02-10,192650,,58.62,5.0,1.5,-5.8
2026-02-11,192650,,58.72,-1.1,1.4,-1.0
2026-02-12,192650,,58.69,23.6,9.7,-34.8
2026-02-13,192650,,59.09,-26.5,-5.5,32.1
2026-02-19,192650,,58.62,0.6,0.1,-0.3
2026-02-20,192650,,58.62,-0.6,3.2,-2.8
2026-02-23,192650,,58.62,-4.4,3.7,0.5
2026-02-24,192650,,58.53,5.5,0.3,-5.7
2026-02-25,192650,,58.62,-0.8,2.2,-1.6
2026-02-26,192650,,58.62,-6.1,2.3,3.8
2026-02-27,192650,7790.0,58.25,0.4,-0.8,-0.0
2026-03-03,192650,,58.25,3.7,-0.7,-2.2
2026-03-04,192650,,58.34,-1.8,0.6,1.2
2026-03-05,192650,,58.31,-8.4,-0.5,9.0
2026-03-06,192650,,58.12,-2.4,-0.0,2.5
2026-03-09,192650,,58.06,2.7,0.4,-3.4
2026-03-10,192650,,58.12,-3.3,-0.1,3.4
2026-03-11,192650,,58.03,4.9,0.2,-5.2
2026-03-12,192650,,58.12,-5.8,1.9,3.8
2026-03-13,192650,,58.03,6.1,0.5,-6.5
2026-03-16,192650,,58.16,-5.5,-0.3,5.8
2026-03-17,192650,,58.03,-3.5,-0.2,3.7
2026-03-18,192650,,57.97,1.1,-0.2,-0.4
2026-03-19,192650,,57.97,1.7,0.3,-1.3
2026-03-20,192650,,58.03,-1.3,0.2,0.9
2026-03-23,192650,,58.0,3.6,0.3,-4.0
2026-03-24,192650,,58.06,2.7,-0.0,-2.7
2026-03-25,192650,,58.12,3.7,0.0,-3.3
2026-03-26,192650,,58.19,-5.2,-0.0,5.9
2026-03-27,192650,,58.09,-1.5,-0.2,1.7
2026-03-30,192650,,58.06,-3.3,0.1,3.2
2026-03-31,192650,6270.0,57.97,-1.4,0.2,1.1
2026-04-01,192650,,57.91,2.3,-0.1,-2.2
2026-04-02,192650,,57.97,2.0,0.0,-2.0
2026-04-03,192650,,58.0,-0.9,0.2,1.7
2026-04-06,192650,,57.97,-5.1,0.1,5.0
2026-04-07,192650,,57.88,0.6,-0.9,0.9
2026-04-08,192650,,57.88,5.6,-5.0,0.7
2026-04-09,192650,,58.0,-1.0,-0.2,1.6
2026-04-10,192650,,57.97,1.1,-0.9,1.1
2026-04-13,192650,,58.0,3.5,-2.9,-0.2
2026-04-14,192650,,58.16,2.6,-4.8,3.1
2026-04-15,192650,,58.28,4.7,-5.3,2.0
2026-04-16,192650,,58.38,-13.1,-3.1,16.1
2026-04-17,192650,,58.06,0.6,-1.5,0.9
2026-04-20,192650,,58.09,-0.6,-0.2,2.2
2026-04-21,192650,,58.5,3.0,-0.1,-2.1
2026-04-22,192650,,58.69,2.4,-0.4,-1.7
2026-04-23,192650,,58.75,-3.1,-0.3,5.2
2026-04-24,192650,,58.69,8.7,0.5,-7.9
2026-04-27,192650,,58.88,-0.4,-0.7,1.8
2026-04-28,192650,,58.88,-5.9,-0.2,6.3
2026-04-29,192650,,58.75,1.2,-1.1,0.7
2026-04-30,192650,6710.0,58.75,-1.1,-0.0,1.6
2026-05-04,192650,,58.75,3.8,-1.0,-2.6
2026-05-06,192650,,58.81,-1.4,-0.8,3.7
2026-05-07,192650,,58.78,-2.5,0.1,2.6
2026-05-08,192650,,58.75,7.5,3.4,-10.4
2026-05-11,192650,,58.91,2.2,-1.6,2.7
2026-05-12,192650,,58.94,2.5,0.8,-2.6
2026-05-13,192650,,59.0,-0.0,-0.0,0.4
2026-05-14,192650,,59.0,2.2,0.1,-2.4
2026-05-15,192650,,59.06,-4.5,2.1,2.6
2026-05-18,192650,,58.81,-29.0,-1.4,30.4
2026-05-19,192650,,58.06,3.8,-4.6,2.0
2026-05-20,192650,,58.16,1.4,-0.7,-1.0
2026-05-21,192650,,58.22,1.3,-0.0,-1.8
2026-05-22,192650,,58.25,0.5,-0.3,-0.0
2026-05-26,192650,,58.28,-14.3,-2.7,18.4
2026-05-27,192650,,57.88,-3.5,-4.2,10.4
2026-05-28,192650,,57.81,-1.6,-1.1,2.9
2026-05-29,192650,4945.0,57.78,-0.7,-0.8,1.5
2026-06-01,192650,,57.75,0.1,-0.4,0.1
2026-06-02,192650,,57.75,3.2,-0.4,-2.8
2026-06-04,192650,,57.88,-2.6,0.2,2.4
2026-06-05,192650,,57.84,-2.9,-0.0,2.7
2026-06-08,192650,,57.78,-1.4,-2.2,3.4
2026-06-09,192650,,57.72,2.5,0.1,-2.7
2026-06-10,192650,,57.81,-0.4,-1.5,3.4
2026-06-11,192650,,57.78,0.3,-4.3,4.0
2026-06-12,192650,,57.88,-0.6,-1.1,2.1
2026-06-15,192650,,57.84,-1.6,-1.9,4.1
2026-06-16,192650,,57.81,-10.4,-3.6,15.4
2026-06-17,192650,,57.56,-7.3,0.0,6.8
2026-06-18,192650,,57.41,0.7,0.6,-0.8
2026-06-19,192650,,60.09,2.0,-1.9,-0.1
2026-06-22,192650,,60.16,0.4,-0.1,-0.2
2026-06-23,192650,,60.16,-0.6,-0.8,1.3
2026-06-24,192650,,60.16,-0.7,-0.3,1.6
2026-06-25,192650,,60.12,2.5,-0.9,-1.6
2026-06-26,192650,,60.22,2.1,-1.7,-0.4
2026-06-29,192650,,60.31,0.2,-0.0,-1.1
2026-06-30,192650,5010.0,60.31,-3.9,-0.0,3.9
2026-07-01,192650,,60.19,-2.3,0.0,2.2
2026-07-02,192650,,60.19,-3.9,0.0,3.2
2026-07-03,192650,,60.19,0.1,-0.1,-0.6
2026-07-06,192650,,60.19,-2.2,0.0,2.0
2026-07-07,192650,,60.12,4.5,-1.1,-3.3
2026-07-08,192650,,60.28,-8.8,-1.6,10.0
2026-07-09,192650,,59.94,-1.7,-0.0,1.8
2026-07-10,192650,,59.88,8.3,0.7,-8.7
2026-07-13,192650,4330.0,60.16,-2.6,-0.3,2.8
2025-07-14,192820,,36.16,-9.2,19.3,-10.9
2025-07-15,192820,,36.19,51.3,-27.9,-21.3
2025-07-16,192820,,36.44,21.8,-43.3,20.6
2025-07-17,192820,,36.53,22.8,-11.1,-12.1
2025-07-18,192820,,36.59,44.6,-110.2,63.5
2025-07-21,192820,,36.59,23.4,-40.0,15.8
2025-07-22,192820,,36.69,11.2,-9.1,-3.9
2025-07-23,192820,,36.75,17.5,-25.6,7.1
2025-07-24,192820,,36.81,27.3,-44.7,17.3
2025-07-25,192820,,36.91,14.0,-32.2,12.7
2025-07-28,192820,,36.94,35.6,-18.6,-18.2
2025-07-29,192820,,37.09,-13.3,6.1,6.6
2025-07-30,192820,,37.06,5.8,13.7,-23.9
2025-07-31,192820,,37.12,-13.9,44.5,-26.9
2025-08-01,192820,,37.12,-9.9,-12.9,21.9
2025-08-04,192820,,37.06,-1.1,2.6,-1.7
2025-08-05,192820,,37.06,-27.7,65.1,-37.7
2025-08-06,192820,,36.84,-55.8,34.6,19.5
2025-08-07,192820,,36.62,-18.4,53.5,-34.0
2025-08-08,192820,,36.56,151.0,-46.5,-109.8
2025-08-11,192820,,37.0,41.7,-105.7,74.5
2025-08-12,192820,,37.12,-540.7,-415.7,945.4
2025-08-13,192820,,34.66,-250.6,16.7,226.6
2025-08-14,192820,,33.38,-159.3,-3.2,152.3
2025-08-18,192820,,32.62,-25.7,65.1,-38.7
2025-08-19,192820,,32.53,-48.9,30.5,18.2
2025-08-20,192820,,32.34,-39.2,125.0,-93.3
2025-08-21,192820,,32.19,-5.2,164.4,-162.3
2025-08-22,192820,,32.25,-76.8,58.5,17.1
2025-08-25,192820,,31.95,-20.1,20.0,-2.6
2025-08-26,192820,,31.89,-0.1,0.2,-2.6
2025-08-27,192820,,32.03,17.6,13.1,-32.0
2025-08-28,192820,,32.16,8.6,-2.5,-6.8
2025-08-29,192820,216500.0,32.19,34.9,-8.5,-20.5
2025-09-01,192820,,32.41,75.8,-25.9,-49.1
2025-09-02,192820,,32.78,37.0,-57.3,-25.3
2025-09-03,192820,,32.94,86.4,-37.6,-47.7
2025-09-04,192820,,33.34,28.8,11.5,-40.4
2025-09-05,192820,,33.56,-7.6,5.6,3.2
2025-09-08,192820,,33.62,0.1,1.1,0.6
2025-09-09,192820,,33.62,15.7,19.6,-34.6
2025-09-10,192820,,33.72,-19.5,13.1,6.2
2025-09-11,192820,,33.62,-32.7,91.1,-56.9
2025-09-12,192820,,33.5,-24.9,-15.2,38.2
2025-09-15,192820,,33.28,7.9,-4.1,-4.2
2025-09-16,192820,,33.31,8.5,-12.9,4.4
2025-09-17,192820,,33.34,5.7,17.6,-23.4
2025-09-18,192820,,33.38,-19.3,47.3,-27.7
2025-09-19,192820,,33.31,-12.0,53.5,-41.9
2025-09-22,192820,,33.25,-2.2,122.7,-120.1
2025-09-23,192820,,33.34,12.2,-7.5,-4.3
2025-09-24,192820,,33.41,-11.7,18.4,-6.9
2025-09-25,192820,,33.34,-37.9,21.0,16.7
2025-09-26,192820,,33.25,36.5,-49.5,14.1
2025-09-29,192820,,33.34,-10.7,9.3,2.3
2025-09-30,192820,214500.0,33.41,20.6,-122.5,107.0
2025-10-01,192820,,33.47,-15.2,-53.9,68.8
2025-10-02,192820,,33.41,-47.2,19.7,18.4
2025-10-10,192820,,33.28,8.9,-57.9,46.7
2025-10-13,192820,,33.31,-1.3,-4.8,7.7
2025-10-14,192820,,33.31,-28.0,-25.5,53.9
2025-10-15,192820,,33.16,-6.5,14.0,-9.8
2025-10-16,192820,,33.12,-33.9,32.5,-1.0
2025-10-17,192820,,32.97,2.9,-14.9,12.9
2025-10-20,192820,,33.0,-8.6,51.1,-42.1
2025-10-21,192820,,33.03,-20.7,13.4,37.6
2025-10-22,192820,,32.94,-25.2,36.4,-8.2
2025-10-23,192820,,32.91,-28.5,3.9,26.5
2025-10-24,192820,,32.78,5.4,5.5,5.9
2025-10-27,192820,,32.78,-3.0,-1.4,16.3
2025-10-28,192820,,32.78,14.9,-75.4,59.8
2025-10-29,192820,,32.88,2.0,-18.8,17.0
2025-10-30,192820,,32.88,-9.9,-24.7,34.2
2025-10-31,192820,204500.0,32.75,8.7,2.3,-9.1
2025-11-03,192820,,32.78,-36.0,-37.2,67.2
2025-11-04,192820,,32.62,34.6,-53.8,20.6
2025-11-05,192820,,32.78,6.2,-2.3,-3.9
2025-11-06,192820,,32.81,16.4,-7.8,-8.6
2025-11-07,192820,,32.91,1.1,45.7,-46.1
2025-11-10,192820,,32.94,0.6,-60.9,59.1
2025-11-11,192820,,32.91,-104.0,-465.9,563.8
2025-11-12,192820,,32.19,27.0,-47.6,19.5
2025-11-13,192820,,32.44,-12.9,38.0,-25.9
2025-11-14,192820,,32.41,-14.5,-20.3,37.9
2025-11-17,192820,,32.44,20.5,-5.6,-14.6
2025-11-18,192820,,32.59,-15.3,-15.2,21.7
2025-11-19,192820,,32.5,101.3,10.7,-98.9
2025-11-20,192820,,33.22,45.9,16.4,-64.6
2025-11-21,192820,,33.53,-71.8,136.7,-64.1
2025-11-24,192820,,33.28,-24.9,6.2,18.6
2025-11-25,192820,,33.19,9.9,-16.1,6.7
2025-11-26,192820,,33.22,15.9,-5.1,-10.6
2025-11-27,192820,,33.28,18.0,-18.3,0.4
2025-11-28,192820,166000.0,33.38,23.4,3.8,-26.8
2025-12-01,192820,,33.5,10.0,-28.0,18.0
2025-12-02,192820,,33.41,13.9,-19.3,5.4
2025-12-03,192820,,33.47,11.3,-10.5,-2.1
2025-12-04,192820,,33.53,17.5,-30.8,12.8
2025-12-05,192820,,33.62,26.2,-14.2,-12.3
2025-12-08,192820,,33.75,-7.2,-5.0,12.0
2025-12-09,192820,,33.72,-14.8,-9.4,23.7
2025-12-10,192820,,33.78,-62.8,12.5,49.3
2025-12-11,192820,,33.47,-7.4,1.8,5.4
2025-12-12,192820,,33.47,-8.5,10.5,-1.8
2025-12-15,192820,,33.41,-7.6,-7.5,15.0
2025-12-16,192820,,33.38,92.3,11.8,-102.7
2025-12-17,192820,,33.97,-1.3,11.0,-9.4
2025-12-18,192820,,33.97,-6.6,10.6,-4.5
2025-12-19,192820,,33.88,12.2,-5.2,-7.0
2025-12-22,192820,,33.94,16.6,-12.7,-3.9
2025-12-23,192820,,34.0,4.1,6.5,-10.2
2025-12-24,192820,,34.06,2.5,-6.3,4.4
2025-12-26,192820,,34.25,-9.5,-12.8,22.0
2025-12-29,192820,,34.06,29.9,-7.1,-22.1
2025-12-30,192820,163000.0,33.94,33.5,-53.9,20.4
2026-01-02,192820,,34.06,40.0,18.2,-58.5
2026-01-05,192820,,34.28,-70.7,16.1,55.5
2026-01-06,192820,,33.97,1.6,14.8,-16.0
2026-01-07,192820,,34.06,-1.2,-23.9,25.0
2026-01-08,192820,,34.06,2.3,-24.2,22.1
2026-01-09,192820,,34.12,30.6,-11.6,-19.3
2026-01-12,192820,,34.44,16.2,-11.4,-2.9
2026-01-13,192820,,34.5,2.2,-12.6,10.5
2026-01-14,192820,,34.62,94.6,17.1,-111.0
2026-01-15,192820,,35.22,15.0,21.4,-31.3
2026-01-16,192820,,35.34,55.3,36.0,-89.9
2026-01-19,192820,,35.66,32.0,-18.5,-11.9
2026-01-20,192820,,35.81,18.1,-3.8,-14.1
2026-01-21,192820,,35.88,50.1,-36.6,-12.2
2026-01-22,192820,,36.16,68.3,73.0,-139.7
2026-01-23,192820,,36.53,5.5,12.6,-18.6
2026-01-26,192820,,36.5,4.6,-29.3,24.6
2026-01-27,192820,,36.5,30.0,-25.8,-4.5
2026-01-28,192820,,36.62,38.6,-4.2,-34.7
2026-01-29,192820,,36.81,13.1,12.7,-26.2
2026-01-30,192820,202500.0,36.88,72.4,9.4,-85.4
2026-02-02,192820,,37.28,20.3,-41.2,20.5
2026-02-03,192820,,37.31,16.2,-5.7,-10.2
2026-02-04,192820,,37.38,14.5,-33.8,19.1
2026-02-05,192820,,37.44,44.6,10.3,-55.3
2026-02-06,192820,,37.69,-37.9,40.3,-10.1
2026-02-09,192820,,37.5,84.9,5.0,-91.0
2026-02-10,192820,,37.97,6.5,6.8,-15.8
2026-02-11,192820,,37.94,-9.6,4.0,4.8
2026-02-12,192820,,37.88,4.8,27.8,-30.4
2026-02-13,192820,,37.91,3.8,-4.7,1.1
2026-02-19,192820,,37.91,6.0,-7.5,3.1
2026-02-20,192820,,37.91,48.8,-31.4,-7.9
2026-02-23,192820,,38.09,-21.9,-38.4,61.2
2026-02-24,192820,,37.84,73.5,-21.5,-52.6
2026-02-25,192820,,38.19,-28.7,-22.3,48.2
2026-02-26,192820,,38.0,-36.5,-91.6,127.2
2026-02-27,192820,190000.0,37.78,40.4,-33.6,-0.5
2026-03-03,192820,,37.97,-24.1,-0.3,24.2
2026-03-04,192820,,37.84,35.2,-12.8,-22.4
2026-03-05,192820,,38.03,23.0,-44.9,20.9
2026-03-06,192820,,38.09,13.9,-22.5,7.7
2026-03-09,192820,,38.19,31.1,-15.3,-14.9
2026-03-10,192820,,38.38,28.4,-8.3,-19.2
2026-03-11,192820,,38.41,-5.1,-7.1,11.6
2026-03-12,192820,,38.34,14.1,2.1,-16.1
2026-03-13,192820,,38.44,13.4,-0.4,-12.8
2026-03-16,192820,,38.62,-12.5,-10.9,23.2
2026-03-17,192820,,38.53,19.5,0.6,-20.5
2026-03-18,192820,,38.66,-1.2,-6.6,7.9
2026-03-19,192820,,38.62,30.4,-3.5,-26.7
2026-03-20,192820,,38.75,115.0,186.8,-306.3
2026-03-23,192820,,39.5,64.5,87.6,-148.3
2026-03-24,192820,,39.78,-2.0,2.5,-1.5
2026-03-25,192820,,39.75,5.6,-2.8,-4.0
2026-03-26,192820,,39.81,6.8,-25.8,19.1
2026-03-27,192820,,39.84,44.4,60.0,-102.5
2026-03-30,192820,,40.16,-37.3,9.3,28.8
2026-03-31,192820,196500.0,39.88,-49.3,79.0,-31.3
2026-04-01,192820,,39.66,-27.3,48.0,-20.1
2026-04-02,192820,,39.56,11.8,5.6,-17.6
2026-04-03,192820,,39.62,-21.5,-10.2,31.6
2026-04-06,192820,,39.47,-2.7,-14.2,17.4
2026-04-07,192820,,39.5,15.1,-38.7,27.2
2026-04-08,192820,,39.56,-15.1,-10.1,28.9
2026-04-09,192820,,39.47,-15.0,-11.5,26.2
2026-04-10,192820,,39.44,-4.0,-28.1,31.4
2026-04-13,192820,,39.44,88.3,49.0,-137.1
2026-04-14,192820,,40.03,-14.6,9.8,5.0
2026-04-15,192820,,39.66,4.5,-13.0,8.2
2026-04-16,192820,,39.72,44.6,10.5,-55.0
2026-04-17,192820,,39.94,3.3,57.7,-57.6
2026-04-20,192820,,40.0,-2.7,9.8,-6.5
2026-04-21,192820,,39.97,25.8,0.4,-25.4
2026-04-22,192820,,40.06,10.5,17.5,-28.0
2026-04-23,192820,,40.22,31.8,5.9,-35.3
2026-04-24,192820,,40.34,22.2,66.2,-89.1
2026-04-27,192820,,40.44,-11.1,3.5,7.1
2026-04-28,192820,,40.34,-12.9,28.3,-15.2
2026-04-29,192820,,40.16,-35.0,31.8,3.1
2026-04-30,192820,210500.0,39.94,21.2,-33.1,12.4
2026-05-04,192820,,39.97,-36.0,-4.7,40.7
2026-05-06,192820,,39.78,-5.3,6.5,-1.9
2026-05-07,192820,,39.81,-3.8,-2.3,6.2
2026-05-08,192820,,39.78,-69.6,10.3,57.1
2026-05-11,192820,,39.47,-50.2,6.5,41.1
2026-05-12,192820,,39.25,11.6,6.4,-16.9
2026-05-13,192820,,39.41,-146.7,-128.2,274.6
2026-05-14,192820,,38.53,-24.4,-17.0,41.1
2026-05-15,192820,,38.38,2.4,3.0,-6.2
2026-05-18,192820,,38.38,6.4,-19.7,11.7
2026-05-19,192820,,38.41,-20.0,6.7,13.6
2026-05-20,192820,,38.31,-0.6,5.7,-5.3
2026-05-21,192820,,38.34,-26.2,6.7,18.7
2026-05-22,192820,,38.16,15.8,0.1,-16.7
2026-05-26,192820,,38.28,-7.7,-8.6,17.6
2026-05-27,192820,,38.22,7.1,-14.2,7.6
2026-05-28,192820,,38.25,-3.4,-3.6,7.8
2026-05-29,192820,173700.0,38.25,32.6,-38.8,5.8
2026-06-01,192820,,38.41,-2.5,-8.4,8.7
2026-06-02,192820,,38.38,-7.9,9.3,-1.5
2026-06-04,192820,,38.34,19.2,-28.4,9.3
2026-06-05,192820,,38.47,-0.3,-15.8,15.4
2026-06-08,192820,,38.47,-2.3,10.9,-9.4
2026-06-09,192820,,38.5,17.3,-11.2,-6.7
2026-06-10,192820,,38.56,-18.0,5.2,12.7
2026-06-11,192820,,38.44,-0.5,-5.9,4.7
2026-06-12,192820,,38.38,-0.8,5.2,-3.9
2026-06-15,192820,,38.38,-16.8,-8.7,21.3
2026-06-16,192820,,38.28,-28.8,3.7,27.0
2026-06-17,192820,,38.09,0.7,0.5,-1.6
2026-06-18,192820,,38.06,-8.4,-1.6,9.9
2026-06-19,192820,,37.97,-17.9,1.6,16.3
2026-06-22,192820,,37.91,-6.2,-0.0,5.8
2026-06-23,192820,,37.88,52.8,-32.7,-19.0
2026-06-24,192820,,38.25,10.5,-13.4,2.9
2026-06-25,192820,,38.31,-2.1,-18.5,20.4
2026-06-26,192820,,38.25,15.0,2.4,-17.1
2026-06-29,192820,,38.31,15.4,7.8,-23.5
2026-06-30,192820,154900.0,38.44,-11.1,-1.9,11.7
2026-07-01,192820,,38.38,-12.4,19.4,-6.8
2026-07-02,192820,,38.34,-13.7,36.8,-25.8
2026-07-03,192820,,38.31,-10.8,12.7,-2.2
2026-07-06,192820,,38.22,-14.2,44.6,-33.1
2026-07-07,192820,,38.06,-76.2,87.8,-15.9
2026-07-08,192820,,37.69,-56.2,50.0,1.5
2026-07-09,192820,,37.38,-9.6,26.6,-17.0
2026-07-10,192820,,37.38,49.4,-44.9,-5.0
2026-07-13,192820,184300.0,37.66,41.5,26.2,-66.3
2025-07-14,193250,,2.0,-0.1,0.0,0.0
2025-07-15,193250,,1.99,0.1,-0.0,-0.1
2025-07-16,193250,,2.02,-0.1,0.0,0.1
2025-07-17,193250,,2.0,-0.1,-0.0,0.1
2025-07-18,193250,,1.97,0.2,0.0,-0.2
2025-07-21,193250,,2.03,-0.0,-0.0,0.0
2025-07-22,193250,,2.02,-0.0,0.0,0.1
2025-07-23,193250,,2.01,0.0,0.0,-0.1
2025-07-24,193250,,2.02,-0.0,-0.0,0.0
2025-07-25,193250,,2.01,-0.0,0.0,0.1
2025-07-28,193250,,2.0,0.0,0.0,-0.0
2025-07-29,193250,,2.0,0.1,-0.0,-0.0
2025-07-30,193250,,2.02,0.1,0.0,-0.1
2025-07-31,193250,,2.04,0.1,0.0,-0.1
2025-08-01,193250,,2.05,-0.1,-0.0,0.1
2025-08-04,193250,,2.03,0.0,-0.0,-0.0
2025-08-05,193250,,2.04,-0.0,-0.0,0.0
2025-08-06,193250,,2.03,0.0,0.0,-0.0
2025-08-07,193250,,2.04,-0.0,-0.0,0.1
2025-08-08,193250,,2.02,-0.0,-0.0,0.0
2025-08-11,193250,,2.02,-0.0,-0.0,0.0
2025-08-12,193250,,2.02,-0.0,-0.0,0.0
2025-08-13,193250,,2.02,-0.1,0.0,0.1
2025-08-14,193250,,1.98,-0.0,-0.0,0.0
2025-08-18,193250,,1.98,0.0,0.0,-0.0
2025-08-19,193250,,1.98,-0.0,0.0,0.0
2025-08-20,193250,,1.98,0.1,-0.0,-0.0
2025-08-21,193250,,2.0,0.0,0.0,-0.0
2025-08-22,193250,,2.01,0.0,0.0,-0.0
2025-08-25,193250,,2.01,-0.0,-0.0,0.1
2025-08-26,193250,,2.01,-0.0,-0.0,0.0
2025-08-27,193250,,2.01,-0.0,0.0,-0.0
2025-08-28,193250,,2.0,-0.2,-0.0,0.2
2025-08-29,193250,491.0,1.94,-1.1,-0.0,1.0
2025-09-01,193250,,1.64,0.2,-0.0,-0.1
2025-09-02,193250,,1.7,0.6,0.0,-0.6
2025-09-03,193250,,1.91,0.1,0.0,-0.1
2025-09-04,193250,,1.94,-0.0,-0.0,0.1
2025-09-05,193250,,1.93,-0.0,0.0,0.0
2025-09-08,193250,,1.91,-0.2,-0.0,0.2
2025-09-09,193250,,1.84,-0.1,0.0,0.1
2025-09-10,193250,,1.77,0.1,-0.0,-0.2
2025-09-11,193250,,1.82,-0.0,0.0,0.1
2025-09-12,193250,,1.81,0.0,-0.0,0.0
2025-09-15,193250,,1.83,-0.1,0.0,0.1
2025-09-16,193250,,1.82,-0.1,-0.0,0.1
2025-09-17,193250,,1.8,-0.1,-0.0,0.2
2025-09-18,193250,,1.74,-0.1,-0.0,0.1
2025-09-19,193250,,1.72,0.1,-0.0,-0.1
2025-09-22,193250,,1.75,0.0,-0.0,-0.0
2025-09-23,193250,,1.75,0.0,-0.0,-0.0
2025-09-24,193250,,1.76,-0.0,0.0,0.0
2025-09-25,193250,,1.75,-0.0,-0.0,0.0
2025-09-26,193250,,1.74,0.0,0.0,-0.0
2025-09-29,193250,,1.75,-0.0,-0.0,0.0
2025-09-30,193250,450.0,1.75,-0.0,0.0,0.0
2025-10-01,193250,,1.74,-0.0,-0.0,0.0
2025-10-02,193250,,1.73,-0.0,0.0,0.0
2025-10-10,193250,,1.73,-0.5,-0.0,0.5
2025-10-13,193250,,1.58,0.1,0.0,-0.1
2025-10-14,193250,,1.62,-0.1,0.0,-0.1
2025-10-15,193250,,1.61,0.0,-0.0,0.0
2025-10-16,193250,,1.61,0.1,-0.0,-0.1
2025-10-17,193250,,1.64,0.1,0.0,-0.1
2025-10-20,193250,,1.67,-0.0,-0.0,0.1
2025-10-21,193250,,1.67,-0.1,0.0,0.1
2025-10-22,193250,,1.63,0.0,-0.0,-0.1
2025-10-23,193250,,1.65,-0.0,-0.0,0.0
2025-10-24,193250,,1.65,-0.0,0.0,0.0
2025-10-27,193250,,1.64,0.0,0.0,-0.0
2025-10-28,193250,,1.64,0.0,-0.0,-0.0
2025-10-29,193250,,1.65,-0.0,-0.0,-0.1
2025-10-30,193250,,1.64,-0.1,0.0,0.1
2025-10-31,193250,467.0,1.6,-0.1,-0.0,0.1
2025-11-03,193250,,1.57,0.0,0.0,-0.1
2025-11-04,193250,,1.57,-0.0,-0.0,-0.0
2025-11-05,193250,,1.57,-0.2,0.0,0.2
2025-11-06,193250,,1.49,-0.0,-0.0,0.0
2025-11-07,193250,,1.49,-0.1,-0.0,-0.0
2025-11-10,193250,,1.46,0.4,-0.4,-0.0
2025-11-11,193250,,1.62,-0.2,0.0,0.2
2025-11-12,193250,,1.56,-0.1,-0.0,0.2
2025-11-13,193250,,1.51,-0.0,-0.0,0.1
2025-11-14,193250,,1.48,-0.1,0.0,-0.1
2025-11-17,193250,,1.44,-0.0,0.0,-0.0
2025-11-18,193250,,1.43,-0.1,-0.0,0.1
2025-11-19,193250,,1.4,0.0,0.0,-0.1
2025-11-20,193250,,1.42,0.0,0.0,-0.0
2025-11-21,193250,,1.42,-0.0,0.0,0.0
2025-11-24,193250,,1.42,0.0,-0.0,0.0
2025-11-25,193250,,1.43,-0.0,0.0,-0.0
2025-11-26,193250,,1.42,0.0,-0.0,0.0
2025-11-27,193250,,1.43,0.0,0.0,-0.1
2025-11-28,193250,394.0,1.44,0.0,0.0,-0.0
2025-12-01,193250,,1.53,-0.0,-0.0,0.0
2025-12-02,193250,,1.45,0.0,-0.0,0.0
2025-12-03,193250,,1.45,0.0,-0.0,0.0
2025-12-04,193250,,1.46,0.0,0.0,-0.0
2025-12-05,193250,,1.46,0.0,-0.0,0.0
2025-12-08,193250,,1.46,0.0,0.0,-0.0
2025-12-09,193250,,1.47,-0.0,-0.0,0.0
2025-12-10,193250,,1.46,0.0,-0.0,-0.0
2025-12-11,193250,,1.47,0.0,0.0,-0.0
2025-12-12,193250,,1.47,0.1,-0.0,-0.1
2025-12-15,193250,,1.49,0.0,0.0,-0.0
2025-12-16,193250,,1.5,0.0,0.0,-0.1
2025-12-17,193250,,1.59,0.0,-0.0,0.0
2025-12-18,193250,,1.6,-0.2,0.0,0.2
2025-12-19,193250,,1.54,0.0,0.0,-0.1
2025-12-22,193250,,1.55,0.0,-0.0,-0.0
2025-12-23,193250,,1.56,0.0,-0.0,-0.1
2025-12-24,193250,,1.59,0.2,-0.0,-0.2
2025-12-26,193250,,1.66,0.0,0.0,0.0
2025-12-29,193250,,1.67,-0.0,-0.0,0.0
2025-12-30,193250,410.0,1.66,0.1,-0.0,-0.1
2026-01-02,193250,,1.69,0.1,,-0.1
2026-01-05,193250,,1.73,0.3,,-0.3
2026-01-06,193250,,1.85,-0.1,,0.0
2026-01-07,193250,,1.81,-0.1,,-0.0
2026-01-08,193250,,1.79,0.1,-0.0,-0.1
2026-01-09,193250,,1.84,0.0,,-0.0
2026-01-12,193250,,1.84,0.1,,-0.1
2026-01-13,193250,,1.88,-0.0,,0.0
2026-01-14,193250,,1.91,0.0,,-0.0
2026-01-15,193250,,1.92,0.1,,-0.1
2026-01-16,193250,,1.96,0.0,,-0.0
2026-01-19,193250,,1.97,0.0,,-0.0
2026-01-20,193250,,1.98,0.2,,-0.1
2026-01-21,193250,,2.05,0.5,,-0.5
2026-01-22,193250,,2.25,-0.5,,0.5
2026-01-23,193250,,2.1,0.1,,-0.2
2026-01-26,193250,,2.17,-0.0,,0.0
2026-01-27,193250,,2.15,-0.3,,0.2
2026-01-28,193250,,2.14,0.3,,-0.0
2026-01-29,193250,,2.16,0.2,,-0.2
2026-01-30,193250,491.0,2.24,-2.3,,2.3
2026-02-02,193250,,1.63,0.2,,-0.3
2026-02-03,193250,,1.71,-0.2,,0.3
2026-02-04,193250,,1.67,0.2,,-0.2
2026-02-05,193250,,1.73,0.1,,-0.1
2026-02-06,193250,,1.79,0.7,,-0.7
2026-02-09,193250,,2.02,-1.3,,1.3
2026-02-10,193250,,1.67,0.2,,-0.2
2026-02-11,193250,,1.72,0.1,,-0.1
2026-02-12,193250,,1.75,0.4,,-0.4
2026-02-13,193250,,1.88,0.1,,-0.0
2026-02-19,193250,,1.9,0.9,,-0.9
2026-02-20,193250,,2.23,-0.1,,0.1
2026-02-23,193250,,2.18,0.0,,-0.3
2026-02-24,193250,,2.11,-0.0,,-0.0
2026-02-25,193250,,2.11,-0.0,,-0.1
2026-02-26,193250,,2.1,-0.4,,0.2
2026-02-27,193250,376.0,1.94,-0.0,,0.0
2026-03-03,193250,,1.92,0.1,,-0.1
2026-03-04,193250,,1.98,-0.2,,-0.0
2026-03-05,193250,,1.97,0.1,,-0.3
2026-03-06,193250,,2.01,-0.2,,0.2
2026-03-09,193250,,1.94,0.3,,-0.3
2026-03-10,193250,,2.06,0.2,,-0.3
2026-03-11,193250,,2.19,0.1,,-0.1
2026-03-12,193250,,2.22,-0.2,,0.2
2026-03-13,193250,,2.16,0.1,,-0.1
2026-03-16,193250,,2.19,0.0,,-0.0
2026-03-17,193250,,2.21,-0.1,,0.1
2026-03-18,193250,,2.15,-0.0,,0.0
2026-03-19,193250,,2.14,0.1,,-0.1
2026-03-20,193250,,2.1,0.1,,-0.0
2026-03-23,193250,,2.15,-0.0,,0.1
2026-03-24,193250,,2.14,-0.2,,0.2
2026-03-25,193250,,2.07,0.0,,0.1
2026-03-26,193250,,2.07,-0.1,,0.1
2026-03-27,193250,,2.04,0.0,,0.0
2026-03-30,193250,,2.06,0.0,,-0.0
2026-03-31,193250,353.0,2.07,0.0,,-0.0
2026-04-01,193250,,2.06,-0.1,,0.1
2026-04-02,193250,,2.05,0.1,,-0.1
2026-04-03,193250,,2.08,0.0,,-0.0
2026-04-06,193250,,2.09,0.0,,-0.0
2026-04-07,193250,,2.1,0.1,,-0.1
2026-04-08,193250,,2.09,-0.0,,0.0
2026-04-09,193250,,2.08,-0.0,,0.0
2026-04-10,193250,,2.07,0.1,,-0.1
2026-04-13,193250,,2.13,0.0,,-0.0
2026-04-14,193250,,2.14,0.0,,-0.0
2026-04-15,193250,,2.14,0.1,,0.2
2026-04-16,193250,,2.17,0.1,,-0.1
2026-04-17,193250,,2.2,0.3,,-0.5
2026-04-20,193250,,2.29,-4.3,,4.3
2026-04-21,193250,,1.03,1.1,,-1.1
2026-04-22,193250,,1.32,0.2,,-0.2
2026-04-23,193250,,1.52,0.5,,-0.5
2026-04-24,193250,,1.72,-0.3,,0.3
2026-04-27,193250,,1.63,0.7,,-0.7
2026-04-28,193250,,1.91,-0.3,,0.3
2026-04-29,193250,,1.81,,,
2026-04-30,193250,396.0,1.81,,,
2026-05-04,193250,,1.81,,,
2026-05-06,193250,,1.81,,,
2026-05-07,193250,,1.81,,,
2026-05-08,193250,,1.81,,,
2026-05-11,193250,,1.81,,,
2026-05-12,193250,,1.81,,,
2026-05-13,193250,,1.81,,,
2026-05-14,193250,,1.81,,,
2026-05-15,193250,,1.81,,,
2026-05-18,193250,,1.81,,,
2026-05-19,193250,,1.81,,,
2026-05-20,193250,,1.81,,,
2026-05-21,193250,,1.81,,,
2026-05-22,193250,,1.51,-0.7,0.0,0.6
2026-05-26,193250,,1.23,0.0,0.0,-0.0
2026-05-27,193250,,1.24,-0.2,-0.0,0.2
2026-05-28,193250,,1.19,-0.0,0.0,0.0
2026-05-29,193250,1514.0,1.05,-0.1,-0.0,0.2
2026-06-01,193250,,0.98,-0.1,-0.0,0.1
2026-06-02,193250,,0.92,0.4,0.0,-0.4
2026-06-04,193250,,1.16,-0.3,0.0,0.3
2026-06-05,193250,,1.0,0.0,0.0,-0.1
2026-06-08,193250,,1.02,0.0,-0.0,-0.0
2026-06-09,193250,,1.04,0.1,-0.0,0.0
2026-06-10,193250,,1.07,-0.0,-0.0,0.0
2026-06-11,193250,,1.07,-0.0,-0.0,0.0
2026-06-12,193250,,1.06,-0.0,0.0,-0.0
2026-06-15,193250,,1.06,-0.1,-0.0,0.0
2026-06-16,193250,,1.03,-0.1,0.0,0.1
2026-06-17,193250,,1.0,-0.1,0.0,0.1
2026-06-18,193250,,0.96,0.2,0.0,-0.2
2026-06-19,193250,,1.09,0.0,-0.0,-0.0
2026-06-22,193250,,1.09,-0.0,0.0,0.0
2026-06-23,193250,,1.07,-0.0,-0.0,0.0
2026-06-24,193250,,1.07,0.0,0.0,-0.0
2026-06-25,193250,,1.07,0.0,0.0,-0.0
2026-06-26,193250,,1.08,-0.0,0.0,-0.0
2026-06-29,193250,,1.08,0.1,-0.0,-0.0
2026-06-30,193250,1191.0,1.12,0.0,0.0,-0.0
2026-07-01,193250,,1.13,0.0,-0.0,-0.0
2026-07-02,193250,,1.13,0.3,0.0,-0.4
2026-07-03,193250,,1.33,-0.1,0.0,0.1
2026-07-06,193250,,1.28,0.0,-0.0,-0.0
2026-07-07,193250,,1.3,0.0,0.0,-0.0
2026-07-08,193250,,1.31,-0.1,-0.0,0.1
2026-07-09,193250,,1.27,-0.0,-0.0,0.0
2026-07-10,193250,,1.27,0.0,-0.0,-0.3
2026-07-13,193250,1408.0,1.29,0.2,-0.0,-0.2
2025-07-14,194370,,2.95,7.5,-1.9,-6.3
2025-07-15,194370,,3.17,-2.0,2.7,-0.9
2025-07-16,194370,,3.12,-9.2,-1.3,10.6
2025-07-17,194370,,2.77,10.4,-23.5,11.5
2025-07-18,194370,,3.04,24.7,-25.3,2.7
2025-07-21,194370,,3.71,8.6,-11.0,2.2
2025-07-22,194370,,4.0,-13.0,0.5,11.7
2025-07-23,194370,,3.74,-0.8,-1.3,2.1
2025-07-24,194370,,3.8,0.4,-13.3,12.6
2025-07-25,194370,,3.75,0.6,-4.6,4.1
2025-07-28,194370,,3.86,5.4,-14.7,9.3
2025-07-29,194370,,4.07,3.5,-9.3,5.7
2025-07-30,194370,,4.19,7.6,-7.4,1.5
2025-07-31,194370,,4.34,-3.5,-1.6,4.9
2025-08-01,194370,,4.18,-1.3,-1.3,1.7
2025-08-04,194370,,4.2,-4.7,1.5,3.4
2025-08-05,194370,,4.03,-4.2,1.0,3.6
2025-08-06,194370,,3.89,-10.3,5.1,5.8
2025-08-07,194370,,3.57,-4.9,-0.4,5.4
2025-08-08,194370,,3.39,-3.3,1.5,1.8
2025-08-11,194370,,3.3,-1.6,0.3,1.2
2025-08-12,194370,,3.27,0.6,-2.0,1.5
2025-08-13,194370,,3.26,-0.6,0.9,-0.4
2025-08-14,194370,,3.24,2.4,2.2,-4.1
2025-08-18,194370,,3.51,-0.1,1.4,-1.3
2025-08-19,194370,,3.48,-0.1,-0.6,0.9
2025-08-20,194370,,3.45,5.0,-0.0,-4.7
2025-08-21,194370,,3.65,-0.2,-0.1,0.5
2025-08-22,194370,,3.67,-0.9,1.4,-0.1
2025-08-25,194370,,3.6,-1.8,2.0,0.1
2025-08-26,194370,,3.56,-1.2,1.6,-0.5
2025-08-27,194370,,3.49,-1.9,2.3,-0.4
2025-08-28,194370,,3.4,-1.2,1.2,-0.1
2025-08-29,194370,10180.0,3.37,-4.1,3.3,1.0
2025-09-01,194370,,3.22,-2.1,1.6,0.7
2025-09-02,194370,,3.13,-2.6,0.5,2.1
2025-09-03,194370,,3.06,-2.2,8.8,-8.1
2025-09-04,194370,,2.98,-10.3,6.7,3.3
2025-09-05,194370,,2.61,-3.3,2.9,0.5
2025-09-08,194370,,2.5,-1.4,1.1,0.7
2025-09-09,194370,,2.44,-6.1,4.7,0.4
2025-09-10,194370,,2.21,-5.0,1.0,4.4
2025-09-11,194370,,2.02,-0.8,3.2,-3.1
2025-09-12,194370,,1.98,-2.1,2.1,0.2
2025-09-15,194370,,1.96,-2.4,0.0,2.4
2025-09-16,194370,,1.88,5.0,-2.6,-2.7
2025-09-17,194370,,2.37,-3.0,2.8,0.6
2025-09-18,194370,,2.26,0.7,2.6,-3.5
2025-09-19,194370,,2.27,-0.5,2.3,-1.8
2025-09-22,194370,,2.27,1.8,1.5,-3.3
2025-09-23,194370,,2.4,-0.9,1.5,-0.5
2025-09-24,194370,,2.35,3.7,-2.0,-1.5
2025-09-25,194370,,2.42,-0.3,2.9,-2.5
2025-09-26,194370,,2.45,-1.3,1.1,0.1
2025-09-29,194370,,2.37,-1.9,2.4,-0.6
2025-09-30,194370,10080.0,2.3,-0.9,-0.6,1.5
2025-10-01,194370,,2.25,5.9,-12.4,6.4
2025-10-02,194370,,2.44,0.4,-1.3,0.7
2025-10-10,194370,,2.46,2.7,0.3,-3.0
2025-10-13,194370,,2.54,2.0,1.7,-3.6
2025-10-14,194370,,2.6,0.2,0.7,-1.0
2025-10-15,194370,,2.56,3.0,-0.4,-2.6
2025-10-16,194370,,2.66,-8.8,0.1,10.0
2025-10-17,194370,,2.44,1.8,0.6,-2.8
2025-10-20,194370,,2.66,0.9,1.5,-2.4
2025-10-21,194370,,2.7,-2.9,1.6,1.2
2025-10-22,194370,,2.56,-0.9,0.6,0.3
2025-10-23,194370,,2.47,-0.8,1.0,-0.1
2025-10-24,194370,,2.43,-1.4,1.5,0.0
2025-10-27,194370,,2.38,-1.0,5.1,-4.1
2025-10-28,194370,,2.36,-0.6,4.8,-3.7
2025-10-29,194370,,2.35,-2.4,-0.7,3.1
2025-10-30,194370,,2.25,-0.3,2.7,-2.5
2025-10-31,194370,10590.0,2.23,-3.6,7.6,-4.1
2025-11-03,194370,,2.14,-4.3,-1.0,4.3
2025-11-04,194370,,1.98,1.6,-1.2,-1.7
2025-11-05,194370,,2.08,-0.3,4.9,-4.6
2025-11-06,194370,,2.01,0.0,1.7,-2.3
2025-11-07,194370,,2.01,-2.7,1.4,0.5
2025-11-10,194370,,1.95,4.8,-1.5,-3.3
2025-11-11,194370,,2.19,-1.2,1.5,-0.3
2025-11-12,194370,,2.1,2.8,-0.1,-2.0
2025-11-13,194370,,2.19,2.3,-0.3,-1.8
2025-11-14,194370,,2.26,-0.3,-2.5,2.8
2025-11-17,194370,,2.23,8.2,8.5,-17.0
2025-11-18,194370,,2.64,-3.2,2.0,1.1
2025-11-19,194370,,2.53,-0.0,2.4,-2.4
2025-11-20,194370,,2.53,2.6,6.0,-8.3
2025-11-21,194370,,2.65,0.6,3.6,-4.2
2025-11-24,194370,,2.69,-4.9,1.6,3.5
2025-11-25,194370,,2.5,-0.8,3.6,-2.5
2025-11-26,194370,,2.6,-0.8,1.1,-0.3
2025-11-27,194370,,2.58,1.7,13.5,-14.0
2025-11-28,194370,11800.0,2.73,-3.4,13.8,-9.9
2025-12-01,194370,,2.63,6.5,3.6,-10.3
2025-12-02,194370,,2.81,1.5,19.7,-22.3
2025-12-03,194370,,2.84,-4.1,8.8,-5.4
2025-12-04,194370,,2.67,-2.0,9.9,-7.8
2025-12-05,194370,,2.49,2.5,0.2,-2.7
2025-12-08,194370,,2.38,1.7,2.0,-3.9
2025-12-09,194370,,2.43,4.5,9.2,-13.1
2025-12-10,194370,,2.65,-11.4,7.9,3.8
2025-12-11,194370,,2.2,5.7,11.4,-16.1
2025-12-12,194370,,2.46,1.9,0.0,-1.6
2025-12-15,194370,,2.45,12.3,3.1,-15.1
2025-12-16,194370,,2.92,3.3,3.4,-6.7
2025-12-17,194370,,3.06,0.2,9.9,-9.8
2025-12-18,194370,,3.07,4.0,2.1,-6.2
2025-12-19,194370,,3.15,16.1,9.0,-22.9
2025-12-22,194370,,3.55,-15.2,12.2,3.1
2025-12-23,194370,,3.12,-0.8,-1.4,4.7
2025-12-24,194370,,3.13,14.9,-2.4,-12.6
2025-12-26,194370,,3.56,5.0,-11.4,6.2
2025-12-29,194370,,3.4,1.4,8.8,-9.7
2025-12-30,194370,12820.0,3.41,1.1,1.3,-2.4
2026-01-02,194370,,3.23,1.5,3.8,-4.8
2026-01-05,194370,,3.27,4.1,-4.7,-0.3
2026-01-06,194370,,3.56,1.4,-5.7,4.3
2026-01-07,194370,,3.64,3.1,-4.5,1.2
2026-01-08,194370,,3.71,1.4,-3.5,3.3
2026-01-09,194370,,3.74,-2.0,-1.0,2.7
2026-01-12,194370,,3.66,8.7,-7.6,-0.6
2026-01-13,194370,,3.86,-0.6,-2.4,2.8
2026-01-14,194370,,4.0,0.6,1.4,-1.6
2026-01-15,194370,,4.02,-5.5,1.5,3.6
2026-01-16,194370,,3.88,-0.5,0.8,-0.8
2026-01-19,194370,,3.84,3.2,-8.5,4.9
2026-01-20,194370,,3.96,2.2,-0.0,-2.2
2026-01-21,194370,,4.02,-0.8,-4.6,5.2
2026-01-22,194370,,3.95,0.2,2.9,-3.3
2026-01-23,194370,,3.98,-1.0,-0.8,1.3
2026-01-26,194370,,3.95,-1.2,-0.9,1.5
2026-01-27,194370,,3.9,-0.4,-0.0,0.3
2026-01-28,194370,,3.87,-0.3,0.0,0.2
2026-01-29,194370,,3.77,1.4,6.7,-7.7
2026-01-30,194370,12010.0,3.87,-3.0,3.9,-0.8
2026-02-02,194370,,3.73,2.5,1.8,-4.3
2026-02-03,194370,,3.86,-3.7,2.3,1.2
2026-02-04,194370,,3.69,4.8,13.2,-17.8
2026-02-05,194370,,3.6,15.8,15.0,-29.7
2026-02-06,194370,,4.05,-1.8,13.5,-11.6
2026-02-09,194370,,3.96,0.9,-0.2,-1.0
2026-02-10,194370,,3.92,2.5,-0.2,-2.4
2026-02-11,194370,,3.99,1.8,-1.5,-0.2
2026-02-12,194370,,4.04,8.0,-4.6,-2.9
2026-02-13,194370,,4.26,3.5,-1.2,-2.4
2026-02-19,194370,,4.36,4.1,-5.9,1.7
2026-02-20,194370,,4.5,14.8,16.1,-29.2
2026-02-23,194370,,4.96,3.0,9.4,-11.6
2026-02-24,194370,,4.96,-0.6,1.6,-1.0
2026-02-25,194370,,5.0,3.4,-4.5,0.8
2026-02-26,194370,,5.05,-2.4,4.4,-2.2
2026-02-27,194370,13500.0,5.0,4.8,-5.0,0.2
2026-03-03,194370,,5.17,5.5,-4.2,-2.4
2026-03-04,194370,,5.28,-2.9,-3.2,5.3
2026-03-05,194370,,5.16,-3.8,-6.2,5.7
2026-03-06,194370,,5.0,4.4,-8.8,3.0
2026-03-09,194370,,5.08,-2.2,-1.9,2.1
2026-03-10,194370,,4.97,-0.1,0.5,-0.4
2026-03-11,194370,,5.0,-0.8,0.5,0.9
2026-03-12,194370,,4.95,-4.8,4.3,0.5
2026-03-13,194370,,4.81,-2.6,0.0,2.5
2026-03-16,194370,,4.73,-1.7,1.2,0.7
2026-03-17,194370,,4.66,2.3,-3.5,1.3
2026-03-18,194370,,4.71,1.9,-4.0,2.1
2026-03-19,194370,,4.76,-1.4,0.0,2.0
2026-03-20,194370,,4.71,0.9,-0.2,-0.7
2026-03-23,194370,,4.74,-4.1,1.7,2.3
2026-03-24,194370,,4.6,2.3,-3.1,0.8
2026-03-25,194370,,4.67,1.6,-1.0,-0.6
2026-03-26,194370,,4.71,-0.7,-2.7,3.3
2026-03-27,194370,,4.69,0.2,-0.7,0.4
2026-03-30,194370,,4.7,-0.9,-0.1,0.7
2026-03-31,194370,10950.0,4.66,0.5,-7.4,6.1
2026-04-01,194370,,4.66,4.3,-3.3,-1.0
2026-04-02,194370,,4.85,0.8,-0.8,0.0
2026-04-03,194370,,4.86,6.6,-13.4,6.9
2026-04-06,194370,,5.05,3.2,-10.6,7.2
2026-04-07,194370,,5.15,5.4,-7.2,1.7
2026-04-08,194370,,5.32,3.8,-5.3,1.5
2026-04-09,194370,,5.45,0.4,7.6,-7.8
2026-04-10,194370,,5.53,-0.4,8.7,-8.1
2026-04-13,194370,,5.57,0.3,-1.2,0.8
2026-04-14,194370,,5.56,1.4,-2.2,0.7
2026-04-15,194370,,5.52,0.0,0.7,-0.4
2026-04-16,194370,,5.55,5.4,-3.5,-1.8
2026-04-17,194370,,5.7,1.3,4.8,-6.3
2026-04-20,194370,,5.76,2.0,-1.4,-0.4
2026-04-21,194370,,5.82,-3.0,3.3,-0.3
2026-04-22,194370,,5.72,1.0,1.4,-2.6
2026-04-23,194370,,5.76,1.6,7.6,-9.5
2026-04-24,194370,,5.84,-1.1,3.4,-2.1
2026-04-27,194370,,5.82,16.6,7.9,-21.1
2026-04-28,194370,,6.43,-5.9,6.6,-0.2
2026-04-29,194370,,6.23,-7.6,12.0,-4.1
2026-04-30,194370,14790.0,6.04,-3.4,11.6,-7.8
2026-05-04,194370,,6.17,3.8,-3.5,-0.2
2026-05-06,194370,,6.23,-0.3,3.9,-1.6
2026-05-07,194370,,6.22,0.9,7.6,-7.6
2026-05-08,194370,,6.28,0.1,-2.9,2.7
2026-05-11,194370,,6.26,-0.6,4.6,-3.7
2026-05-12,194370,,6.22,2.1,2.0,-3.9
2026-05-13,194370,,6.25,1.8,-4.3,2.5
2026-05-14,194370,,6.28,0.5,-1.8,1.3
2026-05-15,194370,,6.3,2.1,2.3,-4.4
2026-05-18,194370,,6.18,-13.1,-0.0,13.1
2026-05-19,194370,,5.72,-3.2,-0.4,3.4
2026-05-20,194370,,5.59,-3.1,-0.5,3.0
2026-05-21,194370,,5.48,-0.9,-2.4,3.0
2026-05-22,194370,,5.44,-1.2,-0.4,1.5
2026-05-26,194370,,5.3,-5.4,2.0,3.6
2026-05-27,194370,,5.1,10.6,-0.1,8.2
2026-05-28,194370,,5.36,-3.3,-1.7,5.0
2026-05-29,194370,11120.0,5.32,-1.0,-2.6,3.4
2026-06-01,194370,,5.27,0.1,-5.2,4.9
2026-06-02,194370,,5.24,-0.2,-5.3,5.5
2026-06-04,194370,,5.21,0.4,-1.6,0.7
2026-06-05,194370,,5.19,-0.1,-1.1,2.5
2026-06-08,194370,,5.15,0.6,-4.6,3.9
2026-06-09,194370,,5.12,-2.1,10.7,-7.9
2026-06-10,194370,,5.07,-1.4,3.6,-2.4
2026-06-11,194370,,5.0,-8.0,12.8,-4.2
2026-06-12,194370,,4.76,-2.9,2.4,0.5
2026-06-15,194370,,4.65,2.3,4.6,-6.8
2026-06-16,194370,,4.74,0.3,-0.2,-0.2
2026-06-17,194370,,4.73,-4.9,6.5,-3.2
2026-06-18,194370,,4.49,-7.5,8.8,-1.3
2026-06-19,194370,,4.26,-3.9,3.8,-0.4
2026-06-22,194370,,4.13,-5.7,7.5,-1.6
2026-06-23,194370,,3.96,-4.4,7.5,-2.8
2026-06-24,194370,,3.83,-8.2,10.9,-2.4
2026-06-25,194370,,3.58,-4.7,8.0,-3.5
2026-06-26,194370,,3.43,-4.5,5.6,-1.0
2026-06-29,194370,,3.29,-5.3,8.3,-3.2
2026-06-30,194370,11120.0,3.09,-4.5,5.1,-0.6
2026-07-01,194370,,2.94,-2.5,3.6,-1.6
2026-07-02,194370,,2.89,7.2,3.4,-8.9
2026-07-03,194370,,3.18,-2.6,5.9,-2.0
2026-07-06,194370,,3.1,-8.9,1.5,-0.8
2026-07-07,194370,,2.78,-0.8,3.9,-4.3
2026-07-08,194370,,2.82,-0.3,-0.7,0.9
2026-07-09,194370,,2.87,-4.9,4.1,0.7
2026-07-10,194370,,2.73,2.1,-1.4,-0.8
2026-07-13,194370,11820.0,2.79,0.5,5.4,-5.8
2025-07-14,194480,,11.95,-3.4,2.2,1.4
2025-07-15,194480,,11.89,-5.8,8.2,-2.0
2025-07-16,194480,,11.81,-1.3,0.4,0.6
2025-07-17,194480,,11.81,3.0,-0.1,-3.0
2025-07-18,194480,,11.86,-4.5,9.4,-4.8
2025-07-21,194480,,11.77,0.1,-9.7,9.4
2025-07-22,194480,,11.74,5.3,2.1,-8.0
2025-07-23,194480,,11.85,-1.6,4.1,-2.8
2025-07-24,194480,,11.81,-4.8,4.9,-0.1
2025-07-25,194480,,11.72,-0.0,2.8,-2.8
2025-07-28,194480,,11.72,-3.4,-0.5,3.9
2025-07-29,194480,,11.61,1.5,2.2,-3.7
2025-07-30,194480,,11.64,-1.4,6.3,-4.8
2025-07-31,194480,,11.63,1.6,-1.0,-0.7
2025-08-01,194480,,11.69,-4.0,2.6,1.5
2025-08-04,194480,,11.61,18.4,8.2,-27.0
2025-08-05,194480,,12.03,1.3,1.1,-2.4
2025-08-06,194480,,12.05,5.4,5.3,-11.2
2025-08-07,194480,,12.15,89.5,28.2,-117.6
2025-08-08,194480,,13.64,37.0,-10.2,-25.2
2025-08-11,194480,,14.21,25.8,-8.0,-17.6
2025-08-12,194480,,14.62,10.2,-11.0,0.9
2025-08-13,194480,,14.74,-0.4,-5.0,8.1
2025-08-14,194480,,14.72,-6.2,-6.1,12.4
2025-08-18,194480,,14.55,-22.6,35.4,-15.2
2025-08-19,194480,,14.11,7.0,4.7,-11.2
2025-08-20,194480,,14.23,-3.8,2.0,1.9
2025-08-21,194480,,14.2,-29.6,20.3,8.8
2025-08-22,194480,,13.72,4.5,-9.9,5.0
2025-08-25,194480,,13.83,-2.1,-0.6,1.8
2025-08-26,194480,,13.79,4.8,-2.4,-2.4
2025-08-27,194480,,13.84,2.3,1.4,-3.7
2025-08-28,194480,,13.86,14.8,-22.2,7.3
2025-08-29,194480,49900.0,14.12,-0.6,4.2,-3.6
2025-09-01,194480,,14.11,4.8,-6.5,1.8
2025-09-02,194480,,14.2,0.0,11.1,-11.1
2025-09-03,194480,,14.23,-12.2,15.7,-3.4
2025-09-04,194480,,14.04,-18.5,4.3,14.4
2025-09-05,194480,,13.74,-1.0,0.2,0.9
2025-09-08,194480,,13.74,9.4,-7.3,-2.1
2025-09-09,194480,,13.89,13.1,-9.0,-3.8
2025-09-10,194480,,14.2,-2.7,10.3,-7.5
2025-09-11,194480,,14.16,4.1,-8.6,4.8
2025-09-12,194480,,14.21,36.5,34.4,-71.3
2025-09-15,194480,,14.9,-4.4,-4.3,9.0
2025-09-16,194480,,14.75,-17.7,8.7,9.7
2025-09-17,194480,,14.46,-1.7,0.3,0.8
2025-09-18,194480,,14.45,-8.6,5.7,1.8
2025-09-19,194480,,14.29,-5.0,-0.5,5.5
2025-09-22,194480,,14.16,1.2,6.2,-8.2
2025-09-23,194480,,14.22,-13.5,10.2,4.1
2025-09-24,194480,,14.04,10.9,-20.5,11.8
2025-09-25,194480,,14.2,5.6,-4.4,-1.1
2025-09-26,194480,,14.25,7.5,-14.3,6.7
2025-09-29,194480,,14.34,0.9,-6.9,5.9
2025-09-30,194480,49650.0,14.35,-2.2,-4.1,6.4
2025-10-01,194480,,14.3,-1.3,-13.4,15.0
2025-10-02,194480,,14.29,0.2,-9.6,9.7
2025-10-10,194480,,14.28,-8.0,-4.6,13.3
2025-10-13,194480,,14.13,-0.8,-1.5,2.2
2025-10-14,194480,,14.11,-3.5,-6.9,10.4
2025-10-15,194480,,14.04,-5.5,2.8,2.7
2025-10-16,194480,,13.94,-3.5,-3.1,6.5
2025-10-17,194480,,13.86,-7.0,0.1,6.8
2025-10-20,194480,,13.41,-12.6,5.6,5.5
2025-10-21,194480,,13.26,5.4,-15.4,11.6
2025-10-22,194480,,13.34,-3.3,-0.6,3.8
2025-10-23,194480,,13.26,-3.2,-2.2,5.5
2025-10-24,194480,,13.18,-1.3,-2.7,4.5
2025-10-27,194480,,13.15,-0.3,-5.5,5.6
2025-10-28,194480,,13.16,-4.5,1.6,2.7
2025-10-29,194480,,13.06,-8.4,-1.8,9.8
2025-10-30,194480,,12.91,-1.5,-0.8,2.3
2025-10-31,194480,42300.0,12.88,3.7,-0.2,-3.5
2025-11-03,194480,,13.02,11.1,1.0,-12.4
2025-11-04,194480,,13.36,10.8,-2.2,-8.7
2025-11-05,194480,,13.62,5.1,6.0,-11.2
2025-11-06,194480,,13.71,0.6,-0.9,0.2
2025-11-07,194480,,13.75,5.9,-0.1,-5.8
2025-11-10,194480,,13.88,-2.1,0.5,1.6
2025-11-11,194480,,13.8,-3.4,-6.7,9.9
2025-11-12,194480,,13.7,-5.0,11.0,-5.5
2025-11-13,194480,,13.55,0.5,-13.4,12.8
2025-11-14,194480,,13.49,2.9,-0.2,-2.6
2025-11-17,194480,,13.58,2.1,-11.0,8.8
2025-11-18,194480,,13.62,-0.3,-1.6,2.0
2025-11-19,194480,,13.58,1.1,0.9,-2.1
2025-11-20,194480,,13.57,0.8,-3.6,2.7
2025-11-21,194480,,13.59,-2.3,-1.4,3.7
2025-11-24,194480,,13.58,-2.6,0.1,2.9
2025-11-25,194480,,13.49,-4.9,-0.6,5.4
2025-11-26,194480,,13.31,-1.5,-6.3,7.8
2025-11-27,194480,,13.26,-4.2,-0.1,4.2
2025-11-28,194480,32400.0,13.12,-12.9,7.7,5.2
2025-12-01,194480,,12.89,-5.3,5.3,-0.0
2025-12-02,194480,,12.84,-12.9,3.2,9.2
2025-12-03,194480,,12.51,-6.7,-0.3,6.8
2025-12-04,194480,,12.45,-7.5,2.1,5.4
2025-12-05,194480,,12.25,-4.6,-3.6,7.8
2025-12-08,194480,,12.09,-1.2,-6.4,7.6
2025-12-09,194480,,12.08,6.7,-18.7,11.9
2025-12-10,194480,,12.28,-8.0,-3.2,11.2
2025-12-11,194480,,12.03,-4.4,-4.5,8.8
2025-12-12,194480,,11.97,-3.7,0.5,3.1
2025-12-15,194480,,11.89,-0.2,-1.4,1.3
2025-12-16,194480,,11.87,-6.6,0.8,5.8
2025-12-17,194480,,11.66,-3.7,2.5,1.1
2025-12-18,194480,,11.56,-6.0,-0.0,6.0
2025-12-19,194480,,11.39,-1.8,1.3,0.5
2025-12-22,194480,,11.34,-3.0,-0.2,3.2
2025-12-23,194480,,11.23,-0.7,-0.3,0.9
2025-12-24,194480,,11.53,2.7,0.6,-3.3
2025-12-26,194480,,11.5,-4.2,2.5,1.5
2025-12-29,194480,,11.35,0.4,-0.3,0.3
2025-12-30,194480,30300.0,11.34,-3.5,-0.5,4.0
2026-01-02,194480,,11.09,8.0,6.8,-14.7
2026-01-05,194480,,11.35,-13.5,-2.3,15.7
2026-01-06,194480,,10.93,-5.1,1.2,3.8
2026-01-07,194480,,10.82,-3.6,1.2,2.2
2026-01-08,194480,,10.73,-2.4,-0.8,3.1
2026-01-09,194480,,10.67,-1.4,-0.1,1.6
2026-01-12,194480,,10.62,-1.8,-1.5,3.3
2026-01-13,194480,,10.67,-2.5,2.0,0.4
2026-01-14,194480,,10.61,-3.9,3.5,0.3
2026-01-15,194480,,10.6,-13.7,8.6,4.9
2026-01-16,194480,,10.29,-7.9,3.6,4.2
2026-01-19,194480,,10.09,-5.9,5.0,0.8
2026-01-20,194480,,9.93,-5.5,10.1,-4.7
2026-01-21,194480,,9.82,-14.4,6.4,7.9
2026-01-22,194480,,9.4,-4.9,2.2,2.5
2026-01-23,194480,,9.27,-13.0,12.2,0.7
2026-01-26,194480,,8.95,-42.1,48.1,-7.0
2026-01-27,194480,,8.06,-15.0,50.4,-35.2
2026-01-28,194480,,7.78,-28.0,57.0,-27.8
2026-01-29,194480,,7.17,-3.4,23.3,-18.3
2026-01-30,194480,38450.0,7.2,-13.2,-7.9,20.7
2026-02-02,194480,,7.05,7.2,-21.6,13.9
2026-02-03,194480,,7.3,-3.5,0.6,2.8
2026-02-04,194480,,7.24,-6.6,-9.9,16.4
2026-02-05,194480,,7.09,7.6,-14.5,6.9
2026-02-06,194480,,7.33,-9.9,-2.7,12.2
2026-02-09,194480,,7.11,-12.8,1.0,9.8
2026-02-10,194480,,6.88,-13.5,-6.1,19.5
2026-02-11,194480,,6.75,6.5,-3.7,-2.0
2026-02-12,194480,,6.93,3.7,-10.7,6.9
2026-02-13,194480,,7.04,-11.7,-12.5,24.2
2026-02-19,194480,,6.72,1.7,5.8,-7.5
2026-02-20,194480,,6.78,-7.5,-14.0,21.3
2026-02-23,194480,,6.59,15.3,19.0,-34.4
2026-02-24,194480,,7.16,-17.3,7.4,10.0
2026-02-25,194480,,6.68,-10.6,4.9,5.9
2026-02-26,194480,,6.32,-4.9,-16.8,21.6
2026-02-27,194480,38800.0,6.17,-3.6,-1.7,5.1
2026-03-03,194480,,6.09,10.4,-0.1,-10.3
2026-03-04,194480,,6.54,-8.3,-0.7,9.0
2026-03-05,194480,,6.32,5.1,11.1,-16.1
2026-03-06,194480,,6.45,-1.6,0.5,1.0
2026-03-09,194480,,6.49,8.0,5.3,-13.2
2026-03-10,194480,,6.92,-16.0,-8.7,24.0
2026-03-11,194480,,6.52,-11.6,-9.3,22.0
2026-03-12,194480,,6.23,2.5,-7.5,5.0
2026-03-13,194480,,6.29,6.1,-1.4,-3.5
2026-03-16,194480,,6.45,7.1,-2.9,-9.3
2026-03-17,194480,,6.68,-22.5,0.6,22.0
2026-03-18,194480,,6.11,-11.3,1.8,8.6
2026-03-19,194480,,5.79,-8.2,-21.3,29.7
2026-03-20,194480,,5.75,-7.9,-9.9,17.8
2026-03-23,194480,,5.57,-8.8,-26.9,34.5
2026-03-24,194480,,5.37,-15.1,-15.9,33.2
2026-03-25,194480,,5.09,14.6,12.1,-26.8
2026-03-26,194480,,5.83,-48.8,10.8,38.3
2026-03-27,194480,,4.4,-37.6,-6.4,43.7
2026-03-30,194480,,3.6,-0.5,-30.0,29.9
2026-03-31,194480,27650.0,3.52,-0.2,-0.4,0.2
2026-04-01,194480,,3.39,-7.4,-5.2,12.6
2026-04-02,194480,,3.15,-17.5,-17.1,33.2
2026-04-03,194480,,2.61,-2.3,-1.8,4.0
2026-04-06,194480,,2.64,-0.4,-2.9,3.3
2026-04-07,194480,,2.69,4.3,-9.2,5.2
2026-04-08,194480,,2.96,3.3,4.1,-8.7
2026-04-09,194480,,3.08,0.8,-10.4,9.6
2026-04-10,194480,,3.04,2.0,-0.8,-1.2
2026-04-13,194480,,3.14,0.6,-1.2,0.5
2026-04-14,194480,,3.17,0.8,-0.3,-0.5
2026-04-15,194480,,3.06,-4.3,-1.4,5.6
2026-04-16,194480,,2.87,-0.6,-0.0,0.5
2026-04-17,194480,,2.86,-1.9,-0.9,4.5
2026-04-20,194480,,2.88,22.2,-0.6,-22.2
2026-04-21,194480,,3.55,-14.7,-0.3,15.0
2026-04-22,194480,,2.96,0.8,-1.8,1.0
2026-04-23,194480,,3.07,-2.2,-0.9,3.1
2026-04-24,194480,,2.96,-10.9,0.3,10.7
2026-04-27,194480,,2.72,-2.6,-0.9,3.9
2026-04-28,194480,,2.66,-0.1,-3.6,3.5
2026-04-29,194480,,2.65,-0.1,-2.5,2.7
2026-04-30,194480,22650.0,2.65,-9.7,-1.9,11.5
2026-05-04,194480,,2.3,-4.5,-1.1,7.4
2026-05-06,194480,,2.12,-1.5,-1.5,4.1
2026-05-07,194480,,2.06,0.7,-0.6,0.5
2026-05-08,194480,,2.09,-2.2,-0.8,3.0
2026-05-11,194480,,2.0,-0.5,-2.0,2.4
2026-05-12,194480,,2.0,8.8,-1.0,-7.7
2026-05-13,194480,,2.57,2.1,-1.0,-1.3
2026-05-14,194480,,2.72,2.0,-1.9,-0.0
2026-05-15,194480,,2.84,-0.3,-0.9,1.3
2026-05-18,194480,,2.82,2.4,-1.3,-1.2
2026-05-19,194480,,2.98,2.8,0.2,-2.9
2026-05-20,194480,,3.15,2.4,-0.3,-2.1
2026-05-21,194480,,3.25,-1.5,-0.0,1.4
2026-05-22,194480,,3.16,0.9,0.7,-1.6
2026-05-26,194480,,3.26,-2.1,-0.1,2.2
2026-05-27,194480,,3.12,0.9,-0.3,-0.6
2026-05-28,194480,,3.15,1.0,0.0,-1.1
2026-05-29,194480,16190.0,3.14,-0.6,1.7,-1.1
2026-06-01,194480,,3.12,0.7,2.7,-3.2
2026-06-02,194480,,3.19,2.1,1.6,-3.7
2026-06-04,194480,,3.36,0.9,0.5,-1.4
2026-06-05,194480,,3.59,2.3,-0.4,-1.9
2026-06-08,194480,,3.74,2.3,0.5,-2.8
2026-06-09,194480,,3.88,0.6,0.6,-1.1
2026-06-10,194480,,3.84,0.5,-1.0,0.6
2026-06-11,194480,,3.81,1.4,-2.4,0.8
2026-06-12,194480,,3.9,2.1,-1.5,-0.8
2026-06-15,194480,,3.89,-2.4,0.2,2.4
2026-06-16,194480,,3.72,-1.7,-1.0,2.8
2026-06-17,194480,,3.59,-1.8,0.2,1.6
2026-06-18,194480,,3.5,-3.0,0.7,2.3
2026-06-19,194480,,3.34,-4.8,-0.0,4.8
2026-06-22,194480,,3.08,-1.3,1.2,0.2
2026-06-23,194480,,3.06,-0.9,1.0,-0.0
2026-06-24,194480,,3.01,-1.7,0.6,1.1
2026-06-25,194480,,2.77,-0.3,-0.7,1.2
2026-06-26,194480,,2.87,0.2,0.6,-0.8
2026-06-29,194480,,2.9,1.6,1.3,-2.9
2026-06-30,194480,16350.0,3.12,-2.5,0.5,1.8
2026-07-01,194480,,2.78,-3.3,0.1,3.0
2026-07-02,194480,,2.51,-0.2,-0.0,0.0
2026-07-03,194480,,2.43,-0.4,-0.2,1.0
2026-07-06,194480,,2.37,-0.6,0.1,0.5
2026-07-07,194480,,2.32,-1.8,0.8,0.9
2026-07-08,194480,,2.21,-1.0,0.5,0.5
2026-07-09,194480,,2.17,-2.2,2.2,0.1
2026-07-10,194480,,2.06,1.2,1.6,-2.8
2026-07-13,194480,17600.0,2.14,0.3,-0.8,0.5
2025-07-14,194700,,7.98,2.8,-3.5,0.7
2025-07-15,194700,,8.06,-11.9,7.7,3.6
2025-07-16,194700,,7.71,9.2,-14.9,5.3
2025-07-17,194700,,7.92,1.7,-2.2,0.5
2025-07-18,194700,,7.98,5.5,-4.0,-2.2
2025-07-21,194700,,8.11,9.5,-7.3,-4.7
2025-07-22,194700,,8.41,12.9,-2.3,-12.1
2025-07-23,194700,,8.8,-5.2,4.9,-0.2
2025-07-24,194700,,8.59,3.9,-15.0,10.2
2025-07-25,194700,,8.69,2.9,-6.3,3.1
2025-07-28,194700,,8.78,25.7,-6.9,-18.3
2025-07-29,194700,,9.58,-5.1,3.3,0.9
2025-07-30,194700,,9.47,14.9,-2.1,-12.8
2025-07-31,194700,,9.92,4.1,1.6,-6.0
2025-08-01,194700,,9.98,-0.7,1.3,-0.7
2025-08-04,194700,,9.98,-16.2,0.2,14.4
2025-08-05,194700,,9.47,-8.3,-5.7,12.3
2025-08-06,194700,,9.14,5.0,-4.9,-0.7
2025-08-07,194700,,9.27,-2.9,3.6,-1.1
2025-08-08,194700,,9.19,-5.1,3.1,1.9
2025-08-11,194700,,9.02,-13.4,6.8,5.1
2025-08-12,194700,,8.61,-1.2,0.9,0.3
2025-08-13,194700,,8.58,7.1,-5.3,-1.8
2025-08-14,194700,,8.81,-16.6,6.7,-3.3
2025-08-18,194700,,8.21,-8.0,-3.6,12.7
2025-08-19,194700,,8.01,-3.0,0.9,1.5
2025-08-20,194700,,7.91,18.0,-8.4,-9.9
2025-08-21,194700,,8.53,-7.2,10.6,-3.6
2025-08-22,194700,,8.32,-3.2,3.4,-0.1
2025-08-25,194700,,8.22,-0.0,8.1,-8.5
2025-08-26,194700,,8.38,-1.6,6.0,-4.6
2025-08-27,194700,,8.24,-13.2,15.0,-1.4
2025-08-28,194700,,7.88,-3.8,5.8,-1.6
2025-08-29,194700,20150.0,7.76,-7.8,4.8,2.9
2025-09-01,194700,,7.51,-21.9,24.0,-0.1
2025-09-02,194700,,6.84,-12.1,11.6,0.1
2025-09-03,194700,,6.52,-9.4,-2.2,10.1
2025-09-04,194700,,6.2,3.9,-6.3,1.6
2025-09-05,194700,,6.2,3.1,-0.7,-2.8
2025-09-08,194700,,6.28,1.3,0.7,-2.4
2025-09-09,194700,,6.32,7.8,-7.5,-1.3
2025-09-10,194700,,6.57,2.8,-1.6,-2.1
2025-09-11,194700,,6.65,-7.1,14.8,-8.8
2025-09-12,194700,,6.43,-7.7,0.7,6.8
2025-09-15,194700,,6.17,13.6,9.6,-11.9
2025-09-16,194700,,6.67,-6.3,4.1,2.9
2025-09-17,194700,,6.48,-1.9,-2.2,3.6
2025-09-18,194700,,6.41,-3.0,-4.8,6.9
2025-09-19,194700,,6.29,1.8,-2.8,1.1
2025-09-22,194700,,6.34,11.3,-6.8,-4.5
2025-09-23,194700,,6.75,6.5,-7.9,1.1
2025-09-24,194700,,7.0,6.3,0.0,-5.9
2025-09-25,194700,,7.17,-7.2,5.8,2.5
2025-09-26,194700,,6.96,-5.7,-2.2,8.4
2025-09-29,194700,,6.75,26.1,-13.6,-9.9
2025-09-30,194700,20700.0,7.53,-2.1,0.5,2.6
2025-10-01,194700,,7.45,0.6,-12.1,11.3
2025-10-02,194700,,7.47,-13.5,-31.0,43.6
2025-10-10,194700,,6.79,10.3,-34.1,21.4
2025-10-13,194700,,7.12,9.3,-15.3,5.0
2025-10-14,194700,,7.4,13.4,-14.3,0.8
2025-10-15,194700,,7.89,1.7,-4.7,2.8
2025-10-16,194700,,7.92,11.2,-13.0,1.2
2025-10-17,194700,,8.31,3.1,-5.8,1.9
2025-10-20,194700,,8.39,-5.6,0.4,4.6
2025-10-21,194700,,8.19,-3.2,-2.1,4.6
2025-10-22,194700,,8.05,-0.0,4.6,-5.4
2025-10-23,194700,,8.06,-0.3,-0.1,0.1
2025-10-24,194700,,8.03,5.1,-6.9,1.2
2025-10-27,194700,,8.17,7.6,-2.8,-4.7
2025-10-28,194700,,8.45,2.9,-0.1,-2.6
2025-10-29,194700,,8.53,5.5,-7.8,1.5
2025-10-30,194700,,8.69,20.3,-23.3,2.8
2025-10-31,194700,17060.0,9.33,10.6,-15.1,4.4
2025-11-03,194700,,9.69,9.1,-10.2,0.8
2025-11-04,194700,,10.02,19.3,-12.2,-7.2
2025-11-05,194700,,10.67,5.3,0.6,-6.0
2025-11-06,194700,,10.82,-4.3,-0.5,5.0
2025-11-07,194700,,10.64,5.7,3.4,-8.8
2025-11-10,194700,,10.84,-0.8,-1.4,2.1
2025-11-11,194700,,10.79,1.7,-1.7,-0.2
2025-11-12,194700,,10.82,2.1,-1.5,-0.2
2025-11-13,194700,,10.89,2.4,-4.0,1.6
2025-11-14,194700,,10.96,-0.7,4.3,-2.5
2025-11-17,194700,,10.87,12.7,-1.9,-9.2
2025-11-18,194700,,11.31,4.2,2.3,-6.1
2025-11-19,194700,,11.47,4.6,-1.2,-2.6
2025-11-20,194700,,11.67,2.7,-0.9,-1.0
2025-11-21,194700,,11.76,5.6,-6.1,0.3
2025-11-24,194700,,11.95,3.7,-2.9,-0.7
2025-11-25,194700,,12.08,2.8,-2.8,-0.0
2025-11-26,194700,,12.15,6.9,-9.7,2.9
2025-11-27,194700,,12.42,2.5,-3.7,1.3
2025-11-28,194700,15380.0,12.48,0.1,-1.4,1.4
2025-12-01,194700,,12.48,-1.5,-1.4,3.1
2025-12-02,194700,,12.52,1.7,-4.8,3.1
2025-12-03,194700,,12.57,-0.1,-3.7,3.8
2025-12-04,194700,,12.6,1.3,-2.2,0.8
2025-12-05,194700,,12.63,4.8,-5.4,0.8
2025-12-08,194700,,12.79,4.4,-4.3,-0.1
2025-12-09,194700,,12.93,3.7,-4.8,0.9
2025-12-10,194700,,13.08,0.2,-1.4,0.7
2025-12-11,194700,,13.07,-3.5,1.8,1.5
2025-12-12,194700,,12.91,-0.9,-2.2,1.9
2025-12-15,194700,,12.88,0.3,-1.3,0.8
2025-12-16,194700,,12.89,2.3,-2.1,-0.6
2025-12-17,194700,,13.21,0.6,-1.0,-0.2
2025-12-18,194700,,13.1,0.5,-0.3,-0.5
2025-12-19,194700,,13.11,-0.1,-1.4,1.1
2025-12-22,194700,,13.11,3.7,-3.6,-0.3
2025-12-23,194700,,13.25,-2.4,0.2,2.1
2025-12-24,194700,,13.15,-0.4,-0.1,0.5
2025-12-26,194700,,13.17,-2.7,2.8,-0.1
2025-12-29,194700,,13.0,-6.7,1.3,4.8
2025-12-30,194700,14000.0,12.73,0.7,-1.1,-0.2
2026-01-02,194700,,12.75,3.6,0.2,-3.7
2026-01-05,194700,,12.92,0.2,-0.7,0.9
2026-01-06,194700,,13.19,-1.6,-5.0,6.4
2026-01-07,194700,,13.27,1.5,-1.7,-0.3
2026-01-08,194700,,13.33,1.2,-0.1,-1.0
2026-01-09,194700,,13.38,5.6,-1.3,-4.9
2026-01-12,194700,,13.62,1.7,-7.7,5.9
2026-01-13,194700,,13.73,1.1,-3.2,2.1
2026-01-14,194700,,13.92,3.8,-3.9,0.1
2026-01-15,194700,,14.09,2.4,-4.1,1.7
2026-01-16,194700,,14.18,0.1,0.3,-0.5
2026-01-19,194700,,14.16,-1.7,-0.2,2.2
2026-01-20,194700,,13.97,4.9,-2.7,-2.3
2026-01-21,194700,,14.17,-1.6,-0.5,1.6
2026-01-22,194700,,14.0,6.9,-3.8,-3.1
2026-01-23,194700,,14.28,3.9,-0.7,-3.3
2026-01-26,194700,,14.45,-0.2,-2.4,1.8
2026-01-27,194700,,14.45,2.5,-5.0,1.6
2026-01-28,194700,,14.51,0.2,-1.4,0.6
2026-01-29,194700,,14.52,2.0,-1.9,-0.7
2026-01-30,194700,14060.0,14.62,-2.0,0.1,1.4
2026-02-02,194700,,14.52,-1.7,-1.9,3.9
2026-02-03,194700,,14.45,0.1,-1.2,0.5
2026-02-04,194700,,14.47,-4.8,5.5,2.3
2026-02-05,194700,,13.84,-6.5,-0.2,5.9
2026-02-06,194700,,13.62,-7.8,-0.7,7.6
2026-02-09,194700,,13.28,2.6,-0.2,-2.3
2026-02-10,194700,,13.52,-3.0,0.0,2.9
2026-02-11,194700,,13.44,-6.9,-0.5,7.2
2026-02-12,194700,,13.15,-2.2,-0.5,2.7
2026-02-13,194700,,13.05,-1.6,1.6,-0.2
2026-02-19,194700,,12.98,0.3,4.7,-5.5
2026-02-20,194700,,13.02,-1.7,1.6,-0.3
2026-02-23,194700,,12.95,1.1,-1.7,-0.3
2026-02-24,194700,,12.84,-3.5,-0.2,2.8
2026-02-25,194700,,12.65,-3.1,-0.1,2.7
2026-02-26,194700,,12.66,-6.2,-1.1,5.5
2026-02-27,194700,13830.0,12.37,-3.4,-4.3,7.2
2026-03-03,194700,,12.24,-2.6,-2.1,4.1
2026-03-04,194700,,12.2,4.8,-7.9,2.6
2026-03-05,194700,,12.42,-3.2,-0.6,3.5
2026-03-06,194700,,12.23,0.5,-3.2,3.0
2026-03-09,194700,,12.23,0.5,-1.5,0.8
2026-03-10,194700,,12.25,0.3,0.0,-0.4
2026-03-11,194700,,12.18,-0.0,-0.2,0.1
2026-03-12,194700,,12.17,-0.2,-0.0,0.2
2026-03-13,194700,,12.17,0.2,-3.0,2.7
2026-03-16,194700,,12.17,-3.4,3.4,-0.1
2026-03-17,194700,,12.04,0.2,0.2,-0.5
2026-03-18,194700,,12.05,-0.9,-1.6,3.0
2026-03-19,194700,,12.01,-1.3,0.0,1.3
2026-03-20,194700,,11.97,-0.1,-3.3,3.2
2026-03-23,194700,,11.96,-0.5,-0.9,1.4
2026-03-24,194700,,11.89,1.8,-2.7,0.0
2026-03-25,194700,,11.96,1.2,-2.4,1.3
2026-03-26,194700,,12.03,-1.9,-3.2,5.0
2026-03-27,194700,,11.92,0.7,-0.4,-0.3
2026-03-30,194700,,11.98,-2.4,1.6,0.8
2026-03-31,194700,13570.0,11.88,0.7,-0.4,-0.3
2026-04-01,194700,,11.9,-1.7,-0.2,1.3
2026-04-02,194700,,11.82,-2.7,0.4,1.6
2026-04-03,194700,,11.69,0.9,-0.2,-0.8
2026-04-06,194700,,11.73,-1.9,-0.4,2.1
2026-04-07,194700,,11.65,-1.7,0.3,1.3
2026-04-08,194700,,11.58,-1.2,0.3,0.8
2026-04-09,194700,,11.54,-0.6,0.0,0.6
2026-04-10,194700,,11.5,-0.0,1.0,-1.1
2026-04-13,194700,,11.52,-0.2,0.6,-0.3
2026-04-14,194700,,11.5,-1.9,-0.6,2.1
2026-04-15,194700,,11.42,0.1,-0.3,0.2
2026-04-16,194700,,11.44,-0.0,-0.6,0.3
2026-04-17,194700,,11.49,-0.7,-0.7,1.3
2026-04-20,194700,,11.44,1.1,-0.2,-1.0
2026-04-21,194700,,11.49,-5.8,2.2,3.6
2026-04-22,194700,,11.24,-2.0,-0.5,2.1
2026-04-23,194700,,11.16,-1.9,0.2,0.1
2026-04-24,194700,,11.4,1.4,1.0,-2.6
2026-04-27,194700,,11.49,-0.6,0.1,-0.4
2026-04-28,194700,,11.48,-1.0,0.3,0.3
2026-04-29,194700,,11.47,-0.2,0.0,-0.1
2026-04-30,194700,14900.0,11.49,-2.5,-0.0,2.2
2026-05-04,194700,,11.38,-2.3,3.5,-2.3
2026-05-06,194700,,11.31,-6.7,-0.2,6.3
2026-05-07,194700,,11.21,-1.2,-0.0,0.5
2026-05-08,194700,,11.09,11.9,4.5,-19.1
2026-05-11,194700,,11.59,-13.1,-0.7,14.0
2026-05-12,194700,,10.86,-5.9,-6.9,12.9
2026-05-13,194700,,10.55,-0.9,-0.3,0.9
2026-05-14,194700,,10.52,-1.2,0.5,0.7
2026-05-15,194700,,10.5,20.5,4.4,-21.1
2026-05-18,194700,,11.28,-11.9,14.2,-1.8
2026-05-19,194700,,10.8,-19.3,24.5,-7.4
2026-05-20,194700,,10.22,-23.6,18.7,4.1
2026-05-21,194700,,9.66,-2.8,0.8,0.7
2026-05-22,194700,,9.52,4.8,-2.7,-2.0
2026-05-26,194700,,9.67,15.0,-11.3,-3.3
2026-05-27,194700,,10.22,7.4,-3.3,-2.4
2026-05-28,194700,,10.49,13.0,1.3,-13.8
2026-05-29,194700,15170.0,11.07,7.4,-8.4,0.1
2026-06-01,194700,,11.3,-0.4,-2.2,1.6
2026-06-02,194700,,11.29,-0.6,0.6,-0.1
2026-06-04,194700,,11.26,-4.1,0.2,3.9
2026-06-05,194700,,11.06,-2.9,2.6,0.4
2026-06-08,194700,,10.96,-5.2,0.6,4.3
2026-06-09,194700,,10.68,2.0,0.3,-1.8
2026-06-10,194700,,10.77,-3.0,4.6,-1.2
2026-06-11,194700,,10.62,-2.3,5.8,-1.8
2026-06-12,194700,,10.53,-3.0,-0.5,4.1
2026-06-15,194700,,10.38,-3.4,0.7,3.2
2026-06-16,194700,,10.19,3.9,-4.7,0.5
2026-06-17,194700,,10.31,1.8,-0.7,-1.3
2026-06-18,194700,,10.42,-4.2,-1.1,4.9
2026-06-19,194700,,10.16,2.3,-1.5,-1.5
2026-06-22,194700,,10.23,1.8,-4.2,2.5
2026-06-23,194700,,10.14,-2.1,-1.7,4.0
2026-06-24,194700,,10.03,2.1,-4.9,2.9
2026-06-25,194700,,10.06,-1.3,-2.7,3.4
2026-06-26,194700,,9.96,0.8,-2.4,0.8
2026-06-29,194700,,9.97,2.6,-1.3,0.2
2026-06-30,194700,12340.0,10.13,-0.9,-0.4,0.9
2026-07-01,194700,,10.09,0.5,0.6,0.6
2026-07-02,194700,,10.14,-5.3,9.2,-3.9
2026-07-03,194700,,10.07,-2.1,3.0,-0.5
2026-07-06,194700,,9.96,2.8,-3.4,1.5
2026-07-07,194700,,10.05,2.1,-0.5,-1.3
2026-07-08,194700,,10.14,-1.2,3.3,-2.0
2026-07-09,194700,,10.08,-3.0,4.3,-1.2
2026-07-10,194700,,9.94,-0.0,1.4,-0.7
2026-07-13,194700,14190.0,9.96,2.2,-8.4,6.0
2025-07-14,195500,,2.88,0.1,,-0.1
2025-07-15,195500,,2.82,-0.6,,0.6
2025-07-16,195500,,2.69,-0.4,,0.3
2025-07-17,195500,,2.62,0.1,,-0.0
2025-07-18,195500,,2.63,-0.3,,0.2
2025-07-21,195500,,2.58,-0.1,,-0.4
2025-07-22,195500,,2.56,-0.8,,0.8
2025-07-23,195500,,2.38,-0.2,,0.5
2025-07-24,195500,,2.34,-0.6,,0.7
2025-07-25,195500,,2.2,0.4,,-0.2
2025-07-28,195500,,2.28,-0.2,,0.2
2025-07-29,195500,,2.23,-0.3,,0.3
2025-07-30,195500,,2.17,-0.2,,0.1
2025-07-31,195500,,2.14,0.1,,-0.1
2025-08-01,195500,,2.15,-0.6,,0.7
2025-08-04,195500,,2.02,0.3,,-0.3
2025-08-05,195500,,2.08,-0.2,,0.2
2025-08-06,195500,,2.03,0.1,,-0.1
2025-08-07,195500,,2.06,0.2,,-0.2
2025-08-08,195500,,2.11,0.3,,-0.3
2025-08-11,195500,,2.18,0.2,,-0.2
2025-08-12,195500,,2.23,0.1,,-0.4
2025-08-13,195500,,2.25,-0.1,,0.1
2025-08-14,195500,,2.24,0.1,,-0.1
2025-08-18,195500,,2.26,0.6,-0.6,0.0
2025-08-19,195500,,2.39,0.3,,-0.3
2025-08-20,195500,,2.46,0.1,,-0.1
2025-08-21,195500,,2.49,0.4,,-0.4
2025-08-22,195500,,2.57,-0.2,,0.2
2025-08-25,195500,,2.52,-0.1,,0.1
2025-08-26,195500,,2.5,-0.0,,0.0
2025-08-27,195500,,2.49,-0.0,,0.0
2025-08-28,195500,,2.49,0.1,,-0.1
2025-08-29,195500,2865.0,2.5,0.0,,-0.0
2025-09-01,195500,,2.51,-0.6,,0.6
2025-09-02,195500,,2.37,-0.3,,0.3
2025-09-03,195500,,2.31,-0.0,,0.0
2025-09-04,195500,,2.31,0.1,,-0.1
2025-09-05,195500,,2.32,0.4,,-0.4
2025-09-08,195500,,2.42,-0.0,,0.0
2025-09-09,195500,,2.41,-0.2,,0.2
2025-09-10,195500,,2.37,-0.0,,0.0
2025-09-11,195500,,2.37,-0.0,,0.0
2025-09-12,195500,,2.37,0.1,,-0.1
2025-09-15,195500,,2.39,0.2,,-0.2
2025-09-16,195500,,2.43,-0.1,,0.1
2025-09-17,195500,,2.41,-0.1,,0.1
2025-09-18,195500,,2.39,-0.1,,0.1
2025-09-19,195500,,2.37,-0.5,,0.5
2025-09-22,195500,,2.27,-0.2,,0.2
2025-09-23,195500,,2.23,-0.2,,0.2
2025-09-24,195500,,2.17,-0.6,,0.6
2025-09-25,195500,,2.04,-0.1,,0.1
2025-09-26,195500,,2.01,-0.8,,0.8
2025-09-29,195500,,1.73,0.1,,-0.1
2025-09-30,195500,2780.0,1.74,-0.1,,0.1
2025-10-01,195500,,1.73,-0.1,,0.1
2025-10-02,195500,,1.71,0.1,,-0.1
2025-10-10,195500,,1.73,-0.2,,0.2
2025-10-13,195500,,1.69,-0.1,,0.1
2025-10-14,195500,,1.66,-0.2,,0.2
2025-10-15,195500,,1.62,0.2,,-0.2
2025-10-16,195500,,1.66,-0.0,,0.0
2025-10-17,195500,,1.66,-0.3,,0.3
2025-10-20,195500,,1.59,-0.0,,0.0
2025-10-21,195500,,1.58,-0.4,,0.4
2025-10-22,195500,,1.5,0.2,,-0.2
2025-10-23,195500,,1.55,-0.0,,0.0
2025-10-24,195500,,1.54,-0.1,,0.1
2025-10-27,195500,,1.52,-0.2,,0.2
2025-10-28,195500,,1.47,-0.0,,0.0
2025-10-29,195500,,1.47,-0.2,,0.2
2025-10-30,195500,,1.42,-0.1,,0.1
2025-10-31,195500,2590.0,1.39,-0.8,,1.1
2025-11-03,195500,,1.21,-0.1,,0.1
2025-11-04,195500,,1.2,0.0,,0.0
2025-11-05,195500,,1.2,0.2,,-0.2
2025-11-06,195500,,1.25,0.0,,-0.0
2025-11-07,195500,,1.25,-0.1,,0.1
2025-11-10,195500,,1.22,0.5,-0.5,-0.1
2025-11-11,195500,,1.35,-0.0,,0.0
2025-11-12,195500,,1.34,0.1,,-0.1
2025-11-13,195500,,1.36,0.0,,-0.0
2025-11-14,195500,,1.37,0.1,,-0.1
2025-11-17,195500,,1.4,0.7,,-0.7
2025-11-18,195500,,1.57,-0.0,,0.0
2025-11-19,195500,,1.56,0.1,,-0.1
2025-11-20,195500,,1.59,0.5,,-0.5
2025-11-21,195500,,1.7,0.1,,-0.1
2025-11-24,195500,,1.72,-0.2,,0.2
2025-11-25,195500,,1.68,-0.0,,0.0
2025-11-26,195500,,1.68,-0.1,,0.1
2025-11-27,195500,,1.66,0.0,,-0.0
2025-11-28,195500,2790.0,1.67,0.1,,-0.1
2025-12-01,195500,,1.69,0.2,,-0.2
2025-12-02,195500,,1.73,0.1,,-0.1
2025-12-03,195500,,1.74,0.1,,-0.1
2025-12-04,195500,,1.79,-0.2,,0.2
2025-12-05,195500,,1.73,0.0,,-0.0
2025-12-08,195500,,1.74,-0.1,,0.1
2025-12-09,195500,,1.71,-0.0,,0.0
2025-12-10,195500,,1.7,-0.0,,0.0
2025-12-11,195500,,1.7,0.5,,-0.5
2025-12-12,195500,,1.8,0.0,,-0.0
2025-12-15,195500,,1.8,-0.1,,0.1
2025-12-16,195500,,1.78,-0.5,,0.5
2025-12-17,195500,,2.35,0.2,,-0.2
2025-12-18,195500,,2.39,0.0,,-0.0
2025-12-19,195500,,2.4,0.3,,-0.3
2025-12-22,195500,,2.46,0.3,,-0.3
2025-12-23,195500,,2.53,-0.4,,0.5
2025-12-24,195500,,2.43,-0.2,,0.2
2025-12-26,195500,,2.39,-0.1,,0.1
2025-12-29,195500,,2.37,-0.1,,0.1
2025-12-30,195500,2830.0,2.34,-0.1,,0.1
2026-01-02,195500,,2.32,-0.0,,0.0
2026-01-05,195500,,2.31,-0.0,,0.0
2026-01-06,195500,,2.3,-0.1,,0.1
2026-01-07,195500,,2.35,-0.3,,0.3
2026-01-08,195500,,2.29,-0.1,-0.0,0.1
2026-01-09,195500,,2.26,-0.0,,0.0
2026-01-12,195500,,2.25,0.2,,-0.2
2026-01-13,195500,,2.31,-0.1,,0.0
2026-01-14,195500,,2.44,0.2,,-0.1
2026-01-15,195500,,2.48,0.2,,-0.2
2026-01-16,195500,,2.52,-0.6,,0.6
2026-01-19,195500,,2.39,0.6,-0.0,-0.6
2026-01-20,195500,,2.53,0.2,,-0.2
2026-01-21,195500,,2.58,0.3,,-0.3
2026-01-22,195500,,2.65,0.2,,-0.2
2026-01-23,195500,,2.69,0.1,,-0.1
2026-01-26,195500,,2.72,0.2,,-0.2
2026-01-27,195500,,2.77,-0.0,,0.0
2026-01-28,195500,,2.76,0.0,,-0.0
2026-01-29,195500,,2.76,-0.1,,0.1
2026-01-30,195500,2750.0,2.75,-0.1,,0.1
2026-02-02,195500,,2.73,-0.3,,0.2
2026-02-03,195500,,2.68,2.2,,-2.4
2026-02-04,195500,,3.17,1.5,,-1.4
2026-02-05,195500,,3.51,0.1,,-0.0
2026-02-06,195500,,3.53,-0.0,,0.0
2026-02-09,195500,,3.52,0.1,,-0.2
2026-02-10,195500,,3.56,0.5,,-0.4
2026-02-11,195500,,3.66,0.1,,-0.1
2026-02-12,195500,,3.69,0.3,,-0.3
2026-02-13,195500,,3.74,0.3,,-0.3
2026-02-19,195500,,3.8,-0.5,,0.6
2026-02-20,195500,,3.68,0.5,,-0.5
2026-02-23,195500,,3.8,-0.1,,0.2
2026-02-24,195500,,3.1,-0.0,,0.0
2026-02-25,195500,,3.09,-0.9,,0.9
2026-02-26,195500,,3.17,-0.7,,0.6
2026-02-27,195500,2825.0,2.96,-0.1,,0.1
2026-03-03,195500,,2.93,0.8,,-0.8
2026-03-04,195500,,3.1,-0.4,,0.5
2026-03-05,195500,,3.0,-0.3,,0.4
2026-03-06,195500,,2.93,0.1,,-0.1
2026-03-09,195500,,2.95,0.5,-0.1,-0.4
2026-03-10,195500,,3.06,-0.1,,0.1
2026-03-11,195500,,3.04,0.3,,-0.3
2026-03-12,195500,,3.12,0.0,,-0.0
2026-03-13,195500,,3.12,0.1,,-0.1
2026-03-16,195500,,3.15,-0.1,,0.1
2026-03-17,195500,,3.09,-0.1,,0.0
2026-03-18,195500,,3.07,-0.2,,0.2
2026-03-19,195500,,3.03,0.0,,-0.0
2026-03-20,195500,,3.03,0.2,,-0.2
2026-03-23,195500,,3.09,0.0,,-0.0
2026-03-24,195500,,3.09,-0.1,,0.1
2026-03-25,195500,,3.06,-0.0,,0.0
2026-03-26,195500,,3.05,-0.0,,-0.0
2026-03-27,195500,,3.05,-0.1,,0.1
2026-03-30,195500,,3.03,-0.1,,0.1
2026-03-31,195500,2615.0,3.01,-0.2,,0.2
2026-04-01,195500,,2.95,-0.1,,0.0
2026-04-02,195500,,2.94,0.0,,-0.0
2026-04-03,195500,,2.94,-0.1,,0.1
2026-04-06,195500,,2.93,0.0,,-0.0
2026-04-07,195500,,2.93,-0.1,,0.1
2026-04-08,195500,,2.91,0.0,,-0.0
2026-04-09,195500,,2.91,0.0,,-0.0
2026-04-10,195500,,2.92,0.5,,-0.5
2026-04-13,195500,,3.03,0.1,,-0.1
2026-04-14,195500,,3.05,0.1,,-0.1
2026-04-15,195500,,3.08,0.1,,-0.1
2026-04-16,195500,,3.09,0.1,,-0.1
2026-04-17,195500,,3.12,-0.2,,0.2
2026-04-20,195500,,3.09,0.0,,-0.1
2026-04-21,195500,,3.09,-0.1,,0.1
2026-04-22,195500,,3.08,-0.0,,0.0
2026-04-23,195500,,3.07,-0.3,,0.3
2026-04-24,195500,,3.01,0.3,,-0.3
2026-04-27,195500,,3.08,0.3,,-0.3
2026-04-28,195500,,3.14,-0.2,,0.3
2026-04-29,195500,,3.09,-0.1,0.0,0.1
2026-04-30,195500,2875.0,2.99,-0.3,0.0,0.3
2026-05-04,195500,,2.93,-0.4,0.0,0.4
2026-05-06,195500,,2.85,-0.6,,0.6
2026-05-07,195500,,2.72,1.1,0.0,-1.2
2026-05-08,195500,,2.99,-0.6,-0.0,0.6
2026-05-11,195500,,2.86,-0.7,0.0,0.7
2026-05-12,195500,,2.69,-0.1,-0.0,0.1
2026-05-13,195500,,2.67,-0.4,0.0,0.4
2026-05-14,195500,,2.57,0.0,-0.0,-0.0
2026-05-15,195500,,2.58,-0.1,-0.0,0.1
2026-05-18,195500,,2.55,-0.3,-0.0,0.3
2026-05-19,195500,,2.47,0.1,0.0,-0.2
2026-05-20,195500,,2.5,-0.2,-0.0,0.2
2026-05-21,195500,,2.5,-0.9,0.0,0.9
2026-05-22,195500,,2.28,0.1,-0.0,-0.1
2026-05-26,195500,,2.3,-0.4,0.0,0.4
2026-05-27,195500,,2.21,-0.0,-0.0,0.1
2026-05-28,195500,,2.21,-0.0,0.0,0.0
2026-05-29,195500,2150.0,2.21,0.9,-0.0,-1.0
2026-06-01,195500,,2.48,0.4,-0.0,-0.4
2026-06-02,195500,,2.61,0.6,-0.0,-0.6
2026-06-04,195500,,2.79,-0.5,0.0,0.6
2026-06-05,195500,,2.62,0.3,0.0,-0.3
2026-06-08,195500,,2.72,0.2,-0.0,-0.2
2026-06-09,195500,,2.79,0.1,-0.0,-0.1
2026-06-10,195500,,2.83,0.0,0.0,-0.0
2026-06-11,195500,,2.85,-2.6,2.0,0.6
2026-06-12,195500,,2.14,-2.9,-2.0,4.9
2026-06-15,195500,,1.22,1.1,0.0,-1.1
2026-06-16,195500,,1.82,0.5,-0.0,-0.6
2026-06-17,195500,,2.0,0.4,-0.4,0.0
2026-06-18,195500,,2.11,-0.3,0.0,0.2
2026-06-19,195500,,2.03,0.6,-0.0,-0.6
2026-06-22,195500,,2.23,0.1,-0.0,-0.1
2026-06-23,195500,,2.28,-0.1,-0.0,0.2
2026-06-24,195500,,2.23,0.1,-0.0,-0.2
2026-06-25,195500,,2.27,-0.1,0.0,0.1
2026-06-26,195500,,2.25,-0.2,-0.0,0.2
2026-06-29,195500,,2.19,0.6,-0.0,-0.6
2026-06-30,195500,1623.0,2.41,-0.1,-0.0,0.1
2026-07-01,195500,,2.39,-0.3,0.0,0.2
2026-07-02,195500,,2.28,0.0,-0.0,-0.0
2026-07-03,195500,,2.33,0.2,-0.0,-0.2
2026-07-06,195500,,2.42,0.2,0.0,-0.2
2026-07-07,195500,,2.48,0.0,-0.0,-0.0
2026-07-08,195500,,2.48,0.1,0.0,-0.1
2026-07-09,195500,,2.5,-0.0,-0.0,0.0
2026-07-10,195500,,2.49,0.2,-0.0,-0.2
2026-07-13,195500,1676.0,2.55,-0.1,-0.0,0.1
2025-07-14,195870,,7.3,21.3,-23.8,2.5
2025-07-15,195870,,7.77,13.7,-17.9,4.2
2025-07-16,195870,,8.06,21.7,-35.6,13.3
2025-07-17,195870,,8.53,24.7,-31.1,6.3
2025-07-18,195870,,9.09,1.6,-6.4,4.7
2025-07-21,195870,,9.12,4.0,-9.4,5.4
2025-07-22,195870,,9.24,4.5,-15.0,10.2
2025-07-23,195870,,9.33,-1.1,-1.5,2.5
2025-07-24,195870,,9.32,-4.0,-5.7,9.6
2025-07-25,195870,,9.21,1.4,-4.0,2.5
2025-07-28,195870,,9.25,-2.8,-4.1,6.7
2025-07-29,195870,,9.2,-4.1,-14.7,18.6
2025-07-30,195870,,9.06,-5.6,-1.1,6.4
2025-07-31,195870,,8.88,-10.4,-5.5,15.5
2025-08-01,195870,,8.62,-2.9,-8.0,10.8
2025-08-04,195870,,8.55,4.9,-4.3,-0.4
2025-08-05,195870,,8.46,-3.3,-0.5,3.9
2025-08-06,195870,,8.37,1.2,-2.0,0.7
2025-08-07,195870,,8.33,2.1,-4.5,2.3
2025-08-08,195870,,8.39,2.0,-4.7,3.4
2025-08-11,195870,,8.48,1.2,-3.8,2.3
2025-08-12,195870,,8.5,4.1,-5.0,1.0
2025-08-13,195870,,8.58,2.9,-1.4,-1.8
2025-08-14,195870,,8.71,-6.7,-0.4,7.2
2025-08-18,195870,,8.52,-7.4,-5.8,12.6
2025-08-19,195870,,8.27,-0.5,-2.5,2.9
2025-08-20,195870,,8.31,1.8,-7.9,6.2
2025-08-21,195870,,8.39,0.7,-8.4,7.7
2025-08-22,195870,,8.26,-0.4,-3.5,4.0
2025-08-25,195870,,8.25,3.3,-6.6,3.3
2025-08-26,195870,,8.35,4.8,-4.5,-0.2
2025-08-27,195870,,8.51,2.3,-4.6,1.8
2025-08-28,195870,,8.57,1.0,-2.9,1.7
2025-08-29,195870,22450.0,8.59,-1.1,-3.8,4.9
2025-09-01,195870,,8.56,1.3,-5.3,4.0
2025-09-02,195870,,8.59,3.1,-6.5,3.6
2025-09-03,195870,,8.67,3.3,-4.2,1.4
2025-09-04,195870,,8.87,1.6,-2.9,1.3
2025-09-05,195870,,8.88,5.6,-10.7,5.0
2025-09-08,195870,,9.03,-1.1,-1.1,2.2
2025-09-09,195870,,8.99,0.6,0.2,-1.0
2025-09-10,195870,,9.01,-7.4,1.5,2.7
2025-09-11,195870,,8.8,34.6,-41.6,6.5
2025-09-12,195870,,9.63,10.5,-6.2,-7.0
2025-09-15,195870,,9.9,-7.7,11.0,-2.5
2025-09-16,195870,,9.57,-5.1,5.1,-0.6
2025-09-17,195870,,9.47,-1.8,0.6,-0.4
2025-09-18,195870,,9.42,-3.7,1.4,2.8
2025-09-19,195870,,9.28,14.7,-7.9,-7.2
2025-09-22,195870,,9.64,27.6,20.6,-47.1
2025-09-23,195870,,10.48,-22.2,3.5,19.3
2025-09-24,195870,,9.88,11.4,-12.8,1.0
2025-09-25,195870,,10.11,3.8,5.3,-9.3
2025-09-26,195870,,10.21,16.7,-9.4,-8.4
2025-09-29,195870,,10.6,31.6,-3.0,-29.1
2025-09-30,195870,30800.0,11.31,-9.1,8.9,-0.1
2025-10-01,195870,,11.08,43.0,33.0,-66.7
2025-10-02,195870,,11.88,-84.6,114.6,-30.5
2025-10-10,195870,,10.59,-16.3,30.0,-2.4
2025-10-13,195870,,10.27,-25.0,1.2,22.2
2025-10-14,195870,,9.82,29.7,-3.2,-27.7
2025-10-15,195870,,10.23,5.4,-3.1,-2.2
2025-10-16,195870,,10.27,2.4,3.3,-6.2
2025-10-17,195870,,10.35,49.6,-21.1,-27.8
2025-10-20,195870,,11.2,-1.1,14.3,-12.4
2025-10-21,195870,,11.15,-4.2,10.0,-4.0
2025-10-22,195870,,11.08,6.7,4.3,-10.3
2025-10-23,195870,,11.16,-12.3,33.0,-27.5
2025-10-24,195870,,11.08,-63.9,28.0,34.4
2025-10-27,195870,,10.09,-39.4,13.5,25.8
2025-10-28,195870,,9.54,15.0,21.4,-37.0
2025-10-29,195870,,9.74,-33.8,31.3,2.6
2025-10-30,195870,,9.24,-13.3,6.8,5.8
2025-10-31,195870,51600.0,9.11,3.2,-0.0,-4.1
2025-11-03,195870,,9.14,40.5,-9.4,-31.0
2025-11-04,195870,,9.7,23.6,13.6,-35.7
2025-11-05,195870,,9.96,19.1,32.3,-55.3
2025-11-06,195870,,10.16,-13.5,47.2,-34.4
2025-11-07,195870,,10.09,-2.6,11.7,-10.6
2025-11-10,195870,,10.07,7.5,22.8,-31.5
2025-11-11,195870,,10.27,26.8,58.1,-83.0
2025-11-12,195870,,10.47,-7.0,14.6,-3.9
2025-11-13,195870,,10.31,16.0,-37.8,21.1
2025-11-14,195870,,10.49,56.4,5.7,-60.6
2025-11-17,195870,,11.26,1.3,10.8,-12.4
2025-11-18,195870,,11.22,3.3,18.7,-19.1
2025-11-19,195870,,11.33,37.1,-4.4,-33.3
2025-11-20,195870,,11.81,-74.0,1.4,78.3
2025-11-21,195870,,10.75,70.1,-41.3,-22.1
2025-11-24,195870,,11.77,11.8,2.6,-14.4
2025-11-25,195870,,11.83,2.5,-7.2,3.1
2025-11-26,195870,,11.87,14.9,-20.9,6.4
2025-11-27,195870,,12.06,11.1,-0.4,-11.1
2025-11-28,195870,48850.0,12.14,40.5,-41.0,1.4
2025-12-01,195870,,12.7,79.5,47.3,-132.4
2025-12-02,195870,,13.88,-45.7,42.4,4.2
2025-12-03,195870,,13.26,-12.5,40.1,-27.7
2025-12-04,195870,,13.17,-21.4,10.8,11.2
2025-12-05,195870,,12.86,0.9,6.0,-7.0
2025-12-08,195870,,12.86,18.4,10.9,-29.5
2025-12-09,195870,,12.92,-7.2,18.1,-10.8
2025-12-10,195870,,12.8,14.1,-20.4,7.3
2025-12-11,195870,,12.95,5.2,4.2,-9.6
2025-12-12,195870,,12.99,-18.8,49.4,-30.7
2025-12-15,195870,,12.8,12.5,-24.7,12.2
2025-12-16,195870,,12.99,32.0,-5.6,-16.8
2025-12-17,195870,,13.43,120.3,45.6,-167.1
2025-12-18,195870,,14.6,-28.4,34.3,-6.7
2025-12-19,195870,,14.18,-69.1,63.7,7.1
2025-12-22,195870,,13.22,-19.6,42.6,-23.2
2025-12-23,195870,,13.02,-8.5,18.2,-8.2
2025-12-24,195870,,12.91,-7.9,0.4,8.7
2025-12-26,195870,,12.78,6.2,14.7,-21.0
2025-12-29,195870,,12.88,-21.0,14.5,6.3
2025-12-30,195870,55700.0,12.67,-2.9,4.2,6.0
2026-01-02,195870,,12.67,-37.9,-32.5,70.5
2026-01-05,195870,,12.22,-20.7,-58.7,78.3
2026-01-06,195870,,11.69,6.8,-14.9,8.5
2026-01-07,195870,,11.82,-34.4,41.5,-7.5
2026-01-08,195870,,11.38,11.2,-57.9,46.4
2026-01-09,195870,,11.42,4.6,11.5,-16.1
2026-01-12,195870,,11.52,-9.5,27.0,-17.2
2026-01-13,195870,,11.37,-2.2,32.5,-30.1
2026-01-14,195870,,11.56,3.1,24.1,-27.0
2026-01-15,195870,,11.6,27.6,57.3,-84.9
2026-01-16,195870,,12.12,14.6,-5.2,-9.5
2026-01-19,195870,,12.16,29.2,12.7,-47.3
2026-01-20,195870,,12.54,-37.1,-10.3,47.4
2026-01-21,195870,,11.89,29.6,-32.4,2.9
2026-01-22,195870,,12.24,52.5,4.7,-58.4
2026-01-23,195870,,12.95,54.6,53.3,-104.8
2026-01-26,195870,,13.79,73.6,50.9,-116.8
2026-01-27,195870,,14.74,-23.9,19.2,2.7
2026-01-28,195870,,14.29,77.0,-5.2,-72.0
2026-01-29,195870,,15.03,-105.4,9.5,94.7
2026-01-30,195870,64500.0,13.71,38.1,43.5,-78.6
2026-02-02,195870,,14.15,-7.5,16.2,-13.0
2026-02-03,195870,,14.12,-1.5,-0.2,-3.6
2026-02-04,195870,,14.12,-18.8,-78.9,92.1
2026-02-05,195870,,13.66,60.3,-50.9,-9.9
2026-02-06,195870,,14.28,0.2,14.4,-15.5
2026-02-09,195870,,14.28,34.1,36.1,-68.8
2026-02-10,195870,,14.71,-36.3,-33.2,68.1
2026-02-11,195870,,14.17,18.8,-11.5,-6.2
2026-02-12,195870,,14.38,1.5,-16.0,15.9
2026-02-13,195870,,14.29,23.9,-65.8,44.0
2026-02-19,195870,,14.52,15.3,-5.9,-9.6
2026-02-20,195870,,14.71,27.3,-67.1,42.0
2026-02-23,195870,,14.89,2.1,11.8,-13.9
2026-02-24,195870,,14.91,93.4,99.3,-191.5
2026-02-25,195870,,16.08,-31.8,73.7,-41.5
2026-02-26,195870,,15.91,5.6,-11.2,5.4
2026-02-27,195870,64600.0,15.99,8.5,14.3,-22.8
2026-03-03,195870,,16.08,28.4,-28.0,-0.2
2026-03-04,195870,,16.33,52.9,-65.5,14.4
2026-03-05,195870,,16.84,25.1,-36.7,9.0
2026-03-06,195870,,17.16,-17.3,4.5,11.1
2026-03-09,195870,,16.95,-29.8,-8.1,38.2
2026-03-10,195870,,16.52,9.2,-3.2,-6.2
2026-03-11,195870,,16.61,-15.6,8.1,7.5
2026-03-12,195870,,16.45,-6.3,-7.9,11.2
2026-03-13,195870,,16.33,5.3,-19.6,14.1
2026-03-16,195870,,16.45,8.4,-10.4,2.2
2026-03-17,195870,,16.53,7.2,-28.1,18.1
2026-03-18,195870,,16.58,29.1,4.7,-30.1
2026-03-19,195870,,16.92,-41.0,23.6,16.3
2026-03-20,195870,,16.44,2.3,-13.4,9.0
2026-03-23,195870,,16.34,1.9,-32.8,30.7
2026-03-24,195870,,16.41,1.9,6.1,-8.9
2026-03-25,195870,,16.45,25.8,10.5,-34.4
2026-03-26,195870,,16.78,-33.1,7.1,31.2
2026-03-27,195870,,16.34,-28.6,11.3,17.3
2026-03-30,195870,,16.16,-17.0,-3.7,20.5
2026-03-31,195870,46750.0,15.83,17.6,-41.4,23.5
2026-04-01,195870,,15.91,-5.4,69.6,-66.9
2026-04-02,195870,,16.03,2.8,-0.2,-2.8
2026-04-03,195870,,16.09,-29.7,9.6,19.4
2026-04-06,195870,,15.7,8.2,-16.4,8.5
2026-04-07,195870,,15.79,-5.3,-9.4,14.3
2026-04-08,195870,,15.64,16.2,-17.8,1.8
2026-04-09,195870,,15.83,-3.3,-30.3,32.8
2026-04-10,195870,,15.76,-3.5,-0.1,4.0
2026-04-13,195870,,15.71,10.8,19.2,-30.7
2026-04-14,195870,,15.85,-9.8,-5.4,18.2
2026-04-15,195870,,15.72,-33.0,-30.0,61.3
2026-04-16,195870,,15.29,35.4,-15.4,-20.0
2026-04-17,195870,,15.85,16.7,-0.2,-17.0
2026-04-20,195870,,16.02,6.8,-2.8,-2.7
2026-04-21,195870,,16.14,33.9,50.1,-83.5
2026-04-22,195870,,16.56,26.4,45.3,-64.0
2026-04-23,195870,,16.84,159.2,74.3,-238.0
2026-04-24,195870,,18.52,2.4,104.4,-104.1
2026-04-27,195870,,18.41,-35.0,30.3,9.1
2026-04-28,195870,,18.22,71.7,-66.6,-6.0
2026-04-29,195870,,18.78,35.4,-14.1,-21.1
2026-04-30,195870,80200.0,19.2,-13.4,94.2,-80.3
2026-05-04,195870,,19.3,-84.5,49.2,38.1
2026-05-06,195870,,18.41,-43.7,-32.9,79.3
2026-05-07,195870,,17.91,11.9,70.2,-86.6
2026-05-08,195870,,18.0,-88.6,86.5,3.4
2026-05-11,195870,,17.27,-60.6,90.9,-30.8
2026-05-12,195870,,16.88,95.7,-16.7,-78.2
2026-05-13,195870,,17.67,-13.9,37.7,-22.0
2026-05-14,195870,,17.62,-29.9,66.3,-37.3
2026-05-15,195870,,17.38,-35.5,45.7,-12.4
2026-05-18,195870,,17.0,-22.4,30.6,-6.5
2026-05-19,195870,,16.81,10.4,-22.0,12.4
2026-05-20,195870,,16.88,12.1,-7.2,-5.1
2026-05-21,195870,,17.02,4.4,-42.6,38.1
2026-05-22,195870,,16.88,22.6,-30.3,7.6
2026-05-26,195870,,17.03,8.1,35.7,-53.9
2026-05-27,195870,,17.17,-19.0,-112.2,134.8
2026-05-28,195870,,16.81,9.6,-12.3,-0.0
2026-05-29,195870,89100.0,16.84,-100.8,31.2,73.6
2026-06-01,195870,,15.88,111.6,-157.5,35.8
2026-06-02,195870,,16.72,31.2,-56.7,21.8
2026-06-04,195870,,17.05,-9.2,2.9,-1.7
2026-06-05,195870,,17.06,22.1,-31.4,8.3
2026-06-08,195870,,17.23,9.8,-6.4,-4.1
2026-06-09,195870,,17.34,-22.7,34.6,-12.3
2026-06-10,195870,,17.22,-41.9,7.7,31.7
2026-06-11,195870,,16.91,-57.5,7.7,54.1
2026-06-12,195870,,16.31,29.1,-67.4,32.0
2026-06-15,195870,,16.39,-8.9,28.4,-21.1
2026-06-16,195870,,16.34,13.3,-31.0,16.8
2026-06-17,195870,,16.36,70.8,-94.7,16.5
2026-06-18,195870,,16.81,16.8,-28.7,11.1
2026-06-19,195870,,16.98,56.7,-85.1,28.1
2026-06-22,195870,,17.41,73.9,16.7,-91.7
2026-06-23,195870,,18.41,11.6,-36.2,25.6
2026-06-24,195870,,18.34,-0.9,-19.1,19.8
2026-06-25,195870,,18.2,-6.7,1.3,11.6
2026-06-26,195870,,18.02,-4.8,28.9,-23.5
2026-06-29,195870,,18.05,12.7,-22.3,7.2
2026-06-30,195870,70500.0,18.11,-6.1,-12.9,18.1
2026-07-01,195870,,17.98,34.4,-69.5,33.3
2026-07-02,195870,,18.3,-12.9,-53.4,53.5
2026-07-03,195870,,18.12,110.2,-32.6,-71.0
2026-07-06,195870,,19.34,35.7,-38.2,4.0
2026-07-07,195870,,19.62,54.3,-42.4,-11.6
2026-07-08,195870,,20.25,3.7,-10.6,6.6
2026-07-09,195870,,20.3,12.5,-0.1,-12.5
2026-07-10,195870,,20.52,-18.1,11.6,6.8
2026-07-13,195870,58500.0,20.23,10.9,-11.7,-2.3
2025-07-14,195940,,9.8,-4.3,-6.0,10.4
2025-07-15,195940,,9.74,3.3,-3.5,2.1
2025-07-16,195940,,9.76,-8.5,-4.9,13.1
2025-07-17,195940,,9.67,27.7,-5.5,-21.6
2025-07-18,195940,,9.97,0.4,-27.7,26.6
2025-07-21,195940,,9.91,-11.3,-26.3,37.3
2025-07-22,195940,,9.82,7.9,-20.5,12.2
2025-07-23,195940,,9.87,19.4,-19.1,-0.7
2025-07-24,195940,,10.04,-2.5,1.6,0.5
2025-07-25,195940,,9.97,-4.4,-13.3,16.7
2025-07-28,195940,,9.92,-29.6,-12.3,42.0
2025-07-29,195940,,9.67,26.1,-33.5,7.4
2025-07-30,195940,,9.75,8.5,-20.0,11.7
2025-07-31,195940,,9.8,88.2,36.4,-123.0
2025-08-01,195940,,10.67,2.5,41.1,-39.5
2025-08-04,195940,,10.63,-32.6,27.8,6.2
2025-08-05,195940,,10.28,-11.4,28.4,-18.0
2025-08-06,195940,,10.18,3.4,7.1,-11.3
2025-08-07,195940,,10.2,0.8,3.5,-2.3
2025-08-08,195940,,10.19,-147.1,-66.2,219.2
2025-08-11,195940,,9.0,-12.8,-8.7,19.5
2025-08-12,195940,,9.2,1.1,10.6,-14.1
2025-08-13,195940,,9.22,18.6,-4.9,-13.6
2025-08-14,195940,,9.38,-2.8,4.2,-1.9
2025-08-18,195940,,9.35,-12.1,8.2,3.0
2025-08-19,195940,,9.26,-11.9,2.8,7.6
2025-08-20,195940,,9.16,2.3,9.4,-11.9
2025-08-21,195940,,9.22,-9.8,8.1,-0.5
2025-08-22,195940,,9.17,102.5,74.4,-178.2
2025-08-25,195940,,10.03,10.0,19.6,-28.5
2025-08-26,195940,,10.14,-6.1,22.1,-15.9
2025-08-27,195940,,10.09,-5.1,3.7,1.1
2025-08-28,195940,,10.06,2.0,-2.0,-0.8
2025-08-29,195940,48100.0,10.07,18.5,1.7,-18.4
2025-09-01,195940,,10.22,11.2,-1.4,-9.4
2025-09-02,195940,,10.31,3.6,-15.2,12.9
2025-09-03,195940,,10.32,4.6,-20.6,15.5
2025-09-04,195940,,10.32,9.5,-34.0,24.0
2025-09-05,195940,,10.22,-0.2,-7.6,7.7
2025-09-08,195940,,10.22,1.2,2.1,-3.5
2025-09-09,195940,,10.21,3.2,-4.5,1.3
2025-09-10,195940,,10.21,2.3,10.3,-12.2
2025-09-11,195940,,10.25,-47.4,-24.6,69.2
2025-09-12,195940,,9.84,5.9,-5.3,-0.7
2025-09-15,195940,,9.95,11.8,-6.7,-5.0
2025-09-16,195940,,10.05,-6.1,0.6,6.0
2025-09-17,195940,,9.88,3.1,-17.0,13.7
2025-09-18,195940,,9.91,-21.3,-2.5,26.2
2025-09-19,195940,,9.71,24.5,-5.6,-18.6
2025-09-22,195940,,9.94,25.7,-1.1,-22.9
2025-09-23,195940,,10.14,-0.5,4.6,-3.9
2025-09-24,195940,,10.13,-32.8,-10.0,42.4
2025-09-25,195940,,9.83,-15.9,-15.1,30.9
2025-09-26,195940,,9.78,-4.0,-25.8,29.4
2025-09-29,195940,,9.75,1.1,11.0,-11.8
2025-09-30,195940,44400.0,9.77,8.2,-1.5,-7.0
2025-10-01,195940,,9.83,-2.4,-1.3,3.4
2025-10-02,195940,,9.83,14.1,14.3,-27.4
2025-10-10,195940,,10.01,6.8,-23.7,16.7
2025-10-13,195940,,10.07,10.5,0.6,-10.8
2025-10-14,195940,,10.16,36.3,13.1,-50.2
2025-10-15,195940,,10.49,-3.3,3.5,0.0
2025-10-16,195940,,10.45,7.6,-8.0,0.9
2025-10-17,195940,,10.5,4.8,1.7,-5.2
2025-10-20,195940,,10.49,-15.2,14.7,0.5
2025-10-21,195940,,10.36,19.6,-8.3,-11.2
2025-10-22,195940,,10.5,-0.2,5.5,-5.7
2025-10-23,195940,,10.49,2.4,-7.1,4.2
2025-10-24,195940,,10.54,10.8,-17.7,8.1
2025-10-27,195940,,10.62,42.4,-8.1,-33.5
2025-10-28,195940,,10.99,-4.9,7.8,-2.2
2025-10-29,195940,,10.84,-36.6,7.8,29.6
2025-10-30,195940,,10.55,-0.6,10.9,-10.0
2025-10-31,195940,49400.0,10.55,-3.9,5.3,-1.3
2025-11-03,195940,,10.5,8.3,6.1,-14.8
2025-11-04,195940,,10.59,9.2,-7.6,-1.9
2025-11-05,195940,,10.63,-6.8,1.8,5.2
2025-11-06,195940,,10.61,29.3,37.7,-67.6
2025-11-07,195940,,10.86,-49.1,7.0,42.6
2025-11-10,195940,,10.37,-20.4,4.6,14.1
2025-11-11,195940,,10.21,-31.6,-31.7,62.5
2025-11-12,195940,,9.95,52.5,-6.2,-47.2
2025-11-13,195940,,10.4,-5.0,-8.0,13.0
2025-11-14,195940,,10.34,15.4,1.6,-20.1
2025-11-17,195940,,10.38,2.1,-8.3,7.8
2025-11-18,195940,,10.36,-11.2,5.9,6.1
2025-11-19,195940,,10.24,10.5,-0.3,-10.0
2025-11-20,195940,,10.35,23.7,-3.8,-19.6
2025-11-21,195940,,10.55,-15.9,-4.2,20.1
2025-11-24,195940,,10.37,10.3,-1.8,-8.4
2025-11-25,195940,,10.43,4.6,1.8,-6.2
2025-11-26,195940,,10.5,62.5,-2.8,-59.5
2025-11-27,195940,,11.03,4.2,-13.9,10.1
2025-11-28,195940,52200.0,11.05,11.9,27.7,-40.1
2025-12-01,195940,,11.19,-5.1,17.9,-12.7
2025-12-02,195940,,11.47,-24.9,12.7,11.9
2025-12-03,195940,,11.25,-10.6,0.7,10.1
2025-12-04,195940,,11.2,8.1,2.8,-11.2
2025-12-05,195940,,11.24,-9.0,2.8,6.4
2025-12-08,195940,,11.11,30.2,-22.9,-6.9
2025-12-09,195940,,11.32,9.8,-6.5,-3.4
2025-12-10,195940,,11.4,8.8,-3.1,-5.8
2025-12-11,195940,,11.48,26.9,-16.9,-10.0
2025-12-12,195940,,11.34,-11.0,5.3,5.1
2025-12-15,195940,,11.31,12.0,4.7,-19.5
2025-12-16,195940,,11.42,-7.8,12.0,-4.9
2025-12-17,195940,,11.34,-14.5,-2.0,16.1
2025-12-18,195940,,11.11,18.1,4.2,-27.6
2025-12-19,195940,,11.27,19.8,4.1,-23.1
2025-12-22,195940,,11.43,-2.2,3.2,-1.1
2025-12-23,195940,,11.41,-12.7,-1.2,14.0
2025-12-24,195940,,11.6,-6.5,3.4,2.8
2025-12-26,195940,,11.42,-9.5,6.3,3.1
2025-12-29,195940,,11.37,-12.6,2.7,9.4
2025-12-30,195940,49300.0,11.28,24.1,-20.2,-4.5
2026-01-02,195940,,11.47,-1.5,-2.0,3.2
2026-01-05,195940,,11.44,11.3,-9.2,-2.3
2026-01-06,195940,,11.52,-9.0,19.9,-10.8
2026-01-07,195940,,11.41,79.0,47.5,-119.0
2026-01-08,195940,,12.18,-62.5,-5.7,66.9
2026-01-09,195940,,11.61,-5.5,6.1,-0.9
2026-01-12,195940,,11.57,-22.3,-18.3,39.9
2026-01-13,195940,,11.35,-244.0,-56.6,302.4
2026-01-14,195940,,9.47,-14.1,-52.7,64.6
2026-01-15,195940,,9.34,-19.5,-0.8,22.6
2026-01-16,195940,,9.15,-32.0,31.0,-0.1
2026-01-19,195940,,8.91,5.5,-13.3,6.6
2026-01-20,195940,,8.95,-3.8,8.3,-4.4
2026-01-21,195940,,8.91,14.8,16.0,-28.7
2026-01-22,195940,,8.95,-0.8,11.8,-11.6
2026-01-23,195940,,8.95,22.0,39.9,-61.0
2026-01-26,195940,,9.16,114.9,74.3,-183.6
2026-01-27,195940,,10.09,25.9,35.3,-61.9
2026-01-28,195940,,10.23,48.6,73.4,-120.5
2026-01-29,195940,,10.65,79.4,95.9,-168.9
2026-01-30,195940,56300.0,11.32,30.7,36.9,-65.1
2026-02-02,195940,,11.32,56.1,-18.2,-37.6
2026-02-03,195940,,11.74,-17.1,10.5,5.9
2026-02-04,195940,,11.69,27.3,5.8,-32.1
2026-02-05,195940,,11.78,3.4,-14.0,10.3
2026-02-06,195940,,11.77,-4.6,22.5,-17.0
2026-02-09,195940,,11.65,-0.1,21.8,-21.9
2026-02-10,195940,,12.0,13.2,4.5,-17.6
2026-02-11,195940,,11.83,13.5,-10.9,-2.7
2026-02-12,195940,,11.76,38.2,-2.9,-37.9
2026-02-13,195940,,12.02,3.1,5.2,-7.7
2026-02-19,195940,,12.02,42.4,30.4,-70.3
2026-02-20,195940,,12.36,10.4,7.5,-18.3
2026-02-23,195940,,12.4,9.5,6.4,-16.4
2026-02-24,195940,,12.5,-12.6,-16.5,27.1
2026-02-25,195940,,12.37,20.0,-0.1,-19.9
2026-02-26,195940,,12.49,-9.3,-14.6,25.5
2026-02-27,195940,54000.0,12.37,11.4,-11.3,0.9
2026-03-03,195940,,12.42,24.7,8.8,-33.0
2026-03-04,195940,,12.7,10.4,0.7,-11.6
2026-03-05,195940,,12.78,25.4,-28.3,0.6
2026-03-06,195940,,12.94,-31.1,19.0,11.9
2026-03-09,195940,,12.63,4.4,0.5,-4.0
2026-03-10,195940,,12.65,-32.2,-15.3,46.5
2026-03-11,195940,,12.3,9.1,-14.9,6.2
2026-03-12,195940,,12.41,-15.9,6.6,9.2
2026-03-13,195940,,12.26,21.3,-18.8,-2.8
2026-03-16,195940,,12.45,0.6,-9.7,9.1
2026-03-17,195940,,12.45,-0.9,-3.6,4.2
2026-03-18,195940,,12.39,19.2,8.0,-26.3
2026-03-19,195940,,12.62,-1.8,-14.9,16.5
2026-03-20,195940,,12.63,33.2,4.9,-38.3
2026-03-23,195940,,12.93,4.1,16.6,-20.7
2026-03-24,195940,,12.98,1.5,16.6,-18.3
2026-03-25,195940,,13.02,7.2,6.7,-13.2
2026-03-26,195940,,13.09,8.5,-4.1,-4.0
2026-03-27,195940,,13.14,18.9,-12.0,-7.0
2026-03-30,195940,,13.27,-1.1,-14.1,15.5
2026-03-31,195940,49050.0,13.24,-0.6,-2.1,2.8
2026-04-01,195940,,13.21,11.4,-3.5,-7.7
2026-04-02,195940,,13.3,-4.4,-20.5,24.6
2026-04-03,195940,,13.17,16.3,-52.7,36.3
2026-04-06,195940,,13.23,15.8,-30.9,14.9
2026-04-07,195940,,13.32,2.6,-0.6,-2.0
2026-04-08,195940,,13.35,-4.7,14.4,-9.8
2026-04-09,195940,,13.32,0.0,-25.0,24.8
2026-04-10,195940,,13.32,2.4,-8.3,5.6
2026-04-13,195940,,13.33,6.9,-6.2,-0.8
2026-04-14,195940,,13.44,3.5,-22.5,19.0
2026-04-15,195940,,13.4,36.3,34.4,-71.7
2026-04-16,195940,,13.78,23.2,7.9,-29.5
2026-04-17,195940,,13.95,5.5,-4.8,-0.7
2026-04-20,195940,,14.0,5.5,-11.6,7.7
2026-04-21,195940,,14.03,-5.8,-3.0,8.7
2026-04-22,195940,,13.92,7.3,-24.2,16.9
2026-04-23,195940,,13.95,6.0,-6.5,0.5
2026-04-24,195940,,13.99,13.9,17.4,-31.4
2026-04-27,195940,,14.07,-43.3,20.9,25.6
2026-04-28,195940,,13.75,-7.0,18.0,-10.7
2026-04-29,195940,,13.72,6.3,-13.2,7.0
2026-04-30,195940,52400.0,13.76,3.6,-7.2,3.5
2026-05-04,195940,,13.76,0.4,-4.8,4.4
2026-05-06,195940,,13.75,21.6,-8.9,-12.6
2026-05-07,195940,,13.95,-6.2,-2.3,6.8
2026-05-08,195940,,13.87,6.2,-25.4,19.2
2026-05-11,195940,,13.88,-5.4,-15.6,18.9
2026-05-12,195940,,13.83,35.0,11.8,-47.2
2026-05-13,195940,,14.14,1.6,-7.8,6.2
2026-05-14,195940,,14.15,18.9,-20.1,0.8
2026-05-15,195940,,14.27,-19.0,-2.9,19.1
2026-05-18,195940,,14.03,-12.3,-15.9,26.7
2026-05-19,195940,,13.88,-2.5,0.8,0.7
2026-05-20,195940,,13.86,-0.3,-18.4,16.7
2026-05-21,195940,,14.01,2.6,-24.8,22.3
2026-05-22,195940,,14.02,1.2,-1.8,-1.5
2026-05-26,195940,,14.1,-13.0,-11.1,25.4
2026-05-27,195940,,13.94,7.8,-22.9,14.8
2026-05-28,195940,,14.01,0.7,-14.5,14.9
2026-05-29,195940,45000.0,13.99,3.7,-14.5,9.1
2026-06-01,195940,,14.01,3.5,-15.7,11.1
2026-06-02,195940,,14.06,2.1,3.3,-5.6
2026-06-04,195940,,14.1,-4.8,-2.4,7.2
2026-06-05,195940,,14.06,-5.6,-3.4,8.7
2026-06-08,195940,,14.0,-23.6,25.6,-2.3
2026-06-09,195940,,13.79,3.6,6.0,-9.6
2026-06-10,195940,,13.84,-19.2,19.1,0.2
2026-06-11,195940,,13.68,57.1,-63.9,4.7
2026-06-12,195940,,14.14,2.7,-10.7,7.0
2026-06-15,195940,,14.16,2.6,-8.3,5.3
2026-06-16,195940,,14.18,1.8,-3.4,1.5
2026-06-17,195940,,14.23,-1.4,7.9,-6.2
2026-06-18,195940,,14.24,-6.5,-6.0,11.6
2026-06-19,195940,,14.13,-4.2,5.7,-1.5
2026-06-22,195940,,14.05,3.1,-17.4,13.8
2026-06-23,195940,,14.04,7.3,0.7,-7.4
2026-06-24,195940,,14.15,11.4,-0.6,-11.0
2026-06-25,195940,,14.27,2.2,6.4,-9.0
2026-06-26,195940,,14.29,-8.2,5.3,3.6
2026-06-29,195940,,14.18,3.1,32.5,-36.2
2026-06-30,195940,40500.0,14.33,-11.6,-7.3,18.5
2026-07-01,195940,,14.19,-11.5,15.3,-3.4
2026-07-02,195940,,14.07,-11.3,15.8,-4.2
2026-07-03,195940,,13.97,-7.0,21.6,-13.6
2026-07-06,195940,,13.92,-9.9,0.5,10.4
2026-07-07,195940,,13.87,4.1,3.7,-7.8
2026-07-08,195940,,13.94,-4.2,6.7,-0.8
2026-07-09,195940,,13.88,6.1,-10.8,4.6
2026-07-10,195940,,13.92,5.7,10.0,-15.5
2026-07-13,195940,39150.0,14.01,-10.2,-3.1,13.0
2025-07-14,195990,,3.8,-0.3,0.0,0.3
2025-07-15,195990,,3.76,1.0,-0.0,-1.0
2025-07-16,195990,,3.9,-0.2,0.0,0.2
2025-07-17,195990,,3.87,0.8,0.0,-0.9
2025-07-18,195990,,3.98,-0.2,0.0,0.2
2025-07-21,195990,,3.95,-0.0,-0.0,0.1
2025-07-22,195990,,3.9,-0.3,-0.0,0.2
2025-07-23,195990,,3.86,-0.5,-0.0,0.5
2025-07-24,195990,,3.8,0.2,0.0,-0.2
2025-07-25,195990,,3.83,-1.3,0.0,1.3
2025-07-28,195990,,3.66,2.2,0.0,-2.2
2025-07-29,195990,,3.97,0.2,-0.0,-0.2
2025-07-30,195990,,4.0,0.4,0.0,-0.4
2025-07-31,195990,,4.05,-0.6,0.0,0.6
2025-08-01,195990,,3.97,0.7,-0.0,-0.7
2025-08-04,195990,,4.07,0.2,0.0,-0.2
2025-08-05,195990,,4.1,0.4,0.0,-0.4
2025-08-06,195990,,4.15,0.7,0.0,-0.7
2025-08-07,195990,,4.25,-0.6,-0.0,0.7
2025-08-08,195990,,4.16,-0.4,-0.0,0.4
2025-08-11,195990,,4.1,0.3,-0.0,-0.3
2025-08-12,195990,,4.14,1.4,-0.0,-1.4
2025-08-13,195990,,4.35,-0.0,0.0,-0.0
2025-08-14,195990,,4.34,-0.2,-0.0,0.2
2025-08-18,195990,,4.31,1.4,0.0,-1.5
2025-08-19,195990,,4.56,0.8,0.0,-0.8
2025-08-20,195990,,4.7,0.2,0.0,-0.2
2025-08-21,195990,,4.73,0.5,-0.0,-0.4
2025-08-22,195990,,4.81,0.4,0.0,-0.3
2025-08-25,195990,,4.88,-0.0,0.0,-0.0
2025-08-26,195990,,4.9,0.0,-0.0,0.0
2025-08-27,195990,,4.9,-0.1,-0.0,0.0
2025-08-28,195990,,4.9,-1.1,-0.0,-0.1
2025-08-29,195990,211.0,4.72,-0.4,-0.0,-0.6
2025-09-01,195990,,4.66,-0.2,-0.0,-0.3
2025-09-02,195990,,4.61,-0.2,0.0,0.2
2025-09-03,195990,,4.58,0.3,-0.0,-0.3
2025-09-04,195990,,4.63,0.1,0.0,-0.2
2025-09-05,195990,,4.66,0.2,-0.0,-0.4
2025-09-08,195990,,4.69,0.1,0.0,-0.1
2025-09-09,195990,,4.71,-0.3,0.0,0.2
2025-09-10,195990,,4.67,0.1,0.0,-0.1
2025-09-11,195990,,4.68,0.8,-0.0,-0.9
2025-09-12,195990,,4.82,-0.5,0.0,0.5
2025-09-15,195990,,4.74,-0.4,-0.0,0.4
2025-09-16,195990,,4.68,-0.1,-0.0,0.1
2025-09-17,195990,,4.67,-0.1,0.0,0.1
2025-09-18,195990,,4.64,0.3,0.0,-0.3
2025-09-19,195990,,4.69,-0.3,-0.0,0.3
2025-09-22,195990,,4.64,-1.0,0.0,1.0
2025-09-23,195990,,4.55,-0.5,0.0,0.5
2025-09-24,195990,,4.46,-0.2,-0.0,0.2
2025-09-25,195990,,4.43,-0.1,-0.0,0.1
2025-09-26,195990,,4.42,0.2,-0.0,-0.2
2025-09-29,195990,,4.46,-0.3,0.0,0.3
2025-09-30,195990,191.0,4.4,0.0,0.0,-0.0
2025-10-01,195990,,4.41,0.2,0.0,-0.3
2025-10-02,195990,,4.45,0.2,0.0,-0.3
2025-10-10,195990,,4.49,0.3,-0.1,-0.2
2025-10-13,195990,,4.54,0.3,0.2,-0.4
2025-10-14,195990,,4.59,0.1,-0.1,-0.0
2025-10-15,195990,,4.6,0.5,-0.0,-0.5
2025-10-16,195990,,4.69,0.4,0.1,-0.4
2025-10-17,195990,,4.75,0.3,-0.1,-0.2
2025-10-20,195990,,4.81,-0.6,-0.0,0.6
2025-10-21,195990,,4.7,0.5,0.1,-0.6
2025-10-22,195990,,4.79,0.4,0.1,-0.5
2025-10-23,195990,,4.86,0.2,0.2,-0.4
2025-10-24,195990,,4.9,-0.0,-0.2,0.2
2025-10-27,195990,,4.89,0.1,0.0,-0.1
2025-10-28,195990,,4.91,-0.2,0.0,0.2
2025-10-29,195990,,4.87,-0.2,-0.1,0.2
2025-10-30,195990,,4.83,-0.5,-0.2,0.7
2025-10-31,195990,184.0,4.75,0.1,0.4,-0.4
2025-11-03,195990,,4.77,-0.4,0.1,0.3
2025-11-04,195990,,4.69,0.3,0.0,-0.3
2025-11-05,195990,,4.74,-0.1,-0.6,0.6
2025-11-06,195990,,4.73,-2.6,-0.0,-0.5
2025-11-07,195990,,4.42,-5.9,-0.0,9.7
2025-11-10,195990,,3.85,-0.1,0.1,-0.1
2025-11-11,195990,,4.01,-0.0,2.0,-2.0
2025-11-12,195990,,4.2,3.6,-1.3,-13.5
2025-11-13,195990,,4.63,-10.1,-1.2,9.2
2025-11-14,195990,,3.94,2.5,0.0,-2.5
2025-11-17,195990,,4.19,-0.1,,0.1
2025-11-18,195990,,4.33,-0.0,,0.0
2025-11-19,195990,,4.35,-0.9,-0.7,1.1
2025-11-20,195990,,4.3,-0.2,0.2,0.4
2025-11-21,195990,,4.29,0.4,0.8,-1.2
2025-11-24,195990,,4.42,0.5,0.9,-2.1
2025-11-25,195990,,4.86,-5.3,-1.8,7.9
2025-11-26,195990,,4.32,0.9,0.7,-1.6
2025-11-27,195990,,4.42,-0.1,-0.7,0.8
2025-11-28,195990,303.0,4.41,1.3,0.4,-1.3
2025-12-01,195990,,4.57,-0.2,0.9,-0.9
2025-12-02,195990,,4.56,0.2,-0.6,1.0
2025-12-03,195990,,4.58,0.4,-0.5,0.6
2025-12-04,195990,,4.63,0.9,0.7,1.2
2025-12-05,195990,,4.73,0.6,-0.1,-0.4
2025-12-08,195990,,4.8,0.7,0.0,-0.8
2025-12-09,195990,,4.89,0.3,-0.1,-0.1
2025-12-10,195990,,4.93,0.1,-0.5,0.5
2025-12-11,195990,,4.94,1.2,0.9,-2.2
2025-12-12,195990,,5.08,0.1,-0.6,0.5
2025-12-15,195990,,5.09,-0.2,-0.3,0.4
2025-12-16,195990,,5.07,-1.7,-0.4,2.0
2025-12-17,195990,,5.12,1.5,0.4,0.4
2025-12-18,195990,,5.31,0.4,-0.1,-0.3
2025-12-19,195990,,5.36,0.4,0.2,-0.4
2025-12-22,195990,,5.42,0.7,0.2,-0.8
2025-12-23,195990,,5.51,-0.5,-0.6,1.0
2025-12-24,195990,,5.45,0.3,0.1,-0.4
2025-12-26,195990,,5.5,-0.7,0.2,0.4
2025-12-29,195990,,5.41,0.3,-0.5,0.2
2025-12-30,195990,260.0,5.45,0.1,-0.0,-0.2
2026-01-02,195990,,5.47,0.8,-0.0,-1.0
2026-01-05,195990,,5.58,0.5,-0.0,-0.2
2026-01-06,195990,,5.65,0.5,0.0,-0.7
2026-01-07,195990,,5.87,0.6,-0.0,-0.4
2026-01-08,195990,,6.0,1.0,-0.2,-0.8
2026-01-09,195990,,6.17,1.2,-0.0,-1.3
2026-01-12,195990,,6.37,-0.4,-0.0,0.1
2026-01-13,195990,,6.31,-0.4,-0.0,-0.1
2026-01-14,195990,,6.06,-0.1,-0.0,0.1
2026-01-15,195990,,6.05,0.5,-0.0,-0.7
2026-01-16,195990,,6.15,1.2,-0.0,-1.0
2026-01-19,195990,,6.36,1.1,0.0,-0.9
2026-01-20,195990,,6.57,0.6,-0.0,-0.6
2026-01-21,195990,,6.67,-1.4,-0.0,1.2
2026-01-22,195990,,6.41,1.5,0.0,-1.5
2026-01-23,195990,,6.7,-0.6,,0.6
2026-01-26,195990,,6.59,0.1,-0.0,-0.1
2026-01-27,195990,,6.61,-0.0,-0.0,-0.0
2026-01-28,195990,,6.6,-0.2,-0.0,0.2
2026-01-29,195990,,6.57,2.2,-0.0,-2.2
2026-01-30,195990,190.0,6.98,-3.9,-0.0,3.9
2026-02-02,195990,,6.29,0.6,0.0,-0.6
2026-02-03,195990,,6.41,-1.0,0.0,0.8
2026-02-04,195990,,6.23,0.5,,-0.5
2026-02-05,195990,,6.32,-0.1,,0.1
2026-02-06,195990,,6.31,-0.2,-0.0,0.2
2026-02-09,195990,,6.28,-0.9,-0.0,0.9
2026-02-10,195990,,6.1,0.4,-0.0,-0.0
2026-02-11,195990,,6.18,-0.5,-0.0,0.5
2026-02-12,195990,,6.09,-1.8,-0.0,1.8
2026-02-13,195990,,5.72,1.3,-0.0,-1.4
2026-02-19,195990,,6.02,0.3,-0.0,-0.4
2026-02-20,195990,,6.11,,,
2026-02-23,195990,,6.11,,,
2026-02-24,195990,,5.78,,,
2026-02-25,195990,,5.78,,,
2026-02-26,195990,,5.78,,,
2026-02-27,195990,140.0,5.78,,,
2026-03-03,195990,,5.78,,,
2026-03-04,195990,,5.78,,,
2026-03-05,195990,,5.78,,,
2026-03-06,195990,,5.78,,,
2026-03-09,195990,,5.78,,,
2026-03-10,195990,,5.78,,,
2026-03-11,195990,,5.78,,,
2026-03-12,195990,,3.47,0.0,0.0,1.3
2026-03-13,195990,,3.45,-1.0,0.0,0.9
2026-03-16,195990,,3.72,-1.2,-0.0,1.2
2026-03-17,195990,,3.49,3.8,-0.0,-6.0
2026-03-18,195990,,4.05,-9.2,-0.1,12.1
2026-03-19,195990,,2.75,-0.1,0.1,-1.3
2026-03-20,195990,,2.92,-1.2,-0.1,2.4
2026-03-23,195990,,2.76,-0.8,,0.8
2026-03-24,195990,,2.65,3.6,0.0,-4.0
2026-03-25,195990,,3.4,0.2,,-0.2
2026-03-26,195990,,3.46,0.3,-0.0,-0.3
2026-03-27,195990,,3.53,-0.6,,0.5
2026-03-30,195990,,3.39,0.9,,-0.9
2026-03-31,195990,1426.0,3.63,0.1,,-0.4
2026-04-01,195990,,3.66,-0.6,,0.6
2026-04-02,195990,,3.51,0.0,,-0.0
2026-04-03,195990,,3.52,0.3,,-0.3
2026-04-06,195990,,3.6,-0.1,,0.1
2026-04-07,195990,,3.58,0.3,,-0.3
2026-04-08,195990,,3.65,-0.2,,0.2
2026-04-09,195990,,3.6,0.1,,-0.1
2026-04-10,195990,,3.64,0.9,0.0,-0.9
2026-04-13,195990,,3.86,-0.2,,0.0
2026-04-14,195990,,3.81,0.9,,-1.2
2026-04-15,195990,,4.04,-1.2,,1.2
2026-04-16,195990,,3.26,0.7,,-0.5
2026-04-17,195990,,3.41,-0.2,,0.2
2026-04-20,195990,,3.37,-0.0,,0.0
2026-04-21,195990,,3.36,-1.0,,1.1
2026-04-22,195990,,3.13,-0.5,,0.6
2026-04-23,195990,,3.01,0.6,,-0.6
2026-04-24,195990,,3.15,0.2,,-0.2
2026-04-27,195990,,3.2,-0.3,-0.0,0.3
2026-04-28,195990,,3.13,-0.1,,0.1
2026-04-29,195990,,3.1,0.5,,-0.6
2026-04-30,195990,1252.0,3.22,-0.4,,0.1
2026-05-04,195990,,3.13,-0.5,0.0,0.7
2026-05-06,195990,,3.0,-0.4,-0.0,0.3
2026-05-07,195990,,2.91,-2.1,0.1,1.5
2026-05-08,195990,,2.48,0.3,-0.1,-0.3
2026-05-11,195990,,2.53,0.7,0.0,-0.7
2026-05-12,195990,,2.7,-0.1,-0.0,0.1
2026-05-13,195990,,2.79,0.1,0.0,-0.3
2026-05-14,195990,,2.84,-0.3,0.0,0.3
2026-05-15,195990,,2.76,-0.1,-0.0,0.3
2026-05-18,195990,,2.33,-0.1,0.0,0.1
2026-05-19,195990,,2.5,-0.2,-0.0,0.2
2026-05-20,195990,,2.31,0.2,-0.0,-0.2
2026-05-21,195990,,2.37,-0.1,-0.0,0.1
2026-05-22,195990,,2.34,0.1,-0.0,-0.1
2026-05-26,195990,,2.37,0.1,0.0,-0.1
2026-05-27,195990,,2.4,-0.2,-0.0,0.2
2026-05-28,195990,,2.33,0.2,-0.0,-0.2
2026-05-29,195990,1041.0,2.4,0.0,-0.0,0.5
2026-06-01,195990,,2.4,-0.3,0.0,0.4
2026-06-02,195990,,2.33,0.1,0.0,-0.1
2026-06-04,195990,,2.37,0.2,-0.0,-0.2
2026-06-05,195990,,2.42,-0.0,,0.0
2026-06-08,195990,,2.42,-0.0,0.0,0.0
2026-06-09,195990,,2.42,0.2,-0.0,-0.2
2026-06-10,195990,,2.47,-0.2,-0.0,0.3
2026-06-11,195990,,2.39,-0.1,-0.0,0.1
2026-06-12,195990,,2.36,-0.2,-0.0,0.2
2026-06-15,195990,,2.29,-0.2,0.0,0.2
2026-06-16,195990,,2.23,0.1,,-0.1
2026-06-17,195990,,2.27,0.3,-0.0,-0.3
2026-06-18,195990,,2.36,-1.0,0.0,0.4
2026-06-19,195990,,2.09,-0.7,-0.0,0.7
2026-06-22,195990,,1.86,0.0,-0.0,-0.0
2026-06-23,195990,,1.86,0.2,-0.0,-0.2
2026-06-24,195990,,1.94,-0.0,0.0,0.0
2026-06-25,195990,,1.92,0.2,-0.0,-0.2
2026-06-26,195990,,2.0,0.3,-0.0,-0.3
2026-06-29,195990,,2.14,0.3,-0.0,-0.3
2026-06-30,195990,681.0,2.29,-0.0,-0.0,-0.0
2026-07-01,195990,,2.28,-0.1,0.0,0.1
2026-07-02,195990,,2.23,-0.1,0.0,0.2
2026-07-03,195990,,2.17,0.1,-0.0,-0.0
2026-07-06,195990,,2.2,0.1,0.0,-0.1
2026-07-07,195990,,2.24,0.0,-0.0,-0.0
2026-07-08,195990,,2.25,-0.0,0.0,-0.0
2026-07-09,195990,,2.25,0.0,-0.0,-0.0
2026-07-10,195990,,2.25,,,
2026-07-13,195990,630.0,2.25,,,
2025-07-14,196170,,15.38,-182.7,63.8,113.8
2025-07-15,196170,,15.24,3.8,96.5,-122.1
2025-07-16,196170,,15.23,324.3,-319.6,7.3
2025-07-17,196170,,15.24,58.3,-176.3,97.6
2025-07-18,196170,,15.22,101.0,-145.1,37.1
2025-07-21,196170,,15.25,227.7,-248.2,24.7
2025-07-22,196170,,15.36,253.6,-318.9,90.0
2025-07-23,196170,,15.43,71.9,-86.7,12.1
2025-07-24,196170,,15.4,48.3,-36.5,-8.5
2025-07-25,196170,,15.42,200.3,-436.7,235.4
2025-07-28,196170,,15.51,107.0,-187.0,76.2
2025-07-29,196170,,15.54,30.8,-86.6,55.2
2025-07-30,196170,,15.56,-80.6,-137.0,215.6
2025-07-31,196170,,15.52,-16.2,-144.9,150.8
2025-08-01,196170,,15.52,-3.3,-286.8,307.2
2025-08-04,196170,,15.52,-463.3,117.3,324.7
2025-08-05,196170,,15.32,-229.8,23.9,198.5
2025-08-06,196170,,15.21,-147.3,12.0,129.0
2025-08-07,196170,,15.14,-111.4,-118.7,226.8
2025-08-08,196170,,15.1,-139.8,-52.7,188.0
2025-08-11,196170,,15.02,-165.2,-0.2,173.0
2025-08-12,196170,,14.95,-135.1,-105.1,225.7
2025-08-13,196170,,14.85,-105.9,-31.4,104.9
2025-08-14,196170,,14.8,-589.5,130.3,404.8
2025-08-18,196170,,14.48,-8.3,-40.5,43.7
2025-08-19,196170,,14.58,-133.4,-92.0,263.3
2025-08-20,196170,,14.51,-50.7,30.1,8.4
2025-08-21,196170,,14.36,-59.5,-326.6,388.4
2025-08-22,196170,,14.32,-53.9,24.7,6.4
2025-08-25,196170,,14.34,-29.2,241.6,-229.3
2025-08-26,196170,,14.34,42.8,158.0,-220.5
2025-08-27,196170,,14.35,-488.4,-292.4,755.2
2025-08-28,196170,,14.1,-98.2,-76.4,176.3
2025-08-29,196170,438500.0,14.06,-163.5,168.0,7.4
2025-09-01,196170,,14.02,31.5,451.0,-584.0
2025-09-02,196170,,14.08,-33.3,110.2,-72.0
2025-09-03,196170,,14.06,55.3,-41.0,-22.8
2025-09-04,196170,,14.07,110.4,44.9,-159.6
2025-09-05,196170,,14.12,195.1,-33.7,-166.0
2025-09-08,196170,,14.2,-254.6,-66.4,317.5
2025-09-09,196170,,14.09,81.8,-200.8,118.5
2025-09-10,196170,,14.11,291.8,32.6,-309.9
2025-09-11,196170,,14.25,-125.6,-439.1,599.3
2025-09-12,196170,,14.17,688.5,71.5,-747.6
2025-09-15,196170,,14.47,-113.7,-93.8,217.4
2025-09-16,196170,,14.4,-17.5,-89.7,135.3
2025-09-17,196170,,14.35,-617.7,-327.5,927.6
2025-09-18,196170,,14.1,-65.5,-83.6,151.7
2025-09-19,196170,,13.98,-70.7,48.1,35.2
2025-09-22,196170,,13.96,479.4,-453.9,-34.1
2025-09-23,196170,,14.15,-976.3,-554.8,1516.2
2025-09-24,196170,,13.71,-231.6,-465.3,675.7
2025-09-25,196170,,13.62,-278.7,-45.2,333.4
2025-09-26,196170,,13.51,-274.6,-47.4,313.1
2025-09-29,196170,,13.43,15.6,230.9,-248.4
2025-09-30,196170,458000.0,13.52,-234.6,-46.7,289.6
2025-10-01,196170,,13.45,-44.8,14.6,26.5
2025-10-02,196170,,13.45,-124.5,305.4,-169.4
2025-10-10,196170,,13.43,-149.2,-162.6,329.2
2025-10-13,196170,,13.35,-37.7,-315.1,345.1
2025-10-14,196170,,13.33,70.1,79.3,-154.3
2025-10-15,196170,,13.44,-179.4,-68.1,253.7
2025-10-16,196170,,13.34,107.9,-462.3,375.0
2025-10-17,196170,,13.4,183.8,-45.8,-140.1
2025-10-20,196170,,13.5,-61.8,132.1,-82.1
2025-10-21,196170,,13.46,40.3,-122.2,82.1
2025-10-22,196170,,13.49,90.4,-79.6,-42.0
2025-10-23,196170,,13.52,-37.2,-76.5,98.7
2025-10-24,196170,,13.54,-27.0,-95.1,121.7
2025-10-27,196170,,13.52,584.0,548.0,-1155.1
2025-10-28,196170,,13.81,-44.6,39.4,-13.9
2025-10-29,196170,,13.78,-33.1,-119.2,145.2
2025-10-30,196170,,13.75,40.9,76.7,-143.7
2025-10-31,196170,488500.0,13.78,474.6,381.4,-882.2
2025-11-03,196170,,13.97,1178.0,604.9,-1738.1
2025-11-04,196170,,14.44,912.1,696.3,-1554.9
2025-11-05,196170,,14.83,-679.6,329.0,353.4
2025-11-06,196170,,14.51,-234.0,504.7,-274.8
2025-11-07,196170,,14.44,-134.7,165.2,6.8
2025-11-10,196170,,15.27,-180.2,118.0,67.5
2025-11-11,196170,,15.18,60.6,-47.6,8.8
2025-11-12,196170,,15.21,157.2,613.0,-816.4
2025-11-13,196170,,15.25,121.1,127.0,-195.6
2025-11-14,196170,,15.47,-16.9,263.3,-196.4
2025-11-17,196170,,15.3,-261.2,166.8,129.0
2025-11-18,196170,,15.2,-128.5,177.5,-17.5
2025-11-19,196170,,15.03,-366.0,52.3,334.4
2025-11-20,196170,,14.92,426.4,-37.1,-336.5
2025-11-21,196170,,15.09,-180.6,-104.0,283.6
2025-11-24,196170,,14.95,-206.7,3.4,213.8
2025-11-25,196170,,14.88,135.2,-63.4,-101.8
2025-11-26,196170,,14.95,11.6,-20.0,38.4
2025-11-27,196170,,14.98,-7.5,-0.4,6.8
2025-11-28,196170,533000.0,14.96,-53.9,313.1,-273.3
2025-12-01,196170,,15.01,77.2,422.0,-502.3
2025-12-02,196170,,15.2,-619.1,-71.9,690.3
2025-12-03,196170,,14.93,7.3,-59.1,50.0
2025-12-04,196170,,14.96,-259.8,102.0,153.6
2025-12-05,196170,,14.87,-1401.1,-1489.8,2725.3
2025-12-08,196170,,14.11,-106.4,-119.0,272.3
2025-12-09,196170,,14.11,-440.0,23.5,456.6
2025-12-10,196170,,13.99,-152.9,-38.2,184.3
2025-12-11,196170,,14.0,90.3,-220.5,132.6
2025-12-12,196170,,14.09,19.5,-247.4,236.7
2025-12-15,196170,,14.12,-236.1,-213.3,432.9
2025-12-16,196170,,14.01,102.0,-47.2,-59.5
2025-12-17,196170,,14.08,5.3,159.7,-204.4
2025-12-18,196170,,14.04,-53.3,171.1,-146.6
2025-12-19,196170,,13.93,-161.0,719.0,-568.0
2025-12-22,196170,,13.89,-178.3,59.5,116.7
2025-12-23,196170,,13.79,194.3,294.9,-492.4
2025-12-24,196170,,13.91,435.6,166.5,-606.7
2025-12-26,196170,,14.09,754.9,735.0,-1493.2
2025-12-29,196170,,14.49,-681.3,-102.0,799.6
2025-12-30,196170,449500.0,14.12,-326.5,-204.4,541.8
2026-01-02,196170,,13.95,-67.5,141.6,-123.6
2026-01-05,196170,,13.83,304.3,90.9,-413.0
2026-01-06,196170,,13.96,-97.4,-26.4,117.1
2026-01-07,196170,,13.97,11.6,-280.1,258.5
2026-01-08,196170,,13.92,291.0,-88.3,-199.7
2026-01-09,196170,,14.06,700.8,260.9,-926.5
2026-01-12,196170,,14.43,-869.6,-640.7,1497.6
2026-01-13,196170,,14.01,3.1,-160.5,141.2
2026-01-14,196170,,13.97,12.5,-163.2,131.1
2026-01-15,196170,,13.88,-37.8,63.9,-32.2
2026-01-16,196170,,13.87,740.5,404.5,-1214.2
2026-01-19,196170,,14.23,-468.6,-499.3,1065.4
2026-01-20,196170,,13.91,-55.5,276.1,-175.3
2026-01-21,196170,,13.89,-354.8,-6303.0,6452.3
2026-01-22,196170,,13.16,-174.9,-680.8,911.5
2026-01-23,196170,,13.04,286.7,308.5,-650.5
2026-01-26,196170,,13.4,-407.7,1534.6,-1217.7
2026-01-27,196170,,13.3,-105.4,989.4,-822.3
2026-01-28,196170,,13.27,685.1,1540.4,-2212.0
2026-01-29,196170,,13.67,-373.2,1020.0,-611.3
2026-01-30,196170,413000.0,13.56,-82.9,685.5,-581.0
2026-02-02,196170,,13.48,316.7,-378.1,142.9
2026-02-03,196170,,13.69,-139.0,510.3,-356.0
2026-02-04,196170,,13.6,-113.5,-64.6,182.5
2026-02-05,196170,,13.5,-93.9,-284.6,366.9
2026-02-06,196170,,13.45,-42.5,131.8,-75.0
2026-02-09,196170,,13.48,-116.0,425.6,-313.5
2026-02-10,196170,,13.5,-112.7,26.4,72.5
2026-02-11,196170,,13.36,69.4,167.3,-233.1
2026-02-12,196170,,13.43,-253.5,435.1,-176.8
2026-02-13,196170,,13.28,-51.4,-9.5,56.1
2026-02-19,196170,,13.26,503.6,1548.7,-2007.2
2026-02-20,196170,,13.64,-138.1,104.3,46.5
2026-02-23,196170,,13.52,161.4,54.7,-209.2
2026-02-24,196170,,13.64,19.1,-46.2,29.6
2026-02-25,196170,,13.62,-59.3,-134.3,202.8
2026-02-26,196170,,13.57,407.5,131.6,-518.5
2026-02-27,196170,407500.0,13.81,255.0,296.6,-547.0
2026-03-03,196170,,13.88,210.7,-12.5,-190.9
2026-03-04,196170,,13.95,288.4,181.0,-466.6
2026-03-05,196170,,14.14,214.8,276.4,-485.8
2026-03-06,196170,,14.25,3.4,-51.2,46.7
2026-03-09,196170,,14.23,127.9,90.9,-218.2
2026-03-10,196170,,14.25,209.4,-193.4,-16.6
2026-03-11,196170,,14.34,-478.1,-605.0,1055.1
2026-03-12,196170,,14.06,-196.0,61.6,129.0
2026-03-13,196170,,13.95,49.0,-124.9,77.6
2026-03-16,196170,,13.99,72.7,-168.3,94.6
2026-03-17,196170,,13.97,128.0,-46.5,-79.4
2026-03-18,196170,,14.03,-79.0,80.3,-2.8
2026-03-19,196170,,14.0,110.3,-85.2,-31.7
2026-03-20,196170,,13.98,-49.4,-134.9,163.1
2026-03-23,196170,,13.94,145.6,-191.9,36.3
2026-03-24,196170,,13.89,288.3,130.6,-413.8
2026-03-25,196170,,14.12,164.4,27.3,-187.7
2026-03-26,196170,,14.13,-704.9,380.3,296.9
2026-03-27,196170,,13.79,-170.0,187.0,-2.0
2026-03-30,196170,,13.72,-94.2,-164.9,261.6
2026-03-31,196170,341500.0,13.75,-28.8,113.6,-77.2
2026-04-01,196170,,13.74,75.1,175.0,-249.7
2026-04-02,196170,,13.72,64.4,3.2,-68.7
2026-04-03,196170,,13.76,237.1,180.0,-418.6
2026-04-06,196170,,13.93,-21.4,58.3,-44.5
2026-04-07,196170,,13.92,-20.7,0.4,15.2
2026-04-08,196170,,13.89,-36.7,626.9,-590.2
2026-04-09,196170,,13.9,-98.5,-106.2,198.8
2026-04-10,196170,,13.88,-121.3,-302.0,420.3
2026-04-13,196170,,13.81,-135.5,-133.0,273.4
2026-04-14,196170,,14.04,-48.9,-17.3,57.9
2026-04-15,196170,,13.92,343.4,310.5,-636.9
2026-04-16,196170,,14.16,-50.9,-68.4,114.3
2026-04-17,196170,,14.13,-35.0,-138.4,172.0
2026-04-20,196170,,14.09,232.0,-24.3,-204.7
2026-04-21,196170,,14.23,-115.6,11.7,108.6
2026-04-22,196170,,14.17,-137.4,-272.0,551.2
2026-04-23,196170,,14.09,-113.3,-110.4,225.7
2026-04-24,196170,,14.06,510.7,66.9,-569.1
2026-04-27,196170,,14.36,153.9,162.8,-322.1
2026-04-28,196170,,14.48,57.3,-202.6,116.0
2026-04-29,196170,,14.48,43.2,1.1,-42.1
2026-04-30,196170,368500.0,14.45,-55.0,-158.0,188.6
2026-05-04,196170,,14.38,249.4,-42.1,-194.3
2026-05-06,196170,,14.54,-23.1,-158.5,167.2
2026-05-07,196170,,14.48,-54.6,-85.7,141.4
2026-05-08,196170,,14.45,-311.7,-334.4,635.0
2026-05-11,196170,,14.19,-61.8,-339.2,399.0
2026-05-12,196170,,14.15,432.2,190.0,-616.7
2026-05-13,196170,,14.51,-430.0,133.1,272.1
2026-05-14,196170,,14.21,793.4,216.1,-1012.1
2026-05-15,196170,,14.8,-270.7,25.2,275.4
2026-05-18,196170,,14.55,-230.4,-44.5,290.3
2026-05-19,196170,,14.34,-158.3,250.8,-123.9
2026-05-20,196170,,14.24,-162.1,170.2,-0.1
2026-05-21,196170,,14.15,-114.5,-79.6,171.8
2026-05-22,196170,,14.07,524.6,196.2,-734.8
2026-05-26,196170,,14.45,-250.3,107.6,143.3
2026-05-27,196170,,14.29,478.9,680.1,-1166.2
2026-05-28,196170,,14.82,-213.8,106.6,109.7
2026-05-29,196170,369000.0,14.78,-192.0,234.3,-42.8
2026-06-01,196170,,14.51,-24.7,121.9,-70.9
2026-06-02,196170,,14.53,-87.3,221.6,-127.2
2026-06-04,196170,,14.59,-184.8,-98.5,302.2
2026-06-05,196170,,14.44,-33.8,-28.6,69.5
2026-06-08,196170,,14.27,31.7,-294.4,256.4
2026-06-09,196170,,14.1,411.3,111.8,-483.7
2026-06-10,196170,,14.39,67.5,-98.0,31.7
2026-06-11,196170,,14.38,174.5,189.5,-375.1
2026-06-12,196170,,14.49,-40.9,-42.9,88.7
2026-06-15,196170,,14.35,247.7,-46.0,-192.0
2026-06-16,196170,,14.56,-9.5,-82.8,91.7
2026-06-17,196170,,14.61,20.7,409.1,-453.5
2026-06-18,196170,,14.71,14.5,90.3,-111.0
2026-06-19,196170,,14.67,77.1,-241.2,165.2
2026-06-22,196170,,14.66,-7.8,91.2,-79.6
2026-06-23,196170,,14.63,-40.1,178.9,-134.3
2026-06-24,196170,,14.64,336.1,744.7,-1087.9
2026-06-25,196170,,14.92,91.2,222.8,-346.4
2026-06-26,196170,,15.0,-439.9,68.7,411.2
2026-06-29,196170,,14.6,-199.8,536.2,-356.2
2026-06-30,196170,361000.0,14.59,-295.4,-30.0,321.5
2026-07-01,196170,,14.37,-142.9,49.8,97.8
2026-07-02,196170,,14.26,-231.0,116.6,104.1
2026-07-03,196170,,14.08,-65.2,-50.7,125.5
2026-07-06,196170,,14.01,-122.6,27.6,86.9
2026-07-07,196170,,13.9,60.0,189.3,-257.1
2026-07-08,196170,,14.06,9.9,-175.0,165.8
2026-07-09,196170,,14.06,151.6,26.3,-10.2
2026-07-10,196170,,14.1,215.5,234.5,-464.9
2026-07-13,196170,316500.0,14.31,-108.9,1.7,66.2
2025-07-14,196300,,1.23,0.1,0.1,-0.2
2025-07-15,196300,,1.25,0.7,-0.1,-0.6
2025-07-16,196300,,1.34,-0.4,0.2,0.3
2025-07-17,196300,,1.28,0.6,-0.5,-0.0
2025-07-18,196300,,1.3,-0.1,0.0,0.1
2025-07-21,196300,,1.29,-0.1,-0.0,0.1
2025-07-22,196300,,1.28,-0.3,-0.0,0.3
2025-07-23,196300,,1.24,0.2,0.0,-0.2
2025-07-24,196300,,1.27,-0.2,-0.0,0.2
2025-07-25,196300,,1.25,0.1,0.4,-0.3
2025-07-28,196300,,1.25,-0.1,0.0,0.1
2025-07-29,196300,,1.24,-0.1,0.2,-0.1
2025-07-30,196300,,1.23,0.1,0.0,-0.0
2025-07-31,196300,,1.24,0.1,0.0,-0.2
2025-08-01,196300,,1.28,-0.2,-0.0,0.2
2025-08-04,196300,,1.25,0.3,-0.0,-0.3
2025-08-05,196300,,1.29,-3.5,-0.4,3.9
2025-08-06,196300,,0.89,0.5,0.0,-0.5
2025-08-07,196300,,0.96,0.5,0.0,-0.5
2025-08-08,196300,,1.17,-0.0,-0.0,0.0
2025-08-11,196300,,1.17,-0.4,-0.0,0.4
2025-08-12,196300,,1.12,0.9,-0.2,-0.8
2025-08-13,196300,,1.24,-0.1,-0.0,0.1
2025-08-14,196300,,1.22,0.5,0.0,-0.5
2025-08-18,196300,,1.29,-0.1,0.0,0.1
2025-08-19,196300,,1.28,-0.2,-0.0,0.2
2025-08-20,196300,,1.25,-0.1,0.0,0.0
2025-08-21,196300,,1.24,0.2,-0.0,-0.1
2025-08-22,196300,,1.26,-0.1,0.0,0.1
2025-08-25,196300,,1.24,0.2,-0.0,-0.1
2025-08-26,196300,,1.26,-0.1,-0.0,0.1
2025-08-27,196300,,1.26,-0.0,0.0,0.0
2025-08-28,196300,,1.26,0.3,0.1,-0.4
2025-08-29,196300,7780.0,1.3,-0.0,-0.1,0.1
2025-09-01,196300,,1.3,0.2,-0.0,-0.2
2025-09-02,196300,,1.32,-0.0,0.0,0.0
2025-09-03,196300,,1.31,0.7,0.0,-0.7
2025-09-04,196300,,1.41,-0.0,-0.0,0.1
2025-09-05,196300,,1.4,0.1,-0.0,-0.1
2025-09-08,196300,,1.42,-0.1,0.0,0.1
2025-09-09,196300,,1.4,-0.4,0.5,-0.1
2025-09-10,196300,,1.34,-0.1,-0.0,0.1
2025-09-11,196300,,1.34,0.0,0.0,-0.0
2025-09-12,196300,,1.34,0.0,0.0,-0.0
2025-09-15,196300,,1.35,0.1,-0.0,-0.1
2025-09-16,196300,,1.36,0.0,-0.0,-0.0
2025-09-17,196300,,1.36,-0.1,-0.0,0.1
2025-09-18,196300,,1.35,0.0,0.0,-0.1
2025-09-19,196300,,1.36,-0.0,0.0,-0.0
2025-09-22,196300,,1.36,0.0,-0.2,0.1
2025-09-23,196300,,1.36,-0.0,0.0,-0.0
2025-09-24,196300,,1.36,-0.0,-0.4,0.3
2025-09-25,196300,,1.36,-0.3,-0.0,0.0
2025-09-26,196300,,1.32,-0.1,0.0,0.0
2025-09-29,196300,,1.31,0.2,0.5,-0.3
2025-09-30,196300,7090.0,1.33,-0.0,-0.0,-0.1
2025-10-01,196300,,1.32,-0.0,-0.2,-0.1
2025-10-02,196300,,1.32,0.1,0.4,-0.1
2025-10-10,196300,,1.33,-0.0,-0.1,0.1
2025-10-13,196300,,1.33,0.1,0.0,-0.3
2025-10-14,196300,,1.34,-0.2,0.0,0.1
2025-10-15,196300,,1.31,0.3,-0.5,0.0
2025-10-16,196300,,1.36,0.1,-0.3,0.2
2025-10-17,196300,,1.37,0.1,0.0,-0.1
2025-10-20,196300,,1.38,0.2,0.0,0.1
2025-10-21,196300,,1.42,0.0,-0.1,0.1
2025-10-22,196300,,1.42,0.1,0.1,-0.1
2025-10-23,196300,,1.43,-0.0,-0.1,0.1
2025-10-24,196300,,1.43,0.1,0.0,-0.1
2025-10-27,196300,,1.44,0.0,0.0,-0.0
2025-10-28,196300,,1.45,-0.1,-0.0,0.1
2025-10-29,196300,,1.44,0.2,-0.1,-0.1
2025-10-30,196300,,1.47,0.1,0.0,-0.1
2025-10-31,196300,6700.0,1.48,-0.1,0.1,-0.0
2025-11-03,196300,,1.47,-0.2,-0.2,0.4
2025-11-04,196300,,1.44,-1.3,-0.4,1.9
2025-11-05,196300,,1.25,0.2,-0.1,-0.1
2025-11-06,196300,,1.28,0.1,0.1,-0.2
2025-11-07,196300,,1.3,-0.2,-0.1,0.3
2025-11-10,196300,,1.27,0.2,0.0,-0.2
2025-11-11,196300,,1.29,-0.0,0.1,-0.1
2025-11-12,196300,,1.29,0.2,0.0,-0.2
2025-11-13,196300,,1.32,0.2,0.0,-0.2
2025-11-14,196300,,1.35,0.3,-0.0,-0.3
2025-11-17,196300,,1.4,0.2,-0.1,-0.1
2025-11-18,196300,,1.44,0.1,-0.3,0.7
2025-11-19,196300,,1.46,0.1,0.1,0.5
2025-11-20,196300,,1.47,0.3,-0.1,-0.2
2025-11-21,196300,,1.51,0.4,0.4,0.4
2025-11-24,196300,,1.57,-0.1,-0.0,0.1
2025-11-25,196300,,1.56,-0.1,-0.1,0.2
2025-11-26,196300,,1.54,0.1,0.0,-0.1
2025-11-27,196300,,1.55,0.1,0.2,-0.3
2025-11-28,196300,6330.0,1.57,0.2,0.0,-0.2
2025-12-01,196300,,1.6,-1.1,-0.7,3.7
2025-12-02,196300,,1.45,1.4,0.3,0.8
2025-12-03,196300,,1.68,0.3,0.5,-0.8
2025-12-04,196300,,1.74,0.0,-0.4,0.4
2025-12-05,196300,,1.74,0.1,-0.1,-0.0
2025-12-08,196300,,1.76,0.0,0.1,-0.1
2025-12-09,196300,,1.77,-0.0,-0.1,0.2
2025-12-10,196300,,1.76,0.4,0.0,-0.4
2025-12-11,196300,,1.83,0.1,-0.3,0.3
2025-12-12,196300,,1.84,-0.1,-0.4,0.5
2025-12-15,196300,,1.82,0.1,-0.1,-0.0
2025-12-16,196300,,1.83,-0.1,-0.1,0.2
2025-12-17,196300,,1.82,-0.0,0.1,-0.1
2025-12-18,196300,,1.82,-0.0,-0.2,-0.0
2025-12-19,196300,,1.81,-0.1,0.0,0.1
2025-12-22,196300,,1.8,-0.1,0.0,0.1
2025-12-23,196300,,1.79,-0.0,-0.0,0.0
2025-12-24,196300,,1.79,-0.0,-0.0,0.0
2025-12-26,196300,,1.79,-0.1,0.1,-0.0
2025-12-29,196300,,1.78,0.1,-0.1,0.0
2025-12-30,196300,7160.0,1.79,0.1,,-0.3
2026-01-02,196300,,1.81,0.1,,-0.2
2026-01-05,196300,,1.82,0.3,0.0,-0.8
2026-01-06,196300,,1.87,-0.0,-0.0,-0.6
2026-01-07,196300,,1.87,0.1,,-0.2
2026-01-08,196300,,1.88,-0.6,,0.7
2026-01-09,196300,,1.75,-0.4,0.0,0.3
2026-01-12,196300,,1.71,0.3,0.0,-0.9
2026-01-13,196300,,1.75,-0.2,0.0,0.0
2026-01-14,196300,,1.72,0.2,,-0.2
2026-01-15,196300,,1.75,0.1,,-0.1
2026-01-16,196300,,1.76,-0.4,,0.4
2026-01-19,196300,,1.71,-0.2,,0.2
2026-01-20,196300,,1.68,0.2,,-0.2
2026-01-21,196300,,1.72,-0.0,-0.0,-0.3
2026-01-22,196300,,1.71,0.3,-0.0,-0.2
2026-01-23,196300,,1.75,-0.1,,0.1
2026-01-26,196300,,1.74,-0.2,,0.0
2026-01-27,196300,,1.72,0.1,-0.0,-0.2
2026-01-28,196300,,1.74,0.2,,-0.3
2026-01-29,196300,,1.76,-0.3,-0.0,0.2
2026-01-30,196300,7880.0,1.72,-0.3,-0.0,0.3
2026-02-02,196300,,1.68,-0.4,-0.0,0.4
2026-02-03,196300,,1.62,0.5,-0.0,-1.0
2026-02-04,196300,,1.69,-0.2,,0.3
2026-02-05,196300,,1.66,0.1,,-0.3
2026-02-06,196300,,1.68,-0.2,,0.2
2026-02-09,196300,,1.65,-0.1,,0.0
2026-02-10,196300,,1.64,0.1,,-0.1
2026-02-11,196300,,1.65,0.1,,-0.1
2026-02-12,196300,,1.66,0.0,,-0.0
2026-02-13,196300,,1.66,0.2,,-0.4
2026-02-19,196300,,1.69,0.5,,-0.3
2026-02-20,196300,,1.75,-0.1,,0.1
2026-02-23,196300,,1.74,-0.3,,0.2
2026-02-24,196300,,1.7,-0.0,,-0.1
2026-02-25,196300,,1.7,-0.2,,0.1
2026-02-26,196300,,1.72,-0.2,,0.2
2026-02-27,196300,7380.0,1.69,-0.1,,-0.0
2026-03-03,196300,,1.69,-0.0,,-0.2
2026-03-04,196300,,1.68,0.1,,-0.6
2026-03-05,196300,,1.7,0.3,,-0.3
2026-03-06,196300,,1.75,-0.3,,0.3
2026-03-09,196300,,1.71,-0.0,,-0.1
2026-03-10,196300,,1.71,0.1,,-0.0
2026-03-11,196300,,1.72,0.3,,-0.5
2026-03-12,196300,,1.78,0.5,,-0.2
2026-03-13,196300,,1.85,-0.1,,-0.2
2026-03-16,196300,,1.83,0.8,,-0.5
2026-03-17,196300,,1.95,0.7,,-0.9
2026-03-18,196300,,2.06,-0.0,,-0.1
2026-03-19,196300,,2.05,-0.1,,0.1
2026-03-20,196300,,2.03,-0.5,,0.5
2026-03-23,196300,,1.96,0.2,,-0.2
2026-03-24,196300,,1.99,0.1,,-0.1
2026-03-25,196300,,2.0,0.0,,-0.0
2026-03-26,196300,,2.01,-0.1,,0.1
2026-03-27,196300,,1.99,0.0,,-0.0
2026-03-30,196300,,2.0,-0.2,,0.1
2026-03-31,196300,6890.0,1.97,-0.1,,0.4
2026-04-01,196300,,1.96,-0.0,,0.0
2026-04-02,196300,,1.96,-0.1,,0.1
2026-04-03,196300,,1.95,0.0,,-0.0
2026-04-06,196300,,1.95,-0.1,,0.1
2026-04-07,196300,,1.94,0.0,,-0.0
2026-04-08,196300,,1.94,-0.1,,0.1
2026-04-09,196300,,1.93,-0.1,,-0.2
2026-04-10,196300,,1.91,0.1,,-0.2
2026-04-13,196300,,1.92,0.2,,-0.2
2026-04-14,196300,,1.96,0.1,,-0.1
2026-04-15,196300,,1.98,0.2,,-0.2
2026-04-16,196300,,2.0,-0.0,,0.0
2026-04-17,196300,,2.0,0.4,,-0.3
2026-04-20,196300,,2.06,0.3,,-0.2
2026-04-21,196300,,2.11,-0.2,,0.2
2026-04-22,196300,,2.08,0.0,,0.1
2026-04-23,196300,,2.09,-0.1,,-0.2
2026-04-24,196300,,2.05,-0.1,,0.1
2026-04-27,196300,,2.04,-0.5,,0.3
2026-04-28,196300,,1.97,0.2,,0.3
2026-04-29,196300,,2.01,0.3,,-0.4
2026-04-30,196300,7250.0,2.06,-0.1,,-0.0
2026-05-04,196300,,2.05,-0.1,,0.1
2026-05-06,196300,,2.03,-0.6,,0.6
2026-05-07,196300,,1.94,-0.2,,0.2
2026-05-08,196300,,1.91,-0.2,,0.2
2026-05-11,196300,,1.88,-0.2,0.0,0.2
2026-05-12,196300,,1.84,-0.3,0.0,0.4
2026-05-13,196300,,1.79,-0.2,-0.0,0.2
2026-05-14,196300,,1.75,-0.3,0.0,0.3
2026-05-15,196300,,1.7,-0.1,-0.0,0.2
2026-05-18,196300,,1.67,-0.2,0.0,0.2
2026-05-19,196300,,1.64,0.2,0.0,-0.2
2026-05-20,196300,,1.67,0.0,0.0,-0.0
2026-05-21,196300,,1.67,-0.2,-0.0,0.3
2026-05-22,196300,,1.63,0.1,,-0.1
2026-05-26,196300,,1.65,-0.0,-0.0,0.0
2026-05-27,196300,,1.64,-0.2,,0.2
2026-05-28,196300,,1.6,-0.1,0.0,0.1
2026-05-29,196300,5560.0,1.59,0.2,-0.0,-0.2
2026-06-01,196300,,1.62,0.1,-0.0,-0.1
2026-06-02,196300,,1.65,0.4,-0.0,-0.4
2026-06-04,196300,,1.74,-0.1,0.0,0.1
2026-06-05,196300,,1.72,0.2,-0.0,-0.2
2026-06-08,196300,,1.77,-0.0,0.0,0.0
2026-06-09,196300,,1.76,0.2,-0.0,-0.2
2026-06-10,196300,,1.8,-0.1,0.0,0.1
2026-06-11,196300,,1.78,-0.0,-0.0,0.0
2026-06-12,196300,,1.78,0.0,0.0,-0.0
2026-06-15,196300,,1.79,0.0,0.0,-0.0
2026-06-16,196300,,1.74,0.2,-0.0,-0.2
2026-06-17,196300,,1.82,-0.0,0.0,-0.0
2026-06-18,196300,,1.82,0.0,0.0,-0.1
2026-06-19,196300,,1.83,-0.1,-0.0,0.1
2026-06-22,196300,,1.8,-0.1,0.0,0.0
2026-06-23,196300,,1.78,-0.3,-0.0,0.3
2026-06-24,196300,,1.7,-0.1,0.0,0.0
2026-06-25,196300,,1.69,-0.0,-0.0,0.0
2026-06-26,196300,,1.68,0.0,0.0,-0.0
2026-06-29,196300,,1.68,0.1,-0.0,-0.1
2026-06-30,196300,4650.0,1.71,0.1,0.0,-0.2
2026-07-01,196300,,1.74,-0.0,0.0,0.0
2026-07-02,196300,,1.73,-0.1,0.0,0.0
2026-07-03,196300,,1.72,0.0,-0.0,-0.1
2026-07-06,196300,,1.73,-0.0,0.0,0.0
2026-07-07,196300,,1.73,-0.0,0.0,0.0
2026-07-08,196300,,1.73,-0.2,0.0,0.2
2026-07-09,196300,,1.69,0.1,-0.0,-0.1
2026-07-10,196300,,1.71,-0.4,-0.0,0.4
2026-07-13,196300,4080.0,1.6,0.2,0.0,-0.2
2025-07-14,196450,,0.88,-0.0,,0.0
2025-07-15,196450,,0.88,-0.0,,0.0
2025-07-16,196450,,0.87,0.0,,-0.0
2025-07-17,196450,,0.87,0.0,,-0.0
2025-07-18,196450,,0.89,-0.1,,0.1
2025-07-21,196450,,0.85,-0.0,,0.0
2025-07-22,196450,,0.85,-0.0,,0.0
2025-07-23,196450,,0.85,0.0,,-0.0
2025-07-24,196450,,0.86,-0.0,,0.0
2025-07-25,196450,,0.85,0.0,,-0.0
2025-07-28,196450,,0.85,0.1,,-0.1
2025-07-29,196450,,0.87,-0.0,,0.0
2025-07-30,196450,,0.87,-0.0,,0.0
2025-07-31,196450,,0.87,-0.0,,0.0
2025-08-01,196450,,0.87,0.0,,-0.0
2025-08-04,196450,,0.87,-0.0,,-0.0
2025-08-05,196450,,0.87,-0.0,,0.0
2025-08-06,196450,,0.85,-0.0,,0.0
2025-08-07,196450,,0.85,0.0,,-0.0
2025-08-08,196450,,0.86,-0.0,,0.0
2025-08-11,196450,,0.86,-0.0,,0.0
2025-08-12,196450,,0.85,-0.0,,0.0
2025-08-13,196450,,0.85,0.0,,-0.0
2025-08-14,196450,,0.86,-0.0,,-0.0
2025-08-18,196450,,0.86,0.0,,-0.0
2025-08-19,196450,,0.87,0.0,,-0.0
2025-08-20,196450,,0.87,0.0,,-0.0
2025-08-21,196450,,0.87,-0.1,,0.0
2025-08-22,196450,,0.85,0.2,-0.0,-0.1
2025-08-25,196450,,0.86,0.2,0.0,-0.4
2025-08-26,196450,,0.95,-0.0,,0.1
2025-08-27,196450,,0.95,0.5,,-0.4
2025-08-28,196450,,1.07,0.3,,-0.2
2025-08-29,196450,1027.0,1.13,-0.4,-0.0,0.4
2025-09-01,196450,,1.05,1.0,,-1.0
2025-09-02,196450,,1.26,-0.3,,0.4
2025-09-03,196450,,1.19,0.0,,-0.1
2025-09-04,196450,,1.2,-0.2,,0.2
2025-09-05,196450,,1.15,-0.3,0.0,0.3
2025-09-08,196450,,1.08,-0.1,,0.1
2025-09-09,196450,,1.06,-0.5,,0.5
2025-09-10,196450,,0.95,0.3,,-0.3
2025-09-11,196450,,1.01,0.1,,-0.1
2025-09-12,196450,,1.04,0.1,,-0.1
2025-09-15,196450,,1.07,-0.1,,0.1
2025-09-16,196450,,1.05,-0.1,,0.1
2025-09-17,196450,,1.03,-0.4,,0.3
2025-09-18,196450,,0.95,0.2,,-0.2
2025-09-19,196450,,0.99,-0.1,,0.1
2025-09-22,196450,,0.97,-0.0,,0.0
2025-09-23,196450,,0.96,-0.1,0.2,-0.1
2025-09-24,196450,,0.93,-0.1,0.2,-0.1
2025-09-25,196450,,0.91,0.3,0.1,-0.3
2025-09-26,196450,,0.98,-0.1,0.2,-0.1
2025-09-29,196450,,0.94,0.3,0.1,-0.4
2025-09-30,196450,963.0,1.01,-0.1,0.1,-0.1
2025-10-01,196450,,0.99,0.4,0.1,-0.5
2025-10-02,196450,,1.09,0.1,0.1,-0.2
2025-10-10,196450,,1.1,0.9,0.1,-1.0
2025-10-13,196450,,1.29,-0.4,,0.4
2025-10-14,196450,,1.19,0.2,,-0.2
2025-10-15,196450,,1.24,0.6,,-0.6
2025-10-16,196450,,1.37,-0.0,,0.0
2025-10-17,196450,,1.35,-0.5,,0.5
2025-10-20,196450,,1.24,0.0,,-0.0
2025-10-21,196450,,1.24,-0.2,,0.2
2025-10-22,196450,,1.19,-0.2,,0.2
2025-10-23,196450,,1.14,-0.0,,0.0
2025-10-24,196450,,1.13,-0.3,,0.3
2025-10-27,196450,,1.06,-0.2,,0.2
2025-10-28,196450,,1.01,-0.2,,0.2
2025-10-29,196450,,0.96,-0.0,,0.0
2025-10-30,196450,,0.95,0.1,,-0.1
2025-10-31,196450,849.0,0.98,0.2,,-0.2
2025-11-03,196450,,1.02,-0.0,0.0,0.0
2025-11-04,196450,,1.0,-0.0,,0.0
2025-11-05,196450,,1.0,-0.1,,0.1
2025-11-06,196450,,0.97,-0.1,,0.1
2025-11-07,196450,,0.94,0.1,,-0.1
2025-11-10,196450,,0.97,1.2,-0.7,-0.4
2025-11-11,196450,,1.27,-0.1,,0.1
2025-11-12,196450,,1.23,0.1,,-0.1
2025-11-13,196450,,1.26,0.4,,-0.4
2025-11-14,196450,,1.37,-0.1,,0.1
2025-11-17,196450,,1.34,0.0,,-0.0
2025-11-18,196450,,1.35,-0.1,,0.1
2025-11-19,196450,,1.32,0.0,,-0.0
2025-11-20,196450,,1.32,0.0,,-0.0
2025-11-21,196450,,1.32,-0.0,,0.0
2025-11-24,196450,,1.32,-0.0,,0.0
2025-11-25,196450,,1.31,-0.0,-0.0,0.1
2025-11-26,196450,,1.3,0.0,,-0.0
2025-11-27,196450,,1.3,-1.8,,1.8
2025-11-28,196450,775.0,0.86,0.3,,-0.3
2025-12-01,196450,,0.94,0.3,,-0.3
2025-12-02,196450,,1.04,-0.0,,0.0
2025-12-03,196450,,1.04,0.0,,-0.0
2025-12-04,196450,,1.04,0.1,,-0.1
2025-12-05,196450,,1.08,0.1,-0.0,-0.1
2025-12-08,196450,,1.12,0.0,,-0.0
2025-12-09,196450,,1.13,0.1,,-0.1
2025-12-10,196450,,1.16,0.1,-0.0,-0.1
2025-12-11,196450,,1.2,0.0,-0.0,-0.0
2025-12-12,196450,,1.22,0.1,,-0.1
2025-12-15,196450,,1.25,-0.1,,0.1
2025-12-16,196450,,1.22,0.0,,-0.0
2025-12-17,196450,,1.52,-0.0,,0.0
2025-12-18,196450,,1.52,0.1,,-0.1
2025-12-19,196450,,1.54,0.0,,-0.0
2025-12-22,196450,,1.54,0.0,,-0.0
2025-12-23,196450,,1.55,-0.0,,0.0
2025-12-24,196450,,1.56,0.1,,-0.1
2025-12-26,196450,,1.57,0.0,,-0.0
2025-12-29,196450,,1.57,0.0,,-0.0
2025-12-30,196450,763.0,1.58,-0.0,,0.0
2026-01-02,196450,,1.57,0.1,,-0.1
2026-01-05,196450,,1.6,0.2,,-0.2
2026-01-06,196450,,1.66,-0.2,,0.2
2026-01-07,196450,,1.72,0.1,-0.1,-0.0
2026-01-08,196450,,1.75,-0.1,-0.2,0.3
2026-01-09,196450,,1.72,-0.2,-0.1,0.2
2026-01-12,196450,,1.67,-0.0,-0.0,0.0
2026-01-13,196450,,1.67,-0.1,-0.2,0.3
2026-01-14,196450,,1.69,0.0,,-0.0
2026-01-15,196450,,1.7,-0.0,0.0,0.0
2026-01-16,196450,,1.7,-0.1,-0.0,0.1
2026-01-19,196450,,1.67,0.3,-0.1,-0.2
2026-01-20,196450,,1.74,-1.1,,0.9
2026-01-21,196450,,1.48,-0.3,-0.1,0.5
2026-01-22,196450,,1.4,0.0,-0.1,0.2
2026-01-23,196450,,1.41,0.3,-0.0,-0.2
2026-01-26,196450,,1.49,0.3,-0.1,-0.2
2026-01-27,196450,,1.58,0.1,0.0,-0.1
2026-01-28,196450,,1.6,0.3,-0.1,-0.2
2026-01-29,196450,,1.68,0.0,-0.0,-0.0
2026-01-30,196450,810.0,1.69,-0.0,,0.0
2026-02-02,196450,,1.68,-1.0,0.0,1.0
2026-02-03,196450,,1.43,-0.5,,0.5
2026-02-04,196450,,1.34,0.2,,-0.2
2026-02-05,196450,,1.4,0.4,,-0.9
2026-02-06,196450,,1.5,0.5,,-0.5
2026-02-09,196450,,1.62,0.1,,-0.8
2026-02-10,196450,,1.65,0.6,,0.0
2026-02-11,196450,,1.77,-0.0,,0.0
2026-02-12,196450,,1.76,-0.0,,0.1
2026-02-13,196450,,1.75,0.2,1.5,-1.7
2026-02-19,196450,,1.81,-0.0,,-0.4
2026-02-20,196450,,1.81,,0.0,-0.0
2026-02-23,196450,,1.88,-0.0,,0.7
2026-02-24,196450,,1.89,-0.0,,0.0
2026-02-25,196450,,1.89,-0.0,,0.0
2026-02-26,196450,,1.89,,0.0,-0.0
2026-02-27,196450,1405.0,1.89,0.3,-0.1,-0.3
2026-03-03,196450,,1.95,1.8,-0.0,-1.8
2026-03-04,196450,,1.95,0.3,0.0,-0.3
2026-03-05,196450,,2.01,0.6,0.0,-0.6
2026-03-06,196450,,2.11,0.2,,-0.2
2026-03-09,196450,,2.14,0.6,,-0.6
2026-03-10,196450,,2.25,0.2,,-0.2
2026-03-11,196450,,2.31,-0.3,,0.3
2026-03-12,196450,,2.25,-0.4,,0.3
2026-03-13,196450,,2.19,2.2,1.7,-4.4
2026-03-16,196450,,2.5,2.4,-0.1,-2.1
2026-03-17,196450,,2.8,0.1,,-0.1
2026-03-18,196450,,2.81,1.8,,-1.8
2026-03-19,196450,,3.01,-0.7,,0.7
2026-03-20,196450,,2.91,-0.1,,0.5
2026-03-23,196450,,2.86,0.8,,-0.8
2026-03-24,196450,,2.98,1.3,,-1.0
2026-03-25,196450,,3.18,-0.9,,0.9
2026-03-26,196450,,3.05,-1.1,,0.8
2026-03-27,196450,,2.89,0.2,,0.0
2026-03-30,196450,,2.93,-0.0,,0.0
2026-03-31,196450,1356.0,2.93,-0.3,,0.3
2026-04-01,196450,,2.88,2.1,1.0,-3.0
2026-04-02,196450,,3.2,-0.9,,0.9
2026-04-03,196450,,3.06,-0.5,,0.5
2026-04-06,196450,,2.98,-0.3,,0.3
2026-04-07,196450,,2.94,-0.7,,0.7
2026-04-08,196450,,2.82,0.2,,-0.2
2026-04-09,196450,,2.85,-0.7,,0.7
2026-04-10,196450,,2.74,0.6,,-0.6
2026-04-13,196450,,2.83,0.2,,-0.2
2026-04-14,196450,,2.86,0.1,,-0.1
2026-04-15,196450,,2.88,-0.3,,0.2
2026-04-16,196450,,2.83,-0.2,,0.2
2026-04-17,196450,,2.79,0.5,,-0.6
2026-04-20,196450,,2.87,-0.6,,0.6
2026-04-21,196450,,2.77,0.8,,-0.7
2026-04-22,196450,,2.9,0.4,,-0.2
2026-04-23,196450,,2.9,-1.1,,1.1
2026-04-24,196450,,2.71,0.2,0.0,-0.2
2026-04-27,196450,,2.74,-0.3,,0.3
2026-04-28,196450,,2.7,-0.4,,0.4
2026-04-29,196450,,2.61,0.1,0.0,-0.1
2026-04-30,196450,1389.0,2.63,0.9,-0.0,-1.0
2026-05-04,196450,,2.77,-0.2,0.0,0.3
2026-05-06,196450,,2.73,-0.2,0.0,0.4
2026-05-07,196450,,2.69,-0.1,-0.3,0.3
2026-05-08,196450,,2.68,0.2,-0.0,-0.2
2026-05-11,196450,,2.71,0.1,0.0,-0.1
2026-05-12,196450,,2.73,0.5,-0.0,-0.5
2026-05-13,196450,,2.83,-0.5,0.3,0.2
2026-05-14,196450,,2.75,-3.5,-0.3,3.6
2026-05-15,196450,,2.2,-1.0,-0.0,0.9
2026-05-18,196450,,2.12,0.8,0.0,-0.9
2026-05-19,196450,,2.27,0.4,0.0,-0.5
2026-05-20,196450,,2.35,-0.4,0.0,0.4
2026-05-21,196450,,2.51,0.4,0.0,-0.5
2026-05-22,196450,,2.59,4.9,0.9,-5.3
2026-05-26,196450,,3.22,-0.5,-0.0,0.3
2026-05-27,196450,,3.16,-0.8,0.0,0.7
2026-05-28,196450,,3.05,0.5,-1.3,0.8
2026-05-29,196450,1275.0,3.13,-0.6,-1.3,1.8
2026-06-01,196450,,3.04,0.2,-1.0,0.6
2026-06-02,196450,,3.08,-0.5,0.4,0.1
2026-06-04,196450,,2.99,-0.4,0.0,0.4
2026-06-05,196450,,2.93,-0.1,0.0,0.1
2026-06-08,196450,,2.91,-0.3,0.2,0.1
2026-06-09,196450,,2.84,-0.2,-0.0,0.2
2026-06-10,196450,,2.79,-0.2,-0.0,0.2
2026-06-11,196450,,2.74,-0.1,-0.0,0.1
2026-06-12,196450,,2.71,-0.7,0.0,0.7
2026-06-15,196450,,2.56,-0.8,-0.0,0.9
2026-06-16,196450,,2.37,-0.1,-0.0,0.1
2026-06-17,196450,,2.35,0.0,0.0,-0.0
2026-06-18,196450,,2.36,-0.2,-0.0,0.2
2026-06-19,196450,,2.3,-0.1,-0.0,0.2
2026-06-22,196450,,2.27,-0.0,-0.0,-0.0
2026-06-23,196450,,2.27,-0.0,0.1,-0.1
2026-06-24,196450,,2.26,-0.5,0.1,0.4
2026-06-25,196450,,2.12,-0.3,-0.0,0.3
2026-06-26,196450,,2.01,-0.0,-0.0,-0.0
2026-06-29,196450,,2.03,-0.1,-0.0,0.1
2026-06-30,196450,817.0,1.99,-1.0,0.2,0.9
2026-07-01,196450,,1.71,-0.5,-0.0,0.4
2026-07-02,196450,,1.63,-0.3,-0.0,0.2
2026-07-03,196450,,1.57,0.1,-0.0,-0.1
2026-07-06,196450,,1.58,-0.1,,0.0
2026-07-07,196450,,1.56,-0.1,0.0,0.1
2026-07-08,196450,,1.53,-0.1,-0.0,0.1
2026-07-09,196450,,1.51,-0.1,0.0,0.0
2026-07-10,196450,,1.49,0.1,0.0,-0.1
2026-07-13,196450,868.0,1.51,-0.1,0.0,0.1
2025-07-14,196490,,4.27,,,
2025-07-15,196490,,4.27,,,
2025-07-16,196490,,4.27,,,
2025-07-17,196490,,4.27,,,
2025-07-18,196490,,4.27,,,
2025-07-21,196490,,4.27,,,
2025-07-22,196490,,4.27,,,
2025-07-23,196490,,4.27,,,
2025-07-24,196490,,4.27,,,
2025-07-25,196490,,4.27,,,
2025-07-28,196490,,4.27,,,
2025-07-29,196490,,4.27,,,
2025-07-30,196490,,4.27,,,
2025-07-31,196490,,4.27,,,
2025-08-01,196490,,4.27,,,
2025-08-04,196490,,4.27,,,
2025-08-05,196490,,4.27,,,
2025-08-06,196490,,4.27,,,
2025-08-07,196490,,4.27,,,
2025-08-08,196490,,4.27,,,
2025-08-11,196490,,4.27,,,
2025-08-12,196490,,4.27,,,
2025-08-13,196490,,4.27,,,
2025-08-14,196490,,4.27,,,
2025-08-18,196490,,4.27,,,
2025-08-19,196490,,4.27,,,
2025-08-20,196490,,4.27,,,
2025-08-21,196490,,4.27,,,
2025-08-22,196490,,4.27,,,
2025-08-25,196490,,4.27,,,
2025-08-26,196490,,4.27,,,
2025-08-27,196490,,4.27,,,
2025-08-28,196490,,4.27,,,
2025-08-29,196490,203.0,4.27,,,
2025-09-01,196490,,4.27,,,
2025-09-02,196490,,4.27,,,
2025-09-03,196490,,4.27,,,
2025-09-04,196490,,4.27,,,
2025-09-05,196490,,4.27,,,
2025-09-08,196490,,4.27,,,
2025-09-09,196490,,4.27,,,
2025-09-10,196490,,4.27,,,
2025-09-11,196490,,4.27,,,
2025-09-12,196490,,4.27,,,
2025-09-15,196490,,4.27,,,
2025-09-16,196490,,4.27,,,
2025-09-17,196490,,4.27,,,
2025-09-18,196490,,4.27,,,
2025-09-19,196490,,4.27,,,
2025-09-22,196490,,4.27,,,
2025-09-23,196490,,4.27,,,
2025-09-24,196490,,4.27,,,
2025-09-25,196490,,4.27,,,
2025-09-26,196490,,4.27,,,
2025-09-29,196490,,4.27,,,
2025-09-30,196490,203.0,4.27,,,
2025-10-01,196490,,4.27,,,
2025-10-02,196490,,4.27,,,
2025-10-10,196490,,4.27,,,
2025-10-13,196490,,4.27,,,
2025-10-14,196490,,4.27,,,
2025-10-15,196490,,4.27,,,
2025-10-16,196490,,4.27,,,
2025-10-17,196490,,4.27,,,
2025-10-20,196490,,4.27,,,
2025-10-21,196490,,4.27,,,
2025-10-22,196490,,4.27,,,
2025-10-23,196490,,4.27,,,
2025-10-24,196490,,4.27,,,
2025-10-27,196490,,4.27,,,
2025-10-28,196490,,4.27,,,
2025-10-29,196490,,4.27,,,
2025-10-30,196490,,4.27,,,
2025-10-31,196490,203.0,4.27,,,
2025-11-03,196490,,4.27,,,
2025-11-04,196490,,4.27,,,
2025-11-05,196490,,4.27,,,
2025-11-06,196490,,4.27,,,
2025-11-07,196490,,4.27,,,
2025-11-10,196490,,4.27,,,
2025-11-11,196490,,4.27,,,
2025-11-12,196490,,4.27,,,
2025-11-13,196490,,4.27,,,
2025-11-14,196490,,4.27,,,
2025-11-17,196490,,4.27,,,
2025-11-18,196490,,4.27,,,
2025-11-19,196490,,4.27,,,
2025-11-20,196490,,4.27,,,
2025-11-21,196490,,4.27,,,
2025-11-24,196490,,4.27,,,
2025-11-25,196490,,4.27,,,
2025-11-26,196490,,4.27,,,
2025-11-27,196490,,4.27,,,
2025-11-28,196490,203.0,4.27,,,
2025-12-01,196490,,4.27,,,
2025-12-02,196490,,4.27,,,
2025-12-03,196490,,4.27,,,
2025-12-04,196490,,4.27,,,
2025-12-05,196490,,4.27,,,
2025-12-08,196490,,4.27,,,
2025-12-09,196490,,4.27,,,
2025-12-10,196490,,4.27,,,
2025-12-11,196490,,4.27,,,
2025-12-12,196490,,4.27,,,
2025-12-15,196490,,4.27,,,
2025-12-16,196490,,4.27,,,
2025-12-17,196490,,4.27,,,
2025-12-18,196490,,4.27,,,
2025-12-19,196490,,4.27,,,
2025-12-22,196490,,4.27,,,
2025-12-23,196490,,4.27,,,
2025-12-24,196490,,4.27,,,
2025-12-26,196490,,4.27,,,
2025-12-29,196490,,4.27,,,
2025-12-30,196490,203.0,4.27,,,
2026-01-02,196490,,4.27,,,
2026-01-05,196490,,4.27,,,
2026-01-06,196490,,4.27,,,
2026-01-07,196490,,4.27,,,
2026-01-08,196490,,4.27,,,
2026-01-09,196490,,4.27,,,
2026-01-12,196490,,4.27,,,
2026-01-13,196490,,4.27,,,
2026-01-14,196490,,4.27,,,
2026-01-15,196490,,4.27,,,
2026-01-16,196490,,4.27,,,
2026-01-19,196490,,4.27,,,
2026-01-20,196490,,4.27,,,
2026-01-21,196490,,4.27,,,
2026-01-22,196490,,4.27,,,
2026-01-23,196490,,4.27,,,
2026-01-26,196490,,4.27,,,
2026-01-27,196490,,4.27,,,
2026-01-28,196490,,4.27,,,
2026-01-29,196490,,4.27,,,
2026-01-30,196490,203.0,4.27,,,
2026-02-02,196490,,4.27,,,
2026-02-03,196490,,4.27,,,
2026-02-04,196490,,4.27,,,
2026-02-05,196490,,4.27,,,
2026-02-06,196490,,4.27,,,
2026-02-09,196490,,4.27,,,
2026-02-10,196490,,4.27,,,
2026-02-11,196490,,4.27,,,
2026-02-12,196490,,4.27,,,
2026-02-13,196490,,4.27,,,
2026-02-19,196490,,4.27,,,
2026-02-20,196490,,4.27,,,
2026-02-23,196490,,4.27,,,
2026-02-24,196490,,4.27,,,
2026-02-25,196490,,4.27,,,
2026-02-26,196490,,4.27,,,
2026-02-27,196490,203.0,4.27,,,
2026-03-03,196490,,4.27,,,
2026-03-04,196490,,4.27,,,
2026-03-05,196490,,4.27,,,
2026-03-06,196490,,4.27,,,
2026-03-09,196490,,4.27,,,
2026-03-10,196490,,4.27,,,
2026-03-11,196490,,4.27,,,
2026-03-12,196490,,4.27,,,
2026-03-13,196490,,4.27,,,
2026-03-16,196490,,4.27,,,
2026-03-17,196490,,4.27,,,
2026-03-18,196490,,4.27,,,
2026-03-19,196490,,4.27,,,
2026-03-20,196490,,4.27,,,
2026-03-23,196490,,4.27,,,
2026-03-24,196490,,4.27,,,
2026-03-25,196490,,4.27,,,
2026-03-26,196490,,4.27,,,
2026-03-27,196490,,4.27,,,
2026-03-30,196490,,4.27,,,
2026-03-31,196490,203.0,4.27,,,
2026-04-01,196490,,4.27,,,
2026-04-02,196490,,4.27,,,
2026-04-03,196490,,4.27,,,
2026-04-06,196490,,4.27,,,
2026-04-07,196490,,4.27,,,
2026-04-08,196490,,4.27,,,
2026-04-09,196490,,4.27,,,
2026-04-10,196490,,4.27,,,
2026-04-13,196490,,4.27,,,
2026-04-14,196490,,4.27,,,
2026-04-15,196490,,4.27,,,
2026-04-16,196490,,4.27,,,
2026-04-17,196490,,4.27,,,
2026-04-20,196490,,4.27,,,
2026-04-21,196490,,4.27,,,
2026-04-22,196490,,4.27,,,
2026-04-23,196490,,4.27,,,
2026-04-24,196490,,4.27,,,
2026-04-27,196490,,4.27,,,
2026-04-28,196490,,4.27,,,
2026-04-29,196490,,4.27,,,
2026-04-30,196490,203.0,4.27,,,
2026-05-04,196490,,4.27,,,
2026-05-06,196490,,4.27,,,
2026-05-07,196490,,4.27,,,
2026-05-08,196490,,4.27,,,
2026-05-11,196490,,4.27,,,
2026-05-12,196490,,4.27,,,
2026-05-13,196490,,4.27,,,
2026-05-14,196490,,4.27,,,
2026-05-15,196490,,4.27,,,
2026-05-18,196490,,4.27,,,
2026-05-19,196490,,4.27,,,
2026-05-20,196490,,4.27,,,
2026-05-21,196490,,2.24,,,
2026-05-22,196490,,2.24,,,
2026-05-26,196490,,2.24,,,
2026-05-27,196490,,2.24,,,
2026-05-28,196490,,2.24,,,
2026-05-29,196490,6090.0,2.24,,,
2026-06-01,196490,,2.24,,,
2026-06-02,196490,,2.24,,,
2026-06-04,196490,,2.24,,,
2026-06-05,196490,,2.24,,,
2026-06-08,196490,,2.24,,,
2026-06-09,196490,,2.24,,,
2026-06-10,196490,,2.24,,,
2026-06-11,196490,,2.24,,,
2026-06-12,196490,,2.24,,,
2026-06-15,196490,,2.24,,,
2026-06-16,196490,,2.24,,,
2026-06-17,196490,,2.24,,,
2026-06-18,196490,,2.24,,,
2026-06-19,196490,,2.24,,,
2026-06-22,196490,,2.24,,,
2026-06-23,196490,,2.24,,,
2026-06-24,196490,,2.24,,,
2026-06-25,196490,,2.24,,,
2026-06-26,196490,,2.24,,,
2026-06-29,196490,,2.24,,,
2026-06-30,196490,6090.0,2.24,,,
2026-07-01,196490,,2.24,,,
2026-07-02,196490,,2.24,,,
2026-07-03,196490,,2.24,,,
2026-07-06,196490,,2.24,,,
2026-07-07,196490,,2.24,,,
2026-07-08,196490,,2.23,,,
2026-07-09,196490,,2.23,,,
2026-07-10,196490,,2.23,,,
2026-07-13,196490,6090.0,2.23,,,
2025-07-14,196700,,2.69,-0.0,,0.0
2025-07-15,196700,,2.68,-0.0,,-0.0
2025-07-16,196700,,2.67,-0.1,,0.1
2025-07-17,196700,,2.61,-0.1,,0.1
2025-07-18,196700,,2.56,-0.1,,0.1
2025-07-21,196700,,2.53,0.2,,-0.2
2025-07-22,196700,,2.61,-0.2,,0.1
2025-07-23,196700,,2.52,0.0,,0.0
2025-07-24,196700,,2.53,0.0,,0.0
2025-07-25,196700,,2.54,-0.3,,0.3
2025-07-28,196700,,2.41,-0.0,,0.0
2025-07-29,196700,,2.39,0.0,,-0.0
2025-07-30,196700,,2.4,0.0,,-0.1
2025-07-31,196700,,2.41,0.0,,0.0
2025-08-01,196700,,2.41,-0.1,,0.1
2025-08-04,196700,,2.37,0.1,,-0.1
2025-08-05,196700,,2.43,0.0,,-0.1
2025-08-06,196700,,2.46,-0.0,,-0.0
2025-08-07,196700,,2.46,-0.0,,0.1
2025-08-08,196700,,2.43,0.0,,-0.0
2025-08-11,196700,,2.44,0.0,,-0.1
2025-08-12,196700,,2.46,0.0,,-0.0
2025-08-13,196700,,2.47,-0.1,,0.1
2025-08-14,196700,,2.43,-0.2,,0.2
2025-08-18,196700,,2.31,-0.2,,0.2
2025-08-19,196700,,2.22,-0.1,,0.1
2025-08-20,196700,,2.17,0.1,,-0.1
2025-08-21,196700,,2.19,0.2,,-0.2
2025-08-22,196700,,2.28,0.2,,-0.2
2025-08-25,196700,,2.37,-0.0,,0.0
2025-08-26,196700,,2.35,-0.1,,0.1
2025-08-27,196700,,2.32,-0.1,,0.1
2025-08-28,196700,,2.29,-0.1,,0.1
2025-08-29,196700,1416.0,2.26,-0.0,,0.0
2025-09-01,196700,,2.23,0.0,,-0.0
2025-09-02,196700,,2.24,-0.0,,-0.0
2025-09-03,196700,,2.24,0.1,,-0.1
2025-09-04,196700,,2.28,-0.1,,0.1
2025-09-05,196700,,2.26,-0.0,,0.0
2025-09-08,196700,,2.24,-0.0,,0.0
2025-09-09,196700,,2.22,-0.0,,0.0
2025-09-10,196700,,2.22,-0.0,0.0,0.0
2025-09-11,196700,,2.2,0.0,,-0.0
2025-09-12,196700,,2.21,-0.2,0.0,0.1
2025-09-15,196700,,2.12,-0.0,,0.0
2025-09-16,196700,,2.11,-0.0,,0.0
2025-09-17,196700,,2.1,-0.1,,0.1
2025-09-18,196700,,2.05,0.1,,-0.0
2025-09-19,196700,,2.08,-0.1,,0.1
2025-09-22,196700,,2.03,-0.3,,0.3
2025-09-23,196700,,1.86,-0.0,,0.0
2025-09-24,196700,,1.86,-0.1,,0.1
2025-09-25,196700,,1.82,0.0,,-0.0
2025-09-26,196700,,1.82,-0.1,,0.1
2025-09-29,196700,,1.78,0.1,,-0.1
2025-09-30,196700,1395.0,1.83,0.0,,0.0
2025-10-01,196700,,1.84,-0.0,0.0,0.0
2025-10-02,196700,,1.84,0.0,0.0,-0.0
2025-10-10,196700,,1.86,-0.0,,0.0
2025-10-13,196700,,1.86,-0.0,,0.0
2025-10-14,196700,,1.84,-0.0,,0.0
2025-10-15,196700,,1.83,0.0,,-0.0
2025-10-16,196700,,1.85,-0.0,0.0,0.0
2025-10-17,196700,,1.84,-0.1,,0.1
2025-10-20,196700,,1.81,0.1,0.0,-0.1
2025-10-21,196700,,1.85,0.0,,-0.0
2025-10-22,196700,,1.85,-0.0,,0.0
2025-10-23,196700,,1.83,0.0,,-0.1
2025-10-24,196700,,1.85,0.0,,0.0
2025-10-27,196700,,1.86,0.0,,-0.0
2025-10-28,196700,,1.86,-0.1,,0.1
2025-10-29,196700,,1.82,-0.1,,0.1
2025-10-30,196700,,1.78,-0.0,,0.0
2025-10-31,196700,1401.0,1.77,0.1,,-0.0
2025-11-03,196700,,1.82,-0.2,,0.2
2025-11-04,196700,,1.72,-0.0,,0.0
2025-11-05,196700,,1.7,0.0,,-0.0
2025-11-06,196700,,1.7,0.0,,-0.0
2025-11-07,196700,,1.7,-0.0,,0.0
2025-11-10,196700,,1.69,0.8,-0.7,-0.0
2025-11-11,196700,,2.1,-0.1,,0.0
2025-11-12,196700,,2.07,0.1,,-0.1
2025-11-13,196700,,2.11,0.0,,-0.0
2025-11-14,196700,,2.12,-0.0,,0.0
2025-11-17,196700,,2.09,-0.4,0.0,0.4
2025-11-18,196700,,1.96,-0.4,-0.3,0.7
2025-11-19,196700,,1.95,0.4,0.0,-0.4
2025-11-20,196700,,2.17,-0.1,,0.1
2025-11-21,196700,,2.12,-0.0,,0.0
2025-11-24,196700,,2.11,0.2,-0.0,-0.1
2025-11-25,196700,,2.19,0.0,,-0.0
2025-11-26,196700,,2.2,0.2,,-0.2
2025-11-27,196700,,2.31,0.2,0.0,-0.2
2025-11-28,196700,1501.0,2.39,-0.1,,0.1
2025-12-01,196700,,2.33,0.2,-0.1,-0.1
2025-12-02,196700,,2.43,0.1,,-0.1
2025-12-03,196700,,2.46,0.1,,-0.1
2025-12-04,196700,,2.5,-0.0,,0.0
2025-12-05,196700,,2.48,0.1,,-0.1
2025-12-08,196700,,2.54,0.0,,-0.1
2025-12-09,196700,,2.54,0.0,,-0.0
2025-12-10,196700,,2.55,-0.0,,0.1
2025-12-11,196700,,2.53,-0.0,,0.0
2025-12-12,196700,,2.52,0.0,,-0.0
2025-12-15,196700,,2.52,-0.2,,0.2
2025-12-16,196700,,2.45,-0.1,,0.0
2025-12-17,196700,,2.94,-1.2,,1.3
2025-12-18,196700,,2.48,-0.0,,0.1
2025-12-19,196700,,2.42,0.4,,-0.4
2025-12-22,196700,,2.59,2.1,0.1,-2.5
2025-12-23,196700,,3.27,-0.8,-0.1,0.8
2025-12-24,196700,,3.1,-0.0,-0.0,0.3
2025-12-26,196700,,3.11,-1.0,,1.0
2025-12-29,196700,,2.8,0.1,,-0.1
2025-12-30,196700,2135.0,2.84,0.5,,-0.3
2026-01-02,196700,,3.0,0.6,,-0.6
2026-01-05,196700,,3.18,0.1,,-0.1
2026-01-06,196700,,3.23,-0.7,,0.7
2026-01-07,196700,,3.07,-0.1,,0.1
2026-01-08,196700,,3.04,0.4,,-0.4
2026-01-09,196700,,3.18,0.5,,-0.5
2026-01-12,196700,,3.37,0.3,,-0.3
2026-01-13,196700,,3.51,0.3,,-0.3
2026-01-14,196700,,3.61,-0.1,,0.1
2026-01-15,196700,,3.56,0.4,,-0.4
2026-01-16,196700,,3.69,-0.1,0.0,0.1
2026-01-19,196700,,3.66,-0.3,,0.3
2026-01-20,196700,,3.55,2.4,0.0,-2.5
2026-01-21,196700,,4.25,-0.8,-0.0,1.0
2026-01-22,196700,,4.02,-0.0,-0.0,0.1
2026-01-23,196700,,4.0,0.4,,-0.4
2026-01-26,196700,,4.13,0.8,-0.0,-0.8
2026-01-27,196700,,4.38,-0.9,-0.0,0.8
2026-01-28,196700,,4.09,0.7,,-0.6
2026-01-29,196700,,4.29,0.8,,-0.8
2026-01-30,196700,2210.0,4.55,-0.1,,0.0
2026-02-02,196700,,4.54,-1.0,,1.0
2026-02-03,196700,,4.27,-0.3,,0.2
2026-02-04,196700,,4.19,0.3,0.3,-0.6
2026-02-05,196700,,4.28,-0.6,,0.6
2026-02-06,196700,,4.1,0.5,0.0,-0.4
2026-02-09,196700,,4.23,-6.5,-0.0,6.0
2026-02-10,196700,,2.82,-1.5,,1.4
2026-02-11,196700,,2.42,-0.1,,0.1
2026-02-12,196700,,2.42,-0.3,,0.2
2026-02-13,196700,,2.34,-0.6,,0.7
2026-02-19,196700,,2.17,-0.9,,0.9
2026-02-20,196700,,1.94,0.3,,-0.3
2026-02-23,196700,,2.04,-2.2,,2.3
2026-02-24,196700,,1.53,-0.9,,0.8
2026-02-25,196700,,1.03,-0.5,,0.7
2026-02-26,196700,,1.15,-0.1,,0.1
2026-02-27,196700,2740.0,1.12,-0.0,,0.1
2026-03-03,196700,,0.95,2.3,0.2,-2.6
2026-03-04,196700,,1.59,2.9,,-2.9
2026-03-05,196700,,2.5,0.7,,-0.7
2026-03-06,196700,,2.69,0.1,,-0.1
2026-03-09,196700,,2.71,1.4,-0.5,-0.8
2026-03-10,196700,,3.12,0.3,,-0.3
2026-03-11,196700,,3.21,-0.2,,0.2
2026-03-12,196700,,3.16,0.7,,-0.7
2026-03-13,196700,,3.37,-0.1,,0.1
2026-03-16,196700,,3.36,-0.1,,0.1
2026-03-17,196700,,3.34,-0.1,,0.1
2026-03-18,196700,,3.31,0.4,,-0.3
2026-03-19,196700,,3.42,0.6,,-0.6
2026-03-20,196700,,3.63,0.1,,-0.1
2026-03-23,196700,,3.67,0.7,,-0.7
2026-03-24,196700,,3.91,0.8,,-0.8
2026-03-25,196700,,4.2,0.7,,-0.7
2026-03-26,196700,,4.46,-0.3,0.0,0.3
2026-03-27,196700,,4.37,0.2,,-0.2
2026-03-30,196700,,4.44,0.6,,-0.6
2026-03-31,196700,1981.0,4.67,0.1,,-0.1
2026-04-01,196700,,4.69,0.4,0.4,-0.7
2026-04-02,196700,,4.82,-0.1,,0.1
2026-04-03,196700,,4.77,0.2,,-0.2
2026-04-06,196700,,4.86,0.1,-0.4,0.3
2026-04-07,196700,,4.9,-0.1,,0.0
2026-04-08,196700,,4.88,0.4,,-0.4
2026-04-09,196700,,5.04,-0.1,,0.1
2026-04-10,196700,,4.99,-1.7,,1.5
2026-04-13,196700,,4.49,-0.4,,0.4
2026-04-14,196700,,4.36,-0.6,,0.6
2026-04-15,196700,,4.18,0.7,,-0.4
2026-04-16,196700,,4.41,-0.1,,0.1
2026-04-17,196700,,4.37,-0.1,,0.1
2026-04-20,196700,,4.33,-0.1,,0.1
2026-04-21,196700,,4.3,0.0,,-0.0
2026-04-22,196700,,4.26,0.4,,-0.4
2026-04-23,196700,,4.36,0.7,,-0.8
2026-04-24,196700,,4.61,0.1,,-0.3
2026-04-27,196700,,4.65,-0.4,,0.5
2026-04-28,196700,,4.53,0.3,,-0.3
2026-04-29,196700,,4.42,0.2,-0.0,-0.3
2026-04-30,196700,2095.0,4.44,-0.1,-0.0,0.0
2026-05-04,196700,,4.41,0.6,0.2,-0.7
2026-05-06,196700,,4.6,-0.6,0.0,-0.0
2026-05-07,196700,,4.39,0.0,0.0,-0.1
2026-05-08,196700,,4.4,-0.1,-0.0,0.2
2026-05-11,196700,,4.36,-0.5,0.0,0.5
2026-05-12,196700,,4.19,0.7,0.0,-0.8
2026-05-13,196700,,4.45,0.4,-0.0,-0.4
2026-05-14,196700,,4.59,-0.2,-0.0,0.1
2026-05-15,196700,,4.51,-0.9,0.0,0.9
2026-05-18,196700,,4.18,0.4,0.0,-0.4
2026-05-19,196700,,4.34,-0.0,-0.0,0.1
2026-05-20,196700,,4.32,-0.1,0.0,0.1
2026-05-21,196700,,4.27,0.2,-0.0,-0.3
2026-05-22,196700,,4.35,-0.0,-0.0,0.0
2026-05-26,196700,,4.34,-0.2,0.0,0.3
2026-05-27,196700,,4.25,0.2,-0.0,-0.2
2026-05-28,196700,,4.34,0.3,-0.0,-0.3
2026-05-29,196700,1413.0,4.5,0.1,0.0,-0.1
2026-06-01,196700,,4.55,-0.4,0.3,0.0
2026-06-02,196700,,4.37,0.3,0.0,-0.3
2026-06-04,196700,,4.52,1.2,0.0,-1.2
2026-06-05,196700,,5.18,0.2,0.0,-0.2
2026-06-08,196700,,5.29,0.1,-0.0,-0.1
2026-06-09,196700,,5.38,0.1,-0.0,-0.1
2026-06-10,196700,,5.45,-0.1,-0.0,0.1
2026-06-11,196700,,5.37,-0.0,-0.0,0.0
2026-06-12,196700,,5.35,0.0,-0.0,-0.0
2026-06-15,196700,,5.36,-0.3,0.0,0.3
2026-06-16,196700,,5.18,-0.1,-0.0,0.1
2026-06-17,196700,,5.12,-0.1,0.0,0.1
2026-06-18,196700,,5.05,-0.1,0.0,0.1
2026-06-19,196700,,5.0,-0.1,-0.0,0.1
2026-06-22,196700,,4.96,0.1,-0.0,-0.2
2026-06-23,196700,,5.04,0.1,0.0,-0.1
2026-06-24,196700,,5.08,0.1,0.0,-0.1
2026-06-25,196700,,5.13,0.0,-0.0,-0.0
2026-06-26,196700,,5.14,-0.0,0.0,0.0
2026-06-29,196700,,5.13,0.1,-0.0,-0.2
2026-06-30,196700,1020.0,5.23,0.0,0.0,-0.0
2026-07-01,196700,,5.25,-0.0,-0.1,0.1
2026-07-02,196700,,5.22,-0.2,0.0,0.2
2026-07-03,196700,,5.11,0.3,-0.0,-0.3
2026-07-06,196700,,5.29,0.1,-0.0,-0.1
2026-07-07,196700,,5.36,-0.4,0.0,0.4
2026-07-08,196700,,5.09,-0.1,-0.0,0.1
2026-07-09,196700,,5.03,-0.1,-0.0,0.1
2026-07-10,196700,,4.98,-0.2,-0.0,0.2
2026-07-13,196700,986.0,4.83,-0.1,0.0,0.1
2025-07-14,197140,,2.53,-0.5,,0.5
2025-07-15,197140,,2.36,-1.1,,1.1
2025-07-16,197140,,1.96,-0.1,,0.1
2025-07-17,197140,,1.92,-0.1,,0.1
2025-07-18,197140,,1.87,-0.0,,0.0
2025-07-21,197140,,1.87,-0.0,,0.0
2025-07-22,197140,,1.87,-0.0,,0.0
2025-07-23,197140,,1.87,-0.1,,0.0
2025-07-24,197140,,1.85,0.0,,-0.0
2025-07-25,197140,,1.86,-0.0,,0.1
2025-07-28,197140,,1.85,-0.0,,0.0
2025-07-29,197140,,1.85,-0.0,,0.0
2025-07-30,197140,,1.85,-0.0,,0.0
2025-07-31,197140,,1.84,-0.0,,0.0
2025-08-01,197140,,1.84,-0.0,,0.0
2025-08-04,197140,,1.84,0.0,,-0.0
2025-08-05,197140,,1.85,-0.0,,0.0
2025-08-06,197140,,1.85,-0.0,,0.0
2025-08-07,197140,,1.84,-0.0,,0.0
2025-08-08,197140,,1.84,-0.0,,0.0
2025-08-11,197140,,1.84,0.0,,-0.0
2025-08-12,197140,,1.84,-0.2,,0.2
2025-08-13,197140,,1.77,-0.3,,0.3
2025-08-14,197140,,1.67,-0.4,,0.4
2025-08-18,197140,,1.55,-0.1,,0.0
2025-08-19,197140,,1.53,0.0,,-0.1
2025-08-20,197140,,1.54,0.0,,0.0
2025-08-21,197140,,1.55,0.1,,-0.1
2025-08-22,197140,,1.57,0.0,,-0.0
2025-08-25,197140,,1.58,-0.0,,0.0
2025-08-26,197140,,1.58,0.0,,-0.0
2025-08-27,197140,,1.58,-0.0,,0.0
2025-08-28,197140,,1.58,-0.0,,0.0
2025-08-29,197140,2075.0,1.58,-0.0,,0.0
2025-09-01,197140,,1.57,-0.0,,0.0
2025-09-02,197140,,1.57,-0.0,,0.0
2025-09-03,197140,,1.57,-0.0,,0.0
2025-09-04,197140,,1.56,-0.0,,0.0
2025-09-05,197140,,1.56,-0.0,,0.0
2025-09-08,197140,,1.56,-0.0,,0.0
2025-09-09,197140,,1.55,-0.0,,0.0
2025-09-10,197140,,1.55,-0.0,,0.0
2025-09-11,197140,,1.55,-1.0,,1.0
2025-09-12,197140,,1.18,-1.1,,1.1
2025-09-15,197140,,0.76,-0.3,,0.3
2025-09-16,197140,,0.65,-0.2,,0.2
2025-09-17,197140,,0.57,-0.1,,0.1
2025-09-18,197140,,0.53,-0.1,,0.1
2025-09-19,197140,,0.51,0.0,,0.0
2025-09-22,197140,,0.51,-0.0,,-0.0
2025-09-23,197140,,0.51,0.0,,-0.1
2025-09-24,197140,,0.51,-0.0,,-0.0
2025-09-25,197140,,0.51,-0.0,,0.0
2025-09-26,197140,,0.51,-0.0,,-0.3
2025-09-29,197140,,0.5,-0.0,,-0.0
2025-09-30,197140,2030.0,0.5,-0.0,,0.0
2025-10-01,197140,,0.49,-0.0,,0.0
2025-10-02,197140,,0.49,-0.0,,0.0
2025-10-10,197140,,0.49,-0.0,,0.0
2025-10-13,197140,,0.49,-0.0,,0.0
2025-10-14,197140,,0.48,-0.0,,0.0
2025-10-15,197140,,0.48,0.0,,-0.0
2025-10-16,197140,,0.49,-0.0,,-0.0
2025-10-17,197140,,0.49,0.0,,-0.0
2025-10-20,197140,,0.49,0.0,,-0.0
2025-10-21,197140,,0.49,-0.0,,0.0
2025-10-22,197140,,0.49,-0.0,,0.0
2025-10-23,197140,,0.49,-0.0,,0.0
2025-10-24,197140,,0.49,0.0,,-0.0
2025-10-27,197140,,0.49,-0.0,,0.0
2025-10-28,197140,,0.48,-0.0,,0.0
2025-10-29,197140,,0.48,0.0,,-0.0
2025-10-30,197140,,0.49,-0.0,,-0.0
2025-10-31,197140,1912.0,0.48,-0.0,,-0.0
2025-11-03,197140,,0.48,-0.0,,0.0
2025-11-04,197140,,0.48,0.0,,0.0
2025-11-05,197140,,0.48,-0.0,,-0.0
2025-11-06,197140,,0.48,-0.0,,-0.0
2025-11-07,197140,,0.48,0.0,,-0.0
2025-11-10,197140,,0.48,0.4,-0.4,0.0
2025-11-11,197140,,0.63,-0.0,,0.0
2025-11-12,197140,,0.63,-0.0,,0.0
2025-11-13,197140,,0.63,0.0,,-0.0
2025-11-14,197140,,0.63,-0.0,,0.0
2025-11-17,197140,,0.63,-0.3,,0.3
2025-11-18,197140,,0.51,0.0,,-0.0
2025-11-19,197140,,0.52,-0.0,,0.0
2025-11-20,197140,,0.51,-0.0,,0.0
2025-11-21,197140,,0.51,-0.0,,0.0
2025-11-24,197140,,0.51,0.0,,-0.0
2025-11-25,197140,,0.52,-0.0,,-0.0
2025-11-26,197140,,0.51,-0.0,,-0.2
2025-11-27,197140,,0.51,0.0,,-0.2
2025-11-28,197140,2100.0,0.51,-0.0,,-0.3
2025-12-01,197140,,0.51,0.0,,-0.1
2025-12-02,197140,,0.55,-0.0,,0.0
2025-12-03,197140,,0.55,-0.0,,-0.2
2025-12-04,197140,,0.55,-0.0,,-0.1
2025-12-05,197140,,0.55,-0.0,,0.0
2025-12-08,197140,,0.55,0.0,,-0.2
2025-12-09,197140,,0.55,-0.0,,-0.1
2025-12-10,197140,,0.55,-0.0,,0.0
2025-12-11,197140,,0.54,-0.1,,-0.5
2025-12-12,197140,,0.52,-0.0,,-0.5
2025-12-15,197140,,0.51,-0.0,,0.0
2025-12-16,197140,,0.51,0.0,,-0.0
2025-12-17,197140,,0.62,0.0,,-0.1
2025-12-18,197140,,0.62,0.0,,-0.1
2025-12-19,197140,,0.62,0.2,,-1.4
2025-12-22,197140,,0.69,-0.0,,-0.3
2025-12-23,197140,,0.68,0.1,,-2.1
2025-12-24,197140,,0.73,0.0,,-1.1
2025-12-26,197140,,0.73,-0.0,,-0.2
2025-12-29,197140,,0.62,-0.0,,-0.2
2025-12-30,197140,2445.0,0.62,0.0,,-0.3
2026-01-02,197140,,0.62,0.0,,-0.2
2026-01-05,197140,,0.98,-0.0,,-0.2
2026-01-06,197140,,0.97,-0.0,,-0.1
2026-01-07,197140,,1.0,-0.0,,-0.2
2026-01-08,197140,,0.99,-0.0,,-0.2
2026-01-09,197140,,0.99,-0.0,,-0.2
2026-01-12,197140,,0.99,-0.0,,-0.1
2026-01-13,197140,,0.99,-0.0,,-0.2
2026-01-14,197140,,0.98,0.0,,-0.0
2026-01-15,197140,,0.98,-0.0,,-0.1
2026-01-16,197140,,0.97,0.0,,-0.3
2026-01-19,197140,,0.98,-0.0,,-0.0
2026-01-20,197140,,0.98,0.1,,-0.1
2026-01-21,197140,,1.03,0.0,,-0.0
2026-01-22,197140,,1.03,0.0,,-0.0
2026-01-23,197140,,1.03,-0.0,,-0.0
2026-01-26,197140,,1.03,0.0,,-0.1
2026-01-27,197140,,1.03,-0.0,,-0.1
2026-01-28,197140,,1.03,0.0,,-0.1
2026-01-29,197140,,1.03,-0.0,,-0.2
2026-01-30,197140,2210.0,1.02,-0.0,,-0.1
2026-02-02,197140,,1.02,0.0,,-0.2
2026-02-03,197140,,1.03,0.0,,-0.0
2026-02-04,197140,,1.03,0.0,,-0.0
2026-02-05,197140,,1.04,-0.0,,-0.1
2026-02-06,197140,,1.04,-0.0,,-0.1
2026-02-09,197140,,1.03,-0.0,,-0.1
2026-02-10,197140,,1.03,-0.0,,-0.1
2026-02-11,197140,,1.03,0.0,,-0.1
2026-02-12,197140,,1.04,0.0,,-0.1
2026-02-13,197140,,1.04,-0.0,,-0.1
2026-02-19,197140,,1.04,-0.0,,-0.2
2026-02-20,197140,,1.04,0.0,,-0.1
2026-02-23,197140,,1.05,0.0,,-0.0
2026-02-24,197140,,1.04,-0.0,,-0.1
2026-02-25,197140,,1.05,-0.0,,-0.1
2026-02-26,197140,,1.04,-0.0,,-0.1
2026-02-27,197140,2170.0,1.04,-0.0,,-0.1
2026-03-03,197140,,1.03,-0.0,,-0.1
2026-03-04,197140,,1.03,-0.0,,-0.1
2026-03-05,197140,,1.02,-0.0,,-0.1
2026-03-06,197140,,1.0,0.1,,-0.1
2026-03-09,197140,,1.04,0.0,,-0.0
2026-03-10,197140,,1.04,-0.0,,0.0
2026-03-11,197140,,1.03,0.0,,-0.0
2026-03-12,197140,,1.04,0.0,,-0.0
2026-03-13,197140,,1.04,0.0,-0.0,-0.1
2026-03-16,197140,,1.05,0.0,,-0.0
2026-03-17,197140,,1.05,-0.0,,-0.0
2026-03-18,197140,,1.04,0.0,,-0.0
2026-03-19,197140,,1.05,0.0,,-0.0
2026-03-20,197140,,1.05,-0.0,,-0.0
2026-03-23,197140,,1.05,-0.0,,0.0
2026-03-24,197140,,1.04,-0.0,,-0.0
2026-03-25,197140,,1.04,-0.0,,0.0
2026-03-26,197140,,1.04,0.0,,-0.0
2026-03-27,197140,,1.04,-0.0,,-0.0
2026-03-30,197140,,1.03,-0.0,,0.0
2026-03-31,197140,1888.0,1.02,-0.0,,0.0
2026-04-01,197140,,1.01,0.1,,-0.1
2026-04-02,197140,,1.05,-0.1,,0.1
2026-04-03,197140,,1.03,0.0,,-0.0
2026-04-06,197140,,1.03,-0.0,,-0.0
2026-04-07,197140,,1.03,-0.0,,0.0
2026-04-08,197140,,1.02,0.0,,-0.0
2026-04-09,197140,,1.02,-0.0,,0.0
2026-04-10,197140,,1.02,0.1,,-0.1
2026-04-13,197140,,1.04,0.0,,-0.0
2026-04-14,197140,,1.04,0.0,,-0.0
2026-04-15,197140,,1.04,0.5,,-0.5
2026-04-16,197140,,1.2,-0.2,,0.2
2026-04-17,197140,,1.14,0.2,,-0.2
2026-04-20,197140,,1.22,-0.0,,0.0
2026-04-21,197140,,1.22,-0.1,,0.1
2026-04-22,197140,,1.2,0.0,,-0.0
2026-04-23,197140,,1.2,0.1,,-0.1
2026-04-24,197140,,1.23,-0.0,,0.0
2026-04-27,197140,,1.23,-0.1,,0.1
2026-04-28,197140,,1.21,-0.0,,0.0
2026-04-29,197140,,1.19,-0.0,,0.0
2026-04-30,197140,2035.0,1.19,-0.0,,0.0
2026-05-04,197140,,1.18,0.0,,-0.0
2026-05-06,197140,,1.18,-0.0,,-0.0
2026-05-07,197140,,1.18,0.0,,-0.0
2026-05-08,197140,,1.19,-0.0,,0.0
2026-05-11,197140,,1.19,-0.0,0.0,0.0
2026-05-12,197140,,1.19,-0.1,0.0,0.1
2026-05-13,197140,,1.16,-0.0,,0.0
2026-05-14,197140,,1.15,-0.0,0.0,0.0
2026-05-15,197140,,1.15,-0.1,0.0,0.1
2026-05-18,197140,,1.11,-0.0,0.0,0.0
2026-05-19,197140,,1.11,-0.0,0.0,0.0
2026-05-20,197140,,1.09,0.2,0.0,-0.2
2026-05-21,197140,,1.15,-0.0,0.0,-0.0
2026-05-22,197140,,1.14,-0.0,0.0,0.0
2026-05-26,197140,,1.14,-0.0,0.0,0.0
2026-05-27,197140,,1.13,0.1,-0.0,-0.1
2026-05-28,197140,,1.16,-0.0,0.1,-0.0
2026-05-29,197140,1775.0,1.16,-0.0,0.0,0.0
2026-06-01,197140,,1.15,-0.0,0.0,-0.0
2026-06-02,197140,,1.14,-0.1,0.0,0.1
2026-06-04,197140,,1.09,-0.0,0.0,-0.0
2026-06-05,197140,,1.09,-0.0,-0.0,-0.0
2026-06-08,197140,,1.08,-0.0,-0.0,0.0
2026-06-09,197140,,1.08,-0.0,0.0,0.0
2026-06-10,197140,,1.06,-0.0,-0.0,0.0
2026-06-11,197140,,1.04,0.1,0.2,-0.3
2026-06-12,197140,,1.04,-0.1,0.2,-0.1
2026-06-15,197140,,1.02,0.1,0.3,-0.5
2026-06-16,197140,,1.06,0.1,0.2,-0.3
2026-06-17,197140,,1.1,0.0,0.3,-0.3
2026-06-18,197140,,1.1,0.0,0.3,-0.3
2026-06-19,197140,,1.11,-0.1,0.3,-0.2
2026-06-22,197140,,1.09,0.0,0.2,-0.2
2026-06-23,197140,,1.09,0.1,0.2,-0.3
2026-06-24,197140,,1.12,-0.1,0.2,-0.1
2026-06-25,197140,,1.09,-0.1,0.2,-0.1
2026-06-26,197140,,1.05,-0.0,0.2,-0.2
2026-06-29,197140,,1.05,-0.0,0.3,-0.3
2026-06-30,197140,2100.0,1.05,-0.0,0.3,-0.3
2026-07-01,197140,,1.04,0.2,0.3,-0.5
2026-07-02,197140,,1.1,0.1,0.3,-0.4
2026-07-03,197140,,1.14,-0.1,0.3,-0.2
2026-07-06,197140,,1.12,0.0,0.3,-0.3
2026-07-07,197140,,1.14,-0.1,0.3,-0.3
2026-07-08,197140,,1.11,-0.0,0.2,-0.2
2026-07-09,197140,,1.11,-0.0,0.2,-0.2
2026-07-10,197140,,1.11,-0.0,0.2,-0.2
2026-07-13,197140,2135.0,1.11,-0.0,0.2,-0.2
2025-07-14,198080,,3.06,0.2,,-0.2
2025-07-15,198080,,3.09,0.2,0.0,-0.2
2025-07-16,198080,,3.12,-0.1,,0.2
2025-07-17,198080,,3.1,0.0,0.3,-0.2
2025-07-18,198080,,3.1,-0.1,,-0.0
2025-07-21,198080,,3.09,0.2,0.2,-0.4
2025-07-22,198080,,3.12,-0.1,,0.1
2025-07-23,198080,,3.1,0.2,0.2,-0.3
2025-07-24,198080,,3.14,0.0,,-0.1
2025-07-25,198080,,3.14,-0.4,,0.4
2025-07-28,198080,,3.07,-0.3,0.3,-0.0
2025-07-29,198080,,3.02,0.1,0.0,-0.1
2025-07-30,198080,,3.04,0.6,0.3,-0.9
2025-07-31,198080,,3.15,0.0,0.2,-0.0
2025-08-01,198080,,3.18,-0.7,-0.1,0.8
2025-08-04,198080,,3.09,0.4,,-0.4
2025-08-05,198080,,3.17,0.1,,-0.2
2025-08-06,198080,,3.2,0.1,,-0.1
2025-08-07,198080,,3.24,0.1,,-0.2
2025-08-08,198080,,3.28,-0.1,-0.4,0.4
2025-08-11,198080,,3.27,0.4,0.4,-0.8
2025-08-12,198080,,3.34,0.0,-0.4,0.3
2025-08-13,198080,,3.34,-0.3,0.1,-1.1
2025-08-14,198080,,3.29,0.2,0.5,-0.7
2025-08-18,198080,,3.32,-0.4,0.6,-0.4
2025-08-19,198080,,3.25,0.1,0.1,-0.3
2025-08-20,198080,,3.28,-0.5,0.2,-0.2
2025-08-21,198080,,3.18,0.3,0.0,-0.4
2025-08-22,198080,,3.25,-0.1,0.0,0.1
2025-08-25,198080,,3.24,0.1,0.0,-0.2
2025-08-26,198080,,3.27,-0.2,0.0,0.1
2025-08-27,198080,,3.23,-0.3,0.0,-0.2
2025-08-28,198080,,3.17,-0.1,0.0,0.1
2025-08-29,198080,2320.0,3.14,-0.2,,0.2
2025-09-01,198080,,3.1,-0.4,,0.3
2025-09-02,198080,,3.03,0.2,,-0.3
2025-09-03,198080,,3.07,0.0,,-0.0
2025-09-04,198080,,3.07,0.1,,-0.1
2025-09-05,198080,,3.09,-0.1,,-0.3
2025-09-08,198080,,3.08,0.1,,-0.1
2025-09-09,198080,,3.1,-0.0,0.6,-0.6
2025-09-10,198080,,3.09,-0.1,,-0.1
2025-09-11,198080,,3.07,-0.1,,0.1
2025-09-12,198080,,3.06,-0.1,,0.1
2025-09-15,198080,,3.04,-0.1,,0.1
2025-09-16,198080,,3.02,0.0,,-0.0
2025-09-17,198080,,3.02,-0.1,,0.1
2025-09-18,198080,,3.0,0.2,-0.1,-0.1
2025-09-19,198080,,3.05,-0.0,,0.0
2025-09-22,198080,,3.04,-0.1,,0.1
2025-09-23,198080,,3.03,-0.5,-0.1,0.6
2025-09-24,198080,,2.93,-0.2,-0.1,0.3
2025-09-25,198080,,2.89,-0.0,-0.1,0.1
2025-09-26,198080,,2.88,0.2,0.4,-0.1
2025-09-29,198080,,2.93,0.2,-0.0,-0.1
2025-09-30,198080,2200.0,2.98,-0.3,0.4,-0.1
2025-10-01,198080,,2.92,-0.1,,0.1
2025-10-02,198080,,2.9,0.1,,-0.1
2025-10-10,198080,,2.93,-0.0,,0.0
2025-10-13,198080,,2.92,0.1,-0.1,0.1
2025-10-14,198080,,2.93,0.2,-0.6,-0.2
2025-10-15,198080,,2.97,0.3,-0.1,-0.2
2025-10-16,198080,,3.04,0.2,-0.4,0.2
2025-10-17,198080,,3.09,-0.2,,0.2
2025-10-20,198080,,3.05,0.2,-0.4,0.2
2025-10-21,198080,,3.1,-0.1,-0.1,0.2
2025-10-22,198080,,3.08,-0.2,,0.2
2025-10-23,198080,,3.04,-0.1,,0.1
2025-10-24,198080,,3.02,-0.2,,0.2
2025-10-27,198080,,2.98,-0.4,-0.0,0.4
2025-10-28,198080,,2.89,-0.3,,0.3
2025-10-29,198080,,2.83,-0.0,-0.0,0.1
2025-10-30,198080,,2.83,-0.3,-0.0,0.3
2025-10-31,198080,2030.0,2.76,-0.2,-0.8,1.0
2025-11-03,198080,,2.72,-1.5,,1.4
2025-11-04,198080,,2.41,-0.6,,0.7
2025-11-05,198080,,2.28,1.9,,-1.9
2025-11-06,198080,,2.66,-0.7,,0.8
2025-11-07,198080,,2.53,0.1,,0.0
2025-11-10,198080,,2.55,0.1,-0.7,0.5
2025-11-11,198080,,2.58,-0.3,,0.2
2025-11-12,198080,,2.52,0.2,,-0.2
2025-11-13,198080,,2.56,-0.9,,0.9
2025-11-14,198080,,2.38,-0.1,,0.1
2025-11-17,198080,,2.36,0.6,,-0.6
2025-11-18,198080,,2.5,0.1,,-0.1
2025-11-19,198080,,2.52,0.2,,-0.2
2025-11-20,198080,,2.55,-0.4,,0.2
2025-11-21,198080,,2.47,-0.2,,0.2
2025-11-24,198080,,2.42,-0.1,,0.1
2025-11-25,198080,,2.39,0.0,,-0.0
2025-11-26,198080,,2.39,0.4,,-0.2
2025-11-27,198080,,2.47,-0.1,,0.1
2025-11-28,198080,2220.0,2.46,0.0,,-0.0
2025-12-01,198080,,2.46,0.0,,-0.0
2025-12-02,198080,,2.47,0.1,,-0.1
2025-12-03,198080,,2.49,0.2,,-0.2
2025-12-04,198080,,2.53,0.2,,-0.2
2025-12-05,198080,,2.56,-0.0,,0.0
2025-12-08,198080,,2.56,-0.1,,0.2
2025-12-09,198080,,2.53,0.0,-0.9,0.8
2025-12-10,198080,,2.54,0.1,,-0.1
2025-12-11,198080,,2.56,0.5,,-0.5
2025-12-12,198080,,2.66,0.1,-0.2,0.1
2025-12-15,198080,,2.68,0.0,-0.3,0.2
2025-12-16,198080,,2.69,-0.1,-0.3,0.4
2025-12-17,198080,,2.73,0.4,-0.5,0.2
2025-12-18,198080,,2.81,-0.0,,0.0
2025-12-19,198080,,2.8,0.0,,-0.0
2025-12-22,198080,,2.81,0.1,,-0.1
2025-12-23,198080,,2.83,-0.1,,0.1
2025-12-24,198080,,2.8,-0.1,,-0.0
2025-12-26,198080,,2.8,-0.1,,0.1
2025-12-29,198080,,2.78,-0.4,,0.4
2025-12-30,198080,2170.0,2.69,-0.8,0.7,0.1
2026-01-02,198080,,2.53,0.0,0.0,-0.0
2026-01-05,198080,,2.53,-0.1,-0.0,0.1
2026-01-06,198080,,2.52,0.0,0.3,-0.3
2026-01-07,198080,,2.54,-0.3,-0.1,0.4
2026-01-08,198080,,2.48,-0.2,-0.1,0.3
2026-01-09,198080,,2.44,-0.1,0.0,0.1
2026-01-12,198080,,2.41,-0.1,-0.0,0.1
2026-01-13,198080,,2.42,-0.0,0.1,-0.0
2026-01-14,198080,,2.42,0.1,0.5,-0.6
2026-01-15,198080,,2.44,-0.1,-0.3,0.4
2026-01-16,198080,,2.42,0.4,0.0,-0.3
2026-01-19,198080,,2.49,-0.5,-0.1,0.6
2026-01-20,198080,,2.4,-0.1,0.0,0.0
2026-01-21,198080,,2.38,-0.2,-0.1,0.3
2026-01-22,198080,,2.35,-0.3,0.0,0.3
2026-01-23,198080,,2.3,0.0,0.1,-0.1
2026-01-26,198080,,2.32,-0.2,-0.1,0.3
2026-01-27,198080,,2.28,-0.6,-0.0,0.7
2026-01-28,198080,,2.16,0.0,0.1,-0.1
2026-01-29,198080,,2.18,0.6,0.2,-0.8
2026-01-30,198080,2420.0,2.3,-0.5,-0.0,0.6
2026-02-02,198080,,2.2,0.1,0.4,-0.5
2026-02-03,198080,,2.23,-0.5,-0.1,0.6
2026-02-04,198080,,2.15,1.1,0.0,-1.1
2026-02-05,198080,,2.35,0.0,-0.1,0.1
2026-02-06,198080,,2.36,0.3,-0.4,0.1
2026-02-09,198080,,2.42,-0.3,-0.1,0.3
2026-02-10,198080,,2.36,0.7,0.2,-1.0
2026-02-11,198080,,2.49,0.4,0.2,-0.6
2026-02-12,198080,,2.57,1.3,0.3,-1.6
2026-02-13,198080,,2.82,-0.7,-0.6,1.2
2026-02-19,198080,,2.69,1.5,0.2,-1.6
2026-02-20,198080,,2.97,-0.3,-0.1,0.4
2026-02-23,198080,,2.92,1.1,0.1,-1.3
2026-02-24,198080,,3.07,-0.5,-0.2,0.8
2026-02-25,198080,,2.97,-0.1,-0.0,0.1
2026-02-26,198080,,2.96,-0.5,-0.0,0.5
2026-02-27,198080,2435.0,2.86,-0.4,0.0,0.4
2026-03-03,198080,,2.78,-0.4,0.0,0.3
2026-03-04,198080,,2.71,0.5,0.0,-0.6
2026-03-05,198080,,2.83,-0.5,0.1,0.2
2026-03-06,198080,,2.73,0.2,0.0,-0.3
2026-03-09,198080,,2.78,0.1,3.2,-3.4
2026-03-10,198080,,2.81,0.5,-0.5,0.0
2026-03-11,198080,,2.9,0.4,-0.3,-0.1
2026-03-12,198080,,2.98,0.4,-0.6,0.2
2026-03-13,198080,,3.07,0.4,0.0,-0.4
2026-03-16,198080,,3.15,0.1,-0.1,-0.0
2026-03-17,198080,,3.17,-0.3,-0.1,0.4
2026-03-18,198080,,3.11,0.5,-0.2,-0.2
2026-03-19,198080,,3.2,0.2,-0.1,-0.1
2026-03-20,198080,,3.24,0.4,-0.1,-0.3
2026-03-23,198080,,3.31,0.3,-0.1,-0.2
2026-03-24,198080,,3.36,0.4,-0.1,-0.3
2026-03-25,198080,,3.44,-3.2,0.7,2.8
2026-03-26,198080,,2.95,3.1,-1.1,-1.9
2026-03-27,198080,,3.61,0.4,-0.2,-0.1
2026-03-30,198080,,3.67,0.2,-0.3,-0.2
2026-03-31,198080,2590.0,3.72,-0.2,-0.3,0.5
2026-04-01,198080,,3.69,2.1,-0.0,-2.5
2026-04-02,198080,,4.07,-0.9,-0.0,0.9
2026-04-03,198080,,3.91,1.2,-0.1,-1.1
2026-04-06,198080,,4.13,-1.6,-0.5,2.1
2026-04-07,198080,,3.85,-1.0,-0.0,1.1
2026-04-08,198080,,3.66,0.4,0.1,-0.5
2026-04-09,198080,,3.73,0.6,-0.0,-0.6
2026-04-10,198080,,3.84,0.6,0.2,-0.8
2026-04-13,198080,,3.93,0.2,-0.4,0.6
2026-04-14,198080,,3.97,0.0,-0.2,0.2
2026-04-15,198080,,3.97,-0.5,-0.1,0.6
2026-04-16,198080,,3.89,0.5,0.2,-0.5
2026-04-17,198080,,3.96,-0.2,-0.1,0.3
2026-04-20,198080,,3.93,-0.2,-0.2,0.2
2026-04-21,198080,,3.89,-0.5,-0.1,0.3
2026-04-22,198080,,3.81,-1.3,0.7,0.4
2026-04-23,198080,,3.62,0.0,0.1,0.3
2026-04-24,198080,,3.62,-0.3,-0.5,0.8
2026-04-27,198080,,3.58,-0.4,-0.2,0.5
2026-04-28,198080,,3.53,-0.6,0.9,-0.3
2026-04-29,198080,,3.44,-0.2,0.2,-0.0
2026-04-30,198080,3060.0,3.41,0.4,-0.1,-0.3
2026-05-04,198080,,3.48,0.4,0.3,-0.6
2026-05-06,198080,,3.53,-0.4,0.1,0.2
2026-05-07,198080,,3.47,0.2,-0.1,-0.1
2026-05-08,198080,,3.5,0.3,0.1,-0.3
2026-05-11,198080,,3.55,0.8,0.3,-1.2
2026-05-12,198080,,3.68,-0.2,-0.0,0.3
2026-05-13,198080,,3.65,-0.1,-0.3,0.4
2026-05-14,198080,,3.63,-0.8,-0.4,1.2
2026-05-15,198080,,3.5,-0.2,-0.5,0.7
2026-05-18,198080,,3.47,0.7,-0.0,-0.7
2026-05-19,198080,,3.59,1.2,0.1,-1.4
2026-05-20,198080,,3.76,0.6,-0.2,-0.4
2026-05-21,198080,,3.85,0.7,0.0,-0.9
2026-05-22,198080,,3.96,1.2,0.7,-1.6
2026-05-26,198080,,4.14,0.1,-0.5,0.3
2026-05-27,198080,,4.15,-0.2,-0.3,0.4
2026-05-28,198080,,3.99,2.0,0.3,-2.6
2026-05-29,198080,3140.0,4.29,1.1,-0.3,-0.8
2026-06-01,198080,,4.45,1.1,-0.3,0.2
2026-06-02,198080,,4.61,-0.0,-0.0,0.1
2026-06-04,198080,,4.57,-0.7,0.0,0.3
2026-06-05,198080,,4.47,-0.2,-0.0,0.3
2026-06-08,198080,,4.45,-0.6,0.0,0.4
2026-06-09,198080,,4.34,0.1,-0.0,-0.1
2026-06-10,198080,,4.33,-0.4,-0.0,0.4
2026-06-11,198080,,4.27,-0.1,0.0,0.1
2026-06-12,198080,,4.25,-0.3,-0.0,0.3
2026-06-15,198080,,4.19,-2.2,0.1,2.1
2026-06-16,198080,,3.8,-0.3,0.1,0.3
2026-06-17,198080,,3.78,-0.0,0.0,0.0
2026-06-18,198080,,3.77,-0.2,0.0,0.2
2026-06-19,198080,,3.75,-0.2,0.0,0.2
2026-06-22,198080,,3.71,-0.1,-0.2,0.3
2026-06-23,198080,,3.69,-0.2,0.0,0.2
2026-06-24,198080,,3.65,1.0,0.1,-1.1
2026-06-25,198080,,3.86,0.0,-0.0,0.0
2026-06-26,198080,,3.87,0.3,0.1,-0.4
2026-06-29,198080,,3.92,-0.2,-0.1,0.4
2026-06-30,198080,2225.0,3.88,-0.2,0.0,0.2
2026-07-01,198080,,3.84,-0.3,0.4,-0.1
2026-07-02,198080,,3.77,-0.6,-0.1,0.7
2026-07-03,198080,,3.63,0.5,-0.1,-0.4
2026-07-06,198080,,3.75,0.2,0.0,-0.2
2026-07-07,198080,,3.79,-0.1,-0.0,0.1
2026-07-08,198080,,3.77,0.0,0.0,-0.0
2026-07-09,198080,,3.78,-0.5,0.2,0.3
2026-07-10,198080,,3.66,0.9,-0.2,-0.7
2026-07-13,198080,2145.0,3.86,0.1,0.0,-0.1
2025-07-14,198440,,0.81,-0.0,0.0,-0.0
2025-07-15,198440,,0.8,0.1,0.0,-0.1
2025-07-16,198440,,0.81,-0.3,0.0,0.3
2025-07-17,198440,,0.78,0.1,-0.0,0.2
2025-07-18,198440,,0.82,-0.5,,0.4
2025-07-21,198440,,0.8,0.4,,-0.6
2025-07-22,198440,,0.85,0.3,,-0.2
2025-07-23,198440,,0.89,-0.4,,0.5
2025-07-24,198440,,0.84,-0.3,,0.3
2025-07-25,198440,,0.8,0.3,,-0.3
2025-07-28,198440,,0.84,-0.5,,0.5
2025-07-29,198440,,0.77,0.8,,-0.9
2025-07-30,198440,,0.84,0.5,,-0.4
2025-07-31,198440,,0.9,-0.0,,0.0
2025-08-01,198440,,0.89,0.2,,0.0
2025-08-04,198440,,0.92,0.4,,-0.3
2025-08-05,198440,,0.96,0.5,,-0.5
2025-08-06,198440,,1.02,-0.2,,0.2
2025-08-07,198440,,1.0,0.1,,-0.1
2025-08-08,198440,,1.02,-0.1,,0.0
2025-08-11,198440,,1.01,0.0,,-0.0
2025-08-12,198440,,1.01,0.2,,-0.2
2025-08-13,198440,,1.04,-0.2,,0.2
2025-08-14,198440,,1.02,-0.2,,0.2
2025-08-18,198440,,1.0,-0.1,,0.1
2025-08-19,198440,,0.98,0.0,,-0.1
2025-08-20,198440,,0.99,-0.2,,0.2
2025-08-21,198440,,0.96,-0.0,,0.0
2025-08-22,198440,,0.95,0.2,-0.1,-0.1
2025-08-25,198440,,0.98,-0.1,,0.1
2025-08-26,198440,,0.97,0.0,,-0.0
2025-08-27,198440,,0.97,-0.0,,0.0
2025-08-28,198440,,0.97,0.1,,-0.1
2025-08-29,198440,1280.0,0.98,-0.1,,0.1
2025-09-01,198440,,0.97,-0.4,,0.3
2025-09-02,198440,,0.93,-0.0,,0.0
2025-09-03,198440,,0.92,-0.0,,0.0
2025-09-04,198440,,0.92,-0.1,,0.1
2025-09-05,198440,,0.91,-0.1,,0.1
2025-09-08,198440,,0.9,0.1,,-0.1
2025-09-09,198440,,0.91,-0.1,,0.1
2025-09-10,198440,,0.9,-0.1,,0.1
2025-09-11,198440,,0.89,-0.1,,0.1
2025-09-12,198440,,0.87,-0.1,,0.1
2025-09-15,198440,,0.86,-0.7,,0.6
2025-09-16,198440,,0.78,0.2,,-0.2
2025-09-17,198440,,0.81,-0.1,,0.1
2025-09-18,198440,,0.8,0.2,,-0.2
2025-09-19,198440,,0.82,-0.0,,0.0
2025-09-22,198440,,0.82,-0.0,,0.0
2025-09-23,198440,,0.82,-0.1,,0.1
2025-09-24,198440,,0.81,-0.2,,0.2
2025-09-25,198440,,0.78,0.1,,-0.1
2025-09-26,198440,,0.79,-0.1,,0.1
2025-09-29,198440,,0.77,0.0,-0.0,-0.0
2025-09-30,198440,1210.0,0.77,-0.0,,0.0
2025-10-01,198440,,0.77,0.2,,-0.1
2025-10-02,198440,,0.79,0.2,,-0.2
2025-10-10,198440,,0.81,-0.1,,0.1
2025-10-13,198440,,0.79,-0.0,,0.0
2025-10-14,198440,,0.79,-0.1,,0.1
2025-10-15,198440,,0.78,0.3,,-0.3
2025-10-16,198440,,0.82,-0.0,,0.0
2025-10-17,198440,,0.82,0.0,,-0.0
2025-10-20,198440,,0.82,0.0,,-0.0
2025-10-21,198440,,0.83,0.0,,-0.0
2025-10-22,198440,,0.83,0.1,,-0.1
2025-10-23,198440,,0.84,-0.0,,0.0
2025-10-24,198440,,0.84,0.0,,-0.0
2025-10-27,198440,,0.84,-0.0,,0.0
2025-10-28,198440,,0.84,-0.0,,0.0
2025-10-29,198440,,0.84,-0.3,,0.3
2025-10-30,198440,,0.8,-0.0,,0.0
2025-10-31,198440,1108.0,0.79,0.0,,0.0
2025-11-03,198440,,0.79,-0.1,,0.1
2025-11-04,198440,,0.78,0.0,,-0.0
2025-11-05,198440,,0.79,-0.1,,0.1
2025-11-06,198440,,0.77,0.2,,-0.1
2025-11-07,198440,,0.8,1.0,-1.1,0.1
2025-11-10,198440,,0.96,0.0,,-0.0
2025-11-11,198440,,0.94,-0.0,,0.1
2025-11-12,198440,,0.94,0.0,,-0.0
2025-11-13,198440,,0.94,-0.0,,0.0
2025-11-14,198440,,0.94,-0.0,,-0.0
2025-11-17,198440,,0.94,-0.0,,-0.0
2025-11-18,198440,,0.94,-0.0,,0.0
2025-11-19,198440,,0.93,0.0,,-0.0
2025-11-20,198440,,0.93,0.0,,-0.0
2025-11-21,198440,,0.94,-0.0,,0.0
2025-11-24,198440,,0.93,0.0,,-0.0
2025-11-25,198440,,0.93,-0.0,,0.0
2025-11-26,198440,,0.93,-0.0,,0.0
2025-11-27,198440,,0.94,-0.0,,0.0
2025-11-28,198440,1033.0,0.93,-0.0,,0.0
2025-12-01,198440,,0.93,-0.0,,-0.0
2025-12-02,198440,,0.94,-0.0,,0.0
2025-12-03,198440,,0.94,0.0,,-0.0
2025-12-04,198440,,0.94,-0.0,,0.0
2025-12-05,198440,,0.94,-0.6,,0.3
2025-12-08,198440,,0.84,0.0,,-0.4
2025-12-09,198440,,0.85,-0.0,,-0.1
2025-12-10,198440,,0.85,-0.0,,-0.0
2025-12-11,198440,,0.84,0.2,,-0.2
2025-12-12,198440,,0.88,-0.2,,-0.3
2025-12-15,198440,,0.85,-0.0,,-0.2
2025-12-16,198440,,0.85,-0.0,,0.0
2025-12-17,198440,,1.15,0.0,,-0.0
2025-12-18,198440,,1.15,-0.1,,0.1
2025-12-19,198440,,1.13,0.0,,-0.0
2025-12-22,198440,,1.13,0.0,,-0.0
2025-12-23,198440,,1.14,-0.0,,0.0
2025-12-24,198440,,1.13,0.1,,-0.1
2025-12-26,198440,,1.14,-0.1,,0.1
2025-12-29,198440,,1.12,0.0,,-0.0
2025-12-30,198440,1088.0,1.12,-0.0,,0.0
2026-01-02,198440,,1.12,0.0,,-0.0
2026-01-05,198440,,1.12,-0.1,,0.1
2026-01-06,198440,,1.11,-0.0,,0.0
2026-01-07,198440,,1.11,-0.0,,0.0
2026-01-08,198440,,1.1,0.1,-0.1,-0.1
2026-01-09,198440,,1.11,0.0,,-0.0
2026-01-12,198440,,1.12,-0.1,,-0.0
2026-01-13,198440,,1.11,-0.0,,-0.1
2026-01-14,198440,,1.11,-0.0,,0.0
2026-01-15,198440,,1.1,-0.0,,-0.0
2026-01-16,198440,,1.1,-0.0,,0.0
2026-01-19,198440,,1.1,-0.0,,-0.1
2026-01-20,198440,,1.1,-0.0,,0.0
2026-01-21,198440,,1.09,-0.0,,-0.1
2026-01-22,198440,,1.08,-0.0,,-0.0
2026-01-23,198440,,1.08,0.1,,-0.1
2026-01-26,198440,,1.09,0.1,,-0.1
2026-01-27,198440,,1.1,-0.0,,-0.1
2026-01-28,198440,,1.1,-0.1,,-0.2
2026-01-29,198440,,1.08,-0.1,,0.1
2026-01-30,198440,1040.0,1.07,-0.1,,0.3
2026-02-02,198440,,1.06,-0.1,,-0.1
2026-02-03,198440,,1.04,-0.0,,0.0
2026-02-04,198440,,1.03,-0.1,,0.1
2026-02-05,198440,,1.02,0.0,,-0.0
2026-02-06,198440,,1.02,-0.1,,0.0
2026-02-09,198440,,1.01,0.0,,-0.0
2026-02-10,198440,,1.01,-0.0,,-0.1
2026-02-11,198440,,1.01,-0.1,,0.0
2026-02-12,198440,,0.99,0.0,,-0.0
2026-02-13,198440,,1.0,-0.0,,0.0
2026-02-19,198440,,1.0,-0.0,,0.0
2026-02-20,198440,,1.0,-0.0,,0.0
2026-02-23,198440,,1.05,0.0,,-0.0
2026-02-24,198440,,1.07,-0.0,,0.0
2026-02-25,198440,,1.07,-0.0,,0.0
2026-02-26,198440,,1.06,-0.1,,0.1
2026-02-27,198440,1092.0,0.74,-0.1,,0.2
2026-03-03,198440,,0.72,-0.0,,0.0
2026-03-04,198440,,0.72,-0.0,,-0.0
2026-03-05,198440,,0.72,0.1,,-0.0
2026-03-06,198440,,0.73,0.0,,-0.0
2026-03-09,198440,,0.73,0.1,-0.0,-0.1
2026-03-10,198440,,0.74,-0.0,,-0.0
2026-03-11,198440,,0.74,-0.0,,0.0
2026-03-12,198440,,0.74,0.0,,-0.0
2026-03-13,198440,,0.74,0.8,-0.8,0.0
2026-03-16,198440,,0.87,0.0,,-0.1
2026-03-17,198440,,0.87,0.0,,-0.0
2026-03-18,198440,,0.87,0.0,,-0.0
2026-03-19,198440,,0.88,0.0,,-0.0
2026-03-20,198440,,0.88,0.1,,-0.1
2026-03-23,198440,,0.89,0.0,,-0.0
2026-03-24,198440,,0.89,0.0,,-0.0
2026-03-25,198440,,0.9,0.0,,-0.0
2026-03-26,198440,,0.9,0.0,,-0.0
2026-03-27,198440,,0.9,0.1,,-0.1
2026-03-30,198440,,0.91,0.3,,-0.3
2026-03-31,198440,1123.0,0.96,0.2,,-0.1
2026-04-01,198440,,1.08,0.0,,-0.0
2026-04-02,198440,,1.09,0.2,,-0.2
2026-04-03,198440,,1.11,0.0,,-0.0
2026-04-06,198440,,1.12,-0.0,,0.0
2026-04-07,198440,,1.12,0.0,,-0.0
2026-04-08,198440,,1.12,0.4,,-0.4
2026-04-09,198440,,1.17,0.0,,-0.0
2026-04-10,198440,,1.17,-0.0,,0.0
2026-04-13,198440,,1.17,-0.1,,0.1
2026-04-14,198440,,1.16,0.1,,-0.1
2026-04-15,198440,,1.17,0.1,,-0.1
2026-04-16,198440,,1.18,-0.2,,0.2
2026-04-17,198440,,1.16,-0.1,,0.0
2026-04-20,198440,,1.15,0.0,,0.0
2026-04-21,198440,,1.15,0.1,,-0.1
2026-04-22,198440,,1.16,-0.2,,0.2
2026-04-23,198440,,1.07,0.0,,0.0
2026-04-24,198440,,1.07,0.0,,-0.1
2026-04-27,198440,,1.08,-0.2,,0.2
2026-04-28,198440,,1.06,0.0,,0.0
2026-04-29,198440,,1.04,0.0,0.0,0.0
2026-04-30,198440,1195.0,1.05,0.1,-0.0,-0.1
2026-05-04,198440,,1.06,-0.3,0.0,0.3
2026-05-06,198440,,1.02,-0.2,0.0,0.2
2026-05-07,198440,,1.0,-0.1,0.0,0.1
2026-05-08,198440,,0.99,-0.1,-0.0,0.1
2026-05-11,198440,,0.97,-0.2,0.0,0.1
2026-05-12,198440,,0.94,-0.3,0.0,0.2
2026-05-13,198440,,0.9,0.0,0.0,-0.1
2026-05-14,198440,,0.91,-0.0,-0.0,0.0
2026-05-15,198440,,0.9,-0.0,0.0,-0.0
2026-05-18,198440,,0.9,0.1,0.0,-0.1
2026-05-19,198440,,0.91,0.0,0.0,-0.2
2026-05-20,198440,,0.92,0.0,-0.0,-0.2
2026-05-21,198440,,0.92,-0.2,-0.0,0.2
2026-05-22,198440,,0.89,0.1,-0.0,-0.1
2026-05-26,198440,,0.9,-0.0,0.0,-0.1
2026-05-27,198440,,0.9,-0.1,0.0,0.1
2026-05-28,198440,,0.89,0.0,-0.0,-0.1
2026-05-29,198440,1018.0,0.88,0.1,-0.0,-0.8
2026-06-01,198440,,0.89,-0.1,-0.0,-0.1
2026-06-02,198440,,0.87,-0.3,-0.0,-0.8
2026-06-04,198440,,0.82,-0.0,0.0,-0.1
2026-06-05,198440,,0.82,-0.1,-0.0,-0.4
2026-06-08,198440,,0.8,0.1,0.0,-0.1
2026-06-09,198440,,0.81,0.0,-0.0,0.0
2026-06-10,198440,,0.81,0.1,0.0,-0.1
2026-06-11,198440,,0.82,0.1,0.0,-0.1
2026-06-12,198440,,0.84,-0.0,-0.0,0.0
2026-06-15,198440,,0.84,-0.0,0.0,-0.1
2026-06-16,198440,,0.84,0.0,-0.0,-0.1
2026-06-17,198440,,0.85,-1.4,0.1,1.5
2026-06-18,198440,,0.66,2.8,-0.1,1.0
2026-06-19,198440,,0.95,-1.9,-0.0,7.3
2026-06-22,198440,,0.97,-1.1,-0.0,0.8
2026-06-23,198440,,0.93,2.5,-0.0,-3.2
2026-06-24,198440,,1.14,-4.6,,1.9
2026-06-25,198440,,0.78,10.1,0.2,-10.2
2026-06-26,198440,,1.79,-5.5,0.3,5.1
2026-06-29,198440,,1.34,6.5,-0.0,-5.6
2026-06-30,198440,1575.0,1.92,-5.1,0.4,3.6
2026-07-01,198440,,1.4,3.3,-0.3,-1.6
2026-07-02,198440,,1.76,-1.6,-0.0,1.4
2026-07-03,198440,,1.59,-2.9,-0.0,2.8
2026-07-06,198440,,1.32,-4.1,,4.7
2026-07-07,198440,,0.91,-2.9,0.0,3.4
2026-07-08,198440,,0.73,-2.3,-0.0,2.4
2026-07-09,198440,,0.53,-2.4,-0.0,2.3
2026-07-10,198440,,0.38,14.9,0.6,-4.8
2026-07-13,198440,1625.0,1.69,-8.3,0.0,8.3
2025-07-14,198940,,9.84,-0.0,,0.0
2025-07-15,198940,,9.82,-0.0,,0.0
2025-07-16,198940,,9.82,0.0,,-0.0
2025-07-17,198940,,9.82,0.0,,-0.0
2025-07-18,198940,,9.82,0.0,,-0.0
2025-07-21,198940,,9.82,0.0,,-0.0
2025-07-22,198940,,9.83,0.0,,-0.0
2025-07-23,198940,,9.84,-0.1,,0.1
2025-07-24,198940,,9.82,-0.0,,0.0
2025-07-25,198940,,9.82,-0.1,,0.1
2025-07-28,198940,,9.79,-0.0,,0.0
2025-07-29,198940,,9.79,0.0,,-0.0
2025-07-30,198940,,9.79,-0.0,,-0.0
2025-07-31,198940,,9.79,0.0,,-0.0
2025-08-01,198940,,9.79,-0.0,,-0.0
2025-08-04,198940,,9.79,0.0,,-0.0
2025-08-05,198940,,9.79,0.0,,-0.0
2025-08-06,198940,,9.79,-0.0,,-0.0
2025-08-07,198940,,9.79,0.0,,-0.0
2025-08-08,198940,,9.79,-0.0,,0.0
2025-08-11,198940,,9.79,0.0,,-0.0
2025-08-12,198940,,9.79,0.0,,-0.0
2025-08-13,198940,,9.79,0.1,,-0.1
2025-08-14,198940,,9.82,-0.0,,0.0
2025-08-18,198940,,9.81,-0.0,0.0,0.0
2025-08-19,198940,,9.81,-0.0,0.0,-0.0
2025-08-20,198940,,9.81,-0.0,,0.0
2025-08-21,198940,,9.8,-0.0,,0.0
2025-08-22,198940,,9.8,0.0,,-0.0
2025-08-25,198940,,9.8,-0.0,,0.0
2025-08-26,198940,,9.81,0.0,,-0.0
2025-08-27,198940,,9.81,-0.0,,0.0
2025-08-28,198940,,9.81,-0.0,,0.0
2025-08-29,198940,766.0,9.81,0.0,,-0.0
2025-09-01,198940,,9.83,-0.0,,0.0
2025-09-02,198940,,9.82,0.0,,-0.0
2025-09-03,198940,,9.83,0.0,,-0.0
2025-09-04,198940,,9.83,-0.0,,0.0
2025-09-05,198940,,9.82,-0.1,,0.1
2025-09-08,198940,,9.79,-0.0,,-0.0
2025-09-09,198940,,9.79,0.2,,-0.2
2025-09-10,198940,,9.86,-0.0,,-0.0
2025-09-11,198940,,9.86,0.1,,-0.1
2025-09-12,198940,,9.88,-0.0,,0.0
2025-09-15,198940,,9.88,0.0,,-0.0
2025-09-16,198940,,9.88,-0.0,,0.0
2025-09-17,198940,,9.88,-0.0,,-0.0
2025-09-18,198940,,9.88,0.0,,-0.1
2025-09-19,198940,,9.89,0.0,,-0.0
2025-09-22,198940,,9.89,-0.0,-0.2,0.2
2025-09-23,198940,,9.89,-0.0,-0.2,0.2
2025-09-24,198940,,9.88,-0.0,-0.2,0.2
2025-09-25,198940,,9.88,-0.0,,0.0
2025-09-26,198940,,9.88,0.0,,0.0
2025-09-29,198940,,9.88,-0.0,,-0.0
2025-09-30,198940,710.0,9.88,0.0,,0.0
2025-10-01,198940,,9.88,0.0,,-0.0
2025-10-02,198940,,9.89,0.0,,-0.0
2025-10-10,198940,,9.89,0.0,,-0.0
2025-10-13,198940,,9.89,0.0,,-0.0
2025-10-14,198940,,9.9,-0.0,,0.0
2025-10-15,198940,,9.9,0.0,,-0.0
2025-10-16,198940,,9.9,0.0,,0.2
2025-10-17,198940,,9.9,-0.0,,0.2
2025-10-20,198940,,9.9,-0.0,,-0.0
2025-10-21,198940,,9.9,-0.0,,0.0
2025-10-22,198940,,9.9,0.0,,-0.0
2025-10-23,198940,,9.9,-0.0,,0.0
2025-10-24,198940,,9.9,0.0,,0.0
2025-10-27,198940,,9.9,-0.1,,0.1
2025-10-28,198940,,9.86,-0.0,,0.0
2025-10-29,198940,,9.86,-0.0,,0.0
2025-10-30,198940,,9.85,-0.0,,0.1
2025-10-31,198940,704.0,9.84,0.0,,-0.0
2025-11-03,198940,,9.85,-0.0,,0.0
2025-11-04,198940,,9.84,0.0,,-0.0
2025-11-05,198940,,9.84,-0.1,,0.1
2025-11-06,198940,,9.82,-0.0,,0.0
2025-11-07,198940,,9.81,-0.0,,0.0
2025-11-10,198940,,9.8,0.5,-0.5,0.1
2025-11-11,198940,,9.96,-0.0,,0.0
2025-11-12,198940,,9.96,0.0,,-0.0
2025-11-13,198940,,9.96,-0.0,,-0.0
2025-11-14,198940,,9.96,0.0,,0.0
2025-11-17,198940,,9.96,0.0,,-0.0
2025-11-18,198940,,9.96,-0.0,,0.0
2025-11-19,198940,,9.96,-0.0,,0.0
2025-11-20,198940,,9.96,0.0,,-0.0
2025-11-21,198940,,9.96,-0.1,,0.3
2025-11-24,198940,,9.93,-0.0,,0.0
2025-11-25,198940,,9.94,0.0,,-0.1
2025-11-26,198940,,9.94,-0.0,,-0.0
2025-11-27,198940,,9.94,0.0,,-0.0
2025-11-28,198940,677.0,9.94,0.0,,0.0
2025-12-01,198940,,9.94,-0.0,,0.0
2025-12-02,198940,,9.94,0.0,,-0.0
2025-12-03,198940,,9.96,-0.0,,-0.0
2025-12-04,198940,,9.96,-0.0,,0.0
2025-12-05,198940,,9.96,0.0,,0.0
2025-12-08,198940,,9.96,0.0,,0.0
2025-12-09,198940,,9.96,-0.0,,0.0
2025-12-10,198940,,9.96,-0.0,,0.0
2025-12-11,198940,,9.96,0.0,,-0.0
2025-12-12,198940,,9.96,-0.0,,-0.0
2025-12-15,198940,,9.96,0.0,,-0.0
2025-12-16,198940,,9.97,0.0,,-0.0
2025-12-17,198940,,10.32,0.0,,-0.0
2025-12-18,198940,,10.33,-0.0,,0.1
2025-12-19,198940,,10.31,-0.0,,-0.0
2025-12-22,198940,,10.31,0.2,,-0.2
2025-12-23,198940,,10.38,-0.0,,0.0
2025-12-24,198940,,10.38,0.0,,0.0
2025-12-26,198940,,10.38,-0.0,,-0.0
2025-12-29,198940,,10.38,-0.1,,0.1
2025-12-30,198940,643.0,10.36,0.0,,-0.0
2026-01-02,198940,,10.36,-0.0,,0.0
2026-01-05,198940,,10.34,-0.0,,0.1
2026-01-06,198940,,10.36,-0.2,,0.2
2026-01-07,198940,,10.29,0.0,,-0.1
2026-01-08,198940,,10.31,0.0,,-0.0
2026-01-09,198940,,10.31,-0.0,,0.0
2026-01-12,198940,,10.31,0.1,,-0.1
2026-01-13,198940,,10.36,-0.3,-5.1,5.5
2026-01-14,198940,,10.39,1.2,,-1.6
2026-01-15,198940,,10.77,-0.2,,0.1
2026-01-16,198940,,10.72,0.6,,-0.6
2026-01-19,198940,,10.92,-0.1,,0.1
2026-01-20,198940,,10.88,-0.1,,-0.0
2026-01-21,198940,,10.87,0.1,,-0.0
2026-01-22,198940,,10.9,-0.0,,0.0
2026-01-23,198940,,10.89,0.1,,-0.1
2026-01-26,198940,,10.92,0.1,,0.0
2026-01-27,198940,,10.94,0.2,,-0.3
2026-01-28,198940,,11.02,0.4,,-0.4
2026-01-29,198940,,11.16,-0.4,,0.4
2026-01-30,198940,759.0,11.03,0.1,,-0.0
2026-02-02,198940,,11.06,-0.1,,0.1
2026-02-03,198940,,11.04,-0.0,,0.0
2026-02-04,198940,,11.03,-0.0,,0.0
2026-02-05,198940,,11.03,-0.5,,0.5
2026-02-06,198940,,10.85,0.0,,-0.0
2026-02-09,198940,,10.85,0.1,,-0.1
2026-02-10,198940,,10.88,0.1,,-0.1
2026-02-11,198940,,10.93,-0.2,,0.2
2026-02-12,198940,,10.87,-0.1,,0.1
2026-02-13,198940,,10.83,0.0,,0.0
2026-02-19,198940,,10.84,-0.2,-0.3,0.5
2026-02-20,198940,,10.75,0.3,,-0.3
2026-02-23,198940,,10.89,-0.1,,0.2
2026-02-24,198940,,10.84,0.1,,-0.1
2026-02-25,198940,,10.54,-0.1,,-0.1
2026-02-26,198940,,10.5,-0.2,,0.2
2026-02-27,198940,720.0,10.44,-0.2,,0.2
2026-03-03,198940,,10.38,0.4,,-0.4
2026-03-04,198940,,10.54,0.1,,-0.0
2026-03-05,198940,,10.58,0.2,,-0.2
2026-03-06,198940,,10.65,0.1,,-0.1
2026-03-09,198940,,10.69,0.4,,-0.4
2026-03-10,198940,,10.85,-0.3,,0.3
2026-03-11,198940,,10.73,0.1,,-0.1
2026-03-12,198940,,10.76,0.0,,-0.1
2026-03-13,198940,,10.77,-0.4,,0.4
2026-03-16,198940,,10.62,-0.0,,0.0
2026-03-17,198940,,10.62,0.3,,-0.3
2026-03-18,198940,,10.73,-0.0,,0.0
2026-03-19,198940,,10.72,0.0,,-0.0
2026-03-20,198940,,10.72,0.0,,-0.0
2026-03-23,198940,,10.73,0.1,,-0.0
2026-03-24,198940,,10.75,-0.2,,0.2
2026-03-25,198940,,10.65,0.0,,-0.0
2026-03-26,198940,,10.65,-0.0,,0.0
2026-03-27,198940,,10.65,0.2,,-0.2
2026-03-30,198940,,10.72,0.0,,-0.0
2026-03-31,198940,730.0,10.73,0.1,-4.0,3.8
2026-04-01,198940,,10.88,1.4,,-1.6
2026-04-02,198940,,11.53,0.6,,-0.6
2026-04-03,198940,,11.78,0.1,,-0.1
2026-04-06,198940,,11.82,-0.2,,0.2
2026-04-07,198940,,11.74,0.1,,-0.0
2026-04-08,198940,,11.8,0.3,,-0.3
2026-04-09,198940,,11.91,0.4,,-0.6
2026-04-10,198940,,12.07,0.1,,-0.1
2026-04-13,198940,,12.11,0.3,,-0.3
2026-04-14,198940,,12.2,-0.1,,0.1
2026-04-15,198940,,12.16,-0.4,,0.3
2026-04-16,198940,,12.04,-0.1,,0.1
2026-04-17,198940,,12.01,-0.2,,0.2
2026-04-20,198940,,11.94,-0.0,,-0.1
2026-04-21,198940,,11.93,-0.2,,0.3
2026-04-22,198940,,11.86,0.2,,-0.1
2026-04-23,198940,,11.9,-1.3,,1.4
2026-04-24,198940,,11.44,-0.1,,0.1
2026-04-27,198940,,11.41,-0.1,0.2,-0.2
2026-04-28,198940,,11.38,-4.3,-0.3,5.3
2026-04-29,198940,,10.22,,,
2026-04-30,198940,861.0,10.22,,,
2026-05-04,198940,,10.22,,,
2026-05-06,198940,,10.22,,,
2026-05-07,198940,,10.22,,,
2026-05-08,198940,,10.22,,,
2026-05-11,198940,,10.22,,,
2026-05-12,198940,,10.22,,,
2026-05-13,198940,,10.22,,,
2026-05-14,198940,,10.22,,,
2026-05-15,198940,,10.22,,,
2026-05-18,198940,,10.22,,,
2026-05-19,198940,,10.22,,,
2026-05-20,198940,,10.22,,,
2026-05-21,198940,,9.06,0.2,-0.0,-0.3
2026-05-22,198940,,9.12,-0.7,0.0,0.6
2026-05-26,198940,,9.02,0.7,0.0,-0.6
2026-05-27,198940,,9.22,-0.0,-0.7,0.7
2026-05-28,198940,,9.09,-2.4,-0.3,3.3
2026-05-29,198940,2500.0,8.69,-0.5,0.0,-0.3
2026-06-01,198940,,8.93,0.8,0.2,-1.3
2026-06-02,198940,,9.12,-0.5,-0.0,0.8
2026-06-04,198940,,9.01,0.6,0.0,-0.6
2026-06-05,198940,,9.15,1.9,0.0,-1.5
2026-06-08,198940,,9.68,-1.6,-0.0,1.5
2026-06-09,198940,,9.34,-0.0,0.0,0.1
2026-06-10,198940,,9.34,-0.4,-0.0,0.4
2026-06-11,198940,,9.24,0.7,-0.0,-0.6
2026-06-12,198940,,9.43,0.4,-0.0,-0.3
2026-06-15,198940,,9.54,3.6,0.0,-3.6
2026-06-16,198940,,10.36,-1.5,-0.0,1.3
2026-06-17,198940,,10.04,-2.5,-0.0,2.7
2026-06-18,198940,,9.47,-0.7,-0.0,0.8
2026-06-19,198940,,9.33,-1.5,0.0,1.6
2026-06-22,198940,,9.0,-0.7,-0.0,0.7
2026-06-23,198940,,8.81,0.0,0.0,0.0
2026-06-24,198940,,8.89,0.4,0.0,-0.3
2026-06-25,198940,,9.04,0.7,-0.0,-0.7
2026-06-26,198940,,9.25,0.6,0.0,-0.7
2026-06-29,198940,,9.43,0.9,-0.0,-0.9
2026-06-30,198940,1721.0,9.7,0.2,-0.0,-0.3
2026-07-01,198940,,9.77,-0.3,-0.0,0.3
2026-07-02,198940,,9.68,0.2,0.0,-0.2
2026-07-03,198940,,9.74,-0.4,-0.0,0.4
2026-07-06,198940,,9.63,0.6,-0.0,-0.6
2026-07-07,198940,,9.83,0.0,0.0,-0.0
2026-07-08,198940,,9.86,-0.2,-0.0,0.2
2026-07-09,198940,,9.78,-0.3,0.0,0.2
2026-07-10,198940,,9.69,0.3,-0.0,-0.3
2026-07-13,198940,1381.0,9.79,-0.5,0.0,0.5
2025-07-14,199430,,1.43,1.0,0.1,-1.0
2025-07-15,199430,,1.54,0.7,-0.3,-0.6
2025-07-16,199430,,1.67,0.5,-6.0,22.1
2025-07-17,199430,,1.74,4.1,-1.5,2.5
2025-07-18,199430,,2.04,1.0,,-1.2
2025-07-21,199430,,2.26,-1.5,-3.3,16.2
2025-07-22,199430,,2.14,-10.2,,10.4
2025-07-23,199430,,1.38,1.3,,-1.2
2025-07-24,199430,,1.49,-0.1,,1.2
2025-07-25,199430,,1.49,-6.4,,6.2
2025-07-28,199430,,0.98,2.6,,-2.5
2025-07-29,199430,,1.2,-3.3,0.0,3.2
2025-07-30,199430,,0.95,-2.6,-0.0,2.8
2025-07-31,199430,,0.73,0.0,-0.0,0.0
2025-08-01,199430,,0.76,0.2,0.0,-0.2
2025-08-04,199430,,0.78,9.4,-0.0,-9.4
2025-08-05,199430,,1.57,0.2,0.0,-0.1
2025-08-06,199430,,1.58,-1.6,0.0,1.6
2025-08-07,199430,,1.46,2.3,0.0,-2.3
2025-08-08,199430,,1.66,-3.7,0.0,3.8
2025-08-11,199430,,1.35,-1.0,0.0,1.0
2025-08-12,199430,,1.26,-2.9,0.0,2.9
2025-08-13,199430,,1.01,-0.3,0.0,0.3
2025-08-14,199430,,0.98,1.5,-0.0,-1.4
2025-08-18,199430,,1.21,0.1,0.0,-0.1
2025-08-19,199430,,1.28,-0.2,-0.0,0.1
2025-08-20,199430,,1.21,2.8,0.0,-3.0
2025-08-21,199430,,1.49,-0.4,0.0,0.5
2025-08-22,199430,,1.45,-1.3,0.0,1.3
2025-08-25,199430,,1.33,7.9,-0.8,-7.0
2025-08-26,199430,,1.97,-1.9,0.1,1.8
2025-08-27,199430,,1.81,-2.0,0.0,2.0
2025-08-28,199430,,1.63,-4.3,0.0,4.3
2025-08-29,199430,10190.0,1.25,0.0,0.0,-0.0
2025-09-01,199430,,1.25,46.9,-0.6,-46.3
2025-09-02,199430,,4.71,-27.1,-0.6,28.9
2025-09-03,199430,,2.88,-4.3,,4.3
2025-09-04,199430,,2.64,-13.6,,13.7
2025-09-05,199430,,1.67,-5.0,,5.0
2025-09-08,199430,,1.32,-5.2,,5.1
2025-09-09,199430,,0.96,5.2,0.1,-5.7
2025-09-10,199430,,1.32,-6.4,-0.1,6.2
2025-09-11,199430,,0.94,2.9,,-2.9
2025-09-12,199430,,1.15,-2.6,,3.0
2025-09-15,199430,,1.0,0.8,-0.6,-0.4
2025-09-16,199430,,1.07,-4.3,0.0,5.3
2025-09-17,199430,,0.83,-0.2,-1.2,1.3
2025-09-18,199430,,0.84,-0.3,,0.4
2025-09-19,199430,,0.84,2.5,-0.0,-2.5
2025-09-22,199430,,1.02,-2.6,,2.6
2025-09-23,199430,,0.85,0.9,0.0,-0.9
2025-09-24,199430,,0.9,-0.6,-0.0,0.5
2025-09-25,199430,,0.86,-0.6,,0.7
2025-09-26,199430,,0.81,0.3,-2.3,1.9
2025-09-29,199430,,0.84,62.1,-1.2,-61.1
2025-09-30,199430,14920.0,4.86,-22.1,0.0,20.6
2025-10-01,199430,,3.52,-7.9,-0.0,8.7
2025-10-02,199430,,2.9,0.7,,-0.5
2025-10-10,199430,,2.95,21.3,0.0,-22.6
2025-10-13,199430,,4.21,-4.7,1.4,4.9
2025-10-14,199430,,3.9,-10.1,-1.3,8.0
2025-10-15,199430,,3.49,-27.7,1.9,24.2
2025-10-16,199430,,2.07,-1.6,0.6,1.3
2025-10-17,199430,,1.96,-11.8,-1.2,10.2
2025-10-20,199430,,1.37,-9.9,1.2,12.7
2025-10-21,199430,,1.01,-1.7,0.0,1.7
2025-10-22,199430,,1.02,29.9,-0.3,-31.0
2025-10-23,199430,,2.15,-11.9,-0.0,9.3
2025-10-24,199430,,1.7,-7.9,-0.0,4.7
2025-10-27,199430,,1.4,-3.2,0.0,-0.6
2025-10-28,199430,,1.13,1.8,0.0,-1.9
2025-10-29,199430,,1.18,15.6,-0.2,-16.6
2025-10-30,199430,,1.77,0.6,-0.0,-0.6
2025-10-31,199430,26650.0,1.81,-4.9,0.0,10.2
2025-11-03,199430,,1.64,13.5,0.0,-9.0
2025-11-04,199430,,2.09,-4.2,0.0,4.7
2025-11-05,199430,,1.92,13.0,-0.6,-12.3
2025-11-06,199430,,2.19,-27.5,-0.0,26.9
2025-11-07,199430,,1.42,-8.7,-0.0,9.0
2025-11-10,199430,,1.18,-16.3,-0.0,16.2
2025-11-11,199430,,0.73,10.2,-0.0,-9.3
2025-11-12,199430,,1.06,-1.6,0.0,1.7
2025-11-13,199430,,1.01,3.7,-3.2,6.2
2025-11-14,199430,,1.15,9.2,0.6,-9.5
2025-11-17,199430,,1.5,5.5,0.2,-5.2
2025-11-18,199430,,1.75,65.2,1.6,-66.0
2025-11-19,199430,,4.48,-51.6,0.0,50.3
2025-11-20,199430,,2.39,3.8,,-3.9
2025-11-21,199430,,2.53,3.2,0.0,-3.1
2025-11-24,199430,,2.68,0.8,0.0,-0.9
2025-11-25,199430,,2.73,-0.6,0.0,0.6
2025-11-26,199430,,2.71,-2.0,0.0,1.6
2025-11-27,199430,,2.64,-22.0,-1.4,22.2
2025-11-28,199430,24200.0,1.75,-16.6,0.4,15.7
2025-12-01,199430,,1.13,-1.7,0.0,1.3
2025-12-02,199430,,1.12,-1.4,-0.0,-1.2
2025-12-03,199430,,1.06,3.3,0.9,-2.7
2025-12-04,199430,,1.19,-4.3,1.1,7.7
2025-12-05,199430,,1.04,-9.8,-2.2,7.1
2025-12-08,199430,,0.67,33.6,-1.1,-34.2
2025-12-09,199430,,1.86,-9.2,-0.0,-0.6
2025-12-10,199430,,1.54,-0.9,0.0,-2.1
2025-12-11,199430,,1.51,-0.0,,-0.3
2025-12-12,199430,,1.52,2.6,-0.0,-3.2
2025-12-15,199430,,1.62,5.5,-0.0,-4.9
2025-12-16,199430,,1.85,7.1,-0.0,-5.1
2025-12-17,199430,,2.07,0.3,0.0,1.5
2025-12-18,199430,,2.08,-1.2,,-0.6
2025-12-19,199430,,2.04,-8.2,-0.0,8.4
2025-12-22,199430,,1.74,1.7,-0.0,-2.1
2025-12-23,199430,,1.83,9.2,0.0,-10.6
2025-12-24,199430,,2.12,-1.1,-0.0,2.4
2025-12-26,199430,,2.11,0.3,0.0,0.3
2025-12-29,199430,,2.12,-18.2,0.0,16.3
2025-12-30,199430,27100.0,1.54,-15.8,,17.2
2026-01-02,199430,,1.04,-0.2,-0.1,0.7
2026-01-05,199430,,1.0,0.8,0.0,-1.6
2026-01-06,199430,,1.07,-0.4,-1.7,2.7
2026-01-07,199430,,1.01,0.2,1.8,-1.8
2026-01-08,199430,,1.08,-2.0,-0.0,2.1
2026-01-09,199430,,0.96,2.4,0.0,2.3
2026-01-12,199430,,1.09,4.8,-0.0,-4.8
2026-01-13,199430,,1.38,-4.5,-0.0,4.2
2026-01-14,199430,,1.19,28.8,-0.0,-27.7
2026-01-15,199430,,2.27,-6.5,0.0,6.7
2026-01-16,199430,,1.8,-12.0,0.0,12.5
2026-01-19,199430,,1.38,19.8,-0.0,-11.2
2026-01-20,199430,,2.0,4.0,0.1,-3.2
2026-01-21,199430,,2.12,33.7,1.0,-35.6
2026-01-22,199430,,3.12,-27.5,-0.3,27.0
2026-01-23,199430,,1.36,9.4,0.0,-8.6
2026-01-26,199430,,1.74,16.8,-0.0,-16.7
2026-01-27,199430,,2.42,-18.4,0.0,18.6
2026-01-28,199430,,1.6,-13.6,0.0,13.4
2026-01-29,199430,,1.26,0.4,0.0,0.0
2026-01-30,199430,35250.0,1.23,-9.6,-0.2,9.2
2026-02-02,199430,,0.82,4.5,0.9,-5.2
2026-02-03,199430,,0.94,5.8,-0.6,-5.9
2026-02-04,199430,,1.15,-7.9,0.0,7.4
2026-02-05,199430,,0.74,-0.4,0.0,0.0
2026-02-06,199430,,0.7,1.8,0.8,-2.3
2026-02-09,199430,,0.74,1.8,-0.0,-1.9
2026-02-10,199430,,0.78,-7.2,0.0,7.0
2026-02-11,199430,,0.69,0.2,0.0,-0.1
2026-02-12,199430,,0.69,0.4,0.0,-0.4
2026-02-13,199430,,0.68,0.4,-0.0,-0.5
2026-02-19,199430,,0.75,-1.1,1.6,-0.6
2026-02-20,199430,,0.69,-1.5,-0.0,1.6
2026-02-23,199430,,0.69,-2.8,0.0,3.5
2026-02-24,199430,,0.72,1.4,-0.0,-1.4
2026-02-25,199430,,0.7,-5.0,-0.0,4.8
2026-02-26,199430,,0.6,-0.4,-2.0,2.3
2026-02-27,199430,33350.0,0.59,0.8,-0.3,-0.7
2026-03-03,199430,,0.64,3.1,0.7,-3.5
2026-03-04,199430,,0.77,9.2,0.8,-10.1
2026-03-05,199430,,1.23,-0.9,-0.0,0.7
2026-03-06,199430,,1.12,-2.0,-0.0,1.9
2026-03-09,199430,,1.02,1.1,-0.2,-0.5
2026-03-10,199430,,1.11,14.5,0.0,-14.5
2026-03-11,199430,,1.54,-3.9,0.0,3.7
2026-03-12,199430,,1.35,1.3,0.0,-1.7
2026-03-13,199430,,1.33,2.0,-0.0,-2.0
2026-03-16,199430,,1.46,-2.9,0.0,2.9
2026-03-17,199430,,1.39,3.8,0.0,-3.8
2026-03-18,199430,,1.55,0.2,0.0,-1.1
2026-03-19,199430,,1.51,-4.8,0.1,4.9
2026-03-20,199430,,1.21,1.0,0.0,-1.0
2026-03-23,199430,,1.28,3.2,0.0,-3.1
2026-03-24,199430,,1.5,7.2,-0.0,-7.0
2026-03-25,199430,,1.95,1.3,0.0,-1.3
2026-03-26,199430,,1.86,0.9,-0.0,-0.9
2026-03-27,199430,,1.85,2.7,-0.0,-2.7
2026-03-30,199430,,2.08,2.0,-0.0,-1.8
2026-03-31,199430,20600.0,2.11,2.1,-0.0,-2.1
2026-04-01,199430,,2.23,7.0,,-6.0
2026-04-02,199430,,2.56,-8.0,0.0,7.9
2026-04-03,199430,,2.07,-1.0,-0.2,1.2
2026-04-06,199430,,2.04,0.3,0.0,-0.4
2026-04-07,199430,,2.06,1.7,0.0,-1.8
2026-04-08,199430,,2.15,3.6,0.0,-3.4
2026-04-09,199430,,2.33,-1.8,0.0,1.7
2026-04-10,199430,,2.21,-0.7,0.0,0.6
2026-04-13,199430,,2.14,-1.8,-0.0,1.7
2026-04-14,199430,,1.9,4.2,0.0,-4.1
2026-04-15,199430,,2.19,-3.7,-0.0,1.9
2026-04-16,199430,,1.96,-1.0,0.0,1.2
2026-04-17,199430,,1.85,-2.6,0.0,2.7
2026-04-20,199430,,1.78,-0.9,0.0,0.8
2026-04-21,199430,,1.73,1.7,0.0,-2.4
2026-04-22,199430,,1.82,0.6,-0.0,-0.7
2026-04-23,199430,,1.84,-0.5,0.0,0.6
2026-04-24,199430,,1.81,2.4,-0.0,-2.5
2026-04-27,199430,,1.97,0.3,-0.0,-0.2
2026-04-28,199430,,2.03,-10.8,0.0,10.3
2026-04-29,199430,,1.55,-8.0,0.0,8.6
2026-04-30,199430,25900.0,1.1,-6.8,-0.0,6.9
2026-05-04,199430,,0.88,-2.4,-0.0,1.7
2026-05-06,199430,,0.82,2.5,0.0,-2.6
2026-05-07,199430,,0.95,-0.6,-0.0,0.5
2026-05-08,199430,,0.95,7.1,-0.0,-7.6
2026-05-11,199430,,1.31,-3.7,0.0,3.8
2026-05-12,199430,,1.16,0.5,0.0,0.7
2026-05-13,199430,,1.2,-1.1,-0.0,1.1
2026-05-14,199430,,1.21,-1.0,0.0,1.0
2026-05-15,199430,,1.12,0.1,-0.0,0.1
2026-05-18,199430,,1.13,1.0,0.0,-0.9
2026-05-19,199430,,1.16,0.4,0.0,-0.4
2026-05-20,199430,,1.16,4.0,-0.0,-3.9
2026-05-21,199430,,1.41,2.7,-0.0,-2.7
2026-05-22,199430,,1.54,0.2,0.0,-0.2
2026-05-26,199430,,1.48,-1.1,-0.0,1.0
2026-05-27,199430,,1.44,-3.8,0.0,3.8
2026-05-28,199430,,1.19,1.7,-0.0,-1.7
2026-05-29,199430,17750.0,1.27,0.5,0.0,-0.3
2026-06-01,199430,,1.22,2.5,-0.0,-2.5
2026-06-02,199430,,1.64,7.2,0.0,-7.2
2026-06-04,199430,,2.09,2.8,-0.0,-2.7
2026-06-05,199430,,2.18,-0.9,0.0,0.9
2026-06-08,199430,,2.13,2.1,-0.0,-2.1
2026-06-09,199430,,2.31,2.6,-0.0,-2.5
2026-06-10,199430,,2.45,-0.2,-0.0,0.3
2026-06-11,199430,,2.43,0.7,0.0,-0.7
2026-06-12,199430,,2.55,1.8,-0.0,-1.8
2026-06-15,199430,,2.69,-1.5,-0.0,1.4
2026-06-16,199430,,2.54,0.5,-0.0,-0.5
2026-06-17,199430,,2.47,0.2,-0.0,-0.2
2026-06-18,199430,,2.47,-0.5,0.0,0.5
2026-06-19,199430,,2.4,1.0,0.0,-1.0
2026-06-22,199430,,2.47,1.7,-0.0,-1.8
2026-06-23,199430,,2.61,2.5,-0.0,-2.5
2026-06-24,199430,,2.9,0.9,-0.2,-0.7
2026-06-25,199430,,2.99,-0.1,-0.0,0.1
2026-06-26,199430,,2.94,2.5,-0.0,-2.5
2026-06-29,199430,,3.22,2.6,-0.0,-2.6
2026-06-30,199430,12190.0,3.48,-1.1,-0.0,1.1
2026-07-01,199430,,3.36,-0.2,0.0,0.1
2026-07-02,199430,,3.33,-1.5,0.0,1.6
2026-07-03,199430,,3.16,0.4,-0.0,-0.4
2026-07-06,199430,,3.31,0.2,0.0,-0.2
2026-07-07,199430,,3.27,0.2,-0.0,-0.2
2026-07-08,199430,,3.3,0.2,-0.0,-0.2
2026-07-09,199430,,3.38,0.2,-0.0,-0.2
2026-07-10,199430,,3.41,2.0,0.0,-2.1
2026-07-13,199430,9950.0,3.59,-0.8,0.0,0.8
2025-07-14,199480,,5.91,-0.9,0.0,1.7
2025-07-15,199480,,5.83,1.2,0.0,-0.9
2025-07-16,199480,,5.99,19.2,0.0,-19.7
2025-07-17,199480,,8.01,-23.1,0.0,23.1
2025-07-18,199480,,5.63,3.7,0.0,-3.8
2025-07-21,199480,,6.06,3.3,0.0,-3.0
2025-07-22,199480,,6.45,-0.2,,0.3
2025-07-23,199480,,6.45,4.1,0.0,-4.1
2025-07-24,199480,,6.96,2.3,,-2.3
2025-07-25,199480,,7.26,-13.6,,13.5
2025-07-28,199480,,5.61,2.5,,-2.5
2025-07-29,199480,,5.91,1.3,,-1.3
2025-07-30,199480,,6.09,1.3,,-1.3
2025-07-31,199480,,6.26,4.6,,-5.5
2025-08-01,199480,,6.89,-0.7,,1.5
2025-08-04,199480,,6.8,1.0,-0.0,-0.9
2025-08-05,199480,,6.93,-0.9,,0.9
2025-08-06,199480,,6.81,0.9,,-0.9
2025-08-07,199480,,6.96,-2.1,,2.1
2025-08-08,199480,,6.7,0.2,,-0.2
2025-08-11,199480,,6.73,1.9,,-1.9
2025-08-12,199480,,7.01,-1.6,,1.5
2025-08-13,199480,,6.78,0.2,,-0.2
2025-08-14,199480,,6.82,1.6,,-1.7
2025-08-18,199480,,7.11,0.0,,0.0
2025-08-19,199480,,7.13,-1.4,0.0,1.2
2025-08-20,199480,,6.92,2.5,,-2.4
2025-08-21,199480,,7.26,-0.9,-0.0,0.9
2025-08-22,199480,,7.14,-3.1,,3.0
2025-08-25,199480,,6.7,1.9,,-1.9
2025-08-26,199480,,6.99,-1.9,-0.0,1.9
2025-08-27,199480,,6.72,2.2,,-2.1
2025-08-28,199480,,7.07,-0.5,,0.5
2025-08-29,199480,6400.0,7.0,0.6,,-0.6
2025-09-01,199480,,7.09,1.7,,-1.8
2025-09-02,199480,,7.31,-2.6,,2.9
2025-09-03,199480,,6.93,-0.0,,0.0
2025-09-04,199480,,6.92,-0.2,,0.2
2025-09-05,199480,,6.9,-0.9,,1.0
2025-09-08,199480,,6.77,0.7,,-0.7
2025-09-09,199480,,6.86,6.1,,-6.3
2025-09-10,199480,,7.74,-2.1,,1.9
2025-09-11,199480,,7.44,-1.7,,1.7
2025-09-12,199480,,7.21,-1.6,,1.5
2025-09-15,199480,,6.98,0.3,,-0.3
2025-09-16,199480,,7.02,-2.1,,2.1
2025-09-17,199480,,6.71,-0.6,,0.7
2025-09-18,199480,,6.61,0.9,,-0.6
2025-09-19,199480,,6.75,25.1,-20.8,-4.4
2025-09-22,199480,,10.06,-3.6,,3.5
2025-09-23,199480,,9.57,-9.6,,8.8
2025-09-24,199480,,8.15,-3.4,,3.2
2025-09-25,199480,,7.64,4.9,0.0,-4.5
2025-09-26,199480,,8.17,-5.5,0.0,4.7
2025-09-29,199480,,7.83,-5.1,,5.3
2025-09-30,199480,7720.0,7.28,-0.9,,1.0
2025-10-01,199480,,7.14,-4.2,,4.1
2025-10-02,199480,,6.64,0.1,,-0.2
2025-10-10,199480,,6.65,0.8,,-0.9
2025-10-13,199480,,6.78,1.7,,-1.7
2025-10-14,199480,,7.02,-4.1,,3.8
2025-10-15,199480,,6.5,-1.4,,1.3
2025-10-16,199480,,6.45,-0.5,,0.1
2025-10-17,199480,,6.38,3.4,,-3.5
2025-10-20,199480,,6.89,-0.9,,0.8
2025-10-21,199480,,6.77,-1.0,,0.9
2025-10-22,199480,,6.61,0.4,,-0.2
2025-10-23,199480,,6.68,0.3,,-0.4
2025-10-24,199480,,6.72,0.0,,-0.1
2025-10-27,199480,,6.73,0.3,0.1,-0.4
2025-10-28,199480,,6.77,-1.0,0.0,1.0
2025-10-29,199480,,6.63,-0.3,,0.5
2025-10-30,199480,,6.59,-0.9,-0.1,0.9
2025-10-31,199480,6470.0,6.46,0.3,,-0.3
2025-11-03,199480,,6.54,-0.1,,0.1
2025-11-04,199480,,6.53,-1.6,,1.6
2025-11-05,199480,,6.28,2.6,,-2.6
2025-11-06,199480,,6.69,-0.2,,0.2
2025-11-07,199480,,6.67,1.1,,-1.2
2025-11-10,199480,,6.84,1.0,-0.2,-0.8
2025-11-11,199480,,7.0,-1.2,,1.1
2025-11-12,199480,,6.81,-2.8,,2.6
2025-11-13,199480,,6.39,0.3,,-0.3
2025-11-14,199480,,6.44,-1.6,,2.1
2025-11-17,199480,,6.19,-1.5,,1.4
2025-11-18,199480,,6.07,-0.3,,0.3
2025-11-19,199480,,6.09,1.9,,-2.0
2025-11-20,199480,,6.44,-0.2,,0.2
2025-11-21,199480,,6.41,-0.2,,0.3
2025-11-24,199480,,6.37,-1.7,,1.6
2025-11-25,199480,,6.11,-0.4,,0.4
2025-11-26,199480,,6.05,0.9,,-0.9
2025-11-27,199480,,6.2,-1.2,,1.1
2025-11-28,199480,6070.0,5.95,-0.3,,0.4
2025-12-01,199480,,5.9,0.5,,-0.5
2025-12-02,199480,,5.98,0.0,,-0.0
2025-12-03,199480,,5.99,0.0,,-1.1
2025-12-04,199480,,6.0,-0.2,,0.2
2025-12-05,199480,,5.97,-0.6,,0.6
2025-12-08,199480,,5.88,-0.1,,0.1
2025-12-09,199480,,5.87,-0.0,,0.0
2025-12-10,199480,,5.87,0.8,,-0.9
2025-12-11,199480,,5.99,1.4,,-1.5
2025-12-12,199480,,6.22,0.7,,-0.6
2025-12-15,199480,,6.33,-1.5,,1.4
2025-12-16,199480,,6.09,-1.1,,1.1
2025-12-17,199480,,5.9,1.0,,-1.0
2025-12-18,199480,,6.09,0.3,,-0.4
2025-12-19,199480,,6.15,1.1,,-1.2
2025-12-22,199480,,6.36,0.9,,-0.9
2025-12-23,199480,,6.52,-0.2,,0.2
2025-12-24,199480,,6.49,0.7,,-0.7
2025-12-26,199480,,6.61,0.4,,-0.4
2025-12-29,199480,,6.69,0.6,,-0.6
2025-12-30,199480,5270.0,6.8,0.1,,-0.1
2026-01-02,199480,,6.82,1.1,,-1.1
2026-01-05,199480,,7.01,0.2,,-0.2
2026-01-06,199480,,7.06,0.2,-0.0,-0.2
2026-01-07,199480,,7.09,-1.3,,1.3
2026-01-08,199480,,6.85,-0.1,-0.0,0.2
2026-01-09,199480,,6.83,0.9,,-0.9
2026-01-12,199480,,6.99,1.0,,-1.0
2026-01-13,199480,,7.16,0.8,-0.0,-0.9
2026-01-14,199480,,7.32,0.2,,-0.2
2026-01-15,199480,,7.36,0.7,,-0.7
2026-01-16,199480,,7.5,-0.4,,0.3
2026-01-19,199480,,7.42,-0.0,,0.1
2026-01-20,199480,,7.42,0.7,,-0.7
2026-01-21,199480,,7.45,-0.3,,0.3
2026-01-22,199480,,7.39,-0.1,,0.1
2026-01-23,199480,,7.38,-4.9,0.1,4.6
2026-01-26,199480,,6.56,5.8,0.2,-5.9
2026-01-27,199480,,7.53,-4.2,-0.0,4.1
2026-01-28,199480,,6.96,-0.1,,0.1
2026-01-29,199480,,7.0,-2.2,,2.1
2026-01-30,199480,5830.0,6.63,-0.3,,0.4
2026-02-02,199480,,6.58,0.3,,-0.5
2026-02-03,199480,,6.71,-0.4,,0.4
2026-02-04,199480,,6.64,0.1,,-0.1
2026-02-05,199480,,6.66,-0.4,-0.3,0.7
2026-02-06,199480,,6.59,1.0,,-1.0
2026-02-09,199480,,6.79,0.9,,-1.0
2026-02-10,199480,,6.95,0.6,,-0.5
2026-02-11,199480,,7.05,-0.4,,0.5
2026-02-12,199480,,6.98,0.3,,-0.4
2026-02-13,199480,,6.98,-0.5,,0.5
2026-02-19,199480,,6.91,0.5,0.0,-0.5
2026-02-20,199480,,7.01,-0.9,0.0,0.9
2026-02-23,199480,,6.85,-0.3,0.0,0.8
2026-02-24,199480,,6.79,-0.1,0.0,0.0
2026-02-25,199480,,6.78,0.5,0.0,-0.4
2026-02-26,199480,,6.87,-0.7,0.0,0.7
2026-02-27,199480,5040.0,6.75,-0.4,0.0,0.4
2026-03-03,199480,,6.69,-0.7,0.0,0.7
2026-03-04,199480,,6.55,-0.4,0.0,0.5
2026-03-05,199480,,6.47,0.8,0.0,-0.8
2026-03-06,199480,,6.66,0.6,0.0,-0.6
2026-03-09,199480,,6.84,0.6,0.0,-0.5
2026-03-10,199480,,6.94,0.5,0.0,-0.5
2026-03-11,199480,,7.04,1.0,0.0,-1.0
2026-03-12,199480,,7.24,-0.0,0.0,-0.0
2026-03-13,199480,,7.23,0.4,-0.0,-0.4
2026-03-16,199480,,7.32,0.1,0.0,-0.1
2026-03-17,199480,,7.33,0.3,0.0,-0.2
2026-03-18,199480,,7.39,-0.4,0.0,0.4
2026-03-19,199480,,7.31,-0.0,0.0,0.0
2026-03-20,199480,,7.36,0.4,0.0,-0.4
2026-03-23,199480,,7.44,0.0,0.0,0.1
2026-03-24,199480,,7.44,0.2,0.0,-0.2
2026-03-25,199480,,7.49,0.1,0.0,-0.1
2026-03-26,199480,,7.52,-0.0,0.0,0.0
2026-03-27,199480,,7.53,0.2,0.0,-0.2
2026-03-30,199480,,7.58,0.1,0.0,-0.1
2026-03-31,199480,4390.0,7.61,0.2,0.0,-0.2
2026-04-01,199480,,7.56,0.3,0.0,-0.4
2026-04-02,199480,,7.63,-0.6,0.0,0.5
2026-04-03,199480,,7.49,0.1,0.0,-0.1
2026-04-06,199480,,7.52,-0.5,-0.0,0.5
2026-04-07,199480,,7.41,-0.6,0.0,0.6
2026-04-08,199480,,7.26,-0.1,0.0,0.1
2026-04-09,199480,,7.23,0.1,0.0,-0.1
2026-04-10,199480,,7.25,0.5,0.0,-0.6
2026-04-13,199480,,7.36,0.2,0.0,-0.3
2026-04-14,199480,,7.4,0.3,0.0,-0.2
2026-04-15,199480,,7.47,-0.5,-0.0,0.5
2026-04-16,199480,,7.37,-0.0,0.0,0.0
2026-04-17,199480,,7.36,-0.1,0.0,0.1
2026-04-20,199480,,7.34,0.8,0.0,-0.8
2026-04-21,199480,,7.49,0.1,0.0,-0.1
2026-04-22,199480,,7.51,0.6,0.0,-0.5
2026-04-23,199480,,7.63,0.5,0.0,-0.5
2026-04-24,199480,,7.72,-0.0,0.0,0.0
2026-04-27,199480,,7.72,0.2,0.0,-0.2
2026-04-28,199480,,7.75,0.1,0.0,-0.0
2026-04-29,199480,,7.77,0.1,0.0,0.0
2026-04-30,199480,5100.0,7.78,-0.1,0.0,0.1
2026-05-04,199480,,7.75,-0.3,0.0,0.3
2026-05-06,199480,,7.7,-0.2,0.0,0.2
2026-05-07,199480,,7.66,-0.2,0.0,0.2
2026-05-08,199480,,7.62,-0.0,0.0,0.1
2026-05-11,199480,,7.62,0.2,-0.0,-0.1
2026-05-12,199480,,7.66,0.2,0.0,-0.2
2026-05-13,199480,,7.7,-0.1,0.0,0.1
2026-05-14,199480,,7.67,0.1,-0.0,-0.1
2026-05-15,199480,,7.7,-0.9,0.0,0.9
2026-05-18,199480,,7.51,0.1,-0.0,-0.0
2026-05-19,199480,,7.52,0.1,-0.0,-0.1
2026-05-20,199480,,7.58,-0.2,0.0,0.2
2026-05-21,199480,,7.53,-0.3,-0.0,0.2
2026-05-22,199480,,7.47,0.3,-0.0,-0.4
2026-05-26,199480,,7.55,-0.3,0.0,0.3
2026-05-27,199480,,7.49,-0.3,-0.0,0.3
2026-05-28,199480,,7.41,0.2,-0.0,-0.3
2026-05-29,199480,3995.0,7.46,-0.2,0.0,0.3
2026-06-01,199480,,7.41,-0.2,-0.0,0.2
2026-06-02,199480,,7.35,-0.1,-0.0,0.1
2026-06-04,199480,,7.34,0.2,-0.0,-0.2
2026-06-05,199480,,7.38,0.4,0.0,-0.2
2026-06-08,199480,,7.49,0.0,-0.0,-0.0
2026-06-09,199480,,7.5,0.3,-0.0,-0.3
2026-06-10,199480,,7.58,0.2,0.0,-0.2
2026-06-11,199480,,7.64,0.3,0.0,-0.3
2026-06-12,199480,,7.73,0.2,0.0,-0.2
2026-06-15,199480,,7.79,0.0,-0.0,0.0
2026-06-16,199480,,7.76,0.0,0.0,-0.1
2026-06-17,199480,,7.8,0.3,-0.0,-0.4
2026-06-18,199480,,7.9,-0.3,0.0,0.3
2026-06-19,199480,,7.82,0.0,-0.0,0.0
2026-06-22,199480,,7.82,-0.2,-0.0,0.2
2026-06-23,199480,,7.77,-0.1,0.0,0.1
2026-06-24,199480,,7.73,-0.1,-0.0,0.1
2026-06-25,199480,,7.66,-0.0,-0.0,0.0
2026-06-26,199480,,7.66,0.2,0.0,-0.2
2026-06-29,199480,,7.74,0.3,0.0,-0.3
2026-06-30,199480,2975.0,7.84,0.1,-0.0,-0.1
2026-07-01,199480,,7.89,0.2,0.0,-0.2
2026-07-02,199480,,7.94,-0.3,-0.0,0.2
2026-07-03,199480,,7.84,0.1,-0.0,-0.1
2026-07-06,199480,,7.87,0.2,0.0,-0.3
2026-07-07,199480,,7.95,-0.1,-0.0,0.1
2026-07-08,199480,,7.93,0.2,,-0.2
2026-07-09,199480,,8.01,0.0,0.0,-0.0
2026-07-10,199480,,8.03,0.0,0.0,-0.0
2026-07-13,199480,2770.0,8.04,0.0,-0.0,-0.0
2025-07-14,199550,,0.8,-1.2,,1.2
2025-07-15,199550,,0.68,-0.2,,0.2
2025-07-16,199550,,0.65,-0.9,-0.6,1.6
2025-07-17,199550,,0.57,-0.8,,0.7
2025-07-18,199550,,0.59,-0.5,,0.5
2025-07-21,199550,,0.54,2.0,,-2.5
2025-07-22,199550,,0.71,-0.9,,1.3
2025-07-23,199550,,0.6,0.7,,-0.7
2025-07-24,199550,,0.65,-0.4,,0.5
2025-07-25,199550,,0.61,0.5,,-0.5
2025-07-28,199550,,0.66,-0.4,,0.4
2025-07-29,199550,,0.59,0.3,,-0.3
2025-07-30,199550,,0.62,0.2,,-0.2
2025-07-31,199550,,0.64,1.3,,-1.4
2025-08-01,199550,,0.81,-0.3,,0.4
2025-08-04,199550,,0.76,0.6,,-0.6
2025-08-05,199550,,0.83,0.1,,-0.1
2025-08-06,199550,,0.84,0.4,,-0.4
2025-08-07,199550,,0.89,0.2,,-0.2
2025-08-08,199550,,0.94,0.8,,-0.8
2025-08-11,199550,,1.03,0.3,,-0.3
2025-08-12,199550,,1.06,0.2,,-0.2
2025-08-13,199550,,1.04,0.3,-0.1,-0.2
2025-08-14,199550,,1.08,-0.1,,0.1
2025-08-18,199550,,1.11,0.0,,-0.0
2025-08-19,199550,,1.08,0.8,,-0.8
2025-08-20,199550,,1.12,1.5,,-1.4
2025-08-21,199550,,1.3,0.3,,-0.3
2025-08-22,199550,,1.34,0.4,-0.1,-0.3
2025-08-25,199550,,1.39,0.9,,-0.9
2025-08-26,199550,,1.49,-1.5,0.0,1.4
2025-08-27,199550,,1.32,-1.2,,1.3
2025-08-28,199550,,1.18,0.3,,-0.3
2025-08-29,199550,7000.0,1.21,-0.7,,0.7
2025-09-01,199550,,1.13,-0.1,,0.1
2025-09-02,199550,,1.12,2.0,,-4.1
2025-09-03,199550,,1.4,-0.6,,0.7
2025-09-04,199550,,1.33,0.7,,-0.9
2025-09-05,199550,,1.41,-0.7,,0.5
2025-09-08,199550,,1.33,0.8,,-0.8
2025-09-09,199550,,1.42,-0.3,,0.1
2025-09-10,199550,,1.39,0.4,,-0.4
2025-09-11,199550,,1.43,0.3,,-0.3
2025-09-12,199550,,1.47,-0.1,,0.1
2025-09-15,199550,,1.46,0.0,,0.1
2025-09-16,199550,,1.48,-1.5,,1.5
2025-09-17,199550,,1.31,-0.0,,-0.5
2025-09-18,199550,,1.31,1.5,,-1.8
2025-09-19,199550,,1.48,-0.4,,0.4
2025-09-22,199550,,1.43,-0.1,,0.0
2025-09-23,199550,,1.42,-0.7,,0.8
2025-09-24,199550,,1.34,-0.1,,-0.0
2025-09-25,199550,,1.33,0.3,,-0.4
2025-09-26,199550,,1.37,0.2,,-0.3
2025-09-29,199550,,1.39,0.7,,-0.7
2025-09-30,199550,7010.0,1.47,0.1,,-0.1
2025-10-01,199550,,1.48,0.1,,0.2
2025-10-02,199550,,1.49,1.1,,-1.0
2025-10-10,199550,,1.61,0.6,,-0.7
2025-10-13,199550,,1.68,0.2,,0.1
2025-10-14,199550,,1.71,-0.8,,0.8
2025-10-15,199550,,1.61,0.5,,-0.3
2025-10-16,199550,,1.68,0.1,,0.3
2025-10-17,199550,,1.7,0.1,,0.2
2025-10-20,199550,,1.72,-0.5,,0.4
2025-10-21,199550,,1.69,0.0,,-0.1
2025-10-22,199550,,1.69,-0.5,,0.6
2025-10-23,199550,,1.63,0.0,,-0.1
2025-10-24,199550,,1.61,-0.1,,0.1
2025-10-27,199550,,1.59,0.2,,-0.2
2025-10-28,199550,,1.61,-0.5,,0.5
2025-10-29,199550,,1.56,-0.5,,0.3
2025-10-30,199550,,1.49,0.4,,-0.3
2025-10-31,199550,6300.0,1.54,0.5,,-0.3
2025-11-03,199550,,1.61,0.5,,-0.5
2025-11-04,199550,,1.67,0.6,,0.1
2025-11-05,199550,,1.74,1.1,,-1.4
2025-11-06,199550,,1.89,0.2,,-0.2
2025-11-07,199550,,1.91,-1.0,,0.7
2025-11-10,199550,,1.77,1.0,-0.2,-0.8
2025-11-11,199550,,1.87,0.2,,-0.2
2025-11-12,199550,,1.89,0.3,,-0.3
2025-11-13,199550,,1.94,0.2,,-0.2
2025-11-14,199550,,1.97,-0.0,,0.0
2025-11-17,199550,,1.96,-0.0,,0.0
2025-11-18,199550,,1.97,0.1,,0.2
2025-11-19,199550,,1.98,0.3,,-0.3
2025-11-20,199550,,2.02,-0.1,,0.1
2025-11-21,199550,,2.02,-0.8,,0.8
2025-11-24,199550,,1.9,-0.0,,0.0
2025-11-25,199550,,1.9,0.1,,-0.2
2025-11-26,199550,,1.92,0.9,,-0.9
2025-11-27,199550,,2.04,0.3,,-0.3
2025-11-28,199550,6060.0,2.08,1.9,,-1.9
2025-12-01,199550,,2.34,-0.0,,-0.0
2025-12-02,199550,,2.34,1.2,,-1.2
2025-12-03,199550,,2.51,0.3,,-0.3
2025-12-04,199550,,2.56,-0.2,,0.2
2025-12-05,199550,,2.53,-0.0,,0.0
2025-12-08,199550,,2.53,-0.3,,0.3
2025-12-09,199550,,2.42,-0.1,,-0.6
2025-12-10,199550,,2.41,-0.2,,0.2
2025-12-11,199550,,2.36,-0.6,,0.6
2025-12-12,199550,,2.26,-1.2,,1.4
2025-12-15,199550,,2.08,-0.2,,0.4
2025-12-16,199550,,2.05,-0.5,,0.4
2025-12-17,199550,,1.99,0.2,,0.2
2025-12-18,199550,,2.01,-0.2,,0.1
2025-12-19,199550,,1.99,0.4,,-0.3
2025-12-22,199550,,2.04,0.2,,-0.2
2025-12-23,199550,,2.06,-1.7,,1.6
2025-12-24,199550,,1.83,-0.4,,0.4
2025-12-26,199550,,1.77,-0.1,,0.5
2025-12-29,199550,,1.77,0.2,,-0.2
2025-12-30,199550,5500.0,1.79,0.5,,-0.6
2026-01-02,199550,,1.87,3.7,,-4.3
2026-01-05,199550,,2.36,-0.3,,0.9
2026-01-06,199550,,2.32,-12.4,,12.2
2026-01-07,199550,,0.9,-0.8,,0.6
2026-01-08,199550,,0.81,2.1,,-2.0
2026-01-09,199550,,1.07,-0.2,,0.4
2026-01-12,199550,,0.92,-2.0,0.0,2.7
2026-01-13,199550,,0.64,0.0,0.0,-0.0
2026-01-14,199550,,0.62,1.3,0.1,-1.4
2026-01-15,199550,,0.78,1.4,0.0,-1.4
2026-01-16,199550,,0.99,4.9,-0.1,-4.8
2026-01-19,199550,,1.62,1.1,-0.0,-1.0
2026-01-20,199550,,1.76,0.7,0.1,-0.8
2026-01-21,199550,,1.85,-0.5,0.0,0.5
2026-01-22,199550,,1.78,0.5,0.0,-0.5
2026-01-23,199550,,1.84,-0.0,0.0,0.1
2026-01-26,199550,,1.75,1.8,0.0,-1.8
2026-01-27,199550,,1.98,0.1,0.0,-0.1
2026-01-28,199550,,1.98,0.8,0.0,-0.8
2026-01-29,199550,,2.09,0.7,0.0,-0.4
2026-01-30,199550,6260.0,2.17,-0.1,0.0,0.1
2026-02-02,199550,,2.15,1.1,0.0,-1.3
2026-02-03,199550,,2.29,-0.4,0.0,0.2
2026-02-04,199550,,2.23,0.8,0.0,-0.8
2026-02-05,199550,,2.33,0.0,0.1,-0.2
2026-02-06,199550,,2.31,0.4,0.0,-1.0
2026-02-09,199550,,2.31,3.4,1.3,-4.8
2026-02-10,199550,,2.69,-9.6,0.0,10.5
2026-02-11,199550,,1.56,1.2,0.0,-1.2
2026-02-12,199550,,1.08,0.2,0.0,-0.2
2026-02-13,199550,,1.22,-0.4,0.0,0.4
2026-02-19,199550,,1.28,-0.0,,0.0
2026-02-20,199550,,1.27,-0.6,0.0,0.6
2026-02-23,199550,,1.18,0.5,0.0,-0.5
2026-02-24,199550,,1.25,-0.2,0.0,0.2
2026-02-25,199550,,1.24,-0.5,0.0,0.5
2026-02-26,199550,,1.16,-0.5,0.0,0.5
2026-02-27,199550,5440.0,1.1,-0.0,0.0,0.0
2026-03-03,199550,,1.09,0.3,0.0,-0.3
2026-03-04,199550,,1.2,0.3,0.2,-0.5
2026-03-05,199550,,1.24,1.6,-1.4,-0.2
2026-03-06,199550,,1.51,0.0,-0.2,0.1
2026-03-09,199550,,1.52,-0.4,,0.4
2026-03-10,199550,,1.46,-0.2,,0.2
2026-03-11,199550,,1.43,0.0,,-0.0
2026-03-12,199550,,1.43,-0.2,,0.2
2026-03-13,199550,,1.41,-0.1,,0.1
2026-03-16,199550,,1.39,-0.2,,0.2
2026-03-17,199550,,1.35,-0.2,,0.2
2026-03-18,199550,,1.32,-3.0,,3.0
2026-03-19,199550,,0.93,3.3,,-3.2
2026-03-20,199550,,1.36,-0.1,,0.1
2026-03-23,199550,,1.36,-0.4,,0.4
2026-03-24,199550,,1.24,-0.5,,0.5
2026-03-25,199550,,1.21,0.7,,-0.7
2026-03-26,199550,,1.29,0.0,,-0.0
2026-03-27,199550,,1.38,1.0,,-1.0
2026-03-30,199550,,1.55,-0.1,,0.1
2026-03-31,199550,5350.0,1.54,0.6,-0.1,-0.6
2026-04-01,199550,,1.63,1.6,,-1.6
2026-04-02,199550,,1.88,-0.3,,0.3
2026-04-03,199550,,1.83,0.2,0.1,-0.3
2026-04-06,199550,,1.91,0.5,-0.6,0.1
2026-04-07,199550,,1.99,0.9,,-1.0
2026-04-08,199550,,2.16,-0.3,,0.6
2026-04-09,199550,,2.11,-0.2,,0.2
2026-04-10,199550,,2.09,-0.1,,0.1
2026-04-13,199550,,2.08,-0.1,,0.1
2026-04-14,199550,,2.07,0.1,,-0.2
2026-04-15,199550,,2.11,-0.8,,0.5
2026-04-16,199550,,1.97,-0.8,,0.8
2026-04-17,199550,,1.89,-0.3,0.2,0.2
2026-04-20,199550,,1.84,-0.3,,0.4
2026-04-21,199550,,1.79,-0.0,-0.1,0.0
2026-04-22,199550,,1.73,-0.6,-0.1,0.8
2026-04-23,199550,,1.64,0.2,-0.1,-0.1
2026-04-24,199550,,1.68,-0.4,0.1,0.4
2026-04-27,199550,,1.66,-0.5,,0.5
2026-04-28,199550,,1.61,-0.3,,0.3
2026-04-29,199550,,1.54,0.0,,-0.0
2026-04-30,199550,5430.0,1.55,-0.1,,0.1
2026-05-04,199550,,1.53,0.4,,-0.5
2026-05-06,199550,,1.59,-1.2,-0.1,1.7
2026-05-07,199550,,1.41,1.1,-15.2,13.9
2026-05-08,199550,,1.62,2.1,-0.2,-2.1
2026-05-11,199550,,4.43,0.9,-0.0,-1.7
2026-05-12,199550,,4.57,-2.6,0.0,2.7
2026-05-13,199550,,4.24,-0.5,-0.0,0.5
2026-05-14,199550,,4.16,0.3,0.0,-0.2
2026-05-15,199550,,4.21,-3.6,-0.2,3.8
2026-05-18,199550,,3.66,-0.3,-0.0,0.3
2026-05-19,199550,,3.68,0.8,-0.0,-0.8
2026-05-20,199550,,3.76,-0.2,-0.0,0.3
2026-05-21,199550,,3.74,-0.5,0.0,0.5
2026-05-22,199550,,3.68,0.5,-0.0,-0.4
2026-05-26,199550,,3.77,-0.2,-0.0,0.2
2026-05-27,199550,,3.74,-0.9,0.0,0.9
2026-05-28,199550,,3.54,-0.4,-0.1,0.6
2026-05-29,199550,3995.0,3.48,-0.9,0.0,0.9
2026-06-01,199550,,3.34,0.4,-0.1,-0.2
2026-06-02,199550,,3.4,0.8,-0.1,-0.7
2026-06-04,199550,,3.54,-0.0,-0.1,0.1
2026-06-05,199550,,3.43,-0.0,0.0,0.0
2026-06-08,199550,,3.49,-0.2,-0.1,0.3
2026-06-09,199550,,3.45,0.1,0.0,-0.1
2026-06-10,199550,,3.49,-0.1,-0.0,0.0
2026-06-11,199550,,3.48,0.2,-0.0,-0.2
2026-06-12,199550,,3.51,-0.4,0.0,0.4
2026-06-15,199550,,3.45,0.0,-0.0,-0.0
2026-06-16,199550,,3.45,-0.2,0.0,0.2
2026-06-17,199550,,3.38,-0.2,-0.0,0.1
2026-06-18,199550,,3.41,-0.1,0.0,0.1
2026-06-19,199550,,3.4,-0.3,-0.0,0.4
2026-06-22,199550,,3.33,0.1,0.0,-0.1
2026-06-23,199550,,3.34,0.6,-0.0,-0.6
2026-06-24,199550,,3.42,-0.1,0.0,0.1
2026-06-25,199550,,3.37,0.2,-0.0,-0.2
2026-06-26,199550,,3.41,-0.0,-0.0,0.1
2026-06-29,199550,,3.4,0.3,-0.0,-0.4
2026-06-30,199550,3375.0,3.47,-0.1,-0.0,0.1
2026-07-01,199550,,3.44,-0.2,0.1,0.1
2026-07-02,199550,,3.4,0.0,0.0,-0.0
2026-07-03,199550,,3.41,-0.0,-0.0,0.0
2026-07-06,199550,,3.4,0.2,,-0.2
2026-07-07,199550,,3.43,0.5,-0.0,-0.5
2026-07-08,199550,,3.54,0.1,-0.0,-0.1
2026-07-09,199550,,3.57,-0.2,-0.0,0.2
2026-07-10,199550,,3.52,-0.1,0.0,0.0
2026-07-13,199550,2835.0,3.51,-0.2,0.0,0.2
2025-07-14,199730,,2.1,-0.1,,0.1
2025-07-15,199730,,2.09,-0.0,,0.0
2025-07-16,199730,,2.07,-0.2,,0.1
2025-07-17,199730,,2.0,-0.0,,-0.0
2025-07-18,199730,,1.99,0.0,,0.1
2025-07-21,199730,,1.99,-0.0,,0.0
2025-07-22,199730,,1.98,-0.0,,0.0
2025-07-23,199730,,1.98,-0.1,,0.0
2025-07-24,199730,,1.95,-0.0,,-0.0
2025-07-25,199730,,1.94,-0.9,,1.0
2025-07-28,199730,,1.66,-0.0,,0.0
2025-07-29,199730,,1.65,-0.0,,0.0
2025-07-30,199730,,1.64,-0.0,,0.0
2025-07-31,199730,,1.63,0.0,,-0.0
2025-08-01,199730,,1.63,-0.0,,0.0
2025-08-04,199730,,1.62,0.0,,-0.0
2025-08-05,199730,,1.63,0.0,,-0.1
2025-08-06,199730,,1.65,-0.0,,0.0
2025-08-07,199730,,1.65,-0.0,,0.0
2025-08-08,199730,,1.65,-0.0,,0.0
2025-08-11,199730,,1.63,-0.0,,0.0
2025-08-12,199730,,1.62,-0.0,,0.1
2025-08-13,199730,,1.62,-0.0,,0.0
2025-08-14,199730,,1.61,-0.0,,0.0
2025-08-18,199730,,1.6,-0.0,,0.0
2025-08-19,199730,,1.6,0.0,,-0.0
2025-08-20,199730,,1.61,-0.0,,0.0
2025-08-21,199730,,1.6,-0.0,,0.0
2025-08-22,199730,,1.6,-0.0,,0.0
2025-08-25,199730,,1.59,-0.0,,0.1
2025-08-26,199730,,1.59,-0.0,,0.0
2025-08-27,199730,,1.58,-0.0,,0.0
2025-08-28,199730,,1.57,0.0,,-0.0
2025-08-29,199730,5390.0,1.58,0.0,,-0.0
2025-09-01,199730,,1.58,-0.0,,0.0
2025-09-02,199730,,1.58,-0.0,,0.0
2025-09-03,199730,,1.57,0.0,,-0.0
2025-09-04,199730,,1.57,-0.0,,0.0
2025-09-05,199730,,1.57,-0.0,,0.0
2025-09-08,199730,,1.56,-0.1,,0.1
2025-09-09,199730,,1.54,0.0,,-0.0
2025-09-10,199730,,1.54,-0.0,,0.0
2025-09-11,199730,,1.54,-0.0,,0.0
2025-09-12,199730,,1.53,-0.0,,0.0
2025-09-15,199730,,1.52,0.0,,-0.0
2025-09-16,199730,,1.52,-0.0,,0.0
2025-09-17,199730,,1.52,-0.0,,-0.0
2025-09-18,199730,,1.51,-0.0,,0.0
2025-09-19,199730,,1.51,-0.0,,-0.0
2025-09-22,199730,,1.5,-0.0,0.0,0.0
2025-09-23,199730,,1.5,0.0,,0.0
2025-09-24,199730,,1.51,0.0,,0.0
2025-09-25,199730,,1.51,0.0,,-0.0
2025-09-26,199730,,1.51,-0.0,,0.0
2025-09-29,199730,,1.5,0.0,,-0.0
2025-09-30,199730,4995.0,1.5,0.1,,-0.1
2025-10-01,199730,,1.52,-0.0,,0.0
2025-10-02,199730,,1.52,0.0,,0.0
2025-10-10,199730,,1.52,-0.0,,0.0
2025-10-13,199730,,1.52,0.0,,-0.1
2025-10-14,199730,,1.53,-0.0,,0.0
2025-10-15,199730,,1.53,0.0,,-0.0
2025-10-16,199730,,1.54,-0.0,,0.0
2025-10-17,199730,,1.52,0.0,,0.0
2025-10-20,199730,,1.53,-0.0,,0.0
2025-10-21,199730,,1.53,0.0,,-0.0
2025-10-22,199730,,1.54,-0.0,,0.0
2025-10-23,199730,,1.54,-0.0,,0.0
2025-10-24,199730,,1.54,-0.0,,0.0
2025-10-27,199730,,1.54,-0.0,,0.1
2025-10-28,199730,,1.53,-0.1,,0.1
2025-10-29,199730,,1.51,0.0,,-0.0
2025-10-30,199730,,1.51,-0.0,,-0.0
2025-10-31,199730,4745.0,1.51,0.0,,-0.0
2025-11-03,199730,,1.51,-0.0,,0.0
2025-11-04,199730,,1.5,-0.0,,0.1
2025-11-05,199730,,1.49,0.0,,-0.0
2025-11-06,199730,,1.49,0.1,,-0.1
2025-11-07,199730,,1.52,-0.0,,0.0
2025-11-10,199730,,1.51,0.0,,-0.0
2025-11-11,199730,,1.52,0.0,,0.0
2025-11-12,199730,,1.52,0.0,,-0.0
2025-11-13,199730,,1.53,0.0,,-0.0
2025-11-14,199730,,1.53,-0.1,,0.1
2025-11-17,199730,,1.5,0.0,,-0.0
2025-11-18,199730,,1.55,-0.0,-0.0,0.0
2025-11-19,199730,,1.56,-0.0,,0.0
2025-11-20,199730,,1.56,0.0,,-0.1
2025-11-21,199730,,1.58,0.0,-0.0,-0.0
2025-11-24,199730,,1.59,0.0,,-0.0
2025-11-25,199730,,1.6,-0.0,,0.0
2025-11-26,199730,,1.59,-0.0,,0.0
2025-11-27,199730,,1.58,-0.0,,0.0
2025-11-28,199730,4625.0,1.58,0.0,,-0.0
2025-12-01,199730,,1.59,-0.0,,0.0
2025-12-02,199730,,1.57,0.0,,-0.0
2025-12-03,199730,,1.58,0.0,,-0.0
2025-12-04,199730,,1.59,-0.0,,0.0
2025-12-05,199730,,1.58,-0.0,,0.0
2025-12-08,199730,,1.58,-0.0,,0.0
2025-12-09,199730,,1.57,-0.0,,0.0
2025-12-10,199730,,1.57,-0.0,,-0.0
2025-12-11,199730,,1.57,0.0,,-0.0
2025-12-12,199730,,1.57,-0.1,,0.1
2025-12-15,199730,,1.54,0.0,,-0.0
2025-12-16,199730,,1.54,-0.0,,-0.0
2025-12-17,199730,,1.54,0.0,,0.0
2025-12-18,199730,,1.54,0.0,,-0.0
2025-12-19,199730,,1.54,-0.0,,-0.0
2025-12-22,199730,,1.54,-0.1,,0.1
2025-12-23,199730,,1.51,0.0,,0.0
2025-12-24,199730,,1.51,0.0,,-0.0
2025-12-26,199730,,1.55,0.1,,-0.1
2025-12-29,199730,,1.57,-0.0,,0.0
2025-12-30,199730,4730.0,1.57,0.0,,-0.0
2026-01-02,199730,,1.57,-0.0,,0.0
2026-01-05,199730,,1.57,-0.0,,0.0
2026-01-06,199730,,1.57,0.0,,-0.0
2026-01-07,199730,,1.61,-0.0,,0.0
2026-01-08,199730,,1.6,0.2,,-0.2
2026-01-09,199730,,1.67,0.0,,0.0
2026-01-12,199730,,1.68,-0.0,,0.0
2026-01-13,199730,,1.67,0.1,,-0.1
2026-01-14,199730,,1.71,-0.0,,0.0
2026-01-15,199730,,1.71,-0.0,,0.0
2026-01-16,199730,,1.69,-0.0,,0.0
2026-01-19,199730,,1.68,-0.0,,-0.0
2026-01-20,199730,,1.67,-0.0,,0.0
2026-01-21,199730,,1.66,0.0,,-0.0
2026-01-22,199730,,1.66,0.0,,-0.0
2026-01-23,199730,,1.66,-0.0,,0.0
2026-01-26,199730,,1.66,0.0,,-0.0
2026-01-27,199730,,1.68,-0.0,,-0.0
2026-01-28,199730,,1.67,-0.3,,0.3
2026-01-29,199730,,1.56,-0.0,,0.0
2026-01-30,199730,4620.0,1.55,0.1,,-0.1
2026-02-02,199730,,1.58,-0.1,,0.1
2026-02-03,199730,,1.55,0.0,,0.0
2026-02-04,199730,,1.56,-0.0,,0.0
2026-02-05,199730,,1.56,-0.0,,0.0
2026-02-06,199730,,1.56,0.0,,-0.0
2026-02-09,199730,,1.57,-0.0,,0.0
2026-02-10,199730,,1.56,0.0,,-0.0
2026-02-11,199730,,1.56,0.0,,-0.0
2026-02-12,199730,,1.57,-0.0,,0.0
2026-02-13,199730,,1.57,-0.0,,0.0
2026-02-19,199730,,1.57,-0.0,,0.0
2026-02-20,199730,,1.55,0.0,,-0.0
2026-02-23,199730,,1.55,0.0,,-0.0
2026-02-24,199730,,1.56,-0.0,,-0.0
2026-02-25,199730,,1.56,-0.0,,-0.0
2026-02-26,199730,,1.54,0.1,-0.0,-0.1
2026-02-27,199730,4015.0,1.6,-0.1,,0.1
2026-03-03,199730,,1.58,0.1,,-0.1
2026-03-04,199730,,1.64,0.2,,-0.2
2026-03-05,199730,,1.75,0.1,,-0.1
2026-03-06,199730,,1.82,-0.0,,0.0
2026-03-09,199730,,1.81,-0.1,,0.1
2026-03-10,199730,,1.78,-0.0,,0.0
2026-03-11,199730,,1.76,-0.0,,0.0
2026-03-12,199730,,1.76,-0.0,,0.1
2026-03-13,199730,,1.73,0.4,-0.5,0.1
2026-03-16,199730,,1.92,-0.0,,0.0
2026-03-17,199730,,1.91,-0.0,,0.0
2026-03-18,199730,,1.9,-0.1,,0.1
2026-03-19,199730,,1.86,-0.0,,0.0
2026-03-20,199730,,1.85,-0.0,,0.0
2026-03-23,199730,,1.85,0.0,,-0.0
2026-03-24,199730,,1.86,-0.0,,0.0
2026-03-25,199730,,1.85,-0.0,,0.0
2026-03-26,199730,,1.85,0.0,,-0.0
2026-03-27,199730,,1.87,-0.0,,0.0
2026-03-30,199730,,1.86,0.1,,-0.1
2026-03-31,199730,3960.0,1.91,0.1,,-0.1
2026-04-01,199730,,1.94,-0.1,,0.1
2026-04-02,199730,,1.92,-0.0,,0.0
2026-04-03,199730,,1.91,-0.0,,0.0
2026-04-06,199730,,1.9,-0.0,,0.0
2026-04-07,199730,,1.9,-0.0,,0.0
2026-04-08,199730,,1.88,0.1,,-0.1
2026-04-09,199730,,1.91,-0.0,,0.0
2026-04-10,199730,,1.91,0.1,,-0.1
2026-04-13,199730,,1.94,0.2,,-0.2
2026-04-14,199730,,2.02,-0.0,,0.0
2026-04-15,199730,,2.01,0.0,,-0.0
2026-04-16,199730,,1.95,0.0,,-0.0
2026-04-17,199730,,1.97,-0.0,,0.0
2026-04-20,199730,,1.97,0.0,,-0.0
2026-04-21,199730,,1.98,-0.4,,0.4
2026-04-22,199730,,1.81,0.1,-0.0,-0.1
2026-04-23,199730,,1.84,0.0,,-0.0
2026-04-24,199730,,1.84,0.0,,-0.0
2026-04-27,199730,,1.85,-0.0,,0.0
2026-04-28,199730,,1.84,0.0,,-0.1
2026-04-29,199730,,1.87,-0.0,,0.0
2026-04-30,199730,4180.0,1.86,0.0,,-0.0
2026-05-04,199730,,1.87,0.1,,-0.1
2026-05-06,199730,,1.91,0.1,,-0.0
2026-05-07,199730,,1.93,-0.1,,0.1
2026-05-08,199730,,1.91,0.2,,-0.2
2026-05-11,199730,,2.0,0.0,0.0,-0.0
2026-05-12,199730,,2.01,-0.2,0.0,0.2
2026-05-13,199730,,1.92,-0.0,0.0,0.0
2026-05-14,199730,,1.91,-0.0,0.0,0.0
2026-05-15,199730,,1.89,-0.0,0.0,0.0
2026-05-18,199730,,1.88,-0.0,-0.0,0.0
2026-05-19,199730,,1.86,0.0,0.0,0.0
2026-05-20,199730,,1.98,0.0,0.0,-0.0
2026-05-21,199730,,1.97,0.1,0.0,-0.1
2026-05-22,199730,,2.11,0.0,-0.0,-0.0
2026-05-26,199730,,2.11,-0.0,-0.0,0.0
2026-05-27,199730,,1.98,0.1,0.0,-0.1
2026-05-28,199730,,2.01,0.1,-0.4,0.3
2026-05-29,199730,3460.0,2.07,-0.0,0.0,0.0
2026-06-01,199730,,2.05,0.0,-0.0,-0.0
2026-06-02,199730,,2.08,-0.0,-0.0,0.0
2026-06-04,199730,,2.06,-0.0,0.0,0.0
2026-06-05,199730,,2.04,-0.0,-0.0,0.0
2026-06-08,199730,,2.03,-0.1,0.0,0.1
2026-06-09,199730,,1.99,0.0,-0.0,-0.0
2026-06-10,199730,,2.01,0.1,0.0,-0.1
2026-06-11,199730,,2.05,-0.0,-0.1,0.1
2026-06-12,199730,,2.03,0.0,-0.0,-0.1
2026-06-15,199730,,1.98,0.1,-0.1,0.1
2026-06-16,199730,,2.04,-0.0,0.0,0.0
2026-06-17,199730,,2.03,-0.0,-0.0,0.0
2026-06-18,199730,,2.03,0.0,-0.3,0.3
2026-06-19,199730,,2.03,-0.2,0.0,0.2
2026-06-22,199730,,1.87,0.1,0.0,-0.1
2026-06-23,199730,,1.93,0.0,-0.0,0.1
2026-06-24,199730,,1.96,-0.0,-0.0,0.0
2026-06-25,199730,,1.94,0.0,0.0,-0.0
2026-06-26,199730,,1.95,0.0,-0.0,0.0
2026-06-29,199730,,1.96,0.0,-0.0,-0.0
2026-06-30,199730,2300.0,1.97,0.1,-0.0,-0.1
2026-07-01,199730,,2.02,0.1,0.0,-0.1
2026-07-02,199730,,2.1,0.1,-0.0,-0.1
2026-07-03,199730,,2.2,-0.0,0.0,-0.0
2026-07-06,199730,,2.2,0.0,-0.0,-0.0
2026-07-07,199730,,2.21,-0.0,0.0,0.0
2026-07-08,199730,,2.18,0.0,0.0,-0.0
2026-07-09,199730,,2.2,0.1,0.0,-0.1
2026-07-10,199730,,2.3,0.0,-0.0,-0.0
2026-07-13,199730,1805.0,2.34,0.1,,-0.1
2025-07-14,199800,,0.96,-0.3,-0.0,0.3
2025-07-15,199800,,0.95,-0.2,-0.1,0.3
2025-07-16,199800,,0.96,-0.0,-0.1,0.0
2025-07-17,199800,,0.97,2.5,-0.2,-2.3
2025-07-18,199800,,1.11,0.3,-0.1,-0.2
2025-07-21,199800,,1.15,0.5,0.0,-0.6
2025-07-22,199800,,1.17,-0.3,0.0,0.3
2025-07-23,199800,,1.13,-0.6,0.1,0.6
2025-07-24,199800,,1.1,-0.0,0.1,-0.1
2025-07-25,199800,,1.08,-1.3,0.0,1.3
2025-07-28,199800,,1.02,-1.0,0.0,1.0
2025-07-29,199800,,0.98,-1.6,0.0,1.6
2025-07-30,199800,,0.91,-0.9,0.0,0.9
2025-07-31,199800,,0.86,-0.6,-0.0,0.6
2025-08-01,199800,,0.83,-2.4,0.1,2.4
2025-08-04,199800,,0.71,-0.3,0.0,0.3
2025-08-05,199800,,0.69,0.3,-0.0,-0.2
2025-08-06,199800,,0.71,0.7,0.0,-0.7
2025-08-07,199800,,0.74,-0.0,0.1,-0.0
2025-08-08,199800,,0.74,0.6,0.0,-0.6
2025-08-11,199800,,0.75,0.6,-0.0,-0.6
2025-08-12,199800,,0.77,1.2,-0.0,-1.2
2025-08-13,199800,,0.83,1.8,-0.0,-1.7
2025-08-14,199800,,0.93,3.5,0.2,-1.1
2025-08-18,199800,,1.09,-1.2,0.4,0.9
2025-08-19,199800,,1.05,-0.3,0.0,0.2
2025-08-20,199800,,1.02,-0.6,0.0,0.6
2025-08-21,199800,,0.99,-0.2,0.0,0.2
2025-08-22,199800,,0.97,0.7,0.0,-0.8
2025-08-25,199800,,1.01,-0.1,0.0,0.1
2025-08-26,199800,,1.06,0.5,-0.0,-0.5
2025-08-27,199800,,1.09,-0.1,0.0,0.1
2025-08-28,199800,,1.09,-0.1,0.0,0.8
2025-08-29,199800,33000.0,1.09,4.1,-0.2,-2.8
2025-09-01,199800,,1.32,-0.9,0.3,0.9
2025-09-02,199800,,1.21,0.5,0.0,0.7
2025-09-03,199800,,1.23,1.3,-0.2,-0.3
2025-09-04,199800,,1.3,-3.6,-0.1,3.1
2025-09-05,199800,,1.17,-0.1,0.0,0.4
2025-09-08,199800,,1.13,-1.1,0.0,1.2
2025-09-09,199800,,1.05,0.4,0.1,-0.6
2025-09-10,199800,,1.06,-4.3,-0.2,6.7
2025-09-11,199800,,0.9,1.4,-5.7,3.0
2025-09-12,199800,,0.97,-0.6,-0.6,3.2
2025-09-15,199800,,0.98,-3.1,-0.5,3.4
2025-09-16,199800,,0.86,-0.4,-0.4,0.8
2025-09-17,199800,,0.83,2.2,-2.3,0.1
2025-09-18,199800,,0.88,5.5,-12.9,7.3
2025-09-19,199800,,1.02,-0.3,-0.4,0.7
2025-09-22,199800,,1.03,-1.5,-1.9,3.4
2025-09-23,199800,,0.97,-3.3,-0.3,3.6
2025-09-24,199800,,0.85,-0.3,-0.4,0.8
2025-09-25,199800,,0.84,5.5,-13.7,8.1
2025-09-26,199800,,1.03,0.4,-0.4,0.5
2025-09-29,199800,,1.0,-3.0,-27.4,29.4
2025-09-30,199800,53100.0,0.85,-18.5,-20.4,38.4
2025-10-01,199800,,0.41,-0.8,-0.0,0.6
2025-10-02,199800,,0.43,-1.4,-3.0,5.7
2025-10-10,199800,,0.42,-8.5,0.9,13.6
2025-10-13,199800,,0.41,-5.4,-0.2,10.2
2025-10-14,199800,,0.32,-3.8,-1.1,3.6
2025-10-15,199800,,0.32,-1.1,-4.6,5.3
2025-10-16,199800,,0.42,12.1,0.2,-15.6
2025-10-17,199800,,0.69,4.4,0.0,-3.8
2025-10-20,199800,,0.78,-2.6,-1.0,4.5
2025-10-21,199800,,1.01,-13.7,-1.4,13.6
2025-10-22,199800,,0.72,-3.5,-0.6,4.1
2025-10-23,199800,,0.63,-10.3,-0.1,9.6
2025-10-24,199800,,0.43,-2.2,0.8,1.4
2025-10-27,199800,,0.39,9.2,-17.6,8.2
2025-10-28,199800,,0.62,-4.4,-0.0,4.2
2025-10-29,199800,,0.49,-3.1,0.4,2.3
2025-10-30,199800,,0.43,-1.3,,1.2
2025-10-31,199800,58000.0,0.29,1.3,-0.0,-1.3
2025-11-03,199800,,0.46,-3.9,0.0,4.0
2025-11-04,199800,,0.37,0.1,,0.4
2025-11-05,199800,,0.36,-10.3,-0.6,12.0
2025-11-06,199800,,0.17,-4.1,0.1,5.7
2025-11-07,199800,,0.04,-1.0,0.7,0.4
2025-11-10,199800,,0.03,-7.7,0.0,3.9
2025-11-11,199800,,0.0,0.6,0.0,-2.8
2025-11-12,199800,,0.06,-0.8,-1.3,-6.8
2025-11-13,199800,,0.11,-0.8,-0.7,1.1
2025-11-14,199800,,0.06,-0.3,0.0,-0.4
2025-11-17,199800,,0.03,0.8,-1.2,0.3
2025-11-18,199800,,0.09,3.0,-7.7,5.1
2025-11-19,199800,,0.11,-10.0,-2.0,12.2
2025-11-20,199800,,0.13,7.7,-2.2,-8.7
2025-11-21,199800,,0.38,-2.0,0.0,2.0
2025-11-24,199800,,0.37,0.4,-0.0,-0.5
2025-11-25,199800,,0.25,-2.5,-1.2,3.5
2025-11-26,199800,,0.18,6.3,-8.3,-0.3
2025-11-27,199800,,0.35,2.9,,-2.9
2025-11-28,199800,57000.0,0.39,4.3,-1.1,-2.8
2025-12-01,199800,,0.45,1.4,0.0,-1.5
2025-12-02,199800,,0.52,1.1,-0.0,-1.1
2025-12-03,199800,,0.55,-1.4,-4.7,5.7
2025-12-04,199800,,0.49,-2.5,0.0,2.2
2025-12-05,199800,,0.42,-1.5,-6.0,7.5
2025-12-08,199800,,0.36,-2.4,-3.9,6.3
2025-12-09,199800,,0.32,3.2,-4.9,1.7
2025-12-10,199800,,0.39,-1.6,-1.0,2.6
2025-12-11,199800,,0.36,4.4,-5.4,0.8
2025-12-12,199800,,0.44,11.8,-10.0,-1.8
2025-12-15,199800,,0.72,0.0,-2.7,2.6
2025-12-16,199800,,0.73,5.6,-2.4,-3.3
2025-12-17,199800,,0.96,0.6,-2.4,1.9
2025-12-18,199800,,0.61,1.0,-2.5,-11.4
2025-12-19,199800,,0.63,-0.9,-2.5,-8.8
2025-12-22,199800,,0.65,-2.4,-0.6,3.1
2025-12-23,199800,,0.58,0.2,0.0,-0.0
2025-12-24,199800,,0.59,0.2,0.1,-0.0
2025-12-26,199800,,0.61,11.5,-0.5,-16.2
2025-12-29,199800,,1.03,-4.9,-2.0,7.0
2025-12-30,199800,58600.0,0.97,-13.7,4.3,12.0
2026-01-02,199800,,0.62,3.5,-0.5,-5.6
2026-01-05,199800,,0.58,-3.2,-2.0,1.1
2026-01-06,199800,,0.61,-16.5,-3.7,19.8
2026-01-07,199800,,0.43,-0.3,-0.3,0.9
2026-01-08,199800,,0.43,-0.7,0.6,0.1
2026-01-09,199800,,0.42,1.2,0.3,-1.5
2026-01-12,199800,,0.45,3.0,-0.5,-0.5
2026-01-13,199800,,0.62,1.0,-0.1,1.3
2026-01-14,199800,,0.63,0.9,-0.2,0.8
2026-01-15,199800,,0.63,-0.2,0.1,1.1
2026-01-16,199800,,0.65,2.0,-0.1,1.5
2026-01-19,199800,,0.67,2.4,-0.4,-2.0
2026-01-20,199800,,0.72,0.3,-2.2,2.2
2026-01-21,199800,,0.72,3.4,0.1,-3.9
2026-01-22,199800,,0.8,2.8,-1.0,-1.6
2026-01-23,199800,,0.86,1.3,0.5,-1.1
2026-01-26,199800,,0.88,3.9,0.7,-3.3
2026-01-27,199800,,0.94,0.6,0.1,1.3
2026-01-28,199800,,0.97,-0.2,0.2,1.7
2026-01-29,199800,,0.94,5.1,0.1,-3.2
2026-01-30,199800,60700.0,1.07,-1.1,-0.5,1.9
2026-02-02,199800,,1.04,-1.4,-2.0,3.5
2026-02-03,199800,,1.01,-3.8,-0.1,3.9
2026-02-04,199800,,0.91,1.3,-1.2,-0.1
2026-02-05,199800,,0.59,-0.5,-1.9,2.4
2026-02-06,199800,,0.58,-1.7,1.1,0.7
2026-02-09,199800,,0.52,1.3,-0.0,-1.3
2026-02-10,199800,,0.54,1.7,0.3,-2.1
2026-02-11,199800,,0.57,-1.9,-0.3,3.0
2026-02-12,199800,,0.53,1.2,0.1,-0.6
2026-02-13,199800,,0.56,0.0,-0.4,1.2
2026-02-19,199800,,0.55,3.4,-0.6,0.2
2026-02-20,199800,,0.64,0.2,0.4,-0.1
2026-02-23,199800,,0.67,0.2,-0.1,-0.2
2026-02-24,199800,,0.57,-0.1,0.0,0.0
2026-02-25,199800,,0.58,4.8,-0.1,-4.8
2026-02-26,199800,,0.69,1.7,0.5,-2.2
2026-02-27,199800,49200.0,0.73,0.1,-0.4,0.3
2026-03-03,199800,,0.63,2.3,0.5,-2.8
2026-03-04,199800,,0.69,4.2,-0.0,-4.1
2026-03-05,199800,,0.82,5.0,-0.4,-4.5
2026-03-06,199800,,0.94,1.3,-0.4,-0.8
2026-03-09,199800,,0.97,-2.0,-0.0,2.1
2026-03-10,199800,,0.93,2.8,-1.1,-2.7
2026-03-11,199800,,0.88,0.5,-1.2,-0.0
2026-03-12,199800,,0.9,-0.8,-0.5,1.2
2026-03-13,199800,,0.88,0.6,-0.2,-0.4
2026-03-16,199800,,0.91,-1.6,-0.3,1.7
2026-03-17,199800,,0.88,1.4,-0.0,-1.8
2026-03-18,199800,,0.92,0.8,0.4,-1.5
2026-03-19,199800,,0.8,-2.2,-0.4,2.4
2026-03-20,199800,,0.74,1.0,0.1,-1.1
2026-03-23,199800,,0.78,-1.7,0.2,1.6
2026-03-24,199800,,0.72,3.2,-0.3,-2.9
2026-03-25,199800,,0.81,1.7,0.3,-2.0
2026-03-26,199800,,0.85,-0.5,0.5,-0.2
2026-03-27,199800,,0.84,-32.9,0.4,34.4
2026-03-30,199800,,0.17,-10.8,-2.6,11.3
2026-03-31,199800,53800.0,0.0,-1.2,1.3,1.3
2026-04-01,199800,,0.0,-0.6,0.0,0.4
2026-04-02,199800,,0.02,-1.8,-2.0,3.2
2026-04-03,199800,,0.3,-1.4,-0.0,1.4
2026-04-06,199800,,0.34,-3.5,0.3,3.2
2026-04-07,199800,,0.38,-1.7,-0.3,2.0
2026-04-08,199800,,0.35,-2.9,-0.0,2.8
2026-04-09,199800,,0.29,2.6,0.7,-3.5
2026-04-10,199800,,0.39,6.1,-0.5,-6.6
2026-04-13,199800,,0.51,10.7,-2.3,-8.4
2026-04-14,199800,,1.04,8.8,-0.5,-8.4
2026-04-15,199800,,1.32,25.0,-0.2,-25.7
2026-04-16,199800,,1.86,21.1,-1.6,-20.3
2026-04-17,199800,,2.05,-2.0,-0.2,3.4
2026-04-20,199800,,1.96,8.2,-0.1,-7.9
2026-04-21,199800,,2.06,1.7,0.2,17.3
2026-04-22,199800,,1.54,-13.2,-0.2,14.5
2026-04-23,199800,,1.38,5.6,0.0,-5.9
2026-04-24,199800,,1.49,-0.5,-0.0,0.1
2026-04-27,199800,,1.64,-6.2,0.0,6.7
2026-04-28,199800,,1.54,10.4,0.3,-11.0
2026-04-29,199800,,1.7,-16.7,-0.3,16.3
2026-04-30,199800,83500.0,1.23,-0.1,0.0,-1.6
2026-05-04,199800,,1.22,-0.1,-0.2,-0.1
2026-05-06,199800,,1.25,33.6,4.3,6.7
2026-05-07,199800,,1.61,9.0,-5.7,-3.9
2026-05-08,199800,,1.65,-2.8,0.9,2.1
2026-05-11,199800,,1.56,2.6,10.1,-11.4
2026-05-12,199800,,1.45,-6.7,3.0,-0.6
2026-05-13,199800,,1.3,-2.2,-0.9,0.8
2026-05-14,199800,,1.27,0.8,-0.8,-2.0
2026-05-15,199800,,1.28,15.7,-6.7,-9.7
2026-05-18,199800,,1.43,15.7,1.5,-17.7
2026-05-19,199800,,1.77,25.8,-0.8,-12.9
2026-05-20,199800,,2.26,3.7,-0.1,-2.8
2026-05-21,199800,,2.34,-2.9,-0.8,2.0
2026-05-22,199800,,2.23,10.1,-0.9,-9.9
2026-05-26,199800,,2.43,-4.1,-1.0,4.4
2026-05-27,199800,,2.35,-12.7,-0.0,13.4
2026-05-28,199800,,2.09,5.0,-0.7,-4.8
2026-05-29,199800,48100.0,2.22,9.5,-1.2,-8.9
2026-06-01,199800,,2.72,0.4,0.4,-0.9
2026-06-02,199800,,2.8,-5.2,0.0,5.3
2026-06-04,199800,,2.63,-3.2,-0.4,3.6
2026-06-05,199800,,2.54,0.5,-0.0,-0.6
2026-06-08,199800,,2.65,-2.4,0.0,4.7
2026-06-09,199800,,2.55,0.9,0.0,-1.7
2026-06-10,199800,,2.77,1.1,0.0,-0.3
2026-06-11,199800,,2.81,-0.3,-0.0,1.2
2026-06-12,199800,,2.79,-0.3,0.3,0.7
2026-06-15,199800,,2.76,-1.5,-0.3,3.2
2026-06-16,199800,,2.7,0.3,0.0,0.3
2026-06-17,199800,,2.63,-22.8,0.9,23.1
2026-06-18,199800,,2.06,-7.3,-0.7,8.1
2026-06-19,199800,,1.83,-3.3,-0.2,3.9
2026-06-22,199800,,1.75,-1.4,-0.0,1.5
2026-06-23,199800,,1.71,-2.6,0.3,2.3
2026-06-24,199800,,1.65,-3.0,-1.0,4.3
2026-06-25,199800,,1.58,-6.8,-0.1,6.8
2026-06-26,199800,,1.36,-2.1,0.0,2.2
2026-06-29,199800,,1.28,9.0,0.1,-9.2
2026-06-30,199800,37250.0,1.51,1.4,0.7,-2.1
2026-07-01,199800,,1.58,4.7,-0.4,-4.1
2026-07-02,199800,,1.72,-1.7,0.6,1.0
2026-07-03,199800,,1.64,2.0,-0.0,-1.9
2026-07-06,199800,,1.76,1.4,-0.3,-0.8
2026-07-07,199800,,1.83,0.9,-0.1,-0.9
2026-07-08,199800,,1.9,1.8,0.5,-1.9
2026-07-09,199800,,1.97,1.0,-0.5,-0.5
2026-07-10,199800,,2.11,2.1,-0.0,-2.0
2026-07-13,199800,42250.0,2.15,-4.9,0.0,5.0
2025-07-14,199820,,0.4,-2.8,0.1,2.5
2025-07-15,199820,,0.34,-4.0,0.1,2.2
2025-07-16,199820,,0.5,7.9,0.1,-19.0
2025-07-17,199820,,0.8,-1.4,0.1,0.8
2025-07-18,199820,,0.65,-13.6,-0.0,14.4
2025-07-21,199820,,0.42,-2.0,1.5,0.1
2025-07-22,199820,,0.39,-8.1,0.4,7.5
2025-07-23,199820,,0.31,1.0,0.6,-1.8
2025-07-24,199820,,0.58,-4.8,-0.1,5.4
2025-07-25,199820,,0.31,-0.8,0.2,1.1
2025-07-28,199820,,0.25,1.5,0.6,-2.2
2025-07-29,199820,,0.4,5.4,0.5,-5.9
2025-07-30,199820,,0.62,-6.5,0.1,6.6
2025-07-31,199820,,0.35,7.0,0.3,-7.4
2025-08-01,199820,,0.61,5.1,0.3,-5.4
2025-08-04,199820,,0.88,2.3,0.5,-2.7
2025-08-05,199820,,0.97,-8.2,0.1,8.7
2025-08-06,199820,,0.65,0.7,-0.2,-0.6
2025-08-07,199820,,0.7,-3.1,0.0,3.5
2025-08-08,199820,,0.57,-2.1,0.2,1.9
2025-08-11,199820,,0.49,-1.5,0.1,1.4
2025-08-12,199820,,0.41,-0.6,-0.2,0.8
2025-08-13,199820,,0.38,3.0,-1.0,-1.9
2025-08-14,199820,,0.55,2.0,-1.3,-0.7
2025-08-18,199820,,0.67,3.8,-0.0,-3.8
2025-08-19,199820,,0.9,8.1,-0.4,-7.7
2025-08-20,199820,,1.21,6.1,-0.0,-6.2
2025-08-21,199820,,1.49,3.5,0.2,-3.7
2025-08-22,199820,,1.64,-4.5,-0.1,4.5
2025-08-25,199820,,1.41,-0.6,-4.4,5.0
2025-08-26,199820,,1.39,0.9,-0.1,-0.7
2025-08-27,199820,,1.44,-3.0,-0.1,3.0
2025-08-28,199820,,1.3,0.9,-0.0,-1.0
2025-08-29,199820,9850.0,1.35,-3.7,-0.0,3.7
2025-09-01,199820,,1.18,-3.9,-0.0,3.9
2025-09-02,199820,,1.01,-0.9,0.0,0.9
2025-09-03,199820,,0.96,-1.2,0.0,1.2
2025-09-04,199820,,0.91,-2.0,-0.0,2.0
2025-09-05,199820,,0.6,0.2,-0.0,-0.2
2025-09-08,199820,,0.63,2.9,0.0,-2.9
2025-09-09,199820,,0.76,1.0,-0.0,-0.9
2025-09-10,199820,,0.81,6.8,0.5,-8.0
2025-09-11,199820,,1.1,-6.5,-0.2,6.6
2025-09-12,199820,,0.83,-3.4,-0.1,2.9
2025-09-15,199820,,0.69,-0.7,-0.1,0.7
2025-09-16,199820,,0.66,-0.9,-0.1,1.0
2025-09-17,199820,,0.62,0.8,0.0,-0.8
2025-09-18,199820,,0.66,0.7,0.1,-0.7
2025-09-19,199820,,0.69,-1.2,-0.0,1.2
2025-09-22,199820,,0.64,0.3,0.0,-0.3
2025-09-23,199820,,0.65,-2.6,-0.1,2.6
2025-09-24,199820,,0.55,-0.7,0.0,0.7
2025-09-25,199820,,0.52,-0.2,0.0,-0.1
2025-09-26,199820,,0.51,-1.8,0.1,2.0
2025-09-29,199820,,0.42,0.7,0.0,-0.8
2025-09-30,199820,9660.0,0.46,1.1,0.0,-1.2
2025-10-01,199820,,0.51,-1.0,0.0,1.0
2025-10-02,199820,,0.53,2.6,0.0,-3.3
2025-10-10,199820,,0.63,6.0,0.0,-6.0
2025-10-13,199820,,0.9,3.3,0.0,-3.2
2025-10-14,199820,,1.09,3.6,0.3,-3.9
2025-10-15,199820,,1.24,5.8,-0.0,-5.5
2025-10-16,199820,,1.48,-2.5,-0.2,2.4
2025-10-17,199820,,1.39,-3.3,-0.3,3.5
2025-10-20,199820,,1.23,2.1,0.0,-2.0
2025-10-21,199820,,1.32,-1.9,0.0,1.9
2025-10-22,199820,,1.24,3.5,0.0,-3.6
2025-10-23,199820,,1.39,-9.8,-0.1,10.1
2025-10-24,199820,,1.0,-3.6,-0.0,3.6
2025-10-27,199820,,0.85,1.4,0.1,-1.4
2025-10-28,199820,,0.91,-2.5,0.2,2.3
2025-10-29,199820,,0.79,11.0,-0.0,-11.4
2025-10-30,199820,,1.22,-6.5,0.1,6.5
2025-10-31,199820,11130.0,0.96,0.9,0.1,-1.1
2025-11-03,199820,,1.0,4.8,0.1,-4.9
2025-11-04,199820,,1.17,-8.0,0.0,7.9
2025-11-05,199820,,0.85,4.4,0.1,-4.1
2025-11-06,199820,,1.04,7.0,0.1,-7.2
2025-11-07,199820,,1.32,-3.7,0.1,3.5
2025-11-10,199820,,1.16,1.9,0.0,-1.9
2025-11-11,199820,,1.24,-7.0,0.0,7.0
2025-11-12,199820,,0.94,1.8,0.0,-1.8
2025-11-13,199820,,1.02,-0.6,0.0,0.5
2025-11-14,199820,,1.0,-2.0,0.1,1.8
2025-11-17,199820,,0.91,-0.0,-0.2,0.2
2025-11-18,199820,,0.92,2.4,-0.0,-2.5
2025-11-19,199820,,1.04,2.8,-0.1,-2.8
2025-11-20,199820,,1.18,3.7,0.1,-3.9
2025-11-21,199820,,1.35,-4.2,-0.1,4.1
2025-11-24,199820,,1.14,0.5,0.0,-0.6
2025-11-25,199820,,1.16,-1.1,-0.0,1.1
2025-11-26,199820,,1.12,1.5,0.0,-1.5
2025-11-27,199820,,1.19,0.7,0.0,-0.5
2025-11-28,199820,9560.0,1.23,1.3,0.0,-1.3
2025-12-01,199820,,1.29,-1.4,0.0,1.4
2025-12-02,199820,,1.18,6.1,-0.4,-5.0
2025-12-03,199820,,1.47,2.3,0.2,-2.4
2025-12-04,199820,,1.58,-2.7,-0.0,2.8
2025-12-05,199820,,1.45,2.9,-0.2,-2.7
2025-12-08,199820,,1.59,0.2,-0.0,-0.2
2025-12-09,199820,,1.6,-0.4,0.0,0.4
2025-12-10,199820,,1.58,0.5,0.0,1.2
2025-12-11,199820,,1.61,-0.0,-0.0,0.0
2025-12-12,199820,,1.61,5.2,-1.1,-4.1
2025-12-15,199820,,1.86,-2.0,-0.3,2.2
2025-12-16,199820,,1.7,-3.0,0.0,3.0
2025-12-17,199820,,1.55,-1.4,0.0,1.4
2025-12-18,199820,,1.39,-0.5,-0.2,0.7
2025-12-19,199820,,1.31,2.3,0.0,-2.3
2025-12-22,199820,,1.43,2.8,0.0,-2.8
2025-12-23,199820,,1.57,-1.9,0.0,1.9
2025-12-24,199820,,1.48,-0.4,0.0,0.4
2025-12-26,199820,,1.47,-0.6,0.0,0.6
2025-12-29,199820,,1.46,-13.1,-0.0,12.9
2025-12-30,199820,9680.0,0.91,1.3,0.1,-1.5
2026-01-02,199820,,0.94,2.5,-0.0,-3.0
2026-01-05,199820,,1.05,-1.6,-0.0,1.6
2026-01-06,199820,,0.93,-8.6,-0.2,8.3
2026-01-07,199820,,0.5,1.5,-0.0,-1.1
2026-01-08,199820,,0.57,0.5,-0.0,-0.1
2026-01-09,199820,,0.6,1.6,-0.0,-1.6
2026-01-12,199820,,0.7,1.5,-0.0,-2.0
2026-01-13,199820,,0.77,-2.1,-0.0,2.2
2026-01-14,199820,,0.72,-1.9,-0.0,1.7
2026-01-15,199820,,0.64,1.9,-0.0,-1.9
2026-01-16,199820,,0.72,-0.7,-0.0,1.2
2026-01-19,199820,,0.72,3.0,-0.0,-2.7
2026-01-20,199820,,0.87,9.0,-0.0,-9.5
2026-01-21,199820,,1.28,-3.3,-0.0,3.9
2026-01-22,199820,,1.1,-4.3,-0.0,4.3
2026-01-23,199820,,0.83,1.0,-0.0,-1.0
2026-01-26,199820,,0.86,2.2,-0.0,-2.1
2026-01-27,199820,,0.96,-2.6,-0.0,2.6
2026-01-28,199820,,0.84,3.7,-0.2,-3.5
2026-01-29,199820,,1.0,5.9,-0.0,-5.3
2026-01-30,199820,10240.0,1.26,-10.4,0.2,8.9
2026-02-02,199820,,0.87,-3.7,-0.1,4.0
2026-02-03,199820,,0.7,10.4,0.0,-10.1
2026-02-04,199820,,1.16,-0.6,-0.1,1.1
2026-02-05,199820,,1.15,-5.8,0.0,5.5
2026-02-06,199820,,0.9,-0.2,0.0,0.1
2026-02-09,199820,,0.89,15.4,-0.0,-15.4
2026-02-10,199820,,1.52,-0.7,-0.1,0.7
2026-02-11,199820,,1.49,-19.7,0.1,20.4
2026-02-12,199820,,0.66,-3.3,0.0,3.2
2026-02-13,199820,,0.63,8.3,0.0,-8.9
2026-02-19,199820,,0.98,-3.9,-0.0,3.9
2026-02-20,199820,,0.82,2.2,-0.0,-1.3
2026-02-23,199820,,0.8,-1.7,0.2,2.1
2026-02-24,199820,,0.69,-1.7,0.0,1.7
2026-02-25,199820,,0.64,-3.1,0.0,3.0
2026-02-26,199820,,0.58,2.1,0.0,-2.2
2026-02-27,199820,10610.0,0.67,3.7,0.0,-5.1
2026-03-03,199820,,0.83,1.6,-0.2,-1.4
2026-03-04,199820,,0.9,3.4,-0.0,-3.5
2026-03-05,199820,,1.08,8.2,0.0,-8.8
2026-03-06,199820,,1.48,1.7,0.0,-1.7
2026-03-09,199820,,1.56,-3.1,0.0,3.0
2026-03-10,199820,,1.41,7.6,-0.0,-7.5
2026-03-11,199820,,1.75,2.6,0.2,-2.8
2026-03-12,199820,,1.83,-1.8,0.0,1.8
2026-03-13,199820,,1.76,1.8,0.1,-2.2
2026-03-16,199820,,1.83,-3.9,-0.2,4.0
2026-03-17,199820,,1.66,25.4,0.0,-24.4
2026-03-18,199820,,2.66,-13.1,-0.0,11.8
2026-03-19,199820,,2.24,-12.4,0.3,12.9
2026-03-20,199820,,1.88,5.4,-0.1,-5.1
2026-03-23,199820,,1.91,2.8,0.1,-2.9
2026-03-24,199820,,1.93,5.3,0.3,-5.6
2026-03-25,199820,,2.13,10.2,-0.1,-10.1
2026-03-26,199820,,2.55,0.3,0.0,-0.4
2026-03-27,199820,,2.57,-6.8,0.0,6.7
2026-03-30,199820,,2.29,0.2,0.4,-0.7
2026-03-31,199820,10140.0,2.3,-0.1,0.0,0.1
2026-04-01,199820,,2.29,6.1,-0.2,-5.9
2026-04-02,199820,,2.58,-11.3,0.4,10.4
2026-04-03,199820,,2.09,5.6,0.2,-5.9
2026-04-06,199820,,2.33,-2.7,0.1,2.6
2026-04-07,199820,,2.21,-0.4,0.0,0.4
2026-04-08,199820,,2.19,9.5,0.0,-9.5
2026-04-09,199820,,2.61,-4.0,0.0,4.0
2026-04-10,199820,,2.43,0.9,0.0,-1.0
2026-04-13,199820,,2.48,0.3,0.0,-0.3
2026-04-14,199820,,2.49,2.2,-0.1,-2.2
2026-04-15,199820,,2.58,-8.4,-0.6,9.9
2026-04-16,199820,,2.27,4.0,-0.0,-3.6
2026-04-17,199820,,2.43,1.7,-0.0,-2.1
2026-04-20,199820,,2.5,2.3,0.0,-2.3
2026-04-21,199820,,2.6,-3.3,0.0,3.2
2026-04-22,199820,,2.46,-16.3,0.1,16.6
2026-04-23,199820,,1.85,-0.4,0.0,0.4
2026-04-24,199820,,1.84,22.6,0.1,-23.8
2026-04-27,199820,,2.69,-20.5,2.1,19.4
2026-04-28,199820,,1.88,-6.5,0.1,6.9
2026-04-29,199820,,1.67,4.3,0.9,-174.4
2026-04-30,199820,17260.0,1.86,-5.3,0.5,175.2
2026-05-04,199820,,1.71,-26.7,0.1,22.8
2026-05-06,199820,,1.14,0.1,0.1,-9.8
2026-05-07,199820,,1.02,24.3,-2.0,-16.1
2026-05-08,199820,,1.55,-10.5,0.1,12.7
2026-05-11,199820,,1.34,1.7,-0.3,-0.9
2026-05-12,199820,,1.44,-22.0,0.6,20.1
2026-05-13,199820,,1.06,-4.8,-1.2,5.7
2026-05-14,199820,,1.03,3.5,-0.0,-3.1
2026-05-15,199820,,1.14,17.3,-0.2,-18.8
2026-05-18,199820,,1.66,17.7,0.3,-17.1
2026-05-19,199820,,2.25,1.4,-0.0,-0.5
2026-05-20,199820,,2.27,16.0,0.2,-17.5
2026-05-21,199820,,2.82,-1.5,0.3,1.8
2026-05-22,199820,,2.78,-5.5,-0.7,6.2
2026-05-26,199820,,2.61,2.1,-0.0,-2.1
2026-05-27,199820,,2.67,9.6,0.2,-10.3
2026-05-28,199820,,3.02,18.9,-0.0,-17.3
2026-05-29,199820,11800.0,3.72,2.9,-0.0,-3.0
2026-06-01,199820,,3.82,8.8,-0.1,-7.5
2026-06-02,199820,,4.16,9.7,-0.0,-9.3
2026-06-04,199820,,4.56,-8.4,-0.0,8.4
2026-06-05,199820,,4.22,2.5,-0.0,-2.5
2026-06-08,199820,,4.33,4.2,-0.0,-4.4
2026-06-09,199820,,4.52,5.6,-0.0,-5.5
2026-06-10,199820,,4.79,-2.5,-0.0,2.4
2026-06-11,199820,,4.68,0.0,-0.0,-0.1
2026-06-12,199820,,4.68,0.9,-0.0,-0.6
2026-06-15,199820,,4.72,-5.3,0.0,5.3
2026-06-16,199820,,4.48,0.0,0.0,-0.6
2026-06-17,199820,,4.48,-10.2,-0.3,10.4
2026-06-18,199820,,4.04,-3.6,-0.0,3.8
2026-06-19,199820,,3.89,3.3,-0.3,-2.9
2026-06-22,199820,,4.05,1.5,0.0,-1.6
2026-06-23,199820,,4.12,2.4,-0.0,-2.5
2026-06-24,199820,,4.25,1.6,0.0,-1.6
2026-06-25,199820,,4.33,1.2,-0.1,-1.1
2026-06-26,199820,,4.4,4.6,-0.0,-4.6
2026-06-29,199820,,4.68,2.4,0.0,-2.4
2026-06-30,199820,8180.0,4.81,-5.3,0.0,5.2
2026-07-01,199820,,4.53,-5.9,-0.0,5.4
2026-07-02,199820,,4.2,-3.0,-0.2,3.1
2026-07-03,199820,,4.11,-1.0,-0.1,1.4
2026-07-06,199820,,4.05,-0.7,-0.0,0.8
2026-07-07,199820,,4.01,-1.9,-0.0,2.7
2026-07-08,199820,,3.9,1.1,0.0,-1.1
2026-07-09,199820,,3.97,1.0,0.0,-1.0
2026-07-10,199820,,4.03,5.0,-0.0,-4.9
2026-07-13,199820,7110.0,4.32,-5.9,0.0,5.9
